{
  "report_version": "unknown",
  "report_timestamp": "2025-03-26T22:06:53.728Z",
  "target_language": "java",
  "report_summary": {
    "additional": null,
    "amount_classes_or_interfaces_with_data_clumps": 5,
    "amount_files_with_data_clumps": 5,
    "amount_methods_with_data_clumps": 3,
    "fields_to_fields_data_clump": 4,
    "parameters_to_fields_data_clump": 0,
    "parameters_to_parameters_data_clump": 6,
    "amount_data_clumps": 10
  },
  "project_info": {
    "project_url": "unknown_project_url",
    "project_name": "_9ItTwHPoEeqHBZyMlFJVZw",
    "project_version": "unknown_project_version",
    "project_commit_hash": "unknown",
    "project_tag": null,
    "project_commit_date": null,
    "additional": {},
    "number_of_files": 33,
    "number_of_classes_or_interfaces": 33,
    "number_of_methods": 107,
    "number_of_data_fields": 85,
    "number_of_method_parameters": 15
  },
  "detector": {
    "name": "data-clumps-doctor",
    "url": "https://github.com/NilsBaumgartner1994/data-clumps-doctor",
    "version": "0.1.100",
    "options": {
      "typeVariablesConsidered": false,
      "similarityModifierOfVariablesWithUnknownType": 0,
      "fieldsOfClassesWithUnknownHierarchyProbabilityModifier": 0,
      "sharedFieldsToFieldsAmountMinimum": 3,
      "analyseFieldsInClassesOrInterfacesInheritedFromSuperClassesOrInterfaces": false,
      "sharedParametersToParametersAmountMinimum": 3,
      "sharedParametersToFieldsAmountMinimum": 3,
      "methodsOfClassesOrInterfacesWithUnknownHierarchyProbabilityModifier": 0
    }
  },
  "data_clumps": {
    "parameters_to_parameters_data_clump-./Display-_GmetcVZjEDiRt5RmziY9NA-_pvASMVZqEDiRt5RmziY9NA-parameterparameter2parameter3": {
      "type": "data_clump",
      "key": "parameters_to_parameters_data_clump-./Display-_GmetcVZjEDiRt5RmziY9NA-_pvASMVZqEDiRt5RmziY9NA-parameterparameter2parameter3",
      "probability": 1,
      "from_file_path": "./Display",
      "from_class_or_interface_name": "Display",
      "from_class_or_interface_key": "_l5WI4VZiEDiRt5RmziY9NA",
      "from_method_name": "Display",
      "from_method_key": "_GmetcVZjEDiRt5RmziY9NA",
      "to_file_path": "./Entity",
      "to_class_or_interface_name": "Entity",
      "to_class_or_interface_key": "_TIKBIVZqEDiRt5RmziY9NA",
      "to_method_name": "Entity",
      "to_method_key": "_pvASMVZqEDiRt5RmziY9NA",
      "data_clump_type": "parameters_to_parameters_data_clump",
      "data_clump_data": {
        "_Iwj_YFZjEDiRt5RmziY9NA": {
          "key": "_Iwj_YFZjEDiRt5RmziY9NA",
          "name": "parameter",
          "type": null,
          "probability": 1,
          "modifiers": [],
          "to_variable": {
            "key": "_rVK-wFZqEDiRt5RmziY9NA",
            "name": "parameter",
            "type": null,
            "modifiers": [],
            "position": {}
          },
          "position": {}
        },
        "_LElQcFZjEDiRt5RmziY9NA": {
          "key": "_LElQcFZjEDiRt5RmziY9NA",
          "name": "parameter2",
          "type": null,
          "probability": 1,
          "modifiers": [],
          "to_variable": {
            "key": "_sXBdUFZqEDiRt5RmziY9NA",
            "name": "parameter2",
            "type": null,
            "modifiers": [],
            "position": {}
          },
          "position": {}
        },
        "_MuKdYFZjEDiRt5RmziY9NA": {
          "key": "_MuKdYFZjEDiRt5RmziY9NA",
          "name": "parameter3",
          "type": null,
          "probability": 1,
          "modifiers": [],
          "to_variable": {
            "key": "_tXn-sFZqEDiRt5RmziY9NA",
            "name": "parameter3",
            "type": null,
            "modifiers": [],
            "position": {}
          },
          "position": {}
        }
      }
    },
    "parameters_to_parameters_data_clump-./Display-_GmetcVZjEDiRt5RmziY9NA-_UTG0gFZuEDiRt5RmziY9NA-parameterparameter2parameter3": {
      "type": "data_clump",
      "key": "parameters_to_parameters_data_clump-./Display-_GmetcVZjEDiRt5RmziY9NA-_UTG0gFZuEDiRt5RmziY9NA-parameterparameter2parameter3",
      "probability": 1,
      "from_file_path": "./Display",
      "from_class_or_interface_name": "Display",
      "from_class_or_interface_key": "_l5WI4VZiEDiRt5RmziY9NA",
      "from_method_name": "Display",
      "from_method_key": "_GmetcVZjEDiRt5RmziY9NA",
      "to_file_path": "./UIObject",
      "to_class_or_interface_name": "UIObject",
      "to_class_or_interface_key": "_HHuYUVZuEDiRt5RmziY9NA",
      "to_method_name": "UIObject",
      "to_method_key": "_UTG0gFZuEDiRt5RmziY9NA",
      "data_clump_type": "parameters_to_parameters_data_clump",
      "data_clump_data": {
        "_Iwj_YFZjEDiRt5RmziY9NA": {
          "key": "_Iwj_YFZjEDiRt5RmziY9NA",
          "name": "parameter",
          "type": null,
          "probability": 1,
          "modifiers": [],
          "to_variable": {
            "key": "_X8_FQFZuEDiRt5RmziY9NA",
            "name": "parameter",
            "type": null,
            "modifiers": [],
            "position": {}
          },
          "position": {}
        },
        "_LElQcFZjEDiRt5RmziY9NA": {
          "key": "_LElQcFZjEDiRt5RmziY9NA",
          "name": "parameter2",
          "type": null,
          "probability": 1,
          "modifiers": [],
          "to_variable": {
            "key": "_YVjWQFZuEDiRt5RmziY9NA",
            "name": "parameter2",
            "type": null,
            "modifiers": [],
            "position": {}
          },
          "position": {}
        },
        "_MuKdYFZjEDiRt5RmziY9NA": {
          "key": "_MuKdYFZjEDiRt5RmziY9NA",
          "name": "parameter3",
          "type": null,
          "probability": 1,
          "modifiers": [],
          "to_variable": {
            "key": "_YsyxkFZuEDiRt5RmziY9NA",
            "name": "parameter3",
            "type": null,
            "modifiers": [],
            "position": {}
          },
          "position": {}
        }
      }
    },
    "parameters_to_parameters_data_clump-./Entity-_pvASMVZqEDiRt5RmziY9NA-_GmetcVZjEDiRt5RmziY9NA-parameterparameter2parameter3": {
      "type": "data_clump",
      "key": "parameters_to_parameters_data_clump-./Entity-_pvASMVZqEDiRt5RmziY9NA-_GmetcVZjEDiRt5RmziY9NA-parameterparameter2parameter3",
      "probability": 1,
      "from_file_path": "./Entity",
      "from_class_or_interface_name": "Entity",
      "from_class_or_interface_key": "_TIKBIVZqEDiRt5RmziY9NA",
      "from_method_name": "Entity",
      "from_method_key": "_pvASMVZqEDiRt5RmziY9NA",
      "to_file_path": "./Display",
      "to_class_or_interface_name": "Display",
      "to_class_or_interface_key": "_l5WI4VZiEDiRt5RmziY9NA",
      "to_method_name": "Display",
      "to_method_key": "_GmetcVZjEDiRt5RmziY9NA",
      "data_clump_type": "parameters_to_parameters_data_clump",
      "data_clump_data": {
        "_rVK-wFZqEDiRt5RmziY9NA": {
          "key": "_rVK-wFZqEDiRt5RmziY9NA",
          "name": "parameter",
          "type": null,
          "probability": 1,
          "modifiers": [],
          "to_variable": {
            "key": "_Iwj_YFZjEDiRt5RmziY9NA",
            "name": "parameter",
            "type": null,
            "modifiers": [],
            "position": {}
          },
          "position": {}
        },
        "_sXBdUFZqEDiRt5RmziY9NA": {
          "key": "_sXBdUFZqEDiRt5RmziY9NA",
          "name": "parameter2",
          "type": null,
          "probability": 1,
          "modifiers": [],
          "to_variable": {
            "key": "_LElQcFZjEDiRt5RmziY9NA",
            "name": "parameter2",
            "type": null,
            "modifiers": [],
            "position": {}
          },
          "position": {}
        },
        "_tXn-sFZqEDiRt5RmziY9NA": {
          "key": "_tXn-sFZqEDiRt5RmziY9NA",
          "name": "parameter3",
          "type": null,
          "probability": 1,
          "modifiers": [],
          "to_variable": {
            "key": "_MuKdYFZjEDiRt5RmziY9NA",
            "name": "parameter3",
            "type": null,
            "modifiers": [],
            "position": {}
          },
          "position": {}
        }
      }
    },
    "parameters_to_parameters_data_clump-./Entity-_pvASMVZqEDiRt5RmziY9NA-_UTG0gFZuEDiRt5RmziY9NA-parameterparameter2parameter3parameter4": {
      "type": "data_clump",
      "key": "parameters_to_parameters_data_clump-./Entity-_pvASMVZqEDiRt5RmziY9NA-_UTG0gFZuEDiRt5RmziY9NA-parameterparameter2parameter3parameter4",
      "probability": 1,
      "from_file_path": "./Entity",
      "from_class_or_interface_name": "Entity",
      "from_class_or_interface_key": "_TIKBIVZqEDiRt5RmziY9NA",
      "from_method_name": "Entity",
      "from_method_key": "_pvASMVZqEDiRt5RmziY9NA",
      "to_file_path": "./UIObject",
      "to_class_or_interface_name": "UIObject",
      "to_class_or_interface_key": "_HHuYUVZuEDiRt5RmziY9NA",
      "to_method_name": "UIObject",
      "to_method_key": "_UTG0gFZuEDiRt5RmziY9NA",
      "data_clump_type": "parameters_to_parameters_data_clump",
      "data_clump_data": {
        "_rVK-wFZqEDiRt5RmziY9NA": {
          "key": "_rVK-wFZqEDiRt5RmziY9NA",
          "name": "parameter",
          "type": null,
          "probability": 1,
          "modifiers": [],
          "to_variable": {
            "key": "_X8_FQFZuEDiRt5RmziY9NA",
            "name": "parameter",
            "type": null,
            "modifiers": [],
            "position": {}
          },
          "position": {}
        },
        "_sXBdUFZqEDiRt5RmziY9NA": {
          "key": "_sXBdUFZqEDiRt5RmziY9NA",
          "name": "parameter2",
          "type": null,
          "probability": 1,
          "modifiers": [],
          "to_variable": {
            "key": "_YVjWQFZuEDiRt5RmziY9NA",
            "name": "parameter2",
            "type": null,
            "modifiers": [],
            "position": {}
          },
          "position": {}
        },
        "_tXn-sFZqEDiRt5RmziY9NA": {
          "key": "_tXn-sFZqEDiRt5RmziY9NA",
          "name": "parameter3",
          "type": null,
          "probability": 1,
          "modifiers": [],
          "to_variable": {
            "key": "_YsyxkFZuEDiRt5RmziY9NA",
            "name": "parameter3",
            "type": null,
            "modifiers": [],
            "position": {}
          },
          "position": {}
        },
        "_uDLdIFZqEDiRt5RmziY9NA": {
          "key": "_uDLdIFZqEDiRt5RmziY9NA",
          "name": "parameter4",
          "type": null,
          "probability": 1,
          "modifiers": [],
          "to_variable": {
            "key": "_ZCulUFZuEDiRt5RmziY9NA",
            "name": "parameter4",
            "type": null,
            "modifiers": [],
            "position": {}
          },
          "position": {}
        }
      }
    },
    "parameters_to_parameters_data_clump-./UIObject-_UTG0gFZuEDiRt5RmziY9NA-_GmetcVZjEDiRt5RmziY9NA-parameterparameter2parameter3": {
      "type": "data_clump",
      "key": "parameters_to_parameters_data_clump-./UIObject-_UTG0gFZuEDiRt5RmziY9NA-_GmetcVZjEDiRt5RmziY9NA-parameterparameter2parameter3",
      "probability": 1,
      "from_file_path": "./UIObject",
      "from_class_or_interface_name": "UIObject",
      "from_class_or_interface_key": "_HHuYUVZuEDiRt5RmziY9NA",
      "from_method_name": "UIObject",
      "from_method_key": "_UTG0gFZuEDiRt5RmziY9NA",
      "to_file_path": "./Display",
      "to_class_or_interface_name": "Display",
      "to_class_or_interface_key": "_l5WI4VZiEDiRt5RmziY9NA",
      "to_method_name": "Display",
      "to_method_key": "_GmetcVZjEDiRt5RmziY9NA",
      "data_clump_type": "parameters_to_parameters_data_clump",
      "data_clump_data": {
        "_X8_FQFZuEDiRt5RmziY9NA": {
          "key": "_X8_FQFZuEDiRt5RmziY9NA",
          "name": "parameter",
          "type": null,
          "probability": 1,
          "modifiers": [],
          "to_variable": {
            "key": "_Iwj_YFZjEDiRt5RmziY9NA",
            "name": "parameter",
            "type": null,
            "modifiers": [],
            "position": {}
          },
          "position": {}
        },
        "_YVjWQFZuEDiRt5RmziY9NA": {
          "key": "_YVjWQFZuEDiRt5RmziY9NA",
          "name": "parameter2",
          "type": null,
          "probability": 1,
          "modifiers": [],
          "to_variable": {
            "key": "_LElQcFZjEDiRt5RmziY9NA",
            "name": "parameter2",
            "type": null,
            "modifiers": [],
            "position": {}
          },
          "position": {}
        },
        "_YsyxkFZuEDiRt5RmziY9NA": {
          "key": "_YsyxkFZuEDiRt5RmziY9NA",
          "name": "parameter3",
          "type": null,
          "probability": 1,
          "modifiers": [],
          "to_variable": {
            "key": "_MuKdYFZjEDiRt5RmziY9NA",
            "name": "parameter3",
            "type": null,
            "modifiers": [],
            "position": {}
          },
          "position": {}
        }
      }
    },
    "parameters_to_parameters_data_clump-./UIObject-_UTG0gFZuEDiRt5RmziY9NA-_pvASMVZqEDiRt5RmziY9NA-parameterparameter2parameter3parameter4": {
      "type": "data_clump",
      "key": "parameters_to_parameters_data_clump-./UIObject-_UTG0gFZuEDiRt5RmziY9NA-_pvASMVZqEDiRt5RmziY9NA-parameterparameter2parameter3parameter4",
      "probability": 1,
      "from_file_path": "./UIObject",
      "from_class_or_interface_name": "UIObject",
      "from_class_or_interface_key": "_HHuYUVZuEDiRt5RmziY9NA",
      "from_method_name": "UIObject",
      "from_method_key": "_UTG0gFZuEDiRt5RmziY9NA",
      "to_file_path": "./Entity",
      "to_class_or_interface_name": "Entity",
      "to_class_or_interface_key": "_TIKBIVZqEDiRt5RmziY9NA",
      "to_method_name": "Entity",
      "to_method_key": "_pvASMVZqEDiRt5RmziY9NA",
      "data_clump_type": "parameters_to_parameters_data_clump",
      "data_clump_data": {
        "_X8_FQFZuEDiRt5RmziY9NA": {
          "key": "_X8_FQFZuEDiRt5RmziY9NA",
          "name": "parameter",
          "type": null,
          "probability": 1,
          "modifiers": [],
          "to_variable": {
            "key": "_rVK-wFZqEDiRt5RmziY9NA",
            "name": "parameter",
            "type": null,
            "modifiers": [],
            "position": {}
          },
          "position": {}
        },
        "_YVjWQFZuEDiRt5RmziY9NA": {
          "key": "_YVjWQFZuEDiRt5RmziY9NA",
          "name": "parameter2",
          "type": null,
          "probability": 1,
          "modifiers": [],
          "to_variable": {
            "key": "_sXBdUFZqEDiRt5RmziY9NA",
            "name": "parameter2",
            "type": null,
            "modifiers": [],
            "position": {}
          },
          "position": {}
        },
        "_YsyxkFZuEDiRt5RmziY9NA": {
          "key": "_YsyxkFZuEDiRt5RmziY9NA",
          "name": "parameter3",
          "type": null,
          "probability": 1,
          "modifiers": [],
          "to_variable": {
            "key": "_tXn-sFZqEDiRt5RmziY9NA",
            "name": "parameter3",
            "type": null,
            "modifiers": [],
            "position": {}
          },
          "position": {}
        },
        "_ZCulUFZuEDiRt5RmziY9NA": {
          "key": "_ZCulUFZuEDiRt5RmziY9NA",
          "name": "parameter4",
          "type": null,
          "probability": 1,
          "modifiers": [],
          "to_variable": {
            "key": "_uDLdIFZqEDiRt5RmziY9NA",
            "name": "parameter4",
            "type": null,
            "modifiers": [],
            "position": {}
          },
          "position": {}
        }
      }
    },
    "fields_to_fields_data_clump-./Entity-_TIKBIVZqEDiRt5RmziY9NA-_HHuYUVZuEDiRt5RmziY9NA-xywidthheight": {
      "type": "data_clump",
      "key": "fields_to_fields_data_clump-./Entity-_TIKBIVZqEDiRt5RmziY9NA-_HHuYUVZuEDiRt5RmziY9NA-xywidthheight",
      "probability": 1,
      "from_file_path": "./Entity",
      "from_class_or_interface_name": "Entity",
      "from_class_or_interface_key": "_TIKBIVZqEDiRt5RmziY9NA",
      "from_method_name": null,
      "from_method_key": null,
      "to_file_path": "./UIObject",
      "to_class_or_interface_key": "_HHuYUVZuEDiRt5RmziY9NA",
      "to_class_or_interface_name": "Entity",
      "to_method_key": null,
      "to_method_name": null,
      "data_clump_type": "fields_to_fields_data_clump",
      "data_clump_data": {
        "_hJOvMVZqEDiRt5RmziY9NA": {
          "key": "_hJOvMVZqEDiRt5RmziY9NA",
          "name": "x",
          "type": null,
          "probability": 1,
          "modifiers": [
            "private"
          ],
          "to_variable": {
            "key": "_KpTBoFZuEDiRt5RmziY9NA",
            "name": "x",
            "type": null,
            "modifiers": [
              "private"
            ],
            "position": {}
          },
          "position": {}
        },
        "_iWhBsVZqEDiRt5RmziY9NA": {
          "key": "_iWhBsVZqEDiRt5RmziY9NA",
          "name": "y",
          "type": null,
          "probability": 1,
          "modifiers": [
            "private"
          ],
          "to_variable": {
            "key": "_MImRMFZuEDiRt5RmziY9NA",
            "name": "y",
            "type": null,
            "modifiers": [
              "private"
            ],
            "position": {}
          },
          "position": {}
        },
        "_kC8HQFZqEDiRt5RmziY9NA": {
          "key": "_kC8HQFZqEDiRt5RmziY9NA",
          "name": "width",
          "type": null,
          "probability": 1,
          "modifiers": [
            "private"
          ],
          "to_variable": {
            "key": "_OC9sIVZuEDiRt5RmziY9NA",
            "name": "width",
            "type": null,
            "modifiers": [
              "private"
            ],
            "position": {}
          },
          "position": {}
        },
        "_mY7HMVZqEDiRt5RmziY9NA": {
          "key": "_mY7HMVZqEDiRt5RmziY9NA",
          "name": "height",
          "type": null,
          "probability": 1,
          "modifiers": [
            "private"
          ],
          "to_variable": {
            "key": "_PRswIVZuEDiRt5RmziY9NA",
            "name": "height",
            "type": null,
            "modifiers": [
              "private"
            ],
            "position": {}
          },
          "position": {}
        }
      }
    },
    "fields_to_fields_data_clump-./Monster-_V3CXUVZsEDiRt5RmziY9NA-_gIB7cFZrEDiRt5RmziY9NA-attackDmghealthanimIdleanimAttackcoolDownattackTimer": {
      "type": "data_clump",
      "key": "fields_to_fields_data_clump-./Monster-_V3CXUVZsEDiRt5RmziY9NA-_gIB7cFZrEDiRt5RmziY9NA-attackDmghealthanimIdleanimAttackcoolDownattackTimer",
      "probability": 1,
      "from_file_path": "./Monster",
      "from_class_or_interface_name": "Monster",
      "from_class_or_interface_key": "_V3CXUVZsEDiRt5RmziY9NA",
      "from_method_name": null,
      "from_method_key": null,
      "to_file_path": "./Player",
      "to_class_or_interface_key": "_gIB7cFZrEDiRt5RmziY9NA",
      "to_class_or_interface_name": "Monster",
      "to_method_key": null,
      "to_method_name": null,
      "data_clump_type": "fields_to_fields_data_clump",
      "data_clump_data": {
        "_eD65MFZsEDiRt5RmziY9NA": {
          "key": "_eD65MFZsEDiRt5RmziY9NA",
          "name": "attackDmg",
          "type": null,
          "probability": 1,
          "modifiers": [
            "private"
          ],
          "to_variable": {
            "key": "_kZRHIVZrEDiRt5RmziY9NA",
            "name": "attackDmg",
            "type": null,
            "modifiers": [
              "private"
            ],
            "position": {}
          },
          "position": {}
        },
        "_eD7gQFZsEDiRt5RmziY9NA": {
          "key": "_eD7gQFZsEDiRt5RmziY9NA",
          "name": "health",
          "type": null,
          "probability": 1,
          "modifiers": [
            "private"
          ],
          "to_variable": {
            "key": "_ohUhoVZrEDiRt5RmziY9NA",
            "name": "health",
            "type": null,
            "modifiers": [
              "private"
            ],
            "position": {}
          },
          "position": {}
        },
        "_gMTiAFZsEDiRt5RmziY9NA": {
          "key": "_gMTiAFZsEDiRt5RmziY9NA",
          "name": "animIdle",
          "type": null,
          "probability": 1,
          "modifiers": [
            "private"
          ],
          "to_variable": {
            "key": "_t4lhQVZrEDiRt5RmziY9NA",
            "name": "animIdle",
            "type": null,
            "modifiers": [
              "private"
            ],
            "position": {}
          },
          "position": {}
        },
        "_gMTiAVZsEDiRt5RmziY9NA": {
          "key": "_gMTiAVZsEDiRt5RmziY9NA",
          "name": "animAttack",
          "type": null,
          "probability": 1,
          "modifiers": [
            "private"
          ],
          "to_variable": {
            "key": "_yEN0MFZrEDiRt5RmziY9NA",
            "name": "animAttack",
            "type": null,
            "modifiers": [
              "private"
            ],
            "position": {}
          },
          "position": {}
        },
        "_h9ytwFZsEDiRt5RmziY9NA": {
          "key": "_h9ytwFZsEDiRt5RmziY9NA",
          "name": "coolDown",
          "type": null,
          "probability": 1,
          "modifiers": [
            "private"
          ],
          "to_variable": {
            "key": "_6r5bsVZrEDiRt5RmziY9NA",
            "name": "coolDown",
            "type": null,
            "modifiers": [
              "private"
            ],
            "position": {}
          },
          "position": {}
        },
        "_h9ytwVZsEDiRt5RmziY9NA": {
          "key": "_h9ytwVZsEDiRt5RmziY9NA",
          "name": "attackTimer",
          "type": null,
          "probability": 1,
          "modifiers": [
            "private"
          ],
          "to_variable": {
            "key": "_-MWqsVZrEDiRt5RmziY9NA",
            "name": "attackTimer",
            "type": null,
            "modifiers": [
              "private"
            ],
            "position": {}
          },
          "position": {}
        }
      }
    },
    "fields_to_fields_data_clump-./Player-_gIB7cFZrEDiRt5RmziY9NA-_V3CXUVZsEDiRt5RmziY9NA-attackDmghealthanimIdleanimAttackcoolDownattackTimer": {
      "type": "data_clump",
      "key": "fields_to_fields_data_clump-./Player-_gIB7cFZrEDiRt5RmziY9NA-_V3CXUVZsEDiRt5RmziY9NA-attackDmghealthanimIdleanimAttackcoolDownattackTimer",
      "probability": 1,
      "from_file_path": "./Player",
      "from_class_or_interface_name": "Player",
      "from_class_or_interface_key": "_gIB7cFZrEDiRt5RmziY9NA",
      "from_method_name": null,
      "from_method_key": null,
      "to_file_path": "./Monster",
      "to_class_or_interface_key": "_V3CXUVZsEDiRt5RmziY9NA",
      "to_class_or_interface_name": "Player",
      "to_method_key": null,
      "to_method_name": null,
      "data_clump_type": "fields_to_fields_data_clump",
      "data_clump_data": {
        "_kZRHIVZrEDiRt5RmziY9NA": {
          "key": "_kZRHIVZrEDiRt5RmziY9NA",
          "name": "attackDmg",
          "type": null,
          "probability": 1,
          "modifiers": [
            "private"
          ],
          "to_variable": {
            "key": "_eD65MFZsEDiRt5RmziY9NA",
            "name": "attackDmg",
            "type": null,
            "modifiers": [
              "private"
            ],
            "position": {}
          },
          "position": {}
        },
        "_ohUhoVZrEDiRt5RmziY9NA": {
          "key": "_ohUhoVZrEDiRt5RmziY9NA",
          "name": "health",
          "type": null,
          "probability": 1,
          "modifiers": [
            "private"
          ],
          "to_variable": {
            "key": "_eD7gQFZsEDiRt5RmziY9NA",
            "name": "health",
            "type": null,
            "modifiers": [
              "private"
            ],
            "position": {}
          },
          "position": {}
        },
        "_t4lhQVZrEDiRt5RmziY9NA": {
          "key": "_t4lhQVZrEDiRt5RmziY9NA",
          "name": "animIdle",
          "type": null,
          "probability": 1,
          "modifiers": [
            "private"
          ],
          "to_variable": {
            "key": "_gMTiAFZsEDiRt5RmziY9NA",
            "name": "animIdle",
            "type": null,
            "modifiers": [
              "private"
            ],
            "position": {}
          },
          "position": {}
        },
        "_yEN0MFZrEDiRt5RmziY9NA": {
          "key": "_yEN0MFZrEDiRt5RmziY9NA",
          "name": "animAttack",
          "type": null,
          "probability": 1,
          "modifiers": [
            "private"
          ],
          "to_variable": {
            "key": "_gMTiAVZsEDiRt5RmziY9NA",
            "name": "animAttack",
            "type": null,
            "modifiers": [
              "private"
            ],
            "position": {}
          },
          "position": {}
        },
        "_6r5bsVZrEDiRt5RmziY9NA": {
          "key": "_6r5bsVZrEDiRt5RmziY9NA",
          "name": "coolDown",
          "type": null,
          "probability": 1,
          "modifiers": [
            "private"
          ],
          "to_variable": {
            "key": "_h9ytwFZsEDiRt5RmziY9NA",
            "name": "coolDown",
            "type": null,
            "modifiers": [
              "private"
            ],
            "position": {}
          },
          "position": {}
        },
        "_-MWqsVZrEDiRt5RmziY9NA": {
          "key": "_-MWqsVZrEDiRt5RmziY9NA",
          "name": "attackTimer",
          "type": null,
          "probability": 1,
          "modifiers": [
            "private"
          ],
          "to_variable": {
            "key": "_h9ytwVZsEDiRt5RmziY9NA",
            "name": "attackTimer",
            "type": null,
            "modifiers": [
              "private"
            ],
            "position": {}
          },
          "position": {}
        }
      }
    },
    "fields_to_fields_data_clump-./UIObject-_HHuYUVZuEDiRt5RmziY9NA-_TIKBIVZqEDiRt5RmziY9NA-xywidthheight": {
      "type": "data_clump",
      "key": "fields_to_fields_data_clump-./UIObject-_HHuYUVZuEDiRt5RmziY9NA-_TIKBIVZqEDiRt5RmziY9NA-xywidthheight",
      "probability": 1,
      "from_file_path": "./UIObject",
      "from_class_or_interface_name": "UIObject",
      "from_class_or_interface_key": "_HHuYUVZuEDiRt5RmziY9NA",
      "from_method_name": null,
      "from_method_key": null,
      "to_file_path": "./Entity",
      "to_class_or_interface_key": "_TIKBIVZqEDiRt5RmziY9NA",
      "to_class_or_interface_name": "UIObject",
      "to_method_key": null,
      "to_method_name": null,
      "data_clump_type": "fields_to_fields_data_clump",
      "data_clump_data": {
        "_KpTBoFZuEDiRt5RmziY9NA": {
          "key": "_KpTBoFZuEDiRt5RmziY9NA",
          "name": "x",
          "type": null,
          "probability": 1,
          "modifiers": [
            "private"
          ],
          "to_variable": {
            "key": "_hJOvMVZqEDiRt5RmziY9NA",
            "name": "x",
            "type": null,
            "modifiers": [
              "private"
            ],
            "position": {}
          },
          "position": {}
        },
        "_MImRMFZuEDiRt5RmziY9NA": {
          "key": "_MImRMFZuEDiRt5RmziY9NA",
          "name": "y",
          "type": null,
          "probability": 1,
          "modifiers": [
            "private"
          ],
          "to_variable": {
            "key": "_iWhBsVZqEDiRt5RmziY9NA",
            "name": "y",
            "type": null,
            "modifiers": [
              "private"
            ],
            "position": {}
          },
          "position": {}
        },
        "_OC9sIVZuEDiRt5RmziY9NA": {
          "key": "_OC9sIVZuEDiRt5RmziY9NA",
          "name": "width",
          "type": null,
          "probability": 1,
          "modifiers": [
            "private"
          ],
          "to_variable": {
            "key": "_kC8HQFZqEDiRt5RmziY9NA",
            "name": "width",
            "type": null,
            "modifiers": [
              "private"
            ],
            "position": {}
          },
          "position": {}
        },
        "_PRswIVZuEDiRt5RmziY9NA": {
          "key": "_PRswIVZuEDiRt5RmziY9NA",
          "name": "height",
          "type": null,
          "probability": 1,
          "modifiers": [
            "private"
          ],
          "to_variable": {
            "key": "_mY7HMVZqEDiRt5RmziY9NA",
            "name": "height",
            "type": null,
            "modifiers": [
              "private"
            ],
            "position": {}
          },
          "position": {}
        }
      }
    }
  }
}