{
  "report_version": "unknown",
  "report_timestamp": "2025-03-26T21:49:09.313Z",
  "target_language": "java",
  "report_summary": {
    "additional": null,
    "amount_classes_or_interfaces_with_data_clumps": 2,
    "amount_files_with_data_clumps": 2,
    "amount_methods_with_data_clumps": 0,
    "fields_to_fields_data_clump": 2,
    "parameters_to_fields_data_clump": 0,
    "parameters_to_parameters_data_clump": 0,
    "amount_data_clumps": 2
  },
  "project_info": {
    "project_url": "unknown_project_url",
    "project_name": "ed13be07-9978-443f-a9be-ec295887c583",
    "project_version": "unknown_project_version",
    "project_commit_hash": "unknown",
    "project_tag": null,
    "project_commit_date": null,
    "additional": {},
    "number_of_files": 15,
    "number_of_classes_or_interfaces": 15,
    "number_of_methods": 16,
    "number_of_data_fields": 23,
    "number_of_method_parameters": 6
  },
  "detector": {
    "name": "data-clumps-doctor",
    "url": "https://github.com/NilsBaumgartner1994/data-clumps-doctor",
    "version": "0.1.100",
    "options": {
      "typeVariablesConsidered": false,
      "similarityModifierOfVariablesWithUnknownType": 0,
      "fieldsOfClassesWithUnknownHierarchyProbabilityModifier": 0,
      "sharedFieldsToFieldsAmountMinimum": 3,
      "analyseFieldsInClassesOrInterfacesInheritedFromSuperClassesOrInterfaces": false,
      "sharedParametersToParametersAmountMinimum": 3,
      "sharedParametersToFieldsAmountMinimum": 3,
      "methodsOfClassesOrInterfacesWithUnknownHierarchyProbabilityModifier": 0
    }
  },
  "data_clumps": {
    "fields_to_fields_data_clump-./EventDetails-_CfxjQErfEDGX7-a0iBFTLg-_w-k2kPJfEDSnQ-TzuCZIcw-Event_IDEventPosterDate": {
      "type": "data_clump",
      "key": "fields_to_fields_data_clump-./EventDetails-_CfxjQErfEDGX7-a0iBFTLg-_w-k2kPJfEDSnQ-TzuCZIcw-Event_IDEventPosterDate",
      "probability": 1,
      "from_file_path": "./EventDetails",
      "from_class_or_interface_name": "EventDetails",
      "from_class_or_interface_key": "_CfxjQErfEDGX7-a0iBFTLg",
      "from_method_name": null,
      "from_method_key": null,
      "to_file_path": "./Event_Details",
      "to_class_or_interface_key": "_w-k2kPJfEDSnQ-TzuCZIcw",
      "to_class_or_interface_name": "EventDetails",
      "to_method_key": null,
      "to_method_name": null,
      "data_clump_type": "fields_to_fields_data_clump",
      "data_clump_data": {
        "_D3iAYErfEDGX7-a0iBFTLg": {
          "key": "_D3iAYErfEDGX7-a0iBFTLg",
          "name": "Event_ID",
          "type": null,
          "probability": 1,
          "modifiers": [],
          "to_variable": {
            "key": "_w-ldoPJfEDSnQ-TzuCZIcw",
            "name": "Event_ID",
            "type": null,
            "modifiers": [],
            "position": {}
          },
          "position": {}
        },
        "_FU4vMErfEDGX7-a0iBFTLg": {
          "key": "_FU4vMErfEDGX7-a0iBFTLg",
          "name": "Event",
          "type": null,
          "probability": 1,
          "modifiers": [],
          "to_variable": {
            "key": "_w-ldofJfEDSnQ-TzuCZIcw",
            "name": "Event",
            "type": null,
            "modifiers": [],
            "position": {}
          },
          "position": {}
        },
        "_GVHdIErfEDGX7-a0iBFTLg": {
          "key": "_GVHdIErfEDGX7-a0iBFTLg",
          "name": "Poster",
          "type": null,
          "probability": 1,
          "modifiers": [],
          "to_variable": {
            "key": "_w-ldovJfEDSnQ-TzuCZIcw",
            "name": "Poster",
            "type": null,
            "modifiers": [],
            "position": {}
          },
          "position": {}
        },
        "_2Qr6wErfEDGX7-a0iBFTLg": {
          "key": "_2Qr6wErfEDGX7-a0iBFTLg",
          "name": "Date",
          "type": null,
          "probability": 1,
          "modifiers": [],
          "to_variable": {
            "key": "_w-ldo_JfEDSnQ-TzuCZIcw",
            "name": "Date",
            "type": null,
            "modifiers": [],
            "position": {}
          },
          "position": {}
        }
      }
    },
    "fields_to_fields_data_clump-./Event_Details-_w-k2kPJfEDSnQ-TzuCZIcw-_CfxjQErfEDGX7-a0iBFTLg-Event_IDEventPosterDate": {
      "type": "data_clump",
      "key": "fields_to_fields_data_clump-./Event_Details-_w-k2kPJfEDSnQ-TzuCZIcw-_CfxjQErfEDGX7-a0iBFTLg-Event_IDEventPosterDate",
      "probability": 1,
      "from_file_path": "./Event_Details",
      "from_class_or_interface_name": "Event_Details",
      "from_class_or_interface_key": "_w-k2kPJfEDSnQ-TzuCZIcw",
      "from_method_name": null,
      "from_method_key": null,
      "to_file_path": "./EventDetails",
      "to_class_or_interface_key": "_CfxjQErfEDGX7-a0iBFTLg",
      "to_class_or_interface_name": "Event_Details",
      "to_method_key": null,
      "to_method_name": null,
      "data_clump_type": "fields_to_fields_data_clump",
      "data_clump_data": {
        "_w-ldoPJfEDSnQ-TzuCZIcw": {
          "key": "_w-ldoPJfEDSnQ-TzuCZIcw",
          "name": "Event_ID",
          "type": null,
          "probability": 1,
          "modifiers": [],
          "to_variable": {
            "key": "_D3iAYErfEDGX7-a0iBFTLg",
            "name": "Event_ID",
            "type": null,
            "modifiers": [],
            "position": {}
          },
          "position": {}
        },
        "_w-ldofJfEDSnQ-TzuCZIcw": {
          "key": "_w-ldofJfEDSnQ-TzuCZIcw",
          "name": "Event",
          "type": null,
          "probability": 1,
          "modifiers": [],
          "to_variable": {
            "key": "_FU4vMErfEDGX7-a0iBFTLg",
            "name": "Event",
            "type": null,
            "modifiers": [],
            "position": {}
          },
          "position": {}
        },
        "_w-ldovJfEDSnQ-TzuCZIcw": {
          "key": "_w-ldovJfEDSnQ-TzuCZIcw",
          "name": "Poster",
          "type": null,
          "probability": 1,
          "modifiers": [],
          "to_variable": {
            "key": "_GVHdIErfEDGX7-a0iBFTLg",
            "name": "Poster",
            "type": null,
            "modifiers": [],
            "position": {}
          },
          "position": {}
        },
        "_w-ldo_JfEDSnQ-TzuCZIcw": {
          "key": "_w-ldo_JfEDSnQ-TzuCZIcw",
          "name": "Date",
          "type": null,
          "probability": 1,
          "modifiers": [],
          "to_variable": {
            "key": "_2Qr6wErfEDGX7-a0iBFTLg",
            "name": "Date",
            "type": null,
            "modifiers": [],
            "position": {}
          },
          "position": {}
        }
      }
    }
  }
}