{
  "report_version": "unknown",
  "report_timestamp": "2025-03-26T22:55:36.537Z",
  "target_language": "java",
  "report_summary": {
    "additional": null,
    "amount_classes_or_interfaces_with_data_clumps": 2,
    "amount_files_with_data_clumps": 2,
    "amount_methods_with_data_clumps": 0,
    "fields_to_fields_data_clump": 2,
    "parameters_to_fields_data_clump": 0,
    "parameters_to_parameters_data_clump": 0,
    "amount_data_clumps": 2
  },
  "project_info": {
    "project_url": "unknown_project_url",
    "project_name": "_KNsOMK5CEemHYc7DDM2g2A",
    "project_version": "unknown_project_version",
    "project_commit_hash": "unknown",
    "project_tag": null,
    "project_commit_date": null,
    "additional": {},
    "number_of_files": 10,
    "number_of_classes_or_interfaces": 10,
    "number_of_methods": 8,
    "number_of_data_fields": 45,
    "number_of_method_parameters": 0
  },
  "detector": {
    "name": "data-clumps-doctor",
    "url": "https://github.com/NilsBaumgartner1994/data-clumps-doctor",
    "version": "0.1.100",
    "options": {
      "typeVariablesConsidered": false,
      "similarityModifierOfVariablesWithUnknownType": 0,
      "fieldsOfClassesWithUnknownHierarchyProbabilityModifier": 0,
      "sharedFieldsToFieldsAmountMinimum": 3,
      "analyseFieldsInClassesOrInterfacesInheritedFromSuperClassesOrInterfaces": false,
      "sharedParametersToParametersAmountMinimum": 3,
      "sharedParametersToFieldsAmountMinimum": 3,
      "methodsOfClassesOrInterfacesWithUnknownHierarchyProbabilityModifier": 0
    }
  },
  "data_clumps": {
    "fields_to_fields_data_clump-./Enemigo-_Bim7AZCOEDe3KeOvyJVFYQ-_UeYogZCOEDe3KeOvyJVFYQ-IdEMovimientodesplazamiento": {
      "type": "data_clump",
      "key": "fields_to_fields_data_clump-./Enemigo-_Bim7AZCOEDe3KeOvyJVFYQ-_UeYogZCOEDe3KeOvyJVFYQ-IdEMovimientodesplazamiento",
      "probability": 1,
      "from_file_path": "./Enemigo",
      "from_class_or_interface_name": "Enemigo",
      "from_class_or_interface_key": "_Bim7AZCOEDe3KeOvyJVFYQ",
      "from_method_name": null,
      "from_method_key": null,
      "to_file_path": "./Heroe",
      "to_class_or_interface_key": "_UeYogZCOEDe3KeOvyJVFYQ",
      "to_class_or_interface_name": "Enemigo",
      "to_method_key": null,
      "to_method_name": null,
      "data_clump_type": "fields_to_fields_data_clump",
      "data_clump_data": {
        "_D5D1AZCOEDe3KeOvyJVFYQ": {
          "key": "_D5D1AZCOEDe3KeOvyJVFYQ",
          "name": "IdE",
          "type": null,
          "probability": 1,
          "modifiers": [
            "public"
          ],
          "to_variable": {
            "key": "_YMMXAJCOEDe3KeOvyJVFYQ",
            "name": "IdE",
            "type": null,
            "modifiers": [
              "public"
            ],
            "position": {}
          },
          "position": {}
        },
        "_2RbD4JH8EDewv7d-OiBdwg": {
          "key": "_2RbD4JH8EDewv7d-OiBdwg",
          "name": "Movimiento",
          "type": null,
          "probability": 1,
          "modifiers": [
            "public"
          ],
          "to_variable": {
            "key": "_0drOUJH8EDewv7d-OiBdwg",
            "name": "Movimiento",
            "type": null,
            "modifiers": [
              "public"
            ],
            "position": {}
          },
          "position": {}
        },
        "_xFWLIJH9EDewv7d-OiBdwg": {
          "key": "_xFWLIJH9EDewv7d-OiBdwg",
          "name": "desplazamiento",
          "type": null,
          "probability": 1,
          "modifiers": [
            "public"
          ],
          "to_variable": {
            "key": "_E9kmAJCOEDe3KeOvyJVFYQ",
            "name": "desplazamiento",
            "type": null,
            "modifiers": [
              "public"
            ],
            "position": {}
          },
          "position": {}
        }
      }
    },
    "fields_to_fields_data_clump-./Heroe-_UeYogZCOEDe3KeOvyJVFYQ-_Bim7AZCOEDe3KeOvyJVFYQ-IdEMovimientodesplazamiento": {
      "type": "data_clump",
      "key": "fields_to_fields_data_clump-./Heroe-_UeYogZCOEDe3KeOvyJVFYQ-_Bim7AZCOEDe3KeOvyJVFYQ-IdEMovimientodesplazamiento",
      "probability": 1,
      "from_file_path": "./Heroe",
      "from_class_or_interface_name": "Heroe",
      "from_class_or_interface_key": "_UeYogZCOEDe3KeOvyJVFYQ",
      "from_method_name": null,
      "from_method_key": null,
      "to_file_path": "./Enemigo",
      "to_class_or_interface_key": "_Bim7AZCOEDe3KeOvyJVFYQ",
      "to_class_or_interface_name": "Heroe",
      "to_method_key": null,
      "to_method_name": null,
      "data_clump_type": "fields_to_fields_data_clump",
      "data_clump_data": {
        "_YMMXAJCOEDe3KeOvyJVFYQ": {
          "key": "_YMMXAJCOEDe3KeOvyJVFYQ",
          "name": "IdE",
          "type": null,
          "probability": 1,
          "modifiers": [
            "public"
          ],
          "to_variable": {
            "key": "_D5D1AZCOEDe3KeOvyJVFYQ",
            "name": "IdE",
            "type": null,
            "modifiers": [
              "public"
            ],
            "position": {}
          },
          "position": {}
        },
        "_0drOUJH8EDewv7d-OiBdwg": {
          "key": "_0drOUJH8EDewv7d-OiBdwg",
          "name": "Movimiento",
          "type": null,
          "probability": 1,
          "modifiers": [
            "public"
          ],
          "to_variable": {
            "key": "_2RbD4JH8EDewv7d-OiBdwg",
            "name": "Movimiento",
            "type": null,
            "modifiers": [
              "public"
            ],
            "position": {}
          },
          "position": {}
        },
        "_E9kmAJCOEDe3KeOvyJVFYQ": {
          "key": "_E9kmAJCOEDe3KeOvyJVFYQ",
          "name": "desplazamiento",
          "type": null,
          "probability": 1,
          "modifiers": [
            "public"
          ],
          "to_variable": {
            "key": "_xFWLIJH9EDewv7d-OiBdwg",
            "name": "desplazamiento",
            "type": null,
            "modifiers": [
              "public"
            ],
            "position": {}
          },
          "position": {}
        }
      }
    }
  }
}