{
  "report_version": "unknown",
  "report_timestamp": "2025-03-26T22:05:29.185Z",
  "target_language": "java",
  "report_summary": {
    "additional": null,
    "amount_classes_or_interfaces_with_data_clumps": 2,
    "amount_files_with_data_clumps": 2,
    "amount_methods_with_data_clumps": 0,
    "fields_to_fields_data_clump": 2,
    "parameters_to_fields_data_clump": 0,
    "parameters_to_parameters_data_clump": 0,
    "amount_data_clumps": 2
  },
  "project_info": {
    "project_url": "unknown_project_url",
    "project_name": "_RxEmgP99Eea7I5_YaKVa4Q",
    "project_version": "unknown_project_version",
    "project_commit_hash": "unknown",
    "project_tag": null,
    "project_commit_date": null,
    "additional": {},
    "number_of_files": 6,
    "number_of_classes_or_interfaces": 6,
    "number_of_methods": 0,
    "number_of_data_fields": 24,
    "number_of_method_parameters": 0
  },
  "detector": {
    "name": "data-clumps-doctor",
    "url": "https://github.com/NilsBaumgartner1994/data-clumps-doctor",
    "version": "0.1.100",
    "options": {
      "typeVariablesConsidered": false,
      "similarityModifierOfVariablesWithUnknownType": 0,
      "fieldsOfClassesWithUnknownHierarchyProbabilityModifier": 0,
      "sharedFieldsToFieldsAmountMinimum": 3,
      "analyseFieldsInClassesOrInterfacesInheritedFromSuperClassesOrInterfaces": false,
      "sharedParametersToParametersAmountMinimum": 3,
      "sharedParametersToFieldsAmountMinimum": 3,
      "methodsOfClassesOrInterfacesWithUnknownHierarchyProbabilityModifier": 0
    }
  },
  "data_clumps": {
    "fields_to_fields_data_clump-./Customer-_SIejIOGrEDSScOCo1z9gEg-_o1-10OGrEDSScOCo1z9gEg-NameAddressEmailPhone": {
      "type": "data_clump",
      "key": "fields_to_fields_data_clump-./Customer-_SIejIOGrEDSScOCo1z9gEg-_o1-10OGrEDSScOCo1z9gEg-NameAddressEmailPhone",
      "probability": 1,
      "from_file_path": "./Customer",
      "from_class_or_interface_name": "Customer",
      "from_class_or_interface_key": "_SIejIOGrEDSScOCo1z9gEg",
      "from_method_name": null,
      "from_method_key": null,
      "to_file_path": "./Merchant",
      "to_class_or_interface_key": "_o1-10OGrEDSScOCo1z9gEg",
      "to_class_or_interface_name": "Customer",
      "to_method_key": null,
      "to_method_name": null,
      "data_clump_type": "fields_to_fields_data_clump",
      "data_clump_data": {
        "_VGGx4OGrEDSScOCo1z9gEg": {
          "key": "_VGGx4OGrEDSScOCo1z9gEg",
          "name": "Name",
          "type": null,
          "probability": 1,
          "modifiers": [
            "public"
          ],
          "to_variable": {
            "key": "_qTCCoOGrEDSScOCo1z9gEg",
            "name": "Name",
            "type": null,
            "modifiers": [
              "public"
            ],
            "position": {}
          },
          "position": {}
        },
        "_cIHcEOGrEDSScOCo1z9gEg": {
          "key": "_cIHcEOGrEDSScOCo1z9gEg",
          "name": "Address",
          "type": null,
          "probability": 1,
          "modifiers": [
            "public"
          ],
          "to_variable": {
            "key": "_qhBbUOGrEDSScOCo1z9gEg",
            "name": "Address",
            "type": null,
            "modifiers": [
              "public"
            ],
            "position": {}
          },
          "position": {}
        },
        "_el_zwOGrEDSScOCo1z9gEg": {
          "key": "_el_zwOGrEDSScOCo1z9gEg",
          "name": "Email",
          "type": null,
          "probability": 1,
          "modifiers": [
            "public"
          ],
          "to_variable": {
            "key": "_qksaYOGrEDSScOCo1z9gEg",
            "name": "Email",
            "type": null,
            "modifiers": [
              "public"
            ],
            "position": {}
          },
          "position": {}
        },
        "_erIycOGrEDSScOCo1z9gEg": {
          "key": "_erIycOGrEDSScOCo1z9gEg",
          "name": "Phone",
          "type": null,
          "probability": 1,
          "modifiers": [
            "public"
          ],
          "to_variable": {
            "key": "_qoCpUOGrEDSScOCo1z9gEg",
            "name": "Phone",
            "type": null,
            "modifiers": [
              "public"
            ],
            "position": {}
          },
          "position": {}
        }
      }
    },
    "fields_to_fields_data_clump-./Merchant-_o1-10OGrEDSScOCo1z9gEg-_SIejIOGrEDSScOCo1z9gEg-NameAddressEmailPhone": {
      "type": "data_clump",
      "key": "fields_to_fields_data_clump-./Merchant-_o1-10OGrEDSScOCo1z9gEg-_SIejIOGrEDSScOCo1z9gEg-NameAddressEmailPhone",
      "probability": 1,
      "from_file_path": "./Merchant",
      "from_class_or_interface_name": "Merchant",
      "from_class_or_interface_key": "_o1-10OGrEDSScOCo1z9gEg",
      "from_method_name": null,
      "from_method_key": null,
      "to_file_path": "./Customer",
      "to_class_or_interface_key": "_SIejIOGrEDSScOCo1z9gEg",
      "to_class_or_interface_name": "Merchant",
      "to_method_key": null,
      "to_method_name": null,
      "data_clump_type": "fields_to_fields_data_clump",
      "data_clump_data": {
        "_qTCCoOGrEDSScOCo1z9gEg": {
          "key": "_qTCCoOGrEDSScOCo1z9gEg",
          "name": "Name",
          "type": null,
          "probability": 1,
          "modifiers": [
            "public"
          ],
          "to_variable": {
            "key": "_VGGx4OGrEDSScOCo1z9gEg",
            "name": "Name",
            "type": null,
            "modifiers": [
              "public"
            ],
            "position": {}
          },
          "position": {}
        },
        "_qhBbUOGrEDSScOCo1z9gEg": {
          "key": "_qhBbUOGrEDSScOCo1z9gEg",
          "name": "Address",
          "type": null,
          "probability": 1,
          "modifiers": [
            "public"
          ],
          "to_variable": {
            "key": "_cIHcEOGrEDSScOCo1z9gEg",
            "name": "Address",
            "type": null,
            "modifiers": [
              "public"
            ],
            "position": {}
          },
          "position": {}
        },
        "_qksaYOGrEDSScOCo1z9gEg": {
          "key": "_qksaYOGrEDSScOCo1z9gEg",
          "name": "Email",
          "type": null,
          "probability": 1,
          "modifiers": [
            "public"
          ],
          "to_variable": {
            "key": "_el_zwOGrEDSScOCo1z9gEg",
            "name": "Email",
            "type": null,
            "modifiers": [
              "public"
            ],
            "position": {}
          },
          "position": {}
        },
        "_qoCpUOGrEDSScOCo1z9gEg": {
          "key": "_qoCpUOGrEDSScOCo1z9gEg",
          "name": "Phone",
          "type": null,
          "probability": 1,
          "modifiers": [
            "public"
          ],
          "to_variable": {
            "key": "_erIycOGrEDSScOCo1z9gEg",
            "name": "Phone",
            "type": null,
            "modifiers": [
              "public"
            ],
            "position": {}
          },
          "position": {}
        }
      }
    }
  }
}