{
  "report_version": "unknown",
  "report_timestamp": "2025-03-26T22:07:33.276Z",
  "target_language": "java",
  "report_summary": {
    "additional": null,
    "amount_classes_or_interfaces_with_data_clumps": 2,
    "amount_files_with_data_clumps": 2,
    "amount_methods_with_data_clumps": 0,
    "fields_to_fields_data_clump": 2,
    "parameters_to_fields_data_clump": 0,
    "parameters_to_parameters_data_clump": 0,
    "amount_data_clumps": 2
  },
  "project_info": {
    "project_url": "unknown_project_url",
    "project_name": "_1SfGEGzuEeiBgNYYgyFQHg",
    "project_version": "unknown_project_version",
    "project_commit_hash": "unknown",
    "project_tag": null,
    "project_commit_date": null,
    "additional": {},
    "number_of_files": 13,
    "number_of_classes_or_interfaces": 13,
    "number_of_methods": 0,
    "number_of_data_fields": 45,
    "number_of_method_parameters": 0
  },
  "detector": {
    "name": "data-clumps-doctor",
    "url": "https://github.com/NilsBaumgartner1994/data-clumps-doctor",
    "version": "0.1.100",
    "options": {
      "typeVariablesConsidered": false,
      "similarityModifierOfVariablesWithUnknownType": 0,
      "fieldsOfClassesWithUnknownHierarchyProbabilityModifier": 0,
      "sharedFieldsToFieldsAmountMinimum": 3,
      "analyseFieldsInClassesOrInterfacesInheritedFromSuperClassesOrInterfaces": false,
      "sharedParametersToParametersAmountMinimum": 3,
      "sharedParametersToFieldsAmountMinimum": 3,
      "methodsOfClassesOrInterfacesWithUnknownHierarchyProbabilityModifier": 0
    }
  },
  "data_clumps": {
    "fields_to_fields_data_clump-./Firma-_arur8E9EEDaObdRtymOtTA-_zPvF4U9HEDaObdRtymOtTA-umsatzzahlungsverzugsbetragstichtag": {
      "type": "data_clump",
      "key": "fields_to_fields_data_clump-./Firma-_arur8E9EEDaObdRtymOtTA-_zPvF4U9HEDaObdRtymOtTA-umsatzzahlungsverzugsbetragstichtag",
      "probability": 1,
      "from_file_path": "./Firma",
      "from_class_or_interface_name": "Firma",
      "from_class_or_interface_key": "_arur8E9EEDaObdRtymOtTA",
      "from_method_name": null,
      "from_method_key": null,
      "to_file_path": "./Person",
      "to_class_or_interface_key": "_zPvF4U9HEDaObdRtymOtTA",
      "to_class_or_interface_name": "Firma",
      "to_method_key": null,
      "to_method_name": null,
      "data_clump_type": "fields_to_fields_data_clump",
      "data_clump_data": {
        "_ZwxZkVH3EDaaNLDzES1yHA": {
          "key": "_ZwxZkVH3EDaaNLDzES1yHA",
          "name": "umsatz",
          "type": null,
          "probability": 1,
          "modifiers": [
            "public"
          ],
          "to_variable": {
            "key": "_4Km7QFH2EDaaNLDzES1yHA",
            "name": "umsatz",
            "type": null,
            "modifiers": [
              "public"
            ],
            "position": {}
          },
          "position": {}
        },
        "_a6s2EFH3EDaaNLDzES1yHA": {
          "key": "_a6s2EFH3EDaaNLDzES1yHA",
          "name": "zahlungsverzugsbetrag",
          "type": null,
          "probability": 1,
          "modifiers": [
            "public"
          ],
          "to_variable": {
            "key": "_7EQB4FH2EDaaNLDzES1yHA",
            "name": "zahlungsverzugsbetrag",
            "type": null,
            "modifiers": [
              "public"
            ],
            "position": {}
          },
          "position": {}
        },
        "_dOKtgVH3EDaaNLDzES1yHA": {
          "key": "_dOKtgVH3EDaaNLDzES1yHA",
          "name": "stichtag",
          "type": null,
          "probability": 1,
          "modifiers": [
            "public"
          ],
          "to_variable": {
            "key": "_F4DisFH3EDaaNLDzES1yHA",
            "name": "stichtag",
            "type": null,
            "modifiers": [
              "public"
            ],
            "position": {}
          },
          "position": {}
        }
      }
    },
    "fields_to_fields_data_clump-./Person-_zPvF4U9HEDaObdRtymOtTA-_arur8E9EEDaObdRtymOtTA-umsatzzahlungsverzugsbetragstichtag": {
      "type": "data_clump",
      "key": "fields_to_fields_data_clump-./Person-_zPvF4U9HEDaObdRtymOtTA-_arur8E9EEDaObdRtymOtTA-umsatzzahlungsverzugsbetragstichtag",
      "probability": 1,
      "from_file_path": "./Person",
      "from_class_or_interface_name": "Person",
      "from_class_or_interface_key": "_zPvF4U9HEDaObdRtymOtTA",
      "from_method_name": null,
      "from_method_key": null,
      "to_file_path": "./Firma",
      "to_class_or_interface_key": "_arur8E9EEDaObdRtymOtTA",
      "to_class_or_interface_name": "Person",
      "to_method_key": null,
      "to_method_name": null,
      "data_clump_type": "fields_to_fields_data_clump",
      "data_clump_data": {
        "_4Km7QFH2EDaaNLDzES1yHA": {
          "key": "_4Km7QFH2EDaaNLDzES1yHA",
          "name": "umsatz",
          "type": null,
          "probability": 1,
          "modifiers": [
            "public"
          ],
          "to_variable": {
            "key": "_ZwxZkVH3EDaaNLDzES1yHA",
            "name": "umsatz",
            "type": null,
            "modifiers": [
              "public"
            ],
            "position": {}
          },
          "position": {}
        },
        "_7EQB4FH2EDaaNLDzES1yHA": {
          "key": "_7EQB4FH2EDaaNLDzES1yHA",
          "name": "zahlungsverzugsbetrag",
          "type": null,
          "probability": 1,
          "modifiers": [
            "public"
          ],
          "to_variable": {
            "key": "_a6s2EFH3EDaaNLDzES1yHA",
            "name": "zahlungsverzugsbetrag",
            "type": null,
            "modifiers": [
              "public"
            ],
            "position": {}
          },
          "position": {}
        },
        "_F4DisFH3EDaaNLDzES1yHA": {
          "key": "_F4DisFH3EDaaNLDzES1yHA",
          "name": "stichtag",
          "type": null,
          "probability": 1,
          "modifiers": [
            "public"
          ],
          "to_variable": {
            "key": "_dOKtgVH3EDaaNLDzES1yHA",
            "name": "stichtag",
            "type": null,
            "modifiers": [
              "public"
            ],
            "position": {}
          },
          "position": {}
        }
      }
    }
  }
}