{
  "report_version": "unknown",
  "report_timestamp": "2025-03-26T22:19:22.167Z",
  "target_language": "java",
  "report_summary": {
    "additional": null,
    "amount_classes_or_interfaces_with_data_clumps": 5,
    "amount_files_with_data_clumps": 5,
    "amount_methods_with_data_clumps": 0,
    "fields_to_fields_data_clump": 20,
    "parameters_to_fields_data_clump": 0,
    "parameters_to_parameters_data_clump": 0,
    "amount_data_clumps": 20
  },
  "project_info": {
    "project_url": "unknown_project_url",
    "project_name": "_ERN5oGKcEemLuYD1bjHUeQ",
    "project_version": "unknown_project_version",
    "project_commit_hash": "unknown",
    "project_tag": null,
    "project_commit_date": null,
    "additional": {},
    "number_of_files": 7,
    "number_of_classes_or_interfaces": 7,
    "number_of_methods": 21,
    "number_of_data_fields": 25,
    "number_of_method_parameters": 5
  },
  "detector": {
    "name": "data-clumps-doctor",
    "url": "https://github.com/NilsBaumgartner1994/data-clumps-doctor",
    "version": "0.1.100",
    "options": {
      "typeVariablesConsidered": false,
      "similarityModifierOfVariablesWithUnknownType": 0,
      "fieldsOfClassesWithUnknownHierarchyProbabilityModifier": 0,
      "sharedFieldsToFieldsAmountMinimum": 3,
      "analyseFieldsInClassesOrInterfacesInheritedFromSuperClassesOrInterfaces": false,
      "sharedParametersToParametersAmountMinimum": 3,
      "sharedParametersToFieldsAmountMinimum": 3,
      "methodsOfClassesOrInterfacesWithUnknownHierarchyProbabilityModifier": 0
    }
  },
  "data_clumps": {
    "fields_to_fields_data_clump-./Bunny-_MSUykETKEDelw8KbD_RaFw-_sj2sgV1xEDexeclFILdvVQ-xywh": {
      "type": "data_clump",
      "key": "fields_to_fields_data_clump-./Bunny-_MSUykETKEDelw8KbD_RaFw-_sj2sgV1xEDexeclFILdvVQ-xywh",
      "probability": 1,
      "from_file_path": "./Bunny",
      "from_class_or_interface_name": "Bunny",
      "from_class_or_interface_key": "_MSUykETKEDelw8KbD_RaFw",
      "from_method_name": null,
      "from_method_key": null,
      "to_file_path": "./DownCounter",
      "to_class_or_interface_key": "_sj2sgV1xEDexeclFILdvVQ",
      "to_class_or_interface_name": "Bunny",
      "to_method_key": null,
      "to_method_name": null,
      "data_clump_type": "fields_to_fields_data_clump",
      "data_clump_data": {
        "_MSVZoUTKEDelw8KbD_RaFw": {
          "key": "_MSVZoUTKEDelw8KbD_RaFw",
          "name": "x",
          "type": null,
          "probability": 1,
          "modifiers": [
            "private"
          ],
          "to_variable": {
            "key": "_vWyHIF1xEDexeclFILdvVQ",
            "name": "x",
            "type": null,
            "modifiers": [
              "private"
            ],
            "position": {}
          },
          "position": {}
        },
        "_MSVZokTKEDelw8KbD_RaFw": {
          "key": "_MSVZokTKEDelw8KbD_RaFw",
          "name": "y",
          "type": null,
          "probability": 1,
          "modifiers": [
            "private"
          ],
          "to_variable": {
            "key": "_wpkksF1xEDexeclFILdvVQ",
            "name": "y",
            "type": null,
            "modifiers": [
              "private"
            ],
            "position": {}
          },
          "position": {}
        },
        "_MSVZo0TKEDelw8KbD_RaFw": {
          "key": "_MSVZo0TKEDelw8KbD_RaFw",
          "name": "w",
          "type": null,
          "probability": 1,
          "modifiers": [
            "private"
          ],
          "to_variable": {
            "key": "_xhttoF1xEDexeclFILdvVQ",
            "name": "w",
            "type": null,
            "modifiers": [
              "private"
            ],
            "position": {}
          },
          "position": {}
        },
        "_MSVZpETKEDelw8KbD_RaFw": {
          "key": "_MSVZpETKEDelw8KbD_RaFw",
          "name": "h",
          "type": null,
          "probability": 1,
          "modifiers": [
            "private"
          ],
          "to_variable": {
            "key": "_yRsZEV1xEDexeclFILdvVQ",
            "name": "h",
            "type": null,
            "modifiers": [
              "private"
            ],
            "position": {}
          },
          "position": {}
        }
      }
    },
    "fields_to_fields_data_clump-./Bunny-_MSUykETKEDelw8KbD_RaFw-_YIFfoUTKEDelw8KbD_RaFw-namexywh": {
      "type": "data_clump",
      "key": "fields_to_fields_data_clump-./Bunny-_MSUykETKEDelw8KbD_RaFw-_YIFfoUTKEDelw8KbD_RaFw-namexywh",
      "probability": 1,
      "from_file_path": "./Bunny",
      "from_class_or_interface_name": "Bunny",
      "from_class_or_interface_key": "_MSUykETKEDelw8KbD_RaFw",
      "from_method_name": null,
      "from_method_key": null,
      "to_file_path": "./Grass",
      "to_class_or_interface_key": "_YIFfoUTKEDelw8KbD_RaFw",
      "to_class_or_interface_name": "Bunny",
      "to_method_key": null,
      "to_method_name": null,
      "data_clump_type": "fields_to_fields_data_clump",
      "data_clump_data": {
        "_MSVZoETKEDelw8KbD_RaFw": {
          "key": "_MSVZoETKEDelw8KbD_RaFw",
          "name": "name",
          "type": null,
          "probability": 1,
          "modifiers": [
            "private"
          ],
          "to_variable": {
            "key": "_ztmqIETKEDelw8KbD_RaFw",
            "name": "name",
            "type": null,
            "modifiers": [
              "private"
            ],
            "position": {}
          },
          "position": {}
        },
        "_MSVZoUTKEDelw8KbD_RaFw": {
          "key": "_MSVZoUTKEDelw8KbD_RaFw",
          "name": "x",
          "type": null,
          "probability": 1,
          "modifiers": [
            "private"
          ],
          "to_variable": {
            "key": "_ztmqIUTKEDelw8KbD_RaFw",
            "name": "x",
            "type": null,
            "modifiers": [
              "private"
            ],
            "position": {}
          },
          "position": {}
        },
        "_MSVZokTKEDelw8KbD_RaFw": {
          "key": "_MSVZokTKEDelw8KbD_RaFw",
          "name": "y",
          "type": null,
          "probability": 1,
          "modifiers": [
            "private"
          ],
          "to_variable": {
            "key": "_ztmqIkTKEDelw8KbD_RaFw",
            "name": "y",
            "type": null,
            "modifiers": [
              "private"
            ],
            "position": {}
          },
          "position": {}
        },
        "_MSVZo0TKEDelw8KbD_RaFw": {
          "key": "_MSVZo0TKEDelw8KbD_RaFw",
          "name": "w",
          "type": null,
          "probability": 1,
          "modifiers": [
            "private"
          ],
          "to_variable": {
            "key": "_ztmqI0TKEDelw8KbD_RaFw",
            "name": "w",
            "type": null,
            "modifiers": [
              "private"
            ],
            "position": {}
          },
          "position": {}
        },
        "_MSVZpETKEDelw8KbD_RaFw": {
          "key": "_MSVZpETKEDelw8KbD_RaFw",
          "name": "h",
          "type": null,
          "probability": 1,
          "modifiers": [
            "private"
          ],
          "to_variable": {
            "key": "_ztmqJETKEDelw8KbD_RaFw",
            "name": "h",
            "type": null,
            "modifiers": [
              "private"
            ],
            "position": {}
          },
          "position": {}
        }
      }
    },
    "fields_to_fields_data_clump-./Bunny-_MSUykETKEDelw8KbD_RaFw-_AnAlgETLEDelw8KbD_RaFw-xywh": {
      "type": "data_clump",
      "key": "fields_to_fields_data_clump-./Bunny-_MSUykETKEDelw8KbD_RaFw-_AnAlgETLEDelw8KbD_RaFw-xywh",
      "probability": 1,
      "from_file_path": "./Bunny",
      "from_class_or_interface_name": "Bunny",
      "from_class_or_interface_key": "_MSUykETKEDelw8KbD_RaFw",
      "from_method_name": null,
      "from_method_key": null,
      "to_file_path": "./NameCard",
      "to_class_or_interface_key": "_AnAlgETLEDelw8KbD_RaFw",
      "to_class_or_interface_name": "Bunny",
      "to_method_key": null,
      "to_method_name": null,
      "data_clump_type": "fields_to_fields_data_clump",
      "data_clump_data": {
        "_MSVZoUTKEDelw8KbD_RaFw": {
          "key": "_MSVZoUTKEDelw8KbD_RaFw",
          "name": "x",
          "type": null,
          "probability": 1,
          "modifiers": [
            "private"
          ],
          "to_variable": {
            "key": "_AnAlgkTLEDelw8KbD_RaFw",
            "name": "x",
            "type": null,
            "modifiers": [
              "private"
            ],
            "position": {}
          },
          "position": {}
        },
        "_MSVZokTKEDelw8KbD_RaFw": {
          "key": "_MSVZokTKEDelw8KbD_RaFw",
          "name": "y",
          "type": null,
          "probability": 1,
          "modifiers": [
            "private"
          ],
          "to_variable": {
            "key": "_AnAlg0TLEDelw8KbD_RaFw",
            "name": "y",
            "type": null,
            "modifiers": [
              "private"
            ],
            "position": {}
          },
          "position": {}
        },
        "_MSVZo0TKEDelw8KbD_RaFw": {
          "key": "_MSVZo0TKEDelw8KbD_RaFw",
          "name": "w",
          "type": null,
          "probability": 1,
          "modifiers": [
            "private"
          ],
          "to_variable": {
            "key": "_AnAlhETLEDelw8KbD_RaFw",
            "name": "w",
            "type": null,
            "modifiers": [
              "private"
            ],
            "position": {}
          },
          "position": {}
        },
        "_MSVZpETKEDelw8KbD_RaFw": {
          "key": "_MSVZpETKEDelw8KbD_RaFw",
          "name": "h",
          "type": null,
          "probability": 1,
          "modifiers": [
            "private"
          ],
          "to_variable": {
            "key": "_AnAlhUTLEDelw8KbD_RaFw",
            "name": "h",
            "type": null,
            "modifiers": [
              "private"
            ],
            "position": {}
          },
          "position": {}
        }
      }
    },
    "fields_to_fields_data_clump-./Bunny-_MSUykETKEDelw8KbD_RaFw-_Gjq3kETTEDelw8KbD_RaFw-namexywh": {
      "type": "data_clump",
      "key": "fields_to_fields_data_clump-./Bunny-_MSUykETKEDelw8KbD_RaFw-_Gjq3kETTEDelw8KbD_RaFw-namexywh",
      "probability": 1,
      "from_file_path": "./Bunny",
      "from_class_or_interface_name": "Bunny",
      "from_class_or_interface_key": "_MSUykETKEDelw8KbD_RaFw",
      "from_method_name": null,
      "from_method_key": null,
      "to_file_path": "./Tiger",
      "to_class_or_interface_key": "_Gjq3kETTEDelw8KbD_RaFw",
      "to_class_or_interface_name": "Bunny",
      "to_method_key": null,
      "to_method_name": null,
      "data_clump_type": "fields_to_fields_data_clump",
      "data_clump_data": {
        "_MSVZoETKEDelw8KbD_RaFw": {
          "key": "_MSVZoETKEDelw8KbD_RaFw",
          "name": "name",
          "type": null,
          "probability": 1,
          "modifiers": [
            "private"
          ],
          "to_variable": {
            "key": "_Klmb8ETTEDelw8KbD_RaFw",
            "name": "name",
            "type": null,
            "modifiers": [
              "private"
            ],
            "position": {}
          },
          "position": {}
        },
        "_MSVZoUTKEDelw8KbD_RaFw": {
          "key": "_MSVZoUTKEDelw8KbD_RaFw",
          "name": "x",
          "type": null,
          "probability": 1,
          "modifiers": [
            "private"
          ],
          "to_variable": {
            "key": "_Klmb8UTTEDelw8KbD_RaFw",
            "name": "x",
            "type": null,
            "modifiers": [
              "private"
            ],
            "position": {}
          },
          "position": {}
        },
        "_MSVZokTKEDelw8KbD_RaFw": {
          "key": "_MSVZokTKEDelw8KbD_RaFw",
          "name": "y",
          "type": null,
          "probability": 1,
          "modifiers": [
            "private"
          ],
          "to_variable": {
            "key": "_Klmb8kTTEDelw8KbD_RaFw",
            "name": "y",
            "type": null,
            "modifiers": [
              "private"
            ],
            "position": {}
          },
          "position": {}
        },
        "_MSVZo0TKEDelw8KbD_RaFw": {
          "key": "_MSVZo0TKEDelw8KbD_RaFw",
          "name": "w",
          "type": null,
          "probability": 1,
          "modifiers": [
            "private"
          ],
          "to_variable": {
            "key": "_Klmb80TTEDelw8KbD_RaFw",
            "name": "w",
            "type": null,
            "modifiers": [
              "private"
            ],
            "position": {}
          },
          "position": {}
        },
        "_MSVZpETKEDelw8KbD_RaFw": {
          "key": "_MSVZpETKEDelw8KbD_RaFw",
          "name": "h",
          "type": null,
          "probability": 1,
          "modifiers": [
            "private"
          ],
          "to_variable": {
            "key": "_Klmb9ETTEDelw8KbD_RaFw",
            "name": "h",
            "type": null,
            "modifiers": [
              "private"
            ],
            "position": {}
          },
          "position": {}
        }
      }
    },
    "fields_to_fields_data_clump-./DownCounter-_sj2sgV1xEDexeclFILdvVQ-_MSUykETKEDelw8KbD_RaFw-xywh": {
      "type": "data_clump",
      "key": "fields_to_fields_data_clump-./DownCounter-_sj2sgV1xEDexeclFILdvVQ-_MSUykETKEDelw8KbD_RaFw-xywh",
      "probability": 1,
      "from_file_path": "./DownCounter",
      "from_class_or_interface_name": "DownCounter",
      "from_class_or_interface_key": "_sj2sgV1xEDexeclFILdvVQ",
      "from_method_name": null,
      "from_method_key": null,
      "to_file_path": "./Bunny",
      "to_class_or_interface_key": "_MSUykETKEDelw8KbD_RaFw",
      "to_class_or_interface_name": "DownCounter",
      "to_method_key": null,
      "to_method_name": null,
      "data_clump_type": "fields_to_fields_data_clump",
      "data_clump_data": {
        "_vWyHIF1xEDexeclFILdvVQ": {
          "key": "_vWyHIF1xEDexeclFILdvVQ",
          "name": "x",
          "type": null,
          "probability": 1,
          "modifiers": [
            "private"
          ],
          "to_variable": {
            "key": "_MSVZoUTKEDelw8KbD_RaFw",
            "name": "x",
            "type": null,
            "modifiers": [
              "private"
            ],
            "position": {}
          },
          "position": {}
        },
        "_wpkksF1xEDexeclFILdvVQ": {
          "key": "_wpkksF1xEDexeclFILdvVQ",
          "name": "y",
          "type": null,
          "probability": 1,
          "modifiers": [
            "private"
          ],
          "to_variable": {
            "key": "_MSVZokTKEDelw8KbD_RaFw",
            "name": "y",
            "type": null,
            "modifiers": [
              "private"
            ],
            "position": {}
          },
          "position": {}
        },
        "_xhttoF1xEDexeclFILdvVQ": {
          "key": "_xhttoF1xEDexeclFILdvVQ",
          "name": "w",
          "type": null,
          "probability": 1,
          "modifiers": [
            "private"
          ],
          "to_variable": {
            "key": "_MSVZo0TKEDelw8KbD_RaFw",
            "name": "w",
            "type": null,
            "modifiers": [
              "private"
            ],
            "position": {}
          },
          "position": {}
        },
        "_yRsZEV1xEDexeclFILdvVQ": {
          "key": "_yRsZEV1xEDexeclFILdvVQ",
          "name": "h",
          "type": null,
          "probability": 1,
          "modifiers": [
            "private"
          ],
          "to_variable": {
            "key": "_MSVZpETKEDelw8KbD_RaFw",
            "name": "h",
            "type": null,
            "modifiers": [
              "private"
            ],
            "position": {}
          },
          "position": {}
        }
      }
    },
    "fields_to_fields_data_clump-./DownCounter-_sj2sgV1xEDexeclFILdvVQ-_YIFfoUTKEDelw8KbD_RaFw-xywh": {
      "type": "data_clump",
      "key": "fields_to_fields_data_clump-./DownCounter-_sj2sgV1xEDexeclFILdvVQ-_YIFfoUTKEDelw8KbD_RaFw-xywh",
      "probability": 1,
      "from_file_path": "./DownCounter",
      "from_class_or_interface_name": "DownCounter",
      "from_class_or_interface_key": "_sj2sgV1xEDexeclFILdvVQ",
      "from_method_name": null,
      "from_method_key": null,
      "to_file_path": "./Grass",
      "to_class_or_interface_key": "_YIFfoUTKEDelw8KbD_RaFw",
      "to_class_or_interface_name": "DownCounter",
      "to_method_key": null,
      "to_method_name": null,
      "data_clump_type": "fields_to_fields_data_clump",
      "data_clump_data": {
        "_vWyHIF1xEDexeclFILdvVQ": {
          "key": "_vWyHIF1xEDexeclFILdvVQ",
          "name": "x",
          "type": null,
          "probability": 1,
          "modifiers": [
            "private"
          ],
          "to_variable": {
            "key": "_ztmqIUTKEDelw8KbD_RaFw",
            "name": "x",
            "type": null,
            "modifiers": [
              "private"
            ],
            "position": {}
          },
          "position": {}
        },
        "_wpkksF1xEDexeclFILdvVQ": {
          "key": "_wpkksF1xEDexeclFILdvVQ",
          "name": "y",
          "type": null,
          "probability": 1,
          "modifiers": [
            "private"
          ],
          "to_variable": {
            "key": "_ztmqIkTKEDelw8KbD_RaFw",
            "name": "y",
            "type": null,
            "modifiers": [
              "private"
            ],
            "position": {}
          },
          "position": {}
        },
        "_xhttoF1xEDexeclFILdvVQ": {
          "key": "_xhttoF1xEDexeclFILdvVQ",
          "name": "w",
          "type": null,
          "probability": 1,
          "modifiers": [
            "private"
          ],
          "to_variable": {
            "key": "_ztmqI0TKEDelw8KbD_RaFw",
            "name": "w",
            "type": null,
            "modifiers": [
              "private"
            ],
            "position": {}
          },
          "position": {}
        },
        "_yRsZEV1xEDexeclFILdvVQ": {
          "key": "_yRsZEV1xEDexeclFILdvVQ",
          "name": "h",
          "type": null,
          "probability": 1,
          "modifiers": [
            "private"
          ],
          "to_variable": {
            "key": "_ztmqJETKEDelw8KbD_RaFw",
            "name": "h",
            "type": null,
            "modifiers": [
              "private"
            ],
            "position": {}
          },
          "position": {}
        }
      }
    },
    "fields_to_fields_data_clump-./DownCounter-_sj2sgV1xEDexeclFILdvVQ-_AnAlgETLEDelw8KbD_RaFw-xywh": {
      "type": "data_clump",
      "key": "fields_to_fields_data_clump-./DownCounter-_sj2sgV1xEDexeclFILdvVQ-_AnAlgETLEDelw8KbD_RaFw-xywh",
      "probability": 1,
      "from_file_path": "./DownCounter",
      "from_class_or_interface_name": "DownCounter",
      "from_class_or_interface_key": "_sj2sgV1xEDexeclFILdvVQ",
      "from_method_name": null,
      "from_method_key": null,
      "to_file_path": "./NameCard",
      "to_class_or_interface_key": "_AnAlgETLEDelw8KbD_RaFw",
      "to_class_or_interface_name": "DownCounter",
      "to_method_key": null,
      "to_method_name": null,
      "data_clump_type": "fields_to_fields_data_clump",
      "data_clump_data": {
        "_vWyHIF1xEDexeclFILdvVQ": {
          "key": "_vWyHIF1xEDexeclFILdvVQ",
          "name": "x",
          "type": null,
          "probability": 1,
          "modifiers": [
            "private"
          ],
          "to_variable": {
            "key": "_AnAlgkTLEDelw8KbD_RaFw",
            "name": "x",
            "type": null,
            "modifiers": [
              "private"
            ],
            "position": {}
          },
          "position": {}
        },
        "_wpkksF1xEDexeclFILdvVQ": {
          "key": "_wpkksF1xEDexeclFILdvVQ",
          "name": "y",
          "type": null,
          "probability": 1,
          "modifiers": [
            "private"
          ],
          "to_variable": {
            "key": "_AnAlg0TLEDelw8KbD_RaFw",
            "name": "y",
            "type": null,
            "modifiers": [
              "private"
            ],
            "position": {}
          },
          "position": {}
        },
        "_xhttoF1xEDexeclFILdvVQ": {
          "key": "_xhttoF1xEDexeclFILdvVQ",
          "name": "w",
          "type": null,
          "probability": 1,
          "modifiers": [
            "private"
          ],
          "to_variable": {
            "key": "_AnAlhETLEDelw8KbD_RaFw",
            "name": "w",
            "type": null,
            "modifiers": [
              "private"
            ],
            "position": {}
          },
          "position": {}
        },
        "_yRsZEV1xEDexeclFILdvVQ": {
          "key": "_yRsZEV1xEDexeclFILdvVQ",
          "name": "h",
          "type": null,
          "probability": 1,
          "modifiers": [
            "private"
          ],
          "to_variable": {
            "key": "_AnAlhUTLEDelw8KbD_RaFw",
            "name": "h",
            "type": null,
            "modifiers": [
              "private"
            ],
            "position": {}
          },
          "position": {}
        }
      }
    },
    "fields_to_fields_data_clump-./DownCounter-_sj2sgV1xEDexeclFILdvVQ-_Gjq3kETTEDelw8KbD_RaFw-xywh": {
      "type": "data_clump",
      "key": "fields_to_fields_data_clump-./DownCounter-_sj2sgV1xEDexeclFILdvVQ-_Gjq3kETTEDelw8KbD_RaFw-xywh",
      "probability": 1,
      "from_file_path": "./DownCounter",
      "from_class_or_interface_name": "DownCounter",
      "from_class_or_interface_key": "_sj2sgV1xEDexeclFILdvVQ",
      "from_method_name": null,
      "from_method_key": null,
      "to_file_path": "./Tiger",
      "to_class_or_interface_key": "_Gjq3kETTEDelw8KbD_RaFw",
      "to_class_or_interface_name": "DownCounter",
      "to_method_key": null,
      "to_method_name": null,
      "data_clump_type": "fields_to_fields_data_clump",
      "data_clump_data": {
        "_vWyHIF1xEDexeclFILdvVQ": {
          "key": "_vWyHIF1xEDexeclFILdvVQ",
          "name": "x",
          "type": null,
          "probability": 1,
          "modifiers": [
            "private"
          ],
          "to_variable": {
            "key": "_Klmb8UTTEDelw8KbD_RaFw",
            "name": "x",
            "type": null,
            "modifiers": [
              "private"
            ],
            "position": {}
          },
          "position": {}
        },
        "_wpkksF1xEDexeclFILdvVQ": {
          "key": "_wpkksF1xEDexeclFILdvVQ",
          "name": "y",
          "type": null,
          "probability": 1,
          "modifiers": [
            "private"
          ],
          "to_variable": {
            "key": "_Klmb8kTTEDelw8KbD_RaFw",
            "name": "y",
            "type": null,
            "modifiers": [
              "private"
            ],
            "position": {}
          },
          "position": {}
        },
        "_xhttoF1xEDexeclFILdvVQ": {
          "key": "_xhttoF1xEDexeclFILdvVQ",
          "name": "w",
          "type": null,
          "probability": 1,
          "modifiers": [
            "private"
          ],
          "to_variable": {
            "key": "_Klmb80TTEDelw8KbD_RaFw",
            "name": "w",
            "type": null,
            "modifiers": [
              "private"
            ],
            "position": {}
          },
          "position": {}
        },
        "_yRsZEV1xEDexeclFILdvVQ": {
          "key": "_yRsZEV1xEDexeclFILdvVQ",
          "name": "h",
          "type": null,
          "probability": 1,
          "modifiers": [
            "private"
          ],
          "to_variable": {
            "key": "_Klmb9ETTEDelw8KbD_RaFw",
            "name": "h",
            "type": null,
            "modifiers": [
              "private"
            ],
            "position": {}
          },
          "position": {}
        }
      }
    },
    "fields_to_fields_data_clump-./Grass-_YIFfoUTKEDelw8KbD_RaFw-_MSUykETKEDelw8KbD_RaFw-namexywh": {
      "type": "data_clump",
      "key": "fields_to_fields_data_clump-./Grass-_YIFfoUTKEDelw8KbD_RaFw-_MSUykETKEDelw8KbD_RaFw-namexywh",
      "probability": 1,
      "from_file_path": "./Grass",
      "from_class_or_interface_name": "Grass",
      "from_class_or_interface_key": "_YIFfoUTKEDelw8KbD_RaFw",
      "from_method_name": null,
      "from_method_key": null,
      "to_file_path": "./Bunny",
      "to_class_or_interface_key": "_MSUykETKEDelw8KbD_RaFw",
      "to_class_or_interface_name": "Grass",
      "to_method_key": null,
      "to_method_name": null,
      "data_clump_type": "fields_to_fields_data_clump",
      "data_clump_data": {
        "_ztmqIETKEDelw8KbD_RaFw": {
          "key": "_ztmqIETKEDelw8KbD_RaFw",
          "name": "name",
          "type": null,
          "probability": 1,
          "modifiers": [
            "private"
          ],
          "to_variable": {
            "key": "_MSVZoETKEDelw8KbD_RaFw",
            "name": "name",
            "type": null,
            "modifiers": [
              "private"
            ],
            "position": {}
          },
          "position": {}
        },
        "_ztmqIUTKEDelw8KbD_RaFw": {
          "key": "_ztmqIUTKEDelw8KbD_RaFw",
          "name": "x",
          "type": null,
          "probability": 1,
          "modifiers": [
            "private"
          ],
          "to_variable": {
            "key": "_MSVZoUTKEDelw8KbD_RaFw",
            "name": "x",
            "type": null,
            "modifiers": [
              "private"
            ],
            "position": {}
          },
          "position": {}
        },
        "_ztmqIkTKEDelw8KbD_RaFw": {
          "key": "_ztmqIkTKEDelw8KbD_RaFw",
          "name": "y",
          "type": null,
          "probability": 1,
          "modifiers": [
            "private"
          ],
          "to_variable": {
            "key": "_MSVZokTKEDelw8KbD_RaFw",
            "name": "y",
            "type": null,
            "modifiers": [
              "private"
            ],
            "position": {}
          },
          "position": {}
        },
        "_ztmqI0TKEDelw8KbD_RaFw": {
          "key": "_ztmqI0TKEDelw8KbD_RaFw",
          "name": "w",
          "type": null,
          "probability": 1,
          "modifiers": [
            "private"
          ],
          "to_variable": {
            "key": "_MSVZo0TKEDelw8KbD_RaFw",
            "name": "w",
            "type": null,
            "modifiers": [
              "private"
            ],
            "position": {}
          },
          "position": {}
        },
        "_ztmqJETKEDelw8KbD_RaFw": {
          "key": "_ztmqJETKEDelw8KbD_RaFw",
          "name": "h",
          "type": null,
          "probability": 1,
          "modifiers": [
            "private"
          ],
          "to_variable": {
            "key": "_MSVZpETKEDelw8KbD_RaFw",
            "name": "h",
            "type": null,
            "modifiers": [
              "private"
            ],
            "position": {}
          },
          "position": {}
        }
      }
    },
    "fields_to_fields_data_clump-./Grass-_YIFfoUTKEDelw8KbD_RaFw-_sj2sgV1xEDexeclFILdvVQ-xywh": {
      "type": "data_clump",
      "key": "fields_to_fields_data_clump-./Grass-_YIFfoUTKEDelw8KbD_RaFw-_sj2sgV1xEDexeclFILdvVQ-xywh",
      "probability": 1,
      "from_file_path": "./Grass",
      "from_class_or_interface_name": "Grass",
      "from_class_or_interface_key": "_YIFfoUTKEDelw8KbD_RaFw",
      "from_method_name": null,
      "from_method_key": null,
      "to_file_path": "./DownCounter",
      "to_class_or_interface_key": "_sj2sgV1xEDexeclFILdvVQ",
      "to_class_or_interface_name": "Grass",
      "to_method_key": null,
      "to_method_name": null,
      "data_clump_type": "fields_to_fields_data_clump",
      "data_clump_data": {
        "_ztmqIUTKEDelw8KbD_RaFw": {
          "key": "_ztmqIUTKEDelw8KbD_RaFw",
          "name": "x",
          "type": null,
          "probability": 1,
          "modifiers": [
            "private"
          ],
          "to_variable": {
            "key": "_vWyHIF1xEDexeclFILdvVQ",
            "name": "x",
            "type": null,
            "modifiers": [
              "private"
            ],
            "position": {}
          },
          "position": {}
        },
        "_ztmqIkTKEDelw8KbD_RaFw": {
          "key": "_ztmqIkTKEDelw8KbD_RaFw",
          "name": "y",
          "type": null,
          "probability": 1,
          "modifiers": [
            "private"
          ],
          "to_variable": {
            "key": "_wpkksF1xEDexeclFILdvVQ",
            "name": "y",
            "type": null,
            "modifiers": [
              "private"
            ],
            "position": {}
          },
          "position": {}
        },
        "_ztmqI0TKEDelw8KbD_RaFw": {
          "key": "_ztmqI0TKEDelw8KbD_RaFw",
          "name": "w",
          "type": null,
          "probability": 1,
          "modifiers": [
            "private"
          ],
          "to_variable": {
            "key": "_xhttoF1xEDexeclFILdvVQ",
            "name": "w",
            "type": null,
            "modifiers": [
              "private"
            ],
            "position": {}
          },
          "position": {}
        },
        "_ztmqJETKEDelw8KbD_RaFw": {
          "key": "_ztmqJETKEDelw8KbD_RaFw",
          "name": "h",
          "type": null,
          "probability": 1,
          "modifiers": [
            "private"
          ],
          "to_variable": {
            "key": "_yRsZEV1xEDexeclFILdvVQ",
            "name": "h",
            "type": null,
            "modifiers": [
              "private"
            ],
            "position": {}
          },
          "position": {}
        }
      }
    },
    "fields_to_fields_data_clump-./Grass-_YIFfoUTKEDelw8KbD_RaFw-_AnAlgETLEDelw8KbD_RaFw-xywh": {
      "type": "data_clump",
      "key": "fields_to_fields_data_clump-./Grass-_YIFfoUTKEDelw8KbD_RaFw-_AnAlgETLEDelw8KbD_RaFw-xywh",
      "probability": 1,
      "from_file_path": "./Grass",
      "from_class_or_interface_name": "Grass",
      "from_class_or_interface_key": "_YIFfoUTKEDelw8KbD_RaFw",
      "from_method_name": null,
      "from_method_key": null,
      "to_file_path": "./NameCard",
      "to_class_or_interface_key": "_AnAlgETLEDelw8KbD_RaFw",
      "to_class_or_interface_name": "Grass",
      "to_method_key": null,
      "to_method_name": null,
      "data_clump_type": "fields_to_fields_data_clump",
      "data_clump_data": {
        "_ztmqIUTKEDelw8KbD_RaFw": {
          "key": "_ztmqIUTKEDelw8KbD_RaFw",
          "name": "x",
          "type": null,
          "probability": 1,
          "modifiers": [
            "private"
          ],
          "to_variable": {
            "key": "_AnAlgkTLEDelw8KbD_RaFw",
            "name": "x",
            "type": null,
            "modifiers": [
              "private"
            ],
            "position": {}
          },
          "position": {}
        },
        "_ztmqIkTKEDelw8KbD_RaFw": {
          "key": "_ztmqIkTKEDelw8KbD_RaFw",
          "name": "y",
          "type": null,
          "probability": 1,
          "modifiers": [
            "private"
          ],
          "to_variable": {
            "key": "_AnAlg0TLEDelw8KbD_RaFw",
            "name": "y",
            "type": null,
            "modifiers": [
              "private"
            ],
            "position": {}
          },
          "position": {}
        },
        "_ztmqI0TKEDelw8KbD_RaFw": {
          "key": "_ztmqI0TKEDelw8KbD_RaFw",
          "name": "w",
          "type": null,
          "probability": 1,
          "modifiers": [
            "private"
          ],
          "to_variable": {
            "key": "_AnAlhETLEDelw8KbD_RaFw",
            "name": "w",
            "type": null,
            "modifiers": [
              "private"
            ],
            "position": {}
          },
          "position": {}
        },
        "_ztmqJETKEDelw8KbD_RaFw": {
          "key": "_ztmqJETKEDelw8KbD_RaFw",
          "name": "h",
          "type": null,
          "probability": 1,
          "modifiers": [
            "private"
          ],
          "to_variable": {
            "key": "_AnAlhUTLEDelw8KbD_RaFw",
            "name": "h",
            "type": null,
            "modifiers": [
              "private"
            ],
            "position": {}
          },
          "position": {}
        }
      }
    },
    "fields_to_fields_data_clump-./Grass-_YIFfoUTKEDelw8KbD_RaFw-_Gjq3kETTEDelw8KbD_RaFw-namexywh": {
      "type": "data_clump",
      "key": "fields_to_fields_data_clump-./Grass-_YIFfoUTKEDelw8KbD_RaFw-_Gjq3kETTEDelw8KbD_RaFw-namexywh",
      "probability": 1,
      "from_file_path": "./Grass",
      "from_class_or_interface_name": "Grass",
      "from_class_or_interface_key": "_YIFfoUTKEDelw8KbD_RaFw",
      "from_method_name": null,
      "from_method_key": null,
      "to_file_path": "./Tiger",
      "to_class_or_interface_key": "_Gjq3kETTEDelw8KbD_RaFw",
      "to_class_or_interface_name": "Grass",
      "to_method_key": null,
      "to_method_name": null,
      "data_clump_type": "fields_to_fields_data_clump",
      "data_clump_data": {
        "_ztmqIETKEDelw8KbD_RaFw": {
          "key": "_ztmqIETKEDelw8KbD_RaFw",
          "name": "name",
          "type": null,
          "probability": 1,
          "modifiers": [
            "private"
          ],
          "to_variable": {
            "key": "_Klmb8ETTEDelw8KbD_RaFw",
            "name": "name",
            "type": null,
            "modifiers": [
              "private"
            ],
            "position": {}
          },
          "position": {}
        },
        "_ztmqIUTKEDelw8KbD_RaFw": {
          "key": "_ztmqIUTKEDelw8KbD_RaFw",
          "name": "x",
          "type": null,
          "probability": 1,
          "modifiers": [
            "private"
          ],
          "to_variable": {
            "key": "_Klmb8UTTEDelw8KbD_RaFw",
            "name": "x",
            "type": null,
            "modifiers": [
              "private"
            ],
            "position": {}
          },
          "position": {}
        },
        "_ztmqIkTKEDelw8KbD_RaFw": {
          "key": "_ztmqIkTKEDelw8KbD_RaFw",
          "name": "y",
          "type": null,
          "probability": 1,
          "modifiers": [
            "private"
          ],
          "to_variable": {
            "key": "_Klmb8kTTEDelw8KbD_RaFw",
            "name": "y",
            "type": null,
            "modifiers": [
              "private"
            ],
            "position": {}
          },
          "position": {}
        },
        "_ztmqI0TKEDelw8KbD_RaFw": {
          "key": "_ztmqI0TKEDelw8KbD_RaFw",
          "name": "w",
          "type": null,
          "probability": 1,
          "modifiers": [
            "private"
          ],
          "to_variable": {
            "key": "_Klmb80TTEDelw8KbD_RaFw",
            "name": "w",
            "type": null,
            "modifiers": [
              "private"
            ],
            "position": {}
          },
          "position": {}
        },
        "_ztmqJETKEDelw8KbD_RaFw": {
          "key": "_ztmqJETKEDelw8KbD_RaFw",
          "name": "h",
          "type": null,
          "probability": 1,
          "modifiers": [
            "private"
          ],
          "to_variable": {
            "key": "_Klmb9ETTEDelw8KbD_RaFw",
            "name": "h",
            "type": null,
            "modifiers": [
              "private"
            ],
            "position": {}
          },
          "position": {}
        }
      }
    },
    "fields_to_fields_data_clump-./NameCard-_AnAlgETLEDelw8KbD_RaFw-_MSUykETKEDelw8KbD_RaFw-xywh": {
      "type": "data_clump",
      "key": "fields_to_fields_data_clump-./NameCard-_AnAlgETLEDelw8KbD_RaFw-_MSUykETKEDelw8KbD_RaFw-xywh",
      "probability": 1,
      "from_file_path": "./NameCard",
      "from_class_or_interface_name": "NameCard",
      "from_class_or_interface_key": "_AnAlgETLEDelw8KbD_RaFw",
      "from_method_name": null,
      "from_method_key": null,
      "to_file_path": "./Bunny",
      "to_class_or_interface_key": "_MSUykETKEDelw8KbD_RaFw",
      "to_class_or_interface_name": "NameCard",
      "to_method_key": null,
      "to_method_name": null,
      "data_clump_type": "fields_to_fields_data_clump",
      "data_clump_data": {
        "_AnAlgkTLEDelw8KbD_RaFw": {
          "key": "_AnAlgkTLEDelw8KbD_RaFw",
          "name": "x",
          "type": null,
          "probability": 1,
          "modifiers": [
            "private"
          ],
          "to_variable": {
            "key": "_MSVZoUTKEDelw8KbD_RaFw",
            "name": "x",
            "type": null,
            "modifiers": [
              "private"
            ],
            "position": {}
          },
          "position": {}
        },
        "_AnAlg0TLEDelw8KbD_RaFw": {
          "key": "_AnAlg0TLEDelw8KbD_RaFw",
          "name": "y",
          "type": null,
          "probability": 1,
          "modifiers": [
            "private"
          ],
          "to_variable": {
            "key": "_MSVZokTKEDelw8KbD_RaFw",
            "name": "y",
            "type": null,
            "modifiers": [
              "private"
            ],
            "position": {}
          },
          "position": {}
        },
        "_AnAlhETLEDelw8KbD_RaFw": {
          "key": "_AnAlhETLEDelw8KbD_RaFw",
          "name": "w",
          "type": null,
          "probability": 1,
          "modifiers": [
            "private"
          ],
          "to_variable": {
            "key": "_MSVZo0TKEDelw8KbD_RaFw",
            "name": "w",
            "type": null,
            "modifiers": [
              "private"
            ],
            "position": {}
          },
          "position": {}
        },
        "_AnAlhUTLEDelw8KbD_RaFw": {
          "key": "_AnAlhUTLEDelw8KbD_RaFw",
          "name": "h",
          "type": null,
          "probability": 1,
          "modifiers": [
            "private"
          ],
          "to_variable": {
            "key": "_MSVZpETKEDelw8KbD_RaFw",
            "name": "h",
            "type": null,
            "modifiers": [
              "private"
            ],
            "position": {}
          },
          "position": {}
        }
      }
    },
    "fields_to_fields_data_clump-./NameCard-_AnAlgETLEDelw8KbD_RaFw-_sj2sgV1xEDexeclFILdvVQ-xywh": {
      "type": "data_clump",
      "key": "fields_to_fields_data_clump-./NameCard-_AnAlgETLEDelw8KbD_RaFw-_sj2sgV1xEDexeclFILdvVQ-xywh",
      "probability": 1,
      "from_file_path": "./NameCard",
      "from_class_or_interface_name": "NameCard",
      "from_class_or_interface_key": "_AnAlgETLEDelw8KbD_RaFw",
      "from_method_name": null,
      "from_method_key": null,
      "to_file_path": "./DownCounter",
      "to_class_or_interface_key": "_sj2sgV1xEDexeclFILdvVQ",
      "to_class_or_interface_name": "NameCard",
      "to_method_key": null,
      "to_method_name": null,
      "data_clump_type": "fields_to_fields_data_clump",
      "data_clump_data": {
        "_AnAlgkTLEDelw8KbD_RaFw": {
          "key": "_AnAlgkTLEDelw8KbD_RaFw",
          "name": "x",
          "type": null,
          "probability": 1,
          "modifiers": [
            "private"
          ],
          "to_variable": {
            "key": "_vWyHIF1xEDexeclFILdvVQ",
            "name": "x",
            "type": null,
            "modifiers": [
              "private"
            ],
            "position": {}
          },
          "position": {}
        },
        "_AnAlg0TLEDelw8KbD_RaFw": {
          "key": "_AnAlg0TLEDelw8KbD_RaFw",
          "name": "y",
          "type": null,
          "probability": 1,
          "modifiers": [
            "private"
          ],
          "to_variable": {
            "key": "_wpkksF1xEDexeclFILdvVQ",
            "name": "y",
            "type": null,
            "modifiers": [
              "private"
            ],
            "position": {}
          },
          "position": {}
        },
        "_AnAlhETLEDelw8KbD_RaFw": {
          "key": "_AnAlhETLEDelw8KbD_RaFw",
          "name": "w",
          "type": null,
          "probability": 1,
          "modifiers": [
            "private"
          ],
          "to_variable": {
            "key": "_xhttoF1xEDexeclFILdvVQ",
            "name": "w",
            "type": null,
            "modifiers": [
              "private"
            ],
            "position": {}
          },
          "position": {}
        },
        "_AnAlhUTLEDelw8KbD_RaFw": {
          "key": "_AnAlhUTLEDelw8KbD_RaFw",
          "name": "h",
          "type": null,
          "probability": 1,
          "modifiers": [
            "private"
          ],
          "to_variable": {
            "key": "_yRsZEV1xEDexeclFILdvVQ",
            "name": "h",
            "type": null,
            "modifiers": [
              "private"
            ],
            "position": {}
          },
          "position": {}
        }
      }
    },
    "fields_to_fields_data_clump-./NameCard-_AnAlgETLEDelw8KbD_RaFw-_YIFfoUTKEDelw8KbD_RaFw-xywh": {
      "type": "data_clump",
      "key": "fields_to_fields_data_clump-./NameCard-_AnAlgETLEDelw8KbD_RaFw-_YIFfoUTKEDelw8KbD_RaFw-xywh",
      "probability": 1,
      "from_file_path": "./NameCard",
      "from_class_or_interface_name": "NameCard",
      "from_class_or_interface_key": "_AnAlgETLEDelw8KbD_RaFw",
      "from_method_name": null,
      "from_method_key": null,
      "to_file_path": "./Grass",
      "to_class_or_interface_key": "_YIFfoUTKEDelw8KbD_RaFw",
      "to_class_or_interface_name": "NameCard",
      "to_method_key": null,
      "to_method_name": null,
      "data_clump_type": "fields_to_fields_data_clump",
      "data_clump_data": {
        "_AnAlgkTLEDelw8KbD_RaFw": {
          "key": "_AnAlgkTLEDelw8KbD_RaFw",
          "name": "x",
          "type": null,
          "probability": 1,
          "modifiers": [
            "private"
          ],
          "to_variable": {
            "key": "_ztmqIUTKEDelw8KbD_RaFw",
            "name": "x",
            "type": null,
            "modifiers": [
              "private"
            ],
            "position": {}
          },
          "position": {}
        },
        "_AnAlg0TLEDelw8KbD_RaFw": {
          "key": "_AnAlg0TLEDelw8KbD_RaFw",
          "name": "y",
          "type": null,
          "probability": 1,
          "modifiers": [
            "private"
          ],
          "to_variable": {
            "key": "_ztmqIkTKEDelw8KbD_RaFw",
            "name": "y",
            "type": null,
            "modifiers": [
              "private"
            ],
            "position": {}
          },
          "position": {}
        },
        "_AnAlhETLEDelw8KbD_RaFw": {
          "key": "_AnAlhETLEDelw8KbD_RaFw",
          "name": "w",
          "type": null,
          "probability": 1,
          "modifiers": [
            "private"
          ],
          "to_variable": {
            "key": "_ztmqI0TKEDelw8KbD_RaFw",
            "name": "w",
            "type": null,
            "modifiers": [
              "private"
            ],
            "position": {}
          },
          "position": {}
        },
        "_AnAlhUTLEDelw8KbD_RaFw": {
          "key": "_AnAlhUTLEDelw8KbD_RaFw",
          "name": "h",
          "type": null,
          "probability": 1,
          "modifiers": [
            "private"
          ],
          "to_variable": {
            "key": "_ztmqJETKEDelw8KbD_RaFw",
            "name": "h",
            "type": null,
            "modifiers": [
              "private"
            ],
            "position": {}
          },
          "position": {}
        }
      }
    },
    "fields_to_fields_data_clump-./NameCard-_AnAlgETLEDelw8KbD_RaFw-_Gjq3kETTEDelw8KbD_RaFw-xywh": {
      "type": "data_clump",
      "key": "fields_to_fields_data_clump-./NameCard-_AnAlgETLEDelw8KbD_RaFw-_Gjq3kETTEDelw8KbD_RaFw-xywh",
      "probability": 1,
      "from_file_path": "./NameCard",
      "from_class_or_interface_name": "NameCard",
      "from_class_or_interface_key": "_AnAlgETLEDelw8KbD_RaFw",
      "from_method_name": null,
      "from_method_key": null,
      "to_file_path": "./Tiger",
      "to_class_or_interface_key": "_Gjq3kETTEDelw8KbD_RaFw",
      "to_class_or_interface_name": "NameCard",
      "to_method_key": null,
      "to_method_name": null,
      "data_clump_type": "fields_to_fields_data_clump",
      "data_clump_data": {
        "_AnAlgkTLEDelw8KbD_RaFw": {
          "key": "_AnAlgkTLEDelw8KbD_RaFw",
          "name": "x",
          "type": null,
          "probability": 1,
          "modifiers": [
            "private"
          ],
          "to_variable": {
            "key": "_Klmb8UTTEDelw8KbD_RaFw",
            "name": "x",
            "type": null,
            "modifiers": [
              "private"
            ],
            "position": {}
          },
          "position": {}
        },
        "_AnAlg0TLEDelw8KbD_RaFw": {
          "key": "_AnAlg0TLEDelw8KbD_RaFw",
          "name": "y",
          "type": null,
          "probability": 1,
          "modifiers": [
            "private"
          ],
          "to_variable": {
            "key": "_Klmb8kTTEDelw8KbD_RaFw",
            "name": "y",
            "type": null,
            "modifiers": [
              "private"
            ],
            "position": {}
          },
          "position": {}
        },
        "_AnAlhETLEDelw8KbD_RaFw": {
          "key": "_AnAlhETLEDelw8KbD_RaFw",
          "name": "w",
          "type": null,
          "probability": 1,
          "modifiers": [
            "private"
          ],
          "to_variable": {
            "key": "_Klmb80TTEDelw8KbD_RaFw",
            "name": "w",
            "type": null,
            "modifiers": [
              "private"
            ],
            "position": {}
          },
          "position": {}
        },
        "_AnAlhUTLEDelw8KbD_RaFw": {
          "key": "_AnAlhUTLEDelw8KbD_RaFw",
          "name": "h",
          "type": null,
          "probability": 1,
          "modifiers": [
            "private"
          ],
          "to_variable": {
            "key": "_Klmb9ETTEDelw8KbD_RaFw",
            "name": "h",
            "type": null,
            "modifiers": [
              "private"
            ],
            "position": {}
          },
          "position": {}
        }
      }
    },
    "fields_to_fields_data_clump-./Tiger-_Gjq3kETTEDelw8KbD_RaFw-_MSUykETKEDelw8KbD_RaFw-namexywh": {
      "type": "data_clump",
      "key": "fields_to_fields_data_clump-./Tiger-_Gjq3kETTEDelw8KbD_RaFw-_MSUykETKEDelw8KbD_RaFw-namexywh",
      "probability": 1,
      "from_file_path": "./Tiger",
      "from_class_or_interface_name": "Tiger",
      "from_class_or_interface_key": "_Gjq3kETTEDelw8KbD_RaFw",
      "from_method_name": null,
      "from_method_key": null,
      "to_file_path": "./Bunny",
      "to_class_or_interface_key": "_MSUykETKEDelw8KbD_RaFw",
      "to_class_or_interface_name": "Tiger",
      "to_method_key": null,
      "to_method_name": null,
      "data_clump_type": "fields_to_fields_data_clump",
      "data_clump_data": {
        "_Klmb8ETTEDelw8KbD_RaFw": {
          "key": "_Klmb8ETTEDelw8KbD_RaFw",
          "name": "name",
          "type": null,
          "probability": 1,
          "modifiers": [
            "private"
          ],
          "to_variable": {
            "key": "_MSVZoETKEDelw8KbD_RaFw",
            "name": "name",
            "type": null,
            "modifiers": [
              "private"
            ],
            "position": {}
          },
          "position": {}
        },
        "_Klmb8UTTEDelw8KbD_RaFw": {
          "key": "_Klmb8UTTEDelw8KbD_RaFw",
          "name": "x",
          "type": null,
          "probability": 1,
          "modifiers": [
            "private"
          ],
          "to_variable": {
            "key": "_MSVZoUTKEDelw8KbD_RaFw",
            "name": "x",
            "type": null,
            "modifiers": [
              "private"
            ],
            "position": {}
          },
          "position": {}
        },
        "_Klmb8kTTEDelw8KbD_RaFw": {
          "key": "_Klmb8kTTEDelw8KbD_RaFw",
          "name": "y",
          "type": null,
          "probability": 1,
          "modifiers": [
            "private"
          ],
          "to_variable": {
            "key": "_MSVZokTKEDelw8KbD_RaFw",
            "name": "y",
            "type": null,
            "modifiers": [
              "private"
            ],
            "position": {}
          },
          "position": {}
        },
        "_Klmb80TTEDelw8KbD_RaFw": {
          "key": "_Klmb80TTEDelw8KbD_RaFw",
          "name": "w",
          "type": null,
          "probability": 1,
          "modifiers": [
            "private"
          ],
          "to_variable": {
            "key": "_MSVZo0TKEDelw8KbD_RaFw",
            "name": "w",
            "type": null,
            "modifiers": [
              "private"
            ],
            "position": {}
          },
          "position": {}
        },
        "_Klmb9ETTEDelw8KbD_RaFw": {
          "key": "_Klmb9ETTEDelw8KbD_RaFw",
          "name": "h",
          "type": null,
          "probability": 1,
          "modifiers": [
            "private"
          ],
          "to_variable": {
            "key": "_MSVZpETKEDelw8KbD_RaFw",
            "name": "h",
            "type": null,
            "modifiers": [
              "private"
            ],
            "position": {}
          },
          "position": {}
        }
      }
    },
    "fields_to_fields_data_clump-./Tiger-_Gjq3kETTEDelw8KbD_RaFw-_sj2sgV1xEDexeclFILdvVQ-xywh": {
      "type": "data_clump",
      "key": "fields_to_fields_data_clump-./Tiger-_Gjq3kETTEDelw8KbD_RaFw-_sj2sgV1xEDexeclFILdvVQ-xywh",
      "probability": 1,
      "from_file_path": "./Tiger",
      "from_class_or_interface_name": "Tiger",
      "from_class_or_interface_key": "_Gjq3kETTEDelw8KbD_RaFw",
      "from_method_name": null,
      "from_method_key": null,
      "to_file_path": "./DownCounter",
      "to_class_or_interface_key": "_sj2sgV1xEDexeclFILdvVQ",
      "to_class_or_interface_name": "Tiger",
      "to_method_key": null,
      "to_method_name": null,
      "data_clump_type": "fields_to_fields_data_clump",
      "data_clump_data": {
        "_Klmb8UTTEDelw8KbD_RaFw": {
          "key": "_Klmb8UTTEDelw8KbD_RaFw",
          "name": "x",
          "type": null,
          "probability": 1,
          "modifiers": [
            "private"
          ],
          "to_variable": {
            "key": "_vWyHIF1xEDexeclFILdvVQ",
            "name": "x",
            "type": null,
            "modifiers": [
              "private"
            ],
            "position": {}
          },
          "position": {}
        },
        "_Klmb8kTTEDelw8KbD_RaFw": {
          "key": "_Klmb8kTTEDelw8KbD_RaFw",
          "name": "y",
          "type": null,
          "probability": 1,
          "modifiers": [
            "private"
          ],
          "to_variable": {
            "key": "_wpkksF1xEDexeclFILdvVQ",
            "name": "y",
            "type": null,
            "modifiers": [
              "private"
            ],
            "position": {}
          },
          "position": {}
        },
        "_Klmb80TTEDelw8KbD_RaFw": {
          "key": "_Klmb80TTEDelw8KbD_RaFw",
          "name": "w",
          "type": null,
          "probability": 1,
          "modifiers": [
            "private"
          ],
          "to_variable": {
            "key": "_xhttoF1xEDexeclFILdvVQ",
            "name": "w",
            "type": null,
            "modifiers": [
              "private"
            ],
            "position": {}
          },
          "position": {}
        },
        "_Klmb9ETTEDelw8KbD_RaFw": {
          "key": "_Klmb9ETTEDelw8KbD_RaFw",
          "name": "h",
          "type": null,
          "probability": 1,
          "modifiers": [
            "private"
          ],
          "to_variable": {
            "key": "_yRsZEV1xEDexeclFILdvVQ",
            "name": "h",
            "type": null,
            "modifiers": [
              "private"
            ],
            "position": {}
          },
          "position": {}
        }
      }
    },
    "fields_to_fields_data_clump-./Tiger-_Gjq3kETTEDelw8KbD_RaFw-_YIFfoUTKEDelw8KbD_RaFw-namexywh": {
      "type": "data_clump",
      "key": "fields_to_fields_data_clump-./Tiger-_Gjq3kETTEDelw8KbD_RaFw-_YIFfoUTKEDelw8KbD_RaFw-namexywh",
      "probability": 1,
      "from_file_path": "./Tiger",
      "from_class_or_interface_name": "Tiger",
      "from_class_or_interface_key": "_Gjq3kETTEDelw8KbD_RaFw",
      "from_method_name": null,
      "from_method_key": null,
      "to_file_path": "./Grass",
      "to_class_or_interface_key": "_YIFfoUTKEDelw8KbD_RaFw",
      "to_class_or_interface_name": "Tiger",
      "to_method_key": null,
      "to_method_name": null,
      "data_clump_type": "fields_to_fields_data_clump",
      "data_clump_data": {
        "_Klmb8ETTEDelw8KbD_RaFw": {
          "key": "_Klmb8ETTEDelw8KbD_RaFw",
          "name": "name",
          "type": null,
          "probability": 1,
          "modifiers": [
            "private"
          ],
          "to_variable": {
            "key": "_ztmqIETKEDelw8KbD_RaFw",
            "name": "name",
            "type": null,
            "modifiers": [
              "private"
            ],
            "position": {}
          },
          "position": {}
        },
        "_Klmb8UTTEDelw8KbD_RaFw": {
          "key": "_Klmb8UTTEDelw8KbD_RaFw",
          "name": "x",
          "type": null,
          "probability": 1,
          "modifiers": [
            "private"
          ],
          "to_variable": {
            "key": "_ztmqIUTKEDelw8KbD_RaFw",
            "name": "x",
            "type": null,
            "modifiers": [
              "private"
            ],
            "position": {}
          },
          "position": {}
        },
        "_Klmb8kTTEDelw8KbD_RaFw": {
          "key": "_Klmb8kTTEDelw8KbD_RaFw",
          "name": "y",
          "type": null,
          "probability": 1,
          "modifiers": [
            "private"
          ],
          "to_variable": {
            "key": "_ztmqIkTKEDelw8KbD_RaFw",
            "name": "y",
            "type": null,
            "modifiers": [
              "private"
            ],
            "position": {}
          },
          "position": {}
        },
        "_Klmb80TTEDelw8KbD_RaFw": {
          "key": "_Klmb80TTEDelw8KbD_RaFw",
          "name": "w",
          "type": null,
          "probability": 1,
          "modifiers": [
            "private"
          ],
          "to_variable": {
            "key": "_ztmqI0TKEDelw8KbD_RaFw",
            "name": "w",
            "type": null,
            "modifiers": [
              "private"
            ],
            "position": {}
          },
          "position": {}
        },
        "_Klmb9ETTEDelw8KbD_RaFw": {
          "key": "_Klmb9ETTEDelw8KbD_RaFw",
          "name": "h",
          "type": null,
          "probability": 1,
          "modifiers": [
            "private"
          ],
          "to_variable": {
            "key": "_ztmqJETKEDelw8KbD_RaFw",
            "name": "h",
            "type": null,
            "modifiers": [
              "private"
            ],
            "position": {}
          },
          "position": {}
        }
      }
    },
    "fields_to_fields_data_clump-./Tiger-_Gjq3kETTEDelw8KbD_RaFw-_AnAlgETLEDelw8KbD_RaFw-xywh": {
      "type": "data_clump",
      "key": "fields_to_fields_data_clump-./Tiger-_Gjq3kETTEDelw8KbD_RaFw-_AnAlgETLEDelw8KbD_RaFw-xywh",
      "probability": 1,
      "from_file_path": "./Tiger",
      "from_class_or_interface_name": "Tiger",
      "from_class_or_interface_key": "_Gjq3kETTEDelw8KbD_RaFw",
      "from_method_name": null,
      "from_method_key": null,
      "to_file_path": "./NameCard",
      "to_class_or_interface_key": "_AnAlgETLEDelw8KbD_RaFw",
      "to_class_or_interface_name": "Tiger",
      "to_method_key": null,
      "to_method_name": null,
      "data_clump_type": "fields_to_fields_data_clump",
      "data_clump_data": {
        "_Klmb8UTTEDelw8KbD_RaFw": {
          "key": "_Klmb8UTTEDelw8KbD_RaFw",
          "name": "x",
          "type": null,
          "probability": 1,
          "modifiers": [
            "private"
          ],
          "to_variable": {
            "key": "_AnAlgkTLEDelw8KbD_RaFw",
            "name": "x",
            "type": null,
            "modifiers": [
              "private"
            ],
            "position": {}
          },
          "position": {}
        },
        "_Klmb8kTTEDelw8KbD_RaFw": {
          "key": "_Klmb8kTTEDelw8KbD_RaFw",
          "name": "y",
          "type": null,
          "probability": 1,
          "modifiers": [
            "private"
          ],
          "to_variable": {
            "key": "_AnAlg0TLEDelw8KbD_RaFw",
            "name": "y",
            "type": null,
            "modifiers": [
              "private"
            ],
            "position": {}
          },
          "position": {}
        },
        "_Klmb80TTEDelw8KbD_RaFw": {
          "key": "_Klmb80TTEDelw8KbD_RaFw",
          "name": "w",
          "type": null,
          "probability": 1,
          "modifiers": [
            "private"
          ],
          "to_variable": {
            "key": "_AnAlhETLEDelw8KbD_RaFw",
            "name": "w",
            "type": null,
            "modifiers": [
              "private"
            ],
            "position": {}
          },
          "position": {}
        },
        "_Klmb9ETTEDelw8KbD_RaFw": {
          "key": "_Klmb9ETTEDelw8KbD_RaFw",
          "name": "h",
          "type": null,
          "probability": 1,
          "modifiers": [
            "private"
          ],
          "to_variable": {
            "key": "_AnAlhUTLEDelw8KbD_RaFw",
            "name": "h",
            "type": null,
            "modifiers": [
              "private"
            ],
            "position": {}
          },
          "position": {}
        }
      }
    }
  }
}