{
  "report_version": "unknown",
  "report_timestamp": "2025-03-26T21:37:40.612Z",
  "target_language": "java",
  "report_summary": {
    "additional": null,
    "amount_classes_or_interfaces_with_data_clumps": 2,
    "amount_files_with_data_clumps": 2,
    "amount_methods_with_data_clumps": 0,
    "fields_to_fields_data_clump": 2,
    "parameters_to_fields_data_clump": 0,
    "parameters_to_parameters_data_clump": 0,
    "amount_data_clumps": 2
  },
  "project_info": {
    "project_url": "unknown_project_url",
    "project_name": "_HGBOQCDjEeqqcaoAsxFIeg",
    "project_version": "unknown_project_version",
    "project_commit_hash": "unknown",
    "project_tag": null,
    "project_commit_date": null,
    "additional": {},
    "number_of_files": 9,
    "number_of_classes_or_interfaces": 9,
    "number_of_methods": 4,
    "number_of_data_fields": 15,
    "number_of_method_parameters": 0
  },
  "detector": {
    "name": "data-clumps-doctor",
    "url": "https://github.com/NilsBaumgartner1994/data-clumps-doctor",
    "version": "0.1.100",
    "options": {
      "typeVariablesConsidered": false,
      "similarityModifierOfVariablesWithUnknownType": 0,
      "fieldsOfClassesWithUnknownHierarchyProbabilityModifier": 0,
      "sharedFieldsToFieldsAmountMinimum": 3,
      "analyseFieldsInClassesOrInterfacesInheritedFromSuperClassesOrInterfaces": false,
      "sharedParametersToParametersAmountMinimum": 3,
      "sharedParametersToFieldsAmountMinimum": 3,
      "methodsOfClassesOrInterfacesWithUnknownHierarchyProbabilityModifier": 0
    }
  },
  "data_clumps": {
    "fields_to_fields_data_clump-./Home-_mFJw4Y3bEDe4i9lvqeiM2w-_zQlQYI3bEDe4i9lvqeiM2w-sourcedestinationtrainName": {
      "type": "data_clump",
      "key": "fields_to_fields_data_clump-./Home-_mFJw4Y3bEDe4i9lvqeiM2w-_zQlQYI3bEDe4i9lvqeiM2w-sourcedestinationtrainName",
      "probability": 1,
      "from_file_path": "./Home",
      "from_class_or_interface_name": "Home",
      "from_class_or_interface_key": "_mFJw4Y3bEDe4i9lvqeiM2w",
      "from_method_name": null,
      "from_method_key": null,
      "to_file_path": "./List_Of_Trains",
      "to_class_or_interface_key": "_zQlQYI3bEDe4i9lvqeiM2w",
      "to_class_or_interface_name": "Home",
      "to_method_key": null,
      "to_method_name": null,
      "data_clump_type": "fields_to_fields_data_clump",
      "data_clump_data": {
        "_oOpM8I3bEDe4i9lvqeiM2w": {
          "key": "_oOpM8I3bEDe4i9lvqeiM2w",
          "name": "source",
          "type": null,
          "probability": 1,
          "modifiers": [
            "public"
          ],
          "to_variable": {
            "key": "_1bKRkI3bEDe4i9lvqeiM2w",
            "name": "source",
            "type": null,
            "modifiers": [
              "public"
            ],
            "position": {}
          },
          "position": {}
        },
        "_rjfB0I3bEDe4i9lvqeiM2w": {
          "key": "_rjfB0I3bEDe4i9lvqeiM2w",
          "name": "destination",
          "type": null,
          "probability": 1,
          "modifiers": [
            "public"
          ],
          "to_variable": {
            "key": "_1gjH4I3bEDe4i9lvqeiM2w",
            "name": "destination",
            "type": null,
            "modifiers": [
              "public"
            ],
            "position": {}
          },
          "position": {}
        },
        "_sFEE4Y3bEDe4i9lvqeiM2w": {
          "key": "_sFEE4Y3bEDe4i9lvqeiM2w",
          "name": "trainName",
          "type": null,
          "probability": 1,
          "modifiers": [
            "public"
          ],
          "to_variable": {
            "key": "_1VQd4I3bEDe4i9lvqeiM2w",
            "name": "trainName",
            "type": null,
            "modifiers": [
              "public"
            ],
            "position": {}
          },
          "position": {}
        }
      }
    },
    "fields_to_fields_data_clump-./List_Of_Trains-_zQlQYI3bEDe4i9lvqeiM2w-_mFJw4Y3bEDe4i9lvqeiM2w-trainNamesourcedestination": {
      "type": "data_clump",
      "key": "fields_to_fields_data_clump-./List_Of_Trains-_zQlQYI3bEDe4i9lvqeiM2w-_mFJw4Y3bEDe4i9lvqeiM2w-trainNamesourcedestination",
      "probability": 1,
      "from_file_path": "./List_Of_Trains",
      "from_class_or_interface_name": "List_Of_Trains",
      "from_class_or_interface_key": "_zQlQYI3bEDe4i9lvqeiM2w",
      "from_method_name": null,
      "from_method_key": null,
      "to_file_path": "./Home",
      "to_class_or_interface_key": "_mFJw4Y3bEDe4i9lvqeiM2w",
      "to_class_or_interface_name": "List_Of_Trains",
      "to_method_key": null,
      "to_method_name": null,
      "data_clump_type": "fields_to_fields_data_clump",
      "data_clump_data": {
        "_1VQd4I3bEDe4i9lvqeiM2w": {
          "key": "_1VQd4I3bEDe4i9lvqeiM2w",
          "name": "trainName",
          "type": null,
          "probability": 1,
          "modifiers": [
            "public"
          ],
          "to_variable": {
            "key": "_sFEE4Y3bEDe4i9lvqeiM2w",
            "name": "trainName",
            "type": null,
            "modifiers": [
              "public"
            ],
            "position": {}
          },
          "position": {}
        },
        "_1bKRkI3bEDe4i9lvqeiM2w": {
          "key": "_1bKRkI3bEDe4i9lvqeiM2w",
          "name": "source",
          "type": null,
          "probability": 1,
          "modifiers": [
            "public"
          ],
          "to_variable": {
            "key": "_oOpM8I3bEDe4i9lvqeiM2w",
            "name": "source",
            "type": null,
            "modifiers": [
              "public"
            ],
            "position": {}
          },
          "position": {}
        },
        "_1gjH4I3bEDe4i9lvqeiM2w": {
          "key": "_1gjH4I3bEDe4i9lvqeiM2w",
          "name": "destination",
          "type": null,
          "probability": 1,
          "modifiers": [
            "public"
          ],
          "to_variable": {
            "key": "_rjfB0I3bEDe4i9lvqeiM2w",
            "name": "destination",
            "type": null,
            "modifiers": [
              "public"
            ],
            "position": {}
          },
          "position": {}
        }
      }
    }
  }
}