{
  "report_version": "unknown",
  "report_timestamp": "2025-03-26T23:08:22.269Z",
  "target_language": "java",
  "report_summary": {
    "additional": null,
    "amount_classes_or_interfaces_with_data_clumps": 2,
    "amount_files_with_data_clumps": 2,
    "amount_methods_with_data_clumps": 0,
    "fields_to_fields_data_clump": 2,
    "parameters_to_fields_data_clump": 0,
    "parameters_to_parameters_data_clump": 0,
    "amount_data_clumps": 2
  },
  "project_info": {
    "project_url": "unknown_project_url",
    "project_name": "_yk7voPRyEeiy0d_yUThzLQ",
    "project_version": "unknown_project_version",
    "project_commit_hash": "unknown",
    "project_tag": null,
    "project_commit_date": null,
    "additional": {},
    "number_of_files": 6,
    "number_of_classes_or_interfaces": 6,
    "number_of_methods": 12,
    "number_of_data_fields": 14,
    "number_of_method_parameters": 0
  },
  "detector": {
    "name": "data-clumps-doctor",
    "url": "https://github.com/NilsBaumgartner1994/data-clumps-doctor",
    "version": "0.1.100",
    "options": {
      "typeVariablesConsidered": false,
      "similarityModifierOfVariablesWithUnknownType": 0,
      "fieldsOfClassesWithUnknownHierarchyProbabilityModifier": 0,
      "sharedFieldsToFieldsAmountMinimum": 3,
      "analyseFieldsInClassesOrInterfacesInheritedFromSuperClassesOrInterfaces": false,
      "sharedParametersToParametersAmountMinimum": 3,
      "sharedParametersToFieldsAmountMinimum": 3,
      "methodsOfClassesOrInterfacesWithUnknownHierarchyProbabilityModifier": 0
    }
  },
  "data_clumps": {
    "fields_to_fields_data_clump-./HipChat-_SZ77kNahEDal2O5psViUTg-_X1NRcdahEDal2O5psViUTg-hostportpath": {
      "type": "data_clump",
      "key": "fields_to_fields_data_clump-./HipChat-_SZ77kNahEDal2O5psViUTg-_X1NRcdahEDal2O5psViUTg-hostportpath",
      "probability": 1,
      "from_file_path": "./HipChat",
      "from_class_or_interface_name": "HipChat",
      "from_class_or_interface_key": "_SZ77kNahEDal2O5psViUTg",
      "from_method_name": null,
      "from_method_key": null,
      "to_file_path": "./ServiceNow",
      "to_class_or_interface_key": "_X1NRcdahEDal2O5psViUTg",
      "to_class_or_interface_name": "HipChat",
      "to_method_key": null,
      "to_method_name": null,
      "data_clump_type": "fields_to_fields_data_clump",
      "data_clump_data": {
        "_aouQANajEDal2O5psViUTg": {
          "key": "_aouQANajEDal2O5psViUTg",
          "name": "host",
          "type": null,
          "probability": 1,
          "modifiers": [
            "private"
          ],
          "to_variable": {
            "key": "_o8PY8NajEDal2O5psViUTg",
            "name": "host",
            "type": null,
            "modifiers": [
              "private"
            ],
            "position": {}
          },
          "position": {}
        },
        "_c4WwUNajEDal2O5psViUTg": {
          "key": "_c4WwUNajEDal2O5psViUTg",
          "name": "port",
          "type": null,
          "probability": 1,
          "modifiers": [
            "private"
          ],
          "to_variable": {
            "key": "_o8PY8dajEDal2O5psViUTg",
            "name": "port",
            "type": null,
            "modifiers": [
              "private"
            ],
            "position": {}
          },
          "position": {}
        },
        "_jLTVENajEDal2O5psViUTg": {
          "key": "_jLTVENajEDal2O5psViUTg",
          "name": "path",
          "type": null,
          "probability": 1,
          "modifiers": [
            "private"
          ],
          "to_variable": {
            "key": "_o8PY89ajEDal2O5psViUTg",
            "name": "path",
            "type": null,
            "modifiers": [
              "private"
            ],
            "position": {}
          },
          "position": {}
        }
      }
    },
    "fields_to_fields_data_clump-./ServiceNow-_X1NRcdahEDal2O5psViUTg-_SZ77kNahEDal2O5psViUTg-hostportpath": {
      "type": "data_clump",
      "key": "fields_to_fields_data_clump-./ServiceNow-_X1NRcdahEDal2O5psViUTg-_SZ77kNahEDal2O5psViUTg-hostportpath",
      "probability": 1,
      "from_file_path": "./ServiceNow",
      "from_class_or_interface_name": "ServiceNow",
      "from_class_or_interface_key": "_X1NRcdahEDal2O5psViUTg",
      "from_method_name": null,
      "from_method_key": null,
      "to_file_path": "./HipChat",
      "to_class_or_interface_key": "_SZ77kNahEDal2O5psViUTg",
      "to_class_or_interface_name": "ServiceNow",
      "to_method_key": null,
      "to_method_name": null,
      "data_clump_type": "fields_to_fields_data_clump",
      "data_clump_data": {
        "_o8PY8NajEDal2O5psViUTg": {
          "key": "_o8PY8NajEDal2O5psViUTg",
          "name": "host",
          "type": null,
          "probability": 1,
          "modifiers": [
            "private"
          ],
          "to_variable": {
            "key": "_aouQANajEDal2O5psViUTg",
            "name": "host",
            "type": null,
            "modifiers": [
              "private"
            ],
            "position": {}
          },
          "position": {}
        },
        "_o8PY8dajEDal2O5psViUTg": {
          "key": "_o8PY8dajEDal2O5psViUTg",
          "name": "port",
          "type": null,
          "probability": 1,
          "modifiers": [
            "private"
          ],
          "to_variable": {
            "key": "_c4WwUNajEDal2O5psViUTg",
            "name": "port",
            "type": null,
            "modifiers": [
              "private"
            ],
            "position": {}
          },
          "position": {}
        },
        "_o8PY89ajEDal2O5psViUTg": {
          "key": "_o8PY89ajEDal2O5psViUTg",
          "name": "path",
          "type": null,
          "probability": 1,
          "modifiers": [
            "private"
          ],
          "to_variable": {
            "key": "_jLTVENajEDal2O5psViUTg",
            "name": "path",
            "type": null,
            "modifiers": [
              "private"
            ],
            "position": {}
          },
          "position": {}
        }
      }
    }
  }
}