{
  "report_version": "unknown",
  "report_timestamp": "2025-03-26T22:49:36.365Z",
  "target_language": "java",
  "report_summary": {
    "additional": null,
    "amount_classes_or_interfaces_with_data_clumps": 2,
    "amount_files_with_data_clumps": 2,
    "amount_methods_with_data_clumps": 3,
    "fields_to_fields_data_clump": 0,
    "parameters_to_fields_data_clump": 0,
    "parameters_to_parameters_data_clump": 6,
    "amount_data_clumps": 6
  },
  "project_info": {
    "project_url": "unknown_project_url",
    "project_name": "_4RZNsFKrEeeTnI9B59buBQ",
    "project_version": "unknown_project_version",
    "project_commit_hash": "unknown",
    "project_tag": null,
    "project_commit_date": null,
    "additional": {},
    "number_of_files": 6,
    "number_of_classes_or_interfaces": 6,
    "number_of_methods": 10,
    "number_of_data_fields": 21,
    "number_of_method_parameters": 22
  },
  "detector": {
    "name": "data-clumps-doctor",
    "url": "https://github.com/NilsBaumgartner1994/data-clumps-doctor",
    "version": "0.1.100",
    "options": {
      "typeVariablesConsidered": false,
      "similarityModifierOfVariablesWithUnknownType": 0,
      "fieldsOfClassesWithUnknownHierarchyProbabilityModifier": 0,
      "sharedFieldsToFieldsAmountMinimum": 3,
      "analyseFieldsInClassesOrInterfacesInheritedFromSuperClassesOrInterfaces": false,
      "sharedParametersToParametersAmountMinimum": 3,
      "sharedParametersToFieldsAmountMinimum": 3,
      "methodsOfClassesOrInterfacesWithUnknownHierarchyProbabilityModifier": 0
    }
  },
  "data_clumps": {
    "parameters_to_parameters_data_clump-./Goal-_rWbf4TTaEDW69fzXaHhlSg-_5qGZ0TTaEDW69fzXaHhlSg-parameterparameter2parameter3parameter4": {
      "type": "data_clump",
      "key": "parameters_to_parameters_data_clump-./Goal-_rWbf4TTaEDW69fzXaHhlSg-_5qGZ0TTaEDW69fzXaHhlSg-parameterparameter2parameter3parameter4",
      "probability": 1,
      "from_file_path": "./Goal",
      "from_class_or_interface_name": "Goal",
      "from_class_or_interface_key": "___5TsDTZEDW69fzXaHhlSg",
      "from_method_name": "Goal",
      "from_method_key": "_rWbf4TTaEDW69fzXaHhlSg",
      "to_file_path": "./Goal",
      "to_class_or_interface_name": "Goal",
      "to_class_or_interface_key": "___5TsDTZEDW69fzXaHhlSg",
      "to_method_name": "calculateProgress",
      "to_method_key": "_5qGZ0TTaEDW69fzXaHhlSg",
      "data_clump_type": "parameters_to_parameters_data_clump",
      "data_clump_data": {
        "_1YezoDTaEDW69fzXaHhlSg": {
          "key": "_1YezoDTaEDW69fzXaHhlSg",
          "name": "parameter",
          "type": null,
          "probability": 1,
          "modifiers": [],
          "to_variable": {
            "key": "_Ch12kDTbEDW69fzXaHhlSg",
            "name": "parameter",
            "type": null,
            "modifiers": [],
            "position": {}
          },
          "position": {}
        },
        "_1lfU4DTaEDW69fzXaHhlSg": {
          "key": "_1lfU4DTaEDW69fzXaHhlSg",
          "name": "parameter2",
          "type": null,
          "probability": 1,
          "modifiers": [],
          "to_variable": {
            "key": "_DVLYADTbEDW69fzXaHhlSg",
            "name": "parameter2",
            "type": null,
            "modifiers": [],
            "position": {}
          },
          "position": {}
        },
        "_1q-44DTaEDW69fzXaHhlSg": {
          "key": "_1q-44DTaEDW69fzXaHhlSg",
          "name": "parameter3",
          "type": null,
          "probability": 1,
          "modifiers": [],
          "to_variable": {
            "key": "_DYqJ0DTbEDW69fzXaHhlSg",
            "name": "parameter3",
            "type": null,
            "modifiers": [],
            "position": {}
          },
          "position": {}
        },
        "_1veXUDTaEDW69fzXaHhlSg": {
          "key": "_1veXUDTaEDW69fzXaHhlSg",
          "name": "parameter4",
          "type": null,
          "probability": 1,
          "modifiers": [],
          "to_variable": {
            "key": "_DcF4UDTbEDW69fzXaHhlSg",
            "name": "parameter4",
            "type": null,
            "modifiers": [],
            "position": {}
          },
          "position": {}
        }
      }
    },
    "parameters_to_parameters_data_clump-./Goal-_rWbf4TTaEDW69fzXaHhlSg-_R4CdIDTeEDW69fzXaHhlSg-parameterparameter2parameter3parameter4": {
      "type": "data_clump",
      "key": "parameters_to_parameters_data_clump-./Goal-_rWbf4TTaEDW69fzXaHhlSg-_R4CdIDTeEDW69fzXaHhlSg-parameterparameter2parameter3parameter4",
      "probability": 1,
      "from_file_path": "./Goal",
      "from_class_or_interface_name": "Goal",
      "from_class_or_interface_key": "___5TsDTZEDW69fzXaHhlSg",
      "from_method_name": "Goal",
      "from_method_key": "_rWbf4TTaEDW69fzXaHhlSg",
      "to_file_path": "./GoalManager",
      "to_class_or_interface_name": "GoalManager",
      "to_class_or_interface_key": "_qrGjkDTdEDW69fzXaHhlSg",
      "to_method_name": "addStats",
      "to_method_key": "_R4CdIDTeEDW69fzXaHhlSg",
      "data_clump_type": "parameters_to_parameters_data_clump",
      "data_clump_data": {
        "_1YezoDTaEDW69fzXaHhlSg": {
          "key": "_1YezoDTaEDW69fzXaHhlSg",
          "name": "parameter",
          "type": null,
          "probability": 1,
          "modifiers": [],
          "to_variable": {
            "key": "_bKguEDTeEDW69fzXaHhlSg",
            "name": "parameter",
            "type": null,
            "modifiers": [],
            "position": {}
          },
          "position": {}
        },
        "_1lfU4DTaEDW69fzXaHhlSg": {
          "key": "_1lfU4DTaEDW69fzXaHhlSg",
          "name": "parameter2",
          "type": null,
          "probability": 1,
          "modifiers": [],
          "to_variable": {
            "key": "_bRrGADTeEDW69fzXaHhlSg",
            "name": "parameter2",
            "type": null,
            "modifiers": [],
            "position": {}
          },
          "position": {}
        },
        "_1q-44DTaEDW69fzXaHhlSg": {
          "key": "_1q-44DTaEDW69fzXaHhlSg",
          "name": "parameter3",
          "type": null,
          "probability": 1,
          "modifiers": [],
          "to_variable": {
            "key": "_bUfwgDTeEDW69fzXaHhlSg",
            "name": "parameter3",
            "type": null,
            "modifiers": [],
            "position": {}
          },
          "position": {}
        },
        "_1veXUDTaEDW69fzXaHhlSg": {
          "key": "_1veXUDTaEDW69fzXaHhlSg",
          "name": "parameter4",
          "type": null,
          "probability": 1,
          "modifiers": [],
          "to_variable": {
            "key": "_bXn9ADTeEDW69fzXaHhlSg",
            "name": "parameter4",
            "type": null,
            "modifiers": [],
            "position": {}
          },
          "position": {}
        }
      }
    },
    "parameters_to_parameters_data_clump-./Goal-_5qGZ0TTaEDW69fzXaHhlSg-_rWbf4TTaEDW69fzXaHhlSg-parameterparameter2parameter3parameter4": {
      "type": "data_clump",
      "key": "parameters_to_parameters_data_clump-./Goal-_5qGZ0TTaEDW69fzXaHhlSg-_rWbf4TTaEDW69fzXaHhlSg-parameterparameter2parameter3parameter4",
      "probability": 1,
      "from_file_path": "./Goal",
      "from_class_or_interface_name": "Goal",
      "from_class_or_interface_key": "___5TsDTZEDW69fzXaHhlSg",
      "from_method_name": "calculateProgress",
      "from_method_key": "_5qGZ0TTaEDW69fzXaHhlSg",
      "to_file_path": "./Goal",
      "to_class_or_interface_name": "Goal",
      "to_class_or_interface_key": "___5TsDTZEDW69fzXaHhlSg",
      "to_method_name": "Goal",
      "to_method_key": "_rWbf4TTaEDW69fzXaHhlSg",
      "data_clump_type": "parameters_to_parameters_data_clump",
      "data_clump_data": {
        "_Ch12kDTbEDW69fzXaHhlSg": {
          "key": "_Ch12kDTbEDW69fzXaHhlSg",
          "name": "parameter",
          "type": null,
          "probability": 1,
          "modifiers": [],
          "to_variable": {
            "key": "_1YezoDTaEDW69fzXaHhlSg",
            "name": "parameter",
            "type": null,
            "modifiers": [],
            "position": {}
          },
          "position": {}
        },
        "_DVLYADTbEDW69fzXaHhlSg": {
          "key": "_DVLYADTbEDW69fzXaHhlSg",
          "name": "parameter2",
          "type": null,
          "probability": 1,
          "modifiers": [],
          "to_variable": {
            "key": "_1lfU4DTaEDW69fzXaHhlSg",
            "name": "parameter2",
            "type": null,
            "modifiers": [],
            "position": {}
          },
          "position": {}
        },
        "_DYqJ0DTbEDW69fzXaHhlSg": {
          "key": "_DYqJ0DTbEDW69fzXaHhlSg",
          "name": "parameter3",
          "type": null,
          "probability": 1,
          "modifiers": [],
          "to_variable": {
            "key": "_1q-44DTaEDW69fzXaHhlSg",
            "name": "parameter3",
            "type": null,
            "modifiers": [],
            "position": {}
          },
          "position": {}
        },
        "_DcF4UDTbEDW69fzXaHhlSg": {
          "key": "_DcF4UDTbEDW69fzXaHhlSg",
          "name": "parameter4",
          "type": null,
          "probability": 1,
          "modifiers": [],
          "to_variable": {
            "key": "_1veXUDTaEDW69fzXaHhlSg",
            "name": "parameter4",
            "type": null,
            "modifiers": [],
            "position": {}
          },
          "position": {}
        }
      }
    },
    "parameters_to_parameters_data_clump-./Goal-_5qGZ0TTaEDW69fzXaHhlSg-_R4CdIDTeEDW69fzXaHhlSg-parameterparameter2parameter3parameter4": {
      "type": "data_clump",
      "key": "parameters_to_parameters_data_clump-./Goal-_5qGZ0TTaEDW69fzXaHhlSg-_R4CdIDTeEDW69fzXaHhlSg-parameterparameter2parameter3parameter4",
      "probability": 1,
      "from_file_path": "./Goal",
      "from_class_or_interface_name": "Goal",
      "from_class_or_interface_key": "___5TsDTZEDW69fzXaHhlSg",
      "from_method_name": "calculateProgress",
      "from_method_key": "_5qGZ0TTaEDW69fzXaHhlSg",
      "to_file_path": "./GoalManager",
      "to_class_or_interface_name": "GoalManager",
      "to_class_or_interface_key": "_qrGjkDTdEDW69fzXaHhlSg",
      "to_method_name": "addStats",
      "to_method_key": "_R4CdIDTeEDW69fzXaHhlSg",
      "data_clump_type": "parameters_to_parameters_data_clump",
      "data_clump_data": {
        "_Ch12kDTbEDW69fzXaHhlSg": {
          "key": "_Ch12kDTbEDW69fzXaHhlSg",
          "name": "parameter",
          "type": null,
          "probability": 1,
          "modifiers": [],
          "to_variable": {
            "key": "_bKguEDTeEDW69fzXaHhlSg",
            "name": "parameter",
            "type": null,
            "modifiers": [],
            "position": {}
          },
          "position": {}
        },
        "_DVLYADTbEDW69fzXaHhlSg": {
          "key": "_DVLYADTbEDW69fzXaHhlSg",
          "name": "parameter2",
          "type": null,
          "probability": 1,
          "modifiers": [],
          "to_variable": {
            "key": "_bRrGADTeEDW69fzXaHhlSg",
            "name": "parameter2",
            "type": null,
            "modifiers": [],
            "position": {}
          },
          "position": {}
        },
        "_DYqJ0DTbEDW69fzXaHhlSg": {
          "key": "_DYqJ0DTbEDW69fzXaHhlSg",
          "name": "parameter3",
          "type": null,
          "probability": 1,
          "modifiers": [],
          "to_variable": {
            "key": "_bUfwgDTeEDW69fzXaHhlSg",
            "name": "parameter3",
            "type": null,
            "modifiers": [],
            "position": {}
          },
          "position": {}
        },
        "_DcF4UDTbEDW69fzXaHhlSg": {
          "key": "_DcF4UDTbEDW69fzXaHhlSg",
          "name": "parameter4",
          "type": null,
          "probability": 1,
          "modifiers": [],
          "to_variable": {
            "key": "_bXn9ADTeEDW69fzXaHhlSg",
            "name": "parameter4",
            "type": null,
            "modifiers": [],
            "position": {}
          },
          "position": {}
        }
      }
    },
    "parameters_to_parameters_data_clump-./GoalManager-_R4CdIDTeEDW69fzXaHhlSg-_rWbf4TTaEDW69fzXaHhlSg-parameterparameter2parameter3parameter4": {
      "type": "data_clump",
      "key": "parameters_to_parameters_data_clump-./GoalManager-_R4CdIDTeEDW69fzXaHhlSg-_rWbf4TTaEDW69fzXaHhlSg-parameterparameter2parameter3parameter4",
      "probability": 1,
      "from_file_path": "./GoalManager",
      "from_class_or_interface_name": "GoalManager",
      "from_class_or_interface_key": "_qrGjkDTdEDW69fzXaHhlSg",
      "from_method_name": "addStats",
      "from_method_key": "_R4CdIDTeEDW69fzXaHhlSg",
      "to_file_path": "./Goal",
      "to_class_or_interface_name": "Goal",
      "to_class_or_interface_key": "___5TsDTZEDW69fzXaHhlSg",
      "to_method_name": "Goal",
      "to_method_key": "_rWbf4TTaEDW69fzXaHhlSg",
      "data_clump_type": "parameters_to_parameters_data_clump",
      "data_clump_data": {
        "_bKguEDTeEDW69fzXaHhlSg": {
          "key": "_bKguEDTeEDW69fzXaHhlSg",
          "name": "parameter",
          "type": null,
          "probability": 1,
          "modifiers": [],
          "to_variable": {
            "key": "_1YezoDTaEDW69fzXaHhlSg",
            "name": "parameter",
            "type": null,
            "modifiers": [],
            "position": {}
          },
          "position": {}
        },
        "_bRrGADTeEDW69fzXaHhlSg": {
          "key": "_bRrGADTeEDW69fzXaHhlSg",
          "name": "parameter2",
          "type": null,
          "probability": 1,
          "modifiers": [],
          "to_variable": {
            "key": "_1lfU4DTaEDW69fzXaHhlSg",
            "name": "parameter2",
            "type": null,
            "modifiers": [],
            "position": {}
          },
          "position": {}
        },
        "_bUfwgDTeEDW69fzXaHhlSg": {
          "key": "_bUfwgDTeEDW69fzXaHhlSg",
          "name": "parameter3",
          "type": null,
          "probability": 1,
          "modifiers": [],
          "to_variable": {
            "key": "_1q-44DTaEDW69fzXaHhlSg",
            "name": "parameter3",
            "type": null,
            "modifiers": [],
            "position": {}
          },
          "position": {}
        },
        "_bXn9ADTeEDW69fzXaHhlSg": {
          "key": "_bXn9ADTeEDW69fzXaHhlSg",
          "name": "parameter4",
          "type": null,
          "probability": 1,
          "modifiers": [],
          "to_variable": {
            "key": "_1veXUDTaEDW69fzXaHhlSg",
            "name": "parameter4",
            "type": null,
            "modifiers": [],
            "position": {}
          },
          "position": {}
        }
      }
    },
    "parameters_to_parameters_data_clump-./GoalManager-_R4CdIDTeEDW69fzXaHhlSg-_5qGZ0TTaEDW69fzXaHhlSg-parameterparameter2parameter3parameter4": {
      "type": "data_clump",
      "key": "parameters_to_parameters_data_clump-./GoalManager-_R4CdIDTeEDW69fzXaHhlSg-_5qGZ0TTaEDW69fzXaHhlSg-parameterparameter2parameter3parameter4",
      "probability": 1,
      "from_file_path": "./GoalManager",
      "from_class_or_interface_name": "GoalManager",
      "from_class_or_interface_key": "_qrGjkDTdEDW69fzXaHhlSg",
      "from_method_name": "addStats",
      "from_method_key": "_R4CdIDTeEDW69fzXaHhlSg",
      "to_file_path": "./Goal",
      "to_class_or_interface_name": "Goal",
      "to_class_or_interface_key": "___5TsDTZEDW69fzXaHhlSg",
      "to_method_name": "calculateProgress",
      "to_method_key": "_5qGZ0TTaEDW69fzXaHhlSg",
      "data_clump_type": "parameters_to_parameters_data_clump",
      "data_clump_data": {
        "_bKguEDTeEDW69fzXaHhlSg": {
          "key": "_bKguEDTeEDW69fzXaHhlSg",
          "name": "parameter",
          "type": null,
          "probability": 1,
          "modifiers": [],
          "to_variable": {
            "key": "_Ch12kDTbEDW69fzXaHhlSg",
            "name": "parameter",
            "type": null,
            "modifiers": [],
            "position": {}
          },
          "position": {}
        },
        "_bRrGADTeEDW69fzXaHhlSg": {
          "key": "_bRrGADTeEDW69fzXaHhlSg",
          "name": "parameter2",
          "type": null,
          "probability": 1,
          "modifiers": [],
          "to_variable": {
            "key": "_DVLYADTbEDW69fzXaHhlSg",
            "name": "parameter2",
            "type": null,
            "modifiers": [],
            "position": {}
          },
          "position": {}
        },
        "_bUfwgDTeEDW69fzXaHhlSg": {
          "key": "_bUfwgDTeEDW69fzXaHhlSg",
          "name": "parameter3",
          "type": null,
          "probability": 1,
          "modifiers": [],
          "to_variable": {
            "key": "_DYqJ0DTbEDW69fzXaHhlSg",
            "name": "parameter3",
            "type": null,
            "modifiers": [],
            "position": {}
          },
          "position": {}
        },
        "_bXn9ADTeEDW69fzXaHhlSg": {
          "key": "_bXn9ADTeEDW69fzXaHhlSg",
          "name": "parameter4",
          "type": null,
          "probability": 1,
          "modifiers": [],
          "to_variable": {
            "key": "_DcF4UDTbEDW69fzXaHhlSg",
            "name": "parameter4",
            "type": null,
            "modifiers": [],
            "position": {}
          },
          "position": {}
        }
      }
    }
  }
}