{
  "report_version": "unknown",
  "report_timestamp": "2025-03-26T21:37:38.290Z",
  "target_language": "java",
  "report_summary": {
    "additional": null,
    "amount_classes_or_interfaces_with_data_clumps": 2,
    "amount_files_with_data_clumps": 2,
    "amount_methods_with_data_clumps": 0,
    "fields_to_fields_data_clump": 2,
    "parameters_to_fields_data_clump": 0,
    "parameters_to_parameters_data_clump": 0,
    "amount_data_clumps": 2
  },
  "project_info": {
    "project_url": "unknown_project_url",
    "project_name": "_rkAXkCIMEDGvAMtsPNAtOQ",
    "project_version": "unknown_project_version",
    "project_commit_hash": "unknown",
    "project_tag": null,
    "project_commit_date": null,
    "additional": {},
    "number_of_files": 9,
    "number_of_classes_or_interfaces": 9,
    "number_of_methods": 0,
    "number_of_data_fields": 32,
    "number_of_method_parameters": 0
  },
  "detector": {
    "name": "data-clumps-doctor",
    "url": "https://github.com/NilsBaumgartner1994/data-clumps-doctor",
    "version": "0.1.100",
    "options": {
      "typeVariablesConsidered": false,
      "similarityModifierOfVariablesWithUnknownType": 0,
      "fieldsOfClassesWithUnknownHierarchyProbabilityModifier": 0,
      "sharedFieldsToFieldsAmountMinimum": 3,
      "analyseFieldsInClassesOrInterfacesInheritedFromSuperClassesOrInterfaces": false,
      "sharedParametersToParametersAmountMinimum": 3,
      "sharedParametersToFieldsAmountMinimum": 3,
      "methodsOfClassesOrInterfacesWithUnknownHierarchyProbabilityModifier": 0
    }
  },
  "data_clumps": {
    "fields_to_fields_data_clump-./Measurements-_2Rz-ECIMEDG7nJFy7ygf7A-_jwZ4YCIMEDG7nJFy7ygf7A-weightbmiheight": {
      "type": "data_clump",
      "key": "fields_to_fields_data_clump-./Measurements-_2Rz-ECIMEDG7nJFy7ygf7A-_jwZ4YCIMEDG7nJFy7ygf7A-weightbmiheight",
      "probability": 1,
      "from_file_path": "./Measurements",
      "from_class_or_interface_name": "Measurements",
      "from_class_or_interface_key": "_2Rz-ECIMEDG7nJFy7ygf7A",
      "from_method_name": null,
      "from_method_key": null,
      "to_file_path": "./updateprofile",
      "to_class_or_interface_key": "_jwZ4YCIMEDG7nJFy7ygf7A",
      "to_class_or_interface_name": "Measurements",
      "to_method_key": null,
      "to_method_name": null,
      "data_clump_type": "fields_to_fields_data_clump",
      "data_clump_data": {
        "_I4GjwCINEDG7nJFy7ygf7A": {
          "key": "_I4GjwCINEDG7nJFy7ygf7A",
          "name": "weight",
          "type": null,
          "probability": 1,
          "modifiers": [],
          "to_variable": {
            "key": "_p2dQoCIMEDG7nJFy7ygf7A",
            "name": "weight",
            "type": null,
            "modifiers": [],
            "position": {}
          },
          "position": {}
        },
        "_JothUCINEDG7nJFy7ygf7A": {
          "key": "_JothUCINEDG7nJFy7ygf7A",
          "name": "bmi",
          "type": null,
          "probability": 1,
          "modifiers": [],
          "to_variable": {
            "key": "_wTDgoCIMEDG7nJFy7ygf7A",
            "name": "bmi",
            "type": null,
            "modifiers": [],
            "position": {}
          },
          "position": {}
        },
        "_VFREMCINEDG7nJFy7ygf7A": {
          "key": "_VFREMCINEDG7nJFy7ygf7A",
          "name": "height",
          "type": null,
          "probability": 1,
          "modifiers": [],
          "to_variable": {
            "key": "_miF84CIMEDG7nJFy7ygf7A",
            "name": "height",
            "type": null,
            "modifiers": [],
            "position": {}
          },
          "position": {}
        }
      }
    },
    "fields_to_fields_data_clump-./updateprofile-_jwZ4YCIMEDG7nJFy7ygf7A-_2Rz-ECIMEDG7nJFy7ygf7A-heightweightbmi": {
      "type": "data_clump",
      "key": "fields_to_fields_data_clump-./updateprofile-_jwZ4YCIMEDG7nJFy7ygf7A-_2Rz-ECIMEDG7nJFy7ygf7A-heightweightbmi",
      "probability": 1,
      "from_file_path": "./updateprofile",
      "from_class_or_interface_name": "updateprofile",
      "from_class_or_interface_key": "_jwZ4YCIMEDG7nJFy7ygf7A",
      "from_method_name": null,
      "from_method_key": null,
      "to_file_path": "./Measurements",
      "to_class_or_interface_key": "_2Rz-ECIMEDG7nJFy7ygf7A",
      "to_class_or_interface_name": "updateprofile",
      "to_method_key": null,
      "to_method_name": null,
      "data_clump_type": "fields_to_fields_data_clump",
      "data_clump_data": {
        "_miF84CIMEDG7nJFy7ygf7A": {
          "key": "_miF84CIMEDG7nJFy7ygf7A",
          "name": "height",
          "type": null,
          "probability": 1,
          "modifiers": [],
          "to_variable": {
            "key": "_VFREMCINEDG7nJFy7ygf7A",
            "name": "height",
            "type": null,
            "modifiers": [],
            "position": {}
          },
          "position": {}
        },
        "_p2dQoCIMEDG7nJFy7ygf7A": {
          "key": "_p2dQoCIMEDG7nJFy7ygf7A",
          "name": "weight",
          "type": null,
          "probability": 1,
          "modifiers": [],
          "to_variable": {
            "key": "_I4GjwCINEDG7nJFy7ygf7A",
            "name": "weight",
            "type": null,
            "modifiers": [],
            "position": {}
          },
          "position": {}
        },
        "_wTDgoCIMEDG7nJFy7ygf7A": {
          "key": "_wTDgoCIMEDG7nJFy7ygf7A",
          "name": "bmi",
          "type": null,
          "probability": 1,
          "modifiers": [],
          "to_variable": {
            "key": "_JothUCINEDG7nJFy7ygf7A",
            "name": "bmi",
            "type": null,
            "modifiers": [],
            "position": {}
          },
          "position": {}
        }
      }
    }
  }
}