{
  "report_version": "unknown",
  "report_timestamp": "2025-03-26T22:54:35.152Z",
  "target_language": "java",
  "report_summary": {
    "additional": null,
    "amount_classes_or_interfaces_with_data_clumps": 2,
    "amount_files_with_data_clumps": 2,
    "amount_methods_with_data_clumps": 4,
    "fields_to_fields_data_clump": 0,
    "parameters_to_fields_data_clump": 1,
    "parameters_to_parameters_data_clump": 4,
    "amount_data_clumps": 5
  },
  "project_info": {
    "project_url": "unknown_project_url",
    "project_name": "c6fc5c9c-d186-456b-b128-e409c6cef18c",
    "project_version": "unknown_project_version",
    "project_commit_hash": "unknown",
    "project_tag": null,
    "project_commit_date": null,
    "additional": {},
    "number_of_files": 7,
    "number_of_classes_or_interfaces": 7,
    "number_of_methods": 43,
    "number_of_data_fields": 19,
    "number_of_method_parameters": 45
  },
  "detector": {
    "name": "data-clumps-doctor",
    "url": "https://github.com/NilsBaumgartner1994/data-clumps-doctor",
    "version": "0.1.100",
    "options": {
      "typeVariablesConsidered": false,
      "similarityModifierOfVariablesWithUnknownType": 0,
      "fieldsOfClassesWithUnknownHierarchyProbabilityModifier": 0,
      "sharedFieldsToFieldsAmountMinimum": 3,
      "analyseFieldsInClassesOrInterfacesInheritedFromSuperClassesOrInterfaces": false,
      "sharedParametersToParametersAmountMinimum": 3,
      "sharedParametersToFieldsAmountMinimum": 3,
      "methodsOfClassesOrInterfacesWithUnknownHierarchyProbabilityModifier": 0
    }
  },
  "data_clumps": {
    "parameters_to_parameters_data_clump-./Main-_dArisYDREeedq6mw0ioxNw-_dAriwYDREeedq6mw0ioxNw-nameturnmoveable": {
      "type": "data_clump",
      "key": "parameters_to_parameters_data_clump-./Main-_dArisYDREeedq6mw0ioxNw-_dAriwYDREeedq6mw0ioxNw-nameturnmoveable",
      "probability": 1,
      "from_file_path": "./Main",
      "from_class_or_interface_name": "Main",
      "from_class_or_interface_key": "_dArik4DREeedq6mw0ioxNw",
      "from_method_name": "move",
      "from_method_key": "_dArisYDREeedq6mw0ioxNw",
      "to_file_path": "./Main",
      "to_class_or_interface_name": "Main",
      "to_class_or_interface_key": "_dArik4DREeedq6mw0ioxNw",
      "to_method_name": "rotate",
      "to_method_key": "_dAriwYDREeedq6mw0ioxNw",
      "data_clump_type": "parameters_to_parameters_data_clump",
      "data_clump_data": {
        "_dAritYDREeedq6mw0ioxNw": {
          "key": "_dAritYDREeedq6mw0ioxNw",
          "name": "name",
          "type": null,
          "probability": 1,
          "modifiers": [],
          "to_variable": {
            "key": "_dArixYDREeedq6mw0ioxNw",
            "name": "name",
            "type": null,
            "modifiers": [],
            "position": {}
          },
          "position": {}
        },
        "_dAriu4DREeedq6mw0ioxNw": {
          "key": "_dAriu4DREeedq6mw0ioxNw",
          "name": "turn",
          "type": null,
          "probability": 1,
          "modifiers": [],
          "to_variable": {
            "key": "_dAriy4DREeedq6mw0ioxNw",
            "name": "turn",
            "type": null,
            "modifiers": [],
            "position": {}
          },
          "position": {}
        },
        "_dArivoDREeedq6mw0ioxNw": {
          "key": "_dArivoDREeedq6mw0ioxNw",
          "name": "moveable",
          "type": null,
          "probability": 1,
          "modifiers": [],
          "to_variable": {
            "key": "_dAsJUYDREeedq6mw0ioxNw",
            "name": "moveable",
            "type": null,
            "modifiers": [],
            "position": {}
          },
          "position": {}
        }
      }
    },
    "parameters_to_parameters_data_clump-./Main-_dAriwYDREeedq6mw0ioxNw-_dArisYDREeedq6mw0ioxNw-nameturnmoveable": {
      "type": "data_clump",
      "key": "parameters_to_parameters_data_clump-./Main-_dAriwYDREeedq6mw0ioxNw-_dArisYDREeedq6mw0ioxNw-nameturnmoveable",
      "probability": 1,
      "from_file_path": "./Main",
      "from_class_or_interface_name": "Main",
      "from_class_or_interface_key": "_dArik4DREeedq6mw0ioxNw",
      "from_method_name": "rotate",
      "from_method_key": "_dAriwYDREeedq6mw0ioxNw",
      "to_file_path": "./Main",
      "to_class_or_interface_name": "Main",
      "to_class_or_interface_key": "_dArik4DREeedq6mw0ioxNw",
      "to_method_name": "move",
      "to_method_key": "_dArisYDREeedq6mw0ioxNw",
      "data_clump_type": "parameters_to_parameters_data_clump",
      "data_clump_data": {
        "_dArixYDREeedq6mw0ioxNw": {
          "key": "_dArixYDREeedq6mw0ioxNw",
          "name": "name",
          "type": null,
          "probability": 1,
          "modifiers": [],
          "to_variable": {
            "key": "_dAritYDREeedq6mw0ioxNw",
            "name": "name",
            "type": null,
            "modifiers": [],
            "position": {}
          },
          "position": {}
        },
        "_dAriy4DREeedq6mw0ioxNw": {
          "key": "_dAriy4DREeedq6mw0ioxNw",
          "name": "turn",
          "type": null,
          "probability": 1,
          "modifiers": [],
          "to_variable": {
            "key": "_dAriu4DREeedq6mw0ioxNw",
            "name": "turn",
            "type": null,
            "modifiers": [],
            "position": {}
          },
          "position": {}
        },
        "_dAsJUYDREeedq6mw0ioxNw": {
          "key": "_dAsJUYDREeedq6mw0ioxNw",
          "name": "moveable",
          "type": null,
          "probability": 1,
          "modifiers": [],
          "to_variable": {
            "key": "_dArivoDREeedq6mw0ioxNw",
            "name": "moveable",
            "type": null,
            "modifiers": [],
            "position": {}
          },
          "position": {}
        }
      }
    },
    "parameters_to_parameters_data_clump-./Main-_dAriwYDREeedq6mw0ioxNw-_dAsJVIDREeedq6mw0ioxNw-namerotationturn": {
      "type": "data_clump",
      "key": "parameters_to_parameters_data_clump-./Main-_dAriwYDREeedq6mw0ioxNw-_dAsJVIDREeedq6mw0ioxNw-namerotationturn",
      "probability": 1,
      "from_file_path": "./Main",
      "from_class_or_interface_name": "Main",
      "from_class_or_interface_key": "_dArik4DREeedq6mw0ioxNw",
      "from_method_name": "rotate",
      "from_method_key": "_dAriwYDREeedq6mw0ioxNw",
      "to_file_path": "./Main",
      "to_class_or_interface_name": "Main",
      "to_class_or_interface_key": "_dArik4DREeedq6mw0ioxNw",
      "to_method_name": "create",
      "to_method_key": "_dAsJVIDREeedq6mw0ioxNw",
      "data_clump_type": "parameters_to_parameters_data_clump",
      "data_clump_data": {
        "_dArixYDREeedq6mw0ioxNw": {
          "key": "_dArixYDREeedq6mw0ioxNw",
          "name": "name",
          "type": null,
          "probability": 1,
          "modifiers": [],
          "to_variable": {
            "key": "_dAsJWIDREeedq6mw0ioxNw",
            "name": "name",
            "type": null,
            "modifiers": [],
            "position": {}
          },
          "position": {}
        },
        "_dAriyIDREeedq6mw0ioxNw": {
          "key": "_dAriyIDREeedq6mw0ioxNw",
          "name": "rotation",
          "type": null,
          "probability": 1,
          "modifiers": [],
          "to_variable": {
            "key": "_dAsJW4DREeedq6mw0ioxNw",
            "name": "rotation",
            "type": null,
            "modifiers": [],
            "position": {}
          },
          "position": {}
        },
        "_dAriy4DREeedq6mw0ioxNw": {
          "key": "_dAriy4DREeedq6mw0ioxNw",
          "name": "turn",
          "type": null,
          "probability": 1,
          "modifiers": [],
          "to_variable": {
            "key": "_dAsJXoDREeedq6mw0ioxNw",
            "name": "turn",
            "type": null,
            "modifiers": [],
            "position": {}
          },
          "position": {}
        }
      }
    },
    "parameters_to_parameters_data_clump-./Main-_dAsJVIDREeedq6mw0ioxNw-_dAriwYDREeedq6mw0ioxNw-namerotationturn": {
      "type": "data_clump",
      "key": "parameters_to_parameters_data_clump-./Main-_dAsJVIDREeedq6mw0ioxNw-_dAriwYDREeedq6mw0ioxNw-namerotationturn",
      "probability": 1,
      "from_file_path": "./Main",
      "from_class_or_interface_name": "Main",
      "from_class_or_interface_key": "_dArik4DREeedq6mw0ioxNw",
      "from_method_name": "create",
      "from_method_key": "_dAsJVIDREeedq6mw0ioxNw",
      "to_file_path": "./Main",
      "to_class_or_interface_name": "Main",
      "to_class_or_interface_key": "_dArik4DREeedq6mw0ioxNw",
      "to_method_name": "rotate",
      "to_method_key": "_dAriwYDREeedq6mw0ioxNw",
      "data_clump_type": "parameters_to_parameters_data_clump",
      "data_clump_data": {
        "_dAsJWIDREeedq6mw0ioxNw": {
          "key": "_dAsJWIDREeedq6mw0ioxNw",
          "name": "name",
          "type": null,
          "probability": 1,
          "modifiers": [],
          "to_variable": {
            "key": "_dArixYDREeedq6mw0ioxNw",
            "name": "name",
            "type": null,
            "modifiers": [],
            "position": {}
          },
          "position": {}
        },
        "_dAsJW4DREeedq6mw0ioxNw": {
          "key": "_dAsJW4DREeedq6mw0ioxNw",
          "name": "rotation",
          "type": null,
          "probability": 1,
          "modifiers": [],
          "to_variable": {
            "key": "_dAriyIDREeedq6mw0ioxNw",
            "name": "rotation",
            "type": null,
            "modifiers": [],
            "position": {}
          },
          "position": {}
        },
        "_dAsJXoDREeedq6mw0ioxNw": {
          "key": "_dAsJXoDREeedq6mw0ioxNw",
          "name": "turn",
          "type": null,
          "probability": 1,
          "modifiers": [],
          "to_variable": {
            "key": "_dAriy4DREeedq6mw0ioxNw",
            "name": "turn",
            "type": null,
            "modifiers": [],
            "position": {}
          },
          "position": {}
        }
      }
    },
    "parameters_to_fields_data_clump-./Piece-_dAsJlIDREeedq6mw0ioxNw-_dAsJd4DREeedq6mw0ioxNw-nameuprightdownleft": {
      "type": "data_clump",
      "key": "parameters_to_fields_data_clump-./Piece-_dAsJlIDREeedq6mw0ioxNw-_dAsJd4DREeedq6mw0ioxNw-nameuprightdownleft",
      "probability": 1,
      "from_file_path": "./Piece",
      "from_class_or_interface_name": "Piece",
      "from_class_or_interface_key": "_dAsJd4DREeedq6mw0ioxNw",
      "from_method_name": "Piece",
      "from_method_key": "_dAsJlIDREeedq6mw0ioxNw",
      "to_file_path": "./Piece",
      "to_class_or_interface_name": "Piece",
      "to_class_or_interface_key": "_dAsJd4DREeedq6mw0ioxNw",
      "to_method_name": null,
      "to_method_key": null,
      "data_clump_type": "parameters_to_fields_data_clump",
      "data_clump_data": {
        "_dAsJlYDREeedq6mw0ioxNw": {
          "key": "_dAsJlYDREeedq6mw0ioxNw",
          "name": "name",
          "type": null,
          "probability": 1,
          "modifiers": [],
          "to_variable": {
            "key": "_dAsJe4DREeedq6mw0ioxNw",
            "name": "name",
            "type": null,
            "modifiers": [
              "private"
            ],
            "position": {}
          },
          "position": {}
        },
        "_dAsJmIDREeedq6mw0ioxNw": {
          "key": "_dAsJmIDREeedq6mw0ioxNw",
          "name": "up",
          "type": null,
          "probability": 1,
          "modifiers": [],
          "to_variable": {
            "key": "_dAsJfoDREeedq6mw0ioxNw",
            "name": "up",
            "type": null,
            "modifiers": [
              "private"
            ],
            "position": {}
          },
          "position": {}
        },
        "_dAsJm4DREeedq6mw0ioxNw": {
          "key": "_dAsJm4DREeedq6mw0ioxNw",
          "name": "right",
          "type": null,
          "probability": 1,
          "modifiers": [],
          "to_variable": {
            "key": "_dAsJgYDREeedq6mw0ioxNw",
            "name": "right",
            "type": null,
            "modifiers": [
              "private"
            ],
            "position": {}
          },
          "position": {}
        },
        "_dAsJnoDREeedq6mw0ioxNw": {
          "key": "_dAsJnoDREeedq6mw0ioxNw",
          "name": "down",
          "type": null,
          "probability": 1,
          "modifiers": [],
          "to_variable": {
            "key": "_dAsJhIDREeedq6mw0ioxNw",
            "name": "down",
            "type": null,
            "modifiers": [
              "private"
            ],
            "position": {}
          },
          "position": {}
        },
        "_dAsJoYDREeedq6mw0ioxNw": {
          "key": "_dAsJoYDREeedq6mw0ioxNw",
          "name": "left",
          "type": null,
          "probability": 1,
          "modifiers": [],
          "to_variable": {
            "key": "_dAsJh4DREeedq6mw0ioxNw",
            "name": "left",
            "type": null,
            "modifiers": [
              "private"
            ],
            "position": {}
          },
          "position": {}
        }
      }
    }
  }
}