{
  "report_version": "unknown",
  "report_timestamp": "2025-03-26T23:00:31.960Z",
  "target_language": "java",
  "report_summary": {
    "additional": null,
    "amount_classes_or_interfaces_with_data_clumps": 2,
    "amount_files_with_data_clumps": 2,
    "amount_methods_with_data_clumps": 0,
    "fields_to_fields_data_clump": 2,
    "parameters_to_fields_data_clump": 0,
    "parameters_to_parameters_data_clump": 0,
    "amount_data_clumps": 2
  },
  "project_info": {
    "project_url": "unknown_project_url",
    "project_name": "_LH7swIRgEeS-18kfrtGUQQ",
    "project_version": "unknown_project_version",
    "project_commit_hash": "unknown",
    "project_tag": null,
    "project_commit_date": null,
    "additional": {},
    "number_of_files": 7,
    "number_of_classes_or_interfaces": 7,
    "number_of_methods": 3,
    "number_of_data_fields": 24,
    "number_of_method_parameters": 0
  },
  "detector": {
    "name": "data-clumps-doctor",
    "url": "https://github.com/NilsBaumgartner1994/data-clumps-doctor",
    "version": "0.1.100",
    "options": {
      "typeVariablesConsidered": false,
      "similarityModifierOfVariablesWithUnknownType": 0,
      "fieldsOfClassesWithUnknownHierarchyProbabilityModifier": 0,
      "sharedFieldsToFieldsAmountMinimum": 3,
      "analyseFieldsInClassesOrInterfacesInheritedFromSuperClassesOrInterfaces": false,
      "sharedParametersToParametersAmountMinimum": 3,
      "sharedParametersToFieldsAmountMinimum": 3,
      "methodsOfClassesOrInterfacesWithUnknownHierarchyProbabilityModifier": 0
    }
  },
  "data_clumps": {
    "fields_to_fields_data_clump-./NhanVien-_OFxdsGceEDKX8IXGHWsiGw-_TFigIGcaEDKX8IXGHWsiGw-TenDiaChiDienThoai": {
      "type": "data_clump",
      "key": "fields_to_fields_data_clump-./NhanVien-_OFxdsGceEDKX8IXGHWsiGw-_TFigIGcaEDKX8IXGHWsiGw-TenDiaChiDienThoai",
      "probability": 1,
      "from_file_path": "./NhanVien",
      "from_class_or_interface_name": "NhanVien",
      "from_class_or_interface_key": "_OFxdsGceEDKX8IXGHWsiGw",
      "from_method_name": null,
      "from_method_key": null,
      "to_file_path": "./ThanhVien",
      "to_class_or_interface_key": "_TFigIGcaEDKX8IXGHWsiGw",
      "to_class_or_interface_name": "NhanVien",
      "to_method_key": null,
      "to_method_name": null,
      "data_clump_type": "fields_to_fields_data_clump",
      "data_clump_data": {
        "_RoiZ0GceEDKX8IXGHWsiGw": {
          "key": "_RoiZ0GceEDKX8IXGHWsiGw",
          "name": "Ten",
          "type": null,
          "probability": 1,
          "modifiers": [],
          "to_variable": {
            "key": "_VcRuAGcaEDKX8IXGHWsiGw",
            "name": "Ten",
            "type": null,
            "modifiers": [],
            "position": {}
          },
          "position": {}
        },
        "_TAMJQGceEDKX8IXGHWsiGw": {
          "key": "_TAMJQGceEDKX8IXGHWsiGw",
          "name": "DiaChi",
          "type": null,
          "probability": 1,
          "modifiers": [],
          "to_variable": {
            "key": "_YA8qMGcaEDKX8IXGHWsiGw",
            "name": "DiaChi",
            "type": null,
            "modifiers": [],
            "position": {}
          },
          "position": {}
        },
        "_T9rFMGceEDKX8IXGHWsiGw": {
          "key": "_T9rFMGceEDKX8IXGHWsiGw",
          "name": "DienThoai",
          "type": null,
          "probability": 1,
          "modifiers": [],
          "to_variable": {
            "key": "_YutvIGcaEDKX8IXGHWsiGw",
            "name": "DienThoai",
            "type": null,
            "modifiers": [],
            "position": {}
          },
          "position": {}
        }
      }
    },
    "fields_to_fields_data_clump-./ThanhVien-_TFigIGcaEDKX8IXGHWsiGw-_OFxdsGceEDKX8IXGHWsiGw-TenDiaChiDienThoai": {
      "type": "data_clump",
      "key": "fields_to_fields_data_clump-./ThanhVien-_TFigIGcaEDKX8IXGHWsiGw-_OFxdsGceEDKX8IXGHWsiGw-TenDiaChiDienThoai",
      "probability": 1,
      "from_file_path": "./ThanhVien",
      "from_class_or_interface_name": "ThanhVien",
      "from_class_or_interface_key": "_TFigIGcaEDKX8IXGHWsiGw",
      "from_method_name": null,
      "from_method_key": null,
      "to_file_path": "./NhanVien",
      "to_class_or_interface_key": "_OFxdsGceEDKX8IXGHWsiGw",
      "to_class_or_interface_name": "ThanhVien",
      "to_method_key": null,
      "to_method_name": null,
      "data_clump_type": "fields_to_fields_data_clump",
      "data_clump_data": {
        "_VcRuAGcaEDKX8IXGHWsiGw": {
          "key": "_VcRuAGcaEDKX8IXGHWsiGw",
          "name": "Ten",
          "type": null,
          "probability": 1,
          "modifiers": [],
          "to_variable": {
            "key": "_RoiZ0GceEDKX8IXGHWsiGw",
            "name": "Ten",
            "type": null,
            "modifiers": [],
            "position": {}
          },
          "position": {}
        },
        "_YA8qMGcaEDKX8IXGHWsiGw": {
          "key": "_YA8qMGcaEDKX8IXGHWsiGw",
          "name": "DiaChi",
          "type": null,
          "probability": 1,
          "modifiers": [],
          "to_variable": {
            "key": "_TAMJQGceEDKX8IXGHWsiGw",
            "name": "DiaChi",
            "type": null,
            "modifiers": [],
            "position": {}
          },
          "position": {}
        },
        "_YutvIGcaEDKX8IXGHWsiGw": {
          "key": "_YutvIGcaEDKX8IXGHWsiGw",
          "name": "DienThoai",
          "type": null,
          "probability": 1,
          "modifiers": [],
          "to_variable": {
            "key": "_T9rFMGceEDKX8IXGHWsiGw",
            "name": "DienThoai",
            "type": null,
            "modifiers": [],
            "position": {}
          },
          "position": {}
        }
      }
    }
  }
}