{
  "report_version": "unknown",
  "report_timestamp": "2025-03-26T22:40:37.138Z",
  "target_language": "java",
  "report_summary": {
    "additional": null,
    "amount_classes_or_interfaces_with_data_clumps": 3,
    "amount_files_with_data_clumps": 3,
    "amount_methods_with_data_clumps": 0,
    "fields_to_fields_data_clump": 4,
    "parameters_to_fields_data_clump": 0,
    "parameters_to_parameters_data_clump": 0,
    "amount_data_clumps": 4
  },
  "project_info": {
    "project_url": "unknown_project_url",
    "project_name": "_6ivwQPbQEeqygJczXaaxEQ",
    "project_version": "unknown_project_version",
    "project_commit_hash": "unknown",
    "project_tag": null,
    "project_commit_date": null,
    "additional": {},
    "number_of_files": 9,
    "number_of_classes_or_interfaces": 9,
    "number_of_methods": 24,
    "number_of_data_fields": 24,
    "number_of_method_parameters": 18
  },
  "detector": {
    "name": "data-clumps-doctor",
    "url": "https://github.com/NilsBaumgartner1994/data-clumps-doctor",
    "version": "0.1.100",
    "options": {
      "typeVariablesConsidered": false,
      "similarityModifierOfVariablesWithUnknownType": 0,
      "fieldsOfClassesWithUnknownHierarchyProbabilityModifier": 0,
      "sharedFieldsToFieldsAmountMinimum": 3,
      "analyseFieldsInClassesOrInterfacesInheritedFromSuperClassesOrInterfaces": false,
      "sharedParametersToParametersAmountMinimum": 3,
      "sharedParametersToFieldsAmountMinimum": 3,
      "methodsOfClassesOrInterfacesWithUnknownHierarchyProbabilityModifier": 0
    }
  },
  "data_clumps": {
    "fields_to_fields_data_clump-./Przelew-_SfdxUNj_EDiijvRz6tr1bg-_UuYf8Nj_EDiijvRz6tr1bg-datatytulkwota": {
      "type": "data_clump",
      "key": "fields_to_fields_data_clump-./Przelew-_SfdxUNj_EDiijvRz6tr1bg-_UuYf8Nj_EDiijvRz6tr1bg-datatytulkwota",
      "probability": 1,
      "from_file_path": "./Przelew",
      "from_class_or_interface_name": "Przelew",
      "from_class_or_interface_key": "_SfdxUNj_EDiijvRz6tr1bg",
      "from_method_name": null,
      "from_method_key": null,
      "to_file_path": "./Wplata",
      "to_class_or_interface_key": "_UuYf8Nj_EDiijvRz6tr1bg",
      "to_class_or_interface_name": "Przelew",
      "to_method_key": null,
      "to_method_name": null,
      "data_clump_type": "fields_to_fields_data_clump",
      "data_clump_data": {
        "_I0WsAdkBEDiijvRz6tr1bg": {
          "key": "_I0WsAdkBEDiijvRz6tr1bg",
          "name": "data",
          "type": null,
          "probability": 1,
          "modifiers": [],
          "to_variable": {
            "key": "_2Qvm4NkAEDiijvRz6tr1bg",
            "name": "data",
            "type": null,
            "modifiers": [],
            "position": {}
          },
          "position": {}
        },
        "_JFIS8NkBEDiijvRz6tr1bg": {
          "key": "_JFIS8NkBEDiijvRz6tr1bg",
          "name": "tytul",
          "type": null,
          "probability": 1,
          "modifiers": [],
          "to_variable": {
            "key": "_12CA0NkAEDiijvRz6tr1bg",
            "name": "tytul",
            "type": null,
            "modifiers": [],
            "position": {}
          },
          "position": {}
        },
        "_JRTtwNkBEDiijvRz6tr1bg": {
          "key": "_JRTtwNkBEDiijvRz6tr1bg",
          "name": "kwota",
          "type": null,
          "probability": 1,
          "modifiers": [],
          "to_variable": {
            "key": "_1xxy8NkAEDiijvRz6tr1bg",
            "name": "kwota",
            "type": null,
            "modifiers": [],
            "position": {}
          },
          "position": {}
        }
      }
    },
    "fields_to_fields_data_clump-./Wplata-_UuYf8Nj_EDiijvRz6tr1bg-_SfdxUNj_EDiijvRz6tr1bg-kwotatytuldata": {
      "type": "data_clump",
      "key": "fields_to_fields_data_clump-./Wplata-_UuYf8Nj_EDiijvRz6tr1bg-_SfdxUNj_EDiijvRz6tr1bg-kwotatytuldata",
      "probability": 1,
      "from_file_path": "./Wplata",
      "from_class_or_interface_name": "Wplata",
      "from_class_or_interface_key": "_UuYf8Nj_EDiijvRz6tr1bg",
      "from_method_name": null,
      "from_method_key": null,
      "to_file_path": "./Przelew",
      "to_class_or_interface_key": "_SfdxUNj_EDiijvRz6tr1bg",
      "to_class_or_interface_name": "Wplata",
      "to_method_key": null,
      "to_method_name": null,
      "data_clump_type": "fields_to_fields_data_clump",
      "data_clump_data": {
        "_1xxy8NkAEDiijvRz6tr1bg": {
          "key": "_1xxy8NkAEDiijvRz6tr1bg",
          "name": "kwota",
          "type": null,
          "probability": 1,
          "modifiers": [],
          "to_variable": {
            "key": "_JRTtwNkBEDiijvRz6tr1bg",
            "name": "kwota",
            "type": null,
            "modifiers": [],
            "position": {}
          },
          "position": {}
        },
        "_12CA0NkAEDiijvRz6tr1bg": {
          "key": "_12CA0NkAEDiijvRz6tr1bg",
          "name": "tytul",
          "type": null,
          "probability": 1,
          "modifiers": [],
          "to_variable": {
            "key": "_JFIS8NkBEDiijvRz6tr1bg",
            "name": "tytul",
            "type": null,
            "modifiers": [],
            "position": {}
          },
          "position": {}
        },
        "_2Qvm4NkAEDiijvRz6tr1bg": {
          "key": "_2Qvm4NkAEDiijvRz6tr1bg",
          "name": "data",
          "type": null,
          "probability": 1,
          "modifiers": [],
          "to_variable": {
            "key": "_I0WsAdkBEDiijvRz6tr1bg",
            "name": "data",
            "type": null,
            "modifiers": [],
            "position": {}
          },
          "position": {}
        }
      }
    },
    "fields_to_fields_data_clump-./Wplata-_UuYf8Nj_EDiijvRz6tr1bg-_VVj0sNj_EDiijvRz6tr1bg-kwotanazwiskodata": {
      "type": "data_clump",
      "key": "fields_to_fields_data_clump-./Wplata-_UuYf8Nj_EDiijvRz6tr1bg-_VVj0sNj_EDiijvRz6tr1bg-kwotanazwiskodata",
      "probability": 1,
      "from_file_path": "./Wplata",
      "from_class_or_interface_name": "Wplata",
      "from_class_or_interface_key": "_UuYf8Nj_EDiijvRz6tr1bg",
      "from_method_name": null,
      "from_method_key": null,
      "to_file_path": "./Wyplata",
      "to_class_or_interface_key": "_VVj0sNj_EDiijvRz6tr1bg",
      "to_class_or_interface_name": "Wplata",
      "to_method_key": null,
      "to_method_name": null,
      "data_clump_type": "fields_to_fields_data_clump",
      "data_clump_data": {
        "_1xxy8NkAEDiijvRz6tr1bg": {
          "key": "_1xxy8NkAEDiijvRz6tr1bg",
          "name": "kwota",
          "type": null,
          "probability": 1,
          "modifiers": [],
          "to_variable": {
            "key": "_eNOjgdkAEDiijvRz6tr1bg",
            "name": "kwota",
            "type": null,
            "modifiers": [],
            "position": {}
          },
          "position": {}
        },
        "_2AaE0NkAEDiijvRz6tr1bg": {
          "key": "_2AaE0NkAEDiijvRz6tr1bg",
          "name": "nazwisko",
          "type": null,
          "probability": 1,
          "modifiers": [],
          "to_variable": {
            "key": "_dDuk0dkAEDiijvRz6tr1bg",
            "name": "nazwisko",
            "type": null,
            "modifiers": [],
            "position": {}
          },
          "position": {}
        },
        "_2Qvm4NkAEDiijvRz6tr1bg": {
          "key": "_2Qvm4NkAEDiijvRz6tr1bg",
          "name": "data",
          "type": null,
          "probability": 1,
          "modifiers": [],
          "to_variable": {
            "key": "_evSuwdkAEDiijvRz6tr1bg",
            "name": "data",
            "type": null,
            "modifiers": [],
            "position": {}
          },
          "position": {}
        }
      }
    },
    "fields_to_fields_data_clump-./Wyplata-_VVj0sNj_EDiijvRz6tr1bg-_UuYf8Nj_EDiijvRz6tr1bg-nazwiskokwotadata": {
      "type": "data_clump",
      "key": "fields_to_fields_data_clump-./Wyplata-_VVj0sNj_EDiijvRz6tr1bg-_UuYf8Nj_EDiijvRz6tr1bg-nazwiskokwotadata",
      "probability": 1,
      "from_file_path": "./Wyplata",
      "from_class_or_interface_name": "Wyplata",
      "from_class_or_interface_key": "_VVj0sNj_EDiijvRz6tr1bg",
      "from_method_name": null,
      "from_method_key": null,
      "to_file_path": "./Wplata",
      "to_class_or_interface_key": "_UuYf8Nj_EDiijvRz6tr1bg",
      "to_class_or_interface_name": "Wyplata",
      "to_method_key": null,
      "to_method_name": null,
      "data_clump_type": "fields_to_fields_data_clump",
      "data_clump_data": {
        "_dDuk0dkAEDiijvRz6tr1bg": {
          "key": "_dDuk0dkAEDiijvRz6tr1bg",
          "name": "nazwisko",
          "type": null,
          "probability": 1,
          "modifiers": [],
          "to_variable": {
            "key": "_2AaE0NkAEDiijvRz6tr1bg",
            "name": "nazwisko",
            "type": null,
            "modifiers": [],
            "position": {}
          },
          "position": {}
        },
        "_eNOjgdkAEDiijvRz6tr1bg": {
          "key": "_eNOjgdkAEDiijvRz6tr1bg",
          "name": "kwota",
          "type": null,
          "probability": 1,
          "modifiers": [],
          "to_variable": {
            "key": "_1xxy8NkAEDiijvRz6tr1bg",
            "name": "kwota",
            "type": null,
            "modifiers": [],
            "position": {}
          },
          "position": {}
        },
        "_evSuwdkAEDiijvRz6tr1bg": {
          "key": "_evSuwdkAEDiijvRz6tr1bg",
          "name": "data",
          "type": null,
          "probability": 1,
          "modifiers": [],
          "to_variable": {
            "key": "_2Qvm4NkAEDiijvRz6tr1bg",
            "name": "data",
            "type": null,
            "modifiers": [],
            "position": {}
          },
          "position": {}
        }
      }
    }
  }
}