{
  "report_version": "unknown",
  "report_timestamp": "2025-03-26T22:21:22.704Z",
  "target_language": "java",
  "report_summary": {
    "additional": null,
    "amount_classes_or_interfaces_with_data_clumps": 2,
    "amount_files_with_data_clumps": 2,
    "amount_methods_with_data_clumps": 0,
    "fields_to_fields_data_clump": 2,
    "parameters_to_fields_data_clump": 0,
    "parameters_to_parameters_data_clump": 0,
    "amount_data_clumps": 2
  },
  "project_info": {
    "project_url": "unknown_project_url",
    "project_name": "_9FqgcH5WEeyiydZsM2RdLg",
    "project_version": "unknown_project_version",
    "project_commit_hash": "unknown",
    "project_tag": null,
    "project_commit_date": null,
    "additional": {},
    "number_of_files": 7,
    "number_of_classes_or_interfaces": 7,
    "number_of_methods": 0,
    "number_of_data_fields": 35,
    "number_of_method_parameters": 0
  },
  "detector": {
    "name": "data-clumps-doctor",
    "url": "https://github.com/NilsBaumgartner1994/data-clumps-doctor",
    "version": "0.1.100",
    "options": {
      "typeVariablesConsidered": false,
      "similarityModifierOfVariablesWithUnknownType": 0,
      "fieldsOfClassesWithUnknownHierarchyProbabilityModifier": 0,
      "sharedFieldsToFieldsAmountMinimum": 3,
      "analyseFieldsInClassesOrInterfacesInheritedFromSuperClassesOrInterfaces": false,
      "sharedParametersToParametersAmountMinimum": 3,
      "sharedParametersToFieldsAmountMinimum": 3,
      "methodsOfClassesOrInterfacesWithUnknownHierarchyProbabilityModifier": 0
    }
  },
  "data_clumps": {
    "fields_to_fields_data_clump-./Historial-_w-_csGCNEDq268N2D5T90w-_Rm1jgGCMEDq268N2D5T90w-NombresexoEdad": {
      "type": "data_clump",
      "key": "fields_to_fields_data_clump-./Historial-_w-_csGCNEDq268N2D5T90w-_Rm1jgGCMEDq268N2D5T90w-NombresexoEdad",
      "probability": 1,
      "from_file_path": "./Historial",
      "from_class_or_interface_name": "Historial",
      "from_class_or_interface_key": "_w-_csGCNEDq268N2D5T90w",
      "from_method_name": null,
      "from_method_key": null,
      "to_file_path": "./Paciente",
      "to_class_or_interface_key": "_Rm1jgGCMEDq268N2D5T90w",
      "to_class_or_interface_name": "Historial",
      "to_method_key": null,
      "to_method_name": null,
      "data_clump_type": "fields_to_fields_data_clump",
      "data_clump_data": {
        "_Ndt4YGCUEDq268N2D5T90w": {
          "key": "_Ndt4YGCUEDq268N2D5T90w",
          "name": "Nombre",
          "type": null,
          "probability": 1,
          "modifiers": [
            "private"
          ],
          "to_variable": {
            "key": "_UcgwIGCMEDq268N2D5T90w",
            "name": "Nombre",
            "type": null,
            "modifiers": [
              "private"
            ],
            "position": {}
          },
          "position": {}
        },
        "_T3wjoGCUEDq268N2D5T90w": {
          "key": "_T3wjoGCUEDq268N2D5T90w",
          "name": "sexo",
          "type": null,
          "probability": 1,
          "modifiers": [
            "private"
          ],
          "to_variable": {
            "key": "_UpwQAGCOEDq268N2D5T90w",
            "name": "sexo",
            "type": null,
            "modifiers": [
              "private"
            ],
            "position": {}
          },
          "position": {}
        },
        "_T5Up4GCUEDq268N2D5T90w": {
          "key": "_T5Up4GCUEDq268N2D5T90w",
          "name": "Edad",
          "type": null,
          "probability": 1,
          "modifiers": [
            "private"
          ],
          "to_variable": {
            "key": "_MYNQkGCOEDq268N2D5T90w",
            "name": "Edad",
            "type": null,
            "modifiers": [
              "private"
            ],
            "position": {}
          },
          "position": {}
        }
      }
    },
    "fields_to_fields_data_clump-./Paciente-_Rm1jgGCMEDq268N2D5T90w-_w-_csGCNEDq268N2D5T90w-NombreEdadsexo": {
      "type": "data_clump",
      "key": "fields_to_fields_data_clump-./Paciente-_Rm1jgGCMEDq268N2D5T90w-_w-_csGCNEDq268N2D5T90w-NombreEdadsexo",
      "probability": 1,
      "from_file_path": "./Paciente",
      "from_class_or_interface_name": "Paciente",
      "from_class_or_interface_key": "_Rm1jgGCMEDq268N2D5T90w",
      "from_method_name": null,
      "from_method_key": null,
      "to_file_path": "./Historial",
      "to_class_or_interface_key": "_w-_csGCNEDq268N2D5T90w",
      "to_class_or_interface_name": "Paciente",
      "to_method_key": null,
      "to_method_name": null,
      "data_clump_type": "fields_to_fields_data_clump",
      "data_clump_data": {
        "_UcgwIGCMEDq268N2D5T90w": {
          "key": "_UcgwIGCMEDq268N2D5T90w",
          "name": "Nombre",
          "type": null,
          "probability": 1,
          "modifiers": [
            "private"
          ],
          "to_variable": {
            "key": "_Ndt4YGCUEDq268N2D5T90w",
            "name": "Nombre",
            "type": null,
            "modifiers": [
              "private"
            ],
            "position": {}
          },
          "position": {}
        },
        "_MYNQkGCOEDq268N2D5T90w": {
          "key": "_MYNQkGCOEDq268N2D5T90w",
          "name": "Edad",
          "type": null,
          "probability": 1,
          "modifiers": [
            "private"
          ],
          "to_variable": {
            "key": "_T5Up4GCUEDq268N2D5T90w",
            "name": "Edad",
            "type": null,
            "modifiers": [
              "private"
            ],
            "position": {}
          },
          "position": {}
        },
        "_UpwQAGCOEDq268N2D5T90w": {
          "key": "_UpwQAGCOEDq268N2D5T90w",
          "name": "sexo",
          "type": null,
          "probability": 1,
          "modifiers": [
            "private"
          ],
          "to_variable": {
            "key": "_T3wjoGCUEDq268N2D5T90w",
            "name": "sexo",
            "type": null,
            "modifiers": [
              "private"
            ],
            "position": {}
          },
          "position": {}
        }
      }
    }
  }
}