{
  "report_version": "unknown",
  "report_timestamp": "2025-03-26T22:24:17.259Z",
  "target_language": "java",
  "report_summary": {
    "additional": null,
    "amount_classes_or_interfaces_with_data_clumps": 2,
    "amount_files_with_data_clumps": 2,
    "amount_methods_with_data_clumps": 0,
    "fields_to_fields_data_clump": 2,
    "parameters_to_fields_data_clump": 0,
    "parameters_to_parameters_data_clump": 0,
    "amount_data_clumps": 2
  },
  "project_info": {
    "project_url": "unknown_project_url",
    "project_name": "_rqWi4DsqEe6XB7IKjUVJvw",
    "project_version": "unknown_project_version",
    "project_commit_hash": "unknown",
    "project_tag": null,
    "project_commit_date": null,
    "additional": {},
    "number_of_files": 5,
    "number_of_classes_or_interfaces": 5,
    "number_of_methods": 0,
    "number_of_data_fields": 31,
    "number_of_method_parameters": 0
  },
  "detector": {
    "name": "data-clumps-doctor",
    "url": "https://github.com/NilsBaumgartner1994/data-clumps-doctor",
    "version": "0.1.100",
    "options": {
      "typeVariablesConsidered": false,
      "similarityModifierOfVariablesWithUnknownType": 0,
      "fieldsOfClassesWithUnknownHierarchyProbabilityModifier": 0,
      "sharedFieldsToFieldsAmountMinimum": 3,
      "analyseFieldsInClassesOrInterfacesInheritedFromSuperClassesOrInterfaces": false,
      "sharedParametersToParametersAmountMinimum": 3,
      "sharedParametersToFieldsAmountMinimum": 3,
      "methodsOfClassesOrInterfacesWithUnknownHierarchyProbabilityModifier": 0
    }
  },
  "data_clumps": {
    "fields_to_fields_data_clump-./Drivers-_Wo8c8B1aEDydPYilpjfObQ-_Vk2isB1aEDydPYilpjfObQ-namephoneNumbertripsCanceledtripsMade": {
      "type": "data_clump",
      "key": "fields_to_fields_data_clump-./Drivers-_Wo8c8B1aEDydPYilpjfObQ-_Vk2isB1aEDydPYilpjfObQ-namephoneNumbertripsCanceledtripsMade",
      "probability": 1,
      "from_file_path": "./Drivers",
      "from_class_or_interface_name": "Drivers",
      "from_class_or_interface_key": "_Wo8c8B1aEDydPYilpjfObQ",
      "from_method_name": null,
      "from_method_key": null,
      "to_file_path": "./Passengers",
      "to_class_or_interface_key": "_Vk2isB1aEDydPYilpjfObQ",
      "to_class_or_interface_name": "Drivers",
      "to_method_key": null,
      "to_method_name": null,
      "data_clump_type": "fields_to_fields_data_clump",
      "data_clump_data": {
        "_zP_OgB1dEDydPYilpjfObQ": {
          "key": "_zP_OgB1dEDydPYilpjfObQ",
          "name": "name",
          "type": null,
          "probability": 1,
          "modifiers": [
            "public"
          ],
          "to_variable": {
            "key": "_hMbNUB1bEDydPYilpjfObQ",
            "name": "name",
            "type": null,
            "modifiers": [
              "public"
            ],
            "position": {}
          },
          "position": {}
        },
        "_zP-ncx1dEDydPYilpjfObQ": {
          "key": "_zP-ncx1dEDydPYilpjfObQ",
          "name": "phoneNumber",
          "type": null,
          "probability": 1,
          "modifiers": [
            "public"
          ],
          "to_variable": {
            "key": "_qbGjYB1bEDydPYilpjfObQ",
            "name": "phoneNumber",
            "type": null,
            "modifiers": [
              "public"
            ],
            "position": {}
          },
          "position": {}
        },
        "_zP-ncR1dEDydPYilpjfObQ": {
          "key": "_zP-ncR1dEDydPYilpjfObQ",
          "name": "tripsCanceled",
          "type": null,
          "probability": 1,
          "modifiers": [
            "public"
          ],
          "to_variable": {
            "key": "_oE3Z4B1dEDydPYilpjfObQ",
            "name": "tripsCanceled",
            "type": null,
            "modifiers": [
              "public"
            ],
            "position": {}
          },
          "position": {}
        },
        "_zP-nch1dEDydPYilpjfObQ": {
          "key": "_zP-nch1dEDydPYilpjfObQ",
          "name": "tripsMade",
          "type": null,
          "probability": 1,
          "modifiers": [
            "public"
          ],
          "to_variable": {
            "key": "_buyOAB1dEDydPYilpjfObQ",
            "name": "tripsMade",
            "type": null,
            "modifiers": [
              "public"
            ],
            "position": {}
          },
          "position": {}
        }
      }
    },
    "fields_to_fields_data_clump-./Passengers-_Vk2isB1aEDydPYilpjfObQ-_Wo8c8B1aEDydPYilpjfObQ-namephoneNumbertripsMadetripsCanceled": {
      "type": "data_clump",
      "key": "fields_to_fields_data_clump-./Passengers-_Vk2isB1aEDydPYilpjfObQ-_Wo8c8B1aEDydPYilpjfObQ-namephoneNumbertripsMadetripsCanceled",
      "probability": 1,
      "from_file_path": "./Passengers",
      "from_class_or_interface_name": "Passengers",
      "from_class_or_interface_key": "_Vk2isB1aEDydPYilpjfObQ",
      "from_method_name": null,
      "from_method_key": null,
      "to_file_path": "./Drivers",
      "to_class_or_interface_key": "_Wo8c8B1aEDydPYilpjfObQ",
      "to_class_or_interface_name": "Passengers",
      "to_method_key": null,
      "to_method_name": null,
      "data_clump_type": "fields_to_fields_data_clump",
      "data_clump_data": {
        "_hMbNUB1bEDydPYilpjfObQ": {
          "key": "_hMbNUB1bEDydPYilpjfObQ",
          "name": "name",
          "type": null,
          "probability": 1,
          "modifiers": [
            "public"
          ],
          "to_variable": {
            "key": "_zP_OgB1dEDydPYilpjfObQ",
            "name": "name",
            "type": null,
            "modifiers": [
              "public"
            ],
            "position": {}
          },
          "position": {}
        },
        "_qbGjYB1bEDydPYilpjfObQ": {
          "key": "_qbGjYB1bEDydPYilpjfObQ",
          "name": "phoneNumber",
          "type": null,
          "probability": 1,
          "modifiers": [
            "public"
          ],
          "to_variable": {
            "key": "_zP-ncx1dEDydPYilpjfObQ",
            "name": "phoneNumber",
            "type": null,
            "modifiers": [
              "public"
            ],
            "position": {}
          },
          "position": {}
        },
        "_buyOAB1dEDydPYilpjfObQ": {
          "key": "_buyOAB1dEDydPYilpjfObQ",
          "name": "tripsMade",
          "type": null,
          "probability": 1,
          "modifiers": [
            "public"
          ],
          "to_variable": {
            "key": "_zP-nch1dEDydPYilpjfObQ",
            "name": "tripsMade",
            "type": null,
            "modifiers": [
              "public"
            ],
            "position": {}
          },
          "position": {}
        },
        "_oE3Z4B1dEDydPYilpjfObQ": {
          "key": "_oE3Z4B1dEDydPYilpjfObQ",
          "name": "tripsCanceled",
          "type": null,
          "probability": 1,
          "modifiers": [
            "public"
          ],
          "to_variable": {
            "key": "_zP-ncR1dEDydPYilpjfObQ",
            "name": "tripsCanceled",
            "type": null,
            "modifiers": [
              "public"
            ],
            "position": {}
          },
          "position": {}
        }
      }
    }
  }
}