{
  "report_version": "unknown",
  "report_timestamp": "2025-03-26T22:47:29.024Z",
  "target_language": "java",
  "report_summary": {
    "additional": null,
    "amount_classes_or_interfaces_with_data_clumps": 2,
    "amount_files_with_data_clumps": 2,
    "amount_methods_with_data_clumps": 0,
    "fields_to_fields_data_clump": 2,
    "parameters_to_fields_data_clump": 0,
    "parameters_to_parameters_data_clump": 0,
    "amount_data_clumps": 2
  },
  "project_info": {
    "project_url": "unknown_project_url",
    "project_name": "_8gPjwIG-EeeveJPbhFhy-g",
    "project_version": "unknown_project_version",
    "project_commit_hash": "unknown",
    "project_tag": null,
    "project_commit_date": null,
    "additional": {},
    "number_of_files": 12,
    "number_of_classes_or_interfaces": 12,
    "number_of_methods": 0,
    "number_of_data_fields": 41,
    "number_of_method_parameters": 0
  },
  "detector": {
    "name": "data-clumps-doctor",
    "url": "https://github.com/NilsBaumgartner1994/data-clumps-doctor",
    "version": "0.1.100",
    "options": {
      "typeVariablesConsidered": false,
      "similarityModifierOfVariablesWithUnknownType": 0,
      "fieldsOfClassesWithUnknownHierarchyProbabilityModifier": 0,
      "sharedFieldsToFieldsAmountMinimum": 3,
      "analyseFieldsInClassesOrInterfacesInheritedFromSuperClassesOrInterfaces": false,
      "sharedParametersToParametersAmountMinimum": 3,
      "sharedParametersToFieldsAmountMinimum": 3,
      "methodsOfClassesOrInterfacesWithUnknownHierarchyProbabilityModifier": 0
    }
  },
  "data_clumps": {
    "fields_to_fields_data_clump-./concept_commit-_M5pScGPvEDWnwtn-fFUgHA-_FNdUwGPtEDWnwtn-fFUgHA-uidcontentpublishedAt": {
      "type": "data_clump",
      "key": "fields_to_fields_data_clump-./concept_commit-_M5pScGPvEDWnwtn-fFUgHA-_FNdUwGPtEDWnwtn-fFUgHA-uidcontentpublishedAt",
      "probability": 1,
      "from_file_path": "./concept_commit",
      "from_class_or_interface_name": "concept_commit",
      "from_class_or_interface_key": "_M5pScGPvEDWnwtn-fFUgHA",
      "from_method_name": null,
      "from_method_key": null,
      "to_file_path": "./webblock_commit",
      "to_class_or_interface_key": "_FNdUwGPtEDWnwtn-fFUgHA",
      "to_class_or_interface_name": "concept_commit",
      "to_method_key": null,
      "to_method_name": null,
      "data_clump_type": "fields_to_fields_data_clump",
      "data_clump_data": {
        "_T_wkEGPwEDWnwtn-fFUgHA": {
          "key": "_T_wkEGPwEDWnwtn-fFUgHA",
          "name": "uid",
          "type": null,
          "probability": 1,
          "modifiers": [
            "public"
          ],
          "to_variable": {
            "key": "_TALdwGPtEDWnwtn-fFUgHA",
            "name": "uid",
            "type": null,
            "modifiers": [
              "public"
            ],
            "position": {}
          },
          "position": {}
        },
        "_TY0qcGPxEDWnwtn-fFUgHA": {
          "key": "_TY0qcGPxEDWnwtn-fFUgHA",
          "name": "content",
          "type": null,
          "probability": 1,
          "modifiers": [
            "public"
          ],
          "to_variable": {
            "key": "_ZSGu0GPtEDWnwtn-fFUgHA",
            "name": "content",
            "type": null,
            "modifiers": [
              "public"
            ],
            "position": {}
          },
          "position": {}
        },
        "_kFhusGSpEDWnwtn-fFUgHA": {
          "key": "_kFhusGSpEDWnwtn-fFUgHA",
          "name": "publishedAt",
          "type": null,
          "probability": 1,
          "modifiers": [
            "public"
          ],
          "to_variable": {
            "key": "_m8swIGSpEDWnwtn-fFUgHA",
            "name": "publishedAt",
            "type": null,
            "modifiers": [
              "public"
            ],
            "position": {}
          },
          "position": {}
        }
      }
    },
    "fields_to_fields_data_clump-./webblock_commit-_FNdUwGPtEDWnwtn-fFUgHA-_M5pScGPvEDWnwtn-fFUgHA-uidcontentpublishedAt": {
      "type": "data_clump",
      "key": "fields_to_fields_data_clump-./webblock_commit-_FNdUwGPtEDWnwtn-fFUgHA-_M5pScGPvEDWnwtn-fFUgHA-uidcontentpublishedAt",
      "probability": 1,
      "from_file_path": "./webblock_commit",
      "from_class_or_interface_name": "webblock_commit",
      "from_class_or_interface_key": "_FNdUwGPtEDWnwtn-fFUgHA",
      "from_method_name": null,
      "from_method_key": null,
      "to_file_path": "./concept_commit",
      "to_class_or_interface_key": "_M5pScGPvEDWnwtn-fFUgHA",
      "to_class_or_interface_name": "webblock_commit",
      "to_method_key": null,
      "to_method_name": null,
      "data_clump_type": "fields_to_fields_data_clump",
      "data_clump_data": {
        "_TALdwGPtEDWnwtn-fFUgHA": {
          "key": "_TALdwGPtEDWnwtn-fFUgHA",
          "name": "uid",
          "type": null,
          "probability": 1,
          "modifiers": [
            "public"
          ],
          "to_variable": {
            "key": "_T_wkEGPwEDWnwtn-fFUgHA",
            "name": "uid",
            "type": null,
            "modifiers": [
              "public"
            ],
            "position": {}
          },
          "position": {}
        },
        "_ZSGu0GPtEDWnwtn-fFUgHA": {
          "key": "_ZSGu0GPtEDWnwtn-fFUgHA",
          "name": "content",
          "type": null,
          "probability": 1,
          "modifiers": [
            "public"
          ],
          "to_variable": {
            "key": "_TY0qcGPxEDWnwtn-fFUgHA",
            "name": "content",
            "type": null,
            "modifiers": [
              "public"
            ],
            "position": {}
          },
          "position": {}
        },
        "_m8swIGSpEDWnwtn-fFUgHA": {
          "key": "_m8swIGSpEDWnwtn-fFUgHA",
          "name": "publishedAt",
          "type": null,
          "probability": 1,
          "modifiers": [
            "public"
          ],
          "to_variable": {
            "key": "_kFhusGSpEDWnwtn-fFUgHA",
            "name": "publishedAt",
            "type": null,
            "modifiers": [
              "public"
            ],
            "position": {}
          },
          "position": {}
        }
      }
    }
  }
}