{
  "report_version": "unknown",
  "report_timestamp": "2025-03-26T21:38:05.735Z",
  "target_language": "java",
  "report_summary": {
    "additional": null,
    "amount_classes_or_interfaces_with_data_clumps": 1,
    "amount_files_with_data_clumps": 1,
    "amount_methods_with_data_clumps": 1,
    "fields_to_fields_data_clump": 0,
    "parameters_to_fields_data_clump": 1,
    "parameters_to_parameters_data_clump": 0,
    "amount_data_clumps": 1
  },
  "project_info": {
    "project_url": "unknown_project_url",
    "project_name": "_d4wRgOD_Eee1VcqWCkiVQg",
    "project_version": "unknown_project_version",
    "project_commit_hash": "unknown",
    "project_tag": null,
    "project_commit_date": null,
    "additional": {},
    "number_of_files": 4,
    "number_of_classes_or_interfaces": 4,
    "number_of_methods": 32,
    "number_of_data_fields": 16,
    "number_of_method_parameters": 25
  },
  "detector": {
    "name": "data-clumps-doctor",
    "url": "https://github.com/NilsBaumgartner1994/data-clumps-doctor",
    "version": "0.1.100",
    "options": {
      "typeVariablesConsidered": false,
      "similarityModifierOfVariablesWithUnknownType": 0,
      "fieldsOfClassesWithUnknownHierarchyProbabilityModifier": 0,
      "sharedFieldsToFieldsAmountMinimum": 3,
      "analyseFieldsInClassesOrInterfacesInheritedFromSuperClassesOrInterfaces": false,
      "sharedParametersToParametersAmountMinimum": 3,
      "sharedParametersToFieldsAmountMinimum": 3,
      "methodsOfClassesOrInterfacesWithUnknownHierarchyProbabilityModifier": 0
    }
  },
  "data_clumps": {
    "parameters_to_fields_data_clump-./user-_cASw8MO0EDWSrLyCeHG4uA-_i9vXkMMtEDWx1pjjrBGCIQ-userNameUserEmailpasswordphone_number": {
      "type": "data_clump",
      "key": "parameters_to_fields_data_clump-./user-_cASw8MO0EDWSrLyCeHG4uA-_i9vXkMMtEDWx1pjjrBGCIQ-userNameUserEmailpasswordphone_number",
      "probability": 1,
      "from_file_path": "./user",
      "from_class_or_interface_name": "user",
      "from_class_or_interface_key": "_i9vXkMMtEDWx1pjjrBGCIQ",
      "from_method_name": "user",
      "from_method_key": "_cASw8MO0EDWSrLyCeHG4uA",
      "to_file_path": "./user",
      "to_class_or_interface_name": "user",
      "to_class_or_interface_key": "_i9vXkMMtEDWx1pjjrBGCIQ",
      "to_method_name": null,
      "to_method_key": null,
      "data_clump_type": "parameters_to_fields_data_clump",
      "data_clump_data": {
        "_s1NfoMO0EDWSrLyCeHG4uA": {
          "key": "_s1NfoMO0EDWSrLyCeHG4uA",
          "name": "userName",
          "type": null,
          "probability": 1,
          "modifiers": [],
          "to_variable": {
            "key": "_rnvTQMMtEDWx1pjjrBGCIQ",
            "name": "userName",
            "type": null,
            "modifiers": [],
            "position": {}
          },
          "position": {}
        },
        "_vYvzYMO0EDWSrLyCeHG4uA": {
          "key": "_vYvzYMO0EDWSrLyCeHG4uA",
          "name": "UserEmail",
          "type": null,
          "probability": 1,
          "modifiers": [],
          "to_variable": {
            "key": "_AGk4EMO0EDWSrLyCeHG4uA",
            "name": "UserEmail",
            "type": null,
            "modifiers": [],
            "position": {}
          },
          "position": {}
        },
        "_vo_14MO0EDWSrLyCeHG4uA": {
          "key": "_vo_14MO0EDWSrLyCeHG4uA",
          "name": "password",
          "type": null,
          "probability": 1,
          "modifiers": [],
          "to_variable": {
            "key": "_PNU0wMO0EDWSrLyCeHG4uA",
            "name": "password",
            "type": null,
            "modifiers": [],
            "position": {}
          },
          "position": {}
        },
        "_wLSqoMO0EDWSrLyCeHG4uA": {
          "key": "_wLSqoMO0EDWSrLyCeHG4uA",
          "name": "phone_number",
          "type": null,
          "probability": 1,
          "modifiers": [],
          "to_variable": {
            "key": "_Ys9X8MO0EDWSrLyCeHG4uA",
            "name": "phone_number",
            "type": null,
            "modifiers": [
              "public"
            ],
            "position": {}
          },
          "position": {}
        }
      }
    }
  }
}