{
  "report_version": "unknown",
  "report_timestamp": "2025-03-26T22:57:21.327Z",
  "target_language": "java",
  "report_summary": {
    "additional": null,
    "amount_classes_or_interfaces_with_data_clumps": 2,
    "amount_files_with_data_clumps": 2,
    "amount_methods_with_data_clumps": 0,
    "fields_to_fields_data_clump": 2,
    "parameters_to_fields_data_clump": 0,
    "parameters_to_parameters_data_clump": 0,
    "amount_data_clumps": 2
  },
  "project_info": {
    "project_url": "unknown_project_url",
    "project_name": "_DIBo4Ho7Eeas_KSqa81bqw",
    "project_version": "unknown_project_version",
    "project_commit_hash": "unknown",
    "project_tag": null,
    "project_commit_date": null,
    "additional": {},
    "number_of_files": 4,
    "number_of_classes_or_interfaces": 4,
    "number_of_methods": 0,
    "number_of_data_fields": 24,
    "number_of_method_parameters": 0
  },
  "detector": {
    "name": "data-clumps-doctor",
    "url": "https://github.com/NilsBaumgartner1994/data-clumps-doctor",
    "version": "0.1.100",
    "options": {
      "typeVariablesConsidered": false,
      "similarityModifierOfVariablesWithUnknownType": 0,
      "fieldsOfClassesWithUnknownHierarchyProbabilityModifier": 0,
      "sharedFieldsToFieldsAmountMinimum": 3,
      "analyseFieldsInClassesOrInterfacesInheritedFromSuperClassesOrInterfaces": false,
      "sharedParametersToParametersAmountMinimum": 3,
      "sharedParametersToFieldsAmountMinimum": 3,
      "methodsOfClassesOrInterfacesWithUnknownHierarchyProbabilityModifier": 0
    }
  },
  "data_clumps": {
    "fields_to_fields_data_clump-./Cliente-_xCukMFxpEDSLAuZJX7b7Ig-_c1nqUFxsEDSLAuZJX7b7Ig-NombreR.F.CTallaRegionDelegacion": {
      "type": "data_clump",
      "key": "fields_to_fields_data_clump-./Cliente-_xCukMFxpEDSLAuZJX7b7Ig-_c1nqUFxsEDSLAuZJX7b7Ig-NombreR.F.CTallaRegionDelegacion",
      "probability": 1,
      "from_file_path": "./Cliente",
      "from_class_or_interface_name": "Cliente",
      "from_class_or_interface_key": "_xCukMFxpEDSLAuZJX7b7Ig",
      "from_method_name": null,
      "from_method_key": null,
      "to_file_path": "./Reportes",
      "to_class_or_interface_key": "_c1nqUFxsEDSLAuZJX7b7Ig",
      "to_class_or_interface_name": "Cliente",
      "to_method_key": null,
      "to_method_name": null,
      "data_clump_type": "fields_to_fields_data_clump",
      "data_clump_data": {
        "_AgVsQFxrEDSLAuZJX7b7Ig": {
          "key": "_AgVsQFxrEDSLAuZJX7b7Ig",
          "name": "Nombre",
          "type": null,
          "probability": 1,
          "modifiers": [
            "public"
          ],
          "to_variable": {
            "key": "_-bIoYFxsEDSLAuZJX7b7Ig",
            "name": "Nombre",
            "type": null,
            "modifiers": [
              "public"
            ],
            "position": {}
          },
          "position": {}
        },
        "_AxxagFxrEDSLAuZJX7b7Ig": {
          "key": "_AxxagFxrEDSLAuZJX7b7Ig",
          "name": "R.F.C",
          "type": null,
          "probability": 1,
          "modifiers": [
            "public"
          ],
          "to_variable": {
            "key": "_-INFUFxsEDSLAuZJX7b7Ig",
            "name": "R.F.C",
            "type": null,
            "modifiers": [
              "public"
            ],
            "position": {}
          },
          "position": {}
        },
        "_flSLAFxrEDSLAuZJX7b7Ig": {
          "key": "_flSLAFxrEDSLAuZJX7b7Ig",
          "name": "Talla",
          "type": null,
          "probability": 1,
          "modifiers": [
            "public"
          ],
          "to_variable": {
            "key": "_-e9_gFxsEDSLAuZJX7b7Ig",
            "name": "Talla",
            "type": null,
            "modifiers": [
              "public"
            ],
            "position": {}
          },
          "position": {}
        },
        "_gvla8FxrEDSLAuZJX7b7Ig": {
          "key": "_gvla8FxrEDSLAuZJX7b7Ig",
          "name": "Region",
          "type": null,
          "probability": 1,
          "modifiers": [
            "public"
          ],
          "to_variable": {
            "key": "_LEWysFxtEDSLAuZJX7b7Ig",
            "name": "Region",
            "type": null,
            "modifiers": [
              "public"
            ],
            "position": {}
          },
          "position": {}
        },
        "_7-omMFxrEDSLAuZJX7b7Ig": {
          "key": "_7-omMFxrEDSLAuZJX7b7Ig",
          "name": "Delegacion",
          "type": null,
          "probability": 1,
          "modifiers": [
            "public"
          ],
          "to_variable": {
            "key": "_-koioFxsEDSLAuZJX7b7Ig",
            "name": "Delegacion",
            "type": null,
            "modifiers": [
              "public"
            ],
            "position": {}
          },
          "position": {}
        }
      }
    },
    "fields_to_fields_data_clump-./Reportes-_c1nqUFxsEDSLAuZJX7b7Ig-_xCukMFxpEDSLAuZJX7b7Ig-R.F.CNombreTallaDelegacionRegion": {
      "type": "data_clump",
      "key": "fields_to_fields_data_clump-./Reportes-_c1nqUFxsEDSLAuZJX7b7Ig-_xCukMFxpEDSLAuZJX7b7Ig-R.F.CNombreTallaDelegacionRegion",
      "probability": 1,
      "from_file_path": "./Reportes",
      "from_class_or_interface_name": "Reportes",
      "from_class_or_interface_key": "_c1nqUFxsEDSLAuZJX7b7Ig",
      "from_method_name": null,
      "from_method_key": null,
      "to_file_path": "./Cliente",
      "to_class_or_interface_key": "_xCukMFxpEDSLAuZJX7b7Ig",
      "to_class_or_interface_name": "Reportes",
      "to_method_key": null,
      "to_method_name": null,
      "data_clump_type": "fields_to_fields_data_clump",
      "data_clump_data": {
        "_-INFUFxsEDSLAuZJX7b7Ig": {
          "key": "_-INFUFxsEDSLAuZJX7b7Ig",
          "name": "R.F.C",
          "type": null,
          "probability": 1,
          "modifiers": [
            "public"
          ],
          "to_variable": {
            "key": "_AxxagFxrEDSLAuZJX7b7Ig",
            "name": "R.F.C",
            "type": null,
            "modifiers": [
              "public"
            ],
            "position": {}
          },
          "position": {}
        },
        "_-bIoYFxsEDSLAuZJX7b7Ig": {
          "key": "_-bIoYFxsEDSLAuZJX7b7Ig",
          "name": "Nombre",
          "type": null,
          "probability": 1,
          "modifiers": [
            "public"
          ],
          "to_variable": {
            "key": "_AgVsQFxrEDSLAuZJX7b7Ig",
            "name": "Nombre",
            "type": null,
            "modifiers": [
              "public"
            ],
            "position": {}
          },
          "position": {}
        },
        "_-e9_gFxsEDSLAuZJX7b7Ig": {
          "key": "_-e9_gFxsEDSLAuZJX7b7Ig",
          "name": "Talla",
          "type": null,
          "probability": 1,
          "modifiers": [
            "public"
          ],
          "to_variable": {
            "key": "_flSLAFxrEDSLAuZJX7b7Ig",
            "name": "Talla",
            "type": null,
            "modifiers": [
              "public"
            ],
            "position": {}
          },
          "position": {}
        },
        "_-koioFxsEDSLAuZJX7b7Ig": {
          "key": "_-koioFxsEDSLAuZJX7b7Ig",
          "name": "Delegacion",
          "type": null,
          "probability": 1,
          "modifiers": [
            "public"
          ],
          "to_variable": {
            "key": "_7-omMFxrEDSLAuZJX7b7Ig",
            "name": "Delegacion",
            "type": null,
            "modifiers": [
              "public"
            ],
            "position": {}
          },
          "position": {}
        },
        "_LEWysFxtEDSLAuZJX7b7Ig": {
          "key": "_LEWysFxtEDSLAuZJX7b7Ig",
          "name": "Region",
          "type": null,
          "probability": 1,
          "modifiers": [
            "public"
          ],
          "to_variable": {
            "key": "_gvla8FxrEDSLAuZJX7b7Ig",
            "name": "Region",
            "type": null,
            "modifiers": [
              "public"
            ],
            "position": {}
          },
          "position": {}
        }
      }
    }
  }
}