{
  "report_version": "unknown",
  "report_timestamp": "2025-03-26T21:43:07.620Z",
  "target_language": "java",
  "report_summary": {
    "additional": null,
    "amount_classes_or_interfaces_with_data_clumps": 5,
    "amount_files_with_data_clumps": 5,
    "amount_methods_with_data_clumps": 4,
    "fields_to_fields_data_clump": 2,
    "parameters_to_fields_data_clump": 0,
    "parameters_to_parameters_data_clump": 12,
    "amount_data_clumps": 14
  },
  "project_info": {
    "project_url": "unknown_project_url",
    "project_name": "_UssZ0EEKEeeTJ_4Vl2J2rQ",
    "project_version": "unknown_project_version",
    "project_commit_hash": "unknown",
    "project_tag": null,
    "project_commit_date": null,
    "additional": {},
    "number_of_files": 9,
    "number_of_classes_or_interfaces": 9,
    "number_of_methods": 40,
    "number_of_data_fields": 16,
    "number_of_method_parameters": 39
  },
  "detector": {
    "name": "data-clumps-doctor",
    "url": "https://github.com/NilsBaumgartner1994/data-clumps-doctor",
    "version": "0.1.100",
    "options": {
      "typeVariablesConsidered": false,
      "similarityModifierOfVariablesWithUnknownType": 0,
      "fieldsOfClassesWithUnknownHierarchyProbabilityModifier": 0,
      "sharedFieldsToFieldsAmountMinimum": 3,
      "analyseFieldsInClassesOrInterfacesInheritedFromSuperClassesOrInterfaces": false,
      "sharedParametersToParametersAmountMinimum": 3,
      "sharedParametersToFieldsAmountMinimum": 3,
      "methodsOfClassesOrInterfacesWithUnknownHierarchyProbabilityModifier": 0
    }
  },
  "data_clumps": {
    "parameters_to_parameters_data_clump-./DBMySQLCursosDAO-_J5rWWSNBEDWgWN_yVSyF6g-_UYJSkSM8EDWgWN_yVSyF6g-parameterparameter2parameter3": {
      "type": "data_clump",
      "key": "parameters_to_parameters_data_clump-./DBMySQLCursosDAO-_J5rWWSNBEDWgWN_yVSyF6g-_UYJSkSM8EDWgWN_yVSyF6g-parameterparameter2parameter3",
      "probability": 1,
      "from_file_path": "./DBMySQLCursosDAO",
      "from_class_or_interface_name": "DBMySQLCursosDAO",
      "from_class_or_interface_key": "_J5qvQCNBEDWgWN_yVSyF6g",
      "from_method_name": "updateCurso",
      "from_method_key": "_J5rWWSNBEDWgWN_yVSyF6g",
      "to_file_path": "./DBMySQLDAO",
      "to_class_or_interface_name": "DBMySQLDAO",
      "to_class_or_interface_key": "_PBwuoCM6EDWgWN_yVSyF6g",
      "to_method_name": "updatePersona",
      "to_method_key": "_UYJSkSM8EDWgWN_yVSyF6g",
      "data_clump_type": "parameters_to_parameters_data_clump",
      "data_clump_data": {
        "_J5rWWyNBEDWgWN_yVSyF6g": {
          "key": "_J5rWWyNBEDWgWN_yVSyF6g",
          "name": "parameter",
          "type": null,
          "probability": 1,
          "modifiers": [],
          "to_variable": {
            "key": "_XzcUwCM8EDWgWN_yVSyF6g",
            "name": "parameter",
            "type": null,
            "modifiers": [],
            "position": {}
          },
          "position": {}
        },
        "_J5rWXCNBEDWgWN_yVSyF6g": {
          "key": "_J5rWXCNBEDWgWN_yVSyF6g",
          "name": "parameter2",
          "type": null,
          "probability": 1,
          "modifiers": [],
          "to_variable": {
            "key": "_KieGkCM_EDWgWN_yVSyF6g",
            "name": "parameter2",
            "type": null,
            "modifiers": [],
            "position": {}
          },
          "position": {}
        },
        "_J5rWXSNBEDWgWN_yVSyF6g": {
          "key": "_J5rWXSNBEDWgWN_yVSyF6g",
          "name": "parameter3",
          "type": null,
          "probability": 1,
          "modifiers": [],
          "to_variable": {
            "key": "_MgzbgCM_EDWgWN_yVSyF6g",
            "name": "parameter3",
            "type": null,
            "modifiers": [],
            "position": {}
          },
          "position": {}
        }
      }
    },
    "parameters_to_parameters_data_clump-./DBMySQLCursosDAO-_J5rWWSNBEDWgWN_yVSyF6g-_j6CoQCM-EDWgWN_yVSyF6g-parameterparameter2parameter3": {
      "type": "data_clump",
      "key": "parameters_to_parameters_data_clump-./DBMySQLCursosDAO-_J5rWWSNBEDWgWN_yVSyF6g-_j6CoQCM-EDWgWN_yVSyF6g-parameterparameter2parameter3",
      "probability": 1,
      "from_file_path": "./DBMySQLCursosDAO",
      "from_class_or_interface_name": "DBMySQLCursosDAO",
      "from_class_or_interface_key": "_J5qvQCNBEDWgWN_yVSyF6g",
      "from_method_name": "updateCurso",
      "from_method_key": "_J5rWWSNBEDWgWN_yVSyF6g",
      "to_file_path": "./DBMySQLDocentesDAO",
      "to_class_or_interface_name": "DBMySQLDocentesDAO",
      "to_class_or_interface_key": "_iSzPkCM8EDWgWN_yVSyF6g",
      "to_method_name": "updatePersona",
      "to_method_key": "_j6CoQCM-EDWgWN_yVSyF6g",
      "data_clump_type": "parameters_to_parameters_data_clump",
      "data_clump_data": {
        "_J5rWWyNBEDWgWN_yVSyF6g": {
          "key": "_J5rWWyNBEDWgWN_yVSyF6g",
          "name": "parameter",
          "type": null,
          "probability": 1,
          "modifiers": [],
          "to_variable": {
            "key": "_m1xZkCM-EDWgWN_yVSyF6g",
            "name": "parameter",
            "type": null,
            "modifiers": [],
            "position": {}
          },
          "position": {}
        },
        "_J5rWXCNBEDWgWN_yVSyF6g": {
          "key": "_J5rWXCNBEDWgWN_yVSyF6g",
          "name": "parameter2",
          "type": null,
          "probability": 1,
          "modifiers": [],
          "to_variable": {
            "key": "_U3-h0CM_EDWgWN_yVSyF6g",
            "name": "parameter2",
            "type": null,
            "modifiers": [],
            "position": {}
          },
          "position": {}
        },
        "_J5rWXSNBEDWgWN_yVSyF6g": {
          "key": "_J5rWXSNBEDWgWN_yVSyF6g",
          "name": "parameter3",
          "type": null,
          "probability": 1,
          "modifiers": [],
          "to_variable": {
            "key": "_VDQkwCM_EDWgWN_yVSyF6g",
            "name": "parameter3",
            "type": null,
            "modifiers": [],
            "position": {}
          },
          "position": {}
        }
      }
    },
    "parameters_to_parameters_data_clump-./DBMySQLCursosDAO-_J5rWWSNBEDWgWN_yVSyF6g-_5b61WSM-EDWgWN_yVSyF6g-parameterparameter2parameter3": {
      "type": "data_clump",
      "key": "parameters_to_parameters_data_clump-./DBMySQLCursosDAO-_J5rWWSNBEDWgWN_yVSyF6g-_5b61WSM-EDWgWN_yVSyF6g-parameterparameter2parameter3",
      "probability": 1,
      "from_file_path": "./DBMySQLCursosDAO",
      "from_class_or_interface_name": "DBMySQLCursosDAO",
      "from_class_or_interface_key": "_J5qvQCNBEDWgWN_yVSyF6g",
      "from_method_name": "updateCurso",
      "from_method_key": "_J5rWWSNBEDWgWN_yVSyF6g",
      "to_file_path": "./DBMySQLEstudiantesDAO",
      "to_class_or_interface_name": "DBMySQLEstudiantesDAO",
      "to_class_or_interface_key": "_5b6OQCM-EDWgWN_yVSyF6g",
      "to_method_name": "updatePersona",
      "to_method_key": "_5b61WSM-EDWgWN_yVSyF6g",
      "data_clump_type": "parameters_to_parameters_data_clump",
      "data_clump_data": {
        "_J5rWWyNBEDWgWN_yVSyF6g": {
          "key": "_J5rWWyNBEDWgWN_yVSyF6g",
          "name": "parameter",
          "type": null,
          "probability": 1,
          "modifiers": [],
          "to_variable": {
            "key": "_5b61WyM-EDWgWN_yVSyF6g",
            "name": "parameter",
            "type": null,
            "modifiers": [],
            "position": {}
          },
          "position": {}
        },
        "_J5rWXCNBEDWgWN_yVSyF6g": {
          "key": "_J5rWXCNBEDWgWN_yVSyF6g",
          "name": "parameter2",
          "type": null,
          "probability": 1,
          "modifiers": [],
          "to_variable": {
            "key": "_fIRF4CM_EDWgWN_yVSyF6g",
            "name": "parameter2",
            "type": null,
            "modifiers": [],
            "position": {}
          },
          "position": {}
        },
        "_J5rWXSNBEDWgWN_yVSyF6g": {
          "key": "_J5rWXSNBEDWgWN_yVSyF6g",
          "name": "parameter3",
          "type": null,
          "probability": 1,
          "modifiers": [],
          "to_variable": {
            "key": "_fJ42gCM_EDWgWN_yVSyF6g",
            "name": "parameter3",
            "type": null,
            "modifiers": [],
            "position": {}
          },
          "position": {}
        }
      }
    },
    "parameters_to_parameters_data_clump-./DBMySQLDAO-_UYJSkSM8EDWgWN_yVSyF6g-_J5rWWSNBEDWgWN_yVSyF6g-parameterparameter2parameter3": {
      "type": "data_clump",
      "key": "parameters_to_parameters_data_clump-./DBMySQLDAO-_UYJSkSM8EDWgWN_yVSyF6g-_J5rWWSNBEDWgWN_yVSyF6g-parameterparameter2parameter3",
      "probability": 1,
      "from_file_path": "./DBMySQLDAO",
      "from_class_or_interface_name": "DBMySQLDAO",
      "from_class_or_interface_key": "_PBwuoCM6EDWgWN_yVSyF6g",
      "from_method_name": "updatePersona",
      "from_method_key": "_UYJSkSM8EDWgWN_yVSyF6g",
      "to_file_path": "./DBMySQLCursosDAO",
      "to_class_or_interface_name": "DBMySQLCursosDAO",
      "to_class_or_interface_key": "_J5qvQCNBEDWgWN_yVSyF6g",
      "to_method_name": "updateCurso",
      "to_method_key": "_J5rWWSNBEDWgWN_yVSyF6g",
      "data_clump_type": "parameters_to_parameters_data_clump",
      "data_clump_data": {
        "_XzcUwCM8EDWgWN_yVSyF6g": {
          "key": "_XzcUwCM8EDWgWN_yVSyF6g",
          "name": "parameter",
          "type": null,
          "probability": 1,
          "modifiers": [],
          "to_variable": {
            "key": "_J5rWWyNBEDWgWN_yVSyF6g",
            "name": "parameter",
            "type": null,
            "modifiers": [],
            "position": {}
          },
          "position": {}
        },
        "_KieGkCM_EDWgWN_yVSyF6g": {
          "key": "_KieGkCM_EDWgWN_yVSyF6g",
          "name": "parameter2",
          "type": null,
          "probability": 1,
          "modifiers": [],
          "to_variable": {
            "key": "_J5rWXCNBEDWgWN_yVSyF6g",
            "name": "parameter2",
            "type": null,
            "modifiers": [],
            "position": {}
          },
          "position": {}
        },
        "_MgzbgCM_EDWgWN_yVSyF6g": {
          "key": "_MgzbgCM_EDWgWN_yVSyF6g",
          "name": "parameter3",
          "type": null,
          "probability": 1,
          "modifiers": [],
          "to_variable": {
            "key": "_J5rWXSNBEDWgWN_yVSyF6g",
            "name": "parameter3",
            "type": null,
            "modifiers": [],
            "position": {}
          },
          "position": {}
        }
      }
    },
    "parameters_to_parameters_data_clump-./DBMySQLDAO-_UYJSkSM8EDWgWN_yVSyF6g-_j6CoQCM-EDWgWN_yVSyF6g-parameterparameter2parameter3": {
      "type": "data_clump",
      "key": "parameters_to_parameters_data_clump-./DBMySQLDAO-_UYJSkSM8EDWgWN_yVSyF6g-_j6CoQCM-EDWgWN_yVSyF6g-parameterparameter2parameter3",
      "probability": 1,
      "from_file_path": "./DBMySQLDAO",
      "from_class_or_interface_name": "DBMySQLDAO",
      "from_class_or_interface_key": "_PBwuoCM6EDWgWN_yVSyF6g",
      "from_method_name": "updatePersona",
      "from_method_key": "_UYJSkSM8EDWgWN_yVSyF6g",
      "to_file_path": "./DBMySQLDocentesDAO",
      "to_class_or_interface_name": "DBMySQLDocentesDAO",
      "to_class_or_interface_key": "_iSzPkCM8EDWgWN_yVSyF6g",
      "to_method_name": "updatePersona",
      "to_method_key": "_j6CoQCM-EDWgWN_yVSyF6g",
      "data_clump_type": "parameters_to_parameters_data_clump",
      "data_clump_data": {
        "_XzcUwCM8EDWgWN_yVSyF6g": {
          "key": "_XzcUwCM8EDWgWN_yVSyF6g",
          "name": "parameter",
          "type": null,
          "probability": 1,
          "modifiers": [],
          "to_variable": {
            "key": "_m1xZkCM-EDWgWN_yVSyF6g",
            "name": "parameter",
            "type": null,
            "modifiers": [],
            "position": {}
          },
          "position": {}
        },
        "_KieGkCM_EDWgWN_yVSyF6g": {
          "key": "_KieGkCM_EDWgWN_yVSyF6g",
          "name": "parameter2",
          "type": null,
          "probability": 1,
          "modifiers": [],
          "to_variable": {
            "key": "_U3-h0CM_EDWgWN_yVSyF6g",
            "name": "parameter2",
            "type": null,
            "modifiers": [],
            "position": {}
          },
          "position": {}
        },
        "_MgzbgCM_EDWgWN_yVSyF6g": {
          "key": "_MgzbgCM_EDWgWN_yVSyF6g",
          "name": "parameter3",
          "type": null,
          "probability": 1,
          "modifiers": [],
          "to_variable": {
            "key": "_VDQkwCM_EDWgWN_yVSyF6g",
            "name": "parameter3",
            "type": null,
            "modifiers": [],
            "position": {}
          },
          "position": {}
        }
      }
    },
    "parameters_to_parameters_data_clump-./DBMySQLDAO-_UYJSkSM8EDWgWN_yVSyF6g-_5b61WSM-EDWgWN_yVSyF6g-parameterparameter2parameter3": {
      "type": "data_clump",
      "key": "parameters_to_parameters_data_clump-./DBMySQLDAO-_UYJSkSM8EDWgWN_yVSyF6g-_5b61WSM-EDWgWN_yVSyF6g-parameterparameter2parameter3",
      "probability": 1,
      "from_file_path": "./DBMySQLDAO",
      "from_class_or_interface_name": "DBMySQLDAO",
      "from_class_or_interface_key": "_PBwuoCM6EDWgWN_yVSyF6g",
      "from_method_name": "updatePersona",
      "from_method_key": "_UYJSkSM8EDWgWN_yVSyF6g",
      "to_file_path": "./DBMySQLEstudiantesDAO",
      "to_class_or_interface_name": "DBMySQLEstudiantesDAO",
      "to_class_or_interface_key": "_5b6OQCM-EDWgWN_yVSyF6g",
      "to_method_name": "updatePersona",
      "to_method_key": "_5b61WSM-EDWgWN_yVSyF6g",
      "data_clump_type": "parameters_to_parameters_data_clump",
      "data_clump_data": {
        "_XzcUwCM8EDWgWN_yVSyF6g": {
          "key": "_XzcUwCM8EDWgWN_yVSyF6g",
          "name": "parameter",
          "type": null,
          "probability": 1,
          "modifiers": [],
          "to_variable": {
            "key": "_5b61WyM-EDWgWN_yVSyF6g",
            "name": "parameter",
            "type": null,
            "modifiers": [],
            "position": {}
          },
          "position": {}
        },
        "_KieGkCM_EDWgWN_yVSyF6g": {
          "key": "_KieGkCM_EDWgWN_yVSyF6g",
          "name": "parameter2",
          "type": null,
          "probability": 1,
          "modifiers": [],
          "to_variable": {
            "key": "_fIRF4CM_EDWgWN_yVSyF6g",
            "name": "parameter2",
            "type": null,
            "modifiers": [],
            "position": {}
          },
          "position": {}
        },
        "_MgzbgCM_EDWgWN_yVSyF6g": {
          "key": "_MgzbgCM_EDWgWN_yVSyF6g",
          "name": "parameter3",
          "type": null,
          "probability": 1,
          "modifiers": [],
          "to_variable": {
            "key": "_fJ42gCM_EDWgWN_yVSyF6g",
            "name": "parameter3",
            "type": null,
            "modifiers": [],
            "position": {}
          },
          "position": {}
        }
      }
    },
    "parameters_to_parameters_data_clump-./DBMySQLDocentesDAO-_j6CoQCM-EDWgWN_yVSyF6g-_J5rWWSNBEDWgWN_yVSyF6g-parameterparameter2parameter3": {
      "type": "data_clump",
      "key": "parameters_to_parameters_data_clump-./DBMySQLDocentesDAO-_j6CoQCM-EDWgWN_yVSyF6g-_J5rWWSNBEDWgWN_yVSyF6g-parameterparameter2parameter3",
      "probability": 1,
      "from_file_path": "./DBMySQLDocentesDAO",
      "from_class_or_interface_name": "DBMySQLDocentesDAO",
      "from_class_or_interface_key": "_iSzPkCM8EDWgWN_yVSyF6g",
      "from_method_name": "updatePersona",
      "from_method_key": "_j6CoQCM-EDWgWN_yVSyF6g",
      "to_file_path": "./DBMySQLCursosDAO",
      "to_class_or_interface_name": "DBMySQLCursosDAO",
      "to_class_or_interface_key": "_J5qvQCNBEDWgWN_yVSyF6g",
      "to_method_name": "updateCurso",
      "to_method_key": "_J5rWWSNBEDWgWN_yVSyF6g",
      "data_clump_type": "parameters_to_parameters_data_clump",
      "data_clump_data": {
        "_m1xZkCM-EDWgWN_yVSyF6g": {
          "key": "_m1xZkCM-EDWgWN_yVSyF6g",
          "name": "parameter",
          "type": null,
          "probability": 1,
          "modifiers": [],
          "to_variable": {
            "key": "_J5rWWyNBEDWgWN_yVSyF6g",
            "name": "parameter",
            "type": null,
            "modifiers": [],
            "position": {}
          },
          "position": {}
        },
        "_U3-h0CM_EDWgWN_yVSyF6g": {
          "key": "_U3-h0CM_EDWgWN_yVSyF6g",
          "name": "parameter2",
          "type": null,
          "probability": 1,
          "modifiers": [],
          "to_variable": {
            "key": "_J5rWXCNBEDWgWN_yVSyF6g",
            "name": "parameter2",
            "type": null,
            "modifiers": [],
            "position": {}
          },
          "position": {}
        },
        "_VDQkwCM_EDWgWN_yVSyF6g": {
          "key": "_VDQkwCM_EDWgWN_yVSyF6g",
          "name": "parameter3",
          "type": null,
          "probability": 1,
          "modifiers": [],
          "to_variable": {
            "key": "_J5rWXSNBEDWgWN_yVSyF6g",
            "name": "parameter3",
            "type": null,
            "modifiers": [],
            "position": {}
          },
          "position": {}
        }
      }
    },
    "parameters_to_parameters_data_clump-./DBMySQLDocentesDAO-_j6CoQCM-EDWgWN_yVSyF6g-_UYJSkSM8EDWgWN_yVSyF6g-parameterparameter2parameter3": {
      "type": "data_clump",
      "key": "parameters_to_parameters_data_clump-./DBMySQLDocentesDAO-_j6CoQCM-EDWgWN_yVSyF6g-_UYJSkSM8EDWgWN_yVSyF6g-parameterparameter2parameter3",
      "probability": 1,
      "from_file_path": "./DBMySQLDocentesDAO",
      "from_class_or_interface_name": "DBMySQLDocentesDAO",
      "from_class_or_interface_key": "_iSzPkCM8EDWgWN_yVSyF6g",
      "from_method_name": "updatePersona",
      "from_method_key": "_j6CoQCM-EDWgWN_yVSyF6g",
      "to_file_path": "./DBMySQLDAO",
      "to_class_or_interface_name": "DBMySQLDAO",
      "to_class_or_interface_key": "_PBwuoCM6EDWgWN_yVSyF6g",
      "to_method_name": "updatePersona",
      "to_method_key": "_UYJSkSM8EDWgWN_yVSyF6g",
      "data_clump_type": "parameters_to_parameters_data_clump",
      "data_clump_data": {
        "_m1xZkCM-EDWgWN_yVSyF6g": {
          "key": "_m1xZkCM-EDWgWN_yVSyF6g",
          "name": "parameter",
          "type": null,
          "probability": 1,
          "modifiers": [],
          "to_variable": {
            "key": "_XzcUwCM8EDWgWN_yVSyF6g",
            "name": "parameter",
            "type": null,
            "modifiers": [],
            "position": {}
          },
          "position": {}
        },
        "_U3-h0CM_EDWgWN_yVSyF6g": {
          "key": "_U3-h0CM_EDWgWN_yVSyF6g",
          "name": "parameter2",
          "type": null,
          "probability": 1,
          "modifiers": [],
          "to_variable": {
            "key": "_KieGkCM_EDWgWN_yVSyF6g",
            "name": "parameter2",
            "type": null,
            "modifiers": [],
            "position": {}
          },
          "position": {}
        },
        "_VDQkwCM_EDWgWN_yVSyF6g": {
          "key": "_VDQkwCM_EDWgWN_yVSyF6g",
          "name": "parameter3",
          "type": null,
          "probability": 1,
          "modifiers": [],
          "to_variable": {
            "key": "_MgzbgCM_EDWgWN_yVSyF6g",
            "name": "parameter3",
            "type": null,
            "modifiers": [],
            "position": {}
          },
          "position": {}
        }
      }
    },
    "parameters_to_parameters_data_clump-./DBMySQLDocentesDAO-_j6CoQCM-EDWgWN_yVSyF6g-_5b61WSM-EDWgWN_yVSyF6g-parameterparameter2parameter3": {
      "type": "data_clump",
      "key": "parameters_to_parameters_data_clump-./DBMySQLDocentesDAO-_j6CoQCM-EDWgWN_yVSyF6g-_5b61WSM-EDWgWN_yVSyF6g-parameterparameter2parameter3",
      "probability": 1,
      "from_file_path": "./DBMySQLDocentesDAO",
      "from_class_or_interface_name": "DBMySQLDocentesDAO",
      "from_class_or_interface_key": "_iSzPkCM8EDWgWN_yVSyF6g",
      "from_method_name": "updatePersona",
      "from_method_key": "_j6CoQCM-EDWgWN_yVSyF6g",
      "to_file_path": "./DBMySQLEstudiantesDAO",
      "to_class_or_interface_name": "DBMySQLEstudiantesDAO",
      "to_class_or_interface_key": "_5b6OQCM-EDWgWN_yVSyF6g",
      "to_method_name": "updatePersona",
      "to_method_key": "_5b61WSM-EDWgWN_yVSyF6g",
      "data_clump_type": "parameters_to_parameters_data_clump",
      "data_clump_data": {
        "_m1xZkCM-EDWgWN_yVSyF6g": {
          "key": "_m1xZkCM-EDWgWN_yVSyF6g",
          "name": "parameter",
          "type": null,
          "probability": 1,
          "modifiers": [],
          "to_variable": {
            "key": "_5b61WyM-EDWgWN_yVSyF6g",
            "name": "parameter",
            "type": null,
            "modifiers": [],
            "position": {}
          },
          "position": {}
        },
        "_U3-h0CM_EDWgWN_yVSyF6g": {
          "key": "_U3-h0CM_EDWgWN_yVSyF6g",
          "name": "parameter2",
          "type": null,
          "probability": 1,
          "modifiers": [],
          "to_variable": {
            "key": "_fIRF4CM_EDWgWN_yVSyF6g",
            "name": "parameter2",
            "type": null,
            "modifiers": [],
            "position": {}
          },
          "position": {}
        },
        "_VDQkwCM_EDWgWN_yVSyF6g": {
          "key": "_VDQkwCM_EDWgWN_yVSyF6g",
          "name": "parameter3",
          "type": null,
          "probability": 1,
          "modifiers": [],
          "to_variable": {
            "key": "_fJ42gCM_EDWgWN_yVSyF6g",
            "name": "parameter3",
            "type": null,
            "modifiers": [],
            "position": {}
          },
          "position": {}
        }
      }
    },
    "parameters_to_parameters_data_clump-./DBMySQLEstudiantesDAO-_5b61WSM-EDWgWN_yVSyF6g-_J5rWWSNBEDWgWN_yVSyF6g-parameterparameter2parameter3": {
      "type": "data_clump",
      "key": "parameters_to_parameters_data_clump-./DBMySQLEstudiantesDAO-_5b61WSM-EDWgWN_yVSyF6g-_J5rWWSNBEDWgWN_yVSyF6g-parameterparameter2parameter3",
      "probability": 1,
      "from_file_path": "./DBMySQLEstudiantesDAO",
      "from_class_or_interface_name": "DBMySQLEstudiantesDAO",
      "from_class_or_interface_key": "_5b6OQCM-EDWgWN_yVSyF6g",
      "from_method_name": "updatePersona",
      "from_method_key": "_5b61WSM-EDWgWN_yVSyF6g",
      "to_file_path": "./DBMySQLCursosDAO",
      "to_class_or_interface_name": "DBMySQLCursosDAO",
      "to_class_or_interface_key": "_J5qvQCNBEDWgWN_yVSyF6g",
      "to_method_name": "updateCurso",
      "to_method_key": "_J5rWWSNBEDWgWN_yVSyF6g",
      "data_clump_type": "parameters_to_parameters_data_clump",
      "data_clump_data": {
        "_5b61WyM-EDWgWN_yVSyF6g": {
          "key": "_5b61WyM-EDWgWN_yVSyF6g",
          "name": "parameter",
          "type": null,
          "probability": 1,
          "modifiers": [],
          "to_variable": {
            "key": "_J5rWWyNBEDWgWN_yVSyF6g",
            "name": "parameter",
            "type": null,
            "modifiers": [],
            "position": {}
          },
          "position": {}
        },
        "_fIRF4CM_EDWgWN_yVSyF6g": {
          "key": "_fIRF4CM_EDWgWN_yVSyF6g",
          "name": "parameter2",
          "type": null,
          "probability": 1,
          "modifiers": [],
          "to_variable": {
            "key": "_J5rWXCNBEDWgWN_yVSyF6g",
            "name": "parameter2",
            "type": null,
            "modifiers": [],
            "position": {}
          },
          "position": {}
        },
        "_fJ42gCM_EDWgWN_yVSyF6g": {
          "key": "_fJ42gCM_EDWgWN_yVSyF6g",
          "name": "parameter3",
          "type": null,
          "probability": 1,
          "modifiers": [],
          "to_variable": {
            "key": "_J5rWXSNBEDWgWN_yVSyF6g",
            "name": "parameter3",
            "type": null,
            "modifiers": [],
            "position": {}
          },
          "position": {}
        }
      }
    },
    "parameters_to_parameters_data_clump-./DBMySQLEstudiantesDAO-_5b61WSM-EDWgWN_yVSyF6g-_UYJSkSM8EDWgWN_yVSyF6g-parameterparameter2parameter3": {
      "type": "data_clump",
      "key": "parameters_to_parameters_data_clump-./DBMySQLEstudiantesDAO-_5b61WSM-EDWgWN_yVSyF6g-_UYJSkSM8EDWgWN_yVSyF6g-parameterparameter2parameter3",
      "probability": 1,
      "from_file_path": "./DBMySQLEstudiantesDAO",
      "from_class_or_interface_name": "DBMySQLEstudiantesDAO",
      "from_class_or_interface_key": "_5b6OQCM-EDWgWN_yVSyF6g",
      "from_method_name": "updatePersona",
      "from_method_key": "_5b61WSM-EDWgWN_yVSyF6g",
      "to_file_path": "./DBMySQLDAO",
      "to_class_or_interface_name": "DBMySQLDAO",
      "to_class_or_interface_key": "_PBwuoCM6EDWgWN_yVSyF6g",
      "to_method_name": "updatePersona",
      "to_method_key": "_UYJSkSM8EDWgWN_yVSyF6g",
      "data_clump_type": "parameters_to_parameters_data_clump",
      "data_clump_data": {
        "_5b61WyM-EDWgWN_yVSyF6g": {
          "key": "_5b61WyM-EDWgWN_yVSyF6g",
          "name": "parameter",
          "type": null,
          "probability": 1,
          "modifiers": [],
          "to_variable": {
            "key": "_XzcUwCM8EDWgWN_yVSyF6g",
            "name": "parameter",
            "type": null,
            "modifiers": [],
            "position": {}
          },
          "position": {}
        },
        "_fIRF4CM_EDWgWN_yVSyF6g": {
          "key": "_fIRF4CM_EDWgWN_yVSyF6g",
          "name": "parameter2",
          "type": null,
          "probability": 1,
          "modifiers": [],
          "to_variable": {
            "key": "_KieGkCM_EDWgWN_yVSyF6g",
            "name": "parameter2",
            "type": null,
            "modifiers": [],
            "position": {}
          },
          "position": {}
        },
        "_fJ42gCM_EDWgWN_yVSyF6g": {
          "key": "_fJ42gCM_EDWgWN_yVSyF6g",
          "name": "parameter3",
          "type": null,
          "probability": 1,
          "modifiers": [],
          "to_variable": {
            "key": "_MgzbgCM_EDWgWN_yVSyF6g",
            "name": "parameter3",
            "type": null,
            "modifiers": [],
            "position": {}
          },
          "position": {}
        }
      }
    },
    "parameters_to_parameters_data_clump-./DBMySQLEstudiantesDAO-_5b61WSM-EDWgWN_yVSyF6g-_j6CoQCM-EDWgWN_yVSyF6g-parameterparameter2parameter3": {
      "type": "data_clump",
      "key": "parameters_to_parameters_data_clump-./DBMySQLEstudiantesDAO-_5b61WSM-EDWgWN_yVSyF6g-_j6CoQCM-EDWgWN_yVSyF6g-parameterparameter2parameter3",
      "probability": 1,
      "from_file_path": "./DBMySQLEstudiantesDAO",
      "from_class_or_interface_name": "DBMySQLEstudiantesDAO",
      "from_class_or_interface_key": "_5b6OQCM-EDWgWN_yVSyF6g",
      "from_method_name": "updatePersona",
      "from_method_key": "_5b61WSM-EDWgWN_yVSyF6g",
      "to_file_path": "./DBMySQLDocentesDAO",
      "to_class_or_interface_name": "DBMySQLDocentesDAO",
      "to_class_or_interface_key": "_iSzPkCM8EDWgWN_yVSyF6g",
      "to_method_name": "updatePersona",
      "to_method_key": "_j6CoQCM-EDWgWN_yVSyF6g",
      "data_clump_type": "parameters_to_parameters_data_clump",
      "data_clump_data": {
        "_5b61WyM-EDWgWN_yVSyF6g": {
          "key": "_5b61WyM-EDWgWN_yVSyF6g",
          "name": "parameter",
          "type": null,
          "probability": 1,
          "modifiers": [],
          "to_variable": {
            "key": "_m1xZkCM-EDWgWN_yVSyF6g",
            "name": "parameter",
            "type": null,
            "modifiers": [],
            "position": {}
          },
          "position": {}
        },
        "_fIRF4CM_EDWgWN_yVSyF6g": {
          "key": "_fIRF4CM_EDWgWN_yVSyF6g",
          "name": "parameter2",
          "type": null,
          "probability": 1,
          "modifiers": [],
          "to_variable": {
            "key": "_U3-h0CM_EDWgWN_yVSyF6g",
            "name": "parameter2",
            "type": null,
            "modifiers": [],
            "position": {}
          },
          "position": {}
        },
        "_fJ42gCM_EDWgWN_yVSyF6g": {
          "key": "_fJ42gCM_EDWgWN_yVSyF6g",
          "name": "parameter3",
          "type": null,
          "probability": 1,
          "modifiers": [],
          "to_variable": {
            "key": "_VDQkwCM_EDWgWN_yVSyF6g",
            "name": "parameter3",
            "type": null,
            "modifiers": [],
            "position": {}
          },
          "position": {}
        }
      }
    },
    "fields_to_fields_data_clump-./DBMySQLDAO-_PBwuoCM6EDWgWN_yVSyF6g-_XGzNACNDEDWgWN_yVSyF6g-userpassurl": {
      "type": "data_clump",
      "key": "fields_to_fields_data_clump-./DBMySQLDAO-_PBwuoCM6EDWgWN_yVSyF6g-_XGzNACNDEDWgWN_yVSyF6g-userpassurl",
      "probability": 1,
      "from_file_path": "./DBMySQLDAO",
      "from_class_or_interface_name": "DBMySQLDAO",
      "from_class_or_interface_key": "_PBwuoCM6EDWgWN_yVSyF6g",
      "from_method_name": null,
      "from_method_key": null,
      "to_file_path": "./Login",
      "to_class_or_interface_key": "_XGzNACNDEDWgWN_yVSyF6g",
      "to_class_or_interface_name": "DBMySQLDAO",
      "to_method_key": null,
      "to_method_name": null,
      "data_clump_type": "fields_to_fields_data_clump",
      "data_clump_data": {
        "_JL-xkCM7EDWgWN_yVSyF6g": {
          "key": "_JL-xkCM7EDWgWN_yVSyF6g",
          "name": "user",
          "type": null,
          "probability": 1,
          "modifiers": [
            "private"
          ],
          "to_variable": {
            "key": "_0Wk54CNDEDWgWN_yVSyF6g",
            "name": "user",
            "type": null,
            "modifiers": [
              "private"
            ],
            "position": {}
          },
          "position": {}
        },
        "_Y7y5YCM7EDWgWN_yVSyF6g": {
          "key": "_Y7y5YCM7EDWgWN_yVSyF6g",
          "name": "pass",
          "type": null,
          "probability": 1,
          "modifiers": [
            "private"
          ],
          "to_variable": {
            "key": "_5y0gICNDEDWgWN_yVSyF6g",
            "name": "pass",
            "type": null,
            "modifiers": [
              "private"
            ],
            "position": {}
          },
          "position": {}
        },
        "_c6wCQCM7EDWgWN_yVSyF6g": {
          "key": "_c6wCQCM7EDWgWN_yVSyF6g",
          "name": "url",
          "type": null,
          "probability": 1,
          "modifiers": [
            "private"
          ],
          "to_variable": {
            "key": "_5RxBgCNDEDWgWN_yVSyF6g",
            "name": "url",
            "type": null,
            "modifiers": [
              "private"
            ],
            "position": {}
          },
          "position": {}
        }
      }
    },
    "fields_to_fields_data_clump-./Login-_XGzNACNDEDWgWN_yVSyF6g-_PBwuoCM6EDWgWN_yVSyF6g-userurlpass": {
      "type": "data_clump",
      "key": "fields_to_fields_data_clump-./Login-_XGzNACNDEDWgWN_yVSyF6g-_PBwuoCM6EDWgWN_yVSyF6g-userurlpass",
      "probability": 1,
      "from_file_path": "./Login",
      "from_class_or_interface_name": "Login",
      "from_class_or_interface_key": "_XGzNACNDEDWgWN_yVSyF6g",
      "from_method_name": null,
      "from_method_key": null,
      "to_file_path": "./DBMySQLDAO",
      "to_class_or_interface_key": "_PBwuoCM6EDWgWN_yVSyF6g",
      "to_class_or_interface_name": "Login",
      "to_method_key": null,
      "to_method_name": null,
      "data_clump_type": "fields_to_fields_data_clump",
      "data_clump_data": {
        "_0Wk54CNDEDWgWN_yVSyF6g": {
          "key": "_0Wk54CNDEDWgWN_yVSyF6g",
          "name": "user",
          "type": null,
          "probability": 1,
          "modifiers": [
            "private"
          ],
          "to_variable": {
            "key": "_JL-xkCM7EDWgWN_yVSyF6g",
            "name": "user",
            "type": null,
            "modifiers": [
              "private"
            ],
            "position": {}
          },
          "position": {}
        },
        "_5RxBgCNDEDWgWN_yVSyF6g": {
          "key": "_5RxBgCNDEDWgWN_yVSyF6g",
          "name": "url",
          "type": null,
          "probability": 1,
          "modifiers": [
            "private"
          ],
          "to_variable": {
            "key": "_c6wCQCM7EDWgWN_yVSyF6g",
            "name": "url",
            "type": null,
            "modifiers": [
              "private"
            ],
            "position": {}
          },
          "position": {}
        },
        "_5y0gICNDEDWgWN_yVSyF6g": {
          "key": "_5y0gICNDEDWgWN_yVSyF6g",
          "name": "pass",
          "type": null,
          "probability": 1,
          "modifiers": [
            "private"
          ],
          "to_variable": {
            "key": "_Y7y5YCM7EDWgWN_yVSyF6g",
            "name": "pass",
            "type": null,
            "modifiers": [
              "private"
            ],
            "position": {}
          },
          "position": {}
        }
      }
    }
  }
}