{
  "report_version": "unknown",
  "report_timestamp": "2025-03-26T21:38:02.863Z",
  "target_language": "java",
  "report_summary": {
    "additional": null,
    "amount_classes_or_interfaces_with_data_clumps": 5,
    "amount_files_with_data_clumps": 5,
    "amount_methods_with_data_clumps": 0,
    "fields_to_fields_data_clump": 20,
    "parameters_to_fields_data_clump": 0,
    "parameters_to_parameters_data_clump": 0,
    "amount_data_clumps": 20
  },
  "project_info": {
    "project_url": "unknown_project_url",
    "project_name": "_xdy0MFO-Eeyzq6ra3GZCdA",
    "project_version": "unknown_project_version",
    "project_commit_hash": "unknown",
    "project_tag": null,
    "project_commit_date": null,
    "additional": {},
    "number_of_files": 26,
    "number_of_classes_or_interfaces": 26,
    "number_of_methods": 20,
    "number_of_data_fields": 69,
    "number_of_method_parameters": 0
  },
  "detector": {
    "name": "data-clumps-doctor",
    "url": "https://github.com/NilsBaumgartner1994/data-clumps-doctor",
    "version": "0.1.100",
    "options": {
      "typeVariablesConsidered": false,
      "similarityModifierOfVariablesWithUnknownType": 0,
      "fieldsOfClassesWithUnknownHierarchyProbabilityModifier": 0,
      "sharedFieldsToFieldsAmountMinimum": 3,
      "analyseFieldsInClassesOrInterfacesInheritedFromSuperClassesOrInterfaces": false,
      "sharedParametersToParametersAmountMinimum": 3,
      "sharedParametersToFieldsAmountMinimum": 3,
      "methodsOfClassesOrInterfacesWithUnknownHierarchyProbabilityModifier": 0
    }
  },
  "data_clumps": {
    "fields_to_fields_data_clump-./CreateOrderView-_dczv0DX2EDqs2b-jGhpSJQ-_8A0PQDX3EDqs2b-jGhpSJQ-modelfieldssuccess_url": {
      "type": "data_clump",
      "key": "fields_to_fields_data_clump-./CreateOrderView-_dczv0DX2EDqs2b-jGhpSJQ-_8A0PQDX3EDqs2b-jGhpSJQ-modelfieldssuccess_url",
      "probability": 1,
      "from_file_path": "./CreateOrderView",
      "from_class_or_interface_name": "CreateOrderView",
      "from_class_or_interface_key": "_dczv0DX2EDqs2b-jGhpSJQ",
      "from_method_name": null,
      "from_method_key": null,
      "to_file_path": "./OrderApprove",
      "to_class_or_interface_key": "_8A0PQDX3EDqs2b-jGhpSJQ",
      "to_class_or_interface_name": "CreateOrderView",
      "to_method_key": null,
      "to_method_name": null,
      "data_clump_type": "fields_to_fields_data_clump",
      "data_clump_data": {
        "_fPBUUDX2EDqs2b-jGhpSJQ": {
          "key": "_fPBUUDX2EDqs2b-jGhpSJQ",
          "name": "model",
          "type": null,
          "probability": 1,
          "modifiers": [
            "public"
          ],
          "to_variable": {
            "key": "_8A0PQTX3EDqs2b-jGhpSJQ",
            "name": "model",
            "type": null,
            "modifiers": [
              "public"
            ],
            "position": {}
          },
          "position": {}
        },
        "_ffBfMDX2EDqs2b-jGhpSJQ": {
          "key": "_ffBfMDX2EDqs2b-jGhpSJQ",
          "name": "fields",
          "type": null,
          "probability": 1,
          "modifiers": [
            "public"
          ],
          "to_variable": {
            "key": "_8A0PQjX3EDqs2b-jGhpSJQ",
            "name": "fields",
            "type": null,
            "modifiers": [
              "public"
            ],
            "position": {}
          },
          "position": {}
        },
        "_flALYDX2EDqs2b-jGhpSJQ": {
          "key": "_flALYDX2EDqs2b-jGhpSJQ",
          "name": "success_url",
          "type": null,
          "probability": 1,
          "modifiers": [
            "public"
          ],
          "to_variable": {
            "key": "_8A02UDX3EDqs2b-jGhpSJQ",
            "name": "success_url",
            "type": null,
            "modifiers": [
              "public"
            ],
            "position": {}
          },
          "position": {}
        }
      }
    },
    "fields_to_fields_data_clump-./CreateOrderView-_dczv0DX2EDqs2b-jGhpSJQ-_0OvaEDX3EDqs2b-jGhpSJQ-modelfieldssuccess_url": {
      "type": "data_clump",
      "key": "fields_to_fields_data_clump-./CreateOrderView-_dczv0DX2EDqs2b-jGhpSJQ-_0OvaEDX3EDqs2b-jGhpSJQ-modelfieldssuccess_url",
      "probability": 1,
      "from_file_path": "./CreateOrderView",
      "from_class_or_interface_name": "CreateOrderView",
      "from_class_or_interface_key": "_dczv0DX2EDqs2b-jGhpSJQ",
      "from_method_name": null,
      "from_method_key": null,
      "to_file_path": "./OrderCopyView",
      "to_class_or_interface_key": "_0OvaEDX3EDqs2b-jGhpSJQ",
      "to_class_or_interface_name": "CreateOrderView",
      "to_method_key": null,
      "to_method_name": null,
      "data_clump_type": "fields_to_fields_data_clump",
      "data_clump_data": {
        "_fPBUUDX2EDqs2b-jGhpSJQ": {
          "key": "_fPBUUDX2EDqs2b-jGhpSJQ",
          "name": "model",
          "type": null,
          "probability": 1,
          "modifiers": [
            "public"
          ],
          "to_variable": {
            "key": "_0OwBIDX3EDqs2b-jGhpSJQ",
            "name": "model",
            "type": null,
            "modifiers": [
              "public"
            ],
            "position": {}
          },
          "position": {}
        },
        "_ffBfMDX2EDqs2b-jGhpSJQ": {
          "key": "_ffBfMDX2EDqs2b-jGhpSJQ",
          "name": "fields",
          "type": null,
          "probability": 1,
          "modifiers": [
            "public"
          ],
          "to_variable": {
            "key": "_0OwBITX3EDqs2b-jGhpSJQ",
            "name": "fields",
            "type": null,
            "modifiers": [
              "public"
            ],
            "position": {}
          },
          "position": {}
        },
        "_flALYDX2EDqs2b-jGhpSJQ": {
          "key": "_flALYDX2EDqs2b-jGhpSJQ",
          "name": "success_url",
          "type": null,
          "probability": 1,
          "modifiers": [
            "public"
          ],
          "to_variable": {
            "key": "_0OwBIjX3EDqs2b-jGhpSJQ",
            "name": "success_url",
            "type": null,
            "modifiers": [
              "public"
            ],
            "position": {}
          },
          "position": {}
        }
      }
    },
    "fields_to_fields_data_clump-./CreateOrderView-_dczv0DX2EDqs2b-jGhpSJQ-__4NXkDX3EDqs2b-jGhpSJQ-modelfieldssuccess_url": {
      "type": "data_clump",
      "key": "fields_to_fields_data_clump-./CreateOrderView-_dczv0DX2EDqs2b-jGhpSJQ-__4NXkDX3EDqs2b-jGhpSJQ-modelfieldssuccess_url",
      "probability": 1,
      "from_file_path": "./CreateOrderView",
      "from_class_or_interface_name": "CreateOrderView",
      "from_class_or_interface_key": "_dczv0DX2EDqs2b-jGhpSJQ",
      "from_method_name": null,
      "from_method_key": null,
      "to_file_path": "./OrderDeny",
      "to_class_or_interface_key": "__4NXkDX3EDqs2b-jGhpSJQ",
      "to_class_or_interface_name": "CreateOrderView",
      "to_method_key": null,
      "to_method_name": null,
      "data_clump_type": "fields_to_fields_data_clump",
      "data_clump_data": {
        "_fPBUUDX2EDqs2b-jGhpSJQ": {
          "key": "_fPBUUDX2EDqs2b-jGhpSJQ",
          "name": "model",
          "type": null,
          "probability": 1,
          "modifiers": [
            "public"
          ],
          "to_variable": {
            "key": "__4N-oDX3EDqs2b-jGhpSJQ",
            "name": "model",
            "type": null,
            "modifiers": [
              "public"
            ],
            "position": {}
          },
          "position": {}
        },
        "_ffBfMDX2EDqs2b-jGhpSJQ": {
          "key": "_ffBfMDX2EDqs2b-jGhpSJQ",
          "name": "fields",
          "type": null,
          "probability": 1,
          "modifiers": [
            "public"
          ],
          "to_variable": {
            "key": "__4N-oTX3EDqs2b-jGhpSJQ",
            "name": "fields",
            "type": null,
            "modifiers": [
              "public"
            ],
            "position": {}
          },
          "position": {}
        },
        "_flALYDX2EDqs2b-jGhpSJQ": {
          "key": "_flALYDX2EDqs2b-jGhpSJQ",
          "name": "success_url",
          "type": null,
          "probability": 1,
          "modifiers": [
            "public"
          ],
          "to_variable": {
            "key": "__4N-ojX3EDqs2b-jGhpSJQ",
            "name": "success_url",
            "type": null,
            "modifiers": [
              "public"
            ],
            "position": {}
          },
          "position": {}
        }
      }
    },
    "fields_to_fields_data_clump-./CreateOrderView-_dczv0DX2EDqs2b-jGhpSJQ-_UF_U8DX3EDqs2b-jGhpSJQ-modelfieldssuccess_url": {
      "type": "data_clump",
      "key": "fields_to_fields_data_clump-./CreateOrderView-_dczv0DX2EDqs2b-jGhpSJQ-_UF_U8DX3EDqs2b-jGhpSJQ-modelfieldssuccess_url",
      "probability": 1,
      "from_file_path": "./CreateOrderView",
      "from_class_or_interface_name": "CreateOrderView",
      "from_class_or_interface_key": "_dczv0DX2EDqs2b-jGhpSJQ",
      "from_method_name": null,
      "from_method_key": null,
      "to_file_path": "./OrderFromCatalog",
      "to_class_or_interface_key": "_UF_U8DX3EDqs2b-jGhpSJQ",
      "to_class_or_interface_name": "CreateOrderView",
      "to_method_key": null,
      "to_method_name": null,
      "data_clump_type": "fields_to_fields_data_clump",
      "data_clump_data": {
        "_fPBUUDX2EDqs2b-jGhpSJQ": {
          "key": "_fPBUUDX2EDqs2b-jGhpSJQ",
          "name": "model",
          "type": null,
          "probability": 1,
          "modifiers": [
            "public"
          ],
          "to_variable": {
            "key": "_V7Bj8DX3EDqs2b-jGhpSJQ",
            "name": "model",
            "type": null,
            "modifiers": [
              "public"
            ],
            "position": {}
          },
          "position": {}
        },
        "_ffBfMDX2EDqs2b-jGhpSJQ": {
          "key": "_ffBfMDX2EDqs2b-jGhpSJQ",
          "name": "fields",
          "type": null,
          "probability": 1,
          "modifiers": [
            "public"
          ],
          "to_variable": {
            "key": "_WB62IDX3EDqs2b-jGhpSJQ",
            "name": "fields",
            "type": null,
            "modifiers": [
              "public"
            ],
            "position": {}
          },
          "position": {}
        },
        "_flALYDX2EDqs2b-jGhpSJQ": {
          "key": "_flALYDX2EDqs2b-jGhpSJQ",
          "name": "success_url",
          "type": null,
          "probability": 1,
          "modifiers": [
            "public"
          ],
          "to_variable": {
            "key": "_WH9MsDX3EDqs2b-jGhpSJQ",
            "name": "success_url",
            "type": null,
            "modifiers": [
              "public"
            ],
            "position": {}
          },
          "position": {}
        }
      }
    },
    "fields_to_fields_data_clump-./OrderApprove-_8A0PQDX3EDqs2b-jGhpSJQ-_dczv0DX2EDqs2b-jGhpSJQ-modelfieldssuccess_url": {
      "type": "data_clump",
      "key": "fields_to_fields_data_clump-./OrderApprove-_8A0PQDX3EDqs2b-jGhpSJQ-_dczv0DX2EDqs2b-jGhpSJQ-modelfieldssuccess_url",
      "probability": 1,
      "from_file_path": "./OrderApprove",
      "from_class_or_interface_name": "OrderApprove",
      "from_class_or_interface_key": "_8A0PQDX3EDqs2b-jGhpSJQ",
      "from_method_name": null,
      "from_method_key": null,
      "to_file_path": "./CreateOrderView",
      "to_class_or_interface_key": "_dczv0DX2EDqs2b-jGhpSJQ",
      "to_class_or_interface_name": "OrderApprove",
      "to_method_key": null,
      "to_method_name": null,
      "data_clump_type": "fields_to_fields_data_clump",
      "data_clump_data": {
        "_8A0PQTX3EDqs2b-jGhpSJQ": {
          "key": "_8A0PQTX3EDqs2b-jGhpSJQ",
          "name": "model",
          "type": null,
          "probability": 1,
          "modifiers": [
            "public"
          ],
          "to_variable": {
            "key": "_fPBUUDX2EDqs2b-jGhpSJQ",
            "name": "model",
            "type": null,
            "modifiers": [
              "public"
            ],
            "position": {}
          },
          "position": {}
        },
        "_8A0PQjX3EDqs2b-jGhpSJQ": {
          "key": "_8A0PQjX3EDqs2b-jGhpSJQ",
          "name": "fields",
          "type": null,
          "probability": 1,
          "modifiers": [
            "public"
          ],
          "to_variable": {
            "key": "_ffBfMDX2EDqs2b-jGhpSJQ",
            "name": "fields",
            "type": null,
            "modifiers": [
              "public"
            ],
            "position": {}
          },
          "position": {}
        },
        "_8A02UDX3EDqs2b-jGhpSJQ": {
          "key": "_8A02UDX3EDqs2b-jGhpSJQ",
          "name": "success_url",
          "type": null,
          "probability": 1,
          "modifiers": [
            "public"
          ],
          "to_variable": {
            "key": "_flALYDX2EDqs2b-jGhpSJQ",
            "name": "success_url",
            "type": null,
            "modifiers": [
              "public"
            ],
            "position": {}
          },
          "position": {}
        }
      }
    },
    "fields_to_fields_data_clump-./OrderApprove-_8A0PQDX3EDqs2b-jGhpSJQ-_0OvaEDX3EDqs2b-jGhpSJQ-modelfieldssuccess_url": {
      "type": "data_clump",
      "key": "fields_to_fields_data_clump-./OrderApprove-_8A0PQDX3EDqs2b-jGhpSJQ-_0OvaEDX3EDqs2b-jGhpSJQ-modelfieldssuccess_url",
      "probability": 1,
      "from_file_path": "./OrderApprove",
      "from_class_or_interface_name": "OrderApprove",
      "from_class_or_interface_key": "_8A0PQDX3EDqs2b-jGhpSJQ",
      "from_method_name": null,
      "from_method_key": null,
      "to_file_path": "./OrderCopyView",
      "to_class_or_interface_key": "_0OvaEDX3EDqs2b-jGhpSJQ",
      "to_class_or_interface_name": "OrderApprove",
      "to_method_key": null,
      "to_method_name": null,
      "data_clump_type": "fields_to_fields_data_clump",
      "data_clump_data": {
        "_8A0PQTX3EDqs2b-jGhpSJQ": {
          "key": "_8A0PQTX3EDqs2b-jGhpSJQ",
          "name": "model",
          "type": null,
          "probability": 1,
          "modifiers": [
            "public"
          ],
          "to_variable": {
            "key": "_0OwBIDX3EDqs2b-jGhpSJQ",
            "name": "model",
            "type": null,
            "modifiers": [
              "public"
            ],
            "position": {}
          },
          "position": {}
        },
        "_8A0PQjX3EDqs2b-jGhpSJQ": {
          "key": "_8A0PQjX3EDqs2b-jGhpSJQ",
          "name": "fields",
          "type": null,
          "probability": 1,
          "modifiers": [
            "public"
          ],
          "to_variable": {
            "key": "_0OwBITX3EDqs2b-jGhpSJQ",
            "name": "fields",
            "type": null,
            "modifiers": [
              "public"
            ],
            "position": {}
          },
          "position": {}
        },
        "_8A02UDX3EDqs2b-jGhpSJQ": {
          "key": "_8A02UDX3EDqs2b-jGhpSJQ",
          "name": "success_url",
          "type": null,
          "probability": 1,
          "modifiers": [
            "public"
          ],
          "to_variable": {
            "key": "_0OwBIjX3EDqs2b-jGhpSJQ",
            "name": "success_url",
            "type": null,
            "modifiers": [
              "public"
            ],
            "position": {}
          },
          "position": {}
        }
      }
    },
    "fields_to_fields_data_clump-./OrderApprove-_8A0PQDX3EDqs2b-jGhpSJQ-__4NXkDX3EDqs2b-jGhpSJQ-modelfieldssuccess_url": {
      "type": "data_clump",
      "key": "fields_to_fields_data_clump-./OrderApprove-_8A0PQDX3EDqs2b-jGhpSJQ-__4NXkDX3EDqs2b-jGhpSJQ-modelfieldssuccess_url",
      "probability": 1,
      "from_file_path": "./OrderApprove",
      "from_class_or_interface_name": "OrderApprove",
      "from_class_or_interface_key": "_8A0PQDX3EDqs2b-jGhpSJQ",
      "from_method_name": null,
      "from_method_key": null,
      "to_file_path": "./OrderDeny",
      "to_class_or_interface_key": "__4NXkDX3EDqs2b-jGhpSJQ",
      "to_class_or_interface_name": "OrderApprove",
      "to_method_key": null,
      "to_method_name": null,
      "data_clump_type": "fields_to_fields_data_clump",
      "data_clump_data": {
        "_8A0PQTX3EDqs2b-jGhpSJQ": {
          "key": "_8A0PQTX3EDqs2b-jGhpSJQ",
          "name": "model",
          "type": null,
          "probability": 1,
          "modifiers": [
            "public"
          ],
          "to_variable": {
            "key": "__4N-oDX3EDqs2b-jGhpSJQ",
            "name": "model",
            "type": null,
            "modifiers": [
              "public"
            ],
            "position": {}
          },
          "position": {}
        },
        "_8A0PQjX3EDqs2b-jGhpSJQ": {
          "key": "_8A0PQjX3EDqs2b-jGhpSJQ",
          "name": "fields",
          "type": null,
          "probability": 1,
          "modifiers": [
            "public"
          ],
          "to_variable": {
            "key": "__4N-oTX3EDqs2b-jGhpSJQ",
            "name": "fields",
            "type": null,
            "modifiers": [
              "public"
            ],
            "position": {}
          },
          "position": {}
        },
        "_8A02UDX3EDqs2b-jGhpSJQ": {
          "key": "_8A02UDX3EDqs2b-jGhpSJQ",
          "name": "success_url",
          "type": null,
          "probability": 1,
          "modifiers": [
            "public"
          ],
          "to_variable": {
            "key": "__4N-ojX3EDqs2b-jGhpSJQ",
            "name": "success_url",
            "type": null,
            "modifiers": [
              "public"
            ],
            "position": {}
          },
          "position": {}
        }
      }
    },
    "fields_to_fields_data_clump-./OrderApprove-_8A0PQDX3EDqs2b-jGhpSJQ-_UF_U8DX3EDqs2b-jGhpSJQ-modelfieldssuccess_url": {
      "type": "data_clump",
      "key": "fields_to_fields_data_clump-./OrderApprove-_8A0PQDX3EDqs2b-jGhpSJQ-_UF_U8DX3EDqs2b-jGhpSJQ-modelfieldssuccess_url",
      "probability": 1,
      "from_file_path": "./OrderApprove",
      "from_class_or_interface_name": "OrderApprove",
      "from_class_or_interface_key": "_8A0PQDX3EDqs2b-jGhpSJQ",
      "from_method_name": null,
      "from_method_key": null,
      "to_file_path": "./OrderFromCatalog",
      "to_class_or_interface_key": "_UF_U8DX3EDqs2b-jGhpSJQ",
      "to_class_or_interface_name": "OrderApprove",
      "to_method_key": null,
      "to_method_name": null,
      "data_clump_type": "fields_to_fields_data_clump",
      "data_clump_data": {
        "_8A0PQTX3EDqs2b-jGhpSJQ": {
          "key": "_8A0PQTX3EDqs2b-jGhpSJQ",
          "name": "model",
          "type": null,
          "probability": 1,
          "modifiers": [
            "public"
          ],
          "to_variable": {
            "key": "_V7Bj8DX3EDqs2b-jGhpSJQ",
            "name": "model",
            "type": null,
            "modifiers": [
              "public"
            ],
            "position": {}
          },
          "position": {}
        },
        "_8A0PQjX3EDqs2b-jGhpSJQ": {
          "key": "_8A0PQjX3EDqs2b-jGhpSJQ",
          "name": "fields",
          "type": null,
          "probability": 1,
          "modifiers": [
            "public"
          ],
          "to_variable": {
            "key": "_WB62IDX3EDqs2b-jGhpSJQ",
            "name": "fields",
            "type": null,
            "modifiers": [
              "public"
            ],
            "position": {}
          },
          "position": {}
        },
        "_8A02UDX3EDqs2b-jGhpSJQ": {
          "key": "_8A02UDX3EDqs2b-jGhpSJQ",
          "name": "success_url",
          "type": null,
          "probability": 1,
          "modifiers": [
            "public"
          ],
          "to_variable": {
            "key": "_WH9MsDX3EDqs2b-jGhpSJQ",
            "name": "success_url",
            "type": null,
            "modifiers": [
              "public"
            ],
            "position": {}
          },
          "position": {}
        }
      }
    },
    "fields_to_fields_data_clump-./OrderCopyView-_0OvaEDX3EDqs2b-jGhpSJQ-_dczv0DX2EDqs2b-jGhpSJQ-modelfieldssuccess_url": {
      "type": "data_clump",
      "key": "fields_to_fields_data_clump-./OrderCopyView-_0OvaEDX3EDqs2b-jGhpSJQ-_dczv0DX2EDqs2b-jGhpSJQ-modelfieldssuccess_url",
      "probability": 1,
      "from_file_path": "./OrderCopyView",
      "from_class_or_interface_name": "OrderCopyView",
      "from_class_or_interface_key": "_0OvaEDX3EDqs2b-jGhpSJQ",
      "from_method_name": null,
      "from_method_key": null,
      "to_file_path": "./CreateOrderView",
      "to_class_or_interface_key": "_dczv0DX2EDqs2b-jGhpSJQ",
      "to_class_or_interface_name": "OrderCopyView",
      "to_method_key": null,
      "to_method_name": null,
      "data_clump_type": "fields_to_fields_data_clump",
      "data_clump_data": {
        "_0OwBIDX3EDqs2b-jGhpSJQ": {
          "key": "_0OwBIDX3EDqs2b-jGhpSJQ",
          "name": "model",
          "type": null,
          "probability": 1,
          "modifiers": [
            "public"
          ],
          "to_variable": {
            "key": "_fPBUUDX2EDqs2b-jGhpSJQ",
            "name": "model",
            "type": null,
            "modifiers": [
              "public"
            ],
            "position": {}
          },
          "position": {}
        },
        "_0OwBITX3EDqs2b-jGhpSJQ": {
          "key": "_0OwBITX3EDqs2b-jGhpSJQ",
          "name": "fields",
          "type": null,
          "probability": 1,
          "modifiers": [
            "public"
          ],
          "to_variable": {
            "key": "_ffBfMDX2EDqs2b-jGhpSJQ",
            "name": "fields",
            "type": null,
            "modifiers": [
              "public"
            ],
            "position": {}
          },
          "position": {}
        },
        "_0OwBIjX3EDqs2b-jGhpSJQ": {
          "key": "_0OwBIjX3EDqs2b-jGhpSJQ",
          "name": "success_url",
          "type": null,
          "probability": 1,
          "modifiers": [
            "public"
          ],
          "to_variable": {
            "key": "_flALYDX2EDqs2b-jGhpSJQ",
            "name": "success_url",
            "type": null,
            "modifiers": [
              "public"
            ],
            "position": {}
          },
          "position": {}
        }
      }
    },
    "fields_to_fields_data_clump-./OrderCopyView-_0OvaEDX3EDqs2b-jGhpSJQ-_8A0PQDX3EDqs2b-jGhpSJQ-modelfieldssuccess_url": {
      "type": "data_clump",
      "key": "fields_to_fields_data_clump-./OrderCopyView-_0OvaEDX3EDqs2b-jGhpSJQ-_8A0PQDX3EDqs2b-jGhpSJQ-modelfieldssuccess_url",
      "probability": 1,
      "from_file_path": "./OrderCopyView",
      "from_class_or_interface_name": "OrderCopyView",
      "from_class_or_interface_key": "_0OvaEDX3EDqs2b-jGhpSJQ",
      "from_method_name": null,
      "from_method_key": null,
      "to_file_path": "./OrderApprove",
      "to_class_or_interface_key": "_8A0PQDX3EDqs2b-jGhpSJQ",
      "to_class_or_interface_name": "OrderCopyView",
      "to_method_key": null,
      "to_method_name": null,
      "data_clump_type": "fields_to_fields_data_clump",
      "data_clump_data": {
        "_0OwBIDX3EDqs2b-jGhpSJQ": {
          "key": "_0OwBIDX3EDqs2b-jGhpSJQ",
          "name": "model",
          "type": null,
          "probability": 1,
          "modifiers": [
            "public"
          ],
          "to_variable": {
            "key": "_8A0PQTX3EDqs2b-jGhpSJQ",
            "name": "model",
            "type": null,
            "modifiers": [
              "public"
            ],
            "position": {}
          },
          "position": {}
        },
        "_0OwBITX3EDqs2b-jGhpSJQ": {
          "key": "_0OwBITX3EDqs2b-jGhpSJQ",
          "name": "fields",
          "type": null,
          "probability": 1,
          "modifiers": [
            "public"
          ],
          "to_variable": {
            "key": "_8A0PQjX3EDqs2b-jGhpSJQ",
            "name": "fields",
            "type": null,
            "modifiers": [
              "public"
            ],
            "position": {}
          },
          "position": {}
        },
        "_0OwBIjX3EDqs2b-jGhpSJQ": {
          "key": "_0OwBIjX3EDqs2b-jGhpSJQ",
          "name": "success_url",
          "type": null,
          "probability": 1,
          "modifiers": [
            "public"
          ],
          "to_variable": {
            "key": "_8A02UDX3EDqs2b-jGhpSJQ",
            "name": "success_url",
            "type": null,
            "modifiers": [
              "public"
            ],
            "position": {}
          },
          "position": {}
        }
      }
    },
    "fields_to_fields_data_clump-./OrderCopyView-_0OvaEDX3EDqs2b-jGhpSJQ-__4NXkDX3EDqs2b-jGhpSJQ-modelfieldssuccess_url": {
      "type": "data_clump",
      "key": "fields_to_fields_data_clump-./OrderCopyView-_0OvaEDX3EDqs2b-jGhpSJQ-__4NXkDX3EDqs2b-jGhpSJQ-modelfieldssuccess_url",
      "probability": 1,
      "from_file_path": "./OrderCopyView",
      "from_class_or_interface_name": "OrderCopyView",
      "from_class_or_interface_key": "_0OvaEDX3EDqs2b-jGhpSJQ",
      "from_method_name": null,
      "from_method_key": null,
      "to_file_path": "./OrderDeny",
      "to_class_or_interface_key": "__4NXkDX3EDqs2b-jGhpSJQ",
      "to_class_or_interface_name": "OrderCopyView",
      "to_method_key": null,
      "to_method_name": null,
      "data_clump_type": "fields_to_fields_data_clump",
      "data_clump_data": {
        "_0OwBIDX3EDqs2b-jGhpSJQ": {
          "key": "_0OwBIDX3EDqs2b-jGhpSJQ",
          "name": "model",
          "type": null,
          "probability": 1,
          "modifiers": [
            "public"
          ],
          "to_variable": {
            "key": "__4N-oDX3EDqs2b-jGhpSJQ",
            "name": "model",
            "type": null,
            "modifiers": [
              "public"
            ],
            "position": {}
          },
          "position": {}
        },
        "_0OwBITX3EDqs2b-jGhpSJQ": {
          "key": "_0OwBITX3EDqs2b-jGhpSJQ",
          "name": "fields",
          "type": null,
          "probability": 1,
          "modifiers": [
            "public"
          ],
          "to_variable": {
            "key": "__4N-oTX3EDqs2b-jGhpSJQ",
            "name": "fields",
            "type": null,
            "modifiers": [
              "public"
            ],
            "position": {}
          },
          "position": {}
        },
        "_0OwBIjX3EDqs2b-jGhpSJQ": {
          "key": "_0OwBIjX3EDqs2b-jGhpSJQ",
          "name": "success_url",
          "type": null,
          "probability": 1,
          "modifiers": [
            "public"
          ],
          "to_variable": {
            "key": "__4N-ojX3EDqs2b-jGhpSJQ",
            "name": "success_url",
            "type": null,
            "modifiers": [
              "public"
            ],
            "position": {}
          },
          "position": {}
        }
      }
    },
    "fields_to_fields_data_clump-./OrderCopyView-_0OvaEDX3EDqs2b-jGhpSJQ-_UF_U8DX3EDqs2b-jGhpSJQ-modelfieldssuccess_url": {
      "type": "data_clump",
      "key": "fields_to_fields_data_clump-./OrderCopyView-_0OvaEDX3EDqs2b-jGhpSJQ-_UF_U8DX3EDqs2b-jGhpSJQ-modelfieldssuccess_url",
      "probability": 1,
      "from_file_path": "./OrderCopyView",
      "from_class_or_interface_name": "OrderCopyView",
      "from_class_or_interface_key": "_0OvaEDX3EDqs2b-jGhpSJQ",
      "from_method_name": null,
      "from_method_key": null,
      "to_file_path": "./OrderFromCatalog",
      "to_class_or_interface_key": "_UF_U8DX3EDqs2b-jGhpSJQ",
      "to_class_or_interface_name": "OrderCopyView",
      "to_method_key": null,
      "to_method_name": null,
      "data_clump_type": "fields_to_fields_data_clump",
      "data_clump_data": {
        "_0OwBIDX3EDqs2b-jGhpSJQ": {
          "key": "_0OwBIDX3EDqs2b-jGhpSJQ",
          "name": "model",
          "type": null,
          "probability": 1,
          "modifiers": [
            "public"
          ],
          "to_variable": {
            "key": "_V7Bj8DX3EDqs2b-jGhpSJQ",
            "name": "model",
            "type": null,
            "modifiers": [
              "public"
            ],
            "position": {}
          },
          "position": {}
        },
        "_0OwBITX3EDqs2b-jGhpSJQ": {
          "key": "_0OwBITX3EDqs2b-jGhpSJQ",
          "name": "fields",
          "type": null,
          "probability": 1,
          "modifiers": [
            "public"
          ],
          "to_variable": {
            "key": "_WB62IDX3EDqs2b-jGhpSJQ",
            "name": "fields",
            "type": null,
            "modifiers": [
              "public"
            ],
            "position": {}
          },
          "position": {}
        },
        "_0OwBIjX3EDqs2b-jGhpSJQ": {
          "key": "_0OwBIjX3EDqs2b-jGhpSJQ",
          "name": "success_url",
          "type": null,
          "probability": 1,
          "modifiers": [
            "public"
          ],
          "to_variable": {
            "key": "_WH9MsDX3EDqs2b-jGhpSJQ",
            "name": "success_url",
            "type": null,
            "modifiers": [
              "public"
            ],
            "position": {}
          },
          "position": {}
        }
      }
    },
    "fields_to_fields_data_clump-./OrderDeny-__4NXkDX3EDqs2b-jGhpSJQ-_dczv0DX2EDqs2b-jGhpSJQ-modelfieldssuccess_url": {
      "type": "data_clump",
      "key": "fields_to_fields_data_clump-./OrderDeny-__4NXkDX3EDqs2b-jGhpSJQ-_dczv0DX2EDqs2b-jGhpSJQ-modelfieldssuccess_url",
      "probability": 1,
      "from_file_path": "./OrderDeny",
      "from_class_or_interface_name": "OrderDeny",
      "from_class_or_interface_key": "__4NXkDX3EDqs2b-jGhpSJQ",
      "from_method_name": null,
      "from_method_key": null,
      "to_file_path": "./CreateOrderView",
      "to_class_or_interface_key": "_dczv0DX2EDqs2b-jGhpSJQ",
      "to_class_or_interface_name": "OrderDeny",
      "to_method_key": null,
      "to_method_name": null,
      "data_clump_type": "fields_to_fields_data_clump",
      "data_clump_data": {
        "__4N-oDX3EDqs2b-jGhpSJQ": {
          "key": "__4N-oDX3EDqs2b-jGhpSJQ",
          "name": "model",
          "type": null,
          "probability": 1,
          "modifiers": [
            "public"
          ],
          "to_variable": {
            "key": "_fPBUUDX2EDqs2b-jGhpSJQ",
            "name": "model",
            "type": null,
            "modifiers": [
              "public"
            ],
            "position": {}
          },
          "position": {}
        },
        "__4N-oTX3EDqs2b-jGhpSJQ": {
          "key": "__4N-oTX3EDqs2b-jGhpSJQ",
          "name": "fields",
          "type": null,
          "probability": 1,
          "modifiers": [
            "public"
          ],
          "to_variable": {
            "key": "_ffBfMDX2EDqs2b-jGhpSJQ",
            "name": "fields",
            "type": null,
            "modifiers": [
              "public"
            ],
            "position": {}
          },
          "position": {}
        },
        "__4N-ojX3EDqs2b-jGhpSJQ": {
          "key": "__4N-ojX3EDqs2b-jGhpSJQ",
          "name": "success_url",
          "type": null,
          "probability": 1,
          "modifiers": [
            "public"
          ],
          "to_variable": {
            "key": "_flALYDX2EDqs2b-jGhpSJQ",
            "name": "success_url",
            "type": null,
            "modifiers": [
              "public"
            ],
            "position": {}
          },
          "position": {}
        }
      }
    },
    "fields_to_fields_data_clump-./OrderDeny-__4NXkDX3EDqs2b-jGhpSJQ-_8A0PQDX3EDqs2b-jGhpSJQ-modelfieldssuccess_url": {
      "type": "data_clump",
      "key": "fields_to_fields_data_clump-./OrderDeny-__4NXkDX3EDqs2b-jGhpSJQ-_8A0PQDX3EDqs2b-jGhpSJQ-modelfieldssuccess_url",
      "probability": 1,
      "from_file_path": "./OrderDeny",
      "from_class_or_interface_name": "OrderDeny",
      "from_class_or_interface_key": "__4NXkDX3EDqs2b-jGhpSJQ",
      "from_method_name": null,
      "from_method_key": null,
      "to_file_path": "./OrderApprove",
      "to_class_or_interface_key": "_8A0PQDX3EDqs2b-jGhpSJQ",
      "to_class_or_interface_name": "OrderDeny",
      "to_method_key": null,
      "to_method_name": null,
      "data_clump_type": "fields_to_fields_data_clump",
      "data_clump_data": {
        "__4N-oDX3EDqs2b-jGhpSJQ": {
          "key": "__4N-oDX3EDqs2b-jGhpSJQ",
          "name": "model",
          "type": null,
          "probability": 1,
          "modifiers": [
            "public"
          ],
          "to_variable": {
            "key": "_8A0PQTX3EDqs2b-jGhpSJQ",
            "name": "model",
            "type": null,
            "modifiers": [
              "public"
            ],
            "position": {}
          },
          "position": {}
        },
        "__4N-oTX3EDqs2b-jGhpSJQ": {
          "key": "__4N-oTX3EDqs2b-jGhpSJQ",
          "name": "fields",
          "type": null,
          "probability": 1,
          "modifiers": [
            "public"
          ],
          "to_variable": {
            "key": "_8A0PQjX3EDqs2b-jGhpSJQ",
            "name": "fields",
            "type": null,
            "modifiers": [
              "public"
            ],
            "position": {}
          },
          "position": {}
        },
        "__4N-ojX3EDqs2b-jGhpSJQ": {
          "key": "__4N-ojX3EDqs2b-jGhpSJQ",
          "name": "success_url",
          "type": null,
          "probability": 1,
          "modifiers": [
            "public"
          ],
          "to_variable": {
            "key": "_8A02UDX3EDqs2b-jGhpSJQ",
            "name": "success_url",
            "type": null,
            "modifiers": [
              "public"
            ],
            "position": {}
          },
          "position": {}
        }
      }
    },
    "fields_to_fields_data_clump-./OrderDeny-__4NXkDX3EDqs2b-jGhpSJQ-_0OvaEDX3EDqs2b-jGhpSJQ-modelfieldssuccess_url": {
      "type": "data_clump",
      "key": "fields_to_fields_data_clump-./OrderDeny-__4NXkDX3EDqs2b-jGhpSJQ-_0OvaEDX3EDqs2b-jGhpSJQ-modelfieldssuccess_url",
      "probability": 1,
      "from_file_path": "./OrderDeny",
      "from_class_or_interface_name": "OrderDeny",
      "from_class_or_interface_key": "__4NXkDX3EDqs2b-jGhpSJQ",
      "from_method_name": null,
      "from_method_key": null,
      "to_file_path": "./OrderCopyView",
      "to_class_or_interface_key": "_0OvaEDX3EDqs2b-jGhpSJQ",
      "to_class_or_interface_name": "OrderDeny",
      "to_method_key": null,
      "to_method_name": null,
      "data_clump_type": "fields_to_fields_data_clump",
      "data_clump_data": {
        "__4N-oDX3EDqs2b-jGhpSJQ": {
          "key": "__4N-oDX3EDqs2b-jGhpSJQ",
          "name": "model",
          "type": null,
          "probability": 1,
          "modifiers": [
            "public"
          ],
          "to_variable": {
            "key": "_0OwBIDX3EDqs2b-jGhpSJQ",
            "name": "model",
            "type": null,
            "modifiers": [
              "public"
            ],
            "position": {}
          },
          "position": {}
        },
        "__4N-oTX3EDqs2b-jGhpSJQ": {
          "key": "__4N-oTX3EDqs2b-jGhpSJQ",
          "name": "fields",
          "type": null,
          "probability": 1,
          "modifiers": [
            "public"
          ],
          "to_variable": {
            "key": "_0OwBITX3EDqs2b-jGhpSJQ",
            "name": "fields",
            "type": null,
            "modifiers": [
              "public"
            ],
            "position": {}
          },
          "position": {}
        },
        "__4N-ojX3EDqs2b-jGhpSJQ": {
          "key": "__4N-ojX3EDqs2b-jGhpSJQ",
          "name": "success_url",
          "type": null,
          "probability": 1,
          "modifiers": [
            "public"
          ],
          "to_variable": {
            "key": "_0OwBIjX3EDqs2b-jGhpSJQ",
            "name": "success_url",
            "type": null,
            "modifiers": [
              "public"
            ],
            "position": {}
          },
          "position": {}
        }
      }
    },
    "fields_to_fields_data_clump-./OrderDeny-__4NXkDX3EDqs2b-jGhpSJQ-_UF_U8DX3EDqs2b-jGhpSJQ-modelfieldssuccess_url": {
      "type": "data_clump",
      "key": "fields_to_fields_data_clump-./OrderDeny-__4NXkDX3EDqs2b-jGhpSJQ-_UF_U8DX3EDqs2b-jGhpSJQ-modelfieldssuccess_url",
      "probability": 1,
      "from_file_path": "./OrderDeny",
      "from_class_or_interface_name": "OrderDeny",
      "from_class_or_interface_key": "__4NXkDX3EDqs2b-jGhpSJQ",
      "from_method_name": null,
      "from_method_key": null,
      "to_file_path": "./OrderFromCatalog",
      "to_class_or_interface_key": "_UF_U8DX3EDqs2b-jGhpSJQ",
      "to_class_or_interface_name": "OrderDeny",
      "to_method_key": null,
      "to_method_name": null,
      "data_clump_type": "fields_to_fields_data_clump",
      "data_clump_data": {
        "__4N-oDX3EDqs2b-jGhpSJQ": {
          "key": "__4N-oDX3EDqs2b-jGhpSJQ",
          "name": "model",
          "type": null,
          "probability": 1,
          "modifiers": [
            "public"
          ],
          "to_variable": {
            "key": "_V7Bj8DX3EDqs2b-jGhpSJQ",
            "name": "model",
            "type": null,
            "modifiers": [
              "public"
            ],
            "position": {}
          },
          "position": {}
        },
        "__4N-oTX3EDqs2b-jGhpSJQ": {
          "key": "__4N-oTX3EDqs2b-jGhpSJQ",
          "name": "fields",
          "type": null,
          "probability": 1,
          "modifiers": [
            "public"
          ],
          "to_variable": {
            "key": "_WB62IDX3EDqs2b-jGhpSJQ",
            "name": "fields",
            "type": null,
            "modifiers": [
              "public"
            ],
            "position": {}
          },
          "position": {}
        },
        "__4N-ojX3EDqs2b-jGhpSJQ": {
          "key": "__4N-ojX3EDqs2b-jGhpSJQ",
          "name": "success_url",
          "type": null,
          "probability": 1,
          "modifiers": [
            "public"
          ],
          "to_variable": {
            "key": "_WH9MsDX3EDqs2b-jGhpSJQ",
            "name": "success_url",
            "type": null,
            "modifiers": [
              "public"
            ],
            "position": {}
          },
          "position": {}
        }
      }
    },
    "fields_to_fields_data_clump-./OrderFromCatalog-_UF_U8DX3EDqs2b-jGhpSJQ-_dczv0DX2EDqs2b-jGhpSJQ-modelfieldssuccess_url": {
      "type": "data_clump",
      "key": "fields_to_fields_data_clump-./OrderFromCatalog-_UF_U8DX3EDqs2b-jGhpSJQ-_dczv0DX2EDqs2b-jGhpSJQ-modelfieldssuccess_url",
      "probability": 1,
      "from_file_path": "./OrderFromCatalog",
      "from_class_or_interface_name": "OrderFromCatalog",
      "from_class_or_interface_key": "_UF_U8DX3EDqs2b-jGhpSJQ",
      "from_method_name": null,
      "from_method_key": null,
      "to_file_path": "./CreateOrderView",
      "to_class_or_interface_key": "_dczv0DX2EDqs2b-jGhpSJQ",
      "to_class_or_interface_name": "OrderFromCatalog",
      "to_method_key": null,
      "to_method_name": null,
      "data_clump_type": "fields_to_fields_data_clump",
      "data_clump_data": {
        "_V7Bj8DX3EDqs2b-jGhpSJQ": {
          "key": "_V7Bj8DX3EDqs2b-jGhpSJQ",
          "name": "model",
          "type": null,
          "probability": 1,
          "modifiers": [
            "public"
          ],
          "to_variable": {
            "key": "_fPBUUDX2EDqs2b-jGhpSJQ",
            "name": "model",
            "type": null,
            "modifiers": [
              "public"
            ],
            "position": {}
          },
          "position": {}
        },
        "_WB62IDX3EDqs2b-jGhpSJQ": {
          "key": "_WB62IDX3EDqs2b-jGhpSJQ",
          "name": "fields",
          "type": null,
          "probability": 1,
          "modifiers": [
            "public"
          ],
          "to_variable": {
            "key": "_ffBfMDX2EDqs2b-jGhpSJQ",
            "name": "fields",
            "type": null,
            "modifiers": [
              "public"
            ],
            "position": {}
          },
          "position": {}
        },
        "_WH9MsDX3EDqs2b-jGhpSJQ": {
          "key": "_WH9MsDX3EDqs2b-jGhpSJQ",
          "name": "success_url",
          "type": null,
          "probability": 1,
          "modifiers": [
            "public"
          ],
          "to_variable": {
            "key": "_flALYDX2EDqs2b-jGhpSJQ",
            "name": "success_url",
            "type": null,
            "modifiers": [
              "public"
            ],
            "position": {}
          },
          "position": {}
        }
      }
    },
    "fields_to_fields_data_clump-./OrderFromCatalog-_UF_U8DX3EDqs2b-jGhpSJQ-_8A0PQDX3EDqs2b-jGhpSJQ-modelfieldssuccess_url": {
      "type": "data_clump",
      "key": "fields_to_fields_data_clump-./OrderFromCatalog-_UF_U8DX3EDqs2b-jGhpSJQ-_8A0PQDX3EDqs2b-jGhpSJQ-modelfieldssuccess_url",
      "probability": 1,
      "from_file_path": "./OrderFromCatalog",
      "from_class_or_interface_name": "OrderFromCatalog",
      "from_class_or_interface_key": "_UF_U8DX3EDqs2b-jGhpSJQ",
      "from_method_name": null,
      "from_method_key": null,
      "to_file_path": "./OrderApprove",
      "to_class_or_interface_key": "_8A0PQDX3EDqs2b-jGhpSJQ",
      "to_class_or_interface_name": "OrderFromCatalog",
      "to_method_key": null,
      "to_method_name": null,
      "data_clump_type": "fields_to_fields_data_clump",
      "data_clump_data": {
        "_V7Bj8DX3EDqs2b-jGhpSJQ": {
          "key": "_V7Bj8DX3EDqs2b-jGhpSJQ",
          "name": "model",
          "type": null,
          "probability": 1,
          "modifiers": [
            "public"
          ],
          "to_variable": {
            "key": "_8A0PQTX3EDqs2b-jGhpSJQ",
            "name": "model",
            "type": null,
            "modifiers": [
              "public"
            ],
            "position": {}
          },
          "position": {}
        },
        "_WB62IDX3EDqs2b-jGhpSJQ": {
          "key": "_WB62IDX3EDqs2b-jGhpSJQ",
          "name": "fields",
          "type": null,
          "probability": 1,
          "modifiers": [
            "public"
          ],
          "to_variable": {
            "key": "_8A0PQjX3EDqs2b-jGhpSJQ",
            "name": "fields",
            "type": null,
            "modifiers": [
              "public"
            ],
            "position": {}
          },
          "position": {}
        },
        "_WH9MsDX3EDqs2b-jGhpSJQ": {
          "key": "_WH9MsDX3EDqs2b-jGhpSJQ",
          "name": "success_url",
          "type": null,
          "probability": 1,
          "modifiers": [
            "public"
          ],
          "to_variable": {
            "key": "_8A02UDX3EDqs2b-jGhpSJQ",
            "name": "success_url",
            "type": null,
            "modifiers": [
              "public"
            ],
            "position": {}
          },
          "position": {}
        }
      }
    },
    "fields_to_fields_data_clump-./OrderFromCatalog-_UF_U8DX3EDqs2b-jGhpSJQ-_0OvaEDX3EDqs2b-jGhpSJQ-modelfieldssuccess_url": {
      "type": "data_clump",
      "key": "fields_to_fields_data_clump-./OrderFromCatalog-_UF_U8DX3EDqs2b-jGhpSJQ-_0OvaEDX3EDqs2b-jGhpSJQ-modelfieldssuccess_url",
      "probability": 1,
      "from_file_path": "./OrderFromCatalog",
      "from_class_or_interface_name": "OrderFromCatalog",
      "from_class_or_interface_key": "_UF_U8DX3EDqs2b-jGhpSJQ",
      "from_method_name": null,
      "from_method_key": null,
      "to_file_path": "./OrderCopyView",
      "to_class_or_interface_key": "_0OvaEDX3EDqs2b-jGhpSJQ",
      "to_class_or_interface_name": "OrderFromCatalog",
      "to_method_key": null,
      "to_method_name": null,
      "data_clump_type": "fields_to_fields_data_clump",
      "data_clump_data": {
        "_V7Bj8DX3EDqs2b-jGhpSJQ": {
          "key": "_V7Bj8DX3EDqs2b-jGhpSJQ",
          "name": "model",
          "type": null,
          "probability": 1,
          "modifiers": [
            "public"
          ],
          "to_variable": {
            "key": "_0OwBIDX3EDqs2b-jGhpSJQ",
            "name": "model",
            "type": null,
            "modifiers": [
              "public"
            ],
            "position": {}
          },
          "position": {}
        },
        "_WB62IDX3EDqs2b-jGhpSJQ": {
          "key": "_WB62IDX3EDqs2b-jGhpSJQ",
          "name": "fields",
          "type": null,
          "probability": 1,
          "modifiers": [
            "public"
          ],
          "to_variable": {
            "key": "_0OwBITX3EDqs2b-jGhpSJQ",
            "name": "fields",
            "type": null,
            "modifiers": [
              "public"
            ],
            "position": {}
          },
          "position": {}
        },
        "_WH9MsDX3EDqs2b-jGhpSJQ": {
          "key": "_WH9MsDX3EDqs2b-jGhpSJQ",
          "name": "success_url",
          "type": null,
          "probability": 1,
          "modifiers": [
            "public"
          ],
          "to_variable": {
            "key": "_0OwBIjX3EDqs2b-jGhpSJQ",
            "name": "success_url",
            "type": null,
            "modifiers": [
              "public"
            ],
            "position": {}
          },
          "position": {}
        }
      }
    },
    "fields_to_fields_data_clump-./OrderFromCatalog-_UF_U8DX3EDqs2b-jGhpSJQ-__4NXkDX3EDqs2b-jGhpSJQ-modelfieldssuccess_url": {
      "type": "data_clump",
      "key": "fields_to_fields_data_clump-./OrderFromCatalog-_UF_U8DX3EDqs2b-jGhpSJQ-__4NXkDX3EDqs2b-jGhpSJQ-modelfieldssuccess_url",
      "probability": 1,
      "from_file_path": "./OrderFromCatalog",
      "from_class_or_interface_name": "OrderFromCatalog",
      "from_class_or_interface_key": "_UF_U8DX3EDqs2b-jGhpSJQ",
      "from_method_name": null,
      "from_method_key": null,
      "to_file_path": "./OrderDeny",
      "to_class_or_interface_key": "__4NXkDX3EDqs2b-jGhpSJQ",
      "to_class_or_interface_name": "OrderFromCatalog",
      "to_method_key": null,
      "to_method_name": null,
      "data_clump_type": "fields_to_fields_data_clump",
      "data_clump_data": {
        "_V7Bj8DX3EDqs2b-jGhpSJQ": {
          "key": "_V7Bj8DX3EDqs2b-jGhpSJQ",
          "name": "model",
          "type": null,
          "probability": 1,
          "modifiers": [
            "public"
          ],
          "to_variable": {
            "key": "__4N-oDX3EDqs2b-jGhpSJQ",
            "name": "model",
            "type": null,
            "modifiers": [
              "public"
            ],
            "position": {}
          },
          "position": {}
        },
        "_WB62IDX3EDqs2b-jGhpSJQ": {
          "key": "_WB62IDX3EDqs2b-jGhpSJQ",
          "name": "fields",
          "type": null,
          "probability": 1,
          "modifiers": [
            "public"
          ],
          "to_variable": {
            "key": "__4N-oTX3EDqs2b-jGhpSJQ",
            "name": "fields",
            "type": null,
            "modifiers": [
              "public"
            ],
            "position": {}
          },
          "position": {}
        },
        "_WH9MsDX3EDqs2b-jGhpSJQ": {
          "key": "_WH9MsDX3EDqs2b-jGhpSJQ",
          "name": "success_url",
          "type": null,
          "probability": 1,
          "modifiers": [
            "public"
          ],
          "to_variable": {
            "key": "__4N-ojX3EDqs2b-jGhpSJQ",
            "name": "success_url",
            "type": null,
            "modifiers": [
              "public"
            ],
            "position": {}
          },
          "position": {}
        }
      }
    }
  }
}