{
  "report_version": "unknown",
  "report_timestamp": "2025-03-26T23:01:22.403Z",
  "target_language": "java",
  "report_summary": {
    "additional": null,
    "amount_classes_or_interfaces_with_data_clumps": 6,
    "amount_files_with_data_clumps": 6,
    "amount_methods_with_data_clumps": 5,
    "fields_to_fields_data_clump": 6,
    "parameters_to_fields_data_clump": 2,
    "parameters_to_parameters_data_clump": 6,
    "amount_data_clumps": 14
  },
  "project_info": {
    "project_url": "unknown_project_url",
    "project_name": "_cZoioK59EeWeOMejiT5MCw",
    "project_version": "unknown_project_version",
    "project_commit_hash": "unknown",
    "project_tag": null,
    "project_commit_date": null,
    "additional": {},
    "number_of_files": 80,
    "number_of_classes_or_interfaces": 80,
    "number_of_methods": 251,
    "number_of_data_fields": 116,
    "number_of_method_parameters": 185
  },
  "detector": {
    "name": "data-clumps-doctor",
    "url": "https://github.com/NilsBaumgartner1994/data-clumps-doctor",
    "version": "0.1.100",
    "options": {
      "typeVariablesConsidered": false,
      "similarityModifierOfVariablesWithUnknownType": 0,
      "fieldsOfClassesWithUnknownHierarchyProbabilityModifier": 0,
      "sharedFieldsToFieldsAmountMinimum": 3,
      "analyseFieldsInClassesOrInterfacesInheritedFromSuperClassesOrInterfaces": false,
      "sharedParametersToParametersAmountMinimum": 3,
      "sharedParametersToFieldsAmountMinimum": 3,
      "methodsOfClassesOrInterfacesWithUnknownHierarchyProbabilityModifier": 0
    }
  },
  "data_clumps": {
    "parameters_to_fields_data_clump-./GraphMouse-_c382oa59EeWTNawgRr8maw-_c382Zq59EeWTNawgRr8maw-tpgraphMouse": {
      "type": "data_clump",
      "key": "parameters_to_fields_data_clump-./GraphMouse-_c382oa59EeWTNawgRr8maw-_c382Zq59EeWTNawgRr8maw-tpgraphMouse",
      "probability": 1,
      "from_file_path": "./GraphMouse",
      "from_class_or_interface_name": "GraphMouse",
      "from_class_or_interface_key": "_c382Zq59EeWTNawgRr8maw",
      "from_method_name": "ModeKeyAdapter",
      "from_method_key": "_c382oa59EeWTNawgRr8maw",
      "to_file_path": "./GraphMouse",
      "to_class_or_interface_name": "GraphMouse",
      "to_class_or_interface_key": "_c382Zq59EeWTNawgRr8maw",
      "to_method_name": null,
      "to_method_key": null,
      "data_clump_type": "parameters_to_fields_data_clump",
      "data_clump_data": {
        "_c382oq59EeWTNawgRr8maw": {
          "key": "_c382oq59EeWTNawgRr8maw",
          "name": "t",
          "type": null,
          "probability": 1,
          "modifiers": [],
          "to_variable": {
            "key": "_c382lK59EeWTNawgRr8maw",
            "name": "t",
            "type": null,
            "modifiers": [
              "private"
            ],
            "position": {}
          },
          "position": {}
        },
        "_c382pa59EeWTNawgRr8maw": {
          "key": "_c382pa59EeWTNawgRr8maw",
          "name": "p",
          "type": null,
          "probability": 1,
          "modifiers": [],
          "to_variable": {
            "key": "_c382l659EeWTNawgRr8maw",
            "name": "p",
            "type": null,
            "modifiers": [
              "private"
            ],
            "position": {}
          },
          "position": {}
        },
        "_c382qK59EeWTNawgRr8maw": {
          "key": "_c382qK59EeWTNawgRr8maw",
          "name": "graphMouse",
          "type": null,
          "probability": 1,
          "modifiers": [],
          "to_variable": {
            "key": "_c382mq59EeWTNawgRr8maw",
            "name": "graphMouse",
            "type": null,
            "modifiers": [
              "protected"
            ],
            "position": {}
          },
          "position": {}
        }
      }
    },
    "parameters_to_parameters_data_clump-./Key-_c37BWa59EeWTNawgRr8maw-_c37BZq59EeWTNawgRr8maw-idfirstlast": {
      "type": "data_clump",
      "key": "parameters_to_parameters_data_clump-./Key-_c37BWa59EeWTNawgRr8maw-_c37BZq59EeWTNawgRr8maw-idfirstlast",
      "probability": 1,
      "from_file_path": "./Key",
      "from_class_or_interface_name": "Key",
      "from_class_or_interface_key": "_c37BN659EeWTNawgRr8maw",
      "from_method_name": "isBetweenSuccessor",
      "from_method_key": "_c37BWa59EeWTNawgRr8maw",
      "to_file_path": "./Key",
      "to_class_or_interface_name": "Key",
      "to_class_or_interface_key": "_c37BN659EeWTNawgRr8maw",
      "to_method_name": "isBetween",
      "to_method_key": "_c37BZq59EeWTNawgRr8maw",
      "data_clump_type": "parameters_to_parameters_data_clump",
      "data_clump_data": {
        "_c37BXa59EeWTNawgRr8maw": {
          "key": "_c37BXa59EeWTNawgRr8maw",
          "name": "id",
          "type": null,
          "probability": 1,
          "modifiers": [],
          "to_variable": {
            "key": "_c37Baq59EeWTNawgRr8maw",
            "name": "id",
            "type": null,
            "modifiers": [],
            "position": {}
          },
          "position": {}
        },
        "_c37BYK59EeWTNawgRr8maw": {
          "key": "_c37BYK59EeWTNawgRr8maw",
          "name": "first",
          "type": null,
          "probability": 1,
          "modifiers": [],
          "to_variable": {
            "key": "_c37Bba59EeWTNawgRr8maw",
            "name": "first",
            "type": null,
            "modifiers": [],
            "position": {}
          },
          "position": {}
        },
        "_c37BY659EeWTNawgRr8maw": {
          "key": "_c37BY659EeWTNawgRr8maw",
          "name": "last",
          "type": null,
          "probability": 1,
          "modifiers": [],
          "to_variable": {
            "key": "_c37BcK59EeWTNawgRr8maw",
            "name": "last",
            "type": null,
            "modifiers": [],
            "position": {}
          },
          "position": {}
        }
      }
    },
    "parameters_to_parameters_data_clump-./Key-_c37BWa59EeWTNawgRr8maw-_c37Bc659EeWTNawgRr8maw-idfirstlast": {
      "type": "data_clump",
      "key": "parameters_to_parameters_data_clump-./Key-_c37BWa59EeWTNawgRr8maw-_c37Bc659EeWTNawgRr8maw-idfirstlast",
      "probability": 1,
      "from_file_path": "./Key",
      "from_class_or_interface_name": "Key",
      "from_class_or_interface_key": "_c37BN659EeWTNawgRr8maw",
      "from_method_name": "isBetweenSuccessor",
      "from_method_key": "_c37BWa59EeWTNawgRr8maw",
      "to_file_path": "./Key",
      "to_class_or_interface_name": "Key",
      "to_class_or_interface_key": "_c37BN659EeWTNawgRr8maw",
      "to_method_name": "isBetweenNotify",
      "to_method_key": "_c37Bc659EeWTNawgRr8maw",
      "data_clump_type": "parameters_to_parameters_data_clump",
      "data_clump_data": {
        "_c37BXa59EeWTNawgRr8maw": {
          "key": "_c37BXa59EeWTNawgRr8maw",
          "name": "id",
          "type": null,
          "probability": 1,
          "modifiers": [],
          "to_variable": {
            "key": "_c37Bd659EeWTNawgRr8maw",
            "name": "id",
            "type": null,
            "modifiers": [],
            "position": {}
          },
          "position": {}
        },
        "_c37BYK59EeWTNawgRr8maw": {
          "key": "_c37BYK59EeWTNawgRr8maw",
          "name": "first",
          "type": null,
          "probability": 1,
          "modifiers": [],
          "to_variable": {
            "key": "_c37Beq59EeWTNawgRr8maw",
            "name": "first",
            "type": null,
            "modifiers": [],
            "position": {}
          },
          "position": {}
        },
        "_c37BY659EeWTNawgRr8maw": {
          "key": "_c37BY659EeWTNawgRr8maw",
          "name": "last",
          "type": null,
          "probability": 1,
          "modifiers": [],
          "to_variable": {
            "key": "_c37Bfa59EeWTNawgRr8maw",
            "name": "last",
            "type": null,
            "modifiers": [],
            "position": {}
          },
          "position": {}
        }
      }
    },
    "parameters_to_parameters_data_clump-./Key-_c37BZq59EeWTNawgRr8maw-_c37BWa59EeWTNawgRr8maw-idfirstlast": {
      "type": "data_clump",
      "key": "parameters_to_parameters_data_clump-./Key-_c37BZq59EeWTNawgRr8maw-_c37BWa59EeWTNawgRr8maw-idfirstlast",
      "probability": 1,
      "from_file_path": "./Key",
      "from_class_or_interface_name": "Key",
      "from_class_or_interface_key": "_c37BN659EeWTNawgRr8maw",
      "from_method_name": "isBetween",
      "from_method_key": "_c37BZq59EeWTNawgRr8maw",
      "to_file_path": "./Key",
      "to_class_or_interface_name": "Key",
      "to_class_or_interface_key": "_c37BN659EeWTNawgRr8maw",
      "to_method_name": "isBetweenSuccessor",
      "to_method_key": "_c37BWa59EeWTNawgRr8maw",
      "data_clump_type": "parameters_to_parameters_data_clump",
      "data_clump_data": {
        "_c37Baq59EeWTNawgRr8maw": {
          "key": "_c37Baq59EeWTNawgRr8maw",
          "name": "id",
          "type": null,
          "probability": 1,
          "modifiers": [],
          "to_variable": {
            "key": "_c37BXa59EeWTNawgRr8maw",
            "name": "id",
            "type": null,
            "modifiers": [],
            "position": {}
          },
          "position": {}
        },
        "_c37Bba59EeWTNawgRr8maw": {
          "key": "_c37Bba59EeWTNawgRr8maw",
          "name": "first",
          "type": null,
          "probability": 1,
          "modifiers": [],
          "to_variable": {
            "key": "_c37BYK59EeWTNawgRr8maw",
            "name": "first",
            "type": null,
            "modifiers": [],
            "position": {}
          },
          "position": {}
        },
        "_c37BcK59EeWTNawgRr8maw": {
          "key": "_c37BcK59EeWTNawgRr8maw",
          "name": "last",
          "type": null,
          "probability": 1,
          "modifiers": [],
          "to_variable": {
            "key": "_c37BY659EeWTNawgRr8maw",
            "name": "last",
            "type": null,
            "modifiers": [],
            "position": {}
          },
          "position": {}
        }
      }
    },
    "parameters_to_parameters_data_clump-./Key-_c37BZq59EeWTNawgRr8maw-_c37Bc659EeWTNawgRr8maw-idfirstlast": {
      "type": "data_clump",
      "key": "parameters_to_parameters_data_clump-./Key-_c37BZq59EeWTNawgRr8maw-_c37Bc659EeWTNawgRr8maw-idfirstlast",
      "probability": 1,
      "from_file_path": "./Key",
      "from_class_or_interface_name": "Key",
      "from_class_or_interface_key": "_c37BN659EeWTNawgRr8maw",
      "from_method_name": "isBetween",
      "from_method_key": "_c37BZq59EeWTNawgRr8maw",
      "to_file_path": "./Key",
      "to_class_or_interface_name": "Key",
      "to_class_or_interface_key": "_c37BN659EeWTNawgRr8maw",
      "to_method_name": "isBetweenNotify",
      "to_method_key": "_c37Bc659EeWTNawgRr8maw",
      "data_clump_type": "parameters_to_parameters_data_clump",
      "data_clump_data": {
        "_c37Baq59EeWTNawgRr8maw": {
          "key": "_c37Baq59EeWTNawgRr8maw",
          "name": "id",
          "type": null,
          "probability": 1,
          "modifiers": [],
          "to_variable": {
            "key": "_c37Bd659EeWTNawgRr8maw",
            "name": "id",
            "type": null,
            "modifiers": [],
            "position": {}
          },
          "position": {}
        },
        "_c37Bba59EeWTNawgRr8maw": {
          "key": "_c37Bba59EeWTNawgRr8maw",
          "name": "first",
          "type": null,
          "probability": 1,
          "modifiers": [],
          "to_variable": {
            "key": "_c37Beq59EeWTNawgRr8maw",
            "name": "first",
            "type": null,
            "modifiers": [],
            "position": {}
          },
          "position": {}
        },
        "_c37BcK59EeWTNawgRr8maw": {
          "key": "_c37BcK59EeWTNawgRr8maw",
          "name": "last",
          "type": null,
          "probability": 1,
          "modifiers": [],
          "to_variable": {
            "key": "_c37Bfa59EeWTNawgRr8maw",
            "name": "last",
            "type": null,
            "modifiers": [],
            "position": {}
          },
          "position": {}
        }
      }
    },
    "parameters_to_parameters_data_clump-./Key-_c37Bc659EeWTNawgRr8maw-_c37BWa59EeWTNawgRr8maw-idfirstlast": {
      "type": "data_clump",
      "key": "parameters_to_parameters_data_clump-./Key-_c37Bc659EeWTNawgRr8maw-_c37BWa59EeWTNawgRr8maw-idfirstlast",
      "probability": 1,
      "from_file_path": "./Key",
      "from_class_or_interface_name": "Key",
      "from_class_or_interface_key": "_c37BN659EeWTNawgRr8maw",
      "from_method_name": "isBetweenNotify",
      "from_method_key": "_c37Bc659EeWTNawgRr8maw",
      "to_file_path": "./Key",
      "to_class_or_interface_name": "Key",
      "to_class_or_interface_key": "_c37BN659EeWTNawgRr8maw",
      "to_method_name": "isBetweenSuccessor",
      "to_method_key": "_c37BWa59EeWTNawgRr8maw",
      "data_clump_type": "parameters_to_parameters_data_clump",
      "data_clump_data": {
        "_c37Bd659EeWTNawgRr8maw": {
          "key": "_c37Bd659EeWTNawgRr8maw",
          "name": "id",
          "type": null,
          "probability": 1,
          "modifiers": [],
          "to_variable": {
            "key": "_c37BXa59EeWTNawgRr8maw",
            "name": "id",
            "type": null,
            "modifiers": [],
            "position": {}
          },
          "position": {}
        },
        "_c37Beq59EeWTNawgRr8maw": {
          "key": "_c37Beq59EeWTNawgRr8maw",
          "name": "first",
          "type": null,
          "probability": 1,
          "modifiers": [],
          "to_variable": {
            "key": "_c37BYK59EeWTNawgRr8maw",
            "name": "first",
            "type": null,
            "modifiers": [],
            "position": {}
          },
          "position": {}
        },
        "_c37Bfa59EeWTNawgRr8maw": {
          "key": "_c37Bfa59EeWTNawgRr8maw",
          "name": "last",
          "type": null,
          "probability": 1,
          "modifiers": [],
          "to_variable": {
            "key": "_c37BY659EeWTNawgRr8maw",
            "name": "last",
            "type": null,
            "modifiers": [],
            "position": {}
          },
          "position": {}
        }
      }
    },
    "parameters_to_parameters_data_clump-./Key-_c37Bc659EeWTNawgRr8maw-_c37BZq59EeWTNawgRr8maw-idfirstlast": {
      "type": "data_clump",
      "key": "parameters_to_parameters_data_clump-./Key-_c37Bc659EeWTNawgRr8maw-_c37BZq59EeWTNawgRr8maw-idfirstlast",
      "probability": 1,
      "from_file_path": "./Key",
      "from_class_or_interface_name": "Key",
      "from_class_or_interface_key": "_c37BN659EeWTNawgRr8maw",
      "from_method_name": "isBetweenNotify",
      "from_method_key": "_c37Bc659EeWTNawgRr8maw",
      "to_file_path": "./Key",
      "to_class_or_interface_name": "Key",
      "to_class_or_interface_key": "_c37BN659EeWTNawgRr8maw",
      "to_method_name": "isBetween",
      "to_method_key": "_c37BZq59EeWTNawgRr8maw",
      "data_clump_type": "parameters_to_parameters_data_clump",
      "data_clump_data": {
        "_c37Bd659EeWTNawgRr8maw": {
          "key": "_c37Bd659EeWTNawgRr8maw",
          "name": "id",
          "type": null,
          "probability": 1,
          "modifiers": [],
          "to_variable": {
            "key": "_c37Baq59EeWTNawgRr8maw",
            "name": "id",
            "type": null,
            "modifiers": [],
            "position": {}
          },
          "position": {}
        },
        "_c37Beq59EeWTNawgRr8maw": {
          "key": "_c37Beq59EeWTNawgRr8maw",
          "name": "first",
          "type": null,
          "probability": 1,
          "modifiers": [],
          "to_variable": {
            "key": "_c37Bba59EeWTNawgRr8maw",
            "name": "first",
            "type": null,
            "modifiers": [],
            "position": {}
          },
          "position": {}
        },
        "_c37Bfa59EeWTNawgRr8maw": {
          "key": "_c37Bfa59EeWTNawgRr8maw",
          "name": "last",
          "type": null,
          "probability": 1,
          "modifiers": [],
          "to_variable": {
            "key": "_c37BcK59EeWTNawgRr8maw",
            "name": "last",
            "type": null,
            "modifiers": [],
            "position": {}
          },
          "position": {}
        }
      }
    },
    "parameters_to_fields_data_clump-./NodeProperties-_c3yeX659EeWTNawgRr8maw-_c3yeTq59EeWTNawgRr8maw-nodeIPFSPortpidbindName": {
      "type": "data_clump",
      "key": "parameters_to_fields_data_clump-./NodeProperties-_c3yeX659EeWTNawgRr8maw-_c3yeTq59EeWTNawgRr8maw-nodeIPFSPortpidbindName",
      "probability": 1,
      "from_file_path": "./NodeProperties",
      "from_class_or_interface_name": "NodeProperties",
      "from_class_or_interface_key": "_c3yeTq59EeWTNawgRr8maw",
      "from_method_name": "NodeProperties",
      "from_method_key": "_c3yeX659EeWTNawgRr8maw",
      "to_file_path": "./NodeProperties",
      "to_class_or_interface_name": "NodeProperties",
      "to_class_or_interface_key": "_c3yeTq59EeWTNawgRr8maw",
      "to_method_name": null,
      "to_method_key": null,
      "data_clump_type": "parameters_to_fields_data_clump",
      "data_clump_data": {
        "_c3yeYK59EeWTNawgRr8maw": {
          "key": "_c3yeYK59EeWTNawgRr8maw",
          "name": "nodeIP",
          "type": null,
          "probability": 1,
          "modifiers": [],
          "to_variable": {
            "key": "_c3yeUq59EeWTNawgRr8maw",
            "name": "nodeIP",
            "type": null,
            "modifiers": [
              "private"
            ],
            "position": {}
          },
          "position": {}
        },
        "_c3yeY659EeWTNawgRr8maw": {
          "key": "_c3yeY659EeWTNawgRr8maw",
          "name": "FSPort",
          "type": null,
          "probability": 1,
          "modifiers": [],
          "to_variable": {
            "key": "_c3yeVa59EeWTNawgRr8maw",
            "name": "FSPort",
            "type": null,
            "modifiers": [
              "private"
            ],
            "position": {}
          },
          "position": {}
        },
        "_c3yeZq59EeWTNawgRr8maw": {
          "key": "_c3yeZq59EeWTNawgRr8maw",
          "name": "pid",
          "type": null,
          "probability": 1,
          "modifiers": [],
          "to_variable": {
            "key": "_c3yeWK59EeWTNawgRr8maw",
            "name": "pid",
            "type": null,
            "modifiers": [
              "private"
            ],
            "position": {}
          },
          "position": {}
        },
        "_c3yeaa59EeWTNawgRr8maw": {
          "key": "_c3yeaa59EeWTNawgRr8maw",
          "name": "bindName",
          "type": null,
          "probability": 1,
          "modifiers": [],
          "to_variable": {
            "key": "_c3yeW659EeWTNawgRr8maw",
            "name": "bindName",
            "type": null,
            "modifiers": [
              "private"
            ],
            "position": {}
          },
          "position": {}
        }
      }
    },
    "fields_to_fields_data_clump-./MainFrame-_c39dg659EeWTNawgRr8maw-_c3-rt659EeWTNawgRr8maw-jLabel2jLabel3jTextField2": {
      "type": "data_clump",
      "key": "fields_to_fields_data_clump-./MainFrame-_c39dg659EeWTNawgRr8maw-_c3-rt659EeWTNawgRr8maw-jLabel2jLabel3jTextField2",
      "probability": 1,
      "from_file_path": "./MainFrame",
      "from_class_or_interface_name": "MainFrame",
      "from_class_or_interface_key": "_c39dg659EeWTNawgRr8maw",
      "from_method_name": null,
      "from_method_key": null,
      "to_file_path": "./SettingsDialog",
      "to_class_or_interface_key": "_c3-rt659EeWTNawgRr8maw",
      "to_class_or_interface_name": "MainFrame",
      "to_method_key": null,
      "to_method_name": null,
      "data_clump_type": "fields_to_fields_data_clump",
      "data_clump_data": {
        "_c39dl659EeWTNawgRr8maw": {
          "key": "_c39dl659EeWTNawgRr8maw",
          "name": "jLabel2",
          "type": null,
          "probability": 1,
          "modifiers": [
            "private"
          ],
          "to_variable": {
            "key": "_c3-ry659EeWTNawgRr8maw",
            "name": "jLabel2",
            "type": null,
            "modifiers": [
              "private"
            ],
            "position": {}
          },
          "position": {}
        },
        "_c39dmq59EeWTNawgRr8maw": {
          "key": "_c39dmq59EeWTNawgRr8maw",
          "name": "jLabel3",
          "type": null,
          "probability": 1,
          "modifiers": [
            "private"
          ],
          "to_variable": {
            "key": "_c3-rzq59EeWTNawgRr8maw",
            "name": "jLabel3",
            "type": null,
            "modifiers": [
              "private"
            ],
            "position": {}
          },
          "position": {}
        },
        "_c3-Eca59EeWTNawgRr8maw": {
          "key": "_c3-Eca59EeWTNawgRr8maw",
          "name": "jTextField2",
          "type": null,
          "probability": 1,
          "modifiers": [
            "private"
          ],
          "to_variable": {
            "key": "_c3-r0a59EeWTNawgRr8maw",
            "name": "jTextField2",
            "type": null,
            "modifiers": [
              "private"
            ],
            "position": {}
          },
          "position": {}
        }
      }
    },
    "fields_to_fields_data_clump-./MainFrame-_c39dg659EeWTNawgRr8maw-_c3-r8q59EeWTNawgRr8maw-jLabel1jLabel2jLabel3": {
      "type": "data_clump",
      "key": "fields_to_fields_data_clump-./MainFrame-_c39dg659EeWTNawgRr8maw-_c3-r8q59EeWTNawgRr8maw-jLabel1jLabel2jLabel3",
      "probability": 1,
      "from_file_path": "./MainFrame",
      "from_class_or_interface_name": "MainFrame",
      "from_class_or_interface_key": "_c39dg659EeWTNawgRr8maw",
      "from_method_name": null,
      "from_method_key": null,
      "to_file_path": "./aboutItemBox",
      "to_class_or_interface_key": "_c3-r8q59EeWTNawgRr8maw",
      "to_class_or_interface_name": "MainFrame",
      "to_method_key": null,
      "to_method_name": null,
      "data_clump_type": "fields_to_fields_data_clump",
      "data_clump_data": {
        "_c39dlK59EeWTNawgRr8maw": {
          "key": "_c39dlK59EeWTNawgRr8maw",
          "name": "jLabel1",
          "type": null,
          "probability": 1,
          "modifiers": [
            "private"
          ],
          "to_variable": {
            "key": "_c3_Ska59EeWTNawgRr8maw",
            "name": "jLabel1",
            "type": null,
            "modifiers": [
              "private"
            ],
            "position": {}
          },
          "position": {}
        },
        "_c39dl659EeWTNawgRr8maw": {
          "key": "_c39dl659EeWTNawgRr8maw",
          "name": "jLabel2",
          "type": null,
          "probability": 1,
          "modifiers": [
            "private"
          ],
          "to_variable": {
            "key": "_c3_SlK59EeWTNawgRr8maw",
            "name": "jLabel2",
            "type": null,
            "modifiers": [
              "private"
            ],
            "position": {}
          },
          "position": {}
        },
        "_c39dmq59EeWTNawgRr8maw": {
          "key": "_c39dmq59EeWTNawgRr8maw",
          "name": "jLabel3",
          "type": null,
          "probability": 1,
          "modifiers": [
            "private"
          ],
          "to_variable": {
            "key": "_c3_Sl659EeWTNawgRr8maw",
            "name": "jLabel3",
            "type": null,
            "modifiers": [
              "private"
            ],
            "position": {}
          },
          "position": {}
        }
      }
    },
    "fields_to_fields_data_clump-./SettingsDialog-_c3-rt659EeWTNawgRr8maw-_c39dg659EeWTNawgRr8maw-jLabel2jLabel3jTextField2": {
      "type": "data_clump",
      "key": "fields_to_fields_data_clump-./SettingsDialog-_c3-rt659EeWTNawgRr8maw-_c39dg659EeWTNawgRr8maw-jLabel2jLabel3jTextField2",
      "probability": 1,
      "from_file_path": "./SettingsDialog",
      "from_class_or_interface_name": "SettingsDialog",
      "from_class_or_interface_key": "_c3-rt659EeWTNawgRr8maw",
      "from_method_name": null,
      "from_method_key": null,
      "to_file_path": "./MainFrame",
      "to_class_or_interface_key": "_c39dg659EeWTNawgRr8maw",
      "to_class_or_interface_name": "SettingsDialog",
      "to_method_key": null,
      "to_method_name": null,
      "data_clump_type": "fields_to_fields_data_clump",
      "data_clump_data": {
        "_c3-ry659EeWTNawgRr8maw": {
          "key": "_c3-ry659EeWTNawgRr8maw",
          "name": "jLabel2",
          "type": null,
          "probability": 1,
          "modifiers": [
            "private"
          ],
          "to_variable": {
            "key": "_c39dl659EeWTNawgRr8maw",
            "name": "jLabel2",
            "type": null,
            "modifiers": [
              "private"
            ],
            "position": {}
          },
          "position": {}
        },
        "_c3-rzq59EeWTNawgRr8maw": {
          "key": "_c3-rzq59EeWTNawgRr8maw",
          "name": "jLabel3",
          "type": null,
          "probability": 1,
          "modifiers": [
            "private"
          ],
          "to_variable": {
            "key": "_c39dmq59EeWTNawgRr8maw",
            "name": "jLabel3",
            "type": null,
            "modifiers": [
              "private"
            ],
            "position": {}
          },
          "position": {}
        },
        "_c3-r0a59EeWTNawgRr8maw": {
          "key": "_c3-r0a59EeWTNawgRr8maw",
          "name": "jTextField2",
          "type": null,
          "probability": 1,
          "modifiers": [
            "private"
          ],
          "to_variable": {
            "key": "_c3-Eca59EeWTNawgRr8maw",
            "name": "jTextField2",
            "type": null,
            "modifiers": [
              "private"
            ],
            "position": {}
          },
          "position": {}
        }
      }
    },
    "fields_to_fields_data_clump-./SettingsDialog-_c3-rt659EeWTNawgRr8maw-_c3-r8q59EeWTNawgRr8maw-jButton1jLabel2jLabel3": {
      "type": "data_clump",
      "key": "fields_to_fields_data_clump-./SettingsDialog-_c3-rt659EeWTNawgRr8maw-_c3-r8q59EeWTNawgRr8maw-jButton1jLabel2jLabel3",
      "probability": 1,
      "from_file_path": "./SettingsDialog",
      "from_class_or_interface_name": "SettingsDialog",
      "from_class_or_interface_key": "_c3-rt659EeWTNawgRr8maw",
      "from_method_name": null,
      "from_method_key": null,
      "to_file_path": "./aboutItemBox",
      "to_class_or_interface_key": "_c3-r8q59EeWTNawgRr8maw",
      "to_class_or_interface_name": "SettingsDialog",
      "to_method_key": null,
      "to_method_name": null,
      "data_clump_type": "fields_to_fields_data_clump",
      "data_clump_data": {
        "_c3-ryK59EeWTNawgRr8maw": {
          "key": "_c3-ryK59EeWTNawgRr8maw",
          "name": "jButton1",
          "type": null,
          "probability": 1,
          "modifiers": [
            "private"
          ],
          "to_variable": {
            "key": "_c3-r9659EeWTNawgRr8maw",
            "name": "jButton1",
            "type": null,
            "modifiers": [
              "private"
            ],
            "position": {}
          },
          "position": {}
        },
        "_c3-ry659EeWTNawgRr8maw": {
          "key": "_c3-ry659EeWTNawgRr8maw",
          "name": "jLabel2",
          "type": null,
          "probability": 1,
          "modifiers": [
            "private"
          ],
          "to_variable": {
            "key": "_c3_SlK59EeWTNawgRr8maw",
            "name": "jLabel2",
            "type": null,
            "modifiers": [
              "private"
            ],
            "position": {}
          },
          "position": {}
        },
        "_c3-rzq59EeWTNawgRr8maw": {
          "key": "_c3-rzq59EeWTNawgRr8maw",
          "name": "jLabel3",
          "type": null,
          "probability": 1,
          "modifiers": [
            "private"
          ],
          "to_variable": {
            "key": "_c3_Sl659EeWTNawgRr8maw",
            "name": "jLabel3",
            "type": null,
            "modifiers": [
              "private"
            ],
            "position": {}
          },
          "position": {}
        }
      }
    },
    "fields_to_fields_data_clump-./aboutItemBox-_c3-r8q59EeWTNawgRr8maw-_c39dg659EeWTNawgRr8maw-jLabel1jLabel2jLabel3": {
      "type": "data_clump",
      "key": "fields_to_fields_data_clump-./aboutItemBox-_c3-r8q59EeWTNawgRr8maw-_c39dg659EeWTNawgRr8maw-jLabel1jLabel2jLabel3",
      "probability": 1,
      "from_file_path": "./aboutItemBox",
      "from_class_or_interface_name": "aboutItemBox",
      "from_class_or_interface_key": "_c3-r8q59EeWTNawgRr8maw",
      "from_method_name": null,
      "from_method_key": null,
      "to_file_path": "./MainFrame",
      "to_class_or_interface_key": "_c39dg659EeWTNawgRr8maw",
      "to_class_or_interface_name": "aboutItemBox",
      "to_method_key": null,
      "to_method_name": null,
      "data_clump_type": "fields_to_fields_data_clump",
      "data_clump_data": {
        "_c3_Ska59EeWTNawgRr8maw": {
          "key": "_c3_Ska59EeWTNawgRr8maw",
          "name": "jLabel1",
          "type": null,
          "probability": 1,
          "modifiers": [
            "private"
          ],
          "to_variable": {
            "key": "_c39dlK59EeWTNawgRr8maw",
            "name": "jLabel1",
            "type": null,
            "modifiers": [
              "private"
            ],
            "position": {}
          },
          "position": {}
        },
        "_c3_SlK59EeWTNawgRr8maw": {
          "key": "_c3_SlK59EeWTNawgRr8maw",
          "name": "jLabel2",
          "type": null,
          "probability": 1,
          "modifiers": [
            "private"
          ],
          "to_variable": {
            "key": "_c39dl659EeWTNawgRr8maw",
            "name": "jLabel2",
            "type": null,
            "modifiers": [
              "private"
            ],
            "position": {}
          },
          "position": {}
        },
        "_c3_Sl659EeWTNawgRr8maw": {
          "key": "_c3_Sl659EeWTNawgRr8maw",
          "name": "jLabel3",
          "type": null,
          "probability": 1,
          "modifiers": [
            "private"
          ],
          "to_variable": {
            "key": "_c39dmq59EeWTNawgRr8maw",
            "name": "jLabel3",
            "type": null,
            "modifiers": [
              "private"
            ],
            "position": {}
          },
          "position": {}
        }
      }
    },
    "fields_to_fields_data_clump-./aboutItemBox-_c3-r8q59EeWTNawgRr8maw-_c3-rt659EeWTNawgRr8maw-jButton1jLabel2jLabel3": {
      "type": "data_clump",
      "key": "fields_to_fields_data_clump-./aboutItemBox-_c3-r8q59EeWTNawgRr8maw-_c3-rt659EeWTNawgRr8maw-jButton1jLabel2jLabel3",
      "probability": 1,
      "from_file_path": "./aboutItemBox",
      "from_class_or_interface_name": "aboutItemBox",
      "from_class_or_interface_key": "_c3-r8q59EeWTNawgRr8maw",
      "from_method_name": null,
      "from_method_key": null,
      "to_file_path": "./SettingsDialog",
      "to_class_or_interface_key": "_c3-rt659EeWTNawgRr8maw",
      "to_class_or_interface_name": "aboutItemBox",
      "to_method_key": null,
      "to_method_name": null,
      "data_clump_type": "fields_to_fields_data_clump",
      "data_clump_data": {
        "_c3-r9659EeWTNawgRr8maw": {
          "key": "_c3-r9659EeWTNawgRr8maw",
          "name": "jButton1",
          "type": null,
          "probability": 1,
          "modifiers": [
            "private"
          ],
          "to_variable": {
            "key": "_c3-ryK59EeWTNawgRr8maw",
            "name": "jButton1",
            "type": null,
            "modifiers": [
              "private"
            ],
            "position": {}
          },
          "position": {}
        },
        "_c3_SlK59EeWTNawgRr8maw": {
          "key": "_c3_SlK59EeWTNawgRr8maw",
          "name": "jLabel2",
          "type": null,
          "probability": 1,
          "modifiers": [
            "private"
          ],
          "to_variable": {
            "key": "_c3-ry659EeWTNawgRr8maw",
            "name": "jLabel2",
            "type": null,
            "modifiers": [
              "private"
            ],
            "position": {}
          },
          "position": {}
        },
        "_c3_Sl659EeWTNawgRr8maw": {
          "key": "_c3_Sl659EeWTNawgRr8maw",
          "name": "jLabel3",
          "type": null,
          "probability": 1,
          "modifiers": [
            "private"
          ],
          "to_variable": {
            "key": "_c3-rzq59EeWTNawgRr8maw",
            "name": "jLabel3",
            "type": null,
            "modifiers": [
              "private"
            ],
            "position": {}
          },
          "position": {}
        }
      }
    }
  }
}