{
  "report_version": "unknown",
  "report_timestamp": "2025-03-26T22:32:48.774Z",
  "target_language": "java",
  "report_summary": {
    "additional": null,
    "amount_classes_or_interfaces_with_data_clumps": 4,
    "amount_files_with_data_clumps": 4,
    "amount_methods_with_data_clumps": 0,
    "fields_to_fields_data_clump": 8,
    "parameters_to_fields_data_clump": 0,
    "parameters_to_parameters_data_clump": 0,
    "amount_data_clumps": 8
  },
  "project_info": {
    "project_url": "unknown_project_url",
    "project_name": "_N5eqQJk9EeaLdJY0NVKqzQ",
    "project_version": "unknown_project_version",
    "project_commit_hash": "unknown",
    "project_tag": null,
    "project_commit_date": null,
    "additional": {},
    "number_of_files": 15,
    "number_of_classes_or_interfaces": 15,
    "number_of_methods": 0,
    "number_of_data_fields": 63,
    "number_of_method_parameters": 0
  },
  "detector": {
    "name": "data-clumps-doctor",
    "url": "https://github.com/NilsBaumgartner1994/data-clumps-doctor",
    "version": "0.1.100",
    "options": {
      "typeVariablesConsidered": false,
      "similarityModifierOfVariablesWithUnknownType": 0,
      "fieldsOfClassesWithUnknownHierarchyProbabilityModifier": 0,
      "sharedFieldsToFieldsAmountMinimum": 3,
      "analyseFieldsInClassesOrInterfacesInheritedFromSuperClassesOrInterfaces": false,
      "sharedParametersToParametersAmountMinimum": 3,
      "sharedParametersToFieldsAmountMinimum": 3,
      "methodsOfClassesOrInterfacesWithUnknownHierarchyProbabilityModifier": 0
    }
  },
  "data_clumps": {
    "fields_to_fields_data_clump-./AddressReadOut-_SsJ2gHumEDSIH6t4sCVlxg-_RqtyMHunEDSIH6t4sCVlxg-adrLnameadrFnameadrEmail": {
      "type": "data_clump",
      "key": "fields_to_fields_data_clump-./AddressReadOut-_SsJ2gHumEDSIH6t4sCVlxg-_RqtyMHunEDSIH6t4sCVlxg-adrLnameadrFnameadrEmail",
      "probability": 1,
      "from_file_path": "./AddressReadOut",
      "from_class_or_interface_name": "AddressReadOut",
      "from_class_or_interface_key": "_SsJ2gHumEDSIH6t4sCVlxg",
      "from_method_name": null,
      "from_method_key": null,
      "to_file_path": "./AdressWriteIn",
      "to_class_or_interface_key": "_RqtyMHunEDSIH6t4sCVlxg",
      "to_class_or_interface_name": "AddressReadOut",
      "to_method_key": null,
      "to_method_name": null,
      "data_clump_type": "fields_to_fields_data_clump",
      "data_clump_data": {
        "_WlrFwHumEDSIH6t4sCVlxg": {
          "key": "_WlrFwHumEDSIH6t4sCVlxg",
          "name": "adrLname",
          "type": null,
          "probability": 1,
          "modifiers": [
            "private"
          ],
          "to_variable": {
            "key": "_VgHWcHunEDSIH6t4sCVlxg",
            "name": "adrLname",
            "type": null,
            "modifiers": [
              "private"
            ],
            "position": {}
          },
          "position": {}
        },
        "_WrhPEHumEDSIH6t4sCVlxg": {
          "key": "_WrhPEHumEDSIH6t4sCVlxg",
          "name": "adrFname",
          "type": null,
          "probability": 1,
          "modifiers": [
            "private"
          ],
          "to_variable": {
            "key": "_VjHAEHunEDSIH6t4sCVlxg",
            "name": "adrFname",
            "type": null,
            "modifiers": [
              "private"
            ],
            "position": {}
          },
          "position": {}
        },
        "_WyYFAHumEDSIH6t4sCVlxg": {
          "key": "_WyYFAHumEDSIH6t4sCVlxg",
          "name": "adrEmail",
          "type": null,
          "probability": 1,
          "modifiers": [
            "private"
          ],
          "to_variable": {
            "key": "_VdHFwHunEDSIH6t4sCVlxg",
            "name": "adrEmail",
            "type": null,
            "modifiers": [
              "private"
            ],
            "position": {}
          },
          "position": {}
        }
      }
    },
    "fields_to_fields_data_clump-./AdressWriteIn-_RqtyMHunEDSIH6t4sCVlxg-_SsJ2gHumEDSIH6t4sCVlxg-adrEmailadrLnameadrFname": {
      "type": "data_clump",
      "key": "fields_to_fields_data_clump-./AdressWriteIn-_RqtyMHunEDSIH6t4sCVlxg-_SsJ2gHumEDSIH6t4sCVlxg-adrEmailadrLnameadrFname",
      "probability": 1,
      "from_file_path": "./AdressWriteIn",
      "from_class_or_interface_name": "AdressWriteIn",
      "from_class_or_interface_key": "_RqtyMHunEDSIH6t4sCVlxg",
      "from_method_name": null,
      "from_method_key": null,
      "to_file_path": "./AddressReadOut",
      "to_class_or_interface_key": "_SsJ2gHumEDSIH6t4sCVlxg",
      "to_class_or_interface_name": "AdressWriteIn",
      "to_method_key": null,
      "to_method_name": null,
      "data_clump_type": "fields_to_fields_data_clump",
      "data_clump_data": {
        "_VdHFwHunEDSIH6t4sCVlxg": {
          "key": "_VdHFwHunEDSIH6t4sCVlxg",
          "name": "adrEmail",
          "type": null,
          "probability": 1,
          "modifiers": [
            "private"
          ],
          "to_variable": {
            "key": "_WyYFAHumEDSIH6t4sCVlxg",
            "name": "adrEmail",
            "type": null,
            "modifiers": [
              "private"
            ],
            "position": {}
          },
          "position": {}
        },
        "_VgHWcHunEDSIH6t4sCVlxg": {
          "key": "_VgHWcHunEDSIH6t4sCVlxg",
          "name": "adrLname",
          "type": null,
          "probability": 1,
          "modifiers": [
            "private"
          ],
          "to_variable": {
            "key": "_WlrFwHumEDSIH6t4sCVlxg",
            "name": "adrLname",
            "type": null,
            "modifiers": [
              "private"
            ],
            "position": {}
          },
          "position": {}
        },
        "_VjHAEHunEDSIH6t4sCVlxg": {
          "key": "_VjHAEHunEDSIH6t4sCVlxg",
          "name": "adrFname",
          "type": null,
          "probability": 1,
          "modifiers": [
            "private"
          ],
          "to_variable": {
            "key": "_WrhPEHumEDSIH6t4sCVlxg",
            "name": "adrFname",
            "type": null,
            "modifiers": [
              "private"
            ],
            "position": {}
          },
          "position": {}
        }
      }
    },
    "fields_to_fields_data_clump-./AdressWriteIn-_RqtyMHunEDSIH6t4sCVlxg-_81N9EHtxEDSIH6t4sCVlxg-csIdPubadrLnameadrFnameadrStreetadrStreetnoadrZipadrCity": {
      "type": "data_clump",
      "key": "fields_to_fields_data_clump-./AdressWriteIn-_RqtyMHunEDSIH6t4sCVlxg-_81N9EHtxEDSIH6t4sCVlxg-csIdPubadrLnameadrFnameadrStreetadrStreetnoadrZipadrCity",
      "probability": 1,
      "from_file_path": "./AdressWriteIn",
      "from_class_or_interface_name": "AdressWriteIn",
      "from_class_or_interface_key": "_RqtyMHunEDSIH6t4sCVlxg",
      "from_method_name": null,
      "from_method_key": null,
      "to_file_path": "./Contract",
      "to_class_or_interface_key": "_81N9EHtxEDSIH6t4sCVlxg",
      "to_class_or_interface_name": "AdressWriteIn",
      "to_method_key": null,
      "to_method_name": null,
      "data_clump_type": "fields_to_fields_data_clump",
      "data_clump_data": {
        "_VQHLkHunEDSIH6t4sCVlxg": {
          "key": "_VQHLkHunEDSIH6t4sCVlxg",
          "name": "csIdPub",
          "type": null,
          "probability": 1,
          "modifiers": [
            "private"
          ],
          "to_variable": {
            "key": "_D9b88HtyEDSIH6t4sCVlxg",
            "name": "csIdPub",
            "type": null,
            "modifiers": [
              "private"
            ],
            "position": {}
          },
          "position": {}
        },
        "_VgHWcHunEDSIH6t4sCVlxg": {
          "key": "_VgHWcHunEDSIH6t4sCVlxg",
          "name": "adrLname",
          "type": null,
          "probability": 1,
          "modifiers": [
            "private"
          ],
          "to_variable": {
            "key": "_EK4jEHtyEDSIH6t4sCVlxg",
            "name": "adrLname",
            "type": null,
            "modifiers": [
              "private"
            ],
            "position": {}
          },
          "position": {}
        },
        "_VjHAEHunEDSIH6t4sCVlxg": {
          "key": "_VjHAEHunEDSIH6t4sCVlxg",
          "name": "adrFname",
          "type": null,
          "probability": 1,
          "modifiers": [
            "private"
          ],
          "to_variable": {
            "key": "_EHDL8HtyEDSIH6t4sCVlxg",
            "name": "adrFname",
            "type": null,
            "modifiers": [
              "private"
            ],
            "position": {}
          },
          "position": {}
        },
        "_Vlqk0HunEDSIH6t4sCVlxg": {
          "key": "_Vlqk0HunEDSIH6t4sCVlxg",
          "name": "adrStreet",
          "type": null,
          "probability": 1,
          "modifiers": [
            "private"
          ],
          "to_variable": {
            "key": "_EOssEHtyEDSIH6t4sCVlxg",
            "name": "adrStreet",
            "type": null,
            "modifiers": [
              "private"
            ],
            "position": {}
          },
          "position": {}
        },
        "_VoZvwHunEDSIH6t4sCVlxg": {
          "key": "_VoZvwHunEDSIH6t4sCVlxg",
          "name": "adrStreetno",
          "type": null,
          "probability": 1,
          "modifiers": [
            "private"
          ],
          "to_variable": {
            "key": "_ESiqQHtyEDSIH6t4sCVlxg",
            "name": "adrStreetno",
            "type": null,
            "modifiers": [
              "private"
            ],
            "position": {}
          },
          "position": {}
        },
        "_Vr9aEHunEDSIH6t4sCVlxg": {
          "key": "_Vr9aEHunEDSIH6t4sCVlxg",
          "name": "adrZip",
          "type": null,
          "probability": 1,
          "modifiers": [
            "private"
          ],
          "to_variable": {
            "key": "_EVtTAHtyEDSIH6t4sCVlxg",
            "name": "adrZip",
            "type": null,
            "modifiers": [
              "private"
            ],
            "position": {}
          },
          "position": {}
        },
        "_Vu0g0HunEDSIH6t4sCVlxg": {
          "key": "_Vu0g0HunEDSIH6t4sCVlxg",
          "name": "adrCity",
          "type": null,
          "probability": 1,
          "modifiers": [
            "private"
          ],
          "to_variable": {
            "key": "_EY5w8HtyEDSIH6t4sCVlxg",
            "name": "adrCity",
            "type": null,
            "modifiers": [
              "private"
            ],
            "position": {}
          },
          "position": {}
        }
      }
    },
    "fields_to_fields_data_clump-./AdressWriteIn-_RqtyMHunEDSIH6t4sCVlxg-_e62bEHtxEDSIH6t4sCVlxg-adrLnameadrFnameadrBirthdtadrCompno": {
      "type": "data_clump",
      "key": "fields_to_fields_data_clump-./AdressWriteIn-_RqtyMHunEDSIH6t4sCVlxg-_e62bEHtxEDSIH6t4sCVlxg-adrLnameadrFnameadrBirthdtadrCompno",
      "probability": 1,
      "from_file_path": "./AdressWriteIn",
      "from_class_or_interface_name": "AdressWriteIn",
      "from_class_or_interface_key": "_RqtyMHunEDSIH6t4sCVlxg",
      "from_method_name": null,
      "from_method_key": null,
      "to_file_path": "./ContractIn",
      "to_class_or_interface_key": "_e62bEHtxEDSIH6t4sCVlxg",
      "to_class_or_interface_name": "AdressWriteIn",
      "to_method_key": null,
      "to_method_name": null,
      "data_clump_type": "fields_to_fields_data_clump",
      "data_clump_data": {
        "_VgHWcHunEDSIH6t4sCVlxg": {
          "key": "_VgHWcHunEDSIH6t4sCVlxg",
          "name": "adrLname",
          "type": null,
          "probability": 1,
          "modifiers": [
            "private"
          ],
          "to_variable": {
            "key": "_lH3W8HtxEDSIH6t4sCVlxg",
            "name": "adrLname",
            "type": null,
            "modifiers": [
              "private"
            ],
            "position": {}
          },
          "position": {}
        },
        "_VjHAEHunEDSIH6t4sCVlxg": {
          "key": "_VjHAEHunEDSIH6t4sCVlxg",
          "name": "adrFname",
          "type": null,
          "probability": 1,
          "modifiers": [
            "private"
          ],
          "to_variable": {
            "key": "_lk0_wHtxEDSIH6t4sCVlxg",
            "name": "adrFname",
            "type": null,
            "modifiers": [
              "private"
            ],
            "position": {}
          },
          "position": {}
        },
        "_WJjVAHunEDSIH6t4sCVlxg": {
          "key": "_WJjVAHunEDSIH6t4sCVlxg",
          "name": "adrBirthdt",
          "type": null,
          "probability": 1,
          "modifiers": [
            "private"
          ],
          "to_variable": {
            "key": "_lpSpAHtxEDSIH6t4sCVlxg",
            "name": "adrBirthdt",
            "type": null,
            "modifiers": [
              "private"
            ],
            "position": {}
          },
          "position": {}
        },
        "_WNVo0HunEDSIH6t4sCVlxg": {
          "key": "_WNVo0HunEDSIH6t4sCVlxg",
          "name": "adrCompno",
          "type": null,
          "probability": 1,
          "modifiers": [
            "private"
          ],
          "to_variable": {
            "key": "_ltDusHtxEDSIH6t4sCVlxg",
            "name": "adrCompno",
            "type": null,
            "modifiers": [
              "private"
            ],
            "position": {}
          },
          "position": {}
        }
      }
    },
    "fields_to_fields_data_clump-./Contract-_81N9EHtxEDSIH6t4sCVlxg-_RqtyMHunEDSIH6t4sCVlxg-csIdPubadrFnameadrLnameadrStreetadrStreetnoadrZipadrCity": {
      "type": "data_clump",
      "key": "fields_to_fields_data_clump-./Contract-_81N9EHtxEDSIH6t4sCVlxg-_RqtyMHunEDSIH6t4sCVlxg-csIdPubadrFnameadrLnameadrStreetadrStreetnoadrZipadrCity",
      "probability": 1,
      "from_file_path": "./Contract",
      "from_class_or_interface_name": "Contract",
      "from_class_or_interface_key": "_81N9EHtxEDSIH6t4sCVlxg",
      "from_method_name": null,
      "from_method_key": null,
      "to_file_path": "./AdressWriteIn",
      "to_class_or_interface_key": "_RqtyMHunEDSIH6t4sCVlxg",
      "to_class_or_interface_name": "Contract",
      "to_method_key": null,
      "to_method_name": null,
      "data_clump_type": "fields_to_fields_data_clump",
      "data_clump_data": {
        "_D9b88HtyEDSIH6t4sCVlxg": {
          "key": "_D9b88HtyEDSIH6t4sCVlxg",
          "name": "csIdPub",
          "type": null,
          "probability": 1,
          "modifiers": [
            "private"
          ],
          "to_variable": {
            "key": "_VQHLkHunEDSIH6t4sCVlxg",
            "name": "csIdPub",
            "type": null,
            "modifiers": [
              "private"
            ],
            "position": {}
          },
          "position": {}
        },
        "_EHDL8HtyEDSIH6t4sCVlxg": {
          "key": "_EHDL8HtyEDSIH6t4sCVlxg",
          "name": "adrFname",
          "type": null,
          "probability": 1,
          "modifiers": [
            "private"
          ],
          "to_variable": {
            "key": "_VjHAEHunEDSIH6t4sCVlxg",
            "name": "adrFname",
            "type": null,
            "modifiers": [
              "private"
            ],
            "position": {}
          },
          "position": {}
        },
        "_EK4jEHtyEDSIH6t4sCVlxg": {
          "key": "_EK4jEHtyEDSIH6t4sCVlxg",
          "name": "adrLname",
          "type": null,
          "probability": 1,
          "modifiers": [
            "private"
          ],
          "to_variable": {
            "key": "_VgHWcHunEDSIH6t4sCVlxg",
            "name": "adrLname",
            "type": null,
            "modifiers": [
              "private"
            ],
            "position": {}
          },
          "position": {}
        },
        "_EOssEHtyEDSIH6t4sCVlxg": {
          "key": "_EOssEHtyEDSIH6t4sCVlxg",
          "name": "adrStreet",
          "type": null,
          "probability": 1,
          "modifiers": [
            "private"
          ],
          "to_variable": {
            "key": "_Vlqk0HunEDSIH6t4sCVlxg",
            "name": "adrStreet",
            "type": null,
            "modifiers": [
              "private"
            ],
            "position": {}
          },
          "position": {}
        },
        "_ESiqQHtyEDSIH6t4sCVlxg": {
          "key": "_ESiqQHtyEDSIH6t4sCVlxg",
          "name": "adrStreetno",
          "type": null,
          "probability": 1,
          "modifiers": [
            "private"
          ],
          "to_variable": {
            "key": "_VoZvwHunEDSIH6t4sCVlxg",
            "name": "adrStreetno",
            "type": null,
            "modifiers": [
              "private"
            ],
            "position": {}
          },
          "position": {}
        },
        "_EVtTAHtyEDSIH6t4sCVlxg": {
          "key": "_EVtTAHtyEDSIH6t4sCVlxg",
          "name": "adrZip",
          "type": null,
          "probability": 1,
          "modifiers": [
            "private"
          ],
          "to_variable": {
            "key": "_Vr9aEHunEDSIH6t4sCVlxg",
            "name": "adrZip",
            "type": null,
            "modifiers": [
              "private"
            ],
            "position": {}
          },
          "position": {}
        },
        "_EY5w8HtyEDSIH6t4sCVlxg": {
          "key": "_EY5w8HtyEDSIH6t4sCVlxg",
          "name": "adrCity",
          "type": null,
          "probability": 1,
          "modifiers": [
            "private"
          ],
          "to_variable": {
            "key": "_Vu0g0HunEDSIH6t4sCVlxg",
            "name": "adrCity",
            "type": null,
            "modifiers": [
              "private"
            ],
            "position": {}
          },
          "position": {}
        }
      }
    },
    "fields_to_fields_data_clump-./Contract-_81N9EHtxEDSIH6t4sCVlxg-_e62bEHtxEDSIH6t4sCVlxg-dirnumadrFnameadrLname": {
      "type": "data_clump",
      "key": "fields_to_fields_data_clump-./Contract-_81N9EHtxEDSIH6t4sCVlxg-_e62bEHtxEDSIH6t4sCVlxg-dirnumadrFnameadrLname",
      "probability": 1,
      "from_file_path": "./Contract",
      "from_class_or_interface_name": "Contract",
      "from_class_or_interface_key": "_81N9EHtxEDSIH6t4sCVlxg",
      "from_method_name": null,
      "from_method_key": null,
      "to_file_path": "./ContractIn",
      "to_class_or_interface_key": "_e62bEHtxEDSIH6t4sCVlxg",
      "to_class_or_interface_name": "Contract",
      "to_method_key": null,
      "to_method_name": null,
      "data_clump_type": "fields_to_fields_data_clump",
      "data_clump_data": {
        "_EC5rwHtyEDSIH6t4sCVlxg": {
          "key": "_EC5rwHtyEDSIH6t4sCVlxg",
          "name": "dirnum",
          "type": null,
          "probability": 1,
          "modifiers": [
            "private"
          ],
          "to_variable": {
            "key": "_lxfiwHtxEDSIH6t4sCVlxg",
            "name": "dirnum",
            "type": null,
            "modifiers": [
              "private"
            ],
            "position": {}
          },
          "position": {}
        },
        "_EHDL8HtyEDSIH6t4sCVlxg": {
          "key": "_EHDL8HtyEDSIH6t4sCVlxg",
          "name": "adrFname",
          "type": null,
          "probability": 1,
          "modifiers": [
            "private"
          ],
          "to_variable": {
            "key": "_lk0_wHtxEDSIH6t4sCVlxg",
            "name": "adrFname",
            "type": null,
            "modifiers": [
              "private"
            ],
            "position": {}
          },
          "position": {}
        },
        "_EK4jEHtyEDSIH6t4sCVlxg": {
          "key": "_EK4jEHtyEDSIH6t4sCVlxg",
          "name": "adrLname",
          "type": null,
          "probability": 1,
          "modifiers": [
            "private"
          ],
          "to_variable": {
            "key": "_lH3W8HtxEDSIH6t4sCVlxg",
            "name": "adrLname",
            "type": null,
            "modifiers": [
              "private"
            ],
            "position": {}
          },
          "position": {}
        }
      }
    },
    "fields_to_fields_data_clump-./ContractIn-_e62bEHtxEDSIH6t4sCVlxg-_RqtyMHunEDSIH6t4sCVlxg-adrLnameadrFnameadrBirthdtadrCompno": {
      "type": "data_clump",
      "key": "fields_to_fields_data_clump-./ContractIn-_e62bEHtxEDSIH6t4sCVlxg-_RqtyMHunEDSIH6t4sCVlxg-adrLnameadrFnameadrBirthdtadrCompno",
      "probability": 1,
      "from_file_path": "./ContractIn",
      "from_class_or_interface_name": "ContractIn",
      "from_class_or_interface_key": "_e62bEHtxEDSIH6t4sCVlxg",
      "from_method_name": null,
      "from_method_key": null,
      "to_file_path": "./AdressWriteIn",
      "to_class_or_interface_key": "_RqtyMHunEDSIH6t4sCVlxg",
      "to_class_or_interface_name": "ContractIn",
      "to_method_key": null,
      "to_method_name": null,
      "data_clump_type": "fields_to_fields_data_clump",
      "data_clump_data": {
        "_lH3W8HtxEDSIH6t4sCVlxg": {
          "key": "_lH3W8HtxEDSIH6t4sCVlxg",
          "name": "adrLname",
          "type": null,
          "probability": 1,
          "modifiers": [
            "private"
          ],
          "to_variable": {
            "key": "_VgHWcHunEDSIH6t4sCVlxg",
            "name": "adrLname",
            "type": null,
            "modifiers": [
              "private"
            ],
            "position": {}
          },
          "position": {}
        },
        "_lk0_wHtxEDSIH6t4sCVlxg": {
          "key": "_lk0_wHtxEDSIH6t4sCVlxg",
          "name": "adrFname",
          "type": null,
          "probability": 1,
          "modifiers": [
            "private"
          ],
          "to_variable": {
            "key": "_VjHAEHunEDSIH6t4sCVlxg",
            "name": "adrFname",
            "type": null,
            "modifiers": [
              "private"
            ],
            "position": {}
          },
          "position": {}
        },
        "_lpSpAHtxEDSIH6t4sCVlxg": {
          "key": "_lpSpAHtxEDSIH6t4sCVlxg",
          "name": "adrBirthdt",
          "type": null,
          "probability": 1,
          "modifiers": [
            "private"
          ],
          "to_variable": {
            "key": "_WJjVAHunEDSIH6t4sCVlxg",
            "name": "adrBirthdt",
            "type": null,
            "modifiers": [
              "private"
            ],
            "position": {}
          },
          "position": {}
        },
        "_ltDusHtxEDSIH6t4sCVlxg": {
          "key": "_ltDusHtxEDSIH6t4sCVlxg",
          "name": "adrCompno",
          "type": null,
          "probability": 1,
          "modifiers": [
            "private"
          ],
          "to_variable": {
            "key": "_WNVo0HunEDSIH6t4sCVlxg",
            "name": "adrCompno",
            "type": null,
            "modifiers": [
              "private"
            ],
            "position": {}
          },
          "position": {}
        }
      }
    },
    "fields_to_fields_data_clump-./ContractIn-_e62bEHtxEDSIH6t4sCVlxg-_81N9EHtxEDSIH6t4sCVlxg-adrLnameadrFnamedirnum": {
      "type": "data_clump",
      "key": "fields_to_fields_data_clump-./ContractIn-_e62bEHtxEDSIH6t4sCVlxg-_81N9EHtxEDSIH6t4sCVlxg-adrLnameadrFnamedirnum",
      "probability": 1,
      "from_file_path": "./ContractIn",
      "from_class_or_interface_name": "ContractIn",
      "from_class_or_interface_key": "_e62bEHtxEDSIH6t4sCVlxg",
      "from_method_name": null,
      "from_method_key": null,
      "to_file_path": "./Contract",
      "to_class_or_interface_key": "_81N9EHtxEDSIH6t4sCVlxg",
      "to_class_or_interface_name": "ContractIn",
      "to_method_key": null,
      "to_method_name": null,
      "data_clump_type": "fields_to_fields_data_clump",
      "data_clump_data": {
        "_lH3W8HtxEDSIH6t4sCVlxg": {
          "key": "_lH3W8HtxEDSIH6t4sCVlxg",
          "name": "adrLname",
          "type": null,
          "probability": 1,
          "modifiers": [
            "private"
          ],
          "to_variable": {
            "key": "_EK4jEHtyEDSIH6t4sCVlxg",
            "name": "adrLname",
            "type": null,
            "modifiers": [
              "private"
            ],
            "position": {}
          },
          "position": {}
        },
        "_lk0_wHtxEDSIH6t4sCVlxg": {
          "key": "_lk0_wHtxEDSIH6t4sCVlxg",
          "name": "adrFname",
          "type": null,
          "probability": 1,
          "modifiers": [
            "private"
          ],
          "to_variable": {
            "key": "_EHDL8HtyEDSIH6t4sCVlxg",
            "name": "adrFname",
            "type": null,
            "modifiers": [
              "private"
            ],
            "position": {}
          },
          "position": {}
        },
        "_lxfiwHtxEDSIH6t4sCVlxg": {
          "key": "_lxfiwHtxEDSIH6t4sCVlxg",
          "name": "dirnum",
          "type": null,
          "probability": 1,
          "modifiers": [
            "private"
          ],
          "to_variable": {
            "key": "_EC5rwHtyEDSIH6t4sCVlxg",
            "name": "dirnum",
            "type": null,
            "modifiers": [
              "private"
            ],
            "position": {}
          },
          "position": {}
        }
      }
    }
  }
}