{
  "report_version": "unknown",
  "report_timestamp": "2025-03-26T21:57:38.848Z",
  "target_language": "java",
  "report_summary": {
    "additional": null,
    "amount_classes_or_interfaces_with_data_clumps": 3,
    "amount_files_with_data_clumps": 3,
    "amount_methods_with_data_clumps": 0,
    "fields_to_fields_data_clump": 6,
    "parameters_to_fields_data_clump": 0,
    "parameters_to_parameters_data_clump": 0,
    "amount_data_clumps": 6
  },
  "project_info": {
    "project_url": "unknown_project_url",
    "project_name": "_nTKIcFtSEeeJB7TzzxqmtA",
    "project_version": "unknown_project_version",
    "project_commit_hash": "unknown",
    "project_tag": null,
    "project_commit_date": null,
    "additional": {},
    "number_of_files": 10,
    "number_of_classes_or_interfaces": 10,
    "number_of_methods": 7,
    "number_of_data_fields": 34,
    "number_of_method_parameters": 0
  },
  "detector": {
    "name": "data-clumps-doctor",
    "url": "https://github.com/NilsBaumgartner1994/data-clumps-doctor",
    "version": "0.1.100",
    "options": {
      "typeVariablesConsidered": false,
      "similarityModifierOfVariablesWithUnknownType": 0,
      "fieldsOfClassesWithUnknownHierarchyProbabilityModifier": 0,
      "sharedFieldsToFieldsAmountMinimum": 3,
      "analyseFieldsInClassesOrInterfacesInheritedFromSuperClassesOrInterfaces": false,
      "sharedParametersToParametersAmountMinimum": 3,
      "sharedParametersToFieldsAmountMinimum": 3,
      "methodsOfClassesOrInterfacesWithUnknownHierarchyProbabilityModifier": 0
    }
  },
  "data_clumps": {
    "fields_to_fields_data_clump-./ApplicationFacebook-_rGwlsD2tEDWP1tha5UVIuQ-_Ot8WAD2tEDWP1tha5UVIuQ-IdNomLienabonnés": {
      "type": "data_clump",
      "key": "fields_to_fields_data_clump-./ApplicationFacebook-_rGwlsD2tEDWP1tha5UVIuQ-_Ot8WAD2tEDWP1tha5UVIuQ-IdNomLienabonnés",
      "probability": 1,
      "from_file_path": "./ApplicationFacebook",
      "from_class_or_interface_name": "ApplicationFacebook",
      "from_class_or_interface_key": "_rGwlsD2tEDWP1tha5UVIuQ",
      "from_method_name": null,
      "from_method_key": null,
      "to_file_path": "./PageFacebook",
      "to_class_or_interface_key": "_Ot8WAD2tEDWP1tha5UVIuQ",
      "to_class_or_interface_name": "ApplicationFacebook",
      "to_method_key": null,
      "to_method_name": null,
      "data_clump_type": "fields_to_fields_data_clump",
      "data_clump_data": {
        "_rGxMwD2tEDWP1tha5UVIuQ": {
          "key": "_rGxMwD2tEDWP1tha5UVIuQ",
          "name": "Id",
          "type": null,
          "probability": 1,
          "modifiers": [
            "public"
          ],
          "to_variable": {
            "key": "_Ot89ED2tEDWP1tha5UVIuQ",
            "name": "Id",
            "type": null,
            "modifiers": [
              "public"
            ],
            "position": {}
          },
          "position": {}
        },
        "_rGxMwT2tEDWP1tha5UVIuQ": {
          "key": "_rGxMwT2tEDWP1tha5UVIuQ",
          "name": "Nom",
          "type": null,
          "probability": 1,
          "modifiers": [
            "public"
          ],
          "to_variable": {
            "key": "_Ot89ET2tEDWP1tha5UVIuQ",
            "name": "Nom",
            "type": null,
            "modifiers": [
              "public"
            ],
            "position": {}
          },
          "position": {}
        },
        "_rGxMwj2tEDWP1tha5UVIuQ": {
          "key": "_rGxMwj2tEDWP1tha5UVIuQ",
          "name": "Lien",
          "type": null,
          "probability": 1,
          "modifiers": [
            "public"
          ],
          "to_variable": {
            "key": "_Ot89Ej2tEDWP1tha5UVIuQ",
            "name": "Lien",
            "type": null,
            "modifiers": [
              "public"
            ],
            "position": {}
          },
          "position": {}
        },
        "_rGxMwz2tEDWP1tha5UVIuQ": {
          "key": "_rGxMwz2tEDWP1tha5UVIuQ",
          "name": "abonnés",
          "type": null,
          "probability": 1,
          "modifiers": [
            "public"
          ],
          "to_variable": {
            "key": "_Ot89Ez2tEDWP1tha5UVIuQ",
            "name": "abonnés",
            "type": null,
            "modifiers": [
              "public"
            ],
            "position": {}
          },
          "position": {}
        }
      }
    },
    "fields_to_fields_data_clump-./ApplicationFacebook-_rGwlsD2tEDWP1tha5UVIuQ-__jhk0D2tEDWP1tha5UVIuQ-IdNomLien": {
      "type": "data_clump",
      "key": "fields_to_fields_data_clump-./ApplicationFacebook-_rGwlsD2tEDWP1tha5UVIuQ-__jhk0D2tEDWP1tha5UVIuQ-IdNomLien",
      "probability": 1,
      "from_file_path": "./ApplicationFacebook",
      "from_class_or_interface_name": "ApplicationFacebook",
      "from_class_or_interface_key": "_rGwlsD2tEDWP1tha5UVIuQ",
      "from_method_name": null,
      "from_method_key": null,
      "to_file_path": "./Webhook",
      "to_class_or_interface_key": "__jhk0D2tEDWP1tha5UVIuQ",
      "to_class_or_interface_name": "ApplicationFacebook",
      "to_method_key": null,
      "to_method_name": null,
      "data_clump_type": "fields_to_fields_data_clump",
      "data_clump_data": {
        "_rGxMwD2tEDWP1tha5UVIuQ": {
          "key": "_rGxMwD2tEDWP1tha5UVIuQ",
          "name": "Id",
          "type": null,
          "probability": 1,
          "modifiers": [
            "public"
          ],
          "to_variable": {
            "key": "__jiy8D2tEDWP1tha5UVIuQ",
            "name": "Id",
            "type": null,
            "modifiers": [
              "public"
            ],
            "position": {}
          },
          "position": {}
        },
        "_rGxMwT2tEDWP1tha5UVIuQ": {
          "key": "_rGxMwT2tEDWP1tha5UVIuQ",
          "name": "Nom",
          "type": null,
          "probability": 1,
          "modifiers": [
            "public"
          ],
          "to_variable": {
            "key": "__jiy8T2tEDWP1tha5UVIuQ",
            "name": "Nom",
            "type": null,
            "modifiers": [
              "public"
            ],
            "position": {}
          },
          "position": {}
        },
        "_rGxMwj2tEDWP1tha5UVIuQ": {
          "key": "_rGxMwj2tEDWP1tha5UVIuQ",
          "name": "Lien",
          "type": null,
          "probability": 1,
          "modifiers": [
            "public"
          ],
          "to_variable": {
            "key": "__jiy8j2tEDWP1tha5UVIuQ",
            "name": "Lien",
            "type": null,
            "modifiers": [
              "public"
            ],
            "position": {}
          },
          "position": {}
        }
      }
    },
    "fields_to_fields_data_clump-./PageFacebook-_Ot8WAD2tEDWP1tha5UVIuQ-_rGwlsD2tEDWP1tha5UVIuQ-IdNomLienabonnés": {
      "type": "data_clump",
      "key": "fields_to_fields_data_clump-./PageFacebook-_Ot8WAD2tEDWP1tha5UVIuQ-_rGwlsD2tEDWP1tha5UVIuQ-IdNomLienabonnés",
      "probability": 1,
      "from_file_path": "./PageFacebook",
      "from_class_or_interface_name": "PageFacebook",
      "from_class_or_interface_key": "_Ot8WAD2tEDWP1tha5UVIuQ",
      "from_method_name": null,
      "from_method_key": null,
      "to_file_path": "./ApplicationFacebook",
      "to_class_or_interface_key": "_rGwlsD2tEDWP1tha5UVIuQ",
      "to_class_or_interface_name": "PageFacebook",
      "to_method_key": null,
      "to_method_name": null,
      "data_clump_type": "fields_to_fields_data_clump",
      "data_clump_data": {
        "_Ot89ED2tEDWP1tha5UVIuQ": {
          "key": "_Ot89ED2tEDWP1tha5UVIuQ",
          "name": "Id",
          "type": null,
          "probability": 1,
          "modifiers": [
            "public"
          ],
          "to_variable": {
            "key": "_rGxMwD2tEDWP1tha5UVIuQ",
            "name": "Id",
            "type": null,
            "modifiers": [
              "public"
            ],
            "position": {}
          },
          "position": {}
        },
        "_Ot89ET2tEDWP1tha5UVIuQ": {
          "key": "_Ot89ET2tEDWP1tha5UVIuQ",
          "name": "Nom",
          "type": null,
          "probability": 1,
          "modifiers": [
            "public"
          ],
          "to_variable": {
            "key": "_rGxMwT2tEDWP1tha5UVIuQ",
            "name": "Nom",
            "type": null,
            "modifiers": [
              "public"
            ],
            "position": {}
          },
          "position": {}
        },
        "_Ot89Ej2tEDWP1tha5UVIuQ": {
          "key": "_Ot89Ej2tEDWP1tha5UVIuQ",
          "name": "Lien",
          "type": null,
          "probability": 1,
          "modifiers": [
            "public"
          ],
          "to_variable": {
            "key": "_rGxMwj2tEDWP1tha5UVIuQ",
            "name": "Lien",
            "type": null,
            "modifiers": [
              "public"
            ],
            "position": {}
          },
          "position": {}
        },
        "_Ot89Ez2tEDWP1tha5UVIuQ": {
          "key": "_Ot89Ez2tEDWP1tha5UVIuQ",
          "name": "abonnés",
          "type": null,
          "probability": 1,
          "modifiers": [
            "public"
          ],
          "to_variable": {
            "key": "_rGxMwz2tEDWP1tha5UVIuQ",
            "name": "abonnés",
            "type": null,
            "modifiers": [
              "public"
            ],
            "position": {}
          },
          "position": {}
        }
      }
    },
    "fields_to_fields_data_clump-./PageFacebook-_Ot8WAD2tEDWP1tha5UVIuQ-__jhk0D2tEDWP1tha5UVIuQ-IdNomLien": {
      "type": "data_clump",
      "key": "fields_to_fields_data_clump-./PageFacebook-_Ot8WAD2tEDWP1tha5UVIuQ-__jhk0D2tEDWP1tha5UVIuQ-IdNomLien",
      "probability": 1,
      "from_file_path": "./PageFacebook",
      "from_class_or_interface_name": "PageFacebook",
      "from_class_or_interface_key": "_Ot8WAD2tEDWP1tha5UVIuQ",
      "from_method_name": null,
      "from_method_key": null,
      "to_file_path": "./Webhook",
      "to_class_or_interface_key": "__jhk0D2tEDWP1tha5UVIuQ",
      "to_class_or_interface_name": "PageFacebook",
      "to_method_key": null,
      "to_method_name": null,
      "data_clump_type": "fields_to_fields_data_clump",
      "data_clump_data": {
        "_Ot89ED2tEDWP1tha5UVIuQ": {
          "key": "_Ot89ED2tEDWP1tha5UVIuQ",
          "name": "Id",
          "type": null,
          "probability": 1,
          "modifiers": [
            "public"
          ],
          "to_variable": {
            "key": "__jiy8D2tEDWP1tha5UVIuQ",
            "name": "Id",
            "type": null,
            "modifiers": [
              "public"
            ],
            "position": {}
          },
          "position": {}
        },
        "_Ot89ET2tEDWP1tha5UVIuQ": {
          "key": "_Ot89ET2tEDWP1tha5UVIuQ",
          "name": "Nom",
          "type": null,
          "probability": 1,
          "modifiers": [
            "public"
          ],
          "to_variable": {
            "key": "__jiy8T2tEDWP1tha5UVIuQ",
            "name": "Nom",
            "type": null,
            "modifiers": [
              "public"
            ],
            "position": {}
          },
          "position": {}
        },
        "_Ot89Ej2tEDWP1tha5UVIuQ": {
          "key": "_Ot89Ej2tEDWP1tha5UVIuQ",
          "name": "Lien",
          "type": null,
          "probability": 1,
          "modifiers": [
            "public"
          ],
          "to_variable": {
            "key": "__jiy8j2tEDWP1tha5UVIuQ",
            "name": "Lien",
            "type": null,
            "modifiers": [
              "public"
            ],
            "position": {}
          },
          "position": {}
        }
      }
    },
    "fields_to_fields_data_clump-./Webhook-__jhk0D2tEDWP1tha5UVIuQ-_rGwlsD2tEDWP1tha5UVIuQ-IdNomLien": {
      "type": "data_clump",
      "key": "fields_to_fields_data_clump-./Webhook-__jhk0D2tEDWP1tha5UVIuQ-_rGwlsD2tEDWP1tha5UVIuQ-IdNomLien",
      "probability": 1,
      "from_file_path": "./Webhook",
      "from_class_or_interface_name": "Webhook",
      "from_class_or_interface_key": "__jhk0D2tEDWP1tha5UVIuQ",
      "from_method_name": null,
      "from_method_key": null,
      "to_file_path": "./ApplicationFacebook",
      "to_class_or_interface_key": "_rGwlsD2tEDWP1tha5UVIuQ",
      "to_class_or_interface_name": "Webhook",
      "to_method_key": null,
      "to_method_name": null,
      "data_clump_type": "fields_to_fields_data_clump",
      "data_clump_data": {
        "__jiy8D2tEDWP1tha5UVIuQ": {
          "key": "__jiy8D2tEDWP1tha5UVIuQ",
          "name": "Id",
          "type": null,
          "probability": 1,
          "modifiers": [
            "public"
          ],
          "to_variable": {
            "key": "_rGxMwD2tEDWP1tha5UVIuQ",
            "name": "Id",
            "type": null,
            "modifiers": [
              "public"
            ],
            "position": {}
          },
          "position": {}
        },
        "__jiy8T2tEDWP1tha5UVIuQ": {
          "key": "__jiy8T2tEDWP1tha5UVIuQ",
          "name": "Nom",
          "type": null,
          "probability": 1,
          "modifiers": [
            "public"
          ],
          "to_variable": {
            "key": "_rGxMwT2tEDWP1tha5UVIuQ",
            "name": "Nom",
            "type": null,
            "modifiers": [
              "public"
            ],
            "position": {}
          },
          "position": {}
        },
        "__jiy8j2tEDWP1tha5UVIuQ": {
          "key": "__jiy8j2tEDWP1tha5UVIuQ",
          "name": "Lien",
          "type": null,
          "probability": 1,
          "modifiers": [
            "public"
          ],
          "to_variable": {
            "key": "_rGxMwj2tEDWP1tha5UVIuQ",
            "name": "Lien",
            "type": null,
            "modifiers": [
              "public"
            ],
            "position": {}
          },
          "position": {}
        }
      }
    },
    "fields_to_fields_data_clump-./Webhook-__jhk0D2tEDWP1tha5UVIuQ-_Ot8WAD2tEDWP1tha5UVIuQ-IdNomLien": {
      "type": "data_clump",
      "key": "fields_to_fields_data_clump-./Webhook-__jhk0D2tEDWP1tha5UVIuQ-_Ot8WAD2tEDWP1tha5UVIuQ-IdNomLien",
      "probability": 1,
      "from_file_path": "./Webhook",
      "from_class_or_interface_name": "Webhook",
      "from_class_or_interface_key": "__jhk0D2tEDWP1tha5UVIuQ",
      "from_method_name": null,
      "from_method_key": null,
      "to_file_path": "./PageFacebook",
      "to_class_or_interface_key": "_Ot8WAD2tEDWP1tha5UVIuQ",
      "to_class_or_interface_name": "Webhook",
      "to_method_key": null,
      "to_method_name": null,
      "data_clump_type": "fields_to_fields_data_clump",
      "data_clump_data": {
        "__jiy8D2tEDWP1tha5UVIuQ": {
          "key": "__jiy8D2tEDWP1tha5UVIuQ",
          "name": "Id",
          "type": null,
          "probability": 1,
          "modifiers": [
            "public"
          ],
          "to_variable": {
            "key": "_Ot89ED2tEDWP1tha5UVIuQ",
            "name": "Id",
            "type": null,
            "modifiers": [
              "public"
            ],
            "position": {}
          },
          "position": {}
        },
        "__jiy8T2tEDWP1tha5UVIuQ": {
          "key": "__jiy8T2tEDWP1tha5UVIuQ",
          "name": "Nom",
          "type": null,
          "probability": 1,
          "modifiers": [
            "public"
          ],
          "to_variable": {
            "key": "_Ot89ET2tEDWP1tha5UVIuQ",
            "name": "Nom",
            "type": null,
            "modifiers": [
              "public"
            ],
            "position": {}
          },
          "position": {}
        },
        "__jiy8j2tEDWP1tha5UVIuQ": {
          "key": "__jiy8j2tEDWP1tha5UVIuQ",
          "name": "Lien",
          "type": null,
          "probability": 1,
          "modifiers": [
            "public"
          ],
          "to_variable": {
            "key": "_Ot89Ej2tEDWP1tha5UVIuQ",
            "name": "Lien",
            "type": null,
            "modifiers": [
              "public"
            ],
            "position": {}
          },
          "position": {}
        }
      }
    }
  }
}