{
  "report_version": "unknown",
  "report_timestamp": "2025-03-26T21:55:06.653Z",
  "target_language": "java",
  "report_summary": {
    "additional": null,
    "amount_classes_or_interfaces_with_data_clumps": 2,
    "amount_files_with_data_clumps": 2,
    "amount_methods_with_data_clumps": 2,
    "fields_to_fields_data_clump": 0,
    "parameters_to_fields_data_clump": 0,
    "parameters_to_parameters_data_clump": 2,
    "amount_data_clumps": 2
  },
  "project_info": {
    "project_url": "unknown_project_url",
    "project_name": "effc1dbb-6df3-40f9-b807-2b2764575a9d",
    "project_version": "unknown_project_version",
    "project_commit_hash": "unknown",
    "project_tag": null,
    "project_commit_date": null,
    "additional": {},
    "number_of_files": 4,
    "number_of_classes_or_interfaces": 4,
    "number_of_methods": 17,
    "number_of_data_fields": 7,
    "number_of_method_parameters": 20
  },
  "detector": {
    "name": "data-clumps-doctor",
    "url": "https://github.com/NilsBaumgartner1994/data-clumps-doctor",
    "version": "0.1.100",
    "options": {
      "typeVariablesConsidered": false,
      "similarityModifierOfVariablesWithUnknownType": 0,
      "fieldsOfClassesWithUnknownHierarchyProbabilityModifier": 0,
      "sharedFieldsToFieldsAmountMinimum": 3,
      "analyseFieldsInClassesOrInterfacesInheritedFromSuperClassesOrInterfaces": false,
      "sharedParametersToParametersAmountMinimum": 3,
      "sharedParametersToFieldsAmountMinimum": 3,
      "methodsOfClassesOrInterfacesWithUnknownHierarchyProbabilityModifier": 0
    }
  },
  "data_clumps": {
    "parameters_to_parameters_data_clump-./BusinessAssociate-_RBuErepSEeWK_fn08Pm5Lw-_RBvSQ-pSEeWK_fn08Pm5Lw-nameagegenderphone": {
      "type": "data_clump",
      "key": "parameters_to_parameters_data_clump-./BusinessAssociate-_RBuErepSEeWK_fn08Pm5Lw-_RBvSQ-pSEeWK_fn08Pm5Lw-nameagegenderphone",
      "probability": 1,
      "from_file_path": "./BusinessAssociate",
      "from_class_or_interface_name": "BusinessAssociate",
      "from_class_or_interface_key": "_RBuEpOpSEeWK_fn08Pm5Lw",
      "from_method_name": "BusinessAssociate",
      "from_method_key": "_RBuErepSEeWK_fn08Pm5Lw",
      "to_file_path": "./PersonalFriend",
      "to_class_or_interface_name": "PersonalFriend",
      "to_class_or_interface_key": "_RBur2epSEeWK_fn08Pm5Lw",
      "to_method_name": "PersonalFriend",
      "to_method_key": "_RBvSQ-pSEeWK_fn08Pm5Lw",
      "data_clump_type": "parameters_to_parameters_data_clump",
      "data_clump_data": {
        "_RBuErupSEeWK_fn08Pm5Lw": {
          "key": "_RBuErupSEeWK_fn08Pm5Lw",
          "name": "name",
          "type": null,
          "probability": 1,
          "modifiers": [],
          "to_variable": {
            "key": "_RBvSROpSEeWK_fn08Pm5Lw",
            "name": "name",
            "type": null,
            "modifiers": [],
            "position": {}
          },
          "position": {}
        },
        "_RBuEsepSEeWK_fn08Pm5Lw": {
          "key": "_RBuEsepSEeWK_fn08Pm5Lw",
          "name": "age",
          "type": null,
          "probability": 1,
          "modifiers": [],
          "to_variable": {
            "key": "_RBvSR-pSEeWK_fn08Pm5Lw",
            "name": "age",
            "type": null,
            "modifiers": [],
            "position": {}
          },
          "position": {}
        },
        "_RBurMepSEeWK_fn08Pm5Lw": {
          "key": "_RBurMepSEeWK_fn08Pm5Lw",
          "name": "gender",
          "type": null,
          "probability": 1,
          "modifiers": [],
          "to_variable": {
            "key": "_RBvSSupSEeWK_fn08Pm5Lw",
            "name": "gender",
            "type": null,
            "modifiers": [],
            "position": {}
          },
          "position": {}
        },
        "_RBurNOpSEeWK_fn08Pm5Lw": {
          "key": "_RBurNOpSEeWK_fn08Pm5Lw",
          "name": "phone",
          "type": null,
          "probability": 1,
          "modifiers": [],
          "to_variable": {
            "key": "_RBvSTepSEeWK_fn08Pm5Lw",
            "name": "phone",
            "type": null,
            "modifiers": [],
            "position": {}
          },
          "position": {}
        }
      }
    },
    "parameters_to_parameters_data_clump-./PersonalFriend-_RBvSQ-pSEeWK_fn08Pm5Lw-_RBuErepSEeWK_fn08Pm5Lw-nameagegenderphone": {
      "type": "data_clump",
      "key": "parameters_to_parameters_data_clump-./PersonalFriend-_RBvSQ-pSEeWK_fn08Pm5Lw-_RBuErepSEeWK_fn08Pm5Lw-nameagegenderphone",
      "probability": 1,
      "from_file_path": "./PersonalFriend",
      "from_class_or_interface_name": "PersonalFriend",
      "from_class_or_interface_key": "_RBur2epSEeWK_fn08Pm5Lw",
      "from_method_name": "PersonalFriend",
      "from_method_key": "_RBvSQ-pSEeWK_fn08Pm5Lw",
      "to_file_path": "./BusinessAssociate",
      "to_class_or_interface_name": "BusinessAssociate",
      "to_class_or_interface_key": "_RBuEpOpSEeWK_fn08Pm5Lw",
      "to_method_name": "BusinessAssociate",
      "to_method_key": "_RBuErepSEeWK_fn08Pm5Lw",
      "data_clump_type": "parameters_to_parameters_data_clump",
      "data_clump_data": {
        "_RBvSROpSEeWK_fn08Pm5Lw": {
          "key": "_RBvSROpSEeWK_fn08Pm5Lw",
          "name": "name",
          "type": null,
          "probability": 1,
          "modifiers": [],
          "to_variable": {
            "key": "_RBuErupSEeWK_fn08Pm5Lw",
            "name": "name",
            "type": null,
            "modifiers": [],
            "position": {}
          },
          "position": {}
        },
        "_RBvSR-pSEeWK_fn08Pm5Lw": {
          "key": "_RBvSR-pSEeWK_fn08Pm5Lw",
          "name": "age",
          "type": null,
          "probability": 1,
          "modifiers": [],
          "to_variable": {
            "key": "_RBuEsepSEeWK_fn08Pm5Lw",
            "name": "age",
            "type": null,
            "modifiers": [],
            "position": {}
          },
          "position": {}
        },
        "_RBvSSupSEeWK_fn08Pm5Lw": {
          "key": "_RBvSSupSEeWK_fn08Pm5Lw",
          "name": "gender",
          "type": null,
          "probability": 1,
          "modifiers": [],
          "to_variable": {
            "key": "_RBurMepSEeWK_fn08Pm5Lw",
            "name": "gender",
            "type": null,
            "modifiers": [],
            "position": {}
          },
          "position": {}
        },
        "_RBvSTepSEeWK_fn08Pm5Lw": {
          "key": "_RBvSTepSEeWK_fn08Pm5Lw",
          "name": "phone",
          "type": null,
          "probability": 1,
          "modifiers": [],
          "to_variable": {
            "key": "_RBurNOpSEeWK_fn08Pm5Lw",
            "name": "phone",
            "type": null,
            "modifiers": [],
            "position": {}
          },
          "position": {}
        }
      }
    }
  }
}