{
  "report_version": "unknown",
  "report_timestamp": "2025-03-26T21:38:05.418Z",
  "target_language": "java",
  "report_summary": {
    "additional": null,
    "amount_classes_or_interfaces_with_data_clumps": 1,
    "amount_files_with_data_clumps": 3,
    "amount_methods_with_data_clumps": 2,
    "fields_to_fields_data_clump": 0,
    "parameters_to_fields_data_clump": 6,
    "parameters_to_parameters_data_clump": 2,
    "amount_data_clumps": 8
  },
  "project_info": {
    "project_url": "unknown_project_url",
    "project_name": "83794937-3915-41eb-a0af-221a627f3ec1",
    "project_version": "unknown_project_version",
    "project_commit_hash": "unknown",
    "project_tag": null,
    "project_commit_date": null,
    "additional": {},
    "number_of_files": 14,
    "number_of_classes_or_interfaces": 14,
    "number_of_methods": 30,
    "number_of_data_fields": 23,
    "number_of_method_parameters": 16
  },
  "detector": {
    "name": "data-clumps-doctor",
    "url": "https://github.com/NilsBaumgartner1994/data-clumps-doctor",
    "version": "0.1.100",
    "options": {
      "typeVariablesConsidered": false,
      "similarityModifierOfVariablesWithUnknownType": 0,
      "fieldsOfClassesWithUnknownHierarchyProbabilityModifier": 0,
      "sharedFieldsToFieldsAmountMinimum": 3,
      "analyseFieldsInClassesOrInterfacesInheritedFromSuperClassesOrInterfaces": false,
      "sharedParametersToParametersAmountMinimum": 3,
      "sharedParametersToFieldsAmountMinimum": 3,
      "methodsOfClassesOrInterfacesWithUnknownHierarchyProbabilityModifier": 0
    }
  },
  "data_clumps": {
    "parameters_to_parameters_data_clump-./DBConnector-_j3Wx4LE9EDOeTt5ZlmPVbg-_D95QgbE-EDOeTt5ZlmPVbg-usernameuser_keydevice_id": {
      "type": "data_clump",
      "key": "parameters_to_parameters_data_clump-./DBConnector-_j3Wx4LE9EDOeTt5ZlmPVbg-_D95QgbE-EDOeTt5ZlmPVbg-usernameuser_keydevice_id",
      "probability": 1,
      "from_file_path": "./DBConnector",
      "from_class_or_interface_name": "DBConnector",
      "from_class_or_interface_key": "_d6dVoLE9EDOeTt5ZlmPVbg",
      "from_method_name": "addUserDevice",
      "from_method_key": "_j3Wx4LE9EDOeTt5ZlmPVbg",
      "to_file_path": "./DBConnector",
      "to_class_or_interface_name": "DBConnector",
      "to_class_or_interface_key": "_d6dVoLE9EDOeTt5ZlmPVbg",
      "to_method_name": "authUser",
      "to_method_key": "_D95QgbE-EDOeTt5ZlmPVbg",
      "data_clump_type": "parameters_to_parameters_data_clump",
      "data_clump_data": {
        "_qBn7wLE9EDOeTt5ZlmPVbg": {
          "key": "_qBn7wLE9EDOeTt5ZlmPVbg",
          "name": "username",
          "type": null,
          "probability": 1,
          "modifiers": [],
          "to_variable": {
            "key": "_GCVNcLE-EDOeTt5ZlmPVbg",
            "name": "username",
            "type": null,
            "modifiers": [],
            "position": {}
          },
          "position": {}
        },
        "_ubyZ8LE9EDOeTt5ZlmPVbg": {
          "key": "_ubyZ8LE9EDOeTt5ZlmPVbg",
          "name": "user_key",
          "type": null,
          "probability": 1,
          "modifiers": [],
          "to_variable": {
            "key": "_HhAx8LE-EDOeTt5ZlmPVbg",
            "name": "user_key",
            "type": null,
            "modifiers": [],
            "position": {}
          },
          "position": {}
        },
        "_r6ndsLE9EDOeTt5ZlmPVbg": {
          "key": "_r6ndsLE9EDOeTt5ZlmPVbg",
          "name": "device_id",
          "type": null,
          "probability": 1,
          "modifiers": [],
          "to_variable": {
            "key": "_IrMtILE-EDOeTt5ZlmPVbg",
            "name": "device_id",
            "type": null,
            "modifiers": [],
            "position": {}
          },
          "position": {}
        }
      }
    },
    "parameters_to_fields_data_clump-./DBConnector-_j3Wx4LE9EDOeTt5ZlmPVbg-_xRCmgLCSEDOnWKyiYGcRXw-usernameuser_keydevice_iddevice_group_id": {
      "type": "data_clump",
      "key": "parameters_to_fields_data_clump-./DBConnector-_j3Wx4LE9EDOeTt5ZlmPVbg-_xRCmgLCSEDOnWKyiYGcRXw-usernameuser_keydevice_iddevice_group_id",
      "probability": 1,
      "from_file_path": "./DBConnector",
      "from_class_or_interface_name": "DBConnector",
      "from_class_or_interface_key": "_d6dVoLE9EDOeTt5ZlmPVbg",
      "from_method_name": "addUserDevice",
      "from_method_key": "_j3Wx4LE9EDOeTt5ZlmPVbg",
      "to_file_path": "./ConfigGenerator",
      "to_class_or_interface_name": "ConfigGenerator",
      "to_class_or_interface_key": "_xRCmgLCSEDOnWKyiYGcRXw",
      "to_method_name": null,
      "to_method_key": null,
      "data_clump_type": "parameters_to_fields_data_clump",
      "data_clump_data": {
        "_qBn7wLE9EDOeTt5ZlmPVbg": {
          "key": "_qBn7wLE9EDOeTt5ZlmPVbg",
          "name": "username",
          "type": null,
          "probability": 1,
          "modifiers": [],
          "to_variable": {
            "key": "_PebOELE2EDOeTt5ZlmPVbg",
            "name": "username",
            "type": null,
            "modifiers": [
              "public"
            ],
            "position": {}
          },
          "position": {}
        },
        "_ubyZ8LE9EDOeTt5ZlmPVbg": {
          "key": "_ubyZ8LE9EDOeTt5ZlmPVbg",
          "name": "user_key",
          "type": null,
          "probability": 1,
          "modifiers": [],
          "to_variable": {
            "key": "_oFts4LE2EDOeTt5ZlmPVbg",
            "name": "user_key",
            "type": null,
            "modifiers": [
              "public"
            ],
            "position": {}
          },
          "position": {}
        },
        "_r6ndsLE9EDOeTt5ZlmPVbg": {
          "key": "_r6ndsLE9EDOeTt5ZlmPVbg",
          "name": "device_id",
          "type": null,
          "probability": 1,
          "modifiers": [],
          "to_variable": {
            "key": "_0K25wLE2EDOeTt5ZlmPVbg",
            "name": "device_id",
            "type": null,
            "modifiers": [],
            "position": {}
          },
          "position": {}
        },
        "_u1CDkLFBEDOeTt5ZlmPVbg": {
          "key": "_u1CDkLFBEDOeTt5ZlmPVbg",
          "name": "device_group_id",
          "type": null,
          "probability": 1,
          "modifiers": [],
          "to_variable": {
            "key": "_yVPb8LE2EDOeTt5ZlmPVbg",
            "name": "device_group_id",
            "type": null,
            "modifiers": [
              "public"
            ],
            "position": {}
          },
          "position": {}
        }
      }
    },
    "parameters_to_fields_data_clump-./DBConnector-_j3Wx4LE9EDOeTt5ZlmPVbg-_d6dVoLE9EDOeTt5ZlmPVbg-usernameuser_keydevice_id": {
      "type": "data_clump",
      "key": "parameters_to_fields_data_clump-./DBConnector-_j3Wx4LE9EDOeTt5ZlmPVbg-_d6dVoLE9EDOeTt5ZlmPVbg-usernameuser_keydevice_id",
      "probability": 1,
      "from_file_path": "./DBConnector",
      "from_class_or_interface_name": "DBConnector",
      "from_class_or_interface_key": "_d6dVoLE9EDOeTt5ZlmPVbg",
      "from_method_name": "addUserDevice",
      "from_method_key": "_j3Wx4LE9EDOeTt5ZlmPVbg",
      "to_file_path": "./DBConnector",
      "to_class_or_interface_name": "DBConnector",
      "to_class_or_interface_key": "_d6dVoLE9EDOeTt5ZlmPVbg",
      "to_method_name": null,
      "to_method_key": null,
      "data_clump_type": "parameters_to_fields_data_clump",
      "data_clump_data": {
        "_qBn7wLE9EDOeTt5ZlmPVbg": {
          "key": "_qBn7wLE9EDOeTt5ZlmPVbg",
          "name": "username",
          "type": null,
          "probability": 1,
          "modifiers": [],
          "to_variable": {
            "key": "_6ks3ELE-EDOeTt5ZlmPVbg",
            "name": "username",
            "type": null,
            "modifiers": [],
            "position": {}
          },
          "position": {}
        },
        "_ubyZ8LE9EDOeTt5ZlmPVbg": {
          "key": "_ubyZ8LE9EDOeTt5ZlmPVbg",
          "name": "user_key",
          "type": null,
          "probability": 1,
          "modifiers": [],
          "to_variable": {
            "key": "_7j1Y0LE-EDOeTt5ZlmPVbg",
            "name": "user_key",
            "type": null,
            "modifiers": [],
            "position": {}
          },
          "position": {}
        },
        "_r6ndsLE9EDOeTt5ZlmPVbg": {
          "key": "_r6ndsLE9EDOeTt5ZlmPVbg",
          "name": "device_id",
          "type": null,
          "probability": 1,
          "modifiers": [],
          "to_variable": {
            "key": "_85Sv4LE-EDOeTt5ZlmPVbg",
            "name": "device_id",
            "type": null,
            "modifiers": [],
            "position": {}
          },
          "position": {}
        }
      }
    },
    "parameters_to_fields_data_clump-./DBConnector-_j3Wx4LE9EDOeTt5ZlmPVbg-_hlphQLF6EDOmWKhZyvvLZg-usernameuser_keydevice_iddevice_group_id": {
      "type": "data_clump",
      "key": "parameters_to_fields_data_clump-./DBConnector-_j3Wx4LE9EDOeTt5ZlmPVbg-_hlphQLF6EDOmWKhZyvvLZg-usernameuser_keydevice_iddevice_group_id",
      "probability": 1,
      "from_file_path": "./DBConnector",
      "from_class_or_interface_name": "DBConnector",
      "from_class_or_interface_key": "_d6dVoLE9EDOeTt5ZlmPVbg",
      "from_method_name": "addUserDevice",
      "from_method_key": "_j3Wx4LE9EDOeTt5ZlmPVbg",
      "to_file_path": "./HelperMQConnector",
      "to_class_or_interface_name": "HelperMQConnector",
      "to_class_or_interface_key": "_hlphQLF6EDOmWKhZyvvLZg",
      "to_method_name": null,
      "to_method_key": null,
      "data_clump_type": "parameters_to_fields_data_clump",
      "data_clump_data": {
        "_qBn7wLE9EDOeTt5ZlmPVbg": {
          "key": "_qBn7wLE9EDOeTt5ZlmPVbg",
          "name": "username",
          "type": null,
          "probability": 1,
          "modifiers": [],
          "to_variable": {
            "key": "_CDY-8LF7EDOmWKhZyvvLZg",
            "name": "username",
            "type": null,
            "modifiers": [
              "public"
            ],
            "position": {}
          },
          "position": {}
        },
        "_ubyZ8LE9EDOeTt5ZlmPVbg": {
          "key": "_ubyZ8LE9EDOeTt5ZlmPVbg",
          "name": "user_key",
          "type": null,
          "probability": 1,
          "modifiers": [],
          "to_variable": {
            "key": "_DP7qkLF7EDOmWKhZyvvLZg",
            "name": "user_key",
            "type": null,
            "modifiers": [],
            "position": {}
          },
          "position": {}
        },
        "_r6ndsLE9EDOeTt5ZlmPVbg": {
          "key": "_r6ndsLE9EDOeTt5ZlmPVbg",
          "name": "device_id",
          "type": null,
          "probability": 1,
          "modifiers": [],
          "to_variable": {
            "key": "_IPU8wLF7EDOmWKhZyvvLZg",
            "name": "device_id",
            "type": null,
            "modifiers": [],
            "position": {}
          },
          "position": {}
        },
        "_u1CDkLFBEDOeTt5ZlmPVbg": {
          "key": "_u1CDkLFBEDOeTt5ZlmPVbg",
          "name": "device_group_id",
          "type": null,
          "probability": 1,
          "modifiers": [],
          "to_variable": {
            "key": "_Evzh4LF7EDOmWKhZyvvLZg",
            "name": "device_group_id",
            "type": null,
            "modifiers": [],
            "position": {}
          },
          "position": {}
        }
      }
    },
    "parameters_to_parameters_data_clump-./DBConnector-_D95QgbE-EDOeTt5ZlmPVbg-_j3Wx4LE9EDOeTt5ZlmPVbg-usernameuser_keydevice_id": {
      "type": "data_clump",
      "key": "parameters_to_parameters_data_clump-./DBConnector-_D95QgbE-EDOeTt5ZlmPVbg-_j3Wx4LE9EDOeTt5ZlmPVbg-usernameuser_keydevice_id",
      "probability": 1,
      "from_file_path": "./DBConnector",
      "from_class_or_interface_name": "DBConnector",
      "from_class_or_interface_key": "_d6dVoLE9EDOeTt5ZlmPVbg",
      "from_method_name": "authUser",
      "from_method_key": "_D95QgbE-EDOeTt5ZlmPVbg",
      "to_file_path": "./DBConnector",
      "to_class_or_interface_name": "DBConnector",
      "to_class_or_interface_key": "_d6dVoLE9EDOeTt5ZlmPVbg",
      "to_method_name": "addUserDevice",
      "to_method_key": "_j3Wx4LE9EDOeTt5ZlmPVbg",
      "data_clump_type": "parameters_to_parameters_data_clump",
      "data_clump_data": {
        "_GCVNcLE-EDOeTt5ZlmPVbg": {
          "key": "_GCVNcLE-EDOeTt5ZlmPVbg",
          "name": "username",
          "type": null,
          "probability": 1,
          "modifiers": [],
          "to_variable": {
            "key": "_qBn7wLE9EDOeTt5ZlmPVbg",
            "name": "username",
            "type": null,
            "modifiers": [],
            "position": {}
          },
          "position": {}
        },
        "_HhAx8LE-EDOeTt5ZlmPVbg": {
          "key": "_HhAx8LE-EDOeTt5ZlmPVbg",
          "name": "user_key",
          "type": null,
          "probability": 1,
          "modifiers": [],
          "to_variable": {
            "key": "_ubyZ8LE9EDOeTt5ZlmPVbg",
            "name": "user_key",
            "type": null,
            "modifiers": [],
            "position": {}
          },
          "position": {}
        },
        "_IrMtILE-EDOeTt5ZlmPVbg": {
          "key": "_IrMtILE-EDOeTt5ZlmPVbg",
          "name": "device_id",
          "type": null,
          "probability": 1,
          "modifiers": [],
          "to_variable": {
            "key": "_r6ndsLE9EDOeTt5ZlmPVbg",
            "name": "device_id",
            "type": null,
            "modifiers": [],
            "position": {}
          },
          "position": {}
        }
      }
    },
    "parameters_to_fields_data_clump-./DBConnector-_D95QgbE-EDOeTt5ZlmPVbg-_xRCmgLCSEDOnWKyiYGcRXw-usernameuser_keydevice_id": {
      "type": "data_clump",
      "key": "parameters_to_fields_data_clump-./DBConnector-_D95QgbE-EDOeTt5ZlmPVbg-_xRCmgLCSEDOnWKyiYGcRXw-usernameuser_keydevice_id",
      "probability": 1,
      "from_file_path": "./DBConnector",
      "from_class_or_interface_name": "DBConnector",
      "from_class_or_interface_key": "_d6dVoLE9EDOeTt5ZlmPVbg",
      "from_method_name": "authUser",
      "from_method_key": "_D95QgbE-EDOeTt5ZlmPVbg",
      "to_file_path": "./ConfigGenerator",
      "to_class_or_interface_name": "ConfigGenerator",
      "to_class_or_interface_key": "_xRCmgLCSEDOnWKyiYGcRXw",
      "to_method_name": null,
      "to_method_key": null,
      "data_clump_type": "parameters_to_fields_data_clump",
      "data_clump_data": {
        "_GCVNcLE-EDOeTt5ZlmPVbg": {
          "key": "_GCVNcLE-EDOeTt5ZlmPVbg",
          "name": "username",
          "type": null,
          "probability": 1,
          "modifiers": [],
          "to_variable": {
            "key": "_PebOELE2EDOeTt5ZlmPVbg",
            "name": "username",
            "type": null,
            "modifiers": [
              "public"
            ],
            "position": {}
          },
          "position": {}
        },
        "_HhAx8LE-EDOeTt5ZlmPVbg": {
          "key": "_HhAx8LE-EDOeTt5ZlmPVbg",
          "name": "user_key",
          "type": null,
          "probability": 1,
          "modifiers": [],
          "to_variable": {
            "key": "_oFts4LE2EDOeTt5ZlmPVbg",
            "name": "user_key",
            "type": null,
            "modifiers": [
              "public"
            ],
            "position": {}
          },
          "position": {}
        },
        "_IrMtILE-EDOeTt5ZlmPVbg": {
          "key": "_IrMtILE-EDOeTt5ZlmPVbg",
          "name": "device_id",
          "type": null,
          "probability": 1,
          "modifiers": [],
          "to_variable": {
            "key": "_0K25wLE2EDOeTt5ZlmPVbg",
            "name": "device_id",
            "type": null,
            "modifiers": [],
            "position": {}
          },
          "position": {}
        }
      }
    },
    "parameters_to_fields_data_clump-./DBConnector-_D95QgbE-EDOeTt5ZlmPVbg-_d6dVoLE9EDOeTt5ZlmPVbg-usernameuser_keydevice_id": {
      "type": "data_clump",
      "key": "parameters_to_fields_data_clump-./DBConnector-_D95QgbE-EDOeTt5ZlmPVbg-_d6dVoLE9EDOeTt5ZlmPVbg-usernameuser_keydevice_id",
      "probability": 1,
      "from_file_path": "./DBConnector",
      "from_class_or_interface_name": "DBConnector",
      "from_class_or_interface_key": "_d6dVoLE9EDOeTt5ZlmPVbg",
      "from_method_name": "authUser",
      "from_method_key": "_D95QgbE-EDOeTt5ZlmPVbg",
      "to_file_path": "./DBConnector",
      "to_class_or_interface_name": "DBConnector",
      "to_class_or_interface_key": "_d6dVoLE9EDOeTt5ZlmPVbg",
      "to_method_name": null,
      "to_method_key": null,
      "data_clump_type": "parameters_to_fields_data_clump",
      "data_clump_data": {
        "_GCVNcLE-EDOeTt5ZlmPVbg": {
          "key": "_GCVNcLE-EDOeTt5ZlmPVbg",
          "name": "username",
          "type": null,
          "probability": 1,
          "modifiers": [],
          "to_variable": {
            "key": "_6ks3ELE-EDOeTt5ZlmPVbg",
            "name": "username",
            "type": null,
            "modifiers": [],
            "position": {}
          },
          "position": {}
        },
        "_HhAx8LE-EDOeTt5ZlmPVbg": {
          "key": "_HhAx8LE-EDOeTt5ZlmPVbg",
          "name": "user_key",
          "type": null,
          "probability": 1,
          "modifiers": [],
          "to_variable": {
            "key": "_7j1Y0LE-EDOeTt5ZlmPVbg",
            "name": "user_key",
            "type": null,
            "modifiers": [],
            "position": {}
          },
          "position": {}
        },
        "_IrMtILE-EDOeTt5ZlmPVbg": {
          "key": "_IrMtILE-EDOeTt5ZlmPVbg",
          "name": "device_id",
          "type": null,
          "probability": 1,
          "modifiers": [],
          "to_variable": {
            "key": "_85Sv4LE-EDOeTt5ZlmPVbg",
            "name": "device_id",
            "type": null,
            "modifiers": [],
            "position": {}
          },
          "position": {}
        }
      }
    },
    "parameters_to_fields_data_clump-./DBConnector-_D95QgbE-EDOeTt5ZlmPVbg-_hlphQLF6EDOmWKhZyvvLZg-usernameuser_keydevice_id": {
      "type": "data_clump",
      "key": "parameters_to_fields_data_clump-./DBConnector-_D95QgbE-EDOeTt5ZlmPVbg-_hlphQLF6EDOmWKhZyvvLZg-usernameuser_keydevice_id",
      "probability": 1,
      "from_file_path": "./DBConnector",
      "from_class_or_interface_name": "DBConnector",
      "from_class_or_interface_key": "_d6dVoLE9EDOeTt5ZlmPVbg",
      "from_method_name": "authUser",
      "from_method_key": "_D95QgbE-EDOeTt5ZlmPVbg",
      "to_file_path": "./HelperMQConnector",
      "to_class_or_interface_name": "HelperMQConnector",
      "to_class_or_interface_key": "_hlphQLF6EDOmWKhZyvvLZg",
      "to_method_name": null,
      "to_method_key": null,
      "data_clump_type": "parameters_to_fields_data_clump",
      "data_clump_data": {
        "_GCVNcLE-EDOeTt5ZlmPVbg": {
          "key": "_GCVNcLE-EDOeTt5ZlmPVbg",
          "name": "username",
          "type": null,
          "probability": 1,
          "modifiers": [],
          "to_variable": {
            "key": "_CDY-8LF7EDOmWKhZyvvLZg",
            "name": "username",
            "type": null,
            "modifiers": [
              "public"
            ],
            "position": {}
          },
          "position": {}
        },
        "_HhAx8LE-EDOeTt5ZlmPVbg": {
          "key": "_HhAx8LE-EDOeTt5ZlmPVbg",
          "name": "user_key",
          "type": null,
          "probability": 1,
          "modifiers": [],
          "to_variable": {
            "key": "_DP7qkLF7EDOmWKhZyvvLZg",
            "name": "user_key",
            "type": null,
            "modifiers": [],
            "position": {}
          },
          "position": {}
        },
        "_IrMtILE-EDOeTt5ZlmPVbg": {
          "key": "_IrMtILE-EDOeTt5ZlmPVbg",
          "name": "device_id",
          "type": null,
          "probability": 1,
          "modifiers": [],
          "to_variable": {
            "key": "_IPU8wLF7EDOmWKhZyvvLZg",
            "name": "device_id",
            "type": null,
            "modifiers": [],
            "position": {}
          },
          "position": {}
        }
      }
    }
  }
}