{
  "report_version": "unknown",
  "report_timestamp": "2025-03-26T22:50:16.678Z",
  "target_language": "java",
  "report_summary": {
    "additional": null,
    "amount_classes_or_interfaces_with_data_clumps": 5,
    "amount_files_with_data_clumps": 5,
    "amount_methods_with_data_clumps": 0,
    "fields_to_fields_data_clump": 6,
    "parameters_to_fields_data_clump": 0,
    "parameters_to_parameters_data_clump": 0,
    "amount_data_clumps": 6
  },
  "project_info": {
    "project_url": "unknown_project_url",
    "project_name": "_zyHygGq5EeSmTqqtE6wM_Q",
    "project_version": "unknown_project_version",
    "project_commit_hash": "unknown",
    "project_tag": null,
    "project_commit_date": null,
    "additional": {},
    "number_of_files": 20,
    "number_of_classes_or_interfaces": 20,
    "number_of_methods": 0,
    "number_of_data_fields": 96,
    "number_of_method_parameters": 0
  },
  "detector": {
    "name": "data-clumps-doctor",
    "url": "https://github.com/NilsBaumgartner1994/data-clumps-doctor",
    "version": "0.1.100",
    "options": {
      "typeVariablesConsidered": false,
      "similarityModifierOfVariablesWithUnknownType": 0,
      "fieldsOfClassesWithUnknownHierarchyProbabilityModifier": 0,
      "sharedFieldsToFieldsAmountMinimum": 3,
      "analyseFieldsInClassesOrInterfacesInheritedFromSuperClassesOrInterfaces": false,
      "sharedParametersToParametersAmountMinimum": 3,
      "sharedParametersToFieldsAmountMinimum": 3,
      "methodsOfClassesOrInterfacesWithUnknownHierarchyProbabilityModifier": 0
    }
  },
  "data_clumps": {
    "fields_to_fields_data_clump-./Article-_ZJHckE2GEDKhMb0fAHl_pQ-_cbDAAE2JEDKhMb0fAHl_pQ-idlibeldescription": {
      "type": "data_clump",
      "key": "fields_to_fields_data_clump-./Article-_ZJHckE2GEDKhMb0fAHl_pQ-_cbDAAE2JEDKhMb0fAHl_pQ-idlibeldescription",
      "probability": 1,
      "from_file_path": "./Article",
      "from_class_or_interface_name": "Article",
      "from_class_or_interface_key": "_ZJHckE2GEDKhMb0fAHl_pQ",
      "from_method_name": null,
      "from_method_key": null,
      "to_file_path": "./Permission",
      "to_class_or_interface_key": "_cbDAAE2JEDKhMb0fAHl_pQ",
      "to_class_or_interface_name": "Article",
      "to_method_key": null,
      "to_method_name": null,
      "data_clump_type": "fields_to_fields_data_clump",
      "data_clump_data": {
        "_NI0eAE2HEDKhMb0fAHl_pQ": {
          "key": "_NI0eAE2HEDKhMb0fAHl_pQ",
          "name": "id",
          "type": null,
          "probability": 1,
          "modifiers": [],
          "to_variable": {
            "key": "_i56g4E2JEDKhMb0fAHl_pQ",
            "name": "id",
            "type": null,
            "modifiers": [],
            "position": {}
          },
          "position": {}
        },
        "_OLSAkE2HEDKhMb0fAHl_pQ": {
          "key": "_OLSAkE2HEDKhMb0fAHl_pQ",
          "name": "libel",
          "type": null,
          "probability": 1,
          "modifiers": [],
          "to_variable": {
            "key": "_jjmXEE2JEDKhMb0fAHl_pQ",
            "name": "libel",
            "type": null,
            "modifiers": [],
            "position": {}
          },
          "position": {}
        },
        "_RYfjcE2HEDKhMb0fAHl_pQ": {
          "key": "_RYfjcE2HEDKhMb0fAHl_pQ",
          "name": "description",
          "type": null,
          "probability": 1,
          "modifiers": [],
          "to_variable": {
            "key": "_slfOUE2JEDKhMb0fAHl_pQ",
            "name": "description",
            "type": null,
            "modifiers": [],
            "position": {}
          },
          "position": {}
        }
      }
    },
    "fields_to_fields_data_clump-./Delivery(bondelivraision-_W62gIE2EEDKhMb0fAHl_pQ-_9r2IwE19EDKhMb0fAHl_pQ-idcreationDatestatusnote": {
      "type": "data_clump",
      "key": "fields_to_fields_data_clump-./Delivery(bondelivraision-_W62gIE2EEDKhMb0fAHl_pQ-_9r2IwE19EDKhMb0fAHl_pQ-idcreationDatestatusnote",
      "probability": 1,
      "from_file_path": "./Delivery(bondelivraision",
      "from_class_or_interface_name": "Delivery(bondelivraision",
      "from_class_or_interface_key": "_W62gIE2EEDKhMb0fAHl_pQ",
      "from_method_name": null,
      "from_method_key": null,
      "to_file_path": "./Transaction",
      "to_class_or_interface_key": "_9r2IwE19EDKhMb0fAHl_pQ",
      "to_class_or_interface_name": "Delivery(bondelivraision",
      "to_method_key": null,
      "to_method_name": null,
      "data_clump_type": "fields_to_fields_data_clump",
      "data_clump_data": {
        "_lPH3AE2EEDKhMb0fAHl_pQ": {
          "key": "_lPH3AE2EEDKhMb0fAHl_pQ",
          "name": "id",
          "type": null,
          "probability": 1,
          "modifiers": [],
          "to_variable": {
            "key": "_WMh-YE2AEDKhMb0fAHl_pQ",
            "name": "id",
            "type": null,
            "modifiers": [],
            "position": {}
          },
          "position": {}
        },
        "_l0EXIE2EEDKhMb0fAHl_pQ": {
          "key": "_l0EXIE2EEDKhMb0fAHl_pQ",
          "name": "creationDate",
          "type": null,
          "probability": 1,
          "modifiers": [],
          "to_variable": {
            "key": "_eDabEE2AEDKhMb0fAHl_pQ",
            "name": "creationDate",
            "type": null,
            "modifiers": [],
            "position": {}
          },
          "position": {}
        },
        "_m9kV0E2EEDKhMb0fAHl_pQ": {
          "key": "_m9kV0E2EEDKhMb0fAHl_pQ",
          "name": "status",
          "type": null,
          "probability": 1,
          "modifiers": [],
          "to_variable": {
            "key": "_ZEY8UE2AEDKhMb0fAHl_pQ",
            "name": "status",
            "type": null,
            "modifiers": [],
            "position": {}
          },
          "position": {}
        },
        "_nkImkE2EEDKhMb0fAHl_pQ": {
          "key": "_nkImkE2EEDKhMb0fAHl_pQ",
          "name": "note",
          "type": null,
          "probability": 1,
          "modifiers": [],
          "to_variable": {
            "key": "_hgX0sE2BEDKhMb0fAHl_pQ",
            "name": "note",
            "type": null,
            "modifiers": [],
            "position": {}
          },
          "position": {}
        }
      }
    },
    "fields_to_fields_data_clump-./Permission-_cbDAAE2JEDKhMb0fAHl_pQ-_ZJHckE2GEDKhMb0fAHl_pQ-idlibeldescription": {
      "type": "data_clump",
      "key": "fields_to_fields_data_clump-./Permission-_cbDAAE2JEDKhMb0fAHl_pQ-_ZJHckE2GEDKhMb0fAHl_pQ-idlibeldescription",
      "probability": 1,
      "from_file_path": "./Permission",
      "from_class_or_interface_name": "Permission",
      "from_class_or_interface_key": "_cbDAAE2JEDKhMb0fAHl_pQ",
      "from_method_name": null,
      "from_method_key": null,
      "to_file_path": "./Article",
      "to_class_or_interface_key": "_ZJHckE2GEDKhMb0fAHl_pQ",
      "to_class_or_interface_name": "Permission",
      "to_method_key": null,
      "to_method_name": null,
      "data_clump_type": "fields_to_fields_data_clump",
      "data_clump_data": {
        "_i56g4E2JEDKhMb0fAHl_pQ": {
          "key": "_i56g4E2JEDKhMb0fAHl_pQ",
          "name": "id",
          "type": null,
          "probability": 1,
          "modifiers": [],
          "to_variable": {
            "key": "_NI0eAE2HEDKhMb0fAHl_pQ",
            "name": "id",
            "type": null,
            "modifiers": [],
            "position": {}
          },
          "position": {}
        },
        "_jjmXEE2JEDKhMb0fAHl_pQ": {
          "key": "_jjmXEE2JEDKhMb0fAHl_pQ",
          "name": "libel",
          "type": null,
          "probability": 1,
          "modifiers": [],
          "to_variable": {
            "key": "_OLSAkE2HEDKhMb0fAHl_pQ",
            "name": "libel",
            "type": null,
            "modifiers": [],
            "position": {}
          },
          "position": {}
        },
        "_slfOUE2JEDKhMb0fAHl_pQ": {
          "key": "_slfOUE2JEDKhMb0fAHl_pQ",
          "name": "description",
          "type": null,
          "probability": 1,
          "modifiers": [],
          "to_variable": {
            "key": "_RYfjcE2HEDKhMb0fAHl_pQ",
            "name": "description",
            "type": null,
            "modifiers": [],
            "position": {}
          },
          "position": {}
        }
      }
    },
    "fields_to_fields_data_clump-./Transaction-_9r2IwE19EDKhMb0fAHl_pQ-_W62gIE2EEDKhMb0fAHl_pQ-idstatuscreationDatenote": {
      "type": "data_clump",
      "key": "fields_to_fields_data_clump-./Transaction-_9r2IwE19EDKhMb0fAHl_pQ-_W62gIE2EEDKhMb0fAHl_pQ-idstatuscreationDatenote",
      "probability": 1,
      "from_file_path": "./Transaction",
      "from_class_or_interface_name": "Transaction",
      "from_class_or_interface_key": "_9r2IwE19EDKhMb0fAHl_pQ",
      "from_method_name": null,
      "from_method_key": null,
      "to_file_path": "./Delivery(bondelivraision",
      "to_class_or_interface_key": "_W62gIE2EEDKhMb0fAHl_pQ",
      "to_class_or_interface_name": "Transaction",
      "to_method_key": null,
      "to_method_name": null,
      "data_clump_type": "fields_to_fields_data_clump",
      "data_clump_data": {
        "_WMh-YE2AEDKhMb0fAHl_pQ": {
          "key": "_WMh-YE2AEDKhMb0fAHl_pQ",
          "name": "id",
          "type": null,
          "probability": 1,
          "modifiers": [],
          "to_variable": {
            "key": "_lPH3AE2EEDKhMb0fAHl_pQ",
            "name": "id",
            "type": null,
            "modifiers": [],
            "position": {}
          },
          "position": {}
        },
        "_ZEY8UE2AEDKhMb0fAHl_pQ": {
          "key": "_ZEY8UE2AEDKhMb0fAHl_pQ",
          "name": "status",
          "type": null,
          "probability": 1,
          "modifiers": [],
          "to_variable": {
            "key": "_m9kV0E2EEDKhMb0fAHl_pQ",
            "name": "status",
            "type": null,
            "modifiers": [],
            "position": {}
          },
          "position": {}
        },
        "_eDabEE2AEDKhMb0fAHl_pQ": {
          "key": "_eDabEE2AEDKhMb0fAHl_pQ",
          "name": "creationDate",
          "type": null,
          "probability": 1,
          "modifiers": [],
          "to_variable": {
            "key": "_l0EXIE2EEDKhMb0fAHl_pQ",
            "name": "creationDate",
            "type": null,
            "modifiers": [],
            "position": {}
          },
          "position": {}
        },
        "_hgX0sE2BEDKhMb0fAHl_pQ": {
          "key": "_hgX0sE2BEDKhMb0fAHl_pQ",
          "name": "note",
          "type": null,
          "probability": 1,
          "modifiers": [],
          "to_variable": {
            "key": "_nkImkE2EEDKhMb0fAHl_pQ",
            "name": "note",
            "type": null,
            "modifiers": [],
            "position": {}
          },
          "position": {}
        }
      }
    },
    "fields_to_fields_data_clump-./Transaction-_9r2IwE19EDKhMb0fAHl_pQ-_XBCOYE2JEDKhMb0fAHl_pQ-idreductionglobalDiscount": {
      "type": "data_clump",
      "key": "fields_to_fields_data_clump-./Transaction-_9r2IwE19EDKhMb0fAHl_pQ-_XBCOYE2JEDKhMb0fAHl_pQ-idreductionglobalDiscount",
      "probability": 1,
      "from_file_path": "./Transaction",
      "from_class_or_interface_name": "Transaction",
      "from_class_or_interface_key": "_9r2IwE19EDKhMb0fAHl_pQ",
      "from_method_name": null,
      "from_method_key": null,
      "to_file_path": "./category",
      "to_class_or_interface_key": "_XBCOYE2JEDKhMb0fAHl_pQ",
      "to_class_or_interface_name": "Transaction",
      "to_method_key": null,
      "to_method_name": null,
      "data_clump_type": "fields_to_fields_data_clump",
      "data_clump_data": {
        "_WMh-YE2AEDKhMb0fAHl_pQ": {
          "key": "_WMh-YE2AEDKhMb0fAHl_pQ",
          "name": "id",
          "type": null,
          "probability": 1,
          "modifiers": [],
          "to_variable": {
            "key": "_gwVlQE2JEDKhMb0fAHl_pQ",
            "name": "id",
            "type": null,
            "modifiers": [],
            "position": {}
          },
          "position": {}
        },
        "_KZc8cE2BEDKhMb0fAHl_pQ": {
          "key": "_KZc8cE2BEDKhMb0fAHl_pQ",
          "name": "reduction",
          "type": null,
          "probability": 1,
          "modifiers": [],
          "to_variable": {
            "key": "_vBhy8E2JEDKhMb0fAHl_pQ",
            "name": "reduction",
            "type": null,
            "modifiers": [],
            "position": {}
          },
          "position": {}
        },
        "_Rqv_0E2BEDKhMb0fAHl_pQ": {
          "key": "_Rqv_0E2BEDKhMb0fAHl_pQ",
          "name": "globalDiscount",
          "type": null,
          "probability": 1,
          "modifiers": [],
          "to_variable": {
            "key": "_xjpxcE2JEDKhMb0fAHl_pQ",
            "name": "globalDiscount",
            "type": null,
            "modifiers": [],
            "position": {}
          },
          "position": {}
        }
      }
    },
    "fields_to_fields_data_clump-./category-_XBCOYE2JEDKhMb0fAHl_pQ-_9r2IwE19EDKhMb0fAHl_pQ-idreductionglobalDiscount": {
      "type": "data_clump",
      "key": "fields_to_fields_data_clump-./category-_XBCOYE2JEDKhMb0fAHl_pQ-_9r2IwE19EDKhMb0fAHl_pQ-idreductionglobalDiscount",
      "probability": 1,
      "from_file_path": "./category",
      "from_class_or_interface_name": "category",
      "from_class_or_interface_key": "_XBCOYE2JEDKhMb0fAHl_pQ",
      "from_method_name": null,
      "from_method_key": null,
      "to_file_path": "./Transaction",
      "to_class_or_interface_key": "_9r2IwE19EDKhMb0fAHl_pQ",
      "to_class_or_interface_name": "category",
      "to_method_key": null,
      "to_method_name": null,
      "data_clump_type": "fields_to_fields_data_clump",
      "data_clump_data": {
        "_gwVlQE2JEDKhMb0fAHl_pQ": {
          "key": "_gwVlQE2JEDKhMb0fAHl_pQ",
          "name": "id",
          "type": null,
          "probability": 1,
          "modifiers": [],
          "to_variable": {
            "key": "_WMh-YE2AEDKhMb0fAHl_pQ",
            "name": "id",
            "type": null,
            "modifiers": [],
            "position": {}
          },
          "position": {}
        },
        "_vBhy8E2JEDKhMb0fAHl_pQ": {
          "key": "_vBhy8E2JEDKhMb0fAHl_pQ",
          "name": "reduction",
          "type": null,
          "probability": 1,
          "modifiers": [],
          "to_variable": {
            "key": "_KZc8cE2BEDKhMb0fAHl_pQ",
            "name": "reduction",
            "type": null,
            "modifiers": [],
            "position": {}
          },
          "position": {}
        },
        "_xjpxcE2JEDKhMb0fAHl_pQ": {
          "key": "_xjpxcE2JEDKhMb0fAHl_pQ",
          "name": "globalDiscount",
          "type": null,
          "probability": 1,
          "modifiers": [],
          "to_variable": {
            "key": "_Rqv_0E2BEDKhMb0fAHl_pQ",
            "name": "globalDiscount",
            "type": null,
            "modifiers": [],
            "position": {}
          },
          "position": {}
        }
      }
    }
  }
}