{
  "report_version": "unknown",
  "report_timestamp": "2025-03-26T23:05:57.380Z",
  "target_language": "java",
  "report_summary": {
    "additional": null,
    "amount_classes_or_interfaces_with_data_clumps": 2,
    "amount_files_with_data_clumps": 2,
    "amount_methods_with_data_clumps": 0,
    "fields_to_fields_data_clump": 2,
    "parameters_to_fields_data_clump": 0,
    "parameters_to_parameters_data_clump": 0,
    "amount_data_clumps": 2
  },
  "project_info": {
    "project_url": "unknown_project_url",
    "project_name": "_-zx-UGQEEeSLGdVI-XsN4w",
    "project_version": "unknown_project_version",
    "project_commit_hash": "unknown",
    "project_tag": null,
    "project_commit_date": null,
    "additional": {},
    "number_of_files": 4,
    "number_of_classes_or_interfaces": 4,
    "number_of_methods": 8,
    "number_of_data_fields": 17,
    "number_of_method_parameters": 0
  },
  "detector": {
    "name": "data-clumps-doctor",
    "url": "https://github.com/NilsBaumgartner1994/data-clumps-doctor",
    "version": "0.1.100",
    "options": {
      "typeVariablesConsidered": false,
      "similarityModifierOfVariablesWithUnknownType": 0,
      "fieldsOfClassesWithUnknownHierarchyProbabilityModifier": 0,
      "sharedFieldsToFieldsAmountMinimum": 3,
      "analyseFieldsInClassesOrInterfacesInheritedFromSuperClassesOrInterfaces": false,
      "sharedParametersToParametersAmountMinimum": 3,
      "sharedParametersToFieldsAmountMinimum": 3,
      "methodsOfClassesOrInterfacesWithUnknownHierarchyProbabilityModifier": 0
    }
  },
  "data_clumps": {
    "fields_to_fields_data_clump-./Instructor-_VE6AQEYzEDK4x6621vcrIw-_TaLj0EYzEDK4x6621vcrIw-idnamesurname": {
      "type": "data_clump",
      "key": "fields_to_fields_data_clump-./Instructor-_VE6AQEYzEDK4x6621vcrIw-_TaLj0EYzEDK4x6621vcrIw-idnamesurname",
      "probability": 1,
      "from_file_path": "./Instructor",
      "from_class_or_interface_name": "Instructor",
      "from_class_or_interface_key": "_VE6AQEYzEDK4x6621vcrIw",
      "from_method_name": null,
      "from_method_key": null,
      "to_file_path": "./Student",
      "to_class_or_interface_key": "_TaLj0EYzEDK4x6621vcrIw",
      "to_class_or_interface_name": "Instructor",
      "to_method_key": null,
      "to_method_name": null,
      "data_clump_type": "fields_to_fields_data_clump",
      "data_clump_data": {
        "_nbjncEYzEDK4x6621vcrIw": {
          "key": "_nbjncEYzEDK4x6621vcrIw",
          "name": "id",
          "type": null,
          "probability": 1,
          "modifiers": [],
          "to_variable": {
            "key": "_1xVaMEYzEDK4x6621vcrIw",
            "name": "id",
            "type": null,
            "modifiers": [],
            "position": {}
          },
          "position": {}
        },
        "_r1L6IEYzEDK4x6621vcrIw": {
          "key": "_r1L6IEYzEDK4x6621vcrIw",
          "name": "name",
          "type": null,
          "probability": 1,
          "modifiers": [],
          "to_variable": {
            "key": "_28KOkEYzEDK4x6621vcrIw",
            "name": "name",
            "type": null,
            "modifiers": [],
            "position": {}
          },
          "position": {}
        },
        "_tKMlQEYzEDK4x6621vcrIw": {
          "key": "_tKMlQEYzEDK4x6621vcrIw",
          "name": "surname",
          "type": null,
          "probability": 1,
          "modifiers": [],
          "to_variable": {
            "key": "_3wt4AEYzEDK4x6621vcrIw",
            "name": "surname",
            "type": null,
            "modifiers": [],
            "position": {}
          },
          "position": {}
        }
      }
    },
    "fields_to_fields_data_clump-./Student-_TaLj0EYzEDK4x6621vcrIw-_VE6AQEYzEDK4x6621vcrIw-idnamesurname": {
      "type": "data_clump",
      "key": "fields_to_fields_data_clump-./Student-_TaLj0EYzEDK4x6621vcrIw-_VE6AQEYzEDK4x6621vcrIw-idnamesurname",
      "probability": 1,
      "from_file_path": "./Student",
      "from_class_or_interface_name": "Student",
      "from_class_or_interface_key": "_TaLj0EYzEDK4x6621vcrIw",
      "from_method_name": null,
      "from_method_key": null,
      "to_file_path": "./Instructor",
      "to_class_or_interface_key": "_VE6AQEYzEDK4x6621vcrIw",
      "to_class_or_interface_name": "Student",
      "to_method_key": null,
      "to_method_name": null,
      "data_clump_type": "fields_to_fields_data_clump",
      "data_clump_data": {
        "_1xVaMEYzEDK4x6621vcrIw": {
          "key": "_1xVaMEYzEDK4x6621vcrIw",
          "name": "id",
          "type": null,
          "probability": 1,
          "modifiers": [],
          "to_variable": {
            "key": "_nbjncEYzEDK4x6621vcrIw",
            "name": "id",
            "type": null,
            "modifiers": [],
            "position": {}
          },
          "position": {}
        },
        "_28KOkEYzEDK4x6621vcrIw": {
          "key": "_28KOkEYzEDK4x6621vcrIw",
          "name": "name",
          "type": null,
          "probability": 1,
          "modifiers": [],
          "to_variable": {
            "key": "_r1L6IEYzEDK4x6621vcrIw",
            "name": "name",
            "type": null,
            "modifiers": [],
            "position": {}
          },
          "position": {}
        },
        "_3wt4AEYzEDK4x6621vcrIw": {
          "key": "_3wt4AEYzEDK4x6621vcrIw",
          "name": "surname",
          "type": null,
          "probability": 1,
          "modifiers": [],
          "to_variable": {
            "key": "_tKMlQEYzEDK4x6621vcrIw",
            "name": "surname",
            "type": null,
            "modifiers": [],
            "position": {}
          },
          "position": {}
        }
      }
    }
  }
}