{
  "report_version": "unknown",
  "report_timestamp": "2025-03-26T22:11:17.994Z",
  "target_language": "java",
  "report_summary": {
    "additional": null,
    "amount_classes_or_interfaces_with_data_clumps": 6,
    "amount_files_with_data_clumps": 6,
    "amount_methods_with_data_clumps": 0,
    "fields_to_fields_data_clump": 6,
    "parameters_to_fields_data_clump": 0,
    "parameters_to_parameters_data_clump": 0,
    "amount_data_clumps": 6
  },
  "project_info": {
    "project_url": "unknown_project_url",
    "project_name": "_Lj5tAOpbEe2WPKO9eknDFA",
    "project_version": "unknown_project_version",
    "project_commit_hash": "unknown",
    "project_tag": null,
    "project_commit_date": null,
    "additional": {},
    "number_of_files": 19,
    "number_of_classes_or_interfaces": 19,
    "number_of_methods": 0,
    "number_of_data_fields": 99,
    "number_of_method_parameters": 0
  },
  "detector": {
    "name": "data-clumps-doctor",
    "url": "https://github.com/NilsBaumgartner1994/data-clumps-doctor",
    "version": "0.1.100",
    "options": {
      "typeVariablesConsidered": false,
      "similarityModifierOfVariablesWithUnknownType": 0,
      "fieldsOfClassesWithUnknownHierarchyProbabilityModifier": 0,
      "sharedFieldsToFieldsAmountMinimum": 3,
      "analyseFieldsInClassesOrInterfacesInheritedFromSuperClassesOrInterfaces": false,
      "sharedParametersToParametersAmountMinimum": 3,
      "sharedParametersToFieldsAmountMinimum": 3,
      "methodsOfClassesOrInterfacesWithUnknownHierarchyProbabilityModifier": 0
    }
  },
  "data_clumps": {
    "fields_to_fields_data_clump-./Danilo:Poslovođa-_LkDfKepbEe2WPKO9eknDFA-_LkEFtepbEe2WPKO9eknDFA-PoslovođaIDImePoslovođePrezimePoslovodjeEmailPoslovođeTelefonPoslovođe": {
      "type": "data_clump",
      "key": "fields_to_fields_data_clump-./Danilo:Poslovođa-_LkDfKepbEe2WPKO9eknDFA-_LkEFtepbEe2WPKO9eknDFA-PoslovođaIDImePoslovođePrezimePoslovodjeEmailPoslovođeTelefonPoslovođe",
      "probability": 1,
      "from_file_path": "./Danilo:Poslovođa",
      "from_class_or_interface_name": "Danilo:Poslovođa",
      "from_class_or_interface_key": "_LkDfKepbEe2WPKO9eknDFA",
      "from_method_name": null,
      "from_method_key": null,
      "to_file_path": "./Živojin:Poslovođa",
      "to_class_or_interface_key": "_LkEFtepbEe2WPKO9eknDFA",
      "to_class_or_interface_name": "Danilo:Poslovođa",
      "to_method_key": null,
      "to_method_name": null,
      "data_clump_type": "fields_to_fields_data_clump",
      "data_clump_data": {
        "_LkDfKupbEe2WPKO9eknDFA": {
          "key": "_LkDfKupbEe2WPKO9eknDFA",
          "name": "PoslovođaID",
          "type": null,
          "probability": 1,
          "modifiers": [
            "private"
          ],
          "to_variable": {
            "key": "_LkEFtupbEe2WPKO9eknDFA",
            "name": "PoslovođaID",
            "type": null,
            "modifiers": [
              "private"
            ],
            "position": {}
          },
          "position": {}
        },
        "_LkDfK-pbEe2WPKO9eknDFA": {
          "key": "_LkDfK-pbEe2WPKO9eknDFA",
          "name": "ImePoslovođe",
          "type": null,
          "probability": 1,
          "modifiers": [
            "public"
          ],
          "to_variable": {
            "key": "_LkEFt-pbEe2WPKO9eknDFA",
            "name": "ImePoslovođe",
            "type": null,
            "modifiers": [
              "public"
            ],
            "position": {}
          },
          "position": {}
        },
        "_LkDfLOpbEe2WPKO9eknDFA": {
          "key": "_LkDfLOpbEe2WPKO9eknDFA",
          "name": "PrezimePoslovodje",
          "type": null,
          "probability": 1,
          "modifiers": [
            "public"
          ],
          "to_variable": {
            "key": "_LkEFuOpbEe2WPKO9eknDFA",
            "name": "PrezimePoslovodje",
            "type": null,
            "modifiers": [
              "public"
            ],
            "position": {}
          },
          "position": {}
        },
        "_LkDfLepbEe2WPKO9eknDFA": {
          "key": "_LkDfLepbEe2WPKO9eknDFA",
          "name": "EmailPoslovođe",
          "type": null,
          "probability": 1,
          "modifiers": [
            "public"
          ],
          "to_variable": {
            "key": "_LkEFuepbEe2WPKO9eknDFA",
            "name": "EmailPoslovođe",
            "type": null,
            "modifiers": [
              "public"
            ],
            "position": {}
          },
          "position": {}
        },
        "_LkDfLupbEe2WPKO9eknDFA": {
          "key": "_LkDfLupbEe2WPKO9eknDFA",
          "name": "TelefonPoslovođe",
          "type": null,
          "probability": 1,
          "modifiers": [
            "public"
          ],
          "to_variable": {
            "key": "_LkEFuupbEe2WPKO9eknDFA",
            "name": "TelefonPoslovođe",
            "type": null,
            "modifiers": [
              "public"
            ],
            "position": {}
          },
          "position": {}
        }
      }
    },
    "fields_to_fields_data_clump-./Darko:Građevinskiinženjer-_LkEFi-pbEe2WPKO9eknDFA-_LkEFmupbEe2WPKO9eknDFA-ImeInženjeraPrezimeInženjeraTelefonInženjeraEmailAdresaInženjera": {
      "type": "data_clump",
      "key": "fields_to_fields_data_clump-./Darko:Građevinskiinženjer-_LkEFi-pbEe2WPKO9eknDFA-_LkEFmupbEe2WPKO9eknDFA-ImeInženjeraPrezimeInženjeraTelefonInženjeraEmailAdresaInženjera",
      "probability": 1,
      "from_file_path": "./Darko:Građevinskiinženjer",
      "from_class_or_interface_name": "Darko:Građevinskiinženjer",
      "from_class_or_interface_key": "_LkEFi-pbEe2WPKO9eknDFA",
      "from_method_name": null,
      "from_method_key": null,
      "to_file_path": "./Nikola:Inženjerarhitekture",
      "to_class_or_interface_key": "_LkEFmupbEe2WPKO9eknDFA",
      "to_class_or_interface_name": "Darko:Građevinskiinženjer",
      "to_method_key": null,
      "to_method_name": null,
      "data_clump_type": "fields_to_fields_data_clump",
      "data_clump_data": {
        "_LkEFjupbEe2WPKO9eknDFA": {
          "key": "_LkEFjupbEe2WPKO9eknDFA",
          "name": "ImeInženjera",
          "type": null,
          "probability": 1,
          "modifiers": [
            "public"
          ],
          "to_variable": {
            "key": "_LkEFnepbEe2WPKO9eknDFA",
            "name": "ImeInženjera",
            "type": null,
            "modifiers": [
              "public"
            ],
            "position": {}
          },
          "position": {}
        },
        "_LkEFj-pbEe2WPKO9eknDFA": {
          "key": "_LkEFj-pbEe2WPKO9eknDFA",
          "name": "PrezimeInženjera",
          "type": null,
          "probability": 1,
          "modifiers": [
            "public"
          ],
          "to_variable": {
            "key": "_LkEFnupbEe2WPKO9eknDFA",
            "name": "PrezimeInženjera",
            "type": null,
            "modifiers": [
              "public"
            ],
            "position": {}
          },
          "position": {}
        },
        "_LkEFkOpbEe2WPKO9eknDFA": {
          "key": "_LkEFkOpbEe2WPKO9eknDFA",
          "name": "TelefonInženjera",
          "type": null,
          "probability": 1,
          "modifiers": [
            "public"
          ],
          "to_variable": {
            "key": "_LkEFn-pbEe2WPKO9eknDFA",
            "name": "TelefonInženjera",
            "type": null,
            "modifiers": [
              "public"
            ],
            "position": {}
          },
          "position": {}
        },
        "_LkEFkepbEe2WPKO9eknDFA": {
          "key": "_LkEFkepbEe2WPKO9eknDFA",
          "name": "EmailAdresaInženjera",
          "type": null,
          "probability": 1,
          "modifiers": [
            "public"
          ],
          "to_variable": {
            "key": "_LkEFoOpbEe2WPKO9eknDFA",
            "name": "EmailAdresaInženjera",
            "type": null,
            "modifiers": [
              "public"
            ],
            "position": {}
          },
          "position": {}
        }
      }
    },
    "fields_to_fields_data_clump-./Ivan:Radnik-_LkEFqOpbEe2WPKO9eknDFA-_LkDfH-pbEe2WPKO9eknDFA-TipRadnikaImeRadnikaPrezimeRadnikaTelefonRadnikaEmailAdresaRadnika": {
      "type": "data_clump",
      "key": "fields_to_fields_data_clump-./Ivan:Radnik-_LkEFqOpbEe2WPKO9eknDFA-_LkDfH-pbEe2WPKO9eknDFA-TipRadnikaImeRadnikaPrezimeRadnikaTelefonRadnikaEmailAdresaRadnika",
      "probability": 1,
      "from_file_path": "./Ivan:Radnik",
      "from_class_or_interface_name": "Ivan:Radnik",
      "from_class_or_interface_key": "_LkEFqOpbEe2WPKO9eknDFA",
      "from_method_name": null,
      "from_method_key": null,
      "to_file_path": "./Projekat1:Projekat",
      "to_class_or_interface_key": "_LkDfH-pbEe2WPKO9eknDFA",
      "to_class_or_interface_name": "Ivan:Radnik",
      "to_method_key": null,
      "to_method_name": null,
      "data_clump_type": "fields_to_fields_data_clump",
      "data_clump_data": {
        "_LkEFrOpbEe2WPKO9eknDFA": {
          "key": "_LkEFrOpbEe2WPKO9eknDFA",
          "name": "TipRadnika",
          "type": null,
          "probability": 1,
          "modifiers": [
            "public"
          ],
          "to_variable": {
            "key": "_LkDfI-pbEe2WPKO9eknDFA",
            "name": "TipRadnika",
            "type": null,
            "modifiers": [
              "public"
            ],
            "position": {}
          },
          "position": {}
        },
        "_LkEFrepbEe2WPKO9eknDFA": {
          "key": "_LkEFrepbEe2WPKO9eknDFA",
          "name": "ImeRadnika",
          "type": null,
          "probability": 1,
          "modifiers": [
            "public"
          ],
          "to_variable": {
            "key": "_LkDfJOpbEe2WPKO9eknDFA",
            "name": "ImeRadnika",
            "type": null,
            "modifiers": [
              "public"
            ],
            "position": {}
          },
          "position": {}
        },
        "_LkEFrupbEe2WPKO9eknDFA": {
          "key": "_LkEFrupbEe2WPKO9eknDFA",
          "name": "PrezimeRadnika",
          "type": null,
          "probability": 1,
          "modifiers": [
            "public"
          ],
          "to_variable": {
            "key": "_LkDfJepbEe2WPKO9eknDFA",
            "name": "PrezimeRadnika",
            "type": null,
            "modifiers": [
              "public"
            ],
            "position": {}
          },
          "position": {}
        },
        "_LkEFr-pbEe2WPKO9eknDFA": {
          "key": "_LkEFr-pbEe2WPKO9eknDFA",
          "name": "TelefonRadnika",
          "type": null,
          "probability": 1,
          "modifiers": [
            "public"
          ],
          "to_variable": {
            "key": "_LkDfJupbEe2WPKO9eknDFA",
            "name": "TelefonRadnika",
            "type": null,
            "modifiers": [
              "public"
            ],
            "position": {}
          },
          "position": {}
        },
        "_LkEFsOpbEe2WPKO9eknDFA": {
          "key": "_LkEFsOpbEe2WPKO9eknDFA",
          "name": "EmailAdresaRadnika",
          "type": null,
          "probability": 1,
          "modifiers": [
            "public"
          ],
          "to_variable": {
            "key": "_LkDfJ-pbEe2WPKO9eknDFA",
            "name": "EmailAdresaRadnika",
            "type": null,
            "modifiers": [
              "public"
            ],
            "position": {}
          },
          "position": {}
        }
      }
    },
    "fields_to_fields_data_clump-./Nikola:Inženjerarhitekture-_LkEFmupbEe2WPKO9eknDFA-_LkEFi-pbEe2WPKO9eknDFA-ImeInženjeraPrezimeInženjeraTelefonInženjeraEmailAdresaInženjera": {
      "type": "data_clump",
      "key": "fields_to_fields_data_clump-./Nikola:Inženjerarhitekture-_LkEFmupbEe2WPKO9eknDFA-_LkEFi-pbEe2WPKO9eknDFA-ImeInženjeraPrezimeInženjeraTelefonInženjeraEmailAdresaInženjera",
      "probability": 1,
      "from_file_path": "./Nikola:Inženjerarhitekture",
      "from_class_or_interface_name": "Nikola:Inženjerarhitekture",
      "from_class_or_interface_key": "_LkEFmupbEe2WPKO9eknDFA",
      "from_method_name": null,
      "from_method_key": null,
      "to_file_path": "./Darko:Građevinskiinženjer",
      "to_class_or_interface_key": "_LkEFi-pbEe2WPKO9eknDFA",
      "to_class_or_interface_name": "Nikola:Inženjerarhitekture",
      "to_method_key": null,
      "to_method_name": null,
      "data_clump_type": "fields_to_fields_data_clump",
      "data_clump_data": {
        "_LkEFnepbEe2WPKO9eknDFA": {
          "key": "_LkEFnepbEe2WPKO9eknDFA",
          "name": "ImeInženjera",
          "type": null,
          "probability": 1,
          "modifiers": [
            "public"
          ],
          "to_variable": {
            "key": "_LkEFjupbEe2WPKO9eknDFA",
            "name": "ImeInženjera",
            "type": null,
            "modifiers": [
              "public"
            ],
            "position": {}
          },
          "position": {}
        },
        "_LkEFnupbEe2WPKO9eknDFA": {
          "key": "_LkEFnupbEe2WPKO9eknDFA",
          "name": "PrezimeInženjera",
          "type": null,
          "probability": 1,
          "modifiers": [
            "public"
          ],
          "to_variable": {
            "key": "_LkEFj-pbEe2WPKO9eknDFA",
            "name": "PrezimeInženjera",
            "type": null,
            "modifiers": [
              "public"
            ],
            "position": {}
          },
          "position": {}
        },
        "_LkEFn-pbEe2WPKO9eknDFA": {
          "key": "_LkEFn-pbEe2WPKO9eknDFA",
          "name": "TelefonInženjera",
          "type": null,
          "probability": 1,
          "modifiers": [
            "public"
          ],
          "to_variable": {
            "key": "_LkEFkOpbEe2WPKO9eknDFA",
            "name": "TelefonInženjera",
            "type": null,
            "modifiers": [
              "public"
            ],
            "position": {}
          },
          "position": {}
        },
        "_LkEFoOpbEe2WPKO9eknDFA": {
          "key": "_LkEFoOpbEe2WPKO9eknDFA",
          "name": "EmailAdresaInženjera",
          "type": null,
          "probability": 1,
          "modifiers": [
            "public"
          ],
          "to_variable": {
            "key": "_LkEFkepbEe2WPKO9eknDFA",
            "name": "EmailAdresaInženjera",
            "type": null,
            "modifiers": [
              "public"
            ],
            "position": {}
          },
          "position": {}
        }
      }
    },
    "fields_to_fields_data_clump-./Projekat1:Projekat-_LkDfH-pbEe2WPKO9eknDFA-_LkEFqOpbEe2WPKO9eknDFA-TipRadnikaImeRadnikaPrezimeRadnikaTelefonRadnikaEmailAdresaRadnika": {
      "type": "data_clump",
      "key": "fields_to_fields_data_clump-./Projekat1:Projekat-_LkDfH-pbEe2WPKO9eknDFA-_LkEFqOpbEe2WPKO9eknDFA-TipRadnikaImeRadnikaPrezimeRadnikaTelefonRadnikaEmailAdresaRadnika",
      "probability": 1,
      "from_file_path": "./Projekat1:Projekat",
      "from_class_or_interface_name": "Projekat1:Projekat",
      "from_class_or_interface_key": "_LkDfH-pbEe2WPKO9eknDFA",
      "from_method_name": null,
      "from_method_key": null,
      "to_file_path": "./Ivan:Radnik",
      "to_class_or_interface_key": "_LkEFqOpbEe2WPKO9eknDFA",
      "to_class_or_interface_name": "Projekat1:Projekat",
      "to_method_key": null,
      "to_method_name": null,
      "data_clump_type": "fields_to_fields_data_clump",
      "data_clump_data": {
        "_LkDfI-pbEe2WPKO9eknDFA": {
          "key": "_LkDfI-pbEe2WPKO9eknDFA",
          "name": "TipRadnika",
          "type": null,
          "probability": 1,
          "modifiers": [
            "public"
          ],
          "to_variable": {
            "key": "_LkEFrOpbEe2WPKO9eknDFA",
            "name": "TipRadnika",
            "type": null,
            "modifiers": [
              "public"
            ],
            "position": {}
          },
          "position": {}
        },
        "_LkDfJOpbEe2WPKO9eknDFA": {
          "key": "_LkDfJOpbEe2WPKO9eknDFA",
          "name": "ImeRadnika",
          "type": null,
          "probability": 1,
          "modifiers": [
            "public"
          ],
          "to_variable": {
            "key": "_LkEFrepbEe2WPKO9eknDFA",
            "name": "ImeRadnika",
            "type": null,
            "modifiers": [
              "public"
            ],
            "position": {}
          },
          "position": {}
        },
        "_LkDfJepbEe2WPKO9eknDFA": {
          "key": "_LkDfJepbEe2WPKO9eknDFA",
          "name": "PrezimeRadnika",
          "type": null,
          "probability": 1,
          "modifiers": [
            "public"
          ],
          "to_variable": {
            "key": "_LkEFrupbEe2WPKO9eknDFA",
            "name": "PrezimeRadnika",
            "type": null,
            "modifiers": [
              "public"
            ],
            "position": {}
          },
          "position": {}
        },
        "_LkDfJupbEe2WPKO9eknDFA": {
          "key": "_LkDfJupbEe2WPKO9eknDFA",
          "name": "TelefonRadnika",
          "type": null,
          "probability": 1,
          "modifiers": [
            "public"
          ],
          "to_variable": {
            "key": "_LkEFr-pbEe2WPKO9eknDFA",
            "name": "TelefonRadnika",
            "type": null,
            "modifiers": [
              "public"
            ],
            "position": {}
          },
          "position": {}
        },
        "_LkDfJ-pbEe2WPKO9eknDFA": {
          "key": "_LkDfJ-pbEe2WPKO9eknDFA",
          "name": "EmailAdresaRadnika",
          "type": null,
          "probability": 1,
          "modifiers": [
            "public"
          ],
          "to_variable": {
            "key": "_LkEFsOpbEe2WPKO9eknDFA",
            "name": "EmailAdresaRadnika",
            "type": null,
            "modifiers": [
              "public"
            ],
            "position": {}
          },
          "position": {}
        }
      }
    },
    "fields_to_fields_data_clump-./Živojin:Poslovođa-_LkEFtepbEe2WPKO9eknDFA-_LkDfKepbEe2WPKO9eknDFA-PoslovođaIDImePoslovođePrezimePoslovodjeEmailPoslovođeTelefonPoslovođe": {
      "type": "data_clump",
      "key": "fields_to_fields_data_clump-./Živojin:Poslovođa-_LkEFtepbEe2WPKO9eknDFA-_LkDfKepbEe2WPKO9eknDFA-PoslovođaIDImePoslovođePrezimePoslovodjeEmailPoslovođeTelefonPoslovođe",
      "probability": 1,
      "from_file_path": "./Živojin:Poslovođa",
      "from_class_or_interface_name": "Živojin:Poslovođa",
      "from_class_or_interface_key": "_LkEFtepbEe2WPKO9eknDFA",
      "from_method_name": null,
      "from_method_key": null,
      "to_file_path": "./Danilo:Poslovođa",
      "to_class_or_interface_key": "_LkDfKepbEe2WPKO9eknDFA",
      "to_class_or_interface_name": "Živojin:Poslovođa",
      "to_method_key": null,
      "to_method_name": null,
      "data_clump_type": "fields_to_fields_data_clump",
      "data_clump_data": {
        "_LkEFtupbEe2WPKO9eknDFA": {
          "key": "_LkEFtupbEe2WPKO9eknDFA",
          "name": "PoslovođaID",
          "type": null,
          "probability": 1,
          "modifiers": [
            "private"
          ],
          "to_variable": {
            "key": "_LkDfKupbEe2WPKO9eknDFA",
            "name": "PoslovođaID",
            "type": null,
            "modifiers": [
              "private"
            ],
            "position": {}
          },
          "position": {}
        },
        "_LkEFt-pbEe2WPKO9eknDFA": {
          "key": "_LkEFt-pbEe2WPKO9eknDFA",
          "name": "ImePoslovođe",
          "type": null,
          "probability": 1,
          "modifiers": [
            "public"
          ],
          "to_variable": {
            "key": "_LkDfK-pbEe2WPKO9eknDFA",
            "name": "ImePoslovođe",
            "type": null,
            "modifiers": [
              "public"
            ],
            "position": {}
          },
          "position": {}
        },
        "_LkEFuOpbEe2WPKO9eknDFA": {
          "key": "_LkEFuOpbEe2WPKO9eknDFA",
          "name": "PrezimePoslovodje",
          "type": null,
          "probability": 1,
          "modifiers": [
            "public"
          ],
          "to_variable": {
            "key": "_LkDfLOpbEe2WPKO9eknDFA",
            "name": "PrezimePoslovodje",
            "type": null,
            "modifiers": [
              "public"
            ],
            "position": {}
          },
          "position": {}
        },
        "_LkEFuepbEe2WPKO9eknDFA": {
          "key": "_LkEFuepbEe2WPKO9eknDFA",
          "name": "EmailPoslovođe",
          "type": null,
          "probability": 1,
          "modifiers": [
            "public"
          ],
          "to_variable": {
            "key": "_LkDfLepbEe2WPKO9eknDFA",
            "name": "EmailPoslovođe",
            "type": null,
            "modifiers": [
              "public"
            ],
            "position": {}
          },
          "position": {}
        },
        "_LkEFuupbEe2WPKO9eknDFA": {
          "key": "_LkEFuupbEe2WPKO9eknDFA",
          "name": "TelefonPoslovođe",
          "type": null,
          "probability": 1,
          "modifiers": [
            "public"
          ],
          "to_variable": {
            "key": "_LkDfLupbEe2WPKO9eknDFA",
            "name": "TelefonPoslovođe",
            "type": null,
            "modifiers": [
              "public"
            ],
            "position": {}
          },
          "position": {}
        }
      }
    }
  }
}