{
  "report_version": "unknown",
  "report_timestamp": "2025-03-26T21:57:53.179Z",
  "target_language": "java",
  "report_summary": {
    "additional": null,
    "amount_classes_or_interfaces_with_data_clumps": 3,
    "amount_files_with_data_clumps": 3,
    "amount_methods_with_data_clumps": 0,
    "fields_to_fields_data_clump": 4,
    "parameters_to_fields_data_clump": 0,
    "parameters_to_parameters_data_clump": 0,
    "amount_data_clumps": 4
  },
  "project_info": {
    "project_url": "unknown_project_url",
    "project_name": "f8b638d1-80ea-4b2e-b001-79a22a9d8809",
    "project_version": "unknown_project_version",
    "project_commit_hash": "unknown",
    "project_tag": null,
    "project_commit_date": null,
    "additional": {},
    "number_of_files": 7,
    "number_of_classes_or_interfaces": 7,
    "number_of_methods": 0,
    "number_of_data_fields": 30,
    "number_of_method_parameters": 0
  },
  "detector": {
    "name": "data-clumps-doctor",
    "url": "https://github.com/NilsBaumgartner1994/data-clumps-doctor",
    "version": "0.1.100",
    "options": {
      "typeVariablesConsidered": false,
      "similarityModifierOfVariablesWithUnknownType": 0,
      "fieldsOfClassesWithUnknownHierarchyProbabilityModifier": 0,
      "sharedFieldsToFieldsAmountMinimum": 3,
      "analyseFieldsInClassesOrInterfacesInheritedFromSuperClassesOrInterfaces": false,
      "sharedParametersToParametersAmountMinimum": 3,
      "sharedParametersToFieldsAmountMinimum": 3,
      "methodsOfClassesOrInterfacesWithUnknownHierarchyProbabilityModifier": 0
    }
  },
  "data_clumps": {
    "fields_to_fields_data_clump-./club-_LIGKUHCREDSUwJmyi8PGew-_sUTQgHCREDSUwJmyi8PGew-idnamepicture": {
      "type": "data_clump",
      "key": "fields_to_fields_data_clump-./club-_LIGKUHCREDSUwJmyi8PGew-_sUTQgHCREDSUwJmyi8PGew-idnamepicture",
      "probability": 1,
      "from_file_path": "./club",
      "from_class_or_interface_name": "club",
      "from_class_or_interface_key": "_LIGKUHCREDSUwJmyi8PGew",
      "from_method_name": null,
      "from_method_key": null,
      "to_file_path": "./event",
      "to_class_or_interface_key": "_sUTQgHCREDSUwJmyi8PGew",
      "to_class_or_interface_name": "club",
      "to_method_key": null,
      "to_method_name": null,
      "data_clump_type": "fields_to_fields_data_clump",
      "data_clump_data": {
        "_MnKwYHCREDSUwJmyi8PGew": {
          "key": "_MnKwYHCREDSUwJmyi8PGew",
          "name": "id",
          "type": null,
          "probability": 1,
          "modifiers": [],
          "to_variable": {
            "key": "_t40XQHCREDSUwJmyi8PGew",
            "name": "id",
            "type": null,
            "modifiers": [],
            "position": {}
          },
          "position": {}
        },
        "_VapYMHCREDSUwJmyi8PGew": {
          "key": "_VapYMHCREDSUwJmyi8PGew",
          "name": "name",
          "type": null,
          "probability": 1,
          "modifiers": [],
          "to_variable": {
            "key": "_wxiQ0HCREDSUwJmyi8PGew",
            "name": "name",
            "type": null,
            "modifiers": [],
            "position": {}
          },
          "position": {}
        },
        "_YDx9oHCREDSUwJmyi8PGew": {
          "key": "_YDx9oHCREDSUwJmyi8PGew",
          "name": "picture",
          "type": null,
          "probability": 1,
          "modifiers": [],
          "to_variable": {
            "key": "_4zIIsHCREDSUwJmyi8PGew",
            "name": "picture",
            "type": null,
            "modifiers": [],
            "position": {}
          },
          "position": {}
        }
      }
    },
    "fields_to_fields_data_clump-./event-_sUTQgHCREDSUwJmyi8PGew-_LIGKUHCREDSUwJmyi8PGew-idnamepicture": {
      "type": "data_clump",
      "key": "fields_to_fields_data_clump-./event-_sUTQgHCREDSUwJmyi8PGew-_LIGKUHCREDSUwJmyi8PGew-idnamepicture",
      "probability": 1,
      "from_file_path": "./event",
      "from_class_or_interface_name": "event",
      "from_class_or_interface_key": "_sUTQgHCREDSUwJmyi8PGew",
      "from_method_name": null,
      "from_method_key": null,
      "to_file_path": "./club",
      "to_class_or_interface_key": "_LIGKUHCREDSUwJmyi8PGew",
      "to_class_or_interface_name": "event",
      "to_method_key": null,
      "to_method_name": null,
      "data_clump_type": "fields_to_fields_data_clump",
      "data_clump_data": {
        "_t40XQHCREDSUwJmyi8PGew": {
          "key": "_t40XQHCREDSUwJmyi8PGew",
          "name": "id",
          "type": null,
          "probability": 1,
          "modifiers": [],
          "to_variable": {
            "key": "_MnKwYHCREDSUwJmyi8PGew",
            "name": "id",
            "type": null,
            "modifiers": [],
            "position": {}
          },
          "position": {}
        },
        "_wxiQ0HCREDSUwJmyi8PGew": {
          "key": "_wxiQ0HCREDSUwJmyi8PGew",
          "name": "name",
          "type": null,
          "probability": 1,
          "modifiers": [],
          "to_variable": {
            "key": "_VapYMHCREDSUwJmyi8PGew",
            "name": "name",
            "type": null,
            "modifiers": [],
            "position": {}
          },
          "position": {}
        },
        "_4zIIsHCREDSUwJmyi8PGew": {
          "key": "_4zIIsHCREDSUwJmyi8PGew",
          "name": "picture",
          "type": null,
          "probability": 1,
          "modifiers": [],
          "to_variable": {
            "key": "_YDx9oHCREDSUwJmyi8PGew",
            "name": "picture",
            "type": null,
            "modifiers": [],
            "position": {}
          },
          "position": {}
        }
      }
    },
    "fields_to_fields_data_clump-./event-_sUTQgHCREDSUwJmyi8PGew-_eDuRYHCSEDSUwJmyi8PGew-idclub_idname": {
      "type": "data_clump",
      "key": "fields_to_fields_data_clump-./event-_sUTQgHCREDSUwJmyi8PGew-_eDuRYHCSEDSUwJmyi8PGew-idclub_idname",
      "probability": 1,
      "from_file_path": "./event",
      "from_class_or_interface_name": "event",
      "from_class_or_interface_key": "_sUTQgHCREDSUwJmyi8PGew",
      "from_method_name": null,
      "from_method_key": null,
      "to_file_path": "./tweet",
      "to_class_or_interface_key": "_eDuRYHCSEDSUwJmyi8PGew",
      "to_class_or_interface_name": "event",
      "to_method_key": null,
      "to_method_name": null,
      "data_clump_type": "fields_to_fields_data_clump",
      "data_clump_data": {
        "_t40XQHCREDSUwJmyi8PGew": {
          "key": "_t40XQHCREDSUwJmyi8PGew",
          "name": "id",
          "type": null,
          "probability": 1,
          "modifiers": [],
          "to_variable": {
            "key": "_gkLb8HCSEDSUwJmyi8PGew",
            "name": "id",
            "type": null,
            "modifiers": [],
            "position": {}
          },
          "position": {}
        },
        "_us770HCREDSUwJmyi8PGew": {
          "key": "_us770HCREDSUwJmyi8PGew",
          "name": "club_id",
          "type": null,
          "probability": 1,
          "modifiers": [],
          "to_variable": {
            "key": "_hY5dcHCSEDSUwJmyi8PGew",
            "name": "club_id",
            "type": null,
            "modifiers": [],
            "position": {}
          },
          "position": {}
        },
        "_wxiQ0HCREDSUwJmyi8PGew": {
          "key": "_wxiQ0HCREDSUwJmyi8PGew",
          "name": "name",
          "type": null,
          "probability": 1,
          "modifiers": [],
          "to_variable": {
            "key": "_jNu4IHCSEDSUwJmyi8PGew",
            "name": "name",
            "type": null,
            "modifiers": [],
            "position": {}
          },
          "position": {}
        }
      }
    },
    "fields_to_fields_data_clump-./tweet-_eDuRYHCSEDSUwJmyi8PGew-_sUTQgHCREDSUwJmyi8PGew-idclub_idname": {
      "type": "data_clump",
      "key": "fields_to_fields_data_clump-./tweet-_eDuRYHCSEDSUwJmyi8PGew-_sUTQgHCREDSUwJmyi8PGew-idclub_idname",
      "probability": 1,
      "from_file_path": "./tweet",
      "from_class_or_interface_name": "tweet",
      "from_class_or_interface_key": "_eDuRYHCSEDSUwJmyi8PGew",
      "from_method_name": null,
      "from_method_key": null,
      "to_file_path": "./event",
      "to_class_or_interface_key": "_sUTQgHCREDSUwJmyi8PGew",
      "to_class_or_interface_name": "tweet",
      "to_method_key": null,
      "to_method_name": null,
      "data_clump_type": "fields_to_fields_data_clump",
      "data_clump_data": {
        "_gkLb8HCSEDSUwJmyi8PGew": {
          "key": "_gkLb8HCSEDSUwJmyi8PGew",
          "name": "id",
          "type": null,
          "probability": 1,
          "modifiers": [],
          "to_variable": {
            "key": "_t40XQHCREDSUwJmyi8PGew",
            "name": "id",
            "type": null,
            "modifiers": [],
            "position": {}
          },
          "position": {}
        },
        "_hY5dcHCSEDSUwJmyi8PGew": {
          "key": "_hY5dcHCSEDSUwJmyi8PGew",
          "name": "club_id",
          "type": null,
          "probability": 1,
          "modifiers": [],
          "to_variable": {
            "key": "_us770HCREDSUwJmyi8PGew",
            "name": "club_id",
            "type": null,
            "modifiers": [],
            "position": {}
          },
          "position": {}
        },
        "_jNu4IHCSEDSUwJmyi8PGew": {
          "key": "_jNu4IHCSEDSUwJmyi8PGew",
          "name": "name",
          "type": null,
          "probability": 1,
          "modifiers": [],
          "to_variable": {
            "key": "_wxiQ0HCREDSUwJmyi8PGew",
            "name": "name",
            "type": null,
            "modifiers": [],
            "position": {}
          },
          "position": {}
        }
      }
    }
  }
}