{
  "report_version": "unknown",
  "report_timestamp": "2025-03-26T22:28:25.544Z",
  "target_language": "java",
  "report_summary": {
    "additional": null,
    "amount_classes_or_interfaces_with_data_clumps": 1,
    "amount_files_with_data_clumps": 1,
    "amount_methods_with_data_clumps": 1,
    "fields_to_fields_data_clump": 0,
    "parameters_to_fields_data_clump": 1,
    "parameters_to_parameters_data_clump": 0,
    "amount_data_clumps": 1
  },
  "project_info": {
    "project_url": "unknown_project_url",
    "project_name": "_69p_cPS1EeOxcf3LRXD4wA",
    "project_version": "unknown_project_version",
    "project_commit_hash": "unknown",
    "project_tag": null,
    "project_commit_date": null,
    "additional": {},
    "number_of_files": 5,
    "number_of_classes_or_interfaces": 5,
    "number_of_methods": 5,
    "number_of_data_fields": 6,
    "number_of_method_parameters": 5
  },
  "detector": {
    "name": "data-clumps-doctor",
    "url": "https://github.com/NilsBaumgartner1994/data-clumps-doctor",
    "version": "0.1.100",
    "options": {
      "typeVariablesConsidered": false,
      "similarityModifierOfVariablesWithUnknownType": 0,
      "fieldsOfClassesWithUnknownHierarchyProbabilityModifier": 0,
      "sharedFieldsToFieldsAmountMinimum": 3,
      "analyseFieldsInClassesOrInterfacesInheritedFromSuperClassesOrInterfaces": false,
      "sharedParametersToParametersAmountMinimum": 3,
      "sharedParametersToFieldsAmountMinimum": 3,
      "methodsOfClassesOrInterfacesWithUnknownHierarchyProbabilityModifier": 0
    }
  },
  "data_clumps": {
    "parameters_to_fields_data_clump-./EvaluationProcess-_CBilsdblEDG8mZMbQqPCyA-_30cVANbjEDG8mZMbQqPCyA-accuracyprecisionfMesureauc": {
      "type": "data_clump",
      "key": "parameters_to_fields_data_clump-./EvaluationProcess-_CBilsdblEDG8mZMbQqPCyA-_30cVANbjEDG8mZMbQqPCyA-accuracyprecisionfMesureauc",
      "probability": 1,
      "from_file_path": "./EvaluationProcess",
      "from_class_or_interface_name": "EvaluationProcess",
      "from_class_or_interface_key": "_30cVANbjEDG8mZMbQqPCyA",
      "from_method_name": "addArrays",
      "from_method_key": "_CBilsdblEDG8mZMbQqPCyA",
      "to_file_path": "./EvaluationProcess",
      "to_class_or_interface_name": "EvaluationProcess",
      "to_class_or_interface_key": "_30cVANbjEDG8mZMbQqPCyA",
      "to_method_name": null,
      "to_method_key": null,
      "data_clump_type": "parameters_to_fields_data_clump",
      "data_clump_data": {
        "_EYsDQNblEDG8mZMbQqPCyA": {
          "key": "_EYsDQNblEDG8mZMbQqPCyA",
          "name": "accuracy",
          "type": null,
          "probability": 1,
          "modifiers": [],
          "to_variable": {
            "key": "_-L-e0NbjEDG8mZMbQqPCyA",
            "name": "accuracy",
            "type": null,
            "modifiers": [],
            "position": {}
          },
          "position": {}
        },
        "_E9W2kNblEDG8mZMbQqPCyA": {
          "key": "_E9W2kNblEDG8mZMbQqPCyA",
          "name": "precision",
          "type": null,
          "probability": 1,
          "modifiers": [],
          "to_variable": {
            "key": "_kFOi8NbkEDG8mZMbQqPCyA",
            "name": "precision",
            "type": null,
            "modifiers": [],
            "position": {}
          },
          "position": {}
        },
        "_Ff0qcNblEDG8mZMbQqPCyA": {
          "key": "_Ff0qcNblEDG8mZMbQqPCyA",
          "name": "fMesure",
          "type": null,
          "probability": 1,
          "modifiers": [],
          "to_variable": {
            "key": "_uDe70NbkEDG8mZMbQqPCyA",
            "name": "fMesure",
            "type": null,
            "modifiers": [],
            "position": {}
          },
          "position": {}
        },
        "_F0bBcNblEDG8mZMbQqPCyA": {
          "key": "_F0bBcNblEDG8mZMbQqPCyA",
          "name": "auc",
          "type": null,
          "probability": 1,
          "modifiers": [],
          "to_variable": {
            "key": "_5pri4NbkEDG8mZMbQqPCyA",
            "name": "auc",
            "type": null,
            "modifiers": [],
            "position": {}
          },
          "position": {}
        }
      }
    }
  }
}