{
  "report_version": "unknown",
  "report_timestamp": "2025-03-26T22:43:20.603Z",
  "target_language": "java",
  "report_summary": {
    "additional": null,
    "amount_classes_or_interfaces_with_data_clumps": 2,
    "amount_files_with_data_clumps": 2,
    "amount_methods_with_data_clumps": 0,
    "fields_to_fields_data_clump": 2,
    "parameters_to_fields_data_clump": 0,
    "parameters_to_parameters_data_clump": 0,
    "amount_data_clumps": 2
  },
  "project_info": {
    "project_url": "unknown_project_url",
    "project_name": "_zzENQBXAEeSTV6l4790RsQ",
    "project_version": "unknown_project_version",
    "project_commit_hash": "unknown",
    "project_tag": null,
    "project_commit_date": null,
    "additional": {},
    "number_of_files": 6,
    "number_of_classes_or_interfaces": 6,
    "number_of_methods": 10,
    "number_of_data_fields": 28,
    "number_of_method_parameters": 0
  },
  "detector": {
    "name": "data-clumps-doctor",
    "url": "https://github.com/NilsBaumgartner1994/data-clumps-doctor",
    "version": "0.1.100",
    "options": {
      "typeVariablesConsidered": false,
      "similarityModifierOfVariablesWithUnknownType": 0,
      "fieldsOfClassesWithUnknownHierarchyProbabilityModifier": 0,
      "sharedFieldsToFieldsAmountMinimum": 3,
      "analyseFieldsInClassesOrInterfacesInheritedFromSuperClassesOrInterfaces": false,
      "sharedParametersToParametersAmountMinimum": 3,
      "sharedParametersToFieldsAmountMinimum": 3,
      "methodsOfClassesOrInterfacesWithUnknownHierarchyProbabilityModifier": 0
    }
  },
  "data_clumps": {
    "fields_to_fields_data_clump-./Friendship-_5Ky6YfkFEDGkye8gDInDTQ-_dM17IPmcEDGquJiJ2YURfw-iduser_idstatus": {
      "type": "data_clump",
      "key": "fields_to_fields_data_clump-./Friendship-_5Ky6YfkFEDGkye8gDInDTQ-_dM17IPmcEDGquJiJ2YURfw-iduser_idstatus",
      "probability": 1,
      "from_file_path": "./Friendship",
      "from_class_or_interface_name": "Friendship",
      "from_class_or_interface_key": "_5Ky6YfkFEDGkye8gDInDTQ",
      "from_method_name": null,
      "from_method_key": null,
      "to_file_path": "./Loan",
      "to_class_or_interface_key": "_dM17IPmcEDGquJiJ2YURfw",
      "to_class_or_interface_name": "Friendship",
      "to_method_key": null,
      "to_method_name": null,
      "data_clump_type": "fields_to_fields_data_clump",
      "data_clump_data": {
        "_8u7vgPkFEDGkye8gDInDTQ": {
          "key": "_8u7vgPkFEDGkye8gDInDTQ",
          "name": "id",
          "type": null,
          "probability": 1,
          "modifiers": [],
          "to_variable": {
            "key": "_RPmkYPsNEDGuq9lRNo7u2g",
            "name": "id",
            "type": null,
            "modifiers": [],
            "position": {}
          },
          "position": {}
        },
        "_5_9n0PkFEDGkye8gDInDTQ": {
          "key": "_5_9n0PkFEDGkye8gDInDTQ",
          "name": "user_id",
          "type": null,
          "probability": 1,
          "modifiers": [],
          "to_variable": {
            "key": "_d7JLkPmcEDGquJiJ2YURfw",
            "name": "user_id",
            "type": null,
            "modifiers": [],
            "position": {}
          },
          "position": {}
        },
        "_iNjGEPkGEDGkye8gDInDTQ": {
          "key": "_iNjGEPkGEDGkye8gDInDTQ",
          "name": "status",
          "type": null,
          "probability": 1,
          "modifiers": [],
          "to_variable": {
            "key": "_i9bZsPmcEDGquJiJ2YURfw",
            "name": "status",
            "type": null,
            "modifiers": [],
            "position": {}
          },
          "position": {}
        }
      }
    },
    "fields_to_fields_data_clump-./Loan-_dM17IPmcEDGquJiJ2YURfw-_5Ky6YfkFEDGkye8gDInDTQ-iduser_idstatus": {
      "type": "data_clump",
      "key": "fields_to_fields_data_clump-./Loan-_dM17IPmcEDGquJiJ2YURfw-_5Ky6YfkFEDGkye8gDInDTQ-iduser_idstatus",
      "probability": 1,
      "from_file_path": "./Loan",
      "from_class_or_interface_name": "Loan",
      "from_class_or_interface_key": "_dM17IPmcEDGquJiJ2YURfw",
      "from_method_name": null,
      "from_method_key": null,
      "to_file_path": "./Friendship",
      "to_class_or_interface_key": "_5Ky6YfkFEDGkye8gDInDTQ",
      "to_class_or_interface_name": "Loan",
      "to_method_key": null,
      "to_method_name": null,
      "data_clump_type": "fields_to_fields_data_clump",
      "data_clump_data": {
        "_RPmkYPsNEDGuq9lRNo7u2g": {
          "key": "_RPmkYPsNEDGuq9lRNo7u2g",
          "name": "id",
          "type": null,
          "probability": 1,
          "modifiers": [],
          "to_variable": {
            "key": "_8u7vgPkFEDGkye8gDInDTQ",
            "name": "id",
            "type": null,
            "modifiers": [],
            "position": {}
          },
          "position": {}
        },
        "_d7JLkPmcEDGquJiJ2YURfw": {
          "key": "_d7JLkPmcEDGquJiJ2YURfw",
          "name": "user_id",
          "type": null,
          "probability": 1,
          "modifiers": [],
          "to_variable": {
            "key": "_5_9n0PkFEDGkye8gDInDTQ",
            "name": "user_id",
            "type": null,
            "modifiers": [],
            "position": {}
          },
          "position": {}
        },
        "_i9bZsPmcEDGquJiJ2YURfw": {
          "key": "_i9bZsPmcEDGquJiJ2YURfw",
          "name": "status",
          "type": null,
          "probability": 1,
          "modifiers": [],
          "to_variable": {
            "key": "_iNjGEPkGEDGkye8gDInDTQ",
            "name": "status",
            "type": null,
            "modifiers": [],
            "position": {}
          },
          "position": {}
        }
      }
    }
  }
}