{
  "report_version": "unknown",
  "report_timestamp": "2025-03-26T21:56:17.012Z",
  "target_language": "java",
  "report_summary": {
    "additional": null,
    "amount_classes_or_interfaces_with_data_clumps": 2,
    "amount_files_with_data_clumps": 2,
    "amount_methods_with_data_clumps": 0,
    "fields_to_fields_data_clump": 2,
    "parameters_to_fields_data_clump": 0,
    "parameters_to_parameters_data_clump": 0,
    "amount_data_clumps": 2
  },
  "project_info": {
    "project_url": "unknown_project_url",
    "project_name": "_psQcwMquEeeM1PgT03-3Vg",
    "project_version": "unknown_project_version",
    "project_commit_hash": "unknown",
    "project_tag": null,
    "project_commit_date": null,
    "additional": {},
    "number_of_files": 38,
    "number_of_classes_or_interfaces": 38,
    "number_of_methods": 207,
    "number_of_data_fields": 59,
    "number_of_method_parameters": 158
  },
  "detector": {
    "name": "data-clumps-doctor",
    "url": "https://github.com/NilsBaumgartner1994/data-clumps-doctor",
    "version": "0.1.100",
    "options": {
      "typeVariablesConsidered": false,
      "similarityModifierOfVariablesWithUnknownType": 0,
      "fieldsOfClassesWithUnknownHierarchyProbabilityModifier": 0,
      "sharedFieldsToFieldsAmountMinimum": 3,
      "analyseFieldsInClassesOrInterfacesInheritedFromSuperClassesOrInterfaces": false,
      "sharedParametersToParametersAmountMinimum": 3,
      "sharedParametersToFieldsAmountMinimum": 3,
      "methodsOfClassesOrInterfacesWithUnknownHierarchyProbabilityModifier": 0
    }
  },
  "data_clumps": {
    "fields_to_fields_data_clump-./Plane-_p_KyGcquEeepAvyskpPc3g-_p_LY-8quEeepAvyskpPc3g-serialVersionUIDPlaneIDCost": {
      "type": "data_clump",
      "key": "fields_to_fields_data_clump-./Plane-_p_KyGcquEeepAvyskpPc3g-_p_LY-8quEeepAvyskpPc3g-serialVersionUIDPlaneIDCost",
      "probability": 1,
      "from_file_path": "./Plane",
      "from_class_or_interface_name": "Plane",
      "from_class_or_interface_key": "_p_KyGcquEeepAvyskpPc3g",
      "from_method_name": null,
      "from_method_key": null,
      "to_file_path": "./Ticket",
      "to_class_or_interface_key": "_p_LY-8quEeepAvyskpPc3g",
      "to_class_or_interface_name": "Plane",
      "to_method_key": null,
      "to_method_name": null,
      "data_clump_type": "fields_to_fields_data_clump",
      "data_clump_data": {
        "_p_KyGsquEeepAvyskpPc3g": {
          "key": "_p_KyGsquEeepAvyskpPc3g",
          "name": "serialVersionUID",
          "type": null,
          "probability": 1,
          "modifiers": [
            "private"
          ],
          "to_variable": {
            "key": "_p_LY_MquEeepAvyskpPc3g",
            "name": "serialVersionUID",
            "type": null,
            "modifiers": [
              "private"
            ],
            "position": {}
          },
          "position": {}
        },
        "_p_KyHcquEeepAvyskpPc3g": {
          "key": "_p_KyHcquEeepAvyskpPc3g",
          "name": "PlaneID",
          "type": null,
          "probability": 1,
          "modifiers": [
            "private"
          ],
          "to_variable": {
            "key": "_p_LZAsquEeepAvyskpPc3g",
            "name": "PlaneID",
            "type": null,
            "modifiers": [
              "private"
            ],
            "position": {}
          },
          "position": {}
        },
        "_p_KyKcquEeepAvyskpPc3g": {
          "key": "_p_KyKcquEeepAvyskpPc3g",
          "name": "Cost",
          "type": null,
          "probability": 1,
          "modifiers": [
            "private"
          ],
          "to_variable": {
            "key": "_p_LZFMquEeepAvyskpPc3g",
            "name": "Cost",
            "type": null,
            "modifiers": [
              "private"
            ],
            "position": {}
          },
          "position": {}
        }
      }
    },
    "fields_to_fields_data_clump-./Ticket-_p_LY-8quEeepAvyskpPc3g-_p_KyGcquEeepAvyskpPc3g-serialVersionUIDPlaneIDCost": {
      "type": "data_clump",
      "key": "fields_to_fields_data_clump-./Ticket-_p_LY-8quEeepAvyskpPc3g-_p_KyGcquEeepAvyskpPc3g-serialVersionUIDPlaneIDCost",
      "probability": 1,
      "from_file_path": "./Ticket",
      "from_class_or_interface_name": "Ticket",
      "from_class_or_interface_key": "_p_LY-8quEeepAvyskpPc3g",
      "from_method_name": null,
      "from_method_key": null,
      "to_file_path": "./Plane",
      "to_class_or_interface_key": "_p_KyGcquEeepAvyskpPc3g",
      "to_class_or_interface_name": "Ticket",
      "to_method_key": null,
      "to_method_name": null,
      "data_clump_type": "fields_to_fields_data_clump",
      "data_clump_data": {
        "_p_LY_MquEeepAvyskpPc3g": {
          "key": "_p_LY_MquEeepAvyskpPc3g",
          "name": "serialVersionUID",
          "type": null,
          "probability": 1,
          "modifiers": [
            "private"
          ],
          "to_variable": {
            "key": "_p_KyGsquEeepAvyskpPc3g",
            "name": "serialVersionUID",
            "type": null,
            "modifiers": [
              "private"
            ],
            "position": {}
          },
          "position": {}
        },
        "_p_LZAsquEeepAvyskpPc3g": {
          "key": "_p_LZAsquEeepAvyskpPc3g",
          "name": "PlaneID",
          "type": null,
          "probability": 1,
          "modifiers": [
            "private"
          ],
          "to_variable": {
            "key": "_p_KyHcquEeepAvyskpPc3g",
            "name": "PlaneID",
            "type": null,
            "modifiers": [
              "private"
            ],
            "position": {}
          },
          "position": {}
        },
        "_p_LZFMquEeepAvyskpPc3g": {
          "key": "_p_LZFMquEeepAvyskpPc3g",
          "name": "Cost",
          "type": null,
          "probability": 1,
          "modifiers": [
            "private"
          ],
          "to_variable": {
            "key": "_p_KyKcquEeepAvyskpPc3g",
            "name": "Cost",
            "type": null,
            "modifiers": [
              "private"
            ],
            "position": {}
          },
          "position": {}
        }
      }
    }
  }
}