{
  "report_version": "unknown",
  "report_timestamp": "2025-03-26T21:59:58.173Z",
  "target_language": "java",
  "report_summary": {
    "additional": null,
    "amount_classes_or_interfaces_with_data_clumps": 7,
    "amount_files_with_data_clumps": 7,
    "amount_methods_with_data_clumps": 0,
    "fields_to_fields_data_clump": 42,
    "parameters_to_fields_data_clump": 0,
    "parameters_to_parameters_data_clump": 0,
    "amount_data_clumps": 42
  },
  "project_info": {
    "project_url": "unknown_project_url",
    "project_name": "_qIlpAPcvEead4oPeTNh7TQ",
    "project_version": "unknown_project_version",
    "project_commit_hash": "unknown",
    "project_tag": null,
    "project_commit_date": null,
    "additional": {},
    "number_of_files": 7,
    "number_of_classes_or_interfaces": 7,
    "number_of_methods": 0,
    "number_of_data_fields": 21,
    "number_of_method_parameters": 0
  },
  "detector": {
    "name": "data-clumps-doctor",
    "url": "https://github.com/NilsBaumgartner1994/data-clumps-doctor",
    "version": "0.1.100",
    "options": {
      "typeVariablesConsidered": false,
      "similarityModifierOfVariablesWithUnknownType": 0,
      "fieldsOfClassesWithUnknownHierarchyProbabilityModifier": 0,
      "sharedFieldsToFieldsAmountMinimum": 3,
      "analyseFieldsInClassesOrInterfacesInheritedFromSuperClassesOrInterfaces": false,
      "sharedParametersToParametersAmountMinimum": 3,
      "sharedParametersToFieldsAmountMinimum": 3,
      "methodsOfClassesOrInterfacesWithUnknownHierarchyProbabilityModifier": 0
    }
  },
  "data_clumps": {
    "fields_to_fields_data_clump-./Controller-_G7yQ0NleEDSsKdr2dNDimA-_v5ar8NleEDSsKdr2dNDimA-attributeattribute2attribute3": {
      "type": "data_clump",
      "key": "fields_to_fields_data_clump-./Controller-_G7yQ0NleEDSsKdr2dNDimA-_v5ar8NleEDSsKdr2dNDimA-attributeattribute2attribute3",
      "probability": 1,
      "from_file_path": "./Controller",
      "from_class_or_interface_name": "Controller",
      "from_class_or_interface_key": "_G7yQ0NleEDSsKdr2dNDimA",
      "from_method_name": null,
      "from_method_key": null,
      "to_file_path": "./DAO",
      "to_class_or_interface_key": "_v5ar8NleEDSsKdr2dNDimA",
      "to_class_or_interface_name": "Controller",
      "to_method_key": null,
      "to_method_name": null,
      "data_clump_type": "fields_to_fields_data_clump",
      "data_clump_data": {
        "_G7yQ0tleEDSsKdr2dNDimA": {
          "key": "_G7yQ0tleEDSsKdr2dNDimA",
          "name": "attribute",
          "type": null,
          "probability": 1,
          "modifiers": [],
          "to_variable": {
            "key": "_v5bTAdleEDSsKdr2dNDimA",
            "name": "attribute",
            "type": null,
            "modifiers": [],
            "position": {}
          },
          "position": {}
        },
        "_G7yQ09leEDSsKdr2dNDimA": {
          "key": "_G7yQ09leEDSsKdr2dNDimA",
          "name": "attribute2",
          "type": null,
          "probability": 1,
          "modifiers": [],
          "to_variable": {
            "key": "_v5bTAtleEDSsKdr2dNDimA",
            "name": "attribute2",
            "type": null,
            "modifiers": [],
            "position": {}
          },
          "position": {}
        },
        "_G7yQ1NleEDSsKdr2dNDimA": {
          "key": "_G7yQ1NleEDSsKdr2dNDimA",
          "name": "attribute3",
          "type": null,
          "probability": 1,
          "modifiers": [],
          "to_variable": {
            "key": "_v5bTA9leEDSsKdr2dNDimA",
            "name": "attribute3",
            "type": null,
            "modifiers": [],
            "position": {}
          },
          "position": {}
        }
      }
    },
    "fields_to_fields_data_clump-./Controller-_G7yQ0NleEDSsKdr2dNDimA-_HXhKkNleEDSsKdr2dNDimA-attributeattribute2attribute3": {
      "type": "data_clump",
      "key": "fields_to_fields_data_clump-./Controller-_G7yQ0NleEDSsKdr2dNDimA-_HXhKkNleEDSsKdr2dNDimA-attributeattribute2attribute3",
      "probability": 1,
      "from_file_path": "./Controller",
      "from_class_or_interface_name": "Controller",
      "from_class_or_interface_key": "_G7yQ0NleEDSsKdr2dNDimA",
      "from_method_name": null,
      "from_method_key": null,
      "to_file_path": "./Dto",
      "to_class_or_interface_key": "_HXhKkNleEDSsKdr2dNDimA",
      "to_class_or_interface_name": "Controller",
      "to_method_key": null,
      "to_method_name": null,
      "data_clump_type": "fields_to_fields_data_clump",
      "data_clump_data": {
        "_G7yQ0tleEDSsKdr2dNDimA": {
          "key": "_G7yQ0tleEDSsKdr2dNDimA",
          "name": "attribute",
          "type": null,
          "probability": 1,
          "modifiers": [],
          "to_variable": {
            "key": "_HXhKktleEDSsKdr2dNDimA",
            "name": "attribute",
            "type": null,
            "modifiers": [],
            "position": {}
          },
          "position": {}
        },
        "_G7yQ09leEDSsKdr2dNDimA": {
          "key": "_G7yQ09leEDSsKdr2dNDimA",
          "name": "attribute2",
          "type": null,
          "probability": 1,
          "modifiers": [],
          "to_variable": {
            "key": "_HXhKk9leEDSsKdr2dNDimA",
            "name": "attribute2",
            "type": null,
            "modifiers": [],
            "position": {}
          },
          "position": {}
        },
        "_G7yQ1NleEDSsKdr2dNDimA": {
          "key": "_G7yQ1NleEDSsKdr2dNDimA",
          "name": "attribute3",
          "type": null,
          "probability": 1,
          "modifiers": [],
          "to_variable": {
            "key": "_HXhKlNleEDSsKdr2dNDimA",
            "name": "attribute3",
            "type": null,
            "modifiers": [],
            "position": {}
          },
          "position": {}
        }
      }
    },
    "fields_to_fields_data_clump-./Controller-_G7yQ0NleEDSsKdr2dNDimA-_rWbeYNldEDSsKdr2dNDimA-attributeattribute2attribute3": {
      "type": "data_clump",
      "key": "fields_to_fields_data_clump-./Controller-_G7yQ0NleEDSsKdr2dNDimA-_rWbeYNldEDSsKdr2dNDimA-attributeattribute2attribute3",
      "probability": 1,
      "from_file_path": "./Controller",
      "from_class_or_interface_name": "Controller",
      "from_class_or_interface_key": "_G7yQ0NleEDSsKdr2dNDimA",
      "from_method_name": null,
      "from_method_key": null,
      "to_file_path": "./Repository",
      "to_class_or_interface_key": "_rWbeYNldEDSsKdr2dNDimA",
      "to_class_or_interface_name": "Controller",
      "to_method_key": null,
      "to_method_name": null,
      "data_clump_type": "fields_to_fields_data_clump",
      "data_clump_data": {
        "_G7yQ0tleEDSsKdr2dNDimA": {
          "key": "_G7yQ0tleEDSsKdr2dNDimA",
          "name": "attribute",
          "type": null,
          "probability": 1,
          "modifiers": [],
          "to_variable": {
            "key": "_8YgfUNldEDSsKdr2dNDimA",
            "name": "attribute",
            "type": null,
            "modifiers": [],
            "position": {}
          },
          "position": {}
        },
        "_G7yQ09leEDSsKdr2dNDimA": {
          "key": "_G7yQ09leEDSsKdr2dNDimA",
          "name": "attribute2",
          "type": null,
          "probability": 1,
          "modifiers": [],
          "to_variable": {
            "key": "_80tTINldEDSsKdr2dNDimA",
            "name": "attribute2",
            "type": null,
            "modifiers": [],
            "position": {}
          },
          "position": {}
        },
        "_G7yQ1NleEDSsKdr2dNDimA": {
          "key": "_G7yQ1NleEDSsKdr2dNDimA",
          "name": "attribute3",
          "type": null,
          "probability": 1,
          "modifiers": [],
          "to_variable": {
            "key": "_9PfxsNldEDSsKdr2dNDimA",
            "name": "attribute3",
            "type": null,
            "modifiers": [],
            "position": {}
          },
          "position": {}
        }
      }
    },
    "fields_to_fields_data_clump-./Controller-_G7yQ0NleEDSsKdr2dNDimA-__2trkNldEDSsKdr2dNDimA-attributeattribute2attribute3": {
      "type": "data_clump",
      "key": "fields_to_fields_data_clump-./Controller-_G7yQ0NleEDSsKdr2dNDimA-__2trkNldEDSsKdr2dNDimA-attributeattribute2attribute3",
      "probability": 1,
      "from_file_path": "./Controller",
      "from_class_or_interface_name": "Controller",
      "from_class_or_interface_key": "_G7yQ0NleEDSsKdr2dNDimA",
      "from_method_name": null,
      "from_method_key": null,
      "to_file_path": "./RepositoryImpl",
      "to_class_or_interface_key": "__2trkNldEDSsKdr2dNDimA",
      "to_class_or_interface_name": "Controller",
      "to_method_key": null,
      "to_method_name": null,
      "data_clump_type": "fields_to_fields_data_clump",
      "data_clump_data": {
        "_G7yQ0tleEDSsKdr2dNDimA": {
          "key": "_G7yQ0tleEDSsKdr2dNDimA",
          "name": "attribute",
          "type": null,
          "probability": 1,
          "modifiers": [],
          "to_variable": {
            "key": "__2trkdldEDSsKdr2dNDimA",
            "name": "attribute",
            "type": null,
            "modifiers": [],
            "position": {}
          },
          "position": {}
        },
        "_G7yQ09leEDSsKdr2dNDimA": {
          "key": "_G7yQ09leEDSsKdr2dNDimA",
          "name": "attribute2",
          "type": null,
          "probability": 1,
          "modifiers": [],
          "to_variable": {
            "key": "__2trktldEDSsKdr2dNDimA",
            "name": "attribute2",
            "type": null,
            "modifiers": [],
            "position": {}
          },
          "position": {}
        },
        "_G7yQ1NleEDSsKdr2dNDimA": {
          "key": "_G7yQ1NleEDSsKdr2dNDimA",
          "name": "attribute3",
          "type": null,
          "probability": 1,
          "modifiers": [],
          "to_variable": {
            "key": "__2uSoNldEDSsKdr2dNDimA",
            "name": "attribute3",
            "type": null,
            "modifiers": [],
            "position": {}
          },
          "position": {}
        }
      }
    },
    "fields_to_fields_data_clump-./Controller-_G7yQ0NleEDSsKdr2dNDimA-_PuW5sNleEDSsKdr2dNDimA-attributeattribute2attribute3": {
      "type": "data_clump",
      "key": "fields_to_fields_data_clump-./Controller-_G7yQ0NleEDSsKdr2dNDimA-_PuW5sNleEDSsKdr2dNDimA-attributeattribute2attribute3",
      "probability": 1,
      "from_file_path": "./Controller",
      "from_class_or_interface_name": "Controller",
      "from_class_or_interface_key": "_G7yQ0NleEDSsKdr2dNDimA",
      "from_method_name": null,
      "from_method_key": null,
      "to_file_path": "./Service",
      "to_class_or_interface_key": "_PuW5sNleEDSsKdr2dNDimA",
      "to_class_or_interface_name": "Controller",
      "to_method_key": null,
      "to_method_name": null,
      "data_clump_type": "fields_to_fields_data_clump",
      "data_clump_data": {
        "_G7yQ0tleEDSsKdr2dNDimA": {
          "key": "_G7yQ0tleEDSsKdr2dNDimA",
          "name": "attribute",
          "type": null,
          "probability": 1,
          "modifiers": [],
          "to_variable": {
            "key": "_PuXgwdleEDSsKdr2dNDimA",
            "name": "attribute",
            "type": null,
            "modifiers": [],
            "position": {}
          },
          "position": {}
        },
        "_G7yQ09leEDSsKdr2dNDimA": {
          "key": "_G7yQ09leEDSsKdr2dNDimA",
          "name": "attribute2",
          "type": null,
          "probability": 1,
          "modifiers": [],
          "to_variable": {
            "key": "_PuXgwtleEDSsKdr2dNDimA",
            "name": "attribute2",
            "type": null,
            "modifiers": [],
            "position": {}
          },
          "position": {}
        },
        "_G7yQ1NleEDSsKdr2dNDimA": {
          "key": "_G7yQ1NleEDSsKdr2dNDimA",
          "name": "attribute3",
          "type": null,
          "probability": 1,
          "modifiers": [],
          "to_variable": {
            "key": "_PuXgw9leEDSsKdr2dNDimA",
            "name": "attribute3",
            "type": null,
            "modifiers": [],
            "position": {}
          },
          "position": {}
        }
      }
    },
    "fields_to_fields_data_clump-./Controller-_G7yQ0NleEDSsKdr2dNDimA-_GYNCoNleEDSsKdr2dNDimA-attributeattribute2attribute3": {
      "type": "data_clump",
      "key": "fields_to_fields_data_clump-./Controller-_G7yQ0NleEDSsKdr2dNDimA-_GYNCoNleEDSsKdr2dNDimA-attributeattribute2attribute3",
      "probability": 1,
      "from_file_path": "./Controller",
      "from_class_or_interface_name": "Controller",
      "from_class_or_interface_key": "_G7yQ0NleEDSsKdr2dNDimA",
      "from_method_name": null,
      "from_method_key": null,
      "to_file_path": "./ServiceiMPL",
      "to_class_or_interface_key": "_GYNCoNleEDSsKdr2dNDimA",
      "to_class_or_interface_name": "Controller",
      "to_method_key": null,
      "to_method_name": null,
      "data_clump_type": "fields_to_fields_data_clump",
      "data_clump_data": {
        "_G7yQ0tleEDSsKdr2dNDimA": {
          "key": "_G7yQ0tleEDSsKdr2dNDimA",
          "name": "attribute",
          "type": null,
          "probability": 1,
          "modifiers": [],
          "to_variable": {
            "key": "_GYNCotleEDSsKdr2dNDimA",
            "name": "attribute",
            "type": null,
            "modifiers": [],
            "position": {}
          },
          "position": {}
        },
        "_G7yQ09leEDSsKdr2dNDimA": {
          "key": "_G7yQ09leEDSsKdr2dNDimA",
          "name": "attribute2",
          "type": null,
          "probability": 1,
          "modifiers": [],
          "to_variable": {
            "key": "_GYNpsNleEDSsKdr2dNDimA",
            "name": "attribute2",
            "type": null,
            "modifiers": [],
            "position": {}
          },
          "position": {}
        },
        "_G7yQ1NleEDSsKdr2dNDimA": {
          "key": "_G7yQ1NleEDSsKdr2dNDimA",
          "name": "attribute3",
          "type": null,
          "probability": 1,
          "modifiers": [],
          "to_variable": {
            "key": "_GYNpsdleEDSsKdr2dNDimA",
            "name": "attribute3",
            "type": null,
            "modifiers": [],
            "position": {}
          },
          "position": {}
        }
      }
    },
    "fields_to_fields_data_clump-./DAO-_v5ar8NleEDSsKdr2dNDimA-_G7yQ0NleEDSsKdr2dNDimA-attributeattribute2attribute3": {
      "type": "data_clump",
      "key": "fields_to_fields_data_clump-./DAO-_v5ar8NleEDSsKdr2dNDimA-_G7yQ0NleEDSsKdr2dNDimA-attributeattribute2attribute3",
      "probability": 1,
      "from_file_path": "./DAO",
      "from_class_or_interface_name": "DAO",
      "from_class_or_interface_key": "_v5ar8NleEDSsKdr2dNDimA",
      "from_method_name": null,
      "from_method_key": null,
      "to_file_path": "./Controller",
      "to_class_or_interface_key": "_G7yQ0NleEDSsKdr2dNDimA",
      "to_class_or_interface_name": "DAO",
      "to_method_key": null,
      "to_method_name": null,
      "data_clump_type": "fields_to_fields_data_clump",
      "data_clump_data": {
        "_v5bTAdleEDSsKdr2dNDimA": {
          "key": "_v5bTAdleEDSsKdr2dNDimA",
          "name": "attribute",
          "type": null,
          "probability": 1,
          "modifiers": [],
          "to_variable": {
            "key": "_G7yQ0tleEDSsKdr2dNDimA",
            "name": "attribute",
            "type": null,
            "modifiers": [],
            "position": {}
          },
          "position": {}
        },
        "_v5bTAtleEDSsKdr2dNDimA": {
          "key": "_v5bTAtleEDSsKdr2dNDimA",
          "name": "attribute2",
          "type": null,
          "probability": 1,
          "modifiers": [],
          "to_variable": {
            "key": "_G7yQ09leEDSsKdr2dNDimA",
            "name": "attribute2",
            "type": null,
            "modifiers": [],
            "position": {}
          },
          "position": {}
        },
        "_v5bTA9leEDSsKdr2dNDimA": {
          "key": "_v5bTA9leEDSsKdr2dNDimA",
          "name": "attribute3",
          "type": null,
          "probability": 1,
          "modifiers": [],
          "to_variable": {
            "key": "_G7yQ1NleEDSsKdr2dNDimA",
            "name": "attribute3",
            "type": null,
            "modifiers": [],
            "position": {}
          },
          "position": {}
        }
      }
    },
    "fields_to_fields_data_clump-./DAO-_v5ar8NleEDSsKdr2dNDimA-_HXhKkNleEDSsKdr2dNDimA-attributeattribute2attribute3": {
      "type": "data_clump",
      "key": "fields_to_fields_data_clump-./DAO-_v5ar8NleEDSsKdr2dNDimA-_HXhKkNleEDSsKdr2dNDimA-attributeattribute2attribute3",
      "probability": 1,
      "from_file_path": "./DAO",
      "from_class_or_interface_name": "DAO",
      "from_class_or_interface_key": "_v5ar8NleEDSsKdr2dNDimA",
      "from_method_name": null,
      "from_method_key": null,
      "to_file_path": "./Dto",
      "to_class_or_interface_key": "_HXhKkNleEDSsKdr2dNDimA",
      "to_class_or_interface_name": "DAO",
      "to_method_key": null,
      "to_method_name": null,
      "data_clump_type": "fields_to_fields_data_clump",
      "data_clump_data": {
        "_v5bTAdleEDSsKdr2dNDimA": {
          "key": "_v5bTAdleEDSsKdr2dNDimA",
          "name": "attribute",
          "type": null,
          "probability": 1,
          "modifiers": [],
          "to_variable": {
            "key": "_HXhKktleEDSsKdr2dNDimA",
            "name": "attribute",
            "type": null,
            "modifiers": [],
            "position": {}
          },
          "position": {}
        },
        "_v5bTAtleEDSsKdr2dNDimA": {
          "key": "_v5bTAtleEDSsKdr2dNDimA",
          "name": "attribute2",
          "type": null,
          "probability": 1,
          "modifiers": [],
          "to_variable": {
            "key": "_HXhKk9leEDSsKdr2dNDimA",
            "name": "attribute2",
            "type": null,
            "modifiers": [],
            "position": {}
          },
          "position": {}
        },
        "_v5bTA9leEDSsKdr2dNDimA": {
          "key": "_v5bTA9leEDSsKdr2dNDimA",
          "name": "attribute3",
          "type": null,
          "probability": 1,
          "modifiers": [],
          "to_variable": {
            "key": "_HXhKlNleEDSsKdr2dNDimA",
            "name": "attribute3",
            "type": null,
            "modifiers": [],
            "position": {}
          },
          "position": {}
        }
      }
    },
    "fields_to_fields_data_clump-./DAO-_v5ar8NleEDSsKdr2dNDimA-_rWbeYNldEDSsKdr2dNDimA-attributeattribute2attribute3": {
      "type": "data_clump",
      "key": "fields_to_fields_data_clump-./DAO-_v5ar8NleEDSsKdr2dNDimA-_rWbeYNldEDSsKdr2dNDimA-attributeattribute2attribute3",
      "probability": 1,
      "from_file_path": "./DAO",
      "from_class_or_interface_name": "DAO",
      "from_class_or_interface_key": "_v5ar8NleEDSsKdr2dNDimA",
      "from_method_name": null,
      "from_method_key": null,
      "to_file_path": "./Repository",
      "to_class_or_interface_key": "_rWbeYNldEDSsKdr2dNDimA",
      "to_class_or_interface_name": "DAO",
      "to_method_key": null,
      "to_method_name": null,
      "data_clump_type": "fields_to_fields_data_clump",
      "data_clump_data": {
        "_v5bTAdleEDSsKdr2dNDimA": {
          "key": "_v5bTAdleEDSsKdr2dNDimA",
          "name": "attribute",
          "type": null,
          "probability": 1,
          "modifiers": [],
          "to_variable": {
            "key": "_8YgfUNldEDSsKdr2dNDimA",
            "name": "attribute",
            "type": null,
            "modifiers": [],
            "position": {}
          },
          "position": {}
        },
        "_v5bTAtleEDSsKdr2dNDimA": {
          "key": "_v5bTAtleEDSsKdr2dNDimA",
          "name": "attribute2",
          "type": null,
          "probability": 1,
          "modifiers": [],
          "to_variable": {
            "key": "_80tTINldEDSsKdr2dNDimA",
            "name": "attribute2",
            "type": null,
            "modifiers": [],
            "position": {}
          },
          "position": {}
        },
        "_v5bTA9leEDSsKdr2dNDimA": {
          "key": "_v5bTA9leEDSsKdr2dNDimA",
          "name": "attribute3",
          "type": null,
          "probability": 1,
          "modifiers": [],
          "to_variable": {
            "key": "_9PfxsNldEDSsKdr2dNDimA",
            "name": "attribute3",
            "type": null,
            "modifiers": [],
            "position": {}
          },
          "position": {}
        }
      }
    },
    "fields_to_fields_data_clump-./DAO-_v5ar8NleEDSsKdr2dNDimA-__2trkNldEDSsKdr2dNDimA-attributeattribute2attribute3": {
      "type": "data_clump",
      "key": "fields_to_fields_data_clump-./DAO-_v5ar8NleEDSsKdr2dNDimA-__2trkNldEDSsKdr2dNDimA-attributeattribute2attribute3",
      "probability": 1,
      "from_file_path": "./DAO",
      "from_class_or_interface_name": "DAO",
      "from_class_or_interface_key": "_v5ar8NleEDSsKdr2dNDimA",
      "from_method_name": null,
      "from_method_key": null,
      "to_file_path": "./RepositoryImpl",
      "to_class_or_interface_key": "__2trkNldEDSsKdr2dNDimA",
      "to_class_or_interface_name": "DAO",
      "to_method_key": null,
      "to_method_name": null,
      "data_clump_type": "fields_to_fields_data_clump",
      "data_clump_data": {
        "_v5bTAdleEDSsKdr2dNDimA": {
          "key": "_v5bTAdleEDSsKdr2dNDimA",
          "name": "attribute",
          "type": null,
          "probability": 1,
          "modifiers": [],
          "to_variable": {
            "key": "__2trkdldEDSsKdr2dNDimA",
            "name": "attribute",
            "type": null,
            "modifiers": [],
            "position": {}
          },
          "position": {}
        },
        "_v5bTAtleEDSsKdr2dNDimA": {
          "key": "_v5bTAtleEDSsKdr2dNDimA",
          "name": "attribute2",
          "type": null,
          "probability": 1,
          "modifiers": [],
          "to_variable": {
            "key": "__2trktldEDSsKdr2dNDimA",
            "name": "attribute2",
            "type": null,
            "modifiers": [],
            "position": {}
          },
          "position": {}
        },
        "_v5bTA9leEDSsKdr2dNDimA": {
          "key": "_v5bTA9leEDSsKdr2dNDimA",
          "name": "attribute3",
          "type": null,
          "probability": 1,
          "modifiers": [],
          "to_variable": {
            "key": "__2uSoNldEDSsKdr2dNDimA",
            "name": "attribute3",
            "type": null,
            "modifiers": [],
            "position": {}
          },
          "position": {}
        }
      }
    },
    "fields_to_fields_data_clump-./DAO-_v5ar8NleEDSsKdr2dNDimA-_PuW5sNleEDSsKdr2dNDimA-attributeattribute2attribute3": {
      "type": "data_clump",
      "key": "fields_to_fields_data_clump-./DAO-_v5ar8NleEDSsKdr2dNDimA-_PuW5sNleEDSsKdr2dNDimA-attributeattribute2attribute3",
      "probability": 1,
      "from_file_path": "./DAO",
      "from_class_or_interface_name": "DAO",
      "from_class_or_interface_key": "_v5ar8NleEDSsKdr2dNDimA",
      "from_method_name": null,
      "from_method_key": null,
      "to_file_path": "./Service",
      "to_class_or_interface_key": "_PuW5sNleEDSsKdr2dNDimA",
      "to_class_or_interface_name": "DAO",
      "to_method_key": null,
      "to_method_name": null,
      "data_clump_type": "fields_to_fields_data_clump",
      "data_clump_data": {
        "_v5bTAdleEDSsKdr2dNDimA": {
          "key": "_v5bTAdleEDSsKdr2dNDimA",
          "name": "attribute",
          "type": null,
          "probability": 1,
          "modifiers": [],
          "to_variable": {
            "key": "_PuXgwdleEDSsKdr2dNDimA",
            "name": "attribute",
            "type": null,
            "modifiers": [],
            "position": {}
          },
          "position": {}
        },
        "_v5bTAtleEDSsKdr2dNDimA": {
          "key": "_v5bTAtleEDSsKdr2dNDimA",
          "name": "attribute2",
          "type": null,
          "probability": 1,
          "modifiers": [],
          "to_variable": {
            "key": "_PuXgwtleEDSsKdr2dNDimA",
            "name": "attribute2",
            "type": null,
            "modifiers": [],
            "position": {}
          },
          "position": {}
        },
        "_v5bTA9leEDSsKdr2dNDimA": {
          "key": "_v5bTA9leEDSsKdr2dNDimA",
          "name": "attribute3",
          "type": null,
          "probability": 1,
          "modifiers": [],
          "to_variable": {
            "key": "_PuXgw9leEDSsKdr2dNDimA",
            "name": "attribute3",
            "type": null,
            "modifiers": [],
            "position": {}
          },
          "position": {}
        }
      }
    },
    "fields_to_fields_data_clump-./DAO-_v5ar8NleEDSsKdr2dNDimA-_GYNCoNleEDSsKdr2dNDimA-attributeattribute2attribute3": {
      "type": "data_clump",
      "key": "fields_to_fields_data_clump-./DAO-_v5ar8NleEDSsKdr2dNDimA-_GYNCoNleEDSsKdr2dNDimA-attributeattribute2attribute3",
      "probability": 1,
      "from_file_path": "./DAO",
      "from_class_or_interface_name": "DAO",
      "from_class_or_interface_key": "_v5ar8NleEDSsKdr2dNDimA",
      "from_method_name": null,
      "from_method_key": null,
      "to_file_path": "./ServiceiMPL",
      "to_class_or_interface_key": "_GYNCoNleEDSsKdr2dNDimA",
      "to_class_or_interface_name": "DAO",
      "to_method_key": null,
      "to_method_name": null,
      "data_clump_type": "fields_to_fields_data_clump",
      "data_clump_data": {
        "_v5bTAdleEDSsKdr2dNDimA": {
          "key": "_v5bTAdleEDSsKdr2dNDimA",
          "name": "attribute",
          "type": null,
          "probability": 1,
          "modifiers": [],
          "to_variable": {
            "key": "_GYNCotleEDSsKdr2dNDimA",
            "name": "attribute",
            "type": null,
            "modifiers": [],
            "position": {}
          },
          "position": {}
        },
        "_v5bTAtleEDSsKdr2dNDimA": {
          "key": "_v5bTAtleEDSsKdr2dNDimA",
          "name": "attribute2",
          "type": null,
          "probability": 1,
          "modifiers": [],
          "to_variable": {
            "key": "_GYNpsNleEDSsKdr2dNDimA",
            "name": "attribute2",
            "type": null,
            "modifiers": [],
            "position": {}
          },
          "position": {}
        },
        "_v5bTA9leEDSsKdr2dNDimA": {
          "key": "_v5bTA9leEDSsKdr2dNDimA",
          "name": "attribute3",
          "type": null,
          "probability": 1,
          "modifiers": [],
          "to_variable": {
            "key": "_GYNpsdleEDSsKdr2dNDimA",
            "name": "attribute3",
            "type": null,
            "modifiers": [],
            "position": {}
          },
          "position": {}
        }
      }
    },
    "fields_to_fields_data_clump-./Dto-_HXhKkNleEDSsKdr2dNDimA-_G7yQ0NleEDSsKdr2dNDimA-attributeattribute2attribute3": {
      "type": "data_clump",
      "key": "fields_to_fields_data_clump-./Dto-_HXhKkNleEDSsKdr2dNDimA-_G7yQ0NleEDSsKdr2dNDimA-attributeattribute2attribute3",
      "probability": 1,
      "from_file_path": "./Dto",
      "from_class_or_interface_name": "Dto",
      "from_class_or_interface_key": "_HXhKkNleEDSsKdr2dNDimA",
      "from_method_name": null,
      "from_method_key": null,
      "to_file_path": "./Controller",
      "to_class_or_interface_key": "_G7yQ0NleEDSsKdr2dNDimA",
      "to_class_or_interface_name": "Dto",
      "to_method_key": null,
      "to_method_name": null,
      "data_clump_type": "fields_to_fields_data_clump",
      "data_clump_data": {
        "_HXhKktleEDSsKdr2dNDimA": {
          "key": "_HXhKktleEDSsKdr2dNDimA",
          "name": "attribute",
          "type": null,
          "probability": 1,
          "modifiers": [],
          "to_variable": {
            "key": "_G7yQ0tleEDSsKdr2dNDimA",
            "name": "attribute",
            "type": null,
            "modifiers": [],
            "position": {}
          },
          "position": {}
        },
        "_HXhKk9leEDSsKdr2dNDimA": {
          "key": "_HXhKk9leEDSsKdr2dNDimA",
          "name": "attribute2",
          "type": null,
          "probability": 1,
          "modifiers": [],
          "to_variable": {
            "key": "_G7yQ09leEDSsKdr2dNDimA",
            "name": "attribute2",
            "type": null,
            "modifiers": [],
            "position": {}
          },
          "position": {}
        },
        "_HXhKlNleEDSsKdr2dNDimA": {
          "key": "_HXhKlNleEDSsKdr2dNDimA",
          "name": "attribute3",
          "type": null,
          "probability": 1,
          "modifiers": [],
          "to_variable": {
            "key": "_G7yQ1NleEDSsKdr2dNDimA",
            "name": "attribute3",
            "type": null,
            "modifiers": [],
            "position": {}
          },
          "position": {}
        }
      }
    },
    "fields_to_fields_data_clump-./Dto-_HXhKkNleEDSsKdr2dNDimA-_v5ar8NleEDSsKdr2dNDimA-attributeattribute2attribute3": {
      "type": "data_clump",
      "key": "fields_to_fields_data_clump-./Dto-_HXhKkNleEDSsKdr2dNDimA-_v5ar8NleEDSsKdr2dNDimA-attributeattribute2attribute3",
      "probability": 1,
      "from_file_path": "./Dto",
      "from_class_or_interface_name": "Dto",
      "from_class_or_interface_key": "_HXhKkNleEDSsKdr2dNDimA",
      "from_method_name": null,
      "from_method_key": null,
      "to_file_path": "./DAO",
      "to_class_or_interface_key": "_v5ar8NleEDSsKdr2dNDimA",
      "to_class_or_interface_name": "Dto",
      "to_method_key": null,
      "to_method_name": null,
      "data_clump_type": "fields_to_fields_data_clump",
      "data_clump_data": {
        "_HXhKktleEDSsKdr2dNDimA": {
          "key": "_HXhKktleEDSsKdr2dNDimA",
          "name": "attribute",
          "type": null,
          "probability": 1,
          "modifiers": [],
          "to_variable": {
            "key": "_v5bTAdleEDSsKdr2dNDimA",
            "name": "attribute",
            "type": null,
            "modifiers": [],
            "position": {}
          },
          "position": {}
        },
        "_HXhKk9leEDSsKdr2dNDimA": {
          "key": "_HXhKk9leEDSsKdr2dNDimA",
          "name": "attribute2",
          "type": null,
          "probability": 1,
          "modifiers": [],
          "to_variable": {
            "key": "_v5bTAtleEDSsKdr2dNDimA",
            "name": "attribute2",
            "type": null,
            "modifiers": [],
            "position": {}
          },
          "position": {}
        },
        "_HXhKlNleEDSsKdr2dNDimA": {
          "key": "_HXhKlNleEDSsKdr2dNDimA",
          "name": "attribute3",
          "type": null,
          "probability": 1,
          "modifiers": [],
          "to_variable": {
            "key": "_v5bTA9leEDSsKdr2dNDimA",
            "name": "attribute3",
            "type": null,
            "modifiers": [],
            "position": {}
          },
          "position": {}
        }
      }
    },
    "fields_to_fields_data_clump-./Dto-_HXhKkNleEDSsKdr2dNDimA-_rWbeYNldEDSsKdr2dNDimA-attributeattribute2attribute3": {
      "type": "data_clump",
      "key": "fields_to_fields_data_clump-./Dto-_HXhKkNleEDSsKdr2dNDimA-_rWbeYNldEDSsKdr2dNDimA-attributeattribute2attribute3",
      "probability": 1,
      "from_file_path": "./Dto",
      "from_class_or_interface_name": "Dto",
      "from_class_or_interface_key": "_HXhKkNleEDSsKdr2dNDimA",
      "from_method_name": null,
      "from_method_key": null,
      "to_file_path": "./Repository",
      "to_class_or_interface_key": "_rWbeYNldEDSsKdr2dNDimA",
      "to_class_or_interface_name": "Dto",
      "to_method_key": null,
      "to_method_name": null,
      "data_clump_type": "fields_to_fields_data_clump",
      "data_clump_data": {
        "_HXhKktleEDSsKdr2dNDimA": {
          "key": "_HXhKktleEDSsKdr2dNDimA",
          "name": "attribute",
          "type": null,
          "probability": 1,
          "modifiers": [],
          "to_variable": {
            "key": "_8YgfUNldEDSsKdr2dNDimA",
            "name": "attribute",
            "type": null,
            "modifiers": [],
            "position": {}
          },
          "position": {}
        },
        "_HXhKk9leEDSsKdr2dNDimA": {
          "key": "_HXhKk9leEDSsKdr2dNDimA",
          "name": "attribute2",
          "type": null,
          "probability": 1,
          "modifiers": [],
          "to_variable": {
            "key": "_80tTINldEDSsKdr2dNDimA",
            "name": "attribute2",
            "type": null,
            "modifiers": [],
            "position": {}
          },
          "position": {}
        },
        "_HXhKlNleEDSsKdr2dNDimA": {
          "key": "_HXhKlNleEDSsKdr2dNDimA",
          "name": "attribute3",
          "type": null,
          "probability": 1,
          "modifiers": [],
          "to_variable": {
            "key": "_9PfxsNldEDSsKdr2dNDimA",
            "name": "attribute3",
            "type": null,
            "modifiers": [],
            "position": {}
          },
          "position": {}
        }
      }
    },
    "fields_to_fields_data_clump-./Dto-_HXhKkNleEDSsKdr2dNDimA-__2trkNldEDSsKdr2dNDimA-attributeattribute2attribute3": {
      "type": "data_clump",
      "key": "fields_to_fields_data_clump-./Dto-_HXhKkNleEDSsKdr2dNDimA-__2trkNldEDSsKdr2dNDimA-attributeattribute2attribute3",
      "probability": 1,
      "from_file_path": "./Dto",
      "from_class_or_interface_name": "Dto",
      "from_class_or_interface_key": "_HXhKkNleEDSsKdr2dNDimA",
      "from_method_name": null,
      "from_method_key": null,
      "to_file_path": "./RepositoryImpl",
      "to_class_or_interface_key": "__2trkNldEDSsKdr2dNDimA",
      "to_class_or_interface_name": "Dto",
      "to_method_key": null,
      "to_method_name": null,
      "data_clump_type": "fields_to_fields_data_clump",
      "data_clump_data": {
        "_HXhKktleEDSsKdr2dNDimA": {
          "key": "_HXhKktleEDSsKdr2dNDimA",
          "name": "attribute",
          "type": null,
          "probability": 1,
          "modifiers": [],
          "to_variable": {
            "key": "__2trkdldEDSsKdr2dNDimA",
            "name": "attribute",
            "type": null,
            "modifiers": [],
            "position": {}
          },
          "position": {}
        },
        "_HXhKk9leEDSsKdr2dNDimA": {
          "key": "_HXhKk9leEDSsKdr2dNDimA",
          "name": "attribute2",
          "type": null,
          "probability": 1,
          "modifiers": [],
          "to_variable": {
            "key": "__2trktldEDSsKdr2dNDimA",
            "name": "attribute2",
            "type": null,
            "modifiers": [],
            "position": {}
          },
          "position": {}
        },
        "_HXhKlNleEDSsKdr2dNDimA": {
          "key": "_HXhKlNleEDSsKdr2dNDimA",
          "name": "attribute3",
          "type": null,
          "probability": 1,
          "modifiers": [],
          "to_variable": {
            "key": "__2uSoNldEDSsKdr2dNDimA",
            "name": "attribute3",
            "type": null,
            "modifiers": [],
            "position": {}
          },
          "position": {}
        }
      }
    },
    "fields_to_fields_data_clump-./Dto-_HXhKkNleEDSsKdr2dNDimA-_PuW5sNleEDSsKdr2dNDimA-attributeattribute2attribute3": {
      "type": "data_clump",
      "key": "fields_to_fields_data_clump-./Dto-_HXhKkNleEDSsKdr2dNDimA-_PuW5sNleEDSsKdr2dNDimA-attributeattribute2attribute3",
      "probability": 1,
      "from_file_path": "./Dto",
      "from_class_or_interface_name": "Dto",
      "from_class_or_interface_key": "_HXhKkNleEDSsKdr2dNDimA",
      "from_method_name": null,
      "from_method_key": null,
      "to_file_path": "./Service",
      "to_class_or_interface_key": "_PuW5sNleEDSsKdr2dNDimA",
      "to_class_or_interface_name": "Dto",
      "to_method_key": null,
      "to_method_name": null,
      "data_clump_type": "fields_to_fields_data_clump",
      "data_clump_data": {
        "_HXhKktleEDSsKdr2dNDimA": {
          "key": "_HXhKktleEDSsKdr2dNDimA",
          "name": "attribute",
          "type": null,
          "probability": 1,
          "modifiers": [],
          "to_variable": {
            "key": "_PuXgwdleEDSsKdr2dNDimA",
            "name": "attribute",
            "type": null,
            "modifiers": [],
            "position": {}
          },
          "position": {}
        },
        "_HXhKk9leEDSsKdr2dNDimA": {
          "key": "_HXhKk9leEDSsKdr2dNDimA",
          "name": "attribute2",
          "type": null,
          "probability": 1,
          "modifiers": [],
          "to_variable": {
            "key": "_PuXgwtleEDSsKdr2dNDimA",
            "name": "attribute2",
            "type": null,
            "modifiers": [],
            "position": {}
          },
          "position": {}
        },
        "_HXhKlNleEDSsKdr2dNDimA": {
          "key": "_HXhKlNleEDSsKdr2dNDimA",
          "name": "attribute3",
          "type": null,
          "probability": 1,
          "modifiers": [],
          "to_variable": {
            "key": "_PuXgw9leEDSsKdr2dNDimA",
            "name": "attribute3",
            "type": null,
            "modifiers": [],
            "position": {}
          },
          "position": {}
        }
      }
    },
    "fields_to_fields_data_clump-./Dto-_HXhKkNleEDSsKdr2dNDimA-_GYNCoNleEDSsKdr2dNDimA-attributeattribute2attribute3": {
      "type": "data_clump",
      "key": "fields_to_fields_data_clump-./Dto-_HXhKkNleEDSsKdr2dNDimA-_GYNCoNleEDSsKdr2dNDimA-attributeattribute2attribute3",
      "probability": 1,
      "from_file_path": "./Dto",
      "from_class_or_interface_name": "Dto",
      "from_class_or_interface_key": "_HXhKkNleEDSsKdr2dNDimA",
      "from_method_name": null,
      "from_method_key": null,
      "to_file_path": "./ServiceiMPL",
      "to_class_or_interface_key": "_GYNCoNleEDSsKdr2dNDimA",
      "to_class_or_interface_name": "Dto",
      "to_method_key": null,
      "to_method_name": null,
      "data_clump_type": "fields_to_fields_data_clump",
      "data_clump_data": {
        "_HXhKktleEDSsKdr2dNDimA": {
          "key": "_HXhKktleEDSsKdr2dNDimA",
          "name": "attribute",
          "type": null,
          "probability": 1,
          "modifiers": [],
          "to_variable": {
            "key": "_GYNCotleEDSsKdr2dNDimA",
            "name": "attribute",
            "type": null,
            "modifiers": [],
            "position": {}
          },
          "position": {}
        },
        "_HXhKk9leEDSsKdr2dNDimA": {
          "key": "_HXhKk9leEDSsKdr2dNDimA",
          "name": "attribute2",
          "type": null,
          "probability": 1,
          "modifiers": [],
          "to_variable": {
            "key": "_GYNpsNleEDSsKdr2dNDimA",
            "name": "attribute2",
            "type": null,
            "modifiers": [],
            "position": {}
          },
          "position": {}
        },
        "_HXhKlNleEDSsKdr2dNDimA": {
          "key": "_HXhKlNleEDSsKdr2dNDimA",
          "name": "attribute3",
          "type": null,
          "probability": 1,
          "modifiers": [],
          "to_variable": {
            "key": "_GYNpsdleEDSsKdr2dNDimA",
            "name": "attribute3",
            "type": null,
            "modifiers": [],
            "position": {}
          },
          "position": {}
        }
      }
    },
    "fields_to_fields_data_clump-./Repository-_rWbeYNldEDSsKdr2dNDimA-_G7yQ0NleEDSsKdr2dNDimA-attributeattribute2attribute3": {
      "type": "data_clump",
      "key": "fields_to_fields_data_clump-./Repository-_rWbeYNldEDSsKdr2dNDimA-_G7yQ0NleEDSsKdr2dNDimA-attributeattribute2attribute3",
      "probability": 1,
      "from_file_path": "./Repository",
      "from_class_or_interface_name": "Repository",
      "from_class_or_interface_key": "_rWbeYNldEDSsKdr2dNDimA",
      "from_method_name": null,
      "from_method_key": null,
      "to_file_path": "./Controller",
      "to_class_or_interface_key": "_G7yQ0NleEDSsKdr2dNDimA",
      "to_class_or_interface_name": "Repository",
      "to_method_key": null,
      "to_method_name": null,
      "data_clump_type": "fields_to_fields_data_clump",
      "data_clump_data": {
        "_8YgfUNldEDSsKdr2dNDimA": {
          "key": "_8YgfUNldEDSsKdr2dNDimA",
          "name": "attribute",
          "type": null,
          "probability": 1,
          "modifiers": [],
          "to_variable": {
            "key": "_G7yQ0tleEDSsKdr2dNDimA",
            "name": "attribute",
            "type": null,
            "modifiers": [],
            "position": {}
          },
          "position": {}
        },
        "_80tTINldEDSsKdr2dNDimA": {
          "key": "_80tTINldEDSsKdr2dNDimA",
          "name": "attribute2",
          "type": null,
          "probability": 1,
          "modifiers": [],
          "to_variable": {
            "key": "_G7yQ09leEDSsKdr2dNDimA",
            "name": "attribute2",
            "type": null,
            "modifiers": [],
            "position": {}
          },
          "position": {}
        },
        "_9PfxsNldEDSsKdr2dNDimA": {
          "key": "_9PfxsNldEDSsKdr2dNDimA",
          "name": "attribute3",
          "type": null,
          "probability": 1,
          "modifiers": [],
          "to_variable": {
            "key": "_G7yQ1NleEDSsKdr2dNDimA",
            "name": "attribute3",
            "type": null,
            "modifiers": [],
            "position": {}
          },
          "position": {}
        }
      }
    },
    "fields_to_fields_data_clump-./Repository-_rWbeYNldEDSsKdr2dNDimA-_v5ar8NleEDSsKdr2dNDimA-attributeattribute2attribute3": {
      "type": "data_clump",
      "key": "fields_to_fields_data_clump-./Repository-_rWbeYNldEDSsKdr2dNDimA-_v5ar8NleEDSsKdr2dNDimA-attributeattribute2attribute3",
      "probability": 1,
      "from_file_path": "./Repository",
      "from_class_or_interface_name": "Repository",
      "from_class_or_interface_key": "_rWbeYNldEDSsKdr2dNDimA",
      "from_method_name": null,
      "from_method_key": null,
      "to_file_path": "./DAO",
      "to_class_or_interface_key": "_v5ar8NleEDSsKdr2dNDimA",
      "to_class_or_interface_name": "Repository",
      "to_method_key": null,
      "to_method_name": null,
      "data_clump_type": "fields_to_fields_data_clump",
      "data_clump_data": {
        "_8YgfUNldEDSsKdr2dNDimA": {
          "key": "_8YgfUNldEDSsKdr2dNDimA",
          "name": "attribute",
          "type": null,
          "probability": 1,
          "modifiers": [],
          "to_variable": {
            "key": "_v5bTAdleEDSsKdr2dNDimA",
            "name": "attribute",
            "type": null,
            "modifiers": [],
            "position": {}
          },
          "position": {}
        },
        "_80tTINldEDSsKdr2dNDimA": {
          "key": "_80tTINldEDSsKdr2dNDimA",
          "name": "attribute2",
          "type": null,
          "probability": 1,
          "modifiers": [],
          "to_variable": {
            "key": "_v5bTAtleEDSsKdr2dNDimA",
            "name": "attribute2",
            "type": null,
            "modifiers": [],
            "position": {}
          },
          "position": {}
        },
        "_9PfxsNldEDSsKdr2dNDimA": {
          "key": "_9PfxsNldEDSsKdr2dNDimA",
          "name": "attribute3",
          "type": null,
          "probability": 1,
          "modifiers": [],
          "to_variable": {
            "key": "_v5bTA9leEDSsKdr2dNDimA",
            "name": "attribute3",
            "type": null,
            "modifiers": [],
            "position": {}
          },
          "position": {}
        }
      }
    },
    "fields_to_fields_data_clump-./Repository-_rWbeYNldEDSsKdr2dNDimA-_HXhKkNleEDSsKdr2dNDimA-attributeattribute2attribute3": {
      "type": "data_clump",
      "key": "fields_to_fields_data_clump-./Repository-_rWbeYNldEDSsKdr2dNDimA-_HXhKkNleEDSsKdr2dNDimA-attributeattribute2attribute3",
      "probability": 1,
      "from_file_path": "./Repository",
      "from_class_or_interface_name": "Repository",
      "from_class_or_interface_key": "_rWbeYNldEDSsKdr2dNDimA",
      "from_method_name": null,
      "from_method_key": null,
      "to_file_path": "./Dto",
      "to_class_or_interface_key": "_HXhKkNleEDSsKdr2dNDimA",
      "to_class_or_interface_name": "Repository",
      "to_method_key": null,
      "to_method_name": null,
      "data_clump_type": "fields_to_fields_data_clump",
      "data_clump_data": {
        "_8YgfUNldEDSsKdr2dNDimA": {
          "key": "_8YgfUNldEDSsKdr2dNDimA",
          "name": "attribute",
          "type": null,
          "probability": 1,
          "modifiers": [],
          "to_variable": {
            "key": "_HXhKktleEDSsKdr2dNDimA",
            "name": "attribute",
            "type": null,
            "modifiers": [],
            "position": {}
          },
          "position": {}
        },
        "_80tTINldEDSsKdr2dNDimA": {
          "key": "_80tTINldEDSsKdr2dNDimA",
          "name": "attribute2",
          "type": null,
          "probability": 1,
          "modifiers": [],
          "to_variable": {
            "key": "_HXhKk9leEDSsKdr2dNDimA",
            "name": "attribute2",
            "type": null,
            "modifiers": [],
            "position": {}
          },
          "position": {}
        },
        "_9PfxsNldEDSsKdr2dNDimA": {
          "key": "_9PfxsNldEDSsKdr2dNDimA",
          "name": "attribute3",
          "type": null,
          "probability": 1,
          "modifiers": [],
          "to_variable": {
            "key": "_HXhKlNleEDSsKdr2dNDimA",
            "name": "attribute3",
            "type": null,
            "modifiers": [],
            "position": {}
          },
          "position": {}
        }
      }
    },
    "fields_to_fields_data_clump-./Repository-_rWbeYNldEDSsKdr2dNDimA-__2trkNldEDSsKdr2dNDimA-attributeattribute2attribute3": {
      "type": "data_clump",
      "key": "fields_to_fields_data_clump-./Repository-_rWbeYNldEDSsKdr2dNDimA-__2trkNldEDSsKdr2dNDimA-attributeattribute2attribute3",
      "probability": 1,
      "from_file_path": "./Repository",
      "from_class_or_interface_name": "Repository",
      "from_class_or_interface_key": "_rWbeYNldEDSsKdr2dNDimA",
      "from_method_name": null,
      "from_method_key": null,
      "to_file_path": "./RepositoryImpl",
      "to_class_or_interface_key": "__2trkNldEDSsKdr2dNDimA",
      "to_class_or_interface_name": "Repository",
      "to_method_key": null,
      "to_method_name": null,
      "data_clump_type": "fields_to_fields_data_clump",
      "data_clump_data": {
        "_8YgfUNldEDSsKdr2dNDimA": {
          "key": "_8YgfUNldEDSsKdr2dNDimA",
          "name": "attribute",
          "type": null,
          "probability": 1,
          "modifiers": [],
          "to_variable": {
            "key": "__2trkdldEDSsKdr2dNDimA",
            "name": "attribute",
            "type": null,
            "modifiers": [],
            "position": {}
          },
          "position": {}
        },
        "_80tTINldEDSsKdr2dNDimA": {
          "key": "_80tTINldEDSsKdr2dNDimA",
          "name": "attribute2",
          "type": null,
          "probability": 1,
          "modifiers": [],
          "to_variable": {
            "key": "__2trktldEDSsKdr2dNDimA",
            "name": "attribute2",
            "type": null,
            "modifiers": [],
            "position": {}
          },
          "position": {}
        },
        "_9PfxsNldEDSsKdr2dNDimA": {
          "key": "_9PfxsNldEDSsKdr2dNDimA",
          "name": "attribute3",
          "type": null,
          "probability": 1,
          "modifiers": [],
          "to_variable": {
            "key": "__2uSoNldEDSsKdr2dNDimA",
            "name": "attribute3",
            "type": null,
            "modifiers": [],
            "position": {}
          },
          "position": {}
        }
      }
    },
    "fields_to_fields_data_clump-./Repository-_rWbeYNldEDSsKdr2dNDimA-_PuW5sNleEDSsKdr2dNDimA-attributeattribute2attribute3": {
      "type": "data_clump",
      "key": "fields_to_fields_data_clump-./Repository-_rWbeYNldEDSsKdr2dNDimA-_PuW5sNleEDSsKdr2dNDimA-attributeattribute2attribute3",
      "probability": 1,
      "from_file_path": "./Repository",
      "from_class_or_interface_name": "Repository",
      "from_class_or_interface_key": "_rWbeYNldEDSsKdr2dNDimA",
      "from_method_name": null,
      "from_method_key": null,
      "to_file_path": "./Service",
      "to_class_or_interface_key": "_PuW5sNleEDSsKdr2dNDimA",
      "to_class_or_interface_name": "Repository",
      "to_method_key": null,
      "to_method_name": null,
      "data_clump_type": "fields_to_fields_data_clump",
      "data_clump_data": {
        "_8YgfUNldEDSsKdr2dNDimA": {
          "key": "_8YgfUNldEDSsKdr2dNDimA",
          "name": "attribute",
          "type": null,
          "probability": 1,
          "modifiers": [],
          "to_variable": {
            "key": "_PuXgwdleEDSsKdr2dNDimA",
            "name": "attribute",
            "type": null,
            "modifiers": [],
            "position": {}
          },
          "position": {}
        },
        "_80tTINldEDSsKdr2dNDimA": {
          "key": "_80tTINldEDSsKdr2dNDimA",
          "name": "attribute2",
          "type": null,
          "probability": 1,
          "modifiers": [],
          "to_variable": {
            "key": "_PuXgwtleEDSsKdr2dNDimA",
            "name": "attribute2",
            "type": null,
            "modifiers": [],
            "position": {}
          },
          "position": {}
        },
        "_9PfxsNldEDSsKdr2dNDimA": {
          "key": "_9PfxsNldEDSsKdr2dNDimA",
          "name": "attribute3",
          "type": null,
          "probability": 1,
          "modifiers": [],
          "to_variable": {
            "key": "_PuXgw9leEDSsKdr2dNDimA",
            "name": "attribute3",
            "type": null,
            "modifiers": [],
            "position": {}
          },
          "position": {}
        }
      }
    },
    "fields_to_fields_data_clump-./Repository-_rWbeYNldEDSsKdr2dNDimA-_GYNCoNleEDSsKdr2dNDimA-attributeattribute2attribute3": {
      "type": "data_clump",
      "key": "fields_to_fields_data_clump-./Repository-_rWbeYNldEDSsKdr2dNDimA-_GYNCoNleEDSsKdr2dNDimA-attributeattribute2attribute3",
      "probability": 1,
      "from_file_path": "./Repository",
      "from_class_or_interface_name": "Repository",
      "from_class_or_interface_key": "_rWbeYNldEDSsKdr2dNDimA",
      "from_method_name": null,
      "from_method_key": null,
      "to_file_path": "./ServiceiMPL",
      "to_class_or_interface_key": "_GYNCoNleEDSsKdr2dNDimA",
      "to_class_or_interface_name": "Repository",
      "to_method_key": null,
      "to_method_name": null,
      "data_clump_type": "fields_to_fields_data_clump",
      "data_clump_data": {
        "_8YgfUNldEDSsKdr2dNDimA": {
          "key": "_8YgfUNldEDSsKdr2dNDimA",
          "name": "attribute",
          "type": null,
          "probability": 1,
          "modifiers": [],
          "to_variable": {
            "key": "_GYNCotleEDSsKdr2dNDimA",
            "name": "attribute",
            "type": null,
            "modifiers": [],
            "position": {}
          },
          "position": {}
        },
        "_80tTINldEDSsKdr2dNDimA": {
          "key": "_80tTINldEDSsKdr2dNDimA",
          "name": "attribute2",
          "type": null,
          "probability": 1,
          "modifiers": [],
          "to_variable": {
            "key": "_GYNpsNleEDSsKdr2dNDimA",
            "name": "attribute2",
            "type": null,
            "modifiers": [],
            "position": {}
          },
          "position": {}
        },
        "_9PfxsNldEDSsKdr2dNDimA": {
          "key": "_9PfxsNldEDSsKdr2dNDimA",
          "name": "attribute3",
          "type": null,
          "probability": 1,
          "modifiers": [],
          "to_variable": {
            "key": "_GYNpsdleEDSsKdr2dNDimA",
            "name": "attribute3",
            "type": null,
            "modifiers": [],
            "position": {}
          },
          "position": {}
        }
      }
    },
    "fields_to_fields_data_clump-./RepositoryImpl-__2trkNldEDSsKdr2dNDimA-_G7yQ0NleEDSsKdr2dNDimA-attributeattribute2attribute3": {
      "type": "data_clump",
      "key": "fields_to_fields_data_clump-./RepositoryImpl-__2trkNldEDSsKdr2dNDimA-_G7yQ0NleEDSsKdr2dNDimA-attributeattribute2attribute3",
      "probability": 1,
      "from_file_path": "./RepositoryImpl",
      "from_class_or_interface_name": "RepositoryImpl",
      "from_class_or_interface_key": "__2trkNldEDSsKdr2dNDimA",
      "from_method_name": null,
      "from_method_key": null,
      "to_file_path": "./Controller",
      "to_class_or_interface_key": "_G7yQ0NleEDSsKdr2dNDimA",
      "to_class_or_interface_name": "RepositoryImpl",
      "to_method_key": null,
      "to_method_name": null,
      "data_clump_type": "fields_to_fields_data_clump",
      "data_clump_data": {
        "__2trkdldEDSsKdr2dNDimA": {
          "key": "__2trkdldEDSsKdr2dNDimA",
          "name": "attribute",
          "type": null,
          "probability": 1,
          "modifiers": [],
          "to_variable": {
            "key": "_G7yQ0tleEDSsKdr2dNDimA",
            "name": "attribute",
            "type": null,
            "modifiers": [],
            "position": {}
          },
          "position": {}
        },
        "__2trktldEDSsKdr2dNDimA": {
          "key": "__2trktldEDSsKdr2dNDimA",
          "name": "attribute2",
          "type": null,
          "probability": 1,
          "modifiers": [],
          "to_variable": {
            "key": "_G7yQ09leEDSsKdr2dNDimA",
            "name": "attribute2",
            "type": null,
            "modifiers": [],
            "position": {}
          },
          "position": {}
        },
        "__2uSoNldEDSsKdr2dNDimA": {
          "key": "__2uSoNldEDSsKdr2dNDimA",
          "name": "attribute3",
          "type": null,
          "probability": 1,
          "modifiers": [],
          "to_variable": {
            "key": "_G7yQ1NleEDSsKdr2dNDimA",
            "name": "attribute3",
            "type": null,
            "modifiers": [],
            "position": {}
          },
          "position": {}
        }
      }
    },
    "fields_to_fields_data_clump-./RepositoryImpl-__2trkNldEDSsKdr2dNDimA-_v5ar8NleEDSsKdr2dNDimA-attributeattribute2attribute3": {
      "type": "data_clump",
      "key": "fields_to_fields_data_clump-./RepositoryImpl-__2trkNldEDSsKdr2dNDimA-_v5ar8NleEDSsKdr2dNDimA-attributeattribute2attribute3",
      "probability": 1,
      "from_file_path": "./RepositoryImpl",
      "from_class_or_interface_name": "RepositoryImpl",
      "from_class_or_interface_key": "__2trkNldEDSsKdr2dNDimA",
      "from_method_name": null,
      "from_method_key": null,
      "to_file_path": "./DAO",
      "to_class_or_interface_key": "_v5ar8NleEDSsKdr2dNDimA",
      "to_class_or_interface_name": "RepositoryImpl",
      "to_method_key": null,
      "to_method_name": null,
      "data_clump_type": "fields_to_fields_data_clump",
      "data_clump_data": {
        "__2trkdldEDSsKdr2dNDimA": {
          "key": "__2trkdldEDSsKdr2dNDimA",
          "name": "attribute",
          "type": null,
          "probability": 1,
          "modifiers": [],
          "to_variable": {
            "key": "_v5bTAdleEDSsKdr2dNDimA",
            "name": "attribute",
            "type": null,
            "modifiers": [],
            "position": {}
          },
          "position": {}
        },
        "__2trktldEDSsKdr2dNDimA": {
          "key": "__2trktldEDSsKdr2dNDimA",
          "name": "attribute2",
          "type": null,
          "probability": 1,
          "modifiers": [],
          "to_variable": {
            "key": "_v5bTAtleEDSsKdr2dNDimA",
            "name": "attribute2",
            "type": null,
            "modifiers": [],
            "position": {}
          },
          "position": {}
        },
        "__2uSoNldEDSsKdr2dNDimA": {
          "key": "__2uSoNldEDSsKdr2dNDimA",
          "name": "attribute3",
          "type": null,
          "probability": 1,
          "modifiers": [],
          "to_variable": {
            "key": "_v5bTA9leEDSsKdr2dNDimA",
            "name": "attribute3",
            "type": null,
            "modifiers": [],
            "position": {}
          },
          "position": {}
        }
      }
    },
    "fields_to_fields_data_clump-./RepositoryImpl-__2trkNldEDSsKdr2dNDimA-_HXhKkNleEDSsKdr2dNDimA-attributeattribute2attribute3": {
      "type": "data_clump",
      "key": "fields_to_fields_data_clump-./RepositoryImpl-__2trkNldEDSsKdr2dNDimA-_HXhKkNleEDSsKdr2dNDimA-attributeattribute2attribute3",
      "probability": 1,
      "from_file_path": "./RepositoryImpl",
      "from_class_or_interface_name": "RepositoryImpl",
      "from_class_or_interface_key": "__2trkNldEDSsKdr2dNDimA",
      "from_method_name": null,
      "from_method_key": null,
      "to_file_path": "./Dto",
      "to_class_or_interface_key": "_HXhKkNleEDSsKdr2dNDimA",
      "to_class_or_interface_name": "RepositoryImpl",
      "to_method_key": null,
      "to_method_name": null,
      "data_clump_type": "fields_to_fields_data_clump",
      "data_clump_data": {
        "__2trkdldEDSsKdr2dNDimA": {
          "key": "__2trkdldEDSsKdr2dNDimA",
          "name": "attribute",
          "type": null,
          "probability": 1,
          "modifiers": [],
          "to_variable": {
            "key": "_HXhKktleEDSsKdr2dNDimA",
            "name": "attribute",
            "type": null,
            "modifiers": [],
            "position": {}
          },
          "position": {}
        },
        "__2trktldEDSsKdr2dNDimA": {
          "key": "__2trktldEDSsKdr2dNDimA",
          "name": "attribute2",
          "type": null,
          "probability": 1,
          "modifiers": [],
          "to_variable": {
            "key": "_HXhKk9leEDSsKdr2dNDimA",
            "name": "attribute2",
            "type": null,
            "modifiers": [],
            "position": {}
          },
          "position": {}
        },
        "__2uSoNldEDSsKdr2dNDimA": {
          "key": "__2uSoNldEDSsKdr2dNDimA",
          "name": "attribute3",
          "type": null,
          "probability": 1,
          "modifiers": [],
          "to_variable": {
            "key": "_HXhKlNleEDSsKdr2dNDimA",
            "name": "attribute3",
            "type": null,
            "modifiers": [],
            "position": {}
          },
          "position": {}
        }
      }
    },
    "fields_to_fields_data_clump-./RepositoryImpl-__2trkNldEDSsKdr2dNDimA-_rWbeYNldEDSsKdr2dNDimA-attributeattribute2attribute3": {
      "type": "data_clump",
      "key": "fields_to_fields_data_clump-./RepositoryImpl-__2trkNldEDSsKdr2dNDimA-_rWbeYNldEDSsKdr2dNDimA-attributeattribute2attribute3",
      "probability": 1,
      "from_file_path": "./RepositoryImpl",
      "from_class_or_interface_name": "RepositoryImpl",
      "from_class_or_interface_key": "__2trkNldEDSsKdr2dNDimA",
      "from_method_name": null,
      "from_method_key": null,
      "to_file_path": "./Repository",
      "to_class_or_interface_key": "_rWbeYNldEDSsKdr2dNDimA",
      "to_class_or_interface_name": "RepositoryImpl",
      "to_method_key": null,
      "to_method_name": null,
      "data_clump_type": "fields_to_fields_data_clump",
      "data_clump_data": {
        "__2trkdldEDSsKdr2dNDimA": {
          "key": "__2trkdldEDSsKdr2dNDimA",
          "name": "attribute",
          "type": null,
          "probability": 1,
          "modifiers": [],
          "to_variable": {
            "key": "_8YgfUNldEDSsKdr2dNDimA",
            "name": "attribute",
            "type": null,
            "modifiers": [],
            "position": {}
          },
          "position": {}
        },
        "__2trktldEDSsKdr2dNDimA": {
          "key": "__2trktldEDSsKdr2dNDimA",
          "name": "attribute2",
          "type": null,
          "probability": 1,
          "modifiers": [],
          "to_variable": {
            "key": "_80tTINldEDSsKdr2dNDimA",
            "name": "attribute2",
            "type": null,
            "modifiers": [],
            "position": {}
          },
          "position": {}
        },
        "__2uSoNldEDSsKdr2dNDimA": {
          "key": "__2uSoNldEDSsKdr2dNDimA",
          "name": "attribute3",
          "type": null,
          "probability": 1,
          "modifiers": [],
          "to_variable": {
            "key": "_9PfxsNldEDSsKdr2dNDimA",
            "name": "attribute3",
            "type": null,
            "modifiers": [],
            "position": {}
          },
          "position": {}
        }
      }
    },
    "fields_to_fields_data_clump-./RepositoryImpl-__2trkNldEDSsKdr2dNDimA-_PuW5sNleEDSsKdr2dNDimA-attributeattribute2attribute3": {
      "type": "data_clump",
      "key": "fields_to_fields_data_clump-./RepositoryImpl-__2trkNldEDSsKdr2dNDimA-_PuW5sNleEDSsKdr2dNDimA-attributeattribute2attribute3",
      "probability": 1,
      "from_file_path": "./RepositoryImpl",
      "from_class_or_interface_name": "RepositoryImpl",
      "from_class_or_interface_key": "__2trkNldEDSsKdr2dNDimA",
      "from_method_name": null,
      "from_method_key": null,
      "to_file_path": "./Service",
      "to_class_or_interface_key": "_PuW5sNleEDSsKdr2dNDimA",
      "to_class_or_interface_name": "RepositoryImpl",
      "to_method_key": null,
      "to_method_name": null,
      "data_clump_type": "fields_to_fields_data_clump",
      "data_clump_data": {
        "__2trkdldEDSsKdr2dNDimA": {
          "key": "__2trkdldEDSsKdr2dNDimA",
          "name": "attribute",
          "type": null,
          "probability": 1,
          "modifiers": [],
          "to_variable": {
            "key": "_PuXgwdleEDSsKdr2dNDimA",
            "name": "attribute",
            "type": null,
            "modifiers": [],
            "position": {}
          },
          "position": {}
        },
        "__2trktldEDSsKdr2dNDimA": {
          "key": "__2trktldEDSsKdr2dNDimA",
          "name": "attribute2",
          "type": null,
          "probability": 1,
          "modifiers": [],
          "to_variable": {
            "key": "_PuXgwtleEDSsKdr2dNDimA",
            "name": "attribute2",
            "type": null,
            "modifiers": [],
            "position": {}
          },
          "position": {}
        },
        "__2uSoNldEDSsKdr2dNDimA": {
          "key": "__2uSoNldEDSsKdr2dNDimA",
          "name": "attribute3",
          "type": null,
          "probability": 1,
          "modifiers": [],
          "to_variable": {
            "key": "_PuXgw9leEDSsKdr2dNDimA",
            "name": "attribute3",
            "type": null,
            "modifiers": [],
            "position": {}
          },
          "position": {}
        }
      }
    },
    "fields_to_fields_data_clump-./RepositoryImpl-__2trkNldEDSsKdr2dNDimA-_GYNCoNleEDSsKdr2dNDimA-attributeattribute2attribute3": {
      "type": "data_clump",
      "key": "fields_to_fields_data_clump-./RepositoryImpl-__2trkNldEDSsKdr2dNDimA-_GYNCoNleEDSsKdr2dNDimA-attributeattribute2attribute3",
      "probability": 1,
      "from_file_path": "./RepositoryImpl",
      "from_class_or_interface_name": "RepositoryImpl",
      "from_class_or_interface_key": "__2trkNldEDSsKdr2dNDimA",
      "from_method_name": null,
      "from_method_key": null,
      "to_file_path": "./ServiceiMPL",
      "to_class_or_interface_key": "_GYNCoNleEDSsKdr2dNDimA",
      "to_class_or_interface_name": "RepositoryImpl",
      "to_method_key": null,
      "to_method_name": null,
      "data_clump_type": "fields_to_fields_data_clump",
      "data_clump_data": {
        "__2trkdldEDSsKdr2dNDimA": {
          "key": "__2trkdldEDSsKdr2dNDimA",
          "name": "attribute",
          "type": null,
          "probability": 1,
          "modifiers": [],
          "to_variable": {
            "key": "_GYNCotleEDSsKdr2dNDimA",
            "name": "attribute",
            "type": null,
            "modifiers": [],
            "position": {}
          },
          "position": {}
        },
        "__2trktldEDSsKdr2dNDimA": {
          "key": "__2trktldEDSsKdr2dNDimA",
          "name": "attribute2",
          "type": null,
          "probability": 1,
          "modifiers": [],
          "to_variable": {
            "key": "_GYNpsNleEDSsKdr2dNDimA",
            "name": "attribute2",
            "type": null,
            "modifiers": [],
            "position": {}
          },
          "position": {}
        },
        "__2uSoNldEDSsKdr2dNDimA": {
          "key": "__2uSoNldEDSsKdr2dNDimA",
          "name": "attribute3",
          "type": null,
          "probability": 1,
          "modifiers": [],
          "to_variable": {
            "key": "_GYNpsdleEDSsKdr2dNDimA",
            "name": "attribute3",
            "type": null,
            "modifiers": [],
            "position": {}
          },
          "position": {}
        }
      }
    },
    "fields_to_fields_data_clump-./Service-_PuW5sNleEDSsKdr2dNDimA-_G7yQ0NleEDSsKdr2dNDimA-attributeattribute2attribute3": {
      "type": "data_clump",
      "key": "fields_to_fields_data_clump-./Service-_PuW5sNleEDSsKdr2dNDimA-_G7yQ0NleEDSsKdr2dNDimA-attributeattribute2attribute3",
      "probability": 1,
      "from_file_path": "./Service",
      "from_class_or_interface_name": "Service",
      "from_class_or_interface_key": "_PuW5sNleEDSsKdr2dNDimA",
      "from_method_name": null,
      "from_method_key": null,
      "to_file_path": "./Controller",
      "to_class_or_interface_key": "_G7yQ0NleEDSsKdr2dNDimA",
      "to_class_or_interface_name": "Service",
      "to_method_key": null,
      "to_method_name": null,
      "data_clump_type": "fields_to_fields_data_clump",
      "data_clump_data": {
        "_PuXgwdleEDSsKdr2dNDimA": {
          "key": "_PuXgwdleEDSsKdr2dNDimA",
          "name": "attribute",
          "type": null,
          "probability": 1,
          "modifiers": [],
          "to_variable": {
            "key": "_G7yQ0tleEDSsKdr2dNDimA",
            "name": "attribute",
            "type": null,
            "modifiers": [],
            "position": {}
          },
          "position": {}
        },
        "_PuXgwtleEDSsKdr2dNDimA": {
          "key": "_PuXgwtleEDSsKdr2dNDimA",
          "name": "attribute2",
          "type": null,
          "probability": 1,
          "modifiers": [],
          "to_variable": {
            "key": "_G7yQ09leEDSsKdr2dNDimA",
            "name": "attribute2",
            "type": null,
            "modifiers": [],
            "position": {}
          },
          "position": {}
        },
        "_PuXgw9leEDSsKdr2dNDimA": {
          "key": "_PuXgw9leEDSsKdr2dNDimA",
          "name": "attribute3",
          "type": null,
          "probability": 1,
          "modifiers": [],
          "to_variable": {
            "key": "_G7yQ1NleEDSsKdr2dNDimA",
            "name": "attribute3",
            "type": null,
            "modifiers": [],
            "position": {}
          },
          "position": {}
        }
      }
    },
    "fields_to_fields_data_clump-./Service-_PuW5sNleEDSsKdr2dNDimA-_v5ar8NleEDSsKdr2dNDimA-attributeattribute2attribute3": {
      "type": "data_clump",
      "key": "fields_to_fields_data_clump-./Service-_PuW5sNleEDSsKdr2dNDimA-_v5ar8NleEDSsKdr2dNDimA-attributeattribute2attribute3",
      "probability": 1,
      "from_file_path": "./Service",
      "from_class_or_interface_name": "Service",
      "from_class_or_interface_key": "_PuW5sNleEDSsKdr2dNDimA",
      "from_method_name": null,
      "from_method_key": null,
      "to_file_path": "./DAO",
      "to_class_or_interface_key": "_v5ar8NleEDSsKdr2dNDimA",
      "to_class_or_interface_name": "Service",
      "to_method_key": null,
      "to_method_name": null,
      "data_clump_type": "fields_to_fields_data_clump",
      "data_clump_data": {
        "_PuXgwdleEDSsKdr2dNDimA": {
          "key": "_PuXgwdleEDSsKdr2dNDimA",
          "name": "attribute",
          "type": null,
          "probability": 1,
          "modifiers": [],
          "to_variable": {
            "key": "_v5bTAdleEDSsKdr2dNDimA",
            "name": "attribute",
            "type": null,
            "modifiers": [],
            "position": {}
          },
          "position": {}
        },
        "_PuXgwtleEDSsKdr2dNDimA": {
          "key": "_PuXgwtleEDSsKdr2dNDimA",
          "name": "attribute2",
          "type": null,
          "probability": 1,
          "modifiers": [],
          "to_variable": {
            "key": "_v5bTAtleEDSsKdr2dNDimA",
            "name": "attribute2",
            "type": null,
            "modifiers": [],
            "position": {}
          },
          "position": {}
        },
        "_PuXgw9leEDSsKdr2dNDimA": {
          "key": "_PuXgw9leEDSsKdr2dNDimA",
          "name": "attribute3",
          "type": null,
          "probability": 1,
          "modifiers": [],
          "to_variable": {
            "key": "_v5bTA9leEDSsKdr2dNDimA",
            "name": "attribute3",
            "type": null,
            "modifiers": [],
            "position": {}
          },
          "position": {}
        }
      }
    },
    "fields_to_fields_data_clump-./Service-_PuW5sNleEDSsKdr2dNDimA-_HXhKkNleEDSsKdr2dNDimA-attributeattribute2attribute3": {
      "type": "data_clump",
      "key": "fields_to_fields_data_clump-./Service-_PuW5sNleEDSsKdr2dNDimA-_HXhKkNleEDSsKdr2dNDimA-attributeattribute2attribute3",
      "probability": 1,
      "from_file_path": "./Service",
      "from_class_or_interface_name": "Service",
      "from_class_or_interface_key": "_PuW5sNleEDSsKdr2dNDimA",
      "from_method_name": null,
      "from_method_key": null,
      "to_file_path": "./Dto",
      "to_class_or_interface_key": "_HXhKkNleEDSsKdr2dNDimA",
      "to_class_or_interface_name": "Service",
      "to_method_key": null,
      "to_method_name": null,
      "data_clump_type": "fields_to_fields_data_clump",
      "data_clump_data": {
        "_PuXgwdleEDSsKdr2dNDimA": {
          "key": "_PuXgwdleEDSsKdr2dNDimA",
          "name": "attribute",
          "type": null,
          "probability": 1,
          "modifiers": [],
          "to_variable": {
            "key": "_HXhKktleEDSsKdr2dNDimA",
            "name": "attribute",
            "type": null,
            "modifiers": [],
            "position": {}
          },
          "position": {}
        },
        "_PuXgwtleEDSsKdr2dNDimA": {
          "key": "_PuXgwtleEDSsKdr2dNDimA",
          "name": "attribute2",
          "type": null,
          "probability": 1,
          "modifiers": [],
          "to_variable": {
            "key": "_HXhKk9leEDSsKdr2dNDimA",
            "name": "attribute2",
            "type": null,
            "modifiers": [],
            "position": {}
          },
          "position": {}
        },
        "_PuXgw9leEDSsKdr2dNDimA": {
          "key": "_PuXgw9leEDSsKdr2dNDimA",
          "name": "attribute3",
          "type": null,
          "probability": 1,
          "modifiers": [],
          "to_variable": {
            "key": "_HXhKlNleEDSsKdr2dNDimA",
            "name": "attribute3",
            "type": null,
            "modifiers": [],
            "position": {}
          },
          "position": {}
        }
      }
    },
    "fields_to_fields_data_clump-./Service-_PuW5sNleEDSsKdr2dNDimA-_rWbeYNldEDSsKdr2dNDimA-attributeattribute2attribute3": {
      "type": "data_clump",
      "key": "fields_to_fields_data_clump-./Service-_PuW5sNleEDSsKdr2dNDimA-_rWbeYNldEDSsKdr2dNDimA-attributeattribute2attribute3",
      "probability": 1,
      "from_file_path": "./Service",
      "from_class_or_interface_name": "Service",
      "from_class_or_interface_key": "_PuW5sNleEDSsKdr2dNDimA",
      "from_method_name": null,
      "from_method_key": null,
      "to_file_path": "./Repository",
      "to_class_or_interface_key": "_rWbeYNldEDSsKdr2dNDimA",
      "to_class_or_interface_name": "Service",
      "to_method_key": null,
      "to_method_name": null,
      "data_clump_type": "fields_to_fields_data_clump",
      "data_clump_data": {
        "_PuXgwdleEDSsKdr2dNDimA": {
          "key": "_PuXgwdleEDSsKdr2dNDimA",
          "name": "attribute",
          "type": null,
          "probability": 1,
          "modifiers": [],
          "to_variable": {
            "key": "_8YgfUNldEDSsKdr2dNDimA",
            "name": "attribute",
            "type": null,
            "modifiers": [],
            "position": {}
          },
          "position": {}
        },
        "_PuXgwtleEDSsKdr2dNDimA": {
          "key": "_PuXgwtleEDSsKdr2dNDimA",
          "name": "attribute2",
          "type": null,
          "probability": 1,
          "modifiers": [],
          "to_variable": {
            "key": "_80tTINldEDSsKdr2dNDimA",
            "name": "attribute2",
            "type": null,
            "modifiers": [],
            "position": {}
          },
          "position": {}
        },
        "_PuXgw9leEDSsKdr2dNDimA": {
          "key": "_PuXgw9leEDSsKdr2dNDimA",
          "name": "attribute3",
          "type": null,
          "probability": 1,
          "modifiers": [],
          "to_variable": {
            "key": "_9PfxsNldEDSsKdr2dNDimA",
            "name": "attribute3",
            "type": null,
            "modifiers": [],
            "position": {}
          },
          "position": {}
        }
      }
    },
    "fields_to_fields_data_clump-./Service-_PuW5sNleEDSsKdr2dNDimA-__2trkNldEDSsKdr2dNDimA-attributeattribute2attribute3": {
      "type": "data_clump",
      "key": "fields_to_fields_data_clump-./Service-_PuW5sNleEDSsKdr2dNDimA-__2trkNldEDSsKdr2dNDimA-attributeattribute2attribute3",
      "probability": 1,
      "from_file_path": "./Service",
      "from_class_or_interface_name": "Service",
      "from_class_or_interface_key": "_PuW5sNleEDSsKdr2dNDimA",
      "from_method_name": null,
      "from_method_key": null,
      "to_file_path": "./RepositoryImpl",
      "to_class_or_interface_key": "__2trkNldEDSsKdr2dNDimA",
      "to_class_or_interface_name": "Service",
      "to_method_key": null,
      "to_method_name": null,
      "data_clump_type": "fields_to_fields_data_clump",
      "data_clump_data": {
        "_PuXgwdleEDSsKdr2dNDimA": {
          "key": "_PuXgwdleEDSsKdr2dNDimA",
          "name": "attribute",
          "type": null,
          "probability": 1,
          "modifiers": [],
          "to_variable": {
            "key": "__2trkdldEDSsKdr2dNDimA",
            "name": "attribute",
            "type": null,
            "modifiers": [],
            "position": {}
          },
          "position": {}
        },
        "_PuXgwtleEDSsKdr2dNDimA": {
          "key": "_PuXgwtleEDSsKdr2dNDimA",
          "name": "attribute2",
          "type": null,
          "probability": 1,
          "modifiers": [],
          "to_variable": {
            "key": "__2trktldEDSsKdr2dNDimA",
            "name": "attribute2",
            "type": null,
            "modifiers": [],
            "position": {}
          },
          "position": {}
        },
        "_PuXgw9leEDSsKdr2dNDimA": {
          "key": "_PuXgw9leEDSsKdr2dNDimA",
          "name": "attribute3",
          "type": null,
          "probability": 1,
          "modifiers": [],
          "to_variable": {
            "key": "__2uSoNldEDSsKdr2dNDimA",
            "name": "attribute3",
            "type": null,
            "modifiers": [],
            "position": {}
          },
          "position": {}
        }
      }
    },
    "fields_to_fields_data_clump-./Service-_PuW5sNleEDSsKdr2dNDimA-_GYNCoNleEDSsKdr2dNDimA-attributeattribute2attribute3": {
      "type": "data_clump",
      "key": "fields_to_fields_data_clump-./Service-_PuW5sNleEDSsKdr2dNDimA-_GYNCoNleEDSsKdr2dNDimA-attributeattribute2attribute3",
      "probability": 1,
      "from_file_path": "./Service",
      "from_class_or_interface_name": "Service",
      "from_class_or_interface_key": "_PuW5sNleEDSsKdr2dNDimA",
      "from_method_name": null,
      "from_method_key": null,
      "to_file_path": "./ServiceiMPL",
      "to_class_or_interface_key": "_GYNCoNleEDSsKdr2dNDimA",
      "to_class_or_interface_name": "Service",
      "to_method_key": null,
      "to_method_name": null,
      "data_clump_type": "fields_to_fields_data_clump",
      "data_clump_data": {
        "_PuXgwdleEDSsKdr2dNDimA": {
          "key": "_PuXgwdleEDSsKdr2dNDimA",
          "name": "attribute",
          "type": null,
          "probability": 1,
          "modifiers": [],
          "to_variable": {
            "key": "_GYNCotleEDSsKdr2dNDimA",
            "name": "attribute",
            "type": null,
            "modifiers": [],
            "position": {}
          },
          "position": {}
        },
        "_PuXgwtleEDSsKdr2dNDimA": {
          "key": "_PuXgwtleEDSsKdr2dNDimA",
          "name": "attribute2",
          "type": null,
          "probability": 1,
          "modifiers": [],
          "to_variable": {
            "key": "_GYNpsNleEDSsKdr2dNDimA",
            "name": "attribute2",
            "type": null,
            "modifiers": [],
            "position": {}
          },
          "position": {}
        },
        "_PuXgw9leEDSsKdr2dNDimA": {
          "key": "_PuXgw9leEDSsKdr2dNDimA",
          "name": "attribute3",
          "type": null,
          "probability": 1,
          "modifiers": [],
          "to_variable": {
            "key": "_GYNpsdleEDSsKdr2dNDimA",
            "name": "attribute3",
            "type": null,
            "modifiers": [],
            "position": {}
          },
          "position": {}
        }
      }
    },
    "fields_to_fields_data_clump-./ServiceiMPL-_GYNCoNleEDSsKdr2dNDimA-_G7yQ0NleEDSsKdr2dNDimA-attributeattribute2attribute3": {
      "type": "data_clump",
      "key": "fields_to_fields_data_clump-./ServiceiMPL-_GYNCoNleEDSsKdr2dNDimA-_G7yQ0NleEDSsKdr2dNDimA-attributeattribute2attribute3",
      "probability": 1,
      "from_file_path": "./ServiceiMPL",
      "from_class_or_interface_name": "ServiceiMPL",
      "from_class_or_interface_key": "_GYNCoNleEDSsKdr2dNDimA",
      "from_method_name": null,
      "from_method_key": null,
      "to_file_path": "./Controller",
      "to_class_or_interface_key": "_G7yQ0NleEDSsKdr2dNDimA",
      "to_class_or_interface_name": "ServiceiMPL",
      "to_method_key": null,
      "to_method_name": null,
      "data_clump_type": "fields_to_fields_data_clump",
      "data_clump_data": {
        "_GYNCotleEDSsKdr2dNDimA": {
          "key": "_GYNCotleEDSsKdr2dNDimA",
          "name": "attribute",
          "type": null,
          "probability": 1,
          "modifiers": [],
          "to_variable": {
            "key": "_G7yQ0tleEDSsKdr2dNDimA",
            "name": "attribute",
            "type": null,
            "modifiers": [],
            "position": {}
          },
          "position": {}
        },
        "_GYNpsNleEDSsKdr2dNDimA": {
          "key": "_GYNpsNleEDSsKdr2dNDimA",
          "name": "attribute2",
          "type": null,
          "probability": 1,
          "modifiers": [],
          "to_variable": {
            "key": "_G7yQ09leEDSsKdr2dNDimA",
            "name": "attribute2",
            "type": null,
            "modifiers": [],
            "position": {}
          },
          "position": {}
        },
        "_GYNpsdleEDSsKdr2dNDimA": {
          "key": "_GYNpsdleEDSsKdr2dNDimA",
          "name": "attribute3",
          "type": null,
          "probability": 1,
          "modifiers": [],
          "to_variable": {
            "key": "_G7yQ1NleEDSsKdr2dNDimA",
            "name": "attribute3",
            "type": null,
            "modifiers": [],
            "position": {}
          },
          "position": {}
        }
      }
    },
    "fields_to_fields_data_clump-./ServiceiMPL-_GYNCoNleEDSsKdr2dNDimA-_v5ar8NleEDSsKdr2dNDimA-attributeattribute2attribute3": {
      "type": "data_clump",
      "key": "fields_to_fields_data_clump-./ServiceiMPL-_GYNCoNleEDSsKdr2dNDimA-_v5ar8NleEDSsKdr2dNDimA-attributeattribute2attribute3",
      "probability": 1,
      "from_file_path": "./ServiceiMPL",
      "from_class_or_interface_name": "ServiceiMPL",
      "from_class_or_interface_key": "_GYNCoNleEDSsKdr2dNDimA",
      "from_method_name": null,
      "from_method_key": null,
      "to_file_path": "./DAO",
      "to_class_or_interface_key": "_v5ar8NleEDSsKdr2dNDimA",
      "to_class_or_interface_name": "ServiceiMPL",
      "to_method_key": null,
      "to_method_name": null,
      "data_clump_type": "fields_to_fields_data_clump",
      "data_clump_data": {
        "_GYNCotleEDSsKdr2dNDimA": {
          "key": "_GYNCotleEDSsKdr2dNDimA",
          "name": "attribute",
          "type": null,
          "probability": 1,
          "modifiers": [],
          "to_variable": {
            "key": "_v5bTAdleEDSsKdr2dNDimA",
            "name": "attribute",
            "type": null,
            "modifiers": [],
            "position": {}
          },
          "position": {}
        },
        "_GYNpsNleEDSsKdr2dNDimA": {
          "key": "_GYNpsNleEDSsKdr2dNDimA",
          "name": "attribute2",
          "type": null,
          "probability": 1,
          "modifiers": [],
          "to_variable": {
            "key": "_v5bTAtleEDSsKdr2dNDimA",
            "name": "attribute2",
            "type": null,
            "modifiers": [],
            "position": {}
          },
          "position": {}
        },
        "_GYNpsdleEDSsKdr2dNDimA": {
          "key": "_GYNpsdleEDSsKdr2dNDimA",
          "name": "attribute3",
          "type": null,
          "probability": 1,
          "modifiers": [],
          "to_variable": {
            "key": "_v5bTA9leEDSsKdr2dNDimA",
            "name": "attribute3",
            "type": null,
            "modifiers": [],
            "position": {}
          },
          "position": {}
        }
      }
    },
    "fields_to_fields_data_clump-./ServiceiMPL-_GYNCoNleEDSsKdr2dNDimA-_HXhKkNleEDSsKdr2dNDimA-attributeattribute2attribute3": {
      "type": "data_clump",
      "key": "fields_to_fields_data_clump-./ServiceiMPL-_GYNCoNleEDSsKdr2dNDimA-_HXhKkNleEDSsKdr2dNDimA-attributeattribute2attribute3",
      "probability": 1,
      "from_file_path": "./ServiceiMPL",
      "from_class_or_interface_name": "ServiceiMPL",
      "from_class_or_interface_key": "_GYNCoNleEDSsKdr2dNDimA",
      "from_method_name": null,
      "from_method_key": null,
      "to_file_path": "./Dto",
      "to_class_or_interface_key": "_HXhKkNleEDSsKdr2dNDimA",
      "to_class_or_interface_name": "ServiceiMPL",
      "to_method_key": null,
      "to_method_name": null,
      "data_clump_type": "fields_to_fields_data_clump",
      "data_clump_data": {
        "_GYNCotleEDSsKdr2dNDimA": {
          "key": "_GYNCotleEDSsKdr2dNDimA",
          "name": "attribute",
          "type": null,
          "probability": 1,
          "modifiers": [],
          "to_variable": {
            "key": "_HXhKktleEDSsKdr2dNDimA",
            "name": "attribute",
            "type": null,
            "modifiers": [],
            "position": {}
          },
          "position": {}
        },
        "_GYNpsNleEDSsKdr2dNDimA": {
          "key": "_GYNpsNleEDSsKdr2dNDimA",
          "name": "attribute2",
          "type": null,
          "probability": 1,
          "modifiers": [],
          "to_variable": {
            "key": "_HXhKk9leEDSsKdr2dNDimA",
            "name": "attribute2",
            "type": null,
            "modifiers": [],
            "position": {}
          },
          "position": {}
        },
        "_GYNpsdleEDSsKdr2dNDimA": {
          "key": "_GYNpsdleEDSsKdr2dNDimA",
          "name": "attribute3",
          "type": null,
          "probability": 1,
          "modifiers": [],
          "to_variable": {
            "key": "_HXhKlNleEDSsKdr2dNDimA",
            "name": "attribute3",
            "type": null,
            "modifiers": [],
            "position": {}
          },
          "position": {}
        }
      }
    },
    "fields_to_fields_data_clump-./ServiceiMPL-_GYNCoNleEDSsKdr2dNDimA-_rWbeYNldEDSsKdr2dNDimA-attributeattribute2attribute3": {
      "type": "data_clump",
      "key": "fields_to_fields_data_clump-./ServiceiMPL-_GYNCoNleEDSsKdr2dNDimA-_rWbeYNldEDSsKdr2dNDimA-attributeattribute2attribute3",
      "probability": 1,
      "from_file_path": "./ServiceiMPL",
      "from_class_or_interface_name": "ServiceiMPL",
      "from_class_or_interface_key": "_GYNCoNleEDSsKdr2dNDimA",
      "from_method_name": null,
      "from_method_key": null,
      "to_file_path": "./Repository",
      "to_class_or_interface_key": "_rWbeYNldEDSsKdr2dNDimA",
      "to_class_or_interface_name": "ServiceiMPL",
      "to_method_key": null,
      "to_method_name": null,
      "data_clump_type": "fields_to_fields_data_clump",
      "data_clump_data": {
        "_GYNCotleEDSsKdr2dNDimA": {
          "key": "_GYNCotleEDSsKdr2dNDimA",
          "name": "attribute",
          "type": null,
          "probability": 1,
          "modifiers": [],
          "to_variable": {
            "key": "_8YgfUNldEDSsKdr2dNDimA",
            "name": "attribute",
            "type": null,
            "modifiers": [],
            "position": {}
          },
          "position": {}
        },
        "_GYNpsNleEDSsKdr2dNDimA": {
          "key": "_GYNpsNleEDSsKdr2dNDimA",
          "name": "attribute2",
          "type": null,
          "probability": 1,
          "modifiers": [],
          "to_variable": {
            "key": "_80tTINldEDSsKdr2dNDimA",
            "name": "attribute2",
            "type": null,
            "modifiers": [],
            "position": {}
          },
          "position": {}
        },
        "_GYNpsdleEDSsKdr2dNDimA": {
          "key": "_GYNpsdleEDSsKdr2dNDimA",
          "name": "attribute3",
          "type": null,
          "probability": 1,
          "modifiers": [],
          "to_variable": {
            "key": "_9PfxsNldEDSsKdr2dNDimA",
            "name": "attribute3",
            "type": null,
            "modifiers": [],
            "position": {}
          },
          "position": {}
        }
      }
    },
    "fields_to_fields_data_clump-./ServiceiMPL-_GYNCoNleEDSsKdr2dNDimA-__2trkNldEDSsKdr2dNDimA-attributeattribute2attribute3": {
      "type": "data_clump",
      "key": "fields_to_fields_data_clump-./ServiceiMPL-_GYNCoNleEDSsKdr2dNDimA-__2trkNldEDSsKdr2dNDimA-attributeattribute2attribute3",
      "probability": 1,
      "from_file_path": "./ServiceiMPL",
      "from_class_or_interface_name": "ServiceiMPL",
      "from_class_or_interface_key": "_GYNCoNleEDSsKdr2dNDimA",
      "from_method_name": null,
      "from_method_key": null,
      "to_file_path": "./RepositoryImpl",
      "to_class_or_interface_key": "__2trkNldEDSsKdr2dNDimA",
      "to_class_or_interface_name": "ServiceiMPL",
      "to_method_key": null,
      "to_method_name": null,
      "data_clump_type": "fields_to_fields_data_clump",
      "data_clump_data": {
        "_GYNCotleEDSsKdr2dNDimA": {
          "key": "_GYNCotleEDSsKdr2dNDimA",
          "name": "attribute",
          "type": null,
          "probability": 1,
          "modifiers": [],
          "to_variable": {
            "key": "__2trkdldEDSsKdr2dNDimA",
            "name": "attribute",
            "type": null,
            "modifiers": [],
            "position": {}
          },
          "position": {}
        },
        "_GYNpsNleEDSsKdr2dNDimA": {
          "key": "_GYNpsNleEDSsKdr2dNDimA",
          "name": "attribute2",
          "type": null,
          "probability": 1,
          "modifiers": [],
          "to_variable": {
            "key": "__2trktldEDSsKdr2dNDimA",
            "name": "attribute2",
            "type": null,
            "modifiers": [],
            "position": {}
          },
          "position": {}
        },
        "_GYNpsdleEDSsKdr2dNDimA": {
          "key": "_GYNpsdleEDSsKdr2dNDimA",
          "name": "attribute3",
          "type": null,
          "probability": 1,
          "modifiers": [],
          "to_variable": {
            "key": "__2uSoNldEDSsKdr2dNDimA",
            "name": "attribute3",
            "type": null,
            "modifiers": [],
            "position": {}
          },
          "position": {}
        }
      }
    },
    "fields_to_fields_data_clump-./ServiceiMPL-_GYNCoNleEDSsKdr2dNDimA-_PuW5sNleEDSsKdr2dNDimA-attributeattribute2attribute3": {
      "type": "data_clump",
      "key": "fields_to_fields_data_clump-./ServiceiMPL-_GYNCoNleEDSsKdr2dNDimA-_PuW5sNleEDSsKdr2dNDimA-attributeattribute2attribute3",
      "probability": 1,
      "from_file_path": "./ServiceiMPL",
      "from_class_or_interface_name": "ServiceiMPL",
      "from_class_or_interface_key": "_GYNCoNleEDSsKdr2dNDimA",
      "from_method_name": null,
      "from_method_key": null,
      "to_file_path": "./Service",
      "to_class_or_interface_key": "_PuW5sNleEDSsKdr2dNDimA",
      "to_class_or_interface_name": "ServiceiMPL",
      "to_method_key": null,
      "to_method_name": null,
      "data_clump_type": "fields_to_fields_data_clump",
      "data_clump_data": {
        "_GYNCotleEDSsKdr2dNDimA": {
          "key": "_GYNCotleEDSsKdr2dNDimA",
          "name": "attribute",
          "type": null,
          "probability": 1,
          "modifiers": [],
          "to_variable": {
            "key": "_PuXgwdleEDSsKdr2dNDimA",
            "name": "attribute",
            "type": null,
            "modifiers": [],
            "position": {}
          },
          "position": {}
        },
        "_GYNpsNleEDSsKdr2dNDimA": {
          "key": "_GYNpsNleEDSsKdr2dNDimA",
          "name": "attribute2",
          "type": null,
          "probability": 1,
          "modifiers": [],
          "to_variable": {
            "key": "_PuXgwtleEDSsKdr2dNDimA",
            "name": "attribute2",
            "type": null,
            "modifiers": [],
            "position": {}
          },
          "position": {}
        },
        "_GYNpsdleEDSsKdr2dNDimA": {
          "key": "_GYNpsdleEDSsKdr2dNDimA",
          "name": "attribute3",
          "type": null,
          "probability": 1,
          "modifiers": [],
          "to_variable": {
            "key": "_PuXgw9leEDSsKdr2dNDimA",
            "name": "attribute3",
            "type": null,
            "modifiers": [],
            "position": {}
          },
          "position": {}
        }
      }
    }
  }
}