{
  "report_version": "unknown",
  "report_timestamp": "2025-03-26T21:40:31.918Z",
  "target_language": "java",
  "report_summary": {
    "additional": null,
    "amount_classes_or_interfaces_with_data_clumps": 1,
    "amount_files_with_data_clumps": 1,
    "amount_methods_with_data_clumps": 1,
    "fields_to_fields_data_clump": 0,
    "parameters_to_fields_data_clump": 1,
    "parameters_to_parameters_data_clump": 0,
    "amount_data_clumps": 1
  },
  "project_info": {
    "project_url": "unknown_project_url",
    "project_name": "_76c6MKcmEei1evnFuWTWfg",
    "project_version": "unknown_project_version",
    "project_commit_hash": "unknown",
    "project_tag": null,
    "project_commit_date": null,
    "additional": {},
    "number_of_files": 4,
    "number_of_classes_or_interfaces": 4,
    "number_of_methods": 37,
    "number_of_data_fields": 10,
    "number_of_method_parameters": 28
  },
  "detector": {
    "name": "data-clumps-doctor",
    "url": "https://github.com/NilsBaumgartner1994/data-clumps-doctor",
    "version": "0.1.100",
    "options": {
      "typeVariablesConsidered": false,
      "similarityModifierOfVariablesWithUnknownType": 0,
      "fieldsOfClassesWithUnknownHierarchyProbabilityModifier": 0,
      "sharedFieldsToFieldsAmountMinimum": 3,
      "analyseFieldsInClassesOrInterfacesInheritedFromSuperClassesOrInterfaces": false,
      "sharedParametersToParametersAmountMinimum": 3,
      "sharedParametersToFieldsAmountMinimum": 3,
      "methodsOfClassesOrInterfacesWithUnknownHierarchyProbabilityModifier": 0
    }
  },
  "data_clumps": {
    "parameters_to_fields_data_clump-./Pessoa-_-eOV0IlWEDa9nshLHebg1g-_Fy22gIlWEDa9nshLHebg1g-idadecpfnomesexo": {
      "type": "data_clump",
      "key": "parameters_to_fields_data_clump-./Pessoa-_-eOV0IlWEDa9nshLHebg1g-_Fy22gIlWEDa9nshLHebg1g-idadecpfnomesexo",
      "probability": 1,
      "from_file_path": "./Pessoa",
      "from_class_or_interface_name": "Pessoa",
      "from_class_or_interface_key": "_Fy22gIlWEDa9nshLHebg1g",
      "from_method_name": "Pessoa",
      "from_method_key": "_-eOV0IlWEDa9nshLHebg1g",
      "to_file_path": "./Pessoa",
      "to_class_or_interface_name": "Pessoa",
      "to_class_or_interface_key": "_Fy22gIlWEDa9nshLHebg1g",
      "to_method_name": null,
      "to_method_key": null,
      "data_clump_type": "parameters_to_fields_data_clump",
      "data_clump_data": {
        "_C-32gIlXEDa9nshLHebg1g": {
          "key": "_C-32gIlXEDa9nshLHebg1g",
          "name": "idade",
          "type": null,
          "probability": 1,
          "modifiers": [],
          "to_variable": {
            "key": "_XuOP4IlWEDa9nshLHebg1g",
            "name": "idade",
            "type": null,
            "modifiers": [
              "private"
            ],
            "position": {}
          },
          "position": {}
        },
        "_FmPhYIlXEDa9nshLHebg1g": {
          "key": "_FmPhYIlXEDa9nshLHebg1g",
          "name": "cpf",
          "type": null,
          "probability": 1,
          "modifiers": [],
          "to_variable": {
            "key": "_XU6_EIlWEDa9nshLHebg1g",
            "name": "cpf",
            "type": null,
            "modifiers": [
              "private"
            ],
            "position": {}
          },
          "position": {}
        },
        "_HIIK4IlXEDa9nshLHebg1g": {
          "key": "_HIIK4IlXEDa9nshLHebg1g",
          "name": "nome",
          "type": null,
          "probability": 1,
          "modifiers": [],
          "to_variable": {
            "key": "_TQLXQIlWEDa9nshLHebg1g",
            "name": "nome",
            "type": null,
            "modifiers": [
              "private"
            ],
            "position": {}
          },
          "position": {}
        },
        "_QTVWMIlXEDa9nshLHebg1g": {
          "key": "_QTVWMIlXEDa9nshLHebg1g",
          "name": "sexo",
          "type": null,
          "probability": 1,
          "modifiers": [],
          "to_variable": {
            "key": "_YFb2AIlWEDa9nshLHebg1g",
            "name": "sexo",
            "type": null,
            "modifiers": [
              "private"
            ],
            "position": {}
          },
          "position": {}
        }
      }
    }
  }
}