{
  "report_version": "unknown",
  "report_timestamp": "2025-03-26T22:24:09.110Z",
  "target_language": "java",
  "report_summary": {
    "additional": null,
    "amount_classes_or_interfaces_with_data_clumps": 2,
    "amount_files_with_data_clumps": 2,
    "amount_methods_with_data_clumps": 0,
    "fields_to_fields_data_clump": 2,
    "parameters_to_fields_data_clump": 0,
    "parameters_to_parameters_data_clump": 0,
    "amount_data_clumps": 2
  },
  "project_info": {
    "project_url": "unknown_project_url",
    "project_name": "_CBG44EX2EeeTJ_4Vl2J2rQ",
    "project_version": "unknown_project_version",
    "project_commit_hash": "unknown",
    "project_tag": null,
    "project_commit_date": null,
    "additional": {},
    "number_of_files": 3,
    "number_of_classes_or_interfaces": 3,
    "number_of_methods": 0,
    "number_of_data_fields": 39,
    "number_of_method_parameters": 0
  },
  "detector": {
    "name": "data-clumps-doctor",
    "url": "https://github.com/NilsBaumgartner1994/data-clumps-doctor",
    "version": "0.1.100",
    "options": {
      "typeVariablesConsidered": false,
      "similarityModifierOfVariablesWithUnknownType": 0,
      "fieldsOfClassesWithUnknownHierarchyProbabilityModifier": 0,
      "sharedFieldsToFieldsAmountMinimum": 3,
      "analyseFieldsInClassesOrInterfacesInheritedFromSuperClassesOrInterfaces": false,
      "sharedParametersToParametersAmountMinimum": 3,
      "sharedParametersToFieldsAmountMinimum": 3,
      "methodsOfClassesOrInterfacesWithUnknownHierarchyProbabilityModifier": 0
    }
  },
  "data_clumps": {
    "fields_to_fields_data_clump-./Customer-_ECK-ICgoEDWPu4ZOBrINjg-_2GcfkCgmEDWPu4ZOBrINjg-customerNameaccountNumberbeginningAmounttotalPurchasetotalPaymentendAmount": {
      "type": "data_clump",
      "key": "fields_to_fields_data_clump-./Customer-_ECK-ICgoEDWPu4ZOBrINjg-_2GcfkCgmEDWPu4ZOBrINjg-customerNameaccountNumberbeginningAmounttotalPurchasetotalPaymentendAmount",
      "probability": 1,
      "from_file_path": "./Customer",
      "from_class_or_interface_name": "Customer",
      "from_class_or_interface_key": "_ECK-ICgoEDWPu4ZOBrINjg",
      "from_method_name": null,
      "from_method_key": null,
      "to_file_path": "./DavidJonesAPP",
      "to_class_or_interface_key": "_2GcfkCgmEDWPu4ZOBrINjg",
      "to_class_or_interface_name": "Customer",
      "to_method_key": null,
      "to_method_name": null,
      "data_clump_type": "fields_to_fields_data_clump",
      "data_clump_data": {
        "_gvYwgCgoEDWPu4ZOBrINjg": {
          "key": "_gvYwgCgoEDWPu4ZOBrINjg",
          "name": "customerName",
          "type": null,
          "probability": 1,
          "modifiers": [
            "private"
          ],
          "to_variable": {
            "key": "_5JahUCgmEDWPu4ZOBrINjg",
            "name": "customerName",
            "type": null,
            "modifiers": [
              "private"
            ],
            "position": {}
          },
          "position": {}
        },
        "_hCgg0CgoEDWPu4ZOBrINjg": {
          "key": "_hCgg0CgoEDWPu4ZOBrINjg",
          "name": "accountNumber",
          "type": null,
          "probability": 1,
          "modifiers": [
            "private"
          ],
          "to_variable": {
            "key": "_-1Hf4CgmEDWPu4ZOBrINjg",
            "name": "accountNumber",
            "type": null,
            "modifiers": [
              "private"
            ],
            "position": {}
          },
          "position": {}
        },
        "_hRG9gCgoEDWPu4ZOBrINjg": {
          "key": "_hRG9gCgoEDWPu4ZOBrINjg",
          "name": "beginningAmount",
          "type": null,
          "probability": 1,
          "modifiers": [
            "private"
          ],
          "to_variable": {
            "key": "_AiJpcCgnEDWPu4ZOBrINjg",
            "name": "beginningAmount",
            "type": null,
            "modifiers": [
              "private"
            ],
            "position": {}
          },
          "position": {}
        },
        "_has-YCgoEDWPu4ZOBrINjg": {
          "key": "_has-YCgoEDWPu4ZOBrINjg",
          "name": "totalPurchase",
          "type": null,
          "probability": 1,
          "modifiers": [
            "private"
          ],
          "to_variable": {
            "key": "_Cn2xsCgnEDWPu4ZOBrINjg",
            "name": "totalPurchase",
            "type": null,
            "modifiers": [
              "private"
            ],
            "position": {}
          },
          "position": {}
        },
        "_hly0ECgoEDWPu4ZOBrINjg": {
          "key": "_hly0ECgoEDWPu4ZOBrINjg",
          "name": "totalPayment",
          "type": null,
          "probability": 1,
          "modifiers": [
            "private"
          ],
          "to_variable": {
            "key": "_FX9h0CgnEDWPu4ZOBrINjg",
            "name": "totalPayment",
            "type": null,
            "modifiers": [
              "private"
            ],
            "position": {}
          },
          "position": {}
        },
        "_xCS-UCgoEDWPu4ZOBrINjg": {
          "key": "_xCS-UCgoEDWPu4ZOBrINjg",
          "name": "endAmount",
          "type": null,
          "probability": 1,
          "modifiers": [
            "private"
          ],
          "to_variable": {
            "key": "_IEfZgCgnEDWPu4ZOBrINjg",
            "name": "endAmount",
            "type": null,
            "modifiers": [
              "private"
            ],
            "position": {}
          },
          "position": {}
        }
      }
    },
    "fields_to_fields_data_clump-./DavidJonesAPP-_2GcfkCgmEDWPu4ZOBrINjg-_ECK-ICgoEDWPu4ZOBrINjg-customerNameaccountNumberbeginningAmounttotalPurchasetotalPaymentendAmount": {
      "type": "data_clump",
      "key": "fields_to_fields_data_clump-./DavidJonesAPP-_2GcfkCgmEDWPu4ZOBrINjg-_ECK-ICgoEDWPu4ZOBrINjg-customerNameaccountNumberbeginningAmounttotalPurchasetotalPaymentendAmount",
      "probability": 1,
      "from_file_path": "./DavidJonesAPP",
      "from_class_or_interface_name": "DavidJonesAPP",
      "from_class_or_interface_key": "_2GcfkCgmEDWPu4ZOBrINjg",
      "from_method_name": null,
      "from_method_key": null,
      "to_file_path": "./Customer",
      "to_class_or_interface_key": "_ECK-ICgoEDWPu4ZOBrINjg",
      "to_class_or_interface_name": "DavidJonesAPP",
      "to_method_key": null,
      "to_method_name": null,
      "data_clump_type": "fields_to_fields_data_clump",
      "data_clump_data": {
        "_5JahUCgmEDWPu4ZOBrINjg": {
          "key": "_5JahUCgmEDWPu4ZOBrINjg",
          "name": "customerName",
          "type": null,
          "probability": 1,
          "modifiers": [
            "private"
          ],
          "to_variable": {
            "key": "_gvYwgCgoEDWPu4ZOBrINjg",
            "name": "customerName",
            "type": null,
            "modifiers": [
              "private"
            ],
            "position": {}
          },
          "position": {}
        },
        "_-1Hf4CgmEDWPu4ZOBrINjg": {
          "key": "_-1Hf4CgmEDWPu4ZOBrINjg",
          "name": "accountNumber",
          "type": null,
          "probability": 1,
          "modifiers": [
            "private"
          ],
          "to_variable": {
            "key": "_hCgg0CgoEDWPu4ZOBrINjg",
            "name": "accountNumber",
            "type": null,
            "modifiers": [
              "private"
            ],
            "position": {}
          },
          "position": {}
        },
        "_AiJpcCgnEDWPu4ZOBrINjg": {
          "key": "_AiJpcCgnEDWPu4ZOBrINjg",
          "name": "beginningAmount",
          "type": null,
          "probability": 1,
          "modifiers": [
            "private"
          ],
          "to_variable": {
            "key": "_hRG9gCgoEDWPu4ZOBrINjg",
            "name": "beginningAmount",
            "type": null,
            "modifiers": [
              "private"
            ],
            "position": {}
          },
          "position": {}
        },
        "_Cn2xsCgnEDWPu4ZOBrINjg": {
          "key": "_Cn2xsCgnEDWPu4ZOBrINjg",
          "name": "totalPurchase",
          "type": null,
          "probability": 1,
          "modifiers": [
            "private"
          ],
          "to_variable": {
            "key": "_has-YCgoEDWPu4ZOBrINjg",
            "name": "totalPurchase",
            "type": null,
            "modifiers": [
              "private"
            ],
            "position": {}
          },
          "position": {}
        },
        "_FX9h0CgnEDWPu4ZOBrINjg": {
          "key": "_FX9h0CgnEDWPu4ZOBrINjg",
          "name": "totalPayment",
          "type": null,
          "probability": 1,
          "modifiers": [
            "private"
          ],
          "to_variable": {
            "key": "_hly0ECgoEDWPu4ZOBrINjg",
            "name": "totalPayment",
            "type": null,
            "modifiers": [
              "private"
            ],
            "position": {}
          },
          "position": {}
        },
        "_IEfZgCgnEDWPu4ZOBrINjg": {
          "key": "_IEfZgCgnEDWPu4ZOBrINjg",
          "name": "endAmount",
          "type": null,
          "probability": 1,
          "modifiers": [
            "private"
          ],
          "to_variable": {
            "key": "_xCS-UCgoEDWPu4ZOBrINjg",
            "name": "endAmount",
            "type": null,
            "modifiers": [
              "private"
            ],
            "position": {}
          },
          "position": {}
        }
      }
    }
  }
}