{
  "report_version": "unknown",
  "report_timestamp": "2025-03-26T22:57:02.178Z",
  "target_language": "java",
  "report_summary": {
    "additional": null,
    "amount_classes_or_interfaces_with_data_clumps": 2,
    "amount_files_with_data_clumps": 2,
    "amount_methods_with_data_clumps": 0,
    "fields_to_fields_data_clump": 2,
    "parameters_to_fields_data_clump": 0,
    "parameters_to_parameters_data_clump": 0,
    "amount_data_clumps": 2
  },
  "project_info": {
    "project_url": "unknown_project_url",
    "project_name": "_9gvlEMHdEDG1vfE2XINvog",
    "project_version": "unknown_project_version",
    "project_commit_hash": "unknown",
    "project_tag": null,
    "project_commit_date": null,
    "additional": {},
    "number_of_files": 16,
    "number_of_classes_or_interfaces": 16,
    "number_of_methods": 27,
    "number_of_data_fields": 46,
    "number_of_method_parameters": 0
  },
  "detector": {
    "name": "data-clumps-doctor",
    "url": "https://github.com/NilsBaumgartner1994/data-clumps-doctor",
    "version": "0.1.100",
    "options": {
      "typeVariablesConsidered": false,
      "similarityModifierOfVariablesWithUnknownType": 0,
      "fieldsOfClassesWithUnknownHierarchyProbabilityModifier": 0,
      "sharedFieldsToFieldsAmountMinimum": 3,
      "analyseFieldsInClassesOrInterfacesInheritedFromSuperClassesOrInterfaces": false,
      "sharedParametersToParametersAmountMinimum": 3,
      "sharedParametersToFieldsAmountMinimum": 3,
      "methodsOfClassesOrInterfacesWithUnknownHierarchyProbabilityModifier": 0
    }
  },
  "data_clumps": {
    "fields_to_fields_data_clump-./DegreeHolder-_fSMmAMHhEDGyb8E2Wu3UNQ-_wis48MHrEDGyb8E2Wu3UNQ-nameidNumberregistrationNumber": {
      "type": "data_clump",
      "key": "fields_to_fields_data_clump-./DegreeHolder-_fSMmAMHhEDGyb8E2Wu3UNQ-_wis48MHrEDGyb8E2Wu3UNQ-nameidNumberregistrationNumber",
      "probability": 1,
      "from_file_path": "./DegreeHolder",
      "from_class_or_interface_name": "DegreeHolder",
      "from_class_or_interface_key": "_fSMmAMHhEDGyb8E2Wu3UNQ",
      "from_method_name": null,
      "from_method_key": null,
      "to_file_path": "./Undergraduate",
      "to_class_or_interface_key": "_wis48MHrEDGyb8E2Wu3UNQ",
      "to_class_or_interface_name": "DegreeHolder",
      "to_method_key": null,
      "to_method_name": null,
      "data_clump_type": "fields_to_fields_data_clump",
      "data_clump_data": {
        "_g8gywMHhEDGyb8E2Wu3UNQ": {
          "key": "_g8gywMHhEDGyb8E2Wu3UNQ",
          "name": "name",
          "type": null,
          "probability": 1,
          "modifiers": [],
          "to_variable": {
            "key": "_zaDgkMHrEDGyb8E2Wu3UNQ",
            "name": "name",
            "type": null,
            "modifiers": [],
            "position": {}
          },
          "position": {}
        },
        "_iUQo0MHhEDGyb8E2Wu3UNQ": {
          "key": "_iUQo0MHhEDGyb8E2Wu3UNQ",
          "name": "idNumber",
          "type": null,
          "probability": 1,
          "modifiers": [],
          "to_variable": {
            "key": "_2Du4kMHrEDGyb8E2Wu3UNQ",
            "name": "idNumber",
            "type": null,
            "modifiers": [],
            "position": {}
          },
          "position": {}
        },
        "_k5HyQMHhEDGyb8E2Wu3UNQ": {
          "key": "_k5HyQMHhEDGyb8E2Wu3UNQ",
          "name": "registrationNumber",
          "type": null,
          "probability": 1,
          "modifiers": [],
          "to_variable": {
            "key": "_4cAXgMHrEDGyb8E2Wu3UNQ",
            "name": "registrationNumber",
            "type": null,
            "modifiers": [],
            "position": {}
          },
          "position": {}
        }
      }
    },
    "fields_to_fields_data_clump-./Undergraduate-_wis48MHrEDGyb8E2Wu3UNQ-_fSMmAMHhEDGyb8E2Wu3UNQ-nameidNumberregistrationNumber": {
      "type": "data_clump",
      "key": "fields_to_fields_data_clump-./Undergraduate-_wis48MHrEDGyb8E2Wu3UNQ-_fSMmAMHhEDGyb8E2Wu3UNQ-nameidNumberregistrationNumber",
      "probability": 1,
      "from_file_path": "./Undergraduate",
      "from_class_or_interface_name": "Undergraduate",
      "from_class_or_interface_key": "_wis48MHrEDGyb8E2Wu3UNQ",
      "from_method_name": null,
      "from_method_key": null,
      "to_file_path": "./DegreeHolder",
      "to_class_or_interface_key": "_fSMmAMHhEDGyb8E2Wu3UNQ",
      "to_class_or_interface_name": "Undergraduate",
      "to_method_key": null,
      "to_method_name": null,
      "data_clump_type": "fields_to_fields_data_clump",
      "data_clump_data": {
        "_zaDgkMHrEDGyb8E2Wu3UNQ": {
          "key": "_zaDgkMHrEDGyb8E2Wu3UNQ",
          "name": "name",
          "type": null,
          "probability": 1,
          "modifiers": [],
          "to_variable": {
            "key": "_g8gywMHhEDGyb8E2Wu3UNQ",
            "name": "name",
            "type": null,
            "modifiers": [],
            "position": {}
          },
          "position": {}
        },
        "_2Du4kMHrEDGyb8E2Wu3UNQ": {
          "key": "_2Du4kMHrEDGyb8E2Wu3UNQ",
          "name": "idNumber",
          "type": null,
          "probability": 1,
          "modifiers": [],
          "to_variable": {
            "key": "_iUQo0MHhEDGyb8E2Wu3UNQ",
            "name": "idNumber",
            "type": null,
            "modifiers": [],
            "position": {}
          },
          "position": {}
        },
        "_4cAXgMHrEDGyb8E2Wu3UNQ": {
          "key": "_4cAXgMHrEDGyb8E2Wu3UNQ",
          "name": "registrationNumber",
          "type": null,
          "probability": 1,
          "modifiers": [],
          "to_variable": {
            "key": "_k5HyQMHhEDGyb8E2Wu3UNQ",
            "name": "registrationNumber",
            "type": null,
            "modifiers": [],
            "position": {}
          },
          "position": {}
        }
      }
    }
  }
}