{
  "report_version": "unknown",
  "report_timestamp": "2025-03-26T21:57:35.400Z",
  "target_language": "java",
  "report_summary": {
    "additional": null,
    "amount_classes_or_interfaces_with_data_clumps": 3,
    "amount_files_with_data_clumps": 3,
    "amount_methods_with_data_clumps": 0,
    "fields_to_fields_data_clump": 4,
    "parameters_to_fields_data_clump": 0,
    "parameters_to_parameters_data_clump": 0,
    "amount_data_clumps": 4
  },
  "project_info": {
    "project_url": "unknown_project_url",
    "project_name": "_FHpIwH3QEeuCM8KqVoRWiA",
    "project_version": "unknown_project_version",
    "project_commit_hash": "unknown",
    "project_tag": null,
    "project_commit_date": null,
    "additional": {},
    "number_of_files": 8,
    "number_of_classes_or_interfaces": 8,
    "number_of_methods": 0,
    "number_of_data_fields": 24,
    "number_of_method_parameters": 0
  },
  "detector": {
    "name": "data-clumps-doctor",
    "url": "https://github.com/NilsBaumgartner1994/data-clumps-doctor",
    "version": "0.1.100",
    "options": {
      "typeVariablesConsidered": false,
      "similarityModifierOfVariablesWithUnknownType": 0,
      "fieldsOfClassesWithUnknownHierarchyProbabilityModifier": 0,
      "sharedFieldsToFieldsAmountMinimum": 3,
      "analyseFieldsInClassesOrInterfacesInheritedFromSuperClassesOrInterfaces": false,
      "sharedParametersToParametersAmountMinimum": 3,
      "sharedParametersToFieldsAmountMinimum": 3,
      "methodsOfClassesOrInterfacesWithUnknownHierarchyProbabilityModifier": 0
    }
  },
  "data_clumps": {
    "fields_to_fields_data_clump-./Customer-_o-W2oF_-EDm0Q_Jfx-T24g-_mtYL4GV3EDm-_Nohu0fh4A-idcontactaddress": {
      "type": "data_clump",
      "key": "fields_to_fields_data_clump-./Customer-_o-W2oF_-EDm0Q_Jfx-T24g-_mtYL4GV3EDm-_Nohu0fh4A-idcontactaddress",
      "probability": 1,
      "from_file_path": "./Customer",
      "from_class_or_interface_name": "Customer",
      "from_class_or_interface_key": "_o-W2oF_-EDm0Q_Jfx-T24g",
      "from_method_name": null,
      "from_method_key": null,
      "to_file_path": "./Deliverer",
      "to_class_or_interface_key": "_mtYL4GV3EDm-_Nohu0fh4A",
      "to_class_or_interface_name": "Customer",
      "to_method_key": null,
      "to_method_name": null,
      "data_clump_type": "fields_to_fields_data_clump",
      "data_clump_data": {
        "_td6LIV_-EDm0Q_Jfx-T24g": {
          "key": "_td6LIV_-EDm0Q_Jfx-T24g",
          "name": "id",
          "type": null,
          "probability": 1,
          "modifiers": [],
          "to_variable": {
            "key": "_mtYy8GV3EDm-_Nohu0fh4A",
            "name": "id",
            "type": null,
            "modifiers": [],
            "position": {}
          },
          "position": {}
        },
        "_ygfUMF_-EDm0Q_Jfx-T24g": {
          "key": "_ygfUMF_-EDm0Q_Jfx-T24g",
          "name": "contact",
          "type": null,
          "probability": 1,
          "modifiers": [],
          "to_variable": {
            "key": "_mtZaAGV3EDm-_Nohu0fh4A",
            "name": "contact",
            "type": null,
            "modifiers": [],
            "position": {}
          },
          "position": {}
        },
        "_0FhYUV_-EDm0Q_Jfx-T24g": {
          "key": "_0FhYUV_-EDm0Q_Jfx-T24g",
          "name": "address",
          "type": null,
          "probability": 1,
          "modifiers": [],
          "to_variable": {
            "key": "_mtZaAWV3EDm-_Nohu0fh4A",
            "name": "address",
            "type": null,
            "modifiers": [],
            "position": {}
          },
          "position": {}
        }
      }
    },
    "fields_to_fields_data_clump-./Customer-_o-W2oF_-EDm0Q_Jfx-T24g-_hmkwwF_-EDm0Q_Jfx-T24g-idnamelastNamecontact": {
      "type": "data_clump",
      "key": "fields_to_fields_data_clump-./Customer-_o-W2oF_-EDm0Q_Jfx-T24g-_hmkwwF_-EDm0Q_Jfx-T24g-idnamelastNamecontact",
      "probability": 1,
      "from_file_path": "./Customer",
      "from_class_or_interface_name": "Customer",
      "from_class_or_interface_key": "_o-W2oF_-EDm0Q_Jfx-T24g",
      "from_method_name": null,
      "from_method_key": null,
      "to_file_path": "./Employee",
      "to_class_or_interface_key": "_hmkwwF_-EDm0Q_Jfx-T24g",
      "to_class_or_interface_name": "Customer",
      "to_method_key": null,
      "to_method_name": null,
      "data_clump_type": "fields_to_fields_data_clump",
      "data_clump_data": {
        "_td6LIV_-EDm0Q_Jfx-T24g": {
          "key": "_td6LIV_-EDm0Q_Jfx-T24g",
          "name": "id",
          "type": null,
          "probability": 1,
          "modifiers": [],
          "to_variable": {
            "key": "_i2CNgV_-EDm0Q_Jfx-T24g",
            "name": "id",
            "type": null,
            "modifiers": [],
            "position": {}
          },
          "position": {}
        },
        "_unJrIV_-EDm0Q_Jfx-T24g": {
          "key": "_unJrIV_-EDm0Q_Jfx-T24g",
          "name": "name",
          "type": null,
          "probability": 1,
          "modifiers": [],
          "to_variable": {
            "key": "_kG9p4V_-EDm0Q_Jfx-T24g",
            "name": "name",
            "type": null,
            "modifiers": [],
            "position": {}
          },
          "position": {}
        },
        "_wpIxAV_-EDm0Q_Jfx-T24g": {
          "key": "_wpIxAV_-EDm0Q_Jfx-T24g",
          "name": "lastName",
          "type": null,
          "probability": 1,
          "modifiers": [],
          "to_variable": {
            "key": "_kY5HYF_-EDm0Q_Jfx-T24g",
            "name": "lastName",
            "type": null,
            "modifiers": [],
            "position": {}
          },
          "position": {}
        },
        "_ygfUMF_-EDm0Q_Jfx-T24g": {
          "key": "_ygfUMF_-EDm0Q_Jfx-T24g",
          "name": "contact",
          "type": null,
          "probability": 1,
          "modifiers": [],
          "to_variable": {
            "key": "_kwnD0V_-EDm0Q_Jfx-T24g",
            "name": "contact",
            "type": null,
            "modifiers": [],
            "position": {}
          },
          "position": {}
        }
      }
    },
    "fields_to_fields_data_clump-./Deliverer-_mtYL4GV3EDm-_Nohu0fh4A-_o-W2oF_-EDm0Q_Jfx-T24g-idcontactaddress": {
      "type": "data_clump",
      "key": "fields_to_fields_data_clump-./Deliverer-_mtYL4GV3EDm-_Nohu0fh4A-_o-W2oF_-EDm0Q_Jfx-T24g-idcontactaddress",
      "probability": 1,
      "from_file_path": "./Deliverer",
      "from_class_or_interface_name": "Deliverer",
      "from_class_or_interface_key": "_mtYL4GV3EDm-_Nohu0fh4A",
      "from_method_name": null,
      "from_method_key": null,
      "to_file_path": "./Customer",
      "to_class_or_interface_key": "_o-W2oF_-EDm0Q_Jfx-T24g",
      "to_class_or_interface_name": "Deliverer",
      "to_method_key": null,
      "to_method_name": null,
      "data_clump_type": "fields_to_fields_data_clump",
      "data_clump_data": {
        "_mtYy8GV3EDm-_Nohu0fh4A": {
          "key": "_mtYy8GV3EDm-_Nohu0fh4A",
          "name": "id",
          "type": null,
          "probability": 1,
          "modifiers": [],
          "to_variable": {
            "key": "_td6LIV_-EDm0Q_Jfx-T24g",
            "name": "id",
            "type": null,
            "modifiers": [],
            "position": {}
          },
          "position": {}
        },
        "_mtZaAGV3EDm-_Nohu0fh4A": {
          "key": "_mtZaAGV3EDm-_Nohu0fh4A",
          "name": "contact",
          "type": null,
          "probability": 1,
          "modifiers": [],
          "to_variable": {
            "key": "_ygfUMF_-EDm0Q_Jfx-T24g",
            "name": "contact",
            "type": null,
            "modifiers": [],
            "position": {}
          },
          "position": {}
        },
        "_mtZaAWV3EDm-_Nohu0fh4A": {
          "key": "_mtZaAWV3EDm-_Nohu0fh4A",
          "name": "address",
          "type": null,
          "probability": 1,
          "modifiers": [],
          "to_variable": {
            "key": "_0FhYUV_-EDm0Q_Jfx-T24g",
            "name": "address",
            "type": null,
            "modifiers": [],
            "position": {}
          },
          "position": {}
        }
      }
    },
    "fields_to_fields_data_clump-./Employee-_hmkwwF_-EDm0Q_Jfx-T24g-_o-W2oF_-EDm0Q_Jfx-T24g-idnamelastNamecontact": {
      "type": "data_clump",
      "key": "fields_to_fields_data_clump-./Employee-_hmkwwF_-EDm0Q_Jfx-T24g-_o-W2oF_-EDm0Q_Jfx-T24g-idnamelastNamecontact",
      "probability": 1,
      "from_file_path": "./Employee",
      "from_class_or_interface_name": "Employee",
      "from_class_or_interface_key": "_hmkwwF_-EDm0Q_Jfx-T24g",
      "from_method_name": null,
      "from_method_key": null,
      "to_file_path": "./Customer",
      "to_class_or_interface_key": "_o-W2oF_-EDm0Q_Jfx-T24g",
      "to_class_or_interface_name": "Employee",
      "to_method_key": null,
      "to_method_name": null,
      "data_clump_type": "fields_to_fields_data_clump",
      "data_clump_data": {
        "_i2CNgV_-EDm0Q_Jfx-T24g": {
          "key": "_i2CNgV_-EDm0Q_Jfx-T24g",
          "name": "id",
          "type": null,
          "probability": 1,
          "modifiers": [],
          "to_variable": {
            "key": "_td6LIV_-EDm0Q_Jfx-T24g",
            "name": "id",
            "type": null,
            "modifiers": [],
            "position": {}
          },
          "position": {}
        },
        "_kG9p4V_-EDm0Q_Jfx-T24g": {
          "key": "_kG9p4V_-EDm0Q_Jfx-T24g",
          "name": "name",
          "type": null,
          "probability": 1,
          "modifiers": [],
          "to_variable": {
            "key": "_unJrIV_-EDm0Q_Jfx-T24g",
            "name": "name",
            "type": null,
            "modifiers": [],
            "position": {}
          },
          "position": {}
        },
        "_kY5HYF_-EDm0Q_Jfx-T24g": {
          "key": "_kY5HYF_-EDm0Q_Jfx-T24g",
          "name": "lastName",
          "type": null,
          "probability": 1,
          "modifiers": [],
          "to_variable": {
            "key": "_wpIxAV_-EDm0Q_Jfx-T24g",
            "name": "lastName",
            "type": null,
            "modifiers": [],
            "position": {}
          },
          "position": {}
        },
        "_kwnD0V_-EDm0Q_Jfx-T24g": {
          "key": "_kwnD0V_-EDm0Q_Jfx-T24g",
          "name": "contact",
          "type": null,
          "probability": 1,
          "modifiers": [],
          "to_variable": {
            "key": "_ygfUMF_-EDm0Q_Jfx-T24g",
            "name": "contact",
            "type": null,
            "modifiers": [],
            "position": {}
          },
          "position": {}
        }
      }
    }
  }
}