{
  "report_version": "unknown",
  "report_timestamp": "2025-03-26T21:49:28.930Z",
  "target_language": "java",
  "report_summary": {
    "additional": null,
    "amount_classes_or_interfaces_with_data_clumps": 2,
    "amount_files_with_data_clumps": 2,
    "amount_methods_with_data_clumps": 0,
    "fields_to_fields_data_clump": 2,
    "parameters_to_fields_data_clump": 0,
    "parameters_to_parameters_data_clump": 0,
    "amount_data_clumps": 2
  },
  "project_info": {
    "project_url": "unknown_project_url",
    "project_name": "_uhr5kPghEemUnaCK8fYTPQ",
    "project_version": "unknown_project_version",
    "project_commit_hash": "unknown",
    "project_tag": null,
    "project_commit_date": null,
    "additional": {},
    "number_of_files": 6,
    "number_of_classes_or_interfaces": 6,
    "number_of_methods": 37,
    "number_of_data_fields": 21,
    "number_of_method_parameters": 0
  },
  "detector": {
    "name": "data-clumps-doctor",
    "url": "https://github.com/NilsBaumgartner1994/data-clumps-doctor",
    "version": "0.1.100",
    "options": {
      "typeVariablesConsidered": false,
      "similarityModifierOfVariablesWithUnknownType": 0,
      "fieldsOfClassesWithUnknownHierarchyProbabilityModifier": 0,
      "sharedFieldsToFieldsAmountMinimum": 3,
      "analyseFieldsInClassesOrInterfacesInheritedFromSuperClassesOrInterfaces": false,
      "sharedParametersToParametersAmountMinimum": 3,
      "sharedParametersToFieldsAmountMinimum": 3,
      "methodsOfClassesOrInterfacesWithUnknownHierarchyProbabilityModifier": 0
    }
  },
  "data_clumps": {
    "fields_to_fields_data_clump-./AV-_AkbIANvbEDeRfZ6sW4E6hA-_ecqYgdvaEDeRfZ6sW4E6hA-TitleIDChecked_InStatusLocation": {
      "type": "data_clump",
      "key": "fields_to_fields_data_clump-./AV-_AkbIANvbEDeRfZ6sW4E6hA-_ecqYgdvaEDeRfZ6sW4E6hA-TitleIDChecked_InStatusLocation",
      "probability": 1,
      "from_file_path": "./AV",
      "from_class_or_interface_name": "AV",
      "from_class_or_interface_key": "_AkbIANvbEDeRfZ6sW4E6hA",
      "from_method_name": null,
      "from_method_key": null,
      "to_file_path": "./Book",
      "to_class_or_interface_key": "_ecqYgdvaEDeRfZ6sW4E6hA",
      "to_class_or_interface_name": "AV",
      "to_method_key": null,
      "to_method_name": null,
      "data_clump_type": "fields_to_fields_data_clump",
      "data_clump_data": {
        "_AkbvENvbEDeRfZ6sW4E6hA": {
          "key": "_AkbvENvbEDeRfZ6sW4E6hA",
          "name": "Title",
          "type": null,
          "probability": 1,
          "modifiers": [
            "public"
          ],
          "to_variable": {
            "key": "_gUyXwNvaEDeRfZ6sW4E6hA",
            "name": "Title",
            "type": null,
            "modifiers": [
              "public"
            ],
            "position": {}
          },
          "position": {}
        },
        "_AkbvEdvbEDeRfZ6sW4E6hA": {
          "key": "_AkbvEdvbEDeRfZ6sW4E6hA",
          "name": "ID",
          "type": null,
          "probability": 1,
          "modifiers": [],
          "to_variable": {
            "key": "_i-AcwNvaEDeRfZ6sW4E6hA",
            "name": "ID",
            "type": null,
            "modifiers": [],
            "position": {}
          },
          "position": {}
        },
        "_AkcWIdvbEDeRfZ6sW4E6hA": {
          "key": "_AkcWIdvbEDeRfZ6sW4E6hA",
          "name": "Checked_In",
          "type": null,
          "probability": 1,
          "modifiers": [],
          "to_variable": {
            "key": "_ptw5UNvaEDeRfZ6sW4E6hA",
            "name": "Checked_In",
            "type": null,
            "modifiers": [],
            "position": {}
          },
          "position": {}
        },
        "_AkcWItvbEDeRfZ6sW4E6hA": {
          "key": "_AkcWItvbEDeRfZ6sW4E6hA",
          "name": "Status",
          "type": null,
          "probability": 1,
          "modifiers": [],
          "to_variable": {
            "key": "_tNyDcNvaEDeRfZ6sW4E6hA",
            "name": "Status",
            "type": null,
            "modifiers": [],
            "position": {}
          },
          "position": {}
        },
        "_pp3dIepGEDeXxqG-KuELog": {
          "key": "_pp3dIepGEDeXxqG-KuELog",
          "name": "Location",
          "type": null,
          "probability": 1,
          "modifiers": [],
          "to_variable": {
            "key": "_OYTwcepGEDeXxqG-KuELog",
            "name": "Location",
            "type": null,
            "modifiers": [],
            "position": {}
          },
          "position": {}
        }
      }
    },
    "fields_to_fields_data_clump-./Book-_ecqYgdvaEDeRfZ6sW4E6hA-_AkbIANvbEDeRfZ6sW4E6hA-TitleIDChecked_InStatusLocation": {
      "type": "data_clump",
      "key": "fields_to_fields_data_clump-./Book-_ecqYgdvaEDeRfZ6sW4E6hA-_AkbIANvbEDeRfZ6sW4E6hA-TitleIDChecked_InStatusLocation",
      "probability": 1,
      "from_file_path": "./Book",
      "from_class_or_interface_name": "Book",
      "from_class_or_interface_key": "_ecqYgdvaEDeRfZ6sW4E6hA",
      "from_method_name": null,
      "from_method_key": null,
      "to_file_path": "./AV",
      "to_class_or_interface_key": "_AkbIANvbEDeRfZ6sW4E6hA",
      "to_class_or_interface_name": "Book",
      "to_method_key": null,
      "to_method_name": null,
      "data_clump_type": "fields_to_fields_data_clump",
      "data_clump_data": {
        "_gUyXwNvaEDeRfZ6sW4E6hA": {
          "key": "_gUyXwNvaEDeRfZ6sW4E6hA",
          "name": "Title",
          "type": null,
          "probability": 1,
          "modifiers": [
            "public"
          ],
          "to_variable": {
            "key": "_AkbvENvbEDeRfZ6sW4E6hA",
            "name": "Title",
            "type": null,
            "modifiers": [
              "public"
            ],
            "position": {}
          },
          "position": {}
        },
        "_i-AcwNvaEDeRfZ6sW4E6hA": {
          "key": "_i-AcwNvaEDeRfZ6sW4E6hA",
          "name": "ID",
          "type": null,
          "probability": 1,
          "modifiers": [],
          "to_variable": {
            "key": "_AkbvEdvbEDeRfZ6sW4E6hA",
            "name": "ID",
            "type": null,
            "modifiers": [],
            "position": {}
          },
          "position": {}
        },
        "_ptw5UNvaEDeRfZ6sW4E6hA": {
          "key": "_ptw5UNvaEDeRfZ6sW4E6hA",
          "name": "Checked_In",
          "type": null,
          "probability": 1,
          "modifiers": [],
          "to_variable": {
            "key": "_AkcWIdvbEDeRfZ6sW4E6hA",
            "name": "Checked_In",
            "type": null,
            "modifiers": [],
            "position": {}
          },
          "position": {}
        },
        "_tNyDcNvaEDeRfZ6sW4E6hA": {
          "key": "_tNyDcNvaEDeRfZ6sW4E6hA",
          "name": "Status",
          "type": null,
          "probability": 1,
          "modifiers": [],
          "to_variable": {
            "key": "_AkcWItvbEDeRfZ6sW4E6hA",
            "name": "Status",
            "type": null,
            "modifiers": [],
            "position": {}
          },
          "position": {}
        },
        "_OYTwcepGEDeXxqG-KuELog": {
          "key": "_OYTwcepGEDeXxqG-KuELog",
          "name": "Location",
          "type": null,
          "probability": 1,
          "modifiers": [],
          "to_variable": {
            "key": "_pp3dIepGEDeXxqG-KuELog",
            "name": "Location",
            "type": null,
            "modifiers": [],
            "position": {}
          },
          "position": {}
        }
      }
    }
  }
}