{
  "report_version": "unknown",
  "report_timestamp": "2025-03-26T22:08:27.900Z",
  "target_language": "java",
  "report_summary": {
    "additional": null,
    "amount_classes_or_interfaces_with_data_clumps": 7,
    "amount_files_with_data_clumps": 7,
    "amount_methods_with_data_clumps": 0,
    "fields_to_fields_data_clump": 24,
    "parameters_to_fields_data_clump": 0,
    "parameters_to_parameters_data_clump": 0,
    "amount_data_clumps": 24
  },
  "project_info": {
    "project_url": "unknown_project_url",
    "project_name": "_wBsJcJJdEeainvmnUzYhyQ",
    "project_version": "unknown_project_version",
    "project_commit_hash": "unknown",
    "project_tag": null,
    "project_commit_date": null,
    "additional": {},
    "number_of_files": 7,
    "number_of_classes_or_interfaces": 7,
    "number_of_methods": 0,
    "number_of_data_fields": 35,
    "number_of_method_parameters": 0
  },
  "detector": {
    "name": "data-clumps-doctor",
    "url": "https://github.com/NilsBaumgartner1994/data-clumps-doctor",
    "version": "0.1.100",
    "options": {
      "typeVariablesConsidered": false,
      "similarityModifierOfVariablesWithUnknownType": 0,
      "fieldsOfClassesWithUnknownHierarchyProbabilityModifier": 0,
      "sharedFieldsToFieldsAmountMinimum": 3,
      "analyseFieldsInClassesOrInterfacesInheritedFromSuperClassesOrInterfaces": false,
      "sharedParametersToParametersAmountMinimum": 3,
      "sharedParametersToFieldsAmountMinimum": 3,
      "methodsOfClassesOrInterfacesWithUnknownHierarchyProbabilityModifier": 0
    }
  },
  "data_clumps": {
    "fields_to_fields_data_clump-./Departamentos-_jmxwsXS4EDS2f925-3rPBQ-_8QgfgHS4EDS2f925-3rPBQ-nombrefecha_creacionestado": {
      "type": "data_clump",
      "key": "fields_to_fields_data_clump-./Departamentos-_jmxwsXS4EDS2f925-3rPBQ-_8QgfgHS4EDS2f925-3rPBQ-nombrefecha_creacionestado",
      "probability": 1,
      "from_file_path": "./Departamentos",
      "from_class_or_interface_name": "Departamentos",
      "from_class_or_interface_key": "_jmxwsXS4EDS2f925-3rPBQ",
      "from_method_name": null,
      "from_method_key": null,
      "to_file_path": "./Equipos",
      "to_class_or_interface_key": "_8QgfgHS4EDS2f925-3rPBQ",
      "to_class_or_interface_name": "Departamentos",
      "to_method_key": null,
      "to_method_name": null,
      "data_clump_type": "fields_to_fields_data_clump",
      "data_clump_data": {
        "_xrMtsHS4EDS2f925-3rPBQ": {
          "key": "_xrMtsHS4EDS2f925-3rPBQ",
          "name": "nombre",
          "type": null,
          "probability": 1,
          "modifiers": [
            "public"
          ],
          "to_variable": {
            "key": "_8QhGkXS4EDS2f925-3rPBQ",
            "name": "nombre",
            "type": null,
            "modifiers": [
              "public"
            ],
            "position": {}
          },
          "position": {}
        },
        "_xwYIoHS4EDS2f925-3rPBQ": {
          "key": "_xwYIoHS4EDS2f925-3rPBQ",
          "name": "fecha_creacion",
          "type": null,
          "probability": 1,
          "modifiers": [
            "public"
          ],
          "to_variable": {
            "key": "_8QhGk3S4EDS2f925-3rPBQ",
            "name": "fecha_creacion",
            "type": null,
            "modifiers": [
              "public"
            ],
            "position": {}
          },
          "position": {}
        },
        "_xxwBoHS4EDS2f925-3rPBQ": {
          "key": "_xxwBoHS4EDS2f925-3rPBQ",
          "name": "estado",
          "type": null,
          "probability": 1,
          "modifiers": [
            "public"
          ],
          "to_variable": {
            "key": "_8QhGlHS4EDS2f925-3rPBQ",
            "name": "estado",
            "type": null,
            "modifiers": [
              "public"
            ],
            "position": {}
          },
          "position": {}
        }
      }
    },
    "fields_to_fields_data_clump-./Departamentos-_jmxwsXS4EDS2f925-3rPBQ-_7ApaIHS4EDS2f925-3rPBQ-id_departamentofecha_creacionestado": {
      "type": "data_clump",
      "key": "fields_to_fields_data_clump-./Departamentos-_jmxwsXS4EDS2f925-3rPBQ-_7ApaIHS4EDS2f925-3rPBQ-id_departamentofecha_creacionestado",
      "probability": 1,
      "from_file_path": "./Departamentos",
      "from_class_or_interface_name": "Departamentos",
      "from_class_or_interface_key": "_jmxwsXS4EDS2f925-3rPBQ",
      "from_method_name": null,
      "from_method_key": null,
      "to_file_path": "./Equipos_departamentos",
      "to_class_or_interface_key": "_7ApaIHS4EDS2f925-3rPBQ",
      "to_class_or_interface_name": "Departamentos",
      "to_method_key": null,
      "to_method_name": null,
      "data_clump_type": "fields_to_fields_data_clump",
      "data_clump_data": {
        "_wMsIUHS4EDS2f925-3rPBQ": {
          "key": "_wMsIUHS4EDS2f925-3rPBQ",
          "name": "id_departamento",
          "type": null,
          "probability": 1,
          "modifiers": [
            "public"
          ],
          "to_variable": {
            "key": "_IaVYEHS5EDS2f925-3rPBQ",
            "name": "id_departamento",
            "type": null,
            "modifiers": [
              "public"
            ],
            "position": {}
          },
          "position": {}
        },
        "_xwYIoHS4EDS2f925-3rPBQ": {
          "key": "_xwYIoHS4EDS2f925-3rPBQ",
          "name": "fecha_creacion",
          "type": null,
          "probability": 1,
          "modifiers": [
            "public"
          ],
          "to_variable": {
            "key": "_MxzuoHS5EDS2f925-3rPBQ",
            "name": "fecha_creacion",
            "type": null,
            "modifiers": [
              "public"
            ],
            "position": {}
          },
          "position": {}
        },
        "_xxwBoHS4EDS2f925-3rPBQ": {
          "key": "_xxwBoHS4EDS2f925-3rPBQ",
          "name": "estado",
          "type": null,
          "probability": 1,
          "modifiers": [
            "public"
          ],
          "to_variable": {
            "key": "_MzLAkHS5EDS2f925-3rPBQ",
            "name": "estado",
            "type": null,
            "modifiers": [
              "public"
            ],
            "position": {}
          },
          "position": {}
        }
      }
    },
    "fields_to_fields_data_clump-./Departamentos-_jmxwsXS4EDS2f925-3rPBQ-_Tf8akHS5EDS2f925-3rPBQ-nombrefecha_creacionestado": {
      "type": "data_clump",
      "key": "fields_to_fields_data_clump-./Departamentos-_jmxwsXS4EDS2f925-3rPBQ-_Tf8akHS5EDS2f925-3rPBQ-nombrefecha_creacionestado",
      "probability": 1,
      "from_file_path": "./Departamentos",
      "from_class_or_interface_name": "Departamentos",
      "from_class_or_interface_key": "_jmxwsXS4EDS2f925-3rPBQ",
      "from_method_name": null,
      "from_method_key": null,
      "to_file_path": "./Estaciones",
      "to_class_or_interface_key": "_Tf8akHS5EDS2f925-3rPBQ",
      "to_class_or_interface_name": "Departamentos",
      "to_method_key": null,
      "to_method_name": null,
      "data_clump_type": "fields_to_fields_data_clump",
      "data_clump_data": {
        "_xrMtsHS4EDS2f925-3rPBQ": {
          "key": "_xrMtsHS4EDS2f925-3rPBQ",
          "name": "nombre",
          "type": null,
          "probability": 1,
          "modifiers": [
            "public"
          ],
          "to_variable": {
            "key": "_Tf9BoXS5EDS2f925-3rPBQ",
            "name": "nombre",
            "type": null,
            "modifiers": [
              "public"
            ],
            "position": {}
          },
          "position": {}
        },
        "_xwYIoHS4EDS2f925-3rPBQ": {
          "key": "_xwYIoHS4EDS2f925-3rPBQ",
          "name": "fecha_creacion",
          "type": null,
          "probability": 1,
          "modifiers": [
            "public"
          ],
          "to_variable": {
            "key": "_Tf9Bo3S5EDS2f925-3rPBQ",
            "name": "fecha_creacion",
            "type": null,
            "modifiers": [
              "public"
            ],
            "position": {}
          },
          "position": {}
        },
        "_xxwBoHS4EDS2f925-3rPBQ": {
          "key": "_xxwBoHS4EDS2f925-3rPBQ",
          "name": "estado",
          "type": null,
          "probability": 1,
          "modifiers": [
            "public"
          ],
          "to_variable": {
            "key": "_Tf9BpHS5EDS2f925-3rPBQ",
            "name": "estado",
            "type": null,
            "modifiers": [
              "public"
            ],
            "position": {}
          },
          "position": {}
        }
      }
    },
    "fields_to_fields_data_clump-./Departamentos-_jmxwsXS4EDS2f925-3rPBQ-_buTjIHS5EDS2f925-3rPBQ-id_sectorfecha_creacionestado": {
      "type": "data_clump",
      "key": "fields_to_fields_data_clump-./Departamentos-_jmxwsXS4EDS2f925-3rPBQ-_buTjIHS5EDS2f925-3rPBQ-id_sectorfecha_creacionestado",
      "probability": 1,
      "from_file_path": "./Departamentos",
      "from_class_or_interface_name": "Departamentos",
      "from_class_or_interface_key": "_jmxwsXS4EDS2f925-3rPBQ",
      "from_method_name": null,
      "from_method_key": null,
      "to_file_path": "./Rutas",
      "to_class_or_interface_key": "_buTjIHS5EDS2f925-3rPBQ",
      "to_class_or_interface_name": "Departamentos",
      "to_method_key": null,
      "to_method_name": null,
      "data_clump_type": "fields_to_fields_data_clump",
      "data_clump_data": {
        "_xutUsHS4EDS2f925-3rPBQ": {
          "key": "_xutUsHS4EDS2f925-3rPBQ",
          "name": "id_sector",
          "type": null,
          "probability": 1,
          "modifiers": [
            "public"
          ],
          "to_variable": {
            "key": "_pLbPkHS5EDS2f925-3rPBQ",
            "name": "id_sector",
            "type": null,
            "modifiers": [
              "public"
            ],
            "position": {}
          },
          "position": {}
        },
        "_xwYIoHS4EDS2f925-3rPBQ": {
          "key": "_xwYIoHS4EDS2f925-3rPBQ",
          "name": "fecha_creacion",
          "type": null,
          "probability": 1,
          "modifiers": [
            "public"
          ],
          "to_variable": {
            "key": "_buUKMXS5EDS2f925-3rPBQ",
            "name": "fecha_creacion",
            "type": null,
            "modifiers": [
              "public"
            ],
            "position": {}
          },
          "position": {}
        },
        "_xxwBoHS4EDS2f925-3rPBQ": {
          "key": "_xxwBoHS4EDS2f925-3rPBQ",
          "name": "estado",
          "type": null,
          "probability": 1,
          "modifiers": [
            "public"
          ],
          "to_variable": {
            "key": "_buUKMnS5EDS2f925-3rPBQ",
            "name": "estado",
            "type": null,
            "modifiers": [
              "public"
            ],
            "position": {}
          },
          "position": {}
        }
      }
    },
    "fields_to_fields_data_clump-./Departamentos-_jmxwsXS4EDS2f925-3rPBQ-_CrgXkHS6EDS2f925-3rPBQ-nombreid_sectorfecha_creacionestado": {
      "type": "data_clump",
      "key": "fields_to_fields_data_clump-./Departamentos-_jmxwsXS4EDS2f925-3rPBQ-_CrgXkHS6EDS2f925-3rPBQ-nombreid_sectorfecha_creacionestado",
      "probability": 1,
      "from_file_path": "./Departamentos",
      "from_class_or_interface_name": "Departamentos",
      "from_class_or_interface_key": "_jmxwsXS4EDS2f925-3rPBQ",
      "from_method_name": null,
      "from_method_key": null,
      "to_file_path": "./Sectores",
      "to_class_or_interface_key": "_CrgXkHS6EDS2f925-3rPBQ",
      "to_class_or_interface_name": "Departamentos",
      "to_method_key": null,
      "to_method_name": null,
      "data_clump_type": "fields_to_fields_data_clump",
      "data_clump_data": {
        "_xrMtsHS4EDS2f925-3rPBQ": {
          "key": "_xrMtsHS4EDS2f925-3rPBQ",
          "name": "nombre",
          "type": null,
          "probability": 1,
          "modifiers": [
            "public"
          ],
          "to_variable": {
            "key": "_CrgXknS6EDS2f925-3rPBQ",
            "name": "nombre",
            "type": null,
            "modifiers": [
              "public"
            ],
            "position": {}
          },
          "position": {}
        },
        "_xutUsHS4EDS2f925-3rPBQ": {
          "key": "_xutUsHS4EDS2f925-3rPBQ",
          "name": "id_sector",
          "type": null,
          "probability": 1,
          "modifiers": [
            "public"
          ],
          "to_variable": {
            "key": "_CrgXkXS6EDS2f925-3rPBQ",
            "name": "id_sector",
            "type": null,
            "modifiers": [
              "public"
            ],
            "position": {}
          },
          "position": {}
        },
        "_xwYIoHS4EDS2f925-3rPBQ": {
          "key": "_xwYIoHS4EDS2f925-3rPBQ",
          "name": "fecha_creacion",
          "type": null,
          "probability": 1,
          "modifiers": [
            "public"
          ],
          "to_variable": {
            "key": "_Crg-oHS6EDS2f925-3rPBQ",
            "name": "fecha_creacion",
            "type": null,
            "modifiers": [
              "public"
            ],
            "position": {}
          },
          "position": {}
        },
        "_xxwBoHS4EDS2f925-3rPBQ": {
          "key": "_xxwBoHS4EDS2f925-3rPBQ",
          "name": "estado",
          "type": null,
          "probability": 1,
          "modifiers": [
            "public"
          ],
          "to_variable": {
            "key": "_Crg-oXS6EDS2f925-3rPBQ",
            "name": "estado",
            "type": null,
            "modifiers": [
              "public"
            ],
            "position": {}
          },
          "position": {}
        }
      }
    },
    "fields_to_fields_data_clump-./Equipos-_8QgfgHS4EDS2f925-3rPBQ-_jmxwsXS4EDS2f925-3rPBQ-nombrefecha_creacionestado": {
      "type": "data_clump",
      "key": "fields_to_fields_data_clump-./Equipos-_8QgfgHS4EDS2f925-3rPBQ-_jmxwsXS4EDS2f925-3rPBQ-nombrefecha_creacionestado",
      "probability": 1,
      "from_file_path": "./Equipos",
      "from_class_or_interface_name": "Equipos",
      "from_class_or_interface_key": "_8QgfgHS4EDS2f925-3rPBQ",
      "from_method_name": null,
      "from_method_key": null,
      "to_file_path": "./Departamentos",
      "to_class_or_interface_key": "_jmxwsXS4EDS2f925-3rPBQ",
      "to_class_or_interface_name": "Equipos",
      "to_method_key": null,
      "to_method_name": null,
      "data_clump_type": "fields_to_fields_data_clump",
      "data_clump_data": {
        "_8QhGkXS4EDS2f925-3rPBQ": {
          "key": "_8QhGkXS4EDS2f925-3rPBQ",
          "name": "nombre",
          "type": null,
          "probability": 1,
          "modifiers": [
            "public"
          ],
          "to_variable": {
            "key": "_xrMtsHS4EDS2f925-3rPBQ",
            "name": "nombre",
            "type": null,
            "modifiers": [
              "public"
            ],
            "position": {}
          },
          "position": {}
        },
        "_8QhGk3S4EDS2f925-3rPBQ": {
          "key": "_8QhGk3S4EDS2f925-3rPBQ",
          "name": "fecha_creacion",
          "type": null,
          "probability": 1,
          "modifiers": [
            "public"
          ],
          "to_variable": {
            "key": "_xwYIoHS4EDS2f925-3rPBQ",
            "name": "fecha_creacion",
            "type": null,
            "modifiers": [
              "public"
            ],
            "position": {}
          },
          "position": {}
        },
        "_8QhGlHS4EDS2f925-3rPBQ": {
          "key": "_8QhGlHS4EDS2f925-3rPBQ",
          "name": "estado",
          "type": null,
          "probability": 1,
          "modifiers": [
            "public"
          ],
          "to_variable": {
            "key": "_xxwBoHS4EDS2f925-3rPBQ",
            "name": "estado",
            "type": null,
            "modifiers": [
              "public"
            ],
            "position": {}
          },
          "position": {}
        }
      }
    },
    "fields_to_fields_data_clump-./Equipos-_8QgfgHS4EDS2f925-3rPBQ-_7ApaIHS4EDS2f925-3rPBQ-id_equipofecha_creacionestado": {
      "type": "data_clump",
      "key": "fields_to_fields_data_clump-./Equipos-_8QgfgHS4EDS2f925-3rPBQ-_7ApaIHS4EDS2f925-3rPBQ-id_equipofecha_creacionestado",
      "probability": 1,
      "from_file_path": "./Equipos",
      "from_class_or_interface_name": "Equipos",
      "from_class_or_interface_key": "_8QgfgHS4EDS2f925-3rPBQ",
      "from_method_name": null,
      "from_method_key": null,
      "to_file_path": "./Equipos_departamentos",
      "to_class_or_interface_key": "_7ApaIHS4EDS2f925-3rPBQ",
      "to_class_or_interface_name": "Equipos",
      "to_method_key": null,
      "to_method_name": null,
      "data_clump_type": "fields_to_fields_data_clump",
      "data_clump_data": {
        "_8QhGkHS4EDS2f925-3rPBQ": {
          "key": "_8QhGkHS4EDS2f925-3rPBQ",
          "name": "id_equipo",
          "type": null,
          "probability": 1,
          "modifiers": [
            "public"
          ],
          "to_variable": {
            "key": "_Ib3CEHS5EDS2f925-3rPBQ",
            "name": "id_equipo",
            "type": null,
            "modifiers": [
              "public"
            ],
            "position": {}
          },
          "position": {}
        },
        "_8QhGk3S4EDS2f925-3rPBQ": {
          "key": "_8QhGk3S4EDS2f925-3rPBQ",
          "name": "fecha_creacion",
          "type": null,
          "probability": 1,
          "modifiers": [
            "public"
          ],
          "to_variable": {
            "key": "_MxzuoHS5EDS2f925-3rPBQ",
            "name": "fecha_creacion",
            "type": null,
            "modifiers": [
              "public"
            ],
            "position": {}
          },
          "position": {}
        },
        "_8QhGlHS4EDS2f925-3rPBQ": {
          "key": "_8QhGlHS4EDS2f925-3rPBQ",
          "name": "estado",
          "type": null,
          "probability": 1,
          "modifiers": [
            "public"
          ],
          "to_variable": {
            "key": "_MzLAkHS5EDS2f925-3rPBQ",
            "name": "estado",
            "type": null,
            "modifiers": [
              "public"
            ],
            "position": {}
          },
          "position": {}
        }
      }
    },
    "fields_to_fields_data_clump-./Equipos-_8QgfgHS4EDS2f925-3rPBQ-_Tf8akHS5EDS2f925-3rPBQ-nombrefecha_creacionestado": {
      "type": "data_clump",
      "key": "fields_to_fields_data_clump-./Equipos-_8QgfgHS4EDS2f925-3rPBQ-_Tf8akHS5EDS2f925-3rPBQ-nombrefecha_creacionestado",
      "probability": 1,
      "from_file_path": "./Equipos",
      "from_class_or_interface_name": "Equipos",
      "from_class_or_interface_key": "_8QgfgHS4EDS2f925-3rPBQ",
      "from_method_name": null,
      "from_method_key": null,
      "to_file_path": "./Estaciones",
      "to_class_or_interface_key": "_Tf8akHS5EDS2f925-3rPBQ",
      "to_class_or_interface_name": "Equipos",
      "to_method_key": null,
      "to_method_name": null,
      "data_clump_type": "fields_to_fields_data_clump",
      "data_clump_data": {
        "_8QhGkXS4EDS2f925-3rPBQ": {
          "key": "_8QhGkXS4EDS2f925-3rPBQ",
          "name": "nombre",
          "type": null,
          "probability": 1,
          "modifiers": [
            "public"
          ],
          "to_variable": {
            "key": "_Tf9BoXS5EDS2f925-3rPBQ",
            "name": "nombre",
            "type": null,
            "modifiers": [
              "public"
            ],
            "position": {}
          },
          "position": {}
        },
        "_8QhGk3S4EDS2f925-3rPBQ": {
          "key": "_8QhGk3S4EDS2f925-3rPBQ",
          "name": "fecha_creacion",
          "type": null,
          "probability": 1,
          "modifiers": [
            "public"
          ],
          "to_variable": {
            "key": "_Tf9Bo3S5EDS2f925-3rPBQ",
            "name": "fecha_creacion",
            "type": null,
            "modifiers": [
              "public"
            ],
            "position": {}
          },
          "position": {}
        },
        "_8QhGlHS4EDS2f925-3rPBQ": {
          "key": "_8QhGlHS4EDS2f925-3rPBQ",
          "name": "estado",
          "type": null,
          "probability": 1,
          "modifiers": [
            "public"
          ],
          "to_variable": {
            "key": "_Tf9BpHS5EDS2f925-3rPBQ",
            "name": "estado",
            "type": null,
            "modifiers": [
              "public"
            ],
            "position": {}
          },
          "position": {}
        }
      }
    },
    "fields_to_fields_data_clump-./Equipos-_8QgfgHS4EDS2f925-3rPBQ-_CrgXkHS6EDS2f925-3rPBQ-nombrefecha_creacionestado": {
      "type": "data_clump",
      "key": "fields_to_fields_data_clump-./Equipos-_8QgfgHS4EDS2f925-3rPBQ-_CrgXkHS6EDS2f925-3rPBQ-nombrefecha_creacionestado",
      "probability": 1,
      "from_file_path": "./Equipos",
      "from_class_or_interface_name": "Equipos",
      "from_class_or_interface_key": "_8QgfgHS4EDS2f925-3rPBQ",
      "from_method_name": null,
      "from_method_key": null,
      "to_file_path": "./Sectores",
      "to_class_or_interface_key": "_CrgXkHS6EDS2f925-3rPBQ",
      "to_class_or_interface_name": "Equipos",
      "to_method_key": null,
      "to_method_name": null,
      "data_clump_type": "fields_to_fields_data_clump",
      "data_clump_data": {
        "_8QhGkXS4EDS2f925-3rPBQ": {
          "key": "_8QhGkXS4EDS2f925-3rPBQ",
          "name": "nombre",
          "type": null,
          "probability": 1,
          "modifiers": [
            "public"
          ],
          "to_variable": {
            "key": "_CrgXknS6EDS2f925-3rPBQ",
            "name": "nombre",
            "type": null,
            "modifiers": [
              "public"
            ],
            "position": {}
          },
          "position": {}
        },
        "_8QhGk3S4EDS2f925-3rPBQ": {
          "key": "_8QhGk3S4EDS2f925-3rPBQ",
          "name": "fecha_creacion",
          "type": null,
          "probability": 1,
          "modifiers": [
            "public"
          ],
          "to_variable": {
            "key": "_Crg-oHS6EDS2f925-3rPBQ",
            "name": "fecha_creacion",
            "type": null,
            "modifiers": [
              "public"
            ],
            "position": {}
          },
          "position": {}
        },
        "_8QhGlHS4EDS2f925-3rPBQ": {
          "key": "_8QhGlHS4EDS2f925-3rPBQ",
          "name": "estado",
          "type": null,
          "probability": 1,
          "modifiers": [
            "public"
          ],
          "to_variable": {
            "key": "_Crg-oXS6EDS2f925-3rPBQ",
            "name": "estado",
            "type": null,
            "modifiers": [
              "public"
            ],
            "position": {}
          },
          "position": {}
        }
      }
    },
    "fields_to_fields_data_clump-./Equipos_departamentos-_7ApaIHS4EDS2f925-3rPBQ-_jmxwsXS4EDS2f925-3rPBQ-id_departamentofecha_creacionestado": {
      "type": "data_clump",
      "key": "fields_to_fields_data_clump-./Equipos_departamentos-_7ApaIHS4EDS2f925-3rPBQ-_jmxwsXS4EDS2f925-3rPBQ-id_departamentofecha_creacionestado",
      "probability": 1,
      "from_file_path": "./Equipos_departamentos",
      "from_class_or_interface_name": "Equipos_departamentos",
      "from_class_or_interface_key": "_7ApaIHS4EDS2f925-3rPBQ",
      "from_method_name": null,
      "from_method_key": null,
      "to_file_path": "./Departamentos",
      "to_class_or_interface_key": "_jmxwsXS4EDS2f925-3rPBQ",
      "to_class_or_interface_name": "Equipos_departamentos",
      "to_method_key": null,
      "to_method_name": null,
      "data_clump_type": "fields_to_fields_data_clump",
      "data_clump_data": {
        "_IaVYEHS5EDS2f925-3rPBQ": {
          "key": "_IaVYEHS5EDS2f925-3rPBQ",
          "name": "id_departamento",
          "type": null,
          "probability": 1,
          "modifiers": [
            "public"
          ],
          "to_variable": {
            "key": "_wMsIUHS4EDS2f925-3rPBQ",
            "name": "id_departamento",
            "type": null,
            "modifiers": [
              "public"
            ],
            "position": {}
          },
          "position": {}
        },
        "_MxzuoHS5EDS2f925-3rPBQ": {
          "key": "_MxzuoHS5EDS2f925-3rPBQ",
          "name": "fecha_creacion",
          "type": null,
          "probability": 1,
          "modifiers": [
            "public"
          ],
          "to_variable": {
            "key": "_xwYIoHS4EDS2f925-3rPBQ",
            "name": "fecha_creacion",
            "type": null,
            "modifiers": [
              "public"
            ],
            "position": {}
          },
          "position": {}
        },
        "_MzLAkHS5EDS2f925-3rPBQ": {
          "key": "_MzLAkHS5EDS2f925-3rPBQ",
          "name": "estado",
          "type": null,
          "probability": 1,
          "modifiers": [
            "public"
          ],
          "to_variable": {
            "key": "_xxwBoHS4EDS2f925-3rPBQ",
            "name": "estado",
            "type": null,
            "modifiers": [
              "public"
            ],
            "position": {}
          },
          "position": {}
        }
      }
    },
    "fields_to_fields_data_clump-./Equipos_departamentos-_7ApaIHS4EDS2f925-3rPBQ-_8QgfgHS4EDS2f925-3rPBQ-id_equipofecha_creacionestado": {
      "type": "data_clump",
      "key": "fields_to_fields_data_clump-./Equipos_departamentos-_7ApaIHS4EDS2f925-3rPBQ-_8QgfgHS4EDS2f925-3rPBQ-id_equipofecha_creacionestado",
      "probability": 1,
      "from_file_path": "./Equipos_departamentos",
      "from_class_or_interface_name": "Equipos_departamentos",
      "from_class_or_interface_key": "_7ApaIHS4EDS2f925-3rPBQ",
      "from_method_name": null,
      "from_method_key": null,
      "to_file_path": "./Equipos",
      "to_class_or_interface_key": "_8QgfgHS4EDS2f925-3rPBQ",
      "to_class_or_interface_name": "Equipos_departamentos",
      "to_method_key": null,
      "to_method_name": null,
      "data_clump_type": "fields_to_fields_data_clump",
      "data_clump_data": {
        "_Ib3CEHS5EDS2f925-3rPBQ": {
          "key": "_Ib3CEHS5EDS2f925-3rPBQ",
          "name": "id_equipo",
          "type": null,
          "probability": 1,
          "modifiers": [
            "public"
          ],
          "to_variable": {
            "key": "_8QhGkHS4EDS2f925-3rPBQ",
            "name": "id_equipo",
            "type": null,
            "modifiers": [
              "public"
            ],
            "position": {}
          },
          "position": {}
        },
        "_MxzuoHS5EDS2f925-3rPBQ": {
          "key": "_MxzuoHS5EDS2f925-3rPBQ",
          "name": "fecha_creacion",
          "type": null,
          "probability": 1,
          "modifiers": [
            "public"
          ],
          "to_variable": {
            "key": "_8QhGk3S4EDS2f925-3rPBQ",
            "name": "fecha_creacion",
            "type": null,
            "modifiers": [
              "public"
            ],
            "position": {}
          },
          "position": {}
        },
        "_MzLAkHS5EDS2f925-3rPBQ": {
          "key": "_MzLAkHS5EDS2f925-3rPBQ",
          "name": "estado",
          "type": null,
          "probability": 1,
          "modifiers": [
            "public"
          ],
          "to_variable": {
            "key": "_8QhGlHS4EDS2f925-3rPBQ",
            "name": "estado",
            "type": null,
            "modifiers": [
              "public"
            ],
            "position": {}
          },
          "position": {}
        }
      }
    },
    "fields_to_fields_data_clump-./Estaciones-_Tf8akHS5EDS2f925-3rPBQ-_jmxwsXS4EDS2f925-3rPBQ-nombrefecha_creacionestado": {
      "type": "data_clump",
      "key": "fields_to_fields_data_clump-./Estaciones-_Tf8akHS5EDS2f925-3rPBQ-_jmxwsXS4EDS2f925-3rPBQ-nombrefecha_creacionestado",
      "probability": 1,
      "from_file_path": "./Estaciones",
      "from_class_or_interface_name": "Estaciones",
      "from_class_or_interface_key": "_Tf8akHS5EDS2f925-3rPBQ",
      "from_method_name": null,
      "from_method_key": null,
      "to_file_path": "./Departamentos",
      "to_class_or_interface_key": "_jmxwsXS4EDS2f925-3rPBQ",
      "to_class_or_interface_name": "Estaciones",
      "to_method_key": null,
      "to_method_name": null,
      "data_clump_type": "fields_to_fields_data_clump",
      "data_clump_data": {
        "_Tf9BoXS5EDS2f925-3rPBQ": {
          "key": "_Tf9BoXS5EDS2f925-3rPBQ",
          "name": "nombre",
          "type": null,
          "probability": 1,
          "modifiers": [
            "public"
          ],
          "to_variable": {
            "key": "_xrMtsHS4EDS2f925-3rPBQ",
            "name": "nombre",
            "type": null,
            "modifiers": [
              "public"
            ],
            "position": {}
          },
          "position": {}
        },
        "_Tf9Bo3S5EDS2f925-3rPBQ": {
          "key": "_Tf9Bo3S5EDS2f925-3rPBQ",
          "name": "fecha_creacion",
          "type": null,
          "probability": 1,
          "modifiers": [
            "public"
          ],
          "to_variable": {
            "key": "_xwYIoHS4EDS2f925-3rPBQ",
            "name": "fecha_creacion",
            "type": null,
            "modifiers": [
              "public"
            ],
            "position": {}
          },
          "position": {}
        },
        "_Tf9BpHS5EDS2f925-3rPBQ": {
          "key": "_Tf9BpHS5EDS2f925-3rPBQ",
          "name": "estado",
          "type": null,
          "probability": 1,
          "modifiers": [
            "public"
          ],
          "to_variable": {
            "key": "_xxwBoHS4EDS2f925-3rPBQ",
            "name": "estado",
            "type": null,
            "modifiers": [
              "public"
            ],
            "position": {}
          },
          "position": {}
        }
      }
    },
    "fields_to_fields_data_clump-./Estaciones-_Tf8akHS5EDS2f925-3rPBQ-_8QgfgHS4EDS2f925-3rPBQ-nombrefecha_creacionestado": {
      "type": "data_clump",
      "key": "fields_to_fields_data_clump-./Estaciones-_Tf8akHS5EDS2f925-3rPBQ-_8QgfgHS4EDS2f925-3rPBQ-nombrefecha_creacionestado",
      "probability": 1,
      "from_file_path": "./Estaciones",
      "from_class_or_interface_name": "Estaciones",
      "from_class_or_interface_key": "_Tf8akHS5EDS2f925-3rPBQ",
      "from_method_name": null,
      "from_method_key": null,
      "to_file_path": "./Equipos",
      "to_class_or_interface_key": "_8QgfgHS4EDS2f925-3rPBQ",
      "to_class_or_interface_name": "Estaciones",
      "to_method_key": null,
      "to_method_name": null,
      "data_clump_type": "fields_to_fields_data_clump",
      "data_clump_data": {
        "_Tf9BoXS5EDS2f925-3rPBQ": {
          "key": "_Tf9BoXS5EDS2f925-3rPBQ",
          "name": "nombre",
          "type": null,
          "probability": 1,
          "modifiers": [
            "public"
          ],
          "to_variable": {
            "key": "_8QhGkXS4EDS2f925-3rPBQ",
            "name": "nombre",
            "type": null,
            "modifiers": [
              "public"
            ],
            "position": {}
          },
          "position": {}
        },
        "_Tf9Bo3S5EDS2f925-3rPBQ": {
          "key": "_Tf9Bo3S5EDS2f925-3rPBQ",
          "name": "fecha_creacion",
          "type": null,
          "probability": 1,
          "modifiers": [
            "public"
          ],
          "to_variable": {
            "key": "_8QhGk3S4EDS2f925-3rPBQ",
            "name": "fecha_creacion",
            "type": null,
            "modifiers": [
              "public"
            ],
            "position": {}
          },
          "position": {}
        },
        "_Tf9BpHS5EDS2f925-3rPBQ": {
          "key": "_Tf9BpHS5EDS2f925-3rPBQ",
          "name": "estado",
          "type": null,
          "probability": 1,
          "modifiers": [
            "public"
          ],
          "to_variable": {
            "key": "_8QhGlHS4EDS2f925-3rPBQ",
            "name": "estado",
            "type": null,
            "modifiers": [
              "public"
            ],
            "position": {}
          },
          "position": {}
        }
      }
    },
    "fields_to_fields_data_clump-./Estaciones-_Tf8akHS5EDS2f925-3rPBQ-_F4FPAHS_EDSwJ_NJQeFkEw-id_estacionfecha_creacionestado": {
      "type": "data_clump",
      "key": "fields_to_fields_data_clump-./Estaciones-_Tf8akHS5EDS2f925-3rPBQ-_F4FPAHS_EDSwJ_NJQeFkEw-id_estacionfecha_creacionestado",
      "probability": 1,
      "from_file_path": "./Estaciones",
      "from_class_or_interface_name": "Estaciones",
      "from_class_or_interface_key": "_Tf8akHS5EDS2f925-3rPBQ",
      "from_method_name": null,
      "from_method_key": null,
      "to_file_path": "./Rutas_Estaciones",
      "to_class_or_interface_key": "_F4FPAHS_EDSwJ_NJQeFkEw",
      "to_class_or_interface_name": "Estaciones",
      "to_method_key": null,
      "to_method_name": null,
      "data_clump_type": "fields_to_fields_data_clump",
      "data_clump_data": {
        "_Tf9BoHS5EDS2f925-3rPBQ": {
          "key": "_Tf9BoHS5EDS2f925-3rPBQ",
          "name": "id_estacion",
          "type": null,
          "probability": 1,
          "modifiers": [
            "public"
          ],
          "to_variable": {
            "key": "_TizSkHS_EDSwJ_NJQeFkEw",
            "name": "id_estacion",
            "type": null,
            "modifiers": [
              "public"
            ],
            "position": {}
          },
          "position": {}
        },
        "_Tf9Bo3S5EDS2f925-3rPBQ": {
          "key": "_Tf9Bo3S5EDS2f925-3rPBQ",
          "name": "fecha_creacion",
          "type": null,
          "probability": 1,
          "modifiers": [
            "public"
          ],
          "to_variable": {
            "key": "_ZhCLkHS_EDSwJ_NJQeFkEw",
            "name": "fecha_creacion",
            "type": null,
            "modifiers": [
              "public"
            ],
            "position": {}
          },
          "position": {}
        },
        "_Tf9BpHS5EDS2f925-3rPBQ": {
          "key": "_Tf9BpHS5EDS2f925-3rPBQ",
          "name": "estado",
          "type": null,
          "probability": 1,
          "modifiers": [
            "public"
          ],
          "to_variable": {
            "key": "_ZhEn0HS_EDSwJ_NJQeFkEw",
            "name": "estado",
            "type": null,
            "modifiers": [
              "public"
            ],
            "position": {}
          },
          "position": {}
        }
      }
    },
    "fields_to_fields_data_clump-./Estaciones-_Tf8akHS5EDS2f925-3rPBQ-_CrgXkHS6EDS2f925-3rPBQ-nombrefecha_creacionestado": {
      "type": "data_clump",
      "key": "fields_to_fields_data_clump-./Estaciones-_Tf8akHS5EDS2f925-3rPBQ-_CrgXkHS6EDS2f925-3rPBQ-nombrefecha_creacionestado",
      "probability": 1,
      "from_file_path": "./Estaciones",
      "from_class_or_interface_name": "Estaciones",
      "from_class_or_interface_key": "_Tf8akHS5EDS2f925-3rPBQ",
      "from_method_name": null,
      "from_method_key": null,
      "to_file_path": "./Sectores",
      "to_class_or_interface_key": "_CrgXkHS6EDS2f925-3rPBQ",
      "to_class_or_interface_name": "Estaciones",
      "to_method_key": null,
      "to_method_name": null,
      "data_clump_type": "fields_to_fields_data_clump",
      "data_clump_data": {
        "_Tf9BoXS5EDS2f925-3rPBQ": {
          "key": "_Tf9BoXS5EDS2f925-3rPBQ",
          "name": "nombre",
          "type": null,
          "probability": 1,
          "modifiers": [
            "public"
          ],
          "to_variable": {
            "key": "_CrgXknS6EDS2f925-3rPBQ",
            "name": "nombre",
            "type": null,
            "modifiers": [
              "public"
            ],
            "position": {}
          },
          "position": {}
        },
        "_Tf9Bo3S5EDS2f925-3rPBQ": {
          "key": "_Tf9Bo3S5EDS2f925-3rPBQ",
          "name": "fecha_creacion",
          "type": null,
          "probability": 1,
          "modifiers": [
            "public"
          ],
          "to_variable": {
            "key": "_Crg-oHS6EDS2f925-3rPBQ",
            "name": "fecha_creacion",
            "type": null,
            "modifiers": [
              "public"
            ],
            "position": {}
          },
          "position": {}
        },
        "_Tf9BpHS5EDS2f925-3rPBQ": {
          "key": "_Tf9BpHS5EDS2f925-3rPBQ",
          "name": "estado",
          "type": null,
          "probability": 1,
          "modifiers": [
            "public"
          ],
          "to_variable": {
            "key": "_Crg-oXS6EDS2f925-3rPBQ",
            "name": "estado",
            "type": null,
            "modifiers": [
              "public"
            ],
            "position": {}
          },
          "position": {}
        }
      }
    },
    "fields_to_fields_data_clump-./Rutas-_buTjIHS5EDS2f925-3rPBQ-_jmxwsXS4EDS2f925-3rPBQ-id_sectorfecha_creacionestado": {
      "type": "data_clump",
      "key": "fields_to_fields_data_clump-./Rutas-_buTjIHS5EDS2f925-3rPBQ-_jmxwsXS4EDS2f925-3rPBQ-id_sectorfecha_creacionestado",
      "probability": 1,
      "from_file_path": "./Rutas",
      "from_class_or_interface_name": "Rutas",
      "from_class_or_interface_key": "_buTjIHS5EDS2f925-3rPBQ",
      "from_method_name": null,
      "from_method_key": null,
      "to_file_path": "./Departamentos",
      "to_class_or_interface_key": "_jmxwsXS4EDS2f925-3rPBQ",
      "to_class_or_interface_name": "Rutas",
      "to_method_key": null,
      "to_method_name": null,
      "data_clump_type": "fields_to_fields_data_clump",
      "data_clump_data": {
        "_pLbPkHS5EDS2f925-3rPBQ": {
          "key": "_pLbPkHS5EDS2f925-3rPBQ",
          "name": "id_sector",
          "type": null,
          "probability": 1,
          "modifiers": [
            "public"
          ],
          "to_variable": {
            "key": "_xutUsHS4EDS2f925-3rPBQ",
            "name": "id_sector",
            "type": null,
            "modifiers": [
              "public"
            ],
            "position": {}
          },
          "position": {}
        },
        "_buUKMXS5EDS2f925-3rPBQ": {
          "key": "_buUKMXS5EDS2f925-3rPBQ",
          "name": "fecha_creacion",
          "type": null,
          "probability": 1,
          "modifiers": [
            "public"
          ],
          "to_variable": {
            "key": "_xwYIoHS4EDS2f925-3rPBQ",
            "name": "fecha_creacion",
            "type": null,
            "modifiers": [
              "public"
            ],
            "position": {}
          },
          "position": {}
        },
        "_buUKMnS5EDS2f925-3rPBQ": {
          "key": "_buUKMnS5EDS2f925-3rPBQ",
          "name": "estado",
          "type": null,
          "probability": 1,
          "modifiers": [
            "public"
          ],
          "to_variable": {
            "key": "_xxwBoHS4EDS2f925-3rPBQ",
            "name": "estado",
            "type": null,
            "modifiers": [
              "public"
            ],
            "position": {}
          },
          "position": {}
        }
      }
    },
    "fields_to_fields_data_clump-./Rutas-_buTjIHS5EDS2f925-3rPBQ-_F4FPAHS_EDSwJ_NJQeFkEw-id_rutafecha_creacionestado": {
      "type": "data_clump",
      "key": "fields_to_fields_data_clump-./Rutas-_buTjIHS5EDS2f925-3rPBQ-_F4FPAHS_EDSwJ_NJQeFkEw-id_rutafecha_creacionestado",
      "probability": 1,
      "from_file_path": "./Rutas",
      "from_class_or_interface_name": "Rutas",
      "from_class_or_interface_key": "_buTjIHS5EDS2f925-3rPBQ",
      "from_method_name": null,
      "from_method_key": null,
      "to_file_path": "./Rutas_Estaciones",
      "to_class_or_interface_key": "_F4FPAHS_EDSwJ_NJQeFkEw",
      "to_class_or_interface_name": "Rutas",
      "to_method_key": null,
      "to_method_name": null,
      "data_clump_type": "fields_to_fields_data_clump",
      "data_clump_data": {
        "_buTjIXS5EDS2f925-3rPBQ": {
          "key": "_buTjIXS5EDS2f925-3rPBQ",
          "name": "id_ruta",
          "type": null,
          "probability": 1,
          "modifiers": [
            "public"
          ],
          "to_variable": {
            "key": "_SOZrcHS_EDSwJ_NJQeFkEw",
            "name": "id_ruta",
            "type": null,
            "modifiers": [
              "public"
            ],
            "position": {}
          },
          "position": {}
        },
        "_buUKMXS5EDS2f925-3rPBQ": {
          "key": "_buUKMXS5EDS2f925-3rPBQ",
          "name": "fecha_creacion",
          "type": null,
          "probability": 1,
          "modifiers": [
            "public"
          ],
          "to_variable": {
            "key": "_ZhCLkHS_EDSwJ_NJQeFkEw",
            "name": "fecha_creacion",
            "type": null,
            "modifiers": [
              "public"
            ],
            "position": {}
          },
          "position": {}
        },
        "_buUKMnS5EDS2f925-3rPBQ": {
          "key": "_buUKMnS5EDS2f925-3rPBQ",
          "name": "estado",
          "type": null,
          "probability": 1,
          "modifiers": [
            "public"
          ],
          "to_variable": {
            "key": "_ZhEn0HS_EDSwJ_NJQeFkEw",
            "name": "estado",
            "type": null,
            "modifiers": [
              "public"
            ],
            "position": {}
          },
          "position": {}
        }
      }
    },
    "fields_to_fields_data_clump-./Rutas-_buTjIHS5EDS2f925-3rPBQ-_CrgXkHS6EDS2f925-3rPBQ-id_sectorfecha_creacionestado": {
      "type": "data_clump",
      "key": "fields_to_fields_data_clump-./Rutas-_buTjIHS5EDS2f925-3rPBQ-_CrgXkHS6EDS2f925-3rPBQ-id_sectorfecha_creacionestado",
      "probability": 1,
      "from_file_path": "./Rutas",
      "from_class_or_interface_name": "Rutas",
      "from_class_or_interface_key": "_buTjIHS5EDS2f925-3rPBQ",
      "from_method_name": null,
      "from_method_key": null,
      "to_file_path": "./Sectores",
      "to_class_or_interface_key": "_CrgXkHS6EDS2f925-3rPBQ",
      "to_class_or_interface_name": "Rutas",
      "to_method_key": null,
      "to_method_name": null,
      "data_clump_type": "fields_to_fields_data_clump",
      "data_clump_data": {
        "_pLbPkHS5EDS2f925-3rPBQ": {
          "key": "_pLbPkHS5EDS2f925-3rPBQ",
          "name": "id_sector",
          "type": null,
          "probability": 1,
          "modifiers": [
            "public"
          ],
          "to_variable": {
            "key": "_CrgXkXS6EDS2f925-3rPBQ",
            "name": "id_sector",
            "type": null,
            "modifiers": [
              "public"
            ],
            "position": {}
          },
          "position": {}
        },
        "_buUKMXS5EDS2f925-3rPBQ": {
          "key": "_buUKMXS5EDS2f925-3rPBQ",
          "name": "fecha_creacion",
          "type": null,
          "probability": 1,
          "modifiers": [
            "public"
          ],
          "to_variable": {
            "key": "_Crg-oHS6EDS2f925-3rPBQ",
            "name": "fecha_creacion",
            "type": null,
            "modifiers": [
              "public"
            ],
            "position": {}
          },
          "position": {}
        },
        "_buUKMnS5EDS2f925-3rPBQ": {
          "key": "_buUKMnS5EDS2f925-3rPBQ",
          "name": "estado",
          "type": null,
          "probability": 1,
          "modifiers": [
            "public"
          ],
          "to_variable": {
            "key": "_Crg-oXS6EDS2f925-3rPBQ",
            "name": "estado",
            "type": null,
            "modifiers": [
              "public"
            ],
            "position": {}
          },
          "position": {}
        }
      }
    },
    "fields_to_fields_data_clump-./Rutas_Estaciones-_F4FPAHS_EDSwJ_NJQeFkEw-_Tf8akHS5EDS2f925-3rPBQ-id_estacionfecha_creacionestado": {
      "type": "data_clump",
      "key": "fields_to_fields_data_clump-./Rutas_Estaciones-_F4FPAHS_EDSwJ_NJQeFkEw-_Tf8akHS5EDS2f925-3rPBQ-id_estacionfecha_creacionestado",
      "probability": 1,
      "from_file_path": "./Rutas_Estaciones",
      "from_class_or_interface_name": "Rutas_Estaciones",
      "from_class_or_interface_key": "_F4FPAHS_EDSwJ_NJQeFkEw",
      "from_method_name": null,
      "from_method_key": null,
      "to_file_path": "./Estaciones",
      "to_class_or_interface_key": "_Tf8akHS5EDS2f925-3rPBQ",
      "to_class_or_interface_name": "Rutas_Estaciones",
      "to_method_key": null,
      "to_method_name": null,
      "data_clump_type": "fields_to_fields_data_clump",
      "data_clump_data": {
        "_TizSkHS_EDSwJ_NJQeFkEw": {
          "key": "_TizSkHS_EDSwJ_NJQeFkEw",
          "name": "id_estacion",
          "type": null,
          "probability": 1,
          "modifiers": [
            "public"
          ],
          "to_variable": {
            "key": "_Tf9BoHS5EDS2f925-3rPBQ",
            "name": "id_estacion",
            "type": null,
            "modifiers": [
              "public"
            ],
            "position": {}
          },
          "position": {}
        },
        "_ZhCLkHS_EDSwJ_NJQeFkEw": {
          "key": "_ZhCLkHS_EDSwJ_NJQeFkEw",
          "name": "fecha_creacion",
          "type": null,
          "probability": 1,
          "modifiers": [
            "public"
          ],
          "to_variable": {
            "key": "_Tf9Bo3S5EDS2f925-3rPBQ",
            "name": "fecha_creacion",
            "type": null,
            "modifiers": [
              "public"
            ],
            "position": {}
          },
          "position": {}
        },
        "_ZhEn0HS_EDSwJ_NJQeFkEw": {
          "key": "_ZhEn0HS_EDSwJ_NJQeFkEw",
          "name": "estado",
          "type": null,
          "probability": 1,
          "modifiers": [
            "public"
          ],
          "to_variable": {
            "key": "_Tf9BpHS5EDS2f925-3rPBQ",
            "name": "estado",
            "type": null,
            "modifiers": [
              "public"
            ],
            "position": {}
          },
          "position": {}
        }
      }
    },
    "fields_to_fields_data_clump-./Rutas_Estaciones-_F4FPAHS_EDSwJ_NJQeFkEw-_buTjIHS5EDS2f925-3rPBQ-id_rutafecha_creacionestado": {
      "type": "data_clump",
      "key": "fields_to_fields_data_clump-./Rutas_Estaciones-_F4FPAHS_EDSwJ_NJQeFkEw-_buTjIHS5EDS2f925-3rPBQ-id_rutafecha_creacionestado",
      "probability": 1,
      "from_file_path": "./Rutas_Estaciones",
      "from_class_or_interface_name": "Rutas_Estaciones",
      "from_class_or_interface_key": "_F4FPAHS_EDSwJ_NJQeFkEw",
      "from_method_name": null,
      "from_method_key": null,
      "to_file_path": "./Rutas",
      "to_class_or_interface_key": "_buTjIHS5EDS2f925-3rPBQ",
      "to_class_or_interface_name": "Rutas_Estaciones",
      "to_method_key": null,
      "to_method_name": null,
      "data_clump_type": "fields_to_fields_data_clump",
      "data_clump_data": {
        "_SOZrcHS_EDSwJ_NJQeFkEw": {
          "key": "_SOZrcHS_EDSwJ_NJQeFkEw",
          "name": "id_ruta",
          "type": null,
          "probability": 1,
          "modifiers": [
            "public"
          ],
          "to_variable": {
            "key": "_buTjIXS5EDS2f925-3rPBQ",
            "name": "id_ruta",
            "type": null,
            "modifiers": [
              "public"
            ],
            "position": {}
          },
          "position": {}
        },
        "_ZhCLkHS_EDSwJ_NJQeFkEw": {
          "key": "_ZhCLkHS_EDSwJ_NJQeFkEw",
          "name": "fecha_creacion",
          "type": null,
          "probability": 1,
          "modifiers": [
            "public"
          ],
          "to_variable": {
            "key": "_buUKMXS5EDS2f925-3rPBQ",
            "name": "fecha_creacion",
            "type": null,
            "modifiers": [
              "public"
            ],
            "position": {}
          },
          "position": {}
        },
        "_ZhEn0HS_EDSwJ_NJQeFkEw": {
          "key": "_ZhEn0HS_EDSwJ_NJQeFkEw",
          "name": "estado",
          "type": null,
          "probability": 1,
          "modifiers": [
            "public"
          ],
          "to_variable": {
            "key": "_buUKMnS5EDS2f925-3rPBQ",
            "name": "estado",
            "type": null,
            "modifiers": [
              "public"
            ],
            "position": {}
          },
          "position": {}
        }
      }
    },
    "fields_to_fields_data_clump-./Sectores-_CrgXkHS6EDS2f925-3rPBQ-_jmxwsXS4EDS2f925-3rPBQ-id_sectornombrefecha_creacionestado": {
      "type": "data_clump",
      "key": "fields_to_fields_data_clump-./Sectores-_CrgXkHS6EDS2f925-3rPBQ-_jmxwsXS4EDS2f925-3rPBQ-id_sectornombrefecha_creacionestado",
      "probability": 1,
      "from_file_path": "./Sectores",
      "from_class_or_interface_name": "Sectores",
      "from_class_or_interface_key": "_CrgXkHS6EDS2f925-3rPBQ",
      "from_method_name": null,
      "from_method_key": null,
      "to_file_path": "./Departamentos",
      "to_class_or_interface_key": "_jmxwsXS4EDS2f925-3rPBQ",
      "to_class_or_interface_name": "Sectores",
      "to_method_key": null,
      "to_method_name": null,
      "data_clump_type": "fields_to_fields_data_clump",
      "data_clump_data": {
        "_CrgXkXS6EDS2f925-3rPBQ": {
          "key": "_CrgXkXS6EDS2f925-3rPBQ",
          "name": "id_sector",
          "type": null,
          "probability": 1,
          "modifiers": [
            "public"
          ],
          "to_variable": {
            "key": "_xutUsHS4EDS2f925-3rPBQ",
            "name": "id_sector",
            "type": null,
            "modifiers": [
              "public"
            ],
            "position": {}
          },
          "position": {}
        },
        "_CrgXknS6EDS2f925-3rPBQ": {
          "key": "_CrgXknS6EDS2f925-3rPBQ",
          "name": "nombre",
          "type": null,
          "probability": 1,
          "modifiers": [
            "public"
          ],
          "to_variable": {
            "key": "_xrMtsHS4EDS2f925-3rPBQ",
            "name": "nombre",
            "type": null,
            "modifiers": [
              "public"
            ],
            "position": {}
          },
          "position": {}
        },
        "_Crg-oHS6EDS2f925-3rPBQ": {
          "key": "_Crg-oHS6EDS2f925-3rPBQ",
          "name": "fecha_creacion",
          "type": null,
          "probability": 1,
          "modifiers": [
            "public"
          ],
          "to_variable": {
            "key": "_xwYIoHS4EDS2f925-3rPBQ",
            "name": "fecha_creacion",
            "type": null,
            "modifiers": [
              "public"
            ],
            "position": {}
          },
          "position": {}
        },
        "_Crg-oXS6EDS2f925-3rPBQ": {
          "key": "_Crg-oXS6EDS2f925-3rPBQ",
          "name": "estado",
          "type": null,
          "probability": 1,
          "modifiers": [
            "public"
          ],
          "to_variable": {
            "key": "_xxwBoHS4EDS2f925-3rPBQ",
            "name": "estado",
            "type": null,
            "modifiers": [
              "public"
            ],
            "position": {}
          },
          "position": {}
        }
      }
    },
    "fields_to_fields_data_clump-./Sectores-_CrgXkHS6EDS2f925-3rPBQ-_8QgfgHS4EDS2f925-3rPBQ-nombrefecha_creacionestado": {
      "type": "data_clump",
      "key": "fields_to_fields_data_clump-./Sectores-_CrgXkHS6EDS2f925-3rPBQ-_8QgfgHS4EDS2f925-3rPBQ-nombrefecha_creacionestado",
      "probability": 1,
      "from_file_path": "./Sectores",
      "from_class_or_interface_name": "Sectores",
      "from_class_or_interface_key": "_CrgXkHS6EDS2f925-3rPBQ",
      "from_method_name": null,
      "from_method_key": null,
      "to_file_path": "./Equipos",
      "to_class_or_interface_key": "_8QgfgHS4EDS2f925-3rPBQ",
      "to_class_or_interface_name": "Sectores",
      "to_method_key": null,
      "to_method_name": null,
      "data_clump_type": "fields_to_fields_data_clump",
      "data_clump_data": {
        "_CrgXknS6EDS2f925-3rPBQ": {
          "key": "_CrgXknS6EDS2f925-3rPBQ",
          "name": "nombre",
          "type": null,
          "probability": 1,
          "modifiers": [
            "public"
          ],
          "to_variable": {
            "key": "_8QhGkXS4EDS2f925-3rPBQ",
            "name": "nombre",
            "type": null,
            "modifiers": [
              "public"
            ],
            "position": {}
          },
          "position": {}
        },
        "_Crg-oHS6EDS2f925-3rPBQ": {
          "key": "_Crg-oHS6EDS2f925-3rPBQ",
          "name": "fecha_creacion",
          "type": null,
          "probability": 1,
          "modifiers": [
            "public"
          ],
          "to_variable": {
            "key": "_8QhGk3S4EDS2f925-3rPBQ",
            "name": "fecha_creacion",
            "type": null,
            "modifiers": [
              "public"
            ],
            "position": {}
          },
          "position": {}
        },
        "_Crg-oXS6EDS2f925-3rPBQ": {
          "key": "_Crg-oXS6EDS2f925-3rPBQ",
          "name": "estado",
          "type": null,
          "probability": 1,
          "modifiers": [
            "public"
          ],
          "to_variable": {
            "key": "_8QhGlHS4EDS2f925-3rPBQ",
            "name": "estado",
            "type": null,
            "modifiers": [
              "public"
            ],
            "position": {}
          },
          "position": {}
        }
      }
    },
    "fields_to_fields_data_clump-./Sectores-_CrgXkHS6EDS2f925-3rPBQ-_Tf8akHS5EDS2f925-3rPBQ-nombrefecha_creacionestado": {
      "type": "data_clump",
      "key": "fields_to_fields_data_clump-./Sectores-_CrgXkHS6EDS2f925-3rPBQ-_Tf8akHS5EDS2f925-3rPBQ-nombrefecha_creacionestado",
      "probability": 1,
      "from_file_path": "./Sectores",
      "from_class_or_interface_name": "Sectores",
      "from_class_or_interface_key": "_CrgXkHS6EDS2f925-3rPBQ",
      "from_method_name": null,
      "from_method_key": null,
      "to_file_path": "./Estaciones",
      "to_class_or_interface_key": "_Tf8akHS5EDS2f925-3rPBQ",
      "to_class_or_interface_name": "Sectores",
      "to_method_key": null,
      "to_method_name": null,
      "data_clump_type": "fields_to_fields_data_clump",
      "data_clump_data": {
        "_CrgXknS6EDS2f925-3rPBQ": {
          "key": "_CrgXknS6EDS2f925-3rPBQ",
          "name": "nombre",
          "type": null,
          "probability": 1,
          "modifiers": [
            "public"
          ],
          "to_variable": {
            "key": "_Tf9BoXS5EDS2f925-3rPBQ",
            "name": "nombre",
            "type": null,
            "modifiers": [
              "public"
            ],
            "position": {}
          },
          "position": {}
        },
        "_Crg-oHS6EDS2f925-3rPBQ": {
          "key": "_Crg-oHS6EDS2f925-3rPBQ",
          "name": "fecha_creacion",
          "type": null,
          "probability": 1,
          "modifiers": [
            "public"
          ],
          "to_variable": {
            "key": "_Tf9Bo3S5EDS2f925-3rPBQ",
            "name": "fecha_creacion",
            "type": null,
            "modifiers": [
              "public"
            ],
            "position": {}
          },
          "position": {}
        },
        "_Crg-oXS6EDS2f925-3rPBQ": {
          "key": "_Crg-oXS6EDS2f925-3rPBQ",
          "name": "estado",
          "type": null,
          "probability": 1,
          "modifiers": [
            "public"
          ],
          "to_variable": {
            "key": "_Tf9BpHS5EDS2f925-3rPBQ",
            "name": "estado",
            "type": null,
            "modifiers": [
              "public"
            ],
            "position": {}
          },
          "position": {}
        }
      }
    },
    "fields_to_fields_data_clump-./Sectores-_CrgXkHS6EDS2f925-3rPBQ-_buTjIHS5EDS2f925-3rPBQ-id_sectorfecha_creacionestado": {
      "type": "data_clump",
      "key": "fields_to_fields_data_clump-./Sectores-_CrgXkHS6EDS2f925-3rPBQ-_buTjIHS5EDS2f925-3rPBQ-id_sectorfecha_creacionestado",
      "probability": 1,
      "from_file_path": "./Sectores",
      "from_class_or_interface_name": "Sectores",
      "from_class_or_interface_key": "_CrgXkHS6EDS2f925-3rPBQ",
      "from_method_name": null,
      "from_method_key": null,
      "to_file_path": "./Rutas",
      "to_class_or_interface_key": "_buTjIHS5EDS2f925-3rPBQ",
      "to_class_or_interface_name": "Sectores",
      "to_method_key": null,
      "to_method_name": null,
      "data_clump_type": "fields_to_fields_data_clump",
      "data_clump_data": {
        "_CrgXkXS6EDS2f925-3rPBQ": {
          "key": "_CrgXkXS6EDS2f925-3rPBQ",
          "name": "id_sector",
          "type": null,
          "probability": 1,
          "modifiers": [
            "public"
          ],
          "to_variable": {
            "key": "_pLbPkHS5EDS2f925-3rPBQ",
            "name": "id_sector",
            "type": null,
            "modifiers": [
              "public"
            ],
            "position": {}
          },
          "position": {}
        },
        "_Crg-oHS6EDS2f925-3rPBQ": {
          "key": "_Crg-oHS6EDS2f925-3rPBQ",
          "name": "fecha_creacion",
          "type": null,
          "probability": 1,
          "modifiers": [
            "public"
          ],
          "to_variable": {
            "key": "_buUKMXS5EDS2f925-3rPBQ",
            "name": "fecha_creacion",
            "type": null,
            "modifiers": [
              "public"
            ],
            "position": {}
          },
          "position": {}
        },
        "_Crg-oXS6EDS2f925-3rPBQ": {
          "key": "_Crg-oXS6EDS2f925-3rPBQ",
          "name": "estado",
          "type": null,
          "probability": 1,
          "modifiers": [
            "public"
          ],
          "to_variable": {
            "key": "_buUKMnS5EDS2f925-3rPBQ",
            "name": "estado",
            "type": null,
            "modifiers": [
              "public"
            ],
            "position": {}
          },
          "position": {}
        }
      }
    }
  }
}