{
  "report_version": "unknown",
  "report_timestamp": "2025-03-26T22:18:47.084Z",
  "target_language": "java",
  "report_summary": {
    "additional": null,
    "amount_classes_or_interfaces_with_data_clumps": 3,
    "amount_files_with_data_clumps": 3,
    "amount_methods_with_data_clumps": 2,
    "fields_to_fields_data_clump": 2,
    "parameters_to_fields_data_clump": 0,
    "parameters_to_parameters_data_clump": 2,
    "amount_data_clumps": 4
  },
  "project_info": {
    "project_url": "unknown_project_url",
    "project_name": "_xsEiwNKcEeyrwKsD8J5mAw",
    "project_version": "unknown_project_version",
    "project_commit_hash": "unknown",
    "project_tag": null,
    "project_commit_date": null,
    "additional": {},
    "number_of_files": 8,
    "number_of_classes_or_interfaces": 8,
    "number_of_methods": 24,
    "number_of_data_fields": 21,
    "number_of_method_parameters": 19
  },
  "detector": {
    "name": "data-clumps-doctor",
    "url": "https://github.com/NilsBaumgartner1994/data-clumps-doctor",
    "version": "0.1.100",
    "options": {
      "typeVariablesConsidered": false,
      "similarityModifierOfVariablesWithUnknownType": 0,
      "fieldsOfClassesWithUnknownHierarchyProbabilityModifier": 0,
      "sharedFieldsToFieldsAmountMinimum": 3,
      "analyseFieldsInClassesOrInterfacesInheritedFromSuperClassesOrInterfaces": false,
      "sharedParametersToParametersAmountMinimum": 3,
      "sharedParametersToFieldsAmountMinimum": 3,
      "methodsOfClassesOrInterfacesWithUnknownHierarchyProbabilityModifier": 0
    }
  },
  "data_clumps": {
    "parameters_to_parameters_data_clump-./Agencia-_h9To4LTREDq_hIM7oaQmgw-_wkeGkLTREDq_hIM7oaQmgw-parameterparameter2parameter3parameter4": {
      "type": "data_clump",
      "key": "parameters_to_parameters_data_clump-./Agencia-_h9To4LTREDq_hIM7oaQmgw-_wkeGkLTREDq_hIM7oaQmgw-parameterparameter2parameter3parameter4",
      "probability": 1,
      "from_file_path": "./Agencia",
      "from_class_or_interface_name": "Agencia",
      "from_class_or_interface_key": "_7PX08LTPEDq_hIM7oaQmgw",
      "from_method_name": "alquilarParticular",
      "from_method_key": "_h9To4LTREDq_hIM7oaQmgw",
      "to_file_path": "./Agencia",
      "to_class_or_interface_name": "Agencia",
      "to_class_or_interface_key": "_7PX08LTPEDq_hIM7oaQmgw",
      "to_method_name": "alquilirEmpresa",
      "to_method_key": "_wkeGkLTREDq_hIM7oaQmgw",
      "data_clump_type": "parameters_to_parameters_data_clump",
      "data_clump_data": {
        "_krUuULTREDq_hIM7oaQmgw": {
          "key": "_krUuULTREDq_hIM7oaQmgw",
          "name": "parameter",
          "type": null,
          "probability": 1,
          "modifiers": [],
          "to_variable": {
            "key": "_2IjaMLTREDq_hIM7oaQmgw",
            "name": "parameter",
            "type": null,
            "modifiers": [],
            "position": {}
          },
          "position": {}
        },
        "_myeBALTREDq_hIM7oaQmgw": {
          "key": "_myeBALTREDq_hIM7oaQmgw",
          "name": "parameter2",
          "type": null,
          "probability": 1,
          "modifiers": [],
          "to_variable": {
            "key": "_2LNsoLTREDq_hIM7oaQmgw",
            "name": "parameter2",
            "type": null,
            "modifiers": [],
            "position": {}
          },
          "position": {}
        },
        "_cN2WQLTSEDq_hIM7oaQmgw": {
          "key": "_cN2WQLTSEDq_hIM7oaQmgw",
          "name": "parameter3",
          "type": null,
          "probability": 1,
          "modifiers": [],
          "to_variable": {
            "key": "_sa3XcLTSEDq_hIM7oaQmgw",
            "name": "parameter3",
            "type": null,
            "modifiers": [],
            "position": {}
          },
          "position": {}
        },
        "_cPptELTSEDq_hIM7oaQmgw": {
          "key": "_cPptELTSEDq_hIM7oaQmgw",
          "name": "parameter4",
          "type": null,
          "probability": 1,
          "modifiers": [],
          "to_variable": {
            "key": "_tKxxcLTSEDq_hIM7oaQmgw",
            "name": "parameter4",
            "type": null,
            "modifiers": [],
            "position": {}
          },
          "position": {}
        }
      }
    },
    "parameters_to_parameters_data_clump-./Agencia-_wkeGkLTREDq_hIM7oaQmgw-_h9To4LTREDq_hIM7oaQmgw-parameterparameter2parameter3parameter4": {
      "type": "data_clump",
      "key": "parameters_to_parameters_data_clump-./Agencia-_wkeGkLTREDq_hIM7oaQmgw-_h9To4LTREDq_hIM7oaQmgw-parameterparameter2parameter3parameter4",
      "probability": 1,
      "from_file_path": "./Agencia",
      "from_class_or_interface_name": "Agencia",
      "from_class_or_interface_key": "_7PX08LTPEDq_hIM7oaQmgw",
      "from_method_name": "alquilirEmpresa",
      "from_method_key": "_wkeGkLTREDq_hIM7oaQmgw",
      "to_file_path": "./Agencia",
      "to_class_or_interface_name": "Agencia",
      "to_class_or_interface_key": "_7PX08LTPEDq_hIM7oaQmgw",
      "to_method_name": "alquilarParticular",
      "to_method_key": "_h9To4LTREDq_hIM7oaQmgw",
      "data_clump_type": "parameters_to_parameters_data_clump",
      "data_clump_data": {
        "_2IjaMLTREDq_hIM7oaQmgw": {
          "key": "_2IjaMLTREDq_hIM7oaQmgw",
          "name": "parameter",
          "type": null,
          "probability": 1,
          "modifiers": [],
          "to_variable": {
            "key": "_krUuULTREDq_hIM7oaQmgw",
            "name": "parameter",
            "type": null,
            "modifiers": [],
            "position": {}
          },
          "position": {}
        },
        "_2LNsoLTREDq_hIM7oaQmgw": {
          "key": "_2LNsoLTREDq_hIM7oaQmgw",
          "name": "parameter2",
          "type": null,
          "probability": 1,
          "modifiers": [],
          "to_variable": {
            "key": "_myeBALTREDq_hIM7oaQmgw",
            "name": "parameter2",
            "type": null,
            "modifiers": [],
            "position": {}
          },
          "position": {}
        },
        "_sa3XcLTSEDq_hIM7oaQmgw": {
          "key": "_sa3XcLTSEDq_hIM7oaQmgw",
          "name": "parameter3",
          "type": null,
          "probability": 1,
          "modifiers": [],
          "to_variable": {
            "key": "_cN2WQLTSEDq_hIM7oaQmgw",
            "name": "parameter3",
            "type": null,
            "modifiers": [],
            "position": {}
          },
          "position": {}
        },
        "_tKxxcLTSEDq_hIM7oaQmgw": {
          "key": "_tKxxcLTSEDq_hIM7oaQmgw",
          "name": "parameter4",
          "type": null,
          "probability": 1,
          "modifiers": [],
          "to_variable": {
            "key": "_cPptELTSEDq_hIM7oaQmgw",
            "name": "parameter4",
            "type": null,
            "modifiers": [],
            "position": {}
          },
          "position": {}
        }
      }
    },
    "fields_to_fields_data_clump-./Empresa-_zV764LTMEDq5gPwQVszOmQ-_s9fLELTMEDq5gPwQVszOmQ-nombrefechaIniciofechaFin": {
      "type": "data_clump",
      "key": "fields_to_fields_data_clump-./Empresa-_zV764LTMEDq5gPwQVszOmQ-_s9fLELTMEDq5gPwQVszOmQ-nombrefechaIniciofechaFin",
      "probability": 1,
      "from_file_path": "./Empresa",
      "from_class_or_interface_name": "Empresa",
      "from_class_or_interface_key": "_zV764LTMEDq5gPwQVszOmQ",
      "from_method_name": null,
      "from_method_key": null,
      "to_file_path": "./Particular",
      "to_class_or_interface_key": "_s9fLELTMEDq5gPwQVszOmQ",
      "to_class_or_interface_name": "Empresa",
      "to_method_key": null,
      "to_method_name": null,
      "data_clump_type": "fields_to_fields_data_clump",
      "data_clump_data": {
        "_dbckELTNEDq5gPwQVszOmQ": {
          "key": "_dbckELTNEDq5gPwQVszOmQ",
          "name": "nombre",
          "type": null,
          "probability": 1,
          "modifiers": [
            "private"
          ],
          "to_variable": {
            "key": "_G8JsgLTNEDq5gPwQVszOmQ",
            "name": "nombre",
            "type": null,
            "modifiers": [
              "private"
            ],
            "position": {}
          },
          "position": {}
        },
        "_7-bv0LTOEDq_hIM7oaQmgw": {
          "key": "_7-bv0LTOEDq_hIM7oaQmgw",
          "name": "fechaInicio",
          "type": null,
          "probability": 1,
          "modifiers": [
            "private"
          ],
          "to_variable": {
            "key": "_1gMhELTOEDq_hIM7oaQmgw",
            "name": "fechaInicio",
            "type": null,
            "modifiers": [
              "private"
            ],
            "position": {}
          },
          "position": {}
        },
        "_9f9M8LTOEDq_hIM7oaQmgw": {
          "key": "_9f9M8LTOEDq_hIM7oaQmgw",
          "name": "fechaFin",
          "type": null,
          "probability": 1,
          "modifiers": [
            "private"
          ],
          "to_variable": {
            "key": "_29io0LTOEDq_hIM7oaQmgw",
            "name": "fechaFin",
            "type": null,
            "modifiers": [
              "private"
            ],
            "position": {}
          },
          "position": {}
        }
      }
    },
    "fields_to_fields_data_clump-./Particular-_s9fLELTMEDq5gPwQVszOmQ-_zV764LTMEDq5gPwQVszOmQ-nombrefechaIniciofechaFin": {
      "type": "data_clump",
      "key": "fields_to_fields_data_clump-./Particular-_s9fLELTMEDq5gPwQVszOmQ-_zV764LTMEDq5gPwQVszOmQ-nombrefechaIniciofechaFin",
      "probability": 1,
      "from_file_path": "./Particular",
      "from_class_or_interface_name": "Particular",
      "from_class_or_interface_key": "_s9fLELTMEDq5gPwQVszOmQ",
      "from_method_name": null,
      "from_method_key": null,
      "to_file_path": "./Empresa",
      "to_class_or_interface_key": "_zV764LTMEDq5gPwQVszOmQ",
      "to_class_or_interface_name": "Particular",
      "to_method_key": null,
      "to_method_name": null,
      "data_clump_type": "fields_to_fields_data_clump",
      "data_clump_data": {
        "_G8JsgLTNEDq5gPwQVszOmQ": {
          "key": "_G8JsgLTNEDq5gPwQVszOmQ",
          "name": "nombre",
          "type": null,
          "probability": 1,
          "modifiers": [
            "private"
          ],
          "to_variable": {
            "key": "_dbckELTNEDq5gPwQVszOmQ",
            "name": "nombre",
            "type": null,
            "modifiers": [
              "private"
            ],
            "position": {}
          },
          "position": {}
        },
        "_1gMhELTOEDq_hIM7oaQmgw": {
          "key": "_1gMhELTOEDq_hIM7oaQmgw",
          "name": "fechaInicio",
          "type": null,
          "probability": 1,
          "modifiers": [
            "private"
          ],
          "to_variable": {
            "key": "_7-bv0LTOEDq_hIM7oaQmgw",
            "name": "fechaInicio",
            "type": null,
            "modifiers": [
              "private"
            ],
            "position": {}
          },
          "position": {}
        },
        "_29io0LTOEDq_hIM7oaQmgw": {
          "key": "_29io0LTOEDq_hIM7oaQmgw",
          "name": "fechaFin",
          "type": null,
          "probability": 1,
          "modifiers": [
            "private"
          ],
          "to_variable": {
            "key": "_9f9M8LTOEDq_hIM7oaQmgw",
            "name": "fechaFin",
            "type": null,
            "modifiers": [
              "private"
            ],
            "position": {}
          },
          "position": {}
        }
      }
    }
  }
}