{
  "report_version": "unknown",
  "report_timestamp": "2025-03-26T22:42:48.797Z",
  "target_language": "java",
  "report_summary": {
    "additional": null,
    "amount_classes_or_interfaces_with_data_clumps": 2,
    "amount_files_with_data_clumps": 2,
    "amount_methods_with_data_clumps": 0,
    "fields_to_fields_data_clump": 2,
    "parameters_to_fields_data_clump": 0,
    "parameters_to_parameters_data_clump": 0,
    "amount_data_clumps": 2
  },
  "project_info": {
    "project_url": "unknown_project_url",
    "project_name": "_c-DfkCzFEe2TQ77rRj9fOQ",
    "project_version": "unknown_project_version",
    "project_commit_hash": "unknown",
    "project_tag": null,
    "project_commit_date": null,
    "additional": {},
    "number_of_files": 8,
    "number_of_classes_or_interfaces": 8,
    "number_of_methods": 0,
    "number_of_data_fields": 28,
    "number_of_method_parameters": 0
  },
  "detector": {
    "name": "data-clumps-doctor",
    "url": "https://github.com/NilsBaumgartner1994/data-clumps-doctor",
    "version": "0.1.100",
    "options": {
      "typeVariablesConsidered": false,
      "similarityModifierOfVariablesWithUnknownType": 0,
      "fieldsOfClassesWithUnknownHierarchyProbabilityModifier": 0,
      "sharedFieldsToFieldsAmountMinimum": 3,
      "analyseFieldsInClassesOrInterfacesInheritedFromSuperClassesOrInterfaces": false,
      "sharedParametersToParametersAmountMinimum": 3,
      "sharedParametersToFieldsAmountMinimum": 3,
      "methodsOfClassesOrInterfacesWithUnknownHierarchyProbabilityModifier": 0
    }
  },
  "data_clumps": {
    "fields_to_fields_data_clump-./CentroComercial-_eEnZgA75EDu4k8CzL6KFMw-_urkIMA76EDu4k8CzL6KFMw-aforoocupacionActualhorarioAperturahorarioCierrehorApeEmplhorCierrEmpl": {
      "type": "data_clump",
      "key": "fields_to_fields_data_clump-./CentroComercial-_eEnZgA75EDu4k8CzL6KFMw-_urkIMA76EDu4k8CzL6KFMw-aforoocupacionActualhorarioAperturahorarioCierrehorApeEmplhorCierrEmpl",
      "probability": 1,
      "from_file_path": "./CentroComercial",
      "from_class_or_interface_name": "CentroComercial",
      "from_class_or_interface_key": "_eEnZgA75EDu4k8CzL6KFMw",
      "from_method_name": null,
      "from_method_key": null,
      "to_file_path": "./LocalComercial",
      "to_class_or_interface_key": "_urkIMA76EDu4k8CzL6KFMw",
      "to_class_or_interface_name": "CentroComercial",
      "to_method_key": null,
      "to_method_name": null,
      "data_clump_type": "fields_to_fields_data_clump",
      "data_clump_data": {
        "_OD55gA76EDu4k8CzL6KFMw": {
          "key": "_OD55gA76EDu4k8CzL6KFMw",
          "name": "aforo",
          "type": null,
          "probability": 1,
          "modifiers": [
            "private"
          ],
          "to_variable": {
            "key": "_9MKLwA9mEDuR35UjgGGucA",
            "name": "aforo",
            "type": null,
            "modifiers": [
              "private"
            ],
            "position": {}
          },
          "position": {}
        },
        "_PTOzYA76EDu4k8CzL6KFMw": {
          "key": "_PTOzYA76EDu4k8CzL6KFMw",
          "name": "ocupacionActual",
          "type": null,
          "probability": 1,
          "modifiers": [
            "private"
          ],
          "to_variable": {
            "key": "_-WKgwA9mEDuR35UjgGGucA",
            "name": "ocupacionActual",
            "type": null,
            "modifiers": [
              "private"
            ],
            "position": {}
          },
          "position": {}
        },
        "_2kCdsA9lEDuR35UjgGGucA": {
          "key": "_2kCdsA9lEDuR35UjgGGucA",
          "name": "horarioApertura",
          "type": null,
          "probability": 1,
          "modifiers": [
            "private"
          ],
          "to_variable": {
            "key": "_kuAI4A9oEDuR35UjgGGucA",
            "name": "horarioApertura",
            "type": null,
            "modifiers": [
              "private"
            ],
            "position": {}
          },
          "position": {}
        },
        "_4aj6cA9lEDuR35UjgGGucA": {
          "key": "_4aj6cA9lEDuR35UjgGGucA",
          "name": "horarioCierre",
          "type": null,
          "probability": 1,
          "modifiers": [
            "private"
          ],
          "to_variable": {
            "key": "_mtYmsA9oEDuR35UjgGGucA",
            "name": "horarioCierre",
            "type": null,
            "modifiers": [
              "private"
            ],
            "position": {}
          },
          "position": {}
        },
        "_NVZ8sA9mEDuR35UjgGGucA": {
          "key": "_NVZ8sA9mEDuR35UjgGGucA",
          "name": "horApeEmpl",
          "type": null,
          "probability": 1,
          "modifiers": [
            "private"
          ],
          "to_variable": {
            "key": "_oFwu4A9oEDuR35UjgGGucA",
            "name": "horApeEmpl",
            "type": null,
            "modifiers": [
              "private"
            ],
            "position": {}
          },
          "position": {}
        },
        "_S0W4sA9mEDuR35UjgGGucA": {
          "key": "_S0W4sA9mEDuR35UjgGGucA",
          "name": "horCierrEmpl",
          "type": null,
          "probability": 1,
          "modifiers": [
            "private"
          ],
          "to_variable": {
            "key": "_qNepUA9oEDuR35UjgGGucA",
            "name": "horCierrEmpl",
            "type": null,
            "modifiers": [
              "private"
            ],
            "position": {}
          },
          "position": {}
        }
      }
    },
    "fields_to_fields_data_clump-./LocalComercial-_urkIMA76EDu4k8CzL6KFMw-_eEnZgA75EDu4k8CzL6KFMw-aforoocupacionActualhorarioAperturahorarioCierrehorApeEmplhorCierrEmpl": {
      "type": "data_clump",
      "key": "fields_to_fields_data_clump-./LocalComercial-_urkIMA76EDu4k8CzL6KFMw-_eEnZgA75EDu4k8CzL6KFMw-aforoocupacionActualhorarioAperturahorarioCierrehorApeEmplhorCierrEmpl",
      "probability": 1,
      "from_file_path": "./LocalComercial",
      "from_class_or_interface_name": "LocalComercial",
      "from_class_or_interface_key": "_urkIMA76EDu4k8CzL6KFMw",
      "from_method_name": null,
      "from_method_key": null,
      "to_file_path": "./CentroComercial",
      "to_class_or_interface_key": "_eEnZgA75EDu4k8CzL6KFMw",
      "to_class_or_interface_name": "LocalComercial",
      "to_method_key": null,
      "to_method_name": null,
      "data_clump_type": "fields_to_fields_data_clump",
      "data_clump_data": {
        "_9MKLwA9mEDuR35UjgGGucA": {
          "key": "_9MKLwA9mEDuR35UjgGGucA",
          "name": "aforo",
          "type": null,
          "probability": 1,
          "modifiers": [
            "private"
          ],
          "to_variable": {
            "key": "_OD55gA76EDu4k8CzL6KFMw",
            "name": "aforo",
            "type": null,
            "modifiers": [
              "private"
            ],
            "position": {}
          },
          "position": {}
        },
        "_-WKgwA9mEDuR35UjgGGucA": {
          "key": "_-WKgwA9mEDuR35UjgGGucA",
          "name": "ocupacionActual",
          "type": null,
          "probability": 1,
          "modifiers": [
            "private"
          ],
          "to_variable": {
            "key": "_PTOzYA76EDu4k8CzL6KFMw",
            "name": "ocupacionActual",
            "type": null,
            "modifiers": [
              "private"
            ],
            "position": {}
          },
          "position": {}
        },
        "_kuAI4A9oEDuR35UjgGGucA": {
          "key": "_kuAI4A9oEDuR35UjgGGucA",
          "name": "horarioApertura",
          "type": null,
          "probability": 1,
          "modifiers": [
            "private"
          ],
          "to_variable": {
            "key": "_2kCdsA9lEDuR35UjgGGucA",
            "name": "horarioApertura",
            "type": null,
            "modifiers": [
              "private"
            ],
            "position": {}
          },
          "position": {}
        },
        "_mtYmsA9oEDuR35UjgGGucA": {
          "key": "_mtYmsA9oEDuR35UjgGGucA",
          "name": "horarioCierre",
          "type": null,
          "probability": 1,
          "modifiers": [
            "private"
          ],
          "to_variable": {
            "key": "_4aj6cA9lEDuR35UjgGGucA",
            "name": "horarioCierre",
            "type": null,
            "modifiers": [
              "private"
            ],
            "position": {}
          },
          "position": {}
        },
        "_oFwu4A9oEDuR35UjgGGucA": {
          "key": "_oFwu4A9oEDuR35UjgGGucA",
          "name": "horApeEmpl",
          "type": null,
          "probability": 1,
          "modifiers": [
            "private"
          ],
          "to_variable": {
            "key": "_NVZ8sA9mEDuR35UjgGGucA",
            "name": "horApeEmpl",
            "type": null,
            "modifiers": [
              "private"
            ],
            "position": {}
          },
          "position": {}
        },
        "_qNepUA9oEDuR35UjgGGucA": {
          "key": "_qNepUA9oEDuR35UjgGGucA",
          "name": "horCierrEmpl",
          "type": null,
          "probability": 1,
          "modifiers": [
            "private"
          ],
          "to_variable": {
            "key": "_S0W4sA9mEDuR35UjgGGucA",
            "name": "horCierrEmpl",
            "type": null,
            "modifiers": [
              "private"
            ],
            "position": {}
          },
          "position": {}
        }
      }
    }
  }
}