{
  "report_version": "unknown",
  "report_timestamp": "2025-03-26T22:45:48.424Z",
  "target_language": "java",
  "report_summary": {
    "additional": null,
    "amount_classes_or_interfaces_with_data_clumps": 2,
    "amount_files_with_data_clumps": 2,
    "amount_methods_with_data_clumps": 0,
    "fields_to_fields_data_clump": 2,
    "parameters_to_fields_data_clump": 0,
    "parameters_to_parameters_data_clump": 0,
    "amount_data_clumps": 2
  },
  "project_info": {
    "project_url": "unknown_project_url",
    "project_name": "a44355a0-4d3b-4718-97e2-7a541255c15f",
    "project_version": "unknown_project_version",
    "project_commit_hash": "unknown",
    "project_tag": null,
    "project_commit_date": null,
    "additional": {},
    "number_of_files": 10,
    "number_of_classes_or_interfaces": 10,
    "number_of_methods": 27,
    "number_of_data_fields": 32,
    "number_of_method_parameters": 0
  },
  "detector": {
    "name": "data-clumps-doctor",
    "url": "https://github.com/NilsBaumgartner1994/data-clumps-doctor",
    "version": "0.1.100",
    "options": {
      "typeVariablesConsidered": false,
      "similarityModifierOfVariablesWithUnknownType": 0,
      "fieldsOfClassesWithUnknownHierarchyProbabilityModifier": 0,
      "sharedFieldsToFieldsAmountMinimum": 3,
      "analyseFieldsInClassesOrInterfacesInheritedFromSuperClassesOrInterfaces": false,
      "sharedParametersToParametersAmountMinimum": 3,
      "sharedParametersToFieldsAmountMinimum": 3,
      "methodsOfClassesOrInterfacesWithUnknownHierarchyProbabilityModifier": 0
    }
  },
  "data_clumps": {
    "fields_to_fields_data_clump-./AdminPanel-_GCGcgC-TEDeVBbbRlSK9dQ-_1q1BAAsrEDGGYs3EiLBSlA-UserIDUserNameUserLevel": {
      "type": "data_clump",
      "key": "fields_to_fields_data_clump-./AdminPanel-_GCGcgC-TEDeVBbbRlSK9dQ-_1q1BAAsrEDGGYs3EiLBSlA-UserIDUserNameUserLevel",
      "probability": 1,
      "from_file_path": "./AdminPanel",
      "from_class_or_interface_name": "AdminPanel",
      "from_class_or_interface_key": "_GCGcgC-TEDeVBbbRlSK9dQ",
      "from_method_name": null,
      "from_method_key": null,
      "to_file_path": "./Users",
      "to_class_or_interface_key": "_1q1BAAsrEDGGYs3EiLBSlA",
      "to_class_or_interface_name": "AdminPanel",
      "to_method_key": null,
      "to_method_name": null,
      "data_clump_type": "fields_to_fields_data_clump",
      "data_clump_data": {
        "_GCGcgS-TEDeVBbbRlSK9dQ": {
          "key": "_GCGcgS-TEDeVBbbRlSK9dQ",
          "name": "UserID",
          "type": null,
          "probability": 1,
          "modifiers": [],
          "to_variable": {
            "key": "_CwKvgAtAEDGGYs3EiLBSlA",
            "name": "UserID",
            "type": null,
            "modifiers": [],
            "position": {}
          },
          "position": {}
        },
        "_GCGcgi-TEDeVBbbRlSK9dQ": {
          "key": "_GCGcgi-TEDeVBbbRlSK9dQ",
          "name": "UserName",
          "type": null,
          "probability": 1,
          "modifiers": [],
          "to_variable": {
            "key": "_SgE98AtAEDGGYs3EiLBSlA",
            "name": "UserName",
            "type": null,
            "modifiers": [],
            "position": {}
          },
          "position": {}
        },
        "_GCGcgy-TEDeVBbbRlSK9dQ": {
          "key": "_GCGcgy-TEDeVBbbRlSK9dQ",
          "name": "UserLevel",
          "type": null,
          "probability": 1,
          "modifiers": [],
          "to_variable": {
            "key": "_TfJOQAtAEDGGYs3EiLBSlA",
            "name": "UserLevel",
            "type": null,
            "modifiers": [],
            "position": {}
          },
          "position": {}
        }
      }
    },
    "fields_to_fields_data_clump-./Users-_1q1BAAsrEDGGYs3EiLBSlA-_GCGcgC-TEDeVBbbRlSK9dQ-UserIDUserNameUserLevel": {
      "type": "data_clump",
      "key": "fields_to_fields_data_clump-./Users-_1q1BAAsrEDGGYs3EiLBSlA-_GCGcgC-TEDeVBbbRlSK9dQ-UserIDUserNameUserLevel",
      "probability": 1,
      "from_file_path": "./Users",
      "from_class_or_interface_name": "Users",
      "from_class_or_interface_key": "_1q1BAAsrEDGGYs3EiLBSlA",
      "from_method_name": null,
      "from_method_key": null,
      "to_file_path": "./AdminPanel",
      "to_class_or_interface_key": "_GCGcgC-TEDeVBbbRlSK9dQ",
      "to_class_or_interface_name": "Users",
      "to_method_key": null,
      "to_method_name": null,
      "data_clump_type": "fields_to_fields_data_clump",
      "data_clump_data": {
        "_CwKvgAtAEDGGYs3EiLBSlA": {
          "key": "_CwKvgAtAEDGGYs3EiLBSlA",
          "name": "UserID",
          "type": null,
          "probability": 1,
          "modifiers": [],
          "to_variable": {
            "key": "_GCGcgS-TEDeVBbbRlSK9dQ",
            "name": "UserID",
            "type": null,
            "modifiers": [],
            "position": {}
          },
          "position": {}
        },
        "_SgE98AtAEDGGYs3EiLBSlA": {
          "key": "_SgE98AtAEDGGYs3EiLBSlA",
          "name": "UserName",
          "type": null,
          "probability": 1,
          "modifiers": [],
          "to_variable": {
            "key": "_GCGcgi-TEDeVBbbRlSK9dQ",
            "name": "UserName",
            "type": null,
            "modifiers": [],
            "position": {}
          },
          "position": {}
        },
        "_TfJOQAtAEDGGYs3EiLBSlA": {
          "key": "_TfJOQAtAEDGGYs3EiLBSlA",
          "name": "UserLevel",
          "type": null,
          "probability": 1,
          "modifiers": [],
          "to_variable": {
            "key": "_GCGcgy-TEDeVBbbRlSK9dQ",
            "name": "UserLevel",
            "type": null,
            "modifiers": [],
            "position": {}
          },
          "position": {}
        }
      }
    }
  }
}