{
  "report_version": "unknown",
  "report_timestamp": "2025-03-26T21:44:21.696Z",
  "target_language": "java",
  "report_summary": {
    "additional": null,
    "amount_classes_or_interfaces_with_data_clumps": 3,
    "amount_files_with_data_clumps": 3,
    "amount_methods_with_data_clumps": 11,
    "fields_to_fields_data_clump": 0,
    "parameters_to_fields_data_clump": 0,
    "parameters_to_parameters_data_clump": 38,
    "amount_data_clumps": 38
  },
  "project_info": {
    "project_url": "unknown_project_url",
    "project_name": "_-bbw0KePEeuXgcfNRvw02A",
    "project_version": "unknown_project_version",
    "project_commit_hash": "unknown",
    "project_tag": null,
    "project_commit_date": null,
    "additional": {},
    "number_of_files": 15,
    "number_of_classes_or_interfaces": 15,
    "number_of_methods": 59,
    "number_of_data_fields": 15,
    "number_of_method_parameters": 73
  },
  "detector": {
    "name": "data-clumps-doctor",
    "url": "https://github.com/NilsBaumgartner1994/data-clumps-doctor",
    "version": "0.1.100",
    "options": {
      "typeVariablesConsidered": false,
      "similarityModifierOfVariablesWithUnknownType": 0,
      "fieldsOfClassesWithUnknownHierarchyProbabilityModifier": 0,
      "sharedFieldsToFieldsAmountMinimum": 3,
      "analyseFieldsInClassesOrInterfacesInheritedFromSuperClassesOrInterfaces": false,
      "sharedParametersToParametersAmountMinimum": 3,
      "sharedParametersToFieldsAmountMinimum": 3,
      "methodsOfClassesOrInterfacesWithUnknownHierarchyProbabilityModifier": 0
    }
  },
  "data_clumps": {
    "parameters_to_parameters_data_clump-./Answer-_xsXHoJAZEDmiPKLXrJugzg-_GvXK4JAbEDmiPKLXrJugzg-anAnsweraUseraQuestion": {
      "type": "data_clump",
      "key": "parameters_to_parameters_data_clump-./Answer-_xsXHoJAZEDmiPKLXrJugzg-_GvXK4JAbEDmiPKLXrJugzg-anAnsweraUseraQuestion",
      "probability": 1,
      "from_file_path": "./Answer",
      "from_class_or_interface_name": "Answer",
      "from_class_or_interface_key": "_YqfA4Im-EDmK8br1egRCTg",
      "from_method_name": "description:user:question:",
      "from_method_key": "_xsXHoJAZEDmiPKLXrJugzg",
      "to_file_path": "./Answer",
      "to_class_or_interface_name": "Answer",
      "to_class_or_interface_key": "_YqfA4Im-EDmK8br1egRCTg",
      "to_method_name": "<<class>new:user:question:",
      "to_method_key": "_GvXK4JAbEDmiPKLXrJugzg",
      "data_clump_type": "parameters_to_parameters_data_clump",
      "data_clump_data": {
        "_BQ9ogJAbEDmiPKLXrJugzg": {
          "key": "_BQ9ogJAbEDmiPKLXrJugzg",
          "name": "anAnswer",
          "type": null,
          "probability": 1,
          "modifiers": [],
          "to_variable": {
            "key": "_GvXK4ZAbEDmiPKLXrJugzg",
            "name": "anAnswer",
            "type": null,
            "modifiers": [],
            "position": {}
          },
          "position": {}
        },
        "_C10GcJAbEDmiPKLXrJugzg": {
          "key": "_C10GcJAbEDmiPKLXrJugzg",
          "name": "aUser",
          "type": null,
          "probability": 1,
          "modifiers": [],
          "to_variable": {
            "key": "_GvXK4pAbEDmiPKLXrJugzg",
            "name": "aUser",
            "type": null,
            "modifiers": [],
            "position": {}
          },
          "position": {}
        },
        "_EEaAgJAbEDmiPKLXrJugzg": {
          "key": "_EEaAgJAbEDmiPKLXrJugzg",
          "name": "aQuestion",
          "type": null,
          "probability": 1,
          "modifiers": [],
          "to_variable": {
            "key": "_GvXK45AbEDmiPKLXrJugzg",
            "name": "aQuestion",
            "type": null,
            "modifiers": [],
            "position": {}
          },
          "position": {}
        }
      }
    },
    "parameters_to_parameters_data_clump-./Answer-_xsXHoJAZEDmiPKLXrJugzg-_cyyyQJGOEDmlE7aAP0slhg-anAnsweraUseraQuestion": {
      "type": "data_clump",
      "key": "parameters_to_parameters_data_clump-./Answer-_xsXHoJAZEDmiPKLXrJugzg-_cyyyQJGOEDmlE7aAP0slhg-anAnsweraUseraQuestion",
      "probability": 1,
      "from_file_path": "./Answer",
      "from_class_or_interface_name": "Answer",
      "from_class_or_interface_key": "_YqfA4Im-EDmK8br1egRCTg",
      "from_method_name": "description:user:question:",
      "from_method_key": "_xsXHoJAZEDmiPKLXrJugzg",
      "to_file_path": "./Answer",
      "to_class_or_interface_name": "Answer",
      "to_class_or_interface_key": "_YqfA4Im-EDmK8br1egRCTg",
      "to_method_name": "<<class>>new:user:question:",
      "to_method_key": "_cyyyQJGOEDmlE7aAP0slhg",
      "data_clump_type": "parameters_to_parameters_data_clump",
      "data_clump_data": {
        "_BQ9ogJAbEDmiPKLXrJugzg": {
          "key": "_BQ9ogJAbEDmiPKLXrJugzg",
          "name": "anAnswer",
          "type": null,
          "probability": 1,
          "modifiers": [],
          "to_variable": {
            "key": "_fusisJGOEDmlE7aAP0slhg",
            "name": "anAnswer",
            "type": null,
            "modifiers": [],
            "position": {}
          },
          "position": {}
        },
        "_C10GcJAbEDmiPKLXrJugzg": {
          "key": "_C10GcJAbEDmiPKLXrJugzg",
          "name": "aUser",
          "type": null,
          "probability": 1,
          "modifiers": [],
          "to_variable": {
            "key": "_hhIJoJGOEDmlE7aAP0slhg",
            "name": "aUser",
            "type": null,
            "modifiers": [],
            "position": {}
          },
          "position": {}
        },
        "_EEaAgJAbEDmiPKLXrJugzg": {
          "key": "_EEaAgJAbEDmiPKLXrJugzg",
          "name": "aQuestion",
          "type": null,
          "probability": 1,
          "modifiers": [],
          "to_variable": {
            "key": "_i5oNoJGOEDmlE7aAP0slhg",
            "name": "aQuestion",
            "type": null,
            "modifiers": [],
            "position": {}
          },
          "position": {}
        }
      }
    },
    "parameters_to_parameters_data_clump-./Answer-_GvXK4JAbEDmiPKLXrJugzg-_xsXHoJAZEDmiPKLXrJugzg-anAnsweraUseraQuestion": {
      "type": "data_clump",
      "key": "parameters_to_parameters_data_clump-./Answer-_GvXK4JAbEDmiPKLXrJugzg-_xsXHoJAZEDmiPKLXrJugzg-anAnsweraUseraQuestion",
      "probability": 1,
      "from_file_path": "./Answer",
      "from_class_or_interface_name": "Answer",
      "from_class_or_interface_key": "_YqfA4Im-EDmK8br1egRCTg",
      "from_method_name": "<<class>new:user:question:",
      "from_method_key": "_GvXK4JAbEDmiPKLXrJugzg",
      "to_file_path": "./Answer",
      "to_class_or_interface_name": "Answer",
      "to_class_or_interface_key": "_YqfA4Im-EDmK8br1egRCTg",
      "to_method_name": "description:user:question:",
      "to_method_key": "_xsXHoJAZEDmiPKLXrJugzg",
      "data_clump_type": "parameters_to_parameters_data_clump",
      "data_clump_data": {
        "_GvXK4ZAbEDmiPKLXrJugzg": {
          "key": "_GvXK4ZAbEDmiPKLXrJugzg",
          "name": "anAnswer",
          "type": null,
          "probability": 1,
          "modifiers": [],
          "to_variable": {
            "key": "_BQ9ogJAbEDmiPKLXrJugzg",
            "name": "anAnswer",
            "type": null,
            "modifiers": [],
            "position": {}
          },
          "position": {}
        },
        "_GvXK4pAbEDmiPKLXrJugzg": {
          "key": "_GvXK4pAbEDmiPKLXrJugzg",
          "name": "aUser",
          "type": null,
          "probability": 1,
          "modifiers": [],
          "to_variable": {
            "key": "_C10GcJAbEDmiPKLXrJugzg",
            "name": "aUser",
            "type": null,
            "modifiers": [],
            "position": {}
          },
          "position": {}
        },
        "_GvXK45AbEDmiPKLXrJugzg": {
          "key": "_GvXK45AbEDmiPKLXrJugzg",
          "name": "aQuestion",
          "type": null,
          "probability": 1,
          "modifiers": [],
          "to_variable": {
            "key": "_EEaAgJAbEDmiPKLXrJugzg",
            "name": "aQuestion",
            "type": null,
            "modifiers": [],
            "position": {}
          },
          "position": {}
        }
      }
    },
    "parameters_to_parameters_data_clump-./Answer-_GvXK4JAbEDmiPKLXrJugzg-_cyyyQJGOEDmlE7aAP0slhg-anAnsweraUseraQuestion": {
      "type": "data_clump",
      "key": "parameters_to_parameters_data_clump-./Answer-_GvXK4JAbEDmiPKLXrJugzg-_cyyyQJGOEDmlE7aAP0slhg-anAnsweraUseraQuestion",
      "probability": 1,
      "from_file_path": "./Answer",
      "from_class_or_interface_name": "Answer",
      "from_class_or_interface_key": "_YqfA4Im-EDmK8br1egRCTg",
      "from_method_name": "<<class>new:user:question:",
      "from_method_key": "_GvXK4JAbEDmiPKLXrJugzg",
      "to_file_path": "./Answer",
      "to_class_or_interface_name": "Answer",
      "to_class_or_interface_key": "_YqfA4Im-EDmK8br1egRCTg",
      "to_method_name": "<<class>>new:user:question:",
      "to_method_key": "_cyyyQJGOEDmlE7aAP0slhg",
      "data_clump_type": "parameters_to_parameters_data_clump",
      "data_clump_data": {
        "_GvXK4ZAbEDmiPKLXrJugzg": {
          "key": "_GvXK4ZAbEDmiPKLXrJugzg",
          "name": "anAnswer",
          "type": null,
          "probability": 1,
          "modifiers": [],
          "to_variable": {
            "key": "_fusisJGOEDmlE7aAP0slhg",
            "name": "anAnswer",
            "type": null,
            "modifiers": [],
            "position": {}
          },
          "position": {}
        },
        "_GvXK4pAbEDmiPKLXrJugzg": {
          "key": "_GvXK4pAbEDmiPKLXrJugzg",
          "name": "aUser",
          "type": null,
          "probability": 1,
          "modifiers": [],
          "to_variable": {
            "key": "_hhIJoJGOEDmlE7aAP0slhg",
            "name": "aUser",
            "type": null,
            "modifiers": [],
            "position": {}
          },
          "position": {}
        },
        "_GvXK45AbEDmiPKLXrJugzg": {
          "key": "_GvXK45AbEDmiPKLXrJugzg",
          "name": "aQuestion",
          "type": null,
          "probability": 1,
          "modifiers": [],
          "to_variable": {
            "key": "_i5oNoJGOEDmlE7aAP0slhg",
            "name": "aQuestion",
            "type": null,
            "modifiers": [],
            "position": {}
          },
          "position": {}
        }
      }
    },
    "parameters_to_parameters_data_clump-./Answer-_cyyyQJGOEDmlE7aAP0slhg-_xsXHoJAZEDmiPKLXrJugzg-anAnsweraUseraQuestion": {
      "type": "data_clump",
      "key": "parameters_to_parameters_data_clump-./Answer-_cyyyQJGOEDmlE7aAP0slhg-_xsXHoJAZEDmiPKLXrJugzg-anAnsweraUseraQuestion",
      "probability": 1,
      "from_file_path": "./Answer",
      "from_class_or_interface_name": "Answer",
      "from_class_or_interface_key": "_YqfA4Im-EDmK8br1egRCTg",
      "from_method_name": "<<class>>new:user:question:",
      "from_method_key": "_cyyyQJGOEDmlE7aAP0slhg",
      "to_file_path": "./Answer",
      "to_class_or_interface_name": "Answer",
      "to_class_or_interface_key": "_YqfA4Im-EDmK8br1egRCTg",
      "to_method_name": "description:user:question:",
      "to_method_key": "_xsXHoJAZEDmiPKLXrJugzg",
      "data_clump_type": "parameters_to_parameters_data_clump",
      "data_clump_data": {
        "_fusisJGOEDmlE7aAP0slhg": {
          "key": "_fusisJGOEDmlE7aAP0slhg",
          "name": "anAnswer",
          "type": null,
          "probability": 1,
          "modifiers": [],
          "to_variable": {
            "key": "_BQ9ogJAbEDmiPKLXrJugzg",
            "name": "anAnswer",
            "type": null,
            "modifiers": [],
            "position": {}
          },
          "position": {}
        },
        "_hhIJoJGOEDmlE7aAP0slhg": {
          "key": "_hhIJoJGOEDmlE7aAP0slhg",
          "name": "aUser",
          "type": null,
          "probability": 1,
          "modifiers": [],
          "to_variable": {
            "key": "_C10GcJAbEDmiPKLXrJugzg",
            "name": "aUser",
            "type": null,
            "modifiers": [],
            "position": {}
          },
          "position": {}
        },
        "_i5oNoJGOEDmlE7aAP0slhg": {
          "key": "_i5oNoJGOEDmlE7aAP0slhg",
          "name": "aQuestion",
          "type": null,
          "probability": 1,
          "modifiers": [],
          "to_variable": {
            "key": "_EEaAgJAbEDmiPKLXrJugzg",
            "name": "aQuestion",
            "type": null,
            "modifiers": [],
            "position": {}
          },
          "position": {}
        }
      }
    },
    "parameters_to_parameters_data_clump-./Answer-_cyyyQJGOEDmlE7aAP0slhg-_GvXK4JAbEDmiPKLXrJugzg-anAnsweraUseraQuestion": {
      "type": "data_clump",
      "key": "parameters_to_parameters_data_clump-./Answer-_cyyyQJGOEDmlE7aAP0slhg-_GvXK4JAbEDmiPKLXrJugzg-anAnsweraUseraQuestion",
      "probability": 1,
      "from_file_path": "./Answer",
      "from_class_or_interface_name": "Answer",
      "from_class_or_interface_key": "_YqfA4Im-EDmK8br1egRCTg",
      "from_method_name": "<<class>>new:user:question:",
      "from_method_key": "_cyyyQJGOEDmlE7aAP0slhg",
      "to_file_path": "./Answer",
      "to_class_or_interface_name": "Answer",
      "to_class_or_interface_key": "_YqfA4Im-EDmK8br1egRCTg",
      "to_method_name": "<<class>new:user:question:",
      "to_method_key": "_GvXK4JAbEDmiPKLXrJugzg",
      "data_clump_type": "parameters_to_parameters_data_clump",
      "data_clump_data": {
        "_fusisJGOEDmlE7aAP0slhg": {
          "key": "_fusisJGOEDmlE7aAP0slhg",
          "name": "anAnswer",
          "type": null,
          "probability": 1,
          "modifiers": [],
          "to_variable": {
            "key": "_GvXK4ZAbEDmiPKLXrJugzg",
            "name": "anAnswer",
            "type": null,
            "modifiers": [],
            "position": {}
          },
          "position": {}
        },
        "_hhIJoJGOEDmlE7aAP0slhg": {
          "key": "_hhIJoJGOEDmlE7aAP0slhg",
          "name": "aUser",
          "type": null,
          "probability": 1,
          "modifiers": [],
          "to_variable": {
            "key": "_GvXK4pAbEDmiPKLXrJugzg",
            "name": "aUser",
            "type": null,
            "modifiers": [],
            "position": {}
          },
          "position": {}
        },
        "_i5oNoJGOEDmlE7aAP0slhg": {
          "key": "_i5oNoJGOEDmlE7aAP0slhg",
          "name": "aQuestion",
          "type": null,
          "probability": 1,
          "modifiers": [],
          "to_variable": {
            "key": "_GvXK45AbEDmiPKLXrJugzg",
            "name": "aQuestion",
            "type": null,
            "modifiers": [],
            "position": {}
          },
          "position": {}
        }
      }
    },
    "parameters_to_parameters_data_clump-./Question-_kSP2cZAaEDmiPKLXrJugzg-_490GkJAaEDmiPKLXrJugzg-titleaDescriptionaUser": {
      "type": "data_clump",
      "key": "parameters_to_parameters_data_clump-./Question-_kSP2cZAaEDmiPKLXrJugzg-_490GkJAaEDmiPKLXrJugzg-titleaDescriptionaUser",
      "probability": 1,
      "from_file_path": "./Question",
      "from_class_or_interface_name": "Question",
      "from_class_or_interface_key": "_XmIn8Im-EDmK8br1egRCTg",
      "from_method_name": "title:description:user",
      "from_method_key": "_kSP2cZAaEDmiPKLXrJugzg",
      "to_file_path": "./Question",
      "to_class_or_interface_name": "Question",
      "to_class_or_interface_key": "_XmIn8Im-EDmK8br1egRCTg",
      "to_method_name": "title:description:user:topic",
      "to_method_key": "_490GkJAaEDmiPKLXrJugzg",
      "data_clump_type": "parameters_to_parameters_data_clump",
      "data_clump_data": {
        "_nQoTIJAaEDmiPKLXrJugzg": {
          "key": "_nQoTIJAaEDmiPKLXrJugzg",
          "name": "title",
          "type": null,
          "probability": 1,
          "modifiers": [],
          "to_variable": {
            "key": "_490GkZAaEDmiPKLXrJugzg",
            "name": "title",
            "type": null,
            "modifiers": [],
            "position": {}
          },
          "position": {}
        },
        "_pieZ8JAaEDmiPKLXrJugzg": {
          "key": "_pieZ8JAaEDmiPKLXrJugzg",
          "name": "aDescription",
          "type": null,
          "probability": 1,
          "modifiers": [],
          "to_variable": {
            "key": "_490toJAaEDmiPKLXrJugzg",
            "name": "aDescription",
            "type": null,
            "modifiers": [],
            "position": {}
          },
          "position": {}
        },
        "_sZbY8JAaEDmiPKLXrJugzg": {
          "key": "_sZbY8JAaEDmiPKLXrJugzg",
          "name": "aUser",
          "type": null,
          "probability": 1,
          "modifiers": [],
          "to_variable": {
            "key": "_490toZAaEDmiPKLXrJugzg",
            "name": "aUser",
            "type": null,
            "modifiers": [],
            "position": {}
          },
          "position": {}
        }
      }
    },
    "parameters_to_parameters_data_clump-./Question-_kSP2cZAaEDmiPKLXrJugzg-_wbijgJAaEDmiPKLXrJugzg-titleaDescriptionaUser": {
      "type": "data_clump",
      "key": "parameters_to_parameters_data_clump-./Question-_kSP2cZAaEDmiPKLXrJugzg-_wbijgJAaEDmiPKLXrJugzg-titleaDescriptionaUser",
      "probability": 1,
      "from_file_path": "./Question",
      "from_class_or_interface_name": "Question",
      "from_class_or_interface_key": "_XmIn8Im-EDmK8br1egRCTg",
      "from_method_name": "title:description:user",
      "from_method_key": "_kSP2cZAaEDmiPKLXrJugzg",
      "to_file_path": "./Question",
      "to_class_or_interface_name": "Question",
      "to_class_or_interface_key": "_XmIn8Im-EDmK8br1egRCTg",
      "to_method_name": "<<class>>newWithTitle:description:user",
      "to_method_key": "_wbijgJAaEDmiPKLXrJugzg",
      "data_clump_type": "parameters_to_parameters_data_clump",
      "data_clump_data": {
        "_nQoTIJAaEDmiPKLXrJugzg": {
          "key": "_nQoTIJAaEDmiPKLXrJugzg",
          "name": "title",
          "type": null,
          "probability": 1,
          "modifiers": [],
          "to_variable": {
            "key": "_wbjKkJAaEDmiPKLXrJugzg",
            "name": "title",
            "type": null,
            "modifiers": [],
            "position": {}
          },
          "position": {}
        },
        "_pieZ8JAaEDmiPKLXrJugzg": {
          "key": "_pieZ8JAaEDmiPKLXrJugzg",
          "name": "aDescription",
          "type": null,
          "probability": 1,
          "modifiers": [],
          "to_variable": {
            "key": "_wbjKkZAaEDmiPKLXrJugzg",
            "name": "aDescription",
            "type": null,
            "modifiers": [],
            "position": {}
          },
          "position": {}
        },
        "_sZbY8JAaEDmiPKLXrJugzg": {
          "key": "_sZbY8JAaEDmiPKLXrJugzg",
          "name": "aUser",
          "type": null,
          "probability": 1,
          "modifiers": [],
          "to_variable": {
            "key": "_wbjKkpAaEDmiPKLXrJugzg",
            "name": "aUser",
            "type": null,
            "modifiers": [],
            "position": {}
          },
          "position": {}
        }
      }
    },
    "parameters_to_parameters_data_clump-./Question-_kSP2cZAaEDmiPKLXrJugzg-_0E8TIJAaEDmiPKLXrJugzg-titleaDescriptionaUser": {
      "type": "data_clump",
      "key": "parameters_to_parameters_data_clump-./Question-_kSP2cZAaEDmiPKLXrJugzg-_0E8TIJAaEDmiPKLXrJugzg-titleaDescriptionaUser",
      "probability": 1,
      "from_file_path": "./Question",
      "from_class_or_interface_name": "Question",
      "from_class_or_interface_key": "_XmIn8Im-EDmK8br1egRCTg",
      "from_method_name": "title:description:user",
      "from_method_key": "_kSP2cZAaEDmiPKLXrJugzg",
      "to_file_path": "./Question",
      "to_class_or_interface_name": "Question",
      "to_class_or_interface_key": "_XmIn8Im-EDmK8br1egRCTg",
      "to_method_name": "<<class>>newWithTitle:description:user:topic",
      "to_method_key": "_0E8TIJAaEDmiPKLXrJugzg",
      "data_clump_type": "parameters_to_parameters_data_clump",
      "data_clump_data": {
        "_nQoTIJAaEDmiPKLXrJugzg": {
          "key": "_nQoTIJAaEDmiPKLXrJugzg",
          "name": "title",
          "type": null,
          "probability": 1,
          "modifiers": [],
          "to_variable": {
            "key": "_0E8TIZAaEDmiPKLXrJugzg",
            "name": "title",
            "type": null,
            "modifiers": [],
            "position": {}
          },
          "position": {}
        },
        "_pieZ8JAaEDmiPKLXrJugzg": {
          "key": "_pieZ8JAaEDmiPKLXrJugzg",
          "name": "aDescription",
          "type": null,
          "probability": 1,
          "modifiers": [],
          "to_variable": {
            "key": "_0E8TIpAaEDmiPKLXrJugzg",
            "name": "aDescription",
            "type": null,
            "modifiers": [],
            "position": {}
          },
          "position": {}
        },
        "_sZbY8JAaEDmiPKLXrJugzg": {
          "key": "_sZbY8JAaEDmiPKLXrJugzg",
          "name": "aUser",
          "type": null,
          "probability": 1,
          "modifiers": [],
          "to_variable": {
            "key": "_0E8TI5AaEDmiPKLXrJugzg",
            "name": "aUser",
            "type": null,
            "modifiers": [],
            "position": {}
          },
          "position": {}
        }
      }
    },
    "parameters_to_parameters_data_clump-./Question-_kSP2cZAaEDmiPKLXrJugzg-_KAFhMZGOEDmlE7aAP0slhg-titleaDescriptionaUser": {
      "type": "data_clump",
      "key": "parameters_to_parameters_data_clump-./Question-_kSP2cZAaEDmiPKLXrJugzg-_KAFhMZGOEDmlE7aAP0slhg-titleaDescriptionaUser",
      "probability": 1,
      "from_file_path": "./Question",
      "from_class_or_interface_name": "Question",
      "from_class_or_interface_key": "_XmIn8Im-EDmK8br1egRCTg",
      "from_method_name": "title:description:user",
      "from_method_key": "_kSP2cZAaEDmiPKLXrJugzg",
      "to_file_path": "./Question",
      "to_class_or_interface_name": "Question",
      "to_class_or_interface_key": "_XmIn8Im-EDmK8br1egRCTg",
      "to_method_name": "<<class>>newWithTitle:description:user:",
      "to_method_key": "_KAFhMZGOEDmlE7aAP0slhg",
      "data_clump_type": "parameters_to_parameters_data_clump",
      "data_clump_data": {
        "_nQoTIJAaEDmiPKLXrJugzg": {
          "key": "_nQoTIJAaEDmiPKLXrJugzg",
          "name": "title",
          "type": null,
          "probability": 1,
          "modifiers": [],
          "to_variable": {
            "key": "_OQJoMJGOEDmlE7aAP0slhg",
            "name": "title",
            "type": null,
            "modifiers": [],
            "position": {}
          },
          "position": {}
        },
        "_pieZ8JAaEDmiPKLXrJugzg": {
          "key": "_pieZ8JAaEDmiPKLXrJugzg",
          "name": "aDescription",
          "type": null,
          "probability": 1,
          "modifiers": [],
          "to_variable": {
            "key": "_PmcFsJGOEDmlE7aAP0slhg",
            "name": "aDescription",
            "type": null,
            "modifiers": [],
            "position": {}
          },
          "position": {}
        },
        "_sZbY8JAaEDmiPKLXrJugzg": {
          "key": "_sZbY8JAaEDmiPKLXrJugzg",
          "name": "aUser",
          "type": null,
          "probability": 1,
          "modifiers": [],
          "to_variable": {
            "key": "_Rt79sJGOEDmlE7aAP0slhg",
            "name": "aUser",
            "type": null,
            "modifiers": [],
            "position": {}
          },
          "position": {}
        }
      }
    },
    "parameters_to_parameters_data_clump-./Question-_kSP2cZAaEDmiPKLXrJugzg-_XtlzAJGOEDmlE7aAP0slhg-titleaDescriptionaUser": {
      "type": "data_clump",
      "key": "parameters_to_parameters_data_clump-./Question-_kSP2cZAaEDmiPKLXrJugzg-_XtlzAJGOEDmlE7aAP0slhg-titleaDescriptionaUser",
      "probability": 1,
      "from_file_path": "./Question",
      "from_class_or_interface_name": "Question",
      "from_class_or_interface_key": "_XmIn8Im-EDmK8br1egRCTg",
      "from_method_name": "title:description:user",
      "from_method_key": "_kSP2cZAaEDmiPKLXrJugzg",
      "to_file_path": "./Question",
      "to_class_or_interface_name": "Question",
      "to_class_or_interface_key": "_XmIn8Im-EDmK8br1egRCTg",
      "to_method_name": "<<class>>newWithTitle:description:user:topic:",
      "to_method_key": "_XtlzAJGOEDmlE7aAP0slhg",
      "data_clump_type": "parameters_to_parameters_data_clump",
      "data_clump_data": {
        "_nQoTIJAaEDmiPKLXrJugzg": {
          "key": "_nQoTIJAaEDmiPKLXrJugzg",
          "name": "title",
          "type": null,
          "probability": 1,
          "modifiers": [],
          "to_variable": {
            "key": "_XtmaEJGOEDmlE7aAP0slhg",
            "name": "title",
            "type": null,
            "modifiers": [],
            "position": {}
          },
          "position": {}
        },
        "_pieZ8JAaEDmiPKLXrJugzg": {
          "key": "_pieZ8JAaEDmiPKLXrJugzg",
          "name": "aDescription",
          "type": null,
          "probability": 1,
          "modifiers": [],
          "to_variable": {
            "key": "_XtnBIJGOEDmlE7aAP0slhg",
            "name": "aDescription",
            "type": null,
            "modifiers": [],
            "position": {}
          },
          "position": {}
        },
        "_sZbY8JAaEDmiPKLXrJugzg": {
          "key": "_sZbY8JAaEDmiPKLXrJugzg",
          "name": "aUser",
          "type": null,
          "probability": 1,
          "modifiers": [],
          "to_variable": {
            "key": "_XtnBIZGOEDmlE7aAP0slhg",
            "name": "aUser",
            "type": null,
            "modifiers": [],
            "position": {}
          },
          "position": {}
        }
      }
    },
    "parameters_to_parameters_data_clump-./Question-_490GkJAaEDmiPKLXrJugzg-_kSP2cZAaEDmiPKLXrJugzg-titleaDescriptionaUser": {
      "type": "data_clump",
      "key": "parameters_to_parameters_data_clump-./Question-_490GkJAaEDmiPKLXrJugzg-_kSP2cZAaEDmiPKLXrJugzg-titleaDescriptionaUser",
      "probability": 1,
      "from_file_path": "./Question",
      "from_class_or_interface_name": "Question",
      "from_class_or_interface_key": "_XmIn8Im-EDmK8br1egRCTg",
      "from_method_name": "title:description:user:topic",
      "from_method_key": "_490GkJAaEDmiPKLXrJugzg",
      "to_file_path": "./Question",
      "to_class_or_interface_name": "Question",
      "to_class_or_interface_key": "_XmIn8Im-EDmK8br1egRCTg",
      "to_method_name": "title:description:user",
      "to_method_key": "_kSP2cZAaEDmiPKLXrJugzg",
      "data_clump_type": "parameters_to_parameters_data_clump",
      "data_clump_data": {
        "_490GkZAaEDmiPKLXrJugzg": {
          "key": "_490GkZAaEDmiPKLXrJugzg",
          "name": "title",
          "type": null,
          "probability": 1,
          "modifiers": [],
          "to_variable": {
            "key": "_nQoTIJAaEDmiPKLXrJugzg",
            "name": "title",
            "type": null,
            "modifiers": [],
            "position": {}
          },
          "position": {}
        },
        "_490toJAaEDmiPKLXrJugzg": {
          "key": "_490toJAaEDmiPKLXrJugzg",
          "name": "aDescription",
          "type": null,
          "probability": 1,
          "modifiers": [],
          "to_variable": {
            "key": "_pieZ8JAaEDmiPKLXrJugzg",
            "name": "aDescription",
            "type": null,
            "modifiers": [],
            "position": {}
          },
          "position": {}
        },
        "_490toZAaEDmiPKLXrJugzg": {
          "key": "_490toZAaEDmiPKLXrJugzg",
          "name": "aUser",
          "type": null,
          "probability": 1,
          "modifiers": [],
          "to_variable": {
            "key": "_sZbY8JAaEDmiPKLXrJugzg",
            "name": "aUser",
            "type": null,
            "modifiers": [],
            "position": {}
          },
          "position": {}
        }
      }
    },
    "parameters_to_parameters_data_clump-./Question-_490GkJAaEDmiPKLXrJugzg-_wbijgJAaEDmiPKLXrJugzg-titleaDescriptionaUser": {
      "type": "data_clump",
      "key": "parameters_to_parameters_data_clump-./Question-_490GkJAaEDmiPKLXrJugzg-_wbijgJAaEDmiPKLXrJugzg-titleaDescriptionaUser",
      "probability": 1,
      "from_file_path": "./Question",
      "from_class_or_interface_name": "Question",
      "from_class_or_interface_key": "_XmIn8Im-EDmK8br1egRCTg",
      "from_method_name": "title:description:user:topic",
      "from_method_key": "_490GkJAaEDmiPKLXrJugzg",
      "to_file_path": "./Question",
      "to_class_or_interface_name": "Question",
      "to_class_or_interface_key": "_XmIn8Im-EDmK8br1egRCTg",
      "to_method_name": "<<class>>newWithTitle:description:user",
      "to_method_key": "_wbijgJAaEDmiPKLXrJugzg",
      "data_clump_type": "parameters_to_parameters_data_clump",
      "data_clump_data": {
        "_490GkZAaEDmiPKLXrJugzg": {
          "key": "_490GkZAaEDmiPKLXrJugzg",
          "name": "title",
          "type": null,
          "probability": 1,
          "modifiers": [],
          "to_variable": {
            "key": "_wbjKkJAaEDmiPKLXrJugzg",
            "name": "title",
            "type": null,
            "modifiers": [],
            "position": {}
          },
          "position": {}
        },
        "_490toJAaEDmiPKLXrJugzg": {
          "key": "_490toJAaEDmiPKLXrJugzg",
          "name": "aDescription",
          "type": null,
          "probability": 1,
          "modifiers": [],
          "to_variable": {
            "key": "_wbjKkZAaEDmiPKLXrJugzg",
            "name": "aDescription",
            "type": null,
            "modifiers": [],
            "position": {}
          },
          "position": {}
        },
        "_490toZAaEDmiPKLXrJugzg": {
          "key": "_490toZAaEDmiPKLXrJugzg",
          "name": "aUser",
          "type": null,
          "probability": 1,
          "modifiers": [],
          "to_variable": {
            "key": "_wbjKkpAaEDmiPKLXrJugzg",
            "name": "aUser",
            "type": null,
            "modifiers": [],
            "position": {}
          },
          "position": {}
        }
      }
    },
    "parameters_to_parameters_data_clump-./Question-_490GkJAaEDmiPKLXrJugzg-_0E8TIJAaEDmiPKLXrJugzg-titleaDescriptionaUseraTopic": {
      "type": "data_clump",
      "key": "parameters_to_parameters_data_clump-./Question-_490GkJAaEDmiPKLXrJugzg-_0E8TIJAaEDmiPKLXrJugzg-titleaDescriptionaUseraTopic",
      "probability": 1,
      "from_file_path": "./Question",
      "from_class_or_interface_name": "Question",
      "from_class_or_interface_key": "_XmIn8Im-EDmK8br1egRCTg",
      "from_method_name": "title:description:user:topic",
      "from_method_key": "_490GkJAaEDmiPKLXrJugzg",
      "to_file_path": "./Question",
      "to_class_or_interface_name": "Question",
      "to_class_or_interface_key": "_XmIn8Im-EDmK8br1egRCTg",
      "to_method_name": "<<class>>newWithTitle:description:user:topic",
      "to_method_key": "_0E8TIJAaEDmiPKLXrJugzg",
      "data_clump_type": "parameters_to_parameters_data_clump",
      "data_clump_data": {
        "_490GkZAaEDmiPKLXrJugzg": {
          "key": "_490GkZAaEDmiPKLXrJugzg",
          "name": "title",
          "type": null,
          "probability": 1,
          "modifiers": [],
          "to_variable": {
            "key": "_0E8TIZAaEDmiPKLXrJugzg",
            "name": "title",
            "type": null,
            "modifiers": [],
            "position": {}
          },
          "position": {}
        },
        "_490toJAaEDmiPKLXrJugzg": {
          "key": "_490toJAaEDmiPKLXrJugzg",
          "name": "aDescription",
          "type": null,
          "probability": 1,
          "modifiers": [],
          "to_variable": {
            "key": "_0E8TIpAaEDmiPKLXrJugzg",
            "name": "aDescription",
            "type": null,
            "modifiers": [],
            "position": {}
          },
          "position": {}
        },
        "_490toZAaEDmiPKLXrJugzg": {
          "key": "_490toZAaEDmiPKLXrJugzg",
          "name": "aUser",
          "type": null,
          "probability": 1,
          "modifiers": [],
          "to_variable": {
            "key": "_0E8TI5AaEDmiPKLXrJugzg",
            "name": "aUser",
            "type": null,
            "modifiers": [],
            "position": {}
          },
          "position": {}
        },
        "_490topAaEDmiPKLXrJugzg": {
          "key": "_490topAaEDmiPKLXrJugzg",
          "name": "aTopic",
          "type": null,
          "probability": 1,
          "modifiers": [],
          "to_variable": {
            "key": "_1F1vcJAaEDmiPKLXrJugzg",
            "name": "aTopic",
            "type": null,
            "modifiers": [],
            "position": {}
          },
          "position": {}
        }
      }
    },
    "parameters_to_parameters_data_clump-./Question-_490GkJAaEDmiPKLXrJugzg-_KAFhMZGOEDmlE7aAP0slhg-titleaDescriptionaUser": {
      "type": "data_clump",
      "key": "parameters_to_parameters_data_clump-./Question-_490GkJAaEDmiPKLXrJugzg-_KAFhMZGOEDmlE7aAP0slhg-titleaDescriptionaUser",
      "probability": 1,
      "from_file_path": "./Question",
      "from_class_or_interface_name": "Question",
      "from_class_or_interface_key": "_XmIn8Im-EDmK8br1egRCTg",
      "from_method_name": "title:description:user:topic",
      "from_method_key": "_490GkJAaEDmiPKLXrJugzg",
      "to_file_path": "./Question",
      "to_class_or_interface_name": "Question",
      "to_class_or_interface_key": "_XmIn8Im-EDmK8br1egRCTg",
      "to_method_name": "<<class>>newWithTitle:description:user:",
      "to_method_key": "_KAFhMZGOEDmlE7aAP0slhg",
      "data_clump_type": "parameters_to_parameters_data_clump",
      "data_clump_data": {
        "_490GkZAaEDmiPKLXrJugzg": {
          "key": "_490GkZAaEDmiPKLXrJugzg",
          "name": "title",
          "type": null,
          "probability": 1,
          "modifiers": [],
          "to_variable": {
            "key": "_OQJoMJGOEDmlE7aAP0slhg",
            "name": "title",
            "type": null,
            "modifiers": [],
            "position": {}
          },
          "position": {}
        },
        "_490toJAaEDmiPKLXrJugzg": {
          "key": "_490toJAaEDmiPKLXrJugzg",
          "name": "aDescription",
          "type": null,
          "probability": 1,
          "modifiers": [],
          "to_variable": {
            "key": "_PmcFsJGOEDmlE7aAP0slhg",
            "name": "aDescription",
            "type": null,
            "modifiers": [],
            "position": {}
          },
          "position": {}
        },
        "_490toZAaEDmiPKLXrJugzg": {
          "key": "_490toZAaEDmiPKLXrJugzg",
          "name": "aUser",
          "type": null,
          "probability": 1,
          "modifiers": [],
          "to_variable": {
            "key": "_Rt79sJGOEDmlE7aAP0slhg",
            "name": "aUser",
            "type": null,
            "modifiers": [],
            "position": {}
          },
          "position": {}
        }
      }
    },
    "parameters_to_parameters_data_clump-./Question-_490GkJAaEDmiPKLXrJugzg-_XtlzAJGOEDmlE7aAP0slhg-titleaDescriptionaUseraTopic": {
      "type": "data_clump",
      "key": "parameters_to_parameters_data_clump-./Question-_490GkJAaEDmiPKLXrJugzg-_XtlzAJGOEDmlE7aAP0slhg-titleaDescriptionaUseraTopic",
      "probability": 1,
      "from_file_path": "./Question",
      "from_class_or_interface_name": "Question",
      "from_class_or_interface_key": "_XmIn8Im-EDmK8br1egRCTg",
      "from_method_name": "title:description:user:topic",
      "from_method_key": "_490GkJAaEDmiPKLXrJugzg",
      "to_file_path": "./Question",
      "to_class_or_interface_name": "Question",
      "to_class_or_interface_key": "_XmIn8Im-EDmK8br1egRCTg",
      "to_method_name": "<<class>>newWithTitle:description:user:topic:",
      "to_method_key": "_XtlzAJGOEDmlE7aAP0slhg",
      "data_clump_type": "parameters_to_parameters_data_clump",
      "data_clump_data": {
        "_490GkZAaEDmiPKLXrJugzg": {
          "key": "_490GkZAaEDmiPKLXrJugzg",
          "name": "title",
          "type": null,
          "probability": 1,
          "modifiers": [],
          "to_variable": {
            "key": "_XtmaEJGOEDmlE7aAP0slhg",
            "name": "title",
            "type": null,
            "modifiers": [],
            "position": {}
          },
          "position": {}
        },
        "_490toJAaEDmiPKLXrJugzg": {
          "key": "_490toJAaEDmiPKLXrJugzg",
          "name": "aDescription",
          "type": null,
          "probability": 1,
          "modifiers": [],
          "to_variable": {
            "key": "_XtnBIJGOEDmlE7aAP0slhg",
            "name": "aDescription",
            "type": null,
            "modifiers": [],
            "position": {}
          },
          "position": {}
        },
        "_490toZAaEDmiPKLXrJugzg": {
          "key": "_490toZAaEDmiPKLXrJugzg",
          "name": "aUser",
          "type": null,
          "probability": 1,
          "modifiers": [],
          "to_variable": {
            "key": "_XtnBIZGOEDmlE7aAP0slhg",
            "name": "aUser",
            "type": null,
            "modifiers": [],
            "position": {}
          },
          "position": {}
        },
        "_490topAaEDmiPKLXrJugzg": {
          "key": "_490topAaEDmiPKLXrJugzg",
          "name": "aTopic",
          "type": null,
          "probability": 1,
          "modifiers": [],
          "to_variable": {
            "key": "_ZYDJsJGOEDmlE7aAP0slhg",
            "name": "aTopic",
            "type": null,
            "modifiers": [],
            "position": {}
          },
          "position": {}
        }
      }
    },
    "parameters_to_parameters_data_clump-./Question-_wbijgJAaEDmiPKLXrJugzg-_kSP2cZAaEDmiPKLXrJugzg-titleaDescriptionaUser": {
      "type": "data_clump",
      "key": "parameters_to_parameters_data_clump-./Question-_wbijgJAaEDmiPKLXrJugzg-_kSP2cZAaEDmiPKLXrJugzg-titleaDescriptionaUser",
      "probability": 1,
      "from_file_path": "./Question",
      "from_class_or_interface_name": "Question",
      "from_class_or_interface_key": "_XmIn8Im-EDmK8br1egRCTg",
      "from_method_name": "<<class>>newWithTitle:description:user",
      "from_method_key": "_wbijgJAaEDmiPKLXrJugzg",
      "to_file_path": "./Question",
      "to_class_or_interface_name": "Question",
      "to_class_or_interface_key": "_XmIn8Im-EDmK8br1egRCTg",
      "to_method_name": "title:description:user",
      "to_method_key": "_kSP2cZAaEDmiPKLXrJugzg",
      "data_clump_type": "parameters_to_parameters_data_clump",
      "data_clump_data": {
        "_wbjKkJAaEDmiPKLXrJugzg": {
          "key": "_wbjKkJAaEDmiPKLXrJugzg",
          "name": "title",
          "type": null,
          "probability": 1,
          "modifiers": [],
          "to_variable": {
            "key": "_nQoTIJAaEDmiPKLXrJugzg",
            "name": "title",
            "type": null,
            "modifiers": [],
            "position": {}
          },
          "position": {}
        },
        "_wbjKkZAaEDmiPKLXrJugzg": {
          "key": "_wbjKkZAaEDmiPKLXrJugzg",
          "name": "aDescription",
          "type": null,
          "probability": 1,
          "modifiers": [],
          "to_variable": {
            "key": "_pieZ8JAaEDmiPKLXrJugzg",
            "name": "aDescription",
            "type": null,
            "modifiers": [],
            "position": {}
          },
          "position": {}
        },
        "_wbjKkpAaEDmiPKLXrJugzg": {
          "key": "_wbjKkpAaEDmiPKLXrJugzg",
          "name": "aUser",
          "type": null,
          "probability": 1,
          "modifiers": [],
          "to_variable": {
            "key": "_sZbY8JAaEDmiPKLXrJugzg",
            "name": "aUser",
            "type": null,
            "modifiers": [],
            "position": {}
          },
          "position": {}
        }
      }
    },
    "parameters_to_parameters_data_clump-./Question-_wbijgJAaEDmiPKLXrJugzg-_490GkJAaEDmiPKLXrJugzg-titleaDescriptionaUser": {
      "type": "data_clump",
      "key": "parameters_to_parameters_data_clump-./Question-_wbijgJAaEDmiPKLXrJugzg-_490GkJAaEDmiPKLXrJugzg-titleaDescriptionaUser",
      "probability": 1,
      "from_file_path": "./Question",
      "from_class_or_interface_name": "Question",
      "from_class_or_interface_key": "_XmIn8Im-EDmK8br1egRCTg",
      "from_method_name": "<<class>>newWithTitle:description:user",
      "from_method_key": "_wbijgJAaEDmiPKLXrJugzg",
      "to_file_path": "./Question",
      "to_class_or_interface_name": "Question",
      "to_class_or_interface_key": "_XmIn8Im-EDmK8br1egRCTg",
      "to_method_name": "title:description:user:topic",
      "to_method_key": "_490GkJAaEDmiPKLXrJugzg",
      "data_clump_type": "parameters_to_parameters_data_clump",
      "data_clump_data": {
        "_wbjKkJAaEDmiPKLXrJugzg": {
          "key": "_wbjKkJAaEDmiPKLXrJugzg",
          "name": "title",
          "type": null,
          "probability": 1,
          "modifiers": [],
          "to_variable": {
            "key": "_490GkZAaEDmiPKLXrJugzg",
            "name": "title",
            "type": null,
            "modifiers": [],
            "position": {}
          },
          "position": {}
        },
        "_wbjKkZAaEDmiPKLXrJugzg": {
          "key": "_wbjKkZAaEDmiPKLXrJugzg",
          "name": "aDescription",
          "type": null,
          "probability": 1,
          "modifiers": [],
          "to_variable": {
            "key": "_490toJAaEDmiPKLXrJugzg",
            "name": "aDescription",
            "type": null,
            "modifiers": [],
            "position": {}
          },
          "position": {}
        },
        "_wbjKkpAaEDmiPKLXrJugzg": {
          "key": "_wbjKkpAaEDmiPKLXrJugzg",
          "name": "aUser",
          "type": null,
          "probability": 1,
          "modifiers": [],
          "to_variable": {
            "key": "_490toZAaEDmiPKLXrJugzg",
            "name": "aUser",
            "type": null,
            "modifiers": [],
            "position": {}
          },
          "position": {}
        }
      }
    },
    "parameters_to_parameters_data_clump-./Question-_wbijgJAaEDmiPKLXrJugzg-_0E8TIJAaEDmiPKLXrJugzg-titleaDescriptionaUser": {
      "type": "data_clump",
      "key": "parameters_to_parameters_data_clump-./Question-_wbijgJAaEDmiPKLXrJugzg-_0E8TIJAaEDmiPKLXrJugzg-titleaDescriptionaUser",
      "probability": 1,
      "from_file_path": "./Question",
      "from_class_or_interface_name": "Question",
      "from_class_or_interface_key": "_XmIn8Im-EDmK8br1egRCTg",
      "from_method_name": "<<class>>newWithTitle:description:user",
      "from_method_key": "_wbijgJAaEDmiPKLXrJugzg",
      "to_file_path": "./Question",
      "to_class_or_interface_name": "Question",
      "to_class_or_interface_key": "_XmIn8Im-EDmK8br1egRCTg",
      "to_method_name": "<<class>>newWithTitle:description:user:topic",
      "to_method_key": "_0E8TIJAaEDmiPKLXrJugzg",
      "data_clump_type": "parameters_to_parameters_data_clump",
      "data_clump_data": {
        "_wbjKkJAaEDmiPKLXrJugzg": {
          "key": "_wbjKkJAaEDmiPKLXrJugzg",
          "name": "title",
          "type": null,
          "probability": 1,
          "modifiers": [],
          "to_variable": {
            "key": "_0E8TIZAaEDmiPKLXrJugzg",
            "name": "title",
            "type": null,
            "modifiers": [],
            "position": {}
          },
          "position": {}
        },
        "_wbjKkZAaEDmiPKLXrJugzg": {
          "key": "_wbjKkZAaEDmiPKLXrJugzg",
          "name": "aDescription",
          "type": null,
          "probability": 1,
          "modifiers": [],
          "to_variable": {
            "key": "_0E8TIpAaEDmiPKLXrJugzg",
            "name": "aDescription",
            "type": null,
            "modifiers": [],
            "position": {}
          },
          "position": {}
        },
        "_wbjKkpAaEDmiPKLXrJugzg": {
          "key": "_wbjKkpAaEDmiPKLXrJugzg",
          "name": "aUser",
          "type": null,
          "probability": 1,
          "modifiers": [],
          "to_variable": {
            "key": "_0E8TI5AaEDmiPKLXrJugzg",
            "name": "aUser",
            "type": null,
            "modifiers": [],
            "position": {}
          },
          "position": {}
        }
      }
    },
    "parameters_to_parameters_data_clump-./Question-_wbijgJAaEDmiPKLXrJugzg-_KAFhMZGOEDmlE7aAP0slhg-titleaDescriptionaUser": {
      "type": "data_clump",
      "key": "parameters_to_parameters_data_clump-./Question-_wbijgJAaEDmiPKLXrJugzg-_KAFhMZGOEDmlE7aAP0slhg-titleaDescriptionaUser",
      "probability": 1,
      "from_file_path": "./Question",
      "from_class_or_interface_name": "Question",
      "from_class_or_interface_key": "_XmIn8Im-EDmK8br1egRCTg",
      "from_method_name": "<<class>>newWithTitle:description:user",
      "from_method_key": "_wbijgJAaEDmiPKLXrJugzg",
      "to_file_path": "./Question",
      "to_class_or_interface_name": "Question",
      "to_class_or_interface_key": "_XmIn8Im-EDmK8br1egRCTg",
      "to_method_name": "<<class>>newWithTitle:description:user:",
      "to_method_key": "_KAFhMZGOEDmlE7aAP0slhg",
      "data_clump_type": "parameters_to_parameters_data_clump",
      "data_clump_data": {
        "_wbjKkJAaEDmiPKLXrJugzg": {
          "key": "_wbjKkJAaEDmiPKLXrJugzg",
          "name": "title",
          "type": null,
          "probability": 1,
          "modifiers": [],
          "to_variable": {
            "key": "_OQJoMJGOEDmlE7aAP0slhg",
            "name": "title",
            "type": null,
            "modifiers": [],
            "position": {}
          },
          "position": {}
        },
        "_wbjKkZAaEDmiPKLXrJugzg": {
          "key": "_wbjKkZAaEDmiPKLXrJugzg",
          "name": "aDescription",
          "type": null,
          "probability": 1,
          "modifiers": [],
          "to_variable": {
            "key": "_PmcFsJGOEDmlE7aAP0slhg",
            "name": "aDescription",
            "type": null,
            "modifiers": [],
            "position": {}
          },
          "position": {}
        },
        "_wbjKkpAaEDmiPKLXrJugzg": {
          "key": "_wbjKkpAaEDmiPKLXrJugzg",
          "name": "aUser",
          "type": null,
          "probability": 1,
          "modifiers": [],
          "to_variable": {
            "key": "_Rt79sJGOEDmlE7aAP0slhg",
            "name": "aUser",
            "type": null,
            "modifiers": [],
            "position": {}
          },
          "position": {}
        }
      }
    },
    "parameters_to_parameters_data_clump-./Question-_wbijgJAaEDmiPKLXrJugzg-_XtlzAJGOEDmlE7aAP0slhg-titleaDescriptionaUser": {
      "type": "data_clump",
      "key": "parameters_to_parameters_data_clump-./Question-_wbijgJAaEDmiPKLXrJugzg-_XtlzAJGOEDmlE7aAP0slhg-titleaDescriptionaUser",
      "probability": 1,
      "from_file_path": "./Question",
      "from_class_or_interface_name": "Question",
      "from_class_or_interface_key": "_XmIn8Im-EDmK8br1egRCTg",
      "from_method_name": "<<class>>newWithTitle:description:user",
      "from_method_key": "_wbijgJAaEDmiPKLXrJugzg",
      "to_file_path": "./Question",
      "to_class_or_interface_name": "Question",
      "to_class_or_interface_key": "_XmIn8Im-EDmK8br1egRCTg",
      "to_method_name": "<<class>>newWithTitle:description:user:topic:",
      "to_method_key": "_XtlzAJGOEDmlE7aAP0slhg",
      "data_clump_type": "parameters_to_parameters_data_clump",
      "data_clump_data": {
        "_wbjKkJAaEDmiPKLXrJugzg": {
          "key": "_wbjKkJAaEDmiPKLXrJugzg",
          "name": "title",
          "type": null,
          "probability": 1,
          "modifiers": [],
          "to_variable": {
            "key": "_XtmaEJGOEDmlE7aAP0slhg",
            "name": "title",
            "type": null,
            "modifiers": [],
            "position": {}
          },
          "position": {}
        },
        "_wbjKkZAaEDmiPKLXrJugzg": {
          "key": "_wbjKkZAaEDmiPKLXrJugzg",
          "name": "aDescription",
          "type": null,
          "probability": 1,
          "modifiers": [],
          "to_variable": {
            "key": "_XtnBIJGOEDmlE7aAP0slhg",
            "name": "aDescription",
            "type": null,
            "modifiers": [],
            "position": {}
          },
          "position": {}
        },
        "_wbjKkpAaEDmiPKLXrJugzg": {
          "key": "_wbjKkpAaEDmiPKLXrJugzg",
          "name": "aUser",
          "type": null,
          "probability": 1,
          "modifiers": [],
          "to_variable": {
            "key": "_XtnBIZGOEDmlE7aAP0slhg",
            "name": "aUser",
            "type": null,
            "modifiers": [],
            "position": {}
          },
          "position": {}
        }
      }
    },
    "parameters_to_parameters_data_clump-./Question-_0E8TIJAaEDmiPKLXrJugzg-_kSP2cZAaEDmiPKLXrJugzg-titleaDescriptionaUser": {
      "type": "data_clump",
      "key": "parameters_to_parameters_data_clump-./Question-_0E8TIJAaEDmiPKLXrJugzg-_kSP2cZAaEDmiPKLXrJugzg-titleaDescriptionaUser",
      "probability": 1,
      "from_file_path": "./Question",
      "from_class_or_interface_name": "Question",
      "from_class_or_interface_key": "_XmIn8Im-EDmK8br1egRCTg",
      "from_method_name": "<<class>>newWithTitle:description:user:topic",
      "from_method_key": "_0E8TIJAaEDmiPKLXrJugzg",
      "to_file_path": "./Question",
      "to_class_or_interface_name": "Question",
      "to_class_or_interface_key": "_XmIn8Im-EDmK8br1egRCTg",
      "to_method_name": "title:description:user",
      "to_method_key": "_kSP2cZAaEDmiPKLXrJugzg",
      "data_clump_type": "parameters_to_parameters_data_clump",
      "data_clump_data": {
        "_0E8TIZAaEDmiPKLXrJugzg": {
          "key": "_0E8TIZAaEDmiPKLXrJugzg",
          "name": "title",
          "type": null,
          "probability": 1,
          "modifiers": [],
          "to_variable": {
            "key": "_nQoTIJAaEDmiPKLXrJugzg",
            "name": "title",
            "type": null,
            "modifiers": [],
            "position": {}
          },
          "position": {}
        },
        "_0E8TIpAaEDmiPKLXrJugzg": {
          "key": "_0E8TIpAaEDmiPKLXrJugzg",
          "name": "aDescription",
          "type": null,
          "probability": 1,
          "modifiers": [],
          "to_variable": {
            "key": "_pieZ8JAaEDmiPKLXrJugzg",
            "name": "aDescription",
            "type": null,
            "modifiers": [],
            "position": {}
          },
          "position": {}
        },
        "_0E8TI5AaEDmiPKLXrJugzg": {
          "key": "_0E8TI5AaEDmiPKLXrJugzg",
          "name": "aUser",
          "type": null,
          "probability": 1,
          "modifiers": [],
          "to_variable": {
            "key": "_sZbY8JAaEDmiPKLXrJugzg",
            "name": "aUser",
            "type": null,
            "modifiers": [],
            "position": {}
          },
          "position": {}
        }
      }
    },
    "parameters_to_parameters_data_clump-./Question-_0E8TIJAaEDmiPKLXrJugzg-_490GkJAaEDmiPKLXrJugzg-titleaDescriptionaUseraTopic": {
      "type": "data_clump",
      "key": "parameters_to_parameters_data_clump-./Question-_0E8TIJAaEDmiPKLXrJugzg-_490GkJAaEDmiPKLXrJugzg-titleaDescriptionaUseraTopic",
      "probability": 1,
      "from_file_path": "./Question",
      "from_class_or_interface_name": "Question",
      "from_class_or_interface_key": "_XmIn8Im-EDmK8br1egRCTg",
      "from_method_name": "<<class>>newWithTitle:description:user:topic",
      "from_method_key": "_0E8TIJAaEDmiPKLXrJugzg",
      "to_file_path": "./Question",
      "to_class_or_interface_name": "Question",
      "to_class_or_interface_key": "_XmIn8Im-EDmK8br1egRCTg",
      "to_method_name": "title:description:user:topic",
      "to_method_key": "_490GkJAaEDmiPKLXrJugzg",
      "data_clump_type": "parameters_to_parameters_data_clump",
      "data_clump_data": {
        "_0E8TIZAaEDmiPKLXrJugzg": {
          "key": "_0E8TIZAaEDmiPKLXrJugzg",
          "name": "title",
          "type": null,
          "probability": 1,
          "modifiers": [],
          "to_variable": {
            "key": "_490GkZAaEDmiPKLXrJugzg",
            "name": "title",
            "type": null,
            "modifiers": [],
            "position": {}
          },
          "position": {}
        },
        "_0E8TIpAaEDmiPKLXrJugzg": {
          "key": "_0E8TIpAaEDmiPKLXrJugzg",
          "name": "aDescription",
          "type": null,
          "probability": 1,
          "modifiers": [],
          "to_variable": {
            "key": "_490toJAaEDmiPKLXrJugzg",
            "name": "aDescription",
            "type": null,
            "modifiers": [],
            "position": {}
          },
          "position": {}
        },
        "_0E8TI5AaEDmiPKLXrJugzg": {
          "key": "_0E8TI5AaEDmiPKLXrJugzg",
          "name": "aUser",
          "type": null,
          "probability": 1,
          "modifiers": [],
          "to_variable": {
            "key": "_490toZAaEDmiPKLXrJugzg",
            "name": "aUser",
            "type": null,
            "modifiers": [],
            "position": {}
          },
          "position": {}
        },
        "_1F1vcJAaEDmiPKLXrJugzg": {
          "key": "_1F1vcJAaEDmiPKLXrJugzg",
          "name": "aTopic",
          "type": null,
          "probability": 1,
          "modifiers": [],
          "to_variable": {
            "key": "_490topAaEDmiPKLXrJugzg",
            "name": "aTopic",
            "type": null,
            "modifiers": [],
            "position": {}
          },
          "position": {}
        }
      }
    },
    "parameters_to_parameters_data_clump-./Question-_0E8TIJAaEDmiPKLXrJugzg-_wbijgJAaEDmiPKLXrJugzg-titleaDescriptionaUser": {
      "type": "data_clump",
      "key": "parameters_to_parameters_data_clump-./Question-_0E8TIJAaEDmiPKLXrJugzg-_wbijgJAaEDmiPKLXrJugzg-titleaDescriptionaUser",
      "probability": 1,
      "from_file_path": "./Question",
      "from_class_or_interface_name": "Question",
      "from_class_or_interface_key": "_XmIn8Im-EDmK8br1egRCTg",
      "from_method_name": "<<class>>newWithTitle:description:user:topic",
      "from_method_key": "_0E8TIJAaEDmiPKLXrJugzg",
      "to_file_path": "./Question",
      "to_class_or_interface_name": "Question",
      "to_class_or_interface_key": "_XmIn8Im-EDmK8br1egRCTg",
      "to_method_name": "<<class>>newWithTitle:description:user",
      "to_method_key": "_wbijgJAaEDmiPKLXrJugzg",
      "data_clump_type": "parameters_to_parameters_data_clump",
      "data_clump_data": {
        "_0E8TIZAaEDmiPKLXrJugzg": {
          "key": "_0E8TIZAaEDmiPKLXrJugzg",
          "name": "title",
          "type": null,
          "probability": 1,
          "modifiers": [],
          "to_variable": {
            "key": "_wbjKkJAaEDmiPKLXrJugzg",
            "name": "title",
            "type": null,
            "modifiers": [],
            "position": {}
          },
          "position": {}
        },
        "_0E8TIpAaEDmiPKLXrJugzg": {
          "key": "_0E8TIpAaEDmiPKLXrJugzg",
          "name": "aDescription",
          "type": null,
          "probability": 1,
          "modifiers": [],
          "to_variable": {
            "key": "_wbjKkZAaEDmiPKLXrJugzg",
            "name": "aDescription",
            "type": null,
            "modifiers": [],
            "position": {}
          },
          "position": {}
        },
        "_0E8TI5AaEDmiPKLXrJugzg": {
          "key": "_0E8TI5AaEDmiPKLXrJugzg",
          "name": "aUser",
          "type": null,
          "probability": 1,
          "modifiers": [],
          "to_variable": {
            "key": "_wbjKkpAaEDmiPKLXrJugzg",
            "name": "aUser",
            "type": null,
            "modifiers": [],
            "position": {}
          },
          "position": {}
        }
      }
    },
    "parameters_to_parameters_data_clump-./Question-_0E8TIJAaEDmiPKLXrJugzg-_KAFhMZGOEDmlE7aAP0slhg-titleaDescriptionaUser": {
      "type": "data_clump",
      "key": "parameters_to_parameters_data_clump-./Question-_0E8TIJAaEDmiPKLXrJugzg-_KAFhMZGOEDmlE7aAP0slhg-titleaDescriptionaUser",
      "probability": 1,
      "from_file_path": "./Question",
      "from_class_or_interface_name": "Question",
      "from_class_or_interface_key": "_XmIn8Im-EDmK8br1egRCTg",
      "from_method_name": "<<class>>newWithTitle:description:user:topic",
      "from_method_key": "_0E8TIJAaEDmiPKLXrJugzg",
      "to_file_path": "./Question",
      "to_class_or_interface_name": "Question",
      "to_class_or_interface_key": "_XmIn8Im-EDmK8br1egRCTg",
      "to_method_name": "<<class>>newWithTitle:description:user:",
      "to_method_key": "_KAFhMZGOEDmlE7aAP0slhg",
      "data_clump_type": "parameters_to_parameters_data_clump",
      "data_clump_data": {
        "_0E8TIZAaEDmiPKLXrJugzg": {
          "key": "_0E8TIZAaEDmiPKLXrJugzg",
          "name": "title",
          "type": null,
          "probability": 1,
          "modifiers": [],
          "to_variable": {
            "key": "_OQJoMJGOEDmlE7aAP0slhg",
            "name": "title",
            "type": null,
            "modifiers": [],
            "position": {}
          },
          "position": {}
        },
        "_0E8TIpAaEDmiPKLXrJugzg": {
          "key": "_0E8TIpAaEDmiPKLXrJugzg",
          "name": "aDescription",
          "type": null,
          "probability": 1,
          "modifiers": [],
          "to_variable": {
            "key": "_PmcFsJGOEDmlE7aAP0slhg",
            "name": "aDescription",
            "type": null,
            "modifiers": [],
            "position": {}
          },
          "position": {}
        },
        "_0E8TI5AaEDmiPKLXrJugzg": {
          "key": "_0E8TI5AaEDmiPKLXrJugzg",
          "name": "aUser",
          "type": null,
          "probability": 1,
          "modifiers": [],
          "to_variable": {
            "key": "_Rt79sJGOEDmlE7aAP0slhg",
            "name": "aUser",
            "type": null,
            "modifiers": [],
            "position": {}
          },
          "position": {}
        }
      }
    },
    "parameters_to_parameters_data_clump-./Question-_0E8TIJAaEDmiPKLXrJugzg-_XtlzAJGOEDmlE7aAP0slhg-titleaDescriptionaUseraTopic": {
      "type": "data_clump",
      "key": "parameters_to_parameters_data_clump-./Question-_0E8TIJAaEDmiPKLXrJugzg-_XtlzAJGOEDmlE7aAP0slhg-titleaDescriptionaUseraTopic",
      "probability": 1,
      "from_file_path": "./Question",
      "from_class_or_interface_name": "Question",
      "from_class_or_interface_key": "_XmIn8Im-EDmK8br1egRCTg",
      "from_method_name": "<<class>>newWithTitle:description:user:topic",
      "from_method_key": "_0E8TIJAaEDmiPKLXrJugzg",
      "to_file_path": "./Question",
      "to_class_or_interface_name": "Question",
      "to_class_or_interface_key": "_XmIn8Im-EDmK8br1egRCTg",
      "to_method_name": "<<class>>newWithTitle:description:user:topic:",
      "to_method_key": "_XtlzAJGOEDmlE7aAP0slhg",
      "data_clump_type": "parameters_to_parameters_data_clump",
      "data_clump_data": {
        "_0E8TIZAaEDmiPKLXrJugzg": {
          "key": "_0E8TIZAaEDmiPKLXrJugzg",
          "name": "title",
          "type": null,
          "probability": 1,
          "modifiers": [],
          "to_variable": {
            "key": "_XtmaEJGOEDmlE7aAP0slhg",
            "name": "title",
            "type": null,
            "modifiers": [],
            "position": {}
          },
          "position": {}
        },
        "_0E8TIpAaEDmiPKLXrJugzg": {
          "key": "_0E8TIpAaEDmiPKLXrJugzg",
          "name": "aDescription",
          "type": null,
          "probability": 1,
          "modifiers": [],
          "to_variable": {
            "key": "_XtnBIJGOEDmlE7aAP0slhg",
            "name": "aDescription",
            "type": null,
            "modifiers": [],
            "position": {}
          },
          "position": {}
        },
        "_0E8TI5AaEDmiPKLXrJugzg": {
          "key": "_0E8TI5AaEDmiPKLXrJugzg",
          "name": "aUser",
          "type": null,
          "probability": 1,
          "modifiers": [],
          "to_variable": {
            "key": "_XtnBIZGOEDmlE7aAP0slhg",
            "name": "aUser",
            "type": null,
            "modifiers": [],
            "position": {}
          },
          "position": {}
        },
        "_1F1vcJAaEDmiPKLXrJugzg": {
          "key": "_1F1vcJAaEDmiPKLXrJugzg",
          "name": "aTopic",
          "type": null,
          "probability": 1,
          "modifiers": [],
          "to_variable": {
            "key": "_ZYDJsJGOEDmlE7aAP0slhg",
            "name": "aTopic",
            "type": null,
            "modifiers": [],
            "position": {}
          },
          "position": {}
        }
      }
    },
    "parameters_to_parameters_data_clump-./Question-_KAFhMZGOEDmlE7aAP0slhg-_kSP2cZAaEDmiPKLXrJugzg-titleaDescriptionaUser": {
      "type": "data_clump",
      "key": "parameters_to_parameters_data_clump-./Question-_KAFhMZGOEDmlE7aAP0slhg-_kSP2cZAaEDmiPKLXrJugzg-titleaDescriptionaUser",
      "probability": 1,
      "from_file_path": "./Question",
      "from_class_or_interface_name": "Question",
      "from_class_or_interface_key": "_XmIn8Im-EDmK8br1egRCTg",
      "from_method_name": "<<class>>newWithTitle:description:user:",
      "from_method_key": "_KAFhMZGOEDmlE7aAP0slhg",
      "to_file_path": "./Question",
      "to_class_or_interface_name": "Question",
      "to_class_or_interface_key": "_XmIn8Im-EDmK8br1egRCTg",
      "to_method_name": "title:description:user",
      "to_method_key": "_kSP2cZAaEDmiPKLXrJugzg",
      "data_clump_type": "parameters_to_parameters_data_clump",
      "data_clump_data": {
        "_OQJoMJGOEDmlE7aAP0slhg": {
          "key": "_OQJoMJGOEDmlE7aAP0slhg",
          "name": "title",
          "type": null,
          "probability": 1,
          "modifiers": [],
          "to_variable": {
            "key": "_nQoTIJAaEDmiPKLXrJugzg",
            "name": "title",
            "type": null,
            "modifiers": [],
            "position": {}
          },
          "position": {}
        },
        "_PmcFsJGOEDmlE7aAP0slhg": {
          "key": "_PmcFsJGOEDmlE7aAP0slhg",
          "name": "aDescription",
          "type": null,
          "probability": 1,
          "modifiers": [],
          "to_variable": {
            "key": "_pieZ8JAaEDmiPKLXrJugzg",
            "name": "aDescription",
            "type": null,
            "modifiers": [],
            "position": {}
          },
          "position": {}
        },
        "_Rt79sJGOEDmlE7aAP0slhg": {
          "key": "_Rt79sJGOEDmlE7aAP0slhg",
          "name": "aUser",
          "type": null,
          "probability": 1,
          "modifiers": [],
          "to_variable": {
            "key": "_sZbY8JAaEDmiPKLXrJugzg",
            "name": "aUser",
            "type": null,
            "modifiers": [],
            "position": {}
          },
          "position": {}
        }
      }
    },
    "parameters_to_parameters_data_clump-./Question-_KAFhMZGOEDmlE7aAP0slhg-_490GkJAaEDmiPKLXrJugzg-titleaDescriptionaUser": {
      "type": "data_clump",
      "key": "parameters_to_parameters_data_clump-./Question-_KAFhMZGOEDmlE7aAP0slhg-_490GkJAaEDmiPKLXrJugzg-titleaDescriptionaUser",
      "probability": 1,
      "from_file_path": "./Question",
      "from_class_or_interface_name": "Question",
      "from_class_or_interface_key": "_XmIn8Im-EDmK8br1egRCTg",
      "from_method_name": "<<class>>newWithTitle:description:user:",
      "from_method_key": "_KAFhMZGOEDmlE7aAP0slhg",
      "to_file_path": "./Question",
      "to_class_or_interface_name": "Question",
      "to_class_or_interface_key": "_XmIn8Im-EDmK8br1egRCTg",
      "to_method_name": "title:description:user:topic",
      "to_method_key": "_490GkJAaEDmiPKLXrJugzg",
      "data_clump_type": "parameters_to_parameters_data_clump",
      "data_clump_data": {
        "_OQJoMJGOEDmlE7aAP0slhg": {
          "key": "_OQJoMJGOEDmlE7aAP0slhg",
          "name": "title",
          "type": null,
          "probability": 1,
          "modifiers": [],
          "to_variable": {
            "key": "_490GkZAaEDmiPKLXrJugzg",
            "name": "title",
            "type": null,
            "modifiers": [],
            "position": {}
          },
          "position": {}
        },
        "_PmcFsJGOEDmlE7aAP0slhg": {
          "key": "_PmcFsJGOEDmlE7aAP0slhg",
          "name": "aDescription",
          "type": null,
          "probability": 1,
          "modifiers": [],
          "to_variable": {
            "key": "_490toJAaEDmiPKLXrJugzg",
            "name": "aDescription",
            "type": null,
            "modifiers": [],
            "position": {}
          },
          "position": {}
        },
        "_Rt79sJGOEDmlE7aAP0slhg": {
          "key": "_Rt79sJGOEDmlE7aAP0slhg",
          "name": "aUser",
          "type": null,
          "probability": 1,
          "modifiers": [],
          "to_variable": {
            "key": "_490toZAaEDmiPKLXrJugzg",
            "name": "aUser",
            "type": null,
            "modifiers": [],
            "position": {}
          },
          "position": {}
        }
      }
    },
    "parameters_to_parameters_data_clump-./Question-_KAFhMZGOEDmlE7aAP0slhg-_wbijgJAaEDmiPKLXrJugzg-titleaDescriptionaUser": {
      "type": "data_clump",
      "key": "parameters_to_parameters_data_clump-./Question-_KAFhMZGOEDmlE7aAP0slhg-_wbijgJAaEDmiPKLXrJugzg-titleaDescriptionaUser",
      "probability": 1,
      "from_file_path": "./Question",
      "from_class_or_interface_name": "Question",
      "from_class_or_interface_key": "_XmIn8Im-EDmK8br1egRCTg",
      "from_method_name": "<<class>>newWithTitle:description:user:",
      "from_method_key": "_KAFhMZGOEDmlE7aAP0slhg",
      "to_file_path": "./Question",
      "to_class_or_interface_name": "Question",
      "to_class_or_interface_key": "_XmIn8Im-EDmK8br1egRCTg",
      "to_method_name": "<<class>>newWithTitle:description:user",
      "to_method_key": "_wbijgJAaEDmiPKLXrJugzg",
      "data_clump_type": "parameters_to_parameters_data_clump",
      "data_clump_data": {
        "_OQJoMJGOEDmlE7aAP0slhg": {
          "key": "_OQJoMJGOEDmlE7aAP0slhg",
          "name": "title",
          "type": null,
          "probability": 1,
          "modifiers": [],
          "to_variable": {
            "key": "_wbjKkJAaEDmiPKLXrJugzg",
            "name": "title",
            "type": null,
            "modifiers": [],
            "position": {}
          },
          "position": {}
        },
        "_PmcFsJGOEDmlE7aAP0slhg": {
          "key": "_PmcFsJGOEDmlE7aAP0slhg",
          "name": "aDescription",
          "type": null,
          "probability": 1,
          "modifiers": [],
          "to_variable": {
            "key": "_wbjKkZAaEDmiPKLXrJugzg",
            "name": "aDescription",
            "type": null,
            "modifiers": [],
            "position": {}
          },
          "position": {}
        },
        "_Rt79sJGOEDmlE7aAP0slhg": {
          "key": "_Rt79sJGOEDmlE7aAP0slhg",
          "name": "aUser",
          "type": null,
          "probability": 1,
          "modifiers": [],
          "to_variable": {
            "key": "_wbjKkpAaEDmiPKLXrJugzg",
            "name": "aUser",
            "type": null,
            "modifiers": [],
            "position": {}
          },
          "position": {}
        }
      }
    },
    "parameters_to_parameters_data_clump-./Question-_KAFhMZGOEDmlE7aAP0slhg-_0E8TIJAaEDmiPKLXrJugzg-titleaDescriptionaUser": {
      "type": "data_clump",
      "key": "parameters_to_parameters_data_clump-./Question-_KAFhMZGOEDmlE7aAP0slhg-_0E8TIJAaEDmiPKLXrJugzg-titleaDescriptionaUser",
      "probability": 1,
      "from_file_path": "./Question",
      "from_class_or_interface_name": "Question",
      "from_class_or_interface_key": "_XmIn8Im-EDmK8br1egRCTg",
      "from_method_name": "<<class>>newWithTitle:description:user:",
      "from_method_key": "_KAFhMZGOEDmlE7aAP0slhg",
      "to_file_path": "./Question",
      "to_class_or_interface_name": "Question",
      "to_class_or_interface_key": "_XmIn8Im-EDmK8br1egRCTg",
      "to_method_name": "<<class>>newWithTitle:description:user:topic",
      "to_method_key": "_0E8TIJAaEDmiPKLXrJugzg",
      "data_clump_type": "parameters_to_parameters_data_clump",
      "data_clump_data": {
        "_OQJoMJGOEDmlE7aAP0slhg": {
          "key": "_OQJoMJGOEDmlE7aAP0slhg",
          "name": "title",
          "type": null,
          "probability": 1,
          "modifiers": [],
          "to_variable": {
            "key": "_0E8TIZAaEDmiPKLXrJugzg",
            "name": "title",
            "type": null,
            "modifiers": [],
            "position": {}
          },
          "position": {}
        },
        "_PmcFsJGOEDmlE7aAP0slhg": {
          "key": "_PmcFsJGOEDmlE7aAP0slhg",
          "name": "aDescription",
          "type": null,
          "probability": 1,
          "modifiers": [],
          "to_variable": {
            "key": "_0E8TIpAaEDmiPKLXrJugzg",
            "name": "aDescription",
            "type": null,
            "modifiers": [],
            "position": {}
          },
          "position": {}
        },
        "_Rt79sJGOEDmlE7aAP0slhg": {
          "key": "_Rt79sJGOEDmlE7aAP0slhg",
          "name": "aUser",
          "type": null,
          "probability": 1,
          "modifiers": [],
          "to_variable": {
            "key": "_0E8TI5AaEDmiPKLXrJugzg",
            "name": "aUser",
            "type": null,
            "modifiers": [],
            "position": {}
          },
          "position": {}
        }
      }
    },
    "parameters_to_parameters_data_clump-./Question-_KAFhMZGOEDmlE7aAP0slhg-_XtlzAJGOEDmlE7aAP0slhg-titleaDescriptionaUser": {
      "type": "data_clump",
      "key": "parameters_to_parameters_data_clump-./Question-_KAFhMZGOEDmlE7aAP0slhg-_XtlzAJGOEDmlE7aAP0slhg-titleaDescriptionaUser",
      "probability": 1,
      "from_file_path": "./Question",
      "from_class_or_interface_name": "Question",
      "from_class_or_interface_key": "_XmIn8Im-EDmK8br1egRCTg",
      "from_method_name": "<<class>>newWithTitle:description:user:",
      "from_method_key": "_KAFhMZGOEDmlE7aAP0slhg",
      "to_file_path": "./Question",
      "to_class_or_interface_name": "Question",
      "to_class_or_interface_key": "_XmIn8Im-EDmK8br1egRCTg",
      "to_method_name": "<<class>>newWithTitle:description:user:topic:",
      "to_method_key": "_XtlzAJGOEDmlE7aAP0slhg",
      "data_clump_type": "parameters_to_parameters_data_clump",
      "data_clump_data": {
        "_OQJoMJGOEDmlE7aAP0slhg": {
          "key": "_OQJoMJGOEDmlE7aAP0slhg",
          "name": "title",
          "type": null,
          "probability": 1,
          "modifiers": [],
          "to_variable": {
            "key": "_XtmaEJGOEDmlE7aAP0slhg",
            "name": "title",
            "type": null,
            "modifiers": [],
            "position": {}
          },
          "position": {}
        },
        "_PmcFsJGOEDmlE7aAP0slhg": {
          "key": "_PmcFsJGOEDmlE7aAP0slhg",
          "name": "aDescription",
          "type": null,
          "probability": 1,
          "modifiers": [],
          "to_variable": {
            "key": "_XtnBIJGOEDmlE7aAP0slhg",
            "name": "aDescription",
            "type": null,
            "modifiers": [],
            "position": {}
          },
          "position": {}
        },
        "_Rt79sJGOEDmlE7aAP0slhg": {
          "key": "_Rt79sJGOEDmlE7aAP0slhg",
          "name": "aUser",
          "type": null,
          "probability": 1,
          "modifiers": [],
          "to_variable": {
            "key": "_XtnBIZGOEDmlE7aAP0slhg",
            "name": "aUser",
            "type": null,
            "modifiers": [],
            "position": {}
          },
          "position": {}
        }
      }
    },
    "parameters_to_parameters_data_clump-./Question-_XtlzAJGOEDmlE7aAP0slhg-_kSP2cZAaEDmiPKLXrJugzg-titleaDescriptionaUser": {
      "type": "data_clump",
      "key": "parameters_to_parameters_data_clump-./Question-_XtlzAJGOEDmlE7aAP0slhg-_kSP2cZAaEDmiPKLXrJugzg-titleaDescriptionaUser",
      "probability": 1,
      "from_file_path": "./Question",
      "from_class_or_interface_name": "Question",
      "from_class_or_interface_key": "_XmIn8Im-EDmK8br1egRCTg",
      "from_method_name": "<<class>>newWithTitle:description:user:topic:",
      "from_method_key": "_XtlzAJGOEDmlE7aAP0slhg",
      "to_file_path": "./Question",
      "to_class_or_interface_name": "Question",
      "to_class_or_interface_key": "_XmIn8Im-EDmK8br1egRCTg",
      "to_method_name": "title:description:user",
      "to_method_key": "_kSP2cZAaEDmiPKLXrJugzg",
      "data_clump_type": "parameters_to_parameters_data_clump",
      "data_clump_data": {
        "_XtmaEJGOEDmlE7aAP0slhg": {
          "key": "_XtmaEJGOEDmlE7aAP0slhg",
          "name": "title",
          "type": null,
          "probability": 1,
          "modifiers": [],
          "to_variable": {
            "key": "_nQoTIJAaEDmiPKLXrJugzg",
            "name": "title",
            "type": null,
            "modifiers": [],
            "position": {}
          },
          "position": {}
        },
        "_XtnBIJGOEDmlE7aAP0slhg": {
          "key": "_XtnBIJGOEDmlE7aAP0slhg",
          "name": "aDescription",
          "type": null,
          "probability": 1,
          "modifiers": [],
          "to_variable": {
            "key": "_pieZ8JAaEDmiPKLXrJugzg",
            "name": "aDescription",
            "type": null,
            "modifiers": [],
            "position": {}
          },
          "position": {}
        },
        "_XtnBIZGOEDmlE7aAP0slhg": {
          "key": "_XtnBIZGOEDmlE7aAP0slhg",
          "name": "aUser",
          "type": null,
          "probability": 1,
          "modifiers": [],
          "to_variable": {
            "key": "_sZbY8JAaEDmiPKLXrJugzg",
            "name": "aUser",
            "type": null,
            "modifiers": [],
            "position": {}
          },
          "position": {}
        }
      }
    },
    "parameters_to_parameters_data_clump-./Question-_XtlzAJGOEDmlE7aAP0slhg-_490GkJAaEDmiPKLXrJugzg-titleaDescriptionaUseraTopic": {
      "type": "data_clump",
      "key": "parameters_to_parameters_data_clump-./Question-_XtlzAJGOEDmlE7aAP0slhg-_490GkJAaEDmiPKLXrJugzg-titleaDescriptionaUseraTopic",
      "probability": 1,
      "from_file_path": "./Question",
      "from_class_or_interface_name": "Question",
      "from_class_or_interface_key": "_XmIn8Im-EDmK8br1egRCTg",
      "from_method_name": "<<class>>newWithTitle:description:user:topic:",
      "from_method_key": "_XtlzAJGOEDmlE7aAP0slhg",
      "to_file_path": "./Question",
      "to_class_or_interface_name": "Question",
      "to_class_or_interface_key": "_XmIn8Im-EDmK8br1egRCTg",
      "to_method_name": "title:description:user:topic",
      "to_method_key": "_490GkJAaEDmiPKLXrJugzg",
      "data_clump_type": "parameters_to_parameters_data_clump",
      "data_clump_data": {
        "_XtmaEJGOEDmlE7aAP0slhg": {
          "key": "_XtmaEJGOEDmlE7aAP0slhg",
          "name": "title",
          "type": null,
          "probability": 1,
          "modifiers": [],
          "to_variable": {
            "key": "_490GkZAaEDmiPKLXrJugzg",
            "name": "title",
            "type": null,
            "modifiers": [],
            "position": {}
          },
          "position": {}
        },
        "_XtnBIJGOEDmlE7aAP0slhg": {
          "key": "_XtnBIJGOEDmlE7aAP0slhg",
          "name": "aDescription",
          "type": null,
          "probability": 1,
          "modifiers": [],
          "to_variable": {
            "key": "_490toJAaEDmiPKLXrJugzg",
            "name": "aDescription",
            "type": null,
            "modifiers": [],
            "position": {}
          },
          "position": {}
        },
        "_XtnBIZGOEDmlE7aAP0slhg": {
          "key": "_XtnBIZGOEDmlE7aAP0slhg",
          "name": "aUser",
          "type": null,
          "probability": 1,
          "modifiers": [],
          "to_variable": {
            "key": "_490toZAaEDmiPKLXrJugzg",
            "name": "aUser",
            "type": null,
            "modifiers": [],
            "position": {}
          },
          "position": {}
        },
        "_ZYDJsJGOEDmlE7aAP0slhg": {
          "key": "_ZYDJsJGOEDmlE7aAP0slhg",
          "name": "aTopic",
          "type": null,
          "probability": 1,
          "modifiers": [],
          "to_variable": {
            "key": "_490topAaEDmiPKLXrJugzg",
            "name": "aTopic",
            "type": null,
            "modifiers": [],
            "position": {}
          },
          "position": {}
        }
      }
    },
    "parameters_to_parameters_data_clump-./Question-_XtlzAJGOEDmlE7aAP0slhg-_wbijgJAaEDmiPKLXrJugzg-titleaDescriptionaUser": {
      "type": "data_clump",
      "key": "parameters_to_parameters_data_clump-./Question-_XtlzAJGOEDmlE7aAP0slhg-_wbijgJAaEDmiPKLXrJugzg-titleaDescriptionaUser",
      "probability": 1,
      "from_file_path": "./Question",
      "from_class_or_interface_name": "Question",
      "from_class_or_interface_key": "_XmIn8Im-EDmK8br1egRCTg",
      "from_method_name": "<<class>>newWithTitle:description:user:topic:",
      "from_method_key": "_XtlzAJGOEDmlE7aAP0slhg",
      "to_file_path": "./Question",
      "to_class_or_interface_name": "Question",
      "to_class_or_interface_key": "_XmIn8Im-EDmK8br1egRCTg",
      "to_method_name": "<<class>>newWithTitle:description:user",
      "to_method_key": "_wbijgJAaEDmiPKLXrJugzg",
      "data_clump_type": "parameters_to_parameters_data_clump",
      "data_clump_data": {
        "_XtmaEJGOEDmlE7aAP0slhg": {
          "key": "_XtmaEJGOEDmlE7aAP0slhg",
          "name": "title",
          "type": null,
          "probability": 1,
          "modifiers": [],
          "to_variable": {
            "key": "_wbjKkJAaEDmiPKLXrJugzg",
            "name": "title",
            "type": null,
            "modifiers": [],
            "position": {}
          },
          "position": {}
        },
        "_XtnBIJGOEDmlE7aAP0slhg": {
          "key": "_XtnBIJGOEDmlE7aAP0slhg",
          "name": "aDescription",
          "type": null,
          "probability": 1,
          "modifiers": [],
          "to_variable": {
            "key": "_wbjKkZAaEDmiPKLXrJugzg",
            "name": "aDescription",
            "type": null,
            "modifiers": [],
            "position": {}
          },
          "position": {}
        },
        "_XtnBIZGOEDmlE7aAP0slhg": {
          "key": "_XtnBIZGOEDmlE7aAP0slhg",
          "name": "aUser",
          "type": null,
          "probability": 1,
          "modifiers": [],
          "to_variable": {
            "key": "_wbjKkpAaEDmiPKLXrJugzg",
            "name": "aUser",
            "type": null,
            "modifiers": [],
            "position": {}
          },
          "position": {}
        }
      }
    },
    "parameters_to_parameters_data_clump-./Question-_XtlzAJGOEDmlE7aAP0slhg-_0E8TIJAaEDmiPKLXrJugzg-titleaDescriptionaUseraTopic": {
      "type": "data_clump",
      "key": "parameters_to_parameters_data_clump-./Question-_XtlzAJGOEDmlE7aAP0slhg-_0E8TIJAaEDmiPKLXrJugzg-titleaDescriptionaUseraTopic",
      "probability": 1,
      "from_file_path": "./Question",
      "from_class_or_interface_name": "Question",
      "from_class_or_interface_key": "_XmIn8Im-EDmK8br1egRCTg",
      "from_method_name": "<<class>>newWithTitle:description:user:topic:",
      "from_method_key": "_XtlzAJGOEDmlE7aAP0slhg",
      "to_file_path": "./Question",
      "to_class_or_interface_name": "Question",
      "to_class_or_interface_key": "_XmIn8Im-EDmK8br1egRCTg",
      "to_method_name": "<<class>>newWithTitle:description:user:topic",
      "to_method_key": "_0E8TIJAaEDmiPKLXrJugzg",
      "data_clump_type": "parameters_to_parameters_data_clump",
      "data_clump_data": {
        "_XtmaEJGOEDmlE7aAP0slhg": {
          "key": "_XtmaEJGOEDmlE7aAP0slhg",
          "name": "title",
          "type": null,
          "probability": 1,
          "modifiers": [],
          "to_variable": {
            "key": "_0E8TIZAaEDmiPKLXrJugzg",
            "name": "title",
            "type": null,
            "modifiers": [],
            "position": {}
          },
          "position": {}
        },
        "_XtnBIJGOEDmlE7aAP0slhg": {
          "key": "_XtnBIJGOEDmlE7aAP0slhg",
          "name": "aDescription",
          "type": null,
          "probability": 1,
          "modifiers": [],
          "to_variable": {
            "key": "_0E8TIpAaEDmiPKLXrJugzg",
            "name": "aDescription",
            "type": null,
            "modifiers": [],
            "position": {}
          },
          "position": {}
        },
        "_XtnBIZGOEDmlE7aAP0slhg": {
          "key": "_XtnBIZGOEDmlE7aAP0slhg",
          "name": "aUser",
          "type": null,
          "probability": 1,
          "modifiers": [],
          "to_variable": {
            "key": "_0E8TI5AaEDmiPKLXrJugzg",
            "name": "aUser",
            "type": null,
            "modifiers": [],
            "position": {}
          },
          "position": {}
        },
        "_ZYDJsJGOEDmlE7aAP0slhg": {
          "key": "_ZYDJsJGOEDmlE7aAP0slhg",
          "name": "aTopic",
          "type": null,
          "probability": 1,
          "modifiers": [],
          "to_variable": {
            "key": "_1F1vcJAaEDmiPKLXrJugzg",
            "name": "aTopic",
            "type": null,
            "modifiers": [],
            "position": {}
          },
          "position": {}
        }
      }
    },
    "parameters_to_parameters_data_clump-./Question-_XtlzAJGOEDmlE7aAP0slhg-_KAFhMZGOEDmlE7aAP0slhg-titleaDescriptionaUser": {
      "type": "data_clump",
      "key": "parameters_to_parameters_data_clump-./Question-_XtlzAJGOEDmlE7aAP0slhg-_KAFhMZGOEDmlE7aAP0slhg-titleaDescriptionaUser",
      "probability": 1,
      "from_file_path": "./Question",
      "from_class_or_interface_name": "Question",
      "from_class_or_interface_key": "_XmIn8Im-EDmK8br1egRCTg",
      "from_method_name": "<<class>>newWithTitle:description:user:topic:",
      "from_method_key": "_XtlzAJGOEDmlE7aAP0slhg",
      "to_file_path": "./Question",
      "to_class_or_interface_name": "Question",
      "to_class_or_interface_key": "_XmIn8Im-EDmK8br1egRCTg",
      "to_method_name": "<<class>>newWithTitle:description:user:",
      "to_method_key": "_KAFhMZGOEDmlE7aAP0slhg",
      "data_clump_type": "parameters_to_parameters_data_clump",
      "data_clump_data": {
        "_XtmaEJGOEDmlE7aAP0slhg": {
          "key": "_XtmaEJGOEDmlE7aAP0slhg",
          "name": "title",
          "type": null,
          "probability": 1,
          "modifiers": [],
          "to_variable": {
            "key": "_OQJoMJGOEDmlE7aAP0slhg",
            "name": "title",
            "type": null,
            "modifiers": [],
            "position": {}
          },
          "position": {}
        },
        "_XtnBIJGOEDmlE7aAP0slhg": {
          "key": "_XtnBIJGOEDmlE7aAP0slhg",
          "name": "aDescription",
          "type": null,
          "probability": 1,
          "modifiers": [],
          "to_variable": {
            "key": "_PmcFsJGOEDmlE7aAP0slhg",
            "name": "aDescription",
            "type": null,
            "modifiers": [],
            "position": {}
          },
          "position": {}
        },
        "_XtnBIZGOEDmlE7aAP0slhg": {
          "key": "_XtnBIZGOEDmlE7aAP0slhg",
          "name": "aUser",
          "type": null,
          "probability": 1,
          "modifiers": [],
          "to_variable": {
            "key": "_Rt79sJGOEDmlE7aAP0slhg",
            "name": "aUser",
            "type": null,
            "modifiers": [],
            "position": {}
          },
          "position": {}
        }
      }
    },
    "parameters_to_parameters_data_clump-./User-_a-SiUJAbEDmiPKLXrJugzg-_EnfC8JAcEDmiPKLXrJugzg-aUsernameaPasswordparameterQuestionRetriever": {
      "type": "data_clump",
      "key": "parameters_to_parameters_data_clump-./User-_a-SiUJAbEDmiPKLXrJugzg-_EnfC8JAcEDmiPKLXrJugzg-aUsernameaPasswordparameterQuestionRetriever",
      "probability": 1,
      "from_file_path": "./User",
      "from_class_or_interface_name": "User",
      "from_class_or_interface_key": "_W0ehgIm-EDmK8br1egRCTg",
      "from_method_name": "username:password:questionRetriever:",
      "from_method_key": "_a-SiUJAbEDmiPKLXrJugzg",
      "to_file_path": "./User",
      "to_class_or_interface_name": "User",
      "to_class_or_interface_key": "_W0ehgIm-EDmK8br1egRCTg",
      "to_method_name": "<<class>>username:password:questionRetriever:",
      "to_method_key": "_EnfC8JAcEDmiPKLXrJugzg",
      "data_clump_type": "parameters_to_parameters_data_clump",
      "data_clump_data": {
        "_dJRMIJAbEDmiPKLXrJugzg": {
          "key": "_dJRMIJAbEDmiPKLXrJugzg",
          "name": "aUsername",
          "type": null,
          "probability": 1,
          "modifiers": [],
          "to_variable": {
            "key": "_EnfC8ZAcEDmiPKLXrJugzg",
            "name": "aUsername",
            "type": null,
            "modifiers": [],
            "position": {}
          },
          "position": {}
        },
        "_eWJO8JAbEDmiPKLXrJugzg": {
          "key": "_eWJO8JAbEDmiPKLXrJugzg",
          "name": "aPassword",
          "type": null,
          "probability": 1,
          "modifiers": [],
          "to_variable": {
            "key": "_EnfC8pAcEDmiPKLXrJugzg",
            "name": "aPassword",
            "type": null,
            "modifiers": [],
            "position": {}
          },
          "position": {}
        },
        "_f9PvoJAbEDmiPKLXrJugzg": {
          "key": "_f9PvoJAbEDmiPKLXrJugzg",
          "name": "parameterQuestionRetriever",
          "type": null,
          "probability": 1,
          "modifiers": [],
          "to_variable": {
            "key": "_EnfC85AcEDmiPKLXrJugzg",
            "name": "parameterQuestionRetriever",
            "type": null,
            "modifiers": [],
            "position": {}
          },
          "position": {}
        }
      }
    },
    "parameters_to_parameters_data_clump-./User-_EnfC8JAcEDmiPKLXrJugzg-_a-SiUJAbEDmiPKLXrJugzg-aUsernameaPasswordparameterQuestionRetriever": {
      "type": "data_clump",
      "key": "parameters_to_parameters_data_clump-./User-_EnfC8JAcEDmiPKLXrJugzg-_a-SiUJAbEDmiPKLXrJugzg-aUsernameaPasswordparameterQuestionRetriever",
      "probability": 1,
      "from_file_path": "./User",
      "from_class_or_interface_name": "User",
      "from_class_or_interface_key": "_W0ehgIm-EDmK8br1egRCTg",
      "from_method_name": "<<class>>username:password:questionRetriever:",
      "from_method_key": "_EnfC8JAcEDmiPKLXrJugzg",
      "to_file_path": "./User",
      "to_class_or_interface_name": "User",
      "to_class_or_interface_key": "_W0ehgIm-EDmK8br1egRCTg",
      "to_method_name": "username:password:questionRetriever:",
      "to_method_key": "_a-SiUJAbEDmiPKLXrJugzg",
      "data_clump_type": "parameters_to_parameters_data_clump",
      "data_clump_data": {
        "_EnfC8ZAcEDmiPKLXrJugzg": {
          "key": "_EnfC8ZAcEDmiPKLXrJugzg",
          "name": "aUsername",
          "type": null,
          "probability": 1,
          "modifiers": [],
          "to_variable": {
            "key": "_dJRMIJAbEDmiPKLXrJugzg",
            "name": "aUsername",
            "type": null,
            "modifiers": [],
            "position": {}
          },
          "position": {}
        },
        "_EnfC8pAcEDmiPKLXrJugzg": {
          "key": "_EnfC8pAcEDmiPKLXrJugzg",
          "name": "aPassword",
          "type": null,
          "probability": 1,
          "modifiers": [],
          "to_variable": {
            "key": "_eWJO8JAbEDmiPKLXrJugzg",
            "name": "aPassword",
            "type": null,
            "modifiers": [],
            "position": {}
          },
          "position": {}
        },
        "_EnfC85AcEDmiPKLXrJugzg": {
          "key": "_EnfC85AcEDmiPKLXrJugzg",
          "name": "parameterQuestionRetriever",
          "type": null,
          "probability": 1,
          "modifiers": [],
          "to_variable": {
            "key": "_f9PvoJAbEDmiPKLXrJugzg",
            "name": "parameterQuestionRetriever",
            "type": null,
            "modifiers": [],
            "position": {}
          },
          "position": {}
        }
      }
    }
  }
}