{
  "report_version": "unknown",
  "report_timestamp": "2025-03-26T21:48:19.460Z",
  "target_language": "java",
  "report_summary": {
    "additional": null,
    "amount_classes_or_interfaces_with_data_clumps": 2,
    "amount_files_with_data_clumps": 2,
    "amount_methods_with_data_clumps": 0,
    "fields_to_fields_data_clump": 2,
    "parameters_to_fields_data_clump": 0,
    "parameters_to_parameters_data_clump": 0,
    "amount_data_clumps": 2
  },
  "project_info": {
    "project_url": "unknown_project_url",
    "project_name": "_qXY7EC16EeuxZMUIY-ihGw",
    "project_version": "unknown_project_version",
    "project_commit_hash": "unknown",
    "project_tag": null,
    "project_commit_date": null,
    "additional": {},
    "number_of_files": 12,
    "number_of_classes_or_interfaces": 12,
    "number_of_methods": 1,
    "number_of_data_fields": 11,
    "number_of_method_parameters": 0
  },
  "detector": {
    "name": "data-clumps-doctor",
    "url": "https://github.com/NilsBaumgartner1994/data-clumps-doctor",
    "version": "0.1.100",
    "options": {
      "typeVariablesConsidered": false,
      "similarityModifierOfVariablesWithUnknownType": 0,
      "fieldsOfClassesWithUnknownHierarchyProbabilityModifier": 0,
      "sharedFieldsToFieldsAmountMinimum": 3,
      "analyseFieldsInClassesOrInterfacesInheritedFromSuperClassesOrInterfaces": false,
      "sharedParametersToParametersAmountMinimum": 3,
      "sharedParametersToFieldsAmountMinimum": 3,
      "methodsOfClassesOrInterfacesWithUnknownHierarchyProbabilityModifier": 0
    }
  },
  "data_clumps": {
    "fields_to_fields_data_clump-./Arme-_iw-aoA-qEDm8odesC-e74w-_odZK4A-qEDm8odesC-e74w-forceprotectionnom": {
      "type": "data_clump",
      "key": "fields_to_fields_data_clump-./Arme-_iw-aoA-qEDm8odesC-e74w-_odZK4A-qEDm8odesC-e74w-forceprotectionnom",
      "probability": 1,
      "from_file_path": "./Arme",
      "from_class_or_interface_name": "Arme",
      "from_class_or_interface_key": "_iw-aoA-qEDm8odesC-e74w",
      "from_method_name": null,
      "from_method_key": null,
      "to_file_path": "./Personnage",
      "to_class_or_interface_key": "_odZK4A-qEDm8odesC-e74w",
      "to_class_or_interface_name": "Arme",
      "to_method_key": null,
      "to_method_name": null,
      "data_clump_type": "fields_to_fields_data_clump",
      "data_clump_data": {
        "_jyaCcQ-qEDm8odesC-e74w": {
          "key": "_jyaCcQ-qEDm8odesC-e74w",
          "name": "force",
          "type": null,
          "probability": 1,
          "modifiers": [
            "private"
          ],
          "to_variable": {
            "key": "_rMaV4A-qEDm8odesC-e74w",
            "name": "force",
            "type": null,
            "modifiers": [
              "private"
            ],
            "position": {}
          },
          "position": {}
        },
        "_j5zD4Q-qEDm8odesC-e74w": {
          "key": "_j5zD4Q-qEDm8odesC-e74w",
          "name": "protection",
          "type": null,
          "probability": 1,
          "modifiers": [
            "private"
          ],
          "to_variable": {
            "key": "_qlmNgA-qEDm8odesC-e74w",
            "name": "protection",
            "type": null,
            "modifiers": [
              "private"
            ],
            "position": {}
          },
          "position": {}
        },
        "_j-TwcQ-qEDm8odesC-e74w": {
          "key": "_j-TwcQ-qEDm8odesC-e74w",
          "name": "nom",
          "type": null,
          "probability": 1,
          "modifiers": [
            "private"
          ],
          "to_variable": {
            "key": "_pjZJoA-qEDm8odesC-e74w",
            "name": "nom",
            "type": null,
            "modifiers": [
              "private"
            ],
            "position": {}
          },
          "position": {}
        }
      }
    },
    "fields_to_fields_data_clump-./Personnage-_odZK4A-qEDm8odesC-e74w-_iw-aoA-qEDm8odesC-e74w-nomprotectionforce": {
      "type": "data_clump",
      "key": "fields_to_fields_data_clump-./Personnage-_odZK4A-qEDm8odesC-e74w-_iw-aoA-qEDm8odesC-e74w-nomprotectionforce",
      "probability": 1,
      "from_file_path": "./Personnage",
      "from_class_or_interface_name": "Personnage",
      "from_class_or_interface_key": "_odZK4A-qEDm8odesC-e74w",
      "from_method_name": null,
      "from_method_key": null,
      "to_file_path": "./Arme",
      "to_class_or_interface_key": "_iw-aoA-qEDm8odesC-e74w",
      "to_class_or_interface_name": "Personnage",
      "to_method_key": null,
      "to_method_name": null,
      "data_clump_type": "fields_to_fields_data_clump",
      "data_clump_data": {
        "_pjZJoA-qEDm8odesC-e74w": {
          "key": "_pjZJoA-qEDm8odesC-e74w",
          "name": "nom",
          "type": null,
          "probability": 1,
          "modifiers": [
            "private"
          ],
          "to_variable": {
            "key": "_j-TwcQ-qEDm8odesC-e74w",
            "name": "nom",
            "type": null,
            "modifiers": [
              "private"
            ],
            "position": {}
          },
          "position": {}
        },
        "_qlmNgA-qEDm8odesC-e74w": {
          "key": "_qlmNgA-qEDm8odesC-e74w",
          "name": "protection",
          "type": null,
          "probability": 1,
          "modifiers": [
            "private"
          ],
          "to_variable": {
            "key": "_j5zD4Q-qEDm8odesC-e74w",
            "name": "protection",
            "type": null,
            "modifiers": [
              "private"
            ],
            "position": {}
          },
          "position": {}
        },
        "_rMaV4A-qEDm8odesC-e74w": {
          "key": "_rMaV4A-qEDm8odesC-e74w",
          "name": "force",
          "type": null,
          "probability": 1,
          "modifiers": [
            "private"
          ],
          "to_variable": {
            "key": "_jyaCcQ-qEDm8odesC-e74w",
            "name": "force",
            "type": null,
            "modifiers": [
              "private"
            ],
            "position": {}
          },
          "position": {}
        }
      }
    }
  }
}