{
  "report_version": "unknown",
  "report_timestamp": "2025-03-26T22:52:16.185Z",
  "target_language": "java",
  "report_summary": {
    "additional": null,
    "amount_classes_or_interfaces_with_data_clumps": 2,
    "amount_files_with_data_clumps": 2,
    "amount_methods_with_data_clumps": 0,
    "fields_to_fields_data_clump": 2,
    "parameters_to_fields_data_clump": 0,
    "parameters_to_parameters_data_clump": 0,
    "amount_data_clumps": 2
  },
  "project_info": {
    "project_url": "unknown_project_url",
    "project_name": "595cd0f7-97b4-495f-b3f0-d86908b20321",
    "project_version": "unknown_project_version",
    "project_commit_hash": "unknown",
    "project_tag": null,
    "project_commit_date": null,
    "additional": {},
    "number_of_files": 6,
    "number_of_classes_or_interfaces": 6,
    "number_of_methods": 0,
    "number_of_data_fields": 18,
    "number_of_method_parameters": 0
  },
  "detector": {
    "name": "data-clumps-doctor",
    "url": "https://github.com/NilsBaumgartner1994/data-clumps-doctor",
    "version": "0.1.100",
    "options": {
      "typeVariablesConsidered": false,
      "similarityModifierOfVariablesWithUnknownType": 0,
      "fieldsOfClassesWithUnknownHierarchyProbabilityModifier": 0,
      "sharedFieldsToFieldsAmountMinimum": 3,
      "analyseFieldsInClassesOrInterfacesInheritedFromSuperClassesOrInterfaces": false,
      "sharedParametersToParametersAmountMinimum": 3,
      "sharedParametersToFieldsAmountMinimum": 3,
      "methodsOfClassesOrInterfacesWithUnknownHierarchyProbabilityModifier": 0
    }
  },
  "data_clumps": {
    "fields_to_fields_data_clump-./Faculty-_fz0PQF53EDKwrqZ7Bbhn6g-_GfcdcF52EDKwrqZ7Bbhn6g-IDUsernamePassword": {
      "type": "data_clump",
      "key": "fields_to_fields_data_clump-./Faculty-_fz0PQF53EDKwrqZ7Bbhn6g-_GfcdcF52EDKwrqZ7Bbhn6g-IDUsernamePassword",
      "probability": 1,
      "from_file_path": "./Faculty",
      "from_class_or_interface_name": "Faculty",
      "from_class_or_interface_key": "_fz0PQF53EDKwrqZ7Bbhn6g",
      "from_method_name": null,
      "from_method_key": null,
      "to_file_path": "./Student",
      "to_class_or_interface_key": "_GfcdcF52EDKwrqZ7Bbhn6g",
      "to_class_or_interface_name": "Faculty",
      "to_method_key": null,
      "to_method_name": null,
      "data_clump_type": "fields_to_fields_data_clump",
      "data_clump_data": {
        "_Rb1W4KmPEDeIXYs1ySEgow": {
          "key": "_Rb1W4KmPEDeIXYs1ySEgow",
          "name": "ID",
          "type": null,
          "probability": 1,
          "modifiers": [
            "public"
          ],
          "to_variable": {
            "key": "_ynWWAKmOEDeIXYs1ySEgow",
            "name": "ID",
            "type": null,
            "modifiers": [
              "public"
            ],
            "position": {}
          },
          "position": {}
        },
        "_i4BusKmUEDeIXYs1ySEgow": {
          "key": "_i4BusKmUEDeIXYs1ySEgow",
          "name": "Username",
          "type": null,
          "probability": 1,
          "modifiers": [
            "public"
          ],
          "to_variable": {
            "key": "_1DdMEKmOEDeIXYs1ySEgow",
            "name": "Username",
            "type": null,
            "modifiers": [
              "public"
            ],
            "position": {}
          },
          "position": {}
        },
        "_j7pH0KmUEDeIXYs1ySEgow": {
          "key": "_j7pH0KmUEDeIXYs1ySEgow",
          "name": "Password",
          "type": null,
          "probability": 1,
          "modifiers": [
            "public"
          ],
          "to_variable": {
            "key": "_75EZAKmOEDeIXYs1ySEgow",
            "name": "Password",
            "type": null,
            "modifiers": [
              "public"
            ],
            "position": {}
          },
          "position": {}
        }
      }
    },
    "fields_to_fields_data_clump-./Student-_GfcdcF52EDKwrqZ7Bbhn6g-_fz0PQF53EDKwrqZ7Bbhn6g-UsernameIDPassword": {
      "type": "data_clump",
      "key": "fields_to_fields_data_clump-./Student-_GfcdcF52EDKwrqZ7Bbhn6g-_fz0PQF53EDKwrqZ7Bbhn6g-UsernameIDPassword",
      "probability": 1,
      "from_file_path": "./Student",
      "from_class_or_interface_name": "Student",
      "from_class_or_interface_key": "_GfcdcF52EDKwrqZ7Bbhn6g",
      "from_method_name": null,
      "from_method_key": null,
      "to_file_path": "./Faculty",
      "to_class_or_interface_key": "_fz0PQF53EDKwrqZ7Bbhn6g",
      "to_class_or_interface_name": "Student",
      "to_method_key": null,
      "to_method_name": null,
      "data_clump_type": "fields_to_fields_data_clump",
      "data_clump_data": {
        "_1DdMEKmOEDeIXYs1ySEgow": {
          "key": "_1DdMEKmOEDeIXYs1ySEgow",
          "name": "Username",
          "type": null,
          "probability": 1,
          "modifiers": [
            "public"
          ],
          "to_variable": {
            "key": "_i4BusKmUEDeIXYs1ySEgow",
            "name": "Username",
            "type": null,
            "modifiers": [
              "public"
            ],
            "position": {}
          },
          "position": {}
        },
        "_ynWWAKmOEDeIXYs1ySEgow": {
          "key": "_ynWWAKmOEDeIXYs1ySEgow",
          "name": "ID",
          "type": null,
          "probability": 1,
          "modifiers": [
            "public"
          ],
          "to_variable": {
            "key": "_Rb1W4KmPEDeIXYs1ySEgow",
            "name": "ID",
            "type": null,
            "modifiers": [
              "public"
            ],
            "position": {}
          },
          "position": {}
        },
        "_75EZAKmOEDeIXYs1ySEgow": {
          "key": "_75EZAKmOEDeIXYs1ySEgow",
          "name": "Password",
          "type": null,
          "probability": 1,
          "modifiers": [
            "public"
          ],
          "to_variable": {
            "key": "_j7pH0KmUEDeIXYs1ySEgow",
            "name": "Password",
            "type": null,
            "modifiers": [
              "public"
            ],
            "position": {}
          },
          "position": {}
        }
      }
    }
  }
}