{
  "report_version": "unknown",
  "report_timestamp": "2025-03-26T22:58:44.333Z",
  "target_language": "java",
  "report_summary": {
    "additional": null,
    "amount_classes_or_interfaces_with_data_clumps": 4,
    "amount_files_with_data_clumps": 4,
    "amount_methods_with_data_clumps": 0,
    "fields_to_fields_data_clump": 12,
    "parameters_to_fields_data_clump": 0,
    "parameters_to_parameters_data_clump": 0,
    "amount_data_clumps": 12
  },
  "project_info": {
    "project_url": "unknown_project_url",
    "project_name": "_cR6TsDr0EeelTP4YnW3V3w",
    "project_version": "unknown_project_version",
    "project_commit_hash": "unknown",
    "project_tag": null,
    "project_commit_date": null,
    "additional": {},
    "number_of_files": 10,
    "number_of_classes_or_interfaces": 10,
    "number_of_methods": 9,
    "number_of_data_fields": 48,
    "number_of_method_parameters": 0
  },
  "detector": {
    "name": "data-clumps-doctor",
    "url": "https://github.com/NilsBaumgartner1994/data-clumps-doctor",
    "version": "0.1.100",
    "options": {
      "typeVariablesConsidered": false,
      "similarityModifierOfVariablesWithUnknownType": 0,
      "fieldsOfClassesWithUnknownHierarchyProbabilityModifier": 0,
      "sharedFieldsToFieldsAmountMinimum": 3,
      "analyseFieldsInClassesOrInterfacesInheritedFromSuperClassesOrInterfaces": false,
      "sharedParametersToParametersAmountMinimum": 3,
      "sharedParametersToFieldsAmountMinimum": 3,
      "methodsOfClassesOrInterfacesWithUnknownHierarchyProbabilityModifier": 0
    }
  },
  "data_clumps": {
    "fields_to_fields_data_clump-./Magazin-_ropGgCOdEDWZPYiOWuVv2Q-__6rQYCg_EDWtHrkeZvnCaA-id_towname_towid_catprise_towopis_towrozmer_towpicture_tow": {
      "type": "data_clump",
      "key": "fields_to_fields_data_clump-./Magazin-_ropGgCOdEDWZPYiOWuVv2Q-__6rQYCg_EDWtHrkeZvnCaA-id_towname_towid_catprise_towopis_towrozmer_towpicture_tow",
      "probability": 1,
      "from_file_path": "./Magazin",
      "from_class_or_interface_name": "Magazin",
      "from_class_or_interface_key": "_ropGgCOdEDWZPYiOWuVv2Q",
      "from_method_name": null,
      "from_method_key": null,
      "to_file_path": "./Perevirka_vvod_tow",
      "to_class_or_interface_key": "__6rQYCg_EDWtHrkeZvnCaA",
      "to_class_or_interface_name": "Magazin",
      "to_method_key": null,
      "to_method_name": null,
      "data_clump_type": "fields_to_fields_data_clump",
      "data_clump_data": {
        "_roptkCOdEDWZPYiOWuVv2Q": {
          "key": "_roptkCOdEDWZPYiOWuVv2Q",
          "name": "id_tow",
          "type": null,
          "probability": 1,
          "modifiers": [],
          "to_variable": {
            "key": "__6r3cCg_EDWtHrkeZvnCaA",
            "name": "id_tow",
            "type": null,
            "modifiers": [],
            "position": {}
          },
          "position": {}
        },
        "_roptkSOdEDWZPYiOWuVv2Q": {
          "key": "_roptkSOdEDWZPYiOWuVv2Q",
          "name": "name_tow",
          "type": null,
          "probability": 1,
          "modifiers": [],
          "to_variable": {
            "key": "__6r3cSg_EDWtHrkeZvnCaA",
            "name": "name_tow",
            "type": null,
            "modifiers": [],
            "position": {}
          },
          "position": {}
        },
        "_roptkiOdEDWZPYiOWuVv2Q": {
          "key": "_roptkiOdEDWZPYiOWuVv2Q",
          "name": "id_cat",
          "type": null,
          "probability": 1,
          "modifiers": [],
          "to_variable": {
            "key": "__6r3cig_EDWtHrkeZvnCaA",
            "name": "id_cat",
            "type": null,
            "modifiers": [],
            "position": {}
          },
          "position": {}
        },
        "_roptkyOdEDWZPYiOWuVv2Q": {
          "key": "_roptkyOdEDWZPYiOWuVv2Q",
          "name": "prise_tow",
          "type": null,
          "probability": 1,
          "modifiers": [],
          "to_variable": {
            "key": "__6r3cyg_EDWtHrkeZvnCaA",
            "name": "prise_tow",
            "type": null,
            "modifiers": [],
            "position": {}
          },
          "position": {}
        },
        "_roptlCOdEDWZPYiOWuVv2Q": {
          "key": "_roptlCOdEDWZPYiOWuVv2Q",
          "name": "opis_tow",
          "type": null,
          "probability": 1,
          "modifiers": [],
          "to_variable": {
            "key": "__6r3dCg_EDWtHrkeZvnCaA",
            "name": "opis_tow",
            "type": null,
            "modifiers": [],
            "position": {}
          },
          "position": {}
        },
        "_roptlSOdEDWZPYiOWuVv2Q": {
          "key": "_roptlSOdEDWZPYiOWuVv2Q",
          "name": "rozmer_tow",
          "type": null,
          "probability": 1,
          "modifiers": [],
          "to_variable": {
            "key": "__6r3dSg_EDWtHrkeZvnCaA",
            "name": "rozmer_tow",
            "type": null,
            "modifiers": [],
            "position": {}
          },
          "position": {}
        },
        "_roptliOdEDWZPYiOWuVv2Q": {
          "key": "_roptliOdEDWZPYiOWuVv2Q",
          "name": "picture_tow",
          "type": null,
          "probability": 1,
          "modifiers": [],
          "to_variable": {
            "key": "__6r3dig_EDWtHrkeZvnCaA",
            "name": "picture_tow",
            "type": null,
            "modifiers": [],
            "position": {}
          },
          "position": {}
        }
      }
    },
    "fields_to_fields_data_clump-./Magazin-_ropGgCOdEDWZPYiOWuVv2Q-_IrOx8Cg-EDWtHrkeZvnCaA-id_towname_towid_catprise_towopis_towrozmer_towpicture_tow": {
      "type": "data_clump",
      "key": "fields_to_fields_data_clump-./Magazin-_ropGgCOdEDWZPYiOWuVv2Q-_IrOx8Cg-EDWtHrkeZvnCaA-id_towname_towid_catprise_towopis_towrozmer_towpicture_tow",
      "probability": 1,
      "from_file_path": "./Magazin",
      "from_class_or_interface_name": "Magazin",
      "from_class_or_interface_key": "_ropGgCOdEDWZPYiOWuVv2Q",
      "from_method_name": null,
      "from_method_key": null,
      "to_file_path": "./View_towara",
      "to_class_or_interface_key": "_IrOx8Cg-EDWtHrkeZvnCaA",
      "to_class_or_interface_name": "Magazin",
      "to_method_key": null,
      "to_method_name": null,
      "data_clump_type": "fields_to_fields_data_clump",
      "data_clump_data": {
        "_roptkCOdEDWZPYiOWuVv2Q": {
          "key": "_roptkCOdEDWZPYiOWuVv2Q",
          "name": "id_tow",
          "type": null,
          "probability": 1,
          "modifiers": [],
          "to_variable": {
            "key": "_IrQAECg-EDWtHrkeZvnCaA",
            "name": "id_tow",
            "type": null,
            "modifiers": [],
            "position": {}
          },
          "position": {}
        },
        "_roptkSOdEDWZPYiOWuVv2Q": {
          "key": "_roptkSOdEDWZPYiOWuVv2Q",
          "name": "name_tow",
          "type": null,
          "probability": 1,
          "modifiers": [],
          "to_variable": {
            "key": "_IrQAESg-EDWtHrkeZvnCaA",
            "name": "name_tow",
            "type": null,
            "modifiers": [],
            "position": {}
          },
          "position": {}
        },
        "_roptkiOdEDWZPYiOWuVv2Q": {
          "key": "_roptkiOdEDWZPYiOWuVv2Q",
          "name": "id_cat",
          "type": null,
          "probability": 1,
          "modifiers": [],
          "to_variable": {
            "key": "_IrQAEig-EDWtHrkeZvnCaA",
            "name": "id_cat",
            "type": null,
            "modifiers": [],
            "position": {}
          },
          "position": {}
        },
        "_roptkyOdEDWZPYiOWuVv2Q": {
          "key": "_roptkyOdEDWZPYiOWuVv2Q",
          "name": "prise_tow",
          "type": null,
          "probability": 1,
          "modifiers": [],
          "to_variable": {
            "key": "_IrQAEyg-EDWtHrkeZvnCaA",
            "name": "prise_tow",
            "type": null,
            "modifiers": [],
            "position": {}
          },
          "position": {}
        },
        "_roptlCOdEDWZPYiOWuVv2Q": {
          "key": "_roptlCOdEDWZPYiOWuVv2Q",
          "name": "opis_tow",
          "type": null,
          "probability": 1,
          "modifiers": [],
          "to_variable": {
            "key": "_IrQAFCg-EDWtHrkeZvnCaA",
            "name": "opis_tow",
            "type": null,
            "modifiers": [],
            "position": {}
          },
          "position": {}
        },
        "_roptlSOdEDWZPYiOWuVv2Q": {
          "key": "_roptlSOdEDWZPYiOWuVv2Q",
          "name": "rozmer_tow",
          "type": null,
          "probability": 1,
          "modifiers": [],
          "to_variable": {
            "key": "_IrQAFSg-EDWtHrkeZvnCaA",
            "name": "rozmer_tow",
            "type": null,
            "modifiers": [],
            "position": {}
          },
          "position": {}
        },
        "_roptliOdEDWZPYiOWuVv2Q": {
          "key": "_roptliOdEDWZPYiOWuVv2Q",
          "name": "picture_tow",
          "type": null,
          "probability": 1,
          "modifiers": [],
          "to_variable": {
            "key": "_IrQAFig-EDWtHrkeZvnCaA",
            "name": "picture_tow",
            "type": null,
            "modifiers": [],
            "position": {}
          },
          "position": {}
        }
      }
    },
    "fields_to_fields_data_clump-./Magazin-_ropGgCOdEDWZPYiOWuVv2Q-_15rFAB1IEDWbWMUEJ4cJow-id_towname_towid_catprise_towopis_towrozmer_towpicture_tow": {
      "type": "data_clump",
      "key": "fields_to_fields_data_clump-./Magazin-_ropGgCOdEDWZPYiOWuVv2Q-_15rFAB1IEDWbWMUEJ4cJow-id_towname_towid_catprise_towopis_towrozmer_towpicture_tow",
      "probability": 1,
      "from_file_path": "./Magazin",
      "from_class_or_interface_name": "Magazin",
      "from_class_or_interface_key": "_ropGgCOdEDWZPYiOWuVv2Q",
      "from_method_name": null,
      "from_method_key": null,
      "to_file_path": "./basa",
      "to_class_or_interface_key": "_15rFAB1IEDWbWMUEJ4cJow",
      "to_class_or_interface_name": "Magazin",
      "to_method_key": null,
      "to_method_name": null,
      "data_clump_type": "fields_to_fields_data_clump",
      "data_clump_data": {
        "_roptkCOdEDWZPYiOWuVv2Q": {
          "key": "_roptkCOdEDWZPYiOWuVv2Q",
          "name": "id_tow",
          "type": null,
          "probability": 1,
          "modifiers": [],
          "to_variable": {
            "key": "_6u7jwB1IEDWbWMUEJ4cJow",
            "name": "id_tow",
            "type": null,
            "modifiers": [],
            "position": {}
          },
          "position": {}
        },
        "_roptkSOdEDWZPYiOWuVv2Q": {
          "key": "_roptkSOdEDWZPYiOWuVv2Q",
          "name": "name_tow",
          "type": null,
          "probability": 1,
          "modifiers": [],
          "to_variable": {
            "key": "__OZ_wB1IEDWbWMUEJ4cJow",
            "name": "name_tow",
            "type": null,
            "modifiers": [],
            "position": {}
          },
          "position": {}
        },
        "_roptkiOdEDWZPYiOWuVv2Q": {
          "key": "_roptkiOdEDWZPYiOWuVv2Q",
          "name": "id_cat",
          "type": null,
          "probability": 1,
          "modifiers": [],
          "to_variable": {
            "key": "_2-PgYB1IEDWbWMUEJ4cJow",
            "name": "id_cat",
            "type": null,
            "modifiers": [],
            "position": {}
          },
          "position": {}
        },
        "_roptkyOdEDWZPYiOWuVv2Q": {
          "key": "_roptkyOdEDWZPYiOWuVv2Q",
          "name": "prise_tow",
          "type": null,
          "probability": 1,
          "modifiers": [],
          "to_variable": {
            "key": "_BqkgMB1JEDWbWMUEJ4cJow",
            "name": "prise_tow",
            "type": null,
            "modifiers": [],
            "position": {}
          },
          "position": {}
        },
        "_roptlCOdEDWZPYiOWuVv2Q": {
          "key": "_roptlCOdEDWZPYiOWuVv2Q",
          "name": "opis_tow",
          "type": null,
          "probability": 1,
          "modifiers": [],
          "to_variable": {
            "key": "_JG3SoB1JEDWbWMUEJ4cJow",
            "name": "opis_tow",
            "type": null,
            "modifiers": [],
            "position": {}
          },
          "position": {}
        },
        "_roptlSOdEDWZPYiOWuVv2Q": {
          "key": "_roptlSOdEDWZPYiOWuVv2Q",
          "name": "rozmer_tow",
          "type": null,
          "probability": 1,
          "modifiers": [],
          "to_variable": {
            "key": "_LRBdEB1JEDWbWMUEJ4cJow",
            "name": "rozmer_tow",
            "type": null,
            "modifiers": [],
            "position": {}
          },
          "position": {}
        },
        "_roptliOdEDWZPYiOWuVv2Q": {
          "key": "_roptliOdEDWZPYiOWuVv2Q",
          "name": "picture_tow",
          "type": null,
          "probability": 1,
          "modifiers": [],
          "to_variable": {
            "key": "_N_GM4B1JEDWbWMUEJ4cJow",
            "name": "picture_tow",
            "type": null,
            "modifiers": [],
            "position": {}
          },
          "position": {}
        }
      }
    },
    "fields_to_fields_data_clump-./Perevirka_vvod_tow-__6rQYCg_EDWtHrkeZvnCaA-_ropGgCOdEDWZPYiOWuVv2Q-id_towname_towid_catprise_towopis_towrozmer_towpicture_tow": {
      "type": "data_clump",
      "key": "fields_to_fields_data_clump-./Perevirka_vvod_tow-__6rQYCg_EDWtHrkeZvnCaA-_ropGgCOdEDWZPYiOWuVv2Q-id_towname_towid_catprise_towopis_towrozmer_towpicture_tow",
      "probability": 1,
      "from_file_path": "./Perevirka_vvod_tow",
      "from_class_or_interface_name": "Perevirka_vvod_tow",
      "from_class_or_interface_key": "__6rQYCg_EDWtHrkeZvnCaA",
      "from_method_name": null,
      "from_method_key": null,
      "to_file_path": "./Magazin",
      "to_class_or_interface_key": "_ropGgCOdEDWZPYiOWuVv2Q",
      "to_class_or_interface_name": "Perevirka_vvod_tow",
      "to_method_key": null,
      "to_method_name": null,
      "data_clump_type": "fields_to_fields_data_clump",
      "data_clump_data": {
        "__6r3cCg_EDWtHrkeZvnCaA": {
          "key": "__6r3cCg_EDWtHrkeZvnCaA",
          "name": "id_tow",
          "type": null,
          "probability": 1,
          "modifiers": [],
          "to_variable": {
            "key": "_roptkCOdEDWZPYiOWuVv2Q",
            "name": "id_tow",
            "type": null,
            "modifiers": [],
            "position": {}
          },
          "position": {}
        },
        "__6r3cSg_EDWtHrkeZvnCaA": {
          "key": "__6r3cSg_EDWtHrkeZvnCaA",
          "name": "name_tow",
          "type": null,
          "probability": 1,
          "modifiers": [],
          "to_variable": {
            "key": "_roptkSOdEDWZPYiOWuVv2Q",
            "name": "name_tow",
            "type": null,
            "modifiers": [],
            "position": {}
          },
          "position": {}
        },
        "__6r3cig_EDWtHrkeZvnCaA": {
          "key": "__6r3cig_EDWtHrkeZvnCaA",
          "name": "id_cat",
          "type": null,
          "probability": 1,
          "modifiers": [],
          "to_variable": {
            "key": "_roptkiOdEDWZPYiOWuVv2Q",
            "name": "id_cat",
            "type": null,
            "modifiers": [],
            "position": {}
          },
          "position": {}
        },
        "__6r3cyg_EDWtHrkeZvnCaA": {
          "key": "__6r3cyg_EDWtHrkeZvnCaA",
          "name": "prise_tow",
          "type": null,
          "probability": 1,
          "modifiers": [],
          "to_variable": {
            "key": "_roptkyOdEDWZPYiOWuVv2Q",
            "name": "prise_tow",
            "type": null,
            "modifiers": [],
            "position": {}
          },
          "position": {}
        },
        "__6r3dCg_EDWtHrkeZvnCaA": {
          "key": "__6r3dCg_EDWtHrkeZvnCaA",
          "name": "opis_tow",
          "type": null,
          "probability": 1,
          "modifiers": [],
          "to_variable": {
            "key": "_roptlCOdEDWZPYiOWuVv2Q",
            "name": "opis_tow",
            "type": null,
            "modifiers": [],
            "position": {}
          },
          "position": {}
        },
        "__6r3dSg_EDWtHrkeZvnCaA": {
          "key": "__6r3dSg_EDWtHrkeZvnCaA",
          "name": "rozmer_tow",
          "type": null,
          "probability": 1,
          "modifiers": [],
          "to_variable": {
            "key": "_roptlSOdEDWZPYiOWuVv2Q",
            "name": "rozmer_tow",
            "type": null,
            "modifiers": [],
            "position": {}
          },
          "position": {}
        },
        "__6r3dig_EDWtHrkeZvnCaA": {
          "key": "__6r3dig_EDWtHrkeZvnCaA",
          "name": "picture_tow",
          "type": null,
          "probability": 1,
          "modifiers": [],
          "to_variable": {
            "key": "_roptliOdEDWZPYiOWuVv2Q",
            "name": "picture_tow",
            "type": null,
            "modifiers": [],
            "position": {}
          },
          "position": {}
        }
      }
    },
    "fields_to_fields_data_clump-./Perevirka_vvod_tow-__6rQYCg_EDWtHrkeZvnCaA-_IrOx8Cg-EDWtHrkeZvnCaA-id_towname_towid_catprise_towopis_towrozmer_towpicture_tow": {
      "type": "data_clump",
      "key": "fields_to_fields_data_clump-./Perevirka_vvod_tow-__6rQYCg_EDWtHrkeZvnCaA-_IrOx8Cg-EDWtHrkeZvnCaA-id_towname_towid_catprise_towopis_towrozmer_towpicture_tow",
      "probability": 1,
      "from_file_path": "./Perevirka_vvod_tow",
      "from_class_or_interface_name": "Perevirka_vvod_tow",
      "from_class_or_interface_key": "__6rQYCg_EDWtHrkeZvnCaA",
      "from_method_name": null,
      "from_method_key": null,
      "to_file_path": "./View_towara",
      "to_class_or_interface_key": "_IrOx8Cg-EDWtHrkeZvnCaA",
      "to_class_or_interface_name": "Perevirka_vvod_tow",
      "to_method_key": null,
      "to_method_name": null,
      "data_clump_type": "fields_to_fields_data_clump",
      "data_clump_data": {
        "__6r3cCg_EDWtHrkeZvnCaA": {
          "key": "__6r3cCg_EDWtHrkeZvnCaA",
          "name": "id_tow",
          "type": null,
          "probability": 1,
          "modifiers": [],
          "to_variable": {
            "key": "_IrQAECg-EDWtHrkeZvnCaA",
            "name": "id_tow",
            "type": null,
            "modifiers": [],
            "position": {}
          },
          "position": {}
        },
        "__6r3cSg_EDWtHrkeZvnCaA": {
          "key": "__6r3cSg_EDWtHrkeZvnCaA",
          "name": "name_tow",
          "type": null,
          "probability": 1,
          "modifiers": [],
          "to_variable": {
            "key": "_IrQAESg-EDWtHrkeZvnCaA",
            "name": "name_tow",
            "type": null,
            "modifiers": [],
            "position": {}
          },
          "position": {}
        },
        "__6r3cig_EDWtHrkeZvnCaA": {
          "key": "__6r3cig_EDWtHrkeZvnCaA",
          "name": "id_cat",
          "type": null,
          "probability": 1,
          "modifiers": [],
          "to_variable": {
            "key": "_IrQAEig-EDWtHrkeZvnCaA",
            "name": "id_cat",
            "type": null,
            "modifiers": [],
            "position": {}
          },
          "position": {}
        },
        "__6r3cyg_EDWtHrkeZvnCaA": {
          "key": "__6r3cyg_EDWtHrkeZvnCaA",
          "name": "prise_tow",
          "type": null,
          "probability": 1,
          "modifiers": [],
          "to_variable": {
            "key": "_IrQAEyg-EDWtHrkeZvnCaA",
            "name": "prise_tow",
            "type": null,
            "modifiers": [],
            "position": {}
          },
          "position": {}
        },
        "__6r3dCg_EDWtHrkeZvnCaA": {
          "key": "__6r3dCg_EDWtHrkeZvnCaA",
          "name": "opis_tow",
          "type": null,
          "probability": 1,
          "modifiers": [],
          "to_variable": {
            "key": "_IrQAFCg-EDWtHrkeZvnCaA",
            "name": "opis_tow",
            "type": null,
            "modifiers": [],
            "position": {}
          },
          "position": {}
        },
        "__6r3dSg_EDWtHrkeZvnCaA": {
          "key": "__6r3dSg_EDWtHrkeZvnCaA",
          "name": "rozmer_tow",
          "type": null,
          "probability": 1,
          "modifiers": [],
          "to_variable": {
            "key": "_IrQAFSg-EDWtHrkeZvnCaA",
            "name": "rozmer_tow",
            "type": null,
            "modifiers": [],
            "position": {}
          },
          "position": {}
        },
        "__6r3dig_EDWtHrkeZvnCaA": {
          "key": "__6r3dig_EDWtHrkeZvnCaA",
          "name": "picture_tow",
          "type": null,
          "probability": 1,
          "modifiers": [],
          "to_variable": {
            "key": "_IrQAFig-EDWtHrkeZvnCaA",
            "name": "picture_tow",
            "type": null,
            "modifiers": [],
            "position": {}
          },
          "position": {}
        }
      }
    },
    "fields_to_fields_data_clump-./Perevirka_vvod_tow-__6rQYCg_EDWtHrkeZvnCaA-_15rFAB1IEDWbWMUEJ4cJow-id_towname_towid_catprise_towopis_towrozmer_towpicture_tow": {
      "type": "data_clump",
      "key": "fields_to_fields_data_clump-./Perevirka_vvod_tow-__6rQYCg_EDWtHrkeZvnCaA-_15rFAB1IEDWbWMUEJ4cJow-id_towname_towid_catprise_towopis_towrozmer_towpicture_tow",
      "probability": 1,
      "from_file_path": "./Perevirka_vvod_tow",
      "from_class_or_interface_name": "Perevirka_vvod_tow",
      "from_class_or_interface_key": "__6rQYCg_EDWtHrkeZvnCaA",
      "from_method_name": null,
      "from_method_key": null,
      "to_file_path": "./basa",
      "to_class_or_interface_key": "_15rFAB1IEDWbWMUEJ4cJow",
      "to_class_or_interface_name": "Perevirka_vvod_tow",
      "to_method_key": null,
      "to_method_name": null,
      "data_clump_type": "fields_to_fields_data_clump",
      "data_clump_data": {
        "__6r3cCg_EDWtHrkeZvnCaA": {
          "key": "__6r3cCg_EDWtHrkeZvnCaA",
          "name": "id_tow",
          "type": null,
          "probability": 1,
          "modifiers": [],
          "to_variable": {
            "key": "_6u7jwB1IEDWbWMUEJ4cJow",
            "name": "id_tow",
            "type": null,
            "modifiers": [],
            "position": {}
          },
          "position": {}
        },
        "__6r3cSg_EDWtHrkeZvnCaA": {
          "key": "__6r3cSg_EDWtHrkeZvnCaA",
          "name": "name_tow",
          "type": null,
          "probability": 1,
          "modifiers": [],
          "to_variable": {
            "key": "__OZ_wB1IEDWbWMUEJ4cJow",
            "name": "name_tow",
            "type": null,
            "modifiers": [],
            "position": {}
          },
          "position": {}
        },
        "__6r3cig_EDWtHrkeZvnCaA": {
          "key": "__6r3cig_EDWtHrkeZvnCaA",
          "name": "id_cat",
          "type": null,
          "probability": 1,
          "modifiers": [],
          "to_variable": {
            "key": "_2-PgYB1IEDWbWMUEJ4cJow",
            "name": "id_cat",
            "type": null,
            "modifiers": [],
            "position": {}
          },
          "position": {}
        },
        "__6r3cyg_EDWtHrkeZvnCaA": {
          "key": "__6r3cyg_EDWtHrkeZvnCaA",
          "name": "prise_tow",
          "type": null,
          "probability": 1,
          "modifiers": [],
          "to_variable": {
            "key": "_BqkgMB1JEDWbWMUEJ4cJow",
            "name": "prise_tow",
            "type": null,
            "modifiers": [],
            "position": {}
          },
          "position": {}
        },
        "__6r3dCg_EDWtHrkeZvnCaA": {
          "key": "__6r3dCg_EDWtHrkeZvnCaA",
          "name": "opis_tow",
          "type": null,
          "probability": 1,
          "modifiers": [],
          "to_variable": {
            "key": "_JG3SoB1JEDWbWMUEJ4cJow",
            "name": "opis_tow",
            "type": null,
            "modifiers": [],
            "position": {}
          },
          "position": {}
        },
        "__6r3dSg_EDWtHrkeZvnCaA": {
          "key": "__6r3dSg_EDWtHrkeZvnCaA",
          "name": "rozmer_tow",
          "type": null,
          "probability": 1,
          "modifiers": [],
          "to_variable": {
            "key": "_LRBdEB1JEDWbWMUEJ4cJow",
            "name": "rozmer_tow",
            "type": null,
            "modifiers": [],
            "position": {}
          },
          "position": {}
        },
        "__6r3dig_EDWtHrkeZvnCaA": {
          "key": "__6r3dig_EDWtHrkeZvnCaA",
          "name": "picture_tow",
          "type": null,
          "probability": 1,
          "modifiers": [],
          "to_variable": {
            "key": "_N_GM4B1JEDWbWMUEJ4cJow",
            "name": "picture_tow",
            "type": null,
            "modifiers": [],
            "position": {}
          },
          "position": {}
        }
      }
    },
    "fields_to_fields_data_clump-./View_towara-_IrOx8Cg-EDWtHrkeZvnCaA-_ropGgCOdEDWZPYiOWuVv2Q-id_towname_towid_catprise_towopis_towrozmer_towpicture_tow": {
      "type": "data_clump",
      "key": "fields_to_fields_data_clump-./View_towara-_IrOx8Cg-EDWtHrkeZvnCaA-_ropGgCOdEDWZPYiOWuVv2Q-id_towname_towid_catprise_towopis_towrozmer_towpicture_tow",
      "probability": 1,
      "from_file_path": "./View_towara",
      "from_class_or_interface_name": "View_towara",
      "from_class_or_interface_key": "_IrOx8Cg-EDWtHrkeZvnCaA",
      "from_method_name": null,
      "from_method_key": null,
      "to_file_path": "./Magazin",
      "to_class_or_interface_key": "_ropGgCOdEDWZPYiOWuVv2Q",
      "to_class_or_interface_name": "View_towara",
      "to_method_key": null,
      "to_method_name": null,
      "data_clump_type": "fields_to_fields_data_clump",
      "data_clump_data": {
        "_IrQAECg-EDWtHrkeZvnCaA": {
          "key": "_IrQAECg-EDWtHrkeZvnCaA",
          "name": "id_tow",
          "type": null,
          "probability": 1,
          "modifiers": [],
          "to_variable": {
            "key": "_roptkCOdEDWZPYiOWuVv2Q",
            "name": "id_tow",
            "type": null,
            "modifiers": [],
            "position": {}
          },
          "position": {}
        },
        "_IrQAESg-EDWtHrkeZvnCaA": {
          "key": "_IrQAESg-EDWtHrkeZvnCaA",
          "name": "name_tow",
          "type": null,
          "probability": 1,
          "modifiers": [],
          "to_variable": {
            "key": "_roptkSOdEDWZPYiOWuVv2Q",
            "name": "name_tow",
            "type": null,
            "modifiers": [],
            "position": {}
          },
          "position": {}
        },
        "_IrQAEig-EDWtHrkeZvnCaA": {
          "key": "_IrQAEig-EDWtHrkeZvnCaA",
          "name": "id_cat",
          "type": null,
          "probability": 1,
          "modifiers": [],
          "to_variable": {
            "key": "_roptkiOdEDWZPYiOWuVv2Q",
            "name": "id_cat",
            "type": null,
            "modifiers": [],
            "position": {}
          },
          "position": {}
        },
        "_IrQAEyg-EDWtHrkeZvnCaA": {
          "key": "_IrQAEyg-EDWtHrkeZvnCaA",
          "name": "prise_tow",
          "type": null,
          "probability": 1,
          "modifiers": [],
          "to_variable": {
            "key": "_roptkyOdEDWZPYiOWuVv2Q",
            "name": "prise_tow",
            "type": null,
            "modifiers": [],
            "position": {}
          },
          "position": {}
        },
        "_IrQAFCg-EDWtHrkeZvnCaA": {
          "key": "_IrQAFCg-EDWtHrkeZvnCaA",
          "name": "opis_tow",
          "type": null,
          "probability": 1,
          "modifiers": [],
          "to_variable": {
            "key": "_roptlCOdEDWZPYiOWuVv2Q",
            "name": "opis_tow",
            "type": null,
            "modifiers": [],
            "position": {}
          },
          "position": {}
        },
        "_IrQAFSg-EDWtHrkeZvnCaA": {
          "key": "_IrQAFSg-EDWtHrkeZvnCaA",
          "name": "rozmer_tow",
          "type": null,
          "probability": 1,
          "modifiers": [],
          "to_variable": {
            "key": "_roptlSOdEDWZPYiOWuVv2Q",
            "name": "rozmer_tow",
            "type": null,
            "modifiers": [],
            "position": {}
          },
          "position": {}
        },
        "_IrQAFig-EDWtHrkeZvnCaA": {
          "key": "_IrQAFig-EDWtHrkeZvnCaA",
          "name": "picture_tow",
          "type": null,
          "probability": 1,
          "modifiers": [],
          "to_variable": {
            "key": "_roptliOdEDWZPYiOWuVv2Q",
            "name": "picture_tow",
            "type": null,
            "modifiers": [],
            "position": {}
          },
          "position": {}
        }
      }
    },
    "fields_to_fields_data_clump-./View_towara-_IrOx8Cg-EDWtHrkeZvnCaA-__6rQYCg_EDWtHrkeZvnCaA-id_towname_towid_catprise_towopis_towrozmer_towpicture_tow": {
      "type": "data_clump",
      "key": "fields_to_fields_data_clump-./View_towara-_IrOx8Cg-EDWtHrkeZvnCaA-__6rQYCg_EDWtHrkeZvnCaA-id_towname_towid_catprise_towopis_towrozmer_towpicture_tow",
      "probability": 1,
      "from_file_path": "./View_towara",
      "from_class_or_interface_name": "View_towara",
      "from_class_or_interface_key": "_IrOx8Cg-EDWtHrkeZvnCaA",
      "from_method_name": null,
      "from_method_key": null,
      "to_file_path": "./Perevirka_vvod_tow",
      "to_class_or_interface_key": "__6rQYCg_EDWtHrkeZvnCaA",
      "to_class_or_interface_name": "View_towara",
      "to_method_key": null,
      "to_method_name": null,
      "data_clump_type": "fields_to_fields_data_clump",
      "data_clump_data": {
        "_IrQAECg-EDWtHrkeZvnCaA": {
          "key": "_IrQAECg-EDWtHrkeZvnCaA",
          "name": "id_tow",
          "type": null,
          "probability": 1,
          "modifiers": [],
          "to_variable": {
            "key": "__6r3cCg_EDWtHrkeZvnCaA",
            "name": "id_tow",
            "type": null,
            "modifiers": [],
            "position": {}
          },
          "position": {}
        },
        "_IrQAESg-EDWtHrkeZvnCaA": {
          "key": "_IrQAESg-EDWtHrkeZvnCaA",
          "name": "name_tow",
          "type": null,
          "probability": 1,
          "modifiers": [],
          "to_variable": {
            "key": "__6r3cSg_EDWtHrkeZvnCaA",
            "name": "name_tow",
            "type": null,
            "modifiers": [],
            "position": {}
          },
          "position": {}
        },
        "_IrQAEig-EDWtHrkeZvnCaA": {
          "key": "_IrQAEig-EDWtHrkeZvnCaA",
          "name": "id_cat",
          "type": null,
          "probability": 1,
          "modifiers": [],
          "to_variable": {
            "key": "__6r3cig_EDWtHrkeZvnCaA",
            "name": "id_cat",
            "type": null,
            "modifiers": [],
            "position": {}
          },
          "position": {}
        },
        "_IrQAEyg-EDWtHrkeZvnCaA": {
          "key": "_IrQAEyg-EDWtHrkeZvnCaA",
          "name": "prise_tow",
          "type": null,
          "probability": 1,
          "modifiers": [],
          "to_variable": {
            "key": "__6r3cyg_EDWtHrkeZvnCaA",
            "name": "prise_tow",
            "type": null,
            "modifiers": [],
            "position": {}
          },
          "position": {}
        },
        "_IrQAFCg-EDWtHrkeZvnCaA": {
          "key": "_IrQAFCg-EDWtHrkeZvnCaA",
          "name": "opis_tow",
          "type": null,
          "probability": 1,
          "modifiers": [],
          "to_variable": {
            "key": "__6r3dCg_EDWtHrkeZvnCaA",
            "name": "opis_tow",
            "type": null,
            "modifiers": [],
            "position": {}
          },
          "position": {}
        },
        "_IrQAFSg-EDWtHrkeZvnCaA": {
          "key": "_IrQAFSg-EDWtHrkeZvnCaA",
          "name": "rozmer_tow",
          "type": null,
          "probability": 1,
          "modifiers": [],
          "to_variable": {
            "key": "__6r3dSg_EDWtHrkeZvnCaA",
            "name": "rozmer_tow",
            "type": null,
            "modifiers": [],
            "position": {}
          },
          "position": {}
        },
        "_IrQAFig-EDWtHrkeZvnCaA": {
          "key": "_IrQAFig-EDWtHrkeZvnCaA",
          "name": "picture_tow",
          "type": null,
          "probability": 1,
          "modifiers": [],
          "to_variable": {
            "key": "__6r3dig_EDWtHrkeZvnCaA",
            "name": "picture_tow",
            "type": null,
            "modifiers": [],
            "position": {}
          },
          "position": {}
        }
      }
    },
    "fields_to_fields_data_clump-./View_towara-_IrOx8Cg-EDWtHrkeZvnCaA-_15rFAB1IEDWbWMUEJ4cJow-id_towname_towid_catprise_towopis_towrozmer_towpicture_tow": {
      "type": "data_clump",
      "key": "fields_to_fields_data_clump-./View_towara-_IrOx8Cg-EDWtHrkeZvnCaA-_15rFAB1IEDWbWMUEJ4cJow-id_towname_towid_catprise_towopis_towrozmer_towpicture_tow",
      "probability": 1,
      "from_file_path": "./View_towara",
      "from_class_or_interface_name": "View_towara",
      "from_class_or_interface_key": "_IrOx8Cg-EDWtHrkeZvnCaA",
      "from_method_name": null,
      "from_method_key": null,
      "to_file_path": "./basa",
      "to_class_or_interface_key": "_15rFAB1IEDWbWMUEJ4cJow",
      "to_class_or_interface_name": "View_towara",
      "to_method_key": null,
      "to_method_name": null,
      "data_clump_type": "fields_to_fields_data_clump",
      "data_clump_data": {
        "_IrQAECg-EDWtHrkeZvnCaA": {
          "key": "_IrQAECg-EDWtHrkeZvnCaA",
          "name": "id_tow",
          "type": null,
          "probability": 1,
          "modifiers": [],
          "to_variable": {
            "key": "_6u7jwB1IEDWbWMUEJ4cJow",
            "name": "id_tow",
            "type": null,
            "modifiers": [],
            "position": {}
          },
          "position": {}
        },
        "_IrQAESg-EDWtHrkeZvnCaA": {
          "key": "_IrQAESg-EDWtHrkeZvnCaA",
          "name": "name_tow",
          "type": null,
          "probability": 1,
          "modifiers": [],
          "to_variable": {
            "key": "__OZ_wB1IEDWbWMUEJ4cJow",
            "name": "name_tow",
            "type": null,
            "modifiers": [],
            "position": {}
          },
          "position": {}
        },
        "_IrQAEig-EDWtHrkeZvnCaA": {
          "key": "_IrQAEig-EDWtHrkeZvnCaA",
          "name": "id_cat",
          "type": null,
          "probability": 1,
          "modifiers": [],
          "to_variable": {
            "key": "_2-PgYB1IEDWbWMUEJ4cJow",
            "name": "id_cat",
            "type": null,
            "modifiers": [],
            "position": {}
          },
          "position": {}
        },
        "_IrQAEyg-EDWtHrkeZvnCaA": {
          "key": "_IrQAEyg-EDWtHrkeZvnCaA",
          "name": "prise_tow",
          "type": null,
          "probability": 1,
          "modifiers": [],
          "to_variable": {
            "key": "_BqkgMB1JEDWbWMUEJ4cJow",
            "name": "prise_tow",
            "type": null,
            "modifiers": [],
            "position": {}
          },
          "position": {}
        },
        "_IrQAFCg-EDWtHrkeZvnCaA": {
          "key": "_IrQAFCg-EDWtHrkeZvnCaA",
          "name": "opis_tow",
          "type": null,
          "probability": 1,
          "modifiers": [],
          "to_variable": {
            "key": "_JG3SoB1JEDWbWMUEJ4cJow",
            "name": "opis_tow",
            "type": null,
            "modifiers": [],
            "position": {}
          },
          "position": {}
        },
        "_IrQAFSg-EDWtHrkeZvnCaA": {
          "key": "_IrQAFSg-EDWtHrkeZvnCaA",
          "name": "rozmer_tow",
          "type": null,
          "probability": 1,
          "modifiers": [],
          "to_variable": {
            "key": "_LRBdEB1JEDWbWMUEJ4cJow",
            "name": "rozmer_tow",
            "type": null,
            "modifiers": [],
            "position": {}
          },
          "position": {}
        },
        "_IrQAFig-EDWtHrkeZvnCaA": {
          "key": "_IrQAFig-EDWtHrkeZvnCaA",
          "name": "picture_tow",
          "type": null,
          "probability": 1,
          "modifiers": [],
          "to_variable": {
            "key": "_N_GM4B1JEDWbWMUEJ4cJow",
            "name": "picture_tow",
            "type": null,
            "modifiers": [],
            "position": {}
          },
          "position": {}
        }
      }
    },
    "fields_to_fields_data_clump-./basa-_15rFAB1IEDWbWMUEJ4cJow-_ropGgCOdEDWZPYiOWuVv2Q-id_catid_towname_towprise_towopis_towrozmer_towpicture_tow": {
      "type": "data_clump",
      "key": "fields_to_fields_data_clump-./basa-_15rFAB1IEDWbWMUEJ4cJow-_ropGgCOdEDWZPYiOWuVv2Q-id_catid_towname_towprise_towopis_towrozmer_towpicture_tow",
      "probability": 1,
      "from_file_path": "./basa",
      "from_class_or_interface_name": "basa",
      "from_class_or_interface_key": "_15rFAB1IEDWbWMUEJ4cJow",
      "from_method_name": null,
      "from_method_key": null,
      "to_file_path": "./Magazin",
      "to_class_or_interface_key": "_ropGgCOdEDWZPYiOWuVv2Q",
      "to_class_or_interface_name": "basa",
      "to_method_key": null,
      "to_method_name": null,
      "data_clump_type": "fields_to_fields_data_clump",
      "data_clump_data": {
        "_2-PgYB1IEDWbWMUEJ4cJow": {
          "key": "_2-PgYB1IEDWbWMUEJ4cJow",
          "name": "id_cat",
          "type": null,
          "probability": 1,
          "modifiers": [],
          "to_variable": {
            "key": "_roptkiOdEDWZPYiOWuVv2Q",
            "name": "id_cat",
            "type": null,
            "modifiers": [],
            "position": {}
          },
          "position": {}
        },
        "_6u7jwB1IEDWbWMUEJ4cJow": {
          "key": "_6u7jwB1IEDWbWMUEJ4cJow",
          "name": "id_tow",
          "type": null,
          "probability": 1,
          "modifiers": [],
          "to_variable": {
            "key": "_roptkCOdEDWZPYiOWuVv2Q",
            "name": "id_tow",
            "type": null,
            "modifiers": [],
            "position": {}
          },
          "position": {}
        },
        "__OZ_wB1IEDWbWMUEJ4cJow": {
          "key": "__OZ_wB1IEDWbWMUEJ4cJow",
          "name": "name_tow",
          "type": null,
          "probability": 1,
          "modifiers": [],
          "to_variable": {
            "key": "_roptkSOdEDWZPYiOWuVv2Q",
            "name": "name_tow",
            "type": null,
            "modifiers": [],
            "position": {}
          },
          "position": {}
        },
        "_BqkgMB1JEDWbWMUEJ4cJow": {
          "key": "_BqkgMB1JEDWbWMUEJ4cJow",
          "name": "prise_tow",
          "type": null,
          "probability": 1,
          "modifiers": [],
          "to_variable": {
            "key": "_roptkyOdEDWZPYiOWuVv2Q",
            "name": "prise_tow",
            "type": null,
            "modifiers": [],
            "position": {}
          },
          "position": {}
        },
        "_JG3SoB1JEDWbWMUEJ4cJow": {
          "key": "_JG3SoB1JEDWbWMUEJ4cJow",
          "name": "opis_tow",
          "type": null,
          "probability": 1,
          "modifiers": [],
          "to_variable": {
            "key": "_roptlCOdEDWZPYiOWuVv2Q",
            "name": "opis_tow",
            "type": null,
            "modifiers": [],
            "position": {}
          },
          "position": {}
        },
        "_LRBdEB1JEDWbWMUEJ4cJow": {
          "key": "_LRBdEB1JEDWbWMUEJ4cJow",
          "name": "rozmer_tow",
          "type": null,
          "probability": 1,
          "modifiers": [],
          "to_variable": {
            "key": "_roptlSOdEDWZPYiOWuVv2Q",
            "name": "rozmer_tow",
            "type": null,
            "modifiers": [],
            "position": {}
          },
          "position": {}
        },
        "_N_GM4B1JEDWbWMUEJ4cJow": {
          "key": "_N_GM4B1JEDWbWMUEJ4cJow",
          "name": "picture_tow",
          "type": null,
          "probability": 1,
          "modifiers": [],
          "to_variable": {
            "key": "_roptliOdEDWZPYiOWuVv2Q",
            "name": "picture_tow",
            "type": null,
            "modifiers": [],
            "position": {}
          },
          "position": {}
        }
      }
    },
    "fields_to_fields_data_clump-./basa-_15rFAB1IEDWbWMUEJ4cJow-__6rQYCg_EDWtHrkeZvnCaA-id_catid_towname_towprise_towopis_towrozmer_towpicture_tow": {
      "type": "data_clump",
      "key": "fields_to_fields_data_clump-./basa-_15rFAB1IEDWbWMUEJ4cJow-__6rQYCg_EDWtHrkeZvnCaA-id_catid_towname_towprise_towopis_towrozmer_towpicture_tow",
      "probability": 1,
      "from_file_path": "./basa",
      "from_class_or_interface_name": "basa",
      "from_class_or_interface_key": "_15rFAB1IEDWbWMUEJ4cJow",
      "from_method_name": null,
      "from_method_key": null,
      "to_file_path": "./Perevirka_vvod_tow",
      "to_class_or_interface_key": "__6rQYCg_EDWtHrkeZvnCaA",
      "to_class_or_interface_name": "basa",
      "to_method_key": null,
      "to_method_name": null,
      "data_clump_type": "fields_to_fields_data_clump",
      "data_clump_data": {
        "_2-PgYB1IEDWbWMUEJ4cJow": {
          "key": "_2-PgYB1IEDWbWMUEJ4cJow",
          "name": "id_cat",
          "type": null,
          "probability": 1,
          "modifiers": [],
          "to_variable": {
            "key": "__6r3cig_EDWtHrkeZvnCaA",
            "name": "id_cat",
            "type": null,
            "modifiers": [],
            "position": {}
          },
          "position": {}
        },
        "_6u7jwB1IEDWbWMUEJ4cJow": {
          "key": "_6u7jwB1IEDWbWMUEJ4cJow",
          "name": "id_tow",
          "type": null,
          "probability": 1,
          "modifiers": [],
          "to_variable": {
            "key": "__6r3cCg_EDWtHrkeZvnCaA",
            "name": "id_tow",
            "type": null,
            "modifiers": [],
            "position": {}
          },
          "position": {}
        },
        "__OZ_wB1IEDWbWMUEJ4cJow": {
          "key": "__OZ_wB1IEDWbWMUEJ4cJow",
          "name": "name_tow",
          "type": null,
          "probability": 1,
          "modifiers": [],
          "to_variable": {
            "key": "__6r3cSg_EDWtHrkeZvnCaA",
            "name": "name_tow",
            "type": null,
            "modifiers": [],
            "position": {}
          },
          "position": {}
        },
        "_BqkgMB1JEDWbWMUEJ4cJow": {
          "key": "_BqkgMB1JEDWbWMUEJ4cJow",
          "name": "prise_tow",
          "type": null,
          "probability": 1,
          "modifiers": [],
          "to_variable": {
            "key": "__6r3cyg_EDWtHrkeZvnCaA",
            "name": "prise_tow",
            "type": null,
            "modifiers": [],
            "position": {}
          },
          "position": {}
        },
        "_JG3SoB1JEDWbWMUEJ4cJow": {
          "key": "_JG3SoB1JEDWbWMUEJ4cJow",
          "name": "opis_tow",
          "type": null,
          "probability": 1,
          "modifiers": [],
          "to_variable": {
            "key": "__6r3dCg_EDWtHrkeZvnCaA",
            "name": "opis_tow",
            "type": null,
            "modifiers": [],
            "position": {}
          },
          "position": {}
        },
        "_LRBdEB1JEDWbWMUEJ4cJow": {
          "key": "_LRBdEB1JEDWbWMUEJ4cJow",
          "name": "rozmer_tow",
          "type": null,
          "probability": 1,
          "modifiers": [],
          "to_variable": {
            "key": "__6r3dSg_EDWtHrkeZvnCaA",
            "name": "rozmer_tow",
            "type": null,
            "modifiers": [],
            "position": {}
          },
          "position": {}
        },
        "_N_GM4B1JEDWbWMUEJ4cJow": {
          "key": "_N_GM4B1JEDWbWMUEJ4cJow",
          "name": "picture_tow",
          "type": null,
          "probability": 1,
          "modifiers": [],
          "to_variable": {
            "key": "__6r3dig_EDWtHrkeZvnCaA",
            "name": "picture_tow",
            "type": null,
            "modifiers": [],
            "position": {}
          },
          "position": {}
        }
      }
    },
    "fields_to_fields_data_clump-./basa-_15rFAB1IEDWbWMUEJ4cJow-_IrOx8Cg-EDWtHrkeZvnCaA-id_catid_towname_towprise_towopis_towrozmer_towpicture_tow": {
      "type": "data_clump",
      "key": "fields_to_fields_data_clump-./basa-_15rFAB1IEDWbWMUEJ4cJow-_IrOx8Cg-EDWtHrkeZvnCaA-id_catid_towname_towprise_towopis_towrozmer_towpicture_tow",
      "probability": 1,
      "from_file_path": "./basa",
      "from_class_or_interface_name": "basa",
      "from_class_or_interface_key": "_15rFAB1IEDWbWMUEJ4cJow",
      "from_method_name": null,
      "from_method_key": null,
      "to_file_path": "./View_towara",
      "to_class_or_interface_key": "_IrOx8Cg-EDWtHrkeZvnCaA",
      "to_class_or_interface_name": "basa",
      "to_method_key": null,
      "to_method_name": null,
      "data_clump_type": "fields_to_fields_data_clump",
      "data_clump_data": {
        "_2-PgYB1IEDWbWMUEJ4cJow": {
          "key": "_2-PgYB1IEDWbWMUEJ4cJow",
          "name": "id_cat",
          "type": null,
          "probability": 1,
          "modifiers": [],
          "to_variable": {
            "key": "_IrQAEig-EDWtHrkeZvnCaA",
            "name": "id_cat",
            "type": null,
            "modifiers": [],
            "position": {}
          },
          "position": {}
        },
        "_6u7jwB1IEDWbWMUEJ4cJow": {
          "key": "_6u7jwB1IEDWbWMUEJ4cJow",
          "name": "id_tow",
          "type": null,
          "probability": 1,
          "modifiers": [],
          "to_variable": {
            "key": "_IrQAECg-EDWtHrkeZvnCaA",
            "name": "id_tow",
            "type": null,
            "modifiers": [],
            "position": {}
          },
          "position": {}
        },
        "__OZ_wB1IEDWbWMUEJ4cJow": {
          "key": "__OZ_wB1IEDWbWMUEJ4cJow",
          "name": "name_tow",
          "type": null,
          "probability": 1,
          "modifiers": [],
          "to_variable": {
            "key": "_IrQAESg-EDWtHrkeZvnCaA",
            "name": "name_tow",
            "type": null,
            "modifiers": [],
            "position": {}
          },
          "position": {}
        },
        "_BqkgMB1JEDWbWMUEJ4cJow": {
          "key": "_BqkgMB1JEDWbWMUEJ4cJow",
          "name": "prise_tow",
          "type": null,
          "probability": 1,
          "modifiers": [],
          "to_variable": {
            "key": "_IrQAEyg-EDWtHrkeZvnCaA",
            "name": "prise_tow",
            "type": null,
            "modifiers": [],
            "position": {}
          },
          "position": {}
        },
        "_JG3SoB1JEDWbWMUEJ4cJow": {
          "key": "_JG3SoB1JEDWbWMUEJ4cJow",
          "name": "opis_tow",
          "type": null,
          "probability": 1,
          "modifiers": [],
          "to_variable": {
            "key": "_IrQAFCg-EDWtHrkeZvnCaA",
            "name": "opis_tow",
            "type": null,
            "modifiers": [],
            "position": {}
          },
          "position": {}
        },
        "_LRBdEB1JEDWbWMUEJ4cJow": {
          "key": "_LRBdEB1JEDWbWMUEJ4cJow",
          "name": "rozmer_tow",
          "type": null,
          "probability": 1,
          "modifiers": [],
          "to_variable": {
            "key": "_IrQAFSg-EDWtHrkeZvnCaA",
            "name": "rozmer_tow",
            "type": null,
            "modifiers": [],
            "position": {}
          },
          "position": {}
        },
        "_N_GM4B1JEDWbWMUEJ4cJow": {
          "key": "_N_GM4B1JEDWbWMUEJ4cJow",
          "name": "picture_tow",
          "type": null,
          "probability": 1,
          "modifiers": [],
          "to_variable": {
            "key": "_IrQAFig-EDWtHrkeZvnCaA",
            "name": "picture_tow",
            "type": null,
            "modifiers": [],
            "position": {}
          },
          "position": {}
        }
      }
    }
  }
}