{
  "report_version": "unknown",
  "report_timestamp": "2025-03-26T22:54:39.089Z",
  "target_language": "java",
  "report_summary": {
    "additional": null,
    "amount_classes_or_interfaces_with_data_clumps": 6,
    "amount_files_with_data_clumps": 6,
    "amount_methods_with_data_clumps": 0,
    "fields_to_fields_data_clump": 6,
    "parameters_to_fields_data_clump": 0,
    "parameters_to_parameters_data_clump": 0,
    "amount_data_clumps": 6
  },
  "project_info": {
    "project_url": "unknown_project_url",
    "project_name": "_YUci8JD1Eemqpd237shV0A",
    "project_version": "unknown_project_version",
    "project_commit_hash": "unknown",
    "project_tag": null,
    "project_commit_date": null,
    "additional": {},
    "number_of_files": 10,
    "number_of_classes_or_interfaces": 10,
    "number_of_methods": 0,
    "number_of_data_fields": 49,
    "number_of_method_parameters": 0
  },
  "detector": {
    "name": "data-clumps-doctor",
    "url": "https://github.com/NilsBaumgartner1994/data-clumps-doctor",
    "version": "0.1.100",
    "options": {
      "typeVariablesConsidered": false,
      "similarityModifierOfVariablesWithUnknownType": 0,
      "fieldsOfClassesWithUnknownHierarchyProbabilityModifier": 0,
      "sharedFieldsToFieldsAmountMinimum": 3,
      "analyseFieldsInClassesOrInterfacesInheritedFromSuperClassesOrInterfaces": false,
      "sharedParametersToParametersAmountMinimum": 3,
      "sharedParametersToFieldsAmountMinimum": 3,
      "methodsOfClassesOrInterfacesWithUnknownHierarchyProbabilityModifier": 0
    }
  },
  "data_clumps": {
    "fields_to_fields_data_clump-./HR-_3h3KcXMjEDeo_eJUDuv84A-_IgLswHMkEDeo_eJUDuv84A-User_NamePasswordDepartment": {
      "type": "data_clump",
      "key": "fields_to_fields_data_clump-./HR-_3h3KcXMjEDeo_eJUDuv84A-_IgLswHMkEDeo_eJUDuv84A-User_NamePasswordDepartment",
      "probability": 1,
      "from_file_path": "./HR",
      "from_class_or_interface_name": "HR",
      "from_class_or_interface_key": "_3h3KcXMjEDeo_eJUDuv84A",
      "from_method_name": null,
      "from_method_key": null,
      "to_file_path": "./ProjectManager",
      "to_class_or_interface_key": "_IgLswHMkEDeo_eJUDuv84A",
      "to_class_or_interface_name": "HR",
      "to_method_key": null,
      "to_method_name": null,
      "data_clump_type": "fields_to_fields_data_clump",
      "data_clump_data": {
        "_5PLn4HMjEDeo_eJUDuv84A": {
          "key": "_5PLn4HMjEDeo_eJUDuv84A",
          "name": "User_Name",
          "type": null,
          "probability": 1,
          "modifiers": [
            "public"
          ],
          "to_variable": {
            "key": "_KRWIYHMkEDeo_eJUDuv84A",
            "name": "User_Name",
            "type": null,
            "modifiers": [
              "public"
            ],
            "position": {}
          },
          "position": {}
        },
        "_-AmvgHMjEDeo_eJUDuv84A": {
          "key": "_-AmvgHMjEDeo_eJUDuv84A",
          "name": "Password",
          "type": null,
          "probability": 1,
          "modifiers": [
            "protected"
          ],
          "to_variable": {
            "key": "_MZAYcHMkEDeo_eJUDuv84A",
            "name": "Password",
            "type": null,
            "modifiers": [
              "protected"
            ],
            "position": {}
          },
          "position": {}
        },
        "_DowDwHMkEDeo_eJUDuv84A": {
          "key": "_DowDwHMkEDeo_eJUDuv84A",
          "name": "Department",
          "type": null,
          "probability": 1,
          "modifiers": [
            "public"
          ],
          "to_variable": {
            "key": "_N2XuUHMkEDeo_eJUDuv84A",
            "name": "Department",
            "type": null,
            "modifiers": [
              "public"
            ],
            "position": {}
          },
          "position": {}
        }
      }
    },
    "fields_to_fields_data_clump-./JuniorDeveloper-_6gtrwXMkEDeo_eJUDuv84A-_ngsXcHMkEDeo_eJUDuv84A-UserNameDepartmentDesignation": {
      "type": "data_clump",
      "key": "fields_to_fields_data_clump-./JuniorDeveloper-_6gtrwXMkEDeo_eJUDuv84A-_ngsXcHMkEDeo_eJUDuv84A-UserNameDepartmentDesignation",
      "probability": 1,
      "from_file_path": "./JuniorDeveloper",
      "from_class_or_interface_name": "JuniorDeveloper",
      "from_class_or_interface_key": "_6gtrwXMkEDeo_eJUDuv84A",
      "from_method_name": null,
      "from_method_key": null,
      "to_file_path": "./SeniorDeveloper",
      "to_class_or_interface_key": "_ngsXcHMkEDeo_eJUDuv84A",
      "to_class_or_interface_name": "JuniorDeveloper",
      "to_method_key": null,
      "to_method_name": null,
      "data_clump_type": "fields_to_fields_data_clump",
      "data_clump_data": {
        "_8c65wHMkEDeo_eJUDuv84A": {
          "key": "_8c65wHMkEDeo_eJUDuv84A",
          "name": "UserName",
          "type": null,
          "probability": 1,
          "modifiers": [
            "public"
          ],
          "to_variable": {
            "key": "_pijhgHMkEDeo_eJUDuv84A",
            "name": "UserName",
            "type": null,
            "modifiers": [
              "public"
            ],
            "position": {}
          },
          "position": {}
        },
        "_B1rHIHMlEDeo_eJUDuv84A": {
          "key": "_B1rHIHMlEDeo_eJUDuv84A",
          "name": "Department",
          "type": null,
          "probability": 1,
          "modifiers": [
            "public"
          ],
          "to_variable": {
            "key": "_tMh44HMkEDeo_eJUDuv84A",
            "name": "Department",
            "type": null,
            "modifiers": [
              "public"
            ],
            "position": {}
          },
          "position": {}
        },
        "_FkdGAHMlEDeo_eJUDuv84A": {
          "key": "_FkdGAHMlEDeo_eJUDuv84A",
          "name": "Designation",
          "type": null,
          "probability": 1,
          "modifiers": [
            "public"
          ],
          "to_variable": {
            "key": "_wI3HIHMkEDeo_eJUDuv84A",
            "name": "Designation",
            "type": null,
            "modifiers": [
              "public"
            ],
            "position": {}
          },
          "position": {}
        }
      }
    },
    "fields_to_fields_data_clump-./Project-_hBSOkXMlEDeo_eJUDuv84A-_Ist3cXMlEDeo_eJUDuv84A-projectIdStartdateEnddate": {
      "type": "data_clump",
      "key": "fields_to_fields_data_clump-./Project-_hBSOkXMlEDeo_eJUDuv84A-_Ist3cXMlEDeo_eJUDuv84A-projectIdStartdateEnddate",
      "probability": 1,
      "from_file_path": "./Project",
      "from_class_or_interface_name": "Project",
      "from_class_or_interface_key": "_hBSOkXMlEDeo_eJUDuv84A",
      "from_method_name": null,
      "from_method_key": null,
      "to_file_path": "./SplitTask",
      "to_class_or_interface_key": "_Ist3cXMlEDeo_eJUDuv84A",
      "to_class_or_interface_name": "Project",
      "to_method_key": null,
      "to_method_name": null,
      "data_clump_type": "fields_to_fields_data_clump",
      "data_clump_data": {
        "_iKQBwXMlEDeo_eJUDuv84A": {
          "key": "_iKQBwXMlEDeo_eJUDuv84A",
          "name": "projectId",
          "type": null,
          "probability": 1,
          "modifiers": [
            "public"
          ],
          "to_variable": {
            "key": "_WaWFEXMlEDeo_eJUDuv84A",
            "name": "projectId",
            "type": null,
            "modifiers": [
              "public"
            ],
            "position": {}
          },
          "position": {}
        },
        "_qMO7MHMlEDeo_eJUDuv84A": {
          "key": "_qMO7MHMlEDeo_eJUDuv84A",
          "name": "Startdate",
          "type": null,
          "probability": 1,
          "modifiers": [
            "public"
          ],
          "to_variable": {
            "key": "_bhYQUHMlEDeo_eJUDuv84A",
            "name": "Startdate",
            "type": null,
            "modifiers": [
              "public"
            ],
            "position": {}
          },
          "position": {}
        },
        "_sEGbwHMlEDeo_eJUDuv84A": {
          "key": "_sEGbwHMlEDeo_eJUDuv84A",
          "name": "Enddate",
          "type": null,
          "probability": 1,
          "modifiers": [
            "public"
          ],
          "to_variable": {
            "key": "_dqJ6sHMlEDeo_eJUDuv84A",
            "name": "Enddate",
            "type": null,
            "modifiers": [
              "public"
            ],
            "position": {}
          },
          "position": {}
        }
      }
    },
    "fields_to_fields_data_clump-./ProjectManager-_IgLswHMkEDeo_eJUDuv84A-_3h3KcXMjEDeo_eJUDuv84A-User_NamePasswordDepartment": {
      "type": "data_clump",
      "key": "fields_to_fields_data_clump-./ProjectManager-_IgLswHMkEDeo_eJUDuv84A-_3h3KcXMjEDeo_eJUDuv84A-User_NamePasswordDepartment",
      "probability": 1,
      "from_file_path": "./ProjectManager",
      "from_class_or_interface_name": "ProjectManager",
      "from_class_or_interface_key": "_IgLswHMkEDeo_eJUDuv84A",
      "from_method_name": null,
      "from_method_key": null,
      "to_file_path": "./HR",
      "to_class_or_interface_key": "_3h3KcXMjEDeo_eJUDuv84A",
      "to_class_or_interface_name": "ProjectManager",
      "to_method_key": null,
      "to_method_name": null,
      "data_clump_type": "fields_to_fields_data_clump",
      "data_clump_data": {
        "_KRWIYHMkEDeo_eJUDuv84A": {
          "key": "_KRWIYHMkEDeo_eJUDuv84A",
          "name": "User_Name",
          "type": null,
          "probability": 1,
          "modifiers": [
            "public"
          ],
          "to_variable": {
            "key": "_5PLn4HMjEDeo_eJUDuv84A",
            "name": "User_Name",
            "type": null,
            "modifiers": [
              "public"
            ],
            "position": {}
          },
          "position": {}
        },
        "_MZAYcHMkEDeo_eJUDuv84A": {
          "key": "_MZAYcHMkEDeo_eJUDuv84A",
          "name": "Password",
          "type": null,
          "probability": 1,
          "modifiers": [
            "protected"
          ],
          "to_variable": {
            "key": "_-AmvgHMjEDeo_eJUDuv84A",
            "name": "Password",
            "type": null,
            "modifiers": [
              "protected"
            ],
            "position": {}
          },
          "position": {}
        },
        "_N2XuUHMkEDeo_eJUDuv84A": {
          "key": "_N2XuUHMkEDeo_eJUDuv84A",
          "name": "Department",
          "type": null,
          "probability": 1,
          "modifiers": [
            "public"
          ],
          "to_variable": {
            "key": "_DowDwHMkEDeo_eJUDuv84A",
            "name": "Department",
            "type": null,
            "modifiers": [
              "public"
            ],
            "position": {}
          },
          "position": {}
        }
      }
    },
    "fields_to_fields_data_clump-./SeniorDeveloper-_ngsXcHMkEDeo_eJUDuv84A-_6gtrwXMkEDeo_eJUDuv84A-UserNameDepartmentDesignation": {
      "type": "data_clump",
      "key": "fields_to_fields_data_clump-./SeniorDeveloper-_ngsXcHMkEDeo_eJUDuv84A-_6gtrwXMkEDeo_eJUDuv84A-UserNameDepartmentDesignation",
      "probability": 1,
      "from_file_path": "./SeniorDeveloper",
      "from_class_or_interface_name": "SeniorDeveloper",
      "from_class_or_interface_key": "_ngsXcHMkEDeo_eJUDuv84A",
      "from_method_name": null,
      "from_method_key": null,
      "to_file_path": "./JuniorDeveloper",
      "to_class_or_interface_key": "_6gtrwXMkEDeo_eJUDuv84A",
      "to_class_or_interface_name": "SeniorDeveloper",
      "to_method_key": null,
      "to_method_name": null,
      "data_clump_type": "fields_to_fields_data_clump",
      "data_clump_data": {
        "_pijhgHMkEDeo_eJUDuv84A": {
          "key": "_pijhgHMkEDeo_eJUDuv84A",
          "name": "UserName",
          "type": null,
          "probability": 1,
          "modifiers": [
            "public"
          ],
          "to_variable": {
            "key": "_8c65wHMkEDeo_eJUDuv84A",
            "name": "UserName",
            "type": null,
            "modifiers": [
              "public"
            ],
            "position": {}
          },
          "position": {}
        },
        "_tMh44HMkEDeo_eJUDuv84A": {
          "key": "_tMh44HMkEDeo_eJUDuv84A",
          "name": "Department",
          "type": null,
          "probability": 1,
          "modifiers": [
            "public"
          ],
          "to_variable": {
            "key": "_B1rHIHMlEDeo_eJUDuv84A",
            "name": "Department",
            "type": null,
            "modifiers": [
              "public"
            ],
            "position": {}
          },
          "position": {}
        },
        "_wI3HIHMkEDeo_eJUDuv84A": {
          "key": "_wI3HIHMkEDeo_eJUDuv84A",
          "name": "Designation",
          "type": null,
          "probability": 1,
          "modifiers": [
            "public"
          ],
          "to_variable": {
            "key": "_FkdGAHMlEDeo_eJUDuv84A",
            "name": "Designation",
            "type": null,
            "modifiers": [
              "public"
            ],
            "position": {}
          },
          "position": {}
        }
      }
    },
    "fields_to_fields_data_clump-./SplitTask-_Ist3cXMlEDeo_eJUDuv84A-_hBSOkXMlEDeo_eJUDuv84A-projectIdStartdateEnddate": {
      "type": "data_clump",
      "key": "fields_to_fields_data_clump-./SplitTask-_Ist3cXMlEDeo_eJUDuv84A-_hBSOkXMlEDeo_eJUDuv84A-projectIdStartdateEnddate",
      "probability": 1,
      "from_file_path": "./SplitTask",
      "from_class_or_interface_name": "SplitTask",
      "from_class_or_interface_key": "_Ist3cXMlEDeo_eJUDuv84A",
      "from_method_name": null,
      "from_method_key": null,
      "to_file_path": "./Project",
      "to_class_or_interface_key": "_hBSOkXMlEDeo_eJUDuv84A",
      "to_class_or_interface_name": "SplitTask",
      "to_method_key": null,
      "to_method_name": null,
      "data_clump_type": "fields_to_fields_data_clump",
      "data_clump_data": {
        "_WaWFEXMlEDeo_eJUDuv84A": {
          "key": "_WaWFEXMlEDeo_eJUDuv84A",
          "name": "projectId",
          "type": null,
          "probability": 1,
          "modifiers": [
            "public"
          ],
          "to_variable": {
            "key": "_iKQBwXMlEDeo_eJUDuv84A",
            "name": "projectId",
            "type": null,
            "modifiers": [
              "public"
            ],
            "position": {}
          },
          "position": {}
        },
        "_bhYQUHMlEDeo_eJUDuv84A": {
          "key": "_bhYQUHMlEDeo_eJUDuv84A",
          "name": "Startdate",
          "type": null,
          "probability": 1,
          "modifiers": [
            "public"
          ],
          "to_variable": {
            "key": "_qMO7MHMlEDeo_eJUDuv84A",
            "name": "Startdate",
            "type": null,
            "modifiers": [
              "public"
            ],
            "position": {}
          },
          "position": {}
        },
        "_dqJ6sHMlEDeo_eJUDuv84A": {
          "key": "_dqJ6sHMlEDeo_eJUDuv84A",
          "name": "Enddate",
          "type": null,
          "probability": 1,
          "modifiers": [
            "public"
          ],
          "to_variable": {
            "key": "_sEGbwHMlEDeo_eJUDuv84A",
            "name": "Enddate",
            "type": null,
            "modifiers": [
              "public"
            ],
            "position": {}
          },
          "position": {}
        }
      }
    }
  }
}