{
  "report_version": "unknown",
  "report_timestamp": "2025-03-26T23:04:12.653Z",
  "target_language": "java",
  "report_summary": {
    "additional": null,
    "amount_classes_or_interfaces_with_data_clumps": 2,
    "amount_files_with_data_clumps": 2,
    "amount_methods_with_data_clumps": 2,
    "fields_to_fields_data_clump": 0,
    "parameters_to_fields_data_clump": 0,
    "parameters_to_parameters_data_clump": 2,
    "amount_data_clumps": 2
  },
  "project_info": {
    "project_url": "unknown_project_url",
    "project_name": "3c23fec8-8a4a-4ed2-940c-c178fe5bce75",
    "project_version": "unknown_project_version",
    "project_commit_hash": "unknown",
    "project_tag": null,
    "project_commit_date": null,
    "additional": {},
    "number_of_files": 49,
    "number_of_classes_or_interfaces": 49,
    "number_of_methods": 49,
    "number_of_data_fields": 87,
    "number_of_method_parameters": 51
  },
  "detector": {
    "name": "data-clumps-doctor",
    "url": "https://github.com/NilsBaumgartner1994/data-clumps-doctor",
    "version": "0.1.100",
    "options": {
      "typeVariablesConsidered": false,
      "similarityModifierOfVariablesWithUnknownType": 0,
      "fieldsOfClassesWithUnknownHierarchyProbabilityModifier": 0,
      "sharedFieldsToFieldsAmountMinimum": 3,
      "analyseFieldsInClassesOrInterfacesInheritedFromSuperClassesOrInterfaces": false,
      "sharedParametersToParametersAmountMinimum": 3,
      "sharedParametersToFieldsAmountMinimum": 3,
      "methodsOfClassesOrInterfacesWithUnknownHierarchyProbabilityModifier": 0
    }
  },
  "data_clumps": {
    "parameters_to_parameters_data_clump-./EmployeeManager-_mckNEFSAEDKTvvUgV75XTw-_EMkTkDQ_EDKY5YRZQABIGQ-:IEmployee:Event:Event:Event:Event": {
      "type": "data_clump",
      "key": "parameters_to_parameters_data_clump-./EmployeeManager-_mckNEFSAEDKTvvUgV75XTw-_EMkTkDQ_EDKY5YRZQABIGQ-:IEmployee:Event:Event:Event:Event",
      "probability": 1,
      "from_file_path": "./EmployeeManager",
      "from_class_or_interface_name": "EmployeeManager",
      "from_class_or_interface_key": "_OIDUADQ5EDKY5YRZQABIGQ",
      "from_method_name": "EditEmployeeSchedule",
      "from_method_key": "_mckNEFSAEDKTvvUgV75XTw",
      "to_file_path": "./EmployeePlanning",
      "to_class_or_interface_name": "EmployeePlanning",
      "to_class_or_interface_key": "_Dy-pACbEEDKFHc0wyvRXPQ",
      "to_method_name": "EditEmployeeSchedule",
      "to_method_key": "_EMkTkDQ_EDKY5YRZQABIGQ",
      "data_clump_type": "parameters_to_parameters_data_clump",
      "data_clump_data": {
        "_mcnQYFSAEDKTvvUgV75XTw": {
          "key": "_mcnQYFSAEDKTvvUgV75XTw",
          "name": ":IEmployee",
          "type": null,
          "probability": 1,
          "modifiers": [],
          "to_variable": {
            "key": "_XAsg8DQ_EDKY5YRZQABIGQ",
            "name": ":IEmployee",
            "type": null,
            "modifiers": [],
            "position": {}
          },
          "position": {}
        },
        "_mcnQYVSAEDKTvvUgV75XTw": {
          "key": "_mcnQYVSAEDKTvvUgV75XTw",
          "name": ":Event",
          "type": null,
          "probability": 1,
          "modifiers": [],
          "to_variable": {
            "key": "_Xfgj4DQ_EDKY5YRZQABIGQ",
            "name": ":Event",
            "type": null,
            "modifiers": [],
            "position": {}
          },
          "position": {}
        },
        "_mcn3cFSAEDKTvvUgV75XTw": {
          "key": "_mcn3cFSAEDKTvvUgV75XTw",
          "name": ":Event",
          "type": null,
          "probability": 1,
          "modifiers": [],
          "to_variable": {
            "key": "_Xfgj4DQ_EDKY5YRZQABIGQ",
            "name": ":Event",
            "type": null,
            "modifiers": [],
            "position": {}
          },
          "position": {}
        }
      }
    },
    "parameters_to_parameters_data_clump-./EmployeePlanning-_EMkTkDQ_EDKY5YRZQABIGQ-_mckNEFSAEDKTvvUgV75XTw-:IEmployee:Event:Event:Event:Event": {
      "type": "data_clump",
      "key": "parameters_to_parameters_data_clump-./EmployeePlanning-_EMkTkDQ_EDKY5YRZQABIGQ-_mckNEFSAEDKTvvUgV75XTw-:IEmployee:Event:Event:Event:Event",
      "probability": 1,
      "from_file_path": "./EmployeePlanning",
      "from_class_or_interface_name": "EmployeePlanning",
      "from_class_or_interface_key": "_Dy-pACbEEDKFHc0wyvRXPQ",
      "from_method_name": "EditEmployeeSchedule",
      "from_method_key": "_EMkTkDQ_EDKY5YRZQABIGQ",
      "to_file_path": "./EmployeeManager",
      "to_class_or_interface_name": "EmployeeManager",
      "to_class_or_interface_key": "_OIDUADQ5EDKY5YRZQABIGQ",
      "to_method_name": "EditEmployeeSchedule",
      "to_method_key": "_mckNEFSAEDKTvvUgV75XTw",
      "data_clump_type": "parameters_to_parameters_data_clump",
      "data_clump_data": {
        "_XAsg8DQ_EDKY5YRZQABIGQ": {
          "key": "_XAsg8DQ_EDKY5YRZQABIGQ",
          "name": ":IEmployee",
          "type": null,
          "probability": 1,
          "modifiers": [],
          "to_variable": {
            "key": "_mcnQYFSAEDKTvvUgV75XTw",
            "name": ":IEmployee",
            "type": null,
            "modifiers": [],
            "position": {}
          },
          "position": {}
        },
        "_XU3aIDQ_EDKY5YRZQABIGQ": {
          "key": "_XU3aIDQ_EDKY5YRZQABIGQ",
          "name": ":Event",
          "type": null,
          "probability": 1,
          "modifiers": [],
          "to_variable": {
            "key": "_mcn3cFSAEDKTvvUgV75XTw",
            "name": ":Event",
            "type": null,
            "modifiers": [],
            "position": {}
          },
          "position": {}
        },
        "_Xfgj4DQ_EDKY5YRZQABIGQ": {
          "key": "_Xfgj4DQ_EDKY5YRZQABIGQ",
          "name": ":Event",
          "type": null,
          "probability": 1,
          "modifiers": [],
          "to_variable": {
            "key": "_mcn3cFSAEDKTvvUgV75XTw",
            "name": ":Event",
            "type": null,
            "modifiers": [],
            "position": {}
          },
          "position": {}
        }
      }
    }
  }
}