{
  "report_version": "unknown",
  "report_timestamp": "2025-03-26T22:04:32.948Z",
  "target_language": "java",
  "report_summary": {
    "additional": null,
    "amount_classes_or_interfaces_with_data_clumps": 1,
    "amount_files_with_data_clumps": 1,
    "amount_methods_with_data_clumps": 2,
    "fields_to_fields_data_clump": 0,
    "parameters_to_fields_data_clump": 0,
    "parameters_to_parameters_data_clump": 2,
    "amount_data_clumps": 2
  },
  "project_info": {
    "project_url": "unknown_project_url",
    "project_name": "_DFuawA85EeSTV6l4790RsQ",
    "project_version": "unknown_project_version",
    "project_commit_hash": "unknown",
    "project_tag": null,
    "project_commit_date": null,
    "additional": {},
    "number_of_files": 9,
    "number_of_classes_or_interfaces": 9,
    "number_of_methods": 8,
    "number_of_data_fields": 22,
    "number_of_method_parameters": 13
  },
  "detector": {
    "name": "data-clumps-doctor",
    "url": "https://github.com/NilsBaumgartner1994/data-clumps-doctor",
    "version": "0.1.100",
    "options": {
      "typeVariablesConsidered": false,
      "similarityModifierOfVariablesWithUnknownType": 0,
      "fieldsOfClassesWithUnknownHierarchyProbabilityModifier": 0,
      "sharedFieldsToFieldsAmountMinimum": 3,
      "analyseFieldsInClassesOrInterfacesInheritedFromSuperClassesOrInterfaces": false,
      "sharedParametersToParametersAmountMinimum": 3,
      "sharedParametersToFieldsAmountMinimum": 3,
      "methodsOfClassesOrInterfacesWithUnknownHierarchyProbabilityModifier": 0
    }
  },
  "data_clumps": {
    "parameters_to_parameters_data_clump-./ADM-_EyarIPFuEDGikrDeN5tzXw-_inonYPFuEDGikrDeN5tzXw-parameterparameter2parameter3": {
      "type": "data_clump",
      "key": "parameters_to_parameters_data_clump-./ADM-_EyarIPFuEDGikrDeN5tzXw-_inonYPFuEDGikrDeN5tzXw-parameterparameter2parameter3",
      "probability": 1,
      "from_file_path": "./ADM",
      "from_class_or_interface_name": "ADM",
      "from_class_or_interface_key": "_HZDdkPFrEDGikrDeN5tzXw",
      "from_method_name": "vender",
      "from_method_key": "_EyarIPFuEDGikrDeN5tzXw",
      "to_file_path": "./ADM",
      "to_class_or_interface_name": "ADM",
      "to_class_or_interface_key": "_HZDdkPFrEDGikrDeN5tzXw",
      "to_method_name": "compra",
      "to_method_key": "_inonYPFuEDGikrDeN5tzXw",
      "data_clump_type": "parameters_to_parameters_data_clump",
      "data_clump_data": {
        "_HgaicPFuEDGikrDeN5tzXw": {
          "key": "_HgaicPFuEDGikrDeN5tzXw",
          "name": "parameter",
          "type": null,
          "probability": 1,
          "modifiers": [],
          "to_variable": {
            "key": "_k8iCMPFuEDGikrDeN5tzXw",
            "name": "parameter",
            "type": null,
            "modifiers": [],
            "position": {}
          },
          "position": {}
        },
        "_MC8ScPFuEDGikrDeN5tzXw": {
          "key": "_MC8ScPFuEDGikrDeN5tzXw",
          "name": "parameter2",
          "type": null,
          "probability": 1,
          "modifiers": [],
          "to_variable": {
            "key": "_m_95kPFuEDGikrDeN5tzXw",
            "name": "parameter2",
            "type": null,
            "modifiers": [],
            "position": {}
          },
          "position": {}
        },
        "_MljQQPFuEDGikrDeN5tzXw": {
          "key": "_MljQQPFuEDGikrDeN5tzXw",
          "name": "parameter3",
          "type": null,
          "probability": 1,
          "modifiers": [],
          "to_variable": {
            "key": "_0Z2r0PFuEDGikrDeN5tzXw",
            "name": "parameter3",
            "type": null,
            "modifiers": [],
            "position": {}
          },
          "position": {}
        }
      }
    },
    "parameters_to_parameters_data_clump-./ADM-_inonYPFuEDGikrDeN5tzXw-_EyarIPFuEDGikrDeN5tzXw-parameterparameter2parameter3": {
      "type": "data_clump",
      "key": "parameters_to_parameters_data_clump-./ADM-_inonYPFuEDGikrDeN5tzXw-_EyarIPFuEDGikrDeN5tzXw-parameterparameter2parameter3",
      "probability": 1,
      "from_file_path": "./ADM",
      "from_class_or_interface_name": "ADM",
      "from_class_or_interface_key": "_HZDdkPFrEDGikrDeN5tzXw",
      "from_method_name": "compra",
      "from_method_key": "_inonYPFuEDGikrDeN5tzXw",
      "to_file_path": "./ADM",
      "to_class_or_interface_name": "ADM",
      "to_class_or_interface_key": "_HZDdkPFrEDGikrDeN5tzXw",
      "to_method_name": "vender",
      "to_method_key": "_EyarIPFuEDGikrDeN5tzXw",
      "data_clump_type": "parameters_to_parameters_data_clump",
      "data_clump_data": {
        "_k8iCMPFuEDGikrDeN5tzXw": {
          "key": "_k8iCMPFuEDGikrDeN5tzXw",
          "name": "parameter",
          "type": null,
          "probability": 1,
          "modifiers": [],
          "to_variable": {
            "key": "_HgaicPFuEDGikrDeN5tzXw",
            "name": "parameter",
            "type": null,
            "modifiers": [],
            "position": {}
          },
          "position": {}
        },
        "_m_95kPFuEDGikrDeN5tzXw": {
          "key": "_m_95kPFuEDGikrDeN5tzXw",
          "name": "parameter2",
          "type": null,
          "probability": 1,
          "modifiers": [],
          "to_variable": {
            "key": "_MC8ScPFuEDGikrDeN5tzXw",
            "name": "parameter2",
            "type": null,
            "modifiers": [],
            "position": {}
          },
          "position": {}
        },
        "_0Z2r0PFuEDGikrDeN5tzXw": {
          "key": "_0Z2r0PFuEDGikrDeN5tzXw",
          "name": "parameter3",
          "type": null,
          "probability": 1,
          "modifiers": [],
          "to_variable": {
            "key": "_MljQQPFuEDGikrDeN5tzXw",
            "name": "parameter3",
            "type": null,
            "modifiers": [],
            "position": {}
          },
          "position": {}
        }
      }
    }
  }
}