{
  "report_version": "unknown",
  "report_timestamp": "2025-03-26T22:41:30.179Z",
  "target_language": "java",
  "report_summary": {
    "additional": null,
    "amount_classes_or_interfaces_with_data_clumps": 7,
    "amount_files_with_data_clumps": 7,
    "amount_methods_with_data_clumps": 0,
    "fields_to_fields_data_clump": 32,
    "parameters_to_fields_data_clump": 0,
    "parameters_to_parameters_data_clump": 0,
    "amount_data_clumps": 32
  },
  "project_info": {
    "project_url": "unknown_project_url",
    "project_name": "_NTCLUIYjEeaY2ZFk8hIg9A",
    "project_version": "unknown_project_version",
    "project_commit_hash": "unknown",
    "project_tag": null,
    "project_commit_date": null,
    "additional": {},
    "number_of_files": 8,
    "number_of_classes_or_interfaces": 8,
    "number_of_methods": 14,
    "number_of_data_fields": 33,
    "number_of_method_parameters": 0
  },
  "detector": {
    "name": "data-clumps-doctor",
    "url": "https://github.com/NilsBaumgartner1994/data-clumps-doctor",
    "version": "0.1.100",
    "options": {
      "typeVariablesConsidered": false,
      "similarityModifierOfVariablesWithUnknownType": 0,
      "fieldsOfClassesWithUnknownHierarchyProbabilityModifier": 0,
      "sharedFieldsToFieldsAmountMinimum": 3,
      "analyseFieldsInClassesOrInterfacesInheritedFromSuperClassesOrInterfaces": false,
      "sharedParametersToParametersAmountMinimum": 3,
      "sharedParametersToFieldsAmountMinimum": 3,
      "methodsOfClassesOrInterfacesWithUnknownHierarchyProbabilityModifier": 0
    }
  },
  "data_clumps": {
    "fields_to_fields_data_clump-./Bank-_cxyAQGiuEDSRVbxIMT5BYw-_QDpWMGitEDSRVbxIMT5BYw-namecontact_noaddress": {
      "type": "data_clump",
      "key": "fields_to_fields_data_clump-./Bank-_cxyAQGiuEDSRVbxIMT5BYw-_QDpWMGitEDSRVbxIMT5BYw-namecontact_noaddress",
      "probability": 1,
      "from_file_path": "./Bank",
      "from_class_or_interface_name": "Bank",
      "from_class_or_interface_key": "_cxyAQGiuEDSRVbxIMT5BYw",
      "from_method_name": null,
      "from_method_key": null,
      "to_file_path": "./Doctor",
      "to_class_or_interface_key": "_QDpWMGitEDSRVbxIMT5BYw",
      "to_class_or_interface_name": "Bank",
      "to_method_key": null,
      "to_method_name": null,
      "data_clump_type": "fields_to_fields_data_clump",
      "data_clump_data": {
        "_eh4E4GiuEDSRVbxIMT5BYw": {
          "key": "_eh4E4GiuEDSRVbxIMT5BYw",
          "name": "name",
          "type": null,
          "probability": 1,
          "modifiers": [
            "public"
          ],
          "to_variable": {
            "key": "_RHFJIGitEDSRVbxIMT5BYw",
            "name": "name",
            "type": null,
            "modifiers": [
              "public"
            ],
            "position": {}
          },
          "position": {}
        },
        "_e03SUGiuEDSRVbxIMT5BYw": {
          "key": "_e03SUGiuEDSRVbxIMT5BYw",
          "name": "contact_no",
          "type": null,
          "probability": 1,
          "modifiers": [
            "public"
          ],
          "to_variable": {
            "key": "_pFeb8GitEDSRVbxIMT5BYw",
            "name": "contact_no",
            "type": null,
            "modifiers": [
              "public"
            ],
            "position": {}
          },
          "position": {}
        },
        "_lx1EcGiuEDSRVbxIMT5BYw": {
          "key": "_lx1EcGiuEDSRVbxIMT5BYw",
          "name": "address",
          "type": null,
          "probability": 1,
          "modifiers": [
            "public"
          ],
          "to_variable": {
            "key": "_o_d6kGitEDSRVbxIMT5BYw",
            "name": "address",
            "type": null,
            "modifiers": [
              "public"
            ],
            "position": {}
          },
          "position": {}
        }
      }
    },
    "fields_to_fields_data_clump-./Bank-_cxyAQGiuEDSRVbxIMT5BYw-_867gQGipEDSRVbxIMT5BYw-namecontact_noaddress": {
      "type": "data_clump",
      "key": "fields_to_fields_data_clump-./Bank-_cxyAQGiuEDSRVbxIMT5BYw-_867gQGipEDSRVbxIMT5BYw-namecontact_noaddress",
      "probability": 1,
      "from_file_path": "./Bank",
      "from_class_or_interface_name": "Bank",
      "from_class_or_interface_key": "_cxyAQGiuEDSRVbxIMT5BYw",
      "from_method_name": null,
      "from_method_key": null,
      "to_file_path": "./Donor",
      "to_class_or_interface_key": "_867gQGipEDSRVbxIMT5BYw",
      "to_class_or_interface_name": "Bank",
      "to_method_key": null,
      "to_method_name": null,
      "data_clump_type": "fields_to_fields_data_clump",
      "data_clump_data": {
        "_eh4E4GiuEDSRVbxIMT5BYw": {
          "key": "_eh4E4GiuEDSRVbxIMT5BYw",
          "name": "name",
          "type": null,
          "probability": 1,
          "modifiers": [
            "public"
          ],
          "to_variable": {
            "key": "_IwOTQGiqEDSRVbxIMT5BYw",
            "name": "name",
            "type": null,
            "modifiers": [
              "public"
            ],
            "position": {}
          },
          "position": {}
        },
        "_e03SUGiuEDSRVbxIMT5BYw": {
          "key": "_e03SUGiuEDSRVbxIMT5BYw",
          "name": "contact_no",
          "type": null,
          "probability": 1,
          "modifiers": [
            "public"
          ],
          "to_variable": {
            "key": "_Su1RcGiqEDSRVbxIMT5BYw",
            "name": "contact_no",
            "type": null,
            "modifiers": [
              "public"
            ],
            "position": {}
          },
          "position": {}
        },
        "_lx1EcGiuEDSRVbxIMT5BYw": {
          "key": "_lx1EcGiuEDSRVbxIMT5BYw",
          "name": "address",
          "type": null,
          "probability": 1,
          "modifiers": [
            "public"
          ],
          "to_variable": {
            "key": "_N6TLcGiqEDSRVbxIMT5BYw",
            "name": "address",
            "type": null,
            "modifiers": [
              "public"
            ],
            "position": {}
          },
          "position": {}
        }
      }
    },
    "fields_to_fields_data_clump-./Bank-_cxyAQGiuEDSRVbxIMT5BYw-_0JEPwGiuEDSRVbxIMT5BYw-nameiso_permissionaddress": {
      "type": "data_clump",
      "key": "fields_to_fields_data_clump-./Bank-_cxyAQGiuEDSRVbxIMT5BYw-_0JEPwGiuEDSRVbxIMT5BYw-nameiso_permissionaddress",
      "probability": 1,
      "from_file_path": "./Bank",
      "from_class_or_interface_name": "Bank",
      "from_class_or_interface_key": "_cxyAQGiuEDSRVbxIMT5BYw",
      "from_method_name": null,
      "from_method_key": null,
      "to_file_path": "./Hospital",
      "to_class_or_interface_key": "_0JEPwGiuEDSRVbxIMT5BYw",
      "to_class_or_interface_name": "Bank",
      "to_method_key": null,
      "to_method_name": null,
      "data_clump_type": "fields_to_fields_data_clump",
      "data_clump_data": {
        "_eh4E4GiuEDSRVbxIMT5BYw": {
          "key": "_eh4E4GiuEDSRVbxIMT5BYw",
          "name": "name",
          "type": null,
          "probability": 1,
          "modifiers": [
            "public"
          ],
          "to_variable": {
            "key": "_3EUf8GiuEDSRVbxIMT5BYw",
            "name": "name",
            "type": null,
            "modifiers": [
              "public"
            ],
            "position": {}
          },
          "position": {}
        },
        "_evb_wGiuEDSRVbxIMT5BYw": {
          "key": "_evb_wGiuEDSRVbxIMT5BYw",
          "name": "iso_permission",
          "type": null,
          "probability": 1,
          "modifiers": [
            "public"
          ],
          "to_variable": {
            "key": "_3Sv9gGiuEDSRVbxIMT5BYw",
            "name": "iso_permission",
            "type": null,
            "modifiers": [
              "public"
            ],
            "position": {}
          },
          "position": {}
        },
        "_lx1EcGiuEDSRVbxIMT5BYw": {
          "key": "_lx1EcGiuEDSRVbxIMT5BYw",
          "name": "address",
          "type": null,
          "probability": 1,
          "modifiers": [
            "public"
          ],
          "to_variable": {
            "key": "_3cgWcGiuEDSRVbxIMT5BYw",
            "name": "address",
            "type": null,
            "modifiers": [
              "public"
            ],
            "position": {}
          },
          "position": {}
        }
      }
    },
    "fields_to_fields_data_clump-./Bank-_cxyAQGiuEDSRVbxIMT5BYw-_HdC3UGiuEDSRVbxIMT5BYw-namecontact_noaddress": {
      "type": "data_clump",
      "key": "fields_to_fields_data_clump-./Bank-_cxyAQGiuEDSRVbxIMT5BYw-_HdC3UGiuEDSRVbxIMT5BYw-namecontact_noaddress",
      "probability": 1,
      "from_file_path": "./Bank",
      "from_class_or_interface_name": "Bank",
      "from_class_or_interface_key": "_cxyAQGiuEDSRVbxIMT5BYw",
      "from_method_name": null,
      "from_method_key": null,
      "to_file_path": "./Labtechnician",
      "to_class_or_interface_key": "_HdC3UGiuEDSRVbxIMT5BYw",
      "to_class_or_interface_name": "Bank",
      "to_method_key": null,
      "to_method_name": null,
      "data_clump_type": "fields_to_fields_data_clump",
      "data_clump_data": {
        "_eh4E4GiuEDSRVbxIMT5BYw": {
          "key": "_eh4E4GiuEDSRVbxIMT5BYw",
          "name": "name",
          "type": null,
          "probability": 1,
          "modifiers": [
            "public"
          ],
          "to_variable": {
            "key": "_JK3EAGiuEDSRVbxIMT5BYw",
            "name": "name",
            "type": null,
            "modifiers": [
              "public"
            ],
            "position": {}
          },
          "position": {}
        },
        "_e03SUGiuEDSRVbxIMT5BYw": {
          "key": "_e03SUGiuEDSRVbxIMT5BYw",
          "name": "contact_no",
          "type": null,
          "probability": 1,
          "modifiers": [
            "public"
          ],
          "to_variable": {
            "key": "_Jf3DoGiuEDSRVbxIMT5BYw",
            "name": "contact_no",
            "type": null,
            "modifiers": [
              "public"
            ],
            "position": {}
          },
          "position": {}
        },
        "_lx1EcGiuEDSRVbxIMT5BYw": {
          "key": "_lx1EcGiuEDSRVbxIMT5BYw",
          "name": "address",
          "type": null,
          "probability": 1,
          "modifiers": [
            "public"
          ],
          "to_variable": {
            "key": "_JsgYgGiuEDSRVbxIMT5BYw",
            "name": "address",
            "type": null,
            "modifiers": [
              "public"
            ],
            "position": {}
          },
          "position": {}
        }
      }
    },
    "fields_to_fields_data_clump-./Bank-_cxyAQGiuEDSRVbxIMT5BYw-_mpkFEGirEDSRVbxIMT5BYw-namecontact_noaddress": {
      "type": "data_clump",
      "key": "fields_to_fields_data_clump-./Bank-_cxyAQGiuEDSRVbxIMT5BYw-_mpkFEGirEDSRVbxIMT5BYw-namecontact_noaddress",
      "probability": 1,
      "from_file_path": "./Bank",
      "from_class_or_interface_name": "Bank",
      "from_class_or_interface_key": "_cxyAQGiuEDSRVbxIMT5BYw",
      "from_method_name": null,
      "from_method_key": null,
      "to_file_path": "./Nurse",
      "to_class_or_interface_key": "_mpkFEGirEDSRVbxIMT5BYw",
      "to_class_or_interface_name": "Bank",
      "to_method_key": null,
      "to_method_name": null,
      "data_clump_type": "fields_to_fields_data_clump",
      "data_clump_data": {
        "_eh4E4GiuEDSRVbxIMT5BYw": {
          "key": "_eh4E4GiuEDSRVbxIMT5BYw",
          "name": "name",
          "type": null,
          "probability": 1,
          "modifiers": [
            "public"
          ],
          "to_variable": {
            "key": "_oJSycGirEDSRVbxIMT5BYw",
            "name": "name",
            "type": null,
            "modifiers": [
              "public"
            ],
            "position": {}
          },
          "position": {}
        },
        "_e03SUGiuEDSRVbxIMT5BYw": {
          "key": "_e03SUGiuEDSRVbxIMT5BYw",
          "name": "contact_no",
          "type": null,
          "probability": 1,
          "modifiers": [
            "public"
          ],
          "to_variable": {
            "key": "_omrSAGirEDSRVbxIMT5BYw",
            "name": "contact_no",
            "type": null,
            "modifiers": [
              "public"
            ],
            "position": {}
          },
          "position": {}
        },
        "_lx1EcGiuEDSRVbxIMT5BYw": {
          "key": "_lx1EcGiuEDSRVbxIMT5BYw",
          "name": "address",
          "type": null,
          "probability": 1,
          "modifiers": [
            "public"
          ],
          "to_variable": {
            "key": "_os5OwGirEDSRVbxIMT5BYw",
            "name": "address",
            "type": null,
            "modifiers": [
              "public"
            ],
            "position": {}
          },
          "position": {}
        }
      }
    },
    "fields_to_fields_data_clump-./Bank-_cxyAQGiuEDSRVbxIMT5BYw-_n3588GiqEDSRVbxIMT5BYw-namecontact_noaddress": {
      "type": "data_clump",
      "key": "fields_to_fields_data_clump-./Bank-_cxyAQGiuEDSRVbxIMT5BYw-_n3588GiqEDSRVbxIMT5BYw-namecontact_noaddress",
      "probability": 1,
      "from_file_path": "./Bank",
      "from_class_or_interface_name": "Bank",
      "from_class_or_interface_key": "_cxyAQGiuEDSRVbxIMT5BYw",
      "from_method_name": null,
      "from_method_key": null,
      "to_file_path": "./Recptionist",
      "to_class_or_interface_key": "_n3588GiqEDSRVbxIMT5BYw",
      "to_class_or_interface_name": "Bank",
      "to_method_key": null,
      "to_method_name": null,
      "data_clump_type": "fields_to_fields_data_clump",
      "data_clump_data": {
        "_eh4E4GiuEDSRVbxIMT5BYw": {
          "key": "_eh4E4GiuEDSRVbxIMT5BYw",
          "name": "name",
          "type": null,
          "probability": 1,
          "modifiers": [
            "public"
          ],
          "to_variable": {
            "key": "_qBI6UGiqEDSRVbxIMT5BYw",
            "name": "name",
            "type": null,
            "modifiers": [
              "public"
            ],
            "position": {}
          },
          "position": {}
        },
        "_e03SUGiuEDSRVbxIMT5BYw": {
          "key": "_e03SUGiuEDSRVbxIMT5BYw",
          "name": "contact_no",
          "type": null,
          "probability": 1,
          "modifiers": [
            "public"
          ],
          "to_variable": {
            "key": "_z9IpYGiqEDSRVbxIMT5BYw",
            "name": "contact_no",
            "type": null,
            "modifiers": [
              "public"
            ],
            "position": {}
          },
          "position": {}
        },
        "_lx1EcGiuEDSRVbxIMT5BYw": {
          "key": "_lx1EcGiuEDSRVbxIMT5BYw",
          "name": "address",
          "type": null,
          "probability": 1,
          "modifiers": [
            "public"
          ],
          "to_variable": {
            "key": "_yebPsGiqEDSRVbxIMT5BYw",
            "name": "address",
            "type": null,
            "modifiers": [
              "public"
            ],
            "position": {}
          },
          "position": {}
        }
      }
    },
    "fields_to_fields_data_clump-./Doctor-_QDpWMGitEDSRVbxIMT5BYw-_cxyAQGiuEDSRVbxIMT5BYw-nameaddresscontact_no": {
      "type": "data_clump",
      "key": "fields_to_fields_data_clump-./Doctor-_QDpWMGitEDSRVbxIMT5BYw-_cxyAQGiuEDSRVbxIMT5BYw-nameaddresscontact_no",
      "probability": 1,
      "from_file_path": "./Doctor",
      "from_class_or_interface_name": "Doctor",
      "from_class_or_interface_key": "_QDpWMGitEDSRVbxIMT5BYw",
      "from_method_name": null,
      "from_method_key": null,
      "to_file_path": "./Bank",
      "to_class_or_interface_key": "_cxyAQGiuEDSRVbxIMT5BYw",
      "to_class_or_interface_name": "Doctor",
      "to_method_key": null,
      "to_method_name": null,
      "data_clump_type": "fields_to_fields_data_clump",
      "data_clump_data": {
        "_RHFJIGitEDSRVbxIMT5BYw": {
          "key": "_RHFJIGitEDSRVbxIMT5BYw",
          "name": "name",
          "type": null,
          "probability": 1,
          "modifiers": [
            "public"
          ],
          "to_variable": {
            "key": "_eh4E4GiuEDSRVbxIMT5BYw",
            "name": "name",
            "type": null,
            "modifiers": [
              "public"
            ],
            "position": {}
          },
          "position": {}
        },
        "_o_d6kGitEDSRVbxIMT5BYw": {
          "key": "_o_d6kGitEDSRVbxIMT5BYw",
          "name": "address",
          "type": null,
          "probability": 1,
          "modifiers": [
            "public"
          ],
          "to_variable": {
            "key": "_lx1EcGiuEDSRVbxIMT5BYw",
            "name": "address",
            "type": null,
            "modifiers": [
              "public"
            ],
            "position": {}
          },
          "position": {}
        },
        "_pFeb8GitEDSRVbxIMT5BYw": {
          "key": "_pFeb8GitEDSRVbxIMT5BYw",
          "name": "contact_no",
          "type": null,
          "probability": 1,
          "modifiers": [
            "public"
          ],
          "to_variable": {
            "key": "_e03SUGiuEDSRVbxIMT5BYw",
            "name": "contact_no",
            "type": null,
            "modifiers": [
              "public"
            ],
            "position": {}
          },
          "position": {}
        }
      }
    },
    "fields_to_fields_data_clump-./Doctor-_QDpWMGitEDSRVbxIMT5BYw-_867gQGipEDSRVbxIMT5BYw-nameaddresscontact_no": {
      "type": "data_clump",
      "key": "fields_to_fields_data_clump-./Doctor-_QDpWMGitEDSRVbxIMT5BYw-_867gQGipEDSRVbxIMT5BYw-nameaddresscontact_no",
      "probability": 1,
      "from_file_path": "./Doctor",
      "from_class_or_interface_name": "Doctor",
      "from_class_or_interface_key": "_QDpWMGitEDSRVbxIMT5BYw",
      "from_method_name": null,
      "from_method_key": null,
      "to_file_path": "./Donor",
      "to_class_or_interface_key": "_867gQGipEDSRVbxIMT5BYw",
      "to_class_or_interface_name": "Doctor",
      "to_method_key": null,
      "to_method_name": null,
      "data_clump_type": "fields_to_fields_data_clump",
      "data_clump_data": {
        "_RHFJIGitEDSRVbxIMT5BYw": {
          "key": "_RHFJIGitEDSRVbxIMT5BYw",
          "name": "name",
          "type": null,
          "probability": 1,
          "modifiers": [
            "public"
          ],
          "to_variable": {
            "key": "_IwOTQGiqEDSRVbxIMT5BYw",
            "name": "name",
            "type": null,
            "modifiers": [
              "public"
            ],
            "position": {}
          },
          "position": {}
        },
        "_o_d6kGitEDSRVbxIMT5BYw": {
          "key": "_o_d6kGitEDSRVbxIMT5BYw",
          "name": "address",
          "type": null,
          "probability": 1,
          "modifiers": [
            "public"
          ],
          "to_variable": {
            "key": "_N6TLcGiqEDSRVbxIMT5BYw",
            "name": "address",
            "type": null,
            "modifiers": [
              "public"
            ],
            "position": {}
          },
          "position": {}
        },
        "_pFeb8GitEDSRVbxIMT5BYw": {
          "key": "_pFeb8GitEDSRVbxIMT5BYw",
          "name": "contact_no",
          "type": null,
          "probability": 1,
          "modifiers": [
            "public"
          ],
          "to_variable": {
            "key": "_Su1RcGiqEDSRVbxIMT5BYw",
            "name": "contact_no",
            "type": null,
            "modifiers": [
              "public"
            ],
            "position": {}
          },
          "position": {}
        }
      }
    },
    "fields_to_fields_data_clump-./Doctor-_QDpWMGitEDSRVbxIMT5BYw-_HdC3UGiuEDSRVbxIMT5BYw-nameidaddresscontact_no": {
      "type": "data_clump",
      "key": "fields_to_fields_data_clump-./Doctor-_QDpWMGitEDSRVbxIMT5BYw-_HdC3UGiuEDSRVbxIMT5BYw-nameidaddresscontact_no",
      "probability": 1,
      "from_file_path": "./Doctor",
      "from_class_or_interface_name": "Doctor",
      "from_class_or_interface_key": "_QDpWMGitEDSRVbxIMT5BYw",
      "from_method_name": null,
      "from_method_key": null,
      "to_file_path": "./Labtechnician",
      "to_class_or_interface_key": "_HdC3UGiuEDSRVbxIMT5BYw",
      "to_class_or_interface_name": "Doctor",
      "to_method_key": null,
      "to_method_name": null,
      "data_clump_type": "fields_to_fields_data_clump",
      "data_clump_data": {
        "_RHFJIGitEDSRVbxIMT5BYw": {
          "key": "_RHFJIGitEDSRVbxIMT5BYw",
          "name": "name",
          "type": null,
          "probability": 1,
          "modifiers": [
            "public"
          ],
          "to_variable": {
            "key": "_JK3EAGiuEDSRVbxIMT5BYw",
            "name": "name",
            "type": null,
            "modifiers": [
              "public"
            ],
            "position": {}
          },
          "position": {}
        },
        "_o6wZsGitEDSRVbxIMT5BYw": {
          "key": "_o6wZsGitEDSRVbxIMT5BYw",
          "name": "id",
          "type": null,
          "probability": 1,
          "modifiers": [
            "public"
          ],
          "to_variable": {
            "key": "_Jajs4GiuEDSRVbxIMT5BYw",
            "name": "id",
            "type": null,
            "modifiers": [
              "public"
            ],
            "position": {}
          },
          "position": {}
        },
        "_o_d6kGitEDSRVbxIMT5BYw": {
          "key": "_o_d6kGitEDSRVbxIMT5BYw",
          "name": "address",
          "type": null,
          "probability": 1,
          "modifiers": [
            "public"
          ],
          "to_variable": {
            "key": "_JsgYgGiuEDSRVbxIMT5BYw",
            "name": "address",
            "type": null,
            "modifiers": [
              "public"
            ],
            "position": {}
          },
          "position": {}
        },
        "_pFeb8GitEDSRVbxIMT5BYw": {
          "key": "_pFeb8GitEDSRVbxIMT5BYw",
          "name": "contact_no",
          "type": null,
          "probability": 1,
          "modifiers": [
            "public"
          ],
          "to_variable": {
            "key": "_Jf3DoGiuEDSRVbxIMT5BYw",
            "name": "contact_no",
            "type": null,
            "modifiers": [
              "public"
            ],
            "position": {}
          },
          "position": {}
        }
      }
    },
    "fields_to_fields_data_clump-./Doctor-_QDpWMGitEDSRVbxIMT5BYw-_mpkFEGirEDSRVbxIMT5BYw-nameidaddresscontact_no": {
      "type": "data_clump",
      "key": "fields_to_fields_data_clump-./Doctor-_QDpWMGitEDSRVbxIMT5BYw-_mpkFEGirEDSRVbxIMT5BYw-nameidaddresscontact_no",
      "probability": 1,
      "from_file_path": "./Doctor",
      "from_class_or_interface_name": "Doctor",
      "from_class_or_interface_key": "_QDpWMGitEDSRVbxIMT5BYw",
      "from_method_name": null,
      "from_method_key": null,
      "to_file_path": "./Nurse",
      "to_class_or_interface_key": "_mpkFEGirEDSRVbxIMT5BYw",
      "to_class_or_interface_name": "Doctor",
      "to_method_key": null,
      "to_method_name": null,
      "data_clump_type": "fields_to_fields_data_clump",
      "data_clump_data": {
        "_RHFJIGitEDSRVbxIMT5BYw": {
          "key": "_RHFJIGitEDSRVbxIMT5BYw",
          "name": "name",
          "type": null,
          "probability": 1,
          "modifiers": [
            "public"
          ],
          "to_variable": {
            "key": "_oJSycGirEDSRVbxIMT5BYw",
            "name": "name",
            "type": null,
            "modifiers": [
              "public"
            ],
            "position": {}
          },
          "position": {}
        },
        "_o6wZsGitEDSRVbxIMT5BYw": {
          "key": "_o6wZsGitEDSRVbxIMT5BYw",
          "name": "id",
          "type": null,
          "probability": 1,
          "modifiers": [
            "public"
          ],
          "to_variable": {
            "key": "_ogjb4GirEDSRVbxIMT5BYw",
            "name": "id",
            "type": null,
            "modifiers": [
              "public"
            ],
            "position": {}
          },
          "position": {}
        },
        "_o_d6kGitEDSRVbxIMT5BYw": {
          "key": "_o_d6kGitEDSRVbxIMT5BYw",
          "name": "address",
          "type": null,
          "probability": 1,
          "modifiers": [
            "public"
          ],
          "to_variable": {
            "key": "_os5OwGirEDSRVbxIMT5BYw",
            "name": "address",
            "type": null,
            "modifiers": [
              "public"
            ],
            "position": {}
          },
          "position": {}
        },
        "_pFeb8GitEDSRVbxIMT5BYw": {
          "key": "_pFeb8GitEDSRVbxIMT5BYw",
          "name": "contact_no",
          "type": null,
          "probability": 1,
          "modifiers": [
            "public"
          ],
          "to_variable": {
            "key": "_omrSAGirEDSRVbxIMT5BYw",
            "name": "contact_no",
            "type": null,
            "modifiers": [
              "public"
            ],
            "position": {}
          },
          "position": {}
        }
      }
    },
    "fields_to_fields_data_clump-./Doctor-_QDpWMGitEDSRVbxIMT5BYw-_n3588GiqEDSRVbxIMT5BYw-nameaddresscontact_no": {
      "type": "data_clump",
      "key": "fields_to_fields_data_clump-./Doctor-_QDpWMGitEDSRVbxIMT5BYw-_n3588GiqEDSRVbxIMT5BYw-nameaddresscontact_no",
      "probability": 1,
      "from_file_path": "./Doctor",
      "from_class_or_interface_name": "Doctor",
      "from_class_or_interface_key": "_QDpWMGitEDSRVbxIMT5BYw",
      "from_method_name": null,
      "from_method_key": null,
      "to_file_path": "./Recptionist",
      "to_class_or_interface_key": "_n3588GiqEDSRVbxIMT5BYw",
      "to_class_or_interface_name": "Doctor",
      "to_method_key": null,
      "to_method_name": null,
      "data_clump_type": "fields_to_fields_data_clump",
      "data_clump_data": {
        "_RHFJIGitEDSRVbxIMT5BYw": {
          "key": "_RHFJIGitEDSRVbxIMT5BYw",
          "name": "name",
          "type": null,
          "probability": 1,
          "modifiers": [
            "public"
          ],
          "to_variable": {
            "key": "_qBI6UGiqEDSRVbxIMT5BYw",
            "name": "name",
            "type": null,
            "modifiers": [
              "public"
            ],
            "position": {}
          },
          "position": {}
        },
        "_o_d6kGitEDSRVbxIMT5BYw": {
          "key": "_o_d6kGitEDSRVbxIMT5BYw",
          "name": "address",
          "type": null,
          "probability": 1,
          "modifiers": [
            "public"
          ],
          "to_variable": {
            "key": "_yebPsGiqEDSRVbxIMT5BYw",
            "name": "address",
            "type": null,
            "modifiers": [
              "public"
            ],
            "position": {}
          },
          "position": {}
        },
        "_pFeb8GitEDSRVbxIMT5BYw": {
          "key": "_pFeb8GitEDSRVbxIMT5BYw",
          "name": "contact_no",
          "type": null,
          "probability": 1,
          "modifiers": [
            "public"
          ],
          "to_variable": {
            "key": "_z9IpYGiqEDSRVbxIMT5BYw",
            "name": "contact_no",
            "type": null,
            "modifiers": [
              "public"
            ],
            "position": {}
          },
          "position": {}
        }
      }
    },
    "fields_to_fields_data_clump-./Donor-_867gQGipEDSRVbxIMT5BYw-_cxyAQGiuEDSRVbxIMT5BYw-nameaddresscontact_no": {
      "type": "data_clump",
      "key": "fields_to_fields_data_clump-./Donor-_867gQGipEDSRVbxIMT5BYw-_cxyAQGiuEDSRVbxIMT5BYw-nameaddresscontact_no",
      "probability": 1,
      "from_file_path": "./Donor",
      "from_class_or_interface_name": "Donor",
      "from_class_or_interface_key": "_867gQGipEDSRVbxIMT5BYw",
      "from_method_name": null,
      "from_method_key": null,
      "to_file_path": "./Bank",
      "to_class_or_interface_key": "_cxyAQGiuEDSRVbxIMT5BYw",
      "to_class_or_interface_name": "Donor",
      "to_method_key": null,
      "to_method_name": null,
      "data_clump_type": "fields_to_fields_data_clump",
      "data_clump_data": {
        "_IwOTQGiqEDSRVbxIMT5BYw": {
          "key": "_IwOTQGiqEDSRVbxIMT5BYw",
          "name": "name",
          "type": null,
          "probability": 1,
          "modifiers": [
            "public"
          ],
          "to_variable": {
            "key": "_eh4E4GiuEDSRVbxIMT5BYw",
            "name": "name",
            "type": null,
            "modifiers": [
              "public"
            ],
            "position": {}
          },
          "position": {}
        },
        "_N6TLcGiqEDSRVbxIMT5BYw": {
          "key": "_N6TLcGiqEDSRVbxIMT5BYw",
          "name": "address",
          "type": null,
          "probability": 1,
          "modifiers": [
            "public"
          ],
          "to_variable": {
            "key": "_lx1EcGiuEDSRVbxIMT5BYw",
            "name": "address",
            "type": null,
            "modifiers": [
              "public"
            ],
            "position": {}
          },
          "position": {}
        },
        "_Su1RcGiqEDSRVbxIMT5BYw": {
          "key": "_Su1RcGiqEDSRVbxIMT5BYw",
          "name": "contact_no",
          "type": null,
          "probability": 1,
          "modifiers": [
            "public"
          ],
          "to_variable": {
            "key": "_e03SUGiuEDSRVbxIMT5BYw",
            "name": "contact_no",
            "type": null,
            "modifiers": [
              "public"
            ],
            "position": {}
          },
          "position": {}
        }
      }
    },
    "fields_to_fields_data_clump-./Donor-_867gQGipEDSRVbxIMT5BYw-_QDpWMGitEDSRVbxIMT5BYw-nameaddresscontact_no": {
      "type": "data_clump",
      "key": "fields_to_fields_data_clump-./Donor-_867gQGipEDSRVbxIMT5BYw-_QDpWMGitEDSRVbxIMT5BYw-nameaddresscontact_no",
      "probability": 1,
      "from_file_path": "./Donor",
      "from_class_or_interface_name": "Donor",
      "from_class_or_interface_key": "_867gQGipEDSRVbxIMT5BYw",
      "from_method_name": null,
      "from_method_key": null,
      "to_file_path": "./Doctor",
      "to_class_or_interface_key": "_QDpWMGitEDSRVbxIMT5BYw",
      "to_class_or_interface_name": "Donor",
      "to_method_key": null,
      "to_method_name": null,
      "data_clump_type": "fields_to_fields_data_clump",
      "data_clump_data": {
        "_IwOTQGiqEDSRVbxIMT5BYw": {
          "key": "_IwOTQGiqEDSRVbxIMT5BYw",
          "name": "name",
          "type": null,
          "probability": 1,
          "modifiers": [
            "public"
          ],
          "to_variable": {
            "key": "_RHFJIGitEDSRVbxIMT5BYw",
            "name": "name",
            "type": null,
            "modifiers": [
              "public"
            ],
            "position": {}
          },
          "position": {}
        },
        "_N6TLcGiqEDSRVbxIMT5BYw": {
          "key": "_N6TLcGiqEDSRVbxIMT5BYw",
          "name": "address",
          "type": null,
          "probability": 1,
          "modifiers": [
            "public"
          ],
          "to_variable": {
            "key": "_o_d6kGitEDSRVbxIMT5BYw",
            "name": "address",
            "type": null,
            "modifiers": [
              "public"
            ],
            "position": {}
          },
          "position": {}
        },
        "_Su1RcGiqEDSRVbxIMT5BYw": {
          "key": "_Su1RcGiqEDSRVbxIMT5BYw",
          "name": "contact_no",
          "type": null,
          "probability": 1,
          "modifiers": [
            "public"
          ],
          "to_variable": {
            "key": "_pFeb8GitEDSRVbxIMT5BYw",
            "name": "contact_no",
            "type": null,
            "modifiers": [
              "public"
            ],
            "position": {}
          },
          "position": {}
        }
      }
    },
    "fields_to_fields_data_clump-./Donor-_867gQGipEDSRVbxIMT5BYw-_HdC3UGiuEDSRVbxIMT5BYw-nameaddresscontact_no": {
      "type": "data_clump",
      "key": "fields_to_fields_data_clump-./Donor-_867gQGipEDSRVbxIMT5BYw-_HdC3UGiuEDSRVbxIMT5BYw-nameaddresscontact_no",
      "probability": 1,
      "from_file_path": "./Donor",
      "from_class_or_interface_name": "Donor",
      "from_class_or_interface_key": "_867gQGipEDSRVbxIMT5BYw",
      "from_method_name": null,
      "from_method_key": null,
      "to_file_path": "./Labtechnician",
      "to_class_or_interface_key": "_HdC3UGiuEDSRVbxIMT5BYw",
      "to_class_or_interface_name": "Donor",
      "to_method_key": null,
      "to_method_name": null,
      "data_clump_type": "fields_to_fields_data_clump",
      "data_clump_data": {
        "_IwOTQGiqEDSRVbxIMT5BYw": {
          "key": "_IwOTQGiqEDSRVbxIMT5BYw",
          "name": "name",
          "type": null,
          "probability": 1,
          "modifiers": [
            "public"
          ],
          "to_variable": {
            "key": "_JK3EAGiuEDSRVbxIMT5BYw",
            "name": "name",
            "type": null,
            "modifiers": [
              "public"
            ],
            "position": {}
          },
          "position": {}
        },
        "_N6TLcGiqEDSRVbxIMT5BYw": {
          "key": "_N6TLcGiqEDSRVbxIMT5BYw",
          "name": "address",
          "type": null,
          "probability": 1,
          "modifiers": [
            "public"
          ],
          "to_variable": {
            "key": "_JsgYgGiuEDSRVbxIMT5BYw",
            "name": "address",
            "type": null,
            "modifiers": [
              "public"
            ],
            "position": {}
          },
          "position": {}
        },
        "_Su1RcGiqEDSRVbxIMT5BYw": {
          "key": "_Su1RcGiqEDSRVbxIMT5BYw",
          "name": "contact_no",
          "type": null,
          "probability": 1,
          "modifiers": [
            "public"
          ],
          "to_variable": {
            "key": "_Jf3DoGiuEDSRVbxIMT5BYw",
            "name": "contact_no",
            "type": null,
            "modifiers": [
              "public"
            ],
            "position": {}
          },
          "position": {}
        }
      }
    },
    "fields_to_fields_data_clump-./Donor-_867gQGipEDSRVbxIMT5BYw-_mpkFEGirEDSRVbxIMT5BYw-nameaddresscontact_no": {
      "type": "data_clump",
      "key": "fields_to_fields_data_clump-./Donor-_867gQGipEDSRVbxIMT5BYw-_mpkFEGirEDSRVbxIMT5BYw-nameaddresscontact_no",
      "probability": 1,
      "from_file_path": "./Donor",
      "from_class_or_interface_name": "Donor",
      "from_class_or_interface_key": "_867gQGipEDSRVbxIMT5BYw",
      "from_method_name": null,
      "from_method_key": null,
      "to_file_path": "./Nurse",
      "to_class_or_interface_key": "_mpkFEGirEDSRVbxIMT5BYw",
      "to_class_or_interface_name": "Donor",
      "to_method_key": null,
      "to_method_name": null,
      "data_clump_type": "fields_to_fields_data_clump",
      "data_clump_data": {
        "_IwOTQGiqEDSRVbxIMT5BYw": {
          "key": "_IwOTQGiqEDSRVbxIMT5BYw",
          "name": "name",
          "type": null,
          "probability": 1,
          "modifiers": [
            "public"
          ],
          "to_variable": {
            "key": "_oJSycGirEDSRVbxIMT5BYw",
            "name": "name",
            "type": null,
            "modifiers": [
              "public"
            ],
            "position": {}
          },
          "position": {}
        },
        "_N6TLcGiqEDSRVbxIMT5BYw": {
          "key": "_N6TLcGiqEDSRVbxIMT5BYw",
          "name": "address",
          "type": null,
          "probability": 1,
          "modifiers": [
            "public"
          ],
          "to_variable": {
            "key": "_os5OwGirEDSRVbxIMT5BYw",
            "name": "address",
            "type": null,
            "modifiers": [
              "public"
            ],
            "position": {}
          },
          "position": {}
        },
        "_Su1RcGiqEDSRVbxIMT5BYw": {
          "key": "_Su1RcGiqEDSRVbxIMT5BYw",
          "name": "contact_no",
          "type": null,
          "probability": 1,
          "modifiers": [
            "public"
          ],
          "to_variable": {
            "key": "_omrSAGirEDSRVbxIMT5BYw",
            "name": "contact_no",
            "type": null,
            "modifiers": [
              "public"
            ],
            "position": {}
          },
          "position": {}
        }
      }
    },
    "fields_to_fields_data_clump-./Donor-_867gQGipEDSRVbxIMT5BYw-_n3588GiqEDSRVbxIMT5BYw-nameaddresscontact_noemail": {
      "type": "data_clump",
      "key": "fields_to_fields_data_clump-./Donor-_867gQGipEDSRVbxIMT5BYw-_n3588GiqEDSRVbxIMT5BYw-nameaddresscontact_noemail",
      "probability": 1,
      "from_file_path": "./Donor",
      "from_class_or_interface_name": "Donor",
      "from_class_or_interface_key": "_867gQGipEDSRVbxIMT5BYw",
      "from_method_name": null,
      "from_method_key": null,
      "to_file_path": "./Recptionist",
      "to_class_or_interface_key": "_n3588GiqEDSRVbxIMT5BYw",
      "to_class_or_interface_name": "Donor",
      "to_method_key": null,
      "to_method_name": null,
      "data_clump_type": "fields_to_fields_data_clump",
      "data_clump_data": {
        "_IwOTQGiqEDSRVbxIMT5BYw": {
          "key": "_IwOTQGiqEDSRVbxIMT5BYw",
          "name": "name",
          "type": null,
          "probability": 1,
          "modifiers": [
            "public"
          ],
          "to_variable": {
            "key": "_qBI6UGiqEDSRVbxIMT5BYw",
            "name": "name",
            "type": null,
            "modifiers": [
              "public"
            ],
            "position": {}
          },
          "position": {}
        },
        "_N6TLcGiqEDSRVbxIMT5BYw": {
          "key": "_N6TLcGiqEDSRVbxIMT5BYw",
          "name": "address",
          "type": null,
          "probability": 1,
          "modifiers": [
            "public"
          ],
          "to_variable": {
            "key": "_yebPsGiqEDSRVbxIMT5BYw",
            "name": "address",
            "type": null,
            "modifiers": [
              "public"
            ],
            "position": {}
          },
          "position": {}
        },
        "_Su1RcGiqEDSRVbxIMT5BYw": {
          "key": "_Su1RcGiqEDSRVbxIMT5BYw",
          "name": "contact_no",
          "type": null,
          "probability": 1,
          "modifiers": [
            "public"
          ],
          "to_variable": {
            "key": "_z9IpYGiqEDSRVbxIMT5BYw",
            "name": "contact_no",
            "type": null,
            "modifiers": [
              "public"
            ],
            "position": {}
          },
          "position": {}
        },
        "_VPXUgGiqEDSRVbxIMT5BYw": {
          "key": "_VPXUgGiqEDSRVbxIMT5BYw",
          "name": "email",
          "type": null,
          "probability": 1,
          "modifiers": [
            "public"
          ],
          "to_variable": {
            "key": "_2ayXkGiqEDSRVbxIMT5BYw",
            "name": "email",
            "type": null,
            "modifiers": [
              "public"
            ],
            "position": {}
          },
          "position": {}
        }
      }
    },
    "fields_to_fields_data_clump-./Hospital-_0JEPwGiuEDSRVbxIMT5BYw-_cxyAQGiuEDSRVbxIMT5BYw-nameiso_permissionaddress": {
      "type": "data_clump",
      "key": "fields_to_fields_data_clump-./Hospital-_0JEPwGiuEDSRVbxIMT5BYw-_cxyAQGiuEDSRVbxIMT5BYw-nameiso_permissionaddress",
      "probability": 1,
      "from_file_path": "./Hospital",
      "from_class_or_interface_name": "Hospital",
      "from_class_or_interface_key": "_0JEPwGiuEDSRVbxIMT5BYw",
      "from_method_name": null,
      "from_method_key": null,
      "to_file_path": "./Bank",
      "to_class_or_interface_key": "_cxyAQGiuEDSRVbxIMT5BYw",
      "to_class_or_interface_name": "Hospital",
      "to_method_key": null,
      "to_method_name": null,
      "data_clump_type": "fields_to_fields_data_clump",
      "data_clump_data": {
        "_3EUf8GiuEDSRVbxIMT5BYw": {
          "key": "_3EUf8GiuEDSRVbxIMT5BYw",
          "name": "name",
          "type": null,
          "probability": 1,
          "modifiers": [
            "public"
          ],
          "to_variable": {
            "key": "_eh4E4GiuEDSRVbxIMT5BYw",
            "name": "name",
            "type": null,
            "modifiers": [
              "public"
            ],
            "position": {}
          },
          "position": {}
        },
        "_3Sv9gGiuEDSRVbxIMT5BYw": {
          "key": "_3Sv9gGiuEDSRVbxIMT5BYw",
          "name": "iso_permission",
          "type": null,
          "probability": 1,
          "modifiers": [
            "public"
          ],
          "to_variable": {
            "key": "_evb_wGiuEDSRVbxIMT5BYw",
            "name": "iso_permission",
            "type": null,
            "modifiers": [
              "public"
            ],
            "position": {}
          },
          "position": {}
        },
        "_3cgWcGiuEDSRVbxIMT5BYw": {
          "key": "_3cgWcGiuEDSRVbxIMT5BYw",
          "name": "address",
          "type": null,
          "probability": 1,
          "modifiers": [
            "public"
          ],
          "to_variable": {
            "key": "_lx1EcGiuEDSRVbxIMT5BYw",
            "name": "address",
            "type": null,
            "modifiers": [
              "public"
            ],
            "position": {}
          },
          "position": {}
        }
      }
    },
    "fields_to_fields_data_clump-./Labtechnician-_HdC3UGiuEDSRVbxIMT5BYw-_cxyAQGiuEDSRVbxIMT5BYw-namecontact_noaddress": {
      "type": "data_clump",
      "key": "fields_to_fields_data_clump-./Labtechnician-_HdC3UGiuEDSRVbxIMT5BYw-_cxyAQGiuEDSRVbxIMT5BYw-namecontact_noaddress",
      "probability": 1,
      "from_file_path": "./Labtechnician",
      "from_class_or_interface_name": "Labtechnician",
      "from_class_or_interface_key": "_HdC3UGiuEDSRVbxIMT5BYw",
      "from_method_name": null,
      "from_method_key": null,
      "to_file_path": "./Bank",
      "to_class_or_interface_key": "_cxyAQGiuEDSRVbxIMT5BYw",
      "to_class_or_interface_name": "Labtechnician",
      "to_method_key": null,
      "to_method_name": null,
      "data_clump_type": "fields_to_fields_data_clump",
      "data_clump_data": {
        "_JK3EAGiuEDSRVbxIMT5BYw": {
          "key": "_JK3EAGiuEDSRVbxIMT5BYw",
          "name": "name",
          "type": null,
          "probability": 1,
          "modifiers": [
            "public"
          ],
          "to_variable": {
            "key": "_eh4E4GiuEDSRVbxIMT5BYw",
            "name": "name",
            "type": null,
            "modifiers": [
              "public"
            ],
            "position": {}
          },
          "position": {}
        },
        "_Jf3DoGiuEDSRVbxIMT5BYw": {
          "key": "_Jf3DoGiuEDSRVbxIMT5BYw",
          "name": "contact_no",
          "type": null,
          "probability": 1,
          "modifiers": [
            "public"
          ],
          "to_variable": {
            "key": "_e03SUGiuEDSRVbxIMT5BYw",
            "name": "contact_no",
            "type": null,
            "modifiers": [
              "public"
            ],
            "position": {}
          },
          "position": {}
        },
        "_JsgYgGiuEDSRVbxIMT5BYw": {
          "key": "_JsgYgGiuEDSRVbxIMT5BYw",
          "name": "address",
          "type": null,
          "probability": 1,
          "modifiers": [
            "public"
          ],
          "to_variable": {
            "key": "_lx1EcGiuEDSRVbxIMT5BYw",
            "name": "address",
            "type": null,
            "modifiers": [
              "public"
            ],
            "position": {}
          },
          "position": {}
        }
      }
    },
    "fields_to_fields_data_clump-./Labtechnician-_HdC3UGiuEDSRVbxIMT5BYw-_QDpWMGitEDSRVbxIMT5BYw-nameidcontact_noaddress": {
      "type": "data_clump",
      "key": "fields_to_fields_data_clump-./Labtechnician-_HdC3UGiuEDSRVbxIMT5BYw-_QDpWMGitEDSRVbxIMT5BYw-nameidcontact_noaddress",
      "probability": 1,
      "from_file_path": "./Labtechnician",
      "from_class_or_interface_name": "Labtechnician",
      "from_class_or_interface_key": "_HdC3UGiuEDSRVbxIMT5BYw",
      "from_method_name": null,
      "from_method_key": null,
      "to_file_path": "./Doctor",
      "to_class_or_interface_key": "_QDpWMGitEDSRVbxIMT5BYw",
      "to_class_or_interface_name": "Labtechnician",
      "to_method_key": null,
      "to_method_name": null,
      "data_clump_type": "fields_to_fields_data_clump",
      "data_clump_data": {
        "_JK3EAGiuEDSRVbxIMT5BYw": {
          "key": "_JK3EAGiuEDSRVbxIMT5BYw",
          "name": "name",
          "type": null,
          "probability": 1,
          "modifiers": [
            "public"
          ],
          "to_variable": {
            "key": "_RHFJIGitEDSRVbxIMT5BYw",
            "name": "name",
            "type": null,
            "modifiers": [
              "public"
            ],
            "position": {}
          },
          "position": {}
        },
        "_Jajs4GiuEDSRVbxIMT5BYw": {
          "key": "_Jajs4GiuEDSRVbxIMT5BYw",
          "name": "id",
          "type": null,
          "probability": 1,
          "modifiers": [
            "public"
          ],
          "to_variable": {
            "key": "_o6wZsGitEDSRVbxIMT5BYw",
            "name": "id",
            "type": null,
            "modifiers": [
              "public"
            ],
            "position": {}
          },
          "position": {}
        },
        "_Jf3DoGiuEDSRVbxIMT5BYw": {
          "key": "_Jf3DoGiuEDSRVbxIMT5BYw",
          "name": "contact_no",
          "type": null,
          "probability": 1,
          "modifiers": [
            "public"
          ],
          "to_variable": {
            "key": "_pFeb8GitEDSRVbxIMT5BYw",
            "name": "contact_no",
            "type": null,
            "modifiers": [
              "public"
            ],
            "position": {}
          },
          "position": {}
        },
        "_JsgYgGiuEDSRVbxIMT5BYw": {
          "key": "_JsgYgGiuEDSRVbxIMT5BYw",
          "name": "address",
          "type": null,
          "probability": 1,
          "modifiers": [
            "public"
          ],
          "to_variable": {
            "key": "_o_d6kGitEDSRVbxIMT5BYw",
            "name": "address",
            "type": null,
            "modifiers": [
              "public"
            ],
            "position": {}
          },
          "position": {}
        }
      }
    },
    "fields_to_fields_data_clump-./Labtechnician-_HdC3UGiuEDSRVbxIMT5BYw-_867gQGipEDSRVbxIMT5BYw-namecontact_noaddress": {
      "type": "data_clump",
      "key": "fields_to_fields_data_clump-./Labtechnician-_HdC3UGiuEDSRVbxIMT5BYw-_867gQGipEDSRVbxIMT5BYw-namecontact_noaddress",
      "probability": 1,
      "from_file_path": "./Labtechnician",
      "from_class_or_interface_name": "Labtechnician",
      "from_class_or_interface_key": "_HdC3UGiuEDSRVbxIMT5BYw",
      "from_method_name": null,
      "from_method_key": null,
      "to_file_path": "./Donor",
      "to_class_or_interface_key": "_867gQGipEDSRVbxIMT5BYw",
      "to_class_or_interface_name": "Labtechnician",
      "to_method_key": null,
      "to_method_name": null,
      "data_clump_type": "fields_to_fields_data_clump",
      "data_clump_data": {
        "_JK3EAGiuEDSRVbxIMT5BYw": {
          "key": "_JK3EAGiuEDSRVbxIMT5BYw",
          "name": "name",
          "type": null,
          "probability": 1,
          "modifiers": [
            "public"
          ],
          "to_variable": {
            "key": "_IwOTQGiqEDSRVbxIMT5BYw",
            "name": "name",
            "type": null,
            "modifiers": [
              "public"
            ],
            "position": {}
          },
          "position": {}
        },
        "_Jf3DoGiuEDSRVbxIMT5BYw": {
          "key": "_Jf3DoGiuEDSRVbxIMT5BYw",
          "name": "contact_no",
          "type": null,
          "probability": 1,
          "modifiers": [
            "public"
          ],
          "to_variable": {
            "key": "_Su1RcGiqEDSRVbxIMT5BYw",
            "name": "contact_no",
            "type": null,
            "modifiers": [
              "public"
            ],
            "position": {}
          },
          "position": {}
        },
        "_JsgYgGiuEDSRVbxIMT5BYw": {
          "key": "_JsgYgGiuEDSRVbxIMT5BYw",
          "name": "address",
          "type": null,
          "probability": 1,
          "modifiers": [
            "public"
          ],
          "to_variable": {
            "key": "_N6TLcGiqEDSRVbxIMT5BYw",
            "name": "address",
            "type": null,
            "modifiers": [
              "public"
            ],
            "position": {}
          },
          "position": {}
        }
      }
    },
    "fields_to_fields_data_clump-./Labtechnician-_HdC3UGiuEDSRVbxIMT5BYw-_mpkFEGirEDSRVbxIMT5BYw-nameidcontact_noaddress": {
      "type": "data_clump",
      "key": "fields_to_fields_data_clump-./Labtechnician-_HdC3UGiuEDSRVbxIMT5BYw-_mpkFEGirEDSRVbxIMT5BYw-nameidcontact_noaddress",
      "probability": 1,
      "from_file_path": "./Labtechnician",
      "from_class_or_interface_name": "Labtechnician",
      "from_class_or_interface_key": "_HdC3UGiuEDSRVbxIMT5BYw",
      "from_method_name": null,
      "from_method_key": null,
      "to_file_path": "./Nurse",
      "to_class_or_interface_key": "_mpkFEGirEDSRVbxIMT5BYw",
      "to_class_or_interface_name": "Labtechnician",
      "to_method_key": null,
      "to_method_name": null,
      "data_clump_type": "fields_to_fields_data_clump",
      "data_clump_data": {
        "_JK3EAGiuEDSRVbxIMT5BYw": {
          "key": "_JK3EAGiuEDSRVbxIMT5BYw",
          "name": "name",
          "type": null,
          "probability": 1,
          "modifiers": [
            "public"
          ],
          "to_variable": {
            "key": "_oJSycGirEDSRVbxIMT5BYw",
            "name": "name",
            "type": null,
            "modifiers": [
              "public"
            ],
            "position": {}
          },
          "position": {}
        },
        "_Jajs4GiuEDSRVbxIMT5BYw": {
          "key": "_Jajs4GiuEDSRVbxIMT5BYw",
          "name": "id",
          "type": null,
          "probability": 1,
          "modifiers": [
            "public"
          ],
          "to_variable": {
            "key": "_ogjb4GirEDSRVbxIMT5BYw",
            "name": "id",
            "type": null,
            "modifiers": [
              "public"
            ],
            "position": {}
          },
          "position": {}
        },
        "_Jf3DoGiuEDSRVbxIMT5BYw": {
          "key": "_Jf3DoGiuEDSRVbxIMT5BYw",
          "name": "contact_no",
          "type": null,
          "probability": 1,
          "modifiers": [
            "public"
          ],
          "to_variable": {
            "key": "_omrSAGirEDSRVbxIMT5BYw",
            "name": "contact_no",
            "type": null,
            "modifiers": [
              "public"
            ],
            "position": {}
          },
          "position": {}
        },
        "_JsgYgGiuEDSRVbxIMT5BYw": {
          "key": "_JsgYgGiuEDSRVbxIMT5BYw",
          "name": "address",
          "type": null,
          "probability": 1,
          "modifiers": [
            "public"
          ],
          "to_variable": {
            "key": "_os5OwGirEDSRVbxIMT5BYw",
            "name": "address",
            "type": null,
            "modifiers": [
              "public"
            ],
            "position": {}
          },
          "position": {}
        }
      }
    },
    "fields_to_fields_data_clump-./Labtechnician-_HdC3UGiuEDSRVbxIMT5BYw-_n3588GiqEDSRVbxIMT5BYw-namecontact_noaddress": {
      "type": "data_clump",
      "key": "fields_to_fields_data_clump-./Labtechnician-_HdC3UGiuEDSRVbxIMT5BYw-_n3588GiqEDSRVbxIMT5BYw-namecontact_noaddress",
      "probability": 1,
      "from_file_path": "./Labtechnician",
      "from_class_or_interface_name": "Labtechnician",
      "from_class_or_interface_key": "_HdC3UGiuEDSRVbxIMT5BYw",
      "from_method_name": null,
      "from_method_key": null,
      "to_file_path": "./Recptionist",
      "to_class_or_interface_key": "_n3588GiqEDSRVbxIMT5BYw",
      "to_class_or_interface_name": "Labtechnician",
      "to_method_key": null,
      "to_method_name": null,
      "data_clump_type": "fields_to_fields_data_clump",
      "data_clump_data": {
        "_JK3EAGiuEDSRVbxIMT5BYw": {
          "key": "_JK3EAGiuEDSRVbxIMT5BYw",
          "name": "name",
          "type": null,
          "probability": 1,
          "modifiers": [
            "public"
          ],
          "to_variable": {
            "key": "_qBI6UGiqEDSRVbxIMT5BYw",
            "name": "name",
            "type": null,
            "modifiers": [
              "public"
            ],
            "position": {}
          },
          "position": {}
        },
        "_Jf3DoGiuEDSRVbxIMT5BYw": {
          "key": "_Jf3DoGiuEDSRVbxIMT5BYw",
          "name": "contact_no",
          "type": null,
          "probability": 1,
          "modifiers": [
            "public"
          ],
          "to_variable": {
            "key": "_z9IpYGiqEDSRVbxIMT5BYw",
            "name": "contact_no",
            "type": null,
            "modifiers": [
              "public"
            ],
            "position": {}
          },
          "position": {}
        },
        "_JsgYgGiuEDSRVbxIMT5BYw": {
          "key": "_JsgYgGiuEDSRVbxIMT5BYw",
          "name": "address",
          "type": null,
          "probability": 1,
          "modifiers": [
            "public"
          ],
          "to_variable": {
            "key": "_yebPsGiqEDSRVbxIMT5BYw",
            "name": "address",
            "type": null,
            "modifiers": [
              "public"
            ],
            "position": {}
          },
          "position": {}
        }
      }
    },
    "fields_to_fields_data_clump-./Nurse-_mpkFEGirEDSRVbxIMT5BYw-_cxyAQGiuEDSRVbxIMT5BYw-namecontact_noaddress": {
      "type": "data_clump",
      "key": "fields_to_fields_data_clump-./Nurse-_mpkFEGirEDSRVbxIMT5BYw-_cxyAQGiuEDSRVbxIMT5BYw-namecontact_noaddress",
      "probability": 1,
      "from_file_path": "./Nurse",
      "from_class_or_interface_name": "Nurse",
      "from_class_or_interface_key": "_mpkFEGirEDSRVbxIMT5BYw",
      "from_method_name": null,
      "from_method_key": null,
      "to_file_path": "./Bank",
      "to_class_or_interface_key": "_cxyAQGiuEDSRVbxIMT5BYw",
      "to_class_or_interface_name": "Nurse",
      "to_method_key": null,
      "to_method_name": null,
      "data_clump_type": "fields_to_fields_data_clump",
      "data_clump_data": {
        "_oJSycGirEDSRVbxIMT5BYw": {
          "key": "_oJSycGirEDSRVbxIMT5BYw",
          "name": "name",
          "type": null,
          "probability": 1,
          "modifiers": [
            "public"
          ],
          "to_variable": {
            "key": "_eh4E4GiuEDSRVbxIMT5BYw",
            "name": "name",
            "type": null,
            "modifiers": [
              "public"
            ],
            "position": {}
          },
          "position": {}
        },
        "_omrSAGirEDSRVbxIMT5BYw": {
          "key": "_omrSAGirEDSRVbxIMT5BYw",
          "name": "contact_no",
          "type": null,
          "probability": 1,
          "modifiers": [
            "public"
          ],
          "to_variable": {
            "key": "_e03SUGiuEDSRVbxIMT5BYw",
            "name": "contact_no",
            "type": null,
            "modifiers": [
              "public"
            ],
            "position": {}
          },
          "position": {}
        },
        "_os5OwGirEDSRVbxIMT5BYw": {
          "key": "_os5OwGirEDSRVbxIMT5BYw",
          "name": "address",
          "type": null,
          "probability": 1,
          "modifiers": [
            "public"
          ],
          "to_variable": {
            "key": "_lx1EcGiuEDSRVbxIMT5BYw",
            "name": "address",
            "type": null,
            "modifiers": [
              "public"
            ],
            "position": {}
          },
          "position": {}
        }
      }
    },
    "fields_to_fields_data_clump-./Nurse-_mpkFEGirEDSRVbxIMT5BYw-_QDpWMGitEDSRVbxIMT5BYw-nameidcontact_noaddress": {
      "type": "data_clump",
      "key": "fields_to_fields_data_clump-./Nurse-_mpkFEGirEDSRVbxIMT5BYw-_QDpWMGitEDSRVbxIMT5BYw-nameidcontact_noaddress",
      "probability": 1,
      "from_file_path": "./Nurse",
      "from_class_or_interface_name": "Nurse",
      "from_class_or_interface_key": "_mpkFEGirEDSRVbxIMT5BYw",
      "from_method_name": null,
      "from_method_key": null,
      "to_file_path": "./Doctor",
      "to_class_or_interface_key": "_QDpWMGitEDSRVbxIMT5BYw",
      "to_class_or_interface_name": "Nurse",
      "to_method_key": null,
      "to_method_name": null,
      "data_clump_type": "fields_to_fields_data_clump",
      "data_clump_data": {
        "_oJSycGirEDSRVbxIMT5BYw": {
          "key": "_oJSycGirEDSRVbxIMT5BYw",
          "name": "name",
          "type": null,
          "probability": 1,
          "modifiers": [
            "public"
          ],
          "to_variable": {
            "key": "_RHFJIGitEDSRVbxIMT5BYw",
            "name": "name",
            "type": null,
            "modifiers": [
              "public"
            ],
            "position": {}
          },
          "position": {}
        },
        "_ogjb4GirEDSRVbxIMT5BYw": {
          "key": "_ogjb4GirEDSRVbxIMT5BYw",
          "name": "id",
          "type": null,
          "probability": 1,
          "modifiers": [
            "public"
          ],
          "to_variable": {
            "key": "_o6wZsGitEDSRVbxIMT5BYw",
            "name": "id",
            "type": null,
            "modifiers": [
              "public"
            ],
            "position": {}
          },
          "position": {}
        },
        "_omrSAGirEDSRVbxIMT5BYw": {
          "key": "_omrSAGirEDSRVbxIMT5BYw",
          "name": "contact_no",
          "type": null,
          "probability": 1,
          "modifiers": [
            "public"
          ],
          "to_variable": {
            "key": "_pFeb8GitEDSRVbxIMT5BYw",
            "name": "contact_no",
            "type": null,
            "modifiers": [
              "public"
            ],
            "position": {}
          },
          "position": {}
        },
        "_os5OwGirEDSRVbxIMT5BYw": {
          "key": "_os5OwGirEDSRVbxIMT5BYw",
          "name": "address",
          "type": null,
          "probability": 1,
          "modifiers": [
            "public"
          ],
          "to_variable": {
            "key": "_o_d6kGitEDSRVbxIMT5BYw",
            "name": "address",
            "type": null,
            "modifiers": [
              "public"
            ],
            "position": {}
          },
          "position": {}
        }
      }
    },
    "fields_to_fields_data_clump-./Nurse-_mpkFEGirEDSRVbxIMT5BYw-_867gQGipEDSRVbxIMT5BYw-namecontact_noaddress": {
      "type": "data_clump",
      "key": "fields_to_fields_data_clump-./Nurse-_mpkFEGirEDSRVbxIMT5BYw-_867gQGipEDSRVbxIMT5BYw-namecontact_noaddress",
      "probability": 1,
      "from_file_path": "./Nurse",
      "from_class_or_interface_name": "Nurse",
      "from_class_or_interface_key": "_mpkFEGirEDSRVbxIMT5BYw",
      "from_method_name": null,
      "from_method_key": null,
      "to_file_path": "./Donor",
      "to_class_or_interface_key": "_867gQGipEDSRVbxIMT5BYw",
      "to_class_or_interface_name": "Nurse",
      "to_method_key": null,
      "to_method_name": null,
      "data_clump_type": "fields_to_fields_data_clump",
      "data_clump_data": {
        "_oJSycGirEDSRVbxIMT5BYw": {
          "key": "_oJSycGirEDSRVbxIMT5BYw",
          "name": "name",
          "type": null,
          "probability": 1,
          "modifiers": [
            "public"
          ],
          "to_variable": {
            "key": "_IwOTQGiqEDSRVbxIMT5BYw",
            "name": "name",
            "type": null,
            "modifiers": [
              "public"
            ],
            "position": {}
          },
          "position": {}
        },
        "_omrSAGirEDSRVbxIMT5BYw": {
          "key": "_omrSAGirEDSRVbxIMT5BYw",
          "name": "contact_no",
          "type": null,
          "probability": 1,
          "modifiers": [
            "public"
          ],
          "to_variable": {
            "key": "_Su1RcGiqEDSRVbxIMT5BYw",
            "name": "contact_no",
            "type": null,
            "modifiers": [
              "public"
            ],
            "position": {}
          },
          "position": {}
        },
        "_os5OwGirEDSRVbxIMT5BYw": {
          "key": "_os5OwGirEDSRVbxIMT5BYw",
          "name": "address",
          "type": null,
          "probability": 1,
          "modifiers": [
            "public"
          ],
          "to_variable": {
            "key": "_N6TLcGiqEDSRVbxIMT5BYw",
            "name": "address",
            "type": null,
            "modifiers": [
              "public"
            ],
            "position": {}
          },
          "position": {}
        }
      }
    },
    "fields_to_fields_data_clump-./Nurse-_mpkFEGirEDSRVbxIMT5BYw-_HdC3UGiuEDSRVbxIMT5BYw-nameidcontact_noaddress": {
      "type": "data_clump",
      "key": "fields_to_fields_data_clump-./Nurse-_mpkFEGirEDSRVbxIMT5BYw-_HdC3UGiuEDSRVbxIMT5BYw-nameidcontact_noaddress",
      "probability": 1,
      "from_file_path": "./Nurse",
      "from_class_or_interface_name": "Nurse",
      "from_class_or_interface_key": "_mpkFEGirEDSRVbxIMT5BYw",
      "from_method_name": null,
      "from_method_key": null,
      "to_file_path": "./Labtechnician",
      "to_class_or_interface_key": "_HdC3UGiuEDSRVbxIMT5BYw",
      "to_class_or_interface_name": "Nurse",
      "to_method_key": null,
      "to_method_name": null,
      "data_clump_type": "fields_to_fields_data_clump",
      "data_clump_data": {
        "_oJSycGirEDSRVbxIMT5BYw": {
          "key": "_oJSycGirEDSRVbxIMT5BYw",
          "name": "name",
          "type": null,
          "probability": 1,
          "modifiers": [
            "public"
          ],
          "to_variable": {
            "key": "_JK3EAGiuEDSRVbxIMT5BYw",
            "name": "name",
            "type": null,
            "modifiers": [
              "public"
            ],
            "position": {}
          },
          "position": {}
        },
        "_ogjb4GirEDSRVbxIMT5BYw": {
          "key": "_ogjb4GirEDSRVbxIMT5BYw",
          "name": "id",
          "type": null,
          "probability": 1,
          "modifiers": [
            "public"
          ],
          "to_variable": {
            "key": "_Jajs4GiuEDSRVbxIMT5BYw",
            "name": "id",
            "type": null,
            "modifiers": [
              "public"
            ],
            "position": {}
          },
          "position": {}
        },
        "_omrSAGirEDSRVbxIMT5BYw": {
          "key": "_omrSAGirEDSRVbxIMT5BYw",
          "name": "contact_no",
          "type": null,
          "probability": 1,
          "modifiers": [
            "public"
          ],
          "to_variable": {
            "key": "_Jf3DoGiuEDSRVbxIMT5BYw",
            "name": "contact_no",
            "type": null,
            "modifiers": [
              "public"
            ],
            "position": {}
          },
          "position": {}
        },
        "_os5OwGirEDSRVbxIMT5BYw": {
          "key": "_os5OwGirEDSRVbxIMT5BYw",
          "name": "address",
          "type": null,
          "probability": 1,
          "modifiers": [
            "public"
          ],
          "to_variable": {
            "key": "_JsgYgGiuEDSRVbxIMT5BYw",
            "name": "address",
            "type": null,
            "modifiers": [
              "public"
            ],
            "position": {}
          },
          "position": {}
        }
      }
    },
    "fields_to_fields_data_clump-./Nurse-_mpkFEGirEDSRVbxIMT5BYw-_n3588GiqEDSRVbxIMT5BYw-namecontact_noaddress": {
      "type": "data_clump",
      "key": "fields_to_fields_data_clump-./Nurse-_mpkFEGirEDSRVbxIMT5BYw-_n3588GiqEDSRVbxIMT5BYw-namecontact_noaddress",
      "probability": 1,
      "from_file_path": "./Nurse",
      "from_class_or_interface_name": "Nurse",
      "from_class_or_interface_key": "_mpkFEGirEDSRVbxIMT5BYw",
      "from_method_name": null,
      "from_method_key": null,
      "to_file_path": "./Recptionist",
      "to_class_or_interface_key": "_n3588GiqEDSRVbxIMT5BYw",
      "to_class_or_interface_name": "Nurse",
      "to_method_key": null,
      "to_method_name": null,
      "data_clump_type": "fields_to_fields_data_clump",
      "data_clump_data": {
        "_oJSycGirEDSRVbxIMT5BYw": {
          "key": "_oJSycGirEDSRVbxIMT5BYw",
          "name": "name",
          "type": null,
          "probability": 1,
          "modifiers": [
            "public"
          ],
          "to_variable": {
            "key": "_qBI6UGiqEDSRVbxIMT5BYw",
            "name": "name",
            "type": null,
            "modifiers": [
              "public"
            ],
            "position": {}
          },
          "position": {}
        },
        "_omrSAGirEDSRVbxIMT5BYw": {
          "key": "_omrSAGirEDSRVbxIMT5BYw",
          "name": "contact_no",
          "type": null,
          "probability": 1,
          "modifiers": [
            "public"
          ],
          "to_variable": {
            "key": "_z9IpYGiqEDSRVbxIMT5BYw",
            "name": "contact_no",
            "type": null,
            "modifiers": [
              "public"
            ],
            "position": {}
          },
          "position": {}
        },
        "_os5OwGirEDSRVbxIMT5BYw": {
          "key": "_os5OwGirEDSRVbxIMT5BYw",
          "name": "address",
          "type": null,
          "probability": 1,
          "modifiers": [
            "public"
          ],
          "to_variable": {
            "key": "_yebPsGiqEDSRVbxIMT5BYw",
            "name": "address",
            "type": null,
            "modifiers": [
              "public"
            ],
            "position": {}
          },
          "position": {}
        }
      }
    },
    "fields_to_fields_data_clump-./Recptionist-_n3588GiqEDSRVbxIMT5BYw-_cxyAQGiuEDSRVbxIMT5BYw-nameaddresscontact_no": {
      "type": "data_clump",
      "key": "fields_to_fields_data_clump-./Recptionist-_n3588GiqEDSRVbxIMT5BYw-_cxyAQGiuEDSRVbxIMT5BYw-nameaddresscontact_no",
      "probability": 1,
      "from_file_path": "./Recptionist",
      "from_class_or_interface_name": "Recptionist",
      "from_class_or_interface_key": "_n3588GiqEDSRVbxIMT5BYw",
      "from_method_name": null,
      "from_method_key": null,
      "to_file_path": "./Bank",
      "to_class_or_interface_key": "_cxyAQGiuEDSRVbxIMT5BYw",
      "to_class_or_interface_name": "Recptionist",
      "to_method_key": null,
      "to_method_name": null,
      "data_clump_type": "fields_to_fields_data_clump",
      "data_clump_data": {
        "_qBI6UGiqEDSRVbxIMT5BYw": {
          "key": "_qBI6UGiqEDSRVbxIMT5BYw",
          "name": "name",
          "type": null,
          "probability": 1,
          "modifiers": [
            "public"
          ],
          "to_variable": {
            "key": "_eh4E4GiuEDSRVbxIMT5BYw",
            "name": "name",
            "type": null,
            "modifiers": [
              "public"
            ],
            "position": {}
          },
          "position": {}
        },
        "_yebPsGiqEDSRVbxIMT5BYw": {
          "key": "_yebPsGiqEDSRVbxIMT5BYw",
          "name": "address",
          "type": null,
          "probability": 1,
          "modifiers": [
            "public"
          ],
          "to_variable": {
            "key": "_lx1EcGiuEDSRVbxIMT5BYw",
            "name": "address",
            "type": null,
            "modifiers": [
              "public"
            ],
            "position": {}
          },
          "position": {}
        },
        "_z9IpYGiqEDSRVbxIMT5BYw": {
          "key": "_z9IpYGiqEDSRVbxIMT5BYw",
          "name": "contact_no",
          "type": null,
          "probability": 1,
          "modifiers": [
            "public"
          ],
          "to_variable": {
            "key": "_e03SUGiuEDSRVbxIMT5BYw",
            "name": "contact_no",
            "type": null,
            "modifiers": [
              "public"
            ],
            "position": {}
          },
          "position": {}
        }
      }
    },
    "fields_to_fields_data_clump-./Recptionist-_n3588GiqEDSRVbxIMT5BYw-_QDpWMGitEDSRVbxIMT5BYw-nameaddresscontact_no": {
      "type": "data_clump",
      "key": "fields_to_fields_data_clump-./Recptionist-_n3588GiqEDSRVbxIMT5BYw-_QDpWMGitEDSRVbxIMT5BYw-nameaddresscontact_no",
      "probability": 1,
      "from_file_path": "./Recptionist",
      "from_class_or_interface_name": "Recptionist",
      "from_class_or_interface_key": "_n3588GiqEDSRVbxIMT5BYw",
      "from_method_name": null,
      "from_method_key": null,
      "to_file_path": "./Doctor",
      "to_class_or_interface_key": "_QDpWMGitEDSRVbxIMT5BYw",
      "to_class_or_interface_name": "Recptionist",
      "to_method_key": null,
      "to_method_name": null,
      "data_clump_type": "fields_to_fields_data_clump",
      "data_clump_data": {
        "_qBI6UGiqEDSRVbxIMT5BYw": {
          "key": "_qBI6UGiqEDSRVbxIMT5BYw",
          "name": "name",
          "type": null,
          "probability": 1,
          "modifiers": [
            "public"
          ],
          "to_variable": {
            "key": "_RHFJIGitEDSRVbxIMT5BYw",
            "name": "name",
            "type": null,
            "modifiers": [
              "public"
            ],
            "position": {}
          },
          "position": {}
        },
        "_yebPsGiqEDSRVbxIMT5BYw": {
          "key": "_yebPsGiqEDSRVbxIMT5BYw",
          "name": "address",
          "type": null,
          "probability": 1,
          "modifiers": [
            "public"
          ],
          "to_variable": {
            "key": "_o_d6kGitEDSRVbxIMT5BYw",
            "name": "address",
            "type": null,
            "modifiers": [
              "public"
            ],
            "position": {}
          },
          "position": {}
        },
        "_z9IpYGiqEDSRVbxIMT5BYw": {
          "key": "_z9IpYGiqEDSRVbxIMT5BYw",
          "name": "contact_no",
          "type": null,
          "probability": 1,
          "modifiers": [
            "public"
          ],
          "to_variable": {
            "key": "_pFeb8GitEDSRVbxIMT5BYw",
            "name": "contact_no",
            "type": null,
            "modifiers": [
              "public"
            ],
            "position": {}
          },
          "position": {}
        }
      }
    },
    "fields_to_fields_data_clump-./Recptionist-_n3588GiqEDSRVbxIMT5BYw-_867gQGipEDSRVbxIMT5BYw-nameaddresscontact_noemail": {
      "type": "data_clump",
      "key": "fields_to_fields_data_clump-./Recptionist-_n3588GiqEDSRVbxIMT5BYw-_867gQGipEDSRVbxIMT5BYw-nameaddresscontact_noemail",
      "probability": 1,
      "from_file_path": "./Recptionist",
      "from_class_or_interface_name": "Recptionist",
      "from_class_or_interface_key": "_n3588GiqEDSRVbxIMT5BYw",
      "from_method_name": null,
      "from_method_key": null,
      "to_file_path": "./Donor",
      "to_class_or_interface_key": "_867gQGipEDSRVbxIMT5BYw",
      "to_class_or_interface_name": "Recptionist",
      "to_method_key": null,
      "to_method_name": null,
      "data_clump_type": "fields_to_fields_data_clump",
      "data_clump_data": {
        "_qBI6UGiqEDSRVbxIMT5BYw": {
          "key": "_qBI6UGiqEDSRVbxIMT5BYw",
          "name": "name",
          "type": null,
          "probability": 1,
          "modifiers": [
            "public"
          ],
          "to_variable": {
            "key": "_IwOTQGiqEDSRVbxIMT5BYw",
            "name": "name",
            "type": null,
            "modifiers": [
              "public"
            ],
            "position": {}
          },
          "position": {}
        },
        "_yebPsGiqEDSRVbxIMT5BYw": {
          "key": "_yebPsGiqEDSRVbxIMT5BYw",
          "name": "address",
          "type": null,
          "probability": 1,
          "modifiers": [
            "public"
          ],
          "to_variable": {
            "key": "_N6TLcGiqEDSRVbxIMT5BYw",
            "name": "address",
            "type": null,
            "modifiers": [
              "public"
            ],
            "position": {}
          },
          "position": {}
        },
        "_z9IpYGiqEDSRVbxIMT5BYw": {
          "key": "_z9IpYGiqEDSRVbxIMT5BYw",
          "name": "contact_no",
          "type": null,
          "probability": 1,
          "modifiers": [
            "public"
          ],
          "to_variable": {
            "key": "_Su1RcGiqEDSRVbxIMT5BYw",
            "name": "contact_no",
            "type": null,
            "modifiers": [
              "public"
            ],
            "position": {}
          },
          "position": {}
        },
        "_2ayXkGiqEDSRVbxIMT5BYw": {
          "key": "_2ayXkGiqEDSRVbxIMT5BYw",
          "name": "email",
          "type": null,
          "probability": 1,
          "modifiers": [
            "public"
          ],
          "to_variable": {
            "key": "_VPXUgGiqEDSRVbxIMT5BYw",
            "name": "email",
            "type": null,
            "modifiers": [
              "public"
            ],
            "position": {}
          },
          "position": {}
        }
      }
    },
    "fields_to_fields_data_clump-./Recptionist-_n3588GiqEDSRVbxIMT5BYw-_HdC3UGiuEDSRVbxIMT5BYw-nameaddresscontact_no": {
      "type": "data_clump",
      "key": "fields_to_fields_data_clump-./Recptionist-_n3588GiqEDSRVbxIMT5BYw-_HdC3UGiuEDSRVbxIMT5BYw-nameaddresscontact_no",
      "probability": 1,
      "from_file_path": "./Recptionist",
      "from_class_or_interface_name": "Recptionist",
      "from_class_or_interface_key": "_n3588GiqEDSRVbxIMT5BYw",
      "from_method_name": null,
      "from_method_key": null,
      "to_file_path": "./Labtechnician",
      "to_class_or_interface_key": "_HdC3UGiuEDSRVbxIMT5BYw",
      "to_class_or_interface_name": "Recptionist",
      "to_method_key": null,
      "to_method_name": null,
      "data_clump_type": "fields_to_fields_data_clump",
      "data_clump_data": {
        "_qBI6UGiqEDSRVbxIMT5BYw": {
          "key": "_qBI6UGiqEDSRVbxIMT5BYw",
          "name": "name",
          "type": null,
          "probability": 1,
          "modifiers": [
            "public"
          ],
          "to_variable": {
            "key": "_JK3EAGiuEDSRVbxIMT5BYw",
            "name": "name",
            "type": null,
            "modifiers": [
              "public"
            ],
            "position": {}
          },
          "position": {}
        },
        "_yebPsGiqEDSRVbxIMT5BYw": {
          "key": "_yebPsGiqEDSRVbxIMT5BYw",
          "name": "address",
          "type": null,
          "probability": 1,
          "modifiers": [
            "public"
          ],
          "to_variable": {
            "key": "_JsgYgGiuEDSRVbxIMT5BYw",
            "name": "address",
            "type": null,
            "modifiers": [
              "public"
            ],
            "position": {}
          },
          "position": {}
        },
        "_z9IpYGiqEDSRVbxIMT5BYw": {
          "key": "_z9IpYGiqEDSRVbxIMT5BYw",
          "name": "contact_no",
          "type": null,
          "probability": 1,
          "modifiers": [
            "public"
          ],
          "to_variable": {
            "key": "_Jf3DoGiuEDSRVbxIMT5BYw",
            "name": "contact_no",
            "type": null,
            "modifiers": [
              "public"
            ],
            "position": {}
          },
          "position": {}
        }
      }
    },
    "fields_to_fields_data_clump-./Recptionist-_n3588GiqEDSRVbxIMT5BYw-_mpkFEGirEDSRVbxIMT5BYw-nameaddresscontact_no": {
      "type": "data_clump",
      "key": "fields_to_fields_data_clump-./Recptionist-_n3588GiqEDSRVbxIMT5BYw-_mpkFEGirEDSRVbxIMT5BYw-nameaddresscontact_no",
      "probability": 1,
      "from_file_path": "./Recptionist",
      "from_class_or_interface_name": "Recptionist",
      "from_class_or_interface_key": "_n3588GiqEDSRVbxIMT5BYw",
      "from_method_name": null,
      "from_method_key": null,
      "to_file_path": "./Nurse",
      "to_class_or_interface_key": "_mpkFEGirEDSRVbxIMT5BYw",
      "to_class_or_interface_name": "Recptionist",
      "to_method_key": null,
      "to_method_name": null,
      "data_clump_type": "fields_to_fields_data_clump",
      "data_clump_data": {
        "_qBI6UGiqEDSRVbxIMT5BYw": {
          "key": "_qBI6UGiqEDSRVbxIMT5BYw",
          "name": "name",
          "type": null,
          "probability": 1,
          "modifiers": [
            "public"
          ],
          "to_variable": {
            "key": "_oJSycGirEDSRVbxIMT5BYw",
            "name": "name",
            "type": null,
            "modifiers": [
              "public"
            ],
            "position": {}
          },
          "position": {}
        },
        "_yebPsGiqEDSRVbxIMT5BYw": {
          "key": "_yebPsGiqEDSRVbxIMT5BYw",
          "name": "address",
          "type": null,
          "probability": 1,
          "modifiers": [
            "public"
          ],
          "to_variable": {
            "key": "_os5OwGirEDSRVbxIMT5BYw",
            "name": "address",
            "type": null,
            "modifiers": [
              "public"
            ],
            "position": {}
          },
          "position": {}
        },
        "_z9IpYGiqEDSRVbxIMT5BYw": {
          "key": "_z9IpYGiqEDSRVbxIMT5BYw",
          "name": "contact_no",
          "type": null,
          "probability": 1,
          "modifiers": [
            "public"
          ],
          "to_variable": {
            "key": "_omrSAGirEDSRVbxIMT5BYw",
            "name": "contact_no",
            "type": null,
            "modifiers": [
              "public"
            ],
            "position": {}
          },
          "position": {}
        }
      }
    }
  }
}