{
  "report_version": "unknown",
  "report_timestamp": "2025-03-26T22:51:27.157Z",
  "target_language": "java",
  "report_summary": {
    "additional": null,
    "amount_classes_or_interfaces_with_data_clumps": 2,
    "amount_files_with_data_clumps": 2,
    "amount_methods_with_data_clumps": 0,
    "fields_to_fields_data_clump": 2,
    "parameters_to_fields_data_clump": 0,
    "parameters_to_parameters_data_clump": 0,
    "amount_data_clumps": 2
  },
  "project_info": {
    "project_url": "unknown_project_url",
    "project_name": "_YScGoCg3EeiPVdzzAv5aug",
    "project_version": "unknown_project_version",
    "project_commit_hash": "unknown",
    "project_tag": null,
    "project_commit_date": null,
    "additional": {},
    "number_of_files": 8,
    "number_of_classes_or_interfaces": 8,
    "number_of_methods": 0,
    "number_of_data_fields": 41,
    "number_of_method_parameters": 0
  },
  "detector": {
    "name": "data-clumps-doctor",
    "url": "https://github.com/NilsBaumgartner1994/data-clumps-doctor",
    "version": "0.1.100",
    "options": {
      "typeVariablesConsidered": false,
      "similarityModifierOfVariablesWithUnknownType": 0,
      "fieldsOfClassesWithUnknownHierarchyProbabilityModifier": 0,
      "sharedFieldsToFieldsAmountMinimum": 3,
      "analyseFieldsInClassesOrInterfacesInheritedFromSuperClassesOrInterfaces": false,
      "sharedParametersToParametersAmountMinimum": 3,
      "sharedParametersToFieldsAmountMinimum": 3,
      "methodsOfClassesOrInterfacesWithUnknownHierarchyProbabilityModifier": 0
    }
  },
  "data_clumps": {
    "fields_to_fields_data_clump-./Korisnik-_3OrIcApuEDaJ5e1E5xO8qw-_q-zSQApuEDaJ5e1E5xO8qw-VlasnikIDPrezimeImeJMBGAdresaGradKontakt": {
      "type": "data_clump",
      "key": "fields_to_fields_data_clump-./Korisnik-_3OrIcApuEDaJ5e1E5xO8qw-_q-zSQApuEDaJ5e1E5xO8qw-VlasnikIDPrezimeImeJMBGAdresaGradKontakt",
      "probability": 1,
      "from_file_path": "./Korisnik",
      "from_class_or_interface_name": "Korisnik",
      "from_class_or_interface_key": "_3OrIcApuEDaJ5e1E5xO8qw",
      "from_method_name": null,
      "from_method_key": null,
      "to_file_path": "./Vlasnik",
      "to_class_or_interface_key": "_q-zSQApuEDaJ5e1E5xO8qw",
      "to_class_or_interface_name": "Korisnik",
      "to_method_key": null,
      "to_method_name": null,
      "data_clump_type": "fields_to_fields_data_clump",
      "data_clump_data": {
        "_1zOMMApwEDaJ5e1E5xO8qw": {
          "key": "_1zOMMApwEDaJ5e1E5xO8qw",
          "name": "VlasnikID",
          "type": null,
          "probability": 1,
          "modifiers": [
            "private"
          ],
          "to_variable": {
            "key": "_TlW0sApwEDaJ5e1E5xO8qw",
            "name": "VlasnikID",
            "type": null,
            "modifiers": [
              "private"
            ],
            "position": {}
          },
          "position": {}
        },
        "_1zQBYApwEDaJ5e1E5xO8qw": {
          "key": "_1zQBYApwEDaJ5e1E5xO8qw",
          "name": "Prezime",
          "type": null,
          "probability": 1,
          "modifiers": [
            "private"
          ],
          "to_variable": {
            "key": "_lD_OwApwEDaJ5e1E5xO8qw",
            "name": "Prezime",
            "type": null,
            "modifiers": [
              "private"
            ],
            "position": {}
          },
          "position": {}
        },
        "_1zPaUApwEDaJ5e1E5xO8qw": {
          "key": "_1zPaUApwEDaJ5e1E5xO8qw",
          "name": "Ime",
          "type": null,
          "probability": 1,
          "modifiers": [
            "private"
          ],
          "to_variable": {
            "key": "_iG_5MApwEDaJ5e1E5xO8qw",
            "name": "Ime",
            "type": null,
            "modifiers": [
              "private"
            ],
            "position": {}
          },
          "position": {}
        },
        "_1zRPgApwEDaJ5e1E5xO8qw": {
          "key": "_1zRPgApwEDaJ5e1E5xO8qw",
          "name": "JMBG",
          "type": null,
          "probability": 1,
          "modifiers": [
            "private"
          ],
          "to_variable": {
            "key": "_mrQukQpwEDaJ5e1E5xO8qw",
            "name": "JMBG",
            "type": null,
            "modifiers": [
              "private"
            ],
            "position": {}
          },
          "position": {}
        },
        "_1zR2kApwEDaJ5e1E5xO8qw": {
          "key": "_1zR2kApwEDaJ5e1E5xO8qw",
          "name": "Adresa",
          "type": null,
          "probability": 1,
          "modifiers": [
            "private"
          ],
          "to_variable": {
            "key": "_s0mEUApwEDaJ5e1E5xO8qw",
            "name": "Adresa",
            "type": null,
            "modifiers": [
              "private"
            ],
            "position": {}
          },
          "position": {}
        },
        "_1zTrwApwEDaJ5e1E5xO8qw": {
          "key": "_1zTrwApwEDaJ5e1E5xO8qw",
          "name": "Grad",
          "type": null,
          "probability": 1,
          "modifiers": [
            "private"
          ],
          "to_variable": {
            "key": "_uGlQoQpwEDaJ5e1E5xO8qw",
            "name": "Grad",
            "type": null,
            "modifiers": [
              "private"
            ],
            "position": {}
          },
          "position": {}
        },
        "_1zVg8ApwEDaJ5e1E5xO8qw": {
          "key": "_1zVg8ApwEDaJ5e1E5xO8qw",
          "name": "Kontakt",
          "type": null,
          "probability": 1,
          "modifiers": [
            "private"
          ],
          "to_variable": {
            "key": "_vJ-AQApwEDaJ5e1E5xO8qw",
            "name": "Kontakt",
            "type": null,
            "modifiers": [
              "private"
            ],
            "position": {}
          },
          "position": {}
        }
      }
    },
    "fields_to_fields_data_clump-./Vlasnik-_q-zSQApuEDaJ5e1E5xO8qw-_3OrIcApuEDaJ5e1E5xO8qw-VlasnikIDImePrezimeJMBGAdresaGradKontakt": {
      "type": "data_clump",
      "key": "fields_to_fields_data_clump-./Vlasnik-_q-zSQApuEDaJ5e1E5xO8qw-_3OrIcApuEDaJ5e1E5xO8qw-VlasnikIDImePrezimeJMBGAdresaGradKontakt",
      "probability": 1,
      "from_file_path": "./Vlasnik",
      "from_class_or_interface_name": "Vlasnik",
      "from_class_or_interface_key": "_q-zSQApuEDaJ5e1E5xO8qw",
      "from_method_name": null,
      "from_method_key": null,
      "to_file_path": "./Korisnik",
      "to_class_or_interface_key": "_3OrIcApuEDaJ5e1E5xO8qw",
      "to_class_or_interface_name": "Vlasnik",
      "to_method_key": null,
      "to_method_name": null,
      "data_clump_type": "fields_to_fields_data_clump",
      "data_clump_data": {
        "_TlW0sApwEDaJ5e1E5xO8qw": {
          "key": "_TlW0sApwEDaJ5e1E5xO8qw",
          "name": "VlasnikID",
          "type": null,
          "probability": 1,
          "modifiers": [
            "private"
          ],
          "to_variable": {
            "key": "_1zOMMApwEDaJ5e1E5xO8qw",
            "name": "VlasnikID",
            "type": null,
            "modifiers": [
              "private"
            ],
            "position": {}
          },
          "position": {}
        },
        "_iG_5MApwEDaJ5e1E5xO8qw": {
          "key": "_iG_5MApwEDaJ5e1E5xO8qw",
          "name": "Ime",
          "type": null,
          "probability": 1,
          "modifiers": [
            "private"
          ],
          "to_variable": {
            "key": "_1zPaUApwEDaJ5e1E5xO8qw",
            "name": "Ime",
            "type": null,
            "modifiers": [
              "private"
            ],
            "position": {}
          },
          "position": {}
        },
        "_lD_OwApwEDaJ5e1E5xO8qw": {
          "key": "_lD_OwApwEDaJ5e1E5xO8qw",
          "name": "Prezime",
          "type": null,
          "probability": 1,
          "modifiers": [
            "private"
          ],
          "to_variable": {
            "key": "_1zQBYApwEDaJ5e1E5xO8qw",
            "name": "Prezime",
            "type": null,
            "modifiers": [
              "private"
            ],
            "position": {}
          },
          "position": {}
        },
        "_mrQukQpwEDaJ5e1E5xO8qw": {
          "key": "_mrQukQpwEDaJ5e1E5xO8qw",
          "name": "JMBG",
          "type": null,
          "probability": 1,
          "modifiers": [
            "private"
          ],
          "to_variable": {
            "key": "_1zRPgApwEDaJ5e1E5xO8qw",
            "name": "JMBG",
            "type": null,
            "modifiers": [
              "private"
            ],
            "position": {}
          },
          "position": {}
        },
        "_s0mEUApwEDaJ5e1E5xO8qw": {
          "key": "_s0mEUApwEDaJ5e1E5xO8qw",
          "name": "Adresa",
          "type": null,
          "probability": 1,
          "modifiers": [
            "private"
          ],
          "to_variable": {
            "key": "_1zR2kApwEDaJ5e1E5xO8qw",
            "name": "Adresa",
            "type": null,
            "modifiers": [
              "private"
            ],
            "position": {}
          },
          "position": {}
        },
        "_uGlQoQpwEDaJ5e1E5xO8qw": {
          "key": "_uGlQoQpwEDaJ5e1E5xO8qw",
          "name": "Grad",
          "type": null,
          "probability": 1,
          "modifiers": [
            "private"
          ],
          "to_variable": {
            "key": "_1zTrwApwEDaJ5e1E5xO8qw",
            "name": "Grad",
            "type": null,
            "modifiers": [
              "private"
            ],
            "position": {}
          },
          "position": {}
        },
        "_vJ-AQApwEDaJ5e1E5xO8qw": {
          "key": "_vJ-AQApwEDaJ5e1E5xO8qw",
          "name": "Kontakt",
          "type": null,
          "probability": 1,
          "modifiers": [
            "private"
          ],
          "to_variable": {
            "key": "_1zVg8ApwEDaJ5e1E5xO8qw",
            "name": "Kontakt",
            "type": null,
            "modifiers": [
              "private"
            ],
            "position": {}
          },
          "position": {}
        }
      }
    }
  }
}