{
  "report_version": "unknown",
  "report_timestamp": "2025-03-26T22:57:24.556Z",
  "target_language": "java",
  "report_summary": {
    "additional": null,
    "amount_classes_or_interfaces_with_data_clumps": 3,
    "amount_files_with_data_clumps": 3,
    "amount_methods_with_data_clumps": 0,
    "fields_to_fields_data_clump": 6,
    "parameters_to_fields_data_clump": 0,
    "parameters_to_parameters_data_clump": 0,
    "amount_data_clumps": 6
  },
  "project_info": {
    "project_url": "unknown_project_url",
    "project_name": "_01GEUGWIEeS3yOrtnopAkA",
    "project_version": "unknown_project_version",
    "project_commit_hash": "unknown",
    "project_tag": null,
    "project_commit_date": null,
    "additional": {},
    "number_of_files": 4,
    "number_of_classes_or_interfaces": 4,
    "number_of_methods": 21,
    "number_of_data_fields": 9,
    "number_of_method_parameters": 12
  },
  "detector": {
    "name": "data-clumps-doctor",
    "url": "https://github.com/NilsBaumgartner1994/data-clumps-doctor",
    "version": "0.1.100",
    "options": {
      "typeVariablesConsidered": false,
      "similarityModifierOfVariablesWithUnknownType": 0,
      "fieldsOfClassesWithUnknownHierarchyProbabilityModifier": 0,
      "sharedFieldsToFieldsAmountMinimum": 3,
      "analyseFieldsInClassesOrInterfacesInheritedFromSuperClassesOrInterfaces": false,
      "sharedParametersToParametersAmountMinimum": 3,
      "sharedParametersToFieldsAmountMinimum": 3,
      "methodsOfClassesOrInterfacesWithUnknownHierarchyProbabilityModifier": 0
    }
  },
  "data_clumps": {
    "fields_to_fields_data_clump-./Abuelos-_ZU6ZkEe3EDKEPfCFnmYClw-_AFVWQEe4EDKEPfCFnmYClw-nombreapellidoedad": {
      "type": "data_clump",
      "key": "fields_to_fields_data_clump-./Abuelos-_ZU6ZkEe3EDKEPfCFnmYClw-_AFVWQEe4EDKEPfCFnmYClw-nombreapellidoedad",
      "probability": 1,
      "from_file_path": "./Abuelos",
      "from_class_or_interface_name": "Abuelos",
      "from_class_or_interface_key": "_ZU6ZkEe3EDKEPfCFnmYClw",
      "from_method_name": null,
      "from_method_key": null,
      "to_file_path": "./Hijos",
      "to_class_or_interface_key": "_AFVWQEe4EDKEPfCFnmYClw",
      "to_class_or_interface_name": "Abuelos",
      "to_method_key": null,
      "to_method_name": null,
      "data_clump_type": "fields_to_fields_data_clump",
      "data_clump_data": {
        "_CFDV0Ee5EDKEPfCFnmYClw": {
          "key": "_CFDV0Ee5EDKEPfCFnmYClw",
          "name": "nombre",
          "type": null,
          "probability": 1,
          "modifiers": [
            "private"
          ],
          "to_variable": {
            "key": "_XbBN0Ee5EDKEPfCFnmYClw",
            "name": "nombre",
            "type": null,
            "modifiers": [
              "private"
            ],
            "position": {}
          },
          "position": {}
        },
        "_WujegEe7EDKEPfCFnmYClw": {
          "key": "_WujegEe7EDKEPfCFnmYClw",
          "name": "apellido",
          "type": null,
          "probability": 1,
          "modifiers": [
            "private"
          ],
          "to_variable": {
            "key": "_vObtwEe7EDKEPfCFnmYClw",
            "name": "apellido",
            "type": null,
            "modifiers": [
              "private"
            ],
            "position": {}
          },
          "position": {}
        },
        "_4I10AErcEDKskcWv8k4JzQ": {
          "key": "_4I10AErcEDKskcWv8k4JzQ",
          "name": "edad",
          "type": null,
          "probability": 1,
          "modifiers": [
            "private"
          ],
          "to_variable": {
            "key": "_2s4MUErcEDKskcWv8k4JzQ",
            "name": "edad",
            "type": null,
            "modifiers": [
              "private"
            ],
            "position": {}
          },
          "position": {}
        }
      }
    },
    "fields_to_fields_data_clump-./Abuelos-_ZU6ZkEe3EDKEPfCFnmYClw-_9KrjAEe3EDKEPfCFnmYClw-nombreapellidoedad": {
      "type": "data_clump",
      "key": "fields_to_fields_data_clump-./Abuelos-_ZU6ZkEe3EDKEPfCFnmYClw-_9KrjAEe3EDKEPfCFnmYClw-nombreapellidoedad",
      "probability": 1,
      "from_file_path": "./Abuelos",
      "from_class_or_interface_name": "Abuelos",
      "from_class_or_interface_key": "_ZU6ZkEe3EDKEPfCFnmYClw",
      "from_method_name": null,
      "from_method_key": null,
      "to_file_path": "./Padres",
      "to_class_or_interface_key": "_9KrjAEe3EDKEPfCFnmYClw",
      "to_class_or_interface_name": "Abuelos",
      "to_method_key": null,
      "to_method_name": null,
      "data_clump_type": "fields_to_fields_data_clump",
      "data_clump_data": {
        "_CFDV0Ee5EDKEPfCFnmYClw": {
          "key": "_CFDV0Ee5EDKEPfCFnmYClw",
          "name": "nombre",
          "type": null,
          "probability": 1,
          "modifiers": [
            "private"
          ],
          "to_variable": {
            "key": "_TGgEoEe5EDKEPfCFnmYClw",
            "name": "nombre",
            "type": null,
            "modifiers": [
              "private"
            ],
            "position": {}
          },
          "position": {}
        },
        "_WujegEe7EDKEPfCFnmYClw": {
          "key": "_WujegEe7EDKEPfCFnmYClw",
          "name": "apellido",
          "type": null,
          "probability": 1,
          "modifiers": [
            "private"
          ],
          "to_variable": {
            "key": "_3YvcwEe7EDKEPfCFnmYClw",
            "name": "apellido",
            "type": null,
            "modifiers": [
              "private"
            ],
            "position": {}
          },
          "position": {}
        },
        "_4I10AErcEDKskcWv8k4JzQ": {
          "key": "_4I10AErcEDKskcWv8k4JzQ",
          "name": "edad",
          "type": null,
          "probability": 1,
          "modifiers": [
            "private"
          ],
          "to_variable": {
            "key": "_0pvP4ErcEDKskcWv8k4JzQ",
            "name": "edad",
            "type": null,
            "modifiers": [
              "private"
            ],
            "position": {}
          },
          "position": {}
        }
      }
    },
    "fields_to_fields_data_clump-./Hijos-_AFVWQEe4EDKEPfCFnmYClw-_ZU6ZkEe3EDKEPfCFnmYClw-nombreapellidoedad": {
      "type": "data_clump",
      "key": "fields_to_fields_data_clump-./Hijos-_AFVWQEe4EDKEPfCFnmYClw-_ZU6ZkEe3EDKEPfCFnmYClw-nombreapellidoedad",
      "probability": 1,
      "from_file_path": "./Hijos",
      "from_class_or_interface_name": "Hijos",
      "from_class_or_interface_key": "_AFVWQEe4EDKEPfCFnmYClw",
      "from_method_name": null,
      "from_method_key": null,
      "to_file_path": "./Abuelos",
      "to_class_or_interface_key": "_ZU6ZkEe3EDKEPfCFnmYClw",
      "to_class_or_interface_name": "Hijos",
      "to_method_key": null,
      "to_method_name": null,
      "data_clump_type": "fields_to_fields_data_clump",
      "data_clump_data": {
        "_XbBN0Ee5EDKEPfCFnmYClw": {
          "key": "_XbBN0Ee5EDKEPfCFnmYClw",
          "name": "nombre",
          "type": null,
          "probability": 1,
          "modifiers": [
            "private"
          ],
          "to_variable": {
            "key": "_CFDV0Ee5EDKEPfCFnmYClw",
            "name": "nombre",
            "type": null,
            "modifiers": [
              "private"
            ],
            "position": {}
          },
          "position": {}
        },
        "_vObtwEe7EDKEPfCFnmYClw": {
          "key": "_vObtwEe7EDKEPfCFnmYClw",
          "name": "apellido",
          "type": null,
          "probability": 1,
          "modifiers": [
            "private"
          ],
          "to_variable": {
            "key": "_WujegEe7EDKEPfCFnmYClw",
            "name": "apellido",
            "type": null,
            "modifiers": [
              "private"
            ],
            "position": {}
          },
          "position": {}
        },
        "_2s4MUErcEDKskcWv8k4JzQ": {
          "key": "_2s4MUErcEDKskcWv8k4JzQ",
          "name": "edad",
          "type": null,
          "probability": 1,
          "modifiers": [
            "private"
          ],
          "to_variable": {
            "key": "_4I10AErcEDKskcWv8k4JzQ",
            "name": "edad",
            "type": null,
            "modifiers": [
              "private"
            ],
            "position": {}
          },
          "position": {}
        }
      }
    },
    "fields_to_fields_data_clump-./Hijos-_AFVWQEe4EDKEPfCFnmYClw-_9KrjAEe3EDKEPfCFnmYClw-nombreapellidoedad": {
      "type": "data_clump",
      "key": "fields_to_fields_data_clump-./Hijos-_AFVWQEe4EDKEPfCFnmYClw-_9KrjAEe3EDKEPfCFnmYClw-nombreapellidoedad",
      "probability": 1,
      "from_file_path": "./Hijos",
      "from_class_or_interface_name": "Hijos",
      "from_class_or_interface_key": "_AFVWQEe4EDKEPfCFnmYClw",
      "from_method_name": null,
      "from_method_key": null,
      "to_file_path": "./Padres",
      "to_class_or_interface_key": "_9KrjAEe3EDKEPfCFnmYClw",
      "to_class_or_interface_name": "Hijos",
      "to_method_key": null,
      "to_method_name": null,
      "data_clump_type": "fields_to_fields_data_clump",
      "data_clump_data": {
        "_XbBN0Ee5EDKEPfCFnmYClw": {
          "key": "_XbBN0Ee5EDKEPfCFnmYClw",
          "name": "nombre",
          "type": null,
          "probability": 1,
          "modifiers": [
            "private"
          ],
          "to_variable": {
            "key": "_TGgEoEe5EDKEPfCFnmYClw",
            "name": "nombre",
            "type": null,
            "modifiers": [
              "private"
            ],
            "position": {}
          },
          "position": {}
        },
        "_vObtwEe7EDKEPfCFnmYClw": {
          "key": "_vObtwEe7EDKEPfCFnmYClw",
          "name": "apellido",
          "type": null,
          "probability": 1,
          "modifiers": [
            "private"
          ],
          "to_variable": {
            "key": "_3YvcwEe7EDKEPfCFnmYClw",
            "name": "apellido",
            "type": null,
            "modifiers": [
              "private"
            ],
            "position": {}
          },
          "position": {}
        },
        "_2s4MUErcEDKskcWv8k4JzQ": {
          "key": "_2s4MUErcEDKskcWv8k4JzQ",
          "name": "edad",
          "type": null,
          "probability": 1,
          "modifiers": [
            "private"
          ],
          "to_variable": {
            "key": "_0pvP4ErcEDKskcWv8k4JzQ",
            "name": "edad",
            "type": null,
            "modifiers": [
              "private"
            ],
            "position": {}
          },
          "position": {}
        }
      }
    },
    "fields_to_fields_data_clump-./Padres-_9KrjAEe3EDKEPfCFnmYClw-_ZU6ZkEe3EDKEPfCFnmYClw-nombreapellidoedad": {
      "type": "data_clump",
      "key": "fields_to_fields_data_clump-./Padres-_9KrjAEe3EDKEPfCFnmYClw-_ZU6ZkEe3EDKEPfCFnmYClw-nombreapellidoedad",
      "probability": 1,
      "from_file_path": "./Padres",
      "from_class_or_interface_name": "Padres",
      "from_class_or_interface_key": "_9KrjAEe3EDKEPfCFnmYClw",
      "from_method_name": null,
      "from_method_key": null,
      "to_file_path": "./Abuelos",
      "to_class_or_interface_key": "_ZU6ZkEe3EDKEPfCFnmYClw",
      "to_class_or_interface_name": "Padres",
      "to_method_key": null,
      "to_method_name": null,
      "data_clump_type": "fields_to_fields_data_clump",
      "data_clump_data": {
        "_TGgEoEe5EDKEPfCFnmYClw": {
          "key": "_TGgEoEe5EDKEPfCFnmYClw",
          "name": "nombre",
          "type": null,
          "probability": 1,
          "modifiers": [
            "private"
          ],
          "to_variable": {
            "key": "_CFDV0Ee5EDKEPfCFnmYClw",
            "name": "nombre",
            "type": null,
            "modifiers": [
              "private"
            ],
            "position": {}
          },
          "position": {}
        },
        "_3YvcwEe7EDKEPfCFnmYClw": {
          "key": "_3YvcwEe7EDKEPfCFnmYClw",
          "name": "apellido",
          "type": null,
          "probability": 1,
          "modifiers": [
            "private"
          ],
          "to_variable": {
            "key": "_WujegEe7EDKEPfCFnmYClw",
            "name": "apellido",
            "type": null,
            "modifiers": [
              "private"
            ],
            "position": {}
          },
          "position": {}
        },
        "_0pvP4ErcEDKskcWv8k4JzQ": {
          "key": "_0pvP4ErcEDKskcWv8k4JzQ",
          "name": "edad",
          "type": null,
          "probability": 1,
          "modifiers": [
            "private"
          ],
          "to_variable": {
            "key": "_4I10AErcEDKskcWv8k4JzQ",
            "name": "edad",
            "type": null,
            "modifiers": [
              "private"
            ],
            "position": {}
          },
          "position": {}
        }
      }
    },
    "fields_to_fields_data_clump-./Padres-_9KrjAEe3EDKEPfCFnmYClw-_AFVWQEe4EDKEPfCFnmYClw-nombreapellidoedad": {
      "type": "data_clump",
      "key": "fields_to_fields_data_clump-./Padres-_9KrjAEe3EDKEPfCFnmYClw-_AFVWQEe4EDKEPfCFnmYClw-nombreapellidoedad",
      "probability": 1,
      "from_file_path": "./Padres",
      "from_class_or_interface_name": "Padres",
      "from_class_or_interface_key": "_9KrjAEe3EDKEPfCFnmYClw",
      "from_method_name": null,
      "from_method_key": null,
      "to_file_path": "./Hijos",
      "to_class_or_interface_key": "_AFVWQEe4EDKEPfCFnmYClw",
      "to_class_or_interface_name": "Padres",
      "to_method_key": null,
      "to_method_name": null,
      "data_clump_type": "fields_to_fields_data_clump",
      "data_clump_data": {
        "_TGgEoEe5EDKEPfCFnmYClw": {
          "key": "_TGgEoEe5EDKEPfCFnmYClw",
          "name": "nombre",
          "type": null,
          "probability": 1,
          "modifiers": [
            "private"
          ],
          "to_variable": {
            "key": "_XbBN0Ee5EDKEPfCFnmYClw",
            "name": "nombre",
            "type": null,
            "modifiers": [
              "private"
            ],
            "position": {}
          },
          "position": {}
        },
        "_3YvcwEe7EDKEPfCFnmYClw": {
          "key": "_3YvcwEe7EDKEPfCFnmYClw",
          "name": "apellido",
          "type": null,
          "probability": 1,
          "modifiers": [
            "private"
          ],
          "to_variable": {
            "key": "_vObtwEe7EDKEPfCFnmYClw",
            "name": "apellido",
            "type": null,
            "modifiers": [
              "private"
            ],
            "position": {}
          },
          "position": {}
        },
        "_0pvP4ErcEDKskcWv8k4JzQ": {
          "key": "_0pvP4ErcEDKskcWv8k4JzQ",
          "name": "edad",
          "type": null,
          "probability": 1,
          "modifiers": [
            "private"
          ],
          "to_variable": {
            "key": "_2s4MUErcEDKskcWv8k4JzQ",
            "name": "edad",
            "type": null,
            "modifiers": [
              "private"
            ],
            "position": {}
          },
          "position": {}
        }
      }
    }
  }
}