{
  "report_version": "unknown",
  "report_timestamp": "2025-03-26T22:42:43.970Z",
  "target_language": "java",
  "report_summary": {
    "additional": null,
    "amount_classes_or_interfaces_with_data_clumps": 9,
    "amount_files_with_data_clumps": 9,
    "amount_methods_with_data_clumps": 0,
    "fields_to_fields_data_clump": 24,
    "parameters_to_fields_data_clump": 0,
    "parameters_to_parameters_data_clump": 0,
    "amount_data_clumps": 24
  },
  "project_info": {
    "project_url": "unknown_project_url",
    "project_name": "_1icOUKB-Eey6N7ehWr0kcg",
    "project_version": "unknown_project_version",
    "project_commit_hash": "unknown",
    "project_tag": null,
    "project_commit_date": null,
    "additional": {},
    "number_of_files": 41,
    "number_of_classes_or_interfaces": 41,
    "number_of_methods": 28,
    "number_of_data_fields": 96,
    "number_of_method_parameters": 0
  },
  "detector": {
    "name": "data-clumps-doctor",
    "url": "https://github.com/NilsBaumgartner1994/data-clumps-doctor",
    "version": "0.1.100",
    "options": {
      "typeVariablesConsidered": false,
      "similarityModifierOfVariablesWithUnknownType": 0,
      "fieldsOfClassesWithUnknownHierarchyProbabilityModifier": 0,
      "sharedFieldsToFieldsAmountMinimum": 3,
      "analyseFieldsInClassesOrInterfacesInheritedFromSuperClassesOrInterfaces": false,
      "sharedParametersToParametersAmountMinimum": 3,
      "sharedParametersToFieldsAmountMinimum": 3,
      "methodsOfClassesOrInterfacesWithUnknownHierarchyProbabilityModifier": 0
    }
  },
  "data_clumps": {
    "fields_to_fields_data_clump-./BEBIDAS-_mad2IINMEDq50cBTFpqB9g-_lkyLUINMEDq50cBTFpqB9g-nombreprecioid_cocina": {
      "type": "data_clump",
      "key": "fields_to_fields_data_clump-./BEBIDAS-_mad2IINMEDq50cBTFpqB9g-_lkyLUINMEDq50cBTFpqB9g-nombreprecioid_cocina",
      "probability": 1,
      "from_file_path": "./BEBIDAS",
      "from_class_or_interface_name": "BEBIDAS",
      "from_class_or_interface_key": "_mad2IINMEDq50cBTFpqB9g",
      "from_method_name": null,
      "from_method_key": null,
      "to_file_path": "./HORCHATAS",
      "to_class_or_interface_key": "_lkyLUINMEDq50cBTFpqB9g",
      "to_class_or_interface_name": "BEBIDAS",
      "to_method_key": null,
      "to_method_name": null,
      "data_clump_type": "fields_to_fields_data_clump",
      "data_clump_data": {
        "_qTbAgINTEDq50cBTFpqB9g": {
          "key": "_qTbAgINTEDq50cBTFpqB9g",
          "name": "nombre",
          "type": null,
          "probability": 1,
          "modifiers": [
            "public"
          ],
          "to_variable": {
            "key": "_orgAcINTEDq50cBTFpqB9g",
            "name": "nombre",
            "type": null,
            "modifiers": [
              "public"
            ],
            "position": {}
          },
          "position": {}
        },
        "_qkjMwINTEDq50cBTFpqB9g": {
          "key": "_qkjMwINTEDq50cBTFpqB9g",
          "name": "precio",
          "type": null,
          "probability": 1,
          "modifiers": [
            "public"
          ],
          "to_variable": {
            "key": "_o-5dkINTEDq50cBTFpqB9g",
            "name": "precio",
            "type": null,
            "modifiers": [
              "public"
            ],
            "position": {}
          },
          "position": {}
        },
        "_q1DG4INTEDq50cBTFpqB9g": {
          "key": "_q1DG4INTEDq50cBTFpqB9g",
          "name": "id_cocina",
          "type": null,
          "probability": 1,
          "modifiers": [
            "public"
          ],
          "to_variable": {
            "key": "_pRMHcINTEDq50cBTFpqB9g",
            "name": "id_cocina",
            "type": null,
            "modifiers": [
              "public"
            ],
            "position": {}
          },
          "position": {}
        }
      }
    },
    "fields_to_fields_data_clump-./BEBIDAS-_mad2IINMEDq50cBTFpqB9g-_k_AkwINMEDq50cBTFpqB9g-nombreprecioingredientesid_cocina": {
      "type": "data_clump",
      "key": "fields_to_fields_data_clump-./BEBIDAS-_mad2IINMEDq50cBTFpqB9g-_k_AkwINMEDq50cBTFpqB9g-nombreprecioingredientesid_cocina",
      "probability": 1,
      "from_file_path": "./BEBIDAS",
      "from_class_or_interface_name": "BEBIDAS",
      "from_class_or_interface_key": "_mad2IINMEDq50cBTFpqB9g",
      "from_method_name": null,
      "from_method_key": null,
      "to_file_path": "./KIBIS",
      "to_class_or_interface_key": "_k_AkwINMEDq50cBTFpqB9g",
      "to_class_or_interface_name": "BEBIDAS",
      "to_method_key": null,
      "to_method_name": null,
      "data_clump_type": "fields_to_fields_data_clump",
      "data_clump_data": {
        "_qTbAgINTEDq50cBTFpqB9g": {
          "key": "_qTbAgINTEDq50cBTFpqB9g",
          "name": "nombre",
          "type": null,
          "probability": 1,
          "modifiers": [
            "public"
          ],
          "to_variable": {
            "key": "_k1y6MINTEDq50cBTFpqB9g",
            "name": "nombre",
            "type": null,
            "modifiers": [
              "public"
            ],
            "position": {}
          },
          "position": {}
        },
        "_qkjMwINTEDq50cBTFpqB9g": {
          "key": "_qkjMwINTEDq50cBTFpqB9g",
          "name": "precio",
          "type": null,
          "probability": 1,
          "modifiers": [
            "public"
          ],
          "to_variable": {
            "key": "_lOmbwINTEDq50cBTFpqB9g",
            "name": "precio",
            "type": null,
            "modifiers": [
              "public"
            ],
            "position": {}
          },
          "position": {}
        },
        "_r6iw8KeSEDqnPoEOJ0GA2Q": {
          "key": "_r6iw8KeSEDqnPoEOJ0GA2Q",
          "name": "ingredientes",
          "type": null,
          "probability": 1,
          "modifiers": [
            "public"
          ],
          "to_variable": {
            "key": "_m2zxUKeSEDqnPoEOJ0GA2Q",
            "name": "ingredientes",
            "type": null,
            "modifiers": [
              "public"
            ],
            "position": {}
          },
          "position": {}
        },
        "_q1DG4INTEDq50cBTFpqB9g": {
          "key": "_q1DG4INTEDq50cBTFpqB9g",
          "name": "id_cocina",
          "type": null,
          "probability": 1,
          "modifiers": [
            "public"
          ],
          "to_variable": {
            "key": "_lkaTsINTEDq50cBTFpqB9g",
            "name": "id_cocina",
            "type": null,
            "modifiers": [
              "public"
            ],
            "position": {}
          },
          "position": {}
        }
      }
    },
    "fields_to_fields_data_clump-./BEBIDAS-_mad2IINMEDq50cBTFpqB9g-_kzAJEINMEDq50cBTFpqB9g-nombreprecioingredientesid_cocina": {
      "type": "data_clump",
      "key": "fields_to_fields_data_clump-./BEBIDAS-_mad2IINMEDq50cBTFpqB9g-_kzAJEINMEDq50cBTFpqB9g-nombreprecioingredientesid_cocina",
      "probability": 1,
      "from_file_path": "./BEBIDAS",
      "from_class_or_interface_name": "BEBIDAS",
      "from_class_or_interface_key": "_mad2IINMEDq50cBTFpqB9g",
      "from_method_name": null,
      "from_method_key": null,
      "to_file_path": "./PANUCHOS",
      "to_class_or_interface_key": "_kzAJEINMEDq50cBTFpqB9g",
      "to_class_or_interface_name": "BEBIDAS",
      "to_method_key": null,
      "to_method_name": null,
      "data_clump_type": "fields_to_fields_data_clump",
      "data_clump_data": {
        "_qTbAgINTEDq50cBTFpqB9g": {
          "key": "_qTbAgINTEDq50cBTFpqB9g",
          "name": "nombre",
          "type": null,
          "probability": 1,
          "modifiers": [
            "public"
          ],
          "to_variable": {
            "key": "_mgSGEINTEDq50cBTFpqB9g",
            "name": "nombre",
            "type": null,
            "modifiers": [
              "public"
            ],
            "position": {}
          },
          "position": {}
        },
        "_qkjMwINTEDq50cBTFpqB9g": {
          "key": "_qkjMwINTEDq50cBTFpqB9g",
          "name": "precio",
          "type": null,
          "probability": 1,
          "modifiers": [
            "public"
          ],
          "to_variable": {
            "key": "_m1N0QINTEDq50cBTFpqB9g",
            "name": "precio",
            "type": null,
            "modifiers": [
              "public"
            ],
            "position": {}
          },
          "position": {}
        },
        "_r6iw8KeSEDqnPoEOJ0GA2Q": {
          "key": "_r6iw8KeSEDqnPoEOJ0GA2Q",
          "name": "ingredientes",
          "type": null,
          "probability": 1,
          "modifiers": [
            "public"
          ],
          "to_variable": {
            "key": "_qHnawKeSEDqnPoEOJ0GA2Q",
            "name": "ingredientes",
            "type": null,
            "modifiers": [
              "public"
            ],
            "position": {}
          },
          "position": {}
        },
        "_q1DG4INTEDq50cBTFpqB9g": {
          "key": "_q1DG4INTEDq50cBTFpqB9g",
          "name": "id_cocina",
          "type": null,
          "probability": 1,
          "modifiers": [
            "public"
          ],
          "to_variable": {
            "key": "_nKx0kINTEDq50cBTFpqB9g",
            "name": "id_cocina",
            "type": null,
            "modifiers": [
              "public"
            ],
            "position": {}
          },
          "position": {}
        }
      }
    },
    "fields_to_fields_data_clump-./BEBIDAS-_mad2IINMEDq50cBTFpqB9g-_i_SIsINMEDq50cBTFpqB9g-nombreprecioingredientesid_cocina": {
      "type": "data_clump",
      "key": "fields_to_fields_data_clump-./BEBIDAS-_mad2IINMEDq50cBTFpqB9g-_i_SIsINMEDq50cBTFpqB9g-nombreprecioingredientesid_cocina",
      "probability": 1,
      "from_file_path": "./BEBIDAS",
      "from_class_or_interface_name": "BEBIDAS",
      "from_class_or_interface_key": "_mad2IINMEDq50cBTFpqB9g",
      "from_method_name": null,
      "from_method_key": null,
      "to_file_path": "./TORTAS",
      "to_class_or_interface_key": "_i_SIsINMEDq50cBTFpqB9g",
      "to_class_or_interface_name": "BEBIDAS",
      "to_method_key": null,
      "to_method_name": null,
      "data_clump_type": "fields_to_fields_data_clump",
      "data_clump_data": {
        "_qTbAgINTEDq50cBTFpqB9g": {
          "key": "_qTbAgINTEDq50cBTFpqB9g",
          "name": "nombre",
          "type": null,
          "probability": 1,
          "modifiers": [
            "public"
          ],
          "to_variable": {
            "key": "_c6jh8INTEDq50cBTFpqB9g",
            "name": "nombre",
            "type": null,
            "modifiers": [
              "public"
            ],
            "position": {}
          },
          "position": {}
        },
        "_qkjMwINTEDq50cBTFpqB9g": {
          "key": "_qkjMwINTEDq50cBTFpqB9g",
          "name": "precio",
          "type": null,
          "probability": 1,
          "modifiers": [
            "public"
          ],
          "to_variable": {
            "key": "_gWWTYINTEDq50cBTFpqB9g",
            "name": "precio",
            "type": null,
            "modifiers": [
              "public"
            ],
            "position": {}
          },
          "position": {}
        },
        "_r6iw8KeSEDqnPoEOJ0GA2Q": {
          "key": "_r6iw8KeSEDqnPoEOJ0GA2Q",
          "name": "ingredientes",
          "type": null,
          "probability": 1,
          "modifiers": [
            "public"
          ],
          "to_variable": {
            "key": "_yxsEYKeREDqnPoEOJ0GA2Q",
            "name": "ingredientes",
            "type": null,
            "modifiers": [
              "public"
            ],
            "position": {}
          },
          "position": {}
        },
        "_q1DG4INTEDq50cBTFpqB9g": {
          "key": "_q1DG4INTEDq50cBTFpqB9g",
          "name": "id_cocina",
          "type": null,
          "probability": 1,
          "modifiers": [
            "public"
          ],
          "to_variable": {
            "key": "_hsPIQINTEDq50cBTFpqB9g",
            "name": "id_cocina",
            "type": null,
            "modifiers": [
              "public"
            ],
            "position": {}
          },
          "position": {}
        }
      }
    },
    "fields_to_fields_data_clump-./CLIENTE-_fz1D4INNEDq50cBTFpqB9g-_HqI4UINTEDq50cBTFpqB9g-nombreapellidoedad": {
      "type": "data_clump",
      "key": "fields_to_fields_data_clump-./CLIENTE-_fz1D4INNEDq50cBTFpqB9g-_HqI4UINTEDq50cBTFpqB9g-nombreapellidoedad",
      "probability": 1,
      "from_file_path": "./CLIENTE",
      "from_class_or_interface_name": "CLIENTE",
      "from_class_or_interface_key": "_fz1D4INNEDq50cBTFpqB9g",
      "from_method_name": null,
      "from_method_key": null,
      "to_file_path": "./EMPLEADOS",
      "to_class_or_interface_key": "_HqI4UINTEDq50cBTFpqB9g",
      "to_class_or_interface_name": "CLIENTE",
      "to_method_key": null,
      "to_method_name": null,
      "data_clump_type": "fields_to_fields_data_clump",
      "data_clump_data": {
        "_eJik8INQEDq50cBTFpqB9g": {
          "key": "_eJik8INQEDq50cBTFpqB9g",
          "name": "nombre",
          "type": null,
          "probability": 1,
          "modifiers": [
            "public"
          ],
          "to_variable": {
            "key": "_G_pCcINWEDq50cBTFpqB9g",
            "name": "nombre",
            "type": null,
            "modifiers": [
              "public"
            ],
            "position": {}
          },
          "position": {}
        },
        "_SmQyMINUEDq50cBTFpqB9g": {
          "key": "_SmQyMINUEDq50cBTFpqB9g",
          "name": "apellido",
          "type": null,
          "probability": 1,
          "modifiers": [
            "public"
          ],
          "to_variable": {
            "key": "_H7lGQINWEDq50cBTFpqB9g",
            "name": "apellido",
            "type": null,
            "modifiers": [
              "public"
            ],
            "position": {}
          },
          "position": {}
        },
        "_T6c98INUEDq50cBTFpqB9g": {
          "key": "_T6c98INUEDq50cBTFpqB9g",
          "name": "edad",
          "type": null,
          "probability": 1,
          "modifiers": [
            "public"
          ],
          "to_variable": {
            "key": "_JHYLAINWEDq50cBTFpqB9g",
            "name": "edad",
            "type": null,
            "modifiers": [
              "public"
            ],
            "position": {}
          },
          "position": {}
        }
      }
    },
    "fields_to_fields_data_clump-./COCINA-_tTvp0INGEDq_Avu5Uk0DWA-_6WJ2kINOEDq50cBTFpqB9g-id_ordenid_cocinaid_sistema": {
      "type": "data_clump",
      "key": "fields_to_fields_data_clump-./COCINA-_tTvp0INGEDq_Avu5Uk0DWA-_6WJ2kINOEDq50cBTFpqB9g-id_ordenid_cocinaid_sistema",
      "probability": 1,
      "from_file_path": "./COCINA",
      "from_class_or_interface_name": "COCINA",
      "from_class_or_interface_key": "_tTvp0INGEDq_Avu5Uk0DWA",
      "from_method_name": null,
      "from_method_key": null,
      "to_file_path": "./SISTEMA",
      "to_class_or_interface_key": "_6WJ2kINOEDq50cBTFpqB9g",
      "to_class_or_interface_name": "COCINA",
      "to_method_key": null,
      "to_method_name": null,
      "data_clump_type": "fields_to_fields_data_clump",
      "data_clump_data": {
        "_7q6GMINSEDq50cBTFpqB9g": {
          "key": "_7q6GMINSEDq50cBTFpqB9g",
          "name": "id_orden",
          "type": null,
          "probability": 1,
          "modifiers": [
            "public"
          ],
          "to_variable": {
            "key": "_mZxD0INSEDq50cBTFpqB9g",
            "name": "id_orden",
            "type": null,
            "modifiers": [
              "public"
            ],
            "position": {}
          },
          "position": {}
        },
        "_3JFWQINREDq50cBTFpqB9g": {
          "key": "_3JFWQINREDq50cBTFpqB9g",
          "name": "id_cocina",
          "type": null,
          "probability": 1,
          "modifiers": [
            "public"
          ],
          "to_variable": {
            "key": "_uJVXkINSEDq50cBTFpqB9g",
            "name": "id_cocina",
            "type": null,
            "modifiers": [
              "public"
            ],
            "position": {}
          },
          "position": {}
        },
        "_GmQHgINVEDq50cBTFpqB9g": {
          "key": "_GmQHgINVEDq50cBTFpqB9g",
          "name": "id_sistema",
          "type": null,
          "probability": 1,
          "modifiers": [
            "public"
          ],
          "to_variable": {
            "key": "_1eG60INUEDq50cBTFpqB9g",
            "name": "id_sistema",
            "type": null,
            "modifiers": [
              "public"
            ],
            "position": {}
          },
          "position": {}
        }
      }
    },
    "fields_to_fields_data_clump-./EMPLEADOS-_HqI4UINTEDq50cBTFpqB9g-_fz1D4INNEDq50cBTFpqB9g-nombreapellidoedad": {
      "type": "data_clump",
      "key": "fields_to_fields_data_clump-./EMPLEADOS-_HqI4UINTEDq50cBTFpqB9g-_fz1D4INNEDq50cBTFpqB9g-nombreapellidoedad",
      "probability": 1,
      "from_file_path": "./EMPLEADOS",
      "from_class_or_interface_name": "EMPLEADOS",
      "from_class_or_interface_key": "_HqI4UINTEDq50cBTFpqB9g",
      "from_method_name": null,
      "from_method_key": null,
      "to_file_path": "./CLIENTE",
      "to_class_or_interface_key": "_fz1D4INNEDq50cBTFpqB9g",
      "to_class_or_interface_name": "EMPLEADOS",
      "to_method_key": null,
      "to_method_name": null,
      "data_clump_type": "fields_to_fields_data_clump",
      "data_clump_data": {
        "_G_pCcINWEDq50cBTFpqB9g": {
          "key": "_G_pCcINWEDq50cBTFpqB9g",
          "name": "nombre",
          "type": null,
          "probability": 1,
          "modifiers": [
            "public"
          ],
          "to_variable": {
            "key": "_eJik8INQEDq50cBTFpqB9g",
            "name": "nombre",
            "type": null,
            "modifiers": [
              "public"
            ],
            "position": {}
          },
          "position": {}
        },
        "_H7lGQINWEDq50cBTFpqB9g": {
          "key": "_H7lGQINWEDq50cBTFpqB9g",
          "name": "apellido",
          "type": null,
          "probability": 1,
          "modifiers": [
            "public"
          ],
          "to_variable": {
            "key": "_SmQyMINUEDq50cBTFpqB9g",
            "name": "apellido",
            "type": null,
            "modifiers": [
              "public"
            ],
            "position": {}
          },
          "position": {}
        },
        "_JHYLAINWEDq50cBTFpqB9g": {
          "key": "_JHYLAINWEDq50cBTFpqB9g",
          "name": "edad",
          "type": null,
          "probability": 1,
          "modifiers": [
            "public"
          ],
          "to_variable": {
            "key": "_T6c98INUEDq50cBTFpqB9g",
            "name": "edad",
            "type": null,
            "modifiers": [
              "public"
            ],
            "position": {}
          },
          "position": {}
        }
      }
    },
    "fields_to_fields_data_clump-./HORCHATAS-_lkyLUINMEDq50cBTFpqB9g-_mad2IINMEDq50cBTFpqB9g-nombreprecioid_cocina": {
      "type": "data_clump",
      "key": "fields_to_fields_data_clump-./HORCHATAS-_lkyLUINMEDq50cBTFpqB9g-_mad2IINMEDq50cBTFpqB9g-nombreprecioid_cocina",
      "probability": 1,
      "from_file_path": "./HORCHATAS",
      "from_class_or_interface_name": "HORCHATAS",
      "from_class_or_interface_key": "_lkyLUINMEDq50cBTFpqB9g",
      "from_method_name": null,
      "from_method_key": null,
      "to_file_path": "./BEBIDAS",
      "to_class_or_interface_key": "_mad2IINMEDq50cBTFpqB9g",
      "to_class_or_interface_name": "HORCHATAS",
      "to_method_key": null,
      "to_method_name": null,
      "data_clump_type": "fields_to_fields_data_clump",
      "data_clump_data": {
        "_orgAcINTEDq50cBTFpqB9g": {
          "key": "_orgAcINTEDq50cBTFpqB9g",
          "name": "nombre",
          "type": null,
          "probability": 1,
          "modifiers": [
            "public"
          ],
          "to_variable": {
            "key": "_qTbAgINTEDq50cBTFpqB9g",
            "name": "nombre",
            "type": null,
            "modifiers": [
              "public"
            ],
            "position": {}
          },
          "position": {}
        },
        "_o-5dkINTEDq50cBTFpqB9g": {
          "key": "_o-5dkINTEDq50cBTFpqB9g",
          "name": "precio",
          "type": null,
          "probability": 1,
          "modifiers": [
            "public"
          ],
          "to_variable": {
            "key": "_qkjMwINTEDq50cBTFpqB9g",
            "name": "precio",
            "type": null,
            "modifiers": [
              "public"
            ],
            "position": {}
          },
          "position": {}
        },
        "_pRMHcINTEDq50cBTFpqB9g": {
          "key": "_pRMHcINTEDq50cBTFpqB9g",
          "name": "id_cocina",
          "type": null,
          "probability": 1,
          "modifiers": [
            "public"
          ],
          "to_variable": {
            "key": "_q1DG4INTEDq50cBTFpqB9g",
            "name": "id_cocina",
            "type": null,
            "modifiers": [
              "public"
            ],
            "position": {}
          },
          "position": {}
        }
      }
    },
    "fields_to_fields_data_clump-./HORCHATAS-_lkyLUINMEDq50cBTFpqB9g-_k_AkwINMEDq50cBTFpqB9g-nombreprecioid_cocina": {
      "type": "data_clump",
      "key": "fields_to_fields_data_clump-./HORCHATAS-_lkyLUINMEDq50cBTFpqB9g-_k_AkwINMEDq50cBTFpqB9g-nombreprecioid_cocina",
      "probability": 1,
      "from_file_path": "./HORCHATAS",
      "from_class_or_interface_name": "HORCHATAS",
      "from_class_or_interface_key": "_lkyLUINMEDq50cBTFpqB9g",
      "from_method_name": null,
      "from_method_key": null,
      "to_file_path": "./KIBIS",
      "to_class_or_interface_key": "_k_AkwINMEDq50cBTFpqB9g",
      "to_class_or_interface_name": "HORCHATAS",
      "to_method_key": null,
      "to_method_name": null,
      "data_clump_type": "fields_to_fields_data_clump",
      "data_clump_data": {
        "_orgAcINTEDq50cBTFpqB9g": {
          "key": "_orgAcINTEDq50cBTFpqB9g",
          "name": "nombre",
          "type": null,
          "probability": 1,
          "modifiers": [
            "public"
          ],
          "to_variable": {
            "key": "_k1y6MINTEDq50cBTFpqB9g",
            "name": "nombre",
            "type": null,
            "modifiers": [
              "public"
            ],
            "position": {}
          },
          "position": {}
        },
        "_o-5dkINTEDq50cBTFpqB9g": {
          "key": "_o-5dkINTEDq50cBTFpqB9g",
          "name": "precio",
          "type": null,
          "probability": 1,
          "modifiers": [
            "public"
          ],
          "to_variable": {
            "key": "_lOmbwINTEDq50cBTFpqB9g",
            "name": "precio",
            "type": null,
            "modifiers": [
              "public"
            ],
            "position": {}
          },
          "position": {}
        },
        "_pRMHcINTEDq50cBTFpqB9g": {
          "key": "_pRMHcINTEDq50cBTFpqB9g",
          "name": "id_cocina",
          "type": null,
          "probability": 1,
          "modifiers": [
            "public"
          ],
          "to_variable": {
            "key": "_lkaTsINTEDq50cBTFpqB9g",
            "name": "id_cocina",
            "type": null,
            "modifiers": [
              "public"
            ],
            "position": {}
          },
          "position": {}
        }
      }
    },
    "fields_to_fields_data_clump-./HORCHATAS-_lkyLUINMEDq50cBTFpqB9g-_kzAJEINMEDq50cBTFpqB9g-nombreprecioid_cocina": {
      "type": "data_clump",
      "key": "fields_to_fields_data_clump-./HORCHATAS-_lkyLUINMEDq50cBTFpqB9g-_kzAJEINMEDq50cBTFpqB9g-nombreprecioid_cocina",
      "probability": 1,
      "from_file_path": "./HORCHATAS",
      "from_class_or_interface_name": "HORCHATAS",
      "from_class_or_interface_key": "_lkyLUINMEDq50cBTFpqB9g",
      "from_method_name": null,
      "from_method_key": null,
      "to_file_path": "./PANUCHOS",
      "to_class_or_interface_key": "_kzAJEINMEDq50cBTFpqB9g",
      "to_class_or_interface_name": "HORCHATAS",
      "to_method_key": null,
      "to_method_name": null,
      "data_clump_type": "fields_to_fields_data_clump",
      "data_clump_data": {
        "_orgAcINTEDq50cBTFpqB9g": {
          "key": "_orgAcINTEDq50cBTFpqB9g",
          "name": "nombre",
          "type": null,
          "probability": 1,
          "modifiers": [
            "public"
          ],
          "to_variable": {
            "key": "_mgSGEINTEDq50cBTFpqB9g",
            "name": "nombre",
            "type": null,
            "modifiers": [
              "public"
            ],
            "position": {}
          },
          "position": {}
        },
        "_o-5dkINTEDq50cBTFpqB9g": {
          "key": "_o-5dkINTEDq50cBTFpqB9g",
          "name": "precio",
          "type": null,
          "probability": 1,
          "modifiers": [
            "public"
          ],
          "to_variable": {
            "key": "_m1N0QINTEDq50cBTFpqB9g",
            "name": "precio",
            "type": null,
            "modifiers": [
              "public"
            ],
            "position": {}
          },
          "position": {}
        },
        "_pRMHcINTEDq50cBTFpqB9g": {
          "key": "_pRMHcINTEDq50cBTFpqB9g",
          "name": "id_cocina",
          "type": null,
          "probability": 1,
          "modifiers": [
            "public"
          ],
          "to_variable": {
            "key": "_nKx0kINTEDq50cBTFpqB9g",
            "name": "id_cocina",
            "type": null,
            "modifiers": [
              "public"
            ],
            "position": {}
          },
          "position": {}
        }
      }
    },
    "fields_to_fields_data_clump-./HORCHATAS-_lkyLUINMEDq50cBTFpqB9g-_i_SIsINMEDq50cBTFpqB9g-nombreprecioid_cocina": {
      "type": "data_clump",
      "key": "fields_to_fields_data_clump-./HORCHATAS-_lkyLUINMEDq50cBTFpqB9g-_i_SIsINMEDq50cBTFpqB9g-nombreprecioid_cocina",
      "probability": 1,
      "from_file_path": "./HORCHATAS",
      "from_class_or_interface_name": "HORCHATAS",
      "from_class_or_interface_key": "_lkyLUINMEDq50cBTFpqB9g",
      "from_method_name": null,
      "from_method_key": null,
      "to_file_path": "./TORTAS",
      "to_class_or_interface_key": "_i_SIsINMEDq50cBTFpqB9g",
      "to_class_or_interface_name": "HORCHATAS",
      "to_method_key": null,
      "to_method_name": null,
      "data_clump_type": "fields_to_fields_data_clump",
      "data_clump_data": {
        "_orgAcINTEDq50cBTFpqB9g": {
          "key": "_orgAcINTEDq50cBTFpqB9g",
          "name": "nombre",
          "type": null,
          "probability": 1,
          "modifiers": [
            "public"
          ],
          "to_variable": {
            "key": "_c6jh8INTEDq50cBTFpqB9g",
            "name": "nombre",
            "type": null,
            "modifiers": [
              "public"
            ],
            "position": {}
          },
          "position": {}
        },
        "_o-5dkINTEDq50cBTFpqB9g": {
          "key": "_o-5dkINTEDq50cBTFpqB9g",
          "name": "precio",
          "type": null,
          "probability": 1,
          "modifiers": [
            "public"
          ],
          "to_variable": {
            "key": "_gWWTYINTEDq50cBTFpqB9g",
            "name": "precio",
            "type": null,
            "modifiers": [
              "public"
            ],
            "position": {}
          },
          "position": {}
        },
        "_pRMHcINTEDq50cBTFpqB9g": {
          "key": "_pRMHcINTEDq50cBTFpqB9g",
          "name": "id_cocina",
          "type": null,
          "probability": 1,
          "modifiers": [
            "public"
          ],
          "to_variable": {
            "key": "_hsPIQINTEDq50cBTFpqB9g",
            "name": "id_cocina",
            "type": null,
            "modifiers": [
              "public"
            ],
            "position": {}
          },
          "position": {}
        }
      }
    },
    "fields_to_fields_data_clump-./KIBIS-_k_AkwINMEDq50cBTFpqB9g-_mad2IINMEDq50cBTFpqB9g-nombreprecioingredientesid_cocina": {
      "type": "data_clump",
      "key": "fields_to_fields_data_clump-./KIBIS-_k_AkwINMEDq50cBTFpqB9g-_mad2IINMEDq50cBTFpqB9g-nombreprecioingredientesid_cocina",
      "probability": 1,
      "from_file_path": "./KIBIS",
      "from_class_or_interface_name": "KIBIS",
      "from_class_or_interface_key": "_k_AkwINMEDq50cBTFpqB9g",
      "from_method_name": null,
      "from_method_key": null,
      "to_file_path": "./BEBIDAS",
      "to_class_or_interface_key": "_mad2IINMEDq50cBTFpqB9g",
      "to_class_or_interface_name": "KIBIS",
      "to_method_key": null,
      "to_method_name": null,
      "data_clump_type": "fields_to_fields_data_clump",
      "data_clump_data": {
        "_k1y6MINTEDq50cBTFpqB9g": {
          "key": "_k1y6MINTEDq50cBTFpqB9g",
          "name": "nombre",
          "type": null,
          "probability": 1,
          "modifiers": [
            "public"
          ],
          "to_variable": {
            "key": "_qTbAgINTEDq50cBTFpqB9g",
            "name": "nombre",
            "type": null,
            "modifiers": [
              "public"
            ],
            "position": {}
          },
          "position": {}
        },
        "_lOmbwINTEDq50cBTFpqB9g": {
          "key": "_lOmbwINTEDq50cBTFpqB9g",
          "name": "precio",
          "type": null,
          "probability": 1,
          "modifiers": [
            "public"
          ],
          "to_variable": {
            "key": "_qkjMwINTEDq50cBTFpqB9g",
            "name": "precio",
            "type": null,
            "modifiers": [
              "public"
            ],
            "position": {}
          },
          "position": {}
        },
        "_m2zxUKeSEDqnPoEOJ0GA2Q": {
          "key": "_m2zxUKeSEDqnPoEOJ0GA2Q",
          "name": "ingredientes",
          "type": null,
          "probability": 1,
          "modifiers": [
            "public"
          ],
          "to_variable": {
            "key": "_r6iw8KeSEDqnPoEOJ0GA2Q",
            "name": "ingredientes",
            "type": null,
            "modifiers": [
              "public"
            ],
            "position": {}
          },
          "position": {}
        },
        "_lkaTsINTEDq50cBTFpqB9g": {
          "key": "_lkaTsINTEDq50cBTFpqB9g",
          "name": "id_cocina",
          "type": null,
          "probability": 1,
          "modifiers": [
            "public"
          ],
          "to_variable": {
            "key": "_q1DG4INTEDq50cBTFpqB9g",
            "name": "id_cocina",
            "type": null,
            "modifiers": [
              "public"
            ],
            "position": {}
          },
          "position": {}
        }
      }
    },
    "fields_to_fields_data_clump-./KIBIS-_k_AkwINMEDq50cBTFpqB9g-_lkyLUINMEDq50cBTFpqB9g-nombreprecioid_cocina": {
      "type": "data_clump",
      "key": "fields_to_fields_data_clump-./KIBIS-_k_AkwINMEDq50cBTFpqB9g-_lkyLUINMEDq50cBTFpqB9g-nombreprecioid_cocina",
      "probability": 1,
      "from_file_path": "./KIBIS",
      "from_class_or_interface_name": "KIBIS",
      "from_class_or_interface_key": "_k_AkwINMEDq50cBTFpqB9g",
      "from_method_name": null,
      "from_method_key": null,
      "to_file_path": "./HORCHATAS",
      "to_class_or_interface_key": "_lkyLUINMEDq50cBTFpqB9g",
      "to_class_or_interface_name": "KIBIS",
      "to_method_key": null,
      "to_method_name": null,
      "data_clump_type": "fields_to_fields_data_clump",
      "data_clump_data": {
        "_k1y6MINTEDq50cBTFpqB9g": {
          "key": "_k1y6MINTEDq50cBTFpqB9g",
          "name": "nombre",
          "type": null,
          "probability": 1,
          "modifiers": [
            "public"
          ],
          "to_variable": {
            "key": "_orgAcINTEDq50cBTFpqB9g",
            "name": "nombre",
            "type": null,
            "modifiers": [
              "public"
            ],
            "position": {}
          },
          "position": {}
        },
        "_lOmbwINTEDq50cBTFpqB9g": {
          "key": "_lOmbwINTEDq50cBTFpqB9g",
          "name": "precio",
          "type": null,
          "probability": 1,
          "modifiers": [
            "public"
          ],
          "to_variable": {
            "key": "_o-5dkINTEDq50cBTFpqB9g",
            "name": "precio",
            "type": null,
            "modifiers": [
              "public"
            ],
            "position": {}
          },
          "position": {}
        },
        "_lkaTsINTEDq50cBTFpqB9g": {
          "key": "_lkaTsINTEDq50cBTFpqB9g",
          "name": "id_cocina",
          "type": null,
          "probability": 1,
          "modifiers": [
            "public"
          ],
          "to_variable": {
            "key": "_pRMHcINTEDq50cBTFpqB9g",
            "name": "id_cocina",
            "type": null,
            "modifiers": [
              "public"
            ],
            "position": {}
          },
          "position": {}
        }
      }
    },
    "fields_to_fields_data_clump-./KIBIS-_k_AkwINMEDq50cBTFpqB9g-_kzAJEINMEDq50cBTFpqB9g-nombreprecioingredientesid_cocina": {
      "type": "data_clump",
      "key": "fields_to_fields_data_clump-./KIBIS-_k_AkwINMEDq50cBTFpqB9g-_kzAJEINMEDq50cBTFpqB9g-nombreprecioingredientesid_cocina",
      "probability": 1,
      "from_file_path": "./KIBIS",
      "from_class_or_interface_name": "KIBIS",
      "from_class_or_interface_key": "_k_AkwINMEDq50cBTFpqB9g",
      "from_method_name": null,
      "from_method_key": null,
      "to_file_path": "./PANUCHOS",
      "to_class_or_interface_key": "_kzAJEINMEDq50cBTFpqB9g",
      "to_class_or_interface_name": "KIBIS",
      "to_method_key": null,
      "to_method_name": null,
      "data_clump_type": "fields_to_fields_data_clump",
      "data_clump_data": {
        "_k1y6MINTEDq50cBTFpqB9g": {
          "key": "_k1y6MINTEDq50cBTFpqB9g",
          "name": "nombre",
          "type": null,
          "probability": 1,
          "modifiers": [
            "public"
          ],
          "to_variable": {
            "key": "_mgSGEINTEDq50cBTFpqB9g",
            "name": "nombre",
            "type": null,
            "modifiers": [
              "public"
            ],
            "position": {}
          },
          "position": {}
        },
        "_lOmbwINTEDq50cBTFpqB9g": {
          "key": "_lOmbwINTEDq50cBTFpqB9g",
          "name": "precio",
          "type": null,
          "probability": 1,
          "modifiers": [
            "public"
          ],
          "to_variable": {
            "key": "_m1N0QINTEDq50cBTFpqB9g",
            "name": "precio",
            "type": null,
            "modifiers": [
              "public"
            ],
            "position": {}
          },
          "position": {}
        },
        "_m2zxUKeSEDqnPoEOJ0GA2Q": {
          "key": "_m2zxUKeSEDqnPoEOJ0GA2Q",
          "name": "ingredientes",
          "type": null,
          "probability": 1,
          "modifiers": [
            "public"
          ],
          "to_variable": {
            "key": "_qHnawKeSEDqnPoEOJ0GA2Q",
            "name": "ingredientes",
            "type": null,
            "modifiers": [
              "public"
            ],
            "position": {}
          },
          "position": {}
        },
        "_lkaTsINTEDq50cBTFpqB9g": {
          "key": "_lkaTsINTEDq50cBTFpqB9g",
          "name": "id_cocina",
          "type": null,
          "probability": 1,
          "modifiers": [
            "public"
          ],
          "to_variable": {
            "key": "_nKx0kINTEDq50cBTFpqB9g",
            "name": "id_cocina",
            "type": null,
            "modifiers": [
              "public"
            ],
            "position": {}
          },
          "position": {}
        }
      }
    },
    "fields_to_fields_data_clump-./KIBIS-_k_AkwINMEDq50cBTFpqB9g-_i_SIsINMEDq50cBTFpqB9g-nombreprecioingredientesid_cocina": {
      "type": "data_clump",
      "key": "fields_to_fields_data_clump-./KIBIS-_k_AkwINMEDq50cBTFpqB9g-_i_SIsINMEDq50cBTFpqB9g-nombreprecioingredientesid_cocina",
      "probability": 1,
      "from_file_path": "./KIBIS",
      "from_class_or_interface_name": "KIBIS",
      "from_class_or_interface_key": "_k_AkwINMEDq50cBTFpqB9g",
      "from_method_name": null,
      "from_method_key": null,
      "to_file_path": "./TORTAS",
      "to_class_or_interface_key": "_i_SIsINMEDq50cBTFpqB9g",
      "to_class_or_interface_name": "KIBIS",
      "to_method_key": null,
      "to_method_name": null,
      "data_clump_type": "fields_to_fields_data_clump",
      "data_clump_data": {
        "_k1y6MINTEDq50cBTFpqB9g": {
          "key": "_k1y6MINTEDq50cBTFpqB9g",
          "name": "nombre",
          "type": null,
          "probability": 1,
          "modifiers": [
            "public"
          ],
          "to_variable": {
            "key": "_c6jh8INTEDq50cBTFpqB9g",
            "name": "nombre",
            "type": null,
            "modifiers": [
              "public"
            ],
            "position": {}
          },
          "position": {}
        },
        "_lOmbwINTEDq50cBTFpqB9g": {
          "key": "_lOmbwINTEDq50cBTFpqB9g",
          "name": "precio",
          "type": null,
          "probability": 1,
          "modifiers": [
            "public"
          ],
          "to_variable": {
            "key": "_gWWTYINTEDq50cBTFpqB9g",
            "name": "precio",
            "type": null,
            "modifiers": [
              "public"
            ],
            "position": {}
          },
          "position": {}
        },
        "_m2zxUKeSEDqnPoEOJ0GA2Q": {
          "key": "_m2zxUKeSEDqnPoEOJ0GA2Q",
          "name": "ingredientes",
          "type": null,
          "probability": 1,
          "modifiers": [
            "public"
          ],
          "to_variable": {
            "key": "_yxsEYKeREDqnPoEOJ0GA2Q",
            "name": "ingredientes",
            "type": null,
            "modifiers": [
              "public"
            ],
            "position": {}
          },
          "position": {}
        },
        "_lkaTsINTEDq50cBTFpqB9g": {
          "key": "_lkaTsINTEDq50cBTFpqB9g",
          "name": "id_cocina",
          "type": null,
          "probability": 1,
          "modifiers": [
            "public"
          ],
          "to_variable": {
            "key": "_hsPIQINTEDq50cBTFpqB9g",
            "name": "id_cocina",
            "type": null,
            "modifiers": [
              "public"
            ],
            "position": {}
          },
          "position": {}
        }
      }
    },
    "fields_to_fields_data_clump-./PANUCHOS-_kzAJEINMEDq50cBTFpqB9g-_mad2IINMEDq50cBTFpqB9g-nombreprecioingredientesid_cocina": {
      "type": "data_clump",
      "key": "fields_to_fields_data_clump-./PANUCHOS-_kzAJEINMEDq50cBTFpqB9g-_mad2IINMEDq50cBTFpqB9g-nombreprecioingredientesid_cocina",
      "probability": 1,
      "from_file_path": "./PANUCHOS",
      "from_class_or_interface_name": "PANUCHOS",
      "from_class_or_interface_key": "_kzAJEINMEDq50cBTFpqB9g",
      "from_method_name": null,
      "from_method_key": null,
      "to_file_path": "./BEBIDAS",
      "to_class_or_interface_key": "_mad2IINMEDq50cBTFpqB9g",
      "to_class_or_interface_name": "PANUCHOS",
      "to_method_key": null,
      "to_method_name": null,
      "data_clump_type": "fields_to_fields_data_clump",
      "data_clump_data": {
        "_mgSGEINTEDq50cBTFpqB9g": {
          "key": "_mgSGEINTEDq50cBTFpqB9g",
          "name": "nombre",
          "type": null,
          "probability": 1,
          "modifiers": [
            "public"
          ],
          "to_variable": {
            "key": "_qTbAgINTEDq50cBTFpqB9g",
            "name": "nombre",
            "type": null,
            "modifiers": [
              "public"
            ],
            "position": {}
          },
          "position": {}
        },
        "_m1N0QINTEDq50cBTFpqB9g": {
          "key": "_m1N0QINTEDq50cBTFpqB9g",
          "name": "precio",
          "type": null,
          "probability": 1,
          "modifiers": [
            "public"
          ],
          "to_variable": {
            "key": "_qkjMwINTEDq50cBTFpqB9g",
            "name": "precio",
            "type": null,
            "modifiers": [
              "public"
            ],
            "position": {}
          },
          "position": {}
        },
        "_qHnawKeSEDqnPoEOJ0GA2Q": {
          "key": "_qHnawKeSEDqnPoEOJ0GA2Q",
          "name": "ingredientes",
          "type": null,
          "probability": 1,
          "modifiers": [
            "public"
          ],
          "to_variable": {
            "key": "_r6iw8KeSEDqnPoEOJ0GA2Q",
            "name": "ingredientes",
            "type": null,
            "modifiers": [
              "public"
            ],
            "position": {}
          },
          "position": {}
        },
        "_nKx0kINTEDq50cBTFpqB9g": {
          "key": "_nKx0kINTEDq50cBTFpqB9g",
          "name": "id_cocina",
          "type": null,
          "probability": 1,
          "modifiers": [
            "public"
          ],
          "to_variable": {
            "key": "_q1DG4INTEDq50cBTFpqB9g",
            "name": "id_cocina",
            "type": null,
            "modifiers": [
              "public"
            ],
            "position": {}
          },
          "position": {}
        }
      }
    },
    "fields_to_fields_data_clump-./PANUCHOS-_kzAJEINMEDq50cBTFpqB9g-_lkyLUINMEDq50cBTFpqB9g-nombreprecioid_cocina": {
      "type": "data_clump",
      "key": "fields_to_fields_data_clump-./PANUCHOS-_kzAJEINMEDq50cBTFpqB9g-_lkyLUINMEDq50cBTFpqB9g-nombreprecioid_cocina",
      "probability": 1,
      "from_file_path": "./PANUCHOS",
      "from_class_or_interface_name": "PANUCHOS",
      "from_class_or_interface_key": "_kzAJEINMEDq50cBTFpqB9g",
      "from_method_name": null,
      "from_method_key": null,
      "to_file_path": "./HORCHATAS",
      "to_class_or_interface_key": "_lkyLUINMEDq50cBTFpqB9g",
      "to_class_or_interface_name": "PANUCHOS",
      "to_method_key": null,
      "to_method_name": null,
      "data_clump_type": "fields_to_fields_data_clump",
      "data_clump_data": {
        "_mgSGEINTEDq50cBTFpqB9g": {
          "key": "_mgSGEINTEDq50cBTFpqB9g",
          "name": "nombre",
          "type": null,
          "probability": 1,
          "modifiers": [
            "public"
          ],
          "to_variable": {
            "key": "_orgAcINTEDq50cBTFpqB9g",
            "name": "nombre",
            "type": null,
            "modifiers": [
              "public"
            ],
            "position": {}
          },
          "position": {}
        },
        "_m1N0QINTEDq50cBTFpqB9g": {
          "key": "_m1N0QINTEDq50cBTFpqB9g",
          "name": "precio",
          "type": null,
          "probability": 1,
          "modifiers": [
            "public"
          ],
          "to_variable": {
            "key": "_o-5dkINTEDq50cBTFpqB9g",
            "name": "precio",
            "type": null,
            "modifiers": [
              "public"
            ],
            "position": {}
          },
          "position": {}
        },
        "_nKx0kINTEDq50cBTFpqB9g": {
          "key": "_nKx0kINTEDq50cBTFpqB9g",
          "name": "id_cocina",
          "type": null,
          "probability": 1,
          "modifiers": [
            "public"
          ],
          "to_variable": {
            "key": "_pRMHcINTEDq50cBTFpqB9g",
            "name": "id_cocina",
            "type": null,
            "modifiers": [
              "public"
            ],
            "position": {}
          },
          "position": {}
        }
      }
    },
    "fields_to_fields_data_clump-./PANUCHOS-_kzAJEINMEDq50cBTFpqB9g-_k_AkwINMEDq50cBTFpqB9g-nombreprecioingredientesid_cocina": {
      "type": "data_clump",
      "key": "fields_to_fields_data_clump-./PANUCHOS-_kzAJEINMEDq50cBTFpqB9g-_k_AkwINMEDq50cBTFpqB9g-nombreprecioingredientesid_cocina",
      "probability": 1,
      "from_file_path": "./PANUCHOS",
      "from_class_or_interface_name": "PANUCHOS",
      "from_class_or_interface_key": "_kzAJEINMEDq50cBTFpqB9g",
      "from_method_name": null,
      "from_method_key": null,
      "to_file_path": "./KIBIS",
      "to_class_or_interface_key": "_k_AkwINMEDq50cBTFpqB9g",
      "to_class_or_interface_name": "PANUCHOS",
      "to_method_key": null,
      "to_method_name": null,
      "data_clump_type": "fields_to_fields_data_clump",
      "data_clump_data": {
        "_mgSGEINTEDq50cBTFpqB9g": {
          "key": "_mgSGEINTEDq50cBTFpqB9g",
          "name": "nombre",
          "type": null,
          "probability": 1,
          "modifiers": [
            "public"
          ],
          "to_variable": {
            "key": "_k1y6MINTEDq50cBTFpqB9g",
            "name": "nombre",
            "type": null,
            "modifiers": [
              "public"
            ],
            "position": {}
          },
          "position": {}
        },
        "_m1N0QINTEDq50cBTFpqB9g": {
          "key": "_m1N0QINTEDq50cBTFpqB9g",
          "name": "precio",
          "type": null,
          "probability": 1,
          "modifiers": [
            "public"
          ],
          "to_variable": {
            "key": "_lOmbwINTEDq50cBTFpqB9g",
            "name": "precio",
            "type": null,
            "modifiers": [
              "public"
            ],
            "position": {}
          },
          "position": {}
        },
        "_qHnawKeSEDqnPoEOJ0GA2Q": {
          "key": "_qHnawKeSEDqnPoEOJ0GA2Q",
          "name": "ingredientes",
          "type": null,
          "probability": 1,
          "modifiers": [
            "public"
          ],
          "to_variable": {
            "key": "_m2zxUKeSEDqnPoEOJ0GA2Q",
            "name": "ingredientes",
            "type": null,
            "modifiers": [
              "public"
            ],
            "position": {}
          },
          "position": {}
        },
        "_nKx0kINTEDq50cBTFpqB9g": {
          "key": "_nKx0kINTEDq50cBTFpqB9g",
          "name": "id_cocina",
          "type": null,
          "probability": 1,
          "modifiers": [
            "public"
          ],
          "to_variable": {
            "key": "_lkaTsINTEDq50cBTFpqB9g",
            "name": "id_cocina",
            "type": null,
            "modifiers": [
              "public"
            ],
            "position": {}
          },
          "position": {}
        }
      }
    },
    "fields_to_fields_data_clump-./PANUCHOS-_kzAJEINMEDq50cBTFpqB9g-_i_SIsINMEDq50cBTFpqB9g-nombreprecioingredientesid_cocina": {
      "type": "data_clump",
      "key": "fields_to_fields_data_clump-./PANUCHOS-_kzAJEINMEDq50cBTFpqB9g-_i_SIsINMEDq50cBTFpqB9g-nombreprecioingredientesid_cocina",
      "probability": 1,
      "from_file_path": "./PANUCHOS",
      "from_class_or_interface_name": "PANUCHOS",
      "from_class_or_interface_key": "_kzAJEINMEDq50cBTFpqB9g",
      "from_method_name": null,
      "from_method_key": null,
      "to_file_path": "./TORTAS",
      "to_class_or_interface_key": "_i_SIsINMEDq50cBTFpqB9g",
      "to_class_or_interface_name": "PANUCHOS",
      "to_method_key": null,
      "to_method_name": null,
      "data_clump_type": "fields_to_fields_data_clump",
      "data_clump_data": {
        "_mgSGEINTEDq50cBTFpqB9g": {
          "key": "_mgSGEINTEDq50cBTFpqB9g",
          "name": "nombre",
          "type": null,
          "probability": 1,
          "modifiers": [
            "public"
          ],
          "to_variable": {
            "key": "_c6jh8INTEDq50cBTFpqB9g",
            "name": "nombre",
            "type": null,
            "modifiers": [
              "public"
            ],
            "position": {}
          },
          "position": {}
        },
        "_m1N0QINTEDq50cBTFpqB9g": {
          "key": "_m1N0QINTEDq50cBTFpqB9g",
          "name": "precio",
          "type": null,
          "probability": 1,
          "modifiers": [
            "public"
          ],
          "to_variable": {
            "key": "_gWWTYINTEDq50cBTFpqB9g",
            "name": "precio",
            "type": null,
            "modifiers": [
              "public"
            ],
            "position": {}
          },
          "position": {}
        },
        "_qHnawKeSEDqnPoEOJ0GA2Q": {
          "key": "_qHnawKeSEDqnPoEOJ0GA2Q",
          "name": "ingredientes",
          "type": null,
          "probability": 1,
          "modifiers": [
            "public"
          ],
          "to_variable": {
            "key": "_yxsEYKeREDqnPoEOJ0GA2Q",
            "name": "ingredientes",
            "type": null,
            "modifiers": [
              "public"
            ],
            "position": {}
          },
          "position": {}
        },
        "_nKx0kINTEDq50cBTFpqB9g": {
          "key": "_nKx0kINTEDq50cBTFpqB9g",
          "name": "id_cocina",
          "type": null,
          "probability": 1,
          "modifiers": [
            "public"
          ],
          "to_variable": {
            "key": "_hsPIQINTEDq50cBTFpqB9g",
            "name": "id_cocina",
            "type": null,
            "modifiers": [
              "public"
            ],
            "position": {}
          },
          "position": {}
        }
      }
    },
    "fields_to_fields_data_clump-./SISTEMA-_6WJ2kINOEDq50cBTFpqB9g-_tTvp0INGEDq_Avu5Uk0DWA-id_ordenid_cocinaid_sistema": {
      "type": "data_clump",
      "key": "fields_to_fields_data_clump-./SISTEMA-_6WJ2kINOEDq50cBTFpqB9g-_tTvp0INGEDq_Avu5Uk0DWA-id_ordenid_cocinaid_sistema",
      "probability": 1,
      "from_file_path": "./SISTEMA",
      "from_class_or_interface_name": "SISTEMA",
      "from_class_or_interface_key": "_6WJ2kINOEDq50cBTFpqB9g",
      "from_method_name": null,
      "from_method_key": null,
      "to_file_path": "./COCINA",
      "to_class_or_interface_key": "_tTvp0INGEDq_Avu5Uk0DWA",
      "to_class_or_interface_name": "SISTEMA",
      "to_method_key": null,
      "to_method_name": null,
      "data_clump_type": "fields_to_fields_data_clump",
      "data_clump_data": {
        "_mZxD0INSEDq50cBTFpqB9g": {
          "key": "_mZxD0INSEDq50cBTFpqB9g",
          "name": "id_orden",
          "type": null,
          "probability": 1,
          "modifiers": [
            "public"
          ],
          "to_variable": {
            "key": "_7q6GMINSEDq50cBTFpqB9g",
            "name": "id_orden",
            "type": null,
            "modifiers": [
              "public"
            ],
            "position": {}
          },
          "position": {}
        },
        "_uJVXkINSEDq50cBTFpqB9g": {
          "key": "_uJVXkINSEDq50cBTFpqB9g",
          "name": "id_cocina",
          "type": null,
          "probability": 1,
          "modifiers": [
            "public"
          ],
          "to_variable": {
            "key": "_3JFWQINREDq50cBTFpqB9g",
            "name": "id_cocina",
            "type": null,
            "modifiers": [
              "public"
            ],
            "position": {}
          },
          "position": {}
        },
        "_1eG60INUEDq50cBTFpqB9g": {
          "key": "_1eG60INUEDq50cBTFpqB9g",
          "name": "id_sistema",
          "type": null,
          "probability": 1,
          "modifiers": [
            "public"
          ],
          "to_variable": {
            "key": "_GmQHgINVEDq50cBTFpqB9g",
            "name": "id_sistema",
            "type": null,
            "modifiers": [
              "public"
            ],
            "position": {}
          },
          "position": {}
        }
      }
    },
    "fields_to_fields_data_clump-./TORTAS-_i_SIsINMEDq50cBTFpqB9g-_mad2IINMEDq50cBTFpqB9g-nombreprecioingredientesid_cocina": {
      "type": "data_clump",
      "key": "fields_to_fields_data_clump-./TORTAS-_i_SIsINMEDq50cBTFpqB9g-_mad2IINMEDq50cBTFpqB9g-nombreprecioingredientesid_cocina",
      "probability": 1,
      "from_file_path": "./TORTAS",
      "from_class_or_interface_name": "TORTAS",
      "from_class_or_interface_key": "_i_SIsINMEDq50cBTFpqB9g",
      "from_method_name": null,
      "from_method_key": null,
      "to_file_path": "./BEBIDAS",
      "to_class_or_interface_key": "_mad2IINMEDq50cBTFpqB9g",
      "to_class_or_interface_name": "TORTAS",
      "to_method_key": null,
      "to_method_name": null,
      "data_clump_type": "fields_to_fields_data_clump",
      "data_clump_data": {
        "_c6jh8INTEDq50cBTFpqB9g": {
          "key": "_c6jh8INTEDq50cBTFpqB9g",
          "name": "nombre",
          "type": null,
          "probability": 1,
          "modifiers": [
            "public"
          ],
          "to_variable": {
            "key": "_qTbAgINTEDq50cBTFpqB9g",
            "name": "nombre",
            "type": null,
            "modifiers": [
              "public"
            ],
            "position": {}
          },
          "position": {}
        },
        "_gWWTYINTEDq50cBTFpqB9g": {
          "key": "_gWWTYINTEDq50cBTFpqB9g",
          "name": "precio",
          "type": null,
          "probability": 1,
          "modifiers": [
            "public"
          ],
          "to_variable": {
            "key": "_qkjMwINTEDq50cBTFpqB9g",
            "name": "precio",
            "type": null,
            "modifiers": [
              "public"
            ],
            "position": {}
          },
          "position": {}
        },
        "_yxsEYKeREDqnPoEOJ0GA2Q": {
          "key": "_yxsEYKeREDqnPoEOJ0GA2Q",
          "name": "ingredientes",
          "type": null,
          "probability": 1,
          "modifiers": [
            "public"
          ],
          "to_variable": {
            "key": "_r6iw8KeSEDqnPoEOJ0GA2Q",
            "name": "ingredientes",
            "type": null,
            "modifiers": [
              "public"
            ],
            "position": {}
          },
          "position": {}
        },
        "_hsPIQINTEDq50cBTFpqB9g": {
          "key": "_hsPIQINTEDq50cBTFpqB9g",
          "name": "id_cocina",
          "type": null,
          "probability": 1,
          "modifiers": [
            "public"
          ],
          "to_variable": {
            "key": "_q1DG4INTEDq50cBTFpqB9g",
            "name": "id_cocina",
            "type": null,
            "modifiers": [
              "public"
            ],
            "position": {}
          },
          "position": {}
        }
      }
    },
    "fields_to_fields_data_clump-./TORTAS-_i_SIsINMEDq50cBTFpqB9g-_lkyLUINMEDq50cBTFpqB9g-nombreprecioid_cocina": {
      "type": "data_clump",
      "key": "fields_to_fields_data_clump-./TORTAS-_i_SIsINMEDq50cBTFpqB9g-_lkyLUINMEDq50cBTFpqB9g-nombreprecioid_cocina",
      "probability": 1,
      "from_file_path": "./TORTAS",
      "from_class_or_interface_name": "TORTAS",
      "from_class_or_interface_key": "_i_SIsINMEDq50cBTFpqB9g",
      "from_method_name": null,
      "from_method_key": null,
      "to_file_path": "./HORCHATAS",
      "to_class_or_interface_key": "_lkyLUINMEDq50cBTFpqB9g",
      "to_class_or_interface_name": "TORTAS",
      "to_method_key": null,
      "to_method_name": null,
      "data_clump_type": "fields_to_fields_data_clump",
      "data_clump_data": {
        "_c6jh8INTEDq50cBTFpqB9g": {
          "key": "_c6jh8INTEDq50cBTFpqB9g",
          "name": "nombre",
          "type": null,
          "probability": 1,
          "modifiers": [
            "public"
          ],
          "to_variable": {
            "key": "_orgAcINTEDq50cBTFpqB9g",
            "name": "nombre",
            "type": null,
            "modifiers": [
              "public"
            ],
            "position": {}
          },
          "position": {}
        },
        "_gWWTYINTEDq50cBTFpqB9g": {
          "key": "_gWWTYINTEDq50cBTFpqB9g",
          "name": "precio",
          "type": null,
          "probability": 1,
          "modifiers": [
            "public"
          ],
          "to_variable": {
            "key": "_o-5dkINTEDq50cBTFpqB9g",
            "name": "precio",
            "type": null,
            "modifiers": [
              "public"
            ],
            "position": {}
          },
          "position": {}
        },
        "_hsPIQINTEDq50cBTFpqB9g": {
          "key": "_hsPIQINTEDq50cBTFpqB9g",
          "name": "id_cocina",
          "type": null,
          "probability": 1,
          "modifiers": [
            "public"
          ],
          "to_variable": {
            "key": "_pRMHcINTEDq50cBTFpqB9g",
            "name": "id_cocina",
            "type": null,
            "modifiers": [
              "public"
            ],
            "position": {}
          },
          "position": {}
        }
      }
    },
    "fields_to_fields_data_clump-./TORTAS-_i_SIsINMEDq50cBTFpqB9g-_k_AkwINMEDq50cBTFpqB9g-nombreprecioingredientesid_cocina": {
      "type": "data_clump",
      "key": "fields_to_fields_data_clump-./TORTAS-_i_SIsINMEDq50cBTFpqB9g-_k_AkwINMEDq50cBTFpqB9g-nombreprecioingredientesid_cocina",
      "probability": 1,
      "from_file_path": "./TORTAS",
      "from_class_or_interface_name": "TORTAS",
      "from_class_or_interface_key": "_i_SIsINMEDq50cBTFpqB9g",
      "from_method_name": null,
      "from_method_key": null,
      "to_file_path": "./KIBIS",
      "to_class_or_interface_key": "_k_AkwINMEDq50cBTFpqB9g",
      "to_class_or_interface_name": "TORTAS",
      "to_method_key": null,
      "to_method_name": null,
      "data_clump_type": "fields_to_fields_data_clump",
      "data_clump_data": {
        "_c6jh8INTEDq50cBTFpqB9g": {
          "key": "_c6jh8INTEDq50cBTFpqB9g",
          "name": "nombre",
          "type": null,
          "probability": 1,
          "modifiers": [
            "public"
          ],
          "to_variable": {
            "key": "_k1y6MINTEDq50cBTFpqB9g",
            "name": "nombre",
            "type": null,
            "modifiers": [
              "public"
            ],
            "position": {}
          },
          "position": {}
        },
        "_gWWTYINTEDq50cBTFpqB9g": {
          "key": "_gWWTYINTEDq50cBTFpqB9g",
          "name": "precio",
          "type": null,
          "probability": 1,
          "modifiers": [
            "public"
          ],
          "to_variable": {
            "key": "_lOmbwINTEDq50cBTFpqB9g",
            "name": "precio",
            "type": null,
            "modifiers": [
              "public"
            ],
            "position": {}
          },
          "position": {}
        },
        "_yxsEYKeREDqnPoEOJ0GA2Q": {
          "key": "_yxsEYKeREDqnPoEOJ0GA2Q",
          "name": "ingredientes",
          "type": null,
          "probability": 1,
          "modifiers": [
            "public"
          ],
          "to_variable": {
            "key": "_m2zxUKeSEDqnPoEOJ0GA2Q",
            "name": "ingredientes",
            "type": null,
            "modifiers": [
              "public"
            ],
            "position": {}
          },
          "position": {}
        },
        "_hsPIQINTEDq50cBTFpqB9g": {
          "key": "_hsPIQINTEDq50cBTFpqB9g",
          "name": "id_cocina",
          "type": null,
          "probability": 1,
          "modifiers": [
            "public"
          ],
          "to_variable": {
            "key": "_lkaTsINTEDq50cBTFpqB9g",
            "name": "id_cocina",
            "type": null,
            "modifiers": [
              "public"
            ],
            "position": {}
          },
          "position": {}
        }
      }
    },
    "fields_to_fields_data_clump-./TORTAS-_i_SIsINMEDq50cBTFpqB9g-_kzAJEINMEDq50cBTFpqB9g-nombreprecioingredientesid_cocina": {
      "type": "data_clump",
      "key": "fields_to_fields_data_clump-./TORTAS-_i_SIsINMEDq50cBTFpqB9g-_kzAJEINMEDq50cBTFpqB9g-nombreprecioingredientesid_cocina",
      "probability": 1,
      "from_file_path": "./TORTAS",
      "from_class_or_interface_name": "TORTAS",
      "from_class_or_interface_key": "_i_SIsINMEDq50cBTFpqB9g",
      "from_method_name": null,
      "from_method_key": null,
      "to_file_path": "./PANUCHOS",
      "to_class_or_interface_key": "_kzAJEINMEDq50cBTFpqB9g",
      "to_class_or_interface_name": "TORTAS",
      "to_method_key": null,
      "to_method_name": null,
      "data_clump_type": "fields_to_fields_data_clump",
      "data_clump_data": {
        "_c6jh8INTEDq50cBTFpqB9g": {
          "key": "_c6jh8INTEDq50cBTFpqB9g",
          "name": "nombre",
          "type": null,
          "probability": 1,
          "modifiers": [
            "public"
          ],
          "to_variable": {
            "key": "_mgSGEINTEDq50cBTFpqB9g",
            "name": "nombre",
            "type": null,
            "modifiers": [
              "public"
            ],
            "position": {}
          },
          "position": {}
        },
        "_gWWTYINTEDq50cBTFpqB9g": {
          "key": "_gWWTYINTEDq50cBTFpqB9g",
          "name": "precio",
          "type": null,
          "probability": 1,
          "modifiers": [
            "public"
          ],
          "to_variable": {
            "key": "_m1N0QINTEDq50cBTFpqB9g",
            "name": "precio",
            "type": null,
            "modifiers": [
              "public"
            ],
            "position": {}
          },
          "position": {}
        },
        "_yxsEYKeREDqnPoEOJ0GA2Q": {
          "key": "_yxsEYKeREDqnPoEOJ0GA2Q",
          "name": "ingredientes",
          "type": null,
          "probability": 1,
          "modifiers": [
            "public"
          ],
          "to_variable": {
            "key": "_qHnawKeSEDqnPoEOJ0GA2Q",
            "name": "ingredientes",
            "type": null,
            "modifiers": [
              "public"
            ],
            "position": {}
          },
          "position": {}
        },
        "_hsPIQINTEDq50cBTFpqB9g": {
          "key": "_hsPIQINTEDq50cBTFpqB9g",
          "name": "id_cocina",
          "type": null,
          "probability": 1,
          "modifiers": [
            "public"
          ],
          "to_variable": {
            "key": "_nKx0kINTEDq50cBTFpqB9g",
            "name": "id_cocina",
            "type": null,
            "modifiers": [
              "public"
            ],
            "position": {}
          },
          "position": {}
        }
      }
    }
  }
}