{
  "report_version": "unknown",
  "report_timestamp": "2025-03-26T22:57:44.491Z",
  "target_language": "java",
  "report_summary": {
    "additional": null,
    "amount_classes_or_interfaces_with_data_clumps": 3,
    "amount_files_with_data_clumps": 3,
    "amount_methods_with_data_clumps": 7,
    "fields_to_fields_data_clump": 0,
    "parameters_to_fields_data_clump": 0,
    "parameters_to_parameters_data_clump": 42,
    "amount_data_clumps": 42
  },
  "project_info": {
    "project_url": "unknown_project_url",
    "project_name": "_CzDS8OALEeab1o7a7LtORQ",
    "project_version": "unknown_project_version",
    "project_commit_hash": "unknown",
    "project_tag": null,
    "project_commit_date": null,
    "additional": {},
    "number_of_files": 5,
    "number_of_classes_or_interfaces": 5,
    "number_of_methods": 19,
    "number_of_data_fields": 8,
    "number_of_method_parameters": 27
  },
  "detector": {
    "name": "data-clumps-doctor",
    "url": "https://github.com/NilsBaumgartner1994/data-clumps-doctor",
    "version": "0.1.100",
    "options": {
      "typeVariablesConsidered": false,
      "similarityModifierOfVariablesWithUnknownType": 0,
      "fieldsOfClassesWithUnknownHierarchyProbabilityModifier": 0,
      "sharedFieldsToFieldsAmountMinimum": 3,
      "analyseFieldsInClassesOrInterfacesInheritedFromSuperClassesOrInterfaces": false,
      "sharedParametersToParametersAmountMinimum": 3,
      "sharedParametersToFieldsAmountMinimum": 3,
      "methodsOfClassesOrInterfacesWithUnknownHierarchyProbabilityModifier": 0
    }
  },
  "data_clumps": {
    "parameters_to_parameters_data_clump-./CrustedPizza-_PN48EMLEEDShE8NYR0V9rg-_fEMagMLREDS5aPKy5_bYBA-parameterparameter2parameter3parameter4": {
      "type": "data_clump",
      "key": "parameters_to_parameters_data_clump-./CrustedPizza-_PN48EMLEEDShE8NYR0V9rg-_fEMagMLREDS5aPKy5_bYBA-parameterparameter2parameter3parameter4",
      "probability": 1,
      "from_file_path": "./CrustedPizza",
      "from_class_or_interface_name": "CrustedPizza",
      "from_class_or_interface_key": "_Q9P68MJCEDSyAfGvOmlorg",
      "from_method_name": "CrustedPizza",
      "from_method_key": "_PN48EMLEEDShE8NYR0V9rg",
      "to_file_path": "./Helper",
      "to_class_or_interface_name": "Helper",
      "to_class_or_interface_key": "_X6GLUMLREDS5aPKy5_bYBA",
      "to_method_name": "CreateCrustedPizza",
      "to_method_key": "_fEMagMLREDS5aPKy5_bYBA",
      "data_clump_type": "parameters_to_parameters_data_clump",
      "data_clump_data": {
        "_RwliUMLEEDShE8NYR0V9rg": {
          "key": "_RwliUMLEEDShE8NYR0V9rg",
          "name": "parameter",
          "type": null,
          "probability": 1,
          "modifiers": [],
          "to_variable": {
            "key": "_nmLpsMLREDS5aPKy5_bYBA",
            "name": "parameter",
            "type": null,
            "modifiers": [],
            "position": {}
          },
          "position": {}
        },
        "_TPzSUMLEEDShE8NYR0V9rg": {
          "key": "_TPzSUMLEEDShE8NYR0V9rg",
          "name": "parameter2",
          "type": null,
          "probability": 1,
          "modifiers": [],
          "to_variable": {
            "key": "_oqfmYMLREDS5aPKy5_bYBA",
            "name": "parameter2",
            "type": null,
            "modifiers": [],
            "position": {}
          },
          "position": {}
        },
        "_U2ZcsMLEEDShE8NYR0V9rg": {
          "key": "_U2ZcsMLEEDShE8NYR0V9rg",
          "name": "parameter3",
          "type": null,
          "probability": 1,
          "modifiers": [],
          "to_variable": {
            "key": "_pzcygMLREDS5aPKy5_bYBA",
            "name": "parameter3",
            "type": null,
            "modifiers": [],
            "position": {}
          },
          "position": {}
        },
        "_wkoegMLpEDSkE4NhUM2oIQ": {
          "key": "_wkoegMLpEDSkE4NhUM2oIQ",
          "name": "parameter4",
          "type": null,
          "probability": 1,
          "modifiers": [],
          "to_variable": {
            "key": "_1c6cEMLpEDSkE4NhUM2oIQ",
            "name": "parameter4",
            "type": null,
            "modifiers": [],
            "position": {}
          },
          "position": {}
        }
      }
    },
    "parameters_to_parameters_data_clump-./CrustedPizza-_PN48EMLEEDShE8NYR0V9rg-_saS48cLREDS5aPKy5_bYBA-parameterparameter2parameter3": {
      "type": "data_clump",
      "key": "parameters_to_parameters_data_clump-./CrustedPizza-_PN48EMLEEDShE8NYR0V9rg-_saS48cLREDS5aPKy5_bYBA-parameterparameter2parameter3",
      "probability": 1,
      "from_file_path": "./CrustedPizza",
      "from_class_or_interface_name": "CrustedPizza",
      "from_class_or_interface_key": "_Q9P68MJCEDSyAfGvOmlorg",
      "from_method_name": "CrustedPizza",
      "from_method_key": "_PN48EMLEEDShE8NYR0V9rg",
      "to_file_path": "./Helper",
      "to_class_or_interface_name": "Helper",
      "to_class_or_interface_key": "_X6GLUMLREDS5aPKy5_bYBA",
      "to_method_name": "CreateRegularPizza",
      "to_method_key": "_saS48cLREDS5aPKy5_bYBA",
      "data_clump_type": "parameters_to_parameters_data_clump",
      "data_clump_data": {
        "_RwliUMLEEDShE8NYR0V9rg": {
          "key": "_RwliUMLEEDShE8NYR0V9rg",
          "name": "parameter",
          "type": null,
          "probability": 1,
          "modifiers": [],
          "to_variable": {
            "key": "_uVeMMMLREDS5aPKy5_bYBA",
            "name": "parameter",
            "type": null,
            "modifiers": [],
            "position": {}
          },
          "position": {}
        },
        "_TPzSUMLEEDShE8NYR0V9rg": {
          "key": "_TPzSUMLEEDShE8NYR0V9rg",
          "name": "parameter2",
          "type": null,
          "probability": 1,
          "modifiers": [],
          "to_variable": {
            "key": "_vUMeQMLREDS5aPKy5_bYBA",
            "name": "parameter2",
            "type": null,
            "modifiers": [],
            "position": {}
          },
          "position": {}
        },
        "_U2ZcsMLEEDShE8NYR0V9rg": {
          "key": "_U2ZcsMLEEDShE8NYR0V9rg",
          "name": "parameter3",
          "type": null,
          "probability": 1,
          "modifiers": [],
          "to_variable": {
            "key": "_2UwDAMLpEDSkE4NhUM2oIQ",
            "name": "parameter3",
            "type": null,
            "modifiers": [],
            "position": {}
          },
          "position": {}
        }
      }
    },
    "parameters_to_parameters_data_clump-./CrustedPizza-_PN48EMLEEDShE8NYR0V9rg-_4vCUIMLpEDSkE4NhUM2oIQ-parameterparameter2parameter3": {
      "type": "data_clump",
      "key": "parameters_to_parameters_data_clump-./CrustedPizza-_PN48EMLEEDShE8NYR0V9rg-_4vCUIMLpEDSkE4NhUM2oIQ-parameterparameter2parameter3",
      "probability": 1,
      "from_file_path": "./CrustedPizza",
      "from_class_or_interface_name": "CrustedPizza",
      "from_class_or_interface_key": "_Q9P68MJCEDSyAfGvOmlorg",
      "from_method_name": "CrustedPizza",
      "from_method_key": "_PN48EMLEEDShE8NYR0V9rg",
      "to_file_path": "./Helper",
      "to_class_or_interface_name": "Helper",
      "to_class_or_interface_key": "_X6GLUMLREDS5aPKy5_bYBA",
      "to_method_name": "ReturnHotSpicyLevel",
      "to_method_key": "_4vCUIMLpEDSkE4NhUM2oIQ",
      "data_clump_type": "parameters_to_parameters_data_clump",
      "data_clump_data": {
        "_RwliUMLEEDShE8NYR0V9rg": {
          "key": "_RwliUMLEEDShE8NYR0V9rg",
          "name": "parameter",
          "type": null,
          "probability": 1,
          "modifiers": [],
          "to_variable": {
            "key": "_8tdRgMLpEDSkE4NhUM2oIQ",
            "name": "parameter",
            "type": null,
            "modifiers": [],
            "position": {}
          },
          "position": {}
        },
        "_TPzSUMLEEDShE8NYR0V9rg": {
          "key": "_TPzSUMLEEDShE8NYR0V9rg",
          "name": "parameter2",
          "type": null,
          "probability": 1,
          "modifiers": [],
          "to_variable": {
            "key": "_9hq8sMLpEDSkE4NhUM2oIQ",
            "name": "parameter2",
            "type": null,
            "modifiers": [],
            "position": {}
          },
          "position": {}
        },
        "_U2ZcsMLEEDShE8NYR0V9rg": {
          "key": "_U2ZcsMLEEDShE8NYR0V9rg",
          "name": "parameter3",
          "type": null,
          "probability": 1,
          "modifiers": [],
          "to_variable": {
            "key": "_-7-XgMLpEDSkE4NhUM2oIQ",
            "name": "parameter3",
            "type": null,
            "modifiers": [],
            "position": {}
          },
          "position": {}
        }
      }
    },
    "parameters_to_parameters_data_clump-./CrustedPizza-_PN48EMLEEDShE8NYR0V9rg-__ND0YcLREDS5aPKy5_bYBA-parameterparameter2parameter3": {
      "type": "data_clump",
      "key": "parameters_to_parameters_data_clump-./CrustedPizza-_PN48EMLEEDShE8NYR0V9rg-__ND0YcLREDS5aPKy5_bYBA-parameterparameter2parameter3",
      "probability": 1,
      "from_file_path": "./CrustedPizza",
      "from_class_or_interface_name": "CrustedPizza",
      "from_class_or_interface_key": "_Q9P68MJCEDSyAfGvOmlorg",
      "from_method_name": "CrustedPizza",
      "from_method_key": "_PN48EMLEEDShE8NYR0V9rg",
      "to_file_path": "./Helper",
      "to_class_or_interface_name": "Helper",
      "to_class_or_interface_key": "_X6GLUMLREDS5aPKy5_bYBA",
      "to_method_name": "ResetConsoleData",
      "to_method_key": "__ND0YcLREDS5aPKy5_bYBA",
      "data_clump_type": "parameters_to_parameters_data_clump",
      "data_clump_data": {
        "_RwliUMLEEDShE8NYR0V9rg": {
          "key": "_RwliUMLEEDShE8NYR0V9rg",
          "name": "parameter",
          "type": null,
          "probability": 1,
          "modifiers": [],
          "to_variable": {
            "key": "_CkCXQMLSEDS5aPKy5_bYBA",
            "name": "parameter",
            "type": null,
            "modifiers": [],
            "position": {}
          },
          "position": {}
        },
        "_TPzSUMLEEDShE8NYR0V9rg": {
          "key": "_TPzSUMLEEDShE8NYR0V9rg",
          "name": "parameter2",
          "type": null,
          "probability": 1,
          "modifiers": [],
          "to_variable": {
            "key": "_DUaEQMLSEDS5aPKy5_bYBA",
            "name": "parameter2",
            "type": null,
            "modifiers": [],
            "position": {}
          },
          "position": {}
        },
        "_U2ZcsMLEEDShE8NYR0V9rg": {
          "key": "_U2ZcsMLEEDShE8NYR0V9rg",
          "name": "parameter3",
          "type": null,
          "probability": 1,
          "modifiers": [],
          "to_variable": {
            "key": "_Ec-O0MLSEDS5aPKy5_bYBA",
            "name": "parameter3",
            "type": null,
            "modifiers": [],
            "position": {}
          },
          "position": {}
        }
      }
    },
    "parameters_to_parameters_data_clump-./CrustedPizza-_PN48EMLEEDShE8NYR0V9rg-_HtHJ4cLSEDS5aPKy5_bYBA-parameterparameter2parameter3parameter4": {
      "type": "data_clump",
      "key": "parameters_to_parameters_data_clump-./CrustedPizza-_PN48EMLEEDShE8NYR0V9rg-_HtHJ4cLSEDS5aPKy5_bYBA-parameterparameter2parameter3parameter4",
      "probability": 1,
      "from_file_path": "./CrustedPizza",
      "from_class_or_interface_name": "CrustedPizza",
      "from_class_or_interface_key": "_Q9P68MJCEDSyAfGvOmlorg",
      "from_method_name": "CrustedPizza",
      "from_method_key": "_PN48EMLEEDShE8NYR0V9rg",
      "to_file_path": "./Helper",
      "to_class_or_interface_name": "Helper",
      "to_class_or_interface_key": "_X6GLUMLREDS5aPKy5_bYBA",
      "to_method_name": "AddTopping",
      "to_method_key": "_HtHJ4cLSEDS5aPKy5_bYBA",
      "data_clump_type": "parameters_to_parameters_data_clump",
      "data_clump_data": {
        "_RwliUMLEEDShE8NYR0V9rg": {
          "key": "_RwliUMLEEDShE8NYR0V9rg",
          "name": "parameter",
          "type": null,
          "probability": 1,
          "modifiers": [],
          "to_variable": {
            "key": "_MLVosMLSEDS5aPKy5_bYBA",
            "name": "parameter",
            "type": null,
            "modifiers": [],
            "position": {}
          },
          "position": {}
        },
        "_TPzSUMLEEDShE8NYR0V9rg": {
          "key": "_TPzSUMLEEDShE8NYR0V9rg",
          "name": "parameter2",
          "type": null,
          "probability": 1,
          "modifiers": [],
          "to_variable": {
            "key": "_M2llIMLSEDS5aPKy5_bYBA",
            "name": "parameter2",
            "type": null,
            "modifiers": [],
            "position": {}
          },
          "position": {}
        },
        "_U2ZcsMLEEDShE8NYR0V9rg": {
          "key": "_U2ZcsMLEEDShE8NYR0V9rg",
          "name": "parameter3",
          "type": null,
          "probability": 1,
          "modifiers": [],
          "to_variable": {
            "key": "_N5XQwMLSEDS5aPKy5_bYBA",
            "name": "parameter3",
            "type": null,
            "modifiers": [],
            "position": {}
          },
          "position": {}
        },
        "_wkoegMLpEDSkE4NhUM2oIQ": {
          "key": "_wkoegMLpEDSkE4NhUM2oIQ",
          "name": "parameter4",
          "type": null,
          "probability": 1,
          "modifiers": [],
          "to_variable": {
            "key": "_PAZKQMLSEDS5aPKy5_bYBA",
            "name": "parameter4",
            "type": null,
            "modifiers": [],
            "position": {}
          },
          "position": {}
        }
      }
    },
    "parameters_to_parameters_data_clump-./CrustedPizza-_PN48EMLEEDShE8NYR0V9rg-_fMaqwcLDEDShE8NYR0V9rg-parameterparameter2parameter3": {
      "type": "data_clump",
      "key": "parameters_to_parameters_data_clump-./CrustedPizza-_PN48EMLEEDShE8NYR0V9rg-_fMaqwcLDEDShE8NYR0V9rg-parameterparameter2parameter3",
      "probability": 1,
      "from_file_path": "./CrustedPizza",
      "from_class_or_interface_name": "CrustedPizza",
      "from_class_or_interface_key": "_Q9P68MJCEDSyAfGvOmlorg",
      "from_method_name": "CrustedPizza",
      "from_method_key": "_PN48EMLEEDShE8NYR0V9rg",
      "to_file_path": "./RegularPizza",
      "to_class_or_interface_name": "RegularPizza",
      "to_class_or_interface_key": "_ON9DIMJCEDSyAfGvOmlorg",
      "to_method_name": "RegularPizza",
      "to_method_key": "_fMaqwcLDEDShE8NYR0V9rg",
      "data_clump_type": "parameters_to_parameters_data_clump",
      "data_clump_data": {
        "_RwliUMLEEDShE8NYR0V9rg": {
          "key": "_RwliUMLEEDShE8NYR0V9rg",
          "name": "parameter",
          "type": null,
          "probability": 1,
          "modifiers": [],
          "to_variable": {
            "key": "_hQ65IMLDEDShE8NYR0V9rg",
            "name": "parameter",
            "type": null,
            "modifiers": [],
            "position": {}
          },
          "position": {}
        },
        "_TPzSUMLEEDShE8NYR0V9rg": {
          "key": "_TPzSUMLEEDShE8NYR0V9rg",
          "name": "parameter2",
          "type": null,
          "probability": 1,
          "modifiers": [],
          "to_variable": {
            "key": "_kVonUMLDEDShE8NYR0V9rg",
            "name": "parameter2",
            "type": null,
            "modifiers": [],
            "position": {}
          },
          "position": {}
        },
        "_U2ZcsMLEEDShE8NYR0V9rg": {
          "key": "_U2ZcsMLEEDShE8NYR0V9rg",
          "name": "parameter3",
          "type": null,
          "probability": 1,
          "modifiers": [],
          "to_variable": {
            "key": "_ucYYkMLpEDSkE4NhUM2oIQ",
            "name": "parameter3",
            "type": null,
            "modifiers": [],
            "position": {}
          },
          "position": {}
        }
      }
    },
    "parameters_to_parameters_data_clump-./Helper-_fEMagMLREDS5aPKy5_bYBA-_PN48EMLEEDShE8NYR0V9rg-parameterparameter2parameter3parameter4": {
      "type": "data_clump",
      "key": "parameters_to_parameters_data_clump-./Helper-_fEMagMLREDS5aPKy5_bYBA-_PN48EMLEEDShE8NYR0V9rg-parameterparameter2parameter3parameter4",
      "probability": 1,
      "from_file_path": "./Helper",
      "from_class_or_interface_name": "Helper",
      "from_class_or_interface_key": "_X6GLUMLREDS5aPKy5_bYBA",
      "from_method_name": "CreateCrustedPizza",
      "from_method_key": "_fEMagMLREDS5aPKy5_bYBA",
      "to_file_path": "./CrustedPizza",
      "to_class_or_interface_name": "CrustedPizza",
      "to_class_or_interface_key": "_Q9P68MJCEDSyAfGvOmlorg",
      "to_method_name": "CrustedPizza",
      "to_method_key": "_PN48EMLEEDShE8NYR0V9rg",
      "data_clump_type": "parameters_to_parameters_data_clump",
      "data_clump_data": {
        "_nmLpsMLREDS5aPKy5_bYBA": {
          "key": "_nmLpsMLREDS5aPKy5_bYBA",
          "name": "parameter",
          "type": null,
          "probability": 1,
          "modifiers": [],
          "to_variable": {
            "key": "_RwliUMLEEDShE8NYR0V9rg",
            "name": "parameter",
            "type": null,
            "modifiers": [],
            "position": {}
          },
          "position": {}
        },
        "_oqfmYMLREDS5aPKy5_bYBA": {
          "key": "_oqfmYMLREDS5aPKy5_bYBA",
          "name": "parameter2",
          "type": null,
          "probability": 1,
          "modifiers": [],
          "to_variable": {
            "key": "_TPzSUMLEEDShE8NYR0V9rg",
            "name": "parameter2",
            "type": null,
            "modifiers": [],
            "position": {}
          },
          "position": {}
        },
        "_pzcygMLREDS5aPKy5_bYBA": {
          "key": "_pzcygMLREDS5aPKy5_bYBA",
          "name": "parameter3",
          "type": null,
          "probability": 1,
          "modifiers": [],
          "to_variable": {
            "key": "_U2ZcsMLEEDShE8NYR0V9rg",
            "name": "parameter3",
            "type": null,
            "modifiers": [],
            "position": {}
          },
          "position": {}
        },
        "_1c6cEMLpEDSkE4NhUM2oIQ": {
          "key": "_1c6cEMLpEDSkE4NhUM2oIQ",
          "name": "parameter4",
          "type": null,
          "probability": 1,
          "modifiers": [],
          "to_variable": {
            "key": "_wkoegMLpEDSkE4NhUM2oIQ",
            "name": "parameter4",
            "type": null,
            "modifiers": [],
            "position": {}
          },
          "position": {}
        }
      }
    },
    "parameters_to_parameters_data_clump-./Helper-_fEMagMLREDS5aPKy5_bYBA-_saS48cLREDS5aPKy5_bYBA-parameterparameter2parameter3": {
      "type": "data_clump",
      "key": "parameters_to_parameters_data_clump-./Helper-_fEMagMLREDS5aPKy5_bYBA-_saS48cLREDS5aPKy5_bYBA-parameterparameter2parameter3",
      "probability": 1,
      "from_file_path": "./Helper",
      "from_class_or_interface_name": "Helper",
      "from_class_or_interface_key": "_X6GLUMLREDS5aPKy5_bYBA",
      "from_method_name": "CreateCrustedPizza",
      "from_method_key": "_fEMagMLREDS5aPKy5_bYBA",
      "to_file_path": "./Helper",
      "to_class_or_interface_name": "Helper",
      "to_class_or_interface_key": "_X6GLUMLREDS5aPKy5_bYBA",
      "to_method_name": "CreateRegularPizza",
      "to_method_key": "_saS48cLREDS5aPKy5_bYBA",
      "data_clump_type": "parameters_to_parameters_data_clump",
      "data_clump_data": {
        "_nmLpsMLREDS5aPKy5_bYBA": {
          "key": "_nmLpsMLREDS5aPKy5_bYBA",
          "name": "parameter",
          "type": null,
          "probability": 1,
          "modifiers": [],
          "to_variable": {
            "key": "_uVeMMMLREDS5aPKy5_bYBA",
            "name": "parameter",
            "type": null,
            "modifiers": [],
            "position": {}
          },
          "position": {}
        },
        "_oqfmYMLREDS5aPKy5_bYBA": {
          "key": "_oqfmYMLREDS5aPKy5_bYBA",
          "name": "parameter2",
          "type": null,
          "probability": 1,
          "modifiers": [],
          "to_variable": {
            "key": "_vUMeQMLREDS5aPKy5_bYBA",
            "name": "parameter2",
            "type": null,
            "modifiers": [],
            "position": {}
          },
          "position": {}
        },
        "_pzcygMLREDS5aPKy5_bYBA": {
          "key": "_pzcygMLREDS5aPKy5_bYBA",
          "name": "parameter3",
          "type": null,
          "probability": 1,
          "modifiers": [],
          "to_variable": {
            "key": "_2UwDAMLpEDSkE4NhUM2oIQ",
            "name": "parameter3",
            "type": null,
            "modifiers": [],
            "position": {}
          },
          "position": {}
        }
      }
    },
    "parameters_to_parameters_data_clump-./Helper-_fEMagMLREDS5aPKy5_bYBA-_4vCUIMLpEDSkE4NhUM2oIQ-parameterparameter2parameter3": {
      "type": "data_clump",
      "key": "parameters_to_parameters_data_clump-./Helper-_fEMagMLREDS5aPKy5_bYBA-_4vCUIMLpEDSkE4NhUM2oIQ-parameterparameter2parameter3",
      "probability": 1,
      "from_file_path": "./Helper",
      "from_class_or_interface_name": "Helper",
      "from_class_or_interface_key": "_X6GLUMLREDS5aPKy5_bYBA",
      "from_method_name": "CreateCrustedPizza",
      "from_method_key": "_fEMagMLREDS5aPKy5_bYBA",
      "to_file_path": "./Helper",
      "to_class_or_interface_name": "Helper",
      "to_class_or_interface_key": "_X6GLUMLREDS5aPKy5_bYBA",
      "to_method_name": "ReturnHotSpicyLevel",
      "to_method_key": "_4vCUIMLpEDSkE4NhUM2oIQ",
      "data_clump_type": "parameters_to_parameters_data_clump",
      "data_clump_data": {
        "_nmLpsMLREDS5aPKy5_bYBA": {
          "key": "_nmLpsMLREDS5aPKy5_bYBA",
          "name": "parameter",
          "type": null,
          "probability": 1,
          "modifiers": [],
          "to_variable": {
            "key": "_8tdRgMLpEDSkE4NhUM2oIQ",
            "name": "parameter",
            "type": null,
            "modifiers": [],
            "position": {}
          },
          "position": {}
        },
        "_oqfmYMLREDS5aPKy5_bYBA": {
          "key": "_oqfmYMLREDS5aPKy5_bYBA",
          "name": "parameter2",
          "type": null,
          "probability": 1,
          "modifiers": [],
          "to_variable": {
            "key": "_9hq8sMLpEDSkE4NhUM2oIQ",
            "name": "parameter2",
            "type": null,
            "modifiers": [],
            "position": {}
          },
          "position": {}
        },
        "_pzcygMLREDS5aPKy5_bYBA": {
          "key": "_pzcygMLREDS5aPKy5_bYBA",
          "name": "parameter3",
          "type": null,
          "probability": 1,
          "modifiers": [],
          "to_variable": {
            "key": "_-7-XgMLpEDSkE4NhUM2oIQ",
            "name": "parameter3",
            "type": null,
            "modifiers": [],
            "position": {}
          },
          "position": {}
        }
      }
    },
    "parameters_to_parameters_data_clump-./Helper-_fEMagMLREDS5aPKy5_bYBA-__ND0YcLREDS5aPKy5_bYBA-parameterparameter2parameter3": {
      "type": "data_clump",
      "key": "parameters_to_parameters_data_clump-./Helper-_fEMagMLREDS5aPKy5_bYBA-__ND0YcLREDS5aPKy5_bYBA-parameterparameter2parameter3",
      "probability": 1,
      "from_file_path": "./Helper",
      "from_class_or_interface_name": "Helper",
      "from_class_or_interface_key": "_X6GLUMLREDS5aPKy5_bYBA",
      "from_method_name": "CreateCrustedPizza",
      "from_method_key": "_fEMagMLREDS5aPKy5_bYBA",
      "to_file_path": "./Helper",
      "to_class_or_interface_name": "Helper",
      "to_class_or_interface_key": "_X6GLUMLREDS5aPKy5_bYBA",
      "to_method_name": "ResetConsoleData",
      "to_method_key": "__ND0YcLREDS5aPKy5_bYBA",
      "data_clump_type": "parameters_to_parameters_data_clump",
      "data_clump_data": {
        "_nmLpsMLREDS5aPKy5_bYBA": {
          "key": "_nmLpsMLREDS5aPKy5_bYBA",
          "name": "parameter",
          "type": null,
          "probability": 1,
          "modifiers": [],
          "to_variable": {
            "key": "_CkCXQMLSEDS5aPKy5_bYBA",
            "name": "parameter",
            "type": null,
            "modifiers": [],
            "position": {}
          },
          "position": {}
        },
        "_oqfmYMLREDS5aPKy5_bYBA": {
          "key": "_oqfmYMLREDS5aPKy5_bYBA",
          "name": "parameter2",
          "type": null,
          "probability": 1,
          "modifiers": [],
          "to_variable": {
            "key": "_DUaEQMLSEDS5aPKy5_bYBA",
            "name": "parameter2",
            "type": null,
            "modifiers": [],
            "position": {}
          },
          "position": {}
        },
        "_pzcygMLREDS5aPKy5_bYBA": {
          "key": "_pzcygMLREDS5aPKy5_bYBA",
          "name": "parameter3",
          "type": null,
          "probability": 1,
          "modifiers": [],
          "to_variable": {
            "key": "_Ec-O0MLSEDS5aPKy5_bYBA",
            "name": "parameter3",
            "type": null,
            "modifiers": [],
            "position": {}
          },
          "position": {}
        }
      }
    },
    "parameters_to_parameters_data_clump-./Helper-_fEMagMLREDS5aPKy5_bYBA-_HtHJ4cLSEDS5aPKy5_bYBA-parameterparameter2parameter3parameter4": {
      "type": "data_clump",
      "key": "parameters_to_parameters_data_clump-./Helper-_fEMagMLREDS5aPKy5_bYBA-_HtHJ4cLSEDS5aPKy5_bYBA-parameterparameter2parameter3parameter4",
      "probability": 1,
      "from_file_path": "./Helper",
      "from_class_or_interface_name": "Helper",
      "from_class_or_interface_key": "_X6GLUMLREDS5aPKy5_bYBA",
      "from_method_name": "CreateCrustedPizza",
      "from_method_key": "_fEMagMLREDS5aPKy5_bYBA",
      "to_file_path": "./Helper",
      "to_class_or_interface_name": "Helper",
      "to_class_or_interface_key": "_X6GLUMLREDS5aPKy5_bYBA",
      "to_method_name": "AddTopping",
      "to_method_key": "_HtHJ4cLSEDS5aPKy5_bYBA",
      "data_clump_type": "parameters_to_parameters_data_clump",
      "data_clump_data": {
        "_nmLpsMLREDS5aPKy5_bYBA": {
          "key": "_nmLpsMLREDS5aPKy5_bYBA",
          "name": "parameter",
          "type": null,
          "probability": 1,
          "modifiers": [],
          "to_variable": {
            "key": "_MLVosMLSEDS5aPKy5_bYBA",
            "name": "parameter",
            "type": null,
            "modifiers": [],
            "position": {}
          },
          "position": {}
        },
        "_oqfmYMLREDS5aPKy5_bYBA": {
          "key": "_oqfmYMLREDS5aPKy5_bYBA",
          "name": "parameter2",
          "type": null,
          "probability": 1,
          "modifiers": [],
          "to_variable": {
            "key": "_M2llIMLSEDS5aPKy5_bYBA",
            "name": "parameter2",
            "type": null,
            "modifiers": [],
            "position": {}
          },
          "position": {}
        },
        "_pzcygMLREDS5aPKy5_bYBA": {
          "key": "_pzcygMLREDS5aPKy5_bYBA",
          "name": "parameter3",
          "type": null,
          "probability": 1,
          "modifiers": [],
          "to_variable": {
            "key": "_N5XQwMLSEDS5aPKy5_bYBA",
            "name": "parameter3",
            "type": null,
            "modifiers": [],
            "position": {}
          },
          "position": {}
        },
        "_1c6cEMLpEDSkE4NhUM2oIQ": {
          "key": "_1c6cEMLpEDSkE4NhUM2oIQ",
          "name": "parameter4",
          "type": null,
          "probability": 1,
          "modifiers": [],
          "to_variable": {
            "key": "_PAZKQMLSEDS5aPKy5_bYBA",
            "name": "parameter4",
            "type": null,
            "modifiers": [],
            "position": {}
          },
          "position": {}
        }
      }
    },
    "parameters_to_parameters_data_clump-./Helper-_fEMagMLREDS5aPKy5_bYBA-_fMaqwcLDEDShE8NYR0V9rg-parameterparameter2parameter3": {
      "type": "data_clump",
      "key": "parameters_to_parameters_data_clump-./Helper-_fEMagMLREDS5aPKy5_bYBA-_fMaqwcLDEDShE8NYR0V9rg-parameterparameter2parameter3",
      "probability": 1,
      "from_file_path": "./Helper",
      "from_class_or_interface_name": "Helper",
      "from_class_or_interface_key": "_X6GLUMLREDS5aPKy5_bYBA",
      "from_method_name": "CreateCrustedPizza",
      "from_method_key": "_fEMagMLREDS5aPKy5_bYBA",
      "to_file_path": "./RegularPizza",
      "to_class_or_interface_name": "RegularPizza",
      "to_class_or_interface_key": "_ON9DIMJCEDSyAfGvOmlorg",
      "to_method_name": "RegularPizza",
      "to_method_key": "_fMaqwcLDEDShE8NYR0V9rg",
      "data_clump_type": "parameters_to_parameters_data_clump",
      "data_clump_data": {
        "_nmLpsMLREDS5aPKy5_bYBA": {
          "key": "_nmLpsMLREDS5aPKy5_bYBA",
          "name": "parameter",
          "type": null,
          "probability": 1,
          "modifiers": [],
          "to_variable": {
            "key": "_hQ65IMLDEDShE8NYR0V9rg",
            "name": "parameter",
            "type": null,
            "modifiers": [],
            "position": {}
          },
          "position": {}
        },
        "_oqfmYMLREDS5aPKy5_bYBA": {
          "key": "_oqfmYMLREDS5aPKy5_bYBA",
          "name": "parameter2",
          "type": null,
          "probability": 1,
          "modifiers": [],
          "to_variable": {
            "key": "_kVonUMLDEDShE8NYR0V9rg",
            "name": "parameter2",
            "type": null,
            "modifiers": [],
            "position": {}
          },
          "position": {}
        },
        "_pzcygMLREDS5aPKy5_bYBA": {
          "key": "_pzcygMLREDS5aPKy5_bYBA",
          "name": "parameter3",
          "type": null,
          "probability": 1,
          "modifiers": [],
          "to_variable": {
            "key": "_ucYYkMLpEDSkE4NhUM2oIQ",
            "name": "parameter3",
            "type": null,
            "modifiers": [],
            "position": {}
          },
          "position": {}
        }
      }
    },
    "parameters_to_parameters_data_clump-./Helper-_saS48cLREDS5aPKy5_bYBA-_PN48EMLEEDShE8NYR0V9rg-parameterparameter2parameter3": {
      "type": "data_clump",
      "key": "parameters_to_parameters_data_clump-./Helper-_saS48cLREDS5aPKy5_bYBA-_PN48EMLEEDShE8NYR0V9rg-parameterparameter2parameter3",
      "probability": 1,
      "from_file_path": "./Helper",
      "from_class_or_interface_name": "Helper",
      "from_class_or_interface_key": "_X6GLUMLREDS5aPKy5_bYBA",
      "from_method_name": "CreateRegularPizza",
      "from_method_key": "_saS48cLREDS5aPKy5_bYBA",
      "to_file_path": "./CrustedPizza",
      "to_class_or_interface_name": "CrustedPizza",
      "to_class_or_interface_key": "_Q9P68MJCEDSyAfGvOmlorg",
      "to_method_name": "CrustedPizza",
      "to_method_key": "_PN48EMLEEDShE8NYR0V9rg",
      "data_clump_type": "parameters_to_parameters_data_clump",
      "data_clump_data": {
        "_uVeMMMLREDS5aPKy5_bYBA": {
          "key": "_uVeMMMLREDS5aPKy5_bYBA",
          "name": "parameter",
          "type": null,
          "probability": 1,
          "modifiers": [],
          "to_variable": {
            "key": "_RwliUMLEEDShE8NYR0V9rg",
            "name": "parameter",
            "type": null,
            "modifiers": [],
            "position": {}
          },
          "position": {}
        },
        "_vUMeQMLREDS5aPKy5_bYBA": {
          "key": "_vUMeQMLREDS5aPKy5_bYBA",
          "name": "parameter2",
          "type": null,
          "probability": 1,
          "modifiers": [],
          "to_variable": {
            "key": "_TPzSUMLEEDShE8NYR0V9rg",
            "name": "parameter2",
            "type": null,
            "modifiers": [],
            "position": {}
          },
          "position": {}
        },
        "_2UwDAMLpEDSkE4NhUM2oIQ": {
          "key": "_2UwDAMLpEDSkE4NhUM2oIQ",
          "name": "parameter3",
          "type": null,
          "probability": 1,
          "modifiers": [],
          "to_variable": {
            "key": "_U2ZcsMLEEDShE8NYR0V9rg",
            "name": "parameter3",
            "type": null,
            "modifiers": [],
            "position": {}
          },
          "position": {}
        }
      }
    },
    "parameters_to_parameters_data_clump-./Helper-_saS48cLREDS5aPKy5_bYBA-_fEMagMLREDS5aPKy5_bYBA-parameterparameter2parameter3": {
      "type": "data_clump",
      "key": "parameters_to_parameters_data_clump-./Helper-_saS48cLREDS5aPKy5_bYBA-_fEMagMLREDS5aPKy5_bYBA-parameterparameter2parameter3",
      "probability": 1,
      "from_file_path": "./Helper",
      "from_class_or_interface_name": "Helper",
      "from_class_or_interface_key": "_X6GLUMLREDS5aPKy5_bYBA",
      "from_method_name": "CreateRegularPizza",
      "from_method_key": "_saS48cLREDS5aPKy5_bYBA",
      "to_file_path": "./Helper",
      "to_class_or_interface_name": "Helper",
      "to_class_or_interface_key": "_X6GLUMLREDS5aPKy5_bYBA",
      "to_method_name": "CreateCrustedPizza",
      "to_method_key": "_fEMagMLREDS5aPKy5_bYBA",
      "data_clump_type": "parameters_to_parameters_data_clump",
      "data_clump_data": {
        "_uVeMMMLREDS5aPKy5_bYBA": {
          "key": "_uVeMMMLREDS5aPKy5_bYBA",
          "name": "parameter",
          "type": null,
          "probability": 1,
          "modifiers": [],
          "to_variable": {
            "key": "_nmLpsMLREDS5aPKy5_bYBA",
            "name": "parameter",
            "type": null,
            "modifiers": [],
            "position": {}
          },
          "position": {}
        },
        "_vUMeQMLREDS5aPKy5_bYBA": {
          "key": "_vUMeQMLREDS5aPKy5_bYBA",
          "name": "parameter2",
          "type": null,
          "probability": 1,
          "modifiers": [],
          "to_variable": {
            "key": "_oqfmYMLREDS5aPKy5_bYBA",
            "name": "parameter2",
            "type": null,
            "modifiers": [],
            "position": {}
          },
          "position": {}
        },
        "_2UwDAMLpEDSkE4NhUM2oIQ": {
          "key": "_2UwDAMLpEDSkE4NhUM2oIQ",
          "name": "parameter3",
          "type": null,
          "probability": 1,
          "modifiers": [],
          "to_variable": {
            "key": "_pzcygMLREDS5aPKy5_bYBA",
            "name": "parameter3",
            "type": null,
            "modifiers": [],
            "position": {}
          },
          "position": {}
        }
      }
    },
    "parameters_to_parameters_data_clump-./Helper-_saS48cLREDS5aPKy5_bYBA-_4vCUIMLpEDSkE4NhUM2oIQ-parameterparameter2parameter3": {
      "type": "data_clump",
      "key": "parameters_to_parameters_data_clump-./Helper-_saS48cLREDS5aPKy5_bYBA-_4vCUIMLpEDSkE4NhUM2oIQ-parameterparameter2parameter3",
      "probability": 1,
      "from_file_path": "./Helper",
      "from_class_or_interface_name": "Helper",
      "from_class_or_interface_key": "_X6GLUMLREDS5aPKy5_bYBA",
      "from_method_name": "CreateRegularPizza",
      "from_method_key": "_saS48cLREDS5aPKy5_bYBA",
      "to_file_path": "./Helper",
      "to_class_or_interface_name": "Helper",
      "to_class_or_interface_key": "_X6GLUMLREDS5aPKy5_bYBA",
      "to_method_name": "ReturnHotSpicyLevel",
      "to_method_key": "_4vCUIMLpEDSkE4NhUM2oIQ",
      "data_clump_type": "parameters_to_parameters_data_clump",
      "data_clump_data": {
        "_uVeMMMLREDS5aPKy5_bYBA": {
          "key": "_uVeMMMLREDS5aPKy5_bYBA",
          "name": "parameter",
          "type": null,
          "probability": 1,
          "modifiers": [],
          "to_variable": {
            "key": "_8tdRgMLpEDSkE4NhUM2oIQ",
            "name": "parameter",
            "type": null,
            "modifiers": [],
            "position": {}
          },
          "position": {}
        },
        "_vUMeQMLREDS5aPKy5_bYBA": {
          "key": "_vUMeQMLREDS5aPKy5_bYBA",
          "name": "parameter2",
          "type": null,
          "probability": 1,
          "modifiers": [],
          "to_variable": {
            "key": "_9hq8sMLpEDSkE4NhUM2oIQ",
            "name": "parameter2",
            "type": null,
            "modifiers": [],
            "position": {}
          },
          "position": {}
        },
        "_2UwDAMLpEDSkE4NhUM2oIQ": {
          "key": "_2UwDAMLpEDSkE4NhUM2oIQ",
          "name": "parameter3",
          "type": null,
          "probability": 1,
          "modifiers": [],
          "to_variable": {
            "key": "_-7-XgMLpEDSkE4NhUM2oIQ",
            "name": "parameter3",
            "type": null,
            "modifiers": [],
            "position": {}
          },
          "position": {}
        }
      }
    },
    "parameters_to_parameters_data_clump-./Helper-_saS48cLREDS5aPKy5_bYBA-__ND0YcLREDS5aPKy5_bYBA-parameterparameter2parameter3": {
      "type": "data_clump",
      "key": "parameters_to_parameters_data_clump-./Helper-_saS48cLREDS5aPKy5_bYBA-__ND0YcLREDS5aPKy5_bYBA-parameterparameter2parameter3",
      "probability": 1,
      "from_file_path": "./Helper",
      "from_class_or_interface_name": "Helper",
      "from_class_or_interface_key": "_X6GLUMLREDS5aPKy5_bYBA",
      "from_method_name": "CreateRegularPizza",
      "from_method_key": "_saS48cLREDS5aPKy5_bYBA",
      "to_file_path": "./Helper",
      "to_class_or_interface_name": "Helper",
      "to_class_or_interface_key": "_X6GLUMLREDS5aPKy5_bYBA",
      "to_method_name": "ResetConsoleData",
      "to_method_key": "__ND0YcLREDS5aPKy5_bYBA",
      "data_clump_type": "parameters_to_parameters_data_clump",
      "data_clump_data": {
        "_uVeMMMLREDS5aPKy5_bYBA": {
          "key": "_uVeMMMLREDS5aPKy5_bYBA",
          "name": "parameter",
          "type": null,
          "probability": 1,
          "modifiers": [],
          "to_variable": {
            "key": "_CkCXQMLSEDS5aPKy5_bYBA",
            "name": "parameter",
            "type": null,
            "modifiers": [],
            "position": {}
          },
          "position": {}
        },
        "_vUMeQMLREDS5aPKy5_bYBA": {
          "key": "_vUMeQMLREDS5aPKy5_bYBA",
          "name": "parameter2",
          "type": null,
          "probability": 1,
          "modifiers": [],
          "to_variable": {
            "key": "_DUaEQMLSEDS5aPKy5_bYBA",
            "name": "parameter2",
            "type": null,
            "modifiers": [],
            "position": {}
          },
          "position": {}
        },
        "_2UwDAMLpEDSkE4NhUM2oIQ": {
          "key": "_2UwDAMLpEDSkE4NhUM2oIQ",
          "name": "parameter3",
          "type": null,
          "probability": 1,
          "modifiers": [],
          "to_variable": {
            "key": "_Ec-O0MLSEDS5aPKy5_bYBA",
            "name": "parameter3",
            "type": null,
            "modifiers": [],
            "position": {}
          },
          "position": {}
        }
      }
    },
    "parameters_to_parameters_data_clump-./Helper-_saS48cLREDS5aPKy5_bYBA-_HtHJ4cLSEDS5aPKy5_bYBA-parameterparameter2parameter3": {
      "type": "data_clump",
      "key": "parameters_to_parameters_data_clump-./Helper-_saS48cLREDS5aPKy5_bYBA-_HtHJ4cLSEDS5aPKy5_bYBA-parameterparameter2parameter3",
      "probability": 1,
      "from_file_path": "./Helper",
      "from_class_or_interface_name": "Helper",
      "from_class_or_interface_key": "_X6GLUMLREDS5aPKy5_bYBA",
      "from_method_name": "CreateRegularPizza",
      "from_method_key": "_saS48cLREDS5aPKy5_bYBA",
      "to_file_path": "./Helper",
      "to_class_or_interface_name": "Helper",
      "to_class_or_interface_key": "_X6GLUMLREDS5aPKy5_bYBA",
      "to_method_name": "AddTopping",
      "to_method_key": "_HtHJ4cLSEDS5aPKy5_bYBA",
      "data_clump_type": "parameters_to_parameters_data_clump",
      "data_clump_data": {
        "_uVeMMMLREDS5aPKy5_bYBA": {
          "key": "_uVeMMMLREDS5aPKy5_bYBA",
          "name": "parameter",
          "type": null,
          "probability": 1,
          "modifiers": [],
          "to_variable": {
            "key": "_MLVosMLSEDS5aPKy5_bYBA",
            "name": "parameter",
            "type": null,
            "modifiers": [],
            "position": {}
          },
          "position": {}
        },
        "_vUMeQMLREDS5aPKy5_bYBA": {
          "key": "_vUMeQMLREDS5aPKy5_bYBA",
          "name": "parameter2",
          "type": null,
          "probability": 1,
          "modifiers": [],
          "to_variable": {
            "key": "_M2llIMLSEDS5aPKy5_bYBA",
            "name": "parameter2",
            "type": null,
            "modifiers": [],
            "position": {}
          },
          "position": {}
        },
        "_2UwDAMLpEDSkE4NhUM2oIQ": {
          "key": "_2UwDAMLpEDSkE4NhUM2oIQ",
          "name": "parameter3",
          "type": null,
          "probability": 1,
          "modifiers": [],
          "to_variable": {
            "key": "_N5XQwMLSEDS5aPKy5_bYBA",
            "name": "parameter3",
            "type": null,
            "modifiers": [],
            "position": {}
          },
          "position": {}
        }
      }
    },
    "parameters_to_parameters_data_clump-./Helper-_saS48cLREDS5aPKy5_bYBA-_fMaqwcLDEDShE8NYR0V9rg-parameterparameter2parameter3": {
      "type": "data_clump",
      "key": "parameters_to_parameters_data_clump-./Helper-_saS48cLREDS5aPKy5_bYBA-_fMaqwcLDEDShE8NYR0V9rg-parameterparameter2parameter3",
      "probability": 1,
      "from_file_path": "./Helper",
      "from_class_or_interface_name": "Helper",
      "from_class_or_interface_key": "_X6GLUMLREDS5aPKy5_bYBA",
      "from_method_name": "CreateRegularPizza",
      "from_method_key": "_saS48cLREDS5aPKy5_bYBA",
      "to_file_path": "./RegularPizza",
      "to_class_or_interface_name": "RegularPizza",
      "to_class_or_interface_key": "_ON9DIMJCEDSyAfGvOmlorg",
      "to_method_name": "RegularPizza",
      "to_method_key": "_fMaqwcLDEDShE8NYR0V9rg",
      "data_clump_type": "parameters_to_parameters_data_clump",
      "data_clump_data": {
        "_uVeMMMLREDS5aPKy5_bYBA": {
          "key": "_uVeMMMLREDS5aPKy5_bYBA",
          "name": "parameter",
          "type": null,
          "probability": 1,
          "modifiers": [],
          "to_variable": {
            "key": "_hQ65IMLDEDShE8NYR0V9rg",
            "name": "parameter",
            "type": null,
            "modifiers": [],
            "position": {}
          },
          "position": {}
        },
        "_vUMeQMLREDS5aPKy5_bYBA": {
          "key": "_vUMeQMLREDS5aPKy5_bYBA",
          "name": "parameter2",
          "type": null,
          "probability": 1,
          "modifiers": [],
          "to_variable": {
            "key": "_kVonUMLDEDShE8NYR0V9rg",
            "name": "parameter2",
            "type": null,
            "modifiers": [],
            "position": {}
          },
          "position": {}
        },
        "_2UwDAMLpEDSkE4NhUM2oIQ": {
          "key": "_2UwDAMLpEDSkE4NhUM2oIQ",
          "name": "parameter3",
          "type": null,
          "probability": 1,
          "modifiers": [],
          "to_variable": {
            "key": "_ucYYkMLpEDSkE4NhUM2oIQ",
            "name": "parameter3",
            "type": null,
            "modifiers": [],
            "position": {}
          },
          "position": {}
        }
      }
    },
    "parameters_to_parameters_data_clump-./Helper-_4vCUIMLpEDSkE4NhUM2oIQ-_PN48EMLEEDShE8NYR0V9rg-parameterparameter2parameter3": {
      "type": "data_clump",
      "key": "parameters_to_parameters_data_clump-./Helper-_4vCUIMLpEDSkE4NhUM2oIQ-_PN48EMLEEDShE8NYR0V9rg-parameterparameter2parameter3",
      "probability": 1,
      "from_file_path": "./Helper",
      "from_class_or_interface_name": "Helper",
      "from_class_or_interface_key": "_X6GLUMLREDS5aPKy5_bYBA",
      "from_method_name": "ReturnHotSpicyLevel",
      "from_method_key": "_4vCUIMLpEDSkE4NhUM2oIQ",
      "to_file_path": "./CrustedPizza",
      "to_class_or_interface_name": "CrustedPizza",
      "to_class_or_interface_key": "_Q9P68MJCEDSyAfGvOmlorg",
      "to_method_name": "CrustedPizza",
      "to_method_key": "_PN48EMLEEDShE8NYR0V9rg",
      "data_clump_type": "parameters_to_parameters_data_clump",
      "data_clump_data": {
        "_8tdRgMLpEDSkE4NhUM2oIQ": {
          "key": "_8tdRgMLpEDSkE4NhUM2oIQ",
          "name": "parameter",
          "type": null,
          "probability": 1,
          "modifiers": [],
          "to_variable": {
            "key": "_RwliUMLEEDShE8NYR0V9rg",
            "name": "parameter",
            "type": null,
            "modifiers": [],
            "position": {}
          },
          "position": {}
        },
        "_9hq8sMLpEDSkE4NhUM2oIQ": {
          "key": "_9hq8sMLpEDSkE4NhUM2oIQ",
          "name": "parameter2",
          "type": null,
          "probability": 1,
          "modifiers": [],
          "to_variable": {
            "key": "_TPzSUMLEEDShE8NYR0V9rg",
            "name": "parameter2",
            "type": null,
            "modifiers": [],
            "position": {}
          },
          "position": {}
        },
        "_-7-XgMLpEDSkE4NhUM2oIQ": {
          "key": "_-7-XgMLpEDSkE4NhUM2oIQ",
          "name": "parameter3",
          "type": null,
          "probability": 1,
          "modifiers": [],
          "to_variable": {
            "key": "_U2ZcsMLEEDShE8NYR0V9rg",
            "name": "parameter3",
            "type": null,
            "modifiers": [],
            "position": {}
          },
          "position": {}
        }
      }
    },
    "parameters_to_parameters_data_clump-./Helper-_4vCUIMLpEDSkE4NhUM2oIQ-_fEMagMLREDS5aPKy5_bYBA-parameterparameter2parameter3": {
      "type": "data_clump",
      "key": "parameters_to_parameters_data_clump-./Helper-_4vCUIMLpEDSkE4NhUM2oIQ-_fEMagMLREDS5aPKy5_bYBA-parameterparameter2parameter3",
      "probability": 1,
      "from_file_path": "./Helper",
      "from_class_or_interface_name": "Helper",
      "from_class_or_interface_key": "_X6GLUMLREDS5aPKy5_bYBA",
      "from_method_name": "ReturnHotSpicyLevel",
      "from_method_key": "_4vCUIMLpEDSkE4NhUM2oIQ",
      "to_file_path": "./Helper",
      "to_class_or_interface_name": "Helper",
      "to_class_or_interface_key": "_X6GLUMLREDS5aPKy5_bYBA",
      "to_method_name": "CreateCrustedPizza",
      "to_method_key": "_fEMagMLREDS5aPKy5_bYBA",
      "data_clump_type": "parameters_to_parameters_data_clump",
      "data_clump_data": {
        "_8tdRgMLpEDSkE4NhUM2oIQ": {
          "key": "_8tdRgMLpEDSkE4NhUM2oIQ",
          "name": "parameter",
          "type": null,
          "probability": 1,
          "modifiers": [],
          "to_variable": {
            "key": "_nmLpsMLREDS5aPKy5_bYBA",
            "name": "parameter",
            "type": null,
            "modifiers": [],
            "position": {}
          },
          "position": {}
        },
        "_9hq8sMLpEDSkE4NhUM2oIQ": {
          "key": "_9hq8sMLpEDSkE4NhUM2oIQ",
          "name": "parameter2",
          "type": null,
          "probability": 1,
          "modifiers": [],
          "to_variable": {
            "key": "_oqfmYMLREDS5aPKy5_bYBA",
            "name": "parameter2",
            "type": null,
            "modifiers": [],
            "position": {}
          },
          "position": {}
        },
        "_-7-XgMLpEDSkE4NhUM2oIQ": {
          "key": "_-7-XgMLpEDSkE4NhUM2oIQ",
          "name": "parameter3",
          "type": null,
          "probability": 1,
          "modifiers": [],
          "to_variable": {
            "key": "_pzcygMLREDS5aPKy5_bYBA",
            "name": "parameter3",
            "type": null,
            "modifiers": [],
            "position": {}
          },
          "position": {}
        }
      }
    },
    "parameters_to_parameters_data_clump-./Helper-_4vCUIMLpEDSkE4NhUM2oIQ-_saS48cLREDS5aPKy5_bYBA-parameterparameter2parameter3": {
      "type": "data_clump",
      "key": "parameters_to_parameters_data_clump-./Helper-_4vCUIMLpEDSkE4NhUM2oIQ-_saS48cLREDS5aPKy5_bYBA-parameterparameter2parameter3",
      "probability": 1,
      "from_file_path": "./Helper",
      "from_class_or_interface_name": "Helper",
      "from_class_or_interface_key": "_X6GLUMLREDS5aPKy5_bYBA",
      "from_method_name": "ReturnHotSpicyLevel",
      "from_method_key": "_4vCUIMLpEDSkE4NhUM2oIQ",
      "to_file_path": "./Helper",
      "to_class_or_interface_name": "Helper",
      "to_class_or_interface_key": "_X6GLUMLREDS5aPKy5_bYBA",
      "to_method_name": "CreateRegularPizza",
      "to_method_key": "_saS48cLREDS5aPKy5_bYBA",
      "data_clump_type": "parameters_to_parameters_data_clump",
      "data_clump_data": {
        "_8tdRgMLpEDSkE4NhUM2oIQ": {
          "key": "_8tdRgMLpEDSkE4NhUM2oIQ",
          "name": "parameter",
          "type": null,
          "probability": 1,
          "modifiers": [],
          "to_variable": {
            "key": "_uVeMMMLREDS5aPKy5_bYBA",
            "name": "parameter",
            "type": null,
            "modifiers": [],
            "position": {}
          },
          "position": {}
        },
        "_9hq8sMLpEDSkE4NhUM2oIQ": {
          "key": "_9hq8sMLpEDSkE4NhUM2oIQ",
          "name": "parameter2",
          "type": null,
          "probability": 1,
          "modifiers": [],
          "to_variable": {
            "key": "_vUMeQMLREDS5aPKy5_bYBA",
            "name": "parameter2",
            "type": null,
            "modifiers": [],
            "position": {}
          },
          "position": {}
        },
        "_-7-XgMLpEDSkE4NhUM2oIQ": {
          "key": "_-7-XgMLpEDSkE4NhUM2oIQ",
          "name": "parameter3",
          "type": null,
          "probability": 1,
          "modifiers": [],
          "to_variable": {
            "key": "_2UwDAMLpEDSkE4NhUM2oIQ",
            "name": "parameter3",
            "type": null,
            "modifiers": [],
            "position": {}
          },
          "position": {}
        }
      }
    },
    "parameters_to_parameters_data_clump-./Helper-_4vCUIMLpEDSkE4NhUM2oIQ-__ND0YcLREDS5aPKy5_bYBA-parameterparameter2parameter3": {
      "type": "data_clump",
      "key": "parameters_to_parameters_data_clump-./Helper-_4vCUIMLpEDSkE4NhUM2oIQ-__ND0YcLREDS5aPKy5_bYBA-parameterparameter2parameter3",
      "probability": 1,
      "from_file_path": "./Helper",
      "from_class_or_interface_name": "Helper",
      "from_class_or_interface_key": "_X6GLUMLREDS5aPKy5_bYBA",
      "from_method_name": "ReturnHotSpicyLevel",
      "from_method_key": "_4vCUIMLpEDSkE4NhUM2oIQ",
      "to_file_path": "./Helper",
      "to_class_or_interface_name": "Helper",
      "to_class_or_interface_key": "_X6GLUMLREDS5aPKy5_bYBA",
      "to_method_name": "ResetConsoleData",
      "to_method_key": "__ND0YcLREDS5aPKy5_bYBA",
      "data_clump_type": "parameters_to_parameters_data_clump",
      "data_clump_data": {
        "_8tdRgMLpEDSkE4NhUM2oIQ": {
          "key": "_8tdRgMLpEDSkE4NhUM2oIQ",
          "name": "parameter",
          "type": null,
          "probability": 1,
          "modifiers": [],
          "to_variable": {
            "key": "_CkCXQMLSEDS5aPKy5_bYBA",
            "name": "parameter",
            "type": null,
            "modifiers": [],
            "position": {}
          },
          "position": {}
        },
        "_9hq8sMLpEDSkE4NhUM2oIQ": {
          "key": "_9hq8sMLpEDSkE4NhUM2oIQ",
          "name": "parameter2",
          "type": null,
          "probability": 1,
          "modifiers": [],
          "to_variable": {
            "key": "_DUaEQMLSEDS5aPKy5_bYBA",
            "name": "parameter2",
            "type": null,
            "modifiers": [],
            "position": {}
          },
          "position": {}
        },
        "_-7-XgMLpEDSkE4NhUM2oIQ": {
          "key": "_-7-XgMLpEDSkE4NhUM2oIQ",
          "name": "parameter3",
          "type": null,
          "probability": 1,
          "modifiers": [],
          "to_variable": {
            "key": "_Ec-O0MLSEDS5aPKy5_bYBA",
            "name": "parameter3",
            "type": null,
            "modifiers": [],
            "position": {}
          },
          "position": {}
        }
      }
    },
    "parameters_to_parameters_data_clump-./Helper-_4vCUIMLpEDSkE4NhUM2oIQ-_HtHJ4cLSEDS5aPKy5_bYBA-parameterparameter2parameter3": {
      "type": "data_clump",
      "key": "parameters_to_parameters_data_clump-./Helper-_4vCUIMLpEDSkE4NhUM2oIQ-_HtHJ4cLSEDS5aPKy5_bYBA-parameterparameter2parameter3",
      "probability": 1,
      "from_file_path": "./Helper",
      "from_class_or_interface_name": "Helper",
      "from_class_or_interface_key": "_X6GLUMLREDS5aPKy5_bYBA",
      "from_method_name": "ReturnHotSpicyLevel",
      "from_method_key": "_4vCUIMLpEDSkE4NhUM2oIQ",
      "to_file_path": "./Helper",
      "to_class_or_interface_name": "Helper",
      "to_class_or_interface_key": "_X6GLUMLREDS5aPKy5_bYBA",
      "to_method_name": "AddTopping",
      "to_method_key": "_HtHJ4cLSEDS5aPKy5_bYBA",
      "data_clump_type": "parameters_to_parameters_data_clump",
      "data_clump_data": {
        "_8tdRgMLpEDSkE4NhUM2oIQ": {
          "key": "_8tdRgMLpEDSkE4NhUM2oIQ",
          "name": "parameter",
          "type": null,
          "probability": 1,
          "modifiers": [],
          "to_variable": {
            "key": "_MLVosMLSEDS5aPKy5_bYBA",
            "name": "parameter",
            "type": null,
            "modifiers": [],
            "position": {}
          },
          "position": {}
        },
        "_9hq8sMLpEDSkE4NhUM2oIQ": {
          "key": "_9hq8sMLpEDSkE4NhUM2oIQ",
          "name": "parameter2",
          "type": null,
          "probability": 1,
          "modifiers": [],
          "to_variable": {
            "key": "_M2llIMLSEDS5aPKy5_bYBA",
            "name": "parameter2",
            "type": null,
            "modifiers": [],
            "position": {}
          },
          "position": {}
        },
        "_-7-XgMLpEDSkE4NhUM2oIQ": {
          "key": "_-7-XgMLpEDSkE4NhUM2oIQ",
          "name": "parameter3",
          "type": null,
          "probability": 1,
          "modifiers": [],
          "to_variable": {
            "key": "_N5XQwMLSEDS5aPKy5_bYBA",
            "name": "parameter3",
            "type": null,
            "modifiers": [],
            "position": {}
          },
          "position": {}
        }
      }
    },
    "parameters_to_parameters_data_clump-./Helper-_4vCUIMLpEDSkE4NhUM2oIQ-_fMaqwcLDEDShE8NYR0V9rg-parameterparameter2parameter3": {
      "type": "data_clump",
      "key": "parameters_to_parameters_data_clump-./Helper-_4vCUIMLpEDSkE4NhUM2oIQ-_fMaqwcLDEDShE8NYR0V9rg-parameterparameter2parameter3",
      "probability": 1,
      "from_file_path": "./Helper",
      "from_class_or_interface_name": "Helper",
      "from_class_or_interface_key": "_X6GLUMLREDS5aPKy5_bYBA",
      "from_method_name": "ReturnHotSpicyLevel",
      "from_method_key": "_4vCUIMLpEDSkE4NhUM2oIQ",
      "to_file_path": "./RegularPizza",
      "to_class_or_interface_name": "RegularPizza",
      "to_class_or_interface_key": "_ON9DIMJCEDSyAfGvOmlorg",
      "to_method_name": "RegularPizza",
      "to_method_key": "_fMaqwcLDEDShE8NYR0V9rg",
      "data_clump_type": "parameters_to_parameters_data_clump",
      "data_clump_data": {
        "_8tdRgMLpEDSkE4NhUM2oIQ": {
          "key": "_8tdRgMLpEDSkE4NhUM2oIQ",
          "name": "parameter",
          "type": null,
          "probability": 1,
          "modifiers": [],
          "to_variable": {
            "key": "_hQ65IMLDEDShE8NYR0V9rg",
            "name": "parameter",
            "type": null,
            "modifiers": [],
            "position": {}
          },
          "position": {}
        },
        "_9hq8sMLpEDSkE4NhUM2oIQ": {
          "key": "_9hq8sMLpEDSkE4NhUM2oIQ",
          "name": "parameter2",
          "type": null,
          "probability": 1,
          "modifiers": [],
          "to_variable": {
            "key": "_kVonUMLDEDShE8NYR0V9rg",
            "name": "parameter2",
            "type": null,
            "modifiers": [],
            "position": {}
          },
          "position": {}
        },
        "_-7-XgMLpEDSkE4NhUM2oIQ": {
          "key": "_-7-XgMLpEDSkE4NhUM2oIQ",
          "name": "parameter3",
          "type": null,
          "probability": 1,
          "modifiers": [],
          "to_variable": {
            "key": "_ucYYkMLpEDSkE4NhUM2oIQ",
            "name": "parameter3",
            "type": null,
            "modifiers": [],
            "position": {}
          },
          "position": {}
        }
      }
    },
    "parameters_to_parameters_data_clump-./Helper-__ND0YcLREDS5aPKy5_bYBA-_PN48EMLEEDShE8NYR0V9rg-parameterparameter2parameter3": {
      "type": "data_clump",
      "key": "parameters_to_parameters_data_clump-./Helper-__ND0YcLREDS5aPKy5_bYBA-_PN48EMLEEDShE8NYR0V9rg-parameterparameter2parameter3",
      "probability": 1,
      "from_file_path": "./Helper",
      "from_class_or_interface_name": "Helper",
      "from_class_or_interface_key": "_X6GLUMLREDS5aPKy5_bYBA",
      "from_method_name": "ResetConsoleData",
      "from_method_key": "__ND0YcLREDS5aPKy5_bYBA",
      "to_file_path": "./CrustedPizza",
      "to_class_or_interface_name": "CrustedPizza",
      "to_class_or_interface_key": "_Q9P68MJCEDSyAfGvOmlorg",
      "to_method_name": "CrustedPizza",
      "to_method_key": "_PN48EMLEEDShE8NYR0V9rg",
      "data_clump_type": "parameters_to_parameters_data_clump",
      "data_clump_data": {
        "_CkCXQMLSEDS5aPKy5_bYBA": {
          "key": "_CkCXQMLSEDS5aPKy5_bYBA",
          "name": "parameter",
          "type": null,
          "probability": 1,
          "modifiers": [],
          "to_variable": {
            "key": "_RwliUMLEEDShE8NYR0V9rg",
            "name": "parameter",
            "type": null,
            "modifiers": [],
            "position": {}
          },
          "position": {}
        },
        "_DUaEQMLSEDS5aPKy5_bYBA": {
          "key": "_DUaEQMLSEDS5aPKy5_bYBA",
          "name": "parameter2",
          "type": null,
          "probability": 1,
          "modifiers": [],
          "to_variable": {
            "key": "_TPzSUMLEEDShE8NYR0V9rg",
            "name": "parameter2",
            "type": null,
            "modifiers": [],
            "position": {}
          },
          "position": {}
        },
        "_Ec-O0MLSEDS5aPKy5_bYBA": {
          "key": "_Ec-O0MLSEDS5aPKy5_bYBA",
          "name": "parameter3",
          "type": null,
          "probability": 1,
          "modifiers": [],
          "to_variable": {
            "key": "_U2ZcsMLEEDShE8NYR0V9rg",
            "name": "parameter3",
            "type": null,
            "modifiers": [],
            "position": {}
          },
          "position": {}
        }
      }
    },
    "parameters_to_parameters_data_clump-./Helper-__ND0YcLREDS5aPKy5_bYBA-_fEMagMLREDS5aPKy5_bYBA-parameterparameter2parameter3": {
      "type": "data_clump",
      "key": "parameters_to_parameters_data_clump-./Helper-__ND0YcLREDS5aPKy5_bYBA-_fEMagMLREDS5aPKy5_bYBA-parameterparameter2parameter3",
      "probability": 1,
      "from_file_path": "./Helper",
      "from_class_or_interface_name": "Helper",
      "from_class_or_interface_key": "_X6GLUMLREDS5aPKy5_bYBA",
      "from_method_name": "ResetConsoleData",
      "from_method_key": "__ND0YcLREDS5aPKy5_bYBA",
      "to_file_path": "./Helper",
      "to_class_or_interface_name": "Helper",
      "to_class_or_interface_key": "_X6GLUMLREDS5aPKy5_bYBA",
      "to_method_name": "CreateCrustedPizza",
      "to_method_key": "_fEMagMLREDS5aPKy5_bYBA",
      "data_clump_type": "parameters_to_parameters_data_clump",
      "data_clump_data": {
        "_CkCXQMLSEDS5aPKy5_bYBA": {
          "key": "_CkCXQMLSEDS5aPKy5_bYBA",
          "name": "parameter",
          "type": null,
          "probability": 1,
          "modifiers": [],
          "to_variable": {
            "key": "_nmLpsMLREDS5aPKy5_bYBA",
            "name": "parameter",
            "type": null,
            "modifiers": [],
            "position": {}
          },
          "position": {}
        },
        "_DUaEQMLSEDS5aPKy5_bYBA": {
          "key": "_DUaEQMLSEDS5aPKy5_bYBA",
          "name": "parameter2",
          "type": null,
          "probability": 1,
          "modifiers": [],
          "to_variable": {
            "key": "_oqfmYMLREDS5aPKy5_bYBA",
            "name": "parameter2",
            "type": null,
            "modifiers": [],
            "position": {}
          },
          "position": {}
        },
        "_Ec-O0MLSEDS5aPKy5_bYBA": {
          "key": "_Ec-O0MLSEDS5aPKy5_bYBA",
          "name": "parameter3",
          "type": null,
          "probability": 1,
          "modifiers": [],
          "to_variable": {
            "key": "_pzcygMLREDS5aPKy5_bYBA",
            "name": "parameter3",
            "type": null,
            "modifiers": [],
            "position": {}
          },
          "position": {}
        }
      }
    },
    "parameters_to_parameters_data_clump-./Helper-__ND0YcLREDS5aPKy5_bYBA-_saS48cLREDS5aPKy5_bYBA-parameterparameter2parameter3": {
      "type": "data_clump",
      "key": "parameters_to_parameters_data_clump-./Helper-__ND0YcLREDS5aPKy5_bYBA-_saS48cLREDS5aPKy5_bYBA-parameterparameter2parameter3",
      "probability": 1,
      "from_file_path": "./Helper",
      "from_class_or_interface_name": "Helper",
      "from_class_or_interface_key": "_X6GLUMLREDS5aPKy5_bYBA",
      "from_method_name": "ResetConsoleData",
      "from_method_key": "__ND0YcLREDS5aPKy5_bYBA",
      "to_file_path": "./Helper",
      "to_class_or_interface_name": "Helper",
      "to_class_or_interface_key": "_X6GLUMLREDS5aPKy5_bYBA",
      "to_method_name": "CreateRegularPizza",
      "to_method_key": "_saS48cLREDS5aPKy5_bYBA",
      "data_clump_type": "parameters_to_parameters_data_clump",
      "data_clump_data": {
        "_CkCXQMLSEDS5aPKy5_bYBA": {
          "key": "_CkCXQMLSEDS5aPKy5_bYBA",
          "name": "parameter",
          "type": null,
          "probability": 1,
          "modifiers": [],
          "to_variable": {
            "key": "_uVeMMMLREDS5aPKy5_bYBA",
            "name": "parameter",
            "type": null,
            "modifiers": [],
            "position": {}
          },
          "position": {}
        },
        "_DUaEQMLSEDS5aPKy5_bYBA": {
          "key": "_DUaEQMLSEDS5aPKy5_bYBA",
          "name": "parameter2",
          "type": null,
          "probability": 1,
          "modifiers": [],
          "to_variable": {
            "key": "_vUMeQMLREDS5aPKy5_bYBA",
            "name": "parameter2",
            "type": null,
            "modifiers": [],
            "position": {}
          },
          "position": {}
        },
        "_Ec-O0MLSEDS5aPKy5_bYBA": {
          "key": "_Ec-O0MLSEDS5aPKy5_bYBA",
          "name": "parameter3",
          "type": null,
          "probability": 1,
          "modifiers": [],
          "to_variable": {
            "key": "_2UwDAMLpEDSkE4NhUM2oIQ",
            "name": "parameter3",
            "type": null,
            "modifiers": [],
            "position": {}
          },
          "position": {}
        }
      }
    },
    "parameters_to_parameters_data_clump-./Helper-__ND0YcLREDS5aPKy5_bYBA-_4vCUIMLpEDSkE4NhUM2oIQ-parameterparameter2parameter3": {
      "type": "data_clump",
      "key": "parameters_to_parameters_data_clump-./Helper-__ND0YcLREDS5aPKy5_bYBA-_4vCUIMLpEDSkE4NhUM2oIQ-parameterparameter2parameter3",
      "probability": 1,
      "from_file_path": "./Helper",
      "from_class_or_interface_name": "Helper",
      "from_class_or_interface_key": "_X6GLUMLREDS5aPKy5_bYBA",
      "from_method_name": "ResetConsoleData",
      "from_method_key": "__ND0YcLREDS5aPKy5_bYBA",
      "to_file_path": "./Helper",
      "to_class_or_interface_name": "Helper",
      "to_class_or_interface_key": "_X6GLUMLREDS5aPKy5_bYBA",
      "to_method_name": "ReturnHotSpicyLevel",
      "to_method_key": "_4vCUIMLpEDSkE4NhUM2oIQ",
      "data_clump_type": "parameters_to_parameters_data_clump",
      "data_clump_data": {
        "_CkCXQMLSEDS5aPKy5_bYBA": {
          "key": "_CkCXQMLSEDS5aPKy5_bYBA",
          "name": "parameter",
          "type": null,
          "probability": 1,
          "modifiers": [],
          "to_variable": {
            "key": "_8tdRgMLpEDSkE4NhUM2oIQ",
            "name": "parameter",
            "type": null,
            "modifiers": [],
            "position": {}
          },
          "position": {}
        },
        "_DUaEQMLSEDS5aPKy5_bYBA": {
          "key": "_DUaEQMLSEDS5aPKy5_bYBA",
          "name": "parameter2",
          "type": null,
          "probability": 1,
          "modifiers": [],
          "to_variable": {
            "key": "_9hq8sMLpEDSkE4NhUM2oIQ",
            "name": "parameter2",
            "type": null,
            "modifiers": [],
            "position": {}
          },
          "position": {}
        },
        "_Ec-O0MLSEDS5aPKy5_bYBA": {
          "key": "_Ec-O0MLSEDS5aPKy5_bYBA",
          "name": "parameter3",
          "type": null,
          "probability": 1,
          "modifiers": [],
          "to_variable": {
            "key": "_-7-XgMLpEDSkE4NhUM2oIQ",
            "name": "parameter3",
            "type": null,
            "modifiers": [],
            "position": {}
          },
          "position": {}
        }
      }
    },
    "parameters_to_parameters_data_clump-./Helper-__ND0YcLREDS5aPKy5_bYBA-_HtHJ4cLSEDS5aPKy5_bYBA-parameterparameter2parameter3": {
      "type": "data_clump",
      "key": "parameters_to_parameters_data_clump-./Helper-__ND0YcLREDS5aPKy5_bYBA-_HtHJ4cLSEDS5aPKy5_bYBA-parameterparameter2parameter3",
      "probability": 1,
      "from_file_path": "./Helper",
      "from_class_or_interface_name": "Helper",
      "from_class_or_interface_key": "_X6GLUMLREDS5aPKy5_bYBA",
      "from_method_name": "ResetConsoleData",
      "from_method_key": "__ND0YcLREDS5aPKy5_bYBA",
      "to_file_path": "./Helper",
      "to_class_or_interface_name": "Helper",
      "to_class_or_interface_key": "_X6GLUMLREDS5aPKy5_bYBA",
      "to_method_name": "AddTopping",
      "to_method_key": "_HtHJ4cLSEDS5aPKy5_bYBA",
      "data_clump_type": "parameters_to_parameters_data_clump",
      "data_clump_data": {
        "_CkCXQMLSEDS5aPKy5_bYBA": {
          "key": "_CkCXQMLSEDS5aPKy5_bYBA",
          "name": "parameter",
          "type": null,
          "probability": 1,
          "modifiers": [],
          "to_variable": {
            "key": "_MLVosMLSEDS5aPKy5_bYBA",
            "name": "parameter",
            "type": null,
            "modifiers": [],
            "position": {}
          },
          "position": {}
        },
        "_DUaEQMLSEDS5aPKy5_bYBA": {
          "key": "_DUaEQMLSEDS5aPKy5_bYBA",
          "name": "parameter2",
          "type": null,
          "probability": 1,
          "modifiers": [],
          "to_variable": {
            "key": "_M2llIMLSEDS5aPKy5_bYBA",
            "name": "parameter2",
            "type": null,
            "modifiers": [],
            "position": {}
          },
          "position": {}
        },
        "_Ec-O0MLSEDS5aPKy5_bYBA": {
          "key": "_Ec-O0MLSEDS5aPKy5_bYBA",
          "name": "parameter3",
          "type": null,
          "probability": 1,
          "modifiers": [],
          "to_variable": {
            "key": "_N5XQwMLSEDS5aPKy5_bYBA",
            "name": "parameter3",
            "type": null,
            "modifiers": [],
            "position": {}
          },
          "position": {}
        }
      }
    },
    "parameters_to_parameters_data_clump-./Helper-__ND0YcLREDS5aPKy5_bYBA-_fMaqwcLDEDShE8NYR0V9rg-parameterparameter2parameter3": {
      "type": "data_clump",
      "key": "parameters_to_parameters_data_clump-./Helper-__ND0YcLREDS5aPKy5_bYBA-_fMaqwcLDEDShE8NYR0V9rg-parameterparameter2parameter3",
      "probability": 1,
      "from_file_path": "./Helper",
      "from_class_or_interface_name": "Helper",
      "from_class_or_interface_key": "_X6GLUMLREDS5aPKy5_bYBA",
      "from_method_name": "ResetConsoleData",
      "from_method_key": "__ND0YcLREDS5aPKy5_bYBA",
      "to_file_path": "./RegularPizza",
      "to_class_or_interface_name": "RegularPizza",
      "to_class_or_interface_key": "_ON9DIMJCEDSyAfGvOmlorg",
      "to_method_name": "RegularPizza",
      "to_method_key": "_fMaqwcLDEDShE8NYR0V9rg",
      "data_clump_type": "parameters_to_parameters_data_clump",
      "data_clump_data": {
        "_CkCXQMLSEDS5aPKy5_bYBA": {
          "key": "_CkCXQMLSEDS5aPKy5_bYBA",
          "name": "parameter",
          "type": null,
          "probability": 1,
          "modifiers": [],
          "to_variable": {
            "key": "_hQ65IMLDEDShE8NYR0V9rg",
            "name": "parameter",
            "type": null,
            "modifiers": [],
            "position": {}
          },
          "position": {}
        },
        "_DUaEQMLSEDS5aPKy5_bYBA": {
          "key": "_DUaEQMLSEDS5aPKy5_bYBA",
          "name": "parameter2",
          "type": null,
          "probability": 1,
          "modifiers": [],
          "to_variable": {
            "key": "_kVonUMLDEDShE8NYR0V9rg",
            "name": "parameter2",
            "type": null,
            "modifiers": [],
            "position": {}
          },
          "position": {}
        },
        "_Ec-O0MLSEDS5aPKy5_bYBA": {
          "key": "_Ec-O0MLSEDS5aPKy5_bYBA",
          "name": "parameter3",
          "type": null,
          "probability": 1,
          "modifiers": [],
          "to_variable": {
            "key": "_ucYYkMLpEDSkE4NhUM2oIQ",
            "name": "parameter3",
            "type": null,
            "modifiers": [],
            "position": {}
          },
          "position": {}
        }
      }
    },
    "parameters_to_parameters_data_clump-./Helper-_HtHJ4cLSEDS5aPKy5_bYBA-_PN48EMLEEDShE8NYR0V9rg-parameterparameter2parameter3parameter4": {
      "type": "data_clump",
      "key": "parameters_to_parameters_data_clump-./Helper-_HtHJ4cLSEDS5aPKy5_bYBA-_PN48EMLEEDShE8NYR0V9rg-parameterparameter2parameter3parameter4",
      "probability": 1,
      "from_file_path": "./Helper",
      "from_class_or_interface_name": "Helper",
      "from_class_or_interface_key": "_X6GLUMLREDS5aPKy5_bYBA",
      "from_method_name": "AddTopping",
      "from_method_key": "_HtHJ4cLSEDS5aPKy5_bYBA",
      "to_file_path": "./CrustedPizza",
      "to_class_or_interface_name": "CrustedPizza",
      "to_class_or_interface_key": "_Q9P68MJCEDSyAfGvOmlorg",
      "to_method_name": "CrustedPizza",
      "to_method_key": "_PN48EMLEEDShE8NYR0V9rg",
      "data_clump_type": "parameters_to_parameters_data_clump",
      "data_clump_data": {
        "_MLVosMLSEDS5aPKy5_bYBA": {
          "key": "_MLVosMLSEDS5aPKy5_bYBA",
          "name": "parameter",
          "type": null,
          "probability": 1,
          "modifiers": [],
          "to_variable": {
            "key": "_RwliUMLEEDShE8NYR0V9rg",
            "name": "parameter",
            "type": null,
            "modifiers": [],
            "position": {}
          },
          "position": {}
        },
        "_M2llIMLSEDS5aPKy5_bYBA": {
          "key": "_M2llIMLSEDS5aPKy5_bYBA",
          "name": "parameter2",
          "type": null,
          "probability": 1,
          "modifiers": [],
          "to_variable": {
            "key": "_TPzSUMLEEDShE8NYR0V9rg",
            "name": "parameter2",
            "type": null,
            "modifiers": [],
            "position": {}
          },
          "position": {}
        },
        "_N5XQwMLSEDS5aPKy5_bYBA": {
          "key": "_N5XQwMLSEDS5aPKy5_bYBA",
          "name": "parameter3",
          "type": null,
          "probability": 1,
          "modifiers": [],
          "to_variable": {
            "key": "_U2ZcsMLEEDShE8NYR0V9rg",
            "name": "parameter3",
            "type": null,
            "modifiers": [],
            "position": {}
          },
          "position": {}
        },
        "_PAZKQMLSEDS5aPKy5_bYBA": {
          "key": "_PAZKQMLSEDS5aPKy5_bYBA",
          "name": "parameter4",
          "type": null,
          "probability": 1,
          "modifiers": [],
          "to_variable": {
            "key": "_wkoegMLpEDSkE4NhUM2oIQ",
            "name": "parameter4",
            "type": null,
            "modifiers": [],
            "position": {}
          },
          "position": {}
        }
      }
    },
    "parameters_to_parameters_data_clump-./Helper-_HtHJ4cLSEDS5aPKy5_bYBA-_fEMagMLREDS5aPKy5_bYBA-parameterparameter2parameter3parameter4": {
      "type": "data_clump",
      "key": "parameters_to_parameters_data_clump-./Helper-_HtHJ4cLSEDS5aPKy5_bYBA-_fEMagMLREDS5aPKy5_bYBA-parameterparameter2parameter3parameter4",
      "probability": 1,
      "from_file_path": "./Helper",
      "from_class_or_interface_name": "Helper",
      "from_class_or_interface_key": "_X6GLUMLREDS5aPKy5_bYBA",
      "from_method_name": "AddTopping",
      "from_method_key": "_HtHJ4cLSEDS5aPKy5_bYBA",
      "to_file_path": "./Helper",
      "to_class_or_interface_name": "Helper",
      "to_class_or_interface_key": "_X6GLUMLREDS5aPKy5_bYBA",
      "to_method_name": "CreateCrustedPizza",
      "to_method_key": "_fEMagMLREDS5aPKy5_bYBA",
      "data_clump_type": "parameters_to_parameters_data_clump",
      "data_clump_data": {
        "_MLVosMLSEDS5aPKy5_bYBA": {
          "key": "_MLVosMLSEDS5aPKy5_bYBA",
          "name": "parameter",
          "type": null,
          "probability": 1,
          "modifiers": [],
          "to_variable": {
            "key": "_nmLpsMLREDS5aPKy5_bYBA",
            "name": "parameter",
            "type": null,
            "modifiers": [],
            "position": {}
          },
          "position": {}
        },
        "_M2llIMLSEDS5aPKy5_bYBA": {
          "key": "_M2llIMLSEDS5aPKy5_bYBA",
          "name": "parameter2",
          "type": null,
          "probability": 1,
          "modifiers": [],
          "to_variable": {
            "key": "_oqfmYMLREDS5aPKy5_bYBA",
            "name": "parameter2",
            "type": null,
            "modifiers": [],
            "position": {}
          },
          "position": {}
        },
        "_N5XQwMLSEDS5aPKy5_bYBA": {
          "key": "_N5XQwMLSEDS5aPKy5_bYBA",
          "name": "parameter3",
          "type": null,
          "probability": 1,
          "modifiers": [],
          "to_variable": {
            "key": "_pzcygMLREDS5aPKy5_bYBA",
            "name": "parameter3",
            "type": null,
            "modifiers": [],
            "position": {}
          },
          "position": {}
        },
        "_PAZKQMLSEDS5aPKy5_bYBA": {
          "key": "_PAZKQMLSEDS5aPKy5_bYBA",
          "name": "parameter4",
          "type": null,
          "probability": 1,
          "modifiers": [],
          "to_variable": {
            "key": "_1c6cEMLpEDSkE4NhUM2oIQ",
            "name": "parameter4",
            "type": null,
            "modifiers": [],
            "position": {}
          },
          "position": {}
        }
      }
    },
    "parameters_to_parameters_data_clump-./Helper-_HtHJ4cLSEDS5aPKy5_bYBA-_saS48cLREDS5aPKy5_bYBA-parameterparameter2parameter3": {
      "type": "data_clump",
      "key": "parameters_to_parameters_data_clump-./Helper-_HtHJ4cLSEDS5aPKy5_bYBA-_saS48cLREDS5aPKy5_bYBA-parameterparameter2parameter3",
      "probability": 1,
      "from_file_path": "./Helper",
      "from_class_or_interface_name": "Helper",
      "from_class_or_interface_key": "_X6GLUMLREDS5aPKy5_bYBA",
      "from_method_name": "AddTopping",
      "from_method_key": "_HtHJ4cLSEDS5aPKy5_bYBA",
      "to_file_path": "./Helper",
      "to_class_or_interface_name": "Helper",
      "to_class_or_interface_key": "_X6GLUMLREDS5aPKy5_bYBA",
      "to_method_name": "CreateRegularPizza",
      "to_method_key": "_saS48cLREDS5aPKy5_bYBA",
      "data_clump_type": "parameters_to_parameters_data_clump",
      "data_clump_data": {
        "_MLVosMLSEDS5aPKy5_bYBA": {
          "key": "_MLVosMLSEDS5aPKy5_bYBA",
          "name": "parameter",
          "type": null,
          "probability": 1,
          "modifiers": [],
          "to_variable": {
            "key": "_uVeMMMLREDS5aPKy5_bYBA",
            "name": "parameter",
            "type": null,
            "modifiers": [],
            "position": {}
          },
          "position": {}
        },
        "_M2llIMLSEDS5aPKy5_bYBA": {
          "key": "_M2llIMLSEDS5aPKy5_bYBA",
          "name": "parameter2",
          "type": null,
          "probability": 1,
          "modifiers": [],
          "to_variable": {
            "key": "_vUMeQMLREDS5aPKy5_bYBA",
            "name": "parameter2",
            "type": null,
            "modifiers": [],
            "position": {}
          },
          "position": {}
        },
        "_N5XQwMLSEDS5aPKy5_bYBA": {
          "key": "_N5XQwMLSEDS5aPKy5_bYBA",
          "name": "parameter3",
          "type": null,
          "probability": 1,
          "modifiers": [],
          "to_variable": {
            "key": "_2UwDAMLpEDSkE4NhUM2oIQ",
            "name": "parameter3",
            "type": null,
            "modifiers": [],
            "position": {}
          },
          "position": {}
        }
      }
    },
    "parameters_to_parameters_data_clump-./Helper-_HtHJ4cLSEDS5aPKy5_bYBA-_4vCUIMLpEDSkE4NhUM2oIQ-parameterparameter2parameter3": {
      "type": "data_clump",
      "key": "parameters_to_parameters_data_clump-./Helper-_HtHJ4cLSEDS5aPKy5_bYBA-_4vCUIMLpEDSkE4NhUM2oIQ-parameterparameter2parameter3",
      "probability": 1,
      "from_file_path": "./Helper",
      "from_class_or_interface_name": "Helper",
      "from_class_or_interface_key": "_X6GLUMLREDS5aPKy5_bYBA",
      "from_method_name": "AddTopping",
      "from_method_key": "_HtHJ4cLSEDS5aPKy5_bYBA",
      "to_file_path": "./Helper",
      "to_class_or_interface_name": "Helper",
      "to_class_or_interface_key": "_X6GLUMLREDS5aPKy5_bYBA",
      "to_method_name": "ReturnHotSpicyLevel",
      "to_method_key": "_4vCUIMLpEDSkE4NhUM2oIQ",
      "data_clump_type": "parameters_to_parameters_data_clump",
      "data_clump_data": {
        "_MLVosMLSEDS5aPKy5_bYBA": {
          "key": "_MLVosMLSEDS5aPKy5_bYBA",
          "name": "parameter",
          "type": null,
          "probability": 1,
          "modifiers": [],
          "to_variable": {
            "key": "_8tdRgMLpEDSkE4NhUM2oIQ",
            "name": "parameter",
            "type": null,
            "modifiers": [],
            "position": {}
          },
          "position": {}
        },
        "_M2llIMLSEDS5aPKy5_bYBA": {
          "key": "_M2llIMLSEDS5aPKy5_bYBA",
          "name": "parameter2",
          "type": null,
          "probability": 1,
          "modifiers": [],
          "to_variable": {
            "key": "_9hq8sMLpEDSkE4NhUM2oIQ",
            "name": "parameter2",
            "type": null,
            "modifiers": [],
            "position": {}
          },
          "position": {}
        },
        "_N5XQwMLSEDS5aPKy5_bYBA": {
          "key": "_N5XQwMLSEDS5aPKy5_bYBA",
          "name": "parameter3",
          "type": null,
          "probability": 1,
          "modifiers": [],
          "to_variable": {
            "key": "_-7-XgMLpEDSkE4NhUM2oIQ",
            "name": "parameter3",
            "type": null,
            "modifiers": [],
            "position": {}
          },
          "position": {}
        }
      }
    },
    "parameters_to_parameters_data_clump-./Helper-_HtHJ4cLSEDS5aPKy5_bYBA-__ND0YcLREDS5aPKy5_bYBA-parameterparameter2parameter3": {
      "type": "data_clump",
      "key": "parameters_to_parameters_data_clump-./Helper-_HtHJ4cLSEDS5aPKy5_bYBA-__ND0YcLREDS5aPKy5_bYBA-parameterparameter2parameter3",
      "probability": 1,
      "from_file_path": "./Helper",
      "from_class_or_interface_name": "Helper",
      "from_class_or_interface_key": "_X6GLUMLREDS5aPKy5_bYBA",
      "from_method_name": "AddTopping",
      "from_method_key": "_HtHJ4cLSEDS5aPKy5_bYBA",
      "to_file_path": "./Helper",
      "to_class_or_interface_name": "Helper",
      "to_class_or_interface_key": "_X6GLUMLREDS5aPKy5_bYBA",
      "to_method_name": "ResetConsoleData",
      "to_method_key": "__ND0YcLREDS5aPKy5_bYBA",
      "data_clump_type": "parameters_to_parameters_data_clump",
      "data_clump_data": {
        "_MLVosMLSEDS5aPKy5_bYBA": {
          "key": "_MLVosMLSEDS5aPKy5_bYBA",
          "name": "parameter",
          "type": null,
          "probability": 1,
          "modifiers": [],
          "to_variable": {
            "key": "_CkCXQMLSEDS5aPKy5_bYBA",
            "name": "parameter",
            "type": null,
            "modifiers": [],
            "position": {}
          },
          "position": {}
        },
        "_M2llIMLSEDS5aPKy5_bYBA": {
          "key": "_M2llIMLSEDS5aPKy5_bYBA",
          "name": "parameter2",
          "type": null,
          "probability": 1,
          "modifiers": [],
          "to_variable": {
            "key": "_DUaEQMLSEDS5aPKy5_bYBA",
            "name": "parameter2",
            "type": null,
            "modifiers": [],
            "position": {}
          },
          "position": {}
        },
        "_N5XQwMLSEDS5aPKy5_bYBA": {
          "key": "_N5XQwMLSEDS5aPKy5_bYBA",
          "name": "parameter3",
          "type": null,
          "probability": 1,
          "modifiers": [],
          "to_variable": {
            "key": "_Ec-O0MLSEDS5aPKy5_bYBA",
            "name": "parameter3",
            "type": null,
            "modifiers": [],
            "position": {}
          },
          "position": {}
        }
      }
    },
    "parameters_to_parameters_data_clump-./Helper-_HtHJ4cLSEDS5aPKy5_bYBA-_fMaqwcLDEDShE8NYR0V9rg-parameterparameter2parameter3": {
      "type": "data_clump",
      "key": "parameters_to_parameters_data_clump-./Helper-_HtHJ4cLSEDS5aPKy5_bYBA-_fMaqwcLDEDShE8NYR0V9rg-parameterparameter2parameter3",
      "probability": 1,
      "from_file_path": "./Helper",
      "from_class_or_interface_name": "Helper",
      "from_class_or_interface_key": "_X6GLUMLREDS5aPKy5_bYBA",
      "from_method_name": "AddTopping",
      "from_method_key": "_HtHJ4cLSEDS5aPKy5_bYBA",
      "to_file_path": "./RegularPizza",
      "to_class_or_interface_name": "RegularPizza",
      "to_class_or_interface_key": "_ON9DIMJCEDSyAfGvOmlorg",
      "to_method_name": "RegularPizza",
      "to_method_key": "_fMaqwcLDEDShE8NYR0V9rg",
      "data_clump_type": "parameters_to_parameters_data_clump",
      "data_clump_data": {
        "_MLVosMLSEDS5aPKy5_bYBA": {
          "key": "_MLVosMLSEDS5aPKy5_bYBA",
          "name": "parameter",
          "type": null,
          "probability": 1,
          "modifiers": [],
          "to_variable": {
            "key": "_hQ65IMLDEDShE8NYR0V9rg",
            "name": "parameter",
            "type": null,
            "modifiers": [],
            "position": {}
          },
          "position": {}
        },
        "_M2llIMLSEDS5aPKy5_bYBA": {
          "key": "_M2llIMLSEDS5aPKy5_bYBA",
          "name": "parameter2",
          "type": null,
          "probability": 1,
          "modifiers": [],
          "to_variable": {
            "key": "_kVonUMLDEDShE8NYR0V9rg",
            "name": "parameter2",
            "type": null,
            "modifiers": [],
            "position": {}
          },
          "position": {}
        },
        "_N5XQwMLSEDS5aPKy5_bYBA": {
          "key": "_N5XQwMLSEDS5aPKy5_bYBA",
          "name": "parameter3",
          "type": null,
          "probability": 1,
          "modifiers": [],
          "to_variable": {
            "key": "_ucYYkMLpEDSkE4NhUM2oIQ",
            "name": "parameter3",
            "type": null,
            "modifiers": [],
            "position": {}
          },
          "position": {}
        }
      }
    },
    "parameters_to_parameters_data_clump-./RegularPizza-_fMaqwcLDEDShE8NYR0V9rg-_PN48EMLEEDShE8NYR0V9rg-parameterparameter2parameter3": {
      "type": "data_clump",
      "key": "parameters_to_parameters_data_clump-./RegularPizza-_fMaqwcLDEDShE8NYR0V9rg-_PN48EMLEEDShE8NYR0V9rg-parameterparameter2parameter3",
      "probability": 1,
      "from_file_path": "./RegularPizza",
      "from_class_or_interface_name": "RegularPizza",
      "from_class_or_interface_key": "_ON9DIMJCEDSyAfGvOmlorg",
      "from_method_name": "RegularPizza",
      "from_method_key": "_fMaqwcLDEDShE8NYR0V9rg",
      "to_file_path": "./CrustedPizza",
      "to_class_or_interface_name": "CrustedPizza",
      "to_class_or_interface_key": "_Q9P68MJCEDSyAfGvOmlorg",
      "to_method_name": "CrustedPizza",
      "to_method_key": "_PN48EMLEEDShE8NYR0V9rg",
      "data_clump_type": "parameters_to_parameters_data_clump",
      "data_clump_data": {
        "_hQ65IMLDEDShE8NYR0V9rg": {
          "key": "_hQ65IMLDEDShE8NYR0V9rg",
          "name": "parameter",
          "type": null,
          "probability": 1,
          "modifiers": [],
          "to_variable": {
            "key": "_RwliUMLEEDShE8NYR0V9rg",
            "name": "parameter",
            "type": null,
            "modifiers": [],
            "position": {}
          },
          "position": {}
        },
        "_kVonUMLDEDShE8NYR0V9rg": {
          "key": "_kVonUMLDEDShE8NYR0V9rg",
          "name": "parameter2",
          "type": null,
          "probability": 1,
          "modifiers": [],
          "to_variable": {
            "key": "_TPzSUMLEEDShE8NYR0V9rg",
            "name": "parameter2",
            "type": null,
            "modifiers": [],
            "position": {}
          },
          "position": {}
        },
        "_ucYYkMLpEDSkE4NhUM2oIQ": {
          "key": "_ucYYkMLpEDSkE4NhUM2oIQ",
          "name": "parameter3",
          "type": null,
          "probability": 1,
          "modifiers": [],
          "to_variable": {
            "key": "_U2ZcsMLEEDShE8NYR0V9rg",
            "name": "parameter3",
            "type": null,
            "modifiers": [],
            "position": {}
          },
          "position": {}
        }
      }
    },
    "parameters_to_parameters_data_clump-./RegularPizza-_fMaqwcLDEDShE8NYR0V9rg-_fEMagMLREDS5aPKy5_bYBA-parameterparameter2parameter3": {
      "type": "data_clump",
      "key": "parameters_to_parameters_data_clump-./RegularPizza-_fMaqwcLDEDShE8NYR0V9rg-_fEMagMLREDS5aPKy5_bYBA-parameterparameter2parameter3",
      "probability": 1,
      "from_file_path": "./RegularPizza",
      "from_class_or_interface_name": "RegularPizza",
      "from_class_or_interface_key": "_ON9DIMJCEDSyAfGvOmlorg",
      "from_method_name": "RegularPizza",
      "from_method_key": "_fMaqwcLDEDShE8NYR0V9rg",
      "to_file_path": "./Helper",
      "to_class_or_interface_name": "Helper",
      "to_class_or_interface_key": "_X6GLUMLREDS5aPKy5_bYBA",
      "to_method_name": "CreateCrustedPizza",
      "to_method_key": "_fEMagMLREDS5aPKy5_bYBA",
      "data_clump_type": "parameters_to_parameters_data_clump",
      "data_clump_data": {
        "_hQ65IMLDEDShE8NYR0V9rg": {
          "key": "_hQ65IMLDEDShE8NYR0V9rg",
          "name": "parameter",
          "type": null,
          "probability": 1,
          "modifiers": [],
          "to_variable": {
            "key": "_nmLpsMLREDS5aPKy5_bYBA",
            "name": "parameter",
            "type": null,
            "modifiers": [],
            "position": {}
          },
          "position": {}
        },
        "_kVonUMLDEDShE8NYR0V9rg": {
          "key": "_kVonUMLDEDShE8NYR0V9rg",
          "name": "parameter2",
          "type": null,
          "probability": 1,
          "modifiers": [],
          "to_variable": {
            "key": "_oqfmYMLREDS5aPKy5_bYBA",
            "name": "parameter2",
            "type": null,
            "modifiers": [],
            "position": {}
          },
          "position": {}
        },
        "_ucYYkMLpEDSkE4NhUM2oIQ": {
          "key": "_ucYYkMLpEDSkE4NhUM2oIQ",
          "name": "parameter3",
          "type": null,
          "probability": 1,
          "modifiers": [],
          "to_variable": {
            "key": "_pzcygMLREDS5aPKy5_bYBA",
            "name": "parameter3",
            "type": null,
            "modifiers": [],
            "position": {}
          },
          "position": {}
        }
      }
    },
    "parameters_to_parameters_data_clump-./RegularPizza-_fMaqwcLDEDShE8NYR0V9rg-_saS48cLREDS5aPKy5_bYBA-parameterparameter2parameter3": {
      "type": "data_clump",
      "key": "parameters_to_parameters_data_clump-./RegularPizza-_fMaqwcLDEDShE8NYR0V9rg-_saS48cLREDS5aPKy5_bYBA-parameterparameter2parameter3",
      "probability": 1,
      "from_file_path": "./RegularPizza",
      "from_class_or_interface_name": "RegularPizza",
      "from_class_or_interface_key": "_ON9DIMJCEDSyAfGvOmlorg",
      "from_method_name": "RegularPizza",
      "from_method_key": "_fMaqwcLDEDShE8NYR0V9rg",
      "to_file_path": "./Helper",
      "to_class_or_interface_name": "Helper",
      "to_class_or_interface_key": "_X6GLUMLREDS5aPKy5_bYBA",
      "to_method_name": "CreateRegularPizza",
      "to_method_key": "_saS48cLREDS5aPKy5_bYBA",
      "data_clump_type": "parameters_to_parameters_data_clump",
      "data_clump_data": {
        "_hQ65IMLDEDShE8NYR0V9rg": {
          "key": "_hQ65IMLDEDShE8NYR0V9rg",
          "name": "parameter",
          "type": null,
          "probability": 1,
          "modifiers": [],
          "to_variable": {
            "key": "_uVeMMMLREDS5aPKy5_bYBA",
            "name": "parameter",
            "type": null,
            "modifiers": [],
            "position": {}
          },
          "position": {}
        },
        "_kVonUMLDEDShE8NYR0V9rg": {
          "key": "_kVonUMLDEDShE8NYR0V9rg",
          "name": "parameter2",
          "type": null,
          "probability": 1,
          "modifiers": [],
          "to_variable": {
            "key": "_vUMeQMLREDS5aPKy5_bYBA",
            "name": "parameter2",
            "type": null,
            "modifiers": [],
            "position": {}
          },
          "position": {}
        },
        "_ucYYkMLpEDSkE4NhUM2oIQ": {
          "key": "_ucYYkMLpEDSkE4NhUM2oIQ",
          "name": "parameter3",
          "type": null,
          "probability": 1,
          "modifiers": [],
          "to_variable": {
            "key": "_2UwDAMLpEDSkE4NhUM2oIQ",
            "name": "parameter3",
            "type": null,
            "modifiers": [],
            "position": {}
          },
          "position": {}
        }
      }
    },
    "parameters_to_parameters_data_clump-./RegularPizza-_fMaqwcLDEDShE8NYR0V9rg-_4vCUIMLpEDSkE4NhUM2oIQ-parameterparameter2parameter3": {
      "type": "data_clump",
      "key": "parameters_to_parameters_data_clump-./RegularPizza-_fMaqwcLDEDShE8NYR0V9rg-_4vCUIMLpEDSkE4NhUM2oIQ-parameterparameter2parameter3",
      "probability": 1,
      "from_file_path": "./RegularPizza",
      "from_class_or_interface_name": "RegularPizza",
      "from_class_or_interface_key": "_ON9DIMJCEDSyAfGvOmlorg",
      "from_method_name": "RegularPizza",
      "from_method_key": "_fMaqwcLDEDShE8NYR0V9rg",
      "to_file_path": "./Helper",
      "to_class_or_interface_name": "Helper",
      "to_class_or_interface_key": "_X6GLUMLREDS5aPKy5_bYBA",
      "to_method_name": "ReturnHotSpicyLevel",
      "to_method_key": "_4vCUIMLpEDSkE4NhUM2oIQ",
      "data_clump_type": "parameters_to_parameters_data_clump",
      "data_clump_data": {
        "_hQ65IMLDEDShE8NYR0V9rg": {
          "key": "_hQ65IMLDEDShE8NYR0V9rg",
          "name": "parameter",
          "type": null,
          "probability": 1,
          "modifiers": [],
          "to_variable": {
            "key": "_8tdRgMLpEDSkE4NhUM2oIQ",
            "name": "parameter",
            "type": null,
            "modifiers": [],
            "position": {}
          },
          "position": {}
        },
        "_kVonUMLDEDShE8NYR0V9rg": {
          "key": "_kVonUMLDEDShE8NYR0V9rg",
          "name": "parameter2",
          "type": null,
          "probability": 1,
          "modifiers": [],
          "to_variable": {
            "key": "_9hq8sMLpEDSkE4NhUM2oIQ",
            "name": "parameter2",
            "type": null,
            "modifiers": [],
            "position": {}
          },
          "position": {}
        },
        "_ucYYkMLpEDSkE4NhUM2oIQ": {
          "key": "_ucYYkMLpEDSkE4NhUM2oIQ",
          "name": "parameter3",
          "type": null,
          "probability": 1,
          "modifiers": [],
          "to_variable": {
            "key": "_-7-XgMLpEDSkE4NhUM2oIQ",
            "name": "parameter3",
            "type": null,
            "modifiers": [],
            "position": {}
          },
          "position": {}
        }
      }
    },
    "parameters_to_parameters_data_clump-./RegularPizza-_fMaqwcLDEDShE8NYR0V9rg-__ND0YcLREDS5aPKy5_bYBA-parameterparameter2parameter3": {
      "type": "data_clump",
      "key": "parameters_to_parameters_data_clump-./RegularPizza-_fMaqwcLDEDShE8NYR0V9rg-__ND0YcLREDS5aPKy5_bYBA-parameterparameter2parameter3",
      "probability": 1,
      "from_file_path": "./RegularPizza",
      "from_class_or_interface_name": "RegularPizza",
      "from_class_or_interface_key": "_ON9DIMJCEDSyAfGvOmlorg",
      "from_method_name": "RegularPizza",
      "from_method_key": "_fMaqwcLDEDShE8NYR0V9rg",
      "to_file_path": "./Helper",
      "to_class_or_interface_name": "Helper",
      "to_class_or_interface_key": "_X6GLUMLREDS5aPKy5_bYBA",
      "to_method_name": "ResetConsoleData",
      "to_method_key": "__ND0YcLREDS5aPKy5_bYBA",
      "data_clump_type": "parameters_to_parameters_data_clump",
      "data_clump_data": {
        "_hQ65IMLDEDShE8NYR0V9rg": {
          "key": "_hQ65IMLDEDShE8NYR0V9rg",
          "name": "parameter",
          "type": null,
          "probability": 1,
          "modifiers": [],
          "to_variable": {
            "key": "_CkCXQMLSEDS5aPKy5_bYBA",
            "name": "parameter",
            "type": null,
            "modifiers": [],
            "position": {}
          },
          "position": {}
        },
        "_kVonUMLDEDShE8NYR0V9rg": {
          "key": "_kVonUMLDEDShE8NYR0V9rg",
          "name": "parameter2",
          "type": null,
          "probability": 1,
          "modifiers": [],
          "to_variable": {
            "key": "_DUaEQMLSEDS5aPKy5_bYBA",
            "name": "parameter2",
            "type": null,
            "modifiers": [],
            "position": {}
          },
          "position": {}
        },
        "_ucYYkMLpEDSkE4NhUM2oIQ": {
          "key": "_ucYYkMLpEDSkE4NhUM2oIQ",
          "name": "parameter3",
          "type": null,
          "probability": 1,
          "modifiers": [],
          "to_variable": {
            "key": "_Ec-O0MLSEDS5aPKy5_bYBA",
            "name": "parameter3",
            "type": null,
            "modifiers": [],
            "position": {}
          },
          "position": {}
        }
      }
    },
    "parameters_to_parameters_data_clump-./RegularPizza-_fMaqwcLDEDShE8NYR0V9rg-_HtHJ4cLSEDS5aPKy5_bYBA-parameterparameter2parameter3": {
      "type": "data_clump",
      "key": "parameters_to_parameters_data_clump-./RegularPizza-_fMaqwcLDEDShE8NYR0V9rg-_HtHJ4cLSEDS5aPKy5_bYBA-parameterparameter2parameter3",
      "probability": 1,
      "from_file_path": "./RegularPizza",
      "from_class_or_interface_name": "RegularPizza",
      "from_class_or_interface_key": "_ON9DIMJCEDSyAfGvOmlorg",
      "from_method_name": "RegularPizza",
      "from_method_key": "_fMaqwcLDEDShE8NYR0V9rg",
      "to_file_path": "./Helper",
      "to_class_or_interface_name": "Helper",
      "to_class_or_interface_key": "_X6GLUMLREDS5aPKy5_bYBA",
      "to_method_name": "AddTopping",
      "to_method_key": "_HtHJ4cLSEDS5aPKy5_bYBA",
      "data_clump_type": "parameters_to_parameters_data_clump",
      "data_clump_data": {
        "_hQ65IMLDEDShE8NYR0V9rg": {
          "key": "_hQ65IMLDEDShE8NYR0V9rg",
          "name": "parameter",
          "type": null,
          "probability": 1,
          "modifiers": [],
          "to_variable": {
            "key": "_MLVosMLSEDS5aPKy5_bYBA",
            "name": "parameter",
            "type": null,
            "modifiers": [],
            "position": {}
          },
          "position": {}
        },
        "_kVonUMLDEDShE8NYR0V9rg": {
          "key": "_kVonUMLDEDShE8NYR0V9rg",
          "name": "parameter2",
          "type": null,
          "probability": 1,
          "modifiers": [],
          "to_variable": {
            "key": "_M2llIMLSEDS5aPKy5_bYBA",
            "name": "parameter2",
            "type": null,
            "modifiers": [],
            "position": {}
          },
          "position": {}
        },
        "_ucYYkMLpEDSkE4NhUM2oIQ": {
          "key": "_ucYYkMLpEDSkE4NhUM2oIQ",
          "name": "parameter3",
          "type": null,
          "probability": 1,
          "modifiers": [],
          "to_variable": {
            "key": "_N5XQwMLSEDS5aPKy5_bYBA",
            "name": "parameter3",
            "type": null,
            "modifiers": [],
            "position": {}
          },
          "position": {}
        }
      }
    }
  }
}