{
  "report_version": "unknown",
  "report_timestamp": "2025-03-26T21:38:52.962Z",
  "target_language": "java",
  "report_summary": {
    "additional": null,
    "amount_classes_or_interfaces_with_data_clumps": 2,
    "amount_files_with_data_clumps": 2,
    "amount_methods_with_data_clumps": 2,
    "fields_to_fields_data_clump": 0,
    "parameters_to_fields_data_clump": 0,
    "parameters_to_parameters_data_clump": 2,
    "amount_data_clumps": 2
  },
  "project_info": {
    "project_url": "unknown_project_url",
    "project_name": "_eITq0OLxEeSyAtfQFgWBxA",
    "project_version": "unknown_project_version",
    "project_commit_hash": "unknown",
    "project_tag": null,
    "project_commit_date": null,
    "additional": {},
    "number_of_files": 72,
    "number_of_classes_or_interfaces": 72,
    "number_of_methods": 335,
    "number_of_data_fields": 74,
    "number_of_method_parameters": 221
  },
  "detector": {
    "name": "data-clumps-doctor",
    "url": "https://github.com/NilsBaumgartner1994/data-clumps-doctor",
    "version": "0.1.100",
    "options": {
      "typeVariablesConsidered": false,
      "similarityModifierOfVariablesWithUnknownType": 0,
      "fieldsOfClassesWithUnknownHierarchyProbabilityModifier": 0,
      "sharedFieldsToFieldsAmountMinimum": 3,
      "analyseFieldsInClassesOrInterfacesInheritedFromSuperClassesOrInterfaces": false,
      "sharedParametersToParametersAmountMinimum": 3,
      "sharedParametersToFieldsAmountMinimum": 3,
      "methodsOfClassesOrInterfacesWithUnknownHierarchyProbabilityModifier": 0
    }
  },
  "data_clumps": {
    "parameters_to_parameters_data_clump-./DebuggerVM-_esL0FOLxEeSu6JAPovhvbA-_esNCFeLxEeSu6JAPovhvbA-nombrestartend": {
      "type": "data_clump",
      "key": "parameters_to_parameters_data_clump-./DebuggerVM-_esL0FOLxEeSu6JAPovhvbA-_esNCFeLxEeSu6JAPovhvbA-nombrestartend",
      "probability": 1,
      "from_file_path": "./DebuggerVM",
      "from_class_or_interface_name": "DebuggerVM",
      "from_class_or_interface_key": "_esKl2OLxEeSu6JAPovhvbA",
      "from_method_name": "setFuncNameStartEnd",
      "from_method_key": "_esL0FOLxEeSu6JAPovhvbA",
      "to_file_path": "./FunctionEnvironmentRecord",
      "to_class_or_interface_name": "FunctionEnvironmentRecord",
      "to_class_or_interface_key": "_esMbUeLxEeSu6JAPovhvbA",
      "to_method_name": "setFuncNameStartEnd",
      "to_method_key": "_esNCFeLxEeSu6JAPovhvbA",
      "data_clump_type": "parameters_to_parameters_data_clump",
      "data_clump_data": {
        "_esL0FuLxEeSu6JAPovhvbA": {
          "key": "_esL0FuLxEeSu6JAPovhvbA",
          "name": "nombre",
          "type": null,
          "probability": 1,
          "modifiers": [],
          "to_variable": {
            "key": "_esNCF-LxEeSu6JAPovhvbA",
            "name": "nombre",
            "type": null,
            "modifiers": [],
            "position": {}
          },
          "position": {}
        },
        "_esL0GeLxEeSu6JAPovhvbA": {
          "key": "_esL0GeLxEeSu6JAPovhvbA",
          "name": "start",
          "type": null,
          "probability": 1,
          "modifiers": [],
          "to_variable": {
            "key": "_esNCGuLxEeSu6JAPovhvbA",
            "name": "start",
            "type": null,
            "modifiers": [],
            "position": {}
          },
          "position": {}
        },
        "_esL0HOLxEeSu6JAPovhvbA": {
          "key": "_esL0HOLxEeSu6JAPovhvbA",
          "name": "end",
          "type": null,
          "probability": 1,
          "modifiers": [],
          "to_variable": {
            "key": "_esNCHeLxEeSu6JAPovhvbA",
            "name": "end",
            "type": null,
            "modifiers": [],
            "position": {}
          },
          "position": {}
        }
      }
    },
    "parameters_to_parameters_data_clump-./FunctionEnvironmentRecord-_esNCFeLxEeSu6JAPovhvbA-_esL0FOLxEeSu6JAPovhvbA-nombrestartend": {
      "type": "data_clump",
      "key": "parameters_to_parameters_data_clump-./FunctionEnvironmentRecord-_esNCFeLxEeSu6JAPovhvbA-_esL0FOLxEeSu6JAPovhvbA-nombrestartend",
      "probability": 1,
      "from_file_path": "./FunctionEnvironmentRecord",
      "from_class_or_interface_name": "FunctionEnvironmentRecord",
      "from_class_or_interface_key": "_esMbUeLxEeSu6JAPovhvbA",
      "from_method_name": "setFuncNameStartEnd",
      "from_method_key": "_esNCFeLxEeSu6JAPovhvbA",
      "to_file_path": "./DebuggerVM",
      "to_class_or_interface_name": "DebuggerVM",
      "to_class_or_interface_key": "_esKl2OLxEeSu6JAPovhvbA",
      "to_method_name": "setFuncNameStartEnd",
      "to_method_key": "_esL0FOLxEeSu6JAPovhvbA",
      "data_clump_type": "parameters_to_parameters_data_clump",
      "data_clump_data": {
        "_esNCF-LxEeSu6JAPovhvbA": {
          "key": "_esNCF-LxEeSu6JAPovhvbA",
          "name": "nombre",
          "type": null,
          "probability": 1,
          "modifiers": [],
          "to_variable": {
            "key": "_esL0FuLxEeSu6JAPovhvbA",
            "name": "nombre",
            "type": null,
            "modifiers": [],
            "position": {}
          },
          "position": {}
        },
        "_esNCGuLxEeSu6JAPovhvbA": {
          "key": "_esNCGuLxEeSu6JAPovhvbA",
          "name": "start",
          "type": null,
          "probability": 1,
          "modifiers": [],
          "to_variable": {
            "key": "_esL0GeLxEeSu6JAPovhvbA",
            "name": "start",
            "type": null,
            "modifiers": [],
            "position": {}
          },
          "position": {}
        },
        "_esNCHeLxEeSu6JAPovhvbA": {
          "key": "_esNCHeLxEeSu6JAPovhvbA",
          "name": "end",
          "type": null,
          "probability": 1,
          "modifiers": [],
          "to_variable": {
            "key": "_esL0HOLxEeSu6JAPovhvbA",
            "name": "end",
            "type": null,
            "modifiers": [],
            "position": {}
          },
          "position": {}
        }
      }
    }
  }
}