{
  "report_version": "unknown",
  "report_timestamp": "2025-03-26T22:38:44.931Z",
  "target_language": "java",
  "report_summary": {
    "additional": null,
    "amount_classes_or_interfaces_with_data_clumps": 4,
    "amount_files_with_data_clumps": 4,
    "amount_methods_with_data_clumps": 2,
    "fields_to_fields_data_clump": 6,
    "parameters_to_fields_data_clump": 0,
    "parameters_to_parameters_data_clump": 2,
    "amount_data_clumps": 8
  },
  "project_info": {
    "project_url": "unknown_project_url",
    "project_name": "_TxQFsERlEeufTvxJgLajhw",
    "project_version": "unknown_project_version",
    "project_commit_hash": "unknown",
    "project_tag": null,
    "project_commit_date": null,
    "additional": {},
    "number_of_files": 9,
    "number_of_classes_or_interfaces": 9,
    "number_of_methods": 49,
    "number_of_data_fields": 17,
    "number_of_method_parameters": 29
  },
  "detector": {
    "name": "data-clumps-doctor",
    "url": "https://github.com/NilsBaumgartner1994/data-clumps-doctor",
    "version": "0.1.100",
    "options": {
      "typeVariablesConsidered": false,
      "similarityModifierOfVariablesWithUnknownType": 0,
      "fieldsOfClassesWithUnknownHierarchyProbabilityModifier": 0,
      "sharedFieldsToFieldsAmountMinimum": 3,
      "analyseFieldsInClassesOrInterfacesInheritedFromSuperClassesOrInterfaces": false,
      "sharedParametersToParametersAmountMinimum": 3,
      "sharedParametersToFieldsAmountMinimum": 3,
      "methodsOfClassesOrInterfacesWithUnknownHierarchyProbabilityModifier": 0
    }
  },
  "data_clumps": {
    "parameters_to_parameters_data_clump-./PetShop-_TxZ200RlEeufTvxJgLajhw-_TxZ24kRlEeufTvxJgLajhw-parameterparameter2parameter3": {
      "type": "data_clump",
      "key": "parameters_to_parameters_data_clump-./PetShop-_TxZ200RlEeufTvxJgLajhw-_TxZ24kRlEeufTvxJgLajhw-parameterparameter2parameter3",
      "probability": 1,
      "from_file_path": "./PetShop",
      "from_class_or_interface_name": "PetShop",
      "from_class_or_interface_key": "_TxZ20URlEeufTvxJgLajhw",
      "from_method_name": "Modify",
      "from_method_key": "_TxZ200RlEeufTvxJgLajhw",
      "to_file_path": "./PetShop",
      "to_class_or_interface_name": "PetShop",
      "to_class_or_interface_key": "_TxZ20URlEeufTvxJgLajhw",
      "to_method_name": "IsExist",
      "to_method_key": "_TxZ24kRlEeufTvxJgLajhw",
      "data_clump_type": "parameters_to_parameters_data_clump",
      "data_clump_data": {
        "_TxZ21URlEeufTvxJgLajhw": {
          "key": "_TxZ21URlEeufTvxJgLajhw",
          "name": "parameter",
          "type": null,
          "probability": 1,
          "modifiers": [],
          "to_variable": {
            "key": "_TxZ25ERlEeufTvxJgLajhw",
            "name": "parameter",
            "type": null,
            "modifiers": [],
            "position": {}
          },
          "position": {}
        },
        "_TxZ21kRlEeufTvxJgLajhw": {
          "key": "_TxZ21kRlEeufTvxJgLajhw",
          "name": "parameter2",
          "type": null,
          "probability": 1,
          "modifiers": [],
          "to_variable": {
            "key": "_TxZ25URlEeufTvxJgLajhw",
            "name": "parameter2",
            "type": null,
            "modifiers": [],
            "position": {}
          },
          "position": {}
        },
        "_TxZ210RlEeufTvxJgLajhw": {
          "key": "_TxZ210RlEeufTvxJgLajhw",
          "name": "parameter3",
          "type": null,
          "probability": 1,
          "modifiers": [],
          "to_variable": {
            "key": "_TxZ25kRlEeufTvxJgLajhw",
            "name": "parameter3",
            "type": null,
            "modifiers": [],
            "position": {}
          },
          "position": {}
        }
      }
    },
    "parameters_to_parameters_data_clump-./PetShop-_TxZ24kRlEeufTvxJgLajhw-_TxZ200RlEeufTvxJgLajhw-parameterparameter2parameter3": {
      "type": "data_clump",
      "key": "parameters_to_parameters_data_clump-./PetShop-_TxZ24kRlEeufTvxJgLajhw-_TxZ200RlEeufTvxJgLajhw-parameterparameter2parameter3",
      "probability": 1,
      "from_file_path": "./PetShop",
      "from_class_or_interface_name": "PetShop",
      "from_class_or_interface_key": "_TxZ20URlEeufTvxJgLajhw",
      "from_method_name": "IsExist",
      "from_method_key": "_TxZ24kRlEeufTvxJgLajhw",
      "to_file_path": "./PetShop",
      "to_class_or_interface_name": "PetShop",
      "to_class_or_interface_key": "_TxZ20URlEeufTvxJgLajhw",
      "to_method_name": "Modify",
      "to_method_key": "_TxZ200RlEeufTvxJgLajhw",
      "data_clump_type": "parameters_to_parameters_data_clump",
      "data_clump_data": {
        "_TxZ25ERlEeufTvxJgLajhw": {
          "key": "_TxZ25ERlEeufTvxJgLajhw",
          "name": "parameter",
          "type": null,
          "probability": 1,
          "modifiers": [],
          "to_variable": {
            "key": "_TxZ21URlEeufTvxJgLajhw",
            "name": "parameter",
            "type": null,
            "modifiers": [],
            "position": {}
          },
          "position": {}
        },
        "_TxZ25URlEeufTvxJgLajhw": {
          "key": "_TxZ25URlEeufTvxJgLajhw",
          "name": "parameter2",
          "type": null,
          "probability": 1,
          "modifiers": [],
          "to_variable": {
            "key": "_TxZ21kRlEeufTvxJgLajhw",
            "name": "parameter2",
            "type": null,
            "modifiers": [],
            "position": {}
          },
          "position": {}
        },
        "_TxZ25kRlEeufTvxJgLajhw": {
          "key": "_TxZ25kRlEeufTvxJgLajhw",
          "name": "parameter3",
          "type": null,
          "probability": 1,
          "modifiers": [],
          "to_variable": {
            "key": "_TxZ210RlEeufTvxJgLajhw",
            "name": "parameter3",
            "type": null,
            "modifiers": [],
            "position": {}
          },
          "position": {}
        }
      }
    },
    "fields_to_fields_data_clump-./Cat-_TxZQNkRlEeufTvxJgLajhw-_TxZQU0RlEeufTvxJgLajhw-namecolorage": {
      "type": "data_clump",
      "key": "fields_to_fields_data_clump-./Cat-_TxZQNkRlEeufTvxJgLajhw-_TxZQU0RlEeufTvxJgLajhw-namecolorage",
      "probability": 1,
      "from_file_path": "./Cat",
      "from_class_or_interface_name": "Cat",
      "from_class_or_interface_key": "_TxZQNkRlEeufTvxJgLajhw",
      "from_method_name": null,
      "from_method_key": null,
      "to_file_path": "./Dog",
      "to_class_or_interface_key": "_TxZQU0RlEeufTvxJgLajhw",
      "to_class_or_interface_name": "Cat",
      "to_method_key": null,
      "to_method_name": null,
      "data_clump_type": "fields_to_fields_data_clump",
      "data_clump_data": {
        "_TxZQN0RlEeufTvxJgLajhw": {
          "key": "_TxZQN0RlEeufTvxJgLajhw",
          "name": "name",
          "type": null,
          "probability": 1,
          "modifiers": [
            "private"
          ],
          "to_variable": {
            "key": "_TxZQVERlEeufTvxJgLajhw",
            "name": "name",
            "type": null,
            "modifiers": [
              "private"
            ],
            "position": {}
          },
          "position": {}
        },
        "_TxZQOERlEeufTvxJgLajhw": {
          "key": "_TxZQOERlEeufTvxJgLajhw",
          "name": "color",
          "type": null,
          "probability": 1,
          "modifiers": [
            "private"
          ],
          "to_variable": {
            "key": "_TxZQVURlEeufTvxJgLajhw",
            "name": "color",
            "type": null,
            "modifiers": [
              "private"
            ],
            "position": {}
          },
          "position": {}
        },
        "_TxZQOURlEeufTvxJgLajhw": {
          "key": "_TxZQOURlEeufTvxJgLajhw",
          "name": "age",
          "type": null,
          "probability": 1,
          "modifiers": [
            "private"
          ],
          "to_variable": {
            "key": "_TxZQVkRlEeufTvxJgLajhw",
            "name": "age",
            "type": null,
            "modifiers": [
              "private"
            ],
            "position": {}
          },
          "position": {}
        }
      }
    },
    "fields_to_fields_data_clump-./Cat-_TxZQNkRlEeufTvxJgLajhw-_TxZ2sERlEeufTvxJgLajhw-namecolorage": {
      "type": "data_clump",
      "key": "fields_to_fields_data_clump-./Cat-_TxZQNkRlEeufTvxJgLajhw-_TxZ2sERlEeufTvxJgLajhw-namecolorage",
      "probability": 1,
      "from_file_path": "./Cat",
      "from_class_or_interface_name": "Cat",
      "from_class_or_interface_key": "_TxZQNkRlEeufTvxJgLajhw",
      "from_method_name": null,
      "from_method_key": null,
      "to_file_path": "./OtherPets",
      "to_class_or_interface_key": "_TxZ2sERlEeufTvxJgLajhw",
      "to_class_or_interface_name": "Cat",
      "to_method_key": null,
      "to_method_name": null,
      "data_clump_type": "fields_to_fields_data_clump",
      "data_clump_data": {
        "_TxZQN0RlEeufTvxJgLajhw": {
          "key": "_TxZQN0RlEeufTvxJgLajhw",
          "name": "name",
          "type": null,
          "probability": 1,
          "modifiers": [
            "private"
          ],
          "to_variable": {
            "key": "_TxZ2sURlEeufTvxJgLajhw",
            "name": "name",
            "type": null,
            "modifiers": [
              "private"
            ],
            "position": {}
          },
          "position": {}
        },
        "_TxZQOERlEeufTvxJgLajhw": {
          "key": "_TxZQOERlEeufTvxJgLajhw",
          "name": "color",
          "type": null,
          "probability": 1,
          "modifiers": [
            "private"
          ],
          "to_variable": {
            "key": "_TxZ2skRlEeufTvxJgLajhw",
            "name": "color",
            "type": null,
            "modifiers": [
              "private"
            ],
            "position": {}
          },
          "position": {}
        },
        "_TxZQOURlEeufTvxJgLajhw": {
          "key": "_TxZQOURlEeufTvxJgLajhw",
          "name": "age",
          "type": null,
          "probability": 1,
          "modifiers": [
            "private"
          ],
          "to_variable": {
            "key": "_TxZ2s0RlEeufTvxJgLajhw",
            "name": "age",
            "type": null,
            "modifiers": [
              "private"
            ],
            "position": {}
          },
          "position": {}
        }
      }
    },
    "fields_to_fields_data_clump-./Dog-_TxZQU0RlEeufTvxJgLajhw-_TxZQNkRlEeufTvxJgLajhw-namecolorage": {
      "type": "data_clump",
      "key": "fields_to_fields_data_clump-./Dog-_TxZQU0RlEeufTvxJgLajhw-_TxZQNkRlEeufTvxJgLajhw-namecolorage",
      "probability": 1,
      "from_file_path": "./Dog",
      "from_class_or_interface_name": "Dog",
      "from_class_or_interface_key": "_TxZQU0RlEeufTvxJgLajhw",
      "from_method_name": null,
      "from_method_key": null,
      "to_file_path": "./Cat",
      "to_class_or_interface_key": "_TxZQNkRlEeufTvxJgLajhw",
      "to_class_or_interface_name": "Dog",
      "to_method_key": null,
      "to_method_name": null,
      "data_clump_type": "fields_to_fields_data_clump",
      "data_clump_data": {
        "_TxZQVERlEeufTvxJgLajhw": {
          "key": "_TxZQVERlEeufTvxJgLajhw",
          "name": "name",
          "type": null,
          "probability": 1,
          "modifiers": [
            "private"
          ],
          "to_variable": {
            "key": "_TxZQN0RlEeufTvxJgLajhw",
            "name": "name",
            "type": null,
            "modifiers": [
              "private"
            ],
            "position": {}
          },
          "position": {}
        },
        "_TxZQVURlEeufTvxJgLajhw": {
          "key": "_TxZQVURlEeufTvxJgLajhw",
          "name": "color",
          "type": null,
          "probability": 1,
          "modifiers": [
            "private"
          ],
          "to_variable": {
            "key": "_TxZQOERlEeufTvxJgLajhw",
            "name": "color",
            "type": null,
            "modifiers": [
              "private"
            ],
            "position": {}
          },
          "position": {}
        },
        "_TxZQVkRlEeufTvxJgLajhw": {
          "key": "_TxZQVkRlEeufTvxJgLajhw",
          "name": "age",
          "type": null,
          "probability": 1,
          "modifiers": [
            "private"
          ],
          "to_variable": {
            "key": "_TxZQOURlEeufTvxJgLajhw",
            "name": "age",
            "type": null,
            "modifiers": [
              "private"
            ],
            "position": {}
          },
          "position": {}
        }
      }
    },
    "fields_to_fields_data_clump-./Dog-_TxZQU0RlEeufTvxJgLajhw-_TxZ2sERlEeufTvxJgLajhw-namecolorage": {
      "type": "data_clump",
      "key": "fields_to_fields_data_clump-./Dog-_TxZQU0RlEeufTvxJgLajhw-_TxZ2sERlEeufTvxJgLajhw-namecolorage",
      "probability": 1,
      "from_file_path": "./Dog",
      "from_class_or_interface_name": "Dog",
      "from_class_or_interface_key": "_TxZQU0RlEeufTvxJgLajhw",
      "from_method_name": null,
      "from_method_key": null,
      "to_file_path": "./OtherPets",
      "to_class_or_interface_key": "_TxZ2sERlEeufTvxJgLajhw",
      "to_class_or_interface_name": "Dog",
      "to_method_key": null,
      "to_method_name": null,
      "data_clump_type": "fields_to_fields_data_clump",
      "data_clump_data": {
        "_TxZQVERlEeufTvxJgLajhw": {
          "key": "_TxZQVERlEeufTvxJgLajhw",
          "name": "name",
          "type": null,
          "probability": 1,
          "modifiers": [
            "private"
          ],
          "to_variable": {
            "key": "_TxZ2sURlEeufTvxJgLajhw",
            "name": "name",
            "type": null,
            "modifiers": [
              "private"
            ],
            "position": {}
          },
          "position": {}
        },
        "_TxZQVURlEeufTvxJgLajhw": {
          "key": "_TxZQVURlEeufTvxJgLajhw",
          "name": "color",
          "type": null,
          "probability": 1,
          "modifiers": [
            "private"
          ],
          "to_variable": {
            "key": "_TxZ2skRlEeufTvxJgLajhw",
            "name": "color",
            "type": null,
            "modifiers": [
              "private"
            ],
            "position": {}
          },
          "position": {}
        },
        "_TxZQVkRlEeufTvxJgLajhw": {
          "key": "_TxZQVkRlEeufTvxJgLajhw",
          "name": "age",
          "type": null,
          "probability": 1,
          "modifiers": [
            "private"
          ],
          "to_variable": {
            "key": "_TxZ2s0RlEeufTvxJgLajhw",
            "name": "age",
            "type": null,
            "modifiers": [
              "private"
            ],
            "position": {}
          },
          "position": {}
        }
      }
    },
    "fields_to_fields_data_clump-./OtherPets-_TxZ2sERlEeufTvxJgLajhw-_TxZQNkRlEeufTvxJgLajhw-namecolorage": {
      "type": "data_clump",
      "key": "fields_to_fields_data_clump-./OtherPets-_TxZ2sERlEeufTvxJgLajhw-_TxZQNkRlEeufTvxJgLajhw-namecolorage",
      "probability": 1,
      "from_file_path": "./OtherPets",
      "from_class_or_interface_name": "OtherPets",
      "from_class_or_interface_key": "_TxZ2sERlEeufTvxJgLajhw",
      "from_method_name": null,
      "from_method_key": null,
      "to_file_path": "./Cat",
      "to_class_or_interface_key": "_TxZQNkRlEeufTvxJgLajhw",
      "to_class_or_interface_name": "OtherPets",
      "to_method_key": null,
      "to_method_name": null,
      "data_clump_type": "fields_to_fields_data_clump",
      "data_clump_data": {
        "_TxZ2sURlEeufTvxJgLajhw": {
          "key": "_TxZ2sURlEeufTvxJgLajhw",
          "name": "name",
          "type": null,
          "probability": 1,
          "modifiers": [
            "private"
          ],
          "to_variable": {
            "key": "_TxZQN0RlEeufTvxJgLajhw",
            "name": "name",
            "type": null,
            "modifiers": [
              "private"
            ],
            "position": {}
          },
          "position": {}
        },
        "_TxZ2skRlEeufTvxJgLajhw": {
          "key": "_TxZ2skRlEeufTvxJgLajhw",
          "name": "color",
          "type": null,
          "probability": 1,
          "modifiers": [
            "private"
          ],
          "to_variable": {
            "key": "_TxZQOERlEeufTvxJgLajhw",
            "name": "color",
            "type": null,
            "modifiers": [
              "private"
            ],
            "position": {}
          },
          "position": {}
        },
        "_TxZ2s0RlEeufTvxJgLajhw": {
          "key": "_TxZ2s0RlEeufTvxJgLajhw",
          "name": "age",
          "type": null,
          "probability": 1,
          "modifiers": [
            "private"
          ],
          "to_variable": {
            "key": "_TxZQOURlEeufTvxJgLajhw",
            "name": "age",
            "type": null,
            "modifiers": [
              "private"
            ],
            "position": {}
          },
          "position": {}
        }
      }
    },
    "fields_to_fields_data_clump-./OtherPets-_TxZ2sERlEeufTvxJgLajhw-_TxZQU0RlEeufTvxJgLajhw-namecolorage": {
      "type": "data_clump",
      "key": "fields_to_fields_data_clump-./OtherPets-_TxZ2sERlEeufTvxJgLajhw-_TxZQU0RlEeufTvxJgLajhw-namecolorage",
      "probability": 1,
      "from_file_path": "./OtherPets",
      "from_class_or_interface_name": "OtherPets",
      "from_class_or_interface_key": "_TxZ2sERlEeufTvxJgLajhw",
      "from_method_name": null,
      "from_method_key": null,
      "to_file_path": "./Dog",
      "to_class_or_interface_key": "_TxZQU0RlEeufTvxJgLajhw",
      "to_class_or_interface_name": "OtherPets",
      "to_method_key": null,
      "to_method_name": null,
      "data_clump_type": "fields_to_fields_data_clump",
      "data_clump_data": {
        "_TxZ2sURlEeufTvxJgLajhw": {
          "key": "_TxZ2sURlEeufTvxJgLajhw",
          "name": "name",
          "type": null,
          "probability": 1,
          "modifiers": [
            "private"
          ],
          "to_variable": {
            "key": "_TxZQVERlEeufTvxJgLajhw",
            "name": "name",
            "type": null,
            "modifiers": [
              "private"
            ],
            "position": {}
          },
          "position": {}
        },
        "_TxZ2skRlEeufTvxJgLajhw": {
          "key": "_TxZ2skRlEeufTvxJgLajhw",
          "name": "color",
          "type": null,
          "probability": 1,
          "modifiers": [
            "private"
          ],
          "to_variable": {
            "key": "_TxZQVURlEeufTvxJgLajhw",
            "name": "color",
            "type": null,
            "modifiers": [
              "private"
            ],
            "position": {}
          },
          "position": {}
        },
        "_TxZ2s0RlEeufTvxJgLajhw": {
          "key": "_TxZ2s0RlEeufTvxJgLajhw",
          "name": "age",
          "type": null,
          "probability": 1,
          "modifiers": [
            "private"
          ],
          "to_variable": {
            "key": "_TxZQVkRlEeufTvxJgLajhw",
            "name": "age",
            "type": null,
            "modifiers": [
              "private"
            ],
            "position": {}
          },
          "position": {}
        }
      }
    }
  }
}