{
  "report_version": "unknown",
  "report_timestamp": "2025-03-26T21:58:18.459Z",
  "target_language": "java",
  "report_summary": {
    "additional": null,
    "amount_classes_or_interfaces_with_data_clumps": 4,
    "amount_files_with_data_clumps": 4,
    "amount_methods_with_data_clumps": 0,
    "fields_to_fields_data_clump": 4,
    "parameters_to_fields_data_clump": 0,
    "parameters_to_parameters_data_clump": 0,
    "amount_data_clumps": 4
  },
  "project_info": {
    "project_url": "unknown_project_url",
    "project_name": "77d4d337-b2cc-4ef3-b963-d89be6162a98",
    "project_version": "unknown_project_version",
    "project_commit_hash": "unknown",
    "project_tag": null,
    "project_commit_date": null,
    "additional": {},
    "number_of_files": 30,
    "number_of_classes_or_interfaces": 30,
    "number_of_methods": 0,
    "number_of_data_fields": 70,
    "number_of_method_parameters": 0
  },
  "detector": {
    "name": "data-clumps-doctor",
    "url": "https://github.com/NilsBaumgartner1994/data-clumps-doctor",
    "version": "0.1.100",
    "options": {
      "typeVariablesConsidered": false,
      "similarityModifierOfVariablesWithUnknownType": 0,
      "fieldsOfClassesWithUnknownHierarchyProbabilityModifier": 0,
      "sharedFieldsToFieldsAmountMinimum": 3,
      "analyseFieldsInClassesOrInterfacesInheritedFromSuperClassesOrInterfaces": false,
      "sharedParametersToParametersAmountMinimum": 3,
      "sharedParametersToFieldsAmountMinimum": 3,
      "methodsOfClassesOrInterfacesWithUnknownHierarchyProbabilityModifier": 0
    }
  },
  "data_clumps": {
    "fields_to_fields_data_clump-./Gimnasio-_RdCX0SSoEDevwveJknC9mA-_zfQgASSoEDevwveJknC9mA-capacidadhoraAbreidentificador": {
      "type": "data_clump",
      "key": "fields_to_fields_data_clump-./Gimnasio-_RdCX0SSoEDevwveJknC9mA-_zfQgASSoEDevwveJknC9mA-capacidadhoraAbreidentificador",
      "probability": 1,
      "from_file_path": "./Gimnasio",
      "from_class_or_interface_name": "Gimnasio",
      "from_class_or_interface_key": "_RdCX0SSoEDevwveJknC9mA",
      "from_method_name": null,
      "from_method_key": null,
      "to_file_path": "./Piscina",
      "to_class_or_interface_key": "_zfQgASSoEDevwveJknC9mA",
      "to_class_or_interface_name": "Gimnasio",
      "to_method_key": null,
      "to_method_name": null,
      "data_clump_type": "fields_to_fields_data_clump",
      "data_clump_data": {
        "_a9qZgSSoEDevwveJknC9mA": {
          "key": "_a9qZgSSoEDevwveJknC9mA",
          "name": "capacidad",
          "type": null,
          "probability": 1,
          "modifiers": [],
          "to_variable": {
            "key": "_2nPkoSSoEDevwveJknC9mA",
            "name": "capacidad",
            "type": null,
            "modifiers": [],
            "position": {}
          },
          "position": {}
        },
        "_iHLZ4CSoEDevwveJknC9mA": {
          "key": "_iHLZ4CSoEDevwveJknC9mA",
          "name": "horaAbre",
          "type": null,
          "probability": 1,
          "modifiers": [],
          "to_variable": {
            "key": "_6sSHYSSoEDevwveJknC9mA",
            "name": "horaAbre",
            "type": null,
            "modifiers": [],
            "position": {}
          },
          "position": {}
        },
        "_zdtaESpJEDe8F5UI5QB14A": {
          "key": "_zdtaESpJEDe8F5UI5QB14A",
          "name": "identificador",
          "type": null,
          "probability": 1,
          "modifiers": [],
          "to_variable": {
            "key": "_vvjtUCpJEDe8F5UI5QB14A",
            "name": "identificador",
            "type": null,
            "modifiers": [],
            "position": {}
          },
          "position": {}
        }
      }
    },
    "fields_to_fields_data_clump-./Piscina-_zfQgASSoEDevwveJknC9mA-_RdCX0SSoEDevwveJknC9mA-capacidadhoraAbreidentificador": {
      "type": "data_clump",
      "key": "fields_to_fields_data_clump-./Piscina-_zfQgASSoEDevwveJknC9mA-_RdCX0SSoEDevwveJknC9mA-capacidadhoraAbreidentificador",
      "probability": 1,
      "from_file_path": "./Piscina",
      "from_class_or_interface_name": "Piscina",
      "from_class_or_interface_key": "_zfQgASSoEDevwveJknC9mA",
      "from_method_name": null,
      "from_method_key": null,
      "to_file_path": "./Gimnasio",
      "to_class_or_interface_key": "_RdCX0SSoEDevwveJknC9mA",
      "to_class_or_interface_name": "Piscina",
      "to_method_key": null,
      "to_method_name": null,
      "data_clump_type": "fields_to_fields_data_clump",
      "data_clump_data": {
        "_2nPkoSSoEDevwveJknC9mA": {
          "key": "_2nPkoSSoEDevwveJknC9mA",
          "name": "capacidad",
          "type": null,
          "probability": 1,
          "modifiers": [],
          "to_variable": {
            "key": "_a9qZgSSoEDevwveJknC9mA",
            "name": "capacidad",
            "type": null,
            "modifiers": [],
            "position": {}
          },
          "position": {}
        },
        "_6sSHYSSoEDevwveJknC9mA": {
          "key": "_6sSHYSSoEDevwveJknC9mA",
          "name": "horaAbre",
          "type": null,
          "probability": 1,
          "modifiers": [],
          "to_variable": {
            "key": "_iHLZ4CSoEDevwveJknC9mA",
            "name": "horaAbre",
            "type": null,
            "modifiers": [],
            "position": {}
          },
          "position": {}
        },
        "_vvjtUCpJEDe8F5UI5QB14A": {
          "key": "_vvjtUCpJEDe8F5UI5QB14A",
          "name": "identificador",
          "type": null,
          "probability": 1,
          "modifiers": [],
          "to_variable": {
            "key": "_zdtaESpJEDe8F5UI5QB14A",
            "name": "identificador",
            "type": null,
            "modifiers": [],
            "position": {}
          },
          "position": {}
        }
      }
    },
    "fields_to_fields_data_clump-./SalonGrande-_vNDfQSlvEDeEBrbj2O2WSg-_FAAYwSlxEDeEBrbj2O2WSg-capacidadtiempoLimpiezaid": {
      "type": "data_clump",
      "key": "fields_to_fields_data_clump-./SalonGrande-_vNDfQSlvEDeEBrbj2O2WSg-_FAAYwSlxEDeEBrbj2O2WSg-capacidadtiempoLimpiezaid",
      "probability": 1,
      "from_file_path": "./SalonGrande",
      "from_class_or_interface_name": "SalonGrande",
      "from_class_or_interface_key": "_vNDfQSlvEDeEBrbj2O2WSg",
      "from_method_name": null,
      "from_method_key": null,
      "to_file_path": "./SalonNormal",
      "to_class_or_interface_key": "_FAAYwSlxEDeEBrbj2O2WSg",
      "to_class_or_interface_name": "SalonGrande",
      "to_method_key": null,
      "to_method_name": null,
      "data_clump_type": "fields_to_fields_data_clump",
      "data_clump_data": {
        "_zhoS0SlvEDeEBrbj2O2WSg": {
          "key": "_zhoS0SlvEDeEBrbj2O2WSg",
          "name": "capacidad",
          "type": null,
          "probability": 1,
          "modifiers": [],
          "to_variable": {
            "key": "_O1Tp8ClxEDeEBrbj2O2WSg",
            "name": "capacidad",
            "type": null,
            "modifiers": [],
            "position": {}
          },
          "position": {}
        },
        "_47xnUClvEDeEBrbj2O2WSg": {
          "key": "_47xnUClvEDeEBrbj2O2WSg",
          "name": "tiempoLimpieza",
          "type": null,
          "probability": 1,
          "modifiers": [],
          "to_variable": {
            "key": "_nz-moSl0EDeEBrbj2O2WSg",
            "name": "tiempoLimpieza",
            "type": null,
            "modifiers": [],
            "position": {}
          },
          "position": {}
        },
        "_yLEYYSpHEDeVzpAudSd6aQ": {
          "key": "_yLEYYSpHEDeVzpAudSd6aQ",
          "name": "id",
          "type": null,
          "probability": 1,
          "modifiers": [],
          "to_variable": {
            "key": "_0_LewCpHEDeVzpAudSd6aQ",
            "name": "id",
            "type": null,
            "modifiers": [],
            "position": {}
          },
          "position": {}
        }
      }
    },
    "fields_to_fields_data_clump-./SalonNormal-_FAAYwSlxEDeEBrbj2O2WSg-_vNDfQSlvEDeEBrbj2O2WSg-capacidadtiempoLimpiezaid": {
      "type": "data_clump",
      "key": "fields_to_fields_data_clump-./SalonNormal-_FAAYwSlxEDeEBrbj2O2WSg-_vNDfQSlvEDeEBrbj2O2WSg-capacidadtiempoLimpiezaid",
      "probability": 1,
      "from_file_path": "./SalonNormal",
      "from_class_or_interface_name": "SalonNormal",
      "from_class_or_interface_key": "_FAAYwSlxEDeEBrbj2O2WSg",
      "from_method_name": null,
      "from_method_key": null,
      "to_file_path": "./SalonGrande",
      "to_class_or_interface_key": "_vNDfQSlvEDeEBrbj2O2WSg",
      "to_class_or_interface_name": "SalonNormal",
      "to_method_key": null,
      "to_method_name": null,
      "data_clump_type": "fields_to_fields_data_clump",
      "data_clump_data": {
        "_O1Tp8ClxEDeEBrbj2O2WSg": {
          "key": "_O1Tp8ClxEDeEBrbj2O2WSg",
          "name": "capacidad",
          "type": null,
          "probability": 1,
          "modifiers": [],
          "to_variable": {
            "key": "_zhoS0SlvEDeEBrbj2O2WSg",
            "name": "capacidad",
            "type": null,
            "modifiers": [],
            "position": {}
          },
          "position": {}
        },
        "_nz-moSl0EDeEBrbj2O2WSg": {
          "key": "_nz-moSl0EDeEBrbj2O2WSg",
          "name": "tiempoLimpieza",
          "type": null,
          "probability": 1,
          "modifiers": [],
          "to_variable": {
            "key": "_47xnUClvEDeEBrbj2O2WSg",
            "name": "tiempoLimpieza",
            "type": null,
            "modifiers": [],
            "position": {}
          },
          "position": {}
        },
        "_0_LewCpHEDeVzpAudSd6aQ": {
          "key": "_0_LewCpHEDeVzpAudSd6aQ",
          "name": "id",
          "type": null,
          "probability": 1,
          "modifiers": [],
          "to_variable": {
            "key": "_yLEYYSpHEDeVzpAudSd6aQ",
            "name": "id",
            "type": null,
            "modifiers": [],
            "position": {}
          },
          "position": {}
        }
      }
    }
  }
}