{
  "report_version": "unknown",
  "report_timestamp": "2025-03-26T22:49:20.279Z",
  "target_language": "java",
  "report_summary": {
    "additional": null,
    "amount_classes_or_interfaces_with_data_clumps": 3,
    "amount_files_with_data_clumps": 3,
    "amount_methods_with_data_clumps": 0,
    "fields_to_fields_data_clump": 6,
    "parameters_to_fields_data_clump": 0,
    "parameters_to_parameters_data_clump": 0,
    "amount_data_clumps": 6
  },
  "project_info": {
    "project_url": "unknown_project_url",
    "project_name": "7f310103-f8e2-4054-85e4-93518536db9c",
    "project_version": "unknown_project_version",
    "project_commit_hash": "unknown",
    "project_tag": null,
    "project_commit_date": null,
    "additional": {},
    "number_of_files": 6,
    "number_of_classes_or_interfaces": 6,
    "number_of_methods": 19,
    "number_of_data_fields": 14,
    "number_of_method_parameters": 2
  },
  "detector": {
    "name": "data-clumps-doctor",
    "url": "https://github.com/NilsBaumgartner1994/data-clumps-doctor",
    "version": "0.1.100",
    "options": {
      "typeVariablesConsidered": false,
      "similarityModifierOfVariablesWithUnknownType": 0,
      "fieldsOfClassesWithUnknownHierarchyProbabilityModifier": 0,
      "sharedFieldsToFieldsAmountMinimum": 3,
      "analyseFieldsInClassesOrInterfacesInheritedFromSuperClassesOrInterfaces": false,
      "sharedParametersToParametersAmountMinimum": 3,
      "sharedParametersToFieldsAmountMinimum": 3,
      "methodsOfClassesOrInterfacesWithUnknownHierarchyProbabilityModifier": 0
    }
  },
  "data_clumps": {
    "fields_to_fields_data_clump-./Administrator-_OZ34UJTOEDG6EaQJZufOFQ-_yGm3AJTNEDG6EaQJZufOFQ-nameemailpassword": {
      "type": "data_clump",
      "key": "fields_to_fields_data_clump-./Administrator-_OZ34UJTOEDG6EaQJZufOFQ-_yGm3AJTNEDG6EaQJZufOFQ-nameemailpassword",
      "probability": 1,
      "from_file_path": "./Administrator",
      "from_class_or_interface_name": "Administrator",
      "from_class_or_interface_key": "_OZ34UJTOEDG6EaQJZufOFQ",
      "from_method_name": null,
      "from_method_key": null,
      "to_file_path": "./Faculty",
      "to_class_or_interface_key": "_yGm3AJTNEDG6EaQJZufOFQ",
      "to_class_or_interface_name": "Administrator",
      "to_method_key": null,
      "to_method_name": null,
      "data_clump_type": "fields_to_fields_data_clump",
      "data_clump_data": {
        "_QgXqwJTOEDG6EaQJZufOFQ": {
          "key": "_QgXqwJTOEDG6EaQJZufOFQ",
          "name": "name",
          "type": null,
          "probability": 1,
          "modifiers": [],
          "to_variable": {
            "key": "_Bpc50JTOEDG6EaQJZufOFQ",
            "name": "name",
            "type": null,
            "modifiers": [],
            "position": {}
          },
          "position": {}
        },
        "_S4MdwJTOEDG6EaQJZufOFQ": {
          "key": "_S4MdwJTOEDG6EaQJZufOFQ",
          "name": "email",
          "type": null,
          "probability": 1,
          "modifiers": [],
          "to_variable": {
            "key": "_DHI_0JTOEDG6EaQJZufOFQ",
            "name": "email",
            "type": null,
            "modifiers": [],
            "position": {}
          },
          "position": {}
        },
        "_Tl0YwJTOEDG6EaQJZufOFQ": {
          "key": "_Tl0YwJTOEDG6EaQJZufOFQ",
          "name": "password",
          "type": null,
          "probability": 1,
          "modifiers": [],
          "to_variable": {
            "key": "_EvRbQJTOEDG6EaQJZufOFQ",
            "name": "password",
            "type": null,
            "modifiers": [],
            "position": {}
          },
          "position": {}
        }
      }
    },
    "fields_to_fields_data_clump-./Administrator-_OZ34UJTOEDG6EaQJZufOFQ-_flJLIJTGEDGohOj8_zlq1Q-nameemailpassword": {
      "type": "data_clump",
      "key": "fields_to_fields_data_clump-./Administrator-_OZ34UJTOEDG6EaQJZufOFQ-_flJLIJTGEDGohOj8_zlq1Q-nameemailpassword",
      "probability": 1,
      "from_file_path": "./Administrator",
      "from_class_or_interface_name": "Administrator",
      "from_class_or_interface_key": "_OZ34UJTOEDG6EaQJZufOFQ",
      "from_method_name": null,
      "from_method_key": null,
      "to_file_path": "./User",
      "to_class_or_interface_key": "_flJLIJTGEDGohOj8_zlq1Q",
      "to_class_or_interface_name": "Administrator",
      "to_method_key": null,
      "to_method_name": null,
      "data_clump_type": "fields_to_fields_data_clump",
      "data_clump_data": {
        "_QgXqwJTOEDG6EaQJZufOFQ": {
          "key": "_QgXqwJTOEDG6EaQJZufOFQ",
          "name": "name",
          "type": null,
          "probability": 1,
          "modifiers": [],
          "to_variable": {
            "key": "_hjypIJTGEDGohOj8_zlq1Q",
            "name": "name",
            "type": null,
            "modifiers": [],
            "position": {}
          },
          "position": {}
        },
        "_S4MdwJTOEDG6EaQJZufOFQ": {
          "key": "_S4MdwJTOEDG6EaQJZufOFQ",
          "name": "email",
          "type": null,
          "probability": 1,
          "modifiers": [],
          "to_variable": {
            "key": "_jcda8JTGEDGohOj8_zlq1Q",
            "name": "email",
            "type": null,
            "modifiers": [],
            "position": {}
          },
          "position": {}
        },
        "_Tl0YwJTOEDG6EaQJZufOFQ": {
          "key": "_Tl0YwJTOEDG6EaQJZufOFQ",
          "name": "password",
          "type": null,
          "probability": 1,
          "modifiers": [],
          "to_variable": {
            "key": "_p3C4wJTGEDGohOj8_zlq1Q",
            "name": "password",
            "type": null,
            "modifiers": [],
            "position": {}
          },
          "position": {}
        }
      }
    },
    "fields_to_fields_data_clump-./Faculty-_yGm3AJTNEDG6EaQJZufOFQ-_OZ34UJTOEDG6EaQJZufOFQ-nameemailpassword": {
      "type": "data_clump",
      "key": "fields_to_fields_data_clump-./Faculty-_yGm3AJTNEDG6EaQJZufOFQ-_OZ34UJTOEDG6EaQJZufOFQ-nameemailpassword",
      "probability": 1,
      "from_file_path": "./Faculty",
      "from_class_or_interface_name": "Faculty",
      "from_class_or_interface_key": "_yGm3AJTNEDG6EaQJZufOFQ",
      "from_method_name": null,
      "from_method_key": null,
      "to_file_path": "./Administrator",
      "to_class_or_interface_key": "_OZ34UJTOEDG6EaQJZufOFQ",
      "to_class_or_interface_name": "Faculty",
      "to_method_key": null,
      "to_method_name": null,
      "data_clump_type": "fields_to_fields_data_clump",
      "data_clump_data": {
        "_Bpc50JTOEDG6EaQJZufOFQ": {
          "key": "_Bpc50JTOEDG6EaQJZufOFQ",
          "name": "name",
          "type": null,
          "probability": 1,
          "modifiers": [],
          "to_variable": {
            "key": "_QgXqwJTOEDG6EaQJZufOFQ",
            "name": "name",
            "type": null,
            "modifiers": [],
            "position": {}
          },
          "position": {}
        },
        "_DHI_0JTOEDG6EaQJZufOFQ": {
          "key": "_DHI_0JTOEDG6EaQJZufOFQ",
          "name": "email",
          "type": null,
          "probability": 1,
          "modifiers": [],
          "to_variable": {
            "key": "_S4MdwJTOEDG6EaQJZufOFQ",
            "name": "email",
            "type": null,
            "modifiers": [],
            "position": {}
          },
          "position": {}
        },
        "_EvRbQJTOEDG6EaQJZufOFQ": {
          "key": "_EvRbQJTOEDG6EaQJZufOFQ",
          "name": "password",
          "type": null,
          "probability": 1,
          "modifiers": [],
          "to_variable": {
            "key": "_Tl0YwJTOEDG6EaQJZufOFQ",
            "name": "password",
            "type": null,
            "modifiers": [],
            "position": {}
          },
          "position": {}
        }
      }
    },
    "fields_to_fields_data_clump-./Faculty-_yGm3AJTNEDG6EaQJZufOFQ-_flJLIJTGEDGohOj8_zlq1Q-nameemailpassword": {
      "type": "data_clump",
      "key": "fields_to_fields_data_clump-./Faculty-_yGm3AJTNEDG6EaQJZufOFQ-_flJLIJTGEDGohOj8_zlq1Q-nameemailpassword",
      "probability": 1,
      "from_file_path": "./Faculty",
      "from_class_or_interface_name": "Faculty",
      "from_class_or_interface_key": "_yGm3AJTNEDG6EaQJZufOFQ",
      "from_method_name": null,
      "from_method_key": null,
      "to_file_path": "./User",
      "to_class_or_interface_key": "_flJLIJTGEDGohOj8_zlq1Q",
      "to_class_or_interface_name": "Faculty",
      "to_method_key": null,
      "to_method_name": null,
      "data_clump_type": "fields_to_fields_data_clump",
      "data_clump_data": {
        "_Bpc50JTOEDG6EaQJZufOFQ": {
          "key": "_Bpc50JTOEDG6EaQJZufOFQ",
          "name": "name",
          "type": null,
          "probability": 1,
          "modifiers": [],
          "to_variable": {
            "key": "_hjypIJTGEDGohOj8_zlq1Q",
            "name": "name",
            "type": null,
            "modifiers": [],
            "position": {}
          },
          "position": {}
        },
        "_DHI_0JTOEDG6EaQJZufOFQ": {
          "key": "_DHI_0JTOEDG6EaQJZufOFQ",
          "name": "email",
          "type": null,
          "probability": 1,
          "modifiers": [],
          "to_variable": {
            "key": "_jcda8JTGEDGohOj8_zlq1Q",
            "name": "email",
            "type": null,
            "modifiers": [],
            "position": {}
          },
          "position": {}
        },
        "_EvRbQJTOEDG6EaQJZufOFQ": {
          "key": "_EvRbQJTOEDG6EaQJZufOFQ",
          "name": "password",
          "type": null,
          "probability": 1,
          "modifiers": [],
          "to_variable": {
            "key": "_p3C4wJTGEDGohOj8_zlq1Q",
            "name": "password",
            "type": null,
            "modifiers": [],
            "position": {}
          },
          "position": {}
        }
      }
    },
    "fields_to_fields_data_clump-./User-_flJLIJTGEDGohOj8_zlq1Q-_OZ34UJTOEDG6EaQJZufOFQ-nameemailpassword": {
      "type": "data_clump",
      "key": "fields_to_fields_data_clump-./User-_flJLIJTGEDGohOj8_zlq1Q-_OZ34UJTOEDG6EaQJZufOFQ-nameemailpassword",
      "probability": 1,
      "from_file_path": "./User",
      "from_class_or_interface_name": "User",
      "from_class_or_interface_key": "_flJLIJTGEDGohOj8_zlq1Q",
      "from_method_name": null,
      "from_method_key": null,
      "to_file_path": "./Administrator",
      "to_class_or_interface_key": "_OZ34UJTOEDG6EaQJZufOFQ",
      "to_class_or_interface_name": "User",
      "to_method_key": null,
      "to_method_name": null,
      "data_clump_type": "fields_to_fields_data_clump",
      "data_clump_data": {
        "_hjypIJTGEDGohOj8_zlq1Q": {
          "key": "_hjypIJTGEDGohOj8_zlq1Q",
          "name": "name",
          "type": null,
          "probability": 1,
          "modifiers": [],
          "to_variable": {
            "key": "_QgXqwJTOEDG6EaQJZufOFQ",
            "name": "name",
            "type": null,
            "modifiers": [],
            "position": {}
          },
          "position": {}
        },
        "_jcda8JTGEDGohOj8_zlq1Q": {
          "key": "_jcda8JTGEDGohOj8_zlq1Q",
          "name": "email",
          "type": null,
          "probability": 1,
          "modifiers": [],
          "to_variable": {
            "key": "_S4MdwJTOEDG6EaQJZufOFQ",
            "name": "email",
            "type": null,
            "modifiers": [],
            "position": {}
          },
          "position": {}
        },
        "_p3C4wJTGEDGohOj8_zlq1Q": {
          "key": "_p3C4wJTGEDGohOj8_zlq1Q",
          "name": "password",
          "type": null,
          "probability": 1,
          "modifiers": [],
          "to_variable": {
            "key": "_Tl0YwJTOEDG6EaQJZufOFQ",
            "name": "password",
            "type": null,
            "modifiers": [],
            "position": {}
          },
          "position": {}
        }
      }
    },
    "fields_to_fields_data_clump-./User-_flJLIJTGEDGohOj8_zlq1Q-_yGm3AJTNEDG6EaQJZufOFQ-nameemailpassword": {
      "type": "data_clump",
      "key": "fields_to_fields_data_clump-./User-_flJLIJTGEDGohOj8_zlq1Q-_yGm3AJTNEDG6EaQJZufOFQ-nameemailpassword",
      "probability": 1,
      "from_file_path": "./User",
      "from_class_or_interface_name": "User",
      "from_class_or_interface_key": "_flJLIJTGEDGohOj8_zlq1Q",
      "from_method_name": null,
      "from_method_key": null,
      "to_file_path": "./Faculty",
      "to_class_or_interface_key": "_yGm3AJTNEDG6EaQJZufOFQ",
      "to_class_or_interface_name": "User",
      "to_method_key": null,
      "to_method_name": null,
      "data_clump_type": "fields_to_fields_data_clump",
      "data_clump_data": {
        "_hjypIJTGEDGohOj8_zlq1Q": {
          "key": "_hjypIJTGEDGohOj8_zlq1Q",
          "name": "name",
          "type": null,
          "probability": 1,
          "modifiers": [],
          "to_variable": {
            "key": "_Bpc50JTOEDG6EaQJZufOFQ",
            "name": "name",
            "type": null,
            "modifiers": [],
            "position": {}
          },
          "position": {}
        },
        "_jcda8JTGEDGohOj8_zlq1Q": {
          "key": "_jcda8JTGEDGohOj8_zlq1Q",
          "name": "email",
          "type": null,
          "probability": 1,
          "modifiers": [],
          "to_variable": {
            "key": "_DHI_0JTOEDG6EaQJZufOFQ",
            "name": "email",
            "type": null,
            "modifiers": [],
            "position": {}
          },
          "position": {}
        },
        "_p3C4wJTGEDGohOj8_zlq1Q": {
          "key": "_p3C4wJTGEDGohOj8_zlq1Q",
          "name": "password",
          "type": null,
          "probability": 1,
          "modifiers": [],
          "to_variable": {
            "key": "_EvRbQJTOEDG6EaQJZufOFQ",
            "name": "password",
            "type": null,
            "modifiers": [],
            "position": {}
          },
          "position": {}
        }
      }
    }
  }
}