{
  "report_version": "unknown",
  "report_timestamp": "2025-03-26T22:12:19.458Z",
  "target_language": "java",
  "report_summary": {
    "additional": null,
    "amount_classes_or_interfaces_with_data_clumps": 4,
    "amount_files_with_data_clumps": 4,
    "amount_methods_with_data_clumps": 0,
    "fields_to_fields_data_clump": 4,
    "parameters_to_fields_data_clump": 0,
    "parameters_to_parameters_data_clump": 0,
    "amount_data_clumps": 4
  },
  "project_info": {
    "project_url": "unknown_project_url",
    "project_name": "_ph0CEELKEe6SCbCxmAtZhg",
    "project_version": "unknown_project_version",
    "project_commit_hash": "unknown",
    "project_tag": null,
    "project_commit_date": null,
    "additional": {},
    "number_of_files": 14,
    "number_of_classes_or_interfaces": 14,
    "number_of_methods": 0,
    "number_of_data_fields": 35,
    "number_of_method_parameters": 0
  },
  "detector": {
    "name": "data-clumps-doctor",
    "url": "https://github.com/NilsBaumgartner1994/data-clumps-doctor",
    "version": "0.1.100",
    "options": {
      "typeVariablesConsidered": false,
      "similarityModifierOfVariablesWithUnknownType": 0,
      "fieldsOfClassesWithUnknownHierarchyProbabilityModifier": 0,
      "sharedFieldsToFieldsAmountMinimum": 3,
      "analyseFieldsInClassesOrInterfacesInheritedFromSuperClassesOrInterfaces": false,
      "sharedParametersToParametersAmountMinimum": 3,
      "sharedParametersToFieldsAmountMinimum": 3,
      "methodsOfClassesOrInterfacesWithUnknownHierarchyProbabilityModifier": 0
    }
  },
  "data_clumps": {
    "fields_to_fields_data_clump-./Evento-_X13UsCT9EDyXZr5esQTV7A-_-RfYACT7EDyXZr5esQTV7A-nombredescripciontipo": {
      "type": "data_clump",
      "key": "fields_to_fields_data_clump-./Evento-_X13UsCT9EDyXZr5esQTV7A-_-RfYACT7EDyXZr5esQTV7A-nombredescripciontipo",
      "probability": 1,
      "from_file_path": "./Evento",
      "from_class_or_interface_name": "Evento",
      "from_class_or_interface_key": "_X13UsCT9EDyXZr5esQTV7A",
      "from_method_name": null,
      "from_method_key": null,
      "to_file_path": "./Territorio",
      "to_class_or_interface_key": "_-RfYACT7EDyXZr5esQTV7A",
      "to_class_or_interface_name": "Evento",
      "to_method_key": null,
      "to_method_name": null,
      "data_clump_type": "fields_to_fields_data_clump",
      "data_clump_data": {
        "_Yt1egCT9EDyXZr5esQTV7A": {
          "key": "_Yt1egCT9EDyXZr5esQTV7A",
          "name": "nombre",
          "type": null,
          "probability": 1,
          "modifiers": [
            "private"
          ],
          "to_variable": {
            "key": "_pbMzsCT9EDyXZr5esQTV7A",
            "name": "nombre",
            "type": null,
            "modifiers": [
              "private"
            ],
            "position": {}
          },
          "position": {}
        },
        "_j87NICT9EDyXZr5esQTV7A": {
          "key": "_j87NICT9EDyXZr5esQTV7A",
          "name": "descripcion",
          "type": null,
          "probability": 1,
          "modifiers": [
            "private"
          ],
          "to_variable": {
            "key": "_6sNBcCT9EDyXZr5esQTV7A",
            "name": "descripcion",
            "type": null,
            "modifiers": [
              "private"
            ],
            "position": {}
          },
          "position": {}
        },
        "_lJcOICT-EDyXZr5esQTV7A": {
          "key": "_lJcOICT-EDyXZr5esQTV7A",
          "name": "tipo",
          "type": null,
          "probability": 1,
          "modifiers": [
            "private"
          ],
          "to_variable": {
            "key": "_9xq9kCT9EDyXZr5esQTV7A",
            "name": "tipo",
            "type": null,
            "modifiers": [
              "private"
            ],
            "position": {}
          },
          "position": {}
        }
      }
    },
    "fields_to_fields_data_clump-./Imagen-_WRnloCT7EDyXZr5esQTV7A-_dr93UCT7EDyXZr5esQTV7A-altoanchoformato": {
      "type": "data_clump",
      "key": "fields_to_fields_data_clump-./Imagen-_WRnloCT7EDyXZr5esQTV7A-_dr93UCT7EDyXZr5esQTV7A-altoanchoformato",
      "probability": 1,
      "from_file_path": "./Imagen",
      "from_class_or_interface_name": "Imagen",
      "from_class_or_interface_key": "_WRnloCT7EDyXZr5esQTV7A",
      "from_method_name": null,
      "from_method_key": null,
      "to_file_path": "./Video",
      "to_class_or_interface_key": "_dr93UCT7EDyXZr5esQTV7A",
      "to_class_or_interface_name": "Imagen",
      "to_method_key": null,
      "to_method_name": null,
      "data_clump_type": "fields_to_fields_data_clump",
      "data_clump_data": {
        "_XN8rACT7EDyXZr5esQTV7A": {
          "key": "_XN8rACT7EDyXZr5esQTV7A",
          "name": "alto",
          "type": null,
          "probability": 1,
          "modifiers": [
            "private"
          ],
          "to_variable": {
            "key": "_eMRIACT7EDyXZr5esQTV7A",
            "name": "alto",
            "type": null,
            "modifiers": [
              "private"
            ],
            "position": {}
          },
          "position": {}
        },
        "_cDxKcCT7EDyXZr5esQTV7A": {
          "key": "_cDxKcCT7EDyXZr5esQTV7A",
          "name": "ancho",
          "type": null,
          "probability": 1,
          "modifiers": [
            "private"
          ],
          "to_variable": {
            "key": "_fvjfsCT7EDyXZr5esQTV7A",
            "name": "ancho",
            "type": null,
            "modifiers": [
              "private"
            ],
            "position": {}
          },
          "position": {}
        },
        "_KjhKUCT8EDyXZr5esQTV7A": {
          "key": "_KjhKUCT8EDyXZr5esQTV7A",
          "name": "formato",
          "type": null,
          "probability": 1,
          "modifiers": [
            "private"
          ],
          "to_variable": {
            "key": "_yi-F8CT8EDyXZr5esQTV7A",
            "name": "formato",
            "type": null,
            "modifiers": [
              "private"
            ],
            "position": {}
          },
          "position": {}
        }
      }
    },
    "fields_to_fields_data_clump-./Territorio-_-RfYACT7EDyXZr5esQTV7A-_X13UsCT9EDyXZr5esQTV7A-nombredescripciontipo": {
      "type": "data_clump",
      "key": "fields_to_fields_data_clump-./Territorio-_-RfYACT7EDyXZr5esQTV7A-_X13UsCT9EDyXZr5esQTV7A-nombredescripciontipo",
      "probability": 1,
      "from_file_path": "./Territorio",
      "from_class_or_interface_name": "Territorio",
      "from_class_or_interface_key": "_-RfYACT7EDyXZr5esQTV7A",
      "from_method_name": null,
      "from_method_key": null,
      "to_file_path": "./Evento",
      "to_class_or_interface_key": "_X13UsCT9EDyXZr5esQTV7A",
      "to_class_or_interface_name": "Territorio",
      "to_method_key": null,
      "to_method_name": null,
      "data_clump_type": "fields_to_fields_data_clump",
      "data_clump_data": {
        "_pbMzsCT9EDyXZr5esQTV7A": {
          "key": "_pbMzsCT9EDyXZr5esQTV7A",
          "name": "nombre",
          "type": null,
          "probability": 1,
          "modifiers": [
            "private"
          ],
          "to_variable": {
            "key": "_Yt1egCT9EDyXZr5esQTV7A",
            "name": "nombre",
            "type": null,
            "modifiers": [
              "private"
            ],
            "position": {}
          },
          "position": {}
        },
        "_6sNBcCT9EDyXZr5esQTV7A": {
          "key": "_6sNBcCT9EDyXZr5esQTV7A",
          "name": "descripcion",
          "type": null,
          "probability": 1,
          "modifiers": [
            "private"
          ],
          "to_variable": {
            "key": "_j87NICT9EDyXZr5esQTV7A",
            "name": "descripcion",
            "type": null,
            "modifiers": [
              "private"
            ],
            "position": {}
          },
          "position": {}
        },
        "_9xq9kCT9EDyXZr5esQTV7A": {
          "key": "_9xq9kCT9EDyXZr5esQTV7A",
          "name": "tipo",
          "type": null,
          "probability": 1,
          "modifiers": [
            "private"
          ],
          "to_variable": {
            "key": "_lJcOICT-EDyXZr5esQTV7A",
            "name": "tipo",
            "type": null,
            "modifiers": [
              "private"
            ],
            "position": {}
          },
          "position": {}
        }
      }
    },
    "fields_to_fields_data_clump-./Video-_dr93UCT7EDyXZr5esQTV7A-_WRnloCT7EDyXZr5esQTV7A-altoanchoformato": {
      "type": "data_clump",
      "key": "fields_to_fields_data_clump-./Video-_dr93UCT7EDyXZr5esQTV7A-_WRnloCT7EDyXZr5esQTV7A-altoanchoformato",
      "probability": 1,
      "from_file_path": "./Video",
      "from_class_or_interface_name": "Video",
      "from_class_or_interface_key": "_dr93UCT7EDyXZr5esQTV7A",
      "from_method_name": null,
      "from_method_key": null,
      "to_file_path": "./Imagen",
      "to_class_or_interface_key": "_WRnloCT7EDyXZr5esQTV7A",
      "to_class_or_interface_name": "Video",
      "to_method_key": null,
      "to_method_name": null,
      "data_clump_type": "fields_to_fields_data_clump",
      "data_clump_data": {
        "_eMRIACT7EDyXZr5esQTV7A": {
          "key": "_eMRIACT7EDyXZr5esQTV7A",
          "name": "alto",
          "type": null,
          "probability": 1,
          "modifiers": [
            "private"
          ],
          "to_variable": {
            "key": "_XN8rACT7EDyXZr5esQTV7A",
            "name": "alto",
            "type": null,
            "modifiers": [
              "private"
            ],
            "position": {}
          },
          "position": {}
        },
        "_fvjfsCT7EDyXZr5esQTV7A": {
          "key": "_fvjfsCT7EDyXZr5esQTV7A",
          "name": "ancho",
          "type": null,
          "probability": 1,
          "modifiers": [
            "private"
          ],
          "to_variable": {
            "key": "_cDxKcCT7EDyXZr5esQTV7A",
            "name": "ancho",
            "type": null,
            "modifiers": [
              "private"
            ],
            "position": {}
          },
          "position": {}
        },
        "_yi-F8CT8EDyXZr5esQTV7A": {
          "key": "_yi-F8CT8EDyXZr5esQTV7A",
          "name": "formato",
          "type": null,
          "probability": 1,
          "modifiers": [
            "private"
          ],
          "to_variable": {
            "key": "_KjhKUCT8EDyXZr5esQTV7A",
            "name": "formato",
            "type": null,
            "modifiers": [
              "private"
            ],
            "position": {}
          },
          "position": {}
        }
      }
    }
  }
}