{
  "report_version": "unknown",
  "report_timestamp": "2025-03-26T22:30:06.049Z",
  "target_language": "java",
  "report_summary": {
    "additional": null,
    "amount_classes_or_interfaces_with_data_clumps": 2,
    "amount_files_with_data_clumps": 2,
    "amount_methods_with_data_clumps": 0,
    "fields_to_fields_data_clump": 2,
    "parameters_to_fields_data_clump": 0,
    "parameters_to_parameters_data_clump": 0,
    "amount_data_clumps": 2
  },
  "project_info": {
    "project_url": "unknown_project_url",
    "project_name": "_VBMPUNyQEe2JhIahQQsnAA",
    "project_version": "unknown_project_version",
    "project_commit_hash": "unknown",
    "project_tag": null,
    "project_commit_date": null,
    "additional": {},
    "number_of_files": 5,
    "number_of_classes_or_interfaces": 5,
    "number_of_methods": 11,
    "number_of_data_fields": 26,
    "number_of_method_parameters": 0
  },
  "detector": {
    "name": "data-clumps-doctor",
    "url": "https://github.com/NilsBaumgartner1994/data-clumps-doctor",
    "version": "0.1.100",
    "options": {
      "typeVariablesConsidered": false,
      "similarityModifierOfVariablesWithUnknownType": 0,
      "fieldsOfClassesWithUnknownHierarchyProbabilityModifier": 0,
      "sharedFieldsToFieldsAmountMinimum": 3,
      "analyseFieldsInClassesOrInterfacesInheritedFromSuperClassesOrInterfaces": false,
      "sharedParametersToParametersAmountMinimum": 3,
      "sharedParametersToFieldsAmountMinimum": 3,
      "methodsOfClassesOrInterfacesWithUnknownHierarchyProbabilityModifier": 0
    }
  },
  "data_clumps": {
    "fields_to_fields_data_clump-./Usuario-_NK7wEL9EEDusb6WedEw3aw-_CXHs0L7DEDuy1_OJssf7XQ-idnomeemailsenha": {
      "type": "data_clump",
      "key": "fields_to_fields_data_clump-./Usuario-_NK7wEL9EEDusb6WedEw3aw-_CXHs0L7DEDuy1_OJssf7XQ-idnomeemailsenha",
      "probability": 1,
      "from_file_path": "./Usuario",
      "from_class_or_interface_name": "Usuario",
      "from_class_or_interface_key": "_NK7wEL9EEDusb6WedEw3aw",
      "from_method_name": null,
      "from_method_key": null,
      "to_file_path": "./Usuário",
      "to_class_or_interface_key": "_CXHs0L7DEDuy1_OJssf7XQ",
      "to_class_or_interface_name": "Usuario",
      "to_method_key": null,
      "to_method_name": null,
      "data_clump_type": "fields_to_fields_data_clump",
      "data_clump_data": {
        "_xu8iwL9IEDusb6WedEw3aw": {
          "key": "_xu8iwL9IEDusb6WedEw3aw",
          "name": "id",
          "type": null,
          "probability": 1,
          "modifiers": [
            "private"
          ],
          "to_variable": {
            "key": "_DYbY0L7DEDuy1_OJssf7XQ",
            "name": "id",
            "type": null,
            "modifiers": [
              "private"
            ],
            "position": {}
          },
          "position": {}
        },
        "_rcC-IL9EEDusb6WedEw3aw": {
          "key": "_rcC-IL9EEDusb6WedEw3aw",
          "name": "nome",
          "type": null,
          "probability": 1,
          "modifiers": [
            "private"
          ],
          "to_variable": {
            "key": "_DmseUL7DEDuy1_OJssf7XQ",
            "name": "nome",
            "type": null,
            "modifiers": [
              "private"
            ],
            "position": {}
          },
          "position": {}
        },
        "_sXZMEL9EEDusb6WedEw3aw": {
          "key": "_sXZMEL9EEDusb6WedEw3aw",
          "name": "email",
          "type": null,
          "probability": 1,
          "modifiers": [
            "private"
          ],
          "to_variable": {
            "key": "_DoOIUL7DEDuy1_OJssf7XQ",
            "name": "email",
            "type": null,
            "modifiers": [
              "private"
            ],
            "position": {}
          },
          "position": {}
        },
        "_tdR2EL9EEDusb6WedEw3aw": {
          "key": "_tdR2EL9EEDusb6WedEw3aw",
          "name": "senha",
          "type": null,
          "probability": 1,
          "modifiers": [
            "private"
          ],
          "to_variable": {
            "key": "_Dp-b0L7DEDuy1_OJssf7XQ",
            "name": "senha",
            "type": null,
            "modifiers": [
              "private"
            ],
            "position": {}
          },
          "position": {}
        }
      }
    },
    "fields_to_fields_data_clump-./Usuário-_CXHs0L7DEDuy1_OJssf7XQ-_NK7wEL9EEDusb6WedEw3aw-idnomeemailsenha": {
      "type": "data_clump",
      "key": "fields_to_fields_data_clump-./Usuário-_CXHs0L7DEDuy1_OJssf7XQ-_NK7wEL9EEDusb6WedEw3aw-idnomeemailsenha",
      "probability": 1,
      "from_file_path": "./Usuário",
      "from_class_or_interface_name": "Usuário",
      "from_class_or_interface_key": "_CXHs0L7DEDuy1_OJssf7XQ",
      "from_method_name": null,
      "from_method_key": null,
      "to_file_path": "./Usuario",
      "to_class_or_interface_key": "_NK7wEL9EEDusb6WedEw3aw",
      "to_class_or_interface_name": "Usuário",
      "to_method_key": null,
      "to_method_name": null,
      "data_clump_type": "fields_to_fields_data_clump",
      "data_clump_data": {
        "_DYbY0L7DEDuy1_OJssf7XQ": {
          "key": "_DYbY0L7DEDuy1_OJssf7XQ",
          "name": "id",
          "type": null,
          "probability": 1,
          "modifiers": [
            "private"
          ],
          "to_variable": {
            "key": "_xu8iwL9IEDusb6WedEw3aw",
            "name": "id",
            "type": null,
            "modifiers": [
              "private"
            ],
            "position": {}
          },
          "position": {}
        },
        "_DmseUL7DEDuy1_OJssf7XQ": {
          "key": "_DmseUL7DEDuy1_OJssf7XQ",
          "name": "nome",
          "type": null,
          "probability": 1,
          "modifiers": [
            "private"
          ],
          "to_variable": {
            "key": "_rcC-IL9EEDusb6WedEw3aw",
            "name": "nome",
            "type": null,
            "modifiers": [
              "private"
            ],
            "position": {}
          },
          "position": {}
        },
        "_DoOIUL7DEDuy1_OJssf7XQ": {
          "key": "_DoOIUL7DEDuy1_OJssf7XQ",
          "name": "email",
          "type": null,
          "probability": 1,
          "modifiers": [
            "private"
          ],
          "to_variable": {
            "key": "_sXZMEL9EEDusb6WedEw3aw",
            "name": "email",
            "type": null,
            "modifiers": [
              "private"
            ],
            "position": {}
          },
          "position": {}
        },
        "_Dp-b0L7DEDuy1_OJssf7XQ": {
          "key": "_Dp-b0L7DEDuy1_OJssf7XQ",
          "name": "senha",
          "type": null,
          "probability": 1,
          "modifiers": [
            "private"
          ],
          "to_variable": {
            "key": "_tdR2EL9EEDusb6WedEw3aw",
            "name": "senha",
            "type": null,
            "modifiers": [
              "private"
            ],
            "position": {}
          },
          "position": {}
        }
      }
    }
  }
}