{
  "report_version": "unknown",
  "report_timestamp": "2025-03-26T22:06:44.613Z",
  "target_language": "java",
  "report_summary": {
    "additional": null,
    "amount_classes_or_interfaces_with_data_clumps": 2,
    "amount_files_with_data_clumps": 2,
    "amount_methods_with_data_clumps": 0,
    "fields_to_fields_data_clump": 2,
    "parameters_to_fields_data_clump": 0,
    "parameters_to_parameters_data_clump": 0,
    "amount_data_clumps": 2
  },
  "project_info": {
    "project_url": "unknown_project_url",
    "project_name": "_ZInakLlaEeaud6jyFEReOw",
    "project_version": "unknown_project_version",
    "project_commit_hash": "unknown",
    "project_tag": null,
    "project_commit_date": null,
    "additional": {},
    "number_of_files": 6,
    "number_of_classes_or_interfaces": 6,
    "number_of_methods": 12,
    "number_of_data_fields": 20,
    "number_of_method_parameters": 0
  },
  "detector": {
    "name": "data-clumps-doctor",
    "url": "https://github.com/NilsBaumgartner1994/data-clumps-doctor",
    "version": "0.1.100",
    "options": {
      "typeVariablesConsidered": false,
      "similarityModifierOfVariablesWithUnknownType": 0,
      "fieldsOfClassesWithUnknownHierarchyProbabilityModifier": 0,
      "sharedFieldsToFieldsAmountMinimum": 3,
      "analyseFieldsInClassesOrInterfacesInheritedFromSuperClassesOrInterfaces": false,
      "sharedParametersToParametersAmountMinimum": 3,
      "sharedParametersToFieldsAmountMinimum": 3,
      "methodsOfClassesOrInterfacesWithUnknownHierarchyProbabilityModifier": 0
    }
  },
  "data_clumps": {
    "fields_to_fields_data_clump-./Customer(Actor)-_osYzsJuIEDS0NOscYwb0zw-_ohIl8JuIEDS0NOscYwb0zw--name-phonenumber-address": {
      "type": "data_clump",
      "key": "fields_to_fields_data_clump-./Customer(Actor)-_osYzsJuIEDS0NOscYwb0zw-_ohIl8JuIEDS0NOscYwb0zw--name-phonenumber-address",
      "probability": 1,
      "from_file_path": "./Customer(Actor)",
      "from_class_or_interface_name": "Customer(Actor)",
      "from_class_or_interface_key": "_osYzsJuIEDS0NOscYwb0zw",
      "from_method_name": null,
      "from_method_key": null,
      "to_file_path": "./WarehouseDatabase(Actor)",
      "to_class_or_interface_key": "_ohIl8JuIEDS0NOscYwb0zw",
      "to_class_or_interface_name": "Customer(Actor)",
      "to_method_key": null,
      "to_method_name": null,
      "data_clump_type": "fields_to_fields_data_clump",
      "data_clump_data": {
        "_ZW_EEJuVEDS0NOscYwb0zw": {
          "key": "_ZW_EEJuVEDS0NOscYwb0zw",
          "name": "-name",
          "type": null,
          "probability": 1,
          "modifiers": [],
          "to_variable": {
            "key": "_CWXdkJuUEDS0NOscYwb0zw",
            "name": "-name",
            "type": null,
            "modifiers": [],
            "position": {}
          },
          "position": {}
        },
        "_er89oJuVEDS0NOscYwb0zw": {
          "key": "_er89oJuVEDS0NOscYwb0zw",
          "name": "-phonenumber",
          "type": null,
          "probability": 1,
          "modifiers": [],
          "to_variable": {
            "key": "_qZeQgJucEDSnVISFTTL5ug",
            "name": "-phonenumber",
            "type": null,
            "modifiers": [],
            "position": {}
          },
          "position": {}
        },
        "_j7oukJuVEDS0NOscYwb0zw": {
          "key": "_j7oukJuVEDS0NOscYwb0zw",
          "name": "-address",
          "type": null,
          "probability": 1,
          "modifiers": [],
          "to_variable": {
            "key": "_KBjAkJuUEDS0NOscYwb0zw",
            "name": "-address",
            "type": null,
            "modifiers": [],
            "position": {}
          },
          "position": {}
        }
      }
    },
    "fields_to_fields_data_clump-./WarehouseDatabase(Actor)-_ohIl8JuIEDS0NOscYwb0zw-_osYzsJuIEDS0NOscYwb0zw--name-address-phonenumber": {
      "type": "data_clump",
      "key": "fields_to_fields_data_clump-./WarehouseDatabase(Actor)-_ohIl8JuIEDS0NOscYwb0zw-_osYzsJuIEDS0NOscYwb0zw--name-address-phonenumber",
      "probability": 1,
      "from_file_path": "./WarehouseDatabase(Actor)",
      "from_class_or_interface_name": "WarehouseDatabase(Actor)",
      "from_class_or_interface_key": "_ohIl8JuIEDS0NOscYwb0zw",
      "from_method_name": null,
      "from_method_key": null,
      "to_file_path": "./Customer(Actor)",
      "to_class_or_interface_key": "_osYzsJuIEDS0NOscYwb0zw",
      "to_class_or_interface_name": "WarehouseDatabase(Actor)",
      "to_method_key": null,
      "to_method_name": null,
      "data_clump_type": "fields_to_fields_data_clump",
      "data_clump_data": {
        "_CWXdkJuUEDS0NOscYwb0zw": {
          "key": "_CWXdkJuUEDS0NOscYwb0zw",
          "name": "-name",
          "type": null,
          "probability": 1,
          "modifiers": [],
          "to_variable": {
            "key": "_ZW_EEJuVEDS0NOscYwb0zw",
            "name": "-name",
            "type": null,
            "modifiers": [],
            "position": {}
          },
          "position": {}
        },
        "_KBjAkJuUEDS0NOscYwb0zw": {
          "key": "_KBjAkJuUEDS0NOscYwb0zw",
          "name": "-address",
          "type": null,
          "probability": 1,
          "modifiers": [],
          "to_variable": {
            "key": "_j7oukJuVEDS0NOscYwb0zw",
            "name": "-address",
            "type": null,
            "modifiers": [],
            "position": {}
          },
          "position": {}
        },
        "_qZeQgJucEDSnVISFTTL5ug": {
          "key": "_qZeQgJucEDSnVISFTTL5ug",
          "name": "-phonenumber",
          "type": null,
          "probability": 1,
          "modifiers": [],
          "to_variable": {
            "key": "_er89oJuVEDS0NOscYwb0zw",
            "name": "-phonenumber",
            "type": null,
            "modifiers": [],
            "position": {}
          },
          "position": {}
        }
      }
    }
  }
}