{
  "report_version": "unknown",
  "report_timestamp": "2025-03-26T22:40:04.466Z",
  "target_language": "java",
  "report_summary": {
    "additional": null,
    "amount_classes_or_interfaces_with_data_clumps": 2,
    "amount_files_with_data_clumps": 2,
    "amount_methods_with_data_clumps": 0,
    "fields_to_fields_data_clump": 2,
    "parameters_to_fields_data_clump": 0,
    "parameters_to_parameters_data_clump": 0,
    "amount_data_clumps": 2
  },
  "project_info": {
    "project_url": "unknown_project_url",
    "project_name": "_c_c-QHQREem42bdoMoG80w",
    "project_version": "unknown_project_version",
    "project_commit_hash": "unknown",
    "project_tag": null,
    "project_commit_date": null,
    "additional": {},
    "number_of_files": 18,
    "number_of_classes_or_interfaces": 18,
    "number_of_methods": 0,
    "number_of_data_fields": 181,
    "number_of_method_parameters": 0
  },
  "detector": {
    "name": "data-clumps-doctor",
    "url": "https://github.com/NilsBaumgartner1994/data-clumps-doctor",
    "version": "0.1.100",
    "options": {
      "typeVariablesConsidered": false,
      "similarityModifierOfVariablesWithUnknownType": 0,
      "fieldsOfClassesWithUnknownHierarchyProbabilityModifier": 0,
      "sharedFieldsToFieldsAmountMinimum": 3,
      "analyseFieldsInClassesOrInterfacesInheritedFromSuperClassesOrInterfaces": false,
      "sharedParametersToParametersAmountMinimum": 3,
      "sharedParametersToFieldsAmountMinimum": 3,
      "methodsOfClassesOrInterfacesWithUnknownHierarchyProbabilityModifier": 0
    }
  },
  "data_clumps": {
    "fields_to_fields_data_clump-./LobbyController-_K5S98VZAEDehkeMe4BdpFQ-_PNW0IVZAEDehkeMe4BdpFQ-stagerootinitialize(URL,RessourceBundle)": {
      "type": "data_clump",
      "key": "fields_to_fields_data_clump-./LobbyController-_K5S98VZAEDehkeMe4BdpFQ-_PNW0IVZAEDehkeMe4BdpFQ-stagerootinitialize(URL,RessourceBundle)",
      "probability": 1,
      "from_file_path": "./LobbyController",
      "from_class_or_interface_name": "LobbyController",
      "from_class_or_interface_key": "_K5S98VZAEDehkeMe4BdpFQ",
      "from_method_name": null,
      "from_method_key": null,
      "to_file_path": "./MultiplayerController",
      "to_class_or_interface_key": "_PNW0IVZAEDehkeMe4BdpFQ",
      "to_class_or_interface_name": "LobbyController",
      "to_method_key": null,
      "to_method_name": null,
      "data_clump_type": "fields_to_fields_data_clump",
      "data_clump_data": {
        "_ZJTmcVZtEDehkeMe4BdpFQ": {
          "key": "_ZJTmcVZtEDehkeMe4BdpFQ",
          "name": "stage",
          "type": null,
          "probability": 1,
          "modifiers": [
            "private"
          ],
          "to_variable": {
            "key": "_0xmDAVZrEDehkeMe4BdpFQ",
            "name": "stage",
            "type": null,
            "modifiers": [
              "private"
            ],
            "position": {}
          },
          "position": {}
        },
        "_cIFrwVZtEDehkeMe4BdpFQ": {
          "key": "_cIFrwVZtEDehkeMe4BdpFQ",
          "name": "root",
          "type": null,
          "probability": 1,
          "modifiers": [
            "private"
          ],
          "to_variable": {
            "key": "_zbWMUVZsEDehkeMe4BdpFQ",
            "name": "root",
            "type": null,
            "modifiers": [
              "private"
            ],
            "position": {}
          },
          "position": {}
        },
        "_06AtQFZtEDehkeMe4BdpFQ": {
          "key": "_06AtQFZtEDehkeMe4BdpFQ",
          "name": "initialize(URL,RessourceBundle)",
          "type": null,
          "probability": 1,
          "modifiers": [],
          "to_variable": {
            "key": "_Jx27UVZtEDehkeMe4BdpFQ",
            "name": "initialize(URL,RessourceBundle)",
            "type": null,
            "modifiers": [],
            "position": {}
          },
          "position": {}
        }
      }
    },
    "fields_to_fields_data_clump-./MultiplayerController-_PNW0IVZAEDehkeMe4BdpFQ-_K5S98VZAEDehkeMe4BdpFQ-stagerootinitialize(URL,RessourceBundle)": {
      "type": "data_clump",
      "key": "fields_to_fields_data_clump-./MultiplayerController-_PNW0IVZAEDehkeMe4BdpFQ-_K5S98VZAEDehkeMe4BdpFQ-stagerootinitialize(URL,RessourceBundle)",
      "probability": 1,
      "from_file_path": "./MultiplayerController",
      "from_class_or_interface_name": "MultiplayerController",
      "from_class_or_interface_key": "_PNW0IVZAEDehkeMe4BdpFQ",
      "from_method_name": null,
      "from_method_key": null,
      "to_file_path": "./LobbyController",
      "to_class_or_interface_key": "_K5S98VZAEDehkeMe4BdpFQ",
      "to_class_or_interface_name": "MultiplayerController",
      "to_method_key": null,
      "to_method_name": null,
      "data_clump_type": "fields_to_fields_data_clump",
      "data_clump_data": {
        "_0xmDAVZrEDehkeMe4BdpFQ": {
          "key": "_0xmDAVZrEDehkeMe4BdpFQ",
          "name": "stage",
          "type": null,
          "probability": 1,
          "modifiers": [
            "private"
          ],
          "to_variable": {
            "key": "_ZJTmcVZtEDehkeMe4BdpFQ",
            "name": "stage",
            "type": null,
            "modifiers": [
              "private"
            ],
            "position": {}
          },
          "position": {}
        },
        "_zbWMUVZsEDehkeMe4BdpFQ": {
          "key": "_zbWMUVZsEDehkeMe4BdpFQ",
          "name": "root",
          "type": null,
          "probability": 1,
          "modifiers": [
            "private"
          ],
          "to_variable": {
            "key": "_cIFrwVZtEDehkeMe4BdpFQ",
            "name": "root",
            "type": null,
            "modifiers": [
              "private"
            ],
            "position": {}
          },
          "position": {}
        },
        "_Jx27UVZtEDehkeMe4BdpFQ": {
          "key": "_Jx27UVZtEDehkeMe4BdpFQ",
          "name": "initialize(URL,RessourceBundle)",
          "type": null,
          "probability": 1,
          "modifiers": [],
          "to_variable": {
            "key": "_06AtQFZtEDehkeMe4BdpFQ",
            "name": "initialize(URL,RessourceBundle)",
            "type": null,
            "modifiers": [],
            "position": {}
          },
          "position": {}
        }
      }
    }
  }
}