{
  "report_version": "unknown",
  "report_timestamp": "2025-03-26T22:46:04.954Z",
  "target_language": "java",
  "report_summary": {
    "additional": null,
    "amount_classes_or_interfaces_with_data_clumps": 2,
    "amount_files_with_data_clumps": 2,
    "amount_methods_with_data_clumps": 0,
    "fields_to_fields_data_clump": 2,
    "parameters_to_fields_data_clump": 0,
    "parameters_to_parameters_data_clump": 0,
    "amount_data_clumps": 2
  },
  "project_info": {
    "project_url": "unknown_project_url",
    "project_name": "_hePwkAhjEeSc6-5ILiz_HQ",
    "project_version": "unknown_project_version",
    "project_commit_hash": "unknown",
    "project_tag": null,
    "project_commit_date": null,
    "additional": {},
    "number_of_files": 5,
    "number_of_classes_or_interfaces": 5,
    "number_of_methods": 10,
    "number_of_data_fields": 41,
    "number_of_method_parameters": 1
  },
  "detector": {
    "name": "data-clumps-doctor",
    "url": "https://github.com/NilsBaumgartner1994/data-clumps-doctor",
    "version": "0.1.100",
    "options": {
      "typeVariablesConsidered": false,
      "similarityModifierOfVariablesWithUnknownType": 0,
      "fieldsOfClassesWithUnknownHierarchyProbabilityModifier": 0,
      "sharedFieldsToFieldsAmountMinimum": 3,
      "analyseFieldsInClassesOrInterfacesInheritedFromSuperClassesOrInterfaces": false,
      "sharedParametersToParametersAmountMinimum": 3,
      "sharedParametersToFieldsAmountMinimum": 3,
      "methodsOfClassesOrInterfacesWithUnknownHierarchyProbabilityModifier": 0
    }
  },
  "data_clumps": {
    "fields_to_fields_data_clump-./Recurrencegoogle-rfc-2445ical-_k_Cb0OqYEDGVVpQsLyj_EA-_R7idEOqVEDGVVpQsLyj_EA-startDateendDatefromtilltimeZone": {
      "type": "data_clump",
      "key": "fields_to_fields_data_clump-./Recurrencegoogle-rfc-2445ical-_k_Cb0OqYEDGVVpQsLyj_EA-_R7idEOqVEDGVVpQsLyj_EA-startDateendDatefromtilltimeZone",
      "probability": 1,
      "from_file_path": "./Recurrencegoogle-rfc-2445ical",
      "from_class_or_interface_name": "Recurrencegoogle-rfc-2445ical",
      "from_class_or_interface_key": "_k_Cb0OqYEDGVVpQsLyj_EA",
      "from_method_name": null,
      "from_method_key": null,
      "to_file_path": "./Visit",
      "to_class_or_interface_key": "_R7idEOqVEDGVVpQsLyj_EA",
      "to_class_or_interface_name": "Recurrencegoogle-rfc-2445ical",
      "to_method_key": null,
      "to_method_name": null,
      "data_clump_type": "fields_to_fields_data_clump",
      "data_clump_data": {
        "_U5aHsOsqEDG2iY4lJDjGUw": {
          "key": "_U5aHsOsqEDG2iY4lJDjGUw",
          "name": "startDate",
          "type": null,
          "probability": 1,
          "modifiers": [],
          "to_variable": {
            "key": "_7coyYOspEDG2iY4lJDjGUw",
            "name": "startDate",
            "type": null,
            "modifiers": [],
            "position": {}
          },
          "position": {}
        },
        "_VREZwOsqEDG2iY4lJDjGUw": {
          "key": "_VREZwOsqEDG2iY4lJDjGUw",
          "name": "endDate",
          "type": null,
          "probability": 1,
          "modifiers": [],
          "to_variable": {
            "key": "_9x7OwOspEDG2iY4lJDjGUw",
            "name": "endDate",
            "type": null,
            "modifiers": [],
            "position": {}
          },
          "position": {}
        },
        "_VkmZwOsqEDG2iY4lJDjGUw": {
          "key": "_VkmZwOsqEDG2iY4lJDjGUw",
          "name": "from",
          "type": null,
          "probability": 1,
          "modifiers": [],
          "to_variable": {
            "key": "__R_6YOspEDG2iY4lJDjGUw",
            "name": "from",
            "type": null,
            "modifiers": [],
            "position": {}
          },
          "position": {}
        },
        "_WEoksOsqEDG2iY4lJDjGUw": {
          "key": "_WEoksOsqEDG2iY4lJDjGUw",
          "name": "till",
          "type": null,
          "probability": 1,
          "modifiers": [],
          "to_variable": {
            "key": "_BFDMYOsqEDG2iY4lJDjGUw",
            "name": "till",
            "type": null,
            "modifiers": [],
            "position": {}
          },
          "position": {}
        },
        "_WeufsOsqEDG2iY4lJDjGUw": {
          "key": "_WeufsOsqEDG2iY4lJDjGUw",
          "name": "timeZone",
          "type": null,
          "probability": 1,
          "modifiers": [],
          "to_variable": {
            "key": "_B_8HUOsqEDG2iY4lJDjGUw",
            "name": "timeZone",
            "type": null,
            "modifiers": [],
            "position": {}
          },
          "position": {}
        }
      }
    },
    "fields_to_fields_data_clump-./Visit-_R7idEOqVEDGVVpQsLyj_EA-_k_Cb0OqYEDGVVpQsLyj_EA-startDateendDatefromtilltimeZone": {
      "type": "data_clump",
      "key": "fields_to_fields_data_clump-./Visit-_R7idEOqVEDGVVpQsLyj_EA-_k_Cb0OqYEDGVVpQsLyj_EA-startDateendDatefromtilltimeZone",
      "probability": 1,
      "from_file_path": "./Visit",
      "from_class_or_interface_name": "Visit",
      "from_class_or_interface_key": "_R7idEOqVEDGVVpQsLyj_EA",
      "from_method_name": null,
      "from_method_key": null,
      "to_file_path": "./Recurrencegoogle-rfc-2445ical",
      "to_class_or_interface_key": "_k_Cb0OqYEDGVVpQsLyj_EA",
      "to_class_or_interface_name": "Visit",
      "to_method_key": null,
      "to_method_name": null,
      "data_clump_type": "fields_to_fields_data_clump",
      "data_clump_data": {
        "_7coyYOspEDG2iY4lJDjGUw": {
          "key": "_7coyYOspEDG2iY4lJDjGUw",
          "name": "startDate",
          "type": null,
          "probability": 1,
          "modifiers": [],
          "to_variable": {
            "key": "_U5aHsOsqEDG2iY4lJDjGUw",
            "name": "startDate",
            "type": null,
            "modifiers": [],
            "position": {}
          },
          "position": {}
        },
        "_9x7OwOspEDG2iY4lJDjGUw": {
          "key": "_9x7OwOspEDG2iY4lJDjGUw",
          "name": "endDate",
          "type": null,
          "probability": 1,
          "modifiers": [],
          "to_variable": {
            "key": "_VREZwOsqEDG2iY4lJDjGUw",
            "name": "endDate",
            "type": null,
            "modifiers": [],
            "position": {}
          },
          "position": {}
        },
        "__R_6YOspEDG2iY4lJDjGUw": {
          "key": "__R_6YOspEDG2iY4lJDjGUw",
          "name": "from",
          "type": null,
          "probability": 1,
          "modifiers": [],
          "to_variable": {
            "key": "_VkmZwOsqEDG2iY4lJDjGUw",
            "name": "from",
            "type": null,
            "modifiers": [],
            "position": {}
          },
          "position": {}
        },
        "_BFDMYOsqEDG2iY4lJDjGUw": {
          "key": "_BFDMYOsqEDG2iY4lJDjGUw",
          "name": "till",
          "type": null,
          "probability": 1,
          "modifiers": [],
          "to_variable": {
            "key": "_WEoksOsqEDG2iY4lJDjGUw",
            "name": "till",
            "type": null,
            "modifiers": [],
            "position": {}
          },
          "position": {}
        },
        "_B_8HUOsqEDG2iY4lJDjGUw": {
          "key": "_B_8HUOsqEDG2iY4lJDjGUw",
          "name": "timeZone",
          "type": null,
          "probability": 1,
          "modifiers": [],
          "to_variable": {
            "key": "_WeufsOsqEDG2iY4lJDjGUw",
            "name": "timeZone",
            "type": null,
            "modifiers": [],
            "position": {}
          },
          "position": {}
        }
      }
    }
  }
}