{
  "report_version": "unknown",
  "report_timestamp": "2025-03-26T22:20:11.498Z",
  "target_language": "java",
  "report_summary": {
    "additional": null,
    "amount_classes_or_interfaces_with_data_clumps": 6,
    "amount_files_with_data_clumps": 6,
    "amount_methods_with_data_clumps": 0,
    "fields_to_fields_data_clump": 30,
    "parameters_to_fields_data_clump": 0,
    "parameters_to_parameters_data_clump": 0,
    "amount_data_clumps": 30
  },
  "project_info": {
    "project_url": "unknown_project_url",
    "project_name": "a3faa850-a1b7-44bb-a695-2de020a89f03",
    "project_version": "unknown_project_version",
    "project_commit_hash": "unknown",
    "project_tag": null,
    "project_commit_date": null,
    "additional": {},
    "number_of_files": 7,
    "number_of_classes_or_interfaces": 7,
    "number_of_methods": 33,
    "number_of_data_fields": 22,
    "number_of_method_parameters": 0
  },
  "detector": {
    "name": "data-clumps-doctor",
    "url": "https://github.com/NilsBaumgartner1994/data-clumps-doctor",
    "version": "0.1.100",
    "options": {
      "typeVariablesConsidered": false,
      "similarityModifierOfVariablesWithUnknownType": 0,
      "fieldsOfClassesWithUnknownHierarchyProbabilityModifier": 0,
      "sharedFieldsToFieldsAmountMinimum": 3,
      "analyseFieldsInClassesOrInterfacesInheritedFromSuperClassesOrInterfaces": false,
      "sharedParametersToParametersAmountMinimum": 3,
      "sharedParametersToFieldsAmountMinimum": 3,
      "methodsOfClassesOrInterfacesWithUnknownHierarchyProbabilityModifier": 0
    }
  },
  "data_clumps": {
    "fields_to_fields_data_clump-./AmazonAWS-_3wY18ItDEDSY46SXhSwTgw-_Z7GoQItDEDSY46SXhSwTgw-api_keyproject_idinstance_id": {
      "type": "data_clump",
      "key": "fields_to_fields_data_clump-./AmazonAWS-_3wY18ItDEDSY46SXhSwTgw-_Z7GoQItDEDSY46SXhSwTgw-api_keyproject_idinstance_id",
      "probability": 1,
      "from_file_path": "./AmazonAWS",
      "from_class_or_interface_name": "AmazonAWS",
      "from_class_or_interface_key": "_3wY18ItDEDSY46SXhSwTgw",
      "from_method_name": null,
      "from_method_key": null,
      "to_file_path": "./CloudProvider",
      "to_class_or_interface_key": "_Z7GoQItDEDSY46SXhSwTgw",
      "to_class_or_interface_name": "AmazonAWS",
      "to_method_key": null,
      "to_method_name": null,
      "data_clump_type": "fields_to_fields_data_clump",
      "data_clump_data": {
        "_3wY18YtDEDSY46SXhSwTgw": {
          "key": "_3wY18YtDEDSY46SXhSwTgw",
          "name": "api_key",
          "type": null,
          "probability": 1,
          "modifiers": [],
          "to_variable": {
            "key": "_ecpg0ItDEDSY46SXhSwTgw",
            "name": "api_key",
            "type": null,
            "modifiers": [],
            "position": {}
          },
          "position": {}
        },
        "_3wZdAItDEDSY46SXhSwTgw": {
          "key": "_3wZdAItDEDSY46SXhSwTgw",
          "name": "project_id",
          "type": null,
          "probability": 1,
          "modifiers": [],
          "to_variable": {
            "key": "_lsRwQItDEDSY46SXhSwTgw",
            "name": "project_id",
            "type": null,
            "modifiers": [],
            "position": {}
          },
          "position": {}
        },
        "_3wZdAYtDEDSY46SXhSwTgw": {
          "key": "_3wZdAYtDEDSY46SXhSwTgw",
          "name": "instance_id",
          "type": null,
          "probability": 1,
          "modifiers": [],
          "to_variable": {
            "key": "_qTJ0wItDEDSY46SXhSwTgw",
            "name": "instance_id",
            "type": null,
            "modifiers": [],
            "position": {}
          },
          "position": {}
        }
      }
    },
    "fields_to_fields_data_clump-./AmazonAWS-_3wY18ItDEDSY46SXhSwTgw-_8I8xoItDEDSY46SXhSwTgw-api_keyproject_idinstance_id": {
      "type": "data_clump",
      "key": "fields_to_fields_data_clump-./AmazonAWS-_3wY18ItDEDSY46SXhSwTgw-_8I8xoItDEDSY46SXhSwTgw-api_keyproject_idinstance_id",
      "probability": 1,
      "from_file_path": "./AmazonAWS",
      "from_class_or_interface_name": "AmazonAWS",
      "from_class_or_interface_key": "_3wY18ItDEDSY46SXhSwTgw",
      "from_method_name": null,
      "from_method_key": null,
      "to_file_path": "./GoogleAppEngine",
      "to_class_or_interface_key": "_8I8xoItDEDSY46SXhSwTgw",
      "to_class_or_interface_name": "AmazonAWS",
      "to_method_key": null,
      "to_method_name": null,
      "data_clump_type": "fields_to_fields_data_clump",
      "data_clump_data": {
        "_3wY18YtDEDSY46SXhSwTgw": {
          "key": "_3wY18YtDEDSY46SXhSwTgw",
          "name": "api_key",
          "type": null,
          "probability": 1,
          "modifiers": [],
          "to_variable": {
            "key": "_8I9YsItDEDSY46SXhSwTgw",
            "name": "api_key",
            "type": null,
            "modifiers": [],
            "position": {}
          },
          "position": {}
        },
        "_3wZdAItDEDSY46SXhSwTgw": {
          "key": "_3wZdAItDEDSY46SXhSwTgw",
          "name": "project_id",
          "type": null,
          "probability": 1,
          "modifiers": [],
          "to_variable": {
            "key": "_8I9YsYtDEDSY46SXhSwTgw",
            "name": "project_id",
            "type": null,
            "modifiers": [],
            "position": {}
          },
          "position": {}
        },
        "_3wZdAYtDEDSY46SXhSwTgw": {
          "key": "_3wZdAYtDEDSY46SXhSwTgw",
          "name": "instance_id",
          "type": null,
          "probability": 1,
          "modifiers": [],
          "to_variable": {
            "key": "_8I9YsotDEDSY46SXhSwTgw",
            "name": "instance_id",
            "type": null,
            "modifiers": [],
            "position": {}
          },
          "position": {}
        }
      }
    },
    "fields_to_fields_data_clump-./AmazonAWS-_3wY18ItDEDSY46SXhSwTgw-_JrABYItEEDSY46SXhSwTgw-api_keyproject_idinstance_id": {
      "type": "data_clump",
      "key": "fields_to_fields_data_clump-./AmazonAWS-_3wY18ItDEDSY46SXhSwTgw-_JrABYItEEDSY46SXhSwTgw-api_keyproject_idinstance_id",
      "probability": 1,
      "from_file_path": "./AmazonAWS",
      "from_class_or_interface_name": "AmazonAWS",
      "from_class_or_interface_key": "_3wY18ItDEDSY46SXhSwTgw",
      "from_method_name": null,
      "from_method_key": null,
      "to_file_path": "./MicrosoftAzure",
      "to_class_or_interface_key": "_JrABYItEEDSY46SXhSwTgw",
      "to_class_or_interface_name": "AmazonAWS",
      "to_method_key": null,
      "to_method_name": null,
      "data_clump_type": "fields_to_fields_data_clump",
      "data_clump_data": {
        "_3wY18YtDEDSY46SXhSwTgw": {
          "key": "_3wY18YtDEDSY46SXhSwTgw",
          "name": "api_key",
          "type": null,
          "probability": 1,
          "modifiers": [],
          "to_variable": {
            "key": "_JrABYYtEEDSY46SXhSwTgw",
            "name": "api_key",
            "type": null,
            "modifiers": [],
            "position": {}
          },
          "position": {}
        },
        "_3wZdAItDEDSY46SXhSwTgw": {
          "key": "_3wZdAItDEDSY46SXhSwTgw",
          "name": "project_id",
          "type": null,
          "probability": 1,
          "modifiers": [],
          "to_variable": {
            "key": "_JrABYotEEDSY46SXhSwTgw",
            "name": "project_id",
            "type": null,
            "modifiers": [],
            "position": {}
          },
          "position": {}
        },
        "_3wZdAYtDEDSY46SXhSwTgw": {
          "key": "_3wZdAYtDEDSY46SXhSwTgw",
          "name": "instance_id",
          "type": null,
          "probability": 1,
          "modifiers": [],
          "to_variable": {
            "key": "_JrABY4tEEDSY46SXhSwTgw",
            "name": "instance_id",
            "type": null,
            "modifiers": [],
            "position": {}
          },
          "position": {}
        }
      }
    },
    "fields_to_fields_data_clump-./AmazonAWS-_3wY18ItDEDSY46SXhSwTgw-_sHGpMItEEDSY46SXhSwTgw-api_keyproject_idinstance_id": {
      "type": "data_clump",
      "key": "fields_to_fields_data_clump-./AmazonAWS-_3wY18ItDEDSY46SXhSwTgw-_sHGpMItEEDSY46SXhSwTgw-api_keyproject_idinstance_id",
      "probability": 1,
      "from_file_path": "./AmazonAWS",
      "from_class_or_interface_name": "AmazonAWS",
      "from_class_or_interface_key": "_3wY18ItDEDSY46SXhSwTgw",
      "from_method_name": null,
      "from_method_key": null,
      "to_file_path": "./Migration",
      "to_class_or_interface_key": "_sHGpMItEEDSY46SXhSwTgw",
      "to_class_or_interface_name": "AmazonAWS",
      "to_method_key": null,
      "to_method_name": null,
      "data_clump_type": "fields_to_fields_data_clump",
      "data_clump_data": {
        "_3wY18YtDEDSY46SXhSwTgw": {
          "key": "_3wY18YtDEDSY46SXhSwTgw",
          "name": "api_key",
          "type": null,
          "probability": 1,
          "modifiers": [],
          "to_variable": {
            "key": "_9jzJkItEEDSY46SXhSwTgw",
            "name": "api_key",
            "type": null,
            "modifiers": [],
            "position": {}
          },
          "position": {}
        },
        "_3wZdAItDEDSY46SXhSwTgw": {
          "key": "_3wZdAItDEDSY46SXhSwTgw",
          "name": "project_id",
          "type": null,
          "probability": 1,
          "modifiers": [],
          "to_variable": {
            "key": "_9jzwoItEEDSY46SXhSwTgw",
            "name": "project_id",
            "type": null,
            "modifiers": [],
            "position": {}
          },
          "position": {}
        },
        "_3wZdAYtDEDSY46SXhSwTgw": {
          "key": "_3wZdAYtDEDSY46SXhSwTgw",
          "name": "instance_id",
          "type": null,
          "probability": 1,
          "modifiers": [],
          "to_variable": {
            "key": "_2RhOwItEEDSY46SXhSwTgw",
            "name": "instance_id",
            "type": null,
            "modifiers": [],
            "position": {}
          },
          "position": {}
        }
      }
    },
    "fields_to_fields_data_clump-./AmazonAWS-_3wY18ItDEDSY46SXhSwTgw-_5QQGMItDEDSY46SXhSwTgw-api_keyproject_idinstance_id": {
      "type": "data_clump",
      "key": "fields_to_fields_data_clump-./AmazonAWS-_3wY18ItDEDSY46SXhSwTgw-_5QQGMItDEDSY46SXhSwTgw-api_keyproject_idinstance_id",
      "probability": 1,
      "from_file_path": "./AmazonAWS",
      "from_class_or_interface_name": "AmazonAWS",
      "from_class_or_interface_key": "_3wY18ItDEDSY46SXhSwTgw",
      "from_method_name": null,
      "from_method_key": null,
      "to_file_path": "./RackSpace",
      "to_class_or_interface_key": "_5QQGMItDEDSY46SXhSwTgw",
      "to_class_or_interface_name": "AmazonAWS",
      "to_method_key": null,
      "to_method_name": null,
      "data_clump_type": "fields_to_fields_data_clump",
      "data_clump_data": {
        "_3wY18YtDEDSY46SXhSwTgw": {
          "key": "_3wY18YtDEDSY46SXhSwTgw",
          "name": "api_key",
          "type": null,
          "probability": 1,
          "modifiers": [],
          "to_variable": {
            "key": "_5QQGMYtDEDSY46SXhSwTgw",
            "name": "api_key",
            "type": null,
            "modifiers": [],
            "position": {}
          },
          "position": {}
        },
        "_3wZdAItDEDSY46SXhSwTgw": {
          "key": "_3wZdAItDEDSY46SXhSwTgw",
          "name": "project_id",
          "type": null,
          "probability": 1,
          "modifiers": [],
          "to_variable": {
            "key": "_5QQGMotDEDSY46SXhSwTgw",
            "name": "project_id",
            "type": null,
            "modifiers": [],
            "position": {}
          },
          "position": {}
        },
        "_3wZdAYtDEDSY46SXhSwTgw": {
          "key": "_3wZdAYtDEDSY46SXhSwTgw",
          "name": "instance_id",
          "type": null,
          "probability": 1,
          "modifiers": [],
          "to_variable": {
            "key": "_5QQtQItDEDSY46SXhSwTgw",
            "name": "instance_id",
            "type": null,
            "modifiers": [],
            "position": {}
          },
          "position": {}
        }
      }
    },
    "fields_to_fields_data_clump-./CloudProvider-_Z7GoQItDEDSY46SXhSwTgw-_3wY18ItDEDSY46SXhSwTgw-api_keyproject_idinstance_id": {
      "type": "data_clump",
      "key": "fields_to_fields_data_clump-./CloudProvider-_Z7GoQItDEDSY46SXhSwTgw-_3wY18ItDEDSY46SXhSwTgw-api_keyproject_idinstance_id",
      "probability": 1,
      "from_file_path": "./CloudProvider",
      "from_class_or_interface_name": "CloudProvider",
      "from_class_or_interface_key": "_Z7GoQItDEDSY46SXhSwTgw",
      "from_method_name": null,
      "from_method_key": null,
      "to_file_path": "./AmazonAWS",
      "to_class_or_interface_key": "_3wY18ItDEDSY46SXhSwTgw",
      "to_class_or_interface_name": "CloudProvider",
      "to_method_key": null,
      "to_method_name": null,
      "data_clump_type": "fields_to_fields_data_clump",
      "data_clump_data": {
        "_ecpg0ItDEDSY46SXhSwTgw": {
          "key": "_ecpg0ItDEDSY46SXhSwTgw",
          "name": "api_key",
          "type": null,
          "probability": 1,
          "modifiers": [],
          "to_variable": {
            "key": "_3wY18YtDEDSY46SXhSwTgw",
            "name": "api_key",
            "type": null,
            "modifiers": [],
            "position": {}
          },
          "position": {}
        },
        "_lsRwQItDEDSY46SXhSwTgw": {
          "key": "_lsRwQItDEDSY46SXhSwTgw",
          "name": "project_id",
          "type": null,
          "probability": 1,
          "modifiers": [],
          "to_variable": {
            "key": "_3wZdAItDEDSY46SXhSwTgw",
            "name": "project_id",
            "type": null,
            "modifiers": [],
            "position": {}
          },
          "position": {}
        },
        "_qTJ0wItDEDSY46SXhSwTgw": {
          "key": "_qTJ0wItDEDSY46SXhSwTgw",
          "name": "instance_id",
          "type": null,
          "probability": 1,
          "modifiers": [],
          "to_variable": {
            "key": "_3wZdAYtDEDSY46SXhSwTgw",
            "name": "instance_id",
            "type": null,
            "modifiers": [],
            "position": {}
          },
          "position": {}
        }
      }
    },
    "fields_to_fields_data_clump-./CloudProvider-_Z7GoQItDEDSY46SXhSwTgw-_8I8xoItDEDSY46SXhSwTgw-api_keyproject_idinstance_id": {
      "type": "data_clump",
      "key": "fields_to_fields_data_clump-./CloudProvider-_Z7GoQItDEDSY46SXhSwTgw-_8I8xoItDEDSY46SXhSwTgw-api_keyproject_idinstance_id",
      "probability": 1,
      "from_file_path": "./CloudProvider",
      "from_class_or_interface_name": "CloudProvider",
      "from_class_or_interface_key": "_Z7GoQItDEDSY46SXhSwTgw",
      "from_method_name": null,
      "from_method_key": null,
      "to_file_path": "./GoogleAppEngine",
      "to_class_or_interface_key": "_8I8xoItDEDSY46SXhSwTgw",
      "to_class_or_interface_name": "CloudProvider",
      "to_method_key": null,
      "to_method_name": null,
      "data_clump_type": "fields_to_fields_data_clump",
      "data_clump_data": {
        "_ecpg0ItDEDSY46SXhSwTgw": {
          "key": "_ecpg0ItDEDSY46SXhSwTgw",
          "name": "api_key",
          "type": null,
          "probability": 1,
          "modifiers": [],
          "to_variable": {
            "key": "_8I9YsItDEDSY46SXhSwTgw",
            "name": "api_key",
            "type": null,
            "modifiers": [],
            "position": {}
          },
          "position": {}
        },
        "_lsRwQItDEDSY46SXhSwTgw": {
          "key": "_lsRwQItDEDSY46SXhSwTgw",
          "name": "project_id",
          "type": null,
          "probability": 1,
          "modifiers": [],
          "to_variable": {
            "key": "_8I9YsYtDEDSY46SXhSwTgw",
            "name": "project_id",
            "type": null,
            "modifiers": [],
            "position": {}
          },
          "position": {}
        },
        "_qTJ0wItDEDSY46SXhSwTgw": {
          "key": "_qTJ0wItDEDSY46SXhSwTgw",
          "name": "instance_id",
          "type": null,
          "probability": 1,
          "modifiers": [],
          "to_variable": {
            "key": "_8I9YsotDEDSY46SXhSwTgw",
            "name": "instance_id",
            "type": null,
            "modifiers": [],
            "position": {}
          },
          "position": {}
        }
      }
    },
    "fields_to_fields_data_clump-./CloudProvider-_Z7GoQItDEDSY46SXhSwTgw-_JrABYItEEDSY46SXhSwTgw-api_keyproject_idinstance_id": {
      "type": "data_clump",
      "key": "fields_to_fields_data_clump-./CloudProvider-_Z7GoQItDEDSY46SXhSwTgw-_JrABYItEEDSY46SXhSwTgw-api_keyproject_idinstance_id",
      "probability": 1,
      "from_file_path": "./CloudProvider",
      "from_class_or_interface_name": "CloudProvider",
      "from_class_or_interface_key": "_Z7GoQItDEDSY46SXhSwTgw",
      "from_method_name": null,
      "from_method_key": null,
      "to_file_path": "./MicrosoftAzure",
      "to_class_or_interface_key": "_JrABYItEEDSY46SXhSwTgw",
      "to_class_or_interface_name": "CloudProvider",
      "to_method_key": null,
      "to_method_name": null,
      "data_clump_type": "fields_to_fields_data_clump",
      "data_clump_data": {
        "_ecpg0ItDEDSY46SXhSwTgw": {
          "key": "_ecpg0ItDEDSY46SXhSwTgw",
          "name": "api_key",
          "type": null,
          "probability": 1,
          "modifiers": [],
          "to_variable": {
            "key": "_JrABYYtEEDSY46SXhSwTgw",
            "name": "api_key",
            "type": null,
            "modifiers": [],
            "position": {}
          },
          "position": {}
        },
        "_lsRwQItDEDSY46SXhSwTgw": {
          "key": "_lsRwQItDEDSY46SXhSwTgw",
          "name": "project_id",
          "type": null,
          "probability": 1,
          "modifiers": [],
          "to_variable": {
            "key": "_JrABYotEEDSY46SXhSwTgw",
            "name": "project_id",
            "type": null,
            "modifiers": [],
            "position": {}
          },
          "position": {}
        },
        "_qTJ0wItDEDSY46SXhSwTgw": {
          "key": "_qTJ0wItDEDSY46SXhSwTgw",
          "name": "instance_id",
          "type": null,
          "probability": 1,
          "modifiers": [],
          "to_variable": {
            "key": "_JrABY4tEEDSY46SXhSwTgw",
            "name": "instance_id",
            "type": null,
            "modifiers": [],
            "position": {}
          },
          "position": {}
        }
      }
    },
    "fields_to_fields_data_clump-./CloudProvider-_Z7GoQItDEDSY46SXhSwTgw-_sHGpMItEEDSY46SXhSwTgw-api_keyproject_idinstance_id": {
      "type": "data_clump",
      "key": "fields_to_fields_data_clump-./CloudProvider-_Z7GoQItDEDSY46SXhSwTgw-_sHGpMItEEDSY46SXhSwTgw-api_keyproject_idinstance_id",
      "probability": 1,
      "from_file_path": "./CloudProvider",
      "from_class_or_interface_name": "CloudProvider",
      "from_class_or_interface_key": "_Z7GoQItDEDSY46SXhSwTgw",
      "from_method_name": null,
      "from_method_key": null,
      "to_file_path": "./Migration",
      "to_class_or_interface_key": "_sHGpMItEEDSY46SXhSwTgw",
      "to_class_or_interface_name": "CloudProvider",
      "to_method_key": null,
      "to_method_name": null,
      "data_clump_type": "fields_to_fields_data_clump",
      "data_clump_data": {
        "_ecpg0ItDEDSY46SXhSwTgw": {
          "key": "_ecpg0ItDEDSY46SXhSwTgw",
          "name": "api_key",
          "type": null,
          "probability": 1,
          "modifiers": [],
          "to_variable": {
            "key": "_9jzJkItEEDSY46SXhSwTgw",
            "name": "api_key",
            "type": null,
            "modifiers": [],
            "position": {}
          },
          "position": {}
        },
        "_lsRwQItDEDSY46SXhSwTgw": {
          "key": "_lsRwQItDEDSY46SXhSwTgw",
          "name": "project_id",
          "type": null,
          "probability": 1,
          "modifiers": [],
          "to_variable": {
            "key": "_9jzwoItEEDSY46SXhSwTgw",
            "name": "project_id",
            "type": null,
            "modifiers": [],
            "position": {}
          },
          "position": {}
        },
        "_qTJ0wItDEDSY46SXhSwTgw": {
          "key": "_qTJ0wItDEDSY46SXhSwTgw",
          "name": "instance_id",
          "type": null,
          "probability": 1,
          "modifiers": [],
          "to_variable": {
            "key": "_2RhOwItEEDSY46SXhSwTgw",
            "name": "instance_id",
            "type": null,
            "modifiers": [],
            "position": {}
          },
          "position": {}
        }
      }
    },
    "fields_to_fields_data_clump-./CloudProvider-_Z7GoQItDEDSY46SXhSwTgw-_5QQGMItDEDSY46SXhSwTgw-api_keyproject_idinstance_id": {
      "type": "data_clump",
      "key": "fields_to_fields_data_clump-./CloudProvider-_Z7GoQItDEDSY46SXhSwTgw-_5QQGMItDEDSY46SXhSwTgw-api_keyproject_idinstance_id",
      "probability": 1,
      "from_file_path": "./CloudProvider",
      "from_class_or_interface_name": "CloudProvider",
      "from_class_or_interface_key": "_Z7GoQItDEDSY46SXhSwTgw",
      "from_method_name": null,
      "from_method_key": null,
      "to_file_path": "./RackSpace",
      "to_class_or_interface_key": "_5QQGMItDEDSY46SXhSwTgw",
      "to_class_or_interface_name": "CloudProvider",
      "to_method_key": null,
      "to_method_name": null,
      "data_clump_type": "fields_to_fields_data_clump",
      "data_clump_data": {
        "_ecpg0ItDEDSY46SXhSwTgw": {
          "key": "_ecpg0ItDEDSY46SXhSwTgw",
          "name": "api_key",
          "type": null,
          "probability": 1,
          "modifiers": [],
          "to_variable": {
            "key": "_5QQGMYtDEDSY46SXhSwTgw",
            "name": "api_key",
            "type": null,
            "modifiers": [],
            "position": {}
          },
          "position": {}
        },
        "_lsRwQItDEDSY46SXhSwTgw": {
          "key": "_lsRwQItDEDSY46SXhSwTgw",
          "name": "project_id",
          "type": null,
          "probability": 1,
          "modifiers": [],
          "to_variable": {
            "key": "_5QQGMotDEDSY46SXhSwTgw",
            "name": "project_id",
            "type": null,
            "modifiers": [],
            "position": {}
          },
          "position": {}
        },
        "_qTJ0wItDEDSY46SXhSwTgw": {
          "key": "_qTJ0wItDEDSY46SXhSwTgw",
          "name": "instance_id",
          "type": null,
          "probability": 1,
          "modifiers": [],
          "to_variable": {
            "key": "_5QQtQItDEDSY46SXhSwTgw",
            "name": "instance_id",
            "type": null,
            "modifiers": [],
            "position": {}
          },
          "position": {}
        }
      }
    },
    "fields_to_fields_data_clump-./GoogleAppEngine-_8I8xoItDEDSY46SXhSwTgw-_3wY18ItDEDSY46SXhSwTgw-api_keyproject_idinstance_id": {
      "type": "data_clump",
      "key": "fields_to_fields_data_clump-./GoogleAppEngine-_8I8xoItDEDSY46SXhSwTgw-_3wY18ItDEDSY46SXhSwTgw-api_keyproject_idinstance_id",
      "probability": 1,
      "from_file_path": "./GoogleAppEngine",
      "from_class_or_interface_name": "GoogleAppEngine",
      "from_class_or_interface_key": "_8I8xoItDEDSY46SXhSwTgw",
      "from_method_name": null,
      "from_method_key": null,
      "to_file_path": "./AmazonAWS",
      "to_class_or_interface_key": "_3wY18ItDEDSY46SXhSwTgw",
      "to_class_or_interface_name": "GoogleAppEngine",
      "to_method_key": null,
      "to_method_name": null,
      "data_clump_type": "fields_to_fields_data_clump",
      "data_clump_data": {
        "_8I9YsItDEDSY46SXhSwTgw": {
          "key": "_8I9YsItDEDSY46SXhSwTgw",
          "name": "api_key",
          "type": null,
          "probability": 1,
          "modifiers": [],
          "to_variable": {
            "key": "_3wY18YtDEDSY46SXhSwTgw",
            "name": "api_key",
            "type": null,
            "modifiers": [],
            "position": {}
          },
          "position": {}
        },
        "_8I9YsYtDEDSY46SXhSwTgw": {
          "key": "_8I9YsYtDEDSY46SXhSwTgw",
          "name": "project_id",
          "type": null,
          "probability": 1,
          "modifiers": [],
          "to_variable": {
            "key": "_3wZdAItDEDSY46SXhSwTgw",
            "name": "project_id",
            "type": null,
            "modifiers": [],
            "position": {}
          },
          "position": {}
        },
        "_8I9YsotDEDSY46SXhSwTgw": {
          "key": "_8I9YsotDEDSY46SXhSwTgw",
          "name": "instance_id",
          "type": null,
          "probability": 1,
          "modifiers": [],
          "to_variable": {
            "key": "_3wZdAYtDEDSY46SXhSwTgw",
            "name": "instance_id",
            "type": null,
            "modifiers": [],
            "position": {}
          },
          "position": {}
        }
      }
    },
    "fields_to_fields_data_clump-./GoogleAppEngine-_8I8xoItDEDSY46SXhSwTgw-_Z7GoQItDEDSY46SXhSwTgw-api_keyproject_idinstance_id": {
      "type": "data_clump",
      "key": "fields_to_fields_data_clump-./GoogleAppEngine-_8I8xoItDEDSY46SXhSwTgw-_Z7GoQItDEDSY46SXhSwTgw-api_keyproject_idinstance_id",
      "probability": 1,
      "from_file_path": "./GoogleAppEngine",
      "from_class_or_interface_name": "GoogleAppEngine",
      "from_class_or_interface_key": "_8I8xoItDEDSY46SXhSwTgw",
      "from_method_name": null,
      "from_method_key": null,
      "to_file_path": "./CloudProvider",
      "to_class_or_interface_key": "_Z7GoQItDEDSY46SXhSwTgw",
      "to_class_or_interface_name": "GoogleAppEngine",
      "to_method_key": null,
      "to_method_name": null,
      "data_clump_type": "fields_to_fields_data_clump",
      "data_clump_data": {
        "_8I9YsItDEDSY46SXhSwTgw": {
          "key": "_8I9YsItDEDSY46SXhSwTgw",
          "name": "api_key",
          "type": null,
          "probability": 1,
          "modifiers": [],
          "to_variable": {
            "key": "_ecpg0ItDEDSY46SXhSwTgw",
            "name": "api_key",
            "type": null,
            "modifiers": [],
            "position": {}
          },
          "position": {}
        },
        "_8I9YsYtDEDSY46SXhSwTgw": {
          "key": "_8I9YsYtDEDSY46SXhSwTgw",
          "name": "project_id",
          "type": null,
          "probability": 1,
          "modifiers": [],
          "to_variable": {
            "key": "_lsRwQItDEDSY46SXhSwTgw",
            "name": "project_id",
            "type": null,
            "modifiers": [],
            "position": {}
          },
          "position": {}
        },
        "_8I9YsotDEDSY46SXhSwTgw": {
          "key": "_8I9YsotDEDSY46SXhSwTgw",
          "name": "instance_id",
          "type": null,
          "probability": 1,
          "modifiers": [],
          "to_variable": {
            "key": "_qTJ0wItDEDSY46SXhSwTgw",
            "name": "instance_id",
            "type": null,
            "modifiers": [],
            "position": {}
          },
          "position": {}
        }
      }
    },
    "fields_to_fields_data_clump-./GoogleAppEngine-_8I8xoItDEDSY46SXhSwTgw-_JrABYItEEDSY46SXhSwTgw-api_keyproject_idinstance_id": {
      "type": "data_clump",
      "key": "fields_to_fields_data_clump-./GoogleAppEngine-_8I8xoItDEDSY46SXhSwTgw-_JrABYItEEDSY46SXhSwTgw-api_keyproject_idinstance_id",
      "probability": 1,
      "from_file_path": "./GoogleAppEngine",
      "from_class_or_interface_name": "GoogleAppEngine",
      "from_class_or_interface_key": "_8I8xoItDEDSY46SXhSwTgw",
      "from_method_name": null,
      "from_method_key": null,
      "to_file_path": "./MicrosoftAzure",
      "to_class_or_interface_key": "_JrABYItEEDSY46SXhSwTgw",
      "to_class_or_interface_name": "GoogleAppEngine",
      "to_method_key": null,
      "to_method_name": null,
      "data_clump_type": "fields_to_fields_data_clump",
      "data_clump_data": {
        "_8I9YsItDEDSY46SXhSwTgw": {
          "key": "_8I9YsItDEDSY46SXhSwTgw",
          "name": "api_key",
          "type": null,
          "probability": 1,
          "modifiers": [],
          "to_variable": {
            "key": "_JrABYYtEEDSY46SXhSwTgw",
            "name": "api_key",
            "type": null,
            "modifiers": [],
            "position": {}
          },
          "position": {}
        },
        "_8I9YsYtDEDSY46SXhSwTgw": {
          "key": "_8I9YsYtDEDSY46SXhSwTgw",
          "name": "project_id",
          "type": null,
          "probability": 1,
          "modifiers": [],
          "to_variable": {
            "key": "_JrABYotEEDSY46SXhSwTgw",
            "name": "project_id",
            "type": null,
            "modifiers": [],
            "position": {}
          },
          "position": {}
        },
        "_8I9YsotDEDSY46SXhSwTgw": {
          "key": "_8I9YsotDEDSY46SXhSwTgw",
          "name": "instance_id",
          "type": null,
          "probability": 1,
          "modifiers": [],
          "to_variable": {
            "key": "_JrABY4tEEDSY46SXhSwTgw",
            "name": "instance_id",
            "type": null,
            "modifiers": [],
            "position": {}
          },
          "position": {}
        }
      }
    },
    "fields_to_fields_data_clump-./GoogleAppEngine-_8I8xoItDEDSY46SXhSwTgw-_sHGpMItEEDSY46SXhSwTgw-api_keyproject_idinstance_id": {
      "type": "data_clump",
      "key": "fields_to_fields_data_clump-./GoogleAppEngine-_8I8xoItDEDSY46SXhSwTgw-_sHGpMItEEDSY46SXhSwTgw-api_keyproject_idinstance_id",
      "probability": 1,
      "from_file_path": "./GoogleAppEngine",
      "from_class_or_interface_name": "GoogleAppEngine",
      "from_class_or_interface_key": "_8I8xoItDEDSY46SXhSwTgw",
      "from_method_name": null,
      "from_method_key": null,
      "to_file_path": "./Migration",
      "to_class_or_interface_key": "_sHGpMItEEDSY46SXhSwTgw",
      "to_class_or_interface_name": "GoogleAppEngine",
      "to_method_key": null,
      "to_method_name": null,
      "data_clump_type": "fields_to_fields_data_clump",
      "data_clump_data": {
        "_8I9YsItDEDSY46SXhSwTgw": {
          "key": "_8I9YsItDEDSY46SXhSwTgw",
          "name": "api_key",
          "type": null,
          "probability": 1,
          "modifiers": [],
          "to_variable": {
            "key": "_9jzJkItEEDSY46SXhSwTgw",
            "name": "api_key",
            "type": null,
            "modifiers": [],
            "position": {}
          },
          "position": {}
        },
        "_8I9YsYtDEDSY46SXhSwTgw": {
          "key": "_8I9YsYtDEDSY46SXhSwTgw",
          "name": "project_id",
          "type": null,
          "probability": 1,
          "modifiers": [],
          "to_variable": {
            "key": "_9jzwoItEEDSY46SXhSwTgw",
            "name": "project_id",
            "type": null,
            "modifiers": [],
            "position": {}
          },
          "position": {}
        },
        "_8I9YsotDEDSY46SXhSwTgw": {
          "key": "_8I9YsotDEDSY46SXhSwTgw",
          "name": "instance_id",
          "type": null,
          "probability": 1,
          "modifiers": [],
          "to_variable": {
            "key": "_2RhOwItEEDSY46SXhSwTgw",
            "name": "instance_id",
            "type": null,
            "modifiers": [],
            "position": {}
          },
          "position": {}
        }
      }
    },
    "fields_to_fields_data_clump-./GoogleAppEngine-_8I8xoItDEDSY46SXhSwTgw-_5QQGMItDEDSY46SXhSwTgw-api_keyproject_idinstance_id": {
      "type": "data_clump",
      "key": "fields_to_fields_data_clump-./GoogleAppEngine-_8I8xoItDEDSY46SXhSwTgw-_5QQGMItDEDSY46SXhSwTgw-api_keyproject_idinstance_id",
      "probability": 1,
      "from_file_path": "./GoogleAppEngine",
      "from_class_or_interface_name": "GoogleAppEngine",
      "from_class_or_interface_key": "_8I8xoItDEDSY46SXhSwTgw",
      "from_method_name": null,
      "from_method_key": null,
      "to_file_path": "./RackSpace",
      "to_class_or_interface_key": "_5QQGMItDEDSY46SXhSwTgw",
      "to_class_or_interface_name": "GoogleAppEngine",
      "to_method_key": null,
      "to_method_name": null,
      "data_clump_type": "fields_to_fields_data_clump",
      "data_clump_data": {
        "_8I9YsItDEDSY46SXhSwTgw": {
          "key": "_8I9YsItDEDSY46SXhSwTgw",
          "name": "api_key",
          "type": null,
          "probability": 1,
          "modifiers": [],
          "to_variable": {
            "key": "_5QQGMYtDEDSY46SXhSwTgw",
            "name": "api_key",
            "type": null,
            "modifiers": [],
            "position": {}
          },
          "position": {}
        },
        "_8I9YsYtDEDSY46SXhSwTgw": {
          "key": "_8I9YsYtDEDSY46SXhSwTgw",
          "name": "project_id",
          "type": null,
          "probability": 1,
          "modifiers": [],
          "to_variable": {
            "key": "_5QQGMotDEDSY46SXhSwTgw",
            "name": "project_id",
            "type": null,
            "modifiers": [],
            "position": {}
          },
          "position": {}
        },
        "_8I9YsotDEDSY46SXhSwTgw": {
          "key": "_8I9YsotDEDSY46SXhSwTgw",
          "name": "instance_id",
          "type": null,
          "probability": 1,
          "modifiers": [],
          "to_variable": {
            "key": "_5QQtQItDEDSY46SXhSwTgw",
            "name": "instance_id",
            "type": null,
            "modifiers": [],
            "position": {}
          },
          "position": {}
        }
      }
    },
    "fields_to_fields_data_clump-./MicrosoftAzure-_JrABYItEEDSY46SXhSwTgw-_3wY18ItDEDSY46SXhSwTgw-api_keyproject_idinstance_id": {
      "type": "data_clump",
      "key": "fields_to_fields_data_clump-./MicrosoftAzure-_JrABYItEEDSY46SXhSwTgw-_3wY18ItDEDSY46SXhSwTgw-api_keyproject_idinstance_id",
      "probability": 1,
      "from_file_path": "./MicrosoftAzure",
      "from_class_or_interface_name": "MicrosoftAzure",
      "from_class_or_interface_key": "_JrABYItEEDSY46SXhSwTgw",
      "from_method_name": null,
      "from_method_key": null,
      "to_file_path": "./AmazonAWS",
      "to_class_or_interface_key": "_3wY18ItDEDSY46SXhSwTgw",
      "to_class_or_interface_name": "MicrosoftAzure",
      "to_method_key": null,
      "to_method_name": null,
      "data_clump_type": "fields_to_fields_data_clump",
      "data_clump_data": {
        "_JrABYYtEEDSY46SXhSwTgw": {
          "key": "_JrABYYtEEDSY46SXhSwTgw",
          "name": "api_key",
          "type": null,
          "probability": 1,
          "modifiers": [],
          "to_variable": {
            "key": "_3wY18YtDEDSY46SXhSwTgw",
            "name": "api_key",
            "type": null,
            "modifiers": [],
            "position": {}
          },
          "position": {}
        },
        "_JrABYotEEDSY46SXhSwTgw": {
          "key": "_JrABYotEEDSY46SXhSwTgw",
          "name": "project_id",
          "type": null,
          "probability": 1,
          "modifiers": [],
          "to_variable": {
            "key": "_3wZdAItDEDSY46SXhSwTgw",
            "name": "project_id",
            "type": null,
            "modifiers": [],
            "position": {}
          },
          "position": {}
        },
        "_JrABY4tEEDSY46SXhSwTgw": {
          "key": "_JrABY4tEEDSY46SXhSwTgw",
          "name": "instance_id",
          "type": null,
          "probability": 1,
          "modifiers": [],
          "to_variable": {
            "key": "_3wZdAYtDEDSY46SXhSwTgw",
            "name": "instance_id",
            "type": null,
            "modifiers": [],
            "position": {}
          },
          "position": {}
        }
      }
    },
    "fields_to_fields_data_clump-./MicrosoftAzure-_JrABYItEEDSY46SXhSwTgw-_Z7GoQItDEDSY46SXhSwTgw-api_keyproject_idinstance_id": {
      "type": "data_clump",
      "key": "fields_to_fields_data_clump-./MicrosoftAzure-_JrABYItEEDSY46SXhSwTgw-_Z7GoQItDEDSY46SXhSwTgw-api_keyproject_idinstance_id",
      "probability": 1,
      "from_file_path": "./MicrosoftAzure",
      "from_class_or_interface_name": "MicrosoftAzure",
      "from_class_or_interface_key": "_JrABYItEEDSY46SXhSwTgw",
      "from_method_name": null,
      "from_method_key": null,
      "to_file_path": "./CloudProvider",
      "to_class_or_interface_key": "_Z7GoQItDEDSY46SXhSwTgw",
      "to_class_or_interface_name": "MicrosoftAzure",
      "to_method_key": null,
      "to_method_name": null,
      "data_clump_type": "fields_to_fields_data_clump",
      "data_clump_data": {
        "_JrABYYtEEDSY46SXhSwTgw": {
          "key": "_JrABYYtEEDSY46SXhSwTgw",
          "name": "api_key",
          "type": null,
          "probability": 1,
          "modifiers": [],
          "to_variable": {
            "key": "_ecpg0ItDEDSY46SXhSwTgw",
            "name": "api_key",
            "type": null,
            "modifiers": [],
            "position": {}
          },
          "position": {}
        },
        "_JrABYotEEDSY46SXhSwTgw": {
          "key": "_JrABYotEEDSY46SXhSwTgw",
          "name": "project_id",
          "type": null,
          "probability": 1,
          "modifiers": [],
          "to_variable": {
            "key": "_lsRwQItDEDSY46SXhSwTgw",
            "name": "project_id",
            "type": null,
            "modifiers": [],
            "position": {}
          },
          "position": {}
        },
        "_JrABY4tEEDSY46SXhSwTgw": {
          "key": "_JrABY4tEEDSY46SXhSwTgw",
          "name": "instance_id",
          "type": null,
          "probability": 1,
          "modifiers": [],
          "to_variable": {
            "key": "_qTJ0wItDEDSY46SXhSwTgw",
            "name": "instance_id",
            "type": null,
            "modifiers": [],
            "position": {}
          },
          "position": {}
        }
      }
    },
    "fields_to_fields_data_clump-./MicrosoftAzure-_JrABYItEEDSY46SXhSwTgw-_8I8xoItDEDSY46SXhSwTgw-api_keyproject_idinstance_id": {
      "type": "data_clump",
      "key": "fields_to_fields_data_clump-./MicrosoftAzure-_JrABYItEEDSY46SXhSwTgw-_8I8xoItDEDSY46SXhSwTgw-api_keyproject_idinstance_id",
      "probability": 1,
      "from_file_path": "./MicrosoftAzure",
      "from_class_or_interface_name": "MicrosoftAzure",
      "from_class_or_interface_key": "_JrABYItEEDSY46SXhSwTgw",
      "from_method_name": null,
      "from_method_key": null,
      "to_file_path": "./GoogleAppEngine",
      "to_class_or_interface_key": "_8I8xoItDEDSY46SXhSwTgw",
      "to_class_or_interface_name": "MicrosoftAzure",
      "to_method_key": null,
      "to_method_name": null,
      "data_clump_type": "fields_to_fields_data_clump",
      "data_clump_data": {
        "_JrABYYtEEDSY46SXhSwTgw": {
          "key": "_JrABYYtEEDSY46SXhSwTgw",
          "name": "api_key",
          "type": null,
          "probability": 1,
          "modifiers": [],
          "to_variable": {
            "key": "_8I9YsItDEDSY46SXhSwTgw",
            "name": "api_key",
            "type": null,
            "modifiers": [],
            "position": {}
          },
          "position": {}
        },
        "_JrABYotEEDSY46SXhSwTgw": {
          "key": "_JrABYotEEDSY46SXhSwTgw",
          "name": "project_id",
          "type": null,
          "probability": 1,
          "modifiers": [],
          "to_variable": {
            "key": "_8I9YsYtDEDSY46SXhSwTgw",
            "name": "project_id",
            "type": null,
            "modifiers": [],
            "position": {}
          },
          "position": {}
        },
        "_JrABY4tEEDSY46SXhSwTgw": {
          "key": "_JrABY4tEEDSY46SXhSwTgw",
          "name": "instance_id",
          "type": null,
          "probability": 1,
          "modifiers": [],
          "to_variable": {
            "key": "_8I9YsotDEDSY46SXhSwTgw",
            "name": "instance_id",
            "type": null,
            "modifiers": [],
            "position": {}
          },
          "position": {}
        }
      }
    },
    "fields_to_fields_data_clump-./MicrosoftAzure-_JrABYItEEDSY46SXhSwTgw-_sHGpMItEEDSY46SXhSwTgw-api_keyproject_idinstance_id": {
      "type": "data_clump",
      "key": "fields_to_fields_data_clump-./MicrosoftAzure-_JrABYItEEDSY46SXhSwTgw-_sHGpMItEEDSY46SXhSwTgw-api_keyproject_idinstance_id",
      "probability": 1,
      "from_file_path": "./MicrosoftAzure",
      "from_class_or_interface_name": "MicrosoftAzure",
      "from_class_or_interface_key": "_JrABYItEEDSY46SXhSwTgw",
      "from_method_name": null,
      "from_method_key": null,
      "to_file_path": "./Migration",
      "to_class_or_interface_key": "_sHGpMItEEDSY46SXhSwTgw",
      "to_class_or_interface_name": "MicrosoftAzure",
      "to_method_key": null,
      "to_method_name": null,
      "data_clump_type": "fields_to_fields_data_clump",
      "data_clump_data": {
        "_JrABYYtEEDSY46SXhSwTgw": {
          "key": "_JrABYYtEEDSY46SXhSwTgw",
          "name": "api_key",
          "type": null,
          "probability": 1,
          "modifiers": [],
          "to_variable": {
            "key": "_9jzJkItEEDSY46SXhSwTgw",
            "name": "api_key",
            "type": null,
            "modifiers": [],
            "position": {}
          },
          "position": {}
        },
        "_JrABYotEEDSY46SXhSwTgw": {
          "key": "_JrABYotEEDSY46SXhSwTgw",
          "name": "project_id",
          "type": null,
          "probability": 1,
          "modifiers": [],
          "to_variable": {
            "key": "_9jzwoItEEDSY46SXhSwTgw",
            "name": "project_id",
            "type": null,
            "modifiers": [],
            "position": {}
          },
          "position": {}
        },
        "_JrABY4tEEDSY46SXhSwTgw": {
          "key": "_JrABY4tEEDSY46SXhSwTgw",
          "name": "instance_id",
          "type": null,
          "probability": 1,
          "modifiers": [],
          "to_variable": {
            "key": "_2RhOwItEEDSY46SXhSwTgw",
            "name": "instance_id",
            "type": null,
            "modifiers": [],
            "position": {}
          },
          "position": {}
        }
      }
    },
    "fields_to_fields_data_clump-./MicrosoftAzure-_JrABYItEEDSY46SXhSwTgw-_5QQGMItDEDSY46SXhSwTgw-api_keyproject_idinstance_id": {
      "type": "data_clump",
      "key": "fields_to_fields_data_clump-./MicrosoftAzure-_JrABYItEEDSY46SXhSwTgw-_5QQGMItDEDSY46SXhSwTgw-api_keyproject_idinstance_id",
      "probability": 1,
      "from_file_path": "./MicrosoftAzure",
      "from_class_or_interface_name": "MicrosoftAzure",
      "from_class_or_interface_key": "_JrABYItEEDSY46SXhSwTgw",
      "from_method_name": null,
      "from_method_key": null,
      "to_file_path": "./RackSpace",
      "to_class_or_interface_key": "_5QQGMItDEDSY46SXhSwTgw",
      "to_class_or_interface_name": "MicrosoftAzure",
      "to_method_key": null,
      "to_method_name": null,
      "data_clump_type": "fields_to_fields_data_clump",
      "data_clump_data": {
        "_JrABYYtEEDSY46SXhSwTgw": {
          "key": "_JrABYYtEEDSY46SXhSwTgw",
          "name": "api_key",
          "type": null,
          "probability": 1,
          "modifiers": [],
          "to_variable": {
            "key": "_5QQGMYtDEDSY46SXhSwTgw",
            "name": "api_key",
            "type": null,
            "modifiers": [],
            "position": {}
          },
          "position": {}
        },
        "_JrABYotEEDSY46SXhSwTgw": {
          "key": "_JrABYotEEDSY46SXhSwTgw",
          "name": "project_id",
          "type": null,
          "probability": 1,
          "modifiers": [],
          "to_variable": {
            "key": "_5QQGMotDEDSY46SXhSwTgw",
            "name": "project_id",
            "type": null,
            "modifiers": [],
            "position": {}
          },
          "position": {}
        },
        "_JrABY4tEEDSY46SXhSwTgw": {
          "key": "_JrABY4tEEDSY46SXhSwTgw",
          "name": "instance_id",
          "type": null,
          "probability": 1,
          "modifiers": [],
          "to_variable": {
            "key": "_5QQtQItDEDSY46SXhSwTgw",
            "name": "instance_id",
            "type": null,
            "modifiers": [],
            "position": {}
          },
          "position": {}
        }
      }
    },
    "fields_to_fields_data_clump-./Migration-_sHGpMItEEDSY46SXhSwTgw-_3wY18ItDEDSY46SXhSwTgw-instance_idapi_keyproject_id": {
      "type": "data_clump",
      "key": "fields_to_fields_data_clump-./Migration-_sHGpMItEEDSY46SXhSwTgw-_3wY18ItDEDSY46SXhSwTgw-instance_idapi_keyproject_id",
      "probability": 1,
      "from_file_path": "./Migration",
      "from_class_or_interface_name": "Migration",
      "from_class_or_interface_key": "_sHGpMItEEDSY46SXhSwTgw",
      "from_method_name": null,
      "from_method_key": null,
      "to_file_path": "./AmazonAWS",
      "to_class_or_interface_key": "_3wY18ItDEDSY46SXhSwTgw",
      "to_class_or_interface_name": "Migration",
      "to_method_key": null,
      "to_method_name": null,
      "data_clump_type": "fields_to_fields_data_clump",
      "data_clump_data": {
        "_2RhOwItEEDSY46SXhSwTgw": {
          "key": "_2RhOwItEEDSY46SXhSwTgw",
          "name": "instance_id",
          "type": null,
          "probability": 1,
          "modifiers": [],
          "to_variable": {
            "key": "_3wZdAYtDEDSY46SXhSwTgw",
            "name": "instance_id",
            "type": null,
            "modifiers": [],
            "position": {}
          },
          "position": {}
        },
        "_9jzJkItEEDSY46SXhSwTgw": {
          "key": "_9jzJkItEEDSY46SXhSwTgw",
          "name": "api_key",
          "type": null,
          "probability": 1,
          "modifiers": [],
          "to_variable": {
            "key": "_3wY18YtDEDSY46SXhSwTgw",
            "name": "api_key",
            "type": null,
            "modifiers": [],
            "position": {}
          },
          "position": {}
        },
        "_9jzwoItEEDSY46SXhSwTgw": {
          "key": "_9jzwoItEEDSY46SXhSwTgw",
          "name": "project_id",
          "type": null,
          "probability": 1,
          "modifiers": [],
          "to_variable": {
            "key": "_3wZdAItDEDSY46SXhSwTgw",
            "name": "project_id",
            "type": null,
            "modifiers": [],
            "position": {}
          },
          "position": {}
        }
      }
    },
    "fields_to_fields_data_clump-./Migration-_sHGpMItEEDSY46SXhSwTgw-_Z7GoQItDEDSY46SXhSwTgw-instance_idapi_keyproject_id": {
      "type": "data_clump",
      "key": "fields_to_fields_data_clump-./Migration-_sHGpMItEEDSY46SXhSwTgw-_Z7GoQItDEDSY46SXhSwTgw-instance_idapi_keyproject_id",
      "probability": 1,
      "from_file_path": "./Migration",
      "from_class_or_interface_name": "Migration",
      "from_class_or_interface_key": "_sHGpMItEEDSY46SXhSwTgw",
      "from_method_name": null,
      "from_method_key": null,
      "to_file_path": "./CloudProvider",
      "to_class_or_interface_key": "_Z7GoQItDEDSY46SXhSwTgw",
      "to_class_or_interface_name": "Migration",
      "to_method_key": null,
      "to_method_name": null,
      "data_clump_type": "fields_to_fields_data_clump",
      "data_clump_data": {
        "_2RhOwItEEDSY46SXhSwTgw": {
          "key": "_2RhOwItEEDSY46SXhSwTgw",
          "name": "instance_id",
          "type": null,
          "probability": 1,
          "modifiers": [],
          "to_variable": {
            "key": "_qTJ0wItDEDSY46SXhSwTgw",
            "name": "instance_id",
            "type": null,
            "modifiers": [],
            "position": {}
          },
          "position": {}
        },
        "_9jzJkItEEDSY46SXhSwTgw": {
          "key": "_9jzJkItEEDSY46SXhSwTgw",
          "name": "api_key",
          "type": null,
          "probability": 1,
          "modifiers": [],
          "to_variable": {
            "key": "_ecpg0ItDEDSY46SXhSwTgw",
            "name": "api_key",
            "type": null,
            "modifiers": [],
            "position": {}
          },
          "position": {}
        },
        "_9jzwoItEEDSY46SXhSwTgw": {
          "key": "_9jzwoItEEDSY46SXhSwTgw",
          "name": "project_id",
          "type": null,
          "probability": 1,
          "modifiers": [],
          "to_variable": {
            "key": "_lsRwQItDEDSY46SXhSwTgw",
            "name": "project_id",
            "type": null,
            "modifiers": [],
            "position": {}
          },
          "position": {}
        }
      }
    },
    "fields_to_fields_data_clump-./Migration-_sHGpMItEEDSY46SXhSwTgw-_8I8xoItDEDSY46SXhSwTgw-instance_idapi_keyproject_id": {
      "type": "data_clump",
      "key": "fields_to_fields_data_clump-./Migration-_sHGpMItEEDSY46SXhSwTgw-_8I8xoItDEDSY46SXhSwTgw-instance_idapi_keyproject_id",
      "probability": 1,
      "from_file_path": "./Migration",
      "from_class_or_interface_name": "Migration",
      "from_class_or_interface_key": "_sHGpMItEEDSY46SXhSwTgw",
      "from_method_name": null,
      "from_method_key": null,
      "to_file_path": "./GoogleAppEngine",
      "to_class_or_interface_key": "_8I8xoItDEDSY46SXhSwTgw",
      "to_class_or_interface_name": "Migration",
      "to_method_key": null,
      "to_method_name": null,
      "data_clump_type": "fields_to_fields_data_clump",
      "data_clump_data": {
        "_2RhOwItEEDSY46SXhSwTgw": {
          "key": "_2RhOwItEEDSY46SXhSwTgw",
          "name": "instance_id",
          "type": null,
          "probability": 1,
          "modifiers": [],
          "to_variable": {
            "key": "_8I9YsotDEDSY46SXhSwTgw",
            "name": "instance_id",
            "type": null,
            "modifiers": [],
            "position": {}
          },
          "position": {}
        },
        "_9jzJkItEEDSY46SXhSwTgw": {
          "key": "_9jzJkItEEDSY46SXhSwTgw",
          "name": "api_key",
          "type": null,
          "probability": 1,
          "modifiers": [],
          "to_variable": {
            "key": "_8I9YsItDEDSY46SXhSwTgw",
            "name": "api_key",
            "type": null,
            "modifiers": [],
            "position": {}
          },
          "position": {}
        },
        "_9jzwoItEEDSY46SXhSwTgw": {
          "key": "_9jzwoItEEDSY46SXhSwTgw",
          "name": "project_id",
          "type": null,
          "probability": 1,
          "modifiers": [],
          "to_variable": {
            "key": "_8I9YsYtDEDSY46SXhSwTgw",
            "name": "project_id",
            "type": null,
            "modifiers": [],
            "position": {}
          },
          "position": {}
        }
      }
    },
    "fields_to_fields_data_clump-./Migration-_sHGpMItEEDSY46SXhSwTgw-_JrABYItEEDSY46SXhSwTgw-instance_idapi_keyproject_id": {
      "type": "data_clump",
      "key": "fields_to_fields_data_clump-./Migration-_sHGpMItEEDSY46SXhSwTgw-_JrABYItEEDSY46SXhSwTgw-instance_idapi_keyproject_id",
      "probability": 1,
      "from_file_path": "./Migration",
      "from_class_or_interface_name": "Migration",
      "from_class_or_interface_key": "_sHGpMItEEDSY46SXhSwTgw",
      "from_method_name": null,
      "from_method_key": null,
      "to_file_path": "./MicrosoftAzure",
      "to_class_or_interface_key": "_JrABYItEEDSY46SXhSwTgw",
      "to_class_or_interface_name": "Migration",
      "to_method_key": null,
      "to_method_name": null,
      "data_clump_type": "fields_to_fields_data_clump",
      "data_clump_data": {
        "_2RhOwItEEDSY46SXhSwTgw": {
          "key": "_2RhOwItEEDSY46SXhSwTgw",
          "name": "instance_id",
          "type": null,
          "probability": 1,
          "modifiers": [],
          "to_variable": {
            "key": "_JrABY4tEEDSY46SXhSwTgw",
            "name": "instance_id",
            "type": null,
            "modifiers": [],
            "position": {}
          },
          "position": {}
        },
        "_9jzJkItEEDSY46SXhSwTgw": {
          "key": "_9jzJkItEEDSY46SXhSwTgw",
          "name": "api_key",
          "type": null,
          "probability": 1,
          "modifiers": [],
          "to_variable": {
            "key": "_JrABYYtEEDSY46SXhSwTgw",
            "name": "api_key",
            "type": null,
            "modifiers": [],
            "position": {}
          },
          "position": {}
        },
        "_9jzwoItEEDSY46SXhSwTgw": {
          "key": "_9jzwoItEEDSY46SXhSwTgw",
          "name": "project_id",
          "type": null,
          "probability": 1,
          "modifiers": [],
          "to_variable": {
            "key": "_JrABYotEEDSY46SXhSwTgw",
            "name": "project_id",
            "type": null,
            "modifiers": [],
            "position": {}
          },
          "position": {}
        }
      }
    },
    "fields_to_fields_data_clump-./Migration-_sHGpMItEEDSY46SXhSwTgw-_5QQGMItDEDSY46SXhSwTgw-instance_idapi_keyproject_id": {
      "type": "data_clump",
      "key": "fields_to_fields_data_clump-./Migration-_sHGpMItEEDSY46SXhSwTgw-_5QQGMItDEDSY46SXhSwTgw-instance_idapi_keyproject_id",
      "probability": 1,
      "from_file_path": "./Migration",
      "from_class_or_interface_name": "Migration",
      "from_class_or_interface_key": "_sHGpMItEEDSY46SXhSwTgw",
      "from_method_name": null,
      "from_method_key": null,
      "to_file_path": "./RackSpace",
      "to_class_or_interface_key": "_5QQGMItDEDSY46SXhSwTgw",
      "to_class_or_interface_name": "Migration",
      "to_method_key": null,
      "to_method_name": null,
      "data_clump_type": "fields_to_fields_data_clump",
      "data_clump_data": {
        "_2RhOwItEEDSY46SXhSwTgw": {
          "key": "_2RhOwItEEDSY46SXhSwTgw",
          "name": "instance_id",
          "type": null,
          "probability": 1,
          "modifiers": [],
          "to_variable": {
            "key": "_5QQtQItDEDSY46SXhSwTgw",
            "name": "instance_id",
            "type": null,
            "modifiers": [],
            "position": {}
          },
          "position": {}
        },
        "_9jzJkItEEDSY46SXhSwTgw": {
          "key": "_9jzJkItEEDSY46SXhSwTgw",
          "name": "api_key",
          "type": null,
          "probability": 1,
          "modifiers": [],
          "to_variable": {
            "key": "_5QQGMYtDEDSY46SXhSwTgw",
            "name": "api_key",
            "type": null,
            "modifiers": [],
            "position": {}
          },
          "position": {}
        },
        "_9jzwoItEEDSY46SXhSwTgw": {
          "key": "_9jzwoItEEDSY46SXhSwTgw",
          "name": "project_id",
          "type": null,
          "probability": 1,
          "modifiers": [],
          "to_variable": {
            "key": "_5QQGMotDEDSY46SXhSwTgw",
            "name": "project_id",
            "type": null,
            "modifiers": [],
            "position": {}
          },
          "position": {}
        }
      }
    },
    "fields_to_fields_data_clump-./RackSpace-_5QQGMItDEDSY46SXhSwTgw-_3wY18ItDEDSY46SXhSwTgw-api_keyproject_idinstance_id": {
      "type": "data_clump",
      "key": "fields_to_fields_data_clump-./RackSpace-_5QQGMItDEDSY46SXhSwTgw-_3wY18ItDEDSY46SXhSwTgw-api_keyproject_idinstance_id",
      "probability": 1,
      "from_file_path": "./RackSpace",
      "from_class_or_interface_name": "RackSpace",
      "from_class_or_interface_key": "_5QQGMItDEDSY46SXhSwTgw",
      "from_method_name": null,
      "from_method_key": null,
      "to_file_path": "./AmazonAWS",
      "to_class_or_interface_key": "_3wY18ItDEDSY46SXhSwTgw",
      "to_class_or_interface_name": "RackSpace",
      "to_method_key": null,
      "to_method_name": null,
      "data_clump_type": "fields_to_fields_data_clump",
      "data_clump_data": {
        "_5QQGMYtDEDSY46SXhSwTgw": {
          "key": "_5QQGMYtDEDSY46SXhSwTgw",
          "name": "api_key",
          "type": null,
          "probability": 1,
          "modifiers": [],
          "to_variable": {
            "key": "_3wY18YtDEDSY46SXhSwTgw",
            "name": "api_key",
            "type": null,
            "modifiers": [],
            "position": {}
          },
          "position": {}
        },
        "_5QQGMotDEDSY46SXhSwTgw": {
          "key": "_5QQGMotDEDSY46SXhSwTgw",
          "name": "project_id",
          "type": null,
          "probability": 1,
          "modifiers": [],
          "to_variable": {
            "key": "_3wZdAItDEDSY46SXhSwTgw",
            "name": "project_id",
            "type": null,
            "modifiers": [],
            "position": {}
          },
          "position": {}
        },
        "_5QQtQItDEDSY46SXhSwTgw": {
          "key": "_5QQtQItDEDSY46SXhSwTgw",
          "name": "instance_id",
          "type": null,
          "probability": 1,
          "modifiers": [],
          "to_variable": {
            "key": "_3wZdAYtDEDSY46SXhSwTgw",
            "name": "instance_id",
            "type": null,
            "modifiers": [],
            "position": {}
          },
          "position": {}
        }
      }
    },
    "fields_to_fields_data_clump-./RackSpace-_5QQGMItDEDSY46SXhSwTgw-_Z7GoQItDEDSY46SXhSwTgw-api_keyproject_idinstance_id": {
      "type": "data_clump",
      "key": "fields_to_fields_data_clump-./RackSpace-_5QQGMItDEDSY46SXhSwTgw-_Z7GoQItDEDSY46SXhSwTgw-api_keyproject_idinstance_id",
      "probability": 1,
      "from_file_path": "./RackSpace",
      "from_class_or_interface_name": "RackSpace",
      "from_class_or_interface_key": "_5QQGMItDEDSY46SXhSwTgw",
      "from_method_name": null,
      "from_method_key": null,
      "to_file_path": "./CloudProvider",
      "to_class_or_interface_key": "_Z7GoQItDEDSY46SXhSwTgw",
      "to_class_or_interface_name": "RackSpace",
      "to_method_key": null,
      "to_method_name": null,
      "data_clump_type": "fields_to_fields_data_clump",
      "data_clump_data": {
        "_5QQGMYtDEDSY46SXhSwTgw": {
          "key": "_5QQGMYtDEDSY46SXhSwTgw",
          "name": "api_key",
          "type": null,
          "probability": 1,
          "modifiers": [],
          "to_variable": {
            "key": "_ecpg0ItDEDSY46SXhSwTgw",
            "name": "api_key",
            "type": null,
            "modifiers": [],
            "position": {}
          },
          "position": {}
        },
        "_5QQGMotDEDSY46SXhSwTgw": {
          "key": "_5QQGMotDEDSY46SXhSwTgw",
          "name": "project_id",
          "type": null,
          "probability": 1,
          "modifiers": [],
          "to_variable": {
            "key": "_lsRwQItDEDSY46SXhSwTgw",
            "name": "project_id",
            "type": null,
            "modifiers": [],
            "position": {}
          },
          "position": {}
        },
        "_5QQtQItDEDSY46SXhSwTgw": {
          "key": "_5QQtQItDEDSY46SXhSwTgw",
          "name": "instance_id",
          "type": null,
          "probability": 1,
          "modifiers": [],
          "to_variable": {
            "key": "_qTJ0wItDEDSY46SXhSwTgw",
            "name": "instance_id",
            "type": null,
            "modifiers": [],
            "position": {}
          },
          "position": {}
        }
      }
    },
    "fields_to_fields_data_clump-./RackSpace-_5QQGMItDEDSY46SXhSwTgw-_8I8xoItDEDSY46SXhSwTgw-api_keyproject_idinstance_id": {
      "type": "data_clump",
      "key": "fields_to_fields_data_clump-./RackSpace-_5QQGMItDEDSY46SXhSwTgw-_8I8xoItDEDSY46SXhSwTgw-api_keyproject_idinstance_id",
      "probability": 1,
      "from_file_path": "./RackSpace",
      "from_class_or_interface_name": "RackSpace",
      "from_class_or_interface_key": "_5QQGMItDEDSY46SXhSwTgw",
      "from_method_name": null,
      "from_method_key": null,
      "to_file_path": "./GoogleAppEngine",
      "to_class_or_interface_key": "_8I8xoItDEDSY46SXhSwTgw",
      "to_class_or_interface_name": "RackSpace",
      "to_method_key": null,
      "to_method_name": null,
      "data_clump_type": "fields_to_fields_data_clump",
      "data_clump_data": {
        "_5QQGMYtDEDSY46SXhSwTgw": {
          "key": "_5QQGMYtDEDSY46SXhSwTgw",
          "name": "api_key",
          "type": null,
          "probability": 1,
          "modifiers": [],
          "to_variable": {
            "key": "_8I9YsItDEDSY46SXhSwTgw",
            "name": "api_key",
            "type": null,
            "modifiers": [],
            "position": {}
          },
          "position": {}
        },
        "_5QQGMotDEDSY46SXhSwTgw": {
          "key": "_5QQGMotDEDSY46SXhSwTgw",
          "name": "project_id",
          "type": null,
          "probability": 1,
          "modifiers": [],
          "to_variable": {
            "key": "_8I9YsYtDEDSY46SXhSwTgw",
            "name": "project_id",
            "type": null,
            "modifiers": [],
            "position": {}
          },
          "position": {}
        },
        "_5QQtQItDEDSY46SXhSwTgw": {
          "key": "_5QQtQItDEDSY46SXhSwTgw",
          "name": "instance_id",
          "type": null,
          "probability": 1,
          "modifiers": [],
          "to_variable": {
            "key": "_8I9YsotDEDSY46SXhSwTgw",
            "name": "instance_id",
            "type": null,
            "modifiers": [],
            "position": {}
          },
          "position": {}
        }
      }
    },
    "fields_to_fields_data_clump-./RackSpace-_5QQGMItDEDSY46SXhSwTgw-_JrABYItEEDSY46SXhSwTgw-api_keyproject_idinstance_id": {
      "type": "data_clump",
      "key": "fields_to_fields_data_clump-./RackSpace-_5QQGMItDEDSY46SXhSwTgw-_JrABYItEEDSY46SXhSwTgw-api_keyproject_idinstance_id",
      "probability": 1,
      "from_file_path": "./RackSpace",
      "from_class_or_interface_name": "RackSpace",
      "from_class_or_interface_key": "_5QQGMItDEDSY46SXhSwTgw",
      "from_method_name": null,
      "from_method_key": null,
      "to_file_path": "./MicrosoftAzure",
      "to_class_or_interface_key": "_JrABYItEEDSY46SXhSwTgw",
      "to_class_or_interface_name": "RackSpace",
      "to_method_key": null,
      "to_method_name": null,
      "data_clump_type": "fields_to_fields_data_clump",
      "data_clump_data": {
        "_5QQGMYtDEDSY46SXhSwTgw": {
          "key": "_5QQGMYtDEDSY46SXhSwTgw",
          "name": "api_key",
          "type": null,
          "probability": 1,
          "modifiers": [],
          "to_variable": {
            "key": "_JrABYYtEEDSY46SXhSwTgw",
            "name": "api_key",
            "type": null,
            "modifiers": [],
            "position": {}
          },
          "position": {}
        },
        "_5QQGMotDEDSY46SXhSwTgw": {
          "key": "_5QQGMotDEDSY46SXhSwTgw",
          "name": "project_id",
          "type": null,
          "probability": 1,
          "modifiers": [],
          "to_variable": {
            "key": "_JrABYotEEDSY46SXhSwTgw",
            "name": "project_id",
            "type": null,
            "modifiers": [],
            "position": {}
          },
          "position": {}
        },
        "_5QQtQItDEDSY46SXhSwTgw": {
          "key": "_5QQtQItDEDSY46SXhSwTgw",
          "name": "instance_id",
          "type": null,
          "probability": 1,
          "modifiers": [],
          "to_variable": {
            "key": "_JrABY4tEEDSY46SXhSwTgw",
            "name": "instance_id",
            "type": null,
            "modifiers": [],
            "position": {}
          },
          "position": {}
        }
      }
    },
    "fields_to_fields_data_clump-./RackSpace-_5QQGMItDEDSY46SXhSwTgw-_sHGpMItEEDSY46SXhSwTgw-api_keyproject_idinstance_id": {
      "type": "data_clump",
      "key": "fields_to_fields_data_clump-./RackSpace-_5QQGMItDEDSY46SXhSwTgw-_sHGpMItEEDSY46SXhSwTgw-api_keyproject_idinstance_id",
      "probability": 1,
      "from_file_path": "./RackSpace",
      "from_class_or_interface_name": "RackSpace",
      "from_class_or_interface_key": "_5QQGMItDEDSY46SXhSwTgw",
      "from_method_name": null,
      "from_method_key": null,
      "to_file_path": "./Migration",
      "to_class_or_interface_key": "_sHGpMItEEDSY46SXhSwTgw",
      "to_class_or_interface_name": "RackSpace",
      "to_method_key": null,
      "to_method_name": null,
      "data_clump_type": "fields_to_fields_data_clump",
      "data_clump_data": {
        "_5QQGMYtDEDSY46SXhSwTgw": {
          "key": "_5QQGMYtDEDSY46SXhSwTgw",
          "name": "api_key",
          "type": null,
          "probability": 1,
          "modifiers": [],
          "to_variable": {
            "key": "_9jzJkItEEDSY46SXhSwTgw",
            "name": "api_key",
            "type": null,
            "modifiers": [],
            "position": {}
          },
          "position": {}
        },
        "_5QQGMotDEDSY46SXhSwTgw": {
          "key": "_5QQGMotDEDSY46SXhSwTgw",
          "name": "project_id",
          "type": null,
          "probability": 1,
          "modifiers": [],
          "to_variable": {
            "key": "_9jzwoItEEDSY46SXhSwTgw",
            "name": "project_id",
            "type": null,
            "modifiers": [],
            "position": {}
          },
          "position": {}
        },
        "_5QQtQItDEDSY46SXhSwTgw": {
          "key": "_5QQtQItDEDSY46SXhSwTgw",
          "name": "instance_id",
          "type": null,
          "probability": 1,
          "modifiers": [],
          "to_variable": {
            "key": "_2RhOwItEEDSY46SXhSwTgw",
            "name": "instance_id",
            "type": null,
            "modifiers": [],
            "position": {}
          },
          "position": {}
        }
      }
    }
  }
}