{
  "report_version": "unknown",
  "report_timestamp": "2025-03-26T21:41:06.228Z",
  "target_language": "java",
  "report_summary": {
    "additional": null,
    "amount_classes_or_interfaces_with_data_clumps": 6,
    "amount_files_with_data_clumps": 6,
    "amount_methods_with_data_clumps": 0,
    "fields_to_fields_data_clump": 8,
    "parameters_to_fields_data_clump": 0,
    "parameters_to_parameters_data_clump": 0,
    "amount_data_clumps": 8
  },
  "project_info": {
    "project_url": "unknown_project_url",
    "project_name": "_sVM4oH3FEeeEVMtrU1Znfg",
    "project_version": "unknown_project_version",
    "project_commit_hash": "unknown",
    "project_tag": null,
    "project_commit_date": null,
    "additional": {},
    "number_of_files": 9,
    "number_of_classes_or_interfaces": 9,
    "number_of_methods": 0,
    "number_of_data_fields": 44,
    "number_of_method_parameters": 0
  },
  "detector": {
    "name": "data-clumps-doctor",
    "url": "https://github.com/NilsBaumgartner1994/data-clumps-doctor",
    "version": "0.1.100",
    "options": {
      "typeVariablesConsidered": false,
      "similarityModifierOfVariablesWithUnknownType": 0,
      "fieldsOfClassesWithUnknownHierarchyProbabilityModifier": 0,
      "sharedFieldsToFieldsAmountMinimum": 3,
      "analyseFieldsInClassesOrInterfacesInheritedFromSuperClassesOrInterfaces": false,
      "sharedParametersToParametersAmountMinimum": 3,
      "sharedParametersToFieldsAmountMinimum": 3,
      "methodsOfClassesOrInterfacesWithUnknownHierarchyProbabilityModifier": 0
    }
  },
  "data_clumps": {
    "fields_to_fields_data_clump-./CategoryEvents-_906YAGAJEDW6ndqgOnnVdg-_XH1cgGAEEDWzNMcsLdJfPQ-NameTitleDescription": {
      "type": "data_clump",
      "key": "fields_to_fields_data_clump-./CategoryEvents-_906YAGAJEDW6ndqgOnnVdg-_XH1cgGAEEDWzNMcsLdJfPQ-NameTitleDescription",
      "probability": 1,
      "from_file_path": "./CategoryEvents",
      "from_class_or_interface_name": "CategoryEvents",
      "from_class_or_interface_key": "_906YAGAJEDW6ndqgOnnVdg",
      "from_method_name": null,
      "from_method_key": null,
      "to_file_path": "./Consultations(SWI)",
      "to_class_or_interface_key": "_XH1cgGAEEDWzNMcsLdJfPQ",
      "to_class_or_interface_name": "CategoryEvents",
      "to_method_key": null,
      "to_method_name": null,
      "data_clump_type": "fields_to_fields_data_clump",
      "data_clump_data": {
        "__H8tMGAJEDW6ndqgOnnVdg": {
          "key": "__H8tMGAJEDW6ndqgOnnVdg",
          "name": "Name",
          "type": null,
          "probability": 1,
          "modifiers": [
            "public"
          ],
          "to_variable": {
            "key": "_YUjuUGAEEDWzNMcsLdJfPQ",
            "name": "Name",
            "type": null,
            "modifiers": [
              "public"
            ],
            "position": {}
          },
          "position": {}
        },
        "_AfBN0GAKEDW6ndqgOnnVdg": {
          "key": "_AfBN0GAKEDW6ndqgOnnVdg",
          "name": "Title",
          "type": null,
          "probability": 1,
          "modifiers": [
            "public"
          ],
          "to_variable": {
            "key": "_ZSbr0GAEEDWzNMcsLdJfPQ",
            "name": "Title",
            "type": null,
            "modifiers": [
              "public"
            ],
            "position": {}
          },
          "position": {}
        },
        "_BwQMMGAKEDW6ndqgOnnVdg": {
          "key": "_BwQMMGAKEDW6ndqgOnnVdg",
          "name": "Description",
          "type": null,
          "probability": 1,
          "modifiers": [
            "protected"
          ],
          "to_variable": {
            "key": "_fDDmoGAEEDWzNMcsLdJfPQ",
            "name": "Description",
            "type": null,
            "modifiers": [
              "protected"
            ],
            "position": {}
          },
          "position": {}
        }
      }
    },
    "fields_to_fields_data_clump-./Consultations(SWI)-_XH1cgGAEEDWzNMcsLdJfPQ-_906YAGAJEDW6ndqgOnnVdg-NameTitleDescription": {
      "type": "data_clump",
      "key": "fields_to_fields_data_clump-./Consultations(SWI)-_XH1cgGAEEDWzNMcsLdJfPQ-_906YAGAJEDW6ndqgOnnVdg-NameTitleDescription",
      "probability": 1,
      "from_file_path": "./Consultations(SWI)",
      "from_class_or_interface_name": "Consultations(SWI)",
      "from_class_or_interface_key": "_XH1cgGAEEDWzNMcsLdJfPQ",
      "from_method_name": null,
      "from_method_key": null,
      "to_file_path": "./CategoryEvents",
      "to_class_or_interface_key": "_906YAGAJEDW6ndqgOnnVdg",
      "to_class_or_interface_name": "Consultations(SWI)",
      "to_method_key": null,
      "to_method_name": null,
      "data_clump_type": "fields_to_fields_data_clump",
      "data_clump_data": {
        "_YUjuUGAEEDWzNMcsLdJfPQ": {
          "key": "_YUjuUGAEEDWzNMcsLdJfPQ",
          "name": "Name",
          "type": null,
          "probability": 1,
          "modifiers": [
            "public"
          ],
          "to_variable": {
            "key": "__H8tMGAJEDW6ndqgOnnVdg",
            "name": "Name",
            "type": null,
            "modifiers": [
              "public"
            ],
            "position": {}
          },
          "position": {}
        },
        "_ZSbr0GAEEDWzNMcsLdJfPQ": {
          "key": "_ZSbr0GAEEDWzNMcsLdJfPQ",
          "name": "Title",
          "type": null,
          "probability": 1,
          "modifiers": [
            "public"
          ],
          "to_variable": {
            "key": "_AfBN0GAKEDW6ndqgOnnVdg",
            "name": "Title",
            "type": null,
            "modifiers": [
              "public"
            ],
            "position": {}
          },
          "position": {}
        },
        "_fDDmoGAEEDWzNMcsLdJfPQ": {
          "key": "_fDDmoGAEEDWzNMcsLdJfPQ",
          "name": "Description",
          "type": null,
          "probability": 1,
          "modifiers": [
            "protected"
          ],
          "to_variable": {
            "key": "_BwQMMGAKEDW6ndqgOnnVdg",
            "name": "Description",
            "type": null,
            "modifiers": [
              "protected"
            ],
            "position": {}
          },
          "position": {}
        }
      }
    },
    "fields_to_fields_data_clump-./Consultations(SWI)-_XH1cgGAEEDWzNMcsLdJfPQ-_olAhMGAIEDW6ndqgOnnVdg-NameTitlePhoto": {
      "type": "data_clump",
      "key": "fields_to_fields_data_clump-./Consultations(SWI)-_XH1cgGAEEDWzNMcsLdJfPQ-_olAhMGAIEDW6ndqgOnnVdg-NameTitlePhoto",
      "probability": 1,
      "from_file_path": "./Consultations(SWI)",
      "from_class_or_interface_name": "Consultations(SWI)",
      "from_class_or_interface_key": "_XH1cgGAEEDWzNMcsLdJfPQ",
      "from_method_name": null,
      "from_method_key": null,
      "to_file_path": "./Events(SWI)",
      "to_class_or_interface_key": "_olAhMGAIEDW6ndqgOnnVdg",
      "to_class_or_interface_name": "Consultations(SWI)",
      "to_method_key": null,
      "to_method_name": null,
      "data_clump_type": "fields_to_fields_data_clump",
      "data_clump_data": {
        "_YUjuUGAEEDWzNMcsLdJfPQ": {
          "key": "_YUjuUGAEEDWzNMcsLdJfPQ",
          "name": "Name",
          "type": null,
          "probability": 1,
          "modifiers": [
            "public"
          ],
          "to_variable": {
            "key": "_zw-qYGAIEDW6ndqgOnnVdg",
            "name": "Name",
            "type": null,
            "modifiers": [
              "public"
            ],
            "position": {}
          },
          "position": {}
        },
        "_ZSbr0GAEEDWzNMcsLdJfPQ": {
          "key": "_ZSbr0GAEEDWzNMcsLdJfPQ",
          "name": "Title",
          "type": null,
          "probability": 1,
          "modifiers": [
            "public"
          ],
          "to_variable": {
            "key": "_1H0hgGAIEDW6ndqgOnnVdg",
            "name": "Title",
            "type": null,
            "modifiers": [
              "public"
            ],
            "position": {}
          },
          "position": {}
        },
        "_WqVsUGMyEDWmTrStAfxaVg": {
          "key": "_WqVsUGMyEDWmTrStAfxaVg",
          "name": "Photo",
          "type": null,
          "probability": 1,
          "modifiers": [
            "protected"
          ],
          "to_variable": {
            "key": "_8s4OYGAIEDW6ndqgOnnVdg",
            "name": "Photo",
            "type": null,
            "modifiers": [
              "protected"
            ],
            "position": {}
          },
          "position": {}
        }
      }
    },
    "fields_to_fields_data_clump-./Events(SWI)-_olAhMGAIEDW6ndqgOnnVdg-_XH1cgGAEEDWzNMcsLdJfPQ-NameTitlePhoto": {
      "type": "data_clump",
      "key": "fields_to_fields_data_clump-./Events(SWI)-_olAhMGAIEDW6ndqgOnnVdg-_XH1cgGAEEDWzNMcsLdJfPQ-NameTitlePhoto",
      "probability": 1,
      "from_file_path": "./Events(SWI)",
      "from_class_or_interface_name": "Events(SWI)",
      "from_class_or_interface_key": "_olAhMGAIEDW6ndqgOnnVdg",
      "from_method_name": null,
      "from_method_key": null,
      "to_file_path": "./Consultations(SWI)",
      "to_class_or_interface_key": "_XH1cgGAEEDWzNMcsLdJfPQ",
      "to_class_or_interface_name": "Events(SWI)",
      "to_method_key": null,
      "to_method_name": null,
      "data_clump_type": "fields_to_fields_data_clump",
      "data_clump_data": {
        "_zw-qYGAIEDW6ndqgOnnVdg": {
          "key": "_zw-qYGAIEDW6ndqgOnnVdg",
          "name": "Name",
          "type": null,
          "probability": 1,
          "modifiers": [
            "public"
          ],
          "to_variable": {
            "key": "_YUjuUGAEEDWzNMcsLdJfPQ",
            "name": "Name",
            "type": null,
            "modifiers": [
              "public"
            ],
            "position": {}
          },
          "position": {}
        },
        "_1H0hgGAIEDW6ndqgOnnVdg": {
          "key": "_1H0hgGAIEDW6ndqgOnnVdg",
          "name": "Title",
          "type": null,
          "probability": 1,
          "modifiers": [
            "public"
          ],
          "to_variable": {
            "key": "_ZSbr0GAEEDWzNMcsLdJfPQ",
            "name": "Title",
            "type": null,
            "modifiers": [
              "public"
            ],
            "position": {}
          },
          "position": {}
        },
        "_8s4OYGAIEDW6ndqgOnnVdg": {
          "key": "_8s4OYGAIEDW6ndqgOnnVdg",
          "name": "Photo",
          "type": null,
          "probability": 1,
          "modifiers": [
            "protected"
          ],
          "to_variable": {
            "key": "_WqVsUGMyEDWmTrStAfxaVg",
            "name": "Photo",
            "type": null,
            "modifiers": [
              "protected"
            ],
            "position": {}
          },
          "position": {}
        }
      }
    },
    "fields_to_fields_data_clump-./Events(SWI)-_olAhMGAIEDW6ndqgOnnVdg-_PnUxEGAHEDW6ndqgOnnVdg-NamePhotoDescription": {
      "type": "data_clump",
      "key": "fields_to_fields_data_clump-./Events(SWI)-_olAhMGAIEDW6ndqgOnnVdg-_PnUxEGAHEDW6ndqgOnnVdg-NamePhotoDescription",
      "probability": 1,
      "from_file_path": "./Events(SWI)",
      "from_class_or_interface_name": "Events(SWI)",
      "from_class_or_interface_key": "_olAhMGAIEDW6ndqgOnnVdg",
      "from_method_name": null,
      "from_method_key": null,
      "to_file_path": "./Specialists(SWI)",
      "to_class_or_interface_key": "_PnUxEGAHEDW6ndqgOnnVdg",
      "to_class_or_interface_name": "Events(SWI)",
      "to_method_key": null,
      "to_method_name": null,
      "data_clump_type": "fields_to_fields_data_clump",
      "data_clump_data": {
        "_zw-qYGAIEDW6ndqgOnnVdg": {
          "key": "_zw-qYGAIEDW6ndqgOnnVdg",
          "name": "Name",
          "type": null,
          "probability": 1,
          "modifiers": [
            "public"
          ],
          "to_variable": {
            "key": "_W0ZbwGAHEDW6ndqgOnnVdg",
            "name": "Name",
            "type": null,
            "modifiers": [
              "public"
            ],
            "position": {}
          },
          "position": {}
        },
        "_8s4OYGAIEDW6ndqgOnnVdg": {
          "key": "_8s4OYGAIEDW6ndqgOnnVdg",
          "name": "Photo",
          "type": null,
          "probability": 1,
          "modifiers": [
            "protected"
          ],
          "to_variable": {
            "key": "_cjyngGAHEDW6ndqgOnnVdg",
            "name": "Photo",
            "type": null,
            "modifiers": [
              "protected"
            ],
            "position": {}
          },
          "position": {}
        },
        "_McT7sGAJEDW6ndqgOnnVdg": {
          "key": "_McT7sGAJEDW6ndqgOnnVdg",
          "name": "Description",
          "type": null,
          "probability": 1,
          "modifiers": [
            "public"
          ],
          "to_variable": {
            "key": "_byg7kGAHEDW6ndqgOnnVdg",
            "name": "Description",
            "type": null,
            "modifiers": [
              "public"
            ],
            "position": {}
          },
          "position": {}
        }
      }
    },
    "fields_to_fields_data_clump-./Question-_2iZ-QGAKEDW6ndqgOnnVdg-_tmOtcGAKEDW6ndqgOnnVdg-NameContactCreateDate": {
      "type": "data_clump",
      "key": "fields_to_fields_data_clump-./Question-_2iZ-QGAKEDW6ndqgOnnVdg-_tmOtcGAKEDW6ndqgOnnVdg-NameContactCreateDate",
      "probability": 1,
      "from_file_path": "./Question",
      "from_class_or_interface_name": "Question",
      "from_class_or_interface_key": "_2iZ-QGAKEDW6ndqgOnnVdg",
      "from_method_name": null,
      "from_method_key": null,
      "to_file_path": "./Review",
      "to_class_or_interface_key": "_tmOtcGAKEDW6ndqgOnnVdg",
      "to_class_or_interface_name": "Question",
      "to_method_key": null,
      "to_method_name": null,
      "data_clump_type": "fields_to_fields_data_clump",
      "data_clump_data": {
        "_2iZ-QWAKEDW6ndqgOnnVdg": {
          "key": "_2iZ-QWAKEDW6ndqgOnnVdg",
          "name": "Name",
          "type": null,
          "probability": 1,
          "modifiers": [
            "public"
          ],
          "to_variable": {
            "key": "_vrrXAGAKEDW6ndqgOnnVdg",
            "name": "Name",
            "type": null,
            "modifiers": [
              "public"
            ],
            "position": {}
          },
          "position": {}
        },
        "_2ialUGAKEDW6ndqgOnnVdg": {
          "key": "_2ialUGAKEDW6ndqgOnnVdg",
          "name": "Contact",
          "type": null,
          "probability": 1,
          "modifiers": [
            "public"
          ],
          "to_variable": {
            "key": "_wbLhUGAKEDW6ndqgOnnVdg",
            "name": "Contact",
            "type": null,
            "modifiers": [
              "public"
            ],
            "position": {}
          },
          "position": {}
        },
        "_Agc7wGALEDW6ndqgOnnVdg": {
          "key": "_Agc7wGALEDW6ndqgOnnVdg",
          "name": "CreateDate",
          "type": null,
          "probability": 1,
          "modifiers": [
            "protected"
          ],
          "to_variable": {
            "key": "__h6P4GAKEDW6ndqgOnnVdg",
            "name": "CreateDate",
            "type": null,
            "modifiers": [
              "protected"
            ],
            "position": {}
          },
          "position": {}
        }
      }
    },
    "fields_to_fields_data_clump-./Review-_tmOtcGAKEDW6ndqgOnnVdg-_2iZ-QGAKEDW6ndqgOnnVdg-NameContactCreateDate": {
      "type": "data_clump",
      "key": "fields_to_fields_data_clump-./Review-_tmOtcGAKEDW6ndqgOnnVdg-_2iZ-QGAKEDW6ndqgOnnVdg-NameContactCreateDate",
      "probability": 1,
      "from_file_path": "./Review",
      "from_class_or_interface_name": "Review",
      "from_class_or_interface_key": "_tmOtcGAKEDW6ndqgOnnVdg",
      "from_method_name": null,
      "from_method_key": null,
      "to_file_path": "./Question",
      "to_class_or_interface_key": "_2iZ-QGAKEDW6ndqgOnnVdg",
      "to_class_or_interface_name": "Review",
      "to_method_key": null,
      "to_method_name": null,
      "data_clump_type": "fields_to_fields_data_clump",
      "data_clump_data": {
        "_vrrXAGAKEDW6ndqgOnnVdg": {
          "key": "_vrrXAGAKEDW6ndqgOnnVdg",
          "name": "Name",
          "type": null,
          "probability": 1,
          "modifiers": [
            "public"
          ],
          "to_variable": {
            "key": "_2iZ-QWAKEDW6ndqgOnnVdg",
            "name": "Name",
            "type": null,
            "modifiers": [
              "public"
            ],
            "position": {}
          },
          "position": {}
        },
        "_wbLhUGAKEDW6ndqgOnnVdg": {
          "key": "_wbLhUGAKEDW6ndqgOnnVdg",
          "name": "Contact",
          "type": null,
          "probability": 1,
          "modifiers": [
            "public"
          ],
          "to_variable": {
            "key": "_2ialUGAKEDW6ndqgOnnVdg",
            "name": "Contact",
            "type": null,
            "modifiers": [
              "public"
            ],
            "position": {}
          },
          "position": {}
        },
        "__h6P4GAKEDW6ndqgOnnVdg": {
          "key": "__h6P4GAKEDW6ndqgOnnVdg",
          "name": "CreateDate",
          "type": null,
          "probability": 1,
          "modifiers": [
            "protected"
          ],
          "to_variable": {
            "key": "_Agc7wGALEDW6ndqgOnnVdg",
            "name": "CreateDate",
            "type": null,
            "modifiers": [
              "protected"
            ],
            "position": {}
          },
          "position": {}
        }
      }
    },
    "fields_to_fields_data_clump-./Specialists(SWI)-_PnUxEGAHEDW6ndqgOnnVdg-_olAhMGAIEDW6ndqgOnnVdg-NameDescriptionPhoto": {
      "type": "data_clump",
      "key": "fields_to_fields_data_clump-./Specialists(SWI)-_PnUxEGAHEDW6ndqgOnnVdg-_olAhMGAIEDW6ndqgOnnVdg-NameDescriptionPhoto",
      "probability": 1,
      "from_file_path": "./Specialists(SWI)",
      "from_class_or_interface_name": "Specialists(SWI)",
      "from_class_or_interface_key": "_PnUxEGAHEDW6ndqgOnnVdg",
      "from_method_name": null,
      "from_method_key": null,
      "to_file_path": "./Events(SWI)",
      "to_class_or_interface_key": "_olAhMGAIEDW6ndqgOnnVdg",
      "to_class_or_interface_name": "Specialists(SWI)",
      "to_method_key": null,
      "to_method_name": null,
      "data_clump_type": "fields_to_fields_data_clump",
      "data_clump_data": {
        "_W0ZbwGAHEDW6ndqgOnnVdg": {
          "key": "_W0ZbwGAHEDW6ndqgOnnVdg",
          "name": "Name",
          "type": null,
          "probability": 1,
          "modifiers": [
            "public"
          ],
          "to_variable": {
            "key": "_zw-qYGAIEDW6ndqgOnnVdg",
            "name": "Name",
            "type": null,
            "modifiers": [
              "public"
            ],
            "position": {}
          },
          "position": {}
        },
        "_byg7kGAHEDW6ndqgOnnVdg": {
          "key": "_byg7kGAHEDW6ndqgOnnVdg",
          "name": "Description",
          "type": null,
          "probability": 1,
          "modifiers": [
            "public"
          ],
          "to_variable": {
            "key": "_McT7sGAJEDW6ndqgOnnVdg",
            "name": "Description",
            "type": null,
            "modifiers": [
              "public"
            ],
            "position": {}
          },
          "position": {}
        },
        "_cjyngGAHEDW6ndqgOnnVdg": {
          "key": "_cjyngGAHEDW6ndqgOnnVdg",
          "name": "Photo",
          "type": null,
          "probability": 1,
          "modifiers": [
            "protected"
          ],
          "to_variable": {
            "key": "_8s4OYGAIEDW6ndqgOnnVdg",
            "name": "Photo",
            "type": null,
            "modifiers": [
              "protected"
            ],
            "position": {}
          },
          "position": {}
        }
      }
    }
  }
}