{
  "report_version": "^0.1.102",
  "report_timestamp": "2025-08-28T14:03:24.899Z",
  "target_language": "Digital Twin Definition Language",
  "report_summary": {
    "additional": {
      "invertedIndexSoftwareProjectStatistics": {
        "invertedFieldToClasses": {
          "median": 1.5,
          "maximum": 4,
          "average": 1.625,
          "amountSavedValuesForKeys": 13,
          "amountKeys": 3
        },
        "invertedParameterToMethods": {
          "median": 0,
          "maximum": 0,
          "average": null,
          "amountSavedValuesForKeys": 0,
          "amountKeys": 0
        },
        "invertedParameterToClasses": {
          "median": 1.5,
          "maximum": 4,
          "average": 1.625,
          "amountSavedValuesForKeys": 13,
          "amountKeys": 3
        }
      },
      "timer_information": {
        "ast_generation_time_ms": 14,
        "detection_time_ms": 1,
        "machine_information": {
          "os": "Darwin",
          "os_release": "22.5.0",
          "os_platform": "darwin",
          "os_arch": "x64",
          "os_uptime": 1472220,
          "os_memory_free": 1740922880,
          "os_memory_total": 34359738368,
          "os_cpu_cores": 12,
          "os_cpu_model": "Intel(R) Core(TM) i7-9750H CPU @ 2.60GHz",
          "os_cpu_speed": 2600
        }
      }
    },
    "amount_classes_or_interfaces_with_data_clumps": 2,
    "amount_files_with_data_clumps": 2,
    "amount_methods_with_data_clumps": 0,
    "fields_to_fields_data_clump": 2,
    "parameters_to_fields_data_clump": 0,
    "parameters_to_parameters_data_clump": 0,
    "amount_data_clumps": 2
  },
  "project_info": {
    "project_url": "https://github.com/Azure/iot-plugandplay-models",
    "project_name": "stmicroelectronics",
    "project_version": "current",
    "project_commit_hash": "current",
    "project_tag": null,
    "project_commit_date": null,
    "additional": {},
    "number_of_files": 14,
    "number_of_classes_or_interfaces": 14,
    "number_of_methods": 3,
    "number_of_data_fields": 13,
    "number_of_method_parameters": 0
  },
  "detector": {
    "name": "data-clumps-doctor",
    "url": "https://github.com/NilsBaumgartner1994/data-clumps-doctor",
    "version": "0.1.100",
    "options": {
      "fastDetection": true,
      "ignorePaths": [],
      "typeVariablesConsidered": false,
      "similarityModifierOfVariablesWithUnknownType": 0,
      "fieldsOfClassesWithUnknownHierarchyProbabilityModifier": 0,
      "sharedFieldsToFieldsAmountMinimum": 3,
      "analyseFieldsInClassesOrInterfacesInheritedFromSuperClassesOrInterfaces": false,
      "sharedParametersToParametersAmountMinimum": 3,
      "sharedParametersToFieldsAmountMinimum": 3,
      "methodsOfClassesOrInterfacesWithUnknownHierarchyProbabilityModifier": 0
    }
  },
  "data_clumps": {
    "fields_to_fields_data_clump-b_l4s5i_iot01a/standard_if-1.json-dtmi:stmicroelectronics:b_l4s5i_iot01a:standard_if;1-dtmi:stmicroelectronics:b_u585i_iot02a:standard_if;1-telemetry_intervalacc_fullscalegyro_fullscale": {
      "type": "data_clump",
      "key": "fields_to_fields_data_clump-b_l4s5i_iot01a/standard_if-1.json-dtmi:stmicroelectronics:b_l4s5i_iot01a:standard_if;1-dtmi:stmicroelectronics:b_u585i_iot02a:standard_if;1-telemetry_intervalacc_fullscalegyro_fullscale",
      "probability": 1,
      "from_file_path": "b_l4s5i_iot01a/standard_if-1.json",
      "from_class_or_interface_name": "Standard interface for B_L4S5I_IOT01A",
      "from_class_or_interface_key": "dtmi:stmicroelectronics:b_l4s5i_iot01a:standard_if;1",
      "from_method_name": null,
      "from_method_key": null,
      "to_file_path": "b_u585i_iot02a/standard_if-1.json",
      "to_class_or_interface_key": "dtmi:stmicroelectronics:b_u585i_iot02a:standard_if;1",
      "to_class_or_interface_name": "Standard interface for B_L4S5I_IOT01A",
      "to_method_key": null,
      "to_method_name": null,
      "data_clump_type": "fields_to_fields_data_clump",
      "data_clump_data": {
        "dtmi:stmicroelectronics:b_l4s5i_iot01a:standard_if;1/memberField/dtmi:stmicroelectronics:b_l4s5i_iot01a:standard_if;1#telemetry_interval": {
          "key": "dtmi:stmicroelectronics:b_l4s5i_iot01a:standard_if;1/memberField/dtmi:stmicroelectronics:b_l4s5i_iot01a:standard_if;1#telemetry_interval",
          "name": "telemetry_interval",
          "type": "double",
          "probability": 1,
          "modifiers": [],
          "to_variable": {
            "key": "dtmi:stmicroelectronics:b_u585i_iot02a:standard_if;1/memberField/dtmi:stmicroelectronics:b_u585i_iot02a:standard_if;1#telemetry_interval",
            "name": "telemetry_interval",
            "type": "double",
            "modifiers": [],
            "position": {}
          },
          "position": {}
        },
        "dtmi:stmicroelectronics:b_l4s5i_iot01a:standard_if;1/memberField/dtmi:stmicroelectronics:b_l4s5i_iot01a:standard_if;1#acc_fullscale": {
          "key": "dtmi:stmicroelectronics:b_l4s5i_iot01a:standard_if;1/memberField/dtmi:stmicroelectronics:b_l4s5i_iot01a:standard_if;1#acc_fullscale",
          "name": "acc_fullscale",
          "type": "Enum:[G2,1,2,3]",
          "probability": 1,
          "modifiers": [],
          "to_variable": {
            "key": "dtmi:stmicroelectronics:b_u585i_iot02a:standard_if;1/memberField/dtmi:stmicroelectronics:b_u585i_iot02a:standard_if;1#acc_fullscale",
            "name": "acc_fullscale",
            "type": "Enum:[G2,1,2,3]",
            "modifiers": [],
            "position": {}
          },
          "position": {}
        },
        "dtmi:stmicroelectronics:b_l4s5i_iot01a:standard_if;1/memberField/dtmi:stmicroelectronics:b_l4s5i_iot01a:standard_if;1#gyro_fullscale": {
          "key": "dtmi:stmicroelectronics:b_l4s5i_iot01a:standard_if;1/memberField/dtmi:stmicroelectronics:b_l4s5i_iot01a:standard_if;1#gyro_fullscale",
          "name": "gyro_fullscale",
          "type": "Enum:[dps125,1,2,3,4]",
          "probability": 1,
          "modifiers": [],
          "to_variable": {
            "key": "dtmi:stmicroelectronics:b_u585i_iot02a:standard_if;1/memberField/dtmi:stmicroelectronics:b_u585i_iot02a:standard_if;1#gyro_fullscale",
            "name": "gyro_fullscale",
            "type": "Enum:[dps125,1,2,3,4]",
            "modifiers": [],
            "position": {}
          },
          "position": {}
        }
      }
    },
    "fields_to_fields_data_clump-b_u585i_iot02a/standard_if-1.json-dtmi:stmicroelectronics:b_u585i_iot02a:standard_if;1-dtmi:stmicroelectronics:b_l4s5i_iot01a:standard_if;1-telemetry_intervalacc_fullscalegyro_fullscale": {
      "type": "data_clump",
      "key": "fields_to_fields_data_clump-b_u585i_iot02a/standard_if-1.json-dtmi:stmicroelectronics:b_u585i_iot02a:standard_if;1-dtmi:stmicroelectronics:b_l4s5i_iot01a:standard_if;1-telemetry_intervalacc_fullscalegyro_fullscale",
      "probability": 1,
      "from_file_path": "b_u585i_iot02a/standard_if-1.json",
      "from_class_or_interface_name": "Standard interface for B-U585I-IOT02A",
      "from_class_or_interface_key": "dtmi:stmicroelectronics:b_u585i_iot02a:standard_if;1",
      "from_method_name": null,
      "from_method_key": null,
      "to_file_path": "b_l4s5i_iot01a/standard_if-1.json",
      "to_class_or_interface_key": "dtmi:stmicroelectronics:b_l4s5i_iot01a:standard_if;1",
      "to_class_or_interface_name": "Standard interface for B-U585I-IOT02A",
      "to_method_key": null,
      "to_method_name": null,
      "data_clump_type": "fields_to_fields_data_clump",
      "data_clump_data": {
        "dtmi:stmicroelectronics:b_u585i_iot02a:standard_if;1/memberField/dtmi:stmicroelectronics:b_u585i_iot02a:standard_if;1#telemetry_interval": {
          "key": "dtmi:stmicroelectronics:b_u585i_iot02a:standard_if;1/memberField/dtmi:stmicroelectronics:b_u585i_iot02a:standard_if;1#telemetry_interval",
          "name": "telemetry_interval",
          "type": "double",
          "probability": 1,
          "modifiers": [],
          "to_variable": {
            "key": "dtmi:stmicroelectronics:b_l4s5i_iot01a:standard_if;1/memberField/dtmi:stmicroelectronics:b_l4s5i_iot01a:standard_if;1#telemetry_interval",
            "name": "telemetry_interval",
            "type": "double",
            "modifiers": [],
            "position": {}
          },
          "position": {}
        },
        "dtmi:stmicroelectronics:b_u585i_iot02a:standard_if;1/memberField/dtmi:stmicroelectronics:b_u585i_iot02a:standard_if;1#acc_fullscale": {
          "key": "dtmi:stmicroelectronics:b_u585i_iot02a:standard_if;1/memberField/dtmi:stmicroelectronics:b_u585i_iot02a:standard_if;1#acc_fullscale",
          "name": "acc_fullscale",
          "type": "Enum:[G2,1,2,3]",
          "probability": 1,
          "modifiers": [],
          "to_variable": {
            "key": "dtmi:stmicroelectronics:b_l4s5i_iot01a:standard_if;1/memberField/dtmi:stmicroelectronics:b_l4s5i_iot01a:standard_if;1#acc_fullscale",
            "name": "acc_fullscale",
            "type": "Enum:[G2,1,2,3]",
            "modifiers": [],
            "position": {}
          },
          "position": {}
        },
        "dtmi:stmicroelectronics:b_u585i_iot02a:standard_if;1/memberField/dtmi:stmicroelectronics:b_u585i_iot02a:standard_if;1#gyro_fullscale": {
          "key": "dtmi:stmicroelectronics:b_u585i_iot02a:standard_if;1/memberField/dtmi:stmicroelectronics:b_u585i_iot02a:standard_if;1#gyro_fullscale",
          "name": "gyro_fullscale",
          "type": "Enum:[dps125,1,2,3,4]",
          "probability": 1,
          "modifiers": [],
          "to_variable": {
            "key": "dtmi:stmicroelectronics:b_l4s5i_iot01a:standard_if;1/memberField/dtmi:stmicroelectronics:b_l4s5i_iot01a:standard_if;1#gyro_fullscale",
            "name": "gyro_fullscale",
            "type": "Enum:[dps125,1,2,3,4]",
            "modifiers": [],
            "position": {}
          },
          "position": {}
        }
      }
    }
  }
}