{
  "report_version": "unknown",
  "report_timestamp": "2025-03-26T22:11:52.027Z",
  "target_language": "java",
  "report_summary": {
    "additional": null,
    "amount_classes_or_interfaces_with_data_clumps": 4,
    "amount_files_with_data_clumps": 4,
    "amount_methods_with_data_clumps": 0,
    "fields_to_fields_data_clump": 6,
    "parameters_to_fields_data_clump": 0,
    "parameters_to_parameters_data_clump": 0,
    "amount_data_clumps": 6
  },
  "project_info": {
    "project_url": "unknown_project_url",
    "project_name": "_rl4_EHL7EeivVvskFc69VA",
    "project_version": "unknown_project_version",
    "project_commit_hash": "unknown",
    "project_tag": null,
    "project_commit_date": null,
    "additional": {},
    "number_of_files": 8,
    "number_of_classes_or_interfaces": 8,
    "number_of_methods": 0,
    "number_of_data_fields": 45,
    "number_of_method_parameters": 0
  },
  "detector": {
    "name": "data-clumps-doctor",
    "url": "https://github.com/NilsBaumgartner1994/data-clumps-doctor",
    "version": "0.1.100",
    "options": {
      "typeVariablesConsidered": false,
      "similarityModifierOfVariablesWithUnknownType": 0,
      "fieldsOfClassesWithUnknownHierarchyProbabilityModifier": 0,
      "sharedFieldsToFieldsAmountMinimum": 3,
      "analyseFieldsInClassesOrInterfacesInheritedFromSuperClassesOrInterfaces": false,
      "sharedParametersToParametersAmountMinimum": 3,
      "sharedParametersToFieldsAmountMinimum": 3,
      "methodsOfClassesOrInterfacesWithUnknownHierarchyProbabilityModifier": 0
    }
  },
  "data_clumps": {
    "fields_to_fields_data_clump-./Hotel(SI)-_h3K7EFU7EDa1POZ-vn2zgg-_CASsQFU_EDa1POZ-vn2zgg-NamePhoneE-mail": {
      "type": "data_clump",
      "key": "fields_to_fields_data_clump-./Hotel(SI)-_h3K7EFU7EDa1POZ-vn2zgg-_CASsQFU_EDa1POZ-vn2zgg-NamePhoneE-mail",
      "probability": 1,
      "from_file_path": "./Hotel(SI)",
      "from_class_or_interface_name": "Hotel(SI)",
      "from_class_or_interface_key": "_h3K7EFU7EDa1POZ-vn2zgg",
      "from_method_name": null,
      "from_method_key": null,
      "to_file_path": "./Order",
      "to_class_or_interface_key": "_CASsQFU_EDa1POZ-vn2zgg",
      "to_class_or_interface_name": "Hotel(SI)",
      "to_method_key": null,
      "to_method_name": null,
      "data_clump_type": "fields_to_fields_data_clump",
      "data_clump_data": {
        "_GdEg8FU8EDa1POZ-vn2zgg": {
          "key": "_GdEg8FU8EDa1POZ-vn2zgg",
          "name": "Name",
          "type": null,
          "probability": 1,
          "modifiers": [
            "public"
          ],
          "to_variable": {
            "key": "_LnPYYFU_EDa1POZ-vn2zgg",
            "name": "Name",
            "type": null,
            "modifiers": [
              "public"
            ],
            "position": {}
          },
          "position": {}
        },
        "_fz0GwFU8EDa1POZ-vn2zgg": {
          "key": "_fz0GwFU8EDa1POZ-vn2zgg",
          "name": "Phone",
          "type": null,
          "probability": 1,
          "modifiers": [
            "public"
          ],
          "to_variable": {
            "key": "_VLMa4FU_EDa1POZ-vn2zgg",
            "name": "Phone",
            "type": null,
            "modifiers": [
              "public"
            ],
            "position": {}
          },
          "position": {}
        },
        "_hJ-BYVU8EDa1POZ-vn2zgg": {
          "key": "_hJ-BYVU8EDa1POZ-vn2zgg",
          "name": "E-mail",
          "type": null,
          "probability": 1,
          "modifiers": [
            "public"
          ],
          "to_variable": {
            "key": "_UdKQMFU_EDa1POZ-vn2zgg",
            "name": "E-mail",
            "type": null,
            "modifiers": [
              "public"
            ],
            "position": {}
          },
          "position": {}
        }
      }
    },
    "fields_to_fields_data_clump-./Hotel(SI)-_h3K7EFU7EDa1POZ-vn2zgg-_8M-7wFU8EDa1POZ-vn2zgg-NameMainPhotoDescription": {
      "type": "data_clump",
      "key": "fields_to_fields_data_clump-./Hotel(SI)-_h3K7EFU7EDa1POZ-vn2zgg-_8M-7wFU8EDa1POZ-vn2zgg-NameMainPhotoDescription",
      "probability": 1,
      "from_file_path": "./Hotel(SI)",
      "from_class_or_interface_name": "Hotel(SI)",
      "from_class_or_interface_key": "_h3K7EFU7EDa1POZ-vn2zgg",
      "from_method_name": null,
      "from_method_key": null,
      "to_file_path": "./Room(I)",
      "to_class_or_interface_key": "_8M-7wFU8EDa1POZ-vn2zgg",
      "to_class_or_interface_name": "Hotel(SI)",
      "to_method_key": null,
      "to_method_name": null,
      "data_clump_type": "fields_to_fields_data_clump",
      "data_clump_data": {
        "_GdEg8FU8EDa1POZ-vn2zgg": {
          "key": "_GdEg8FU8EDa1POZ-vn2zgg",
          "name": "Name",
          "type": null,
          "probability": 1,
          "modifiers": [
            "public"
          ],
          "to_variable": {
            "key": "_ODEMgFU9EDa1POZ-vn2zgg",
            "name": "Name",
            "type": null,
            "modifiers": [
              "public"
            ],
            "position": {}
          },
          "position": {}
        },
        "_-8CjAFU8EDa1POZ-vn2zgg": {
          "key": "_-8CjAFU8EDa1POZ-vn2zgg",
          "name": "MainPhoto",
          "type": null,
          "probability": 1,
          "modifiers": [
            "protected"
          ],
          "to_variable": {
            "key": "_V5UXEFU9EDa1POZ-vn2zgg",
            "name": "MainPhoto",
            "type": null,
            "modifiers": [
              "protected"
            ],
            "position": {}
          },
          "position": {}
        },
        "_KB4EcFU8EDa1POZ-vn2zgg": {
          "key": "_KB4EcFU8EDa1POZ-vn2zgg",
          "name": "Description",
          "type": null,
          "probability": 1,
          "modifiers": [
            "protected"
          ],
          "to_variable": {
            "key": "_JxYfcFU-EDa1POZ-vn2zgg",
            "name": "Description",
            "type": null,
            "modifiers": [
              "protected"
            ],
            "position": {}
          },
          "position": {}
        }
      }
    },
    "fields_to_fields_data_clump-./Order-_CASsQFU_EDa1POZ-vn2zgg-_h3K7EFU7EDa1POZ-vn2zgg-NameE-mailPhone": {
      "type": "data_clump",
      "key": "fields_to_fields_data_clump-./Order-_CASsQFU_EDa1POZ-vn2zgg-_h3K7EFU7EDa1POZ-vn2zgg-NameE-mailPhone",
      "probability": 1,
      "from_file_path": "./Order",
      "from_class_or_interface_name": "Order",
      "from_class_or_interface_key": "_CASsQFU_EDa1POZ-vn2zgg",
      "from_method_name": null,
      "from_method_key": null,
      "to_file_path": "./Hotel(SI)",
      "to_class_or_interface_key": "_h3K7EFU7EDa1POZ-vn2zgg",
      "to_class_or_interface_name": "Order",
      "to_method_key": null,
      "to_method_name": null,
      "data_clump_type": "fields_to_fields_data_clump",
      "data_clump_data": {
        "_LnPYYFU_EDa1POZ-vn2zgg": {
          "key": "_LnPYYFU_EDa1POZ-vn2zgg",
          "name": "Name",
          "type": null,
          "probability": 1,
          "modifiers": [
            "public"
          ],
          "to_variable": {
            "key": "_GdEg8FU8EDa1POZ-vn2zgg",
            "name": "Name",
            "type": null,
            "modifiers": [
              "public"
            ],
            "position": {}
          },
          "position": {}
        },
        "_UdKQMFU_EDa1POZ-vn2zgg": {
          "key": "_UdKQMFU_EDa1POZ-vn2zgg",
          "name": "E-mail",
          "type": null,
          "probability": 1,
          "modifiers": [
            "public"
          ],
          "to_variable": {
            "key": "_hJ-BYVU8EDa1POZ-vn2zgg",
            "name": "E-mail",
            "type": null,
            "modifiers": [
              "public"
            ],
            "position": {}
          },
          "position": {}
        },
        "_VLMa4FU_EDa1POZ-vn2zgg": {
          "key": "_VLMa4FU_EDa1POZ-vn2zgg",
          "name": "Phone",
          "type": null,
          "probability": 1,
          "modifiers": [
            "public"
          ],
          "to_variable": {
            "key": "_fz0GwFU8EDa1POZ-vn2zgg",
            "name": "Phone",
            "type": null,
            "modifiers": [
              "public"
            ],
            "position": {}
          },
          "position": {}
        }
      }
    },
    "fields_to_fields_data_clump-./Order-_CASsQFU_EDa1POZ-vn2zgg-_nKpDAFU_EDa1POZ-vn2zgg-NamePhoneDateCreate": {
      "type": "data_clump",
      "key": "fields_to_fields_data_clump-./Order-_CASsQFU_EDa1POZ-vn2zgg-_nKpDAFU_EDa1POZ-vn2zgg-NamePhoneDateCreate",
      "probability": 1,
      "from_file_path": "./Order",
      "from_class_or_interface_name": "Order",
      "from_class_or_interface_key": "_CASsQFU_EDa1POZ-vn2zgg",
      "from_method_name": null,
      "from_method_key": null,
      "to_file_path": "./Request",
      "to_class_or_interface_key": "_nKpDAFU_EDa1POZ-vn2zgg",
      "to_class_or_interface_name": "Order",
      "to_method_key": null,
      "to_method_name": null,
      "data_clump_type": "fields_to_fields_data_clump",
      "data_clump_data": {
        "_LnPYYFU_EDa1POZ-vn2zgg": {
          "key": "_LnPYYFU_EDa1POZ-vn2zgg",
          "name": "Name",
          "type": null,
          "probability": 1,
          "modifiers": [
            "public"
          ],
          "to_variable": {
            "key": "___TPcFU_EDa1POZ-vn2zgg",
            "name": "Name",
            "type": null,
            "modifiers": [
              "public"
            ],
            "position": {}
          },
          "position": {}
        },
        "_VLMa4FU_EDa1POZ-vn2zgg": {
          "key": "_VLMa4FU_EDa1POZ-vn2zgg",
          "name": "Phone",
          "type": null,
          "probability": 1,
          "modifiers": [
            "public"
          ],
          "to_variable": {
            "key": "_BEy34FVAEDa1POZ-vn2zgg",
            "name": "Phone",
            "type": null,
            "modifiers": [
              "public"
            ],
            "position": {}
          },
          "position": {}
        },
        "_kbRSsFU_EDa1POZ-vn2zgg": {
          "key": "_kbRSsFU_EDa1POZ-vn2zgg",
          "name": "DateCreate",
          "type": null,
          "probability": 1,
          "modifiers": [
            "public"
          ],
          "to_variable": {
            "key": "_CCsqkFVAEDa1POZ-vn2zgg",
            "name": "DateCreate",
            "type": null,
            "modifiers": [
              "public"
            ],
            "position": {}
          },
          "position": {}
        }
      }
    },
    "fields_to_fields_data_clump-./Request-_nKpDAFU_EDa1POZ-vn2zgg-_CASsQFU_EDa1POZ-vn2zgg-NamePhoneDateCreate": {
      "type": "data_clump",
      "key": "fields_to_fields_data_clump-./Request-_nKpDAFU_EDa1POZ-vn2zgg-_CASsQFU_EDa1POZ-vn2zgg-NamePhoneDateCreate",
      "probability": 1,
      "from_file_path": "./Request",
      "from_class_or_interface_name": "Request",
      "from_class_or_interface_key": "_nKpDAFU_EDa1POZ-vn2zgg",
      "from_method_name": null,
      "from_method_key": null,
      "to_file_path": "./Order",
      "to_class_or_interface_key": "_CASsQFU_EDa1POZ-vn2zgg",
      "to_class_or_interface_name": "Request",
      "to_method_key": null,
      "to_method_name": null,
      "data_clump_type": "fields_to_fields_data_clump",
      "data_clump_data": {
        "___TPcFU_EDa1POZ-vn2zgg": {
          "key": "___TPcFU_EDa1POZ-vn2zgg",
          "name": "Name",
          "type": null,
          "probability": 1,
          "modifiers": [
            "public"
          ],
          "to_variable": {
            "key": "_LnPYYFU_EDa1POZ-vn2zgg",
            "name": "Name",
            "type": null,
            "modifiers": [
              "public"
            ],
            "position": {}
          },
          "position": {}
        },
        "_BEy34FVAEDa1POZ-vn2zgg": {
          "key": "_BEy34FVAEDa1POZ-vn2zgg",
          "name": "Phone",
          "type": null,
          "probability": 1,
          "modifiers": [
            "public"
          ],
          "to_variable": {
            "key": "_VLMa4FU_EDa1POZ-vn2zgg",
            "name": "Phone",
            "type": null,
            "modifiers": [
              "public"
            ],
            "position": {}
          },
          "position": {}
        },
        "_CCsqkFVAEDa1POZ-vn2zgg": {
          "key": "_CCsqkFVAEDa1POZ-vn2zgg",
          "name": "DateCreate",
          "type": null,
          "probability": 1,
          "modifiers": [
            "public"
          ],
          "to_variable": {
            "key": "_kbRSsFU_EDa1POZ-vn2zgg",
            "name": "DateCreate",
            "type": null,
            "modifiers": [
              "public"
            ],
            "position": {}
          },
          "position": {}
        }
      }
    },
    "fields_to_fields_data_clump-./Room(I)-_8M-7wFU8EDa1POZ-vn2zgg-_h3K7EFU7EDa1POZ-vn2zgg-NameMainPhotoDescription": {
      "type": "data_clump",
      "key": "fields_to_fields_data_clump-./Room(I)-_8M-7wFU8EDa1POZ-vn2zgg-_h3K7EFU7EDa1POZ-vn2zgg-NameMainPhotoDescription",
      "probability": 1,
      "from_file_path": "./Room(I)",
      "from_class_or_interface_name": "Room(I)",
      "from_class_or_interface_key": "_8M-7wFU8EDa1POZ-vn2zgg",
      "from_method_name": null,
      "from_method_key": null,
      "to_file_path": "./Hotel(SI)",
      "to_class_or_interface_key": "_h3K7EFU7EDa1POZ-vn2zgg",
      "to_class_or_interface_name": "Room(I)",
      "to_method_key": null,
      "to_method_name": null,
      "data_clump_type": "fields_to_fields_data_clump",
      "data_clump_data": {
        "_ODEMgFU9EDa1POZ-vn2zgg": {
          "key": "_ODEMgFU9EDa1POZ-vn2zgg",
          "name": "Name",
          "type": null,
          "probability": 1,
          "modifiers": [
            "public"
          ],
          "to_variable": {
            "key": "_GdEg8FU8EDa1POZ-vn2zgg",
            "name": "Name",
            "type": null,
            "modifiers": [
              "public"
            ],
            "position": {}
          },
          "position": {}
        },
        "_V5UXEFU9EDa1POZ-vn2zgg": {
          "key": "_V5UXEFU9EDa1POZ-vn2zgg",
          "name": "MainPhoto",
          "type": null,
          "probability": 1,
          "modifiers": [
            "protected"
          ],
          "to_variable": {
            "key": "_-8CjAFU8EDa1POZ-vn2zgg",
            "name": "MainPhoto",
            "type": null,
            "modifiers": [
              "protected"
            ],
            "position": {}
          },
          "position": {}
        },
        "_JxYfcFU-EDa1POZ-vn2zgg": {
          "key": "_JxYfcFU-EDa1POZ-vn2zgg",
          "name": "Description",
          "type": null,
          "probability": 1,
          "modifiers": [
            "protected"
          ],
          "to_variable": {
            "key": "_KB4EcFU8EDa1POZ-vn2zgg",
            "name": "Description",
            "type": null,
            "modifiers": [
              "protected"
            ],
            "position": {}
          },
          "position": {}
        }
      }
    }
  }
}