{
  "report_version": "unknown",
  "report_timestamp": "2025-03-26T21:45:49.576Z",
  "target_language": "java",
  "report_summary": {
    "additional": null,
    "amount_classes_or_interfaces_with_data_clumps": 2,
    "amount_files_with_data_clumps": 2,
    "amount_methods_with_data_clumps": 0,
    "fields_to_fields_data_clump": 2,
    "parameters_to_fields_data_clump": 0,
    "parameters_to_parameters_data_clump": 0,
    "amount_data_clumps": 2
  },
  "project_info": {
    "project_url": "unknown_project_url",
    "project_name": "_CI3MwHwMEeShroDxTnL5_A",
    "project_version": "unknown_project_version",
    "project_commit_hash": "unknown",
    "project_tag": null,
    "project_commit_date": null,
    "additional": {},
    "number_of_files": 9,
    "number_of_classes_or_interfaces": 9,
    "number_of_methods": 0,
    "number_of_data_fields": 43,
    "number_of_method_parameters": 0
  },
  "detector": {
    "name": "data-clumps-doctor",
    "url": "https://github.com/NilsBaumgartner1994/data-clumps-doctor",
    "version": "0.1.100",
    "options": {
      "typeVariablesConsidered": false,
      "similarityModifierOfVariablesWithUnknownType": 0,
      "fieldsOfClassesWithUnknownHierarchyProbabilityModifier": 0,
      "sharedFieldsToFieldsAmountMinimum": 3,
      "analyseFieldsInClassesOrInterfacesInheritedFromSuperClassesOrInterfaces": false,
      "sharedParametersToParametersAmountMinimum": 3,
      "sharedParametersToFieldsAmountMinimum": 3,
      "methodsOfClassesOrInterfacesWithUnknownHierarchyProbabilityModifier": 0
    }
  },
  "data_clumps": {
    "fields_to_fields_data_clump-./guestbook-_LsdzMF46EDKZAOIN-GxB0w-_F1FeMF48EDKZAOIN-GxB0w-titletextdate": {
      "type": "data_clump",
      "key": "fields_to_fields_data_clump-./guestbook-_LsdzMF46EDKZAOIN-GxB0w-_F1FeMF48EDKZAOIN-GxB0w-titletextdate",
      "probability": 1,
      "from_file_path": "./guestbook",
      "from_class_or_interface_name": "guestbook",
      "from_class_or_interface_key": "_LsdzMF46EDKZAOIN-GxB0w",
      "from_method_name": null,
      "from_method_key": null,
      "to_file_path": "./news",
      "to_class_or_interface_key": "_F1FeMF48EDKZAOIN-GxB0w",
      "to_class_or_interface_name": "guestbook",
      "to_method_key": null,
      "to_method_name": null,
      "data_clump_type": "fields_to_fields_data_clump",
      "data_clump_data": {
        "_07jxwF46EDKZAOIN-GxB0w": {
          "key": "_07jxwF46EDKZAOIN-GxB0w",
          "name": "title",
          "type": null,
          "probability": 1,
          "modifiers": [],
          "to_variable": {
            "key": "_HivS0F48EDKZAOIN-GxB0w",
            "name": "title",
            "type": null,
            "modifiers": [],
            "position": {}
          },
          "position": {}
        },
        "_2q0v8F46EDKZAOIN-GxB0w": {
          "key": "_2q0v8F46EDKZAOIN-GxB0w",
          "name": "text",
          "type": null,
          "probability": 1,
          "modifiers": [],
          "to_variable": {
            "key": "_Idzz8F48EDKZAOIN-GxB0w",
            "name": "text",
            "type": null,
            "modifiers": [],
            "position": {}
          },
          "position": {}
        },
        "_3_qb8F46EDKZAOIN-GxB0w": {
          "key": "_3_qb8F46EDKZAOIN-GxB0w",
          "name": "date",
          "type": null,
          "probability": 1,
          "modifiers": [],
          "to_variable": {
            "key": "_I65YkF48EDKZAOIN-GxB0w",
            "name": "date",
            "type": null,
            "modifiers": [],
            "position": {}
          },
          "position": {}
        }
      }
    },
    "fields_to_fields_data_clump-./news-_F1FeMF48EDKZAOIN-GxB0w-_LsdzMF46EDKZAOIN-GxB0w-titletextdate": {
      "type": "data_clump",
      "key": "fields_to_fields_data_clump-./news-_F1FeMF48EDKZAOIN-GxB0w-_LsdzMF46EDKZAOIN-GxB0w-titletextdate",
      "probability": 1,
      "from_file_path": "./news",
      "from_class_or_interface_name": "news",
      "from_class_or_interface_key": "_F1FeMF48EDKZAOIN-GxB0w",
      "from_method_name": null,
      "from_method_key": null,
      "to_file_path": "./guestbook",
      "to_class_or_interface_key": "_LsdzMF46EDKZAOIN-GxB0w",
      "to_class_or_interface_name": "news",
      "to_method_key": null,
      "to_method_name": null,
      "data_clump_type": "fields_to_fields_data_clump",
      "data_clump_data": {
        "_HivS0F48EDKZAOIN-GxB0w": {
          "key": "_HivS0F48EDKZAOIN-GxB0w",
          "name": "title",
          "type": null,
          "probability": 1,
          "modifiers": [],
          "to_variable": {
            "key": "_07jxwF46EDKZAOIN-GxB0w",
            "name": "title",
            "type": null,
            "modifiers": [],
            "position": {}
          },
          "position": {}
        },
        "_Idzz8F48EDKZAOIN-GxB0w": {
          "key": "_Idzz8F48EDKZAOIN-GxB0w",
          "name": "text",
          "type": null,
          "probability": 1,
          "modifiers": [],
          "to_variable": {
            "key": "_2q0v8F46EDKZAOIN-GxB0w",
            "name": "text",
            "type": null,
            "modifiers": [],
            "position": {}
          },
          "position": {}
        },
        "_I65YkF48EDKZAOIN-GxB0w": {
          "key": "_I65YkF48EDKZAOIN-GxB0w",
          "name": "date",
          "type": null,
          "probability": 1,
          "modifiers": [],
          "to_variable": {
            "key": "_3_qb8F46EDKZAOIN-GxB0w",
            "name": "date",
            "type": null,
            "modifiers": [],
            "position": {}
          },
          "position": {}
        }
      }
    }
  }
}