{
  "report_version": "unknown",
  "report_timestamp": "2025-03-26T21:52:28.577Z",
  "target_language": "java",
  "report_summary": {
    "additional": null,
    "amount_classes_or_interfaces_with_data_clumps": 1,
    "amount_files_with_data_clumps": 1,
    "amount_methods_with_data_clumps": 2,
    "fields_to_fields_data_clump": 0,
    "parameters_to_fields_data_clump": 0,
    "parameters_to_parameters_data_clump": 2,
    "amount_data_clumps": 2
  },
  "project_info": {
    "project_url": "unknown_project_url",
    "project_name": "_OXnb8JunEeatq8d26AXc2w",
    "project_version": "unknown_project_version",
    "project_commit_hash": "unknown",
    "project_tag": null,
    "project_commit_date": null,
    "additional": {},
    "number_of_files": 6,
    "number_of_classes_or_interfaces": 6,
    "number_of_methods": 11,
    "number_of_data_fields": 10,
    "number_of_method_parameters": 8
  },
  "detector": {
    "name": "data-clumps-doctor",
    "url": "https://github.com/NilsBaumgartner1994/data-clumps-doctor",
    "version": "0.1.100",
    "options": {
      "typeVariablesConsidered": false,
      "similarityModifierOfVariablesWithUnknownType": 0,
      "fieldsOfClassesWithUnknownHierarchyProbabilityModifier": 0,
      "sharedFieldsToFieldsAmountMinimum": 3,
      "analyseFieldsInClassesOrInterfacesInheritedFromSuperClassesOrInterfaces": false,
      "sharedParametersToParametersAmountMinimum": 3,
      "sharedParametersToFieldsAmountMinimum": 3,
      "methodsOfClassesOrInterfacesWithUnknownHierarchyProbabilityModifier": 0
    }
  },
  "data_clumps": {
    "parameters_to_parameters_data_clump-./TicTacToe-_3FcAcYD7EDSUH4hM3EAjEg-_9BuYsYD7EDSUH4hM3EAjEg-parameterparameter2parameter3": {
      "type": "data_clump",
      "key": "parameters_to_parameters_data_clump-./TicTacToe-_3FcAcYD7EDSUH4hM3EAjEg-_9BuYsYD7EDSUH4hM3EAjEg-parameterparameter2parameter3",
      "probability": 1,
      "from_file_path": "./TicTacToe",
      "from_class_or_interface_name": "TicTacToe",
      "from_class_or_interface_key": "_WEF74ID6EDSUH4hM3EAjEg",
      "from_method_name": "add",
      "from_method_key": "_3FcAcYD7EDSUH4hM3EAjEg",
      "to_file_path": "./TicTacToe",
      "to_class_or_interface_name": "TicTacToe",
      "to_class_or_interface_key": "_WEF74ID6EDSUH4hM3EAjEg",
      "to_method_name": "winCheck",
      "to_method_key": "_9BuYsYD7EDSUH4hM3EAjEg",
      "data_clump_type": "parameters_to_parameters_data_clump",
      "data_clump_data": {
        "_3au7AID7EDSUH4hM3EAjEg": {
          "key": "_3au7AID7EDSUH4hM3EAjEg",
          "name": "parameter",
          "type": null,
          "probability": 1,
          "modifiers": [],
          "to_variable": {
            "key": "_-u5sMID7EDSUH4hM3EAjEg",
            "name": "parameter",
            "type": null,
            "modifiers": [],
            "position": {}
          },
          "position": {}
        },
        "_3rJVkID7EDSUH4hM3EAjEg": {
          "key": "_3rJVkID7EDSUH4hM3EAjEg",
          "name": "parameter2",
          "type": null,
          "probability": 1,
          "modifiers": [],
          "to_variable": {
            "key": "_-yucQID7EDSUH4hM3EAjEg",
            "name": "parameter2",
            "type": null,
            "modifiers": [],
            "position": {}
          },
          "position": {}
        },
        "_3u0UoID7EDSUH4hM3EAjEg": {
          "key": "_3u0UoID7EDSUH4hM3EAjEg",
          "name": "parameter3",
          "type": null,
          "probability": 1,
          "modifiers": [],
          "to_variable": {
            "key": "_-2GgYID7EDSUH4hM3EAjEg",
            "name": "parameter3",
            "type": null,
            "modifiers": [],
            "position": {}
          },
          "position": {}
        }
      }
    },
    "parameters_to_parameters_data_clump-./TicTacToe-_9BuYsYD7EDSUH4hM3EAjEg-_3FcAcYD7EDSUH4hM3EAjEg-parameterparameter2parameter3": {
      "type": "data_clump",
      "key": "parameters_to_parameters_data_clump-./TicTacToe-_9BuYsYD7EDSUH4hM3EAjEg-_3FcAcYD7EDSUH4hM3EAjEg-parameterparameter2parameter3",
      "probability": 1,
      "from_file_path": "./TicTacToe",
      "from_class_or_interface_name": "TicTacToe",
      "from_class_or_interface_key": "_WEF74ID6EDSUH4hM3EAjEg",
      "from_method_name": "winCheck",
      "from_method_key": "_9BuYsYD7EDSUH4hM3EAjEg",
      "to_file_path": "./TicTacToe",
      "to_class_or_interface_name": "TicTacToe",
      "to_class_or_interface_key": "_WEF74ID6EDSUH4hM3EAjEg",
      "to_method_name": "add",
      "to_method_key": "_3FcAcYD7EDSUH4hM3EAjEg",
      "data_clump_type": "parameters_to_parameters_data_clump",
      "data_clump_data": {
        "_-u5sMID7EDSUH4hM3EAjEg": {
          "key": "_-u5sMID7EDSUH4hM3EAjEg",
          "name": "parameter",
          "type": null,
          "probability": 1,
          "modifiers": [],
          "to_variable": {
            "key": "_3au7AID7EDSUH4hM3EAjEg",
            "name": "parameter",
            "type": null,
            "modifiers": [],
            "position": {}
          },
          "position": {}
        },
        "_-yucQID7EDSUH4hM3EAjEg": {
          "key": "_-yucQID7EDSUH4hM3EAjEg",
          "name": "parameter2",
          "type": null,
          "probability": 1,
          "modifiers": [],
          "to_variable": {
            "key": "_3rJVkID7EDSUH4hM3EAjEg",
            "name": "parameter2",
            "type": null,
            "modifiers": [],
            "position": {}
          },
          "position": {}
        },
        "_-2GgYID7EDSUH4hM3EAjEg": {
          "key": "_-2GgYID7EDSUH4hM3EAjEg",
          "name": "parameter3",
          "type": null,
          "probability": 1,
          "modifiers": [],
          "to_variable": {
            "key": "_3u0UoID7EDSUH4hM3EAjEg",
            "name": "parameter3",
            "type": null,
            "modifiers": [],
            "position": {}
          },
          "position": {}
        }
      }
    }
  }
}