{
  "report_version": "unknown",
  "report_timestamp": "2025-03-26T21:47:30.408Z",
  "target_language": "java",
  "report_summary": {
    "additional": null,
    "amount_classes_or_interfaces_with_data_clumps": 5,
    "amount_files_with_data_clumps": 5,
    "amount_methods_with_data_clumps": 7,
    "fields_to_fields_data_clump": 6,
    "parameters_to_fields_data_clump": 11,
    "parameters_to_parameters_data_clump": 8,
    "amount_data_clumps": 25
  },
  "project_info": {
    "project_url": "unknown_project_url",
    "project_name": "https___www.github.com_IAAS_oryx-editor_tree_master_editor_server_src_de_hpi_bpel4chor_model_activities_model.activities.event.uml",
    "project_version": "unknown_project_version",
    "project_commit_hash": "unknown",
    "project_tag": null,
    "project_commit_date": null,
    "additional": {},
    "number_of_files": 43,
    "number_of_classes_or_interfaces": 43,
    "number_of_methods": 341,
    "number_of_data_fields": 122,
    "number_of_method_parameters": 349
  },
  "detector": {
    "name": "data-clumps-doctor",
    "url": "https://github.com/NilsBaumgartner1994/data-clumps-doctor",
    "version": "0.1.100",
    "options": {
      "typeVariablesConsidered": false,
      "similarityModifierOfVariablesWithUnknownType": 0,
      "fieldsOfClassesWithUnknownHierarchyProbabilityModifier": 0,
      "sharedFieldsToFieldsAmountMinimum": 3,
      "analyseFieldsInClassesOrInterfacesInheritedFromSuperClassesOrInterfaces": false,
      "sharedParametersToParametersAmountMinimum": 3,
      "sharedParametersToFieldsAmountMinimum": 3,
      "methodsOfClassesOrInterfacesWithUnknownHierarchyProbabilityModifier": 0
    }
  },
  "data_clumps": {
    "parameters_to_parameters_data_clump-./BasicActivityFactory-_JNjvrJjiEdy5va0YHYksEw-_JEnPJpjiEdy5va0YHYksEw-diagramdocumentoutput": {
      "type": "data_clump",
      "key": "parameters_to_parameters_data_clump-./BasicActivityFactory-_JNjvrJjiEdy5va0YHYksEw-_JEnPJpjiEdy5va0YHYksEw-diagramdocumentoutput",
      "probability": 1,
      "from_file_path": "./BasicActivityFactory",
      "from_class_or_interface_name": "BasicActivityFactory",
      "from_class_or_interface_key": "_JLLKA5jiEdy5va0YHYksEw",
      "from_method_name": "BasicActivityFactory",
      "from_method_key": "_JNjvrJjiEdy5va0YHYksEw",
      "to_file_path": "./StructuredElementsFactory",
      "to_class_or_interface_name": "StructuredElementsFactory",
      "to_class_or_interface_key": "_IzebtpjiEdy5va0YHYksEw",
      "to_method_name": "StructuredElementsFactory",
      "to_method_key": "_JEnPJpjiEdy5va0YHYksEw",
      "data_clump_type": "parameters_to_parameters_data_clump",
      "data_clump_data": {
        "_JNjvrZjiEdy5va0YHYksEw": {
          "key": "_JNjvrZjiEdy5va0YHYksEw",
          "name": "diagram",
          "type": null,
          "probability": 1,
          "modifiers": [],
          "to_variable": {
            "key": "_JEnPJ5jiEdy5va0YHYksEw",
            "name": "diagram",
            "type": null,
            "modifiers": [],
            "position": {}
          },
          "position": {}
        },
        "_JNjvrpjiEdy5va0YHYksEw": {
          "key": "_JNjvrpjiEdy5va0YHYksEw",
          "name": "document",
          "type": null,
          "probability": 1,
          "modifiers": [],
          "to_variable": {
            "key": "_JEnPKJjiEdy5va0YHYksEw",
            "name": "document",
            "type": null,
            "modifiers": [],
            "position": {}
          },
          "position": {}
        },
        "_JNjvr5jiEdy5va0YHYksEw": {
          "key": "_JNjvr5jiEdy5va0YHYksEw",
          "name": "output",
          "type": null,
          "probability": 1,
          "modifiers": [],
          "to_variable": {
            "key": "_JEnPKZjiEdy5va0YHYksEw",
            "name": "output",
            "type": null,
            "modifiers": [],
            "position": {}
          },
          "position": {}
        }
      }
    },
    "parameters_to_parameters_data_clump-./BasicActivityFactory-_JNjvrJjiEdy5va0YHYksEw-_Img9yJjiEdy5va0YHYksEw-diagramdocumentoutput": {
      "type": "data_clump",
      "key": "parameters_to_parameters_data_clump-./BasicActivityFactory-_JNjvrJjiEdy5va0YHYksEw-_Img9yJjiEdy5va0YHYksEw-diagramdocumentoutput",
      "probability": 1,
      "from_file_path": "./BasicActivityFactory",
      "from_class_or_interface_name": "BasicActivityFactory",
      "from_class_or_interface_key": "_JLLKA5jiEdy5va0YHYksEw",
      "from_method_name": "BasicActivityFactory",
      "from_method_key": "_JNjvrJjiEdy5va0YHYksEw",
      "to_file_path": "./SupportingFactory",
      "to_class_or_interface_name": "SupportingFactory",
      "to_class_or_interface_key": "_IkIYIJjiEdy5va0YHYksEw",
      "to_method_name": "SupportingFactory",
      "to_method_key": "_Img9yJjiEdy5va0YHYksEw",
      "data_clump_type": "parameters_to_parameters_data_clump",
      "data_clump_data": {
        "_JNjvrZjiEdy5va0YHYksEw": {
          "key": "_JNjvrZjiEdy5va0YHYksEw",
          "name": "diagram",
          "type": null,
          "probability": 1,
          "modifiers": [],
          "to_variable": {
            "key": "_Img9yZjiEdy5va0YHYksEw",
            "name": "diagram",
            "type": null,
            "modifiers": [],
            "position": {}
          },
          "position": {}
        },
        "_JNjvrpjiEdy5va0YHYksEw": {
          "key": "_JNjvrpjiEdy5va0YHYksEw",
          "name": "document",
          "type": null,
          "probability": 1,
          "modifiers": [],
          "to_variable": {
            "key": "_Img9ypjiEdy5va0YHYksEw",
            "name": "document",
            "type": null,
            "modifiers": [],
            "position": {}
          },
          "position": {}
        },
        "_JNjvr5jiEdy5va0YHYksEw": {
          "key": "_JNjvr5jiEdy5va0YHYksEw",
          "name": "output",
          "type": null,
          "probability": 1,
          "modifiers": [],
          "to_variable": {
            "key": "_Img9y5jiEdy5va0YHYksEw",
            "name": "output",
            "type": null,
            "modifiers": [],
            "position": {}
          },
          "position": {}
        }
      }
    },
    "parameters_to_fields_data_clump-./BasicActivityFactory-_JNjvrJjiEdy5va0YHYksEw-_JLLKA5jiEdy5va0YHYksEw-diagramdocumentoutput": {
      "type": "data_clump",
      "key": "parameters_to_fields_data_clump-./BasicActivityFactory-_JNjvrJjiEdy5va0YHYksEw-_JLLKA5jiEdy5va0YHYksEw-diagramdocumentoutput",
      "probability": 1,
      "from_file_path": "./BasicActivityFactory",
      "from_class_or_interface_name": "BasicActivityFactory",
      "from_class_or_interface_key": "_JLLKA5jiEdy5va0YHYksEw",
      "from_method_name": "BasicActivityFactory",
      "from_method_key": "_JNjvrJjiEdy5va0YHYksEw",
      "to_file_path": "./BasicActivityFactory",
      "to_class_or_interface_name": "BasicActivityFactory",
      "to_class_or_interface_key": "_JLLKA5jiEdy5va0YHYksEw",
      "to_method_name": null,
      "to_method_key": null,
      "data_clump_type": "parameters_to_fields_data_clump",
      "data_clump_data": {
        "_JNjvrZjiEdy5va0YHYksEw": {
          "key": "_JNjvrZjiEdy5va0YHYksEw",
          "name": "diagram",
          "type": null,
          "probability": 1,
          "modifiers": [],
          "to_variable": {
            "key": "_JNQNo5jiEdy5va0YHYksEw",
            "name": "diagram",
            "type": null,
            "modifiers": [
              "private"
            ],
            "position": {}
          },
          "position": {}
        },
        "_JNjvrpjiEdy5va0YHYksEw": {
          "key": "_JNjvrpjiEdy5va0YHYksEw",
          "name": "document",
          "type": null,
          "probability": 1,
          "modifiers": [],
          "to_variable": {
            "key": "_JNQNoJjiEdy5va0YHYksEw",
            "name": "document",
            "type": null,
            "modifiers": [
              "private"
            ],
            "position": {}
          },
          "position": {}
        },
        "_JNjvr5jiEdy5va0YHYksEw": {
          "key": "_JNjvr5jiEdy5va0YHYksEw",
          "name": "output",
          "type": null,
          "probability": 1,
          "modifiers": [],
          "to_variable": {
            "key": "_JNQNpJjiEdy5va0YHYksEw",
            "name": "output",
            "type": null,
            "modifiers": [
              "private"
            ],
            "position": {}
          },
          "position": {}
        }
      }
    },
    "parameters_to_fields_data_clump-./BasicActivityFactory-_JNjvrJjiEdy5va0YHYksEw-_IzebtpjiEdy5va0YHYksEw-diagramdocumentoutput": {
      "type": "data_clump",
      "key": "parameters_to_fields_data_clump-./BasicActivityFactory-_JNjvrJjiEdy5va0YHYksEw-_IzebtpjiEdy5va0YHYksEw-diagramdocumentoutput",
      "probability": 1,
      "from_file_path": "./BasicActivityFactory",
      "from_class_or_interface_name": "BasicActivityFactory",
      "from_class_or_interface_key": "_JLLKA5jiEdy5va0YHYksEw",
      "from_method_name": "BasicActivityFactory",
      "from_method_key": "_JNjvrJjiEdy5va0YHYksEw",
      "to_file_path": "./StructuredElementsFactory",
      "to_class_or_interface_name": "StructuredElementsFactory",
      "to_class_or_interface_key": "_IzebtpjiEdy5va0YHYksEw",
      "to_method_name": null,
      "to_method_key": null,
      "data_clump_type": "parameters_to_fields_data_clump",
      "data_clump_data": {
        "_JNjvrZjiEdy5va0YHYksEw": {
          "key": "_JNjvrZjiEdy5va0YHYksEw",
          "name": "diagram",
          "type": null,
          "probability": 1,
          "modifiers": [],
          "to_variable": {
            "key": "_JEBZIJjiEdy5va0YHYksEw",
            "name": "diagram",
            "type": null,
            "modifiers": [
              "private"
            ],
            "position": {}
          },
          "position": {}
        },
        "_JNjvrpjiEdy5va0YHYksEw": {
          "key": "_JNjvrpjiEdy5va0YHYksEw",
          "name": "document",
          "type": null,
          "probability": 1,
          "modifiers": [],
          "to_variable": {
            "key": "_JD3oIJjiEdy5va0YHYksEw",
            "name": "document",
            "type": null,
            "modifiers": [
              "private"
            ],
            "position": {}
          },
          "position": {}
        },
        "_JNjvr5jiEdy5va0YHYksEw": {
          "key": "_JNjvr5jiEdy5va0YHYksEw",
          "name": "output",
          "type": null,
          "probability": 1,
          "modifiers": [],
          "to_variable": {
            "key": "_JEBZIZjiEdy5va0YHYksEw",
            "name": "output",
            "type": null,
            "modifiers": [
              "private"
            ],
            "position": {}
          },
          "position": {}
        }
      }
    },
    "parameters_to_fields_data_clump-./BasicActivityFactory-_JNjvrJjiEdy5va0YHYksEw-_IkIYIJjiEdy5va0YHYksEw-diagramdocumentoutput": {
      "type": "data_clump",
      "key": "parameters_to_fields_data_clump-./BasicActivityFactory-_JNjvrJjiEdy5va0YHYksEw-_IkIYIJjiEdy5va0YHYksEw-diagramdocumentoutput",
      "probability": 1,
      "from_file_path": "./BasicActivityFactory",
      "from_class_or_interface_name": "BasicActivityFactory",
      "from_class_or_interface_key": "_JLLKA5jiEdy5va0YHYksEw",
      "from_method_name": "BasicActivityFactory",
      "from_method_key": "_JNjvrJjiEdy5va0YHYksEw",
      "to_file_path": "./SupportingFactory",
      "to_class_or_interface_name": "SupportingFactory",
      "to_class_or_interface_key": "_IkIYIJjiEdy5va0YHYksEw",
      "to_method_name": null,
      "to_method_key": null,
      "data_clump_type": "parameters_to_fields_data_clump",
      "data_clump_data": {
        "_JNjvrZjiEdy5va0YHYksEw": {
          "key": "_JNjvrZjiEdy5va0YHYksEw",
          "name": "diagram",
          "type": null,
          "probability": 1,
          "modifiers": [],
          "to_variable": {
            "key": "_Ild045jiEdy5va0YHYksEw",
            "name": "diagram",
            "type": null,
            "modifiers": [
              "private"
            ],
            "position": {}
          },
          "position": {}
        },
        "_JNjvrpjiEdy5va0YHYksEw": {
          "key": "_JNjvrpjiEdy5va0YHYksEw",
          "name": "document",
          "type": null,
          "probability": 1,
          "modifiers": [],
          "to_variable": {
            "key": "_Ild04ZjiEdy5va0YHYksEw",
            "name": "document",
            "type": null,
            "modifiers": [
              "private"
            ],
            "position": {}
          },
          "position": {}
        },
        "_JNjvr5jiEdy5va0YHYksEw": {
          "key": "_JNjvr5jiEdy5va0YHYksEw",
          "name": "output",
          "type": null,
          "probability": 1,
          "modifiers": [],
          "to_variable": {
            "key": "_Ild05JjiEdy5va0YHYksEw",
            "name": "output",
            "type": null,
            "modifiers": [
              "private"
            ],
            "position": {}
          },
          "position": {}
        }
      }
    },
    "parameters_to_parameters_data_clump-./Componentizer-_I7hkepjiEdy5va0YHYksEw-_I7-QcZjiEdy5va0YHYksEw-setsourcetarget": {
      "type": "data_clump",
      "key": "parameters_to_parameters_data_clump-./Componentizer-_I7hkepjiEdy5va0YHYksEw-_I7-QcZjiEdy5va0YHYksEw-setsourcetarget",
      "probability": 1,
      "from_file_path": "./Componentizer",
      "from_class_or_interface_name": "Componentizer",
      "from_class_or_interface_key": "_IxF2EJjiEdy5va0YHYksEw",
      "from_method_name": "checkGeneralizedFlowAct",
      "from_method_key": "_I7hkepjiEdy5va0YHYksEw",
      "to_file_path": "./Componentizer",
      "to_class_or_interface_name": "Componentizer",
      "to_class_or_interface_key": "_IxF2EJjiEdy5va0YHYksEw",
      "to_method_name": "checkSynchronizingProcessAct",
      "to_method_key": "_I7-QcZjiEdy5va0YHYksEw",
      "data_clump_type": "parameters_to_parameters_data_clump",
      "data_clump_data": {
        "_I7hke5jiEdy5va0YHYksEw": {
          "key": "_I7hke5jiEdy5va0YHYksEw",
          "name": "set",
          "type": null,
          "probability": 1,
          "modifiers": [],
          "to_variable": {
            "key": "_I7-QcpjiEdy5va0YHYksEw",
            "name": "set",
            "type": null,
            "modifiers": [],
            "position": {}
          },
          "position": {}
        },
        "_I7hkfJjiEdy5va0YHYksEw": {
          "key": "_I7hkfJjiEdy5va0YHYksEw",
          "name": "source",
          "type": null,
          "probability": 1,
          "modifiers": [],
          "to_variable": {
            "key": "_I7-Qc5jiEdy5va0YHYksEw",
            "name": "source",
            "type": null,
            "modifiers": [],
            "position": {}
          },
          "position": {}
        },
        "_I7hkfZjiEdy5va0YHYksEw": {
          "key": "_I7hkfZjiEdy5va0YHYksEw",
          "name": "target",
          "type": null,
          "probability": 1,
          "modifiers": [],
          "to_variable": {
            "key": "_I7-QdJjiEdy5va0YHYksEw",
            "name": "target",
            "type": null,
            "modifiers": [],
            "position": {}
          },
          "position": {}
        }
      }
    },
    "parameters_to_parameters_data_clump-./Componentizer-_I7-QcZjiEdy5va0YHYksEw-_I7hkepjiEdy5va0YHYksEw-setsourcetarget": {
      "type": "data_clump",
      "key": "parameters_to_parameters_data_clump-./Componentizer-_I7-QcZjiEdy5va0YHYksEw-_I7hkepjiEdy5va0YHYksEw-setsourcetarget",
      "probability": 1,
      "from_file_path": "./Componentizer",
      "from_class_or_interface_name": "Componentizer",
      "from_class_or_interface_key": "_IxF2EJjiEdy5va0YHYksEw",
      "from_method_name": "checkSynchronizingProcessAct",
      "from_method_key": "_I7-QcZjiEdy5va0YHYksEw",
      "to_file_path": "./Componentizer",
      "to_class_or_interface_name": "Componentizer",
      "to_class_or_interface_key": "_IxF2EJjiEdy5va0YHYksEw",
      "to_method_name": "checkGeneralizedFlowAct",
      "to_method_key": "_I7hkepjiEdy5va0YHYksEw",
      "data_clump_type": "parameters_to_parameters_data_clump",
      "data_clump_data": {
        "_I7-QcpjiEdy5va0YHYksEw": {
          "key": "_I7-QcpjiEdy5va0YHYksEw",
          "name": "set",
          "type": null,
          "probability": 1,
          "modifiers": [],
          "to_variable": {
            "key": "_I7hke5jiEdy5va0YHYksEw",
            "name": "set",
            "type": null,
            "modifiers": [],
            "position": {}
          },
          "position": {}
        },
        "_I7-Qc5jiEdy5va0YHYksEw": {
          "key": "_I7-Qc5jiEdy5va0YHYksEw",
          "name": "source",
          "type": null,
          "probability": 1,
          "modifiers": [],
          "to_variable": {
            "key": "_I7hkfJjiEdy5va0YHYksEw",
            "name": "source",
            "type": null,
            "modifiers": [],
            "position": {}
          },
          "position": {}
        },
        "_I7-QdJjiEdy5va0YHYksEw": {
          "key": "_I7-QdJjiEdy5va0YHYksEw",
          "name": "target",
          "type": null,
          "probability": 1,
          "modifiers": [],
          "to_variable": {
            "key": "_I7hkfZjiEdy5va0YHYksEw",
            "name": "target",
            "type": null,
            "modifiers": [],
            "position": {}
          },
          "position": {}
        }
      }
    },
    "parameters_to_fields_data_clump-./Componentizer-_I8HaVZjiEdy5va0YHYksEw-_IxF2EJjiEdy5va0YHYksEw-diagramcontaineroutput": {
      "type": "data_clump",
      "key": "parameters_to_fields_data_clump-./Componentizer-_I8HaVZjiEdy5va0YHYksEw-_IxF2EJjiEdy5va0YHYksEw-diagramcontaineroutput",
      "probability": 1,
      "from_file_path": "./Componentizer",
      "from_class_or_interface_name": "Componentizer",
      "from_class_or_interface_key": "_IxF2EJjiEdy5va0YHYksEw",
      "from_method_name": "Componentizer",
      "from_method_key": "_I8HaVZjiEdy5va0YHYksEw",
      "to_file_path": "./Componentizer",
      "to_class_or_interface_name": "Componentizer",
      "to_class_or_interface_key": "_IxF2EJjiEdy5va0YHYksEw",
      "to_method_name": null,
      "to_method_key": null,
      "data_clump_type": "parameters_to_fields_data_clump",
      "data_clump_data": {
        "_I8HaVpjiEdy5va0YHYksEw": {
          "key": "_I8HaVpjiEdy5va0YHYksEw",
          "name": "diagram",
          "type": null,
          "probability": 1,
          "modifiers": [],
          "to_variable": {
            "key": "_I7OpgZjiEdy5va0YHYksEw",
            "name": "diagram",
            "type": null,
            "modifiers": [
              "private"
            ],
            "position": {}
          },
          "position": {}
        },
        "_I8HaV5jiEdy5va0YHYksEw": {
          "key": "_I8HaV5jiEdy5va0YHYksEw",
          "name": "container",
          "type": null,
          "probability": 1,
          "modifiers": [],
          "to_variable": {
            "key": "_I7OpgJjiEdy5va0YHYksEw",
            "name": "container",
            "type": null,
            "modifiers": [
              "private"
            ],
            "position": {}
          },
          "position": {}
        },
        "_I8HaWJjiEdy5va0YHYksEw": {
          "key": "_I8HaWJjiEdy5va0YHYksEw",
          "name": "output",
          "type": null,
          "probability": 1,
          "modifiers": [],
          "to_variable": {
            "key": "_I7OpgpjiEdy5va0YHYksEw",
            "name": "output",
            "type": null,
            "modifiers": [
              "private"
            ],
            "position": {}
          },
          "position": {}
        }
      }
    },
    "parameters_to_fields_data_clump-./Gateway-_Mnehj5jREdy5va0YHYksEw-_MgUwoZjREdy5va0YHYksEw-gatewayTypesplitTypecreateInstance": {
      "type": "data_clump",
      "key": "parameters_to_fields_data_clump-./Gateway-_Mnehj5jREdy5va0YHYksEw-_MgUwoZjREdy5va0YHYksEw-gatewayTypesplitTypecreateInstance",
      "probability": 1,
      "from_file_path": "./Gateway",
      "from_class_or_interface_name": "Gateway",
      "from_class_or_interface_key": "_MgUwoZjREdy5va0YHYksEw",
      "from_method_name": "Gateway",
      "from_method_key": "_Mnehj5jREdy5va0YHYksEw",
      "to_file_path": "./Gateway",
      "to_class_or_interface_name": "Gateway",
      "to_class_or_interface_key": "_MgUwoZjREdy5va0YHYksEw",
      "to_method_name": null,
      "to_method_key": null,
      "data_clump_type": "parameters_to_fields_data_clump",
      "data_clump_data": {
        "_MnehkJjREdy5va0YHYksEw": {
          "key": "_MnehkJjREdy5va0YHYksEw",
          "name": "gatewayType",
          "type": null,
          "probability": 1,
          "modifiers": [],
          "to_variable": {
            "key": "_MnUwgJjREdy5va0YHYksEw",
            "name": "gatewayType",
            "type": null,
            "modifiers": [
              "private"
            ],
            "position": {}
          },
          "position": {}
        },
        "_MnehkZjREdy5va0YHYksEw": {
          "key": "_MnehkZjREdy5va0YHYksEw",
          "name": "splitType",
          "type": null,
          "probability": 1,
          "modifiers": [],
          "to_variable": {
            "key": "_MnLmkJjREdy5va0YHYksEw",
            "name": "splitType",
            "type": null,
            "modifiers": [
              "private"
            ],
            "position": {}
          },
          "position": {}
        },
        "_MnehkpjREdy5va0YHYksEw": {
          "key": "_MnehkpjREdy5va0YHYksEw",
          "name": "createInstance",
          "type": null,
          "probability": 1,
          "modifiers": [],
          "to_variable": {
            "key": "_MnUwhJjREdy5va0YHYksEw",
            "name": "createInstance",
            "type": null,
            "modifiers": [
              "private"
            ],
            "position": {}
          },
          "position": {}
        }
      }
    },
    "parameters_to_parameters_data_clump-./StructuredElementsFactory-_JEnPJpjiEdy5va0YHYksEw-_JNjvrJjiEdy5va0YHYksEw-diagramdocumentoutput": {
      "type": "data_clump",
      "key": "parameters_to_parameters_data_clump-./StructuredElementsFactory-_JEnPJpjiEdy5va0YHYksEw-_JNjvrJjiEdy5va0YHYksEw-diagramdocumentoutput",
      "probability": 1,
      "from_file_path": "./StructuredElementsFactory",
      "from_class_or_interface_name": "StructuredElementsFactory",
      "from_class_or_interface_key": "_IzebtpjiEdy5va0YHYksEw",
      "from_method_name": "StructuredElementsFactory",
      "from_method_key": "_JEnPJpjiEdy5va0YHYksEw",
      "to_file_path": "./BasicActivityFactory",
      "to_class_or_interface_name": "BasicActivityFactory",
      "to_class_or_interface_key": "_JLLKA5jiEdy5va0YHYksEw",
      "to_method_name": "BasicActivityFactory",
      "to_method_key": "_JNjvrJjiEdy5va0YHYksEw",
      "data_clump_type": "parameters_to_parameters_data_clump",
      "data_clump_data": {
        "_JEnPJ5jiEdy5va0YHYksEw": {
          "key": "_JEnPJ5jiEdy5va0YHYksEw",
          "name": "diagram",
          "type": null,
          "probability": 1,
          "modifiers": [],
          "to_variable": {
            "key": "_JNjvrZjiEdy5va0YHYksEw",
            "name": "diagram",
            "type": null,
            "modifiers": [],
            "position": {}
          },
          "position": {}
        },
        "_JEnPKJjiEdy5va0YHYksEw": {
          "key": "_JEnPKJjiEdy5va0YHYksEw",
          "name": "document",
          "type": null,
          "probability": 1,
          "modifiers": [],
          "to_variable": {
            "key": "_JNjvrpjiEdy5va0YHYksEw",
            "name": "document",
            "type": null,
            "modifiers": [],
            "position": {}
          },
          "position": {}
        },
        "_JEnPKZjiEdy5va0YHYksEw": {
          "key": "_JEnPKZjiEdy5va0YHYksEw",
          "name": "output",
          "type": null,
          "probability": 1,
          "modifiers": [],
          "to_variable": {
            "key": "_JNjvr5jiEdy5va0YHYksEw",
            "name": "output",
            "type": null,
            "modifiers": [],
            "position": {}
          },
          "position": {}
        }
      }
    },
    "parameters_to_parameters_data_clump-./StructuredElementsFactory-_JEnPJpjiEdy5va0YHYksEw-_Img9yJjiEdy5va0YHYksEw-diagramdocumentoutput": {
      "type": "data_clump",
      "key": "parameters_to_parameters_data_clump-./StructuredElementsFactory-_JEnPJpjiEdy5va0YHYksEw-_Img9yJjiEdy5va0YHYksEw-diagramdocumentoutput",
      "probability": 1,
      "from_file_path": "./StructuredElementsFactory",
      "from_class_or_interface_name": "StructuredElementsFactory",
      "from_class_or_interface_key": "_IzebtpjiEdy5va0YHYksEw",
      "from_method_name": "StructuredElementsFactory",
      "from_method_key": "_JEnPJpjiEdy5va0YHYksEw",
      "to_file_path": "./SupportingFactory",
      "to_class_or_interface_name": "SupportingFactory",
      "to_class_or_interface_key": "_IkIYIJjiEdy5va0YHYksEw",
      "to_method_name": "SupportingFactory",
      "to_method_key": "_Img9yJjiEdy5va0YHYksEw",
      "data_clump_type": "parameters_to_parameters_data_clump",
      "data_clump_data": {
        "_JEnPJ5jiEdy5va0YHYksEw": {
          "key": "_JEnPJ5jiEdy5va0YHYksEw",
          "name": "diagram",
          "type": null,
          "probability": 1,
          "modifiers": [],
          "to_variable": {
            "key": "_Img9yZjiEdy5va0YHYksEw",
            "name": "diagram",
            "type": null,
            "modifiers": [],
            "position": {}
          },
          "position": {}
        },
        "_JEnPKJjiEdy5va0YHYksEw": {
          "key": "_JEnPKJjiEdy5va0YHYksEw",
          "name": "document",
          "type": null,
          "probability": 1,
          "modifiers": [],
          "to_variable": {
            "key": "_Img9ypjiEdy5va0YHYksEw",
            "name": "document",
            "type": null,
            "modifiers": [],
            "position": {}
          },
          "position": {}
        },
        "_JEnPKZjiEdy5va0YHYksEw": {
          "key": "_JEnPKZjiEdy5va0YHYksEw",
          "name": "output",
          "type": null,
          "probability": 1,
          "modifiers": [],
          "to_variable": {
            "key": "_Img9y5jiEdy5va0YHYksEw",
            "name": "output",
            "type": null,
            "modifiers": [],
            "position": {}
          },
          "position": {}
        }
      }
    },
    "parameters_to_fields_data_clump-./StructuredElementsFactory-_JEnPJpjiEdy5va0YHYksEw-_JLLKA5jiEdy5va0YHYksEw-diagramdocumentoutput": {
      "type": "data_clump",
      "key": "parameters_to_fields_data_clump-./StructuredElementsFactory-_JEnPJpjiEdy5va0YHYksEw-_JLLKA5jiEdy5va0YHYksEw-diagramdocumentoutput",
      "probability": 1,
      "from_file_path": "./StructuredElementsFactory",
      "from_class_or_interface_name": "StructuredElementsFactory",
      "from_class_or_interface_key": "_IzebtpjiEdy5va0YHYksEw",
      "from_method_name": "StructuredElementsFactory",
      "from_method_key": "_JEnPJpjiEdy5va0YHYksEw",
      "to_file_path": "./BasicActivityFactory",
      "to_class_or_interface_name": "BasicActivityFactory",
      "to_class_or_interface_key": "_JLLKA5jiEdy5va0YHYksEw",
      "to_method_name": null,
      "to_method_key": null,
      "data_clump_type": "parameters_to_fields_data_clump",
      "data_clump_data": {
        "_JEnPJ5jiEdy5va0YHYksEw": {
          "key": "_JEnPJ5jiEdy5va0YHYksEw",
          "name": "diagram",
          "type": null,
          "probability": 1,
          "modifiers": [],
          "to_variable": {
            "key": "_JNQNo5jiEdy5va0YHYksEw",
            "name": "diagram",
            "type": null,
            "modifiers": [
              "private"
            ],
            "position": {}
          },
          "position": {}
        },
        "_JEnPKJjiEdy5va0YHYksEw": {
          "key": "_JEnPKJjiEdy5va0YHYksEw",
          "name": "document",
          "type": null,
          "probability": 1,
          "modifiers": [],
          "to_variable": {
            "key": "_JNQNoJjiEdy5va0YHYksEw",
            "name": "document",
            "type": null,
            "modifiers": [
              "private"
            ],
            "position": {}
          },
          "position": {}
        },
        "_JEnPKZjiEdy5va0YHYksEw": {
          "key": "_JEnPKZjiEdy5va0YHYksEw",
          "name": "output",
          "type": null,
          "probability": 1,
          "modifiers": [],
          "to_variable": {
            "key": "_JNQNpJjiEdy5va0YHYksEw",
            "name": "output",
            "type": null,
            "modifiers": [
              "private"
            ],
            "position": {}
          },
          "position": {}
        }
      }
    },
    "parameters_to_fields_data_clump-./StructuredElementsFactory-_JEnPJpjiEdy5va0YHYksEw-_IzebtpjiEdy5va0YHYksEw-diagramdocumentoutput": {
      "type": "data_clump",
      "key": "parameters_to_fields_data_clump-./StructuredElementsFactory-_JEnPJpjiEdy5va0YHYksEw-_IzebtpjiEdy5va0YHYksEw-diagramdocumentoutput",
      "probability": 1,
      "from_file_path": "./StructuredElementsFactory",
      "from_class_or_interface_name": "StructuredElementsFactory",
      "from_class_or_interface_key": "_IzebtpjiEdy5va0YHYksEw",
      "from_method_name": "StructuredElementsFactory",
      "from_method_key": "_JEnPJpjiEdy5va0YHYksEw",
      "to_file_path": "./StructuredElementsFactory",
      "to_class_or_interface_name": "StructuredElementsFactory",
      "to_class_or_interface_key": "_IzebtpjiEdy5va0YHYksEw",
      "to_method_name": null,
      "to_method_key": null,
      "data_clump_type": "parameters_to_fields_data_clump",
      "data_clump_data": {
        "_JEnPJ5jiEdy5va0YHYksEw": {
          "key": "_JEnPJ5jiEdy5va0YHYksEw",
          "name": "diagram",
          "type": null,
          "probability": 1,
          "modifiers": [],
          "to_variable": {
            "key": "_JEBZIJjiEdy5va0YHYksEw",
            "name": "diagram",
            "type": null,
            "modifiers": [
              "private"
            ],
            "position": {}
          },
          "position": {}
        },
        "_JEnPKJjiEdy5va0YHYksEw": {
          "key": "_JEnPKJjiEdy5va0YHYksEw",
          "name": "document",
          "type": null,
          "probability": 1,
          "modifiers": [],
          "to_variable": {
            "key": "_JD3oIJjiEdy5va0YHYksEw",
            "name": "document",
            "type": null,
            "modifiers": [
              "private"
            ],
            "position": {}
          },
          "position": {}
        },
        "_JEnPKZjiEdy5va0YHYksEw": {
          "key": "_JEnPKZjiEdy5va0YHYksEw",
          "name": "output",
          "type": null,
          "probability": 1,
          "modifiers": [],
          "to_variable": {
            "key": "_JEBZIZjiEdy5va0YHYksEw",
            "name": "output",
            "type": null,
            "modifiers": [
              "private"
            ],
            "position": {}
          },
          "position": {}
        }
      }
    },
    "parameters_to_fields_data_clump-./StructuredElementsFactory-_JEnPJpjiEdy5va0YHYksEw-_IkIYIJjiEdy5va0YHYksEw-diagramdocumentoutput": {
      "type": "data_clump",
      "key": "parameters_to_fields_data_clump-./StructuredElementsFactory-_JEnPJpjiEdy5va0YHYksEw-_IkIYIJjiEdy5va0YHYksEw-diagramdocumentoutput",
      "probability": 1,
      "from_file_path": "./StructuredElementsFactory",
      "from_class_or_interface_name": "StructuredElementsFactory",
      "from_class_or_interface_key": "_IzebtpjiEdy5va0YHYksEw",
      "from_method_name": "StructuredElementsFactory",
      "from_method_key": "_JEnPJpjiEdy5va0YHYksEw",
      "to_file_path": "./SupportingFactory",
      "to_class_or_interface_name": "SupportingFactory",
      "to_class_or_interface_key": "_IkIYIJjiEdy5va0YHYksEw",
      "to_method_name": null,
      "to_method_key": null,
      "data_clump_type": "parameters_to_fields_data_clump",
      "data_clump_data": {
        "_JEnPJ5jiEdy5va0YHYksEw": {
          "key": "_JEnPJ5jiEdy5va0YHYksEw",
          "name": "diagram",
          "type": null,
          "probability": 1,
          "modifiers": [],
          "to_variable": {
            "key": "_Ild045jiEdy5va0YHYksEw",
            "name": "diagram",
            "type": null,
            "modifiers": [
              "private"
            ],
            "position": {}
          },
          "position": {}
        },
        "_JEnPKJjiEdy5va0YHYksEw": {
          "key": "_JEnPKJjiEdy5va0YHYksEw",
          "name": "document",
          "type": null,
          "probability": 1,
          "modifiers": [],
          "to_variable": {
            "key": "_Ild04ZjiEdy5va0YHYksEw",
            "name": "document",
            "type": null,
            "modifiers": [
              "private"
            ],
            "position": {}
          },
          "position": {}
        },
        "_JEnPKZjiEdy5va0YHYksEw": {
          "key": "_JEnPKZjiEdy5va0YHYksEw",
          "name": "output",
          "type": null,
          "probability": 1,
          "modifiers": [],
          "to_variable": {
            "key": "_Ild05JjiEdy5va0YHYksEw",
            "name": "output",
            "type": null,
            "modifiers": [
              "private"
            ],
            "position": {}
          },
          "position": {}
        }
      }
    },
    "parameters_to_parameters_data_clump-./SupportingFactory-_Img9yJjiEdy5va0YHYksEw-_JNjvrJjiEdy5va0YHYksEw-diagramdocumentoutput": {
      "type": "data_clump",
      "key": "parameters_to_parameters_data_clump-./SupportingFactory-_Img9yJjiEdy5va0YHYksEw-_JNjvrJjiEdy5va0YHYksEw-diagramdocumentoutput",
      "probability": 1,
      "from_file_path": "./SupportingFactory",
      "from_class_or_interface_name": "SupportingFactory",
      "from_class_or_interface_key": "_IkIYIJjiEdy5va0YHYksEw",
      "from_method_name": "SupportingFactory",
      "from_method_key": "_Img9yJjiEdy5va0YHYksEw",
      "to_file_path": "./BasicActivityFactory",
      "to_class_or_interface_name": "BasicActivityFactory",
      "to_class_or_interface_key": "_JLLKA5jiEdy5va0YHYksEw",
      "to_method_name": "BasicActivityFactory",
      "to_method_key": "_JNjvrJjiEdy5va0YHYksEw",
      "data_clump_type": "parameters_to_parameters_data_clump",
      "data_clump_data": {
        "_Img9yZjiEdy5va0YHYksEw": {
          "key": "_Img9yZjiEdy5va0YHYksEw",
          "name": "diagram",
          "type": null,
          "probability": 1,
          "modifiers": [],
          "to_variable": {
            "key": "_JNjvrZjiEdy5va0YHYksEw",
            "name": "diagram",
            "type": null,
            "modifiers": [],
            "position": {}
          },
          "position": {}
        },
        "_Img9ypjiEdy5va0YHYksEw": {
          "key": "_Img9ypjiEdy5va0YHYksEw",
          "name": "document",
          "type": null,
          "probability": 1,
          "modifiers": [],
          "to_variable": {
            "key": "_JNjvrpjiEdy5va0YHYksEw",
            "name": "document",
            "type": null,
            "modifiers": [],
            "position": {}
          },
          "position": {}
        },
        "_Img9y5jiEdy5va0YHYksEw": {
          "key": "_Img9y5jiEdy5va0YHYksEw",
          "name": "output",
          "type": null,
          "probability": 1,
          "modifiers": [],
          "to_variable": {
            "key": "_JNjvr5jiEdy5va0YHYksEw",
            "name": "output",
            "type": null,
            "modifiers": [],
            "position": {}
          },
          "position": {}
        }
      }
    },
    "parameters_to_parameters_data_clump-./SupportingFactory-_Img9yJjiEdy5va0YHYksEw-_JEnPJpjiEdy5va0YHYksEw-diagramdocumentoutput": {
      "type": "data_clump",
      "key": "parameters_to_parameters_data_clump-./SupportingFactory-_Img9yJjiEdy5va0YHYksEw-_JEnPJpjiEdy5va0YHYksEw-diagramdocumentoutput",
      "probability": 1,
      "from_file_path": "./SupportingFactory",
      "from_class_or_interface_name": "SupportingFactory",
      "from_class_or_interface_key": "_IkIYIJjiEdy5va0YHYksEw",
      "from_method_name": "SupportingFactory",
      "from_method_key": "_Img9yJjiEdy5va0YHYksEw",
      "to_file_path": "./StructuredElementsFactory",
      "to_class_or_interface_name": "StructuredElementsFactory",
      "to_class_or_interface_key": "_IzebtpjiEdy5va0YHYksEw",
      "to_method_name": "StructuredElementsFactory",
      "to_method_key": "_JEnPJpjiEdy5va0YHYksEw",
      "data_clump_type": "parameters_to_parameters_data_clump",
      "data_clump_data": {
        "_Img9yZjiEdy5va0YHYksEw": {
          "key": "_Img9yZjiEdy5va0YHYksEw",
          "name": "diagram",
          "type": null,
          "probability": 1,
          "modifiers": [],
          "to_variable": {
            "key": "_JEnPJ5jiEdy5va0YHYksEw",
            "name": "diagram",
            "type": null,
            "modifiers": [],
            "position": {}
          },
          "position": {}
        },
        "_Img9ypjiEdy5va0YHYksEw": {
          "key": "_Img9ypjiEdy5va0YHYksEw",
          "name": "document",
          "type": null,
          "probability": 1,
          "modifiers": [],
          "to_variable": {
            "key": "_JEnPKJjiEdy5va0YHYksEw",
            "name": "document",
            "type": null,
            "modifiers": [],
            "position": {}
          },
          "position": {}
        },
        "_Img9y5jiEdy5va0YHYksEw": {
          "key": "_Img9y5jiEdy5va0YHYksEw",
          "name": "output",
          "type": null,
          "probability": 1,
          "modifiers": [],
          "to_variable": {
            "key": "_JEnPKZjiEdy5va0YHYksEw",
            "name": "output",
            "type": null,
            "modifiers": [],
            "position": {}
          },
          "position": {}
        }
      }
    },
    "parameters_to_fields_data_clump-./SupportingFactory-_Img9yJjiEdy5va0YHYksEw-_JLLKA5jiEdy5va0YHYksEw-diagramdocumentoutput": {
      "type": "data_clump",
      "key": "parameters_to_fields_data_clump-./SupportingFactory-_Img9yJjiEdy5va0YHYksEw-_JLLKA5jiEdy5va0YHYksEw-diagramdocumentoutput",
      "probability": 1,
      "from_file_path": "./SupportingFactory",
      "from_class_or_interface_name": "SupportingFactory",
      "from_class_or_interface_key": "_IkIYIJjiEdy5va0YHYksEw",
      "from_method_name": "SupportingFactory",
      "from_method_key": "_Img9yJjiEdy5va0YHYksEw",
      "to_file_path": "./BasicActivityFactory",
      "to_class_or_interface_name": "BasicActivityFactory",
      "to_class_or_interface_key": "_JLLKA5jiEdy5va0YHYksEw",
      "to_method_name": null,
      "to_method_key": null,
      "data_clump_type": "parameters_to_fields_data_clump",
      "data_clump_data": {
        "_Img9yZjiEdy5va0YHYksEw": {
          "key": "_Img9yZjiEdy5va0YHYksEw",
          "name": "diagram",
          "type": null,
          "probability": 1,
          "modifiers": [],
          "to_variable": {
            "key": "_JNQNo5jiEdy5va0YHYksEw",
            "name": "diagram",
            "type": null,
            "modifiers": [
              "private"
            ],
            "position": {}
          },
          "position": {}
        },
        "_Img9ypjiEdy5va0YHYksEw": {
          "key": "_Img9ypjiEdy5va0YHYksEw",
          "name": "document",
          "type": null,
          "probability": 1,
          "modifiers": [],
          "to_variable": {
            "key": "_JNQNoJjiEdy5va0YHYksEw",
            "name": "document",
            "type": null,
            "modifiers": [
              "private"
            ],
            "position": {}
          },
          "position": {}
        },
        "_Img9y5jiEdy5va0YHYksEw": {
          "key": "_Img9y5jiEdy5va0YHYksEw",
          "name": "output",
          "type": null,
          "probability": 1,
          "modifiers": [],
          "to_variable": {
            "key": "_JNQNpJjiEdy5va0YHYksEw",
            "name": "output",
            "type": null,
            "modifiers": [
              "private"
            ],
            "position": {}
          },
          "position": {}
        }
      }
    },
    "parameters_to_fields_data_clump-./SupportingFactory-_Img9yJjiEdy5va0YHYksEw-_IzebtpjiEdy5va0YHYksEw-diagramdocumentoutput": {
      "type": "data_clump",
      "key": "parameters_to_fields_data_clump-./SupportingFactory-_Img9yJjiEdy5va0YHYksEw-_IzebtpjiEdy5va0YHYksEw-diagramdocumentoutput",
      "probability": 1,
      "from_file_path": "./SupportingFactory",
      "from_class_or_interface_name": "SupportingFactory",
      "from_class_or_interface_key": "_IkIYIJjiEdy5va0YHYksEw",
      "from_method_name": "SupportingFactory",
      "from_method_key": "_Img9yJjiEdy5va0YHYksEw",
      "to_file_path": "./StructuredElementsFactory",
      "to_class_or_interface_name": "StructuredElementsFactory",
      "to_class_or_interface_key": "_IzebtpjiEdy5va0YHYksEw",
      "to_method_name": null,
      "to_method_key": null,
      "data_clump_type": "parameters_to_fields_data_clump",
      "data_clump_data": {
        "_Img9yZjiEdy5va0YHYksEw": {
          "key": "_Img9yZjiEdy5va0YHYksEw",
          "name": "diagram",
          "type": null,
          "probability": 1,
          "modifiers": [],
          "to_variable": {
            "key": "_JEBZIJjiEdy5va0YHYksEw",
            "name": "diagram",
            "type": null,
            "modifiers": [
              "private"
            ],
            "position": {}
          },
          "position": {}
        },
        "_Img9ypjiEdy5va0YHYksEw": {
          "key": "_Img9ypjiEdy5va0YHYksEw",
          "name": "document",
          "type": null,
          "probability": 1,
          "modifiers": [],
          "to_variable": {
            "key": "_JD3oIJjiEdy5va0YHYksEw",
            "name": "document",
            "type": null,
            "modifiers": [
              "private"
            ],
            "position": {}
          },
          "position": {}
        },
        "_Img9y5jiEdy5va0YHYksEw": {
          "key": "_Img9y5jiEdy5va0YHYksEw",
          "name": "output",
          "type": null,
          "probability": 1,
          "modifiers": [],
          "to_variable": {
            "key": "_JEBZIZjiEdy5va0YHYksEw",
            "name": "output",
            "type": null,
            "modifiers": [
              "private"
            ],
            "position": {}
          },
          "position": {}
        }
      }
    },
    "parameters_to_fields_data_clump-./SupportingFactory-_Img9yJjiEdy5va0YHYksEw-_IkIYIJjiEdy5va0YHYksEw-diagramdocumentoutput": {
      "type": "data_clump",
      "key": "parameters_to_fields_data_clump-./SupportingFactory-_Img9yJjiEdy5va0YHYksEw-_IkIYIJjiEdy5va0YHYksEw-diagramdocumentoutput",
      "probability": 1,
      "from_file_path": "./SupportingFactory",
      "from_class_or_interface_name": "SupportingFactory",
      "from_class_or_interface_key": "_IkIYIJjiEdy5va0YHYksEw",
      "from_method_name": "SupportingFactory",
      "from_method_key": "_Img9yJjiEdy5va0YHYksEw",
      "to_file_path": "./SupportingFactory",
      "to_class_or_interface_name": "SupportingFactory",
      "to_class_or_interface_key": "_IkIYIJjiEdy5va0YHYksEw",
      "to_method_name": null,
      "to_method_key": null,
      "data_clump_type": "parameters_to_fields_data_clump",
      "data_clump_data": {
        "_Img9yZjiEdy5va0YHYksEw": {
          "key": "_Img9yZjiEdy5va0YHYksEw",
          "name": "diagram",
          "type": null,
          "probability": 1,
          "modifiers": [],
          "to_variable": {
            "key": "_Ild045jiEdy5va0YHYksEw",
            "name": "diagram",
            "type": null,
            "modifiers": [
              "private"
            ],
            "position": {}
          },
          "position": {}
        },
        "_Img9ypjiEdy5va0YHYksEw": {
          "key": "_Img9ypjiEdy5va0YHYksEw",
          "name": "document",
          "type": null,
          "probability": 1,
          "modifiers": [],
          "to_variable": {
            "key": "_Ild04ZjiEdy5va0YHYksEw",
            "name": "document",
            "type": null,
            "modifiers": [
              "private"
            ],
            "position": {}
          },
          "position": {}
        },
        "_Img9y5jiEdy5va0YHYksEw": {
          "key": "_Img9y5jiEdy5va0YHYksEw",
          "name": "output",
          "type": null,
          "probability": 1,
          "modifiers": [],
          "to_variable": {
            "key": "_Ild05JjiEdy5va0YHYksEw",
            "name": "output",
            "type": null,
            "modifiers": [
              "private"
            ],
            "position": {}
          },
          "position": {}
        }
      }
    },
    "fields_to_fields_data_clump-./BasicActivityFactory-_JLLKA5jiEdy5va0YHYksEw-_IzebtpjiEdy5va0YHYksEw-documentsupportingFactorydiagramoutput": {
      "type": "data_clump",
      "key": "fields_to_fields_data_clump-./BasicActivityFactory-_JLLKA5jiEdy5va0YHYksEw-_IzebtpjiEdy5va0YHYksEw-documentsupportingFactorydiagramoutput",
      "probability": 1,
      "from_file_path": "./BasicActivityFactory",
      "from_class_or_interface_name": "BasicActivityFactory",
      "from_class_or_interface_key": "_JLLKA5jiEdy5va0YHYksEw",
      "from_method_name": null,
      "from_method_key": null,
      "to_file_path": "./StructuredElementsFactory",
      "to_class_or_interface_key": "_IzebtpjiEdy5va0YHYksEw",
      "to_class_or_interface_name": "BasicActivityFactory",
      "to_method_key": null,
      "to_method_name": null,
      "data_clump_type": "fields_to_fields_data_clump",
      "data_clump_data": {
        "_JNQNoJjiEdy5va0YHYksEw": {
          "key": "_JNQNoJjiEdy5va0YHYksEw",
          "name": "document",
          "type": null,
          "probability": 1,
          "modifiers": [
            "private"
          ],
          "to_variable": {
            "key": "_JD3oIJjiEdy5va0YHYksEw",
            "name": "document",
            "type": null,
            "modifiers": [
              "private"
            ],
            "position": {}
          },
          "position": {}
        },
        "_JNQNopjiEdy5va0YHYksEw": {
          "key": "_JNQNopjiEdy5va0YHYksEw",
          "name": "supportingFactory",
          "type": null,
          "probability": 1,
          "modifiers": [
            "private"
          ],
          "to_variable": {
            "key": "_JD3oIZjiEdy5va0YHYksEw",
            "name": "supportingFactory",
            "type": null,
            "modifiers": [
              "private"
            ],
            "position": {}
          },
          "position": {}
        },
        "_JNQNo5jiEdy5va0YHYksEw": {
          "key": "_JNQNo5jiEdy5va0YHYksEw",
          "name": "diagram",
          "type": null,
          "probability": 1,
          "modifiers": [
            "private"
          ],
          "to_variable": {
            "key": "_JEBZIJjiEdy5va0YHYksEw",
            "name": "diagram",
            "type": null,
            "modifiers": [
              "private"
            ],
            "position": {}
          },
          "position": {}
        },
        "_JNQNpJjiEdy5va0YHYksEw": {
          "key": "_JNQNpJjiEdy5va0YHYksEw",
          "name": "output",
          "type": null,
          "probability": 1,
          "modifiers": [
            "private"
          ],
          "to_variable": {
            "key": "_JEBZIZjiEdy5va0YHYksEw",
            "name": "output",
            "type": null,
            "modifiers": [
              "private"
            ],
            "position": {}
          },
          "position": {}
        }
      }
    },
    "fields_to_fields_data_clump-./BasicActivityFactory-_JLLKA5jiEdy5va0YHYksEw-_IkIYIJjiEdy5va0YHYksEw-documentdiagramoutput": {
      "type": "data_clump",
      "key": "fields_to_fields_data_clump-./BasicActivityFactory-_JLLKA5jiEdy5va0YHYksEw-_IkIYIJjiEdy5va0YHYksEw-documentdiagramoutput",
      "probability": 1,
      "from_file_path": "./BasicActivityFactory",
      "from_class_or_interface_name": "BasicActivityFactory",
      "from_class_or_interface_key": "_JLLKA5jiEdy5va0YHYksEw",
      "from_method_name": null,
      "from_method_key": null,
      "to_file_path": "./SupportingFactory",
      "to_class_or_interface_key": "_IkIYIJjiEdy5va0YHYksEw",
      "to_class_or_interface_name": "BasicActivityFactory",
      "to_method_key": null,
      "to_method_name": null,
      "data_clump_type": "fields_to_fields_data_clump",
      "data_clump_data": {
        "_JNQNoJjiEdy5va0YHYksEw": {
          "key": "_JNQNoJjiEdy5va0YHYksEw",
          "name": "document",
          "type": null,
          "probability": 1,
          "modifiers": [
            "private"
          ],
          "to_variable": {
            "key": "_Ild04ZjiEdy5va0YHYksEw",
            "name": "document",
            "type": null,
            "modifiers": [
              "private"
            ],
            "position": {}
          },
          "position": {}
        },
        "_JNQNo5jiEdy5va0YHYksEw": {
          "key": "_JNQNo5jiEdy5va0YHYksEw",
          "name": "diagram",
          "type": null,
          "probability": 1,
          "modifiers": [
            "private"
          ],
          "to_variable": {
            "key": "_Ild045jiEdy5va0YHYksEw",
            "name": "diagram",
            "type": null,
            "modifiers": [
              "private"
            ],
            "position": {}
          },
          "position": {}
        },
        "_JNQNpJjiEdy5va0YHYksEw": {
          "key": "_JNQNpJjiEdy5va0YHYksEw",
          "name": "output",
          "type": null,
          "probability": 1,
          "modifiers": [
            "private"
          ],
          "to_variable": {
            "key": "_Ild05JjiEdy5va0YHYksEw",
            "name": "output",
            "type": null,
            "modifiers": [
              "private"
            ],
            "position": {}
          },
          "position": {}
        }
      }
    },
    "fields_to_fields_data_clump-./StructuredElementsFactory-_IzebtpjiEdy5va0YHYksEw-_JLLKA5jiEdy5va0YHYksEw-documentsupportingFactorydiagramoutput": {
      "type": "data_clump",
      "key": "fields_to_fields_data_clump-./StructuredElementsFactory-_IzebtpjiEdy5va0YHYksEw-_JLLKA5jiEdy5va0YHYksEw-documentsupportingFactorydiagramoutput",
      "probability": 1,
      "from_file_path": "./StructuredElementsFactory",
      "from_class_or_interface_name": "StructuredElementsFactory",
      "from_class_or_interface_key": "_IzebtpjiEdy5va0YHYksEw",
      "from_method_name": null,
      "from_method_key": null,
      "to_file_path": "./BasicActivityFactory",
      "to_class_or_interface_key": "_JLLKA5jiEdy5va0YHYksEw",
      "to_class_or_interface_name": "StructuredElementsFactory",
      "to_method_key": null,
      "to_method_name": null,
      "data_clump_type": "fields_to_fields_data_clump",
      "data_clump_data": {
        "_JD3oIJjiEdy5va0YHYksEw": {
          "key": "_JD3oIJjiEdy5va0YHYksEw",
          "name": "document",
          "type": null,
          "probability": 1,
          "modifiers": [
            "private"
          ],
          "to_variable": {
            "key": "_JNQNoJjiEdy5va0YHYksEw",
            "name": "document",
            "type": null,
            "modifiers": [
              "private"
            ],
            "position": {}
          },
          "position": {}
        },
        "_JD3oIZjiEdy5va0YHYksEw": {
          "key": "_JD3oIZjiEdy5va0YHYksEw",
          "name": "supportingFactory",
          "type": null,
          "probability": 1,
          "modifiers": [
            "private"
          ],
          "to_variable": {
            "key": "_JNQNopjiEdy5va0YHYksEw",
            "name": "supportingFactory",
            "type": null,
            "modifiers": [
              "private"
            ],
            "position": {}
          },
          "position": {}
        },
        "_JEBZIJjiEdy5va0YHYksEw": {
          "key": "_JEBZIJjiEdy5va0YHYksEw",
          "name": "diagram",
          "type": null,
          "probability": 1,
          "modifiers": [
            "private"
          ],
          "to_variable": {
            "key": "_JNQNo5jiEdy5va0YHYksEw",
            "name": "diagram",
            "type": null,
            "modifiers": [
              "private"
            ],
            "position": {}
          },
          "position": {}
        },
        "_JEBZIZjiEdy5va0YHYksEw": {
          "key": "_JEBZIZjiEdy5va0YHYksEw",
          "name": "output",
          "type": null,
          "probability": 1,
          "modifiers": [
            "private"
          ],
          "to_variable": {
            "key": "_JNQNpJjiEdy5va0YHYksEw",
            "name": "output",
            "type": null,
            "modifiers": [
              "private"
            ],
            "position": {}
          },
          "position": {}
        }
      }
    },
    "fields_to_fields_data_clump-./StructuredElementsFactory-_IzebtpjiEdy5va0YHYksEw-_IkIYIJjiEdy5va0YHYksEw-documentdiagramoutput": {
      "type": "data_clump",
      "key": "fields_to_fields_data_clump-./StructuredElementsFactory-_IzebtpjiEdy5va0YHYksEw-_IkIYIJjiEdy5va0YHYksEw-documentdiagramoutput",
      "probability": 1,
      "from_file_path": "./StructuredElementsFactory",
      "from_class_or_interface_name": "StructuredElementsFactory",
      "from_class_or_interface_key": "_IzebtpjiEdy5va0YHYksEw",
      "from_method_name": null,
      "from_method_key": null,
      "to_file_path": "./SupportingFactory",
      "to_class_or_interface_key": "_IkIYIJjiEdy5va0YHYksEw",
      "to_class_or_interface_name": "StructuredElementsFactory",
      "to_method_key": null,
      "to_method_name": null,
      "data_clump_type": "fields_to_fields_data_clump",
      "data_clump_data": {
        "_JD3oIJjiEdy5va0YHYksEw": {
          "key": "_JD3oIJjiEdy5va0YHYksEw",
          "name": "document",
          "type": null,
          "probability": 1,
          "modifiers": [
            "private"
          ],
          "to_variable": {
            "key": "_Ild04ZjiEdy5va0YHYksEw",
            "name": "document",
            "type": null,
            "modifiers": [
              "private"
            ],
            "position": {}
          },
          "position": {}
        },
        "_JEBZIJjiEdy5va0YHYksEw": {
          "key": "_JEBZIJjiEdy5va0YHYksEw",
          "name": "diagram",
          "type": null,
          "probability": 1,
          "modifiers": [
            "private"
          ],
          "to_variable": {
            "key": "_Ild045jiEdy5va0YHYksEw",
            "name": "diagram",
            "type": null,
            "modifiers": [
              "private"
            ],
            "position": {}
          },
          "position": {}
        },
        "_JEBZIZjiEdy5va0YHYksEw": {
          "key": "_JEBZIZjiEdy5va0YHYksEw",
          "name": "output",
          "type": null,
          "probability": 1,
          "modifiers": [
            "private"
          ],
          "to_variable": {
            "key": "_Ild05JjiEdy5va0YHYksEw",
            "name": "output",
            "type": null,
            "modifiers": [
              "private"
            ],
            "position": {}
          },
          "position": {}
        }
      }
    },
    "fields_to_fields_data_clump-./SupportingFactory-_IkIYIJjiEdy5va0YHYksEw-_JLLKA5jiEdy5va0YHYksEw-documentdiagramoutput": {
      "type": "data_clump",
      "key": "fields_to_fields_data_clump-./SupportingFactory-_IkIYIJjiEdy5va0YHYksEw-_JLLKA5jiEdy5va0YHYksEw-documentdiagramoutput",
      "probability": 1,
      "from_file_path": "./SupportingFactory",
      "from_class_or_interface_name": "SupportingFactory",
      "from_class_or_interface_key": "_IkIYIJjiEdy5va0YHYksEw",
      "from_method_name": null,
      "from_method_key": null,
      "to_file_path": "./BasicActivityFactory",
      "to_class_or_interface_key": "_JLLKA5jiEdy5va0YHYksEw",
      "to_class_or_interface_name": "SupportingFactory",
      "to_method_key": null,
      "to_method_name": null,
      "data_clump_type": "fields_to_fields_data_clump",
      "data_clump_data": {
        "_Ild04ZjiEdy5va0YHYksEw": {
          "key": "_Ild04ZjiEdy5va0YHYksEw",
          "name": "document",
          "type": null,
          "probability": 1,
          "modifiers": [
            "private"
          ],
          "to_variable": {
            "key": "_JNQNoJjiEdy5va0YHYksEw",
            "name": "document",
            "type": null,
            "modifiers": [
              "private"
            ],
            "position": {}
          },
          "position": {}
        },
        "_Ild045jiEdy5va0YHYksEw": {
          "key": "_Ild045jiEdy5va0YHYksEw",
          "name": "diagram",
          "type": null,
          "probability": 1,
          "modifiers": [
            "private"
          ],
          "to_variable": {
            "key": "_JNQNo5jiEdy5va0YHYksEw",
            "name": "diagram",
            "type": null,
            "modifiers": [
              "private"
            ],
            "position": {}
          },
          "position": {}
        },
        "_Ild05JjiEdy5va0YHYksEw": {
          "key": "_Ild05JjiEdy5va0YHYksEw",
          "name": "output",
          "type": null,
          "probability": 1,
          "modifiers": [
            "private"
          ],
          "to_variable": {
            "key": "_JNQNpJjiEdy5va0YHYksEw",
            "name": "output",
            "type": null,
            "modifiers": [
              "private"
            ],
            "position": {}
          },
          "position": {}
        }
      }
    },
    "fields_to_fields_data_clump-./SupportingFactory-_IkIYIJjiEdy5va0YHYksEw-_IzebtpjiEdy5va0YHYksEw-documentdiagramoutput": {
      "type": "data_clump",
      "key": "fields_to_fields_data_clump-./SupportingFactory-_IkIYIJjiEdy5va0YHYksEw-_IzebtpjiEdy5va0YHYksEw-documentdiagramoutput",
      "probability": 1,
      "from_file_path": "./SupportingFactory",
      "from_class_or_interface_name": "SupportingFactory",
      "from_class_or_interface_key": "_IkIYIJjiEdy5va0YHYksEw",
      "from_method_name": null,
      "from_method_key": null,
      "to_file_path": "./StructuredElementsFactory",
      "to_class_or_interface_key": "_IzebtpjiEdy5va0YHYksEw",
      "to_class_or_interface_name": "SupportingFactory",
      "to_method_key": null,
      "to_method_name": null,
      "data_clump_type": "fields_to_fields_data_clump",
      "data_clump_data": {
        "_Ild04ZjiEdy5va0YHYksEw": {
          "key": "_Ild04ZjiEdy5va0YHYksEw",
          "name": "document",
          "type": null,
          "probability": 1,
          "modifiers": [
            "private"
          ],
          "to_variable": {
            "key": "_JD3oIJjiEdy5va0YHYksEw",
            "name": "document",
            "type": null,
            "modifiers": [
              "private"
            ],
            "position": {}
          },
          "position": {}
        },
        "_Ild045jiEdy5va0YHYksEw": {
          "key": "_Ild045jiEdy5va0YHYksEw",
          "name": "diagram",
          "type": null,
          "probability": 1,
          "modifiers": [
            "private"
          ],
          "to_variable": {
            "key": "_JEBZIJjiEdy5va0YHYksEw",
            "name": "diagram",
            "type": null,
            "modifiers": [
              "private"
            ],
            "position": {}
          },
          "position": {}
        },
        "_Ild05JjiEdy5va0YHYksEw": {
          "key": "_Ild05JjiEdy5va0YHYksEw",
          "name": "output",
          "type": null,
          "probability": 1,
          "modifiers": [
            "private"
          ],
          "to_variable": {
            "key": "_JEBZIZjiEdy5va0YHYksEw",
            "name": "output",
            "type": null,
            "modifiers": [
              "private"
            ],
            "position": {}
          },
          "position": {}
        }
      }
    }
  }
}