{
  "report_version": "unknown",
  "report_timestamp": "2025-03-26T21:48:21.396Z",
  "target_language": "java",
  "report_summary": {
    "additional": null,
    "amount_classes_or_interfaces_with_data_clumps": 3,
    "amount_files_with_data_clumps": 3,
    "amount_methods_with_data_clumps": 0,
    "fields_to_fields_data_clump": 6,
    "parameters_to_fields_data_clump": 0,
    "parameters_to_parameters_data_clump": 0,
    "amount_data_clumps": 6
  },
  "project_info": {
    "project_url": "unknown_project_url",
    "project_name": "https___www.github.com_kenwebb_Xholon_tree_master_Xholon_transform_Topcased_Elevator.uml",
    "project_version": "unknown_project_version",
    "project_commit_hash": "unknown",
    "project_tag": null,
    "project_commit_date": null,
    "additional": {},
    "number_of_files": 42,
    "number_of_classes_or_interfaces": 42,
    "number_of_methods": 16,
    "number_of_data_fields": 147,
    "number_of_method_parameters": 19
  },
  "detector": {
    "name": "data-clumps-doctor",
    "url": "https://github.com/NilsBaumgartner1994/data-clumps-doctor",
    "version": "0.1.100",
    "options": {
      "typeVariablesConsidered": false,
      "similarityModifierOfVariablesWithUnknownType": 0,
      "fieldsOfClassesWithUnknownHierarchyProbabilityModifier": 0,
      "sharedFieldsToFieldsAmountMinimum": 3,
      "analyseFieldsInClassesOrInterfacesInheritedFromSuperClassesOrInterfaces": false,
      "sharedParametersToParametersAmountMinimum": 3,
      "sharedParametersToFieldsAmountMinimum": 3,
      "methodsOfClassesOrInterfacesWithUnknownHierarchyProbabilityModifier": 0
    }
  },
  "data_clumps": {
    "fields_to_fields_data_clump-./Elevator-_10_0_21c011f_1130901896884_302560_95-_10_0_21c011f_1131396280494_880027_1-bFlooriFloorbOpenbClosedoorControlelevatorDispatch": {
      "type": "data_clump",
      "key": "fields_to_fields_data_clump-./Elevator-_10_0_21c011f_1130901896884_302560_95-_10_0_21c011f_1131396280494_880027_1-bFlooriFloorbOpenbClosedoorControlelevatorDispatch",
      "probability": 1,
      "from_file_path": "./Elevator",
      "from_class_or_interface_name": "Elevator",
      "from_class_or_interface_key": "_10_0_21c011f_1130901896884_302560_95",
      "from_method_name": null,
      "from_method_key": null,
      "to_file_path": "./User",
      "to_class_or_interface_key": "_10_0_21c011f_1131396280494_880027_1",
      "to_class_or_interface_name": "Elevator",
      "to_method_key": null,
      "to_method_name": null,
      "data_clump_type": "fields_to_fields_data_clump",
      "data_clump_data": {
        "_10_0_21c011f_1131336386489_445752_760": {
          "key": "_10_0_21c011f_1131336386489_445752_760",
          "name": "bFloor",
          "type": null,
          "probability": 1,
          "modifiers": [
            "public"
          ],
          "to_variable": {
            "key": "_10_0_21c011f_1131337858176_185344_1118",
            "name": "bFloor",
            "type": null,
            "modifiers": [
              "public"
            ],
            "position": {}
          },
          "position": {}
        },
        "_10_0_21c011f_1131336434508_6541_788": {
          "key": "_10_0_21c011f_1131336434508_6541_788",
          "name": "iFloor",
          "type": null,
          "probability": 1,
          "modifiers": [
            "public"
          ],
          "to_variable": {
            "key": "_10_0_21c011f_1131338005287_666831_1146",
            "name": "iFloor",
            "type": null,
            "modifiers": [
              "public"
            ],
            "position": {}
          },
          "position": {}
        },
        "_10_0_21c011f_1131336478822_921634_814": {
          "key": "_10_0_21c011f_1131336478822_921634_814",
          "name": "bOpen",
          "type": null,
          "probability": 1,
          "modifiers": [
            "public"
          ],
          "to_variable": {
            "key": "_10_0_21c011f_1131338240485_881856_1174",
            "name": "bOpen",
            "type": null,
            "modifiers": [
              "public"
            ],
            "position": {}
          },
          "position": {}
        },
        "_10_0_21c011f_1131336520392_103090_840": {
          "key": "_10_0_21c011f_1131336520392_103090_840",
          "name": "bClose",
          "type": null,
          "probability": 1,
          "modifiers": [
            "public"
          ],
          "to_variable": {
            "key": "_10_0_21c011f_1131338318037_962813_1202",
            "name": "bClose",
            "type": null,
            "modifiers": [
              "public"
            ],
            "position": {}
          },
          "position": {}
        },
        "_10_0_21c011f_1131337072836_471016_928": {
          "key": "_10_0_21c011f_1131337072836_471016_928",
          "name": "doorControl",
          "type": null,
          "probability": 1,
          "modifiers": [
            "public"
          ],
          "to_variable": {
            "key": "_10_0_21c011f_1131338440633_191024_1258",
            "name": "doorControl",
            "type": null,
            "modifiers": [
              "public"
            ],
            "position": {}
          },
          "position": {}
        },
        "_10_0_21c011f_1131337115668_259786_934": {
          "key": "_10_0_21c011f_1131337115668_259786_934",
          "name": "elevatorDispatch",
          "type": null,
          "probability": 1,
          "modifiers": [
            "public"
          ],
          "to_variable": {
            "key": "_10_0_21c011f_1131338509582_756681_1286",
            "name": "elevatorDispatch",
            "type": null,
            "modifiers": [
              "public"
            ],
            "position": {}
          },
          "position": {}
        }
      }
    },
    "fields_to_fields_data_clump-./Elevator-_10_0_21c011f_1130901896884_302560_95-_10_0_21c011f_1131396292451_266115_2-bFlooriFloorbOpenbClosedoorControlelevatorDispatch": {
      "type": "data_clump",
      "key": "fields_to_fields_data_clump-./Elevator-_10_0_21c011f_1130901896884_302560_95-_10_0_21c011f_1131396292451_266115_2-bFlooriFloorbOpenbClosedoorControlelevatorDispatch",
      "probability": 1,
      "from_file_path": "./Elevator",
      "from_class_or_interface_name": "Elevator",
      "from_class_or_interface_key": "_10_0_21c011f_1130901896884_302560_95",
      "from_method_name": null,
      "from_method_key": null,
      "to_file_path": "./UserJTree",
      "to_class_or_interface_key": "_10_0_21c011f_1131396292451_266115_2",
      "to_class_or_interface_name": "Elevator",
      "to_method_key": null,
      "to_method_name": null,
      "data_clump_type": "fields_to_fields_data_clump",
      "data_clump_data": {
        "_10_0_21c011f_1131336386489_445752_760": {
          "key": "_10_0_21c011f_1131336386489_445752_760",
          "name": "bFloor",
          "type": null,
          "probability": 1,
          "modifiers": [
            "public"
          ],
          "to_variable": {
            "key": "_11_5_52bb0822_1158863231599_992470_563",
            "name": "bFloor",
            "type": null,
            "modifiers": [
              "public"
            ],
            "position": {}
          },
          "position": {}
        },
        "_10_0_21c011f_1131336434508_6541_788": {
          "key": "_10_0_21c011f_1131336434508_6541_788",
          "name": "iFloor",
          "type": null,
          "probability": 1,
          "modifiers": [
            "public"
          ],
          "to_variable": {
            "key": "_11_5_52bb0822_1158863239037_487801_564",
            "name": "iFloor",
            "type": null,
            "modifiers": [
              "public"
            ],
            "position": {}
          },
          "position": {}
        },
        "_10_0_21c011f_1131336478822_921634_814": {
          "key": "_10_0_21c011f_1131336478822_921634_814",
          "name": "bOpen",
          "type": null,
          "probability": 1,
          "modifiers": [
            "public"
          ],
          "to_variable": {
            "key": "_11_5_52bb0822_1158863248021_637162_565",
            "name": "bOpen",
            "type": null,
            "modifiers": [
              "public"
            ],
            "position": {}
          },
          "position": {}
        },
        "_10_0_21c011f_1131336520392_103090_840": {
          "key": "_10_0_21c011f_1131336520392_103090_840",
          "name": "bClose",
          "type": null,
          "probability": 1,
          "modifiers": [
            "public"
          ],
          "to_variable": {
            "key": "_11_5_52bb0822_1158863256114_953559_566",
            "name": "bClose",
            "type": null,
            "modifiers": [
              "public"
            ],
            "position": {}
          },
          "position": {}
        },
        "_10_0_21c011f_1131337072836_471016_928": {
          "key": "_10_0_21c011f_1131337072836_471016_928",
          "name": "doorControl",
          "type": null,
          "probability": 1,
          "modifiers": [
            "public"
          ],
          "to_variable": {
            "key": "_11_5_52bb0822_1158863264567_48687_567",
            "name": "doorControl",
            "type": null,
            "modifiers": [
              "public"
            ],
            "position": {}
          },
          "position": {}
        },
        "_10_0_21c011f_1131337115668_259786_934": {
          "key": "_10_0_21c011f_1131337115668_259786_934",
          "name": "elevatorDispatch",
          "type": null,
          "probability": 1,
          "modifiers": [
            "public"
          ],
          "to_variable": {
            "key": "_11_5_52bb0822_1158863272051_683109_568",
            "name": "elevatorDispatch",
            "type": null,
            "modifiers": [
              "public"
            ],
            "position": {}
          },
          "position": {}
        }
      }
    },
    "fields_to_fields_data_clump-./User-_10_0_21c011f_1131396280494_880027_1-_10_0_21c011f_1130901896884_302560_95-bFlooriFloorbOpenbClosedoorControlelevatorDispatch": {
      "type": "data_clump",
      "key": "fields_to_fields_data_clump-./User-_10_0_21c011f_1131396280494_880027_1-_10_0_21c011f_1130901896884_302560_95-bFlooriFloorbOpenbClosedoorControlelevatorDispatch",
      "probability": 1,
      "from_file_path": "./User",
      "from_class_or_interface_name": "User",
      "from_class_or_interface_key": "_10_0_21c011f_1131396280494_880027_1",
      "from_method_name": null,
      "from_method_key": null,
      "to_file_path": "./Elevator",
      "to_class_or_interface_key": "_10_0_21c011f_1130901896884_302560_95",
      "to_class_or_interface_name": "User",
      "to_method_key": null,
      "to_method_name": null,
      "data_clump_type": "fields_to_fields_data_clump",
      "data_clump_data": {
        "_10_0_21c011f_1131337858176_185344_1118": {
          "key": "_10_0_21c011f_1131337858176_185344_1118",
          "name": "bFloor",
          "type": null,
          "probability": 1,
          "modifiers": [
            "public"
          ],
          "to_variable": {
            "key": "_10_0_21c011f_1131336386489_445752_760",
            "name": "bFloor",
            "type": null,
            "modifiers": [
              "public"
            ],
            "position": {}
          },
          "position": {}
        },
        "_10_0_21c011f_1131338005287_666831_1146": {
          "key": "_10_0_21c011f_1131338005287_666831_1146",
          "name": "iFloor",
          "type": null,
          "probability": 1,
          "modifiers": [
            "public"
          ],
          "to_variable": {
            "key": "_10_0_21c011f_1131336434508_6541_788",
            "name": "iFloor",
            "type": null,
            "modifiers": [
              "public"
            ],
            "position": {}
          },
          "position": {}
        },
        "_10_0_21c011f_1131338240485_881856_1174": {
          "key": "_10_0_21c011f_1131338240485_881856_1174",
          "name": "bOpen",
          "type": null,
          "probability": 1,
          "modifiers": [
            "public"
          ],
          "to_variable": {
            "key": "_10_0_21c011f_1131336478822_921634_814",
            "name": "bOpen",
            "type": null,
            "modifiers": [
              "public"
            ],
            "position": {}
          },
          "position": {}
        },
        "_10_0_21c011f_1131338318037_962813_1202": {
          "key": "_10_0_21c011f_1131338318037_962813_1202",
          "name": "bClose",
          "type": null,
          "probability": 1,
          "modifiers": [
            "public"
          ],
          "to_variable": {
            "key": "_10_0_21c011f_1131336520392_103090_840",
            "name": "bClose",
            "type": null,
            "modifiers": [
              "public"
            ],
            "position": {}
          },
          "position": {}
        },
        "_10_0_21c011f_1131338440633_191024_1258": {
          "key": "_10_0_21c011f_1131338440633_191024_1258",
          "name": "doorControl",
          "type": null,
          "probability": 1,
          "modifiers": [
            "public"
          ],
          "to_variable": {
            "key": "_10_0_21c011f_1131337072836_471016_928",
            "name": "doorControl",
            "type": null,
            "modifiers": [
              "public"
            ],
            "position": {}
          },
          "position": {}
        },
        "_10_0_21c011f_1131338509582_756681_1286": {
          "key": "_10_0_21c011f_1131338509582_756681_1286",
          "name": "elevatorDispatch",
          "type": null,
          "probability": 1,
          "modifiers": [
            "public"
          ],
          "to_variable": {
            "key": "_10_0_21c011f_1131337115668_259786_934",
            "name": "elevatorDispatch",
            "type": null,
            "modifiers": [
              "public"
            ],
            "position": {}
          },
          "position": {}
        }
      }
    },
    "fields_to_fields_data_clump-./User-_10_0_21c011f_1131396280494_880027_1-_10_0_21c011f_1131396292451_266115_2-bFlUpbFlDownbFlooriFloorbOpenbClosedoorControlelevatorDispatch": {
      "type": "data_clump",
      "key": "fields_to_fields_data_clump-./User-_10_0_21c011f_1131396280494_880027_1-_10_0_21c011f_1131396292451_266115_2-bFlUpbFlDownbFlooriFloorbOpenbClosedoorControlelevatorDispatch",
      "probability": 1,
      "from_file_path": "./User",
      "from_class_or_interface_name": "User",
      "from_class_or_interface_key": "_10_0_21c011f_1131396280494_880027_1",
      "from_method_name": null,
      "from_method_key": null,
      "to_file_path": "./UserJTree",
      "to_class_or_interface_key": "_10_0_21c011f_1131396292451_266115_2",
      "to_class_or_interface_name": "User",
      "to_method_key": null,
      "to_method_name": null,
      "data_clump_type": "fields_to_fields_data_clump",
      "data_clump_data": {
        "_10_0_21c011f_1131337694720_836204_1064": {
          "key": "_10_0_21c011f_1131337694720_836204_1064",
          "name": "bFlUp",
          "type": null,
          "probability": 1,
          "modifiers": [
            "public"
          ],
          "to_variable": {
            "key": "_11_5_52bb0822_1158863206537_316298_561",
            "name": "bFlUp",
            "type": null,
            "modifiers": [
              "public"
            ],
            "position": {}
          },
          "position": {}
        },
        "_10_0_21c011f_1131337784099_647901_1092": {
          "key": "_10_0_21c011f_1131337784099_647901_1092",
          "name": "bFlDown",
          "type": null,
          "probability": 1,
          "modifiers": [
            "public"
          ],
          "to_variable": {
            "key": "_11_5_52bb0822_1158863219928_308890_562",
            "name": "bFlDown",
            "type": null,
            "modifiers": [
              "public"
            ],
            "position": {}
          },
          "position": {}
        },
        "_10_0_21c011f_1131337858176_185344_1118": {
          "key": "_10_0_21c011f_1131337858176_185344_1118",
          "name": "bFloor",
          "type": null,
          "probability": 1,
          "modifiers": [
            "public"
          ],
          "to_variable": {
            "key": "_11_5_52bb0822_1158863231599_992470_563",
            "name": "bFloor",
            "type": null,
            "modifiers": [
              "public"
            ],
            "position": {}
          },
          "position": {}
        },
        "_10_0_21c011f_1131338005287_666831_1146": {
          "key": "_10_0_21c011f_1131338005287_666831_1146",
          "name": "iFloor",
          "type": null,
          "probability": 1,
          "modifiers": [
            "public"
          ],
          "to_variable": {
            "key": "_11_5_52bb0822_1158863239037_487801_564",
            "name": "iFloor",
            "type": null,
            "modifiers": [
              "public"
            ],
            "position": {}
          },
          "position": {}
        },
        "_10_0_21c011f_1131338240485_881856_1174": {
          "key": "_10_0_21c011f_1131338240485_881856_1174",
          "name": "bOpen",
          "type": null,
          "probability": 1,
          "modifiers": [
            "public"
          ],
          "to_variable": {
            "key": "_11_5_52bb0822_1158863248021_637162_565",
            "name": "bOpen",
            "type": null,
            "modifiers": [
              "public"
            ],
            "position": {}
          },
          "position": {}
        },
        "_10_0_21c011f_1131338318037_962813_1202": {
          "key": "_10_0_21c011f_1131338318037_962813_1202",
          "name": "bClose",
          "type": null,
          "probability": 1,
          "modifiers": [
            "public"
          ],
          "to_variable": {
            "key": "_11_5_52bb0822_1158863256114_953559_566",
            "name": "bClose",
            "type": null,
            "modifiers": [
              "public"
            ],
            "position": {}
          },
          "position": {}
        },
        "_10_0_21c011f_1131338440633_191024_1258": {
          "key": "_10_0_21c011f_1131338440633_191024_1258",
          "name": "doorControl",
          "type": null,
          "probability": 1,
          "modifiers": [
            "public"
          ],
          "to_variable": {
            "key": "_11_5_52bb0822_1158863264567_48687_567",
            "name": "doorControl",
            "type": null,
            "modifiers": [
              "public"
            ],
            "position": {}
          },
          "position": {}
        },
        "_10_0_21c011f_1131338509582_756681_1286": {
          "key": "_10_0_21c011f_1131338509582_756681_1286",
          "name": "elevatorDispatch",
          "type": null,
          "probability": 1,
          "modifiers": [
            "public"
          ],
          "to_variable": {
            "key": "_11_5_52bb0822_1158863272051_683109_568",
            "name": "elevatorDispatch",
            "type": null,
            "modifiers": [
              "public"
            ],
            "position": {}
          },
          "position": {}
        }
      }
    },
    "fields_to_fields_data_clump-./UserJTree-_10_0_21c011f_1131396292451_266115_2-_10_0_21c011f_1130901896884_302560_95-bFlooriFloorbOpenbClosedoorControlelevatorDispatch": {
      "type": "data_clump",
      "key": "fields_to_fields_data_clump-./UserJTree-_10_0_21c011f_1131396292451_266115_2-_10_0_21c011f_1130901896884_302560_95-bFlooriFloorbOpenbClosedoorControlelevatorDispatch",
      "probability": 1,
      "from_file_path": "./UserJTree",
      "from_class_or_interface_name": "UserJTree",
      "from_class_or_interface_key": "_10_0_21c011f_1131396292451_266115_2",
      "from_method_name": null,
      "from_method_key": null,
      "to_file_path": "./Elevator",
      "to_class_or_interface_key": "_10_0_21c011f_1130901896884_302560_95",
      "to_class_or_interface_name": "UserJTree",
      "to_method_key": null,
      "to_method_name": null,
      "data_clump_type": "fields_to_fields_data_clump",
      "data_clump_data": {
        "_11_5_52bb0822_1158863231599_992470_563": {
          "key": "_11_5_52bb0822_1158863231599_992470_563",
          "name": "bFloor",
          "type": null,
          "probability": 1,
          "modifiers": [
            "public"
          ],
          "to_variable": {
            "key": "_10_0_21c011f_1131336386489_445752_760",
            "name": "bFloor",
            "type": null,
            "modifiers": [
              "public"
            ],
            "position": {}
          },
          "position": {}
        },
        "_11_5_52bb0822_1158863239037_487801_564": {
          "key": "_11_5_52bb0822_1158863239037_487801_564",
          "name": "iFloor",
          "type": null,
          "probability": 1,
          "modifiers": [
            "public"
          ],
          "to_variable": {
            "key": "_10_0_21c011f_1131336434508_6541_788",
            "name": "iFloor",
            "type": null,
            "modifiers": [
              "public"
            ],
            "position": {}
          },
          "position": {}
        },
        "_11_5_52bb0822_1158863248021_637162_565": {
          "key": "_11_5_52bb0822_1158863248021_637162_565",
          "name": "bOpen",
          "type": null,
          "probability": 1,
          "modifiers": [
            "public"
          ],
          "to_variable": {
            "key": "_10_0_21c011f_1131336478822_921634_814",
            "name": "bOpen",
            "type": null,
            "modifiers": [
              "public"
            ],
            "position": {}
          },
          "position": {}
        },
        "_11_5_52bb0822_1158863256114_953559_566": {
          "key": "_11_5_52bb0822_1158863256114_953559_566",
          "name": "bClose",
          "type": null,
          "probability": 1,
          "modifiers": [
            "public"
          ],
          "to_variable": {
            "key": "_10_0_21c011f_1131336520392_103090_840",
            "name": "bClose",
            "type": null,
            "modifiers": [
              "public"
            ],
            "position": {}
          },
          "position": {}
        },
        "_11_5_52bb0822_1158863264567_48687_567": {
          "key": "_11_5_52bb0822_1158863264567_48687_567",
          "name": "doorControl",
          "type": null,
          "probability": 1,
          "modifiers": [
            "public"
          ],
          "to_variable": {
            "key": "_10_0_21c011f_1131337072836_471016_928",
            "name": "doorControl",
            "type": null,
            "modifiers": [
              "public"
            ],
            "position": {}
          },
          "position": {}
        },
        "_11_5_52bb0822_1158863272051_683109_568": {
          "key": "_11_5_52bb0822_1158863272051_683109_568",
          "name": "elevatorDispatch",
          "type": null,
          "probability": 1,
          "modifiers": [
            "public"
          ],
          "to_variable": {
            "key": "_10_0_21c011f_1131337115668_259786_934",
            "name": "elevatorDispatch",
            "type": null,
            "modifiers": [
              "public"
            ],
            "position": {}
          },
          "position": {}
        }
      }
    },
    "fields_to_fields_data_clump-./UserJTree-_10_0_21c011f_1131396292451_266115_2-_10_0_21c011f_1131396280494_880027_1-bFlUpbFlDownbFlooriFloorbOpenbClosedoorControlelevatorDispatch": {
      "type": "data_clump",
      "key": "fields_to_fields_data_clump-./UserJTree-_10_0_21c011f_1131396292451_266115_2-_10_0_21c011f_1131396280494_880027_1-bFlUpbFlDownbFlooriFloorbOpenbClosedoorControlelevatorDispatch",
      "probability": 1,
      "from_file_path": "./UserJTree",
      "from_class_or_interface_name": "UserJTree",
      "from_class_or_interface_key": "_10_0_21c011f_1131396292451_266115_2",
      "from_method_name": null,
      "from_method_key": null,
      "to_file_path": "./User",
      "to_class_or_interface_key": "_10_0_21c011f_1131396280494_880027_1",
      "to_class_or_interface_name": "UserJTree",
      "to_method_key": null,
      "to_method_name": null,
      "data_clump_type": "fields_to_fields_data_clump",
      "data_clump_data": {
        "_11_5_52bb0822_1158863206537_316298_561": {
          "key": "_11_5_52bb0822_1158863206537_316298_561",
          "name": "bFlUp",
          "type": null,
          "probability": 1,
          "modifiers": [
            "public"
          ],
          "to_variable": {
            "key": "_10_0_21c011f_1131337694720_836204_1064",
            "name": "bFlUp",
            "type": null,
            "modifiers": [
              "public"
            ],
            "position": {}
          },
          "position": {}
        },
        "_11_5_52bb0822_1158863219928_308890_562": {
          "key": "_11_5_52bb0822_1158863219928_308890_562",
          "name": "bFlDown",
          "type": null,
          "probability": 1,
          "modifiers": [
            "public"
          ],
          "to_variable": {
            "key": "_10_0_21c011f_1131337784099_647901_1092",
            "name": "bFlDown",
            "type": null,
            "modifiers": [
              "public"
            ],
            "position": {}
          },
          "position": {}
        },
        "_11_5_52bb0822_1158863231599_992470_563": {
          "key": "_11_5_52bb0822_1158863231599_992470_563",
          "name": "bFloor",
          "type": null,
          "probability": 1,
          "modifiers": [
            "public"
          ],
          "to_variable": {
            "key": "_10_0_21c011f_1131337858176_185344_1118",
            "name": "bFloor",
            "type": null,
            "modifiers": [
              "public"
            ],
            "position": {}
          },
          "position": {}
        },
        "_11_5_52bb0822_1158863239037_487801_564": {
          "key": "_11_5_52bb0822_1158863239037_487801_564",
          "name": "iFloor",
          "type": null,
          "probability": 1,
          "modifiers": [
            "public"
          ],
          "to_variable": {
            "key": "_10_0_21c011f_1131338005287_666831_1146",
            "name": "iFloor",
            "type": null,
            "modifiers": [
              "public"
            ],
            "position": {}
          },
          "position": {}
        },
        "_11_5_52bb0822_1158863248021_637162_565": {
          "key": "_11_5_52bb0822_1158863248021_637162_565",
          "name": "bOpen",
          "type": null,
          "probability": 1,
          "modifiers": [
            "public"
          ],
          "to_variable": {
            "key": "_10_0_21c011f_1131338240485_881856_1174",
            "name": "bOpen",
            "type": null,
            "modifiers": [
              "public"
            ],
            "position": {}
          },
          "position": {}
        },
        "_11_5_52bb0822_1158863256114_953559_566": {
          "key": "_11_5_52bb0822_1158863256114_953559_566",
          "name": "bClose",
          "type": null,
          "probability": 1,
          "modifiers": [
            "public"
          ],
          "to_variable": {
            "key": "_10_0_21c011f_1131338318037_962813_1202",
            "name": "bClose",
            "type": null,
            "modifiers": [
              "public"
            ],
            "position": {}
          },
          "position": {}
        },
        "_11_5_52bb0822_1158863264567_48687_567": {
          "key": "_11_5_52bb0822_1158863264567_48687_567",
          "name": "doorControl",
          "type": null,
          "probability": 1,
          "modifiers": [
            "public"
          ],
          "to_variable": {
            "key": "_10_0_21c011f_1131338440633_191024_1258",
            "name": "doorControl",
            "type": null,
            "modifiers": [
              "public"
            ],
            "position": {}
          },
          "position": {}
        },
        "_11_5_52bb0822_1158863272051_683109_568": {
          "key": "_11_5_52bb0822_1158863272051_683109_568",
          "name": "elevatorDispatch",
          "type": null,
          "probability": 1,
          "modifiers": [
            "public"
          ],
          "to_variable": {
            "key": "_10_0_21c011f_1131338509582_756681_1286",
            "name": "elevatorDispatch",
            "type": null,
            "modifiers": [
              "public"
            ],
            "position": {}
          },
          "position": {}
        }
      }
    }
  }
}