{
  "report_version": "unknown",
  "report_timestamp": "2023-11-08T08:28:26.438Z",
  "target_language": "java",
  "report_summary": {
    "additional": null,
    "amount_classes_or_interfaces_with_data_clumps": 6,
    "amount_files_with_data_clumps": 6,
    "amount_methods_with_data_clumps": 8,
    "fields_to_fields_data_clump": 0,
    "parameters_to_fields_data_clump": 4,
    "parameters_to_parameters_data_clump": 4,
    "amount_data_clumps": 8
  },
  "project_info": {
    "project_url": "unknown_project_url",
    "project_name": "https___www.github.com_homebase_lib.external_tree_master_Kount-0630_docs_ap",
    "project_version": "unknown_project_version",
    "project_commit_hash": "unknown",
    "project_tag": null,
    "project_commit_date": null,
    "additional": {},
    "number_of_files": 21,
    "number_of_classes_or_interfaces": 21,
    "number_of_methods": 212,
    "number_of_data_fields": 66,
    "number_of_method_parameters": 162
  },
  "detector": {
    "name": "data-clumps-doctor",
    "url": "https://github.com/NilsBaumgartner1994/data-clumps-doctor",
    "version": "0.1.100",
    "options": {
      "typeVariablesConsidered": false,
      "similarityModifierOfVariablesWithUnknownType": 0,
      "fieldsOfClassesWithUnknownHierarchyProbabilityModifier": 0,
      "sharedFieldsToFieldsAmountMinimum": 3,
      "analyseFieldsInClassesOrInterfacesInheritedFromSuperClassesOrInterfaces": false,
      "sharedParametersToParametersAmountMinimum": 3,
      "sharedParametersToFieldsAmountMinimum": 3,
      "methodsOfClassesOrInterfacesWithUnknownHierarchyProbabilityModifier": 0
    }
  },
  "data_clumps": {
    "parameters_to_fields_data_clump-./Kount_Ris_Data_CartItem-54b9826368035-54b9826367355-$productType$itemName$description$quantity$price": {
      "type": "data_clump",
      "key": "parameters_to_fields_data_clump-./Kount_Ris_Data_CartItem-54b9826368035-54b9826367355-$productType$itemName$description$quantity$price",
      "probability": 1,
      "from_file_path": "./Kount_Ris_Data_CartItem",
      "from_class_or_interface_name": "Kount_Ris_Data_CartItem",
      "from_class_or_interface_key": "54b9826367355",
      "from_method_name": "__construct",
      "from_method_key": "54b9826368035",
      "to_file_path": "./Kount_Ris_Data_CartItem",
      "to_class_or_interface_name": "Kount_Ris_Data_CartItem",
      "to_class_or_interface_key": "54b9826367355",
      "to_method_name": null,
      "to_method_key": null,
      "data_clump_type": "parameters_to_fields_data_clump",
      "data_clump_data": {
        "54b982636859d": {
          "key": "54b982636859d",
          "name": "$productType",
          "type": null,
          "probability": 1,
          "modifiers": [],
          "to_variable": {
            "key": "54b9826367758",
            "name": "$productType",
            "type": null,
            "modifiers": [
              "protected"
            ],
            "position": {}
          },
          "position": {}
        },
        "54b9826368648": {
          "key": "54b9826368648",
          "name": "$itemName",
          "type": null,
          "probability": 1,
          "modifiers": [],
          "to_variable": {
            "key": "54b98263678c8",
            "name": "$itemName",
            "type": null,
            "modifiers": [
              "protected"
            ],
            "position": {}
          },
          "position": {}
        },
        "54b98263686f4": {
          "key": "54b98263686f4",
          "name": "$description",
          "type": null,
          "probability": 1,
          "modifiers": [],
          "to_variable": {
            "key": "54b9826367aa3",
            "name": "$description",
            "type": null,
            "modifiers": [
              "protected"
            ],
            "position": {}
          },
          "position": {}
        },
        "54b982636876b": {
          "key": "54b982636876b",
          "name": "$quantity",
          "type": null,
          "probability": 1,
          "modifiers": [],
          "to_variable": {
            "key": "54b9826367c66",
            "name": "$quantity",
            "type": null,
            "modifiers": [
              "protected"
            ],
            "position": {}
          },
          "position": {}
        },
        "54b9826368816": {
          "key": "54b9826368816",
          "name": "$price",
          "type": null,
          "probability": 1,
          "modifiers": [],
          "to_variable": {
            "key": "54b9826367e4e",
            "name": "$price",
            "type": null,
            "modifiers": [
              "protected"
            ],
            "position": {}
          },
          "position": {}
        }
      }
    },
    "parameters_to_fields_data_clump-./Kount_Ris_Data_KcEvent-54b98263661ed-54b98263657e6-$decision$expression$code": {
      "type": "data_clump",
      "key": "parameters_to_fields_data_clump-./Kount_Ris_Data_KcEvent-54b98263661ed-54b98263657e6-$decision$expression$code",
      "probability": 1,
      "from_file_path": "./Kount_Ris_Data_KcEvent",
      "from_class_or_interface_name": "Kount_Ris_Data_KcEvent",
      "from_class_or_interface_key": "54b98263657e6",
      "from_method_name": "__construct",
      "from_method_key": "54b98263661ed",
      "to_file_path": "./Kount_Ris_Data_KcEvent",
      "to_class_or_interface_name": "Kount_Ris_Data_KcEvent",
      "to_class_or_interface_key": "54b98263657e6",
      "to_method_name": null,
      "to_method_key": null,
      "data_clump_type": "parameters_to_fields_data_clump",
      "data_clump_data": {
        "54b982636655f": {
          "key": "54b982636655f",
          "name": "$decision",
          "type": null,
          "probability": 1,
          "modifiers": [],
          "to_variable": {
            "key": "54b9826365bec",
            "name": "$decision",
            "type": null,
            "modifiers": [
              "protected"
            ],
            "position": {}
          },
          "position": {}
        },
        "54b98263665d9": {
          "key": "54b98263665d9",
          "name": "$expression",
          "type": null,
          "probability": 1,
          "modifiers": [],
          "to_variable": {
            "key": "54b9826365dd4",
            "name": "$expression",
            "type": null,
            "modifiers": [
              "protected"
            ],
            "position": {}
          },
          "position": {}
        },
        "54b982636667f": {
          "key": "54b982636667f",
          "name": "$code",
          "type": null,
          "probability": 1,
          "modifiers": [],
          "to_variable": {
            "key": "54b9826365fe6",
            "name": "$code",
            "type": null,
            "modifiers": [
              "protected"
            ],
            "position": {}
          },
          "position": {}
        }
      }
    },
    "parameters_to_fields_data_clump-./Kount_Ris_Request-54b9826372315-54b982636b6fd-$certificate$key$password": {
      "type": "data_clump",
      "key": "parameters_to_fields_data_clump-./Kount_Ris_Request-54b9826372315-54b982636b6fd-$certificate$key$password",
      "probability": 1,
      "from_file_path": "./Kount_Ris_Request",
      "from_class_or_interface_name": "Kount_Ris_Request",
      "from_class_or_interface_key": "54b982636b6fd",
      "from_method_name": "setCertificate",
      "from_method_key": "54b9826372315",
      "to_file_path": "./Kount_Ris_Request",
      "to_class_or_interface_name": "Kount_Ris_Request",
      "to_class_or_interface_key": "54b982636b6fd",
      "to_method_name": null,
      "to_method_key": null,
      "data_clump_type": "parameters_to_fields_data_clump",
      "data_clump_data": {
        "54b98263726f3": {
          "key": "54b98263726f3",
          "name": "$certificate",
          "type": null,
          "probability": 1,
          "modifiers": [],
          "to_variable": {
            "key": "54b982636c314",
            "name": "$certificate",
            "type": null,
            "modifiers": [
              "private"
            ],
            "position": {}
          },
          "position": {}
        },
        "54b9826372775": {
          "key": "54b9826372775",
          "name": "$key",
          "type": null,
          "probability": 1,
          "modifiers": [],
          "to_variable": {
            "key": "54b982636c4cc",
            "name": "$key",
            "type": null,
            "modifiers": [
              "private"
            ],
            "position": {}
          },
          "position": {}
        },
        "54b982637282f": {
          "key": "54b982637282f",
          "name": "$password",
          "type": null,
          "probability": 1,
          "modifiers": [],
          "to_variable": {
            "key": "54b982636c685",
            "name": "$password",
            "type": null,
            "modifiers": [
              "private"
            ],
            "position": {}
          },
          "position": {}
        }
      }
    },
    "parameters_to_parameters_data_clump-./Kount_Ris_Request_Inquiry-54b982634a3eb-54b982634b256-$address1$address2$city$state$postalCode$country$premise$street": {
      "type": "data_clump",
      "key": "parameters_to_parameters_data_clump-./Kount_Ris_Request_Inquiry-54b982634a3eb-54b982634b256-$address1$address2$city$state$postalCode$country$premise$street",
      "probability": 1,
      "from_file_path": "./Kount_Ris_Request_Inquiry",
      "from_class_or_interface_name": "Kount_Ris_Request_Inquiry",
      "from_class_or_interface_key": "54b9826344bd5",
      "from_method_name": "setBillingAddress",
      "from_method_key": "54b982634a3eb",
      "to_file_path": "./Kount_Ris_Request_Inquiry",
      "to_class_or_interface_name": "Kount_Ris_Request_Inquiry",
      "to_class_or_interface_key": "54b9826344bd5",
      "to_method_name": "setShippingAddress",
      "to_method_key": "54b982634b256",
      "data_clump_type": "parameters_to_parameters_data_clump",
      "data_clump_data": {
        "54b982634a98d": {
          "key": "54b982634a98d",
          "name": "$address1",
          "type": null,
          "probability": 1,
          "modifiers": [],
          "to_variable": {
            "key": "54b982634b90a",
            "name": "$address1",
            "type": null,
            "modifiers": [],
            "position": {}
          },
          "position": {}
        },
        "54b982634aa06": {
          "key": "54b982634aa06",
          "name": "$address2",
          "type": null,
          "probability": 1,
          "modifiers": [],
          "to_variable": {
            "key": "54b982634b984",
            "name": "$address2",
            "type": null,
            "modifiers": [],
            "position": {}
          },
          "position": {}
        },
        "54b982634aabd": {
          "key": "54b982634aabd",
          "name": "$city",
          "type": null,
          "probability": 1,
          "modifiers": [],
          "to_variable": {
            "key": "54b982634b9ee",
            "name": "$city",
            "type": null,
            "modifiers": [],
            "position": {}
          },
          "position": {}
        },
        "54b982634ab35": {
          "key": "54b982634ab35",
          "name": "$state",
          "type": null,
          "probability": 1,
          "modifiers": [],
          "to_variable": {
            "key": "54b982634ba9c",
            "name": "$state",
            "type": null,
            "modifiers": [],
            "position": {}
          },
          "position": {}
        },
        "54b982634abaa": {
          "key": "54b982634abaa",
          "name": "$postalCode",
          "type": null,
          "probability": 1,
          "modifiers": [],
          "to_variable": {
            "key": "54b982634bb1e",
            "name": "$postalCode",
            "type": null,
            "modifiers": [],
            "position": {}
          },
          "position": {}
        },
        "54b982634ac21": {
          "key": "54b982634ac21",
          "name": "$country",
          "type": null,
          "probability": 1,
          "modifiers": [],
          "to_variable": {
            "key": "54b982634bbcc",
            "name": "$country",
            "type": null,
            "modifiers": [],
            "position": {}
          },
          "position": {}
        },
        "54b982634aca4": {
          "key": "54b982634aca4",
          "name": "$premise",
          "type": null,
          "probability": 1,
          "modifiers": [],
          "to_variable": {
            "key": "54b982634bc54",
            "name": "$premise",
            "type": null,
            "modifiers": [],
            "position": {}
          },
          "position": {}
        },
        "54b982634ad61": {
          "key": "54b982634ad61",
          "name": "$street",
          "type": null,
          "probability": 1,
          "modifiers": [],
          "to_variable": {
            "key": "54b982634bd0f",
            "name": "$street",
            "type": null,
            "modifiers": [],
            "position": {}
          },
          "position": {}
        }
      }
    },
    "parameters_to_parameters_data_clump-./Kount_Ris_Request_Inquiry-54b982634b256-54b982634a3eb-$address1$address2$city$state$postalCode$country$premise$street": {
      "type": "data_clump",
      "key": "parameters_to_parameters_data_clump-./Kount_Ris_Request_Inquiry-54b982634b256-54b982634a3eb-$address1$address2$city$state$postalCode$country$premise$street",
      "probability": 1,
      "from_file_path": "./Kount_Ris_Request_Inquiry",
      "from_class_or_interface_name": "Kount_Ris_Request_Inquiry",
      "from_class_or_interface_key": "54b9826344bd5",
      "from_method_name": "setShippingAddress",
      "from_method_key": "54b982634b256",
      "to_file_path": "./Kount_Ris_Request_Inquiry",
      "to_class_or_interface_name": "Kount_Ris_Request_Inquiry",
      "to_class_or_interface_key": "54b9826344bd5",
      "to_method_name": "setBillingAddress",
      "to_method_key": "54b982634a3eb",
      "data_clump_type": "parameters_to_parameters_data_clump",
      "data_clump_data": {
        "54b982634b90a": {
          "key": "54b982634b90a",
          "name": "$address1",
          "type": null,
          "probability": 1,
          "modifiers": [],
          "to_variable": {
            "key": "54b982634a98d",
            "name": "$address1",
            "type": null,
            "modifiers": [],
            "position": {}
          },
          "position": {}
        },
        "54b982634b984": {
          "key": "54b982634b984",
          "name": "$address2",
          "type": null,
          "probability": 1,
          "modifiers": [],
          "to_variable": {
            "key": "54b982634aa06",
            "name": "$address2",
            "type": null,
            "modifiers": [],
            "position": {}
          },
          "position": {}
        },
        "54b982634b9ee": {
          "key": "54b982634b9ee",
          "name": "$city",
          "type": null,
          "probability": 1,
          "modifiers": [],
          "to_variable": {
            "key": "54b982634aabd",
            "name": "$city",
            "type": null,
            "modifiers": [],
            "position": {}
          },
          "position": {}
        },
        "54b982634ba9c": {
          "key": "54b982634ba9c",
          "name": "$state",
          "type": null,
          "probability": 1,
          "modifiers": [],
          "to_variable": {
            "key": "54b982634ab35",
            "name": "$state",
            "type": null,
            "modifiers": [],
            "position": {}
          },
          "position": {}
        },
        "54b982634bb1e": {
          "key": "54b982634bb1e",
          "name": "$postalCode",
          "type": null,
          "probability": 1,
          "modifiers": [],
          "to_variable": {
            "key": "54b982634abaa",
            "name": "$postalCode",
            "type": null,
            "modifiers": [],
            "position": {}
          },
          "position": {}
        },
        "54b982634bbcc": {
          "key": "54b982634bbcc",
          "name": "$country",
          "type": null,
          "probability": 1,
          "modifiers": [],
          "to_variable": {
            "key": "54b982634ac21",
            "name": "$country",
            "type": null,
            "modifiers": [],
            "position": {}
          },
          "position": {}
        },
        "54b982634bc54": {
          "key": "54b982634bc54",
          "name": "$premise",
          "type": null,
          "probability": 1,
          "modifiers": [],
          "to_variable": {
            "key": "54b982634aca4",
            "name": "$premise",
            "type": null,
            "modifiers": [],
            "position": {}
          },
          "position": {}
        },
        "54b982634bd0f": {
          "key": "54b982634bd0f",
          "name": "$street",
          "type": null,
          "probability": 1,
          "modifiers": [],
          "to_variable": {
            "key": "54b982634ad61",
            "name": "$street",
            "type": null,
            "modifiers": [],
            "position": {}
          },
          "position": {}
        }
      }
    },
    "parameters_to_fields_data_clump-./Kount_Ris_ValidationError-54b9826342119-54b982633f515-$field$value$pattern": {
      "type": "data_clump",
      "key": "parameters_to_fields_data_clump-./Kount_Ris_ValidationError-54b9826342119-54b982633f515-$field$value$pattern",
      "probability": 1,
      "from_file_path": "./Kount_Ris_ValidationError",
      "from_class_or_interface_name": "Kount_Ris_ValidationError",
      "from_class_or_interface_key": "54b982633f515",
      "from_method_name": "regexError",
      "from_method_key": "54b9826342119",
      "to_file_path": "./Kount_Ris_ValidationError",
      "to_class_or_interface_name": "Kount_Ris_ValidationError",
      "to_class_or_interface_key": "54b982633f515",
      "to_method_name": null,
      "to_method_key": null,
      "data_clump_type": "parameters_to_fields_data_clump",
      "data_clump_data": {
        "54b9826342509": {
          "key": "54b9826342509",
          "name": "$field",
          "type": null,
          "probability": 1,
          "modifiers": [],
          "to_variable": {
            "key": "54b9826340928",
            "name": "$field",
            "type": null,
            "modifiers": [
              "public"
            ],
            "position": {}
          },
          "position": {}
        },
        "54b98263425ae": {
          "key": "54b98263425ae",
          "name": "$value",
          "type": null,
          "probability": 1,
          "modifiers": [],
          "to_variable": {
            "key": "54b9826340d3c",
            "name": "$value",
            "type": null,
            "modifiers": [
              "public"
            ],
            "position": {}
          },
          "position": {}
        },
        "54b9826342631": {
          "key": "54b9826342631",
          "name": "$pattern",
          "type": null,
          "probability": 1,
          "modifiers": [],
          "to_variable": {
            "key": "54b9826340f55",
            "name": "$pattern",
            "type": null,
            "modifiers": [
              "public"
            ],
            "position": {}
          },
          "position": {}
        }
      }
    },
    "parameters_to_parameters_data_clump-./Kount_SimpleLogger_File-54b982637c137-54b982637c727-$message$level$exception": {
      "type": "data_clump",
      "key": "parameters_to_parameters_data_clump-./Kount_SimpleLogger_File-54b982637c137-54b982637c727-$message$level$exception",
      "probability": 1,
      "from_file_path": "./Kount_SimpleLogger_File",
      "from_class_or_interface_name": "Kount_SimpleLogger_File",
      "from_class_or_interface_key": "54b98263796c3",
      "from_method_name": "processMessage",
      "from_method_key": "54b982637c137",
      "to_file_path": "./Kount_SimpleLogger_File",
      "to_class_or_interface_name": "Kount_SimpleLogger_File",
      "to_class_or_interface_key": "54b98263796c3",
      "to_method_name": "formatMessage",
      "to_method_key": "54b982637c727",
      "data_clump_type": "parameters_to_parameters_data_clump",
      "data_clump_data": {
        "54b982637c4f5": {
          "key": "54b982637c4f5",
          "name": "$message",
          "type": null,
          "probability": 1,
          "modifiers": [],
          "to_variable": {
            "key": "54b982637cb16",
            "name": "$message",
            "type": null,
            "modifiers": [],
            "position": {}
          },
          "position": {}
        },
        "54b982637c59b": {
          "key": "54b982637c59b",
          "name": "$level",
          "type": null,
          "probability": 1,
          "modifiers": [],
          "to_variable": {
            "key": "54b982637cb8b",
            "name": "$level",
            "type": null,
            "modifiers": [],
            "position": {}
          },
          "position": {}
        },
        "54b982637c632": {
          "key": "54b982637c632",
          "name": "$exception",
          "type": null,
          "probability": 1,
          "modifiers": [],
          "to_variable": {
            "key": "54b982637cc3a",
            "name": "$exception",
            "type": null,
            "modifiers": [],
            "position": {}
          },
          "position": {}
        }
      }
    },
    "parameters_to_parameters_data_clump-./Kount_SimpleLogger_File-54b982637c727-54b982637c137-$message$level$exception": {
      "type": "data_clump",
      "key": "parameters_to_parameters_data_clump-./Kount_SimpleLogger_File-54b982637c727-54b982637c137-$message$level$exception",
      "probability": 1,
      "from_file_path": "./Kount_SimpleLogger_File",
      "from_class_or_interface_name": "Kount_SimpleLogger_File",
      "from_class_or_interface_key": "54b98263796c3",
      "from_method_name": "formatMessage",
      "from_method_key": "54b982637c727",
      "to_file_path": "./Kount_SimpleLogger_File",
      "to_class_or_interface_name": "Kount_SimpleLogger_File",
      "to_class_or_interface_key": "54b98263796c3",
      "to_method_name": "processMessage",
      "to_method_key": "54b982637c137",
      "data_clump_type": "parameters_to_parameters_data_clump",
      "data_clump_data": {
        "54b982637cb16": {
          "key": "54b982637cb16",
          "name": "$message",
          "type": null,
          "probability": 1,
          "modifiers": [],
          "to_variable": {
            "key": "54b982637c4f5",
            "name": "$message",
            "type": null,
            "modifiers": [],
            "position": {}
          },
          "position": {}
        },
        "54b982637cb8b": {
          "key": "54b982637cb8b",
          "name": "$level",
          "type": null,
          "probability": 1,
          "modifiers": [],
          "to_variable": {
            "key": "54b982637c59b",
            "name": "$level",
            "type": null,
            "modifiers": [],
            "position": {}
          },
          "position": {}
        },
        "54b982637cc3a": {
          "key": "54b982637cc3a",
          "name": "$exception",
          "type": null,
          "probability": 1,
          "modifiers": [],
          "to_variable": {
            "key": "54b982637c632",
            "name": "$exception",
            "type": null,
            "modifiers": [],
            "position": {}
          },
          "position": {}
        }
      }
    }
  }
}