{
  "report_version": "unknown",
  "report_timestamp": "2025-03-26T23:10:57.710Z",
  "target_language": "java",
  "report_summary": {
    "additional": null,
    "amount_classes_or_interfaces_with_data_clumps": 2,
    "amount_files_with_data_clumps": 2,
    "amount_methods_with_data_clumps": 0,
    "fields_to_fields_data_clump": 2,
    "parameters_to_fields_data_clump": 0,
    "parameters_to_parameters_data_clump": 0,
    "amount_data_clumps": 2
  },
  "project_info": {
    "project_url": "unknown_project_url",
    "project_name": "_abW3UI_pEeqwvcm2LAkYWA",
    "project_version": "unknown_project_version",
    "project_commit_hash": "unknown",
    "project_tag": null,
    "project_commit_date": null,
    "additional": {},
    "number_of_files": 16,
    "number_of_classes_or_interfaces": 16,
    "number_of_methods": 48,
    "number_of_data_fields": 39,
    "number_of_method_parameters": 0
  },
  "detector": {
    "name": "data-clumps-doctor",
    "url": "https://github.com/NilsBaumgartner1994/data-clumps-doctor",
    "version": "0.1.100",
    "options": {
      "typeVariablesConsidered": false,
      "similarityModifierOfVariablesWithUnknownType": 0,
      "fieldsOfClassesWithUnknownHierarchyProbabilityModifier": 0,
      "sharedFieldsToFieldsAmountMinimum": 3,
      "analyseFieldsInClassesOrInterfacesInheritedFromSuperClassesOrInterfaces": false,
      "sharedParametersToParametersAmountMinimum": 3,
      "sharedParametersToFieldsAmountMinimum": 3,
      "methodsOfClassesOrInterfacesWithUnknownHierarchyProbabilityModifier": 0
    }
  },
  "data_clumps": {
    "fields_to_fields_data_clump-./Carro2-_abbI84_pEeqwvcm2LAkYWA-_abbJAI_pEeqwvcm2LAkYWA-LargeCar(RegistrationNumberregisNumber)driveCar(intkm)getCarType()portastipoporta-malas": {
      "type": "data_clump",
      "key": "fields_to_fields_data_clump-./Carro2-_abbI84_pEeqwvcm2LAkYWA-_abbJAI_pEeqwvcm2LAkYWA-LargeCar(RegistrationNumberregisNumber)driveCar(intkm)getCarType()portastipoporta-malas",
      "probability": 1,
      "from_file_path": "./Carro2",
      "from_class_or_interface_name": "Carro2",
      "from_class_or_interface_key": "_abbI84_pEeqwvcm2LAkYWA",
      "from_method_name": null,
      "from_method_key": null,
      "to_file_path": "./Carro3",
      "to_class_or_interface_key": "_abbJAI_pEeqwvcm2LAkYWA",
      "to_class_or_interface_name": "Carro2",
      "to_method_key": null,
      "to_method_name": null,
      "data_clump_type": "fields_to_fields_data_clump",
      "data_clump_data": {
        "_abbI9Y_pEeqwvcm2LAkYWA": {
          "key": "_abbI9Y_pEeqwvcm2LAkYWA",
          "name": "LargeCar(RegistrationNumberregisNumber)",
          "type": null,
          "probability": 1,
          "modifiers": [
            "public"
          ],
          "to_variable": {
            "key": "_abbJAo_pEeqwvcm2LAkYWA",
            "name": "LargeCar(RegistrationNumberregisNumber)",
            "type": null,
            "modifiers": [
              "public"
            ],
            "position": {}
          },
          "position": {}
        },
        "_abbI9o_pEeqwvcm2LAkYWA": {
          "key": "_abbI9o_pEeqwvcm2LAkYWA",
          "name": "driveCar(intkm)",
          "type": null,
          "probability": 1,
          "modifiers": [
            "public"
          ],
          "to_variable": {
            "key": "_abbJA4_pEeqwvcm2LAkYWA",
            "name": "driveCar(intkm)",
            "type": null,
            "modifiers": [
              "public"
            ],
            "position": {}
          },
          "position": {}
        },
        "_abbI94_pEeqwvcm2LAkYWA": {
          "key": "_abbI94_pEeqwvcm2LAkYWA",
          "name": "getCarType()",
          "type": null,
          "probability": 1,
          "modifiers": [
            "public"
          ],
          "to_variable": {
            "key": "_abbJBI_pEeqwvcm2LAkYWA",
            "name": "getCarType()",
            "type": null,
            "modifiers": [
              "public"
            ],
            "position": {}
          },
          "position": {}
        },
        "_abbI-I_pEeqwvcm2LAkYWA": {
          "key": "_abbI-I_pEeqwvcm2LAkYWA",
          "name": "portas",
          "type": null,
          "probability": 1,
          "modifiers": [
            "private"
          ],
          "to_variable": {
            "key": "_abbJBY_pEeqwvcm2LAkYWA",
            "name": "portas",
            "type": null,
            "modifiers": [
              "private"
            ],
            "position": {}
          },
          "position": {}
        },
        "_abbI-Y_pEeqwvcm2LAkYWA": {
          "key": "_abbI-Y_pEeqwvcm2LAkYWA",
          "name": "tipo",
          "type": null,
          "probability": 1,
          "modifiers": [
            "private"
          ],
          "to_variable": {
            "key": "_abbJBo_pEeqwvcm2LAkYWA",
            "name": "tipo",
            "type": null,
            "modifiers": [
              "private"
            ],
            "position": {}
          },
          "position": {}
        },
        "_abbI-o_pEeqwvcm2LAkYWA": {
          "key": "_abbI-o_pEeqwvcm2LAkYWA",
          "name": "porta-malas",
          "type": null,
          "probability": 1,
          "modifiers": [
            "private"
          ],
          "to_variable": {
            "key": "_abbJB4_pEeqwvcm2LAkYWA",
            "name": "porta-malas",
            "type": null,
            "modifiers": [
              "private"
            ],
            "position": {}
          },
          "position": {}
        }
      }
    },
    "fields_to_fields_data_clump-./Carro3-_abbJAI_pEeqwvcm2LAkYWA-_abbI84_pEeqwvcm2LAkYWA-LargeCar(RegistrationNumberregisNumber)driveCar(intkm)getCarType()portastipoporta-malas": {
      "type": "data_clump",
      "key": "fields_to_fields_data_clump-./Carro3-_abbJAI_pEeqwvcm2LAkYWA-_abbI84_pEeqwvcm2LAkYWA-LargeCar(RegistrationNumberregisNumber)driveCar(intkm)getCarType()portastipoporta-malas",
      "probability": 1,
      "from_file_path": "./Carro3",
      "from_class_or_interface_name": "Carro3",
      "from_class_or_interface_key": "_abbJAI_pEeqwvcm2LAkYWA",
      "from_method_name": null,
      "from_method_key": null,
      "to_file_path": "./Carro2",
      "to_class_or_interface_key": "_abbI84_pEeqwvcm2LAkYWA",
      "to_class_or_interface_name": "Carro3",
      "to_method_key": null,
      "to_method_name": null,
      "data_clump_type": "fields_to_fields_data_clump",
      "data_clump_data": {
        "_abbJAo_pEeqwvcm2LAkYWA": {
          "key": "_abbJAo_pEeqwvcm2LAkYWA",
          "name": "LargeCar(RegistrationNumberregisNumber)",
          "type": null,
          "probability": 1,
          "modifiers": [
            "public"
          ],
          "to_variable": {
            "key": "_abbI9Y_pEeqwvcm2LAkYWA",
            "name": "LargeCar(RegistrationNumberregisNumber)",
            "type": null,
            "modifiers": [
              "public"
            ],
            "position": {}
          },
          "position": {}
        },
        "_abbJA4_pEeqwvcm2LAkYWA": {
          "key": "_abbJA4_pEeqwvcm2LAkYWA",
          "name": "driveCar(intkm)",
          "type": null,
          "probability": 1,
          "modifiers": [
            "public"
          ],
          "to_variable": {
            "key": "_abbI9o_pEeqwvcm2LAkYWA",
            "name": "driveCar(intkm)",
            "type": null,
            "modifiers": [
              "public"
            ],
            "position": {}
          },
          "position": {}
        },
        "_abbJBI_pEeqwvcm2LAkYWA": {
          "key": "_abbJBI_pEeqwvcm2LAkYWA",
          "name": "getCarType()",
          "type": null,
          "probability": 1,
          "modifiers": [
            "public"
          ],
          "to_variable": {
            "key": "_abbI94_pEeqwvcm2LAkYWA",
            "name": "getCarType()",
            "type": null,
            "modifiers": [
              "public"
            ],
            "position": {}
          },
          "position": {}
        },
        "_abbJBY_pEeqwvcm2LAkYWA": {
          "key": "_abbJBY_pEeqwvcm2LAkYWA",
          "name": "portas",
          "type": null,
          "probability": 1,
          "modifiers": [
            "private"
          ],
          "to_variable": {
            "key": "_abbI-I_pEeqwvcm2LAkYWA",
            "name": "portas",
            "type": null,
            "modifiers": [
              "private"
            ],
            "position": {}
          },
          "position": {}
        },
        "_abbJBo_pEeqwvcm2LAkYWA": {
          "key": "_abbJBo_pEeqwvcm2LAkYWA",
          "name": "tipo",
          "type": null,
          "probability": 1,
          "modifiers": [
            "private"
          ],
          "to_variable": {
            "key": "_abbI-Y_pEeqwvcm2LAkYWA",
            "name": "tipo",
            "type": null,
            "modifiers": [
              "private"
            ],
            "position": {}
          },
          "position": {}
        },
        "_abbJB4_pEeqwvcm2LAkYWA": {
          "key": "_abbJB4_pEeqwvcm2LAkYWA",
          "name": "porta-malas",
          "type": null,
          "probability": 1,
          "modifiers": [
            "private"
          ],
          "to_variable": {
            "key": "_abbI-o_pEeqwvcm2LAkYWA",
            "name": "porta-malas",
            "type": null,
            "modifiers": [
              "private"
            ],
            "position": {}
          },
          "position": {}
        }
      }
    }
  }
}