{
  "report_version": "unknown",
  "report_timestamp": "2025-03-26T21:52:44.956Z",
  "target_language": "java",
  "report_summary": {
    "additional": null,
    "amount_classes_or_interfaces_with_data_clumps": 9,
    "amount_files_with_data_clumps": 9,
    "amount_methods_with_data_clumps": 9,
    "fields_to_fields_data_clump": 0,
    "parameters_to_fields_data_clump": 5,
    "parameters_to_parameters_data_clump": 16,
    "amount_data_clumps": 21
  },
  "project_info": {
    "project_url": "unknown_project_url",
    "project_name": "_EQbTkPwdEeaaHedTqJctyw",
    "project_version": "unknown_project_version",
    "project_commit_hash": "unknown",
    "project_tag": null,
    "project_commit_date": null,
    "additional": {},
    "number_of_files": 231,
    "number_of_classes_or_interfaces": 231,
    "number_of_methods": 627,
    "number_of_data_fields": 127,
    "number_of_method_parameters": 249
  },
  "detector": {
    "name": "data-clumps-doctor",
    "url": "https://github.com/NilsBaumgartner1994/data-clumps-doctor",
    "version": "0.1.100",
    "options": {
      "typeVariablesConsidered": false,
      "similarityModifierOfVariablesWithUnknownType": 0,
      "fieldsOfClassesWithUnknownHierarchyProbabilityModifier": 0,
      "sharedFieldsToFieldsAmountMinimum": 3,
      "analyseFieldsInClassesOrInterfacesInheritedFromSuperClassesOrInterfaces": false,
      "sharedParametersToParametersAmountMinimum": 3,
      "sharedParametersToFieldsAmountMinimum": 3,
      "methodsOfClassesOrInterfacesWithUnknownHierarchyProbabilityModifier": 0
    }
  },
  "data_clumps": {
    "parameters_to_parameters_data_clump-./CafeMenu-_E-2f1PwdEea26tRukLsE3Q-_E-4VDfwdEea26tRukLsE3Q-namedescriptionvegetarianprice": {
      "type": "data_clump",
      "key": "parameters_to_parameters_data_clump-./CafeMenu-_E-2f1PwdEea26tRukLsE3Q-_E-4VDfwdEea26tRukLsE3Q-namedescriptionvegetarianprice",
      "probability": 1,
      "from_file_path": "./CafeMenu",
      "from_class_or_interface_name": "CafeMenu",
      "from_class_or_interface_key": "_E-15P_wdEea26tRukLsE3Q",
      "from_method_name": "addItem",
      "from_method_key": "_E-2f1PwdEea26tRukLsE3Q",
      "to_file_path": "./DinerMenu",
      "to_class_or_interface_name": "DinerMenu",
      "to_class_or_interface_key": "_E-4VAfwdEea26tRukLsE3Q",
      "to_method_name": "addItem",
      "to_method_key": "_E-4VDfwdEea26tRukLsE3Q",
      "data_clump_type": "parameters_to_parameters_data_clump",
      "data_clump_data": {
        "_E-2f1vwdEea26tRukLsE3Q": {
          "key": "_E-2f1vwdEea26tRukLsE3Q",
          "name": "name",
          "type": null,
          "probability": 1,
          "modifiers": [],
          "to_variable": {
            "key": "_E-4VD_wdEea26tRukLsE3Q",
            "name": "name",
            "type": null,
            "modifiers": [],
            "position": {}
          },
          "position": {}
        },
        "_E-2f2fwdEea26tRukLsE3Q": {
          "key": "_E-2f2fwdEea26tRukLsE3Q",
          "name": "description",
          "type": null,
          "probability": 1,
          "modifiers": [],
          "to_variable": {
            "key": "_E-4VEvwdEea26tRukLsE3Q",
            "name": "description",
            "type": null,
            "modifiers": [],
            "position": {}
          },
          "position": {}
        },
        "_E-2f3PwdEea26tRukLsE3Q": {
          "key": "_E-2f3PwdEea26tRukLsE3Q",
          "name": "vegetarian",
          "type": null,
          "probability": 1,
          "modifiers": [],
          "to_variable": {
            "key": "_E-4VFfwdEea26tRukLsE3Q",
            "name": "vegetarian",
            "type": null,
            "modifiers": [],
            "position": {}
          },
          "position": {}
        },
        "_E-2f3_wdEea26tRukLsE3Q": {
          "key": "_E-2f3_wdEea26tRukLsE3Q",
          "name": "price",
          "type": null,
          "probability": 1,
          "modifiers": [],
          "to_variable": {
            "key": "_E-4VGPwdEea26tRukLsE3Q",
            "name": "price",
            "type": null,
            "modifiers": [],
            "position": {}
          },
          "position": {}
        }
      }
    },
    "parameters_to_parameters_data_clump-./CafeMenu-_E-2f1PwdEea26tRukLsE3Q-_E-4VS_wdEea26tRukLsE3Q-namedescriptionvegetarianprice": {
      "type": "data_clump",
      "key": "parameters_to_parameters_data_clump-./CafeMenu-_E-2f1PwdEea26tRukLsE3Q-_E-4VS_wdEea26tRukLsE3Q-namedescriptionvegetarianprice",
      "probability": 1,
      "from_file_path": "./CafeMenu",
      "from_class_or_interface_name": "CafeMenu",
      "from_class_or_interface_key": "_E-15P_wdEea26tRukLsE3Q",
      "from_method_name": "addItem",
      "from_method_key": "_E-2f1PwdEea26tRukLsE3Q",
      "to_file_path": "./MenuItem",
      "to_class_or_interface_name": "MenuItem",
      "to_class_or_interface_key": "_E-4VPvwdEea26tRukLsE3Q",
      "to_method_name": "MenuItem",
      "to_method_key": "_E-4VS_wdEea26tRukLsE3Q",
      "data_clump_type": "parameters_to_parameters_data_clump",
      "data_clump_data": {
        "_E-2f1vwdEea26tRukLsE3Q": {
          "key": "_E-2f1vwdEea26tRukLsE3Q",
          "name": "name",
          "type": null,
          "probability": 1,
          "modifiers": [],
          "to_variable": {
            "key": "_E-4VTPwdEea26tRukLsE3Q",
            "name": "name",
            "type": null,
            "modifiers": [],
            "position": {}
          },
          "position": {}
        },
        "_E-2f2fwdEea26tRukLsE3Q": {
          "key": "_E-2f2fwdEea26tRukLsE3Q",
          "name": "description",
          "type": null,
          "probability": 1,
          "modifiers": [],
          "to_variable": {
            "key": "_E-4VT_wdEea26tRukLsE3Q",
            "name": "description",
            "type": null,
            "modifiers": [],
            "position": {}
          },
          "position": {}
        },
        "_E-2f3PwdEea26tRukLsE3Q": {
          "key": "_E-2f3PwdEea26tRukLsE3Q",
          "name": "vegetarian",
          "type": null,
          "probability": 1,
          "modifiers": [],
          "to_variable": {
            "key": "_E-4VUvwdEea26tRukLsE3Q",
            "name": "vegetarian",
            "type": null,
            "modifiers": [],
            "position": {}
          },
          "position": {}
        },
        "_E-2f3_wdEea26tRukLsE3Q": {
          "key": "_E-2f3_wdEea26tRukLsE3Q",
          "name": "price",
          "type": null,
          "probability": 1,
          "modifiers": [],
          "to_variable": {
            "key": "_E-4VVfwdEea26tRukLsE3Q",
            "name": "price",
            "type": null,
            "modifiers": [],
            "position": {}
          },
          "position": {}
        }
      }
    },
    "parameters_to_parameters_data_clump-./CafeMenu-_E-2f1PwdEea26tRukLsE3Q-_E-4VcfwdEea26tRukLsE3Q-namedescriptionvegetarianprice": {
      "type": "data_clump",
      "key": "parameters_to_parameters_data_clump-./CafeMenu-_E-2f1PwdEea26tRukLsE3Q-_E-4VcfwdEea26tRukLsE3Q-namedescriptionvegetarianprice",
      "probability": 1,
      "from_file_path": "./CafeMenu",
      "from_class_or_interface_name": "CafeMenu",
      "from_class_or_interface_key": "_E-15P_wdEea26tRukLsE3Q",
      "from_method_name": "addItem",
      "from_method_key": "_E-2f1PwdEea26tRukLsE3Q",
      "to_file_path": "./PancakeHouseMenu",
      "to_class_or_interface_name": "PancakeHouseMenu",
      "to_class_or_interface_key": "_E-4VbvwdEea26tRukLsE3Q",
      "to_method_name": "addItem",
      "to_method_key": "_E-4VcfwdEea26tRukLsE3Q",
      "data_clump_type": "parameters_to_parameters_data_clump",
      "data_clump_data": {
        "_E-2f1vwdEea26tRukLsE3Q": {
          "key": "_E-2f1vwdEea26tRukLsE3Q",
          "name": "name",
          "type": null,
          "probability": 1,
          "modifiers": [],
          "to_variable": {
            "key": "_E-4Vc_wdEea26tRukLsE3Q",
            "name": "name",
            "type": null,
            "modifiers": [],
            "position": {}
          },
          "position": {}
        },
        "_E-2f2fwdEea26tRukLsE3Q": {
          "key": "_E-2f2fwdEea26tRukLsE3Q",
          "name": "description",
          "type": null,
          "probability": 1,
          "modifiers": [],
          "to_variable": {
            "key": "_E-4VdvwdEea26tRukLsE3Q",
            "name": "description",
            "type": null,
            "modifiers": [],
            "position": {}
          },
          "position": {}
        },
        "_E-2f3PwdEea26tRukLsE3Q": {
          "key": "_E-2f3PwdEea26tRukLsE3Q",
          "name": "vegetarian",
          "type": null,
          "probability": 1,
          "modifiers": [],
          "to_variable": {
            "key": "_E-4VefwdEea26tRukLsE3Q",
            "name": "vegetarian",
            "type": null,
            "modifiers": [],
            "position": {}
          },
          "position": {}
        },
        "_E-2f3_wdEea26tRukLsE3Q": {
          "key": "_E-2f3_wdEea26tRukLsE3Q",
          "name": "price",
          "type": null,
          "probability": 1,
          "modifiers": [],
          "to_variable": {
            "key": "_E-4VfPwdEea26tRukLsE3Q",
            "name": "price",
            "type": null,
            "modifiers": [],
            "position": {}
          },
          "position": {}
        }
      }
    },
    "parameters_to_fields_data_clump-./CafeMenu-_E-2f1PwdEea26tRukLsE3Q-_E-4VPvwdEea26tRukLsE3Q-namedescriptionvegetarianprice": {
      "type": "data_clump",
      "key": "parameters_to_fields_data_clump-./CafeMenu-_E-2f1PwdEea26tRukLsE3Q-_E-4VPvwdEea26tRukLsE3Q-namedescriptionvegetarianprice",
      "probability": 1,
      "from_file_path": "./CafeMenu",
      "from_class_or_interface_name": "CafeMenu",
      "from_class_or_interface_key": "_E-15P_wdEea26tRukLsE3Q",
      "from_method_name": "addItem",
      "from_method_key": "_E-2f1PwdEea26tRukLsE3Q",
      "to_file_path": "./MenuItem",
      "to_class_or_interface_name": "MenuItem",
      "to_class_or_interface_key": "_E-4VPvwdEea26tRukLsE3Q",
      "to_method_name": null,
      "to_method_key": null,
      "data_clump_type": "parameters_to_fields_data_clump",
      "data_clump_data": {
        "_E-2f1vwdEea26tRukLsE3Q": {
          "key": "_E-2f1vwdEea26tRukLsE3Q",
          "name": "name",
          "type": null,
          "probability": 1,
          "modifiers": [],
          "to_variable": {
            "key": "_E-4VP_wdEea26tRukLsE3Q",
            "name": "name",
            "type": null,
            "modifiers": [
              "package"
            ],
            "position": {}
          },
          "position": {}
        },
        "_E-2f2fwdEea26tRukLsE3Q": {
          "key": "_E-2f2fwdEea26tRukLsE3Q",
          "name": "description",
          "type": null,
          "probability": 1,
          "modifiers": [],
          "to_variable": {
            "key": "_E-4VQvwdEea26tRukLsE3Q",
            "name": "description",
            "type": null,
            "modifiers": [
              "package"
            ],
            "position": {}
          },
          "position": {}
        },
        "_E-2f3PwdEea26tRukLsE3Q": {
          "key": "_E-2f3PwdEea26tRukLsE3Q",
          "name": "vegetarian",
          "type": null,
          "probability": 1,
          "modifiers": [],
          "to_variable": {
            "key": "_E-4VRfwdEea26tRukLsE3Q",
            "name": "vegetarian",
            "type": null,
            "modifiers": [
              "package"
            ],
            "position": {}
          },
          "position": {}
        },
        "_E-2f3_wdEea26tRukLsE3Q": {
          "key": "_E-2f3_wdEea26tRukLsE3Q",
          "name": "price",
          "type": null,
          "probability": 1,
          "modifiers": [],
          "to_variable": {
            "key": "_E-4VSPwdEea26tRukLsE3Q",
            "name": "price",
            "type": null,
            "modifiers": [
              "package"
            ],
            "position": {}
          },
          "position": {}
        }
      }
    },
    "parameters_to_parameters_data_clump-./DinerMenu-_E-4VDfwdEea26tRukLsE3Q-_E-2f1PwdEea26tRukLsE3Q-namedescriptionvegetarianprice": {
      "type": "data_clump",
      "key": "parameters_to_parameters_data_clump-./DinerMenu-_E-4VDfwdEea26tRukLsE3Q-_E-2f1PwdEea26tRukLsE3Q-namedescriptionvegetarianprice",
      "probability": 1,
      "from_file_path": "./DinerMenu",
      "from_class_or_interface_name": "DinerMenu",
      "from_class_or_interface_key": "_E-4VAfwdEea26tRukLsE3Q",
      "from_method_name": "addItem",
      "from_method_key": "_E-4VDfwdEea26tRukLsE3Q",
      "to_file_path": "./CafeMenu",
      "to_class_or_interface_name": "CafeMenu",
      "to_class_or_interface_key": "_E-15P_wdEea26tRukLsE3Q",
      "to_method_name": "addItem",
      "to_method_key": "_E-2f1PwdEea26tRukLsE3Q",
      "data_clump_type": "parameters_to_parameters_data_clump",
      "data_clump_data": {
        "_E-4VD_wdEea26tRukLsE3Q": {
          "key": "_E-4VD_wdEea26tRukLsE3Q",
          "name": "name",
          "type": null,
          "probability": 1,
          "modifiers": [],
          "to_variable": {
            "key": "_E-2f1vwdEea26tRukLsE3Q",
            "name": "name",
            "type": null,
            "modifiers": [],
            "position": {}
          },
          "position": {}
        },
        "_E-4VEvwdEea26tRukLsE3Q": {
          "key": "_E-4VEvwdEea26tRukLsE3Q",
          "name": "description",
          "type": null,
          "probability": 1,
          "modifiers": [],
          "to_variable": {
            "key": "_E-2f2fwdEea26tRukLsE3Q",
            "name": "description",
            "type": null,
            "modifiers": [],
            "position": {}
          },
          "position": {}
        },
        "_E-4VFfwdEea26tRukLsE3Q": {
          "key": "_E-4VFfwdEea26tRukLsE3Q",
          "name": "vegetarian",
          "type": null,
          "probability": 1,
          "modifiers": [],
          "to_variable": {
            "key": "_E-2f3PwdEea26tRukLsE3Q",
            "name": "vegetarian",
            "type": null,
            "modifiers": [],
            "position": {}
          },
          "position": {}
        },
        "_E-4VGPwdEea26tRukLsE3Q": {
          "key": "_E-4VGPwdEea26tRukLsE3Q",
          "name": "price",
          "type": null,
          "probability": 1,
          "modifiers": [],
          "to_variable": {
            "key": "_E-2f3_wdEea26tRukLsE3Q",
            "name": "price",
            "type": null,
            "modifiers": [],
            "position": {}
          },
          "position": {}
        }
      }
    },
    "parameters_to_parameters_data_clump-./DinerMenu-_E-4VDfwdEea26tRukLsE3Q-_E-4VS_wdEea26tRukLsE3Q-namedescriptionvegetarianprice": {
      "type": "data_clump",
      "key": "parameters_to_parameters_data_clump-./DinerMenu-_E-4VDfwdEea26tRukLsE3Q-_E-4VS_wdEea26tRukLsE3Q-namedescriptionvegetarianprice",
      "probability": 1,
      "from_file_path": "./DinerMenu",
      "from_class_or_interface_name": "DinerMenu",
      "from_class_or_interface_key": "_E-4VAfwdEea26tRukLsE3Q",
      "from_method_name": "addItem",
      "from_method_key": "_E-4VDfwdEea26tRukLsE3Q",
      "to_file_path": "./MenuItem",
      "to_class_or_interface_name": "MenuItem",
      "to_class_or_interface_key": "_E-4VPvwdEea26tRukLsE3Q",
      "to_method_name": "MenuItem",
      "to_method_key": "_E-4VS_wdEea26tRukLsE3Q",
      "data_clump_type": "parameters_to_parameters_data_clump",
      "data_clump_data": {
        "_E-4VD_wdEea26tRukLsE3Q": {
          "key": "_E-4VD_wdEea26tRukLsE3Q",
          "name": "name",
          "type": null,
          "probability": 1,
          "modifiers": [],
          "to_variable": {
            "key": "_E-4VTPwdEea26tRukLsE3Q",
            "name": "name",
            "type": null,
            "modifiers": [],
            "position": {}
          },
          "position": {}
        },
        "_E-4VEvwdEea26tRukLsE3Q": {
          "key": "_E-4VEvwdEea26tRukLsE3Q",
          "name": "description",
          "type": null,
          "probability": 1,
          "modifiers": [],
          "to_variable": {
            "key": "_E-4VT_wdEea26tRukLsE3Q",
            "name": "description",
            "type": null,
            "modifiers": [],
            "position": {}
          },
          "position": {}
        },
        "_E-4VFfwdEea26tRukLsE3Q": {
          "key": "_E-4VFfwdEea26tRukLsE3Q",
          "name": "vegetarian",
          "type": null,
          "probability": 1,
          "modifiers": [],
          "to_variable": {
            "key": "_E-4VUvwdEea26tRukLsE3Q",
            "name": "vegetarian",
            "type": null,
            "modifiers": [],
            "position": {}
          },
          "position": {}
        },
        "_E-4VGPwdEea26tRukLsE3Q": {
          "key": "_E-4VGPwdEea26tRukLsE3Q",
          "name": "price",
          "type": null,
          "probability": 1,
          "modifiers": [],
          "to_variable": {
            "key": "_E-4VVfwdEea26tRukLsE3Q",
            "name": "price",
            "type": null,
            "modifiers": [],
            "position": {}
          },
          "position": {}
        }
      }
    },
    "parameters_to_parameters_data_clump-./DinerMenu-_E-4VDfwdEea26tRukLsE3Q-_E-4VcfwdEea26tRukLsE3Q-namedescriptionvegetarianprice": {
      "type": "data_clump",
      "key": "parameters_to_parameters_data_clump-./DinerMenu-_E-4VDfwdEea26tRukLsE3Q-_E-4VcfwdEea26tRukLsE3Q-namedescriptionvegetarianprice",
      "probability": 1,
      "from_file_path": "./DinerMenu",
      "from_class_or_interface_name": "DinerMenu",
      "from_class_or_interface_key": "_E-4VAfwdEea26tRukLsE3Q",
      "from_method_name": "addItem",
      "from_method_key": "_E-4VDfwdEea26tRukLsE3Q",
      "to_file_path": "./PancakeHouseMenu",
      "to_class_or_interface_name": "PancakeHouseMenu",
      "to_class_or_interface_key": "_E-4VbvwdEea26tRukLsE3Q",
      "to_method_name": "addItem",
      "to_method_key": "_E-4VcfwdEea26tRukLsE3Q",
      "data_clump_type": "parameters_to_parameters_data_clump",
      "data_clump_data": {
        "_E-4VD_wdEea26tRukLsE3Q": {
          "key": "_E-4VD_wdEea26tRukLsE3Q",
          "name": "name",
          "type": null,
          "probability": 1,
          "modifiers": [],
          "to_variable": {
            "key": "_E-4Vc_wdEea26tRukLsE3Q",
            "name": "name",
            "type": null,
            "modifiers": [],
            "position": {}
          },
          "position": {}
        },
        "_E-4VEvwdEea26tRukLsE3Q": {
          "key": "_E-4VEvwdEea26tRukLsE3Q",
          "name": "description",
          "type": null,
          "probability": 1,
          "modifiers": [],
          "to_variable": {
            "key": "_E-4VdvwdEea26tRukLsE3Q",
            "name": "description",
            "type": null,
            "modifiers": [],
            "position": {}
          },
          "position": {}
        },
        "_E-4VFfwdEea26tRukLsE3Q": {
          "key": "_E-4VFfwdEea26tRukLsE3Q",
          "name": "vegetarian",
          "type": null,
          "probability": 1,
          "modifiers": [],
          "to_variable": {
            "key": "_E-4VefwdEea26tRukLsE3Q",
            "name": "vegetarian",
            "type": null,
            "modifiers": [],
            "position": {}
          },
          "position": {}
        },
        "_E-4VGPwdEea26tRukLsE3Q": {
          "key": "_E-4VGPwdEea26tRukLsE3Q",
          "name": "price",
          "type": null,
          "probability": 1,
          "modifiers": [],
          "to_variable": {
            "key": "_E-4VfPwdEea26tRukLsE3Q",
            "name": "price",
            "type": null,
            "modifiers": [],
            "position": {}
          },
          "position": {}
        }
      }
    },
    "parameters_to_fields_data_clump-./DinerMenu-_E-4VDfwdEea26tRukLsE3Q-_E-4VPvwdEea26tRukLsE3Q-namedescriptionvegetarianprice": {
      "type": "data_clump",
      "key": "parameters_to_fields_data_clump-./DinerMenu-_E-4VDfwdEea26tRukLsE3Q-_E-4VPvwdEea26tRukLsE3Q-namedescriptionvegetarianprice",
      "probability": 1,
      "from_file_path": "./DinerMenu",
      "from_class_or_interface_name": "DinerMenu",
      "from_class_or_interface_key": "_E-4VAfwdEea26tRukLsE3Q",
      "from_method_name": "addItem",
      "from_method_key": "_E-4VDfwdEea26tRukLsE3Q",
      "to_file_path": "./MenuItem",
      "to_class_or_interface_name": "MenuItem",
      "to_class_or_interface_key": "_E-4VPvwdEea26tRukLsE3Q",
      "to_method_name": null,
      "to_method_key": null,
      "data_clump_type": "parameters_to_fields_data_clump",
      "data_clump_data": {
        "_E-4VD_wdEea26tRukLsE3Q": {
          "key": "_E-4VD_wdEea26tRukLsE3Q",
          "name": "name",
          "type": null,
          "probability": 1,
          "modifiers": [],
          "to_variable": {
            "key": "_E-4VP_wdEea26tRukLsE3Q",
            "name": "name",
            "type": null,
            "modifiers": [
              "package"
            ],
            "position": {}
          },
          "position": {}
        },
        "_E-4VEvwdEea26tRukLsE3Q": {
          "key": "_E-4VEvwdEea26tRukLsE3Q",
          "name": "description",
          "type": null,
          "probability": 1,
          "modifiers": [],
          "to_variable": {
            "key": "_E-4VQvwdEea26tRukLsE3Q",
            "name": "description",
            "type": null,
            "modifiers": [
              "package"
            ],
            "position": {}
          },
          "position": {}
        },
        "_E-4VFfwdEea26tRukLsE3Q": {
          "key": "_E-4VFfwdEea26tRukLsE3Q",
          "name": "vegetarian",
          "type": null,
          "probability": 1,
          "modifiers": [],
          "to_variable": {
            "key": "_E-4VRfwdEea26tRukLsE3Q",
            "name": "vegetarian",
            "type": null,
            "modifiers": [
              "package"
            ],
            "position": {}
          },
          "position": {}
        },
        "_E-4VGPwdEea26tRukLsE3Q": {
          "key": "_E-4VGPwdEea26tRukLsE3Q",
          "name": "price",
          "type": null,
          "probability": 1,
          "modifiers": [],
          "to_variable": {
            "key": "_E-4VSPwdEea26tRukLsE3Q",
            "name": "price",
            "type": null,
            "modifiers": [
              "package"
            ],
            "position": {}
          },
          "position": {}
        }
      }
    },
    "parameters_to_parameters_data_clump-./MenuItem-_E-4VS_wdEea26tRukLsE3Q-_E-2f1PwdEea26tRukLsE3Q-namedescriptionvegetarianprice": {
      "type": "data_clump",
      "key": "parameters_to_parameters_data_clump-./MenuItem-_E-4VS_wdEea26tRukLsE3Q-_E-2f1PwdEea26tRukLsE3Q-namedescriptionvegetarianprice",
      "probability": 1,
      "from_file_path": "./MenuItem",
      "from_class_or_interface_name": "MenuItem",
      "from_class_or_interface_key": "_E-4VPvwdEea26tRukLsE3Q",
      "from_method_name": "MenuItem",
      "from_method_key": "_E-4VS_wdEea26tRukLsE3Q",
      "to_file_path": "./CafeMenu",
      "to_class_or_interface_name": "CafeMenu",
      "to_class_or_interface_key": "_E-15P_wdEea26tRukLsE3Q",
      "to_method_name": "addItem",
      "to_method_key": "_E-2f1PwdEea26tRukLsE3Q",
      "data_clump_type": "parameters_to_parameters_data_clump",
      "data_clump_data": {
        "_E-4VTPwdEea26tRukLsE3Q": {
          "key": "_E-4VTPwdEea26tRukLsE3Q",
          "name": "name",
          "type": null,
          "probability": 1,
          "modifiers": [],
          "to_variable": {
            "key": "_E-2f1vwdEea26tRukLsE3Q",
            "name": "name",
            "type": null,
            "modifiers": [],
            "position": {}
          },
          "position": {}
        },
        "_E-4VT_wdEea26tRukLsE3Q": {
          "key": "_E-4VT_wdEea26tRukLsE3Q",
          "name": "description",
          "type": null,
          "probability": 1,
          "modifiers": [],
          "to_variable": {
            "key": "_E-2f2fwdEea26tRukLsE3Q",
            "name": "description",
            "type": null,
            "modifiers": [],
            "position": {}
          },
          "position": {}
        },
        "_E-4VUvwdEea26tRukLsE3Q": {
          "key": "_E-4VUvwdEea26tRukLsE3Q",
          "name": "vegetarian",
          "type": null,
          "probability": 1,
          "modifiers": [],
          "to_variable": {
            "key": "_E-2f3PwdEea26tRukLsE3Q",
            "name": "vegetarian",
            "type": null,
            "modifiers": [],
            "position": {}
          },
          "position": {}
        },
        "_E-4VVfwdEea26tRukLsE3Q": {
          "key": "_E-4VVfwdEea26tRukLsE3Q",
          "name": "price",
          "type": null,
          "probability": 1,
          "modifiers": [],
          "to_variable": {
            "key": "_E-2f3_wdEea26tRukLsE3Q",
            "name": "price",
            "type": null,
            "modifiers": [],
            "position": {}
          },
          "position": {}
        }
      }
    },
    "parameters_to_parameters_data_clump-./MenuItem-_E-4VS_wdEea26tRukLsE3Q-_E-4VDfwdEea26tRukLsE3Q-namedescriptionvegetarianprice": {
      "type": "data_clump",
      "key": "parameters_to_parameters_data_clump-./MenuItem-_E-4VS_wdEea26tRukLsE3Q-_E-4VDfwdEea26tRukLsE3Q-namedescriptionvegetarianprice",
      "probability": 1,
      "from_file_path": "./MenuItem",
      "from_class_or_interface_name": "MenuItem",
      "from_class_or_interface_key": "_E-4VPvwdEea26tRukLsE3Q",
      "from_method_name": "MenuItem",
      "from_method_key": "_E-4VS_wdEea26tRukLsE3Q",
      "to_file_path": "./DinerMenu",
      "to_class_or_interface_name": "DinerMenu",
      "to_class_or_interface_key": "_E-4VAfwdEea26tRukLsE3Q",
      "to_method_name": "addItem",
      "to_method_key": "_E-4VDfwdEea26tRukLsE3Q",
      "data_clump_type": "parameters_to_parameters_data_clump",
      "data_clump_data": {
        "_E-4VTPwdEea26tRukLsE3Q": {
          "key": "_E-4VTPwdEea26tRukLsE3Q",
          "name": "name",
          "type": null,
          "probability": 1,
          "modifiers": [],
          "to_variable": {
            "key": "_E-4VD_wdEea26tRukLsE3Q",
            "name": "name",
            "type": null,
            "modifiers": [],
            "position": {}
          },
          "position": {}
        },
        "_E-4VT_wdEea26tRukLsE3Q": {
          "key": "_E-4VT_wdEea26tRukLsE3Q",
          "name": "description",
          "type": null,
          "probability": 1,
          "modifiers": [],
          "to_variable": {
            "key": "_E-4VEvwdEea26tRukLsE3Q",
            "name": "description",
            "type": null,
            "modifiers": [],
            "position": {}
          },
          "position": {}
        },
        "_E-4VUvwdEea26tRukLsE3Q": {
          "key": "_E-4VUvwdEea26tRukLsE3Q",
          "name": "vegetarian",
          "type": null,
          "probability": 1,
          "modifiers": [],
          "to_variable": {
            "key": "_E-4VFfwdEea26tRukLsE3Q",
            "name": "vegetarian",
            "type": null,
            "modifiers": [],
            "position": {}
          },
          "position": {}
        },
        "_E-4VVfwdEea26tRukLsE3Q": {
          "key": "_E-4VVfwdEea26tRukLsE3Q",
          "name": "price",
          "type": null,
          "probability": 1,
          "modifiers": [],
          "to_variable": {
            "key": "_E-4VGPwdEea26tRukLsE3Q",
            "name": "price",
            "type": null,
            "modifiers": [],
            "position": {}
          },
          "position": {}
        }
      }
    },
    "parameters_to_parameters_data_clump-./MenuItem-_E-4VS_wdEea26tRukLsE3Q-_E-4VcfwdEea26tRukLsE3Q-namedescriptionvegetarianprice": {
      "type": "data_clump",
      "key": "parameters_to_parameters_data_clump-./MenuItem-_E-4VS_wdEea26tRukLsE3Q-_E-4VcfwdEea26tRukLsE3Q-namedescriptionvegetarianprice",
      "probability": 1,
      "from_file_path": "./MenuItem",
      "from_class_or_interface_name": "MenuItem",
      "from_class_or_interface_key": "_E-4VPvwdEea26tRukLsE3Q",
      "from_method_name": "MenuItem",
      "from_method_key": "_E-4VS_wdEea26tRukLsE3Q",
      "to_file_path": "./PancakeHouseMenu",
      "to_class_or_interface_name": "PancakeHouseMenu",
      "to_class_or_interface_key": "_E-4VbvwdEea26tRukLsE3Q",
      "to_method_name": "addItem",
      "to_method_key": "_E-4VcfwdEea26tRukLsE3Q",
      "data_clump_type": "parameters_to_parameters_data_clump",
      "data_clump_data": {
        "_E-4VTPwdEea26tRukLsE3Q": {
          "key": "_E-4VTPwdEea26tRukLsE3Q",
          "name": "name",
          "type": null,
          "probability": 1,
          "modifiers": [],
          "to_variable": {
            "key": "_E-4Vc_wdEea26tRukLsE3Q",
            "name": "name",
            "type": null,
            "modifiers": [],
            "position": {}
          },
          "position": {}
        },
        "_E-4VT_wdEea26tRukLsE3Q": {
          "key": "_E-4VT_wdEea26tRukLsE3Q",
          "name": "description",
          "type": null,
          "probability": 1,
          "modifiers": [],
          "to_variable": {
            "key": "_E-4VdvwdEea26tRukLsE3Q",
            "name": "description",
            "type": null,
            "modifiers": [],
            "position": {}
          },
          "position": {}
        },
        "_E-4VUvwdEea26tRukLsE3Q": {
          "key": "_E-4VUvwdEea26tRukLsE3Q",
          "name": "vegetarian",
          "type": null,
          "probability": 1,
          "modifiers": [],
          "to_variable": {
            "key": "_E-4VefwdEea26tRukLsE3Q",
            "name": "vegetarian",
            "type": null,
            "modifiers": [],
            "position": {}
          },
          "position": {}
        },
        "_E-4VVfwdEea26tRukLsE3Q": {
          "key": "_E-4VVfwdEea26tRukLsE3Q",
          "name": "price",
          "type": null,
          "probability": 1,
          "modifiers": [],
          "to_variable": {
            "key": "_E-4VfPwdEea26tRukLsE3Q",
            "name": "price",
            "type": null,
            "modifiers": [],
            "position": {}
          },
          "position": {}
        }
      }
    },
    "parameters_to_fields_data_clump-./MenuItem-_E-4VS_wdEea26tRukLsE3Q-_E-4VPvwdEea26tRukLsE3Q-namedescriptionvegetarianprice": {
      "type": "data_clump",
      "key": "parameters_to_fields_data_clump-./MenuItem-_E-4VS_wdEea26tRukLsE3Q-_E-4VPvwdEea26tRukLsE3Q-namedescriptionvegetarianprice",
      "probability": 1,
      "from_file_path": "./MenuItem",
      "from_class_or_interface_name": "MenuItem",
      "from_class_or_interface_key": "_E-4VPvwdEea26tRukLsE3Q",
      "from_method_name": "MenuItem",
      "from_method_key": "_E-4VS_wdEea26tRukLsE3Q",
      "to_file_path": "./MenuItem",
      "to_class_or_interface_name": "MenuItem",
      "to_class_or_interface_key": "_E-4VPvwdEea26tRukLsE3Q",
      "to_method_name": null,
      "to_method_key": null,
      "data_clump_type": "parameters_to_fields_data_clump",
      "data_clump_data": {
        "_E-4VTPwdEea26tRukLsE3Q": {
          "key": "_E-4VTPwdEea26tRukLsE3Q",
          "name": "name",
          "type": null,
          "probability": 1,
          "modifiers": [],
          "to_variable": {
            "key": "_E-4VP_wdEea26tRukLsE3Q",
            "name": "name",
            "type": null,
            "modifiers": [
              "package"
            ],
            "position": {}
          },
          "position": {}
        },
        "_E-4VT_wdEea26tRukLsE3Q": {
          "key": "_E-4VT_wdEea26tRukLsE3Q",
          "name": "description",
          "type": null,
          "probability": 1,
          "modifiers": [],
          "to_variable": {
            "key": "_E-4VQvwdEea26tRukLsE3Q",
            "name": "description",
            "type": null,
            "modifiers": [
              "package"
            ],
            "position": {}
          },
          "position": {}
        },
        "_E-4VUvwdEea26tRukLsE3Q": {
          "key": "_E-4VUvwdEea26tRukLsE3Q",
          "name": "vegetarian",
          "type": null,
          "probability": 1,
          "modifiers": [],
          "to_variable": {
            "key": "_E-4VRfwdEea26tRukLsE3Q",
            "name": "vegetarian",
            "type": null,
            "modifiers": [
              "package"
            ],
            "position": {}
          },
          "position": {}
        },
        "_E-4VVfwdEea26tRukLsE3Q": {
          "key": "_E-4VVfwdEea26tRukLsE3Q",
          "name": "price",
          "type": null,
          "probability": 1,
          "modifiers": [],
          "to_variable": {
            "key": "_E-4VSPwdEea26tRukLsE3Q",
            "name": "price",
            "type": null,
            "modifiers": [
              "package"
            ],
            "position": {}
          },
          "position": {}
        }
      }
    },
    "parameters_to_parameters_data_clump-./NonOwnerInvocationHandler-_E-8m4_wdEea26tRukLsE3Q-_E-9NhfwdEea26tRukLsE3Q-proxymethodargs": {
      "type": "data_clump",
      "key": "parameters_to_parameters_data_clump-./NonOwnerInvocationHandler-_E-8m4_wdEea26tRukLsE3Q-_E-9NhfwdEea26tRukLsE3Q-proxymethodargs",
      "probability": 1,
      "from_file_path": "./NonOwnerInvocationHandler",
      "from_class_or_interface_name": "NonOwnerInvocationHandler",
      "from_class_or_interface_key": "_E-8m3fwdEea26tRukLsE3Q",
      "from_method_name": "invoke",
      "from_method_key": "_E-8m4_wdEea26tRukLsE3Q",
      "to_file_path": "./OwnerInvocationHandler",
      "to_class_or_interface_name": "OwnerInvocationHandler",
      "to_class_or_interface_key": "_E-8m8PwdEea26tRukLsE3Q",
      "to_method_name": "invoke",
      "to_method_key": "_E-9NhfwdEea26tRukLsE3Q",
      "data_clump_type": "parameters_to_parameters_data_clump",
      "data_clump_data": {
        "_E-8m5_wdEea26tRukLsE3Q": {
          "key": "_E-8m5_wdEea26tRukLsE3Q",
          "name": "proxy",
          "type": null,
          "probability": 1,
          "modifiers": [],
          "to_variable": {
            "key": "_E-9NifwdEea26tRukLsE3Q",
            "name": "proxy",
            "type": null,
            "modifiers": [],
            "position": {}
          },
          "position": {}
        },
        "_E-8m6vwdEea26tRukLsE3Q": {
          "key": "_E-8m6vwdEea26tRukLsE3Q",
          "name": "method",
          "type": null,
          "probability": 1,
          "modifiers": [],
          "to_variable": {
            "key": "_E-9NjPwdEea26tRukLsE3Q",
            "name": "method",
            "type": null,
            "modifiers": [],
            "position": {}
          },
          "position": {}
        },
        "_E-8m7fwdEea26tRukLsE3Q": {
          "key": "_E-8m7fwdEea26tRukLsE3Q",
          "name": "args",
          "type": null,
          "probability": 1,
          "modifiers": [],
          "to_variable": {
            "key": "_E-9Nj_wdEea26tRukLsE3Q",
            "name": "args",
            "type": null,
            "modifiers": [],
            "position": {}
          },
          "position": {}
        }
      }
    },
    "parameters_to_parameters_data_clump-./OwnerInvocationHandler-_E-9NhfwdEea26tRukLsE3Q-_E-8m4_wdEea26tRukLsE3Q-proxymethodargs": {
      "type": "data_clump",
      "key": "parameters_to_parameters_data_clump-./OwnerInvocationHandler-_E-9NhfwdEea26tRukLsE3Q-_E-8m4_wdEea26tRukLsE3Q-proxymethodargs",
      "probability": 1,
      "from_file_path": "./OwnerInvocationHandler",
      "from_class_or_interface_name": "OwnerInvocationHandler",
      "from_class_or_interface_key": "_E-8m8PwdEea26tRukLsE3Q",
      "from_method_name": "invoke",
      "from_method_key": "_E-9NhfwdEea26tRukLsE3Q",
      "to_file_path": "./NonOwnerInvocationHandler",
      "to_class_or_interface_name": "NonOwnerInvocationHandler",
      "to_class_or_interface_key": "_E-8m3fwdEea26tRukLsE3Q",
      "to_method_name": "invoke",
      "to_method_key": "_E-8m4_wdEea26tRukLsE3Q",
      "data_clump_type": "parameters_to_parameters_data_clump",
      "data_clump_data": {
        "_E-9NifwdEea26tRukLsE3Q": {
          "key": "_E-9NifwdEea26tRukLsE3Q",
          "name": "proxy",
          "type": null,
          "probability": 1,
          "modifiers": [],
          "to_variable": {
            "key": "_E-8m5_wdEea26tRukLsE3Q",
            "name": "proxy",
            "type": null,
            "modifiers": [],
            "position": {}
          },
          "position": {}
        },
        "_E-9NjPwdEea26tRukLsE3Q": {
          "key": "_E-9NjPwdEea26tRukLsE3Q",
          "name": "method",
          "type": null,
          "probability": 1,
          "modifiers": [],
          "to_variable": {
            "key": "_E-8m6vwdEea26tRukLsE3Q",
            "name": "method",
            "type": null,
            "modifiers": [],
            "position": {}
          },
          "position": {}
        },
        "_E-9Nj_wdEea26tRukLsE3Q": {
          "key": "_E-9Nj_wdEea26tRukLsE3Q",
          "name": "args",
          "type": null,
          "probability": 1,
          "modifiers": [],
          "to_variable": {
            "key": "_E-8m7fwdEea26tRukLsE3Q",
            "name": "args",
            "type": null,
            "modifiers": [],
            "position": {}
          },
          "position": {}
        }
      }
    },
    "parameters_to_parameters_data_clump-./PancakeHouseMenu-_E-4VcfwdEea26tRukLsE3Q-_E-2f1PwdEea26tRukLsE3Q-namedescriptionvegetarianprice": {
      "type": "data_clump",
      "key": "parameters_to_parameters_data_clump-./PancakeHouseMenu-_E-4VcfwdEea26tRukLsE3Q-_E-2f1PwdEea26tRukLsE3Q-namedescriptionvegetarianprice",
      "probability": 1,
      "from_file_path": "./PancakeHouseMenu",
      "from_class_or_interface_name": "PancakeHouseMenu",
      "from_class_or_interface_key": "_E-4VbvwdEea26tRukLsE3Q",
      "from_method_name": "addItem",
      "from_method_key": "_E-4VcfwdEea26tRukLsE3Q",
      "to_file_path": "./CafeMenu",
      "to_class_or_interface_name": "CafeMenu",
      "to_class_or_interface_key": "_E-15P_wdEea26tRukLsE3Q",
      "to_method_name": "addItem",
      "to_method_key": "_E-2f1PwdEea26tRukLsE3Q",
      "data_clump_type": "parameters_to_parameters_data_clump",
      "data_clump_data": {
        "_E-4Vc_wdEea26tRukLsE3Q": {
          "key": "_E-4Vc_wdEea26tRukLsE3Q",
          "name": "name",
          "type": null,
          "probability": 1,
          "modifiers": [],
          "to_variable": {
            "key": "_E-2f1vwdEea26tRukLsE3Q",
            "name": "name",
            "type": null,
            "modifiers": [],
            "position": {}
          },
          "position": {}
        },
        "_E-4VdvwdEea26tRukLsE3Q": {
          "key": "_E-4VdvwdEea26tRukLsE3Q",
          "name": "description",
          "type": null,
          "probability": 1,
          "modifiers": [],
          "to_variable": {
            "key": "_E-2f2fwdEea26tRukLsE3Q",
            "name": "description",
            "type": null,
            "modifiers": [],
            "position": {}
          },
          "position": {}
        },
        "_E-4VefwdEea26tRukLsE3Q": {
          "key": "_E-4VefwdEea26tRukLsE3Q",
          "name": "vegetarian",
          "type": null,
          "probability": 1,
          "modifiers": [],
          "to_variable": {
            "key": "_E-2f3PwdEea26tRukLsE3Q",
            "name": "vegetarian",
            "type": null,
            "modifiers": [],
            "position": {}
          },
          "position": {}
        },
        "_E-4VfPwdEea26tRukLsE3Q": {
          "key": "_E-4VfPwdEea26tRukLsE3Q",
          "name": "price",
          "type": null,
          "probability": 1,
          "modifiers": [],
          "to_variable": {
            "key": "_E-2f3_wdEea26tRukLsE3Q",
            "name": "price",
            "type": null,
            "modifiers": [],
            "position": {}
          },
          "position": {}
        }
      }
    },
    "parameters_to_parameters_data_clump-./PancakeHouseMenu-_E-4VcfwdEea26tRukLsE3Q-_E-4VDfwdEea26tRukLsE3Q-namedescriptionvegetarianprice": {
      "type": "data_clump",
      "key": "parameters_to_parameters_data_clump-./PancakeHouseMenu-_E-4VcfwdEea26tRukLsE3Q-_E-4VDfwdEea26tRukLsE3Q-namedescriptionvegetarianprice",
      "probability": 1,
      "from_file_path": "./PancakeHouseMenu",
      "from_class_or_interface_name": "PancakeHouseMenu",
      "from_class_or_interface_key": "_E-4VbvwdEea26tRukLsE3Q",
      "from_method_name": "addItem",
      "from_method_key": "_E-4VcfwdEea26tRukLsE3Q",
      "to_file_path": "./DinerMenu",
      "to_class_or_interface_name": "DinerMenu",
      "to_class_or_interface_key": "_E-4VAfwdEea26tRukLsE3Q",
      "to_method_name": "addItem",
      "to_method_key": "_E-4VDfwdEea26tRukLsE3Q",
      "data_clump_type": "parameters_to_parameters_data_clump",
      "data_clump_data": {
        "_E-4Vc_wdEea26tRukLsE3Q": {
          "key": "_E-4Vc_wdEea26tRukLsE3Q",
          "name": "name",
          "type": null,
          "probability": 1,
          "modifiers": [],
          "to_variable": {
            "key": "_E-4VD_wdEea26tRukLsE3Q",
            "name": "name",
            "type": null,
            "modifiers": [],
            "position": {}
          },
          "position": {}
        },
        "_E-4VdvwdEea26tRukLsE3Q": {
          "key": "_E-4VdvwdEea26tRukLsE3Q",
          "name": "description",
          "type": null,
          "probability": 1,
          "modifiers": [],
          "to_variable": {
            "key": "_E-4VEvwdEea26tRukLsE3Q",
            "name": "description",
            "type": null,
            "modifiers": [],
            "position": {}
          },
          "position": {}
        },
        "_E-4VefwdEea26tRukLsE3Q": {
          "key": "_E-4VefwdEea26tRukLsE3Q",
          "name": "vegetarian",
          "type": null,
          "probability": 1,
          "modifiers": [],
          "to_variable": {
            "key": "_E-4VFfwdEea26tRukLsE3Q",
            "name": "vegetarian",
            "type": null,
            "modifiers": [],
            "position": {}
          },
          "position": {}
        },
        "_E-4VfPwdEea26tRukLsE3Q": {
          "key": "_E-4VfPwdEea26tRukLsE3Q",
          "name": "price",
          "type": null,
          "probability": 1,
          "modifiers": [],
          "to_variable": {
            "key": "_E-4VGPwdEea26tRukLsE3Q",
            "name": "price",
            "type": null,
            "modifiers": [],
            "position": {}
          },
          "position": {}
        }
      }
    },
    "parameters_to_parameters_data_clump-./PancakeHouseMenu-_E-4VcfwdEea26tRukLsE3Q-_E-4VS_wdEea26tRukLsE3Q-namedescriptionvegetarianprice": {
      "type": "data_clump",
      "key": "parameters_to_parameters_data_clump-./PancakeHouseMenu-_E-4VcfwdEea26tRukLsE3Q-_E-4VS_wdEea26tRukLsE3Q-namedescriptionvegetarianprice",
      "probability": 1,
      "from_file_path": "./PancakeHouseMenu",
      "from_class_or_interface_name": "PancakeHouseMenu",
      "from_class_or_interface_key": "_E-4VbvwdEea26tRukLsE3Q",
      "from_method_name": "addItem",
      "from_method_key": "_E-4VcfwdEea26tRukLsE3Q",
      "to_file_path": "./MenuItem",
      "to_class_or_interface_name": "MenuItem",
      "to_class_or_interface_key": "_E-4VPvwdEea26tRukLsE3Q",
      "to_method_name": "MenuItem",
      "to_method_key": "_E-4VS_wdEea26tRukLsE3Q",
      "data_clump_type": "parameters_to_parameters_data_clump",
      "data_clump_data": {
        "_E-4Vc_wdEea26tRukLsE3Q": {
          "key": "_E-4Vc_wdEea26tRukLsE3Q",
          "name": "name",
          "type": null,
          "probability": 1,
          "modifiers": [],
          "to_variable": {
            "key": "_E-4VTPwdEea26tRukLsE3Q",
            "name": "name",
            "type": null,
            "modifiers": [],
            "position": {}
          },
          "position": {}
        },
        "_E-4VdvwdEea26tRukLsE3Q": {
          "key": "_E-4VdvwdEea26tRukLsE3Q",
          "name": "description",
          "type": null,
          "probability": 1,
          "modifiers": [],
          "to_variable": {
            "key": "_E-4VT_wdEea26tRukLsE3Q",
            "name": "description",
            "type": null,
            "modifiers": [],
            "position": {}
          },
          "position": {}
        },
        "_E-4VefwdEea26tRukLsE3Q": {
          "key": "_E-4VefwdEea26tRukLsE3Q",
          "name": "vegetarian",
          "type": null,
          "probability": 1,
          "modifiers": [],
          "to_variable": {
            "key": "_E-4VUvwdEea26tRukLsE3Q",
            "name": "vegetarian",
            "type": null,
            "modifiers": [],
            "position": {}
          },
          "position": {}
        },
        "_E-4VfPwdEea26tRukLsE3Q": {
          "key": "_E-4VfPwdEea26tRukLsE3Q",
          "name": "price",
          "type": null,
          "probability": 1,
          "modifiers": [],
          "to_variable": {
            "key": "_E-4VVfwdEea26tRukLsE3Q",
            "name": "price",
            "type": null,
            "modifiers": [],
            "position": {}
          },
          "position": {}
        }
      }
    },
    "parameters_to_fields_data_clump-./PancakeHouseMenu-_E-4VcfwdEea26tRukLsE3Q-_E-4VPvwdEea26tRukLsE3Q-namedescriptionvegetarianprice": {
      "type": "data_clump",
      "key": "parameters_to_fields_data_clump-./PancakeHouseMenu-_E-4VcfwdEea26tRukLsE3Q-_E-4VPvwdEea26tRukLsE3Q-namedescriptionvegetarianprice",
      "probability": 1,
      "from_file_path": "./PancakeHouseMenu",
      "from_class_or_interface_name": "PancakeHouseMenu",
      "from_class_or_interface_key": "_E-4VbvwdEea26tRukLsE3Q",
      "from_method_name": "addItem",
      "from_method_key": "_E-4VcfwdEea26tRukLsE3Q",
      "to_file_path": "./MenuItem",
      "to_class_or_interface_name": "MenuItem",
      "to_class_or_interface_key": "_E-4VPvwdEea26tRukLsE3Q",
      "to_method_name": null,
      "to_method_key": null,
      "data_clump_type": "parameters_to_fields_data_clump",
      "data_clump_data": {
        "_E-4Vc_wdEea26tRukLsE3Q": {
          "key": "_E-4Vc_wdEea26tRukLsE3Q",
          "name": "name",
          "type": null,
          "probability": 1,
          "modifiers": [],
          "to_variable": {
            "key": "_E-4VP_wdEea26tRukLsE3Q",
            "name": "name",
            "type": null,
            "modifiers": [
              "package"
            ],
            "position": {}
          },
          "position": {}
        },
        "_E-4VdvwdEea26tRukLsE3Q": {
          "key": "_E-4VdvwdEea26tRukLsE3Q",
          "name": "description",
          "type": null,
          "probability": 1,
          "modifiers": [],
          "to_variable": {
            "key": "_E-4VQvwdEea26tRukLsE3Q",
            "name": "description",
            "type": null,
            "modifiers": [
              "package"
            ],
            "position": {}
          },
          "position": {}
        },
        "_E-4VefwdEea26tRukLsE3Q": {
          "key": "_E-4VefwdEea26tRukLsE3Q",
          "name": "vegetarian",
          "type": null,
          "probability": 1,
          "modifiers": [],
          "to_variable": {
            "key": "_E-4VRfwdEea26tRukLsE3Q",
            "name": "vegetarian",
            "type": null,
            "modifiers": [
              "package"
            ],
            "position": {}
          },
          "position": {}
        },
        "_E-4VfPwdEea26tRukLsE3Q": {
          "key": "_E-4VfPwdEea26tRukLsE3Q",
          "name": "price",
          "type": null,
          "probability": 1,
          "modifiers": [],
          "to_variable": {
            "key": "_E-4VSPwdEea26tRukLsE3Q",
            "name": "price",
            "type": null,
            "modifiers": [
              "package"
            ],
            "position": {}
          },
          "position": {}
        }
      }
    },
    "parameters_to_parameters_data_clump-./RemoteControl-_E-n2cfwdEea26tRukLsE3Q-_E-qSvPwdEea26tRukLsE3Q-slotonCommandoffCommand": {
      "type": "data_clump",
      "key": "parameters_to_parameters_data_clump-./RemoteControl-_E-n2cfwdEea26tRukLsE3Q-_E-qSvPwdEea26tRukLsE3Q-slotonCommandoffCommand",
      "probability": 1,
      "from_file_path": "./RemoteControl",
      "from_class_or_interface_name": "RemoteControl",
      "from_class_or_interface_key": "_E-n2afwdEea26tRukLsE3Q",
      "from_method_name": "setCommand",
      "from_method_key": "_E-n2cfwdEea26tRukLsE3Q",
      "to_file_path": "./RemoteControlWithUndo",
      "to_class_or_interface_name": "RemoteControlWithUndo",
      "to_class_or_interface_key": "_E-qStPwdEea26tRukLsE3Q",
      "to_method_name": "setCommand",
      "to_method_key": "_E-qSvPwdEea26tRukLsE3Q",
      "data_clump_type": "parameters_to_parameters_data_clump",
      "data_clump_data": {
        "_E-n2c_wdEea26tRukLsE3Q": {
          "key": "_E-n2c_wdEea26tRukLsE3Q",
          "name": "slot",
          "type": null,
          "probability": 1,
          "modifiers": [],
          "to_variable": {
            "key": "_E-qSvvwdEea26tRukLsE3Q",
            "name": "slot",
            "type": null,
            "modifiers": [],
            "position": {}
          },
          "position": {}
        },
        "_E-n2dvwdEea26tRukLsE3Q": {
          "key": "_E-n2dvwdEea26tRukLsE3Q",
          "name": "onCommand",
          "type": null,
          "probability": 1,
          "modifiers": [],
          "to_variable": {
            "key": "_E-qSwfwdEea26tRukLsE3Q",
            "name": "onCommand",
            "type": null,
            "modifiers": [],
            "position": {}
          },
          "position": {}
        },
        "_E-n2efwdEea26tRukLsE3Q": {
          "key": "_E-n2efwdEea26tRukLsE3Q",
          "name": "offCommand",
          "type": null,
          "probability": 1,
          "modifiers": [],
          "to_variable": {
            "key": "_E-qSxPwdEea26tRukLsE3Q",
            "name": "offCommand",
            "type": null,
            "modifiers": [],
            "position": {}
          },
          "position": {}
        }
      }
    },
    "parameters_to_parameters_data_clump-./RemoteControlWithUndo-_E-qSvPwdEea26tRukLsE3Q-_E-n2cfwdEea26tRukLsE3Q-slotonCommandoffCommand": {
      "type": "data_clump",
      "key": "parameters_to_parameters_data_clump-./RemoteControlWithUndo-_E-qSvPwdEea26tRukLsE3Q-_E-n2cfwdEea26tRukLsE3Q-slotonCommandoffCommand",
      "probability": 1,
      "from_file_path": "./RemoteControlWithUndo",
      "from_class_or_interface_name": "RemoteControlWithUndo",
      "from_class_or_interface_key": "_E-qStPwdEea26tRukLsE3Q",
      "from_method_name": "setCommand",
      "from_method_key": "_E-qSvPwdEea26tRukLsE3Q",
      "to_file_path": "./RemoteControl",
      "to_class_or_interface_name": "RemoteControl",
      "to_class_or_interface_key": "_E-n2afwdEea26tRukLsE3Q",
      "to_method_name": "setCommand",
      "to_method_key": "_E-n2cfwdEea26tRukLsE3Q",
      "data_clump_type": "parameters_to_parameters_data_clump",
      "data_clump_data": {
        "_E-qSvvwdEea26tRukLsE3Q": {
          "key": "_E-qSvvwdEea26tRukLsE3Q",
          "name": "slot",
          "type": null,
          "probability": 1,
          "modifiers": [],
          "to_variable": {
            "key": "_E-n2c_wdEea26tRukLsE3Q",
            "name": "slot",
            "type": null,
            "modifiers": [],
            "position": {}
          },
          "position": {}
        },
        "_E-qSwfwdEea26tRukLsE3Q": {
          "key": "_E-qSwfwdEea26tRukLsE3Q",
          "name": "onCommand",
          "type": null,
          "probability": 1,
          "modifiers": [],
          "to_variable": {
            "key": "_E-n2dvwdEea26tRukLsE3Q",
            "name": "onCommand",
            "type": null,
            "modifiers": [],
            "position": {}
          },
          "position": {}
        },
        "_E-qSxPwdEea26tRukLsE3Q": {
          "key": "_E-qSxPwdEea26tRukLsE3Q",
          "name": "offCommand",
          "type": null,
          "probability": 1,
          "modifiers": [],
          "to_variable": {
            "key": "_E-n2efwdEea26tRukLsE3Q",
            "name": "offCommand",
            "type": null,
            "modifiers": [],
            "position": {}
          },
          "position": {}
        }
      }
    },
    "parameters_to_fields_data_clump-./WeatherData-_E-6xQvwdEea26tRukLsE3Q-_E-6Kp_wdEea26tRukLsE3Q-temperaturehumiditypressure": {
      "type": "data_clump",
      "key": "parameters_to_fields_data_clump-./WeatherData-_E-6xQvwdEea26tRukLsE3Q-_E-6Kp_wdEea26tRukLsE3Q-temperaturehumiditypressure",
      "probability": 1,
      "from_file_path": "./WeatherData",
      "from_class_or_interface_name": "WeatherData",
      "from_class_or_interface_key": "_E-6Kp_wdEea26tRukLsE3Q",
      "from_method_name": "setMeasurements",
      "from_method_key": "_E-6xQvwdEea26tRukLsE3Q",
      "to_file_path": "./WeatherData",
      "to_class_or_interface_name": "WeatherData",
      "to_class_or_interface_key": "_E-6Kp_wdEea26tRukLsE3Q",
      "to_method_name": null,
      "to_method_key": null,
      "data_clump_type": "parameters_to_fields_data_clump",
      "data_clump_data": {
        "_E-6xRPwdEea26tRukLsE3Q": {
          "key": "_E-6xRPwdEea26tRukLsE3Q",
          "name": "temperature",
          "type": null,
          "probability": 1,
          "modifiers": [],
          "to_variable": {
            "key": "_E-6KqfwdEea26tRukLsE3Q",
            "name": "temperature",
            "type": null,
            "modifiers": [
              "private"
            ],
            "position": {}
          },
          "position": {}
        },
        "_E-6xR_wdEea26tRukLsE3Q": {
          "key": "_E-6xR_wdEea26tRukLsE3Q",
          "name": "humidity",
          "type": null,
          "probability": 1,
          "modifiers": [],
          "to_variable": {
            "key": "_E-6KrPwdEea26tRukLsE3Q",
            "name": "humidity",
            "type": null,
            "modifiers": [
              "private"
            ],
            "position": {}
          },
          "position": {}
        },
        "_E-6xSvwdEea26tRukLsE3Q": {
          "key": "_E-6xSvwdEea26tRukLsE3Q",
          "name": "pressure",
          "type": null,
          "probability": 1,
          "modifiers": [],
          "to_variable": {
            "key": "_E-6Kr_wdEea26tRukLsE3Q",
            "name": "pressure",
            "type": null,
            "modifiers": [
              "private"
            ],
            "position": {}
          },
          "position": {}
        }
      }
    }
  }
}