{
  "report_version": "unknown",
  "report_timestamp": "2025-03-26T22:45:41.635Z",
  "target_language": "java",
  "report_summary": {
    "additional": null,
    "amount_classes_or_interfaces_with_data_clumps": 5,
    "amount_files_with_data_clumps": 5,
    "amount_methods_with_data_clumps": 0,
    "fields_to_fields_data_clump": 6,
    "parameters_to_fields_data_clump": 0,
    "parameters_to_parameters_data_clump": 0,
    "amount_data_clumps": 6
  },
  "project_info": {
    "project_url": "unknown_project_url",
    "project_name": "_KN-1sLUhEeuARqq-icHx7Q",
    "project_version": "unknown_project_version",
    "project_commit_hash": "unknown",
    "project_tag": null,
    "project_commit_date": null,
    "additional": {},
    "number_of_files": 13,
    "number_of_classes_or_interfaces": 13,
    "number_of_methods": 0,
    "number_of_data_fields": 61,
    "number_of_method_parameters": 0
  },
  "detector": {
    "name": "data-clumps-doctor",
    "url": "https://github.com/NilsBaumgartner1994/data-clumps-doctor",
    "version": "0.1.100",
    "options": {
      "typeVariablesConsidered": false,
      "similarityModifierOfVariablesWithUnknownType": 0,
      "fieldsOfClassesWithUnknownHierarchyProbabilityModifier": 0,
      "sharedFieldsToFieldsAmountMinimum": 3,
      "analyseFieldsInClassesOrInterfacesInheritedFromSuperClassesOrInterfaces": false,
      "sharedParametersToParametersAmountMinimum": 3,
      "sharedParametersToFieldsAmountMinimum": 3,
      "methodsOfClassesOrInterfacesWithUnknownHierarchyProbabilityModifier": 0
    }
  },
  "data_clumps": {
    "fields_to_fields_data_clump-./admin-_KOJN_bUhEeuARqq-icHx7Q-_KOJOG7UhEeuARqq-icHx7Q-usernamepasswordname": {
      "type": "data_clump",
      "key": "fields_to_fields_data_clump-./admin-_KOJN_bUhEeuARqq-icHx7Q-_KOJOG7UhEeuARqq-icHx7Q-usernamepasswordname",
      "probability": 1,
      "from_file_path": "./admin",
      "from_class_or_interface_name": "admin",
      "from_class_or_interface_key": "_KOJN_bUhEeuARqq-icHx7Q",
      "from_method_name": null,
      "from_method_key": null,
      "to_file_path": "./merchant",
      "to_class_or_interface_key": "_KOJOG7UhEeuARqq-icHx7Q",
      "to_class_or_interface_name": "admin",
      "to_method_key": null,
      "to_method_name": null,
      "data_clump_type": "fields_to_fields_data_clump",
      "data_clump_data": {
        "_KOJN_rUhEeuARqq-icHx7Q": {
          "key": "_KOJN_rUhEeuARqq-icHx7Q",
          "name": "username",
          "type": null,
          "probability": 1,
          "modifiers": [
            "private"
          ],
          "to_variable": {
            "key": "_KOJOHbUhEeuARqq-icHx7Q",
            "name": "username",
            "type": null,
            "modifiers": [
              "private"
            ],
            "position": {}
          },
          "position": {}
        },
        "_KOJN_7UhEeuARqq-icHx7Q": {
          "key": "_KOJN_7UhEeuARqq-icHx7Q",
          "name": "password",
          "type": null,
          "probability": 1,
          "modifiers": [
            "private"
          ],
          "to_variable": {
            "key": "_KOJOHrUhEeuARqq-icHx7Q",
            "name": "password",
            "type": null,
            "modifiers": [
              "private"
            ],
            "position": {}
          },
          "position": {}
        },
        "_KOJOALUhEeuARqq-icHx7Q": {
          "key": "_KOJOALUhEeuARqq-icHx7Q",
          "name": "name",
          "type": null,
          "probability": 1,
          "modifiers": [
            "private"
          ],
          "to_variable": {
            "key": "_KOJOHLUhEeuARqq-icHx7Q",
            "name": "name",
            "type": null,
            "modifiers": [
              "private"
            ],
            "position": {}
          },
          "position": {}
        }
      }
    },
    "fields_to_fields_data_clump-./customer-_KOJOAbUhEeuARqq-icHx7Q-_KOJOYLUhEeuARqq-icHx7Q-namewalletorders": {
      "type": "data_clump",
      "key": "fields_to_fields_data_clump-./customer-_KOJOAbUhEeuARqq-icHx7Q-_KOJOYLUhEeuARqq-icHx7Q-namewalletorders",
      "probability": 1,
      "from_file_path": "./customer",
      "from_class_or_interface_name": "customer",
      "from_class_or_interface_key": "_KOJOAbUhEeuARqq-icHx7Q",
      "from_method_name": null,
      "from_method_key": null,
      "to_file_path": "./shop",
      "to_class_or_interface_key": "_KOJOYLUhEeuARqq-icHx7Q",
      "to_class_or_interface_name": "customer",
      "to_method_key": null,
      "to_method_name": null,
      "data_clump_type": "fields_to_fields_data_clump",
      "data_clump_data": {
        "_KOJOBLUhEeuARqq-icHx7Q": {
          "key": "_KOJOBLUhEeuARqq-icHx7Q",
          "name": "name",
          "type": null,
          "probability": 1,
          "modifiers": [
            "private"
          ],
          "to_variable": {
            "key": "_KOJOYbUhEeuARqq-icHx7Q",
            "name": "name",
            "type": null,
            "modifiers": [
              "private"
            ],
            "position": {}
          },
          "position": {}
        },
        "_KOJOBrUhEeuARqq-icHx7Q": {
          "key": "_KOJOBrUhEeuARqq-icHx7Q",
          "name": "wallet",
          "type": null,
          "probability": 1,
          "modifiers": [
            "private"
          ],
          "to_variable": {
            "key": "_KOJOY7UhEeuARqq-icHx7Q",
            "name": "wallet",
            "type": null,
            "modifiers": [
              "private"
            ],
            "position": {}
          },
          "position": {}
        },
        "_KOJOB7UhEeuARqq-icHx7Q": {
          "key": "_KOJOB7UhEeuARqq-icHx7Q",
          "name": "orders",
          "type": null,
          "probability": 1,
          "modifiers": [
            "private"
          ],
          "to_variable": {
            "key": "_KOJOZrUhEeuARqq-icHx7Q",
            "name": "orders",
            "type": null,
            "modifiers": [
              "private"
            ],
            "position": {}
          },
          "position": {}
        }
      }
    },
    "fields_to_fields_data_clump-./merchant-_KOJOG7UhEeuARqq-icHx7Q-_KOJN_bUhEeuARqq-icHx7Q-nameusernamepassword": {
      "type": "data_clump",
      "key": "fields_to_fields_data_clump-./merchant-_KOJOG7UhEeuARqq-icHx7Q-_KOJN_bUhEeuARqq-icHx7Q-nameusernamepassword",
      "probability": 1,
      "from_file_path": "./merchant",
      "from_class_or_interface_name": "merchant",
      "from_class_or_interface_key": "_KOJOG7UhEeuARqq-icHx7Q",
      "from_method_name": null,
      "from_method_key": null,
      "to_file_path": "./admin",
      "to_class_or_interface_key": "_KOJN_bUhEeuARqq-icHx7Q",
      "to_class_or_interface_name": "merchant",
      "to_method_key": null,
      "to_method_name": null,
      "data_clump_type": "fields_to_fields_data_clump",
      "data_clump_data": {
        "_KOJOHLUhEeuARqq-icHx7Q": {
          "key": "_KOJOHLUhEeuARqq-icHx7Q",
          "name": "name",
          "type": null,
          "probability": 1,
          "modifiers": [
            "private"
          ],
          "to_variable": {
            "key": "_KOJOALUhEeuARqq-icHx7Q",
            "name": "name",
            "type": null,
            "modifiers": [
              "private"
            ],
            "position": {}
          },
          "position": {}
        },
        "_KOJOHbUhEeuARqq-icHx7Q": {
          "key": "_KOJOHbUhEeuARqq-icHx7Q",
          "name": "username",
          "type": null,
          "probability": 1,
          "modifiers": [
            "private"
          ],
          "to_variable": {
            "key": "_KOJN_rUhEeuARqq-icHx7Q",
            "name": "username",
            "type": null,
            "modifiers": [
              "private"
            ],
            "position": {}
          },
          "position": {}
        },
        "_KOJOHrUhEeuARqq-icHx7Q": {
          "key": "_KOJOHrUhEeuARqq-icHx7Q",
          "name": "password",
          "type": null,
          "probability": 1,
          "modifiers": [
            "private"
          ],
          "to_variable": {
            "key": "_KOJN_7UhEeuARqq-icHx7Q",
            "name": "password",
            "type": null,
            "modifiers": [
              "private"
            ],
            "position": {}
          },
          "position": {}
        }
      }
    },
    "fields_to_fields_data_clump-./organization-_KOJORbUhEeuARqq-icHx7Q-_KOJOYLUhEeuARqq-icHx7Q-namedishesorders": {
      "type": "data_clump",
      "key": "fields_to_fields_data_clump-./organization-_KOJORbUhEeuARqq-icHx7Q-_KOJOYLUhEeuARqq-icHx7Q-namedishesorders",
      "probability": 1,
      "from_file_path": "./organization",
      "from_class_or_interface_name": "organization",
      "from_class_or_interface_key": "_KOJORbUhEeuARqq-icHx7Q",
      "from_method_name": null,
      "from_method_key": null,
      "to_file_path": "./shop",
      "to_class_or_interface_key": "_KOJOYLUhEeuARqq-icHx7Q",
      "to_class_or_interface_name": "organization",
      "to_method_key": null,
      "to_method_name": null,
      "data_clump_type": "fields_to_fields_data_clump",
      "data_clump_data": {
        "_KOJORrUhEeuARqq-icHx7Q": {
          "key": "_KOJORrUhEeuARqq-icHx7Q",
          "name": "name",
          "type": null,
          "probability": 1,
          "modifiers": [
            "private"
          ],
          "to_variable": {
            "key": "_KOJOYbUhEeuARqq-icHx7Q",
            "name": "name",
            "type": null,
            "modifiers": [
              "private"
            ],
            "position": {}
          },
          "position": {}
        },
        "_KOJOSbUhEeuARqq-icHx7Q": {
          "key": "_KOJOSbUhEeuARqq-icHx7Q",
          "name": "dishes",
          "type": null,
          "probability": 1,
          "modifiers": [
            "private"
          ],
          "to_variable": {
            "key": "_KOJOZbUhEeuARqq-icHx7Q",
            "name": "dishes",
            "type": null,
            "modifiers": [
              "private"
            ],
            "position": {}
          },
          "position": {}
        },
        "_KOJOSrUhEeuARqq-icHx7Q": {
          "key": "_KOJOSrUhEeuARqq-icHx7Q",
          "name": "orders",
          "type": null,
          "probability": 1,
          "modifiers": [
            "private"
          ],
          "to_variable": {
            "key": "_KOJOZrUhEeuARqq-icHx7Q",
            "name": "orders",
            "type": null,
            "modifiers": [
              "private"
            ],
            "position": {}
          },
          "position": {}
        }
      }
    },
    "fields_to_fields_data_clump-./shop-_KOJOYLUhEeuARqq-icHx7Q-_KOJOAbUhEeuARqq-icHx7Q-namewalletorders": {
      "type": "data_clump",
      "key": "fields_to_fields_data_clump-./shop-_KOJOYLUhEeuARqq-icHx7Q-_KOJOAbUhEeuARqq-icHx7Q-namewalletorders",
      "probability": 1,
      "from_file_path": "./shop",
      "from_class_or_interface_name": "shop",
      "from_class_or_interface_key": "_KOJOYLUhEeuARqq-icHx7Q",
      "from_method_name": null,
      "from_method_key": null,
      "to_file_path": "./customer",
      "to_class_or_interface_key": "_KOJOAbUhEeuARqq-icHx7Q",
      "to_class_or_interface_name": "shop",
      "to_method_key": null,
      "to_method_name": null,
      "data_clump_type": "fields_to_fields_data_clump",
      "data_clump_data": {
        "_KOJOYbUhEeuARqq-icHx7Q": {
          "key": "_KOJOYbUhEeuARqq-icHx7Q",
          "name": "name",
          "type": null,
          "probability": 1,
          "modifiers": [
            "private"
          ],
          "to_variable": {
            "key": "_KOJOBLUhEeuARqq-icHx7Q",
            "name": "name",
            "type": null,
            "modifiers": [
              "private"
            ],
            "position": {}
          },
          "position": {}
        },
        "_KOJOY7UhEeuARqq-icHx7Q": {
          "key": "_KOJOY7UhEeuARqq-icHx7Q",
          "name": "wallet",
          "type": null,
          "probability": 1,
          "modifiers": [
            "private"
          ],
          "to_variable": {
            "key": "_KOJOBrUhEeuARqq-icHx7Q",
            "name": "wallet",
            "type": null,
            "modifiers": [
              "private"
            ],
            "position": {}
          },
          "position": {}
        },
        "_KOJOZrUhEeuARqq-icHx7Q": {
          "key": "_KOJOZrUhEeuARqq-icHx7Q",
          "name": "orders",
          "type": null,
          "probability": 1,
          "modifiers": [
            "private"
          ],
          "to_variable": {
            "key": "_KOJOB7UhEeuARqq-icHx7Q",
            "name": "orders",
            "type": null,
            "modifiers": [
              "private"
            ],
            "position": {}
          },
          "position": {}
        }
      }
    },
    "fields_to_fields_data_clump-./shop-_KOJOYLUhEeuARqq-icHx7Q-_KOJORbUhEeuARqq-icHx7Q-namedishesorders": {
      "type": "data_clump",
      "key": "fields_to_fields_data_clump-./shop-_KOJOYLUhEeuARqq-icHx7Q-_KOJORbUhEeuARqq-icHx7Q-namedishesorders",
      "probability": 1,
      "from_file_path": "./shop",
      "from_class_or_interface_name": "shop",
      "from_class_or_interface_key": "_KOJOYLUhEeuARqq-icHx7Q",
      "from_method_name": null,
      "from_method_key": null,
      "to_file_path": "./organization",
      "to_class_or_interface_key": "_KOJORbUhEeuARqq-icHx7Q",
      "to_class_or_interface_name": "shop",
      "to_method_key": null,
      "to_method_name": null,
      "data_clump_type": "fields_to_fields_data_clump",
      "data_clump_data": {
        "_KOJOYbUhEeuARqq-icHx7Q": {
          "key": "_KOJOYbUhEeuARqq-icHx7Q",
          "name": "name",
          "type": null,
          "probability": 1,
          "modifiers": [
            "private"
          ],
          "to_variable": {
            "key": "_KOJORrUhEeuARqq-icHx7Q",
            "name": "name",
            "type": null,
            "modifiers": [
              "private"
            ],
            "position": {}
          },
          "position": {}
        },
        "_KOJOZbUhEeuARqq-icHx7Q": {
          "key": "_KOJOZbUhEeuARqq-icHx7Q",
          "name": "dishes",
          "type": null,
          "probability": 1,
          "modifiers": [
            "private"
          ],
          "to_variable": {
            "key": "_KOJOSbUhEeuARqq-icHx7Q",
            "name": "dishes",
            "type": null,
            "modifiers": [
              "private"
            ],
            "position": {}
          },
          "position": {}
        },
        "_KOJOZrUhEeuARqq-icHx7Q": {
          "key": "_KOJOZrUhEeuARqq-icHx7Q",
          "name": "orders",
          "type": null,
          "probability": 1,
          "modifiers": [
            "private"
          ],
          "to_variable": {
            "key": "_KOJOSrUhEeuARqq-icHx7Q",
            "name": "orders",
            "type": null,
            "modifiers": [
              "private"
            ],
            "position": {}
          },
          "position": {}
        }
      }
    }
  }
}