{
  "report_version": "unknown",
  "report_timestamp": "2025-03-26T23:04:39.560Z",
  "target_language": "java",
  "report_summary": {
    "additional": null,
    "amount_classes_or_interfaces_with_data_clumps": 2,
    "amount_files_with_data_clumps": 2,
    "amount_methods_with_data_clumps": 0,
    "fields_to_fields_data_clump": 2,
    "parameters_to_fields_data_clump": 0,
    "parameters_to_parameters_data_clump": 0,
    "amount_data_clumps": 2
  },
  "project_info": {
    "project_url": "unknown_project_url",
    "project_name": "_Rfe1ANEZEemqr8xXo1geoQ",
    "project_version": "unknown_project_version",
    "project_commit_hash": "unknown",
    "project_tag": null,
    "project_commit_date": null,
    "additional": {},
    "number_of_files": 11,
    "number_of_classes_or_interfaces": 11,
    "number_of_methods": 16,
    "number_of_data_fields": 30,
    "number_of_method_parameters": 0
  },
  "detector": {
    "name": "data-clumps-doctor",
    "url": "https://github.com/NilsBaumgartner1994/data-clumps-doctor",
    "version": "0.1.100",
    "options": {
      "typeVariablesConsidered": false,
      "similarityModifierOfVariablesWithUnknownType": 0,
      "fieldsOfClassesWithUnknownHierarchyProbabilityModifier": 0,
      "sharedFieldsToFieldsAmountMinimum": 3,
      "analyseFieldsInClassesOrInterfacesInheritedFromSuperClassesOrInterfaces": false,
      "sharedParametersToParametersAmountMinimum": 3,
      "sharedParametersToFieldsAmountMinimum": 3,
      "methodsOfClassesOrInterfacesWithUnknownHierarchyProbabilityModifier": 0
    }
  },
  "data_clumps": {
    "fields_to_fields_data_clump-./Áreas-_yv0WgbNHEDeKiMfNwGF5ow-_dMzK4bNQEDestuDa33I2ag-NombreHorarioResponsableContador_Click": {
      "type": "data_clump",
      "key": "fields_to_fields_data_clump-./Áreas-_yv0WgbNHEDeKiMfNwGF5ow-_dMzK4bNQEDestuDa33I2ag-NombreHorarioResponsableContador_Click",
      "probability": 1,
      "from_file_path": "./Áreas",
      "from_class_or_interface_name": "Áreas",
      "from_class_or_interface_key": "_yv0WgbNHEDeKiMfNwGF5ow",
      "from_method_name": null,
      "from_method_key": null,
      "to_file_path": "./VisualizarSubÁreas",
      "to_class_or_interface_key": "_dMzK4bNQEDestuDa33I2ag",
      "to_class_or_interface_name": "Áreas",
      "to_method_key": null,
      "to_method_name": null,
      "data_clump_type": "fields_to_fields_data_clump",
      "data_clump_data": {
        "_X0QoMLO5EDestuDa33I2ag": {
          "key": "_X0QoMLO5EDestuDa33I2ag",
          "name": "Nombre",
          "type": null,
          "probability": 1,
          "modifiers": [
            "private"
          ],
          "to_variable": {
            "key": "_XK1zYLYMEDea1JqPv_O9Uw",
            "name": "Nombre",
            "type": null,
            "modifiers": [
              "private"
            ],
            "position": {}
          },
          "position": {}
        },
        "_j0guALO5EDestuDa33I2ag": {
          "key": "_j0guALO5EDestuDa33I2ag",
          "name": "Horario",
          "type": null,
          "probability": 1,
          "modifiers": [
            "private"
          ],
          "to_variable": {
            "key": "_Z_eeMbYMEDea1JqPv_O9Uw",
            "name": "Horario",
            "type": null,
            "modifiers": [
              "private"
            ],
            "position": {}
          },
          "position": {}
        },
        "_m9GPkLO5EDestuDa33I2ag": {
          "key": "_m9GPkLO5EDestuDa33I2ag",
          "name": "Responsable",
          "type": null,
          "probability": 1,
          "modifiers": [
            "private"
          ],
          "to_variable": {
            "key": "_enP6kbYMEDea1JqPv_O9Uw",
            "name": "Responsable",
            "type": null,
            "modifiers": [
              "private"
            ],
            "position": {}
          },
          "position": {}
        },
        "_EG9dUbYNEDea1JqPv_O9Uw": {
          "key": "_EG9dUbYNEDea1JqPv_O9Uw",
          "name": "Contador_Click",
          "type": null,
          "probability": 1,
          "modifiers": [
            "private"
          ],
          "to_variable": {
            "key": "_gtOIkbYMEDea1JqPv_O9Uw",
            "name": "Contador_Click",
            "type": null,
            "modifiers": [
              "private"
            ],
            "position": {}
          },
          "position": {}
        }
      }
    },
    "fields_to_fields_data_clump-./VisualizarSubÁreas-_dMzK4bNQEDestuDa33I2ag-_yv0WgbNHEDeKiMfNwGF5ow-NombreHorarioResponsableContador_Click": {
      "type": "data_clump",
      "key": "fields_to_fields_data_clump-./VisualizarSubÁreas-_dMzK4bNQEDestuDa33I2ag-_yv0WgbNHEDeKiMfNwGF5ow-NombreHorarioResponsableContador_Click",
      "probability": 1,
      "from_file_path": "./VisualizarSubÁreas",
      "from_class_or_interface_name": "VisualizarSubÁreas",
      "from_class_or_interface_key": "_dMzK4bNQEDestuDa33I2ag",
      "from_method_name": null,
      "from_method_key": null,
      "to_file_path": "./Áreas",
      "to_class_or_interface_key": "_yv0WgbNHEDeKiMfNwGF5ow",
      "to_class_or_interface_name": "VisualizarSubÁreas",
      "to_method_key": null,
      "to_method_name": null,
      "data_clump_type": "fields_to_fields_data_clump",
      "data_clump_data": {
        "_XK1zYLYMEDea1JqPv_O9Uw": {
          "key": "_XK1zYLYMEDea1JqPv_O9Uw",
          "name": "Nombre",
          "type": null,
          "probability": 1,
          "modifiers": [
            "private"
          ],
          "to_variable": {
            "key": "_X0QoMLO5EDestuDa33I2ag",
            "name": "Nombre",
            "type": null,
            "modifiers": [
              "private"
            ],
            "position": {}
          },
          "position": {}
        },
        "_Z_eeMbYMEDea1JqPv_O9Uw": {
          "key": "_Z_eeMbYMEDea1JqPv_O9Uw",
          "name": "Horario",
          "type": null,
          "probability": 1,
          "modifiers": [
            "private"
          ],
          "to_variable": {
            "key": "_j0guALO5EDestuDa33I2ag",
            "name": "Horario",
            "type": null,
            "modifiers": [
              "private"
            ],
            "position": {}
          },
          "position": {}
        },
        "_enP6kbYMEDea1JqPv_O9Uw": {
          "key": "_enP6kbYMEDea1JqPv_O9Uw",
          "name": "Responsable",
          "type": null,
          "probability": 1,
          "modifiers": [
            "private"
          ],
          "to_variable": {
            "key": "_m9GPkLO5EDestuDa33I2ag",
            "name": "Responsable",
            "type": null,
            "modifiers": [
              "private"
            ],
            "position": {}
          },
          "position": {}
        },
        "_gtOIkbYMEDea1JqPv_O9Uw": {
          "key": "_gtOIkbYMEDea1JqPv_O9Uw",
          "name": "Contador_Click",
          "type": null,
          "probability": 1,
          "modifiers": [
            "private"
          ],
          "to_variable": {
            "key": "_EG9dUbYNEDea1JqPv_O9Uw",
            "name": "Contador_Click",
            "type": null,
            "modifiers": [
              "private"
            ],
            "position": {}
          },
          "position": {}
        }
      }
    }
  }
}