{
  "report_version": "unknown",
  "report_timestamp": "2025-03-26T21:43:39.746Z",
  "target_language": "java",
  "report_summary": {
    "additional": null,
    "amount_classes_or_interfaces_with_data_clumps": 2,
    "amount_files_with_data_clumps": 2,
    "amount_methods_with_data_clumps": 0,
    "fields_to_fields_data_clump": 2,
    "parameters_to_fields_data_clump": 0,
    "parameters_to_parameters_data_clump": 0,
    "amount_data_clumps": 2
  },
  "project_info": {
    "project_url": "unknown_project_url",
    "project_name": "_ryLGUP7OEeiq1obLTi0emw",
    "project_version": "unknown_project_version",
    "project_commit_hash": "unknown",
    "project_tag": null,
    "project_commit_date": null,
    "additional": {},
    "number_of_files": 4,
    "number_of_classes_or_interfaces": 4,
    "number_of_methods": 19,
    "number_of_data_fields": 21,
    "number_of_method_parameters": 13
  },
  "detector": {
    "name": "data-clumps-doctor",
    "url": "https://github.com/NilsBaumgartner1994/data-clumps-doctor",
    "version": "0.1.100",
    "options": {
      "typeVariablesConsidered": false,
      "similarityModifierOfVariablesWithUnknownType": 0,
      "fieldsOfClassesWithUnknownHierarchyProbabilityModifier": 0,
      "sharedFieldsToFieldsAmountMinimum": 3,
      "analyseFieldsInClassesOrInterfacesInheritedFromSuperClassesOrInterfaces": false,
      "sharedParametersToParametersAmountMinimum": 3,
      "sharedParametersToFieldsAmountMinimum": 3,
      "methodsOfClassesOrInterfacesWithUnknownHierarchyProbabilityModifier": 0
    }
  },
  "data_clumps": {
    "fields_to_fields_data_clump-./CsvReader-_yy3R0OEBEDawjO-jhD2lhg-_u09OoeD9EDawjO-jhD2lhg-groupsFiledancesFileorderFiledancesallDances": {
      "type": "data_clump",
      "key": "fields_to_fields_data_clump-./CsvReader-_yy3R0OEBEDawjO-jhD2lhg-_u09OoeD9EDawjO-jhD2lhg-groupsFiledancesFileorderFiledancesallDances",
      "probability": 1,
      "from_file_path": "./CsvReader",
      "from_class_or_interface_name": "CsvReader",
      "from_class_or_interface_key": "_yy3R0OEBEDawjO-jhD2lhg",
      "from_method_name": null,
      "from_method_key": null,
      "to_file_path": "./Handler",
      "to_class_or_interface_key": "_u09OoeD9EDawjO-jhD2lhg",
      "to_class_or_interface_name": "CsvReader",
      "to_method_key": null,
      "to_method_name": null,
      "data_clump_type": "fields_to_fields_data_clump",
      "data_clump_data": {
        "_4EeVYeEBEDawjO-jhD2lhg": {
          "key": "_4EeVYeEBEDawjO-jhD2lhg",
          "name": "groupsFile",
          "type": null,
          "probability": 1,
          "modifiers": [
            "private"
          ],
          "to_variable": {
            "key": "_BrBgQeD_EDawjO-jhD2lhg",
            "name": "groupsFile",
            "type": null,
            "modifiers": [
              "private"
            ],
            "position": {}
          },
          "position": {}
        },
        "_7fmYcOEBEDawjO-jhD2lhg": {
          "key": "_7fmYcOEBEDawjO-jhD2lhg",
          "name": "dancesFile",
          "type": null,
          "probability": 1,
          "modifiers": [
            "private"
          ],
          "to_variable": {
            "key": "_Xis-MOD_EDawjO-jhD2lhg",
            "name": "dancesFile",
            "type": null,
            "modifiers": [
              "private"
            ],
            "position": {}
          },
          "position": {}
        },
        "_7jINkOEBEDawjO-jhD2lhg": {
          "key": "_7jINkOEBEDawjO-jhD2lhg",
          "name": "orderFile",
          "type": null,
          "probability": 1,
          "modifiers": [
            "private"
          ],
          "to_variable": {
            "key": "_XnbGIOD_EDawjO-jhD2lhg",
            "name": "orderFile",
            "type": null,
            "modifiers": [
              "private"
            ],
            "position": {}
          },
          "position": {}
        },
        "_HIYZcOECEDawjO-jhD2lhg": {
          "key": "_HIYZcOECEDawjO-jhD2lhg",
          "name": "dances",
          "type": null,
          "probability": 1,
          "modifiers": [
            "private"
          ],
          "to_variable": {
            "key": "_T2g1wOD-EDawjO-jhD2lhg",
            "name": "dances",
            "type": null,
            "modifiers": [
              "private"
            ],
            "position": {}
          },
          "position": {}
        },
        "_L0dHAOECEDawjO-jhD2lhg": {
          "key": "_L0dHAOECEDawjO-jhD2lhg",
          "name": "allDances",
          "type": null,
          "probability": 1,
          "modifiers": [
            "private"
          ],
          "to_variable": {
            "key": "_4ZNWoOD-EDawjO-jhD2lhg",
            "name": "allDances",
            "type": null,
            "modifiers": [
              "private"
            ],
            "position": {}
          },
          "position": {}
        }
      }
    },
    "fields_to_fields_data_clump-./Handler-_u09OoeD9EDawjO-jhD2lhg-_yy3R0OEBEDawjO-jhD2lhg-dancesallDancesgroupsFiledancesFileorderFile": {
      "type": "data_clump",
      "key": "fields_to_fields_data_clump-./Handler-_u09OoeD9EDawjO-jhD2lhg-_yy3R0OEBEDawjO-jhD2lhg-dancesallDancesgroupsFiledancesFileorderFile",
      "probability": 1,
      "from_file_path": "./Handler",
      "from_class_or_interface_name": "Handler",
      "from_class_or_interface_key": "_u09OoeD9EDawjO-jhD2lhg",
      "from_method_name": null,
      "from_method_key": null,
      "to_file_path": "./CsvReader",
      "to_class_or_interface_key": "_yy3R0OEBEDawjO-jhD2lhg",
      "to_class_or_interface_name": "Handler",
      "to_method_key": null,
      "to_method_name": null,
      "data_clump_type": "fields_to_fields_data_clump",
      "data_clump_data": {
        "_T2g1wOD-EDawjO-jhD2lhg": {
          "key": "_T2g1wOD-EDawjO-jhD2lhg",
          "name": "dances",
          "type": null,
          "probability": 1,
          "modifiers": [
            "private"
          ],
          "to_variable": {
            "key": "_HIYZcOECEDawjO-jhD2lhg",
            "name": "dances",
            "type": null,
            "modifiers": [
              "private"
            ],
            "position": {}
          },
          "position": {}
        },
        "_4ZNWoOD-EDawjO-jhD2lhg": {
          "key": "_4ZNWoOD-EDawjO-jhD2lhg",
          "name": "allDances",
          "type": null,
          "probability": 1,
          "modifiers": [
            "private"
          ],
          "to_variable": {
            "key": "_L0dHAOECEDawjO-jhD2lhg",
            "name": "allDances",
            "type": null,
            "modifiers": [
              "private"
            ],
            "position": {}
          },
          "position": {}
        },
        "_BrBgQeD_EDawjO-jhD2lhg": {
          "key": "_BrBgQeD_EDawjO-jhD2lhg",
          "name": "groupsFile",
          "type": null,
          "probability": 1,
          "modifiers": [
            "private"
          ],
          "to_variable": {
            "key": "_4EeVYeEBEDawjO-jhD2lhg",
            "name": "groupsFile",
            "type": null,
            "modifiers": [
              "private"
            ],
            "position": {}
          },
          "position": {}
        },
        "_Xis-MOD_EDawjO-jhD2lhg": {
          "key": "_Xis-MOD_EDawjO-jhD2lhg",
          "name": "dancesFile",
          "type": null,
          "probability": 1,
          "modifiers": [
            "private"
          ],
          "to_variable": {
            "key": "_7fmYcOEBEDawjO-jhD2lhg",
            "name": "dancesFile",
            "type": null,
            "modifiers": [
              "private"
            ],
            "position": {}
          },
          "position": {}
        },
        "_XnbGIOD_EDawjO-jhD2lhg": {
          "key": "_XnbGIOD_EDawjO-jhD2lhg",
          "name": "orderFile",
          "type": null,
          "probability": 1,
          "modifiers": [
            "private"
          ],
          "to_variable": {
            "key": "_7jINkOEBEDawjO-jhD2lhg",
            "name": "orderFile",
            "type": null,
            "modifiers": [
              "private"
            ],
            "position": {}
          },
          "position": {}
        }
      }
    }
  }
}