{
  "report_version": "unknown",
  "report_timestamp": "2025-03-26T21:37:43.657Z",
  "target_language": "java",
  "report_summary": {
    "additional": null,
    "amount_classes_or_interfaces_with_data_clumps": 2,
    "amount_files_with_data_clumps": 2,
    "amount_methods_with_data_clumps": 0,
    "fields_to_fields_data_clump": 2,
    "parameters_to_fields_data_clump": 0,
    "parameters_to_parameters_data_clump": 0,
    "amount_data_clumps": 2
  },
  "project_info": {
    "project_url": "unknown_project_url",
    "project_name": "_ugH7gP7oEeiq1obLTi0emw",
    "project_version": "unknown_project_version",
    "project_commit_hash": "unknown",
    "project_tag": null,
    "project_commit_date": null,
    "additional": {},
    "number_of_files": 14,
    "number_of_classes_or_interfaces": 14,
    "number_of_methods": 14,
    "number_of_data_fields": 51,
    "number_of_method_parameters": 0
  },
  "detector": {
    "name": "data-clumps-doctor",
    "url": "https://github.com/NilsBaumgartner1994/data-clumps-doctor",
    "version": "0.1.100",
    "options": {
      "typeVariablesConsidered": false,
      "similarityModifierOfVariablesWithUnknownType": 0,
      "fieldsOfClassesWithUnknownHierarchyProbabilityModifier": 0,
      "sharedFieldsToFieldsAmountMinimum": 3,
      "analyseFieldsInClassesOrInterfacesInheritedFromSuperClassesOrInterfaces": false,
      "sharedParametersToParametersAmountMinimum": 3,
      "sharedParametersToFieldsAmountMinimum": 3,
      "methodsOfClassesOrInterfacesWithUnknownHierarchyProbabilityModifier": 0
    }
  },
  "data_clumps": {
    "fields_to_fields_data_clump-./Futter-_EV_IMPYoEDaEZos3dkokig-_-kJaoOEZEDaJ7vP2lc6GPg-TypDatumKommentar": {
      "type": "data_clump",
      "key": "fields_to_fields_data_clump-./Futter-_EV_IMPYoEDaEZos3dkokig-_-kJaoOEZEDaJ7vP2lc6GPg-TypDatumKommentar",
      "probability": 1,
      "from_file_path": "./Futter",
      "from_class_or_interface_name": "Futter",
      "from_class_or_interface_key": "_EV_IMPYoEDaEZos3dkokig",
      "from_method_name": null,
      "from_method_key": null,
      "to_file_path": "./Krankheit",
      "to_class_or_interface_key": "_-kJaoOEZEDaJ7vP2lc6GPg",
      "to_class_or_interface_name": "Futter",
      "to_method_key": null,
      "to_method_name": null,
      "data_clump_type": "fields_to_fields_data_clump",
      "data_clump_data": {
        "_GlLjoPYoEDaEZos3dkokig": {
          "key": "_GlLjoPYoEDaEZos3dkokig",
          "name": "Typ",
          "type": null,
          "probability": 1,
          "modifiers": [
            "public"
          ],
          "to_variable": {
            "key": "_DguCUOEaEDaJ7vP2lc6GPg",
            "name": "Typ",
            "type": null,
            "modifiers": [
              "public"
            ],
            "position": {}
          },
          "position": {}
        },
        "_Hc85IfYoEDaEZos3dkokig": {
          "key": "_Hc85IfYoEDaEZos3dkokig",
          "name": "Datum",
          "type": null,
          "probability": 1,
          "modifiers": [
            "public"
          ],
          "to_variable": {
            "key": "_e9uRQPYnEDaEZos3dkokig",
            "name": "Datum",
            "type": null,
            "modifiers": [
              "public"
            ],
            "position": {}
          },
          "position": {}
        },
        "_IjcnIPYoEDaEZos3dkokig": {
          "key": "_IjcnIPYoEDaEZos3dkokig",
          "name": "Kommentar",
          "type": null,
          "probability": 1,
          "modifiers": [
            "public"
          ],
          "to_variable": {
            "key": "_Gmh8sOEaEDaJ7vP2lc6GPg",
            "name": "Kommentar",
            "type": null,
            "modifiers": [
              "public"
            ],
            "position": {}
          },
          "position": {}
        }
      }
    },
    "fields_to_fields_data_clump-./Krankheit-_-kJaoOEZEDaJ7vP2lc6GPg-_EV_IMPYoEDaEZos3dkokig-TypKommentarDatum": {
      "type": "data_clump",
      "key": "fields_to_fields_data_clump-./Krankheit-_-kJaoOEZEDaJ7vP2lc6GPg-_EV_IMPYoEDaEZos3dkokig-TypKommentarDatum",
      "probability": 1,
      "from_file_path": "./Krankheit",
      "from_class_or_interface_name": "Krankheit",
      "from_class_or_interface_key": "_-kJaoOEZEDaJ7vP2lc6GPg",
      "from_method_name": null,
      "from_method_key": null,
      "to_file_path": "./Futter",
      "to_class_or_interface_key": "_EV_IMPYoEDaEZos3dkokig",
      "to_class_or_interface_name": "Krankheit",
      "to_method_key": null,
      "to_method_name": null,
      "data_clump_type": "fields_to_fields_data_clump",
      "data_clump_data": {
        "_DguCUOEaEDaJ7vP2lc6GPg": {
          "key": "_DguCUOEaEDaJ7vP2lc6GPg",
          "name": "Typ",
          "type": null,
          "probability": 1,
          "modifiers": [
            "public"
          ],
          "to_variable": {
            "key": "_GlLjoPYoEDaEZos3dkokig",
            "name": "Typ",
            "type": null,
            "modifiers": [
              "public"
            ],
            "position": {}
          },
          "position": {}
        },
        "_Gmh8sOEaEDaJ7vP2lc6GPg": {
          "key": "_Gmh8sOEaEDaJ7vP2lc6GPg",
          "name": "Kommentar",
          "type": null,
          "probability": 1,
          "modifiers": [
            "public"
          ],
          "to_variable": {
            "key": "_IjcnIPYoEDaEZos3dkokig",
            "name": "Kommentar",
            "type": null,
            "modifiers": [
              "public"
            ],
            "position": {}
          },
          "position": {}
        },
        "_e9uRQPYnEDaEZos3dkokig": {
          "key": "_e9uRQPYnEDaEZos3dkokig",
          "name": "Datum",
          "type": null,
          "probability": 1,
          "modifiers": [
            "public"
          ],
          "to_variable": {
            "key": "_Hc85IfYoEDaEZos3dkokig",
            "name": "Datum",
            "type": null,
            "modifiers": [
              "public"
            ],
            "position": {}
          },
          "position": {}
        }
      }
    }
  }
}