{
  "report_version": "unknown",
  "report_timestamp": "2025-03-26T22:14:14.177Z",
  "target_language": "java",
  "report_summary": {
    "additional": null,
    "amount_classes_or_interfaces_with_data_clumps": 2,
    "amount_files_with_data_clumps": 2,
    "amount_methods_with_data_clumps": 0,
    "fields_to_fields_data_clump": 2,
    "parameters_to_fields_data_clump": 0,
    "parameters_to_parameters_data_clump": 0,
    "amount_data_clumps": 2
  },
  "project_info": {
    "project_url": "unknown_project_url",
    "project_name": "11115753-3ecf-4de8-bd8e-38608868e7c9",
    "project_version": "unknown_project_version",
    "project_commit_hash": "unknown",
    "project_tag": null,
    "project_commit_date": null,
    "additional": {},
    "number_of_files": 5,
    "number_of_classes_or_interfaces": 5,
    "number_of_methods": 0,
    "number_of_data_fields": 16,
    "number_of_method_parameters": 0
  },
  "detector": {
    "name": "data-clumps-doctor",
    "url": "https://github.com/NilsBaumgartner1994/data-clumps-doctor",
    "version": "0.1.100",
    "options": {
      "typeVariablesConsidered": false,
      "similarityModifierOfVariablesWithUnknownType": 0,
      "fieldsOfClassesWithUnknownHierarchyProbabilityModifier": 0,
      "sharedFieldsToFieldsAmountMinimum": 3,
      "analyseFieldsInClassesOrInterfacesInheritedFromSuperClassesOrInterfaces": false,
      "sharedParametersToParametersAmountMinimum": 3,
      "sharedParametersToFieldsAmountMinimum": 3,
      "methodsOfClassesOrInterfacesWithUnknownHierarchyProbabilityModifier": 0
    }
  },
  "data_clumps": {
    "fields_to_fields_data_clump-./Client-_yUk7MIS5EDSJE5z8gyLP-A-_UuB_AIS3EDSeJ-rKoexZUg-IDNomPrénomAdresseNumTelMail": {
      "type": "data_clump",
      "key": "fields_to_fields_data_clump-./Client-_yUk7MIS5EDSJE5z8gyLP-A-_UuB_AIS3EDSeJ-rKoexZUg-IDNomPrénomAdresseNumTelMail",
      "probability": 1,
      "from_file_path": "./Client",
      "from_class_or_interface_name": "Client",
      "from_class_or_interface_key": "_yUk7MIS5EDSJE5z8gyLP-A",
      "from_method_name": null,
      "from_method_key": null,
      "to_file_path": "./Employé",
      "to_class_or_interface_key": "_UuB_AIS3EDSeJ-rKoexZUg",
      "to_class_or_interface_name": "Client",
      "to_method_key": null,
      "to_method_name": null,
      "data_clump_type": "fields_to_fields_data_clump",
      "data_clump_data": {
        "_4qLLUIS5EDSJE5z8gyLP-A": {
          "key": "_4qLLUIS5EDSJE5z8gyLP-A",
          "name": "ID",
          "type": null,
          "probability": 1,
          "modifiers": [],
          "to_variable": {
            "key": "_tw0uEIS3EDSeJ-rKoexZUg",
            "name": "ID",
            "type": null,
            "modifiers": [],
            "position": {}
          },
          "position": {}
        },
        "_6A01MIS5EDSJE5z8gyLP-A": {
          "key": "_6A01MIS5EDSJE5z8gyLP-A",
          "name": "Nom",
          "type": null,
          "probability": 1,
          "modifiers": [],
          "to_variable": {
            "key": "_lCXJIIS3EDSeJ-rKoexZUg",
            "name": "Nom",
            "type": null,
            "modifiers": [],
            "position": {}
          },
          "position": {}
        },
        "_7Im8oIS5EDSJE5z8gyLP-A": {
          "key": "_7Im8oIS5EDSJE5z8gyLP-A",
          "name": "Prénom",
          "type": null,
          "probability": 1,
          "modifiers": [],
          "to_variable": {
            "key": "_oO3hYIS3EDSeJ-rKoexZUg",
            "name": "Prénom",
            "type": null,
            "modifiers": [],
            "position": {}
          },
          "position": {}
        },
        "_8aiekIS5EDSJE5z8gyLP-A": {
          "key": "_8aiekIS5EDSJE5z8gyLP-A",
          "name": "Adresse",
          "type": null,
          "probability": 1,
          "modifiers": [],
          "to_variable": {
            "key": "_rouZIIS3EDSeJ-rKoexZUg",
            "name": "Adresse",
            "type": null,
            "modifiers": [],
            "position": {}
          },
          "position": {}
        },
        "_9nrAEIS5EDSJE5z8gyLP-A": {
          "key": "_9nrAEIS5EDSJE5z8gyLP-A",
          "name": "NumTel",
          "type": null,
          "probability": 1,
          "modifiers": [],
          "to_variable": {
            "key": "_cjJPMIS5EDSJE5z8gyLP-A",
            "name": "NumTel",
            "type": null,
            "modifiers": [],
            "position": {}
          },
          "position": {}
        },
        "_AzL50IS6EDSJE5z8gyLP-A": {
          "key": "_AzL50IS6EDSJE5z8gyLP-A",
          "name": "Mail",
          "type": null,
          "probability": 1,
          "modifiers": [],
          "to_variable": {
            "key": "_vJWVUIS5EDSJE5z8gyLP-A",
            "name": "Mail",
            "type": null,
            "modifiers": [],
            "position": {}
          },
          "position": {}
        }
      }
    },
    "fields_to_fields_data_clump-./Employé-_UuB_AIS3EDSeJ-rKoexZUg-_yUk7MIS5EDSJE5z8gyLP-A-IDNomPrénomAdresseNumTelMail": {
      "type": "data_clump",
      "key": "fields_to_fields_data_clump-./Employé-_UuB_AIS3EDSeJ-rKoexZUg-_yUk7MIS5EDSJE5z8gyLP-A-IDNomPrénomAdresseNumTelMail",
      "probability": 1,
      "from_file_path": "./Employé",
      "from_class_or_interface_name": "Employé",
      "from_class_or_interface_key": "_UuB_AIS3EDSeJ-rKoexZUg",
      "from_method_name": null,
      "from_method_key": null,
      "to_file_path": "./Client",
      "to_class_or_interface_key": "_yUk7MIS5EDSJE5z8gyLP-A",
      "to_class_or_interface_name": "Employé",
      "to_method_key": null,
      "to_method_name": null,
      "data_clump_type": "fields_to_fields_data_clump",
      "data_clump_data": {
        "_tw0uEIS3EDSeJ-rKoexZUg": {
          "key": "_tw0uEIS3EDSeJ-rKoexZUg",
          "name": "ID",
          "type": null,
          "probability": 1,
          "modifiers": [],
          "to_variable": {
            "key": "_4qLLUIS5EDSJE5z8gyLP-A",
            "name": "ID",
            "type": null,
            "modifiers": [],
            "position": {}
          },
          "position": {}
        },
        "_lCXJIIS3EDSeJ-rKoexZUg": {
          "key": "_lCXJIIS3EDSeJ-rKoexZUg",
          "name": "Nom",
          "type": null,
          "probability": 1,
          "modifiers": [],
          "to_variable": {
            "key": "_6A01MIS5EDSJE5z8gyLP-A",
            "name": "Nom",
            "type": null,
            "modifiers": [],
            "position": {}
          },
          "position": {}
        },
        "_oO3hYIS3EDSeJ-rKoexZUg": {
          "key": "_oO3hYIS3EDSeJ-rKoexZUg",
          "name": "Prénom",
          "type": null,
          "probability": 1,
          "modifiers": [],
          "to_variable": {
            "key": "_7Im8oIS5EDSJE5z8gyLP-A",
            "name": "Prénom",
            "type": null,
            "modifiers": [],
            "position": {}
          },
          "position": {}
        },
        "_rouZIIS3EDSeJ-rKoexZUg": {
          "key": "_rouZIIS3EDSeJ-rKoexZUg",
          "name": "Adresse",
          "type": null,
          "probability": 1,
          "modifiers": [],
          "to_variable": {
            "key": "_8aiekIS5EDSJE5z8gyLP-A",
            "name": "Adresse",
            "type": null,
            "modifiers": [],
            "position": {}
          },
          "position": {}
        },
        "_cjJPMIS5EDSJE5z8gyLP-A": {
          "key": "_cjJPMIS5EDSJE5z8gyLP-A",
          "name": "NumTel",
          "type": null,
          "probability": 1,
          "modifiers": [],
          "to_variable": {
            "key": "_9nrAEIS5EDSJE5z8gyLP-A",
            "name": "NumTel",
            "type": null,
            "modifiers": [],
            "position": {}
          },
          "position": {}
        },
        "_vJWVUIS5EDSJE5z8gyLP-A": {
          "key": "_vJWVUIS5EDSJE5z8gyLP-A",
          "name": "Mail",
          "type": null,
          "probability": 1,
          "modifiers": [],
          "to_variable": {
            "key": "_AzL50IS6EDSJE5z8gyLP-A",
            "name": "Mail",
            "type": null,
            "modifiers": [],
            "position": {}
          },
          "position": {}
        }
      }
    }
  }
}