{
  "report_version": "unknown",
  "report_timestamp": "2025-03-26T22:18:26.249Z",
  "target_language": "java",
  "report_summary": {
    "additional": null,
    "amount_classes_or_interfaces_with_data_clumps": 2,
    "amount_files_with_data_clumps": 2,
    "amount_methods_with_data_clumps": 0,
    "fields_to_fields_data_clump": 2,
    "parameters_to_fields_data_clump": 0,
    "parameters_to_parameters_data_clump": 0,
    "amount_data_clumps": 2
  },
  "project_info": {
    "project_url": "unknown_project_url",
    "project_name": "_-K-K8KO3Ee2vW5IAILnJcQ",
    "project_version": "unknown_project_version",
    "project_commit_hash": "unknown",
    "project_tag": null,
    "project_commit_date": null,
    "additional": {},
    "number_of_files": 6,
    "number_of_classes_or_interfaces": 6,
    "number_of_methods": 16,
    "number_of_data_fields": 36,
    "number_of_method_parameters": 0
  },
  "detector": {
    "name": "data-clumps-doctor",
    "url": "https://github.com/NilsBaumgartner1994/data-clumps-doctor",
    "version": "0.1.100",
    "options": {
      "typeVariablesConsidered": false,
      "similarityModifierOfVariablesWithUnknownType": 0,
      "fieldsOfClassesWithUnknownHierarchyProbabilityModifier": 0,
      "sharedFieldsToFieldsAmountMinimum": 3,
      "analyseFieldsInClassesOrInterfacesInheritedFromSuperClassesOrInterfaces": false,
      "sharedParametersToParametersAmountMinimum": 3,
      "sharedParametersToFieldsAmountMinimum": 3,
      "methodsOfClassesOrInterfacesWithUnknownHierarchyProbabilityModifier": 0
    }
  },
  "data_clumps": {
    "fields_to_fields_data_clump-./Client-_-LDD9KO3Ee2vW5IAILnJcQ-_-LDEBqO3Ee2vW5IAILnJcQ-AdresseTelephoneResponsableemail_resptel_resptype_heb": {
      "type": "data_clump",
      "key": "fields_to_fields_data_clump-./Client-_-LDD9KO3Ee2vW5IAILnJcQ-_-LDEBqO3Ee2vW5IAILnJcQ-AdresseTelephoneResponsableemail_resptel_resptype_heb",
      "probability": 1,
      "from_file_path": "./Client",
      "from_class_or_interface_name": "Client",
      "from_class_or_interface_key": "_-LDD9KO3Ee2vW5IAILnJcQ",
      "from_method_name": null,
      "from_method_key": null,
      "to_file_path": "./FicheClient",
      "to_class_or_interface_key": "_-LDEBqO3Ee2vW5IAILnJcQ",
      "to_class_or_interface_name": "Client",
      "to_method_key": null,
      "to_method_name": null,
      "data_clump_type": "fields_to_fields_data_clump",
      "data_clump_data": {
        "_-LDD96O3Ee2vW5IAILnJcQ": {
          "key": "_-LDD96O3Ee2vW5IAILnJcQ",
          "name": "Adresse",
          "type": null,
          "probability": 1,
          "modifiers": [
            "private"
          ],
          "to_variable": {
            "key": "_-LDECKO3Ee2vW5IAILnJcQ",
            "name": "Adresse",
            "type": null,
            "modifiers": [
              "private"
            ],
            "position": {}
          },
          "position": {}
        },
        "_-LDD-KO3Ee2vW5IAILnJcQ": {
          "key": "_-LDD-KO3Ee2vW5IAILnJcQ",
          "name": "Telephone",
          "type": null,
          "probability": 1,
          "modifiers": [
            "private"
          ],
          "to_variable": {
            "key": "_-LDECaO3Ee2vW5IAILnJcQ",
            "name": "Telephone",
            "type": null,
            "modifiers": [
              "private"
            ],
            "position": {}
          },
          "position": {}
        },
        "_-LDD-aO3Ee2vW5IAILnJcQ": {
          "key": "_-LDD-aO3Ee2vW5IAILnJcQ",
          "name": "Responsable",
          "type": null,
          "probability": 1,
          "modifiers": [
            "private"
          ],
          "to_variable": {
            "key": "_-LDECqO3Ee2vW5IAILnJcQ",
            "name": "Responsable",
            "type": null,
            "modifiers": [
              "private"
            ],
            "position": {}
          },
          "position": {}
        },
        "_-LDD-qO3Ee2vW5IAILnJcQ": {
          "key": "_-LDD-qO3Ee2vW5IAILnJcQ",
          "name": "email_resp",
          "type": null,
          "probability": 1,
          "modifiers": [
            "private"
          ],
          "to_variable": {
            "key": "_-LDEC6O3Ee2vW5IAILnJcQ",
            "name": "email_resp",
            "type": null,
            "modifiers": [
              "private"
            ],
            "position": {}
          },
          "position": {}
        },
        "_-LDD-6O3Ee2vW5IAILnJcQ": {
          "key": "_-LDD-6O3Ee2vW5IAILnJcQ",
          "name": "tel_resp",
          "type": null,
          "probability": 1,
          "modifiers": [
            "private"
          ],
          "to_variable": {
            "key": "_-LDEDKO3Ee2vW5IAILnJcQ",
            "name": "tel_resp",
            "type": null,
            "modifiers": [
              "private"
            ],
            "position": {}
          },
          "position": {}
        },
        "_-LDD_KO3Ee2vW5IAILnJcQ": {
          "key": "_-LDD_KO3Ee2vW5IAILnJcQ",
          "name": "type_heb",
          "type": null,
          "probability": 1,
          "modifiers": [
            "private"
          ],
          "to_variable": {
            "key": "_-LDEDaO3Ee2vW5IAILnJcQ",
            "name": "type_heb",
            "type": null,
            "modifiers": [
              "private"
            ],
            "position": {}
          },
          "position": {}
        }
      }
    },
    "fields_to_fields_data_clump-./FicheClient-_-LDEBqO3Ee2vW5IAILnJcQ-_-LDD9KO3Ee2vW5IAILnJcQ-AdresseTelephoneResponsableemail_resptel_resptype_heb": {
      "type": "data_clump",
      "key": "fields_to_fields_data_clump-./FicheClient-_-LDEBqO3Ee2vW5IAILnJcQ-_-LDD9KO3Ee2vW5IAILnJcQ-AdresseTelephoneResponsableemail_resptel_resptype_heb",
      "probability": 1,
      "from_file_path": "./FicheClient",
      "from_class_or_interface_name": "FicheClient",
      "from_class_or_interface_key": "_-LDEBqO3Ee2vW5IAILnJcQ",
      "from_method_name": null,
      "from_method_key": null,
      "to_file_path": "./Client",
      "to_class_or_interface_key": "_-LDD9KO3Ee2vW5IAILnJcQ",
      "to_class_or_interface_name": "FicheClient",
      "to_method_key": null,
      "to_method_name": null,
      "data_clump_type": "fields_to_fields_data_clump",
      "data_clump_data": {
        "_-LDECKO3Ee2vW5IAILnJcQ": {
          "key": "_-LDECKO3Ee2vW5IAILnJcQ",
          "name": "Adresse",
          "type": null,
          "probability": 1,
          "modifiers": [
            "private"
          ],
          "to_variable": {
            "key": "_-LDD96O3Ee2vW5IAILnJcQ",
            "name": "Adresse",
            "type": null,
            "modifiers": [
              "private"
            ],
            "position": {}
          },
          "position": {}
        },
        "_-LDECaO3Ee2vW5IAILnJcQ": {
          "key": "_-LDECaO3Ee2vW5IAILnJcQ",
          "name": "Telephone",
          "type": null,
          "probability": 1,
          "modifiers": [
            "private"
          ],
          "to_variable": {
            "key": "_-LDD-KO3Ee2vW5IAILnJcQ",
            "name": "Telephone",
            "type": null,
            "modifiers": [
              "private"
            ],
            "position": {}
          },
          "position": {}
        },
        "_-LDECqO3Ee2vW5IAILnJcQ": {
          "key": "_-LDECqO3Ee2vW5IAILnJcQ",
          "name": "Responsable",
          "type": null,
          "probability": 1,
          "modifiers": [
            "private"
          ],
          "to_variable": {
            "key": "_-LDD-aO3Ee2vW5IAILnJcQ",
            "name": "Responsable",
            "type": null,
            "modifiers": [
              "private"
            ],
            "position": {}
          },
          "position": {}
        },
        "_-LDEC6O3Ee2vW5IAILnJcQ": {
          "key": "_-LDEC6O3Ee2vW5IAILnJcQ",
          "name": "email_resp",
          "type": null,
          "probability": 1,
          "modifiers": [
            "private"
          ],
          "to_variable": {
            "key": "_-LDD-qO3Ee2vW5IAILnJcQ",
            "name": "email_resp",
            "type": null,
            "modifiers": [
              "private"
            ],
            "position": {}
          },
          "position": {}
        },
        "_-LDEDKO3Ee2vW5IAILnJcQ": {
          "key": "_-LDEDKO3Ee2vW5IAILnJcQ",
          "name": "tel_resp",
          "type": null,
          "probability": 1,
          "modifiers": [
            "private"
          ],
          "to_variable": {
            "key": "_-LDD-6O3Ee2vW5IAILnJcQ",
            "name": "tel_resp",
            "type": null,
            "modifiers": [
              "private"
            ],
            "position": {}
          },
          "position": {}
        },
        "_-LDEDaO3Ee2vW5IAILnJcQ": {
          "key": "_-LDEDaO3Ee2vW5IAILnJcQ",
          "name": "type_heb",
          "type": null,
          "probability": 1,
          "modifiers": [
            "private"
          ],
          "to_variable": {
            "key": "_-LDD_KO3Ee2vW5IAILnJcQ",
            "name": "type_heb",
            "type": null,
            "modifiers": [
              "private"
            ],
            "position": {}
          },
          "position": {}
        }
      }
    }
  }
}