{
  "report_version": "unknown",
  "report_timestamp": "2025-03-26T21:56:54.471Z",
  "target_language": "java",
  "report_summary": {
    "additional": null,
    "amount_classes_or_interfaces_with_data_clumps": 8,
    "amount_files_with_data_clumps": 8,
    "amount_methods_with_data_clumps": 9,
    "fields_to_fields_data_clump": 10,
    "parameters_to_fields_data_clump": 9,
    "parameters_to_parameters_data_clump": 16,
    "amount_data_clumps": 35
  },
  "project_info": {
    "project_url": "unknown_project_url",
    "project_name": "_1fwm4D8BEemphNojEI-2Ug",
    "project_version": "unknown_project_version",
    "project_commit_hash": "unknown",
    "project_tag": null,
    "project_commit_date": null,
    "additional": {},
    "number_of_files": 18,
    "number_of_classes_or_interfaces": 18,
    "number_of_methods": 67,
    "number_of_data_fields": 43,
    "number_of_method_parameters": 70
  },
  "detector": {
    "name": "data-clumps-doctor",
    "url": "https://github.com/NilsBaumgartner1994/data-clumps-doctor",
    "version": "0.1.100",
    "options": {
      "typeVariablesConsidered": false,
      "similarityModifierOfVariablesWithUnknownType": 0,
      "fieldsOfClassesWithUnknownHierarchyProbabilityModifier": 0,
      "sharedFieldsToFieldsAmountMinimum": 3,
      "analyseFieldsInClassesOrInterfacesInheritedFromSuperClassesOrInterfaces": false,
      "sharedParametersToParametersAmountMinimum": 3,
      "sharedParametersToFieldsAmountMinimum": 3,
      "methodsOfClassesOrInterfacesWithUnknownHierarchyProbabilityModifier": 0
    }
  },
  "data_clumps": {
    "parameters_to_parameters_data_clump-./AddItemActivity-_59MbkT8BEemVJ-LgVHoDQQ-_59NC2j8BEemVJ-LgVHoDQQ-request_coderesult_codeintent": {
      "type": "data_clump",
      "key": "parameters_to_parameters_data_clump-./AddItemActivity-_59MbkT8BEemVJ-LgVHoDQQ-_59NC2j8BEemVJ-LgVHoDQQ-request_coderesult_codeintent",
      "probability": 1,
      "from_file_path": "./AddItemActivity",
      "from_class_or_interface_name": "AddItemActivity",
      "from_class_or_interface_key": "_59L0gj8BEemVJ-LgVHoDQQ",
      "from_method_name": "onActivityResult",
      "from_method_key": "_59MbkT8BEemVJ-LgVHoDQQ",
      "to_file_path": "./EditItemActivity",
      "to_class_or_interface_name": "EditItemActivity",
      "to_class_or_interface_key": "_59NCoT8BEemVJ-LgVHoDQQ",
      "to_method_name": "onActivityResult",
      "to_method_key": "_59NC2j8BEemVJ-LgVHoDQQ",
      "data_clump_type": "parameters_to_parameters_data_clump",
      "data_clump_data": {
        "_59Mbkz8BEemVJ-LgVHoDQQ": {
          "key": "_59Mbkz8BEemVJ-LgVHoDQQ",
          "name": "request_code",
          "type": null,
          "probability": 1,
          "modifiers": [],
          "to_variable": {
            "key": "_59NC3D8BEemVJ-LgVHoDQQ",
            "name": "request_code",
            "type": null,
            "modifiers": [],
            "position": {}
          },
          "position": {}
        },
        "_59Mblj8BEemVJ-LgVHoDQQ": {
          "key": "_59Mblj8BEemVJ-LgVHoDQQ",
          "name": "result_code",
          "type": null,
          "probability": 1,
          "modifiers": [],
          "to_variable": {
            "key": "_59NC3z8BEemVJ-LgVHoDQQ",
            "name": "result_code",
            "type": null,
            "modifiers": [],
            "position": {}
          },
          "position": {}
        },
        "_59MbmT8BEemVJ-LgVHoDQQ": {
          "key": "_59MbmT8BEemVJ-LgVHoDQQ",
          "name": "intent",
          "type": null,
          "probability": 1,
          "modifiers": [],
          "to_variable": {
            "key": "_59NC4j8BEemVJ-LgVHoDQQ",
            "name": "intent",
            "type": null,
            "modifiers": [],
            "position": {}
          },
          "position": {}
        }
      }
    },
    "parameters_to_parameters_data_clump-./AllItemsFragment-_59Mbnz8BEemVJ-LgVHoDQQ-_59Mbsz8BEemVJ-LgVHoDQQ-inflatercontainersavedInstanceState": {
      "type": "data_clump",
      "key": "parameters_to_parameters_data_clump-./AllItemsFragment-_59Mbnz8BEemVJ-LgVHoDQQ-_59Mbsz8BEemVJ-LgVHoDQQ-inflatercontainersavedInstanceState",
      "probability": 1,
      "from_file_path": "./AllItemsFragment",
      "from_class_or_interface_name": "AllItemsFragment",
      "from_class_or_interface_key": "_59MbnD8BEemVJ-LgVHoDQQ",
      "from_method_name": "onCreateView",
      "from_method_key": "_59Mbnz8BEemVJ-LgVHoDQQ",
      "to_file_path": "./AvailableItemsFragment",
      "to_class_or_interface_name": "AvailableItemsFragment",
      "to_class_or_interface_key": "_59MbsD8BEemVJ-LgVHoDQQ",
      "to_method_name": "onCreateView",
      "to_method_key": "_59Mbsz8BEemVJ-LgVHoDQQ",
      "data_clump_type": "parameters_to_parameters_data_clump",
      "data_clump_data": {
        "_59Mboz8BEemVJ-LgVHoDQQ": {
          "key": "_59Mboz8BEemVJ-LgVHoDQQ",
          "name": "inflater",
          "type": null,
          "probability": 1,
          "modifiers": [],
          "to_variable": {
            "key": "_59Mbtz8BEemVJ-LgVHoDQQ",
            "name": "inflater",
            "type": null,
            "modifiers": [],
            "position": {}
          },
          "position": {}
        },
        "_59Mbpj8BEemVJ-LgVHoDQQ": {
          "key": "_59Mbpj8BEemVJ-LgVHoDQQ",
          "name": "container",
          "type": null,
          "probability": 1,
          "modifiers": [],
          "to_variable": {
            "key": "_59Mbuj8BEemVJ-LgVHoDQQ",
            "name": "container",
            "type": null,
            "modifiers": [],
            "position": {}
          },
          "position": {}
        },
        "_59MbqT8BEemVJ-LgVHoDQQ": {
          "key": "_59MbqT8BEemVJ-LgVHoDQQ",
          "name": "savedInstanceState",
          "type": null,
          "probability": 1,
          "modifiers": [],
          "to_variable": {
            "key": "_59MbvT8BEemVJ-LgVHoDQQ",
            "name": "savedInstanceState",
            "type": null,
            "modifiers": [],
            "position": {}
          },
          "position": {}
        }
      }
    },
    "parameters_to_parameters_data_clump-./AllItemsFragment-_59Mbnz8BEemVJ-LgVHoDQQ-_59Mbxz8BEemVJ-LgVHoDQQ-inflatercontainersavedInstanceState": {
      "type": "data_clump",
      "key": "parameters_to_parameters_data_clump-./AllItemsFragment-_59Mbnz8BEemVJ-LgVHoDQQ-_59Mbxz8BEemVJ-LgVHoDQQ-inflatercontainersavedInstanceState",
      "probability": 1,
      "from_file_path": "./AllItemsFragment",
      "from_class_or_interface_name": "AllItemsFragment",
      "from_class_or_interface_key": "_59MbnD8BEemVJ-LgVHoDQQ",
      "from_method_name": "onCreateView",
      "from_method_key": "_59Mbnz8BEemVJ-LgVHoDQQ",
      "to_file_path": "./BorrowedItemsFragment",
      "to_class_or_interface_name": "BorrowedItemsFragment",
      "to_class_or_interface_key": "_59MbxD8BEemVJ-LgVHoDQQ",
      "to_method_name": "onCreateView",
      "to_method_key": "_59Mbxz8BEemVJ-LgVHoDQQ",
      "data_clump_type": "parameters_to_parameters_data_clump",
      "data_clump_data": {
        "_59Mboz8BEemVJ-LgVHoDQQ": {
          "key": "_59Mboz8BEemVJ-LgVHoDQQ",
          "name": "inflater",
          "type": null,
          "probability": 1,
          "modifiers": [],
          "to_variable": {
            "key": "_59Mbyz8BEemVJ-LgVHoDQQ",
            "name": "inflater",
            "type": null,
            "modifiers": [],
            "position": {}
          },
          "position": {}
        },
        "_59Mbpj8BEemVJ-LgVHoDQQ": {
          "key": "_59Mbpj8BEemVJ-LgVHoDQQ",
          "name": "container",
          "type": null,
          "probability": 1,
          "modifiers": [],
          "to_variable": {
            "key": "_59Mbzj8BEemVJ-LgVHoDQQ",
            "name": "container",
            "type": null,
            "modifiers": [],
            "position": {}
          },
          "position": {}
        },
        "_59MbqT8BEemVJ-LgVHoDQQ": {
          "key": "_59MbqT8BEemVJ-LgVHoDQQ",
          "name": "savedInstanceState",
          "type": null,
          "probability": 1,
          "modifiers": [],
          "to_variable": {
            "key": "_59Mb0T8BEemVJ-LgVHoDQQ",
            "name": "savedInstanceState",
            "type": null,
            "modifiers": [],
            "position": {}
          },
          "position": {}
        }
      }
    },
    "parameters_to_parameters_data_clump-./AllItemsFragment-_59Mbnz8BEemVJ-LgVHoDQQ-_59OREz8BEemVJ-LgVHoDQQ-inflatercontainersavedInstanceState": {
      "type": "data_clump",
      "key": "parameters_to_parameters_data_clump-./AllItemsFragment-_59Mbnz8BEemVJ-LgVHoDQQ-_59OREz8BEemVJ-LgVHoDQQ-inflatercontainersavedInstanceState",
      "probability": 1,
      "from_file_path": "./AllItemsFragment",
      "from_class_or_interface_name": "AllItemsFragment",
      "from_class_or_interface_key": "_59MbnD8BEemVJ-LgVHoDQQ",
      "from_method_name": "onCreateView",
      "from_method_key": "_59Mbnz8BEemVJ-LgVHoDQQ",
      "to_file_path": "./ItemsFragment",
      "to_class_or_interface_name": "ItemsFragment",
      "to_class_or_interface_key": "_59ORAT8BEemVJ-LgVHoDQQ",
      "to_method_name": "onCreateView",
      "to_method_key": "_59OREz8BEemVJ-LgVHoDQQ",
      "data_clump_type": "parameters_to_parameters_data_clump",
      "data_clump_data": {
        "_59Mboz8BEemVJ-LgVHoDQQ": {
          "key": "_59Mboz8BEemVJ-LgVHoDQQ",
          "name": "inflater",
          "type": null,
          "probability": 1,
          "modifiers": [],
          "to_variable": {
            "key": "_59ORFz8BEemVJ-LgVHoDQQ",
            "name": "inflater",
            "type": null,
            "modifiers": [],
            "position": {}
          },
          "position": {}
        },
        "_59Mbpj8BEemVJ-LgVHoDQQ": {
          "key": "_59Mbpj8BEemVJ-LgVHoDQQ",
          "name": "container",
          "type": null,
          "probability": 1,
          "modifiers": [],
          "to_variable": {
            "key": "_59ORGj8BEemVJ-LgVHoDQQ",
            "name": "container",
            "type": null,
            "modifiers": [],
            "position": {}
          },
          "position": {}
        },
        "_59MbqT8BEemVJ-LgVHoDQQ": {
          "key": "_59MbqT8BEemVJ-LgVHoDQQ",
          "name": "savedInstanceState",
          "type": null,
          "probability": 1,
          "modifiers": [],
          "to_variable": {
            "key": "_59ORHT8BEemVJ-LgVHoDQQ",
            "name": "savedInstanceState",
            "type": null,
            "modifiers": [],
            "position": {}
          },
          "position": {}
        }
      }
    },
    "parameters_to_parameters_data_clump-./AvailableItemsFragment-_59Mbsz8BEemVJ-LgVHoDQQ-_59Mbnz8BEemVJ-LgVHoDQQ-inflatercontainersavedInstanceState": {
      "type": "data_clump",
      "key": "parameters_to_parameters_data_clump-./AvailableItemsFragment-_59Mbsz8BEemVJ-LgVHoDQQ-_59Mbnz8BEemVJ-LgVHoDQQ-inflatercontainersavedInstanceState",
      "probability": 1,
      "from_file_path": "./AvailableItemsFragment",
      "from_class_or_interface_name": "AvailableItemsFragment",
      "from_class_or_interface_key": "_59MbsD8BEemVJ-LgVHoDQQ",
      "from_method_name": "onCreateView",
      "from_method_key": "_59Mbsz8BEemVJ-LgVHoDQQ",
      "to_file_path": "./AllItemsFragment",
      "to_class_or_interface_name": "AllItemsFragment",
      "to_class_or_interface_key": "_59MbnD8BEemVJ-LgVHoDQQ",
      "to_method_name": "onCreateView",
      "to_method_key": "_59Mbnz8BEemVJ-LgVHoDQQ",
      "data_clump_type": "parameters_to_parameters_data_clump",
      "data_clump_data": {
        "_59Mbtz8BEemVJ-LgVHoDQQ": {
          "key": "_59Mbtz8BEemVJ-LgVHoDQQ",
          "name": "inflater",
          "type": null,
          "probability": 1,
          "modifiers": [],
          "to_variable": {
            "key": "_59Mboz8BEemVJ-LgVHoDQQ",
            "name": "inflater",
            "type": null,
            "modifiers": [],
            "position": {}
          },
          "position": {}
        },
        "_59Mbuj8BEemVJ-LgVHoDQQ": {
          "key": "_59Mbuj8BEemVJ-LgVHoDQQ",
          "name": "container",
          "type": null,
          "probability": 1,
          "modifiers": [],
          "to_variable": {
            "key": "_59Mbpj8BEemVJ-LgVHoDQQ",
            "name": "container",
            "type": null,
            "modifiers": [],
            "position": {}
          },
          "position": {}
        },
        "_59MbvT8BEemVJ-LgVHoDQQ": {
          "key": "_59MbvT8BEemVJ-LgVHoDQQ",
          "name": "savedInstanceState",
          "type": null,
          "probability": 1,
          "modifiers": [],
          "to_variable": {
            "key": "_59MbqT8BEemVJ-LgVHoDQQ",
            "name": "savedInstanceState",
            "type": null,
            "modifiers": [],
            "position": {}
          },
          "position": {}
        }
      }
    },
    "parameters_to_parameters_data_clump-./AvailableItemsFragment-_59Mbsz8BEemVJ-LgVHoDQQ-_59Mbxz8BEemVJ-LgVHoDQQ-inflatercontainersavedInstanceState": {
      "type": "data_clump",
      "key": "parameters_to_parameters_data_clump-./AvailableItemsFragment-_59Mbsz8BEemVJ-LgVHoDQQ-_59Mbxz8BEemVJ-LgVHoDQQ-inflatercontainersavedInstanceState",
      "probability": 1,
      "from_file_path": "./AvailableItemsFragment",
      "from_class_or_interface_name": "AvailableItemsFragment",
      "from_class_or_interface_key": "_59MbsD8BEemVJ-LgVHoDQQ",
      "from_method_name": "onCreateView",
      "from_method_key": "_59Mbsz8BEemVJ-LgVHoDQQ",
      "to_file_path": "./BorrowedItemsFragment",
      "to_class_or_interface_name": "BorrowedItemsFragment",
      "to_class_or_interface_key": "_59MbxD8BEemVJ-LgVHoDQQ",
      "to_method_name": "onCreateView",
      "to_method_key": "_59Mbxz8BEemVJ-LgVHoDQQ",
      "data_clump_type": "parameters_to_parameters_data_clump",
      "data_clump_data": {
        "_59Mbtz8BEemVJ-LgVHoDQQ": {
          "key": "_59Mbtz8BEemVJ-LgVHoDQQ",
          "name": "inflater",
          "type": null,
          "probability": 1,
          "modifiers": [],
          "to_variable": {
            "key": "_59Mbyz8BEemVJ-LgVHoDQQ",
            "name": "inflater",
            "type": null,
            "modifiers": [],
            "position": {}
          },
          "position": {}
        },
        "_59Mbuj8BEemVJ-LgVHoDQQ": {
          "key": "_59Mbuj8BEemVJ-LgVHoDQQ",
          "name": "container",
          "type": null,
          "probability": 1,
          "modifiers": [],
          "to_variable": {
            "key": "_59Mbzj8BEemVJ-LgVHoDQQ",
            "name": "container",
            "type": null,
            "modifiers": [],
            "position": {}
          },
          "position": {}
        },
        "_59MbvT8BEemVJ-LgVHoDQQ": {
          "key": "_59MbvT8BEemVJ-LgVHoDQQ",
          "name": "savedInstanceState",
          "type": null,
          "probability": 1,
          "modifiers": [],
          "to_variable": {
            "key": "_59Mb0T8BEemVJ-LgVHoDQQ",
            "name": "savedInstanceState",
            "type": null,
            "modifiers": [],
            "position": {}
          },
          "position": {}
        }
      }
    },
    "parameters_to_parameters_data_clump-./AvailableItemsFragment-_59Mbsz8BEemVJ-LgVHoDQQ-_59OREz8BEemVJ-LgVHoDQQ-inflatercontainersavedInstanceState": {
      "type": "data_clump",
      "key": "parameters_to_parameters_data_clump-./AvailableItemsFragment-_59Mbsz8BEemVJ-LgVHoDQQ-_59OREz8BEemVJ-LgVHoDQQ-inflatercontainersavedInstanceState",
      "probability": 1,
      "from_file_path": "./AvailableItemsFragment",
      "from_class_or_interface_name": "AvailableItemsFragment",
      "from_class_or_interface_key": "_59MbsD8BEemVJ-LgVHoDQQ",
      "from_method_name": "onCreateView",
      "from_method_key": "_59Mbsz8BEemVJ-LgVHoDQQ",
      "to_file_path": "./ItemsFragment",
      "to_class_or_interface_name": "ItemsFragment",
      "to_class_or_interface_key": "_59ORAT8BEemVJ-LgVHoDQQ",
      "to_method_name": "onCreateView",
      "to_method_key": "_59OREz8BEemVJ-LgVHoDQQ",
      "data_clump_type": "parameters_to_parameters_data_clump",
      "data_clump_data": {
        "_59Mbtz8BEemVJ-LgVHoDQQ": {
          "key": "_59Mbtz8BEemVJ-LgVHoDQQ",
          "name": "inflater",
          "type": null,
          "probability": 1,
          "modifiers": [],
          "to_variable": {
            "key": "_59ORFz8BEemVJ-LgVHoDQQ",
            "name": "inflater",
            "type": null,
            "modifiers": [],
            "position": {}
          },
          "position": {}
        },
        "_59Mbuj8BEemVJ-LgVHoDQQ": {
          "key": "_59Mbuj8BEemVJ-LgVHoDQQ",
          "name": "container",
          "type": null,
          "probability": 1,
          "modifiers": [],
          "to_variable": {
            "key": "_59ORGj8BEemVJ-LgVHoDQQ",
            "name": "container",
            "type": null,
            "modifiers": [],
            "position": {}
          },
          "position": {}
        },
        "_59MbvT8BEemVJ-LgVHoDQQ": {
          "key": "_59MbvT8BEemVJ-LgVHoDQQ",
          "name": "savedInstanceState",
          "type": null,
          "probability": 1,
          "modifiers": [],
          "to_variable": {
            "key": "_59ORHT8BEemVJ-LgVHoDQQ",
            "name": "savedInstanceState",
            "type": null,
            "modifiers": [],
            "position": {}
          },
          "position": {}
        }
      }
    },
    "parameters_to_parameters_data_clump-./BorrowedItemsFragment-_59Mbxz8BEemVJ-LgVHoDQQ-_59Mbnz8BEemVJ-LgVHoDQQ-inflatercontainersavedInstanceState": {
      "type": "data_clump",
      "key": "parameters_to_parameters_data_clump-./BorrowedItemsFragment-_59Mbxz8BEemVJ-LgVHoDQQ-_59Mbnz8BEemVJ-LgVHoDQQ-inflatercontainersavedInstanceState",
      "probability": 1,
      "from_file_path": "./BorrowedItemsFragment",
      "from_class_or_interface_name": "BorrowedItemsFragment",
      "from_class_or_interface_key": "_59MbxD8BEemVJ-LgVHoDQQ",
      "from_method_name": "onCreateView",
      "from_method_key": "_59Mbxz8BEemVJ-LgVHoDQQ",
      "to_file_path": "./AllItemsFragment",
      "to_class_or_interface_name": "AllItemsFragment",
      "to_class_or_interface_key": "_59MbnD8BEemVJ-LgVHoDQQ",
      "to_method_name": "onCreateView",
      "to_method_key": "_59Mbnz8BEemVJ-LgVHoDQQ",
      "data_clump_type": "parameters_to_parameters_data_clump",
      "data_clump_data": {
        "_59Mbyz8BEemVJ-LgVHoDQQ": {
          "key": "_59Mbyz8BEemVJ-LgVHoDQQ",
          "name": "inflater",
          "type": null,
          "probability": 1,
          "modifiers": [],
          "to_variable": {
            "key": "_59Mboz8BEemVJ-LgVHoDQQ",
            "name": "inflater",
            "type": null,
            "modifiers": [],
            "position": {}
          },
          "position": {}
        },
        "_59Mbzj8BEemVJ-LgVHoDQQ": {
          "key": "_59Mbzj8BEemVJ-LgVHoDQQ",
          "name": "container",
          "type": null,
          "probability": 1,
          "modifiers": [],
          "to_variable": {
            "key": "_59Mbpj8BEemVJ-LgVHoDQQ",
            "name": "container",
            "type": null,
            "modifiers": [],
            "position": {}
          },
          "position": {}
        },
        "_59Mb0T8BEemVJ-LgVHoDQQ": {
          "key": "_59Mb0T8BEemVJ-LgVHoDQQ",
          "name": "savedInstanceState",
          "type": null,
          "probability": 1,
          "modifiers": [],
          "to_variable": {
            "key": "_59MbqT8BEemVJ-LgVHoDQQ",
            "name": "savedInstanceState",
            "type": null,
            "modifiers": [],
            "position": {}
          },
          "position": {}
        }
      }
    },
    "parameters_to_parameters_data_clump-./BorrowedItemsFragment-_59Mbxz8BEemVJ-LgVHoDQQ-_59Mbsz8BEemVJ-LgVHoDQQ-inflatercontainersavedInstanceState": {
      "type": "data_clump",
      "key": "parameters_to_parameters_data_clump-./BorrowedItemsFragment-_59Mbxz8BEemVJ-LgVHoDQQ-_59Mbsz8BEemVJ-LgVHoDQQ-inflatercontainersavedInstanceState",
      "probability": 1,
      "from_file_path": "./BorrowedItemsFragment",
      "from_class_or_interface_name": "BorrowedItemsFragment",
      "from_class_or_interface_key": "_59MbxD8BEemVJ-LgVHoDQQ",
      "from_method_name": "onCreateView",
      "from_method_key": "_59Mbxz8BEemVJ-LgVHoDQQ",
      "to_file_path": "./AvailableItemsFragment",
      "to_class_or_interface_name": "AvailableItemsFragment",
      "to_class_or_interface_key": "_59MbsD8BEemVJ-LgVHoDQQ",
      "to_method_name": "onCreateView",
      "to_method_key": "_59Mbsz8BEemVJ-LgVHoDQQ",
      "data_clump_type": "parameters_to_parameters_data_clump",
      "data_clump_data": {
        "_59Mbyz8BEemVJ-LgVHoDQQ": {
          "key": "_59Mbyz8BEemVJ-LgVHoDQQ",
          "name": "inflater",
          "type": null,
          "probability": 1,
          "modifiers": [],
          "to_variable": {
            "key": "_59Mbtz8BEemVJ-LgVHoDQQ",
            "name": "inflater",
            "type": null,
            "modifiers": [],
            "position": {}
          },
          "position": {}
        },
        "_59Mbzj8BEemVJ-LgVHoDQQ": {
          "key": "_59Mbzj8BEemVJ-LgVHoDQQ",
          "name": "container",
          "type": null,
          "probability": 1,
          "modifiers": [],
          "to_variable": {
            "key": "_59Mbuj8BEemVJ-LgVHoDQQ",
            "name": "container",
            "type": null,
            "modifiers": [],
            "position": {}
          },
          "position": {}
        },
        "_59Mb0T8BEemVJ-LgVHoDQQ": {
          "key": "_59Mb0T8BEemVJ-LgVHoDQQ",
          "name": "savedInstanceState",
          "type": null,
          "probability": 1,
          "modifiers": [],
          "to_variable": {
            "key": "_59MbvT8BEemVJ-LgVHoDQQ",
            "name": "savedInstanceState",
            "type": null,
            "modifiers": [],
            "position": {}
          },
          "position": {}
        }
      }
    },
    "parameters_to_parameters_data_clump-./BorrowedItemsFragment-_59Mbxz8BEemVJ-LgVHoDQQ-_59OREz8BEemVJ-LgVHoDQQ-inflatercontainersavedInstanceState": {
      "type": "data_clump",
      "key": "parameters_to_parameters_data_clump-./BorrowedItemsFragment-_59Mbxz8BEemVJ-LgVHoDQQ-_59OREz8BEemVJ-LgVHoDQQ-inflatercontainersavedInstanceState",
      "probability": 1,
      "from_file_path": "./BorrowedItemsFragment",
      "from_class_or_interface_name": "BorrowedItemsFragment",
      "from_class_or_interface_key": "_59MbxD8BEemVJ-LgVHoDQQ",
      "from_method_name": "onCreateView",
      "from_method_key": "_59Mbxz8BEemVJ-LgVHoDQQ",
      "to_file_path": "./ItemsFragment",
      "to_class_or_interface_name": "ItemsFragment",
      "to_class_or_interface_key": "_59ORAT8BEemVJ-LgVHoDQQ",
      "to_method_name": "onCreateView",
      "to_method_key": "_59OREz8BEemVJ-LgVHoDQQ",
      "data_clump_type": "parameters_to_parameters_data_clump",
      "data_clump_data": {
        "_59Mbyz8BEemVJ-LgVHoDQQ": {
          "key": "_59Mbyz8BEemVJ-LgVHoDQQ",
          "name": "inflater",
          "type": null,
          "probability": 1,
          "modifiers": [],
          "to_variable": {
            "key": "_59ORFz8BEemVJ-LgVHoDQQ",
            "name": "inflater",
            "type": null,
            "modifiers": [],
            "position": {}
          },
          "position": {}
        },
        "_59Mbzj8BEemVJ-LgVHoDQQ": {
          "key": "_59Mbzj8BEemVJ-LgVHoDQQ",
          "name": "container",
          "type": null,
          "probability": 1,
          "modifiers": [],
          "to_variable": {
            "key": "_59ORGj8BEemVJ-LgVHoDQQ",
            "name": "container",
            "type": null,
            "modifiers": [],
            "position": {}
          },
          "position": {}
        },
        "_59Mb0T8BEemVJ-LgVHoDQQ": {
          "key": "_59Mb0T8BEemVJ-LgVHoDQQ",
          "name": "savedInstanceState",
          "type": null,
          "probability": 1,
          "modifiers": [],
          "to_variable": {
            "key": "_59ORHT8BEemVJ-LgVHoDQQ",
            "name": "savedInstanceState",
            "type": null,
            "modifiers": [],
            "position": {}
          },
          "position": {}
        }
      }
    },
    "parameters_to_parameters_data_clump-./Dimensions-_59Mb4z8BEemVJ-LgVHoDQQ-_59NClj8BEemVJ-LgVHoDQQ-lengthwidthheight": {
      "type": "data_clump",
      "key": "parameters_to_parameters_data_clump-./Dimensions-_59Mb4z8BEemVJ-LgVHoDQQ-_59NClj8BEemVJ-LgVHoDQQ-lengthwidthheight",
      "probability": 1,
      "from_file_path": "./Dimensions",
      "from_class_or_interface_name": "Dimensions",
      "from_class_or_interface_key": "_59Mb2D8BEemVJ-LgVHoDQQ",
      "from_method_name": "Dimensions",
      "from_method_key": "_59Mb4z8BEemVJ-LgVHoDQQ",
      "to_file_path": "./Dimensions",
      "to_class_or_interface_name": "Dimensions",
      "to_class_or_interface_key": "_59Mb2D8BEemVJ-LgVHoDQQ",
      "to_method_name": "setDimensions",
      "to_method_key": "_59NClj8BEemVJ-LgVHoDQQ",
      "data_clump_type": "parameters_to_parameters_data_clump",
      "data_clump_data": {
        "_59Mb5D8BEemVJ-LgVHoDQQ": {
          "key": "_59Mb5D8BEemVJ-LgVHoDQQ",
          "name": "length",
          "type": null,
          "probability": 1,
          "modifiers": [],
          "to_variable": {
            "key": "_59NCmD8BEemVJ-LgVHoDQQ",
            "name": "length",
            "type": null,
            "modifiers": [],
            "position": {}
          },
          "position": {}
        },
        "_59Mb5z8BEemVJ-LgVHoDQQ": {
          "key": "_59Mb5z8BEemVJ-LgVHoDQQ",
          "name": "width",
          "type": null,
          "probability": 1,
          "modifiers": [],
          "to_variable": {
            "key": "_59NCmz8BEemVJ-LgVHoDQQ",
            "name": "width",
            "type": null,
            "modifiers": [],
            "position": {}
          },
          "position": {}
        },
        "_59Mb6j8BEemVJ-LgVHoDQQ": {
          "key": "_59Mb6j8BEemVJ-LgVHoDQQ",
          "name": "height",
          "type": null,
          "probability": 1,
          "modifiers": [],
          "to_variable": {
            "key": "_59NCnj8BEemVJ-LgVHoDQQ",
            "name": "height",
            "type": null,
            "modifiers": [],
            "position": {}
          },
          "position": {}
        }
      }
    },
    "parameters_to_fields_data_clump-./Dimensions-_59Mb4z8BEemVJ-LgVHoDQQ-_59L0gj8BEemVJ-LgVHoDQQ-lengthwidthheight": {
      "type": "data_clump",
      "key": "parameters_to_fields_data_clump-./Dimensions-_59Mb4z8BEemVJ-LgVHoDQQ-_59L0gj8BEemVJ-LgVHoDQQ-lengthwidthheight",
      "probability": 1,
      "from_file_path": "./Dimensions",
      "from_class_or_interface_name": "Dimensions",
      "from_class_or_interface_key": "_59Mb2D8BEemVJ-LgVHoDQQ",
      "from_method_name": "Dimensions",
      "from_method_key": "_59Mb4z8BEemVJ-LgVHoDQQ",
      "to_file_path": "./AddItemActivity",
      "to_class_or_interface_name": "AddItemActivity",
      "to_class_or_interface_key": "_59L0gj8BEemVJ-LgVHoDQQ",
      "to_method_name": null,
      "to_method_key": null,
      "data_clump_type": "parameters_to_fields_data_clump",
      "data_clump_data": {
        "_59Mb5D8BEemVJ-LgVHoDQQ": {
          "key": "_59Mb5D8BEemVJ-LgVHoDQQ",
          "name": "length",
          "type": null,
          "probability": 1,
          "modifiers": [],
          "to_variable": {
            "key": "_59L0jj8BEemVJ-LgVHoDQQ",
            "name": "length",
            "type": null,
            "modifiers": [
              "private"
            ],
            "position": {}
          },
          "position": {}
        },
        "_59Mb5z8BEemVJ-LgVHoDQQ": {
          "key": "_59Mb5z8BEemVJ-LgVHoDQQ",
          "name": "width",
          "type": null,
          "probability": 1,
          "modifiers": [],
          "to_variable": {
            "key": "_59L0kT8BEemVJ-LgVHoDQQ",
            "name": "width",
            "type": null,
            "modifiers": [
              "private"
            ],
            "position": {}
          },
          "position": {}
        },
        "_59Mb6j8BEemVJ-LgVHoDQQ": {
          "key": "_59Mb6j8BEemVJ-LgVHoDQQ",
          "name": "height",
          "type": null,
          "probability": 1,
          "modifiers": [],
          "to_variable": {
            "key": "_59L0lD8BEemVJ-LgVHoDQQ",
            "name": "height",
            "type": null,
            "modifiers": [
              "private"
            ],
            "position": {}
          },
          "position": {}
        }
      }
    },
    "parameters_to_fields_data_clump-./Dimensions-_59Mb4z8BEemVJ-LgVHoDQQ-_59Mb2D8BEemVJ-LgVHoDQQ-lengthwidthheight": {
      "type": "data_clump",
      "key": "parameters_to_fields_data_clump-./Dimensions-_59Mb4z8BEemVJ-LgVHoDQQ-_59Mb2D8BEemVJ-LgVHoDQQ-lengthwidthheight",
      "probability": 1,
      "from_file_path": "./Dimensions",
      "from_class_or_interface_name": "Dimensions",
      "from_class_or_interface_key": "_59Mb2D8BEemVJ-LgVHoDQQ",
      "from_method_name": "Dimensions",
      "from_method_key": "_59Mb4z8BEemVJ-LgVHoDQQ",
      "to_file_path": "./Dimensions",
      "to_class_or_interface_name": "Dimensions",
      "to_class_or_interface_key": "_59Mb2D8BEemVJ-LgVHoDQQ",
      "to_method_name": null,
      "to_method_key": null,
      "data_clump_type": "parameters_to_fields_data_clump",
      "data_clump_data": {
        "_59Mb5D8BEemVJ-LgVHoDQQ": {
          "key": "_59Mb5D8BEemVJ-LgVHoDQQ",
          "name": "length",
          "type": null,
          "probability": 1,
          "modifiers": [],
          "to_variable": {
            "key": "_59Mb2j8BEemVJ-LgVHoDQQ",
            "name": "length",
            "type": null,
            "modifiers": [
              "private"
            ],
            "position": {}
          },
          "position": {}
        },
        "_59Mb5z8BEemVJ-LgVHoDQQ": {
          "key": "_59Mb5z8BEemVJ-LgVHoDQQ",
          "name": "width",
          "type": null,
          "probability": 1,
          "modifiers": [],
          "to_variable": {
            "key": "_59Mb3T8BEemVJ-LgVHoDQQ",
            "name": "width",
            "type": null,
            "modifiers": [
              "private"
            ],
            "position": {}
          },
          "position": {}
        },
        "_59Mb6j8BEemVJ-LgVHoDQQ": {
          "key": "_59Mb6j8BEemVJ-LgVHoDQQ",
          "name": "height",
          "type": null,
          "probability": 1,
          "modifiers": [],
          "to_variable": {
            "key": "_59Mb4D8BEemVJ-LgVHoDQQ",
            "name": "height",
            "type": null,
            "modifiers": [
              "private"
            ],
            "position": {}
          },
          "position": {}
        }
      }
    },
    "parameters_to_fields_data_clump-./Dimensions-_59Mb4z8BEemVJ-LgVHoDQQ-_59NCoT8BEemVJ-LgVHoDQQ-lengthwidthheight": {
      "type": "data_clump",
      "key": "parameters_to_fields_data_clump-./Dimensions-_59Mb4z8BEemVJ-LgVHoDQQ-_59NCoT8BEemVJ-LgVHoDQQ-lengthwidthheight",
      "probability": 1,
      "from_file_path": "./Dimensions",
      "from_class_or_interface_name": "Dimensions",
      "from_class_or_interface_key": "_59Mb2D8BEemVJ-LgVHoDQQ",
      "from_method_name": "Dimensions",
      "from_method_key": "_59Mb4z8BEemVJ-LgVHoDQQ",
      "to_file_path": "./EditItemActivity",
      "to_class_or_interface_name": "EditItemActivity",
      "to_class_or_interface_key": "_59NCoT8BEemVJ-LgVHoDQQ",
      "to_method_name": null,
      "to_method_key": null,
      "data_clump_type": "parameters_to_fields_data_clump",
      "data_clump_data": {
        "_59Mb5D8BEemVJ-LgVHoDQQ": {
          "key": "_59Mb5D8BEemVJ-LgVHoDQQ",
          "name": "length",
          "type": null,
          "probability": 1,
          "modifiers": [],
          "to_variable": {
            "key": "_59NCuT8BEemVJ-LgVHoDQQ",
            "name": "length",
            "type": null,
            "modifiers": [
              "private"
            ],
            "position": {}
          },
          "position": {}
        },
        "_59Mb5z8BEemVJ-LgVHoDQQ": {
          "key": "_59Mb5z8BEemVJ-LgVHoDQQ",
          "name": "width",
          "type": null,
          "probability": 1,
          "modifiers": [],
          "to_variable": {
            "key": "_59NCvD8BEemVJ-LgVHoDQQ",
            "name": "width",
            "type": null,
            "modifiers": [
              "private"
            ],
            "position": {}
          },
          "position": {}
        },
        "_59Mb6j8BEemVJ-LgVHoDQQ": {
          "key": "_59Mb6j8BEemVJ-LgVHoDQQ",
          "name": "height",
          "type": null,
          "probability": 1,
          "modifiers": [],
          "to_variable": {
            "key": "_59NCvz8BEemVJ-LgVHoDQQ",
            "name": "height",
            "type": null,
            "modifiers": [
              "private"
            ],
            "position": {}
          },
          "position": {}
        }
      }
    },
    "parameters_to_parameters_data_clump-./Dimensions-_59NClj8BEemVJ-LgVHoDQQ-_59Mb4z8BEemVJ-LgVHoDQQ-lengthwidthheight": {
      "type": "data_clump",
      "key": "parameters_to_parameters_data_clump-./Dimensions-_59NClj8BEemVJ-LgVHoDQQ-_59Mb4z8BEemVJ-LgVHoDQQ-lengthwidthheight",
      "probability": 1,
      "from_file_path": "./Dimensions",
      "from_class_or_interface_name": "Dimensions",
      "from_class_or_interface_key": "_59Mb2D8BEemVJ-LgVHoDQQ",
      "from_method_name": "setDimensions",
      "from_method_key": "_59NClj8BEemVJ-LgVHoDQQ",
      "to_file_path": "./Dimensions",
      "to_class_or_interface_name": "Dimensions",
      "to_class_or_interface_key": "_59Mb2D8BEemVJ-LgVHoDQQ",
      "to_method_name": "Dimensions",
      "to_method_key": "_59Mb4z8BEemVJ-LgVHoDQQ",
      "data_clump_type": "parameters_to_parameters_data_clump",
      "data_clump_data": {
        "_59NCmD8BEemVJ-LgVHoDQQ": {
          "key": "_59NCmD8BEemVJ-LgVHoDQQ",
          "name": "length",
          "type": null,
          "probability": 1,
          "modifiers": [],
          "to_variable": {
            "key": "_59Mb5D8BEemVJ-LgVHoDQQ",
            "name": "length",
            "type": null,
            "modifiers": [],
            "position": {}
          },
          "position": {}
        },
        "_59NCmz8BEemVJ-LgVHoDQQ": {
          "key": "_59NCmz8BEemVJ-LgVHoDQQ",
          "name": "width",
          "type": null,
          "probability": 1,
          "modifiers": [],
          "to_variable": {
            "key": "_59Mb5z8BEemVJ-LgVHoDQQ",
            "name": "width",
            "type": null,
            "modifiers": [],
            "position": {}
          },
          "position": {}
        },
        "_59NCnj8BEemVJ-LgVHoDQQ": {
          "key": "_59NCnj8BEemVJ-LgVHoDQQ",
          "name": "height",
          "type": null,
          "probability": 1,
          "modifiers": [],
          "to_variable": {
            "key": "_59Mb6j8BEemVJ-LgVHoDQQ",
            "name": "height",
            "type": null,
            "modifiers": [],
            "position": {}
          },
          "position": {}
        }
      }
    },
    "parameters_to_fields_data_clump-./Dimensions-_59NClj8BEemVJ-LgVHoDQQ-_59L0gj8BEemVJ-LgVHoDQQ-lengthwidthheight": {
      "type": "data_clump",
      "key": "parameters_to_fields_data_clump-./Dimensions-_59NClj8BEemVJ-LgVHoDQQ-_59L0gj8BEemVJ-LgVHoDQQ-lengthwidthheight",
      "probability": 1,
      "from_file_path": "./Dimensions",
      "from_class_or_interface_name": "Dimensions",
      "from_class_or_interface_key": "_59Mb2D8BEemVJ-LgVHoDQQ",
      "from_method_name": "setDimensions",
      "from_method_key": "_59NClj8BEemVJ-LgVHoDQQ",
      "to_file_path": "./AddItemActivity",
      "to_class_or_interface_name": "AddItemActivity",
      "to_class_or_interface_key": "_59L0gj8BEemVJ-LgVHoDQQ",
      "to_method_name": null,
      "to_method_key": null,
      "data_clump_type": "parameters_to_fields_data_clump",
      "data_clump_data": {
        "_59NCmD8BEemVJ-LgVHoDQQ": {
          "key": "_59NCmD8BEemVJ-LgVHoDQQ",
          "name": "length",
          "type": null,
          "probability": 1,
          "modifiers": [],
          "to_variable": {
            "key": "_59L0jj8BEemVJ-LgVHoDQQ",
            "name": "length",
            "type": null,
            "modifiers": [
              "private"
            ],
            "position": {}
          },
          "position": {}
        },
        "_59NCmz8BEemVJ-LgVHoDQQ": {
          "key": "_59NCmz8BEemVJ-LgVHoDQQ",
          "name": "width",
          "type": null,
          "probability": 1,
          "modifiers": [],
          "to_variable": {
            "key": "_59L0kT8BEemVJ-LgVHoDQQ",
            "name": "width",
            "type": null,
            "modifiers": [
              "private"
            ],
            "position": {}
          },
          "position": {}
        },
        "_59NCnj8BEemVJ-LgVHoDQQ": {
          "key": "_59NCnj8BEemVJ-LgVHoDQQ",
          "name": "height",
          "type": null,
          "probability": 1,
          "modifiers": [],
          "to_variable": {
            "key": "_59L0lD8BEemVJ-LgVHoDQQ",
            "name": "height",
            "type": null,
            "modifiers": [
              "private"
            ],
            "position": {}
          },
          "position": {}
        }
      }
    },
    "parameters_to_fields_data_clump-./Dimensions-_59NClj8BEemVJ-LgVHoDQQ-_59Mb2D8BEemVJ-LgVHoDQQ-lengthwidthheight": {
      "type": "data_clump",
      "key": "parameters_to_fields_data_clump-./Dimensions-_59NClj8BEemVJ-LgVHoDQQ-_59Mb2D8BEemVJ-LgVHoDQQ-lengthwidthheight",
      "probability": 1,
      "from_file_path": "./Dimensions",
      "from_class_or_interface_name": "Dimensions",
      "from_class_or_interface_key": "_59Mb2D8BEemVJ-LgVHoDQQ",
      "from_method_name": "setDimensions",
      "from_method_key": "_59NClj8BEemVJ-LgVHoDQQ",
      "to_file_path": "./Dimensions",
      "to_class_or_interface_name": "Dimensions",
      "to_class_or_interface_key": "_59Mb2D8BEemVJ-LgVHoDQQ",
      "to_method_name": null,
      "to_method_key": null,
      "data_clump_type": "parameters_to_fields_data_clump",
      "data_clump_data": {
        "_59NCmD8BEemVJ-LgVHoDQQ": {
          "key": "_59NCmD8BEemVJ-LgVHoDQQ",
          "name": "length",
          "type": null,
          "probability": 1,
          "modifiers": [],
          "to_variable": {
            "key": "_59Mb2j8BEemVJ-LgVHoDQQ",
            "name": "length",
            "type": null,
            "modifiers": [
              "private"
            ],
            "position": {}
          },
          "position": {}
        },
        "_59NCmz8BEemVJ-LgVHoDQQ": {
          "key": "_59NCmz8BEemVJ-LgVHoDQQ",
          "name": "width",
          "type": null,
          "probability": 1,
          "modifiers": [],
          "to_variable": {
            "key": "_59Mb3T8BEemVJ-LgVHoDQQ",
            "name": "width",
            "type": null,
            "modifiers": [
              "private"
            ],
            "position": {}
          },
          "position": {}
        },
        "_59NCnj8BEemVJ-LgVHoDQQ": {
          "key": "_59NCnj8BEemVJ-LgVHoDQQ",
          "name": "height",
          "type": null,
          "probability": 1,
          "modifiers": [],
          "to_variable": {
            "key": "_59Mb4D8BEemVJ-LgVHoDQQ",
            "name": "height",
            "type": null,
            "modifiers": [
              "private"
            ],
            "position": {}
          },
          "position": {}
        }
      }
    },
    "parameters_to_fields_data_clump-./Dimensions-_59NClj8BEemVJ-LgVHoDQQ-_59NCoT8BEemVJ-LgVHoDQQ-lengthwidthheight": {
      "type": "data_clump",
      "key": "parameters_to_fields_data_clump-./Dimensions-_59NClj8BEemVJ-LgVHoDQQ-_59NCoT8BEemVJ-LgVHoDQQ-lengthwidthheight",
      "probability": 1,
      "from_file_path": "./Dimensions",
      "from_class_or_interface_name": "Dimensions",
      "from_class_or_interface_key": "_59Mb2D8BEemVJ-LgVHoDQQ",
      "from_method_name": "setDimensions",
      "from_method_key": "_59NClj8BEemVJ-LgVHoDQQ",
      "to_file_path": "./EditItemActivity",
      "to_class_or_interface_name": "EditItemActivity",
      "to_class_or_interface_key": "_59NCoT8BEemVJ-LgVHoDQQ",
      "to_method_name": null,
      "to_method_key": null,
      "data_clump_type": "parameters_to_fields_data_clump",
      "data_clump_data": {
        "_59NCmD8BEemVJ-LgVHoDQQ": {
          "key": "_59NCmD8BEemVJ-LgVHoDQQ",
          "name": "length",
          "type": null,
          "probability": 1,
          "modifiers": [],
          "to_variable": {
            "key": "_59NCuT8BEemVJ-LgVHoDQQ",
            "name": "length",
            "type": null,
            "modifiers": [
              "private"
            ],
            "position": {}
          },
          "position": {}
        },
        "_59NCmz8BEemVJ-LgVHoDQQ": {
          "key": "_59NCmz8BEemVJ-LgVHoDQQ",
          "name": "width",
          "type": null,
          "probability": 1,
          "modifiers": [],
          "to_variable": {
            "key": "_59NCvD8BEemVJ-LgVHoDQQ",
            "name": "width",
            "type": null,
            "modifiers": [
              "private"
            ],
            "position": {}
          },
          "position": {}
        },
        "_59NCnj8BEemVJ-LgVHoDQQ": {
          "key": "_59NCnj8BEemVJ-LgVHoDQQ",
          "name": "height",
          "type": null,
          "probability": 1,
          "modifiers": [],
          "to_variable": {
            "key": "_59NCvz8BEemVJ-LgVHoDQQ",
            "name": "height",
            "type": null,
            "modifiers": [
              "private"
            ],
            "position": {}
          },
          "position": {}
        }
      }
    },
    "parameters_to_parameters_data_clump-./EditItemActivity-_59NC2j8BEemVJ-LgVHoDQQ-_59MbkT8BEemVJ-LgVHoDQQ-request_coderesult_codeintent": {
      "type": "data_clump",
      "key": "parameters_to_parameters_data_clump-./EditItemActivity-_59NC2j8BEemVJ-LgVHoDQQ-_59MbkT8BEemVJ-LgVHoDQQ-request_coderesult_codeintent",
      "probability": 1,
      "from_file_path": "./EditItemActivity",
      "from_class_or_interface_name": "EditItemActivity",
      "from_class_or_interface_key": "_59NCoT8BEemVJ-LgVHoDQQ",
      "from_method_name": "onActivityResult",
      "from_method_key": "_59NC2j8BEemVJ-LgVHoDQQ",
      "to_file_path": "./AddItemActivity",
      "to_class_or_interface_name": "AddItemActivity",
      "to_class_or_interface_key": "_59L0gj8BEemVJ-LgVHoDQQ",
      "to_method_name": "onActivityResult",
      "to_method_key": "_59MbkT8BEemVJ-LgVHoDQQ",
      "data_clump_type": "parameters_to_parameters_data_clump",
      "data_clump_data": {
        "_59NC3D8BEemVJ-LgVHoDQQ": {
          "key": "_59NC3D8BEemVJ-LgVHoDQQ",
          "name": "request_code",
          "type": null,
          "probability": 1,
          "modifiers": [],
          "to_variable": {
            "key": "_59Mbkz8BEemVJ-LgVHoDQQ",
            "name": "request_code",
            "type": null,
            "modifiers": [],
            "position": {}
          },
          "position": {}
        },
        "_59NC3z8BEemVJ-LgVHoDQQ": {
          "key": "_59NC3z8BEemVJ-LgVHoDQQ",
          "name": "result_code",
          "type": null,
          "probability": 1,
          "modifiers": [],
          "to_variable": {
            "key": "_59Mblj8BEemVJ-LgVHoDQQ",
            "name": "result_code",
            "type": null,
            "modifiers": [],
            "position": {}
          },
          "position": {}
        },
        "_59NC4j8BEemVJ-LgVHoDQQ": {
          "key": "_59NC4j8BEemVJ-LgVHoDQQ",
          "name": "intent",
          "type": null,
          "probability": 1,
          "modifiers": [],
          "to_variable": {
            "key": "_59MbmT8BEemVJ-LgVHoDQQ",
            "name": "intent",
            "type": null,
            "modifiers": [],
            "position": {}
          },
          "position": {}
        }
      }
    },
    "parameters_to_fields_data_clump-./Item-_59NpqD8BEemVJ-LgVHoDQQ-_59L0gj8BEemVJ-LgVHoDQQ-titlemakerdescriptionimage": {
      "type": "data_clump",
      "key": "parameters_to_fields_data_clump-./Item-_59NpqD8BEemVJ-LgVHoDQQ-_59L0gj8BEemVJ-LgVHoDQQ-titlemakerdescriptionimage",
      "probability": 1,
      "from_file_path": "./Item",
      "from_class_or_interface_name": "Item",
      "from_class_or_interface_key": "_59NC9T8BEemVJ-LgVHoDQQ",
      "from_method_name": "Item",
      "from_method_key": "_59NpqD8BEemVJ-LgVHoDQQ",
      "to_file_path": "./AddItemActivity",
      "to_class_or_interface_name": "AddItemActivity",
      "to_class_or_interface_key": "_59L0gj8BEemVJ-LgVHoDQQ",
      "to_method_name": null,
      "to_method_key": null,
      "data_clump_type": "parameters_to_fields_data_clump",
      "data_clump_data": {
        "_59NpqT8BEemVJ-LgVHoDQQ": {
          "key": "_59NpqT8BEemVJ-LgVHoDQQ",
          "name": "title",
          "type": null,
          "probability": 1,
          "modifiers": [],
          "to_variable": {
            "key": "_59L0hT8BEemVJ-LgVHoDQQ",
            "name": "title",
            "type": null,
            "modifiers": [
              "private"
            ],
            "position": {}
          },
          "position": {}
        },
        "_59NprD8BEemVJ-LgVHoDQQ": {
          "key": "_59NprD8BEemVJ-LgVHoDQQ",
          "name": "maker",
          "type": null,
          "probability": 1,
          "modifiers": [],
          "to_variable": {
            "key": "_59L0iD8BEemVJ-LgVHoDQQ",
            "name": "maker",
            "type": null,
            "modifiers": [
              "private"
            ],
            "position": {}
          },
          "position": {}
        },
        "_59Nprz8BEemVJ-LgVHoDQQ": {
          "key": "_59Nprz8BEemVJ-LgVHoDQQ",
          "name": "description",
          "type": null,
          "probability": 1,
          "modifiers": [],
          "to_variable": {
            "key": "_59L0iz8BEemVJ-LgVHoDQQ",
            "name": "description",
            "type": null,
            "modifiers": [
              "private"
            ],
            "position": {}
          },
          "position": {}
        },
        "_59NptT8BEemVJ-LgVHoDQQ": {
          "key": "_59NptT8BEemVJ-LgVHoDQQ",
          "name": "image",
          "type": null,
          "probability": 1,
          "modifiers": [],
          "to_variable": {
            "key": "_59L0mj8BEemVJ-LgVHoDQQ",
            "name": "image",
            "type": null,
            "modifiers": [
              "private"
            ],
            "position": {}
          },
          "position": {}
        }
      }
    },
    "parameters_to_fields_data_clump-./Item-_59NpqD8BEemVJ-LgVHoDQQ-_59NCoT8BEemVJ-LgVHoDQQ-titlemakerdescriptionimage": {
      "type": "data_clump",
      "key": "parameters_to_fields_data_clump-./Item-_59NpqD8BEemVJ-LgVHoDQQ-_59NCoT8BEemVJ-LgVHoDQQ-titlemakerdescriptionimage",
      "probability": 1,
      "from_file_path": "./Item",
      "from_class_or_interface_name": "Item",
      "from_class_or_interface_key": "_59NC9T8BEemVJ-LgVHoDQQ",
      "from_method_name": "Item",
      "from_method_key": "_59NpqD8BEemVJ-LgVHoDQQ",
      "to_file_path": "./EditItemActivity",
      "to_class_or_interface_name": "EditItemActivity",
      "to_class_or_interface_key": "_59NCoT8BEemVJ-LgVHoDQQ",
      "to_method_name": null,
      "to_method_key": null,
      "data_clump_type": "parameters_to_fields_data_clump",
      "data_clump_data": {
        "_59NpqT8BEemVJ-LgVHoDQQ": {
          "key": "_59NpqT8BEemVJ-LgVHoDQQ",
          "name": "title",
          "type": null,
          "probability": 1,
          "modifiers": [],
          "to_variable": {
            "key": "_59NCsD8BEemVJ-LgVHoDQQ",
            "name": "title",
            "type": null,
            "modifiers": [
              "private"
            ],
            "position": {}
          },
          "position": {}
        },
        "_59NprD8BEemVJ-LgVHoDQQ": {
          "key": "_59NprD8BEemVJ-LgVHoDQQ",
          "name": "maker",
          "type": null,
          "probability": 1,
          "modifiers": [],
          "to_variable": {
            "key": "_59NCsz8BEemVJ-LgVHoDQQ",
            "name": "maker",
            "type": null,
            "modifiers": [
              "private"
            ],
            "position": {}
          },
          "position": {}
        },
        "_59Nprz8BEemVJ-LgVHoDQQ": {
          "key": "_59Nprz8BEemVJ-LgVHoDQQ",
          "name": "description",
          "type": null,
          "probability": 1,
          "modifiers": [],
          "to_variable": {
            "key": "_59NCtj8BEemVJ-LgVHoDQQ",
            "name": "description",
            "type": null,
            "modifiers": [
              "private"
            ],
            "position": {}
          },
          "position": {}
        },
        "_59NptT8BEemVJ-LgVHoDQQ": {
          "key": "_59NptT8BEemVJ-LgVHoDQQ",
          "name": "image",
          "type": null,
          "probability": 1,
          "modifiers": [],
          "to_variable": {
            "key": "_59NCpz8BEemVJ-LgVHoDQQ",
            "name": "image",
            "type": null,
            "modifiers": [
              "private"
            ],
            "position": {}
          },
          "position": {}
        }
      }
    },
    "parameters_to_fields_data_clump-./Item-_59NpqD8BEemVJ-LgVHoDQQ-_59NC9T8BEemVJ-LgVHoDQQ-titlemakerdescriptionimageid": {
      "type": "data_clump",
      "key": "parameters_to_fields_data_clump-./Item-_59NpqD8BEemVJ-LgVHoDQQ-_59NC9T8BEemVJ-LgVHoDQQ-titlemakerdescriptionimageid",
      "probability": 1,
      "from_file_path": "./Item",
      "from_class_or_interface_name": "Item",
      "from_class_or_interface_key": "_59NC9T8BEemVJ-LgVHoDQQ",
      "from_method_name": "Item",
      "from_method_key": "_59NpqD8BEemVJ-LgVHoDQQ",
      "to_file_path": "./Item",
      "to_class_or_interface_name": "Item",
      "to_class_or_interface_key": "_59NC9T8BEemVJ-LgVHoDQQ",
      "to_method_name": null,
      "to_method_key": null,
      "data_clump_type": "parameters_to_fields_data_clump",
      "data_clump_data": {
        "_59NpqT8BEemVJ-LgVHoDQQ": {
          "key": "_59NpqT8BEemVJ-LgVHoDQQ",
          "name": "title",
          "type": null,
          "probability": 1,
          "modifiers": [],
          "to_variable": {
            "key": "_59NC9z8BEemVJ-LgVHoDQQ",
            "name": "title",
            "type": null,
            "modifiers": [
              "private"
            ],
            "position": {}
          },
          "position": {}
        },
        "_59NprD8BEemVJ-LgVHoDQQ": {
          "key": "_59NprD8BEemVJ-LgVHoDQQ",
          "name": "maker",
          "type": null,
          "probability": 1,
          "modifiers": [],
          "to_variable": {
            "key": "_59NC-j8BEemVJ-LgVHoDQQ",
            "name": "maker",
            "type": null,
            "modifiers": [
              "private"
            ],
            "position": {}
          },
          "position": {}
        },
        "_59Nprz8BEemVJ-LgVHoDQQ": {
          "key": "_59Nprz8BEemVJ-LgVHoDQQ",
          "name": "description",
          "type": null,
          "probability": 1,
          "modifiers": [],
          "to_variable": {
            "key": "_59NC_T8BEemVJ-LgVHoDQQ",
            "name": "description",
            "type": null,
            "modifiers": [
              "private"
            ],
            "position": {}
          },
          "position": {}
        },
        "_59NptT8BEemVJ-LgVHoDQQ": {
          "key": "_59NptT8BEemVJ-LgVHoDQQ",
          "name": "image",
          "type": null,
          "probability": 1,
          "modifiers": [],
          "to_variable": {
            "key": "_59NDBj8BEemVJ-LgVHoDQQ",
            "name": "image",
            "type": null,
            "modifiers": [
              "protected"
            ],
            "position": {}
          },
          "position": {}
        },
        "_59NpuD8BEemVJ-LgVHoDQQ": {
          "key": "_59NpuD8BEemVJ-LgVHoDQQ",
          "name": "id",
          "type": null,
          "probability": 1,
          "modifiers": [],
          "to_variable": {
            "key": "_59NppT8BEemVJ-LgVHoDQQ",
            "name": "id",
            "type": null,
            "modifiers": [
              "private"
            ],
            "position": {}
          },
          "position": {}
        }
      }
    },
    "parameters_to_parameters_data_clump-./ItemsFragment-_59OREz8BEemVJ-LgVHoDQQ-_59Mbnz8BEemVJ-LgVHoDQQ-inflatercontainersavedInstanceState": {
      "type": "data_clump",
      "key": "parameters_to_parameters_data_clump-./ItemsFragment-_59OREz8BEemVJ-LgVHoDQQ-_59Mbnz8BEemVJ-LgVHoDQQ-inflatercontainersavedInstanceState",
      "probability": 1,
      "from_file_path": "./ItemsFragment",
      "from_class_or_interface_name": "ItemsFragment",
      "from_class_or_interface_key": "_59ORAT8BEemVJ-LgVHoDQQ",
      "from_method_name": "onCreateView",
      "from_method_key": "_59OREz8BEemVJ-LgVHoDQQ",
      "to_file_path": "./AllItemsFragment",
      "to_class_or_interface_name": "AllItemsFragment",
      "to_class_or_interface_key": "_59MbnD8BEemVJ-LgVHoDQQ",
      "to_method_name": "onCreateView",
      "to_method_key": "_59Mbnz8BEemVJ-LgVHoDQQ",
      "data_clump_type": "parameters_to_parameters_data_clump",
      "data_clump_data": {
        "_59ORFz8BEemVJ-LgVHoDQQ": {
          "key": "_59ORFz8BEemVJ-LgVHoDQQ",
          "name": "inflater",
          "type": null,
          "probability": 1,
          "modifiers": [],
          "to_variable": {
            "key": "_59Mboz8BEemVJ-LgVHoDQQ",
            "name": "inflater",
            "type": null,
            "modifiers": [],
            "position": {}
          },
          "position": {}
        },
        "_59ORGj8BEemVJ-LgVHoDQQ": {
          "key": "_59ORGj8BEemVJ-LgVHoDQQ",
          "name": "container",
          "type": null,
          "probability": 1,
          "modifiers": [],
          "to_variable": {
            "key": "_59Mbpj8BEemVJ-LgVHoDQQ",
            "name": "container",
            "type": null,
            "modifiers": [],
            "position": {}
          },
          "position": {}
        },
        "_59ORHT8BEemVJ-LgVHoDQQ": {
          "key": "_59ORHT8BEemVJ-LgVHoDQQ",
          "name": "savedInstanceState",
          "type": null,
          "probability": 1,
          "modifiers": [],
          "to_variable": {
            "key": "_59MbqT8BEemVJ-LgVHoDQQ",
            "name": "savedInstanceState",
            "type": null,
            "modifiers": [],
            "position": {}
          },
          "position": {}
        }
      }
    },
    "parameters_to_parameters_data_clump-./ItemsFragment-_59OREz8BEemVJ-LgVHoDQQ-_59Mbsz8BEemVJ-LgVHoDQQ-inflatercontainersavedInstanceState": {
      "type": "data_clump",
      "key": "parameters_to_parameters_data_clump-./ItemsFragment-_59OREz8BEemVJ-LgVHoDQQ-_59Mbsz8BEemVJ-LgVHoDQQ-inflatercontainersavedInstanceState",
      "probability": 1,
      "from_file_path": "./ItemsFragment",
      "from_class_or_interface_name": "ItemsFragment",
      "from_class_or_interface_key": "_59ORAT8BEemVJ-LgVHoDQQ",
      "from_method_name": "onCreateView",
      "from_method_key": "_59OREz8BEemVJ-LgVHoDQQ",
      "to_file_path": "./AvailableItemsFragment",
      "to_class_or_interface_name": "AvailableItemsFragment",
      "to_class_or_interface_key": "_59MbsD8BEemVJ-LgVHoDQQ",
      "to_method_name": "onCreateView",
      "to_method_key": "_59Mbsz8BEemVJ-LgVHoDQQ",
      "data_clump_type": "parameters_to_parameters_data_clump",
      "data_clump_data": {
        "_59ORFz8BEemVJ-LgVHoDQQ": {
          "key": "_59ORFz8BEemVJ-LgVHoDQQ",
          "name": "inflater",
          "type": null,
          "probability": 1,
          "modifiers": [],
          "to_variable": {
            "key": "_59Mbtz8BEemVJ-LgVHoDQQ",
            "name": "inflater",
            "type": null,
            "modifiers": [],
            "position": {}
          },
          "position": {}
        },
        "_59ORGj8BEemVJ-LgVHoDQQ": {
          "key": "_59ORGj8BEemVJ-LgVHoDQQ",
          "name": "container",
          "type": null,
          "probability": 1,
          "modifiers": [],
          "to_variable": {
            "key": "_59Mbuj8BEemVJ-LgVHoDQQ",
            "name": "container",
            "type": null,
            "modifiers": [],
            "position": {}
          },
          "position": {}
        },
        "_59ORHT8BEemVJ-LgVHoDQQ": {
          "key": "_59ORHT8BEemVJ-LgVHoDQQ",
          "name": "savedInstanceState",
          "type": null,
          "probability": 1,
          "modifiers": [],
          "to_variable": {
            "key": "_59MbvT8BEemVJ-LgVHoDQQ",
            "name": "savedInstanceState",
            "type": null,
            "modifiers": [],
            "position": {}
          },
          "position": {}
        }
      }
    },
    "parameters_to_parameters_data_clump-./ItemsFragment-_59OREz8BEemVJ-LgVHoDQQ-_59Mbxz8BEemVJ-LgVHoDQQ-inflatercontainersavedInstanceState": {
      "type": "data_clump",
      "key": "parameters_to_parameters_data_clump-./ItemsFragment-_59OREz8BEemVJ-LgVHoDQQ-_59Mbxz8BEemVJ-LgVHoDQQ-inflatercontainersavedInstanceState",
      "probability": 1,
      "from_file_path": "./ItemsFragment",
      "from_class_or_interface_name": "ItemsFragment",
      "from_class_or_interface_key": "_59ORAT8BEemVJ-LgVHoDQQ",
      "from_method_name": "onCreateView",
      "from_method_key": "_59OREz8BEemVJ-LgVHoDQQ",
      "to_file_path": "./BorrowedItemsFragment",
      "to_class_or_interface_name": "BorrowedItemsFragment",
      "to_class_or_interface_key": "_59MbxD8BEemVJ-LgVHoDQQ",
      "to_method_name": "onCreateView",
      "to_method_key": "_59Mbxz8BEemVJ-LgVHoDQQ",
      "data_clump_type": "parameters_to_parameters_data_clump",
      "data_clump_data": {
        "_59ORFz8BEemVJ-LgVHoDQQ": {
          "key": "_59ORFz8BEemVJ-LgVHoDQQ",
          "name": "inflater",
          "type": null,
          "probability": 1,
          "modifiers": [],
          "to_variable": {
            "key": "_59Mbyz8BEemVJ-LgVHoDQQ",
            "name": "inflater",
            "type": null,
            "modifiers": [],
            "position": {}
          },
          "position": {}
        },
        "_59ORGj8BEemVJ-LgVHoDQQ": {
          "key": "_59ORGj8BEemVJ-LgVHoDQQ",
          "name": "container",
          "type": null,
          "probability": 1,
          "modifiers": [],
          "to_variable": {
            "key": "_59Mbzj8BEemVJ-LgVHoDQQ",
            "name": "container",
            "type": null,
            "modifiers": [],
            "position": {}
          },
          "position": {}
        },
        "_59ORHT8BEemVJ-LgVHoDQQ": {
          "key": "_59ORHT8BEemVJ-LgVHoDQQ",
          "name": "savedInstanceState",
          "type": null,
          "probability": 1,
          "modifiers": [],
          "to_variable": {
            "key": "_59Mb0T8BEemVJ-LgVHoDQQ",
            "name": "savedInstanceState",
            "type": null,
            "modifiers": [],
            "position": {}
          },
          "position": {}
        }
      }
    },
    "fields_to_fields_data_clump-./AddItemActivity-_59L0gj8BEemVJ-LgVHoDQQ-_59Mb2D8BEemVJ-LgVHoDQQ-lengthwidthheight": {
      "type": "data_clump",
      "key": "fields_to_fields_data_clump-./AddItemActivity-_59L0gj8BEemVJ-LgVHoDQQ-_59Mb2D8BEemVJ-LgVHoDQQ-lengthwidthheight",
      "probability": 1,
      "from_file_path": "./AddItemActivity",
      "from_class_or_interface_name": "AddItemActivity",
      "from_class_or_interface_key": "_59L0gj8BEemVJ-LgVHoDQQ",
      "from_method_name": null,
      "from_method_key": null,
      "to_file_path": "./Dimensions",
      "to_class_or_interface_key": "_59Mb2D8BEemVJ-LgVHoDQQ",
      "to_class_or_interface_name": "AddItemActivity",
      "to_method_key": null,
      "to_method_name": null,
      "data_clump_type": "fields_to_fields_data_clump",
      "data_clump_data": {
        "_59L0jj8BEemVJ-LgVHoDQQ": {
          "key": "_59L0jj8BEemVJ-LgVHoDQQ",
          "name": "length",
          "type": null,
          "probability": 1,
          "modifiers": [
            "private"
          ],
          "to_variable": {
            "key": "_59Mb2j8BEemVJ-LgVHoDQQ",
            "name": "length",
            "type": null,
            "modifiers": [
              "private"
            ],
            "position": {}
          },
          "position": {}
        },
        "_59L0kT8BEemVJ-LgVHoDQQ": {
          "key": "_59L0kT8BEemVJ-LgVHoDQQ",
          "name": "width",
          "type": null,
          "probability": 1,
          "modifiers": [
            "private"
          ],
          "to_variable": {
            "key": "_59Mb3T8BEemVJ-LgVHoDQQ",
            "name": "width",
            "type": null,
            "modifiers": [
              "private"
            ],
            "position": {}
          },
          "position": {}
        },
        "_59L0lD8BEemVJ-LgVHoDQQ": {
          "key": "_59L0lD8BEemVJ-LgVHoDQQ",
          "name": "height",
          "type": null,
          "probability": 1,
          "modifiers": [
            "private"
          ],
          "to_variable": {
            "key": "_59Mb4D8BEemVJ-LgVHoDQQ",
            "name": "height",
            "type": null,
            "modifiers": [
              "private"
            ],
            "position": {}
          },
          "position": {}
        }
      }
    },
    "fields_to_fields_data_clump-./AddItemActivity-_59L0gj8BEemVJ-LgVHoDQQ-_59NCoT8BEemVJ-LgVHoDQQ-titlemakerdescriptionlengthwidthheightphotoimageREQUEST_CODEcontext": {
      "type": "data_clump",
      "key": "fields_to_fields_data_clump-./AddItemActivity-_59L0gj8BEemVJ-LgVHoDQQ-_59NCoT8BEemVJ-LgVHoDQQ-titlemakerdescriptionlengthwidthheightphotoimageREQUEST_CODEcontext",
      "probability": 1,
      "from_file_path": "./AddItemActivity",
      "from_class_or_interface_name": "AddItemActivity",
      "from_class_or_interface_key": "_59L0gj8BEemVJ-LgVHoDQQ",
      "from_method_name": null,
      "from_method_key": null,
      "to_file_path": "./EditItemActivity",
      "to_class_or_interface_key": "_59NCoT8BEemVJ-LgVHoDQQ",
      "to_class_or_interface_name": "AddItemActivity",
      "to_method_key": null,
      "to_method_name": null,
      "data_clump_type": "fields_to_fields_data_clump",
      "data_clump_data": {
        "_59L0hT8BEemVJ-LgVHoDQQ": {
          "key": "_59L0hT8BEemVJ-LgVHoDQQ",
          "name": "title",
          "type": null,
          "probability": 1,
          "modifiers": [
            "private"
          ],
          "to_variable": {
            "key": "_59NCsD8BEemVJ-LgVHoDQQ",
            "name": "title",
            "type": null,
            "modifiers": [
              "private"
            ],
            "position": {}
          },
          "position": {}
        },
        "_59L0iD8BEemVJ-LgVHoDQQ": {
          "key": "_59L0iD8BEemVJ-LgVHoDQQ",
          "name": "maker",
          "type": null,
          "probability": 1,
          "modifiers": [
            "private"
          ],
          "to_variable": {
            "key": "_59NCsz8BEemVJ-LgVHoDQQ",
            "name": "maker",
            "type": null,
            "modifiers": [
              "private"
            ],
            "position": {}
          },
          "position": {}
        },
        "_59L0iz8BEemVJ-LgVHoDQQ": {
          "key": "_59L0iz8BEemVJ-LgVHoDQQ",
          "name": "description",
          "type": null,
          "probability": 1,
          "modifiers": [
            "private"
          ],
          "to_variable": {
            "key": "_59NCtj8BEemVJ-LgVHoDQQ",
            "name": "description",
            "type": null,
            "modifiers": [
              "private"
            ],
            "position": {}
          },
          "position": {}
        },
        "_59L0jj8BEemVJ-LgVHoDQQ": {
          "key": "_59L0jj8BEemVJ-LgVHoDQQ",
          "name": "length",
          "type": null,
          "probability": 1,
          "modifiers": [
            "private"
          ],
          "to_variable": {
            "key": "_59NCuT8BEemVJ-LgVHoDQQ",
            "name": "length",
            "type": null,
            "modifiers": [
              "private"
            ],
            "position": {}
          },
          "position": {}
        },
        "_59L0kT8BEemVJ-LgVHoDQQ": {
          "key": "_59L0kT8BEemVJ-LgVHoDQQ",
          "name": "width",
          "type": null,
          "probability": 1,
          "modifiers": [
            "private"
          ],
          "to_variable": {
            "key": "_59NCvD8BEemVJ-LgVHoDQQ",
            "name": "width",
            "type": null,
            "modifiers": [
              "private"
            ],
            "position": {}
          },
          "position": {}
        },
        "_59L0lD8BEemVJ-LgVHoDQQ": {
          "key": "_59L0lD8BEemVJ-LgVHoDQQ",
          "name": "height",
          "type": null,
          "probability": 1,
          "modifiers": [
            "private"
          ],
          "to_variable": {
            "key": "_59NCvz8BEemVJ-LgVHoDQQ",
            "name": "height",
            "type": null,
            "modifiers": [
              "private"
            ],
            "position": {}
          },
          "position": {}
        },
        "_59L0lz8BEemVJ-LgVHoDQQ": {
          "key": "_59L0lz8BEemVJ-LgVHoDQQ",
          "name": "photo",
          "type": null,
          "probability": 1,
          "modifiers": [
            "private"
          ],
          "to_variable": {
            "key": "_59NCrT8BEemVJ-LgVHoDQQ",
            "name": "photo",
            "type": null,
            "modifiers": [
              "private"
            ],
            "position": {}
          },
          "position": {}
        },
        "_59L0mj8BEemVJ-LgVHoDQQ": {
          "key": "_59L0mj8BEemVJ-LgVHoDQQ",
          "name": "image",
          "type": null,
          "probability": 1,
          "modifiers": [
            "private"
          ],
          "to_variable": {
            "key": "_59NCpz8BEemVJ-LgVHoDQQ",
            "name": "image",
            "type": null,
            "modifiers": [
              "private"
            ],
            "position": {}
          },
          "position": {}
        },
        "_59L0nT8BEemVJ-LgVHoDQQ": {
          "key": "_59L0nT8BEemVJ-LgVHoDQQ",
          "name": "REQUEST_CODE",
          "type": null,
          "probability": 1,
          "modifiers": [
            "private"
          ],
          "to_variable": {
            "key": "_59NCqj8BEemVJ-LgVHoDQQ",
            "name": "REQUEST_CODE",
            "type": null,
            "modifiers": [
              "private"
            ],
            "position": {}
          },
          "position": {}
        },
        "_59L0oD8BEemVJ-LgVHoDQQ": {
          "key": "_59L0oD8BEemVJ-LgVHoDQQ",
          "name": "context",
          "type": null,
          "probability": 1,
          "modifiers": [
            "private"
          ],
          "to_variable": {
            "key": "_59NCpD8BEemVJ-LgVHoDQQ",
            "name": "context",
            "type": null,
            "modifiers": [
              "private"
            ],
            "position": {}
          },
          "position": {}
        }
      }
    },
    "fields_to_fields_data_clump-./AddItemActivity-_59L0gj8BEemVJ-LgVHoDQQ-_59NC9T8BEemVJ-LgVHoDQQ-titlemakerdescription": {
      "type": "data_clump",
      "key": "fields_to_fields_data_clump-./AddItemActivity-_59L0gj8BEemVJ-LgVHoDQQ-_59NC9T8BEemVJ-LgVHoDQQ-titlemakerdescription",
      "probability": 1,
      "from_file_path": "./AddItemActivity",
      "from_class_or_interface_name": "AddItemActivity",
      "from_class_or_interface_key": "_59L0gj8BEemVJ-LgVHoDQQ",
      "from_method_name": null,
      "from_method_key": null,
      "to_file_path": "./Item",
      "to_class_or_interface_key": "_59NC9T8BEemVJ-LgVHoDQQ",
      "to_class_or_interface_name": "AddItemActivity",
      "to_method_key": null,
      "to_method_name": null,
      "data_clump_type": "fields_to_fields_data_clump",
      "data_clump_data": {
        "_59L0hT8BEemVJ-LgVHoDQQ": {
          "key": "_59L0hT8BEemVJ-LgVHoDQQ",
          "name": "title",
          "type": null,
          "probability": 1,
          "modifiers": [
            "private"
          ],
          "to_variable": {
            "key": "_59NC9z8BEemVJ-LgVHoDQQ",
            "name": "title",
            "type": null,
            "modifiers": [
              "private"
            ],
            "position": {}
          },
          "position": {}
        },
        "_59L0iD8BEemVJ-LgVHoDQQ": {
          "key": "_59L0iD8BEemVJ-LgVHoDQQ",
          "name": "maker",
          "type": null,
          "probability": 1,
          "modifiers": [
            "private"
          ],
          "to_variable": {
            "key": "_59NC-j8BEemVJ-LgVHoDQQ",
            "name": "maker",
            "type": null,
            "modifiers": [
              "private"
            ],
            "position": {}
          },
          "position": {}
        },
        "_59L0iz8BEemVJ-LgVHoDQQ": {
          "key": "_59L0iz8BEemVJ-LgVHoDQQ",
          "name": "description",
          "type": null,
          "probability": 1,
          "modifiers": [
            "private"
          ],
          "to_variable": {
            "key": "_59NC_T8BEemVJ-LgVHoDQQ",
            "name": "description",
            "type": null,
            "modifiers": [
              "private"
            ],
            "position": {}
          },
          "position": {}
        }
      }
    },
    "fields_to_fields_data_clump-./Dimensions-_59Mb2D8BEemVJ-LgVHoDQQ-_59L0gj8BEemVJ-LgVHoDQQ-lengthwidthheight": {
      "type": "data_clump",
      "key": "fields_to_fields_data_clump-./Dimensions-_59Mb2D8BEemVJ-LgVHoDQQ-_59L0gj8BEemVJ-LgVHoDQQ-lengthwidthheight",
      "probability": 1,
      "from_file_path": "./Dimensions",
      "from_class_or_interface_name": "Dimensions",
      "from_class_or_interface_key": "_59Mb2D8BEemVJ-LgVHoDQQ",
      "from_method_name": null,
      "from_method_key": null,
      "to_file_path": "./AddItemActivity",
      "to_class_or_interface_key": "_59L0gj8BEemVJ-LgVHoDQQ",
      "to_class_or_interface_name": "Dimensions",
      "to_method_key": null,
      "to_method_name": null,
      "data_clump_type": "fields_to_fields_data_clump",
      "data_clump_data": {
        "_59Mb2j8BEemVJ-LgVHoDQQ": {
          "key": "_59Mb2j8BEemVJ-LgVHoDQQ",
          "name": "length",
          "type": null,
          "probability": 1,
          "modifiers": [
            "private"
          ],
          "to_variable": {
            "key": "_59L0jj8BEemVJ-LgVHoDQQ",
            "name": "length",
            "type": null,
            "modifiers": [
              "private"
            ],
            "position": {}
          },
          "position": {}
        },
        "_59Mb3T8BEemVJ-LgVHoDQQ": {
          "key": "_59Mb3T8BEemVJ-LgVHoDQQ",
          "name": "width",
          "type": null,
          "probability": 1,
          "modifiers": [
            "private"
          ],
          "to_variable": {
            "key": "_59L0kT8BEemVJ-LgVHoDQQ",
            "name": "width",
            "type": null,
            "modifiers": [
              "private"
            ],
            "position": {}
          },
          "position": {}
        },
        "_59Mb4D8BEemVJ-LgVHoDQQ": {
          "key": "_59Mb4D8BEemVJ-LgVHoDQQ",
          "name": "height",
          "type": null,
          "probability": 1,
          "modifiers": [
            "private"
          ],
          "to_variable": {
            "key": "_59L0lD8BEemVJ-LgVHoDQQ",
            "name": "height",
            "type": null,
            "modifiers": [
              "private"
            ],
            "position": {}
          },
          "position": {}
        }
      }
    },
    "fields_to_fields_data_clump-./Dimensions-_59Mb2D8BEemVJ-LgVHoDQQ-_59NCoT8BEemVJ-LgVHoDQQ-lengthwidthheight": {
      "type": "data_clump",
      "key": "fields_to_fields_data_clump-./Dimensions-_59Mb2D8BEemVJ-LgVHoDQQ-_59NCoT8BEemVJ-LgVHoDQQ-lengthwidthheight",
      "probability": 1,
      "from_file_path": "./Dimensions",
      "from_class_or_interface_name": "Dimensions",
      "from_class_or_interface_key": "_59Mb2D8BEemVJ-LgVHoDQQ",
      "from_method_name": null,
      "from_method_key": null,
      "to_file_path": "./EditItemActivity",
      "to_class_or_interface_key": "_59NCoT8BEemVJ-LgVHoDQQ",
      "to_class_or_interface_name": "Dimensions",
      "to_method_key": null,
      "to_method_name": null,
      "data_clump_type": "fields_to_fields_data_clump",
      "data_clump_data": {
        "_59Mb2j8BEemVJ-LgVHoDQQ": {
          "key": "_59Mb2j8BEemVJ-LgVHoDQQ",
          "name": "length",
          "type": null,
          "probability": 1,
          "modifiers": [
            "private"
          ],
          "to_variable": {
            "key": "_59NCuT8BEemVJ-LgVHoDQQ",
            "name": "length",
            "type": null,
            "modifiers": [
              "private"
            ],
            "position": {}
          },
          "position": {}
        },
        "_59Mb3T8BEemVJ-LgVHoDQQ": {
          "key": "_59Mb3T8BEemVJ-LgVHoDQQ",
          "name": "width",
          "type": null,
          "probability": 1,
          "modifiers": [
            "private"
          ],
          "to_variable": {
            "key": "_59NCvD8BEemVJ-LgVHoDQQ",
            "name": "width",
            "type": null,
            "modifiers": [
              "private"
            ],
            "position": {}
          },
          "position": {}
        },
        "_59Mb4D8BEemVJ-LgVHoDQQ": {
          "key": "_59Mb4D8BEemVJ-LgVHoDQQ",
          "name": "height",
          "type": null,
          "probability": 1,
          "modifiers": [
            "private"
          ],
          "to_variable": {
            "key": "_59NCvz8BEemVJ-LgVHoDQQ",
            "name": "height",
            "type": null,
            "modifiers": [
              "private"
            ],
            "position": {}
          },
          "position": {}
        }
      }
    },
    "fields_to_fields_data_clump-./EditItemActivity-_59NCoT8BEemVJ-LgVHoDQQ-_59L0gj8BEemVJ-LgVHoDQQ-contextimageREQUEST_CODEphototitlemakerdescriptionlengthwidthheight": {
      "type": "data_clump",
      "key": "fields_to_fields_data_clump-./EditItemActivity-_59NCoT8BEemVJ-LgVHoDQQ-_59L0gj8BEemVJ-LgVHoDQQ-contextimageREQUEST_CODEphototitlemakerdescriptionlengthwidthheight",
      "probability": 1,
      "from_file_path": "./EditItemActivity",
      "from_class_or_interface_name": "EditItemActivity",
      "from_class_or_interface_key": "_59NCoT8BEemVJ-LgVHoDQQ",
      "from_method_name": null,
      "from_method_key": null,
      "to_file_path": "./AddItemActivity",
      "to_class_or_interface_key": "_59L0gj8BEemVJ-LgVHoDQQ",
      "to_class_or_interface_name": "EditItemActivity",
      "to_method_key": null,
      "to_method_name": null,
      "data_clump_type": "fields_to_fields_data_clump",
      "data_clump_data": {
        "_59NCpD8BEemVJ-LgVHoDQQ": {
          "key": "_59NCpD8BEemVJ-LgVHoDQQ",
          "name": "context",
          "type": null,
          "probability": 1,
          "modifiers": [
            "private"
          ],
          "to_variable": {
            "key": "_59L0oD8BEemVJ-LgVHoDQQ",
            "name": "context",
            "type": null,
            "modifiers": [
              "private"
            ],
            "position": {}
          },
          "position": {}
        },
        "_59NCpz8BEemVJ-LgVHoDQQ": {
          "key": "_59NCpz8BEemVJ-LgVHoDQQ",
          "name": "image",
          "type": null,
          "probability": 1,
          "modifiers": [
            "private"
          ],
          "to_variable": {
            "key": "_59L0mj8BEemVJ-LgVHoDQQ",
            "name": "image",
            "type": null,
            "modifiers": [
              "private"
            ],
            "position": {}
          },
          "position": {}
        },
        "_59NCqj8BEemVJ-LgVHoDQQ": {
          "key": "_59NCqj8BEemVJ-LgVHoDQQ",
          "name": "REQUEST_CODE",
          "type": null,
          "probability": 1,
          "modifiers": [
            "private"
          ],
          "to_variable": {
            "key": "_59L0nT8BEemVJ-LgVHoDQQ",
            "name": "REQUEST_CODE",
            "type": null,
            "modifiers": [
              "private"
            ],
            "position": {}
          },
          "position": {}
        },
        "_59NCrT8BEemVJ-LgVHoDQQ": {
          "key": "_59NCrT8BEemVJ-LgVHoDQQ",
          "name": "photo",
          "type": null,
          "probability": 1,
          "modifiers": [
            "private"
          ],
          "to_variable": {
            "key": "_59L0lz8BEemVJ-LgVHoDQQ",
            "name": "photo",
            "type": null,
            "modifiers": [
              "private"
            ],
            "position": {}
          },
          "position": {}
        },
        "_59NCsD8BEemVJ-LgVHoDQQ": {
          "key": "_59NCsD8BEemVJ-LgVHoDQQ",
          "name": "title",
          "type": null,
          "probability": 1,
          "modifiers": [
            "private"
          ],
          "to_variable": {
            "key": "_59L0hT8BEemVJ-LgVHoDQQ",
            "name": "title",
            "type": null,
            "modifiers": [
              "private"
            ],
            "position": {}
          },
          "position": {}
        },
        "_59NCsz8BEemVJ-LgVHoDQQ": {
          "key": "_59NCsz8BEemVJ-LgVHoDQQ",
          "name": "maker",
          "type": null,
          "probability": 1,
          "modifiers": [
            "private"
          ],
          "to_variable": {
            "key": "_59L0iD8BEemVJ-LgVHoDQQ",
            "name": "maker",
            "type": null,
            "modifiers": [
              "private"
            ],
            "position": {}
          },
          "position": {}
        },
        "_59NCtj8BEemVJ-LgVHoDQQ": {
          "key": "_59NCtj8BEemVJ-LgVHoDQQ",
          "name": "description",
          "type": null,
          "probability": 1,
          "modifiers": [
            "private"
          ],
          "to_variable": {
            "key": "_59L0iz8BEemVJ-LgVHoDQQ",
            "name": "description",
            "type": null,
            "modifiers": [
              "private"
            ],
            "position": {}
          },
          "position": {}
        },
        "_59NCuT8BEemVJ-LgVHoDQQ": {
          "key": "_59NCuT8BEemVJ-LgVHoDQQ",
          "name": "length",
          "type": null,
          "probability": 1,
          "modifiers": [
            "private"
          ],
          "to_variable": {
            "key": "_59L0jj8BEemVJ-LgVHoDQQ",
            "name": "length",
            "type": null,
            "modifiers": [
              "private"
            ],
            "position": {}
          },
          "position": {}
        },
        "_59NCvD8BEemVJ-LgVHoDQQ": {
          "key": "_59NCvD8BEemVJ-LgVHoDQQ",
          "name": "width",
          "type": null,
          "probability": 1,
          "modifiers": [
            "private"
          ],
          "to_variable": {
            "key": "_59L0kT8BEemVJ-LgVHoDQQ",
            "name": "width",
            "type": null,
            "modifiers": [
              "private"
            ],
            "position": {}
          },
          "position": {}
        },
        "_59NCvz8BEemVJ-LgVHoDQQ": {
          "key": "_59NCvz8BEemVJ-LgVHoDQQ",
          "name": "height",
          "type": null,
          "probability": 1,
          "modifiers": [
            "private"
          ],
          "to_variable": {
            "key": "_59L0lD8BEemVJ-LgVHoDQQ",
            "name": "height",
            "type": null,
            "modifiers": [
              "private"
            ],
            "position": {}
          },
          "position": {}
        }
      }
    },
    "fields_to_fields_data_clump-./EditItemActivity-_59NCoT8BEemVJ-LgVHoDQQ-_59Mb2D8BEemVJ-LgVHoDQQ-lengthwidthheight": {
      "type": "data_clump",
      "key": "fields_to_fields_data_clump-./EditItemActivity-_59NCoT8BEemVJ-LgVHoDQQ-_59Mb2D8BEemVJ-LgVHoDQQ-lengthwidthheight",
      "probability": 1,
      "from_file_path": "./EditItemActivity",
      "from_class_or_interface_name": "EditItemActivity",
      "from_class_or_interface_key": "_59NCoT8BEemVJ-LgVHoDQQ",
      "from_method_name": null,
      "from_method_key": null,
      "to_file_path": "./Dimensions",
      "to_class_or_interface_key": "_59Mb2D8BEemVJ-LgVHoDQQ",
      "to_class_or_interface_name": "EditItemActivity",
      "to_method_key": null,
      "to_method_name": null,
      "data_clump_type": "fields_to_fields_data_clump",
      "data_clump_data": {
        "_59NCuT8BEemVJ-LgVHoDQQ": {
          "key": "_59NCuT8BEemVJ-LgVHoDQQ",
          "name": "length",
          "type": null,
          "probability": 1,
          "modifiers": [
            "private"
          ],
          "to_variable": {
            "key": "_59Mb2j8BEemVJ-LgVHoDQQ",
            "name": "length",
            "type": null,
            "modifiers": [
              "private"
            ],
            "position": {}
          },
          "position": {}
        },
        "_59NCvD8BEemVJ-LgVHoDQQ": {
          "key": "_59NCvD8BEemVJ-LgVHoDQQ",
          "name": "width",
          "type": null,
          "probability": 1,
          "modifiers": [
            "private"
          ],
          "to_variable": {
            "key": "_59Mb3T8BEemVJ-LgVHoDQQ",
            "name": "width",
            "type": null,
            "modifiers": [
              "private"
            ],
            "position": {}
          },
          "position": {}
        },
        "_59NCvz8BEemVJ-LgVHoDQQ": {
          "key": "_59NCvz8BEemVJ-LgVHoDQQ",
          "name": "height",
          "type": null,
          "probability": 1,
          "modifiers": [
            "private"
          ],
          "to_variable": {
            "key": "_59Mb4D8BEemVJ-LgVHoDQQ",
            "name": "height",
            "type": null,
            "modifiers": [
              "private"
            ],
            "position": {}
          },
          "position": {}
        }
      }
    },
    "fields_to_fields_data_clump-./EditItemActivity-_59NCoT8BEemVJ-LgVHoDQQ-_59NC9T8BEemVJ-LgVHoDQQ-titlemakerdescriptionborrowerstatus": {
      "type": "data_clump",
      "key": "fields_to_fields_data_clump-./EditItemActivity-_59NCoT8BEemVJ-LgVHoDQQ-_59NC9T8BEemVJ-LgVHoDQQ-titlemakerdescriptionborrowerstatus",
      "probability": 1,
      "from_file_path": "./EditItemActivity",
      "from_class_or_interface_name": "EditItemActivity",
      "from_class_or_interface_key": "_59NCoT8BEemVJ-LgVHoDQQ",
      "from_method_name": null,
      "from_method_key": null,
      "to_file_path": "./Item",
      "to_class_or_interface_key": "_59NC9T8BEemVJ-LgVHoDQQ",
      "to_class_or_interface_name": "EditItemActivity",
      "to_method_key": null,
      "to_method_name": null,
      "data_clump_type": "fields_to_fields_data_clump",
      "data_clump_data": {
        "_59NCsD8BEemVJ-LgVHoDQQ": {
          "key": "_59NCsD8BEemVJ-LgVHoDQQ",
          "name": "title",
          "type": null,
          "probability": 1,
          "modifiers": [
            "private"
          ],
          "to_variable": {
            "key": "_59NC9z8BEemVJ-LgVHoDQQ",
            "name": "title",
            "type": null,
            "modifiers": [
              "private"
            ],
            "position": {}
          },
          "position": {}
        },
        "_59NCsz8BEemVJ-LgVHoDQQ": {
          "key": "_59NCsz8BEemVJ-LgVHoDQQ",
          "name": "maker",
          "type": null,
          "probability": 1,
          "modifiers": [
            "private"
          ],
          "to_variable": {
            "key": "_59NC-j8BEemVJ-LgVHoDQQ",
            "name": "maker",
            "type": null,
            "modifiers": [
              "private"
            ],
            "position": {}
          },
          "position": {}
        },
        "_59NCtj8BEemVJ-LgVHoDQQ": {
          "key": "_59NCtj8BEemVJ-LgVHoDQQ",
          "name": "description",
          "type": null,
          "probability": 1,
          "modifiers": [
            "private"
          ],
          "to_variable": {
            "key": "_59NC_T8BEemVJ-LgVHoDQQ",
            "name": "description",
            "type": null,
            "modifiers": [
              "private"
            ],
            "position": {}
          },
          "position": {}
        },
        "_59NCwj8BEemVJ-LgVHoDQQ": {
          "key": "_59NCwj8BEemVJ-LgVHoDQQ",
          "name": "borrower",
          "type": null,
          "probability": 1,
          "modifiers": [
            "private"
          ],
          "to_variable": {
            "key": "_59NDAz8BEemVJ-LgVHoDQQ",
            "name": "borrower",
            "type": null,
            "modifiers": [
              "private"
            ],
            "position": {}
          },
          "position": {}
        },
        "_59NCyD8BEemVJ-LgVHoDQQ": {
          "key": "_59NCyD8BEemVJ-LgVHoDQQ",
          "name": "status",
          "type": null,
          "probability": 1,
          "modifiers": [
            "private"
          ],
          "to_variable": {
            "key": "_59NDAD8BEemVJ-LgVHoDQQ",
            "name": "status",
            "type": null,
            "modifiers": [
              "private"
            ],
            "position": {}
          },
          "position": {}
        }
      }
    },
    "fields_to_fields_data_clump-./Item-_59NC9T8BEemVJ-LgVHoDQQ-_59L0gj8BEemVJ-LgVHoDQQ-titlemakerdescription": {
      "type": "data_clump",
      "key": "fields_to_fields_data_clump-./Item-_59NC9T8BEemVJ-LgVHoDQQ-_59L0gj8BEemVJ-LgVHoDQQ-titlemakerdescription",
      "probability": 1,
      "from_file_path": "./Item",
      "from_class_or_interface_name": "Item",
      "from_class_or_interface_key": "_59NC9T8BEemVJ-LgVHoDQQ",
      "from_method_name": null,
      "from_method_key": null,
      "to_file_path": "./AddItemActivity",
      "to_class_or_interface_key": "_59L0gj8BEemVJ-LgVHoDQQ",
      "to_class_or_interface_name": "Item",
      "to_method_key": null,
      "to_method_name": null,
      "data_clump_type": "fields_to_fields_data_clump",
      "data_clump_data": {
        "_59NC9z8BEemVJ-LgVHoDQQ": {
          "key": "_59NC9z8BEemVJ-LgVHoDQQ",
          "name": "title",
          "type": null,
          "probability": 1,
          "modifiers": [
            "private"
          ],
          "to_variable": {
            "key": "_59L0hT8BEemVJ-LgVHoDQQ",
            "name": "title",
            "type": null,
            "modifiers": [
              "private"
            ],
            "position": {}
          },
          "position": {}
        },
        "_59NC-j8BEemVJ-LgVHoDQQ": {
          "key": "_59NC-j8BEemVJ-LgVHoDQQ",
          "name": "maker",
          "type": null,
          "probability": 1,
          "modifiers": [
            "private"
          ],
          "to_variable": {
            "key": "_59L0iD8BEemVJ-LgVHoDQQ",
            "name": "maker",
            "type": null,
            "modifiers": [
              "private"
            ],
            "position": {}
          },
          "position": {}
        },
        "_59NC_T8BEemVJ-LgVHoDQQ": {
          "key": "_59NC_T8BEemVJ-LgVHoDQQ",
          "name": "description",
          "type": null,
          "probability": 1,
          "modifiers": [
            "private"
          ],
          "to_variable": {
            "key": "_59L0iz8BEemVJ-LgVHoDQQ",
            "name": "description",
            "type": null,
            "modifiers": [
              "private"
            ],
            "position": {}
          },
          "position": {}
        }
      }
    },
    "fields_to_fields_data_clump-./Item-_59NC9T8BEemVJ-LgVHoDQQ-_59NCoT8BEemVJ-LgVHoDQQ-titlemakerdescriptionstatusborrower": {
      "type": "data_clump",
      "key": "fields_to_fields_data_clump-./Item-_59NC9T8BEemVJ-LgVHoDQQ-_59NCoT8BEemVJ-LgVHoDQQ-titlemakerdescriptionstatusborrower",
      "probability": 1,
      "from_file_path": "./Item",
      "from_class_or_interface_name": "Item",
      "from_class_or_interface_key": "_59NC9T8BEemVJ-LgVHoDQQ",
      "from_method_name": null,
      "from_method_key": null,
      "to_file_path": "./EditItemActivity",
      "to_class_or_interface_key": "_59NCoT8BEemVJ-LgVHoDQQ",
      "to_class_or_interface_name": "Item",
      "to_method_key": null,
      "to_method_name": null,
      "data_clump_type": "fields_to_fields_data_clump",
      "data_clump_data": {
        "_59NC9z8BEemVJ-LgVHoDQQ": {
          "key": "_59NC9z8BEemVJ-LgVHoDQQ",
          "name": "title",
          "type": null,
          "probability": 1,
          "modifiers": [
            "private"
          ],
          "to_variable": {
            "key": "_59NCsD8BEemVJ-LgVHoDQQ",
            "name": "title",
            "type": null,
            "modifiers": [
              "private"
            ],
            "position": {}
          },
          "position": {}
        },
        "_59NC-j8BEemVJ-LgVHoDQQ": {
          "key": "_59NC-j8BEemVJ-LgVHoDQQ",
          "name": "maker",
          "type": null,
          "probability": 1,
          "modifiers": [
            "private"
          ],
          "to_variable": {
            "key": "_59NCsz8BEemVJ-LgVHoDQQ",
            "name": "maker",
            "type": null,
            "modifiers": [
              "private"
            ],
            "position": {}
          },
          "position": {}
        },
        "_59NC_T8BEemVJ-LgVHoDQQ": {
          "key": "_59NC_T8BEemVJ-LgVHoDQQ",
          "name": "description",
          "type": null,
          "probability": 1,
          "modifiers": [
            "private"
          ],
          "to_variable": {
            "key": "_59NCtj8BEemVJ-LgVHoDQQ",
            "name": "description",
            "type": null,
            "modifiers": [
              "private"
            ],
            "position": {}
          },
          "position": {}
        },
        "_59NDAD8BEemVJ-LgVHoDQQ": {
          "key": "_59NDAD8BEemVJ-LgVHoDQQ",
          "name": "status",
          "type": null,
          "probability": 1,
          "modifiers": [
            "private"
          ],
          "to_variable": {
            "key": "_59NCyD8BEemVJ-LgVHoDQQ",
            "name": "status",
            "type": null,
            "modifiers": [
              "private"
            ],
            "position": {}
          },
          "position": {}
        },
        "_59NDAz8BEemVJ-LgVHoDQQ": {
          "key": "_59NDAz8BEemVJ-LgVHoDQQ",
          "name": "borrower",
          "type": null,
          "probability": 1,
          "modifiers": [
            "private"
          ],
          "to_variable": {
            "key": "_59NCwj8BEemVJ-LgVHoDQQ",
            "name": "borrower",
            "type": null,
            "modifiers": [
              "private"
            ],
            "position": {}
          },
          "position": {}
        }
      }
    }
  }
}