{
  "report_version": "unknown",
  "report_timestamp": "2025-03-26T23:03:02.094Z",
  "target_language": "java",
  "report_summary": {
    "additional": null,
    "amount_classes_or_interfaces_with_data_clumps": 2,
    "amount_files_with_data_clumps": 2,
    "amount_methods_with_data_clumps": 0,
    "fields_to_fields_data_clump": 2,
    "parameters_to_fields_data_clump": 0,
    "parameters_to_parameters_data_clump": 0,
    "amount_data_clumps": 2
  },
  "project_info": {
    "project_url": "unknown_project_url",
    "project_name": "_C4NjQFgKEeyzq6ra3GZCdA",
    "project_version": "unknown_project_version",
    "project_commit_hash": "unknown",
    "project_tag": null,
    "project_commit_date": null,
    "additional": {},
    "number_of_files": 11,
    "number_of_classes_or_interfaces": 11,
    "number_of_methods": 58,
    "number_of_data_fields": 32,
    "number_of_method_parameters": 0
  },
  "detector": {
    "name": "data-clumps-doctor",
    "url": "https://github.com/NilsBaumgartner1994/data-clumps-doctor",
    "version": "0.1.100",
    "options": {
      "typeVariablesConsidered": false,
      "similarityModifierOfVariablesWithUnknownType": 0,
      "fieldsOfClassesWithUnknownHierarchyProbabilityModifier": 0,
      "sharedFieldsToFieldsAmountMinimum": 3,
      "analyseFieldsInClassesOrInterfacesInheritedFromSuperClassesOrInterfaces": false,
      "sharedParametersToParametersAmountMinimum": 3,
      "sharedParametersToFieldsAmountMinimum": 3,
      "methodsOfClassesOrInterfacesWithUnknownHierarchyProbabilityModifier": 0
    }
  },
  "data_clumps": {
    "fields_to_fields_data_clump-./Auth-_EJw-gDo5EDqXir0kBekDLg-_HsM_8Do4EDqXir0kBekDLg-nameusernamepassword": {
      "type": "data_clump",
      "key": "fields_to_fields_data_clump-./Auth-_EJw-gDo5EDqXir0kBekDLg-_HsM_8Do4EDqXir0kBekDLg-nameusernamepassword",
      "probability": 1,
      "from_file_path": "./Auth",
      "from_class_or_interface_name": "Auth",
      "from_class_or_interface_key": "_EJw-gDo5EDqXir0kBekDLg",
      "from_method_name": null,
      "from_method_key": null,
      "to_file_path": "./User",
      "to_class_or_interface_key": "_HsM_8Do4EDqXir0kBekDLg",
      "to_class_or_interface_name": "Auth",
      "to_method_key": null,
      "to_method_name": null,
      "data_clump_type": "fields_to_fields_data_clump",
      "data_clump_data": {
        "_Fq4zADo5EDqXir0kBekDLg": {
          "key": "_Fq4zADo5EDqXir0kBekDLg",
          "name": "name",
          "type": null,
          "probability": 1,
          "modifiers": [
            "private"
          ],
          "to_variable": {
            "key": "_jIRTgDo4EDqXir0kBekDLg",
            "name": "name",
            "type": null,
            "modifiers": [
              "private"
            ],
            "position": {}
          },
          "position": {}
        },
        "_NZwjMDo5EDqXir0kBekDLg": {
          "key": "_NZwjMDo5EDqXir0kBekDLg",
          "name": "username",
          "type": null,
          "probability": 1,
          "modifiers": [
            "private"
          ],
          "to_variable": {
            "key": "_mylCEDo4EDqXir0kBekDLg",
            "name": "username",
            "type": null,
            "modifiers": [
              "private"
            ],
            "position": {}
          },
          "position": {}
        },
        "_PEbVQDo5EDqXir0kBekDLg": {
          "key": "_PEbVQDo5EDqXir0kBekDLg",
          "name": "password",
          "type": null,
          "probability": 1,
          "modifiers": [
            "private"
          ],
          "to_variable": {
            "key": "_pGkd8Do4EDqXir0kBekDLg",
            "name": "password",
            "type": null,
            "modifiers": [
              "private"
            ],
            "position": {}
          },
          "position": {}
        }
      }
    },
    "fields_to_fields_data_clump-./User-_HsM_8Do4EDqXir0kBekDLg-_EJw-gDo5EDqXir0kBekDLg-nameusernamepassword": {
      "type": "data_clump",
      "key": "fields_to_fields_data_clump-./User-_HsM_8Do4EDqXir0kBekDLg-_EJw-gDo5EDqXir0kBekDLg-nameusernamepassword",
      "probability": 1,
      "from_file_path": "./User",
      "from_class_or_interface_name": "User",
      "from_class_or_interface_key": "_HsM_8Do4EDqXir0kBekDLg",
      "from_method_name": null,
      "from_method_key": null,
      "to_file_path": "./Auth",
      "to_class_or_interface_key": "_EJw-gDo5EDqXir0kBekDLg",
      "to_class_or_interface_name": "User",
      "to_method_key": null,
      "to_method_name": null,
      "data_clump_type": "fields_to_fields_data_clump",
      "data_clump_data": {
        "_jIRTgDo4EDqXir0kBekDLg": {
          "key": "_jIRTgDo4EDqXir0kBekDLg",
          "name": "name",
          "type": null,
          "probability": 1,
          "modifiers": [
            "private"
          ],
          "to_variable": {
            "key": "_Fq4zADo5EDqXir0kBekDLg",
            "name": "name",
            "type": null,
            "modifiers": [
              "private"
            ],
            "position": {}
          },
          "position": {}
        },
        "_mylCEDo4EDqXir0kBekDLg": {
          "key": "_mylCEDo4EDqXir0kBekDLg",
          "name": "username",
          "type": null,
          "probability": 1,
          "modifiers": [
            "private"
          ],
          "to_variable": {
            "key": "_NZwjMDo5EDqXir0kBekDLg",
            "name": "username",
            "type": null,
            "modifiers": [
              "private"
            ],
            "position": {}
          },
          "position": {}
        },
        "_pGkd8Do4EDqXir0kBekDLg": {
          "key": "_pGkd8Do4EDqXir0kBekDLg",
          "name": "password",
          "type": null,
          "probability": 1,
          "modifiers": [
            "private"
          ],
          "to_variable": {
            "key": "_PEbVQDo5EDqXir0kBekDLg",
            "name": "password",
            "type": null,
            "modifiers": [
              "private"
            ],
            "position": {}
          },
          "position": {}
        }
      }
    }
  }
}