{
  "report_version": "unknown",
  "report_timestamp": "2025-03-26T21:38:44.977Z",
  "target_language": "java",
  "report_summary": {
    "additional": null,
    "amount_classes_or_interfaces_with_data_clumps": 1,
    "amount_files_with_data_clumps": 1,
    "amount_methods_with_data_clumps": 2,
    "fields_to_fields_data_clump": 0,
    "parameters_to_fields_data_clump": 0,
    "parameters_to_parameters_data_clump": 2,
    "amount_data_clumps": 2
  },
  "project_info": {
    "project_url": "unknown_project_url",
    "project_name": "_uU3c8Id1EeaHjIRlzIXo2w",
    "project_version": "unknown_project_version",
    "project_commit_hash": "unknown",
    "project_tag": null,
    "project_commit_date": null,
    "additional": {},
    "number_of_files": 12,
    "number_of_classes_or_interfaces": 12,
    "number_of_methods": 26,
    "number_of_data_fields": 21,
    "number_of_method_parameters": 22
  },
  "detector": {
    "name": "data-clumps-doctor",
    "url": "https://github.com/NilsBaumgartner1994/data-clumps-doctor",
    "version": "0.1.100",
    "options": {
      "typeVariablesConsidered": false,
      "similarityModifierOfVariablesWithUnknownType": 0,
      "fieldsOfClassesWithUnknownHierarchyProbabilityModifier": 0,
      "sharedFieldsToFieldsAmountMinimum": 3,
      "analyseFieldsInClassesOrInterfacesInheritedFromSuperClassesOrInterfaces": false,
      "sharedParametersToParametersAmountMinimum": 3,
      "sharedParametersToFieldsAmountMinimum": 3,
      "methodsOfClassesOrInterfacesWithUnknownHierarchyProbabilityModifier": 0
    }
  },
  "data_clumps": {
    "parameters_to_parameters_data_clump-./TFTPHost-_ulNmP4d1Eeafn8TtowEM6w-_ulNmSod1Eeafn8TtowEM6w-pnameverbose": {
      "type": "data_clump",
      "key": "parameters_to_parameters_data_clump-./TFTPHost-_ulNmP4d1Eeafn8TtowEM6w-_ulNmSod1Eeafn8TtowEM6w-pnameverbose",
      "probability": 1,
      "from_file_path": "./TFTPHost",
      "from_class_or_interface_name": "TFTPHost",
      "from_class_or_interface_key": "_ulNmG4d1Eeafn8TtowEM6w",
      "from_method_name": "printIncomingInfo",
      "from_method_key": "_ulNmP4d1Eeafn8TtowEM6w",
      "to_file_path": "./TFTPHost",
      "to_class_or_interface_name": "TFTPHost",
      "to_class_or_interface_key": "_ulNmG4d1Eeafn8TtowEM6w",
      "to_method_name": "printOutgoingInfo",
      "to_method_key": "_ulNmSod1Eeafn8TtowEM6w",
      "data_clump_type": "parameters_to_parameters_data_clump",
      "data_clump_data": {
        "_ulNmQYd1Eeafn8TtowEM6w": {
          "key": "_ulNmQYd1Eeafn8TtowEM6w",
          "name": "p",
          "type": null,
          "probability": 1,
          "modifiers": [],
          "to_variable": {
            "key": "_ulNmTId1Eeafn8TtowEM6w",
            "name": "p",
            "type": null,
            "modifiers": [],
            "position": {}
          },
          "position": {}
        },
        "_ulNmRId1Eeafn8TtowEM6w": {
          "key": "_ulNmRId1Eeafn8TtowEM6w",
          "name": "name",
          "type": null,
          "probability": 1,
          "modifiers": [],
          "to_variable": {
            "key": "_ulNmT4d1Eeafn8TtowEM6w",
            "name": "name",
            "type": null,
            "modifiers": [],
            "position": {}
          },
          "position": {}
        },
        "_ulNmR4d1Eeafn8TtowEM6w": {
          "key": "_ulNmR4d1Eeafn8TtowEM6w",
          "name": "verbose",
          "type": null,
          "probability": 1,
          "modifiers": [],
          "to_variable": {
            "key": "_ulNmUod1Eeafn8TtowEM6w",
            "name": "verbose",
            "type": null,
            "modifiers": [],
            "position": {}
          },
          "position": {}
        }
      }
    },
    "parameters_to_parameters_data_clump-./TFTPHost-_ulNmSod1Eeafn8TtowEM6w-_ulNmP4d1Eeafn8TtowEM6w-pnameverbose": {
      "type": "data_clump",
      "key": "parameters_to_parameters_data_clump-./TFTPHost-_ulNmSod1Eeafn8TtowEM6w-_ulNmP4d1Eeafn8TtowEM6w-pnameverbose",
      "probability": 1,
      "from_file_path": "./TFTPHost",
      "from_class_or_interface_name": "TFTPHost",
      "from_class_or_interface_key": "_ulNmG4d1Eeafn8TtowEM6w",
      "from_method_name": "printOutgoingInfo",
      "from_method_key": "_ulNmSod1Eeafn8TtowEM6w",
      "to_file_path": "./TFTPHost",
      "to_class_or_interface_name": "TFTPHost",
      "to_class_or_interface_key": "_ulNmG4d1Eeafn8TtowEM6w",
      "to_method_name": "printIncomingInfo",
      "to_method_key": "_ulNmP4d1Eeafn8TtowEM6w",
      "data_clump_type": "parameters_to_parameters_data_clump",
      "data_clump_data": {
        "_ulNmTId1Eeafn8TtowEM6w": {
          "key": "_ulNmTId1Eeafn8TtowEM6w",
          "name": "p",
          "type": null,
          "probability": 1,
          "modifiers": [],
          "to_variable": {
            "key": "_ulNmQYd1Eeafn8TtowEM6w",
            "name": "p",
            "type": null,
            "modifiers": [],
            "position": {}
          },
          "position": {}
        },
        "_ulNmT4d1Eeafn8TtowEM6w": {
          "key": "_ulNmT4d1Eeafn8TtowEM6w",
          "name": "name",
          "type": null,
          "probability": 1,
          "modifiers": [],
          "to_variable": {
            "key": "_ulNmRId1Eeafn8TtowEM6w",
            "name": "name",
            "type": null,
            "modifiers": [],
            "position": {}
          },
          "position": {}
        },
        "_ulNmUod1Eeafn8TtowEM6w": {
          "key": "_ulNmUod1Eeafn8TtowEM6w",
          "name": "verbose",
          "type": null,
          "probability": 1,
          "modifiers": [],
          "to_variable": {
            "key": "_ulNmR4d1Eeafn8TtowEM6w",
            "name": "verbose",
            "type": null,
            "modifiers": [],
            "position": {}
          },
          "position": {}
        }
      }
    }
  }
}