{
  "report_version": "unknown",
  "report_timestamp": "2025-03-26T23:06:06.520Z",
  "target_language": "java",
  "report_summary": {
    "additional": null,
    "amount_classes_or_interfaces_with_data_clumps": 2,
    "amount_files_with_data_clumps": 2,
    "amount_methods_with_data_clumps": 0,
    "fields_to_fields_data_clump": 2,
    "parameters_to_fields_data_clump": 0,
    "parameters_to_parameters_data_clump": 0,
    "amount_data_clumps": 2
  },
  "project_info": {
    "project_url": "unknown_project_url",
    "project_name": "_xCN0gMB0EeySNfBKdUOsxw",
    "project_version": "unknown_project_version",
    "project_commit_hash": "unknown",
    "project_tag": null,
    "project_commit_date": null,
    "additional": {},
    "number_of_files": 10,
    "number_of_classes_or_interfaces": 10,
    "number_of_methods": 0,
    "number_of_data_fields": 27,
    "number_of_method_parameters": 0
  },
  "detector": {
    "name": "data-clumps-doctor",
    "url": "https://github.com/NilsBaumgartner1994/data-clumps-doctor",
    "version": "0.1.100",
    "options": {
      "typeVariablesConsidered": false,
      "similarityModifierOfVariablesWithUnknownType": 0,
      "fieldsOfClassesWithUnknownHierarchyProbabilityModifier": 0,
      "sharedFieldsToFieldsAmountMinimum": 3,
      "analyseFieldsInClassesOrInterfacesInheritedFromSuperClassesOrInterfaces": false,
      "sharedParametersToParametersAmountMinimum": 3,
      "sharedParametersToFieldsAmountMinimum": 3,
      "methodsOfClassesOrInterfacesWithUnknownHierarchyProbabilityModifier": 0
    }
  },
  "data_clumps": {
    "fields_to_fields_data_clump-./Film-_xCStdMB0EeySNfBKdUOsxw-_xCStgMB0EeySNfBKdUOsxw-categoriesnumberqualificationproducerreview": {
      "type": "data_clump",
      "key": "fields_to_fields_data_clump-./Film-_xCStdMB0EeySNfBKdUOsxw-_xCStgMB0EeySNfBKdUOsxw-categoriesnumberqualificationproducerreview",
      "probability": 1,
      "from_file_path": "./Film",
      "from_class_or_interface_name": "Film",
      "from_class_or_interface_key": "_xCStdMB0EeySNfBKdUOsxw",
      "from_method_name": null,
      "from_method_key": null,
      "to_file_path": "./Serie",
      "to_class_or_interface_key": "_xCStgMB0EeySNfBKdUOsxw",
      "to_class_or_interface_name": "Film",
      "to_method_key": null,
      "to_method_name": null,
      "data_clump_type": "fields_to_fields_data_clump",
      "data_clump_data": {
        "_xCStdsB0EeySNfBKdUOsxw": {
          "key": "_xCStdsB0EeySNfBKdUOsxw",
          "name": "categories",
          "type": null,
          "probability": 1,
          "modifiers": [
            "private"
          ],
          "to_variable": {
            "key": "_xCStgcB0EeySNfBKdUOsxw",
            "name": "categories",
            "type": null,
            "modifiers": [
              "private"
            ],
            "position": {}
          },
          "position": {}
        },
        "_xCStd8B0EeySNfBKdUOsxw": {
          "key": "_xCStd8B0EeySNfBKdUOsxw",
          "name": "number",
          "type": null,
          "probability": 1,
          "modifiers": [
            "private"
          ],
          "to_variable": {
            "key": "_xCStgsB0EeySNfBKdUOsxw",
            "name": "number",
            "type": null,
            "modifiers": [
              "private"
            ],
            "position": {}
          },
          "position": {}
        },
        "_xCSte8B0EeySNfBKdUOsxw": {
          "key": "_xCSte8B0EeySNfBKdUOsxw",
          "name": "qualification",
          "type": null,
          "probability": 1,
          "modifiers": [
            "private"
          ],
          "to_variable": {
            "key": "_xCSthsB0EeySNfBKdUOsxw",
            "name": "qualification",
            "type": null,
            "modifiers": [
              "private"
            ],
            "position": {}
          },
          "position": {}
        },
        "_xCStecB0EeySNfBKdUOsxw": {
          "key": "_xCStecB0EeySNfBKdUOsxw",
          "name": "producer",
          "type": null,
          "probability": 1,
          "modifiers": [
            "private"
          ],
          "to_variable": {
            "key": "_xCSthMB0EeySNfBKdUOsxw",
            "name": "producer",
            "type": null,
            "modifiers": [
              "private"
            ],
            "position": {}
          },
          "position": {}
        },
        "_xCStesB0EeySNfBKdUOsxw": {
          "key": "_xCStesB0EeySNfBKdUOsxw",
          "name": "review",
          "type": null,
          "probability": 1,
          "modifiers": [
            "private"
          ],
          "to_variable": {
            "key": "_xCSthcB0EeySNfBKdUOsxw",
            "name": "review",
            "type": null,
            "modifiers": [
              "private"
            ],
            "position": {}
          },
          "position": {}
        }
      }
    },
    "fields_to_fields_data_clump-./Serie-_xCStgMB0EeySNfBKdUOsxw-_xCStdMB0EeySNfBKdUOsxw-categoriesnumberqualificationproducerreview": {
      "type": "data_clump",
      "key": "fields_to_fields_data_clump-./Serie-_xCStgMB0EeySNfBKdUOsxw-_xCStdMB0EeySNfBKdUOsxw-categoriesnumberqualificationproducerreview",
      "probability": 1,
      "from_file_path": "./Serie",
      "from_class_or_interface_name": "Serie",
      "from_class_or_interface_key": "_xCStgMB0EeySNfBKdUOsxw",
      "from_method_name": null,
      "from_method_key": null,
      "to_file_path": "./Film",
      "to_class_or_interface_key": "_xCStdMB0EeySNfBKdUOsxw",
      "to_class_or_interface_name": "Serie",
      "to_method_key": null,
      "to_method_name": null,
      "data_clump_type": "fields_to_fields_data_clump",
      "data_clump_data": {
        "_xCStgcB0EeySNfBKdUOsxw": {
          "key": "_xCStgcB0EeySNfBKdUOsxw",
          "name": "categories",
          "type": null,
          "probability": 1,
          "modifiers": [
            "private"
          ],
          "to_variable": {
            "key": "_xCStdsB0EeySNfBKdUOsxw",
            "name": "categories",
            "type": null,
            "modifiers": [
              "private"
            ],
            "position": {}
          },
          "position": {}
        },
        "_xCStgsB0EeySNfBKdUOsxw": {
          "key": "_xCStgsB0EeySNfBKdUOsxw",
          "name": "number",
          "type": null,
          "probability": 1,
          "modifiers": [
            "private"
          ],
          "to_variable": {
            "key": "_xCStd8B0EeySNfBKdUOsxw",
            "name": "number",
            "type": null,
            "modifiers": [
              "private"
            ],
            "position": {}
          },
          "position": {}
        },
        "_xCSthsB0EeySNfBKdUOsxw": {
          "key": "_xCSthsB0EeySNfBKdUOsxw",
          "name": "qualification",
          "type": null,
          "probability": 1,
          "modifiers": [
            "private"
          ],
          "to_variable": {
            "key": "_xCSte8B0EeySNfBKdUOsxw",
            "name": "qualification",
            "type": null,
            "modifiers": [
              "private"
            ],
            "position": {}
          },
          "position": {}
        },
        "_xCSthMB0EeySNfBKdUOsxw": {
          "key": "_xCSthMB0EeySNfBKdUOsxw",
          "name": "producer",
          "type": null,
          "probability": 1,
          "modifiers": [
            "private"
          ],
          "to_variable": {
            "key": "_xCStecB0EeySNfBKdUOsxw",
            "name": "producer",
            "type": null,
            "modifiers": [
              "private"
            ],
            "position": {}
          },
          "position": {}
        },
        "_xCSthcB0EeySNfBKdUOsxw": {
          "key": "_xCSthcB0EeySNfBKdUOsxw",
          "name": "review",
          "type": null,
          "probability": 1,
          "modifiers": [
            "private"
          ],
          "to_variable": {
            "key": "_xCStesB0EeySNfBKdUOsxw",
            "name": "review",
            "type": null,
            "modifiers": [
              "private"
            ],
            "position": {}
          },
          "position": {}
        }
      }
    }
  }
}