{
  "report_version": "unknown",
  "report_timestamp": "2025-03-26T23:08:15.042Z",
  "target_language": "java",
  "report_summary": {
    "additional": null,
    "amount_classes_or_interfaces_with_data_clumps": 1,
    "amount_files_with_data_clumps": 2,
    "amount_methods_with_data_clumps": 2,
    "fields_to_fields_data_clump": 0,
    "parameters_to_fields_data_clump": 2,
    "parameters_to_parameters_data_clump": 0,
    "amount_data_clumps": 2
  },
  "project_info": {
    "project_url": "unknown_project_url",
    "project_name": "_v80ZQMPGEeeWu-SLkciAbg",
    "project_version": "unknown_project_version",
    "project_commit_hash": "unknown",
    "project_tag": null,
    "project_commit_date": null,
    "additional": {},
    "number_of_files": 9,
    "number_of_classes_or_interfaces": 9,
    "number_of_methods": 5,
    "number_of_data_fields": 10,
    "number_of_method_parameters": 8
  },
  "detector": {
    "name": "data-clumps-doctor",
    "url": "https://github.com/NilsBaumgartner1994/data-clumps-doctor",
    "version": "0.1.100",
    "options": {
      "typeVariablesConsidered": false,
      "similarityModifierOfVariablesWithUnknownType": 0,
      "fieldsOfClassesWithUnknownHierarchyProbabilityModifier": 0,
      "sharedFieldsToFieldsAmountMinimum": 3,
      "analyseFieldsInClassesOrInterfacesInheritedFromSuperClassesOrInterfaces": false,
      "sharedParametersToParametersAmountMinimum": 3,
      "sharedParametersToFieldsAmountMinimum": 3,
      "methodsOfClassesOrInterfacesWithUnknownHierarchyProbabilityModifier": 0
    }
  },
  "data_clumps": {
    "parameters_to_fields_data_clump-./Author-_aozZAaX5EDWpgrWf1JB_5w-_Q2oRIKX1EDWpgrWf1JB_5w-namedobaddress": {
      "type": "data_clump",
      "key": "parameters_to_fields_data_clump-./Author-_aozZAaX5EDWpgrWf1JB_5w-_Q2oRIKX1EDWpgrWf1JB_5w-namedobaddress",
      "probability": 1,
      "from_file_path": "./Author",
      "from_class_or_interface_name": "Author",
      "from_class_or_interface_key": "__AUW4KX0EDWpgrWf1JB_5w",
      "from_method_name": "author",
      "from_method_key": "_aozZAaX5EDWpgrWf1JB_5w",
      "to_file_path": "./Person",
      "to_class_or_interface_name": "Person",
      "to_class_or_interface_key": "_Q2oRIKX1EDWpgrWf1JB_5w",
      "to_method_name": null,
      "to_method_key": null,
      "data_clump_type": "parameters_to_fields_data_clump",
      "data_clump_data": {
        "_cUgs4KX5EDWpgrWf1JB_5w": {
          "key": "_cUgs4KX5EDWpgrWf1JB_5w",
          "name": "name",
          "type": null,
          "probability": 1,
          "modifiers": [],
          "to_variable": {
            "key": "_LN6NwKX4EDWpgrWf1JB_5w",
            "name": "name",
            "type": null,
            "modifiers": [],
            "position": {}
          },
          "position": {}
        },
        "_rUwY8KX5EDWpgrWf1JB_5w": {
          "key": "_rUwY8KX5EDWpgrWf1JB_5w",
          "name": "dob",
          "type": null,
          "probability": 1,
          "modifiers": [],
          "to_variable": {
            "key": "_N5MIQKX4EDWpgrWf1JB_5w",
            "name": "dob",
            "type": null,
            "modifiers": [],
            "position": {}
          },
          "position": {}
        },
        "_sfQdMKX5EDWpgrWf1JB_5w": {
          "key": "_sfQdMKX5EDWpgrWf1JB_5w",
          "name": "address",
          "type": null,
          "probability": 1,
          "modifiers": [],
          "to_variable": {
            "key": "_Qfc_4KX4EDWpgrWf1JB_5w",
            "name": "address",
            "type": null,
            "modifiers": [],
            "position": {}
          },
          "position": {}
        }
      }
    },
    "parameters_to_fields_data_clump-./Author-_RSeGUaX6EDWpgrWf1JB_5w-__AUW4KX0EDWpgrWf1JB_5w-authorIDisAliveemail": {
      "type": "data_clump",
      "key": "parameters_to_fields_data_clump-./Author-_RSeGUaX6EDWpgrWf1JB_5w-__AUW4KX0EDWpgrWf1JB_5w-authorIDisAliveemail",
      "probability": 1,
      "from_file_path": "./Author",
      "from_class_or_interface_name": "Author",
      "from_class_or_interface_key": "__AUW4KX0EDWpgrWf1JB_5w",
      "from_method_name": "setAuthorDetails",
      "from_method_key": "_RSeGUaX6EDWpgrWf1JB_5w",
      "to_file_path": "./Author",
      "to_class_or_interface_name": "Author",
      "to_class_or_interface_key": "__AUW4KX0EDWpgrWf1JB_5w",
      "to_method_name": null,
      "to_method_key": null,
      "data_clump_type": "parameters_to_fields_data_clump",
      "data_clump_data": {
        "_TYDSwKX6EDWpgrWf1JB_5w": {
          "key": "_TYDSwKX6EDWpgrWf1JB_5w",
          "name": "authorID",
          "type": null,
          "probability": 1,
          "modifiers": [],
          "to_variable": {
            "key": "_zMHMMKX4EDWpgrWf1JB_5w",
            "name": "authorID",
            "type": null,
            "modifiers": [],
            "position": {}
          },
          "position": {}
        },
        "_UlD4cKX6EDWpgrWf1JB_5w": {
          "key": "_UlD4cKX6EDWpgrWf1JB_5w",
          "name": "isAlive",
          "type": null,
          "probability": 1,
          "modifiers": [],
          "to_variable": {
            "key": "_go7vcKX5EDWpgrWf1JB_5w",
            "name": "isAlive",
            "type": null,
            "modifiers": [],
            "position": {}
          },
          "position": {}
        },
        "_Vins4KX6EDWpgrWf1JB_5w": {
          "key": "_Vins4KX6EDWpgrWf1JB_5w",
          "name": "email",
          "type": null,
          "probability": 1,
          "modifiers": [],
          "to_variable": {
            "key": "_9pXjUKX6EDWpgrWf1JB_5w",
            "name": "email",
            "type": null,
            "modifiers": [],
            "position": {}
          },
          "position": {}
        }
      }
    }
  }
}