{
  "report_version": "unknown",
  "report_timestamp": "2025-03-26T21:52:20.826Z",
  "target_language": "java",
  "report_summary": {
    "additional": null,
    "amount_classes_or_interfaces_with_data_clumps": 1,
    "amount_files_with_data_clumps": 1,
    "amount_methods_with_data_clumps": 1,
    "fields_to_fields_data_clump": 0,
    "parameters_to_fields_data_clump": 1,
    "parameters_to_parameters_data_clump": 0,
    "amount_data_clumps": 1
  },
  "project_info": {
    "project_url": "unknown_project_url",
    "project_name": "_XbzPAIFKEDGdNIjA6xbcew",
    "project_version": "unknown_project_version",
    "project_commit_hash": "unknown",
    "project_tag": null,
    "project_commit_date": null,
    "additional": {},
    "number_of_files": 3,
    "number_of_classes_or_interfaces": 3,
    "number_of_methods": 18,
    "number_of_data_fields": 11,
    "number_of_method_parameters": 15
  },
  "detector": {
    "name": "data-clumps-doctor",
    "url": "https://github.com/NilsBaumgartner1994/data-clumps-doctor",
    "version": "0.1.100",
    "options": {
      "typeVariablesConsidered": false,
      "similarityModifierOfVariablesWithUnknownType": 0,
      "fieldsOfClassesWithUnknownHierarchyProbabilityModifier": 0,
      "sharedFieldsToFieldsAmountMinimum": 3,
      "analyseFieldsInClassesOrInterfacesInheritedFromSuperClassesOrInterfaces": false,
      "sharedParametersToParametersAmountMinimum": 3,
      "sharedParametersToFieldsAmountMinimum": 3,
      "methodsOfClassesOrInterfacesWithUnknownHierarchyProbabilityModifier": 0
    }
  },
  "data_clumps": {
    "parameters_to_fields_data_clump-./Piso-_hF7VgIFLEDG3JcF70db2NQ-_vmQn4IFKEDG3JcF70db2NQ-superficiehabitacionesaseosprecio": {
      "type": "data_clump",
      "key": "parameters_to_fields_data_clump-./Piso-_hF7VgIFLEDG3JcF70db2NQ-_vmQn4IFKEDG3JcF70db2NQ-superficiehabitacionesaseosprecio",
      "probability": 1,
      "from_file_path": "./Piso",
      "from_class_or_interface_name": "Piso",
      "from_class_or_interface_key": "_vmQn4IFKEDG3JcF70db2NQ",
      "from_method_name": "piso",
      "from_method_key": "_hF7VgIFLEDG3JcF70db2NQ",
      "to_file_path": "./Piso",
      "to_class_or_interface_name": "Piso",
      "to_class_or_interface_key": "_vmQn4IFKEDG3JcF70db2NQ",
      "to_method_name": null,
      "to_method_key": null,
      "data_clump_type": "parameters_to_fields_data_clump",
      "data_clump_data": {
        "_mKCIkIFLEDG3JcF70db2NQ": {
          "key": "_mKCIkIFLEDG3JcF70db2NQ",
          "name": "superficie",
          "type": null,
          "probability": 1,
          "modifiers": [],
          "to_variable": {
            "key": "_19lWUIFKEDG3JcF70db2NQ",
            "name": "superficie",
            "type": null,
            "modifiers": [
              "private"
            ],
            "position": {}
          },
          "position": {}
        },
        "_ohMNMIFLEDG3JcF70db2NQ": {
          "key": "_ohMNMIFLEDG3JcF70db2NQ",
          "name": "habitaciones",
          "type": null,
          "probability": 1,
          "modifiers": [],
          "to_variable": {
            "key": "_SX-6YIFLEDG3JcF70db2NQ",
            "name": "habitaciones",
            "type": null,
            "modifiers": [
              "private"
            ],
            "position": {}
          },
          "position": {}
        },
        "_qb9QwIFLEDG3JcF70db2NQ": {
          "key": "_qb9QwIFLEDG3JcF70db2NQ",
          "name": "aseos",
          "type": null,
          "probability": 1,
          "modifiers": [],
          "to_variable": {
            "key": "_3W8V8IFKEDG3JcF70db2NQ",
            "name": "aseos",
            "type": null,
            "modifiers": [
              "private"
            ],
            "position": {}
          },
          "position": {}
        },
        "_r8EYoIFLEDG3JcF70db2NQ": {
          "key": "_r8EYoIFLEDG3JcF70db2NQ",
          "name": "precio",
          "type": null,
          "probability": 1,
          "modifiers": [],
          "to_variable": {
            "key": "_4eKcsIFKEDG3JcF70db2NQ",
            "name": "precio",
            "type": null,
            "modifiers": [
              "private"
            ],
            "position": {}
          },
          "position": {}
        }
      }
    }
  }
}