{
  "report_version": "unknown",
  "report_timestamp": "2025-03-26T22:55:12.522Z",
  "target_language": "java",
  "report_summary": {
    "additional": null,
    "amount_classes_or_interfaces_with_data_clumps": 3,
    "amount_files_with_data_clumps": 3,
    "amount_methods_with_data_clumps": 0,
    "fields_to_fields_data_clump": 6,
    "parameters_to_fields_data_clump": 0,
    "parameters_to_parameters_data_clump": 0,
    "amount_data_clumps": 6
  },
  "project_info": {
    "project_url": "unknown_project_url",
    "project_name": "82ee4531-a19b-40e8-b477-3e55a1bbb16b",
    "project_version": "unknown_project_version",
    "project_commit_hash": "unknown",
    "project_tag": null,
    "project_commit_date": null,
    "additional": {},
    "number_of_files": 12,
    "number_of_classes_or_interfaces": 12,
    "number_of_methods": 11,
    "number_of_data_fields": 9,
    "number_of_method_parameters": 9
  },
  "detector": {
    "name": "data-clumps-doctor",
    "url": "https://github.com/NilsBaumgartner1994/data-clumps-doctor",
    "version": "0.1.100",
    "options": {
      "typeVariablesConsidered": false,
      "similarityModifierOfVariablesWithUnknownType": 0,
      "fieldsOfClassesWithUnknownHierarchyProbabilityModifier": 0,
      "sharedFieldsToFieldsAmountMinimum": 3,
      "analyseFieldsInClassesOrInterfacesInheritedFromSuperClassesOrInterfaces": false,
      "sharedParametersToParametersAmountMinimum": 3,
      "sharedParametersToFieldsAmountMinimum": 3,
      "methodsOfClassesOrInterfacesWithUnknownHierarchyProbabilityModifier": 0
    }
  },
  "data_clumps": {
    "fields_to_fields_data_clump-./P11_MSB.mxml-_DADlEI-yEDS5AN7k4O9seg-_g8r4QI-vEDS5AN7k4O9seg-referenceTablesproductssuppliersTree": {
      "type": "data_clump",
      "key": "fields_to_fields_data_clump-./P11_MSB.mxml-_DADlEI-yEDS5AN7k4O9seg-_g8r4QI-vEDS5AN7k4O9seg-referenceTablesproductssuppliersTree",
      "probability": 1,
      "from_file_path": "./P11_MSB.mxml",
      "from_class_or_interface_name": "P11_MSB.mxml",
      "from_class_or_interface_key": "_DADlEI-yEDS5AN7k4O9seg",
      "from_method_name": null,
      "from_method_key": null,
      "to_file_path": "./P5_NII_Adv.mxml",
      "to_class_or_interface_key": "_g8r4QI-vEDS5AN7k4O9seg",
      "to_class_or_interface_name": "P11_MSB.mxml",
      "to_method_key": null,
      "to_method_name": null,
      "data_clump_type": "fields_to_fields_data_clump",
      "data_clump_data": {
        "_hIOSgI-yEDS5AN7k4O9seg": {
          "key": "_hIOSgI-yEDS5AN7k4O9seg",
          "name": "referenceTables",
          "type": null,
          "probability": 1,
          "modifiers": [
            "public"
          ],
          "to_variable": {
            "key": "_ZWKEYI-yEDS5AN7k4O9seg",
            "name": "referenceTables",
            "type": null,
            "modifiers": [
              "public"
            ],
            "position": {}
          },
          "position": {}
        },
        "_rK2OAI-yEDS5AN7k4O9seg": {
          "key": "_rK2OAI-yEDS5AN7k4O9seg",
          "name": "products",
          "type": null,
          "probability": 1,
          "modifiers": [
            "public"
          ],
          "to_variable": {
            "key": "_lthCoI-yEDS5AN7k4O9seg",
            "name": "products",
            "type": null,
            "modifiers": [
              "public"
            ],
            "position": {}
          },
          "position": {}
        },
        "_uyAFcI-zEDS5AN7k4O9seg": {
          "key": "_uyAFcI-zEDS5AN7k4O9seg",
          "name": "suppliersTree",
          "type": null,
          "probability": 1,
          "modifiers": [
            "public"
          ],
          "to_variable": {
            "key": "_oaw2kI-zEDS5AN7k4O9seg",
            "name": "suppliersTree",
            "type": null,
            "modifiers": [
              "public"
            ],
            "position": {}
          },
          "position": {}
        }
      }
    },
    "fields_to_fields_data_clump-./P11_MSB.mxml-_DADlEI-yEDS5AN7k4O9seg-_B_0QEI-yEDS5AN7k4O9seg-referenceTablesproductssuppliersTree": {
      "type": "data_clump",
      "key": "fields_to_fields_data_clump-./P11_MSB.mxml-_DADlEI-yEDS5AN7k4O9seg-_B_0QEI-yEDS5AN7k4O9seg-referenceTablesproductssuppliersTree",
      "probability": 1,
      "from_file_path": "./P11_MSB.mxml",
      "from_class_or_interface_name": "P11_MSB.mxml",
      "from_class_or_interface_key": "_DADlEI-yEDS5AN7k4O9seg",
      "from_method_name": null,
      "from_method_key": null,
      "to_file_path": "./P5_SOGNII.mxml",
      "to_class_or_interface_key": "_B_0QEI-yEDS5AN7k4O9seg",
      "to_class_or_interface_name": "P11_MSB.mxml",
      "to_method_key": null,
      "to_method_name": null,
      "data_clump_type": "fields_to_fields_data_clump",
      "data_clump_data": {
        "_hIOSgI-yEDS5AN7k4O9seg": {
          "key": "_hIOSgI-yEDS5AN7k4O9seg",
          "name": "referenceTables",
          "type": null,
          "probability": 1,
          "modifiers": [
            "public"
          ],
          "to_variable": {
            "key": "_fWUQAI-yEDS5AN7k4O9seg",
            "name": "referenceTables",
            "type": null,
            "modifiers": [
              "public"
            ],
            "position": {}
          },
          "position": {}
        },
        "_rK2OAI-yEDS5AN7k4O9seg": {
          "key": "_rK2OAI-yEDS5AN7k4O9seg",
          "name": "products",
          "type": null,
          "probability": 1,
          "modifiers": [
            "public"
          ],
          "to_variable": {
            "key": "_nlwWoI-yEDS5AN7k4O9seg",
            "name": "products",
            "type": null,
            "modifiers": [
              "public"
            ],
            "position": {}
          },
          "position": {}
        },
        "_uyAFcI-zEDS5AN7k4O9seg": {
          "key": "_uyAFcI-zEDS5AN7k4O9seg",
          "name": "suppliersTree",
          "type": null,
          "probability": 1,
          "modifiers": [
            "public"
          ],
          "to_variable": {
            "key": "_txXu4I-zEDS5AN7k4O9seg",
            "name": "suppliersTree",
            "type": null,
            "modifiers": [
              "public"
            ],
            "position": {}
          },
          "position": {}
        }
      }
    },
    "fields_to_fields_data_clump-./P5_NII_Adv.mxml-_g8r4QI-vEDS5AN7k4O9seg-_DADlEI-yEDS5AN7k4O9seg-referenceTablesproductssuppliersTree": {
      "type": "data_clump",
      "key": "fields_to_fields_data_clump-./P5_NII_Adv.mxml-_g8r4QI-vEDS5AN7k4O9seg-_DADlEI-yEDS5AN7k4O9seg-referenceTablesproductssuppliersTree",
      "probability": 1,
      "from_file_path": "./P5_NII_Adv.mxml",
      "from_class_or_interface_name": "P5_NII_Adv.mxml",
      "from_class_or_interface_key": "_g8r4QI-vEDS5AN7k4O9seg",
      "from_method_name": null,
      "from_method_key": null,
      "to_file_path": "./P11_MSB.mxml",
      "to_class_or_interface_key": "_DADlEI-yEDS5AN7k4O9seg",
      "to_class_or_interface_name": "P5_NII_Adv.mxml",
      "to_method_key": null,
      "to_method_name": null,
      "data_clump_type": "fields_to_fields_data_clump",
      "data_clump_data": {
        "_ZWKEYI-yEDS5AN7k4O9seg": {
          "key": "_ZWKEYI-yEDS5AN7k4O9seg",
          "name": "referenceTables",
          "type": null,
          "probability": 1,
          "modifiers": [
            "public"
          ],
          "to_variable": {
            "key": "_hIOSgI-yEDS5AN7k4O9seg",
            "name": "referenceTables",
            "type": null,
            "modifiers": [
              "public"
            ],
            "position": {}
          },
          "position": {}
        },
        "_lthCoI-yEDS5AN7k4O9seg": {
          "key": "_lthCoI-yEDS5AN7k4O9seg",
          "name": "products",
          "type": null,
          "probability": 1,
          "modifiers": [
            "public"
          ],
          "to_variable": {
            "key": "_rK2OAI-yEDS5AN7k4O9seg",
            "name": "products",
            "type": null,
            "modifiers": [
              "public"
            ],
            "position": {}
          },
          "position": {}
        },
        "_oaw2kI-zEDS5AN7k4O9seg": {
          "key": "_oaw2kI-zEDS5AN7k4O9seg",
          "name": "suppliersTree",
          "type": null,
          "probability": 1,
          "modifiers": [
            "public"
          ],
          "to_variable": {
            "key": "_uyAFcI-zEDS5AN7k4O9seg",
            "name": "suppliersTree",
            "type": null,
            "modifiers": [
              "public"
            ],
            "position": {}
          },
          "position": {}
        }
      }
    },
    "fields_to_fields_data_clump-./P5_NII_Adv.mxml-_g8r4QI-vEDS5AN7k4O9seg-_B_0QEI-yEDS5AN7k4O9seg-referenceTablesproductssuppliersTree": {
      "type": "data_clump",
      "key": "fields_to_fields_data_clump-./P5_NII_Adv.mxml-_g8r4QI-vEDS5AN7k4O9seg-_B_0QEI-yEDS5AN7k4O9seg-referenceTablesproductssuppliersTree",
      "probability": 1,
      "from_file_path": "./P5_NII_Adv.mxml",
      "from_class_or_interface_name": "P5_NII_Adv.mxml",
      "from_class_or_interface_key": "_g8r4QI-vEDS5AN7k4O9seg",
      "from_method_name": null,
      "from_method_key": null,
      "to_file_path": "./P5_SOGNII.mxml",
      "to_class_or_interface_key": "_B_0QEI-yEDS5AN7k4O9seg",
      "to_class_or_interface_name": "P5_NII_Adv.mxml",
      "to_method_key": null,
      "to_method_name": null,
      "data_clump_type": "fields_to_fields_data_clump",
      "data_clump_data": {
        "_ZWKEYI-yEDS5AN7k4O9seg": {
          "key": "_ZWKEYI-yEDS5AN7k4O9seg",
          "name": "referenceTables",
          "type": null,
          "probability": 1,
          "modifiers": [
            "public"
          ],
          "to_variable": {
            "key": "_fWUQAI-yEDS5AN7k4O9seg",
            "name": "referenceTables",
            "type": null,
            "modifiers": [
              "public"
            ],
            "position": {}
          },
          "position": {}
        },
        "_lthCoI-yEDS5AN7k4O9seg": {
          "key": "_lthCoI-yEDS5AN7k4O9seg",
          "name": "products",
          "type": null,
          "probability": 1,
          "modifiers": [
            "public"
          ],
          "to_variable": {
            "key": "_nlwWoI-yEDS5AN7k4O9seg",
            "name": "products",
            "type": null,
            "modifiers": [
              "public"
            ],
            "position": {}
          },
          "position": {}
        },
        "_oaw2kI-zEDS5AN7k4O9seg": {
          "key": "_oaw2kI-zEDS5AN7k4O9seg",
          "name": "suppliersTree",
          "type": null,
          "probability": 1,
          "modifiers": [
            "public"
          ],
          "to_variable": {
            "key": "_txXu4I-zEDS5AN7k4O9seg",
            "name": "suppliersTree",
            "type": null,
            "modifiers": [
              "public"
            ],
            "position": {}
          },
          "position": {}
        }
      }
    },
    "fields_to_fields_data_clump-./P5_SOGNII.mxml-_B_0QEI-yEDS5AN7k4O9seg-_DADlEI-yEDS5AN7k4O9seg-referenceTablesproductssuppliersTree": {
      "type": "data_clump",
      "key": "fields_to_fields_data_clump-./P5_SOGNII.mxml-_B_0QEI-yEDS5AN7k4O9seg-_DADlEI-yEDS5AN7k4O9seg-referenceTablesproductssuppliersTree",
      "probability": 1,
      "from_file_path": "./P5_SOGNII.mxml",
      "from_class_or_interface_name": "P5_SOGNII.mxml",
      "from_class_or_interface_key": "_B_0QEI-yEDS5AN7k4O9seg",
      "from_method_name": null,
      "from_method_key": null,
      "to_file_path": "./P11_MSB.mxml",
      "to_class_or_interface_key": "_DADlEI-yEDS5AN7k4O9seg",
      "to_class_or_interface_name": "P5_SOGNII.mxml",
      "to_method_key": null,
      "to_method_name": null,
      "data_clump_type": "fields_to_fields_data_clump",
      "data_clump_data": {
        "_fWUQAI-yEDS5AN7k4O9seg": {
          "key": "_fWUQAI-yEDS5AN7k4O9seg",
          "name": "referenceTables",
          "type": null,
          "probability": 1,
          "modifiers": [
            "public"
          ],
          "to_variable": {
            "key": "_hIOSgI-yEDS5AN7k4O9seg",
            "name": "referenceTables",
            "type": null,
            "modifiers": [
              "public"
            ],
            "position": {}
          },
          "position": {}
        },
        "_nlwWoI-yEDS5AN7k4O9seg": {
          "key": "_nlwWoI-yEDS5AN7k4O9seg",
          "name": "products",
          "type": null,
          "probability": 1,
          "modifiers": [
            "public"
          ],
          "to_variable": {
            "key": "_rK2OAI-yEDS5AN7k4O9seg",
            "name": "products",
            "type": null,
            "modifiers": [
              "public"
            ],
            "position": {}
          },
          "position": {}
        },
        "_txXu4I-zEDS5AN7k4O9seg": {
          "key": "_txXu4I-zEDS5AN7k4O9seg",
          "name": "suppliersTree",
          "type": null,
          "probability": 1,
          "modifiers": [
            "public"
          ],
          "to_variable": {
            "key": "_uyAFcI-zEDS5AN7k4O9seg",
            "name": "suppliersTree",
            "type": null,
            "modifiers": [
              "public"
            ],
            "position": {}
          },
          "position": {}
        }
      }
    },
    "fields_to_fields_data_clump-./P5_SOGNII.mxml-_B_0QEI-yEDS5AN7k4O9seg-_g8r4QI-vEDS5AN7k4O9seg-referenceTablesproductssuppliersTree": {
      "type": "data_clump",
      "key": "fields_to_fields_data_clump-./P5_SOGNII.mxml-_B_0QEI-yEDS5AN7k4O9seg-_g8r4QI-vEDS5AN7k4O9seg-referenceTablesproductssuppliersTree",
      "probability": 1,
      "from_file_path": "./P5_SOGNII.mxml",
      "from_class_or_interface_name": "P5_SOGNII.mxml",
      "from_class_or_interface_key": "_B_0QEI-yEDS5AN7k4O9seg",
      "from_method_name": null,
      "from_method_key": null,
      "to_file_path": "./P5_NII_Adv.mxml",
      "to_class_or_interface_key": "_g8r4QI-vEDS5AN7k4O9seg",
      "to_class_or_interface_name": "P5_SOGNII.mxml",
      "to_method_key": null,
      "to_method_name": null,
      "data_clump_type": "fields_to_fields_data_clump",
      "data_clump_data": {
        "_fWUQAI-yEDS5AN7k4O9seg": {
          "key": "_fWUQAI-yEDS5AN7k4O9seg",
          "name": "referenceTables",
          "type": null,
          "probability": 1,
          "modifiers": [
            "public"
          ],
          "to_variable": {
            "key": "_ZWKEYI-yEDS5AN7k4O9seg",
            "name": "referenceTables",
            "type": null,
            "modifiers": [
              "public"
            ],
            "position": {}
          },
          "position": {}
        },
        "_nlwWoI-yEDS5AN7k4O9seg": {
          "key": "_nlwWoI-yEDS5AN7k4O9seg",
          "name": "products",
          "type": null,
          "probability": 1,
          "modifiers": [
            "public"
          ],
          "to_variable": {
            "key": "_lthCoI-yEDS5AN7k4O9seg",
            "name": "products",
            "type": null,
            "modifiers": [
              "public"
            ],
            "position": {}
          },
          "position": {}
        },
        "_txXu4I-zEDS5AN7k4O9seg": {
          "key": "_txXu4I-zEDS5AN7k4O9seg",
          "name": "suppliersTree",
          "type": null,
          "probability": 1,
          "modifiers": [
            "public"
          ],
          "to_variable": {
            "key": "_oaw2kI-zEDS5AN7k4O9seg",
            "name": "suppliersTree",
            "type": null,
            "modifiers": [
              "public"
            ],
            "position": {}
          },
          "position": {}
        }
      }
    }
  }
}