{
  "report_version": "unknown",
  "report_timestamp": "2025-03-26T23:04:31.705Z",
  "target_language": "java",
  "report_summary": {
    "additional": null,
    "amount_classes_or_interfaces_with_data_clumps": 3,
    "amount_files_with_data_clumps": 3,
    "amount_methods_with_data_clumps": 4,
    "fields_to_fields_data_clump": 0,
    "parameters_to_fields_data_clump": 4,
    "parameters_to_parameters_data_clump": 12,
    "amount_data_clumps": 16
  },
  "project_info": {
    "project_url": "unknown_project_url",
    "project_name": "_DH0osGAbEeSxbuds2AiWrA",
    "project_version": "unknown_project_version",
    "project_commit_hash": "unknown",
    "project_tag": null,
    "project_commit_date": null,
    "additional": {},
    "number_of_files": 13,
    "number_of_classes_or_interfaces": 13,
    "number_of_methods": 35,
    "number_of_data_fields": 14,
    "number_of_method_parameters": 51
  },
  "detector": {
    "name": "data-clumps-doctor",
    "url": "https://github.com/NilsBaumgartner1994/data-clumps-doctor",
    "version": "0.1.100",
    "options": {
      "typeVariablesConsidered": false,
      "similarityModifierOfVariablesWithUnknownType": 0,
      "fieldsOfClassesWithUnknownHierarchyProbabilityModifier": 0,
      "sharedFieldsToFieldsAmountMinimum": 3,
      "analyseFieldsInClassesOrInterfacesInheritedFromSuperClassesOrInterfaces": false,
      "sharedParametersToParametersAmountMinimum": 3,
      "sharedParametersToFieldsAmountMinimum": 3,
      "methodsOfClassesOrInterfacesWithUnknownHierarchyProbabilityModifier": 0
    }
  },
  "data_clumps": {
    "parameters_to_parameters_data_clump-./Admin-_Nh2O4EJLEDK-pbsMuTsssA-_ekKgYEJLEDKX0sE3fFPBqg-nomprenommotdepassesociete": {
      "type": "data_clump",
      "key": "parameters_to_parameters_data_clump-./Admin-_Nh2O4EJLEDK-pbsMuTsssA-_ekKgYEJLEDKX0sE3fFPBqg-nomprenommotdepassesociete",
      "probability": 1,
      "from_file_path": "./Admin",
      "from_class_or_interface_name": "Admin",
      "from_class_or_interface_key": "_WXnAkEJJEDKX0sE3fFPBqg",
      "from_method_name": "creerStagiaire",
      "from_method_key": "_Nh2O4EJLEDK-pbsMuTsssA",
      "to_file_path": "./Admin",
      "to_class_or_interface_name": "Admin",
      "to_class_or_interface_key": "_WXnAkEJJEDKX0sE3fFPBqg",
      "to_method_name": "modifierStagiaire",
      "to_method_key": "_ekKgYEJLEDKX0sE3fFPBqg",
      "data_clump_type": "parameters_to_parameters_data_clump",
      "data_clump_data": {
        "_K0Qx0EJMEDKX0sE3fFPBqg": {
          "key": "_K0Qx0EJMEDKX0sE3fFPBqg",
          "name": "nom",
          "type": null,
          "probability": 1,
          "modifiers": [],
          "to_variable": {
            "key": "_WLRGUEJMEDKX0sE3fFPBqg",
            "name": "nom",
            "type": null,
            "modifiers": [],
            "position": {}
          },
          "position": {}
        },
        "_Nl0TcEJMEDKX0sE3fFPBqg": {
          "key": "_Nl0TcEJMEDKX0sE3fFPBqg",
          "name": "prenom",
          "type": null,
          "probability": 1,
          "modifiers": [],
          "to_variable": {
            "key": "_WlOecEJMEDKX0sE3fFPBqg",
            "name": "prenom",
            "type": null,
            "modifiers": [],
            "position": {}
          },
          "position": {}
        },
        "_PEBW0EJMEDKX0sE3fFPBqg": {
          "key": "_PEBW0EJMEDKX0sE3fFPBqg",
          "name": "motdepasse",
          "type": null,
          "probability": 1,
          "modifiers": [],
          "to_variable": {
            "key": "_XSIAsEJMEDKX0sE3fFPBqg",
            "name": "motdepasse",
            "type": null,
            "modifiers": [],
            "position": {}
          },
          "position": {}
        },
        "_Rx1A4EJMEDKX0sE3fFPBqg": {
          "key": "_Rx1A4EJMEDKX0sE3fFPBqg",
          "name": "societe",
          "type": null,
          "probability": 1,
          "modifiers": [],
          "to_variable": {
            "key": "_XsBHYEJMEDKX0sE3fFPBqg",
            "name": "societe",
            "type": null,
            "modifiers": [],
            "position": {}
          },
          "position": {}
        }
      }
    },
    "parameters_to_parameters_data_clump-./Admin-_Nh2O4EJLEDK-pbsMuTsssA-_dE2CsEJLEDK-pbsMuTsssA-nomprenomsociete": {
      "type": "data_clump",
      "key": "parameters_to_parameters_data_clump-./Admin-_Nh2O4EJLEDK-pbsMuTsssA-_dE2CsEJLEDK-pbsMuTsssA-nomprenomsociete",
      "probability": 1,
      "from_file_path": "./Admin",
      "from_class_or_interface_name": "Admin",
      "from_class_or_interface_key": "_WXnAkEJJEDKX0sE3fFPBqg",
      "from_method_name": "creerStagiaire",
      "from_method_key": "_Nh2O4EJLEDK-pbsMuTsssA",
      "to_file_path": "./Stagiaire",
      "to_class_or_interface_name": "Stagiaire",
      "to_class_or_interface_key": "_ZXqRMEJJEDKX0sE3fFPBqg",
      "to_method_name": "stagiaire",
      "to_method_key": "_dE2CsEJLEDK-pbsMuTsssA",
      "data_clump_type": "parameters_to_parameters_data_clump",
      "data_clump_data": {
        "_K0Qx0EJMEDKX0sE3fFPBqg": {
          "key": "_K0Qx0EJMEDKX0sE3fFPBqg",
          "name": "nom",
          "type": null,
          "probability": 1,
          "modifiers": [],
          "to_variable": {
            "key": "_f8e-MEJLEDK-pbsMuTsssA",
            "name": "nom",
            "type": null,
            "modifiers": [],
            "position": {}
          },
          "position": {}
        },
        "_Nl0TcEJMEDKX0sE3fFPBqg": {
          "key": "_Nl0TcEJMEDKX0sE3fFPBqg",
          "name": "prenom",
          "type": null,
          "probability": 1,
          "modifiers": [],
          "to_variable": {
            "key": "_iVYvQEJLEDK-pbsMuTsssA",
            "name": "prenom",
            "type": null,
            "modifiers": [],
            "position": {}
          },
          "position": {}
        },
        "_Rx1A4EJMEDKX0sE3fFPBqg": {
          "key": "_Rx1A4EJMEDKX0sE3fFPBqg",
          "name": "societe",
          "type": null,
          "probability": 1,
          "modifiers": [],
          "to_variable": {
            "key": "_lco0EEJLEDK-pbsMuTsssA",
            "name": "societe",
            "type": null,
            "modifiers": [],
            "position": {}
          },
          "position": {}
        }
      }
    },
    "parameters_to_parameters_data_clump-./Admin-_Nh2O4EJLEDK-pbsMuTsssA-__n5y0EJmEDKFLbJGRoukhQ-nomprenomsociete": {
      "type": "data_clump",
      "key": "parameters_to_parameters_data_clump-./Admin-_Nh2O4EJLEDK-pbsMuTsssA-__n5y0EJmEDKFLbJGRoukhQ-nomprenomsociete",
      "probability": 1,
      "from_file_path": "./Admin",
      "from_class_or_interface_name": "Admin",
      "from_class_or_interface_key": "_WXnAkEJJEDKX0sE3fFPBqg",
      "from_method_name": "creerStagiaire",
      "from_method_key": "_Nh2O4EJLEDK-pbsMuTsssA",
      "to_file_path": "./User",
      "to_class_or_interface_name": "User",
      "to_class_or_interface_key": "_Rhm68UJJEDK-pbsMuTsssA",
      "to_method_name": "user",
      "to_method_key": "__n5y0EJmEDKFLbJGRoukhQ",
      "data_clump_type": "parameters_to_parameters_data_clump",
      "data_clump_data": {
        "_K0Qx0EJMEDKX0sE3fFPBqg": {
          "key": "_K0Qx0EJMEDKX0sE3fFPBqg",
          "name": "nom",
          "type": null,
          "probability": 1,
          "modifiers": [],
          "to_variable": {
            "key": "_BZBLIEJnEDKFLbJGRoukhQ",
            "name": "nom",
            "type": null,
            "modifiers": [],
            "position": {}
          },
          "position": {}
        },
        "_Nl0TcEJMEDKX0sE3fFPBqg": {
          "key": "_Nl0TcEJMEDKX0sE3fFPBqg",
          "name": "prenom",
          "type": null,
          "probability": 1,
          "modifiers": [],
          "to_variable": {
            "key": "_BlDcAEJnEDKFLbJGRoukhQ",
            "name": "prenom",
            "type": null,
            "modifiers": [],
            "position": {}
          },
          "position": {}
        },
        "_Rx1A4EJMEDKX0sE3fFPBqg": {
          "key": "_Rx1A4EJMEDKX0sE3fFPBqg",
          "name": "societe",
          "type": null,
          "probability": 1,
          "modifiers": [],
          "to_variable": {
            "key": "_CK4s8EJnEDKFLbJGRoukhQ",
            "name": "societe",
            "type": null,
            "modifiers": [],
            "position": {}
          },
          "position": {}
        }
      }
    },
    "parameters_to_fields_data_clump-./Admin-_Nh2O4EJLEDK-pbsMuTsssA-_Rhm68UJJEDK-pbsMuTsssA-nomprenomsociete": {
      "type": "data_clump",
      "key": "parameters_to_fields_data_clump-./Admin-_Nh2O4EJLEDK-pbsMuTsssA-_Rhm68UJJEDK-pbsMuTsssA-nomprenomsociete",
      "probability": 1,
      "from_file_path": "./Admin",
      "from_class_or_interface_name": "Admin",
      "from_class_or_interface_key": "_WXnAkEJJEDKX0sE3fFPBqg",
      "from_method_name": "creerStagiaire",
      "from_method_key": "_Nh2O4EJLEDK-pbsMuTsssA",
      "to_file_path": "./User",
      "to_class_or_interface_name": "User",
      "to_class_or_interface_key": "_Rhm68UJJEDK-pbsMuTsssA",
      "to_method_name": null,
      "to_method_key": null,
      "data_clump_type": "parameters_to_fields_data_clump",
      "data_clump_data": {
        "_K0Qx0EJMEDKX0sE3fFPBqg": {
          "key": "_K0Qx0EJMEDKX0sE3fFPBqg",
          "name": "nom",
          "type": null,
          "probability": 1,
          "modifiers": [],
          "to_variable": {
            "key": "_wmfdYEJLEDKX0sE3fFPBqg",
            "name": "nom",
            "type": null,
            "modifiers": [
              "private"
            ],
            "position": {}
          },
          "position": {}
        },
        "_Nl0TcEJMEDKX0sE3fFPBqg": {
          "key": "_Nl0TcEJMEDKX0sE3fFPBqg",
          "name": "prenom",
          "type": null,
          "probability": 1,
          "modifiers": [],
          "to_variable": {
            "key": "_Fa78sEJMEDKX0sE3fFPBqg",
            "name": "prenom",
            "type": null,
            "modifiers": [
              "private"
            ],
            "position": {}
          },
          "position": {}
        },
        "_Rx1A4EJMEDKX0sE3fFPBqg": {
          "key": "_Rx1A4EJMEDKX0sE3fFPBqg",
          "name": "societe",
          "type": null,
          "probability": 1,
          "modifiers": [],
          "to_variable": {
            "key": "_4cqIYEJLEDKX0sE3fFPBqg",
            "name": "societe",
            "type": null,
            "modifiers": [
              "private"
            ],
            "position": {}
          },
          "position": {}
        }
      }
    },
    "parameters_to_parameters_data_clump-./Admin-_ekKgYEJLEDKX0sE3fFPBqg-_Nh2O4EJLEDK-pbsMuTsssA-nomprenommotdepassesociete": {
      "type": "data_clump",
      "key": "parameters_to_parameters_data_clump-./Admin-_ekKgYEJLEDKX0sE3fFPBqg-_Nh2O4EJLEDK-pbsMuTsssA-nomprenommotdepassesociete",
      "probability": 1,
      "from_file_path": "./Admin",
      "from_class_or_interface_name": "Admin",
      "from_class_or_interface_key": "_WXnAkEJJEDKX0sE3fFPBqg",
      "from_method_name": "modifierStagiaire",
      "from_method_key": "_ekKgYEJLEDKX0sE3fFPBqg",
      "to_file_path": "./Admin",
      "to_class_or_interface_name": "Admin",
      "to_class_or_interface_key": "_WXnAkEJJEDKX0sE3fFPBqg",
      "to_method_name": "creerStagiaire",
      "to_method_key": "_Nh2O4EJLEDK-pbsMuTsssA",
      "data_clump_type": "parameters_to_parameters_data_clump",
      "data_clump_data": {
        "_WLRGUEJMEDKX0sE3fFPBqg": {
          "key": "_WLRGUEJMEDKX0sE3fFPBqg",
          "name": "nom",
          "type": null,
          "probability": 1,
          "modifiers": [],
          "to_variable": {
            "key": "_K0Qx0EJMEDKX0sE3fFPBqg",
            "name": "nom",
            "type": null,
            "modifiers": [],
            "position": {}
          },
          "position": {}
        },
        "_WlOecEJMEDKX0sE3fFPBqg": {
          "key": "_WlOecEJMEDKX0sE3fFPBqg",
          "name": "prenom",
          "type": null,
          "probability": 1,
          "modifiers": [],
          "to_variable": {
            "key": "_Nl0TcEJMEDKX0sE3fFPBqg",
            "name": "prenom",
            "type": null,
            "modifiers": [],
            "position": {}
          },
          "position": {}
        },
        "_XSIAsEJMEDKX0sE3fFPBqg": {
          "key": "_XSIAsEJMEDKX0sE3fFPBqg",
          "name": "motdepasse",
          "type": null,
          "probability": 1,
          "modifiers": [],
          "to_variable": {
            "key": "_PEBW0EJMEDKX0sE3fFPBqg",
            "name": "motdepasse",
            "type": null,
            "modifiers": [],
            "position": {}
          },
          "position": {}
        },
        "_XsBHYEJMEDKX0sE3fFPBqg": {
          "key": "_XsBHYEJMEDKX0sE3fFPBqg",
          "name": "societe",
          "type": null,
          "probability": 1,
          "modifiers": [],
          "to_variable": {
            "key": "_Rx1A4EJMEDKX0sE3fFPBqg",
            "name": "societe",
            "type": null,
            "modifiers": [],
            "position": {}
          },
          "position": {}
        }
      }
    },
    "parameters_to_parameters_data_clump-./Admin-_ekKgYEJLEDKX0sE3fFPBqg-_dE2CsEJLEDK-pbsMuTsssA-nomprenomsociete": {
      "type": "data_clump",
      "key": "parameters_to_parameters_data_clump-./Admin-_ekKgYEJLEDKX0sE3fFPBqg-_dE2CsEJLEDK-pbsMuTsssA-nomprenomsociete",
      "probability": 1,
      "from_file_path": "./Admin",
      "from_class_or_interface_name": "Admin",
      "from_class_or_interface_key": "_WXnAkEJJEDKX0sE3fFPBqg",
      "from_method_name": "modifierStagiaire",
      "from_method_key": "_ekKgYEJLEDKX0sE3fFPBqg",
      "to_file_path": "./Stagiaire",
      "to_class_or_interface_name": "Stagiaire",
      "to_class_or_interface_key": "_ZXqRMEJJEDKX0sE3fFPBqg",
      "to_method_name": "stagiaire",
      "to_method_key": "_dE2CsEJLEDK-pbsMuTsssA",
      "data_clump_type": "parameters_to_parameters_data_clump",
      "data_clump_data": {
        "_WLRGUEJMEDKX0sE3fFPBqg": {
          "key": "_WLRGUEJMEDKX0sE3fFPBqg",
          "name": "nom",
          "type": null,
          "probability": 1,
          "modifiers": [],
          "to_variable": {
            "key": "_f8e-MEJLEDK-pbsMuTsssA",
            "name": "nom",
            "type": null,
            "modifiers": [],
            "position": {}
          },
          "position": {}
        },
        "_WlOecEJMEDKX0sE3fFPBqg": {
          "key": "_WlOecEJMEDKX0sE3fFPBqg",
          "name": "prenom",
          "type": null,
          "probability": 1,
          "modifiers": [],
          "to_variable": {
            "key": "_iVYvQEJLEDK-pbsMuTsssA",
            "name": "prenom",
            "type": null,
            "modifiers": [],
            "position": {}
          },
          "position": {}
        },
        "_XsBHYEJMEDKX0sE3fFPBqg": {
          "key": "_XsBHYEJMEDKX0sE3fFPBqg",
          "name": "societe",
          "type": null,
          "probability": 1,
          "modifiers": [],
          "to_variable": {
            "key": "_lco0EEJLEDK-pbsMuTsssA",
            "name": "societe",
            "type": null,
            "modifiers": [],
            "position": {}
          },
          "position": {}
        }
      }
    },
    "parameters_to_parameters_data_clump-./Admin-_ekKgYEJLEDKX0sE3fFPBqg-__n5y0EJmEDKFLbJGRoukhQ-nomprenomsociete": {
      "type": "data_clump",
      "key": "parameters_to_parameters_data_clump-./Admin-_ekKgYEJLEDKX0sE3fFPBqg-__n5y0EJmEDKFLbJGRoukhQ-nomprenomsociete",
      "probability": 1,
      "from_file_path": "./Admin",
      "from_class_or_interface_name": "Admin",
      "from_class_or_interface_key": "_WXnAkEJJEDKX0sE3fFPBqg",
      "from_method_name": "modifierStagiaire",
      "from_method_key": "_ekKgYEJLEDKX0sE3fFPBqg",
      "to_file_path": "./User",
      "to_class_or_interface_name": "User",
      "to_class_or_interface_key": "_Rhm68UJJEDK-pbsMuTsssA",
      "to_method_name": "user",
      "to_method_key": "__n5y0EJmEDKFLbJGRoukhQ",
      "data_clump_type": "parameters_to_parameters_data_clump",
      "data_clump_data": {
        "_WLRGUEJMEDKX0sE3fFPBqg": {
          "key": "_WLRGUEJMEDKX0sE3fFPBqg",
          "name": "nom",
          "type": null,
          "probability": 1,
          "modifiers": [],
          "to_variable": {
            "key": "_BZBLIEJnEDKFLbJGRoukhQ",
            "name": "nom",
            "type": null,
            "modifiers": [],
            "position": {}
          },
          "position": {}
        },
        "_WlOecEJMEDKX0sE3fFPBqg": {
          "key": "_WlOecEJMEDKX0sE3fFPBqg",
          "name": "prenom",
          "type": null,
          "probability": 1,
          "modifiers": [],
          "to_variable": {
            "key": "_BlDcAEJnEDKFLbJGRoukhQ",
            "name": "prenom",
            "type": null,
            "modifiers": [],
            "position": {}
          },
          "position": {}
        },
        "_XsBHYEJMEDKX0sE3fFPBqg": {
          "key": "_XsBHYEJMEDKX0sE3fFPBqg",
          "name": "societe",
          "type": null,
          "probability": 1,
          "modifiers": [],
          "to_variable": {
            "key": "_CK4s8EJnEDKFLbJGRoukhQ",
            "name": "societe",
            "type": null,
            "modifiers": [],
            "position": {}
          },
          "position": {}
        }
      }
    },
    "parameters_to_fields_data_clump-./Admin-_ekKgYEJLEDKX0sE3fFPBqg-_Rhm68UJJEDK-pbsMuTsssA-nomprenomsociete": {
      "type": "data_clump",
      "key": "parameters_to_fields_data_clump-./Admin-_ekKgYEJLEDKX0sE3fFPBqg-_Rhm68UJJEDK-pbsMuTsssA-nomprenomsociete",
      "probability": 1,
      "from_file_path": "./Admin",
      "from_class_or_interface_name": "Admin",
      "from_class_or_interface_key": "_WXnAkEJJEDKX0sE3fFPBqg",
      "from_method_name": "modifierStagiaire",
      "from_method_key": "_ekKgYEJLEDKX0sE3fFPBqg",
      "to_file_path": "./User",
      "to_class_or_interface_name": "User",
      "to_class_or_interface_key": "_Rhm68UJJEDK-pbsMuTsssA",
      "to_method_name": null,
      "to_method_key": null,
      "data_clump_type": "parameters_to_fields_data_clump",
      "data_clump_data": {
        "_WLRGUEJMEDKX0sE3fFPBqg": {
          "key": "_WLRGUEJMEDKX0sE3fFPBqg",
          "name": "nom",
          "type": null,
          "probability": 1,
          "modifiers": [],
          "to_variable": {
            "key": "_wmfdYEJLEDKX0sE3fFPBqg",
            "name": "nom",
            "type": null,
            "modifiers": [
              "private"
            ],
            "position": {}
          },
          "position": {}
        },
        "_WlOecEJMEDKX0sE3fFPBqg": {
          "key": "_WlOecEJMEDKX0sE3fFPBqg",
          "name": "prenom",
          "type": null,
          "probability": 1,
          "modifiers": [],
          "to_variable": {
            "key": "_Fa78sEJMEDKX0sE3fFPBqg",
            "name": "prenom",
            "type": null,
            "modifiers": [
              "private"
            ],
            "position": {}
          },
          "position": {}
        },
        "_XsBHYEJMEDKX0sE3fFPBqg": {
          "key": "_XsBHYEJMEDKX0sE3fFPBqg",
          "name": "societe",
          "type": null,
          "probability": 1,
          "modifiers": [],
          "to_variable": {
            "key": "_4cqIYEJLEDKX0sE3fFPBqg",
            "name": "societe",
            "type": null,
            "modifiers": [
              "private"
            ],
            "position": {}
          },
          "position": {}
        }
      }
    },
    "parameters_to_parameters_data_clump-./Stagiaire-_dE2CsEJLEDK-pbsMuTsssA-_Nh2O4EJLEDK-pbsMuTsssA-nomprenomsociete": {
      "type": "data_clump",
      "key": "parameters_to_parameters_data_clump-./Stagiaire-_dE2CsEJLEDK-pbsMuTsssA-_Nh2O4EJLEDK-pbsMuTsssA-nomprenomsociete",
      "probability": 1,
      "from_file_path": "./Stagiaire",
      "from_class_or_interface_name": "Stagiaire",
      "from_class_or_interface_key": "_ZXqRMEJJEDKX0sE3fFPBqg",
      "from_method_name": "stagiaire",
      "from_method_key": "_dE2CsEJLEDK-pbsMuTsssA",
      "to_file_path": "./Admin",
      "to_class_or_interface_name": "Admin",
      "to_class_or_interface_key": "_WXnAkEJJEDKX0sE3fFPBqg",
      "to_method_name": "creerStagiaire",
      "to_method_key": "_Nh2O4EJLEDK-pbsMuTsssA",
      "data_clump_type": "parameters_to_parameters_data_clump",
      "data_clump_data": {
        "_f8e-MEJLEDK-pbsMuTsssA": {
          "key": "_f8e-MEJLEDK-pbsMuTsssA",
          "name": "nom",
          "type": null,
          "probability": 1,
          "modifiers": [],
          "to_variable": {
            "key": "_K0Qx0EJMEDKX0sE3fFPBqg",
            "name": "nom",
            "type": null,
            "modifiers": [],
            "position": {}
          },
          "position": {}
        },
        "_iVYvQEJLEDK-pbsMuTsssA": {
          "key": "_iVYvQEJLEDK-pbsMuTsssA",
          "name": "prenom",
          "type": null,
          "probability": 1,
          "modifiers": [],
          "to_variable": {
            "key": "_Nl0TcEJMEDKX0sE3fFPBqg",
            "name": "prenom",
            "type": null,
            "modifiers": [],
            "position": {}
          },
          "position": {}
        },
        "_lco0EEJLEDK-pbsMuTsssA": {
          "key": "_lco0EEJLEDK-pbsMuTsssA",
          "name": "societe",
          "type": null,
          "probability": 1,
          "modifiers": [],
          "to_variable": {
            "key": "_Rx1A4EJMEDKX0sE3fFPBqg",
            "name": "societe",
            "type": null,
            "modifiers": [],
            "position": {}
          },
          "position": {}
        }
      }
    },
    "parameters_to_parameters_data_clump-./Stagiaire-_dE2CsEJLEDK-pbsMuTsssA-_ekKgYEJLEDKX0sE3fFPBqg-nomprenomsociete": {
      "type": "data_clump",
      "key": "parameters_to_parameters_data_clump-./Stagiaire-_dE2CsEJLEDK-pbsMuTsssA-_ekKgYEJLEDKX0sE3fFPBqg-nomprenomsociete",
      "probability": 1,
      "from_file_path": "./Stagiaire",
      "from_class_or_interface_name": "Stagiaire",
      "from_class_or_interface_key": "_ZXqRMEJJEDKX0sE3fFPBqg",
      "from_method_name": "stagiaire",
      "from_method_key": "_dE2CsEJLEDK-pbsMuTsssA",
      "to_file_path": "./Admin",
      "to_class_or_interface_name": "Admin",
      "to_class_or_interface_key": "_WXnAkEJJEDKX0sE3fFPBqg",
      "to_method_name": "modifierStagiaire",
      "to_method_key": "_ekKgYEJLEDKX0sE3fFPBqg",
      "data_clump_type": "parameters_to_parameters_data_clump",
      "data_clump_data": {
        "_f8e-MEJLEDK-pbsMuTsssA": {
          "key": "_f8e-MEJLEDK-pbsMuTsssA",
          "name": "nom",
          "type": null,
          "probability": 1,
          "modifiers": [],
          "to_variable": {
            "key": "_WLRGUEJMEDKX0sE3fFPBqg",
            "name": "nom",
            "type": null,
            "modifiers": [],
            "position": {}
          },
          "position": {}
        },
        "_iVYvQEJLEDK-pbsMuTsssA": {
          "key": "_iVYvQEJLEDK-pbsMuTsssA",
          "name": "prenom",
          "type": null,
          "probability": 1,
          "modifiers": [],
          "to_variable": {
            "key": "_WlOecEJMEDKX0sE3fFPBqg",
            "name": "prenom",
            "type": null,
            "modifiers": [],
            "position": {}
          },
          "position": {}
        },
        "_lco0EEJLEDK-pbsMuTsssA": {
          "key": "_lco0EEJLEDK-pbsMuTsssA",
          "name": "societe",
          "type": null,
          "probability": 1,
          "modifiers": [],
          "to_variable": {
            "key": "_XsBHYEJMEDKX0sE3fFPBqg",
            "name": "societe",
            "type": null,
            "modifiers": [],
            "position": {}
          },
          "position": {}
        }
      }
    },
    "parameters_to_parameters_data_clump-./Stagiaire-_dE2CsEJLEDK-pbsMuTsssA-__n5y0EJmEDKFLbJGRoukhQ-nomprenomsocietepassword": {
      "type": "data_clump",
      "key": "parameters_to_parameters_data_clump-./Stagiaire-_dE2CsEJLEDK-pbsMuTsssA-__n5y0EJmEDKFLbJGRoukhQ-nomprenomsocietepassword",
      "probability": 1,
      "from_file_path": "./Stagiaire",
      "from_class_or_interface_name": "Stagiaire",
      "from_class_or_interface_key": "_ZXqRMEJJEDKX0sE3fFPBqg",
      "from_method_name": "stagiaire",
      "from_method_key": "_dE2CsEJLEDK-pbsMuTsssA",
      "to_file_path": "./User",
      "to_class_or_interface_name": "User",
      "to_class_or_interface_key": "_Rhm68UJJEDK-pbsMuTsssA",
      "to_method_name": "user",
      "to_method_key": "__n5y0EJmEDKFLbJGRoukhQ",
      "data_clump_type": "parameters_to_parameters_data_clump",
      "data_clump_data": {
        "_f8e-MEJLEDK-pbsMuTsssA": {
          "key": "_f8e-MEJLEDK-pbsMuTsssA",
          "name": "nom",
          "type": null,
          "probability": 1,
          "modifiers": [],
          "to_variable": {
            "key": "_BZBLIEJnEDKFLbJGRoukhQ",
            "name": "nom",
            "type": null,
            "modifiers": [],
            "position": {}
          },
          "position": {}
        },
        "_iVYvQEJLEDK-pbsMuTsssA": {
          "key": "_iVYvQEJLEDK-pbsMuTsssA",
          "name": "prenom",
          "type": null,
          "probability": 1,
          "modifiers": [],
          "to_variable": {
            "key": "_BlDcAEJnEDKFLbJGRoukhQ",
            "name": "prenom",
            "type": null,
            "modifiers": [],
            "position": {}
          },
          "position": {}
        },
        "_lco0EEJLEDK-pbsMuTsssA": {
          "key": "_lco0EEJLEDK-pbsMuTsssA",
          "name": "societe",
          "type": null,
          "probability": 1,
          "modifiers": [],
          "to_variable": {
            "key": "_CK4s8EJnEDKFLbJGRoukhQ",
            "name": "societe",
            "type": null,
            "modifiers": [],
            "position": {}
          },
          "position": {}
        },
        "_mmexAEJLEDK-pbsMuTsssA": {
          "key": "_mmexAEJLEDK-pbsMuTsssA",
          "name": "password",
          "type": null,
          "probability": 1,
          "modifiers": [],
          "to_variable": {
            "key": "_H3GB0EJnEDKFLbJGRoukhQ",
            "name": "password",
            "type": null,
            "modifiers": [],
            "position": {}
          },
          "position": {}
        }
      }
    },
    "parameters_to_fields_data_clump-./Stagiaire-_dE2CsEJLEDK-pbsMuTsssA-_Rhm68UJJEDK-pbsMuTsssA-nomprenomsocietepassword": {
      "type": "data_clump",
      "key": "parameters_to_fields_data_clump-./Stagiaire-_dE2CsEJLEDK-pbsMuTsssA-_Rhm68UJJEDK-pbsMuTsssA-nomprenomsocietepassword",
      "probability": 1,
      "from_file_path": "./Stagiaire",
      "from_class_or_interface_name": "Stagiaire",
      "from_class_or_interface_key": "_ZXqRMEJJEDKX0sE3fFPBqg",
      "from_method_name": "stagiaire",
      "from_method_key": "_dE2CsEJLEDK-pbsMuTsssA",
      "to_file_path": "./User",
      "to_class_or_interface_name": "User",
      "to_class_or_interface_key": "_Rhm68UJJEDK-pbsMuTsssA",
      "to_method_name": null,
      "to_method_key": null,
      "data_clump_type": "parameters_to_fields_data_clump",
      "data_clump_data": {
        "_f8e-MEJLEDK-pbsMuTsssA": {
          "key": "_f8e-MEJLEDK-pbsMuTsssA",
          "name": "nom",
          "type": null,
          "probability": 1,
          "modifiers": [],
          "to_variable": {
            "key": "_wmfdYEJLEDKX0sE3fFPBqg",
            "name": "nom",
            "type": null,
            "modifiers": [
              "private"
            ],
            "position": {}
          },
          "position": {}
        },
        "_iVYvQEJLEDK-pbsMuTsssA": {
          "key": "_iVYvQEJLEDK-pbsMuTsssA",
          "name": "prenom",
          "type": null,
          "probability": 1,
          "modifiers": [],
          "to_variable": {
            "key": "_Fa78sEJMEDKX0sE3fFPBqg",
            "name": "prenom",
            "type": null,
            "modifiers": [
              "private"
            ],
            "position": {}
          },
          "position": {}
        },
        "_lco0EEJLEDK-pbsMuTsssA": {
          "key": "_lco0EEJLEDK-pbsMuTsssA",
          "name": "societe",
          "type": null,
          "probability": 1,
          "modifiers": [],
          "to_variable": {
            "key": "_4cqIYEJLEDKX0sE3fFPBqg",
            "name": "societe",
            "type": null,
            "modifiers": [
              "private"
            ],
            "position": {}
          },
          "position": {}
        },
        "_mmexAEJLEDK-pbsMuTsssA": {
          "key": "_mmexAEJLEDK-pbsMuTsssA",
          "name": "password",
          "type": null,
          "probability": 1,
          "modifiers": [],
          "to_variable": {
            "key": "_ejQ98EJKEDK-pbsMuTsssA",
            "name": "password",
            "type": null,
            "modifiers": [
              "private"
            ],
            "position": {}
          },
          "position": {}
        }
      }
    },
    "parameters_to_parameters_data_clump-./User-__n5y0EJmEDKFLbJGRoukhQ-_Nh2O4EJLEDK-pbsMuTsssA-nomprenomsociete": {
      "type": "data_clump",
      "key": "parameters_to_parameters_data_clump-./User-__n5y0EJmEDKFLbJGRoukhQ-_Nh2O4EJLEDK-pbsMuTsssA-nomprenomsociete",
      "probability": 1,
      "from_file_path": "./User",
      "from_class_or_interface_name": "User",
      "from_class_or_interface_key": "_Rhm68UJJEDK-pbsMuTsssA",
      "from_method_name": "user",
      "from_method_key": "__n5y0EJmEDKFLbJGRoukhQ",
      "to_file_path": "./Admin",
      "to_class_or_interface_name": "Admin",
      "to_class_or_interface_key": "_WXnAkEJJEDKX0sE3fFPBqg",
      "to_method_name": "creerStagiaire",
      "to_method_key": "_Nh2O4EJLEDK-pbsMuTsssA",
      "data_clump_type": "parameters_to_parameters_data_clump",
      "data_clump_data": {
        "_BZBLIEJnEDKFLbJGRoukhQ": {
          "key": "_BZBLIEJnEDKFLbJGRoukhQ",
          "name": "nom",
          "type": null,
          "probability": 1,
          "modifiers": [],
          "to_variable": {
            "key": "_K0Qx0EJMEDKX0sE3fFPBqg",
            "name": "nom",
            "type": null,
            "modifiers": [],
            "position": {}
          },
          "position": {}
        },
        "_BlDcAEJnEDKFLbJGRoukhQ": {
          "key": "_BlDcAEJnEDKFLbJGRoukhQ",
          "name": "prenom",
          "type": null,
          "probability": 1,
          "modifiers": [],
          "to_variable": {
            "key": "_Nl0TcEJMEDKX0sE3fFPBqg",
            "name": "prenom",
            "type": null,
            "modifiers": [],
            "position": {}
          },
          "position": {}
        },
        "_CK4s8EJnEDKFLbJGRoukhQ": {
          "key": "_CK4s8EJnEDKFLbJGRoukhQ",
          "name": "societe",
          "type": null,
          "probability": 1,
          "modifiers": [],
          "to_variable": {
            "key": "_Rx1A4EJMEDKX0sE3fFPBqg",
            "name": "societe",
            "type": null,
            "modifiers": [],
            "position": {}
          },
          "position": {}
        }
      }
    },
    "parameters_to_parameters_data_clump-./User-__n5y0EJmEDKFLbJGRoukhQ-_ekKgYEJLEDKX0sE3fFPBqg-nomprenomsociete": {
      "type": "data_clump",
      "key": "parameters_to_parameters_data_clump-./User-__n5y0EJmEDKFLbJGRoukhQ-_ekKgYEJLEDKX0sE3fFPBqg-nomprenomsociete",
      "probability": 1,
      "from_file_path": "./User",
      "from_class_or_interface_name": "User",
      "from_class_or_interface_key": "_Rhm68UJJEDK-pbsMuTsssA",
      "from_method_name": "user",
      "from_method_key": "__n5y0EJmEDKFLbJGRoukhQ",
      "to_file_path": "./Admin",
      "to_class_or_interface_name": "Admin",
      "to_class_or_interface_key": "_WXnAkEJJEDKX0sE3fFPBqg",
      "to_method_name": "modifierStagiaire",
      "to_method_key": "_ekKgYEJLEDKX0sE3fFPBqg",
      "data_clump_type": "parameters_to_parameters_data_clump",
      "data_clump_data": {
        "_BZBLIEJnEDKFLbJGRoukhQ": {
          "key": "_BZBLIEJnEDKFLbJGRoukhQ",
          "name": "nom",
          "type": null,
          "probability": 1,
          "modifiers": [],
          "to_variable": {
            "key": "_WLRGUEJMEDKX0sE3fFPBqg",
            "name": "nom",
            "type": null,
            "modifiers": [],
            "position": {}
          },
          "position": {}
        },
        "_BlDcAEJnEDKFLbJGRoukhQ": {
          "key": "_BlDcAEJnEDKFLbJGRoukhQ",
          "name": "prenom",
          "type": null,
          "probability": 1,
          "modifiers": [],
          "to_variable": {
            "key": "_WlOecEJMEDKX0sE3fFPBqg",
            "name": "prenom",
            "type": null,
            "modifiers": [],
            "position": {}
          },
          "position": {}
        },
        "_CK4s8EJnEDKFLbJGRoukhQ": {
          "key": "_CK4s8EJnEDKFLbJGRoukhQ",
          "name": "societe",
          "type": null,
          "probability": 1,
          "modifiers": [],
          "to_variable": {
            "key": "_XsBHYEJMEDKX0sE3fFPBqg",
            "name": "societe",
            "type": null,
            "modifiers": [],
            "position": {}
          },
          "position": {}
        }
      }
    },
    "parameters_to_parameters_data_clump-./User-__n5y0EJmEDKFLbJGRoukhQ-_dE2CsEJLEDK-pbsMuTsssA-nomprenomsocietepassword": {
      "type": "data_clump",
      "key": "parameters_to_parameters_data_clump-./User-__n5y0EJmEDKFLbJGRoukhQ-_dE2CsEJLEDK-pbsMuTsssA-nomprenomsocietepassword",
      "probability": 1,
      "from_file_path": "./User",
      "from_class_or_interface_name": "User",
      "from_class_or_interface_key": "_Rhm68UJJEDK-pbsMuTsssA",
      "from_method_name": "user",
      "from_method_key": "__n5y0EJmEDKFLbJGRoukhQ",
      "to_file_path": "./Stagiaire",
      "to_class_or_interface_name": "Stagiaire",
      "to_class_or_interface_key": "_ZXqRMEJJEDKX0sE3fFPBqg",
      "to_method_name": "stagiaire",
      "to_method_key": "_dE2CsEJLEDK-pbsMuTsssA",
      "data_clump_type": "parameters_to_parameters_data_clump",
      "data_clump_data": {
        "_BZBLIEJnEDKFLbJGRoukhQ": {
          "key": "_BZBLIEJnEDKFLbJGRoukhQ",
          "name": "nom",
          "type": null,
          "probability": 1,
          "modifiers": [],
          "to_variable": {
            "key": "_f8e-MEJLEDK-pbsMuTsssA",
            "name": "nom",
            "type": null,
            "modifiers": [],
            "position": {}
          },
          "position": {}
        },
        "_BlDcAEJnEDKFLbJGRoukhQ": {
          "key": "_BlDcAEJnEDKFLbJGRoukhQ",
          "name": "prenom",
          "type": null,
          "probability": 1,
          "modifiers": [],
          "to_variable": {
            "key": "_iVYvQEJLEDK-pbsMuTsssA",
            "name": "prenom",
            "type": null,
            "modifiers": [],
            "position": {}
          },
          "position": {}
        },
        "_CK4s8EJnEDKFLbJGRoukhQ": {
          "key": "_CK4s8EJnEDKFLbJGRoukhQ",
          "name": "societe",
          "type": null,
          "probability": 1,
          "modifiers": [],
          "to_variable": {
            "key": "_lco0EEJLEDK-pbsMuTsssA",
            "name": "societe",
            "type": null,
            "modifiers": [],
            "position": {}
          },
          "position": {}
        },
        "_H3GB0EJnEDKFLbJGRoukhQ": {
          "key": "_H3GB0EJnEDKFLbJGRoukhQ",
          "name": "password",
          "type": null,
          "probability": 1,
          "modifiers": [],
          "to_variable": {
            "key": "_mmexAEJLEDK-pbsMuTsssA",
            "name": "password",
            "type": null,
            "modifiers": [],
            "position": {}
          },
          "position": {}
        }
      }
    },
    "parameters_to_fields_data_clump-./User-__n5y0EJmEDKFLbJGRoukhQ-_Rhm68UJJEDK-pbsMuTsssA-pseudonomprenommailsocietepassword": {
      "type": "data_clump",
      "key": "parameters_to_fields_data_clump-./User-__n5y0EJmEDKFLbJGRoukhQ-_Rhm68UJJEDK-pbsMuTsssA-pseudonomprenommailsocietepassword",
      "probability": 1,
      "from_file_path": "./User",
      "from_class_or_interface_name": "User",
      "from_class_or_interface_key": "_Rhm68UJJEDK-pbsMuTsssA",
      "from_method_name": "user",
      "from_method_key": "__n5y0EJmEDKFLbJGRoukhQ",
      "to_file_path": "./User",
      "to_class_or_interface_name": "User",
      "to_class_or_interface_key": "_Rhm68UJJEDK-pbsMuTsssA",
      "to_method_name": null,
      "to_method_key": null,
      "data_clump_type": "parameters_to_fields_data_clump",
      "data_clump_data": {
        "_BC6_UEJnEDKFLbJGRoukhQ": {
          "key": "_BC6_UEJnEDKFLbJGRoukhQ",
          "name": "pseudo",
          "type": null,
          "probability": 1,
          "modifiers": [],
          "to_variable": {
            "key": "_2MB0cEJJEDK-pbsMuTsssA",
            "name": "pseudo",
            "type": null,
            "modifiers": [
              "private"
            ],
            "position": {}
          },
          "position": {}
        },
        "_BZBLIEJnEDKFLbJGRoukhQ": {
          "key": "_BZBLIEJnEDKFLbJGRoukhQ",
          "name": "nom",
          "type": null,
          "probability": 1,
          "modifiers": [],
          "to_variable": {
            "key": "_wmfdYEJLEDKX0sE3fFPBqg",
            "name": "nom",
            "type": null,
            "modifiers": [
              "private"
            ],
            "position": {}
          },
          "position": {}
        },
        "_BlDcAEJnEDKFLbJGRoukhQ": {
          "key": "_BlDcAEJnEDKFLbJGRoukhQ",
          "name": "prenom",
          "type": null,
          "probability": 1,
          "modifiers": [],
          "to_variable": {
            "key": "_Fa78sEJMEDKX0sE3fFPBqg",
            "name": "prenom",
            "type": null,
            "modifiers": [
              "private"
            ],
            "position": {}
          },
          "position": {}
        },
        "_BxVkgEJnEDKFLbJGRoukhQ": {
          "key": "_BxVkgEJnEDKFLbJGRoukhQ",
          "name": "mail",
          "type": null,
          "probability": 1,
          "modifiers": [],
          "to_variable": {
            "key": "_ny83QEJjEDKFLbJGRoukhQ",
            "name": "mail",
            "type": null,
            "modifiers": [
              "private"
            ],
            "position": {}
          },
          "position": {}
        },
        "_CK4s8EJnEDKFLbJGRoukhQ": {
          "key": "_CK4s8EJnEDKFLbJGRoukhQ",
          "name": "societe",
          "type": null,
          "probability": 1,
          "modifiers": [],
          "to_variable": {
            "key": "_4cqIYEJLEDKX0sE3fFPBqg",
            "name": "societe",
            "type": null,
            "modifiers": [
              "private"
            ],
            "position": {}
          },
          "position": {}
        },
        "_H3GB0EJnEDKFLbJGRoukhQ": {
          "key": "_H3GB0EJnEDKFLbJGRoukhQ",
          "name": "password",
          "type": null,
          "probability": 1,
          "modifiers": [],
          "to_variable": {
            "key": "_ejQ98EJKEDK-pbsMuTsssA",
            "name": "password",
            "type": null,
            "modifiers": [
              "private"
            ],
            "position": {}
          },
          "position": {}
        }
      }
    }
  }
}