{
  "report_version": "unknown",
  "report_timestamp": "2025-03-26T22:49:33.230Z",
  "target_language": "java",
  "report_summary": {
    "additional": null,
    "amount_classes_or_interfaces_with_data_clumps": 3,
    "amount_files_with_data_clumps": 3,
    "amount_methods_with_data_clumps": 0,
    "fields_to_fields_data_clump": 6,
    "parameters_to_fields_data_clump": 0,
    "parameters_to_parameters_data_clump": 0,
    "amount_data_clumps": 6
  },
  "project_info": {
    "project_url": "unknown_project_url",
    "project_name": "_FdYeAB40Ee2TQ77rRj9fOQ",
    "project_version": "unknown_project_version",
    "project_commit_hash": "unknown",
    "project_tag": null,
    "project_commit_date": null,
    "additional": {},
    "number_of_files": 10,
    "number_of_classes_or_interfaces": 10,
    "number_of_methods": 0,
    "number_of_data_fields": 37,
    "number_of_method_parameters": 0
  },
  "detector": {
    "name": "data-clumps-doctor",
    "url": "https://github.com/NilsBaumgartner1994/data-clumps-doctor",
    "version": "0.1.100",
    "options": {
      "typeVariablesConsidered": false,
      "similarityModifierOfVariablesWithUnknownType": 0,
      "fieldsOfClassesWithUnknownHierarchyProbabilityModifier": 0,
      "sharedFieldsToFieldsAmountMinimum": 3,
      "analyseFieldsInClassesOrInterfacesInheritedFromSuperClassesOrInterfaces": false,
      "sharedParametersToParametersAmountMinimum": 3,
      "sharedParametersToFieldsAmountMinimum": 3,
      "methodsOfClassesOrInterfacesWithUnknownHierarchyProbabilityModifier": 0
    }
  },
  "data_clumps": {
    "fields_to_fields_data_clump-./Producto-_Mv6ZsABiEDu4cZOHfRvCzg-_Xy8pUABiEDu4cZOHfRvCzg-idnombredescripcion": {
      "type": "data_clump",
      "key": "fields_to_fields_data_clump-./Producto-_Mv6ZsABiEDu4cZOHfRvCzg-_Xy8pUABiEDu4cZOHfRvCzg-idnombredescripcion",
      "probability": 1,
      "from_file_path": "./Producto",
      "from_class_or_interface_name": "Producto",
      "from_class_or_interface_key": "_Mv6ZsABiEDu4cZOHfRvCzg",
      "from_method_name": null,
      "from_method_key": null,
      "to_file_path": "./Receta",
      "to_class_or_interface_key": "_Xy8pUABiEDu4cZOHfRvCzg",
      "to_class_or_interface_name": "Producto",
      "to_method_key": null,
      "to_method_name": null,
      "data_clump_type": "fields_to_fields_data_clump",
      "data_clump_data": {
        "_8x4aQABiEDu4cZOHfRvCzg": {
          "key": "_8x4aQABiEDu4cZOHfRvCzg",
          "name": "id",
          "type": null,
          "probability": 1,
          "modifiers": [
            "private"
          ],
          "to_variable": {
            "key": "_OQtBkABjEDu4cZOHfRvCzg",
            "name": "id",
            "type": null,
            "modifiers": [
              "private"
            ],
            "position": {}
          },
          "position": {}
        },
        "_FXiogABjEDu4cZOHfRvCzg": {
          "key": "_FXiogABjEDu4cZOHfRvCzg",
          "name": "nombre",
          "type": null,
          "probability": 1,
          "modifiers": [
            "private"
          ],
          "to_variable": {
            "key": "_Pq5HoABjEDu4cZOHfRvCzg",
            "name": "nombre",
            "type": null,
            "modifiers": [
              "private"
            ],
            "position": {}
          },
          "position": {}
        },
        "_G3JaEABjEDu4cZOHfRvCzg": {
          "key": "_G3JaEABjEDu4cZOHfRvCzg",
          "name": "descripcion",
          "type": null,
          "probability": 1,
          "modifiers": [
            "private"
          ],
          "to_variable": {
            "key": "_RHoycABjEDu4cZOHfRvCzg",
            "name": "descripcion",
            "type": null,
            "modifiers": [
              "private"
            ],
            "position": {}
          },
          "position": {}
        }
      }
    },
    "fields_to_fields_data_clump-./Producto-_Mv6ZsABiEDu4cZOHfRvCzg-_lHUpcABiEDu4cZOHfRvCzg-idnombredescripcion": {
      "type": "data_clump",
      "key": "fields_to_fields_data_clump-./Producto-_Mv6ZsABiEDu4cZOHfRvCzg-_lHUpcABiEDu4cZOHfRvCzg-idnombredescripcion",
      "probability": 1,
      "from_file_path": "./Producto",
      "from_class_or_interface_name": "Producto",
      "from_class_or_interface_key": "_Mv6ZsABiEDu4cZOHfRvCzg",
      "from_method_name": null,
      "from_method_key": null,
      "to_file_path": "./Restaurante",
      "to_class_or_interface_key": "_lHUpcABiEDu4cZOHfRvCzg",
      "to_class_or_interface_name": "Producto",
      "to_method_key": null,
      "to_method_name": null,
      "data_clump_type": "fields_to_fields_data_clump",
      "data_clump_data": {
        "_8x4aQABiEDu4cZOHfRvCzg": {
          "key": "_8x4aQABiEDu4cZOHfRvCzg",
          "name": "id",
          "type": null,
          "probability": 1,
          "modifiers": [
            "private"
          ],
          "to_variable": {
            "key": "_GfmAQABkEDu4cZOHfRvCzg",
            "name": "id",
            "type": null,
            "modifiers": [
              "private"
            ],
            "position": {}
          },
          "position": {}
        },
        "_FXiogABjEDu4cZOHfRvCzg": {
          "key": "_FXiogABjEDu4cZOHfRvCzg",
          "name": "nombre",
          "type": null,
          "probability": 1,
          "modifiers": [
            "private"
          ],
          "to_variable": {
            "key": "_H0Np0ABkEDu4cZOHfRvCzg",
            "name": "nombre",
            "type": null,
            "modifiers": [
              "private"
            ],
            "position": {}
          },
          "position": {}
        },
        "_G3JaEABjEDu4cZOHfRvCzg": {
          "key": "_G3JaEABjEDu4cZOHfRvCzg",
          "name": "descripcion",
          "type": null,
          "probability": 1,
          "modifiers": [
            "private"
          ],
          "to_variable": {
            "key": "_QACbwABkEDu4cZOHfRvCzg",
            "name": "descripcion",
            "type": null,
            "modifiers": [
              "private"
            ],
            "position": {}
          },
          "position": {}
        }
      }
    },
    "fields_to_fields_data_clump-./Receta-_Xy8pUABiEDu4cZOHfRvCzg-_Mv6ZsABiEDu4cZOHfRvCzg-idnombredescripcion": {
      "type": "data_clump",
      "key": "fields_to_fields_data_clump-./Receta-_Xy8pUABiEDu4cZOHfRvCzg-_Mv6ZsABiEDu4cZOHfRvCzg-idnombredescripcion",
      "probability": 1,
      "from_file_path": "./Receta",
      "from_class_or_interface_name": "Receta",
      "from_class_or_interface_key": "_Xy8pUABiEDu4cZOHfRvCzg",
      "from_method_name": null,
      "from_method_key": null,
      "to_file_path": "./Producto",
      "to_class_or_interface_key": "_Mv6ZsABiEDu4cZOHfRvCzg",
      "to_class_or_interface_name": "Receta",
      "to_method_key": null,
      "to_method_name": null,
      "data_clump_type": "fields_to_fields_data_clump",
      "data_clump_data": {
        "_OQtBkABjEDu4cZOHfRvCzg": {
          "key": "_OQtBkABjEDu4cZOHfRvCzg",
          "name": "id",
          "type": null,
          "probability": 1,
          "modifiers": [
            "private"
          ],
          "to_variable": {
            "key": "_8x4aQABiEDu4cZOHfRvCzg",
            "name": "id",
            "type": null,
            "modifiers": [
              "private"
            ],
            "position": {}
          },
          "position": {}
        },
        "_Pq5HoABjEDu4cZOHfRvCzg": {
          "key": "_Pq5HoABjEDu4cZOHfRvCzg",
          "name": "nombre",
          "type": null,
          "probability": 1,
          "modifiers": [
            "private"
          ],
          "to_variable": {
            "key": "_FXiogABjEDu4cZOHfRvCzg",
            "name": "nombre",
            "type": null,
            "modifiers": [
              "private"
            ],
            "position": {}
          },
          "position": {}
        },
        "_RHoycABjEDu4cZOHfRvCzg": {
          "key": "_RHoycABjEDu4cZOHfRvCzg",
          "name": "descripcion",
          "type": null,
          "probability": 1,
          "modifiers": [
            "private"
          ],
          "to_variable": {
            "key": "_G3JaEABjEDu4cZOHfRvCzg",
            "name": "descripcion",
            "type": null,
            "modifiers": [
              "private"
            ],
            "position": {}
          },
          "position": {}
        }
      }
    },
    "fields_to_fields_data_clump-./Receta-_Xy8pUABiEDu4cZOHfRvCzg-_lHUpcABiEDu4cZOHfRvCzg-idnombredescripcion": {
      "type": "data_clump",
      "key": "fields_to_fields_data_clump-./Receta-_Xy8pUABiEDu4cZOHfRvCzg-_lHUpcABiEDu4cZOHfRvCzg-idnombredescripcion",
      "probability": 1,
      "from_file_path": "./Receta",
      "from_class_or_interface_name": "Receta",
      "from_class_or_interface_key": "_Xy8pUABiEDu4cZOHfRvCzg",
      "from_method_name": null,
      "from_method_key": null,
      "to_file_path": "./Restaurante",
      "to_class_or_interface_key": "_lHUpcABiEDu4cZOHfRvCzg",
      "to_class_or_interface_name": "Receta",
      "to_method_key": null,
      "to_method_name": null,
      "data_clump_type": "fields_to_fields_data_clump",
      "data_clump_data": {
        "_OQtBkABjEDu4cZOHfRvCzg": {
          "key": "_OQtBkABjEDu4cZOHfRvCzg",
          "name": "id",
          "type": null,
          "probability": 1,
          "modifiers": [
            "private"
          ],
          "to_variable": {
            "key": "_GfmAQABkEDu4cZOHfRvCzg",
            "name": "id",
            "type": null,
            "modifiers": [
              "private"
            ],
            "position": {}
          },
          "position": {}
        },
        "_Pq5HoABjEDu4cZOHfRvCzg": {
          "key": "_Pq5HoABjEDu4cZOHfRvCzg",
          "name": "nombre",
          "type": null,
          "probability": 1,
          "modifiers": [
            "private"
          ],
          "to_variable": {
            "key": "_H0Np0ABkEDu4cZOHfRvCzg",
            "name": "nombre",
            "type": null,
            "modifiers": [
              "private"
            ],
            "position": {}
          },
          "position": {}
        },
        "_RHoycABjEDu4cZOHfRvCzg": {
          "key": "_RHoycABjEDu4cZOHfRvCzg",
          "name": "descripcion",
          "type": null,
          "probability": 1,
          "modifiers": [
            "private"
          ],
          "to_variable": {
            "key": "_QACbwABkEDu4cZOHfRvCzg",
            "name": "descripcion",
            "type": null,
            "modifiers": [
              "private"
            ],
            "position": {}
          },
          "position": {}
        }
      }
    },
    "fields_to_fields_data_clump-./Restaurante-_lHUpcABiEDu4cZOHfRvCzg-_Mv6ZsABiEDu4cZOHfRvCzg-idnombredescripcion": {
      "type": "data_clump",
      "key": "fields_to_fields_data_clump-./Restaurante-_lHUpcABiEDu4cZOHfRvCzg-_Mv6ZsABiEDu4cZOHfRvCzg-idnombredescripcion",
      "probability": 1,
      "from_file_path": "./Restaurante",
      "from_class_or_interface_name": "Restaurante",
      "from_class_or_interface_key": "_lHUpcABiEDu4cZOHfRvCzg",
      "from_method_name": null,
      "from_method_key": null,
      "to_file_path": "./Producto",
      "to_class_or_interface_key": "_Mv6ZsABiEDu4cZOHfRvCzg",
      "to_class_or_interface_name": "Restaurante",
      "to_method_key": null,
      "to_method_name": null,
      "data_clump_type": "fields_to_fields_data_clump",
      "data_clump_data": {
        "_GfmAQABkEDu4cZOHfRvCzg": {
          "key": "_GfmAQABkEDu4cZOHfRvCzg",
          "name": "id",
          "type": null,
          "probability": 1,
          "modifiers": [
            "private"
          ],
          "to_variable": {
            "key": "_8x4aQABiEDu4cZOHfRvCzg",
            "name": "id",
            "type": null,
            "modifiers": [
              "private"
            ],
            "position": {}
          },
          "position": {}
        },
        "_H0Np0ABkEDu4cZOHfRvCzg": {
          "key": "_H0Np0ABkEDu4cZOHfRvCzg",
          "name": "nombre",
          "type": null,
          "probability": 1,
          "modifiers": [
            "private"
          ],
          "to_variable": {
            "key": "_FXiogABjEDu4cZOHfRvCzg",
            "name": "nombre",
            "type": null,
            "modifiers": [
              "private"
            ],
            "position": {}
          },
          "position": {}
        },
        "_QACbwABkEDu4cZOHfRvCzg": {
          "key": "_QACbwABkEDu4cZOHfRvCzg",
          "name": "descripcion",
          "type": null,
          "probability": 1,
          "modifiers": [
            "private"
          ],
          "to_variable": {
            "key": "_G3JaEABjEDu4cZOHfRvCzg",
            "name": "descripcion",
            "type": null,
            "modifiers": [
              "private"
            ],
            "position": {}
          },
          "position": {}
        }
      }
    },
    "fields_to_fields_data_clump-./Restaurante-_lHUpcABiEDu4cZOHfRvCzg-_Xy8pUABiEDu4cZOHfRvCzg-idnombredescripcion": {
      "type": "data_clump",
      "key": "fields_to_fields_data_clump-./Restaurante-_lHUpcABiEDu4cZOHfRvCzg-_Xy8pUABiEDu4cZOHfRvCzg-idnombredescripcion",
      "probability": 1,
      "from_file_path": "./Restaurante",
      "from_class_or_interface_name": "Restaurante",
      "from_class_or_interface_key": "_lHUpcABiEDu4cZOHfRvCzg",
      "from_method_name": null,
      "from_method_key": null,
      "to_file_path": "./Receta",
      "to_class_or_interface_key": "_Xy8pUABiEDu4cZOHfRvCzg",
      "to_class_or_interface_name": "Restaurante",
      "to_method_key": null,
      "to_method_name": null,
      "data_clump_type": "fields_to_fields_data_clump",
      "data_clump_data": {
        "_GfmAQABkEDu4cZOHfRvCzg": {
          "key": "_GfmAQABkEDu4cZOHfRvCzg",
          "name": "id",
          "type": null,
          "probability": 1,
          "modifiers": [
            "private"
          ],
          "to_variable": {
            "key": "_OQtBkABjEDu4cZOHfRvCzg",
            "name": "id",
            "type": null,
            "modifiers": [
              "private"
            ],
            "position": {}
          },
          "position": {}
        },
        "_H0Np0ABkEDu4cZOHfRvCzg": {
          "key": "_H0Np0ABkEDu4cZOHfRvCzg",
          "name": "nombre",
          "type": null,
          "probability": 1,
          "modifiers": [
            "private"
          ],
          "to_variable": {
            "key": "_Pq5HoABjEDu4cZOHfRvCzg",
            "name": "nombre",
            "type": null,
            "modifiers": [
              "private"
            ],
            "position": {}
          },
          "position": {}
        },
        "_QACbwABkEDu4cZOHfRvCzg": {
          "key": "_QACbwABkEDu4cZOHfRvCzg",
          "name": "descripcion",
          "type": null,
          "probability": 1,
          "modifiers": [
            "private"
          ],
          "to_variable": {
            "key": "_RHoycABjEDu4cZOHfRvCzg",
            "name": "descripcion",
            "type": null,
            "modifiers": [
              "private"
            ],
            "position": {}
          },
          "position": {}
        }
      }
    }
  }
}