{
  "report_version": "unknown",
  "report_timestamp": "2025-03-26T22:22:34.161Z",
  "target_language": "java",
  "report_summary": {
    "additional": null,
    "amount_classes_or_interfaces_with_data_clumps": 2,
    "amount_files_with_data_clumps": 2,
    "amount_methods_with_data_clumps": 0,
    "fields_to_fields_data_clump": 2,
    "parameters_to_fields_data_clump": 0,
    "parameters_to_parameters_data_clump": 0,
    "amount_data_clumps": 2
  },
  "project_info": {
    "project_url": "unknown_project_url",
    "project_name": "_mTAg0EBqEemsaMajdPA38g",
    "project_version": "unknown_project_version",
    "project_commit_hash": "unknown",
    "project_tag": null,
    "project_commit_date": null,
    "additional": {},
    "number_of_files": 9,
    "number_of_classes_or_interfaces": 9,
    "number_of_methods": 0,
    "number_of_data_fields": 36,
    "number_of_method_parameters": 0
  },
  "detector": {
    "name": "data-clumps-doctor",
    "url": "https://github.com/NilsBaumgartner1994/data-clumps-doctor",
    "version": "0.1.100",
    "options": {
      "typeVariablesConsidered": false,
      "similarityModifierOfVariablesWithUnknownType": 0,
      "fieldsOfClassesWithUnknownHierarchyProbabilityModifier": 0,
      "sharedFieldsToFieldsAmountMinimum": 3,
      "analyseFieldsInClassesOrInterfacesInheritedFromSuperClassesOrInterfaces": false,
      "sharedParametersToParametersAmountMinimum": 3,
      "sharedParametersToFieldsAmountMinimum": 3,
      "methodsOfClassesOrInterfacesWithUnknownHierarchyProbabilityModifier": 0
    }
  },
  "data_clumps": {
    "fields_to_fields_data_clump-./AbstractJeudedonnées-_Ago_ICKaEDeAVPxdRtx8mQ-_3qnAUSKeEDeAVPxdRtx8mQ-IdentifiantDescriptionDatedecréation": {
      "type": "data_clump",
      "key": "fields_to_fields_data_clump-./AbstractJeudedonnées-_Ago_ICKaEDeAVPxdRtx8mQ-_3qnAUSKeEDeAVPxdRtx8mQ-IdentifiantDescriptionDatedecréation",
      "probability": 1,
      "from_file_path": "./AbstractJeudedonnées",
      "from_class_or_interface_name": "AbstractJeudedonnées",
      "from_class_or_interface_key": "_Ago_ICKaEDeAVPxdRtx8mQ",
      "from_method_name": null,
      "from_method_key": null,
      "to_file_path": "./Session",
      "to_class_or_interface_key": "_3qnAUSKeEDeAVPxdRtx8mQ",
      "to_class_or_interface_name": "AbstractJeudedonnées",
      "to_method_key": null,
      "to_method_name": null,
      "data_clump_type": "fields_to_fields_data_clump",
      "data_clump_data": {
        "_CJHY0CKaEDeAVPxdRtx8mQ": {
          "key": "_CJHY0CKaEDeAVPxdRtx8mQ",
          "name": "Identifiant",
          "type": null,
          "probability": 1,
          "modifiers": [],
          "to_variable": {
            "key": "__jmV0CKeEDeAVPxdRtx8mQ",
            "name": "Identifiant",
            "type": null,
            "modifiers": [],
            "position": {}
          },
          "position": {}
        },
        "_En69kCKaEDeAVPxdRtx8mQ": {
          "key": "_En69kCKaEDeAVPxdRtx8mQ",
          "name": "Description",
          "type": null,
          "probability": 1,
          "modifiers": [],
          "to_variable": {
            "key": "_CcFl4CKfEDeAVPxdRtx8mQ",
            "name": "Description",
            "type": null,
            "modifiers": [],
            "position": {}
          },
          "position": {}
        },
        "_WG-4oCKeEDeAVPxdRtx8mQ": {
          "key": "_WG-4oCKeEDeAVPxdRtx8mQ",
          "name": "Datedecréation",
          "type": null,
          "probability": 1,
          "modifiers": [],
          "to_variable": {
            "key": "_Fshb4CKfEDeAVPxdRtx8mQ",
            "name": "Datedecréation",
            "type": null,
            "modifiers": [],
            "position": {}
          },
          "position": {}
        }
      }
    },
    "fields_to_fields_data_clump-./Session-_3qnAUSKeEDeAVPxdRtx8mQ-_Ago_ICKaEDeAVPxdRtx8mQ-IdentifiantDescriptionDatedecréation": {
      "type": "data_clump",
      "key": "fields_to_fields_data_clump-./Session-_3qnAUSKeEDeAVPxdRtx8mQ-_Ago_ICKaEDeAVPxdRtx8mQ-IdentifiantDescriptionDatedecréation",
      "probability": 1,
      "from_file_path": "./Session",
      "from_class_or_interface_name": "Session",
      "from_class_or_interface_key": "_3qnAUSKeEDeAVPxdRtx8mQ",
      "from_method_name": null,
      "from_method_key": null,
      "to_file_path": "./AbstractJeudedonnées",
      "to_class_or_interface_key": "_Ago_ICKaEDeAVPxdRtx8mQ",
      "to_class_or_interface_name": "Session",
      "to_method_key": null,
      "to_method_name": null,
      "data_clump_type": "fields_to_fields_data_clump",
      "data_clump_data": {
        "__jmV0CKeEDeAVPxdRtx8mQ": {
          "key": "__jmV0CKeEDeAVPxdRtx8mQ",
          "name": "Identifiant",
          "type": null,
          "probability": 1,
          "modifiers": [],
          "to_variable": {
            "key": "_CJHY0CKaEDeAVPxdRtx8mQ",
            "name": "Identifiant",
            "type": null,
            "modifiers": [],
            "position": {}
          },
          "position": {}
        },
        "_CcFl4CKfEDeAVPxdRtx8mQ": {
          "key": "_CcFl4CKfEDeAVPxdRtx8mQ",
          "name": "Description",
          "type": null,
          "probability": 1,
          "modifiers": [],
          "to_variable": {
            "key": "_En69kCKaEDeAVPxdRtx8mQ",
            "name": "Description",
            "type": null,
            "modifiers": [],
            "position": {}
          },
          "position": {}
        },
        "_Fshb4CKfEDeAVPxdRtx8mQ": {
          "key": "_Fshb4CKfEDeAVPxdRtx8mQ",
          "name": "Datedecréation",
          "type": null,
          "probability": 1,
          "modifiers": [],
          "to_variable": {
            "key": "_WG-4oCKeEDeAVPxdRtx8mQ",
            "name": "Datedecréation",
            "type": null,
            "modifiers": [],
            "position": {}
          },
          "position": {}
        }
      }
    }
  }
}