{
  "report_version": "unknown",
  "report_timestamp": "2025-03-26T22:32:17.127Z",
  "target_language": "java",
  "report_summary": {
    "additional": null,
    "amount_classes_or_interfaces_with_data_clumps": 2,
    "amount_files_with_data_clumps": 2,
    "amount_methods_with_data_clumps": 0,
    "fields_to_fields_data_clump": 2,
    "parameters_to_fields_data_clump": 0,
    "parameters_to_parameters_data_clump": 0,
    "amount_data_clumps": 2
  },
  "project_info": {
    "project_url": "unknown_project_url",
    "project_name": "_V_ymcMrgEeeM1PgT03-3Vg",
    "project_version": "unknown_project_version",
    "project_commit_hash": "unknown",
    "project_tag": null,
    "project_commit_date": null,
    "additional": {},
    "number_of_files": 8,
    "number_of_classes_or_interfaces": 8,
    "number_of_methods": 0,
    "number_of_data_fields": 23,
    "number_of_method_parameters": 0
  },
  "detector": {
    "name": "data-clumps-doctor",
    "url": "https://github.com/NilsBaumgartner1994/data-clumps-doctor",
    "version": "0.1.100",
    "options": {
      "typeVariablesConsidered": false,
      "similarityModifierOfVariablesWithUnknownType": 0,
      "fieldsOfClassesWithUnknownHierarchyProbabilityModifier": 0,
      "sharedFieldsToFieldsAmountMinimum": 3,
      "analyseFieldsInClassesOrInterfacesInheritedFromSuperClassesOrInterfaces": false,
      "sharedParametersToParametersAmountMinimum": 3,
      "sharedParametersToFieldsAmountMinimum": 3,
      "methodsOfClassesOrInterfacesWithUnknownHierarchyProbabilityModifier": 0
    }
  },
  "data_clumps": {
    "fields_to_fields_data_clump-./Banda-_mmoAEK90EDWURJ0mtuoyxw-_TjpggLBHEDWURJ0mtuoyxw-gênerosdescriçãoavaliação": {
      "type": "data_clump",
      "key": "fields_to_fields_data_clump-./Banda-_mmoAEK90EDWURJ0mtuoyxw-_TjpggLBHEDWURJ0mtuoyxw-gênerosdescriçãoavaliação",
      "probability": 1,
      "from_file_path": "./Banda",
      "from_class_or_interface_name": "Banda",
      "from_class_or_interface_key": "_mmoAEK90EDWURJ0mtuoyxw",
      "from_method_name": null,
      "from_method_key": null,
      "to_file_path": "./Músico",
      "to_class_or_interface_key": "_TjpggLBHEDWURJ0mtuoyxw",
      "to_class_or_interface_name": "Banda",
      "to_method_key": null,
      "to_method_name": null,
      "data_clump_type": "fields_to_fields_data_clump",
      "data_clump_data": {
        "_MxJIcK93EDWURJ0mtuoyxw": {
          "key": "_MxJIcK93EDWURJ0mtuoyxw",
          "name": "gêneros",
          "type": null,
          "probability": 1,
          "modifiers": [],
          "to_variable": {
            "key": "_Arvw8LBIEDWURJ0mtuoyxw",
            "name": "gêneros",
            "type": null,
            "modifiers": [],
            "position": {}
          },
          "position": {}
        },
        "_Lb2rcLByEDWURJ0mtuoyxw": {
          "key": "_Lb2rcLByEDWURJ0mtuoyxw",
          "name": "descrição",
          "type": null,
          "probability": 1,
          "modifiers": [],
          "to_variable": {
            "key": "_bSkFcLByEDWURJ0mtuoyxw",
            "name": "descrição",
            "type": null,
            "modifiers": [],
            "position": {}
          },
          "position": {}
        },
        "_WFPE8LByEDWURJ0mtuoyxw": {
          "key": "_WFPE8LByEDWURJ0mtuoyxw",
          "name": "avaliação",
          "type": null,
          "probability": 1,
          "modifiers": [],
          "to_variable": {
            "key": "_aIyZ8LByEDWURJ0mtuoyxw",
            "name": "avaliação",
            "type": null,
            "modifiers": [],
            "position": {}
          },
          "position": {}
        }
      }
    },
    "fields_to_fields_data_clump-./Músico-_TjpggLBHEDWURJ0mtuoyxw-_mmoAEK90EDWURJ0mtuoyxw-gênerosdescriçãoavaliação": {
      "type": "data_clump",
      "key": "fields_to_fields_data_clump-./Músico-_TjpggLBHEDWURJ0mtuoyxw-_mmoAEK90EDWURJ0mtuoyxw-gênerosdescriçãoavaliação",
      "probability": 1,
      "from_file_path": "./Músico",
      "from_class_or_interface_name": "Músico",
      "from_class_or_interface_key": "_TjpggLBHEDWURJ0mtuoyxw",
      "from_method_name": null,
      "from_method_key": null,
      "to_file_path": "./Banda",
      "to_class_or_interface_key": "_mmoAEK90EDWURJ0mtuoyxw",
      "to_class_or_interface_name": "Músico",
      "to_method_key": null,
      "to_method_name": null,
      "data_clump_type": "fields_to_fields_data_clump",
      "data_clump_data": {
        "_Arvw8LBIEDWURJ0mtuoyxw": {
          "key": "_Arvw8LBIEDWURJ0mtuoyxw",
          "name": "gêneros",
          "type": null,
          "probability": 1,
          "modifiers": [],
          "to_variable": {
            "key": "_MxJIcK93EDWURJ0mtuoyxw",
            "name": "gêneros",
            "type": null,
            "modifiers": [],
            "position": {}
          },
          "position": {}
        },
        "_bSkFcLByEDWURJ0mtuoyxw": {
          "key": "_bSkFcLByEDWURJ0mtuoyxw",
          "name": "descrição",
          "type": null,
          "probability": 1,
          "modifiers": [],
          "to_variable": {
            "key": "_Lb2rcLByEDWURJ0mtuoyxw",
            "name": "descrição",
            "type": null,
            "modifiers": [],
            "position": {}
          },
          "position": {}
        },
        "_aIyZ8LByEDWURJ0mtuoyxw": {
          "key": "_aIyZ8LByEDWURJ0mtuoyxw",
          "name": "avaliação",
          "type": null,
          "probability": 1,
          "modifiers": [],
          "to_variable": {
            "key": "_WFPE8LByEDWURJ0mtuoyxw",
            "name": "avaliação",
            "type": null,
            "modifiers": [],
            "position": {}
          },
          "position": {}
        }
      }
    }
  }
}