{
  "report_version": "unknown",
  "report_timestamp": "2023-11-08T09:52:02.150Z",
  "target_language": "java",
  "report_summary": {
    "additional": null,
    "amount_classes_or_interfaces_with_data_clumps": 7,
    "amount_files_with_data_clumps": 7,
    "amount_methods_with_data_clumps": 1,
    "fields_to_fields_data_clump": 10,
    "parameters_to_fields_data_clump": 1,
    "parameters_to_parameters_data_clump": 0,
    "amount_data_clumps": 11
  },
  "project_info": {
    "project_url": "unknown_project_url",
    "project_name": "https___raw.githubusercontent.com_SINTEF-9012_oryx-neffics_master_editor_server_src_de_hpi_bpel4chor_model_activities_model.activities.uml.uml",
    "project_version": "unknown_project_version",
    "project_commit_hash": "unknown",
    "project_tag": null,
    "project_commit_date": null,
    "additional": {},
    "number_of_files": 47,
    "number_of_classes_or_interfaces": 47,
    "number_of_methods": 261,
    "number_of_data_fields": 112,
    "number_of_method_parameters": 196
  },
  "detector": {
    "name": "data-clumps-doctor",
    "url": "https://github.com/NilsBaumgartner1994/data-clumps-doctor",
    "version": "0.1.100",
    "options": {
      "typeVariablesConsidered": false,
      "similarityModifierOfVariablesWithUnknownType": 0,
      "fieldsOfClassesWithUnknownHierarchyProbabilityModifier": 0,
      "sharedFieldsToFieldsAmountMinimum": 3,
      "analyseFieldsInClassesOrInterfacesInheritedFromSuperClassesOrInterfaces": false,
      "sharedParametersToParametersAmountMinimum": 3,
      "sharedParametersToFieldsAmountMinimum": 3,
      "methodsOfClassesOrInterfacesWithUnknownHierarchyProbabilityModifier": 0
    }
  },
  "data_clumps": {
    "parameters_to_fields_data_clump-./Gateway-_Mnehj5jREdy5va0YHYksEw-_MgUwoZjREdy5va0YHYksEw-gatewayTypesplitTypecreateInstance": {
      "type": "data_clump",
      "key": "parameters_to_fields_data_clump-./Gateway-_Mnehj5jREdy5va0YHYksEw-_MgUwoZjREdy5va0YHYksEw-gatewayTypesplitTypecreateInstance",
      "probability": 1,
      "from_file_path": "./Gateway",
      "from_class_or_interface_name": "Gateway",
      "from_class_or_interface_key": "_MgUwoZjREdy5va0YHYksEw",
      "from_method_name": "Gateway",
      "from_method_key": "_Mnehj5jREdy5va0YHYksEw",
      "to_file_path": "./Gateway",
      "to_class_or_interface_name": "Gateway",
      "to_class_or_interface_key": "_MgUwoZjREdy5va0YHYksEw",
      "to_method_name": null,
      "to_method_key": null,
      "data_clump_type": "parameters_to_fields_data_clump",
      "data_clump_data": {
        "_MnehkJjREdy5va0YHYksEw": {
          "key": "_MnehkJjREdy5va0YHYksEw",
          "name": "gatewayType",
          "type": null,
          "probability": 1,
          "modifiers": [],
          "to_variable": {
            "key": "_MnUwgJjREdy5va0YHYksEw",
            "name": "gatewayType",
            "type": null,
            "modifiers": [
              "private"
            ],
            "position": {}
          },
          "position": {}
        },
        "_MnehkZjREdy5va0YHYksEw": {
          "key": "_MnehkZjREdy5va0YHYksEw",
          "name": "splitType",
          "type": null,
          "probability": 1,
          "modifiers": [],
          "to_variable": {
            "key": "_MnLmkJjREdy5va0YHYksEw",
            "name": "splitType",
            "type": null,
            "modifiers": [
              "private"
            ],
            "position": {}
          },
          "position": {}
        },
        "_MnehkpjREdy5va0YHYksEw": {
          "key": "_MnehkpjREdy5va0YHYksEw",
          "name": "createInstance",
          "type": null,
          "probability": 1,
          "modifiers": [],
          "to_variable": {
            "key": "_MnUwhJjREdy5va0YHYksEw",
            "name": "createInstance",
            "type": null,
            "modifiers": [
              "private"
            ],
            "position": {}
          },
          "position": {}
        }
      }
    },
    "fields_to_fields_data_clump-./IntermediateEvent-_Ma9IcZjREdy5va0YHYksEw-_Ma9Ic5jREdy5va0YHYksEw-tRIGGER_TIMERtriggerTypetRIGGER_MESSAGE": {
      "type": "data_clump",
      "key": "fields_to_fields_data_clump-./IntermediateEvent-_Ma9IcZjREdy5va0YHYksEw-_Ma9Ic5jREdy5va0YHYksEw-tRIGGER_TIMERtriggerTypetRIGGER_MESSAGE",
      "probability": 1,
      "from_file_path": "./IntermediateEvent",
      "from_class_or_interface_name": "IntermediateEvent",
      "from_class_or_interface_key": "_Ma9IcZjREdy5va0YHYksEw",
      "from_method_name": null,
      "from_method_key": null,
      "to_file_path": "./StartEvent",
      "to_class_or_interface_key": "_Ma9Ic5jREdy5va0YHYksEw",
      "to_class_or_interface_name": "IntermediateEvent",
      "to_method_key": null,
      "to_method_name": null,
      "data_clump_type": "fields_to_fields_data_clump",
      "data_clump_data": {
        "_M870IJjREdy5va0YHYksEw": {
          "key": "_M870IJjREdy5va0YHYksEw",
          "name": "tRIGGER_TIMER",
          "type": null,
          "probability": 1,
          "modifiers": [
            "public"
          ],
          "to_variable": {
            "key": "_M-IG8JjREdy5va0YHYksEw",
            "name": "tRIGGER_TIMER",
            "type": null,
            "modifiers": [
              "public"
            ],
            "position": {}
          },
          "position": {}
        },
        "_M870JJjREdy5va0YHYksEw": {
          "key": "_M870JJjREdy5va0YHYksEw",
          "name": "triggerType",
          "type": null,
          "probability": 1,
          "modifiers": [
            "private"
          ],
          "to_variable": {
            "key": "_M-IG8pjREdy5va0YHYksEw",
            "name": "triggerType",
            "type": null,
            "modifiers": [
              "private"
            ],
            "position": {}
          },
          "position": {}
        },
        "_M870JpjREdy5va0YHYksEw": {
          "key": "_M870JpjREdy5va0YHYksEw",
          "name": "tRIGGER_MESSAGE",
          "type": null,
          "probability": 1,
          "modifiers": [
            "public"
          ],
          "to_variable": {
            "key": "_M-IG85jREdy5va0YHYksEw",
            "name": "tRIGGER_MESSAGE",
            "type": null,
            "modifiers": [
              "public"
            ],
            "position": {}
          },
          "position": {}
        }
      }
    },
    "fields_to_fields_data_clump-./ReceiveTask-_M_6PoZjREdy5va0YHYksEw-_M_6PoJjREdy5va0YHYksEw-correlationsopaqueOutputfromParts": {
      "type": "data_clump",
      "key": "fields_to_fields_data_clump-./ReceiveTask-_M_6PoZjREdy5va0YHYksEw-_M_6PoJjREdy5va0YHYksEw-correlationsopaqueOutputfromParts",
      "probability": 1,
      "from_file_path": "./ReceiveTask",
      "from_class_or_interface_name": "ReceiveTask",
      "from_class_or_interface_key": "_M_6PoZjREdy5va0YHYksEw",
      "from_method_name": null,
      "from_method_key": null,
      "to_file_path": "./ServiceTask",
      "to_class_or_interface_key": "_M_6PoJjREdy5va0YHYksEw",
      "to_class_or_interface_name": "ReceiveTask",
      "to_method_key": null,
      "to_method_name": null,
      "data_clump_type": "fields_to_fields_data_clump",
      "data_clump_data": {
        "_NCmXQJjREdy5va0YHYksEw": {
          "key": "_NCmXQJjREdy5va0YHYksEw",
          "name": "correlations",
          "type": null,
          "probability": 1,
          "modifiers": [
            "private"
          ],
          "to_variable": {
            "key": "_NANxoJjREdy5va0YHYksEw",
            "name": "correlations",
            "type": null,
            "modifiers": [
              "private"
            ],
            "position": {}
          },
          "position": {}
        },
        "_NCmXQpjREdy5va0YHYksEw": {
          "key": "_NCmXQpjREdy5va0YHYksEw",
          "name": "opaqueOutput",
          "type": null,
          "probability": 1,
          "modifiers": [
            "private"
          ],
          "to_variable": {
            "key": "_NANxopjREdy5va0YHYksEw",
            "name": "opaqueOutput",
            "type": null,
            "modifiers": [
              "private"
            ],
            "position": {}
          },
          "position": {}
        },
        "_NCmXQ5jREdy5va0YHYksEw": {
          "key": "_NCmXQ5jREdy5va0YHYksEw",
          "name": "fromParts",
          "type": null,
          "probability": 1,
          "modifiers": [
            "private"
          ],
          "to_variable": {
            "key": "_NANxpJjREdy5va0YHYksEw",
            "name": "fromParts",
            "type": null,
            "modifiers": [
              "private"
            ],
            "position": {}
          },
          "position": {}
        }
      }
    },
    "fields_to_fields_data_clump-./ReceiveTask-_M_6PoZjREdy5va0YHYksEw-_NJmXKpjREdy5va0YHYksEw-correlationsopaqueOutputfromPartsmessageExchange": {
      "type": "data_clump",
      "key": "fields_to_fields_data_clump-./ReceiveTask-_M_6PoZjREdy5va0YHYksEw-_NJmXKpjREdy5va0YHYksEw-correlationsopaqueOutputfromPartsmessageExchange",
      "probability": 1,
      "from_file_path": "./ReceiveTask",
      "from_class_or_interface_name": "ReceiveTask",
      "from_class_or_interface_key": "_M_6PoZjREdy5va0YHYksEw",
      "from_method_name": null,
      "from_method_key": null,
      "to_file_path": "./TriggerResultMessage",
      "to_class_or_interface_key": "_NJmXKpjREdy5va0YHYksEw",
      "to_class_or_interface_name": "ReceiveTask",
      "to_method_key": null,
      "to_method_name": null,
      "data_clump_type": "fields_to_fields_data_clump",
      "data_clump_data": {
        "_NCmXQJjREdy5va0YHYksEw": {
          "key": "_NCmXQJjREdy5va0YHYksEw",
          "name": "correlations",
          "type": null,
          "probability": 1,
          "modifiers": [
            "private"
          ],
          "to_variable": {
            "key": "_NLYf0JjREdy5va0YHYksEw",
            "name": "correlations",
            "type": null,
            "modifiers": [
              "private"
            ],
            "position": {}
          },
          "position": {}
        },
        "_NCmXQpjREdy5va0YHYksEw": {
          "key": "_NCmXQpjREdy5va0YHYksEw",
          "name": "opaqueOutput",
          "type": null,
          "probability": 1,
          "modifiers": [
            "private"
          ],
          "to_variable": {
            "key": "_NLYf0ZjREdy5va0YHYksEw",
            "name": "opaqueOutput",
            "type": null,
            "modifiers": [
              "private"
            ],
            "position": {}
          },
          "position": {}
        },
        "_NCmXQ5jREdy5va0YHYksEw": {
          "key": "_NCmXQ5jREdy5va0YHYksEw",
          "name": "fromParts",
          "type": null,
          "probability": 1,
          "modifiers": [
            "private"
          ],
          "to_variable": {
            "key": "_NLYf05jREdy5va0YHYksEw",
            "name": "fromParts",
            "type": null,
            "modifiers": [
              "private"
            ],
            "position": {}
          },
          "position": {}
        },
        "_NCmXRJjREdy5va0YHYksEw": {
          "key": "_NCmXRJjREdy5va0YHYksEw",
          "name": "messageExchange",
          "type": null,
          "probability": 1,
          "modifiers": [
            "private"
          ],
          "to_variable": {
            "key": "_NLYf0pjREdy5va0YHYksEw",
            "name": "messageExchange",
            "type": null,
            "modifiers": [
              "private"
            ],
            "position": {}
          },
          "position": {}
        }
      }
    },
    "fields_to_fields_data_clump-./SendTask-_M_6Po5jREdy5va0YHYksEw-_M_6PoJjREdy5va0YHYksEw-correlationstoPartsopaqueInput": {
      "type": "data_clump",
      "key": "fields_to_fields_data_clump-./SendTask-_M_6Po5jREdy5va0YHYksEw-_M_6PoJjREdy5va0YHYksEw-correlationstoPartsopaqueInput",
      "probability": 1,
      "from_file_path": "./SendTask",
      "from_class_or_interface_name": "SendTask",
      "from_class_or_interface_key": "_M_6Po5jREdy5va0YHYksEw",
      "from_method_name": null,
      "from_method_key": null,
      "to_file_path": "./ServiceTask",
      "to_class_or_interface_key": "_M_6PoJjREdy5va0YHYksEw",
      "to_class_or_interface_name": "SendTask",
      "to_method_key": null,
      "to_method_name": null,
      "data_clump_type": "fields_to_fields_data_clump",
      "data_clump_data": {
        "_NE1L4JjREdy5va0YHYksEw": {
          "key": "_NE1L4JjREdy5va0YHYksEw",
          "name": "correlations",
          "type": null,
          "probability": 1,
          "modifiers": [
            "private"
          ],
          "to_variable": {
            "key": "_NANxoJjREdy5va0YHYksEw",
            "name": "correlations",
            "type": null,
            "modifiers": [
              "private"
            ],
            "position": {}
          },
          "position": {}
        },
        "_NE1L4pjREdy5va0YHYksEw": {
          "key": "_NE1L4pjREdy5va0YHYksEw",
          "name": "toParts",
          "type": null,
          "probability": 1,
          "modifiers": [
            "private"
          ],
          "to_variable": {
            "key": "_NANxoZjREdy5va0YHYksEw",
            "name": "toParts",
            "type": null,
            "modifiers": [
              "private"
            ],
            "position": {}
          },
          "position": {}
        },
        "_NE1L45jREdy5va0YHYksEw": {
          "key": "_NE1L45jREdy5va0YHYksEw",
          "name": "opaqueInput",
          "type": null,
          "probability": 1,
          "modifiers": [
            "private"
          ],
          "to_variable": {
            "key": "_NANxo5jREdy5va0YHYksEw",
            "name": "opaqueInput",
            "type": null,
            "modifiers": [
              "private"
            ],
            "position": {}
          },
          "position": {}
        }
      }
    },
    "fields_to_fields_data_clump-./ServiceTask-_M_6PoJjREdy5va0YHYksEw-_M_6PoZjREdy5va0YHYksEw-correlationsopaqueOutputfromParts": {
      "type": "data_clump",
      "key": "fields_to_fields_data_clump-./ServiceTask-_M_6PoJjREdy5va0YHYksEw-_M_6PoZjREdy5va0YHYksEw-correlationsopaqueOutputfromParts",
      "probability": 1,
      "from_file_path": "./ServiceTask",
      "from_class_or_interface_name": "ServiceTask",
      "from_class_or_interface_key": "_M_6PoJjREdy5va0YHYksEw",
      "from_method_name": null,
      "from_method_key": null,
      "to_file_path": "./ReceiveTask",
      "to_class_or_interface_key": "_M_6PoZjREdy5va0YHYksEw",
      "to_class_or_interface_name": "ServiceTask",
      "to_method_key": null,
      "to_method_name": null,
      "data_clump_type": "fields_to_fields_data_clump",
      "data_clump_data": {
        "_NANxoJjREdy5va0YHYksEw": {
          "key": "_NANxoJjREdy5va0YHYksEw",
          "name": "correlations",
          "type": null,
          "probability": 1,
          "modifiers": [
            "private"
          ],
          "to_variable": {
            "key": "_NCmXQJjREdy5va0YHYksEw",
            "name": "correlations",
            "type": null,
            "modifiers": [
              "private"
            ],
            "position": {}
          },
          "position": {}
        },
        "_NANxopjREdy5va0YHYksEw": {
          "key": "_NANxopjREdy5va0YHYksEw",
          "name": "opaqueOutput",
          "type": null,
          "probability": 1,
          "modifiers": [
            "private"
          ],
          "to_variable": {
            "key": "_NCmXQpjREdy5va0YHYksEw",
            "name": "opaqueOutput",
            "type": null,
            "modifiers": [
              "private"
            ],
            "position": {}
          },
          "position": {}
        },
        "_NANxpJjREdy5va0YHYksEw": {
          "key": "_NANxpJjREdy5va0YHYksEw",
          "name": "fromParts",
          "type": null,
          "probability": 1,
          "modifiers": [
            "private"
          ],
          "to_variable": {
            "key": "_NCmXQ5jREdy5va0YHYksEw",
            "name": "fromParts",
            "type": null,
            "modifiers": [
              "private"
            ],
            "position": {}
          },
          "position": {}
        }
      }
    },
    "fields_to_fields_data_clump-./ServiceTask-_M_6PoJjREdy5va0YHYksEw-_M_6Po5jREdy5va0YHYksEw-correlationstoPartsopaqueInput": {
      "type": "data_clump",
      "key": "fields_to_fields_data_clump-./ServiceTask-_M_6PoJjREdy5va0YHYksEw-_M_6Po5jREdy5va0YHYksEw-correlationstoPartsopaqueInput",
      "probability": 1,
      "from_file_path": "./ServiceTask",
      "from_class_or_interface_name": "ServiceTask",
      "from_class_or_interface_key": "_M_6PoJjREdy5va0YHYksEw",
      "from_method_name": null,
      "from_method_key": null,
      "to_file_path": "./SendTask",
      "to_class_or_interface_key": "_M_6Po5jREdy5va0YHYksEw",
      "to_class_or_interface_name": "ServiceTask",
      "to_method_key": null,
      "to_method_name": null,
      "data_clump_type": "fields_to_fields_data_clump",
      "data_clump_data": {
        "_NANxoJjREdy5va0YHYksEw": {
          "key": "_NANxoJjREdy5va0YHYksEw",
          "name": "correlations",
          "type": null,
          "probability": 1,
          "modifiers": [
            "private"
          ],
          "to_variable": {
            "key": "_NE1L4JjREdy5va0YHYksEw",
            "name": "correlations",
            "type": null,
            "modifiers": [
              "private"
            ],
            "position": {}
          },
          "position": {}
        },
        "_NANxoZjREdy5va0YHYksEw": {
          "key": "_NANxoZjREdy5va0YHYksEw",
          "name": "toParts",
          "type": null,
          "probability": 1,
          "modifiers": [
            "private"
          ],
          "to_variable": {
            "key": "_NE1L4pjREdy5va0YHYksEw",
            "name": "toParts",
            "type": null,
            "modifiers": [
              "private"
            ],
            "position": {}
          },
          "position": {}
        },
        "_NANxo5jREdy5va0YHYksEw": {
          "key": "_NANxo5jREdy5va0YHYksEw",
          "name": "opaqueInput",
          "type": null,
          "probability": 1,
          "modifiers": [
            "private"
          ],
          "to_variable": {
            "key": "_NE1L45jREdy5va0YHYksEw",
            "name": "opaqueInput",
            "type": null,
            "modifiers": [
              "private"
            ],
            "position": {}
          },
          "position": {}
        }
      }
    },
    "fields_to_fields_data_clump-./ServiceTask-_M_6PoJjREdy5va0YHYksEw-_NJmXKpjREdy5va0YHYksEw-correlationsopaqueOutputfromParts": {
      "type": "data_clump",
      "key": "fields_to_fields_data_clump-./ServiceTask-_M_6PoJjREdy5va0YHYksEw-_NJmXKpjREdy5va0YHYksEw-correlationsopaqueOutputfromParts",
      "probability": 1,
      "from_file_path": "./ServiceTask",
      "from_class_or_interface_name": "ServiceTask",
      "from_class_or_interface_key": "_M_6PoJjREdy5va0YHYksEw",
      "from_method_name": null,
      "from_method_key": null,
      "to_file_path": "./TriggerResultMessage",
      "to_class_or_interface_key": "_NJmXKpjREdy5va0YHYksEw",
      "to_class_or_interface_name": "ServiceTask",
      "to_method_key": null,
      "to_method_name": null,
      "data_clump_type": "fields_to_fields_data_clump",
      "data_clump_data": {
        "_NANxoJjREdy5va0YHYksEw": {
          "key": "_NANxoJjREdy5va0YHYksEw",
          "name": "correlations",
          "type": null,
          "probability": 1,
          "modifiers": [
            "private"
          ],
          "to_variable": {
            "key": "_NLYf0JjREdy5va0YHYksEw",
            "name": "correlations",
            "type": null,
            "modifiers": [
              "private"
            ],
            "position": {}
          },
          "position": {}
        },
        "_NANxopjREdy5va0YHYksEw": {
          "key": "_NANxopjREdy5va0YHYksEw",
          "name": "opaqueOutput",
          "type": null,
          "probability": 1,
          "modifiers": [
            "private"
          ],
          "to_variable": {
            "key": "_NLYf0ZjREdy5va0YHYksEw",
            "name": "opaqueOutput",
            "type": null,
            "modifiers": [
              "private"
            ],
            "position": {}
          },
          "position": {}
        },
        "_NANxpJjREdy5va0YHYksEw": {
          "key": "_NANxpJjREdy5va0YHYksEw",
          "name": "fromParts",
          "type": null,
          "probability": 1,
          "modifiers": [
            "private"
          ],
          "to_variable": {
            "key": "_NLYf05jREdy5va0YHYksEw",
            "name": "fromParts",
            "type": null,
            "modifiers": [
              "private"
            ],
            "position": {}
          },
          "position": {}
        }
      }
    },
    "fields_to_fields_data_clump-./StartEvent-_Ma9Ic5jREdy5va0YHYksEw-_Ma9IcZjREdy5va0YHYksEw-tRIGGER_TIMERtriggerTypetRIGGER_MESSAGE": {
      "type": "data_clump",
      "key": "fields_to_fields_data_clump-./StartEvent-_Ma9Ic5jREdy5va0YHYksEw-_Ma9IcZjREdy5va0YHYksEw-tRIGGER_TIMERtriggerTypetRIGGER_MESSAGE",
      "probability": 1,
      "from_file_path": "./StartEvent",
      "from_class_or_interface_name": "StartEvent",
      "from_class_or_interface_key": "_Ma9Ic5jREdy5va0YHYksEw",
      "from_method_name": null,
      "from_method_key": null,
      "to_file_path": "./IntermediateEvent",
      "to_class_or_interface_key": "_Ma9IcZjREdy5va0YHYksEw",
      "to_class_or_interface_name": "StartEvent",
      "to_method_key": null,
      "to_method_name": null,
      "data_clump_type": "fields_to_fields_data_clump",
      "data_clump_data": {
        "_M-IG8JjREdy5va0YHYksEw": {
          "key": "_M-IG8JjREdy5va0YHYksEw",
          "name": "tRIGGER_TIMER",
          "type": null,
          "probability": 1,
          "modifiers": [
            "public"
          ],
          "to_variable": {
            "key": "_M870IJjREdy5va0YHYksEw",
            "name": "tRIGGER_TIMER",
            "type": null,
            "modifiers": [
              "public"
            ],
            "position": {}
          },
          "position": {}
        },
        "_M-IG8pjREdy5va0YHYksEw": {
          "key": "_M-IG8pjREdy5va0YHYksEw",
          "name": "triggerType",
          "type": null,
          "probability": 1,
          "modifiers": [
            "private"
          ],
          "to_variable": {
            "key": "_M870JJjREdy5va0YHYksEw",
            "name": "triggerType",
            "type": null,
            "modifiers": [
              "private"
            ],
            "position": {}
          },
          "position": {}
        },
        "_M-IG85jREdy5va0YHYksEw": {
          "key": "_M-IG85jREdy5va0YHYksEw",
          "name": "tRIGGER_MESSAGE",
          "type": null,
          "probability": 1,
          "modifiers": [
            "public"
          ],
          "to_variable": {
            "key": "_M870JpjREdy5va0YHYksEw",
            "name": "tRIGGER_MESSAGE",
            "type": null,
            "modifiers": [
              "public"
            ],
            "position": {}
          },
          "position": {}
        }
      }
    },
    "fields_to_fields_data_clump-./TriggerResultMessage-_NJmXKpjREdy5va0YHYksEw-_M_6PoZjREdy5va0YHYksEw-correlationsopaqueOutputmessageExchangefromParts": {
      "type": "data_clump",
      "key": "fields_to_fields_data_clump-./TriggerResultMessage-_NJmXKpjREdy5va0YHYksEw-_M_6PoZjREdy5va0YHYksEw-correlationsopaqueOutputmessageExchangefromParts",
      "probability": 1,
      "from_file_path": "./TriggerResultMessage",
      "from_class_or_interface_name": "TriggerResultMessage",
      "from_class_or_interface_key": "_NJmXKpjREdy5va0YHYksEw",
      "from_method_name": null,
      "from_method_key": null,
      "to_file_path": "./ReceiveTask",
      "to_class_or_interface_key": "_M_6PoZjREdy5va0YHYksEw",
      "to_class_or_interface_name": "TriggerResultMessage",
      "to_method_key": null,
      "to_method_name": null,
      "data_clump_type": "fields_to_fields_data_clump",
      "data_clump_data": {
        "_NLYf0JjREdy5va0YHYksEw": {
          "key": "_NLYf0JjREdy5va0YHYksEw",
          "name": "correlations",
          "type": null,
          "probability": 1,
          "modifiers": [
            "private"
          ],
          "to_variable": {
            "key": "_NCmXQJjREdy5va0YHYksEw",
            "name": "correlations",
            "type": null,
            "modifiers": [
              "private"
            ],
            "position": {}
          },
          "position": {}
        },
        "_NLYf0ZjREdy5va0YHYksEw": {
          "key": "_NLYf0ZjREdy5va0YHYksEw",
          "name": "opaqueOutput",
          "type": null,
          "probability": 1,
          "modifiers": [
            "private"
          ],
          "to_variable": {
            "key": "_NCmXQpjREdy5va0YHYksEw",
            "name": "opaqueOutput",
            "type": null,
            "modifiers": [
              "private"
            ],
            "position": {}
          },
          "position": {}
        },
        "_NLYf0pjREdy5va0YHYksEw": {
          "key": "_NLYf0pjREdy5va0YHYksEw",
          "name": "messageExchange",
          "type": null,
          "probability": 1,
          "modifiers": [
            "private"
          ],
          "to_variable": {
            "key": "_NCmXRJjREdy5va0YHYksEw",
            "name": "messageExchange",
            "type": null,
            "modifiers": [
              "private"
            ],
            "position": {}
          },
          "position": {}
        },
        "_NLYf05jREdy5va0YHYksEw": {
          "key": "_NLYf05jREdy5va0YHYksEw",
          "name": "fromParts",
          "type": null,
          "probability": 1,
          "modifiers": [
            "private"
          ],
          "to_variable": {
            "key": "_NCmXQ5jREdy5va0YHYksEw",
            "name": "fromParts",
            "type": null,
            "modifiers": [
              "private"
            ],
            "position": {}
          },
          "position": {}
        }
      }
    },
    "fields_to_fields_data_clump-./TriggerResultMessage-_NJmXKpjREdy5va0YHYksEw-_M_6PoJjREdy5va0YHYksEw-correlationsopaqueOutputfromParts": {
      "type": "data_clump",
      "key": "fields_to_fields_data_clump-./TriggerResultMessage-_NJmXKpjREdy5va0YHYksEw-_M_6PoJjREdy5va0YHYksEw-correlationsopaqueOutputfromParts",
      "probability": 1,
      "from_file_path": "./TriggerResultMessage",
      "from_class_or_interface_name": "TriggerResultMessage",
      "from_class_or_interface_key": "_NJmXKpjREdy5va0YHYksEw",
      "from_method_name": null,
      "from_method_key": null,
      "to_file_path": "./ServiceTask",
      "to_class_or_interface_key": "_M_6PoJjREdy5va0YHYksEw",
      "to_class_or_interface_name": "TriggerResultMessage",
      "to_method_key": null,
      "to_method_name": null,
      "data_clump_type": "fields_to_fields_data_clump",
      "data_clump_data": {
        "_NLYf0JjREdy5va0YHYksEw": {
          "key": "_NLYf0JjREdy5va0YHYksEw",
          "name": "correlations",
          "type": null,
          "probability": 1,
          "modifiers": [
            "private"
          ],
          "to_variable": {
            "key": "_NANxoJjREdy5va0YHYksEw",
            "name": "correlations",
            "type": null,
            "modifiers": [
              "private"
            ],
            "position": {}
          },
          "position": {}
        },
        "_NLYf0ZjREdy5va0YHYksEw": {
          "key": "_NLYf0ZjREdy5va0YHYksEw",
          "name": "opaqueOutput",
          "type": null,
          "probability": 1,
          "modifiers": [
            "private"
          ],
          "to_variable": {
            "key": "_NANxopjREdy5va0YHYksEw",
            "name": "opaqueOutput",
            "type": null,
            "modifiers": [
              "private"
            ],
            "position": {}
          },
          "position": {}
        },
        "_NLYf05jREdy5va0YHYksEw": {
          "key": "_NLYf05jREdy5va0YHYksEw",
          "name": "fromParts",
          "type": null,
          "probability": 1,
          "modifiers": [
            "private"
          ],
          "to_variable": {
            "key": "_NANxpJjREdy5va0YHYksEw",
            "name": "fromParts",
            "type": null,
            "modifiers": [
              "private"
            ],
            "position": {}
          },
          "position": {}
        }
      }
    }
  }
}