{
  "report_version": "unknown",
  "report_timestamp": "2023-11-08T09:51:48.555Z",
  "target_language": "java",
  "report_summary": {
    "additional": null,
    "amount_classes_or_interfaces_with_data_clumps": 4,
    "amount_files_with_data_clumps": 4,
    "amount_methods_with_data_clumps": 0,
    "fields_to_fields_data_clump": 4,
    "parameters_to_fields_data_clump": 0,
    "parameters_to_parameters_data_clump": 0,
    "amount_data_clumps": 4
  },
  "project_info": {
    "project_url": "unknown_project_url",
    "project_name": "XSDataMXv1.uml",
    "project_version": "unknown_project_version",
    "project_commit_hash": "unknown",
    "project_tag": null,
    "project_commit_date": null,
    "additional": {},
    "number_of_files": 61,
    "number_of_classes_or_interfaces": 61,
    "number_of_methods": 0,
    "number_of_data_fields": 215,
    "number_of_method_parameters": 0
  },
  "detector": {
    "name": "data-clumps-doctor",
    "url": "https://github.com/NilsBaumgartner1994/data-clumps-doctor",
    "version": "0.1.100",
    "options": {
      "typeVariablesConsidered": false,
      "similarityModifierOfVariablesWithUnknownType": 0,
      "fieldsOfClassesWithUnknownHierarchyProbabilityModifier": 0,
      "sharedFieldsToFieldsAmountMinimum": 3,
      "analyseFieldsInClassesOrInterfacesInheritedFromSuperClassesOrInterfaces": false,
      "sharedParametersToParametersAmountMinimum": 3,
      "sharedParametersToFieldsAmountMinimum": 3,
      "methodsOfClassesOrInterfacesWithUnknownHierarchyProbabilityModifier": 0
    }
  },
  "data_clumps": {
    "fields_to_fields_data_clump-./XSDataCharacterisation-_P6th4OjCEd-7o_3d0R29SQ-_e0pnEOjBEd-7o_3d0R29SQ-dataCollectionindexingResultintegrationResultstrategyResult": {
      "type": "data_clump",
      "key": "fields_to_fields_data_clump-./XSDataCharacterisation-_P6th4OjCEd-7o_3d0R29SQ-_e0pnEOjBEd-7o_3d0R29SQ-dataCollectionindexingResultintegrationResultstrategyResult",
      "probability": 1,
      "from_file_path": "./XSDataCharacterisation",
      "from_class_or_interface_name": "XSDataCharacterisation",
      "from_class_or_interface_key": "_P6th4OjCEd-7o_3d0R29SQ",
      "from_method_name": null,
      "from_method_key": null,
      "to_file_path": "./XSDataResultCharacterisation",
      "to_class_or_interface_key": "_e0pnEOjBEd-7o_3d0R29SQ",
      "to_class_or_interface_name": "XSDataCharacterisation",
      "to_method_key": null,
      "to_method_name": null,
      "data_clump_type": "fields_to_fields_data_clump",
      "data_clump_data": {
        "_TE60EujCEd-7o_3d0R29SQ": {
          "key": "_TE60EujCEd-7o_3d0R29SQ",
          "name": "dataCollection",
          "type": null,
          "probability": 1,
          "modifiers": [],
          "to_variable": {
            "key": "_hwaNkOjBEd-7o_3d0R29SQ",
            "name": "dataCollection",
            "type": null,
            "modifiers": [],
            "position": {}
          },
          "position": {}
        },
        "_VRSlAujCEd-7o_3d0R29SQ": {
          "key": "_VRSlAujCEd-7o_3d0R29SQ",
          "name": "indexingResult",
          "type": null,
          "probability": 1,
          "modifiers": [],
          "to_variable": {
            "key": "_rpaTAujBEd-7o_3d0R29SQ",
            "name": "indexingResult",
            "type": null,
            "modifiers": [],
            "position": {}
          },
          "position": {}
        },
        "_YyASsujCEd-7o_3d0R29SQ": {
          "key": "_YyASsujCEd-7o_3d0R29SQ",
          "name": "integrationResult",
          "type": null,
          "probability": 1,
          "modifiers": [],
          "to_variable": {
            "key": "_w_Y5MujBEd-7o_3d0R29SQ",
            "name": "integrationResult",
            "type": null,
            "modifiers": [],
            "position": {}
          },
          "position": {}
        },
        "_d6RNAujCEd-7o_3d0R29SQ": {
          "key": "_d6RNAujCEd-7o_3d0R29SQ",
          "name": "strategyResult",
          "type": null,
          "probability": 1,
          "modifiers": [],
          "to_variable": {
            "key": "_1sZa4ujBEd-7o_3d0R29SQ",
            "name": "strategyResult",
            "type": null,
            "modifiers": [],
            "position": {}
          },
          "position": {}
        }
      }
    },
    "fields_to_fields_data_clump-./XSDataInputStrategy-_BbGHoOgHEd-TcNOGyxZYYg-_2sgXkOjCEd-7o_3d0R29SQ-bestFileContentDatbestFileContentHKLbestFileContentParcrystalRefineddiffractionPlanexperimentalConditionsample": {
      "type": "data_clump",
      "key": "fields_to_fields_data_clump-./XSDataInputStrategy-_BbGHoOgHEd-TcNOGyxZYYg-_2sgXkOjCEd-7o_3d0R29SQ-bestFileContentDatbestFileContentHKLbestFileContentParcrystalRefineddiffractionPlanexperimentalConditionsample",
      "probability": 1,
      "from_file_path": "./XSDataInputStrategy",
      "from_class_or_interface_name": "XSDataInputStrategy",
      "from_class_or_interface_key": "_BbGHoOgHEd-TcNOGyxZYYg",
      "from_method_name": null,
      "from_method_key": null,
      "to_file_path": "./XSDataStrategyInput",
      "to_class_or_interface_key": "_2sgXkOjCEd-7o_3d0R29SQ",
      "to_class_or_interface_name": "XSDataInputStrategy",
      "to_method_key": null,
      "to_method_name": null,
      "data_clump_type": "fields_to_fields_data_clump",
      "data_clump_data": {
        "_HzkkAui0Ed-7o_3d0R29SQ": {
          "key": "_HzkkAui0Ed-7o_3d0R29SQ",
          "name": "bestFileContentDat",
          "type": null,
          "probability": 1,
          "modifiers": [],
          "to_variable": {
            "key": "_4lWIgujCEd-7o_3d0R29SQ",
            "name": "bestFileContentDat",
            "type": null,
            "modifiers": [],
            "position": {}
          },
          "position": {}
        },
        "_MGMPwui0Ed-7o_3d0R29SQ": {
          "key": "_MGMPwui0Ed-7o_3d0R29SQ",
          "name": "bestFileContentHKL",
          "type": null,
          "probability": 1,
          "modifiers": [],
          "to_variable": {
            "key": "_8kmzYOjCEd-7o_3d0R29SQ",
            "name": "bestFileContentHKL",
            "type": null,
            "modifiers": [],
            "position": {}
          },
          "position": {}
        },
        "_QXfF0ui0Ed-7o_3d0R29SQ": {
          "key": "_QXfF0ui0Ed-7o_3d0R29SQ",
          "name": "bestFileContentPar",
          "type": null,
          "probability": 1,
          "modifiers": [],
          "to_variable": {
            "key": "_De320ujDEd-7o_3d0R29SQ",
            "name": "bestFileContentPar",
            "type": null,
            "modifiers": [],
            "position": {}
          },
          "position": {}
        },
        "_V5_FEui0Ed-7o_3d0R29SQ": {
          "key": "_V5_FEui0Ed-7o_3d0R29SQ",
          "name": "crystalRefined",
          "type": null,
          "probability": 1,
          "modifiers": [],
          "to_variable": {
            "key": "_GGgncujDEd-7o_3d0R29SQ",
            "name": "crystalRefined",
            "type": null,
            "modifiers": [],
            "position": {}
          },
          "position": {}
        },
        "_aiEDcOi0Ed-7o_3d0R29SQ": {
          "key": "_aiEDcOi0Ed-7o_3d0R29SQ",
          "name": "diffractionPlan",
          "type": null,
          "probability": 1,
          "modifiers": [],
          "to_variable": {
            "key": "_JMjLUujDEd-7o_3d0R29SQ",
            "name": "diffractionPlan",
            "type": null,
            "modifiers": [],
            "position": {}
          },
          "position": {}
        },
        "_dr1Qwui0Ed-7o_3d0R29SQ": {
          "key": "_dr1Qwui0Ed-7o_3d0R29SQ",
          "name": "experimentalCondition",
          "type": null,
          "probability": 1,
          "modifiers": [],
          "to_variable": {
            "key": "_LrZMUOjDEd-7o_3d0R29SQ",
            "name": "experimentalCondition",
            "type": null,
            "modifiers": [],
            "position": {}
          },
          "position": {}
        },
        "_g4RXkui0Ed-7o_3d0R29SQ": {
          "key": "_g4RXkui0Ed-7o_3d0R29SQ",
          "name": "sample",
          "type": null,
          "probability": 1,
          "modifiers": [],
          "to_variable": {
            "key": "_6XrMUujDEd-7o_3d0R29SQ",
            "name": "sample",
            "type": null,
            "modifiers": [],
            "position": {}
          },
          "position": {}
        }
      }
    },
    "fields_to_fields_data_clump-./XSDataResultCharacterisation-_e0pnEOjBEd-7o_3d0R29SQ-_P6th4OjCEd-7o_3d0R29SQ-dataCollectionintegrationResultstrategyResultindexingResult": {
      "type": "data_clump",
      "key": "fields_to_fields_data_clump-./XSDataResultCharacterisation-_e0pnEOjBEd-7o_3d0R29SQ-_P6th4OjCEd-7o_3d0R29SQ-dataCollectionintegrationResultstrategyResultindexingResult",
      "probability": 1,
      "from_file_path": "./XSDataResultCharacterisation",
      "from_class_or_interface_name": "XSDataResultCharacterisation",
      "from_class_or_interface_key": "_e0pnEOjBEd-7o_3d0R29SQ",
      "from_method_name": null,
      "from_method_key": null,
      "to_file_path": "./XSDataCharacterisation",
      "to_class_or_interface_key": "_P6th4OjCEd-7o_3d0R29SQ",
      "to_class_or_interface_name": "XSDataResultCharacterisation",
      "to_method_key": null,
      "to_method_name": null,
      "data_clump_type": "fields_to_fields_data_clump",
      "data_clump_data": {
        "_hwaNkOjBEd-7o_3d0R29SQ": {
          "key": "_hwaNkOjBEd-7o_3d0R29SQ",
          "name": "dataCollection",
          "type": null,
          "probability": 1,
          "modifiers": [],
          "to_variable": {
            "key": "_TE60EujCEd-7o_3d0R29SQ",
            "name": "dataCollection",
            "type": null,
            "modifiers": [],
            "position": {}
          },
          "position": {}
        },
        "_w_Y5MujBEd-7o_3d0R29SQ": {
          "key": "_w_Y5MujBEd-7o_3d0R29SQ",
          "name": "integrationResult",
          "type": null,
          "probability": 1,
          "modifiers": [],
          "to_variable": {
            "key": "_YyASsujCEd-7o_3d0R29SQ",
            "name": "integrationResult",
            "type": null,
            "modifiers": [],
            "position": {}
          },
          "position": {}
        },
        "_1sZa4ujBEd-7o_3d0R29SQ": {
          "key": "_1sZa4ujBEd-7o_3d0R29SQ",
          "name": "strategyResult",
          "type": null,
          "probability": 1,
          "modifiers": [],
          "to_variable": {
            "key": "_d6RNAujCEd-7o_3d0R29SQ",
            "name": "strategyResult",
            "type": null,
            "modifiers": [],
            "position": {}
          },
          "position": {}
        },
        "_rpaTAujBEd-7o_3d0R29SQ": {
          "key": "_rpaTAujBEd-7o_3d0R29SQ",
          "name": "indexingResult",
          "type": null,
          "probability": 1,
          "modifiers": [],
          "to_variable": {
            "key": "_VRSlAujCEd-7o_3d0R29SQ",
            "name": "indexingResult",
            "type": null,
            "modifiers": [],
            "position": {}
          },
          "position": {}
        }
      }
    },
    "fields_to_fields_data_clump-./XSDataStrategyInput-_2sgXkOjCEd-7o_3d0R29SQ-_BbGHoOgHEd-TcNOGyxZYYg-bestFileContentDatbestFileContentHKLbestFileContentParcrystalRefineddiffractionPlanexperimentalConditionsample": {
      "type": "data_clump",
      "key": "fields_to_fields_data_clump-./XSDataStrategyInput-_2sgXkOjCEd-7o_3d0R29SQ-_BbGHoOgHEd-TcNOGyxZYYg-bestFileContentDatbestFileContentHKLbestFileContentParcrystalRefineddiffractionPlanexperimentalConditionsample",
      "probability": 1,
      "from_file_path": "./XSDataStrategyInput",
      "from_class_or_interface_name": "XSDataStrategyInput",
      "from_class_or_interface_key": "_2sgXkOjCEd-7o_3d0R29SQ",
      "from_method_name": null,
      "from_method_key": null,
      "to_file_path": "./XSDataInputStrategy",
      "to_class_or_interface_key": "_BbGHoOgHEd-TcNOGyxZYYg",
      "to_class_or_interface_name": "XSDataStrategyInput",
      "to_method_key": null,
      "to_method_name": null,
      "data_clump_type": "fields_to_fields_data_clump",
      "data_clump_data": {
        "_4lWIgujCEd-7o_3d0R29SQ": {
          "key": "_4lWIgujCEd-7o_3d0R29SQ",
          "name": "bestFileContentDat",
          "type": null,
          "probability": 1,
          "modifiers": [],
          "to_variable": {
            "key": "_HzkkAui0Ed-7o_3d0R29SQ",
            "name": "bestFileContentDat",
            "type": null,
            "modifiers": [],
            "position": {}
          },
          "position": {}
        },
        "_8kmzYOjCEd-7o_3d0R29SQ": {
          "key": "_8kmzYOjCEd-7o_3d0R29SQ",
          "name": "bestFileContentHKL",
          "type": null,
          "probability": 1,
          "modifiers": [],
          "to_variable": {
            "key": "_MGMPwui0Ed-7o_3d0R29SQ",
            "name": "bestFileContentHKL",
            "type": null,
            "modifiers": [],
            "position": {}
          },
          "position": {}
        },
        "_De320ujDEd-7o_3d0R29SQ": {
          "key": "_De320ujDEd-7o_3d0R29SQ",
          "name": "bestFileContentPar",
          "type": null,
          "probability": 1,
          "modifiers": [],
          "to_variable": {
            "key": "_QXfF0ui0Ed-7o_3d0R29SQ",
            "name": "bestFileContentPar",
            "type": null,
            "modifiers": [],
            "position": {}
          },
          "position": {}
        },
        "_GGgncujDEd-7o_3d0R29SQ": {
          "key": "_GGgncujDEd-7o_3d0R29SQ",
          "name": "crystalRefined",
          "type": null,
          "probability": 1,
          "modifiers": [],
          "to_variable": {
            "key": "_V5_FEui0Ed-7o_3d0R29SQ",
            "name": "crystalRefined",
            "type": null,
            "modifiers": [],
            "position": {}
          },
          "position": {}
        },
        "_JMjLUujDEd-7o_3d0R29SQ": {
          "key": "_JMjLUujDEd-7o_3d0R29SQ",
          "name": "diffractionPlan",
          "type": null,
          "probability": 1,
          "modifiers": [],
          "to_variable": {
            "key": "_aiEDcOi0Ed-7o_3d0R29SQ",
            "name": "diffractionPlan",
            "type": null,
            "modifiers": [],
            "position": {}
          },
          "position": {}
        },
        "_LrZMUOjDEd-7o_3d0R29SQ": {
          "key": "_LrZMUOjDEd-7o_3d0R29SQ",
          "name": "experimentalCondition",
          "type": null,
          "probability": 1,
          "modifiers": [],
          "to_variable": {
            "key": "_dr1Qwui0Ed-7o_3d0R29SQ",
            "name": "experimentalCondition",
            "type": null,
            "modifiers": [],
            "position": {}
          },
          "position": {}
        },
        "_6XrMUujDEd-7o_3d0R29SQ": {
          "key": "_6XrMUujDEd-7o_3d0R29SQ",
          "name": "sample",
          "type": null,
          "probability": 1,
          "modifiers": [],
          "to_variable": {
            "key": "_g4RXkui0Ed-7o_3d0R29SQ",
            "name": "sample",
            "type": null,
            "modifiers": [],
            "position": {}
          },
          "position": {}
        }
      }
    }
  }
}