{
  "report_version": "^0.1.102",
  "report_timestamp": "2025-04-02T19:59:06.350Z",
  "target_language": "java",
  "report_summary": {
    "additional": {
      "timer_information": {
        "ast_generation_time_ms": 3788,
        "detection_time_ms": 13,
        "machine_information": {
          "os": "Linux",
          "os_release": "5.10.0-34-cloud-amd64",
          "os_platform": "linux",
          "os_arch": "x64",
          "os_uptime": 1932860.9,
          "os_memory_free": 55898845184,
          "os_memory_total": 63183245312,
          "os_cpu_cores": 16,
          "os_cpu_model": "AMD EPYC-Milan Processor",
          "os_cpu_speed": 1996
        }
      }
    },
    "amount_classes_or_interfaces_with_data_clumps": 1,
    "amount_files_with_data_clumps": 1,
    "amount_methods_with_data_clumps": 2,
    "fields_to_fields_data_clump": 0,
    "parameters_to_fields_data_clump": 0,
    "parameters_to_parameters_data_clump": 2,
    "amount_data_clumps": 2
  },
  "project_info": {
    "project_url": "https://github.com/OryxProject/oryx",
    "project_name": "oryx",
    "project_version": "968d216741845520b039db0dd4a5e47f79bb52bf",
    "project_commit_hash": "968d216741845520b039db0dd4a5e47f79bb52bf",
    "project_tag": "oryx-2.1.3",
    "project_commit_date": "1475489727",
    "additional": {},
    "number_of_files": 376,
    "number_of_classes_or_interfaces": 411,
    "number_of_methods": 1405,
    "number_of_data_fields": 594,
    "number_of_method_parameters": 1030
  },
  "detector": {
    "name": "data-clumps-doctor",
    "url": "https://github.com/NilsBaumgartner1994/data-clumps-doctor",
    "version": "0.1.100",
    "options": {
      "fastDetection": true,
      "typeVariablesConsidered": false,
      "similarityModifierOfVariablesWithUnknownType": 0,
      "fieldsOfClassesWithUnknownHierarchyProbabilityModifier": 0,
      "sharedFieldsToFieldsAmountMinimum": 3,
      "analyseFieldsInClassesOrInterfacesInheritedFromSuperClassesOrInterfaces": false,
      "sharedParametersToParametersAmountMinimum": 3,
      "sharedParametersToFieldsAmountMinimum": 3,
      "methodsOfClassesOrInterfacesWithUnknownHierarchyProbabilityModifier": 0
    }
  },
  "data_clumps": {
    "parameters_to_parameters_data_clump-framework/kafka-util/src/main/java/com/cloudera/oryx/kafka/util/KafkaUtils.java-com.cloudera.oryx.kafka.util.KafkaUtils/method/maybeCreateTopic(java.lang.String zkServers, java.lang.String topic, int partitions, java.util.Properties topicProperties)-com.cloudera.oryx.kafka.util.KafkaUtils/method/maybeCreateTopic(java.lang.String zkServers, java.lang.String topic, int partitions)-zkServerstopicpartitions": {
      "type": "data_clump",
      "key": "parameters_to_parameters_data_clump-framework/kafka-util/src/main/java/com/cloudera/oryx/kafka/util/KafkaUtils.java-com.cloudera.oryx.kafka.util.KafkaUtils/method/maybeCreateTopic(java.lang.String zkServers, java.lang.String topic, int partitions, java.util.Properties topicProperties)-com.cloudera.oryx.kafka.util.KafkaUtils/method/maybeCreateTopic(java.lang.String zkServers, java.lang.String topic, int partitions)-zkServerstopicpartitions",
      "probability": 1,
      "from_file_path": "framework/kafka-util/src/main/java/com/cloudera/oryx/kafka/util/KafkaUtils.java",
      "from_class_or_interface_name": "KafkaUtils",
      "from_class_or_interface_key": "com.cloudera.oryx.kafka.util.KafkaUtils",
      "from_method_name": "maybeCreateTopic",
      "from_method_key": "com.cloudera.oryx.kafka.util.KafkaUtils/method/maybeCreateTopic(java.lang.String zkServers, java.lang.String topic, int partitions, java.util.Properties topicProperties)",
      "to_file_path": "framework/kafka-util/src/main/java/com/cloudera/oryx/kafka/util/KafkaUtils.java",
      "to_class_or_interface_name": "KafkaUtils",
      "to_class_or_interface_key": "com.cloudera.oryx.kafka.util.KafkaUtils",
      "to_method_name": "maybeCreateTopic",
      "to_method_key": "com.cloudera.oryx.kafka.util.KafkaUtils/method/maybeCreateTopic(java.lang.String zkServers, java.lang.String topic, int partitions)",
      "data_clump_type": "parameters_to_parameters_data_clump",
      "data_clump_data": {
        "com.cloudera.oryx.kafka.util.KafkaUtils/method/maybeCreateTopic(java.lang.String zkServers, java.lang.String topic, int partitions, java.util.Properties topicProperties)/parameter/zkServers": {
          "key": "com.cloudera.oryx.kafka.util.KafkaUtils/method/maybeCreateTopic(java.lang.String zkServers, java.lang.String topic, int partitions, java.util.Properties topicProperties)/parameter/zkServers",
          "name": "zkServers",
          "type": "java.lang.String",
          "probability": 1,
          "modifiers": [],
          "to_variable": {
            "key": "com.cloudera.oryx.kafka.util.KafkaUtils/method/maybeCreateTopic(java.lang.String zkServers, java.lang.String topic, int partitions)/parameter/zkServers",
            "name": "zkServers",
            "type": "java.lang.String",
            "modifiers": [],
            "position": {
              "startLine": 57,
              "startColumn": 46,
              "endLine": 57,
              "endColumn": 55
            }
          },
          "position": {
            "startLine": 67,
            "startColumn": 46,
            "endLine": 67,
            "endColumn": 55
          }
        },
        "com.cloudera.oryx.kafka.util.KafkaUtils/method/maybeCreateTopic(java.lang.String zkServers, java.lang.String topic, int partitions, java.util.Properties topicProperties)/parameter/topic": {
          "key": "com.cloudera.oryx.kafka.util.KafkaUtils/method/maybeCreateTopic(java.lang.String zkServers, java.lang.String topic, int partitions, java.util.Properties topicProperties)/parameter/topic",
          "name": "topic",
          "type": "java.lang.String",
          "probability": 1,
          "modifiers": [],
          "to_variable": {
            "key": "com.cloudera.oryx.kafka.util.KafkaUtils/method/maybeCreateTopic(java.lang.String zkServers, java.lang.String topic, int partitions)/parameter/topic",
            "name": "topic",
            "type": "java.lang.String",
            "modifiers": [],
            "position": {
              "startLine": 57,
              "startColumn": 64,
              "endLine": 57,
              "endColumn": 69
            }
          },
          "position": {
            "startLine": 68,
            "startColumn": 46,
            "endLine": 68,
            "endColumn": 51
          }
        },
        "com.cloudera.oryx.kafka.util.KafkaUtils/method/maybeCreateTopic(java.lang.String zkServers, java.lang.String topic, int partitions, java.util.Properties topicProperties)/parameter/partitions": {
          "key": "com.cloudera.oryx.kafka.util.KafkaUtils/method/maybeCreateTopic(java.lang.String zkServers, java.lang.String topic, int partitions, java.util.Properties topicProperties)/parameter/partitions",
          "name": "partitions",
          "type": "int",
          "probability": 1,
          "modifiers": [],
          "to_variable": {
            "key": "com.cloudera.oryx.kafka.util.KafkaUtils/method/maybeCreateTopic(java.lang.String zkServers, java.lang.String topic, int partitions)/parameter/partitions",
            "name": "partitions",
            "type": "int",
            "modifiers": [],
            "position": {
              "startLine": 57,
              "startColumn": 75,
              "endLine": 57,
              "endColumn": 85
            }
          },
          "position": {
            "startLine": 69,
            "startColumn": 43,
            "endLine": 69,
            "endColumn": 53
          }
        }
      }
    },
    "parameters_to_parameters_data_clump-framework/kafka-util/src/main/java/com/cloudera/oryx/kafka/util/KafkaUtils.java-com.cloudera.oryx.kafka.util.KafkaUtils/method/maybeCreateTopic(java.lang.String zkServers, java.lang.String topic, int partitions)-com.cloudera.oryx.kafka.util.KafkaUtils/method/maybeCreateTopic(java.lang.String zkServers, java.lang.String topic, int partitions, java.util.Properties topicProperties)-zkServerstopicpartitions": {
      "type": "data_clump",
      "key": "parameters_to_parameters_data_clump-framework/kafka-util/src/main/java/com/cloudera/oryx/kafka/util/KafkaUtils.java-com.cloudera.oryx.kafka.util.KafkaUtils/method/maybeCreateTopic(java.lang.String zkServers, java.lang.String topic, int partitions)-com.cloudera.oryx.kafka.util.KafkaUtils/method/maybeCreateTopic(java.lang.String zkServers, java.lang.String topic, int partitions, java.util.Properties topicProperties)-zkServerstopicpartitions",
      "probability": 1,
      "from_file_path": "framework/kafka-util/src/main/java/com/cloudera/oryx/kafka/util/KafkaUtils.java",
      "from_class_or_interface_name": "KafkaUtils",
      "from_class_or_interface_key": "com.cloudera.oryx.kafka.util.KafkaUtils",
      "from_method_name": "maybeCreateTopic",
      "from_method_key": "com.cloudera.oryx.kafka.util.KafkaUtils/method/maybeCreateTopic(java.lang.String zkServers, java.lang.String topic, int partitions)",
      "to_file_path": "framework/kafka-util/src/main/java/com/cloudera/oryx/kafka/util/KafkaUtils.java",
      "to_class_or_interface_name": "KafkaUtils",
      "to_class_or_interface_key": "com.cloudera.oryx.kafka.util.KafkaUtils",
      "to_method_name": "maybeCreateTopic",
      "to_method_key": "com.cloudera.oryx.kafka.util.KafkaUtils/method/maybeCreateTopic(java.lang.String zkServers, java.lang.String topic, int partitions, java.util.Properties topicProperties)",
      "data_clump_type": "parameters_to_parameters_data_clump",
      "data_clump_data": {
        "com.cloudera.oryx.kafka.util.KafkaUtils/method/maybeCreateTopic(java.lang.String zkServers, java.lang.String topic, int partitions)/parameter/zkServers": {
          "key": "com.cloudera.oryx.kafka.util.KafkaUtils/method/maybeCreateTopic(java.lang.String zkServers, java.lang.String topic, int partitions)/parameter/zkServers",
          "name": "zkServers",
          "type": "java.lang.String",
          "probability": 1,
          "modifiers": [],
          "to_variable": {
            "key": "com.cloudera.oryx.kafka.util.KafkaUtils/method/maybeCreateTopic(java.lang.String zkServers, java.lang.String topic, int partitions, java.util.Properties topicProperties)/parameter/zkServers",
            "name": "zkServers",
            "type": "java.lang.String",
            "modifiers": [],
            "position": {
              "startLine": 67,
              "startColumn": 46,
              "endLine": 67,
              "endColumn": 55
            }
          },
          "position": {
            "startLine": 57,
            "startColumn": 46,
            "endLine": 57,
            "endColumn": 55
          }
        },
        "com.cloudera.oryx.kafka.util.KafkaUtils/method/maybeCreateTopic(java.lang.String zkServers, java.lang.String topic, int partitions)/parameter/topic": {
          "key": "com.cloudera.oryx.kafka.util.KafkaUtils/method/maybeCreateTopic(java.lang.String zkServers, java.lang.String topic, int partitions)/parameter/topic",
          "name": "topic",
          "type": "java.lang.String",
          "probability": 1,
          "modifiers": [],
          "to_variable": {
            "key": "com.cloudera.oryx.kafka.util.KafkaUtils/method/maybeCreateTopic(java.lang.String zkServers, java.lang.String topic, int partitions, java.util.Properties topicProperties)/parameter/topic",
            "name": "topic",
            "type": "java.lang.String",
            "modifiers": [],
            "position": {
              "startLine": 68,
              "startColumn": 46,
              "endLine": 68,
              "endColumn": 51
            }
          },
          "position": {
            "startLine": 57,
            "startColumn": 64,
            "endLine": 57,
            "endColumn": 69
          }
        },
        "com.cloudera.oryx.kafka.util.KafkaUtils/method/maybeCreateTopic(java.lang.String zkServers, java.lang.String topic, int partitions)/parameter/partitions": {
          "key": "com.cloudera.oryx.kafka.util.KafkaUtils/method/maybeCreateTopic(java.lang.String zkServers, java.lang.String topic, int partitions)/parameter/partitions",
          "name": "partitions",
          "type": "int",
          "probability": 1,
          "modifiers": [],
          "to_variable": {
            "key": "com.cloudera.oryx.kafka.util.KafkaUtils/method/maybeCreateTopic(java.lang.String zkServers, java.lang.String topic, int partitions, java.util.Properties topicProperties)/parameter/partitions",
            "name": "partitions",
            "type": "int",
            "modifiers": [],
            "position": {
              "startLine": 69,
              "startColumn": 43,
              "endLine": 69,
              "endColumn": 53
            }
          },
          "position": {
            "startLine": 57,
            "startColumn": 75,
            "endLine": 57,
            "endColumn": 85
          }
        }
      }
    }
  }
}