{
  "report_version": "^0.1.102",
  "report_timestamp": "2025-08-29T10:19:20.442Z",
  "target_language": "Digital Twin Definition Language",
  "report_summary": {
    "additional": {
      "invertedIndexSoftwareProjectStatistics": {
        "invertedFieldToClasses": {
          "median": 1,
          "maximum": 13,
          "average": 3.6363636363636362,
          "amountSavedValuesForKeys": 40,
          "amountKeys": 3
        },
        "invertedParameterToMethods": {
          "median": null,
          "maximum": 1,
          "average": 1,
          "amountSavedValuesForKeys": 2,
          "amountKeys": 1
        },
        "invertedParameterToClasses": {
          "median": 1,
          "maximum": 13,
          "average": 3.6363636363636362,
          "amountSavedValuesForKeys": 40,
          "amountKeys": 3
        }
      },
      "timer_information": {
        "ast_generation_time_ms": 7,
        "detection_time_ms": 1,
        "machine_information": {
          "os": "Darwin",
          "os_release": "22.5.0",
          "os_platform": "darwin",
          "os_arch": "x64",
          "os_uptime": 1545177,
          "os_memory_free": 1086128128,
          "os_memory_total": 34359738368,
          "os_cpu_cores": 12,
          "os_cpu_model": "Intel(R) Core(TM) i7-9750H CPU @ 2.60GHz",
          "os_cpu_speed": 2600
        }
      }
    },
    "amount_classes_or_interfaces_with_data_clumps": 6,
    "amount_files_with_data_clumps": 6,
    "amount_methods_with_data_clumps": 0,
    "fields_to_fields_data_clump": 30,
    "parameters_to_fields_data_clump": 0,
    "parameters_to_parameters_data_clump": 0,
    "amount_data_clumps": 30
  },
  "project_info": {
    "project_url": "https://github.com/Azure/iot-plugandplay-models",
    "project_name": "covia",
    "project_version": "current",
    "project_commit_hash": "current",
    "project_tag": null,
    "project_commit_date": null,
    "additional": {},
    "number_of_files": 14,
    "number_of_classes_or_interfaces": 14,
    "number_of_methods": 4,
    "number_of_data_fields": 40,
    "number_of_method_parameters": 2
  },
  "detector": {
    "name": "data-clumps-doctor",
    "url": "https://github.com/NilsBaumgartner1994/data-clumps-doctor",
    "version": "0.1.100",
    "options": {
      "fastDetection": true,
      "ignorePaths": [],
      "typeVariablesConsidered": false,
      "similarityModifierOfVariablesWithUnknownType": 0,
      "fieldsOfClassesWithUnknownHierarchyProbabilityModifier": 0,
      "sharedFieldsToFieldsAmountMinimum": 3,
      "analyseFieldsInClassesOrInterfacesInheritedFromSuperClassesOrInterfaces": false,
      "sharedParametersToParametersAmountMinimum": 3,
      "sharedParametersToFieldsAmountMinimum": 3,
      "methodsOfClassesOrInterfacesWithUnknownHierarchyProbabilityModifier": 0
    }
  },
  "data_clumps": {
    "fields_to_fields_data_clump-component/tkr03fl-1.json-dtmi:covia:component:TKR03FL;1-dtmi:covia:component:TKR04A;1-isEnabledreportIntervalreportMode": {
      "type": "data_clump",
      "key": "fields_to_fields_data_clump-component/tkr03fl-1.json-dtmi:covia:component:TKR03FL;1-dtmi:covia:component:TKR04A;1-isEnabledreportIntervalreportMode",
      "probability": 1,
      "from_file_path": "component/tkr03fl-1.json",
      "from_class_or_interface_name": "TKR03FL",
      "from_class_or_interface_key": "dtmi:covia:component:TKR03FL;1",
      "from_method_name": null,
      "from_method_key": null,
      "to_file_path": "component/tkr04a-1.json",
      "to_class_or_interface_key": "dtmi:covia:component:TKR04A;1",
      "to_class_or_interface_name": "TKR03FL",
      "to_method_key": null,
      "to_method_name": null,
      "data_clump_type": "fields_to_fields_data_clump",
      "data_clump_data": {
        "dtmi:covia:component:TKR03FL;1/memberField/dtmi:covia:component:TKR03FL;1#isEnabled": {
          "key": "dtmi:covia:component:TKR03FL;1/memberField/dtmi:covia:component:TKR03FL;1#isEnabled",
          "name": "isEnabled",
          "type": "boolean",
          "probability": 1,
          "modifiers": [],
          "to_variable": {
            "key": "dtmi:covia:component:TKR04A;1/memberField/dtmi:covia:component:TKR04A;1#isEnabled",
            "name": "isEnabled",
            "type": "boolean",
            "modifiers": [],
            "position": {}
          },
          "position": {}
        },
        "dtmi:covia:component:TKR03FL;1/memberField/dtmi:covia:component:TKR03FL;1#reportInterval": {
          "key": "dtmi:covia:component:TKR03FL;1/memberField/dtmi:covia:component:TKR03FL;1#reportInterval",
          "name": "reportInterval",
          "type": "integer",
          "probability": 1,
          "modifiers": [],
          "to_variable": {
            "key": "dtmi:covia:component:TKR04A;1/memberField/dtmi:covia:component:TKR04A;1#reportInterval",
            "name": "reportInterval",
            "type": "integer",
            "modifiers": [],
            "position": {}
          },
          "position": {}
        },
        "dtmi:covia:component:TKR03FL;1/memberField/dtmi:covia:component:TKR03FL;1#reportMode": {
          "key": "dtmi:covia:component:TKR03FL;1/memberField/dtmi:covia:component:TKR03FL;1#reportMode",
          "name": "reportMode",
          "type": "Enum:[1,2,3]",
          "probability": 1,
          "modifiers": [],
          "to_variable": {
            "key": "dtmi:covia:component:TKR04A;1/memberField/dtmi:covia:component:TKR04A;1#reportMode",
            "name": "reportMode",
            "type": "Enum:[1,2,3]",
            "modifiers": [],
            "position": {}
          },
          "position": {}
        }
      }
    },
    "fields_to_fields_data_clump-component/tkr03fl-1.json-dtmi:covia:component:TKR03FL;1-dtmi:covia:component:iBS01G;1-isEnabledreportIntervalreportMode": {
      "type": "data_clump",
      "key": "fields_to_fields_data_clump-component/tkr03fl-1.json-dtmi:covia:component:TKR03FL;1-dtmi:covia:component:iBS01G;1-isEnabledreportIntervalreportMode",
      "probability": 1,
      "from_file_path": "component/tkr03fl-1.json",
      "from_class_or_interface_name": "TKR03FL",
      "from_class_or_interface_key": "dtmi:covia:component:TKR03FL;1",
      "from_method_name": null,
      "from_method_key": null,
      "to_file_path": "component/ibs01g-1.json",
      "to_class_or_interface_key": "dtmi:covia:component:iBS01G;1",
      "to_class_or_interface_name": "TKR03FL",
      "to_method_key": null,
      "to_method_name": null,
      "data_clump_type": "fields_to_fields_data_clump",
      "data_clump_data": {
        "dtmi:covia:component:TKR03FL;1/memberField/dtmi:covia:component:TKR03FL;1#isEnabled": {
          "key": "dtmi:covia:component:TKR03FL;1/memberField/dtmi:covia:component:TKR03FL;1#isEnabled",
          "name": "isEnabled",
          "type": "boolean",
          "probability": 1,
          "modifiers": [],
          "to_variable": {
            "key": "dtmi:covia:component:iBS01G;1/memberField/dtmi:covia:component:iBS01G;1#isEnabled",
            "name": "isEnabled",
            "type": "boolean",
            "modifiers": [],
            "position": {}
          },
          "position": {}
        },
        "dtmi:covia:component:TKR03FL;1/memberField/dtmi:covia:component:TKR03FL;1#reportInterval": {
          "key": "dtmi:covia:component:TKR03FL;1/memberField/dtmi:covia:component:TKR03FL;1#reportInterval",
          "name": "reportInterval",
          "type": "integer",
          "probability": 1,
          "modifiers": [],
          "to_variable": {
            "key": "dtmi:covia:component:iBS01G;1/memberField/dtmi:covia:component:iBS01G;1#reportInterval",
            "name": "reportInterval",
            "type": "integer",
            "modifiers": [],
            "position": {}
          },
          "position": {}
        },
        "dtmi:covia:component:TKR03FL;1/memberField/dtmi:covia:component:TKR03FL;1#reportMode": {
          "key": "dtmi:covia:component:TKR03FL;1/memberField/dtmi:covia:component:TKR03FL;1#reportMode",
          "name": "reportMode",
          "type": "Enum:[1,2,3]",
          "probability": 1,
          "modifiers": [],
          "to_variable": {
            "key": "dtmi:covia:component:iBS01G;1/memberField/dtmi:covia:component:iBS01G;1#reportMode",
            "name": "reportMode",
            "type": "Enum:[1,2,3]",
            "modifiers": [],
            "position": {}
          },
          "position": {}
        }
      }
    },
    "fields_to_fields_data_clump-component/tkr03fl-1.json-dtmi:covia:component:TKR03FL;1-dtmi:covia:component:iBS01H;1-isEnabledreportIntervalreportMode": {
      "type": "data_clump",
      "key": "fields_to_fields_data_clump-component/tkr03fl-1.json-dtmi:covia:component:TKR03FL;1-dtmi:covia:component:iBS01H;1-isEnabledreportIntervalreportMode",
      "probability": 1,
      "from_file_path": "component/tkr03fl-1.json",
      "from_class_or_interface_name": "TKR03FL",
      "from_class_or_interface_key": "dtmi:covia:component:TKR03FL;1",
      "from_method_name": null,
      "from_method_key": null,
      "to_file_path": "component/ibs01h-1.json",
      "to_class_or_interface_key": "dtmi:covia:component:iBS01H;1",
      "to_class_or_interface_name": "TKR03FL",
      "to_method_key": null,
      "to_method_name": null,
      "data_clump_type": "fields_to_fields_data_clump",
      "data_clump_data": {
        "dtmi:covia:component:TKR03FL;1/memberField/dtmi:covia:component:TKR03FL;1#isEnabled": {
          "key": "dtmi:covia:component:TKR03FL;1/memberField/dtmi:covia:component:TKR03FL;1#isEnabled",
          "name": "isEnabled",
          "type": "boolean",
          "probability": 1,
          "modifiers": [],
          "to_variable": {
            "key": "dtmi:covia:component:iBS01H;1/memberField/dtmi:covia:component:iBS01H;1#isEnabled",
            "name": "isEnabled",
            "type": "boolean",
            "modifiers": [],
            "position": {}
          },
          "position": {}
        },
        "dtmi:covia:component:TKR03FL;1/memberField/dtmi:covia:component:TKR03FL;1#reportInterval": {
          "key": "dtmi:covia:component:TKR03FL;1/memberField/dtmi:covia:component:TKR03FL;1#reportInterval",
          "name": "reportInterval",
          "type": "integer",
          "probability": 1,
          "modifiers": [],
          "to_variable": {
            "key": "dtmi:covia:component:iBS01H;1/memberField/dtmi:covia:component:iBS01H;1#reportInterval",
            "name": "reportInterval",
            "type": "integer",
            "modifiers": [],
            "position": {}
          },
          "position": {}
        },
        "dtmi:covia:component:TKR03FL;1/memberField/dtmi:covia:component:TKR03FL;1#reportMode": {
          "key": "dtmi:covia:component:TKR03FL;1/memberField/dtmi:covia:component:TKR03FL;1#reportMode",
          "name": "reportMode",
          "type": "Enum:[1,2,3]",
          "probability": 1,
          "modifiers": [],
          "to_variable": {
            "key": "dtmi:covia:component:iBS01H;1/memberField/dtmi:covia:component:iBS01H;1#reportMode",
            "name": "reportMode",
            "type": "Enum:[1,2,3]",
            "modifiers": [],
            "position": {}
          },
          "position": {}
        }
      }
    },
    "fields_to_fields_data_clump-component/tkr03fl-1.json-dtmi:covia:component:TKR03FL;1-dtmi:covia:component:iBS02IR2;1-isEnabledreportIntervalreportMode": {
      "type": "data_clump",
      "key": "fields_to_fields_data_clump-component/tkr03fl-1.json-dtmi:covia:component:TKR03FL;1-dtmi:covia:component:iBS02IR2;1-isEnabledreportIntervalreportMode",
      "probability": 1,
      "from_file_path": "component/tkr03fl-1.json",
      "from_class_or_interface_name": "TKR03FL",
      "from_class_or_interface_key": "dtmi:covia:component:TKR03FL;1",
      "from_method_name": null,
      "from_method_key": null,
      "to_file_path": "component/ibs02ir2-1.json",
      "to_class_or_interface_key": "dtmi:covia:component:iBS02IR2;1",
      "to_class_or_interface_name": "TKR03FL",
      "to_method_key": null,
      "to_method_name": null,
      "data_clump_type": "fields_to_fields_data_clump",
      "data_clump_data": {
        "dtmi:covia:component:TKR03FL;1/memberField/dtmi:covia:component:TKR03FL;1#isEnabled": {
          "key": "dtmi:covia:component:TKR03FL;1/memberField/dtmi:covia:component:TKR03FL;1#isEnabled",
          "name": "isEnabled",
          "type": "boolean",
          "probability": 1,
          "modifiers": [],
          "to_variable": {
            "key": "dtmi:covia:component:iBS02IR2;1/memberField/dtmi:covia:component:iBS02IR2;1#isEnabled",
            "name": "isEnabled",
            "type": "boolean",
            "modifiers": [],
            "position": {}
          },
          "position": {}
        },
        "dtmi:covia:component:TKR03FL;1/memberField/dtmi:covia:component:TKR03FL;1#reportInterval": {
          "key": "dtmi:covia:component:TKR03FL;1/memberField/dtmi:covia:component:TKR03FL;1#reportInterval",
          "name": "reportInterval",
          "type": "integer",
          "probability": 1,
          "modifiers": [],
          "to_variable": {
            "key": "dtmi:covia:component:iBS02IR2;1/memberField/dtmi:covia:component:iBS02IR2;1#reportInterval",
            "name": "reportInterval",
            "type": "integer",
            "modifiers": [],
            "position": {}
          },
          "position": {}
        },
        "dtmi:covia:component:TKR03FL;1/memberField/dtmi:covia:component:TKR03FL;1#reportMode": {
          "key": "dtmi:covia:component:TKR03FL;1/memberField/dtmi:covia:component:TKR03FL;1#reportMode",
          "name": "reportMode",
          "type": "Enum:[1,2,3]",
          "probability": 1,
          "modifiers": [],
          "to_variable": {
            "key": "dtmi:covia:component:iBS02IR2;1/memberField/dtmi:covia:component:iBS02IR2;1#reportMode",
            "name": "reportMode",
            "type": "Enum:[1,2,3]",
            "modifiers": [],
            "position": {}
          },
          "position": {}
        }
      }
    },
    "fields_to_fields_data_clump-component/tkr03fl-1.json-dtmi:covia:component:TKR03FL;1-dtmi:covia:component:iBS02PIR2;1-isEnabledreportIntervalreportMode": {
      "type": "data_clump",
      "key": "fields_to_fields_data_clump-component/tkr03fl-1.json-dtmi:covia:component:TKR03FL;1-dtmi:covia:component:iBS02PIR2;1-isEnabledreportIntervalreportMode",
      "probability": 1,
      "from_file_path": "component/tkr03fl-1.json",
      "from_class_or_interface_name": "TKR03FL",
      "from_class_or_interface_key": "dtmi:covia:component:TKR03FL;1",
      "from_method_name": null,
      "from_method_key": null,
      "to_file_path": "component/ibs02pir2-1.json",
      "to_class_or_interface_key": "dtmi:covia:component:iBS02PIR2;1",
      "to_class_or_interface_name": "TKR03FL",
      "to_method_key": null,
      "to_method_name": null,
      "data_clump_type": "fields_to_fields_data_clump",
      "data_clump_data": {
        "dtmi:covia:component:TKR03FL;1/memberField/dtmi:covia:component:TKR03FL;1#isEnabled": {
          "key": "dtmi:covia:component:TKR03FL;1/memberField/dtmi:covia:component:TKR03FL;1#isEnabled",
          "name": "isEnabled",
          "type": "boolean",
          "probability": 1,
          "modifiers": [],
          "to_variable": {
            "key": "dtmi:covia:component:iBS02PIR2;1/memberField/dtmi:covia:component:iBS02PIR2;1#isEnabled",
            "name": "isEnabled",
            "type": "boolean",
            "modifiers": [],
            "position": {}
          },
          "position": {}
        },
        "dtmi:covia:component:TKR03FL;1/memberField/dtmi:covia:component:TKR03FL;1#reportInterval": {
          "key": "dtmi:covia:component:TKR03FL;1/memberField/dtmi:covia:component:TKR03FL;1#reportInterval",
          "name": "reportInterval",
          "type": "integer",
          "probability": 1,
          "modifiers": [],
          "to_variable": {
            "key": "dtmi:covia:component:iBS02PIR2;1/memberField/dtmi:covia:component:iBS02PIR2;1#reportInterval",
            "name": "reportInterval",
            "type": "integer",
            "modifiers": [],
            "position": {}
          },
          "position": {}
        },
        "dtmi:covia:component:TKR03FL;1/memberField/dtmi:covia:component:TKR03FL;1#reportMode": {
          "key": "dtmi:covia:component:TKR03FL;1/memberField/dtmi:covia:component:TKR03FL;1#reportMode",
          "name": "reportMode",
          "type": "Enum:[1,2,3]",
          "probability": 1,
          "modifiers": [],
          "to_variable": {
            "key": "dtmi:covia:component:iBS02PIR2;1/memberField/dtmi:covia:component:iBS02PIR2;1#reportMode",
            "name": "reportMode",
            "type": "Enum:[1,2,3]",
            "modifiers": [],
            "position": {}
          },
          "position": {}
        }
      }
    },
    "fields_to_fields_data_clump-component/tkr04a-1.json-dtmi:covia:component:TKR04A;1-dtmi:covia:component:TKR03FL;1-isEnabledreportIntervalreportMode": {
      "type": "data_clump",
      "key": "fields_to_fields_data_clump-component/tkr04a-1.json-dtmi:covia:component:TKR04A;1-dtmi:covia:component:TKR03FL;1-isEnabledreportIntervalreportMode",
      "probability": 1,
      "from_file_path": "component/tkr04a-1.json",
      "from_class_or_interface_name": "TKR04A",
      "from_class_or_interface_key": "dtmi:covia:component:TKR04A;1",
      "from_method_name": null,
      "from_method_key": null,
      "to_file_path": "component/tkr03fl-1.json",
      "to_class_or_interface_key": "dtmi:covia:component:TKR03FL;1",
      "to_class_or_interface_name": "TKR04A",
      "to_method_key": null,
      "to_method_name": null,
      "data_clump_type": "fields_to_fields_data_clump",
      "data_clump_data": {
        "dtmi:covia:component:TKR04A;1/memberField/dtmi:covia:component:TKR04A;1#isEnabled": {
          "key": "dtmi:covia:component:TKR04A;1/memberField/dtmi:covia:component:TKR04A;1#isEnabled",
          "name": "isEnabled",
          "type": "boolean",
          "probability": 1,
          "modifiers": [],
          "to_variable": {
            "key": "dtmi:covia:component:TKR03FL;1/memberField/dtmi:covia:component:TKR03FL;1#isEnabled",
            "name": "isEnabled",
            "type": "boolean",
            "modifiers": [],
            "position": {}
          },
          "position": {}
        },
        "dtmi:covia:component:TKR04A;1/memberField/dtmi:covia:component:TKR04A;1#reportInterval": {
          "key": "dtmi:covia:component:TKR04A;1/memberField/dtmi:covia:component:TKR04A;1#reportInterval",
          "name": "reportInterval",
          "type": "integer",
          "probability": 1,
          "modifiers": [],
          "to_variable": {
            "key": "dtmi:covia:component:TKR03FL;1/memberField/dtmi:covia:component:TKR03FL;1#reportInterval",
            "name": "reportInterval",
            "type": "integer",
            "modifiers": [],
            "position": {}
          },
          "position": {}
        },
        "dtmi:covia:component:TKR04A;1/memberField/dtmi:covia:component:TKR04A;1#reportMode": {
          "key": "dtmi:covia:component:TKR04A;1/memberField/dtmi:covia:component:TKR04A;1#reportMode",
          "name": "reportMode",
          "type": "Enum:[1,2,3]",
          "probability": 1,
          "modifiers": [],
          "to_variable": {
            "key": "dtmi:covia:component:TKR03FL;1/memberField/dtmi:covia:component:TKR03FL;1#reportMode",
            "name": "reportMode",
            "type": "Enum:[1,2,3]",
            "modifiers": [],
            "position": {}
          },
          "position": {}
        }
      }
    },
    "fields_to_fields_data_clump-component/tkr04a-1.json-dtmi:covia:component:TKR04A;1-dtmi:covia:component:iBS01G;1-isEnabledreportIntervalreportMode": {
      "type": "data_clump",
      "key": "fields_to_fields_data_clump-component/tkr04a-1.json-dtmi:covia:component:TKR04A;1-dtmi:covia:component:iBS01G;1-isEnabledreportIntervalreportMode",
      "probability": 1,
      "from_file_path": "component/tkr04a-1.json",
      "from_class_or_interface_name": "TKR04A",
      "from_class_or_interface_key": "dtmi:covia:component:TKR04A;1",
      "from_method_name": null,
      "from_method_key": null,
      "to_file_path": "component/ibs01g-1.json",
      "to_class_or_interface_key": "dtmi:covia:component:iBS01G;1",
      "to_class_or_interface_name": "TKR04A",
      "to_method_key": null,
      "to_method_name": null,
      "data_clump_type": "fields_to_fields_data_clump",
      "data_clump_data": {
        "dtmi:covia:component:TKR04A;1/memberField/dtmi:covia:component:TKR04A;1#isEnabled": {
          "key": "dtmi:covia:component:TKR04A;1/memberField/dtmi:covia:component:TKR04A;1#isEnabled",
          "name": "isEnabled",
          "type": "boolean",
          "probability": 1,
          "modifiers": [],
          "to_variable": {
            "key": "dtmi:covia:component:iBS01G;1/memberField/dtmi:covia:component:iBS01G;1#isEnabled",
            "name": "isEnabled",
            "type": "boolean",
            "modifiers": [],
            "position": {}
          },
          "position": {}
        },
        "dtmi:covia:component:TKR04A;1/memberField/dtmi:covia:component:TKR04A;1#reportInterval": {
          "key": "dtmi:covia:component:TKR04A;1/memberField/dtmi:covia:component:TKR04A;1#reportInterval",
          "name": "reportInterval",
          "type": "integer",
          "probability": 1,
          "modifiers": [],
          "to_variable": {
            "key": "dtmi:covia:component:iBS01G;1/memberField/dtmi:covia:component:iBS01G;1#reportInterval",
            "name": "reportInterval",
            "type": "integer",
            "modifiers": [],
            "position": {}
          },
          "position": {}
        },
        "dtmi:covia:component:TKR04A;1/memberField/dtmi:covia:component:TKR04A;1#reportMode": {
          "key": "dtmi:covia:component:TKR04A;1/memberField/dtmi:covia:component:TKR04A;1#reportMode",
          "name": "reportMode",
          "type": "Enum:[1,2,3]",
          "probability": 1,
          "modifiers": [],
          "to_variable": {
            "key": "dtmi:covia:component:iBS01G;1/memberField/dtmi:covia:component:iBS01G;1#reportMode",
            "name": "reportMode",
            "type": "Enum:[1,2,3]",
            "modifiers": [],
            "position": {}
          },
          "position": {}
        }
      }
    },
    "fields_to_fields_data_clump-component/tkr04a-1.json-dtmi:covia:component:TKR04A;1-dtmi:covia:component:iBS01H;1-isEnabledreportIntervalreportMode": {
      "type": "data_clump",
      "key": "fields_to_fields_data_clump-component/tkr04a-1.json-dtmi:covia:component:TKR04A;1-dtmi:covia:component:iBS01H;1-isEnabledreportIntervalreportMode",
      "probability": 1,
      "from_file_path": "component/tkr04a-1.json",
      "from_class_or_interface_name": "TKR04A",
      "from_class_or_interface_key": "dtmi:covia:component:TKR04A;1",
      "from_method_name": null,
      "from_method_key": null,
      "to_file_path": "component/ibs01h-1.json",
      "to_class_or_interface_key": "dtmi:covia:component:iBS01H;1",
      "to_class_or_interface_name": "TKR04A",
      "to_method_key": null,
      "to_method_name": null,
      "data_clump_type": "fields_to_fields_data_clump",
      "data_clump_data": {
        "dtmi:covia:component:TKR04A;1/memberField/dtmi:covia:component:TKR04A;1#isEnabled": {
          "key": "dtmi:covia:component:TKR04A;1/memberField/dtmi:covia:component:TKR04A;1#isEnabled",
          "name": "isEnabled",
          "type": "boolean",
          "probability": 1,
          "modifiers": [],
          "to_variable": {
            "key": "dtmi:covia:component:iBS01H;1/memberField/dtmi:covia:component:iBS01H;1#isEnabled",
            "name": "isEnabled",
            "type": "boolean",
            "modifiers": [],
            "position": {}
          },
          "position": {}
        },
        "dtmi:covia:component:TKR04A;1/memberField/dtmi:covia:component:TKR04A;1#reportInterval": {
          "key": "dtmi:covia:component:TKR04A;1/memberField/dtmi:covia:component:TKR04A;1#reportInterval",
          "name": "reportInterval",
          "type": "integer",
          "probability": 1,
          "modifiers": [],
          "to_variable": {
            "key": "dtmi:covia:component:iBS01H;1/memberField/dtmi:covia:component:iBS01H;1#reportInterval",
            "name": "reportInterval",
            "type": "integer",
            "modifiers": [],
            "position": {}
          },
          "position": {}
        },
        "dtmi:covia:component:TKR04A;1/memberField/dtmi:covia:component:TKR04A;1#reportMode": {
          "key": "dtmi:covia:component:TKR04A;1/memberField/dtmi:covia:component:TKR04A;1#reportMode",
          "name": "reportMode",
          "type": "Enum:[1,2,3]",
          "probability": 1,
          "modifiers": [],
          "to_variable": {
            "key": "dtmi:covia:component:iBS01H;1/memberField/dtmi:covia:component:iBS01H;1#reportMode",
            "name": "reportMode",
            "type": "Enum:[1,2,3]",
            "modifiers": [],
            "position": {}
          },
          "position": {}
        }
      }
    },
    "fields_to_fields_data_clump-component/tkr04a-1.json-dtmi:covia:component:TKR04A;1-dtmi:covia:component:iBS02IR2;1-isEnabledreportIntervalreportMode": {
      "type": "data_clump",
      "key": "fields_to_fields_data_clump-component/tkr04a-1.json-dtmi:covia:component:TKR04A;1-dtmi:covia:component:iBS02IR2;1-isEnabledreportIntervalreportMode",
      "probability": 1,
      "from_file_path": "component/tkr04a-1.json",
      "from_class_or_interface_name": "TKR04A",
      "from_class_or_interface_key": "dtmi:covia:component:TKR04A;1",
      "from_method_name": null,
      "from_method_key": null,
      "to_file_path": "component/ibs02ir2-1.json",
      "to_class_or_interface_key": "dtmi:covia:component:iBS02IR2;1",
      "to_class_or_interface_name": "TKR04A",
      "to_method_key": null,
      "to_method_name": null,
      "data_clump_type": "fields_to_fields_data_clump",
      "data_clump_data": {
        "dtmi:covia:component:TKR04A;1/memberField/dtmi:covia:component:TKR04A;1#isEnabled": {
          "key": "dtmi:covia:component:TKR04A;1/memberField/dtmi:covia:component:TKR04A;1#isEnabled",
          "name": "isEnabled",
          "type": "boolean",
          "probability": 1,
          "modifiers": [],
          "to_variable": {
            "key": "dtmi:covia:component:iBS02IR2;1/memberField/dtmi:covia:component:iBS02IR2;1#isEnabled",
            "name": "isEnabled",
            "type": "boolean",
            "modifiers": [],
            "position": {}
          },
          "position": {}
        },
        "dtmi:covia:component:TKR04A;1/memberField/dtmi:covia:component:TKR04A;1#reportInterval": {
          "key": "dtmi:covia:component:TKR04A;1/memberField/dtmi:covia:component:TKR04A;1#reportInterval",
          "name": "reportInterval",
          "type": "integer",
          "probability": 1,
          "modifiers": [],
          "to_variable": {
            "key": "dtmi:covia:component:iBS02IR2;1/memberField/dtmi:covia:component:iBS02IR2;1#reportInterval",
            "name": "reportInterval",
            "type": "integer",
            "modifiers": [],
            "position": {}
          },
          "position": {}
        },
        "dtmi:covia:component:TKR04A;1/memberField/dtmi:covia:component:TKR04A;1#reportMode": {
          "key": "dtmi:covia:component:TKR04A;1/memberField/dtmi:covia:component:TKR04A;1#reportMode",
          "name": "reportMode",
          "type": "Enum:[1,2,3]",
          "probability": 1,
          "modifiers": [],
          "to_variable": {
            "key": "dtmi:covia:component:iBS02IR2;1/memberField/dtmi:covia:component:iBS02IR2;1#reportMode",
            "name": "reportMode",
            "type": "Enum:[1,2,3]",
            "modifiers": [],
            "position": {}
          },
          "position": {}
        }
      }
    },
    "fields_to_fields_data_clump-component/tkr04a-1.json-dtmi:covia:component:TKR04A;1-dtmi:covia:component:iBS02PIR2;1-isEnabledreportIntervalreportMode": {
      "type": "data_clump",
      "key": "fields_to_fields_data_clump-component/tkr04a-1.json-dtmi:covia:component:TKR04A;1-dtmi:covia:component:iBS02PIR2;1-isEnabledreportIntervalreportMode",
      "probability": 1,
      "from_file_path": "component/tkr04a-1.json",
      "from_class_or_interface_name": "TKR04A",
      "from_class_or_interface_key": "dtmi:covia:component:TKR04A;1",
      "from_method_name": null,
      "from_method_key": null,
      "to_file_path": "component/ibs02pir2-1.json",
      "to_class_or_interface_key": "dtmi:covia:component:iBS02PIR2;1",
      "to_class_or_interface_name": "TKR04A",
      "to_method_key": null,
      "to_method_name": null,
      "data_clump_type": "fields_to_fields_data_clump",
      "data_clump_data": {
        "dtmi:covia:component:TKR04A;1/memberField/dtmi:covia:component:TKR04A;1#isEnabled": {
          "key": "dtmi:covia:component:TKR04A;1/memberField/dtmi:covia:component:TKR04A;1#isEnabled",
          "name": "isEnabled",
          "type": "boolean",
          "probability": 1,
          "modifiers": [],
          "to_variable": {
            "key": "dtmi:covia:component:iBS02PIR2;1/memberField/dtmi:covia:component:iBS02PIR2;1#isEnabled",
            "name": "isEnabled",
            "type": "boolean",
            "modifiers": [],
            "position": {}
          },
          "position": {}
        },
        "dtmi:covia:component:TKR04A;1/memberField/dtmi:covia:component:TKR04A;1#reportInterval": {
          "key": "dtmi:covia:component:TKR04A;1/memberField/dtmi:covia:component:TKR04A;1#reportInterval",
          "name": "reportInterval",
          "type": "integer",
          "probability": 1,
          "modifiers": [],
          "to_variable": {
            "key": "dtmi:covia:component:iBS02PIR2;1/memberField/dtmi:covia:component:iBS02PIR2;1#reportInterval",
            "name": "reportInterval",
            "type": "integer",
            "modifiers": [],
            "position": {}
          },
          "position": {}
        },
        "dtmi:covia:component:TKR04A;1/memberField/dtmi:covia:component:TKR04A;1#reportMode": {
          "key": "dtmi:covia:component:TKR04A;1/memberField/dtmi:covia:component:TKR04A;1#reportMode",
          "name": "reportMode",
          "type": "Enum:[1,2,3]",
          "probability": 1,
          "modifiers": [],
          "to_variable": {
            "key": "dtmi:covia:component:iBS02PIR2;1/memberField/dtmi:covia:component:iBS02PIR2;1#reportMode",
            "name": "reportMode",
            "type": "Enum:[1,2,3]",
            "modifiers": [],
            "position": {}
          },
          "position": {}
        }
      }
    },
    "fields_to_fields_data_clump-component/ibs01g-1.json-dtmi:covia:component:iBS01G;1-dtmi:covia:component:TKR03FL;1-isEnabledreportIntervalreportMode": {
      "type": "data_clump",
      "key": "fields_to_fields_data_clump-component/ibs01g-1.json-dtmi:covia:component:iBS01G;1-dtmi:covia:component:TKR03FL;1-isEnabledreportIntervalreportMode",
      "probability": 1,
      "from_file_path": "component/ibs01g-1.json",
      "from_class_or_interface_name": "iBS01G",
      "from_class_or_interface_key": "dtmi:covia:component:iBS01G;1",
      "from_method_name": null,
      "from_method_key": null,
      "to_file_path": "component/tkr03fl-1.json",
      "to_class_or_interface_key": "dtmi:covia:component:TKR03FL;1",
      "to_class_or_interface_name": "iBS01G",
      "to_method_key": null,
      "to_method_name": null,
      "data_clump_type": "fields_to_fields_data_clump",
      "data_clump_data": {
        "dtmi:covia:component:iBS01G;1/memberField/dtmi:covia:component:iBS01G;1#isEnabled": {
          "key": "dtmi:covia:component:iBS01G;1/memberField/dtmi:covia:component:iBS01G;1#isEnabled",
          "name": "isEnabled",
          "type": "boolean",
          "probability": 1,
          "modifiers": [],
          "to_variable": {
            "key": "dtmi:covia:component:TKR03FL;1/memberField/dtmi:covia:component:TKR03FL;1#isEnabled",
            "name": "isEnabled",
            "type": "boolean",
            "modifiers": [],
            "position": {}
          },
          "position": {}
        },
        "dtmi:covia:component:iBS01G;1/memberField/dtmi:covia:component:iBS01G;1#reportInterval": {
          "key": "dtmi:covia:component:iBS01G;1/memberField/dtmi:covia:component:iBS01G;1#reportInterval",
          "name": "reportInterval",
          "type": "integer",
          "probability": 1,
          "modifiers": [],
          "to_variable": {
            "key": "dtmi:covia:component:TKR03FL;1/memberField/dtmi:covia:component:TKR03FL;1#reportInterval",
            "name": "reportInterval",
            "type": "integer",
            "modifiers": [],
            "position": {}
          },
          "position": {}
        },
        "dtmi:covia:component:iBS01G;1/memberField/dtmi:covia:component:iBS01G;1#reportMode": {
          "key": "dtmi:covia:component:iBS01G;1/memberField/dtmi:covia:component:iBS01G;1#reportMode",
          "name": "reportMode",
          "type": "Enum:[1,2,3]",
          "probability": 1,
          "modifiers": [],
          "to_variable": {
            "key": "dtmi:covia:component:TKR03FL;1/memberField/dtmi:covia:component:TKR03FL;1#reportMode",
            "name": "reportMode",
            "type": "Enum:[1,2,3]",
            "modifiers": [],
            "position": {}
          },
          "position": {}
        }
      }
    },
    "fields_to_fields_data_clump-component/ibs01g-1.json-dtmi:covia:component:iBS01G;1-dtmi:covia:component:TKR04A;1-isEnabledreportIntervalreportMode": {
      "type": "data_clump",
      "key": "fields_to_fields_data_clump-component/ibs01g-1.json-dtmi:covia:component:iBS01G;1-dtmi:covia:component:TKR04A;1-isEnabledreportIntervalreportMode",
      "probability": 1,
      "from_file_path": "component/ibs01g-1.json",
      "from_class_or_interface_name": "iBS01G",
      "from_class_or_interface_key": "dtmi:covia:component:iBS01G;1",
      "from_method_name": null,
      "from_method_key": null,
      "to_file_path": "component/tkr04a-1.json",
      "to_class_or_interface_key": "dtmi:covia:component:TKR04A;1",
      "to_class_or_interface_name": "iBS01G",
      "to_method_key": null,
      "to_method_name": null,
      "data_clump_type": "fields_to_fields_data_clump",
      "data_clump_data": {
        "dtmi:covia:component:iBS01G;1/memberField/dtmi:covia:component:iBS01G;1#isEnabled": {
          "key": "dtmi:covia:component:iBS01G;1/memberField/dtmi:covia:component:iBS01G;1#isEnabled",
          "name": "isEnabled",
          "type": "boolean",
          "probability": 1,
          "modifiers": [],
          "to_variable": {
            "key": "dtmi:covia:component:TKR04A;1/memberField/dtmi:covia:component:TKR04A;1#isEnabled",
            "name": "isEnabled",
            "type": "boolean",
            "modifiers": [],
            "position": {}
          },
          "position": {}
        },
        "dtmi:covia:component:iBS01G;1/memberField/dtmi:covia:component:iBS01G;1#reportInterval": {
          "key": "dtmi:covia:component:iBS01G;1/memberField/dtmi:covia:component:iBS01G;1#reportInterval",
          "name": "reportInterval",
          "type": "integer",
          "probability": 1,
          "modifiers": [],
          "to_variable": {
            "key": "dtmi:covia:component:TKR04A;1/memberField/dtmi:covia:component:TKR04A;1#reportInterval",
            "name": "reportInterval",
            "type": "integer",
            "modifiers": [],
            "position": {}
          },
          "position": {}
        },
        "dtmi:covia:component:iBS01G;1/memberField/dtmi:covia:component:iBS01G;1#reportMode": {
          "key": "dtmi:covia:component:iBS01G;1/memberField/dtmi:covia:component:iBS01G;1#reportMode",
          "name": "reportMode",
          "type": "Enum:[1,2,3]",
          "probability": 1,
          "modifiers": [],
          "to_variable": {
            "key": "dtmi:covia:component:TKR04A;1/memberField/dtmi:covia:component:TKR04A;1#reportMode",
            "name": "reportMode",
            "type": "Enum:[1,2,3]",
            "modifiers": [],
            "position": {}
          },
          "position": {}
        }
      }
    },
    "fields_to_fields_data_clump-component/ibs01g-1.json-dtmi:covia:component:iBS01G;1-dtmi:covia:component:iBS01H;1-isEnabledreportIntervalreportMode": {
      "type": "data_clump",
      "key": "fields_to_fields_data_clump-component/ibs01g-1.json-dtmi:covia:component:iBS01G;1-dtmi:covia:component:iBS01H;1-isEnabledreportIntervalreportMode",
      "probability": 1,
      "from_file_path": "component/ibs01g-1.json",
      "from_class_or_interface_name": "iBS01G",
      "from_class_or_interface_key": "dtmi:covia:component:iBS01G;1",
      "from_method_name": null,
      "from_method_key": null,
      "to_file_path": "component/ibs01h-1.json",
      "to_class_or_interface_key": "dtmi:covia:component:iBS01H;1",
      "to_class_or_interface_name": "iBS01G",
      "to_method_key": null,
      "to_method_name": null,
      "data_clump_type": "fields_to_fields_data_clump",
      "data_clump_data": {
        "dtmi:covia:component:iBS01G;1/memberField/dtmi:covia:component:iBS01G;1#isEnabled": {
          "key": "dtmi:covia:component:iBS01G;1/memberField/dtmi:covia:component:iBS01G;1#isEnabled",
          "name": "isEnabled",
          "type": "boolean",
          "probability": 1,
          "modifiers": [],
          "to_variable": {
            "key": "dtmi:covia:component:iBS01H;1/memberField/dtmi:covia:component:iBS01H;1#isEnabled",
            "name": "isEnabled",
            "type": "boolean",
            "modifiers": [],
            "position": {}
          },
          "position": {}
        },
        "dtmi:covia:component:iBS01G;1/memberField/dtmi:covia:component:iBS01G;1#reportInterval": {
          "key": "dtmi:covia:component:iBS01G;1/memberField/dtmi:covia:component:iBS01G;1#reportInterval",
          "name": "reportInterval",
          "type": "integer",
          "probability": 1,
          "modifiers": [],
          "to_variable": {
            "key": "dtmi:covia:component:iBS01H;1/memberField/dtmi:covia:component:iBS01H;1#reportInterval",
            "name": "reportInterval",
            "type": "integer",
            "modifiers": [],
            "position": {}
          },
          "position": {}
        },
        "dtmi:covia:component:iBS01G;1/memberField/dtmi:covia:component:iBS01G;1#reportMode": {
          "key": "dtmi:covia:component:iBS01G;1/memberField/dtmi:covia:component:iBS01G;1#reportMode",
          "name": "reportMode",
          "type": "Enum:[1,2,3]",
          "probability": 1,
          "modifiers": [],
          "to_variable": {
            "key": "dtmi:covia:component:iBS01H;1/memberField/dtmi:covia:component:iBS01H;1#reportMode",
            "name": "reportMode",
            "type": "Enum:[1,2,3]",
            "modifiers": [],
            "position": {}
          },
          "position": {}
        }
      }
    },
    "fields_to_fields_data_clump-component/ibs01g-1.json-dtmi:covia:component:iBS01G;1-dtmi:covia:component:iBS02IR2;1-isEnabledreportIntervalreportMode": {
      "type": "data_clump",
      "key": "fields_to_fields_data_clump-component/ibs01g-1.json-dtmi:covia:component:iBS01G;1-dtmi:covia:component:iBS02IR2;1-isEnabledreportIntervalreportMode",
      "probability": 1,
      "from_file_path": "component/ibs01g-1.json",
      "from_class_or_interface_name": "iBS01G",
      "from_class_or_interface_key": "dtmi:covia:component:iBS01G;1",
      "from_method_name": null,
      "from_method_key": null,
      "to_file_path": "component/ibs02ir2-1.json",
      "to_class_or_interface_key": "dtmi:covia:component:iBS02IR2;1",
      "to_class_or_interface_name": "iBS01G",
      "to_method_key": null,
      "to_method_name": null,
      "data_clump_type": "fields_to_fields_data_clump",
      "data_clump_data": {
        "dtmi:covia:component:iBS01G;1/memberField/dtmi:covia:component:iBS01G;1#isEnabled": {
          "key": "dtmi:covia:component:iBS01G;1/memberField/dtmi:covia:component:iBS01G;1#isEnabled",
          "name": "isEnabled",
          "type": "boolean",
          "probability": 1,
          "modifiers": [],
          "to_variable": {
            "key": "dtmi:covia:component:iBS02IR2;1/memberField/dtmi:covia:component:iBS02IR2;1#isEnabled",
            "name": "isEnabled",
            "type": "boolean",
            "modifiers": [],
            "position": {}
          },
          "position": {}
        },
        "dtmi:covia:component:iBS01G;1/memberField/dtmi:covia:component:iBS01G;1#reportInterval": {
          "key": "dtmi:covia:component:iBS01G;1/memberField/dtmi:covia:component:iBS01G;1#reportInterval",
          "name": "reportInterval",
          "type": "integer",
          "probability": 1,
          "modifiers": [],
          "to_variable": {
            "key": "dtmi:covia:component:iBS02IR2;1/memberField/dtmi:covia:component:iBS02IR2;1#reportInterval",
            "name": "reportInterval",
            "type": "integer",
            "modifiers": [],
            "position": {}
          },
          "position": {}
        },
        "dtmi:covia:component:iBS01G;1/memberField/dtmi:covia:component:iBS01G;1#reportMode": {
          "key": "dtmi:covia:component:iBS01G;1/memberField/dtmi:covia:component:iBS01G;1#reportMode",
          "name": "reportMode",
          "type": "Enum:[1,2,3]",
          "probability": 1,
          "modifiers": [],
          "to_variable": {
            "key": "dtmi:covia:component:iBS02IR2;1/memberField/dtmi:covia:component:iBS02IR2;1#reportMode",
            "name": "reportMode",
            "type": "Enum:[1,2,3]",
            "modifiers": [],
            "position": {}
          },
          "position": {}
        }
      }
    },
    "fields_to_fields_data_clump-component/ibs01g-1.json-dtmi:covia:component:iBS01G;1-dtmi:covia:component:iBS02PIR2;1-isEnabledreportIntervalreportMode": {
      "type": "data_clump",
      "key": "fields_to_fields_data_clump-component/ibs01g-1.json-dtmi:covia:component:iBS01G;1-dtmi:covia:component:iBS02PIR2;1-isEnabledreportIntervalreportMode",
      "probability": 1,
      "from_file_path": "component/ibs01g-1.json",
      "from_class_or_interface_name": "iBS01G",
      "from_class_or_interface_key": "dtmi:covia:component:iBS01G;1",
      "from_method_name": null,
      "from_method_key": null,
      "to_file_path": "component/ibs02pir2-1.json",
      "to_class_or_interface_key": "dtmi:covia:component:iBS02PIR2;1",
      "to_class_or_interface_name": "iBS01G",
      "to_method_key": null,
      "to_method_name": null,
      "data_clump_type": "fields_to_fields_data_clump",
      "data_clump_data": {
        "dtmi:covia:component:iBS01G;1/memberField/dtmi:covia:component:iBS01G;1#isEnabled": {
          "key": "dtmi:covia:component:iBS01G;1/memberField/dtmi:covia:component:iBS01G;1#isEnabled",
          "name": "isEnabled",
          "type": "boolean",
          "probability": 1,
          "modifiers": [],
          "to_variable": {
            "key": "dtmi:covia:component:iBS02PIR2;1/memberField/dtmi:covia:component:iBS02PIR2;1#isEnabled",
            "name": "isEnabled",
            "type": "boolean",
            "modifiers": [],
            "position": {}
          },
          "position": {}
        },
        "dtmi:covia:component:iBS01G;1/memberField/dtmi:covia:component:iBS01G;1#reportInterval": {
          "key": "dtmi:covia:component:iBS01G;1/memberField/dtmi:covia:component:iBS01G;1#reportInterval",
          "name": "reportInterval",
          "type": "integer",
          "probability": 1,
          "modifiers": [],
          "to_variable": {
            "key": "dtmi:covia:component:iBS02PIR2;1/memberField/dtmi:covia:component:iBS02PIR2;1#reportInterval",
            "name": "reportInterval",
            "type": "integer",
            "modifiers": [],
            "position": {}
          },
          "position": {}
        },
        "dtmi:covia:component:iBS01G;1/memberField/dtmi:covia:component:iBS01G;1#reportMode": {
          "key": "dtmi:covia:component:iBS01G;1/memberField/dtmi:covia:component:iBS01G;1#reportMode",
          "name": "reportMode",
          "type": "Enum:[1,2,3]",
          "probability": 1,
          "modifiers": [],
          "to_variable": {
            "key": "dtmi:covia:component:iBS02PIR2;1/memberField/dtmi:covia:component:iBS02PIR2;1#reportMode",
            "name": "reportMode",
            "type": "Enum:[1,2,3]",
            "modifiers": [],
            "position": {}
          },
          "position": {}
        }
      }
    },
    "fields_to_fields_data_clump-component/ibs01h-1.json-dtmi:covia:component:iBS01H;1-dtmi:covia:component:TKR03FL;1-isEnabledreportIntervalreportMode": {
      "type": "data_clump",
      "key": "fields_to_fields_data_clump-component/ibs01h-1.json-dtmi:covia:component:iBS01H;1-dtmi:covia:component:TKR03FL;1-isEnabledreportIntervalreportMode",
      "probability": 1,
      "from_file_path": "component/ibs01h-1.json",
      "from_class_or_interface_name": "iBS01H",
      "from_class_or_interface_key": "dtmi:covia:component:iBS01H;1",
      "from_method_name": null,
      "from_method_key": null,
      "to_file_path": "component/tkr03fl-1.json",
      "to_class_or_interface_key": "dtmi:covia:component:TKR03FL;1",
      "to_class_or_interface_name": "iBS01H",
      "to_method_key": null,
      "to_method_name": null,
      "data_clump_type": "fields_to_fields_data_clump",
      "data_clump_data": {
        "dtmi:covia:component:iBS01H;1/memberField/dtmi:covia:component:iBS01H;1#isEnabled": {
          "key": "dtmi:covia:component:iBS01H;1/memberField/dtmi:covia:component:iBS01H;1#isEnabled",
          "name": "isEnabled",
          "type": "boolean",
          "probability": 1,
          "modifiers": [],
          "to_variable": {
            "key": "dtmi:covia:component:TKR03FL;1/memberField/dtmi:covia:component:TKR03FL;1#isEnabled",
            "name": "isEnabled",
            "type": "boolean",
            "modifiers": [],
            "position": {}
          },
          "position": {}
        },
        "dtmi:covia:component:iBS01H;1/memberField/dtmi:covia:component:iBS01H;1#reportInterval": {
          "key": "dtmi:covia:component:iBS01H;1/memberField/dtmi:covia:component:iBS01H;1#reportInterval",
          "name": "reportInterval",
          "type": "integer",
          "probability": 1,
          "modifiers": [],
          "to_variable": {
            "key": "dtmi:covia:component:TKR03FL;1/memberField/dtmi:covia:component:TKR03FL;1#reportInterval",
            "name": "reportInterval",
            "type": "integer",
            "modifiers": [],
            "position": {}
          },
          "position": {}
        },
        "dtmi:covia:component:iBS01H;1/memberField/dtmi:covia:component:iBS01H;1#reportMode": {
          "key": "dtmi:covia:component:iBS01H;1/memberField/dtmi:covia:component:iBS01H;1#reportMode",
          "name": "reportMode",
          "type": "Enum:[1,2,3]",
          "probability": 1,
          "modifiers": [],
          "to_variable": {
            "key": "dtmi:covia:component:TKR03FL;1/memberField/dtmi:covia:component:TKR03FL;1#reportMode",
            "name": "reportMode",
            "type": "Enum:[1,2,3]",
            "modifiers": [],
            "position": {}
          },
          "position": {}
        }
      }
    },
    "fields_to_fields_data_clump-component/ibs01h-1.json-dtmi:covia:component:iBS01H;1-dtmi:covia:component:TKR04A;1-isEnabledreportIntervalreportMode": {
      "type": "data_clump",
      "key": "fields_to_fields_data_clump-component/ibs01h-1.json-dtmi:covia:component:iBS01H;1-dtmi:covia:component:TKR04A;1-isEnabledreportIntervalreportMode",
      "probability": 1,
      "from_file_path": "component/ibs01h-1.json",
      "from_class_or_interface_name": "iBS01H",
      "from_class_or_interface_key": "dtmi:covia:component:iBS01H;1",
      "from_method_name": null,
      "from_method_key": null,
      "to_file_path": "component/tkr04a-1.json",
      "to_class_or_interface_key": "dtmi:covia:component:TKR04A;1",
      "to_class_or_interface_name": "iBS01H",
      "to_method_key": null,
      "to_method_name": null,
      "data_clump_type": "fields_to_fields_data_clump",
      "data_clump_data": {
        "dtmi:covia:component:iBS01H;1/memberField/dtmi:covia:component:iBS01H;1#isEnabled": {
          "key": "dtmi:covia:component:iBS01H;1/memberField/dtmi:covia:component:iBS01H;1#isEnabled",
          "name": "isEnabled",
          "type": "boolean",
          "probability": 1,
          "modifiers": [],
          "to_variable": {
            "key": "dtmi:covia:component:TKR04A;1/memberField/dtmi:covia:component:TKR04A;1#isEnabled",
            "name": "isEnabled",
            "type": "boolean",
            "modifiers": [],
            "position": {}
          },
          "position": {}
        },
        "dtmi:covia:component:iBS01H;1/memberField/dtmi:covia:component:iBS01H;1#reportInterval": {
          "key": "dtmi:covia:component:iBS01H;1/memberField/dtmi:covia:component:iBS01H;1#reportInterval",
          "name": "reportInterval",
          "type": "integer",
          "probability": 1,
          "modifiers": [],
          "to_variable": {
            "key": "dtmi:covia:component:TKR04A;1/memberField/dtmi:covia:component:TKR04A;1#reportInterval",
            "name": "reportInterval",
            "type": "integer",
            "modifiers": [],
            "position": {}
          },
          "position": {}
        },
        "dtmi:covia:component:iBS01H;1/memberField/dtmi:covia:component:iBS01H;1#reportMode": {
          "key": "dtmi:covia:component:iBS01H;1/memberField/dtmi:covia:component:iBS01H;1#reportMode",
          "name": "reportMode",
          "type": "Enum:[1,2,3]",
          "probability": 1,
          "modifiers": [],
          "to_variable": {
            "key": "dtmi:covia:component:TKR04A;1/memberField/dtmi:covia:component:TKR04A;1#reportMode",
            "name": "reportMode",
            "type": "Enum:[1,2,3]",
            "modifiers": [],
            "position": {}
          },
          "position": {}
        }
      }
    },
    "fields_to_fields_data_clump-component/ibs01h-1.json-dtmi:covia:component:iBS01H;1-dtmi:covia:component:iBS01G;1-isEnabledreportIntervalreportMode": {
      "type": "data_clump",
      "key": "fields_to_fields_data_clump-component/ibs01h-1.json-dtmi:covia:component:iBS01H;1-dtmi:covia:component:iBS01G;1-isEnabledreportIntervalreportMode",
      "probability": 1,
      "from_file_path": "component/ibs01h-1.json",
      "from_class_or_interface_name": "iBS01H",
      "from_class_or_interface_key": "dtmi:covia:component:iBS01H;1",
      "from_method_name": null,
      "from_method_key": null,
      "to_file_path": "component/ibs01g-1.json",
      "to_class_or_interface_key": "dtmi:covia:component:iBS01G;1",
      "to_class_or_interface_name": "iBS01H",
      "to_method_key": null,
      "to_method_name": null,
      "data_clump_type": "fields_to_fields_data_clump",
      "data_clump_data": {
        "dtmi:covia:component:iBS01H;1/memberField/dtmi:covia:component:iBS01H;1#isEnabled": {
          "key": "dtmi:covia:component:iBS01H;1/memberField/dtmi:covia:component:iBS01H;1#isEnabled",
          "name": "isEnabled",
          "type": "boolean",
          "probability": 1,
          "modifiers": [],
          "to_variable": {
            "key": "dtmi:covia:component:iBS01G;1/memberField/dtmi:covia:component:iBS01G;1#isEnabled",
            "name": "isEnabled",
            "type": "boolean",
            "modifiers": [],
            "position": {}
          },
          "position": {}
        },
        "dtmi:covia:component:iBS01H;1/memberField/dtmi:covia:component:iBS01H;1#reportInterval": {
          "key": "dtmi:covia:component:iBS01H;1/memberField/dtmi:covia:component:iBS01H;1#reportInterval",
          "name": "reportInterval",
          "type": "integer",
          "probability": 1,
          "modifiers": [],
          "to_variable": {
            "key": "dtmi:covia:component:iBS01G;1/memberField/dtmi:covia:component:iBS01G;1#reportInterval",
            "name": "reportInterval",
            "type": "integer",
            "modifiers": [],
            "position": {}
          },
          "position": {}
        },
        "dtmi:covia:component:iBS01H;1/memberField/dtmi:covia:component:iBS01H;1#reportMode": {
          "key": "dtmi:covia:component:iBS01H;1/memberField/dtmi:covia:component:iBS01H;1#reportMode",
          "name": "reportMode",
          "type": "Enum:[1,2,3]",
          "probability": 1,
          "modifiers": [],
          "to_variable": {
            "key": "dtmi:covia:component:iBS01G;1/memberField/dtmi:covia:component:iBS01G;1#reportMode",
            "name": "reportMode",
            "type": "Enum:[1,2,3]",
            "modifiers": [],
            "position": {}
          },
          "position": {}
        }
      }
    },
    "fields_to_fields_data_clump-component/ibs01h-1.json-dtmi:covia:component:iBS01H;1-dtmi:covia:component:iBS02IR2;1-isEnabledreportIntervalreportMode": {
      "type": "data_clump",
      "key": "fields_to_fields_data_clump-component/ibs01h-1.json-dtmi:covia:component:iBS01H;1-dtmi:covia:component:iBS02IR2;1-isEnabledreportIntervalreportMode",
      "probability": 1,
      "from_file_path": "component/ibs01h-1.json",
      "from_class_or_interface_name": "iBS01H",
      "from_class_or_interface_key": "dtmi:covia:component:iBS01H;1",
      "from_method_name": null,
      "from_method_key": null,
      "to_file_path": "component/ibs02ir2-1.json",
      "to_class_or_interface_key": "dtmi:covia:component:iBS02IR2;1",
      "to_class_or_interface_name": "iBS01H",
      "to_method_key": null,
      "to_method_name": null,
      "data_clump_type": "fields_to_fields_data_clump",
      "data_clump_data": {
        "dtmi:covia:component:iBS01H;1/memberField/dtmi:covia:component:iBS01H;1#isEnabled": {
          "key": "dtmi:covia:component:iBS01H;1/memberField/dtmi:covia:component:iBS01H;1#isEnabled",
          "name": "isEnabled",
          "type": "boolean",
          "probability": 1,
          "modifiers": [],
          "to_variable": {
            "key": "dtmi:covia:component:iBS02IR2;1/memberField/dtmi:covia:component:iBS02IR2;1#isEnabled",
            "name": "isEnabled",
            "type": "boolean",
            "modifiers": [],
            "position": {}
          },
          "position": {}
        },
        "dtmi:covia:component:iBS01H;1/memberField/dtmi:covia:component:iBS01H;1#reportInterval": {
          "key": "dtmi:covia:component:iBS01H;1/memberField/dtmi:covia:component:iBS01H;1#reportInterval",
          "name": "reportInterval",
          "type": "integer",
          "probability": 1,
          "modifiers": [],
          "to_variable": {
            "key": "dtmi:covia:component:iBS02IR2;1/memberField/dtmi:covia:component:iBS02IR2;1#reportInterval",
            "name": "reportInterval",
            "type": "integer",
            "modifiers": [],
            "position": {}
          },
          "position": {}
        },
        "dtmi:covia:component:iBS01H;1/memberField/dtmi:covia:component:iBS01H;1#reportMode": {
          "key": "dtmi:covia:component:iBS01H;1/memberField/dtmi:covia:component:iBS01H;1#reportMode",
          "name": "reportMode",
          "type": "Enum:[1,2,3]",
          "probability": 1,
          "modifiers": [],
          "to_variable": {
            "key": "dtmi:covia:component:iBS02IR2;1/memberField/dtmi:covia:component:iBS02IR2;1#reportMode",
            "name": "reportMode",
            "type": "Enum:[1,2,3]",
            "modifiers": [],
            "position": {}
          },
          "position": {}
        }
      }
    },
    "fields_to_fields_data_clump-component/ibs01h-1.json-dtmi:covia:component:iBS01H;1-dtmi:covia:component:iBS02PIR2;1-isEnabledreportIntervalreportMode": {
      "type": "data_clump",
      "key": "fields_to_fields_data_clump-component/ibs01h-1.json-dtmi:covia:component:iBS01H;1-dtmi:covia:component:iBS02PIR2;1-isEnabledreportIntervalreportMode",
      "probability": 1,
      "from_file_path": "component/ibs01h-1.json",
      "from_class_or_interface_name": "iBS01H",
      "from_class_or_interface_key": "dtmi:covia:component:iBS01H;1",
      "from_method_name": null,
      "from_method_key": null,
      "to_file_path": "component/ibs02pir2-1.json",
      "to_class_or_interface_key": "dtmi:covia:component:iBS02PIR2;1",
      "to_class_or_interface_name": "iBS01H",
      "to_method_key": null,
      "to_method_name": null,
      "data_clump_type": "fields_to_fields_data_clump",
      "data_clump_data": {
        "dtmi:covia:component:iBS01H;1/memberField/dtmi:covia:component:iBS01H;1#isEnabled": {
          "key": "dtmi:covia:component:iBS01H;1/memberField/dtmi:covia:component:iBS01H;1#isEnabled",
          "name": "isEnabled",
          "type": "boolean",
          "probability": 1,
          "modifiers": [],
          "to_variable": {
            "key": "dtmi:covia:component:iBS02PIR2;1/memberField/dtmi:covia:component:iBS02PIR2;1#isEnabled",
            "name": "isEnabled",
            "type": "boolean",
            "modifiers": [],
            "position": {}
          },
          "position": {}
        },
        "dtmi:covia:component:iBS01H;1/memberField/dtmi:covia:component:iBS01H;1#reportInterval": {
          "key": "dtmi:covia:component:iBS01H;1/memberField/dtmi:covia:component:iBS01H;1#reportInterval",
          "name": "reportInterval",
          "type": "integer",
          "probability": 1,
          "modifiers": [],
          "to_variable": {
            "key": "dtmi:covia:component:iBS02PIR2;1/memberField/dtmi:covia:component:iBS02PIR2;1#reportInterval",
            "name": "reportInterval",
            "type": "integer",
            "modifiers": [],
            "position": {}
          },
          "position": {}
        },
        "dtmi:covia:component:iBS01H;1/memberField/dtmi:covia:component:iBS01H;1#reportMode": {
          "key": "dtmi:covia:component:iBS01H;1/memberField/dtmi:covia:component:iBS01H;1#reportMode",
          "name": "reportMode",
          "type": "Enum:[1,2,3]",
          "probability": 1,
          "modifiers": [],
          "to_variable": {
            "key": "dtmi:covia:component:iBS02PIR2;1/memberField/dtmi:covia:component:iBS02PIR2;1#reportMode",
            "name": "reportMode",
            "type": "Enum:[1,2,3]",
            "modifiers": [],
            "position": {}
          },
          "position": {}
        }
      }
    },
    "fields_to_fields_data_clump-component/ibs02ir2-1.json-dtmi:covia:component:iBS02IR2;1-dtmi:covia:component:TKR03FL;1-isEnabledreportIntervalreportMode": {
      "type": "data_clump",
      "key": "fields_to_fields_data_clump-component/ibs02ir2-1.json-dtmi:covia:component:iBS02IR2;1-dtmi:covia:component:TKR03FL;1-isEnabledreportIntervalreportMode",
      "probability": 1,
      "from_file_path": "component/ibs02ir2-1.json",
      "from_class_or_interface_name": "iBS02IR2",
      "from_class_or_interface_key": "dtmi:covia:component:iBS02IR2;1",
      "from_method_name": null,
      "from_method_key": null,
      "to_file_path": "component/tkr03fl-1.json",
      "to_class_or_interface_key": "dtmi:covia:component:TKR03FL;1",
      "to_class_or_interface_name": "iBS02IR2",
      "to_method_key": null,
      "to_method_name": null,
      "data_clump_type": "fields_to_fields_data_clump",
      "data_clump_data": {
        "dtmi:covia:component:iBS02IR2;1/memberField/dtmi:covia:component:iBS02IR2;1#isEnabled": {
          "key": "dtmi:covia:component:iBS02IR2;1/memberField/dtmi:covia:component:iBS02IR2;1#isEnabled",
          "name": "isEnabled",
          "type": "boolean",
          "probability": 1,
          "modifiers": [],
          "to_variable": {
            "key": "dtmi:covia:component:TKR03FL;1/memberField/dtmi:covia:component:TKR03FL;1#isEnabled",
            "name": "isEnabled",
            "type": "boolean",
            "modifiers": [],
            "position": {}
          },
          "position": {}
        },
        "dtmi:covia:component:iBS02IR2;1/memberField/dtmi:covia:component:iBS02IR2;1#reportInterval": {
          "key": "dtmi:covia:component:iBS02IR2;1/memberField/dtmi:covia:component:iBS02IR2;1#reportInterval",
          "name": "reportInterval",
          "type": "integer",
          "probability": 1,
          "modifiers": [],
          "to_variable": {
            "key": "dtmi:covia:component:TKR03FL;1/memberField/dtmi:covia:component:TKR03FL;1#reportInterval",
            "name": "reportInterval",
            "type": "integer",
            "modifiers": [],
            "position": {}
          },
          "position": {}
        },
        "dtmi:covia:component:iBS02IR2;1/memberField/dtmi:covia:component:iBS02IR2;1#reportMode": {
          "key": "dtmi:covia:component:iBS02IR2;1/memberField/dtmi:covia:component:iBS02IR2;1#reportMode",
          "name": "reportMode",
          "type": "Enum:[1,2,3]",
          "probability": 1,
          "modifiers": [],
          "to_variable": {
            "key": "dtmi:covia:component:TKR03FL;1/memberField/dtmi:covia:component:TKR03FL;1#reportMode",
            "name": "reportMode",
            "type": "Enum:[1,2,3]",
            "modifiers": [],
            "position": {}
          },
          "position": {}
        }
      }
    },
    "fields_to_fields_data_clump-component/ibs02ir2-1.json-dtmi:covia:component:iBS02IR2;1-dtmi:covia:component:TKR04A;1-isEnabledreportIntervalreportMode": {
      "type": "data_clump",
      "key": "fields_to_fields_data_clump-component/ibs02ir2-1.json-dtmi:covia:component:iBS02IR2;1-dtmi:covia:component:TKR04A;1-isEnabledreportIntervalreportMode",
      "probability": 1,
      "from_file_path": "component/ibs02ir2-1.json",
      "from_class_or_interface_name": "iBS02IR2",
      "from_class_or_interface_key": "dtmi:covia:component:iBS02IR2;1",
      "from_method_name": null,
      "from_method_key": null,
      "to_file_path": "component/tkr04a-1.json",
      "to_class_or_interface_key": "dtmi:covia:component:TKR04A;1",
      "to_class_or_interface_name": "iBS02IR2",
      "to_method_key": null,
      "to_method_name": null,
      "data_clump_type": "fields_to_fields_data_clump",
      "data_clump_data": {
        "dtmi:covia:component:iBS02IR2;1/memberField/dtmi:covia:component:iBS02IR2;1#isEnabled": {
          "key": "dtmi:covia:component:iBS02IR2;1/memberField/dtmi:covia:component:iBS02IR2;1#isEnabled",
          "name": "isEnabled",
          "type": "boolean",
          "probability": 1,
          "modifiers": [],
          "to_variable": {
            "key": "dtmi:covia:component:TKR04A;1/memberField/dtmi:covia:component:TKR04A;1#isEnabled",
            "name": "isEnabled",
            "type": "boolean",
            "modifiers": [],
            "position": {}
          },
          "position": {}
        },
        "dtmi:covia:component:iBS02IR2;1/memberField/dtmi:covia:component:iBS02IR2;1#reportInterval": {
          "key": "dtmi:covia:component:iBS02IR2;1/memberField/dtmi:covia:component:iBS02IR2;1#reportInterval",
          "name": "reportInterval",
          "type": "integer",
          "probability": 1,
          "modifiers": [],
          "to_variable": {
            "key": "dtmi:covia:component:TKR04A;1/memberField/dtmi:covia:component:TKR04A;1#reportInterval",
            "name": "reportInterval",
            "type": "integer",
            "modifiers": [],
            "position": {}
          },
          "position": {}
        },
        "dtmi:covia:component:iBS02IR2;1/memberField/dtmi:covia:component:iBS02IR2;1#reportMode": {
          "key": "dtmi:covia:component:iBS02IR2;1/memberField/dtmi:covia:component:iBS02IR2;1#reportMode",
          "name": "reportMode",
          "type": "Enum:[1,2,3]",
          "probability": 1,
          "modifiers": [],
          "to_variable": {
            "key": "dtmi:covia:component:TKR04A;1/memberField/dtmi:covia:component:TKR04A;1#reportMode",
            "name": "reportMode",
            "type": "Enum:[1,2,3]",
            "modifiers": [],
            "position": {}
          },
          "position": {}
        }
      }
    },
    "fields_to_fields_data_clump-component/ibs02ir2-1.json-dtmi:covia:component:iBS02IR2;1-dtmi:covia:component:iBS01G;1-isEnabledreportIntervalreportMode": {
      "type": "data_clump",
      "key": "fields_to_fields_data_clump-component/ibs02ir2-1.json-dtmi:covia:component:iBS02IR2;1-dtmi:covia:component:iBS01G;1-isEnabledreportIntervalreportMode",
      "probability": 1,
      "from_file_path": "component/ibs02ir2-1.json",
      "from_class_or_interface_name": "iBS02IR2",
      "from_class_or_interface_key": "dtmi:covia:component:iBS02IR2;1",
      "from_method_name": null,
      "from_method_key": null,
      "to_file_path": "component/ibs01g-1.json",
      "to_class_or_interface_key": "dtmi:covia:component:iBS01G;1",
      "to_class_or_interface_name": "iBS02IR2",
      "to_method_key": null,
      "to_method_name": null,
      "data_clump_type": "fields_to_fields_data_clump",
      "data_clump_data": {
        "dtmi:covia:component:iBS02IR2;1/memberField/dtmi:covia:component:iBS02IR2;1#isEnabled": {
          "key": "dtmi:covia:component:iBS02IR2;1/memberField/dtmi:covia:component:iBS02IR2;1#isEnabled",
          "name": "isEnabled",
          "type": "boolean",
          "probability": 1,
          "modifiers": [],
          "to_variable": {
            "key": "dtmi:covia:component:iBS01G;1/memberField/dtmi:covia:component:iBS01G;1#isEnabled",
            "name": "isEnabled",
            "type": "boolean",
            "modifiers": [],
            "position": {}
          },
          "position": {}
        },
        "dtmi:covia:component:iBS02IR2;1/memberField/dtmi:covia:component:iBS02IR2;1#reportInterval": {
          "key": "dtmi:covia:component:iBS02IR2;1/memberField/dtmi:covia:component:iBS02IR2;1#reportInterval",
          "name": "reportInterval",
          "type": "integer",
          "probability": 1,
          "modifiers": [],
          "to_variable": {
            "key": "dtmi:covia:component:iBS01G;1/memberField/dtmi:covia:component:iBS01G;1#reportInterval",
            "name": "reportInterval",
            "type": "integer",
            "modifiers": [],
            "position": {}
          },
          "position": {}
        },
        "dtmi:covia:component:iBS02IR2;1/memberField/dtmi:covia:component:iBS02IR2;1#reportMode": {
          "key": "dtmi:covia:component:iBS02IR2;1/memberField/dtmi:covia:component:iBS02IR2;1#reportMode",
          "name": "reportMode",
          "type": "Enum:[1,2,3]",
          "probability": 1,
          "modifiers": [],
          "to_variable": {
            "key": "dtmi:covia:component:iBS01G;1/memberField/dtmi:covia:component:iBS01G;1#reportMode",
            "name": "reportMode",
            "type": "Enum:[1,2,3]",
            "modifiers": [],
            "position": {}
          },
          "position": {}
        }
      }
    },
    "fields_to_fields_data_clump-component/ibs02ir2-1.json-dtmi:covia:component:iBS02IR2;1-dtmi:covia:component:iBS01H;1-isEnabledreportIntervalreportMode": {
      "type": "data_clump",
      "key": "fields_to_fields_data_clump-component/ibs02ir2-1.json-dtmi:covia:component:iBS02IR2;1-dtmi:covia:component:iBS01H;1-isEnabledreportIntervalreportMode",
      "probability": 1,
      "from_file_path": "component/ibs02ir2-1.json",
      "from_class_or_interface_name": "iBS02IR2",
      "from_class_or_interface_key": "dtmi:covia:component:iBS02IR2;1",
      "from_method_name": null,
      "from_method_key": null,
      "to_file_path": "component/ibs01h-1.json",
      "to_class_or_interface_key": "dtmi:covia:component:iBS01H;1",
      "to_class_or_interface_name": "iBS02IR2",
      "to_method_key": null,
      "to_method_name": null,
      "data_clump_type": "fields_to_fields_data_clump",
      "data_clump_data": {
        "dtmi:covia:component:iBS02IR2;1/memberField/dtmi:covia:component:iBS02IR2;1#isEnabled": {
          "key": "dtmi:covia:component:iBS02IR2;1/memberField/dtmi:covia:component:iBS02IR2;1#isEnabled",
          "name": "isEnabled",
          "type": "boolean",
          "probability": 1,
          "modifiers": [],
          "to_variable": {
            "key": "dtmi:covia:component:iBS01H;1/memberField/dtmi:covia:component:iBS01H;1#isEnabled",
            "name": "isEnabled",
            "type": "boolean",
            "modifiers": [],
            "position": {}
          },
          "position": {}
        },
        "dtmi:covia:component:iBS02IR2;1/memberField/dtmi:covia:component:iBS02IR2;1#reportInterval": {
          "key": "dtmi:covia:component:iBS02IR2;1/memberField/dtmi:covia:component:iBS02IR2;1#reportInterval",
          "name": "reportInterval",
          "type": "integer",
          "probability": 1,
          "modifiers": [],
          "to_variable": {
            "key": "dtmi:covia:component:iBS01H;1/memberField/dtmi:covia:component:iBS01H;1#reportInterval",
            "name": "reportInterval",
            "type": "integer",
            "modifiers": [],
            "position": {}
          },
          "position": {}
        },
        "dtmi:covia:component:iBS02IR2;1/memberField/dtmi:covia:component:iBS02IR2;1#reportMode": {
          "key": "dtmi:covia:component:iBS02IR2;1/memberField/dtmi:covia:component:iBS02IR2;1#reportMode",
          "name": "reportMode",
          "type": "Enum:[1,2,3]",
          "probability": 1,
          "modifiers": [],
          "to_variable": {
            "key": "dtmi:covia:component:iBS01H;1/memberField/dtmi:covia:component:iBS01H;1#reportMode",
            "name": "reportMode",
            "type": "Enum:[1,2,3]",
            "modifiers": [],
            "position": {}
          },
          "position": {}
        }
      }
    },
    "fields_to_fields_data_clump-component/ibs02ir2-1.json-dtmi:covia:component:iBS02IR2;1-dtmi:covia:component:iBS02PIR2;1-isEnabledreportIntervalreportMode": {
      "type": "data_clump",
      "key": "fields_to_fields_data_clump-component/ibs02ir2-1.json-dtmi:covia:component:iBS02IR2;1-dtmi:covia:component:iBS02PIR2;1-isEnabledreportIntervalreportMode",
      "probability": 1,
      "from_file_path": "component/ibs02ir2-1.json",
      "from_class_or_interface_name": "iBS02IR2",
      "from_class_or_interface_key": "dtmi:covia:component:iBS02IR2;1",
      "from_method_name": null,
      "from_method_key": null,
      "to_file_path": "component/ibs02pir2-1.json",
      "to_class_or_interface_key": "dtmi:covia:component:iBS02PIR2;1",
      "to_class_or_interface_name": "iBS02IR2",
      "to_method_key": null,
      "to_method_name": null,
      "data_clump_type": "fields_to_fields_data_clump",
      "data_clump_data": {
        "dtmi:covia:component:iBS02IR2;1/memberField/dtmi:covia:component:iBS02IR2;1#isEnabled": {
          "key": "dtmi:covia:component:iBS02IR2;1/memberField/dtmi:covia:component:iBS02IR2;1#isEnabled",
          "name": "isEnabled",
          "type": "boolean",
          "probability": 1,
          "modifiers": [],
          "to_variable": {
            "key": "dtmi:covia:component:iBS02PIR2;1/memberField/dtmi:covia:component:iBS02PIR2;1#isEnabled",
            "name": "isEnabled",
            "type": "boolean",
            "modifiers": [],
            "position": {}
          },
          "position": {}
        },
        "dtmi:covia:component:iBS02IR2;1/memberField/dtmi:covia:component:iBS02IR2;1#reportInterval": {
          "key": "dtmi:covia:component:iBS02IR2;1/memberField/dtmi:covia:component:iBS02IR2;1#reportInterval",
          "name": "reportInterval",
          "type": "integer",
          "probability": 1,
          "modifiers": [],
          "to_variable": {
            "key": "dtmi:covia:component:iBS02PIR2;1/memberField/dtmi:covia:component:iBS02PIR2;1#reportInterval",
            "name": "reportInterval",
            "type": "integer",
            "modifiers": [],
            "position": {}
          },
          "position": {}
        },
        "dtmi:covia:component:iBS02IR2;1/memberField/dtmi:covia:component:iBS02IR2;1#reportMode": {
          "key": "dtmi:covia:component:iBS02IR2;1/memberField/dtmi:covia:component:iBS02IR2;1#reportMode",
          "name": "reportMode",
          "type": "Enum:[1,2,3]",
          "probability": 1,
          "modifiers": [],
          "to_variable": {
            "key": "dtmi:covia:component:iBS02PIR2;1/memberField/dtmi:covia:component:iBS02PIR2;1#reportMode",
            "name": "reportMode",
            "type": "Enum:[1,2,3]",
            "modifiers": [],
            "position": {}
          },
          "position": {}
        }
      }
    },
    "fields_to_fields_data_clump-component/ibs02pir2-1.json-dtmi:covia:component:iBS02PIR2;1-dtmi:covia:component:TKR03FL;1-isEnabledreportIntervalreportMode": {
      "type": "data_clump",
      "key": "fields_to_fields_data_clump-component/ibs02pir2-1.json-dtmi:covia:component:iBS02PIR2;1-dtmi:covia:component:TKR03FL;1-isEnabledreportIntervalreportMode",
      "probability": 1,
      "from_file_path": "component/ibs02pir2-1.json",
      "from_class_or_interface_name": "iBS02PIR2",
      "from_class_or_interface_key": "dtmi:covia:component:iBS02PIR2;1",
      "from_method_name": null,
      "from_method_key": null,
      "to_file_path": "component/tkr03fl-1.json",
      "to_class_or_interface_key": "dtmi:covia:component:TKR03FL;1",
      "to_class_or_interface_name": "iBS02PIR2",
      "to_method_key": null,
      "to_method_name": null,
      "data_clump_type": "fields_to_fields_data_clump",
      "data_clump_data": {
        "dtmi:covia:component:iBS02PIR2;1/memberField/dtmi:covia:component:iBS02PIR2;1#isEnabled": {
          "key": "dtmi:covia:component:iBS02PIR2;1/memberField/dtmi:covia:component:iBS02PIR2;1#isEnabled",
          "name": "isEnabled",
          "type": "boolean",
          "probability": 1,
          "modifiers": [],
          "to_variable": {
            "key": "dtmi:covia:component:TKR03FL;1/memberField/dtmi:covia:component:TKR03FL;1#isEnabled",
            "name": "isEnabled",
            "type": "boolean",
            "modifiers": [],
            "position": {}
          },
          "position": {}
        },
        "dtmi:covia:component:iBS02PIR2;1/memberField/dtmi:covia:component:iBS02PIR2;1#reportInterval": {
          "key": "dtmi:covia:component:iBS02PIR2;1/memberField/dtmi:covia:component:iBS02PIR2;1#reportInterval",
          "name": "reportInterval",
          "type": "integer",
          "probability": 1,
          "modifiers": [],
          "to_variable": {
            "key": "dtmi:covia:component:TKR03FL;1/memberField/dtmi:covia:component:TKR03FL;1#reportInterval",
            "name": "reportInterval",
            "type": "integer",
            "modifiers": [],
            "position": {}
          },
          "position": {}
        },
        "dtmi:covia:component:iBS02PIR2;1/memberField/dtmi:covia:component:iBS02PIR2;1#reportMode": {
          "key": "dtmi:covia:component:iBS02PIR2;1/memberField/dtmi:covia:component:iBS02PIR2;1#reportMode",
          "name": "reportMode",
          "type": "Enum:[1,2,3]",
          "probability": 1,
          "modifiers": [],
          "to_variable": {
            "key": "dtmi:covia:component:TKR03FL;1/memberField/dtmi:covia:component:TKR03FL;1#reportMode",
            "name": "reportMode",
            "type": "Enum:[1,2,3]",
            "modifiers": [],
            "position": {}
          },
          "position": {}
        }
      }
    },
    "fields_to_fields_data_clump-component/ibs02pir2-1.json-dtmi:covia:component:iBS02PIR2;1-dtmi:covia:component:TKR04A;1-isEnabledreportIntervalreportMode": {
      "type": "data_clump",
      "key": "fields_to_fields_data_clump-component/ibs02pir2-1.json-dtmi:covia:component:iBS02PIR2;1-dtmi:covia:component:TKR04A;1-isEnabledreportIntervalreportMode",
      "probability": 1,
      "from_file_path": "component/ibs02pir2-1.json",
      "from_class_or_interface_name": "iBS02PIR2",
      "from_class_or_interface_key": "dtmi:covia:component:iBS02PIR2;1",
      "from_method_name": null,
      "from_method_key": null,
      "to_file_path": "component/tkr04a-1.json",
      "to_class_or_interface_key": "dtmi:covia:component:TKR04A;1",
      "to_class_or_interface_name": "iBS02PIR2",
      "to_method_key": null,
      "to_method_name": null,
      "data_clump_type": "fields_to_fields_data_clump",
      "data_clump_data": {
        "dtmi:covia:component:iBS02PIR2;1/memberField/dtmi:covia:component:iBS02PIR2;1#isEnabled": {
          "key": "dtmi:covia:component:iBS02PIR2;1/memberField/dtmi:covia:component:iBS02PIR2;1#isEnabled",
          "name": "isEnabled",
          "type": "boolean",
          "probability": 1,
          "modifiers": [],
          "to_variable": {
            "key": "dtmi:covia:component:TKR04A;1/memberField/dtmi:covia:component:TKR04A;1#isEnabled",
            "name": "isEnabled",
            "type": "boolean",
            "modifiers": [],
            "position": {}
          },
          "position": {}
        },
        "dtmi:covia:component:iBS02PIR2;1/memberField/dtmi:covia:component:iBS02PIR2;1#reportInterval": {
          "key": "dtmi:covia:component:iBS02PIR2;1/memberField/dtmi:covia:component:iBS02PIR2;1#reportInterval",
          "name": "reportInterval",
          "type": "integer",
          "probability": 1,
          "modifiers": [],
          "to_variable": {
            "key": "dtmi:covia:component:TKR04A;1/memberField/dtmi:covia:component:TKR04A;1#reportInterval",
            "name": "reportInterval",
            "type": "integer",
            "modifiers": [],
            "position": {}
          },
          "position": {}
        },
        "dtmi:covia:component:iBS02PIR2;1/memberField/dtmi:covia:component:iBS02PIR2;1#reportMode": {
          "key": "dtmi:covia:component:iBS02PIR2;1/memberField/dtmi:covia:component:iBS02PIR2;1#reportMode",
          "name": "reportMode",
          "type": "Enum:[1,2,3]",
          "probability": 1,
          "modifiers": [],
          "to_variable": {
            "key": "dtmi:covia:component:TKR04A;1/memberField/dtmi:covia:component:TKR04A;1#reportMode",
            "name": "reportMode",
            "type": "Enum:[1,2,3]",
            "modifiers": [],
            "position": {}
          },
          "position": {}
        }
      }
    },
    "fields_to_fields_data_clump-component/ibs02pir2-1.json-dtmi:covia:component:iBS02PIR2;1-dtmi:covia:component:iBS01G;1-isEnabledreportIntervalreportMode": {
      "type": "data_clump",
      "key": "fields_to_fields_data_clump-component/ibs02pir2-1.json-dtmi:covia:component:iBS02PIR2;1-dtmi:covia:component:iBS01G;1-isEnabledreportIntervalreportMode",
      "probability": 1,
      "from_file_path": "component/ibs02pir2-1.json",
      "from_class_or_interface_name": "iBS02PIR2",
      "from_class_or_interface_key": "dtmi:covia:component:iBS02PIR2;1",
      "from_method_name": null,
      "from_method_key": null,
      "to_file_path": "component/ibs01g-1.json",
      "to_class_or_interface_key": "dtmi:covia:component:iBS01G;1",
      "to_class_or_interface_name": "iBS02PIR2",
      "to_method_key": null,
      "to_method_name": null,
      "data_clump_type": "fields_to_fields_data_clump",
      "data_clump_data": {
        "dtmi:covia:component:iBS02PIR2;1/memberField/dtmi:covia:component:iBS02PIR2;1#isEnabled": {
          "key": "dtmi:covia:component:iBS02PIR2;1/memberField/dtmi:covia:component:iBS02PIR2;1#isEnabled",
          "name": "isEnabled",
          "type": "boolean",
          "probability": 1,
          "modifiers": [],
          "to_variable": {
            "key": "dtmi:covia:component:iBS01G;1/memberField/dtmi:covia:component:iBS01G;1#isEnabled",
            "name": "isEnabled",
            "type": "boolean",
            "modifiers": [],
            "position": {}
          },
          "position": {}
        },
        "dtmi:covia:component:iBS02PIR2;1/memberField/dtmi:covia:component:iBS02PIR2;1#reportInterval": {
          "key": "dtmi:covia:component:iBS02PIR2;1/memberField/dtmi:covia:component:iBS02PIR2;1#reportInterval",
          "name": "reportInterval",
          "type": "integer",
          "probability": 1,
          "modifiers": [],
          "to_variable": {
            "key": "dtmi:covia:component:iBS01G;1/memberField/dtmi:covia:component:iBS01G;1#reportInterval",
            "name": "reportInterval",
            "type": "integer",
            "modifiers": [],
            "position": {}
          },
          "position": {}
        },
        "dtmi:covia:component:iBS02PIR2;1/memberField/dtmi:covia:component:iBS02PIR2;1#reportMode": {
          "key": "dtmi:covia:component:iBS02PIR2;1/memberField/dtmi:covia:component:iBS02PIR2;1#reportMode",
          "name": "reportMode",
          "type": "Enum:[1,2,3]",
          "probability": 1,
          "modifiers": [],
          "to_variable": {
            "key": "dtmi:covia:component:iBS01G;1/memberField/dtmi:covia:component:iBS01G;1#reportMode",
            "name": "reportMode",
            "type": "Enum:[1,2,3]",
            "modifiers": [],
            "position": {}
          },
          "position": {}
        }
      }
    },
    "fields_to_fields_data_clump-component/ibs02pir2-1.json-dtmi:covia:component:iBS02PIR2;1-dtmi:covia:component:iBS01H;1-isEnabledreportIntervalreportMode": {
      "type": "data_clump",
      "key": "fields_to_fields_data_clump-component/ibs02pir2-1.json-dtmi:covia:component:iBS02PIR2;1-dtmi:covia:component:iBS01H;1-isEnabledreportIntervalreportMode",
      "probability": 1,
      "from_file_path": "component/ibs02pir2-1.json",
      "from_class_or_interface_name": "iBS02PIR2",
      "from_class_or_interface_key": "dtmi:covia:component:iBS02PIR2;1",
      "from_method_name": null,
      "from_method_key": null,
      "to_file_path": "component/ibs01h-1.json",
      "to_class_or_interface_key": "dtmi:covia:component:iBS01H;1",
      "to_class_or_interface_name": "iBS02PIR2",
      "to_method_key": null,
      "to_method_name": null,
      "data_clump_type": "fields_to_fields_data_clump",
      "data_clump_data": {
        "dtmi:covia:component:iBS02PIR2;1/memberField/dtmi:covia:component:iBS02PIR2;1#isEnabled": {
          "key": "dtmi:covia:component:iBS02PIR2;1/memberField/dtmi:covia:component:iBS02PIR2;1#isEnabled",
          "name": "isEnabled",
          "type": "boolean",
          "probability": 1,
          "modifiers": [],
          "to_variable": {
            "key": "dtmi:covia:component:iBS01H;1/memberField/dtmi:covia:component:iBS01H;1#isEnabled",
            "name": "isEnabled",
            "type": "boolean",
            "modifiers": [],
            "position": {}
          },
          "position": {}
        },
        "dtmi:covia:component:iBS02PIR2;1/memberField/dtmi:covia:component:iBS02PIR2;1#reportInterval": {
          "key": "dtmi:covia:component:iBS02PIR2;1/memberField/dtmi:covia:component:iBS02PIR2;1#reportInterval",
          "name": "reportInterval",
          "type": "integer",
          "probability": 1,
          "modifiers": [],
          "to_variable": {
            "key": "dtmi:covia:component:iBS01H;1/memberField/dtmi:covia:component:iBS01H;1#reportInterval",
            "name": "reportInterval",
            "type": "integer",
            "modifiers": [],
            "position": {}
          },
          "position": {}
        },
        "dtmi:covia:component:iBS02PIR2;1/memberField/dtmi:covia:component:iBS02PIR2;1#reportMode": {
          "key": "dtmi:covia:component:iBS02PIR2;1/memberField/dtmi:covia:component:iBS02PIR2;1#reportMode",
          "name": "reportMode",
          "type": "Enum:[1,2,3]",
          "probability": 1,
          "modifiers": [],
          "to_variable": {
            "key": "dtmi:covia:component:iBS01H;1/memberField/dtmi:covia:component:iBS01H;1#reportMode",
            "name": "reportMode",
            "type": "Enum:[1,2,3]",
            "modifiers": [],
            "position": {}
          },
          "position": {}
        }
      }
    },
    "fields_to_fields_data_clump-component/ibs02pir2-1.json-dtmi:covia:component:iBS02PIR2;1-dtmi:covia:component:iBS02IR2;1-isEnabledreportIntervalreportMode": {
      "type": "data_clump",
      "key": "fields_to_fields_data_clump-component/ibs02pir2-1.json-dtmi:covia:component:iBS02PIR2;1-dtmi:covia:component:iBS02IR2;1-isEnabledreportIntervalreportMode",
      "probability": 1,
      "from_file_path": "component/ibs02pir2-1.json",
      "from_class_or_interface_name": "iBS02PIR2",
      "from_class_or_interface_key": "dtmi:covia:component:iBS02PIR2;1",
      "from_method_name": null,
      "from_method_key": null,
      "to_file_path": "component/ibs02ir2-1.json",
      "to_class_or_interface_key": "dtmi:covia:component:iBS02IR2;1",
      "to_class_or_interface_name": "iBS02PIR2",
      "to_method_key": null,
      "to_method_name": null,
      "data_clump_type": "fields_to_fields_data_clump",
      "data_clump_data": {
        "dtmi:covia:component:iBS02PIR2;1/memberField/dtmi:covia:component:iBS02PIR2;1#isEnabled": {
          "key": "dtmi:covia:component:iBS02PIR2;1/memberField/dtmi:covia:component:iBS02PIR2;1#isEnabled",
          "name": "isEnabled",
          "type": "boolean",
          "probability": 1,
          "modifiers": [],
          "to_variable": {
            "key": "dtmi:covia:component:iBS02IR2;1/memberField/dtmi:covia:component:iBS02IR2;1#isEnabled",
            "name": "isEnabled",
            "type": "boolean",
            "modifiers": [],
            "position": {}
          },
          "position": {}
        },
        "dtmi:covia:component:iBS02PIR2;1/memberField/dtmi:covia:component:iBS02PIR2;1#reportInterval": {
          "key": "dtmi:covia:component:iBS02PIR2;1/memberField/dtmi:covia:component:iBS02PIR2;1#reportInterval",
          "name": "reportInterval",
          "type": "integer",
          "probability": 1,
          "modifiers": [],
          "to_variable": {
            "key": "dtmi:covia:component:iBS02IR2;1/memberField/dtmi:covia:component:iBS02IR2;1#reportInterval",
            "name": "reportInterval",
            "type": "integer",
            "modifiers": [],
            "position": {}
          },
          "position": {}
        },
        "dtmi:covia:component:iBS02PIR2;1/memberField/dtmi:covia:component:iBS02PIR2;1#reportMode": {
          "key": "dtmi:covia:component:iBS02PIR2;1/memberField/dtmi:covia:component:iBS02PIR2;1#reportMode",
          "name": "reportMode",
          "type": "Enum:[1,2,3]",
          "probability": 1,
          "modifiers": [],
          "to_variable": {
            "key": "dtmi:covia:component:iBS02IR2;1/memberField/dtmi:covia:component:iBS02IR2;1#reportMode",
            "name": "reportMode",
            "type": "Enum:[1,2,3]",
            "modifiers": [],
            "position": {}
          },
          "position": {}
        }
      }
    }
  }
}