{
  "report_version": "unknown",
  "report_timestamp": "2025-03-26T21:56:00.887Z",
  "target_language": "java",
  "report_summary": {
    "additional": null,
    "amount_classes_or_interfaces_with_data_clumps": 2,
    "amount_files_with_data_clumps": 2,
    "amount_methods_with_data_clumps": 0,
    "fields_to_fields_data_clump": 2,
    "parameters_to_fields_data_clump": 0,
    "parameters_to_parameters_data_clump": 0,
    "amount_data_clumps": 2
  },
  "project_info": {
    "project_url": "unknown_project_url",
    "project_name": "_lFEA4FjfEeul4L4ngN2BiA",
    "project_version": "unknown_project_version",
    "project_commit_hash": "unknown",
    "project_tag": null,
    "project_commit_date": null,
    "additional": {},
    "number_of_files": 7,
    "number_of_classes_or_interfaces": 7,
    "number_of_methods": 17,
    "number_of_data_fields": 20,
    "number_of_method_parameters": 0
  },
  "detector": {
    "name": "data-clumps-doctor",
    "url": "https://github.com/NilsBaumgartner1994/data-clumps-doctor",
    "version": "0.1.100",
    "options": {
      "typeVariablesConsidered": false,
      "similarityModifierOfVariablesWithUnknownType": 0,
      "fieldsOfClassesWithUnknownHierarchyProbabilityModifier": 0,
      "sharedFieldsToFieldsAmountMinimum": 3,
      "analyseFieldsInClassesOrInterfacesInheritedFromSuperClassesOrInterfaces": false,
      "sharedParametersToParametersAmountMinimum": 3,
      "sharedParametersToFieldsAmountMinimum": 3,
      "methodsOfClassesOrInterfacesWithUnknownHierarchyProbabilityModifier": 0
    }
  },
  "data_clumps": {
    "fields_to_fields_data_clump-./Mostro-_32W3YDs4EDmhucs8hsjivw-_s19BoDsPEDmhucs8hsjivw-nomepuntiVitaagilitàbuonoarma": {
      "type": "data_clump",
      "key": "fields_to_fields_data_clump-./Mostro-_32W3YDs4EDmhucs8hsjivw-_s19BoDsPEDmhucs8hsjivw-nomepuntiVitaagilitàbuonoarma",
      "probability": 1,
      "from_file_path": "./Mostro",
      "from_class_or_interface_name": "Mostro",
      "from_class_or_interface_key": "_32W3YDs4EDmhucs8hsjivw",
      "from_method_name": null,
      "from_method_key": null,
      "to_file_path": "./Personaggio",
      "to_class_or_interface_key": "_s19BoDsPEDmhucs8hsjivw",
      "to_class_or_interface_name": "Mostro",
      "to_method_key": null,
      "to_method_name": null,
      "data_clump_type": "fields_to_fields_data_clump",
      "data_clump_data": {
        "_5eTFkDs4EDmhucs8hsjivw": {
          "key": "_5eTFkDs4EDmhucs8hsjivw",
          "name": "nome",
          "type": null,
          "probability": 1,
          "modifiers": [
            "private"
          ],
          "to_variable": {
            "key": "_XuLrwDsREDmhucs8hsjivw",
            "name": "nome",
            "type": null,
            "modifiers": [
              "private"
            ],
            "position": {}
          },
          "position": {}
        },
        "_Fqv0UTs5EDmhucs8hsjivw": {
          "key": "_Fqv0UTs5EDmhucs8hsjivw",
          "name": "puntiVita",
          "type": null,
          "probability": 1,
          "modifiers": [
            "private"
          ],
          "to_variable": {
            "key": "_1OD0sDsSEDmhucs8hsjivw",
            "name": "puntiVita",
            "type": null,
            "modifiers": [
              "private"
            ],
            "position": {}
          },
          "position": {}
        },
        "_J8fWUTs5EDmhucs8hsjivw": {
          "key": "_J8fWUTs5EDmhucs8hsjivw",
          "name": "agilità",
          "type": null,
          "probability": 1,
          "modifiers": [
            "private"
          ],
          "to_variable": {
            "key": "_3UlKYTsUEDmhucs8hsjivw",
            "name": "agilità",
            "type": null,
            "modifiers": [
              "private"
            ],
            "position": {}
          },
          "position": {}
        },
        "_Xf8UQTs5EDmhucs8hsjivw": {
          "key": "_Xf8UQTs5EDmhucs8hsjivw",
          "name": "buono",
          "type": null,
          "probability": 1,
          "modifiers": [
            "private"
          ],
          "to_variable": {
            "key": "_a16U4TsVEDmhucs8hsjivw",
            "name": "buono",
            "type": null,
            "modifiers": [
              "private"
            ],
            "position": {}
          },
          "position": {}
        },
        "_R7vE0Ds5EDmhucs8hsjivw": {
          "key": "_R7vE0Ds5EDmhucs8hsjivw",
          "name": "arma",
          "type": null,
          "probability": 1,
          "modifiers": [
            "private"
          ],
          "to_variable": {
            "key": "_7G9aYDsVEDmhucs8hsjivw",
            "name": "arma",
            "type": null,
            "modifiers": [
              "private"
            ],
            "position": {}
          },
          "position": {}
        }
      }
    },
    "fields_to_fields_data_clump-./Personaggio-_s19BoDsPEDmhucs8hsjivw-_32W3YDs4EDmhucs8hsjivw-nomepuntiVitaagilitàbuonoarma": {
      "type": "data_clump",
      "key": "fields_to_fields_data_clump-./Personaggio-_s19BoDsPEDmhucs8hsjivw-_32W3YDs4EDmhucs8hsjivw-nomepuntiVitaagilitàbuonoarma",
      "probability": 1,
      "from_file_path": "./Personaggio",
      "from_class_or_interface_name": "Personaggio",
      "from_class_or_interface_key": "_s19BoDsPEDmhucs8hsjivw",
      "from_method_name": null,
      "from_method_key": null,
      "to_file_path": "./Mostro",
      "to_class_or_interface_key": "_32W3YDs4EDmhucs8hsjivw",
      "to_class_or_interface_name": "Personaggio",
      "to_method_key": null,
      "to_method_name": null,
      "data_clump_type": "fields_to_fields_data_clump",
      "data_clump_data": {
        "_XuLrwDsREDmhucs8hsjivw": {
          "key": "_XuLrwDsREDmhucs8hsjivw",
          "name": "nome",
          "type": null,
          "probability": 1,
          "modifiers": [
            "private"
          ],
          "to_variable": {
            "key": "_5eTFkDs4EDmhucs8hsjivw",
            "name": "nome",
            "type": null,
            "modifiers": [
              "private"
            ],
            "position": {}
          },
          "position": {}
        },
        "_1OD0sDsSEDmhucs8hsjivw": {
          "key": "_1OD0sDsSEDmhucs8hsjivw",
          "name": "puntiVita",
          "type": null,
          "probability": 1,
          "modifiers": [
            "private"
          ],
          "to_variable": {
            "key": "_Fqv0UTs5EDmhucs8hsjivw",
            "name": "puntiVita",
            "type": null,
            "modifiers": [
              "private"
            ],
            "position": {}
          },
          "position": {}
        },
        "_3UlKYTsUEDmhucs8hsjivw": {
          "key": "_3UlKYTsUEDmhucs8hsjivw",
          "name": "agilità",
          "type": null,
          "probability": 1,
          "modifiers": [
            "private"
          ],
          "to_variable": {
            "key": "_J8fWUTs5EDmhucs8hsjivw",
            "name": "agilità",
            "type": null,
            "modifiers": [
              "private"
            ],
            "position": {}
          },
          "position": {}
        },
        "_a16U4TsVEDmhucs8hsjivw": {
          "key": "_a16U4TsVEDmhucs8hsjivw",
          "name": "buono",
          "type": null,
          "probability": 1,
          "modifiers": [
            "private"
          ],
          "to_variable": {
            "key": "_Xf8UQTs5EDmhucs8hsjivw",
            "name": "buono",
            "type": null,
            "modifiers": [
              "private"
            ],
            "position": {}
          },
          "position": {}
        },
        "_7G9aYDsVEDmhucs8hsjivw": {
          "key": "_7G9aYDsVEDmhucs8hsjivw",
          "name": "arma",
          "type": null,
          "probability": 1,
          "modifiers": [
            "private"
          ],
          "to_variable": {
            "key": "_R7vE0Ds5EDmhucs8hsjivw",
            "name": "arma",
            "type": null,
            "modifiers": [
              "private"
            ],
            "position": {}
          },
          "position": {}
        }
      }
    }
  }
}