{
  "report_version": "unknown",
  "report_timestamp": "2025-03-26T23:00:54.300Z",
  "target_language": "java",
  "report_summary": {
    "additional": null,
    "amount_classes_or_interfaces_with_data_clumps": 4,
    "amount_files_with_data_clumps": 4,
    "amount_methods_with_data_clumps": 0,
    "fields_to_fields_data_clump": 8,
    "parameters_to_fields_data_clump": 0,
    "parameters_to_parameters_data_clump": 0,
    "amount_data_clumps": 8
  },
  "project_info": {
    "project_url": "unknown_project_url",
    "project_name": "_ZNAXgNvbEeiJYbNjsZ3wUw",
    "project_version": "unknown_project_version",
    "project_commit_hash": "unknown",
    "project_tag": null,
    "project_commit_date": null,
    "additional": {},
    "number_of_files": 12,
    "number_of_classes_or_interfaces": 12,
    "number_of_methods": 0,
    "number_of_data_fields": 29,
    "number_of_method_parameters": 0
  },
  "detector": {
    "name": "data-clumps-doctor",
    "url": "https://github.com/NilsBaumgartner1994/data-clumps-doctor",
    "version": "0.1.100",
    "options": {
      "typeVariablesConsidered": false,
      "similarityModifierOfVariablesWithUnknownType": 0,
      "fieldsOfClassesWithUnknownHierarchyProbabilityModifier": 0,
      "sharedFieldsToFieldsAmountMinimum": 3,
      "analyseFieldsInClassesOrInterfacesInheritedFromSuperClassesOrInterfaces": false,
      "sharedParametersToParametersAmountMinimum": 3,
      "sharedParametersToFieldsAmountMinimum": 3,
      "methodsOfClassesOrInterfacesWithUnknownHierarchyProbabilityModifier": 0
    }
  },
  "data_clumps": {
    "fields_to_fields_data_clump-./Cliente-_mldFsM25EDa9MMAROm64rQ-_hjhc4M25EDa9MMAROm64rQ-IdNombreNumeroContacto": {
      "type": "data_clump",
      "key": "fields_to_fields_data_clump-./Cliente-_mldFsM25EDa9MMAROm64rQ-_hjhc4M25EDa9MMAROm64rQ-IdNombreNumeroContacto",
      "probability": 1,
      "from_file_path": "./Cliente",
      "from_class_or_interface_name": "Cliente",
      "from_class_or_interface_key": "_mldFsM25EDa9MMAROm64rQ",
      "from_method_name": null,
      "from_method_key": null,
      "to_file_path": "./Cocinera",
      "to_class_or_interface_key": "_hjhc4M25EDa9MMAROm64rQ",
      "to_class_or_interface_name": "Cliente",
      "to_method_key": null,
      "to_method_name": null,
      "data_clump_type": "fields_to_fields_data_clump",
      "data_clump_data": {
        "_kJr78M27EDa9MMAROm64rQ": {
          "key": "_kJr78M27EDa9MMAROm64rQ",
          "name": "Id",
          "type": null,
          "probability": 1,
          "modifiers": [
            "public"
          ],
          "to_variable": {
            "key": "_8rONgM26EDa9MMAROm64rQ",
            "name": "Id",
            "type": null,
            "modifiers": [
              "public"
            ],
            "position": {}
          },
          "position": {}
        },
        "_lGHH8M27EDa9MMAROm64rQ": {
          "key": "_lGHH8M27EDa9MMAROm64rQ",
          "name": "Nombre",
          "type": null,
          "probability": 1,
          "modifiers": [
            "public"
          ],
          "to_variable": {
            "key": "_-AUYMc26EDa9MMAROm64rQ",
            "name": "Nombre",
            "type": null,
            "modifiers": [
              "public"
            ],
            "position": {}
          },
          "position": {}
        },
        "_l1dhQc27EDa9MMAROm64rQ": {
          "key": "_l1dhQc27EDa9MMAROm64rQ",
          "name": "NumeroContacto",
          "type": null,
          "probability": 1,
          "modifiers": [
            "public"
          ],
          "to_variable": {
            "key": "_CueJYM27EDa9MMAROm64rQ",
            "name": "NumeroContacto",
            "type": null,
            "modifiers": [
              "public"
            ],
            "position": {}
          },
          "position": {}
        }
      }
    },
    "fields_to_fields_data_clump-./Cliente-_mldFsM25EDa9MMAROm64rQ-_suNzsM25EDa9MMAROm64rQ-IdNombreNumeroContacto": {
      "type": "data_clump",
      "key": "fields_to_fields_data_clump-./Cliente-_mldFsM25EDa9MMAROm64rQ-_suNzsM25EDa9MMAROm64rQ-IdNombreNumeroContacto",
      "probability": 1,
      "from_file_path": "./Cliente",
      "from_class_or_interface_name": "Cliente",
      "from_class_or_interface_key": "_mldFsM25EDa9MMAROm64rQ",
      "from_method_name": null,
      "from_method_key": null,
      "to_file_path": "./Proveedor",
      "to_class_or_interface_key": "_suNzsM25EDa9MMAROm64rQ",
      "to_class_or_interface_name": "Cliente",
      "to_method_key": null,
      "to_method_name": null,
      "data_clump_type": "fields_to_fields_data_clump",
      "data_clump_data": {
        "_kJr78M27EDa9MMAROm64rQ": {
          "key": "_kJr78M27EDa9MMAROm64rQ",
          "name": "Id",
          "type": null,
          "probability": 1,
          "modifiers": [
            "public"
          ],
          "to_variable": {
            "key": "_DE7-Ec26EDa9MMAROm64rQ",
            "name": "Id",
            "type": null,
            "modifiers": [
              "public"
            ],
            "position": {}
          },
          "position": {}
        },
        "_lGHH8M27EDa9MMAROm64rQ": {
          "key": "_lGHH8M27EDa9MMAROm64rQ",
          "name": "Nombre",
          "type": null,
          "probability": 1,
          "modifiers": [
            "public"
          ],
          "to_variable": {
            "key": "_FoT5wM26EDa9MMAROm64rQ",
            "name": "Nombre",
            "type": null,
            "modifiers": [
              "public"
            ],
            "position": {}
          },
          "position": {}
        },
        "_l1dhQc27EDa9MMAROm64rQ": {
          "key": "_l1dhQc27EDa9MMAROm64rQ",
          "name": "NumeroContacto",
          "type": null,
          "probability": 1,
          "modifiers": [
            "public"
          ],
          "to_variable": {
            "key": "_2eoIYM26EDa9MMAROm64rQ",
            "name": "NumeroContacto",
            "type": null,
            "modifiers": [
              "public"
            ],
            "position": {}
          },
          "position": {}
        }
      }
    },
    "fields_to_fields_data_clump-./Cocinera-_hjhc4M25EDa9MMAROm64rQ-_mldFsM25EDa9MMAROm64rQ-IdNombreNumeroContacto": {
      "type": "data_clump",
      "key": "fields_to_fields_data_clump-./Cocinera-_hjhc4M25EDa9MMAROm64rQ-_mldFsM25EDa9MMAROm64rQ-IdNombreNumeroContacto",
      "probability": 1,
      "from_file_path": "./Cocinera",
      "from_class_or_interface_name": "Cocinera",
      "from_class_or_interface_key": "_hjhc4M25EDa9MMAROm64rQ",
      "from_method_name": null,
      "from_method_key": null,
      "to_file_path": "./Cliente",
      "to_class_or_interface_key": "_mldFsM25EDa9MMAROm64rQ",
      "to_class_or_interface_name": "Cocinera",
      "to_method_key": null,
      "to_method_name": null,
      "data_clump_type": "fields_to_fields_data_clump",
      "data_clump_data": {
        "_8rONgM26EDa9MMAROm64rQ": {
          "key": "_8rONgM26EDa9MMAROm64rQ",
          "name": "Id",
          "type": null,
          "probability": 1,
          "modifiers": [
            "public"
          ],
          "to_variable": {
            "key": "_kJr78M27EDa9MMAROm64rQ",
            "name": "Id",
            "type": null,
            "modifiers": [
              "public"
            ],
            "position": {}
          },
          "position": {}
        },
        "_-AUYMc26EDa9MMAROm64rQ": {
          "key": "_-AUYMc26EDa9MMAROm64rQ",
          "name": "Nombre",
          "type": null,
          "probability": 1,
          "modifiers": [
            "public"
          ],
          "to_variable": {
            "key": "_lGHH8M27EDa9MMAROm64rQ",
            "name": "Nombre",
            "type": null,
            "modifiers": [
              "public"
            ],
            "position": {}
          },
          "position": {}
        },
        "_CueJYM27EDa9MMAROm64rQ": {
          "key": "_CueJYM27EDa9MMAROm64rQ",
          "name": "NumeroContacto",
          "type": null,
          "probability": 1,
          "modifiers": [
            "public"
          ],
          "to_variable": {
            "key": "_l1dhQc27EDa9MMAROm64rQ",
            "name": "NumeroContacto",
            "type": null,
            "modifiers": [
              "public"
            ],
            "position": {}
          },
          "position": {}
        }
      }
    },
    "fields_to_fields_data_clump-./Cocinera-_hjhc4M25EDa9MMAROm64rQ-_gDl7Mc25EDa9MMAROm64rQ-IdNombreSueldo": {
      "type": "data_clump",
      "key": "fields_to_fields_data_clump-./Cocinera-_hjhc4M25EDa9MMAROm64rQ-_gDl7Mc25EDa9MMAROm64rQ-IdNombreSueldo",
      "probability": 1,
      "from_file_path": "./Cocinera",
      "from_class_or_interface_name": "Cocinera",
      "from_class_or_interface_key": "_hjhc4M25EDa9MMAROm64rQ",
      "from_method_name": null,
      "from_method_key": null,
      "to_file_path": "./Conductor",
      "to_class_or_interface_key": "_gDl7Mc25EDa9MMAROm64rQ",
      "to_class_or_interface_name": "Cocinera",
      "to_method_key": null,
      "to_method_name": null,
      "data_clump_type": "fields_to_fields_data_clump",
      "data_clump_data": {
        "_8rONgM26EDa9MMAROm64rQ": {
          "key": "_8rONgM26EDa9MMAROm64rQ",
          "name": "Id",
          "type": null,
          "probability": 1,
          "modifiers": [
            "public"
          ],
          "to_variable": {
            "key": "_4VbucM25EDa9MMAROm64rQ",
            "name": "Id",
            "type": null,
            "modifiers": [
              "public"
            ],
            "position": {}
          },
          "position": {}
        },
        "_-AUYMc26EDa9MMAROm64rQ": {
          "key": "_-AUYMc26EDa9MMAROm64rQ",
          "name": "Nombre",
          "type": null,
          "probability": 1,
          "modifiers": [
            "public"
          ],
          "to_variable": {
            "key": "_5q8v4M25EDa9MMAROm64rQ",
            "name": "Nombre",
            "type": null,
            "modifiers": [
              "public"
            ],
            "position": {}
          },
          "position": {}
        },
        "__rI7Qc26EDa9MMAROm64rQ": {
          "key": "__rI7Qc26EDa9MMAROm64rQ",
          "name": "Sueldo",
          "type": null,
          "probability": 1,
          "modifiers": [
            "public"
          ],
          "to_variable": {
            "key": "_4qDE0M2_EDa1WOS7UzhcDQ",
            "name": "Sueldo",
            "type": null,
            "modifiers": [
              "public"
            ],
            "position": {}
          },
          "position": {}
        }
      }
    },
    "fields_to_fields_data_clump-./Cocinera-_hjhc4M25EDa9MMAROm64rQ-_suNzsM25EDa9MMAROm64rQ-IdNombreNumeroContacto": {
      "type": "data_clump",
      "key": "fields_to_fields_data_clump-./Cocinera-_hjhc4M25EDa9MMAROm64rQ-_suNzsM25EDa9MMAROm64rQ-IdNombreNumeroContacto",
      "probability": 1,
      "from_file_path": "./Cocinera",
      "from_class_or_interface_name": "Cocinera",
      "from_class_or_interface_key": "_hjhc4M25EDa9MMAROm64rQ",
      "from_method_name": null,
      "from_method_key": null,
      "to_file_path": "./Proveedor",
      "to_class_or_interface_key": "_suNzsM25EDa9MMAROm64rQ",
      "to_class_or_interface_name": "Cocinera",
      "to_method_key": null,
      "to_method_name": null,
      "data_clump_type": "fields_to_fields_data_clump",
      "data_clump_data": {
        "_8rONgM26EDa9MMAROm64rQ": {
          "key": "_8rONgM26EDa9MMAROm64rQ",
          "name": "Id",
          "type": null,
          "probability": 1,
          "modifiers": [
            "public"
          ],
          "to_variable": {
            "key": "_DE7-Ec26EDa9MMAROm64rQ",
            "name": "Id",
            "type": null,
            "modifiers": [
              "public"
            ],
            "position": {}
          },
          "position": {}
        },
        "_-AUYMc26EDa9MMAROm64rQ": {
          "key": "_-AUYMc26EDa9MMAROm64rQ",
          "name": "Nombre",
          "type": null,
          "probability": 1,
          "modifiers": [
            "public"
          ],
          "to_variable": {
            "key": "_FoT5wM26EDa9MMAROm64rQ",
            "name": "Nombre",
            "type": null,
            "modifiers": [
              "public"
            ],
            "position": {}
          },
          "position": {}
        },
        "_CueJYM27EDa9MMAROm64rQ": {
          "key": "_CueJYM27EDa9MMAROm64rQ",
          "name": "NumeroContacto",
          "type": null,
          "probability": 1,
          "modifiers": [
            "public"
          ],
          "to_variable": {
            "key": "_2eoIYM26EDa9MMAROm64rQ",
            "name": "NumeroContacto",
            "type": null,
            "modifiers": [
              "public"
            ],
            "position": {}
          },
          "position": {}
        }
      }
    },
    "fields_to_fields_data_clump-./Conductor-_gDl7Mc25EDa9MMAROm64rQ-_hjhc4M25EDa9MMAROm64rQ-IdNombreSueldo": {
      "type": "data_clump",
      "key": "fields_to_fields_data_clump-./Conductor-_gDl7Mc25EDa9MMAROm64rQ-_hjhc4M25EDa9MMAROm64rQ-IdNombreSueldo",
      "probability": 1,
      "from_file_path": "./Conductor",
      "from_class_or_interface_name": "Conductor",
      "from_class_or_interface_key": "_gDl7Mc25EDa9MMAROm64rQ",
      "from_method_name": null,
      "from_method_key": null,
      "to_file_path": "./Cocinera",
      "to_class_or_interface_key": "_hjhc4M25EDa9MMAROm64rQ",
      "to_class_or_interface_name": "Conductor",
      "to_method_key": null,
      "to_method_name": null,
      "data_clump_type": "fields_to_fields_data_clump",
      "data_clump_data": {
        "_4VbucM25EDa9MMAROm64rQ": {
          "key": "_4VbucM25EDa9MMAROm64rQ",
          "name": "Id",
          "type": null,
          "probability": 1,
          "modifiers": [
            "public"
          ],
          "to_variable": {
            "key": "_8rONgM26EDa9MMAROm64rQ",
            "name": "Id",
            "type": null,
            "modifiers": [
              "public"
            ],
            "position": {}
          },
          "position": {}
        },
        "_5q8v4M25EDa9MMAROm64rQ": {
          "key": "_5q8v4M25EDa9MMAROm64rQ",
          "name": "Nombre",
          "type": null,
          "probability": 1,
          "modifiers": [
            "public"
          ],
          "to_variable": {
            "key": "_-AUYMc26EDa9MMAROm64rQ",
            "name": "Nombre",
            "type": null,
            "modifiers": [
              "public"
            ],
            "position": {}
          },
          "position": {}
        },
        "_4qDE0M2_EDa1WOS7UzhcDQ": {
          "key": "_4qDE0M2_EDa1WOS7UzhcDQ",
          "name": "Sueldo",
          "type": null,
          "probability": 1,
          "modifiers": [
            "public"
          ],
          "to_variable": {
            "key": "__rI7Qc26EDa9MMAROm64rQ",
            "name": "Sueldo",
            "type": null,
            "modifiers": [
              "public"
            ],
            "position": {}
          },
          "position": {}
        }
      }
    },
    "fields_to_fields_data_clump-./Proveedor-_suNzsM25EDa9MMAROm64rQ-_mldFsM25EDa9MMAROm64rQ-IdNombreNumeroContacto": {
      "type": "data_clump",
      "key": "fields_to_fields_data_clump-./Proveedor-_suNzsM25EDa9MMAROm64rQ-_mldFsM25EDa9MMAROm64rQ-IdNombreNumeroContacto",
      "probability": 1,
      "from_file_path": "./Proveedor",
      "from_class_or_interface_name": "Proveedor",
      "from_class_or_interface_key": "_suNzsM25EDa9MMAROm64rQ",
      "from_method_name": null,
      "from_method_key": null,
      "to_file_path": "./Cliente",
      "to_class_or_interface_key": "_mldFsM25EDa9MMAROm64rQ",
      "to_class_or_interface_name": "Proveedor",
      "to_method_key": null,
      "to_method_name": null,
      "data_clump_type": "fields_to_fields_data_clump",
      "data_clump_data": {
        "_DE7-Ec26EDa9MMAROm64rQ": {
          "key": "_DE7-Ec26EDa9MMAROm64rQ",
          "name": "Id",
          "type": null,
          "probability": 1,
          "modifiers": [
            "public"
          ],
          "to_variable": {
            "key": "_kJr78M27EDa9MMAROm64rQ",
            "name": "Id",
            "type": null,
            "modifiers": [
              "public"
            ],
            "position": {}
          },
          "position": {}
        },
        "_FoT5wM26EDa9MMAROm64rQ": {
          "key": "_FoT5wM26EDa9MMAROm64rQ",
          "name": "Nombre",
          "type": null,
          "probability": 1,
          "modifiers": [
            "public"
          ],
          "to_variable": {
            "key": "_lGHH8M27EDa9MMAROm64rQ",
            "name": "Nombre",
            "type": null,
            "modifiers": [
              "public"
            ],
            "position": {}
          },
          "position": {}
        },
        "_2eoIYM26EDa9MMAROm64rQ": {
          "key": "_2eoIYM26EDa9MMAROm64rQ",
          "name": "NumeroContacto",
          "type": null,
          "probability": 1,
          "modifiers": [
            "public"
          ],
          "to_variable": {
            "key": "_l1dhQc27EDa9MMAROm64rQ",
            "name": "NumeroContacto",
            "type": null,
            "modifiers": [
              "public"
            ],
            "position": {}
          },
          "position": {}
        }
      }
    },
    "fields_to_fields_data_clump-./Proveedor-_suNzsM25EDa9MMAROm64rQ-_hjhc4M25EDa9MMAROm64rQ-IdNombreNumeroContacto": {
      "type": "data_clump",
      "key": "fields_to_fields_data_clump-./Proveedor-_suNzsM25EDa9MMAROm64rQ-_hjhc4M25EDa9MMAROm64rQ-IdNombreNumeroContacto",
      "probability": 1,
      "from_file_path": "./Proveedor",
      "from_class_or_interface_name": "Proveedor",
      "from_class_or_interface_key": "_suNzsM25EDa9MMAROm64rQ",
      "from_method_name": null,
      "from_method_key": null,
      "to_file_path": "./Cocinera",
      "to_class_or_interface_key": "_hjhc4M25EDa9MMAROm64rQ",
      "to_class_or_interface_name": "Proveedor",
      "to_method_key": null,
      "to_method_name": null,
      "data_clump_type": "fields_to_fields_data_clump",
      "data_clump_data": {
        "_DE7-Ec26EDa9MMAROm64rQ": {
          "key": "_DE7-Ec26EDa9MMAROm64rQ",
          "name": "Id",
          "type": null,
          "probability": 1,
          "modifiers": [
            "public"
          ],
          "to_variable": {
            "key": "_8rONgM26EDa9MMAROm64rQ",
            "name": "Id",
            "type": null,
            "modifiers": [
              "public"
            ],
            "position": {}
          },
          "position": {}
        },
        "_FoT5wM26EDa9MMAROm64rQ": {
          "key": "_FoT5wM26EDa9MMAROm64rQ",
          "name": "Nombre",
          "type": null,
          "probability": 1,
          "modifiers": [
            "public"
          ],
          "to_variable": {
            "key": "_-AUYMc26EDa9MMAROm64rQ",
            "name": "Nombre",
            "type": null,
            "modifiers": [
              "public"
            ],
            "position": {}
          },
          "position": {}
        },
        "_2eoIYM26EDa9MMAROm64rQ": {
          "key": "_2eoIYM26EDa9MMAROm64rQ",
          "name": "NumeroContacto",
          "type": null,
          "probability": 1,
          "modifiers": [
            "public"
          ],
          "to_variable": {
            "key": "_CueJYM27EDa9MMAROm64rQ",
            "name": "NumeroContacto",
            "type": null,
            "modifiers": [
              "public"
            ],
            "position": {}
          },
          "position": {}
        }
      }
    }
  }
}