{
  "report_version": "unknown",
  "report_timestamp": "2025-03-26T22:55:22.562Z",
  "target_language": "java",
  "report_summary": {
    "additional": null,
    "amount_classes_or_interfaces_with_data_clumps": 1,
    "amount_files_with_data_clumps": 1,
    "amount_methods_with_data_clumps": 1,
    "fields_to_fields_data_clump": 0,
    "parameters_to_fields_data_clump": 1,
    "parameters_to_parameters_data_clump": 0,
    "amount_data_clumps": 1
  },
  "project_info": {
    "project_url": "unknown_project_url",
    "project_name": "_rvJE8MlrEe2rYP8-S09m2Q",
    "project_version": "unknown_project_version",
    "project_commit_hash": "unknown",
    "project_tag": null,
    "project_commit_date": null,
    "additional": {},
    "number_of_files": 3,
    "number_of_classes_or_interfaces": 3,
    "number_of_methods": 7,
    "number_of_data_fields": 11,
    "number_of_method_parameters": 14
  },
  "detector": {
    "name": "data-clumps-doctor",
    "url": "https://github.com/NilsBaumgartner1994/data-clumps-doctor",
    "version": "0.1.100",
    "options": {
      "typeVariablesConsidered": false,
      "similarityModifierOfVariablesWithUnknownType": 0,
      "fieldsOfClassesWithUnknownHierarchyProbabilityModifier": 0,
      "sharedFieldsToFieldsAmountMinimum": 3,
      "analyseFieldsInClassesOrInterfacesInheritedFromSuperClassesOrInterfaces": false,
      "sharedParametersToParametersAmountMinimum": 3,
      "sharedParametersToFieldsAmountMinimum": 3,
      "methodsOfClassesOrInterfacesWithUnknownHierarchyProbabilityModifier": 0
    }
  },
  "data_clumps": {
    "parameters_to_fields_data_clump-./Ruta-_76ZtIKufEDuVcPIURbmbWA-_U9zu8KuaEDuVcPIURbmbWA-nombreciudadOrigenciudadDestinoestadoid": {
      "type": "data_clump",
      "key": "parameters_to_fields_data_clump-./Ruta-_76ZtIKufEDuVcPIURbmbWA-_U9zu8KuaEDuVcPIURbmbWA-nombreciudadOrigenciudadDestinoestadoid",
      "probability": 1,
      "from_file_path": "./Ruta",
      "from_class_or_interface_name": "Ruta",
      "from_class_or_interface_key": "_U9zu8KuaEDuVcPIURbmbWA",
      "from_method_name": "Ruta",
      "from_method_key": "_76ZtIKufEDuVcPIURbmbWA",
      "to_file_path": "./Ruta",
      "to_class_or_interface_name": "Ruta",
      "to_class_or_interface_key": "_U9zu8KuaEDuVcPIURbmbWA",
      "to_method_name": null,
      "to_method_key": null,
      "data_clump_type": "parameters_to_fields_data_clump",
      "data_clump_data": {
        "_Zxt7IKugEDuVcPIURbmbWA": {
          "key": "_Zxt7IKugEDuVcPIURbmbWA",
          "name": "nombre",
          "type": null,
          "probability": 1,
          "modifiers": [],
          "to_variable": {
            "key": "_V_oYUKuaEDuVcPIURbmbWA",
            "name": "nombre",
            "type": null,
            "modifiers": [
              "private"
            ],
            "position": {}
          },
          "position": {}
        },
        "_ZzT2kKugEDuVcPIURbmbWA": {
          "key": "_ZzT2kKugEDuVcPIURbmbWA",
          "name": "ciudadOrigen",
          "type": null,
          "probability": 1,
          "modifiers": [],
          "to_variable": {
            "key": "_paP98KuaEDuVcPIURbmbWA",
            "name": "ciudadOrigen",
            "type": null,
            "modifiers": [
              "private"
            ],
            "position": {}
          },
          "position": {}
        },
        "_Z11mIKugEDuVcPIURbmbWA": {
          "key": "_Z11mIKugEDuVcPIURbmbWA",
          "name": "ciudadDestino",
          "type": null,
          "probability": 1,
          "modifiers": [],
          "to_variable": {
            "key": "_plngcKuaEDuVcPIURbmbWA",
            "name": "ciudadDestino",
            "type": null,
            "modifiers": [
              "private"
            ],
            "position": {}
          },
          "position": {}
        },
        "_Z3GKYKugEDuVcPIURbmbWA": {
          "key": "_Z3GKYKugEDuVcPIURbmbWA",
          "name": "estado",
          "type": null,
          "probability": 1,
          "modifiers": [],
          "to_variable": {
            "key": "_x5YGYKuaEDuVcPIURbmbWA",
            "name": "estado",
            "type": null,
            "modifiers": [
              "private"
            ],
            "position": {}
          },
          "position": {}
        },
        "_id0voKugEDuVcPIURbmbWA": {
          "key": "_id0voKugEDuVcPIURbmbWA",
          "name": "id",
          "type": null,
          "probability": 1,
          "modifiers": [],
          "to_variable": {
            "key": "_WJQOYKuaEDuVcPIURbmbWA",
            "name": "id",
            "type": null,
            "modifiers": [
              "private"
            ],
            "position": {}
          },
          "position": {}
        }
      }
    }
  }
}