{
  "report_version": "unknown",
  "report_timestamp": "2025-03-26T22:04:13.519Z",
  "target_language": "java",
  "report_summary": {
    "additional": null,
    "amount_classes_or_interfaces_with_data_clumps": 5,
    "amount_files_with_data_clumps": 5,
    "amount_methods_with_data_clumps": 0,
    "fields_to_fields_data_clump": 20,
    "parameters_to_fields_data_clump": 0,
    "parameters_to_parameters_data_clump": 0,
    "amount_data_clumps": 20
  },
  "project_info": {
    "project_url": "unknown_project_url",
    "project_name": "0fe7b567-f622-48e8-b241-c9e789dc46c9",
    "project_version": "unknown_project_version",
    "project_commit_hash": "unknown",
    "project_tag": null,
    "project_commit_date": null,
    "additional": {},
    "number_of_files": 13,
    "number_of_classes_or_interfaces": 13,
    "number_of_methods": 35,
    "number_of_data_fields": 44,
    "number_of_method_parameters": 6
  },
  "detector": {
    "name": "data-clumps-doctor",
    "url": "https://github.com/NilsBaumgartner1994/data-clumps-doctor",
    "version": "0.1.100",
    "options": {
      "typeVariablesConsidered": false,
      "similarityModifierOfVariablesWithUnknownType": 0,
      "fieldsOfClassesWithUnknownHierarchyProbabilityModifier": 0,
      "sharedFieldsToFieldsAmountMinimum": 3,
      "analyseFieldsInClassesOrInterfacesInheritedFromSuperClassesOrInterfaces": false,
      "sharedParametersToParametersAmountMinimum": 3,
      "sharedParametersToFieldsAmountMinimum": 3,
      "methodsOfClassesOrInterfacesWithUnknownHierarchyProbabilityModifier": 0
    }
  },
  "data_clumps": {
    "fields_to_fields_data_clump-./Admin-_qXLKIFaLEDWLcIPyaOQy_w-_MQZdcFaDEDWLcIPyaOQy_w-userIDuserNamepassword": {
      "type": "data_clump",
      "key": "fields_to_fields_data_clump-./Admin-_qXLKIFaLEDWLcIPyaOQy_w-_MQZdcFaDEDWLcIPyaOQy_w-userIDuserNamepassword",
      "probability": 1,
      "from_file_path": "./Admin",
      "from_class_or_interface_name": "Admin",
      "from_class_or_interface_key": "_qXLKIFaLEDWLcIPyaOQy_w",
      "from_method_name": null,
      "from_method_key": null,
      "to_file_path": "./ExecutiveDirector",
      "to_class_or_interface_key": "_MQZdcFaDEDWLcIPyaOQy_w",
      "to_class_or_interface_name": "Admin",
      "to_method_key": null,
      "to_method_name": null,
      "data_clump_type": "fields_to_fields_data_clump",
      "data_clump_data": {
        "_Y5_2sFaNEDWLcIPyaOQy_w": {
          "key": "_Y5_2sFaNEDWLcIPyaOQy_w",
          "name": "userID",
          "type": null,
          "probability": 1,
          "modifiers": [
            "private"
          ],
          "to_variable": {
            "key": "_U8opQFaNEDWLcIPyaOQy_w",
            "name": "userID",
            "type": null,
            "modifiers": [
              "private"
            ],
            "position": {}
          },
          "position": {}
        },
        "_aBOkgFaNEDWLcIPyaOQy_w": {
          "key": "_aBOkgFaNEDWLcIPyaOQy_w",
          "name": "userName",
          "type": null,
          "probability": 1,
          "modifiers": [
            "private"
          ],
          "to_variable": {
            "key": "_WSdMsFaNEDWLcIPyaOQy_w",
            "name": "userName",
            "type": null,
            "modifiers": [
              "private"
            ],
            "position": {}
          },
          "position": {}
        },
        "_bH-xMFaNEDWLcIPyaOQy_w": {
          "key": "_bH-xMFaNEDWLcIPyaOQy_w",
          "name": "password",
          "type": null,
          "probability": 1,
          "modifiers": [
            "private"
          ],
          "to_variable": {
            "key": "_XX38oFaNEDWLcIPyaOQy_w",
            "name": "password",
            "type": null,
            "modifiers": [
              "private"
            ],
            "position": {}
          },
          "position": {}
        }
      }
    },
    "fields_to_fields_data_clump-./Admin-_qXLKIFaLEDWLcIPyaOQy_w-_x08gEFaHEDWLcIPyaOQy_w-userIDuserNamepassword": {
      "type": "data_clump",
      "key": "fields_to_fields_data_clump-./Admin-_qXLKIFaLEDWLcIPyaOQy_w-_x08gEFaHEDWLcIPyaOQy_w-userIDuserNamepassword",
      "probability": 1,
      "from_file_path": "./Admin",
      "from_class_or_interface_name": "Admin",
      "from_class_or_interface_key": "_qXLKIFaLEDWLcIPyaOQy_w",
      "from_method_name": null,
      "from_method_key": null,
      "to_file_path": "./Normaluser",
      "to_class_or_interface_key": "_x08gEFaHEDWLcIPyaOQy_w",
      "to_class_or_interface_name": "Admin",
      "to_method_key": null,
      "to_method_name": null,
      "data_clump_type": "fields_to_fields_data_clump",
      "data_clump_data": {
        "_Y5_2sFaNEDWLcIPyaOQy_w": {
          "key": "_Y5_2sFaNEDWLcIPyaOQy_w",
          "name": "userID",
          "type": null,
          "probability": 1,
          "modifiers": [
            "private"
          ],
          "to_variable": {
            "key": "_qYduIFaMEDWLcIPyaOQy_w",
            "name": "userID",
            "type": null,
            "modifiers": [
              "private"
            ],
            "position": {}
          },
          "position": {}
        },
        "_aBOkgFaNEDWLcIPyaOQy_w": {
          "key": "_aBOkgFaNEDWLcIPyaOQy_w",
          "name": "userName",
          "type": null,
          "probability": 1,
          "modifiers": [
            "private"
          ],
          "to_variable": {
            "key": "_sM6uUFaMEDWLcIPyaOQy_w",
            "name": "userName",
            "type": null,
            "modifiers": [
              "private"
            ],
            "position": {}
          },
          "position": {}
        },
        "_bH-xMFaNEDWLcIPyaOQy_w": {
          "key": "_bH-xMFaNEDWLcIPyaOQy_w",
          "name": "password",
          "type": null,
          "probability": 1,
          "modifiers": [
            "private"
          ],
          "to_variable": {
            "key": "_tbezMFaMEDWLcIPyaOQy_w",
            "name": "password",
            "type": null,
            "modifiers": [
              "private"
            ],
            "position": {}
          },
          "position": {}
        }
      }
    },
    "fields_to_fields_data_clump-./Admin-_qXLKIFaLEDWLcIPyaOQy_w-_8w5eAFaMEDWLcIPyaOQy_w-userIDuserNamepassword": {
      "type": "data_clump",
      "key": "fields_to_fields_data_clump-./Admin-_qXLKIFaLEDWLcIPyaOQy_w-_8w5eAFaMEDWLcIPyaOQy_w-userIDuserNamepassword",
      "probability": 1,
      "from_file_path": "./Admin",
      "from_class_or_interface_name": "Admin",
      "from_class_or_interface_key": "_qXLKIFaLEDWLcIPyaOQy_w",
      "from_method_name": null,
      "from_method_key": null,
      "to_file_path": "./Volunteer",
      "to_class_or_interface_key": "_8w5eAFaMEDWLcIPyaOQy_w",
      "to_class_or_interface_name": "Admin",
      "to_method_key": null,
      "to_method_name": null,
      "data_clump_type": "fields_to_fields_data_clump",
      "data_clump_data": {
        "_Y5_2sFaNEDWLcIPyaOQy_w": {
          "key": "_Y5_2sFaNEDWLcIPyaOQy_w",
          "name": "userID",
          "type": null,
          "probability": 1,
          "modifiers": [
            "private"
          ],
          "to_variable": {
            "key": "_8w6FEFaMEDWLcIPyaOQy_w",
            "name": "userID",
            "type": null,
            "modifiers": [
              "private"
            ],
            "position": {}
          },
          "position": {}
        },
        "_aBOkgFaNEDWLcIPyaOQy_w": {
          "key": "_aBOkgFaNEDWLcIPyaOQy_w",
          "name": "userName",
          "type": null,
          "probability": 1,
          "modifiers": [
            "private"
          ],
          "to_variable": {
            "key": "_8w6FEVaMEDWLcIPyaOQy_w",
            "name": "userName",
            "type": null,
            "modifiers": [
              "private"
            ],
            "position": {}
          },
          "position": {}
        },
        "_bH-xMFaNEDWLcIPyaOQy_w": {
          "key": "_bH-xMFaNEDWLcIPyaOQy_w",
          "name": "password",
          "type": null,
          "probability": 1,
          "modifiers": [
            "private"
          ],
          "to_variable": {
            "key": "_8w6FElaMEDWLcIPyaOQy_w",
            "name": "password",
            "type": null,
            "modifiers": [
              "private"
            ],
            "position": {}
          },
          "position": {}
        }
      }
    },
    "fields_to_fields_data_clump-./Admin-_qXLKIFaLEDWLcIPyaOQy_w-_7HitMYXmEDeTFPrsaYxIQg-userIDuserNamepassword": {
      "type": "data_clump",
      "key": "fields_to_fields_data_clump-./Admin-_qXLKIFaLEDWLcIPyaOQy_w-_7HitMYXmEDeTFPrsaYxIQg-userIDuserNamepassword",
      "probability": 1,
      "from_file_path": "./Admin",
      "from_class_or_interface_name": "Admin",
      "from_class_or_interface_key": "_qXLKIFaLEDWLcIPyaOQy_w",
      "from_method_name": null,
      "from_method_key": null,
      "to_file_path": "./VolunteerForms",
      "to_class_or_interface_key": "_7HitMYXmEDeTFPrsaYxIQg",
      "to_class_or_interface_name": "Admin",
      "to_method_key": null,
      "to_method_name": null,
      "data_clump_type": "fields_to_fields_data_clump",
      "data_clump_data": {
        "_Y5_2sFaNEDWLcIPyaOQy_w": {
          "key": "_Y5_2sFaNEDWLcIPyaOQy_w",
          "name": "userID",
          "type": null,
          "probability": 1,
          "modifiers": [
            "private"
          ],
          "to_variable": {
            "key": "_UzW_kIXxEDeTFPrsaYxIQg",
            "name": "userID",
            "type": null,
            "modifiers": [
              "private"
            ],
            "position": {}
          },
          "position": {}
        },
        "_aBOkgFaNEDWLcIPyaOQy_w": {
          "key": "_aBOkgFaNEDWLcIPyaOQy_w",
          "name": "userName",
          "type": null,
          "probability": 1,
          "modifiers": [
            "private"
          ],
          "to_variable": {
            "key": "_WnG1IIXxEDeTFPrsaYxIQg",
            "name": "userName",
            "type": null,
            "modifiers": [
              "private"
            ],
            "position": {}
          },
          "position": {}
        },
        "_bH-xMFaNEDWLcIPyaOQy_w": {
          "key": "_bH-xMFaNEDWLcIPyaOQy_w",
          "name": "password",
          "type": null,
          "probability": 1,
          "modifiers": [
            "private"
          ],
          "to_variable": {
            "key": "_XkXHkIXxEDeTFPrsaYxIQg",
            "name": "password",
            "type": null,
            "modifiers": [
              "private"
            ],
            "position": {}
          },
          "position": {}
        }
      }
    },
    "fields_to_fields_data_clump-./ExecutiveDirector-_MQZdcFaDEDWLcIPyaOQy_w-_qXLKIFaLEDWLcIPyaOQy_w-userIDuserNamepassword": {
      "type": "data_clump",
      "key": "fields_to_fields_data_clump-./ExecutiveDirector-_MQZdcFaDEDWLcIPyaOQy_w-_qXLKIFaLEDWLcIPyaOQy_w-userIDuserNamepassword",
      "probability": 1,
      "from_file_path": "./ExecutiveDirector",
      "from_class_or_interface_name": "ExecutiveDirector",
      "from_class_or_interface_key": "_MQZdcFaDEDWLcIPyaOQy_w",
      "from_method_name": null,
      "from_method_key": null,
      "to_file_path": "./Admin",
      "to_class_or_interface_key": "_qXLKIFaLEDWLcIPyaOQy_w",
      "to_class_or_interface_name": "ExecutiveDirector",
      "to_method_key": null,
      "to_method_name": null,
      "data_clump_type": "fields_to_fields_data_clump",
      "data_clump_data": {
        "_U8opQFaNEDWLcIPyaOQy_w": {
          "key": "_U8opQFaNEDWLcIPyaOQy_w",
          "name": "userID",
          "type": null,
          "probability": 1,
          "modifiers": [
            "private"
          ],
          "to_variable": {
            "key": "_Y5_2sFaNEDWLcIPyaOQy_w",
            "name": "userID",
            "type": null,
            "modifiers": [
              "private"
            ],
            "position": {}
          },
          "position": {}
        },
        "_WSdMsFaNEDWLcIPyaOQy_w": {
          "key": "_WSdMsFaNEDWLcIPyaOQy_w",
          "name": "userName",
          "type": null,
          "probability": 1,
          "modifiers": [
            "private"
          ],
          "to_variable": {
            "key": "_aBOkgFaNEDWLcIPyaOQy_w",
            "name": "userName",
            "type": null,
            "modifiers": [
              "private"
            ],
            "position": {}
          },
          "position": {}
        },
        "_XX38oFaNEDWLcIPyaOQy_w": {
          "key": "_XX38oFaNEDWLcIPyaOQy_w",
          "name": "password",
          "type": null,
          "probability": 1,
          "modifiers": [
            "private"
          ],
          "to_variable": {
            "key": "_bH-xMFaNEDWLcIPyaOQy_w",
            "name": "password",
            "type": null,
            "modifiers": [
              "private"
            ],
            "position": {}
          },
          "position": {}
        }
      }
    },
    "fields_to_fields_data_clump-./ExecutiveDirector-_MQZdcFaDEDWLcIPyaOQy_w-_x08gEFaHEDWLcIPyaOQy_w-userIDuserNamepassword": {
      "type": "data_clump",
      "key": "fields_to_fields_data_clump-./ExecutiveDirector-_MQZdcFaDEDWLcIPyaOQy_w-_x08gEFaHEDWLcIPyaOQy_w-userIDuserNamepassword",
      "probability": 1,
      "from_file_path": "./ExecutiveDirector",
      "from_class_or_interface_name": "ExecutiveDirector",
      "from_class_or_interface_key": "_MQZdcFaDEDWLcIPyaOQy_w",
      "from_method_name": null,
      "from_method_key": null,
      "to_file_path": "./Normaluser",
      "to_class_or_interface_key": "_x08gEFaHEDWLcIPyaOQy_w",
      "to_class_or_interface_name": "ExecutiveDirector",
      "to_method_key": null,
      "to_method_name": null,
      "data_clump_type": "fields_to_fields_data_clump",
      "data_clump_data": {
        "_U8opQFaNEDWLcIPyaOQy_w": {
          "key": "_U8opQFaNEDWLcIPyaOQy_w",
          "name": "userID",
          "type": null,
          "probability": 1,
          "modifiers": [
            "private"
          ],
          "to_variable": {
            "key": "_qYduIFaMEDWLcIPyaOQy_w",
            "name": "userID",
            "type": null,
            "modifiers": [
              "private"
            ],
            "position": {}
          },
          "position": {}
        },
        "_WSdMsFaNEDWLcIPyaOQy_w": {
          "key": "_WSdMsFaNEDWLcIPyaOQy_w",
          "name": "userName",
          "type": null,
          "probability": 1,
          "modifiers": [
            "private"
          ],
          "to_variable": {
            "key": "_sM6uUFaMEDWLcIPyaOQy_w",
            "name": "userName",
            "type": null,
            "modifiers": [
              "private"
            ],
            "position": {}
          },
          "position": {}
        },
        "_XX38oFaNEDWLcIPyaOQy_w": {
          "key": "_XX38oFaNEDWLcIPyaOQy_w",
          "name": "password",
          "type": null,
          "probability": 1,
          "modifiers": [
            "private"
          ],
          "to_variable": {
            "key": "_tbezMFaMEDWLcIPyaOQy_w",
            "name": "password",
            "type": null,
            "modifiers": [
              "private"
            ],
            "position": {}
          },
          "position": {}
        }
      }
    },
    "fields_to_fields_data_clump-./ExecutiveDirector-_MQZdcFaDEDWLcIPyaOQy_w-_8w5eAFaMEDWLcIPyaOQy_w-userIDuserNamepassword": {
      "type": "data_clump",
      "key": "fields_to_fields_data_clump-./ExecutiveDirector-_MQZdcFaDEDWLcIPyaOQy_w-_8w5eAFaMEDWLcIPyaOQy_w-userIDuserNamepassword",
      "probability": 1,
      "from_file_path": "./ExecutiveDirector",
      "from_class_or_interface_name": "ExecutiveDirector",
      "from_class_or_interface_key": "_MQZdcFaDEDWLcIPyaOQy_w",
      "from_method_name": null,
      "from_method_key": null,
      "to_file_path": "./Volunteer",
      "to_class_or_interface_key": "_8w5eAFaMEDWLcIPyaOQy_w",
      "to_class_or_interface_name": "ExecutiveDirector",
      "to_method_key": null,
      "to_method_name": null,
      "data_clump_type": "fields_to_fields_data_clump",
      "data_clump_data": {
        "_U8opQFaNEDWLcIPyaOQy_w": {
          "key": "_U8opQFaNEDWLcIPyaOQy_w",
          "name": "userID",
          "type": null,
          "probability": 1,
          "modifiers": [
            "private"
          ],
          "to_variable": {
            "key": "_8w6FEFaMEDWLcIPyaOQy_w",
            "name": "userID",
            "type": null,
            "modifiers": [
              "private"
            ],
            "position": {}
          },
          "position": {}
        },
        "_WSdMsFaNEDWLcIPyaOQy_w": {
          "key": "_WSdMsFaNEDWLcIPyaOQy_w",
          "name": "userName",
          "type": null,
          "probability": 1,
          "modifiers": [
            "private"
          ],
          "to_variable": {
            "key": "_8w6FEVaMEDWLcIPyaOQy_w",
            "name": "userName",
            "type": null,
            "modifiers": [
              "private"
            ],
            "position": {}
          },
          "position": {}
        },
        "_XX38oFaNEDWLcIPyaOQy_w": {
          "key": "_XX38oFaNEDWLcIPyaOQy_w",
          "name": "password",
          "type": null,
          "probability": 1,
          "modifiers": [
            "private"
          ],
          "to_variable": {
            "key": "_8w6FElaMEDWLcIPyaOQy_w",
            "name": "password",
            "type": null,
            "modifiers": [
              "private"
            ],
            "position": {}
          },
          "position": {}
        }
      }
    },
    "fields_to_fields_data_clump-./ExecutiveDirector-_MQZdcFaDEDWLcIPyaOQy_w-_7HitMYXmEDeTFPrsaYxIQg-userIDuserNamepassword": {
      "type": "data_clump",
      "key": "fields_to_fields_data_clump-./ExecutiveDirector-_MQZdcFaDEDWLcIPyaOQy_w-_7HitMYXmEDeTFPrsaYxIQg-userIDuserNamepassword",
      "probability": 1,
      "from_file_path": "./ExecutiveDirector",
      "from_class_or_interface_name": "ExecutiveDirector",
      "from_class_or_interface_key": "_MQZdcFaDEDWLcIPyaOQy_w",
      "from_method_name": null,
      "from_method_key": null,
      "to_file_path": "./VolunteerForms",
      "to_class_or_interface_key": "_7HitMYXmEDeTFPrsaYxIQg",
      "to_class_or_interface_name": "ExecutiveDirector",
      "to_method_key": null,
      "to_method_name": null,
      "data_clump_type": "fields_to_fields_data_clump",
      "data_clump_data": {
        "_U8opQFaNEDWLcIPyaOQy_w": {
          "key": "_U8opQFaNEDWLcIPyaOQy_w",
          "name": "userID",
          "type": null,
          "probability": 1,
          "modifiers": [
            "private"
          ],
          "to_variable": {
            "key": "_UzW_kIXxEDeTFPrsaYxIQg",
            "name": "userID",
            "type": null,
            "modifiers": [
              "private"
            ],
            "position": {}
          },
          "position": {}
        },
        "_WSdMsFaNEDWLcIPyaOQy_w": {
          "key": "_WSdMsFaNEDWLcIPyaOQy_w",
          "name": "userName",
          "type": null,
          "probability": 1,
          "modifiers": [
            "private"
          ],
          "to_variable": {
            "key": "_WnG1IIXxEDeTFPrsaYxIQg",
            "name": "userName",
            "type": null,
            "modifiers": [
              "private"
            ],
            "position": {}
          },
          "position": {}
        },
        "_XX38oFaNEDWLcIPyaOQy_w": {
          "key": "_XX38oFaNEDWLcIPyaOQy_w",
          "name": "password",
          "type": null,
          "probability": 1,
          "modifiers": [
            "private"
          ],
          "to_variable": {
            "key": "_XkXHkIXxEDeTFPrsaYxIQg",
            "name": "password",
            "type": null,
            "modifiers": [
              "private"
            ],
            "position": {}
          },
          "position": {}
        }
      }
    },
    "fields_to_fields_data_clump-./Normaluser-_x08gEFaHEDWLcIPyaOQy_w-_qXLKIFaLEDWLcIPyaOQy_w-userIDuserNamepassword": {
      "type": "data_clump",
      "key": "fields_to_fields_data_clump-./Normaluser-_x08gEFaHEDWLcIPyaOQy_w-_qXLKIFaLEDWLcIPyaOQy_w-userIDuserNamepassword",
      "probability": 1,
      "from_file_path": "./Normaluser",
      "from_class_or_interface_name": "Normaluser",
      "from_class_or_interface_key": "_x08gEFaHEDWLcIPyaOQy_w",
      "from_method_name": null,
      "from_method_key": null,
      "to_file_path": "./Admin",
      "to_class_or_interface_key": "_qXLKIFaLEDWLcIPyaOQy_w",
      "to_class_or_interface_name": "Normaluser",
      "to_method_key": null,
      "to_method_name": null,
      "data_clump_type": "fields_to_fields_data_clump",
      "data_clump_data": {
        "_qYduIFaMEDWLcIPyaOQy_w": {
          "key": "_qYduIFaMEDWLcIPyaOQy_w",
          "name": "userID",
          "type": null,
          "probability": 1,
          "modifiers": [
            "private"
          ],
          "to_variable": {
            "key": "_Y5_2sFaNEDWLcIPyaOQy_w",
            "name": "userID",
            "type": null,
            "modifiers": [
              "private"
            ],
            "position": {}
          },
          "position": {}
        },
        "_sM6uUFaMEDWLcIPyaOQy_w": {
          "key": "_sM6uUFaMEDWLcIPyaOQy_w",
          "name": "userName",
          "type": null,
          "probability": 1,
          "modifiers": [
            "private"
          ],
          "to_variable": {
            "key": "_aBOkgFaNEDWLcIPyaOQy_w",
            "name": "userName",
            "type": null,
            "modifiers": [
              "private"
            ],
            "position": {}
          },
          "position": {}
        },
        "_tbezMFaMEDWLcIPyaOQy_w": {
          "key": "_tbezMFaMEDWLcIPyaOQy_w",
          "name": "password",
          "type": null,
          "probability": 1,
          "modifiers": [
            "private"
          ],
          "to_variable": {
            "key": "_bH-xMFaNEDWLcIPyaOQy_w",
            "name": "password",
            "type": null,
            "modifiers": [
              "private"
            ],
            "position": {}
          },
          "position": {}
        }
      }
    },
    "fields_to_fields_data_clump-./Normaluser-_x08gEFaHEDWLcIPyaOQy_w-_MQZdcFaDEDWLcIPyaOQy_w-userIDuserNamepassword": {
      "type": "data_clump",
      "key": "fields_to_fields_data_clump-./Normaluser-_x08gEFaHEDWLcIPyaOQy_w-_MQZdcFaDEDWLcIPyaOQy_w-userIDuserNamepassword",
      "probability": 1,
      "from_file_path": "./Normaluser",
      "from_class_or_interface_name": "Normaluser",
      "from_class_or_interface_key": "_x08gEFaHEDWLcIPyaOQy_w",
      "from_method_name": null,
      "from_method_key": null,
      "to_file_path": "./ExecutiveDirector",
      "to_class_or_interface_key": "_MQZdcFaDEDWLcIPyaOQy_w",
      "to_class_or_interface_name": "Normaluser",
      "to_method_key": null,
      "to_method_name": null,
      "data_clump_type": "fields_to_fields_data_clump",
      "data_clump_data": {
        "_qYduIFaMEDWLcIPyaOQy_w": {
          "key": "_qYduIFaMEDWLcIPyaOQy_w",
          "name": "userID",
          "type": null,
          "probability": 1,
          "modifiers": [
            "private"
          ],
          "to_variable": {
            "key": "_U8opQFaNEDWLcIPyaOQy_w",
            "name": "userID",
            "type": null,
            "modifiers": [
              "private"
            ],
            "position": {}
          },
          "position": {}
        },
        "_sM6uUFaMEDWLcIPyaOQy_w": {
          "key": "_sM6uUFaMEDWLcIPyaOQy_w",
          "name": "userName",
          "type": null,
          "probability": 1,
          "modifiers": [
            "private"
          ],
          "to_variable": {
            "key": "_WSdMsFaNEDWLcIPyaOQy_w",
            "name": "userName",
            "type": null,
            "modifiers": [
              "private"
            ],
            "position": {}
          },
          "position": {}
        },
        "_tbezMFaMEDWLcIPyaOQy_w": {
          "key": "_tbezMFaMEDWLcIPyaOQy_w",
          "name": "password",
          "type": null,
          "probability": 1,
          "modifiers": [
            "private"
          ],
          "to_variable": {
            "key": "_XX38oFaNEDWLcIPyaOQy_w",
            "name": "password",
            "type": null,
            "modifiers": [
              "private"
            ],
            "position": {}
          },
          "position": {}
        }
      }
    },
    "fields_to_fields_data_clump-./Normaluser-_x08gEFaHEDWLcIPyaOQy_w-_8w5eAFaMEDWLcIPyaOQy_w-userIDuserNamepassword": {
      "type": "data_clump",
      "key": "fields_to_fields_data_clump-./Normaluser-_x08gEFaHEDWLcIPyaOQy_w-_8w5eAFaMEDWLcIPyaOQy_w-userIDuserNamepassword",
      "probability": 1,
      "from_file_path": "./Normaluser",
      "from_class_or_interface_name": "Normaluser",
      "from_class_or_interface_key": "_x08gEFaHEDWLcIPyaOQy_w",
      "from_method_name": null,
      "from_method_key": null,
      "to_file_path": "./Volunteer",
      "to_class_or_interface_key": "_8w5eAFaMEDWLcIPyaOQy_w",
      "to_class_or_interface_name": "Normaluser",
      "to_method_key": null,
      "to_method_name": null,
      "data_clump_type": "fields_to_fields_data_clump",
      "data_clump_data": {
        "_qYduIFaMEDWLcIPyaOQy_w": {
          "key": "_qYduIFaMEDWLcIPyaOQy_w",
          "name": "userID",
          "type": null,
          "probability": 1,
          "modifiers": [
            "private"
          ],
          "to_variable": {
            "key": "_8w6FEFaMEDWLcIPyaOQy_w",
            "name": "userID",
            "type": null,
            "modifiers": [
              "private"
            ],
            "position": {}
          },
          "position": {}
        },
        "_sM6uUFaMEDWLcIPyaOQy_w": {
          "key": "_sM6uUFaMEDWLcIPyaOQy_w",
          "name": "userName",
          "type": null,
          "probability": 1,
          "modifiers": [
            "private"
          ],
          "to_variable": {
            "key": "_8w6FEVaMEDWLcIPyaOQy_w",
            "name": "userName",
            "type": null,
            "modifiers": [
              "private"
            ],
            "position": {}
          },
          "position": {}
        },
        "_tbezMFaMEDWLcIPyaOQy_w": {
          "key": "_tbezMFaMEDWLcIPyaOQy_w",
          "name": "password",
          "type": null,
          "probability": 1,
          "modifiers": [
            "private"
          ],
          "to_variable": {
            "key": "_8w6FElaMEDWLcIPyaOQy_w",
            "name": "password",
            "type": null,
            "modifiers": [
              "private"
            ],
            "position": {}
          },
          "position": {}
        }
      }
    },
    "fields_to_fields_data_clump-./Normaluser-_x08gEFaHEDWLcIPyaOQy_w-_7HitMYXmEDeTFPrsaYxIQg-userIDuserNamepassword": {
      "type": "data_clump",
      "key": "fields_to_fields_data_clump-./Normaluser-_x08gEFaHEDWLcIPyaOQy_w-_7HitMYXmEDeTFPrsaYxIQg-userIDuserNamepassword",
      "probability": 1,
      "from_file_path": "./Normaluser",
      "from_class_or_interface_name": "Normaluser",
      "from_class_or_interface_key": "_x08gEFaHEDWLcIPyaOQy_w",
      "from_method_name": null,
      "from_method_key": null,
      "to_file_path": "./VolunteerForms",
      "to_class_or_interface_key": "_7HitMYXmEDeTFPrsaYxIQg",
      "to_class_or_interface_name": "Normaluser",
      "to_method_key": null,
      "to_method_name": null,
      "data_clump_type": "fields_to_fields_data_clump",
      "data_clump_data": {
        "_qYduIFaMEDWLcIPyaOQy_w": {
          "key": "_qYduIFaMEDWLcIPyaOQy_w",
          "name": "userID",
          "type": null,
          "probability": 1,
          "modifiers": [
            "private"
          ],
          "to_variable": {
            "key": "_UzW_kIXxEDeTFPrsaYxIQg",
            "name": "userID",
            "type": null,
            "modifiers": [
              "private"
            ],
            "position": {}
          },
          "position": {}
        },
        "_sM6uUFaMEDWLcIPyaOQy_w": {
          "key": "_sM6uUFaMEDWLcIPyaOQy_w",
          "name": "userName",
          "type": null,
          "probability": 1,
          "modifiers": [
            "private"
          ],
          "to_variable": {
            "key": "_WnG1IIXxEDeTFPrsaYxIQg",
            "name": "userName",
            "type": null,
            "modifiers": [
              "private"
            ],
            "position": {}
          },
          "position": {}
        },
        "_tbezMFaMEDWLcIPyaOQy_w": {
          "key": "_tbezMFaMEDWLcIPyaOQy_w",
          "name": "password",
          "type": null,
          "probability": 1,
          "modifiers": [
            "private"
          ],
          "to_variable": {
            "key": "_XkXHkIXxEDeTFPrsaYxIQg",
            "name": "password",
            "type": null,
            "modifiers": [
              "private"
            ],
            "position": {}
          },
          "position": {}
        }
      }
    },
    "fields_to_fields_data_clump-./Volunteer-_8w5eAFaMEDWLcIPyaOQy_w-_qXLKIFaLEDWLcIPyaOQy_w-userIDuserNamepassword": {
      "type": "data_clump",
      "key": "fields_to_fields_data_clump-./Volunteer-_8w5eAFaMEDWLcIPyaOQy_w-_qXLKIFaLEDWLcIPyaOQy_w-userIDuserNamepassword",
      "probability": 1,
      "from_file_path": "./Volunteer",
      "from_class_or_interface_name": "Volunteer",
      "from_class_or_interface_key": "_8w5eAFaMEDWLcIPyaOQy_w",
      "from_method_name": null,
      "from_method_key": null,
      "to_file_path": "./Admin",
      "to_class_or_interface_key": "_qXLKIFaLEDWLcIPyaOQy_w",
      "to_class_or_interface_name": "Volunteer",
      "to_method_key": null,
      "to_method_name": null,
      "data_clump_type": "fields_to_fields_data_clump",
      "data_clump_data": {
        "_8w6FEFaMEDWLcIPyaOQy_w": {
          "key": "_8w6FEFaMEDWLcIPyaOQy_w",
          "name": "userID",
          "type": null,
          "probability": 1,
          "modifiers": [
            "private"
          ],
          "to_variable": {
            "key": "_Y5_2sFaNEDWLcIPyaOQy_w",
            "name": "userID",
            "type": null,
            "modifiers": [
              "private"
            ],
            "position": {}
          },
          "position": {}
        },
        "_8w6FEVaMEDWLcIPyaOQy_w": {
          "key": "_8w6FEVaMEDWLcIPyaOQy_w",
          "name": "userName",
          "type": null,
          "probability": 1,
          "modifiers": [
            "private"
          ],
          "to_variable": {
            "key": "_aBOkgFaNEDWLcIPyaOQy_w",
            "name": "userName",
            "type": null,
            "modifiers": [
              "private"
            ],
            "position": {}
          },
          "position": {}
        },
        "_8w6FElaMEDWLcIPyaOQy_w": {
          "key": "_8w6FElaMEDWLcIPyaOQy_w",
          "name": "password",
          "type": null,
          "probability": 1,
          "modifiers": [
            "private"
          ],
          "to_variable": {
            "key": "_bH-xMFaNEDWLcIPyaOQy_w",
            "name": "password",
            "type": null,
            "modifiers": [
              "private"
            ],
            "position": {}
          },
          "position": {}
        }
      }
    },
    "fields_to_fields_data_clump-./Volunteer-_8w5eAFaMEDWLcIPyaOQy_w-_MQZdcFaDEDWLcIPyaOQy_w-userIDuserNamepassword": {
      "type": "data_clump",
      "key": "fields_to_fields_data_clump-./Volunteer-_8w5eAFaMEDWLcIPyaOQy_w-_MQZdcFaDEDWLcIPyaOQy_w-userIDuserNamepassword",
      "probability": 1,
      "from_file_path": "./Volunteer",
      "from_class_or_interface_name": "Volunteer",
      "from_class_or_interface_key": "_8w5eAFaMEDWLcIPyaOQy_w",
      "from_method_name": null,
      "from_method_key": null,
      "to_file_path": "./ExecutiveDirector",
      "to_class_or_interface_key": "_MQZdcFaDEDWLcIPyaOQy_w",
      "to_class_or_interface_name": "Volunteer",
      "to_method_key": null,
      "to_method_name": null,
      "data_clump_type": "fields_to_fields_data_clump",
      "data_clump_data": {
        "_8w6FEFaMEDWLcIPyaOQy_w": {
          "key": "_8w6FEFaMEDWLcIPyaOQy_w",
          "name": "userID",
          "type": null,
          "probability": 1,
          "modifiers": [
            "private"
          ],
          "to_variable": {
            "key": "_U8opQFaNEDWLcIPyaOQy_w",
            "name": "userID",
            "type": null,
            "modifiers": [
              "private"
            ],
            "position": {}
          },
          "position": {}
        },
        "_8w6FEVaMEDWLcIPyaOQy_w": {
          "key": "_8w6FEVaMEDWLcIPyaOQy_w",
          "name": "userName",
          "type": null,
          "probability": 1,
          "modifiers": [
            "private"
          ],
          "to_variable": {
            "key": "_WSdMsFaNEDWLcIPyaOQy_w",
            "name": "userName",
            "type": null,
            "modifiers": [
              "private"
            ],
            "position": {}
          },
          "position": {}
        },
        "_8w6FElaMEDWLcIPyaOQy_w": {
          "key": "_8w6FElaMEDWLcIPyaOQy_w",
          "name": "password",
          "type": null,
          "probability": 1,
          "modifiers": [
            "private"
          ],
          "to_variable": {
            "key": "_XX38oFaNEDWLcIPyaOQy_w",
            "name": "password",
            "type": null,
            "modifiers": [
              "private"
            ],
            "position": {}
          },
          "position": {}
        }
      }
    },
    "fields_to_fields_data_clump-./Volunteer-_8w5eAFaMEDWLcIPyaOQy_w-_x08gEFaHEDWLcIPyaOQy_w-userIDuserNamepassword": {
      "type": "data_clump",
      "key": "fields_to_fields_data_clump-./Volunteer-_8w5eAFaMEDWLcIPyaOQy_w-_x08gEFaHEDWLcIPyaOQy_w-userIDuserNamepassword",
      "probability": 1,
      "from_file_path": "./Volunteer",
      "from_class_or_interface_name": "Volunteer",
      "from_class_or_interface_key": "_8w5eAFaMEDWLcIPyaOQy_w",
      "from_method_name": null,
      "from_method_key": null,
      "to_file_path": "./Normaluser",
      "to_class_or_interface_key": "_x08gEFaHEDWLcIPyaOQy_w",
      "to_class_or_interface_name": "Volunteer",
      "to_method_key": null,
      "to_method_name": null,
      "data_clump_type": "fields_to_fields_data_clump",
      "data_clump_data": {
        "_8w6FEFaMEDWLcIPyaOQy_w": {
          "key": "_8w6FEFaMEDWLcIPyaOQy_w",
          "name": "userID",
          "type": null,
          "probability": 1,
          "modifiers": [
            "private"
          ],
          "to_variable": {
            "key": "_qYduIFaMEDWLcIPyaOQy_w",
            "name": "userID",
            "type": null,
            "modifiers": [
              "private"
            ],
            "position": {}
          },
          "position": {}
        },
        "_8w6FEVaMEDWLcIPyaOQy_w": {
          "key": "_8w6FEVaMEDWLcIPyaOQy_w",
          "name": "userName",
          "type": null,
          "probability": 1,
          "modifiers": [
            "private"
          ],
          "to_variable": {
            "key": "_sM6uUFaMEDWLcIPyaOQy_w",
            "name": "userName",
            "type": null,
            "modifiers": [
              "private"
            ],
            "position": {}
          },
          "position": {}
        },
        "_8w6FElaMEDWLcIPyaOQy_w": {
          "key": "_8w6FElaMEDWLcIPyaOQy_w",
          "name": "password",
          "type": null,
          "probability": 1,
          "modifiers": [
            "private"
          ],
          "to_variable": {
            "key": "_tbezMFaMEDWLcIPyaOQy_w",
            "name": "password",
            "type": null,
            "modifiers": [
              "private"
            ],
            "position": {}
          },
          "position": {}
        }
      }
    },
    "fields_to_fields_data_clump-./Volunteer-_8w5eAFaMEDWLcIPyaOQy_w-_7HitMYXmEDeTFPrsaYxIQg-userIDuserNamepassword": {
      "type": "data_clump",
      "key": "fields_to_fields_data_clump-./Volunteer-_8w5eAFaMEDWLcIPyaOQy_w-_7HitMYXmEDeTFPrsaYxIQg-userIDuserNamepassword",
      "probability": 1,
      "from_file_path": "./Volunteer",
      "from_class_or_interface_name": "Volunteer",
      "from_class_or_interface_key": "_8w5eAFaMEDWLcIPyaOQy_w",
      "from_method_name": null,
      "from_method_key": null,
      "to_file_path": "./VolunteerForms",
      "to_class_or_interface_key": "_7HitMYXmEDeTFPrsaYxIQg",
      "to_class_or_interface_name": "Volunteer",
      "to_method_key": null,
      "to_method_name": null,
      "data_clump_type": "fields_to_fields_data_clump",
      "data_clump_data": {
        "_8w6FEFaMEDWLcIPyaOQy_w": {
          "key": "_8w6FEFaMEDWLcIPyaOQy_w",
          "name": "userID",
          "type": null,
          "probability": 1,
          "modifiers": [
            "private"
          ],
          "to_variable": {
            "key": "_UzW_kIXxEDeTFPrsaYxIQg",
            "name": "userID",
            "type": null,
            "modifiers": [
              "private"
            ],
            "position": {}
          },
          "position": {}
        },
        "_8w6FEVaMEDWLcIPyaOQy_w": {
          "key": "_8w6FEVaMEDWLcIPyaOQy_w",
          "name": "userName",
          "type": null,
          "probability": 1,
          "modifiers": [
            "private"
          ],
          "to_variable": {
            "key": "_WnG1IIXxEDeTFPrsaYxIQg",
            "name": "userName",
            "type": null,
            "modifiers": [
              "private"
            ],
            "position": {}
          },
          "position": {}
        },
        "_8w6FElaMEDWLcIPyaOQy_w": {
          "key": "_8w6FElaMEDWLcIPyaOQy_w",
          "name": "password",
          "type": null,
          "probability": 1,
          "modifiers": [
            "private"
          ],
          "to_variable": {
            "key": "_XkXHkIXxEDeTFPrsaYxIQg",
            "name": "password",
            "type": null,
            "modifiers": [
              "private"
            ],
            "position": {}
          },
          "position": {}
        }
      }
    },
    "fields_to_fields_data_clump-./VolunteerForms-_7HitMYXmEDeTFPrsaYxIQg-_qXLKIFaLEDWLcIPyaOQy_w-userIDuserNamepassword": {
      "type": "data_clump",
      "key": "fields_to_fields_data_clump-./VolunteerForms-_7HitMYXmEDeTFPrsaYxIQg-_qXLKIFaLEDWLcIPyaOQy_w-userIDuserNamepassword",
      "probability": 1,
      "from_file_path": "./VolunteerForms",
      "from_class_or_interface_name": "VolunteerForms",
      "from_class_or_interface_key": "_7HitMYXmEDeTFPrsaYxIQg",
      "from_method_name": null,
      "from_method_key": null,
      "to_file_path": "./Admin",
      "to_class_or_interface_key": "_qXLKIFaLEDWLcIPyaOQy_w",
      "to_class_or_interface_name": "VolunteerForms",
      "to_method_key": null,
      "to_method_name": null,
      "data_clump_type": "fields_to_fields_data_clump",
      "data_clump_data": {
        "_UzW_kIXxEDeTFPrsaYxIQg": {
          "key": "_UzW_kIXxEDeTFPrsaYxIQg",
          "name": "userID",
          "type": null,
          "probability": 1,
          "modifiers": [
            "private"
          ],
          "to_variable": {
            "key": "_Y5_2sFaNEDWLcIPyaOQy_w",
            "name": "userID",
            "type": null,
            "modifiers": [
              "private"
            ],
            "position": {}
          },
          "position": {}
        },
        "_WnG1IIXxEDeTFPrsaYxIQg": {
          "key": "_WnG1IIXxEDeTFPrsaYxIQg",
          "name": "userName",
          "type": null,
          "probability": 1,
          "modifiers": [
            "private"
          ],
          "to_variable": {
            "key": "_aBOkgFaNEDWLcIPyaOQy_w",
            "name": "userName",
            "type": null,
            "modifiers": [
              "private"
            ],
            "position": {}
          },
          "position": {}
        },
        "_XkXHkIXxEDeTFPrsaYxIQg": {
          "key": "_XkXHkIXxEDeTFPrsaYxIQg",
          "name": "password",
          "type": null,
          "probability": 1,
          "modifiers": [
            "private"
          ],
          "to_variable": {
            "key": "_bH-xMFaNEDWLcIPyaOQy_w",
            "name": "password",
            "type": null,
            "modifiers": [
              "private"
            ],
            "position": {}
          },
          "position": {}
        }
      }
    },
    "fields_to_fields_data_clump-./VolunteerForms-_7HitMYXmEDeTFPrsaYxIQg-_MQZdcFaDEDWLcIPyaOQy_w-userIDuserNamepassword": {
      "type": "data_clump",
      "key": "fields_to_fields_data_clump-./VolunteerForms-_7HitMYXmEDeTFPrsaYxIQg-_MQZdcFaDEDWLcIPyaOQy_w-userIDuserNamepassword",
      "probability": 1,
      "from_file_path": "./VolunteerForms",
      "from_class_or_interface_name": "VolunteerForms",
      "from_class_or_interface_key": "_7HitMYXmEDeTFPrsaYxIQg",
      "from_method_name": null,
      "from_method_key": null,
      "to_file_path": "./ExecutiveDirector",
      "to_class_or_interface_key": "_MQZdcFaDEDWLcIPyaOQy_w",
      "to_class_or_interface_name": "VolunteerForms",
      "to_method_key": null,
      "to_method_name": null,
      "data_clump_type": "fields_to_fields_data_clump",
      "data_clump_data": {
        "_UzW_kIXxEDeTFPrsaYxIQg": {
          "key": "_UzW_kIXxEDeTFPrsaYxIQg",
          "name": "userID",
          "type": null,
          "probability": 1,
          "modifiers": [
            "private"
          ],
          "to_variable": {
            "key": "_U8opQFaNEDWLcIPyaOQy_w",
            "name": "userID",
            "type": null,
            "modifiers": [
              "private"
            ],
            "position": {}
          },
          "position": {}
        },
        "_WnG1IIXxEDeTFPrsaYxIQg": {
          "key": "_WnG1IIXxEDeTFPrsaYxIQg",
          "name": "userName",
          "type": null,
          "probability": 1,
          "modifiers": [
            "private"
          ],
          "to_variable": {
            "key": "_WSdMsFaNEDWLcIPyaOQy_w",
            "name": "userName",
            "type": null,
            "modifiers": [
              "private"
            ],
            "position": {}
          },
          "position": {}
        },
        "_XkXHkIXxEDeTFPrsaYxIQg": {
          "key": "_XkXHkIXxEDeTFPrsaYxIQg",
          "name": "password",
          "type": null,
          "probability": 1,
          "modifiers": [
            "private"
          ],
          "to_variable": {
            "key": "_XX38oFaNEDWLcIPyaOQy_w",
            "name": "password",
            "type": null,
            "modifiers": [
              "private"
            ],
            "position": {}
          },
          "position": {}
        }
      }
    },
    "fields_to_fields_data_clump-./VolunteerForms-_7HitMYXmEDeTFPrsaYxIQg-_x08gEFaHEDWLcIPyaOQy_w-userIDuserNamepassword": {
      "type": "data_clump",
      "key": "fields_to_fields_data_clump-./VolunteerForms-_7HitMYXmEDeTFPrsaYxIQg-_x08gEFaHEDWLcIPyaOQy_w-userIDuserNamepassword",
      "probability": 1,
      "from_file_path": "./VolunteerForms",
      "from_class_or_interface_name": "VolunteerForms",
      "from_class_or_interface_key": "_7HitMYXmEDeTFPrsaYxIQg",
      "from_method_name": null,
      "from_method_key": null,
      "to_file_path": "./Normaluser",
      "to_class_or_interface_key": "_x08gEFaHEDWLcIPyaOQy_w",
      "to_class_or_interface_name": "VolunteerForms",
      "to_method_key": null,
      "to_method_name": null,
      "data_clump_type": "fields_to_fields_data_clump",
      "data_clump_data": {
        "_UzW_kIXxEDeTFPrsaYxIQg": {
          "key": "_UzW_kIXxEDeTFPrsaYxIQg",
          "name": "userID",
          "type": null,
          "probability": 1,
          "modifiers": [
            "private"
          ],
          "to_variable": {
            "key": "_qYduIFaMEDWLcIPyaOQy_w",
            "name": "userID",
            "type": null,
            "modifiers": [
              "private"
            ],
            "position": {}
          },
          "position": {}
        },
        "_WnG1IIXxEDeTFPrsaYxIQg": {
          "key": "_WnG1IIXxEDeTFPrsaYxIQg",
          "name": "userName",
          "type": null,
          "probability": 1,
          "modifiers": [
            "private"
          ],
          "to_variable": {
            "key": "_sM6uUFaMEDWLcIPyaOQy_w",
            "name": "userName",
            "type": null,
            "modifiers": [
              "private"
            ],
            "position": {}
          },
          "position": {}
        },
        "_XkXHkIXxEDeTFPrsaYxIQg": {
          "key": "_XkXHkIXxEDeTFPrsaYxIQg",
          "name": "password",
          "type": null,
          "probability": 1,
          "modifiers": [
            "private"
          ],
          "to_variable": {
            "key": "_tbezMFaMEDWLcIPyaOQy_w",
            "name": "password",
            "type": null,
            "modifiers": [
              "private"
            ],
            "position": {}
          },
          "position": {}
        }
      }
    },
    "fields_to_fields_data_clump-./VolunteerForms-_7HitMYXmEDeTFPrsaYxIQg-_8w5eAFaMEDWLcIPyaOQy_w-userIDuserNamepassword": {
      "type": "data_clump",
      "key": "fields_to_fields_data_clump-./VolunteerForms-_7HitMYXmEDeTFPrsaYxIQg-_8w5eAFaMEDWLcIPyaOQy_w-userIDuserNamepassword",
      "probability": 1,
      "from_file_path": "./VolunteerForms",
      "from_class_or_interface_name": "VolunteerForms",
      "from_class_or_interface_key": "_7HitMYXmEDeTFPrsaYxIQg",
      "from_method_name": null,
      "from_method_key": null,
      "to_file_path": "./Volunteer",
      "to_class_or_interface_key": "_8w5eAFaMEDWLcIPyaOQy_w",
      "to_class_or_interface_name": "VolunteerForms",
      "to_method_key": null,
      "to_method_name": null,
      "data_clump_type": "fields_to_fields_data_clump",
      "data_clump_data": {
        "_UzW_kIXxEDeTFPrsaYxIQg": {
          "key": "_UzW_kIXxEDeTFPrsaYxIQg",
          "name": "userID",
          "type": null,
          "probability": 1,
          "modifiers": [
            "private"
          ],
          "to_variable": {
            "key": "_8w6FEFaMEDWLcIPyaOQy_w",
            "name": "userID",
            "type": null,
            "modifiers": [
              "private"
            ],
            "position": {}
          },
          "position": {}
        },
        "_WnG1IIXxEDeTFPrsaYxIQg": {
          "key": "_WnG1IIXxEDeTFPrsaYxIQg",
          "name": "userName",
          "type": null,
          "probability": 1,
          "modifiers": [
            "private"
          ],
          "to_variable": {
            "key": "_8w6FEVaMEDWLcIPyaOQy_w",
            "name": "userName",
            "type": null,
            "modifiers": [
              "private"
            ],
            "position": {}
          },
          "position": {}
        },
        "_XkXHkIXxEDeTFPrsaYxIQg": {
          "key": "_XkXHkIXxEDeTFPrsaYxIQg",
          "name": "password",
          "type": null,
          "probability": 1,
          "modifiers": [
            "private"
          ],
          "to_variable": {
            "key": "_8w6FElaMEDWLcIPyaOQy_w",
            "name": "password",
            "type": null,
            "modifiers": [
              "private"
            ],
            "position": {}
          },
          "position": {}
        }
      }
    }
  }
}