{
  "report_version": "unknown",
  "report_timestamp": "2025-03-26T21:43:20.057Z",
  "target_language": "java",
  "report_summary": {
    "additional": null,
    "amount_classes_or_interfaces_with_data_clumps": 2,
    "amount_files_with_data_clumps": 2,
    "amount_methods_with_data_clumps": 0,
    "fields_to_fields_data_clump": 2,
    "parameters_to_fields_data_clump": 0,
    "parameters_to_parameters_data_clump": 0,
    "amount_data_clumps": 2
  },
  "project_info": {
    "project_url": "unknown_project_url",
    "project_name": "_eH87kBt0Eeejtu_xKNOcrQ",
    "project_version": "unknown_project_version",
    "project_commit_hash": "unknown",
    "project_tag": null,
    "project_commit_date": null,
    "additional": {},
    "number_of_files": 8,
    "number_of_classes_or_interfaces": 8,
    "number_of_methods": 13,
    "number_of_data_fields": 14,
    "number_of_method_parameters": 9
  },
  "detector": {
    "name": "data-clumps-doctor",
    "url": "https://github.com/NilsBaumgartner1994/data-clumps-doctor",
    "version": "0.1.100",
    "options": {
      "typeVariablesConsidered": false,
      "similarityModifierOfVariablesWithUnknownType": 0,
      "fieldsOfClassesWithUnknownHierarchyProbabilityModifier": 0,
      "sharedFieldsToFieldsAmountMinimum": 3,
      "analyseFieldsInClassesOrInterfacesInheritedFromSuperClassesOrInterfaces": false,
      "sharedParametersToParametersAmountMinimum": 3,
      "sharedParametersToFieldsAmountMinimum": 3,
      "methodsOfClassesOrInterfacesWithUnknownHierarchyProbabilityModifier": 0
    }
  },
  "data_clumps": {
    "fields_to_fields_data_clump-./BGRImage-_ZOCEUP2pEDSMHqQ10obr5g-_Uz7icP2nEDSMHqQ10obr5g-data_width_height": {
      "type": "data_clump",
      "key": "fields_to_fields_data_clump-./BGRImage-_ZOCEUP2pEDSMHqQ10obr5g-_Uz7icP2nEDSMHqQ10obr5g-data_width_height",
      "probability": 1,
      "from_file_path": "./BGRImage",
      "from_class_or_interface_name": "BGRImage",
      "from_class_or_interface_key": "_ZOCEUP2pEDSMHqQ10obr5g",
      "from_method_name": null,
      "from_method_key": null,
      "to_file_path": "./GreyImage",
      "to_class_or_interface_key": "_Uz7icP2nEDSMHqQ10obr5g",
      "to_class_or_interface_name": "BGRImage",
      "to_method_key": null,
      "to_method_name": null,
      "data_clump_type": "fields_to_fields_data_clump",
      "data_clump_data": {
        "_dcCV0P2pEDSMHqQ10obr5g": {
          "key": "_dcCV0P2pEDSMHqQ10obr5g",
          "name": "data",
          "type": null,
          "probability": 1,
          "modifiers": [
            "private"
          ],
          "to_variable": {
            "key": "_YKf1oP2nEDSMHqQ10obr5g",
            "name": "data",
            "type": null,
            "modifiers": [
              "private"
            ],
            "position": {}
          },
          "position": {}
        },
        "_e_QcEP2pEDSMHqQ10obr5g": {
          "key": "_e_QcEP2pEDSMHqQ10obr5g",
          "name": "_width",
          "type": null,
          "probability": 1,
          "modifiers": [
            "private"
          ],
          "to_variable": {
            "key": "_ZfboQP2nEDSMHqQ10obr5g",
            "name": "_width",
            "type": null,
            "modifiers": [
              "private"
            ],
            "position": {}
          },
          "position": {}
        },
        "_gzG_UP2pEDSMHqQ10obr5g": {
          "key": "_gzG_UP2pEDSMHqQ10obr5g",
          "name": "_height",
          "type": null,
          "probability": 1,
          "modifiers": [
            "private"
          ],
          "to_variable": {
            "key": "_cErzQP2nEDSMHqQ10obr5g",
            "name": "_height",
            "type": null,
            "modifiers": [
              "private"
            ],
            "position": {}
          },
          "position": {}
        }
      }
    },
    "fields_to_fields_data_clump-./GreyImage-_Uz7icP2nEDSMHqQ10obr5g-_ZOCEUP2pEDSMHqQ10obr5g-data_width_height": {
      "type": "data_clump",
      "key": "fields_to_fields_data_clump-./GreyImage-_Uz7icP2nEDSMHqQ10obr5g-_ZOCEUP2pEDSMHqQ10obr5g-data_width_height",
      "probability": 1,
      "from_file_path": "./GreyImage",
      "from_class_or_interface_name": "GreyImage",
      "from_class_or_interface_key": "_Uz7icP2nEDSMHqQ10obr5g",
      "from_method_name": null,
      "from_method_key": null,
      "to_file_path": "./BGRImage",
      "to_class_or_interface_key": "_ZOCEUP2pEDSMHqQ10obr5g",
      "to_class_or_interface_name": "GreyImage",
      "to_method_key": null,
      "to_method_name": null,
      "data_clump_type": "fields_to_fields_data_clump",
      "data_clump_data": {
        "_YKf1oP2nEDSMHqQ10obr5g": {
          "key": "_YKf1oP2nEDSMHqQ10obr5g",
          "name": "data",
          "type": null,
          "probability": 1,
          "modifiers": [
            "private"
          ],
          "to_variable": {
            "key": "_dcCV0P2pEDSMHqQ10obr5g",
            "name": "data",
            "type": null,
            "modifiers": [
              "private"
            ],
            "position": {}
          },
          "position": {}
        },
        "_ZfboQP2nEDSMHqQ10obr5g": {
          "key": "_ZfboQP2nEDSMHqQ10obr5g",
          "name": "_width",
          "type": null,
          "probability": 1,
          "modifiers": [
            "private"
          ],
          "to_variable": {
            "key": "_e_QcEP2pEDSMHqQ10obr5g",
            "name": "_width",
            "type": null,
            "modifiers": [
              "private"
            ],
            "position": {}
          },
          "position": {}
        },
        "_cErzQP2nEDSMHqQ10obr5g": {
          "key": "_cErzQP2nEDSMHqQ10obr5g",
          "name": "_height",
          "type": null,
          "probability": 1,
          "modifiers": [
            "private"
          ],
          "to_variable": {
            "key": "_gzG_UP2pEDSMHqQ10obr5g",
            "name": "_height",
            "type": null,
            "modifiers": [
              "private"
            ],
            "position": {}
          },
          "position": {}
        }
      }
    }
  }
}