{
  "report_version": "unknown",
  "report_timestamp": "2025-03-26T22:35:29.730Z",
  "target_language": "java",
  "report_summary": {
    "additional": null,
    "amount_classes_or_interfaces_with_data_clumps": 2,
    "amount_files_with_data_clumps": 2,
    "amount_methods_with_data_clumps": 0,
    "fields_to_fields_data_clump": 2,
    "parameters_to_fields_data_clump": 0,
    "parameters_to_parameters_data_clump": 0,
    "amount_data_clumps": 2
  },
  "project_info": {
    "project_url": "unknown_project_url",
    "project_name": "_HtPoIG_TEe2ck8ytUMEi6A",
    "project_version": "unknown_project_version",
    "project_commit_hash": "unknown",
    "project_tag": null,
    "project_commit_date": null,
    "additional": {},
    "number_of_files": 16,
    "number_of_classes_or_interfaces": 16,
    "number_of_methods": 54,
    "number_of_data_fields": 44,
    "number_of_method_parameters": 26
  },
  "detector": {
    "name": "data-clumps-doctor",
    "url": "https://github.com/NilsBaumgartner1994/data-clumps-doctor",
    "version": "0.1.100",
    "options": {
      "typeVariablesConsidered": false,
      "similarityModifierOfVariablesWithUnknownType": 0,
      "fieldsOfClassesWithUnknownHierarchyProbabilityModifier": 0,
      "sharedFieldsToFieldsAmountMinimum": 3,
      "analyseFieldsInClassesOrInterfacesInheritedFromSuperClassesOrInterfaces": false,
      "sharedParametersToParametersAmountMinimum": 3,
      "sharedParametersToFieldsAmountMinimum": 3,
      "methodsOfClassesOrInterfacesWithUnknownHierarchyProbabilityModifier": 0
    }
  },
  "data_clumps": {
    "fields_to_fields_data_clump-./News-_HfXNgFd_EDumDNOkyk7qpg-_DxlM0FeCEDu6sJVAY1CkXA-titledescriptionauthor": {
      "type": "data_clump",
      "key": "fields_to_fields_data_clump-./News-_HfXNgFd_EDumDNOkyk7qpg-_DxlM0FeCEDu6sJVAY1CkXA-titledescriptionauthor",
      "probability": 1,
      "from_file_path": "./News",
      "from_class_or_interface_name": "News",
      "from_class_or_interface_key": "_HfXNgFd_EDumDNOkyk7qpg",
      "from_method_name": null,
      "from_method_key": null,
      "to_file_path": "./Project",
      "to_class_or_interface_key": "_DxlM0FeCEDu6sJVAY1CkXA",
      "to_class_or_interface_name": "News",
      "to_method_key": null,
      "to_method_name": null,
      "data_clump_type": "fields_to_fields_data_clump",
      "data_clump_data": {
        "_I88l0Fd_EDumDNOkyk7qpg": {
          "key": "_I88l0Fd_EDumDNOkyk7qpg",
          "name": "title",
          "type": null,
          "probability": 1,
          "modifiers": [
            "public"
          ],
          "to_variable": {
            "key": "_GAbqAFeCEDu6sJVAY1CkXA",
            "name": "title",
            "type": null,
            "modifiers": [
              "public"
            ],
            "position": {}
          },
          "position": {}
        },
        "_43AK4GOQEDuverlrkS_QTA": {
          "key": "_43AK4GOQEDuverlrkS_QTA",
          "name": "description",
          "type": null,
          "probability": 1,
          "modifiers": [
            "public"
          ],
          "to_variable": {
            "key": "_Qw5i8FeCEDu6sJVAY1CkXA",
            "name": "description",
            "type": null,
            "modifiers": [
              "public"
            ],
            "position": {}
          },
          "position": {}
        },
        "_J4LfAFd_EDumDNOkyk7qpg": {
          "key": "_J4LfAFd_EDumDNOkyk7qpg",
          "name": "author",
          "type": null,
          "probability": 1,
          "modifiers": [
            "public"
          ],
          "to_variable": {
            "key": "_Kt0mMFeCEDu6sJVAY1CkXA",
            "name": "author",
            "type": null,
            "modifiers": [
              "public"
            ],
            "position": {}
          },
          "position": {}
        }
      }
    },
    "fields_to_fields_data_clump-./Project-_DxlM0FeCEDu6sJVAY1CkXA-_HfXNgFd_EDumDNOkyk7qpg-titleauthordescription": {
      "type": "data_clump",
      "key": "fields_to_fields_data_clump-./Project-_DxlM0FeCEDu6sJVAY1CkXA-_HfXNgFd_EDumDNOkyk7qpg-titleauthordescription",
      "probability": 1,
      "from_file_path": "./Project",
      "from_class_or_interface_name": "Project",
      "from_class_or_interface_key": "_DxlM0FeCEDu6sJVAY1CkXA",
      "from_method_name": null,
      "from_method_key": null,
      "to_file_path": "./News",
      "to_class_or_interface_key": "_HfXNgFd_EDumDNOkyk7qpg",
      "to_class_or_interface_name": "Project",
      "to_method_key": null,
      "to_method_name": null,
      "data_clump_type": "fields_to_fields_data_clump",
      "data_clump_data": {
        "_GAbqAFeCEDu6sJVAY1CkXA": {
          "key": "_GAbqAFeCEDu6sJVAY1CkXA",
          "name": "title",
          "type": null,
          "probability": 1,
          "modifiers": [
            "public"
          ],
          "to_variable": {
            "key": "_I88l0Fd_EDumDNOkyk7qpg",
            "name": "title",
            "type": null,
            "modifiers": [
              "public"
            ],
            "position": {}
          },
          "position": {}
        },
        "_Kt0mMFeCEDu6sJVAY1CkXA": {
          "key": "_Kt0mMFeCEDu6sJVAY1CkXA",
          "name": "author",
          "type": null,
          "probability": 1,
          "modifiers": [
            "public"
          ],
          "to_variable": {
            "key": "_J4LfAFd_EDumDNOkyk7qpg",
            "name": "author",
            "type": null,
            "modifiers": [
              "public"
            ],
            "position": {}
          },
          "position": {}
        },
        "_Qw5i8FeCEDu6sJVAY1CkXA": {
          "key": "_Qw5i8FeCEDu6sJVAY1CkXA",
          "name": "description",
          "type": null,
          "probability": 1,
          "modifiers": [
            "public"
          ],
          "to_variable": {
            "key": "_43AK4GOQEDuverlrkS_QTA",
            "name": "description",
            "type": null,
            "modifiers": [
              "public"
            ],
            "position": {}
          },
          "position": {}
        }
      }
    }
  }
}