{
  "report_version": "unknown",
  "report_timestamp": "2025-03-26T21:51:46.785Z",
  "target_language": "java",
  "report_summary": {
    "additional": null,
    "amount_classes_or_interfaces_with_data_clumps": 4,
    "amount_files_with_data_clumps": 4,
    "amount_methods_with_data_clumps": 0,
    "fields_to_fields_data_clump": 4,
    "parameters_to_fields_data_clump": 0,
    "parameters_to_parameters_data_clump": 0,
    "amount_data_clumps": 4
  },
  "project_info": {
    "project_url": "unknown_project_url",
    "project_name": "_xXPhcLoLEeSvIovPojnUsw",
    "project_version": "unknown_project_version",
    "project_commit_hash": "unknown",
    "project_tag": null,
    "project_commit_date": null,
    "additional": {},
    "number_of_files": 13,
    "number_of_classes_or_interfaces": 13,
    "number_of_methods": 0,
    "number_of_data_fields": 50,
    "number_of_method_parameters": 0
  },
  "detector": {
    "name": "data-clumps-doctor",
    "url": "https://github.com/NilsBaumgartner1994/data-clumps-doctor",
    "version": "0.1.100",
    "options": {
      "typeVariablesConsidered": false,
      "similarityModifierOfVariablesWithUnknownType": 0,
      "fieldsOfClassesWithUnknownHierarchyProbabilityModifier": 0,
      "sharedFieldsToFieldsAmountMinimum": 3,
      "analyseFieldsInClassesOrInterfacesInheritedFromSuperClassesOrInterfaces": false,
      "sharedParametersToParametersAmountMinimum": 3,
      "sharedParametersToFieldsAmountMinimum": 3,
      "methodsOfClassesOrInterfacesWithUnknownHierarchyProbabilityModifier": 0
    }
  },
  "data_clumps": {
    "fields_to_fields_data_clump-./Review-_BYfrUJw7EDKV9bIIVYxUIg-_B-kM0Jw7EDKV9bIIVYxUIg-idproductIdshopperId": {
      "type": "data_clump",
      "key": "fields_to_fields_data_clump-./Review-_BYfrUJw7EDKV9bIIVYxUIg-_B-kM0Jw7EDKV9bIIVYxUIg-idproductIdshopperId",
      "probability": 1,
      "from_file_path": "./Review",
      "from_class_or_interface_name": "Review",
      "from_class_or_interface_key": "_BYfrUJw7EDKV9bIIVYxUIg",
      "from_method_name": null,
      "from_method_key": null,
      "to_file_path": "./StarRating",
      "to_class_or_interface_key": "_B-kM0Jw7EDKV9bIIVYxUIg",
      "to_class_or_interface_name": "Review",
      "to_method_key": null,
      "to_method_name": null,
      "data_clump_type": "fields_to_fields_data_clump",
      "data_clump_data": {
        "_KpEXcJw-EDKNEofC3tiz3g": {
          "key": "_KpEXcJw-EDKNEofC3tiz3g",
          "name": "id",
          "type": null,
          "probability": 1,
          "modifiers": [],
          "to_variable": {
            "key": "_TZENcJw-EDKNEofC3tiz3g",
            "name": "id",
            "type": null,
            "modifiers": [],
            "position": {}
          },
          "position": {}
        },
        "_Lj5A8Jw-EDKNEofC3tiz3g": {
          "key": "_Lj5A8Jw-EDKNEofC3tiz3g",
          "name": "productId",
          "type": null,
          "probability": 1,
          "modifiers": [],
          "to_variable": {
            "key": "_UFeAcJw-EDKNEofC3tiz3g",
            "name": "productId",
            "type": null,
            "modifiers": [],
            "position": {}
          },
          "position": {}
        },
        "_M5808Jw-EDKNEofC3tiz3g": {
          "key": "_M5808Jw-EDKNEofC3tiz3g",
          "name": "shopperId",
          "type": null,
          "probability": 1,
          "modifiers": [],
          "to_variable": {
            "key": "_WC5WcJw-EDKNEofC3tiz3g",
            "name": "shopperId",
            "type": null,
            "modifiers": [],
            "position": {}
          },
          "position": {}
        }
      }
    },
    "fields_to_fields_data_clump-./Shopper-_HkZz8Jw7EDKV9bIIVYxUIg-_IKoGcJw7EDKV9bIIVYxUIg-idusernamepassword": {
      "type": "data_clump",
      "key": "fields_to_fields_data_clump-./Shopper-_HkZz8Jw7EDKV9bIIVYxUIg-_IKoGcJw7EDKV9bIIVYxUIg-idusernamepassword",
      "probability": 1,
      "from_file_path": "./Shopper",
      "from_class_or_interface_name": "Shopper",
      "from_class_or_interface_key": "_HkZz8Jw7EDKV9bIIVYxUIg",
      "from_method_name": null,
      "from_method_key": null,
      "to_file_path": "./StaffMember",
      "to_class_or_interface_key": "_IKoGcJw7EDKV9bIIVYxUIg",
      "to_class_or_interface_name": "Shopper",
      "to_method_key": null,
      "to_method_name": null,
      "data_clump_type": "fields_to_fields_data_clump",
      "data_clump_data": {
        "_2MFgcJw-EDKNEofC3tiz3g": {
          "key": "_2MFgcJw-EDKNEofC3tiz3g",
          "name": "id",
          "type": null,
          "probability": 1,
          "modifiers": [],
          "to_variable": {
            "key": "_ndY3YJw-EDKNEofC3tiz3g",
            "name": "id",
            "type": null,
            "modifiers": [],
            "position": {}
          },
          "position": {}
        },
        "_249NgJw-EDKNEofC3tiz3g": {
          "key": "_249NgJw-EDKNEofC3tiz3g",
          "name": "username",
          "type": null,
          "probability": 1,
          "modifiers": [],
          "to_variable": {
            "key": "_oAuN8Jw-EDKNEofC3tiz3g",
            "name": "username",
            "type": null,
            "modifiers": [],
            "position": {}
          },
          "position": {}
        },
        "_36Bo8Jw-EDKNEofC3tiz3g": {
          "key": "_36Bo8Jw-EDKNEofC3tiz3g",
          "name": "password",
          "type": null,
          "probability": 1,
          "modifiers": [],
          "to_variable": {
            "key": "_r8L98Jw-EDKNEofC3tiz3g",
            "name": "password",
            "type": null,
            "modifiers": [],
            "position": {}
          },
          "position": {}
        }
      }
    },
    "fields_to_fields_data_clump-./StaffMember-_IKoGcJw7EDKV9bIIVYxUIg-_HkZz8Jw7EDKV9bIIVYxUIg-idusernamepassword": {
      "type": "data_clump",
      "key": "fields_to_fields_data_clump-./StaffMember-_IKoGcJw7EDKV9bIIVYxUIg-_HkZz8Jw7EDKV9bIIVYxUIg-idusernamepassword",
      "probability": 1,
      "from_file_path": "./StaffMember",
      "from_class_or_interface_name": "StaffMember",
      "from_class_or_interface_key": "_IKoGcJw7EDKV9bIIVYxUIg",
      "from_method_name": null,
      "from_method_key": null,
      "to_file_path": "./Shopper",
      "to_class_or_interface_key": "_HkZz8Jw7EDKV9bIIVYxUIg",
      "to_class_or_interface_name": "StaffMember",
      "to_method_key": null,
      "to_method_name": null,
      "data_clump_type": "fields_to_fields_data_clump",
      "data_clump_data": {
        "_ndY3YJw-EDKNEofC3tiz3g": {
          "key": "_ndY3YJw-EDKNEofC3tiz3g",
          "name": "id",
          "type": null,
          "probability": 1,
          "modifiers": [],
          "to_variable": {
            "key": "_2MFgcJw-EDKNEofC3tiz3g",
            "name": "id",
            "type": null,
            "modifiers": [],
            "position": {}
          },
          "position": {}
        },
        "_oAuN8Jw-EDKNEofC3tiz3g": {
          "key": "_oAuN8Jw-EDKNEofC3tiz3g",
          "name": "username",
          "type": null,
          "probability": 1,
          "modifiers": [],
          "to_variable": {
            "key": "_249NgJw-EDKNEofC3tiz3g",
            "name": "username",
            "type": null,
            "modifiers": [],
            "position": {}
          },
          "position": {}
        },
        "_r8L98Jw-EDKNEofC3tiz3g": {
          "key": "_r8L98Jw-EDKNEofC3tiz3g",
          "name": "password",
          "type": null,
          "probability": 1,
          "modifiers": [],
          "to_variable": {
            "key": "_36Bo8Jw-EDKNEofC3tiz3g",
            "name": "password",
            "type": null,
            "modifiers": [],
            "position": {}
          },
          "position": {}
        }
      }
    },
    "fields_to_fields_data_clump-./StarRating-_B-kM0Jw7EDKV9bIIVYxUIg-_BYfrUJw7EDKV9bIIVYxUIg-idproductIdshopperId": {
      "type": "data_clump",
      "key": "fields_to_fields_data_clump-./StarRating-_B-kM0Jw7EDKV9bIIVYxUIg-_BYfrUJw7EDKV9bIIVYxUIg-idproductIdshopperId",
      "probability": 1,
      "from_file_path": "./StarRating",
      "from_class_or_interface_name": "StarRating",
      "from_class_or_interface_key": "_B-kM0Jw7EDKV9bIIVYxUIg",
      "from_method_name": null,
      "from_method_key": null,
      "to_file_path": "./Review",
      "to_class_or_interface_key": "_BYfrUJw7EDKV9bIIVYxUIg",
      "to_class_or_interface_name": "StarRating",
      "to_method_key": null,
      "to_method_name": null,
      "data_clump_type": "fields_to_fields_data_clump",
      "data_clump_data": {
        "_TZENcJw-EDKNEofC3tiz3g": {
          "key": "_TZENcJw-EDKNEofC3tiz3g",
          "name": "id",
          "type": null,
          "probability": 1,
          "modifiers": [],
          "to_variable": {
            "key": "_KpEXcJw-EDKNEofC3tiz3g",
            "name": "id",
            "type": null,
            "modifiers": [],
            "position": {}
          },
          "position": {}
        },
        "_UFeAcJw-EDKNEofC3tiz3g": {
          "key": "_UFeAcJw-EDKNEofC3tiz3g",
          "name": "productId",
          "type": null,
          "probability": 1,
          "modifiers": [],
          "to_variable": {
            "key": "_Lj5A8Jw-EDKNEofC3tiz3g",
            "name": "productId",
            "type": null,
            "modifiers": [],
            "position": {}
          },
          "position": {}
        },
        "_WC5WcJw-EDKNEofC3tiz3g": {
          "key": "_WC5WcJw-EDKNEofC3tiz3g",
          "name": "shopperId",
          "type": null,
          "probability": 1,
          "modifiers": [],
          "to_variable": {
            "key": "_M5808Jw-EDKNEofC3tiz3g",
            "name": "shopperId",
            "type": null,
            "modifiers": [],
            "position": {}
          },
          "position": {}
        }
      }
    }
  }
}