{
  "report_version": "unknown",
  "report_timestamp": "2025-03-26T22:03:45.541Z",
  "target_language": "java",
  "report_summary": {
    "additional": null,
    "amount_classes_or_interfaces_with_data_clumps": 1,
    "amount_files_with_data_clumps": 1,
    "amount_methods_with_data_clumps": 2,
    "fields_to_fields_data_clump": 0,
    "parameters_to_fields_data_clump": 0,
    "parameters_to_parameters_data_clump": 2,
    "amount_data_clumps": 2
  },
  "project_info": {
    "project_url": "unknown_project_url",
    "project_name": "_tGQ-gM_dEeeLcIicqHdTUQ",
    "project_version": "unknown_project_version",
    "project_commit_hash": "unknown",
    "project_tag": null,
    "project_commit_date": null,
    "additional": {},
    "number_of_files": 2,
    "number_of_classes_or_interfaces": 2,
    "number_of_methods": 24,
    "number_of_data_fields": 11,
    "number_of_method_parameters": 30
  },
  "detector": {
    "name": "data-clumps-doctor",
    "url": "https://github.com/NilsBaumgartner1994/data-clumps-doctor",
    "version": "0.1.100",
    "options": {
      "typeVariablesConsidered": false,
      "similarityModifierOfVariablesWithUnknownType": 0,
      "fieldsOfClassesWithUnknownHierarchyProbabilityModifier": 0,
      "sharedFieldsToFieldsAmountMinimum": 3,
      "analyseFieldsInClassesOrInterfacesInheritedFromSuperClassesOrInterfaces": false,
      "sharedParametersToParametersAmountMinimum": 3,
      "sharedParametersToFieldsAmountMinimum": 3,
      "methodsOfClassesOrInterfacesWithUnknownHierarchyProbabilityModifier": 0
    }
  },
  "data_clumps": {
    "parameters_to_parameters_data_clump-./Actividad-_QnHzQLLfEDWcpL6lSM1vUw-_lJVvkLLeEDWcpL6lSM1vUw-parameterparameter2parameter3parameter4parameter5parameter6parameter7parameter8": {
      "type": "data_clump",
      "key": "parameters_to_parameters_data_clump-./Actividad-_QnHzQLLfEDWcpL6lSM1vUw-_lJVvkLLeEDWcpL6lSM1vUw-parameterparameter2parameter3parameter4parameter5parameter6parameter7parameter8",
      "probability": 1,
      "from_file_path": "./Actividad",
      "from_class_or_interface_name": "Actividad",
      "from_class_or_interface_key": "_6izlYLILEDWyKYajRU9j_Q",
      "from_method_name": "Actividad",
      "from_method_key": "_QnHzQLLfEDWcpL6lSM1vUw",
      "to_file_path": "./Actividad",
      "to_class_or_interface_name": "Actividad",
      "to_class_or_interface_key": "_6izlYLILEDWyKYajRU9j_Q",
      "to_method_name": "Acividad",
      "to_method_key": "_lJVvkLLeEDWcpL6lSM1vUw",
      "data_clump_type": "parameters_to_parameters_data_clump",
      "data_clump_data": {
        "_UXbcILLfEDWcpL6lSM1vUw": {
          "key": "_UXbcILLfEDWcpL6lSM1vUw",
          "name": "parameter",
          "type": null,
          "probability": 1,
          "modifiers": [],
          "to_variable": {
            "key": "_tY7AILLeEDWcpL6lSM1vUw",
            "name": "parameter",
            "type": null,
            "modifiers": [],
            "position": {}
          },
          "position": {}
        },
        "_VlzTwLLfEDWcpL6lSM1vUw": {
          "key": "_VlzTwLLfEDWcpL6lSM1vUw",
          "name": "parameter2",
          "type": null,
          "probability": 1,
          "modifiers": [],
          "to_variable": {
            "key": "_uokDELLeEDWcpL6lSM1vUw",
            "name": "parameter2",
            "type": null,
            "modifiers": [],
            "position": {}
          },
          "position": {}
        },
        "_Wq1pMLLfEDWcpL6lSM1vUw": {
          "key": "_Wq1pMLLfEDWcpL6lSM1vUw",
          "name": "parameter3",
          "type": null,
          "probability": 1,
          "modifiers": [],
          "to_variable": {
            "key": "_wWxRULLeEDWcpL6lSM1vUw",
            "name": "parameter3",
            "type": null,
            "modifiers": [],
            "position": {}
          },
          "position": {}
        },
        "_XpHPULLfEDWcpL6lSM1vUw": {
          "key": "_XpHPULLfEDWcpL6lSM1vUw",
          "name": "parameter4",
          "type": null,
          "probability": 1,
          "modifiers": [],
          "to_variable": {
            "key": "_zH5VILLeEDWcpL6lSM1vUw",
            "name": "parameter4",
            "type": null,
            "modifiers": [],
            "position": {}
          },
          "position": {}
        },
        "_YwREoLLfEDWcpL6lSM1vUw": {
          "key": "_YwREoLLfEDWcpL6lSM1vUw",
          "name": "parameter5",
          "type": null,
          "probability": 1,
          "modifiers": [],
          "to_variable": {
            "key": "_3eqhELLeEDWcpL6lSM1vUw",
            "name": "parameter5",
            "type": null,
            "modifiers": [],
            "position": {}
          },
          "position": {}
        },
        "_Z7hW0LLfEDWcpL6lSM1vUw": {
          "key": "_Z7hW0LLfEDWcpL6lSM1vUw",
          "name": "parameter6",
          "type": null,
          "probability": 1,
          "modifiers": [],
          "to_variable": {
            "key": "_5JUFALLeEDWcpL6lSM1vUw",
            "name": "parameter6",
            "type": null,
            "modifiers": [],
            "position": {}
          },
          "position": {}
        },
        "_bTP-wLLfEDWcpL6lSM1vUw": {
          "key": "_bTP-wLLfEDWcpL6lSM1vUw",
          "name": "parameter7",
          "type": null,
          "probability": 1,
          "modifiers": [],
          "to_variable": {
            "key": "_6ZwZMLLeEDWcpL6lSM1vUw",
            "name": "parameter7",
            "type": null,
            "modifiers": [],
            "position": {}
          },
          "position": {}
        },
        "_crLbALLfEDWcpL6lSM1vUw": {
          "key": "_crLbALLfEDWcpL6lSM1vUw",
          "name": "parameter8",
          "type": null,
          "probability": 1,
          "modifiers": [],
          "to_variable": {
            "key": "_7lzVkLLeEDWcpL6lSM1vUw",
            "name": "parameter8",
            "type": null,
            "modifiers": [],
            "position": {}
          },
          "position": {}
        }
      }
    },
    "parameters_to_parameters_data_clump-./Actividad-_lJVvkLLeEDWcpL6lSM1vUw-_QnHzQLLfEDWcpL6lSM1vUw-parameterparameter2parameter3parameter4parameter5parameter6parameter7parameter8": {
      "type": "data_clump",
      "key": "parameters_to_parameters_data_clump-./Actividad-_lJVvkLLeEDWcpL6lSM1vUw-_QnHzQLLfEDWcpL6lSM1vUw-parameterparameter2parameter3parameter4parameter5parameter6parameter7parameter8",
      "probability": 1,
      "from_file_path": "./Actividad",
      "from_class_or_interface_name": "Actividad",
      "from_class_or_interface_key": "_6izlYLILEDWyKYajRU9j_Q",
      "from_method_name": "Acividad",
      "from_method_key": "_lJVvkLLeEDWcpL6lSM1vUw",
      "to_file_path": "./Actividad",
      "to_class_or_interface_name": "Actividad",
      "to_class_or_interface_key": "_6izlYLILEDWyKYajRU9j_Q",
      "to_method_name": "Actividad",
      "to_method_key": "_QnHzQLLfEDWcpL6lSM1vUw",
      "data_clump_type": "parameters_to_parameters_data_clump",
      "data_clump_data": {
        "_tY7AILLeEDWcpL6lSM1vUw": {
          "key": "_tY7AILLeEDWcpL6lSM1vUw",
          "name": "parameter",
          "type": null,
          "probability": 1,
          "modifiers": [],
          "to_variable": {
            "key": "_UXbcILLfEDWcpL6lSM1vUw",
            "name": "parameter",
            "type": null,
            "modifiers": [],
            "position": {}
          },
          "position": {}
        },
        "_uokDELLeEDWcpL6lSM1vUw": {
          "key": "_uokDELLeEDWcpL6lSM1vUw",
          "name": "parameter2",
          "type": null,
          "probability": 1,
          "modifiers": [],
          "to_variable": {
            "key": "_VlzTwLLfEDWcpL6lSM1vUw",
            "name": "parameter2",
            "type": null,
            "modifiers": [],
            "position": {}
          },
          "position": {}
        },
        "_wWxRULLeEDWcpL6lSM1vUw": {
          "key": "_wWxRULLeEDWcpL6lSM1vUw",
          "name": "parameter3",
          "type": null,
          "probability": 1,
          "modifiers": [],
          "to_variable": {
            "key": "_Wq1pMLLfEDWcpL6lSM1vUw",
            "name": "parameter3",
            "type": null,
            "modifiers": [],
            "position": {}
          },
          "position": {}
        },
        "_zH5VILLeEDWcpL6lSM1vUw": {
          "key": "_zH5VILLeEDWcpL6lSM1vUw",
          "name": "parameter4",
          "type": null,
          "probability": 1,
          "modifiers": [],
          "to_variable": {
            "key": "_XpHPULLfEDWcpL6lSM1vUw",
            "name": "parameter4",
            "type": null,
            "modifiers": [],
            "position": {}
          },
          "position": {}
        },
        "_3eqhELLeEDWcpL6lSM1vUw": {
          "key": "_3eqhELLeEDWcpL6lSM1vUw",
          "name": "parameter5",
          "type": null,
          "probability": 1,
          "modifiers": [],
          "to_variable": {
            "key": "_YwREoLLfEDWcpL6lSM1vUw",
            "name": "parameter5",
            "type": null,
            "modifiers": [],
            "position": {}
          },
          "position": {}
        },
        "_5JUFALLeEDWcpL6lSM1vUw": {
          "key": "_5JUFALLeEDWcpL6lSM1vUw",
          "name": "parameter6",
          "type": null,
          "probability": 1,
          "modifiers": [],
          "to_variable": {
            "key": "_Z7hW0LLfEDWcpL6lSM1vUw",
            "name": "parameter6",
            "type": null,
            "modifiers": [],
            "position": {}
          },
          "position": {}
        },
        "_6ZwZMLLeEDWcpL6lSM1vUw": {
          "key": "_6ZwZMLLeEDWcpL6lSM1vUw",
          "name": "parameter7",
          "type": null,
          "probability": 1,
          "modifiers": [],
          "to_variable": {
            "key": "_bTP-wLLfEDWcpL6lSM1vUw",
            "name": "parameter7",
            "type": null,
            "modifiers": [],
            "position": {}
          },
          "position": {}
        },
        "_7lzVkLLeEDWcpL6lSM1vUw": {
          "key": "_7lzVkLLeEDWcpL6lSM1vUw",
          "name": "parameter8",
          "type": null,
          "probability": 1,
          "modifiers": [],
          "to_variable": {
            "key": "_crLbALLfEDWcpL6lSM1vUw",
            "name": "parameter8",
            "type": null,
            "modifiers": [],
            "position": {}
          },
          "position": {}
        }
      }
    }
  }
}