{
  "report_version": "unknown",
  "report_timestamp": "2025-03-26T21:46:40.768Z",
  "target_language": "java",
  "report_summary": {
    "additional": null,
    "amount_classes_or_interfaces_with_data_clumps": 6,
    "amount_files_with_data_clumps": 6,
    "amount_methods_with_data_clumps": 6,
    "fields_to_fields_data_clump": 2,
    "parameters_to_fields_data_clump": 4,
    "parameters_to_parameters_data_clump": 6,
    "amount_data_clumps": 12
  },
  "project_info": {
    "project_url": "unknown_project_url",
    "project_name": "adae837f-7e5a-4a2c-88a0-9422017a411b",
    "project_version": "unknown_project_version",
    "project_commit_hash": "unknown",
    "project_tag": null,
    "project_commit_date": null,
    "additional": {},
    "number_of_files": 29,
    "number_of_classes_or_interfaces": 29,
    "number_of_methods": 124,
    "number_of_data_fields": 55,
    "number_of_method_parameters": 113
  },
  "detector": {
    "name": "data-clumps-doctor",
    "url": "https://github.com/NilsBaumgartner1994/data-clumps-doctor",
    "version": "0.1.100",
    "options": {
      "typeVariablesConsidered": false,
      "similarityModifierOfVariablesWithUnknownType": 0,
      "fieldsOfClassesWithUnknownHierarchyProbabilityModifier": 0,
      "sharedFieldsToFieldsAmountMinimum": 3,
      "analyseFieldsInClassesOrInterfacesInheritedFromSuperClassesOrInterfaces": false,
      "sharedParametersToParametersAmountMinimum": 3,
      "sharedParametersToFieldsAmountMinimum": 3,
      "methodsOfClassesOrInterfacesWithUnknownHierarchyProbabilityModifier": 0
    }
  },
  "data_clumps": {
    "parameters_to_parameters_data_clump-./Coche-_DBv7tW2BEemPgqaoUKarzg-_DB00BW2BEemPgqaoUKarzg-matriculamarcamodelocolorextrasnumPuertaskilometrosanioMatriculacionprecio": {
      "type": "data_clump",
      "key": "parameters_to_parameters_data_clump-./Coche-_DBv7tW2BEemPgqaoUKarzg-_DB00BW2BEemPgqaoUKarzg-matriculamarcamodelocolorextrasnumPuertaskilometrosanioMatriculacionprecio",
      "probability": 1,
      "from_file_path": "./Coche",
      "from_class_or_interface_name": "Coche",
      "from_class_or_interface_key": "_DButs22BEemPgqaoUKarzg",
      "from_method_name": "Coche",
      "from_method_key": "_DBv7tW2BEemPgqaoUKarzg",
      "to_file_path": "./TablonController",
      "to_class_or_interface_name": "TablonController",
      "to_class_or_interface_key": "_DByX9W2BEemPgqaoUKarzg",
      "to_method_name": "nuevosAnuncio",
      "to_method_key": "_DB00BW2BEemPgqaoUKarzg",
      "data_clump_type": "parameters_to_parameters_data_clump",
      "data_clump_data": {
        "_DBv7tm2BEemPgqaoUKarzg": {
          "key": "_DBv7tm2BEemPgqaoUKarzg",
          "name": "matricula",
          "type": null,
          "probability": 1,
          "modifiers": [],
          "to_variable": {
            "key": "_DB00Em2BEemPgqaoUKarzg",
            "name": "matricula",
            "type": null,
            "modifiers": [],
            "position": {}
          },
          "position": {}
        },
        "_DBv7uW2BEemPgqaoUKarzg": {
          "key": "_DBv7uW2BEemPgqaoUKarzg",
          "name": "marca",
          "type": null,
          "probability": 1,
          "modifiers": [],
          "to_variable": {
            "key": "_DB00FW2BEemPgqaoUKarzg",
            "name": "marca",
            "type": null,
            "modifiers": [],
            "position": {}
          },
          "position": {}
        },
        "_DBv7vG2BEemPgqaoUKarzg": {
          "key": "_DBv7vG2BEemPgqaoUKarzg",
          "name": "modelo",
          "type": null,
          "probability": 1,
          "modifiers": [],
          "to_variable": {
            "key": "_DB00GG2BEemPgqaoUKarzg",
            "name": "modelo",
            "type": null,
            "modifiers": [],
            "position": {}
          },
          "position": {}
        },
        "_DBv7v22BEemPgqaoUKarzg": {
          "key": "_DBv7v22BEemPgqaoUKarzg",
          "name": "color",
          "type": null,
          "probability": 1,
          "modifiers": [],
          "to_variable": {
            "key": "_DB00G22BEemPgqaoUKarzg",
            "name": "color",
            "type": null,
            "modifiers": [],
            "position": {}
          },
          "position": {}
        },
        "_DBv7wm2BEemPgqaoUKarzg": {
          "key": "_DBv7wm2BEemPgqaoUKarzg",
          "name": "extras",
          "type": null,
          "probability": 1,
          "modifiers": [],
          "to_variable": {
            "key": "_DB00Hm2BEemPgqaoUKarzg",
            "name": "extras",
            "type": null,
            "modifiers": [],
            "position": {}
          },
          "position": {}
        },
        "_DBv7xW2BEemPgqaoUKarzg": {
          "key": "_DBv7xW2BEemPgqaoUKarzg",
          "name": "numPuertas",
          "type": null,
          "probability": 1,
          "modifiers": [],
          "to_variable": {
            "key": "_DB00IW2BEemPgqaoUKarzg",
            "name": "numPuertas",
            "type": null,
            "modifiers": [],
            "position": {}
          },
          "position": {}
        },
        "_DBv7yG2BEemPgqaoUKarzg": {
          "key": "_DBv7yG2BEemPgqaoUKarzg",
          "name": "kilometros",
          "type": null,
          "probability": 1,
          "modifiers": [],
          "to_variable": {
            "key": "_DB00JG2BEemPgqaoUKarzg",
            "name": "kilometros",
            "type": null,
            "modifiers": [],
            "position": {}
          },
          "position": {}
        },
        "_DBv7y22BEemPgqaoUKarzg": {
          "key": "_DBv7y22BEemPgqaoUKarzg",
          "name": "anioMatriculacion",
          "type": null,
          "probability": 1,
          "modifiers": [],
          "to_variable": {
            "key": "_DB00J22BEemPgqaoUKarzg",
            "name": "anioMatriculacion",
            "type": null,
            "modifiers": [],
            "position": {}
          },
          "position": {}
        },
        "_DBv7zm2BEemPgqaoUKarzg": {
          "key": "_DBv7zm2BEemPgqaoUKarzg",
          "name": "precio",
          "type": null,
          "probability": 1,
          "modifiers": [],
          "to_variable": {
            "key": "_DB00Km2BEemPgqaoUKarzg",
            "name": "precio",
            "type": null,
            "modifiers": [],
            "position": {}
          },
          "position": {}
        }
      }
    },
    "parameters_to_fields_data_clump-./Coche-_DBv7tW2BEemPgqaoUKarzg-_DButs22BEemPgqaoUKarzg-matriculamarcamodelocolorextrasnumPuertaskilometrosanioMatriculacionprecio": {
      "type": "data_clump",
      "key": "parameters_to_fields_data_clump-./Coche-_DBv7tW2BEemPgqaoUKarzg-_DButs22BEemPgqaoUKarzg-matriculamarcamodelocolorextrasnumPuertaskilometrosanioMatriculacionprecio",
      "probability": 1,
      "from_file_path": "./Coche",
      "from_class_or_interface_name": "Coche",
      "from_class_or_interface_key": "_DButs22BEemPgqaoUKarzg",
      "from_method_name": "Coche",
      "from_method_key": "_DBv7tW2BEemPgqaoUKarzg",
      "to_file_path": "./Coche",
      "to_class_or_interface_name": "Coche",
      "to_class_or_interface_key": "_DButs22BEemPgqaoUKarzg",
      "to_method_name": null,
      "to_method_key": null,
      "data_clump_type": "parameters_to_fields_data_clump",
      "data_clump_data": {
        "_DBv7tm2BEemPgqaoUKarzg": {
          "key": "_DBv7tm2BEemPgqaoUKarzg",
          "name": "matricula",
          "type": null,
          "probability": 1,
          "modifiers": [],
          "to_variable": {
            "key": "_DBvUdW2BEemPgqaoUKarzg",
            "name": "matricula",
            "type": null,
            "modifiers": [
              "private"
            ],
            "position": {}
          },
          "position": {}
        },
        "_DBv7uW2BEemPgqaoUKarzg": {
          "key": "_DBv7uW2BEemPgqaoUKarzg",
          "name": "marca",
          "type": null,
          "probability": 1,
          "modifiers": [],
          "to_variable": {
            "key": "_DBvUeG2BEemPgqaoUKarzg",
            "name": "marca",
            "type": null,
            "modifiers": [
              "private"
            ],
            "position": {}
          },
          "position": {}
        },
        "_DBv7vG2BEemPgqaoUKarzg": {
          "key": "_DBv7vG2BEemPgqaoUKarzg",
          "name": "modelo",
          "type": null,
          "probability": 1,
          "modifiers": [],
          "to_variable": {
            "key": "_DBvUe22BEemPgqaoUKarzg",
            "name": "modelo",
            "type": null,
            "modifiers": [
              "private"
            ],
            "position": {}
          },
          "position": {}
        },
        "_DBv7v22BEemPgqaoUKarzg": {
          "key": "_DBv7v22BEemPgqaoUKarzg",
          "name": "color",
          "type": null,
          "probability": 1,
          "modifiers": [],
          "to_variable": {
            "key": "_DBvUfm2BEemPgqaoUKarzg",
            "name": "color",
            "type": null,
            "modifiers": [
              "private"
            ],
            "position": {}
          },
          "position": {}
        },
        "_DBv7wm2BEemPgqaoUKarzg": {
          "key": "_DBv7wm2BEemPgqaoUKarzg",
          "name": "extras",
          "type": null,
          "probability": 1,
          "modifiers": [],
          "to_variable": {
            "key": "_DBvUgW2BEemPgqaoUKarzg",
            "name": "extras",
            "type": null,
            "modifiers": [
              "private"
            ],
            "position": {}
          },
          "position": {}
        },
        "_DBv7xW2BEemPgqaoUKarzg": {
          "key": "_DBv7xW2BEemPgqaoUKarzg",
          "name": "numPuertas",
          "type": null,
          "probability": 1,
          "modifiers": [],
          "to_variable": {
            "key": "_DBvUhG2BEemPgqaoUKarzg",
            "name": "numPuertas",
            "type": null,
            "modifiers": [
              "private"
            ],
            "position": {}
          },
          "position": {}
        },
        "_DBv7yG2BEemPgqaoUKarzg": {
          "key": "_DBv7yG2BEemPgqaoUKarzg",
          "name": "kilometros",
          "type": null,
          "probability": 1,
          "modifiers": [],
          "to_variable": {
            "key": "_DBvUh22BEemPgqaoUKarzg",
            "name": "kilometros",
            "type": null,
            "modifiers": [
              "private"
            ],
            "position": {}
          },
          "position": {}
        },
        "_DBv7y22BEemPgqaoUKarzg": {
          "key": "_DBv7y22BEemPgqaoUKarzg",
          "name": "anioMatriculacion",
          "type": null,
          "probability": 1,
          "modifiers": [],
          "to_variable": {
            "key": "_DBvUim2BEemPgqaoUKarzg",
            "name": "anioMatriculacion",
            "type": null,
            "modifiers": [
              "private"
            ],
            "position": {}
          },
          "position": {}
        },
        "_DBv7zm2BEemPgqaoUKarzg": {
          "key": "_DBv7zm2BEemPgqaoUKarzg",
          "name": "precio",
          "type": null,
          "probability": 1,
          "modifiers": [],
          "to_variable": {
            "key": "_DBvUjW2BEemPgqaoUKarzg",
            "name": "precio",
            "type": null,
            "modifiers": [
              "private"
            ],
            "position": {}
          },
          "position": {}
        }
      }
    },
    "parameters_to_parameters_data_clump-./TablonController-_DB00BW2BEemPgqaoUKarzg-_DBv7tW2BEemPgqaoUKarzg-matriculamarcamodelocolorextrasnumPuertaskilometrosanioMatriculacionprecio": {
      "type": "data_clump",
      "key": "parameters_to_parameters_data_clump-./TablonController-_DB00BW2BEemPgqaoUKarzg-_DBv7tW2BEemPgqaoUKarzg-matriculamarcamodelocolorextrasnumPuertaskilometrosanioMatriculacionprecio",
      "probability": 1,
      "from_file_path": "./TablonController",
      "from_class_or_interface_name": "TablonController",
      "from_class_or_interface_key": "_DByX9W2BEemPgqaoUKarzg",
      "from_method_name": "nuevosAnuncio",
      "from_method_key": "_DB00BW2BEemPgqaoUKarzg",
      "to_file_path": "./Coche",
      "to_class_or_interface_name": "Coche",
      "to_class_or_interface_key": "_DButs22BEemPgqaoUKarzg",
      "to_method_name": "Coche",
      "to_method_key": "_DBv7tW2BEemPgqaoUKarzg",
      "data_clump_type": "parameters_to_parameters_data_clump",
      "data_clump_data": {
        "_DB00Em2BEemPgqaoUKarzg": {
          "key": "_DB00Em2BEemPgqaoUKarzg",
          "name": "matricula",
          "type": null,
          "probability": 1,
          "modifiers": [],
          "to_variable": {
            "key": "_DBv7tm2BEemPgqaoUKarzg",
            "name": "matricula",
            "type": null,
            "modifiers": [],
            "position": {}
          },
          "position": {}
        },
        "_DB00FW2BEemPgqaoUKarzg": {
          "key": "_DB00FW2BEemPgqaoUKarzg",
          "name": "marca",
          "type": null,
          "probability": 1,
          "modifiers": [],
          "to_variable": {
            "key": "_DBv7uW2BEemPgqaoUKarzg",
            "name": "marca",
            "type": null,
            "modifiers": [],
            "position": {}
          },
          "position": {}
        },
        "_DB00GG2BEemPgqaoUKarzg": {
          "key": "_DB00GG2BEemPgqaoUKarzg",
          "name": "modelo",
          "type": null,
          "probability": 1,
          "modifiers": [],
          "to_variable": {
            "key": "_DBv7vG2BEemPgqaoUKarzg",
            "name": "modelo",
            "type": null,
            "modifiers": [],
            "position": {}
          },
          "position": {}
        },
        "_DB00G22BEemPgqaoUKarzg": {
          "key": "_DB00G22BEemPgqaoUKarzg",
          "name": "color",
          "type": null,
          "probability": 1,
          "modifiers": [],
          "to_variable": {
            "key": "_DBv7v22BEemPgqaoUKarzg",
            "name": "color",
            "type": null,
            "modifiers": [],
            "position": {}
          },
          "position": {}
        },
        "_DB00Hm2BEemPgqaoUKarzg": {
          "key": "_DB00Hm2BEemPgqaoUKarzg",
          "name": "extras",
          "type": null,
          "probability": 1,
          "modifiers": [],
          "to_variable": {
            "key": "_DBv7wm2BEemPgqaoUKarzg",
            "name": "extras",
            "type": null,
            "modifiers": [],
            "position": {}
          },
          "position": {}
        },
        "_DB00IW2BEemPgqaoUKarzg": {
          "key": "_DB00IW2BEemPgqaoUKarzg",
          "name": "numPuertas",
          "type": null,
          "probability": 1,
          "modifiers": [],
          "to_variable": {
            "key": "_DBv7xW2BEemPgqaoUKarzg",
            "name": "numPuertas",
            "type": null,
            "modifiers": [],
            "position": {}
          },
          "position": {}
        },
        "_DB00JG2BEemPgqaoUKarzg": {
          "key": "_DB00JG2BEemPgqaoUKarzg",
          "name": "kilometros",
          "type": null,
          "probability": 1,
          "modifiers": [],
          "to_variable": {
            "key": "_DBv7yG2BEemPgqaoUKarzg",
            "name": "kilometros",
            "type": null,
            "modifiers": [],
            "position": {}
          },
          "position": {}
        },
        "_DB00J22BEemPgqaoUKarzg": {
          "key": "_DB00J22BEemPgqaoUKarzg",
          "name": "anioMatriculacion",
          "type": null,
          "probability": 1,
          "modifiers": [],
          "to_variable": {
            "key": "_DBv7y22BEemPgqaoUKarzg",
            "name": "anioMatriculacion",
            "type": null,
            "modifiers": [],
            "position": {}
          },
          "position": {}
        },
        "_DB00Km2BEemPgqaoUKarzg": {
          "key": "_DB00Km2BEemPgqaoUKarzg",
          "name": "precio",
          "type": null,
          "probability": 1,
          "modifiers": [],
          "to_variable": {
            "key": "_DBv7zm2BEemPgqaoUKarzg",
            "name": "precio",
            "type": null,
            "modifiers": [],
            "position": {}
          },
          "position": {}
        }
      }
    },
    "parameters_to_fields_data_clump-./TablonController-_DB00BW2BEemPgqaoUKarzg-_DButs22BEemPgqaoUKarzg-matriculamarcamodelocolorextrasnumPuertaskilometrosanioMatriculacionprecio": {
      "type": "data_clump",
      "key": "parameters_to_fields_data_clump-./TablonController-_DB00BW2BEemPgqaoUKarzg-_DButs22BEemPgqaoUKarzg-matriculamarcamodelocolorextrasnumPuertaskilometrosanioMatriculacionprecio",
      "probability": 1,
      "from_file_path": "./TablonController",
      "from_class_or_interface_name": "TablonController",
      "from_class_or_interface_key": "_DByX9W2BEemPgqaoUKarzg",
      "from_method_name": "nuevosAnuncio",
      "from_method_key": "_DB00BW2BEemPgqaoUKarzg",
      "to_file_path": "./Coche",
      "to_class_or_interface_name": "Coche",
      "to_class_or_interface_key": "_DButs22BEemPgqaoUKarzg",
      "to_method_name": null,
      "to_method_key": null,
      "data_clump_type": "parameters_to_fields_data_clump",
      "data_clump_data": {
        "_DB00Em2BEemPgqaoUKarzg": {
          "key": "_DB00Em2BEemPgqaoUKarzg",
          "name": "matricula",
          "type": null,
          "probability": 1,
          "modifiers": [],
          "to_variable": {
            "key": "_DBvUdW2BEemPgqaoUKarzg",
            "name": "matricula",
            "type": null,
            "modifiers": [
              "private"
            ],
            "position": {}
          },
          "position": {}
        },
        "_DB00FW2BEemPgqaoUKarzg": {
          "key": "_DB00FW2BEemPgqaoUKarzg",
          "name": "marca",
          "type": null,
          "probability": 1,
          "modifiers": [],
          "to_variable": {
            "key": "_DBvUeG2BEemPgqaoUKarzg",
            "name": "marca",
            "type": null,
            "modifiers": [
              "private"
            ],
            "position": {}
          },
          "position": {}
        },
        "_DB00GG2BEemPgqaoUKarzg": {
          "key": "_DB00GG2BEemPgqaoUKarzg",
          "name": "modelo",
          "type": null,
          "probability": 1,
          "modifiers": [],
          "to_variable": {
            "key": "_DBvUe22BEemPgqaoUKarzg",
            "name": "modelo",
            "type": null,
            "modifiers": [
              "private"
            ],
            "position": {}
          },
          "position": {}
        },
        "_DB00G22BEemPgqaoUKarzg": {
          "key": "_DB00G22BEemPgqaoUKarzg",
          "name": "color",
          "type": null,
          "probability": 1,
          "modifiers": [],
          "to_variable": {
            "key": "_DBvUfm2BEemPgqaoUKarzg",
            "name": "color",
            "type": null,
            "modifiers": [
              "private"
            ],
            "position": {}
          },
          "position": {}
        },
        "_DB00Hm2BEemPgqaoUKarzg": {
          "key": "_DB00Hm2BEemPgqaoUKarzg",
          "name": "extras",
          "type": null,
          "probability": 1,
          "modifiers": [],
          "to_variable": {
            "key": "_DBvUgW2BEemPgqaoUKarzg",
            "name": "extras",
            "type": null,
            "modifiers": [
              "private"
            ],
            "position": {}
          },
          "position": {}
        },
        "_DB00IW2BEemPgqaoUKarzg": {
          "key": "_DB00IW2BEemPgqaoUKarzg",
          "name": "numPuertas",
          "type": null,
          "probability": 1,
          "modifiers": [],
          "to_variable": {
            "key": "_DBvUhG2BEemPgqaoUKarzg",
            "name": "numPuertas",
            "type": null,
            "modifiers": [
              "private"
            ],
            "position": {}
          },
          "position": {}
        },
        "_DB00JG2BEemPgqaoUKarzg": {
          "key": "_DB00JG2BEemPgqaoUKarzg",
          "name": "kilometros",
          "type": null,
          "probability": 1,
          "modifiers": [],
          "to_variable": {
            "key": "_DBvUh22BEemPgqaoUKarzg",
            "name": "kilometros",
            "type": null,
            "modifiers": [
              "private"
            ],
            "position": {}
          },
          "position": {}
        },
        "_DB00J22BEemPgqaoUKarzg": {
          "key": "_DB00J22BEemPgqaoUKarzg",
          "name": "anioMatriculacion",
          "type": null,
          "probability": 1,
          "modifiers": [],
          "to_variable": {
            "key": "_DBvUim2BEemPgqaoUKarzg",
            "name": "anioMatriculacion",
            "type": null,
            "modifiers": [
              "private"
            ],
            "position": {}
          },
          "position": {}
        },
        "_DB00Km2BEemPgqaoUKarzg": {
          "key": "_DB00Km2BEemPgqaoUKarzg",
          "name": "precio",
          "type": null,
          "probability": 1,
          "modifiers": [],
          "to_variable": {
            "key": "_DBvUjW2BEemPgqaoUKarzg",
            "name": "precio",
            "type": null,
            "modifiers": [
              "private"
            ],
            "position": {}
          },
          "position": {}
        }
      }
    },
    "parameters_to_parameters_data_clump-./TablonController-_DB0NT22BEemPgqaoUKarzg-_DB1bVW2BEemPgqaoUKarzg-namepasswordnombre_completodniemailtelefono": {
      "type": "data_clump",
      "key": "parameters_to_parameters_data_clump-./TablonController-_DB0NT22BEemPgqaoUKarzg-_DB1bVW2BEemPgqaoUKarzg-namepasswordnombre_completodniemailtelefono",
      "probability": 1,
      "from_file_path": "./TablonController",
      "from_class_or_interface_name": "TablonController",
      "from_class_or_interface_key": "_DByX9W2BEemPgqaoUKarzg",
      "from_method_name": "nuevosUsuario",
      "from_method_key": "_DB0NT22BEemPgqaoUKarzg",
      "to_file_path": "./User",
      "to_class_or_interface_name": "User",
      "to_class_or_interface_key": "_DB00MG2BEemPgqaoUKarzg",
      "to_method_name": "User",
      "to_method_key": "_DB1bVW2BEemPgqaoUKarzg",
      "data_clump_type": "parameters_to_parameters_data_clump",
      "data_clump_data": {
        "_DB0NVm2BEemPgqaoUKarzg": {
          "key": "_DB0NVm2BEemPgqaoUKarzg",
          "name": "name",
          "type": null,
          "probability": 1,
          "modifiers": [],
          "to_variable": {
            "key": "_DB1bVm2BEemPgqaoUKarzg",
            "name": "name",
            "type": null,
            "modifiers": [],
            "position": {}
          },
          "position": {}
        },
        "_DB0NWW2BEemPgqaoUKarzg": {
          "key": "_DB0NWW2BEemPgqaoUKarzg",
          "name": "password",
          "type": null,
          "probability": 1,
          "modifiers": [],
          "to_variable": {
            "key": "_DB1bWW2BEemPgqaoUKarzg",
            "name": "password",
            "type": null,
            "modifiers": [],
            "position": {}
          },
          "position": {}
        },
        "_DB0NXG2BEemPgqaoUKarzg": {
          "key": "_DB0NXG2BEemPgqaoUKarzg",
          "name": "nombre_completo",
          "type": null,
          "probability": 1,
          "modifiers": [],
          "to_variable": {
            "key": "_DB1bXG2BEemPgqaoUKarzg",
            "name": "nombre_completo",
            "type": null,
            "modifiers": [],
            "position": {}
          },
          "position": {}
        },
        "_DB0NX22BEemPgqaoUKarzg": {
          "key": "_DB0NX22BEemPgqaoUKarzg",
          "name": "dni",
          "type": null,
          "probability": 1,
          "modifiers": [],
          "to_variable": {
            "key": "_DB1bX22BEemPgqaoUKarzg",
            "name": "dni",
            "type": null,
            "modifiers": [],
            "position": {}
          },
          "position": {}
        },
        "_DB0NYm2BEemPgqaoUKarzg": {
          "key": "_DB0NYm2BEemPgqaoUKarzg",
          "name": "email",
          "type": null,
          "probability": 1,
          "modifiers": [],
          "to_variable": {
            "key": "_DB1bYm2BEemPgqaoUKarzg",
            "name": "email",
            "type": null,
            "modifiers": [],
            "position": {}
          },
          "position": {}
        },
        "_DB00Am2BEemPgqaoUKarzg": {
          "key": "_DB00Am2BEemPgqaoUKarzg",
          "name": "telefono",
          "type": null,
          "probability": 1,
          "modifiers": [],
          "to_variable": {
            "key": "_DB1bZW2BEemPgqaoUKarzg",
            "name": "telefono",
            "type": null,
            "modifiers": [],
            "position": {}
          },
          "position": {}
        }
      }
    },
    "parameters_to_fields_data_clump-./TablonController-_DB0NT22BEemPgqaoUKarzg-_DB00MG2BEemPgqaoUKarzg-namenombre_completodniemailtelefono": {
      "type": "data_clump",
      "key": "parameters_to_fields_data_clump-./TablonController-_DB0NT22BEemPgqaoUKarzg-_DB00MG2BEemPgqaoUKarzg-namenombre_completodniemailtelefono",
      "probability": 1,
      "from_file_path": "./TablonController",
      "from_class_or_interface_name": "TablonController",
      "from_class_or_interface_key": "_DByX9W2BEemPgqaoUKarzg",
      "from_method_name": "nuevosUsuario",
      "from_method_key": "_DB0NT22BEemPgqaoUKarzg",
      "to_file_path": "./User",
      "to_class_or_interface_name": "User",
      "to_class_or_interface_key": "_DB00MG2BEemPgqaoUKarzg",
      "to_method_name": null,
      "to_method_key": null,
      "data_clump_type": "parameters_to_fields_data_clump",
      "data_clump_data": {
        "_DB0NVm2BEemPgqaoUKarzg": {
          "key": "_DB0NVm2BEemPgqaoUKarzg",
          "name": "name",
          "type": null,
          "probability": 1,
          "modifiers": [],
          "to_variable": {
            "key": "_DB00TG2BEemPgqaoUKarzg",
            "name": "name",
            "type": null,
            "modifiers": [
              "private"
            ],
            "position": {}
          },
          "position": {}
        },
        "_DB0NXG2BEemPgqaoUKarzg": {
          "key": "_DB0NXG2BEemPgqaoUKarzg",
          "name": "nombre_completo",
          "type": null,
          "probability": 1,
          "modifiers": [],
          "to_variable": {
            "key": "_DB00Um2BEemPgqaoUKarzg",
            "name": "nombre_completo",
            "type": null,
            "modifiers": [
              "private"
            ],
            "position": {}
          },
          "position": {}
        },
        "_DB0NX22BEemPgqaoUKarzg": {
          "key": "_DB0NX22BEemPgqaoUKarzg",
          "name": "dni",
          "type": null,
          "probability": 1,
          "modifiers": [],
          "to_variable": {
            "key": "_DB00VW2BEemPgqaoUKarzg",
            "name": "dni",
            "type": null,
            "modifiers": [
              "private"
            ],
            "position": {}
          },
          "position": {}
        },
        "_DB0NYm2BEemPgqaoUKarzg": {
          "key": "_DB0NYm2BEemPgqaoUKarzg",
          "name": "email",
          "type": null,
          "probability": 1,
          "modifiers": [],
          "to_variable": {
            "key": "_DB00WG2BEemPgqaoUKarzg",
            "name": "email",
            "type": null,
            "modifiers": [
              "private"
            ],
            "position": {}
          },
          "position": {}
        },
        "_DB00Am2BEemPgqaoUKarzg": {
          "key": "_DB00Am2BEemPgqaoUKarzg",
          "name": "telefono",
          "type": null,
          "probability": 1,
          "modifiers": [],
          "to_variable": {
            "key": "_DB00W22BEemPgqaoUKarzg",
            "name": "telefono",
            "type": null,
            "modifiers": [
              "private"
            ],
            "position": {}
          },
          "position": {}
        }
      }
    },
    "parameters_to_parameters_data_clump-./User-_DB1bVW2BEemPgqaoUKarzg-_DB0NT22BEemPgqaoUKarzg-namepasswordnombre_completodniemailtelefono": {
      "type": "data_clump",
      "key": "parameters_to_parameters_data_clump-./User-_DB1bVW2BEemPgqaoUKarzg-_DB0NT22BEemPgqaoUKarzg-namepasswordnombre_completodniemailtelefono",
      "probability": 1,
      "from_file_path": "./User",
      "from_class_or_interface_name": "User",
      "from_class_or_interface_key": "_DB00MG2BEemPgqaoUKarzg",
      "from_method_name": "User",
      "from_method_key": "_DB1bVW2BEemPgqaoUKarzg",
      "to_file_path": "./TablonController",
      "to_class_or_interface_name": "TablonController",
      "to_class_or_interface_key": "_DByX9W2BEemPgqaoUKarzg",
      "to_method_name": "nuevosUsuario",
      "to_method_key": "_DB0NT22BEemPgqaoUKarzg",
      "data_clump_type": "parameters_to_parameters_data_clump",
      "data_clump_data": {
        "_DB1bVm2BEemPgqaoUKarzg": {
          "key": "_DB1bVm2BEemPgqaoUKarzg",
          "name": "name",
          "type": null,
          "probability": 1,
          "modifiers": [],
          "to_variable": {
            "key": "_DB0NVm2BEemPgqaoUKarzg",
            "name": "name",
            "type": null,
            "modifiers": [],
            "position": {}
          },
          "position": {}
        },
        "_DB1bWW2BEemPgqaoUKarzg": {
          "key": "_DB1bWW2BEemPgqaoUKarzg",
          "name": "password",
          "type": null,
          "probability": 1,
          "modifiers": [],
          "to_variable": {
            "key": "_DB0NWW2BEemPgqaoUKarzg",
            "name": "password",
            "type": null,
            "modifiers": [],
            "position": {}
          },
          "position": {}
        },
        "_DB1bXG2BEemPgqaoUKarzg": {
          "key": "_DB1bXG2BEemPgqaoUKarzg",
          "name": "nombre_completo",
          "type": null,
          "probability": 1,
          "modifiers": [],
          "to_variable": {
            "key": "_DB0NXG2BEemPgqaoUKarzg",
            "name": "nombre_completo",
            "type": null,
            "modifiers": [],
            "position": {}
          },
          "position": {}
        },
        "_DB1bX22BEemPgqaoUKarzg": {
          "key": "_DB1bX22BEemPgqaoUKarzg",
          "name": "dni",
          "type": null,
          "probability": 1,
          "modifiers": [],
          "to_variable": {
            "key": "_DB0NX22BEemPgqaoUKarzg",
            "name": "dni",
            "type": null,
            "modifiers": [],
            "position": {}
          },
          "position": {}
        },
        "_DB1bYm2BEemPgqaoUKarzg": {
          "key": "_DB1bYm2BEemPgqaoUKarzg",
          "name": "email",
          "type": null,
          "probability": 1,
          "modifiers": [],
          "to_variable": {
            "key": "_DB0NYm2BEemPgqaoUKarzg",
            "name": "email",
            "type": null,
            "modifiers": [],
            "position": {}
          },
          "position": {}
        },
        "_DB1bZW2BEemPgqaoUKarzg": {
          "key": "_DB1bZW2BEemPgqaoUKarzg",
          "name": "telefono",
          "type": null,
          "probability": 1,
          "modifiers": [],
          "to_variable": {
            "key": "_DB00Am2BEemPgqaoUKarzg",
            "name": "telefono",
            "type": null,
            "modifiers": [],
            "position": {}
          },
          "position": {}
        }
      }
    },
    "parameters_to_fields_data_clump-./User-_DB1bVW2BEemPgqaoUKarzg-_DB00MG2BEemPgqaoUKarzg-namenombre_completodniemailtelefonoroles": {
      "type": "data_clump",
      "key": "parameters_to_fields_data_clump-./User-_DB1bVW2BEemPgqaoUKarzg-_DB00MG2BEemPgqaoUKarzg-namenombre_completodniemailtelefonoroles",
      "probability": 1,
      "from_file_path": "./User",
      "from_class_or_interface_name": "User",
      "from_class_or_interface_key": "_DB00MG2BEemPgqaoUKarzg",
      "from_method_name": "User",
      "from_method_key": "_DB1bVW2BEemPgqaoUKarzg",
      "to_file_path": "./User",
      "to_class_or_interface_name": "User",
      "to_class_or_interface_key": "_DB00MG2BEemPgqaoUKarzg",
      "to_method_name": null,
      "to_method_key": null,
      "data_clump_type": "parameters_to_fields_data_clump",
      "data_clump_data": {
        "_DB1bVm2BEemPgqaoUKarzg": {
          "key": "_DB1bVm2BEemPgqaoUKarzg",
          "name": "name",
          "type": null,
          "probability": 1,
          "modifiers": [],
          "to_variable": {
            "key": "_DB00TG2BEemPgqaoUKarzg",
            "name": "name",
            "type": null,
            "modifiers": [
              "private"
            ],
            "position": {}
          },
          "position": {}
        },
        "_DB1bXG2BEemPgqaoUKarzg": {
          "key": "_DB1bXG2BEemPgqaoUKarzg",
          "name": "nombre_completo",
          "type": null,
          "probability": 1,
          "modifiers": [],
          "to_variable": {
            "key": "_DB00Um2BEemPgqaoUKarzg",
            "name": "nombre_completo",
            "type": null,
            "modifiers": [
              "private"
            ],
            "position": {}
          },
          "position": {}
        },
        "_DB1bX22BEemPgqaoUKarzg": {
          "key": "_DB1bX22BEemPgqaoUKarzg",
          "name": "dni",
          "type": null,
          "probability": 1,
          "modifiers": [],
          "to_variable": {
            "key": "_DB00VW2BEemPgqaoUKarzg",
            "name": "dni",
            "type": null,
            "modifiers": [
              "private"
            ],
            "position": {}
          },
          "position": {}
        },
        "_DB1bYm2BEemPgqaoUKarzg": {
          "key": "_DB1bYm2BEemPgqaoUKarzg",
          "name": "email",
          "type": null,
          "probability": 1,
          "modifiers": [],
          "to_variable": {
            "key": "_DB00WG2BEemPgqaoUKarzg",
            "name": "email",
            "type": null,
            "modifiers": [
              "private"
            ],
            "position": {}
          },
          "position": {}
        },
        "_DB1bZW2BEemPgqaoUKarzg": {
          "key": "_DB1bZW2BEemPgqaoUKarzg",
          "name": "telefono",
          "type": null,
          "probability": 1,
          "modifiers": [],
          "to_variable": {
            "key": "_DB00W22BEemPgqaoUKarzg",
            "name": "telefono",
            "type": null,
            "modifiers": [
              "private"
            ],
            "position": {}
          },
          "position": {}
        },
        "_DB1baG2BEemPgqaoUKarzg": {
          "key": "_DB1baG2BEemPgqaoUKarzg",
          "name": "roles",
          "type": null,
          "probability": 1,
          "modifiers": [],
          "to_variable": {
            "key": "_DB00Xm2BEemPgqaoUKarzg",
            "name": "roles",
            "type": null,
            "modifiers": [
              "private"
            ],
            "position": {}
          },
          "position": {}
        }
      }
    },
    "parameters_to_parameters_data_clump-./WebController-_DB4ejm2BEemPgqaoUKarzg-_DB4esG2BEemPgqaoUKarzg-modelrequestpage": {
      "type": "data_clump",
      "key": "parameters_to_parameters_data_clump-./WebController-_DB4ejm2BEemPgqaoUKarzg-_DB4esG2BEemPgqaoUKarzg-modelrequestpage",
      "probability": 1,
      "from_file_path": "./WebController",
      "from_class_or_interface_name": "WebController",
      "from_class_or_interface_key": "_DB4eiW2BEemPgqaoUKarzg",
      "from_method_name": "getUsuario",
      "from_method_key": "_DB4ejm2BEemPgqaoUKarzg",
      "to_file_path": "./WebController",
      "to_class_or_interface_name": "WebController",
      "to_class_or_interface_key": "_DB4eiW2BEemPgqaoUKarzg",
      "to_method_name": "home",
      "to_method_key": "_DB4esG2BEemPgqaoUKarzg",
      "data_clump_type": "parameters_to_parameters_data_clump",
      "data_clump_data": {
        "_DB4ekm2BEemPgqaoUKarzg": {
          "key": "_DB4ekm2BEemPgqaoUKarzg",
          "name": "model",
          "type": null,
          "probability": 1,
          "modifiers": [],
          "to_variable": {
            "key": "_DB4etG2BEemPgqaoUKarzg",
            "name": "model",
            "type": null,
            "modifiers": [],
            "position": {}
          },
          "position": {}
        },
        "_DB4elW2BEemPgqaoUKarzg": {
          "key": "_DB4elW2BEemPgqaoUKarzg",
          "name": "request",
          "type": null,
          "probability": 1,
          "modifiers": [],
          "to_variable": {
            "key": "_DB4et22BEemPgqaoUKarzg",
            "name": "request",
            "type": null,
            "modifiers": [],
            "position": {}
          },
          "position": {}
        },
        "_DB4emG2BEemPgqaoUKarzg": {
          "key": "_DB4emG2BEemPgqaoUKarzg",
          "name": "page",
          "type": null,
          "probability": 1,
          "modifiers": [],
          "to_variable": {
            "key": "_DB4eum2BEemPgqaoUKarzg",
            "name": "page",
            "type": null,
            "modifiers": [],
            "position": {}
          },
          "position": {}
        }
      }
    },
    "parameters_to_parameters_data_clump-./WebController-_DB4esG2BEemPgqaoUKarzg-_DB4ejm2BEemPgqaoUKarzg-modelrequestpage": {
      "type": "data_clump",
      "key": "parameters_to_parameters_data_clump-./WebController-_DB4esG2BEemPgqaoUKarzg-_DB4ejm2BEemPgqaoUKarzg-modelrequestpage",
      "probability": 1,
      "from_file_path": "./WebController",
      "from_class_or_interface_name": "WebController",
      "from_class_or_interface_key": "_DB4eiW2BEemPgqaoUKarzg",
      "from_method_name": "home",
      "from_method_key": "_DB4esG2BEemPgqaoUKarzg",
      "to_file_path": "./WebController",
      "to_class_or_interface_name": "WebController",
      "to_class_or_interface_key": "_DB4eiW2BEemPgqaoUKarzg",
      "to_method_name": "getUsuario",
      "to_method_key": "_DB4ejm2BEemPgqaoUKarzg",
      "data_clump_type": "parameters_to_parameters_data_clump",
      "data_clump_data": {
        "_DB4etG2BEemPgqaoUKarzg": {
          "key": "_DB4etG2BEemPgqaoUKarzg",
          "name": "model",
          "type": null,
          "probability": 1,
          "modifiers": [],
          "to_variable": {
            "key": "_DB4ekm2BEemPgqaoUKarzg",
            "name": "model",
            "type": null,
            "modifiers": [],
            "position": {}
          },
          "position": {}
        },
        "_DB4et22BEemPgqaoUKarzg": {
          "key": "_DB4et22BEemPgqaoUKarzg",
          "name": "request",
          "type": null,
          "probability": 1,
          "modifiers": [],
          "to_variable": {
            "key": "_DB4elW2BEemPgqaoUKarzg",
            "name": "request",
            "type": null,
            "modifiers": [],
            "position": {}
          },
          "position": {}
        },
        "_DB4eum2BEemPgqaoUKarzg": {
          "key": "_DB4eum2BEemPgqaoUKarzg",
          "name": "page",
          "type": null,
          "probability": 1,
          "modifiers": [],
          "to_variable": {
            "key": "_DB4emG2BEemPgqaoUKarzg",
            "name": "page",
            "type": null,
            "modifiers": [],
            "position": {}
          },
          "position": {}
        }
      }
    },
    "fields_to_fields_data_clump-./ADMINISTRADOR-_t9V6oEXyEDi7mvK9ejDFHQ-_jZf2gEX0EDi7mvK9ejDFHQ-IDApellidosE-mailTelf": {
      "type": "data_clump",
      "key": "fields_to_fields_data_clump-./ADMINISTRADOR-_t9V6oEXyEDi7mvK9ejDFHQ-_jZf2gEX0EDi7mvK9ejDFHQ-IDApellidosE-mailTelf",
      "probability": 1,
      "from_file_path": "./ADMINISTRADOR",
      "from_class_or_interface_name": "ADMINISTRADOR",
      "from_class_or_interface_key": "_t9V6oEXyEDi7mvK9ejDFHQ",
      "from_method_name": null,
      "from_method_key": null,
      "to_file_path": "./USUARIO",
      "to_class_or_interface_key": "_jZf2gEX0EDi7mvK9ejDFHQ",
      "to_class_or_interface_name": "ADMINISTRADOR",
      "to_method_key": null,
      "to_method_name": null,
      "data_clump_type": "fields_to_fields_data_clump",
      "data_clump_data": {
        "_hEC3gEXzEDi7mvK9ejDFHQ": {
          "key": "_hEC3gEXzEDi7mvK9ejDFHQ",
          "name": "ID",
          "type": null,
          "probability": 1,
          "modifiers": [
            "private"
          ],
          "to_variable": {
            "key": "_mW74AEX0EDi7mvK9ejDFHQ",
            "name": "ID",
            "type": null,
            "modifiers": [
              "private"
            ],
            "position": {}
          },
          "position": {}
        },
        "_x4fsIUXzEDi7mvK9ejDFHQ": {
          "key": "_x4fsIUXzEDi7mvK9ejDFHQ",
          "name": "Apellidos",
          "type": null,
          "probability": 1,
          "modifiers": [
            "public"
          ],
          "to_variable": {
            "key": "_G-bHkEX1EDi7mvK9ejDFHQ",
            "name": "Apellidos",
            "type": null,
            "modifiers": [
              "public"
            ],
            "position": {}
          },
          "position": {}
        },
        "_0jqR4UXzEDi7mvK9ejDFHQ": {
          "key": "_0jqR4UXzEDi7mvK9ejDFHQ",
          "name": "E-mail",
          "type": null,
          "probability": 1,
          "modifiers": [
            "public"
          ],
          "to_variable": {
            "key": "_UKQ2wUX1EDi7mvK9ejDFHQ",
            "name": "E-mail",
            "type": null,
            "modifiers": [
              "public"
            ],
            "position": {}
          },
          "position": {}
        },
        "_2gUy4UXzEDi7mvK9ejDFHQ": {
          "key": "_2gUy4UXzEDi7mvK9ejDFHQ",
          "name": "Telf",
          "type": null,
          "probability": 1,
          "modifiers": [
            "public"
          ],
          "to_variable": {
            "key": "_VyBewEX1EDi7mvK9ejDFHQ",
            "name": "Telf",
            "type": null,
            "modifiers": [
              "public"
            ],
            "position": {}
          },
          "position": {}
        }
      }
    },
    "fields_to_fields_data_clump-./USUARIO-_jZf2gEX0EDi7mvK9ejDFHQ-_t9V6oEXyEDi7mvK9ejDFHQ-IDApellidosE-mailTelf": {
      "type": "data_clump",
      "key": "fields_to_fields_data_clump-./USUARIO-_jZf2gEX0EDi7mvK9ejDFHQ-_t9V6oEXyEDi7mvK9ejDFHQ-IDApellidosE-mailTelf",
      "probability": 1,
      "from_file_path": "./USUARIO",
      "from_class_or_interface_name": "USUARIO",
      "from_class_or_interface_key": "_jZf2gEX0EDi7mvK9ejDFHQ",
      "from_method_name": null,
      "from_method_key": null,
      "to_file_path": "./ADMINISTRADOR",
      "to_class_or_interface_key": "_t9V6oEXyEDi7mvK9ejDFHQ",
      "to_class_or_interface_name": "USUARIO",
      "to_method_key": null,
      "to_method_name": null,
      "data_clump_type": "fields_to_fields_data_clump",
      "data_clump_data": {
        "_mW74AEX0EDi7mvK9ejDFHQ": {
          "key": "_mW74AEX0EDi7mvK9ejDFHQ",
          "name": "ID",
          "type": null,
          "probability": 1,
          "modifiers": [
            "private"
          ],
          "to_variable": {
            "key": "_hEC3gEXzEDi7mvK9ejDFHQ",
            "name": "ID",
            "type": null,
            "modifiers": [
              "private"
            ],
            "position": {}
          },
          "position": {}
        },
        "_G-bHkEX1EDi7mvK9ejDFHQ": {
          "key": "_G-bHkEX1EDi7mvK9ejDFHQ",
          "name": "Apellidos",
          "type": null,
          "probability": 1,
          "modifiers": [
            "public"
          ],
          "to_variable": {
            "key": "_x4fsIUXzEDi7mvK9ejDFHQ",
            "name": "Apellidos",
            "type": null,
            "modifiers": [
              "public"
            ],
            "position": {}
          },
          "position": {}
        },
        "_UKQ2wUX1EDi7mvK9ejDFHQ": {
          "key": "_UKQ2wUX1EDi7mvK9ejDFHQ",
          "name": "E-mail",
          "type": null,
          "probability": 1,
          "modifiers": [
            "public"
          ],
          "to_variable": {
            "key": "_0jqR4UXzEDi7mvK9ejDFHQ",
            "name": "E-mail",
            "type": null,
            "modifiers": [
              "public"
            ],
            "position": {}
          },
          "position": {}
        },
        "_VyBewEX1EDi7mvK9ejDFHQ": {
          "key": "_VyBewEX1EDi7mvK9ejDFHQ",
          "name": "Telf",
          "type": null,
          "probability": 1,
          "modifiers": [
            "public"
          ],
          "to_variable": {
            "key": "_2gUy4UXzEDi7mvK9ejDFHQ",
            "name": "Telf",
            "type": null,
            "modifiers": [
              "public"
            ],
            "position": {}
          },
          "position": {}
        }
      }
    }
  }
}