{
  "report_version": "unknown",
  "report_timestamp": "2025-03-26T22:38:05.954Z",
  "target_language": "java",
  "report_summary": {
    "additional": null,
    "amount_classes_or_interfaces_with_data_clumps": 2,
    "amount_files_with_data_clumps": 2,
    "amount_methods_with_data_clumps": 0,
    "fields_to_fields_data_clump": 2,
    "parameters_to_fields_data_clump": 0,
    "parameters_to_parameters_data_clump": 0,
    "amount_data_clumps": 2
  },
  "project_info": {
    "project_url": "unknown_project_url",
    "project_name": "_Avh8UH7iEDGZRv1Ax7bzSg",
    "project_version": "unknown_project_version",
    "project_commit_hash": "unknown",
    "project_tag": null,
    "project_commit_date": null,
    "additional": {},
    "number_of_files": 19,
    "number_of_classes_or_interfaces": 19,
    "number_of_methods": 60,
    "number_of_data_fields": 64,
    "number_of_method_parameters": 24
  },
  "detector": {
    "name": "data-clumps-doctor",
    "url": "https://github.com/NilsBaumgartner1994/data-clumps-doctor",
    "version": "0.1.100",
    "options": {
      "typeVariablesConsidered": false,
      "similarityModifierOfVariablesWithUnknownType": 0,
      "fieldsOfClassesWithUnknownHierarchyProbabilityModifier": 0,
      "sharedFieldsToFieldsAmountMinimum": 3,
      "analyseFieldsInClassesOrInterfacesInheritedFromSuperClassesOrInterfaces": false,
      "sharedParametersToParametersAmountMinimum": 3,
      "sharedParametersToFieldsAmountMinimum": 3,
      "methodsOfClassesOrInterfacesWithUnknownHierarchyProbabilityModifier": 0
    }
  },
  "data_clumps": {
    "fields_to_fields_data_clump-./Login-_yjQ74H4mEDG7Wu4OowgMyA-_utoHEH4mEDG7Wu4OowgMyA-backgroundregisterButtonLoginPassword": {
      "type": "data_clump",
      "key": "fields_to_fields_data_clump-./Login-_yjQ74H4mEDG7Wu4OowgMyA-_utoHEH4mEDG7Wu4OowgMyA-backgroundregisterButtonLoginPassword",
      "probability": 1,
      "from_file_path": "./Login",
      "from_class_or_interface_name": "Login",
      "from_class_or_interface_key": "_yjQ74H4mEDG7Wu4OowgMyA",
      "from_method_name": null,
      "from_method_key": null,
      "to_file_path": "./Register",
      "to_class_or_interface_key": "_utoHEH4mEDG7Wu4OowgMyA",
      "to_class_or_interface_name": "Login",
      "to_method_key": null,
      "to_method_name": null,
      "data_clump_type": "fields_to_fields_data_clump",
      "data_clump_data": {
        "_2y1BsH4oEDGA8PAb6uRL2w": {
          "key": "_2y1BsH4oEDGA8PAb6uRL2w",
          "name": "background",
          "type": null,
          "probability": 1,
          "modifiers": [],
          "to_variable": {
            "key": "_FOFm0H4oEDGA8PAb6uRL2w",
            "name": "background",
            "type": null,
            "modifiers": [],
            "position": {}
          },
          "position": {}
        },
        "__pEpoH4oEDGP3PBbOJBqVA": {
          "key": "__pEpoH4oEDGP3PBbOJBqVA",
          "name": "registerButton",
          "type": null,
          "probability": 1,
          "modifiers": [],
          "to_variable": {
            "key": "_Cg3yoH4oEDGA8PAb6uRL2w",
            "name": "registerButton",
            "type": null,
            "modifiers": [],
            "position": {}
          },
          "position": {}
        },
        "_EP_KYH4pEDGP3PBbOJBqVA": {
          "key": "_EP_KYH4pEDGP3PBbOJBqVA",
          "name": "Login",
          "type": null,
          "probability": 1,
          "modifiers": [],
          "to_variable": {
            "key": "_QoHaIH4oEDGA8PAb6uRL2w",
            "name": "Login",
            "type": null,
            "modifiers": [],
            "position": {}
          },
          "position": {}
        },
        "_GcYJcH4pEDGP3PBbOJBqVA": {
          "key": "_GcYJcH4pEDGP3PBbOJBqVA",
          "name": "Password",
          "type": null,
          "probability": 1,
          "modifiers": [],
          "to_variable": {
            "key": "_Rb5ngH4oEDGA8PAb6uRL2w",
            "name": "Password",
            "type": null,
            "modifiers": [],
            "position": {}
          },
          "position": {}
        }
      }
    },
    "fields_to_fields_data_clump-./Register-_utoHEH4mEDG7Wu4OowgMyA-_yjQ74H4mEDG7Wu4OowgMyA-backgroundregisterButtonLoginPassword": {
      "type": "data_clump",
      "key": "fields_to_fields_data_clump-./Register-_utoHEH4mEDG7Wu4OowgMyA-_yjQ74H4mEDG7Wu4OowgMyA-backgroundregisterButtonLoginPassword",
      "probability": 1,
      "from_file_path": "./Register",
      "from_class_or_interface_name": "Register",
      "from_class_or_interface_key": "_utoHEH4mEDG7Wu4OowgMyA",
      "from_method_name": null,
      "from_method_key": null,
      "to_file_path": "./Login",
      "to_class_or_interface_key": "_yjQ74H4mEDG7Wu4OowgMyA",
      "to_class_or_interface_name": "Register",
      "to_method_key": null,
      "to_method_name": null,
      "data_clump_type": "fields_to_fields_data_clump",
      "data_clump_data": {
        "_FOFm0H4oEDGA8PAb6uRL2w": {
          "key": "_FOFm0H4oEDGA8PAb6uRL2w",
          "name": "background",
          "type": null,
          "probability": 1,
          "modifiers": [],
          "to_variable": {
            "key": "_2y1BsH4oEDGA8PAb6uRL2w",
            "name": "background",
            "type": null,
            "modifiers": [],
            "position": {}
          },
          "position": {}
        },
        "_Cg3yoH4oEDGA8PAb6uRL2w": {
          "key": "_Cg3yoH4oEDGA8PAb6uRL2w",
          "name": "registerButton",
          "type": null,
          "probability": 1,
          "modifiers": [],
          "to_variable": {
            "key": "__pEpoH4oEDGP3PBbOJBqVA",
            "name": "registerButton",
            "type": null,
            "modifiers": [],
            "position": {}
          },
          "position": {}
        },
        "_QoHaIH4oEDGA8PAb6uRL2w": {
          "key": "_QoHaIH4oEDGA8PAb6uRL2w",
          "name": "Login",
          "type": null,
          "probability": 1,
          "modifiers": [],
          "to_variable": {
            "key": "_EP_KYH4pEDGP3PBbOJBqVA",
            "name": "Login",
            "type": null,
            "modifiers": [],
            "position": {}
          },
          "position": {}
        },
        "_Rb5ngH4oEDGA8PAb6uRL2w": {
          "key": "_Rb5ngH4oEDGA8PAb6uRL2w",
          "name": "Password",
          "type": null,
          "probability": 1,
          "modifiers": [],
          "to_variable": {
            "key": "_GcYJcH4pEDGP3PBbOJBqVA",
            "name": "Password",
            "type": null,
            "modifiers": [],
            "position": {}
          },
          "position": {}
        }
      }
    }
  }
}