{
  "report_version": "unknown",
  "report_timestamp": "2025-03-26T22:32:44.202Z",
  "target_language": "java",
  "report_summary": {
    "additional": null,
    "amount_classes_or_interfaces_with_data_clumps": 2,
    "amount_files_with_data_clumps": 2,
    "amount_methods_with_data_clumps": 0,
    "fields_to_fields_data_clump": 2,
    "parameters_to_fields_data_clump": 0,
    "parameters_to_parameters_data_clump": 0,
    "amount_data_clumps": 2
  },
  "project_info": {
    "project_url": "unknown_project_url",
    "project_name": "_bCGDMAqAEeyj5cUC8m1erQ",
    "project_version": "unknown_project_version",
    "project_commit_hash": "unknown",
    "project_tag": null,
    "project_commit_date": null,
    "additional": {},
    "number_of_files": 13,
    "number_of_classes_or_interfaces": 13,
    "number_of_methods": 13,
    "number_of_data_fields": 30,
    "number_of_method_parameters": 0
  },
  "detector": {
    "name": "data-clumps-doctor",
    "url": "https://github.com/NilsBaumgartner1994/data-clumps-doctor",
    "version": "0.1.100",
    "options": {
      "typeVariablesConsidered": false,
      "similarityModifierOfVariablesWithUnknownType": 0,
      "fieldsOfClassesWithUnknownHierarchyProbabilityModifier": 0,
      "sharedFieldsToFieldsAmountMinimum": 3,
      "analyseFieldsInClassesOrInterfacesInheritedFromSuperClassesOrInterfaces": false,
      "sharedParametersToParametersAmountMinimum": 3,
      "sharedParametersToFieldsAmountMinimum": 3,
      "methodsOfClassesOrInterfacesWithUnknownHierarchyProbabilityModifier": 0
    }
  },
  "data_clumps": {
    "fields_to_fields_data_clump-./Administrativo-_mAVboOyuEDm99ecYRKEE-g-_kczMUOyuEDm99ecYRKEE-g-nombreidcargolugar_trabajo": {
      "type": "data_clump",
      "key": "fields_to_fields_data_clump-./Administrativo-_mAVboOyuEDm99ecYRKEE-g-_kczMUOyuEDm99ecYRKEE-g-nombreidcargolugar_trabajo",
      "probability": 1,
      "from_file_path": "./Administrativo",
      "from_class_or_interface_name": "Administrativo",
      "from_class_or_interface_key": "_mAVboOyuEDm99ecYRKEE-g",
      "from_method_name": null,
      "from_method_key": null,
      "to_file_path": "./Empleado",
      "to_class_or_interface_key": "_kczMUOyuEDm99ecYRKEE-g",
      "to_class_or_interface_name": "Administrativo",
      "to_method_key": null,
      "to_method_name": null,
      "data_clump_type": "fields_to_fields_data_clump",
      "data_clump_data": {
        "_aL1gkOyzEDm99ecYRKEE-g": {
          "key": "_aL1gkOyzEDm99ecYRKEE-g",
          "name": "nombre",
          "type": null,
          "probability": 1,
          "modifiers": [
            "public"
          ],
          "to_variable": {
            "key": "_lNvu0eyzEDm99ecYRKEE-g",
            "name": "nombre",
            "type": null,
            "modifiers": [
              "public"
            ],
            "position": {}
          },
          "position": {}
        },
        "_cg56gOyzEDm99ecYRKEE-g": {
          "key": "_cg56gOyzEDm99ecYRKEE-g",
          "name": "id",
          "type": null,
          "probability": 1,
          "modifiers": [
            "public"
          ],
          "to_variable": {
            "key": "_mptWgeyzEDm99ecYRKEE-g",
            "name": "id",
            "type": null,
            "modifiers": [
              "public"
            ],
            "position": {}
          },
          "position": {}
        },
        "_e38DUeyzEDm99ecYRKEE-g": {
          "key": "_e38DUeyzEDm99ecYRKEE-g",
          "name": "cargo",
          "type": null,
          "probability": 1,
          "modifiers": [
            "public"
          ],
          "to_variable": {
            "key": "_jLxQAOyzEDm99ecYRKEE-g",
            "name": "cargo",
            "type": null,
            "modifiers": [
              "public"
            ],
            "position": {}
          },
          "position": {}
        },
        "_qEKEIeyzEDm99ecYRKEE-g": {
          "key": "_qEKEIeyzEDm99ecYRKEE-g",
          "name": "lugar_trabajo",
          "type": null,
          "probability": 1,
          "modifiers": [
            "public"
          ],
          "to_variable": {
            "key": "_sVBTgeyzEDm99ecYRKEE-g",
            "name": "lugar_trabajo",
            "type": null,
            "modifiers": [
              "public"
            ],
            "position": {}
          },
          "position": {}
        }
      }
    },
    "fields_to_fields_data_clump-./Empleado-_kczMUOyuEDm99ecYRKEE-g-_mAVboOyuEDm99ecYRKEE-g-cargonombreidlugar_trabajo": {
      "type": "data_clump",
      "key": "fields_to_fields_data_clump-./Empleado-_kczMUOyuEDm99ecYRKEE-g-_mAVboOyuEDm99ecYRKEE-g-cargonombreidlugar_trabajo",
      "probability": 1,
      "from_file_path": "./Empleado",
      "from_class_or_interface_name": "Empleado",
      "from_class_or_interface_key": "_kczMUOyuEDm99ecYRKEE-g",
      "from_method_name": null,
      "from_method_key": null,
      "to_file_path": "./Administrativo",
      "to_class_or_interface_key": "_mAVboOyuEDm99ecYRKEE-g",
      "to_class_or_interface_name": "Empleado",
      "to_method_key": null,
      "to_method_name": null,
      "data_clump_type": "fields_to_fields_data_clump",
      "data_clump_data": {
        "_jLxQAOyzEDm99ecYRKEE-g": {
          "key": "_jLxQAOyzEDm99ecYRKEE-g",
          "name": "cargo",
          "type": null,
          "probability": 1,
          "modifiers": [
            "public"
          ],
          "to_variable": {
            "key": "_e38DUeyzEDm99ecYRKEE-g",
            "name": "cargo",
            "type": null,
            "modifiers": [
              "public"
            ],
            "position": {}
          },
          "position": {}
        },
        "_lNvu0eyzEDm99ecYRKEE-g": {
          "key": "_lNvu0eyzEDm99ecYRKEE-g",
          "name": "nombre",
          "type": null,
          "probability": 1,
          "modifiers": [
            "public"
          ],
          "to_variable": {
            "key": "_aL1gkOyzEDm99ecYRKEE-g",
            "name": "nombre",
            "type": null,
            "modifiers": [
              "public"
            ],
            "position": {}
          },
          "position": {}
        },
        "_mptWgeyzEDm99ecYRKEE-g": {
          "key": "_mptWgeyzEDm99ecYRKEE-g",
          "name": "id",
          "type": null,
          "probability": 1,
          "modifiers": [
            "public"
          ],
          "to_variable": {
            "key": "_cg56gOyzEDm99ecYRKEE-g",
            "name": "id",
            "type": null,
            "modifiers": [
              "public"
            ],
            "position": {}
          },
          "position": {}
        },
        "_sVBTgeyzEDm99ecYRKEE-g": {
          "key": "_sVBTgeyzEDm99ecYRKEE-g",
          "name": "lugar_trabajo",
          "type": null,
          "probability": 1,
          "modifiers": [
            "public"
          ],
          "to_variable": {
            "key": "_qEKEIeyzEDm99ecYRKEE-g",
            "name": "lugar_trabajo",
            "type": null,
            "modifiers": [
              "public"
            ],
            "position": {}
          },
          "position": {}
        }
      }
    }
  }
}