{
  "report_version": "unknown",
  "report_timestamp": "2025-03-26T22:33:15.670Z",
  "target_language": "java",
  "report_summary": {
    "additional": null,
    "amount_classes_or_interfaces_with_data_clumps": 3,
    "amount_files_with_data_clumps": 3,
    "amount_methods_with_data_clumps": 0,
    "fields_to_fields_data_clump": 6,
    "parameters_to_fields_data_clump": 0,
    "parameters_to_parameters_data_clump": 0,
    "amount_data_clumps": 6
  },
  "project_info": {
    "project_url": "unknown_project_url",
    "project_name": "_BgdLgDTkEemuL8kiMfd-Jw",
    "project_version": "unknown_project_version",
    "project_commit_hash": "unknown",
    "project_tag": null,
    "project_commit_date": null,
    "additional": {},
    "number_of_files": 4,
    "number_of_classes_or_interfaces": 4,
    "number_of_methods": 0,
    "number_of_data_fields": 44,
    "number_of_method_parameters": 0
  },
  "detector": {
    "name": "data-clumps-doctor",
    "url": "https://github.com/NilsBaumgartner1994/data-clumps-doctor",
    "version": "0.1.100",
    "options": {
      "typeVariablesConsidered": false,
      "similarityModifierOfVariablesWithUnknownType": 0,
      "fieldsOfClassesWithUnknownHierarchyProbabilityModifier": 0,
      "sharedFieldsToFieldsAmountMinimum": 3,
      "analyseFieldsInClassesOrInterfacesInheritedFromSuperClassesOrInterfaces": false,
      "sharedParametersToParametersAmountMinimum": 3,
      "sharedParametersToFieldsAmountMinimum": 3,
      "methodsOfClassesOrInterfacesWithUnknownHierarchyProbabilityModifier": 0
    }
  },
  "data_clumps": {
    "fields_to_fields_data_clump-./DEPENDENT-_-gus4RcUEDesfPl__kFUQw-_hIa5oBcVEDesfPl__kFUQw-IDMEMID_NOLASTNAMEFIRSTNAMEEXT_NAMESEXBIRTHDAY": {
      "type": "data_clump",
      "key": "fields_to_fields_data_clump-./DEPENDENT-_-gus4RcUEDesfPl__kFUQw-_hIa5oBcVEDesfPl__kFUQw-IDMEMID_NOLASTNAMEFIRSTNAMEEXT_NAMESEXBIRTHDAY",
      "probability": 1,
      "from_file_path": "./DEPENDENT",
      "from_class_or_interface_name": "DEPENDENT",
      "from_class_or_interface_key": "_-gus4RcUEDesfPl__kFUQw",
      "from_method_name": null,
      "from_method_key": null,
      "to_file_path": "./EXTRACTED",
      "to_class_or_interface_key": "_hIa5oBcVEDesfPl__kFUQw",
      "to_class_or_interface_name": "DEPENDENT",
      "to_method_key": null,
      "to_method_name": null,
      "data_clump_type": "fields_to_fields_data_clump",
      "data_clump_data": {
        "_ILjzcRcVEDesfPl__kFUQw": {
          "key": "_ILjzcRcVEDesfPl__kFUQw",
          "name": "ID",
          "type": null,
          "probability": 1,
          "modifiers": [
            "public"
          ],
          "to_variable": {
            "key": "_jpknwBcVEDesfPl__kFUQw",
            "name": "ID",
            "type": null,
            "modifiers": [
              "public"
            ],
            "position": {}
          },
          "position": {}
        },
        "_JSpXURcVEDesfPl__kFUQw": {
          "key": "_JSpXURcVEDesfPl__kFUQw",
          "name": "MEMID_NO",
          "type": null,
          "probability": 1,
          "modifiers": [
            "public"
          ],
          "to_variable": {
            "key": "_oOouYRcVEDesfPl__kFUQw",
            "name": "MEMID_NO",
            "type": null,
            "modifiers": [
              "public"
            ],
            "position": {}
          },
          "position": {}
        },
        "_LrnZ0BcVEDesfPl__kFUQw": {
          "key": "_LrnZ0BcVEDesfPl__kFUQw",
          "name": "LASTNAME",
          "type": null,
          "probability": 1,
          "modifiers": [
            "public"
          ],
          "to_variable": {
            "key": "_pXa7YRcVEDesfPl__kFUQw",
            "name": "LASTNAME",
            "type": null,
            "modifiers": [
              "public"
            ],
            "position": {}
          },
          "position": {}
        },
        "_MgaT0BcVEDesfPl__kFUQw": {
          "key": "_MgaT0BcVEDesfPl__kFUQw",
          "name": "FIRSTNAME",
          "type": null,
          "probability": 1,
          "modifiers": [
            "public"
          ],
          "to_variable": {
            "key": "_qNJCcRcVEDesfPl__kFUQw",
            "name": "FIRSTNAME",
            "type": null,
            "modifiers": [
              "public"
            ],
            "position": {}
          },
          "position": {}
        },
        "_OuYAMRcVEDesfPl__kFUQw": {
          "key": "_OuYAMRcVEDesfPl__kFUQw",
          "name": "EXT_NAME",
          "type": null,
          "probability": 1,
          "modifiers": [
            "public"
          ],
          "to_variable": {
            "key": "_tBqYgRcVEDesfPl__kFUQw",
            "name": "EXT_NAME",
            "type": null,
            "modifiers": [
              "public"
            ],
            "position": {}
          },
          "position": {}
        },
        "_PiC40BcVEDesfPl__kFUQw": {
          "key": "_PiC40BcVEDesfPl__kFUQw",
          "name": "SEX",
          "type": null,
          "probability": 1,
          "modifiers": [
            "public"
          ],
          "to_variable": {
            "key": "_upzbARcVEDesfPl__kFUQw",
            "name": "SEX",
            "type": null,
            "modifiers": [
              "public"
            ],
            "position": {}
          },
          "position": {}
        },
        "_QnwjsRcVEDesfPl__kFUQw": {
          "key": "_QnwjsRcVEDesfPl__kFUQw",
          "name": "BIRTHDAY",
          "type": null,
          "probability": 1,
          "modifiers": [
            "public"
          ],
          "to_variable": {
            "key": "_t6bMgRcVEDesfPl__kFUQw",
            "name": "BIRTHDAY",
            "type": null,
            "modifiers": [
              "public"
            ],
            "position": {}
          },
          "position": {}
        }
      }
    },
    "fields_to_fields_data_clump-./DEPENDENT-_-gus4RcUEDesfPl__kFUQw-_F7nRcRcSEDesfPl__kFUQw-MEMID_NOLASTNAMEFIRSTNAMEEXT_NAMESEXBIRTHDAY": {
      "type": "data_clump",
      "key": "fields_to_fields_data_clump-./DEPENDENT-_-gus4RcUEDesfPl__kFUQw-_F7nRcRcSEDesfPl__kFUQw-MEMID_NOLASTNAMEFIRSTNAMEEXT_NAMESEXBIRTHDAY",
      "probability": 1,
      "from_file_path": "./DEPENDENT",
      "from_class_or_interface_name": "DEPENDENT",
      "from_class_or_interface_key": "_-gus4RcUEDesfPl__kFUQw",
      "from_method_name": null,
      "from_method_key": null,
      "to_file_path": "./MEMBERS",
      "to_class_or_interface_key": "_F7nRcRcSEDesfPl__kFUQw",
      "to_class_or_interface_name": "DEPENDENT",
      "to_method_key": null,
      "to_method_name": null,
      "data_clump_type": "fields_to_fields_data_clump",
      "data_clump_data": {
        "_JSpXURcVEDesfPl__kFUQw": {
          "key": "_JSpXURcVEDesfPl__kFUQw",
          "name": "MEMID_NO",
          "type": null,
          "probability": 1,
          "modifiers": [
            "public"
          ],
          "to_variable": {
            "key": "_XtpdwBcUEDesfPl__kFUQw",
            "name": "MEMID_NO",
            "type": null,
            "modifiers": [
              "public"
            ],
            "position": {}
          },
          "position": {}
        },
        "_LrnZ0BcVEDesfPl__kFUQw": {
          "key": "_LrnZ0BcVEDesfPl__kFUQw",
          "name": "LASTNAME",
          "type": null,
          "probability": 1,
          "modifiers": [
            "public"
          ],
          "to_variable": {
            "key": "_ZKM7URcUEDesfPl__kFUQw",
            "name": "LASTNAME",
            "type": null,
            "modifiers": [
              "public"
            ],
            "position": {}
          },
          "position": {}
        },
        "_MgaT0BcVEDesfPl__kFUQw": {
          "key": "_MgaT0BcVEDesfPl__kFUQw",
          "name": "FIRSTNAME",
          "type": null,
          "probability": 1,
          "modifiers": [
            "public"
          ],
          "to_variable": {
            "key": "_aKodkRcUEDesfPl__kFUQw",
            "name": "FIRSTNAME",
            "type": null,
            "modifiers": [
              "public"
            ],
            "position": {}
          },
          "position": {}
        },
        "_OuYAMRcVEDesfPl__kFUQw": {
          "key": "_OuYAMRcVEDesfPl__kFUQw",
          "name": "EXT_NAME",
          "type": null,
          "probability": 1,
          "modifiers": [
            "public"
          ],
          "to_variable": {
            "key": "_ce2i8RcUEDesfPl__kFUQw",
            "name": "EXT_NAME",
            "type": null,
            "modifiers": [
              "public"
            ],
            "position": {}
          },
          "position": {}
        },
        "_PiC40BcVEDesfPl__kFUQw": {
          "key": "_PiC40BcVEDesfPl__kFUQw",
          "name": "SEX",
          "type": null,
          "probability": 1,
          "modifiers": [
            "public"
          ],
          "to_variable": {
            "key": "_dlok0RcUEDesfPl__kFUQw",
            "name": "SEX",
            "type": null,
            "modifiers": [
              "public"
            ],
            "position": {}
          },
          "position": {}
        },
        "_QnwjsRcVEDesfPl__kFUQw": {
          "key": "_QnwjsRcVEDesfPl__kFUQw",
          "name": "BIRTHDAY",
          "type": null,
          "probability": 1,
          "modifiers": [
            "public"
          ],
          "to_variable": {
            "key": "_e8S1wBcUEDesfPl__kFUQw",
            "name": "BIRTHDAY",
            "type": null,
            "modifiers": [
              "public"
            ],
            "position": {}
          },
          "position": {}
        }
      }
    },
    "fields_to_fields_data_clump-./EXTRACTED-_hIa5oBcVEDesfPl__kFUQw-_-gus4RcUEDesfPl__kFUQw-IDMEMID_NOLASTNAMEFIRSTNAMEEXT_NAMEBIRTHDAYSEX": {
      "type": "data_clump",
      "key": "fields_to_fields_data_clump-./EXTRACTED-_hIa5oBcVEDesfPl__kFUQw-_-gus4RcUEDesfPl__kFUQw-IDMEMID_NOLASTNAMEFIRSTNAMEEXT_NAMEBIRTHDAYSEX",
      "probability": 1,
      "from_file_path": "./EXTRACTED",
      "from_class_or_interface_name": "EXTRACTED",
      "from_class_or_interface_key": "_hIa5oBcVEDesfPl__kFUQw",
      "from_method_name": null,
      "from_method_key": null,
      "to_file_path": "./DEPENDENT",
      "to_class_or_interface_key": "_-gus4RcUEDesfPl__kFUQw",
      "to_class_or_interface_name": "EXTRACTED",
      "to_method_key": null,
      "to_method_name": null,
      "data_clump_type": "fields_to_fields_data_clump",
      "data_clump_data": {
        "_jpknwBcVEDesfPl__kFUQw": {
          "key": "_jpknwBcVEDesfPl__kFUQw",
          "name": "ID",
          "type": null,
          "probability": 1,
          "modifiers": [
            "public"
          ],
          "to_variable": {
            "key": "_ILjzcRcVEDesfPl__kFUQw",
            "name": "ID",
            "type": null,
            "modifiers": [
              "public"
            ],
            "position": {}
          },
          "position": {}
        },
        "_oOouYRcVEDesfPl__kFUQw": {
          "key": "_oOouYRcVEDesfPl__kFUQw",
          "name": "MEMID_NO",
          "type": null,
          "probability": 1,
          "modifiers": [
            "public"
          ],
          "to_variable": {
            "key": "_JSpXURcVEDesfPl__kFUQw",
            "name": "MEMID_NO",
            "type": null,
            "modifiers": [
              "public"
            ],
            "position": {}
          },
          "position": {}
        },
        "_pXa7YRcVEDesfPl__kFUQw": {
          "key": "_pXa7YRcVEDesfPl__kFUQw",
          "name": "LASTNAME",
          "type": null,
          "probability": 1,
          "modifiers": [
            "public"
          ],
          "to_variable": {
            "key": "_LrnZ0BcVEDesfPl__kFUQw",
            "name": "LASTNAME",
            "type": null,
            "modifiers": [
              "public"
            ],
            "position": {}
          },
          "position": {}
        },
        "_qNJCcRcVEDesfPl__kFUQw": {
          "key": "_qNJCcRcVEDesfPl__kFUQw",
          "name": "FIRSTNAME",
          "type": null,
          "probability": 1,
          "modifiers": [
            "public"
          ],
          "to_variable": {
            "key": "_MgaT0BcVEDesfPl__kFUQw",
            "name": "FIRSTNAME",
            "type": null,
            "modifiers": [
              "public"
            ],
            "position": {}
          },
          "position": {}
        },
        "_tBqYgRcVEDesfPl__kFUQw": {
          "key": "_tBqYgRcVEDesfPl__kFUQw",
          "name": "EXT_NAME",
          "type": null,
          "probability": 1,
          "modifiers": [
            "public"
          ],
          "to_variable": {
            "key": "_OuYAMRcVEDesfPl__kFUQw",
            "name": "EXT_NAME",
            "type": null,
            "modifiers": [
              "public"
            ],
            "position": {}
          },
          "position": {}
        },
        "_t6bMgRcVEDesfPl__kFUQw": {
          "key": "_t6bMgRcVEDesfPl__kFUQw",
          "name": "BIRTHDAY",
          "type": null,
          "probability": 1,
          "modifiers": [
            "public"
          ],
          "to_variable": {
            "key": "_QnwjsRcVEDesfPl__kFUQw",
            "name": "BIRTHDAY",
            "type": null,
            "modifiers": [
              "public"
            ],
            "position": {}
          },
          "position": {}
        },
        "_upzbARcVEDesfPl__kFUQw": {
          "key": "_upzbARcVEDesfPl__kFUQw",
          "name": "SEX",
          "type": null,
          "probability": 1,
          "modifiers": [
            "public"
          ],
          "to_variable": {
            "key": "_PiC40BcVEDesfPl__kFUQw",
            "name": "SEX",
            "type": null,
            "modifiers": [
              "public"
            ],
            "position": {}
          },
          "position": {}
        }
      }
    },
    "fields_to_fields_data_clump-./EXTRACTED-_hIa5oBcVEDesfPl__kFUQw-_F7nRcRcSEDesfPl__kFUQw-BATCH_REFERENCEMEMID_NOLASTNAMEFIRSTNAMEMIDDLENAMEEXT_NAMEBIRTHDAYSEXPROVINCEMUNICIPALITYBARANGAY": {
      "type": "data_clump",
      "key": "fields_to_fields_data_clump-./EXTRACTED-_hIa5oBcVEDesfPl__kFUQw-_F7nRcRcSEDesfPl__kFUQw-BATCH_REFERENCEMEMID_NOLASTNAMEFIRSTNAMEMIDDLENAMEEXT_NAMEBIRTHDAYSEXPROVINCEMUNICIPALITYBARANGAY",
      "probability": 1,
      "from_file_path": "./EXTRACTED",
      "from_class_or_interface_name": "EXTRACTED",
      "from_class_or_interface_key": "_hIa5oBcVEDesfPl__kFUQw",
      "from_method_name": null,
      "from_method_key": null,
      "to_file_path": "./MEMBERS",
      "to_class_or_interface_key": "_F7nRcRcSEDesfPl__kFUQw",
      "to_class_or_interface_name": "EXTRACTED",
      "to_method_key": null,
      "to_method_name": null,
      "data_clump_type": "fields_to_fields_data_clump",
      "data_clump_data": {
        "_lf0-wRcVEDesfPl__kFUQw": {
          "key": "_lf0-wRcVEDesfPl__kFUQw",
          "name": "BATCH_REFERENCE",
          "type": null,
          "probability": 1,
          "modifiers": [
            "public"
          ],
          "to_variable": {
            "key": "_PAmOERcUEDesfPl__kFUQw",
            "name": "BATCH_REFERENCE",
            "type": null,
            "modifiers": [
              "public"
            ],
            "position": {}
          },
          "position": {}
        },
        "_oOouYRcVEDesfPl__kFUQw": {
          "key": "_oOouYRcVEDesfPl__kFUQw",
          "name": "MEMID_NO",
          "type": null,
          "probability": 1,
          "modifiers": [
            "public"
          ],
          "to_variable": {
            "key": "_XtpdwBcUEDesfPl__kFUQw",
            "name": "MEMID_NO",
            "type": null,
            "modifiers": [
              "public"
            ],
            "position": {}
          },
          "position": {}
        },
        "_pXa7YRcVEDesfPl__kFUQw": {
          "key": "_pXa7YRcVEDesfPl__kFUQw",
          "name": "LASTNAME",
          "type": null,
          "probability": 1,
          "modifiers": [
            "public"
          ],
          "to_variable": {
            "key": "_ZKM7URcUEDesfPl__kFUQw",
            "name": "LASTNAME",
            "type": null,
            "modifiers": [
              "public"
            ],
            "position": {}
          },
          "position": {}
        },
        "_qNJCcRcVEDesfPl__kFUQw": {
          "key": "_qNJCcRcVEDesfPl__kFUQw",
          "name": "FIRSTNAME",
          "type": null,
          "probability": 1,
          "modifiers": [
            "public"
          ],
          "to_variable": {
            "key": "_aKodkRcUEDesfPl__kFUQw",
            "name": "FIRSTNAME",
            "type": null,
            "modifiers": [
              "public"
            ],
            "position": {}
          },
          "position": {}
        },
        "_rFIaYRcVEDesfPl__kFUQw": {
          "key": "_rFIaYRcVEDesfPl__kFUQw",
          "name": "MIDDLENAME",
          "type": null,
          "probability": 1,
          "modifiers": [
            "public"
          ],
          "to_variable": {
            "key": "_bfmscRcUEDesfPl__kFUQw",
            "name": "MIDDLENAME",
            "type": null,
            "modifiers": [
              "public"
            ],
            "position": {}
          },
          "position": {}
        },
        "_tBqYgRcVEDesfPl__kFUQw": {
          "key": "_tBqYgRcVEDesfPl__kFUQw",
          "name": "EXT_NAME",
          "type": null,
          "probability": 1,
          "modifiers": [
            "public"
          ],
          "to_variable": {
            "key": "_ce2i8RcUEDesfPl__kFUQw",
            "name": "EXT_NAME",
            "type": null,
            "modifiers": [
              "public"
            ],
            "position": {}
          },
          "position": {}
        },
        "_t6bMgRcVEDesfPl__kFUQw": {
          "key": "_t6bMgRcVEDesfPl__kFUQw",
          "name": "BIRTHDAY",
          "type": null,
          "probability": 1,
          "modifiers": [
            "public"
          ],
          "to_variable": {
            "key": "_e8S1wBcUEDesfPl__kFUQw",
            "name": "BIRTHDAY",
            "type": null,
            "modifiers": [
              "public"
            ],
            "position": {}
          },
          "position": {}
        },
        "_upzbARcVEDesfPl__kFUQw": {
          "key": "_upzbARcVEDesfPl__kFUQw",
          "name": "SEX",
          "type": null,
          "probability": 1,
          "modifiers": [
            "public"
          ],
          "to_variable": {
            "key": "_dlok0RcUEDesfPl__kFUQw",
            "name": "SEX",
            "type": null,
            "modifiers": [
              "public"
            ],
            "position": {}
          },
          "position": {}
        },
        "_vJgOwRcVEDesfPl__kFUQw": {
          "key": "_vJgOwRcVEDesfPl__kFUQw",
          "name": "PROVINCE",
          "type": null,
          "probability": 1,
          "modifiers": [
            "public"
          ],
          "to_variable": {
            "key": "_quAJQBcUEDesfPl__kFUQw",
            "name": "PROVINCE",
            "type": null,
            "modifiers": [
              "public"
            ],
            "position": {}
          },
          "position": {}
        },
        "_wfB3QRcVEDesfPl__kFUQw": {
          "key": "_wfB3QRcVEDesfPl__kFUQw",
          "name": "MUNICIPALITY",
          "type": null,
          "probability": 1,
          "modifiers": [
            "public"
          ],
          "to_variable": {
            "key": "_oXPtQBcUEDesfPl__kFUQw",
            "name": "MUNICIPALITY",
            "type": null,
            "modifiers": [
              "public"
            ],
            "position": {}
          },
          "position": {}
        },
        "_yl9HgBcVEDesfPl__kFUQw": {
          "key": "_yl9HgBcVEDesfPl__kFUQw",
          "name": "BARANGAY",
          "type": null,
          "probability": 1,
          "modifiers": [
            "public"
          ],
          "to_variable": {
            "key": "_mTmagRcUEDesfPl__kFUQw",
            "name": "BARANGAY",
            "type": null,
            "modifiers": [
              "public"
            ],
            "position": {}
          },
          "position": {}
        }
      }
    },
    "fields_to_fields_data_clump-./MEMBERS-_F7nRcRcSEDesfPl__kFUQw-_-gus4RcUEDesfPl__kFUQw-MEMID_NOLASTNAMEFIRSTNAMEEXT_NAMESEXBIRTHDAY": {
      "type": "data_clump",
      "key": "fields_to_fields_data_clump-./MEMBERS-_F7nRcRcSEDesfPl__kFUQw-_-gus4RcUEDesfPl__kFUQw-MEMID_NOLASTNAMEFIRSTNAMEEXT_NAMESEXBIRTHDAY",
      "probability": 1,
      "from_file_path": "./MEMBERS",
      "from_class_or_interface_name": "MEMBERS",
      "from_class_or_interface_key": "_F7nRcRcSEDesfPl__kFUQw",
      "from_method_name": null,
      "from_method_key": null,
      "to_file_path": "./DEPENDENT",
      "to_class_or_interface_key": "_-gus4RcUEDesfPl__kFUQw",
      "to_class_or_interface_name": "MEMBERS",
      "to_method_key": null,
      "to_method_name": null,
      "data_clump_type": "fields_to_fields_data_clump",
      "data_clump_data": {
        "_XtpdwBcUEDesfPl__kFUQw": {
          "key": "_XtpdwBcUEDesfPl__kFUQw",
          "name": "MEMID_NO",
          "type": null,
          "probability": 1,
          "modifiers": [
            "public"
          ],
          "to_variable": {
            "key": "_JSpXURcVEDesfPl__kFUQw",
            "name": "MEMID_NO",
            "type": null,
            "modifiers": [
              "public"
            ],
            "position": {}
          },
          "position": {}
        },
        "_ZKM7URcUEDesfPl__kFUQw": {
          "key": "_ZKM7URcUEDesfPl__kFUQw",
          "name": "LASTNAME",
          "type": null,
          "probability": 1,
          "modifiers": [
            "public"
          ],
          "to_variable": {
            "key": "_LrnZ0BcVEDesfPl__kFUQw",
            "name": "LASTNAME",
            "type": null,
            "modifiers": [
              "public"
            ],
            "position": {}
          },
          "position": {}
        },
        "_aKodkRcUEDesfPl__kFUQw": {
          "key": "_aKodkRcUEDesfPl__kFUQw",
          "name": "FIRSTNAME",
          "type": null,
          "probability": 1,
          "modifiers": [
            "public"
          ],
          "to_variable": {
            "key": "_MgaT0BcVEDesfPl__kFUQw",
            "name": "FIRSTNAME",
            "type": null,
            "modifiers": [
              "public"
            ],
            "position": {}
          },
          "position": {}
        },
        "_ce2i8RcUEDesfPl__kFUQw": {
          "key": "_ce2i8RcUEDesfPl__kFUQw",
          "name": "EXT_NAME",
          "type": null,
          "probability": 1,
          "modifiers": [
            "public"
          ],
          "to_variable": {
            "key": "_OuYAMRcVEDesfPl__kFUQw",
            "name": "EXT_NAME",
            "type": null,
            "modifiers": [
              "public"
            ],
            "position": {}
          },
          "position": {}
        },
        "_dlok0RcUEDesfPl__kFUQw": {
          "key": "_dlok0RcUEDesfPl__kFUQw",
          "name": "SEX",
          "type": null,
          "probability": 1,
          "modifiers": [
            "public"
          ],
          "to_variable": {
            "key": "_PiC40BcVEDesfPl__kFUQw",
            "name": "SEX",
            "type": null,
            "modifiers": [
              "public"
            ],
            "position": {}
          },
          "position": {}
        },
        "_e8S1wBcUEDesfPl__kFUQw": {
          "key": "_e8S1wBcUEDesfPl__kFUQw",
          "name": "BIRTHDAY",
          "type": null,
          "probability": 1,
          "modifiers": [
            "public"
          ],
          "to_variable": {
            "key": "_QnwjsRcVEDesfPl__kFUQw",
            "name": "BIRTHDAY",
            "type": null,
            "modifiers": [
              "public"
            ],
            "position": {}
          },
          "position": {}
        }
      }
    },
    "fields_to_fields_data_clump-./MEMBERS-_F7nRcRcSEDesfPl__kFUQw-_hIa5oBcVEDesfPl__kFUQw-BATCH_REFERENCEMEMID_NOLASTNAMEFIRSTNAMEMIDDLENAMEEXT_NAMESEXBIRTHDAYBARANGAYMUNICIPALITYPROVINCE": {
      "type": "data_clump",
      "key": "fields_to_fields_data_clump-./MEMBERS-_F7nRcRcSEDesfPl__kFUQw-_hIa5oBcVEDesfPl__kFUQw-BATCH_REFERENCEMEMID_NOLASTNAMEFIRSTNAMEMIDDLENAMEEXT_NAMESEXBIRTHDAYBARANGAYMUNICIPALITYPROVINCE",
      "probability": 1,
      "from_file_path": "./MEMBERS",
      "from_class_or_interface_name": "MEMBERS",
      "from_class_or_interface_key": "_F7nRcRcSEDesfPl__kFUQw",
      "from_method_name": null,
      "from_method_key": null,
      "to_file_path": "./EXTRACTED",
      "to_class_or_interface_key": "_hIa5oBcVEDesfPl__kFUQw",
      "to_class_or_interface_name": "MEMBERS",
      "to_method_key": null,
      "to_method_name": null,
      "data_clump_type": "fields_to_fields_data_clump",
      "data_clump_data": {
        "_PAmOERcUEDesfPl__kFUQw": {
          "key": "_PAmOERcUEDesfPl__kFUQw",
          "name": "BATCH_REFERENCE",
          "type": null,
          "probability": 1,
          "modifiers": [
            "public"
          ],
          "to_variable": {
            "key": "_lf0-wRcVEDesfPl__kFUQw",
            "name": "BATCH_REFERENCE",
            "type": null,
            "modifiers": [
              "public"
            ],
            "position": {}
          },
          "position": {}
        },
        "_XtpdwBcUEDesfPl__kFUQw": {
          "key": "_XtpdwBcUEDesfPl__kFUQw",
          "name": "MEMID_NO",
          "type": null,
          "probability": 1,
          "modifiers": [
            "public"
          ],
          "to_variable": {
            "key": "_oOouYRcVEDesfPl__kFUQw",
            "name": "MEMID_NO",
            "type": null,
            "modifiers": [
              "public"
            ],
            "position": {}
          },
          "position": {}
        },
        "_ZKM7URcUEDesfPl__kFUQw": {
          "key": "_ZKM7URcUEDesfPl__kFUQw",
          "name": "LASTNAME",
          "type": null,
          "probability": 1,
          "modifiers": [
            "public"
          ],
          "to_variable": {
            "key": "_pXa7YRcVEDesfPl__kFUQw",
            "name": "LASTNAME",
            "type": null,
            "modifiers": [
              "public"
            ],
            "position": {}
          },
          "position": {}
        },
        "_aKodkRcUEDesfPl__kFUQw": {
          "key": "_aKodkRcUEDesfPl__kFUQw",
          "name": "FIRSTNAME",
          "type": null,
          "probability": 1,
          "modifiers": [
            "public"
          ],
          "to_variable": {
            "key": "_qNJCcRcVEDesfPl__kFUQw",
            "name": "FIRSTNAME",
            "type": null,
            "modifiers": [
              "public"
            ],
            "position": {}
          },
          "position": {}
        },
        "_bfmscRcUEDesfPl__kFUQw": {
          "key": "_bfmscRcUEDesfPl__kFUQw",
          "name": "MIDDLENAME",
          "type": null,
          "probability": 1,
          "modifiers": [
            "public"
          ],
          "to_variable": {
            "key": "_rFIaYRcVEDesfPl__kFUQw",
            "name": "MIDDLENAME",
            "type": null,
            "modifiers": [
              "public"
            ],
            "position": {}
          },
          "position": {}
        },
        "_ce2i8RcUEDesfPl__kFUQw": {
          "key": "_ce2i8RcUEDesfPl__kFUQw",
          "name": "EXT_NAME",
          "type": null,
          "probability": 1,
          "modifiers": [
            "public"
          ],
          "to_variable": {
            "key": "_tBqYgRcVEDesfPl__kFUQw",
            "name": "EXT_NAME",
            "type": null,
            "modifiers": [
              "public"
            ],
            "position": {}
          },
          "position": {}
        },
        "_dlok0RcUEDesfPl__kFUQw": {
          "key": "_dlok0RcUEDesfPl__kFUQw",
          "name": "SEX",
          "type": null,
          "probability": 1,
          "modifiers": [
            "public"
          ],
          "to_variable": {
            "key": "_upzbARcVEDesfPl__kFUQw",
            "name": "SEX",
            "type": null,
            "modifiers": [
              "public"
            ],
            "position": {}
          },
          "position": {}
        },
        "_e8S1wBcUEDesfPl__kFUQw": {
          "key": "_e8S1wBcUEDesfPl__kFUQw",
          "name": "BIRTHDAY",
          "type": null,
          "probability": 1,
          "modifiers": [
            "public"
          ],
          "to_variable": {
            "key": "_t6bMgRcVEDesfPl__kFUQw",
            "name": "BIRTHDAY",
            "type": null,
            "modifiers": [
              "public"
            ],
            "position": {}
          },
          "position": {}
        },
        "_mTmagRcUEDesfPl__kFUQw": {
          "key": "_mTmagRcUEDesfPl__kFUQw",
          "name": "BARANGAY",
          "type": null,
          "probability": 1,
          "modifiers": [
            "public"
          ],
          "to_variable": {
            "key": "_yl9HgBcVEDesfPl__kFUQw",
            "name": "BARANGAY",
            "type": null,
            "modifiers": [
              "public"
            ],
            "position": {}
          },
          "position": {}
        },
        "_oXPtQBcUEDesfPl__kFUQw": {
          "key": "_oXPtQBcUEDesfPl__kFUQw",
          "name": "MUNICIPALITY",
          "type": null,
          "probability": 1,
          "modifiers": [
            "public"
          ],
          "to_variable": {
            "key": "_wfB3QRcVEDesfPl__kFUQw",
            "name": "MUNICIPALITY",
            "type": null,
            "modifiers": [
              "public"
            ],
            "position": {}
          },
          "position": {}
        },
        "_quAJQBcUEDesfPl__kFUQw": {
          "key": "_quAJQBcUEDesfPl__kFUQw",
          "name": "PROVINCE",
          "type": null,
          "probability": 1,
          "modifiers": [
            "public"
          ],
          "to_variable": {
            "key": "_vJgOwRcVEDesfPl__kFUQw",
            "name": "PROVINCE",
            "type": null,
            "modifiers": [
              "public"
            ],
            "position": {}
          },
          "position": {}
        }
      }
    }
  }
}