{
  "report_version": "unknown",
  "report_timestamp": "2025-03-26T21:38:43.953Z",
  "target_language": "java",
  "report_summary": {
    "additional": null,
    "amount_classes_or_interfaces_with_data_clumps": 4,
    "amount_files_with_data_clumps": 4,
    "amount_methods_with_data_clumps": 0,
    "fields_to_fields_data_clump": 4,
    "parameters_to_fields_data_clump": 0,
    "parameters_to_parameters_data_clump": 0,
    "amount_data_clumps": 4
  },
  "project_info": {
    "project_url": "unknown_project_url",
    "project_name": "_BQUNUDW1EeiQp6eXyhUzBA",
    "project_version": "unknown_project_version",
    "project_commit_hash": "unknown",
    "project_tag": null,
    "project_commit_date": null,
    "additional": {},
    "number_of_files": 8,
    "number_of_classes_or_interfaces": 8,
    "number_of_methods": 0,
    "number_of_data_fields": 26,
    "number_of_method_parameters": 0
  },
  "detector": {
    "name": "data-clumps-doctor",
    "url": "https://github.com/NilsBaumgartner1994/data-clumps-doctor",
    "version": "0.1.100",
    "options": {
      "typeVariablesConsidered": false,
      "similarityModifierOfVariablesWithUnknownType": 0,
      "fieldsOfClassesWithUnknownHierarchyProbabilityModifier": 0,
      "sharedFieldsToFieldsAmountMinimum": 3,
      "analyseFieldsInClassesOrInterfacesInheritedFromSuperClassesOrInterfaces": false,
      "sharedParametersToParametersAmountMinimum": 3,
      "sharedParametersToFieldsAmountMinimum": 3,
      "methodsOfClassesOrInterfacesWithUnknownHierarchyProbabilityModifier": 0
    }
  },
  "data_clumps": {
    "fields_to_fields_data_clump-./lecturerlogin-_J5HqYBmOEDacMNjbUIubPg-_q6VPMRfmEDaGEMx7UrXLtw-usernamepasswordnewuser": {
      "type": "data_clump",
      "key": "fields_to_fields_data_clump-./lecturerlogin-_J5HqYBmOEDacMNjbUIubPg-_q6VPMRfmEDaGEMx7UrXLtw-usernamepasswordnewuser",
      "probability": 1,
      "from_file_path": "./lecturerlogin",
      "from_class_or_interface_name": "lecturerlogin",
      "from_class_or_interface_key": "_J5HqYBmOEDacMNjbUIubPg",
      "from_method_name": null,
      "from_method_key": null,
      "to_file_path": "./studentlogin",
      "to_class_or_interface_key": "_q6VPMRfmEDaGEMx7UrXLtw",
      "to_class_or_interface_name": "lecturerlogin",
      "to_method_key": null,
      "to_method_name": null,
      "data_clump_type": "fields_to_fields_data_clump",
      "data_clump_data": {
        "_J5IRcBmOEDacMNjbUIubPg": {
          "key": "_J5IRcBmOEDacMNjbUIubPg",
          "name": "username",
          "type": null,
          "probability": 1,
          "modifiers": [
            "public"
          ],
          "to_variable": {
            "key": "_r0a44BfmEDaGEMx7UrXLtw",
            "name": "username",
            "type": null,
            "modifiers": [
              "public"
            ],
            "position": {}
          },
          "position": {}
        },
        "_J5IRcRmOEDacMNjbUIubPg": {
          "key": "_J5IRcRmOEDacMNjbUIubPg",
          "name": "password",
          "type": null,
          "probability": 1,
          "modifiers": [
            "public"
          ],
          "to_variable": {
            "key": "_tmpEcRfmEDaGEMx7UrXLtw",
            "name": "password",
            "type": null,
            "modifiers": [
              "public"
            ],
            "position": {}
          },
          "position": {}
        },
        "_J5I4gRmOEDacMNjbUIubPg": {
          "key": "_J5I4gRmOEDacMNjbUIubPg",
          "name": "newuser",
          "type": null,
          "probability": 1,
          "modifiers": [
            "public"
          ],
          "to_variable": {
            "key": "_Bg2wIBfnEDaGEMx7UrXLtw",
            "name": "newuser",
            "type": null,
            "modifiers": [
              "public"
            ],
            "position": {}
          },
          "position": {}
        }
      }
    },
    "fields_to_fields_data_clump-./lecturersignup-_wjAWsBmNEDacMNjbUIubPg-_b5efIRfmEDaGEMx7UrXLtw-firstnamelastnamepasswordconfirmpassword": {
      "type": "data_clump",
      "key": "fields_to_fields_data_clump-./lecturersignup-_wjAWsBmNEDacMNjbUIubPg-_b5efIRfmEDaGEMx7UrXLtw-firstnamelastnamepasswordconfirmpassword",
      "probability": 1,
      "from_file_path": "./lecturersignup",
      "from_class_or_interface_name": "lecturersignup",
      "from_class_or_interface_key": "_wjAWsBmNEDacMNjbUIubPg",
      "from_method_name": null,
      "from_method_key": null,
      "to_file_path": "./studentsignup",
      "to_class_or_interface_key": "_b5efIRfmEDaGEMx7UrXLtw",
      "to_class_or_interface_name": "lecturersignup",
      "to_method_key": null,
      "to_method_name": null,
      "data_clump_type": "fields_to_fields_data_clump",
      "data_clump_data": {
        "_xlKXQBmNEDacMNjbUIubPg": {
          "key": "_xlKXQBmNEDacMNjbUIubPg",
          "name": "firstname",
          "type": null,
          "probability": 1,
          "modifiers": [
            "public"
          ],
          "to_variable": {
            "key": "_dnL-IBfmEDaGEMx7UrXLtw",
            "name": "firstname",
            "type": null,
            "modifiers": [
              "public"
            ],
            "position": {}
          },
          "position": {}
        },
        "_1kvLMBmNEDacMNjbUIubPg": {
          "key": "_1kvLMBmNEDacMNjbUIubPg",
          "name": "lastname",
          "type": null,
          "probability": 1,
          "modifiers": [
            "public"
          ],
          "to_variable": {
            "key": "_f5D6IBfmEDaGEMx7UrXLtw",
            "name": "lastname",
            "type": null,
            "modifiers": [
              "public"
            ],
            "position": {}
          },
          "position": {}
        },
        "_8w-IYBmNEDacMNjbUIubPg": {
          "key": "_8w-IYBmNEDacMNjbUIubPg",
          "name": "password",
          "type": null,
          "probability": 1,
          "modifiers": [
            "public"
          ],
          "to_variable": {
            "key": "_jnIHURfmEDaGEMx7UrXLtw",
            "name": "password",
            "type": null,
            "modifiers": [
              "public"
            ],
            "position": {}
          },
          "position": {}
        },
        "__KzGgRmNEDacMNjbUIubPg": {
          "key": "__KzGgRmNEDacMNjbUIubPg",
          "name": "confirmpassword",
          "type": null,
          "probability": 1,
          "modifiers": [
            "public"
          ],
          "to_variable": {
            "key": "_gHulIRmPEDacMNjbUIubPg",
            "name": "confirmpassword",
            "type": null,
            "modifiers": [
              "public"
            ],
            "position": {}
          },
          "position": {}
        }
      }
    },
    "fields_to_fields_data_clump-./studentlogin-_q6VPMRfmEDaGEMx7UrXLtw-_J5HqYBmOEDacMNjbUIubPg-usernamepasswordnewuser": {
      "type": "data_clump",
      "key": "fields_to_fields_data_clump-./studentlogin-_q6VPMRfmEDaGEMx7UrXLtw-_J5HqYBmOEDacMNjbUIubPg-usernamepasswordnewuser",
      "probability": 1,
      "from_file_path": "./studentlogin",
      "from_class_or_interface_name": "studentlogin",
      "from_class_or_interface_key": "_q6VPMRfmEDaGEMx7UrXLtw",
      "from_method_name": null,
      "from_method_key": null,
      "to_file_path": "./lecturerlogin",
      "to_class_or_interface_key": "_J5HqYBmOEDacMNjbUIubPg",
      "to_class_or_interface_name": "studentlogin",
      "to_method_key": null,
      "to_method_name": null,
      "data_clump_type": "fields_to_fields_data_clump",
      "data_clump_data": {
        "_r0a44BfmEDaGEMx7UrXLtw": {
          "key": "_r0a44BfmEDaGEMx7UrXLtw",
          "name": "username",
          "type": null,
          "probability": 1,
          "modifiers": [
            "public"
          ],
          "to_variable": {
            "key": "_J5IRcBmOEDacMNjbUIubPg",
            "name": "username",
            "type": null,
            "modifiers": [
              "public"
            ],
            "position": {}
          },
          "position": {}
        },
        "_tmpEcRfmEDaGEMx7UrXLtw": {
          "key": "_tmpEcRfmEDaGEMx7UrXLtw",
          "name": "password",
          "type": null,
          "probability": 1,
          "modifiers": [
            "public"
          ],
          "to_variable": {
            "key": "_J5IRcRmOEDacMNjbUIubPg",
            "name": "password",
            "type": null,
            "modifiers": [
              "public"
            ],
            "position": {}
          },
          "position": {}
        },
        "_Bg2wIBfnEDaGEMx7UrXLtw": {
          "key": "_Bg2wIBfnEDaGEMx7UrXLtw",
          "name": "newuser",
          "type": null,
          "probability": 1,
          "modifiers": [
            "public"
          ],
          "to_variable": {
            "key": "_J5I4gRmOEDacMNjbUIubPg",
            "name": "newuser",
            "type": null,
            "modifiers": [
              "public"
            ],
            "position": {}
          },
          "position": {}
        }
      }
    },
    "fields_to_fields_data_clump-./studentsignup-_b5efIRfmEDaGEMx7UrXLtw-_wjAWsBmNEDacMNjbUIubPg-firstnamelastnamepasswordconfirmpassword": {
      "type": "data_clump",
      "key": "fields_to_fields_data_clump-./studentsignup-_b5efIRfmEDaGEMx7UrXLtw-_wjAWsBmNEDacMNjbUIubPg-firstnamelastnamepasswordconfirmpassword",
      "probability": 1,
      "from_file_path": "./studentsignup",
      "from_class_or_interface_name": "studentsignup",
      "from_class_or_interface_key": "_b5efIRfmEDaGEMx7UrXLtw",
      "from_method_name": null,
      "from_method_key": null,
      "to_file_path": "./lecturersignup",
      "to_class_or_interface_key": "_wjAWsBmNEDacMNjbUIubPg",
      "to_class_or_interface_name": "studentsignup",
      "to_method_key": null,
      "to_method_name": null,
      "data_clump_type": "fields_to_fields_data_clump",
      "data_clump_data": {
        "_dnL-IBfmEDaGEMx7UrXLtw": {
          "key": "_dnL-IBfmEDaGEMx7UrXLtw",
          "name": "firstname",
          "type": null,
          "probability": 1,
          "modifiers": [
            "public"
          ],
          "to_variable": {
            "key": "_xlKXQBmNEDacMNjbUIubPg",
            "name": "firstname",
            "type": null,
            "modifiers": [
              "public"
            ],
            "position": {}
          },
          "position": {}
        },
        "_f5D6IBfmEDaGEMx7UrXLtw": {
          "key": "_f5D6IBfmEDaGEMx7UrXLtw",
          "name": "lastname",
          "type": null,
          "probability": 1,
          "modifiers": [
            "public"
          ],
          "to_variable": {
            "key": "_1kvLMBmNEDacMNjbUIubPg",
            "name": "lastname",
            "type": null,
            "modifiers": [
              "public"
            ],
            "position": {}
          },
          "position": {}
        },
        "_jnIHURfmEDaGEMx7UrXLtw": {
          "key": "_jnIHURfmEDaGEMx7UrXLtw",
          "name": "password",
          "type": null,
          "probability": 1,
          "modifiers": [
            "public"
          ],
          "to_variable": {
            "key": "_8w-IYBmNEDacMNjbUIubPg",
            "name": "password",
            "type": null,
            "modifiers": [
              "public"
            ],
            "position": {}
          },
          "position": {}
        },
        "_gHulIRmPEDacMNjbUIubPg": {
          "key": "_gHulIRmPEDacMNjbUIubPg",
          "name": "confirmpassword",
          "type": null,
          "probability": 1,
          "modifiers": [
            "public"
          ],
          "to_variable": {
            "key": "__KzGgRmNEDacMNjbUIubPg",
            "name": "confirmpassword",
            "type": null,
            "modifiers": [
              "public"
            ],
            "position": {}
          },
          "position": {}
        }
      }
    }
  }
}