{
  "report_version": "unknown",
  "report_timestamp": "2025-03-26T22:42:00.242Z",
  "target_language": "java",
  "report_summary": {
    "additional": null,
    "amount_classes_or_interfaces_with_data_clumps": 5,
    "amount_files_with_data_clumps": 5,
    "amount_methods_with_data_clumps": 0,
    "fields_to_fields_data_clump": 8,
    "parameters_to_fields_data_clump": 0,
    "parameters_to_parameters_data_clump": 0,
    "amount_data_clumps": 8
  },
  "project_info": {
    "project_url": "unknown_project_url",
    "project_name": "_SrTZMA8nEeyj5cUC8m1erQ",
    "project_version": "unknown_project_version",
    "project_commit_hash": "unknown",
    "project_tag": null,
    "project_commit_date": null,
    "additional": {},
    "number_of_files": 16,
    "number_of_classes_or_interfaces": 16,
    "number_of_methods": 17,
    "number_of_data_fields": 18,
    "number_of_method_parameters": 8
  },
  "detector": {
    "name": "data-clumps-doctor",
    "url": "https://github.com/NilsBaumgartner1994/data-clumps-doctor",
    "version": "0.1.100",
    "options": {
      "typeVariablesConsidered": false,
      "similarityModifierOfVariablesWithUnknownType": 0,
      "fieldsOfClassesWithUnknownHierarchyProbabilityModifier": 0,
      "sharedFieldsToFieldsAmountMinimum": 3,
      "analyseFieldsInClassesOrInterfacesInheritedFromSuperClassesOrInterfaces": false,
      "sharedParametersToParametersAmountMinimum": 3,
      "sharedParametersToFieldsAmountMinimum": 3,
      "methodsOfClassesOrInterfacesWithUnknownHierarchyProbabilityModifier": 0
    }
  },
  "data_clumps": {
    "fields_to_fields_data_clump-./CostoVariable-_OnPdkPRqEDmMIvygfFUM7A-_NiMroPRrEDmMIvygfFUM7A-tamañocostopeso": {
      "type": "data_clump",
      "key": "fields_to_fields_data_clump-./CostoVariable-_OnPdkPRqEDmMIvygfFUM7A-_NiMroPRrEDmMIvygfFUM7A-tamañocostopeso",
      "probability": 1,
      "from_file_path": "./CostoVariable",
      "from_class_or_interface_name": "CostoVariable",
      "from_class_or_interface_key": "_OnPdkPRqEDmMIvygfFUM7A",
      "from_method_name": null,
      "from_method_key": null,
      "to_file_path": "./Mercancia",
      "to_class_or_interface_key": "_NiMroPRrEDmMIvygfFUM7A",
      "to_class_or_interface_name": "CostoVariable",
      "to_method_key": null,
      "to_method_name": null,
      "data_clump_type": "fields_to_fields_data_clump",
      "data_clump_data": {
        "_HxNkcPRrEDmMIvygfFUM7A": {
          "key": "_HxNkcPRrEDmMIvygfFUM7A",
          "name": "tamaño",
          "type": null,
          "probability": 1,
          "modifiers": [
            "public"
          ],
          "to_variable": {
            "key": "_NiMro_RrEDmMIvygfFUM7A",
            "name": "tamaño",
            "type": null,
            "modifiers": [
              "public"
            ],
            "position": {}
          },
          "position": {}
        },
        "_HxOLgfRrEDmMIvygfFUM7A": {
          "key": "_HxOLgfRrEDmMIvygfFUM7A",
          "name": "costo",
          "type": null,
          "probability": 1,
          "modifiers": [
            "public"
          ],
          "to_variable": {
            "key": "_NiMrpfRrEDmMIvygfFUM7A",
            "name": "costo",
            "type": null,
            "modifiers": [
              "public"
            ],
            "position": {}
          },
          "position": {}
        },
        "_HxOLgvRrEDmMIvygfFUM7A": {
          "key": "_HxOLgvRrEDmMIvygfFUM7A",
          "name": "peso",
          "type": null,
          "probability": 1,
          "modifiers": [
            "public"
          ],
          "to_variable": {
            "key": "_NiMrofRrEDmMIvygfFUM7A",
            "name": "peso",
            "type": null,
            "modifiers": [
              "public"
            ],
            "position": {}
          },
          "position": {}
        }
      }
    },
    "fields_to_fields_data_clump-./CostoVariable-_OnPdkPRqEDmMIvygfFUM7A-_NiNSs_RrEDmMIvygfFUM7A-tamañocostopeso": {
      "type": "data_clump",
      "key": "fields_to_fields_data_clump-./CostoVariable-_OnPdkPRqEDmMIvygfFUM7A-_NiNSs_RrEDmMIvygfFUM7A-tamañocostopeso",
      "probability": 1,
      "from_file_path": "./CostoVariable",
      "from_class_or_interface_name": "CostoVariable",
      "from_class_or_interface_key": "_OnPdkPRqEDmMIvygfFUM7A",
      "from_method_name": null,
      "from_method_key": null,
      "to_file_path": "./Paquete",
      "to_class_or_interface_key": "_NiNSs_RrEDmMIvygfFUM7A",
      "to_class_or_interface_name": "CostoVariable",
      "to_method_key": null,
      "to_method_name": null,
      "data_clump_type": "fields_to_fields_data_clump",
      "data_clump_data": {
        "_HxNkcPRrEDmMIvygfFUM7A": {
          "key": "_HxNkcPRrEDmMIvygfFUM7A",
          "name": "tamaño",
          "type": null,
          "probability": 1,
          "modifiers": [
            "public"
          ],
          "to_variable": {
            "key": "_NiNStfRrEDmMIvygfFUM7A",
            "name": "tamaño",
            "type": null,
            "modifiers": [
              "public"
            ],
            "position": {}
          },
          "position": {}
        },
        "_HxOLgfRrEDmMIvygfFUM7A": {
          "key": "_HxOLgfRrEDmMIvygfFUM7A",
          "name": "costo",
          "type": null,
          "probability": 1,
          "modifiers": [
            "public"
          ],
          "to_variable": {
            "key": "_NiNStvRrEDmMIvygfFUM7A",
            "name": "costo",
            "type": null,
            "modifiers": [
              "public"
            ],
            "position": {}
          },
          "position": {}
        },
        "_HxOLgvRrEDmMIvygfFUM7A": {
          "key": "_HxOLgvRrEDmMIvygfFUM7A",
          "name": "peso",
          "type": null,
          "probability": 1,
          "modifiers": [
            "public"
          ],
          "to_variable": {
            "key": "_NiNStPRrEDmMIvygfFUM7A",
            "name": "peso",
            "type": null,
            "modifiers": [
              "public"
            ],
            "position": {}
          },
          "position": {}
        }
      }
    },
    "fields_to_fields_data_clump-./Mercancia-_NiMroPRrEDmMIvygfFUM7A-_OnPdkPRqEDmMIvygfFUM7A-pesotamañocosto": {
      "type": "data_clump",
      "key": "fields_to_fields_data_clump-./Mercancia-_NiMroPRrEDmMIvygfFUM7A-_OnPdkPRqEDmMIvygfFUM7A-pesotamañocosto",
      "probability": 1,
      "from_file_path": "./Mercancia",
      "from_class_or_interface_name": "Mercancia",
      "from_class_or_interface_key": "_NiMroPRrEDmMIvygfFUM7A",
      "from_method_name": null,
      "from_method_key": null,
      "to_file_path": "./CostoVariable",
      "to_class_or_interface_key": "_OnPdkPRqEDmMIvygfFUM7A",
      "to_class_or_interface_name": "Mercancia",
      "to_method_key": null,
      "to_method_name": null,
      "data_clump_type": "fields_to_fields_data_clump",
      "data_clump_data": {
        "_NiMrofRrEDmMIvygfFUM7A": {
          "key": "_NiMrofRrEDmMIvygfFUM7A",
          "name": "peso",
          "type": null,
          "probability": 1,
          "modifiers": [
            "public"
          ],
          "to_variable": {
            "key": "_HxOLgvRrEDmMIvygfFUM7A",
            "name": "peso",
            "type": null,
            "modifiers": [
              "public"
            ],
            "position": {}
          },
          "position": {}
        },
        "_NiMro_RrEDmMIvygfFUM7A": {
          "key": "_NiMro_RrEDmMIvygfFUM7A",
          "name": "tamaño",
          "type": null,
          "probability": 1,
          "modifiers": [
            "public"
          ],
          "to_variable": {
            "key": "_HxNkcPRrEDmMIvygfFUM7A",
            "name": "tamaño",
            "type": null,
            "modifiers": [
              "public"
            ],
            "position": {}
          },
          "position": {}
        },
        "_NiMrpfRrEDmMIvygfFUM7A": {
          "key": "_NiMrpfRrEDmMIvygfFUM7A",
          "name": "costo",
          "type": null,
          "probability": 1,
          "modifiers": [
            "public"
          ],
          "to_variable": {
            "key": "_HxOLgfRrEDmMIvygfFUM7A",
            "name": "costo",
            "type": null,
            "modifiers": [
              "public"
            ],
            "position": {}
          },
          "position": {}
        }
      }
    },
    "fields_to_fields_data_clump-./Mercancia-_NiMroPRrEDmMIvygfFUM7A-_NiNSs_RrEDmMIvygfFUM7A-pesotamañocosto": {
      "type": "data_clump",
      "key": "fields_to_fields_data_clump-./Mercancia-_NiMroPRrEDmMIvygfFUM7A-_NiNSs_RrEDmMIvygfFUM7A-pesotamañocosto",
      "probability": 1,
      "from_file_path": "./Mercancia",
      "from_class_or_interface_name": "Mercancia",
      "from_class_or_interface_key": "_NiMroPRrEDmMIvygfFUM7A",
      "from_method_name": null,
      "from_method_key": null,
      "to_file_path": "./Paquete",
      "to_class_or_interface_key": "_NiNSs_RrEDmMIvygfFUM7A",
      "to_class_or_interface_name": "Mercancia",
      "to_method_key": null,
      "to_method_name": null,
      "data_clump_type": "fields_to_fields_data_clump",
      "data_clump_data": {
        "_NiMrofRrEDmMIvygfFUM7A": {
          "key": "_NiMrofRrEDmMIvygfFUM7A",
          "name": "peso",
          "type": null,
          "probability": 1,
          "modifiers": [
            "public"
          ],
          "to_variable": {
            "key": "_NiNStPRrEDmMIvygfFUM7A",
            "name": "peso",
            "type": null,
            "modifiers": [
              "public"
            ],
            "position": {}
          },
          "position": {}
        },
        "_NiMro_RrEDmMIvygfFUM7A": {
          "key": "_NiMro_RrEDmMIvygfFUM7A",
          "name": "tamaño",
          "type": null,
          "probability": 1,
          "modifiers": [
            "public"
          ],
          "to_variable": {
            "key": "_NiNStfRrEDmMIvygfFUM7A",
            "name": "tamaño",
            "type": null,
            "modifiers": [
              "public"
            ],
            "position": {}
          },
          "position": {}
        },
        "_NiMrpfRrEDmMIvygfFUM7A": {
          "key": "_NiMrpfRrEDmMIvygfFUM7A",
          "name": "costo",
          "type": null,
          "probability": 1,
          "modifiers": [
            "public"
          ],
          "to_variable": {
            "key": "_NiNStvRrEDmMIvygfFUM7A",
            "name": "costo",
            "type": null,
            "modifiers": [
              "public"
            ],
            "position": {}
          },
          "position": {}
        }
      }
    },
    "fields_to_fields_data_clump-./Paquete-_NiNSs_RrEDmMIvygfFUM7A-_OnPdkPRqEDmMIvygfFUM7A-pesotamañocosto": {
      "type": "data_clump",
      "key": "fields_to_fields_data_clump-./Paquete-_NiNSs_RrEDmMIvygfFUM7A-_OnPdkPRqEDmMIvygfFUM7A-pesotamañocosto",
      "probability": 1,
      "from_file_path": "./Paquete",
      "from_class_or_interface_name": "Paquete",
      "from_class_or_interface_key": "_NiNSs_RrEDmMIvygfFUM7A",
      "from_method_name": null,
      "from_method_key": null,
      "to_file_path": "./CostoVariable",
      "to_class_or_interface_key": "_OnPdkPRqEDmMIvygfFUM7A",
      "to_class_or_interface_name": "Paquete",
      "to_method_key": null,
      "to_method_name": null,
      "data_clump_type": "fields_to_fields_data_clump",
      "data_clump_data": {
        "_NiNStPRrEDmMIvygfFUM7A": {
          "key": "_NiNStPRrEDmMIvygfFUM7A",
          "name": "peso",
          "type": null,
          "probability": 1,
          "modifiers": [
            "public"
          ],
          "to_variable": {
            "key": "_HxOLgvRrEDmMIvygfFUM7A",
            "name": "peso",
            "type": null,
            "modifiers": [
              "public"
            ],
            "position": {}
          },
          "position": {}
        },
        "_NiNStfRrEDmMIvygfFUM7A": {
          "key": "_NiNStfRrEDmMIvygfFUM7A",
          "name": "tamaño",
          "type": null,
          "probability": 1,
          "modifiers": [
            "public"
          ],
          "to_variable": {
            "key": "_HxNkcPRrEDmMIvygfFUM7A",
            "name": "tamaño",
            "type": null,
            "modifiers": [
              "public"
            ],
            "position": {}
          },
          "position": {}
        },
        "_NiNStvRrEDmMIvygfFUM7A": {
          "key": "_NiNStvRrEDmMIvygfFUM7A",
          "name": "costo",
          "type": null,
          "probability": 1,
          "modifiers": [
            "public"
          ],
          "to_variable": {
            "key": "_HxOLgfRrEDmMIvygfFUM7A",
            "name": "costo",
            "type": null,
            "modifiers": [
              "public"
            ],
            "position": {}
          },
          "position": {}
        }
      }
    },
    "fields_to_fields_data_clump-./Paquete-_NiNSs_RrEDmMIvygfFUM7A-_NiMroPRrEDmMIvygfFUM7A-pesotamañocosto": {
      "type": "data_clump",
      "key": "fields_to_fields_data_clump-./Paquete-_NiNSs_RrEDmMIvygfFUM7A-_NiMroPRrEDmMIvygfFUM7A-pesotamañocosto",
      "probability": 1,
      "from_file_path": "./Paquete",
      "from_class_or_interface_name": "Paquete",
      "from_class_or_interface_key": "_NiNSs_RrEDmMIvygfFUM7A",
      "from_method_name": null,
      "from_method_key": null,
      "to_file_path": "./Mercancia",
      "to_class_or_interface_key": "_NiMroPRrEDmMIvygfFUM7A",
      "to_class_or_interface_name": "Paquete",
      "to_method_key": null,
      "to_method_name": null,
      "data_clump_type": "fields_to_fields_data_clump",
      "data_clump_data": {
        "_NiNStPRrEDmMIvygfFUM7A": {
          "key": "_NiNStPRrEDmMIvygfFUM7A",
          "name": "peso",
          "type": null,
          "probability": 1,
          "modifiers": [
            "public"
          ],
          "to_variable": {
            "key": "_NiMrofRrEDmMIvygfFUM7A",
            "name": "peso",
            "type": null,
            "modifiers": [
              "public"
            ],
            "position": {}
          },
          "position": {}
        },
        "_NiNStfRrEDmMIvygfFUM7A": {
          "key": "_NiNStfRrEDmMIvygfFUM7A",
          "name": "tamaño",
          "type": null,
          "probability": 1,
          "modifiers": [
            "public"
          ],
          "to_variable": {
            "key": "_NiMro_RrEDmMIvygfFUM7A",
            "name": "tamaño",
            "type": null,
            "modifiers": [
              "public"
            ],
            "position": {}
          },
          "position": {}
        },
        "_NiNStvRrEDmMIvygfFUM7A": {
          "key": "_NiNStvRrEDmMIvygfFUM7A",
          "name": "costo",
          "type": null,
          "probability": 1,
          "modifiers": [
            "public"
          ],
          "to_variable": {
            "key": "_NiMrpfRrEDmMIvygfFUM7A",
            "name": "costo",
            "type": null,
            "modifiers": [
              "public"
            ],
            "position": {}
          },
          "position": {}
        }
      }
    },
    "fields_to_fields_data_clump-./Ruta-_cvdVcfRqEDmMIvygfFUM7A-_KAKaMPRpEDmMIvygfFUM7A-ciudadOrigenciudadDestinootrasCiudades": {
      "type": "data_clump",
      "key": "fields_to_fields_data_clump-./Ruta-_cvdVcfRqEDmMIvygfFUM7A-_KAKaMPRpEDmMIvygfFUM7A-ciudadOrigenciudadDestinootrasCiudades",
      "probability": 1,
      "from_file_path": "./Ruta",
      "from_class_or_interface_name": "Ruta",
      "from_class_or_interface_key": "_cvdVcfRqEDmMIvygfFUM7A",
      "from_method_name": null,
      "from_method_key": null,
      "to_file_path": "./Rutas",
      "to_class_or_interface_key": "_KAKaMPRpEDmMIvygfFUM7A",
      "to_class_or_interface_name": "Ruta",
      "to_method_key": null,
      "to_method_name": null,
      "data_clump_type": "fields_to_fields_data_clump",
      "data_clump_data": {
        "_NbS88PRsEDmMIvygfFUM7A": {
          "key": "_NbS88PRsEDmMIvygfFUM7A",
          "name": "ciudadOrigen",
          "type": null,
          "probability": 1,
          "modifiers": [
            "public"
          ],
          "to_variable": {
            "key": "_K_HVwPRpEDmMIvygfFUM7A",
            "name": "ciudadOrigen",
            "type": null,
            "modifiers": [
              "public"
            ],
            "position": {}
          },
          "position": {}
        },
        "_NbTkAPRsEDmMIvygfFUM7A": {
          "key": "_NbTkAPRsEDmMIvygfFUM7A",
          "name": "ciudadDestino",
          "type": null,
          "probability": 1,
          "modifiers": [
            "public"
          ],
          "to_variable": {
            "key": "_MmHIwfRpEDmMIvygfFUM7A",
            "name": "ciudadDestino",
            "type": null,
            "modifiers": [
              "public"
            ],
            "position": {}
          },
          "position": {}
        },
        "_NbTkAfRsEDmMIvygfFUM7A": {
          "key": "_NbTkAfRsEDmMIvygfFUM7A",
          "name": "otrasCiudades",
          "type": null,
          "probability": 1,
          "modifiers": [
            "public"
          ],
          "to_variable": {
            "key": "_O_wgsfRpEDmMIvygfFUM7A",
            "name": "otrasCiudades",
            "type": null,
            "modifiers": [
              "public"
            ],
            "position": {}
          },
          "position": {}
        }
      }
    },
    "fields_to_fields_data_clump-./Rutas-_KAKaMPRpEDmMIvygfFUM7A-_cvdVcfRqEDmMIvygfFUM7A-ciudadOrigenciudadDestinootrasCiudades": {
      "type": "data_clump",
      "key": "fields_to_fields_data_clump-./Rutas-_KAKaMPRpEDmMIvygfFUM7A-_cvdVcfRqEDmMIvygfFUM7A-ciudadOrigenciudadDestinootrasCiudades",
      "probability": 1,
      "from_file_path": "./Rutas",
      "from_class_or_interface_name": "Rutas",
      "from_class_or_interface_key": "_KAKaMPRpEDmMIvygfFUM7A",
      "from_method_name": null,
      "from_method_key": null,
      "to_file_path": "./Ruta",
      "to_class_or_interface_key": "_cvdVcfRqEDmMIvygfFUM7A",
      "to_class_or_interface_name": "Rutas",
      "to_method_key": null,
      "to_method_name": null,
      "data_clump_type": "fields_to_fields_data_clump",
      "data_clump_data": {
        "_K_HVwPRpEDmMIvygfFUM7A": {
          "key": "_K_HVwPRpEDmMIvygfFUM7A",
          "name": "ciudadOrigen",
          "type": null,
          "probability": 1,
          "modifiers": [
            "public"
          ],
          "to_variable": {
            "key": "_NbS88PRsEDmMIvygfFUM7A",
            "name": "ciudadOrigen",
            "type": null,
            "modifiers": [
              "public"
            ],
            "position": {}
          },
          "position": {}
        },
        "_MmHIwfRpEDmMIvygfFUM7A": {
          "key": "_MmHIwfRpEDmMIvygfFUM7A",
          "name": "ciudadDestino",
          "type": null,
          "probability": 1,
          "modifiers": [
            "public"
          ],
          "to_variable": {
            "key": "_NbTkAPRsEDmMIvygfFUM7A",
            "name": "ciudadDestino",
            "type": null,
            "modifiers": [
              "public"
            ],
            "position": {}
          },
          "position": {}
        },
        "_O_wgsfRpEDmMIvygfFUM7A": {
          "key": "_O_wgsfRpEDmMIvygfFUM7A",
          "name": "otrasCiudades",
          "type": null,
          "probability": 1,
          "modifiers": [
            "public"
          ],
          "to_variable": {
            "key": "_NbTkAfRsEDmMIvygfFUM7A",
            "name": "otrasCiudades",
            "type": null,
            "modifiers": [
              "public"
            ],
            "position": {}
          },
          "position": {}
        }
      }
    }
  }
}