{
  "report_version": "unknown",
  "report_timestamp": "2025-03-26T21:59:22.439Z",
  "target_language": "java",
  "report_summary": {
    "additional": null,
    "amount_classes_or_interfaces_with_data_clumps": 1,
    "amount_files_with_data_clumps": 1,
    "amount_methods_with_data_clumps": 2,
    "fields_to_fields_data_clump": 0,
    "parameters_to_fields_data_clump": 0,
    "parameters_to_parameters_data_clump": 2,
    "amount_data_clumps": 2
  },
  "project_info": {
    "project_url": "unknown_project_url",
    "project_name": "_xsf7wF56Ee6bquaTqFURaQ",
    "project_version": "unknown_project_version",
    "project_commit_hash": "unknown",
    "project_tag": null,
    "project_commit_date": null,
    "additional": {},
    "number_of_files": 7,
    "number_of_classes_or_interfaces": 7,
    "number_of_methods": 21,
    "number_of_data_fields": 7,
    "number_of_method_parameters": 21
  },
  "detector": {
    "name": "data-clumps-doctor",
    "url": "https://github.com/NilsBaumgartner1994/data-clumps-doctor",
    "version": "0.1.100",
    "options": {
      "typeVariablesConsidered": false,
      "similarityModifierOfVariablesWithUnknownType": 0,
      "fieldsOfClassesWithUnknownHierarchyProbabilityModifier": 0,
      "sharedFieldsToFieldsAmountMinimum": 3,
      "analyseFieldsInClassesOrInterfacesInheritedFromSuperClassesOrInterfaces": false,
      "sharedParametersToParametersAmountMinimum": 3,
      "sharedParametersToFieldsAmountMinimum": 3,
      "methodsOfClassesOrInterfacesWithUnknownHierarchyProbabilityModifier": 0
    }
  },
  "data_clumps": {
    "parameters_to_parameters_data_clump-./Temperatura-_xsjmjl56Ee6bquaTqFURaQ-_xsjmk156Ee6bquaTqFURaQ-parameterparameter2parameter3parameter4": {
      "type": "data_clump",
      "key": "parameters_to_parameters_data_clump-./Temperatura-_xsjmjl56Ee6bquaTqFURaQ-_xsjmk156Ee6bquaTqFURaQ-parameterparameter2parameter3parameter4",
      "probability": 1,
      "from_file_path": "./Temperatura",
      "from_class_or_interface_name": "Temperatura",
      "from_class_or_interface_key": "_xsjmf156Ee6bquaTqFURaQ",
      "from_method_name": "inicializarConConConCon",
      "from_method_key": "_xsjmjl56Ee6bquaTqFURaQ",
      "to_file_path": "./Temperatura",
      "to_class_or_interface_name": "Temperatura",
      "to_class_or_interface_key": "_xsjmf156Ee6bquaTqFURaQ",
      "to_method_name": "nuevoConConConCon",
      "to_method_key": "_xsjmk156Ee6bquaTqFURaQ",
      "data_clump_type": "parameters_to_parameters_data_clump",
      "data_clump_data": {
        "_xsjmj156Ee6bquaTqFURaQ": {
          "key": "_xsjmj156Ee6bquaTqFURaQ",
          "name": "parameter",
          "type": null,
          "probability": 1,
          "modifiers": [],
          "to_variable": {
            "key": "_xsjmlF56Ee6bquaTqFURaQ",
            "name": "parameter",
            "type": null,
            "modifiers": [],
            "position": {}
          },
          "position": {}
        },
        "_xsjmkF56Ee6bquaTqFURaQ": {
          "key": "_xsjmkF56Ee6bquaTqFURaQ",
          "name": "parameter2",
          "type": null,
          "probability": 1,
          "modifiers": [],
          "to_variable": {
            "key": "_xsjmlV56Ee6bquaTqFURaQ",
            "name": "parameter2",
            "type": null,
            "modifiers": [],
            "position": {}
          },
          "position": {}
        },
        "_xsjmkV56Ee6bquaTqFURaQ": {
          "key": "_xsjmkV56Ee6bquaTqFURaQ",
          "name": "parameter3",
          "type": null,
          "probability": 1,
          "modifiers": [],
          "to_variable": {
            "key": "_xsjmll56Ee6bquaTqFURaQ",
            "name": "parameter3",
            "type": null,
            "modifiers": [],
            "position": {}
          },
          "position": {}
        },
        "_xsjmkl56Ee6bquaTqFURaQ": {
          "key": "_xsjmkl56Ee6bquaTqFURaQ",
          "name": "parameter4",
          "type": null,
          "probability": 1,
          "modifiers": [],
          "to_variable": {
            "key": "_xsjml156Ee6bquaTqFURaQ",
            "name": "parameter4",
            "type": null,
            "modifiers": [],
            "position": {}
          },
          "position": {}
        }
      }
    },
    "parameters_to_parameters_data_clump-./Temperatura-_xsjmk156Ee6bquaTqFURaQ-_xsjmjl56Ee6bquaTqFURaQ-parameterparameter2parameter3parameter4": {
      "type": "data_clump",
      "key": "parameters_to_parameters_data_clump-./Temperatura-_xsjmk156Ee6bquaTqFURaQ-_xsjmjl56Ee6bquaTqFURaQ-parameterparameter2parameter3parameter4",
      "probability": 1,
      "from_file_path": "./Temperatura",
      "from_class_or_interface_name": "Temperatura",
      "from_class_or_interface_key": "_xsjmf156Ee6bquaTqFURaQ",
      "from_method_name": "nuevoConConConCon",
      "from_method_key": "_xsjmk156Ee6bquaTqFURaQ",
      "to_file_path": "./Temperatura",
      "to_class_or_interface_name": "Temperatura",
      "to_class_or_interface_key": "_xsjmf156Ee6bquaTqFURaQ",
      "to_method_name": "inicializarConConConCon",
      "to_method_key": "_xsjmjl56Ee6bquaTqFURaQ",
      "data_clump_type": "parameters_to_parameters_data_clump",
      "data_clump_data": {
        "_xsjmlF56Ee6bquaTqFURaQ": {
          "key": "_xsjmlF56Ee6bquaTqFURaQ",
          "name": "parameter",
          "type": null,
          "probability": 1,
          "modifiers": [],
          "to_variable": {
            "key": "_xsjmj156Ee6bquaTqFURaQ",
            "name": "parameter",
            "type": null,
            "modifiers": [],
            "position": {}
          },
          "position": {}
        },
        "_xsjmlV56Ee6bquaTqFURaQ": {
          "key": "_xsjmlV56Ee6bquaTqFURaQ",
          "name": "parameter2",
          "type": null,
          "probability": 1,
          "modifiers": [],
          "to_variable": {
            "key": "_xsjmkF56Ee6bquaTqFURaQ",
            "name": "parameter2",
            "type": null,
            "modifiers": [],
            "position": {}
          },
          "position": {}
        },
        "_xsjmll56Ee6bquaTqFURaQ": {
          "key": "_xsjmll56Ee6bquaTqFURaQ",
          "name": "parameter3",
          "type": null,
          "probability": 1,
          "modifiers": [],
          "to_variable": {
            "key": "_xsjmkV56Ee6bquaTqFURaQ",
            "name": "parameter3",
            "type": null,
            "modifiers": [],
            "position": {}
          },
          "position": {}
        },
        "_xsjml156Ee6bquaTqFURaQ": {
          "key": "_xsjml156Ee6bquaTqFURaQ",
          "name": "parameter4",
          "type": null,
          "probability": 1,
          "modifiers": [],
          "to_variable": {
            "key": "_xsjmkl56Ee6bquaTqFURaQ",
            "name": "parameter4",
            "type": null,
            "modifiers": [],
            "position": {}
          },
          "position": {}
        }
      }
    }
  }
}