{
  "report_version": "unknown",
  "report_timestamp": "2025-03-26T23:04:50.478Z",
  "target_language": "java",
  "report_summary": {
    "additional": null,
    "amount_classes_or_interfaces_with_data_clumps": 4,
    "amount_files_with_data_clumps": 4,
    "amount_methods_with_data_clumps": 0,
    "fields_to_fields_data_clump": 4,
    "parameters_to_fields_data_clump": 0,
    "parameters_to_parameters_data_clump": 0,
    "amount_data_clumps": 4
  },
  "project_info": {
    "project_url": "unknown_project_url",
    "project_name": "_YVvjsAR7EeeoQepBjqL-OQ",
    "project_version": "unknown_project_version",
    "project_commit_hash": "unknown",
    "project_tag": null,
    "project_commit_date": null,
    "additional": {},
    "number_of_files": 6,
    "number_of_classes_or_interfaces": 6,
    "number_of_methods": 20,
    "number_of_data_fields": 39,
    "number_of_method_parameters": 0
  },
  "detector": {
    "name": "data-clumps-doctor",
    "url": "https://github.com/NilsBaumgartner1994/data-clumps-doctor",
    "version": "0.1.100",
    "options": {
      "typeVariablesConsidered": false,
      "similarityModifierOfVariablesWithUnknownType": 0,
      "fieldsOfClassesWithUnknownHierarchyProbabilityModifier": 0,
      "sharedFieldsToFieldsAmountMinimum": 3,
      "analyseFieldsInClassesOrInterfacesInheritedFromSuperClassesOrInterfaces": false,
      "sharedParametersToParametersAmountMinimum": 3,
      "sharedParametersToFieldsAmountMinimum": 3,
      "methodsOfClassesOrInterfacesWithUnknownHierarchyProbabilityModifier": 0
    }
  },
  "data_clumps": {
    "fields_to_fields_data_clump-./Owner-_BwBZQObVEDSvf8W61C6AvQ-_d9ipoOauEDSvf8W61C6AvQ-Passwordaddressgender": {
      "type": "data_clump",
      "key": "fields_to_fields_data_clump-./Owner-_BwBZQObVEDSvf8W61C6AvQ-_d9ipoOauEDSvf8W61C6AvQ-Passwordaddressgender",
      "probability": 1,
      "from_file_path": "./Owner",
      "from_class_or_interface_name": "Owner",
      "from_class_or_interface_key": "_BwBZQObVEDSvf8W61C6AvQ",
      "from_method_name": null,
      "from_method_key": null,
      "to_file_path": "./RegisteredUser",
      "to_class_or_interface_key": "_d9ipoOauEDSvf8W61C6AvQ",
      "to_class_or_interface_name": "Owner",
      "to_method_key": null,
      "to_method_name": null,
      "data_clump_type": "fields_to_fields_data_clump",
      "data_clump_data": {
        "_BwCAU-bVEDSvf8W61C6AvQ": {
          "key": "_BwCAU-bVEDSvf8W61C6AvQ",
          "name": "Password",
          "type": null,
          "probability": 1,
          "modifiers": [
            "private"
          ],
          "to_variable": {
            "key": "_-wLZQOauEDSvf8W61C6AvQ",
            "name": "Password",
            "type": null,
            "modifiers": [
              "private"
            ],
            "position": {}
          },
          "position": {}
        },
        "_BwCAVubVEDSvf8W61C6AvQ": {
          "key": "_BwCAVubVEDSvf8W61C6AvQ",
          "name": "address",
          "type": null,
          "probability": 1,
          "modifiers": [
            "private"
          ],
          "to_variable": {
            "key": "_UVhKAOavEDSvf8W61C6AvQ",
            "name": "address",
            "type": null,
            "modifiers": [
              "private"
            ],
            "position": {}
          },
          "position": {}
        },
        "_BwCAV-bVEDSvf8W61C6AvQ": {
          "key": "_BwCAV-bVEDSvf8W61C6AvQ",
          "name": "gender",
          "type": null,
          "probability": 1,
          "modifiers": [
            "private"
          ],
          "to_variable": {
            "key": "_c_zZkOavEDSvf8W61C6AvQ",
            "name": "gender",
            "type": null,
            "modifiers": [
              "private"
            ],
            "position": {}
          },
          "position": {}
        }
      }
    },
    "fields_to_fields_data_clump-./Place-_JS1JkOa4EDSvf8W61C6AvQ-_Bij1wOa5EDSvf8W61C6AvQ-idnamedescriptionpricemustPay": {
      "type": "data_clump",
      "key": "fields_to_fields_data_clump-./Place-_JS1JkOa4EDSvf8W61C6AvQ-_Bij1wOa5EDSvf8W61C6AvQ-idnamedescriptionpricemustPay",
      "probability": 1,
      "from_file_path": "./Place",
      "from_class_or_interface_name": "Place",
      "from_class_or_interface_key": "_JS1JkOa4EDSvf8W61C6AvQ",
      "from_method_name": null,
      "from_method_key": null,
      "to_file_path": "./Trip",
      "to_class_or_interface_key": "_Bij1wOa5EDSvf8W61C6AvQ",
      "to_class_or_interface_name": "Place",
      "to_method_key": null,
      "to_method_name": null,
      "data_clump_type": "fields_to_fields_data_clump",
      "data_clump_data": {
        "_W__10OcIEDSvf8W61C6AvQ": {
          "key": "_W__10OcIEDSvf8W61C6AvQ",
          "name": "id",
          "type": null,
          "probability": 1,
          "modifiers": [
            "public"
          ],
          "to_variable": {
            "key": "_OjEFwOcIEDSvf8W61C6AvQ",
            "name": "id",
            "type": null,
            "modifiers": [
              "public"
            ],
            "position": {}
          },
          "position": {}
        },
        "_4cVREOa4EDSvf8W61C6AvQ": {
          "key": "_4cVREOa4EDSvf8W61C6AvQ",
          "name": "name",
          "type": null,
          "probability": 1,
          "modifiers": [
            "public"
          ],
          "to_variable": {
            "key": "_Bij1wea5EDSvf8W61C6AvQ",
            "name": "name",
            "type": null,
            "modifiers": [
              "public"
            ],
            "position": {}
          },
          "position": {}
        },
        "_91rUUOa4EDSvf8W61C6AvQ": {
          "key": "_91rUUOa4EDSvf8W61C6AvQ",
          "name": "description",
          "type": null,
          "probability": 1,
          "modifiers": [
            "public"
          ],
          "to_variable": {
            "key": "_Bij1wua5EDSvf8W61C6AvQ",
            "name": "description",
            "type": null,
            "modifiers": [
              "public"
            ],
            "position": {}
          },
          "position": {}
        },
        "_ZQFRoObSEDSvf8W61C6AvQ": {
          "key": "_ZQFRoObSEDSvf8W61C6AvQ",
          "name": "price",
          "type": null,
          "probability": 1,
          "modifiers": [
            "public"
          ],
          "to_variable": {
            "key": "_i8wLQObSEDSvf8W61C6AvQ",
            "name": "price",
            "type": null,
            "modifiers": [
              "public"
            ],
            "position": {}
          },
          "position": {}
        },
        "_IOCeMObYEDSvf8W61C6AvQ": {
          "key": "_IOCeMObYEDSvf8W61C6AvQ",
          "name": "mustPay",
          "type": null,
          "probability": 1,
          "modifiers": [
            "public"
          ],
          "to_variable": {
            "key": "_Ki3AgObYEDSvf8W61C6AvQ",
            "name": "mustPay",
            "type": null,
            "modifiers": [
              "public"
            ],
            "position": {}
          },
          "position": {}
        }
      }
    },
    "fields_to_fields_data_clump-./RegisteredUser-_d9ipoOauEDSvf8W61C6AvQ-_BwBZQObVEDSvf8W61C6AvQ-Passwordaddressgender": {
      "type": "data_clump",
      "key": "fields_to_fields_data_clump-./RegisteredUser-_d9ipoOauEDSvf8W61C6AvQ-_BwBZQObVEDSvf8W61C6AvQ-Passwordaddressgender",
      "probability": 1,
      "from_file_path": "./RegisteredUser",
      "from_class_or_interface_name": "RegisteredUser",
      "from_class_or_interface_key": "_d9ipoOauEDSvf8W61C6AvQ",
      "from_method_name": null,
      "from_method_key": null,
      "to_file_path": "./Owner",
      "to_class_or_interface_key": "_BwBZQObVEDSvf8W61C6AvQ",
      "to_class_or_interface_name": "RegisteredUser",
      "to_method_key": null,
      "to_method_name": null,
      "data_clump_type": "fields_to_fields_data_clump",
      "data_clump_data": {
        "_-wLZQOauEDSvf8W61C6AvQ": {
          "key": "_-wLZQOauEDSvf8W61C6AvQ",
          "name": "Password",
          "type": null,
          "probability": 1,
          "modifiers": [
            "private"
          ],
          "to_variable": {
            "key": "_BwCAU-bVEDSvf8W61C6AvQ",
            "name": "Password",
            "type": null,
            "modifiers": [
              "private"
            ],
            "position": {}
          },
          "position": {}
        },
        "_UVhKAOavEDSvf8W61C6AvQ": {
          "key": "_UVhKAOavEDSvf8W61C6AvQ",
          "name": "address",
          "type": null,
          "probability": 1,
          "modifiers": [
            "private"
          ],
          "to_variable": {
            "key": "_BwCAVubVEDSvf8W61C6AvQ",
            "name": "address",
            "type": null,
            "modifiers": [
              "private"
            ],
            "position": {}
          },
          "position": {}
        },
        "_c_zZkOavEDSvf8W61C6AvQ": {
          "key": "_c_zZkOavEDSvf8W61C6AvQ",
          "name": "gender",
          "type": null,
          "probability": 1,
          "modifiers": [
            "private"
          ],
          "to_variable": {
            "key": "_BwCAV-bVEDSvf8W61C6AvQ",
            "name": "gender",
            "type": null,
            "modifiers": [
              "private"
            ],
            "position": {}
          },
          "position": {}
        }
      }
    },
    "fields_to_fields_data_clump-./Trip-_Bij1wOa5EDSvf8W61C6AvQ-_JS1JkOa4EDSvf8W61C6AvQ-idnamedescriptionpricemustPay": {
      "type": "data_clump",
      "key": "fields_to_fields_data_clump-./Trip-_Bij1wOa5EDSvf8W61C6AvQ-_JS1JkOa4EDSvf8W61C6AvQ-idnamedescriptionpricemustPay",
      "probability": 1,
      "from_file_path": "./Trip",
      "from_class_or_interface_name": "Trip",
      "from_class_or_interface_key": "_Bij1wOa5EDSvf8W61C6AvQ",
      "from_method_name": null,
      "from_method_key": null,
      "to_file_path": "./Place",
      "to_class_or_interface_key": "_JS1JkOa4EDSvf8W61C6AvQ",
      "to_class_or_interface_name": "Trip",
      "to_method_key": null,
      "to_method_name": null,
      "data_clump_type": "fields_to_fields_data_clump",
      "data_clump_data": {
        "_OjEFwOcIEDSvf8W61C6AvQ": {
          "key": "_OjEFwOcIEDSvf8W61C6AvQ",
          "name": "id",
          "type": null,
          "probability": 1,
          "modifiers": [
            "public"
          ],
          "to_variable": {
            "key": "_W__10OcIEDSvf8W61C6AvQ",
            "name": "id",
            "type": null,
            "modifiers": [
              "public"
            ],
            "position": {}
          },
          "position": {}
        },
        "_Bij1wea5EDSvf8W61C6AvQ": {
          "key": "_Bij1wea5EDSvf8W61C6AvQ",
          "name": "name",
          "type": null,
          "probability": 1,
          "modifiers": [
            "public"
          ],
          "to_variable": {
            "key": "_4cVREOa4EDSvf8W61C6AvQ",
            "name": "name",
            "type": null,
            "modifiers": [
              "public"
            ],
            "position": {}
          },
          "position": {}
        },
        "_Bij1wua5EDSvf8W61C6AvQ": {
          "key": "_Bij1wua5EDSvf8W61C6AvQ",
          "name": "description",
          "type": null,
          "probability": 1,
          "modifiers": [
            "public"
          ],
          "to_variable": {
            "key": "_91rUUOa4EDSvf8W61C6AvQ",
            "name": "description",
            "type": null,
            "modifiers": [
              "public"
            ],
            "position": {}
          },
          "position": {}
        },
        "_i8wLQObSEDSvf8W61C6AvQ": {
          "key": "_i8wLQObSEDSvf8W61C6AvQ",
          "name": "price",
          "type": null,
          "probability": 1,
          "modifiers": [
            "public"
          ],
          "to_variable": {
            "key": "_ZQFRoObSEDSvf8W61C6AvQ",
            "name": "price",
            "type": null,
            "modifiers": [
              "public"
            ],
            "position": {}
          },
          "position": {}
        },
        "_Ki3AgObYEDSvf8W61C6AvQ": {
          "key": "_Ki3AgObYEDSvf8W61C6AvQ",
          "name": "mustPay",
          "type": null,
          "probability": 1,
          "modifiers": [
            "public"
          ],
          "to_variable": {
            "key": "_IOCeMObYEDSvf8W61C6AvQ",
            "name": "mustPay",
            "type": null,
            "modifiers": [
              "public"
            ],
            "position": {}
          },
          "position": {}
        }
      }
    }
  }
}