{
  "report_version": "unknown",
  "report_timestamp": "2025-03-26T22:42:15.414Z",
  "target_language": "java",
  "report_summary": {
    "additional": null,
    "amount_classes_or_interfaces_with_data_clumps": 3,
    "amount_files_with_data_clumps": 3,
    "amount_methods_with_data_clumps": 0,
    "fields_to_fields_data_clump": 6,
    "parameters_to_fields_data_clump": 0,
    "parameters_to_parameters_data_clump": 0,
    "amount_data_clumps": 6
  },
  "project_info": {
    "project_url": "unknown_project_url",
    "project_name": "_ev_6sKJtEeawbN_F_HFDxg",
    "project_version": "unknown_project_version",
    "project_commit_hash": "unknown",
    "project_tag": null,
    "project_commit_date": null,
    "additional": {},
    "number_of_files": 3,
    "number_of_classes_or_interfaces": 3,
    "number_of_methods": 0,
    "number_of_data_fields": 45,
    "number_of_method_parameters": 0
  },
  "detector": {
    "name": "data-clumps-doctor",
    "url": "https://github.com/NilsBaumgartner1994/data-clumps-doctor",
    "version": "0.1.100",
    "options": {
      "typeVariablesConsidered": false,
      "similarityModifierOfVariablesWithUnknownType": 0,
      "fieldsOfClassesWithUnknownHierarchyProbabilityModifier": 0,
      "sharedFieldsToFieldsAmountMinimum": 3,
      "analyseFieldsInClassesOrInterfacesInheritedFromSuperClassesOrInterfaces": false,
      "sharedParametersToParametersAmountMinimum": 3,
      "sharedParametersToFieldsAmountMinimum": 3,
      "methodsOfClassesOrInterfacesWithUnknownHierarchyProbabilityModifier": 0
    }
  },
  "data_clumps": {
    "fields_to_fields_data_clump-./Account-_b4CYUYSbEDSM67clO1COeg-_JHZHUIScEDSM67clO1COeg-IDCreated_atUpdated_at": {
      "type": "data_clump",
      "key": "fields_to_fields_data_clump-./Account-_b4CYUYSbEDSM67clO1COeg-_JHZHUIScEDSM67clO1COeg-IDCreated_atUpdated_at",
      "probability": 1,
      "from_file_path": "./Account",
      "from_class_or_interface_name": "Account",
      "from_class_or_interface_key": "_b4CYUYSbEDSM67clO1COeg",
      "from_method_name": null,
      "from_method_key": null,
      "to_file_path": "./Employee_log",
      "to_class_or_interface_key": "_JHZHUIScEDSM67clO1COeg",
      "to_class_or_interface_name": "Account",
      "to_method_key": null,
      "to_method_name": null,
      "data_clump_type": "fields_to_fields_data_clump",
      "data_clump_data": {
        "_eaJIsISbEDSM67clO1COeg": {
          "key": "_eaJIsISbEDSM67clO1COeg",
          "name": "ID",
          "type": null,
          "probability": 1,
          "modifiers": [
            "public"
          ],
          "to_variable": {
            "key": "_Vyx00IScEDSM67clO1COeg",
            "name": "ID",
            "type": null,
            "modifiers": [
              "public"
            ],
            "position": {}
          },
          "position": {}
        },
        "_FbrDgIScEDSM67clO1COeg": {
          "key": "_FbrDgIScEDSM67clO1COeg",
          "name": "Created_at",
          "type": null,
          "probability": 1,
          "modifiers": [
            "public"
          ],
          "to_variable": {
            "key": "_Cwbv0ISdEDSM67clO1COeg",
            "name": "Created_at",
            "type": null,
            "modifiers": [
              "public"
            ],
            "position": {}
          },
          "position": {}
        },
        "_HImfYIScEDSM67clO1COeg": {
          "key": "_HImfYIScEDSM67clO1COeg",
          "name": "Updated_at",
          "type": null,
          "probability": 1,
          "modifiers": [
            "public"
          ],
          "to_variable": {
            "key": "_EEbHQISdEDSM67clO1COeg",
            "name": "Updated_at",
            "type": null,
            "modifiers": [
              "public"
            ],
            "position": {}
          },
          "position": {}
        }
      }
    },
    "fields_to_fields_data_clump-./Account-_b4CYUYSbEDSM67clO1COeg-_HhJFwISdEDSM67clO1COeg-IDCreated_atUpdated_at": {
      "type": "data_clump",
      "key": "fields_to_fields_data_clump-./Account-_b4CYUYSbEDSM67clO1COeg-_HhJFwISdEDSM67clO1COeg-IDCreated_atUpdated_at",
      "probability": 1,
      "from_file_path": "./Account",
      "from_class_or_interface_name": "Account",
      "from_class_or_interface_key": "_b4CYUYSbEDSM67clO1COeg",
      "from_method_name": null,
      "from_method_key": null,
      "to_file_path": "./Pbx_log",
      "to_class_or_interface_key": "_HhJFwISdEDSM67clO1COeg",
      "to_class_or_interface_name": "Account",
      "to_method_key": null,
      "to_method_name": null,
      "data_clump_type": "fields_to_fields_data_clump",
      "data_clump_data": {
        "_eaJIsISbEDSM67clO1COeg": {
          "key": "_eaJIsISbEDSM67clO1COeg",
          "name": "ID",
          "type": null,
          "probability": 1,
          "modifiers": [
            "public"
          ],
          "to_variable": {
            "key": "_I7PsQISdEDSM67clO1COeg",
            "name": "ID",
            "type": null,
            "modifiers": [
              "public"
            ],
            "position": {}
          },
          "position": {}
        },
        "_FbrDgIScEDSM67clO1COeg": {
          "key": "_FbrDgIScEDSM67clO1COeg",
          "name": "Created_at",
          "type": null,
          "probability": 1,
          "modifiers": [
            "public"
          ],
          "to_variable": {
            "key": "_a9-R4ISdEDSM67clO1COeg",
            "name": "Created_at",
            "type": null,
            "modifiers": [
              "public"
            ],
            "position": {}
          },
          "position": {}
        },
        "_HImfYIScEDSM67clO1COeg": {
          "key": "_HImfYIScEDSM67clO1COeg",
          "name": "Updated_at",
          "type": null,
          "probability": 1,
          "modifiers": [
            "public"
          ],
          "to_variable": {
            "key": "_bsMp0ISdEDSM67clO1COeg",
            "name": "Updated_at",
            "type": null,
            "modifiers": [
              "public"
            ],
            "position": {}
          },
          "position": {}
        }
      }
    },
    "fields_to_fields_data_clump-./Employee_log-_JHZHUIScEDSM67clO1COeg-_b4CYUYSbEDSM67clO1COeg-IDCreated_atUpdated_at": {
      "type": "data_clump",
      "key": "fields_to_fields_data_clump-./Employee_log-_JHZHUIScEDSM67clO1COeg-_b4CYUYSbEDSM67clO1COeg-IDCreated_atUpdated_at",
      "probability": 1,
      "from_file_path": "./Employee_log",
      "from_class_or_interface_name": "Employee_log",
      "from_class_or_interface_key": "_JHZHUIScEDSM67clO1COeg",
      "from_method_name": null,
      "from_method_key": null,
      "to_file_path": "./Account",
      "to_class_or_interface_key": "_b4CYUYSbEDSM67clO1COeg",
      "to_class_or_interface_name": "Employee_log",
      "to_method_key": null,
      "to_method_name": null,
      "data_clump_type": "fields_to_fields_data_clump",
      "data_clump_data": {
        "_Vyx00IScEDSM67clO1COeg": {
          "key": "_Vyx00IScEDSM67clO1COeg",
          "name": "ID",
          "type": null,
          "probability": 1,
          "modifiers": [
            "public"
          ],
          "to_variable": {
            "key": "_eaJIsISbEDSM67clO1COeg",
            "name": "ID",
            "type": null,
            "modifiers": [
              "public"
            ],
            "position": {}
          },
          "position": {}
        },
        "_Cwbv0ISdEDSM67clO1COeg": {
          "key": "_Cwbv0ISdEDSM67clO1COeg",
          "name": "Created_at",
          "type": null,
          "probability": 1,
          "modifiers": [
            "public"
          ],
          "to_variable": {
            "key": "_FbrDgIScEDSM67clO1COeg",
            "name": "Created_at",
            "type": null,
            "modifiers": [
              "public"
            ],
            "position": {}
          },
          "position": {}
        },
        "_EEbHQISdEDSM67clO1COeg": {
          "key": "_EEbHQISdEDSM67clO1COeg",
          "name": "Updated_at",
          "type": null,
          "probability": 1,
          "modifiers": [
            "public"
          ],
          "to_variable": {
            "key": "_HImfYIScEDSM67clO1COeg",
            "name": "Updated_at",
            "type": null,
            "modifiers": [
              "public"
            ],
            "position": {}
          },
          "position": {}
        }
      }
    },
    "fields_to_fields_data_clump-./Employee_log-_JHZHUIScEDSM67clO1COeg-_HhJFwISdEDSM67clO1COeg-IDCreated_atUpdated_at": {
      "type": "data_clump",
      "key": "fields_to_fields_data_clump-./Employee_log-_JHZHUIScEDSM67clO1COeg-_HhJFwISdEDSM67clO1COeg-IDCreated_atUpdated_at",
      "probability": 1,
      "from_file_path": "./Employee_log",
      "from_class_or_interface_name": "Employee_log",
      "from_class_or_interface_key": "_JHZHUIScEDSM67clO1COeg",
      "from_method_name": null,
      "from_method_key": null,
      "to_file_path": "./Pbx_log",
      "to_class_or_interface_key": "_HhJFwISdEDSM67clO1COeg",
      "to_class_or_interface_name": "Employee_log",
      "to_method_key": null,
      "to_method_name": null,
      "data_clump_type": "fields_to_fields_data_clump",
      "data_clump_data": {
        "_Vyx00IScEDSM67clO1COeg": {
          "key": "_Vyx00IScEDSM67clO1COeg",
          "name": "ID",
          "type": null,
          "probability": 1,
          "modifiers": [
            "public"
          ],
          "to_variable": {
            "key": "_I7PsQISdEDSM67clO1COeg",
            "name": "ID",
            "type": null,
            "modifiers": [
              "public"
            ],
            "position": {}
          },
          "position": {}
        },
        "_Cwbv0ISdEDSM67clO1COeg": {
          "key": "_Cwbv0ISdEDSM67clO1COeg",
          "name": "Created_at",
          "type": null,
          "probability": 1,
          "modifiers": [
            "public"
          ],
          "to_variable": {
            "key": "_a9-R4ISdEDSM67clO1COeg",
            "name": "Created_at",
            "type": null,
            "modifiers": [
              "public"
            ],
            "position": {}
          },
          "position": {}
        },
        "_EEbHQISdEDSM67clO1COeg": {
          "key": "_EEbHQISdEDSM67clO1COeg",
          "name": "Updated_at",
          "type": null,
          "probability": 1,
          "modifiers": [
            "public"
          ],
          "to_variable": {
            "key": "_bsMp0ISdEDSM67clO1COeg",
            "name": "Updated_at",
            "type": null,
            "modifiers": [
              "public"
            ],
            "position": {}
          },
          "position": {}
        }
      }
    },
    "fields_to_fields_data_clump-./Pbx_log-_HhJFwISdEDSM67clO1COeg-_b4CYUYSbEDSM67clO1COeg-IDCreated_atUpdated_at": {
      "type": "data_clump",
      "key": "fields_to_fields_data_clump-./Pbx_log-_HhJFwISdEDSM67clO1COeg-_b4CYUYSbEDSM67clO1COeg-IDCreated_atUpdated_at",
      "probability": 1,
      "from_file_path": "./Pbx_log",
      "from_class_or_interface_name": "Pbx_log",
      "from_class_or_interface_key": "_HhJFwISdEDSM67clO1COeg",
      "from_method_name": null,
      "from_method_key": null,
      "to_file_path": "./Account",
      "to_class_or_interface_key": "_b4CYUYSbEDSM67clO1COeg",
      "to_class_or_interface_name": "Pbx_log",
      "to_method_key": null,
      "to_method_name": null,
      "data_clump_type": "fields_to_fields_data_clump",
      "data_clump_data": {
        "_I7PsQISdEDSM67clO1COeg": {
          "key": "_I7PsQISdEDSM67clO1COeg",
          "name": "ID",
          "type": null,
          "probability": 1,
          "modifiers": [
            "public"
          ],
          "to_variable": {
            "key": "_eaJIsISbEDSM67clO1COeg",
            "name": "ID",
            "type": null,
            "modifiers": [
              "public"
            ],
            "position": {}
          },
          "position": {}
        },
        "_a9-R4ISdEDSM67clO1COeg": {
          "key": "_a9-R4ISdEDSM67clO1COeg",
          "name": "Created_at",
          "type": null,
          "probability": 1,
          "modifiers": [
            "public"
          ],
          "to_variable": {
            "key": "_FbrDgIScEDSM67clO1COeg",
            "name": "Created_at",
            "type": null,
            "modifiers": [
              "public"
            ],
            "position": {}
          },
          "position": {}
        },
        "_bsMp0ISdEDSM67clO1COeg": {
          "key": "_bsMp0ISdEDSM67clO1COeg",
          "name": "Updated_at",
          "type": null,
          "probability": 1,
          "modifiers": [
            "public"
          ],
          "to_variable": {
            "key": "_HImfYIScEDSM67clO1COeg",
            "name": "Updated_at",
            "type": null,
            "modifiers": [
              "public"
            ],
            "position": {}
          },
          "position": {}
        }
      }
    },
    "fields_to_fields_data_clump-./Pbx_log-_HhJFwISdEDSM67clO1COeg-_JHZHUIScEDSM67clO1COeg-IDCreated_atUpdated_at": {
      "type": "data_clump",
      "key": "fields_to_fields_data_clump-./Pbx_log-_HhJFwISdEDSM67clO1COeg-_JHZHUIScEDSM67clO1COeg-IDCreated_atUpdated_at",
      "probability": 1,
      "from_file_path": "./Pbx_log",
      "from_class_or_interface_name": "Pbx_log",
      "from_class_or_interface_key": "_HhJFwISdEDSM67clO1COeg",
      "from_method_name": null,
      "from_method_key": null,
      "to_file_path": "./Employee_log",
      "to_class_or_interface_key": "_JHZHUIScEDSM67clO1COeg",
      "to_class_or_interface_name": "Pbx_log",
      "to_method_key": null,
      "to_method_name": null,
      "data_clump_type": "fields_to_fields_data_clump",
      "data_clump_data": {
        "_I7PsQISdEDSM67clO1COeg": {
          "key": "_I7PsQISdEDSM67clO1COeg",
          "name": "ID",
          "type": null,
          "probability": 1,
          "modifiers": [
            "public"
          ],
          "to_variable": {
            "key": "_Vyx00IScEDSM67clO1COeg",
            "name": "ID",
            "type": null,
            "modifiers": [
              "public"
            ],
            "position": {}
          },
          "position": {}
        },
        "_a9-R4ISdEDSM67clO1COeg": {
          "key": "_a9-R4ISdEDSM67clO1COeg",
          "name": "Created_at",
          "type": null,
          "probability": 1,
          "modifiers": [
            "public"
          ],
          "to_variable": {
            "key": "_Cwbv0ISdEDSM67clO1COeg",
            "name": "Created_at",
            "type": null,
            "modifiers": [
              "public"
            ],
            "position": {}
          },
          "position": {}
        },
        "_bsMp0ISdEDSM67clO1COeg": {
          "key": "_bsMp0ISdEDSM67clO1COeg",
          "name": "Updated_at",
          "type": null,
          "probability": 1,
          "modifiers": [
            "public"
          ],
          "to_variable": {
            "key": "_EEbHQISdEDSM67clO1COeg",
            "name": "Updated_at",
            "type": null,
            "modifiers": [
              "public"
            ],
            "position": {}
          },
          "position": {}
        }
      }
    }
  }
}