{
  "report_version": "unknown",
  "report_timestamp": "2025-03-26T22:27:11.505Z",
  "target_language": "java",
  "report_summary": {
    "additional": null,
    "amount_classes_or_interfaces_with_data_clumps": 6,
    "amount_files_with_data_clumps": 6,
    "amount_methods_with_data_clumps": 0,
    "fields_to_fields_data_clump": 6,
    "parameters_to_fields_data_clump": 0,
    "parameters_to_parameters_data_clump": 0,
    "amount_data_clumps": 6
  },
  "project_info": {
    "project_url": "unknown_project_url",
    "project_name": "_LRSRMKPJEe2vW5IAILnJcQ",
    "project_version": "unknown_project_version",
    "project_commit_hash": "unknown",
    "project_tag": null,
    "project_commit_date": null,
    "additional": {},
    "number_of_files": 16,
    "number_of_classes_or_interfaces": 16,
    "number_of_methods": 1,
    "number_of_data_fields": 55,
    "number_of_method_parameters": 0
  },
  "detector": {
    "name": "data-clumps-doctor",
    "url": "https://github.com/NilsBaumgartner1994/data-clumps-doctor",
    "version": "0.1.100",
    "options": {
      "typeVariablesConsidered": false,
      "similarityModifierOfVariablesWithUnknownType": 0,
      "fieldsOfClassesWithUnknownHierarchyProbabilityModifier": 0,
      "sharedFieldsToFieldsAmountMinimum": 3,
      "analyseFieldsInClassesOrInterfacesInheritedFromSuperClassesOrInterfaces": false,
      "sharedParametersToParametersAmountMinimum": 3,
      "sharedParametersToFieldsAmountMinimum": 3,
      "methodsOfClassesOrInterfacesWithUnknownHierarchyProbabilityModifier": 0
    }
  },
  "data_clumps": {
    "fields_to_fields_data_clump-./Factura-_v40_EIX3EDuDY6OpmDj09g-_xoPHMIX3EDuDY6OpmDj09g-IDfechatotal": {
      "type": "data_clump",
      "key": "fields_to_fields_data_clump-./Factura-_v40_EIX3EDuDY6OpmDj09g-_xoPHMIX3EDuDY6OpmDj09g-IDfechatotal",
      "probability": 1,
      "from_file_path": "./Factura",
      "from_class_or_interface_name": "Factura",
      "from_class_or_interface_key": "_v40_EIX3EDuDY6OpmDj09g",
      "from_method_name": null,
      "from_method_key": null,
      "to_file_path": "./Venta",
      "to_class_or_interface_key": "_xoPHMIX3EDuDY6OpmDj09g",
      "to_class_or_interface_name": "Factura",
      "to_method_key": null,
      "to_method_name": null,
      "data_clump_type": "fields_to_fields_data_clump",
      "data_clump_data": {
        "_aNVH8IfkEDuMH-yj7AJGKQ": {
          "key": "_aNVH8IfkEDuMH-yj7AJGKQ",
          "name": "ID",
          "type": null,
          "probability": 1,
          "modifiers": [
            "public"
          ],
          "to_variable": {
            "key": "_bNKNQIfkEDuMH-yj7AJGKQ",
            "name": "ID",
            "type": null,
            "modifiers": [
              "public"
            ],
            "position": {}
          },
          "position": {}
        },
        "_yUD3YIfkEDuMH-yj7AJGKQ": {
          "key": "_yUD3YIfkEDuMH-yj7AJGKQ",
          "name": "fecha",
          "type": null,
          "probability": 1,
          "modifiers": [
            "public"
          ],
          "to_variable": {
            "key": "_vJuM4IflEDuMH-yj7AJGKQ",
            "name": "fecha",
            "type": null,
            "modifiers": [
              "public"
            ],
            "position": {}
          },
          "position": {}
        },
        "_08wX8IfkEDuMH-yj7AJGKQ": {
          "key": "_08wX8IfkEDuMH-yj7AJGKQ",
          "name": "total",
          "type": null,
          "probability": 1,
          "modifiers": [
            "public"
          ],
          "to_variable": {
            "key": "_wF6IUIflEDuMH-yj7AJGKQ",
            "name": "total",
            "type": null,
            "modifiers": [
              "public"
            ],
            "position": {}
          },
          "position": {}
        }
      }
    },
    "fields_to_fields_data_clump-./Mensaje-_94sU4Ib3EDuYHYxbnQYKyw-_m-mCkIb1EDuYHYxbnQYKyw-IDfechaattribute": {
      "type": "data_clump",
      "key": "fields_to_fields_data_clump-./Mensaje-_94sU4Ib3EDuYHYxbnQYKyw-_m-mCkIb1EDuYHYxbnQYKyw-IDfechaattribute",
      "probability": 1,
      "from_file_path": "./Mensaje",
      "from_class_or_interface_name": "Mensaje",
      "from_class_or_interface_key": "_94sU4Ib3EDuYHYxbnQYKyw",
      "from_method_name": null,
      "from_method_key": null,
      "to_file_path": "./Review",
      "to_class_or_interface_key": "_m-mCkIb1EDuYHYxbnQYKyw",
      "to_class_or_interface_name": "Mensaje",
      "to_method_key": null,
      "to_method_name": null,
      "data_clump_type": "fields_to_fields_data_clump",
      "data_clump_data": {
        "_hZwngIfmEDuMH-yj7AJGKQ": {
          "key": "_hZwngIfmEDuMH-yj7AJGKQ",
          "name": "ID",
          "type": null,
          "probability": 1,
          "modifiers": [
            "public"
          ],
          "to_variable": {
            "key": "_aZDPwIfkEDuMH-yj7AJGKQ",
            "name": "ID",
            "type": null,
            "modifiers": [
              "public"
            ],
            "position": {}
          },
          "position": {}
        },
        "_jNJ3wIfmEDuMH-yj7AJGKQ": {
          "key": "_jNJ3wIfmEDuMH-yj7AJGKQ",
          "name": "fecha",
          "type": null,
          "probability": 1,
          "modifiers": [
            "public"
          ],
          "to_variable": {
            "key": "_QpXB4IflEDuMH-yj7AJGKQ",
            "name": "fecha",
            "type": null,
            "modifiers": [
              "public"
            ],
            "position": {}
          },
          "position": {}
        },
        "_kPUfYIfmEDuMH-yj7AJGKQ": {
          "key": "_kPUfYIfmEDuMH-yj7AJGKQ",
          "name": "attribute",
          "type": null,
          "probability": 1,
          "modifiers": [
            "public"
          ],
          "to_variable": {
            "key": "_Rt2kwIflEDuMH-yj7AJGKQ",
            "name": "attribute",
            "type": null,
            "modifiers": [
              "public"
            ],
            "position": {}
          },
          "position": {}
        }
      }
    },
    "fields_to_fields_data_clump-./Miembro-_m_eYwIX3EDuDY6OpmDj09g-_yVjDsIX4EDuDY6OpmDj09g-IDnombredireccion": {
      "type": "data_clump",
      "key": "fields_to_fields_data_clump-./Miembro-_m_eYwIX3EDuDY6OpmDj09g-_yVjDsIX4EDuDY6OpmDj09g-IDnombredireccion",
      "probability": 1,
      "from_file_path": "./Miembro",
      "from_class_or_interface_name": "Miembro",
      "from_class_or_interface_key": "_m_eYwIX3EDuDY6OpmDj09g",
      "from_method_name": null,
      "from_method_key": null,
      "to_file_path": "./Vendedor",
      "to_class_or_interface_key": "_yVjDsIX4EDuDY6OpmDj09g",
      "to_class_or_interface_name": "Miembro",
      "to_method_key": null,
      "to_method_name": null,
      "data_clump_type": "fields_to_fields_data_clump",
      "data_clump_data": {
        "_b1upIIfkEDuMH-yj7AJGKQ": {
          "key": "_b1upIIfkEDuMH-yj7AJGKQ",
          "name": "ID",
          "type": null,
          "probability": 1,
          "modifiers": [
            "public"
          ],
          "to_variable": {
            "key": "_cCmngIfkEDuMH-yj7AJGKQ",
            "name": "ID",
            "type": null,
            "modifiers": [
              "public"
            ],
            "position": {}
          },
          "position": {}
        },
        "_Q7Q0wIfmEDuMH-yj7AJGKQ": {
          "key": "_Q7Q0wIfmEDuMH-yj7AJGKQ",
          "name": "nombre",
          "type": null,
          "probability": 1,
          "modifiers": [
            "public"
          ],
          "to_variable": {
            "key": "_mDl5YIfmEDuMH-yj7AJGKQ",
            "name": "nombre",
            "type": null,
            "modifiers": [
              "public"
            ],
            "position": {}
          },
          "position": {}
        },
        "_W-Gg8IfmEDuMH-yj7AJGKQ": {
          "key": "_W-Gg8IfmEDuMH-yj7AJGKQ",
          "name": "direccion",
          "type": null,
          "probability": 1,
          "modifiers": [
            "public"
          ],
          "to_variable": {
            "key": "_u6LfkIfmEDuMH-yj7AJGKQ",
            "name": "direccion",
            "type": null,
            "modifiers": [
              "public"
            ],
            "position": {}
          },
          "position": {}
        }
      }
    },
    "fields_to_fields_data_clump-./Review-_m-mCkIb1EDuYHYxbnQYKyw-_94sU4Ib3EDuYHYxbnQYKyw-IDfechaattribute": {
      "type": "data_clump",
      "key": "fields_to_fields_data_clump-./Review-_m-mCkIb1EDuYHYxbnQYKyw-_94sU4Ib3EDuYHYxbnQYKyw-IDfechaattribute",
      "probability": 1,
      "from_file_path": "./Review",
      "from_class_or_interface_name": "Review",
      "from_class_or_interface_key": "_m-mCkIb1EDuYHYxbnQYKyw",
      "from_method_name": null,
      "from_method_key": null,
      "to_file_path": "./Mensaje",
      "to_class_or_interface_key": "_94sU4Ib3EDuYHYxbnQYKyw",
      "to_class_or_interface_name": "Review",
      "to_method_key": null,
      "to_method_name": null,
      "data_clump_type": "fields_to_fields_data_clump",
      "data_clump_data": {
        "_aZDPwIfkEDuMH-yj7AJGKQ": {
          "key": "_aZDPwIfkEDuMH-yj7AJGKQ",
          "name": "ID",
          "type": null,
          "probability": 1,
          "modifiers": [
            "public"
          ],
          "to_variable": {
            "key": "_hZwngIfmEDuMH-yj7AJGKQ",
            "name": "ID",
            "type": null,
            "modifiers": [
              "public"
            ],
            "position": {}
          },
          "position": {}
        },
        "_QpXB4IflEDuMH-yj7AJGKQ": {
          "key": "_QpXB4IflEDuMH-yj7AJGKQ",
          "name": "fecha",
          "type": null,
          "probability": 1,
          "modifiers": [
            "public"
          ],
          "to_variable": {
            "key": "_jNJ3wIfmEDuMH-yj7AJGKQ",
            "name": "fecha",
            "type": null,
            "modifiers": [
              "public"
            ],
            "position": {}
          },
          "position": {}
        },
        "_Rt2kwIflEDuMH-yj7AJGKQ": {
          "key": "_Rt2kwIflEDuMH-yj7AJGKQ",
          "name": "attribute",
          "type": null,
          "probability": 1,
          "modifiers": [
            "public"
          ],
          "to_variable": {
            "key": "_kPUfYIfmEDuMH-yj7AJGKQ",
            "name": "attribute",
            "type": null,
            "modifiers": [
              "public"
            ],
            "position": {}
          },
          "position": {}
        }
      }
    },
    "fields_to_fields_data_clump-./Vendedor-_yVjDsIX4EDuDY6OpmDj09g-_m_eYwIX3EDuDY6OpmDj09g-IDnombredireccion": {
      "type": "data_clump",
      "key": "fields_to_fields_data_clump-./Vendedor-_yVjDsIX4EDuDY6OpmDj09g-_m_eYwIX3EDuDY6OpmDj09g-IDnombredireccion",
      "probability": 1,
      "from_file_path": "./Vendedor",
      "from_class_or_interface_name": "Vendedor",
      "from_class_or_interface_key": "_yVjDsIX4EDuDY6OpmDj09g",
      "from_method_name": null,
      "from_method_key": null,
      "to_file_path": "./Miembro",
      "to_class_or_interface_key": "_m_eYwIX3EDuDY6OpmDj09g",
      "to_class_or_interface_name": "Vendedor",
      "to_method_key": null,
      "to_method_name": null,
      "data_clump_type": "fields_to_fields_data_clump",
      "data_clump_data": {
        "_cCmngIfkEDuMH-yj7AJGKQ": {
          "key": "_cCmngIfkEDuMH-yj7AJGKQ",
          "name": "ID",
          "type": null,
          "probability": 1,
          "modifiers": [
            "public"
          ],
          "to_variable": {
            "key": "_b1upIIfkEDuMH-yj7AJGKQ",
            "name": "ID",
            "type": null,
            "modifiers": [
              "public"
            ],
            "position": {}
          },
          "position": {}
        },
        "_mDl5YIfmEDuMH-yj7AJGKQ": {
          "key": "_mDl5YIfmEDuMH-yj7AJGKQ",
          "name": "nombre",
          "type": null,
          "probability": 1,
          "modifiers": [
            "public"
          ],
          "to_variable": {
            "key": "_Q7Q0wIfmEDuMH-yj7AJGKQ",
            "name": "nombre",
            "type": null,
            "modifiers": [
              "public"
            ],
            "position": {}
          },
          "position": {}
        },
        "_u6LfkIfmEDuMH-yj7AJGKQ": {
          "key": "_u6LfkIfmEDuMH-yj7AJGKQ",
          "name": "direccion",
          "type": null,
          "probability": 1,
          "modifiers": [
            "public"
          ],
          "to_variable": {
            "key": "_W-Gg8IfmEDuMH-yj7AJGKQ",
            "name": "direccion",
            "type": null,
            "modifiers": [
              "public"
            ],
            "position": {}
          },
          "position": {}
        }
      }
    },
    "fields_to_fields_data_clump-./Venta-_xoPHMIX3EDuDY6OpmDj09g-_v40_EIX3EDuDY6OpmDj09g-IDfechatotal": {
      "type": "data_clump",
      "key": "fields_to_fields_data_clump-./Venta-_xoPHMIX3EDuDY6OpmDj09g-_v40_EIX3EDuDY6OpmDj09g-IDfechatotal",
      "probability": 1,
      "from_file_path": "./Venta",
      "from_class_or_interface_name": "Venta",
      "from_class_or_interface_key": "_xoPHMIX3EDuDY6OpmDj09g",
      "from_method_name": null,
      "from_method_key": null,
      "to_file_path": "./Factura",
      "to_class_or_interface_key": "_v40_EIX3EDuDY6OpmDj09g",
      "to_class_or_interface_name": "Venta",
      "to_method_key": null,
      "to_method_name": null,
      "data_clump_type": "fields_to_fields_data_clump",
      "data_clump_data": {
        "_bNKNQIfkEDuMH-yj7AJGKQ": {
          "key": "_bNKNQIfkEDuMH-yj7AJGKQ",
          "name": "ID",
          "type": null,
          "probability": 1,
          "modifiers": [
            "public"
          ],
          "to_variable": {
            "key": "_aNVH8IfkEDuMH-yj7AJGKQ",
            "name": "ID",
            "type": null,
            "modifiers": [
              "public"
            ],
            "position": {}
          },
          "position": {}
        },
        "_vJuM4IflEDuMH-yj7AJGKQ": {
          "key": "_vJuM4IflEDuMH-yj7AJGKQ",
          "name": "fecha",
          "type": null,
          "probability": 1,
          "modifiers": [
            "public"
          ],
          "to_variable": {
            "key": "_yUD3YIfkEDuMH-yj7AJGKQ",
            "name": "fecha",
            "type": null,
            "modifiers": [
              "public"
            ],
            "position": {}
          },
          "position": {}
        },
        "_wF6IUIflEDuMH-yj7AJGKQ": {
          "key": "_wF6IUIflEDuMH-yj7AJGKQ",
          "name": "total",
          "type": null,
          "probability": 1,
          "modifiers": [
            "public"
          ],
          "to_variable": {
            "key": "_08wX8IfkEDuMH-yj7AJGKQ",
            "name": "total",
            "type": null,
            "modifiers": [
              "public"
            ],
            "position": {}
          },
          "position": {}
        }
      }
    }
  }
}