{
  "report_version": "unknown",
  "report_timestamp": "2025-03-26T22:19:12.828Z",
  "target_language": "java",
  "report_summary": {
    "additional": null,
    "amount_classes_or_interfaces_with_data_clumps": 1,
    "amount_files_with_data_clumps": 2,
    "amount_methods_with_data_clumps": 1,
    "fields_to_fields_data_clump": 0,
    "parameters_to_fields_data_clump": 1,
    "parameters_to_parameters_data_clump": 0,
    "amount_data_clumps": 1
  },
  "project_info": {
    "project_url": "unknown_project_url",
    "project_name": "_pCIJ4Gz9EeiBgNYYgyFQHg",
    "project_version": "unknown_project_version",
    "project_commit_hash": "unknown",
    "project_tag": null,
    "project_commit_date": null,
    "additional": {},
    "number_of_files": 10,
    "number_of_classes_or_interfaces": 10,
    "number_of_methods": 41,
    "number_of_data_fields": 13,
    "number_of_method_parameters": 33
  },
  "detector": {
    "name": "data-clumps-doctor",
    "url": "https://github.com/NilsBaumgartner1994/data-clumps-doctor",
    "version": "0.1.100",
    "options": {
      "typeVariablesConsidered": false,
      "similarityModifierOfVariablesWithUnknownType": 0,
      "fieldsOfClassesWithUnknownHierarchyProbabilityModifier": 0,
      "sharedFieldsToFieldsAmountMinimum": 3,
      "analyseFieldsInClassesOrInterfacesInheritedFromSuperClassesOrInterfaces": false,
      "sharedParametersToParametersAmountMinimum": 3,
      "sharedParametersToFieldsAmountMinimum": 3,
      "methodsOfClassesOrInterfacesWithUnknownHierarchyProbabilityModifier": 0
    }
  },
  "data_clumps": {
    "parameters_to_fields_data_clump-./Database.lua-_aLDAIVR7EDaWGsznnbC5zQ-_1DVVsWQoEDalVPWRmTY2rw-TitleCategoryDescriptionLatitudeLongitude": {
      "type": "data_clump",
      "key": "parameters_to_fields_data_clump-./Database.lua-_aLDAIVR7EDaWGsznnbC5zQ-_1DVVsWQoEDalVPWRmTY2rw-TitleCategoryDescriptionLatitudeLongitude",
      "probability": 1,
      "from_file_path": "./Database.lua",
      "from_class_or_interface_name": "Database.lua",
      "from_class_or_interface_key": "_iuUJEVR4EDaWGsznnbC5zQ",
      "from_method_name": "insertProblem",
      "from_method_key": "_aLDAIVR7EDaWGsznnbC5zQ",
      "to_file_path": "./Problem",
      "to_class_or_interface_name": "Problem",
      "to_class_or_interface_key": "_1DVVsWQoEDalVPWRmTY2rw",
      "to_method_name": null,
      "to_method_key": null,
      "data_clump_type": "parameters_to_fields_data_clump",
      "data_clump_data": {
        "_fy_gEFR7EDaWGsznnbC5zQ": {
          "key": "_fy_gEFR7EDaWGsznnbC5zQ",
          "name": "Title",
          "type": null,
          "probability": 1,
          "modifiers": [],
          "to_variable": {
            "key": "_dsWywGQpEDalVPWRmTY2rw",
            "name": "Title",
            "type": null,
            "modifiers": [],
            "position": {}
          },
          "position": {}
        },
        "_FxA-gHojEDasRJS0WI2Fgw": {
          "key": "_FxA-gHojEDasRJS0WI2Fgw",
          "name": "Category",
          "type": null,
          "probability": 1,
          "modifiers": [],
          "to_variable": {
            "key": "_gSoRcGQpEDalVPWRmTY2rw",
            "name": "Category",
            "type": null,
            "modifiers": [],
            "position": {}
          },
          "position": {}
        },
        "_Jsi_8HojEDasRJS0WI2Fgw": {
          "key": "_Jsi_8HojEDasRJS0WI2Fgw",
          "name": "Description",
          "type": null,
          "probability": 1,
          "modifiers": [],
          "to_variable": {
            "key": "_ncCkIGQpEDalVPWRmTY2rw",
            "name": "Description",
            "type": null,
            "modifiers": [],
            "position": {}
          },
          "position": {}
        },
        "_N64BkHojEDasRJS0WI2Fgw": {
          "key": "_N64BkHojEDasRJS0WI2Fgw",
          "name": "Latitude",
          "type": null,
          "probability": 1,
          "modifiers": [],
          "to_variable": {
            "key": "_sId3AWQpEDalVPWRmTY2rw",
            "name": "Latitude",
            "type": null,
            "modifiers": [],
            "position": {}
          },
          "position": {}
        },
        "_TuqlIHojEDasRJS0WI2Fgw": {
          "key": "_TuqlIHojEDasRJS0WI2Fgw",
          "name": "Longitude",
          "type": null,
          "probability": 1,
          "modifiers": [],
          "to_variable": {
            "key": "_vZ8O0GQpEDalVPWRmTY2rw",
            "name": "Longitude",
            "type": null,
            "modifiers": [],
            "position": {}
          },
          "position": {}
        }
      }
    }
  }
}