{
  "report_version": "unknown",
  "report_timestamp": "2025-03-26T23:02:26.658Z",
  "target_language": "java",
  "report_summary": {
    "additional": null,
    "amount_classes_or_interfaces_with_data_clumps": 2,
    "amount_files_with_data_clumps": 2,
    "amount_methods_with_data_clumps": 0,
    "fields_to_fields_data_clump": 2,
    "parameters_to_fields_data_clump": 0,
    "parameters_to_parameters_data_clump": 0,
    "amount_data_clumps": 2
  },
  "project_info": {
    "project_url": "unknown_project_url",
    "project_name": "522d7bae-c085-474c-8b74-522a41314843",
    "project_version": "unknown_project_version",
    "project_commit_hash": "unknown",
    "project_tag": null,
    "project_commit_date": null,
    "additional": {},
    "number_of_files": 16,
    "number_of_classes_or_interfaces": 16,
    "number_of_methods": 1,
    "number_of_data_fields": 32,
    "number_of_method_parameters": 0
  },
  "detector": {
    "name": "data-clumps-doctor",
    "url": "https://github.com/NilsBaumgartner1994/data-clumps-doctor",
    "version": "0.1.100",
    "options": {
      "typeVariablesConsidered": false,
      "similarityModifierOfVariablesWithUnknownType": 0,
      "fieldsOfClassesWithUnknownHierarchyProbabilityModifier": 0,
      "sharedFieldsToFieldsAmountMinimum": 3,
      "analyseFieldsInClassesOrInterfacesInheritedFromSuperClassesOrInterfaces": false,
      "sharedParametersToParametersAmountMinimum": 3,
      "sharedParametersToFieldsAmountMinimum": 3,
      "methodsOfClassesOrInterfacesWithUnknownHierarchyProbabilityModifier": 0
    }
  },
  "data_clumps": {
    "fields_to_fields_data_clump-./Resource-_l6yKAFmOEDWJZKeUkwjtoQ-_xLjJEFmNEDWJZKeUkwjtoQ-iddiscriptionno": {
      "type": "data_clump",
      "key": "fields_to_fields_data_clump-./Resource-_l6yKAFmOEDWJZKeUkwjtoQ-_xLjJEFmNEDWJZKeUkwjtoQ-iddiscriptionno",
      "probability": 1,
      "from_file_path": "./Resource",
      "from_class_or_interface_name": "Resource",
      "from_class_or_interface_key": "_l6yKAFmOEDWJZKeUkwjtoQ",
      "from_method_name": null,
      "from_method_key": null,
      "to_file_path": "./Role",
      "to_class_or_interface_key": "_xLjJEFmNEDWJZKeUkwjtoQ",
      "to_class_or_interface_name": "Resource",
      "to_method_key": null,
      "to_method_name": null,
      "data_clump_type": "fields_to_fields_data_clump",
      "data_clump_data": {
        "_l6yKAVmOEDWJZKeUkwjtoQ": {
          "key": "_l6yKAVmOEDWJZKeUkwjtoQ",
          "name": "id",
          "type": null,
          "probability": 1,
          "modifiers": [
            "private"
          ],
          "to_variable": {
            "key": "_2thj4FmNEDWJZKeUkwjtoQ",
            "name": "id",
            "type": null,
            "modifiers": [
              "private"
            ],
            "position": {}
          },
          "position": {}
        },
        "_l6yxEFmOEDWJZKeUkwjtoQ": {
          "key": "_l6yxEFmOEDWJZKeUkwjtoQ",
          "name": "discription",
          "type": null,
          "probability": 1,
          "modifiers": [
            "private"
          ],
          "to_variable": {
            "key": "_3E5iEFmNEDWJZKeUkwjtoQ",
            "name": "discription",
            "type": null,
            "modifiers": [
              "private"
            ],
            "position": {}
          },
          "position": {}
        },
        "_l6yxEVmOEDWJZKeUkwjtoQ": {
          "key": "_l6yxEVmOEDWJZKeUkwjtoQ",
          "name": "no",
          "type": null,
          "probability": 1,
          "modifiers": [
            "private"
          ],
          "to_variable": {
            "key": "_jHdGwFmOEDWJZKeUkwjtoQ",
            "name": "no",
            "type": null,
            "modifiers": [
              "private"
            ],
            "position": {}
          },
          "position": {}
        }
      }
    },
    "fields_to_fields_data_clump-./Role-_xLjJEFmNEDWJZKeUkwjtoQ-_l6yKAFmOEDWJZKeUkwjtoQ-iddiscriptionno": {
      "type": "data_clump",
      "key": "fields_to_fields_data_clump-./Role-_xLjJEFmNEDWJZKeUkwjtoQ-_l6yKAFmOEDWJZKeUkwjtoQ-iddiscriptionno",
      "probability": 1,
      "from_file_path": "./Role",
      "from_class_or_interface_name": "Role",
      "from_class_or_interface_key": "_xLjJEFmNEDWJZKeUkwjtoQ",
      "from_method_name": null,
      "from_method_key": null,
      "to_file_path": "./Resource",
      "to_class_or_interface_key": "_l6yKAFmOEDWJZKeUkwjtoQ",
      "to_class_or_interface_name": "Role",
      "to_method_key": null,
      "to_method_name": null,
      "data_clump_type": "fields_to_fields_data_clump",
      "data_clump_data": {
        "_2thj4FmNEDWJZKeUkwjtoQ": {
          "key": "_2thj4FmNEDWJZKeUkwjtoQ",
          "name": "id",
          "type": null,
          "probability": 1,
          "modifiers": [
            "private"
          ],
          "to_variable": {
            "key": "_l6yKAVmOEDWJZKeUkwjtoQ",
            "name": "id",
            "type": null,
            "modifiers": [
              "private"
            ],
            "position": {}
          },
          "position": {}
        },
        "_3E5iEFmNEDWJZKeUkwjtoQ": {
          "key": "_3E5iEFmNEDWJZKeUkwjtoQ",
          "name": "discription",
          "type": null,
          "probability": 1,
          "modifiers": [
            "private"
          ],
          "to_variable": {
            "key": "_l6yxEFmOEDWJZKeUkwjtoQ",
            "name": "discription",
            "type": null,
            "modifiers": [
              "private"
            ],
            "position": {}
          },
          "position": {}
        },
        "_jHdGwFmOEDWJZKeUkwjtoQ": {
          "key": "_jHdGwFmOEDWJZKeUkwjtoQ",
          "name": "no",
          "type": null,
          "probability": 1,
          "modifiers": [
            "private"
          ],
          "to_variable": {
            "key": "_l6yxEVmOEDWJZKeUkwjtoQ",
            "name": "no",
            "type": null,
            "modifiers": [
              "private"
            ],
            "position": {}
          },
          "position": {}
        }
      }
    }
  }
}