{
  "report_version": "unknown",
  "report_timestamp": "2025-03-26T22:43:25.455Z",
  "target_language": "java",
  "report_summary": {
    "additional": null,
    "amount_classes_or_interfaces_with_data_clumps": 6,
    "amount_files_with_data_clumps": 6,
    "amount_methods_with_data_clumps": 4,
    "fields_to_fields_data_clump": 2,
    "parameters_to_fields_data_clump": 0,
    "parameters_to_parameters_data_clump": 12,
    "amount_data_clumps": 14
  },
  "project_info": {
    "project_url": "unknown_project_url",
    "project_name": "_daes4GjBEeiTTuxWefFgMg",
    "project_version": "unknown_project_version",
    "project_commit_hash": "unknown",
    "project_tag": null,
    "project_commit_date": null,
    "additional": {},
    "number_of_files": 10,
    "number_of_classes_or_interfaces": 10,
    "number_of_methods": 32,
    "number_of_data_fields": 19,
    "number_of_method_parameters": 21
  },
  "detector": {
    "name": "data-clumps-doctor",
    "url": "https://github.com/NilsBaumgartner1994/data-clumps-doctor",
    "version": "0.1.100",
    "options": {
      "typeVariablesConsidered": false,
      "similarityModifierOfVariablesWithUnknownType": 0,
      "fieldsOfClassesWithUnknownHierarchyProbabilityModifier": 0,
      "sharedFieldsToFieldsAmountMinimum": 3,
      "analyseFieldsInClassesOrInterfacesInheritedFromSuperClassesOrInterfaces": false,
      "sharedParametersToParametersAmountMinimum": 3,
      "sharedParametersToFieldsAmountMinimum": 3,
      "methodsOfClassesOrInterfacesWithUnknownHierarchyProbabilityModifier": 0
    }
  },
  "data_clumps": {
    "parameters_to_parameters_data_clump-./Button-_FG5vQFEKEDaDa6r5ua-4dQ-_6rsRcFEFEDang_vMwXCcCw-xycolor": {
      "type": "data_clump",
      "key": "parameters_to_parameters_data_clump-./Button-_FG5vQFEKEDaDa6r5ua-4dQ-_6rsRcFEFEDang_vMwXCcCw-xycolor",
      "probability": 1,
      "from_file_path": "./Button",
      "from_class_or_interface_name": "Button",
      "from_class_or_interface_key": "_eVbpsVEJEDaDa6r5ua-4dQ",
      "from_method_name": "draw",
      "from_method_key": "_FG5vQFEKEDaDa6r5ua-4dQ",
      "to_file_path": "./Layer",
      "to_class_or_interface_name": "Layer",
      "to_class_or_interface_key": "_nEAVoVEEEDang_vMwXCcCw",
      "to_method_name": "setPixel",
      "to_method_key": "_6rsRcFEFEDang_vMwXCcCw",
      "data_clump_type": "parameters_to_parameters_data_clump",
      "data_clump_data": {
        "_tip9gFKYEDaKpc-LBQKXIw": {
          "key": "_tip9gFKYEDaKpc-LBQKXIw",
          "name": "x",
          "type": null,
          "probability": 1,
          "modifiers": [],
          "to_variable": {
            "key": "_9QtL4FEFEDang_vMwXCcCw",
            "name": "x",
            "type": null,
            "modifiers": [],
            "position": {}
          },
          "position": {}
        },
        "_u4quMFKYEDaKpc-LBQKXIw": {
          "key": "_u4quMFKYEDaKpc-LBQKXIw",
          "name": "y",
          "type": null,
          "probability": 1,
          "modifiers": [],
          "to_variable": {
            "key": "__uFNQFEFEDang_vMwXCcCw",
            "name": "y",
            "type": null,
            "modifiers": [],
            "position": {}
          },
          "position": {}
        },
        "_x2JL8FKYEDaKpc-LBQKXIw": {
          "key": "_x2JL8FKYEDaKpc-LBQKXIw",
          "name": "color",
          "type": null,
          "probability": 1,
          "modifiers": [],
          "to_variable": {
            "key": "_GOfmQFEGEDang_vMwXCcCw",
            "name": "color",
            "type": null,
            "modifiers": [],
            "position": {}
          },
          "position": {}
        }
      }
    },
    "parameters_to_parameters_data_clump-./Button-_FG5vQFEKEDaDa6r5ua-4dQ-_y68VIVEJEDaDa6r5ua-4dQ-xycolor": {
      "type": "data_clump",
      "key": "parameters_to_parameters_data_clump-./Button-_FG5vQFEKEDaDa6r5ua-4dQ-_y68VIVEJEDaDa6r5ua-4dQ-xycolor",
      "probability": 1,
      "from_file_path": "./Button",
      "from_class_or_interface_name": "Button",
      "from_class_or_interface_key": "_eVbpsVEJEDaDa6r5ua-4dQ",
      "from_method_name": "draw",
      "from_method_key": "_FG5vQFEKEDaDa6r5ua-4dQ",
      "to_file_path": "./Rectangle",
      "to_class_or_interface_name": "Rectangle",
      "to_class_or_interface_key": "_QM5BsVEJEDaDa6r5ua-4dQ",
      "to_method_name": "draw",
      "to_method_key": "_y68VIVEJEDaDa6r5ua-4dQ",
      "data_clump_type": "parameters_to_parameters_data_clump",
      "data_clump_data": {
        "_tip9gFKYEDaKpc-LBQKXIw": {
          "key": "_tip9gFKYEDaKpc-LBQKXIw",
          "name": "x",
          "type": null,
          "probability": 1,
          "modifiers": [],
          "to_variable": {
            "key": "_juXY8FKYEDaKpc-LBQKXIw",
            "name": "x",
            "type": null,
            "modifiers": [],
            "position": {}
          },
          "position": {}
        },
        "_u4quMFKYEDaKpc-LBQKXIw": {
          "key": "_u4quMFKYEDaKpc-LBQKXIw",
          "name": "y",
          "type": null,
          "probability": 1,
          "modifiers": [],
          "to_variable": {
            "key": "_lioy8FKYEDaKpc-LBQKXIw",
            "name": "y",
            "type": null,
            "modifiers": [],
            "position": {}
          },
          "position": {}
        },
        "_x2JL8FKYEDaKpc-LBQKXIw": {
          "key": "_x2JL8FKYEDaKpc-LBQKXIw",
          "name": "color",
          "type": null,
          "probability": 1,
          "modifiers": [],
          "to_variable": {
            "key": "_pMPW4FKYEDaKpc-LBQKXIw",
            "name": "color",
            "type": null,
            "modifiers": [],
            "position": {}
          },
          "position": {}
        }
      }
    },
    "parameters_to_parameters_data_clump-./Button-_FG5vQFEKEDaDa6r5ua-4dQ-_OWr4kFEKEDaDa6r5ua-4dQ-xytextcolor": {
      "type": "data_clump",
      "key": "parameters_to_parameters_data_clump-./Button-_FG5vQFEKEDaDa6r5ua-4dQ-_OWr4kFEKEDaDa6r5ua-4dQ-xytextcolor",
      "probability": 1,
      "from_file_path": "./Button",
      "from_class_or_interface_name": "Button",
      "from_class_or_interface_key": "_eVbpsVEJEDaDa6r5ua-4dQ",
      "from_method_name": "draw",
      "from_method_key": "_FG5vQFEKEDaDa6r5ua-4dQ",
      "to_file_path": "./Textbox",
      "to_class_or_interface_name": "Textbox",
      "to_class_or_interface_key": "_KcFEMVEKEDaDa6r5ua-4dQ",
      "to_method_name": "draw",
      "to_method_key": "_OWr4kFEKEDaDa6r5ua-4dQ",
      "data_clump_type": "parameters_to_parameters_data_clump",
      "data_clump_data": {
        "_tip9gFKYEDaKpc-LBQKXIw": {
          "key": "_tip9gFKYEDaKpc-LBQKXIw",
          "name": "x",
          "type": null,
          "probability": 1,
          "modifiers": [],
          "to_variable": {
            "key": "_zuE98FKYEDaKpc-LBQKXIw",
            "name": "x",
            "type": null,
            "modifiers": [],
            "position": {}
          },
          "position": {}
        },
        "_u4quMFKYEDaKpc-LBQKXIw": {
          "key": "_u4quMFKYEDaKpc-LBQKXIw",
          "name": "y",
          "type": null,
          "probability": 1,
          "modifiers": [],
          "to_variable": {
            "key": "_0Uv8YFKYEDaKpc-LBQKXIw",
            "name": "y",
            "type": null,
            "modifiers": [],
            "position": {}
          },
          "position": {}
        },
        "_vbnqQFKYEDaKpc-LBQKXIw": {
          "key": "_vbnqQFKYEDaKpc-LBQKXIw",
          "name": "text",
          "type": null,
          "probability": 1,
          "modifiers": [],
          "to_variable": {
            "key": "_0-igQFKYEDaKpc-LBQKXIw",
            "name": "text",
            "type": null,
            "modifiers": [],
            "position": {}
          },
          "position": {}
        },
        "_x2JL8FKYEDaKpc-LBQKXIw": {
          "key": "_x2JL8FKYEDaKpc-LBQKXIw",
          "name": "color",
          "type": null,
          "probability": 1,
          "modifiers": [],
          "to_variable": {
            "key": "_1j4pAFKYEDaKpc-LBQKXIw",
            "name": "color",
            "type": null,
            "modifiers": [],
            "position": {}
          },
          "position": {}
        }
      }
    },
    "parameters_to_parameters_data_clump-./Layer-_6rsRcFEFEDang_vMwXCcCw-_FG5vQFEKEDaDa6r5ua-4dQ-xycolor": {
      "type": "data_clump",
      "key": "parameters_to_parameters_data_clump-./Layer-_6rsRcFEFEDang_vMwXCcCw-_FG5vQFEKEDaDa6r5ua-4dQ-xycolor",
      "probability": 1,
      "from_file_path": "./Layer",
      "from_class_or_interface_name": "Layer",
      "from_class_or_interface_key": "_nEAVoVEEEDang_vMwXCcCw",
      "from_method_name": "setPixel",
      "from_method_key": "_6rsRcFEFEDang_vMwXCcCw",
      "to_file_path": "./Button",
      "to_class_or_interface_name": "Button",
      "to_class_or_interface_key": "_eVbpsVEJEDaDa6r5ua-4dQ",
      "to_method_name": "draw",
      "to_method_key": "_FG5vQFEKEDaDa6r5ua-4dQ",
      "data_clump_type": "parameters_to_parameters_data_clump",
      "data_clump_data": {
        "_9QtL4FEFEDang_vMwXCcCw": {
          "key": "_9QtL4FEFEDang_vMwXCcCw",
          "name": "x",
          "type": null,
          "probability": 1,
          "modifiers": [],
          "to_variable": {
            "key": "_tip9gFKYEDaKpc-LBQKXIw",
            "name": "x",
            "type": null,
            "modifiers": [],
            "position": {}
          },
          "position": {}
        },
        "__uFNQFEFEDang_vMwXCcCw": {
          "key": "__uFNQFEFEDang_vMwXCcCw",
          "name": "y",
          "type": null,
          "probability": 1,
          "modifiers": [],
          "to_variable": {
            "key": "_u4quMFKYEDaKpc-LBQKXIw",
            "name": "y",
            "type": null,
            "modifiers": [],
            "position": {}
          },
          "position": {}
        },
        "_GOfmQFEGEDang_vMwXCcCw": {
          "key": "_GOfmQFEGEDang_vMwXCcCw",
          "name": "color",
          "type": null,
          "probability": 1,
          "modifiers": [],
          "to_variable": {
            "key": "_x2JL8FKYEDaKpc-LBQKXIw",
            "name": "color",
            "type": null,
            "modifiers": [],
            "position": {}
          },
          "position": {}
        }
      }
    },
    "parameters_to_parameters_data_clump-./Layer-_6rsRcFEFEDang_vMwXCcCw-_y68VIVEJEDaDa6r5ua-4dQ-xycolor": {
      "type": "data_clump",
      "key": "parameters_to_parameters_data_clump-./Layer-_6rsRcFEFEDang_vMwXCcCw-_y68VIVEJEDaDa6r5ua-4dQ-xycolor",
      "probability": 1,
      "from_file_path": "./Layer",
      "from_class_or_interface_name": "Layer",
      "from_class_or_interface_key": "_nEAVoVEEEDang_vMwXCcCw",
      "from_method_name": "setPixel",
      "from_method_key": "_6rsRcFEFEDang_vMwXCcCw",
      "to_file_path": "./Rectangle",
      "to_class_or_interface_name": "Rectangle",
      "to_class_or_interface_key": "_QM5BsVEJEDaDa6r5ua-4dQ",
      "to_method_name": "draw",
      "to_method_key": "_y68VIVEJEDaDa6r5ua-4dQ",
      "data_clump_type": "parameters_to_parameters_data_clump",
      "data_clump_data": {
        "_9QtL4FEFEDang_vMwXCcCw": {
          "key": "_9QtL4FEFEDang_vMwXCcCw",
          "name": "x",
          "type": null,
          "probability": 1,
          "modifiers": [],
          "to_variable": {
            "key": "_juXY8FKYEDaKpc-LBQKXIw",
            "name": "x",
            "type": null,
            "modifiers": [],
            "position": {}
          },
          "position": {}
        },
        "__uFNQFEFEDang_vMwXCcCw": {
          "key": "__uFNQFEFEDang_vMwXCcCw",
          "name": "y",
          "type": null,
          "probability": 1,
          "modifiers": [],
          "to_variable": {
            "key": "_lioy8FKYEDaKpc-LBQKXIw",
            "name": "y",
            "type": null,
            "modifiers": [],
            "position": {}
          },
          "position": {}
        },
        "_GOfmQFEGEDang_vMwXCcCw": {
          "key": "_GOfmQFEGEDang_vMwXCcCw",
          "name": "color",
          "type": null,
          "probability": 1,
          "modifiers": [],
          "to_variable": {
            "key": "_pMPW4FKYEDaKpc-LBQKXIw",
            "name": "color",
            "type": null,
            "modifiers": [],
            "position": {}
          },
          "position": {}
        }
      }
    },
    "parameters_to_parameters_data_clump-./Layer-_6rsRcFEFEDang_vMwXCcCw-_OWr4kFEKEDaDa6r5ua-4dQ-xycolor": {
      "type": "data_clump",
      "key": "parameters_to_parameters_data_clump-./Layer-_6rsRcFEFEDang_vMwXCcCw-_OWr4kFEKEDaDa6r5ua-4dQ-xycolor",
      "probability": 1,
      "from_file_path": "./Layer",
      "from_class_or_interface_name": "Layer",
      "from_class_or_interface_key": "_nEAVoVEEEDang_vMwXCcCw",
      "from_method_name": "setPixel",
      "from_method_key": "_6rsRcFEFEDang_vMwXCcCw",
      "to_file_path": "./Textbox",
      "to_class_or_interface_name": "Textbox",
      "to_class_or_interface_key": "_KcFEMVEKEDaDa6r5ua-4dQ",
      "to_method_name": "draw",
      "to_method_key": "_OWr4kFEKEDaDa6r5ua-4dQ",
      "data_clump_type": "parameters_to_parameters_data_clump",
      "data_clump_data": {
        "_9QtL4FEFEDang_vMwXCcCw": {
          "key": "_9QtL4FEFEDang_vMwXCcCw",
          "name": "x",
          "type": null,
          "probability": 1,
          "modifiers": [],
          "to_variable": {
            "key": "_zuE98FKYEDaKpc-LBQKXIw",
            "name": "x",
            "type": null,
            "modifiers": [],
            "position": {}
          },
          "position": {}
        },
        "__uFNQFEFEDang_vMwXCcCw": {
          "key": "__uFNQFEFEDang_vMwXCcCw",
          "name": "y",
          "type": null,
          "probability": 1,
          "modifiers": [],
          "to_variable": {
            "key": "_0Uv8YFKYEDaKpc-LBQKXIw",
            "name": "y",
            "type": null,
            "modifiers": [],
            "position": {}
          },
          "position": {}
        },
        "_GOfmQFEGEDang_vMwXCcCw": {
          "key": "_GOfmQFEGEDang_vMwXCcCw",
          "name": "color",
          "type": null,
          "probability": 1,
          "modifiers": [],
          "to_variable": {
            "key": "_1j4pAFKYEDaKpc-LBQKXIw",
            "name": "color",
            "type": null,
            "modifiers": [],
            "position": {}
          },
          "position": {}
        }
      }
    },
    "parameters_to_parameters_data_clump-./Rectangle-_y68VIVEJEDaDa6r5ua-4dQ-_FG5vQFEKEDaDa6r5ua-4dQ-xycolor": {
      "type": "data_clump",
      "key": "parameters_to_parameters_data_clump-./Rectangle-_y68VIVEJEDaDa6r5ua-4dQ-_FG5vQFEKEDaDa6r5ua-4dQ-xycolor",
      "probability": 1,
      "from_file_path": "./Rectangle",
      "from_class_or_interface_name": "Rectangle",
      "from_class_or_interface_key": "_QM5BsVEJEDaDa6r5ua-4dQ",
      "from_method_name": "draw",
      "from_method_key": "_y68VIVEJEDaDa6r5ua-4dQ",
      "to_file_path": "./Button",
      "to_class_or_interface_name": "Button",
      "to_class_or_interface_key": "_eVbpsVEJEDaDa6r5ua-4dQ",
      "to_method_name": "draw",
      "to_method_key": "_FG5vQFEKEDaDa6r5ua-4dQ",
      "data_clump_type": "parameters_to_parameters_data_clump",
      "data_clump_data": {
        "_juXY8FKYEDaKpc-LBQKXIw": {
          "key": "_juXY8FKYEDaKpc-LBQKXIw",
          "name": "x",
          "type": null,
          "probability": 1,
          "modifiers": [],
          "to_variable": {
            "key": "_tip9gFKYEDaKpc-LBQKXIw",
            "name": "x",
            "type": null,
            "modifiers": [],
            "position": {}
          },
          "position": {}
        },
        "_lioy8FKYEDaKpc-LBQKXIw": {
          "key": "_lioy8FKYEDaKpc-LBQKXIw",
          "name": "y",
          "type": null,
          "probability": 1,
          "modifiers": [],
          "to_variable": {
            "key": "_u4quMFKYEDaKpc-LBQKXIw",
            "name": "y",
            "type": null,
            "modifiers": [],
            "position": {}
          },
          "position": {}
        },
        "_pMPW4FKYEDaKpc-LBQKXIw": {
          "key": "_pMPW4FKYEDaKpc-LBQKXIw",
          "name": "color",
          "type": null,
          "probability": 1,
          "modifiers": [],
          "to_variable": {
            "key": "_x2JL8FKYEDaKpc-LBQKXIw",
            "name": "color",
            "type": null,
            "modifiers": [],
            "position": {}
          },
          "position": {}
        }
      }
    },
    "parameters_to_parameters_data_clump-./Rectangle-_y68VIVEJEDaDa6r5ua-4dQ-_6rsRcFEFEDang_vMwXCcCw-xycolor": {
      "type": "data_clump",
      "key": "parameters_to_parameters_data_clump-./Rectangle-_y68VIVEJEDaDa6r5ua-4dQ-_6rsRcFEFEDang_vMwXCcCw-xycolor",
      "probability": 1,
      "from_file_path": "./Rectangle",
      "from_class_or_interface_name": "Rectangle",
      "from_class_or_interface_key": "_QM5BsVEJEDaDa6r5ua-4dQ",
      "from_method_name": "draw",
      "from_method_key": "_y68VIVEJEDaDa6r5ua-4dQ",
      "to_file_path": "./Layer",
      "to_class_or_interface_name": "Layer",
      "to_class_or_interface_key": "_nEAVoVEEEDang_vMwXCcCw",
      "to_method_name": "setPixel",
      "to_method_key": "_6rsRcFEFEDang_vMwXCcCw",
      "data_clump_type": "parameters_to_parameters_data_clump",
      "data_clump_data": {
        "_juXY8FKYEDaKpc-LBQKXIw": {
          "key": "_juXY8FKYEDaKpc-LBQKXIw",
          "name": "x",
          "type": null,
          "probability": 1,
          "modifiers": [],
          "to_variable": {
            "key": "_9QtL4FEFEDang_vMwXCcCw",
            "name": "x",
            "type": null,
            "modifiers": [],
            "position": {}
          },
          "position": {}
        },
        "_lioy8FKYEDaKpc-LBQKXIw": {
          "key": "_lioy8FKYEDaKpc-LBQKXIw",
          "name": "y",
          "type": null,
          "probability": 1,
          "modifiers": [],
          "to_variable": {
            "key": "__uFNQFEFEDang_vMwXCcCw",
            "name": "y",
            "type": null,
            "modifiers": [],
            "position": {}
          },
          "position": {}
        },
        "_pMPW4FKYEDaKpc-LBQKXIw": {
          "key": "_pMPW4FKYEDaKpc-LBQKXIw",
          "name": "color",
          "type": null,
          "probability": 1,
          "modifiers": [],
          "to_variable": {
            "key": "_GOfmQFEGEDang_vMwXCcCw",
            "name": "color",
            "type": null,
            "modifiers": [],
            "position": {}
          },
          "position": {}
        }
      }
    },
    "parameters_to_parameters_data_clump-./Rectangle-_y68VIVEJEDaDa6r5ua-4dQ-_OWr4kFEKEDaDa6r5ua-4dQ-xycolor": {
      "type": "data_clump",
      "key": "parameters_to_parameters_data_clump-./Rectangle-_y68VIVEJEDaDa6r5ua-4dQ-_OWr4kFEKEDaDa6r5ua-4dQ-xycolor",
      "probability": 1,
      "from_file_path": "./Rectangle",
      "from_class_or_interface_name": "Rectangle",
      "from_class_or_interface_key": "_QM5BsVEJEDaDa6r5ua-4dQ",
      "from_method_name": "draw",
      "from_method_key": "_y68VIVEJEDaDa6r5ua-4dQ",
      "to_file_path": "./Textbox",
      "to_class_or_interface_name": "Textbox",
      "to_class_or_interface_key": "_KcFEMVEKEDaDa6r5ua-4dQ",
      "to_method_name": "draw",
      "to_method_key": "_OWr4kFEKEDaDa6r5ua-4dQ",
      "data_clump_type": "parameters_to_parameters_data_clump",
      "data_clump_data": {
        "_juXY8FKYEDaKpc-LBQKXIw": {
          "key": "_juXY8FKYEDaKpc-LBQKXIw",
          "name": "x",
          "type": null,
          "probability": 1,
          "modifiers": [],
          "to_variable": {
            "key": "_zuE98FKYEDaKpc-LBQKXIw",
            "name": "x",
            "type": null,
            "modifiers": [],
            "position": {}
          },
          "position": {}
        },
        "_lioy8FKYEDaKpc-LBQKXIw": {
          "key": "_lioy8FKYEDaKpc-LBQKXIw",
          "name": "y",
          "type": null,
          "probability": 1,
          "modifiers": [],
          "to_variable": {
            "key": "_0Uv8YFKYEDaKpc-LBQKXIw",
            "name": "y",
            "type": null,
            "modifiers": [],
            "position": {}
          },
          "position": {}
        },
        "_pMPW4FKYEDaKpc-LBQKXIw": {
          "key": "_pMPW4FKYEDaKpc-LBQKXIw",
          "name": "color",
          "type": null,
          "probability": 1,
          "modifiers": [],
          "to_variable": {
            "key": "_1j4pAFKYEDaKpc-LBQKXIw",
            "name": "color",
            "type": null,
            "modifiers": [],
            "position": {}
          },
          "position": {}
        }
      }
    },
    "parameters_to_parameters_data_clump-./Textbox-_OWr4kFEKEDaDa6r5ua-4dQ-_FG5vQFEKEDaDa6r5ua-4dQ-xytextcolor": {
      "type": "data_clump",
      "key": "parameters_to_parameters_data_clump-./Textbox-_OWr4kFEKEDaDa6r5ua-4dQ-_FG5vQFEKEDaDa6r5ua-4dQ-xytextcolor",
      "probability": 1,
      "from_file_path": "./Textbox",
      "from_class_or_interface_name": "Textbox",
      "from_class_or_interface_key": "_KcFEMVEKEDaDa6r5ua-4dQ",
      "from_method_name": "draw",
      "from_method_key": "_OWr4kFEKEDaDa6r5ua-4dQ",
      "to_file_path": "./Button",
      "to_class_or_interface_name": "Button",
      "to_class_or_interface_key": "_eVbpsVEJEDaDa6r5ua-4dQ",
      "to_method_name": "draw",
      "to_method_key": "_FG5vQFEKEDaDa6r5ua-4dQ",
      "data_clump_type": "parameters_to_parameters_data_clump",
      "data_clump_data": {
        "_zuE98FKYEDaKpc-LBQKXIw": {
          "key": "_zuE98FKYEDaKpc-LBQKXIw",
          "name": "x",
          "type": null,
          "probability": 1,
          "modifiers": [],
          "to_variable": {
            "key": "_tip9gFKYEDaKpc-LBQKXIw",
            "name": "x",
            "type": null,
            "modifiers": [],
            "position": {}
          },
          "position": {}
        },
        "_0Uv8YFKYEDaKpc-LBQKXIw": {
          "key": "_0Uv8YFKYEDaKpc-LBQKXIw",
          "name": "y",
          "type": null,
          "probability": 1,
          "modifiers": [],
          "to_variable": {
            "key": "_u4quMFKYEDaKpc-LBQKXIw",
            "name": "y",
            "type": null,
            "modifiers": [],
            "position": {}
          },
          "position": {}
        },
        "_0-igQFKYEDaKpc-LBQKXIw": {
          "key": "_0-igQFKYEDaKpc-LBQKXIw",
          "name": "text",
          "type": null,
          "probability": 1,
          "modifiers": [],
          "to_variable": {
            "key": "_vbnqQFKYEDaKpc-LBQKXIw",
            "name": "text",
            "type": null,
            "modifiers": [],
            "position": {}
          },
          "position": {}
        },
        "_1j4pAFKYEDaKpc-LBQKXIw": {
          "key": "_1j4pAFKYEDaKpc-LBQKXIw",
          "name": "color",
          "type": null,
          "probability": 1,
          "modifiers": [],
          "to_variable": {
            "key": "_x2JL8FKYEDaKpc-LBQKXIw",
            "name": "color",
            "type": null,
            "modifiers": [],
            "position": {}
          },
          "position": {}
        }
      }
    },
    "parameters_to_parameters_data_clump-./Textbox-_OWr4kFEKEDaDa6r5ua-4dQ-_6rsRcFEFEDang_vMwXCcCw-xycolor": {
      "type": "data_clump",
      "key": "parameters_to_parameters_data_clump-./Textbox-_OWr4kFEKEDaDa6r5ua-4dQ-_6rsRcFEFEDang_vMwXCcCw-xycolor",
      "probability": 1,
      "from_file_path": "./Textbox",
      "from_class_or_interface_name": "Textbox",
      "from_class_or_interface_key": "_KcFEMVEKEDaDa6r5ua-4dQ",
      "from_method_name": "draw",
      "from_method_key": "_OWr4kFEKEDaDa6r5ua-4dQ",
      "to_file_path": "./Layer",
      "to_class_or_interface_name": "Layer",
      "to_class_or_interface_key": "_nEAVoVEEEDang_vMwXCcCw",
      "to_method_name": "setPixel",
      "to_method_key": "_6rsRcFEFEDang_vMwXCcCw",
      "data_clump_type": "parameters_to_parameters_data_clump",
      "data_clump_data": {
        "_zuE98FKYEDaKpc-LBQKXIw": {
          "key": "_zuE98FKYEDaKpc-LBQKXIw",
          "name": "x",
          "type": null,
          "probability": 1,
          "modifiers": [],
          "to_variable": {
            "key": "_9QtL4FEFEDang_vMwXCcCw",
            "name": "x",
            "type": null,
            "modifiers": [],
            "position": {}
          },
          "position": {}
        },
        "_0Uv8YFKYEDaKpc-LBQKXIw": {
          "key": "_0Uv8YFKYEDaKpc-LBQKXIw",
          "name": "y",
          "type": null,
          "probability": 1,
          "modifiers": [],
          "to_variable": {
            "key": "__uFNQFEFEDang_vMwXCcCw",
            "name": "y",
            "type": null,
            "modifiers": [],
            "position": {}
          },
          "position": {}
        },
        "_1j4pAFKYEDaKpc-LBQKXIw": {
          "key": "_1j4pAFKYEDaKpc-LBQKXIw",
          "name": "color",
          "type": null,
          "probability": 1,
          "modifiers": [],
          "to_variable": {
            "key": "_GOfmQFEGEDang_vMwXCcCw",
            "name": "color",
            "type": null,
            "modifiers": [],
            "position": {}
          },
          "position": {}
        }
      }
    },
    "parameters_to_parameters_data_clump-./Textbox-_OWr4kFEKEDaDa6r5ua-4dQ-_y68VIVEJEDaDa6r5ua-4dQ-xycolor": {
      "type": "data_clump",
      "key": "parameters_to_parameters_data_clump-./Textbox-_OWr4kFEKEDaDa6r5ua-4dQ-_y68VIVEJEDaDa6r5ua-4dQ-xycolor",
      "probability": 1,
      "from_file_path": "./Textbox",
      "from_class_or_interface_name": "Textbox",
      "from_class_or_interface_key": "_KcFEMVEKEDaDa6r5ua-4dQ",
      "from_method_name": "draw",
      "from_method_key": "_OWr4kFEKEDaDa6r5ua-4dQ",
      "to_file_path": "./Rectangle",
      "to_class_or_interface_name": "Rectangle",
      "to_class_or_interface_key": "_QM5BsVEJEDaDa6r5ua-4dQ",
      "to_method_name": "draw",
      "to_method_key": "_y68VIVEJEDaDa6r5ua-4dQ",
      "data_clump_type": "parameters_to_parameters_data_clump",
      "data_clump_data": {
        "_zuE98FKYEDaKpc-LBQKXIw": {
          "key": "_zuE98FKYEDaKpc-LBQKXIw",
          "name": "x",
          "type": null,
          "probability": 1,
          "modifiers": [],
          "to_variable": {
            "key": "_juXY8FKYEDaKpc-LBQKXIw",
            "name": "x",
            "type": null,
            "modifiers": [],
            "position": {}
          },
          "position": {}
        },
        "_0Uv8YFKYEDaKpc-LBQKXIw": {
          "key": "_0Uv8YFKYEDaKpc-LBQKXIw",
          "name": "y",
          "type": null,
          "probability": 1,
          "modifiers": [],
          "to_variable": {
            "key": "_lioy8FKYEDaKpc-LBQKXIw",
            "name": "y",
            "type": null,
            "modifiers": [],
            "position": {}
          },
          "position": {}
        },
        "_1j4pAFKYEDaKpc-LBQKXIw": {
          "key": "_1j4pAFKYEDaKpc-LBQKXIw",
          "name": "color",
          "type": null,
          "probability": 1,
          "modifiers": [],
          "to_variable": {
            "key": "_pMPW4FKYEDaKpc-LBQKXIw",
            "name": "color",
            "type": null,
            "modifiers": [],
            "position": {}
          },
          "position": {}
        }
      }
    },
    "fields_to_fields_data_clump-./CANIMAL-_CyvGAErwEDafP57i1d9ruA-_A02dAUrwEDafP57i1d9ruA-mXmYwidthheight": {
      "type": "data_clump",
      "key": "fields_to_fields_data_clump-./CANIMAL-_CyvGAErwEDafP57i1d9ruA-_A02dAUrwEDafP57i1d9ruA-mXmYwidthheight",
      "probability": 1,
      "from_file_path": "./CANIMAL",
      "from_class_or_interface_name": "CANIMAL",
      "from_class_or_interface_key": "_CyvGAErwEDafP57i1d9ruA",
      "from_method_name": null,
      "from_method_key": null,
      "to_file_path": "./CVEHICLE",
      "to_class_or_interface_key": "_A02dAUrwEDafP57i1d9ruA",
      "to_class_or_interface_name": "CANIMAL",
      "to_method_key": null,
      "to_method_name": null,
      "data_clump_type": "fields_to_fields_data_clump",
      "data_clump_data": {
        "_vGfjMEwTEDan4rQxLvgrEg": {
          "key": "_vGfjMEwTEDan4rQxLvgrEg",
          "name": "mX",
          "type": null,
          "probability": 1,
          "modifiers": [
            "private"
          ],
          "to_variable": {
            "key": "_LpMdYUvBEDaFHMhhRyrpbA",
            "name": "mX",
            "type": null,
            "modifiers": [
              "private"
            ],
            "position": {}
          },
          "position": {}
        },
        "_wFgJIEwTEDan4rQxLvgrEg": {
          "key": "_wFgJIEwTEDan4rQxLvgrEg",
          "name": "mY",
          "type": null,
          "probability": 1,
          "modifiers": [
            "private"
          ],
          "to_variable": {
            "key": "_NoXf0UvBEDaFHMhhRyrpbA",
            "name": "mY",
            "type": null,
            "modifiers": [
              "private"
            ],
            "position": {}
          },
          "position": {}
        },
        "_NF3tIE7qEDaLGrcPDidIpg": {
          "key": "_NF3tIE7qEDaLGrcPDidIpg",
          "name": "width",
          "type": null,
          "probability": 1,
          "modifiers": [
            "private"
          ],
          "to_variable": {
            "key": "_kpYDEEweEDan4rQxLvgrEg",
            "name": "width",
            "type": null,
            "modifiers": [
              "private"
            ],
            "position": {}
          },
          "position": {}
        },
        "_OBV24U7qEDaLGrcPDidIpg": {
          "key": "_OBV24U7qEDaLGrcPDidIpg",
          "name": "height",
          "type": null,
          "probability": 1,
          "modifiers": [
            "private"
          ],
          "to_variable": {
            "key": "_oy3oAEweEDan4rQxLvgrEg",
            "name": "height",
            "type": null,
            "modifiers": [
              "private"
            ],
            "position": {}
          },
          "position": {}
        }
      }
    },
    "fields_to_fields_data_clump-./CVEHICLE-_A02dAUrwEDafP57i1d9ruA-_CyvGAErwEDafP57i1d9ruA-mXmYwidthheight": {
      "type": "data_clump",
      "key": "fields_to_fields_data_clump-./CVEHICLE-_A02dAUrwEDafP57i1d9ruA-_CyvGAErwEDafP57i1d9ruA-mXmYwidthheight",
      "probability": 1,
      "from_file_path": "./CVEHICLE",
      "from_class_or_interface_name": "CVEHICLE",
      "from_class_or_interface_key": "_A02dAUrwEDafP57i1d9ruA",
      "from_method_name": null,
      "from_method_key": null,
      "to_file_path": "./CANIMAL",
      "to_class_or_interface_key": "_CyvGAErwEDafP57i1d9ruA",
      "to_class_or_interface_name": "CVEHICLE",
      "to_method_key": null,
      "to_method_name": null,
      "data_clump_type": "fields_to_fields_data_clump",
      "data_clump_data": {
        "_LpMdYUvBEDaFHMhhRyrpbA": {
          "key": "_LpMdYUvBEDaFHMhhRyrpbA",
          "name": "mX",
          "type": null,
          "probability": 1,
          "modifiers": [
            "private"
          ],
          "to_variable": {
            "key": "_vGfjMEwTEDan4rQxLvgrEg",
            "name": "mX",
            "type": null,
            "modifiers": [
              "private"
            ],
            "position": {}
          },
          "position": {}
        },
        "_NoXf0UvBEDaFHMhhRyrpbA": {
          "key": "_NoXf0UvBEDaFHMhhRyrpbA",
          "name": "mY",
          "type": null,
          "probability": 1,
          "modifiers": [
            "private"
          ],
          "to_variable": {
            "key": "_wFgJIEwTEDan4rQxLvgrEg",
            "name": "mY",
            "type": null,
            "modifiers": [
              "private"
            ],
            "position": {}
          },
          "position": {}
        },
        "_kpYDEEweEDan4rQxLvgrEg": {
          "key": "_kpYDEEweEDan4rQxLvgrEg",
          "name": "width",
          "type": null,
          "probability": 1,
          "modifiers": [
            "private"
          ],
          "to_variable": {
            "key": "_NF3tIE7qEDaLGrcPDidIpg",
            "name": "width",
            "type": null,
            "modifiers": [
              "private"
            ],
            "position": {}
          },
          "position": {}
        },
        "_oy3oAEweEDan4rQxLvgrEg": {
          "key": "_oy3oAEweEDan4rQxLvgrEg",
          "name": "height",
          "type": null,
          "probability": 1,
          "modifiers": [
            "private"
          ],
          "to_variable": {
            "key": "_OBV24U7qEDaLGrcPDidIpg",
            "name": "height",
            "type": null,
            "modifiers": [
              "private"
            ],
            "position": {}
          },
          "position": {}
        }
      }
    }
  }
}