{
  "report_version": "unknown",
  "report_timestamp": "2025-03-26T23:05:35.852Z",
  "target_language": "java",
  "report_summary": {
    "additional": null,
    "amount_classes_or_interfaces_with_data_clumps": 6,
    "amount_files_with_data_clumps": 6,
    "amount_methods_with_data_clumps": 0,
    "fields_to_fields_data_clump": 30,
    "parameters_to_fields_data_clump": 0,
    "parameters_to_parameters_data_clump": 0,
    "amount_data_clumps": 30
  },
  "project_info": {
    "project_url": "unknown_project_url",
    "project_name": "_DaSdoNR-EeiczqJWtOPN4Q",
    "project_version": "unknown_project_version",
    "project_commit_hash": "unknown",
    "project_tag": null,
    "project_commit_date": null,
    "additional": {},
    "number_of_files": 12,
    "number_of_classes_or_interfaces": 12,
    "number_of_methods": 39,
    "number_of_data_fields": 53,
    "number_of_method_parameters": 0
  },
  "detector": {
    "name": "data-clumps-doctor",
    "url": "https://github.com/NilsBaumgartner1994/data-clumps-doctor",
    "version": "0.1.100",
    "options": {
      "typeVariablesConsidered": false,
      "similarityModifierOfVariablesWithUnknownType": 0,
      "fieldsOfClassesWithUnknownHierarchyProbabilityModifier": 0,
      "sharedFieldsToFieldsAmountMinimum": 3,
      "analyseFieldsInClassesOrInterfacesInheritedFromSuperClassesOrInterfaces": false,
      "sharedParametersToParametersAmountMinimum": 3,
      "sharedParametersToFieldsAmountMinimum": 3,
      "methodsOfClassesOrInterfacesWithUnknownHierarchyProbabilityModifier": 0
    }
  },
  "data_clumps": {
    "fields_to_fields_data_clump-./Delete_course-_6r3bMLbMEDaxoeTSlTtHBA-__sjt4LbMEDaxoeTSlTtHBA-course_codenameCourse_nameCourse_idcourse_content": {
      "type": "data_clump",
      "key": "fields_to_fields_data_clump-./Delete_course-_6r3bMLbMEDaxoeTSlTtHBA-__sjt4LbMEDaxoeTSlTtHBA-course_codenameCourse_nameCourse_idcourse_content",
      "probability": 1,
      "from_file_path": "./Delete_course",
      "from_class_or_interface_name": "Delete_course",
      "from_class_or_interface_key": "_6r3bMLbMEDaxoeTSlTtHBA",
      "from_method_name": null,
      "from_method_key": null,
      "to_file_path": "./Existing_course",
      "to_class_or_interface_key": "__sjt4LbMEDaxoeTSlTtHBA",
      "to_class_or_interface_name": "Delete_course",
      "to_method_key": null,
      "to_method_name": null,
      "data_clump_type": "fields_to_fields_data_clump",
      "data_clump_data": {
        "_S9TT4LbPEDaxoeTSlTtHBA": {
          "key": "_S9TT4LbPEDaxoeTSlTtHBA",
          "name": "course_codename",
          "type": null,
          "probability": 1,
          "modifiers": [
            "public"
          ],
          "to_variable": {
            "key": "__IGOkLbPEDaxoeTSlTtHBA",
            "name": "course_codename",
            "type": null,
            "modifiers": [
              "public"
            ],
            "position": {}
          },
          "position": {}
        },
        "_WXoswLbPEDaxoeTSlTtHBA": {
          "key": "_WXoswLbPEDaxoeTSlTtHBA",
          "name": "Course_name",
          "type": null,
          "probability": 1,
          "modifiers": [
            "public"
          ],
          "to_variable": {
            "key": "__xX1ELbPEDaxoeTSlTtHBA",
            "name": "Course_name",
            "type": null,
            "modifiers": [
              "public"
            ],
            "position": {}
          },
          "position": {}
        },
        "_XWgIwLbPEDaxoeTSlTtHBA": {
          "key": "_XWgIwLbPEDaxoeTSlTtHBA",
          "name": "Course_id",
          "type": null,
          "probability": 1,
          "modifiers": [
            "public"
          ],
          "to_variable": {
            "key": "_AZzHALbQEDaxoeTSlTtHBA",
            "name": "Course_id",
            "type": null,
            "modifiers": [
              "public"
            ],
            "position": {}
          },
          "position": {}
        },
        "_ZYYg8LbPEDaxoeTSlTtHBA": {
          "key": "_ZYYg8LbPEDaxoeTSlTtHBA",
          "name": "course_content",
          "type": null,
          "probability": 1,
          "modifiers": [
            "public"
          ],
          "to_variable": {
            "key": "_BSHPELbQEDaxoeTSlTtHBA",
            "name": "course_content",
            "type": null,
            "modifiers": [
              "public"
            ],
            "position": {}
          },
          "position": {}
        }
      }
    },
    "fields_to_fields_data_clump-./Delete_course-_6r3bMLbMEDaxoeTSlTtHBA-_8XceILbKEDaxoeTSlTtHBA-course_codenameCourse_nameCourse_idcourse_content": {
      "type": "data_clump",
      "key": "fields_to_fields_data_clump-./Delete_course-_6r3bMLbMEDaxoeTSlTtHBA-_8XceILbKEDaxoeTSlTtHBA-course_codenameCourse_nameCourse_idcourse_content",
      "probability": 1,
      "from_file_path": "./Delete_course",
      "from_class_or_interface_name": "Delete_course",
      "from_class_or_interface_key": "_6r3bMLbMEDaxoeTSlTtHBA",
      "from_method_name": null,
      "from_method_key": null,
      "to_file_path": "./Manage_course",
      "to_class_or_interface_key": "_8XceILbKEDaxoeTSlTtHBA",
      "to_class_or_interface_name": "Delete_course",
      "to_method_key": null,
      "to_method_name": null,
      "data_clump_type": "fields_to_fields_data_clump",
      "data_clump_data": {
        "_S9TT4LbPEDaxoeTSlTtHBA": {
          "key": "_S9TT4LbPEDaxoeTSlTtHBA",
          "name": "course_codename",
          "type": null,
          "probability": 1,
          "modifiers": [
            "public"
          ],
          "to_variable": {
            "key": "_TUZQILbNEDaxoeTSlTtHBA",
            "name": "course_codename",
            "type": null,
            "modifiers": [
              "public"
            ],
            "position": {}
          },
          "position": {}
        },
        "_WXoswLbPEDaxoeTSlTtHBA": {
          "key": "_WXoswLbPEDaxoeTSlTtHBA",
          "name": "Course_name",
          "type": null,
          "probability": 1,
          "modifiers": [
            "public"
          ],
          "to_variable": {
            "key": "__7qy0LbKEDaxoeTSlTtHBA",
            "name": "Course_name",
            "type": null,
            "modifiers": [
              "public"
            ],
            "position": {}
          },
          "position": {}
        },
        "_XWgIwLbPEDaxoeTSlTtHBA": {
          "key": "_XWgIwLbPEDaxoeTSlTtHBA",
          "name": "Course_id",
          "type": null,
          "probability": 1,
          "modifiers": [
            "public"
          ],
          "to_variable": {
            "key": "_GEX2cbbLEDaxoeTSlTtHBA",
            "name": "Course_id",
            "type": null,
            "modifiers": [
              "public"
            ],
            "position": {}
          },
          "position": {}
        },
        "_ZYYg8LbPEDaxoeTSlTtHBA": {
          "key": "_ZYYg8LbPEDaxoeTSlTtHBA",
          "name": "course_content",
          "type": null,
          "probability": 1,
          "modifiers": [
            "public"
          ],
          "to_variable": {
            "key": "_MTW2UbbNEDaxoeTSlTtHBA",
            "name": "course_content",
            "type": null,
            "modifiers": [
              "public"
            ],
            "position": {}
          },
          "position": {}
        }
      }
    },
    "fields_to_fields_data_clump-./Delete_course-_6r3bMLbMEDaxoeTSlTtHBA-_KzaYcbbLEDaxoeTSlTtHBA-course_codenameCourse_nameCourse_idcourse_content": {
      "type": "data_clump",
      "key": "fields_to_fields_data_clump-./Delete_course-_6r3bMLbMEDaxoeTSlTtHBA-_KzaYcbbLEDaxoeTSlTtHBA-course_codenameCourse_nameCourse_idcourse_content",
      "probability": 1,
      "from_file_path": "./Delete_course",
      "from_class_or_interface_name": "Delete_course",
      "from_class_or_interface_key": "_6r3bMLbMEDaxoeTSlTtHBA",
      "from_method_name": null,
      "from_method_key": null,
      "to_file_path": "./Modify_course",
      "to_class_or_interface_key": "_KzaYcbbLEDaxoeTSlTtHBA",
      "to_class_or_interface_name": "Delete_course",
      "to_method_key": null,
      "to_method_name": null,
      "data_clump_type": "fields_to_fields_data_clump",
      "data_clump_data": {
        "_S9TT4LbPEDaxoeTSlTtHBA": {
          "key": "_S9TT4LbPEDaxoeTSlTtHBA",
          "name": "course_codename",
          "type": null,
          "probability": 1,
          "modifiers": [
            "public"
          ],
          "to_variable": {
            "key": "_MltfsLbPEDaxoeTSlTtHBA",
            "name": "course_codename",
            "type": null,
            "modifiers": [
              "public"
            ],
            "position": {}
          },
          "position": {}
        },
        "_WXoswLbPEDaxoeTSlTtHBA": {
          "key": "_WXoswLbPEDaxoeTSlTtHBA",
          "name": "Course_name",
          "type": null,
          "probability": 1,
          "modifiers": [
            "public"
          ],
          "to_variable": {
            "key": "_KkJ3oLbPEDaxoeTSlTtHBA",
            "name": "Course_name",
            "type": null,
            "modifiers": [
              "public"
            ],
            "position": {}
          },
          "position": {}
        },
        "_XWgIwLbPEDaxoeTSlTtHBA": {
          "key": "_XWgIwLbPEDaxoeTSlTtHBA",
          "name": "Course_id",
          "type": null,
          "probability": 1,
          "modifiers": [
            "public"
          ],
          "to_variable": {
            "key": "_LKqeALbPEDaxoeTSlTtHBA",
            "name": "Course_id",
            "type": null,
            "modifiers": [
              "public"
            ],
            "position": {}
          },
          "position": {}
        },
        "_ZYYg8LbPEDaxoeTSlTtHBA": {
          "key": "_ZYYg8LbPEDaxoeTSlTtHBA",
          "name": "course_content",
          "type": null,
          "probability": 1,
          "modifiers": [
            "public"
          ],
          "to_variable": {
            "key": "_L9CWILbPEDaxoeTSlTtHBA",
            "name": "course_content",
            "type": null,
            "modifiers": [
              "public"
            ],
            "position": {}
          },
          "position": {}
        }
      }
    },
    "fields_to_fields_data_clump-./Delete_course-_6r3bMLbMEDaxoeTSlTtHBA-_IWdi8bbNEDaxoeTSlTtHBA-course_codenameCourse_nameCourse_idcourse_content": {
      "type": "data_clump",
      "key": "fields_to_fields_data_clump-./Delete_course-_6r3bMLbMEDaxoeTSlTtHBA-_IWdi8bbNEDaxoeTSlTtHBA-course_codenameCourse_nameCourse_idcourse_content",
      "probability": 1,
      "from_file_path": "./Delete_course",
      "from_class_or_interface_name": "Delete_course",
      "from_class_or_interface_key": "_6r3bMLbMEDaxoeTSlTtHBA",
      "from_method_name": null,
      "from_method_key": null,
      "to_file_path": "./Validate_course",
      "to_class_or_interface_key": "_IWdi8bbNEDaxoeTSlTtHBA",
      "to_class_or_interface_name": "Delete_course",
      "to_method_key": null,
      "to_method_name": null,
      "data_clump_type": "fields_to_fields_data_clump",
      "data_clump_data": {
        "_S9TT4LbPEDaxoeTSlTtHBA": {
          "key": "_S9TT4LbPEDaxoeTSlTtHBA",
          "name": "course_codename",
          "type": null,
          "probability": 1,
          "modifiers": [
            "public"
          ],
          "to_variable": {
            "key": "_JtKasLbOEDaxoeTSlTtHBA",
            "name": "course_codename",
            "type": null,
            "modifiers": [
              "public"
            ],
            "position": {}
          },
          "position": {}
        },
        "_WXoswLbPEDaxoeTSlTtHBA": {
          "key": "_WXoswLbPEDaxoeTSlTtHBA",
          "name": "Course_name",
          "type": null,
          "probability": 1,
          "modifiers": [
            "public"
          ],
          "to_variable": {
            "key": "_HFLEwLbOEDaxoeTSlTtHBA",
            "name": "Course_name",
            "type": null,
            "modifiers": [
              "public"
            ],
            "position": {}
          },
          "position": {}
        },
        "_XWgIwLbPEDaxoeTSlTtHBA": {
          "key": "_XWgIwLbPEDaxoeTSlTtHBA",
          "name": "Course_id",
          "type": null,
          "probability": 1,
          "modifiers": [
            "public"
          ],
          "to_variable": {
            "key": "_Htg3ILbOEDaxoeTSlTtHBA",
            "name": "Course_id",
            "type": null,
            "modifiers": [
              "public"
            ],
            "position": {}
          },
          "position": {}
        },
        "_ZYYg8LbPEDaxoeTSlTtHBA": {
          "key": "_ZYYg8LbPEDaxoeTSlTtHBA",
          "name": "course_content",
          "type": null,
          "probability": 1,
          "modifiers": [
            "public"
          ],
          "to_variable": {
            "key": "_IeMGILbOEDaxoeTSlTtHBA",
            "name": "course_content",
            "type": null,
            "modifiers": [
              "public"
            ],
            "position": {}
          },
          "position": {}
        }
      }
    },
    "fields_to_fields_data_clump-./Delete_course-_6r3bMLbMEDaxoeTSlTtHBA-_GF3ZUbbNEDaxoeTSlTtHBA-course_codenameCourse_nameCourse_idcourse_content": {
      "type": "data_clump",
      "key": "fields_to_fields_data_clump-./Delete_course-_6r3bMLbMEDaxoeTSlTtHBA-_GF3ZUbbNEDaxoeTSlTtHBA-course_codenameCourse_nameCourse_idcourse_content",
      "probability": 1,
      "from_file_path": "./Delete_course",
      "from_class_or_interface_name": "Delete_course",
      "from_class_or_interface_key": "_6r3bMLbMEDaxoeTSlTtHBA",
      "from_method_name": null,
      "from_method_key": null,
      "to_file_path": "./create_course",
      "to_class_or_interface_key": "_GF3ZUbbNEDaxoeTSlTtHBA",
      "to_class_or_interface_name": "Delete_course",
      "to_method_key": null,
      "to_method_name": null,
      "data_clump_type": "fields_to_fields_data_clump",
      "data_clump_data": {
        "_S9TT4LbPEDaxoeTSlTtHBA": {
          "key": "_S9TT4LbPEDaxoeTSlTtHBA",
          "name": "course_codename",
          "type": null,
          "probability": 1,
          "modifiers": [
            "public"
          ],
          "to_variable": {
            "key": "_tSDsALbNEDaxoeTSlTtHBA",
            "name": "course_codename",
            "type": null,
            "modifiers": [
              "public"
            ],
            "position": {}
          },
          "position": {}
        },
        "_WXoswLbPEDaxoeTSlTtHBA": {
          "key": "_WXoswLbPEDaxoeTSlTtHBA",
          "name": "Course_name",
          "type": null,
          "probability": 1,
          "modifiers": [
            "public"
          ],
          "to_variable": {
            "key": "_pXhwILbNEDaxoeTSlTtHBA",
            "name": "Course_name",
            "type": null,
            "modifiers": [
              "public"
            ],
            "position": {}
          },
          "position": {}
        },
        "_XWgIwLbPEDaxoeTSlTtHBA": {
          "key": "_XWgIwLbPEDaxoeTSlTtHBA",
          "name": "Course_id",
          "type": null,
          "probability": 1,
          "modifiers": [
            "public"
          ],
          "to_variable": {
            "key": "_qd8loLbNEDaxoeTSlTtHBA",
            "name": "Course_id",
            "type": null,
            "modifiers": [
              "public"
            ],
            "position": {}
          },
          "position": {}
        },
        "_ZYYg8LbPEDaxoeTSlTtHBA": {
          "key": "_ZYYg8LbPEDaxoeTSlTtHBA",
          "name": "course_content",
          "type": null,
          "probability": 1,
          "modifiers": [
            "public"
          ],
          "to_variable": {
            "key": "_rjXVkLbNEDaxoeTSlTtHBA",
            "name": "course_content",
            "type": null,
            "modifiers": [
              "public"
            ],
            "position": {}
          },
          "position": {}
        }
      }
    },
    "fields_to_fields_data_clump-./Existing_course-__sjt4LbMEDaxoeTSlTtHBA-_6r3bMLbMEDaxoeTSlTtHBA-course_codenameCourse_nameCourse_idcourse_content": {
      "type": "data_clump",
      "key": "fields_to_fields_data_clump-./Existing_course-__sjt4LbMEDaxoeTSlTtHBA-_6r3bMLbMEDaxoeTSlTtHBA-course_codenameCourse_nameCourse_idcourse_content",
      "probability": 1,
      "from_file_path": "./Existing_course",
      "from_class_or_interface_name": "Existing_course",
      "from_class_or_interface_key": "__sjt4LbMEDaxoeTSlTtHBA",
      "from_method_name": null,
      "from_method_key": null,
      "to_file_path": "./Delete_course",
      "to_class_or_interface_key": "_6r3bMLbMEDaxoeTSlTtHBA",
      "to_class_or_interface_name": "Existing_course",
      "to_method_key": null,
      "to_method_name": null,
      "data_clump_type": "fields_to_fields_data_clump",
      "data_clump_data": {
        "__IGOkLbPEDaxoeTSlTtHBA": {
          "key": "__IGOkLbPEDaxoeTSlTtHBA",
          "name": "course_codename",
          "type": null,
          "probability": 1,
          "modifiers": [
            "public"
          ],
          "to_variable": {
            "key": "_S9TT4LbPEDaxoeTSlTtHBA",
            "name": "course_codename",
            "type": null,
            "modifiers": [
              "public"
            ],
            "position": {}
          },
          "position": {}
        },
        "__xX1ELbPEDaxoeTSlTtHBA": {
          "key": "__xX1ELbPEDaxoeTSlTtHBA",
          "name": "Course_name",
          "type": null,
          "probability": 1,
          "modifiers": [
            "public"
          ],
          "to_variable": {
            "key": "_WXoswLbPEDaxoeTSlTtHBA",
            "name": "Course_name",
            "type": null,
            "modifiers": [
              "public"
            ],
            "position": {}
          },
          "position": {}
        },
        "_AZzHALbQEDaxoeTSlTtHBA": {
          "key": "_AZzHALbQEDaxoeTSlTtHBA",
          "name": "Course_id",
          "type": null,
          "probability": 1,
          "modifiers": [
            "public"
          ],
          "to_variable": {
            "key": "_XWgIwLbPEDaxoeTSlTtHBA",
            "name": "Course_id",
            "type": null,
            "modifiers": [
              "public"
            ],
            "position": {}
          },
          "position": {}
        },
        "_BSHPELbQEDaxoeTSlTtHBA": {
          "key": "_BSHPELbQEDaxoeTSlTtHBA",
          "name": "course_content",
          "type": null,
          "probability": 1,
          "modifiers": [
            "public"
          ],
          "to_variable": {
            "key": "_ZYYg8LbPEDaxoeTSlTtHBA",
            "name": "course_content",
            "type": null,
            "modifiers": [
              "public"
            ],
            "position": {}
          },
          "position": {}
        }
      }
    },
    "fields_to_fields_data_clump-./Existing_course-__sjt4LbMEDaxoeTSlTtHBA-_8XceILbKEDaxoeTSlTtHBA-course_codenameCourse_nameCourse_idcourse_content": {
      "type": "data_clump",
      "key": "fields_to_fields_data_clump-./Existing_course-__sjt4LbMEDaxoeTSlTtHBA-_8XceILbKEDaxoeTSlTtHBA-course_codenameCourse_nameCourse_idcourse_content",
      "probability": 1,
      "from_file_path": "./Existing_course",
      "from_class_or_interface_name": "Existing_course",
      "from_class_or_interface_key": "__sjt4LbMEDaxoeTSlTtHBA",
      "from_method_name": null,
      "from_method_key": null,
      "to_file_path": "./Manage_course",
      "to_class_or_interface_key": "_8XceILbKEDaxoeTSlTtHBA",
      "to_class_or_interface_name": "Existing_course",
      "to_method_key": null,
      "to_method_name": null,
      "data_clump_type": "fields_to_fields_data_clump",
      "data_clump_data": {
        "__IGOkLbPEDaxoeTSlTtHBA": {
          "key": "__IGOkLbPEDaxoeTSlTtHBA",
          "name": "course_codename",
          "type": null,
          "probability": 1,
          "modifiers": [
            "public"
          ],
          "to_variable": {
            "key": "_TUZQILbNEDaxoeTSlTtHBA",
            "name": "course_codename",
            "type": null,
            "modifiers": [
              "public"
            ],
            "position": {}
          },
          "position": {}
        },
        "__xX1ELbPEDaxoeTSlTtHBA": {
          "key": "__xX1ELbPEDaxoeTSlTtHBA",
          "name": "Course_name",
          "type": null,
          "probability": 1,
          "modifiers": [
            "public"
          ],
          "to_variable": {
            "key": "__7qy0LbKEDaxoeTSlTtHBA",
            "name": "Course_name",
            "type": null,
            "modifiers": [
              "public"
            ],
            "position": {}
          },
          "position": {}
        },
        "_AZzHALbQEDaxoeTSlTtHBA": {
          "key": "_AZzHALbQEDaxoeTSlTtHBA",
          "name": "Course_id",
          "type": null,
          "probability": 1,
          "modifiers": [
            "public"
          ],
          "to_variable": {
            "key": "_GEX2cbbLEDaxoeTSlTtHBA",
            "name": "Course_id",
            "type": null,
            "modifiers": [
              "public"
            ],
            "position": {}
          },
          "position": {}
        },
        "_BSHPELbQEDaxoeTSlTtHBA": {
          "key": "_BSHPELbQEDaxoeTSlTtHBA",
          "name": "course_content",
          "type": null,
          "probability": 1,
          "modifiers": [
            "public"
          ],
          "to_variable": {
            "key": "_MTW2UbbNEDaxoeTSlTtHBA",
            "name": "course_content",
            "type": null,
            "modifiers": [
              "public"
            ],
            "position": {}
          },
          "position": {}
        }
      }
    },
    "fields_to_fields_data_clump-./Existing_course-__sjt4LbMEDaxoeTSlTtHBA-_KzaYcbbLEDaxoeTSlTtHBA-course_codenameCourse_nameCourse_idcourse_content": {
      "type": "data_clump",
      "key": "fields_to_fields_data_clump-./Existing_course-__sjt4LbMEDaxoeTSlTtHBA-_KzaYcbbLEDaxoeTSlTtHBA-course_codenameCourse_nameCourse_idcourse_content",
      "probability": 1,
      "from_file_path": "./Existing_course",
      "from_class_or_interface_name": "Existing_course",
      "from_class_or_interface_key": "__sjt4LbMEDaxoeTSlTtHBA",
      "from_method_name": null,
      "from_method_key": null,
      "to_file_path": "./Modify_course",
      "to_class_or_interface_key": "_KzaYcbbLEDaxoeTSlTtHBA",
      "to_class_or_interface_name": "Existing_course",
      "to_method_key": null,
      "to_method_name": null,
      "data_clump_type": "fields_to_fields_data_clump",
      "data_clump_data": {
        "__IGOkLbPEDaxoeTSlTtHBA": {
          "key": "__IGOkLbPEDaxoeTSlTtHBA",
          "name": "course_codename",
          "type": null,
          "probability": 1,
          "modifiers": [
            "public"
          ],
          "to_variable": {
            "key": "_MltfsLbPEDaxoeTSlTtHBA",
            "name": "course_codename",
            "type": null,
            "modifiers": [
              "public"
            ],
            "position": {}
          },
          "position": {}
        },
        "__xX1ELbPEDaxoeTSlTtHBA": {
          "key": "__xX1ELbPEDaxoeTSlTtHBA",
          "name": "Course_name",
          "type": null,
          "probability": 1,
          "modifiers": [
            "public"
          ],
          "to_variable": {
            "key": "_KkJ3oLbPEDaxoeTSlTtHBA",
            "name": "Course_name",
            "type": null,
            "modifiers": [
              "public"
            ],
            "position": {}
          },
          "position": {}
        },
        "_AZzHALbQEDaxoeTSlTtHBA": {
          "key": "_AZzHALbQEDaxoeTSlTtHBA",
          "name": "Course_id",
          "type": null,
          "probability": 1,
          "modifiers": [
            "public"
          ],
          "to_variable": {
            "key": "_LKqeALbPEDaxoeTSlTtHBA",
            "name": "Course_id",
            "type": null,
            "modifiers": [
              "public"
            ],
            "position": {}
          },
          "position": {}
        },
        "_BSHPELbQEDaxoeTSlTtHBA": {
          "key": "_BSHPELbQEDaxoeTSlTtHBA",
          "name": "course_content",
          "type": null,
          "probability": 1,
          "modifiers": [
            "public"
          ],
          "to_variable": {
            "key": "_L9CWILbPEDaxoeTSlTtHBA",
            "name": "course_content",
            "type": null,
            "modifiers": [
              "public"
            ],
            "position": {}
          },
          "position": {}
        }
      }
    },
    "fields_to_fields_data_clump-./Existing_course-__sjt4LbMEDaxoeTSlTtHBA-_IWdi8bbNEDaxoeTSlTtHBA-course_codenameCourse_nameCourse_idcourse_content": {
      "type": "data_clump",
      "key": "fields_to_fields_data_clump-./Existing_course-__sjt4LbMEDaxoeTSlTtHBA-_IWdi8bbNEDaxoeTSlTtHBA-course_codenameCourse_nameCourse_idcourse_content",
      "probability": 1,
      "from_file_path": "./Existing_course",
      "from_class_or_interface_name": "Existing_course",
      "from_class_or_interface_key": "__sjt4LbMEDaxoeTSlTtHBA",
      "from_method_name": null,
      "from_method_key": null,
      "to_file_path": "./Validate_course",
      "to_class_or_interface_key": "_IWdi8bbNEDaxoeTSlTtHBA",
      "to_class_or_interface_name": "Existing_course",
      "to_method_key": null,
      "to_method_name": null,
      "data_clump_type": "fields_to_fields_data_clump",
      "data_clump_data": {
        "__IGOkLbPEDaxoeTSlTtHBA": {
          "key": "__IGOkLbPEDaxoeTSlTtHBA",
          "name": "course_codename",
          "type": null,
          "probability": 1,
          "modifiers": [
            "public"
          ],
          "to_variable": {
            "key": "_JtKasLbOEDaxoeTSlTtHBA",
            "name": "course_codename",
            "type": null,
            "modifiers": [
              "public"
            ],
            "position": {}
          },
          "position": {}
        },
        "__xX1ELbPEDaxoeTSlTtHBA": {
          "key": "__xX1ELbPEDaxoeTSlTtHBA",
          "name": "Course_name",
          "type": null,
          "probability": 1,
          "modifiers": [
            "public"
          ],
          "to_variable": {
            "key": "_HFLEwLbOEDaxoeTSlTtHBA",
            "name": "Course_name",
            "type": null,
            "modifiers": [
              "public"
            ],
            "position": {}
          },
          "position": {}
        },
        "_AZzHALbQEDaxoeTSlTtHBA": {
          "key": "_AZzHALbQEDaxoeTSlTtHBA",
          "name": "Course_id",
          "type": null,
          "probability": 1,
          "modifiers": [
            "public"
          ],
          "to_variable": {
            "key": "_Htg3ILbOEDaxoeTSlTtHBA",
            "name": "Course_id",
            "type": null,
            "modifiers": [
              "public"
            ],
            "position": {}
          },
          "position": {}
        },
        "_BSHPELbQEDaxoeTSlTtHBA": {
          "key": "_BSHPELbQEDaxoeTSlTtHBA",
          "name": "course_content",
          "type": null,
          "probability": 1,
          "modifiers": [
            "public"
          ],
          "to_variable": {
            "key": "_IeMGILbOEDaxoeTSlTtHBA",
            "name": "course_content",
            "type": null,
            "modifiers": [
              "public"
            ],
            "position": {}
          },
          "position": {}
        }
      }
    },
    "fields_to_fields_data_clump-./Existing_course-__sjt4LbMEDaxoeTSlTtHBA-_GF3ZUbbNEDaxoeTSlTtHBA-course_codenameCourse_nameCourse_idcourse_content": {
      "type": "data_clump",
      "key": "fields_to_fields_data_clump-./Existing_course-__sjt4LbMEDaxoeTSlTtHBA-_GF3ZUbbNEDaxoeTSlTtHBA-course_codenameCourse_nameCourse_idcourse_content",
      "probability": 1,
      "from_file_path": "./Existing_course",
      "from_class_or_interface_name": "Existing_course",
      "from_class_or_interface_key": "__sjt4LbMEDaxoeTSlTtHBA",
      "from_method_name": null,
      "from_method_key": null,
      "to_file_path": "./create_course",
      "to_class_or_interface_key": "_GF3ZUbbNEDaxoeTSlTtHBA",
      "to_class_or_interface_name": "Existing_course",
      "to_method_key": null,
      "to_method_name": null,
      "data_clump_type": "fields_to_fields_data_clump",
      "data_clump_data": {
        "__IGOkLbPEDaxoeTSlTtHBA": {
          "key": "__IGOkLbPEDaxoeTSlTtHBA",
          "name": "course_codename",
          "type": null,
          "probability": 1,
          "modifiers": [
            "public"
          ],
          "to_variable": {
            "key": "_tSDsALbNEDaxoeTSlTtHBA",
            "name": "course_codename",
            "type": null,
            "modifiers": [
              "public"
            ],
            "position": {}
          },
          "position": {}
        },
        "__xX1ELbPEDaxoeTSlTtHBA": {
          "key": "__xX1ELbPEDaxoeTSlTtHBA",
          "name": "Course_name",
          "type": null,
          "probability": 1,
          "modifiers": [
            "public"
          ],
          "to_variable": {
            "key": "_pXhwILbNEDaxoeTSlTtHBA",
            "name": "Course_name",
            "type": null,
            "modifiers": [
              "public"
            ],
            "position": {}
          },
          "position": {}
        },
        "_AZzHALbQEDaxoeTSlTtHBA": {
          "key": "_AZzHALbQEDaxoeTSlTtHBA",
          "name": "Course_id",
          "type": null,
          "probability": 1,
          "modifiers": [
            "public"
          ],
          "to_variable": {
            "key": "_qd8loLbNEDaxoeTSlTtHBA",
            "name": "Course_id",
            "type": null,
            "modifiers": [
              "public"
            ],
            "position": {}
          },
          "position": {}
        },
        "_BSHPELbQEDaxoeTSlTtHBA": {
          "key": "_BSHPELbQEDaxoeTSlTtHBA",
          "name": "course_content",
          "type": null,
          "probability": 1,
          "modifiers": [
            "public"
          ],
          "to_variable": {
            "key": "_rjXVkLbNEDaxoeTSlTtHBA",
            "name": "course_content",
            "type": null,
            "modifiers": [
              "public"
            ],
            "position": {}
          },
          "position": {}
        }
      }
    },
    "fields_to_fields_data_clump-./Manage_course-_8XceILbKEDaxoeTSlTtHBA-_6r3bMLbMEDaxoeTSlTtHBA-Course_nameCourse_idcourse_contentcourse_codename": {
      "type": "data_clump",
      "key": "fields_to_fields_data_clump-./Manage_course-_8XceILbKEDaxoeTSlTtHBA-_6r3bMLbMEDaxoeTSlTtHBA-Course_nameCourse_idcourse_contentcourse_codename",
      "probability": 1,
      "from_file_path": "./Manage_course",
      "from_class_or_interface_name": "Manage_course",
      "from_class_or_interface_key": "_8XceILbKEDaxoeTSlTtHBA",
      "from_method_name": null,
      "from_method_key": null,
      "to_file_path": "./Delete_course",
      "to_class_or_interface_key": "_6r3bMLbMEDaxoeTSlTtHBA",
      "to_class_or_interface_name": "Manage_course",
      "to_method_key": null,
      "to_method_name": null,
      "data_clump_type": "fields_to_fields_data_clump",
      "data_clump_data": {
        "__7qy0LbKEDaxoeTSlTtHBA": {
          "key": "__7qy0LbKEDaxoeTSlTtHBA",
          "name": "Course_name",
          "type": null,
          "probability": 1,
          "modifiers": [
            "public"
          ],
          "to_variable": {
            "key": "_WXoswLbPEDaxoeTSlTtHBA",
            "name": "Course_name",
            "type": null,
            "modifiers": [
              "public"
            ],
            "position": {}
          },
          "position": {}
        },
        "_GEX2cbbLEDaxoeTSlTtHBA": {
          "key": "_GEX2cbbLEDaxoeTSlTtHBA",
          "name": "Course_id",
          "type": null,
          "probability": 1,
          "modifiers": [
            "public"
          ],
          "to_variable": {
            "key": "_XWgIwLbPEDaxoeTSlTtHBA",
            "name": "Course_id",
            "type": null,
            "modifiers": [
              "public"
            ],
            "position": {}
          },
          "position": {}
        },
        "_MTW2UbbNEDaxoeTSlTtHBA": {
          "key": "_MTW2UbbNEDaxoeTSlTtHBA",
          "name": "course_content",
          "type": null,
          "probability": 1,
          "modifiers": [
            "public"
          ],
          "to_variable": {
            "key": "_ZYYg8LbPEDaxoeTSlTtHBA",
            "name": "course_content",
            "type": null,
            "modifiers": [
              "public"
            ],
            "position": {}
          },
          "position": {}
        },
        "_TUZQILbNEDaxoeTSlTtHBA": {
          "key": "_TUZQILbNEDaxoeTSlTtHBA",
          "name": "course_codename",
          "type": null,
          "probability": 1,
          "modifiers": [
            "public"
          ],
          "to_variable": {
            "key": "_S9TT4LbPEDaxoeTSlTtHBA",
            "name": "course_codename",
            "type": null,
            "modifiers": [
              "public"
            ],
            "position": {}
          },
          "position": {}
        }
      }
    },
    "fields_to_fields_data_clump-./Manage_course-_8XceILbKEDaxoeTSlTtHBA-__sjt4LbMEDaxoeTSlTtHBA-Course_nameCourse_idcourse_contentcourse_codename": {
      "type": "data_clump",
      "key": "fields_to_fields_data_clump-./Manage_course-_8XceILbKEDaxoeTSlTtHBA-__sjt4LbMEDaxoeTSlTtHBA-Course_nameCourse_idcourse_contentcourse_codename",
      "probability": 1,
      "from_file_path": "./Manage_course",
      "from_class_or_interface_name": "Manage_course",
      "from_class_or_interface_key": "_8XceILbKEDaxoeTSlTtHBA",
      "from_method_name": null,
      "from_method_key": null,
      "to_file_path": "./Existing_course",
      "to_class_or_interface_key": "__sjt4LbMEDaxoeTSlTtHBA",
      "to_class_or_interface_name": "Manage_course",
      "to_method_key": null,
      "to_method_name": null,
      "data_clump_type": "fields_to_fields_data_clump",
      "data_clump_data": {
        "__7qy0LbKEDaxoeTSlTtHBA": {
          "key": "__7qy0LbKEDaxoeTSlTtHBA",
          "name": "Course_name",
          "type": null,
          "probability": 1,
          "modifiers": [
            "public"
          ],
          "to_variable": {
            "key": "__xX1ELbPEDaxoeTSlTtHBA",
            "name": "Course_name",
            "type": null,
            "modifiers": [
              "public"
            ],
            "position": {}
          },
          "position": {}
        },
        "_GEX2cbbLEDaxoeTSlTtHBA": {
          "key": "_GEX2cbbLEDaxoeTSlTtHBA",
          "name": "Course_id",
          "type": null,
          "probability": 1,
          "modifiers": [
            "public"
          ],
          "to_variable": {
            "key": "_AZzHALbQEDaxoeTSlTtHBA",
            "name": "Course_id",
            "type": null,
            "modifiers": [
              "public"
            ],
            "position": {}
          },
          "position": {}
        },
        "_MTW2UbbNEDaxoeTSlTtHBA": {
          "key": "_MTW2UbbNEDaxoeTSlTtHBA",
          "name": "course_content",
          "type": null,
          "probability": 1,
          "modifiers": [
            "public"
          ],
          "to_variable": {
            "key": "_BSHPELbQEDaxoeTSlTtHBA",
            "name": "course_content",
            "type": null,
            "modifiers": [
              "public"
            ],
            "position": {}
          },
          "position": {}
        },
        "_TUZQILbNEDaxoeTSlTtHBA": {
          "key": "_TUZQILbNEDaxoeTSlTtHBA",
          "name": "course_codename",
          "type": null,
          "probability": 1,
          "modifiers": [
            "public"
          ],
          "to_variable": {
            "key": "__IGOkLbPEDaxoeTSlTtHBA",
            "name": "course_codename",
            "type": null,
            "modifiers": [
              "public"
            ],
            "position": {}
          },
          "position": {}
        }
      }
    },
    "fields_to_fields_data_clump-./Manage_course-_8XceILbKEDaxoeTSlTtHBA-_KzaYcbbLEDaxoeTSlTtHBA-Course_nameCourse_idcourse_contentcourse_codename": {
      "type": "data_clump",
      "key": "fields_to_fields_data_clump-./Manage_course-_8XceILbKEDaxoeTSlTtHBA-_KzaYcbbLEDaxoeTSlTtHBA-Course_nameCourse_idcourse_contentcourse_codename",
      "probability": 1,
      "from_file_path": "./Manage_course",
      "from_class_or_interface_name": "Manage_course",
      "from_class_or_interface_key": "_8XceILbKEDaxoeTSlTtHBA",
      "from_method_name": null,
      "from_method_key": null,
      "to_file_path": "./Modify_course",
      "to_class_or_interface_key": "_KzaYcbbLEDaxoeTSlTtHBA",
      "to_class_or_interface_name": "Manage_course",
      "to_method_key": null,
      "to_method_name": null,
      "data_clump_type": "fields_to_fields_data_clump",
      "data_clump_data": {
        "__7qy0LbKEDaxoeTSlTtHBA": {
          "key": "__7qy0LbKEDaxoeTSlTtHBA",
          "name": "Course_name",
          "type": null,
          "probability": 1,
          "modifiers": [
            "public"
          ],
          "to_variable": {
            "key": "_KkJ3oLbPEDaxoeTSlTtHBA",
            "name": "Course_name",
            "type": null,
            "modifiers": [
              "public"
            ],
            "position": {}
          },
          "position": {}
        },
        "_GEX2cbbLEDaxoeTSlTtHBA": {
          "key": "_GEX2cbbLEDaxoeTSlTtHBA",
          "name": "Course_id",
          "type": null,
          "probability": 1,
          "modifiers": [
            "public"
          ],
          "to_variable": {
            "key": "_LKqeALbPEDaxoeTSlTtHBA",
            "name": "Course_id",
            "type": null,
            "modifiers": [
              "public"
            ],
            "position": {}
          },
          "position": {}
        },
        "_MTW2UbbNEDaxoeTSlTtHBA": {
          "key": "_MTW2UbbNEDaxoeTSlTtHBA",
          "name": "course_content",
          "type": null,
          "probability": 1,
          "modifiers": [
            "public"
          ],
          "to_variable": {
            "key": "_L9CWILbPEDaxoeTSlTtHBA",
            "name": "course_content",
            "type": null,
            "modifiers": [
              "public"
            ],
            "position": {}
          },
          "position": {}
        },
        "_TUZQILbNEDaxoeTSlTtHBA": {
          "key": "_TUZQILbNEDaxoeTSlTtHBA",
          "name": "course_codename",
          "type": null,
          "probability": 1,
          "modifiers": [
            "public"
          ],
          "to_variable": {
            "key": "_MltfsLbPEDaxoeTSlTtHBA",
            "name": "course_codename",
            "type": null,
            "modifiers": [
              "public"
            ],
            "position": {}
          },
          "position": {}
        }
      }
    },
    "fields_to_fields_data_clump-./Manage_course-_8XceILbKEDaxoeTSlTtHBA-_IWdi8bbNEDaxoeTSlTtHBA-Course_nameCourse_idcourse_contentcourse_codename": {
      "type": "data_clump",
      "key": "fields_to_fields_data_clump-./Manage_course-_8XceILbKEDaxoeTSlTtHBA-_IWdi8bbNEDaxoeTSlTtHBA-Course_nameCourse_idcourse_contentcourse_codename",
      "probability": 1,
      "from_file_path": "./Manage_course",
      "from_class_or_interface_name": "Manage_course",
      "from_class_or_interface_key": "_8XceILbKEDaxoeTSlTtHBA",
      "from_method_name": null,
      "from_method_key": null,
      "to_file_path": "./Validate_course",
      "to_class_or_interface_key": "_IWdi8bbNEDaxoeTSlTtHBA",
      "to_class_or_interface_name": "Manage_course",
      "to_method_key": null,
      "to_method_name": null,
      "data_clump_type": "fields_to_fields_data_clump",
      "data_clump_data": {
        "__7qy0LbKEDaxoeTSlTtHBA": {
          "key": "__7qy0LbKEDaxoeTSlTtHBA",
          "name": "Course_name",
          "type": null,
          "probability": 1,
          "modifiers": [
            "public"
          ],
          "to_variable": {
            "key": "_HFLEwLbOEDaxoeTSlTtHBA",
            "name": "Course_name",
            "type": null,
            "modifiers": [
              "public"
            ],
            "position": {}
          },
          "position": {}
        },
        "_GEX2cbbLEDaxoeTSlTtHBA": {
          "key": "_GEX2cbbLEDaxoeTSlTtHBA",
          "name": "Course_id",
          "type": null,
          "probability": 1,
          "modifiers": [
            "public"
          ],
          "to_variable": {
            "key": "_Htg3ILbOEDaxoeTSlTtHBA",
            "name": "Course_id",
            "type": null,
            "modifiers": [
              "public"
            ],
            "position": {}
          },
          "position": {}
        },
        "_MTW2UbbNEDaxoeTSlTtHBA": {
          "key": "_MTW2UbbNEDaxoeTSlTtHBA",
          "name": "course_content",
          "type": null,
          "probability": 1,
          "modifiers": [
            "public"
          ],
          "to_variable": {
            "key": "_IeMGILbOEDaxoeTSlTtHBA",
            "name": "course_content",
            "type": null,
            "modifiers": [
              "public"
            ],
            "position": {}
          },
          "position": {}
        },
        "_TUZQILbNEDaxoeTSlTtHBA": {
          "key": "_TUZQILbNEDaxoeTSlTtHBA",
          "name": "course_codename",
          "type": null,
          "probability": 1,
          "modifiers": [
            "public"
          ],
          "to_variable": {
            "key": "_JtKasLbOEDaxoeTSlTtHBA",
            "name": "course_codename",
            "type": null,
            "modifiers": [
              "public"
            ],
            "position": {}
          },
          "position": {}
        }
      }
    },
    "fields_to_fields_data_clump-./Manage_course-_8XceILbKEDaxoeTSlTtHBA-_GF3ZUbbNEDaxoeTSlTtHBA-Course_nameCourse_idcourse_contentcourse_codename": {
      "type": "data_clump",
      "key": "fields_to_fields_data_clump-./Manage_course-_8XceILbKEDaxoeTSlTtHBA-_GF3ZUbbNEDaxoeTSlTtHBA-Course_nameCourse_idcourse_contentcourse_codename",
      "probability": 1,
      "from_file_path": "./Manage_course",
      "from_class_or_interface_name": "Manage_course",
      "from_class_or_interface_key": "_8XceILbKEDaxoeTSlTtHBA",
      "from_method_name": null,
      "from_method_key": null,
      "to_file_path": "./create_course",
      "to_class_or_interface_key": "_GF3ZUbbNEDaxoeTSlTtHBA",
      "to_class_or_interface_name": "Manage_course",
      "to_method_key": null,
      "to_method_name": null,
      "data_clump_type": "fields_to_fields_data_clump",
      "data_clump_data": {
        "__7qy0LbKEDaxoeTSlTtHBA": {
          "key": "__7qy0LbKEDaxoeTSlTtHBA",
          "name": "Course_name",
          "type": null,
          "probability": 1,
          "modifiers": [
            "public"
          ],
          "to_variable": {
            "key": "_pXhwILbNEDaxoeTSlTtHBA",
            "name": "Course_name",
            "type": null,
            "modifiers": [
              "public"
            ],
            "position": {}
          },
          "position": {}
        },
        "_GEX2cbbLEDaxoeTSlTtHBA": {
          "key": "_GEX2cbbLEDaxoeTSlTtHBA",
          "name": "Course_id",
          "type": null,
          "probability": 1,
          "modifiers": [
            "public"
          ],
          "to_variable": {
            "key": "_qd8loLbNEDaxoeTSlTtHBA",
            "name": "Course_id",
            "type": null,
            "modifiers": [
              "public"
            ],
            "position": {}
          },
          "position": {}
        },
        "_MTW2UbbNEDaxoeTSlTtHBA": {
          "key": "_MTW2UbbNEDaxoeTSlTtHBA",
          "name": "course_content",
          "type": null,
          "probability": 1,
          "modifiers": [
            "public"
          ],
          "to_variable": {
            "key": "_rjXVkLbNEDaxoeTSlTtHBA",
            "name": "course_content",
            "type": null,
            "modifiers": [
              "public"
            ],
            "position": {}
          },
          "position": {}
        },
        "_TUZQILbNEDaxoeTSlTtHBA": {
          "key": "_TUZQILbNEDaxoeTSlTtHBA",
          "name": "course_codename",
          "type": null,
          "probability": 1,
          "modifiers": [
            "public"
          ],
          "to_variable": {
            "key": "_tSDsALbNEDaxoeTSlTtHBA",
            "name": "course_codename",
            "type": null,
            "modifiers": [
              "public"
            ],
            "position": {}
          },
          "position": {}
        }
      }
    },
    "fields_to_fields_data_clump-./Modify_course-_KzaYcbbLEDaxoeTSlTtHBA-_6r3bMLbMEDaxoeTSlTtHBA-Course_nameCourse_idcourse_contentcourse_codename": {
      "type": "data_clump",
      "key": "fields_to_fields_data_clump-./Modify_course-_KzaYcbbLEDaxoeTSlTtHBA-_6r3bMLbMEDaxoeTSlTtHBA-Course_nameCourse_idcourse_contentcourse_codename",
      "probability": 1,
      "from_file_path": "./Modify_course",
      "from_class_or_interface_name": "Modify_course",
      "from_class_or_interface_key": "_KzaYcbbLEDaxoeTSlTtHBA",
      "from_method_name": null,
      "from_method_key": null,
      "to_file_path": "./Delete_course",
      "to_class_or_interface_key": "_6r3bMLbMEDaxoeTSlTtHBA",
      "to_class_or_interface_name": "Modify_course",
      "to_method_key": null,
      "to_method_name": null,
      "data_clump_type": "fields_to_fields_data_clump",
      "data_clump_data": {
        "_KkJ3oLbPEDaxoeTSlTtHBA": {
          "key": "_KkJ3oLbPEDaxoeTSlTtHBA",
          "name": "Course_name",
          "type": null,
          "probability": 1,
          "modifiers": [
            "public"
          ],
          "to_variable": {
            "key": "_WXoswLbPEDaxoeTSlTtHBA",
            "name": "Course_name",
            "type": null,
            "modifiers": [
              "public"
            ],
            "position": {}
          },
          "position": {}
        },
        "_LKqeALbPEDaxoeTSlTtHBA": {
          "key": "_LKqeALbPEDaxoeTSlTtHBA",
          "name": "Course_id",
          "type": null,
          "probability": 1,
          "modifiers": [
            "public"
          ],
          "to_variable": {
            "key": "_XWgIwLbPEDaxoeTSlTtHBA",
            "name": "Course_id",
            "type": null,
            "modifiers": [
              "public"
            ],
            "position": {}
          },
          "position": {}
        },
        "_L9CWILbPEDaxoeTSlTtHBA": {
          "key": "_L9CWILbPEDaxoeTSlTtHBA",
          "name": "course_content",
          "type": null,
          "probability": 1,
          "modifiers": [
            "public"
          ],
          "to_variable": {
            "key": "_ZYYg8LbPEDaxoeTSlTtHBA",
            "name": "course_content",
            "type": null,
            "modifiers": [
              "public"
            ],
            "position": {}
          },
          "position": {}
        },
        "_MltfsLbPEDaxoeTSlTtHBA": {
          "key": "_MltfsLbPEDaxoeTSlTtHBA",
          "name": "course_codename",
          "type": null,
          "probability": 1,
          "modifiers": [
            "public"
          ],
          "to_variable": {
            "key": "_S9TT4LbPEDaxoeTSlTtHBA",
            "name": "course_codename",
            "type": null,
            "modifiers": [
              "public"
            ],
            "position": {}
          },
          "position": {}
        }
      }
    },
    "fields_to_fields_data_clump-./Modify_course-_KzaYcbbLEDaxoeTSlTtHBA-__sjt4LbMEDaxoeTSlTtHBA-Course_nameCourse_idcourse_contentcourse_codename": {
      "type": "data_clump",
      "key": "fields_to_fields_data_clump-./Modify_course-_KzaYcbbLEDaxoeTSlTtHBA-__sjt4LbMEDaxoeTSlTtHBA-Course_nameCourse_idcourse_contentcourse_codename",
      "probability": 1,
      "from_file_path": "./Modify_course",
      "from_class_or_interface_name": "Modify_course",
      "from_class_or_interface_key": "_KzaYcbbLEDaxoeTSlTtHBA",
      "from_method_name": null,
      "from_method_key": null,
      "to_file_path": "./Existing_course",
      "to_class_or_interface_key": "__sjt4LbMEDaxoeTSlTtHBA",
      "to_class_or_interface_name": "Modify_course",
      "to_method_key": null,
      "to_method_name": null,
      "data_clump_type": "fields_to_fields_data_clump",
      "data_clump_data": {
        "_KkJ3oLbPEDaxoeTSlTtHBA": {
          "key": "_KkJ3oLbPEDaxoeTSlTtHBA",
          "name": "Course_name",
          "type": null,
          "probability": 1,
          "modifiers": [
            "public"
          ],
          "to_variable": {
            "key": "__xX1ELbPEDaxoeTSlTtHBA",
            "name": "Course_name",
            "type": null,
            "modifiers": [
              "public"
            ],
            "position": {}
          },
          "position": {}
        },
        "_LKqeALbPEDaxoeTSlTtHBA": {
          "key": "_LKqeALbPEDaxoeTSlTtHBA",
          "name": "Course_id",
          "type": null,
          "probability": 1,
          "modifiers": [
            "public"
          ],
          "to_variable": {
            "key": "_AZzHALbQEDaxoeTSlTtHBA",
            "name": "Course_id",
            "type": null,
            "modifiers": [
              "public"
            ],
            "position": {}
          },
          "position": {}
        },
        "_L9CWILbPEDaxoeTSlTtHBA": {
          "key": "_L9CWILbPEDaxoeTSlTtHBA",
          "name": "course_content",
          "type": null,
          "probability": 1,
          "modifiers": [
            "public"
          ],
          "to_variable": {
            "key": "_BSHPELbQEDaxoeTSlTtHBA",
            "name": "course_content",
            "type": null,
            "modifiers": [
              "public"
            ],
            "position": {}
          },
          "position": {}
        },
        "_MltfsLbPEDaxoeTSlTtHBA": {
          "key": "_MltfsLbPEDaxoeTSlTtHBA",
          "name": "course_codename",
          "type": null,
          "probability": 1,
          "modifiers": [
            "public"
          ],
          "to_variable": {
            "key": "__IGOkLbPEDaxoeTSlTtHBA",
            "name": "course_codename",
            "type": null,
            "modifiers": [
              "public"
            ],
            "position": {}
          },
          "position": {}
        }
      }
    },
    "fields_to_fields_data_clump-./Modify_course-_KzaYcbbLEDaxoeTSlTtHBA-_8XceILbKEDaxoeTSlTtHBA-Course_nameCourse_idcourse_contentcourse_codename": {
      "type": "data_clump",
      "key": "fields_to_fields_data_clump-./Modify_course-_KzaYcbbLEDaxoeTSlTtHBA-_8XceILbKEDaxoeTSlTtHBA-Course_nameCourse_idcourse_contentcourse_codename",
      "probability": 1,
      "from_file_path": "./Modify_course",
      "from_class_or_interface_name": "Modify_course",
      "from_class_or_interface_key": "_KzaYcbbLEDaxoeTSlTtHBA",
      "from_method_name": null,
      "from_method_key": null,
      "to_file_path": "./Manage_course",
      "to_class_or_interface_key": "_8XceILbKEDaxoeTSlTtHBA",
      "to_class_or_interface_name": "Modify_course",
      "to_method_key": null,
      "to_method_name": null,
      "data_clump_type": "fields_to_fields_data_clump",
      "data_clump_data": {
        "_KkJ3oLbPEDaxoeTSlTtHBA": {
          "key": "_KkJ3oLbPEDaxoeTSlTtHBA",
          "name": "Course_name",
          "type": null,
          "probability": 1,
          "modifiers": [
            "public"
          ],
          "to_variable": {
            "key": "__7qy0LbKEDaxoeTSlTtHBA",
            "name": "Course_name",
            "type": null,
            "modifiers": [
              "public"
            ],
            "position": {}
          },
          "position": {}
        },
        "_LKqeALbPEDaxoeTSlTtHBA": {
          "key": "_LKqeALbPEDaxoeTSlTtHBA",
          "name": "Course_id",
          "type": null,
          "probability": 1,
          "modifiers": [
            "public"
          ],
          "to_variable": {
            "key": "_GEX2cbbLEDaxoeTSlTtHBA",
            "name": "Course_id",
            "type": null,
            "modifiers": [
              "public"
            ],
            "position": {}
          },
          "position": {}
        },
        "_L9CWILbPEDaxoeTSlTtHBA": {
          "key": "_L9CWILbPEDaxoeTSlTtHBA",
          "name": "course_content",
          "type": null,
          "probability": 1,
          "modifiers": [
            "public"
          ],
          "to_variable": {
            "key": "_MTW2UbbNEDaxoeTSlTtHBA",
            "name": "course_content",
            "type": null,
            "modifiers": [
              "public"
            ],
            "position": {}
          },
          "position": {}
        },
        "_MltfsLbPEDaxoeTSlTtHBA": {
          "key": "_MltfsLbPEDaxoeTSlTtHBA",
          "name": "course_codename",
          "type": null,
          "probability": 1,
          "modifiers": [
            "public"
          ],
          "to_variable": {
            "key": "_TUZQILbNEDaxoeTSlTtHBA",
            "name": "course_codename",
            "type": null,
            "modifiers": [
              "public"
            ],
            "position": {}
          },
          "position": {}
        }
      }
    },
    "fields_to_fields_data_clump-./Modify_course-_KzaYcbbLEDaxoeTSlTtHBA-_IWdi8bbNEDaxoeTSlTtHBA-Course_nameCourse_idcourse_contentcourse_codename": {
      "type": "data_clump",
      "key": "fields_to_fields_data_clump-./Modify_course-_KzaYcbbLEDaxoeTSlTtHBA-_IWdi8bbNEDaxoeTSlTtHBA-Course_nameCourse_idcourse_contentcourse_codename",
      "probability": 1,
      "from_file_path": "./Modify_course",
      "from_class_or_interface_name": "Modify_course",
      "from_class_or_interface_key": "_KzaYcbbLEDaxoeTSlTtHBA",
      "from_method_name": null,
      "from_method_key": null,
      "to_file_path": "./Validate_course",
      "to_class_or_interface_key": "_IWdi8bbNEDaxoeTSlTtHBA",
      "to_class_or_interface_name": "Modify_course",
      "to_method_key": null,
      "to_method_name": null,
      "data_clump_type": "fields_to_fields_data_clump",
      "data_clump_data": {
        "_KkJ3oLbPEDaxoeTSlTtHBA": {
          "key": "_KkJ3oLbPEDaxoeTSlTtHBA",
          "name": "Course_name",
          "type": null,
          "probability": 1,
          "modifiers": [
            "public"
          ],
          "to_variable": {
            "key": "_HFLEwLbOEDaxoeTSlTtHBA",
            "name": "Course_name",
            "type": null,
            "modifiers": [
              "public"
            ],
            "position": {}
          },
          "position": {}
        },
        "_LKqeALbPEDaxoeTSlTtHBA": {
          "key": "_LKqeALbPEDaxoeTSlTtHBA",
          "name": "Course_id",
          "type": null,
          "probability": 1,
          "modifiers": [
            "public"
          ],
          "to_variable": {
            "key": "_Htg3ILbOEDaxoeTSlTtHBA",
            "name": "Course_id",
            "type": null,
            "modifiers": [
              "public"
            ],
            "position": {}
          },
          "position": {}
        },
        "_L9CWILbPEDaxoeTSlTtHBA": {
          "key": "_L9CWILbPEDaxoeTSlTtHBA",
          "name": "course_content",
          "type": null,
          "probability": 1,
          "modifiers": [
            "public"
          ],
          "to_variable": {
            "key": "_IeMGILbOEDaxoeTSlTtHBA",
            "name": "course_content",
            "type": null,
            "modifiers": [
              "public"
            ],
            "position": {}
          },
          "position": {}
        },
        "_MltfsLbPEDaxoeTSlTtHBA": {
          "key": "_MltfsLbPEDaxoeTSlTtHBA",
          "name": "course_codename",
          "type": null,
          "probability": 1,
          "modifiers": [
            "public"
          ],
          "to_variable": {
            "key": "_JtKasLbOEDaxoeTSlTtHBA",
            "name": "course_codename",
            "type": null,
            "modifiers": [
              "public"
            ],
            "position": {}
          },
          "position": {}
        }
      }
    },
    "fields_to_fields_data_clump-./Modify_course-_KzaYcbbLEDaxoeTSlTtHBA-_GF3ZUbbNEDaxoeTSlTtHBA-Course_nameCourse_idcourse_contentcourse_codename": {
      "type": "data_clump",
      "key": "fields_to_fields_data_clump-./Modify_course-_KzaYcbbLEDaxoeTSlTtHBA-_GF3ZUbbNEDaxoeTSlTtHBA-Course_nameCourse_idcourse_contentcourse_codename",
      "probability": 1,
      "from_file_path": "./Modify_course",
      "from_class_or_interface_name": "Modify_course",
      "from_class_or_interface_key": "_KzaYcbbLEDaxoeTSlTtHBA",
      "from_method_name": null,
      "from_method_key": null,
      "to_file_path": "./create_course",
      "to_class_or_interface_key": "_GF3ZUbbNEDaxoeTSlTtHBA",
      "to_class_or_interface_name": "Modify_course",
      "to_method_key": null,
      "to_method_name": null,
      "data_clump_type": "fields_to_fields_data_clump",
      "data_clump_data": {
        "_KkJ3oLbPEDaxoeTSlTtHBA": {
          "key": "_KkJ3oLbPEDaxoeTSlTtHBA",
          "name": "Course_name",
          "type": null,
          "probability": 1,
          "modifiers": [
            "public"
          ],
          "to_variable": {
            "key": "_pXhwILbNEDaxoeTSlTtHBA",
            "name": "Course_name",
            "type": null,
            "modifiers": [
              "public"
            ],
            "position": {}
          },
          "position": {}
        },
        "_LKqeALbPEDaxoeTSlTtHBA": {
          "key": "_LKqeALbPEDaxoeTSlTtHBA",
          "name": "Course_id",
          "type": null,
          "probability": 1,
          "modifiers": [
            "public"
          ],
          "to_variable": {
            "key": "_qd8loLbNEDaxoeTSlTtHBA",
            "name": "Course_id",
            "type": null,
            "modifiers": [
              "public"
            ],
            "position": {}
          },
          "position": {}
        },
        "_L9CWILbPEDaxoeTSlTtHBA": {
          "key": "_L9CWILbPEDaxoeTSlTtHBA",
          "name": "course_content",
          "type": null,
          "probability": 1,
          "modifiers": [
            "public"
          ],
          "to_variable": {
            "key": "_rjXVkLbNEDaxoeTSlTtHBA",
            "name": "course_content",
            "type": null,
            "modifiers": [
              "public"
            ],
            "position": {}
          },
          "position": {}
        },
        "_MltfsLbPEDaxoeTSlTtHBA": {
          "key": "_MltfsLbPEDaxoeTSlTtHBA",
          "name": "course_codename",
          "type": null,
          "probability": 1,
          "modifiers": [
            "public"
          ],
          "to_variable": {
            "key": "_tSDsALbNEDaxoeTSlTtHBA",
            "name": "course_codename",
            "type": null,
            "modifiers": [
              "public"
            ],
            "position": {}
          },
          "position": {}
        }
      }
    },
    "fields_to_fields_data_clump-./Validate_course-_IWdi8bbNEDaxoeTSlTtHBA-_6r3bMLbMEDaxoeTSlTtHBA-Course_nameCourse_idcourse_contentcourse_codename": {
      "type": "data_clump",
      "key": "fields_to_fields_data_clump-./Validate_course-_IWdi8bbNEDaxoeTSlTtHBA-_6r3bMLbMEDaxoeTSlTtHBA-Course_nameCourse_idcourse_contentcourse_codename",
      "probability": 1,
      "from_file_path": "./Validate_course",
      "from_class_or_interface_name": "Validate_course",
      "from_class_or_interface_key": "_IWdi8bbNEDaxoeTSlTtHBA",
      "from_method_name": null,
      "from_method_key": null,
      "to_file_path": "./Delete_course",
      "to_class_or_interface_key": "_6r3bMLbMEDaxoeTSlTtHBA",
      "to_class_or_interface_name": "Validate_course",
      "to_method_key": null,
      "to_method_name": null,
      "data_clump_type": "fields_to_fields_data_clump",
      "data_clump_data": {
        "_HFLEwLbOEDaxoeTSlTtHBA": {
          "key": "_HFLEwLbOEDaxoeTSlTtHBA",
          "name": "Course_name",
          "type": null,
          "probability": 1,
          "modifiers": [
            "public"
          ],
          "to_variable": {
            "key": "_WXoswLbPEDaxoeTSlTtHBA",
            "name": "Course_name",
            "type": null,
            "modifiers": [
              "public"
            ],
            "position": {}
          },
          "position": {}
        },
        "_Htg3ILbOEDaxoeTSlTtHBA": {
          "key": "_Htg3ILbOEDaxoeTSlTtHBA",
          "name": "Course_id",
          "type": null,
          "probability": 1,
          "modifiers": [
            "public"
          ],
          "to_variable": {
            "key": "_XWgIwLbPEDaxoeTSlTtHBA",
            "name": "Course_id",
            "type": null,
            "modifiers": [
              "public"
            ],
            "position": {}
          },
          "position": {}
        },
        "_IeMGILbOEDaxoeTSlTtHBA": {
          "key": "_IeMGILbOEDaxoeTSlTtHBA",
          "name": "course_content",
          "type": null,
          "probability": 1,
          "modifiers": [
            "public"
          ],
          "to_variable": {
            "key": "_ZYYg8LbPEDaxoeTSlTtHBA",
            "name": "course_content",
            "type": null,
            "modifiers": [
              "public"
            ],
            "position": {}
          },
          "position": {}
        },
        "_JtKasLbOEDaxoeTSlTtHBA": {
          "key": "_JtKasLbOEDaxoeTSlTtHBA",
          "name": "course_codename",
          "type": null,
          "probability": 1,
          "modifiers": [
            "public"
          ],
          "to_variable": {
            "key": "_S9TT4LbPEDaxoeTSlTtHBA",
            "name": "course_codename",
            "type": null,
            "modifiers": [
              "public"
            ],
            "position": {}
          },
          "position": {}
        }
      }
    },
    "fields_to_fields_data_clump-./Validate_course-_IWdi8bbNEDaxoeTSlTtHBA-__sjt4LbMEDaxoeTSlTtHBA-Course_nameCourse_idcourse_contentcourse_codename": {
      "type": "data_clump",
      "key": "fields_to_fields_data_clump-./Validate_course-_IWdi8bbNEDaxoeTSlTtHBA-__sjt4LbMEDaxoeTSlTtHBA-Course_nameCourse_idcourse_contentcourse_codename",
      "probability": 1,
      "from_file_path": "./Validate_course",
      "from_class_or_interface_name": "Validate_course",
      "from_class_or_interface_key": "_IWdi8bbNEDaxoeTSlTtHBA",
      "from_method_name": null,
      "from_method_key": null,
      "to_file_path": "./Existing_course",
      "to_class_or_interface_key": "__sjt4LbMEDaxoeTSlTtHBA",
      "to_class_or_interface_name": "Validate_course",
      "to_method_key": null,
      "to_method_name": null,
      "data_clump_type": "fields_to_fields_data_clump",
      "data_clump_data": {
        "_HFLEwLbOEDaxoeTSlTtHBA": {
          "key": "_HFLEwLbOEDaxoeTSlTtHBA",
          "name": "Course_name",
          "type": null,
          "probability": 1,
          "modifiers": [
            "public"
          ],
          "to_variable": {
            "key": "__xX1ELbPEDaxoeTSlTtHBA",
            "name": "Course_name",
            "type": null,
            "modifiers": [
              "public"
            ],
            "position": {}
          },
          "position": {}
        },
        "_Htg3ILbOEDaxoeTSlTtHBA": {
          "key": "_Htg3ILbOEDaxoeTSlTtHBA",
          "name": "Course_id",
          "type": null,
          "probability": 1,
          "modifiers": [
            "public"
          ],
          "to_variable": {
            "key": "_AZzHALbQEDaxoeTSlTtHBA",
            "name": "Course_id",
            "type": null,
            "modifiers": [
              "public"
            ],
            "position": {}
          },
          "position": {}
        },
        "_IeMGILbOEDaxoeTSlTtHBA": {
          "key": "_IeMGILbOEDaxoeTSlTtHBA",
          "name": "course_content",
          "type": null,
          "probability": 1,
          "modifiers": [
            "public"
          ],
          "to_variable": {
            "key": "_BSHPELbQEDaxoeTSlTtHBA",
            "name": "course_content",
            "type": null,
            "modifiers": [
              "public"
            ],
            "position": {}
          },
          "position": {}
        },
        "_JtKasLbOEDaxoeTSlTtHBA": {
          "key": "_JtKasLbOEDaxoeTSlTtHBA",
          "name": "course_codename",
          "type": null,
          "probability": 1,
          "modifiers": [
            "public"
          ],
          "to_variable": {
            "key": "__IGOkLbPEDaxoeTSlTtHBA",
            "name": "course_codename",
            "type": null,
            "modifiers": [
              "public"
            ],
            "position": {}
          },
          "position": {}
        }
      }
    },
    "fields_to_fields_data_clump-./Validate_course-_IWdi8bbNEDaxoeTSlTtHBA-_8XceILbKEDaxoeTSlTtHBA-Course_nameCourse_idcourse_contentcourse_codename": {
      "type": "data_clump",
      "key": "fields_to_fields_data_clump-./Validate_course-_IWdi8bbNEDaxoeTSlTtHBA-_8XceILbKEDaxoeTSlTtHBA-Course_nameCourse_idcourse_contentcourse_codename",
      "probability": 1,
      "from_file_path": "./Validate_course",
      "from_class_or_interface_name": "Validate_course",
      "from_class_or_interface_key": "_IWdi8bbNEDaxoeTSlTtHBA",
      "from_method_name": null,
      "from_method_key": null,
      "to_file_path": "./Manage_course",
      "to_class_or_interface_key": "_8XceILbKEDaxoeTSlTtHBA",
      "to_class_or_interface_name": "Validate_course",
      "to_method_key": null,
      "to_method_name": null,
      "data_clump_type": "fields_to_fields_data_clump",
      "data_clump_data": {
        "_HFLEwLbOEDaxoeTSlTtHBA": {
          "key": "_HFLEwLbOEDaxoeTSlTtHBA",
          "name": "Course_name",
          "type": null,
          "probability": 1,
          "modifiers": [
            "public"
          ],
          "to_variable": {
            "key": "__7qy0LbKEDaxoeTSlTtHBA",
            "name": "Course_name",
            "type": null,
            "modifiers": [
              "public"
            ],
            "position": {}
          },
          "position": {}
        },
        "_Htg3ILbOEDaxoeTSlTtHBA": {
          "key": "_Htg3ILbOEDaxoeTSlTtHBA",
          "name": "Course_id",
          "type": null,
          "probability": 1,
          "modifiers": [
            "public"
          ],
          "to_variable": {
            "key": "_GEX2cbbLEDaxoeTSlTtHBA",
            "name": "Course_id",
            "type": null,
            "modifiers": [
              "public"
            ],
            "position": {}
          },
          "position": {}
        },
        "_IeMGILbOEDaxoeTSlTtHBA": {
          "key": "_IeMGILbOEDaxoeTSlTtHBA",
          "name": "course_content",
          "type": null,
          "probability": 1,
          "modifiers": [
            "public"
          ],
          "to_variable": {
            "key": "_MTW2UbbNEDaxoeTSlTtHBA",
            "name": "course_content",
            "type": null,
            "modifiers": [
              "public"
            ],
            "position": {}
          },
          "position": {}
        },
        "_JtKasLbOEDaxoeTSlTtHBA": {
          "key": "_JtKasLbOEDaxoeTSlTtHBA",
          "name": "course_codename",
          "type": null,
          "probability": 1,
          "modifiers": [
            "public"
          ],
          "to_variable": {
            "key": "_TUZQILbNEDaxoeTSlTtHBA",
            "name": "course_codename",
            "type": null,
            "modifiers": [
              "public"
            ],
            "position": {}
          },
          "position": {}
        }
      }
    },
    "fields_to_fields_data_clump-./Validate_course-_IWdi8bbNEDaxoeTSlTtHBA-_KzaYcbbLEDaxoeTSlTtHBA-Course_nameCourse_idcourse_contentcourse_codename": {
      "type": "data_clump",
      "key": "fields_to_fields_data_clump-./Validate_course-_IWdi8bbNEDaxoeTSlTtHBA-_KzaYcbbLEDaxoeTSlTtHBA-Course_nameCourse_idcourse_contentcourse_codename",
      "probability": 1,
      "from_file_path": "./Validate_course",
      "from_class_or_interface_name": "Validate_course",
      "from_class_or_interface_key": "_IWdi8bbNEDaxoeTSlTtHBA",
      "from_method_name": null,
      "from_method_key": null,
      "to_file_path": "./Modify_course",
      "to_class_or_interface_key": "_KzaYcbbLEDaxoeTSlTtHBA",
      "to_class_or_interface_name": "Validate_course",
      "to_method_key": null,
      "to_method_name": null,
      "data_clump_type": "fields_to_fields_data_clump",
      "data_clump_data": {
        "_HFLEwLbOEDaxoeTSlTtHBA": {
          "key": "_HFLEwLbOEDaxoeTSlTtHBA",
          "name": "Course_name",
          "type": null,
          "probability": 1,
          "modifiers": [
            "public"
          ],
          "to_variable": {
            "key": "_KkJ3oLbPEDaxoeTSlTtHBA",
            "name": "Course_name",
            "type": null,
            "modifiers": [
              "public"
            ],
            "position": {}
          },
          "position": {}
        },
        "_Htg3ILbOEDaxoeTSlTtHBA": {
          "key": "_Htg3ILbOEDaxoeTSlTtHBA",
          "name": "Course_id",
          "type": null,
          "probability": 1,
          "modifiers": [
            "public"
          ],
          "to_variable": {
            "key": "_LKqeALbPEDaxoeTSlTtHBA",
            "name": "Course_id",
            "type": null,
            "modifiers": [
              "public"
            ],
            "position": {}
          },
          "position": {}
        },
        "_IeMGILbOEDaxoeTSlTtHBA": {
          "key": "_IeMGILbOEDaxoeTSlTtHBA",
          "name": "course_content",
          "type": null,
          "probability": 1,
          "modifiers": [
            "public"
          ],
          "to_variable": {
            "key": "_L9CWILbPEDaxoeTSlTtHBA",
            "name": "course_content",
            "type": null,
            "modifiers": [
              "public"
            ],
            "position": {}
          },
          "position": {}
        },
        "_JtKasLbOEDaxoeTSlTtHBA": {
          "key": "_JtKasLbOEDaxoeTSlTtHBA",
          "name": "course_codename",
          "type": null,
          "probability": 1,
          "modifiers": [
            "public"
          ],
          "to_variable": {
            "key": "_MltfsLbPEDaxoeTSlTtHBA",
            "name": "course_codename",
            "type": null,
            "modifiers": [
              "public"
            ],
            "position": {}
          },
          "position": {}
        }
      }
    },
    "fields_to_fields_data_clump-./Validate_course-_IWdi8bbNEDaxoeTSlTtHBA-_GF3ZUbbNEDaxoeTSlTtHBA-Course_nameCourse_idcourse_contentcourse_codename": {
      "type": "data_clump",
      "key": "fields_to_fields_data_clump-./Validate_course-_IWdi8bbNEDaxoeTSlTtHBA-_GF3ZUbbNEDaxoeTSlTtHBA-Course_nameCourse_idcourse_contentcourse_codename",
      "probability": 1,
      "from_file_path": "./Validate_course",
      "from_class_or_interface_name": "Validate_course",
      "from_class_or_interface_key": "_IWdi8bbNEDaxoeTSlTtHBA",
      "from_method_name": null,
      "from_method_key": null,
      "to_file_path": "./create_course",
      "to_class_or_interface_key": "_GF3ZUbbNEDaxoeTSlTtHBA",
      "to_class_or_interface_name": "Validate_course",
      "to_method_key": null,
      "to_method_name": null,
      "data_clump_type": "fields_to_fields_data_clump",
      "data_clump_data": {
        "_HFLEwLbOEDaxoeTSlTtHBA": {
          "key": "_HFLEwLbOEDaxoeTSlTtHBA",
          "name": "Course_name",
          "type": null,
          "probability": 1,
          "modifiers": [
            "public"
          ],
          "to_variable": {
            "key": "_pXhwILbNEDaxoeTSlTtHBA",
            "name": "Course_name",
            "type": null,
            "modifiers": [
              "public"
            ],
            "position": {}
          },
          "position": {}
        },
        "_Htg3ILbOEDaxoeTSlTtHBA": {
          "key": "_Htg3ILbOEDaxoeTSlTtHBA",
          "name": "Course_id",
          "type": null,
          "probability": 1,
          "modifiers": [
            "public"
          ],
          "to_variable": {
            "key": "_qd8loLbNEDaxoeTSlTtHBA",
            "name": "Course_id",
            "type": null,
            "modifiers": [
              "public"
            ],
            "position": {}
          },
          "position": {}
        },
        "_IeMGILbOEDaxoeTSlTtHBA": {
          "key": "_IeMGILbOEDaxoeTSlTtHBA",
          "name": "course_content",
          "type": null,
          "probability": 1,
          "modifiers": [
            "public"
          ],
          "to_variable": {
            "key": "_rjXVkLbNEDaxoeTSlTtHBA",
            "name": "course_content",
            "type": null,
            "modifiers": [
              "public"
            ],
            "position": {}
          },
          "position": {}
        },
        "_JtKasLbOEDaxoeTSlTtHBA": {
          "key": "_JtKasLbOEDaxoeTSlTtHBA",
          "name": "course_codename",
          "type": null,
          "probability": 1,
          "modifiers": [
            "public"
          ],
          "to_variable": {
            "key": "_tSDsALbNEDaxoeTSlTtHBA",
            "name": "course_codename",
            "type": null,
            "modifiers": [
              "public"
            ],
            "position": {}
          },
          "position": {}
        }
      }
    },
    "fields_to_fields_data_clump-./create_course-_GF3ZUbbNEDaxoeTSlTtHBA-_6r3bMLbMEDaxoeTSlTtHBA-Course_nameCourse_idcourse_contentcourse_codename": {
      "type": "data_clump",
      "key": "fields_to_fields_data_clump-./create_course-_GF3ZUbbNEDaxoeTSlTtHBA-_6r3bMLbMEDaxoeTSlTtHBA-Course_nameCourse_idcourse_contentcourse_codename",
      "probability": 1,
      "from_file_path": "./create_course",
      "from_class_or_interface_name": "create_course",
      "from_class_or_interface_key": "_GF3ZUbbNEDaxoeTSlTtHBA",
      "from_method_name": null,
      "from_method_key": null,
      "to_file_path": "./Delete_course",
      "to_class_or_interface_key": "_6r3bMLbMEDaxoeTSlTtHBA",
      "to_class_or_interface_name": "create_course",
      "to_method_key": null,
      "to_method_name": null,
      "data_clump_type": "fields_to_fields_data_clump",
      "data_clump_data": {
        "_pXhwILbNEDaxoeTSlTtHBA": {
          "key": "_pXhwILbNEDaxoeTSlTtHBA",
          "name": "Course_name",
          "type": null,
          "probability": 1,
          "modifiers": [
            "public"
          ],
          "to_variable": {
            "key": "_WXoswLbPEDaxoeTSlTtHBA",
            "name": "Course_name",
            "type": null,
            "modifiers": [
              "public"
            ],
            "position": {}
          },
          "position": {}
        },
        "_qd8loLbNEDaxoeTSlTtHBA": {
          "key": "_qd8loLbNEDaxoeTSlTtHBA",
          "name": "Course_id",
          "type": null,
          "probability": 1,
          "modifiers": [
            "public"
          ],
          "to_variable": {
            "key": "_XWgIwLbPEDaxoeTSlTtHBA",
            "name": "Course_id",
            "type": null,
            "modifiers": [
              "public"
            ],
            "position": {}
          },
          "position": {}
        },
        "_rjXVkLbNEDaxoeTSlTtHBA": {
          "key": "_rjXVkLbNEDaxoeTSlTtHBA",
          "name": "course_content",
          "type": null,
          "probability": 1,
          "modifiers": [
            "public"
          ],
          "to_variable": {
            "key": "_ZYYg8LbPEDaxoeTSlTtHBA",
            "name": "course_content",
            "type": null,
            "modifiers": [
              "public"
            ],
            "position": {}
          },
          "position": {}
        },
        "_tSDsALbNEDaxoeTSlTtHBA": {
          "key": "_tSDsALbNEDaxoeTSlTtHBA",
          "name": "course_codename",
          "type": null,
          "probability": 1,
          "modifiers": [
            "public"
          ],
          "to_variable": {
            "key": "_S9TT4LbPEDaxoeTSlTtHBA",
            "name": "course_codename",
            "type": null,
            "modifiers": [
              "public"
            ],
            "position": {}
          },
          "position": {}
        }
      }
    },
    "fields_to_fields_data_clump-./create_course-_GF3ZUbbNEDaxoeTSlTtHBA-__sjt4LbMEDaxoeTSlTtHBA-Course_nameCourse_idcourse_contentcourse_codename": {
      "type": "data_clump",
      "key": "fields_to_fields_data_clump-./create_course-_GF3ZUbbNEDaxoeTSlTtHBA-__sjt4LbMEDaxoeTSlTtHBA-Course_nameCourse_idcourse_contentcourse_codename",
      "probability": 1,
      "from_file_path": "./create_course",
      "from_class_or_interface_name": "create_course",
      "from_class_or_interface_key": "_GF3ZUbbNEDaxoeTSlTtHBA",
      "from_method_name": null,
      "from_method_key": null,
      "to_file_path": "./Existing_course",
      "to_class_or_interface_key": "__sjt4LbMEDaxoeTSlTtHBA",
      "to_class_or_interface_name": "create_course",
      "to_method_key": null,
      "to_method_name": null,
      "data_clump_type": "fields_to_fields_data_clump",
      "data_clump_data": {
        "_pXhwILbNEDaxoeTSlTtHBA": {
          "key": "_pXhwILbNEDaxoeTSlTtHBA",
          "name": "Course_name",
          "type": null,
          "probability": 1,
          "modifiers": [
            "public"
          ],
          "to_variable": {
            "key": "__xX1ELbPEDaxoeTSlTtHBA",
            "name": "Course_name",
            "type": null,
            "modifiers": [
              "public"
            ],
            "position": {}
          },
          "position": {}
        },
        "_qd8loLbNEDaxoeTSlTtHBA": {
          "key": "_qd8loLbNEDaxoeTSlTtHBA",
          "name": "Course_id",
          "type": null,
          "probability": 1,
          "modifiers": [
            "public"
          ],
          "to_variable": {
            "key": "_AZzHALbQEDaxoeTSlTtHBA",
            "name": "Course_id",
            "type": null,
            "modifiers": [
              "public"
            ],
            "position": {}
          },
          "position": {}
        },
        "_rjXVkLbNEDaxoeTSlTtHBA": {
          "key": "_rjXVkLbNEDaxoeTSlTtHBA",
          "name": "course_content",
          "type": null,
          "probability": 1,
          "modifiers": [
            "public"
          ],
          "to_variable": {
            "key": "_BSHPELbQEDaxoeTSlTtHBA",
            "name": "course_content",
            "type": null,
            "modifiers": [
              "public"
            ],
            "position": {}
          },
          "position": {}
        },
        "_tSDsALbNEDaxoeTSlTtHBA": {
          "key": "_tSDsALbNEDaxoeTSlTtHBA",
          "name": "course_codename",
          "type": null,
          "probability": 1,
          "modifiers": [
            "public"
          ],
          "to_variable": {
            "key": "__IGOkLbPEDaxoeTSlTtHBA",
            "name": "course_codename",
            "type": null,
            "modifiers": [
              "public"
            ],
            "position": {}
          },
          "position": {}
        }
      }
    },
    "fields_to_fields_data_clump-./create_course-_GF3ZUbbNEDaxoeTSlTtHBA-_8XceILbKEDaxoeTSlTtHBA-Course_nameCourse_idcourse_contentcourse_codename": {
      "type": "data_clump",
      "key": "fields_to_fields_data_clump-./create_course-_GF3ZUbbNEDaxoeTSlTtHBA-_8XceILbKEDaxoeTSlTtHBA-Course_nameCourse_idcourse_contentcourse_codename",
      "probability": 1,
      "from_file_path": "./create_course",
      "from_class_or_interface_name": "create_course",
      "from_class_or_interface_key": "_GF3ZUbbNEDaxoeTSlTtHBA",
      "from_method_name": null,
      "from_method_key": null,
      "to_file_path": "./Manage_course",
      "to_class_or_interface_key": "_8XceILbKEDaxoeTSlTtHBA",
      "to_class_or_interface_name": "create_course",
      "to_method_key": null,
      "to_method_name": null,
      "data_clump_type": "fields_to_fields_data_clump",
      "data_clump_data": {
        "_pXhwILbNEDaxoeTSlTtHBA": {
          "key": "_pXhwILbNEDaxoeTSlTtHBA",
          "name": "Course_name",
          "type": null,
          "probability": 1,
          "modifiers": [
            "public"
          ],
          "to_variable": {
            "key": "__7qy0LbKEDaxoeTSlTtHBA",
            "name": "Course_name",
            "type": null,
            "modifiers": [
              "public"
            ],
            "position": {}
          },
          "position": {}
        },
        "_qd8loLbNEDaxoeTSlTtHBA": {
          "key": "_qd8loLbNEDaxoeTSlTtHBA",
          "name": "Course_id",
          "type": null,
          "probability": 1,
          "modifiers": [
            "public"
          ],
          "to_variable": {
            "key": "_GEX2cbbLEDaxoeTSlTtHBA",
            "name": "Course_id",
            "type": null,
            "modifiers": [
              "public"
            ],
            "position": {}
          },
          "position": {}
        },
        "_rjXVkLbNEDaxoeTSlTtHBA": {
          "key": "_rjXVkLbNEDaxoeTSlTtHBA",
          "name": "course_content",
          "type": null,
          "probability": 1,
          "modifiers": [
            "public"
          ],
          "to_variable": {
            "key": "_MTW2UbbNEDaxoeTSlTtHBA",
            "name": "course_content",
            "type": null,
            "modifiers": [
              "public"
            ],
            "position": {}
          },
          "position": {}
        },
        "_tSDsALbNEDaxoeTSlTtHBA": {
          "key": "_tSDsALbNEDaxoeTSlTtHBA",
          "name": "course_codename",
          "type": null,
          "probability": 1,
          "modifiers": [
            "public"
          ],
          "to_variable": {
            "key": "_TUZQILbNEDaxoeTSlTtHBA",
            "name": "course_codename",
            "type": null,
            "modifiers": [
              "public"
            ],
            "position": {}
          },
          "position": {}
        }
      }
    },
    "fields_to_fields_data_clump-./create_course-_GF3ZUbbNEDaxoeTSlTtHBA-_KzaYcbbLEDaxoeTSlTtHBA-Course_nameCourse_idcourse_contentcourse_codename": {
      "type": "data_clump",
      "key": "fields_to_fields_data_clump-./create_course-_GF3ZUbbNEDaxoeTSlTtHBA-_KzaYcbbLEDaxoeTSlTtHBA-Course_nameCourse_idcourse_contentcourse_codename",
      "probability": 1,
      "from_file_path": "./create_course",
      "from_class_or_interface_name": "create_course",
      "from_class_or_interface_key": "_GF3ZUbbNEDaxoeTSlTtHBA",
      "from_method_name": null,
      "from_method_key": null,
      "to_file_path": "./Modify_course",
      "to_class_or_interface_key": "_KzaYcbbLEDaxoeTSlTtHBA",
      "to_class_or_interface_name": "create_course",
      "to_method_key": null,
      "to_method_name": null,
      "data_clump_type": "fields_to_fields_data_clump",
      "data_clump_data": {
        "_pXhwILbNEDaxoeTSlTtHBA": {
          "key": "_pXhwILbNEDaxoeTSlTtHBA",
          "name": "Course_name",
          "type": null,
          "probability": 1,
          "modifiers": [
            "public"
          ],
          "to_variable": {
            "key": "_KkJ3oLbPEDaxoeTSlTtHBA",
            "name": "Course_name",
            "type": null,
            "modifiers": [
              "public"
            ],
            "position": {}
          },
          "position": {}
        },
        "_qd8loLbNEDaxoeTSlTtHBA": {
          "key": "_qd8loLbNEDaxoeTSlTtHBA",
          "name": "Course_id",
          "type": null,
          "probability": 1,
          "modifiers": [
            "public"
          ],
          "to_variable": {
            "key": "_LKqeALbPEDaxoeTSlTtHBA",
            "name": "Course_id",
            "type": null,
            "modifiers": [
              "public"
            ],
            "position": {}
          },
          "position": {}
        },
        "_rjXVkLbNEDaxoeTSlTtHBA": {
          "key": "_rjXVkLbNEDaxoeTSlTtHBA",
          "name": "course_content",
          "type": null,
          "probability": 1,
          "modifiers": [
            "public"
          ],
          "to_variable": {
            "key": "_L9CWILbPEDaxoeTSlTtHBA",
            "name": "course_content",
            "type": null,
            "modifiers": [
              "public"
            ],
            "position": {}
          },
          "position": {}
        },
        "_tSDsALbNEDaxoeTSlTtHBA": {
          "key": "_tSDsALbNEDaxoeTSlTtHBA",
          "name": "course_codename",
          "type": null,
          "probability": 1,
          "modifiers": [
            "public"
          ],
          "to_variable": {
            "key": "_MltfsLbPEDaxoeTSlTtHBA",
            "name": "course_codename",
            "type": null,
            "modifiers": [
              "public"
            ],
            "position": {}
          },
          "position": {}
        }
      }
    },
    "fields_to_fields_data_clump-./create_course-_GF3ZUbbNEDaxoeTSlTtHBA-_IWdi8bbNEDaxoeTSlTtHBA-Course_nameCourse_idcourse_contentcourse_codename": {
      "type": "data_clump",
      "key": "fields_to_fields_data_clump-./create_course-_GF3ZUbbNEDaxoeTSlTtHBA-_IWdi8bbNEDaxoeTSlTtHBA-Course_nameCourse_idcourse_contentcourse_codename",
      "probability": 1,
      "from_file_path": "./create_course",
      "from_class_or_interface_name": "create_course",
      "from_class_or_interface_key": "_GF3ZUbbNEDaxoeTSlTtHBA",
      "from_method_name": null,
      "from_method_key": null,
      "to_file_path": "./Validate_course",
      "to_class_or_interface_key": "_IWdi8bbNEDaxoeTSlTtHBA",
      "to_class_or_interface_name": "create_course",
      "to_method_key": null,
      "to_method_name": null,
      "data_clump_type": "fields_to_fields_data_clump",
      "data_clump_data": {
        "_pXhwILbNEDaxoeTSlTtHBA": {
          "key": "_pXhwILbNEDaxoeTSlTtHBA",
          "name": "Course_name",
          "type": null,
          "probability": 1,
          "modifiers": [
            "public"
          ],
          "to_variable": {
            "key": "_HFLEwLbOEDaxoeTSlTtHBA",
            "name": "Course_name",
            "type": null,
            "modifiers": [
              "public"
            ],
            "position": {}
          },
          "position": {}
        },
        "_qd8loLbNEDaxoeTSlTtHBA": {
          "key": "_qd8loLbNEDaxoeTSlTtHBA",
          "name": "Course_id",
          "type": null,
          "probability": 1,
          "modifiers": [
            "public"
          ],
          "to_variable": {
            "key": "_Htg3ILbOEDaxoeTSlTtHBA",
            "name": "Course_id",
            "type": null,
            "modifiers": [
              "public"
            ],
            "position": {}
          },
          "position": {}
        },
        "_rjXVkLbNEDaxoeTSlTtHBA": {
          "key": "_rjXVkLbNEDaxoeTSlTtHBA",
          "name": "course_content",
          "type": null,
          "probability": 1,
          "modifiers": [
            "public"
          ],
          "to_variable": {
            "key": "_IeMGILbOEDaxoeTSlTtHBA",
            "name": "course_content",
            "type": null,
            "modifiers": [
              "public"
            ],
            "position": {}
          },
          "position": {}
        },
        "_tSDsALbNEDaxoeTSlTtHBA": {
          "key": "_tSDsALbNEDaxoeTSlTtHBA",
          "name": "course_codename",
          "type": null,
          "probability": 1,
          "modifiers": [
            "public"
          ],
          "to_variable": {
            "key": "_JtKasLbOEDaxoeTSlTtHBA",
            "name": "course_codename",
            "type": null,
            "modifiers": [
              "public"
            ],
            "position": {}
          },
          "position": {}
        }
      }
    }
  }
}