{
  "report_version": "unknown",
  "report_timestamp": "2025-03-26T22:44:43.188Z",
  "target_language": "java",
  "report_summary": {
    "additional": null,
    "amount_classes_or_interfaces_with_data_clumps": 8,
    "amount_files_with_data_clumps": 8,
    "amount_methods_with_data_clumps": 9,
    "fields_to_fields_data_clump": 10,
    "parameters_to_fields_data_clump": 9,
    "parameters_to_parameters_data_clump": 16,
    "amount_data_clumps": 35
  },
  "project_info": {
    "project_url": "unknown_project_url",
    "project_name": "_h_x2INGSEeib2vfQ4l86Yg",
    "project_version": "unknown_project_version",
    "project_commit_hash": "unknown",
    "project_tag": null,
    "project_commit_date": null,
    "additional": {},
    "number_of_files": 14,
    "number_of_classes_or_interfaces": 14,
    "number_of_methods": 66,
    "number_of_data_fields": 43,
    "number_of_method_parameters": 70
  },
  "detector": {
    "name": "data-clumps-doctor",
    "url": "https://github.com/NilsBaumgartner1994/data-clumps-doctor",
    "version": "0.1.100",
    "options": {
      "typeVariablesConsidered": false,
      "similarityModifierOfVariablesWithUnknownType": 0,
      "fieldsOfClassesWithUnknownHierarchyProbabilityModifier": 0,
      "sharedFieldsToFieldsAmountMinimum": 3,
      "analyseFieldsInClassesOrInterfacesInheritedFromSuperClassesOrInterfaces": false,
      "sharedParametersToParametersAmountMinimum": 3,
      "sharedParametersToFieldsAmountMinimum": 3,
      "methodsOfClassesOrInterfacesWithUnknownHierarchyProbabilityModifier": 0
    }
  },
  "data_clumps": {
    "parameters_to_parameters_data_clump-./AddItemActivity-_iSxq1dGSEei3Gv3T4rBBnQ-_iSySItGSEei3Gv3T4rBBnQ-request_coderesult_codeintent": {
      "type": "data_clump",
      "key": "parameters_to_parameters_data_clump-./AddItemActivity-_iSxq1dGSEei3Gv3T4rBBnQ-_iSySItGSEei3Gv3T4rBBnQ-request_coderesult_codeintent",
      "probability": 1,
      "from_file_path": "./AddItemActivity",
      "from_class_or_interface_name": "AddItemActivity",
      "from_class_or_interface_key": "_iSxqoNGSEei3Gv3T4rBBnQ",
      "from_method_name": "onActivityResult",
      "from_method_key": "_iSxq1dGSEei3Gv3T4rBBnQ",
      "to_file_path": "./EditItemActivity",
      "to_class_or_interface_name": "EditItemActivity",
      "to_class_or_interface_key": "_iSyR6dGSEei3Gv3T4rBBnQ",
      "to_method_name": "onActivityResult",
      "to_method_key": "_iSySItGSEei3Gv3T4rBBnQ",
      "data_clump_type": "parameters_to_parameters_data_clump",
      "data_clump_data": {
        "_iSxq19GSEei3Gv3T4rBBnQ": {
          "key": "_iSxq19GSEei3Gv3T4rBBnQ",
          "name": "request_code",
          "type": null,
          "probability": 1,
          "modifiers": [],
          "to_variable": {
            "key": "_iSySJNGSEei3Gv3T4rBBnQ",
            "name": "request_code",
            "type": null,
            "modifiers": [],
            "position": {}
          },
          "position": {}
        },
        "_iSxq2tGSEei3Gv3T4rBBnQ": {
          "key": "_iSxq2tGSEei3Gv3T4rBBnQ",
          "name": "result_code",
          "type": null,
          "probability": 1,
          "modifiers": [],
          "to_variable": {
            "key": "_iSySJ9GSEei3Gv3T4rBBnQ",
            "name": "result_code",
            "type": null,
            "modifiers": [],
            "position": {}
          },
          "position": {}
        },
        "_iSxq3dGSEei3Gv3T4rBBnQ": {
          "key": "_iSxq3dGSEei3Gv3T4rBBnQ",
          "name": "intent",
          "type": null,
          "probability": 1,
          "modifiers": [],
          "to_variable": {
            "key": "_iSySKtGSEei3Gv3T4rBBnQ",
            "name": "intent",
            "type": null,
            "modifiers": [],
            "position": {}
          },
          "position": {}
        }
      }
    },
    "parameters_to_parameters_data_clump-./AllItemsFragment-_iSxq49GSEei3Gv3T4rBBnQ-_iSxq99GSEei3Gv3T4rBBnQ-inflatercontainersavedInstanceState": {
      "type": "data_clump",
      "key": "parameters_to_parameters_data_clump-./AllItemsFragment-_iSxq49GSEei3Gv3T4rBBnQ-_iSxq99GSEei3Gv3T4rBBnQ-inflatercontainersavedInstanceState",
      "probability": 1,
      "from_file_path": "./AllItemsFragment",
      "from_class_or_interface_name": "AllItemsFragment",
      "from_class_or_interface_key": "_iSxq4NGSEei3Gv3T4rBBnQ",
      "from_method_name": "onCreateView",
      "from_method_key": "_iSxq49GSEei3Gv3T4rBBnQ",
      "to_file_path": "./AvailableItemsFragment",
      "to_class_or_interface_name": "AvailableItemsFragment",
      "to_class_or_interface_key": "_iSxq9NGSEei3Gv3T4rBBnQ",
      "to_method_name": "onCreateView",
      "to_method_key": "_iSxq99GSEei3Gv3T4rBBnQ",
      "data_clump_type": "parameters_to_parameters_data_clump",
      "data_clump_data": {
        "_iSxq59GSEei3Gv3T4rBBnQ": {
          "key": "_iSxq59GSEei3Gv3T4rBBnQ",
          "name": "inflater",
          "type": null,
          "probability": 1,
          "modifiers": [],
          "to_variable": {
            "key": "_iSxq-9GSEei3Gv3T4rBBnQ",
            "name": "inflater",
            "type": null,
            "modifiers": [],
            "position": {}
          },
          "position": {}
        },
        "_iSxq6tGSEei3Gv3T4rBBnQ": {
          "key": "_iSxq6tGSEei3Gv3T4rBBnQ",
          "name": "container",
          "type": null,
          "probability": 1,
          "modifiers": [],
          "to_variable": {
            "key": "_iSxq_tGSEei3Gv3T4rBBnQ",
            "name": "container",
            "type": null,
            "modifiers": [],
            "position": {}
          },
          "position": {}
        },
        "_iSxq7dGSEei3Gv3T4rBBnQ": {
          "key": "_iSxq7dGSEei3Gv3T4rBBnQ",
          "name": "savedInstanceState",
          "type": null,
          "probability": 1,
          "modifiers": [],
          "to_variable": {
            "key": "_iSxrAdGSEei3Gv3T4rBBnQ",
            "name": "savedInstanceState",
            "type": null,
            "modifiers": [],
            "position": {}
          },
          "position": {}
        }
      }
    },
    "parameters_to_parameters_data_clump-./AllItemsFragment-_iSxq49GSEei3Gv3T4rBBnQ-_iSxrC9GSEei3Gv3T4rBBnQ-inflatercontainersavedInstanceState": {
      "type": "data_clump",
      "key": "parameters_to_parameters_data_clump-./AllItemsFragment-_iSxq49GSEei3Gv3T4rBBnQ-_iSxrC9GSEei3Gv3T4rBBnQ-inflatercontainersavedInstanceState",
      "probability": 1,
      "from_file_path": "./AllItemsFragment",
      "from_class_or_interface_name": "AllItemsFragment",
      "from_class_or_interface_key": "_iSxq4NGSEei3Gv3T4rBBnQ",
      "from_method_name": "onCreateView",
      "from_method_key": "_iSxq49GSEei3Gv3T4rBBnQ",
      "to_file_path": "./BorrowedItemsFragment",
      "to_class_or_interface_name": "BorrowedItemsFragment",
      "to_class_or_interface_key": "_iSxrCNGSEei3Gv3T4rBBnQ",
      "to_method_name": "onCreateView",
      "to_method_key": "_iSxrC9GSEei3Gv3T4rBBnQ",
      "data_clump_type": "parameters_to_parameters_data_clump",
      "data_clump_data": {
        "_iSxq59GSEei3Gv3T4rBBnQ": {
          "key": "_iSxq59GSEei3Gv3T4rBBnQ",
          "name": "inflater",
          "type": null,
          "probability": 1,
          "modifiers": [],
          "to_variable": {
            "key": "_iSxrD9GSEei3Gv3T4rBBnQ",
            "name": "inflater",
            "type": null,
            "modifiers": [],
            "position": {}
          },
          "position": {}
        },
        "_iSxq6tGSEei3Gv3T4rBBnQ": {
          "key": "_iSxq6tGSEei3Gv3T4rBBnQ",
          "name": "container",
          "type": null,
          "probability": 1,
          "modifiers": [],
          "to_variable": {
            "key": "_iSxrEtGSEei3Gv3T4rBBnQ",
            "name": "container",
            "type": null,
            "modifiers": [],
            "position": {}
          },
          "position": {}
        },
        "_iSxq7dGSEei3Gv3T4rBBnQ": {
          "key": "_iSxq7dGSEei3Gv3T4rBBnQ",
          "name": "savedInstanceState",
          "type": null,
          "probability": 1,
          "modifiers": [],
          "to_variable": {
            "key": "_iSyRstGSEei3Gv3T4rBBnQ",
            "name": "savedInstanceState",
            "type": null,
            "modifiers": [],
            "position": {}
          },
          "position": {}
        }
      }
    },
    "parameters_to_parameters_data_clump-./AllItemsFragment-_iSxq49GSEei3Gv3T4rBBnQ-_iS0G6dGSEei3Gv3T4rBBnQ-inflatercontainersavedInstanceState": {
      "type": "data_clump",
      "key": "parameters_to_parameters_data_clump-./AllItemsFragment-_iSxq49GSEei3Gv3T4rBBnQ-_iS0G6dGSEei3Gv3T4rBBnQ-inflatercontainersavedInstanceState",
      "probability": 1,
      "from_file_path": "./AllItemsFragment",
      "from_class_or_interface_name": "AllItemsFragment",
      "from_class_or_interface_key": "_iSxq4NGSEei3Gv3T4rBBnQ",
      "from_method_name": "onCreateView",
      "from_method_key": "_iSxq49GSEei3Gv3T4rBBnQ",
      "to_file_path": "./ItemsFragment",
      "to_class_or_interface_name": "ItemsFragment",
      "to_class_or_interface_key": "_iSzgO9GSEei3Gv3T4rBBnQ",
      "to_method_name": "onCreateView",
      "to_method_key": "_iS0G6dGSEei3Gv3T4rBBnQ",
      "data_clump_type": "parameters_to_parameters_data_clump",
      "data_clump_data": {
        "_iSxq59GSEei3Gv3T4rBBnQ": {
          "key": "_iSxq59GSEei3Gv3T4rBBnQ",
          "name": "inflater",
          "type": null,
          "probability": 1,
          "modifiers": [],
          "to_variable": {
            "key": "_iS0G7dGSEei3Gv3T4rBBnQ",
            "name": "inflater",
            "type": null,
            "modifiers": [],
            "position": {}
          },
          "position": {}
        },
        "_iSxq6tGSEei3Gv3T4rBBnQ": {
          "key": "_iSxq6tGSEei3Gv3T4rBBnQ",
          "name": "container",
          "type": null,
          "probability": 1,
          "modifiers": [],
          "to_variable": {
            "key": "_iS0G8NGSEei3Gv3T4rBBnQ",
            "name": "container",
            "type": null,
            "modifiers": [],
            "position": {}
          },
          "position": {}
        },
        "_iSxq7dGSEei3Gv3T4rBBnQ": {
          "key": "_iSxq7dGSEei3Gv3T4rBBnQ",
          "name": "savedInstanceState",
          "type": null,
          "probability": 1,
          "modifiers": [],
          "to_variable": {
            "key": "_iS0G89GSEei3Gv3T4rBBnQ",
            "name": "savedInstanceState",
            "type": null,
            "modifiers": [],
            "position": {}
          },
          "position": {}
        }
      }
    },
    "parameters_to_parameters_data_clump-./AvailableItemsFragment-_iSxq99GSEei3Gv3T4rBBnQ-_iSxq49GSEei3Gv3T4rBBnQ-inflatercontainersavedInstanceState": {
      "type": "data_clump",
      "key": "parameters_to_parameters_data_clump-./AvailableItemsFragment-_iSxq99GSEei3Gv3T4rBBnQ-_iSxq49GSEei3Gv3T4rBBnQ-inflatercontainersavedInstanceState",
      "probability": 1,
      "from_file_path": "./AvailableItemsFragment",
      "from_class_or_interface_name": "AvailableItemsFragment",
      "from_class_or_interface_key": "_iSxq9NGSEei3Gv3T4rBBnQ",
      "from_method_name": "onCreateView",
      "from_method_key": "_iSxq99GSEei3Gv3T4rBBnQ",
      "to_file_path": "./AllItemsFragment",
      "to_class_or_interface_name": "AllItemsFragment",
      "to_class_or_interface_key": "_iSxq4NGSEei3Gv3T4rBBnQ",
      "to_method_name": "onCreateView",
      "to_method_key": "_iSxq49GSEei3Gv3T4rBBnQ",
      "data_clump_type": "parameters_to_parameters_data_clump",
      "data_clump_data": {
        "_iSxq-9GSEei3Gv3T4rBBnQ": {
          "key": "_iSxq-9GSEei3Gv3T4rBBnQ",
          "name": "inflater",
          "type": null,
          "probability": 1,
          "modifiers": [],
          "to_variable": {
            "key": "_iSxq59GSEei3Gv3T4rBBnQ",
            "name": "inflater",
            "type": null,
            "modifiers": [],
            "position": {}
          },
          "position": {}
        },
        "_iSxq_tGSEei3Gv3T4rBBnQ": {
          "key": "_iSxq_tGSEei3Gv3T4rBBnQ",
          "name": "container",
          "type": null,
          "probability": 1,
          "modifiers": [],
          "to_variable": {
            "key": "_iSxq6tGSEei3Gv3T4rBBnQ",
            "name": "container",
            "type": null,
            "modifiers": [],
            "position": {}
          },
          "position": {}
        },
        "_iSxrAdGSEei3Gv3T4rBBnQ": {
          "key": "_iSxrAdGSEei3Gv3T4rBBnQ",
          "name": "savedInstanceState",
          "type": null,
          "probability": 1,
          "modifiers": [],
          "to_variable": {
            "key": "_iSxq7dGSEei3Gv3T4rBBnQ",
            "name": "savedInstanceState",
            "type": null,
            "modifiers": [],
            "position": {}
          },
          "position": {}
        }
      }
    },
    "parameters_to_parameters_data_clump-./AvailableItemsFragment-_iSxq99GSEei3Gv3T4rBBnQ-_iSxrC9GSEei3Gv3T4rBBnQ-inflatercontainersavedInstanceState": {
      "type": "data_clump",
      "key": "parameters_to_parameters_data_clump-./AvailableItemsFragment-_iSxq99GSEei3Gv3T4rBBnQ-_iSxrC9GSEei3Gv3T4rBBnQ-inflatercontainersavedInstanceState",
      "probability": 1,
      "from_file_path": "./AvailableItemsFragment",
      "from_class_or_interface_name": "AvailableItemsFragment",
      "from_class_or_interface_key": "_iSxq9NGSEei3Gv3T4rBBnQ",
      "from_method_name": "onCreateView",
      "from_method_key": "_iSxq99GSEei3Gv3T4rBBnQ",
      "to_file_path": "./BorrowedItemsFragment",
      "to_class_or_interface_name": "BorrowedItemsFragment",
      "to_class_or_interface_key": "_iSxrCNGSEei3Gv3T4rBBnQ",
      "to_method_name": "onCreateView",
      "to_method_key": "_iSxrC9GSEei3Gv3T4rBBnQ",
      "data_clump_type": "parameters_to_parameters_data_clump",
      "data_clump_data": {
        "_iSxq-9GSEei3Gv3T4rBBnQ": {
          "key": "_iSxq-9GSEei3Gv3T4rBBnQ",
          "name": "inflater",
          "type": null,
          "probability": 1,
          "modifiers": [],
          "to_variable": {
            "key": "_iSxrD9GSEei3Gv3T4rBBnQ",
            "name": "inflater",
            "type": null,
            "modifiers": [],
            "position": {}
          },
          "position": {}
        },
        "_iSxq_tGSEei3Gv3T4rBBnQ": {
          "key": "_iSxq_tGSEei3Gv3T4rBBnQ",
          "name": "container",
          "type": null,
          "probability": 1,
          "modifiers": [],
          "to_variable": {
            "key": "_iSxrEtGSEei3Gv3T4rBBnQ",
            "name": "container",
            "type": null,
            "modifiers": [],
            "position": {}
          },
          "position": {}
        },
        "_iSxrAdGSEei3Gv3T4rBBnQ": {
          "key": "_iSxrAdGSEei3Gv3T4rBBnQ",
          "name": "savedInstanceState",
          "type": null,
          "probability": 1,
          "modifiers": [],
          "to_variable": {
            "key": "_iSyRstGSEei3Gv3T4rBBnQ",
            "name": "savedInstanceState",
            "type": null,
            "modifiers": [],
            "position": {}
          },
          "position": {}
        }
      }
    },
    "parameters_to_parameters_data_clump-./AvailableItemsFragment-_iSxq99GSEei3Gv3T4rBBnQ-_iS0G6dGSEei3Gv3T4rBBnQ-inflatercontainersavedInstanceState": {
      "type": "data_clump",
      "key": "parameters_to_parameters_data_clump-./AvailableItemsFragment-_iSxq99GSEei3Gv3T4rBBnQ-_iS0G6dGSEei3Gv3T4rBBnQ-inflatercontainersavedInstanceState",
      "probability": 1,
      "from_file_path": "./AvailableItemsFragment",
      "from_class_or_interface_name": "AvailableItemsFragment",
      "from_class_or_interface_key": "_iSxq9NGSEei3Gv3T4rBBnQ",
      "from_method_name": "onCreateView",
      "from_method_key": "_iSxq99GSEei3Gv3T4rBBnQ",
      "to_file_path": "./ItemsFragment",
      "to_class_or_interface_name": "ItemsFragment",
      "to_class_or_interface_key": "_iSzgO9GSEei3Gv3T4rBBnQ",
      "to_method_name": "onCreateView",
      "to_method_key": "_iS0G6dGSEei3Gv3T4rBBnQ",
      "data_clump_type": "parameters_to_parameters_data_clump",
      "data_clump_data": {
        "_iSxq-9GSEei3Gv3T4rBBnQ": {
          "key": "_iSxq-9GSEei3Gv3T4rBBnQ",
          "name": "inflater",
          "type": null,
          "probability": 1,
          "modifiers": [],
          "to_variable": {
            "key": "_iS0G7dGSEei3Gv3T4rBBnQ",
            "name": "inflater",
            "type": null,
            "modifiers": [],
            "position": {}
          },
          "position": {}
        },
        "_iSxq_tGSEei3Gv3T4rBBnQ": {
          "key": "_iSxq_tGSEei3Gv3T4rBBnQ",
          "name": "container",
          "type": null,
          "probability": 1,
          "modifiers": [],
          "to_variable": {
            "key": "_iS0G8NGSEei3Gv3T4rBBnQ",
            "name": "container",
            "type": null,
            "modifiers": [],
            "position": {}
          },
          "position": {}
        },
        "_iSxrAdGSEei3Gv3T4rBBnQ": {
          "key": "_iSxrAdGSEei3Gv3T4rBBnQ",
          "name": "savedInstanceState",
          "type": null,
          "probability": 1,
          "modifiers": [],
          "to_variable": {
            "key": "_iS0G89GSEei3Gv3T4rBBnQ",
            "name": "savedInstanceState",
            "type": null,
            "modifiers": [],
            "position": {}
          },
          "position": {}
        }
      }
    },
    "parameters_to_parameters_data_clump-./BorrowedItemsFragment-_iSxrC9GSEei3Gv3T4rBBnQ-_iSxq49GSEei3Gv3T4rBBnQ-inflatercontainersavedInstanceState": {
      "type": "data_clump",
      "key": "parameters_to_parameters_data_clump-./BorrowedItemsFragment-_iSxrC9GSEei3Gv3T4rBBnQ-_iSxq49GSEei3Gv3T4rBBnQ-inflatercontainersavedInstanceState",
      "probability": 1,
      "from_file_path": "./BorrowedItemsFragment",
      "from_class_or_interface_name": "BorrowedItemsFragment",
      "from_class_or_interface_key": "_iSxrCNGSEei3Gv3T4rBBnQ",
      "from_method_name": "onCreateView",
      "from_method_key": "_iSxrC9GSEei3Gv3T4rBBnQ",
      "to_file_path": "./AllItemsFragment",
      "to_class_or_interface_name": "AllItemsFragment",
      "to_class_or_interface_key": "_iSxq4NGSEei3Gv3T4rBBnQ",
      "to_method_name": "onCreateView",
      "to_method_key": "_iSxq49GSEei3Gv3T4rBBnQ",
      "data_clump_type": "parameters_to_parameters_data_clump",
      "data_clump_data": {
        "_iSxrD9GSEei3Gv3T4rBBnQ": {
          "key": "_iSxrD9GSEei3Gv3T4rBBnQ",
          "name": "inflater",
          "type": null,
          "probability": 1,
          "modifiers": [],
          "to_variable": {
            "key": "_iSxq59GSEei3Gv3T4rBBnQ",
            "name": "inflater",
            "type": null,
            "modifiers": [],
            "position": {}
          },
          "position": {}
        },
        "_iSxrEtGSEei3Gv3T4rBBnQ": {
          "key": "_iSxrEtGSEei3Gv3T4rBBnQ",
          "name": "container",
          "type": null,
          "probability": 1,
          "modifiers": [],
          "to_variable": {
            "key": "_iSxq6tGSEei3Gv3T4rBBnQ",
            "name": "container",
            "type": null,
            "modifiers": [],
            "position": {}
          },
          "position": {}
        },
        "_iSyRstGSEei3Gv3T4rBBnQ": {
          "key": "_iSyRstGSEei3Gv3T4rBBnQ",
          "name": "savedInstanceState",
          "type": null,
          "probability": 1,
          "modifiers": [],
          "to_variable": {
            "key": "_iSxq7dGSEei3Gv3T4rBBnQ",
            "name": "savedInstanceState",
            "type": null,
            "modifiers": [],
            "position": {}
          },
          "position": {}
        }
      }
    },
    "parameters_to_parameters_data_clump-./BorrowedItemsFragment-_iSxrC9GSEei3Gv3T4rBBnQ-_iSxq99GSEei3Gv3T4rBBnQ-inflatercontainersavedInstanceState": {
      "type": "data_clump",
      "key": "parameters_to_parameters_data_clump-./BorrowedItemsFragment-_iSxrC9GSEei3Gv3T4rBBnQ-_iSxq99GSEei3Gv3T4rBBnQ-inflatercontainersavedInstanceState",
      "probability": 1,
      "from_file_path": "./BorrowedItemsFragment",
      "from_class_or_interface_name": "BorrowedItemsFragment",
      "from_class_or_interface_key": "_iSxrCNGSEei3Gv3T4rBBnQ",
      "from_method_name": "onCreateView",
      "from_method_key": "_iSxrC9GSEei3Gv3T4rBBnQ",
      "to_file_path": "./AvailableItemsFragment",
      "to_class_or_interface_name": "AvailableItemsFragment",
      "to_class_or_interface_key": "_iSxq9NGSEei3Gv3T4rBBnQ",
      "to_method_name": "onCreateView",
      "to_method_key": "_iSxq99GSEei3Gv3T4rBBnQ",
      "data_clump_type": "parameters_to_parameters_data_clump",
      "data_clump_data": {
        "_iSxrD9GSEei3Gv3T4rBBnQ": {
          "key": "_iSxrD9GSEei3Gv3T4rBBnQ",
          "name": "inflater",
          "type": null,
          "probability": 1,
          "modifiers": [],
          "to_variable": {
            "key": "_iSxq-9GSEei3Gv3T4rBBnQ",
            "name": "inflater",
            "type": null,
            "modifiers": [],
            "position": {}
          },
          "position": {}
        },
        "_iSxrEtGSEei3Gv3T4rBBnQ": {
          "key": "_iSxrEtGSEei3Gv3T4rBBnQ",
          "name": "container",
          "type": null,
          "probability": 1,
          "modifiers": [],
          "to_variable": {
            "key": "_iSxq_tGSEei3Gv3T4rBBnQ",
            "name": "container",
            "type": null,
            "modifiers": [],
            "position": {}
          },
          "position": {}
        },
        "_iSyRstGSEei3Gv3T4rBBnQ": {
          "key": "_iSyRstGSEei3Gv3T4rBBnQ",
          "name": "savedInstanceState",
          "type": null,
          "probability": 1,
          "modifiers": [],
          "to_variable": {
            "key": "_iSxrAdGSEei3Gv3T4rBBnQ",
            "name": "savedInstanceState",
            "type": null,
            "modifiers": [],
            "position": {}
          },
          "position": {}
        }
      }
    },
    "parameters_to_parameters_data_clump-./BorrowedItemsFragment-_iSxrC9GSEei3Gv3T4rBBnQ-_iS0G6dGSEei3Gv3T4rBBnQ-inflatercontainersavedInstanceState": {
      "type": "data_clump",
      "key": "parameters_to_parameters_data_clump-./BorrowedItemsFragment-_iSxrC9GSEei3Gv3T4rBBnQ-_iS0G6dGSEei3Gv3T4rBBnQ-inflatercontainersavedInstanceState",
      "probability": 1,
      "from_file_path": "./BorrowedItemsFragment",
      "from_class_or_interface_name": "BorrowedItemsFragment",
      "from_class_or_interface_key": "_iSxrCNGSEei3Gv3T4rBBnQ",
      "from_method_name": "onCreateView",
      "from_method_key": "_iSxrC9GSEei3Gv3T4rBBnQ",
      "to_file_path": "./ItemsFragment",
      "to_class_or_interface_name": "ItemsFragment",
      "to_class_or_interface_key": "_iSzgO9GSEei3Gv3T4rBBnQ",
      "to_method_name": "onCreateView",
      "to_method_key": "_iS0G6dGSEei3Gv3T4rBBnQ",
      "data_clump_type": "parameters_to_parameters_data_clump",
      "data_clump_data": {
        "_iSxrD9GSEei3Gv3T4rBBnQ": {
          "key": "_iSxrD9GSEei3Gv3T4rBBnQ",
          "name": "inflater",
          "type": null,
          "probability": 1,
          "modifiers": [],
          "to_variable": {
            "key": "_iS0G7dGSEei3Gv3T4rBBnQ",
            "name": "inflater",
            "type": null,
            "modifiers": [],
            "position": {}
          },
          "position": {}
        },
        "_iSxrEtGSEei3Gv3T4rBBnQ": {
          "key": "_iSxrEtGSEei3Gv3T4rBBnQ",
          "name": "container",
          "type": null,
          "probability": 1,
          "modifiers": [],
          "to_variable": {
            "key": "_iS0G8NGSEei3Gv3T4rBBnQ",
            "name": "container",
            "type": null,
            "modifiers": [],
            "position": {}
          },
          "position": {}
        },
        "_iSyRstGSEei3Gv3T4rBBnQ": {
          "key": "_iSyRstGSEei3Gv3T4rBBnQ",
          "name": "savedInstanceState",
          "type": null,
          "probability": 1,
          "modifiers": [],
          "to_variable": {
            "key": "_iS0G89GSEei3Gv3T4rBBnQ",
            "name": "savedInstanceState",
            "type": null,
            "modifiers": [],
            "position": {}
          },
          "position": {}
        }
      }
    },
    "parameters_to_parameters_data_clump-./Dimensions-_iSyRxNGSEei3Gv3T4rBBnQ-_iSyR3tGSEei3Gv3T4rBBnQ-lengthwidthheight": {
      "type": "data_clump",
      "key": "parameters_to_parameters_data_clump-./Dimensions-_iSyRxNGSEei3Gv3T4rBBnQ-_iSyR3tGSEei3Gv3T4rBBnQ-lengthwidthheight",
      "probability": 1,
      "from_file_path": "./Dimensions",
      "from_class_or_interface_name": "Dimensions",
      "from_class_or_interface_key": "_iSyRudGSEei3Gv3T4rBBnQ",
      "from_method_name": "Dimensions",
      "from_method_key": "_iSyRxNGSEei3Gv3T4rBBnQ",
      "to_file_path": "./Dimensions",
      "to_class_or_interface_name": "Dimensions",
      "to_class_or_interface_key": "_iSyRudGSEei3Gv3T4rBBnQ",
      "to_method_name": "setDimensions",
      "to_method_key": "_iSyR3tGSEei3Gv3T4rBBnQ",
      "data_clump_type": "parameters_to_parameters_data_clump",
      "data_clump_data": {
        "_iSyRxdGSEei3Gv3T4rBBnQ": {
          "key": "_iSyRxdGSEei3Gv3T4rBBnQ",
          "name": "length",
          "type": null,
          "probability": 1,
          "modifiers": [],
          "to_variable": {
            "key": "_iSyR4NGSEei3Gv3T4rBBnQ",
            "name": "length",
            "type": null,
            "modifiers": [],
            "position": {}
          },
          "position": {}
        },
        "_iSyRyNGSEei3Gv3T4rBBnQ": {
          "key": "_iSyRyNGSEei3Gv3T4rBBnQ",
          "name": "width",
          "type": null,
          "probability": 1,
          "modifiers": [],
          "to_variable": {
            "key": "_iSyR49GSEei3Gv3T4rBBnQ",
            "name": "width",
            "type": null,
            "modifiers": [],
            "position": {}
          },
          "position": {}
        },
        "_iSyRy9GSEei3Gv3T4rBBnQ": {
          "key": "_iSyRy9GSEei3Gv3T4rBBnQ",
          "name": "height",
          "type": null,
          "probability": 1,
          "modifiers": [],
          "to_variable": {
            "key": "_iSyR5tGSEei3Gv3T4rBBnQ",
            "name": "height",
            "type": null,
            "modifiers": [],
            "position": {}
          },
          "position": {}
        }
      }
    },
    "parameters_to_fields_data_clump-./Dimensions-_iSyRxNGSEei3Gv3T4rBBnQ-_iSxqoNGSEei3Gv3T4rBBnQ-lengthwidthheight": {
      "type": "data_clump",
      "key": "parameters_to_fields_data_clump-./Dimensions-_iSyRxNGSEei3Gv3T4rBBnQ-_iSxqoNGSEei3Gv3T4rBBnQ-lengthwidthheight",
      "probability": 1,
      "from_file_path": "./Dimensions",
      "from_class_or_interface_name": "Dimensions",
      "from_class_or_interface_key": "_iSyRudGSEei3Gv3T4rBBnQ",
      "from_method_name": "Dimensions",
      "from_method_key": "_iSyRxNGSEei3Gv3T4rBBnQ",
      "to_file_path": "./AddItemActivity",
      "to_class_or_interface_name": "AddItemActivity",
      "to_class_or_interface_key": "_iSxqoNGSEei3Gv3T4rBBnQ",
      "to_method_name": null,
      "to_method_key": null,
      "data_clump_type": "parameters_to_fields_data_clump",
      "data_clump_data": {
        "_iSyRxdGSEei3Gv3T4rBBnQ": {
          "key": "_iSyRxdGSEei3Gv3T4rBBnQ",
          "name": "length",
          "type": null,
          "probability": 1,
          "modifiers": [],
          "to_variable": {
            "key": "_iSxqrNGSEei3Gv3T4rBBnQ",
            "name": "length",
            "type": null,
            "modifiers": [
              "private"
            ],
            "position": {}
          },
          "position": {}
        },
        "_iSyRyNGSEei3Gv3T4rBBnQ": {
          "key": "_iSyRyNGSEei3Gv3T4rBBnQ",
          "name": "width",
          "type": null,
          "probability": 1,
          "modifiers": [],
          "to_variable": {
            "key": "_iSxqr9GSEei3Gv3T4rBBnQ",
            "name": "width",
            "type": null,
            "modifiers": [
              "private"
            ],
            "position": {}
          },
          "position": {}
        },
        "_iSyRy9GSEei3Gv3T4rBBnQ": {
          "key": "_iSyRy9GSEei3Gv3T4rBBnQ",
          "name": "height",
          "type": null,
          "probability": 1,
          "modifiers": [],
          "to_variable": {
            "key": "_iSxqstGSEei3Gv3T4rBBnQ",
            "name": "height",
            "type": null,
            "modifiers": [
              "private"
            ],
            "position": {}
          },
          "position": {}
        }
      }
    },
    "parameters_to_fields_data_clump-./Dimensions-_iSyRxNGSEei3Gv3T4rBBnQ-_iSyRudGSEei3Gv3T4rBBnQ-lengthwidthheight": {
      "type": "data_clump",
      "key": "parameters_to_fields_data_clump-./Dimensions-_iSyRxNGSEei3Gv3T4rBBnQ-_iSyRudGSEei3Gv3T4rBBnQ-lengthwidthheight",
      "probability": 1,
      "from_file_path": "./Dimensions",
      "from_class_or_interface_name": "Dimensions",
      "from_class_or_interface_key": "_iSyRudGSEei3Gv3T4rBBnQ",
      "from_method_name": "Dimensions",
      "from_method_key": "_iSyRxNGSEei3Gv3T4rBBnQ",
      "to_file_path": "./Dimensions",
      "to_class_or_interface_name": "Dimensions",
      "to_class_or_interface_key": "_iSyRudGSEei3Gv3T4rBBnQ",
      "to_method_name": null,
      "to_method_key": null,
      "data_clump_type": "parameters_to_fields_data_clump",
      "data_clump_data": {
        "_iSyRxdGSEei3Gv3T4rBBnQ": {
          "key": "_iSyRxdGSEei3Gv3T4rBBnQ",
          "name": "length",
          "type": null,
          "probability": 1,
          "modifiers": [],
          "to_variable": {
            "key": "_iSyRu9GSEei3Gv3T4rBBnQ",
            "name": "length",
            "type": null,
            "modifiers": [
              "private"
            ],
            "position": {}
          },
          "position": {}
        },
        "_iSyRyNGSEei3Gv3T4rBBnQ": {
          "key": "_iSyRyNGSEei3Gv3T4rBBnQ",
          "name": "width",
          "type": null,
          "probability": 1,
          "modifiers": [],
          "to_variable": {
            "key": "_iSyRvtGSEei3Gv3T4rBBnQ",
            "name": "width",
            "type": null,
            "modifiers": [
              "private"
            ],
            "position": {}
          },
          "position": {}
        },
        "_iSyRy9GSEei3Gv3T4rBBnQ": {
          "key": "_iSyRy9GSEei3Gv3T4rBBnQ",
          "name": "height",
          "type": null,
          "probability": 1,
          "modifiers": [],
          "to_variable": {
            "key": "_iSyRwdGSEei3Gv3T4rBBnQ",
            "name": "height",
            "type": null,
            "modifiers": [
              "private"
            ],
            "position": {}
          },
          "position": {}
        }
      }
    },
    "parameters_to_fields_data_clump-./Dimensions-_iSyRxNGSEei3Gv3T4rBBnQ-_iSyR6dGSEei3Gv3T4rBBnQ-lengthwidthheight": {
      "type": "data_clump",
      "key": "parameters_to_fields_data_clump-./Dimensions-_iSyRxNGSEei3Gv3T4rBBnQ-_iSyR6dGSEei3Gv3T4rBBnQ-lengthwidthheight",
      "probability": 1,
      "from_file_path": "./Dimensions",
      "from_class_or_interface_name": "Dimensions",
      "from_class_or_interface_key": "_iSyRudGSEei3Gv3T4rBBnQ",
      "from_method_name": "Dimensions",
      "from_method_key": "_iSyRxNGSEei3Gv3T4rBBnQ",
      "to_file_path": "./EditItemActivity",
      "to_class_or_interface_name": "EditItemActivity",
      "to_class_or_interface_key": "_iSyR6dGSEei3Gv3T4rBBnQ",
      "to_method_name": null,
      "to_method_key": null,
      "data_clump_type": "parameters_to_fields_data_clump",
      "data_clump_data": {
        "_iSyRxdGSEei3Gv3T4rBBnQ": {
          "key": "_iSyRxdGSEei3Gv3T4rBBnQ",
          "name": "length",
          "type": null,
          "probability": 1,
          "modifiers": [],
          "to_variable": {
            "key": "_iSySAdGSEei3Gv3T4rBBnQ",
            "name": "length",
            "type": null,
            "modifiers": [
              "private"
            ],
            "position": {}
          },
          "position": {}
        },
        "_iSyRyNGSEei3Gv3T4rBBnQ": {
          "key": "_iSyRyNGSEei3Gv3T4rBBnQ",
          "name": "width",
          "type": null,
          "probability": 1,
          "modifiers": [],
          "to_variable": {
            "key": "_iSySBNGSEei3Gv3T4rBBnQ",
            "name": "width",
            "type": null,
            "modifiers": [
              "private"
            ],
            "position": {}
          },
          "position": {}
        },
        "_iSyRy9GSEei3Gv3T4rBBnQ": {
          "key": "_iSyRy9GSEei3Gv3T4rBBnQ",
          "name": "height",
          "type": null,
          "probability": 1,
          "modifiers": [],
          "to_variable": {
            "key": "_iSySB9GSEei3Gv3T4rBBnQ",
            "name": "height",
            "type": null,
            "modifiers": [
              "private"
            ],
            "position": {}
          },
          "position": {}
        }
      }
    },
    "parameters_to_parameters_data_clump-./Dimensions-_iSyR3tGSEei3Gv3T4rBBnQ-_iSyRxNGSEei3Gv3T4rBBnQ-lengthwidthheight": {
      "type": "data_clump",
      "key": "parameters_to_parameters_data_clump-./Dimensions-_iSyR3tGSEei3Gv3T4rBBnQ-_iSyRxNGSEei3Gv3T4rBBnQ-lengthwidthheight",
      "probability": 1,
      "from_file_path": "./Dimensions",
      "from_class_or_interface_name": "Dimensions",
      "from_class_or_interface_key": "_iSyRudGSEei3Gv3T4rBBnQ",
      "from_method_name": "setDimensions",
      "from_method_key": "_iSyR3tGSEei3Gv3T4rBBnQ",
      "to_file_path": "./Dimensions",
      "to_class_or_interface_name": "Dimensions",
      "to_class_or_interface_key": "_iSyRudGSEei3Gv3T4rBBnQ",
      "to_method_name": "Dimensions",
      "to_method_key": "_iSyRxNGSEei3Gv3T4rBBnQ",
      "data_clump_type": "parameters_to_parameters_data_clump",
      "data_clump_data": {
        "_iSyR4NGSEei3Gv3T4rBBnQ": {
          "key": "_iSyR4NGSEei3Gv3T4rBBnQ",
          "name": "length",
          "type": null,
          "probability": 1,
          "modifiers": [],
          "to_variable": {
            "key": "_iSyRxdGSEei3Gv3T4rBBnQ",
            "name": "length",
            "type": null,
            "modifiers": [],
            "position": {}
          },
          "position": {}
        },
        "_iSyR49GSEei3Gv3T4rBBnQ": {
          "key": "_iSyR49GSEei3Gv3T4rBBnQ",
          "name": "width",
          "type": null,
          "probability": 1,
          "modifiers": [],
          "to_variable": {
            "key": "_iSyRyNGSEei3Gv3T4rBBnQ",
            "name": "width",
            "type": null,
            "modifiers": [],
            "position": {}
          },
          "position": {}
        },
        "_iSyR5tGSEei3Gv3T4rBBnQ": {
          "key": "_iSyR5tGSEei3Gv3T4rBBnQ",
          "name": "height",
          "type": null,
          "probability": 1,
          "modifiers": [],
          "to_variable": {
            "key": "_iSyRy9GSEei3Gv3T4rBBnQ",
            "name": "height",
            "type": null,
            "modifiers": [],
            "position": {}
          },
          "position": {}
        }
      }
    },
    "parameters_to_fields_data_clump-./Dimensions-_iSyR3tGSEei3Gv3T4rBBnQ-_iSxqoNGSEei3Gv3T4rBBnQ-lengthwidthheight": {
      "type": "data_clump",
      "key": "parameters_to_fields_data_clump-./Dimensions-_iSyR3tGSEei3Gv3T4rBBnQ-_iSxqoNGSEei3Gv3T4rBBnQ-lengthwidthheight",
      "probability": 1,
      "from_file_path": "./Dimensions",
      "from_class_or_interface_name": "Dimensions",
      "from_class_or_interface_key": "_iSyRudGSEei3Gv3T4rBBnQ",
      "from_method_name": "setDimensions",
      "from_method_key": "_iSyR3tGSEei3Gv3T4rBBnQ",
      "to_file_path": "./AddItemActivity",
      "to_class_or_interface_name": "AddItemActivity",
      "to_class_or_interface_key": "_iSxqoNGSEei3Gv3T4rBBnQ",
      "to_method_name": null,
      "to_method_key": null,
      "data_clump_type": "parameters_to_fields_data_clump",
      "data_clump_data": {
        "_iSyR4NGSEei3Gv3T4rBBnQ": {
          "key": "_iSyR4NGSEei3Gv3T4rBBnQ",
          "name": "length",
          "type": null,
          "probability": 1,
          "modifiers": [],
          "to_variable": {
            "key": "_iSxqrNGSEei3Gv3T4rBBnQ",
            "name": "length",
            "type": null,
            "modifiers": [
              "private"
            ],
            "position": {}
          },
          "position": {}
        },
        "_iSyR49GSEei3Gv3T4rBBnQ": {
          "key": "_iSyR49GSEei3Gv3T4rBBnQ",
          "name": "width",
          "type": null,
          "probability": 1,
          "modifiers": [],
          "to_variable": {
            "key": "_iSxqr9GSEei3Gv3T4rBBnQ",
            "name": "width",
            "type": null,
            "modifiers": [
              "private"
            ],
            "position": {}
          },
          "position": {}
        },
        "_iSyR5tGSEei3Gv3T4rBBnQ": {
          "key": "_iSyR5tGSEei3Gv3T4rBBnQ",
          "name": "height",
          "type": null,
          "probability": 1,
          "modifiers": [],
          "to_variable": {
            "key": "_iSxqstGSEei3Gv3T4rBBnQ",
            "name": "height",
            "type": null,
            "modifiers": [
              "private"
            ],
            "position": {}
          },
          "position": {}
        }
      }
    },
    "parameters_to_fields_data_clump-./Dimensions-_iSyR3tGSEei3Gv3T4rBBnQ-_iSyRudGSEei3Gv3T4rBBnQ-lengthwidthheight": {
      "type": "data_clump",
      "key": "parameters_to_fields_data_clump-./Dimensions-_iSyR3tGSEei3Gv3T4rBBnQ-_iSyRudGSEei3Gv3T4rBBnQ-lengthwidthheight",
      "probability": 1,
      "from_file_path": "./Dimensions",
      "from_class_or_interface_name": "Dimensions",
      "from_class_or_interface_key": "_iSyRudGSEei3Gv3T4rBBnQ",
      "from_method_name": "setDimensions",
      "from_method_key": "_iSyR3tGSEei3Gv3T4rBBnQ",
      "to_file_path": "./Dimensions",
      "to_class_or_interface_name": "Dimensions",
      "to_class_or_interface_key": "_iSyRudGSEei3Gv3T4rBBnQ",
      "to_method_name": null,
      "to_method_key": null,
      "data_clump_type": "parameters_to_fields_data_clump",
      "data_clump_data": {
        "_iSyR4NGSEei3Gv3T4rBBnQ": {
          "key": "_iSyR4NGSEei3Gv3T4rBBnQ",
          "name": "length",
          "type": null,
          "probability": 1,
          "modifiers": [],
          "to_variable": {
            "key": "_iSyRu9GSEei3Gv3T4rBBnQ",
            "name": "length",
            "type": null,
            "modifiers": [
              "private"
            ],
            "position": {}
          },
          "position": {}
        },
        "_iSyR49GSEei3Gv3T4rBBnQ": {
          "key": "_iSyR49GSEei3Gv3T4rBBnQ",
          "name": "width",
          "type": null,
          "probability": 1,
          "modifiers": [],
          "to_variable": {
            "key": "_iSyRvtGSEei3Gv3T4rBBnQ",
            "name": "width",
            "type": null,
            "modifiers": [
              "private"
            ],
            "position": {}
          },
          "position": {}
        },
        "_iSyR5tGSEei3Gv3T4rBBnQ": {
          "key": "_iSyR5tGSEei3Gv3T4rBBnQ",
          "name": "height",
          "type": null,
          "probability": 1,
          "modifiers": [],
          "to_variable": {
            "key": "_iSyRwdGSEei3Gv3T4rBBnQ",
            "name": "height",
            "type": null,
            "modifiers": [
              "private"
            ],
            "position": {}
          },
          "position": {}
        }
      }
    },
    "parameters_to_fields_data_clump-./Dimensions-_iSyR3tGSEei3Gv3T4rBBnQ-_iSyR6dGSEei3Gv3T4rBBnQ-lengthwidthheight": {
      "type": "data_clump",
      "key": "parameters_to_fields_data_clump-./Dimensions-_iSyR3tGSEei3Gv3T4rBBnQ-_iSyR6dGSEei3Gv3T4rBBnQ-lengthwidthheight",
      "probability": 1,
      "from_file_path": "./Dimensions",
      "from_class_or_interface_name": "Dimensions",
      "from_class_or_interface_key": "_iSyRudGSEei3Gv3T4rBBnQ",
      "from_method_name": "setDimensions",
      "from_method_key": "_iSyR3tGSEei3Gv3T4rBBnQ",
      "to_file_path": "./EditItemActivity",
      "to_class_or_interface_name": "EditItemActivity",
      "to_class_or_interface_key": "_iSyR6dGSEei3Gv3T4rBBnQ",
      "to_method_name": null,
      "to_method_key": null,
      "data_clump_type": "parameters_to_fields_data_clump",
      "data_clump_data": {
        "_iSyR4NGSEei3Gv3T4rBBnQ": {
          "key": "_iSyR4NGSEei3Gv3T4rBBnQ",
          "name": "length",
          "type": null,
          "probability": 1,
          "modifiers": [],
          "to_variable": {
            "key": "_iSySAdGSEei3Gv3T4rBBnQ",
            "name": "length",
            "type": null,
            "modifiers": [
              "private"
            ],
            "position": {}
          },
          "position": {}
        },
        "_iSyR49GSEei3Gv3T4rBBnQ": {
          "key": "_iSyR49GSEei3Gv3T4rBBnQ",
          "name": "width",
          "type": null,
          "probability": 1,
          "modifiers": [],
          "to_variable": {
            "key": "_iSySBNGSEei3Gv3T4rBBnQ",
            "name": "width",
            "type": null,
            "modifiers": [
              "private"
            ],
            "position": {}
          },
          "position": {}
        },
        "_iSyR5tGSEei3Gv3T4rBBnQ": {
          "key": "_iSyR5tGSEei3Gv3T4rBBnQ",
          "name": "height",
          "type": null,
          "probability": 1,
          "modifiers": [],
          "to_variable": {
            "key": "_iSySB9GSEei3Gv3T4rBBnQ",
            "name": "height",
            "type": null,
            "modifiers": [
              "private"
            ],
            "position": {}
          },
          "position": {}
        }
      }
    },
    "parameters_to_parameters_data_clump-./EditItemActivity-_iSySItGSEei3Gv3T4rBBnQ-_iSxq1dGSEei3Gv3T4rBBnQ-request_coderesult_codeintent": {
      "type": "data_clump",
      "key": "parameters_to_parameters_data_clump-./EditItemActivity-_iSySItGSEei3Gv3T4rBBnQ-_iSxq1dGSEei3Gv3T4rBBnQ-request_coderesult_codeintent",
      "probability": 1,
      "from_file_path": "./EditItemActivity",
      "from_class_or_interface_name": "EditItemActivity",
      "from_class_or_interface_key": "_iSyR6dGSEei3Gv3T4rBBnQ",
      "from_method_name": "onActivityResult",
      "from_method_key": "_iSySItGSEei3Gv3T4rBBnQ",
      "to_file_path": "./AddItemActivity",
      "to_class_or_interface_name": "AddItemActivity",
      "to_class_or_interface_key": "_iSxqoNGSEei3Gv3T4rBBnQ",
      "to_method_name": "onActivityResult",
      "to_method_key": "_iSxq1dGSEei3Gv3T4rBBnQ",
      "data_clump_type": "parameters_to_parameters_data_clump",
      "data_clump_data": {
        "_iSySJNGSEei3Gv3T4rBBnQ": {
          "key": "_iSySJNGSEei3Gv3T4rBBnQ",
          "name": "request_code",
          "type": null,
          "probability": 1,
          "modifiers": [],
          "to_variable": {
            "key": "_iSxq19GSEei3Gv3T4rBBnQ",
            "name": "request_code",
            "type": null,
            "modifiers": [],
            "position": {}
          },
          "position": {}
        },
        "_iSySJ9GSEei3Gv3T4rBBnQ": {
          "key": "_iSySJ9GSEei3Gv3T4rBBnQ",
          "name": "result_code",
          "type": null,
          "probability": 1,
          "modifiers": [],
          "to_variable": {
            "key": "_iSxq2tGSEei3Gv3T4rBBnQ",
            "name": "result_code",
            "type": null,
            "modifiers": [],
            "position": {}
          },
          "position": {}
        },
        "_iSySKtGSEei3Gv3T4rBBnQ": {
          "key": "_iSySKtGSEei3Gv3T4rBBnQ",
          "name": "intent",
          "type": null,
          "probability": 1,
          "modifiers": [],
          "to_variable": {
            "key": "_iSxq3dGSEei3Gv3T4rBBnQ",
            "name": "intent",
            "type": null,
            "modifiers": [],
            "position": {}
          },
          "position": {}
        }
      }
    },
    "parameters_to_fields_data_clump-./Item-_iSy46tGSEei3Gv3T4rBBnQ-_iSxqoNGSEei3Gv3T4rBBnQ-titlemakerdescriptionimage": {
      "type": "data_clump",
      "key": "parameters_to_fields_data_clump-./Item-_iSy46tGSEei3Gv3T4rBBnQ-_iSxqoNGSEei3Gv3T4rBBnQ-titlemakerdescriptionimage",
      "probability": 1,
      "from_file_path": "./Item",
      "from_class_or_interface_name": "Item",
      "from_class_or_interface_key": "_iSy40NGSEei3Gv3T4rBBnQ",
      "from_method_name": "Item",
      "from_method_key": "_iSy46tGSEei3Gv3T4rBBnQ",
      "to_file_path": "./AddItemActivity",
      "to_class_or_interface_name": "AddItemActivity",
      "to_class_or_interface_key": "_iSxqoNGSEei3Gv3T4rBBnQ",
      "to_method_name": null,
      "to_method_key": null,
      "data_clump_type": "parameters_to_fields_data_clump",
      "data_clump_data": {
        "_iSy469GSEei3Gv3T4rBBnQ": {
          "key": "_iSy469GSEei3Gv3T4rBBnQ",
          "name": "title",
          "type": null,
          "probability": 1,
          "modifiers": [],
          "to_variable": {
            "key": "_iSxqo9GSEei3Gv3T4rBBnQ",
            "name": "title",
            "type": null,
            "modifiers": [
              "private"
            ],
            "position": {}
          },
          "position": {}
        },
        "_iSy47tGSEei3Gv3T4rBBnQ": {
          "key": "_iSy47tGSEei3Gv3T4rBBnQ",
          "name": "maker",
          "type": null,
          "probability": 1,
          "modifiers": [],
          "to_variable": {
            "key": "_iSxqptGSEei3Gv3T4rBBnQ",
            "name": "maker",
            "type": null,
            "modifiers": [
              "private"
            ],
            "position": {}
          },
          "position": {}
        },
        "_iSy48dGSEei3Gv3T4rBBnQ": {
          "key": "_iSy48dGSEei3Gv3T4rBBnQ",
          "name": "description",
          "type": null,
          "probability": 1,
          "modifiers": [],
          "to_variable": {
            "key": "_iSxqqdGSEei3Gv3T4rBBnQ",
            "name": "description",
            "type": null,
            "modifiers": [
              "private"
            ],
            "position": {}
          },
          "position": {}
        },
        "_iSy499GSEei3Gv3T4rBBnQ": {
          "key": "_iSy499GSEei3Gv3T4rBBnQ",
          "name": "image",
          "type": null,
          "probability": 1,
          "modifiers": [],
          "to_variable": {
            "key": "_iSxquNGSEei3Gv3T4rBBnQ",
            "name": "image",
            "type": null,
            "modifiers": [
              "private"
            ],
            "position": {}
          },
          "position": {}
        }
      }
    },
    "parameters_to_fields_data_clump-./Item-_iSy46tGSEei3Gv3T4rBBnQ-_iSyR6dGSEei3Gv3T4rBBnQ-titlemakerdescriptionimage": {
      "type": "data_clump",
      "key": "parameters_to_fields_data_clump-./Item-_iSy46tGSEei3Gv3T4rBBnQ-_iSyR6dGSEei3Gv3T4rBBnQ-titlemakerdescriptionimage",
      "probability": 1,
      "from_file_path": "./Item",
      "from_class_or_interface_name": "Item",
      "from_class_or_interface_key": "_iSy40NGSEei3Gv3T4rBBnQ",
      "from_method_name": "Item",
      "from_method_key": "_iSy46tGSEei3Gv3T4rBBnQ",
      "to_file_path": "./EditItemActivity",
      "to_class_or_interface_name": "EditItemActivity",
      "to_class_or_interface_key": "_iSyR6dGSEei3Gv3T4rBBnQ",
      "to_method_name": null,
      "to_method_key": null,
      "data_clump_type": "parameters_to_fields_data_clump",
      "data_clump_data": {
        "_iSy469GSEei3Gv3T4rBBnQ": {
          "key": "_iSy469GSEei3Gv3T4rBBnQ",
          "name": "title",
          "type": null,
          "probability": 1,
          "modifiers": [],
          "to_variable": {
            "key": "_iSyR-NGSEei3Gv3T4rBBnQ",
            "name": "title",
            "type": null,
            "modifiers": [
              "private"
            ],
            "position": {}
          },
          "position": {}
        },
        "_iSy47tGSEei3Gv3T4rBBnQ": {
          "key": "_iSy47tGSEei3Gv3T4rBBnQ",
          "name": "maker",
          "type": null,
          "probability": 1,
          "modifiers": [],
          "to_variable": {
            "key": "_iSyR-9GSEei3Gv3T4rBBnQ",
            "name": "maker",
            "type": null,
            "modifiers": [
              "private"
            ],
            "position": {}
          },
          "position": {}
        },
        "_iSy48dGSEei3Gv3T4rBBnQ": {
          "key": "_iSy48dGSEei3Gv3T4rBBnQ",
          "name": "description",
          "type": null,
          "probability": 1,
          "modifiers": [],
          "to_variable": {
            "key": "_iSyR_tGSEei3Gv3T4rBBnQ",
            "name": "description",
            "type": null,
            "modifiers": [
              "private"
            ],
            "position": {}
          },
          "position": {}
        },
        "_iSy499GSEei3Gv3T4rBBnQ": {
          "key": "_iSy499GSEei3Gv3T4rBBnQ",
          "name": "image",
          "type": null,
          "probability": 1,
          "modifiers": [],
          "to_variable": {
            "key": "_iSyR79GSEei3Gv3T4rBBnQ",
            "name": "image",
            "type": null,
            "modifiers": [
              "private"
            ],
            "position": {}
          },
          "position": {}
        }
      }
    },
    "parameters_to_fields_data_clump-./Item-_iSy46tGSEei3Gv3T4rBBnQ-_iSy40NGSEei3Gv3T4rBBnQ-titlemakerdescriptionimageid": {
      "type": "data_clump",
      "key": "parameters_to_fields_data_clump-./Item-_iSy46tGSEei3Gv3T4rBBnQ-_iSy40NGSEei3Gv3T4rBBnQ-titlemakerdescriptionimageid",
      "probability": 1,
      "from_file_path": "./Item",
      "from_class_or_interface_name": "Item",
      "from_class_or_interface_key": "_iSy40NGSEei3Gv3T4rBBnQ",
      "from_method_name": "Item",
      "from_method_key": "_iSy46tGSEei3Gv3T4rBBnQ",
      "to_file_path": "./Item",
      "to_class_or_interface_name": "Item",
      "to_class_or_interface_key": "_iSy40NGSEei3Gv3T4rBBnQ",
      "to_method_name": null,
      "to_method_key": null,
      "data_clump_type": "parameters_to_fields_data_clump",
      "data_clump_data": {
        "_iSy469GSEei3Gv3T4rBBnQ": {
          "key": "_iSy469GSEei3Gv3T4rBBnQ",
          "name": "title",
          "type": null,
          "probability": 1,
          "modifiers": [],
          "to_variable": {
            "key": "_iSy40tGSEei3Gv3T4rBBnQ",
            "name": "title",
            "type": null,
            "modifiers": [
              "private"
            ],
            "position": {}
          },
          "position": {}
        },
        "_iSy47tGSEei3Gv3T4rBBnQ": {
          "key": "_iSy47tGSEei3Gv3T4rBBnQ",
          "name": "maker",
          "type": null,
          "probability": 1,
          "modifiers": [],
          "to_variable": {
            "key": "_iSy41dGSEei3Gv3T4rBBnQ",
            "name": "maker",
            "type": null,
            "modifiers": [
              "private"
            ],
            "position": {}
          },
          "position": {}
        },
        "_iSy48dGSEei3Gv3T4rBBnQ": {
          "key": "_iSy48dGSEei3Gv3T4rBBnQ",
          "name": "description",
          "type": null,
          "probability": 1,
          "modifiers": [],
          "to_variable": {
            "key": "_iSy42NGSEei3Gv3T4rBBnQ",
            "name": "description",
            "type": null,
            "modifiers": [
              "private"
            ],
            "position": {}
          },
          "position": {}
        },
        "_iSy499GSEei3Gv3T4rBBnQ": {
          "key": "_iSy499GSEei3Gv3T4rBBnQ",
          "name": "image",
          "type": null,
          "probability": 1,
          "modifiers": [],
          "to_variable": {
            "key": "_iSy44dGSEei3Gv3T4rBBnQ",
            "name": "image",
            "type": null,
            "modifiers": [
              "protected"
            ],
            "position": {}
          },
          "position": {}
        },
        "_iSy4-tGSEei3Gv3T4rBBnQ": {
          "key": "_iSy4-tGSEei3Gv3T4rBBnQ",
          "name": "id",
          "type": null,
          "probability": 1,
          "modifiers": [],
          "to_variable": {
            "key": "_iSy459GSEei3Gv3T4rBBnQ",
            "name": "id",
            "type": null,
            "modifiers": [
              "private"
            ],
            "position": {}
          },
          "position": {}
        }
      }
    },
    "parameters_to_parameters_data_clump-./ItemsFragment-_iS0G6dGSEei3Gv3T4rBBnQ-_iSxq49GSEei3Gv3T4rBBnQ-inflatercontainersavedInstanceState": {
      "type": "data_clump",
      "key": "parameters_to_parameters_data_clump-./ItemsFragment-_iS0G6dGSEei3Gv3T4rBBnQ-_iSxq49GSEei3Gv3T4rBBnQ-inflatercontainersavedInstanceState",
      "probability": 1,
      "from_file_path": "./ItemsFragment",
      "from_class_or_interface_name": "ItemsFragment",
      "from_class_or_interface_key": "_iSzgO9GSEei3Gv3T4rBBnQ",
      "from_method_name": "onCreateView",
      "from_method_key": "_iS0G6dGSEei3Gv3T4rBBnQ",
      "to_file_path": "./AllItemsFragment",
      "to_class_or_interface_name": "AllItemsFragment",
      "to_class_or_interface_key": "_iSxq4NGSEei3Gv3T4rBBnQ",
      "to_method_name": "onCreateView",
      "to_method_key": "_iSxq49GSEei3Gv3T4rBBnQ",
      "data_clump_type": "parameters_to_parameters_data_clump",
      "data_clump_data": {
        "_iS0G7dGSEei3Gv3T4rBBnQ": {
          "key": "_iS0G7dGSEei3Gv3T4rBBnQ",
          "name": "inflater",
          "type": null,
          "probability": 1,
          "modifiers": [],
          "to_variable": {
            "key": "_iSxq59GSEei3Gv3T4rBBnQ",
            "name": "inflater",
            "type": null,
            "modifiers": [],
            "position": {}
          },
          "position": {}
        },
        "_iS0G8NGSEei3Gv3T4rBBnQ": {
          "key": "_iS0G8NGSEei3Gv3T4rBBnQ",
          "name": "container",
          "type": null,
          "probability": 1,
          "modifiers": [],
          "to_variable": {
            "key": "_iSxq6tGSEei3Gv3T4rBBnQ",
            "name": "container",
            "type": null,
            "modifiers": [],
            "position": {}
          },
          "position": {}
        },
        "_iS0G89GSEei3Gv3T4rBBnQ": {
          "key": "_iS0G89GSEei3Gv3T4rBBnQ",
          "name": "savedInstanceState",
          "type": null,
          "probability": 1,
          "modifiers": [],
          "to_variable": {
            "key": "_iSxq7dGSEei3Gv3T4rBBnQ",
            "name": "savedInstanceState",
            "type": null,
            "modifiers": [],
            "position": {}
          },
          "position": {}
        }
      }
    },
    "parameters_to_parameters_data_clump-./ItemsFragment-_iS0G6dGSEei3Gv3T4rBBnQ-_iSxq99GSEei3Gv3T4rBBnQ-inflatercontainersavedInstanceState": {
      "type": "data_clump",
      "key": "parameters_to_parameters_data_clump-./ItemsFragment-_iS0G6dGSEei3Gv3T4rBBnQ-_iSxq99GSEei3Gv3T4rBBnQ-inflatercontainersavedInstanceState",
      "probability": 1,
      "from_file_path": "./ItemsFragment",
      "from_class_or_interface_name": "ItemsFragment",
      "from_class_or_interface_key": "_iSzgO9GSEei3Gv3T4rBBnQ",
      "from_method_name": "onCreateView",
      "from_method_key": "_iS0G6dGSEei3Gv3T4rBBnQ",
      "to_file_path": "./AvailableItemsFragment",
      "to_class_or_interface_name": "AvailableItemsFragment",
      "to_class_or_interface_key": "_iSxq9NGSEei3Gv3T4rBBnQ",
      "to_method_name": "onCreateView",
      "to_method_key": "_iSxq99GSEei3Gv3T4rBBnQ",
      "data_clump_type": "parameters_to_parameters_data_clump",
      "data_clump_data": {
        "_iS0G7dGSEei3Gv3T4rBBnQ": {
          "key": "_iS0G7dGSEei3Gv3T4rBBnQ",
          "name": "inflater",
          "type": null,
          "probability": 1,
          "modifiers": [],
          "to_variable": {
            "key": "_iSxq-9GSEei3Gv3T4rBBnQ",
            "name": "inflater",
            "type": null,
            "modifiers": [],
            "position": {}
          },
          "position": {}
        },
        "_iS0G8NGSEei3Gv3T4rBBnQ": {
          "key": "_iS0G8NGSEei3Gv3T4rBBnQ",
          "name": "container",
          "type": null,
          "probability": 1,
          "modifiers": [],
          "to_variable": {
            "key": "_iSxq_tGSEei3Gv3T4rBBnQ",
            "name": "container",
            "type": null,
            "modifiers": [],
            "position": {}
          },
          "position": {}
        },
        "_iS0G89GSEei3Gv3T4rBBnQ": {
          "key": "_iS0G89GSEei3Gv3T4rBBnQ",
          "name": "savedInstanceState",
          "type": null,
          "probability": 1,
          "modifiers": [],
          "to_variable": {
            "key": "_iSxrAdGSEei3Gv3T4rBBnQ",
            "name": "savedInstanceState",
            "type": null,
            "modifiers": [],
            "position": {}
          },
          "position": {}
        }
      }
    },
    "parameters_to_parameters_data_clump-./ItemsFragment-_iS0G6dGSEei3Gv3T4rBBnQ-_iSxrC9GSEei3Gv3T4rBBnQ-inflatercontainersavedInstanceState": {
      "type": "data_clump",
      "key": "parameters_to_parameters_data_clump-./ItemsFragment-_iS0G6dGSEei3Gv3T4rBBnQ-_iSxrC9GSEei3Gv3T4rBBnQ-inflatercontainersavedInstanceState",
      "probability": 1,
      "from_file_path": "./ItemsFragment",
      "from_class_or_interface_name": "ItemsFragment",
      "from_class_or_interface_key": "_iSzgO9GSEei3Gv3T4rBBnQ",
      "from_method_name": "onCreateView",
      "from_method_key": "_iS0G6dGSEei3Gv3T4rBBnQ",
      "to_file_path": "./BorrowedItemsFragment",
      "to_class_or_interface_name": "BorrowedItemsFragment",
      "to_class_or_interface_key": "_iSxrCNGSEei3Gv3T4rBBnQ",
      "to_method_name": "onCreateView",
      "to_method_key": "_iSxrC9GSEei3Gv3T4rBBnQ",
      "data_clump_type": "parameters_to_parameters_data_clump",
      "data_clump_data": {
        "_iS0G7dGSEei3Gv3T4rBBnQ": {
          "key": "_iS0G7dGSEei3Gv3T4rBBnQ",
          "name": "inflater",
          "type": null,
          "probability": 1,
          "modifiers": [],
          "to_variable": {
            "key": "_iSxrD9GSEei3Gv3T4rBBnQ",
            "name": "inflater",
            "type": null,
            "modifiers": [],
            "position": {}
          },
          "position": {}
        },
        "_iS0G8NGSEei3Gv3T4rBBnQ": {
          "key": "_iS0G8NGSEei3Gv3T4rBBnQ",
          "name": "container",
          "type": null,
          "probability": 1,
          "modifiers": [],
          "to_variable": {
            "key": "_iSxrEtGSEei3Gv3T4rBBnQ",
            "name": "container",
            "type": null,
            "modifiers": [],
            "position": {}
          },
          "position": {}
        },
        "_iS0G89GSEei3Gv3T4rBBnQ": {
          "key": "_iS0G89GSEei3Gv3T4rBBnQ",
          "name": "savedInstanceState",
          "type": null,
          "probability": 1,
          "modifiers": [],
          "to_variable": {
            "key": "_iSyRstGSEei3Gv3T4rBBnQ",
            "name": "savedInstanceState",
            "type": null,
            "modifiers": [],
            "position": {}
          },
          "position": {}
        }
      }
    },
    "fields_to_fields_data_clump-./AddItemActivity-_iSxqoNGSEei3Gv3T4rBBnQ-_iSyRudGSEei3Gv3T4rBBnQ-lengthwidthheight": {
      "type": "data_clump",
      "key": "fields_to_fields_data_clump-./AddItemActivity-_iSxqoNGSEei3Gv3T4rBBnQ-_iSyRudGSEei3Gv3T4rBBnQ-lengthwidthheight",
      "probability": 1,
      "from_file_path": "./AddItemActivity",
      "from_class_or_interface_name": "AddItemActivity",
      "from_class_or_interface_key": "_iSxqoNGSEei3Gv3T4rBBnQ",
      "from_method_name": null,
      "from_method_key": null,
      "to_file_path": "./Dimensions",
      "to_class_or_interface_key": "_iSyRudGSEei3Gv3T4rBBnQ",
      "to_class_or_interface_name": "AddItemActivity",
      "to_method_key": null,
      "to_method_name": null,
      "data_clump_type": "fields_to_fields_data_clump",
      "data_clump_data": {
        "_iSxqrNGSEei3Gv3T4rBBnQ": {
          "key": "_iSxqrNGSEei3Gv3T4rBBnQ",
          "name": "length",
          "type": null,
          "probability": 1,
          "modifiers": [
            "private"
          ],
          "to_variable": {
            "key": "_iSyRu9GSEei3Gv3T4rBBnQ",
            "name": "length",
            "type": null,
            "modifiers": [
              "private"
            ],
            "position": {}
          },
          "position": {}
        },
        "_iSxqr9GSEei3Gv3T4rBBnQ": {
          "key": "_iSxqr9GSEei3Gv3T4rBBnQ",
          "name": "width",
          "type": null,
          "probability": 1,
          "modifiers": [
            "private"
          ],
          "to_variable": {
            "key": "_iSyRvtGSEei3Gv3T4rBBnQ",
            "name": "width",
            "type": null,
            "modifiers": [
              "private"
            ],
            "position": {}
          },
          "position": {}
        },
        "_iSxqstGSEei3Gv3T4rBBnQ": {
          "key": "_iSxqstGSEei3Gv3T4rBBnQ",
          "name": "height",
          "type": null,
          "probability": 1,
          "modifiers": [
            "private"
          ],
          "to_variable": {
            "key": "_iSyRwdGSEei3Gv3T4rBBnQ",
            "name": "height",
            "type": null,
            "modifiers": [
              "private"
            ],
            "position": {}
          },
          "position": {}
        }
      }
    },
    "fields_to_fields_data_clump-./AddItemActivity-_iSxqoNGSEei3Gv3T4rBBnQ-_iSyR6dGSEei3Gv3T4rBBnQ-titlemakerdescriptionlengthwidthheightphotoimageREQUEST_CODEcontext": {
      "type": "data_clump",
      "key": "fields_to_fields_data_clump-./AddItemActivity-_iSxqoNGSEei3Gv3T4rBBnQ-_iSyR6dGSEei3Gv3T4rBBnQ-titlemakerdescriptionlengthwidthheightphotoimageREQUEST_CODEcontext",
      "probability": 1,
      "from_file_path": "./AddItemActivity",
      "from_class_or_interface_name": "AddItemActivity",
      "from_class_or_interface_key": "_iSxqoNGSEei3Gv3T4rBBnQ",
      "from_method_name": null,
      "from_method_key": null,
      "to_file_path": "./EditItemActivity",
      "to_class_or_interface_key": "_iSyR6dGSEei3Gv3T4rBBnQ",
      "to_class_or_interface_name": "AddItemActivity",
      "to_method_key": null,
      "to_method_name": null,
      "data_clump_type": "fields_to_fields_data_clump",
      "data_clump_data": {
        "_iSxqo9GSEei3Gv3T4rBBnQ": {
          "key": "_iSxqo9GSEei3Gv3T4rBBnQ",
          "name": "title",
          "type": null,
          "probability": 1,
          "modifiers": [
            "private"
          ],
          "to_variable": {
            "key": "_iSyR-NGSEei3Gv3T4rBBnQ",
            "name": "title",
            "type": null,
            "modifiers": [
              "private"
            ],
            "position": {}
          },
          "position": {}
        },
        "_iSxqptGSEei3Gv3T4rBBnQ": {
          "key": "_iSxqptGSEei3Gv3T4rBBnQ",
          "name": "maker",
          "type": null,
          "probability": 1,
          "modifiers": [
            "private"
          ],
          "to_variable": {
            "key": "_iSyR-9GSEei3Gv3T4rBBnQ",
            "name": "maker",
            "type": null,
            "modifiers": [
              "private"
            ],
            "position": {}
          },
          "position": {}
        },
        "_iSxqqdGSEei3Gv3T4rBBnQ": {
          "key": "_iSxqqdGSEei3Gv3T4rBBnQ",
          "name": "description",
          "type": null,
          "probability": 1,
          "modifiers": [
            "private"
          ],
          "to_variable": {
            "key": "_iSyR_tGSEei3Gv3T4rBBnQ",
            "name": "description",
            "type": null,
            "modifiers": [
              "private"
            ],
            "position": {}
          },
          "position": {}
        },
        "_iSxqrNGSEei3Gv3T4rBBnQ": {
          "key": "_iSxqrNGSEei3Gv3T4rBBnQ",
          "name": "length",
          "type": null,
          "probability": 1,
          "modifiers": [
            "private"
          ],
          "to_variable": {
            "key": "_iSySAdGSEei3Gv3T4rBBnQ",
            "name": "length",
            "type": null,
            "modifiers": [
              "private"
            ],
            "position": {}
          },
          "position": {}
        },
        "_iSxqr9GSEei3Gv3T4rBBnQ": {
          "key": "_iSxqr9GSEei3Gv3T4rBBnQ",
          "name": "width",
          "type": null,
          "probability": 1,
          "modifiers": [
            "private"
          ],
          "to_variable": {
            "key": "_iSySBNGSEei3Gv3T4rBBnQ",
            "name": "width",
            "type": null,
            "modifiers": [
              "private"
            ],
            "position": {}
          },
          "position": {}
        },
        "_iSxqstGSEei3Gv3T4rBBnQ": {
          "key": "_iSxqstGSEei3Gv3T4rBBnQ",
          "name": "height",
          "type": null,
          "probability": 1,
          "modifiers": [
            "private"
          ],
          "to_variable": {
            "key": "_iSySB9GSEei3Gv3T4rBBnQ",
            "name": "height",
            "type": null,
            "modifiers": [
              "private"
            ],
            "position": {}
          },
          "position": {}
        },
        "_iSxqtdGSEei3Gv3T4rBBnQ": {
          "key": "_iSxqtdGSEei3Gv3T4rBBnQ",
          "name": "photo",
          "type": null,
          "probability": 1,
          "modifiers": [
            "private"
          ],
          "to_variable": {
            "key": "_iSyR9dGSEei3Gv3T4rBBnQ",
            "name": "photo",
            "type": null,
            "modifiers": [
              "private"
            ],
            "position": {}
          },
          "position": {}
        },
        "_iSxquNGSEei3Gv3T4rBBnQ": {
          "key": "_iSxquNGSEei3Gv3T4rBBnQ",
          "name": "image",
          "type": null,
          "probability": 1,
          "modifiers": [
            "private"
          ],
          "to_variable": {
            "key": "_iSyR79GSEei3Gv3T4rBBnQ",
            "name": "image",
            "type": null,
            "modifiers": [
              "private"
            ],
            "position": {}
          },
          "position": {}
        },
        "_iSxqu9GSEei3Gv3T4rBBnQ": {
          "key": "_iSxqu9GSEei3Gv3T4rBBnQ",
          "name": "REQUEST_CODE",
          "type": null,
          "probability": 1,
          "modifiers": [
            "private"
          ],
          "to_variable": {
            "key": "_iSyR8tGSEei3Gv3T4rBBnQ",
            "name": "REQUEST_CODE",
            "type": null,
            "modifiers": [
              "private"
            ],
            "position": {}
          },
          "position": {}
        },
        "_iSxqvtGSEei3Gv3T4rBBnQ": {
          "key": "_iSxqvtGSEei3Gv3T4rBBnQ",
          "name": "context",
          "type": null,
          "probability": 1,
          "modifiers": [
            "private"
          ],
          "to_variable": {
            "key": "_iSyR7NGSEei3Gv3T4rBBnQ",
            "name": "context",
            "type": null,
            "modifiers": [
              "private"
            ],
            "position": {}
          },
          "position": {}
        }
      }
    },
    "fields_to_fields_data_clump-./AddItemActivity-_iSxqoNGSEei3Gv3T4rBBnQ-_iSy40NGSEei3Gv3T4rBBnQ-titlemakerdescription": {
      "type": "data_clump",
      "key": "fields_to_fields_data_clump-./AddItemActivity-_iSxqoNGSEei3Gv3T4rBBnQ-_iSy40NGSEei3Gv3T4rBBnQ-titlemakerdescription",
      "probability": 1,
      "from_file_path": "./AddItemActivity",
      "from_class_or_interface_name": "AddItemActivity",
      "from_class_or_interface_key": "_iSxqoNGSEei3Gv3T4rBBnQ",
      "from_method_name": null,
      "from_method_key": null,
      "to_file_path": "./Item",
      "to_class_or_interface_key": "_iSy40NGSEei3Gv3T4rBBnQ",
      "to_class_or_interface_name": "AddItemActivity",
      "to_method_key": null,
      "to_method_name": null,
      "data_clump_type": "fields_to_fields_data_clump",
      "data_clump_data": {
        "_iSxqo9GSEei3Gv3T4rBBnQ": {
          "key": "_iSxqo9GSEei3Gv3T4rBBnQ",
          "name": "title",
          "type": null,
          "probability": 1,
          "modifiers": [
            "private"
          ],
          "to_variable": {
            "key": "_iSy40tGSEei3Gv3T4rBBnQ",
            "name": "title",
            "type": null,
            "modifiers": [
              "private"
            ],
            "position": {}
          },
          "position": {}
        },
        "_iSxqptGSEei3Gv3T4rBBnQ": {
          "key": "_iSxqptGSEei3Gv3T4rBBnQ",
          "name": "maker",
          "type": null,
          "probability": 1,
          "modifiers": [
            "private"
          ],
          "to_variable": {
            "key": "_iSy41dGSEei3Gv3T4rBBnQ",
            "name": "maker",
            "type": null,
            "modifiers": [
              "private"
            ],
            "position": {}
          },
          "position": {}
        },
        "_iSxqqdGSEei3Gv3T4rBBnQ": {
          "key": "_iSxqqdGSEei3Gv3T4rBBnQ",
          "name": "description",
          "type": null,
          "probability": 1,
          "modifiers": [
            "private"
          ],
          "to_variable": {
            "key": "_iSy42NGSEei3Gv3T4rBBnQ",
            "name": "description",
            "type": null,
            "modifiers": [
              "private"
            ],
            "position": {}
          },
          "position": {}
        }
      }
    },
    "fields_to_fields_data_clump-./Dimensions-_iSyRudGSEei3Gv3T4rBBnQ-_iSxqoNGSEei3Gv3T4rBBnQ-lengthwidthheight": {
      "type": "data_clump",
      "key": "fields_to_fields_data_clump-./Dimensions-_iSyRudGSEei3Gv3T4rBBnQ-_iSxqoNGSEei3Gv3T4rBBnQ-lengthwidthheight",
      "probability": 1,
      "from_file_path": "./Dimensions",
      "from_class_or_interface_name": "Dimensions",
      "from_class_or_interface_key": "_iSyRudGSEei3Gv3T4rBBnQ",
      "from_method_name": null,
      "from_method_key": null,
      "to_file_path": "./AddItemActivity",
      "to_class_or_interface_key": "_iSxqoNGSEei3Gv3T4rBBnQ",
      "to_class_or_interface_name": "Dimensions",
      "to_method_key": null,
      "to_method_name": null,
      "data_clump_type": "fields_to_fields_data_clump",
      "data_clump_data": {
        "_iSyRu9GSEei3Gv3T4rBBnQ": {
          "key": "_iSyRu9GSEei3Gv3T4rBBnQ",
          "name": "length",
          "type": null,
          "probability": 1,
          "modifiers": [
            "private"
          ],
          "to_variable": {
            "key": "_iSxqrNGSEei3Gv3T4rBBnQ",
            "name": "length",
            "type": null,
            "modifiers": [
              "private"
            ],
            "position": {}
          },
          "position": {}
        },
        "_iSyRvtGSEei3Gv3T4rBBnQ": {
          "key": "_iSyRvtGSEei3Gv3T4rBBnQ",
          "name": "width",
          "type": null,
          "probability": 1,
          "modifiers": [
            "private"
          ],
          "to_variable": {
            "key": "_iSxqr9GSEei3Gv3T4rBBnQ",
            "name": "width",
            "type": null,
            "modifiers": [
              "private"
            ],
            "position": {}
          },
          "position": {}
        },
        "_iSyRwdGSEei3Gv3T4rBBnQ": {
          "key": "_iSyRwdGSEei3Gv3T4rBBnQ",
          "name": "height",
          "type": null,
          "probability": 1,
          "modifiers": [
            "private"
          ],
          "to_variable": {
            "key": "_iSxqstGSEei3Gv3T4rBBnQ",
            "name": "height",
            "type": null,
            "modifiers": [
              "private"
            ],
            "position": {}
          },
          "position": {}
        }
      }
    },
    "fields_to_fields_data_clump-./Dimensions-_iSyRudGSEei3Gv3T4rBBnQ-_iSyR6dGSEei3Gv3T4rBBnQ-lengthwidthheight": {
      "type": "data_clump",
      "key": "fields_to_fields_data_clump-./Dimensions-_iSyRudGSEei3Gv3T4rBBnQ-_iSyR6dGSEei3Gv3T4rBBnQ-lengthwidthheight",
      "probability": 1,
      "from_file_path": "./Dimensions",
      "from_class_or_interface_name": "Dimensions",
      "from_class_or_interface_key": "_iSyRudGSEei3Gv3T4rBBnQ",
      "from_method_name": null,
      "from_method_key": null,
      "to_file_path": "./EditItemActivity",
      "to_class_or_interface_key": "_iSyR6dGSEei3Gv3T4rBBnQ",
      "to_class_or_interface_name": "Dimensions",
      "to_method_key": null,
      "to_method_name": null,
      "data_clump_type": "fields_to_fields_data_clump",
      "data_clump_data": {
        "_iSyRu9GSEei3Gv3T4rBBnQ": {
          "key": "_iSyRu9GSEei3Gv3T4rBBnQ",
          "name": "length",
          "type": null,
          "probability": 1,
          "modifiers": [
            "private"
          ],
          "to_variable": {
            "key": "_iSySAdGSEei3Gv3T4rBBnQ",
            "name": "length",
            "type": null,
            "modifiers": [
              "private"
            ],
            "position": {}
          },
          "position": {}
        },
        "_iSyRvtGSEei3Gv3T4rBBnQ": {
          "key": "_iSyRvtGSEei3Gv3T4rBBnQ",
          "name": "width",
          "type": null,
          "probability": 1,
          "modifiers": [
            "private"
          ],
          "to_variable": {
            "key": "_iSySBNGSEei3Gv3T4rBBnQ",
            "name": "width",
            "type": null,
            "modifiers": [
              "private"
            ],
            "position": {}
          },
          "position": {}
        },
        "_iSyRwdGSEei3Gv3T4rBBnQ": {
          "key": "_iSyRwdGSEei3Gv3T4rBBnQ",
          "name": "height",
          "type": null,
          "probability": 1,
          "modifiers": [
            "private"
          ],
          "to_variable": {
            "key": "_iSySB9GSEei3Gv3T4rBBnQ",
            "name": "height",
            "type": null,
            "modifiers": [
              "private"
            ],
            "position": {}
          },
          "position": {}
        }
      }
    },
    "fields_to_fields_data_clump-./EditItemActivity-_iSyR6dGSEei3Gv3T4rBBnQ-_iSxqoNGSEei3Gv3T4rBBnQ-contextimageREQUEST_CODEphototitlemakerdescriptionlengthwidthheight": {
      "type": "data_clump",
      "key": "fields_to_fields_data_clump-./EditItemActivity-_iSyR6dGSEei3Gv3T4rBBnQ-_iSxqoNGSEei3Gv3T4rBBnQ-contextimageREQUEST_CODEphototitlemakerdescriptionlengthwidthheight",
      "probability": 1,
      "from_file_path": "./EditItemActivity",
      "from_class_or_interface_name": "EditItemActivity",
      "from_class_or_interface_key": "_iSyR6dGSEei3Gv3T4rBBnQ",
      "from_method_name": null,
      "from_method_key": null,
      "to_file_path": "./AddItemActivity",
      "to_class_or_interface_key": "_iSxqoNGSEei3Gv3T4rBBnQ",
      "to_class_or_interface_name": "EditItemActivity",
      "to_method_key": null,
      "to_method_name": null,
      "data_clump_type": "fields_to_fields_data_clump",
      "data_clump_data": {
        "_iSyR7NGSEei3Gv3T4rBBnQ": {
          "key": "_iSyR7NGSEei3Gv3T4rBBnQ",
          "name": "context",
          "type": null,
          "probability": 1,
          "modifiers": [
            "private"
          ],
          "to_variable": {
            "key": "_iSxqvtGSEei3Gv3T4rBBnQ",
            "name": "context",
            "type": null,
            "modifiers": [
              "private"
            ],
            "position": {}
          },
          "position": {}
        },
        "_iSyR79GSEei3Gv3T4rBBnQ": {
          "key": "_iSyR79GSEei3Gv3T4rBBnQ",
          "name": "image",
          "type": null,
          "probability": 1,
          "modifiers": [
            "private"
          ],
          "to_variable": {
            "key": "_iSxquNGSEei3Gv3T4rBBnQ",
            "name": "image",
            "type": null,
            "modifiers": [
              "private"
            ],
            "position": {}
          },
          "position": {}
        },
        "_iSyR8tGSEei3Gv3T4rBBnQ": {
          "key": "_iSyR8tGSEei3Gv3T4rBBnQ",
          "name": "REQUEST_CODE",
          "type": null,
          "probability": 1,
          "modifiers": [
            "private"
          ],
          "to_variable": {
            "key": "_iSxqu9GSEei3Gv3T4rBBnQ",
            "name": "REQUEST_CODE",
            "type": null,
            "modifiers": [
              "private"
            ],
            "position": {}
          },
          "position": {}
        },
        "_iSyR9dGSEei3Gv3T4rBBnQ": {
          "key": "_iSyR9dGSEei3Gv3T4rBBnQ",
          "name": "photo",
          "type": null,
          "probability": 1,
          "modifiers": [
            "private"
          ],
          "to_variable": {
            "key": "_iSxqtdGSEei3Gv3T4rBBnQ",
            "name": "photo",
            "type": null,
            "modifiers": [
              "private"
            ],
            "position": {}
          },
          "position": {}
        },
        "_iSyR-NGSEei3Gv3T4rBBnQ": {
          "key": "_iSyR-NGSEei3Gv3T4rBBnQ",
          "name": "title",
          "type": null,
          "probability": 1,
          "modifiers": [
            "private"
          ],
          "to_variable": {
            "key": "_iSxqo9GSEei3Gv3T4rBBnQ",
            "name": "title",
            "type": null,
            "modifiers": [
              "private"
            ],
            "position": {}
          },
          "position": {}
        },
        "_iSyR-9GSEei3Gv3T4rBBnQ": {
          "key": "_iSyR-9GSEei3Gv3T4rBBnQ",
          "name": "maker",
          "type": null,
          "probability": 1,
          "modifiers": [
            "private"
          ],
          "to_variable": {
            "key": "_iSxqptGSEei3Gv3T4rBBnQ",
            "name": "maker",
            "type": null,
            "modifiers": [
              "private"
            ],
            "position": {}
          },
          "position": {}
        },
        "_iSyR_tGSEei3Gv3T4rBBnQ": {
          "key": "_iSyR_tGSEei3Gv3T4rBBnQ",
          "name": "description",
          "type": null,
          "probability": 1,
          "modifiers": [
            "private"
          ],
          "to_variable": {
            "key": "_iSxqqdGSEei3Gv3T4rBBnQ",
            "name": "description",
            "type": null,
            "modifiers": [
              "private"
            ],
            "position": {}
          },
          "position": {}
        },
        "_iSySAdGSEei3Gv3T4rBBnQ": {
          "key": "_iSySAdGSEei3Gv3T4rBBnQ",
          "name": "length",
          "type": null,
          "probability": 1,
          "modifiers": [
            "private"
          ],
          "to_variable": {
            "key": "_iSxqrNGSEei3Gv3T4rBBnQ",
            "name": "length",
            "type": null,
            "modifiers": [
              "private"
            ],
            "position": {}
          },
          "position": {}
        },
        "_iSySBNGSEei3Gv3T4rBBnQ": {
          "key": "_iSySBNGSEei3Gv3T4rBBnQ",
          "name": "width",
          "type": null,
          "probability": 1,
          "modifiers": [
            "private"
          ],
          "to_variable": {
            "key": "_iSxqr9GSEei3Gv3T4rBBnQ",
            "name": "width",
            "type": null,
            "modifiers": [
              "private"
            ],
            "position": {}
          },
          "position": {}
        },
        "_iSySB9GSEei3Gv3T4rBBnQ": {
          "key": "_iSySB9GSEei3Gv3T4rBBnQ",
          "name": "height",
          "type": null,
          "probability": 1,
          "modifiers": [
            "private"
          ],
          "to_variable": {
            "key": "_iSxqstGSEei3Gv3T4rBBnQ",
            "name": "height",
            "type": null,
            "modifiers": [
              "private"
            ],
            "position": {}
          },
          "position": {}
        }
      }
    },
    "fields_to_fields_data_clump-./EditItemActivity-_iSyR6dGSEei3Gv3T4rBBnQ-_iSyRudGSEei3Gv3T4rBBnQ-lengthwidthheight": {
      "type": "data_clump",
      "key": "fields_to_fields_data_clump-./EditItemActivity-_iSyR6dGSEei3Gv3T4rBBnQ-_iSyRudGSEei3Gv3T4rBBnQ-lengthwidthheight",
      "probability": 1,
      "from_file_path": "./EditItemActivity",
      "from_class_or_interface_name": "EditItemActivity",
      "from_class_or_interface_key": "_iSyR6dGSEei3Gv3T4rBBnQ",
      "from_method_name": null,
      "from_method_key": null,
      "to_file_path": "./Dimensions",
      "to_class_or_interface_key": "_iSyRudGSEei3Gv3T4rBBnQ",
      "to_class_or_interface_name": "EditItemActivity",
      "to_method_key": null,
      "to_method_name": null,
      "data_clump_type": "fields_to_fields_data_clump",
      "data_clump_data": {
        "_iSySAdGSEei3Gv3T4rBBnQ": {
          "key": "_iSySAdGSEei3Gv3T4rBBnQ",
          "name": "length",
          "type": null,
          "probability": 1,
          "modifiers": [
            "private"
          ],
          "to_variable": {
            "key": "_iSyRu9GSEei3Gv3T4rBBnQ",
            "name": "length",
            "type": null,
            "modifiers": [
              "private"
            ],
            "position": {}
          },
          "position": {}
        },
        "_iSySBNGSEei3Gv3T4rBBnQ": {
          "key": "_iSySBNGSEei3Gv3T4rBBnQ",
          "name": "width",
          "type": null,
          "probability": 1,
          "modifiers": [
            "private"
          ],
          "to_variable": {
            "key": "_iSyRvtGSEei3Gv3T4rBBnQ",
            "name": "width",
            "type": null,
            "modifiers": [
              "private"
            ],
            "position": {}
          },
          "position": {}
        },
        "_iSySB9GSEei3Gv3T4rBBnQ": {
          "key": "_iSySB9GSEei3Gv3T4rBBnQ",
          "name": "height",
          "type": null,
          "probability": 1,
          "modifiers": [
            "private"
          ],
          "to_variable": {
            "key": "_iSyRwdGSEei3Gv3T4rBBnQ",
            "name": "height",
            "type": null,
            "modifiers": [
              "private"
            ],
            "position": {}
          },
          "position": {}
        }
      }
    },
    "fields_to_fields_data_clump-./EditItemActivity-_iSyR6dGSEei3Gv3T4rBBnQ-_iSy40NGSEei3Gv3T4rBBnQ-titlemakerdescriptionborrowerstatus": {
      "type": "data_clump",
      "key": "fields_to_fields_data_clump-./EditItemActivity-_iSyR6dGSEei3Gv3T4rBBnQ-_iSy40NGSEei3Gv3T4rBBnQ-titlemakerdescriptionborrowerstatus",
      "probability": 1,
      "from_file_path": "./EditItemActivity",
      "from_class_or_interface_name": "EditItemActivity",
      "from_class_or_interface_key": "_iSyR6dGSEei3Gv3T4rBBnQ",
      "from_method_name": null,
      "from_method_key": null,
      "to_file_path": "./Item",
      "to_class_or_interface_key": "_iSy40NGSEei3Gv3T4rBBnQ",
      "to_class_or_interface_name": "EditItemActivity",
      "to_method_key": null,
      "to_method_name": null,
      "data_clump_type": "fields_to_fields_data_clump",
      "data_clump_data": {
        "_iSyR-NGSEei3Gv3T4rBBnQ": {
          "key": "_iSyR-NGSEei3Gv3T4rBBnQ",
          "name": "title",
          "type": null,
          "probability": 1,
          "modifiers": [
            "private"
          ],
          "to_variable": {
            "key": "_iSy40tGSEei3Gv3T4rBBnQ",
            "name": "title",
            "type": null,
            "modifiers": [
              "private"
            ],
            "position": {}
          },
          "position": {}
        },
        "_iSyR-9GSEei3Gv3T4rBBnQ": {
          "key": "_iSyR-9GSEei3Gv3T4rBBnQ",
          "name": "maker",
          "type": null,
          "probability": 1,
          "modifiers": [
            "private"
          ],
          "to_variable": {
            "key": "_iSy41dGSEei3Gv3T4rBBnQ",
            "name": "maker",
            "type": null,
            "modifiers": [
              "private"
            ],
            "position": {}
          },
          "position": {}
        },
        "_iSyR_tGSEei3Gv3T4rBBnQ": {
          "key": "_iSyR_tGSEei3Gv3T4rBBnQ",
          "name": "description",
          "type": null,
          "probability": 1,
          "modifiers": [
            "private"
          ],
          "to_variable": {
            "key": "_iSy42NGSEei3Gv3T4rBBnQ",
            "name": "description",
            "type": null,
            "modifiers": [
              "private"
            ],
            "position": {}
          },
          "position": {}
        },
        "_iSySCtGSEei3Gv3T4rBBnQ": {
          "key": "_iSySCtGSEei3Gv3T4rBBnQ",
          "name": "borrower",
          "type": null,
          "probability": 1,
          "modifiers": [
            "private"
          ],
          "to_variable": {
            "key": "_iSy43tGSEei3Gv3T4rBBnQ",
            "name": "borrower",
            "type": null,
            "modifiers": [
              "private"
            ],
            "position": {}
          },
          "position": {}
        },
        "_iSySENGSEei3Gv3T4rBBnQ": {
          "key": "_iSySENGSEei3Gv3T4rBBnQ",
          "name": "status",
          "type": null,
          "probability": 1,
          "modifiers": [
            "private"
          ],
          "to_variable": {
            "key": "_iSy429GSEei3Gv3T4rBBnQ",
            "name": "status",
            "type": null,
            "modifiers": [
              "private"
            ],
            "position": {}
          },
          "position": {}
        }
      }
    },
    "fields_to_fields_data_clump-./Item-_iSy40NGSEei3Gv3T4rBBnQ-_iSxqoNGSEei3Gv3T4rBBnQ-titlemakerdescription": {
      "type": "data_clump",
      "key": "fields_to_fields_data_clump-./Item-_iSy40NGSEei3Gv3T4rBBnQ-_iSxqoNGSEei3Gv3T4rBBnQ-titlemakerdescription",
      "probability": 1,
      "from_file_path": "./Item",
      "from_class_or_interface_name": "Item",
      "from_class_or_interface_key": "_iSy40NGSEei3Gv3T4rBBnQ",
      "from_method_name": null,
      "from_method_key": null,
      "to_file_path": "./AddItemActivity",
      "to_class_or_interface_key": "_iSxqoNGSEei3Gv3T4rBBnQ",
      "to_class_or_interface_name": "Item",
      "to_method_key": null,
      "to_method_name": null,
      "data_clump_type": "fields_to_fields_data_clump",
      "data_clump_data": {
        "_iSy40tGSEei3Gv3T4rBBnQ": {
          "key": "_iSy40tGSEei3Gv3T4rBBnQ",
          "name": "title",
          "type": null,
          "probability": 1,
          "modifiers": [
            "private"
          ],
          "to_variable": {
            "key": "_iSxqo9GSEei3Gv3T4rBBnQ",
            "name": "title",
            "type": null,
            "modifiers": [
              "private"
            ],
            "position": {}
          },
          "position": {}
        },
        "_iSy41dGSEei3Gv3T4rBBnQ": {
          "key": "_iSy41dGSEei3Gv3T4rBBnQ",
          "name": "maker",
          "type": null,
          "probability": 1,
          "modifiers": [
            "private"
          ],
          "to_variable": {
            "key": "_iSxqptGSEei3Gv3T4rBBnQ",
            "name": "maker",
            "type": null,
            "modifiers": [
              "private"
            ],
            "position": {}
          },
          "position": {}
        },
        "_iSy42NGSEei3Gv3T4rBBnQ": {
          "key": "_iSy42NGSEei3Gv3T4rBBnQ",
          "name": "description",
          "type": null,
          "probability": 1,
          "modifiers": [
            "private"
          ],
          "to_variable": {
            "key": "_iSxqqdGSEei3Gv3T4rBBnQ",
            "name": "description",
            "type": null,
            "modifiers": [
              "private"
            ],
            "position": {}
          },
          "position": {}
        }
      }
    },
    "fields_to_fields_data_clump-./Item-_iSy40NGSEei3Gv3T4rBBnQ-_iSyR6dGSEei3Gv3T4rBBnQ-titlemakerdescriptionstatusborrower": {
      "type": "data_clump",
      "key": "fields_to_fields_data_clump-./Item-_iSy40NGSEei3Gv3T4rBBnQ-_iSyR6dGSEei3Gv3T4rBBnQ-titlemakerdescriptionstatusborrower",
      "probability": 1,
      "from_file_path": "./Item",
      "from_class_or_interface_name": "Item",
      "from_class_or_interface_key": "_iSy40NGSEei3Gv3T4rBBnQ",
      "from_method_name": null,
      "from_method_key": null,
      "to_file_path": "./EditItemActivity",
      "to_class_or_interface_key": "_iSyR6dGSEei3Gv3T4rBBnQ",
      "to_class_or_interface_name": "Item",
      "to_method_key": null,
      "to_method_name": null,
      "data_clump_type": "fields_to_fields_data_clump",
      "data_clump_data": {
        "_iSy40tGSEei3Gv3T4rBBnQ": {
          "key": "_iSy40tGSEei3Gv3T4rBBnQ",
          "name": "title",
          "type": null,
          "probability": 1,
          "modifiers": [
            "private"
          ],
          "to_variable": {
            "key": "_iSyR-NGSEei3Gv3T4rBBnQ",
            "name": "title",
            "type": null,
            "modifiers": [
              "private"
            ],
            "position": {}
          },
          "position": {}
        },
        "_iSy41dGSEei3Gv3T4rBBnQ": {
          "key": "_iSy41dGSEei3Gv3T4rBBnQ",
          "name": "maker",
          "type": null,
          "probability": 1,
          "modifiers": [
            "private"
          ],
          "to_variable": {
            "key": "_iSyR-9GSEei3Gv3T4rBBnQ",
            "name": "maker",
            "type": null,
            "modifiers": [
              "private"
            ],
            "position": {}
          },
          "position": {}
        },
        "_iSy42NGSEei3Gv3T4rBBnQ": {
          "key": "_iSy42NGSEei3Gv3T4rBBnQ",
          "name": "description",
          "type": null,
          "probability": 1,
          "modifiers": [
            "private"
          ],
          "to_variable": {
            "key": "_iSyR_tGSEei3Gv3T4rBBnQ",
            "name": "description",
            "type": null,
            "modifiers": [
              "private"
            ],
            "position": {}
          },
          "position": {}
        },
        "_iSy429GSEei3Gv3T4rBBnQ": {
          "key": "_iSy429GSEei3Gv3T4rBBnQ",
          "name": "status",
          "type": null,
          "probability": 1,
          "modifiers": [
            "private"
          ],
          "to_variable": {
            "key": "_iSySENGSEei3Gv3T4rBBnQ",
            "name": "status",
            "type": null,
            "modifiers": [
              "private"
            ],
            "position": {}
          },
          "position": {}
        },
        "_iSy43tGSEei3Gv3T4rBBnQ": {
          "key": "_iSy43tGSEei3Gv3T4rBBnQ",
          "name": "borrower",
          "type": null,
          "probability": 1,
          "modifiers": [
            "private"
          ],
          "to_variable": {
            "key": "_iSySCtGSEei3Gv3T4rBBnQ",
            "name": "borrower",
            "type": null,
            "modifiers": [
              "private"
            ],
            "position": {}
          },
          "position": {}
        }
      }
    }
  }
}