{
  "report_version": "unknown",
  "report_timestamp": "2025-03-26T22:46:31.856Z",
  "target_language": "java",
  "report_summary": {
    "additional": null,
    "amount_classes_or_interfaces_with_data_clumps": 2,
    "amount_files_with_data_clumps": 2,
    "amount_methods_with_data_clumps": 0,
    "fields_to_fields_data_clump": 2,
    "parameters_to_fields_data_clump": 0,
    "parameters_to_parameters_data_clump": 0,
    "amount_data_clumps": 2
  },
  "project_info": {
    "project_url": "unknown_project_url",
    "project_name": "_KyzhgGH6Eeio56zSTH7puw",
    "project_version": "unknown_project_version",
    "project_commit_hash": "unknown",
    "project_tag": null,
    "project_commit_date": null,
    "additional": {},
    "number_of_files": 7,
    "number_of_classes_or_interfaces": 7,
    "number_of_methods": 17,
    "number_of_data_fields": 27,
    "number_of_method_parameters": 0
  },
  "detector": {
    "name": "data-clumps-doctor",
    "url": "https://github.com/NilsBaumgartner1994/data-clumps-doctor",
    "version": "0.1.100",
    "options": {
      "typeVariablesConsidered": false,
      "similarityModifierOfVariablesWithUnknownType": 0,
      "fieldsOfClassesWithUnknownHierarchyProbabilityModifier": 0,
      "sharedFieldsToFieldsAmountMinimum": 3,
      "analyseFieldsInClassesOrInterfacesInheritedFromSuperClassesOrInterfaces": false,
      "sharedParametersToParametersAmountMinimum": 3,
      "sharedParametersToFieldsAmountMinimum": 3,
      "methodsOfClassesOrInterfacesWithUnknownHierarchyProbabilityModifier": 0
    }
  },
  "data_clumps": {
    "fields_to_fields_data_clump-./AsignaciónDocente-_v5KgEUQtEDa84p1FcMOwPg-_vTKM0UQpEDa84p1FcMOwPg-idUsuarioidGrupoidCurso": {
      "type": "data_clump",
      "key": "fields_to_fields_data_clump-./AsignaciónDocente-_v5KgEUQtEDa84p1FcMOwPg-_vTKM0UQpEDa84p1FcMOwPg-idUsuarioidGrupoidCurso",
      "probability": 1,
      "from_file_path": "./AsignaciónDocente",
      "from_class_or_interface_name": "AsignaciónDocente",
      "from_class_or_interface_key": "_v5KgEUQtEDa84p1FcMOwPg",
      "from_method_name": null,
      "from_method_key": null,
      "to_file_path": "./Matrícula",
      "to_class_or_interface_key": "_vTKM0UQpEDa84p1FcMOwPg",
      "to_class_or_interface_name": "AsignaciónDocente",
      "to_method_key": null,
      "to_method_name": null,
      "data_clump_type": "fields_to_fields_data_clump",
      "data_clump_data": {
        "_yHGXQUQtEDa84p1FcMOwPg": {
          "key": "_yHGXQUQtEDa84p1FcMOwPg",
          "name": "idUsuario",
          "type": null,
          "probability": 1,
          "modifiers": [
            "private"
          ],
          "to_variable": {
            "key": "_-DVckUQpEDa84p1FcMOwPg",
            "name": "idUsuario",
            "type": null,
            "modifiers": [
              "private"
            ],
            "position": {}
          },
          "position": {}
        },
        "_Cqc00EQuEDa84p1FcMOwPg": {
          "key": "_Cqc00EQuEDa84p1FcMOwPg",
          "name": "idGrupo",
          "type": null,
          "probability": 1,
          "modifiers": [
            "private"
          ],
          "to_variable": {
            "key": "_CQI0MUQqEDa84p1FcMOwPg",
            "name": "idGrupo",
            "type": null,
            "modifiers": [
              "private"
            ],
            "position": {}
          },
          "position": {}
        },
        "_EtQaEEQuEDa84p1FcMOwPg": {
          "key": "_EtQaEEQuEDa84p1FcMOwPg",
          "name": "idCurso",
          "type": null,
          "probability": 1,
          "modifiers": [
            "private"
          ],
          "to_variable": {
            "key": "__fWuoUQpEDa84p1FcMOwPg",
            "name": "idCurso",
            "type": null,
            "modifiers": [
              "private"
            ],
            "position": {}
          },
          "position": {}
        }
      }
    },
    "fields_to_fields_data_clump-./Matrícula-_vTKM0UQpEDa84p1FcMOwPg-_v5KgEUQtEDa84p1FcMOwPg-idUsuarioidGrupoidCurso": {
      "type": "data_clump",
      "key": "fields_to_fields_data_clump-./Matrícula-_vTKM0UQpEDa84p1FcMOwPg-_v5KgEUQtEDa84p1FcMOwPg-idUsuarioidGrupoidCurso",
      "probability": 1,
      "from_file_path": "./Matrícula",
      "from_class_or_interface_name": "Matrícula",
      "from_class_or_interface_key": "_vTKM0UQpEDa84p1FcMOwPg",
      "from_method_name": null,
      "from_method_key": null,
      "to_file_path": "./AsignaciónDocente",
      "to_class_or_interface_key": "_v5KgEUQtEDa84p1FcMOwPg",
      "to_class_or_interface_name": "Matrícula",
      "to_method_key": null,
      "to_method_name": null,
      "data_clump_type": "fields_to_fields_data_clump",
      "data_clump_data": {
        "_-DVckUQpEDa84p1FcMOwPg": {
          "key": "_-DVckUQpEDa84p1FcMOwPg",
          "name": "idUsuario",
          "type": null,
          "probability": 1,
          "modifiers": [
            "private"
          ],
          "to_variable": {
            "key": "_yHGXQUQtEDa84p1FcMOwPg",
            "name": "idUsuario",
            "type": null,
            "modifiers": [
              "private"
            ],
            "position": {}
          },
          "position": {}
        },
        "_CQI0MUQqEDa84p1FcMOwPg": {
          "key": "_CQI0MUQqEDa84p1FcMOwPg",
          "name": "idGrupo",
          "type": null,
          "probability": 1,
          "modifiers": [
            "private"
          ],
          "to_variable": {
            "key": "_Cqc00EQuEDa84p1FcMOwPg",
            "name": "idGrupo",
            "type": null,
            "modifiers": [
              "private"
            ],
            "position": {}
          },
          "position": {}
        },
        "__fWuoUQpEDa84p1FcMOwPg": {
          "key": "__fWuoUQpEDa84p1FcMOwPg",
          "name": "idCurso",
          "type": null,
          "probability": 1,
          "modifiers": [
            "private"
          ],
          "to_variable": {
            "key": "_EtQaEEQuEDa84p1FcMOwPg",
            "name": "idCurso",
            "type": null,
            "modifiers": [
              "private"
            ],
            "position": {}
          },
          "position": {}
        }
      }
    }
  }
}