{
  "report_version": "unknown",
  "report_timestamp": "2025-03-26T21:56:50.670Z",
  "target_language": "java",
  "report_summary": {
    "additional": null,
    "amount_classes_or_interfaces_with_data_clumps": 11,
    "amount_files_with_data_clumps": 11,
    "amount_methods_with_data_clumps": 0,
    "fields_to_fields_data_clump": 32,
    "parameters_to_fields_data_clump": 0,
    "parameters_to_parameters_data_clump": 0,
    "amount_data_clumps": 32
  },
  "project_info": {
    "project_url": "unknown_project_url",
    "project_name": "_tdwNsH7ZEeeEVMtrU1Znfg",
    "project_version": "unknown_project_version",
    "project_commit_hash": "unknown",
    "project_tag": null,
    "project_commit_date": null,
    "additional": {},
    "number_of_files": 14,
    "number_of_classes_or_interfaces": 14,
    "number_of_methods": 0,
    "number_of_data_fields": 81,
    "number_of_method_parameters": 0
  },
  "detector": {
    "name": "data-clumps-doctor",
    "url": "https://github.com/NilsBaumgartner1994/data-clumps-doctor",
    "version": "0.1.100",
    "options": {
      "typeVariablesConsidered": false,
      "similarityModifierOfVariablesWithUnknownType": 0,
      "fieldsOfClassesWithUnknownHierarchyProbabilityModifier": 0,
      "sharedFieldsToFieldsAmountMinimum": 3,
      "analyseFieldsInClassesOrInterfacesInheritedFromSuperClassesOrInterfaces": false,
      "sharedParametersToParametersAmountMinimum": 3,
      "sharedParametersToFieldsAmountMinimum": 3,
      "methodsOfClassesOrInterfacesWithUnknownHierarchyProbabilityModifier": 0
    }
  },
  "data_clumps": {
    "fields_to_fields_data_clump-./copy-__AOdQGEJEDWA1I0mLu0TpA-_wLkgsGEKEDWA1I0mLu0TpA-paper_idimage_idowner": {
      "type": "data_clump",
      "key": "fields_to_fields_data_clump-./copy-__AOdQGEJEDWA1I0mLu0TpA-_wLkgsGEKEDWA1I0mLu0TpA-paper_idimage_idowner",
      "probability": 1,
      "from_file_path": "./copy",
      "from_class_or_interface_name": "copy",
      "from_class_or_interface_key": "__AOdQGEJEDWA1I0mLu0TpA",
      "from_method_name": null,
      "from_method_key": null,
      "to_file_path": "./data.tag",
      "to_class_or_interface_key": "_wLkgsGEKEDWA1I0mLu0TpA",
      "to_class_or_interface_name": "copy",
      "to_method_key": null,
      "to_method_name": null,
      "data_clump_type": "fields_to_fields_data_clump",
      "data_clump_data": {
        "__AOdQmEJEDWA1I0mLu0TpA": {
          "key": "__AOdQmEJEDWA1I0mLu0TpA",
          "name": "paper_id",
          "type": null,
          "probability": 1,
          "modifiers": [
            "public"
          ],
          "to_variable": {
            "key": "_y-QDsGEKEDWA1I0mLu0TpA",
            "name": "paper_id",
            "type": null,
            "modifiers": [
              "public"
            ],
            "position": {}
          },
          "position": {}
        },
        "__AOdQ2EJEDWA1I0mLu0TpA": {
          "key": "__AOdQ2EJEDWA1I0mLu0TpA",
          "name": "image_id",
          "type": null,
          "probability": 1,
          "modifiers": [
            "public"
          ],
          "to_variable": {
            "key": "_yUTu0GEKEDWA1I0mLu0TpA",
            "name": "image_id",
            "type": null,
            "modifiers": [
              "public"
            ],
            "position": {}
          },
          "position": {}
        },
        "_UZLX0GEKEDWA1I0mLu0TpA": {
          "key": "_UZLX0GEKEDWA1I0mLu0TpA",
          "name": "owner",
          "type": null,
          "probability": 1,
          "modifiers": [
            "public"
          ],
          "to_variable": {
            "key": "_8GyVgGEKEDWA1I0mLu0TpA",
            "name": "owner",
            "type": null,
            "modifiers": [
              "public"
            ],
            "position": {}
          },
          "position": {}
        }
      }
    },
    "fields_to_fields_data_clump-./copy-__AOdQGEJEDWA1I0mLu0TpA-_vyLlwGEJEDWA1I0mLu0TpA-paper_idimage_idoriginowner": {
      "type": "data_clump",
      "key": "fields_to_fields_data_clump-./copy-__AOdQGEJEDWA1I0mLu0TpA-_vyLlwGEJEDWA1I0mLu0TpA-paper_idimage_idoriginowner",
      "probability": 1,
      "from_file_path": "./copy",
      "from_class_or_interface_name": "copy",
      "from_class_or_interface_key": "__AOdQGEJEDWA1I0mLu0TpA",
      "from_method_name": null,
      "from_method_key": null,
      "to_file_path": "./paper",
      "to_class_or_interface_key": "_vyLlwGEJEDWA1I0mLu0TpA",
      "to_class_or_interface_name": "copy",
      "to_method_key": null,
      "to_method_name": null,
      "data_clump_type": "fields_to_fields_data_clump",
      "data_clump_data": {
        "__AOdQmEJEDWA1I0mLu0TpA": {
          "key": "__AOdQmEJEDWA1I0mLu0TpA",
          "name": "paper_id",
          "type": null,
          "probability": 1,
          "modifiers": [
            "public"
          ],
          "to_variable": {
            "key": "_0Jm5AGEJEDWA1I0mLu0TpA",
            "name": "paper_id",
            "type": null,
            "modifiers": [
              "public"
            ],
            "position": {}
          },
          "position": {}
        },
        "__AOdQ2EJEDWA1I0mLu0TpA": {
          "key": "__AOdQ2EJEDWA1I0mLu0TpA",
          "name": "image_id",
          "type": null,
          "probability": 1,
          "modifiers": [
            "public"
          ],
          "to_variable": {
            "key": "_3Dt5sGEJEDWA1I0mLu0TpA",
            "name": "image_id",
            "type": null,
            "modifiers": [
              "public"
            ],
            "position": {}
          },
          "position": {}
        },
        "_Ty9sYGEKEDWA1I0mLu0TpA": {
          "key": "_Ty9sYGEKEDWA1I0mLu0TpA",
          "name": "origin",
          "type": null,
          "probability": 1,
          "modifiers": [
            "public"
          ],
          "to_variable": {
            "key": "_COPRYGEKEDWA1I0mLu0TpA",
            "name": "origin",
            "type": null,
            "modifiers": [
              "public"
            ],
            "position": {}
          },
          "position": {}
        },
        "_UZLX0GEKEDWA1I0mLu0TpA": {
          "key": "_UZLX0GEKEDWA1I0mLu0TpA",
          "name": "owner",
          "type": null,
          "probability": 1,
          "modifiers": [
            "public"
          ],
          "to_variable": {
            "key": "_C8pPgGEKEDWA1I0mLu0TpA",
            "name": "owner",
            "type": null,
            "modifiers": [
              "public"
            ],
            "position": {}
          },
          "position": {}
        }
      }
    },
    "fields_to_fields_data_clump-./copy-__AOdQGEJEDWA1I0mLu0TpA-_6hXsUGEJEDWA1I0mLu0TpA-paper_idimage_idoriginownerfrom": {
      "type": "data_clump",
      "key": "fields_to_fields_data_clump-./copy-__AOdQGEJEDWA1I0mLu0TpA-_6hXsUGEJEDWA1I0mLu0TpA-paper_idimage_idoriginownerfrom",
      "probability": 1,
      "from_file_path": "./copy",
      "from_class_or_interface_name": "copy",
      "from_class_or_interface_key": "__AOdQGEJEDWA1I0mLu0TpA",
      "from_method_name": null,
      "from_method_key": null,
      "to_file_path": "./shared",
      "to_class_or_interface_key": "_6hXsUGEJEDWA1I0mLu0TpA",
      "to_class_or_interface_name": "copy",
      "to_method_key": null,
      "to_method_name": null,
      "data_clump_type": "fields_to_fields_data_clump",
      "data_clump_data": {
        "__AOdQmEJEDWA1I0mLu0TpA": {
          "key": "__AOdQmEJEDWA1I0mLu0TpA",
          "name": "paper_id",
          "type": null,
          "probability": 1,
          "modifiers": [
            "public"
          ],
          "to_variable": {
            "key": "_6hYTYGEJEDWA1I0mLu0TpA",
            "name": "paper_id",
            "type": null,
            "modifiers": [
              "public"
            ],
            "position": {}
          },
          "position": {}
        },
        "__AOdQ2EJEDWA1I0mLu0TpA": {
          "key": "__AOdQ2EJEDWA1I0mLu0TpA",
          "name": "image_id",
          "type": null,
          "probability": 1,
          "modifiers": [
            "public"
          ],
          "to_variable": {
            "key": "_6hYTYWEJEDWA1I0mLu0TpA",
            "name": "image_id",
            "type": null,
            "modifiers": [
              "public"
            ],
            "position": {}
          },
          "position": {}
        },
        "_Ty9sYGEKEDWA1I0mLu0TpA": {
          "key": "_Ty9sYGEKEDWA1I0mLu0TpA",
          "name": "origin",
          "type": null,
          "probability": 1,
          "modifiers": [
            "public"
          ],
          "to_variable": {
            "key": "_E7h-EGEKEDWA1I0mLu0TpA",
            "name": "origin",
            "type": null,
            "modifiers": [
              "public"
            ],
            "position": {}
          },
          "position": {}
        },
        "_UZLX0GEKEDWA1I0mLu0TpA": {
          "key": "_UZLX0GEKEDWA1I0mLu0TpA",
          "name": "owner",
          "type": null,
          "probability": 1,
          "modifiers": [
            "public"
          ],
          "to_variable": {
            "key": "_GQhbEGEKEDWA1I0mLu0TpA",
            "name": "owner",
            "type": null,
            "modifiers": [
              "public"
            ],
            "position": {}
          },
          "position": {}
        },
        "_U-Gp0GEKEDWA1I0mLu0TpA": {
          "key": "_U-Gp0GEKEDWA1I0mLu0TpA",
          "name": "from",
          "type": null,
          "probability": 1,
          "modifiers": [
            "public"
          ],
          "to_variable": {
            "key": "_OTt1cGEKEDWA1I0mLu0TpA",
            "name": "from",
            "type": null,
            "modifiers": [
              "public"
            ],
            "position": {}
          },
          "position": {}
        }
      }
    },
    "fields_to_fields_data_clump-./data.comment-_7MZRMGEHEDWn8fAIH6JdiQ-_-hpgUGEIEDWA1I0mLu0TpA-_idpost_idcreated_dateowner": {
      "type": "data_clump",
      "key": "fields_to_fields_data_clump-./data.comment-_7MZRMGEHEDWn8fAIH6JdiQ-_-hpgUGEIEDWA1I0mLu0TpA-_idpost_idcreated_dateowner",
      "probability": 1,
      "from_file_path": "./data.comment",
      "from_class_or_interface_name": "data.comment",
      "from_class_or_interface_key": "_7MZRMGEHEDWn8fAIH6JdiQ",
      "from_method_name": null,
      "from_method_key": null,
      "to_file_path": "./data.like",
      "to_class_or_interface_key": "_-hpgUGEIEDWA1I0mLu0TpA",
      "to_class_or_interface_name": "data.comment",
      "to_method_key": null,
      "to_method_name": null,
      "data_clump_type": "fields_to_fields_data_clump",
      "data_clump_data": {
        "_AIzg0GEIEDWn8fAIH6JdiQ": {
          "key": "_AIzg0GEIEDWn8fAIH6JdiQ",
          "name": "_id",
          "type": null,
          "probability": 1,
          "modifiers": [
            "public"
          ],
          "to_variable": {
            "key": "__ysRcGEIEDWA1I0mLu0TpA",
            "name": "_id",
            "type": null,
            "modifiers": [
              "public"
            ],
            "position": {}
          },
          "position": {}
        },
        "_JlePkGEIEDWn8fAIH6JdiQ": {
          "key": "_JlePkGEIEDWn8fAIH6JdiQ",
          "name": "post_id",
          "type": null,
          "probability": 1,
          "modifiers": [
            "public"
          ],
          "to_variable": {
            "key": "_AqrpYGEJEDWA1I0mLu0TpA",
            "name": "post_id",
            "type": null,
            "modifiers": [
              "public"
            ],
            "position": {}
          },
          "position": {}
        },
        "_Skxs4GEIEDWn8fAIH6JdiQ": {
          "key": "_Skxs4GEIEDWn8fAIH6JdiQ",
          "name": "created_date",
          "type": null,
          "probability": 1,
          "modifiers": [
            "public"
          ],
          "to_variable": {
            "key": "_BhShQGEJEDWA1I0mLu0TpA",
            "name": "created_date",
            "type": null,
            "modifiers": [
              "public"
            ],
            "position": {}
          },
          "position": {}
        },
        "_WKCjYGEIEDWn8fAIH6JdiQ": {
          "key": "_WKCjYGEIEDWn8fAIH6JdiQ",
          "name": "owner",
          "type": null,
          "probability": 1,
          "modifiers": [
            "public"
          ],
          "to_variable": {
            "key": "_CauDoGEJEDWA1I0mLu0TpA",
            "name": "owner",
            "type": null,
            "modifiers": [
              "public"
            ],
            "position": {}
          },
          "position": {}
        }
      }
    },
    "fields_to_fields_data_clump-./data.comment-_7MZRMGEHEDWn8fAIH6JdiQ-_wLkgsGEKEDWA1I0mLu0TpA-_idcreated_dateowner": {
      "type": "data_clump",
      "key": "fields_to_fields_data_clump-./data.comment-_7MZRMGEHEDWn8fAIH6JdiQ-_wLkgsGEKEDWA1I0mLu0TpA-_idcreated_dateowner",
      "probability": 1,
      "from_file_path": "./data.comment",
      "from_class_or_interface_name": "data.comment",
      "from_class_or_interface_key": "_7MZRMGEHEDWn8fAIH6JdiQ",
      "from_method_name": null,
      "from_method_key": null,
      "to_file_path": "./data.tag",
      "to_class_or_interface_key": "_wLkgsGEKEDWA1I0mLu0TpA",
      "to_class_or_interface_name": "data.comment",
      "to_method_key": null,
      "to_method_name": null,
      "data_clump_type": "fields_to_fields_data_clump",
      "data_clump_data": {
        "_AIzg0GEIEDWn8fAIH6JdiQ": {
          "key": "_AIzg0GEIEDWn8fAIH6JdiQ",
          "name": "_id",
          "type": null,
          "probability": 1,
          "modifiers": [
            "public"
          ],
          "to_variable": {
            "key": "_xNOK8GEKEDWA1I0mLu0TpA",
            "name": "_id",
            "type": null,
            "modifiers": [
              "public"
            ],
            "position": {}
          },
          "position": {}
        },
        "_Skxs4GEIEDWn8fAIH6JdiQ": {
          "key": "_Skxs4GEIEDWn8fAIH6JdiQ",
          "name": "created_date",
          "type": null,
          "probability": 1,
          "modifiers": [
            "public"
          ],
          "to_variable": {
            "key": "_0Eq5MGEKEDWA1I0mLu0TpA",
            "name": "created_date",
            "type": null,
            "modifiers": [
              "public"
            ],
            "position": {}
          },
          "position": {}
        },
        "_WKCjYGEIEDWn8fAIH6JdiQ": {
          "key": "_WKCjYGEIEDWn8fAIH6JdiQ",
          "name": "owner",
          "type": null,
          "probability": 1,
          "modifiers": [
            "public"
          ],
          "to_variable": {
            "key": "_8GyVgGEKEDWA1I0mLu0TpA",
            "name": "owner",
            "type": null,
            "modifiers": [
              "public"
            ],
            "position": {}
          },
          "position": {}
        }
      }
    },
    "fields_to_fields_data_clump-./data.image-_aiMPYGEIEDWn8fAIH6JdiQ-_w5PCgGELEDWA1I0mLu0TpA-_idcreated_dateocr": {
      "type": "data_clump",
      "key": "fields_to_fields_data_clump-./data.image-_aiMPYGEIEDWn8fAIH6JdiQ-_w5PCgGELEDWA1I0mLu0TpA-_idcreated_dateocr",
      "probability": 1,
      "from_file_path": "./data.image",
      "from_class_or_interface_name": "data.image",
      "from_class_or_interface_key": "_aiMPYGEIEDWn8fAIH6JdiQ",
      "from_method_name": null,
      "from_method_key": null,
      "to_file_path": "./data.user",
      "to_class_or_interface_key": "_w5PCgGELEDWA1I0mLu0TpA",
      "to_class_or_interface_name": "data.image",
      "to_method_key": null,
      "to_method_name": null,
      "data_clump_type": "fields_to_fields_data_clump",
      "data_clump_data": {
        "_3j8HUGEIEDWA1I0mLu0TpA": {
          "key": "_3j8HUGEIEDWA1I0mLu0TpA",
          "name": "_id",
          "type": null,
          "probability": 1,
          "modifiers": [
            "public"
          ],
          "to_variable": {
            "key": "_yAF84GELEDWA1I0mLu0TpA",
            "name": "_id",
            "type": null,
            "modifiers": [
              "public"
            ],
            "position": {}
          },
          "position": {}
        },
        "_4kXpkGEIEDWA1I0mLu0TpA": {
          "key": "_4kXpkGEIEDWA1I0mLu0TpA",
          "name": "created_date",
          "type": null,
          "probability": 1,
          "modifiers": [
            "public"
          ],
          "to_variable": {
            "key": "_02St8GELEDWA1I0mLu0TpA",
            "name": "created_date",
            "type": null,
            "modifiers": [
              "public"
            ],
            "position": {}
          },
          "position": {}
        },
        "_7GqAIGEIEDWA1I0mLu0TpA": {
          "key": "_7GqAIGEIEDWA1I0mLu0TpA",
          "name": "ocr",
          "type": null,
          "probability": 1,
          "modifiers": [
            "public"
          ],
          "to_variable": {
            "key": "_PEansGEMEDWA1I0mLu0TpA",
            "name": "ocr",
            "type": null,
            "modifiers": [
              "public"
            ],
            "position": {}
          },
          "position": {}
        }
      }
    },
    "fields_to_fields_data_clump-./data.like-_-hpgUGEIEDWA1I0mLu0TpA-_7MZRMGEHEDWn8fAIH6JdiQ-_idpost_idcreated_dateowner": {
      "type": "data_clump",
      "key": "fields_to_fields_data_clump-./data.like-_-hpgUGEIEDWA1I0mLu0TpA-_7MZRMGEHEDWn8fAIH6JdiQ-_idpost_idcreated_dateowner",
      "probability": 1,
      "from_file_path": "./data.like",
      "from_class_or_interface_name": "data.like",
      "from_class_or_interface_key": "_-hpgUGEIEDWA1I0mLu0TpA",
      "from_method_name": null,
      "from_method_key": null,
      "to_file_path": "./data.comment",
      "to_class_or_interface_key": "_7MZRMGEHEDWn8fAIH6JdiQ",
      "to_class_or_interface_name": "data.like",
      "to_method_key": null,
      "to_method_name": null,
      "data_clump_type": "fields_to_fields_data_clump",
      "data_clump_data": {
        "__ysRcGEIEDWA1I0mLu0TpA": {
          "key": "__ysRcGEIEDWA1I0mLu0TpA",
          "name": "_id",
          "type": null,
          "probability": 1,
          "modifiers": [
            "public"
          ],
          "to_variable": {
            "key": "_AIzg0GEIEDWn8fAIH6JdiQ",
            "name": "_id",
            "type": null,
            "modifiers": [
              "public"
            ],
            "position": {}
          },
          "position": {}
        },
        "_AqrpYGEJEDWA1I0mLu0TpA": {
          "key": "_AqrpYGEJEDWA1I0mLu0TpA",
          "name": "post_id",
          "type": null,
          "probability": 1,
          "modifiers": [
            "public"
          ],
          "to_variable": {
            "key": "_JlePkGEIEDWn8fAIH6JdiQ",
            "name": "post_id",
            "type": null,
            "modifiers": [
              "public"
            ],
            "position": {}
          },
          "position": {}
        },
        "_BhShQGEJEDWA1I0mLu0TpA": {
          "key": "_BhShQGEJEDWA1I0mLu0TpA",
          "name": "created_date",
          "type": null,
          "probability": 1,
          "modifiers": [
            "public"
          ],
          "to_variable": {
            "key": "_Skxs4GEIEDWn8fAIH6JdiQ",
            "name": "created_date",
            "type": null,
            "modifiers": [
              "public"
            ],
            "position": {}
          },
          "position": {}
        },
        "_CauDoGEJEDWA1I0mLu0TpA": {
          "key": "_CauDoGEJEDWA1I0mLu0TpA",
          "name": "owner",
          "type": null,
          "probability": 1,
          "modifiers": [
            "public"
          ],
          "to_variable": {
            "key": "_WKCjYGEIEDWn8fAIH6JdiQ",
            "name": "owner",
            "type": null,
            "modifiers": [
              "public"
            ],
            "position": {}
          },
          "position": {}
        }
      }
    },
    "fields_to_fields_data_clump-./data.like-_-hpgUGEIEDWA1I0mLu0TpA-_wLkgsGEKEDWA1I0mLu0TpA-_idcreated_dateowner": {
      "type": "data_clump",
      "key": "fields_to_fields_data_clump-./data.like-_-hpgUGEIEDWA1I0mLu0TpA-_wLkgsGEKEDWA1I0mLu0TpA-_idcreated_dateowner",
      "probability": 1,
      "from_file_path": "./data.like",
      "from_class_or_interface_name": "data.like",
      "from_class_or_interface_key": "_-hpgUGEIEDWA1I0mLu0TpA",
      "from_method_name": null,
      "from_method_key": null,
      "to_file_path": "./data.tag",
      "to_class_or_interface_key": "_wLkgsGEKEDWA1I0mLu0TpA",
      "to_class_or_interface_name": "data.like",
      "to_method_key": null,
      "to_method_name": null,
      "data_clump_type": "fields_to_fields_data_clump",
      "data_clump_data": {
        "__ysRcGEIEDWA1I0mLu0TpA": {
          "key": "__ysRcGEIEDWA1I0mLu0TpA",
          "name": "_id",
          "type": null,
          "probability": 1,
          "modifiers": [
            "public"
          ],
          "to_variable": {
            "key": "_xNOK8GEKEDWA1I0mLu0TpA",
            "name": "_id",
            "type": null,
            "modifiers": [
              "public"
            ],
            "position": {}
          },
          "position": {}
        },
        "_BhShQGEJEDWA1I0mLu0TpA": {
          "key": "_BhShQGEJEDWA1I0mLu0TpA",
          "name": "created_date",
          "type": null,
          "probability": 1,
          "modifiers": [
            "public"
          ],
          "to_variable": {
            "key": "_0Eq5MGEKEDWA1I0mLu0TpA",
            "name": "created_date",
            "type": null,
            "modifiers": [
              "public"
            ],
            "position": {}
          },
          "position": {}
        },
        "_CauDoGEJEDWA1I0mLu0TpA": {
          "key": "_CauDoGEJEDWA1I0mLu0TpA",
          "name": "owner",
          "type": null,
          "probability": 1,
          "modifiers": [
            "public"
          ],
          "to_variable": {
            "key": "_8GyVgGEKEDWA1I0mLu0TpA",
            "name": "owner",
            "type": null,
            "modifiers": [
              "public"
            ],
            "position": {}
          },
          "position": {}
        }
      }
    },
    "fields_to_fields_data_clump-./data.post-_EkgaoGEJEDWA1I0mLu0TpA-_wLkgsGEKEDWA1I0mLu0TpA-_idcreated_dateprivacity": {
      "type": "data_clump",
      "key": "fields_to_fields_data_clump-./data.post-_EkgaoGEJEDWA1I0mLu0TpA-_wLkgsGEKEDWA1I0mLu0TpA-_idcreated_dateprivacity",
      "probability": 1,
      "from_file_path": "./data.post",
      "from_class_or_interface_name": "data.post",
      "from_class_or_interface_key": "_EkgaoGEJEDWA1I0mLu0TpA",
      "from_method_name": null,
      "from_method_key": null,
      "to_file_path": "./data.tag",
      "to_class_or_interface_key": "_wLkgsGEKEDWA1I0mLu0TpA",
      "to_class_or_interface_name": "data.post",
      "to_method_key": null,
      "to_method_name": null,
      "data_clump_type": "fields_to_fields_data_clump",
      "data_clump_data": {
        "_HVLLcGEJEDWA1I0mLu0TpA": {
          "key": "_HVLLcGEJEDWA1I0mLu0TpA",
          "name": "_id",
          "type": null,
          "probability": 1,
          "modifiers": [
            "public"
          ],
          "to_variable": {
            "key": "_xNOK8GEKEDWA1I0mLu0TpA",
            "name": "_id",
            "type": null,
            "modifiers": [
              "public"
            ],
            "position": {}
          },
          "position": {}
        },
        "_IBb0gGEJEDWA1I0mLu0TpA": {
          "key": "_IBb0gGEJEDWA1I0mLu0TpA",
          "name": "created_date",
          "type": null,
          "probability": 1,
          "modifiers": [
            "public"
          ],
          "to_variable": {
            "key": "_0Eq5MGEKEDWA1I0mLu0TpA",
            "name": "created_date",
            "type": null,
            "modifiers": [
              "public"
            ],
            "position": {}
          },
          "position": {}
        },
        "_c-nZEGEJEDWA1I0mLu0TpA": {
          "key": "_c-nZEGEJEDWA1I0mLu0TpA",
          "name": "privacity",
          "type": null,
          "probability": 1,
          "modifiers": [
            "public"
          ],
          "to_variable": {
            "key": "_61E2AGEKEDWA1I0mLu0TpA",
            "name": "privacity",
            "type": null,
            "modifiers": [
              "public"
            ],
            "position": {}
          },
          "position": {}
        }
      }
    },
    "fields_to_fields_data_clump-./data.post-_EkgaoGEJEDWA1I0mLu0TpA-_zGfncGEPEDWA1I0mLu0TpA-_idcreated_dateprivacity": {
      "type": "data_clump",
      "key": "fields_to_fields_data_clump-./data.post-_EkgaoGEJEDWA1I0mLu0TpA-_zGfncGEPEDWA1I0mLu0TpA-_idcreated_dateprivacity",
      "probability": 1,
      "from_file_path": "./data.post",
      "from_class_or_interface_name": "data.post",
      "from_class_or_interface_key": "_EkgaoGEJEDWA1I0mLu0TpA",
      "from_method_name": null,
      "from_method_key": null,
      "to_file_path": "./schoolbag",
      "to_class_or_interface_key": "_zGfncGEPEDWA1I0mLu0TpA",
      "to_class_or_interface_name": "data.post",
      "to_method_key": null,
      "to_method_name": null,
      "data_clump_type": "fields_to_fields_data_clump",
      "data_clump_data": {
        "_HVLLcGEJEDWA1I0mLu0TpA": {
          "key": "_HVLLcGEJEDWA1I0mLu0TpA",
          "name": "_id",
          "type": null,
          "probability": 1,
          "modifiers": [
            "public"
          ],
          "to_variable": {
            "key": "_z_8X8GEPEDWA1I0mLu0TpA",
            "name": "_id",
            "type": null,
            "modifiers": [
              "public"
            ],
            "position": {}
          },
          "position": {}
        },
        "_IBb0gGEJEDWA1I0mLu0TpA": {
          "key": "_IBb0gGEJEDWA1I0mLu0TpA",
          "name": "created_date",
          "type": null,
          "probability": 1,
          "modifiers": [
            "public"
          ],
          "to_variable": {
            "key": "_4uvCUGEPEDWA1I0mLu0TpA",
            "name": "created_date",
            "type": null,
            "modifiers": [
              "public"
            ],
            "position": {}
          },
          "position": {}
        },
        "_c-nZEGEJEDWA1I0mLu0TpA": {
          "key": "_c-nZEGEJEDWA1I0mLu0TpA",
          "name": "privacity",
          "type": null,
          "probability": 1,
          "modifiers": [
            "public"
          ],
          "to_variable": {
            "key": "_2FGtoGEPEDWA1I0mLu0TpA",
            "name": "privacity",
            "type": null,
            "modifiers": [
              "public"
            ],
            "position": {}
          },
          "position": {}
        }
      }
    },
    "fields_to_fields_data_clump-./data.post-_EkgaoGEJEDWA1I0mLu0TpA-_eXR4UGENEDWA1I0mLu0TpA-_idcreated_dateprivacity": {
      "type": "data_clump",
      "key": "fields_to_fields_data_clump-./data.post-_EkgaoGEJEDWA1I0mLu0TpA-_eXR4UGENEDWA1I0mLu0TpA-_idcreated_dateprivacity",
      "probability": 1,
      "from_file_path": "./data.post",
      "from_class_or_interface_name": "data.post",
      "from_class_or_interface_key": "_EkgaoGEJEDWA1I0mLu0TpA",
      "from_method_name": null,
      "from_method_key": null,
      "to_file_path": "./user.paper",
      "to_class_or_interface_key": "_eXR4UGENEDWA1I0mLu0TpA",
      "to_class_or_interface_name": "data.post",
      "to_method_key": null,
      "to_method_name": null,
      "data_clump_type": "fields_to_fields_data_clump",
      "data_clump_data": {
        "_HVLLcGEJEDWA1I0mLu0TpA": {
          "key": "_HVLLcGEJEDWA1I0mLu0TpA",
          "name": "_id",
          "type": null,
          "probability": 1,
          "modifiers": [
            "public"
          ],
          "to_variable": {
            "key": "_fORKsGENEDWA1I0mLu0TpA",
            "name": "_id",
            "type": null,
            "modifiers": [
              "public"
            ],
            "position": {}
          },
          "position": {}
        },
        "_IBb0gGEJEDWA1I0mLu0TpA": {
          "key": "_IBb0gGEJEDWA1I0mLu0TpA",
          "name": "created_date",
          "type": null,
          "probability": 1,
          "modifiers": [
            "public"
          ],
          "to_variable": {
            "key": "_muHAYGENEDWA1I0mLu0TpA",
            "name": "created_date",
            "type": null,
            "modifiers": [
              "public"
            ],
            "position": {}
          },
          "position": {}
        },
        "_c-nZEGEJEDWA1I0mLu0TpA": {
          "key": "_c-nZEGEJEDWA1I0mLu0TpA",
          "name": "privacity",
          "type": null,
          "probability": 1,
          "modifiers": [
            "public"
          ],
          "to_variable": {
            "key": "_rHQK4GENEDWA1I0mLu0TpA",
            "name": "privacity",
            "type": null,
            "modifiers": [
              "public"
            ],
            "position": {}
          },
          "position": {}
        }
      }
    },
    "fields_to_fields_data_clump-./data.tag-_wLkgsGEKEDWA1I0mLu0TpA-__AOdQGEJEDWA1I0mLu0TpA-image_idpaper_idowner": {
      "type": "data_clump",
      "key": "fields_to_fields_data_clump-./data.tag-_wLkgsGEKEDWA1I0mLu0TpA-__AOdQGEJEDWA1I0mLu0TpA-image_idpaper_idowner",
      "probability": 1,
      "from_file_path": "./data.tag",
      "from_class_or_interface_name": "data.tag",
      "from_class_or_interface_key": "_wLkgsGEKEDWA1I0mLu0TpA",
      "from_method_name": null,
      "from_method_key": null,
      "to_file_path": "./copy",
      "to_class_or_interface_key": "__AOdQGEJEDWA1I0mLu0TpA",
      "to_class_or_interface_name": "data.tag",
      "to_method_key": null,
      "to_method_name": null,
      "data_clump_type": "fields_to_fields_data_clump",
      "data_clump_data": {
        "_yUTu0GEKEDWA1I0mLu0TpA": {
          "key": "_yUTu0GEKEDWA1I0mLu0TpA",
          "name": "image_id",
          "type": null,
          "probability": 1,
          "modifiers": [
            "public"
          ],
          "to_variable": {
            "key": "__AOdQ2EJEDWA1I0mLu0TpA",
            "name": "image_id",
            "type": null,
            "modifiers": [
              "public"
            ],
            "position": {}
          },
          "position": {}
        },
        "_y-QDsGEKEDWA1I0mLu0TpA": {
          "key": "_y-QDsGEKEDWA1I0mLu0TpA",
          "name": "paper_id",
          "type": null,
          "probability": 1,
          "modifiers": [
            "public"
          ],
          "to_variable": {
            "key": "__AOdQmEJEDWA1I0mLu0TpA",
            "name": "paper_id",
            "type": null,
            "modifiers": [
              "public"
            ],
            "position": {}
          },
          "position": {}
        },
        "_8GyVgGEKEDWA1I0mLu0TpA": {
          "key": "_8GyVgGEKEDWA1I0mLu0TpA",
          "name": "owner",
          "type": null,
          "probability": 1,
          "modifiers": [
            "public"
          ],
          "to_variable": {
            "key": "_UZLX0GEKEDWA1I0mLu0TpA",
            "name": "owner",
            "type": null,
            "modifiers": [
              "public"
            ],
            "position": {}
          },
          "position": {}
        }
      }
    },
    "fields_to_fields_data_clump-./data.tag-_wLkgsGEKEDWA1I0mLu0TpA-_7MZRMGEHEDWn8fAIH6JdiQ-_idcreated_dateowner": {
      "type": "data_clump",
      "key": "fields_to_fields_data_clump-./data.tag-_wLkgsGEKEDWA1I0mLu0TpA-_7MZRMGEHEDWn8fAIH6JdiQ-_idcreated_dateowner",
      "probability": 1,
      "from_file_path": "./data.tag",
      "from_class_or_interface_name": "data.tag",
      "from_class_or_interface_key": "_wLkgsGEKEDWA1I0mLu0TpA",
      "from_method_name": null,
      "from_method_key": null,
      "to_file_path": "./data.comment",
      "to_class_or_interface_key": "_7MZRMGEHEDWn8fAIH6JdiQ",
      "to_class_or_interface_name": "data.tag",
      "to_method_key": null,
      "to_method_name": null,
      "data_clump_type": "fields_to_fields_data_clump",
      "data_clump_data": {
        "_xNOK8GEKEDWA1I0mLu0TpA": {
          "key": "_xNOK8GEKEDWA1I0mLu0TpA",
          "name": "_id",
          "type": null,
          "probability": 1,
          "modifiers": [
            "public"
          ],
          "to_variable": {
            "key": "_AIzg0GEIEDWn8fAIH6JdiQ",
            "name": "_id",
            "type": null,
            "modifiers": [
              "public"
            ],
            "position": {}
          },
          "position": {}
        },
        "_0Eq5MGEKEDWA1I0mLu0TpA": {
          "key": "_0Eq5MGEKEDWA1I0mLu0TpA",
          "name": "created_date",
          "type": null,
          "probability": 1,
          "modifiers": [
            "public"
          ],
          "to_variable": {
            "key": "_Skxs4GEIEDWn8fAIH6JdiQ",
            "name": "created_date",
            "type": null,
            "modifiers": [
              "public"
            ],
            "position": {}
          },
          "position": {}
        },
        "_8GyVgGEKEDWA1I0mLu0TpA": {
          "key": "_8GyVgGEKEDWA1I0mLu0TpA",
          "name": "owner",
          "type": null,
          "probability": 1,
          "modifiers": [
            "public"
          ],
          "to_variable": {
            "key": "_WKCjYGEIEDWn8fAIH6JdiQ",
            "name": "owner",
            "type": null,
            "modifiers": [
              "public"
            ],
            "position": {}
          },
          "position": {}
        }
      }
    },
    "fields_to_fields_data_clump-./data.tag-_wLkgsGEKEDWA1I0mLu0TpA-_-hpgUGEIEDWA1I0mLu0TpA-_idcreated_dateowner": {
      "type": "data_clump",
      "key": "fields_to_fields_data_clump-./data.tag-_wLkgsGEKEDWA1I0mLu0TpA-_-hpgUGEIEDWA1I0mLu0TpA-_idcreated_dateowner",
      "probability": 1,
      "from_file_path": "./data.tag",
      "from_class_or_interface_name": "data.tag",
      "from_class_or_interface_key": "_wLkgsGEKEDWA1I0mLu0TpA",
      "from_method_name": null,
      "from_method_key": null,
      "to_file_path": "./data.like",
      "to_class_or_interface_key": "_-hpgUGEIEDWA1I0mLu0TpA",
      "to_class_or_interface_name": "data.tag",
      "to_method_key": null,
      "to_method_name": null,
      "data_clump_type": "fields_to_fields_data_clump",
      "data_clump_data": {
        "_xNOK8GEKEDWA1I0mLu0TpA": {
          "key": "_xNOK8GEKEDWA1I0mLu0TpA",
          "name": "_id",
          "type": null,
          "probability": 1,
          "modifiers": [
            "public"
          ],
          "to_variable": {
            "key": "__ysRcGEIEDWA1I0mLu0TpA",
            "name": "_id",
            "type": null,
            "modifiers": [
              "public"
            ],
            "position": {}
          },
          "position": {}
        },
        "_0Eq5MGEKEDWA1I0mLu0TpA": {
          "key": "_0Eq5MGEKEDWA1I0mLu0TpA",
          "name": "created_date",
          "type": null,
          "probability": 1,
          "modifiers": [
            "public"
          ],
          "to_variable": {
            "key": "_BhShQGEJEDWA1I0mLu0TpA",
            "name": "created_date",
            "type": null,
            "modifiers": [
              "public"
            ],
            "position": {}
          },
          "position": {}
        },
        "_8GyVgGEKEDWA1I0mLu0TpA": {
          "key": "_8GyVgGEKEDWA1I0mLu0TpA",
          "name": "owner",
          "type": null,
          "probability": 1,
          "modifiers": [
            "public"
          ],
          "to_variable": {
            "key": "_CauDoGEJEDWA1I0mLu0TpA",
            "name": "owner",
            "type": null,
            "modifiers": [
              "public"
            ],
            "position": {}
          },
          "position": {}
        }
      }
    },
    "fields_to_fields_data_clump-./data.tag-_wLkgsGEKEDWA1I0mLu0TpA-_EkgaoGEJEDWA1I0mLu0TpA-_idcreated_dateprivacity": {
      "type": "data_clump",
      "key": "fields_to_fields_data_clump-./data.tag-_wLkgsGEKEDWA1I0mLu0TpA-_EkgaoGEJEDWA1I0mLu0TpA-_idcreated_dateprivacity",
      "probability": 1,
      "from_file_path": "./data.tag",
      "from_class_or_interface_name": "data.tag",
      "from_class_or_interface_key": "_wLkgsGEKEDWA1I0mLu0TpA",
      "from_method_name": null,
      "from_method_key": null,
      "to_file_path": "./data.post",
      "to_class_or_interface_key": "_EkgaoGEJEDWA1I0mLu0TpA",
      "to_class_or_interface_name": "data.tag",
      "to_method_key": null,
      "to_method_name": null,
      "data_clump_type": "fields_to_fields_data_clump",
      "data_clump_data": {
        "_xNOK8GEKEDWA1I0mLu0TpA": {
          "key": "_xNOK8GEKEDWA1I0mLu0TpA",
          "name": "_id",
          "type": null,
          "probability": 1,
          "modifiers": [
            "public"
          ],
          "to_variable": {
            "key": "_HVLLcGEJEDWA1I0mLu0TpA",
            "name": "_id",
            "type": null,
            "modifiers": [
              "public"
            ],
            "position": {}
          },
          "position": {}
        },
        "_0Eq5MGEKEDWA1I0mLu0TpA": {
          "key": "_0Eq5MGEKEDWA1I0mLu0TpA",
          "name": "created_date",
          "type": null,
          "probability": 1,
          "modifiers": [
            "public"
          ],
          "to_variable": {
            "key": "_IBb0gGEJEDWA1I0mLu0TpA",
            "name": "created_date",
            "type": null,
            "modifiers": [
              "public"
            ],
            "position": {}
          },
          "position": {}
        },
        "_61E2AGEKEDWA1I0mLu0TpA": {
          "key": "_61E2AGEKEDWA1I0mLu0TpA",
          "name": "privacity",
          "type": null,
          "probability": 1,
          "modifiers": [
            "public"
          ],
          "to_variable": {
            "key": "_c-nZEGEJEDWA1I0mLu0TpA",
            "name": "privacity",
            "type": null,
            "modifiers": [
              "public"
            ],
            "position": {}
          },
          "position": {}
        }
      }
    },
    "fields_to_fields_data_clump-./data.tag-_wLkgsGEKEDWA1I0mLu0TpA-_vyLlwGEJEDWA1I0mLu0TpA-image_idpaper_idowner": {
      "type": "data_clump",
      "key": "fields_to_fields_data_clump-./data.tag-_wLkgsGEKEDWA1I0mLu0TpA-_vyLlwGEJEDWA1I0mLu0TpA-image_idpaper_idowner",
      "probability": 1,
      "from_file_path": "./data.tag",
      "from_class_or_interface_name": "data.tag",
      "from_class_or_interface_key": "_wLkgsGEKEDWA1I0mLu0TpA",
      "from_method_name": null,
      "from_method_key": null,
      "to_file_path": "./paper",
      "to_class_or_interface_key": "_vyLlwGEJEDWA1I0mLu0TpA",
      "to_class_or_interface_name": "data.tag",
      "to_method_key": null,
      "to_method_name": null,
      "data_clump_type": "fields_to_fields_data_clump",
      "data_clump_data": {
        "_yUTu0GEKEDWA1I0mLu0TpA": {
          "key": "_yUTu0GEKEDWA1I0mLu0TpA",
          "name": "image_id",
          "type": null,
          "probability": 1,
          "modifiers": [
            "public"
          ],
          "to_variable": {
            "key": "_3Dt5sGEJEDWA1I0mLu0TpA",
            "name": "image_id",
            "type": null,
            "modifiers": [
              "public"
            ],
            "position": {}
          },
          "position": {}
        },
        "_y-QDsGEKEDWA1I0mLu0TpA": {
          "key": "_y-QDsGEKEDWA1I0mLu0TpA",
          "name": "paper_id",
          "type": null,
          "probability": 1,
          "modifiers": [
            "public"
          ],
          "to_variable": {
            "key": "_0Jm5AGEJEDWA1I0mLu0TpA",
            "name": "paper_id",
            "type": null,
            "modifiers": [
              "public"
            ],
            "position": {}
          },
          "position": {}
        },
        "_8GyVgGEKEDWA1I0mLu0TpA": {
          "key": "_8GyVgGEKEDWA1I0mLu0TpA",
          "name": "owner",
          "type": null,
          "probability": 1,
          "modifiers": [
            "public"
          ],
          "to_variable": {
            "key": "_C8pPgGEKEDWA1I0mLu0TpA",
            "name": "owner",
            "type": null,
            "modifiers": [
              "public"
            ],
            "position": {}
          },
          "position": {}
        }
      }
    },
    "fields_to_fields_data_clump-./data.tag-_wLkgsGEKEDWA1I0mLu0TpA-_zGfncGEPEDWA1I0mLu0TpA-_idcreated_dateprivacity": {
      "type": "data_clump",
      "key": "fields_to_fields_data_clump-./data.tag-_wLkgsGEKEDWA1I0mLu0TpA-_zGfncGEPEDWA1I0mLu0TpA-_idcreated_dateprivacity",
      "probability": 1,
      "from_file_path": "./data.tag",
      "from_class_or_interface_name": "data.tag",
      "from_class_or_interface_key": "_wLkgsGEKEDWA1I0mLu0TpA",
      "from_method_name": null,
      "from_method_key": null,
      "to_file_path": "./schoolbag",
      "to_class_or_interface_key": "_zGfncGEPEDWA1I0mLu0TpA",
      "to_class_or_interface_name": "data.tag",
      "to_method_key": null,
      "to_method_name": null,
      "data_clump_type": "fields_to_fields_data_clump",
      "data_clump_data": {
        "_xNOK8GEKEDWA1I0mLu0TpA": {
          "key": "_xNOK8GEKEDWA1I0mLu0TpA",
          "name": "_id",
          "type": null,
          "probability": 1,
          "modifiers": [
            "public"
          ],
          "to_variable": {
            "key": "_z_8X8GEPEDWA1I0mLu0TpA",
            "name": "_id",
            "type": null,
            "modifiers": [
              "public"
            ],
            "position": {}
          },
          "position": {}
        },
        "_0Eq5MGEKEDWA1I0mLu0TpA": {
          "key": "_0Eq5MGEKEDWA1I0mLu0TpA",
          "name": "created_date",
          "type": null,
          "probability": 1,
          "modifiers": [
            "public"
          ],
          "to_variable": {
            "key": "_4uvCUGEPEDWA1I0mLu0TpA",
            "name": "created_date",
            "type": null,
            "modifiers": [
              "public"
            ],
            "position": {}
          },
          "position": {}
        },
        "_61E2AGEKEDWA1I0mLu0TpA": {
          "key": "_61E2AGEKEDWA1I0mLu0TpA",
          "name": "privacity",
          "type": null,
          "probability": 1,
          "modifiers": [
            "public"
          ],
          "to_variable": {
            "key": "_2FGtoGEPEDWA1I0mLu0TpA",
            "name": "privacity",
            "type": null,
            "modifiers": [
              "public"
            ],
            "position": {}
          },
          "position": {}
        }
      }
    },
    "fields_to_fields_data_clump-./data.tag-_wLkgsGEKEDWA1I0mLu0TpA-_6hXsUGEJEDWA1I0mLu0TpA-image_idpaper_idedited_dateowner": {
      "type": "data_clump",
      "key": "fields_to_fields_data_clump-./data.tag-_wLkgsGEKEDWA1I0mLu0TpA-_6hXsUGEJEDWA1I0mLu0TpA-image_idpaper_idedited_dateowner",
      "probability": 1,
      "from_file_path": "./data.tag",
      "from_class_or_interface_name": "data.tag",
      "from_class_or_interface_key": "_wLkgsGEKEDWA1I0mLu0TpA",
      "from_method_name": null,
      "from_method_key": null,
      "to_file_path": "./shared",
      "to_class_or_interface_key": "_6hXsUGEJEDWA1I0mLu0TpA",
      "to_class_or_interface_name": "data.tag",
      "to_method_key": null,
      "to_method_name": null,
      "data_clump_type": "fields_to_fields_data_clump",
      "data_clump_data": {
        "_yUTu0GEKEDWA1I0mLu0TpA": {
          "key": "_yUTu0GEKEDWA1I0mLu0TpA",
          "name": "image_id",
          "type": null,
          "probability": 1,
          "modifiers": [
            "public"
          ],
          "to_variable": {
            "key": "_6hYTYWEJEDWA1I0mLu0TpA",
            "name": "image_id",
            "type": null,
            "modifiers": [
              "public"
            ],
            "position": {}
          },
          "position": {}
        },
        "_y-QDsGEKEDWA1I0mLu0TpA": {
          "key": "_y-QDsGEKEDWA1I0mLu0TpA",
          "name": "paper_id",
          "type": null,
          "probability": 1,
          "modifiers": [
            "public"
          ],
          "to_variable": {
            "key": "_6hYTYGEJEDWA1I0mLu0TpA",
            "name": "paper_id",
            "type": null,
            "modifiers": [
              "public"
            ],
            "position": {}
          },
          "position": {}
        },
        "_10iUUGEKEDWA1I0mLu0TpA": {
          "key": "_10iUUGEKEDWA1I0mLu0TpA",
          "name": "edited_date",
          "type": null,
          "probability": 1,
          "modifiers": [
            "public"
          ],
          "to_variable": {
            "key": "_MPgiAGEKEDWA1I0mLu0TpA",
            "name": "edited_date",
            "type": null,
            "modifiers": [
              "public"
            ],
            "position": {}
          },
          "position": {}
        },
        "_8GyVgGEKEDWA1I0mLu0TpA": {
          "key": "_8GyVgGEKEDWA1I0mLu0TpA",
          "name": "owner",
          "type": null,
          "probability": 1,
          "modifiers": [
            "public"
          ],
          "to_variable": {
            "key": "_GQhbEGEKEDWA1I0mLu0TpA",
            "name": "owner",
            "type": null,
            "modifiers": [
              "public"
            ],
            "position": {}
          },
          "position": {}
        }
      }
    },
    "fields_to_fields_data_clump-./data.tag-_wLkgsGEKEDWA1I0mLu0TpA-_eXR4UGENEDWA1I0mLu0TpA-_idimage_idcreated_dateprivacity": {
      "type": "data_clump",
      "key": "fields_to_fields_data_clump-./data.tag-_wLkgsGEKEDWA1I0mLu0TpA-_eXR4UGENEDWA1I0mLu0TpA-_idimage_idcreated_dateprivacity",
      "probability": 1,
      "from_file_path": "./data.tag",
      "from_class_or_interface_name": "data.tag",
      "from_class_or_interface_key": "_wLkgsGEKEDWA1I0mLu0TpA",
      "from_method_name": null,
      "from_method_key": null,
      "to_file_path": "./user.paper",
      "to_class_or_interface_key": "_eXR4UGENEDWA1I0mLu0TpA",
      "to_class_or_interface_name": "data.tag",
      "to_method_key": null,
      "to_method_name": null,
      "data_clump_type": "fields_to_fields_data_clump",
      "data_clump_data": {
        "_xNOK8GEKEDWA1I0mLu0TpA": {
          "key": "_xNOK8GEKEDWA1I0mLu0TpA",
          "name": "_id",
          "type": null,
          "probability": 1,
          "modifiers": [
            "public"
          ],
          "to_variable": {
            "key": "_fORKsGENEDWA1I0mLu0TpA",
            "name": "_id",
            "type": null,
            "modifiers": [
              "public"
            ],
            "position": {}
          },
          "position": {}
        },
        "_yUTu0GEKEDWA1I0mLu0TpA": {
          "key": "_yUTu0GEKEDWA1I0mLu0TpA",
          "name": "image_id",
          "type": null,
          "probability": 1,
          "modifiers": [
            "public"
          ],
          "to_variable": {
            "key": "_lBbcIGENEDWA1I0mLu0TpA",
            "name": "image_id",
            "type": null,
            "modifiers": [
              "public"
            ],
            "position": {}
          },
          "position": {}
        },
        "_0Eq5MGEKEDWA1I0mLu0TpA": {
          "key": "_0Eq5MGEKEDWA1I0mLu0TpA",
          "name": "created_date",
          "type": null,
          "probability": 1,
          "modifiers": [
            "public"
          ],
          "to_variable": {
            "key": "_muHAYGENEDWA1I0mLu0TpA",
            "name": "created_date",
            "type": null,
            "modifiers": [
              "public"
            ],
            "position": {}
          },
          "position": {}
        },
        "_61E2AGEKEDWA1I0mLu0TpA": {
          "key": "_61E2AGEKEDWA1I0mLu0TpA",
          "name": "privacity",
          "type": null,
          "probability": 1,
          "modifiers": [
            "public"
          ],
          "to_variable": {
            "key": "_rHQK4GENEDWA1I0mLu0TpA",
            "name": "privacity",
            "type": null,
            "modifiers": [
              "public"
            ],
            "position": {}
          },
          "position": {}
        }
      }
    },
    "fields_to_fields_data_clump-./data.user-_w5PCgGELEDWA1I0mLu0TpA-_aiMPYGEIEDWn8fAIH6JdiQ-_idcreated_dateocr": {
      "type": "data_clump",
      "key": "fields_to_fields_data_clump-./data.user-_w5PCgGELEDWA1I0mLu0TpA-_aiMPYGEIEDWn8fAIH6JdiQ-_idcreated_dateocr",
      "probability": 1,
      "from_file_path": "./data.user",
      "from_class_or_interface_name": "data.user",
      "from_class_or_interface_key": "_w5PCgGELEDWA1I0mLu0TpA",
      "from_method_name": null,
      "from_method_key": null,
      "to_file_path": "./data.image",
      "to_class_or_interface_key": "_aiMPYGEIEDWn8fAIH6JdiQ",
      "to_class_or_interface_name": "data.user",
      "to_method_key": null,
      "to_method_name": null,
      "data_clump_type": "fields_to_fields_data_clump",
      "data_clump_data": {
        "_yAF84GELEDWA1I0mLu0TpA": {
          "key": "_yAF84GELEDWA1I0mLu0TpA",
          "name": "_id",
          "type": null,
          "probability": 1,
          "modifiers": [
            "public"
          ],
          "to_variable": {
            "key": "_3j8HUGEIEDWA1I0mLu0TpA",
            "name": "_id",
            "type": null,
            "modifiers": [
              "public"
            ],
            "position": {}
          },
          "position": {}
        },
        "_02St8GELEDWA1I0mLu0TpA": {
          "key": "_02St8GELEDWA1I0mLu0TpA",
          "name": "created_date",
          "type": null,
          "probability": 1,
          "modifiers": [
            "public"
          ],
          "to_variable": {
            "key": "_4kXpkGEIEDWA1I0mLu0TpA",
            "name": "created_date",
            "type": null,
            "modifiers": [
              "public"
            ],
            "position": {}
          },
          "position": {}
        },
        "_PEansGEMEDWA1I0mLu0TpA": {
          "key": "_PEansGEMEDWA1I0mLu0TpA",
          "name": "ocr",
          "type": null,
          "probability": 1,
          "modifiers": [
            "public"
          ],
          "to_variable": {
            "key": "_7GqAIGEIEDWA1I0mLu0TpA",
            "name": "ocr",
            "type": null,
            "modifiers": [
              "public"
            ],
            "position": {}
          },
          "position": {}
        }
      }
    },
    "fields_to_fields_data_clump-./paper-_vyLlwGEJEDWA1I0mLu0TpA-__AOdQGEJEDWA1I0mLu0TpA-paper_idimage_idoriginowner": {
      "type": "data_clump",
      "key": "fields_to_fields_data_clump-./paper-_vyLlwGEJEDWA1I0mLu0TpA-__AOdQGEJEDWA1I0mLu0TpA-paper_idimage_idoriginowner",
      "probability": 1,
      "from_file_path": "./paper",
      "from_class_or_interface_name": "paper",
      "from_class_or_interface_key": "_vyLlwGEJEDWA1I0mLu0TpA",
      "from_method_name": null,
      "from_method_key": null,
      "to_file_path": "./copy",
      "to_class_or_interface_key": "__AOdQGEJEDWA1I0mLu0TpA",
      "to_class_or_interface_name": "paper",
      "to_method_key": null,
      "to_method_name": null,
      "data_clump_type": "fields_to_fields_data_clump",
      "data_clump_data": {
        "_0Jm5AGEJEDWA1I0mLu0TpA": {
          "key": "_0Jm5AGEJEDWA1I0mLu0TpA",
          "name": "paper_id",
          "type": null,
          "probability": 1,
          "modifiers": [
            "public"
          ],
          "to_variable": {
            "key": "__AOdQmEJEDWA1I0mLu0TpA",
            "name": "paper_id",
            "type": null,
            "modifiers": [
              "public"
            ],
            "position": {}
          },
          "position": {}
        },
        "_3Dt5sGEJEDWA1I0mLu0TpA": {
          "key": "_3Dt5sGEJEDWA1I0mLu0TpA",
          "name": "image_id",
          "type": null,
          "probability": 1,
          "modifiers": [
            "public"
          ],
          "to_variable": {
            "key": "__AOdQ2EJEDWA1I0mLu0TpA",
            "name": "image_id",
            "type": null,
            "modifiers": [
              "public"
            ],
            "position": {}
          },
          "position": {}
        },
        "_COPRYGEKEDWA1I0mLu0TpA": {
          "key": "_COPRYGEKEDWA1I0mLu0TpA",
          "name": "origin",
          "type": null,
          "probability": 1,
          "modifiers": [
            "public"
          ],
          "to_variable": {
            "key": "_Ty9sYGEKEDWA1I0mLu0TpA",
            "name": "origin",
            "type": null,
            "modifiers": [
              "public"
            ],
            "position": {}
          },
          "position": {}
        },
        "_C8pPgGEKEDWA1I0mLu0TpA": {
          "key": "_C8pPgGEKEDWA1I0mLu0TpA",
          "name": "owner",
          "type": null,
          "probability": 1,
          "modifiers": [
            "public"
          ],
          "to_variable": {
            "key": "_UZLX0GEKEDWA1I0mLu0TpA",
            "name": "owner",
            "type": null,
            "modifiers": [
              "public"
            ],
            "position": {}
          },
          "position": {}
        }
      }
    },
    "fields_to_fields_data_clump-./paper-_vyLlwGEJEDWA1I0mLu0TpA-_wLkgsGEKEDWA1I0mLu0TpA-paper_idimage_idowner": {
      "type": "data_clump",
      "key": "fields_to_fields_data_clump-./paper-_vyLlwGEJEDWA1I0mLu0TpA-_wLkgsGEKEDWA1I0mLu0TpA-paper_idimage_idowner",
      "probability": 1,
      "from_file_path": "./paper",
      "from_class_or_interface_name": "paper",
      "from_class_or_interface_key": "_vyLlwGEJEDWA1I0mLu0TpA",
      "from_method_name": null,
      "from_method_key": null,
      "to_file_path": "./data.tag",
      "to_class_or_interface_key": "_wLkgsGEKEDWA1I0mLu0TpA",
      "to_class_or_interface_name": "paper",
      "to_method_key": null,
      "to_method_name": null,
      "data_clump_type": "fields_to_fields_data_clump",
      "data_clump_data": {
        "_0Jm5AGEJEDWA1I0mLu0TpA": {
          "key": "_0Jm5AGEJEDWA1I0mLu0TpA",
          "name": "paper_id",
          "type": null,
          "probability": 1,
          "modifiers": [
            "public"
          ],
          "to_variable": {
            "key": "_y-QDsGEKEDWA1I0mLu0TpA",
            "name": "paper_id",
            "type": null,
            "modifiers": [
              "public"
            ],
            "position": {}
          },
          "position": {}
        },
        "_3Dt5sGEJEDWA1I0mLu0TpA": {
          "key": "_3Dt5sGEJEDWA1I0mLu0TpA",
          "name": "image_id",
          "type": null,
          "probability": 1,
          "modifiers": [
            "public"
          ],
          "to_variable": {
            "key": "_yUTu0GEKEDWA1I0mLu0TpA",
            "name": "image_id",
            "type": null,
            "modifiers": [
              "public"
            ],
            "position": {}
          },
          "position": {}
        },
        "_C8pPgGEKEDWA1I0mLu0TpA": {
          "key": "_C8pPgGEKEDWA1I0mLu0TpA",
          "name": "owner",
          "type": null,
          "probability": 1,
          "modifiers": [
            "public"
          ],
          "to_variable": {
            "key": "_8GyVgGEKEDWA1I0mLu0TpA",
            "name": "owner",
            "type": null,
            "modifiers": [
              "public"
            ],
            "position": {}
          },
          "position": {}
        }
      }
    },
    "fields_to_fields_data_clump-./paper-_vyLlwGEJEDWA1I0mLu0TpA-_6hXsUGEJEDWA1I0mLu0TpA-paper_idimage_idoriginowner": {
      "type": "data_clump",
      "key": "fields_to_fields_data_clump-./paper-_vyLlwGEJEDWA1I0mLu0TpA-_6hXsUGEJEDWA1I0mLu0TpA-paper_idimage_idoriginowner",
      "probability": 1,
      "from_file_path": "./paper",
      "from_class_or_interface_name": "paper",
      "from_class_or_interface_key": "_vyLlwGEJEDWA1I0mLu0TpA",
      "from_method_name": null,
      "from_method_key": null,
      "to_file_path": "./shared",
      "to_class_or_interface_key": "_6hXsUGEJEDWA1I0mLu0TpA",
      "to_class_or_interface_name": "paper",
      "to_method_key": null,
      "to_method_name": null,
      "data_clump_type": "fields_to_fields_data_clump",
      "data_clump_data": {
        "_0Jm5AGEJEDWA1I0mLu0TpA": {
          "key": "_0Jm5AGEJEDWA1I0mLu0TpA",
          "name": "paper_id",
          "type": null,
          "probability": 1,
          "modifiers": [
            "public"
          ],
          "to_variable": {
            "key": "_6hYTYGEJEDWA1I0mLu0TpA",
            "name": "paper_id",
            "type": null,
            "modifiers": [
              "public"
            ],
            "position": {}
          },
          "position": {}
        },
        "_3Dt5sGEJEDWA1I0mLu0TpA": {
          "key": "_3Dt5sGEJEDWA1I0mLu0TpA",
          "name": "image_id",
          "type": null,
          "probability": 1,
          "modifiers": [
            "public"
          ],
          "to_variable": {
            "key": "_6hYTYWEJEDWA1I0mLu0TpA",
            "name": "image_id",
            "type": null,
            "modifiers": [
              "public"
            ],
            "position": {}
          },
          "position": {}
        },
        "_COPRYGEKEDWA1I0mLu0TpA": {
          "key": "_COPRYGEKEDWA1I0mLu0TpA",
          "name": "origin",
          "type": null,
          "probability": 1,
          "modifiers": [
            "public"
          ],
          "to_variable": {
            "key": "_E7h-EGEKEDWA1I0mLu0TpA",
            "name": "origin",
            "type": null,
            "modifiers": [
              "public"
            ],
            "position": {}
          },
          "position": {}
        },
        "_C8pPgGEKEDWA1I0mLu0TpA": {
          "key": "_C8pPgGEKEDWA1I0mLu0TpA",
          "name": "owner",
          "type": null,
          "probability": 1,
          "modifiers": [
            "public"
          ],
          "to_variable": {
            "key": "_GQhbEGEKEDWA1I0mLu0TpA",
            "name": "owner",
            "type": null,
            "modifiers": [
              "public"
            ],
            "position": {}
          },
          "position": {}
        }
      }
    },
    "fields_to_fields_data_clump-./schoolbag-_zGfncGEPEDWA1I0mLu0TpA-_EkgaoGEJEDWA1I0mLu0TpA-_idprivacitycreated_date": {
      "type": "data_clump",
      "key": "fields_to_fields_data_clump-./schoolbag-_zGfncGEPEDWA1I0mLu0TpA-_EkgaoGEJEDWA1I0mLu0TpA-_idprivacitycreated_date",
      "probability": 1,
      "from_file_path": "./schoolbag",
      "from_class_or_interface_name": "schoolbag",
      "from_class_or_interface_key": "_zGfncGEPEDWA1I0mLu0TpA",
      "from_method_name": null,
      "from_method_key": null,
      "to_file_path": "./data.post",
      "to_class_or_interface_key": "_EkgaoGEJEDWA1I0mLu0TpA",
      "to_class_or_interface_name": "schoolbag",
      "to_method_key": null,
      "to_method_name": null,
      "data_clump_type": "fields_to_fields_data_clump",
      "data_clump_data": {
        "_z_8X8GEPEDWA1I0mLu0TpA": {
          "key": "_z_8X8GEPEDWA1I0mLu0TpA",
          "name": "_id",
          "type": null,
          "probability": 1,
          "modifiers": [
            "public"
          ],
          "to_variable": {
            "key": "_HVLLcGEJEDWA1I0mLu0TpA",
            "name": "_id",
            "type": null,
            "modifiers": [
              "public"
            ],
            "position": {}
          },
          "position": {}
        },
        "_2FGtoGEPEDWA1I0mLu0TpA": {
          "key": "_2FGtoGEPEDWA1I0mLu0TpA",
          "name": "privacity",
          "type": null,
          "probability": 1,
          "modifiers": [
            "public"
          ],
          "to_variable": {
            "key": "_c-nZEGEJEDWA1I0mLu0TpA",
            "name": "privacity",
            "type": null,
            "modifiers": [
              "public"
            ],
            "position": {}
          },
          "position": {}
        },
        "_4uvCUGEPEDWA1I0mLu0TpA": {
          "key": "_4uvCUGEPEDWA1I0mLu0TpA",
          "name": "created_date",
          "type": null,
          "probability": 1,
          "modifiers": [
            "public"
          ],
          "to_variable": {
            "key": "_IBb0gGEJEDWA1I0mLu0TpA",
            "name": "created_date",
            "type": null,
            "modifiers": [
              "public"
            ],
            "position": {}
          },
          "position": {}
        }
      }
    },
    "fields_to_fields_data_clump-./schoolbag-_zGfncGEPEDWA1I0mLu0TpA-_wLkgsGEKEDWA1I0mLu0TpA-_idprivacitycreated_date": {
      "type": "data_clump",
      "key": "fields_to_fields_data_clump-./schoolbag-_zGfncGEPEDWA1I0mLu0TpA-_wLkgsGEKEDWA1I0mLu0TpA-_idprivacitycreated_date",
      "probability": 1,
      "from_file_path": "./schoolbag",
      "from_class_or_interface_name": "schoolbag",
      "from_class_or_interface_key": "_zGfncGEPEDWA1I0mLu0TpA",
      "from_method_name": null,
      "from_method_key": null,
      "to_file_path": "./data.tag",
      "to_class_or_interface_key": "_wLkgsGEKEDWA1I0mLu0TpA",
      "to_class_or_interface_name": "schoolbag",
      "to_method_key": null,
      "to_method_name": null,
      "data_clump_type": "fields_to_fields_data_clump",
      "data_clump_data": {
        "_z_8X8GEPEDWA1I0mLu0TpA": {
          "key": "_z_8X8GEPEDWA1I0mLu0TpA",
          "name": "_id",
          "type": null,
          "probability": 1,
          "modifiers": [
            "public"
          ],
          "to_variable": {
            "key": "_xNOK8GEKEDWA1I0mLu0TpA",
            "name": "_id",
            "type": null,
            "modifiers": [
              "public"
            ],
            "position": {}
          },
          "position": {}
        },
        "_2FGtoGEPEDWA1I0mLu0TpA": {
          "key": "_2FGtoGEPEDWA1I0mLu0TpA",
          "name": "privacity",
          "type": null,
          "probability": 1,
          "modifiers": [
            "public"
          ],
          "to_variable": {
            "key": "_61E2AGEKEDWA1I0mLu0TpA",
            "name": "privacity",
            "type": null,
            "modifiers": [
              "public"
            ],
            "position": {}
          },
          "position": {}
        },
        "_4uvCUGEPEDWA1I0mLu0TpA": {
          "key": "_4uvCUGEPEDWA1I0mLu0TpA",
          "name": "created_date",
          "type": null,
          "probability": 1,
          "modifiers": [
            "public"
          ],
          "to_variable": {
            "key": "_0Eq5MGEKEDWA1I0mLu0TpA",
            "name": "created_date",
            "type": null,
            "modifiers": [
              "public"
            ],
            "position": {}
          },
          "position": {}
        }
      }
    },
    "fields_to_fields_data_clump-./schoolbag-_zGfncGEPEDWA1I0mLu0TpA-_eXR4UGENEDWA1I0mLu0TpA-_idtitleprivacityversion_idcreated_date": {
      "type": "data_clump",
      "key": "fields_to_fields_data_clump-./schoolbag-_zGfncGEPEDWA1I0mLu0TpA-_eXR4UGENEDWA1I0mLu0TpA-_idtitleprivacityversion_idcreated_date",
      "probability": 1,
      "from_file_path": "./schoolbag",
      "from_class_or_interface_name": "schoolbag",
      "from_class_or_interface_key": "_zGfncGEPEDWA1I0mLu0TpA",
      "from_method_name": null,
      "from_method_key": null,
      "to_file_path": "./user.paper",
      "to_class_or_interface_key": "_eXR4UGENEDWA1I0mLu0TpA",
      "to_class_or_interface_name": "schoolbag",
      "to_method_key": null,
      "to_method_name": null,
      "data_clump_type": "fields_to_fields_data_clump",
      "data_clump_data": {
        "_z_8X8GEPEDWA1I0mLu0TpA": {
          "key": "_z_8X8GEPEDWA1I0mLu0TpA",
          "name": "_id",
          "type": null,
          "probability": 1,
          "modifiers": [
            "public"
          ],
          "to_variable": {
            "key": "_fORKsGENEDWA1I0mLu0TpA",
            "name": "_id",
            "type": null,
            "modifiers": [
              "public"
            ],
            "position": {}
          },
          "position": {}
        },
        "_05--UGEPEDWA1I0mLu0TpA": {
          "key": "_05--UGEPEDWA1I0mLu0TpA",
          "name": "title",
          "type": null,
          "probability": 1,
          "modifiers": [
            "public"
          ],
          "to_variable": {
            "key": "_sIygYGENEDWA1I0mLu0TpA",
            "name": "title",
            "type": null,
            "modifiers": [
              "public"
            ],
            "position": {}
          },
          "position": {}
        },
        "_2FGtoGEPEDWA1I0mLu0TpA": {
          "key": "_2FGtoGEPEDWA1I0mLu0TpA",
          "name": "privacity",
          "type": null,
          "probability": 1,
          "modifiers": [
            "public"
          ],
          "to_variable": {
            "key": "_rHQK4GENEDWA1I0mLu0TpA",
            "name": "privacity",
            "type": null,
            "modifiers": [
              "public"
            ],
            "position": {}
          },
          "position": {}
        },
        "_33Hd0GEPEDWA1I0mLu0TpA": {
          "key": "_33Hd0GEPEDWA1I0mLu0TpA",
          "name": "version_id",
          "type": null,
          "probability": 1,
          "modifiers": [
            "public"
          ],
          "to_variable": {
            "key": "_pAbBQGENEDWA1I0mLu0TpA",
            "name": "version_id",
            "type": null,
            "modifiers": [
              "public"
            ],
            "position": {}
          },
          "position": {}
        },
        "_4uvCUGEPEDWA1I0mLu0TpA": {
          "key": "_4uvCUGEPEDWA1I0mLu0TpA",
          "name": "created_date",
          "type": null,
          "probability": 1,
          "modifiers": [
            "public"
          ],
          "to_variable": {
            "key": "_muHAYGENEDWA1I0mLu0TpA",
            "name": "created_date",
            "type": null,
            "modifiers": [
              "public"
            ],
            "position": {}
          },
          "position": {}
        }
      }
    },
    "fields_to_fields_data_clump-./shared-_6hXsUGEJEDWA1I0mLu0TpA-__AOdQGEJEDWA1I0mLu0TpA-paper_idimage_idoriginownerfrom": {
      "type": "data_clump",
      "key": "fields_to_fields_data_clump-./shared-_6hXsUGEJEDWA1I0mLu0TpA-__AOdQGEJEDWA1I0mLu0TpA-paper_idimage_idoriginownerfrom",
      "probability": 1,
      "from_file_path": "./shared",
      "from_class_or_interface_name": "shared",
      "from_class_or_interface_key": "_6hXsUGEJEDWA1I0mLu0TpA",
      "from_method_name": null,
      "from_method_key": null,
      "to_file_path": "./copy",
      "to_class_or_interface_key": "__AOdQGEJEDWA1I0mLu0TpA",
      "to_class_or_interface_name": "shared",
      "to_method_key": null,
      "to_method_name": null,
      "data_clump_type": "fields_to_fields_data_clump",
      "data_clump_data": {
        "_6hYTYGEJEDWA1I0mLu0TpA": {
          "key": "_6hYTYGEJEDWA1I0mLu0TpA",
          "name": "paper_id",
          "type": null,
          "probability": 1,
          "modifiers": [
            "public"
          ],
          "to_variable": {
            "key": "__AOdQmEJEDWA1I0mLu0TpA",
            "name": "paper_id",
            "type": null,
            "modifiers": [
              "public"
            ],
            "position": {}
          },
          "position": {}
        },
        "_6hYTYWEJEDWA1I0mLu0TpA": {
          "key": "_6hYTYWEJEDWA1I0mLu0TpA",
          "name": "image_id",
          "type": null,
          "probability": 1,
          "modifiers": [
            "public"
          ],
          "to_variable": {
            "key": "__AOdQ2EJEDWA1I0mLu0TpA",
            "name": "image_id",
            "type": null,
            "modifiers": [
              "public"
            ],
            "position": {}
          },
          "position": {}
        },
        "_E7h-EGEKEDWA1I0mLu0TpA": {
          "key": "_E7h-EGEKEDWA1I0mLu0TpA",
          "name": "origin",
          "type": null,
          "probability": 1,
          "modifiers": [
            "public"
          ],
          "to_variable": {
            "key": "_Ty9sYGEKEDWA1I0mLu0TpA",
            "name": "origin",
            "type": null,
            "modifiers": [
              "public"
            ],
            "position": {}
          },
          "position": {}
        },
        "_GQhbEGEKEDWA1I0mLu0TpA": {
          "key": "_GQhbEGEKEDWA1I0mLu0TpA",
          "name": "owner",
          "type": null,
          "probability": 1,
          "modifiers": [
            "public"
          ],
          "to_variable": {
            "key": "_UZLX0GEKEDWA1I0mLu0TpA",
            "name": "owner",
            "type": null,
            "modifiers": [
              "public"
            ],
            "position": {}
          },
          "position": {}
        },
        "_OTt1cGEKEDWA1I0mLu0TpA": {
          "key": "_OTt1cGEKEDWA1I0mLu0TpA",
          "name": "from",
          "type": null,
          "probability": 1,
          "modifiers": [
            "public"
          ],
          "to_variable": {
            "key": "_U-Gp0GEKEDWA1I0mLu0TpA",
            "name": "from",
            "type": null,
            "modifiers": [
              "public"
            ],
            "position": {}
          },
          "position": {}
        }
      }
    },
    "fields_to_fields_data_clump-./shared-_6hXsUGEJEDWA1I0mLu0TpA-_wLkgsGEKEDWA1I0mLu0TpA-paper_idimage_idowneredited_date": {
      "type": "data_clump",
      "key": "fields_to_fields_data_clump-./shared-_6hXsUGEJEDWA1I0mLu0TpA-_wLkgsGEKEDWA1I0mLu0TpA-paper_idimage_idowneredited_date",
      "probability": 1,
      "from_file_path": "./shared",
      "from_class_or_interface_name": "shared",
      "from_class_or_interface_key": "_6hXsUGEJEDWA1I0mLu0TpA",
      "from_method_name": null,
      "from_method_key": null,
      "to_file_path": "./data.tag",
      "to_class_or_interface_key": "_wLkgsGEKEDWA1I0mLu0TpA",
      "to_class_or_interface_name": "shared",
      "to_method_key": null,
      "to_method_name": null,
      "data_clump_type": "fields_to_fields_data_clump",
      "data_clump_data": {
        "_6hYTYGEJEDWA1I0mLu0TpA": {
          "key": "_6hYTYGEJEDWA1I0mLu0TpA",
          "name": "paper_id",
          "type": null,
          "probability": 1,
          "modifiers": [
            "public"
          ],
          "to_variable": {
            "key": "_y-QDsGEKEDWA1I0mLu0TpA",
            "name": "paper_id",
            "type": null,
            "modifiers": [
              "public"
            ],
            "position": {}
          },
          "position": {}
        },
        "_6hYTYWEJEDWA1I0mLu0TpA": {
          "key": "_6hYTYWEJEDWA1I0mLu0TpA",
          "name": "image_id",
          "type": null,
          "probability": 1,
          "modifiers": [
            "public"
          ],
          "to_variable": {
            "key": "_yUTu0GEKEDWA1I0mLu0TpA",
            "name": "image_id",
            "type": null,
            "modifiers": [
              "public"
            ],
            "position": {}
          },
          "position": {}
        },
        "_GQhbEGEKEDWA1I0mLu0TpA": {
          "key": "_GQhbEGEKEDWA1I0mLu0TpA",
          "name": "owner",
          "type": null,
          "probability": 1,
          "modifiers": [
            "public"
          ],
          "to_variable": {
            "key": "_8GyVgGEKEDWA1I0mLu0TpA",
            "name": "owner",
            "type": null,
            "modifiers": [
              "public"
            ],
            "position": {}
          },
          "position": {}
        },
        "_MPgiAGEKEDWA1I0mLu0TpA": {
          "key": "_MPgiAGEKEDWA1I0mLu0TpA",
          "name": "edited_date",
          "type": null,
          "probability": 1,
          "modifiers": [
            "public"
          ],
          "to_variable": {
            "key": "_10iUUGEKEDWA1I0mLu0TpA",
            "name": "edited_date",
            "type": null,
            "modifiers": [
              "public"
            ],
            "position": {}
          },
          "position": {}
        }
      }
    },
    "fields_to_fields_data_clump-./shared-_6hXsUGEJEDWA1I0mLu0TpA-_vyLlwGEJEDWA1I0mLu0TpA-paper_idimage_idoriginowner": {
      "type": "data_clump",
      "key": "fields_to_fields_data_clump-./shared-_6hXsUGEJEDWA1I0mLu0TpA-_vyLlwGEJEDWA1I0mLu0TpA-paper_idimage_idoriginowner",
      "probability": 1,
      "from_file_path": "./shared",
      "from_class_or_interface_name": "shared",
      "from_class_or_interface_key": "_6hXsUGEJEDWA1I0mLu0TpA",
      "from_method_name": null,
      "from_method_key": null,
      "to_file_path": "./paper",
      "to_class_or_interface_key": "_vyLlwGEJEDWA1I0mLu0TpA",
      "to_class_or_interface_name": "shared",
      "to_method_key": null,
      "to_method_name": null,
      "data_clump_type": "fields_to_fields_data_clump",
      "data_clump_data": {
        "_6hYTYGEJEDWA1I0mLu0TpA": {
          "key": "_6hYTYGEJEDWA1I0mLu0TpA",
          "name": "paper_id",
          "type": null,
          "probability": 1,
          "modifiers": [
            "public"
          ],
          "to_variable": {
            "key": "_0Jm5AGEJEDWA1I0mLu0TpA",
            "name": "paper_id",
            "type": null,
            "modifiers": [
              "public"
            ],
            "position": {}
          },
          "position": {}
        },
        "_6hYTYWEJEDWA1I0mLu0TpA": {
          "key": "_6hYTYWEJEDWA1I0mLu0TpA",
          "name": "image_id",
          "type": null,
          "probability": 1,
          "modifiers": [
            "public"
          ],
          "to_variable": {
            "key": "_3Dt5sGEJEDWA1I0mLu0TpA",
            "name": "image_id",
            "type": null,
            "modifiers": [
              "public"
            ],
            "position": {}
          },
          "position": {}
        },
        "_E7h-EGEKEDWA1I0mLu0TpA": {
          "key": "_E7h-EGEKEDWA1I0mLu0TpA",
          "name": "origin",
          "type": null,
          "probability": 1,
          "modifiers": [
            "public"
          ],
          "to_variable": {
            "key": "_COPRYGEKEDWA1I0mLu0TpA",
            "name": "origin",
            "type": null,
            "modifiers": [
              "public"
            ],
            "position": {}
          },
          "position": {}
        },
        "_GQhbEGEKEDWA1I0mLu0TpA": {
          "key": "_GQhbEGEKEDWA1I0mLu0TpA",
          "name": "owner",
          "type": null,
          "probability": 1,
          "modifiers": [
            "public"
          ],
          "to_variable": {
            "key": "_C8pPgGEKEDWA1I0mLu0TpA",
            "name": "owner",
            "type": null,
            "modifiers": [
              "public"
            ],
            "position": {}
          },
          "position": {}
        }
      }
    },
    "fields_to_fields_data_clump-./user.paper-_eXR4UGENEDWA1I0mLu0TpA-_EkgaoGEJEDWA1I0mLu0TpA-_idcreated_dateprivacity": {
      "type": "data_clump",
      "key": "fields_to_fields_data_clump-./user.paper-_eXR4UGENEDWA1I0mLu0TpA-_EkgaoGEJEDWA1I0mLu0TpA-_idcreated_dateprivacity",
      "probability": 1,
      "from_file_path": "./user.paper",
      "from_class_or_interface_name": "user.paper",
      "from_class_or_interface_key": "_eXR4UGENEDWA1I0mLu0TpA",
      "from_method_name": null,
      "from_method_key": null,
      "to_file_path": "./data.post",
      "to_class_or_interface_key": "_EkgaoGEJEDWA1I0mLu0TpA",
      "to_class_or_interface_name": "user.paper",
      "to_method_key": null,
      "to_method_name": null,
      "data_clump_type": "fields_to_fields_data_clump",
      "data_clump_data": {
        "_fORKsGENEDWA1I0mLu0TpA": {
          "key": "_fORKsGENEDWA1I0mLu0TpA",
          "name": "_id",
          "type": null,
          "probability": 1,
          "modifiers": [
            "public"
          ],
          "to_variable": {
            "key": "_HVLLcGEJEDWA1I0mLu0TpA",
            "name": "_id",
            "type": null,
            "modifiers": [
              "public"
            ],
            "position": {}
          },
          "position": {}
        },
        "_muHAYGENEDWA1I0mLu0TpA": {
          "key": "_muHAYGENEDWA1I0mLu0TpA",
          "name": "created_date",
          "type": null,
          "probability": 1,
          "modifiers": [
            "public"
          ],
          "to_variable": {
            "key": "_IBb0gGEJEDWA1I0mLu0TpA",
            "name": "created_date",
            "type": null,
            "modifiers": [
              "public"
            ],
            "position": {}
          },
          "position": {}
        },
        "_rHQK4GENEDWA1I0mLu0TpA": {
          "key": "_rHQK4GENEDWA1I0mLu0TpA",
          "name": "privacity",
          "type": null,
          "probability": 1,
          "modifiers": [
            "public"
          ],
          "to_variable": {
            "key": "_c-nZEGEJEDWA1I0mLu0TpA",
            "name": "privacity",
            "type": null,
            "modifiers": [
              "public"
            ],
            "position": {}
          },
          "position": {}
        }
      }
    },
    "fields_to_fields_data_clump-./user.paper-_eXR4UGENEDWA1I0mLu0TpA-_wLkgsGEKEDWA1I0mLu0TpA-_idimage_idcreated_dateprivacity": {
      "type": "data_clump",
      "key": "fields_to_fields_data_clump-./user.paper-_eXR4UGENEDWA1I0mLu0TpA-_wLkgsGEKEDWA1I0mLu0TpA-_idimage_idcreated_dateprivacity",
      "probability": 1,
      "from_file_path": "./user.paper",
      "from_class_or_interface_name": "user.paper",
      "from_class_or_interface_key": "_eXR4UGENEDWA1I0mLu0TpA",
      "from_method_name": null,
      "from_method_key": null,
      "to_file_path": "./data.tag",
      "to_class_or_interface_key": "_wLkgsGEKEDWA1I0mLu0TpA",
      "to_class_or_interface_name": "user.paper",
      "to_method_key": null,
      "to_method_name": null,
      "data_clump_type": "fields_to_fields_data_clump",
      "data_clump_data": {
        "_fORKsGENEDWA1I0mLu0TpA": {
          "key": "_fORKsGENEDWA1I0mLu0TpA",
          "name": "_id",
          "type": null,
          "probability": 1,
          "modifiers": [
            "public"
          ],
          "to_variable": {
            "key": "_xNOK8GEKEDWA1I0mLu0TpA",
            "name": "_id",
            "type": null,
            "modifiers": [
              "public"
            ],
            "position": {}
          },
          "position": {}
        },
        "_lBbcIGENEDWA1I0mLu0TpA": {
          "key": "_lBbcIGENEDWA1I0mLu0TpA",
          "name": "image_id",
          "type": null,
          "probability": 1,
          "modifiers": [
            "public"
          ],
          "to_variable": {
            "key": "_yUTu0GEKEDWA1I0mLu0TpA",
            "name": "image_id",
            "type": null,
            "modifiers": [
              "public"
            ],
            "position": {}
          },
          "position": {}
        },
        "_muHAYGENEDWA1I0mLu0TpA": {
          "key": "_muHAYGENEDWA1I0mLu0TpA",
          "name": "created_date",
          "type": null,
          "probability": 1,
          "modifiers": [
            "public"
          ],
          "to_variable": {
            "key": "_0Eq5MGEKEDWA1I0mLu0TpA",
            "name": "created_date",
            "type": null,
            "modifiers": [
              "public"
            ],
            "position": {}
          },
          "position": {}
        },
        "_rHQK4GENEDWA1I0mLu0TpA": {
          "key": "_rHQK4GENEDWA1I0mLu0TpA",
          "name": "privacity",
          "type": null,
          "probability": 1,
          "modifiers": [
            "public"
          ],
          "to_variable": {
            "key": "_61E2AGEKEDWA1I0mLu0TpA",
            "name": "privacity",
            "type": null,
            "modifiers": [
              "public"
            ],
            "position": {}
          },
          "position": {}
        }
      }
    },
    "fields_to_fields_data_clump-./user.paper-_eXR4UGENEDWA1I0mLu0TpA-_zGfncGEPEDWA1I0mLu0TpA-_idcreated_dateversion_idprivacitytitle": {
      "type": "data_clump",
      "key": "fields_to_fields_data_clump-./user.paper-_eXR4UGENEDWA1I0mLu0TpA-_zGfncGEPEDWA1I0mLu0TpA-_idcreated_dateversion_idprivacitytitle",
      "probability": 1,
      "from_file_path": "./user.paper",
      "from_class_or_interface_name": "user.paper",
      "from_class_or_interface_key": "_eXR4UGENEDWA1I0mLu0TpA",
      "from_method_name": null,
      "from_method_key": null,
      "to_file_path": "./schoolbag",
      "to_class_or_interface_key": "_zGfncGEPEDWA1I0mLu0TpA",
      "to_class_or_interface_name": "user.paper",
      "to_method_key": null,
      "to_method_name": null,
      "data_clump_type": "fields_to_fields_data_clump",
      "data_clump_data": {
        "_fORKsGENEDWA1I0mLu0TpA": {
          "key": "_fORKsGENEDWA1I0mLu0TpA",
          "name": "_id",
          "type": null,
          "probability": 1,
          "modifiers": [
            "public"
          ],
          "to_variable": {
            "key": "_z_8X8GEPEDWA1I0mLu0TpA",
            "name": "_id",
            "type": null,
            "modifiers": [
              "public"
            ],
            "position": {}
          },
          "position": {}
        },
        "_muHAYGENEDWA1I0mLu0TpA": {
          "key": "_muHAYGENEDWA1I0mLu0TpA",
          "name": "created_date",
          "type": null,
          "probability": 1,
          "modifiers": [
            "public"
          ],
          "to_variable": {
            "key": "_4uvCUGEPEDWA1I0mLu0TpA",
            "name": "created_date",
            "type": null,
            "modifiers": [
              "public"
            ],
            "position": {}
          },
          "position": {}
        },
        "_pAbBQGENEDWA1I0mLu0TpA": {
          "key": "_pAbBQGENEDWA1I0mLu0TpA",
          "name": "version_id",
          "type": null,
          "probability": 1,
          "modifiers": [
            "public"
          ],
          "to_variable": {
            "key": "_33Hd0GEPEDWA1I0mLu0TpA",
            "name": "version_id",
            "type": null,
            "modifiers": [
              "public"
            ],
            "position": {}
          },
          "position": {}
        },
        "_rHQK4GENEDWA1I0mLu0TpA": {
          "key": "_rHQK4GENEDWA1I0mLu0TpA",
          "name": "privacity",
          "type": null,
          "probability": 1,
          "modifiers": [
            "public"
          ],
          "to_variable": {
            "key": "_2FGtoGEPEDWA1I0mLu0TpA",
            "name": "privacity",
            "type": null,
            "modifiers": [
              "public"
            ],
            "position": {}
          },
          "position": {}
        },
        "_sIygYGENEDWA1I0mLu0TpA": {
          "key": "_sIygYGENEDWA1I0mLu0TpA",
          "name": "title",
          "type": null,
          "probability": 1,
          "modifiers": [
            "public"
          ],
          "to_variable": {
            "key": "_05--UGEPEDWA1I0mLu0TpA",
            "name": "title",
            "type": null,
            "modifiers": [
              "public"
            ],
            "position": {}
          },
          "position": {}
        }
      }
    }
  }
}