{
  "report_version": "unknown",
  "report_timestamp": "2025-03-26T22:06:16.740Z",
  "target_language": "java",
  "report_summary": {
    "additional": null,
    "amount_classes_or_interfaces_with_data_clumps": 3,
    "amount_files_with_data_clumps": 3,
    "amount_methods_with_data_clumps": 3,
    "fields_to_fields_data_clump": 2,
    "parameters_to_fields_data_clump": 5,
    "parameters_to_parameters_data_clump": 2,
    "amount_data_clumps": 9
  },
  "project_info": {
    "project_url": "unknown_project_url",
    "project_name": "_XaoyUHHUEee5HMQDnOR-kg",
    "project_version": "unknown_project_version",
    "project_commit_hash": "unknown",
    "project_tag": null,
    "project_commit_date": null,
    "additional": {},
    "number_of_files": 15,
    "number_of_classes_or_interfaces": 15,
    "number_of_methods": 22,
    "number_of_data_fields": 29,
    "number_of_method_parameters": 29
  },
  "detector": {
    "name": "data-clumps-doctor",
    "url": "https://github.com/NilsBaumgartner1994/data-clumps-doctor",
    "version": "0.1.100",
    "options": {
      "typeVariablesConsidered": false,
      "similarityModifierOfVariablesWithUnknownType": 0,
      "fieldsOfClassesWithUnknownHierarchyProbabilityModifier": 0,
      "sharedFieldsToFieldsAmountMinimum": 3,
      "analyseFieldsInClassesOrInterfacesInheritedFromSuperClassesOrInterfaces": false,
      "sharedParametersToParametersAmountMinimum": 3,
      "sharedParametersToFieldsAmountMinimum": 3,
      "methodsOfClassesOrInterfacesWithUnknownHierarchyProbabilityModifier": 0
    }
  },
  "data_clumps": {
    "parameters_to_parameters_data_clump-./Metric-_AfEBkVQLEDWD3eyrvwniOA-_FyQHkFQNEDWD3eyrvwniOA-prefixproductservicetags": {
      "type": "data_clump",
      "key": "parameters_to_parameters_data_clump-./Metric-_AfEBkVQLEDWD3eyrvwniOA-_FyQHkFQNEDWD3eyrvwniOA-prefixproductservicetags",
      "probability": 1,
      "from_file_path": "./Metric",
      "from_class_or_interface_name": "Metric",
      "from_class_or_interface_key": "_izYRQFQJEDWD3eyrvwniOA",
      "from_method_name": "__init__",
      "from_method_key": "_AfEBkVQLEDWD3eyrvwniOA",
      "to_file_path": "./MetricResult",
      "to_class_or_interface_name": "MetricResult",
      "to_class_or_interface_key": "_ouhkkFQKEDWD3eyrvwniOA",
      "to_method_name": "__init__",
      "to_method_key": "_FyQHkFQNEDWD3eyrvwniOA",
      "data_clump_type": "parameters_to_parameters_data_clump",
      "data_clump_data": {
        "_Bwcw8FQLEDWD3eyrvwniOA": {
          "key": "_Bwcw8FQLEDWD3eyrvwniOA",
          "name": "prefix",
          "type": null,
          "probability": 1,
          "modifiers": [],
          "to_variable": {
            "key": "_IF0ssFQNEDWD3eyrvwniOA",
            "name": "prefix",
            "type": null,
            "modifiers": [],
            "position": {}
          },
          "position": {}
        },
        "_Edg0IFQLEDWD3eyrvwniOA": {
          "key": "_Edg0IFQLEDWD3eyrvwniOA",
          "name": "product",
          "type": null,
          "probability": 1,
          "modifiers": [],
          "to_variable": {
            "key": "_J58VsFQNEDWD3eyrvwniOA",
            "name": "product",
            "type": null,
            "modifiers": [],
            "position": {}
          },
          "position": {}
        },
        "_LjBeQFQLEDWD3eyrvwniOA": {
          "key": "_LjBeQFQLEDWD3eyrvwniOA",
          "name": "service",
          "type": null,
          "probability": 1,
          "modifiers": [],
          "to_variable": {
            "key": "_KWYaEFQNEDWD3eyrvwniOA",
            "name": "service",
            "type": null,
            "modifiers": [],
            "position": {}
          },
          "position": {}
        },
        "_Q2h_QFQLEDWD3eyrvwniOA": {
          "key": "_Q2h_QFQLEDWD3eyrvwniOA",
          "name": "tags",
          "type": null,
          "probability": 1,
          "modifiers": [],
          "to_variable": {
            "key": "_KzGyUFQNEDWD3eyrvwniOA",
            "name": "tags",
            "type": null,
            "modifiers": [],
            "position": {}
          },
          "position": {}
        }
      }
    },
    "parameters_to_fields_data_clump-./Metric-_AfEBkVQLEDWD3eyrvwniOA-_izYRQFQJEDWD3eyrvwniOA-prefixproductservicetags": {
      "type": "data_clump",
      "key": "parameters_to_fields_data_clump-./Metric-_AfEBkVQLEDWD3eyrvwniOA-_izYRQFQJEDWD3eyrvwniOA-prefixproductservicetags",
      "probability": 1,
      "from_file_path": "./Metric",
      "from_class_or_interface_name": "Metric",
      "from_class_or_interface_key": "_izYRQFQJEDWD3eyrvwniOA",
      "from_method_name": "__init__",
      "from_method_key": "_AfEBkVQLEDWD3eyrvwniOA",
      "to_file_path": "./Metric",
      "to_class_or_interface_name": "Metric",
      "to_class_or_interface_key": "_izYRQFQJEDWD3eyrvwniOA",
      "to_method_name": null,
      "to_method_key": null,
      "data_clump_type": "parameters_to_fields_data_clump",
      "data_clump_data": {
        "_Bwcw8FQLEDWD3eyrvwniOA": {
          "key": "_Bwcw8FQLEDWD3eyrvwniOA",
          "name": "prefix",
          "type": null,
          "probability": 1,
          "modifiers": [],
          "to_variable": {
            "key": "_Yut48FQKEDWD3eyrvwniOA",
            "name": "prefix",
            "type": null,
            "modifiers": [
              "public"
            ],
            "position": {}
          },
          "position": {}
        },
        "_Edg0IFQLEDWD3eyrvwniOA": {
          "key": "_Edg0IFQLEDWD3eyrvwniOA",
          "name": "product",
          "type": null,
          "probability": 1,
          "modifiers": [],
          "to_variable": {
            "key": "_Z0-9cFQKEDWD3eyrvwniOA",
            "name": "product",
            "type": null,
            "modifiers": [
              "public"
            ],
            "position": {}
          },
          "position": {}
        },
        "_LjBeQFQLEDWD3eyrvwniOA": {
          "key": "_LjBeQFQLEDWD3eyrvwniOA",
          "name": "service",
          "type": null,
          "probability": 1,
          "modifiers": [],
          "to_variable": {
            "key": "_bPP8AFQKEDWD3eyrvwniOA",
            "name": "service",
            "type": null,
            "modifiers": [
              "public"
            ],
            "position": {}
          },
          "position": {}
        },
        "_Q2h_QFQLEDWD3eyrvwniOA": {
          "key": "_Q2h_QFQLEDWD3eyrvwniOA",
          "name": "tags",
          "type": null,
          "probability": 1,
          "modifiers": [],
          "to_variable": {
            "key": "_fV198FQKEDWD3eyrvwniOA",
            "name": "tags",
            "type": null,
            "modifiers": [
              "public"
            ],
            "position": {}
          },
          "position": {}
        }
      }
    },
    "parameters_to_fields_data_clump-./Metric-_AfEBkVQLEDWD3eyrvwniOA-_ouhkkFQKEDWD3eyrvwniOA-prefixproductservicetags": {
      "type": "data_clump",
      "key": "parameters_to_fields_data_clump-./Metric-_AfEBkVQLEDWD3eyrvwniOA-_ouhkkFQKEDWD3eyrvwniOA-prefixproductservicetags",
      "probability": 1,
      "from_file_path": "./Metric",
      "from_class_or_interface_name": "Metric",
      "from_class_or_interface_key": "_izYRQFQJEDWD3eyrvwniOA",
      "from_method_name": "__init__",
      "from_method_key": "_AfEBkVQLEDWD3eyrvwniOA",
      "to_file_path": "./MetricResult",
      "to_class_or_interface_name": "MetricResult",
      "to_class_or_interface_key": "_ouhkkFQKEDWD3eyrvwniOA",
      "to_method_name": null,
      "to_method_key": null,
      "data_clump_type": "parameters_to_fields_data_clump",
      "data_clump_data": {
        "_Bwcw8FQLEDWD3eyrvwniOA": {
          "key": "_Bwcw8FQLEDWD3eyrvwniOA",
          "name": "prefix",
          "type": null,
          "probability": 1,
          "modifiers": [],
          "to_variable": {
            "key": "_tjZW4FQMEDWD3eyrvwniOA",
            "name": "prefix",
            "type": null,
            "modifiers": [
              "public"
            ],
            "position": {}
          },
          "position": {}
        },
        "_Edg0IFQLEDWD3eyrvwniOA": {
          "key": "_Edg0IFQLEDWD3eyrvwniOA",
          "name": "product",
          "type": null,
          "probability": 1,
          "modifiers": [],
          "to_variable": {
            "key": "_uBXFQFQMEDWD3eyrvwniOA",
            "name": "product",
            "type": null,
            "modifiers": [
              "public"
            ],
            "position": {}
          },
          "position": {}
        },
        "_LjBeQFQLEDWD3eyrvwniOA": {
          "key": "_LjBeQFQLEDWD3eyrvwniOA",
          "name": "service",
          "type": null,
          "probability": 1,
          "modifiers": [],
          "to_variable": {
            "key": "_uq_REFQMEDWD3eyrvwniOA",
            "name": "service",
            "type": null,
            "modifiers": [
              "public"
            ],
            "position": {}
          },
          "position": {}
        },
        "_Q2h_QFQLEDWD3eyrvwniOA": {
          "key": "_Q2h_QFQLEDWD3eyrvwniOA",
          "name": "tags",
          "type": null,
          "probability": 1,
          "modifiers": [],
          "to_variable": {
            "key": "_vvXfMFQMEDWD3eyrvwniOA",
            "name": "tags",
            "type": null,
            "modifiers": [
              "public"
            ],
            "position": {}
          },
          "position": {}
        }
      }
    },
    "parameters_to_parameters_data_clump-./MetricResult-_FyQHkFQNEDWD3eyrvwniOA-_AfEBkVQLEDWD3eyrvwniOA-prefixproductservicetags": {
      "type": "data_clump",
      "key": "parameters_to_parameters_data_clump-./MetricResult-_FyQHkFQNEDWD3eyrvwniOA-_AfEBkVQLEDWD3eyrvwniOA-prefixproductservicetags",
      "probability": 1,
      "from_file_path": "./MetricResult",
      "from_class_or_interface_name": "MetricResult",
      "from_class_or_interface_key": "_ouhkkFQKEDWD3eyrvwniOA",
      "from_method_name": "__init__",
      "from_method_key": "_FyQHkFQNEDWD3eyrvwniOA",
      "to_file_path": "./Metric",
      "to_class_or_interface_name": "Metric",
      "to_class_or_interface_key": "_izYRQFQJEDWD3eyrvwniOA",
      "to_method_name": "__init__",
      "to_method_key": "_AfEBkVQLEDWD3eyrvwniOA",
      "data_clump_type": "parameters_to_parameters_data_clump",
      "data_clump_data": {
        "_IF0ssFQNEDWD3eyrvwniOA": {
          "key": "_IF0ssFQNEDWD3eyrvwniOA",
          "name": "prefix",
          "type": null,
          "probability": 1,
          "modifiers": [],
          "to_variable": {
            "key": "_Bwcw8FQLEDWD3eyrvwniOA",
            "name": "prefix",
            "type": null,
            "modifiers": [],
            "position": {}
          },
          "position": {}
        },
        "_J58VsFQNEDWD3eyrvwniOA": {
          "key": "_J58VsFQNEDWD3eyrvwniOA",
          "name": "product",
          "type": null,
          "probability": 1,
          "modifiers": [],
          "to_variable": {
            "key": "_Edg0IFQLEDWD3eyrvwniOA",
            "name": "product",
            "type": null,
            "modifiers": [],
            "position": {}
          },
          "position": {}
        },
        "_KWYaEFQNEDWD3eyrvwniOA": {
          "key": "_KWYaEFQNEDWD3eyrvwniOA",
          "name": "service",
          "type": null,
          "probability": 1,
          "modifiers": [],
          "to_variable": {
            "key": "_LjBeQFQLEDWD3eyrvwniOA",
            "name": "service",
            "type": null,
            "modifiers": [],
            "position": {}
          },
          "position": {}
        },
        "_KzGyUFQNEDWD3eyrvwniOA": {
          "key": "_KzGyUFQNEDWD3eyrvwniOA",
          "name": "tags",
          "type": null,
          "probability": 1,
          "modifiers": [],
          "to_variable": {
            "key": "_Q2h_QFQLEDWD3eyrvwniOA",
            "name": "tags",
            "type": null,
            "modifiers": [],
            "position": {}
          },
          "position": {}
        }
      }
    },
    "parameters_to_fields_data_clump-./MetricResult-_FyQHkFQNEDWD3eyrvwniOA-_izYRQFQJEDWD3eyrvwniOA-prefixproductservicetags": {
      "type": "data_clump",
      "key": "parameters_to_fields_data_clump-./MetricResult-_FyQHkFQNEDWD3eyrvwniOA-_izYRQFQJEDWD3eyrvwniOA-prefixproductservicetags",
      "probability": 1,
      "from_file_path": "./MetricResult",
      "from_class_or_interface_name": "MetricResult",
      "from_class_or_interface_key": "_ouhkkFQKEDWD3eyrvwniOA",
      "from_method_name": "__init__",
      "from_method_key": "_FyQHkFQNEDWD3eyrvwniOA",
      "to_file_path": "./Metric",
      "to_class_or_interface_name": "Metric",
      "to_class_or_interface_key": "_izYRQFQJEDWD3eyrvwniOA",
      "to_method_name": null,
      "to_method_key": null,
      "data_clump_type": "parameters_to_fields_data_clump",
      "data_clump_data": {
        "_IF0ssFQNEDWD3eyrvwniOA": {
          "key": "_IF0ssFQNEDWD3eyrvwniOA",
          "name": "prefix",
          "type": null,
          "probability": 1,
          "modifiers": [],
          "to_variable": {
            "key": "_Yut48FQKEDWD3eyrvwniOA",
            "name": "prefix",
            "type": null,
            "modifiers": [
              "public"
            ],
            "position": {}
          },
          "position": {}
        },
        "_J58VsFQNEDWD3eyrvwniOA": {
          "key": "_J58VsFQNEDWD3eyrvwniOA",
          "name": "product",
          "type": null,
          "probability": 1,
          "modifiers": [],
          "to_variable": {
            "key": "_Z0-9cFQKEDWD3eyrvwniOA",
            "name": "product",
            "type": null,
            "modifiers": [
              "public"
            ],
            "position": {}
          },
          "position": {}
        },
        "_KWYaEFQNEDWD3eyrvwniOA": {
          "key": "_KWYaEFQNEDWD3eyrvwniOA",
          "name": "service",
          "type": null,
          "probability": 1,
          "modifiers": [],
          "to_variable": {
            "key": "_bPP8AFQKEDWD3eyrvwniOA",
            "name": "service",
            "type": null,
            "modifiers": [
              "public"
            ],
            "position": {}
          },
          "position": {}
        },
        "_KzGyUFQNEDWD3eyrvwniOA": {
          "key": "_KzGyUFQNEDWD3eyrvwniOA",
          "name": "tags",
          "type": null,
          "probability": 1,
          "modifiers": [],
          "to_variable": {
            "key": "_fV198FQKEDWD3eyrvwniOA",
            "name": "tags",
            "type": null,
            "modifiers": [
              "public"
            ],
            "position": {}
          },
          "position": {}
        }
      }
    },
    "parameters_to_fields_data_clump-./MetricResult-_FyQHkFQNEDWD3eyrvwniOA-_ouhkkFQKEDWD3eyrvwniOA-prefixproductservicetags": {
      "type": "data_clump",
      "key": "parameters_to_fields_data_clump-./MetricResult-_FyQHkFQNEDWD3eyrvwniOA-_ouhkkFQKEDWD3eyrvwniOA-prefixproductservicetags",
      "probability": 1,
      "from_file_path": "./MetricResult",
      "from_class_or_interface_name": "MetricResult",
      "from_class_or_interface_key": "_ouhkkFQKEDWD3eyrvwniOA",
      "from_method_name": "__init__",
      "from_method_key": "_FyQHkFQNEDWD3eyrvwniOA",
      "to_file_path": "./MetricResult",
      "to_class_or_interface_name": "MetricResult",
      "to_class_or_interface_key": "_ouhkkFQKEDWD3eyrvwniOA",
      "to_method_name": null,
      "to_method_key": null,
      "data_clump_type": "parameters_to_fields_data_clump",
      "data_clump_data": {
        "_IF0ssFQNEDWD3eyrvwniOA": {
          "key": "_IF0ssFQNEDWD3eyrvwniOA",
          "name": "prefix",
          "type": null,
          "probability": 1,
          "modifiers": [],
          "to_variable": {
            "key": "_tjZW4FQMEDWD3eyrvwniOA",
            "name": "prefix",
            "type": null,
            "modifiers": [
              "public"
            ],
            "position": {}
          },
          "position": {}
        },
        "_J58VsFQNEDWD3eyrvwniOA": {
          "key": "_J58VsFQNEDWD3eyrvwniOA",
          "name": "product",
          "type": null,
          "probability": 1,
          "modifiers": [],
          "to_variable": {
            "key": "_uBXFQFQMEDWD3eyrvwniOA",
            "name": "product",
            "type": null,
            "modifiers": [
              "public"
            ],
            "position": {}
          },
          "position": {}
        },
        "_KWYaEFQNEDWD3eyrvwniOA": {
          "key": "_KWYaEFQNEDWD3eyrvwniOA",
          "name": "service",
          "type": null,
          "probability": 1,
          "modifiers": [],
          "to_variable": {
            "key": "_uq_REFQMEDWD3eyrvwniOA",
            "name": "service",
            "type": null,
            "modifiers": [
              "public"
            ],
            "position": {}
          },
          "position": {}
        },
        "_KzGyUFQNEDWD3eyrvwniOA": {
          "key": "_KzGyUFQNEDWD3eyrvwniOA",
          "name": "tags",
          "type": null,
          "probability": 1,
          "modifiers": [],
          "to_variable": {
            "key": "_vvXfMFQMEDWD3eyrvwniOA",
            "name": "tags",
            "type": null,
            "modifiers": [
              "public"
            ],
            "position": {}
          },
          "position": {}
        }
      }
    },
    "parameters_to_fields_data_clump-./PH_Base-_-6GHgVQNEDWD3eyrvwniOA-_8uZsAFQNEDWD3eyrvwniOA-base_urishared_keysecret_keyapp_name": {
      "type": "data_clump",
      "key": "parameters_to_fields_data_clump-./PH_Base-_-6GHgVQNEDWD3eyrvwniOA-_8uZsAFQNEDWD3eyrvwniOA-base_urishared_keysecret_keyapp_name",
      "probability": 1,
      "from_file_path": "./PH_Base",
      "from_class_or_interface_name": "PH_Base",
      "from_class_or_interface_key": "_8uZsAFQNEDWD3eyrvwniOA",
      "from_method_name": "__init__",
      "from_method_key": "_-6GHgVQNEDWD3eyrvwniOA",
      "to_file_path": "./PH_Base",
      "to_class_or_interface_name": "PH_Base",
      "to_class_or_interface_key": "_8uZsAFQNEDWD3eyrvwniOA",
      "to_method_name": null,
      "to_method_key": null,
      "data_clump_type": "parameters_to_fields_data_clump",
      "data_clump_data": {
        "_Oe9U0FQUEDWY2_sm6OfP3A": {
          "key": "_Oe9U0FQUEDWY2_sm6OfP3A",
          "name": "base_uri",
          "type": null,
          "probability": 1,
          "modifiers": [],
          "to_variable": {
            "key": "_LkwcQFQOEDWD3eyrvwniOA",
            "name": "base_uri",
            "type": null,
            "modifiers": [
              "public"
            ],
            "position": {}
          },
          "position": {}
        },
        "_PlVuEFQUEDWY2_sm6OfP3A": {
          "key": "_PlVuEFQUEDWY2_sm6OfP3A",
          "name": "shared_key",
          "type": null,
          "probability": 1,
          "modifiers": [],
          "to_variable": {
            "key": "_MwvHMFQOEDWD3eyrvwniOA",
            "name": "shared_key",
            "type": null,
            "modifiers": [
              "public"
            ],
            "position": {}
          },
          "position": {}
        },
        "_QkKGwFQUEDWY2_sm6OfP3A": {
          "key": "_QkKGwFQUEDWY2_sm6OfP3A",
          "name": "secret_key",
          "type": null,
          "probability": 1,
          "modifiers": [],
          "to_variable": {
            "key": "_O-O5gFQOEDWD3eyrvwniOA",
            "name": "secret_key",
            "type": null,
            "modifiers": [
              "public"
            ],
            "position": {}
          },
          "position": {}
        },
        "_Rwev8FQUEDWY2_sm6OfP3A": {
          "key": "_Rwev8FQUEDWY2_sm6OfP3A",
          "name": "app_name",
          "type": null,
          "probability": 1,
          "modifiers": [],
          "to_variable": {
            "key": "_QW1rMFQOEDWD3eyrvwniOA",
            "name": "app_name",
            "type": null,
            "modifiers": [
              "public"
            ],
            "position": {}
          },
          "position": {}
        }
      }
    },
    "fields_to_fields_data_clump-./Metric-_izYRQFQJEDWD3eyrvwniOA-_ouhkkFQKEDWD3eyrvwniOA-prefixproductservicetags": {
      "type": "data_clump",
      "key": "fields_to_fields_data_clump-./Metric-_izYRQFQJEDWD3eyrvwniOA-_ouhkkFQKEDWD3eyrvwniOA-prefixproductservicetags",
      "probability": 1,
      "from_file_path": "./Metric",
      "from_class_or_interface_name": "Metric",
      "from_class_or_interface_key": "_izYRQFQJEDWD3eyrvwniOA",
      "from_method_name": null,
      "from_method_key": null,
      "to_file_path": "./MetricResult",
      "to_class_or_interface_key": "_ouhkkFQKEDWD3eyrvwniOA",
      "to_class_or_interface_name": "Metric",
      "to_method_key": null,
      "to_method_name": null,
      "data_clump_type": "fields_to_fields_data_clump",
      "data_clump_data": {
        "_Yut48FQKEDWD3eyrvwniOA": {
          "key": "_Yut48FQKEDWD3eyrvwniOA",
          "name": "prefix",
          "type": null,
          "probability": 1,
          "modifiers": [
            "public"
          ],
          "to_variable": {
            "key": "_tjZW4FQMEDWD3eyrvwniOA",
            "name": "prefix",
            "type": null,
            "modifiers": [
              "public"
            ],
            "position": {}
          },
          "position": {}
        },
        "_Z0-9cFQKEDWD3eyrvwniOA": {
          "key": "_Z0-9cFQKEDWD3eyrvwniOA",
          "name": "product",
          "type": null,
          "probability": 1,
          "modifiers": [
            "public"
          ],
          "to_variable": {
            "key": "_uBXFQFQMEDWD3eyrvwniOA",
            "name": "product",
            "type": null,
            "modifiers": [
              "public"
            ],
            "position": {}
          },
          "position": {}
        },
        "_bPP8AFQKEDWD3eyrvwniOA": {
          "key": "_bPP8AFQKEDWD3eyrvwniOA",
          "name": "service",
          "type": null,
          "probability": 1,
          "modifiers": [
            "public"
          ],
          "to_variable": {
            "key": "_uq_REFQMEDWD3eyrvwniOA",
            "name": "service",
            "type": null,
            "modifiers": [
              "public"
            ],
            "position": {}
          },
          "position": {}
        },
        "_fV198FQKEDWD3eyrvwniOA": {
          "key": "_fV198FQKEDWD3eyrvwniOA",
          "name": "tags",
          "type": null,
          "probability": 1,
          "modifiers": [
            "public"
          ],
          "to_variable": {
            "key": "_vvXfMFQMEDWD3eyrvwniOA",
            "name": "tags",
            "type": null,
            "modifiers": [
              "public"
            ],
            "position": {}
          },
          "position": {}
        }
      }
    },
    "fields_to_fields_data_clump-./MetricResult-_ouhkkFQKEDWD3eyrvwniOA-_izYRQFQJEDWD3eyrvwniOA-prefixproductservicetags": {
      "type": "data_clump",
      "key": "fields_to_fields_data_clump-./MetricResult-_ouhkkFQKEDWD3eyrvwniOA-_izYRQFQJEDWD3eyrvwniOA-prefixproductservicetags",
      "probability": 1,
      "from_file_path": "./MetricResult",
      "from_class_or_interface_name": "MetricResult",
      "from_class_or_interface_key": "_ouhkkFQKEDWD3eyrvwniOA",
      "from_method_name": null,
      "from_method_key": null,
      "to_file_path": "./Metric",
      "to_class_or_interface_key": "_izYRQFQJEDWD3eyrvwniOA",
      "to_class_or_interface_name": "MetricResult",
      "to_method_key": null,
      "to_method_name": null,
      "data_clump_type": "fields_to_fields_data_clump",
      "data_clump_data": {
        "_tjZW4FQMEDWD3eyrvwniOA": {
          "key": "_tjZW4FQMEDWD3eyrvwniOA",
          "name": "prefix",
          "type": null,
          "probability": 1,
          "modifiers": [
            "public"
          ],
          "to_variable": {
            "key": "_Yut48FQKEDWD3eyrvwniOA",
            "name": "prefix",
            "type": null,
            "modifiers": [
              "public"
            ],
            "position": {}
          },
          "position": {}
        },
        "_uBXFQFQMEDWD3eyrvwniOA": {
          "key": "_uBXFQFQMEDWD3eyrvwniOA",
          "name": "product",
          "type": null,
          "probability": 1,
          "modifiers": [
            "public"
          ],
          "to_variable": {
            "key": "_Z0-9cFQKEDWD3eyrvwniOA",
            "name": "product",
            "type": null,
            "modifiers": [
              "public"
            ],
            "position": {}
          },
          "position": {}
        },
        "_uq_REFQMEDWD3eyrvwniOA": {
          "key": "_uq_REFQMEDWD3eyrvwniOA",
          "name": "service",
          "type": null,
          "probability": 1,
          "modifiers": [
            "public"
          ],
          "to_variable": {
            "key": "_bPP8AFQKEDWD3eyrvwniOA",
            "name": "service",
            "type": null,
            "modifiers": [
              "public"
            ],
            "position": {}
          },
          "position": {}
        },
        "_vvXfMFQMEDWD3eyrvwniOA": {
          "key": "_vvXfMFQMEDWD3eyrvwniOA",
          "name": "tags",
          "type": null,
          "probability": 1,
          "modifiers": [
            "public"
          ],
          "to_variable": {
            "key": "_fV198FQKEDWD3eyrvwniOA",
            "name": "tags",
            "type": null,
            "modifiers": [
              "public"
            ],
            "position": {}
          },
          "position": {}
        }
      }
    }
  }
}