{
  "report_version": "unknown",
  "report_timestamp": "2025-03-26T22:12:27.767Z",
  "target_language": "java",
  "report_summary": {
    "additional": null,
    "amount_classes_or_interfaces_with_data_clumps": 2,
    "amount_files_with_data_clumps": 2,
    "amount_methods_with_data_clumps": 0,
    "fields_to_fields_data_clump": 2,
    "parameters_to_fields_data_clump": 0,
    "parameters_to_parameters_data_clump": 0,
    "amount_data_clumps": 2
  },
  "project_info": {
    "project_url": "unknown_project_url",
    "project_name": "_iuwMsFa8Ee6SCbCxmAtZhg",
    "project_version": "unknown_project_version",
    "project_commit_hash": "unknown",
    "project_tag": null,
    "project_commit_date": null,
    "additional": {},
    "number_of_files": 10,
    "number_of_classes_or_interfaces": 10,
    "number_of_methods": 12,
    "number_of_data_fields": 48,
    "number_of_method_parameters": 0
  },
  "detector": {
    "name": "data-clumps-doctor",
    "url": "https://github.com/NilsBaumgartner1994/data-clumps-doctor",
    "version": "0.1.100",
    "options": {
      "typeVariablesConsidered": false,
      "similarityModifierOfVariablesWithUnknownType": 0,
      "fieldsOfClassesWithUnknownHierarchyProbabilityModifier": 0,
      "sharedFieldsToFieldsAmountMinimum": 3,
      "analyseFieldsInClassesOrInterfacesInheritedFromSuperClassesOrInterfaces": false,
      "sharedParametersToParametersAmountMinimum": 3,
      "sharedParametersToFieldsAmountMinimum": 3,
      "methodsOfClassesOrInterfacesWithUnknownHierarchyProbabilityModifier": 0
    }
  },
  "data_clumps": {
    "fields_to_fields_data_clump-./Persona-_9YAWQEHOEDy7rMd5j-wHzA-_Ax4cIEHPEDy7rMd5j-wHzA-IDusuarioNombreE-mailNumeroTelefono": {
      "type": "data_clump",
      "key": "fields_to_fields_data_clump-./Persona-_9YAWQEHOEDy7rMd5j-wHzA-_Ax4cIEHPEDy7rMd5j-wHzA-IDusuarioNombreE-mailNumeroTelefono",
      "probability": 1,
      "from_file_path": "./Persona",
      "from_class_or_interface_name": "Persona",
      "from_class_or_interface_key": "_9YAWQEHOEDy7rMd5j-wHzA",
      "from_method_name": null,
      "from_method_key": null,
      "to_file_path": "./Usuario",
      "to_class_or_interface_key": "_Ax4cIEHPEDy7rMd5j-wHzA",
      "to_class_or_interface_name": "Persona",
      "to_method_key": null,
      "to_method_name": null,
      "data_clump_type": "fields_to_fields_data_clump",
      "data_clump_data": {
        "_9YAWQUHOEDy7rMd5j-wHzA": {
          "key": "_9YAWQUHOEDy7rMd5j-wHzA",
          "name": "IDusuario",
          "type": null,
          "probability": 1,
          "modifiers": [
            "public"
          ],
          "to_variable": {
            "key": "_6JNCgEHPEDy7rMd5j-wHzA",
            "name": "IDusuario",
            "type": null,
            "modifiers": [
              "public"
            ],
            "position": {}
          },
          "position": {}
        },
        "_9YAWQkHOEDy7rMd5j-wHzA": {
          "key": "_9YAWQkHOEDy7rMd5j-wHzA",
          "name": "Nombre",
          "type": null,
          "probability": 1,
          "modifiers": [
            "public"
          ],
          "to_variable": {
            "key": "__JIgMEHPEDy7rMd5j-wHzA",
            "name": "Nombre",
            "type": null,
            "modifiers": [
              "public"
            ],
            "position": {}
          },
          "position": {}
        },
        "_9YAWQ0HOEDy7rMd5j-wHzA": {
          "key": "_9YAWQ0HOEDy7rMd5j-wHzA",
          "name": "E-mail",
          "type": null,
          "probability": 1,
          "modifiers": [
            "public"
          ],
          "to_variable": {
            "key": "_CIf0UEHQEDy7rMd5j-wHzA",
            "name": "E-mail",
            "type": null,
            "modifiers": [
              "public"
            ],
            "position": {}
          },
          "position": {}
        },
        "_9YAWREHOEDy7rMd5j-wHzA": {
          "key": "_9YAWREHOEDy7rMd5j-wHzA",
          "name": "NumeroTelefono",
          "type": null,
          "probability": 1,
          "modifiers": [
            "public"
          ],
          "to_variable": {
            "key": "_DO1KQEHQEDy7rMd5j-wHzA",
            "name": "NumeroTelefono",
            "type": null,
            "modifiers": [
              "public"
            ],
            "position": {}
          },
          "position": {}
        }
      }
    },
    "fields_to_fields_data_clump-./Usuario-_Ax4cIEHPEDy7rMd5j-wHzA-_9YAWQEHOEDy7rMd5j-wHzA-IDusuarioNombreE-mailNumeroTelefono": {
      "type": "data_clump",
      "key": "fields_to_fields_data_clump-./Usuario-_Ax4cIEHPEDy7rMd5j-wHzA-_9YAWQEHOEDy7rMd5j-wHzA-IDusuarioNombreE-mailNumeroTelefono",
      "probability": 1,
      "from_file_path": "./Usuario",
      "from_class_or_interface_name": "Usuario",
      "from_class_or_interface_key": "_Ax4cIEHPEDy7rMd5j-wHzA",
      "from_method_name": null,
      "from_method_key": null,
      "to_file_path": "./Persona",
      "to_class_or_interface_key": "_9YAWQEHOEDy7rMd5j-wHzA",
      "to_class_or_interface_name": "Usuario",
      "to_method_key": null,
      "to_method_name": null,
      "data_clump_type": "fields_to_fields_data_clump",
      "data_clump_data": {
        "_6JNCgEHPEDy7rMd5j-wHzA": {
          "key": "_6JNCgEHPEDy7rMd5j-wHzA",
          "name": "IDusuario",
          "type": null,
          "probability": 1,
          "modifiers": [
            "public"
          ],
          "to_variable": {
            "key": "_9YAWQUHOEDy7rMd5j-wHzA",
            "name": "IDusuario",
            "type": null,
            "modifiers": [
              "public"
            ],
            "position": {}
          },
          "position": {}
        },
        "__JIgMEHPEDy7rMd5j-wHzA": {
          "key": "__JIgMEHPEDy7rMd5j-wHzA",
          "name": "Nombre",
          "type": null,
          "probability": 1,
          "modifiers": [
            "public"
          ],
          "to_variable": {
            "key": "_9YAWQkHOEDy7rMd5j-wHzA",
            "name": "Nombre",
            "type": null,
            "modifiers": [
              "public"
            ],
            "position": {}
          },
          "position": {}
        },
        "_CIf0UEHQEDy7rMd5j-wHzA": {
          "key": "_CIf0UEHQEDy7rMd5j-wHzA",
          "name": "E-mail",
          "type": null,
          "probability": 1,
          "modifiers": [
            "public"
          ],
          "to_variable": {
            "key": "_9YAWQ0HOEDy7rMd5j-wHzA",
            "name": "E-mail",
            "type": null,
            "modifiers": [
              "public"
            ],
            "position": {}
          },
          "position": {}
        },
        "_DO1KQEHQEDy7rMd5j-wHzA": {
          "key": "_DO1KQEHQEDy7rMd5j-wHzA",
          "name": "NumeroTelefono",
          "type": null,
          "probability": 1,
          "modifiers": [
            "public"
          ],
          "to_variable": {
            "key": "_9YAWREHOEDy7rMd5j-wHzA",
            "name": "NumeroTelefono",
            "type": null,
            "modifiers": [
              "public"
            ],
            "position": {}
          },
          "position": {}
        }
      }
    }
  }
}