{
  "report_version": "unknown",
  "report_timestamp": "2025-03-26T22:29:37.761Z",
  "target_language": "java",
  "report_summary": {
    "additional": null,
    "amount_classes_or_interfaces_with_data_clumps": 4,
    "amount_files_with_data_clumps": 4,
    "amount_methods_with_data_clumps": 4,
    "fields_to_fields_data_clump": 0,
    "parameters_to_fields_data_clump": 1,
    "parameters_to_parameters_data_clump": 6,
    "amount_data_clumps": 7
  },
  "project_info": {
    "project_url": "unknown_project_url",
    "project_name": "_LINnMKs-Eea217yLRs2OoA",
    "project_version": "unknown_project_version",
    "project_commit_hash": "unknown",
    "project_tag": null,
    "project_commit_date": null,
    "additional": {},
    "number_of_files": 27,
    "number_of_classes_or_interfaces": 27,
    "number_of_methods": 119,
    "number_of_data_fields": 27,
    "number_of_method_parameters": 100
  },
  "detector": {
    "name": "data-clumps-doctor",
    "url": "https://github.com/NilsBaumgartner1994/data-clumps-doctor",
    "version": "0.1.100",
    "options": {
      "typeVariablesConsidered": false,
      "similarityModifierOfVariablesWithUnknownType": 0,
      "fieldsOfClassesWithUnknownHierarchyProbabilityModifier": 0,
      "sharedFieldsToFieldsAmountMinimum": 3,
      "analyseFieldsInClassesOrInterfacesInheritedFromSuperClassesOrInterfaces": false,
      "sharedParametersToParametersAmountMinimum": 3,
      "sharedParametersToFieldsAmountMinimum": 3,
      "methodsOfClassesOrInterfacesWithUnknownHierarchyProbabilityModifier": 0
    }
  },
  "data_clumps": {
    "parameters_to_fields_data_clump-./Carte-_LaMITqs-EealldQDeJIBuw-_LaMIQKs-EealldQDeJIBuw-nbLignesnbColonnestailleCases": {
      "type": "data_clump",
      "key": "parameters_to_fields_data_clump-./Carte-_LaMITqs-EealldQDeJIBuw-_LaMIQKs-EealldQDeJIBuw-nbLignesnbColonnestailleCases",
      "probability": 1,
      "from_file_path": "./Carte",
      "from_class_or_interface_name": "Carte",
      "from_class_or_interface_key": "_LaMIQKs-EealldQDeJIBuw",
      "from_method_name": "Carte",
      "from_method_key": "_LaMITqs-EealldQDeJIBuw",
      "to_file_path": "./Carte",
      "to_class_or_interface_name": "Carte",
      "to_class_or_interface_key": "_LaMIQKs-EealldQDeJIBuw",
      "to_method_name": null,
      "to_method_key": null,
      "data_clump_type": "parameters_to_fields_data_clump",
      "data_clump_data": {
        "_LaMIT6s-EealldQDeJIBuw": {
          "key": "_LaMIT6s-EealldQDeJIBuw",
          "name": "nbLignes",
          "type": null,
          "probability": 1,
          "modifiers": [],
          "to_variable": {
            "key": "_LaMIRKs-EealldQDeJIBuw",
            "name": "nbLignes",
            "type": null,
            "modifiers": [
              "private"
            ],
            "position": {}
          },
          "position": {}
        },
        "_LaMIUqs-EealldQDeJIBuw": {
          "key": "_LaMIUqs-EealldQDeJIBuw",
          "name": "nbColonnes",
          "type": null,
          "probability": 1,
          "modifiers": [],
          "to_variable": {
            "key": "_LaMIR6s-EealldQDeJIBuw",
            "name": "nbColonnes",
            "type": null,
            "modifiers": [
              "private"
            ],
            "position": {}
          },
          "position": {}
        },
        "_LaMIVas-EealldQDeJIBuw": {
          "key": "_LaMIVas-EealldQDeJIBuw",
          "name": "tailleCases",
          "type": null,
          "probability": 1,
          "modifiers": [],
          "to_variable": {
            "key": "_LaMISqs-EealldQDeJIBuw",
            "name": "tailleCases",
            "type": null,
            "modifiers": [
              "private"
            ],
            "position": {}
          },
          "position": {}
        }
      }
    },
    "parameters_to_parameters_data_clump-./Drone-_LaKTQas-EealldQDeJIBuw-_LaLg-6s-EealldQDeJIBuw-cartevitesseeau": {
      "type": "data_clump",
      "key": "parameters_to_parameters_data_clump-./Drone-_LaKTQas-EealldQDeJIBuw-_LaLg-6s-EealldQDeJIBuw-cartevitesseeau",
      "probability": 1,
      "from_file_path": "./Drone",
      "from_class_or_interface_name": "Drone",
      "from_class_or_interface_key": "_LaKTP6s-EealldQDeJIBuw",
      "from_method_name": "Drone",
      "from_method_key": "_LaKTQas-EealldQDeJIBuw",
      "to_file_path": "./RobotAChenilles",
      "to_class_or_interface_name": "RobotAChenilles",
      "to_class_or_interface_key": "_LaLg-as-EealldQDeJIBuw",
      "to_method_name": "RobotAChenilles",
      "to_method_key": "_LaLg-6s-EealldQDeJIBuw",
      "data_clump_type": "parameters_to_parameters_data_clump",
      "data_clump_data": {
        "_LaKTQqs-EealldQDeJIBuw": {
          "key": "_LaKTQqs-EealldQDeJIBuw",
          "name": "carte",
          "type": null,
          "probability": 1,
          "modifiers": [],
          "to_variable": {
            "key": "_LaLg_Ks-EealldQDeJIBuw",
            "name": "carte",
            "type": null,
            "modifiers": [],
            "position": {}
          },
          "position": {}
        },
        "_LaKTSKs-EealldQDeJIBuw": {
          "key": "_LaKTSKs-EealldQDeJIBuw",
          "name": "vitesse",
          "type": null,
          "probability": 1,
          "modifiers": [],
          "to_variable": {
            "key": "_LaLhAqs-EealldQDeJIBuw",
            "name": "vitesse",
            "type": null,
            "modifiers": [],
            "position": {}
          },
          "position": {}
        },
        "_LaK54as-EealldQDeJIBuw": {
          "key": "_LaK54as-EealldQDeJIBuw",
          "name": "eau",
          "type": null,
          "probability": 1,
          "modifiers": [],
          "to_variable": {
            "key": "_LaLhBas-EealldQDeJIBuw",
            "name": "eau",
            "type": null,
            "modifiers": [],
            "position": {}
          },
          "position": {}
        }
      }
    },
    "parameters_to_parameters_data_clump-./Drone-_LaKTQas-EealldQDeJIBuw-_LaLhS6s-EealldQDeJIBuw-cartevitesseeau": {
      "type": "data_clump",
      "key": "parameters_to_parameters_data_clump-./Drone-_LaKTQas-EealldQDeJIBuw-_LaLhS6s-EealldQDeJIBuw-cartevitesseeau",
      "probability": 1,
      "from_file_path": "./Drone",
      "from_class_or_interface_name": "Drone",
      "from_class_or_interface_key": "_LaKTP6s-EealldQDeJIBuw",
      "from_method_name": "Drone",
      "from_method_key": "_LaKTQas-EealldQDeJIBuw",
      "to_file_path": "./RobotARoues",
      "to_class_or_interface_name": "RobotARoues",
      "to_class_or_interface_key": "_LaLhSas-EealldQDeJIBuw",
      "to_method_name": "RobotARoues",
      "to_method_key": "_LaLhS6s-EealldQDeJIBuw",
      "data_clump_type": "parameters_to_parameters_data_clump",
      "data_clump_data": {
        "_LaKTQqs-EealldQDeJIBuw": {
          "key": "_LaKTQqs-EealldQDeJIBuw",
          "name": "carte",
          "type": null,
          "probability": 1,
          "modifiers": [],
          "to_variable": {
            "key": "_LaLhTKs-EealldQDeJIBuw",
            "name": "carte",
            "type": null,
            "modifiers": [],
            "position": {}
          },
          "position": {}
        },
        "_LaKTSKs-EealldQDeJIBuw": {
          "key": "_LaKTSKs-EealldQDeJIBuw",
          "name": "vitesse",
          "type": null,
          "probability": 1,
          "modifiers": [],
          "to_variable": {
            "key": "_LaLhUqs-EealldQDeJIBuw",
            "name": "vitesse",
            "type": null,
            "modifiers": [],
            "position": {}
          },
          "position": {}
        },
        "_LaK54as-EealldQDeJIBuw": {
          "key": "_LaK54as-EealldQDeJIBuw",
          "name": "eau",
          "type": null,
          "probability": 1,
          "modifiers": [],
          "to_variable": {
            "key": "_LaMIAqs-EealldQDeJIBuw",
            "name": "eau",
            "type": null,
            "modifiers": [],
            "position": {}
          },
          "position": {}
        }
      }
    },
    "parameters_to_parameters_data_clump-./RobotAChenilles-_LaLg-6s-EealldQDeJIBuw-_LaKTQas-EealldQDeJIBuw-cartevitesseeau": {
      "type": "data_clump",
      "key": "parameters_to_parameters_data_clump-./RobotAChenilles-_LaLg-6s-EealldQDeJIBuw-_LaKTQas-EealldQDeJIBuw-cartevitesseeau",
      "probability": 1,
      "from_file_path": "./RobotAChenilles",
      "from_class_or_interface_name": "RobotAChenilles",
      "from_class_or_interface_key": "_LaLg-as-EealldQDeJIBuw",
      "from_method_name": "RobotAChenilles",
      "from_method_key": "_LaLg-6s-EealldQDeJIBuw",
      "to_file_path": "./Drone",
      "to_class_or_interface_name": "Drone",
      "to_class_or_interface_key": "_LaKTP6s-EealldQDeJIBuw",
      "to_method_name": "Drone",
      "to_method_key": "_LaKTQas-EealldQDeJIBuw",
      "data_clump_type": "parameters_to_parameters_data_clump",
      "data_clump_data": {
        "_LaLg_Ks-EealldQDeJIBuw": {
          "key": "_LaLg_Ks-EealldQDeJIBuw",
          "name": "carte",
          "type": null,
          "probability": 1,
          "modifiers": [],
          "to_variable": {
            "key": "_LaKTQqs-EealldQDeJIBuw",
            "name": "carte",
            "type": null,
            "modifiers": [],
            "position": {}
          },
          "position": {}
        },
        "_LaLhAqs-EealldQDeJIBuw": {
          "key": "_LaLhAqs-EealldQDeJIBuw",
          "name": "vitesse",
          "type": null,
          "probability": 1,
          "modifiers": [],
          "to_variable": {
            "key": "_LaKTSKs-EealldQDeJIBuw",
            "name": "vitesse",
            "type": null,
            "modifiers": [],
            "position": {}
          },
          "position": {}
        },
        "_LaLhBas-EealldQDeJIBuw": {
          "key": "_LaLhBas-EealldQDeJIBuw",
          "name": "eau",
          "type": null,
          "probability": 1,
          "modifiers": [],
          "to_variable": {
            "key": "_LaK54as-EealldQDeJIBuw",
            "name": "eau",
            "type": null,
            "modifiers": [],
            "position": {}
          },
          "position": {}
        }
      }
    },
    "parameters_to_parameters_data_clump-./RobotAChenilles-_LaLg-6s-EealldQDeJIBuw-_LaLhS6s-EealldQDeJIBuw-carteposvitesseeau": {
      "type": "data_clump",
      "key": "parameters_to_parameters_data_clump-./RobotAChenilles-_LaLg-6s-EealldQDeJIBuw-_LaLhS6s-EealldQDeJIBuw-carteposvitesseeau",
      "probability": 1,
      "from_file_path": "./RobotAChenilles",
      "from_class_or_interface_name": "RobotAChenilles",
      "from_class_or_interface_key": "_LaLg-as-EealldQDeJIBuw",
      "from_method_name": "RobotAChenilles",
      "from_method_key": "_LaLg-6s-EealldQDeJIBuw",
      "to_file_path": "./RobotARoues",
      "to_class_or_interface_name": "RobotARoues",
      "to_class_or_interface_key": "_LaLhSas-EealldQDeJIBuw",
      "to_method_name": "RobotARoues",
      "to_method_key": "_LaLhS6s-EealldQDeJIBuw",
      "data_clump_type": "parameters_to_parameters_data_clump",
      "data_clump_data": {
        "_LaLg_Ks-EealldQDeJIBuw": {
          "key": "_LaLg_Ks-EealldQDeJIBuw",
          "name": "carte",
          "type": null,
          "probability": 1,
          "modifiers": [],
          "to_variable": {
            "key": "_LaLhTKs-EealldQDeJIBuw",
            "name": "carte",
            "type": null,
            "modifiers": [],
            "position": {}
          },
          "position": {}
        },
        "_LaLg_6s-EealldQDeJIBuw": {
          "key": "_LaLg_6s-EealldQDeJIBuw",
          "name": "pos",
          "type": null,
          "probability": 1,
          "modifiers": [],
          "to_variable": {
            "key": "_LaLhT6s-EealldQDeJIBuw",
            "name": "pos",
            "type": null,
            "modifiers": [],
            "position": {}
          },
          "position": {}
        },
        "_LaLhAqs-EealldQDeJIBuw": {
          "key": "_LaLhAqs-EealldQDeJIBuw",
          "name": "vitesse",
          "type": null,
          "probability": 1,
          "modifiers": [],
          "to_variable": {
            "key": "_LaLhUqs-EealldQDeJIBuw",
            "name": "vitesse",
            "type": null,
            "modifiers": [],
            "position": {}
          },
          "position": {}
        },
        "_LaLhBas-EealldQDeJIBuw": {
          "key": "_LaLhBas-EealldQDeJIBuw",
          "name": "eau",
          "type": null,
          "probability": 1,
          "modifiers": [],
          "to_variable": {
            "key": "_LaMIAqs-EealldQDeJIBuw",
            "name": "eau",
            "type": null,
            "modifiers": [],
            "position": {}
          },
          "position": {}
        }
      }
    },
    "parameters_to_parameters_data_clump-./RobotARoues-_LaLhS6s-EealldQDeJIBuw-_LaKTQas-EealldQDeJIBuw-cartevitesseeau": {
      "type": "data_clump",
      "key": "parameters_to_parameters_data_clump-./RobotARoues-_LaLhS6s-EealldQDeJIBuw-_LaKTQas-EealldQDeJIBuw-cartevitesseeau",
      "probability": 1,
      "from_file_path": "./RobotARoues",
      "from_class_or_interface_name": "RobotARoues",
      "from_class_or_interface_key": "_LaLhSas-EealldQDeJIBuw",
      "from_method_name": "RobotARoues",
      "from_method_key": "_LaLhS6s-EealldQDeJIBuw",
      "to_file_path": "./Drone",
      "to_class_or_interface_name": "Drone",
      "to_class_or_interface_key": "_LaKTP6s-EealldQDeJIBuw",
      "to_method_name": "Drone",
      "to_method_key": "_LaKTQas-EealldQDeJIBuw",
      "data_clump_type": "parameters_to_parameters_data_clump",
      "data_clump_data": {
        "_LaLhTKs-EealldQDeJIBuw": {
          "key": "_LaLhTKs-EealldQDeJIBuw",
          "name": "carte",
          "type": null,
          "probability": 1,
          "modifiers": [],
          "to_variable": {
            "key": "_LaKTQqs-EealldQDeJIBuw",
            "name": "carte",
            "type": null,
            "modifiers": [],
            "position": {}
          },
          "position": {}
        },
        "_LaLhUqs-EealldQDeJIBuw": {
          "key": "_LaLhUqs-EealldQDeJIBuw",
          "name": "vitesse",
          "type": null,
          "probability": 1,
          "modifiers": [],
          "to_variable": {
            "key": "_LaKTSKs-EealldQDeJIBuw",
            "name": "vitesse",
            "type": null,
            "modifiers": [],
            "position": {}
          },
          "position": {}
        },
        "_LaMIAqs-EealldQDeJIBuw": {
          "key": "_LaMIAqs-EealldQDeJIBuw",
          "name": "eau",
          "type": null,
          "probability": 1,
          "modifiers": [],
          "to_variable": {
            "key": "_LaK54as-EealldQDeJIBuw",
            "name": "eau",
            "type": null,
            "modifiers": [],
            "position": {}
          },
          "position": {}
        }
      }
    },
    "parameters_to_parameters_data_clump-./RobotARoues-_LaLhS6s-EealldQDeJIBuw-_LaLg-6s-EealldQDeJIBuw-carteposvitesseeau": {
      "type": "data_clump",
      "key": "parameters_to_parameters_data_clump-./RobotARoues-_LaLhS6s-EealldQDeJIBuw-_LaLg-6s-EealldQDeJIBuw-carteposvitesseeau",
      "probability": 1,
      "from_file_path": "./RobotARoues",
      "from_class_or_interface_name": "RobotARoues",
      "from_class_or_interface_key": "_LaLhSas-EealldQDeJIBuw",
      "from_method_name": "RobotARoues",
      "from_method_key": "_LaLhS6s-EealldQDeJIBuw",
      "to_file_path": "./RobotAChenilles",
      "to_class_or_interface_name": "RobotAChenilles",
      "to_class_or_interface_key": "_LaLg-as-EealldQDeJIBuw",
      "to_method_name": "RobotAChenilles",
      "to_method_key": "_LaLg-6s-EealldQDeJIBuw",
      "data_clump_type": "parameters_to_parameters_data_clump",
      "data_clump_data": {
        "_LaLhTKs-EealldQDeJIBuw": {
          "key": "_LaLhTKs-EealldQDeJIBuw",
          "name": "carte",
          "type": null,
          "probability": 1,
          "modifiers": [],
          "to_variable": {
            "key": "_LaLg_Ks-EealldQDeJIBuw",
            "name": "carte",
            "type": null,
            "modifiers": [],
            "position": {}
          },
          "position": {}
        },
        "_LaLhT6s-EealldQDeJIBuw": {
          "key": "_LaLhT6s-EealldQDeJIBuw",
          "name": "pos",
          "type": null,
          "probability": 1,
          "modifiers": [],
          "to_variable": {
            "key": "_LaLg_6s-EealldQDeJIBuw",
            "name": "pos",
            "type": null,
            "modifiers": [],
            "position": {}
          },
          "position": {}
        },
        "_LaLhUqs-EealldQDeJIBuw": {
          "key": "_LaLhUqs-EealldQDeJIBuw",
          "name": "vitesse",
          "type": null,
          "probability": 1,
          "modifiers": [],
          "to_variable": {
            "key": "_LaLhAqs-EealldQDeJIBuw",
            "name": "vitesse",
            "type": null,
            "modifiers": [],
            "position": {}
          },
          "position": {}
        },
        "_LaMIAqs-EealldQDeJIBuw": {
          "key": "_LaMIAqs-EealldQDeJIBuw",
          "name": "eau",
          "type": null,
          "probability": 1,
          "modifiers": [],
          "to_variable": {
            "key": "_LaLhBas-EealldQDeJIBuw",
            "name": "eau",
            "type": null,
            "modifiers": [],
            "position": {}
          },
          "position": {}
        }
      }
    }
  }
}