{
  "report_version": "unknown",
  "report_timestamp": "2025-03-26T22:59:08.512Z",
  "target_language": "java",
  "report_summary": {
    "additional": null,
    "amount_classes_or_interfaces_with_data_clumps": 2,
    "amount_files_with_data_clumps": 2,
    "amount_methods_with_data_clumps": 0,
    "fields_to_fields_data_clump": 2,
    "parameters_to_fields_data_clump": 0,
    "parameters_to_parameters_data_clump": 0,
    "amount_data_clumps": 2
  },
  "project_info": {
    "project_url": "unknown_project_url",
    "project_name": "_8khHkGfvEDGY580vxrGduA",
    "project_version": "unknown_project_version",
    "project_commit_hash": "unknown",
    "project_tag": null,
    "project_commit_date": null,
    "additional": {},
    "number_of_files": 13,
    "number_of_classes_or_interfaces": 13,
    "number_of_methods": 25,
    "number_of_data_fields": 26,
    "number_of_method_parameters": 0
  },
  "detector": {
    "name": "data-clumps-doctor",
    "url": "https://github.com/NilsBaumgartner1994/data-clumps-doctor",
    "version": "0.1.100",
    "options": {
      "typeVariablesConsidered": false,
      "similarityModifierOfVariablesWithUnknownType": 0,
      "fieldsOfClassesWithUnknownHierarchyProbabilityModifier": 0,
      "sharedFieldsToFieldsAmountMinimum": 3,
      "analyseFieldsInClassesOrInterfacesInheritedFromSuperClassesOrInterfaces": false,
      "sharedParametersToParametersAmountMinimum": 3,
      "sharedParametersToFieldsAmountMinimum": 3,
      "methodsOfClassesOrInterfacesWithUnknownHierarchyProbabilityModifier": 0
    }
  },
  "data_clumps": {
    "fields_to_fields_data_clump-./CDepozit-_kGLCAGfyEDGy_6xN3D2Kpw-_yGx2AGfyEDGy_6xN3D2Kpw-sumanumeBancapin": {
      "type": "data_clump",
      "key": "fields_to_fields_data_clump-./CDepozit-_kGLCAGfyEDGy_6xN3D2Kpw-_yGx2AGfyEDGy_6xN3D2Kpw-sumanumeBancapin",
      "probability": 1,
      "from_file_path": "./CDepozit",
      "from_class_or_interface_name": "CDepozit",
      "from_class_or_interface_key": "_kGLCAGfyEDGy_6xN3D2Kpw",
      "from_method_name": null,
      "from_method_key": null,
      "to_file_path": "./CRetragere",
      "to_class_or_interface_key": "_yGx2AGfyEDGy_6xN3D2Kpw",
      "to_class_or_interface_name": "CDepozit",
      "to_method_key": null,
      "to_method_name": null,
      "data_clump_type": "fields_to_fields_data_clump",
      "data_clump_data": {
        "_mRwIwGfyEDGy_6xN3D2Kpw": {
          "key": "_mRwIwGfyEDGy_6xN3D2Kpw",
          "name": "suma",
          "type": null,
          "probability": 1,
          "modifiers": [
            "private"
          ],
          "to_variable": {
            "key": "_05_kgGfyEDGy_6xN3D2Kpw",
            "name": "suma",
            "type": null,
            "modifiers": [
              "private"
            ],
            "position": {}
          },
          "position": {}
        },
        "_nXV30GfyEDGy_6xN3D2Kpw": {
          "key": "_nXV30GfyEDGy_6xN3D2Kpw",
          "name": "numeBanca",
          "type": null,
          "probability": 1,
          "modifiers": [
            "private"
          ],
          "to_variable": {
            "key": "_2XxKEGfyEDGy_6xN3D2Kpw",
            "name": "numeBanca",
            "type": null,
            "modifiers": [
              "private"
            ],
            "position": {}
          },
          "position": {}
        },
        "_qmc4IGfyEDGy_6xN3D2Kpw": {
          "key": "_qmc4IGfyEDGy_6xN3D2Kpw",
          "name": "pin",
          "type": null,
          "probability": 1,
          "modifiers": [
            "private"
          ],
          "to_variable": {
            "key": "_3q3JoGfyEDGy_6xN3D2Kpw",
            "name": "pin",
            "type": null,
            "modifiers": [
              "private"
            ],
            "position": {}
          },
          "position": {}
        }
      }
    },
    "fields_to_fields_data_clump-./CRetragere-_yGx2AGfyEDGy_6xN3D2Kpw-_kGLCAGfyEDGy_6xN3D2Kpw-sumanumeBancapin": {
      "type": "data_clump",
      "key": "fields_to_fields_data_clump-./CRetragere-_yGx2AGfyEDGy_6xN3D2Kpw-_kGLCAGfyEDGy_6xN3D2Kpw-sumanumeBancapin",
      "probability": 1,
      "from_file_path": "./CRetragere",
      "from_class_or_interface_name": "CRetragere",
      "from_class_or_interface_key": "_yGx2AGfyEDGy_6xN3D2Kpw",
      "from_method_name": null,
      "from_method_key": null,
      "to_file_path": "./CDepozit",
      "to_class_or_interface_key": "_kGLCAGfyEDGy_6xN3D2Kpw",
      "to_class_or_interface_name": "CRetragere",
      "to_method_key": null,
      "to_method_name": null,
      "data_clump_type": "fields_to_fields_data_clump",
      "data_clump_data": {
        "_05_kgGfyEDGy_6xN3D2Kpw": {
          "key": "_05_kgGfyEDGy_6xN3D2Kpw",
          "name": "suma",
          "type": null,
          "probability": 1,
          "modifiers": [
            "private"
          ],
          "to_variable": {
            "key": "_mRwIwGfyEDGy_6xN3D2Kpw",
            "name": "suma",
            "type": null,
            "modifiers": [
              "private"
            ],
            "position": {}
          },
          "position": {}
        },
        "_2XxKEGfyEDGy_6xN3D2Kpw": {
          "key": "_2XxKEGfyEDGy_6xN3D2Kpw",
          "name": "numeBanca",
          "type": null,
          "probability": 1,
          "modifiers": [
            "private"
          ],
          "to_variable": {
            "key": "_nXV30GfyEDGy_6xN3D2Kpw",
            "name": "numeBanca",
            "type": null,
            "modifiers": [
              "private"
            ],
            "position": {}
          },
          "position": {}
        },
        "_3q3JoGfyEDGy_6xN3D2Kpw": {
          "key": "_3q3JoGfyEDGy_6xN3D2Kpw",
          "name": "pin",
          "type": null,
          "probability": 1,
          "modifiers": [
            "private"
          ],
          "to_variable": {
            "key": "_qmc4IGfyEDGy_6xN3D2Kpw",
            "name": "pin",
            "type": null,
            "modifiers": [
              "private"
            ],
            "position": {}
          },
          "position": {}
        }
      }
    }
  }
}