{
  "report_version": "unknown",
  "report_timestamp": "2025-03-26T22:27:39.417Z",
  "target_language": "java",
  "report_summary": {
    "additional": null,
    "amount_classes_or_interfaces_with_data_clumps": 4,
    "amount_files_with_data_clumps": 4,
    "amount_methods_with_data_clumps": 0,
    "fields_to_fields_data_clump": 12,
    "parameters_to_fields_data_clump": 0,
    "parameters_to_parameters_data_clump": 0,
    "amount_data_clumps": 12
  },
  "project_info": {
    "project_url": "unknown_project_url",
    "project_name": "a321e834-068f-4199-ab5c-01eee2eefdb9",
    "project_version": "unknown_project_version",
    "project_commit_hash": "unknown",
    "project_tag": null,
    "project_commit_date": null,
    "additional": {},
    "number_of_files": 6,
    "number_of_classes_or_interfaces": 6,
    "number_of_methods": 6,
    "number_of_data_fields": 16,
    "number_of_method_parameters": 0
  },
  "detector": {
    "name": "data-clumps-doctor",
    "url": "https://github.com/NilsBaumgartner1994/data-clumps-doctor",
    "version": "0.1.100",
    "options": {
      "typeVariablesConsidered": false,
      "similarityModifierOfVariablesWithUnknownType": 0,
      "fieldsOfClassesWithUnknownHierarchyProbabilityModifier": 0,
      "sharedFieldsToFieldsAmountMinimum": 3,
      "analyseFieldsInClassesOrInterfacesInheritedFromSuperClassesOrInterfaces": false,
      "sharedParametersToParametersAmountMinimum": 3,
      "sharedParametersToFieldsAmountMinimum": 3,
      "methodsOfClassesOrInterfacesWithUnknownHierarchyProbabilityModifier": 0
    }
  },
  "data_clumps": {
    "fields_to_fields_data_clump-./Bike-_7CSnYPgcEDGxofinIHJG4Q-_6R5sQPgcEDGxofinIHJG4Q-typemodelmanufacturer": {
      "type": "data_clump",
      "key": "fields_to_fields_data_clump-./Bike-_7CSnYPgcEDGxofinIHJG4Q-_6R5sQPgcEDGxofinIHJG4Q-typemodelmanufacturer",
      "probability": 1,
      "from_file_path": "./Bike",
      "from_class_or_interface_name": "Bike",
      "from_class_or_interface_key": "_7CSnYPgcEDGxofinIHJG4Q",
      "from_method_name": null,
      "from_method_key": null,
      "to_file_path": "./Boat",
      "to_class_or_interface_key": "_6R5sQPgcEDGxofinIHJG4Q",
      "to_class_or_interface_name": "Bike",
      "to_method_key": null,
      "to_method_name": null,
      "data_clump_type": "fields_to_fields_data_clump",
      "data_clump_data": {
        "_7DN_APgdEDGxofinIHJG4Q": {
          "key": "_7DN_APgdEDGxofinIHJG4Q",
          "name": "type",
          "type": null,
          "probability": 1,
          "modifiers": [],
          "to_variable": {
            "key": "_9kaJYPgdEDGxofinIHJG4Q",
            "name": "type",
            "type": null,
            "modifiers": [],
            "position": {}
          },
          "position": {}
        },
        "_YCXSEPgiEDGxofinIHJG4Q": {
          "key": "_YCXSEPgiEDGxofinIHJG4Q",
          "name": "model",
          "type": null,
          "probability": 1,
          "modifiers": [],
          "to_variable": {
            "key": "_a_i04PgiEDGxofinIHJG4Q",
            "name": "model",
            "type": null,
            "modifiers": [],
            "position": {}
          },
          "position": {}
        },
        "_ZUOikPgiEDGxofinIHJG4Q": {
          "key": "_ZUOikPgiEDGxofinIHJG4Q",
          "name": "manufacturer",
          "type": null,
          "probability": 1,
          "modifiers": [],
          "to_variable": {
            "key": "_5c6g0PgjEDGxofinIHJG4Q",
            "name": "manufacturer",
            "type": null,
            "modifiers": [],
            "position": {}
          },
          "position": {}
        }
      }
    },
    "fields_to_fields_data_clump-./Bike-_7CSnYPgcEDGxofinIHJG4Q-_4jiF8PgcEDGxofinIHJG4Q-typemodelmanufacturer": {
      "type": "data_clump",
      "key": "fields_to_fields_data_clump-./Bike-_7CSnYPgcEDGxofinIHJG4Q-_4jiF8PgcEDGxofinIHJG4Q-typemodelmanufacturer",
      "probability": 1,
      "from_file_path": "./Bike",
      "from_class_or_interface_name": "Bike",
      "from_class_or_interface_key": "_7CSnYPgcEDGxofinIHJG4Q",
      "from_method_name": null,
      "from_method_key": null,
      "to_file_path": "./Car",
      "to_class_or_interface_key": "_4jiF8PgcEDGxofinIHJG4Q",
      "to_class_or_interface_name": "Bike",
      "to_method_key": null,
      "to_method_name": null,
      "data_clump_type": "fields_to_fields_data_clump",
      "data_clump_data": {
        "_7DN_APgdEDGxofinIHJG4Q": {
          "key": "_7DN_APgdEDGxofinIHJG4Q",
          "name": "type",
          "type": null,
          "probability": 1,
          "modifiers": [],
          "to_variable": {
            "key": "_YEwRAPgdEDGxofinIHJG4Q",
            "name": "type",
            "type": null,
            "modifiers": [],
            "position": {}
          },
          "position": {}
        },
        "_YCXSEPgiEDGxofinIHJG4Q": {
          "key": "_YCXSEPgiEDGxofinIHJG4Q",
          "name": "model",
          "type": null,
          "probability": 1,
          "modifiers": [],
          "to_variable": {
            "key": "_W5oIYPgiEDGxofinIHJG4Q",
            "name": "model",
            "type": null,
            "modifiers": [],
            "position": {}
          },
          "position": {}
        },
        "_ZUOikPgiEDGxofinIHJG4Q": {
          "key": "_ZUOikPgiEDGxofinIHJG4Q",
          "name": "manufacturer",
          "type": null,
          "probability": 1,
          "modifiers": [],
          "to_variable": {
            "key": "_XcAcsPgiEDGxofinIHJG4Q",
            "name": "manufacturer",
            "type": null,
            "modifiers": [],
            "position": {}
          },
          "position": {}
        }
      }
    },
    "fields_to_fields_data_clump-./Bike-_7CSnYPgcEDGxofinIHJG4Q-_Ir9iEPgdEDGxofinIHJG4Q-typemodelmanufacturer": {
      "type": "data_clump",
      "key": "fields_to_fields_data_clump-./Bike-_7CSnYPgcEDGxofinIHJG4Q-_Ir9iEPgdEDGxofinIHJG4Q-typemodelmanufacturer",
      "probability": 1,
      "from_file_path": "./Bike",
      "from_class_or_interface_name": "Bike",
      "from_class_or_interface_key": "_7CSnYPgcEDGxofinIHJG4Q",
      "from_method_name": null,
      "from_method_key": null,
      "to_file_path": "./Plane",
      "to_class_or_interface_key": "_Ir9iEPgdEDGxofinIHJG4Q",
      "to_class_or_interface_name": "Bike",
      "to_method_key": null,
      "to_method_name": null,
      "data_clump_type": "fields_to_fields_data_clump",
      "data_clump_data": {
        "_7DN_APgdEDGxofinIHJG4Q": {
          "key": "_7DN_APgdEDGxofinIHJG4Q",
          "name": "type",
          "type": null,
          "probability": 1,
          "modifiers": [],
          "to_variable": {
            "key": "_Dvt1EPgeEDGxofinIHJG4Q",
            "name": "type",
            "type": null,
            "modifiers": [],
            "position": {}
          },
          "position": {}
        },
        "_YCXSEPgiEDGxofinIHJG4Q": {
          "key": "_YCXSEPgiEDGxofinIHJG4Q",
          "name": "model",
          "type": null,
          "probability": 1,
          "modifiers": [],
          "to_variable": {
            "key": "_fGbKsPgiEDGxofinIHJG4Q",
            "name": "model",
            "type": null,
            "modifiers": [],
            "position": {}
          },
          "position": {}
        },
        "_ZUOikPgiEDGxofinIHJG4Q": {
          "key": "_ZUOikPgiEDGxofinIHJG4Q",
          "name": "manufacturer",
          "type": null,
          "probability": 1,
          "modifiers": [],
          "to_variable": {
            "key": "_f4lncPgiEDGxofinIHJG4Q",
            "name": "manufacturer",
            "type": null,
            "modifiers": [],
            "position": {}
          },
          "position": {}
        }
      }
    },
    "fields_to_fields_data_clump-./Boat-_6R5sQPgcEDGxofinIHJG4Q-_7CSnYPgcEDGxofinIHJG4Q-typemodelmanufacturer": {
      "type": "data_clump",
      "key": "fields_to_fields_data_clump-./Boat-_6R5sQPgcEDGxofinIHJG4Q-_7CSnYPgcEDGxofinIHJG4Q-typemodelmanufacturer",
      "probability": 1,
      "from_file_path": "./Boat",
      "from_class_or_interface_name": "Boat",
      "from_class_or_interface_key": "_6R5sQPgcEDGxofinIHJG4Q",
      "from_method_name": null,
      "from_method_key": null,
      "to_file_path": "./Bike",
      "to_class_or_interface_key": "_7CSnYPgcEDGxofinIHJG4Q",
      "to_class_or_interface_name": "Boat",
      "to_method_key": null,
      "to_method_name": null,
      "data_clump_type": "fields_to_fields_data_clump",
      "data_clump_data": {
        "_9kaJYPgdEDGxofinIHJG4Q": {
          "key": "_9kaJYPgdEDGxofinIHJG4Q",
          "name": "type",
          "type": null,
          "probability": 1,
          "modifiers": [],
          "to_variable": {
            "key": "_7DN_APgdEDGxofinIHJG4Q",
            "name": "type",
            "type": null,
            "modifiers": [],
            "position": {}
          },
          "position": {}
        },
        "_a_i04PgiEDGxofinIHJG4Q": {
          "key": "_a_i04PgiEDGxofinIHJG4Q",
          "name": "model",
          "type": null,
          "probability": 1,
          "modifiers": [],
          "to_variable": {
            "key": "_YCXSEPgiEDGxofinIHJG4Q",
            "name": "model",
            "type": null,
            "modifiers": [],
            "position": {}
          },
          "position": {}
        },
        "_5c6g0PgjEDGxofinIHJG4Q": {
          "key": "_5c6g0PgjEDGxofinIHJG4Q",
          "name": "manufacturer",
          "type": null,
          "probability": 1,
          "modifiers": [],
          "to_variable": {
            "key": "_ZUOikPgiEDGxofinIHJG4Q",
            "name": "manufacturer",
            "type": null,
            "modifiers": [],
            "position": {}
          },
          "position": {}
        }
      }
    },
    "fields_to_fields_data_clump-./Boat-_6R5sQPgcEDGxofinIHJG4Q-_4jiF8PgcEDGxofinIHJG4Q-typemodelmanufacturer": {
      "type": "data_clump",
      "key": "fields_to_fields_data_clump-./Boat-_6R5sQPgcEDGxofinIHJG4Q-_4jiF8PgcEDGxofinIHJG4Q-typemodelmanufacturer",
      "probability": 1,
      "from_file_path": "./Boat",
      "from_class_or_interface_name": "Boat",
      "from_class_or_interface_key": "_6R5sQPgcEDGxofinIHJG4Q",
      "from_method_name": null,
      "from_method_key": null,
      "to_file_path": "./Car",
      "to_class_or_interface_key": "_4jiF8PgcEDGxofinIHJG4Q",
      "to_class_or_interface_name": "Boat",
      "to_method_key": null,
      "to_method_name": null,
      "data_clump_type": "fields_to_fields_data_clump",
      "data_clump_data": {
        "_9kaJYPgdEDGxofinIHJG4Q": {
          "key": "_9kaJYPgdEDGxofinIHJG4Q",
          "name": "type",
          "type": null,
          "probability": 1,
          "modifiers": [],
          "to_variable": {
            "key": "_YEwRAPgdEDGxofinIHJG4Q",
            "name": "type",
            "type": null,
            "modifiers": [],
            "position": {}
          },
          "position": {}
        },
        "_a_i04PgiEDGxofinIHJG4Q": {
          "key": "_a_i04PgiEDGxofinIHJG4Q",
          "name": "model",
          "type": null,
          "probability": 1,
          "modifiers": [],
          "to_variable": {
            "key": "_W5oIYPgiEDGxofinIHJG4Q",
            "name": "model",
            "type": null,
            "modifiers": [],
            "position": {}
          },
          "position": {}
        },
        "_5c6g0PgjEDGxofinIHJG4Q": {
          "key": "_5c6g0PgjEDGxofinIHJG4Q",
          "name": "manufacturer",
          "type": null,
          "probability": 1,
          "modifiers": [],
          "to_variable": {
            "key": "_XcAcsPgiEDGxofinIHJG4Q",
            "name": "manufacturer",
            "type": null,
            "modifiers": [],
            "position": {}
          },
          "position": {}
        }
      }
    },
    "fields_to_fields_data_clump-./Boat-_6R5sQPgcEDGxofinIHJG4Q-_Ir9iEPgdEDGxofinIHJG4Q-typemodelmanufacturer": {
      "type": "data_clump",
      "key": "fields_to_fields_data_clump-./Boat-_6R5sQPgcEDGxofinIHJG4Q-_Ir9iEPgdEDGxofinIHJG4Q-typemodelmanufacturer",
      "probability": 1,
      "from_file_path": "./Boat",
      "from_class_or_interface_name": "Boat",
      "from_class_or_interface_key": "_6R5sQPgcEDGxofinIHJG4Q",
      "from_method_name": null,
      "from_method_key": null,
      "to_file_path": "./Plane",
      "to_class_or_interface_key": "_Ir9iEPgdEDGxofinIHJG4Q",
      "to_class_or_interface_name": "Boat",
      "to_method_key": null,
      "to_method_name": null,
      "data_clump_type": "fields_to_fields_data_clump",
      "data_clump_data": {
        "_9kaJYPgdEDGxofinIHJG4Q": {
          "key": "_9kaJYPgdEDGxofinIHJG4Q",
          "name": "type",
          "type": null,
          "probability": 1,
          "modifiers": [],
          "to_variable": {
            "key": "_Dvt1EPgeEDGxofinIHJG4Q",
            "name": "type",
            "type": null,
            "modifiers": [],
            "position": {}
          },
          "position": {}
        },
        "_a_i04PgiEDGxofinIHJG4Q": {
          "key": "_a_i04PgiEDGxofinIHJG4Q",
          "name": "model",
          "type": null,
          "probability": 1,
          "modifiers": [],
          "to_variable": {
            "key": "_fGbKsPgiEDGxofinIHJG4Q",
            "name": "model",
            "type": null,
            "modifiers": [],
            "position": {}
          },
          "position": {}
        },
        "_5c6g0PgjEDGxofinIHJG4Q": {
          "key": "_5c6g0PgjEDGxofinIHJG4Q",
          "name": "manufacturer",
          "type": null,
          "probability": 1,
          "modifiers": [],
          "to_variable": {
            "key": "_f4lncPgiEDGxofinIHJG4Q",
            "name": "manufacturer",
            "type": null,
            "modifiers": [],
            "position": {}
          },
          "position": {}
        }
      }
    },
    "fields_to_fields_data_clump-./Car-_4jiF8PgcEDGxofinIHJG4Q-_7CSnYPgcEDGxofinIHJG4Q-typemodelmanufacturer": {
      "type": "data_clump",
      "key": "fields_to_fields_data_clump-./Car-_4jiF8PgcEDGxofinIHJG4Q-_7CSnYPgcEDGxofinIHJG4Q-typemodelmanufacturer",
      "probability": 1,
      "from_file_path": "./Car",
      "from_class_or_interface_name": "Car",
      "from_class_or_interface_key": "_4jiF8PgcEDGxofinIHJG4Q",
      "from_method_name": null,
      "from_method_key": null,
      "to_file_path": "./Bike",
      "to_class_or_interface_key": "_7CSnYPgcEDGxofinIHJG4Q",
      "to_class_or_interface_name": "Car",
      "to_method_key": null,
      "to_method_name": null,
      "data_clump_type": "fields_to_fields_data_clump",
      "data_clump_data": {
        "_YEwRAPgdEDGxofinIHJG4Q": {
          "key": "_YEwRAPgdEDGxofinIHJG4Q",
          "name": "type",
          "type": null,
          "probability": 1,
          "modifiers": [],
          "to_variable": {
            "key": "_7DN_APgdEDGxofinIHJG4Q",
            "name": "type",
            "type": null,
            "modifiers": [],
            "position": {}
          },
          "position": {}
        },
        "_W5oIYPgiEDGxofinIHJG4Q": {
          "key": "_W5oIYPgiEDGxofinIHJG4Q",
          "name": "model",
          "type": null,
          "probability": 1,
          "modifiers": [],
          "to_variable": {
            "key": "_YCXSEPgiEDGxofinIHJG4Q",
            "name": "model",
            "type": null,
            "modifiers": [],
            "position": {}
          },
          "position": {}
        },
        "_XcAcsPgiEDGxofinIHJG4Q": {
          "key": "_XcAcsPgiEDGxofinIHJG4Q",
          "name": "manufacturer",
          "type": null,
          "probability": 1,
          "modifiers": [],
          "to_variable": {
            "key": "_ZUOikPgiEDGxofinIHJG4Q",
            "name": "manufacturer",
            "type": null,
            "modifiers": [],
            "position": {}
          },
          "position": {}
        }
      }
    },
    "fields_to_fields_data_clump-./Car-_4jiF8PgcEDGxofinIHJG4Q-_6R5sQPgcEDGxofinIHJG4Q-typemodelmanufacturer": {
      "type": "data_clump",
      "key": "fields_to_fields_data_clump-./Car-_4jiF8PgcEDGxofinIHJG4Q-_6R5sQPgcEDGxofinIHJG4Q-typemodelmanufacturer",
      "probability": 1,
      "from_file_path": "./Car",
      "from_class_or_interface_name": "Car",
      "from_class_or_interface_key": "_4jiF8PgcEDGxofinIHJG4Q",
      "from_method_name": null,
      "from_method_key": null,
      "to_file_path": "./Boat",
      "to_class_or_interface_key": "_6R5sQPgcEDGxofinIHJG4Q",
      "to_class_or_interface_name": "Car",
      "to_method_key": null,
      "to_method_name": null,
      "data_clump_type": "fields_to_fields_data_clump",
      "data_clump_data": {
        "_YEwRAPgdEDGxofinIHJG4Q": {
          "key": "_YEwRAPgdEDGxofinIHJG4Q",
          "name": "type",
          "type": null,
          "probability": 1,
          "modifiers": [],
          "to_variable": {
            "key": "_9kaJYPgdEDGxofinIHJG4Q",
            "name": "type",
            "type": null,
            "modifiers": [],
            "position": {}
          },
          "position": {}
        },
        "_W5oIYPgiEDGxofinIHJG4Q": {
          "key": "_W5oIYPgiEDGxofinIHJG4Q",
          "name": "model",
          "type": null,
          "probability": 1,
          "modifiers": [],
          "to_variable": {
            "key": "_a_i04PgiEDGxofinIHJG4Q",
            "name": "model",
            "type": null,
            "modifiers": [],
            "position": {}
          },
          "position": {}
        },
        "_XcAcsPgiEDGxofinIHJG4Q": {
          "key": "_XcAcsPgiEDGxofinIHJG4Q",
          "name": "manufacturer",
          "type": null,
          "probability": 1,
          "modifiers": [],
          "to_variable": {
            "key": "_5c6g0PgjEDGxofinIHJG4Q",
            "name": "manufacturer",
            "type": null,
            "modifiers": [],
            "position": {}
          },
          "position": {}
        }
      }
    },
    "fields_to_fields_data_clump-./Car-_4jiF8PgcEDGxofinIHJG4Q-_Ir9iEPgdEDGxofinIHJG4Q-typemodelmanufacturer": {
      "type": "data_clump",
      "key": "fields_to_fields_data_clump-./Car-_4jiF8PgcEDGxofinIHJG4Q-_Ir9iEPgdEDGxofinIHJG4Q-typemodelmanufacturer",
      "probability": 1,
      "from_file_path": "./Car",
      "from_class_or_interface_name": "Car",
      "from_class_or_interface_key": "_4jiF8PgcEDGxofinIHJG4Q",
      "from_method_name": null,
      "from_method_key": null,
      "to_file_path": "./Plane",
      "to_class_or_interface_key": "_Ir9iEPgdEDGxofinIHJG4Q",
      "to_class_or_interface_name": "Car",
      "to_method_key": null,
      "to_method_name": null,
      "data_clump_type": "fields_to_fields_data_clump",
      "data_clump_data": {
        "_YEwRAPgdEDGxofinIHJG4Q": {
          "key": "_YEwRAPgdEDGxofinIHJG4Q",
          "name": "type",
          "type": null,
          "probability": 1,
          "modifiers": [],
          "to_variable": {
            "key": "_Dvt1EPgeEDGxofinIHJG4Q",
            "name": "type",
            "type": null,
            "modifiers": [],
            "position": {}
          },
          "position": {}
        },
        "_W5oIYPgiEDGxofinIHJG4Q": {
          "key": "_W5oIYPgiEDGxofinIHJG4Q",
          "name": "model",
          "type": null,
          "probability": 1,
          "modifiers": [],
          "to_variable": {
            "key": "_fGbKsPgiEDGxofinIHJG4Q",
            "name": "model",
            "type": null,
            "modifiers": [],
            "position": {}
          },
          "position": {}
        },
        "_XcAcsPgiEDGxofinIHJG4Q": {
          "key": "_XcAcsPgiEDGxofinIHJG4Q",
          "name": "manufacturer",
          "type": null,
          "probability": 1,
          "modifiers": [],
          "to_variable": {
            "key": "_f4lncPgiEDGxofinIHJG4Q",
            "name": "manufacturer",
            "type": null,
            "modifiers": [],
            "position": {}
          },
          "position": {}
        }
      }
    },
    "fields_to_fields_data_clump-./Plane-_Ir9iEPgdEDGxofinIHJG4Q-_7CSnYPgcEDGxofinIHJG4Q-typemodelmanufacturer": {
      "type": "data_clump",
      "key": "fields_to_fields_data_clump-./Plane-_Ir9iEPgdEDGxofinIHJG4Q-_7CSnYPgcEDGxofinIHJG4Q-typemodelmanufacturer",
      "probability": 1,
      "from_file_path": "./Plane",
      "from_class_or_interface_name": "Plane",
      "from_class_or_interface_key": "_Ir9iEPgdEDGxofinIHJG4Q",
      "from_method_name": null,
      "from_method_key": null,
      "to_file_path": "./Bike",
      "to_class_or_interface_key": "_7CSnYPgcEDGxofinIHJG4Q",
      "to_class_or_interface_name": "Plane",
      "to_method_key": null,
      "to_method_name": null,
      "data_clump_type": "fields_to_fields_data_clump",
      "data_clump_data": {
        "_Dvt1EPgeEDGxofinIHJG4Q": {
          "key": "_Dvt1EPgeEDGxofinIHJG4Q",
          "name": "type",
          "type": null,
          "probability": 1,
          "modifiers": [],
          "to_variable": {
            "key": "_7DN_APgdEDGxofinIHJG4Q",
            "name": "type",
            "type": null,
            "modifiers": [],
            "position": {}
          },
          "position": {}
        },
        "_fGbKsPgiEDGxofinIHJG4Q": {
          "key": "_fGbKsPgiEDGxofinIHJG4Q",
          "name": "model",
          "type": null,
          "probability": 1,
          "modifiers": [],
          "to_variable": {
            "key": "_YCXSEPgiEDGxofinIHJG4Q",
            "name": "model",
            "type": null,
            "modifiers": [],
            "position": {}
          },
          "position": {}
        },
        "_f4lncPgiEDGxofinIHJG4Q": {
          "key": "_f4lncPgiEDGxofinIHJG4Q",
          "name": "manufacturer",
          "type": null,
          "probability": 1,
          "modifiers": [],
          "to_variable": {
            "key": "_ZUOikPgiEDGxofinIHJG4Q",
            "name": "manufacturer",
            "type": null,
            "modifiers": [],
            "position": {}
          },
          "position": {}
        }
      }
    },
    "fields_to_fields_data_clump-./Plane-_Ir9iEPgdEDGxofinIHJG4Q-_6R5sQPgcEDGxofinIHJG4Q-typemodelmanufacturer": {
      "type": "data_clump",
      "key": "fields_to_fields_data_clump-./Plane-_Ir9iEPgdEDGxofinIHJG4Q-_6R5sQPgcEDGxofinIHJG4Q-typemodelmanufacturer",
      "probability": 1,
      "from_file_path": "./Plane",
      "from_class_or_interface_name": "Plane",
      "from_class_or_interface_key": "_Ir9iEPgdEDGxofinIHJG4Q",
      "from_method_name": null,
      "from_method_key": null,
      "to_file_path": "./Boat",
      "to_class_or_interface_key": "_6R5sQPgcEDGxofinIHJG4Q",
      "to_class_or_interface_name": "Plane",
      "to_method_key": null,
      "to_method_name": null,
      "data_clump_type": "fields_to_fields_data_clump",
      "data_clump_data": {
        "_Dvt1EPgeEDGxofinIHJG4Q": {
          "key": "_Dvt1EPgeEDGxofinIHJG4Q",
          "name": "type",
          "type": null,
          "probability": 1,
          "modifiers": [],
          "to_variable": {
            "key": "_9kaJYPgdEDGxofinIHJG4Q",
            "name": "type",
            "type": null,
            "modifiers": [],
            "position": {}
          },
          "position": {}
        },
        "_fGbKsPgiEDGxofinIHJG4Q": {
          "key": "_fGbKsPgiEDGxofinIHJG4Q",
          "name": "model",
          "type": null,
          "probability": 1,
          "modifiers": [],
          "to_variable": {
            "key": "_a_i04PgiEDGxofinIHJG4Q",
            "name": "model",
            "type": null,
            "modifiers": [],
            "position": {}
          },
          "position": {}
        },
        "_f4lncPgiEDGxofinIHJG4Q": {
          "key": "_f4lncPgiEDGxofinIHJG4Q",
          "name": "manufacturer",
          "type": null,
          "probability": 1,
          "modifiers": [],
          "to_variable": {
            "key": "_5c6g0PgjEDGxofinIHJG4Q",
            "name": "manufacturer",
            "type": null,
            "modifiers": [],
            "position": {}
          },
          "position": {}
        }
      }
    },
    "fields_to_fields_data_clump-./Plane-_Ir9iEPgdEDGxofinIHJG4Q-_4jiF8PgcEDGxofinIHJG4Q-typemodelmanufacturer": {
      "type": "data_clump",
      "key": "fields_to_fields_data_clump-./Plane-_Ir9iEPgdEDGxofinIHJG4Q-_4jiF8PgcEDGxofinIHJG4Q-typemodelmanufacturer",
      "probability": 1,
      "from_file_path": "./Plane",
      "from_class_or_interface_name": "Plane",
      "from_class_or_interface_key": "_Ir9iEPgdEDGxofinIHJG4Q",
      "from_method_name": null,
      "from_method_key": null,
      "to_file_path": "./Car",
      "to_class_or_interface_key": "_4jiF8PgcEDGxofinIHJG4Q",
      "to_class_or_interface_name": "Plane",
      "to_method_key": null,
      "to_method_name": null,
      "data_clump_type": "fields_to_fields_data_clump",
      "data_clump_data": {
        "_Dvt1EPgeEDGxofinIHJG4Q": {
          "key": "_Dvt1EPgeEDGxofinIHJG4Q",
          "name": "type",
          "type": null,
          "probability": 1,
          "modifiers": [],
          "to_variable": {
            "key": "_YEwRAPgdEDGxofinIHJG4Q",
            "name": "type",
            "type": null,
            "modifiers": [],
            "position": {}
          },
          "position": {}
        },
        "_fGbKsPgiEDGxofinIHJG4Q": {
          "key": "_fGbKsPgiEDGxofinIHJG4Q",
          "name": "model",
          "type": null,
          "probability": 1,
          "modifiers": [],
          "to_variable": {
            "key": "_W5oIYPgiEDGxofinIHJG4Q",
            "name": "model",
            "type": null,
            "modifiers": [],
            "position": {}
          },
          "position": {}
        },
        "_f4lncPgiEDGxofinIHJG4Q": {
          "key": "_f4lncPgiEDGxofinIHJG4Q",
          "name": "manufacturer",
          "type": null,
          "probability": 1,
          "modifiers": [],
          "to_variable": {
            "key": "_XcAcsPgiEDGxofinIHJG4Q",
            "name": "manufacturer",
            "type": null,
            "modifiers": [],
            "position": {}
          },
          "position": {}
        }
      }
    }
  }
}