{
  "report_version": "unknown",
  "report_timestamp": "2025-03-26T21:43:34.176Z",
  "target_language": "java",
  "report_summary": {
    "additional": null,
    "amount_classes_or_interfaces_with_data_clumps": 2,
    "amount_files_with_data_clumps": 2,
    "amount_methods_with_data_clumps": 0,
    "fields_to_fields_data_clump": 2,
    "parameters_to_fields_data_clump": 0,
    "parameters_to_parameters_data_clump": 0,
    "amount_data_clumps": 2
  },
  "project_info": {
    "project_url": "unknown_project_url",
    "project_name": "c60d9926-c660-43d4-aed1-b3817fbc2894",
    "project_version": "unknown_project_version",
    "project_commit_hash": "unknown",
    "project_tag": null,
    "project_commit_date": null,
    "additional": {},
    "number_of_files": 9,
    "number_of_classes_or_interfaces": 9,
    "number_of_methods": 2,
    "number_of_data_fields": 45,
    "number_of_method_parameters": 0
  },
  "detector": {
    "name": "data-clumps-doctor",
    "url": "https://github.com/NilsBaumgartner1994/data-clumps-doctor",
    "version": "0.1.100",
    "options": {
      "typeVariablesConsidered": false,
      "similarityModifierOfVariablesWithUnknownType": 0,
      "fieldsOfClassesWithUnknownHierarchyProbabilityModifier": 0,
      "sharedFieldsToFieldsAmountMinimum": 3,
      "analyseFieldsInClassesOrInterfacesInheritedFromSuperClassesOrInterfaces": false,
      "sharedParametersToParametersAmountMinimum": 3,
      "sharedParametersToFieldsAmountMinimum": 3,
      "methodsOfClassesOrInterfacesWithUnknownHierarchyProbabilityModifier": 0
    }
  },
  "data_clumps": {
    "fields_to_fields_data_clump-./Menu-_5ToHsN2lEDGTGYUV9D_vJA-_RV7uUN2fEDGTGYUV9D_vJA-codenamedescription": {
      "type": "data_clump",
      "key": "fields_to_fields_data_clump-./Menu-_5ToHsN2lEDGTGYUV9D_vJA-_RV7uUN2fEDGTGYUV9D_vJA-codenamedescription",
      "probability": 1,
      "from_file_path": "./Menu",
      "from_class_or_interface_name": "Menu",
      "from_class_or_interface_key": "_5ToHsN2lEDGTGYUV9D_vJA",
      "from_method_name": null,
      "from_method_key": null,
      "to_file_path": "./Service",
      "to_class_or_interface_key": "_RV7uUN2fEDGTGYUV9D_vJA",
      "to_class_or_interface_name": "Menu",
      "to_method_key": null,
      "to_method_name": null,
      "data_clump_type": "fields_to_fields_data_clump",
      "data_clump_data": {
        "_9Nlb0N2lEDGTGYUV9D_vJA": {
          "key": "_9Nlb0N2lEDGTGYUV9D_vJA",
          "name": "code",
          "type": null,
          "probability": 1,
          "modifiers": [],
          "to_variable": {
            "key": "_MiRjUN2lEDGTGYUV9D_vJA",
            "name": "code",
            "type": null,
            "modifiers": [],
            "position": {}
          },
          "position": {}
        },
        "_-aCA0N2lEDGTGYUV9D_vJA": {
          "key": "_-aCA0N2lEDGTGYUV9D_vJA",
          "name": "name",
          "type": null,
          "probability": 1,
          "modifiers": [],
          "to_variable": {
            "key": "_mYCSUN2jEDGTGYUV9D_vJA",
            "name": "name",
            "type": null,
            "modifiers": [],
            "position": {}
          },
          "position": {}
        },
        "__hsMcN2lEDGTGYUV9D_vJA": {
          "key": "__hsMcN2lEDGTGYUV9D_vJA",
          "name": "description",
          "type": null,
          "probability": 1,
          "modifiers": [],
          "to_variable": {
            "key": "_KC6k8N2lEDGTGYUV9D_vJA",
            "name": "description",
            "type": null,
            "modifiers": [],
            "position": {}
          },
          "position": {}
        }
      }
    },
    "fields_to_fields_data_clump-./Service-_RV7uUN2fEDGTGYUV9D_vJA-_5ToHsN2lEDGTGYUV9D_vJA-codenamedescription": {
      "type": "data_clump",
      "key": "fields_to_fields_data_clump-./Service-_RV7uUN2fEDGTGYUV9D_vJA-_5ToHsN2lEDGTGYUV9D_vJA-codenamedescription",
      "probability": 1,
      "from_file_path": "./Service",
      "from_class_or_interface_name": "Service",
      "from_class_or_interface_key": "_RV7uUN2fEDGTGYUV9D_vJA",
      "from_method_name": null,
      "from_method_key": null,
      "to_file_path": "./Menu",
      "to_class_or_interface_key": "_5ToHsN2lEDGTGYUV9D_vJA",
      "to_class_or_interface_name": "Service",
      "to_method_key": null,
      "to_method_name": null,
      "data_clump_type": "fields_to_fields_data_clump",
      "data_clump_data": {
        "_MiRjUN2lEDGTGYUV9D_vJA": {
          "key": "_MiRjUN2lEDGTGYUV9D_vJA",
          "name": "code",
          "type": null,
          "probability": 1,
          "modifiers": [],
          "to_variable": {
            "key": "_9Nlb0N2lEDGTGYUV9D_vJA",
            "name": "code",
            "type": null,
            "modifiers": [],
            "position": {}
          },
          "position": {}
        },
        "_mYCSUN2jEDGTGYUV9D_vJA": {
          "key": "_mYCSUN2jEDGTGYUV9D_vJA",
          "name": "name",
          "type": null,
          "probability": 1,
          "modifiers": [],
          "to_variable": {
            "key": "_-aCA0N2lEDGTGYUV9D_vJA",
            "name": "name",
            "type": null,
            "modifiers": [],
            "position": {}
          },
          "position": {}
        },
        "_KC6k8N2lEDGTGYUV9D_vJA": {
          "key": "_KC6k8N2lEDGTGYUV9D_vJA",
          "name": "description",
          "type": null,
          "probability": 1,
          "modifiers": [],
          "to_variable": {
            "key": "__hsMcN2lEDGTGYUV9D_vJA",
            "name": "description",
            "type": null,
            "modifiers": [],
            "position": {}
          },
          "position": {}
        }
      }
    }
  }
}