{
  "report_version": "^0.1.102",
  "report_timestamp": "2025-09-03T11:26:49.874Z",
  "target_language": "Digital Twin Definition Language",
  "report_summary": {
    "additional": {
      "invertedIndexSoftwareProjectStatistics": {
        "invertedFieldToClasses": {
          "median": 1.5,
          "maximum": 2,
          "average": 1.5,
          "amountSavedValuesForKeys": 6,
          "amountKeys": 2
        },
        "invertedParameterToMethods": {
          "median": 2,
          "maximum": 2,
          "average": 2,
          "amountSavedValuesForKeys": 2,
          "amountKeys": 1
        },
        "invertedParameterToClasses": {
          "median": 1.5,
          "maximum": 2,
          "average": 1.5,
          "amountSavedValuesForKeys": 6,
          "amountKeys": 2
        }
      },
      "timer_information": {
        "ast_generation_time_ms": 2,
        "detection_time_ms": 1,
        "machine_information": {
          "os": "Darwin",
          "os_release": "22.5.0",
          "os_platform": "darwin",
          "os_arch": "x64",
          "os_uptime": 1981227,
          "os_memory_free": 11129884672,
          "os_memory_total": 34359738368,
          "os_cpu_cores": 12,
          "os_cpu_model": "Intel(R) Core(TM) i7-9750H CPU @ 2.60GHz",
          "os_cpu_speed": 2600
        }
      }
    },
    "amount_classes_or_interfaces_with_data_clumps": 0,
    "amount_files_with_data_clumps": 0,
    "amount_methods_with_data_clumps": 0,
    "fields_to_fields_data_clump": 0,
    "parameters_to_fields_data_clump": 0,
    "parameters_to_parameters_data_clump": 0,
    "amount_data_clumps": 0
  },
  "project_info": {
    "project_url": "https://github.com/Azure/iot-plugandplay-models",
    "project_name": "ip3",
    "project_version": "current",
    "project_commit_hash": "current",
    "project_tag": null,
    "project_commit_date": null,
    "additional": {},
    "number_of_files": 2,
    "number_of_classes_or_interfaces": 2,
    "number_of_methods": 2,
    "number_of_data_fields": 6,
    "number_of_method_parameters": 2
  },
  "detector": {
    "name": "data-clumps-doctor",
    "url": "https://github.com/NilsBaumgartner1994/data-clumps-doctor",
    "version": "0.1.101",
    "options": {
      "fastDetection": true,
      "ignorePaths": [],
      "similarityModifierOfVariablesWithUnknownType": 0,
      "fieldsOfClassesWithUnknownHierarchyProbabilityModifier": 0,
      "sharedFieldsToFieldsAmountMinimum": 3,
      "analyseFieldsInClassesOrInterfacesInheritedFromSuperClassesOrInterfaces": false,
      "sharedParametersToParametersAmountMinimum": 3,
      "sharedParametersToFieldsAmountMinimum": 3,
      "methodsOfClassesOrInterfacesWithUnknownHierarchyProbabilityModifier": 0,
      "ignoredVariableNames": [
        "alternateName",
        "dataProvider",
        "dateCreated",
        "dateModified",
        "description",
        "name",
        "source"
      ]
    }
  },
  "data_clumps": {}
}