{
  "report_version": "^0.1.102",
  "report_timestamp": "2025-04-30T10:11:07.807Z",
  "target_language": "java",
  "report_summary": {
    "additional": {
      "invertedIndexSoftwareProjectStatistics": {
        "invertedFieldToClasses": {
          "median": 1,
          "maximum": 1,
          "average": 1,
          "amountSavedValuesForKeys": 15,
          "amountKeys": 1
        },
        "invertedParameterToMethods": {
          "median": 1,
          "maximum": 3,
          "average": 1.4,
          "amountSavedValuesForKeys": 7,
          "amountKeys": 2
        },
        "invertedParameterToClasses": {
          "median": 1,
          "maximum": 1,
          "average": 1,
          "amountSavedValuesForKeys": 15,
          "amountKeys": 1
        }
      },
      "timer_information": {
        "ast_generation_time_ms": 1491,
        "detection_time_ms": 0,
        "machine_information": {
          "os": "Linux",
          "os_release": "5.10.0-34-cloud-amd64",
          "os_platform": "linux",
          "os_arch": "x64",
          "os_uptime": 80567.27,
          "os_memory_free": 56518586368,
          "os_memory_total": 63183245312,
          "os_cpu_cores": 16,
          "os_cpu_model": "AMD EPYC-Milan Processor",
          "os_cpu_speed": 1996
        }
      },
      "fault_data": {
        "number_of_bug_introducting_commits_until_commit": 61
      }
    },
    "amount_classes_or_interfaces_with_data_clumps": 0,
    "amount_files_with_data_clumps": 0,
    "amount_methods_with_data_clumps": 0,
    "fields_to_fields_data_clump": 0,
    "parameters_to_fields_data_clump": 0,
    "parameters_to_parameters_data_clump": 0,
    "amount_data_clumps": 0
  },
  "project_info": {
    "project_url": "https://github.com/jflex-de/jflex",
    "project_name": "jflex",
    "project_version": "a63b4eb82fdc3257114a511186ce235a357dd32f",
    "project_commit_hash": "a63b4eb82fdc3257114a511186ce235a357dd32f",
    "project_tag": "maven-jflex-plugin-1.0",
    "project_commit_date": "1194909426",
    "additional": {},
    "number_of_files": 5,
    "number_of_classes_or_interfaces": 5,
    "number_of_methods": 15,
    "number_of_data_fields": 15,
    "number_of_method_parameters": 7
  },
  "detector": {
    "name": "data-clumps-doctor",
    "url": "https://github.com/NilsBaumgartner1994/data-clumps-doctor",
    "version": "0.1.100",
    "options": {
      "fastDetection": true,
      "ignorePaths": [],
      "typeVariablesConsidered": false,
      "similarityModifierOfVariablesWithUnknownType": 0,
      "fieldsOfClassesWithUnknownHierarchyProbabilityModifier": 0,
      "sharedFieldsToFieldsAmountMinimum": 3,
      "analyseFieldsInClassesOrInterfacesInheritedFromSuperClassesOrInterfaces": false,
      "sharedParametersToParametersAmountMinimum": 3,
      "sharedParametersToFieldsAmountMinimum": 3,
      "methodsOfClassesOrInterfacesWithUnknownHierarchyProbabilityModifier": 0
    }
  },
  "data_clumps": {}
}