{
  "report_version": "unknown",
  "report_timestamp": "2025-03-26T21:59:12.139Z",
  "target_language": "java",
  "report_summary": {
    "additional": null,
    "amount_classes_or_interfaces_with_data_clumps": 7,
    "amount_files_with_data_clumps": 7,
    "amount_methods_with_data_clumps": 7,
    "fields_to_fields_data_clump": 0,
    "parameters_to_fields_data_clump": 0,
    "parameters_to_parameters_data_clump": 42,
    "amount_data_clumps": 42
  },
  "project_info": {
    "project_url": "unknown_project_url",
    "project_name": "_eODhoPlKEeiofPV7ahrDAg",
    "project_version": "unknown_project_version",
    "project_commit_hash": "unknown",
    "project_tag": null,
    "project_commit_date": null,
    "additional": {},
    "number_of_files": 9,
    "number_of_classes_or_interfaces": 9,
    "number_of_methods": 16,
    "number_of_data_fields": 8,
    "number_of_method_parameters": 25
  },
  "detector": {
    "name": "data-clumps-doctor",
    "url": "https://github.com/NilsBaumgartner1994/data-clumps-doctor",
    "version": "0.1.100",
    "options": {
      "typeVariablesConsidered": false,
      "similarityModifierOfVariablesWithUnknownType": 0,
      "fieldsOfClassesWithUnknownHierarchyProbabilityModifier": 0,
      "sharedFieldsToFieldsAmountMinimum": 3,
      "analyseFieldsInClassesOrInterfacesInheritedFromSuperClassesOrInterfaces": false,
      "sharedParametersToParametersAmountMinimum": 3,
      "sharedParametersToFieldsAmountMinimum": 3,
      "methodsOfClassesOrInterfacesWithUnknownHierarchyProbabilityModifier": 0
    }
  },
  "data_clumps": {
    "parameters_to_parameters_data_clump-./Bishop-_voAR4Nt7EDaj25iwQvQDUw-_amhUwdt-EDaj25iwQvQDUw-pTargetRowpTargetColumnchessboard": {
      "type": "data_clump",
      "key": "parameters_to_parameters_data_clump-./Bishop-_voAR4Nt7EDaj25iwQvQDUw-_amhUwdt-EDaj25iwQvQDUw-pTargetRowpTargetColumnchessboard",
      "probability": 1,
      "from_file_path": "./Bishop",
      "from_class_or_interface_name": "Bishop",
      "from_class_or_interface_key": "_6d_rYNt4EDaj25iwQvQDUw",
      "from_method_name": "checkMove",
      "from_method_key": "_voAR4Nt7EDaj25iwQvQDUw",
      "to_file_path": "./King",
      "to_class_or_interface_name": "King",
      "to_class_or_interface_key": "_amhUwNt-EDaj25iwQvQDUw",
      "to_method_name": "checkMove",
      "to_method_key": "_amhUwdt-EDaj25iwQvQDUw",
      "data_clump_type": "parameters_to_parameters_data_clump",
      "data_clump_data": {
        "_5MBl0Nt7EDaj25iwQvQDUw": {
          "key": "_5MBl0Nt7EDaj25iwQvQDUw",
          "name": "pTargetRow",
          "type": null,
          "probability": 1,
          "modifiers": [],
          "to_variable": {
            "key": "_amii4tt-EDaj25iwQvQDUw",
            "name": "pTargetRow",
            "type": null,
            "modifiers": [],
            "position": {}
          },
          "position": {}
        },
        "_GF5v8ODaEDaXKKSxOjHXmA": {
          "key": "_GF5v8ODaEDaXKKSxOjHXmA",
          "name": "pTargetColumn",
          "type": null,
          "probability": 1,
          "modifiers": [],
          "to_variable": {
            "key": "_HfducODbEDaCjoCwnQSJxg",
            "name": "pTargetColumn",
            "type": null,
            "modifiers": [],
            "position": {}
          },
          "position": {}
        },
        "_7b9-MOEYEDaCjoCwnQSJxg": {
          "key": "_7b9-MOEYEDaCjoCwnQSJxg",
          "name": "chessboard",
          "type": null,
          "probability": 1,
          "modifiers": [],
          "to_variable": {
            "key": "_SuCWgOEZEDaCjoCwnQSJxg",
            "name": "chessboard",
            "type": null,
            "modifiers": [],
            "position": {}
          },
          "position": {}
        }
      }
    },
    "parameters_to_parameters_data_clump-./Bishop-_voAR4Nt7EDaj25iwQvQDUw-_LkVvANt-EDaj25iwQvQDUw-pTargetRowpTargetColumnchessboard": {
      "type": "data_clump",
      "key": "parameters_to_parameters_data_clump-./Bishop-_voAR4Nt7EDaj25iwQvQDUw-_LkVvANt-EDaj25iwQvQDUw-pTargetRowpTargetColumnchessboard",
      "probability": 1,
      "from_file_path": "./Bishop",
      "from_class_or_interface_name": "Bishop",
      "from_class_or_interface_key": "_6d_rYNt4EDaj25iwQvQDUw",
      "from_method_name": "checkMove",
      "from_method_key": "_voAR4Nt7EDaj25iwQvQDUw",
      "to_file_path": "./Knight",
      "to_class_or_interface_name": "Knight",
      "to_class_or_interface_key": "_LkVH8Nt-EDaj25iwQvQDUw",
      "to_method_name": "checkMove",
      "to_method_key": "_LkVvANt-EDaj25iwQvQDUw",
      "data_clump_type": "parameters_to_parameters_data_clump",
      "data_clump_data": {
        "_5MBl0Nt7EDaj25iwQvQDUw": {
          "key": "_5MBl0Nt7EDaj25iwQvQDUw",
          "name": "pTargetRow",
          "type": null,
          "probability": 1,
          "modifiers": [],
          "to_variable": {
            "key": "_LkWWEtt-EDaj25iwQvQDUw",
            "name": "pTargetRow",
            "type": null,
            "modifiers": [],
            "position": {}
          },
          "position": {}
        },
        "_GF5v8ODaEDaXKKSxOjHXmA": {
          "key": "_GF5v8ODaEDaXKKSxOjHXmA",
          "name": "pTargetColumn",
          "type": null,
          "probability": 1,
          "modifiers": [],
          "to_variable": {
            "key": "_dJrNkODaEDaXKKSxOjHXmA",
            "name": "pTargetColumn",
            "type": null,
            "modifiers": [],
            "position": {}
          },
          "position": {}
        },
        "_7b9-MOEYEDaCjoCwnQSJxg": {
          "key": "_7b9-MOEYEDaCjoCwnQSJxg",
          "name": "chessboard",
          "type": null,
          "probability": 1,
          "modifiers": [],
          "to_variable": {
            "key": "_KCZcEOEZEDaCjoCwnQSJxg",
            "name": "chessboard",
            "type": null,
            "modifiers": [],
            "position": {}
          },
          "position": {}
        }
      }
    },
    "parameters_to_parameters_data_clump-./Bishop-_voAR4Nt7EDaj25iwQvQDUw-_eNsPwdt-EDaj25iwQvQDUw-pTargetRowpTargetColumnchessboard": {
      "type": "data_clump",
      "key": "parameters_to_parameters_data_clump-./Bishop-_voAR4Nt7EDaj25iwQvQDUw-_eNsPwdt-EDaj25iwQvQDUw-pTargetRowpTargetColumnchessboard",
      "probability": 1,
      "from_file_path": "./Bishop",
      "from_class_or_interface_name": "Bishop",
      "from_class_or_interface_key": "_6d_rYNt4EDaj25iwQvQDUw",
      "from_method_name": "checkMove",
      "from_method_key": "_voAR4Nt7EDaj25iwQvQDUw",
      "to_file_path": "./Pawn",
      "to_class_or_interface_name": "Pawn",
      "to_class_or_interface_key": "_eNsPwNt-EDaj25iwQvQDUw",
      "to_method_name": "checkMove",
      "to_method_key": "_eNsPwdt-EDaj25iwQvQDUw",
      "data_clump_type": "parameters_to_parameters_data_clump",
      "data_clump_data": {
        "_5MBl0Nt7EDaj25iwQvQDUw": {
          "key": "_5MBl0Nt7EDaj25iwQvQDUw",
          "name": "pTargetRow",
          "type": null,
          "probability": 1,
          "modifiers": [],
          "to_variable": {
            "key": "_eNsPxNt-EDaj25iwQvQDUw",
            "name": "pTargetRow",
            "type": null,
            "modifiers": [],
            "position": {}
          },
          "position": {}
        },
        "_GF5v8ODaEDaXKKSxOjHXmA": {
          "key": "_GF5v8ODaEDaXKKSxOjHXmA",
          "name": "pTargetColumn",
          "type": null,
          "probability": 1,
          "modifiers": [],
          "to_variable": {
            "key": "_9XYEIODaEDaCjoCwnQSJxg",
            "name": "pTargetColumn",
            "type": null,
            "modifiers": [],
            "position": {}
          },
          "position": {}
        },
        "_7b9-MOEYEDaCjoCwnQSJxg": {
          "key": "_7b9-MOEYEDaCjoCwnQSJxg",
          "name": "chessboard",
          "type": null,
          "probability": 1,
          "modifiers": [],
          "to_variable": {
            "key": "_PMTVIOEZEDaCjoCwnQSJxg",
            "name": "chessboard",
            "type": null,
            "modifiers": [],
            "position": {}
          },
          "position": {}
        }
      }
    },
    "parameters_to_parameters_data_clump-./Bishop-_voAR4Nt7EDaj25iwQvQDUw-_syZAkNuEEDaj25iwQvQDUw-pTargetRowpTargetColumnchessboard": {
      "type": "data_clump",
      "key": "parameters_to_parameters_data_clump-./Bishop-_voAR4Nt7EDaj25iwQvQDUw-_syZAkNuEEDaj25iwQvQDUw-pTargetRowpTargetColumnchessboard",
      "probability": 1,
      "from_file_path": "./Bishop",
      "from_class_or_interface_name": "Bishop",
      "from_class_or_interface_key": "_6d_rYNt4EDaj25iwQvQDUw",
      "from_method_name": "checkMove",
      "from_method_key": "_voAR4Nt7EDaj25iwQvQDUw",
      "to_file_path": "./Placeholder",
      "to_class_or_interface_name": "Placeholder",
      "to_class_or_interface_key": "_r_bwENt4EDaj25iwQvQDUw",
      "to_method_name": "checkMove",
      "to_method_key": "_syZAkNuEEDaj25iwQvQDUw",
      "data_clump_type": "parameters_to_parameters_data_clump",
      "data_clump_data": {
        "_5MBl0Nt7EDaj25iwQvQDUw": {
          "key": "_5MBl0Nt7EDaj25iwQvQDUw",
          "name": "pTargetRow",
          "type": null,
          "probability": 1,
          "modifiers": [],
          "to_variable": {
            "key": "_yOXhENuEEDaj25iwQvQDUw",
            "name": "pTargetRow",
            "type": null,
            "modifiers": [],
            "position": {}
          },
          "position": {}
        },
        "_GF5v8ODaEDaXKKSxOjHXmA": {
          "key": "_GF5v8ODaEDaXKKSxOjHXmA",
          "name": "pTargetColumn",
          "type": null,
          "probability": 1,
          "modifiers": [],
          "to_variable": {
            "key": "_xkOMUNuOEDaj25iwQvQDUw",
            "name": "pTargetColumn",
            "type": null,
            "modifiers": [],
            "position": {}
          },
          "position": {}
        },
        "_7b9-MOEYEDaCjoCwnQSJxg": {
          "key": "_7b9-MOEYEDaCjoCwnQSJxg",
          "name": "chessboard",
          "type": null,
          "probability": 1,
          "modifiers": [],
          "to_variable": {
            "key": "_j3OzcOEWEDaCjoCwnQSJxg",
            "name": "chessboard",
            "type": null,
            "modifiers": [],
            "position": {}
          },
          "position": {}
        }
      }
    },
    "parameters_to_parameters_data_clump-./Bishop-_voAR4Nt7EDaj25iwQvQDUw-_ghJVkNt9EDaj25iwQvQDUw-pTargetRowpTargetColumnchessboard": {
      "type": "data_clump",
      "key": "parameters_to_parameters_data_clump-./Bishop-_voAR4Nt7EDaj25iwQvQDUw-_ghJVkNt9EDaj25iwQvQDUw-pTargetRowpTargetColumnchessboard",
      "probability": 1,
      "from_file_path": "./Bishop",
      "from_class_or_interface_name": "Bishop",
      "from_class_or_interface_key": "_6d_rYNt4EDaj25iwQvQDUw",
      "from_method_name": "checkMove",
      "from_method_key": "_voAR4Nt7EDaj25iwQvQDUw",
      "to_file_path": "./Queen",
      "to_class_or_interface_name": "Queen",
      "to_class_or_interface_key": "_e4920Nt9EDaj25iwQvQDUw",
      "to_method_name": "checkMove",
      "to_method_key": "_ghJVkNt9EDaj25iwQvQDUw",
      "data_clump_type": "parameters_to_parameters_data_clump",
      "data_clump_data": {
        "_5MBl0Nt7EDaj25iwQvQDUw": {
          "key": "_5MBl0Nt7EDaj25iwQvQDUw",
          "name": "pTargetRow",
          "type": null,
          "probability": 1,
          "modifiers": [],
          "to_variable": {
            "key": "_km1_oNt9EDaj25iwQvQDUw",
            "name": "pTargetRow",
            "type": null,
            "modifiers": [],
            "position": {}
          },
          "position": {}
        },
        "_GF5v8ODaEDaXKKSxOjHXmA": {
          "key": "_GF5v8ODaEDaXKKSxOjHXmA",
          "name": "pTargetColumn",
          "type": null,
          "probability": 1,
          "modifiers": [],
          "to_variable": {
            "key": "_oc7VYODYEDaXKKSxOjHXmA",
            "name": "pTargetColumn",
            "type": null,
            "modifiers": [],
            "position": {}
          },
          "position": {}
        },
        "_7b9-MOEYEDaCjoCwnQSJxg": {
          "key": "_7b9-MOEYEDaCjoCwnQSJxg",
          "name": "chessboard",
          "type": null,
          "probability": 1,
          "modifiers": [],
          "to_variable": {
            "key": "_zz-SEOEYEDaCjoCwnQSJxg",
            "name": "chessboard",
            "type": null,
            "modifiers": [],
            "position": {}
          },
          "position": {}
        }
      }
    },
    "parameters_to_parameters_data_clump-./Bishop-_voAR4Nt7EDaj25iwQvQDUw-_Lr9Z8Nt-EDaj25iwQvQDUw-pTargetRowpTargetColumnchessboard": {
      "type": "data_clump",
      "key": "parameters_to_parameters_data_clump-./Bishop-_voAR4Nt7EDaj25iwQvQDUw-_Lr9Z8Nt-EDaj25iwQvQDUw-pTargetRowpTargetColumnchessboard",
      "probability": 1,
      "from_file_path": "./Bishop",
      "from_class_or_interface_name": "Bishop",
      "from_class_or_interface_key": "_6d_rYNt4EDaj25iwQvQDUw",
      "from_method_name": "checkMove",
      "from_method_key": "_voAR4Nt7EDaj25iwQvQDUw",
      "to_file_path": "./Rook",
      "to_class_or_interface_name": "Rook",
      "to_class_or_interface_key": "_Lr8y4Nt-EDaj25iwQvQDUw",
      "to_method_name": "checkMove",
      "to_method_key": "_Lr9Z8Nt-EDaj25iwQvQDUw",
      "data_clump_type": "parameters_to_parameters_data_clump",
      "data_clump_data": {
        "_5MBl0Nt7EDaj25iwQvQDUw": {
          "key": "_5MBl0Nt7EDaj25iwQvQDUw",
          "name": "pTargetRow",
          "type": null,
          "probability": 1,
          "modifiers": [],
          "to_variable": {
            "key": "_Lr-oEdt-EDaj25iwQvQDUw",
            "name": "pTargetRow",
            "type": null,
            "modifiers": [],
            "position": {}
          },
          "position": {}
        },
        "_GF5v8ODaEDaXKKSxOjHXmA": {
          "key": "_GF5v8ODaEDaXKKSxOjHXmA",
          "name": "pTargetColumn",
          "type": null,
          "probability": 1,
          "modifiers": [],
          "to_variable": {
            "key": "_SXPlwODaEDaXKKSxOjHXmA",
            "name": "pTargetColumn",
            "type": null,
            "modifiers": [],
            "position": {}
          },
          "position": {}
        },
        "_7b9-MOEYEDaCjoCwnQSJxg": {
          "key": "_7b9-MOEYEDaCjoCwnQSJxg",
          "name": "chessboard",
          "type": null,
          "probability": 1,
          "modifiers": [],
          "to_variable": {
            "key": "_-nYxUOEYEDaCjoCwnQSJxg",
            "name": "chessboard",
            "type": null,
            "modifiers": [],
            "position": {}
          },
          "position": {}
        }
      }
    },
    "parameters_to_parameters_data_clump-./King-_amhUwdt-EDaj25iwQvQDUw-_voAR4Nt7EDaj25iwQvQDUw-pTargetRowpTargetColumnchessboard": {
      "type": "data_clump",
      "key": "parameters_to_parameters_data_clump-./King-_amhUwdt-EDaj25iwQvQDUw-_voAR4Nt7EDaj25iwQvQDUw-pTargetRowpTargetColumnchessboard",
      "probability": 1,
      "from_file_path": "./King",
      "from_class_or_interface_name": "King",
      "from_class_or_interface_key": "_amhUwNt-EDaj25iwQvQDUw",
      "from_method_name": "checkMove",
      "from_method_key": "_amhUwdt-EDaj25iwQvQDUw",
      "to_file_path": "./Bishop",
      "to_class_or_interface_name": "Bishop",
      "to_class_or_interface_key": "_6d_rYNt4EDaj25iwQvQDUw",
      "to_method_name": "checkMove",
      "to_method_key": "_voAR4Nt7EDaj25iwQvQDUw",
      "data_clump_type": "parameters_to_parameters_data_clump",
      "data_clump_data": {
        "_amii4tt-EDaj25iwQvQDUw": {
          "key": "_amii4tt-EDaj25iwQvQDUw",
          "name": "pTargetRow",
          "type": null,
          "probability": 1,
          "modifiers": [],
          "to_variable": {
            "key": "_5MBl0Nt7EDaj25iwQvQDUw",
            "name": "pTargetRow",
            "type": null,
            "modifiers": [],
            "position": {}
          },
          "position": {}
        },
        "_HfducODbEDaCjoCwnQSJxg": {
          "key": "_HfducODbEDaCjoCwnQSJxg",
          "name": "pTargetColumn",
          "type": null,
          "probability": 1,
          "modifiers": [],
          "to_variable": {
            "key": "_GF5v8ODaEDaXKKSxOjHXmA",
            "name": "pTargetColumn",
            "type": null,
            "modifiers": [],
            "position": {}
          },
          "position": {}
        },
        "_SuCWgOEZEDaCjoCwnQSJxg": {
          "key": "_SuCWgOEZEDaCjoCwnQSJxg",
          "name": "chessboard",
          "type": null,
          "probability": 1,
          "modifiers": [],
          "to_variable": {
            "key": "_7b9-MOEYEDaCjoCwnQSJxg",
            "name": "chessboard",
            "type": null,
            "modifiers": [],
            "position": {}
          },
          "position": {}
        }
      }
    },
    "parameters_to_parameters_data_clump-./King-_amhUwdt-EDaj25iwQvQDUw-_LkVvANt-EDaj25iwQvQDUw-pTargetRowpTargetColumnchessboard": {
      "type": "data_clump",
      "key": "parameters_to_parameters_data_clump-./King-_amhUwdt-EDaj25iwQvQDUw-_LkVvANt-EDaj25iwQvQDUw-pTargetRowpTargetColumnchessboard",
      "probability": 1,
      "from_file_path": "./King",
      "from_class_or_interface_name": "King",
      "from_class_or_interface_key": "_amhUwNt-EDaj25iwQvQDUw",
      "from_method_name": "checkMove",
      "from_method_key": "_amhUwdt-EDaj25iwQvQDUw",
      "to_file_path": "./Knight",
      "to_class_or_interface_name": "Knight",
      "to_class_or_interface_key": "_LkVH8Nt-EDaj25iwQvQDUw",
      "to_method_name": "checkMove",
      "to_method_key": "_LkVvANt-EDaj25iwQvQDUw",
      "data_clump_type": "parameters_to_parameters_data_clump",
      "data_clump_data": {
        "_amii4tt-EDaj25iwQvQDUw": {
          "key": "_amii4tt-EDaj25iwQvQDUw",
          "name": "pTargetRow",
          "type": null,
          "probability": 1,
          "modifiers": [],
          "to_variable": {
            "key": "_LkWWEtt-EDaj25iwQvQDUw",
            "name": "pTargetRow",
            "type": null,
            "modifiers": [],
            "position": {}
          },
          "position": {}
        },
        "_HfducODbEDaCjoCwnQSJxg": {
          "key": "_HfducODbEDaCjoCwnQSJxg",
          "name": "pTargetColumn",
          "type": null,
          "probability": 1,
          "modifiers": [],
          "to_variable": {
            "key": "_dJrNkODaEDaXKKSxOjHXmA",
            "name": "pTargetColumn",
            "type": null,
            "modifiers": [],
            "position": {}
          },
          "position": {}
        },
        "_SuCWgOEZEDaCjoCwnQSJxg": {
          "key": "_SuCWgOEZEDaCjoCwnQSJxg",
          "name": "chessboard",
          "type": null,
          "probability": 1,
          "modifiers": [],
          "to_variable": {
            "key": "_KCZcEOEZEDaCjoCwnQSJxg",
            "name": "chessboard",
            "type": null,
            "modifiers": [],
            "position": {}
          },
          "position": {}
        }
      }
    },
    "parameters_to_parameters_data_clump-./King-_amhUwdt-EDaj25iwQvQDUw-_eNsPwdt-EDaj25iwQvQDUw-pTargetRowpTargetColumnchessboard": {
      "type": "data_clump",
      "key": "parameters_to_parameters_data_clump-./King-_amhUwdt-EDaj25iwQvQDUw-_eNsPwdt-EDaj25iwQvQDUw-pTargetRowpTargetColumnchessboard",
      "probability": 1,
      "from_file_path": "./King",
      "from_class_or_interface_name": "King",
      "from_class_or_interface_key": "_amhUwNt-EDaj25iwQvQDUw",
      "from_method_name": "checkMove",
      "from_method_key": "_amhUwdt-EDaj25iwQvQDUw",
      "to_file_path": "./Pawn",
      "to_class_or_interface_name": "Pawn",
      "to_class_or_interface_key": "_eNsPwNt-EDaj25iwQvQDUw",
      "to_method_name": "checkMove",
      "to_method_key": "_eNsPwdt-EDaj25iwQvQDUw",
      "data_clump_type": "parameters_to_parameters_data_clump",
      "data_clump_data": {
        "_amii4tt-EDaj25iwQvQDUw": {
          "key": "_amii4tt-EDaj25iwQvQDUw",
          "name": "pTargetRow",
          "type": null,
          "probability": 1,
          "modifiers": [],
          "to_variable": {
            "key": "_eNsPxNt-EDaj25iwQvQDUw",
            "name": "pTargetRow",
            "type": null,
            "modifiers": [],
            "position": {}
          },
          "position": {}
        },
        "_HfducODbEDaCjoCwnQSJxg": {
          "key": "_HfducODbEDaCjoCwnQSJxg",
          "name": "pTargetColumn",
          "type": null,
          "probability": 1,
          "modifiers": [],
          "to_variable": {
            "key": "_9XYEIODaEDaCjoCwnQSJxg",
            "name": "pTargetColumn",
            "type": null,
            "modifiers": [],
            "position": {}
          },
          "position": {}
        },
        "_SuCWgOEZEDaCjoCwnQSJxg": {
          "key": "_SuCWgOEZEDaCjoCwnQSJxg",
          "name": "chessboard",
          "type": null,
          "probability": 1,
          "modifiers": [],
          "to_variable": {
            "key": "_PMTVIOEZEDaCjoCwnQSJxg",
            "name": "chessboard",
            "type": null,
            "modifiers": [],
            "position": {}
          },
          "position": {}
        }
      }
    },
    "parameters_to_parameters_data_clump-./King-_amhUwdt-EDaj25iwQvQDUw-_syZAkNuEEDaj25iwQvQDUw-pTargetRowpTargetColumnchessboard": {
      "type": "data_clump",
      "key": "parameters_to_parameters_data_clump-./King-_amhUwdt-EDaj25iwQvQDUw-_syZAkNuEEDaj25iwQvQDUw-pTargetRowpTargetColumnchessboard",
      "probability": 1,
      "from_file_path": "./King",
      "from_class_or_interface_name": "King",
      "from_class_or_interface_key": "_amhUwNt-EDaj25iwQvQDUw",
      "from_method_name": "checkMove",
      "from_method_key": "_amhUwdt-EDaj25iwQvQDUw",
      "to_file_path": "./Placeholder",
      "to_class_or_interface_name": "Placeholder",
      "to_class_or_interface_key": "_r_bwENt4EDaj25iwQvQDUw",
      "to_method_name": "checkMove",
      "to_method_key": "_syZAkNuEEDaj25iwQvQDUw",
      "data_clump_type": "parameters_to_parameters_data_clump",
      "data_clump_data": {
        "_amii4tt-EDaj25iwQvQDUw": {
          "key": "_amii4tt-EDaj25iwQvQDUw",
          "name": "pTargetRow",
          "type": null,
          "probability": 1,
          "modifiers": [],
          "to_variable": {
            "key": "_yOXhENuEEDaj25iwQvQDUw",
            "name": "pTargetRow",
            "type": null,
            "modifiers": [],
            "position": {}
          },
          "position": {}
        },
        "_HfducODbEDaCjoCwnQSJxg": {
          "key": "_HfducODbEDaCjoCwnQSJxg",
          "name": "pTargetColumn",
          "type": null,
          "probability": 1,
          "modifiers": [],
          "to_variable": {
            "key": "_xkOMUNuOEDaj25iwQvQDUw",
            "name": "pTargetColumn",
            "type": null,
            "modifiers": [],
            "position": {}
          },
          "position": {}
        },
        "_SuCWgOEZEDaCjoCwnQSJxg": {
          "key": "_SuCWgOEZEDaCjoCwnQSJxg",
          "name": "chessboard",
          "type": null,
          "probability": 1,
          "modifiers": [],
          "to_variable": {
            "key": "_j3OzcOEWEDaCjoCwnQSJxg",
            "name": "chessboard",
            "type": null,
            "modifiers": [],
            "position": {}
          },
          "position": {}
        }
      }
    },
    "parameters_to_parameters_data_clump-./King-_amhUwdt-EDaj25iwQvQDUw-_ghJVkNt9EDaj25iwQvQDUw-pTargetRowpTargetColumnchessboard": {
      "type": "data_clump",
      "key": "parameters_to_parameters_data_clump-./King-_amhUwdt-EDaj25iwQvQDUw-_ghJVkNt9EDaj25iwQvQDUw-pTargetRowpTargetColumnchessboard",
      "probability": 1,
      "from_file_path": "./King",
      "from_class_or_interface_name": "King",
      "from_class_or_interface_key": "_amhUwNt-EDaj25iwQvQDUw",
      "from_method_name": "checkMove",
      "from_method_key": "_amhUwdt-EDaj25iwQvQDUw",
      "to_file_path": "./Queen",
      "to_class_or_interface_name": "Queen",
      "to_class_or_interface_key": "_e4920Nt9EDaj25iwQvQDUw",
      "to_method_name": "checkMove",
      "to_method_key": "_ghJVkNt9EDaj25iwQvQDUw",
      "data_clump_type": "parameters_to_parameters_data_clump",
      "data_clump_data": {
        "_amii4tt-EDaj25iwQvQDUw": {
          "key": "_amii4tt-EDaj25iwQvQDUw",
          "name": "pTargetRow",
          "type": null,
          "probability": 1,
          "modifiers": [],
          "to_variable": {
            "key": "_km1_oNt9EDaj25iwQvQDUw",
            "name": "pTargetRow",
            "type": null,
            "modifiers": [],
            "position": {}
          },
          "position": {}
        },
        "_HfducODbEDaCjoCwnQSJxg": {
          "key": "_HfducODbEDaCjoCwnQSJxg",
          "name": "pTargetColumn",
          "type": null,
          "probability": 1,
          "modifiers": [],
          "to_variable": {
            "key": "_oc7VYODYEDaXKKSxOjHXmA",
            "name": "pTargetColumn",
            "type": null,
            "modifiers": [],
            "position": {}
          },
          "position": {}
        },
        "_SuCWgOEZEDaCjoCwnQSJxg": {
          "key": "_SuCWgOEZEDaCjoCwnQSJxg",
          "name": "chessboard",
          "type": null,
          "probability": 1,
          "modifiers": [],
          "to_variable": {
            "key": "_zz-SEOEYEDaCjoCwnQSJxg",
            "name": "chessboard",
            "type": null,
            "modifiers": [],
            "position": {}
          },
          "position": {}
        }
      }
    },
    "parameters_to_parameters_data_clump-./King-_amhUwdt-EDaj25iwQvQDUw-_Lr9Z8Nt-EDaj25iwQvQDUw-pTargetRowpTargetColumnchessboard": {
      "type": "data_clump",
      "key": "parameters_to_parameters_data_clump-./King-_amhUwdt-EDaj25iwQvQDUw-_Lr9Z8Nt-EDaj25iwQvQDUw-pTargetRowpTargetColumnchessboard",
      "probability": 1,
      "from_file_path": "./King",
      "from_class_or_interface_name": "King",
      "from_class_or_interface_key": "_amhUwNt-EDaj25iwQvQDUw",
      "from_method_name": "checkMove",
      "from_method_key": "_amhUwdt-EDaj25iwQvQDUw",
      "to_file_path": "./Rook",
      "to_class_or_interface_name": "Rook",
      "to_class_or_interface_key": "_Lr8y4Nt-EDaj25iwQvQDUw",
      "to_method_name": "checkMove",
      "to_method_key": "_Lr9Z8Nt-EDaj25iwQvQDUw",
      "data_clump_type": "parameters_to_parameters_data_clump",
      "data_clump_data": {
        "_amii4tt-EDaj25iwQvQDUw": {
          "key": "_amii4tt-EDaj25iwQvQDUw",
          "name": "pTargetRow",
          "type": null,
          "probability": 1,
          "modifiers": [],
          "to_variable": {
            "key": "_Lr-oEdt-EDaj25iwQvQDUw",
            "name": "pTargetRow",
            "type": null,
            "modifiers": [],
            "position": {}
          },
          "position": {}
        },
        "_HfducODbEDaCjoCwnQSJxg": {
          "key": "_HfducODbEDaCjoCwnQSJxg",
          "name": "pTargetColumn",
          "type": null,
          "probability": 1,
          "modifiers": [],
          "to_variable": {
            "key": "_SXPlwODaEDaXKKSxOjHXmA",
            "name": "pTargetColumn",
            "type": null,
            "modifiers": [],
            "position": {}
          },
          "position": {}
        },
        "_SuCWgOEZEDaCjoCwnQSJxg": {
          "key": "_SuCWgOEZEDaCjoCwnQSJxg",
          "name": "chessboard",
          "type": null,
          "probability": 1,
          "modifiers": [],
          "to_variable": {
            "key": "_-nYxUOEYEDaCjoCwnQSJxg",
            "name": "chessboard",
            "type": null,
            "modifiers": [],
            "position": {}
          },
          "position": {}
        }
      }
    },
    "parameters_to_parameters_data_clump-./Knight-_LkVvANt-EDaj25iwQvQDUw-_voAR4Nt7EDaj25iwQvQDUw-pTargetRowpTargetColumnchessboard": {
      "type": "data_clump",
      "key": "parameters_to_parameters_data_clump-./Knight-_LkVvANt-EDaj25iwQvQDUw-_voAR4Nt7EDaj25iwQvQDUw-pTargetRowpTargetColumnchessboard",
      "probability": 1,
      "from_file_path": "./Knight",
      "from_class_or_interface_name": "Knight",
      "from_class_or_interface_key": "_LkVH8Nt-EDaj25iwQvQDUw",
      "from_method_name": "checkMove",
      "from_method_key": "_LkVvANt-EDaj25iwQvQDUw",
      "to_file_path": "./Bishop",
      "to_class_or_interface_name": "Bishop",
      "to_class_or_interface_key": "_6d_rYNt4EDaj25iwQvQDUw",
      "to_method_name": "checkMove",
      "to_method_key": "_voAR4Nt7EDaj25iwQvQDUw",
      "data_clump_type": "parameters_to_parameters_data_clump",
      "data_clump_data": {
        "_LkWWEtt-EDaj25iwQvQDUw": {
          "key": "_LkWWEtt-EDaj25iwQvQDUw",
          "name": "pTargetRow",
          "type": null,
          "probability": 1,
          "modifiers": [],
          "to_variable": {
            "key": "_5MBl0Nt7EDaj25iwQvQDUw",
            "name": "pTargetRow",
            "type": null,
            "modifiers": [],
            "position": {}
          },
          "position": {}
        },
        "_dJrNkODaEDaXKKSxOjHXmA": {
          "key": "_dJrNkODaEDaXKKSxOjHXmA",
          "name": "pTargetColumn",
          "type": null,
          "probability": 1,
          "modifiers": [],
          "to_variable": {
            "key": "_GF5v8ODaEDaXKKSxOjHXmA",
            "name": "pTargetColumn",
            "type": null,
            "modifiers": [],
            "position": {}
          },
          "position": {}
        },
        "_KCZcEOEZEDaCjoCwnQSJxg": {
          "key": "_KCZcEOEZEDaCjoCwnQSJxg",
          "name": "chessboard",
          "type": null,
          "probability": 1,
          "modifiers": [],
          "to_variable": {
            "key": "_7b9-MOEYEDaCjoCwnQSJxg",
            "name": "chessboard",
            "type": null,
            "modifiers": [],
            "position": {}
          },
          "position": {}
        }
      }
    },
    "parameters_to_parameters_data_clump-./Knight-_LkVvANt-EDaj25iwQvQDUw-_amhUwdt-EDaj25iwQvQDUw-pTargetRowpTargetColumnchessboard": {
      "type": "data_clump",
      "key": "parameters_to_parameters_data_clump-./Knight-_LkVvANt-EDaj25iwQvQDUw-_amhUwdt-EDaj25iwQvQDUw-pTargetRowpTargetColumnchessboard",
      "probability": 1,
      "from_file_path": "./Knight",
      "from_class_or_interface_name": "Knight",
      "from_class_or_interface_key": "_LkVH8Nt-EDaj25iwQvQDUw",
      "from_method_name": "checkMove",
      "from_method_key": "_LkVvANt-EDaj25iwQvQDUw",
      "to_file_path": "./King",
      "to_class_or_interface_name": "King",
      "to_class_or_interface_key": "_amhUwNt-EDaj25iwQvQDUw",
      "to_method_name": "checkMove",
      "to_method_key": "_amhUwdt-EDaj25iwQvQDUw",
      "data_clump_type": "parameters_to_parameters_data_clump",
      "data_clump_data": {
        "_LkWWEtt-EDaj25iwQvQDUw": {
          "key": "_LkWWEtt-EDaj25iwQvQDUw",
          "name": "pTargetRow",
          "type": null,
          "probability": 1,
          "modifiers": [],
          "to_variable": {
            "key": "_amii4tt-EDaj25iwQvQDUw",
            "name": "pTargetRow",
            "type": null,
            "modifiers": [],
            "position": {}
          },
          "position": {}
        },
        "_dJrNkODaEDaXKKSxOjHXmA": {
          "key": "_dJrNkODaEDaXKKSxOjHXmA",
          "name": "pTargetColumn",
          "type": null,
          "probability": 1,
          "modifiers": [],
          "to_variable": {
            "key": "_HfducODbEDaCjoCwnQSJxg",
            "name": "pTargetColumn",
            "type": null,
            "modifiers": [],
            "position": {}
          },
          "position": {}
        },
        "_KCZcEOEZEDaCjoCwnQSJxg": {
          "key": "_KCZcEOEZEDaCjoCwnQSJxg",
          "name": "chessboard",
          "type": null,
          "probability": 1,
          "modifiers": [],
          "to_variable": {
            "key": "_SuCWgOEZEDaCjoCwnQSJxg",
            "name": "chessboard",
            "type": null,
            "modifiers": [],
            "position": {}
          },
          "position": {}
        }
      }
    },
    "parameters_to_parameters_data_clump-./Knight-_LkVvANt-EDaj25iwQvQDUw-_eNsPwdt-EDaj25iwQvQDUw-pTargetRowpTargetColumnchessboard": {
      "type": "data_clump",
      "key": "parameters_to_parameters_data_clump-./Knight-_LkVvANt-EDaj25iwQvQDUw-_eNsPwdt-EDaj25iwQvQDUw-pTargetRowpTargetColumnchessboard",
      "probability": 1,
      "from_file_path": "./Knight",
      "from_class_or_interface_name": "Knight",
      "from_class_or_interface_key": "_LkVH8Nt-EDaj25iwQvQDUw",
      "from_method_name": "checkMove",
      "from_method_key": "_LkVvANt-EDaj25iwQvQDUw",
      "to_file_path": "./Pawn",
      "to_class_or_interface_name": "Pawn",
      "to_class_or_interface_key": "_eNsPwNt-EDaj25iwQvQDUw",
      "to_method_name": "checkMove",
      "to_method_key": "_eNsPwdt-EDaj25iwQvQDUw",
      "data_clump_type": "parameters_to_parameters_data_clump",
      "data_clump_data": {
        "_LkWWEtt-EDaj25iwQvQDUw": {
          "key": "_LkWWEtt-EDaj25iwQvQDUw",
          "name": "pTargetRow",
          "type": null,
          "probability": 1,
          "modifiers": [],
          "to_variable": {
            "key": "_eNsPxNt-EDaj25iwQvQDUw",
            "name": "pTargetRow",
            "type": null,
            "modifiers": [],
            "position": {}
          },
          "position": {}
        },
        "_dJrNkODaEDaXKKSxOjHXmA": {
          "key": "_dJrNkODaEDaXKKSxOjHXmA",
          "name": "pTargetColumn",
          "type": null,
          "probability": 1,
          "modifiers": [],
          "to_variable": {
            "key": "_9XYEIODaEDaCjoCwnQSJxg",
            "name": "pTargetColumn",
            "type": null,
            "modifiers": [],
            "position": {}
          },
          "position": {}
        },
        "_KCZcEOEZEDaCjoCwnQSJxg": {
          "key": "_KCZcEOEZEDaCjoCwnQSJxg",
          "name": "chessboard",
          "type": null,
          "probability": 1,
          "modifiers": [],
          "to_variable": {
            "key": "_PMTVIOEZEDaCjoCwnQSJxg",
            "name": "chessboard",
            "type": null,
            "modifiers": [],
            "position": {}
          },
          "position": {}
        }
      }
    },
    "parameters_to_parameters_data_clump-./Knight-_LkVvANt-EDaj25iwQvQDUw-_syZAkNuEEDaj25iwQvQDUw-pTargetRowpTargetColumnchessboard": {
      "type": "data_clump",
      "key": "parameters_to_parameters_data_clump-./Knight-_LkVvANt-EDaj25iwQvQDUw-_syZAkNuEEDaj25iwQvQDUw-pTargetRowpTargetColumnchessboard",
      "probability": 1,
      "from_file_path": "./Knight",
      "from_class_or_interface_name": "Knight",
      "from_class_or_interface_key": "_LkVH8Nt-EDaj25iwQvQDUw",
      "from_method_name": "checkMove",
      "from_method_key": "_LkVvANt-EDaj25iwQvQDUw",
      "to_file_path": "./Placeholder",
      "to_class_or_interface_name": "Placeholder",
      "to_class_or_interface_key": "_r_bwENt4EDaj25iwQvQDUw",
      "to_method_name": "checkMove",
      "to_method_key": "_syZAkNuEEDaj25iwQvQDUw",
      "data_clump_type": "parameters_to_parameters_data_clump",
      "data_clump_data": {
        "_LkWWEtt-EDaj25iwQvQDUw": {
          "key": "_LkWWEtt-EDaj25iwQvQDUw",
          "name": "pTargetRow",
          "type": null,
          "probability": 1,
          "modifiers": [],
          "to_variable": {
            "key": "_yOXhENuEEDaj25iwQvQDUw",
            "name": "pTargetRow",
            "type": null,
            "modifiers": [],
            "position": {}
          },
          "position": {}
        },
        "_dJrNkODaEDaXKKSxOjHXmA": {
          "key": "_dJrNkODaEDaXKKSxOjHXmA",
          "name": "pTargetColumn",
          "type": null,
          "probability": 1,
          "modifiers": [],
          "to_variable": {
            "key": "_xkOMUNuOEDaj25iwQvQDUw",
            "name": "pTargetColumn",
            "type": null,
            "modifiers": [],
            "position": {}
          },
          "position": {}
        },
        "_KCZcEOEZEDaCjoCwnQSJxg": {
          "key": "_KCZcEOEZEDaCjoCwnQSJxg",
          "name": "chessboard",
          "type": null,
          "probability": 1,
          "modifiers": [],
          "to_variable": {
            "key": "_j3OzcOEWEDaCjoCwnQSJxg",
            "name": "chessboard",
            "type": null,
            "modifiers": [],
            "position": {}
          },
          "position": {}
        }
      }
    },
    "parameters_to_parameters_data_clump-./Knight-_LkVvANt-EDaj25iwQvQDUw-_ghJVkNt9EDaj25iwQvQDUw-pTargetRowpTargetColumnchessboard": {
      "type": "data_clump",
      "key": "parameters_to_parameters_data_clump-./Knight-_LkVvANt-EDaj25iwQvQDUw-_ghJVkNt9EDaj25iwQvQDUw-pTargetRowpTargetColumnchessboard",
      "probability": 1,
      "from_file_path": "./Knight",
      "from_class_or_interface_name": "Knight",
      "from_class_or_interface_key": "_LkVH8Nt-EDaj25iwQvQDUw",
      "from_method_name": "checkMove",
      "from_method_key": "_LkVvANt-EDaj25iwQvQDUw",
      "to_file_path": "./Queen",
      "to_class_or_interface_name": "Queen",
      "to_class_or_interface_key": "_e4920Nt9EDaj25iwQvQDUw",
      "to_method_name": "checkMove",
      "to_method_key": "_ghJVkNt9EDaj25iwQvQDUw",
      "data_clump_type": "parameters_to_parameters_data_clump",
      "data_clump_data": {
        "_LkWWEtt-EDaj25iwQvQDUw": {
          "key": "_LkWWEtt-EDaj25iwQvQDUw",
          "name": "pTargetRow",
          "type": null,
          "probability": 1,
          "modifiers": [],
          "to_variable": {
            "key": "_km1_oNt9EDaj25iwQvQDUw",
            "name": "pTargetRow",
            "type": null,
            "modifiers": [],
            "position": {}
          },
          "position": {}
        },
        "_dJrNkODaEDaXKKSxOjHXmA": {
          "key": "_dJrNkODaEDaXKKSxOjHXmA",
          "name": "pTargetColumn",
          "type": null,
          "probability": 1,
          "modifiers": [],
          "to_variable": {
            "key": "_oc7VYODYEDaXKKSxOjHXmA",
            "name": "pTargetColumn",
            "type": null,
            "modifiers": [],
            "position": {}
          },
          "position": {}
        },
        "_KCZcEOEZEDaCjoCwnQSJxg": {
          "key": "_KCZcEOEZEDaCjoCwnQSJxg",
          "name": "chessboard",
          "type": null,
          "probability": 1,
          "modifiers": [],
          "to_variable": {
            "key": "_zz-SEOEYEDaCjoCwnQSJxg",
            "name": "chessboard",
            "type": null,
            "modifiers": [],
            "position": {}
          },
          "position": {}
        }
      }
    },
    "parameters_to_parameters_data_clump-./Knight-_LkVvANt-EDaj25iwQvQDUw-_Lr9Z8Nt-EDaj25iwQvQDUw-pTargetRowpTargetColumnchessboard": {
      "type": "data_clump",
      "key": "parameters_to_parameters_data_clump-./Knight-_LkVvANt-EDaj25iwQvQDUw-_Lr9Z8Nt-EDaj25iwQvQDUw-pTargetRowpTargetColumnchessboard",
      "probability": 1,
      "from_file_path": "./Knight",
      "from_class_or_interface_name": "Knight",
      "from_class_or_interface_key": "_LkVH8Nt-EDaj25iwQvQDUw",
      "from_method_name": "checkMove",
      "from_method_key": "_LkVvANt-EDaj25iwQvQDUw",
      "to_file_path": "./Rook",
      "to_class_or_interface_name": "Rook",
      "to_class_or_interface_key": "_Lr8y4Nt-EDaj25iwQvQDUw",
      "to_method_name": "checkMove",
      "to_method_key": "_Lr9Z8Nt-EDaj25iwQvQDUw",
      "data_clump_type": "parameters_to_parameters_data_clump",
      "data_clump_data": {
        "_LkWWEtt-EDaj25iwQvQDUw": {
          "key": "_LkWWEtt-EDaj25iwQvQDUw",
          "name": "pTargetRow",
          "type": null,
          "probability": 1,
          "modifiers": [],
          "to_variable": {
            "key": "_Lr-oEdt-EDaj25iwQvQDUw",
            "name": "pTargetRow",
            "type": null,
            "modifiers": [],
            "position": {}
          },
          "position": {}
        },
        "_dJrNkODaEDaXKKSxOjHXmA": {
          "key": "_dJrNkODaEDaXKKSxOjHXmA",
          "name": "pTargetColumn",
          "type": null,
          "probability": 1,
          "modifiers": [],
          "to_variable": {
            "key": "_SXPlwODaEDaXKKSxOjHXmA",
            "name": "pTargetColumn",
            "type": null,
            "modifiers": [],
            "position": {}
          },
          "position": {}
        },
        "_KCZcEOEZEDaCjoCwnQSJxg": {
          "key": "_KCZcEOEZEDaCjoCwnQSJxg",
          "name": "chessboard",
          "type": null,
          "probability": 1,
          "modifiers": [],
          "to_variable": {
            "key": "_-nYxUOEYEDaCjoCwnQSJxg",
            "name": "chessboard",
            "type": null,
            "modifiers": [],
            "position": {}
          },
          "position": {}
        }
      }
    },
    "parameters_to_parameters_data_clump-./Pawn-_eNsPwdt-EDaj25iwQvQDUw-_voAR4Nt7EDaj25iwQvQDUw-pTargetRowpTargetColumnchessboard": {
      "type": "data_clump",
      "key": "parameters_to_parameters_data_clump-./Pawn-_eNsPwdt-EDaj25iwQvQDUw-_voAR4Nt7EDaj25iwQvQDUw-pTargetRowpTargetColumnchessboard",
      "probability": 1,
      "from_file_path": "./Pawn",
      "from_class_or_interface_name": "Pawn",
      "from_class_or_interface_key": "_eNsPwNt-EDaj25iwQvQDUw",
      "from_method_name": "checkMove",
      "from_method_key": "_eNsPwdt-EDaj25iwQvQDUw",
      "to_file_path": "./Bishop",
      "to_class_or_interface_name": "Bishop",
      "to_class_or_interface_key": "_6d_rYNt4EDaj25iwQvQDUw",
      "to_method_name": "checkMove",
      "to_method_key": "_voAR4Nt7EDaj25iwQvQDUw",
      "data_clump_type": "parameters_to_parameters_data_clump",
      "data_clump_data": {
        "_eNsPxNt-EDaj25iwQvQDUw": {
          "key": "_eNsPxNt-EDaj25iwQvQDUw",
          "name": "pTargetRow",
          "type": null,
          "probability": 1,
          "modifiers": [],
          "to_variable": {
            "key": "_5MBl0Nt7EDaj25iwQvQDUw",
            "name": "pTargetRow",
            "type": null,
            "modifiers": [],
            "position": {}
          },
          "position": {}
        },
        "_9XYEIODaEDaCjoCwnQSJxg": {
          "key": "_9XYEIODaEDaCjoCwnQSJxg",
          "name": "pTargetColumn",
          "type": null,
          "probability": 1,
          "modifiers": [],
          "to_variable": {
            "key": "_GF5v8ODaEDaXKKSxOjHXmA",
            "name": "pTargetColumn",
            "type": null,
            "modifiers": [],
            "position": {}
          },
          "position": {}
        },
        "_PMTVIOEZEDaCjoCwnQSJxg": {
          "key": "_PMTVIOEZEDaCjoCwnQSJxg",
          "name": "chessboard",
          "type": null,
          "probability": 1,
          "modifiers": [],
          "to_variable": {
            "key": "_7b9-MOEYEDaCjoCwnQSJxg",
            "name": "chessboard",
            "type": null,
            "modifiers": [],
            "position": {}
          },
          "position": {}
        }
      }
    },
    "parameters_to_parameters_data_clump-./Pawn-_eNsPwdt-EDaj25iwQvQDUw-_amhUwdt-EDaj25iwQvQDUw-pTargetRowpTargetColumnchessboard": {
      "type": "data_clump",
      "key": "parameters_to_parameters_data_clump-./Pawn-_eNsPwdt-EDaj25iwQvQDUw-_amhUwdt-EDaj25iwQvQDUw-pTargetRowpTargetColumnchessboard",
      "probability": 1,
      "from_file_path": "./Pawn",
      "from_class_or_interface_name": "Pawn",
      "from_class_or_interface_key": "_eNsPwNt-EDaj25iwQvQDUw",
      "from_method_name": "checkMove",
      "from_method_key": "_eNsPwdt-EDaj25iwQvQDUw",
      "to_file_path": "./King",
      "to_class_or_interface_name": "King",
      "to_class_or_interface_key": "_amhUwNt-EDaj25iwQvQDUw",
      "to_method_name": "checkMove",
      "to_method_key": "_amhUwdt-EDaj25iwQvQDUw",
      "data_clump_type": "parameters_to_parameters_data_clump",
      "data_clump_data": {
        "_eNsPxNt-EDaj25iwQvQDUw": {
          "key": "_eNsPxNt-EDaj25iwQvQDUw",
          "name": "pTargetRow",
          "type": null,
          "probability": 1,
          "modifiers": [],
          "to_variable": {
            "key": "_amii4tt-EDaj25iwQvQDUw",
            "name": "pTargetRow",
            "type": null,
            "modifiers": [],
            "position": {}
          },
          "position": {}
        },
        "_9XYEIODaEDaCjoCwnQSJxg": {
          "key": "_9XYEIODaEDaCjoCwnQSJxg",
          "name": "pTargetColumn",
          "type": null,
          "probability": 1,
          "modifiers": [],
          "to_variable": {
            "key": "_HfducODbEDaCjoCwnQSJxg",
            "name": "pTargetColumn",
            "type": null,
            "modifiers": [],
            "position": {}
          },
          "position": {}
        },
        "_PMTVIOEZEDaCjoCwnQSJxg": {
          "key": "_PMTVIOEZEDaCjoCwnQSJxg",
          "name": "chessboard",
          "type": null,
          "probability": 1,
          "modifiers": [],
          "to_variable": {
            "key": "_SuCWgOEZEDaCjoCwnQSJxg",
            "name": "chessboard",
            "type": null,
            "modifiers": [],
            "position": {}
          },
          "position": {}
        }
      }
    },
    "parameters_to_parameters_data_clump-./Pawn-_eNsPwdt-EDaj25iwQvQDUw-_LkVvANt-EDaj25iwQvQDUw-pTargetRowpTargetColumnchessboard": {
      "type": "data_clump",
      "key": "parameters_to_parameters_data_clump-./Pawn-_eNsPwdt-EDaj25iwQvQDUw-_LkVvANt-EDaj25iwQvQDUw-pTargetRowpTargetColumnchessboard",
      "probability": 1,
      "from_file_path": "./Pawn",
      "from_class_or_interface_name": "Pawn",
      "from_class_or_interface_key": "_eNsPwNt-EDaj25iwQvQDUw",
      "from_method_name": "checkMove",
      "from_method_key": "_eNsPwdt-EDaj25iwQvQDUw",
      "to_file_path": "./Knight",
      "to_class_or_interface_name": "Knight",
      "to_class_or_interface_key": "_LkVH8Nt-EDaj25iwQvQDUw",
      "to_method_name": "checkMove",
      "to_method_key": "_LkVvANt-EDaj25iwQvQDUw",
      "data_clump_type": "parameters_to_parameters_data_clump",
      "data_clump_data": {
        "_eNsPxNt-EDaj25iwQvQDUw": {
          "key": "_eNsPxNt-EDaj25iwQvQDUw",
          "name": "pTargetRow",
          "type": null,
          "probability": 1,
          "modifiers": [],
          "to_variable": {
            "key": "_LkWWEtt-EDaj25iwQvQDUw",
            "name": "pTargetRow",
            "type": null,
            "modifiers": [],
            "position": {}
          },
          "position": {}
        },
        "_9XYEIODaEDaCjoCwnQSJxg": {
          "key": "_9XYEIODaEDaCjoCwnQSJxg",
          "name": "pTargetColumn",
          "type": null,
          "probability": 1,
          "modifiers": [],
          "to_variable": {
            "key": "_dJrNkODaEDaXKKSxOjHXmA",
            "name": "pTargetColumn",
            "type": null,
            "modifiers": [],
            "position": {}
          },
          "position": {}
        },
        "_PMTVIOEZEDaCjoCwnQSJxg": {
          "key": "_PMTVIOEZEDaCjoCwnQSJxg",
          "name": "chessboard",
          "type": null,
          "probability": 1,
          "modifiers": [],
          "to_variable": {
            "key": "_KCZcEOEZEDaCjoCwnQSJxg",
            "name": "chessboard",
            "type": null,
            "modifiers": [],
            "position": {}
          },
          "position": {}
        }
      }
    },
    "parameters_to_parameters_data_clump-./Pawn-_eNsPwdt-EDaj25iwQvQDUw-_syZAkNuEEDaj25iwQvQDUw-pTargetRowpTargetColumnchessboard": {
      "type": "data_clump",
      "key": "parameters_to_parameters_data_clump-./Pawn-_eNsPwdt-EDaj25iwQvQDUw-_syZAkNuEEDaj25iwQvQDUw-pTargetRowpTargetColumnchessboard",
      "probability": 1,
      "from_file_path": "./Pawn",
      "from_class_or_interface_name": "Pawn",
      "from_class_or_interface_key": "_eNsPwNt-EDaj25iwQvQDUw",
      "from_method_name": "checkMove",
      "from_method_key": "_eNsPwdt-EDaj25iwQvQDUw",
      "to_file_path": "./Placeholder",
      "to_class_or_interface_name": "Placeholder",
      "to_class_or_interface_key": "_r_bwENt4EDaj25iwQvQDUw",
      "to_method_name": "checkMove",
      "to_method_key": "_syZAkNuEEDaj25iwQvQDUw",
      "data_clump_type": "parameters_to_parameters_data_clump",
      "data_clump_data": {
        "_eNsPxNt-EDaj25iwQvQDUw": {
          "key": "_eNsPxNt-EDaj25iwQvQDUw",
          "name": "pTargetRow",
          "type": null,
          "probability": 1,
          "modifiers": [],
          "to_variable": {
            "key": "_yOXhENuEEDaj25iwQvQDUw",
            "name": "pTargetRow",
            "type": null,
            "modifiers": [],
            "position": {}
          },
          "position": {}
        },
        "_9XYEIODaEDaCjoCwnQSJxg": {
          "key": "_9XYEIODaEDaCjoCwnQSJxg",
          "name": "pTargetColumn",
          "type": null,
          "probability": 1,
          "modifiers": [],
          "to_variable": {
            "key": "_xkOMUNuOEDaj25iwQvQDUw",
            "name": "pTargetColumn",
            "type": null,
            "modifiers": [],
            "position": {}
          },
          "position": {}
        },
        "_PMTVIOEZEDaCjoCwnQSJxg": {
          "key": "_PMTVIOEZEDaCjoCwnQSJxg",
          "name": "chessboard",
          "type": null,
          "probability": 1,
          "modifiers": [],
          "to_variable": {
            "key": "_j3OzcOEWEDaCjoCwnQSJxg",
            "name": "chessboard",
            "type": null,
            "modifiers": [],
            "position": {}
          },
          "position": {}
        }
      }
    },
    "parameters_to_parameters_data_clump-./Pawn-_eNsPwdt-EDaj25iwQvQDUw-_ghJVkNt9EDaj25iwQvQDUw-pTargetRowpTargetColumnchessboard": {
      "type": "data_clump",
      "key": "parameters_to_parameters_data_clump-./Pawn-_eNsPwdt-EDaj25iwQvQDUw-_ghJVkNt9EDaj25iwQvQDUw-pTargetRowpTargetColumnchessboard",
      "probability": 1,
      "from_file_path": "./Pawn",
      "from_class_or_interface_name": "Pawn",
      "from_class_or_interface_key": "_eNsPwNt-EDaj25iwQvQDUw",
      "from_method_name": "checkMove",
      "from_method_key": "_eNsPwdt-EDaj25iwQvQDUw",
      "to_file_path": "./Queen",
      "to_class_or_interface_name": "Queen",
      "to_class_or_interface_key": "_e4920Nt9EDaj25iwQvQDUw",
      "to_method_name": "checkMove",
      "to_method_key": "_ghJVkNt9EDaj25iwQvQDUw",
      "data_clump_type": "parameters_to_parameters_data_clump",
      "data_clump_data": {
        "_eNsPxNt-EDaj25iwQvQDUw": {
          "key": "_eNsPxNt-EDaj25iwQvQDUw",
          "name": "pTargetRow",
          "type": null,
          "probability": 1,
          "modifiers": [],
          "to_variable": {
            "key": "_km1_oNt9EDaj25iwQvQDUw",
            "name": "pTargetRow",
            "type": null,
            "modifiers": [],
            "position": {}
          },
          "position": {}
        },
        "_9XYEIODaEDaCjoCwnQSJxg": {
          "key": "_9XYEIODaEDaCjoCwnQSJxg",
          "name": "pTargetColumn",
          "type": null,
          "probability": 1,
          "modifiers": [],
          "to_variable": {
            "key": "_oc7VYODYEDaXKKSxOjHXmA",
            "name": "pTargetColumn",
            "type": null,
            "modifiers": [],
            "position": {}
          },
          "position": {}
        },
        "_PMTVIOEZEDaCjoCwnQSJxg": {
          "key": "_PMTVIOEZEDaCjoCwnQSJxg",
          "name": "chessboard",
          "type": null,
          "probability": 1,
          "modifiers": [],
          "to_variable": {
            "key": "_zz-SEOEYEDaCjoCwnQSJxg",
            "name": "chessboard",
            "type": null,
            "modifiers": [],
            "position": {}
          },
          "position": {}
        }
      }
    },
    "parameters_to_parameters_data_clump-./Pawn-_eNsPwdt-EDaj25iwQvQDUw-_Lr9Z8Nt-EDaj25iwQvQDUw-pTargetRowpTargetColumnchessboard": {
      "type": "data_clump",
      "key": "parameters_to_parameters_data_clump-./Pawn-_eNsPwdt-EDaj25iwQvQDUw-_Lr9Z8Nt-EDaj25iwQvQDUw-pTargetRowpTargetColumnchessboard",
      "probability": 1,
      "from_file_path": "./Pawn",
      "from_class_or_interface_name": "Pawn",
      "from_class_or_interface_key": "_eNsPwNt-EDaj25iwQvQDUw",
      "from_method_name": "checkMove",
      "from_method_key": "_eNsPwdt-EDaj25iwQvQDUw",
      "to_file_path": "./Rook",
      "to_class_or_interface_name": "Rook",
      "to_class_or_interface_key": "_Lr8y4Nt-EDaj25iwQvQDUw",
      "to_method_name": "checkMove",
      "to_method_key": "_Lr9Z8Nt-EDaj25iwQvQDUw",
      "data_clump_type": "parameters_to_parameters_data_clump",
      "data_clump_data": {
        "_eNsPxNt-EDaj25iwQvQDUw": {
          "key": "_eNsPxNt-EDaj25iwQvQDUw",
          "name": "pTargetRow",
          "type": null,
          "probability": 1,
          "modifiers": [],
          "to_variable": {
            "key": "_Lr-oEdt-EDaj25iwQvQDUw",
            "name": "pTargetRow",
            "type": null,
            "modifiers": [],
            "position": {}
          },
          "position": {}
        },
        "_9XYEIODaEDaCjoCwnQSJxg": {
          "key": "_9XYEIODaEDaCjoCwnQSJxg",
          "name": "pTargetColumn",
          "type": null,
          "probability": 1,
          "modifiers": [],
          "to_variable": {
            "key": "_SXPlwODaEDaXKKSxOjHXmA",
            "name": "pTargetColumn",
            "type": null,
            "modifiers": [],
            "position": {}
          },
          "position": {}
        },
        "_PMTVIOEZEDaCjoCwnQSJxg": {
          "key": "_PMTVIOEZEDaCjoCwnQSJxg",
          "name": "chessboard",
          "type": null,
          "probability": 1,
          "modifiers": [],
          "to_variable": {
            "key": "_-nYxUOEYEDaCjoCwnQSJxg",
            "name": "chessboard",
            "type": null,
            "modifiers": [],
            "position": {}
          },
          "position": {}
        }
      }
    },
    "parameters_to_parameters_data_clump-./Placeholder-_syZAkNuEEDaj25iwQvQDUw-_voAR4Nt7EDaj25iwQvQDUw-pTargetRowpTargetColumnchessboard": {
      "type": "data_clump",
      "key": "parameters_to_parameters_data_clump-./Placeholder-_syZAkNuEEDaj25iwQvQDUw-_voAR4Nt7EDaj25iwQvQDUw-pTargetRowpTargetColumnchessboard",
      "probability": 1,
      "from_file_path": "./Placeholder",
      "from_class_or_interface_name": "Placeholder",
      "from_class_or_interface_key": "_r_bwENt4EDaj25iwQvQDUw",
      "from_method_name": "checkMove",
      "from_method_key": "_syZAkNuEEDaj25iwQvQDUw",
      "to_file_path": "./Bishop",
      "to_class_or_interface_name": "Bishop",
      "to_class_or_interface_key": "_6d_rYNt4EDaj25iwQvQDUw",
      "to_method_name": "checkMove",
      "to_method_key": "_voAR4Nt7EDaj25iwQvQDUw",
      "data_clump_type": "parameters_to_parameters_data_clump",
      "data_clump_data": {
        "_yOXhENuEEDaj25iwQvQDUw": {
          "key": "_yOXhENuEEDaj25iwQvQDUw",
          "name": "pTargetRow",
          "type": null,
          "probability": 1,
          "modifiers": [],
          "to_variable": {
            "key": "_5MBl0Nt7EDaj25iwQvQDUw",
            "name": "pTargetRow",
            "type": null,
            "modifiers": [],
            "position": {}
          },
          "position": {}
        },
        "_xkOMUNuOEDaj25iwQvQDUw": {
          "key": "_xkOMUNuOEDaj25iwQvQDUw",
          "name": "pTargetColumn",
          "type": null,
          "probability": 1,
          "modifiers": [],
          "to_variable": {
            "key": "_GF5v8ODaEDaXKKSxOjHXmA",
            "name": "pTargetColumn",
            "type": null,
            "modifiers": [],
            "position": {}
          },
          "position": {}
        },
        "_j3OzcOEWEDaCjoCwnQSJxg": {
          "key": "_j3OzcOEWEDaCjoCwnQSJxg",
          "name": "chessboard",
          "type": null,
          "probability": 1,
          "modifiers": [],
          "to_variable": {
            "key": "_7b9-MOEYEDaCjoCwnQSJxg",
            "name": "chessboard",
            "type": null,
            "modifiers": [],
            "position": {}
          },
          "position": {}
        }
      }
    },
    "parameters_to_parameters_data_clump-./Placeholder-_syZAkNuEEDaj25iwQvQDUw-_amhUwdt-EDaj25iwQvQDUw-pTargetRowpTargetColumnchessboard": {
      "type": "data_clump",
      "key": "parameters_to_parameters_data_clump-./Placeholder-_syZAkNuEEDaj25iwQvQDUw-_amhUwdt-EDaj25iwQvQDUw-pTargetRowpTargetColumnchessboard",
      "probability": 1,
      "from_file_path": "./Placeholder",
      "from_class_or_interface_name": "Placeholder",
      "from_class_or_interface_key": "_r_bwENt4EDaj25iwQvQDUw",
      "from_method_name": "checkMove",
      "from_method_key": "_syZAkNuEEDaj25iwQvQDUw",
      "to_file_path": "./King",
      "to_class_or_interface_name": "King",
      "to_class_or_interface_key": "_amhUwNt-EDaj25iwQvQDUw",
      "to_method_name": "checkMove",
      "to_method_key": "_amhUwdt-EDaj25iwQvQDUw",
      "data_clump_type": "parameters_to_parameters_data_clump",
      "data_clump_data": {
        "_yOXhENuEEDaj25iwQvQDUw": {
          "key": "_yOXhENuEEDaj25iwQvQDUw",
          "name": "pTargetRow",
          "type": null,
          "probability": 1,
          "modifiers": [],
          "to_variable": {
            "key": "_amii4tt-EDaj25iwQvQDUw",
            "name": "pTargetRow",
            "type": null,
            "modifiers": [],
            "position": {}
          },
          "position": {}
        },
        "_xkOMUNuOEDaj25iwQvQDUw": {
          "key": "_xkOMUNuOEDaj25iwQvQDUw",
          "name": "pTargetColumn",
          "type": null,
          "probability": 1,
          "modifiers": [],
          "to_variable": {
            "key": "_HfducODbEDaCjoCwnQSJxg",
            "name": "pTargetColumn",
            "type": null,
            "modifiers": [],
            "position": {}
          },
          "position": {}
        },
        "_j3OzcOEWEDaCjoCwnQSJxg": {
          "key": "_j3OzcOEWEDaCjoCwnQSJxg",
          "name": "chessboard",
          "type": null,
          "probability": 1,
          "modifiers": [],
          "to_variable": {
            "key": "_SuCWgOEZEDaCjoCwnQSJxg",
            "name": "chessboard",
            "type": null,
            "modifiers": [],
            "position": {}
          },
          "position": {}
        }
      }
    },
    "parameters_to_parameters_data_clump-./Placeholder-_syZAkNuEEDaj25iwQvQDUw-_LkVvANt-EDaj25iwQvQDUw-pTargetRowpTargetColumnchessboard": {
      "type": "data_clump",
      "key": "parameters_to_parameters_data_clump-./Placeholder-_syZAkNuEEDaj25iwQvQDUw-_LkVvANt-EDaj25iwQvQDUw-pTargetRowpTargetColumnchessboard",
      "probability": 1,
      "from_file_path": "./Placeholder",
      "from_class_or_interface_name": "Placeholder",
      "from_class_or_interface_key": "_r_bwENt4EDaj25iwQvQDUw",
      "from_method_name": "checkMove",
      "from_method_key": "_syZAkNuEEDaj25iwQvQDUw",
      "to_file_path": "./Knight",
      "to_class_or_interface_name": "Knight",
      "to_class_or_interface_key": "_LkVH8Nt-EDaj25iwQvQDUw",
      "to_method_name": "checkMove",
      "to_method_key": "_LkVvANt-EDaj25iwQvQDUw",
      "data_clump_type": "parameters_to_parameters_data_clump",
      "data_clump_data": {
        "_yOXhENuEEDaj25iwQvQDUw": {
          "key": "_yOXhENuEEDaj25iwQvQDUw",
          "name": "pTargetRow",
          "type": null,
          "probability": 1,
          "modifiers": [],
          "to_variable": {
            "key": "_LkWWEtt-EDaj25iwQvQDUw",
            "name": "pTargetRow",
            "type": null,
            "modifiers": [],
            "position": {}
          },
          "position": {}
        },
        "_xkOMUNuOEDaj25iwQvQDUw": {
          "key": "_xkOMUNuOEDaj25iwQvQDUw",
          "name": "pTargetColumn",
          "type": null,
          "probability": 1,
          "modifiers": [],
          "to_variable": {
            "key": "_dJrNkODaEDaXKKSxOjHXmA",
            "name": "pTargetColumn",
            "type": null,
            "modifiers": [],
            "position": {}
          },
          "position": {}
        },
        "_j3OzcOEWEDaCjoCwnQSJxg": {
          "key": "_j3OzcOEWEDaCjoCwnQSJxg",
          "name": "chessboard",
          "type": null,
          "probability": 1,
          "modifiers": [],
          "to_variable": {
            "key": "_KCZcEOEZEDaCjoCwnQSJxg",
            "name": "chessboard",
            "type": null,
            "modifiers": [],
            "position": {}
          },
          "position": {}
        }
      }
    },
    "parameters_to_parameters_data_clump-./Placeholder-_syZAkNuEEDaj25iwQvQDUw-_eNsPwdt-EDaj25iwQvQDUw-pTargetRowpTargetColumnchessboard": {
      "type": "data_clump",
      "key": "parameters_to_parameters_data_clump-./Placeholder-_syZAkNuEEDaj25iwQvQDUw-_eNsPwdt-EDaj25iwQvQDUw-pTargetRowpTargetColumnchessboard",
      "probability": 1,
      "from_file_path": "./Placeholder",
      "from_class_or_interface_name": "Placeholder",
      "from_class_or_interface_key": "_r_bwENt4EDaj25iwQvQDUw",
      "from_method_name": "checkMove",
      "from_method_key": "_syZAkNuEEDaj25iwQvQDUw",
      "to_file_path": "./Pawn",
      "to_class_or_interface_name": "Pawn",
      "to_class_or_interface_key": "_eNsPwNt-EDaj25iwQvQDUw",
      "to_method_name": "checkMove",
      "to_method_key": "_eNsPwdt-EDaj25iwQvQDUw",
      "data_clump_type": "parameters_to_parameters_data_clump",
      "data_clump_data": {
        "_yOXhENuEEDaj25iwQvQDUw": {
          "key": "_yOXhENuEEDaj25iwQvQDUw",
          "name": "pTargetRow",
          "type": null,
          "probability": 1,
          "modifiers": [],
          "to_variable": {
            "key": "_eNsPxNt-EDaj25iwQvQDUw",
            "name": "pTargetRow",
            "type": null,
            "modifiers": [],
            "position": {}
          },
          "position": {}
        },
        "_xkOMUNuOEDaj25iwQvQDUw": {
          "key": "_xkOMUNuOEDaj25iwQvQDUw",
          "name": "pTargetColumn",
          "type": null,
          "probability": 1,
          "modifiers": [],
          "to_variable": {
            "key": "_9XYEIODaEDaCjoCwnQSJxg",
            "name": "pTargetColumn",
            "type": null,
            "modifiers": [],
            "position": {}
          },
          "position": {}
        },
        "_j3OzcOEWEDaCjoCwnQSJxg": {
          "key": "_j3OzcOEWEDaCjoCwnQSJxg",
          "name": "chessboard",
          "type": null,
          "probability": 1,
          "modifiers": [],
          "to_variable": {
            "key": "_PMTVIOEZEDaCjoCwnQSJxg",
            "name": "chessboard",
            "type": null,
            "modifiers": [],
            "position": {}
          },
          "position": {}
        }
      }
    },
    "parameters_to_parameters_data_clump-./Placeholder-_syZAkNuEEDaj25iwQvQDUw-_ghJVkNt9EDaj25iwQvQDUw-pTargetRowpTargetColumnchessboard": {
      "type": "data_clump",
      "key": "parameters_to_parameters_data_clump-./Placeholder-_syZAkNuEEDaj25iwQvQDUw-_ghJVkNt9EDaj25iwQvQDUw-pTargetRowpTargetColumnchessboard",
      "probability": 1,
      "from_file_path": "./Placeholder",
      "from_class_or_interface_name": "Placeholder",
      "from_class_or_interface_key": "_r_bwENt4EDaj25iwQvQDUw",
      "from_method_name": "checkMove",
      "from_method_key": "_syZAkNuEEDaj25iwQvQDUw",
      "to_file_path": "./Queen",
      "to_class_or_interface_name": "Queen",
      "to_class_or_interface_key": "_e4920Nt9EDaj25iwQvQDUw",
      "to_method_name": "checkMove",
      "to_method_key": "_ghJVkNt9EDaj25iwQvQDUw",
      "data_clump_type": "parameters_to_parameters_data_clump",
      "data_clump_data": {
        "_yOXhENuEEDaj25iwQvQDUw": {
          "key": "_yOXhENuEEDaj25iwQvQDUw",
          "name": "pTargetRow",
          "type": null,
          "probability": 1,
          "modifiers": [],
          "to_variable": {
            "key": "_km1_oNt9EDaj25iwQvQDUw",
            "name": "pTargetRow",
            "type": null,
            "modifiers": [],
            "position": {}
          },
          "position": {}
        },
        "_xkOMUNuOEDaj25iwQvQDUw": {
          "key": "_xkOMUNuOEDaj25iwQvQDUw",
          "name": "pTargetColumn",
          "type": null,
          "probability": 1,
          "modifiers": [],
          "to_variable": {
            "key": "_oc7VYODYEDaXKKSxOjHXmA",
            "name": "pTargetColumn",
            "type": null,
            "modifiers": [],
            "position": {}
          },
          "position": {}
        },
        "_j3OzcOEWEDaCjoCwnQSJxg": {
          "key": "_j3OzcOEWEDaCjoCwnQSJxg",
          "name": "chessboard",
          "type": null,
          "probability": 1,
          "modifiers": [],
          "to_variable": {
            "key": "_zz-SEOEYEDaCjoCwnQSJxg",
            "name": "chessboard",
            "type": null,
            "modifiers": [],
            "position": {}
          },
          "position": {}
        }
      }
    },
    "parameters_to_parameters_data_clump-./Placeholder-_syZAkNuEEDaj25iwQvQDUw-_Lr9Z8Nt-EDaj25iwQvQDUw-pTargetRowpTargetColumnchessboard": {
      "type": "data_clump",
      "key": "parameters_to_parameters_data_clump-./Placeholder-_syZAkNuEEDaj25iwQvQDUw-_Lr9Z8Nt-EDaj25iwQvQDUw-pTargetRowpTargetColumnchessboard",
      "probability": 1,
      "from_file_path": "./Placeholder",
      "from_class_or_interface_name": "Placeholder",
      "from_class_or_interface_key": "_r_bwENt4EDaj25iwQvQDUw",
      "from_method_name": "checkMove",
      "from_method_key": "_syZAkNuEEDaj25iwQvQDUw",
      "to_file_path": "./Rook",
      "to_class_or_interface_name": "Rook",
      "to_class_or_interface_key": "_Lr8y4Nt-EDaj25iwQvQDUw",
      "to_method_name": "checkMove",
      "to_method_key": "_Lr9Z8Nt-EDaj25iwQvQDUw",
      "data_clump_type": "parameters_to_parameters_data_clump",
      "data_clump_data": {
        "_yOXhENuEEDaj25iwQvQDUw": {
          "key": "_yOXhENuEEDaj25iwQvQDUw",
          "name": "pTargetRow",
          "type": null,
          "probability": 1,
          "modifiers": [],
          "to_variable": {
            "key": "_Lr-oEdt-EDaj25iwQvQDUw",
            "name": "pTargetRow",
            "type": null,
            "modifiers": [],
            "position": {}
          },
          "position": {}
        },
        "_xkOMUNuOEDaj25iwQvQDUw": {
          "key": "_xkOMUNuOEDaj25iwQvQDUw",
          "name": "pTargetColumn",
          "type": null,
          "probability": 1,
          "modifiers": [],
          "to_variable": {
            "key": "_SXPlwODaEDaXKKSxOjHXmA",
            "name": "pTargetColumn",
            "type": null,
            "modifiers": [],
            "position": {}
          },
          "position": {}
        },
        "_j3OzcOEWEDaCjoCwnQSJxg": {
          "key": "_j3OzcOEWEDaCjoCwnQSJxg",
          "name": "chessboard",
          "type": null,
          "probability": 1,
          "modifiers": [],
          "to_variable": {
            "key": "_-nYxUOEYEDaCjoCwnQSJxg",
            "name": "chessboard",
            "type": null,
            "modifiers": [],
            "position": {}
          },
          "position": {}
        }
      }
    },
    "parameters_to_parameters_data_clump-./Queen-_ghJVkNt9EDaj25iwQvQDUw-_voAR4Nt7EDaj25iwQvQDUw-pTargetRowpTargetColumnchessboard": {
      "type": "data_clump",
      "key": "parameters_to_parameters_data_clump-./Queen-_ghJVkNt9EDaj25iwQvQDUw-_voAR4Nt7EDaj25iwQvQDUw-pTargetRowpTargetColumnchessboard",
      "probability": 1,
      "from_file_path": "./Queen",
      "from_class_or_interface_name": "Queen",
      "from_class_or_interface_key": "_e4920Nt9EDaj25iwQvQDUw",
      "from_method_name": "checkMove",
      "from_method_key": "_ghJVkNt9EDaj25iwQvQDUw",
      "to_file_path": "./Bishop",
      "to_class_or_interface_name": "Bishop",
      "to_class_or_interface_key": "_6d_rYNt4EDaj25iwQvQDUw",
      "to_method_name": "checkMove",
      "to_method_key": "_voAR4Nt7EDaj25iwQvQDUw",
      "data_clump_type": "parameters_to_parameters_data_clump",
      "data_clump_data": {
        "_km1_oNt9EDaj25iwQvQDUw": {
          "key": "_km1_oNt9EDaj25iwQvQDUw",
          "name": "pTargetRow",
          "type": null,
          "probability": 1,
          "modifiers": [],
          "to_variable": {
            "key": "_5MBl0Nt7EDaj25iwQvQDUw",
            "name": "pTargetRow",
            "type": null,
            "modifiers": [],
            "position": {}
          },
          "position": {}
        },
        "_oc7VYODYEDaXKKSxOjHXmA": {
          "key": "_oc7VYODYEDaXKKSxOjHXmA",
          "name": "pTargetColumn",
          "type": null,
          "probability": 1,
          "modifiers": [],
          "to_variable": {
            "key": "_GF5v8ODaEDaXKKSxOjHXmA",
            "name": "pTargetColumn",
            "type": null,
            "modifiers": [],
            "position": {}
          },
          "position": {}
        },
        "_zz-SEOEYEDaCjoCwnQSJxg": {
          "key": "_zz-SEOEYEDaCjoCwnQSJxg",
          "name": "chessboard",
          "type": null,
          "probability": 1,
          "modifiers": [],
          "to_variable": {
            "key": "_7b9-MOEYEDaCjoCwnQSJxg",
            "name": "chessboard",
            "type": null,
            "modifiers": [],
            "position": {}
          },
          "position": {}
        }
      }
    },
    "parameters_to_parameters_data_clump-./Queen-_ghJVkNt9EDaj25iwQvQDUw-_amhUwdt-EDaj25iwQvQDUw-pTargetRowpTargetColumnchessboard": {
      "type": "data_clump",
      "key": "parameters_to_parameters_data_clump-./Queen-_ghJVkNt9EDaj25iwQvQDUw-_amhUwdt-EDaj25iwQvQDUw-pTargetRowpTargetColumnchessboard",
      "probability": 1,
      "from_file_path": "./Queen",
      "from_class_or_interface_name": "Queen",
      "from_class_or_interface_key": "_e4920Nt9EDaj25iwQvQDUw",
      "from_method_name": "checkMove",
      "from_method_key": "_ghJVkNt9EDaj25iwQvQDUw",
      "to_file_path": "./King",
      "to_class_or_interface_name": "King",
      "to_class_or_interface_key": "_amhUwNt-EDaj25iwQvQDUw",
      "to_method_name": "checkMove",
      "to_method_key": "_amhUwdt-EDaj25iwQvQDUw",
      "data_clump_type": "parameters_to_parameters_data_clump",
      "data_clump_data": {
        "_km1_oNt9EDaj25iwQvQDUw": {
          "key": "_km1_oNt9EDaj25iwQvQDUw",
          "name": "pTargetRow",
          "type": null,
          "probability": 1,
          "modifiers": [],
          "to_variable": {
            "key": "_amii4tt-EDaj25iwQvQDUw",
            "name": "pTargetRow",
            "type": null,
            "modifiers": [],
            "position": {}
          },
          "position": {}
        },
        "_oc7VYODYEDaXKKSxOjHXmA": {
          "key": "_oc7VYODYEDaXKKSxOjHXmA",
          "name": "pTargetColumn",
          "type": null,
          "probability": 1,
          "modifiers": [],
          "to_variable": {
            "key": "_HfducODbEDaCjoCwnQSJxg",
            "name": "pTargetColumn",
            "type": null,
            "modifiers": [],
            "position": {}
          },
          "position": {}
        },
        "_zz-SEOEYEDaCjoCwnQSJxg": {
          "key": "_zz-SEOEYEDaCjoCwnQSJxg",
          "name": "chessboard",
          "type": null,
          "probability": 1,
          "modifiers": [],
          "to_variable": {
            "key": "_SuCWgOEZEDaCjoCwnQSJxg",
            "name": "chessboard",
            "type": null,
            "modifiers": [],
            "position": {}
          },
          "position": {}
        }
      }
    },
    "parameters_to_parameters_data_clump-./Queen-_ghJVkNt9EDaj25iwQvQDUw-_LkVvANt-EDaj25iwQvQDUw-pTargetRowpTargetColumnchessboard": {
      "type": "data_clump",
      "key": "parameters_to_parameters_data_clump-./Queen-_ghJVkNt9EDaj25iwQvQDUw-_LkVvANt-EDaj25iwQvQDUw-pTargetRowpTargetColumnchessboard",
      "probability": 1,
      "from_file_path": "./Queen",
      "from_class_or_interface_name": "Queen",
      "from_class_or_interface_key": "_e4920Nt9EDaj25iwQvQDUw",
      "from_method_name": "checkMove",
      "from_method_key": "_ghJVkNt9EDaj25iwQvQDUw",
      "to_file_path": "./Knight",
      "to_class_or_interface_name": "Knight",
      "to_class_or_interface_key": "_LkVH8Nt-EDaj25iwQvQDUw",
      "to_method_name": "checkMove",
      "to_method_key": "_LkVvANt-EDaj25iwQvQDUw",
      "data_clump_type": "parameters_to_parameters_data_clump",
      "data_clump_data": {
        "_km1_oNt9EDaj25iwQvQDUw": {
          "key": "_km1_oNt9EDaj25iwQvQDUw",
          "name": "pTargetRow",
          "type": null,
          "probability": 1,
          "modifiers": [],
          "to_variable": {
            "key": "_LkWWEtt-EDaj25iwQvQDUw",
            "name": "pTargetRow",
            "type": null,
            "modifiers": [],
            "position": {}
          },
          "position": {}
        },
        "_oc7VYODYEDaXKKSxOjHXmA": {
          "key": "_oc7VYODYEDaXKKSxOjHXmA",
          "name": "pTargetColumn",
          "type": null,
          "probability": 1,
          "modifiers": [],
          "to_variable": {
            "key": "_dJrNkODaEDaXKKSxOjHXmA",
            "name": "pTargetColumn",
            "type": null,
            "modifiers": [],
            "position": {}
          },
          "position": {}
        },
        "_zz-SEOEYEDaCjoCwnQSJxg": {
          "key": "_zz-SEOEYEDaCjoCwnQSJxg",
          "name": "chessboard",
          "type": null,
          "probability": 1,
          "modifiers": [],
          "to_variable": {
            "key": "_KCZcEOEZEDaCjoCwnQSJxg",
            "name": "chessboard",
            "type": null,
            "modifiers": [],
            "position": {}
          },
          "position": {}
        }
      }
    },
    "parameters_to_parameters_data_clump-./Queen-_ghJVkNt9EDaj25iwQvQDUw-_eNsPwdt-EDaj25iwQvQDUw-pTargetRowpTargetColumnchessboard": {
      "type": "data_clump",
      "key": "parameters_to_parameters_data_clump-./Queen-_ghJVkNt9EDaj25iwQvQDUw-_eNsPwdt-EDaj25iwQvQDUw-pTargetRowpTargetColumnchessboard",
      "probability": 1,
      "from_file_path": "./Queen",
      "from_class_or_interface_name": "Queen",
      "from_class_or_interface_key": "_e4920Nt9EDaj25iwQvQDUw",
      "from_method_name": "checkMove",
      "from_method_key": "_ghJVkNt9EDaj25iwQvQDUw",
      "to_file_path": "./Pawn",
      "to_class_or_interface_name": "Pawn",
      "to_class_or_interface_key": "_eNsPwNt-EDaj25iwQvQDUw",
      "to_method_name": "checkMove",
      "to_method_key": "_eNsPwdt-EDaj25iwQvQDUw",
      "data_clump_type": "parameters_to_parameters_data_clump",
      "data_clump_data": {
        "_km1_oNt9EDaj25iwQvQDUw": {
          "key": "_km1_oNt9EDaj25iwQvQDUw",
          "name": "pTargetRow",
          "type": null,
          "probability": 1,
          "modifiers": [],
          "to_variable": {
            "key": "_eNsPxNt-EDaj25iwQvQDUw",
            "name": "pTargetRow",
            "type": null,
            "modifiers": [],
            "position": {}
          },
          "position": {}
        },
        "_oc7VYODYEDaXKKSxOjHXmA": {
          "key": "_oc7VYODYEDaXKKSxOjHXmA",
          "name": "pTargetColumn",
          "type": null,
          "probability": 1,
          "modifiers": [],
          "to_variable": {
            "key": "_9XYEIODaEDaCjoCwnQSJxg",
            "name": "pTargetColumn",
            "type": null,
            "modifiers": [],
            "position": {}
          },
          "position": {}
        },
        "_zz-SEOEYEDaCjoCwnQSJxg": {
          "key": "_zz-SEOEYEDaCjoCwnQSJxg",
          "name": "chessboard",
          "type": null,
          "probability": 1,
          "modifiers": [],
          "to_variable": {
            "key": "_PMTVIOEZEDaCjoCwnQSJxg",
            "name": "chessboard",
            "type": null,
            "modifiers": [],
            "position": {}
          },
          "position": {}
        }
      }
    },
    "parameters_to_parameters_data_clump-./Queen-_ghJVkNt9EDaj25iwQvQDUw-_syZAkNuEEDaj25iwQvQDUw-pTargetRowpTargetColumnchessboard": {
      "type": "data_clump",
      "key": "parameters_to_parameters_data_clump-./Queen-_ghJVkNt9EDaj25iwQvQDUw-_syZAkNuEEDaj25iwQvQDUw-pTargetRowpTargetColumnchessboard",
      "probability": 1,
      "from_file_path": "./Queen",
      "from_class_or_interface_name": "Queen",
      "from_class_or_interface_key": "_e4920Nt9EDaj25iwQvQDUw",
      "from_method_name": "checkMove",
      "from_method_key": "_ghJVkNt9EDaj25iwQvQDUw",
      "to_file_path": "./Placeholder",
      "to_class_or_interface_name": "Placeholder",
      "to_class_or_interface_key": "_r_bwENt4EDaj25iwQvQDUw",
      "to_method_name": "checkMove",
      "to_method_key": "_syZAkNuEEDaj25iwQvQDUw",
      "data_clump_type": "parameters_to_parameters_data_clump",
      "data_clump_data": {
        "_km1_oNt9EDaj25iwQvQDUw": {
          "key": "_km1_oNt9EDaj25iwQvQDUw",
          "name": "pTargetRow",
          "type": null,
          "probability": 1,
          "modifiers": [],
          "to_variable": {
            "key": "_yOXhENuEEDaj25iwQvQDUw",
            "name": "pTargetRow",
            "type": null,
            "modifiers": [],
            "position": {}
          },
          "position": {}
        },
        "_oc7VYODYEDaXKKSxOjHXmA": {
          "key": "_oc7VYODYEDaXKKSxOjHXmA",
          "name": "pTargetColumn",
          "type": null,
          "probability": 1,
          "modifiers": [],
          "to_variable": {
            "key": "_xkOMUNuOEDaj25iwQvQDUw",
            "name": "pTargetColumn",
            "type": null,
            "modifiers": [],
            "position": {}
          },
          "position": {}
        },
        "_zz-SEOEYEDaCjoCwnQSJxg": {
          "key": "_zz-SEOEYEDaCjoCwnQSJxg",
          "name": "chessboard",
          "type": null,
          "probability": 1,
          "modifiers": [],
          "to_variable": {
            "key": "_j3OzcOEWEDaCjoCwnQSJxg",
            "name": "chessboard",
            "type": null,
            "modifiers": [],
            "position": {}
          },
          "position": {}
        }
      }
    },
    "parameters_to_parameters_data_clump-./Queen-_ghJVkNt9EDaj25iwQvQDUw-_Lr9Z8Nt-EDaj25iwQvQDUw-pTargetRowpTargetColumnchessboard": {
      "type": "data_clump",
      "key": "parameters_to_parameters_data_clump-./Queen-_ghJVkNt9EDaj25iwQvQDUw-_Lr9Z8Nt-EDaj25iwQvQDUw-pTargetRowpTargetColumnchessboard",
      "probability": 1,
      "from_file_path": "./Queen",
      "from_class_or_interface_name": "Queen",
      "from_class_or_interface_key": "_e4920Nt9EDaj25iwQvQDUw",
      "from_method_name": "checkMove",
      "from_method_key": "_ghJVkNt9EDaj25iwQvQDUw",
      "to_file_path": "./Rook",
      "to_class_or_interface_name": "Rook",
      "to_class_or_interface_key": "_Lr8y4Nt-EDaj25iwQvQDUw",
      "to_method_name": "checkMove",
      "to_method_key": "_Lr9Z8Nt-EDaj25iwQvQDUw",
      "data_clump_type": "parameters_to_parameters_data_clump",
      "data_clump_data": {
        "_km1_oNt9EDaj25iwQvQDUw": {
          "key": "_km1_oNt9EDaj25iwQvQDUw",
          "name": "pTargetRow",
          "type": null,
          "probability": 1,
          "modifiers": [],
          "to_variable": {
            "key": "_Lr-oEdt-EDaj25iwQvQDUw",
            "name": "pTargetRow",
            "type": null,
            "modifiers": [],
            "position": {}
          },
          "position": {}
        },
        "_oc7VYODYEDaXKKSxOjHXmA": {
          "key": "_oc7VYODYEDaXKKSxOjHXmA",
          "name": "pTargetColumn",
          "type": null,
          "probability": 1,
          "modifiers": [],
          "to_variable": {
            "key": "_SXPlwODaEDaXKKSxOjHXmA",
            "name": "pTargetColumn",
            "type": null,
            "modifiers": [],
            "position": {}
          },
          "position": {}
        },
        "_zz-SEOEYEDaCjoCwnQSJxg": {
          "key": "_zz-SEOEYEDaCjoCwnQSJxg",
          "name": "chessboard",
          "type": null,
          "probability": 1,
          "modifiers": [],
          "to_variable": {
            "key": "_-nYxUOEYEDaCjoCwnQSJxg",
            "name": "chessboard",
            "type": null,
            "modifiers": [],
            "position": {}
          },
          "position": {}
        }
      }
    },
    "parameters_to_parameters_data_clump-./Rook-_Lr9Z8Nt-EDaj25iwQvQDUw-_voAR4Nt7EDaj25iwQvQDUw-pTargetRowpTargetColumnchessboard": {
      "type": "data_clump",
      "key": "parameters_to_parameters_data_clump-./Rook-_Lr9Z8Nt-EDaj25iwQvQDUw-_voAR4Nt7EDaj25iwQvQDUw-pTargetRowpTargetColumnchessboard",
      "probability": 1,
      "from_file_path": "./Rook",
      "from_class_or_interface_name": "Rook",
      "from_class_or_interface_key": "_Lr8y4Nt-EDaj25iwQvQDUw",
      "from_method_name": "checkMove",
      "from_method_key": "_Lr9Z8Nt-EDaj25iwQvQDUw",
      "to_file_path": "./Bishop",
      "to_class_or_interface_name": "Bishop",
      "to_class_or_interface_key": "_6d_rYNt4EDaj25iwQvQDUw",
      "to_method_name": "checkMove",
      "to_method_key": "_voAR4Nt7EDaj25iwQvQDUw",
      "data_clump_type": "parameters_to_parameters_data_clump",
      "data_clump_data": {
        "_Lr-oEdt-EDaj25iwQvQDUw": {
          "key": "_Lr-oEdt-EDaj25iwQvQDUw",
          "name": "pTargetRow",
          "type": null,
          "probability": 1,
          "modifiers": [],
          "to_variable": {
            "key": "_5MBl0Nt7EDaj25iwQvQDUw",
            "name": "pTargetRow",
            "type": null,
            "modifiers": [],
            "position": {}
          },
          "position": {}
        },
        "_SXPlwODaEDaXKKSxOjHXmA": {
          "key": "_SXPlwODaEDaXKKSxOjHXmA",
          "name": "pTargetColumn",
          "type": null,
          "probability": 1,
          "modifiers": [],
          "to_variable": {
            "key": "_GF5v8ODaEDaXKKSxOjHXmA",
            "name": "pTargetColumn",
            "type": null,
            "modifiers": [],
            "position": {}
          },
          "position": {}
        },
        "_-nYxUOEYEDaCjoCwnQSJxg": {
          "key": "_-nYxUOEYEDaCjoCwnQSJxg",
          "name": "chessboard",
          "type": null,
          "probability": 1,
          "modifiers": [],
          "to_variable": {
            "key": "_7b9-MOEYEDaCjoCwnQSJxg",
            "name": "chessboard",
            "type": null,
            "modifiers": [],
            "position": {}
          },
          "position": {}
        }
      }
    },
    "parameters_to_parameters_data_clump-./Rook-_Lr9Z8Nt-EDaj25iwQvQDUw-_amhUwdt-EDaj25iwQvQDUw-pTargetRowpTargetColumnchessboard": {
      "type": "data_clump",
      "key": "parameters_to_parameters_data_clump-./Rook-_Lr9Z8Nt-EDaj25iwQvQDUw-_amhUwdt-EDaj25iwQvQDUw-pTargetRowpTargetColumnchessboard",
      "probability": 1,
      "from_file_path": "./Rook",
      "from_class_or_interface_name": "Rook",
      "from_class_or_interface_key": "_Lr8y4Nt-EDaj25iwQvQDUw",
      "from_method_name": "checkMove",
      "from_method_key": "_Lr9Z8Nt-EDaj25iwQvQDUw",
      "to_file_path": "./King",
      "to_class_or_interface_name": "King",
      "to_class_or_interface_key": "_amhUwNt-EDaj25iwQvQDUw",
      "to_method_name": "checkMove",
      "to_method_key": "_amhUwdt-EDaj25iwQvQDUw",
      "data_clump_type": "parameters_to_parameters_data_clump",
      "data_clump_data": {
        "_Lr-oEdt-EDaj25iwQvQDUw": {
          "key": "_Lr-oEdt-EDaj25iwQvQDUw",
          "name": "pTargetRow",
          "type": null,
          "probability": 1,
          "modifiers": [],
          "to_variable": {
            "key": "_amii4tt-EDaj25iwQvQDUw",
            "name": "pTargetRow",
            "type": null,
            "modifiers": [],
            "position": {}
          },
          "position": {}
        },
        "_SXPlwODaEDaXKKSxOjHXmA": {
          "key": "_SXPlwODaEDaXKKSxOjHXmA",
          "name": "pTargetColumn",
          "type": null,
          "probability": 1,
          "modifiers": [],
          "to_variable": {
            "key": "_HfducODbEDaCjoCwnQSJxg",
            "name": "pTargetColumn",
            "type": null,
            "modifiers": [],
            "position": {}
          },
          "position": {}
        },
        "_-nYxUOEYEDaCjoCwnQSJxg": {
          "key": "_-nYxUOEYEDaCjoCwnQSJxg",
          "name": "chessboard",
          "type": null,
          "probability": 1,
          "modifiers": [],
          "to_variable": {
            "key": "_SuCWgOEZEDaCjoCwnQSJxg",
            "name": "chessboard",
            "type": null,
            "modifiers": [],
            "position": {}
          },
          "position": {}
        }
      }
    },
    "parameters_to_parameters_data_clump-./Rook-_Lr9Z8Nt-EDaj25iwQvQDUw-_LkVvANt-EDaj25iwQvQDUw-pTargetRowpTargetColumnchessboard": {
      "type": "data_clump",
      "key": "parameters_to_parameters_data_clump-./Rook-_Lr9Z8Nt-EDaj25iwQvQDUw-_LkVvANt-EDaj25iwQvQDUw-pTargetRowpTargetColumnchessboard",
      "probability": 1,
      "from_file_path": "./Rook",
      "from_class_or_interface_name": "Rook",
      "from_class_or_interface_key": "_Lr8y4Nt-EDaj25iwQvQDUw",
      "from_method_name": "checkMove",
      "from_method_key": "_Lr9Z8Nt-EDaj25iwQvQDUw",
      "to_file_path": "./Knight",
      "to_class_or_interface_name": "Knight",
      "to_class_or_interface_key": "_LkVH8Nt-EDaj25iwQvQDUw",
      "to_method_name": "checkMove",
      "to_method_key": "_LkVvANt-EDaj25iwQvQDUw",
      "data_clump_type": "parameters_to_parameters_data_clump",
      "data_clump_data": {
        "_Lr-oEdt-EDaj25iwQvQDUw": {
          "key": "_Lr-oEdt-EDaj25iwQvQDUw",
          "name": "pTargetRow",
          "type": null,
          "probability": 1,
          "modifiers": [],
          "to_variable": {
            "key": "_LkWWEtt-EDaj25iwQvQDUw",
            "name": "pTargetRow",
            "type": null,
            "modifiers": [],
            "position": {}
          },
          "position": {}
        },
        "_SXPlwODaEDaXKKSxOjHXmA": {
          "key": "_SXPlwODaEDaXKKSxOjHXmA",
          "name": "pTargetColumn",
          "type": null,
          "probability": 1,
          "modifiers": [],
          "to_variable": {
            "key": "_dJrNkODaEDaXKKSxOjHXmA",
            "name": "pTargetColumn",
            "type": null,
            "modifiers": [],
            "position": {}
          },
          "position": {}
        },
        "_-nYxUOEYEDaCjoCwnQSJxg": {
          "key": "_-nYxUOEYEDaCjoCwnQSJxg",
          "name": "chessboard",
          "type": null,
          "probability": 1,
          "modifiers": [],
          "to_variable": {
            "key": "_KCZcEOEZEDaCjoCwnQSJxg",
            "name": "chessboard",
            "type": null,
            "modifiers": [],
            "position": {}
          },
          "position": {}
        }
      }
    },
    "parameters_to_parameters_data_clump-./Rook-_Lr9Z8Nt-EDaj25iwQvQDUw-_eNsPwdt-EDaj25iwQvQDUw-pTargetRowpTargetColumnchessboard": {
      "type": "data_clump",
      "key": "parameters_to_parameters_data_clump-./Rook-_Lr9Z8Nt-EDaj25iwQvQDUw-_eNsPwdt-EDaj25iwQvQDUw-pTargetRowpTargetColumnchessboard",
      "probability": 1,
      "from_file_path": "./Rook",
      "from_class_or_interface_name": "Rook",
      "from_class_or_interface_key": "_Lr8y4Nt-EDaj25iwQvQDUw",
      "from_method_name": "checkMove",
      "from_method_key": "_Lr9Z8Nt-EDaj25iwQvQDUw",
      "to_file_path": "./Pawn",
      "to_class_or_interface_name": "Pawn",
      "to_class_or_interface_key": "_eNsPwNt-EDaj25iwQvQDUw",
      "to_method_name": "checkMove",
      "to_method_key": "_eNsPwdt-EDaj25iwQvQDUw",
      "data_clump_type": "parameters_to_parameters_data_clump",
      "data_clump_data": {
        "_Lr-oEdt-EDaj25iwQvQDUw": {
          "key": "_Lr-oEdt-EDaj25iwQvQDUw",
          "name": "pTargetRow",
          "type": null,
          "probability": 1,
          "modifiers": [],
          "to_variable": {
            "key": "_eNsPxNt-EDaj25iwQvQDUw",
            "name": "pTargetRow",
            "type": null,
            "modifiers": [],
            "position": {}
          },
          "position": {}
        },
        "_SXPlwODaEDaXKKSxOjHXmA": {
          "key": "_SXPlwODaEDaXKKSxOjHXmA",
          "name": "pTargetColumn",
          "type": null,
          "probability": 1,
          "modifiers": [],
          "to_variable": {
            "key": "_9XYEIODaEDaCjoCwnQSJxg",
            "name": "pTargetColumn",
            "type": null,
            "modifiers": [],
            "position": {}
          },
          "position": {}
        },
        "_-nYxUOEYEDaCjoCwnQSJxg": {
          "key": "_-nYxUOEYEDaCjoCwnQSJxg",
          "name": "chessboard",
          "type": null,
          "probability": 1,
          "modifiers": [],
          "to_variable": {
            "key": "_PMTVIOEZEDaCjoCwnQSJxg",
            "name": "chessboard",
            "type": null,
            "modifiers": [],
            "position": {}
          },
          "position": {}
        }
      }
    },
    "parameters_to_parameters_data_clump-./Rook-_Lr9Z8Nt-EDaj25iwQvQDUw-_syZAkNuEEDaj25iwQvQDUw-pTargetRowpTargetColumnchessboard": {
      "type": "data_clump",
      "key": "parameters_to_parameters_data_clump-./Rook-_Lr9Z8Nt-EDaj25iwQvQDUw-_syZAkNuEEDaj25iwQvQDUw-pTargetRowpTargetColumnchessboard",
      "probability": 1,
      "from_file_path": "./Rook",
      "from_class_or_interface_name": "Rook",
      "from_class_or_interface_key": "_Lr8y4Nt-EDaj25iwQvQDUw",
      "from_method_name": "checkMove",
      "from_method_key": "_Lr9Z8Nt-EDaj25iwQvQDUw",
      "to_file_path": "./Placeholder",
      "to_class_or_interface_name": "Placeholder",
      "to_class_or_interface_key": "_r_bwENt4EDaj25iwQvQDUw",
      "to_method_name": "checkMove",
      "to_method_key": "_syZAkNuEEDaj25iwQvQDUw",
      "data_clump_type": "parameters_to_parameters_data_clump",
      "data_clump_data": {
        "_Lr-oEdt-EDaj25iwQvQDUw": {
          "key": "_Lr-oEdt-EDaj25iwQvQDUw",
          "name": "pTargetRow",
          "type": null,
          "probability": 1,
          "modifiers": [],
          "to_variable": {
            "key": "_yOXhENuEEDaj25iwQvQDUw",
            "name": "pTargetRow",
            "type": null,
            "modifiers": [],
            "position": {}
          },
          "position": {}
        },
        "_SXPlwODaEDaXKKSxOjHXmA": {
          "key": "_SXPlwODaEDaXKKSxOjHXmA",
          "name": "pTargetColumn",
          "type": null,
          "probability": 1,
          "modifiers": [],
          "to_variable": {
            "key": "_xkOMUNuOEDaj25iwQvQDUw",
            "name": "pTargetColumn",
            "type": null,
            "modifiers": [],
            "position": {}
          },
          "position": {}
        },
        "_-nYxUOEYEDaCjoCwnQSJxg": {
          "key": "_-nYxUOEYEDaCjoCwnQSJxg",
          "name": "chessboard",
          "type": null,
          "probability": 1,
          "modifiers": [],
          "to_variable": {
            "key": "_j3OzcOEWEDaCjoCwnQSJxg",
            "name": "chessboard",
            "type": null,
            "modifiers": [],
            "position": {}
          },
          "position": {}
        }
      }
    },
    "parameters_to_parameters_data_clump-./Rook-_Lr9Z8Nt-EDaj25iwQvQDUw-_ghJVkNt9EDaj25iwQvQDUw-pTargetRowpTargetColumnchessboard": {
      "type": "data_clump",
      "key": "parameters_to_parameters_data_clump-./Rook-_Lr9Z8Nt-EDaj25iwQvQDUw-_ghJVkNt9EDaj25iwQvQDUw-pTargetRowpTargetColumnchessboard",
      "probability": 1,
      "from_file_path": "./Rook",
      "from_class_or_interface_name": "Rook",
      "from_class_or_interface_key": "_Lr8y4Nt-EDaj25iwQvQDUw",
      "from_method_name": "checkMove",
      "from_method_key": "_Lr9Z8Nt-EDaj25iwQvQDUw",
      "to_file_path": "./Queen",
      "to_class_or_interface_name": "Queen",
      "to_class_or_interface_key": "_e4920Nt9EDaj25iwQvQDUw",
      "to_method_name": "checkMove",
      "to_method_key": "_ghJVkNt9EDaj25iwQvQDUw",
      "data_clump_type": "parameters_to_parameters_data_clump",
      "data_clump_data": {
        "_Lr-oEdt-EDaj25iwQvQDUw": {
          "key": "_Lr-oEdt-EDaj25iwQvQDUw",
          "name": "pTargetRow",
          "type": null,
          "probability": 1,
          "modifiers": [],
          "to_variable": {
            "key": "_km1_oNt9EDaj25iwQvQDUw",
            "name": "pTargetRow",
            "type": null,
            "modifiers": [],
            "position": {}
          },
          "position": {}
        },
        "_SXPlwODaEDaXKKSxOjHXmA": {
          "key": "_SXPlwODaEDaXKKSxOjHXmA",
          "name": "pTargetColumn",
          "type": null,
          "probability": 1,
          "modifiers": [],
          "to_variable": {
            "key": "_oc7VYODYEDaXKKSxOjHXmA",
            "name": "pTargetColumn",
            "type": null,
            "modifiers": [],
            "position": {}
          },
          "position": {}
        },
        "_-nYxUOEYEDaCjoCwnQSJxg": {
          "key": "_-nYxUOEYEDaCjoCwnQSJxg",
          "name": "chessboard",
          "type": null,
          "probability": 1,
          "modifiers": [],
          "to_variable": {
            "key": "_zz-SEOEYEDaCjoCwnQSJxg",
            "name": "chessboard",
            "type": null,
            "modifiers": [],
            "position": {}
          },
          "position": {}
        }
      }
    }
  }
}