{
  "report_version": "unknown",
  "report_timestamp": "2025-03-26T23:01:58.269Z",
  "target_language": "java",
  "report_summary": {
    "additional": null,
    "amount_classes_or_interfaces_with_data_clumps": 2,
    "amount_files_with_data_clumps": 2,
    "amount_methods_with_data_clumps": 0,
    "fields_to_fields_data_clump": 2,
    "parameters_to_fields_data_clump": 0,
    "parameters_to_parameters_data_clump": 0,
    "amount_data_clumps": 2
  },
  "project_info": {
    "project_url": "unknown_project_url",
    "project_name": "_xZRx4Ib_EeS_9vPfFC3tSQ",
    "project_version": "unknown_project_version",
    "project_commit_hash": "unknown",
    "project_tag": null,
    "project_commit_date": null,
    "additional": {},
    "number_of_files": 64,
    "number_of_classes_or_interfaces": 64,
    "number_of_methods": 137,
    "number_of_data_fields": 82,
    "number_of_method_parameters": 74
  },
  "detector": {
    "name": "data-clumps-doctor",
    "url": "https://github.com/NilsBaumgartner1994/data-clumps-doctor",
    "version": "0.1.100",
    "options": {
      "typeVariablesConsidered": false,
      "similarityModifierOfVariablesWithUnknownType": 0,
      "fieldsOfClassesWithUnknownHierarchyProbabilityModifier": 0,
      "sharedFieldsToFieldsAmountMinimum": 3,
      "analyseFieldsInClassesOrInterfacesInheritedFromSuperClassesOrInterfaces": false,
      "sharedParametersToParametersAmountMinimum": 3,
      "sharedParametersToFieldsAmountMinimum": 3,
      "methodsOfClassesOrInterfacesWithUnknownHierarchyProbabilityModifier": 0
    }
  },
  "data_clumps": {
    "fields_to_fields_data_clump-./ClientHandler-_ypjHk4b_EeSrRf_a5ZhQ7Q-_ype1mob_EeSrRf_a5ZhQ7Q-socketinout": {
      "type": "data_clump",
      "key": "fields_to_fields_data_clump-./ClientHandler-_ypjHk4b_EeSrRf_a5ZhQ7Q-_ype1mob_EeSrRf_a5ZhQ7Q-socketinout",
      "probability": 1,
      "from_file_path": "./ClientHandler",
      "from_class_or_interface_name": "ClientHandler",
      "from_class_or_interface_key": "_ypjHk4b_EeSrRf_a5ZhQ7Q",
      "from_method_name": null,
      "from_method_key": null,
      "to_file_path": "./ServerHandler",
      "to_class_or_interface_key": "_ype1mob_EeSrRf_a5ZhQ7Q",
      "to_class_or_interface_name": "ClientHandler",
      "to_method_key": null,
      "to_method_name": null,
      "data_clump_type": "fields_to_fields_data_clump",
      "data_clump_data": {
        "_ypjHmIb_EeSrRf_a5ZhQ7Q": {
          "key": "_ypjHmIb_EeSrRf_a5ZhQ7Q",
          "name": "socket",
          "type": null,
          "probability": 1,
          "modifiers": [
            "private"
          ],
          "to_variable": {
            "key": "_ype1nIb_EeSrRf_a5ZhQ7Q",
            "name": "socket",
            "type": null,
            "modifiers": [
              "private"
            ],
            "position": {}
          },
          "position": {}
        },
        "_ypjuBIb_EeSrRf_a5ZhQ7Q": {
          "key": "_ypjuBIb_EeSrRf_a5ZhQ7Q",
          "name": "in",
          "type": null,
          "probability": 1,
          "modifiers": [
            "private"
          ],
          "to_variable": {
            "key": "_ype1n4b_EeSrRf_a5ZhQ7Q",
            "name": "in",
            "type": null,
            "modifiers": [
              "private"
            ],
            "position": {}
          },
          "position": {}
        },
        "_ypjuB4b_EeSrRf_a5ZhQ7Q": {
          "key": "_ypjuB4b_EeSrRf_a5ZhQ7Q",
          "name": "out",
          "type": null,
          "probability": 1,
          "modifiers": [
            "private"
          ],
          "to_variable": {
            "key": "_ype1oob_EeSrRf_a5ZhQ7Q",
            "name": "out",
            "type": null,
            "modifiers": [
              "private"
            ],
            "position": {}
          },
          "position": {}
        }
      }
    },
    "fields_to_fields_data_clump-./ServerHandler-_ype1mob_EeSrRf_a5ZhQ7Q-_ypjHk4b_EeSrRf_a5ZhQ7Q-socketinout": {
      "type": "data_clump",
      "key": "fields_to_fields_data_clump-./ServerHandler-_ype1mob_EeSrRf_a5ZhQ7Q-_ypjHk4b_EeSrRf_a5ZhQ7Q-socketinout",
      "probability": 1,
      "from_file_path": "./ServerHandler",
      "from_class_or_interface_name": "ServerHandler",
      "from_class_or_interface_key": "_ype1mob_EeSrRf_a5ZhQ7Q",
      "from_method_name": null,
      "from_method_key": null,
      "to_file_path": "./ClientHandler",
      "to_class_or_interface_key": "_ypjHk4b_EeSrRf_a5ZhQ7Q",
      "to_class_or_interface_name": "ServerHandler",
      "to_method_key": null,
      "to_method_name": null,
      "data_clump_type": "fields_to_fields_data_clump",
      "data_clump_data": {
        "_ype1nIb_EeSrRf_a5ZhQ7Q": {
          "key": "_ype1nIb_EeSrRf_a5ZhQ7Q",
          "name": "socket",
          "type": null,
          "probability": 1,
          "modifiers": [
            "private"
          ],
          "to_variable": {
            "key": "_ypjHmIb_EeSrRf_a5ZhQ7Q",
            "name": "socket",
            "type": null,
            "modifiers": [
              "private"
            ],
            "position": {}
          },
          "position": {}
        },
        "_ype1n4b_EeSrRf_a5ZhQ7Q": {
          "key": "_ype1n4b_EeSrRf_a5ZhQ7Q",
          "name": "in",
          "type": null,
          "probability": 1,
          "modifiers": [
            "private"
          ],
          "to_variable": {
            "key": "_ypjuBIb_EeSrRf_a5ZhQ7Q",
            "name": "in",
            "type": null,
            "modifiers": [
              "private"
            ],
            "position": {}
          },
          "position": {}
        },
        "_ype1oob_EeSrRf_a5ZhQ7Q": {
          "key": "_ype1oob_EeSrRf_a5ZhQ7Q",
          "name": "out",
          "type": null,
          "probability": 1,
          "modifiers": [
            "private"
          ],
          "to_variable": {
            "key": "_ypjuB4b_EeSrRf_a5ZhQ7Q",
            "name": "out",
            "type": null,
            "modifiers": [
              "private"
            ],
            "position": {}
          },
          "position": {}
        }
      }
    }
  }
}