{
  "report_version": "unknown",
  "report_timestamp": "2025-03-26T22:45:15.693Z",
  "target_language": "java",
  "report_summary": {
    "additional": null,
    "amount_classes_or_interfaces_with_data_clumps": 1,
    "amount_files_with_data_clumps": 2,
    "amount_methods_with_data_clumps": 1,
    "fields_to_fields_data_clump": 0,
    "parameters_to_fields_data_clump": 1,
    "parameters_to_parameters_data_clump": 0,
    "amount_data_clumps": 1
  },
  "project_info": {
    "project_url": "unknown_project_url",
    "project_name": "_-I0GEIz1EDG_H5RkFjJqjg",
    "project_version": "unknown_project_version",
    "project_commit_hash": "unknown",
    "project_tag": null,
    "project_commit_date": null,
    "additional": {},
    "number_of_files": 5,
    "number_of_classes_or_interfaces": 5,
    "number_of_methods": 1,
    "number_of_data_fields": 7,
    "number_of_method_parameters": 5
  },
  "detector": {
    "name": "data-clumps-doctor",
    "url": "https://github.com/NilsBaumgartner1994/data-clumps-doctor",
    "version": "0.1.100",
    "options": {
      "typeVariablesConsidered": false,
      "similarityModifierOfVariablesWithUnknownType": 0,
      "fieldsOfClassesWithUnknownHierarchyProbabilityModifier": 0,
      "sharedFieldsToFieldsAmountMinimum": 3,
      "analyseFieldsInClassesOrInterfacesInheritedFromSuperClassesOrInterfaces": false,
      "sharedParametersToParametersAmountMinimum": 3,
      "sharedParametersToFieldsAmountMinimum": 3,
      "methodsOfClassesOrInterfacesWithUnknownHierarchyProbabilityModifier": 0
    }
  },
  "data_clumps": {
    "parameters_to_fields_data_clump-./Participante-_4eYdYIz2EDGBVqVaOrmxvg-_CWlHAIz2EDGBVqVaOrmxvg-descripciontRealporcentaje": {
      "type": "data_clump",
      "key": "parameters_to_fields_data_clump-./Participante-_4eYdYIz2EDGBVqVaOrmxvg-_CWlHAIz2EDGBVqVaOrmxvg-descripciontRealporcentaje",
      "probability": 1,
      "from_file_path": "./Participante",
      "from_class_or_interface_name": "Participante",
      "from_class_or_interface_key": "_4nMQkIz1EDGBVqVaOrmxvg",
      "from_method_name": "registrarLog",
      "from_method_key": "_4eYdYIz2EDGBVqVaOrmxvg",
      "to_file_path": "./Log",
      "to_class_or_interface_name": "Log",
      "to_class_or_interface_key": "_CWlHAIz2EDGBVqVaOrmxvg",
      "to_method_name": null,
      "to_method_key": null,
      "data_clump_type": "parameters_to_fields_data_clump",
      "data_clump_data": {
        "_-ze-QIz2EDGBVqVaOrmxvg": {
          "key": "_-ze-QIz2EDGBVqVaOrmxvg",
          "name": "descripcion",
          "type": null,
          "probability": 1,
          "modifiers": [],
          "to_variable": {
            "key": "_DepiUIz2EDGBVqVaOrmxvg",
            "name": "descripcion",
            "type": null,
            "modifiers": [],
            "position": {}
          },
          "position": {}
        },
        "_Jfo-8Iz3EDGBVqVaOrmxvg": {
          "key": "_Jfo-8Iz3EDGBVqVaOrmxvg",
          "name": "tReal",
          "type": null,
          "probability": 1,
          "modifiers": [],
          "to_variable": {
            "key": "_Gs4Y4Iz2EDGBVqVaOrmxvg",
            "name": "tReal",
            "type": null,
            "modifiers": [],
            "position": {}
          },
          "position": {}
        },
        "_LLRaUIz3EDGBVqVaOrmxvg": {
          "key": "_LLRaUIz3EDGBVqVaOrmxvg",
          "name": "porcentaje",
          "type": null,
          "probability": 1,
          "modifiers": [],
          "to_variable": {
            "key": "_IwpncIz2EDGBVqVaOrmxvg",
            "name": "porcentaje",
            "type": null,
            "modifiers": [],
            "position": {}
          },
          "position": {}
        }
      }
    }
  }
}