{
  "report_version": "unknown",
  "report_timestamp": "2025-03-26T22:52:56.405Z",
  "target_language": "java",
  "report_summary": {
    "additional": null,
    "amount_classes_or_interfaces_with_data_clumps": 2,
    "amount_files_with_data_clumps": 2,
    "amount_methods_with_data_clumps": 0,
    "fields_to_fields_data_clump": 2,
    "parameters_to_fields_data_clump": 0,
    "parameters_to_parameters_data_clump": 0,
    "amount_data_clumps": 2
  },
  "project_info": {
    "project_url": "unknown_project_url",
    "project_name": "_3AkZ8JLHEeapL8xd06mPPQ",
    "project_version": "unknown_project_version",
    "project_commit_hash": "unknown",
    "project_tag": null,
    "project_commit_date": null,
    "additional": {},
    "number_of_files": 9,
    "number_of_classes_or_interfaces": 9,
    "number_of_methods": 2,
    "number_of_data_fields": 59,
    "number_of_method_parameters": 0
  },
  "detector": {
    "name": "data-clumps-doctor",
    "url": "https://github.com/NilsBaumgartner1994/data-clumps-doctor",
    "version": "0.1.100",
    "options": {
      "typeVariablesConsidered": false,
      "similarityModifierOfVariablesWithUnknownType": 0,
      "fieldsOfClassesWithUnknownHierarchyProbabilityModifier": 0,
      "sharedFieldsToFieldsAmountMinimum": 3,
      "analyseFieldsInClassesOrInterfacesInheritedFromSuperClassesOrInterfaces": false,
      "sharedParametersToParametersAmountMinimum": 3,
      "sharedParametersToFieldsAmountMinimum": 3,
      "methodsOfClassesOrInterfacesWithUnknownHierarchyProbabilityModifier": 0
    }
  },
  "data_clumps": {
    "fields_to_fields_data_clump-./Mother-_8X70AHT2EDS1N7Hlakuqqg-_RE95MHT2EDS1N7Hlakuqqg-idDOBAddress": {
      "type": "data_clump",
      "key": "fields_to_fields_data_clump-./Mother-_8X70AHT2EDS1N7Hlakuqqg-_RE95MHT2EDS1N7Hlakuqqg-idDOBAddress",
      "probability": 1,
      "from_file_path": "./Mother",
      "from_class_or_interface_name": "Mother",
      "from_class_or_interface_key": "_8X70AHT2EDS1N7Hlakuqqg",
      "from_method_name": null,
      "from_method_key": null,
      "to_file_path": "./PregnantWoman",
      "to_class_or_interface_key": "_RE95MHT2EDS1N7Hlakuqqg",
      "to_class_or_interface_name": "Mother",
      "to_method_key": null,
      "to_method_name": null,
      "data_clump_type": "fields_to_fields_data_clump",
      "data_clump_data": {
        "_Ou154HT3EDS1N7Hlakuqqg": {
          "key": "_Ou154HT3EDS1N7Hlakuqqg",
          "name": "id",
          "type": null,
          "probability": 1,
          "modifiers": [],
          "to_variable": {
            "key": "_k_GFUHT2EDS1N7Hlakuqqg",
            "name": "id",
            "type": null,
            "modifiers": [],
            "position": {}
          },
          "position": {}
        },
        "_YcRBcHT3EDS1N7Hlakuqqg": {
          "key": "_YcRBcHT3EDS1N7Hlakuqqg",
          "name": "DOB",
          "type": null,
          "probability": 1,
          "modifiers": [],
          "to_variable": {
            "key": "_89oiEHT2EDS1N7Hlakuqqg",
            "name": "DOB",
            "type": null,
            "modifiers": [],
            "position": {}
          },
          "position": {}
        },
        "_hVHRcHT3EDS1N7Hlakuqqg": {
          "key": "_hVHRcHT3EDS1N7Hlakuqqg",
          "name": "Address",
          "type": null,
          "probability": 1,
          "modifiers": [],
          "to_variable": {
            "key": "_-us3EHT2EDS1N7Hlakuqqg",
            "name": "Address",
            "type": null,
            "modifiers": [],
            "position": {}
          },
          "position": {}
        }
      }
    },
    "fields_to_fields_data_clump-./PregnantWoman-_RE95MHT2EDS1N7Hlakuqqg-_8X70AHT2EDS1N7Hlakuqqg-idDOBAddress": {
      "type": "data_clump",
      "key": "fields_to_fields_data_clump-./PregnantWoman-_RE95MHT2EDS1N7Hlakuqqg-_8X70AHT2EDS1N7Hlakuqqg-idDOBAddress",
      "probability": 1,
      "from_file_path": "./PregnantWoman",
      "from_class_or_interface_name": "PregnantWoman",
      "from_class_or_interface_key": "_RE95MHT2EDS1N7Hlakuqqg",
      "from_method_name": null,
      "from_method_key": null,
      "to_file_path": "./Mother",
      "to_class_or_interface_key": "_8X70AHT2EDS1N7Hlakuqqg",
      "to_class_or_interface_name": "PregnantWoman",
      "to_method_key": null,
      "to_method_name": null,
      "data_clump_type": "fields_to_fields_data_clump",
      "data_clump_data": {
        "_k_GFUHT2EDS1N7Hlakuqqg": {
          "key": "_k_GFUHT2EDS1N7Hlakuqqg",
          "name": "id",
          "type": null,
          "probability": 1,
          "modifiers": [],
          "to_variable": {
            "key": "_Ou154HT3EDS1N7Hlakuqqg",
            "name": "id",
            "type": null,
            "modifiers": [],
            "position": {}
          },
          "position": {}
        },
        "_89oiEHT2EDS1N7Hlakuqqg": {
          "key": "_89oiEHT2EDS1N7Hlakuqqg",
          "name": "DOB",
          "type": null,
          "probability": 1,
          "modifiers": [],
          "to_variable": {
            "key": "_YcRBcHT3EDS1N7Hlakuqqg",
            "name": "DOB",
            "type": null,
            "modifiers": [],
            "position": {}
          },
          "position": {}
        },
        "_-us3EHT2EDS1N7Hlakuqqg": {
          "key": "_-us3EHT2EDS1N7Hlakuqqg",
          "name": "Address",
          "type": null,
          "probability": 1,
          "modifiers": [],
          "to_variable": {
            "key": "_hVHRcHT3EDS1N7Hlakuqqg",
            "name": "Address",
            "type": null,
            "modifiers": [],
            "position": {}
          },
          "position": {}
        }
      }
    }
  }
}