{
  "report_version": "unknown",
  "report_timestamp": "2025-03-26T22:11:05.643Z",
  "target_language": "java",
  "report_summary": {
    "additional": null,
    "amount_classes_or_interfaces_with_data_clumps": 2,
    "amount_files_with_data_clumps": 2,
    "amount_methods_with_data_clumps": 0,
    "fields_to_fields_data_clump": 2,
    "parameters_to_fields_data_clump": 0,
    "parameters_to_parameters_data_clump": 0,
    "amount_data_clumps": 2
  },
  "project_info": {
    "project_url": "unknown_project_url",
    "project_name": "_guAlILS1EeuARqq-icHx7Q",
    "project_version": "unknown_project_version",
    "project_commit_hash": "unknown",
    "project_tag": null,
    "project_commit_date": null,
    "additional": {},
    "number_of_files": 15,
    "number_of_classes_or_interfaces": 15,
    "number_of_methods": 3,
    "number_of_data_fields": 40,
    "number_of_method_parameters": 0
  },
  "detector": {
    "name": "data-clumps-doctor",
    "url": "https://github.com/NilsBaumgartner1994/data-clumps-doctor",
    "version": "0.1.100",
    "options": {
      "typeVariablesConsidered": false,
      "similarityModifierOfVariablesWithUnknownType": 0,
      "fieldsOfClassesWithUnknownHierarchyProbabilityModifier": 0,
      "sharedFieldsToFieldsAmountMinimum": 3,
      "analyseFieldsInClassesOrInterfacesInheritedFromSuperClassesOrInterfaces": false,
      "sharedParametersToParametersAmountMinimum": 3,
      "sharedParametersToFieldsAmountMinimum": 3,
      "methodsOfClassesOrInterfacesWithUnknownHierarchyProbabilityModifier": 0
    }
  },
  "data_clumps": {
    "fields_to_fields_data_clump-./FitnessClass-_guGFOLS1EeuARqq-icHx7Q-_dlBOQJcREDmp2_i84lLVjA-capacityregisteredconfirmedstarted": {
      "type": "data_clump",
      "key": "fields_to_fields_data_clump-./FitnessClass-_guGFOLS1EeuARqq-icHx7Q-_dlBOQJcREDmp2_i84lLVjA-capacityregisteredconfirmedstarted",
      "probability": 1,
      "from_file_path": "./FitnessClass",
      "from_class_or_interface_name": "FitnessClass",
      "from_class_or_interface_key": "_guGFOLS1EeuARqq-icHx7Q",
      "from_method_name": null,
      "from_method_key": null,
      "to_file_path": "./Services",
      "to_class_or_interface_key": "_dlBOQJcREDmp2_i84lLVjA",
      "to_class_or_interface_name": "FitnessClass",
      "to_method_key": null,
      "to_method_name": null,
      "data_clump_type": "fields_to_fields_data_clump",
      "data_clump_data": {
        "_guGFO7S1EeuARqq-icHx7Q": {
          "key": "_guGFO7S1EeuARqq-icHx7Q",
          "name": "capacity",
          "type": null,
          "probability": 1,
          "modifiers": [],
          "to_variable": {
            "key": "_dlBOQ5cREDmp2_i84lLVjA",
            "name": "capacity",
            "type": null,
            "modifiers": [],
            "position": {}
          },
          "position": {}
        },
        "_guGFPLS1EeuARqq-icHx7Q": {
          "key": "_guGFPLS1EeuARqq-icHx7Q",
          "name": "registered",
          "type": null,
          "probability": 1,
          "modifiers": [],
          "to_variable": {
            "key": "_dlB1UJcREDmp2_i84lLVjA",
            "name": "registered",
            "type": null,
            "modifiers": [],
            "position": {}
          },
          "position": {}
        },
        "_guGFPbS1EeuARqq-icHx7Q": {
          "key": "_guGFPbS1EeuARqq-icHx7Q",
          "name": "confirmed",
          "type": null,
          "probability": 1,
          "modifiers": [],
          "to_variable": {
            "key": "_dlB1UZcREDmp2_i84lLVjA",
            "name": "confirmed",
            "type": null,
            "modifiers": [],
            "position": {}
          },
          "position": {}
        },
        "_guGFPrS1EeuARqq-icHx7Q": {
          "key": "_guGFPrS1EeuARqq-icHx7Q",
          "name": "started",
          "type": null,
          "probability": 1,
          "modifiers": [],
          "to_variable": {
            "key": "_dlB1UpcREDmp2_i84lLVjA",
            "name": "started",
            "type": null,
            "modifiers": [],
            "position": {}
          },
          "position": {}
        }
      }
    },
    "fields_to_fields_data_clump-./Services-_dlBOQJcREDmp2_i84lLVjA-_guGFOLS1EeuARqq-icHx7Q-capacityregisteredconfirmedstarted": {
      "type": "data_clump",
      "key": "fields_to_fields_data_clump-./Services-_dlBOQJcREDmp2_i84lLVjA-_guGFOLS1EeuARqq-icHx7Q-capacityregisteredconfirmedstarted",
      "probability": 1,
      "from_file_path": "./Services",
      "from_class_or_interface_name": "Services",
      "from_class_or_interface_key": "_dlBOQJcREDmp2_i84lLVjA",
      "from_method_name": null,
      "from_method_key": null,
      "to_file_path": "./FitnessClass",
      "to_class_or_interface_key": "_guGFOLS1EeuARqq-icHx7Q",
      "to_class_or_interface_name": "Services",
      "to_method_key": null,
      "to_method_name": null,
      "data_clump_type": "fields_to_fields_data_clump",
      "data_clump_data": {
        "_dlBOQ5cREDmp2_i84lLVjA": {
          "key": "_dlBOQ5cREDmp2_i84lLVjA",
          "name": "capacity",
          "type": null,
          "probability": 1,
          "modifiers": [],
          "to_variable": {
            "key": "_guGFO7S1EeuARqq-icHx7Q",
            "name": "capacity",
            "type": null,
            "modifiers": [],
            "position": {}
          },
          "position": {}
        },
        "_dlB1UJcREDmp2_i84lLVjA": {
          "key": "_dlB1UJcREDmp2_i84lLVjA",
          "name": "registered",
          "type": null,
          "probability": 1,
          "modifiers": [],
          "to_variable": {
            "key": "_guGFPLS1EeuARqq-icHx7Q",
            "name": "registered",
            "type": null,
            "modifiers": [],
            "position": {}
          },
          "position": {}
        },
        "_dlB1UZcREDmp2_i84lLVjA": {
          "key": "_dlB1UZcREDmp2_i84lLVjA",
          "name": "confirmed",
          "type": null,
          "probability": 1,
          "modifiers": [],
          "to_variable": {
            "key": "_guGFPbS1EeuARqq-icHx7Q",
            "name": "confirmed",
            "type": null,
            "modifiers": [],
            "position": {}
          },
          "position": {}
        },
        "_dlB1UpcREDmp2_i84lLVjA": {
          "key": "_dlB1UpcREDmp2_i84lLVjA",
          "name": "started",
          "type": null,
          "probability": 1,
          "modifiers": [],
          "to_variable": {
            "key": "_guGFPrS1EeuARqq-icHx7Q",
            "name": "started",
            "type": null,
            "modifiers": [],
            "position": {}
          },
          "position": {}
        }
      }
    }
  }
}