{
  "report_version": "unknown",
  "report_timestamp": "2025-03-26T21:44:05.958Z",
  "target_language": "java",
  "report_summary": {
    "additional": null,
    "amount_classes_or_interfaces_with_data_clumps": 6,
    "amount_files_with_data_clumps": 6,
    "amount_methods_with_data_clumps": 0,
    "fields_to_fields_data_clump": 10,
    "parameters_to_fields_data_clump": 0,
    "parameters_to_parameters_data_clump": 0,
    "amount_data_clumps": 10
  },
  "project_info": {
    "project_url": "unknown_project_url",
    "project_name": "_u9yWsH3EEeuCM8KqVoRWiA",
    "project_version": "unknown_project_version",
    "project_commit_hash": "unknown",
    "project_tag": null,
    "project_commit_date": null,
    "additional": {},
    "number_of_files": 36,
    "number_of_classes_or_interfaces": 36,
    "number_of_methods": 63,
    "number_of_data_fields": 87,
    "number_of_method_parameters": 0
  },
  "detector": {
    "name": "data-clumps-doctor",
    "url": "https://github.com/NilsBaumgartner1994/data-clumps-doctor",
    "version": "0.1.100",
    "options": {
      "typeVariablesConsidered": false,
      "similarityModifierOfVariablesWithUnknownType": 0,
      "fieldsOfClassesWithUnknownHierarchyProbabilityModifier": 0,
      "sharedFieldsToFieldsAmountMinimum": 3,
      "analyseFieldsInClassesOrInterfacesInheritedFromSuperClassesOrInterfaces": false,
      "sharedParametersToParametersAmountMinimum": 3,
      "sharedParametersToFieldsAmountMinimum": 3,
      "methodsOfClassesOrInterfacesWithUnknownHierarchyProbabilityModifier": 0
    }
  },
  "data_clumps": {
    "fields_to_fields_data_clump-./Avance-_nL_LEIjEEDmiiaugw6Fkgg-_mTUdsIjEEDmiiaugw6Fkgg-IDType_userNom_userJustificatif": {
      "type": "data_clump",
      "key": "fields_to_fields_data_clump-./Avance-_nL_LEIjEEDmiiaugw6Fkgg-_mTUdsIjEEDmiiaugw6Fkgg-IDType_userNom_userJustificatif",
      "probability": 1,
      "from_file_path": "./Avance",
      "from_class_or_interface_name": "Avance",
      "from_class_or_interface_key": "_nL_LEIjEEDmiiaugw6Fkgg",
      "from_method_name": null,
      "from_method_key": null,
      "to_file_path": "./Congé",
      "to_class_or_interface_key": "_mTUdsIjEEDmiiaugw6Fkgg",
      "to_class_or_interface_name": "Avance",
      "to_method_key": null,
      "to_method_name": null,
      "data_clump_type": "fields_to_fields_data_clump",
      "data_clump_data": {
        "_VdUhMIjVEDmiiaugw6Fkgg": {
          "key": "_VdUhMIjVEDmiiaugw6Fkgg",
          "name": "ID",
          "type": null,
          "probability": 1,
          "modifiers": [
            "public"
          ],
          "to_variable": {
            "key": "_5-aVAYjUEDmiiaugw6Fkgg",
            "name": "ID",
            "type": null,
            "modifiers": [
              "public"
            ],
            "position": {}
          },
          "position": {}
        },
        "_VdVIQIjVEDmiiaugw6Fkgg": {
          "key": "_VdVIQIjVEDmiiaugw6Fkgg",
          "name": "Type_user",
          "type": null,
          "probability": 1,
          "modifiers": [
            "public"
          ],
          "to_variable": {
            "key": "_5-Zt8IjUEDmiiaugw6Fkgg",
            "name": "Type_user",
            "type": null,
            "modifiers": [
              "public"
            ],
            "position": {}
          },
          "position": {}
        },
        "_VdVIQYjVEDmiiaugw6Fkgg": {
          "key": "_VdVIQYjVEDmiiaugw6Fkgg",
          "name": "Nom_user",
          "type": null,
          "probability": 1,
          "modifiers": [
            "public"
          ],
          "to_variable": {
            "key": "_5-aVAIjUEDmiiaugw6Fkgg",
            "name": "Nom_user",
            "type": null,
            "modifiers": [
              "public"
            ],
            "position": {}
          },
          "position": {}
        },
        "_VdVIQojVEDmiiaugw6Fkgg": {
          "key": "_VdVIQojVEDmiiaugw6Fkgg",
          "name": "Justificatif",
          "type": null,
          "probability": 1,
          "modifiers": [
            "public"
          ],
          "to_variable": {
            "key": "_QzM7cIjVEDmiiaugw6Fkgg",
            "name": "Justificatif",
            "type": null,
            "modifiers": [
              "public"
            ],
            "position": {}
          },
          "position": {}
        }
      }
    },
    "fields_to_fields_data_clump-./Avance-_nL_LEIjEEDmiiaugw6Fkgg-_oC3vwIjEEDmiiaugw6Fkgg-IDType_userNom_userMontont": {
      "type": "data_clump",
      "key": "fields_to_fields_data_clump-./Avance-_nL_LEIjEEDmiiaugw6Fkgg-_oC3vwIjEEDmiiaugw6Fkgg-IDType_userNom_userMontont",
      "probability": 1,
      "from_file_path": "./Avance",
      "from_class_or_interface_name": "Avance",
      "from_class_or_interface_key": "_nL_LEIjEEDmiiaugw6Fkgg",
      "from_method_name": null,
      "from_method_key": null,
      "to_file_path": "./Prime",
      "to_class_or_interface_key": "_oC3vwIjEEDmiiaugw6Fkgg",
      "to_class_or_interface_name": "Avance",
      "to_method_key": null,
      "to_method_name": null,
      "data_clump_type": "fields_to_fields_data_clump",
      "data_clump_data": {
        "_VdUhMIjVEDmiiaugw6Fkgg": {
          "key": "_VdUhMIjVEDmiiaugw6Fkgg",
          "name": "ID",
          "type": null,
          "probability": 1,
          "modifiers": [
            "public"
          ],
          "to_variable": {
            "key": "_NtWaQIjUEDmiiaugw6Fkgg",
            "name": "ID",
            "type": null,
            "modifiers": [
              "public"
            ],
            "position": {}
          },
          "position": {}
        },
        "_VdVIQIjVEDmiiaugw6Fkgg": {
          "key": "_VdVIQIjVEDmiiaugw6Fkgg",
          "name": "Type_user",
          "type": null,
          "probability": 1,
          "modifiers": [
            "public"
          ],
          "to_variable": {
            "key": "_QEDL4YjUEDmiiaugw6Fkgg",
            "name": "Type_user",
            "type": null,
            "modifiers": [
              "public"
            ],
            "position": {}
          },
          "position": {}
        },
        "_VdVIQYjVEDmiiaugw6Fkgg": {
          "key": "_VdVIQYjVEDmiiaugw6Fkgg",
          "name": "Nom_user",
          "type": null,
          "probability": 1,
          "modifiers": [
            "public"
          ],
          "to_variable": {
            "key": "_XiD1kIjUEDmiiaugw6Fkgg",
            "name": "Nom_user",
            "type": null,
            "modifiers": [
              "public"
            ],
            "position": {}
          },
          "position": {}
        },
        "_YjJpsIjVEDmiiaugw6Fkgg": {
          "key": "_YjJpsIjVEDmiiaugw6Fkgg",
          "name": "Montont",
          "type": null,
          "probability": 1,
          "modifiers": [
            "public"
          ],
          "to_variable": {
            "key": "_ayGC8YjUEDmiiaugw6Fkgg",
            "name": "Montont",
            "type": null,
            "modifiers": [
              "public"
            ],
            "position": {}
          },
          "position": {}
        }
      }
    },
    "fields_to_fields_data_clump-./Catégorie-_MURhwIjEEDmiiaugw6Fkgg-_b3NrMIjEEDmiiaugw6Fkgg-IDNomDescription": {
      "type": "data_clump",
      "key": "fields_to_fields_data_clump-./Catégorie-_MURhwIjEEDmiiaugw6Fkgg-_b3NrMIjEEDmiiaugw6Fkgg-IDNomDescription",
      "probability": 1,
      "from_file_path": "./Catégorie",
      "from_class_or_interface_name": "Catégorie",
      "from_class_or_interface_key": "_MURhwIjEEDmiiaugw6Fkgg",
      "from_method_name": null,
      "from_method_key": null,
      "to_file_path": "./Produit",
      "to_class_or_interface_key": "_b3NrMIjEEDmiiaugw6Fkgg",
      "to_class_or_interface_name": "Catégorie",
      "to_method_key": null,
      "to_method_name": null,
      "data_clump_type": "fields_to_fields_data_clump",
      "data_clump_data": {
        "_8MFgwIjEEDmiiaugw6Fkgg": {
          "key": "_8MFgwIjEEDmiiaugw6Fkgg",
          "name": "ID",
          "type": null,
          "probability": 1,
          "modifiers": [],
          "to_variable": {
            "key": "_fhM0MIjFEDmiiaugw6Fkgg",
            "name": "ID",
            "type": null,
            "modifiers": [],
            "position": {}
          },
          "position": {}
        },
        "_BUzuEYjFEDmiiaugw6Fkgg": {
          "key": "_BUzuEYjFEDmiiaugw6Fkgg",
          "name": "Nom",
          "type": null,
          "probability": 1,
          "modifiers": [],
          "to_variable": {
            "key": "_fhNbQIjFEDmiiaugw6Fkgg",
            "name": "Nom",
            "type": null,
            "modifiers": [],
            "position": {}
          },
          "position": {}
        },
        "_DLb4gYjFEDmiiaugw6Fkgg": {
          "key": "_DLb4gYjFEDmiiaugw6Fkgg",
          "name": "Description",
          "type": null,
          "probability": 1,
          "modifiers": [],
          "to_variable": {
            "key": "_fhNbQYjFEDmiiaugw6Fkgg",
            "name": "Description",
            "type": null,
            "modifiers": [],
            "position": {}
          },
          "position": {}
        }
      }
    },
    "fields_to_fields_data_clump-./Congé-_mTUdsIjEEDmiiaugw6Fkgg-_nL_LEIjEEDmiiaugw6Fkgg-IDType_userNom_userJustificatif": {
      "type": "data_clump",
      "key": "fields_to_fields_data_clump-./Congé-_mTUdsIjEEDmiiaugw6Fkgg-_nL_LEIjEEDmiiaugw6Fkgg-IDType_userNom_userJustificatif",
      "probability": 1,
      "from_file_path": "./Congé",
      "from_class_or_interface_name": "Congé",
      "from_class_or_interface_key": "_mTUdsIjEEDmiiaugw6Fkgg",
      "from_method_name": null,
      "from_method_key": null,
      "to_file_path": "./Avance",
      "to_class_or_interface_key": "_nL_LEIjEEDmiiaugw6Fkgg",
      "to_class_or_interface_name": "Congé",
      "to_method_key": null,
      "to_method_name": null,
      "data_clump_type": "fields_to_fields_data_clump",
      "data_clump_data": {
        "_5-aVAYjUEDmiiaugw6Fkgg": {
          "key": "_5-aVAYjUEDmiiaugw6Fkgg",
          "name": "ID",
          "type": null,
          "probability": 1,
          "modifiers": [
            "public"
          ],
          "to_variable": {
            "key": "_VdUhMIjVEDmiiaugw6Fkgg",
            "name": "ID",
            "type": null,
            "modifiers": [
              "public"
            ],
            "position": {}
          },
          "position": {}
        },
        "_5-Zt8IjUEDmiiaugw6Fkgg": {
          "key": "_5-Zt8IjUEDmiiaugw6Fkgg",
          "name": "Type_user",
          "type": null,
          "probability": 1,
          "modifiers": [
            "public"
          ],
          "to_variable": {
            "key": "_VdVIQIjVEDmiiaugw6Fkgg",
            "name": "Type_user",
            "type": null,
            "modifiers": [
              "public"
            ],
            "position": {}
          },
          "position": {}
        },
        "_5-aVAIjUEDmiiaugw6Fkgg": {
          "key": "_5-aVAIjUEDmiiaugw6Fkgg",
          "name": "Nom_user",
          "type": null,
          "probability": 1,
          "modifiers": [
            "public"
          ],
          "to_variable": {
            "key": "_VdVIQYjVEDmiiaugw6Fkgg",
            "name": "Nom_user",
            "type": null,
            "modifiers": [
              "public"
            ],
            "position": {}
          },
          "position": {}
        },
        "_QzM7cIjVEDmiiaugw6Fkgg": {
          "key": "_QzM7cIjVEDmiiaugw6Fkgg",
          "name": "Justificatif",
          "type": null,
          "probability": 1,
          "modifiers": [
            "public"
          ],
          "to_variable": {
            "key": "_VdVIQojVEDmiiaugw6Fkgg",
            "name": "Justificatif",
            "type": null,
            "modifiers": [
              "public"
            ],
            "position": {}
          },
          "position": {}
        }
      }
    },
    "fields_to_fields_data_clump-./Congé-_mTUdsIjEEDmiiaugw6Fkgg-_rDN7UIjEEDmiiaugw6Fkgg-IDDate_débutDate_fin": {
      "type": "data_clump",
      "key": "fields_to_fields_data_clump-./Congé-_mTUdsIjEEDmiiaugw6Fkgg-_rDN7UIjEEDmiiaugw6Fkgg-IDDate_débutDate_fin",
      "probability": 1,
      "from_file_path": "./Congé",
      "from_class_or_interface_name": "Congé",
      "from_class_or_interface_key": "_mTUdsIjEEDmiiaugw6Fkgg",
      "from_method_name": null,
      "from_method_key": null,
      "to_file_path": "./Pointage",
      "to_class_or_interface_key": "_rDN7UIjEEDmiiaugw6Fkgg",
      "to_class_or_interface_name": "Congé",
      "to_method_key": null,
      "to_method_name": null,
      "data_clump_type": "fields_to_fields_data_clump",
      "data_clump_data": {
        "_5-aVAYjUEDmiiaugw6Fkgg": {
          "key": "_5-aVAYjUEDmiiaugw6Fkgg",
          "name": "ID",
          "type": null,
          "probability": 1,
          "modifiers": [
            "public"
          ],
          "to_variable": {
            "key": "_ay43sIjVEDmiiaugw6Fkgg",
            "name": "ID",
            "type": null,
            "modifiers": [
              "public"
            ],
            "position": {}
          },
          "position": {}
        },
        "_8YHXUIjUEDmiiaugw6Fkgg": {
          "key": "_8YHXUIjUEDmiiaugw6Fkgg",
          "name": "Date_début",
          "type": null,
          "probability": 1,
          "modifiers": [
            "public"
          ],
          "to_variable": {
            "key": "_fOoqQIjVEDmiiaugw6Fkgg",
            "name": "Date_début",
            "type": null,
            "modifiers": [
              "public"
            ],
            "position": {}
          },
          "position": {}
        },
        "__qiKUYjUEDmiiaugw6Fkgg": {
          "key": "__qiKUYjUEDmiiaugw6Fkgg",
          "name": "Date_fin",
          "type": null,
          "probability": 1,
          "modifiers": [
            "public"
          ],
          "to_variable": {
            "key": "_fOoDMIjVEDmiiaugw6Fkgg",
            "name": "Date_fin",
            "type": null,
            "modifiers": [
              "public"
            ],
            "position": {}
          },
          "position": {}
        }
      }
    },
    "fields_to_fields_data_clump-./Congé-_mTUdsIjEEDmiiaugw6Fkgg-_oC3vwIjEEDmiiaugw6Fkgg-IDType_userNom_user": {
      "type": "data_clump",
      "key": "fields_to_fields_data_clump-./Congé-_mTUdsIjEEDmiiaugw6Fkgg-_oC3vwIjEEDmiiaugw6Fkgg-IDType_userNom_user",
      "probability": 1,
      "from_file_path": "./Congé",
      "from_class_or_interface_name": "Congé",
      "from_class_or_interface_key": "_mTUdsIjEEDmiiaugw6Fkgg",
      "from_method_name": null,
      "from_method_key": null,
      "to_file_path": "./Prime",
      "to_class_or_interface_key": "_oC3vwIjEEDmiiaugw6Fkgg",
      "to_class_or_interface_name": "Congé",
      "to_method_key": null,
      "to_method_name": null,
      "data_clump_type": "fields_to_fields_data_clump",
      "data_clump_data": {
        "_5-aVAYjUEDmiiaugw6Fkgg": {
          "key": "_5-aVAYjUEDmiiaugw6Fkgg",
          "name": "ID",
          "type": null,
          "probability": 1,
          "modifiers": [
            "public"
          ],
          "to_variable": {
            "key": "_NtWaQIjUEDmiiaugw6Fkgg",
            "name": "ID",
            "type": null,
            "modifiers": [
              "public"
            ],
            "position": {}
          },
          "position": {}
        },
        "_5-Zt8IjUEDmiiaugw6Fkgg": {
          "key": "_5-Zt8IjUEDmiiaugw6Fkgg",
          "name": "Type_user",
          "type": null,
          "probability": 1,
          "modifiers": [
            "public"
          ],
          "to_variable": {
            "key": "_QEDL4YjUEDmiiaugw6Fkgg",
            "name": "Type_user",
            "type": null,
            "modifiers": [
              "public"
            ],
            "position": {}
          },
          "position": {}
        },
        "_5-aVAIjUEDmiiaugw6Fkgg": {
          "key": "_5-aVAIjUEDmiiaugw6Fkgg",
          "name": "Nom_user",
          "type": null,
          "probability": 1,
          "modifiers": [
            "public"
          ],
          "to_variable": {
            "key": "_XiD1kIjUEDmiiaugw6Fkgg",
            "name": "Nom_user",
            "type": null,
            "modifiers": [
              "public"
            ],
            "position": {}
          },
          "position": {}
        }
      }
    },
    "fields_to_fields_data_clump-./Pointage-_rDN7UIjEEDmiiaugw6Fkgg-_mTUdsIjEEDmiiaugw6Fkgg-IDDate_débutDate_fin": {
      "type": "data_clump",
      "key": "fields_to_fields_data_clump-./Pointage-_rDN7UIjEEDmiiaugw6Fkgg-_mTUdsIjEEDmiiaugw6Fkgg-IDDate_débutDate_fin",
      "probability": 1,
      "from_file_path": "./Pointage",
      "from_class_or_interface_name": "Pointage",
      "from_class_or_interface_key": "_rDN7UIjEEDmiiaugw6Fkgg",
      "from_method_name": null,
      "from_method_key": null,
      "to_file_path": "./Congé",
      "to_class_or_interface_key": "_mTUdsIjEEDmiiaugw6Fkgg",
      "to_class_or_interface_name": "Pointage",
      "to_method_key": null,
      "to_method_name": null,
      "data_clump_type": "fields_to_fields_data_clump",
      "data_clump_data": {
        "_ay43sIjVEDmiiaugw6Fkgg": {
          "key": "_ay43sIjVEDmiiaugw6Fkgg",
          "name": "ID",
          "type": null,
          "probability": 1,
          "modifiers": [
            "public"
          ],
          "to_variable": {
            "key": "_5-aVAYjUEDmiiaugw6Fkgg",
            "name": "ID",
            "type": null,
            "modifiers": [
              "public"
            ],
            "position": {}
          },
          "position": {}
        },
        "_fOoqQIjVEDmiiaugw6Fkgg": {
          "key": "_fOoqQIjVEDmiiaugw6Fkgg",
          "name": "Date_début",
          "type": null,
          "probability": 1,
          "modifiers": [
            "public"
          ],
          "to_variable": {
            "key": "_8YHXUIjUEDmiiaugw6Fkgg",
            "name": "Date_début",
            "type": null,
            "modifiers": [
              "public"
            ],
            "position": {}
          },
          "position": {}
        },
        "_fOoDMIjVEDmiiaugw6Fkgg": {
          "key": "_fOoDMIjVEDmiiaugw6Fkgg",
          "name": "Date_fin",
          "type": null,
          "probability": 1,
          "modifiers": [
            "public"
          ],
          "to_variable": {
            "key": "__qiKUYjUEDmiiaugw6Fkgg",
            "name": "Date_fin",
            "type": null,
            "modifiers": [
              "public"
            ],
            "position": {}
          },
          "position": {}
        }
      }
    },
    "fields_to_fields_data_clump-./Prime-_oC3vwIjEEDmiiaugw6Fkgg-_nL_LEIjEEDmiiaugw6Fkgg-IDType_userNom_userMontont": {
      "type": "data_clump",
      "key": "fields_to_fields_data_clump-./Prime-_oC3vwIjEEDmiiaugw6Fkgg-_nL_LEIjEEDmiiaugw6Fkgg-IDType_userNom_userMontont",
      "probability": 1,
      "from_file_path": "./Prime",
      "from_class_or_interface_name": "Prime",
      "from_class_or_interface_key": "_oC3vwIjEEDmiiaugw6Fkgg",
      "from_method_name": null,
      "from_method_key": null,
      "to_file_path": "./Avance",
      "to_class_or_interface_key": "_nL_LEIjEEDmiiaugw6Fkgg",
      "to_class_or_interface_name": "Prime",
      "to_method_key": null,
      "to_method_name": null,
      "data_clump_type": "fields_to_fields_data_clump",
      "data_clump_data": {
        "_NtWaQIjUEDmiiaugw6Fkgg": {
          "key": "_NtWaQIjUEDmiiaugw6Fkgg",
          "name": "ID",
          "type": null,
          "probability": 1,
          "modifiers": [
            "public"
          ],
          "to_variable": {
            "key": "_VdUhMIjVEDmiiaugw6Fkgg",
            "name": "ID",
            "type": null,
            "modifiers": [
              "public"
            ],
            "position": {}
          },
          "position": {}
        },
        "_QEDL4YjUEDmiiaugw6Fkgg": {
          "key": "_QEDL4YjUEDmiiaugw6Fkgg",
          "name": "Type_user",
          "type": null,
          "probability": 1,
          "modifiers": [
            "public"
          ],
          "to_variable": {
            "key": "_VdVIQIjVEDmiiaugw6Fkgg",
            "name": "Type_user",
            "type": null,
            "modifiers": [
              "public"
            ],
            "position": {}
          },
          "position": {}
        },
        "_XiD1kIjUEDmiiaugw6Fkgg": {
          "key": "_XiD1kIjUEDmiiaugw6Fkgg",
          "name": "Nom_user",
          "type": null,
          "probability": 1,
          "modifiers": [
            "public"
          ],
          "to_variable": {
            "key": "_VdVIQYjVEDmiiaugw6Fkgg",
            "name": "Nom_user",
            "type": null,
            "modifiers": [
              "public"
            ],
            "position": {}
          },
          "position": {}
        },
        "_ayGC8YjUEDmiiaugw6Fkgg": {
          "key": "_ayGC8YjUEDmiiaugw6Fkgg",
          "name": "Montont",
          "type": null,
          "probability": 1,
          "modifiers": [
            "public"
          ],
          "to_variable": {
            "key": "_YjJpsIjVEDmiiaugw6Fkgg",
            "name": "Montont",
            "type": null,
            "modifiers": [
              "public"
            ],
            "position": {}
          },
          "position": {}
        }
      }
    },
    "fields_to_fields_data_clump-./Prime-_oC3vwIjEEDmiiaugw6Fkgg-_mTUdsIjEEDmiiaugw6Fkgg-IDType_userNom_user": {
      "type": "data_clump",
      "key": "fields_to_fields_data_clump-./Prime-_oC3vwIjEEDmiiaugw6Fkgg-_mTUdsIjEEDmiiaugw6Fkgg-IDType_userNom_user",
      "probability": 1,
      "from_file_path": "./Prime",
      "from_class_or_interface_name": "Prime",
      "from_class_or_interface_key": "_oC3vwIjEEDmiiaugw6Fkgg",
      "from_method_name": null,
      "from_method_key": null,
      "to_file_path": "./Congé",
      "to_class_or_interface_key": "_mTUdsIjEEDmiiaugw6Fkgg",
      "to_class_or_interface_name": "Prime",
      "to_method_key": null,
      "to_method_name": null,
      "data_clump_type": "fields_to_fields_data_clump",
      "data_clump_data": {
        "_NtWaQIjUEDmiiaugw6Fkgg": {
          "key": "_NtWaQIjUEDmiiaugw6Fkgg",
          "name": "ID",
          "type": null,
          "probability": 1,
          "modifiers": [
            "public"
          ],
          "to_variable": {
            "key": "_5-aVAYjUEDmiiaugw6Fkgg",
            "name": "ID",
            "type": null,
            "modifiers": [
              "public"
            ],
            "position": {}
          },
          "position": {}
        },
        "_QEDL4YjUEDmiiaugw6Fkgg": {
          "key": "_QEDL4YjUEDmiiaugw6Fkgg",
          "name": "Type_user",
          "type": null,
          "probability": 1,
          "modifiers": [
            "public"
          ],
          "to_variable": {
            "key": "_5-Zt8IjUEDmiiaugw6Fkgg",
            "name": "Type_user",
            "type": null,
            "modifiers": [
              "public"
            ],
            "position": {}
          },
          "position": {}
        },
        "_XiD1kIjUEDmiiaugw6Fkgg": {
          "key": "_XiD1kIjUEDmiiaugw6Fkgg",
          "name": "Nom_user",
          "type": null,
          "probability": 1,
          "modifiers": [
            "public"
          ],
          "to_variable": {
            "key": "_5-aVAIjUEDmiiaugw6Fkgg",
            "name": "Nom_user",
            "type": null,
            "modifiers": [
              "public"
            ],
            "position": {}
          },
          "position": {}
        }
      }
    },
    "fields_to_fields_data_clump-./Produit-_b3NrMIjEEDmiiaugw6Fkgg-_MURhwIjEEDmiiaugw6Fkgg-IDNomDescription": {
      "type": "data_clump",
      "key": "fields_to_fields_data_clump-./Produit-_b3NrMIjEEDmiiaugw6Fkgg-_MURhwIjEEDmiiaugw6Fkgg-IDNomDescription",
      "probability": 1,
      "from_file_path": "./Produit",
      "from_class_or_interface_name": "Produit",
      "from_class_or_interface_key": "_b3NrMIjEEDmiiaugw6Fkgg",
      "from_method_name": null,
      "from_method_key": null,
      "to_file_path": "./Catégorie",
      "to_class_or_interface_key": "_MURhwIjEEDmiiaugw6Fkgg",
      "to_class_or_interface_name": "Produit",
      "to_method_key": null,
      "to_method_name": null,
      "data_clump_type": "fields_to_fields_data_clump",
      "data_clump_data": {
        "_fhM0MIjFEDmiiaugw6Fkgg": {
          "key": "_fhM0MIjFEDmiiaugw6Fkgg",
          "name": "ID",
          "type": null,
          "probability": 1,
          "modifiers": [],
          "to_variable": {
            "key": "_8MFgwIjEEDmiiaugw6Fkgg",
            "name": "ID",
            "type": null,
            "modifiers": [],
            "position": {}
          },
          "position": {}
        },
        "_fhNbQIjFEDmiiaugw6Fkgg": {
          "key": "_fhNbQIjFEDmiiaugw6Fkgg",
          "name": "Nom",
          "type": null,
          "probability": 1,
          "modifiers": [],
          "to_variable": {
            "key": "_BUzuEYjFEDmiiaugw6Fkgg",
            "name": "Nom",
            "type": null,
            "modifiers": [],
            "position": {}
          },
          "position": {}
        },
        "_fhNbQYjFEDmiiaugw6Fkgg": {
          "key": "_fhNbQYjFEDmiiaugw6Fkgg",
          "name": "Description",
          "type": null,
          "probability": 1,
          "modifiers": [],
          "to_variable": {
            "key": "_DLb4gYjFEDmiiaugw6Fkgg",
            "name": "Description",
            "type": null,
            "modifiers": [],
            "position": {}
          },
          "position": {}
        }
      }
    }
  }
}