{
  "report_version": "unknown",
  "report_timestamp": "2025-03-26T22:18:03.711Z",
  "target_language": "java",
  "report_summary": {
    "additional": null,
    "amount_classes_or_interfaces_with_data_clumps": 4,
    "amount_files_with_data_clumps": 4,
    "amount_methods_with_data_clumps": 0,
    "fields_to_fields_data_clump": 12,
    "parameters_to_fields_data_clump": 0,
    "parameters_to_parameters_data_clump": 0,
    "amount_data_clumps": 12
  },
  "project_info": {
    "project_url": "unknown_project_url",
    "project_name": "_8yOVkF-HEem06oeTSa8wYA",
    "project_version": "unknown_project_version",
    "project_commit_hash": "unknown",
    "project_tag": null,
    "project_commit_date": null,
    "additional": {},
    "number_of_files": 5,
    "number_of_classes_or_interfaces": 5,
    "number_of_methods": 3,
    "number_of_data_fields": 25,
    "number_of_method_parameters": 0
  },
  "detector": {
    "name": "data-clumps-doctor",
    "url": "https://github.com/NilsBaumgartner1994/data-clumps-doctor",
    "version": "0.1.100",
    "options": {
      "typeVariablesConsidered": false,
      "similarityModifierOfVariablesWithUnknownType": 0,
      "fieldsOfClassesWithUnknownHierarchyProbabilityModifier": 0,
      "sharedFieldsToFieldsAmountMinimum": 3,
      "analyseFieldsInClassesOrInterfacesInheritedFromSuperClassesOrInterfaces": false,
      "sharedParametersToParametersAmountMinimum": 3,
      "sharedParametersToFieldsAmountMinimum": 3,
      "methodsOfClassesOrInterfacesWithUnknownHierarchyProbabilityModifier": 0
    }
  },
  "data_clumps": {
    "fields_to_fields_data_clump-./ClasseCouche-_mv8d8EG2EDe7kfh8i0pi9Q-_9UQYYEG2EDe7kfh8i0pi9Q-nomdescfonction": {
      "type": "data_clump",
      "key": "fields_to_fields_data_clump-./ClasseCouche-_mv8d8EG2EDe7kfh8i0pi9Q-_9UQYYEG2EDe7kfh8i0pi9Q-nomdescfonction",
      "probability": 1,
      "from_file_path": "./ClasseCouche",
      "from_class_or_interface_name": "ClasseCouche",
      "from_class_or_interface_key": "_mv8d8EG2EDe7kfh8i0pi9Q",
      "from_method_name": null,
      "from_method_key": null,
      "to_file_path": "./ClasseProtocole",
      "to_class_or_interface_key": "_9UQYYEG2EDe7kfh8i0pi9Q",
      "to_class_or_interface_name": "ClasseCouche",
      "to_method_key": null,
      "to_method_name": null,
      "data_clump_type": "fields_to_fields_data_clump",
      "data_clump_data": {
        "_t0vWYEG2EDe7kfh8i0pi9Q": {
          "key": "_t0vWYEG2EDe7kfh8i0pi9Q",
          "name": "nom",
          "type": null,
          "probability": 1,
          "modifiers": [
            "public"
          ],
          "to_variable": {
            "key": "_IyD4cEG3EDe7kfh8i0pi9Q",
            "name": "nom",
            "type": null,
            "modifiers": [
              "public"
            ],
            "position": {}
          },
          "position": {}
        },
        "_t0vWYUG2EDe7kfh8i0pi9Q": {
          "key": "_t0vWYUG2EDe7kfh8i0pi9Q",
          "name": "desc",
          "type": null,
          "probability": 1,
          "modifiers": [
            "public"
          ],
          "to_variable": {
            "key": "_IyD4ckG3EDe7kfh8i0pi9Q",
            "name": "desc",
            "type": null,
            "modifiers": [
              "public"
            ],
            "position": {}
          },
          "position": {}
        },
        "_t0vWYkG2EDe7kfh8i0pi9Q": {
          "key": "_t0vWYkG2EDe7kfh8i0pi9Q",
          "name": "fonction",
          "type": null,
          "probability": 1,
          "modifiers": [
            "public"
          ],
          "to_variable": {
            "key": "_IyD4cUG3EDe7kfh8i0pi9Q",
            "name": "fonction",
            "type": null,
            "modifiers": [
              "public"
            ],
            "position": {}
          },
          "position": {}
        }
      }
    },
    "fields_to_fields_data_clump-./ClasseCouche-_mv8d8EG2EDe7kfh8i0pi9Q-_C8yjoEG2EDe7kfh8i0pi9Q-NumeronomdescfonctionlogicielOuEquipmProtocole": {
      "type": "data_clump",
      "key": "fields_to_fields_data_clump-./ClasseCouche-_mv8d8EG2EDe7kfh8i0pi9Q-_C8yjoEG2EDe7kfh8i0pi9Q-NumeronomdescfonctionlogicielOuEquipmProtocole",
      "probability": 1,
      "from_file_path": "./ClasseCouche",
      "from_class_or_interface_name": "ClasseCouche",
      "from_class_or_interface_key": "_mv8d8EG2EDe7kfh8i0pi9Q",
      "from_method_name": null,
      "from_method_key": null,
      "to_file_path": "./ModuleAbstractCouche",
      "to_class_or_interface_key": "_C8yjoEG2EDe7kfh8i0pi9Q",
      "to_class_or_interface_name": "ClasseCouche",
      "to_method_key": null,
      "to_method_name": null,
      "data_clump_type": "fields_to_fields_data_clump",
      "data_clump_data": {
        "_t0uvUEG2EDe7kfh8i0pi9Q": {
          "key": "_t0uvUEG2EDe7kfh8i0pi9Q",
          "name": "Numero",
          "type": null,
          "probability": 1,
          "modifiers": [
            "public"
          ],
          "to_variable": {
            "key": "_KN6n4EG2EDe7kfh8i0pi9Q",
            "name": "Numero",
            "type": null,
            "modifiers": [
              "public"
            ],
            "position": {}
          },
          "position": {}
        },
        "_t0vWYEG2EDe7kfh8i0pi9Q": {
          "key": "_t0vWYEG2EDe7kfh8i0pi9Q",
          "name": "nom",
          "type": null,
          "probability": 1,
          "modifiers": [
            "public"
          ],
          "to_variable": {
            "key": "_MW_NMEG2EDe7kfh8i0pi9Q",
            "name": "nom",
            "type": null,
            "modifiers": [
              "public"
            ],
            "position": {}
          },
          "position": {}
        },
        "_t0vWYUG2EDe7kfh8i0pi9Q": {
          "key": "_t0vWYUG2EDe7kfh8i0pi9Q",
          "name": "desc",
          "type": null,
          "probability": 1,
          "modifiers": [
            "public"
          ],
          "to_variable": {
            "key": "_MfIckEG2EDe7kfh8i0pi9Q",
            "name": "desc",
            "type": null,
            "modifiers": [
              "public"
            ],
            "position": {}
          },
          "position": {}
        },
        "_t0vWYkG2EDe7kfh8i0pi9Q": {
          "key": "_t0vWYkG2EDe7kfh8i0pi9Q",
          "name": "fonction",
          "type": null,
          "probability": 1,
          "modifiers": [
            "public"
          ],
          "to_variable": {
            "key": "_Mj618EG2EDe7kfh8i0pi9Q",
            "name": "fonction",
            "type": null,
            "modifiers": [
              "public"
            ],
            "position": {}
          },
          "position": {}
        },
        "_t0vWY0G2EDe7kfh8i0pi9Q": {
          "key": "_t0vWY0G2EDe7kfh8i0pi9Q",
          "name": "logicielOuEquipm",
          "type": null,
          "probability": 1,
          "modifiers": [
            "public"
          ],
          "to_variable": {
            "key": "_Mw6JEEG2EDe7kfh8i0pi9Q",
            "name": "logicielOuEquipm",
            "type": null,
            "modifiers": [
              "public"
            ],
            "position": {}
          },
          "position": {}
        },
        "_t0vWZEG2EDe7kfh8i0pi9Q": {
          "key": "_t0vWZEG2EDe7kfh8i0pi9Q",
          "name": "Protocole",
          "type": null,
          "probability": 1,
          "modifiers": [
            "public"
          ],
          "to_variable": {
            "key": "_QnTy4EG2EDe7kfh8i0pi9Q",
            "name": "Protocole",
            "type": null,
            "modifiers": [
              "public"
            ],
            "position": {}
          },
          "position": {}
        }
      }
    },
    "fields_to_fields_data_clump-./ClasseCouche-_mv8d8EG2EDe7kfh8i0pi9Q-_RuAVMEG2EDe7kfh8i0pi9Q-nomdescfonction": {
      "type": "data_clump",
      "key": "fields_to_fields_data_clump-./ClasseCouche-_mv8d8EG2EDe7kfh8i0pi9Q-_RuAVMEG2EDe7kfh8i0pi9Q-nomdescfonction",
      "probability": 1,
      "from_file_path": "./ClasseCouche",
      "from_class_or_interface_name": "ClasseCouche",
      "from_class_or_interface_key": "_mv8d8EG2EDe7kfh8i0pi9Q",
      "from_method_name": null,
      "from_method_key": null,
      "to_file_path": "./ModuleAbstractProtocole",
      "to_class_or_interface_key": "_RuAVMEG2EDe7kfh8i0pi9Q",
      "to_class_or_interface_name": "ClasseCouche",
      "to_method_key": null,
      "to_method_name": null,
      "data_clump_type": "fields_to_fields_data_clump",
      "data_clump_data": {
        "_t0vWYEG2EDe7kfh8i0pi9Q": {
          "key": "_t0vWYEG2EDe7kfh8i0pi9Q",
          "name": "nom",
          "type": null,
          "probability": 1,
          "modifiers": [
            "public"
          ],
          "to_variable": {
            "key": "_RuAVMUG2EDe7kfh8i0pi9Q",
            "name": "nom",
            "type": null,
            "modifiers": [
              "public"
            ],
            "position": {}
          },
          "position": {}
        },
        "_t0vWYUG2EDe7kfh8i0pi9Q": {
          "key": "_t0vWYUG2EDe7kfh8i0pi9Q",
          "name": "desc",
          "type": null,
          "probability": 1,
          "modifiers": [
            "public"
          ],
          "to_variable": {
            "key": "_RuAVM0G2EDe7kfh8i0pi9Q",
            "name": "desc",
            "type": null,
            "modifiers": [
              "public"
            ],
            "position": {}
          },
          "position": {}
        },
        "_t0vWYkG2EDe7kfh8i0pi9Q": {
          "key": "_t0vWYkG2EDe7kfh8i0pi9Q",
          "name": "fonction",
          "type": null,
          "probability": 1,
          "modifiers": [
            "public"
          ],
          "to_variable": {
            "key": "_RuAVMkG2EDe7kfh8i0pi9Q",
            "name": "fonction",
            "type": null,
            "modifiers": [
              "public"
            ],
            "position": {}
          },
          "position": {}
        }
      }
    },
    "fields_to_fields_data_clump-./ClasseProtocole-_9UQYYEG2EDe7kfh8i0pi9Q-_mv8d8EG2EDe7kfh8i0pi9Q-nomfonctiondesc": {
      "type": "data_clump",
      "key": "fields_to_fields_data_clump-./ClasseProtocole-_9UQYYEG2EDe7kfh8i0pi9Q-_mv8d8EG2EDe7kfh8i0pi9Q-nomfonctiondesc",
      "probability": 1,
      "from_file_path": "./ClasseProtocole",
      "from_class_or_interface_name": "ClasseProtocole",
      "from_class_or_interface_key": "_9UQYYEG2EDe7kfh8i0pi9Q",
      "from_method_name": null,
      "from_method_key": null,
      "to_file_path": "./ClasseCouche",
      "to_class_or_interface_key": "_mv8d8EG2EDe7kfh8i0pi9Q",
      "to_class_or_interface_name": "ClasseProtocole",
      "to_method_key": null,
      "to_method_name": null,
      "data_clump_type": "fields_to_fields_data_clump",
      "data_clump_data": {
        "_IyD4cEG3EDe7kfh8i0pi9Q": {
          "key": "_IyD4cEG3EDe7kfh8i0pi9Q",
          "name": "nom",
          "type": null,
          "probability": 1,
          "modifiers": [
            "public"
          ],
          "to_variable": {
            "key": "_t0vWYEG2EDe7kfh8i0pi9Q",
            "name": "nom",
            "type": null,
            "modifiers": [
              "public"
            ],
            "position": {}
          },
          "position": {}
        },
        "_IyD4cUG3EDe7kfh8i0pi9Q": {
          "key": "_IyD4cUG3EDe7kfh8i0pi9Q",
          "name": "fonction",
          "type": null,
          "probability": 1,
          "modifiers": [
            "public"
          ],
          "to_variable": {
            "key": "_t0vWYkG2EDe7kfh8i0pi9Q",
            "name": "fonction",
            "type": null,
            "modifiers": [
              "public"
            ],
            "position": {}
          },
          "position": {}
        },
        "_IyD4ckG3EDe7kfh8i0pi9Q": {
          "key": "_IyD4ckG3EDe7kfh8i0pi9Q",
          "name": "desc",
          "type": null,
          "probability": 1,
          "modifiers": [
            "public"
          ],
          "to_variable": {
            "key": "_t0vWYUG2EDe7kfh8i0pi9Q",
            "name": "desc",
            "type": null,
            "modifiers": [
              "public"
            ],
            "position": {}
          },
          "position": {}
        }
      }
    },
    "fields_to_fields_data_clump-./ClasseProtocole-_9UQYYEG2EDe7kfh8i0pi9Q-_C8yjoEG2EDe7kfh8i0pi9Q-nomfonctiondesc": {
      "type": "data_clump",
      "key": "fields_to_fields_data_clump-./ClasseProtocole-_9UQYYEG2EDe7kfh8i0pi9Q-_C8yjoEG2EDe7kfh8i0pi9Q-nomfonctiondesc",
      "probability": 1,
      "from_file_path": "./ClasseProtocole",
      "from_class_or_interface_name": "ClasseProtocole",
      "from_class_or_interface_key": "_9UQYYEG2EDe7kfh8i0pi9Q",
      "from_method_name": null,
      "from_method_key": null,
      "to_file_path": "./ModuleAbstractCouche",
      "to_class_or_interface_key": "_C8yjoEG2EDe7kfh8i0pi9Q",
      "to_class_or_interface_name": "ClasseProtocole",
      "to_method_key": null,
      "to_method_name": null,
      "data_clump_type": "fields_to_fields_data_clump",
      "data_clump_data": {
        "_IyD4cEG3EDe7kfh8i0pi9Q": {
          "key": "_IyD4cEG3EDe7kfh8i0pi9Q",
          "name": "nom",
          "type": null,
          "probability": 1,
          "modifiers": [
            "public"
          ],
          "to_variable": {
            "key": "_MW_NMEG2EDe7kfh8i0pi9Q",
            "name": "nom",
            "type": null,
            "modifiers": [
              "public"
            ],
            "position": {}
          },
          "position": {}
        },
        "_IyD4cUG3EDe7kfh8i0pi9Q": {
          "key": "_IyD4cUG3EDe7kfh8i0pi9Q",
          "name": "fonction",
          "type": null,
          "probability": 1,
          "modifiers": [
            "public"
          ],
          "to_variable": {
            "key": "_Mj618EG2EDe7kfh8i0pi9Q",
            "name": "fonction",
            "type": null,
            "modifiers": [
              "public"
            ],
            "position": {}
          },
          "position": {}
        },
        "_IyD4ckG3EDe7kfh8i0pi9Q": {
          "key": "_IyD4ckG3EDe7kfh8i0pi9Q",
          "name": "desc",
          "type": null,
          "probability": 1,
          "modifiers": [
            "public"
          ],
          "to_variable": {
            "key": "_MfIckEG2EDe7kfh8i0pi9Q",
            "name": "desc",
            "type": null,
            "modifiers": [
              "public"
            ],
            "position": {}
          },
          "position": {}
        }
      }
    },
    "fields_to_fields_data_clump-./ClasseProtocole-_9UQYYEG2EDe7kfh8i0pi9Q-_RuAVMEG2EDe7kfh8i0pi9Q-nomfonctiondescentete": {
      "type": "data_clump",
      "key": "fields_to_fields_data_clump-./ClasseProtocole-_9UQYYEG2EDe7kfh8i0pi9Q-_RuAVMEG2EDe7kfh8i0pi9Q-nomfonctiondescentete",
      "probability": 1,
      "from_file_path": "./ClasseProtocole",
      "from_class_or_interface_name": "ClasseProtocole",
      "from_class_or_interface_key": "_9UQYYEG2EDe7kfh8i0pi9Q",
      "from_method_name": null,
      "from_method_key": null,
      "to_file_path": "./ModuleAbstractProtocole",
      "to_class_or_interface_key": "_RuAVMEG2EDe7kfh8i0pi9Q",
      "to_class_or_interface_name": "ClasseProtocole",
      "to_method_key": null,
      "to_method_name": null,
      "data_clump_type": "fields_to_fields_data_clump",
      "data_clump_data": {
        "_IyD4cEG3EDe7kfh8i0pi9Q": {
          "key": "_IyD4cEG3EDe7kfh8i0pi9Q",
          "name": "nom",
          "type": null,
          "probability": 1,
          "modifiers": [
            "public"
          ],
          "to_variable": {
            "key": "_RuAVMUG2EDe7kfh8i0pi9Q",
            "name": "nom",
            "type": null,
            "modifiers": [
              "public"
            ],
            "position": {}
          },
          "position": {}
        },
        "_IyD4cUG3EDe7kfh8i0pi9Q": {
          "key": "_IyD4cUG3EDe7kfh8i0pi9Q",
          "name": "fonction",
          "type": null,
          "probability": 1,
          "modifiers": [
            "public"
          ],
          "to_variable": {
            "key": "_RuAVMkG2EDe7kfh8i0pi9Q",
            "name": "fonction",
            "type": null,
            "modifiers": [
              "public"
            ],
            "position": {}
          },
          "position": {}
        },
        "_IyD4ckG3EDe7kfh8i0pi9Q": {
          "key": "_IyD4ckG3EDe7kfh8i0pi9Q",
          "name": "desc",
          "type": null,
          "probability": 1,
          "modifiers": [
            "public"
          ],
          "to_variable": {
            "key": "_RuAVM0G2EDe7kfh8i0pi9Q",
            "name": "desc",
            "type": null,
            "modifiers": [
              "public"
            ],
            "position": {}
          },
          "position": {}
        },
        "_IyEfgEG3EDe7kfh8i0pi9Q": {
          "key": "_IyEfgEG3EDe7kfh8i0pi9Q",
          "name": "entete",
          "type": null,
          "probability": 1,
          "modifiers": [
            "public"
          ],
          "to_variable": {
            "key": "_RuAVNEG2EDe7kfh8i0pi9Q",
            "name": "entete",
            "type": null,
            "modifiers": [
              "public"
            ],
            "position": {}
          },
          "position": {}
        }
      }
    },
    "fields_to_fields_data_clump-./ModuleAbstractCouche-_C8yjoEG2EDe7kfh8i0pi9Q-_mv8d8EG2EDe7kfh8i0pi9Q-NumeronomdescfonctionlogicielOuEquipmProtocole": {
      "type": "data_clump",
      "key": "fields_to_fields_data_clump-./ModuleAbstractCouche-_C8yjoEG2EDe7kfh8i0pi9Q-_mv8d8EG2EDe7kfh8i0pi9Q-NumeronomdescfonctionlogicielOuEquipmProtocole",
      "probability": 1,
      "from_file_path": "./ModuleAbstractCouche",
      "from_class_or_interface_name": "ModuleAbstractCouche",
      "from_class_or_interface_key": "_C8yjoEG2EDe7kfh8i0pi9Q",
      "from_method_name": null,
      "from_method_key": null,
      "to_file_path": "./ClasseCouche",
      "to_class_or_interface_key": "_mv8d8EG2EDe7kfh8i0pi9Q",
      "to_class_or_interface_name": "ModuleAbstractCouche",
      "to_method_key": null,
      "to_method_name": null,
      "data_clump_type": "fields_to_fields_data_clump",
      "data_clump_data": {
        "_KN6n4EG2EDe7kfh8i0pi9Q": {
          "key": "_KN6n4EG2EDe7kfh8i0pi9Q",
          "name": "Numero",
          "type": null,
          "probability": 1,
          "modifiers": [
            "public"
          ],
          "to_variable": {
            "key": "_t0uvUEG2EDe7kfh8i0pi9Q",
            "name": "Numero",
            "type": null,
            "modifiers": [
              "public"
            ],
            "position": {}
          },
          "position": {}
        },
        "_MW_NMEG2EDe7kfh8i0pi9Q": {
          "key": "_MW_NMEG2EDe7kfh8i0pi9Q",
          "name": "nom",
          "type": null,
          "probability": 1,
          "modifiers": [
            "public"
          ],
          "to_variable": {
            "key": "_t0vWYEG2EDe7kfh8i0pi9Q",
            "name": "nom",
            "type": null,
            "modifiers": [
              "public"
            ],
            "position": {}
          },
          "position": {}
        },
        "_MfIckEG2EDe7kfh8i0pi9Q": {
          "key": "_MfIckEG2EDe7kfh8i0pi9Q",
          "name": "desc",
          "type": null,
          "probability": 1,
          "modifiers": [
            "public"
          ],
          "to_variable": {
            "key": "_t0vWYUG2EDe7kfh8i0pi9Q",
            "name": "desc",
            "type": null,
            "modifiers": [
              "public"
            ],
            "position": {}
          },
          "position": {}
        },
        "_Mj618EG2EDe7kfh8i0pi9Q": {
          "key": "_Mj618EG2EDe7kfh8i0pi9Q",
          "name": "fonction",
          "type": null,
          "probability": 1,
          "modifiers": [
            "public"
          ],
          "to_variable": {
            "key": "_t0vWYkG2EDe7kfh8i0pi9Q",
            "name": "fonction",
            "type": null,
            "modifiers": [
              "public"
            ],
            "position": {}
          },
          "position": {}
        },
        "_Mw6JEEG2EDe7kfh8i0pi9Q": {
          "key": "_Mw6JEEG2EDe7kfh8i0pi9Q",
          "name": "logicielOuEquipm",
          "type": null,
          "probability": 1,
          "modifiers": [
            "public"
          ],
          "to_variable": {
            "key": "_t0vWY0G2EDe7kfh8i0pi9Q",
            "name": "logicielOuEquipm",
            "type": null,
            "modifiers": [
              "public"
            ],
            "position": {}
          },
          "position": {}
        },
        "_QnTy4EG2EDe7kfh8i0pi9Q": {
          "key": "_QnTy4EG2EDe7kfh8i0pi9Q",
          "name": "Protocole",
          "type": null,
          "probability": 1,
          "modifiers": [
            "public"
          ],
          "to_variable": {
            "key": "_t0vWZEG2EDe7kfh8i0pi9Q",
            "name": "Protocole",
            "type": null,
            "modifiers": [
              "public"
            ],
            "position": {}
          },
          "position": {}
        }
      }
    },
    "fields_to_fields_data_clump-./ModuleAbstractCouche-_C8yjoEG2EDe7kfh8i0pi9Q-_9UQYYEG2EDe7kfh8i0pi9Q-nomdescfonction": {
      "type": "data_clump",
      "key": "fields_to_fields_data_clump-./ModuleAbstractCouche-_C8yjoEG2EDe7kfh8i0pi9Q-_9UQYYEG2EDe7kfh8i0pi9Q-nomdescfonction",
      "probability": 1,
      "from_file_path": "./ModuleAbstractCouche",
      "from_class_or_interface_name": "ModuleAbstractCouche",
      "from_class_or_interface_key": "_C8yjoEG2EDe7kfh8i0pi9Q",
      "from_method_name": null,
      "from_method_key": null,
      "to_file_path": "./ClasseProtocole",
      "to_class_or_interface_key": "_9UQYYEG2EDe7kfh8i0pi9Q",
      "to_class_or_interface_name": "ModuleAbstractCouche",
      "to_method_key": null,
      "to_method_name": null,
      "data_clump_type": "fields_to_fields_data_clump",
      "data_clump_data": {
        "_MW_NMEG2EDe7kfh8i0pi9Q": {
          "key": "_MW_NMEG2EDe7kfh8i0pi9Q",
          "name": "nom",
          "type": null,
          "probability": 1,
          "modifiers": [
            "public"
          ],
          "to_variable": {
            "key": "_IyD4cEG3EDe7kfh8i0pi9Q",
            "name": "nom",
            "type": null,
            "modifiers": [
              "public"
            ],
            "position": {}
          },
          "position": {}
        },
        "_MfIckEG2EDe7kfh8i0pi9Q": {
          "key": "_MfIckEG2EDe7kfh8i0pi9Q",
          "name": "desc",
          "type": null,
          "probability": 1,
          "modifiers": [
            "public"
          ],
          "to_variable": {
            "key": "_IyD4ckG3EDe7kfh8i0pi9Q",
            "name": "desc",
            "type": null,
            "modifiers": [
              "public"
            ],
            "position": {}
          },
          "position": {}
        },
        "_Mj618EG2EDe7kfh8i0pi9Q": {
          "key": "_Mj618EG2EDe7kfh8i0pi9Q",
          "name": "fonction",
          "type": null,
          "probability": 1,
          "modifiers": [
            "public"
          ],
          "to_variable": {
            "key": "_IyD4cUG3EDe7kfh8i0pi9Q",
            "name": "fonction",
            "type": null,
            "modifiers": [
              "public"
            ],
            "position": {}
          },
          "position": {}
        }
      }
    },
    "fields_to_fields_data_clump-./ModuleAbstractCouche-_C8yjoEG2EDe7kfh8i0pi9Q-_RuAVMEG2EDe7kfh8i0pi9Q-nomdescfonction": {
      "type": "data_clump",
      "key": "fields_to_fields_data_clump-./ModuleAbstractCouche-_C8yjoEG2EDe7kfh8i0pi9Q-_RuAVMEG2EDe7kfh8i0pi9Q-nomdescfonction",
      "probability": 1,
      "from_file_path": "./ModuleAbstractCouche",
      "from_class_or_interface_name": "ModuleAbstractCouche",
      "from_class_or_interface_key": "_C8yjoEG2EDe7kfh8i0pi9Q",
      "from_method_name": null,
      "from_method_key": null,
      "to_file_path": "./ModuleAbstractProtocole",
      "to_class_or_interface_key": "_RuAVMEG2EDe7kfh8i0pi9Q",
      "to_class_or_interface_name": "ModuleAbstractCouche",
      "to_method_key": null,
      "to_method_name": null,
      "data_clump_type": "fields_to_fields_data_clump",
      "data_clump_data": {
        "_MW_NMEG2EDe7kfh8i0pi9Q": {
          "key": "_MW_NMEG2EDe7kfh8i0pi9Q",
          "name": "nom",
          "type": null,
          "probability": 1,
          "modifiers": [
            "public"
          ],
          "to_variable": {
            "key": "_RuAVMUG2EDe7kfh8i0pi9Q",
            "name": "nom",
            "type": null,
            "modifiers": [
              "public"
            ],
            "position": {}
          },
          "position": {}
        },
        "_MfIckEG2EDe7kfh8i0pi9Q": {
          "key": "_MfIckEG2EDe7kfh8i0pi9Q",
          "name": "desc",
          "type": null,
          "probability": 1,
          "modifiers": [
            "public"
          ],
          "to_variable": {
            "key": "_RuAVM0G2EDe7kfh8i0pi9Q",
            "name": "desc",
            "type": null,
            "modifiers": [
              "public"
            ],
            "position": {}
          },
          "position": {}
        },
        "_Mj618EG2EDe7kfh8i0pi9Q": {
          "key": "_Mj618EG2EDe7kfh8i0pi9Q",
          "name": "fonction",
          "type": null,
          "probability": 1,
          "modifiers": [
            "public"
          ],
          "to_variable": {
            "key": "_RuAVMkG2EDe7kfh8i0pi9Q",
            "name": "fonction",
            "type": null,
            "modifiers": [
              "public"
            ],
            "position": {}
          },
          "position": {}
        }
      }
    },
    "fields_to_fields_data_clump-./ModuleAbstractProtocole-_RuAVMEG2EDe7kfh8i0pi9Q-_mv8d8EG2EDe7kfh8i0pi9Q-nomfonctiondesc": {
      "type": "data_clump",
      "key": "fields_to_fields_data_clump-./ModuleAbstractProtocole-_RuAVMEG2EDe7kfh8i0pi9Q-_mv8d8EG2EDe7kfh8i0pi9Q-nomfonctiondesc",
      "probability": 1,
      "from_file_path": "./ModuleAbstractProtocole",
      "from_class_or_interface_name": "ModuleAbstractProtocole",
      "from_class_or_interface_key": "_RuAVMEG2EDe7kfh8i0pi9Q",
      "from_method_name": null,
      "from_method_key": null,
      "to_file_path": "./ClasseCouche",
      "to_class_or_interface_key": "_mv8d8EG2EDe7kfh8i0pi9Q",
      "to_class_or_interface_name": "ModuleAbstractProtocole",
      "to_method_key": null,
      "to_method_name": null,
      "data_clump_type": "fields_to_fields_data_clump",
      "data_clump_data": {
        "_RuAVMUG2EDe7kfh8i0pi9Q": {
          "key": "_RuAVMUG2EDe7kfh8i0pi9Q",
          "name": "nom",
          "type": null,
          "probability": 1,
          "modifiers": [
            "public"
          ],
          "to_variable": {
            "key": "_t0vWYEG2EDe7kfh8i0pi9Q",
            "name": "nom",
            "type": null,
            "modifiers": [
              "public"
            ],
            "position": {}
          },
          "position": {}
        },
        "_RuAVMkG2EDe7kfh8i0pi9Q": {
          "key": "_RuAVMkG2EDe7kfh8i0pi9Q",
          "name": "fonction",
          "type": null,
          "probability": 1,
          "modifiers": [
            "public"
          ],
          "to_variable": {
            "key": "_t0vWYkG2EDe7kfh8i0pi9Q",
            "name": "fonction",
            "type": null,
            "modifiers": [
              "public"
            ],
            "position": {}
          },
          "position": {}
        },
        "_RuAVM0G2EDe7kfh8i0pi9Q": {
          "key": "_RuAVM0G2EDe7kfh8i0pi9Q",
          "name": "desc",
          "type": null,
          "probability": 1,
          "modifiers": [
            "public"
          ],
          "to_variable": {
            "key": "_t0vWYUG2EDe7kfh8i0pi9Q",
            "name": "desc",
            "type": null,
            "modifiers": [
              "public"
            ],
            "position": {}
          },
          "position": {}
        }
      }
    },
    "fields_to_fields_data_clump-./ModuleAbstractProtocole-_RuAVMEG2EDe7kfh8i0pi9Q-_9UQYYEG2EDe7kfh8i0pi9Q-nomfonctiondescentete": {
      "type": "data_clump",
      "key": "fields_to_fields_data_clump-./ModuleAbstractProtocole-_RuAVMEG2EDe7kfh8i0pi9Q-_9UQYYEG2EDe7kfh8i0pi9Q-nomfonctiondescentete",
      "probability": 1,
      "from_file_path": "./ModuleAbstractProtocole",
      "from_class_or_interface_name": "ModuleAbstractProtocole",
      "from_class_or_interface_key": "_RuAVMEG2EDe7kfh8i0pi9Q",
      "from_method_name": null,
      "from_method_key": null,
      "to_file_path": "./ClasseProtocole",
      "to_class_or_interface_key": "_9UQYYEG2EDe7kfh8i0pi9Q",
      "to_class_or_interface_name": "ModuleAbstractProtocole",
      "to_method_key": null,
      "to_method_name": null,
      "data_clump_type": "fields_to_fields_data_clump",
      "data_clump_data": {
        "_RuAVMUG2EDe7kfh8i0pi9Q": {
          "key": "_RuAVMUG2EDe7kfh8i0pi9Q",
          "name": "nom",
          "type": null,
          "probability": 1,
          "modifiers": [
            "public"
          ],
          "to_variable": {
            "key": "_IyD4cEG3EDe7kfh8i0pi9Q",
            "name": "nom",
            "type": null,
            "modifiers": [
              "public"
            ],
            "position": {}
          },
          "position": {}
        },
        "_RuAVMkG2EDe7kfh8i0pi9Q": {
          "key": "_RuAVMkG2EDe7kfh8i0pi9Q",
          "name": "fonction",
          "type": null,
          "probability": 1,
          "modifiers": [
            "public"
          ],
          "to_variable": {
            "key": "_IyD4cUG3EDe7kfh8i0pi9Q",
            "name": "fonction",
            "type": null,
            "modifiers": [
              "public"
            ],
            "position": {}
          },
          "position": {}
        },
        "_RuAVM0G2EDe7kfh8i0pi9Q": {
          "key": "_RuAVM0G2EDe7kfh8i0pi9Q",
          "name": "desc",
          "type": null,
          "probability": 1,
          "modifiers": [
            "public"
          ],
          "to_variable": {
            "key": "_IyD4ckG3EDe7kfh8i0pi9Q",
            "name": "desc",
            "type": null,
            "modifiers": [
              "public"
            ],
            "position": {}
          },
          "position": {}
        },
        "_RuAVNEG2EDe7kfh8i0pi9Q": {
          "key": "_RuAVNEG2EDe7kfh8i0pi9Q",
          "name": "entete",
          "type": null,
          "probability": 1,
          "modifiers": [
            "public"
          ],
          "to_variable": {
            "key": "_IyEfgEG3EDe7kfh8i0pi9Q",
            "name": "entete",
            "type": null,
            "modifiers": [
              "public"
            ],
            "position": {}
          },
          "position": {}
        }
      }
    },
    "fields_to_fields_data_clump-./ModuleAbstractProtocole-_RuAVMEG2EDe7kfh8i0pi9Q-_C8yjoEG2EDe7kfh8i0pi9Q-nomfonctiondesc": {
      "type": "data_clump",
      "key": "fields_to_fields_data_clump-./ModuleAbstractProtocole-_RuAVMEG2EDe7kfh8i0pi9Q-_C8yjoEG2EDe7kfh8i0pi9Q-nomfonctiondesc",
      "probability": 1,
      "from_file_path": "./ModuleAbstractProtocole",
      "from_class_or_interface_name": "ModuleAbstractProtocole",
      "from_class_or_interface_key": "_RuAVMEG2EDe7kfh8i0pi9Q",
      "from_method_name": null,
      "from_method_key": null,
      "to_file_path": "./ModuleAbstractCouche",
      "to_class_or_interface_key": "_C8yjoEG2EDe7kfh8i0pi9Q",
      "to_class_or_interface_name": "ModuleAbstractProtocole",
      "to_method_key": null,
      "to_method_name": null,
      "data_clump_type": "fields_to_fields_data_clump",
      "data_clump_data": {
        "_RuAVMUG2EDe7kfh8i0pi9Q": {
          "key": "_RuAVMUG2EDe7kfh8i0pi9Q",
          "name": "nom",
          "type": null,
          "probability": 1,
          "modifiers": [
            "public"
          ],
          "to_variable": {
            "key": "_MW_NMEG2EDe7kfh8i0pi9Q",
            "name": "nom",
            "type": null,
            "modifiers": [
              "public"
            ],
            "position": {}
          },
          "position": {}
        },
        "_RuAVMkG2EDe7kfh8i0pi9Q": {
          "key": "_RuAVMkG2EDe7kfh8i0pi9Q",
          "name": "fonction",
          "type": null,
          "probability": 1,
          "modifiers": [
            "public"
          ],
          "to_variable": {
            "key": "_Mj618EG2EDe7kfh8i0pi9Q",
            "name": "fonction",
            "type": null,
            "modifiers": [
              "public"
            ],
            "position": {}
          },
          "position": {}
        },
        "_RuAVM0G2EDe7kfh8i0pi9Q": {
          "key": "_RuAVM0G2EDe7kfh8i0pi9Q",
          "name": "desc",
          "type": null,
          "probability": 1,
          "modifiers": [
            "public"
          ],
          "to_variable": {
            "key": "_MfIckEG2EDe7kfh8i0pi9Q",
            "name": "desc",
            "type": null,
            "modifiers": [
              "public"
            ],
            "position": {}
          },
          "position": {}
        }
      }
    }
  }
}