{
  "report_version": "unknown",
  "report_timestamp": "2025-03-26T22:21:41.028Z",
  "target_language": "java",
  "report_summary": {
    "additional": null,
    "amount_classes_or_interfaces_with_data_clumps": 3,
    "amount_files_with_data_clumps": 3,
    "amount_methods_with_data_clumps": 0,
    "fields_to_fields_data_clump": 4,
    "parameters_to_fields_data_clump": 0,
    "parameters_to_parameters_data_clump": 0,
    "amount_data_clumps": 4
  },
  "project_info": {
    "project_url": "unknown_project_url",
    "project_name": "_adfKoHLhEDGZRv1Ax7bzSg",
    "project_version": "unknown_project_version",
    "project_commit_hash": "unknown",
    "project_tag": null,
    "project_commit_date": null,
    "additional": {},
    "number_of_files": 9,
    "number_of_classes_or_interfaces": 9,
    "number_of_methods": 7,
    "number_of_data_fields": 32,
    "number_of_method_parameters": 0
  },
  "detector": {
    "name": "data-clumps-doctor",
    "url": "https://github.com/NilsBaumgartner1994/data-clumps-doctor",
    "version": "0.1.100",
    "options": {
      "typeVariablesConsidered": false,
      "similarityModifierOfVariablesWithUnknownType": 0,
      "fieldsOfClassesWithUnknownHierarchyProbabilityModifier": 0,
      "sharedFieldsToFieldsAmountMinimum": 3,
      "analyseFieldsInClassesOrInterfacesInheritedFromSuperClassesOrInterfaces": false,
      "sharedParametersToParametersAmountMinimum": 3,
      "sharedParametersToFieldsAmountMinimum": 3,
      "methodsOfClassesOrInterfacesWithUnknownHierarchyProbabilityModifier": 0
    }
  },
  "data_clumps": {
    "fields_to_fields_data_clump-./criminals-_CrT5cHLiEDGrecx0IQUrCg-_7S7hMHLiEDGrecx0IQUrCg-nameCNICcity": {
      "type": "data_clump",
      "key": "fields_to_fields_data_clump-./criminals-_CrT5cHLiEDGrecx0IQUrCg-_7S7hMHLiEDGrecx0IQUrCg-nameCNICcity",
      "probability": 1,
      "from_file_path": "./criminals",
      "from_class_or_interface_name": "criminals",
      "from_class_or_interface_key": "_CrT5cHLiEDGrecx0IQUrCg",
      "from_method_name": null,
      "from_method_key": null,
      "to_file_path": "./ownerRegisteration",
      "to_class_or_interface_key": "_7S7hMHLiEDGrecx0IQUrCg",
      "to_class_or_interface_name": "criminals",
      "to_method_key": null,
      "to_method_name": null,
      "data_clump_type": "fields_to_fields_data_clump",
      "data_clump_data": {
        "_E2jB8HLiEDGrecx0IQUrCg": {
          "key": "_E2jB8HLiEDGrecx0IQUrCg",
          "name": "name",
          "type": null,
          "probability": 1,
          "modifiers": [],
          "to_variable": {
            "key": "_-76aEHLiEDGrecx0IQUrCg",
            "name": "name",
            "type": null,
            "modifiers": [],
            "position": {}
          },
          "position": {}
        },
        "_HV0gwHLiEDGrecx0IQUrCg": {
          "key": "_HV0gwHLiEDGrecx0IQUrCg",
          "name": "CNIC",
          "type": null,
          "probability": 1,
          "modifiers": [],
          "to_variable": {
            "key": "_EZutoHLjEDGrecx0IQUrCg",
            "name": "CNIC",
            "type": null,
            "modifiers": [],
            "position": {}
          },
          "position": {}
        },
        "_JG8gIHLiEDGrecx0IQUrCg": {
          "key": "_JG8gIHLiEDGrecx0IQUrCg",
          "name": "city",
          "type": null,
          "probability": 1,
          "modifiers": [],
          "to_variable": {
            "key": "_BiKDkHLjEDGrecx0IQUrCg",
            "name": "city",
            "type": null,
            "modifiers": [],
            "position": {}
          },
          "position": {}
        }
      }
    },
    "fields_to_fields_data_clump-./employee-_SwYVAHLhEDGrecx0IQUrCg-_7S7hMHLiEDGrecx0IQUrCg-nameaddresscity": {
      "type": "data_clump",
      "key": "fields_to_fields_data_clump-./employee-_SwYVAHLhEDGrecx0IQUrCg-_7S7hMHLiEDGrecx0IQUrCg-nameaddresscity",
      "probability": 1,
      "from_file_path": "./employee",
      "from_class_or_interface_name": "employee",
      "from_class_or_interface_key": "_SwYVAHLhEDGrecx0IQUrCg",
      "from_method_name": null,
      "from_method_key": null,
      "to_file_path": "./ownerRegisteration",
      "to_class_or_interface_key": "_7S7hMHLiEDGrecx0IQUrCg",
      "to_class_or_interface_name": "employee",
      "to_method_key": null,
      "to_method_name": null,
      "data_clump_type": "fields_to_fields_data_clump",
      "data_clump_data": {
        "_USmVsHLhEDGrecx0IQUrCg": {
          "key": "_USmVsHLhEDGrecx0IQUrCg",
          "name": "name",
          "type": null,
          "probability": 1,
          "modifiers": [],
          "to_variable": {
            "key": "_-76aEHLiEDGrecx0IQUrCg",
            "name": "name",
            "type": null,
            "modifiers": [],
            "position": {}
          },
          "position": {}
        },
        "_eo-ToHLhEDGrecx0IQUrCg": {
          "key": "_eo-ToHLhEDGrecx0IQUrCg",
          "name": "address",
          "type": null,
          "probability": 1,
          "modifiers": [],
          "to_variable": {
            "key": "_AZXPgHLjEDGrecx0IQUrCg",
            "name": "address",
            "type": null,
            "modifiers": [],
            "position": {}
          },
          "position": {}
        },
        "_je79AHLhEDGrecx0IQUrCg": {
          "key": "_je79AHLhEDGrecx0IQUrCg",
          "name": "city",
          "type": null,
          "probability": 1,
          "modifiers": [],
          "to_variable": {
            "key": "_BiKDkHLjEDGrecx0IQUrCg",
            "name": "city",
            "type": null,
            "modifiers": [],
            "position": {}
          },
          "position": {}
        }
      }
    },
    "fields_to_fields_data_clump-./ownerRegisteration-_7S7hMHLiEDGrecx0IQUrCg-_CrT5cHLiEDGrecx0IQUrCg-namecityCNIC": {
      "type": "data_clump",
      "key": "fields_to_fields_data_clump-./ownerRegisteration-_7S7hMHLiEDGrecx0IQUrCg-_CrT5cHLiEDGrecx0IQUrCg-namecityCNIC",
      "probability": 1,
      "from_file_path": "./ownerRegisteration",
      "from_class_or_interface_name": "ownerRegisteration",
      "from_class_or_interface_key": "_7S7hMHLiEDGrecx0IQUrCg",
      "from_method_name": null,
      "from_method_key": null,
      "to_file_path": "./criminals",
      "to_class_or_interface_key": "_CrT5cHLiEDGrecx0IQUrCg",
      "to_class_or_interface_name": "ownerRegisteration",
      "to_method_key": null,
      "to_method_name": null,
      "data_clump_type": "fields_to_fields_data_clump",
      "data_clump_data": {
        "_-76aEHLiEDGrecx0IQUrCg": {
          "key": "_-76aEHLiEDGrecx0IQUrCg",
          "name": "name",
          "type": null,
          "probability": 1,
          "modifiers": [],
          "to_variable": {
            "key": "_E2jB8HLiEDGrecx0IQUrCg",
            "name": "name",
            "type": null,
            "modifiers": [],
            "position": {}
          },
          "position": {}
        },
        "_BiKDkHLjEDGrecx0IQUrCg": {
          "key": "_BiKDkHLjEDGrecx0IQUrCg",
          "name": "city",
          "type": null,
          "probability": 1,
          "modifiers": [],
          "to_variable": {
            "key": "_JG8gIHLiEDGrecx0IQUrCg",
            "name": "city",
            "type": null,
            "modifiers": [],
            "position": {}
          },
          "position": {}
        },
        "_EZutoHLjEDGrecx0IQUrCg": {
          "key": "_EZutoHLjEDGrecx0IQUrCg",
          "name": "CNIC",
          "type": null,
          "probability": 1,
          "modifiers": [],
          "to_variable": {
            "key": "_HV0gwHLiEDGrecx0IQUrCg",
            "name": "CNIC",
            "type": null,
            "modifiers": [],
            "position": {}
          },
          "position": {}
        }
      }
    },
    "fields_to_fields_data_clump-./ownerRegisteration-_7S7hMHLiEDGrecx0IQUrCg-_SwYVAHLhEDGrecx0IQUrCg-nameaddresscity": {
      "type": "data_clump",
      "key": "fields_to_fields_data_clump-./ownerRegisteration-_7S7hMHLiEDGrecx0IQUrCg-_SwYVAHLhEDGrecx0IQUrCg-nameaddresscity",
      "probability": 1,
      "from_file_path": "./ownerRegisteration",
      "from_class_or_interface_name": "ownerRegisteration",
      "from_class_or_interface_key": "_7S7hMHLiEDGrecx0IQUrCg",
      "from_method_name": null,
      "from_method_key": null,
      "to_file_path": "./employee",
      "to_class_or_interface_key": "_SwYVAHLhEDGrecx0IQUrCg",
      "to_class_or_interface_name": "ownerRegisteration",
      "to_method_key": null,
      "to_method_name": null,
      "data_clump_type": "fields_to_fields_data_clump",
      "data_clump_data": {
        "_-76aEHLiEDGrecx0IQUrCg": {
          "key": "_-76aEHLiEDGrecx0IQUrCg",
          "name": "name",
          "type": null,
          "probability": 1,
          "modifiers": [],
          "to_variable": {
            "key": "_USmVsHLhEDGrecx0IQUrCg",
            "name": "name",
            "type": null,
            "modifiers": [],
            "position": {}
          },
          "position": {}
        },
        "_AZXPgHLjEDGrecx0IQUrCg": {
          "key": "_AZXPgHLjEDGrecx0IQUrCg",
          "name": "address",
          "type": null,
          "probability": 1,
          "modifiers": [],
          "to_variable": {
            "key": "_eo-ToHLhEDGrecx0IQUrCg",
            "name": "address",
            "type": null,
            "modifiers": [],
            "position": {}
          },
          "position": {}
        },
        "_BiKDkHLjEDGrecx0IQUrCg": {
          "key": "_BiKDkHLjEDGrecx0IQUrCg",
          "name": "city",
          "type": null,
          "probability": 1,
          "modifiers": [],
          "to_variable": {
            "key": "_je79AHLhEDGrecx0IQUrCg",
            "name": "city",
            "type": null,
            "modifiers": [],
            "position": {}
          },
          "position": {}
        }
      }
    }
  }
}