{
  "report_version": "unknown",
  "report_timestamp": "2025-03-26T23:04:04.776Z",
  "target_language": "java",
  "report_summary": {
    "additional": null,
    "amount_classes_or_interfaces_with_data_clumps": 7,
    "amount_files_with_data_clumps": 7,
    "amount_methods_with_data_clumps": 0,
    "fields_to_fields_data_clump": 8,
    "parameters_to_fields_data_clump": 0,
    "parameters_to_parameters_data_clump": 0,
    "amount_data_clumps": 8
  },
  "project_info": {
    "project_url": "unknown_project_url",
    "project_name": "_VF5nwNrxEe2JhIahQQsnAA",
    "project_version": "unknown_project_version",
    "project_commit_hash": "unknown",
    "project_tag": null,
    "project_commit_date": null,
    "additional": {},
    "number_of_files": 9,
    "number_of_classes_or_interfaces": 9,
    "number_of_methods": 0,
    "number_of_data_fields": 47,
    "number_of_method_parameters": 0
  },
  "detector": {
    "name": "data-clumps-doctor",
    "url": "https://github.com/NilsBaumgartner1994/data-clumps-doctor",
    "version": "0.1.100",
    "options": {
      "typeVariablesConsidered": false,
      "similarityModifierOfVariablesWithUnknownType": 0,
      "fieldsOfClassesWithUnknownHierarchyProbabilityModifier": 0,
      "sharedFieldsToFieldsAmountMinimum": 3,
      "analyseFieldsInClassesOrInterfacesInheritedFromSuperClassesOrInterfaces": false,
      "sharedParametersToParametersAmountMinimum": 3,
      "sharedParametersToFieldsAmountMinimum": 3,
      "methodsOfClassesOrInterfacesWithUnknownHierarchyProbabilityModifier": 0
    }
  },
  "data_clumps": {
    "fields_to_fields_data_clump-./Cart-_M5O_oL0hEDu0kofXHBPgog-_7TvEYL0nEDu0kofXHBPgog-idseller_idtotal_sum": {
      "type": "data_clump",
      "key": "fields_to_fields_data_clump-./Cart-_M5O_oL0hEDu0kofXHBPgog-_7TvEYL0nEDu0kofXHBPgog-idseller_idtotal_sum",
      "probability": 1,
      "from_file_path": "./Cart",
      "from_class_or_interface_name": "Cart",
      "from_class_or_interface_key": "_M5O_oL0hEDu0kofXHBPgog",
      "from_method_name": null,
      "from_method_key": null,
      "to_file_path": "./Payment",
      "to_class_or_interface_key": "_7TvEYL0nEDu0kofXHBPgog",
      "to_class_or_interface_name": "Cart",
      "to_method_key": null,
      "to_method_name": null,
      "data_clump_type": "fields_to_fields_data_clump",
      "data_clump_data": {
        "_OOrIkL0hEDu0kofXHBPgog": {
          "key": "_OOrIkL0hEDu0kofXHBPgog",
          "name": "id",
          "type": null,
          "probability": 1,
          "modifiers": [
            "public"
          ],
          "to_variable": {
            "key": "_8FzagL0nEDu0kofXHBPgog",
            "name": "id",
            "type": null,
            "modifiers": [
              "public"
            ],
            "position": {}
          },
          "position": {}
        },
        "_Uf2ywL0hEDu0kofXHBPgog": {
          "key": "_Uf2ywL0hEDu0kofXHBPgog",
          "name": "seller_id",
          "type": null,
          "probability": 1,
          "modifiers": [
            "public"
          ],
          "to_variable": {
            "key": "_AAtJ0L0oEDu0kofXHBPgog",
            "name": "seller_id",
            "type": null,
            "modifiers": [
              "public"
            ],
            "position": {}
          },
          "position": {}
        },
        "_bBLKsL0hEDu0kofXHBPgog": {
          "key": "_bBLKsL0hEDu0kofXHBPgog",
          "name": "total_sum",
          "type": null,
          "probability": 1,
          "modifiers": [
            "public"
          ],
          "to_variable": {
            "key": "_9rXDEL0nEDu0kofXHBPgog",
            "name": "total_sum",
            "type": null,
            "modifiers": [
              "public"
            ],
            "position": {}
          },
          "position": {}
        }
      }
    },
    "fields_to_fields_data_clump-./Category-_eOge0L0gEDu0kofXHBPgog-_3wEqAL0fEDu0kofXHBPgog-nameiddescriptionimageURL": {
      "type": "data_clump",
      "key": "fields_to_fields_data_clump-./Category-_eOge0L0gEDu0kofXHBPgog-_3wEqAL0fEDu0kofXHBPgog-nameiddescriptionimageURL",
      "probability": 1,
      "from_file_path": "./Category",
      "from_class_or_interface_name": "Category",
      "from_class_or_interface_key": "_eOge0L0gEDu0kofXHBPgog",
      "from_method_name": null,
      "from_method_key": null,
      "to_file_path": "./Product_Details",
      "to_class_or_interface_key": "_3wEqAL0fEDu0kofXHBPgog",
      "to_class_or_interface_name": "Category",
      "to_method_key": null,
      "to_method_name": null,
      "data_clump_type": "fields_to_fields_data_clump",
      "data_clump_data": {
        "_hMZzUL0gEDu0kofXHBPgog": {
          "key": "_hMZzUL0gEDu0kofXHBPgog",
          "name": "name",
          "type": null,
          "probability": 1,
          "modifiers": [
            "public"
          ],
          "to_variable": {
            "key": "_9cFxoL0fEDu0kofXHBPgog",
            "name": "name",
            "type": null,
            "modifiers": [
              "public"
            ],
            "position": {}
          },
          "position": {}
        },
        "_fJqfgL0gEDu0kofXHBPgog": {
          "key": "_fJqfgL0gEDu0kofXHBPgog",
          "name": "id",
          "type": null,
          "probability": 1,
          "modifiers": [
            "public"
          ],
          "to_variable": {
            "key": "_5YhOgL0fEDu0kofXHBPgog",
            "name": "id",
            "type": null,
            "modifiers": [
              "public"
            ],
            "position": {}
          },
          "position": {}
        },
        "_iBrOcL0gEDu0kofXHBPgog": {
          "key": "_iBrOcL0gEDu0kofXHBPgog",
          "name": "description",
          "type": null,
          "probability": 1,
          "modifiers": [
            "public"
          ],
          "to_variable": {
            "key": "_-UBfML0fEDu0kofXHBPgog",
            "name": "description",
            "type": null,
            "modifiers": [
              "public"
            ],
            "position": {}
          },
          "position": {}
        },
        "_i-bKkL0gEDu0kofXHBPgog": {
          "key": "_i-bKkL0gEDu0kofXHBPgog",
          "name": "imageURL",
          "type": null,
          "probability": 1,
          "modifiers": [
            "public"
          ],
          "to_variable": {
            "key": "_AiuLYL0gEDu0kofXHBPgog",
            "name": "imageURL",
            "type": null,
            "modifiers": [
              "public"
            ],
            "position": {}
          },
          "position": {}
        }
      }
    },
    "fields_to_fields_data_clump-./Client-_QXRvoL0oEDu0kofXHBPgog-_SSf_0L0gEDu0kofXHBPgog-idusernameemailpassword": {
      "type": "data_clump",
      "key": "fields_to_fields_data_clump-./Client-_QXRvoL0oEDu0kofXHBPgog-_SSf_0L0gEDu0kofXHBPgog-idusernameemailpassword",
      "probability": 1,
      "from_file_path": "./Client",
      "from_class_or_interface_name": "Client",
      "from_class_or_interface_key": "_QXRvoL0oEDu0kofXHBPgog",
      "from_method_name": null,
      "from_method_key": null,
      "to_file_path": "./Seller",
      "to_class_or_interface_key": "_SSf_0L0gEDu0kofXHBPgog",
      "to_class_or_interface_name": "Client",
      "to_method_key": null,
      "to_method_name": null,
      "data_clump_type": "fields_to_fields_data_clump",
      "data_clump_data": {
        "_RDeuUL0oEDu0kofXHBPgog": {
          "key": "_RDeuUL0oEDu0kofXHBPgog",
          "name": "id",
          "type": null,
          "probability": 1,
          "modifiers": [
            "public"
          ],
          "to_variable": {
            "key": "_UHtN8L0gEDu0kofXHBPgog",
            "name": "id",
            "type": null,
            "modifiers": [
              "public"
            ],
            "position": {}
          },
          "position": {}
        },
        "_R_lKML0oEDu0kofXHBPgog": {
          "key": "_R_lKML0oEDu0kofXHBPgog",
          "name": "username",
          "type": null,
          "probability": 1,
          "modifiers": [
            "public"
          ],
          "to_variable": {
            "key": "_U1FRUL0gEDu0kofXHBPgog",
            "name": "username",
            "type": null,
            "modifiers": [
              "public"
            ],
            "position": {}
          },
          "position": {}
        },
        "_S2bSoL0oEDu0kofXHBPgog": {
          "key": "_S2bSoL0oEDu0kofXHBPgog",
          "name": "email",
          "type": null,
          "probability": 1,
          "modifiers": [
            "public"
          ],
          "to_variable": {
            "key": "_WUz-sL0gEDu0kofXHBPgog",
            "name": "email",
            "type": null,
            "modifiers": [
              "public"
            ],
            "position": {}
          },
          "position": {}
        },
        "_UjVgYL0oEDu0kofXHBPgog": {
          "key": "_UjVgYL0oEDu0kofXHBPgog",
          "name": "password",
          "type": null,
          "probability": 1,
          "modifiers": [
            "public"
          ],
          "to_variable": {
            "key": "_awSrgL0gEDu0kofXHBPgog",
            "name": "password",
            "type": null,
            "modifiers": [
              "public"
            ],
            "position": {}
          },
          "position": {}
        }
      }
    },
    "fields_to_fields_data_clump-./Payment-_7TvEYL0nEDu0kofXHBPgog-_M5O_oL0hEDu0kofXHBPgog-idseller_idtotal_sum": {
      "type": "data_clump",
      "key": "fields_to_fields_data_clump-./Payment-_7TvEYL0nEDu0kofXHBPgog-_M5O_oL0hEDu0kofXHBPgog-idseller_idtotal_sum",
      "probability": 1,
      "from_file_path": "./Payment",
      "from_class_or_interface_name": "Payment",
      "from_class_or_interface_key": "_7TvEYL0nEDu0kofXHBPgog",
      "from_method_name": null,
      "from_method_key": null,
      "to_file_path": "./Cart",
      "to_class_or_interface_key": "_M5O_oL0hEDu0kofXHBPgog",
      "to_class_or_interface_name": "Payment",
      "to_method_key": null,
      "to_method_name": null,
      "data_clump_type": "fields_to_fields_data_clump",
      "data_clump_data": {
        "_8FzagL0nEDu0kofXHBPgog": {
          "key": "_8FzagL0nEDu0kofXHBPgog",
          "name": "id",
          "type": null,
          "probability": 1,
          "modifiers": [
            "public"
          ],
          "to_variable": {
            "key": "_OOrIkL0hEDu0kofXHBPgog",
            "name": "id",
            "type": null,
            "modifiers": [
              "public"
            ],
            "position": {}
          },
          "position": {}
        },
        "_AAtJ0L0oEDu0kofXHBPgog": {
          "key": "_AAtJ0L0oEDu0kofXHBPgog",
          "name": "seller_id",
          "type": null,
          "probability": 1,
          "modifiers": [
            "public"
          ],
          "to_variable": {
            "key": "_Uf2ywL0hEDu0kofXHBPgog",
            "name": "seller_id",
            "type": null,
            "modifiers": [
              "public"
            ],
            "position": {}
          },
          "position": {}
        },
        "_9rXDEL0nEDu0kofXHBPgog": {
          "key": "_9rXDEL0nEDu0kofXHBPgog",
          "name": "total_sum",
          "type": null,
          "probability": 1,
          "modifiers": [
            "public"
          ],
          "to_variable": {
            "key": "_bBLKsL0hEDu0kofXHBPgog",
            "name": "total_sum",
            "type": null,
            "modifiers": [
              "public"
            ],
            "position": {}
          },
          "position": {}
        }
      }
    },
    "fields_to_fields_data_clump-./Product-_m2mygL0fEDu0kofXHBPgog-_3wEqAL0fEDu0kofXHBPgog-idcategory_idname": {
      "type": "data_clump",
      "key": "fields_to_fields_data_clump-./Product-_m2mygL0fEDu0kofXHBPgog-_3wEqAL0fEDu0kofXHBPgog-idcategory_idname",
      "probability": 1,
      "from_file_path": "./Product",
      "from_class_or_interface_name": "Product",
      "from_class_or_interface_key": "_m2mygL0fEDu0kofXHBPgog",
      "from_method_name": null,
      "from_method_key": null,
      "to_file_path": "./Product_Details",
      "to_class_or_interface_key": "_3wEqAL0fEDu0kofXHBPgog",
      "to_class_or_interface_name": "Product",
      "to_method_key": null,
      "to_method_name": null,
      "data_clump_type": "fields_to_fields_data_clump",
      "data_clump_data": {
        "_yHq3EL0fEDu0kofXHBPgog": {
          "key": "_yHq3EL0fEDu0kofXHBPgog",
          "name": "id",
          "type": null,
          "probability": 1,
          "modifiers": [
            "public"
          ],
          "to_variable": {
            "key": "_5YhOgL0fEDu0kofXHBPgog",
            "name": "id",
            "type": null,
            "modifiers": [
              "public"
            ],
            "position": {}
          },
          "position": {}
        },
        "_zzrF4L0fEDu0kofXHBPgog": {
          "key": "_zzrF4L0fEDu0kofXHBPgog",
          "name": "category_id",
          "type": null,
          "probability": 1,
          "modifiers": [
            "public"
          ],
          "to_variable": {
            "key": "_K82A4L0gEDu0kofXHBPgog",
            "name": "category_id",
            "type": null,
            "modifiers": [
              "public"
            ],
            "position": {}
          },
          "position": {}
        },
        "_wVC3UL0pEDu0kofXHBPgog": {
          "key": "_wVC3UL0pEDu0kofXHBPgog",
          "name": "name",
          "type": null,
          "probability": 1,
          "modifiers": [
            "public"
          ],
          "to_variable": {
            "key": "_9cFxoL0fEDu0kofXHBPgog",
            "name": "name",
            "type": null,
            "modifiers": [
              "public"
            ],
            "position": {}
          },
          "position": {}
        }
      }
    },
    "fields_to_fields_data_clump-./Product_Details-_3wEqAL0fEDu0kofXHBPgog-_eOge0L0gEDu0kofXHBPgog-idnamedescriptionimageURL": {
      "type": "data_clump",
      "key": "fields_to_fields_data_clump-./Product_Details-_3wEqAL0fEDu0kofXHBPgog-_eOge0L0gEDu0kofXHBPgog-idnamedescriptionimageURL",
      "probability": 1,
      "from_file_path": "./Product_Details",
      "from_class_or_interface_name": "Product_Details",
      "from_class_or_interface_key": "_3wEqAL0fEDu0kofXHBPgog",
      "from_method_name": null,
      "from_method_key": null,
      "to_file_path": "./Category",
      "to_class_or_interface_key": "_eOge0L0gEDu0kofXHBPgog",
      "to_class_or_interface_name": "Product_Details",
      "to_method_key": null,
      "to_method_name": null,
      "data_clump_type": "fields_to_fields_data_clump",
      "data_clump_data": {
        "_5YhOgL0fEDu0kofXHBPgog": {
          "key": "_5YhOgL0fEDu0kofXHBPgog",
          "name": "id",
          "type": null,
          "probability": 1,
          "modifiers": [
            "public"
          ],
          "to_variable": {
            "key": "_fJqfgL0gEDu0kofXHBPgog",
            "name": "id",
            "type": null,
            "modifiers": [
              "public"
            ],
            "position": {}
          },
          "position": {}
        },
        "_9cFxoL0fEDu0kofXHBPgog": {
          "key": "_9cFxoL0fEDu0kofXHBPgog",
          "name": "name",
          "type": null,
          "probability": 1,
          "modifiers": [
            "public"
          ],
          "to_variable": {
            "key": "_hMZzUL0gEDu0kofXHBPgog",
            "name": "name",
            "type": null,
            "modifiers": [
              "public"
            ],
            "position": {}
          },
          "position": {}
        },
        "_-UBfML0fEDu0kofXHBPgog": {
          "key": "_-UBfML0fEDu0kofXHBPgog",
          "name": "description",
          "type": null,
          "probability": 1,
          "modifiers": [
            "public"
          ],
          "to_variable": {
            "key": "_iBrOcL0gEDu0kofXHBPgog",
            "name": "description",
            "type": null,
            "modifiers": [
              "public"
            ],
            "position": {}
          },
          "position": {}
        },
        "_AiuLYL0gEDu0kofXHBPgog": {
          "key": "_AiuLYL0gEDu0kofXHBPgog",
          "name": "imageURL",
          "type": null,
          "probability": 1,
          "modifiers": [
            "public"
          ],
          "to_variable": {
            "key": "_i-bKkL0gEDu0kofXHBPgog",
            "name": "imageURL",
            "type": null,
            "modifiers": [
              "public"
            ],
            "position": {}
          },
          "position": {}
        }
      }
    },
    "fields_to_fields_data_clump-./Product_Details-_3wEqAL0fEDu0kofXHBPgog-_m2mygL0fEDu0kofXHBPgog-idcategory_idname": {
      "type": "data_clump",
      "key": "fields_to_fields_data_clump-./Product_Details-_3wEqAL0fEDu0kofXHBPgog-_m2mygL0fEDu0kofXHBPgog-idcategory_idname",
      "probability": 1,
      "from_file_path": "./Product_Details",
      "from_class_or_interface_name": "Product_Details",
      "from_class_or_interface_key": "_3wEqAL0fEDu0kofXHBPgog",
      "from_method_name": null,
      "from_method_key": null,
      "to_file_path": "./Product",
      "to_class_or_interface_key": "_m2mygL0fEDu0kofXHBPgog",
      "to_class_or_interface_name": "Product_Details",
      "to_method_key": null,
      "to_method_name": null,
      "data_clump_type": "fields_to_fields_data_clump",
      "data_clump_data": {
        "_5YhOgL0fEDu0kofXHBPgog": {
          "key": "_5YhOgL0fEDu0kofXHBPgog",
          "name": "id",
          "type": null,
          "probability": 1,
          "modifiers": [
            "public"
          ],
          "to_variable": {
            "key": "_yHq3EL0fEDu0kofXHBPgog",
            "name": "id",
            "type": null,
            "modifiers": [
              "public"
            ],
            "position": {}
          },
          "position": {}
        },
        "_K82A4L0gEDu0kofXHBPgog": {
          "key": "_K82A4L0gEDu0kofXHBPgog",
          "name": "category_id",
          "type": null,
          "probability": 1,
          "modifiers": [
            "public"
          ],
          "to_variable": {
            "key": "_zzrF4L0fEDu0kofXHBPgog",
            "name": "category_id",
            "type": null,
            "modifiers": [
              "public"
            ],
            "position": {}
          },
          "position": {}
        },
        "_9cFxoL0fEDu0kofXHBPgog": {
          "key": "_9cFxoL0fEDu0kofXHBPgog",
          "name": "name",
          "type": null,
          "probability": 1,
          "modifiers": [
            "public"
          ],
          "to_variable": {
            "key": "_wVC3UL0pEDu0kofXHBPgog",
            "name": "name",
            "type": null,
            "modifiers": [
              "public"
            ],
            "position": {}
          },
          "position": {}
        }
      }
    },
    "fields_to_fields_data_clump-./Seller-_SSf_0L0gEDu0kofXHBPgog-_QXRvoL0oEDu0kofXHBPgog-idusernameemailpassword": {
      "type": "data_clump",
      "key": "fields_to_fields_data_clump-./Seller-_SSf_0L0gEDu0kofXHBPgog-_QXRvoL0oEDu0kofXHBPgog-idusernameemailpassword",
      "probability": 1,
      "from_file_path": "./Seller",
      "from_class_or_interface_name": "Seller",
      "from_class_or_interface_key": "_SSf_0L0gEDu0kofXHBPgog",
      "from_method_name": null,
      "from_method_key": null,
      "to_file_path": "./Client",
      "to_class_or_interface_key": "_QXRvoL0oEDu0kofXHBPgog",
      "to_class_or_interface_name": "Seller",
      "to_method_key": null,
      "to_method_name": null,
      "data_clump_type": "fields_to_fields_data_clump",
      "data_clump_data": {
        "_UHtN8L0gEDu0kofXHBPgog": {
          "key": "_UHtN8L0gEDu0kofXHBPgog",
          "name": "id",
          "type": null,
          "probability": 1,
          "modifiers": [
            "public"
          ],
          "to_variable": {
            "key": "_RDeuUL0oEDu0kofXHBPgog",
            "name": "id",
            "type": null,
            "modifiers": [
              "public"
            ],
            "position": {}
          },
          "position": {}
        },
        "_U1FRUL0gEDu0kofXHBPgog": {
          "key": "_U1FRUL0gEDu0kofXHBPgog",
          "name": "username",
          "type": null,
          "probability": 1,
          "modifiers": [
            "public"
          ],
          "to_variable": {
            "key": "_R_lKML0oEDu0kofXHBPgog",
            "name": "username",
            "type": null,
            "modifiers": [
              "public"
            ],
            "position": {}
          },
          "position": {}
        },
        "_WUz-sL0gEDu0kofXHBPgog": {
          "key": "_WUz-sL0gEDu0kofXHBPgog",
          "name": "email",
          "type": null,
          "probability": 1,
          "modifiers": [
            "public"
          ],
          "to_variable": {
            "key": "_S2bSoL0oEDu0kofXHBPgog",
            "name": "email",
            "type": null,
            "modifiers": [
              "public"
            ],
            "position": {}
          },
          "position": {}
        },
        "_awSrgL0gEDu0kofXHBPgog": {
          "key": "_awSrgL0gEDu0kofXHBPgog",
          "name": "password",
          "type": null,
          "probability": 1,
          "modifiers": [
            "public"
          ],
          "to_variable": {
            "key": "_UjVgYL0oEDu0kofXHBPgog",
            "name": "password",
            "type": null,
            "modifiers": [
              "public"
            ],
            "position": {}
          },
          "position": {}
        }
      }
    }
  }
}