{
  "report_version": "unknown",
  "report_timestamp": "2025-03-26T22:37:51.948Z",
  "target_language": "java",
  "report_summary": {
    "additional": null,
    "amount_classes_or_interfaces_with_data_clumps": 5,
    "amount_files_with_data_clumps": 5,
    "amount_methods_with_data_clumps": 5,
    "fields_to_fields_data_clump": 0,
    "parameters_to_fields_data_clump": 0,
    "parameters_to_parameters_data_clump": 20,
    "amount_data_clumps": 20
  },
  "project_info": {
    "project_url": "unknown_project_url",
    "project_name": "748eda22-540f-4f61-8328-2cba860c6c47",
    "project_version": "unknown_project_version",
    "project_commit_hash": "unknown",
    "project_tag": null,
    "project_commit_date": null,
    "additional": {},
    "number_of_files": 11,
    "number_of_classes_or_interfaces": 11,
    "number_of_methods": 50,
    "number_of_data_fields": 27,
    "number_of_method_parameters": 53
  },
  "detector": {
    "name": "data-clumps-doctor",
    "url": "https://github.com/NilsBaumgartner1994/data-clumps-doctor",
    "version": "0.1.100",
    "options": {
      "typeVariablesConsidered": false,
      "similarityModifierOfVariablesWithUnknownType": 0,
      "fieldsOfClassesWithUnknownHierarchyProbabilityModifier": 0,
      "sharedFieldsToFieldsAmountMinimum": 3,
      "analyseFieldsInClassesOrInterfacesInheritedFromSuperClassesOrInterfaces": false,
      "sharedParametersToParametersAmountMinimum": 3,
      "sharedParametersToFieldsAmountMinimum": 3,
      "methodsOfClassesOrInterfacesWithUnknownHierarchyProbabilityModifier": 0
    }
  },
  "data_clumps": {
    "parameters_to_parameters_data_clump-./Cliente-_ubD30Z6AEDWm3KIaEeTLYA-_bCOBkZ6FEDWm3KIaEeTLYA-parameterparameter2parameter3parameter4parameter5parameter6parameter7parameter8parameter9": {
      "type": "data_clump",
      "key": "parameters_to_parameters_data_clump-./Cliente-_ubD30Z6AEDWm3KIaEeTLYA-_bCOBkZ6FEDWm3KIaEeTLYA-parameterparameter2parameter3parameter4parameter5parameter6parameter7parameter8parameter9",
      "probability": 1,
      "from_file_path": "./Cliente",
      "from_class_or_interface_name": "Cliente",
      "from_class_or_interface_key": "_MwmIUZ6AEDWm3KIaEeTLYA",
      "from_method_name": "Cliente",
      "from_method_key": "_ubD30Z6AEDWm3KIaEeTLYA",
      "to_file_path": "./Organizacion",
      "to_class_or_interface_name": "Organizacion",
      "to_class_or_interface_key": "_BI5TIJ6FEDWm3KIaEeTLYA",
      "to_method_name": "Organizacion",
      "to_method_key": "_bCOBkZ6FEDWm3KIaEeTLYA",
      "data_clump_type": "parameters_to_parameters_data_clump",
      "data_clump_data": {
        "_hpzWYJ6BEDWm3KIaEeTLYA": {
          "key": "_hpzWYJ6BEDWm3KIaEeTLYA",
          "name": "parameter",
          "type": null,
          "probability": 1,
          "modifiers": [],
          "to_variable": {
            "key": "_qVVmUJ6FEDWm3KIaEeTLYA",
            "name": "parameter",
            "type": null,
            "modifiers": [],
            "position": {}
          },
          "position": {}
        },
        "_hvnqgJ6BEDWm3KIaEeTLYA": {
          "key": "_hvnqgJ6BEDWm3KIaEeTLYA",
          "name": "parameter2",
          "type": null,
          "probability": 1,
          "modifiers": [],
          "to_variable": {
            "key": "_iIkZMJ6FEDWm3KIaEeTLYA",
            "name": "parameter2",
            "type": null,
            "modifiers": [],
            "position": {}
          },
          "position": {}
        },
        "_h0uM8J6BEDWm3KIaEeTLYA": {
          "key": "_h0uM8J6BEDWm3KIaEeTLYA",
          "name": "parameter3",
          "type": null,
          "probability": 1,
          "modifiers": [],
          "to_variable": {
            "key": "_ipfU8J6FEDWm3KIaEeTLYA",
            "name": "parameter3",
            "type": null,
            "modifiers": [],
            "position": {}
          },
          "position": {}
        },
        "_h3-VQJ6BEDWm3KIaEeTLYA": {
          "key": "_h3-VQJ6BEDWm3KIaEeTLYA",
          "name": "parameter4",
          "type": null,
          "probability": 1,
          "modifiers": [],
          "to_variable": {
            "key": "_iuTjgJ6FEDWm3KIaEeTLYA",
            "name": "parameter4",
            "type": null,
            "modifiers": [],
            "position": {}
          },
          "position": {}
        },
        "_h7GhwJ6BEDWm3KIaEeTLYA": {
          "key": "_h7GhwJ6BEDWm3KIaEeTLYA",
          "name": "parameter5",
          "type": null,
          "probability": 1,
          "modifiers": [],
          "to_variable": {
            "key": "_i6tn0J6FEDWm3KIaEeTLYA",
            "name": "parameter5",
            "type": null,
            "modifiers": [],
            "position": {}
          },
          "position": {}
        },
        "_h-vEkJ6BEDWm3KIaEeTLYA": {
          "key": "_h-vEkJ6BEDWm3KIaEeTLYA",
          "name": "parameter6",
          "type": null,
          "probability": 1,
          "modifiers": [],
          "to_variable": {
            "key": "_jSGNEJ6FEDWm3KIaEeTLYA",
            "name": "parameter6",
            "type": null,
            "modifiers": [],
            "position": {}
          },
          "position": {}
        },
        "_iCMBMJ6BEDWm3KIaEeTLYA": {
          "key": "_iCMBMJ6BEDWm3KIaEeTLYA",
          "name": "parameter7",
          "type": null,
          "probability": 1,
          "modifiers": [],
          "to_variable": {
            "key": "_jYWmEJ6FEDWm3KIaEeTLYA",
            "name": "parameter7",
            "type": null,
            "modifiers": [],
            "position": {}
          },
          "position": {}
        },
        "_iFi3MJ6BEDWm3KIaEeTLYA": {
          "key": "_iFi3MJ6BEDWm3KIaEeTLYA",
          "name": "parameter8",
          "type": null,
          "probability": 1,
          "modifiers": [],
          "to_variable": {
            "key": "_jdmScJ6FEDWm3KIaEeTLYA",
            "name": "parameter8",
            "type": null,
            "modifiers": [],
            "position": {}
          },
          "position": {}
        },
        "_iK54UJ6BEDWm3KIaEeTLYA": {
          "key": "_iK54UJ6BEDWm3KIaEeTLYA",
          "name": "parameter9",
          "type": null,
          "probability": 1,
          "modifiers": [],
          "to_variable": {
            "key": "_jilgIJ6FEDWm3KIaEeTLYA",
            "name": "parameter9",
            "type": null,
            "modifiers": [],
            "position": {}
          },
          "position": {}
        }
      }
    },
    "parameters_to_parameters_data_clump-./Cliente-_ubD30Z6AEDWm3KIaEeTLYA-_aLHsYZ6DEDWm3KIaEeTLYA-parameterparameter2parameter3parameter4parameter5": {
      "type": "data_clump",
      "key": "parameters_to_parameters_data_clump-./Cliente-_ubD30Z6AEDWm3KIaEeTLYA-_aLHsYZ6DEDWm3KIaEeTLYA-parameterparameter2parameter3parameter4parameter5",
      "probability": 1,
      "from_file_path": "./Cliente",
      "from_class_or_interface_name": "Cliente",
      "from_class_or_interface_key": "_MwmIUZ6AEDWm3KIaEeTLYA",
      "from_method_name": "Cliente",
      "from_method_key": "_ubD30Z6AEDWm3KIaEeTLYA",
      "to_file_path": "./PersonaFisica",
      "to_class_or_interface_name": "PersonaFisica",
      "to_class_or_interface_key": "_C0yfIJ6DEDWm3KIaEeTLYA",
      "to_method_name": "PersonaFisica",
      "to_method_key": "_aLHsYZ6DEDWm3KIaEeTLYA",
      "data_clump_type": "parameters_to_parameters_data_clump",
      "data_clump_data": {
        "_hpzWYJ6BEDWm3KIaEeTLYA": {
          "key": "_hpzWYJ6BEDWm3KIaEeTLYA",
          "name": "parameter",
          "type": null,
          "probability": 1,
          "modifiers": [],
          "to_variable": {
            "key": "_eAFy0J6DEDWm3KIaEeTLYA",
            "name": "parameter",
            "type": null,
            "modifiers": [],
            "position": {}
          },
          "position": {}
        },
        "_hvnqgJ6BEDWm3KIaEeTLYA": {
          "key": "_hvnqgJ6BEDWm3KIaEeTLYA",
          "name": "parameter2",
          "type": null,
          "probability": 1,
          "modifiers": [],
          "to_variable": {
            "key": "_ebfVYJ6DEDWm3KIaEeTLYA",
            "name": "parameter2",
            "type": null,
            "modifiers": [],
            "position": {}
          },
          "position": {}
        },
        "_h0uM8J6BEDWm3KIaEeTLYA": {
          "key": "_h0uM8J6BEDWm3KIaEeTLYA",
          "name": "parameter3",
          "type": null,
          "probability": 1,
          "modifiers": [],
          "to_variable": {
            "key": "_fUYFMJ6DEDWm3KIaEeTLYA",
            "name": "parameter3",
            "type": null,
            "modifiers": [],
            "position": {}
          },
          "position": {}
        },
        "_h3-VQJ6BEDWm3KIaEeTLYA": {
          "key": "_h3-VQJ6BEDWm3KIaEeTLYA",
          "name": "parameter4",
          "type": null,
          "probability": 1,
          "modifiers": [],
          "to_variable": {
            "key": "_f05YUJ6DEDWm3KIaEeTLYA",
            "name": "parameter4",
            "type": null,
            "modifiers": [],
            "position": {}
          },
          "position": {}
        },
        "_h7GhwJ6BEDWm3KIaEeTLYA": {
          "key": "_h7GhwJ6BEDWm3KIaEeTLYA",
          "name": "parameter5",
          "type": null,
          "probability": 1,
          "modifiers": [],
          "to_variable": {
            "key": "_gLLxYJ6DEDWm3KIaEeTLYA",
            "name": "parameter5",
            "type": null,
            "modifiers": [],
            "position": {}
          },
          "position": {}
        }
      }
    },
    "parameters_to_parameters_data_clump-./Cliente-_ubD30Z6AEDWm3KIaEeTLYA-_WnXxcZ6GEDWm3KIaEeTLYA-parameterparameter2parameter3parameter4parameter5parameter6parameter7parameter8": {
      "type": "data_clump",
      "key": "parameters_to_parameters_data_clump-./Cliente-_ubD30Z6AEDWm3KIaEeTLYA-_WnXxcZ6GEDWm3KIaEeTLYA-parameterparameter2parameter3parameter4parameter5parameter6parameter7parameter8",
      "probability": 1,
      "from_file_path": "./Cliente",
      "from_class_or_interface_name": "Cliente",
      "from_class_or_interface_key": "_MwmIUZ6AEDWm3KIaEeTLYA",
      "from_method_name": "Cliente",
      "from_method_key": "_ubD30Z6AEDWm3KIaEeTLYA",
      "to_file_path": "./PersonaJuridica",
      "to_class_or_interface_name": "PersonaJuridica",
      "to_class_or_interface_key": "_MO9zMJ6GEDWm3KIaEeTLYA",
      "to_method_name": "PersonaJuridica",
      "to_method_key": "_WnXxcZ6GEDWm3KIaEeTLYA",
      "data_clump_type": "parameters_to_parameters_data_clump",
      "data_clump_data": {
        "_hpzWYJ6BEDWm3KIaEeTLYA": {
          "key": "_hpzWYJ6BEDWm3KIaEeTLYA",
          "name": "parameter",
          "type": null,
          "probability": 1,
          "modifiers": [],
          "to_variable": {
            "key": "_dXNGgJ6GEDWm3KIaEeTLYA",
            "name": "parameter",
            "type": null,
            "modifiers": [],
            "position": {}
          },
          "position": {}
        },
        "_hvnqgJ6BEDWm3KIaEeTLYA": {
          "key": "_hvnqgJ6BEDWm3KIaEeTLYA",
          "name": "parameter2",
          "type": null,
          "probability": 1,
          "modifiers": [],
          "to_variable": {
            "key": "_da7v8J6GEDWm3KIaEeTLYA",
            "name": "parameter2",
            "type": null,
            "modifiers": [],
            "position": {}
          },
          "position": {}
        },
        "_h0uM8J6BEDWm3KIaEeTLYA": {
          "key": "_h0uM8J6BEDWm3KIaEeTLYA",
          "name": "parameter3",
          "type": null,
          "probability": 1,
          "modifiers": [],
          "to_variable": {
            "key": "_degoYJ6GEDWm3KIaEeTLYA",
            "name": "parameter3",
            "type": null,
            "modifiers": [],
            "position": {}
          },
          "position": {}
        },
        "_h3-VQJ6BEDWm3KIaEeTLYA": {
          "key": "_h3-VQJ6BEDWm3KIaEeTLYA",
          "name": "parameter4",
          "type": null,
          "probability": 1,
          "modifiers": [],
          "to_variable": {
            "key": "_dh5TkJ6GEDWm3KIaEeTLYA",
            "name": "parameter4",
            "type": null,
            "modifiers": [],
            "position": {}
          },
          "position": {}
        },
        "_h7GhwJ6BEDWm3KIaEeTLYA": {
          "key": "_h7GhwJ6BEDWm3KIaEeTLYA",
          "name": "parameter5",
          "type": null,
          "probability": 1,
          "modifiers": [],
          "to_variable": {
            "key": "_dlDVQJ6GEDWm3KIaEeTLYA",
            "name": "parameter5",
            "type": null,
            "modifiers": [],
            "position": {}
          },
          "position": {}
        },
        "_h-vEkJ6BEDWm3KIaEeTLYA": {
          "key": "_h-vEkJ6BEDWm3KIaEeTLYA",
          "name": "parameter6",
          "type": null,
          "probability": 1,
          "modifiers": [],
          "to_variable": {
            "key": "_dpJLEJ6GEDWm3KIaEeTLYA",
            "name": "parameter6",
            "type": null,
            "modifiers": [],
            "position": {}
          },
          "position": {}
        },
        "_iCMBMJ6BEDWm3KIaEeTLYA": {
          "key": "_iCMBMJ6BEDWm3KIaEeTLYA",
          "name": "parameter7",
          "type": null,
          "probability": 1,
          "modifiers": [],
          "to_variable": {
            "key": "_d13YcJ6GEDWm3KIaEeTLYA",
            "name": "parameter7",
            "type": null,
            "modifiers": [],
            "position": {}
          },
          "position": {}
        },
        "_iFi3MJ6BEDWm3KIaEeTLYA": {
          "key": "_iFi3MJ6BEDWm3KIaEeTLYA",
          "name": "parameter8",
          "type": null,
          "probability": 1,
          "modifiers": [],
          "to_variable": {
            "key": "_d7ccAJ6GEDWm3KIaEeTLYA",
            "name": "parameter8",
            "type": null,
            "modifiers": [],
            "position": {}
          },
          "position": {}
        }
      }
    },
    "parameters_to_parameters_data_clump-./Cliente-_ubD30Z6AEDWm3KIaEeTLYA-_2MB1kZ6HEDWm3KIaEeTLYA-parameterparameter2parameter3parameter4parameter5parameter6": {
      "type": "data_clump",
      "key": "parameters_to_parameters_data_clump-./Cliente-_ubD30Z6AEDWm3KIaEeTLYA-_2MB1kZ6HEDWm3KIaEeTLYA-parameterparameter2parameter3parameter4parameter5parameter6",
      "probability": 1,
      "from_file_path": "./Cliente",
      "from_class_or_interface_name": "Cliente",
      "from_class_or_interface_key": "_MwmIUZ6AEDWm3KIaEeTLYA",
      "from_method_name": "Cliente",
      "from_method_key": "_ubD30Z6AEDWm3KIaEeTLYA",
      "to_file_path": "./Producto",
      "to_class_or_interface_name": "Producto",
      "to_class_or_interface_key": "_wkb68J6HEDWm3KIaEeTLYA",
      "to_method_name": "Producto",
      "to_method_key": "_2MB1kZ6HEDWm3KIaEeTLYA",
      "data_clump_type": "parameters_to_parameters_data_clump",
      "data_clump_data": {
        "_hpzWYJ6BEDWm3KIaEeTLYA": {
          "key": "_hpzWYJ6BEDWm3KIaEeTLYA",
          "name": "parameter",
          "type": null,
          "probability": 1,
          "modifiers": [],
          "to_variable": {
            "key": "_MdlzIJ6IEDWm3KIaEeTLYA",
            "name": "parameter",
            "type": null,
            "modifiers": [],
            "position": {}
          },
          "position": {}
        },
        "_hvnqgJ6BEDWm3KIaEeTLYA": {
          "key": "_hvnqgJ6BEDWm3KIaEeTLYA",
          "name": "parameter2",
          "type": null,
          "probability": 1,
          "modifiers": [],
          "to_variable": {
            "key": "_Mk7KMJ6IEDWm3KIaEeTLYA",
            "name": "parameter2",
            "type": null,
            "modifiers": [],
            "position": {}
          },
          "position": {}
        },
        "_h0uM8J6BEDWm3KIaEeTLYA": {
          "key": "_h0uM8J6BEDWm3KIaEeTLYA",
          "name": "parameter3",
          "type": null,
          "probability": 1,
          "modifiers": [],
          "to_variable": {
            "key": "_MplAsJ6IEDWm3KIaEeTLYA",
            "name": "parameter3",
            "type": null,
            "modifiers": [],
            "position": {}
          },
          "position": {}
        },
        "_h3-VQJ6BEDWm3KIaEeTLYA": {
          "key": "_h3-VQJ6BEDWm3KIaEeTLYA",
          "name": "parameter4",
          "type": null,
          "probability": 1,
          "modifiers": [],
          "to_variable": {
            "key": "_MtM8cJ6IEDWm3KIaEeTLYA",
            "name": "parameter4",
            "type": null,
            "modifiers": [],
            "position": {}
          },
          "position": {}
        },
        "_h7GhwJ6BEDWm3KIaEeTLYA": {
          "key": "_h7GhwJ6BEDWm3KIaEeTLYA",
          "name": "parameter5",
          "type": null,
          "probability": 1,
          "modifiers": [],
          "to_variable": {
            "key": "_MxHzIJ6IEDWm3KIaEeTLYA",
            "name": "parameter5",
            "type": null,
            "modifiers": [],
            "position": {}
          },
          "position": {}
        },
        "_h-vEkJ6BEDWm3KIaEeTLYA": {
          "key": "_h-vEkJ6BEDWm3KIaEeTLYA",
          "name": "parameter6",
          "type": null,
          "probability": 1,
          "modifiers": [],
          "to_variable": {
            "key": "_M1LMsJ6IEDWm3KIaEeTLYA",
            "name": "parameter6",
            "type": null,
            "modifiers": [],
            "position": {}
          },
          "position": {}
        }
      }
    },
    "parameters_to_parameters_data_clump-./Organizacion-_bCOBkZ6FEDWm3KIaEeTLYA-_ubD30Z6AEDWm3KIaEeTLYA-parameter2parameter3parameter4parameter5parameter6parameter7parameter8parameter9parameter": {
      "type": "data_clump",
      "key": "parameters_to_parameters_data_clump-./Organizacion-_bCOBkZ6FEDWm3KIaEeTLYA-_ubD30Z6AEDWm3KIaEeTLYA-parameter2parameter3parameter4parameter5parameter6parameter7parameter8parameter9parameter",
      "probability": 1,
      "from_file_path": "./Organizacion",
      "from_class_or_interface_name": "Organizacion",
      "from_class_or_interface_key": "_BI5TIJ6FEDWm3KIaEeTLYA",
      "from_method_name": "Organizacion",
      "from_method_key": "_bCOBkZ6FEDWm3KIaEeTLYA",
      "to_file_path": "./Cliente",
      "to_class_or_interface_name": "Cliente",
      "to_class_or_interface_key": "_MwmIUZ6AEDWm3KIaEeTLYA",
      "to_method_name": "Cliente",
      "to_method_key": "_ubD30Z6AEDWm3KIaEeTLYA",
      "data_clump_type": "parameters_to_parameters_data_clump",
      "data_clump_data": {
        "_iIkZMJ6FEDWm3KIaEeTLYA": {
          "key": "_iIkZMJ6FEDWm3KIaEeTLYA",
          "name": "parameter2",
          "type": null,
          "probability": 1,
          "modifiers": [],
          "to_variable": {
            "key": "_hvnqgJ6BEDWm3KIaEeTLYA",
            "name": "parameter2",
            "type": null,
            "modifiers": [],
            "position": {}
          },
          "position": {}
        },
        "_ipfU8J6FEDWm3KIaEeTLYA": {
          "key": "_ipfU8J6FEDWm3KIaEeTLYA",
          "name": "parameter3",
          "type": null,
          "probability": 1,
          "modifiers": [],
          "to_variable": {
            "key": "_h0uM8J6BEDWm3KIaEeTLYA",
            "name": "parameter3",
            "type": null,
            "modifiers": [],
            "position": {}
          },
          "position": {}
        },
        "_iuTjgJ6FEDWm3KIaEeTLYA": {
          "key": "_iuTjgJ6FEDWm3KIaEeTLYA",
          "name": "parameter4",
          "type": null,
          "probability": 1,
          "modifiers": [],
          "to_variable": {
            "key": "_h3-VQJ6BEDWm3KIaEeTLYA",
            "name": "parameter4",
            "type": null,
            "modifiers": [],
            "position": {}
          },
          "position": {}
        },
        "_i6tn0J6FEDWm3KIaEeTLYA": {
          "key": "_i6tn0J6FEDWm3KIaEeTLYA",
          "name": "parameter5",
          "type": null,
          "probability": 1,
          "modifiers": [],
          "to_variable": {
            "key": "_h7GhwJ6BEDWm3KIaEeTLYA",
            "name": "parameter5",
            "type": null,
            "modifiers": [],
            "position": {}
          },
          "position": {}
        },
        "_jSGNEJ6FEDWm3KIaEeTLYA": {
          "key": "_jSGNEJ6FEDWm3KIaEeTLYA",
          "name": "parameter6",
          "type": null,
          "probability": 1,
          "modifiers": [],
          "to_variable": {
            "key": "_h-vEkJ6BEDWm3KIaEeTLYA",
            "name": "parameter6",
            "type": null,
            "modifiers": [],
            "position": {}
          },
          "position": {}
        },
        "_jYWmEJ6FEDWm3KIaEeTLYA": {
          "key": "_jYWmEJ6FEDWm3KIaEeTLYA",
          "name": "parameter7",
          "type": null,
          "probability": 1,
          "modifiers": [],
          "to_variable": {
            "key": "_iCMBMJ6BEDWm3KIaEeTLYA",
            "name": "parameter7",
            "type": null,
            "modifiers": [],
            "position": {}
          },
          "position": {}
        },
        "_jdmScJ6FEDWm3KIaEeTLYA": {
          "key": "_jdmScJ6FEDWm3KIaEeTLYA",
          "name": "parameter8",
          "type": null,
          "probability": 1,
          "modifiers": [],
          "to_variable": {
            "key": "_iFi3MJ6BEDWm3KIaEeTLYA",
            "name": "parameter8",
            "type": null,
            "modifiers": [],
            "position": {}
          },
          "position": {}
        },
        "_jilgIJ6FEDWm3KIaEeTLYA": {
          "key": "_jilgIJ6FEDWm3KIaEeTLYA",
          "name": "parameter9",
          "type": null,
          "probability": 1,
          "modifiers": [],
          "to_variable": {
            "key": "_iK54UJ6BEDWm3KIaEeTLYA",
            "name": "parameter9",
            "type": null,
            "modifiers": [],
            "position": {}
          },
          "position": {}
        },
        "_qVVmUJ6FEDWm3KIaEeTLYA": {
          "key": "_qVVmUJ6FEDWm3KIaEeTLYA",
          "name": "parameter",
          "type": null,
          "probability": 1,
          "modifiers": [],
          "to_variable": {
            "key": "_hpzWYJ6BEDWm3KIaEeTLYA",
            "name": "parameter",
            "type": null,
            "modifiers": [],
            "position": {}
          },
          "position": {}
        }
      }
    },
    "parameters_to_parameters_data_clump-./Organizacion-_bCOBkZ6FEDWm3KIaEeTLYA-_aLHsYZ6DEDWm3KIaEeTLYA-parameter2parameter3parameter4parameter5parameter": {
      "type": "data_clump",
      "key": "parameters_to_parameters_data_clump-./Organizacion-_bCOBkZ6FEDWm3KIaEeTLYA-_aLHsYZ6DEDWm3KIaEeTLYA-parameter2parameter3parameter4parameter5parameter",
      "probability": 1,
      "from_file_path": "./Organizacion",
      "from_class_or_interface_name": "Organizacion",
      "from_class_or_interface_key": "_BI5TIJ6FEDWm3KIaEeTLYA",
      "from_method_name": "Organizacion",
      "from_method_key": "_bCOBkZ6FEDWm3KIaEeTLYA",
      "to_file_path": "./PersonaFisica",
      "to_class_or_interface_name": "PersonaFisica",
      "to_class_or_interface_key": "_C0yfIJ6DEDWm3KIaEeTLYA",
      "to_method_name": "PersonaFisica",
      "to_method_key": "_aLHsYZ6DEDWm3KIaEeTLYA",
      "data_clump_type": "parameters_to_parameters_data_clump",
      "data_clump_data": {
        "_iIkZMJ6FEDWm3KIaEeTLYA": {
          "key": "_iIkZMJ6FEDWm3KIaEeTLYA",
          "name": "parameter2",
          "type": null,
          "probability": 1,
          "modifiers": [],
          "to_variable": {
            "key": "_ebfVYJ6DEDWm3KIaEeTLYA",
            "name": "parameter2",
            "type": null,
            "modifiers": [],
            "position": {}
          },
          "position": {}
        },
        "_ipfU8J6FEDWm3KIaEeTLYA": {
          "key": "_ipfU8J6FEDWm3KIaEeTLYA",
          "name": "parameter3",
          "type": null,
          "probability": 1,
          "modifiers": [],
          "to_variable": {
            "key": "_fUYFMJ6DEDWm3KIaEeTLYA",
            "name": "parameter3",
            "type": null,
            "modifiers": [],
            "position": {}
          },
          "position": {}
        },
        "_iuTjgJ6FEDWm3KIaEeTLYA": {
          "key": "_iuTjgJ6FEDWm3KIaEeTLYA",
          "name": "parameter4",
          "type": null,
          "probability": 1,
          "modifiers": [],
          "to_variable": {
            "key": "_f05YUJ6DEDWm3KIaEeTLYA",
            "name": "parameter4",
            "type": null,
            "modifiers": [],
            "position": {}
          },
          "position": {}
        },
        "_i6tn0J6FEDWm3KIaEeTLYA": {
          "key": "_i6tn0J6FEDWm3KIaEeTLYA",
          "name": "parameter5",
          "type": null,
          "probability": 1,
          "modifiers": [],
          "to_variable": {
            "key": "_gLLxYJ6DEDWm3KIaEeTLYA",
            "name": "parameter5",
            "type": null,
            "modifiers": [],
            "position": {}
          },
          "position": {}
        },
        "_qVVmUJ6FEDWm3KIaEeTLYA": {
          "key": "_qVVmUJ6FEDWm3KIaEeTLYA",
          "name": "parameter",
          "type": null,
          "probability": 1,
          "modifiers": [],
          "to_variable": {
            "key": "_eAFy0J6DEDWm3KIaEeTLYA",
            "name": "parameter",
            "type": null,
            "modifiers": [],
            "position": {}
          },
          "position": {}
        }
      }
    },
    "parameters_to_parameters_data_clump-./Organizacion-_bCOBkZ6FEDWm3KIaEeTLYA-_WnXxcZ6GEDWm3KIaEeTLYA-parameter2parameter3parameter4parameter5parameter6parameter7parameter8parameter": {
      "type": "data_clump",
      "key": "parameters_to_parameters_data_clump-./Organizacion-_bCOBkZ6FEDWm3KIaEeTLYA-_WnXxcZ6GEDWm3KIaEeTLYA-parameter2parameter3parameter4parameter5parameter6parameter7parameter8parameter",
      "probability": 1,
      "from_file_path": "./Organizacion",
      "from_class_or_interface_name": "Organizacion",
      "from_class_or_interface_key": "_BI5TIJ6FEDWm3KIaEeTLYA",
      "from_method_name": "Organizacion",
      "from_method_key": "_bCOBkZ6FEDWm3KIaEeTLYA",
      "to_file_path": "./PersonaJuridica",
      "to_class_or_interface_name": "PersonaJuridica",
      "to_class_or_interface_key": "_MO9zMJ6GEDWm3KIaEeTLYA",
      "to_method_name": "PersonaJuridica",
      "to_method_key": "_WnXxcZ6GEDWm3KIaEeTLYA",
      "data_clump_type": "parameters_to_parameters_data_clump",
      "data_clump_data": {
        "_iIkZMJ6FEDWm3KIaEeTLYA": {
          "key": "_iIkZMJ6FEDWm3KIaEeTLYA",
          "name": "parameter2",
          "type": null,
          "probability": 1,
          "modifiers": [],
          "to_variable": {
            "key": "_da7v8J6GEDWm3KIaEeTLYA",
            "name": "parameter2",
            "type": null,
            "modifiers": [],
            "position": {}
          },
          "position": {}
        },
        "_ipfU8J6FEDWm3KIaEeTLYA": {
          "key": "_ipfU8J6FEDWm3KIaEeTLYA",
          "name": "parameter3",
          "type": null,
          "probability": 1,
          "modifiers": [],
          "to_variable": {
            "key": "_degoYJ6GEDWm3KIaEeTLYA",
            "name": "parameter3",
            "type": null,
            "modifiers": [],
            "position": {}
          },
          "position": {}
        },
        "_iuTjgJ6FEDWm3KIaEeTLYA": {
          "key": "_iuTjgJ6FEDWm3KIaEeTLYA",
          "name": "parameter4",
          "type": null,
          "probability": 1,
          "modifiers": [],
          "to_variable": {
            "key": "_dh5TkJ6GEDWm3KIaEeTLYA",
            "name": "parameter4",
            "type": null,
            "modifiers": [],
            "position": {}
          },
          "position": {}
        },
        "_i6tn0J6FEDWm3KIaEeTLYA": {
          "key": "_i6tn0J6FEDWm3KIaEeTLYA",
          "name": "parameter5",
          "type": null,
          "probability": 1,
          "modifiers": [],
          "to_variable": {
            "key": "_dlDVQJ6GEDWm3KIaEeTLYA",
            "name": "parameter5",
            "type": null,
            "modifiers": [],
            "position": {}
          },
          "position": {}
        },
        "_jSGNEJ6FEDWm3KIaEeTLYA": {
          "key": "_jSGNEJ6FEDWm3KIaEeTLYA",
          "name": "parameter6",
          "type": null,
          "probability": 1,
          "modifiers": [],
          "to_variable": {
            "key": "_dpJLEJ6GEDWm3KIaEeTLYA",
            "name": "parameter6",
            "type": null,
            "modifiers": [],
            "position": {}
          },
          "position": {}
        },
        "_jYWmEJ6FEDWm3KIaEeTLYA": {
          "key": "_jYWmEJ6FEDWm3KIaEeTLYA",
          "name": "parameter7",
          "type": null,
          "probability": 1,
          "modifiers": [],
          "to_variable": {
            "key": "_d13YcJ6GEDWm3KIaEeTLYA",
            "name": "parameter7",
            "type": null,
            "modifiers": [],
            "position": {}
          },
          "position": {}
        },
        "_jdmScJ6FEDWm3KIaEeTLYA": {
          "key": "_jdmScJ6FEDWm3KIaEeTLYA",
          "name": "parameter8",
          "type": null,
          "probability": 1,
          "modifiers": [],
          "to_variable": {
            "key": "_d7ccAJ6GEDWm3KIaEeTLYA",
            "name": "parameter8",
            "type": null,
            "modifiers": [],
            "position": {}
          },
          "position": {}
        },
        "_qVVmUJ6FEDWm3KIaEeTLYA": {
          "key": "_qVVmUJ6FEDWm3KIaEeTLYA",
          "name": "parameter",
          "type": null,
          "probability": 1,
          "modifiers": [],
          "to_variable": {
            "key": "_dXNGgJ6GEDWm3KIaEeTLYA",
            "name": "parameter",
            "type": null,
            "modifiers": [],
            "position": {}
          },
          "position": {}
        }
      }
    },
    "parameters_to_parameters_data_clump-./Organizacion-_bCOBkZ6FEDWm3KIaEeTLYA-_2MB1kZ6HEDWm3KIaEeTLYA-parameter2parameter3parameter4parameter5parameter6parameter": {
      "type": "data_clump",
      "key": "parameters_to_parameters_data_clump-./Organizacion-_bCOBkZ6FEDWm3KIaEeTLYA-_2MB1kZ6HEDWm3KIaEeTLYA-parameter2parameter3parameter4parameter5parameter6parameter",
      "probability": 1,
      "from_file_path": "./Organizacion",
      "from_class_or_interface_name": "Organizacion",
      "from_class_or_interface_key": "_BI5TIJ6FEDWm3KIaEeTLYA",
      "from_method_name": "Organizacion",
      "from_method_key": "_bCOBkZ6FEDWm3KIaEeTLYA",
      "to_file_path": "./Producto",
      "to_class_or_interface_name": "Producto",
      "to_class_or_interface_key": "_wkb68J6HEDWm3KIaEeTLYA",
      "to_method_name": "Producto",
      "to_method_key": "_2MB1kZ6HEDWm3KIaEeTLYA",
      "data_clump_type": "parameters_to_parameters_data_clump",
      "data_clump_data": {
        "_iIkZMJ6FEDWm3KIaEeTLYA": {
          "key": "_iIkZMJ6FEDWm3KIaEeTLYA",
          "name": "parameter2",
          "type": null,
          "probability": 1,
          "modifiers": [],
          "to_variable": {
            "key": "_Mk7KMJ6IEDWm3KIaEeTLYA",
            "name": "parameter2",
            "type": null,
            "modifiers": [],
            "position": {}
          },
          "position": {}
        },
        "_ipfU8J6FEDWm3KIaEeTLYA": {
          "key": "_ipfU8J6FEDWm3KIaEeTLYA",
          "name": "parameter3",
          "type": null,
          "probability": 1,
          "modifiers": [],
          "to_variable": {
            "key": "_MplAsJ6IEDWm3KIaEeTLYA",
            "name": "parameter3",
            "type": null,
            "modifiers": [],
            "position": {}
          },
          "position": {}
        },
        "_iuTjgJ6FEDWm3KIaEeTLYA": {
          "key": "_iuTjgJ6FEDWm3KIaEeTLYA",
          "name": "parameter4",
          "type": null,
          "probability": 1,
          "modifiers": [],
          "to_variable": {
            "key": "_MtM8cJ6IEDWm3KIaEeTLYA",
            "name": "parameter4",
            "type": null,
            "modifiers": [],
            "position": {}
          },
          "position": {}
        },
        "_i6tn0J6FEDWm3KIaEeTLYA": {
          "key": "_i6tn0J6FEDWm3KIaEeTLYA",
          "name": "parameter5",
          "type": null,
          "probability": 1,
          "modifiers": [],
          "to_variable": {
            "key": "_MxHzIJ6IEDWm3KIaEeTLYA",
            "name": "parameter5",
            "type": null,
            "modifiers": [],
            "position": {}
          },
          "position": {}
        },
        "_jSGNEJ6FEDWm3KIaEeTLYA": {
          "key": "_jSGNEJ6FEDWm3KIaEeTLYA",
          "name": "parameter6",
          "type": null,
          "probability": 1,
          "modifiers": [],
          "to_variable": {
            "key": "_M1LMsJ6IEDWm3KIaEeTLYA",
            "name": "parameter6",
            "type": null,
            "modifiers": [],
            "position": {}
          },
          "position": {}
        },
        "_qVVmUJ6FEDWm3KIaEeTLYA": {
          "key": "_qVVmUJ6FEDWm3KIaEeTLYA",
          "name": "parameter",
          "type": null,
          "probability": 1,
          "modifiers": [],
          "to_variable": {
            "key": "_MdlzIJ6IEDWm3KIaEeTLYA",
            "name": "parameter",
            "type": null,
            "modifiers": [],
            "position": {}
          },
          "position": {}
        }
      }
    },
    "parameters_to_parameters_data_clump-./PersonaFisica-_aLHsYZ6DEDWm3KIaEeTLYA-_ubD30Z6AEDWm3KIaEeTLYA-parameterparameter2parameter3parameter4parameter5": {
      "type": "data_clump",
      "key": "parameters_to_parameters_data_clump-./PersonaFisica-_aLHsYZ6DEDWm3KIaEeTLYA-_ubD30Z6AEDWm3KIaEeTLYA-parameterparameter2parameter3parameter4parameter5",
      "probability": 1,
      "from_file_path": "./PersonaFisica",
      "from_class_or_interface_name": "PersonaFisica",
      "from_class_or_interface_key": "_C0yfIJ6DEDWm3KIaEeTLYA",
      "from_method_name": "PersonaFisica",
      "from_method_key": "_aLHsYZ6DEDWm3KIaEeTLYA",
      "to_file_path": "./Cliente",
      "to_class_or_interface_name": "Cliente",
      "to_class_or_interface_key": "_MwmIUZ6AEDWm3KIaEeTLYA",
      "to_method_name": "Cliente",
      "to_method_key": "_ubD30Z6AEDWm3KIaEeTLYA",
      "data_clump_type": "parameters_to_parameters_data_clump",
      "data_clump_data": {
        "_eAFy0J6DEDWm3KIaEeTLYA": {
          "key": "_eAFy0J6DEDWm3KIaEeTLYA",
          "name": "parameter",
          "type": null,
          "probability": 1,
          "modifiers": [],
          "to_variable": {
            "key": "_hpzWYJ6BEDWm3KIaEeTLYA",
            "name": "parameter",
            "type": null,
            "modifiers": [],
            "position": {}
          },
          "position": {}
        },
        "_ebfVYJ6DEDWm3KIaEeTLYA": {
          "key": "_ebfVYJ6DEDWm3KIaEeTLYA",
          "name": "parameter2",
          "type": null,
          "probability": 1,
          "modifiers": [],
          "to_variable": {
            "key": "_hvnqgJ6BEDWm3KIaEeTLYA",
            "name": "parameter2",
            "type": null,
            "modifiers": [],
            "position": {}
          },
          "position": {}
        },
        "_fUYFMJ6DEDWm3KIaEeTLYA": {
          "key": "_fUYFMJ6DEDWm3KIaEeTLYA",
          "name": "parameter3",
          "type": null,
          "probability": 1,
          "modifiers": [],
          "to_variable": {
            "key": "_h0uM8J6BEDWm3KIaEeTLYA",
            "name": "parameter3",
            "type": null,
            "modifiers": [],
            "position": {}
          },
          "position": {}
        },
        "_f05YUJ6DEDWm3KIaEeTLYA": {
          "key": "_f05YUJ6DEDWm3KIaEeTLYA",
          "name": "parameter4",
          "type": null,
          "probability": 1,
          "modifiers": [],
          "to_variable": {
            "key": "_h3-VQJ6BEDWm3KIaEeTLYA",
            "name": "parameter4",
            "type": null,
            "modifiers": [],
            "position": {}
          },
          "position": {}
        },
        "_gLLxYJ6DEDWm3KIaEeTLYA": {
          "key": "_gLLxYJ6DEDWm3KIaEeTLYA",
          "name": "parameter5",
          "type": null,
          "probability": 1,
          "modifiers": [],
          "to_variable": {
            "key": "_h7GhwJ6BEDWm3KIaEeTLYA",
            "name": "parameter5",
            "type": null,
            "modifiers": [],
            "position": {}
          },
          "position": {}
        }
      }
    },
    "parameters_to_parameters_data_clump-./PersonaFisica-_aLHsYZ6DEDWm3KIaEeTLYA-_bCOBkZ6FEDWm3KIaEeTLYA-parameterparameter2parameter3parameter4parameter5": {
      "type": "data_clump",
      "key": "parameters_to_parameters_data_clump-./PersonaFisica-_aLHsYZ6DEDWm3KIaEeTLYA-_bCOBkZ6FEDWm3KIaEeTLYA-parameterparameter2parameter3parameter4parameter5",
      "probability": 1,
      "from_file_path": "./PersonaFisica",
      "from_class_or_interface_name": "PersonaFisica",
      "from_class_or_interface_key": "_C0yfIJ6DEDWm3KIaEeTLYA",
      "from_method_name": "PersonaFisica",
      "from_method_key": "_aLHsYZ6DEDWm3KIaEeTLYA",
      "to_file_path": "./Organizacion",
      "to_class_or_interface_name": "Organizacion",
      "to_class_or_interface_key": "_BI5TIJ6FEDWm3KIaEeTLYA",
      "to_method_name": "Organizacion",
      "to_method_key": "_bCOBkZ6FEDWm3KIaEeTLYA",
      "data_clump_type": "parameters_to_parameters_data_clump",
      "data_clump_data": {
        "_eAFy0J6DEDWm3KIaEeTLYA": {
          "key": "_eAFy0J6DEDWm3KIaEeTLYA",
          "name": "parameter",
          "type": null,
          "probability": 1,
          "modifiers": [],
          "to_variable": {
            "key": "_qVVmUJ6FEDWm3KIaEeTLYA",
            "name": "parameter",
            "type": null,
            "modifiers": [],
            "position": {}
          },
          "position": {}
        },
        "_ebfVYJ6DEDWm3KIaEeTLYA": {
          "key": "_ebfVYJ6DEDWm3KIaEeTLYA",
          "name": "parameter2",
          "type": null,
          "probability": 1,
          "modifiers": [],
          "to_variable": {
            "key": "_iIkZMJ6FEDWm3KIaEeTLYA",
            "name": "parameter2",
            "type": null,
            "modifiers": [],
            "position": {}
          },
          "position": {}
        },
        "_fUYFMJ6DEDWm3KIaEeTLYA": {
          "key": "_fUYFMJ6DEDWm3KIaEeTLYA",
          "name": "parameter3",
          "type": null,
          "probability": 1,
          "modifiers": [],
          "to_variable": {
            "key": "_ipfU8J6FEDWm3KIaEeTLYA",
            "name": "parameter3",
            "type": null,
            "modifiers": [],
            "position": {}
          },
          "position": {}
        },
        "_f05YUJ6DEDWm3KIaEeTLYA": {
          "key": "_f05YUJ6DEDWm3KIaEeTLYA",
          "name": "parameter4",
          "type": null,
          "probability": 1,
          "modifiers": [],
          "to_variable": {
            "key": "_iuTjgJ6FEDWm3KIaEeTLYA",
            "name": "parameter4",
            "type": null,
            "modifiers": [],
            "position": {}
          },
          "position": {}
        },
        "_gLLxYJ6DEDWm3KIaEeTLYA": {
          "key": "_gLLxYJ6DEDWm3KIaEeTLYA",
          "name": "parameter5",
          "type": null,
          "probability": 1,
          "modifiers": [],
          "to_variable": {
            "key": "_i6tn0J6FEDWm3KIaEeTLYA",
            "name": "parameter5",
            "type": null,
            "modifiers": [],
            "position": {}
          },
          "position": {}
        }
      }
    },
    "parameters_to_parameters_data_clump-./PersonaFisica-_aLHsYZ6DEDWm3KIaEeTLYA-_WnXxcZ6GEDWm3KIaEeTLYA-parameterparameter2parameter3parameter4parameter5": {
      "type": "data_clump",
      "key": "parameters_to_parameters_data_clump-./PersonaFisica-_aLHsYZ6DEDWm3KIaEeTLYA-_WnXxcZ6GEDWm3KIaEeTLYA-parameterparameter2parameter3parameter4parameter5",
      "probability": 1,
      "from_file_path": "./PersonaFisica",
      "from_class_or_interface_name": "PersonaFisica",
      "from_class_or_interface_key": "_C0yfIJ6DEDWm3KIaEeTLYA",
      "from_method_name": "PersonaFisica",
      "from_method_key": "_aLHsYZ6DEDWm3KIaEeTLYA",
      "to_file_path": "./PersonaJuridica",
      "to_class_or_interface_name": "PersonaJuridica",
      "to_class_or_interface_key": "_MO9zMJ6GEDWm3KIaEeTLYA",
      "to_method_name": "PersonaJuridica",
      "to_method_key": "_WnXxcZ6GEDWm3KIaEeTLYA",
      "data_clump_type": "parameters_to_parameters_data_clump",
      "data_clump_data": {
        "_eAFy0J6DEDWm3KIaEeTLYA": {
          "key": "_eAFy0J6DEDWm3KIaEeTLYA",
          "name": "parameter",
          "type": null,
          "probability": 1,
          "modifiers": [],
          "to_variable": {
            "key": "_dXNGgJ6GEDWm3KIaEeTLYA",
            "name": "parameter",
            "type": null,
            "modifiers": [],
            "position": {}
          },
          "position": {}
        },
        "_ebfVYJ6DEDWm3KIaEeTLYA": {
          "key": "_ebfVYJ6DEDWm3KIaEeTLYA",
          "name": "parameter2",
          "type": null,
          "probability": 1,
          "modifiers": [],
          "to_variable": {
            "key": "_da7v8J6GEDWm3KIaEeTLYA",
            "name": "parameter2",
            "type": null,
            "modifiers": [],
            "position": {}
          },
          "position": {}
        },
        "_fUYFMJ6DEDWm3KIaEeTLYA": {
          "key": "_fUYFMJ6DEDWm3KIaEeTLYA",
          "name": "parameter3",
          "type": null,
          "probability": 1,
          "modifiers": [],
          "to_variable": {
            "key": "_degoYJ6GEDWm3KIaEeTLYA",
            "name": "parameter3",
            "type": null,
            "modifiers": [],
            "position": {}
          },
          "position": {}
        },
        "_f05YUJ6DEDWm3KIaEeTLYA": {
          "key": "_f05YUJ6DEDWm3KIaEeTLYA",
          "name": "parameter4",
          "type": null,
          "probability": 1,
          "modifiers": [],
          "to_variable": {
            "key": "_dh5TkJ6GEDWm3KIaEeTLYA",
            "name": "parameter4",
            "type": null,
            "modifiers": [],
            "position": {}
          },
          "position": {}
        },
        "_gLLxYJ6DEDWm3KIaEeTLYA": {
          "key": "_gLLxYJ6DEDWm3KIaEeTLYA",
          "name": "parameter5",
          "type": null,
          "probability": 1,
          "modifiers": [],
          "to_variable": {
            "key": "_dlDVQJ6GEDWm3KIaEeTLYA",
            "name": "parameter5",
            "type": null,
            "modifiers": [],
            "position": {}
          },
          "position": {}
        }
      }
    },
    "parameters_to_parameters_data_clump-./PersonaFisica-_aLHsYZ6DEDWm3KIaEeTLYA-_2MB1kZ6HEDWm3KIaEeTLYA-parameterparameter2parameter3parameter4parameter5": {
      "type": "data_clump",
      "key": "parameters_to_parameters_data_clump-./PersonaFisica-_aLHsYZ6DEDWm3KIaEeTLYA-_2MB1kZ6HEDWm3KIaEeTLYA-parameterparameter2parameter3parameter4parameter5",
      "probability": 1,
      "from_file_path": "./PersonaFisica",
      "from_class_or_interface_name": "PersonaFisica",
      "from_class_or_interface_key": "_C0yfIJ6DEDWm3KIaEeTLYA",
      "from_method_name": "PersonaFisica",
      "from_method_key": "_aLHsYZ6DEDWm3KIaEeTLYA",
      "to_file_path": "./Producto",
      "to_class_or_interface_name": "Producto",
      "to_class_or_interface_key": "_wkb68J6HEDWm3KIaEeTLYA",
      "to_method_name": "Producto",
      "to_method_key": "_2MB1kZ6HEDWm3KIaEeTLYA",
      "data_clump_type": "parameters_to_parameters_data_clump",
      "data_clump_data": {
        "_eAFy0J6DEDWm3KIaEeTLYA": {
          "key": "_eAFy0J6DEDWm3KIaEeTLYA",
          "name": "parameter",
          "type": null,
          "probability": 1,
          "modifiers": [],
          "to_variable": {
            "key": "_MdlzIJ6IEDWm3KIaEeTLYA",
            "name": "parameter",
            "type": null,
            "modifiers": [],
            "position": {}
          },
          "position": {}
        },
        "_ebfVYJ6DEDWm3KIaEeTLYA": {
          "key": "_ebfVYJ6DEDWm3KIaEeTLYA",
          "name": "parameter2",
          "type": null,
          "probability": 1,
          "modifiers": [],
          "to_variable": {
            "key": "_Mk7KMJ6IEDWm3KIaEeTLYA",
            "name": "parameter2",
            "type": null,
            "modifiers": [],
            "position": {}
          },
          "position": {}
        },
        "_fUYFMJ6DEDWm3KIaEeTLYA": {
          "key": "_fUYFMJ6DEDWm3KIaEeTLYA",
          "name": "parameter3",
          "type": null,
          "probability": 1,
          "modifiers": [],
          "to_variable": {
            "key": "_MplAsJ6IEDWm3KIaEeTLYA",
            "name": "parameter3",
            "type": null,
            "modifiers": [],
            "position": {}
          },
          "position": {}
        },
        "_f05YUJ6DEDWm3KIaEeTLYA": {
          "key": "_f05YUJ6DEDWm3KIaEeTLYA",
          "name": "parameter4",
          "type": null,
          "probability": 1,
          "modifiers": [],
          "to_variable": {
            "key": "_MtM8cJ6IEDWm3KIaEeTLYA",
            "name": "parameter4",
            "type": null,
            "modifiers": [],
            "position": {}
          },
          "position": {}
        },
        "_gLLxYJ6DEDWm3KIaEeTLYA": {
          "key": "_gLLxYJ6DEDWm3KIaEeTLYA",
          "name": "parameter5",
          "type": null,
          "probability": 1,
          "modifiers": [],
          "to_variable": {
            "key": "_MxHzIJ6IEDWm3KIaEeTLYA",
            "name": "parameter5",
            "type": null,
            "modifiers": [],
            "position": {}
          },
          "position": {}
        }
      }
    },
    "parameters_to_parameters_data_clump-./PersonaJuridica-_WnXxcZ6GEDWm3KIaEeTLYA-_ubD30Z6AEDWm3KIaEeTLYA-parameterparameter2parameter3parameter4parameter5parameter6parameter7parameter8": {
      "type": "data_clump",
      "key": "parameters_to_parameters_data_clump-./PersonaJuridica-_WnXxcZ6GEDWm3KIaEeTLYA-_ubD30Z6AEDWm3KIaEeTLYA-parameterparameter2parameter3parameter4parameter5parameter6parameter7parameter8",
      "probability": 1,
      "from_file_path": "./PersonaJuridica",
      "from_class_or_interface_name": "PersonaJuridica",
      "from_class_or_interface_key": "_MO9zMJ6GEDWm3KIaEeTLYA",
      "from_method_name": "PersonaJuridica",
      "from_method_key": "_WnXxcZ6GEDWm3KIaEeTLYA",
      "to_file_path": "./Cliente",
      "to_class_or_interface_name": "Cliente",
      "to_class_or_interface_key": "_MwmIUZ6AEDWm3KIaEeTLYA",
      "to_method_name": "Cliente",
      "to_method_key": "_ubD30Z6AEDWm3KIaEeTLYA",
      "data_clump_type": "parameters_to_parameters_data_clump",
      "data_clump_data": {
        "_dXNGgJ6GEDWm3KIaEeTLYA": {
          "key": "_dXNGgJ6GEDWm3KIaEeTLYA",
          "name": "parameter",
          "type": null,
          "probability": 1,
          "modifiers": [],
          "to_variable": {
            "key": "_hpzWYJ6BEDWm3KIaEeTLYA",
            "name": "parameter",
            "type": null,
            "modifiers": [],
            "position": {}
          },
          "position": {}
        },
        "_da7v8J6GEDWm3KIaEeTLYA": {
          "key": "_da7v8J6GEDWm3KIaEeTLYA",
          "name": "parameter2",
          "type": null,
          "probability": 1,
          "modifiers": [],
          "to_variable": {
            "key": "_hvnqgJ6BEDWm3KIaEeTLYA",
            "name": "parameter2",
            "type": null,
            "modifiers": [],
            "position": {}
          },
          "position": {}
        },
        "_degoYJ6GEDWm3KIaEeTLYA": {
          "key": "_degoYJ6GEDWm3KIaEeTLYA",
          "name": "parameter3",
          "type": null,
          "probability": 1,
          "modifiers": [],
          "to_variable": {
            "key": "_h0uM8J6BEDWm3KIaEeTLYA",
            "name": "parameter3",
            "type": null,
            "modifiers": [],
            "position": {}
          },
          "position": {}
        },
        "_dh5TkJ6GEDWm3KIaEeTLYA": {
          "key": "_dh5TkJ6GEDWm3KIaEeTLYA",
          "name": "parameter4",
          "type": null,
          "probability": 1,
          "modifiers": [],
          "to_variable": {
            "key": "_h3-VQJ6BEDWm3KIaEeTLYA",
            "name": "parameter4",
            "type": null,
            "modifiers": [],
            "position": {}
          },
          "position": {}
        },
        "_dlDVQJ6GEDWm3KIaEeTLYA": {
          "key": "_dlDVQJ6GEDWm3KIaEeTLYA",
          "name": "parameter5",
          "type": null,
          "probability": 1,
          "modifiers": [],
          "to_variable": {
            "key": "_h7GhwJ6BEDWm3KIaEeTLYA",
            "name": "parameter5",
            "type": null,
            "modifiers": [],
            "position": {}
          },
          "position": {}
        },
        "_dpJLEJ6GEDWm3KIaEeTLYA": {
          "key": "_dpJLEJ6GEDWm3KIaEeTLYA",
          "name": "parameter6",
          "type": null,
          "probability": 1,
          "modifiers": [],
          "to_variable": {
            "key": "_h-vEkJ6BEDWm3KIaEeTLYA",
            "name": "parameter6",
            "type": null,
            "modifiers": [],
            "position": {}
          },
          "position": {}
        },
        "_d13YcJ6GEDWm3KIaEeTLYA": {
          "key": "_d13YcJ6GEDWm3KIaEeTLYA",
          "name": "parameter7",
          "type": null,
          "probability": 1,
          "modifiers": [],
          "to_variable": {
            "key": "_iCMBMJ6BEDWm3KIaEeTLYA",
            "name": "parameter7",
            "type": null,
            "modifiers": [],
            "position": {}
          },
          "position": {}
        },
        "_d7ccAJ6GEDWm3KIaEeTLYA": {
          "key": "_d7ccAJ6GEDWm3KIaEeTLYA",
          "name": "parameter8",
          "type": null,
          "probability": 1,
          "modifiers": [],
          "to_variable": {
            "key": "_iFi3MJ6BEDWm3KIaEeTLYA",
            "name": "parameter8",
            "type": null,
            "modifiers": [],
            "position": {}
          },
          "position": {}
        }
      }
    },
    "parameters_to_parameters_data_clump-./PersonaJuridica-_WnXxcZ6GEDWm3KIaEeTLYA-_bCOBkZ6FEDWm3KIaEeTLYA-parameterparameter2parameter3parameter4parameter5parameter6parameter7parameter8": {
      "type": "data_clump",
      "key": "parameters_to_parameters_data_clump-./PersonaJuridica-_WnXxcZ6GEDWm3KIaEeTLYA-_bCOBkZ6FEDWm3KIaEeTLYA-parameterparameter2parameter3parameter4parameter5parameter6parameter7parameter8",
      "probability": 1,
      "from_file_path": "./PersonaJuridica",
      "from_class_or_interface_name": "PersonaJuridica",
      "from_class_or_interface_key": "_MO9zMJ6GEDWm3KIaEeTLYA",
      "from_method_name": "PersonaJuridica",
      "from_method_key": "_WnXxcZ6GEDWm3KIaEeTLYA",
      "to_file_path": "./Organizacion",
      "to_class_or_interface_name": "Organizacion",
      "to_class_or_interface_key": "_BI5TIJ6FEDWm3KIaEeTLYA",
      "to_method_name": "Organizacion",
      "to_method_key": "_bCOBkZ6FEDWm3KIaEeTLYA",
      "data_clump_type": "parameters_to_parameters_data_clump",
      "data_clump_data": {
        "_dXNGgJ6GEDWm3KIaEeTLYA": {
          "key": "_dXNGgJ6GEDWm3KIaEeTLYA",
          "name": "parameter",
          "type": null,
          "probability": 1,
          "modifiers": [],
          "to_variable": {
            "key": "_qVVmUJ6FEDWm3KIaEeTLYA",
            "name": "parameter",
            "type": null,
            "modifiers": [],
            "position": {}
          },
          "position": {}
        },
        "_da7v8J6GEDWm3KIaEeTLYA": {
          "key": "_da7v8J6GEDWm3KIaEeTLYA",
          "name": "parameter2",
          "type": null,
          "probability": 1,
          "modifiers": [],
          "to_variable": {
            "key": "_iIkZMJ6FEDWm3KIaEeTLYA",
            "name": "parameter2",
            "type": null,
            "modifiers": [],
            "position": {}
          },
          "position": {}
        },
        "_degoYJ6GEDWm3KIaEeTLYA": {
          "key": "_degoYJ6GEDWm3KIaEeTLYA",
          "name": "parameter3",
          "type": null,
          "probability": 1,
          "modifiers": [],
          "to_variable": {
            "key": "_ipfU8J6FEDWm3KIaEeTLYA",
            "name": "parameter3",
            "type": null,
            "modifiers": [],
            "position": {}
          },
          "position": {}
        },
        "_dh5TkJ6GEDWm3KIaEeTLYA": {
          "key": "_dh5TkJ6GEDWm3KIaEeTLYA",
          "name": "parameter4",
          "type": null,
          "probability": 1,
          "modifiers": [],
          "to_variable": {
            "key": "_iuTjgJ6FEDWm3KIaEeTLYA",
            "name": "parameter4",
            "type": null,
            "modifiers": [],
            "position": {}
          },
          "position": {}
        },
        "_dlDVQJ6GEDWm3KIaEeTLYA": {
          "key": "_dlDVQJ6GEDWm3KIaEeTLYA",
          "name": "parameter5",
          "type": null,
          "probability": 1,
          "modifiers": [],
          "to_variable": {
            "key": "_i6tn0J6FEDWm3KIaEeTLYA",
            "name": "parameter5",
            "type": null,
            "modifiers": [],
            "position": {}
          },
          "position": {}
        },
        "_dpJLEJ6GEDWm3KIaEeTLYA": {
          "key": "_dpJLEJ6GEDWm3KIaEeTLYA",
          "name": "parameter6",
          "type": null,
          "probability": 1,
          "modifiers": [],
          "to_variable": {
            "key": "_jSGNEJ6FEDWm3KIaEeTLYA",
            "name": "parameter6",
            "type": null,
            "modifiers": [],
            "position": {}
          },
          "position": {}
        },
        "_d13YcJ6GEDWm3KIaEeTLYA": {
          "key": "_d13YcJ6GEDWm3KIaEeTLYA",
          "name": "parameter7",
          "type": null,
          "probability": 1,
          "modifiers": [],
          "to_variable": {
            "key": "_jYWmEJ6FEDWm3KIaEeTLYA",
            "name": "parameter7",
            "type": null,
            "modifiers": [],
            "position": {}
          },
          "position": {}
        },
        "_d7ccAJ6GEDWm3KIaEeTLYA": {
          "key": "_d7ccAJ6GEDWm3KIaEeTLYA",
          "name": "parameter8",
          "type": null,
          "probability": 1,
          "modifiers": [],
          "to_variable": {
            "key": "_jdmScJ6FEDWm3KIaEeTLYA",
            "name": "parameter8",
            "type": null,
            "modifiers": [],
            "position": {}
          },
          "position": {}
        }
      }
    },
    "parameters_to_parameters_data_clump-./PersonaJuridica-_WnXxcZ6GEDWm3KIaEeTLYA-_aLHsYZ6DEDWm3KIaEeTLYA-parameterparameter2parameter3parameter4parameter5": {
      "type": "data_clump",
      "key": "parameters_to_parameters_data_clump-./PersonaJuridica-_WnXxcZ6GEDWm3KIaEeTLYA-_aLHsYZ6DEDWm3KIaEeTLYA-parameterparameter2parameter3parameter4parameter5",
      "probability": 1,
      "from_file_path": "./PersonaJuridica",
      "from_class_or_interface_name": "PersonaJuridica",
      "from_class_or_interface_key": "_MO9zMJ6GEDWm3KIaEeTLYA",
      "from_method_name": "PersonaJuridica",
      "from_method_key": "_WnXxcZ6GEDWm3KIaEeTLYA",
      "to_file_path": "./PersonaFisica",
      "to_class_or_interface_name": "PersonaFisica",
      "to_class_or_interface_key": "_C0yfIJ6DEDWm3KIaEeTLYA",
      "to_method_name": "PersonaFisica",
      "to_method_key": "_aLHsYZ6DEDWm3KIaEeTLYA",
      "data_clump_type": "parameters_to_parameters_data_clump",
      "data_clump_data": {
        "_dXNGgJ6GEDWm3KIaEeTLYA": {
          "key": "_dXNGgJ6GEDWm3KIaEeTLYA",
          "name": "parameter",
          "type": null,
          "probability": 1,
          "modifiers": [],
          "to_variable": {
            "key": "_eAFy0J6DEDWm3KIaEeTLYA",
            "name": "parameter",
            "type": null,
            "modifiers": [],
            "position": {}
          },
          "position": {}
        },
        "_da7v8J6GEDWm3KIaEeTLYA": {
          "key": "_da7v8J6GEDWm3KIaEeTLYA",
          "name": "parameter2",
          "type": null,
          "probability": 1,
          "modifiers": [],
          "to_variable": {
            "key": "_ebfVYJ6DEDWm3KIaEeTLYA",
            "name": "parameter2",
            "type": null,
            "modifiers": [],
            "position": {}
          },
          "position": {}
        },
        "_degoYJ6GEDWm3KIaEeTLYA": {
          "key": "_degoYJ6GEDWm3KIaEeTLYA",
          "name": "parameter3",
          "type": null,
          "probability": 1,
          "modifiers": [],
          "to_variable": {
            "key": "_fUYFMJ6DEDWm3KIaEeTLYA",
            "name": "parameter3",
            "type": null,
            "modifiers": [],
            "position": {}
          },
          "position": {}
        },
        "_dh5TkJ6GEDWm3KIaEeTLYA": {
          "key": "_dh5TkJ6GEDWm3KIaEeTLYA",
          "name": "parameter4",
          "type": null,
          "probability": 1,
          "modifiers": [],
          "to_variable": {
            "key": "_f05YUJ6DEDWm3KIaEeTLYA",
            "name": "parameter4",
            "type": null,
            "modifiers": [],
            "position": {}
          },
          "position": {}
        },
        "_dlDVQJ6GEDWm3KIaEeTLYA": {
          "key": "_dlDVQJ6GEDWm3KIaEeTLYA",
          "name": "parameter5",
          "type": null,
          "probability": 1,
          "modifiers": [],
          "to_variable": {
            "key": "_gLLxYJ6DEDWm3KIaEeTLYA",
            "name": "parameter5",
            "type": null,
            "modifiers": [],
            "position": {}
          },
          "position": {}
        }
      }
    },
    "parameters_to_parameters_data_clump-./PersonaJuridica-_WnXxcZ6GEDWm3KIaEeTLYA-_2MB1kZ6HEDWm3KIaEeTLYA-parameterparameter2parameter3parameter4parameter5parameter6": {
      "type": "data_clump",
      "key": "parameters_to_parameters_data_clump-./PersonaJuridica-_WnXxcZ6GEDWm3KIaEeTLYA-_2MB1kZ6HEDWm3KIaEeTLYA-parameterparameter2parameter3parameter4parameter5parameter6",
      "probability": 1,
      "from_file_path": "./PersonaJuridica",
      "from_class_or_interface_name": "PersonaJuridica",
      "from_class_or_interface_key": "_MO9zMJ6GEDWm3KIaEeTLYA",
      "from_method_name": "PersonaJuridica",
      "from_method_key": "_WnXxcZ6GEDWm3KIaEeTLYA",
      "to_file_path": "./Producto",
      "to_class_or_interface_name": "Producto",
      "to_class_or_interface_key": "_wkb68J6HEDWm3KIaEeTLYA",
      "to_method_name": "Producto",
      "to_method_key": "_2MB1kZ6HEDWm3KIaEeTLYA",
      "data_clump_type": "parameters_to_parameters_data_clump",
      "data_clump_data": {
        "_dXNGgJ6GEDWm3KIaEeTLYA": {
          "key": "_dXNGgJ6GEDWm3KIaEeTLYA",
          "name": "parameter",
          "type": null,
          "probability": 1,
          "modifiers": [],
          "to_variable": {
            "key": "_MdlzIJ6IEDWm3KIaEeTLYA",
            "name": "parameter",
            "type": null,
            "modifiers": [],
            "position": {}
          },
          "position": {}
        },
        "_da7v8J6GEDWm3KIaEeTLYA": {
          "key": "_da7v8J6GEDWm3KIaEeTLYA",
          "name": "parameter2",
          "type": null,
          "probability": 1,
          "modifiers": [],
          "to_variable": {
            "key": "_Mk7KMJ6IEDWm3KIaEeTLYA",
            "name": "parameter2",
            "type": null,
            "modifiers": [],
            "position": {}
          },
          "position": {}
        },
        "_degoYJ6GEDWm3KIaEeTLYA": {
          "key": "_degoYJ6GEDWm3KIaEeTLYA",
          "name": "parameter3",
          "type": null,
          "probability": 1,
          "modifiers": [],
          "to_variable": {
            "key": "_MplAsJ6IEDWm3KIaEeTLYA",
            "name": "parameter3",
            "type": null,
            "modifiers": [],
            "position": {}
          },
          "position": {}
        },
        "_dh5TkJ6GEDWm3KIaEeTLYA": {
          "key": "_dh5TkJ6GEDWm3KIaEeTLYA",
          "name": "parameter4",
          "type": null,
          "probability": 1,
          "modifiers": [],
          "to_variable": {
            "key": "_MtM8cJ6IEDWm3KIaEeTLYA",
            "name": "parameter4",
            "type": null,
            "modifiers": [],
            "position": {}
          },
          "position": {}
        },
        "_dlDVQJ6GEDWm3KIaEeTLYA": {
          "key": "_dlDVQJ6GEDWm3KIaEeTLYA",
          "name": "parameter5",
          "type": null,
          "probability": 1,
          "modifiers": [],
          "to_variable": {
            "key": "_MxHzIJ6IEDWm3KIaEeTLYA",
            "name": "parameter5",
            "type": null,
            "modifiers": [],
            "position": {}
          },
          "position": {}
        },
        "_dpJLEJ6GEDWm3KIaEeTLYA": {
          "key": "_dpJLEJ6GEDWm3KIaEeTLYA",
          "name": "parameter6",
          "type": null,
          "probability": 1,
          "modifiers": [],
          "to_variable": {
            "key": "_M1LMsJ6IEDWm3KIaEeTLYA",
            "name": "parameter6",
            "type": null,
            "modifiers": [],
            "position": {}
          },
          "position": {}
        }
      }
    },
    "parameters_to_parameters_data_clump-./Producto-_2MB1kZ6HEDWm3KIaEeTLYA-_ubD30Z6AEDWm3KIaEeTLYA-parameterparameter2parameter3parameter4parameter5parameter6": {
      "type": "data_clump",
      "key": "parameters_to_parameters_data_clump-./Producto-_2MB1kZ6HEDWm3KIaEeTLYA-_ubD30Z6AEDWm3KIaEeTLYA-parameterparameter2parameter3parameter4parameter5parameter6",
      "probability": 1,
      "from_file_path": "./Producto",
      "from_class_or_interface_name": "Producto",
      "from_class_or_interface_key": "_wkb68J6HEDWm3KIaEeTLYA",
      "from_method_name": "Producto",
      "from_method_key": "_2MB1kZ6HEDWm3KIaEeTLYA",
      "to_file_path": "./Cliente",
      "to_class_or_interface_name": "Cliente",
      "to_class_or_interface_key": "_MwmIUZ6AEDWm3KIaEeTLYA",
      "to_method_name": "Cliente",
      "to_method_key": "_ubD30Z6AEDWm3KIaEeTLYA",
      "data_clump_type": "parameters_to_parameters_data_clump",
      "data_clump_data": {
        "_MdlzIJ6IEDWm3KIaEeTLYA": {
          "key": "_MdlzIJ6IEDWm3KIaEeTLYA",
          "name": "parameter",
          "type": null,
          "probability": 1,
          "modifiers": [],
          "to_variable": {
            "key": "_hpzWYJ6BEDWm3KIaEeTLYA",
            "name": "parameter",
            "type": null,
            "modifiers": [],
            "position": {}
          },
          "position": {}
        },
        "_Mk7KMJ6IEDWm3KIaEeTLYA": {
          "key": "_Mk7KMJ6IEDWm3KIaEeTLYA",
          "name": "parameter2",
          "type": null,
          "probability": 1,
          "modifiers": [],
          "to_variable": {
            "key": "_hvnqgJ6BEDWm3KIaEeTLYA",
            "name": "parameter2",
            "type": null,
            "modifiers": [],
            "position": {}
          },
          "position": {}
        },
        "_MplAsJ6IEDWm3KIaEeTLYA": {
          "key": "_MplAsJ6IEDWm3KIaEeTLYA",
          "name": "parameter3",
          "type": null,
          "probability": 1,
          "modifiers": [],
          "to_variable": {
            "key": "_h0uM8J6BEDWm3KIaEeTLYA",
            "name": "parameter3",
            "type": null,
            "modifiers": [],
            "position": {}
          },
          "position": {}
        },
        "_MtM8cJ6IEDWm3KIaEeTLYA": {
          "key": "_MtM8cJ6IEDWm3KIaEeTLYA",
          "name": "parameter4",
          "type": null,
          "probability": 1,
          "modifiers": [],
          "to_variable": {
            "key": "_h3-VQJ6BEDWm3KIaEeTLYA",
            "name": "parameter4",
            "type": null,
            "modifiers": [],
            "position": {}
          },
          "position": {}
        },
        "_MxHzIJ6IEDWm3KIaEeTLYA": {
          "key": "_MxHzIJ6IEDWm3KIaEeTLYA",
          "name": "parameter5",
          "type": null,
          "probability": 1,
          "modifiers": [],
          "to_variable": {
            "key": "_h7GhwJ6BEDWm3KIaEeTLYA",
            "name": "parameter5",
            "type": null,
            "modifiers": [],
            "position": {}
          },
          "position": {}
        },
        "_M1LMsJ6IEDWm3KIaEeTLYA": {
          "key": "_M1LMsJ6IEDWm3KIaEeTLYA",
          "name": "parameter6",
          "type": null,
          "probability": 1,
          "modifiers": [],
          "to_variable": {
            "key": "_h-vEkJ6BEDWm3KIaEeTLYA",
            "name": "parameter6",
            "type": null,
            "modifiers": [],
            "position": {}
          },
          "position": {}
        }
      }
    },
    "parameters_to_parameters_data_clump-./Producto-_2MB1kZ6HEDWm3KIaEeTLYA-_bCOBkZ6FEDWm3KIaEeTLYA-parameterparameter2parameter3parameter4parameter5parameter6": {
      "type": "data_clump",
      "key": "parameters_to_parameters_data_clump-./Producto-_2MB1kZ6HEDWm3KIaEeTLYA-_bCOBkZ6FEDWm3KIaEeTLYA-parameterparameter2parameter3parameter4parameter5parameter6",
      "probability": 1,
      "from_file_path": "./Producto",
      "from_class_or_interface_name": "Producto",
      "from_class_or_interface_key": "_wkb68J6HEDWm3KIaEeTLYA",
      "from_method_name": "Producto",
      "from_method_key": "_2MB1kZ6HEDWm3KIaEeTLYA",
      "to_file_path": "./Organizacion",
      "to_class_or_interface_name": "Organizacion",
      "to_class_or_interface_key": "_BI5TIJ6FEDWm3KIaEeTLYA",
      "to_method_name": "Organizacion",
      "to_method_key": "_bCOBkZ6FEDWm3KIaEeTLYA",
      "data_clump_type": "parameters_to_parameters_data_clump",
      "data_clump_data": {
        "_MdlzIJ6IEDWm3KIaEeTLYA": {
          "key": "_MdlzIJ6IEDWm3KIaEeTLYA",
          "name": "parameter",
          "type": null,
          "probability": 1,
          "modifiers": [],
          "to_variable": {
            "key": "_qVVmUJ6FEDWm3KIaEeTLYA",
            "name": "parameter",
            "type": null,
            "modifiers": [],
            "position": {}
          },
          "position": {}
        },
        "_Mk7KMJ6IEDWm3KIaEeTLYA": {
          "key": "_Mk7KMJ6IEDWm3KIaEeTLYA",
          "name": "parameter2",
          "type": null,
          "probability": 1,
          "modifiers": [],
          "to_variable": {
            "key": "_iIkZMJ6FEDWm3KIaEeTLYA",
            "name": "parameter2",
            "type": null,
            "modifiers": [],
            "position": {}
          },
          "position": {}
        },
        "_MplAsJ6IEDWm3KIaEeTLYA": {
          "key": "_MplAsJ6IEDWm3KIaEeTLYA",
          "name": "parameter3",
          "type": null,
          "probability": 1,
          "modifiers": [],
          "to_variable": {
            "key": "_ipfU8J6FEDWm3KIaEeTLYA",
            "name": "parameter3",
            "type": null,
            "modifiers": [],
            "position": {}
          },
          "position": {}
        },
        "_MtM8cJ6IEDWm3KIaEeTLYA": {
          "key": "_MtM8cJ6IEDWm3KIaEeTLYA",
          "name": "parameter4",
          "type": null,
          "probability": 1,
          "modifiers": [],
          "to_variable": {
            "key": "_iuTjgJ6FEDWm3KIaEeTLYA",
            "name": "parameter4",
            "type": null,
            "modifiers": [],
            "position": {}
          },
          "position": {}
        },
        "_MxHzIJ6IEDWm3KIaEeTLYA": {
          "key": "_MxHzIJ6IEDWm3KIaEeTLYA",
          "name": "parameter5",
          "type": null,
          "probability": 1,
          "modifiers": [],
          "to_variable": {
            "key": "_i6tn0J6FEDWm3KIaEeTLYA",
            "name": "parameter5",
            "type": null,
            "modifiers": [],
            "position": {}
          },
          "position": {}
        },
        "_M1LMsJ6IEDWm3KIaEeTLYA": {
          "key": "_M1LMsJ6IEDWm3KIaEeTLYA",
          "name": "parameter6",
          "type": null,
          "probability": 1,
          "modifiers": [],
          "to_variable": {
            "key": "_jSGNEJ6FEDWm3KIaEeTLYA",
            "name": "parameter6",
            "type": null,
            "modifiers": [],
            "position": {}
          },
          "position": {}
        }
      }
    },
    "parameters_to_parameters_data_clump-./Producto-_2MB1kZ6HEDWm3KIaEeTLYA-_aLHsYZ6DEDWm3KIaEeTLYA-parameterparameter2parameter3parameter4parameter5": {
      "type": "data_clump",
      "key": "parameters_to_parameters_data_clump-./Producto-_2MB1kZ6HEDWm3KIaEeTLYA-_aLHsYZ6DEDWm3KIaEeTLYA-parameterparameter2parameter3parameter4parameter5",
      "probability": 1,
      "from_file_path": "./Producto",
      "from_class_or_interface_name": "Producto",
      "from_class_or_interface_key": "_wkb68J6HEDWm3KIaEeTLYA",
      "from_method_name": "Producto",
      "from_method_key": "_2MB1kZ6HEDWm3KIaEeTLYA",
      "to_file_path": "./PersonaFisica",
      "to_class_or_interface_name": "PersonaFisica",
      "to_class_or_interface_key": "_C0yfIJ6DEDWm3KIaEeTLYA",
      "to_method_name": "PersonaFisica",
      "to_method_key": "_aLHsYZ6DEDWm3KIaEeTLYA",
      "data_clump_type": "parameters_to_parameters_data_clump",
      "data_clump_data": {
        "_MdlzIJ6IEDWm3KIaEeTLYA": {
          "key": "_MdlzIJ6IEDWm3KIaEeTLYA",
          "name": "parameter",
          "type": null,
          "probability": 1,
          "modifiers": [],
          "to_variable": {
            "key": "_eAFy0J6DEDWm3KIaEeTLYA",
            "name": "parameter",
            "type": null,
            "modifiers": [],
            "position": {}
          },
          "position": {}
        },
        "_Mk7KMJ6IEDWm3KIaEeTLYA": {
          "key": "_Mk7KMJ6IEDWm3KIaEeTLYA",
          "name": "parameter2",
          "type": null,
          "probability": 1,
          "modifiers": [],
          "to_variable": {
            "key": "_ebfVYJ6DEDWm3KIaEeTLYA",
            "name": "parameter2",
            "type": null,
            "modifiers": [],
            "position": {}
          },
          "position": {}
        },
        "_MplAsJ6IEDWm3KIaEeTLYA": {
          "key": "_MplAsJ6IEDWm3KIaEeTLYA",
          "name": "parameter3",
          "type": null,
          "probability": 1,
          "modifiers": [],
          "to_variable": {
            "key": "_fUYFMJ6DEDWm3KIaEeTLYA",
            "name": "parameter3",
            "type": null,
            "modifiers": [],
            "position": {}
          },
          "position": {}
        },
        "_MtM8cJ6IEDWm3KIaEeTLYA": {
          "key": "_MtM8cJ6IEDWm3KIaEeTLYA",
          "name": "parameter4",
          "type": null,
          "probability": 1,
          "modifiers": [],
          "to_variable": {
            "key": "_f05YUJ6DEDWm3KIaEeTLYA",
            "name": "parameter4",
            "type": null,
            "modifiers": [],
            "position": {}
          },
          "position": {}
        },
        "_MxHzIJ6IEDWm3KIaEeTLYA": {
          "key": "_MxHzIJ6IEDWm3KIaEeTLYA",
          "name": "parameter5",
          "type": null,
          "probability": 1,
          "modifiers": [],
          "to_variable": {
            "key": "_gLLxYJ6DEDWm3KIaEeTLYA",
            "name": "parameter5",
            "type": null,
            "modifiers": [],
            "position": {}
          },
          "position": {}
        }
      }
    },
    "parameters_to_parameters_data_clump-./Producto-_2MB1kZ6HEDWm3KIaEeTLYA-_WnXxcZ6GEDWm3KIaEeTLYA-parameterparameter2parameter3parameter4parameter5parameter6": {
      "type": "data_clump",
      "key": "parameters_to_parameters_data_clump-./Producto-_2MB1kZ6HEDWm3KIaEeTLYA-_WnXxcZ6GEDWm3KIaEeTLYA-parameterparameter2parameter3parameter4parameter5parameter6",
      "probability": 1,
      "from_file_path": "./Producto",
      "from_class_or_interface_name": "Producto",
      "from_class_or_interface_key": "_wkb68J6HEDWm3KIaEeTLYA",
      "from_method_name": "Producto",
      "from_method_key": "_2MB1kZ6HEDWm3KIaEeTLYA",
      "to_file_path": "./PersonaJuridica",
      "to_class_or_interface_name": "PersonaJuridica",
      "to_class_or_interface_key": "_MO9zMJ6GEDWm3KIaEeTLYA",
      "to_method_name": "PersonaJuridica",
      "to_method_key": "_WnXxcZ6GEDWm3KIaEeTLYA",
      "data_clump_type": "parameters_to_parameters_data_clump",
      "data_clump_data": {
        "_MdlzIJ6IEDWm3KIaEeTLYA": {
          "key": "_MdlzIJ6IEDWm3KIaEeTLYA",
          "name": "parameter",
          "type": null,
          "probability": 1,
          "modifiers": [],
          "to_variable": {
            "key": "_dXNGgJ6GEDWm3KIaEeTLYA",
            "name": "parameter",
            "type": null,
            "modifiers": [],
            "position": {}
          },
          "position": {}
        },
        "_Mk7KMJ6IEDWm3KIaEeTLYA": {
          "key": "_Mk7KMJ6IEDWm3KIaEeTLYA",
          "name": "parameter2",
          "type": null,
          "probability": 1,
          "modifiers": [],
          "to_variable": {
            "key": "_da7v8J6GEDWm3KIaEeTLYA",
            "name": "parameter2",
            "type": null,
            "modifiers": [],
            "position": {}
          },
          "position": {}
        },
        "_MplAsJ6IEDWm3KIaEeTLYA": {
          "key": "_MplAsJ6IEDWm3KIaEeTLYA",
          "name": "parameter3",
          "type": null,
          "probability": 1,
          "modifiers": [],
          "to_variable": {
            "key": "_degoYJ6GEDWm3KIaEeTLYA",
            "name": "parameter3",
            "type": null,
            "modifiers": [],
            "position": {}
          },
          "position": {}
        },
        "_MtM8cJ6IEDWm3KIaEeTLYA": {
          "key": "_MtM8cJ6IEDWm3KIaEeTLYA",
          "name": "parameter4",
          "type": null,
          "probability": 1,
          "modifiers": [],
          "to_variable": {
            "key": "_dh5TkJ6GEDWm3KIaEeTLYA",
            "name": "parameter4",
            "type": null,
            "modifiers": [],
            "position": {}
          },
          "position": {}
        },
        "_MxHzIJ6IEDWm3KIaEeTLYA": {
          "key": "_MxHzIJ6IEDWm3KIaEeTLYA",
          "name": "parameter5",
          "type": null,
          "probability": 1,
          "modifiers": [],
          "to_variable": {
            "key": "_dlDVQJ6GEDWm3KIaEeTLYA",
            "name": "parameter5",
            "type": null,
            "modifiers": [],
            "position": {}
          },
          "position": {}
        },
        "_M1LMsJ6IEDWm3KIaEeTLYA": {
          "key": "_M1LMsJ6IEDWm3KIaEeTLYA",
          "name": "parameter6",
          "type": null,
          "probability": 1,
          "modifiers": [],
          "to_variable": {
            "key": "_dpJLEJ6GEDWm3KIaEeTLYA",
            "name": "parameter6",
            "type": null,
            "modifiers": [],
            "position": {}
          },
          "position": {}
        }
      }
    }
  }
}