{
  "report_version": "unknown",
  "report_timestamp": "2025-03-26T23:07:46.370Z",
  "target_language": "java",
  "report_summary": {
    "additional": null,
    "amount_classes_or_interfaces_with_data_clumps": 2,
    "amount_files_with_data_clumps": 2,
    "amount_methods_with_data_clumps": 0,
    "fields_to_fields_data_clump": 2,
    "parameters_to_fields_data_clump": 0,
    "parameters_to_parameters_data_clump": 0,
    "amount_data_clumps": 2
  },
  "project_info": {
    "project_url": "unknown_project_url",
    "project_name": "76a6ad1d-5fba-4e5a-b337-abb37d27042e",
    "project_version": "unknown_project_version",
    "project_commit_hash": "unknown",
    "project_tag": null,
    "project_commit_date": null,
    "additional": {},
    "number_of_files": 8,
    "number_of_classes_or_interfaces": 8,
    "number_of_methods": 31,
    "number_of_data_fields": 12,
    "number_of_method_parameters": 16
  },
  "detector": {
    "name": "data-clumps-doctor",
    "url": "https://github.com/NilsBaumgartner1994/data-clumps-doctor",
    "version": "0.1.100",
    "options": {
      "typeVariablesConsidered": false,
      "similarityModifierOfVariablesWithUnknownType": 0,
      "fieldsOfClassesWithUnknownHierarchyProbabilityModifier": 0,
      "sharedFieldsToFieldsAmountMinimum": 3,
      "analyseFieldsInClassesOrInterfacesInheritedFromSuperClassesOrInterfaces": false,
      "sharedParametersToParametersAmountMinimum": 3,
      "sharedParametersToFieldsAmountMinimum": 3,
      "methodsOfClassesOrInterfacesWithUnknownHierarchyProbabilityModifier": 0
    }
  },
  "data_clumps": {
    "fields_to_fields_data_clump-./ApproveTO-_3BbHQdUTEDWay5oAllf6NQ-_kU92kNZwEDWVvoYgj8fVcA-medicineIddosagenumberOfMedicinesstatus": {
      "type": "data_clump",
      "key": "fields_to_fields_data_clump-./ApproveTO-_3BbHQdUTEDWay5oAllf6NQ-_kU92kNZwEDWVvoYgj8fVcA-medicineIddosagenumberOfMedicinesstatus",
      "probability": 1,
      "from_file_path": "./ApproveTO",
      "from_class_or_interface_name": "ApproveTO",
      "from_class_or_interface_key": "_3BbHQdUTEDWay5oAllf6NQ",
      "from_method_name": null,
      "from_method_key": null,
      "to_file_path": "./RequestTO",
      "to_class_or_interface_key": "_kU92kNZwEDWVvoYgj8fVcA",
      "to_class_or_interface_name": "ApproveTO",
      "to_method_key": null,
      "to_method_name": null,
      "data_clump_type": "fields_to_fields_data_clump",
      "data_clump_data": {
        "_DPEI0NUUEDWay5oAllf6NQ": {
          "key": "_DPEI0NUUEDWay5oAllf6NQ",
          "name": "medicineId",
          "type": null,
          "probability": 1,
          "modifiers": [],
          "to_variable": {
            "key": "_kU-doNZwEDWVvoYgj8fVcA",
            "name": "medicineId",
            "type": null,
            "modifiers": [],
            "position": {}
          },
          "position": {}
        },
        "_FDJ8odUUEDWay5oAllf6NQ": {
          "key": "_FDJ8odUUEDWay5oAllf6NQ",
          "name": "dosage",
          "type": null,
          "probability": 1,
          "modifiers": [],
          "to_variable": {
            "key": "_kU-dodZwEDWVvoYgj8fVcA",
            "name": "dosage",
            "type": null,
            "modifiers": [],
            "position": {}
          },
          "position": {}
        },
        "_I1AdoNUUEDWay5oAllf6NQ": {
          "key": "_I1AdoNUUEDWay5oAllf6NQ",
          "name": "numberOfMedicines",
          "type": null,
          "probability": 1,
          "modifiers": [],
          "to_variable": {
            "key": "_kU-dotZwEDWVvoYgj8fVcA",
            "name": "numberOfMedicines",
            "type": null,
            "modifiers": [],
            "position": {}
          },
          "position": {}
        },
        "_OGmTEdUUEDWay5oAllf6NQ": {
          "key": "_OGmTEdUUEDWay5oAllf6NQ",
          "name": "status",
          "type": null,
          "probability": 1,
          "modifiers": [],
          "to_variable": {
            "key": "_kU-dpNZwEDWVvoYgj8fVcA",
            "name": "status",
            "type": null,
            "modifiers": [],
            "position": {}
          },
          "position": {}
        }
      }
    },
    "fields_to_fields_data_clump-./RequestTO-_kU92kNZwEDWVvoYgj8fVcA-_3BbHQdUTEDWay5oAllf6NQ-medicineIddosagenumberOfMedicinesstatus": {
      "type": "data_clump",
      "key": "fields_to_fields_data_clump-./RequestTO-_kU92kNZwEDWVvoYgj8fVcA-_3BbHQdUTEDWay5oAllf6NQ-medicineIddosagenumberOfMedicinesstatus",
      "probability": 1,
      "from_file_path": "./RequestTO",
      "from_class_or_interface_name": "RequestTO",
      "from_class_or_interface_key": "_kU92kNZwEDWVvoYgj8fVcA",
      "from_method_name": null,
      "from_method_key": null,
      "to_file_path": "./ApproveTO",
      "to_class_or_interface_key": "_3BbHQdUTEDWay5oAllf6NQ",
      "to_class_or_interface_name": "RequestTO",
      "to_method_key": null,
      "to_method_name": null,
      "data_clump_type": "fields_to_fields_data_clump",
      "data_clump_data": {
        "_kU-doNZwEDWVvoYgj8fVcA": {
          "key": "_kU-doNZwEDWVvoYgj8fVcA",
          "name": "medicineId",
          "type": null,
          "probability": 1,
          "modifiers": [],
          "to_variable": {
            "key": "_DPEI0NUUEDWay5oAllf6NQ",
            "name": "medicineId",
            "type": null,
            "modifiers": [],
            "position": {}
          },
          "position": {}
        },
        "_kU-dodZwEDWVvoYgj8fVcA": {
          "key": "_kU-dodZwEDWVvoYgj8fVcA",
          "name": "dosage",
          "type": null,
          "probability": 1,
          "modifiers": [],
          "to_variable": {
            "key": "_FDJ8odUUEDWay5oAllf6NQ",
            "name": "dosage",
            "type": null,
            "modifiers": [],
            "position": {}
          },
          "position": {}
        },
        "_kU-dotZwEDWVvoYgj8fVcA": {
          "key": "_kU-dotZwEDWVvoYgj8fVcA",
          "name": "numberOfMedicines",
          "type": null,
          "probability": 1,
          "modifiers": [],
          "to_variable": {
            "key": "_I1AdoNUUEDWay5oAllf6NQ",
            "name": "numberOfMedicines",
            "type": null,
            "modifiers": [],
            "position": {}
          },
          "position": {}
        },
        "_kU-dpNZwEDWVvoYgj8fVcA": {
          "key": "_kU-dpNZwEDWVvoYgj8fVcA",
          "name": "status",
          "type": null,
          "probability": 1,
          "modifiers": [],
          "to_variable": {
            "key": "_OGmTEdUUEDWay5oAllf6NQ",
            "name": "status",
            "type": null,
            "modifiers": [],
            "position": {}
          },
          "position": {}
        }
      }
    }
  }
}