{
  "report_version": "unknown",
  "report_timestamp": "2025-03-26T22:43:38.230Z",
  "target_language": "java",
  "report_summary": {
    "additional": null,
    "amount_classes_or_interfaces_with_data_clumps": 2,
    "amount_files_with_data_clumps": 2,
    "amount_methods_with_data_clumps": 0,
    "fields_to_fields_data_clump": 2,
    "parameters_to_fields_data_clump": 0,
    "parameters_to_parameters_data_clump": 0,
    "amount_data_clumps": 2
  },
  "project_info": {
    "project_url": "unknown_project_url",
    "project_name": "_Ton_wFwaEeW0GJG0C5h6LA",
    "project_version": "unknown_project_version",
    "project_commit_hash": "unknown",
    "project_tag": null,
    "project_commit_date": null,
    "additional": {},
    "number_of_files": 7,
    "number_of_classes_or_interfaces": 7,
    "number_of_methods": 19,
    "number_of_data_fields": 20,
    "number_of_method_parameters": 0
  },
  "detector": {
    "name": "data-clumps-doctor",
    "url": "https://github.com/NilsBaumgartner1994/data-clumps-doctor",
    "version": "0.1.100",
    "options": {
      "typeVariablesConsidered": false,
      "similarityModifierOfVariablesWithUnknownType": 0,
      "fieldsOfClassesWithUnknownHierarchyProbabilityModifier": 0,
      "sharedFieldsToFieldsAmountMinimum": 3,
      "analyseFieldsInClassesOrInterfacesInheritedFromSuperClassesOrInterfaces": false,
      "sharedParametersToParametersAmountMinimum": 3,
      "sharedParametersToFieldsAmountMinimum": 3,
      "methodsOfClassesOrInterfacesWithUnknownHierarchyProbabilityModifier": 0
    }
  },
  "data_clumps": {
    "fields_to_fields_data_clump-./Book-_ksrsYD73EDOsvojHA8F6Ng-_jSg_AD74EDOsvojHA8F6Ng-isReferenceisCheckedOutisOnReserve": {
      "type": "data_clump",
      "key": "fields_to_fields_data_clump-./Book-_ksrsYD73EDOsvojHA8F6Ng-_jSg_AD74EDOsvojHA8F6Ng-isReferenceisCheckedOutisOnReserve",
      "probability": 1,
      "from_file_path": "./Book",
      "from_class_or_interface_name": "Book",
      "from_class_or_interface_key": "_ksrsYD73EDOsvojHA8F6Ng",
      "from_method_name": null,
      "from_method_key": null,
      "to_file_path": "./Media",
      "to_class_or_interface_key": "_jSg_AD74EDOsvojHA8F6Ng",
      "to_class_or_interface_name": "Book",
      "to_method_key": null,
      "to_method_name": null,
      "data_clump_type": "fields_to_fields_data_clump",
      "data_clump_data": {
        "_lz2IwD73EDOsvojHA8F6Ng": {
          "key": "_lz2IwD73EDOsvojHA8F6Ng",
          "name": "isReference",
          "type": null,
          "probability": 1,
          "modifiers": [],
          "to_variable": {
            "key": "_oM6ccD74EDOsvojHA8F6Ng",
            "name": "isReference",
            "type": null,
            "modifiers": [],
            "position": {}
          },
          "position": {}
        },
        "_o_AdMD73EDOsvojHA8F6Ng": {
          "key": "_o_AdMD73EDOsvojHA8F6Ng",
          "name": "isCheckedOut",
          "type": null,
          "probability": 1,
          "modifiers": [],
          "to_variable": {
            "key": "_j1qvYD74EDOsvojHA8F6Ng",
            "name": "isCheckedOut",
            "type": null,
            "modifiers": [],
            "position": {}
          },
          "position": {}
        },
        "_uBPA8D73EDOsvojHA8F6Ng": {
          "key": "_uBPA8D73EDOsvojHA8F6Ng",
          "name": "isOnReserve",
          "type": null,
          "probability": 1,
          "modifiers": [],
          "to_variable": {
            "key": "_plupgD74EDOsvojHA8F6Ng",
            "name": "isOnReserve",
            "type": null,
            "modifiers": [],
            "position": {}
          },
          "position": {}
        }
      }
    },
    "fields_to_fields_data_clump-./Media-_jSg_AD74EDOsvojHA8F6Ng-_ksrsYD73EDOsvojHA8F6Ng-isCheckedOutisReferenceisOnReserve": {
      "type": "data_clump",
      "key": "fields_to_fields_data_clump-./Media-_jSg_AD74EDOsvojHA8F6Ng-_ksrsYD73EDOsvojHA8F6Ng-isCheckedOutisReferenceisOnReserve",
      "probability": 1,
      "from_file_path": "./Media",
      "from_class_or_interface_name": "Media",
      "from_class_or_interface_key": "_jSg_AD74EDOsvojHA8F6Ng",
      "from_method_name": null,
      "from_method_key": null,
      "to_file_path": "./Book",
      "to_class_or_interface_key": "_ksrsYD73EDOsvojHA8F6Ng",
      "to_class_or_interface_name": "Media",
      "to_method_key": null,
      "to_method_name": null,
      "data_clump_type": "fields_to_fields_data_clump",
      "data_clump_data": {
        "_j1qvYD74EDOsvojHA8F6Ng": {
          "key": "_j1qvYD74EDOsvojHA8F6Ng",
          "name": "isCheckedOut",
          "type": null,
          "probability": 1,
          "modifiers": [],
          "to_variable": {
            "key": "_o_AdMD73EDOsvojHA8F6Ng",
            "name": "isCheckedOut",
            "type": null,
            "modifiers": [],
            "position": {}
          },
          "position": {}
        },
        "_oM6ccD74EDOsvojHA8F6Ng": {
          "key": "_oM6ccD74EDOsvojHA8F6Ng",
          "name": "isReference",
          "type": null,
          "probability": 1,
          "modifiers": [],
          "to_variable": {
            "key": "_lz2IwD73EDOsvojHA8F6Ng",
            "name": "isReference",
            "type": null,
            "modifiers": [],
            "position": {}
          },
          "position": {}
        },
        "_plupgD74EDOsvojHA8F6Ng": {
          "key": "_plupgD74EDOsvojHA8F6Ng",
          "name": "isOnReserve",
          "type": null,
          "probability": 1,
          "modifiers": [],
          "to_variable": {
            "key": "_uBPA8D73EDOsvojHA8F6Ng",
            "name": "isOnReserve",
            "type": null,
            "modifiers": [],
            "position": {}
          },
          "position": {}
        }
      }
    }
  }
}