{
  "report_version": "unknown",
  "report_timestamp": "2025-03-26T23:06:59.189Z",
  "target_language": "java",
  "report_summary": {
    "additional": null,
    "amount_classes_or_interfaces_with_data_clumps": 1,
    "amount_files_with_data_clumps": 1,
    "amount_methods_with_data_clumps": 2,
    "fields_to_fields_data_clump": 0,
    "parameters_to_fields_data_clump": 0,
    "parameters_to_parameters_data_clump": 2,
    "amount_data_clumps": 2
  },
  "project_info": {
    "project_url": "unknown_project_url",
    "project_name": "_wi7hIJKFEDG_H5RkFjJqjg",
    "project_version": "unknown_project_version",
    "project_commit_hash": "unknown",
    "project_tag": null,
    "project_commit_date": null,
    "additional": {},
    "number_of_files": 10,
    "number_of_classes_or_interfaces": 10,
    "number_of_methods": 15,
    "number_of_data_fields": 16,
    "number_of_method_parameters": 17
  },
  "detector": {
    "name": "data-clumps-doctor",
    "url": "https://github.com/NilsBaumgartner1994/data-clumps-doctor",
    "version": "0.1.100",
    "options": {
      "typeVariablesConsidered": false,
      "similarityModifierOfVariablesWithUnknownType": 0,
      "fieldsOfClassesWithUnknownHierarchyProbabilityModifier": 0,
      "sharedFieldsToFieldsAmountMinimum": 3,
      "analyseFieldsInClassesOrInterfacesInheritedFromSuperClassesOrInterfaces": false,
      "sharedParametersToParametersAmountMinimum": 3,
      "sharedParametersToFieldsAmountMinimum": 3,
      "methodsOfClassesOrInterfacesWithUnknownHierarchyProbabilityModifier": 0
    }
  },
  "data_clumps": {
    "parameters_to_parameters_data_clump-./Employee-_kE7i0JKaEDGpxf55kcI7Mw-_tukrsJKcEDGpxf55kcI7Mw-parameterparameter2parameter3parameter4": {
      "type": "data_clump",
      "key": "parameters_to_parameters_data_clump-./Employee-_kE7i0JKaEDGpxf55kcI7Mw-_tukrsJKcEDGpxf55kcI7Mw-parameterparameter2parameter3parameter4",
      "probability": 1,
      "from_file_path": "./Employee",
      "from_class_or_interface_name": "Employee",
      "from_class_or_interface_key": "_S4jWYJKaEDGpxf55kcI7Mw",
      "from_method_name": "createFood",
      "from_method_key": "_kE7i0JKaEDGpxf55kcI7Mw",
      "to_file_path": "./Employee",
      "to_class_or_interface_name": "Employee",
      "to_class_or_interface_key": "_S4jWYJKaEDGpxf55kcI7Mw",
      "to_method_name": "createDrink",
      "to_method_key": "_tukrsJKcEDGpxf55kcI7Mw",
      "data_clump_type": "parameters_to_parameters_data_clump",
      "data_clump_data": {
        "_AXVogJKbEDGpxf55kcI7Mw": {
          "key": "_AXVogJKbEDGpxf55kcI7Mw",
          "name": "parameter",
          "type": null,
          "probability": 1,
          "modifiers": [],
          "to_variable": {
            "key": "_0XkY8JKcEDGpxf55kcI7Mw",
            "name": "parameter",
            "type": null,
            "modifiers": [],
            "position": {}
          },
          "position": {}
        },
        "_Bk_HYJKbEDGpxf55kcI7Mw": {
          "key": "_Bk_HYJKbEDGpxf55kcI7Mw",
          "name": "parameter2",
          "type": null,
          "probability": 1,
          "modifiers": [],
          "to_variable": {
            "key": "_0z2FQJKcEDGpxf55kcI7Mw",
            "name": "parameter2",
            "type": null,
            "modifiers": [],
            "position": {}
          },
          "position": {}
        },
        "_EQfrYJKbEDGpxf55kcI7Mw": {
          "key": "_EQfrYJKbEDGpxf55kcI7Mw",
          "name": "parameter3",
          "type": null,
          "probability": 1,
          "modifiers": [],
          "to_variable": {
            "key": "_1YS2IJKcEDGpxf55kcI7Mw",
            "name": "parameter3",
            "type": null,
            "modifiers": [],
            "position": {}
          },
          "position": {}
        },
        "_A15h4JKdEDGpxf55kcI7Mw": {
          "key": "_A15h4JKdEDGpxf55kcI7Mw",
          "name": "parameter4",
          "type": null,
          "probability": 1,
          "modifiers": [],
          "to_variable": {
            "key": "_1vkGoJKcEDGpxf55kcI7Mw",
            "name": "parameter4",
            "type": null,
            "modifiers": [],
            "position": {}
          },
          "position": {}
        }
      }
    },
    "parameters_to_parameters_data_clump-./Employee-_tukrsJKcEDGpxf55kcI7Mw-_kE7i0JKaEDGpxf55kcI7Mw-parameterparameter2parameter3parameter4": {
      "type": "data_clump",
      "key": "parameters_to_parameters_data_clump-./Employee-_tukrsJKcEDGpxf55kcI7Mw-_kE7i0JKaEDGpxf55kcI7Mw-parameterparameter2parameter3parameter4",
      "probability": 1,
      "from_file_path": "./Employee",
      "from_class_or_interface_name": "Employee",
      "from_class_or_interface_key": "_S4jWYJKaEDGpxf55kcI7Mw",
      "from_method_name": "createDrink",
      "from_method_key": "_tukrsJKcEDGpxf55kcI7Mw",
      "to_file_path": "./Employee",
      "to_class_or_interface_name": "Employee",
      "to_class_or_interface_key": "_S4jWYJKaEDGpxf55kcI7Mw",
      "to_method_name": "createFood",
      "to_method_key": "_kE7i0JKaEDGpxf55kcI7Mw",
      "data_clump_type": "parameters_to_parameters_data_clump",
      "data_clump_data": {
        "_0XkY8JKcEDGpxf55kcI7Mw": {
          "key": "_0XkY8JKcEDGpxf55kcI7Mw",
          "name": "parameter",
          "type": null,
          "probability": 1,
          "modifiers": [],
          "to_variable": {
            "key": "_AXVogJKbEDGpxf55kcI7Mw",
            "name": "parameter",
            "type": null,
            "modifiers": [],
            "position": {}
          },
          "position": {}
        },
        "_0z2FQJKcEDGpxf55kcI7Mw": {
          "key": "_0z2FQJKcEDGpxf55kcI7Mw",
          "name": "parameter2",
          "type": null,
          "probability": 1,
          "modifiers": [],
          "to_variable": {
            "key": "_Bk_HYJKbEDGpxf55kcI7Mw",
            "name": "parameter2",
            "type": null,
            "modifiers": [],
            "position": {}
          },
          "position": {}
        },
        "_1YS2IJKcEDGpxf55kcI7Mw": {
          "key": "_1YS2IJKcEDGpxf55kcI7Mw",
          "name": "parameter3",
          "type": null,
          "probability": 1,
          "modifiers": [],
          "to_variable": {
            "key": "_EQfrYJKbEDGpxf55kcI7Mw",
            "name": "parameter3",
            "type": null,
            "modifiers": [],
            "position": {}
          },
          "position": {}
        },
        "_1vkGoJKcEDGpxf55kcI7Mw": {
          "key": "_1vkGoJKcEDGpxf55kcI7Mw",
          "name": "parameter4",
          "type": null,
          "probability": 1,
          "modifiers": [],
          "to_variable": {
            "key": "_A15h4JKdEDGpxf55kcI7Mw",
            "name": "parameter4",
            "type": null,
            "modifiers": [],
            "position": {}
          },
          "position": {}
        }
      }
    }
  }
}