{
  "report_version": "unknown",
  "report_timestamp": "2025-03-26T22:36:20.276Z",
  "target_language": "java",
  "report_summary": {
    "additional": null,
    "amount_classes_or_interfaces_with_data_clumps": 2,
    "amount_files_with_data_clumps": 2,
    "amount_methods_with_data_clumps": 0,
    "fields_to_fields_data_clump": 2,
    "parameters_to_fields_data_clump": 0,
    "parameters_to_parameters_data_clump": 0,
    "amount_data_clumps": 2
  },
  "project_info": {
    "project_url": "unknown_project_url",
    "project_name": "_Dkp3MCXxEey-A40W5C_9dw",
    "project_version": "unknown_project_version",
    "project_commit_hash": "unknown",
    "project_tag": null,
    "project_commit_date": null,
    "additional": {},
    "number_of_files": 5,
    "number_of_classes_or_interfaces": 5,
    "number_of_methods": 0,
    "number_of_data_fields": 18,
    "number_of_method_parameters": 0
  },
  "detector": {
    "name": "data-clumps-doctor",
    "url": "https://github.com/NilsBaumgartner1994/data-clumps-doctor",
    "version": "0.1.100",
    "options": {
      "typeVariablesConsidered": false,
      "similarityModifierOfVariablesWithUnknownType": 0,
      "fieldsOfClassesWithUnknownHierarchyProbabilityModifier": 0,
      "sharedFieldsToFieldsAmountMinimum": 3,
      "analyseFieldsInClassesOrInterfacesInheritedFromSuperClassesOrInterfaces": false,
      "sharedParametersToParametersAmountMinimum": 3,
      "sharedParametersToFieldsAmountMinimum": 3,
      "methodsOfClassesOrInterfacesWithUnknownHierarchyProbabilityModifier": 0
    }
  },
  "data_clumps": {
    "fields_to_fields_data_clump-./Fechadeestreno-_YUUmEAgiEDqCvc3WMbnMAA-_lUS48AghEDqCvc3WMbnMAA-diamesanio": {
      "type": "data_clump",
      "key": "fields_to_fields_data_clump-./Fechadeestreno-_YUUmEAgiEDqCvc3WMbnMAA-_lUS48AghEDqCvc3WMbnMAA-diamesanio",
      "probability": 1,
      "from_file_path": "./Fechadeestreno",
      "from_class_or_interface_name": "Fechadeestreno",
      "from_class_or_interface_key": "_YUUmEAgiEDqCvc3WMbnMAA",
      "from_method_name": null,
      "from_method_key": null,
      "to_file_path": "./Fechadeproduccion",
      "to_class_or_interface_key": "_lUS48AghEDqCvc3WMbnMAA",
      "to_class_or_interface_name": "Fechadeestreno",
      "to_method_key": null,
      "to_method_name": null,
      "data_clump_type": "fields_to_fields_data_clump",
      "data_clump_data": {
        "_9ArZQQgiEDqCvc3WMbnMAA": {
          "key": "_9ArZQQgiEDqCvc3WMbnMAA",
          "name": "dia",
          "type": null,
          "probability": 1,
          "modifiers": [
            "public"
          ],
          "to_variable": {
            "key": "_ntkA8QgiEDqCvc3WMbnMAA",
            "name": "dia",
            "type": null,
            "modifiers": [
              "public"
            ],
            "position": {}
          },
          "position": {}
        },
        "_978usQgiEDqCvc3WMbnMAA": {
          "key": "_978usQgiEDqCvc3WMbnMAA",
          "name": "mes",
          "type": null,
          "probability": 1,
          "modifiers": [
            "public"
          ],
          "to_variable": {
            "key": "_slmt8QgiEDqCvc3WMbnMAA",
            "name": "mes",
            "type": null,
            "modifiers": [
              "public"
            ],
            "position": {}
          },
          "position": {}
        },
        "_-B5lsQgiEDqCvc3WMbnMAA": {
          "key": "_-B5lsQgiEDqCvc3WMbnMAA",
          "name": "anio",
          "type": null,
          "probability": 1,
          "modifiers": [
            "public"
          ],
          "to_variable": {
            "key": "_tKMBsQgiEDqCvc3WMbnMAA",
            "name": "anio",
            "type": null,
            "modifiers": [
              "public"
            ],
            "position": {}
          },
          "position": {}
        }
      }
    },
    "fields_to_fields_data_clump-./Fechadeproduccion-_lUS48AghEDqCvc3WMbnMAA-_YUUmEAgiEDqCvc3WMbnMAA-diamesanio": {
      "type": "data_clump",
      "key": "fields_to_fields_data_clump-./Fechadeproduccion-_lUS48AghEDqCvc3WMbnMAA-_YUUmEAgiEDqCvc3WMbnMAA-diamesanio",
      "probability": 1,
      "from_file_path": "./Fechadeproduccion",
      "from_class_or_interface_name": "Fechadeproduccion",
      "from_class_or_interface_key": "_lUS48AghEDqCvc3WMbnMAA",
      "from_method_name": null,
      "from_method_key": null,
      "to_file_path": "./Fechadeestreno",
      "to_class_or_interface_key": "_YUUmEAgiEDqCvc3WMbnMAA",
      "to_class_or_interface_name": "Fechadeproduccion",
      "to_method_key": null,
      "to_method_name": null,
      "data_clump_type": "fields_to_fields_data_clump",
      "data_clump_data": {
        "_ntkA8QgiEDqCvc3WMbnMAA": {
          "key": "_ntkA8QgiEDqCvc3WMbnMAA",
          "name": "dia",
          "type": null,
          "probability": 1,
          "modifiers": [
            "public"
          ],
          "to_variable": {
            "key": "_9ArZQQgiEDqCvc3WMbnMAA",
            "name": "dia",
            "type": null,
            "modifiers": [
              "public"
            ],
            "position": {}
          },
          "position": {}
        },
        "_slmt8QgiEDqCvc3WMbnMAA": {
          "key": "_slmt8QgiEDqCvc3WMbnMAA",
          "name": "mes",
          "type": null,
          "probability": 1,
          "modifiers": [
            "public"
          ],
          "to_variable": {
            "key": "_978usQgiEDqCvc3WMbnMAA",
            "name": "mes",
            "type": null,
            "modifiers": [
              "public"
            ],
            "position": {}
          },
          "position": {}
        },
        "_tKMBsQgiEDqCvc3WMbnMAA": {
          "key": "_tKMBsQgiEDqCvc3WMbnMAA",
          "name": "anio",
          "type": null,
          "probability": 1,
          "modifiers": [
            "public"
          ],
          "to_variable": {
            "key": "_-B5lsQgiEDqCvc3WMbnMAA",
            "name": "anio",
            "type": null,
            "modifiers": [
              "public"
            ],
            "position": {}
          },
          "position": {}
        }
      }
    }
  }
}