{
  "report_version": "unknown",
  "report_timestamp": "2025-03-26T21:54:36.739Z",
  "target_language": "java",
  "report_summary": {
    "additional": null,
    "amount_classes_or_interfaces_with_data_clumps": 2,
    "amount_files_with_data_clumps": 2,
    "amount_methods_with_data_clumps": 2,
    "fields_to_fields_data_clump": 2,
    "parameters_to_fields_data_clump": 4,
    "parameters_to_parameters_data_clump": 2,
    "amount_data_clumps": 8
  },
  "project_info": {
    "project_url": "unknown_project_url",
    "project_name": "_f31woDM1EeewJqDqgRk6VA",
    "project_version": "unknown_project_version",
    "project_commit_hash": "unknown",
    "project_tag": null,
    "project_commit_date": null,
    "additional": {},
    "number_of_files": 16,
    "number_of_classes_or_interfaces": 16,
    "number_of_methods": 172,
    "number_of_data_fields": 49,
    "number_of_method_parameters": 135
  },
  "detector": {
    "name": "data-clumps-doctor",
    "url": "https://github.com/NilsBaumgartner1994/data-clumps-doctor",
    "version": "0.1.100",
    "options": {
      "typeVariablesConsidered": false,
      "similarityModifierOfVariablesWithUnknownType": 0,
      "fieldsOfClassesWithUnknownHierarchyProbabilityModifier": 0,
      "sharedFieldsToFieldsAmountMinimum": 3,
      "analyseFieldsInClassesOrInterfacesInheritedFromSuperClassesOrInterfaces": false,
      "sharedParametersToParametersAmountMinimum": 3,
      "sharedParametersToFieldsAmountMinimum": 3,
      "methodsOfClassesOrInterfacesWithUnknownHierarchyProbabilityModifier": 0
    }
  },
  "data_clumps": {
    "parameters_to_parameters_data_clump-./BinarySearchTree-_gSHR4DM1EeeQ9OVcE7dQjw-_gSMKWjM1EeeQ9OVcE7dQjw-keyvalsize": {
      "type": "data_clump",
      "key": "parameters_to_parameters_data_clump-./BinarySearchTree-_gSHR4DM1EeeQ9OVcE7dQjw-_gSMKWjM1EeeQ9OVcE7dQjw-keyvalsize",
      "probability": 1,
      "from_file_path": "./BinarySearchTree",
      "from_class_or_interface_name": "BinarySearchTree",
      "from_class_or_interface_key": "_gSGq5TM1EeeQ9OVcE7dQjw",
      "from_method_name": "Node",
      "from_method_key": "_gSHR4DM1EeeQ9OVcE7dQjw",
      "to_file_path": "./RedBlackBST",
      "to_class_or_interface_name": "RedBlackBST",
      "to_class_or_interface_key": "_gSKVezM1EeeQ9OVcE7dQjw",
      "to_method_name": "Node",
      "to_method_key": "_gSMKWjM1EeeQ9OVcE7dQjw",
      "data_clump_type": "parameters_to_parameters_data_clump",
      "data_clump_data": {
        "_gSHR4TM1EeeQ9OVcE7dQjw": {
          "key": "_gSHR4TM1EeeQ9OVcE7dQjw",
          "name": "key",
          "type": null,
          "probability": 1,
          "modifiers": [],
          "to_variable": {
            "key": "_gSMKWzM1EeeQ9OVcE7dQjw",
            "name": "key",
            "type": null,
            "modifiers": [],
            "position": {}
          },
          "position": {}
        },
        "_gSHR5DM1EeeQ9OVcE7dQjw": {
          "key": "_gSHR5DM1EeeQ9OVcE7dQjw",
          "name": "val",
          "type": null,
          "probability": 1,
          "modifiers": [],
          "to_variable": {
            "key": "_gSMKXjM1EeeQ9OVcE7dQjw",
            "name": "val",
            "type": null,
            "modifiers": [],
            "position": {}
          },
          "position": {}
        },
        "_gSHR5zM1EeeQ9OVcE7dQjw": {
          "key": "_gSHR5zM1EeeQ9OVcE7dQjw",
          "name": "size",
          "type": null,
          "probability": 1,
          "modifiers": [],
          "to_variable": {
            "key": "_gSMKZDM1EeeQ9OVcE7dQjw",
            "name": "size",
            "type": null,
            "modifiers": [],
            "position": {}
          },
          "position": {}
        }
      }
    },
    "parameters_to_fields_data_clump-./BinarySearchTree-_gSHR4DM1EeeQ9OVcE7dQjw-_gSGq5TM1EeeQ9OVcE7dQjw-keyvalsize": {
      "type": "data_clump",
      "key": "parameters_to_fields_data_clump-./BinarySearchTree-_gSHR4DM1EeeQ9OVcE7dQjw-_gSGq5TM1EeeQ9OVcE7dQjw-keyvalsize",
      "probability": 1,
      "from_file_path": "./BinarySearchTree",
      "from_class_or_interface_name": "BinarySearchTree",
      "from_class_or_interface_key": "_gSGq5TM1EeeQ9OVcE7dQjw",
      "from_method_name": "Node",
      "from_method_key": "_gSHR4DM1EeeQ9OVcE7dQjw",
      "to_file_path": "./BinarySearchTree",
      "to_class_or_interface_name": "BinarySearchTree",
      "to_class_or_interface_key": "_gSGq5TM1EeeQ9OVcE7dQjw",
      "to_method_name": null,
      "to_method_key": null,
      "data_clump_type": "parameters_to_fields_data_clump",
      "data_clump_data": {
        "_gSHR4TM1EeeQ9OVcE7dQjw": {
          "key": "_gSHR4TM1EeeQ9OVcE7dQjw",
          "name": "key",
          "type": null,
          "probability": 1,
          "modifiers": [],
          "to_variable": {
            "key": "_gSHR1zM1EeeQ9OVcE7dQjw",
            "name": "key",
            "type": null,
            "modifiers": [
              "private"
            ],
            "position": {}
          },
          "position": {}
        },
        "_gSHR5DM1EeeQ9OVcE7dQjw": {
          "key": "_gSHR5DM1EeeQ9OVcE7dQjw",
          "name": "val",
          "type": null,
          "probability": 1,
          "modifiers": [],
          "to_variable": {
            "key": "_gSHR2jM1EeeQ9OVcE7dQjw",
            "name": "val",
            "type": null,
            "modifiers": [
              "private"
            ],
            "position": {}
          },
          "position": {}
        },
        "_gSHR5zM1EeeQ9OVcE7dQjw": {
          "key": "_gSHR5zM1EeeQ9OVcE7dQjw",
          "name": "size",
          "type": null,
          "probability": 1,
          "modifiers": [],
          "to_variable": {
            "key": "_gSHR3TM1EeeQ9OVcE7dQjw",
            "name": "size",
            "type": null,
            "modifiers": [
              "private"
            ],
            "position": {}
          },
          "position": {}
        }
      }
    },
    "parameters_to_fields_data_clump-./BinarySearchTree-_gSHR4DM1EeeQ9OVcE7dQjw-_gSKVezM1EeeQ9OVcE7dQjw-keyvalsize": {
      "type": "data_clump",
      "key": "parameters_to_fields_data_clump-./BinarySearchTree-_gSHR4DM1EeeQ9OVcE7dQjw-_gSKVezM1EeeQ9OVcE7dQjw-keyvalsize",
      "probability": 1,
      "from_file_path": "./BinarySearchTree",
      "from_class_or_interface_name": "BinarySearchTree",
      "from_class_or_interface_key": "_gSGq5TM1EeeQ9OVcE7dQjw",
      "from_method_name": "Node",
      "from_method_key": "_gSHR4DM1EeeQ9OVcE7dQjw",
      "to_file_path": "./RedBlackBST",
      "to_class_or_interface_name": "RedBlackBST",
      "to_class_or_interface_key": "_gSKVezM1EeeQ9OVcE7dQjw",
      "to_method_name": null,
      "to_method_key": null,
      "data_clump_type": "parameters_to_fields_data_clump",
      "data_clump_data": {
        "_gSHR4TM1EeeQ9OVcE7dQjw": {
          "key": "_gSHR4TM1EeeQ9OVcE7dQjw",
          "name": "key",
          "type": null,
          "probability": 1,
          "modifiers": [],
          "to_variable": {
            "key": "_gSLj8zM1EeeQ9OVcE7dQjw",
            "name": "key",
            "type": null,
            "modifiers": [
              "private"
            ],
            "position": {}
          },
          "position": {}
        },
        "_gSHR5DM1EeeQ9OVcE7dQjw": {
          "key": "_gSHR5DM1EeeQ9OVcE7dQjw",
          "name": "val",
          "type": null,
          "probability": 1,
          "modifiers": [],
          "to_variable": {
            "key": "_gSLj9jM1EeeQ9OVcE7dQjw",
            "name": "val",
            "type": null,
            "modifiers": [
              "private"
            ],
            "position": {}
          },
          "position": {}
        },
        "_gSHR5zM1EeeQ9OVcE7dQjw": {
          "key": "_gSHR5zM1EeeQ9OVcE7dQjw",
          "name": "size",
          "type": null,
          "probability": 1,
          "modifiers": [],
          "to_variable": {
            "key": "_gSLj_DM1EeeQ9OVcE7dQjw",
            "name": "size",
            "type": null,
            "modifiers": [
              "private"
            ],
            "position": {}
          },
          "position": {}
        }
      }
    },
    "parameters_to_parameters_data_clump-./RedBlackBST-_gSMKWjM1EeeQ9OVcE7dQjw-_gSHR4DM1EeeQ9OVcE7dQjw-keyvalsize": {
      "type": "data_clump",
      "key": "parameters_to_parameters_data_clump-./RedBlackBST-_gSMKWjM1EeeQ9OVcE7dQjw-_gSHR4DM1EeeQ9OVcE7dQjw-keyvalsize",
      "probability": 1,
      "from_file_path": "./RedBlackBST",
      "from_class_or_interface_name": "RedBlackBST",
      "from_class_or_interface_key": "_gSKVezM1EeeQ9OVcE7dQjw",
      "from_method_name": "Node",
      "from_method_key": "_gSMKWjM1EeeQ9OVcE7dQjw",
      "to_file_path": "./BinarySearchTree",
      "to_class_or_interface_name": "BinarySearchTree",
      "to_class_or_interface_key": "_gSGq5TM1EeeQ9OVcE7dQjw",
      "to_method_name": "Node",
      "to_method_key": "_gSHR4DM1EeeQ9OVcE7dQjw",
      "data_clump_type": "parameters_to_parameters_data_clump",
      "data_clump_data": {
        "_gSMKWzM1EeeQ9OVcE7dQjw": {
          "key": "_gSMKWzM1EeeQ9OVcE7dQjw",
          "name": "key",
          "type": null,
          "probability": 1,
          "modifiers": [],
          "to_variable": {
            "key": "_gSHR4TM1EeeQ9OVcE7dQjw",
            "name": "key",
            "type": null,
            "modifiers": [],
            "position": {}
          },
          "position": {}
        },
        "_gSMKXjM1EeeQ9OVcE7dQjw": {
          "key": "_gSMKXjM1EeeQ9OVcE7dQjw",
          "name": "val",
          "type": null,
          "probability": 1,
          "modifiers": [],
          "to_variable": {
            "key": "_gSHR5DM1EeeQ9OVcE7dQjw",
            "name": "val",
            "type": null,
            "modifiers": [],
            "position": {}
          },
          "position": {}
        },
        "_gSMKZDM1EeeQ9OVcE7dQjw": {
          "key": "_gSMKZDM1EeeQ9OVcE7dQjw",
          "name": "size",
          "type": null,
          "probability": 1,
          "modifiers": [],
          "to_variable": {
            "key": "_gSHR5zM1EeeQ9OVcE7dQjw",
            "name": "size",
            "type": null,
            "modifiers": [],
            "position": {}
          },
          "position": {}
        }
      }
    },
    "parameters_to_fields_data_clump-./RedBlackBST-_gSMKWjM1EeeQ9OVcE7dQjw-_gSGq5TM1EeeQ9OVcE7dQjw-keyvalsize": {
      "type": "data_clump",
      "key": "parameters_to_fields_data_clump-./RedBlackBST-_gSMKWjM1EeeQ9OVcE7dQjw-_gSGq5TM1EeeQ9OVcE7dQjw-keyvalsize",
      "probability": 1,
      "from_file_path": "./RedBlackBST",
      "from_class_or_interface_name": "RedBlackBST",
      "from_class_or_interface_key": "_gSKVezM1EeeQ9OVcE7dQjw",
      "from_method_name": "Node",
      "from_method_key": "_gSMKWjM1EeeQ9OVcE7dQjw",
      "to_file_path": "./BinarySearchTree",
      "to_class_or_interface_name": "BinarySearchTree",
      "to_class_or_interface_key": "_gSGq5TM1EeeQ9OVcE7dQjw",
      "to_method_name": null,
      "to_method_key": null,
      "data_clump_type": "parameters_to_fields_data_clump",
      "data_clump_data": {
        "_gSMKWzM1EeeQ9OVcE7dQjw": {
          "key": "_gSMKWzM1EeeQ9OVcE7dQjw",
          "name": "key",
          "type": null,
          "probability": 1,
          "modifiers": [],
          "to_variable": {
            "key": "_gSHR1zM1EeeQ9OVcE7dQjw",
            "name": "key",
            "type": null,
            "modifiers": [
              "private"
            ],
            "position": {}
          },
          "position": {}
        },
        "_gSMKXjM1EeeQ9OVcE7dQjw": {
          "key": "_gSMKXjM1EeeQ9OVcE7dQjw",
          "name": "val",
          "type": null,
          "probability": 1,
          "modifiers": [],
          "to_variable": {
            "key": "_gSHR2jM1EeeQ9OVcE7dQjw",
            "name": "val",
            "type": null,
            "modifiers": [
              "private"
            ],
            "position": {}
          },
          "position": {}
        },
        "_gSMKZDM1EeeQ9OVcE7dQjw": {
          "key": "_gSMKZDM1EeeQ9OVcE7dQjw",
          "name": "size",
          "type": null,
          "probability": 1,
          "modifiers": [],
          "to_variable": {
            "key": "_gSHR3TM1EeeQ9OVcE7dQjw",
            "name": "size",
            "type": null,
            "modifiers": [
              "private"
            ],
            "position": {}
          },
          "position": {}
        }
      }
    },
    "parameters_to_fields_data_clump-./RedBlackBST-_gSMKWjM1EeeQ9OVcE7dQjw-_gSKVezM1EeeQ9OVcE7dQjw-keyvalcolorsize": {
      "type": "data_clump",
      "key": "parameters_to_fields_data_clump-./RedBlackBST-_gSMKWjM1EeeQ9OVcE7dQjw-_gSKVezM1EeeQ9OVcE7dQjw-keyvalcolorsize",
      "probability": 1,
      "from_file_path": "./RedBlackBST",
      "from_class_or_interface_name": "RedBlackBST",
      "from_class_or_interface_key": "_gSKVezM1EeeQ9OVcE7dQjw",
      "from_method_name": "Node",
      "from_method_key": "_gSMKWjM1EeeQ9OVcE7dQjw",
      "to_file_path": "./RedBlackBST",
      "to_class_or_interface_name": "RedBlackBST",
      "to_class_or_interface_key": "_gSKVezM1EeeQ9OVcE7dQjw",
      "to_method_name": null,
      "to_method_key": null,
      "data_clump_type": "parameters_to_fields_data_clump",
      "data_clump_data": {
        "_gSMKWzM1EeeQ9OVcE7dQjw": {
          "key": "_gSMKWzM1EeeQ9OVcE7dQjw",
          "name": "key",
          "type": null,
          "probability": 1,
          "modifiers": [],
          "to_variable": {
            "key": "_gSLj8zM1EeeQ9OVcE7dQjw",
            "name": "key",
            "type": null,
            "modifiers": [
              "private"
            ],
            "position": {}
          },
          "position": {}
        },
        "_gSMKXjM1EeeQ9OVcE7dQjw": {
          "key": "_gSMKXjM1EeeQ9OVcE7dQjw",
          "name": "val",
          "type": null,
          "probability": 1,
          "modifiers": [],
          "to_variable": {
            "key": "_gSLj9jM1EeeQ9OVcE7dQjw",
            "name": "val",
            "type": null,
            "modifiers": [
              "private"
            ],
            "position": {}
          },
          "position": {}
        },
        "_gSMKYTM1EeeQ9OVcE7dQjw": {
          "key": "_gSMKYTM1EeeQ9OVcE7dQjw",
          "name": "color",
          "type": null,
          "probability": 1,
          "modifiers": [],
          "to_variable": {
            "key": "_gSLj-TM1EeeQ9OVcE7dQjw",
            "name": "color",
            "type": null,
            "modifiers": [
              "private"
            ],
            "position": {}
          },
          "position": {}
        },
        "_gSMKZDM1EeeQ9OVcE7dQjw": {
          "key": "_gSMKZDM1EeeQ9OVcE7dQjw",
          "name": "size",
          "type": null,
          "probability": 1,
          "modifiers": [],
          "to_variable": {
            "key": "_gSLj_DM1EeeQ9OVcE7dQjw",
            "name": "size",
            "type": null,
            "modifiers": [
              "private"
            ],
            "position": {}
          },
          "position": {}
        }
      }
    },
    "fields_to_fields_data_clump-./BinarySearchTree-_gSGq5TM1EeeQ9OVcE7dQjw-_gSKVezM1EeeQ9OVcE7dQjw-keyvalsize": {
      "type": "data_clump",
      "key": "fields_to_fields_data_clump-./BinarySearchTree-_gSGq5TM1EeeQ9OVcE7dQjw-_gSKVezM1EeeQ9OVcE7dQjw-keyvalsize",
      "probability": 1,
      "from_file_path": "./BinarySearchTree",
      "from_class_or_interface_name": "BinarySearchTree",
      "from_class_or_interface_key": "_gSGq5TM1EeeQ9OVcE7dQjw",
      "from_method_name": null,
      "from_method_key": null,
      "to_file_path": "./RedBlackBST",
      "to_class_or_interface_key": "_gSKVezM1EeeQ9OVcE7dQjw",
      "to_class_or_interface_name": "BinarySearchTree",
      "to_method_key": null,
      "to_method_name": null,
      "data_clump_type": "fields_to_fields_data_clump",
      "data_clump_data": {
        "_gSHR1zM1EeeQ9OVcE7dQjw": {
          "key": "_gSHR1zM1EeeQ9OVcE7dQjw",
          "name": "key",
          "type": null,
          "probability": 1,
          "modifiers": [
            "private"
          ],
          "to_variable": {
            "key": "_gSLj8zM1EeeQ9OVcE7dQjw",
            "name": "key",
            "type": null,
            "modifiers": [
              "private"
            ],
            "position": {}
          },
          "position": {}
        },
        "_gSHR2jM1EeeQ9OVcE7dQjw": {
          "key": "_gSHR2jM1EeeQ9OVcE7dQjw",
          "name": "val",
          "type": null,
          "probability": 1,
          "modifiers": [
            "private"
          ],
          "to_variable": {
            "key": "_gSLj9jM1EeeQ9OVcE7dQjw",
            "name": "val",
            "type": null,
            "modifiers": [
              "private"
            ],
            "position": {}
          },
          "position": {}
        },
        "_gSHR3TM1EeeQ9OVcE7dQjw": {
          "key": "_gSHR3TM1EeeQ9OVcE7dQjw",
          "name": "size",
          "type": null,
          "probability": 1,
          "modifiers": [
            "private"
          ],
          "to_variable": {
            "key": "_gSLj_DM1EeeQ9OVcE7dQjw",
            "name": "size",
            "type": null,
            "modifiers": [
              "private"
            ],
            "position": {}
          },
          "position": {}
        }
      }
    },
    "fields_to_fields_data_clump-./RedBlackBST-_gSKVezM1EeeQ9OVcE7dQjw-_gSGq5TM1EeeQ9OVcE7dQjw-keyvalsize": {
      "type": "data_clump",
      "key": "fields_to_fields_data_clump-./RedBlackBST-_gSKVezM1EeeQ9OVcE7dQjw-_gSGq5TM1EeeQ9OVcE7dQjw-keyvalsize",
      "probability": 1,
      "from_file_path": "./RedBlackBST",
      "from_class_or_interface_name": "RedBlackBST",
      "from_class_or_interface_key": "_gSKVezM1EeeQ9OVcE7dQjw",
      "from_method_name": null,
      "from_method_key": null,
      "to_file_path": "./BinarySearchTree",
      "to_class_or_interface_key": "_gSGq5TM1EeeQ9OVcE7dQjw",
      "to_class_or_interface_name": "RedBlackBST",
      "to_method_key": null,
      "to_method_name": null,
      "data_clump_type": "fields_to_fields_data_clump",
      "data_clump_data": {
        "_gSLj8zM1EeeQ9OVcE7dQjw": {
          "key": "_gSLj8zM1EeeQ9OVcE7dQjw",
          "name": "key",
          "type": null,
          "probability": 1,
          "modifiers": [
            "private"
          ],
          "to_variable": {
            "key": "_gSHR1zM1EeeQ9OVcE7dQjw",
            "name": "key",
            "type": null,
            "modifiers": [
              "private"
            ],
            "position": {}
          },
          "position": {}
        },
        "_gSLj9jM1EeeQ9OVcE7dQjw": {
          "key": "_gSLj9jM1EeeQ9OVcE7dQjw",
          "name": "val",
          "type": null,
          "probability": 1,
          "modifiers": [
            "private"
          ],
          "to_variable": {
            "key": "_gSHR2jM1EeeQ9OVcE7dQjw",
            "name": "val",
            "type": null,
            "modifiers": [
              "private"
            ],
            "position": {}
          },
          "position": {}
        },
        "_gSLj_DM1EeeQ9OVcE7dQjw": {
          "key": "_gSLj_DM1EeeQ9OVcE7dQjw",
          "name": "size",
          "type": null,
          "probability": 1,
          "modifiers": [
            "private"
          ],
          "to_variable": {
            "key": "_gSHR3TM1EeeQ9OVcE7dQjw",
            "name": "size",
            "type": null,
            "modifiers": [
              "private"
            ],
            "position": {}
          },
          "position": {}
        }
      }
    }
  }
}