{
  "report_version": "unknown",
  "report_timestamp": "2025-03-26T23:04:28.156Z",
  "target_language": "java",
  "report_summary": {
    "additional": null,
    "amount_classes_or_interfaces_with_data_clumps": 1,
    "amount_files_with_data_clumps": 4,
    "amount_methods_with_data_clumps": 9,
    "fields_to_fields_data_clump": 0,
    "parameters_to_fields_data_clump": 9,
    "parameters_to_parameters_data_clump": 14,
    "amount_data_clumps": 23
  },
  "project_info": {
    "project_url": "unknown_project_url",
    "project_name": "_AZbocCsYEe2TQ77rRj9fOQ",
    "project_version": "unknown_project_version",
    "project_commit_hash": "unknown",
    "project_tag": null,
    "project_commit_date": null,
    "additional": {},
    "number_of_files": 5,
    "number_of_classes_or_interfaces": 5,
    "number_of_methods": 27,
    "number_of_data_fields": 19,
    "number_of_method_parameters": 63
  },
  "detector": {
    "name": "data-clumps-doctor",
    "url": "https://github.com/NilsBaumgartner1994/data-clumps-doctor",
    "version": "0.1.100",
    "options": {
      "typeVariablesConsidered": false,
      "similarityModifierOfVariablesWithUnknownType": 0,
      "fieldsOfClassesWithUnknownHierarchyProbabilityModifier": 0,
      "sharedFieldsToFieldsAmountMinimum": 3,
      "analyseFieldsInClassesOrInterfacesInheritedFromSuperClassesOrInterfaces": false,
      "sharedParametersToParametersAmountMinimum": 3,
      "sharedParametersToFieldsAmountMinimum": 3,
      "methodsOfClassesOrInterfacesWithUnknownHierarchyProbabilityModifier": 0
    }
  },
  "data_clumps": {
    "parameters_to_parameters_data_clump-./Colección-_p0wjgA1IEDukVZH2_oVVkw-_gyOEoA1LEDukVZH2_oVVkw-marcaplacamodelocolorcilindragecombustible": {
      "type": "data_clump",
      "key": "parameters_to_parameters_data_clump-./Colección-_p0wjgA1IEDukVZH2_oVVkw-_gyOEoA1LEDukVZH2_oVVkw-marcaplacamodelocolorcilindragecombustible",
      "probability": 1,
      "from_file_path": "./Colección",
      "from_class_or_interface_name": "Colección",
      "from_class_or_interface_key": "_Casz8A1IEDukVZH2_oVVkw",
      "from_method_name": "crear_auto",
      "from_method_key": "_p0wjgA1IEDukVZH2_oVVkw",
      "to_file_path": "./Colección",
      "to_class_or_interface_name": "Colección",
      "to_class_or_interface_key": "_Casz8A1IEDukVZH2_oVVkw",
      "to_method_name": "editar_auto",
      "to_method_key": "_gyOEoA1LEDukVZH2_oVVkw",
      "data_clump_type": "parameters_to_parameters_data_clump",
      "data_clump_data": {
        "_D6YzIA1KEDukVZH2_oVVkw": {
          "key": "_D6YzIA1KEDukVZH2_oVVkw",
          "name": "marca",
          "type": null,
          "probability": 1,
          "modifiers": [],
          "to_variable": {
            "key": "_gyOrsg1LEDukVZH2_oVVkw",
            "name": "marca",
            "type": null,
            "modifiers": [],
            "position": {}
          },
          "position": {}
        },
        "_GMk4MA1KEDukVZH2_oVVkw": {
          "key": "_GMk4MA1KEDukVZH2_oVVkw",
          "name": "placa",
          "type": null,
          "probability": 1,
          "modifiers": [],
          "to_variable": {
            "key": "_gyOrsw1LEDukVZH2_oVVkw",
            "name": "placa",
            "type": null,
            "modifiers": [],
            "position": {}
          },
          "position": {}
        },
        "_IGlGwA1KEDukVZH2_oVVkw": {
          "key": "_IGlGwA1KEDukVZH2_oVVkw",
          "name": "modelo",
          "type": null,
          "probability": 1,
          "modifiers": [],
          "to_variable": {
            "key": "_gyOrtA1LEDukVZH2_oVVkw",
            "name": "modelo",
            "type": null,
            "modifiers": [],
            "position": {}
          },
          "position": {}
        },
        "_WekgAA1KEDukVZH2_oVVkw": {
          "key": "_WekgAA1KEDukVZH2_oVVkw",
          "name": "color",
          "type": null,
          "probability": 1,
          "modifiers": [],
          "to_variable": {
            "key": "_gyOrtg1LEDukVZH2_oVVkw",
            "name": "color",
            "type": null,
            "modifiers": [],
            "position": {}
          },
          "position": {}
        },
        "_YqgzIA1KEDukVZH2_oVVkw": {
          "key": "_YqgzIA1KEDukVZH2_oVVkw",
          "name": "cilindrage",
          "type": null,
          "probability": 1,
          "modifiers": [],
          "to_variable": {
            "key": "_gyOrtw1LEDukVZH2_oVVkw",
            "name": "cilindrage",
            "type": null,
            "modifiers": [],
            "position": {}
          },
          "position": {}
        },
        "_b9GlQA1KEDukVZH2_oVVkw": {
          "key": "_b9GlQA1KEDukVZH2_oVVkw",
          "name": "combustible",
          "type": null,
          "probability": 1,
          "modifiers": [],
          "to_variable": {
            "key": "_mrEuYA1LEDukVZH2_oVVkw",
            "name": "combustible",
            "type": null,
            "modifiers": [],
            "position": {}
          },
          "position": {}
        }
      }
    },
    "parameters_to_parameters_data_clump-./Colección-_p0wjgA1IEDukVZH2_oVVkw-_CES3YA1OEDukVZH2_oVVkw-marcaplacamodelocolorcilindragecombustible": {
      "type": "data_clump",
      "key": "parameters_to_parameters_data_clump-./Colección-_p0wjgA1IEDukVZH2_oVVkw-_CES3YA1OEDukVZH2_oVVkw-marcaplacamodelocolorcilindragecombustible",
      "probability": 1,
      "from_file_path": "./Colección",
      "from_class_or_interface_name": "Colección",
      "from_class_or_interface_key": "_Casz8A1IEDukVZH2_oVVkw",
      "from_method_name": "crear_auto",
      "from_method_key": "_p0wjgA1IEDukVZH2_oVVkw",
      "to_file_path": "./Colección",
      "to_class_or_interface_name": "Colección",
      "to_class_or_interface_key": "_Casz8A1IEDukVZH2_oVVkw",
      "to_method_name": "validar_crear_editar_auto",
      "to_method_key": "_CES3YA1OEDukVZH2_oVVkw",
      "data_clump_type": "parameters_to_parameters_data_clump",
      "data_clump_data": {
        "_D6YzIA1KEDukVZH2_oVVkw": {
          "key": "_D6YzIA1KEDukVZH2_oVVkw",
          "name": "marca",
          "type": null,
          "probability": 1,
          "modifiers": [],
          "to_variable": {
            "key": "_CETecg1OEDukVZH2_oVVkw",
            "name": "marca",
            "type": null,
            "modifiers": [],
            "position": {}
          },
          "position": {}
        },
        "_GMk4MA1KEDukVZH2_oVVkw": {
          "key": "_GMk4MA1KEDukVZH2_oVVkw",
          "name": "placa",
          "type": null,
          "probability": 1,
          "modifiers": [],
          "to_variable": {
            "key": "_CETecw1OEDukVZH2_oVVkw",
            "name": "placa",
            "type": null,
            "modifiers": [],
            "position": {}
          },
          "position": {}
        },
        "_IGlGwA1KEDukVZH2_oVVkw": {
          "key": "_IGlGwA1KEDukVZH2_oVVkw",
          "name": "modelo",
          "type": null,
          "probability": 1,
          "modifiers": [],
          "to_variable": {
            "key": "_CETedA1OEDukVZH2_oVVkw",
            "name": "modelo",
            "type": null,
            "modifiers": [],
            "position": {}
          },
          "position": {}
        },
        "_WekgAA1KEDukVZH2_oVVkw": {
          "key": "_WekgAA1KEDukVZH2_oVVkw",
          "name": "color",
          "type": null,
          "probability": 1,
          "modifiers": [],
          "to_variable": {
            "key": "_CETedg1OEDukVZH2_oVVkw",
            "name": "color",
            "type": null,
            "modifiers": [],
            "position": {}
          },
          "position": {}
        },
        "_YqgzIA1KEDukVZH2_oVVkw": {
          "key": "_YqgzIA1KEDukVZH2_oVVkw",
          "name": "cilindrage",
          "type": null,
          "probability": 1,
          "modifiers": [],
          "to_variable": {
            "key": "_CETedw1OEDukVZH2_oVVkw",
            "name": "cilindrage",
            "type": null,
            "modifiers": [],
            "position": {}
          },
          "position": {}
        },
        "_b9GlQA1KEDukVZH2_oVVkw": {
          "key": "_b9GlQA1KEDukVZH2_oVVkw",
          "name": "combustible",
          "type": null,
          "probability": 1,
          "modifiers": [],
          "to_variable": {
            "key": "_CETeeA1OEDukVZH2_oVVkw",
            "name": "combustible",
            "type": null,
            "modifiers": [],
            "position": {}
          },
          "position": {}
        }
      }
    },
    "parameters_to_fields_data_clump-./Colección-_p0wjgA1IEDukVZH2_oVVkw-_AZesAysYEe2TQ77rRj9fOQ-marcaplacamodelokilometrajeCompracolorcilindragecombustible": {
      "type": "data_clump",
      "key": "parameters_to_fields_data_clump-./Colección-_p0wjgA1IEDukVZH2_oVVkw-_AZesAysYEe2TQ77rRj9fOQ-marcaplacamodelokilometrajeCompracolorcilindragecombustible",
      "probability": 1,
      "from_file_path": "./Colección",
      "from_class_or_interface_name": "Colección",
      "from_class_or_interface_key": "_Casz8A1IEDukVZH2_oVVkw",
      "from_method_name": "crear_auto",
      "from_method_key": "_p0wjgA1IEDukVZH2_oVVkw",
      "to_file_path": "./Automovil",
      "to_class_or_interface_name": "Automovil",
      "to_class_or_interface_key": "_AZesAysYEe2TQ77rRj9fOQ",
      "to_method_name": null,
      "to_method_key": null,
      "data_clump_type": "parameters_to_fields_data_clump",
      "data_clump_data": {
        "_D6YzIA1KEDukVZH2_oVVkw": {
          "key": "_D6YzIA1KEDukVZH2_oVVkw",
          "name": "marca",
          "type": null,
          "probability": 1,
          "modifiers": [],
          "to_variable": {
            "key": "_AZesBCsYEe2TQ77rRj9fOQ",
            "name": "marca",
            "type": null,
            "modifiers": [
              "private"
            ],
            "position": {}
          },
          "position": {}
        },
        "_GMk4MA1KEDukVZH2_oVVkw": {
          "key": "_GMk4MA1KEDukVZH2_oVVkw",
          "name": "placa",
          "type": null,
          "probability": 1,
          "modifiers": [],
          "to_variable": {
            "key": "_AZesBSsYEe2TQ77rRj9fOQ",
            "name": "placa",
            "type": null,
            "modifiers": [
              "private"
            ],
            "position": {}
          },
          "position": {}
        },
        "_IGlGwA1KEDukVZH2_oVVkw": {
          "key": "_IGlGwA1KEDukVZH2_oVVkw",
          "name": "modelo",
          "type": null,
          "probability": 1,
          "modifiers": [],
          "to_variable": {
            "key": "_AZesBisYEe2TQ77rRj9fOQ",
            "name": "modelo",
            "type": null,
            "modifiers": [
              "private"
            ],
            "position": {}
          },
          "position": {}
        },
        "_T6qY0A1KEDukVZH2_oVVkw": {
          "key": "_T6qY0A1KEDukVZH2_oVVkw",
          "name": "kilometrajeCompra",
          "type": null,
          "probability": 1,
          "modifiers": [],
          "to_variable": {
            "key": "_AZesBysYEe2TQ77rRj9fOQ",
            "name": "kilometrajeCompra",
            "type": null,
            "modifiers": [
              "private"
            ],
            "position": {}
          },
          "position": {}
        },
        "_WekgAA1KEDukVZH2_oVVkw": {
          "key": "_WekgAA1KEDukVZH2_oVVkw",
          "name": "color",
          "type": null,
          "probability": 1,
          "modifiers": [],
          "to_variable": {
            "key": "_AZesCCsYEe2TQ77rRj9fOQ",
            "name": "color",
            "type": null,
            "modifiers": [
              "private"
            ],
            "position": {}
          },
          "position": {}
        },
        "_YqgzIA1KEDukVZH2_oVVkw": {
          "key": "_YqgzIA1KEDukVZH2_oVVkw",
          "name": "cilindrage",
          "type": null,
          "probability": 1,
          "modifiers": [],
          "to_variable": {
            "key": "_AZesCSsYEe2TQ77rRj9fOQ",
            "name": "cilindrage",
            "type": null,
            "modifiers": [
              "private"
            ],
            "position": {}
          },
          "position": {}
        },
        "_b9GlQA1KEDukVZH2_oVVkw": {
          "key": "_b9GlQA1KEDukVZH2_oVVkw",
          "name": "combustible",
          "type": null,
          "probability": 1,
          "modifiers": [],
          "to_variable": {
            "key": "_AZesCisYEe2TQ77rRj9fOQ",
            "name": "combustible",
            "type": null,
            "modifiers": [
              "private"
            ],
            "position": {}
          },
          "position": {}
        }
      }
    },
    "parameters_to_parameters_data_clump-./Colección-_gyOEoA1LEDukVZH2_oVVkw-_p0wjgA1IEDukVZH2_oVVkw-marcaplacamodelocolorcilindragecombustible": {
      "type": "data_clump",
      "key": "parameters_to_parameters_data_clump-./Colección-_gyOEoA1LEDukVZH2_oVVkw-_p0wjgA1IEDukVZH2_oVVkw-marcaplacamodelocolorcilindragecombustible",
      "probability": 1,
      "from_file_path": "./Colección",
      "from_class_or_interface_name": "Colección",
      "from_class_or_interface_key": "_Casz8A1IEDukVZH2_oVVkw",
      "from_method_name": "editar_auto",
      "from_method_key": "_gyOEoA1LEDukVZH2_oVVkw",
      "to_file_path": "./Colección",
      "to_class_or_interface_name": "Colección",
      "to_class_or_interface_key": "_Casz8A1IEDukVZH2_oVVkw",
      "to_method_name": "crear_auto",
      "to_method_key": "_p0wjgA1IEDukVZH2_oVVkw",
      "data_clump_type": "parameters_to_parameters_data_clump",
      "data_clump_data": {
        "_gyOrsg1LEDukVZH2_oVVkw": {
          "key": "_gyOrsg1LEDukVZH2_oVVkw",
          "name": "marca",
          "type": null,
          "probability": 1,
          "modifiers": [],
          "to_variable": {
            "key": "_D6YzIA1KEDukVZH2_oVVkw",
            "name": "marca",
            "type": null,
            "modifiers": [],
            "position": {}
          },
          "position": {}
        },
        "_gyOrsw1LEDukVZH2_oVVkw": {
          "key": "_gyOrsw1LEDukVZH2_oVVkw",
          "name": "placa",
          "type": null,
          "probability": 1,
          "modifiers": [],
          "to_variable": {
            "key": "_GMk4MA1KEDukVZH2_oVVkw",
            "name": "placa",
            "type": null,
            "modifiers": [],
            "position": {}
          },
          "position": {}
        },
        "_gyOrtA1LEDukVZH2_oVVkw": {
          "key": "_gyOrtA1LEDukVZH2_oVVkw",
          "name": "modelo",
          "type": null,
          "probability": 1,
          "modifiers": [],
          "to_variable": {
            "key": "_IGlGwA1KEDukVZH2_oVVkw",
            "name": "modelo",
            "type": null,
            "modifiers": [],
            "position": {}
          },
          "position": {}
        },
        "_gyOrtg1LEDukVZH2_oVVkw": {
          "key": "_gyOrtg1LEDukVZH2_oVVkw",
          "name": "color",
          "type": null,
          "probability": 1,
          "modifiers": [],
          "to_variable": {
            "key": "_WekgAA1KEDukVZH2_oVVkw",
            "name": "color",
            "type": null,
            "modifiers": [],
            "position": {}
          },
          "position": {}
        },
        "_gyOrtw1LEDukVZH2_oVVkw": {
          "key": "_gyOrtw1LEDukVZH2_oVVkw",
          "name": "cilindrage",
          "type": null,
          "probability": 1,
          "modifiers": [],
          "to_variable": {
            "key": "_YqgzIA1KEDukVZH2_oVVkw",
            "name": "cilindrage",
            "type": null,
            "modifiers": [],
            "position": {}
          },
          "position": {}
        },
        "_mrEuYA1LEDukVZH2_oVVkw": {
          "key": "_mrEuYA1LEDukVZH2_oVVkw",
          "name": "combustible",
          "type": null,
          "probability": 1,
          "modifiers": [],
          "to_variable": {
            "key": "_b9GlQA1KEDukVZH2_oVVkw",
            "name": "combustible",
            "type": null,
            "modifiers": [],
            "position": {}
          },
          "position": {}
        }
      }
    },
    "parameters_to_parameters_data_clump-./Colección-_gyOEoA1LEDukVZH2_oVVkw-_CES3YA1OEDukVZH2_oVVkw-idmarcaplacamodelokilometragecolorcilindragecombustible": {
      "type": "data_clump",
      "key": "parameters_to_parameters_data_clump-./Colección-_gyOEoA1LEDukVZH2_oVVkw-_CES3YA1OEDukVZH2_oVVkw-idmarcaplacamodelokilometragecolorcilindragecombustible",
      "probability": 1,
      "from_file_path": "./Colección",
      "from_class_or_interface_name": "Colección",
      "from_class_or_interface_key": "_Casz8A1IEDukVZH2_oVVkw",
      "from_method_name": "editar_auto",
      "from_method_key": "_gyOEoA1LEDukVZH2_oVVkw",
      "to_file_path": "./Colección",
      "to_class_or_interface_name": "Colección",
      "to_class_or_interface_key": "_Casz8A1IEDukVZH2_oVVkw",
      "to_method_name": "validar_crear_editar_auto",
      "to_method_key": "_CES3YA1OEDukVZH2_oVVkw",
      "data_clump_type": "parameters_to_parameters_data_clump",
      "data_clump_data": {
        "_gyOrsQ1LEDukVZH2_oVVkw": {
          "key": "_gyOrsQ1LEDukVZH2_oVVkw",
          "name": "id",
          "type": null,
          "probability": 1,
          "modifiers": [],
          "to_variable": {
            "key": "_CETecQ1OEDukVZH2_oVVkw",
            "name": "id",
            "type": null,
            "modifiers": [],
            "position": {}
          },
          "position": {}
        },
        "_gyOrsg1LEDukVZH2_oVVkw": {
          "key": "_gyOrsg1LEDukVZH2_oVVkw",
          "name": "marca",
          "type": null,
          "probability": 1,
          "modifiers": [],
          "to_variable": {
            "key": "_CETecg1OEDukVZH2_oVVkw",
            "name": "marca",
            "type": null,
            "modifiers": [],
            "position": {}
          },
          "position": {}
        },
        "_gyOrsw1LEDukVZH2_oVVkw": {
          "key": "_gyOrsw1LEDukVZH2_oVVkw",
          "name": "placa",
          "type": null,
          "probability": 1,
          "modifiers": [],
          "to_variable": {
            "key": "_CETecw1OEDukVZH2_oVVkw",
            "name": "placa",
            "type": null,
            "modifiers": [],
            "position": {}
          },
          "position": {}
        },
        "_gyOrtA1LEDukVZH2_oVVkw": {
          "key": "_gyOrtA1LEDukVZH2_oVVkw",
          "name": "modelo",
          "type": null,
          "probability": 1,
          "modifiers": [],
          "to_variable": {
            "key": "_CETedA1OEDukVZH2_oVVkw",
            "name": "modelo",
            "type": null,
            "modifiers": [],
            "position": {}
          },
          "position": {}
        },
        "_gyOrtQ1LEDukVZH2_oVVkw": {
          "key": "_gyOrtQ1LEDukVZH2_oVVkw",
          "name": "kilometrage",
          "type": null,
          "probability": 1,
          "modifiers": [],
          "to_variable": {
            "key": "_CETedQ1OEDukVZH2_oVVkw",
            "name": "kilometrage",
            "type": null,
            "modifiers": [],
            "position": {}
          },
          "position": {}
        },
        "_gyOrtg1LEDukVZH2_oVVkw": {
          "key": "_gyOrtg1LEDukVZH2_oVVkw",
          "name": "color",
          "type": null,
          "probability": 1,
          "modifiers": [],
          "to_variable": {
            "key": "_CETedg1OEDukVZH2_oVVkw",
            "name": "color",
            "type": null,
            "modifiers": [],
            "position": {}
          },
          "position": {}
        },
        "_gyOrtw1LEDukVZH2_oVVkw": {
          "key": "_gyOrtw1LEDukVZH2_oVVkw",
          "name": "cilindrage",
          "type": null,
          "probability": 1,
          "modifiers": [],
          "to_variable": {
            "key": "_CETedw1OEDukVZH2_oVVkw",
            "name": "cilindrage",
            "type": null,
            "modifiers": [],
            "position": {}
          },
          "position": {}
        },
        "_mrEuYA1LEDukVZH2_oVVkw": {
          "key": "_mrEuYA1LEDukVZH2_oVVkw",
          "name": "combustible",
          "type": null,
          "probability": 1,
          "modifiers": [],
          "to_variable": {
            "key": "_CETeeA1OEDukVZH2_oVVkw",
            "name": "combustible",
            "type": null,
            "modifiers": [],
            "position": {}
          },
          "position": {}
        }
      }
    },
    "parameters_to_fields_data_clump-./Colección-_gyOEoA1LEDukVZH2_oVVkw-_AZesAysYEe2TQ77rRj9fOQ-idmarcaplacamodelocolorcilindragecombustible": {
      "type": "data_clump",
      "key": "parameters_to_fields_data_clump-./Colección-_gyOEoA1LEDukVZH2_oVVkw-_AZesAysYEe2TQ77rRj9fOQ-idmarcaplacamodelocolorcilindragecombustible",
      "probability": 1,
      "from_file_path": "./Colección",
      "from_class_or_interface_name": "Colección",
      "from_class_or_interface_key": "_Casz8A1IEDukVZH2_oVVkw",
      "from_method_name": "editar_auto",
      "from_method_key": "_gyOEoA1LEDukVZH2_oVVkw",
      "to_file_path": "./Automovil",
      "to_class_or_interface_name": "Automovil",
      "to_class_or_interface_key": "_AZesAysYEe2TQ77rRj9fOQ",
      "to_method_name": null,
      "to_method_key": null,
      "data_clump_type": "parameters_to_fields_data_clump",
      "data_clump_data": {
        "_gyOrsQ1LEDukVZH2_oVVkw": {
          "key": "_gyOrsQ1LEDukVZH2_oVVkw",
          "name": "id",
          "type": null,
          "probability": 1,
          "modifiers": [],
          "to_variable": {
            "key": "_iz5I0A1IEDukVZH2_oVVkw",
            "name": "id",
            "type": null,
            "modifiers": [
              "private"
            ],
            "position": {}
          },
          "position": {}
        },
        "_gyOrsg1LEDukVZH2_oVVkw": {
          "key": "_gyOrsg1LEDukVZH2_oVVkw",
          "name": "marca",
          "type": null,
          "probability": 1,
          "modifiers": [],
          "to_variable": {
            "key": "_AZesBCsYEe2TQ77rRj9fOQ",
            "name": "marca",
            "type": null,
            "modifiers": [
              "private"
            ],
            "position": {}
          },
          "position": {}
        },
        "_gyOrsw1LEDukVZH2_oVVkw": {
          "key": "_gyOrsw1LEDukVZH2_oVVkw",
          "name": "placa",
          "type": null,
          "probability": 1,
          "modifiers": [],
          "to_variable": {
            "key": "_AZesBSsYEe2TQ77rRj9fOQ",
            "name": "placa",
            "type": null,
            "modifiers": [
              "private"
            ],
            "position": {}
          },
          "position": {}
        },
        "_gyOrtA1LEDukVZH2_oVVkw": {
          "key": "_gyOrtA1LEDukVZH2_oVVkw",
          "name": "modelo",
          "type": null,
          "probability": 1,
          "modifiers": [],
          "to_variable": {
            "key": "_AZesBisYEe2TQ77rRj9fOQ",
            "name": "modelo",
            "type": null,
            "modifiers": [
              "private"
            ],
            "position": {}
          },
          "position": {}
        },
        "_gyOrtg1LEDukVZH2_oVVkw": {
          "key": "_gyOrtg1LEDukVZH2_oVVkw",
          "name": "color",
          "type": null,
          "probability": 1,
          "modifiers": [],
          "to_variable": {
            "key": "_AZesCCsYEe2TQ77rRj9fOQ",
            "name": "color",
            "type": null,
            "modifiers": [
              "private"
            ],
            "position": {}
          },
          "position": {}
        },
        "_gyOrtw1LEDukVZH2_oVVkw": {
          "key": "_gyOrtw1LEDukVZH2_oVVkw",
          "name": "cilindrage",
          "type": null,
          "probability": 1,
          "modifiers": [],
          "to_variable": {
            "key": "_AZesCSsYEe2TQ77rRj9fOQ",
            "name": "cilindrage",
            "type": null,
            "modifiers": [
              "private"
            ],
            "position": {}
          },
          "position": {}
        },
        "_mrEuYA1LEDukVZH2_oVVkw": {
          "key": "_mrEuYA1LEDukVZH2_oVVkw",
          "name": "combustible",
          "type": null,
          "probability": 1,
          "modifiers": [],
          "to_variable": {
            "key": "_AZesCisYEe2TQ77rRj9fOQ",
            "name": "combustible",
            "type": null,
            "modifiers": [
              "private"
            ],
            "position": {}
          },
          "position": {}
        }
      }
    },
    "parameters_to_parameters_data_clump-./Colección-_qrPiwA1MEDukVZH2_oVVkw-_LwkIYA1OEDukVZH2_oVVkw-idprecioVentakilometrajeVenta": {
      "type": "data_clump",
      "key": "parameters_to_parameters_data_clump-./Colección-_qrPiwA1MEDukVZH2_oVVkw-_LwkIYA1OEDukVZH2_oVVkw-idprecioVentakilometrajeVenta",
      "probability": 1,
      "from_file_path": "./Colección",
      "from_class_or_interface_name": "Colección",
      "from_class_or_interface_key": "_Casz8A1IEDukVZH2_oVVkw",
      "from_method_name": "vender_auto",
      "from_method_key": "_qrPiwA1MEDukVZH2_oVVkw",
      "to_file_path": "./Colección",
      "to_class_or_interface_name": "Colección",
      "to_class_or_interface_key": "_Casz8A1IEDukVZH2_oVVkw",
      "to_method_name": "validar_vender_auto",
      "to_method_key": "_LwkIYA1OEDukVZH2_oVVkw",
      "data_clump_type": "parameters_to_parameters_data_clump",
      "data_clump_data": {
        "_1wlfgA1MEDukVZH2_oVVkw": {
          "key": "_1wlfgA1MEDukVZH2_oVVkw",
          "name": "id",
          "type": null,
          "probability": 1,
          "modifiers": [],
          "to_variable": {
            "key": "_LwkIYQ1OEDukVZH2_oVVkw",
            "name": "id",
            "type": null,
            "modifiers": [],
            "position": {}
          },
          "position": {}
        },
        "_8b7WIA1MEDukVZH2_oVVkw": {
          "key": "_8b7WIA1MEDukVZH2_oVVkw",
          "name": "precioVenta",
          "type": null,
          "probability": 1,
          "modifiers": [],
          "to_variable": {
            "key": "_LwkIYg1OEDukVZH2_oVVkw",
            "name": "precioVenta",
            "type": null,
            "modifiers": [],
            "position": {}
          },
          "position": {}
        },
        "__oyTsA1MEDukVZH2_oVVkw": {
          "key": "__oyTsA1MEDukVZH2_oVVkw",
          "name": "kilometrajeVenta",
          "type": null,
          "probability": 1,
          "modifiers": [],
          "to_variable": {
            "key": "_LwkIYw1OEDukVZH2_oVVkw",
            "name": "kilometrajeVenta",
            "type": null,
            "modifiers": [],
            "position": {}
          },
          "position": {}
        }
      }
    },
    "parameters_to_fields_data_clump-./Colección-_qrPiwA1MEDukVZH2_oVVkw-_AZesAysYEe2TQ77rRj9fOQ-idprecioVentakilometrajeVenta": {
      "type": "data_clump",
      "key": "parameters_to_fields_data_clump-./Colección-_qrPiwA1MEDukVZH2_oVVkw-_AZesAysYEe2TQ77rRj9fOQ-idprecioVentakilometrajeVenta",
      "probability": 1,
      "from_file_path": "./Colección",
      "from_class_or_interface_name": "Colección",
      "from_class_or_interface_key": "_Casz8A1IEDukVZH2_oVVkw",
      "from_method_name": "vender_auto",
      "from_method_key": "_qrPiwA1MEDukVZH2_oVVkw",
      "to_file_path": "./Automovil",
      "to_class_or_interface_name": "Automovil",
      "to_class_or_interface_key": "_AZesAysYEe2TQ77rRj9fOQ",
      "to_method_name": null,
      "to_method_key": null,
      "data_clump_type": "parameters_to_fields_data_clump",
      "data_clump_data": {
        "_1wlfgA1MEDukVZH2_oVVkw": {
          "key": "_1wlfgA1MEDukVZH2_oVVkw",
          "name": "id",
          "type": null,
          "probability": 1,
          "modifiers": [],
          "to_variable": {
            "key": "_iz5I0A1IEDukVZH2_oVVkw",
            "name": "id",
            "type": null,
            "modifiers": [
              "private"
            ],
            "position": {}
          },
          "position": {}
        },
        "_8b7WIA1MEDukVZH2_oVVkw": {
          "key": "_8b7WIA1MEDukVZH2_oVVkw",
          "name": "precioVenta",
          "type": null,
          "probability": 1,
          "modifiers": [],
          "to_variable": {
            "key": "_uhVSQA1GEDuKwOOVdOTboA",
            "name": "precioVenta",
            "type": null,
            "modifiers": [
              "private"
            ],
            "position": {}
          },
          "position": {}
        },
        "__oyTsA1MEDukVZH2_oVVkw": {
          "key": "__oyTsA1MEDukVZH2_oVVkw",
          "name": "kilometrajeVenta",
          "type": null,
          "probability": 1,
          "modifiers": [],
          "to_variable": {
            "key": "_y6ayYA1GEDuKwOOVdOTboA",
            "name": "kilometrajeVenta",
            "type": null,
            "modifiers": [
              "private"
            ],
            "position": {}
          },
          "position": {}
        }
      }
    },
    "parameters_to_parameters_data_clump-./Colección-_CES3YA1OEDukVZH2_oVVkw-_p0wjgA1IEDukVZH2_oVVkw-marcaplacamodelocolorcilindragecombustible": {
      "type": "data_clump",
      "key": "parameters_to_parameters_data_clump-./Colección-_CES3YA1OEDukVZH2_oVVkw-_p0wjgA1IEDukVZH2_oVVkw-marcaplacamodelocolorcilindragecombustible",
      "probability": 1,
      "from_file_path": "./Colección",
      "from_class_or_interface_name": "Colección",
      "from_class_or_interface_key": "_Casz8A1IEDukVZH2_oVVkw",
      "from_method_name": "validar_crear_editar_auto",
      "from_method_key": "_CES3YA1OEDukVZH2_oVVkw",
      "to_file_path": "./Colección",
      "to_class_or_interface_name": "Colección",
      "to_class_or_interface_key": "_Casz8A1IEDukVZH2_oVVkw",
      "to_method_name": "crear_auto",
      "to_method_key": "_p0wjgA1IEDukVZH2_oVVkw",
      "data_clump_type": "parameters_to_parameters_data_clump",
      "data_clump_data": {
        "_CETecg1OEDukVZH2_oVVkw": {
          "key": "_CETecg1OEDukVZH2_oVVkw",
          "name": "marca",
          "type": null,
          "probability": 1,
          "modifiers": [],
          "to_variable": {
            "key": "_D6YzIA1KEDukVZH2_oVVkw",
            "name": "marca",
            "type": null,
            "modifiers": [],
            "position": {}
          },
          "position": {}
        },
        "_CETecw1OEDukVZH2_oVVkw": {
          "key": "_CETecw1OEDukVZH2_oVVkw",
          "name": "placa",
          "type": null,
          "probability": 1,
          "modifiers": [],
          "to_variable": {
            "key": "_GMk4MA1KEDukVZH2_oVVkw",
            "name": "placa",
            "type": null,
            "modifiers": [],
            "position": {}
          },
          "position": {}
        },
        "_CETedA1OEDukVZH2_oVVkw": {
          "key": "_CETedA1OEDukVZH2_oVVkw",
          "name": "modelo",
          "type": null,
          "probability": 1,
          "modifiers": [],
          "to_variable": {
            "key": "_IGlGwA1KEDukVZH2_oVVkw",
            "name": "modelo",
            "type": null,
            "modifiers": [],
            "position": {}
          },
          "position": {}
        },
        "_CETedg1OEDukVZH2_oVVkw": {
          "key": "_CETedg1OEDukVZH2_oVVkw",
          "name": "color",
          "type": null,
          "probability": 1,
          "modifiers": [],
          "to_variable": {
            "key": "_WekgAA1KEDukVZH2_oVVkw",
            "name": "color",
            "type": null,
            "modifiers": [],
            "position": {}
          },
          "position": {}
        },
        "_CETedw1OEDukVZH2_oVVkw": {
          "key": "_CETedw1OEDukVZH2_oVVkw",
          "name": "cilindrage",
          "type": null,
          "probability": 1,
          "modifiers": [],
          "to_variable": {
            "key": "_YqgzIA1KEDukVZH2_oVVkw",
            "name": "cilindrage",
            "type": null,
            "modifiers": [],
            "position": {}
          },
          "position": {}
        },
        "_CETeeA1OEDukVZH2_oVVkw": {
          "key": "_CETeeA1OEDukVZH2_oVVkw",
          "name": "combustible",
          "type": null,
          "probability": 1,
          "modifiers": [],
          "to_variable": {
            "key": "_b9GlQA1KEDukVZH2_oVVkw",
            "name": "combustible",
            "type": null,
            "modifiers": [],
            "position": {}
          },
          "position": {}
        }
      }
    },
    "parameters_to_parameters_data_clump-./Colección-_CES3YA1OEDukVZH2_oVVkw-_gyOEoA1LEDukVZH2_oVVkw-idmarcaplacamodelokilometragecolorcilindragecombustible": {
      "type": "data_clump",
      "key": "parameters_to_parameters_data_clump-./Colección-_CES3YA1OEDukVZH2_oVVkw-_gyOEoA1LEDukVZH2_oVVkw-idmarcaplacamodelokilometragecolorcilindragecombustible",
      "probability": 1,
      "from_file_path": "./Colección",
      "from_class_or_interface_name": "Colección",
      "from_class_or_interface_key": "_Casz8A1IEDukVZH2_oVVkw",
      "from_method_name": "validar_crear_editar_auto",
      "from_method_key": "_CES3YA1OEDukVZH2_oVVkw",
      "to_file_path": "./Colección",
      "to_class_or_interface_name": "Colección",
      "to_class_or_interface_key": "_Casz8A1IEDukVZH2_oVVkw",
      "to_method_name": "editar_auto",
      "to_method_key": "_gyOEoA1LEDukVZH2_oVVkw",
      "data_clump_type": "parameters_to_parameters_data_clump",
      "data_clump_data": {
        "_CETecQ1OEDukVZH2_oVVkw": {
          "key": "_CETecQ1OEDukVZH2_oVVkw",
          "name": "id",
          "type": null,
          "probability": 1,
          "modifiers": [],
          "to_variable": {
            "key": "_gyOrsQ1LEDukVZH2_oVVkw",
            "name": "id",
            "type": null,
            "modifiers": [],
            "position": {}
          },
          "position": {}
        },
        "_CETecg1OEDukVZH2_oVVkw": {
          "key": "_CETecg1OEDukVZH2_oVVkw",
          "name": "marca",
          "type": null,
          "probability": 1,
          "modifiers": [],
          "to_variable": {
            "key": "_gyOrsg1LEDukVZH2_oVVkw",
            "name": "marca",
            "type": null,
            "modifiers": [],
            "position": {}
          },
          "position": {}
        },
        "_CETecw1OEDukVZH2_oVVkw": {
          "key": "_CETecw1OEDukVZH2_oVVkw",
          "name": "placa",
          "type": null,
          "probability": 1,
          "modifiers": [],
          "to_variable": {
            "key": "_gyOrsw1LEDukVZH2_oVVkw",
            "name": "placa",
            "type": null,
            "modifiers": [],
            "position": {}
          },
          "position": {}
        },
        "_CETedA1OEDukVZH2_oVVkw": {
          "key": "_CETedA1OEDukVZH2_oVVkw",
          "name": "modelo",
          "type": null,
          "probability": 1,
          "modifiers": [],
          "to_variable": {
            "key": "_gyOrtA1LEDukVZH2_oVVkw",
            "name": "modelo",
            "type": null,
            "modifiers": [],
            "position": {}
          },
          "position": {}
        },
        "_CETedQ1OEDukVZH2_oVVkw": {
          "key": "_CETedQ1OEDukVZH2_oVVkw",
          "name": "kilometrage",
          "type": null,
          "probability": 1,
          "modifiers": [],
          "to_variable": {
            "key": "_gyOrtQ1LEDukVZH2_oVVkw",
            "name": "kilometrage",
            "type": null,
            "modifiers": [],
            "position": {}
          },
          "position": {}
        },
        "_CETedg1OEDukVZH2_oVVkw": {
          "key": "_CETedg1OEDukVZH2_oVVkw",
          "name": "color",
          "type": null,
          "probability": 1,
          "modifiers": [],
          "to_variable": {
            "key": "_gyOrtg1LEDukVZH2_oVVkw",
            "name": "color",
            "type": null,
            "modifiers": [],
            "position": {}
          },
          "position": {}
        },
        "_CETedw1OEDukVZH2_oVVkw": {
          "key": "_CETedw1OEDukVZH2_oVVkw",
          "name": "cilindrage",
          "type": null,
          "probability": 1,
          "modifiers": [],
          "to_variable": {
            "key": "_gyOrtw1LEDukVZH2_oVVkw",
            "name": "cilindrage",
            "type": null,
            "modifiers": [],
            "position": {}
          },
          "position": {}
        },
        "_CETeeA1OEDukVZH2_oVVkw": {
          "key": "_CETeeA1OEDukVZH2_oVVkw",
          "name": "combustible",
          "type": null,
          "probability": 1,
          "modifiers": [],
          "to_variable": {
            "key": "_mrEuYA1LEDukVZH2_oVVkw",
            "name": "combustible",
            "type": null,
            "modifiers": [],
            "position": {}
          },
          "position": {}
        }
      }
    },
    "parameters_to_fields_data_clump-./Colección-_CES3YA1OEDukVZH2_oVVkw-_AZesAysYEe2TQ77rRj9fOQ-idmarcaplacamodelocolorcilindragecombustible": {
      "type": "data_clump",
      "key": "parameters_to_fields_data_clump-./Colección-_CES3YA1OEDukVZH2_oVVkw-_AZesAysYEe2TQ77rRj9fOQ-idmarcaplacamodelocolorcilindragecombustible",
      "probability": 1,
      "from_file_path": "./Colección",
      "from_class_or_interface_name": "Colección",
      "from_class_or_interface_key": "_Casz8A1IEDukVZH2_oVVkw",
      "from_method_name": "validar_crear_editar_auto",
      "from_method_key": "_CES3YA1OEDukVZH2_oVVkw",
      "to_file_path": "./Automovil",
      "to_class_or_interface_name": "Automovil",
      "to_class_or_interface_key": "_AZesAysYEe2TQ77rRj9fOQ",
      "to_method_name": null,
      "to_method_key": null,
      "data_clump_type": "parameters_to_fields_data_clump",
      "data_clump_data": {
        "_CETecQ1OEDukVZH2_oVVkw": {
          "key": "_CETecQ1OEDukVZH2_oVVkw",
          "name": "id",
          "type": null,
          "probability": 1,
          "modifiers": [],
          "to_variable": {
            "key": "_iz5I0A1IEDukVZH2_oVVkw",
            "name": "id",
            "type": null,
            "modifiers": [
              "private"
            ],
            "position": {}
          },
          "position": {}
        },
        "_CETecg1OEDukVZH2_oVVkw": {
          "key": "_CETecg1OEDukVZH2_oVVkw",
          "name": "marca",
          "type": null,
          "probability": 1,
          "modifiers": [],
          "to_variable": {
            "key": "_AZesBCsYEe2TQ77rRj9fOQ",
            "name": "marca",
            "type": null,
            "modifiers": [
              "private"
            ],
            "position": {}
          },
          "position": {}
        },
        "_CETecw1OEDukVZH2_oVVkw": {
          "key": "_CETecw1OEDukVZH2_oVVkw",
          "name": "placa",
          "type": null,
          "probability": 1,
          "modifiers": [],
          "to_variable": {
            "key": "_AZesBSsYEe2TQ77rRj9fOQ",
            "name": "placa",
            "type": null,
            "modifiers": [
              "private"
            ],
            "position": {}
          },
          "position": {}
        },
        "_CETedA1OEDukVZH2_oVVkw": {
          "key": "_CETedA1OEDukVZH2_oVVkw",
          "name": "modelo",
          "type": null,
          "probability": 1,
          "modifiers": [],
          "to_variable": {
            "key": "_AZesBisYEe2TQ77rRj9fOQ",
            "name": "modelo",
            "type": null,
            "modifiers": [
              "private"
            ],
            "position": {}
          },
          "position": {}
        },
        "_CETedg1OEDukVZH2_oVVkw": {
          "key": "_CETedg1OEDukVZH2_oVVkw",
          "name": "color",
          "type": null,
          "probability": 1,
          "modifiers": [],
          "to_variable": {
            "key": "_AZesCCsYEe2TQ77rRj9fOQ",
            "name": "color",
            "type": null,
            "modifiers": [
              "private"
            ],
            "position": {}
          },
          "position": {}
        },
        "_CETedw1OEDukVZH2_oVVkw": {
          "key": "_CETedw1OEDukVZH2_oVVkw",
          "name": "cilindrage",
          "type": null,
          "probability": 1,
          "modifiers": [],
          "to_variable": {
            "key": "_AZesCSsYEe2TQ77rRj9fOQ",
            "name": "cilindrage",
            "type": null,
            "modifiers": [
              "private"
            ],
            "position": {}
          },
          "position": {}
        },
        "_CETeeA1OEDukVZH2_oVVkw": {
          "key": "_CETeeA1OEDukVZH2_oVVkw",
          "name": "combustible",
          "type": null,
          "probability": 1,
          "modifiers": [],
          "to_variable": {
            "key": "_AZesCisYEe2TQ77rRj9fOQ",
            "name": "combustible",
            "type": null,
            "modifiers": [
              "private"
            ],
            "position": {}
          },
          "position": {}
        }
      }
    },
    "parameters_to_parameters_data_clump-./Colección-_LwkIYA1OEDukVZH2_oVVkw-_qrPiwA1MEDukVZH2_oVVkw-idprecioVentakilometrajeVenta": {
      "type": "data_clump",
      "key": "parameters_to_parameters_data_clump-./Colección-_LwkIYA1OEDukVZH2_oVVkw-_qrPiwA1MEDukVZH2_oVVkw-idprecioVentakilometrajeVenta",
      "probability": 1,
      "from_file_path": "./Colección",
      "from_class_or_interface_name": "Colección",
      "from_class_or_interface_key": "_Casz8A1IEDukVZH2_oVVkw",
      "from_method_name": "validar_vender_auto",
      "from_method_key": "_LwkIYA1OEDukVZH2_oVVkw",
      "to_file_path": "./Colección",
      "to_class_or_interface_name": "Colección",
      "to_class_or_interface_key": "_Casz8A1IEDukVZH2_oVVkw",
      "to_method_name": "vender_auto",
      "to_method_key": "_qrPiwA1MEDukVZH2_oVVkw",
      "data_clump_type": "parameters_to_parameters_data_clump",
      "data_clump_data": {
        "_LwkIYQ1OEDukVZH2_oVVkw": {
          "key": "_LwkIYQ1OEDukVZH2_oVVkw",
          "name": "id",
          "type": null,
          "probability": 1,
          "modifiers": [],
          "to_variable": {
            "key": "_1wlfgA1MEDukVZH2_oVVkw",
            "name": "id",
            "type": null,
            "modifiers": [],
            "position": {}
          },
          "position": {}
        },
        "_LwkIYg1OEDukVZH2_oVVkw": {
          "key": "_LwkIYg1OEDukVZH2_oVVkw",
          "name": "precioVenta",
          "type": null,
          "probability": 1,
          "modifiers": [],
          "to_variable": {
            "key": "_8b7WIA1MEDukVZH2_oVVkw",
            "name": "precioVenta",
            "type": null,
            "modifiers": [],
            "position": {}
          },
          "position": {}
        },
        "_LwkIYw1OEDukVZH2_oVVkw": {
          "key": "_LwkIYw1OEDukVZH2_oVVkw",
          "name": "kilometrajeVenta",
          "type": null,
          "probability": 1,
          "modifiers": [],
          "to_variable": {
            "key": "__oyTsA1MEDukVZH2_oVVkw",
            "name": "kilometrajeVenta",
            "type": null,
            "modifiers": [],
            "position": {}
          },
          "position": {}
        }
      }
    },
    "parameters_to_fields_data_clump-./Colección-_LwkIYA1OEDukVZH2_oVVkw-_AZesAysYEe2TQ77rRj9fOQ-idprecioVentakilometrajeVenta": {
      "type": "data_clump",
      "key": "parameters_to_fields_data_clump-./Colección-_LwkIYA1OEDukVZH2_oVVkw-_AZesAysYEe2TQ77rRj9fOQ-idprecioVentakilometrajeVenta",
      "probability": 1,
      "from_file_path": "./Colección",
      "from_class_or_interface_name": "Colección",
      "from_class_or_interface_key": "_Casz8A1IEDukVZH2_oVVkw",
      "from_method_name": "validar_vender_auto",
      "from_method_key": "_LwkIYA1OEDukVZH2_oVVkw",
      "to_file_path": "./Automovil",
      "to_class_or_interface_name": "Automovil",
      "to_class_or_interface_key": "_AZesAysYEe2TQ77rRj9fOQ",
      "to_method_name": null,
      "to_method_key": null,
      "data_clump_type": "parameters_to_fields_data_clump",
      "data_clump_data": {
        "_LwkIYQ1OEDukVZH2_oVVkw": {
          "key": "_LwkIYQ1OEDukVZH2_oVVkw",
          "name": "id",
          "type": null,
          "probability": 1,
          "modifiers": [],
          "to_variable": {
            "key": "_iz5I0A1IEDukVZH2_oVVkw",
            "name": "id",
            "type": null,
            "modifiers": [
              "private"
            ],
            "position": {}
          },
          "position": {}
        },
        "_LwkIYg1OEDukVZH2_oVVkw": {
          "key": "_LwkIYg1OEDukVZH2_oVVkw",
          "name": "precioVenta",
          "type": null,
          "probability": 1,
          "modifiers": [],
          "to_variable": {
            "key": "_uhVSQA1GEDuKwOOVdOTboA",
            "name": "precioVenta",
            "type": null,
            "modifiers": [
              "private"
            ],
            "position": {}
          },
          "position": {}
        },
        "_LwkIYw1OEDukVZH2_oVVkw": {
          "key": "_LwkIYw1OEDukVZH2_oVVkw",
          "name": "kilometrajeVenta",
          "type": null,
          "probability": 1,
          "modifiers": [],
          "to_variable": {
            "key": "_y6ayYA1GEDuKwOOVdOTboA",
            "name": "kilometrajeVenta",
            "type": null,
            "modifiers": [
              "private"
            ],
            "position": {}
          },
          "position": {}
        }
      }
    },
    "parameters_to_fields_data_clump-./Colección-_zCF8IA1QEDukVZH2_oVVkw-_AZesEysYEe2TQ77rRj9fOQ-idnombredescripcion": {
      "type": "data_clump",
      "key": "parameters_to_fields_data_clump-./Colección-_zCF8IA1QEDukVZH2_oVVkw-_AZesEysYEe2TQ77rRj9fOQ-idnombredescripcion",
      "probability": 1,
      "from_file_path": "./Colección",
      "from_class_or_interface_name": "Colección",
      "from_class_or_interface_key": "_Casz8A1IEDukVZH2_oVVkw",
      "from_method_name": "editar_mantenimiento",
      "from_method_key": "_zCF8IA1QEDukVZH2_oVVkw",
      "to_file_path": "./Mantenimiento",
      "to_class_or_interface_name": "Mantenimiento",
      "to_class_or_interface_key": "_AZesEysYEe2TQ77rRj9fOQ",
      "to_method_name": null,
      "to_method_key": null,
      "data_clump_type": "parameters_to_fields_data_clump",
      "data_clump_data": {
        "_zCF8IQ1QEDukVZH2_oVVkw": {
          "key": "_zCF8IQ1QEDukVZH2_oVVkw",
          "name": "id",
          "type": null,
          "probability": 1,
          "modifiers": [],
          "to_variable": {
            "key": "_OpokEA1KEDukVZH2_oVVkw",
            "name": "id",
            "type": null,
            "modifiers": [
              "private"
            ],
            "position": {}
          },
          "position": {}
        },
        "_zCGjMA1QEDukVZH2_oVVkw": {
          "key": "_zCGjMA1QEDukVZH2_oVVkw",
          "name": "nombre",
          "type": null,
          "probability": 1,
          "modifiers": [],
          "to_variable": {
            "key": "_AZesFCsYEe2TQ77rRj9fOQ",
            "name": "nombre",
            "type": null,
            "modifiers": [
              "private"
            ],
            "position": {}
          },
          "position": {}
        },
        "_2KEZsA1QEDukVZH2_oVVkw": {
          "key": "_2KEZsA1QEDukVZH2_oVVkw",
          "name": "descripcion",
          "type": null,
          "probability": 1,
          "modifiers": [],
          "to_variable": {
            "key": "_AZesFSsYEe2TQ77rRj9fOQ",
            "name": "descripcion",
            "type": null,
            "modifiers": [
              "private"
            ],
            "position": {}
          },
          "position": {}
        }
      }
    },
    "parameters_to_parameters_data_clump-./Colección-_RHmFMA1TEDukVZH2_oVVkw-_pCgmMA1TEDukVZH2_oVVkw-idMantenimientokilometrajefechacosto": {
      "type": "data_clump",
      "key": "parameters_to_parameters_data_clump-./Colección-_RHmFMA1TEDukVZH2_oVVkw-_pCgmMA1TEDukVZH2_oVVkw-idMantenimientokilometrajefechacosto",
      "probability": 1,
      "from_file_path": "./Colección",
      "from_class_or_interface_name": "Colección",
      "from_class_or_interface_key": "_Casz8A1IEDukVZH2_oVVkw",
      "from_method_name": "crear_accion",
      "from_method_key": "_RHmFMA1TEDukVZH2_oVVkw",
      "to_file_path": "./Colección",
      "to_class_or_interface_name": "Colección",
      "to_class_or_interface_key": "_Casz8A1IEDukVZH2_oVVkw",
      "to_method_name": "editar_accion",
      "to_method_key": "_pCgmMA1TEDukVZH2_oVVkw",
      "data_clump_type": "parameters_to_parameters_data_clump",
      "data_clump_data": {
        "_YbnFYA1TEDukVZH2_oVVkw": {
          "key": "_YbnFYA1TEDukVZH2_oVVkw",
          "name": "idMantenimiento",
          "type": null,
          "probability": 1,
          "modifiers": [],
          "to_variable": {
            "key": "_pCgmMw1TEDukVZH2_oVVkw",
            "name": "idMantenimiento",
            "type": null,
            "modifiers": [],
            "position": {}
          },
          "position": {}
        },
        "_cghFQA1TEDukVZH2_oVVkw": {
          "key": "_cghFQA1TEDukVZH2_oVVkw",
          "name": "kilometraje",
          "type": null,
          "probability": 1,
          "modifiers": [],
          "to_variable": {
            "key": "_pCgmNA1TEDukVZH2_oVVkw",
            "name": "kilometraje",
            "type": null,
            "modifiers": [],
            "position": {}
          },
          "position": {}
        },
        "_eiSvwA1TEDukVZH2_oVVkw": {
          "key": "_eiSvwA1TEDukVZH2_oVVkw",
          "name": "fecha",
          "type": null,
          "probability": 1,
          "modifiers": [],
          "to_variable": {
            "key": "_pCgmNQ1TEDukVZH2_oVVkw",
            "name": "fecha",
            "type": null,
            "modifiers": [],
            "position": {}
          },
          "position": {}
        },
        "_giIgkA1TEDukVZH2_oVVkw": {
          "key": "_giIgkA1TEDukVZH2_oVVkw",
          "name": "costo",
          "type": null,
          "probability": 1,
          "modifiers": [],
          "to_variable": {
            "key": "_sQRisA1TEDukVZH2_oVVkw",
            "name": "costo",
            "type": null,
            "modifiers": [],
            "position": {}
          },
          "position": {}
        }
      }
    },
    "parameters_to_parameters_data_clump-./Colección-_RHmFMA1TEDukVZH2_oVVkw-_1E3IUA1UEDukVZH2_oVVkw-idMantenimientokilometrajefechacosto": {
      "type": "data_clump",
      "key": "parameters_to_parameters_data_clump-./Colección-_RHmFMA1TEDukVZH2_oVVkw-_1E3IUA1UEDukVZH2_oVVkw-idMantenimientokilometrajefechacosto",
      "probability": 1,
      "from_file_path": "./Colección",
      "from_class_or_interface_name": "Colección",
      "from_class_or_interface_key": "_Casz8A1IEDukVZH2_oVVkw",
      "from_method_name": "crear_accion",
      "from_method_key": "_RHmFMA1TEDukVZH2_oVVkw",
      "to_file_path": "./Colección",
      "to_class_or_interface_name": "Colección",
      "to_class_or_interface_key": "_Casz8A1IEDukVZH2_oVVkw",
      "to_method_name": "validar_crear_editar_accion",
      "to_method_key": "_1E3IUA1UEDukVZH2_oVVkw",
      "data_clump_type": "parameters_to_parameters_data_clump",
      "data_clump_data": {
        "_YbnFYA1TEDukVZH2_oVVkw": {
          "key": "_YbnFYA1TEDukVZH2_oVVkw",
          "name": "idMantenimiento",
          "type": null,
          "probability": 1,
          "modifiers": [],
          "to_variable": {
            "key": "_wDdOgA1VEDukVZH2_oVVkw",
            "name": "idMantenimiento",
            "type": null,
            "modifiers": [],
            "position": {}
          },
          "position": {}
        },
        "_cghFQA1TEDukVZH2_oVVkw": {
          "key": "_cghFQA1TEDukVZH2_oVVkw",
          "name": "kilometraje",
          "type": null,
          "probability": 1,
          "modifiers": [],
          "to_variable": {
            "key": "_onsyIA1WEDukVZH2_oVVkw",
            "name": "kilometraje",
            "type": null,
            "modifiers": [],
            "position": {}
          },
          "position": {}
        },
        "_eiSvwA1TEDukVZH2_oVVkw": {
          "key": "_eiSvwA1TEDukVZH2_oVVkw",
          "name": "fecha",
          "type": null,
          "probability": 1,
          "modifiers": [],
          "to_variable": {
            "key": "_rkky8A1WEDukVZH2_oVVkw",
            "name": "fecha",
            "type": null,
            "modifiers": [],
            "position": {}
          },
          "position": {}
        },
        "_giIgkA1TEDukVZH2_oVVkw": {
          "key": "_giIgkA1TEDukVZH2_oVVkw",
          "name": "costo",
          "type": null,
          "probability": 1,
          "modifiers": [],
          "to_variable": {
            "key": "_s92TAA1WEDukVZH2_oVVkw",
            "name": "costo",
            "type": null,
            "modifiers": [],
            "position": {}
          },
          "position": {}
        }
      }
    },
    "parameters_to_fields_data_clump-./Colección-_RHmFMA1TEDukVZH2_oVVkw-_2VGIgA1REDukVZH2_oVVkw-idMantenimientokilometrajefechacosto": {
      "type": "data_clump",
      "key": "parameters_to_fields_data_clump-./Colección-_RHmFMA1TEDukVZH2_oVVkw-_2VGIgA1REDukVZH2_oVVkw-idMantenimientokilometrajefechacosto",
      "probability": 1,
      "from_file_path": "./Colección",
      "from_class_or_interface_name": "Colección",
      "from_class_or_interface_key": "_Casz8A1IEDukVZH2_oVVkw",
      "from_method_name": "crear_accion",
      "from_method_key": "_RHmFMA1TEDukVZH2_oVVkw",
      "to_file_path": "./Acciones",
      "to_class_or_interface_name": "Acciones",
      "to_class_or_interface_key": "_2VGIgA1REDukVZH2_oVVkw",
      "to_method_name": null,
      "to_method_key": null,
      "data_clump_type": "parameters_to_fields_data_clump",
      "data_clump_data": {
        "_YbnFYA1TEDukVZH2_oVVkw": {
          "key": "_YbnFYA1TEDukVZH2_oVVkw",
          "name": "idMantenimiento",
          "type": null,
          "probability": 1,
          "modifiers": [],
          "to_variable": {
            "key": "_VmgV8A1SEDukVZH2_oVVkw",
            "name": "idMantenimiento",
            "type": null,
            "modifiers": [
              "private"
            ],
            "position": {}
          },
          "position": {}
        },
        "_cghFQA1TEDukVZH2_oVVkw": {
          "key": "_cghFQA1TEDukVZH2_oVVkw",
          "name": "kilometraje",
          "type": null,
          "probability": 1,
          "modifiers": [],
          "to_variable": {
            "key": "_dHJc4A1SEDukVZH2_oVVkw",
            "name": "kilometraje",
            "type": null,
            "modifiers": [
              "private"
            ],
            "position": {}
          },
          "position": {}
        },
        "_eiSvwA1TEDukVZH2_oVVkw": {
          "key": "_eiSvwA1TEDukVZH2_oVVkw",
          "name": "fecha",
          "type": null,
          "probability": 1,
          "modifiers": [],
          "to_variable": {
            "key": "_mUhycA1SEDukVZH2_oVVkw",
            "name": "fecha",
            "type": null,
            "modifiers": [
              "private"
            ],
            "position": {}
          },
          "position": {}
        },
        "_giIgkA1TEDukVZH2_oVVkw": {
          "key": "_giIgkA1TEDukVZH2_oVVkw",
          "name": "costo",
          "type": null,
          "probability": 1,
          "modifiers": [],
          "to_variable": {
            "key": "_wqIUUA1SEDukVZH2_oVVkw",
            "name": "costo",
            "type": null,
            "modifiers": [
              "private"
            ],
            "position": {}
          },
          "position": {}
        }
      }
    },
    "parameters_to_parameters_data_clump-./Colección-_pCgmMA1TEDukVZH2_oVVkw-_RHmFMA1TEDukVZH2_oVVkw-idMantenimientokilometrajefechacosto": {
      "type": "data_clump",
      "key": "parameters_to_parameters_data_clump-./Colección-_pCgmMA1TEDukVZH2_oVVkw-_RHmFMA1TEDukVZH2_oVVkw-idMantenimientokilometrajefechacosto",
      "probability": 1,
      "from_file_path": "./Colección",
      "from_class_or_interface_name": "Colección",
      "from_class_or_interface_key": "_Casz8A1IEDukVZH2_oVVkw",
      "from_method_name": "editar_accion",
      "from_method_key": "_pCgmMA1TEDukVZH2_oVVkw",
      "to_file_path": "./Colección",
      "to_class_or_interface_name": "Colección",
      "to_class_or_interface_key": "_Casz8A1IEDukVZH2_oVVkw",
      "to_method_name": "crear_accion",
      "to_method_key": "_RHmFMA1TEDukVZH2_oVVkw",
      "data_clump_type": "parameters_to_parameters_data_clump",
      "data_clump_data": {
        "_pCgmMw1TEDukVZH2_oVVkw": {
          "key": "_pCgmMw1TEDukVZH2_oVVkw",
          "name": "idMantenimiento",
          "type": null,
          "probability": 1,
          "modifiers": [],
          "to_variable": {
            "key": "_YbnFYA1TEDukVZH2_oVVkw",
            "name": "idMantenimiento",
            "type": null,
            "modifiers": [],
            "position": {}
          },
          "position": {}
        },
        "_pCgmNA1TEDukVZH2_oVVkw": {
          "key": "_pCgmNA1TEDukVZH2_oVVkw",
          "name": "kilometraje",
          "type": null,
          "probability": 1,
          "modifiers": [],
          "to_variable": {
            "key": "_cghFQA1TEDukVZH2_oVVkw",
            "name": "kilometraje",
            "type": null,
            "modifiers": [],
            "position": {}
          },
          "position": {}
        },
        "_pCgmNQ1TEDukVZH2_oVVkw": {
          "key": "_pCgmNQ1TEDukVZH2_oVVkw",
          "name": "fecha",
          "type": null,
          "probability": 1,
          "modifiers": [],
          "to_variable": {
            "key": "_eiSvwA1TEDukVZH2_oVVkw",
            "name": "fecha",
            "type": null,
            "modifiers": [],
            "position": {}
          },
          "position": {}
        },
        "_sQRisA1TEDukVZH2_oVVkw": {
          "key": "_sQRisA1TEDukVZH2_oVVkw",
          "name": "costo",
          "type": null,
          "probability": 1,
          "modifiers": [],
          "to_variable": {
            "key": "_giIgkA1TEDukVZH2_oVVkw",
            "name": "costo",
            "type": null,
            "modifiers": [],
            "position": {}
          },
          "position": {}
        }
      }
    },
    "parameters_to_parameters_data_clump-./Colección-_pCgmMA1TEDukVZH2_oVVkw-_1E3IUA1UEDukVZH2_oVVkw-ididAutomovilidMantenimientokilometrajefechacosto": {
      "type": "data_clump",
      "key": "parameters_to_parameters_data_clump-./Colección-_pCgmMA1TEDukVZH2_oVVkw-_1E3IUA1UEDukVZH2_oVVkw-ididAutomovilidMantenimientokilometrajefechacosto",
      "probability": 1,
      "from_file_path": "./Colección",
      "from_class_or_interface_name": "Colección",
      "from_class_or_interface_key": "_Casz8A1IEDukVZH2_oVVkw",
      "from_method_name": "editar_accion",
      "from_method_key": "_pCgmMA1TEDukVZH2_oVVkw",
      "to_file_path": "./Colección",
      "to_class_or_interface_name": "Colección",
      "to_class_or_interface_key": "_Casz8A1IEDukVZH2_oVVkw",
      "to_method_name": "validar_crear_editar_accion",
      "to_method_key": "_1E3IUA1UEDukVZH2_oVVkw",
      "data_clump_type": "parameters_to_parameters_data_clump",
      "data_clump_data": {
        "_pCgmMQ1TEDukVZH2_oVVkw": {
          "key": "_pCgmMQ1TEDukVZH2_oVVkw",
          "name": "id",
          "type": null,
          "probability": 1,
          "modifiers": [],
          "to_variable": {
            "key": "_uayAgA1VEDukVZH2_oVVkw",
            "name": "id",
            "type": null,
            "modifiers": [],
            "position": {}
          },
          "position": {}
        },
        "_pCgmMg1TEDukVZH2_oVVkw": {
          "key": "_pCgmMg1TEDukVZH2_oVVkw",
          "name": "idAutomovil",
          "type": null,
          "probability": 1,
          "modifiers": [],
          "to_variable": {
            "key": "_zJFisA1VEDukVZH2_oVVkw",
            "name": "idAutomovil",
            "type": null,
            "modifiers": [],
            "position": {}
          },
          "position": {}
        },
        "_pCgmMw1TEDukVZH2_oVVkw": {
          "key": "_pCgmMw1TEDukVZH2_oVVkw",
          "name": "idMantenimiento",
          "type": null,
          "probability": 1,
          "modifiers": [],
          "to_variable": {
            "key": "_wDdOgA1VEDukVZH2_oVVkw",
            "name": "idMantenimiento",
            "type": null,
            "modifiers": [],
            "position": {}
          },
          "position": {}
        },
        "_pCgmNA1TEDukVZH2_oVVkw": {
          "key": "_pCgmNA1TEDukVZH2_oVVkw",
          "name": "kilometraje",
          "type": null,
          "probability": 1,
          "modifiers": [],
          "to_variable": {
            "key": "_onsyIA1WEDukVZH2_oVVkw",
            "name": "kilometraje",
            "type": null,
            "modifiers": [],
            "position": {}
          },
          "position": {}
        },
        "_pCgmNQ1TEDukVZH2_oVVkw": {
          "key": "_pCgmNQ1TEDukVZH2_oVVkw",
          "name": "fecha",
          "type": null,
          "probability": 1,
          "modifiers": [],
          "to_variable": {
            "key": "_rkky8A1WEDukVZH2_oVVkw",
            "name": "fecha",
            "type": null,
            "modifiers": [],
            "position": {}
          },
          "position": {}
        },
        "_sQRisA1TEDukVZH2_oVVkw": {
          "key": "_sQRisA1TEDukVZH2_oVVkw",
          "name": "costo",
          "type": null,
          "probability": 1,
          "modifiers": [],
          "to_variable": {
            "key": "_s92TAA1WEDukVZH2_oVVkw",
            "name": "costo",
            "type": null,
            "modifiers": [],
            "position": {}
          },
          "position": {}
        }
      }
    },
    "parameters_to_fields_data_clump-./Colección-_pCgmMA1TEDukVZH2_oVVkw-_2VGIgA1REDukVZH2_oVVkw-ididAutomovilidMantenimientokilometrajefechacosto": {
      "type": "data_clump",
      "key": "parameters_to_fields_data_clump-./Colección-_pCgmMA1TEDukVZH2_oVVkw-_2VGIgA1REDukVZH2_oVVkw-ididAutomovilidMantenimientokilometrajefechacosto",
      "probability": 1,
      "from_file_path": "./Colección",
      "from_class_or_interface_name": "Colección",
      "from_class_or_interface_key": "_Casz8A1IEDukVZH2_oVVkw",
      "from_method_name": "editar_accion",
      "from_method_key": "_pCgmMA1TEDukVZH2_oVVkw",
      "to_file_path": "./Acciones",
      "to_class_or_interface_name": "Acciones",
      "to_class_or_interface_key": "_2VGIgA1REDukVZH2_oVVkw",
      "to_method_name": null,
      "to_method_key": null,
      "data_clump_type": "parameters_to_fields_data_clump",
      "data_clump_data": {
        "_pCgmMQ1TEDukVZH2_oVVkw": {
          "key": "_pCgmMQ1TEDukVZH2_oVVkw",
          "name": "id",
          "type": null,
          "probability": 1,
          "modifiers": [],
          "to_variable": {
            "key": "_40Aa8A1REDukVZH2_oVVkw",
            "name": "id",
            "type": null,
            "modifiers": [
              "private"
            ],
            "position": {}
          },
          "position": {}
        },
        "_pCgmMg1TEDukVZH2_oVVkw": {
          "key": "_pCgmMg1TEDukVZH2_oVVkw",
          "name": "idAutomovil",
          "type": null,
          "probability": 1,
          "modifiers": [],
          "to_variable": {
            "key": "_T86h8A1SEDukVZH2_oVVkw",
            "name": "idAutomovil",
            "type": null,
            "modifiers": [
              "private"
            ],
            "position": {}
          },
          "position": {}
        },
        "_pCgmMw1TEDukVZH2_oVVkw": {
          "key": "_pCgmMw1TEDukVZH2_oVVkw",
          "name": "idMantenimiento",
          "type": null,
          "probability": 1,
          "modifiers": [],
          "to_variable": {
            "key": "_VmgV8A1SEDukVZH2_oVVkw",
            "name": "idMantenimiento",
            "type": null,
            "modifiers": [
              "private"
            ],
            "position": {}
          },
          "position": {}
        },
        "_pCgmNA1TEDukVZH2_oVVkw": {
          "key": "_pCgmNA1TEDukVZH2_oVVkw",
          "name": "kilometraje",
          "type": null,
          "probability": 1,
          "modifiers": [],
          "to_variable": {
            "key": "_dHJc4A1SEDukVZH2_oVVkw",
            "name": "kilometraje",
            "type": null,
            "modifiers": [
              "private"
            ],
            "position": {}
          },
          "position": {}
        },
        "_pCgmNQ1TEDukVZH2_oVVkw": {
          "key": "_pCgmNQ1TEDukVZH2_oVVkw",
          "name": "fecha",
          "type": null,
          "probability": 1,
          "modifiers": [],
          "to_variable": {
            "key": "_mUhycA1SEDukVZH2_oVVkw",
            "name": "fecha",
            "type": null,
            "modifiers": [
              "private"
            ],
            "position": {}
          },
          "position": {}
        },
        "_sQRisA1TEDukVZH2_oVVkw": {
          "key": "_sQRisA1TEDukVZH2_oVVkw",
          "name": "costo",
          "type": null,
          "probability": 1,
          "modifiers": [],
          "to_variable": {
            "key": "_wqIUUA1SEDukVZH2_oVVkw",
            "name": "costo",
            "type": null,
            "modifiers": [
              "private"
            ],
            "position": {}
          },
          "position": {}
        }
      }
    },
    "parameters_to_parameters_data_clump-./Colección-_1E3IUA1UEDukVZH2_oVVkw-_RHmFMA1TEDukVZH2_oVVkw-idMantenimientokilometrajefechacosto": {
      "type": "data_clump",
      "key": "parameters_to_parameters_data_clump-./Colección-_1E3IUA1UEDukVZH2_oVVkw-_RHmFMA1TEDukVZH2_oVVkw-idMantenimientokilometrajefechacosto",
      "probability": 1,
      "from_file_path": "./Colección",
      "from_class_or_interface_name": "Colección",
      "from_class_or_interface_key": "_Casz8A1IEDukVZH2_oVVkw",
      "from_method_name": "validar_crear_editar_accion",
      "from_method_key": "_1E3IUA1UEDukVZH2_oVVkw",
      "to_file_path": "./Colección",
      "to_class_or_interface_name": "Colección",
      "to_class_or_interface_key": "_Casz8A1IEDukVZH2_oVVkw",
      "to_method_name": "crear_accion",
      "to_method_key": "_RHmFMA1TEDukVZH2_oVVkw",
      "data_clump_type": "parameters_to_parameters_data_clump",
      "data_clump_data": {
        "_wDdOgA1VEDukVZH2_oVVkw": {
          "key": "_wDdOgA1VEDukVZH2_oVVkw",
          "name": "idMantenimiento",
          "type": null,
          "probability": 1,
          "modifiers": [],
          "to_variable": {
            "key": "_YbnFYA1TEDukVZH2_oVVkw",
            "name": "idMantenimiento",
            "type": null,
            "modifiers": [],
            "position": {}
          },
          "position": {}
        },
        "_onsyIA1WEDukVZH2_oVVkw": {
          "key": "_onsyIA1WEDukVZH2_oVVkw",
          "name": "kilometraje",
          "type": null,
          "probability": 1,
          "modifiers": [],
          "to_variable": {
            "key": "_cghFQA1TEDukVZH2_oVVkw",
            "name": "kilometraje",
            "type": null,
            "modifiers": [],
            "position": {}
          },
          "position": {}
        },
        "_rkky8A1WEDukVZH2_oVVkw": {
          "key": "_rkky8A1WEDukVZH2_oVVkw",
          "name": "fecha",
          "type": null,
          "probability": 1,
          "modifiers": [],
          "to_variable": {
            "key": "_eiSvwA1TEDukVZH2_oVVkw",
            "name": "fecha",
            "type": null,
            "modifiers": [],
            "position": {}
          },
          "position": {}
        },
        "_s92TAA1WEDukVZH2_oVVkw": {
          "key": "_s92TAA1WEDukVZH2_oVVkw",
          "name": "costo",
          "type": null,
          "probability": 1,
          "modifiers": [],
          "to_variable": {
            "key": "_giIgkA1TEDukVZH2_oVVkw",
            "name": "costo",
            "type": null,
            "modifiers": [],
            "position": {}
          },
          "position": {}
        }
      }
    },
    "parameters_to_parameters_data_clump-./Colección-_1E3IUA1UEDukVZH2_oVVkw-_pCgmMA1TEDukVZH2_oVVkw-ididMantenimientoidAutomovilkilometrajefechacosto": {
      "type": "data_clump",
      "key": "parameters_to_parameters_data_clump-./Colección-_1E3IUA1UEDukVZH2_oVVkw-_pCgmMA1TEDukVZH2_oVVkw-ididMantenimientoidAutomovilkilometrajefechacosto",
      "probability": 1,
      "from_file_path": "./Colección",
      "from_class_or_interface_name": "Colección",
      "from_class_or_interface_key": "_Casz8A1IEDukVZH2_oVVkw",
      "from_method_name": "validar_crear_editar_accion",
      "from_method_key": "_1E3IUA1UEDukVZH2_oVVkw",
      "to_file_path": "./Colección",
      "to_class_or_interface_name": "Colección",
      "to_class_or_interface_key": "_Casz8A1IEDukVZH2_oVVkw",
      "to_method_name": "editar_accion",
      "to_method_key": "_pCgmMA1TEDukVZH2_oVVkw",
      "data_clump_type": "parameters_to_parameters_data_clump",
      "data_clump_data": {
        "_uayAgA1VEDukVZH2_oVVkw": {
          "key": "_uayAgA1VEDukVZH2_oVVkw",
          "name": "id",
          "type": null,
          "probability": 1,
          "modifiers": [],
          "to_variable": {
            "key": "_pCgmMQ1TEDukVZH2_oVVkw",
            "name": "id",
            "type": null,
            "modifiers": [],
            "position": {}
          },
          "position": {}
        },
        "_wDdOgA1VEDukVZH2_oVVkw": {
          "key": "_wDdOgA1VEDukVZH2_oVVkw",
          "name": "idMantenimiento",
          "type": null,
          "probability": 1,
          "modifiers": [],
          "to_variable": {
            "key": "_pCgmMw1TEDukVZH2_oVVkw",
            "name": "idMantenimiento",
            "type": null,
            "modifiers": [],
            "position": {}
          },
          "position": {}
        },
        "_zJFisA1VEDukVZH2_oVVkw": {
          "key": "_zJFisA1VEDukVZH2_oVVkw",
          "name": "idAutomovil",
          "type": null,
          "probability": 1,
          "modifiers": [],
          "to_variable": {
            "key": "_pCgmMg1TEDukVZH2_oVVkw",
            "name": "idAutomovil",
            "type": null,
            "modifiers": [],
            "position": {}
          },
          "position": {}
        },
        "_onsyIA1WEDukVZH2_oVVkw": {
          "key": "_onsyIA1WEDukVZH2_oVVkw",
          "name": "kilometraje",
          "type": null,
          "probability": 1,
          "modifiers": [],
          "to_variable": {
            "key": "_pCgmNA1TEDukVZH2_oVVkw",
            "name": "kilometraje",
            "type": null,
            "modifiers": [],
            "position": {}
          },
          "position": {}
        },
        "_rkky8A1WEDukVZH2_oVVkw": {
          "key": "_rkky8A1WEDukVZH2_oVVkw",
          "name": "fecha",
          "type": null,
          "probability": 1,
          "modifiers": [],
          "to_variable": {
            "key": "_pCgmNQ1TEDukVZH2_oVVkw",
            "name": "fecha",
            "type": null,
            "modifiers": [],
            "position": {}
          },
          "position": {}
        },
        "_s92TAA1WEDukVZH2_oVVkw": {
          "key": "_s92TAA1WEDukVZH2_oVVkw",
          "name": "costo",
          "type": null,
          "probability": 1,
          "modifiers": [],
          "to_variable": {
            "key": "_sQRisA1TEDukVZH2_oVVkw",
            "name": "costo",
            "type": null,
            "modifiers": [],
            "position": {}
          },
          "position": {}
        }
      }
    },
    "parameters_to_fields_data_clump-./Colección-_1E3IUA1UEDukVZH2_oVVkw-_2VGIgA1REDukVZH2_oVVkw-ididMantenimientoidAutomovilkilometrajefechacosto": {
      "type": "data_clump",
      "key": "parameters_to_fields_data_clump-./Colección-_1E3IUA1UEDukVZH2_oVVkw-_2VGIgA1REDukVZH2_oVVkw-ididMantenimientoidAutomovilkilometrajefechacosto",
      "probability": 1,
      "from_file_path": "./Colección",
      "from_class_or_interface_name": "Colección",
      "from_class_or_interface_key": "_Casz8A1IEDukVZH2_oVVkw",
      "from_method_name": "validar_crear_editar_accion",
      "from_method_key": "_1E3IUA1UEDukVZH2_oVVkw",
      "to_file_path": "./Acciones",
      "to_class_or_interface_name": "Acciones",
      "to_class_or_interface_key": "_2VGIgA1REDukVZH2_oVVkw",
      "to_method_name": null,
      "to_method_key": null,
      "data_clump_type": "parameters_to_fields_data_clump",
      "data_clump_data": {
        "_uayAgA1VEDukVZH2_oVVkw": {
          "key": "_uayAgA1VEDukVZH2_oVVkw",
          "name": "id",
          "type": null,
          "probability": 1,
          "modifiers": [],
          "to_variable": {
            "key": "_40Aa8A1REDukVZH2_oVVkw",
            "name": "id",
            "type": null,
            "modifiers": [
              "private"
            ],
            "position": {}
          },
          "position": {}
        },
        "_wDdOgA1VEDukVZH2_oVVkw": {
          "key": "_wDdOgA1VEDukVZH2_oVVkw",
          "name": "idMantenimiento",
          "type": null,
          "probability": 1,
          "modifiers": [],
          "to_variable": {
            "key": "_VmgV8A1SEDukVZH2_oVVkw",
            "name": "idMantenimiento",
            "type": null,
            "modifiers": [
              "private"
            ],
            "position": {}
          },
          "position": {}
        },
        "_zJFisA1VEDukVZH2_oVVkw": {
          "key": "_zJFisA1VEDukVZH2_oVVkw",
          "name": "idAutomovil",
          "type": null,
          "probability": 1,
          "modifiers": [],
          "to_variable": {
            "key": "_T86h8A1SEDukVZH2_oVVkw",
            "name": "idAutomovil",
            "type": null,
            "modifiers": [
              "private"
            ],
            "position": {}
          },
          "position": {}
        },
        "_onsyIA1WEDukVZH2_oVVkw": {
          "key": "_onsyIA1WEDukVZH2_oVVkw",
          "name": "kilometraje",
          "type": null,
          "probability": 1,
          "modifiers": [],
          "to_variable": {
            "key": "_dHJc4A1SEDukVZH2_oVVkw",
            "name": "kilometraje",
            "type": null,
            "modifiers": [
              "private"
            ],
            "position": {}
          },
          "position": {}
        },
        "_rkky8A1WEDukVZH2_oVVkw": {
          "key": "_rkky8A1WEDukVZH2_oVVkw",
          "name": "fecha",
          "type": null,
          "probability": 1,
          "modifiers": [],
          "to_variable": {
            "key": "_mUhycA1SEDukVZH2_oVVkw",
            "name": "fecha",
            "type": null,
            "modifiers": [
              "private"
            ],
            "position": {}
          },
          "position": {}
        },
        "_s92TAA1WEDukVZH2_oVVkw": {
          "key": "_s92TAA1WEDukVZH2_oVVkw",
          "name": "costo",
          "type": null,
          "probability": 1,
          "modifiers": [],
          "to_variable": {
            "key": "_wqIUUA1SEDukVZH2_oVVkw",
            "name": "costo",
            "type": null,
            "modifiers": [
              "private"
            ],
            "position": {}
          },
          "position": {}
        }
      }
    }
  }
}