{
  "report_version": "unknown",
  "report_timestamp": "2025-03-26T23:01:44.795Z",
  "target_language": "java",
  "report_summary": {
    "additional": null,
    "amount_classes_or_interfaces_with_data_clumps": 5,
    "amount_files_with_data_clumps": 5,
    "amount_methods_with_data_clumps": 5,
    "fields_to_fields_data_clump": 0,
    "parameters_to_fields_data_clump": 0,
    "parameters_to_parameters_data_clump": 20,
    "amount_data_clumps": 20
  },
  "project_info": {
    "project_url": "unknown_project_url",
    "project_name": "_cCkSIEmEEeeTJ_4Vl2J2rQ",
    "project_version": "unknown_project_version",
    "project_commit_hash": "unknown",
    "project_tag": null,
    "project_commit_date": null,
    "additional": {},
    "number_of_files": 42,
    "number_of_classes_or_interfaces": 42,
    "number_of_methods": 59,
    "number_of_data_fields": 35,
    "number_of_method_parameters": 59
  },
  "detector": {
    "name": "data-clumps-doctor",
    "url": "https://github.com/NilsBaumgartner1994/data-clumps-doctor",
    "version": "0.1.100",
    "options": {
      "typeVariablesConsidered": false,
      "similarityModifierOfVariablesWithUnknownType": 0,
      "fieldsOfClassesWithUnknownHierarchyProbabilityModifier": 0,
      "sharedFieldsToFieldsAmountMinimum": 3,
      "analyseFieldsInClassesOrInterfacesInheritedFromSuperClassesOrInterfaces": false,
      "sharedParametersToParametersAmountMinimum": 3,
      "sharedParametersToFieldsAmountMinimum": 3,
      "methodsOfClassesOrInterfacesWithUnknownHierarchyProbabilityModifier": 0
    }
  },
  "data_clumps": {
    "parameters_to_parameters_data_clump-./AboutUsScreen-_eJsWxkmEEeeQ9OVcE7dQjw-_eJs9zEmEEeeQ9OVcE7dQjw-inflatercontainersavedInstanceState": {
      "type": "data_clump",
      "key": "parameters_to_parameters_data_clump-./AboutUsScreen-_eJsWxkmEEeeQ9OVcE7dQjw-_eJs9zEmEEeeQ9OVcE7dQjw-inflatercontainersavedInstanceState",
      "probability": 1,
      "from_file_path": "./AboutUsScreen",
      "from_class_or_interface_name": "AboutUsScreen",
      "from_class_or_interface_key": "_eJsWw0mEEeeQ9OVcE7dQjw",
      "from_method_name": "onCreateView",
      "from_method_key": "_eJsWxkmEEeeQ9OVcE7dQjw",
      "to_file_path": "./CreateEventScreen",
      "to_class_or_interface_name": "CreateEventScreen",
      "to_class_or_interface_key": "_eJs9ykmEEeeQ9OVcE7dQjw",
      "to_method_name": "onCreateView",
      "to_method_key": "_eJs9zEmEEeeQ9OVcE7dQjw",
      "data_clump_type": "parameters_to_parameters_data_clump",
      "data_clump_data": {
        "_eJsWykmEEeeQ9OVcE7dQjw": {
          "key": "_eJsWykmEEeeQ9OVcE7dQjw",
          "name": "inflater",
          "type": null,
          "probability": 1,
          "modifiers": [],
          "to_variable": {
            "key": "_eJs90EmEEeeQ9OVcE7dQjw",
            "name": "inflater",
            "type": null,
            "modifiers": [],
            "position": {}
          },
          "position": {}
        },
        "_eJs9wEmEEeeQ9OVcE7dQjw": {
          "key": "_eJs9wEmEEeeQ9OVcE7dQjw",
          "name": "container",
          "type": null,
          "probability": 1,
          "modifiers": [],
          "to_variable": {
            "key": "_eJs900mEEeeQ9OVcE7dQjw",
            "name": "container",
            "type": null,
            "modifiers": [],
            "position": {}
          },
          "position": {}
        },
        "_eJs9w0mEEeeQ9OVcE7dQjw": {
          "key": "_eJs9w0mEEeeQ9OVcE7dQjw",
          "name": "savedInstanceState",
          "type": null,
          "probability": 1,
          "modifiers": [],
          "to_variable": {
            "key": "_eJs91kmEEeeQ9OVcE7dQjw",
            "name": "savedInstanceState",
            "type": null,
            "modifiers": [],
            "position": {}
          },
          "position": {}
        }
      }
    },
    "parameters_to_parameters_data_clump-./AboutUsScreen-_eJsWxkmEEeeQ9OVcE7dQjw-_eJtlSUmEEeeQ9OVcE7dQjw-inflatercontainersavedInstanceState": {
      "type": "data_clump",
      "key": "parameters_to_parameters_data_clump-./AboutUsScreen-_eJsWxkmEEeeQ9OVcE7dQjw-_eJtlSUmEEeeQ9OVcE7dQjw-inflatercontainersavedInstanceState",
      "probability": 1,
      "from_file_path": "./AboutUsScreen",
      "from_class_or_interface_name": "AboutUsScreen",
      "from_class_or_interface_key": "_eJsWw0mEEeeQ9OVcE7dQjw",
      "from_method_name": "onCreateView",
      "from_method_key": "_eJsWxkmEEeeQ9OVcE7dQjw",
      "to_file_path": "./EventsScreen",
      "to_class_or_interface_name": "EventsScreen",
      "to_class_or_interface_key": "_eJtlRkmEEeeQ9OVcE7dQjw",
      "to_method_name": "onCreateView",
      "to_method_key": "_eJtlSUmEEeeQ9OVcE7dQjw",
      "data_clump_type": "parameters_to_parameters_data_clump",
      "data_clump_data": {
        "_eJsWykmEEeeQ9OVcE7dQjw": {
          "key": "_eJsWykmEEeeQ9OVcE7dQjw",
          "name": "inflater",
          "type": null,
          "probability": 1,
          "modifiers": [],
          "to_variable": {
            "key": "_eJtlTUmEEeeQ9OVcE7dQjw",
            "name": "inflater",
            "type": null,
            "modifiers": [],
            "position": {}
          },
          "position": {}
        },
        "_eJs9wEmEEeeQ9OVcE7dQjw": {
          "key": "_eJs9wEmEEeeQ9OVcE7dQjw",
          "name": "container",
          "type": null,
          "probability": 1,
          "modifiers": [],
          "to_variable": {
            "key": "_eJtlUEmEEeeQ9OVcE7dQjw",
            "name": "container",
            "type": null,
            "modifiers": [],
            "position": {}
          },
          "position": {}
        },
        "_eJs9w0mEEeeQ9OVcE7dQjw": {
          "key": "_eJs9w0mEEeeQ9OVcE7dQjw",
          "name": "savedInstanceState",
          "type": null,
          "probability": 1,
          "modifiers": [],
          "to_variable": {
            "key": "_eJtlU0mEEeeQ9OVcE7dQjw",
            "name": "savedInstanceState",
            "type": null,
            "modifiers": [],
            "position": {}
          },
          "position": {}
        }
      }
    },
    "parameters_to_parameters_data_clump-./AboutUsScreen-_eJsWxkmEEeeQ9OVcE7dQjw-_eJuzN0mEEeeQ9OVcE7dQjw-inflatercontainersavedInstanceState": {
      "type": "data_clump",
      "key": "parameters_to_parameters_data_clump-./AboutUsScreen-_eJsWxkmEEeeQ9OVcE7dQjw-_eJuzN0mEEeeQ9OVcE7dQjw-inflatercontainersavedInstanceState",
      "probability": 1,
      "from_file_path": "./AboutUsScreen",
      "from_class_or_interface_name": "AboutUsScreen",
      "from_class_or_interface_key": "_eJsWw0mEEeeQ9OVcE7dQjw",
      "from_method_name": "onCreateView",
      "from_method_key": "_eJsWxkmEEeeQ9OVcE7dQjw",
      "to_file_path": "./MapScreen",
      "to_class_or_interface_name": "MapScreen",
      "to_class_or_interface_key": "_eJuzJEmEEeeQ9OVcE7dQjw",
      "to_method_name": "onCreateView",
      "to_method_key": "_eJuzN0mEEeeQ9OVcE7dQjw",
      "data_clump_type": "parameters_to_parameters_data_clump",
      "data_clump_data": {
        "_eJsWykmEEeeQ9OVcE7dQjw": {
          "key": "_eJsWykmEEeeQ9OVcE7dQjw",
          "name": "inflater",
          "type": null,
          "probability": 1,
          "modifiers": [],
          "to_variable": {
            "key": "_eJuzO0mEEeeQ9OVcE7dQjw",
            "name": "inflater",
            "type": null,
            "modifiers": [],
            "position": {}
          },
          "position": {}
        },
        "_eJs9wEmEEeeQ9OVcE7dQjw": {
          "key": "_eJs9wEmEEeeQ9OVcE7dQjw",
          "name": "container",
          "type": null,
          "probability": 1,
          "modifiers": [],
          "to_variable": {
            "key": "_eJuzPkmEEeeQ9OVcE7dQjw",
            "name": "container",
            "type": null,
            "modifiers": [],
            "position": {}
          },
          "position": {}
        },
        "_eJs9w0mEEeeQ9OVcE7dQjw": {
          "key": "_eJs9w0mEEeeQ9OVcE7dQjw",
          "name": "savedInstanceState",
          "type": null,
          "probability": 1,
          "modifiers": [],
          "to_variable": {
            "key": "_eJuzQUmEEeeQ9OVcE7dQjw",
            "name": "savedInstanceState",
            "type": null,
            "modifiers": [],
            "position": {}
          },
          "position": {}
        }
      }
    },
    "parameters_to_parameters_data_clump-./AboutUsScreen-_eJsWxkmEEeeQ9OVcE7dQjw-_eJuzTEmEEeeQ9OVcE7dQjw-inflatercontainersavedInstanceState": {
      "type": "data_clump",
      "key": "parameters_to_parameters_data_clump-./AboutUsScreen-_eJsWxkmEEeeQ9OVcE7dQjw-_eJuzTEmEEeeQ9OVcE7dQjw-inflatercontainersavedInstanceState",
      "probability": 1,
      "from_file_path": "./AboutUsScreen",
      "from_class_or_interface_name": "AboutUsScreen",
      "from_class_or_interface_key": "_eJsWw0mEEeeQ9OVcE7dQjw",
      "from_method_name": "onCreateView",
      "from_method_key": "_eJsWxkmEEeeQ9OVcE7dQjw",
      "to_file_path": "./MyEventScreen",
      "to_class_or_interface_name": "MyEventScreen",
      "to_class_or_interface_key": "_eJuzSUmEEeeQ9OVcE7dQjw",
      "to_method_name": "onCreateView",
      "to_method_key": "_eJuzTEmEEeeQ9OVcE7dQjw",
      "data_clump_type": "parameters_to_parameters_data_clump",
      "data_clump_data": {
        "_eJsWykmEEeeQ9OVcE7dQjw": {
          "key": "_eJsWykmEEeeQ9OVcE7dQjw",
          "name": "inflater",
          "type": null,
          "probability": 1,
          "modifiers": [],
          "to_variable": {
            "key": "_eJuzUEmEEeeQ9OVcE7dQjw",
            "name": "inflater",
            "type": null,
            "modifiers": [],
            "position": {}
          },
          "position": {}
        },
        "_eJs9wEmEEeeQ9OVcE7dQjw": {
          "key": "_eJs9wEmEEeeQ9OVcE7dQjw",
          "name": "container",
          "type": null,
          "probability": 1,
          "modifiers": [],
          "to_variable": {
            "key": "_eJuzU0mEEeeQ9OVcE7dQjw",
            "name": "container",
            "type": null,
            "modifiers": [],
            "position": {}
          },
          "position": {}
        },
        "_eJs9w0mEEeeQ9OVcE7dQjw": {
          "key": "_eJs9w0mEEeeQ9OVcE7dQjw",
          "name": "savedInstanceState",
          "type": null,
          "probability": 1,
          "modifiers": [],
          "to_variable": {
            "key": "_eJuzVkmEEeeQ9OVcE7dQjw",
            "name": "savedInstanceState",
            "type": null,
            "modifiers": [],
            "position": {}
          },
          "position": {}
        }
      }
    },
    "parameters_to_parameters_data_clump-./CreateEventScreen-_eJs9zEmEEeeQ9OVcE7dQjw-_eJsWxkmEEeeQ9OVcE7dQjw-inflatercontainersavedInstanceState": {
      "type": "data_clump",
      "key": "parameters_to_parameters_data_clump-./CreateEventScreen-_eJs9zEmEEeeQ9OVcE7dQjw-_eJsWxkmEEeeQ9OVcE7dQjw-inflatercontainersavedInstanceState",
      "probability": 1,
      "from_file_path": "./CreateEventScreen",
      "from_class_or_interface_name": "CreateEventScreen",
      "from_class_or_interface_key": "_eJs9ykmEEeeQ9OVcE7dQjw",
      "from_method_name": "onCreateView",
      "from_method_key": "_eJs9zEmEEeeQ9OVcE7dQjw",
      "to_file_path": "./AboutUsScreen",
      "to_class_or_interface_name": "AboutUsScreen",
      "to_class_or_interface_key": "_eJsWw0mEEeeQ9OVcE7dQjw",
      "to_method_name": "onCreateView",
      "to_method_key": "_eJsWxkmEEeeQ9OVcE7dQjw",
      "data_clump_type": "parameters_to_parameters_data_clump",
      "data_clump_data": {
        "_eJs90EmEEeeQ9OVcE7dQjw": {
          "key": "_eJs90EmEEeeQ9OVcE7dQjw",
          "name": "inflater",
          "type": null,
          "probability": 1,
          "modifiers": [],
          "to_variable": {
            "key": "_eJsWykmEEeeQ9OVcE7dQjw",
            "name": "inflater",
            "type": null,
            "modifiers": [],
            "position": {}
          },
          "position": {}
        },
        "_eJs900mEEeeQ9OVcE7dQjw": {
          "key": "_eJs900mEEeeQ9OVcE7dQjw",
          "name": "container",
          "type": null,
          "probability": 1,
          "modifiers": [],
          "to_variable": {
            "key": "_eJs9wEmEEeeQ9OVcE7dQjw",
            "name": "container",
            "type": null,
            "modifiers": [],
            "position": {}
          },
          "position": {}
        },
        "_eJs91kmEEeeQ9OVcE7dQjw": {
          "key": "_eJs91kmEEeeQ9OVcE7dQjw",
          "name": "savedInstanceState",
          "type": null,
          "probability": 1,
          "modifiers": [],
          "to_variable": {
            "key": "_eJs9w0mEEeeQ9OVcE7dQjw",
            "name": "savedInstanceState",
            "type": null,
            "modifiers": [],
            "position": {}
          },
          "position": {}
        }
      }
    },
    "parameters_to_parameters_data_clump-./CreateEventScreen-_eJs9zEmEEeeQ9OVcE7dQjw-_eJtlSUmEEeeQ9OVcE7dQjw-inflatercontainersavedInstanceState": {
      "type": "data_clump",
      "key": "parameters_to_parameters_data_clump-./CreateEventScreen-_eJs9zEmEEeeQ9OVcE7dQjw-_eJtlSUmEEeeQ9OVcE7dQjw-inflatercontainersavedInstanceState",
      "probability": 1,
      "from_file_path": "./CreateEventScreen",
      "from_class_or_interface_name": "CreateEventScreen",
      "from_class_or_interface_key": "_eJs9ykmEEeeQ9OVcE7dQjw",
      "from_method_name": "onCreateView",
      "from_method_key": "_eJs9zEmEEeeQ9OVcE7dQjw",
      "to_file_path": "./EventsScreen",
      "to_class_or_interface_name": "EventsScreen",
      "to_class_or_interface_key": "_eJtlRkmEEeeQ9OVcE7dQjw",
      "to_method_name": "onCreateView",
      "to_method_key": "_eJtlSUmEEeeQ9OVcE7dQjw",
      "data_clump_type": "parameters_to_parameters_data_clump",
      "data_clump_data": {
        "_eJs90EmEEeeQ9OVcE7dQjw": {
          "key": "_eJs90EmEEeeQ9OVcE7dQjw",
          "name": "inflater",
          "type": null,
          "probability": 1,
          "modifiers": [],
          "to_variable": {
            "key": "_eJtlTUmEEeeQ9OVcE7dQjw",
            "name": "inflater",
            "type": null,
            "modifiers": [],
            "position": {}
          },
          "position": {}
        },
        "_eJs900mEEeeQ9OVcE7dQjw": {
          "key": "_eJs900mEEeeQ9OVcE7dQjw",
          "name": "container",
          "type": null,
          "probability": 1,
          "modifiers": [],
          "to_variable": {
            "key": "_eJtlUEmEEeeQ9OVcE7dQjw",
            "name": "container",
            "type": null,
            "modifiers": [],
            "position": {}
          },
          "position": {}
        },
        "_eJs91kmEEeeQ9OVcE7dQjw": {
          "key": "_eJs91kmEEeeQ9OVcE7dQjw",
          "name": "savedInstanceState",
          "type": null,
          "probability": 1,
          "modifiers": [],
          "to_variable": {
            "key": "_eJtlU0mEEeeQ9OVcE7dQjw",
            "name": "savedInstanceState",
            "type": null,
            "modifiers": [],
            "position": {}
          },
          "position": {}
        }
      }
    },
    "parameters_to_parameters_data_clump-./CreateEventScreen-_eJs9zEmEEeeQ9OVcE7dQjw-_eJuzN0mEEeeQ9OVcE7dQjw-inflatercontainersavedInstanceState": {
      "type": "data_clump",
      "key": "parameters_to_parameters_data_clump-./CreateEventScreen-_eJs9zEmEEeeQ9OVcE7dQjw-_eJuzN0mEEeeQ9OVcE7dQjw-inflatercontainersavedInstanceState",
      "probability": 1,
      "from_file_path": "./CreateEventScreen",
      "from_class_or_interface_name": "CreateEventScreen",
      "from_class_or_interface_key": "_eJs9ykmEEeeQ9OVcE7dQjw",
      "from_method_name": "onCreateView",
      "from_method_key": "_eJs9zEmEEeeQ9OVcE7dQjw",
      "to_file_path": "./MapScreen",
      "to_class_or_interface_name": "MapScreen",
      "to_class_or_interface_key": "_eJuzJEmEEeeQ9OVcE7dQjw",
      "to_method_name": "onCreateView",
      "to_method_key": "_eJuzN0mEEeeQ9OVcE7dQjw",
      "data_clump_type": "parameters_to_parameters_data_clump",
      "data_clump_data": {
        "_eJs90EmEEeeQ9OVcE7dQjw": {
          "key": "_eJs90EmEEeeQ9OVcE7dQjw",
          "name": "inflater",
          "type": null,
          "probability": 1,
          "modifiers": [],
          "to_variable": {
            "key": "_eJuzO0mEEeeQ9OVcE7dQjw",
            "name": "inflater",
            "type": null,
            "modifiers": [],
            "position": {}
          },
          "position": {}
        },
        "_eJs900mEEeeQ9OVcE7dQjw": {
          "key": "_eJs900mEEeeQ9OVcE7dQjw",
          "name": "container",
          "type": null,
          "probability": 1,
          "modifiers": [],
          "to_variable": {
            "key": "_eJuzPkmEEeeQ9OVcE7dQjw",
            "name": "container",
            "type": null,
            "modifiers": [],
            "position": {}
          },
          "position": {}
        },
        "_eJs91kmEEeeQ9OVcE7dQjw": {
          "key": "_eJs91kmEEeeQ9OVcE7dQjw",
          "name": "savedInstanceState",
          "type": null,
          "probability": 1,
          "modifiers": [],
          "to_variable": {
            "key": "_eJuzQUmEEeeQ9OVcE7dQjw",
            "name": "savedInstanceState",
            "type": null,
            "modifiers": [],
            "position": {}
          },
          "position": {}
        }
      }
    },
    "parameters_to_parameters_data_clump-./CreateEventScreen-_eJs9zEmEEeeQ9OVcE7dQjw-_eJuzTEmEEeeQ9OVcE7dQjw-inflatercontainersavedInstanceState": {
      "type": "data_clump",
      "key": "parameters_to_parameters_data_clump-./CreateEventScreen-_eJs9zEmEEeeQ9OVcE7dQjw-_eJuzTEmEEeeQ9OVcE7dQjw-inflatercontainersavedInstanceState",
      "probability": 1,
      "from_file_path": "./CreateEventScreen",
      "from_class_or_interface_name": "CreateEventScreen",
      "from_class_or_interface_key": "_eJs9ykmEEeeQ9OVcE7dQjw",
      "from_method_name": "onCreateView",
      "from_method_key": "_eJs9zEmEEeeQ9OVcE7dQjw",
      "to_file_path": "./MyEventScreen",
      "to_class_or_interface_name": "MyEventScreen",
      "to_class_or_interface_key": "_eJuzSUmEEeeQ9OVcE7dQjw",
      "to_method_name": "onCreateView",
      "to_method_key": "_eJuzTEmEEeeQ9OVcE7dQjw",
      "data_clump_type": "parameters_to_parameters_data_clump",
      "data_clump_data": {
        "_eJs90EmEEeeQ9OVcE7dQjw": {
          "key": "_eJs90EmEEeeQ9OVcE7dQjw",
          "name": "inflater",
          "type": null,
          "probability": 1,
          "modifiers": [],
          "to_variable": {
            "key": "_eJuzUEmEEeeQ9OVcE7dQjw",
            "name": "inflater",
            "type": null,
            "modifiers": [],
            "position": {}
          },
          "position": {}
        },
        "_eJs900mEEeeQ9OVcE7dQjw": {
          "key": "_eJs900mEEeeQ9OVcE7dQjw",
          "name": "container",
          "type": null,
          "probability": 1,
          "modifiers": [],
          "to_variable": {
            "key": "_eJuzU0mEEeeQ9OVcE7dQjw",
            "name": "container",
            "type": null,
            "modifiers": [],
            "position": {}
          },
          "position": {}
        },
        "_eJs91kmEEeeQ9OVcE7dQjw": {
          "key": "_eJs91kmEEeeQ9OVcE7dQjw",
          "name": "savedInstanceState",
          "type": null,
          "probability": 1,
          "modifiers": [],
          "to_variable": {
            "key": "_eJuzVkmEEeeQ9OVcE7dQjw",
            "name": "savedInstanceState",
            "type": null,
            "modifiers": [],
            "position": {}
          },
          "position": {}
        }
      }
    },
    "parameters_to_parameters_data_clump-./EventsScreen-_eJtlSUmEEeeQ9OVcE7dQjw-_eJsWxkmEEeeQ9OVcE7dQjw-inflatercontainersavedInstanceState": {
      "type": "data_clump",
      "key": "parameters_to_parameters_data_clump-./EventsScreen-_eJtlSUmEEeeQ9OVcE7dQjw-_eJsWxkmEEeeQ9OVcE7dQjw-inflatercontainersavedInstanceState",
      "probability": 1,
      "from_file_path": "./EventsScreen",
      "from_class_or_interface_name": "EventsScreen",
      "from_class_or_interface_key": "_eJtlRkmEEeeQ9OVcE7dQjw",
      "from_method_name": "onCreateView",
      "from_method_key": "_eJtlSUmEEeeQ9OVcE7dQjw",
      "to_file_path": "./AboutUsScreen",
      "to_class_or_interface_name": "AboutUsScreen",
      "to_class_or_interface_key": "_eJsWw0mEEeeQ9OVcE7dQjw",
      "to_method_name": "onCreateView",
      "to_method_key": "_eJsWxkmEEeeQ9OVcE7dQjw",
      "data_clump_type": "parameters_to_parameters_data_clump",
      "data_clump_data": {
        "_eJtlTUmEEeeQ9OVcE7dQjw": {
          "key": "_eJtlTUmEEeeQ9OVcE7dQjw",
          "name": "inflater",
          "type": null,
          "probability": 1,
          "modifiers": [],
          "to_variable": {
            "key": "_eJsWykmEEeeQ9OVcE7dQjw",
            "name": "inflater",
            "type": null,
            "modifiers": [],
            "position": {}
          },
          "position": {}
        },
        "_eJtlUEmEEeeQ9OVcE7dQjw": {
          "key": "_eJtlUEmEEeeQ9OVcE7dQjw",
          "name": "container",
          "type": null,
          "probability": 1,
          "modifiers": [],
          "to_variable": {
            "key": "_eJs9wEmEEeeQ9OVcE7dQjw",
            "name": "container",
            "type": null,
            "modifiers": [],
            "position": {}
          },
          "position": {}
        },
        "_eJtlU0mEEeeQ9OVcE7dQjw": {
          "key": "_eJtlU0mEEeeQ9OVcE7dQjw",
          "name": "savedInstanceState",
          "type": null,
          "probability": 1,
          "modifiers": [],
          "to_variable": {
            "key": "_eJs9w0mEEeeQ9OVcE7dQjw",
            "name": "savedInstanceState",
            "type": null,
            "modifiers": [],
            "position": {}
          },
          "position": {}
        }
      }
    },
    "parameters_to_parameters_data_clump-./EventsScreen-_eJtlSUmEEeeQ9OVcE7dQjw-_eJs9zEmEEeeQ9OVcE7dQjw-inflatercontainersavedInstanceState": {
      "type": "data_clump",
      "key": "parameters_to_parameters_data_clump-./EventsScreen-_eJtlSUmEEeeQ9OVcE7dQjw-_eJs9zEmEEeeQ9OVcE7dQjw-inflatercontainersavedInstanceState",
      "probability": 1,
      "from_file_path": "./EventsScreen",
      "from_class_or_interface_name": "EventsScreen",
      "from_class_or_interface_key": "_eJtlRkmEEeeQ9OVcE7dQjw",
      "from_method_name": "onCreateView",
      "from_method_key": "_eJtlSUmEEeeQ9OVcE7dQjw",
      "to_file_path": "./CreateEventScreen",
      "to_class_or_interface_name": "CreateEventScreen",
      "to_class_or_interface_key": "_eJs9ykmEEeeQ9OVcE7dQjw",
      "to_method_name": "onCreateView",
      "to_method_key": "_eJs9zEmEEeeQ9OVcE7dQjw",
      "data_clump_type": "parameters_to_parameters_data_clump",
      "data_clump_data": {
        "_eJtlTUmEEeeQ9OVcE7dQjw": {
          "key": "_eJtlTUmEEeeQ9OVcE7dQjw",
          "name": "inflater",
          "type": null,
          "probability": 1,
          "modifiers": [],
          "to_variable": {
            "key": "_eJs90EmEEeeQ9OVcE7dQjw",
            "name": "inflater",
            "type": null,
            "modifiers": [],
            "position": {}
          },
          "position": {}
        },
        "_eJtlUEmEEeeQ9OVcE7dQjw": {
          "key": "_eJtlUEmEEeeQ9OVcE7dQjw",
          "name": "container",
          "type": null,
          "probability": 1,
          "modifiers": [],
          "to_variable": {
            "key": "_eJs900mEEeeQ9OVcE7dQjw",
            "name": "container",
            "type": null,
            "modifiers": [],
            "position": {}
          },
          "position": {}
        },
        "_eJtlU0mEEeeQ9OVcE7dQjw": {
          "key": "_eJtlU0mEEeeQ9OVcE7dQjw",
          "name": "savedInstanceState",
          "type": null,
          "probability": 1,
          "modifiers": [],
          "to_variable": {
            "key": "_eJs91kmEEeeQ9OVcE7dQjw",
            "name": "savedInstanceState",
            "type": null,
            "modifiers": [],
            "position": {}
          },
          "position": {}
        }
      }
    },
    "parameters_to_parameters_data_clump-./EventsScreen-_eJtlSUmEEeeQ9OVcE7dQjw-_eJuzN0mEEeeQ9OVcE7dQjw-inflatercontainersavedInstanceState": {
      "type": "data_clump",
      "key": "parameters_to_parameters_data_clump-./EventsScreen-_eJtlSUmEEeeQ9OVcE7dQjw-_eJuzN0mEEeeQ9OVcE7dQjw-inflatercontainersavedInstanceState",
      "probability": 1,
      "from_file_path": "./EventsScreen",
      "from_class_or_interface_name": "EventsScreen",
      "from_class_or_interface_key": "_eJtlRkmEEeeQ9OVcE7dQjw",
      "from_method_name": "onCreateView",
      "from_method_key": "_eJtlSUmEEeeQ9OVcE7dQjw",
      "to_file_path": "./MapScreen",
      "to_class_or_interface_name": "MapScreen",
      "to_class_or_interface_key": "_eJuzJEmEEeeQ9OVcE7dQjw",
      "to_method_name": "onCreateView",
      "to_method_key": "_eJuzN0mEEeeQ9OVcE7dQjw",
      "data_clump_type": "parameters_to_parameters_data_clump",
      "data_clump_data": {
        "_eJtlTUmEEeeQ9OVcE7dQjw": {
          "key": "_eJtlTUmEEeeQ9OVcE7dQjw",
          "name": "inflater",
          "type": null,
          "probability": 1,
          "modifiers": [],
          "to_variable": {
            "key": "_eJuzO0mEEeeQ9OVcE7dQjw",
            "name": "inflater",
            "type": null,
            "modifiers": [],
            "position": {}
          },
          "position": {}
        },
        "_eJtlUEmEEeeQ9OVcE7dQjw": {
          "key": "_eJtlUEmEEeeQ9OVcE7dQjw",
          "name": "container",
          "type": null,
          "probability": 1,
          "modifiers": [],
          "to_variable": {
            "key": "_eJuzPkmEEeeQ9OVcE7dQjw",
            "name": "container",
            "type": null,
            "modifiers": [],
            "position": {}
          },
          "position": {}
        },
        "_eJtlU0mEEeeQ9OVcE7dQjw": {
          "key": "_eJtlU0mEEeeQ9OVcE7dQjw",
          "name": "savedInstanceState",
          "type": null,
          "probability": 1,
          "modifiers": [],
          "to_variable": {
            "key": "_eJuzQUmEEeeQ9OVcE7dQjw",
            "name": "savedInstanceState",
            "type": null,
            "modifiers": [],
            "position": {}
          },
          "position": {}
        }
      }
    },
    "parameters_to_parameters_data_clump-./EventsScreen-_eJtlSUmEEeeQ9OVcE7dQjw-_eJuzTEmEEeeQ9OVcE7dQjw-inflatercontainersavedInstanceState": {
      "type": "data_clump",
      "key": "parameters_to_parameters_data_clump-./EventsScreen-_eJtlSUmEEeeQ9OVcE7dQjw-_eJuzTEmEEeeQ9OVcE7dQjw-inflatercontainersavedInstanceState",
      "probability": 1,
      "from_file_path": "./EventsScreen",
      "from_class_or_interface_name": "EventsScreen",
      "from_class_or_interface_key": "_eJtlRkmEEeeQ9OVcE7dQjw",
      "from_method_name": "onCreateView",
      "from_method_key": "_eJtlSUmEEeeQ9OVcE7dQjw",
      "to_file_path": "./MyEventScreen",
      "to_class_or_interface_name": "MyEventScreen",
      "to_class_or_interface_key": "_eJuzSUmEEeeQ9OVcE7dQjw",
      "to_method_name": "onCreateView",
      "to_method_key": "_eJuzTEmEEeeQ9OVcE7dQjw",
      "data_clump_type": "parameters_to_parameters_data_clump",
      "data_clump_data": {
        "_eJtlTUmEEeeQ9OVcE7dQjw": {
          "key": "_eJtlTUmEEeeQ9OVcE7dQjw",
          "name": "inflater",
          "type": null,
          "probability": 1,
          "modifiers": [],
          "to_variable": {
            "key": "_eJuzUEmEEeeQ9OVcE7dQjw",
            "name": "inflater",
            "type": null,
            "modifiers": [],
            "position": {}
          },
          "position": {}
        },
        "_eJtlUEmEEeeQ9OVcE7dQjw": {
          "key": "_eJtlUEmEEeeQ9OVcE7dQjw",
          "name": "container",
          "type": null,
          "probability": 1,
          "modifiers": [],
          "to_variable": {
            "key": "_eJuzU0mEEeeQ9OVcE7dQjw",
            "name": "container",
            "type": null,
            "modifiers": [],
            "position": {}
          },
          "position": {}
        },
        "_eJtlU0mEEeeQ9OVcE7dQjw": {
          "key": "_eJtlU0mEEeeQ9OVcE7dQjw",
          "name": "savedInstanceState",
          "type": null,
          "probability": 1,
          "modifiers": [],
          "to_variable": {
            "key": "_eJuzVkmEEeeQ9OVcE7dQjw",
            "name": "savedInstanceState",
            "type": null,
            "modifiers": [],
            "position": {}
          },
          "position": {}
        }
      }
    },
    "parameters_to_parameters_data_clump-./MapScreen-_eJuzN0mEEeeQ9OVcE7dQjw-_eJsWxkmEEeeQ9OVcE7dQjw-inflatercontainersavedInstanceState": {
      "type": "data_clump",
      "key": "parameters_to_parameters_data_clump-./MapScreen-_eJuzN0mEEeeQ9OVcE7dQjw-_eJsWxkmEEeeQ9OVcE7dQjw-inflatercontainersavedInstanceState",
      "probability": 1,
      "from_file_path": "./MapScreen",
      "from_class_or_interface_name": "MapScreen",
      "from_class_or_interface_key": "_eJuzJEmEEeeQ9OVcE7dQjw",
      "from_method_name": "onCreateView",
      "from_method_key": "_eJuzN0mEEeeQ9OVcE7dQjw",
      "to_file_path": "./AboutUsScreen",
      "to_class_or_interface_name": "AboutUsScreen",
      "to_class_or_interface_key": "_eJsWw0mEEeeQ9OVcE7dQjw",
      "to_method_name": "onCreateView",
      "to_method_key": "_eJsWxkmEEeeQ9OVcE7dQjw",
      "data_clump_type": "parameters_to_parameters_data_clump",
      "data_clump_data": {
        "_eJuzO0mEEeeQ9OVcE7dQjw": {
          "key": "_eJuzO0mEEeeQ9OVcE7dQjw",
          "name": "inflater",
          "type": null,
          "probability": 1,
          "modifiers": [],
          "to_variable": {
            "key": "_eJsWykmEEeeQ9OVcE7dQjw",
            "name": "inflater",
            "type": null,
            "modifiers": [],
            "position": {}
          },
          "position": {}
        },
        "_eJuzPkmEEeeQ9OVcE7dQjw": {
          "key": "_eJuzPkmEEeeQ9OVcE7dQjw",
          "name": "container",
          "type": null,
          "probability": 1,
          "modifiers": [],
          "to_variable": {
            "key": "_eJs9wEmEEeeQ9OVcE7dQjw",
            "name": "container",
            "type": null,
            "modifiers": [],
            "position": {}
          },
          "position": {}
        },
        "_eJuzQUmEEeeQ9OVcE7dQjw": {
          "key": "_eJuzQUmEEeeQ9OVcE7dQjw",
          "name": "savedInstanceState",
          "type": null,
          "probability": 1,
          "modifiers": [],
          "to_variable": {
            "key": "_eJs9w0mEEeeQ9OVcE7dQjw",
            "name": "savedInstanceState",
            "type": null,
            "modifiers": [],
            "position": {}
          },
          "position": {}
        }
      }
    },
    "parameters_to_parameters_data_clump-./MapScreen-_eJuzN0mEEeeQ9OVcE7dQjw-_eJs9zEmEEeeQ9OVcE7dQjw-inflatercontainersavedInstanceState": {
      "type": "data_clump",
      "key": "parameters_to_parameters_data_clump-./MapScreen-_eJuzN0mEEeeQ9OVcE7dQjw-_eJs9zEmEEeeQ9OVcE7dQjw-inflatercontainersavedInstanceState",
      "probability": 1,
      "from_file_path": "./MapScreen",
      "from_class_or_interface_name": "MapScreen",
      "from_class_or_interface_key": "_eJuzJEmEEeeQ9OVcE7dQjw",
      "from_method_name": "onCreateView",
      "from_method_key": "_eJuzN0mEEeeQ9OVcE7dQjw",
      "to_file_path": "./CreateEventScreen",
      "to_class_or_interface_name": "CreateEventScreen",
      "to_class_or_interface_key": "_eJs9ykmEEeeQ9OVcE7dQjw",
      "to_method_name": "onCreateView",
      "to_method_key": "_eJs9zEmEEeeQ9OVcE7dQjw",
      "data_clump_type": "parameters_to_parameters_data_clump",
      "data_clump_data": {
        "_eJuzO0mEEeeQ9OVcE7dQjw": {
          "key": "_eJuzO0mEEeeQ9OVcE7dQjw",
          "name": "inflater",
          "type": null,
          "probability": 1,
          "modifiers": [],
          "to_variable": {
            "key": "_eJs90EmEEeeQ9OVcE7dQjw",
            "name": "inflater",
            "type": null,
            "modifiers": [],
            "position": {}
          },
          "position": {}
        },
        "_eJuzPkmEEeeQ9OVcE7dQjw": {
          "key": "_eJuzPkmEEeeQ9OVcE7dQjw",
          "name": "container",
          "type": null,
          "probability": 1,
          "modifiers": [],
          "to_variable": {
            "key": "_eJs900mEEeeQ9OVcE7dQjw",
            "name": "container",
            "type": null,
            "modifiers": [],
            "position": {}
          },
          "position": {}
        },
        "_eJuzQUmEEeeQ9OVcE7dQjw": {
          "key": "_eJuzQUmEEeeQ9OVcE7dQjw",
          "name": "savedInstanceState",
          "type": null,
          "probability": 1,
          "modifiers": [],
          "to_variable": {
            "key": "_eJs91kmEEeeQ9OVcE7dQjw",
            "name": "savedInstanceState",
            "type": null,
            "modifiers": [],
            "position": {}
          },
          "position": {}
        }
      }
    },
    "parameters_to_parameters_data_clump-./MapScreen-_eJuzN0mEEeeQ9OVcE7dQjw-_eJtlSUmEEeeQ9OVcE7dQjw-inflatercontainersavedInstanceState": {
      "type": "data_clump",
      "key": "parameters_to_parameters_data_clump-./MapScreen-_eJuzN0mEEeeQ9OVcE7dQjw-_eJtlSUmEEeeQ9OVcE7dQjw-inflatercontainersavedInstanceState",
      "probability": 1,
      "from_file_path": "./MapScreen",
      "from_class_or_interface_name": "MapScreen",
      "from_class_or_interface_key": "_eJuzJEmEEeeQ9OVcE7dQjw",
      "from_method_name": "onCreateView",
      "from_method_key": "_eJuzN0mEEeeQ9OVcE7dQjw",
      "to_file_path": "./EventsScreen",
      "to_class_or_interface_name": "EventsScreen",
      "to_class_or_interface_key": "_eJtlRkmEEeeQ9OVcE7dQjw",
      "to_method_name": "onCreateView",
      "to_method_key": "_eJtlSUmEEeeQ9OVcE7dQjw",
      "data_clump_type": "parameters_to_parameters_data_clump",
      "data_clump_data": {
        "_eJuzO0mEEeeQ9OVcE7dQjw": {
          "key": "_eJuzO0mEEeeQ9OVcE7dQjw",
          "name": "inflater",
          "type": null,
          "probability": 1,
          "modifiers": [],
          "to_variable": {
            "key": "_eJtlTUmEEeeQ9OVcE7dQjw",
            "name": "inflater",
            "type": null,
            "modifiers": [],
            "position": {}
          },
          "position": {}
        },
        "_eJuzPkmEEeeQ9OVcE7dQjw": {
          "key": "_eJuzPkmEEeeQ9OVcE7dQjw",
          "name": "container",
          "type": null,
          "probability": 1,
          "modifiers": [],
          "to_variable": {
            "key": "_eJtlUEmEEeeQ9OVcE7dQjw",
            "name": "container",
            "type": null,
            "modifiers": [],
            "position": {}
          },
          "position": {}
        },
        "_eJuzQUmEEeeQ9OVcE7dQjw": {
          "key": "_eJuzQUmEEeeQ9OVcE7dQjw",
          "name": "savedInstanceState",
          "type": null,
          "probability": 1,
          "modifiers": [],
          "to_variable": {
            "key": "_eJtlU0mEEeeQ9OVcE7dQjw",
            "name": "savedInstanceState",
            "type": null,
            "modifiers": [],
            "position": {}
          },
          "position": {}
        }
      }
    },
    "parameters_to_parameters_data_clump-./MapScreen-_eJuzN0mEEeeQ9OVcE7dQjw-_eJuzTEmEEeeQ9OVcE7dQjw-inflatercontainersavedInstanceState": {
      "type": "data_clump",
      "key": "parameters_to_parameters_data_clump-./MapScreen-_eJuzN0mEEeeQ9OVcE7dQjw-_eJuzTEmEEeeQ9OVcE7dQjw-inflatercontainersavedInstanceState",
      "probability": 1,
      "from_file_path": "./MapScreen",
      "from_class_or_interface_name": "MapScreen",
      "from_class_or_interface_key": "_eJuzJEmEEeeQ9OVcE7dQjw",
      "from_method_name": "onCreateView",
      "from_method_key": "_eJuzN0mEEeeQ9OVcE7dQjw",
      "to_file_path": "./MyEventScreen",
      "to_class_or_interface_name": "MyEventScreen",
      "to_class_or_interface_key": "_eJuzSUmEEeeQ9OVcE7dQjw",
      "to_method_name": "onCreateView",
      "to_method_key": "_eJuzTEmEEeeQ9OVcE7dQjw",
      "data_clump_type": "parameters_to_parameters_data_clump",
      "data_clump_data": {
        "_eJuzO0mEEeeQ9OVcE7dQjw": {
          "key": "_eJuzO0mEEeeQ9OVcE7dQjw",
          "name": "inflater",
          "type": null,
          "probability": 1,
          "modifiers": [],
          "to_variable": {
            "key": "_eJuzUEmEEeeQ9OVcE7dQjw",
            "name": "inflater",
            "type": null,
            "modifiers": [],
            "position": {}
          },
          "position": {}
        },
        "_eJuzPkmEEeeQ9OVcE7dQjw": {
          "key": "_eJuzPkmEEeeQ9OVcE7dQjw",
          "name": "container",
          "type": null,
          "probability": 1,
          "modifiers": [],
          "to_variable": {
            "key": "_eJuzU0mEEeeQ9OVcE7dQjw",
            "name": "container",
            "type": null,
            "modifiers": [],
            "position": {}
          },
          "position": {}
        },
        "_eJuzQUmEEeeQ9OVcE7dQjw": {
          "key": "_eJuzQUmEEeeQ9OVcE7dQjw",
          "name": "savedInstanceState",
          "type": null,
          "probability": 1,
          "modifiers": [],
          "to_variable": {
            "key": "_eJuzVkmEEeeQ9OVcE7dQjw",
            "name": "savedInstanceState",
            "type": null,
            "modifiers": [],
            "position": {}
          },
          "position": {}
        }
      }
    },
    "parameters_to_parameters_data_clump-./MyEventScreen-_eJuzTEmEEeeQ9OVcE7dQjw-_eJsWxkmEEeeQ9OVcE7dQjw-inflatercontainersavedInstanceState": {
      "type": "data_clump",
      "key": "parameters_to_parameters_data_clump-./MyEventScreen-_eJuzTEmEEeeQ9OVcE7dQjw-_eJsWxkmEEeeQ9OVcE7dQjw-inflatercontainersavedInstanceState",
      "probability": 1,
      "from_file_path": "./MyEventScreen",
      "from_class_or_interface_name": "MyEventScreen",
      "from_class_or_interface_key": "_eJuzSUmEEeeQ9OVcE7dQjw",
      "from_method_name": "onCreateView",
      "from_method_key": "_eJuzTEmEEeeQ9OVcE7dQjw",
      "to_file_path": "./AboutUsScreen",
      "to_class_or_interface_name": "AboutUsScreen",
      "to_class_or_interface_key": "_eJsWw0mEEeeQ9OVcE7dQjw",
      "to_method_name": "onCreateView",
      "to_method_key": "_eJsWxkmEEeeQ9OVcE7dQjw",
      "data_clump_type": "parameters_to_parameters_data_clump",
      "data_clump_data": {
        "_eJuzUEmEEeeQ9OVcE7dQjw": {
          "key": "_eJuzUEmEEeeQ9OVcE7dQjw",
          "name": "inflater",
          "type": null,
          "probability": 1,
          "modifiers": [],
          "to_variable": {
            "key": "_eJsWykmEEeeQ9OVcE7dQjw",
            "name": "inflater",
            "type": null,
            "modifiers": [],
            "position": {}
          },
          "position": {}
        },
        "_eJuzU0mEEeeQ9OVcE7dQjw": {
          "key": "_eJuzU0mEEeeQ9OVcE7dQjw",
          "name": "container",
          "type": null,
          "probability": 1,
          "modifiers": [],
          "to_variable": {
            "key": "_eJs9wEmEEeeQ9OVcE7dQjw",
            "name": "container",
            "type": null,
            "modifiers": [],
            "position": {}
          },
          "position": {}
        },
        "_eJuzVkmEEeeQ9OVcE7dQjw": {
          "key": "_eJuzVkmEEeeQ9OVcE7dQjw",
          "name": "savedInstanceState",
          "type": null,
          "probability": 1,
          "modifiers": [],
          "to_variable": {
            "key": "_eJs9w0mEEeeQ9OVcE7dQjw",
            "name": "savedInstanceState",
            "type": null,
            "modifiers": [],
            "position": {}
          },
          "position": {}
        }
      }
    },
    "parameters_to_parameters_data_clump-./MyEventScreen-_eJuzTEmEEeeQ9OVcE7dQjw-_eJs9zEmEEeeQ9OVcE7dQjw-inflatercontainersavedInstanceState": {
      "type": "data_clump",
      "key": "parameters_to_parameters_data_clump-./MyEventScreen-_eJuzTEmEEeeQ9OVcE7dQjw-_eJs9zEmEEeeQ9OVcE7dQjw-inflatercontainersavedInstanceState",
      "probability": 1,
      "from_file_path": "./MyEventScreen",
      "from_class_or_interface_name": "MyEventScreen",
      "from_class_or_interface_key": "_eJuzSUmEEeeQ9OVcE7dQjw",
      "from_method_name": "onCreateView",
      "from_method_key": "_eJuzTEmEEeeQ9OVcE7dQjw",
      "to_file_path": "./CreateEventScreen",
      "to_class_or_interface_name": "CreateEventScreen",
      "to_class_or_interface_key": "_eJs9ykmEEeeQ9OVcE7dQjw",
      "to_method_name": "onCreateView",
      "to_method_key": "_eJs9zEmEEeeQ9OVcE7dQjw",
      "data_clump_type": "parameters_to_parameters_data_clump",
      "data_clump_data": {
        "_eJuzUEmEEeeQ9OVcE7dQjw": {
          "key": "_eJuzUEmEEeeQ9OVcE7dQjw",
          "name": "inflater",
          "type": null,
          "probability": 1,
          "modifiers": [],
          "to_variable": {
            "key": "_eJs90EmEEeeQ9OVcE7dQjw",
            "name": "inflater",
            "type": null,
            "modifiers": [],
            "position": {}
          },
          "position": {}
        },
        "_eJuzU0mEEeeQ9OVcE7dQjw": {
          "key": "_eJuzU0mEEeeQ9OVcE7dQjw",
          "name": "container",
          "type": null,
          "probability": 1,
          "modifiers": [],
          "to_variable": {
            "key": "_eJs900mEEeeQ9OVcE7dQjw",
            "name": "container",
            "type": null,
            "modifiers": [],
            "position": {}
          },
          "position": {}
        },
        "_eJuzVkmEEeeQ9OVcE7dQjw": {
          "key": "_eJuzVkmEEeeQ9OVcE7dQjw",
          "name": "savedInstanceState",
          "type": null,
          "probability": 1,
          "modifiers": [],
          "to_variable": {
            "key": "_eJs91kmEEeeQ9OVcE7dQjw",
            "name": "savedInstanceState",
            "type": null,
            "modifiers": [],
            "position": {}
          },
          "position": {}
        }
      }
    },
    "parameters_to_parameters_data_clump-./MyEventScreen-_eJuzTEmEEeeQ9OVcE7dQjw-_eJtlSUmEEeeQ9OVcE7dQjw-inflatercontainersavedInstanceState": {
      "type": "data_clump",
      "key": "parameters_to_parameters_data_clump-./MyEventScreen-_eJuzTEmEEeeQ9OVcE7dQjw-_eJtlSUmEEeeQ9OVcE7dQjw-inflatercontainersavedInstanceState",
      "probability": 1,
      "from_file_path": "./MyEventScreen",
      "from_class_or_interface_name": "MyEventScreen",
      "from_class_or_interface_key": "_eJuzSUmEEeeQ9OVcE7dQjw",
      "from_method_name": "onCreateView",
      "from_method_key": "_eJuzTEmEEeeQ9OVcE7dQjw",
      "to_file_path": "./EventsScreen",
      "to_class_or_interface_name": "EventsScreen",
      "to_class_or_interface_key": "_eJtlRkmEEeeQ9OVcE7dQjw",
      "to_method_name": "onCreateView",
      "to_method_key": "_eJtlSUmEEeeQ9OVcE7dQjw",
      "data_clump_type": "parameters_to_parameters_data_clump",
      "data_clump_data": {
        "_eJuzUEmEEeeQ9OVcE7dQjw": {
          "key": "_eJuzUEmEEeeQ9OVcE7dQjw",
          "name": "inflater",
          "type": null,
          "probability": 1,
          "modifiers": [],
          "to_variable": {
            "key": "_eJtlTUmEEeeQ9OVcE7dQjw",
            "name": "inflater",
            "type": null,
            "modifiers": [],
            "position": {}
          },
          "position": {}
        },
        "_eJuzU0mEEeeQ9OVcE7dQjw": {
          "key": "_eJuzU0mEEeeQ9OVcE7dQjw",
          "name": "container",
          "type": null,
          "probability": 1,
          "modifiers": [],
          "to_variable": {
            "key": "_eJtlUEmEEeeQ9OVcE7dQjw",
            "name": "container",
            "type": null,
            "modifiers": [],
            "position": {}
          },
          "position": {}
        },
        "_eJuzVkmEEeeQ9OVcE7dQjw": {
          "key": "_eJuzVkmEEeeQ9OVcE7dQjw",
          "name": "savedInstanceState",
          "type": null,
          "probability": 1,
          "modifiers": [],
          "to_variable": {
            "key": "_eJtlU0mEEeeQ9OVcE7dQjw",
            "name": "savedInstanceState",
            "type": null,
            "modifiers": [],
            "position": {}
          },
          "position": {}
        }
      }
    },
    "parameters_to_parameters_data_clump-./MyEventScreen-_eJuzTEmEEeeQ9OVcE7dQjw-_eJuzN0mEEeeQ9OVcE7dQjw-inflatercontainersavedInstanceState": {
      "type": "data_clump",
      "key": "parameters_to_parameters_data_clump-./MyEventScreen-_eJuzTEmEEeeQ9OVcE7dQjw-_eJuzN0mEEeeQ9OVcE7dQjw-inflatercontainersavedInstanceState",
      "probability": 1,
      "from_file_path": "./MyEventScreen",
      "from_class_or_interface_name": "MyEventScreen",
      "from_class_or_interface_key": "_eJuzSUmEEeeQ9OVcE7dQjw",
      "from_method_name": "onCreateView",
      "from_method_key": "_eJuzTEmEEeeQ9OVcE7dQjw",
      "to_file_path": "./MapScreen",
      "to_class_or_interface_name": "MapScreen",
      "to_class_or_interface_key": "_eJuzJEmEEeeQ9OVcE7dQjw",
      "to_method_name": "onCreateView",
      "to_method_key": "_eJuzN0mEEeeQ9OVcE7dQjw",
      "data_clump_type": "parameters_to_parameters_data_clump",
      "data_clump_data": {
        "_eJuzUEmEEeeQ9OVcE7dQjw": {
          "key": "_eJuzUEmEEeeQ9OVcE7dQjw",
          "name": "inflater",
          "type": null,
          "probability": 1,
          "modifiers": [],
          "to_variable": {
            "key": "_eJuzO0mEEeeQ9OVcE7dQjw",
            "name": "inflater",
            "type": null,
            "modifiers": [],
            "position": {}
          },
          "position": {}
        },
        "_eJuzU0mEEeeQ9OVcE7dQjw": {
          "key": "_eJuzU0mEEeeQ9OVcE7dQjw",
          "name": "container",
          "type": null,
          "probability": 1,
          "modifiers": [],
          "to_variable": {
            "key": "_eJuzPkmEEeeQ9OVcE7dQjw",
            "name": "container",
            "type": null,
            "modifiers": [],
            "position": {}
          },
          "position": {}
        },
        "_eJuzVkmEEeeQ9OVcE7dQjw": {
          "key": "_eJuzVkmEEeeQ9OVcE7dQjw",
          "name": "savedInstanceState",
          "type": null,
          "probability": 1,
          "modifiers": [],
          "to_variable": {
            "key": "_eJuzQUmEEeeQ9OVcE7dQjw",
            "name": "savedInstanceState",
            "type": null,
            "modifiers": [],
            "position": {}
          },
          "position": {}
        }
      }
    }
  }
}