{
  "report_version": "unknown",
  "report_timestamp": "2025-03-26T22:51:27.667Z",
  "target_language": "java",
  "report_summary": {
    "additional": null,
    "amount_classes_or_interfaces_with_data_clumps": 1,
    "amount_files_with_data_clumps": 1,
    "amount_methods_with_data_clumps": 2,
    "fields_to_fields_data_clump": 0,
    "parameters_to_fields_data_clump": 0,
    "parameters_to_parameters_data_clump": 2,
    "amount_data_clumps": 2
  },
  "project_info": {
    "project_url": "unknown_project_url",
    "project_name": "_x-fc8GteEem8aOzn3EOqfg",
    "project_version": "unknown_project_version",
    "project_commit_hash": "unknown",
    "project_tag": null,
    "project_commit_date": null,
    "additional": {},
    "number_of_files": 7,
    "number_of_classes_or_interfaces": 7,
    "number_of_methods": 6,
    "number_of_data_fields": 1,
    "number_of_method_parameters": 13
  },
  "detector": {
    "name": "data-clumps-doctor",
    "url": "https://github.com/NilsBaumgartner1994/data-clumps-doctor",
    "version": "0.1.100",
    "options": {
      "typeVariablesConsidered": false,
      "similarityModifierOfVariablesWithUnknownType": 0,
      "fieldsOfClassesWithUnknownHierarchyProbabilityModifier": 0,
      "sharedFieldsToFieldsAmountMinimum": 3,
      "analyseFieldsInClassesOrInterfacesInheritedFromSuperClassesOrInterfaces": false,
      "sharedParametersToParametersAmountMinimum": 3,
      "sharedParametersToFieldsAmountMinimum": 3,
      "methodsOfClassesOrInterfacesWithUnknownHierarchyProbabilityModifier": 0
    }
  },
  "data_clumps": {
    "parameters_to_parameters_data_clump-./QR_CodeProject-_yWYYpGteEemPgqaoUKarzg-_yWYYuGteEemPgqaoUKarzg-filePathcharsethintMap": {
      "type": "data_clump",
      "key": "parameters_to_parameters_data_clump-./QR_CodeProject-_yWYYpGteEemPgqaoUKarzg-_yWYYuGteEemPgqaoUKarzg-filePathcharsethintMap",
      "probability": 1,
      "from_file_path": "./QR_CodeProject",
      "from_class_or_interface_name": "QR_CodeProject",
      "from_class_or_interface_key": "_yWYYm2teEemPgqaoUKarzg",
      "from_method_name": "createQRCode",
      "from_method_key": "_yWYYpGteEemPgqaoUKarzg",
      "to_file_path": "./QR_CodeProject",
      "to_class_or_interface_name": "QR_CodeProject",
      "to_class_or_interface_key": "_yWYYm2teEemPgqaoUKarzg",
      "to_method_name": "readQRCode",
      "to_method_key": "_yWYYuGteEemPgqaoUKarzg",
      "data_clump_type": "parameters_to_parameters_data_clump",
      "data_clump_data": {
        "_yWYYqWteEemPgqaoUKarzg": {
          "key": "_yWYYqWteEemPgqaoUKarzg",
          "name": "filePath",
          "type": null,
          "probability": 1,
          "modifiers": [],
          "to_variable": {
            "key": "_yWYYvGteEemPgqaoUKarzg",
            "name": "filePath",
            "type": null,
            "modifiers": [],
            "position": {}
          },
          "position": {}
        },
        "_yWYYrGteEemPgqaoUKarzg": {
          "key": "_yWYYrGteEemPgqaoUKarzg",
          "name": "charset",
          "type": null,
          "probability": 1,
          "modifiers": [],
          "to_variable": {
            "key": "_yWYYv2teEemPgqaoUKarzg",
            "name": "charset",
            "type": null,
            "modifiers": [],
            "position": {}
          },
          "position": {}
        },
        "_yWYYr2teEemPgqaoUKarzg": {
          "key": "_yWYYr2teEemPgqaoUKarzg",
          "name": "hintMap",
          "type": null,
          "probability": 1,
          "modifiers": [],
          "to_variable": {
            "key": "_yWYYwmteEemPgqaoUKarzg",
            "name": "hintMap",
            "type": null,
            "modifiers": [],
            "position": {}
          },
          "position": {}
        }
      }
    },
    "parameters_to_parameters_data_clump-./QR_CodeProject-_yWYYuGteEemPgqaoUKarzg-_yWYYpGteEemPgqaoUKarzg-filePathcharsethintMap": {
      "type": "data_clump",
      "key": "parameters_to_parameters_data_clump-./QR_CodeProject-_yWYYuGteEemPgqaoUKarzg-_yWYYpGteEemPgqaoUKarzg-filePathcharsethintMap",
      "probability": 1,
      "from_file_path": "./QR_CodeProject",
      "from_class_or_interface_name": "QR_CodeProject",
      "from_class_or_interface_key": "_yWYYm2teEemPgqaoUKarzg",
      "from_method_name": "readQRCode",
      "from_method_key": "_yWYYuGteEemPgqaoUKarzg",
      "to_file_path": "./QR_CodeProject",
      "to_class_or_interface_name": "QR_CodeProject",
      "to_class_or_interface_key": "_yWYYm2teEemPgqaoUKarzg",
      "to_method_name": "createQRCode",
      "to_method_key": "_yWYYpGteEemPgqaoUKarzg",
      "data_clump_type": "parameters_to_parameters_data_clump",
      "data_clump_data": {
        "_yWYYvGteEemPgqaoUKarzg": {
          "key": "_yWYYvGteEemPgqaoUKarzg",
          "name": "filePath",
          "type": null,
          "probability": 1,
          "modifiers": [],
          "to_variable": {
            "key": "_yWYYqWteEemPgqaoUKarzg",
            "name": "filePath",
            "type": null,
            "modifiers": [],
            "position": {}
          },
          "position": {}
        },
        "_yWYYv2teEemPgqaoUKarzg": {
          "key": "_yWYYv2teEemPgqaoUKarzg",
          "name": "charset",
          "type": null,
          "probability": 1,
          "modifiers": [],
          "to_variable": {
            "key": "_yWYYrGteEemPgqaoUKarzg",
            "name": "charset",
            "type": null,
            "modifiers": [],
            "position": {}
          },
          "position": {}
        },
        "_yWYYwmteEemPgqaoUKarzg": {
          "key": "_yWYYwmteEemPgqaoUKarzg",
          "name": "hintMap",
          "type": null,
          "probability": 1,
          "modifiers": [],
          "to_variable": {
            "key": "_yWYYr2teEemPgqaoUKarzg",
            "name": "hintMap",
            "type": null,
            "modifiers": [],
            "position": {}
          },
          "position": {}
        }
      }
    }
  }
}