{
  "report_version": "unknown",
  "report_timestamp": "2025-03-26T22:11:30.354Z",
  "target_language": "java",
  "report_summary": {
    "additional": null,
    "amount_classes_or_interfaces_with_data_clumps": 2,
    "amount_files_with_data_clumps": 2,
    "amount_methods_with_data_clumps": 0,
    "fields_to_fields_data_clump": 2,
    "parameters_to_fields_data_clump": 0,
    "parameters_to_parameters_data_clump": 0,
    "amount_data_clumps": 2
  },
  "project_info": {
    "project_url": "unknown_project_url",
    "project_name": "_c5iyECYfEeqqcaoAsxFIeg",
    "project_version": "unknown_project_version",
    "project_commit_hash": "unknown",
    "project_tag": null,
    "project_commit_date": null,
    "additional": {},
    "number_of_files": 18,
    "number_of_classes_or_interfaces": 18,
    "number_of_methods": 0,
    "number_of_data_fields": 33,
    "number_of_method_parameters": 0
  },
  "detector": {
    "name": "data-clumps-doctor",
    "url": "https://github.com/NilsBaumgartner1994/data-clumps-doctor",
    "version": "0.1.100",
    "options": {
      "typeVariablesConsidered": false,
      "similarityModifierOfVariablesWithUnknownType": 0,
      "fieldsOfClassesWithUnknownHierarchyProbabilityModifier": 0,
      "sharedFieldsToFieldsAmountMinimum": 3,
      "analyseFieldsInClassesOrInterfacesInheritedFromSuperClassesOrInterfaces": false,
      "sharedParametersToParametersAmountMinimum": 3,
      "sharedParametersToFieldsAmountMinimum": 3,
      "methodsOfClassesOrInterfacesWithUnknownHierarchyProbabilityModifier": 0
    }
  },
  "data_clumps": {
    "fields_to_fields_data_clump-./Menu-_c7iWKSYfEeqqcaoAsxFIeg-_c7iWJSYfEeqqcaoAsxFIeg-iddescriptionno": {
      "type": "data_clump",
      "key": "fields_to_fields_data_clump-./Menu-_c7iWKSYfEeqqcaoAsxFIeg-_c7iWJSYfEeqqcaoAsxFIeg-iddescriptionno",
      "probability": 1,
      "from_file_path": "./Menu",
      "from_class_or_interface_name": "Menu",
      "from_class_or_interface_key": "_c7iWKSYfEeqqcaoAsxFIeg",
      "from_method_name": null,
      "from_method_key": null,
      "to_file_path": "./Role",
      "to_class_or_interface_key": "_c7iWJSYfEeqqcaoAsxFIeg",
      "to_class_or_interface_name": "Menu",
      "to_method_key": null,
      "to_method_name": null,
      "data_clump_type": "fields_to_fields_data_clump",
      "data_clump_data": {
        "_c7iWKiYfEeqqcaoAsxFIeg": {
          "key": "_c7iWKiYfEeqqcaoAsxFIeg",
          "name": "id",
          "type": null,
          "probability": 1,
          "modifiers": [
            "private"
          ],
          "to_variable": {
            "key": "_c7iWJiYfEeqqcaoAsxFIeg",
            "name": "id",
            "type": null,
            "modifiers": [
              "private"
            ],
            "position": {}
          },
          "position": {}
        },
        "_c7iWKyYfEeqqcaoAsxFIeg": {
          "key": "_c7iWKyYfEeqqcaoAsxFIeg",
          "name": "description",
          "type": null,
          "probability": 1,
          "modifiers": [
            "private"
          ],
          "to_variable": {
            "key": "_c7iWJyYfEeqqcaoAsxFIeg",
            "name": "description",
            "type": null,
            "modifiers": [
              "private"
            ],
            "position": {}
          },
          "position": {}
        },
        "_c7iWLCYfEeqqcaoAsxFIeg": {
          "key": "_c7iWLCYfEeqqcaoAsxFIeg",
          "name": "no",
          "type": null,
          "probability": 1,
          "modifiers": [
            "private"
          ],
          "to_variable": {
            "key": "_c7iWKCYfEeqqcaoAsxFIeg",
            "name": "no",
            "type": null,
            "modifiers": [
              "private"
            ],
            "position": {}
          },
          "position": {}
        }
      }
    },
    "fields_to_fields_data_clump-./Role-_c7iWJSYfEeqqcaoAsxFIeg-_c7iWKSYfEeqqcaoAsxFIeg-iddescriptionno": {
      "type": "data_clump",
      "key": "fields_to_fields_data_clump-./Role-_c7iWJSYfEeqqcaoAsxFIeg-_c7iWKSYfEeqqcaoAsxFIeg-iddescriptionno",
      "probability": 1,
      "from_file_path": "./Role",
      "from_class_or_interface_name": "Role",
      "from_class_or_interface_key": "_c7iWJSYfEeqqcaoAsxFIeg",
      "from_method_name": null,
      "from_method_key": null,
      "to_file_path": "./Menu",
      "to_class_or_interface_key": "_c7iWKSYfEeqqcaoAsxFIeg",
      "to_class_or_interface_name": "Role",
      "to_method_key": null,
      "to_method_name": null,
      "data_clump_type": "fields_to_fields_data_clump",
      "data_clump_data": {
        "_c7iWJiYfEeqqcaoAsxFIeg": {
          "key": "_c7iWJiYfEeqqcaoAsxFIeg",
          "name": "id",
          "type": null,
          "probability": 1,
          "modifiers": [
            "private"
          ],
          "to_variable": {
            "key": "_c7iWKiYfEeqqcaoAsxFIeg",
            "name": "id",
            "type": null,
            "modifiers": [
              "private"
            ],
            "position": {}
          },
          "position": {}
        },
        "_c7iWJyYfEeqqcaoAsxFIeg": {
          "key": "_c7iWJyYfEeqqcaoAsxFIeg",
          "name": "description",
          "type": null,
          "probability": 1,
          "modifiers": [
            "private"
          ],
          "to_variable": {
            "key": "_c7iWKyYfEeqqcaoAsxFIeg",
            "name": "description",
            "type": null,
            "modifiers": [
              "private"
            ],
            "position": {}
          },
          "position": {}
        },
        "_c7iWKCYfEeqqcaoAsxFIeg": {
          "key": "_c7iWKCYfEeqqcaoAsxFIeg",
          "name": "no",
          "type": null,
          "probability": 1,
          "modifiers": [
            "private"
          ],
          "to_variable": {
            "key": "_c7iWLCYfEeqqcaoAsxFIeg",
            "name": "no",
            "type": null,
            "modifiers": [
              "private"
            ],
            "position": {}
          },
          "position": {}
        }
      }
    }
  }
}