{
  "report_version": "unknown",
  "report_timestamp": "2025-03-26T22:24:12.510Z",
  "target_language": "java",
  "report_summary": {
    "additional": null,
    "amount_classes_or_interfaces_with_data_clumps": 5,
    "amount_files_with_data_clumps": 5,
    "amount_methods_with_data_clumps": 6,
    "fields_to_fields_data_clump": 0,
    "parameters_to_fields_data_clump": 3,
    "parameters_to_parameters_data_clump": 6,
    "amount_data_clumps": 9
  },
  "project_info": {
    "project_url": "unknown_project_url",
    "project_name": "_tqc_EEE7Eei4PbVNQIE9nw",
    "project_version": "unknown_project_version",
    "project_commit_hash": "unknown",
    "project_tag": null,
    "project_commit_date": null,
    "additional": {},
    "number_of_files": 12,
    "number_of_classes_or_interfaces": 12,
    "number_of_methods": 75,
    "number_of_data_fields": 32,
    "number_of_method_parameters": 87
  },
  "detector": {
    "name": "data-clumps-doctor",
    "url": "https://github.com/NilsBaumgartner1994/data-clumps-doctor",
    "version": "0.1.100",
    "options": {
      "typeVariablesConsidered": false,
      "similarityModifierOfVariablesWithUnknownType": 0,
      "fieldsOfClassesWithUnknownHierarchyProbabilityModifier": 0,
      "sharedFieldsToFieldsAmountMinimum": 3,
      "analyseFieldsInClassesOrInterfacesInheritedFromSuperClassesOrInterfaces": false,
      "sharedParametersToParametersAmountMinimum": 3,
      "sharedParametersToFieldsAmountMinimum": 3,
      "methodsOfClassesOrInterfacesWithUnknownHierarchyProbabilityModifier": 0
    }
  },
  "data_clumps": {
    "parameters_to_parameters_data_clump-./CellType-_t39PykE7EeiVJJs4a53j_A-_t39P3EE7EeiVJJs4a53j_A-posinputoutput": {
      "type": "data_clump",
      "key": "parameters_to_parameters_data_clump-./CellType-_t39PykE7EeiVJJs4a53j_A-_t39P3EE7EeiVJJs4a53j_A-posinputoutput",
      "probability": 1,
      "from_file_path": "./CellType",
      "from_class_or_interface_name": "CellType",
      "from_class_or_interface_key": "_t39PrkE7EeiVJJs4a53j_A",
      "from_method_name": "CellType",
      "from_method_key": "_t39PykE7EeiVJJs4a53j_A",
      "to_file_path": "./Corner",
      "to_class_or_interface_name": "Corner",
      "to_class_or_interface_key": "_t39P1EE7EeiVJJs4a53j_A",
      "to_method_name": "Corner",
      "to_method_key": "_t39P3EE7EeiVJJs4a53j_A",
      "data_clump_type": "parameters_to_parameters_data_clump",
      "data_clump_data": {
        "_t39Py0E7EeiVJJs4a53j_A": {
          "key": "_t39Py0E7EeiVJJs4a53j_A",
          "name": "pos",
          "type": null,
          "probability": 1,
          "modifiers": [],
          "to_variable": {
            "key": "_t39P40E7EeiVJJs4a53j_A",
            "name": "pos",
            "type": null,
            "modifiers": [],
            "position": {}
          },
          "position": {}
        },
        "_t39PzkE7EeiVJJs4a53j_A": {
          "key": "_t39PzkE7EeiVJJs4a53j_A",
          "name": "input",
          "type": null,
          "probability": 1,
          "modifiers": [],
          "to_variable": {
            "key": "_t39P5kE7EeiVJJs4a53j_A",
            "name": "input",
            "type": null,
            "modifiers": [],
            "position": {}
          },
          "position": {}
        },
        "_t39P0UE7EeiVJJs4a53j_A": {
          "key": "_t39P0UE7EeiVJJs4a53j_A",
          "name": "output",
          "type": null,
          "probability": 1,
          "modifiers": [],
          "to_variable": {
            "key": "_t39P6UE7EeiVJJs4a53j_A",
            "name": "output",
            "type": null,
            "modifiers": [],
            "position": {}
          },
          "position": {}
        }
      }
    },
    "parameters_to_parameters_data_clump-./CellType-_t39PykE7EeiVJJs4a53j_A-_t3_r9kE7EeiVJJs4a53j_A-posinputoutput": {
      "type": "data_clump",
      "key": "parameters_to_parameters_data_clump-./CellType-_t39PykE7EeiVJJs4a53j_A-_t3_r9kE7EeiVJJs4a53j_A-posinputoutput",
      "probability": 1,
      "from_file_path": "./CellType",
      "from_class_or_interface_name": "CellType",
      "from_class_or_interface_key": "_t39PrkE7EeiVJJs4a53j_A",
      "from_method_name": "CellType",
      "from_method_key": "_t39PykE7EeiVJJs4a53j_A",
      "to_file_path": "./Straight",
      "to_class_or_interface_name": "Straight",
      "to_class_or_interface_key": "_t3_r7kE7EeiVJJs4a53j_A",
      "to_method_name": "Straight",
      "to_method_key": "_t3_r9kE7EeiVJJs4a53j_A",
      "data_clump_type": "parameters_to_parameters_data_clump",
      "data_clump_data": {
        "_t39Py0E7EeiVJJs4a53j_A": {
          "key": "_t39Py0E7EeiVJJs4a53j_A",
          "name": "pos",
          "type": null,
          "probability": 1,
          "modifiers": [],
          "to_variable": {
            "key": "_t3_r_UE7EeiVJJs4a53j_A",
            "name": "pos",
            "type": null,
            "modifiers": [],
            "position": {}
          },
          "position": {}
        },
        "_t39PzkE7EeiVJJs4a53j_A": {
          "key": "_t39PzkE7EeiVJJs4a53j_A",
          "name": "input",
          "type": null,
          "probability": 1,
          "modifiers": [],
          "to_variable": {
            "key": "_t3_sAEE7EeiVJJs4a53j_A",
            "name": "input",
            "type": null,
            "modifiers": [],
            "position": {}
          },
          "position": {}
        },
        "_t39P0UE7EeiVJJs4a53j_A": {
          "key": "_t39P0UE7EeiVJJs4a53j_A",
          "name": "output",
          "type": null,
          "probability": 1,
          "modifiers": [],
          "to_variable": {
            "key": "_t3_sA0E7EeiVJJs4a53j_A",
            "name": "output",
            "type": null,
            "modifiers": [],
            "position": {}
          },
          "position": {}
        }
      }
    },
    "parameters_to_parameters_data_clump-./Corner-_t39P3EE7EeiVJJs4a53j_A-_t39PykE7EeiVJJs4a53j_A-posinputoutput": {
      "type": "data_clump",
      "key": "parameters_to_parameters_data_clump-./Corner-_t39P3EE7EeiVJJs4a53j_A-_t39PykE7EeiVJJs4a53j_A-posinputoutput",
      "probability": 1,
      "from_file_path": "./Corner",
      "from_class_or_interface_name": "Corner",
      "from_class_or_interface_key": "_t39P1EE7EeiVJJs4a53j_A",
      "from_method_name": "Corner",
      "from_method_key": "_t39P3EE7EeiVJJs4a53j_A",
      "to_file_path": "./CellType",
      "to_class_or_interface_name": "CellType",
      "to_class_or_interface_key": "_t39PrkE7EeiVJJs4a53j_A",
      "to_method_name": "CellType",
      "to_method_key": "_t39PykE7EeiVJJs4a53j_A",
      "data_clump_type": "parameters_to_parameters_data_clump",
      "data_clump_data": {
        "_t39P40E7EeiVJJs4a53j_A": {
          "key": "_t39P40E7EeiVJJs4a53j_A",
          "name": "pos",
          "type": null,
          "probability": 1,
          "modifiers": [],
          "to_variable": {
            "key": "_t39Py0E7EeiVJJs4a53j_A",
            "name": "pos",
            "type": null,
            "modifiers": [],
            "position": {}
          },
          "position": {}
        },
        "_t39P5kE7EeiVJJs4a53j_A": {
          "key": "_t39P5kE7EeiVJJs4a53j_A",
          "name": "input",
          "type": null,
          "probability": 1,
          "modifiers": [],
          "to_variable": {
            "key": "_t39PzkE7EeiVJJs4a53j_A",
            "name": "input",
            "type": null,
            "modifiers": [],
            "position": {}
          },
          "position": {}
        },
        "_t39P6UE7EeiVJJs4a53j_A": {
          "key": "_t39P6UE7EeiVJJs4a53j_A",
          "name": "output",
          "type": null,
          "probability": 1,
          "modifiers": [],
          "to_variable": {
            "key": "_t39P0UE7EeiVJJs4a53j_A",
            "name": "output",
            "type": null,
            "modifiers": [],
            "position": {}
          },
          "position": {}
        }
      }
    },
    "parameters_to_parameters_data_clump-./Corner-_t39P3EE7EeiVJJs4a53j_A-_t3_r9kE7EeiVJJs4a53j_A-abposinputoutput": {
      "type": "data_clump",
      "key": "parameters_to_parameters_data_clump-./Corner-_t39P3EE7EeiVJJs4a53j_A-_t3_r9kE7EeiVJJs4a53j_A-abposinputoutput",
      "probability": 1,
      "from_file_path": "./Corner",
      "from_class_or_interface_name": "Corner",
      "from_class_or_interface_key": "_t39P1EE7EeiVJJs4a53j_A",
      "from_method_name": "Corner",
      "from_method_key": "_t39P3EE7EeiVJJs4a53j_A",
      "to_file_path": "./Straight",
      "to_class_or_interface_name": "Straight",
      "to_class_or_interface_key": "_t3_r7kE7EeiVJJs4a53j_A",
      "to_method_name": "Straight",
      "to_method_key": "_t3_r9kE7EeiVJJs4a53j_A",
      "data_clump_type": "parameters_to_parameters_data_clump",
      "data_clump_data": {
        "_t39P3UE7EeiVJJs4a53j_A": {
          "key": "_t39P3UE7EeiVJJs4a53j_A",
          "name": "a",
          "type": null,
          "probability": 1,
          "modifiers": [],
          "to_variable": {
            "key": "_t3_r90E7EeiVJJs4a53j_A",
            "name": "a",
            "type": null,
            "modifiers": [],
            "position": {}
          },
          "position": {}
        },
        "_t39P4EE7EeiVJJs4a53j_A": {
          "key": "_t39P4EE7EeiVJJs4a53j_A",
          "name": "b",
          "type": null,
          "probability": 1,
          "modifiers": [],
          "to_variable": {
            "key": "_t3_r-kE7EeiVJJs4a53j_A",
            "name": "b",
            "type": null,
            "modifiers": [],
            "position": {}
          },
          "position": {}
        },
        "_t39P40E7EeiVJJs4a53j_A": {
          "key": "_t39P40E7EeiVJJs4a53j_A",
          "name": "pos",
          "type": null,
          "probability": 1,
          "modifiers": [],
          "to_variable": {
            "key": "_t3_r_UE7EeiVJJs4a53j_A",
            "name": "pos",
            "type": null,
            "modifiers": [],
            "position": {}
          },
          "position": {}
        },
        "_t39P5kE7EeiVJJs4a53j_A": {
          "key": "_t39P5kE7EeiVJJs4a53j_A",
          "name": "input",
          "type": null,
          "probability": 1,
          "modifiers": [],
          "to_variable": {
            "key": "_t3_sAEE7EeiVJJs4a53j_A",
            "name": "input",
            "type": null,
            "modifiers": [],
            "position": {}
          },
          "position": {}
        },
        "_t39P6UE7EeiVJJs4a53j_A": {
          "key": "_t39P6UE7EeiVJJs4a53j_A",
          "name": "output",
          "type": null,
          "probability": 1,
          "modifiers": [],
          "to_variable": {
            "key": "_t3_sA0E7EeiVJJs4a53j_A",
            "name": "output",
            "type": null,
            "modifiers": [],
            "position": {}
          },
          "position": {}
        }
      }
    },
    "parameters_to_fields_data_clump-./Edge-_t392tUE7EeiVJJs4a53j_A-_t392q0E7EeiVJJs4a53j_A-oij": {
      "type": "data_clump",
      "key": "parameters_to_fields_data_clump-./Edge-_t392tUE7EeiVJJs4a53j_A-_t392q0E7EeiVJJs4a53j_A-oij",
      "probability": 1,
      "from_file_path": "./Edge",
      "from_class_or_interface_name": "Edge",
      "from_class_or_interface_key": "_t392q0E7EeiVJJs4a53j_A",
      "from_method_name": "Edge",
      "from_method_key": "_t392tUE7EeiVJJs4a53j_A",
      "to_file_path": "./Edge",
      "to_class_or_interface_name": "Edge",
      "to_class_or_interface_key": "_t392q0E7EeiVJJs4a53j_A",
      "to_method_name": null,
      "to_method_key": null,
      "data_clump_type": "parameters_to_fields_data_clump",
      "data_clump_data": {
        "_t392tkE7EeiVJJs4a53j_A": {
          "key": "_t392tkE7EeiVJJs4a53j_A",
          "name": "o",
          "type": null,
          "probability": 1,
          "modifiers": [],
          "to_variable": {
            "key": "_t392rEE7EeiVJJs4a53j_A",
            "name": "o",
            "type": null,
            "modifiers": [
              "public"
            ],
            "position": {}
          },
          "position": {}
        },
        "_t392uUE7EeiVJJs4a53j_A": {
          "key": "_t392uUE7EeiVJJs4a53j_A",
          "name": "i",
          "type": null,
          "probability": 1,
          "modifiers": [],
          "to_variable": {
            "key": "_t392r0E7EeiVJJs4a53j_A",
            "name": "i",
            "type": null,
            "modifiers": [
              "public"
            ],
            "position": {}
          },
          "position": {}
        },
        "_t392vEE7EeiVJJs4a53j_A": {
          "key": "_t392vEE7EeiVJJs4a53j_A",
          "name": "j",
          "type": null,
          "probability": 1,
          "modifiers": [],
          "to_variable": {
            "key": "_t392skE7EeiVJJs4a53j_A",
            "name": "j",
            "type": null,
            "modifiers": [
              "public"
            ],
            "position": {}
          },
          "position": {}
        }
      }
    },
    "parameters_to_parameters_data_clump-./Straight-_t3_r9kE7EeiVJJs4a53j_A-_t39PykE7EeiVJJs4a53j_A-posinputoutput": {
      "type": "data_clump",
      "key": "parameters_to_parameters_data_clump-./Straight-_t3_r9kE7EeiVJJs4a53j_A-_t39PykE7EeiVJJs4a53j_A-posinputoutput",
      "probability": 1,
      "from_file_path": "./Straight",
      "from_class_or_interface_name": "Straight",
      "from_class_or_interface_key": "_t3_r7kE7EeiVJJs4a53j_A",
      "from_method_name": "Straight",
      "from_method_key": "_t3_r9kE7EeiVJJs4a53j_A",
      "to_file_path": "./CellType",
      "to_class_or_interface_name": "CellType",
      "to_class_or_interface_key": "_t39PrkE7EeiVJJs4a53j_A",
      "to_method_name": "CellType",
      "to_method_key": "_t39PykE7EeiVJJs4a53j_A",
      "data_clump_type": "parameters_to_parameters_data_clump",
      "data_clump_data": {
        "_t3_r_UE7EeiVJJs4a53j_A": {
          "key": "_t3_r_UE7EeiVJJs4a53j_A",
          "name": "pos",
          "type": null,
          "probability": 1,
          "modifiers": [],
          "to_variable": {
            "key": "_t39Py0E7EeiVJJs4a53j_A",
            "name": "pos",
            "type": null,
            "modifiers": [],
            "position": {}
          },
          "position": {}
        },
        "_t3_sAEE7EeiVJJs4a53j_A": {
          "key": "_t3_sAEE7EeiVJJs4a53j_A",
          "name": "input",
          "type": null,
          "probability": 1,
          "modifiers": [],
          "to_variable": {
            "key": "_t39PzkE7EeiVJJs4a53j_A",
            "name": "input",
            "type": null,
            "modifiers": [],
            "position": {}
          },
          "position": {}
        },
        "_t3_sA0E7EeiVJJs4a53j_A": {
          "key": "_t3_sA0E7EeiVJJs4a53j_A",
          "name": "output",
          "type": null,
          "probability": 1,
          "modifiers": [],
          "to_variable": {
            "key": "_t39P0UE7EeiVJJs4a53j_A",
            "name": "output",
            "type": null,
            "modifiers": [],
            "position": {}
          },
          "position": {}
        }
      }
    },
    "parameters_to_parameters_data_clump-./Straight-_t3_r9kE7EeiVJJs4a53j_A-_t39P3EE7EeiVJJs4a53j_A-abposinputoutput": {
      "type": "data_clump",
      "key": "parameters_to_parameters_data_clump-./Straight-_t3_r9kE7EeiVJJs4a53j_A-_t39P3EE7EeiVJJs4a53j_A-abposinputoutput",
      "probability": 1,
      "from_file_path": "./Straight",
      "from_class_or_interface_name": "Straight",
      "from_class_or_interface_key": "_t3_r7kE7EeiVJJs4a53j_A",
      "from_method_name": "Straight",
      "from_method_key": "_t3_r9kE7EeiVJJs4a53j_A",
      "to_file_path": "./Corner",
      "to_class_or_interface_name": "Corner",
      "to_class_or_interface_key": "_t39P1EE7EeiVJJs4a53j_A",
      "to_method_name": "Corner",
      "to_method_key": "_t39P3EE7EeiVJJs4a53j_A",
      "data_clump_type": "parameters_to_parameters_data_clump",
      "data_clump_data": {
        "_t3_r90E7EeiVJJs4a53j_A": {
          "key": "_t3_r90E7EeiVJJs4a53j_A",
          "name": "a",
          "type": null,
          "probability": 1,
          "modifiers": [],
          "to_variable": {
            "key": "_t39P3UE7EeiVJJs4a53j_A",
            "name": "a",
            "type": null,
            "modifiers": [],
            "position": {}
          },
          "position": {}
        },
        "_t3_r-kE7EeiVJJs4a53j_A": {
          "key": "_t3_r-kE7EeiVJJs4a53j_A",
          "name": "b",
          "type": null,
          "probability": 1,
          "modifiers": [],
          "to_variable": {
            "key": "_t39P4EE7EeiVJJs4a53j_A",
            "name": "b",
            "type": null,
            "modifiers": [],
            "position": {}
          },
          "position": {}
        },
        "_t3_r_UE7EeiVJJs4a53j_A": {
          "key": "_t3_r_UE7EeiVJJs4a53j_A",
          "name": "pos",
          "type": null,
          "probability": 1,
          "modifiers": [],
          "to_variable": {
            "key": "_t39P40E7EeiVJJs4a53j_A",
            "name": "pos",
            "type": null,
            "modifiers": [],
            "position": {}
          },
          "position": {}
        },
        "_t3_sAEE7EeiVJJs4a53j_A": {
          "key": "_t3_sAEE7EeiVJJs4a53j_A",
          "name": "input",
          "type": null,
          "probability": 1,
          "modifiers": [],
          "to_variable": {
            "key": "_t39P5kE7EeiVJJs4a53j_A",
            "name": "input",
            "type": null,
            "modifiers": [],
            "position": {}
          },
          "position": {}
        },
        "_t3_sA0E7EeiVJJs4a53j_A": {
          "key": "_t3_sA0E7EeiVJJs4a53j_A",
          "name": "output",
          "type": null,
          "probability": 1,
          "modifiers": [],
          "to_variable": {
            "key": "_t39P6UE7EeiVJJs4a53j_A",
            "name": "output",
            "type": null,
            "modifiers": [],
            "position": {}
          },
          "position": {}
        }
      }
    },
    "parameters_to_fields_data_clump-./TuringMachine-_t38BqEE7EeiVJJs4a53j_A-_t38BkkE7EeiVJJs4a53j_A-transitionsterminalStatesinitialStateblankSymbol": {
      "type": "data_clump",
      "key": "parameters_to_fields_data_clump-./TuringMachine-_t38BqEE7EeiVJJs4a53j_A-_t38BkkE7EeiVJJs4a53j_A-transitionsterminalStatesinitialStateblankSymbol",
      "probability": 1,
      "from_file_path": "./TuringMachine",
      "from_class_or_interface_name": "TuringMachine",
      "from_class_or_interface_key": "_t38BkkE7EeiVJJs4a53j_A",
      "from_method_name": "TuringMachine",
      "from_method_key": "_t38BqEE7EeiVJJs4a53j_A",
      "to_file_path": "./TuringMachine",
      "to_class_or_interface_name": "TuringMachine",
      "to_class_or_interface_key": "_t38BkkE7EeiVJJs4a53j_A",
      "to_method_name": null,
      "to_method_key": null,
      "data_clump_type": "parameters_to_fields_data_clump",
      "data_clump_data": {
        "_t38BqUE7EeiVJJs4a53j_A": {
          "key": "_t38BqUE7EeiVJJs4a53j_A",
          "name": "transitions",
          "type": null,
          "probability": 1,
          "modifiers": [],
          "to_variable": {
            "key": "_t38Bn0E7EeiVJJs4a53j_A",
            "name": "transitions",
            "type": null,
            "modifiers": [
              "private"
            ],
            "position": {}
          },
          "position": {}
        },
        "_t38BrEE7EeiVJJs4a53j_A": {
          "key": "_t38BrEE7EeiVJJs4a53j_A",
          "name": "terminalStates",
          "type": null,
          "probability": 1,
          "modifiers": [],
          "to_variable": {
            "key": "_t38BokE7EeiVJJs4a53j_A",
            "name": "terminalStates",
            "type": null,
            "modifiers": [
              "private"
            ],
            "position": {}
          },
          "position": {}
        },
        "_t38Br0E7EeiVJJs4a53j_A": {
          "key": "_t38Br0E7EeiVJJs4a53j_A",
          "name": "initialState",
          "type": null,
          "probability": 1,
          "modifiers": [],
          "to_variable": {
            "key": "_t38BpUE7EeiVJJs4a53j_A",
            "name": "initialState",
            "type": null,
            "modifiers": [
              "private"
            ],
            "position": {}
          },
          "position": {}
        },
        "_t38BskE7EeiVJJs4a53j_A": {
          "key": "_t38BskE7EeiVJJs4a53j_A",
          "name": "blankSymbol",
          "type": null,
          "probability": 1,
          "modifiers": [],
          "to_variable": {
            "key": "_t38BmUE7EeiVJJs4a53j_A",
            "name": "blankSymbol",
            "type": null,
            "modifiers": [
              "private"
            ],
            "position": {}
          },
          "position": {}
        }
      }
    },
    "parameters_to_fields_data_clump-./TuringMachine-_t38ouEE7EeiVJJs4a53j_A-_t38BkkE7EeiVJJs4a53j_A-fromtodirection": {
      "type": "data_clump",
      "key": "parameters_to_fields_data_clump-./TuringMachine-_t38ouEE7EeiVJJs4a53j_A-_t38BkkE7EeiVJJs4a53j_A-fromtodirection",
      "probability": 1,
      "from_file_path": "./TuringMachine",
      "from_class_or_interface_name": "TuringMachine",
      "from_class_or_interface_key": "_t38BkkE7EeiVJJs4a53j_A",
      "from_method_name": "Transition",
      "from_method_key": "_t38ouEE7EeiVJJs4a53j_A",
      "to_file_path": "./TuringMachine",
      "to_class_or_interface_name": "TuringMachine",
      "to_class_or_interface_key": "_t38BkkE7EeiVJJs4a53j_A",
      "to_method_name": null,
      "to_method_key": null,
      "data_clump_type": "parameters_to_fields_data_clump",
      "data_clump_data": {
        "_t38ouUE7EeiVJJs4a53j_A": {
          "key": "_t38ouUE7EeiVJJs4a53j_A",
          "name": "from",
          "type": null,
          "probability": 1,
          "modifiers": [],
          "to_variable": {
            "key": "_t38or0E7EeiVJJs4a53j_A",
            "name": "from",
            "type": null,
            "modifiers": [
              "private"
            ],
            "position": {}
          },
          "position": {}
        },
        "_t38ovEE7EeiVJJs4a53j_A": {
          "key": "_t38ovEE7EeiVJJs4a53j_A",
          "name": "to",
          "type": null,
          "probability": 1,
          "modifiers": [],
          "to_variable": {
            "key": "_t38oskE7EeiVJJs4a53j_A",
            "name": "to",
            "type": null,
            "modifiers": [
              "private"
            ],
            "position": {}
          },
          "position": {}
        },
        "_t38ov0E7EeiVJJs4a53j_A": {
          "key": "_t38ov0E7EeiVJJs4a53j_A",
          "name": "direction",
          "type": null,
          "probability": 1,
          "modifiers": [],
          "to_variable": {
            "key": "_t38otUE7EeiVJJs4a53j_A",
            "name": "direction",
            "type": null,
            "modifiers": [
              "private"
            ],
            "position": {}
          },
          "position": {}
        }
      }
    }
  }
}