{
  "report_version": "unknown",
  "report_timestamp": "2025-03-26T21:59:01.664Z",
  "target_language": "java",
  "report_summary": {
    "additional": null,
    "amount_classes_or_interfaces_with_data_clumps": 2,
    "amount_files_with_data_clumps": 2,
    "amount_methods_with_data_clumps": 0,
    "fields_to_fields_data_clump": 2,
    "parameters_to_fields_data_clump": 0,
    "parameters_to_parameters_data_clump": 0,
    "amount_data_clumps": 2
  },
  "project_info": {
    "project_url": "unknown_project_url",
    "project_name": "106060f1-1596-4f1a-bfcc-6a6156a8b8e1",
    "project_version": "unknown_project_version",
    "project_commit_hash": "unknown",
    "project_tag": null,
    "project_commit_date": null,
    "additional": {},
    "number_of_files": 8,
    "number_of_classes_or_interfaces": 8,
    "number_of_methods": 5,
    "number_of_data_fields": 57,
    "number_of_method_parameters": 3
  },
  "detector": {
    "name": "data-clumps-doctor",
    "url": "https://github.com/NilsBaumgartner1994/data-clumps-doctor",
    "version": "0.1.100",
    "options": {
      "typeVariablesConsidered": false,
      "similarityModifierOfVariablesWithUnknownType": 0,
      "fieldsOfClassesWithUnknownHierarchyProbabilityModifier": 0,
      "sharedFieldsToFieldsAmountMinimum": 3,
      "analyseFieldsInClassesOrInterfacesInheritedFromSuperClassesOrInterfaces": false,
      "sharedParametersToParametersAmountMinimum": 3,
      "sharedParametersToFieldsAmountMinimum": 3,
      "methodsOfClassesOrInterfacesWithUnknownHierarchyProbabilityModifier": 0
    }
  },
  "data_clumps": {
    "fields_to_fields_data_clump-./Match-_txLr4O6PEDaBKfkX_gSaLw-_WOQ0IO6PEDaBKfkX_gSaLw-match_numberevent_keyevent_year": {
      "type": "data_clump",
      "key": "fields_to_fields_data_clump-./Match-_txLr4O6PEDaBKfkX_gSaLw-_WOQ0IO6PEDaBKfkX_gSaLw-match_numberevent_keyevent_year",
      "probability": 1,
      "from_file_path": "./Match",
      "from_class_or_interface_name": "Match",
      "from_class_or_interface_key": "_txLr4O6PEDaBKfkX_gSaLw",
      "from_method_name": null,
      "from_method_key": null,
      "to_file_path": "./Sheet",
      "to_class_or_interface_key": "_WOQ0IO6PEDaBKfkX_gSaLw",
      "to_class_or_interface_name": "Match",
      "to_method_key": null,
      "to_method_name": null,
      "data_clump_type": "fields_to_fields_data_clump",
      "data_clump_data": {
        "_LE5dke6QEDaBKfkX_gSaLw": {
          "key": "_LE5dke6QEDaBKfkX_gSaLw",
          "name": "match_number",
          "type": null,
          "probability": 1,
          "modifiers": [],
          "to_variable": {
            "key": "_aK6P4O6PEDaBKfkX_gSaLw",
            "name": "match_number",
            "type": null,
            "modifiers": [],
            "position": {}
          },
          "position": {}
        },
        "_21jvEO6SEDaUhJN2epGhOg": {
          "key": "_21jvEO6SEDaUhJN2epGhOg",
          "name": "event_key",
          "type": null,
          "probability": 1,
          "modifiers": [],
          "to_variable": {
            "key": "_4g0vYPUnEDa0LKcbEGS22g",
            "name": "event_key",
            "type": null,
            "modifiers": [],
            "position": {}
          },
          "position": {}
        },
        "_a5ofsPU1EDa0LKcbEGS22g": {
          "key": "_a5ofsPU1EDa0LKcbEGS22g",
          "name": "event_year",
          "type": null,
          "probability": 1,
          "modifiers": [],
          "to_variable": {
            "key": "_clkdEfU1EDa0LKcbEGS22g",
            "name": "event_year",
            "type": null,
            "modifiers": [],
            "position": {}
          },
          "position": {}
        }
      }
    },
    "fields_to_fields_data_clump-./Sheet-_WOQ0IO6PEDaBKfkX_gSaLw-_txLr4O6PEDaBKfkX_gSaLw-event_keyevent_yearmatch_number": {
      "type": "data_clump",
      "key": "fields_to_fields_data_clump-./Sheet-_WOQ0IO6PEDaBKfkX_gSaLw-_txLr4O6PEDaBKfkX_gSaLw-event_keyevent_yearmatch_number",
      "probability": 1,
      "from_file_path": "./Sheet",
      "from_class_or_interface_name": "Sheet",
      "from_class_or_interface_key": "_WOQ0IO6PEDaBKfkX_gSaLw",
      "from_method_name": null,
      "from_method_key": null,
      "to_file_path": "./Match",
      "to_class_or_interface_key": "_txLr4O6PEDaBKfkX_gSaLw",
      "to_class_or_interface_name": "Sheet",
      "to_method_key": null,
      "to_method_name": null,
      "data_clump_type": "fields_to_fields_data_clump",
      "data_clump_data": {
        "_4g0vYPUnEDa0LKcbEGS22g": {
          "key": "_4g0vYPUnEDa0LKcbEGS22g",
          "name": "event_key",
          "type": null,
          "probability": 1,
          "modifiers": [],
          "to_variable": {
            "key": "_21jvEO6SEDaUhJN2epGhOg",
            "name": "event_key",
            "type": null,
            "modifiers": [],
            "position": {}
          },
          "position": {}
        },
        "_clkdEfU1EDa0LKcbEGS22g": {
          "key": "_clkdEfU1EDa0LKcbEGS22g",
          "name": "event_year",
          "type": null,
          "probability": 1,
          "modifiers": [],
          "to_variable": {
            "key": "_a5ofsPU1EDa0LKcbEGS22g",
            "name": "event_year",
            "type": null,
            "modifiers": [],
            "position": {}
          },
          "position": {}
        },
        "_aK6P4O6PEDaBKfkX_gSaLw": {
          "key": "_aK6P4O6PEDaBKfkX_gSaLw",
          "name": "match_number",
          "type": null,
          "probability": 1,
          "modifiers": [],
          "to_variable": {
            "key": "_LE5dke6QEDaBKfkX_gSaLw",
            "name": "match_number",
            "type": null,
            "modifiers": [],
            "position": {}
          },
          "position": {}
        }
      }
    }
  }
}