{
  "report_version": "unknown",
  "report_timestamp": "2025-03-26T23:05:34.716Z",
  "target_language": "java",
  "report_summary": {
    "additional": null,
    "amount_classes_or_interfaces_with_data_clumps": 2,
    "amount_files_with_data_clumps": 2,
    "amount_methods_with_data_clumps": 0,
    "fields_to_fields_data_clump": 2,
    "parameters_to_fields_data_clump": 0,
    "parameters_to_parameters_data_clump": 0,
    "amount_data_clumps": 2
  },
  "project_info": {
    "project_url": "unknown_project_url",
    "project_name": "_b1PD0KiIEemLy-Ni-VW66Q",
    "project_version": "unknown_project_version",
    "project_commit_hash": "unknown",
    "project_tag": null,
    "project_commit_date": null,
    "additional": {},
    "number_of_files": 5,
    "number_of_classes_or_interfaces": 5,
    "number_of_methods": 0,
    "number_of_data_fields": 19,
    "number_of_method_parameters": 0
  },
  "detector": {
    "name": "data-clumps-doctor",
    "url": "https://github.com/NilsBaumgartner1994/data-clumps-doctor",
    "version": "0.1.100",
    "options": {
      "typeVariablesConsidered": false,
      "similarityModifierOfVariablesWithUnknownType": 0,
      "fieldsOfClassesWithUnknownHierarchyProbabilityModifier": 0,
      "sharedFieldsToFieldsAmountMinimum": 3,
      "analyseFieldsInClassesOrInterfacesInheritedFromSuperClassesOrInterfaces": false,
      "sharedParametersToParametersAmountMinimum": 3,
      "sharedParametersToFieldsAmountMinimum": 3,
      "methodsOfClassesOrInterfacesWithUnknownHierarchyProbabilityModifier": 0
    }
  },
  "data_clumps": {
    "fields_to_fields_data_clump-./SubRoute-_oogj4Yq5EDe0jtTSWrq8lg-_xd6TwYq4EDe0jtTSWrq8lg-FromToTimeInHoursCost": {
      "type": "data_clump",
      "key": "fields_to_fields_data_clump-./SubRoute-_oogj4Yq5EDe0jtTSWrq8lg-_xd6TwYq4EDe0jtTSWrq8lg-FromToTimeInHoursCost",
      "probability": 1,
      "from_file_path": "./SubRoute",
      "from_class_or_interface_name": "SubRoute",
      "from_class_or_interface_key": "_oogj4Yq5EDe0jtTSWrq8lg",
      "from_method_name": null,
      "from_method_key": null,
      "to_file_path": "./TransportRoute",
      "to_class_or_interface_key": "_xd6TwYq4EDe0jtTSWrq8lg",
      "to_class_or_interface_name": "SubRoute",
      "to_method_key": null,
      "to_method_name": null,
      "data_clump_type": "fields_to_fields_data_clump",
      "data_clump_data": {
        "_qjEMEIq5EDe0jtTSWrq8lg": {
          "key": "_qjEMEIq5EDe0jtTSWrq8lg",
          "name": "From",
          "type": null,
          "probability": 1,
          "modifiers": [],
          "to_variable": {
            "key": "_zAPpMIq4EDe0jtTSWrq8lg",
            "name": "From",
            "type": null,
            "modifiers": [],
            "position": {}
          },
          "position": {}
        },
        "_sJld8Yq5EDe0jtTSWrq8lg": {
          "key": "_sJld8Yq5EDe0jtTSWrq8lg",
          "name": "To",
          "type": null,
          "probability": 1,
          "modifiers": [],
          "to_variable": {
            "key": "_9ZfU8Yq4EDe0jtTSWrq8lg",
            "name": "To",
            "type": null,
            "modifiers": [],
            "position": {}
          },
          "position": {}
        },
        "_NbWZkIq6EDe0jtTSWrq8lg": {
          "key": "_NbWZkIq6EDe0jtTSWrq8lg",
          "name": "TimeInHours",
          "type": null,
          "probability": 1,
          "modifiers": [],
          "to_variable": {
            "key": "__qKXEYq4EDe0jtTSWrq8lg",
            "name": "TimeInHours",
            "type": null,
            "modifiers": [],
            "position": {}
          },
          "position": {}
        },
        "_RnuTYYq6EDe0jtTSWrq8lg": {
          "key": "_RnuTYYq6EDe0jtTSWrq8lg",
          "name": "Cost",
          "type": null,
          "probability": 1,
          "modifiers": [],
          "to_variable": {
            "key": "_ExKGEYq5EDe0jtTSWrq8lg",
            "name": "Cost",
            "type": null,
            "modifiers": [],
            "position": {}
          },
          "position": {}
        }
      }
    },
    "fields_to_fields_data_clump-./TransportRoute-_xd6TwYq4EDe0jtTSWrq8lg-_oogj4Yq5EDe0jtTSWrq8lg-FromToTimeInHoursCost": {
      "type": "data_clump",
      "key": "fields_to_fields_data_clump-./TransportRoute-_xd6TwYq4EDe0jtTSWrq8lg-_oogj4Yq5EDe0jtTSWrq8lg-FromToTimeInHoursCost",
      "probability": 1,
      "from_file_path": "./TransportRoute",
      "from_class_or_interface_name": "TransportRoute",
      "from_class_or_interface_key": "_xd6TwYq4EDe0jtTSWrq8lg",
      "from_method_name": null,
      "from_method_key": null,
      "to_file_path": "./SubRoute",
      "to_class_or_interface_key": "_oogj4Yq5EDe0jtTSWrq8lg",
      "to_class_or_interface_name": "TransportRoute",
      "to_method_key": null,
      "to_method_name": null,
      "data_clump_type": "fields_to_fields_data_clump",
      "data_clump_data": {
        "_zAPpMIq4EDe0jtTSWrq8lg": {
          "key": "_zAPpMIq4EDe0jtTSWrq8lg",
          "name": "From",
          "type": null,
          "probability": 1,
          "modifiers": [],
          "to_variable": {
            "key": "_qjEMEIq5EDe0jtTSWrq8lg",
            "name": "From",
            "type": null,
            "modifiers": [],
            "position": {}
          },
          "position": {}
        },
        "_9ZfU8Yq4EDe0jtTSWrq8lg": {
          "key": "_9ZfU8Yq4EDe0jtTSWrq8lg",
          "name": "To",
          "type": null,
          "probability": 1,
          "modifiers": [],
          "to_variable": {
            "key": "_sJld8Yq5EDe0jtTSWrq8lg",
            "name": "To",
            "type": null,
            "modifiers": [],
            "position": {}
          },
          "position": {}
        },
        "__qKXEYq4EDe0jtTSWrq8lg": {
          "key": "__qKXEYq4EDe0jtTSWrq8lg",
          "name": "TimeInHours",
          "type": null,
          "probability": 1,
          "modifiers": [],
          "to_variable": {
            "key": "_NbWZkIq6EDe0jtTSWrq8lg",
            "name": "TimeInHours",
            "type": null,
            "modifiers": [],
            "position": {}
          },
          "position": {}
        },
        "_ExKGEYq5EDe0jtTSWrq8lg": {
          "key": "_ExKGEYq5EDe0jtTSWrq8lg",
          "name": "Cost",
          "type": null,
          "probability": 1,
          "modifiers": [],
          "to_variable": {
            "key": "_RnuTYYq6EDe0jtTSWrq8lg",
            "name": "Cost",
            "type": null,
            "modifiers": [],
            "position": {}
          },
          "position": {}
        }
      }
    }
  }
}