{
  "report_version": "unknown",
  "report_timestamp": "2025-03-26T23:06:29.109Z",
  "target_language": "java",
  "report_summary": {
    "additional": null,
    "amount_classes_or_interfaces_with_data_clumps": 5,
    "amount_files_with_data_clumps": 5,
    "amount_methods_with_data_clumps": 0,
    "fields_to_fields_data_clump": 20,
    "parameters_to_fields_data_clump": 0,
    "parameters_to_parameters_data_clump": 0,
    "amount_data_clumps": 20
  },
  "project_info": {
    "project_url": "unknown_project_url",
    "project_name": "_DKrZYFw7Eemgt8AXxJFj9g",
    "project_version": "unknown_project_version",
    "project_commit_hash": "unknown",
    "project_tag": null,
    "project_commit_date": null,
    "additional": {},
    "number_of_files": 13,
    "number_of_classes_or_interfaces": 13,
    "number_of_methods": 0,
    "number_of_data_fields": 64,
    "number_of_method_parameters": 0
  },
  "detector": {
    "name": "data-clumps-doctor",
    "url": "https://github.com/NilsBaumgartner1994/data-clumps-doctor",
    "version": "0.1.100",
    "options": {
      "typeVariablesConsidered": false,
      "similarityModifierOfVariablesWithUnknownType": 0,
      "fieldsOfClassesWithUnknownHierarchyProbabilityModifier": 0,
      "sharedFieldsToFieldsAmountMinimum": 3,
      "analyseFieldsInClassesOrInterfacesInheritedFromSuperClassesOrInterfaces": false,
      "sharedParametersToParametersAmountMinimum": 3,
      "sharedParametersToFieldsAmountMinimum": 3,
      "methodsOfClassesOrInterfacesWithUnknownHierarchyProbabilityModifier": 0
    }
  },
  "data_clumps": {
    "fields_to_fields_data_clump-./Dell-_u81o8D5rEDepzJFrTZBVWQ-_b0VRkD5sEDepzJFrTZBVWQ-VendorIdVendorNameProdIdWarrantyDurationManufacturingDateProductStatusDepId": {
      "type": "data_clump",
      "key": "fields_to_fields_data_clump-./Dell-_u81o8D5rEDepzJFrTZBVWQ-_b0VRkD5sEDepzJFrTZBVWQ-VendorIdVendorNameProdIdWarrantyDurationManufacturingDateProductStatusDepId",
      "probability": 1,
      "from_file_path": "./Dell",
      "from_class_or_interface_name": "Dell",
      "from_class_or_interface_key": "_u81o8D5rEDepzJFrTZBVWQ",
      "from_method_name": null,
      "from_method_key": null,
      "to_file_path": "./HP",
      "to_class_or_interface_key": "_b0VRkD5sEDepzJFrTZBVWQ",
      "to_class_or_interface_name": "Dell",
      "to_method_key": null,
      "to_method_name": null,
      "data_clump_type": "fields_to_fields_data_clump",
      "data_clump_data": {
        "_xaZ3kD5rEDepzJFrTZBVWQ": {
          "key": "_xaZ3kD5rEDepzJFrTZBVWQ",
          "name": "VendorId",
          "type": null,
          "probability": 1,
          "modifiers": [
            "public"
          ],
          "to_variable": {
            "key": "_b0V4oD5sEDepzJFrTZBVWQ",
            "name": "VendorId",
            "type": null,
            "modifiers": [
              "public"
            ],
            "position": {}
          },
          "position": {}
        },
        "_x_yckD5rEDepzJFrTZBVWQ": {
          "key": "_x_yckD5rEDepzJFrTZBVWQ",
          "name": "VendorName",
          "type": null,
          "probability": 1,
          "modifiers": [
            "public"
          ],
          "to_variable": {
            "key": "_b0WfsD5sEDepzJFrTZBVWQ",
            "name": "VendorName",
            "type": null,
            "modifiers": [
              "public"
            ],
            "position": {}
          },
          "position": {}
        },
        "_yLO3kD5rEDepzJFrTZBVWQ": {
          "key": "_yLO3kD5rEDepzJFrTZBVWQ",
          "name": "ProdId",
          "type": null,
          "probability": 1,
          "modifiers": [
            "public"
          ],
          "to_variable": {
            "key": "_b0WfsT5sEDepzJFrTZBVWQ",
            "name": "ProdId",
            "type": null,
            "modifiers": [
              "public"
            ],
            "position": {}
          },
          "position": {}
        },
        "_FXOLUD5sEDepzJFrTZBVWQ": {
          "key": "_FXOLUD5sEDepzJFrTZBVWQ",
          "name": "WarrantyDuration",
          "type": null,
          "probability": 1,
          "modifiers": [
            "public"
          ],
          "to_variable": {
            "key": "_b0Wfsj5sEDepzJFrTZBVWQ",
            "name": "WarrantyDuration",
            "type": null,
            "modifiers": [
              "public"
            ],
            "position": {}
          },
          "position": {}
        },
        "_G9IZMD5sEDepzJFrTZBVWQ": {
          "key": "_G9IZMD5sEDepzJFrTZBVWQ",
          "name": "ManufacturingDate",
          "type": null,
          "probability": 1,
          "modifiers": [
            "public"
          ],
          "to_variable": {
            "key": "_b0Wfsz5sEDepzJFrTZBVWQ",
            "name": "ManufacturingDate",
            "type": null,
            "modifiers": [
              "public"
            ],
            "position": {}
          },
          "position": {}
        },
        "_HG_f0D5sEDepzJFrTZBVWQ": {
          "key": "_HG_f0D5sEDepzJFrTZBVWQ",
          "name": "ProductStatus",
          "type": null,
          "probability": 1,
          "modifiers": [
            "public"
          ],
          "to_variable": {
            "key": "_b0WftD5sEDepzJFrTZBVWQ",
            "name": "ProductStatus",
            "type": null,
            "modifiers": [
              "public"
            ],
            "position": {}
          },
          "position": {}
        },
        "_HQXeQD5sEDepzJFrTZBVWQ": {
          "key": "_HQXeQD5sEDepzJFrTZBVWQ",
          "name": "DepId",
          "type": null,
          "probability": 1,
          "modifiers": [
            "public"
          ],
          "to_variable": {
            "key": "_b0XGwD5sEDepzJFrTZBVWQ",
            "name": "DepId",
            "type": null,
            "modifiers": [
              "public"
            ],
            "position": {}
          },
          "position": {}
        }
      }
    },
    "fields_to_fields_data_clump-./Dell-_u81o8D5rEDepzJFrTZBVWQ-_5-lCoD5sEDepzJFrTZBVWQ-VendorIdVendorNameProdIdWarrantyDurationManufacturingDateProductStatusDepId": {
      "type": "data_clump",
      "key": "fields_to_fields_data_clump-./Dell-_u81o8D5rEDepzJFrTZBVWQ-_5-lCoD5sEDepzJFrTZBVWQ-VendorIdVendorNameProdIdWarrantyDurationManufacturingDateProductStatusDepId",
      "probability": 1,
      "from_file_path": "./Dell",
      "from_class_or_interface_name": "Dell",
      "from_class_or_interface_key": "_u81o8D5rEDepzJFrTZBVWQ",
      "from_method_name": null,
      "from_method_key": null,
      "to_file_path": "./INP",
      "to_class_or_interface_key": "_5-lCoD5sEDepzJFrTZBVWQ",
      "to_class_or_interface_name": "Dell",
      "to_method_key": null,
      "to_method_name": null,
      "data_clump_type": "fields_to_fields_data_clump",
      "data_clump_data": {
        "_xaZ3kD5rEDepzJFrTZBVWQ": {
          "key": "_xaZ3kD5rEDepzJFrTZBVWQ",
          "name": "VendorId",
          "type": null,
          "probability": 1,
          "modifiers": [
            "public"
          ],
          "to_variable": {
            "key": "_5-lpsD5sEDepzJFrTZBVWQ",
            "name": "VendorId",
            "type": null,
            "modifiers": [
              "public"
            ],
            "position": {}
          },
          "position": {}
        },
        "_x_yckD5rEDepzJFrTZBVWQ": {
          "key": "_x_yckD5rEDepzJFrTZBVWQ",
          "name": "VendorName",
          "type": null,
          "probability": 1,
          "modifiers": [
            "public"
          ],
          "to_variable": {
            "key": "_5-ne4D5sEDepzJFrTZBVWQ",
            "name": "VendorName",
            "type": null,
            "modifiers": [
              "public"
            ],
            "position": {}
          },
          "position": {}
        },
        "_yLO3kD5rEDepzJFrTZBVWQ": {
          "key": "_yLO3kD5rEDepzJFrTZBVWQ",
          "name": "ProdId",
          "type": null,
          "probability": 1,
          "modifiers": [
            "public"
          ],
          "to_variable": {
            "key": "_5-oF8D5sEDepzJFrTZBVWQ",
            "name": "ProdId",
            "type": null,
            "modifiers": [
              "public"
            ],
            "position": {}
          },
          "position": {}
        },
        "_FXOLUD5sEDepzJFrTZBVWQ": {
          "key": "_FXOLUD5sEDepzJFrTZBVWQ",
          "name": "WarrantyDuration",
          "type": null,
          "probability": 1,
          "modifiers": [
            "public"
          ],
          "to_variable": {
            "key": "_5-oF8T5sEDepzJFrTZBVWQ",
            "name": "WarrantyDuration",
            "type": null,
            "modifiers": [
              "public"
            ],
            "position": {}
          },
          "position": {}
        },
        "_G9IZMD5sEDepzJFrTZBVWQ": {
          "key": "_G9IZMD5sEDepzJFrTZBVWQ",
          "name": "ManufacturingDate",
          "type": null,
          "probability": 1,
          "modifiers": [
            "public"
          ],
          "to_variable": {
            "key": "_5-oF8j5sEDepzJFrTZBVWQ",
            "name": "ManufacturingDate",
            "type": null,
            "modifiers": [
              "public"
            ],
            "position": {}
          },
          "position": {}
        },
        "_HG_f0D5sEDepzJFrTZBVWQ": {
          "key": "_HG_f0D5sEDepzJFrTZBVWQ",
          "name": "ProductStatus",
          "type": null,
          "probability": 1,
          "modifiers": [
            "public"
          ],
          "to_variable": {
            "key": "_5-oF8z5sEDepzJFrTZBVWQ",
            "name": "ProductStatus",
            "type": null,
            "modifiers": [
              "public"
            ],
            "position": {}
          },
          "position": {}
        },
        "_HQXeQD5sEDepzJFrTZBVWQ": {
          "key": "_HQXeQD5sEDepzJFrTZBVWQ",
          "name": "DepId",
          "type": null,
          "probability": 1,
          "modifiers": [
            "public"
          ],
          "to_variable": {
            "key": "_5-oF9D5sEDepzJFrTZBVWQ",
            "name": "DepId",
            "type": null,
            "modifiers": [
              "public"
            ],
            "position": {}
          },
          "position": {}
        }
      }
    },
    "fields_to_fields_data_clump-./Dell-_u81o8D5rEDepzJFrTZBVWQ-_uIwEID5sEDepzJFrTZBVWQ-VendorIdVendorNameProdIdWarrantyDurationManufacturingDateProductStatusDepId": {
      "type": "data_clump",
      "key": "fields_to_fields_data_clump-./Dell-_u81o8D5rEDepzJFrTZBVWQ-_uIwEID5sEDepzJFrTZBVWQ-VendorIdVendorNameProdIdWarrantyDurationManufacturingDateProductStatusDepId",
      "probability": 1,
      "from_file_path": "./Dell",
      "from_class_or_interface_name": "Dell",
      "from_class_or_interface_key": "_u81o8D5rEDepzJFrTZBVWQ",
      "from_method_name": null,
      "from_method_key": null,
      "to_file_path": "./VAS",
      "to_class_or_interface_key": "_uIwEID5sEDepzJFrTZBVWQ",
      "to_class_or_interface_name": "Dell",
      "to_method_key": null,
      "to_method_name": null,
      "data_clump_type": "fields_to_fields_data_clump",
      "data_clump_data": {
        "_xaZ3kD5rEDepzJFrTZBVWQ": {
          "key": "_xaZ3kD5rEDepzJFrTZBVWQ",
          "name": "VendorId",
          "type": null,
          "probability": 1,
          "modifiers": [
            "public"
          ],
          "to_variable": {
            "key": "_uIwrMD5sEDepzJFrTZBVWQ",
            "name": "VendorId",
            "type": null,
            "modifiers": [
              "public"
            ],
            "position": {}
          },
          "position": {}
        },
        "_x_yckD5rEDepzJFrTZBVWQ": {
          "key": "_x_yckD5rEDepzJFrTZBVWQ",
          "name": "VendorName",
          "type": null,
          "probability": 1,
          "modifiers": [
            "public"
          ],
          "to_variable": {
            "key": "_uIxSQD5sEDepzJFrTZBVWQ",
            "name": "VendorName",
            "type": null,
            "modifiers": [
              "public"
            ],
            "position": {}
          },
          "position": {}
        },
        "_yLO3kD5rEDepzJFrTZBVWQ": {
          "key": "_yLO3kD5rEDepzJFrTZBVWQ",
          "name": "ProdId",
          "type": null,
          "probability": 1,
          "modifiers": [
            "public"
          ],
          "to_variable": {
            "key": "_uIxSQT5sEDepzJFrTZBVWQ",
            "name": "ProdId",
            "type": null,
            "modifiers": [
              "public"
            ],
            "position": {}
          },
          "position": {}
        },
        "_FXOLUD5sEDepzJFrTZBVWQ": {
          "key": "_FXOLUD5sEDepzJFrTZBVWQ",
          "name": "WarrantyDuration",
          "type": null,
          "probability": 1,
          "modifiers": [
            "public"
          ],
          "to_variable": {
            "key": "_uIxSQj5sEDepzJFrTZBVWQ",
            "name": "WarrantyDuration",
            "type": null,
            "modifiers": [
              "public"
            ],
            "position": {}
          },
          "position": {}
        },
        "_G9IZMD5sEDepzJFrTZBVWQ": {
          "key": "_G9IZMD5sEDepzJFrTZBVWQ",
          "name": "ManufacturingDate",
          "type": null,
          "probability": 1,
          "modifiers": [
            "public"
          ],
          "to_variable": {
            "key": "_uIx5UD5sEDepzJFrTZBVWQ",
            "name": "ManufacturingDate",
            "type": null,
            "modifiers": [
              "public"
            ],
            "position": {}
          },
          "position": {}
        },
        "_HG_f0D5sEDepzJFrTZBVWQ": {
          "key": "_HG_f0D5sEDepzJFrTZBVWQ",
          "name": "ProductStatus",
          "type": null,
          "probability": 1,
          "modifiers": [
            "public"
          ],
          "to_variable": {
            "key": "_uIx5UT5sEDepzJFrTZBVWQ",
            "name": "ProductStatus",
            "type": null,
            "modifiers": [
              "public"
            ],
            "position": {}
          },
          "position": {}
        },
        "_HQXeQD5sEDepzJFrTZBVWQ": {
          "key": "_HQXeQD5sEDepzJFrTZBVWQ",
          "name": "DepId",
          "type": null,
          "probability": 1,
          "modifiers": [
            "public"
          ],
          "to_variable": {
            "key": "_uIx5Uj5sEDepzJFrTZBVWQ",
            "name": "DepId",
            "type": null,
            "modifiers": [
              "public"
            ],
            "position": {}
          },
          "position": {}
        }
      }
    },
    "fields_to_fields_data_clump-./Dell-_u81o8D5rEDepzJFrTZBVWQ-_I5xUgEFrEDe-ff88epKzEA-VendorIdVendorNameProdIdWarrantyDurationManufacturingDateProductStatusDepId": {
      "type": "data_clump",
      "key": "fields_to_fields_data_clump-./Dell-_u81o8D5rEDepzJFrTZBVWQ-_I5xUgEFrEDe-ff88epKzEA-VendorIdVendorNameProdIdWarrantyDurationManufacturingDateProductStatusDepId",
      "probability": 1,
      "from_file_path": "./Dell",
      "from_class_or_interface_name": "Dell",
      "from_class_or_interface_key": "_u81o8D5rEDepzJFrTZBVWQ",
      "from_method_name": null,
      "from_method_key": null,
      "to_file_path": "./ViewSonic",
      "to_class_or_interface_key": "_I5xUgEFrEDe-ff88epKzEA",
      "to_class_or_interface_name": "Dell",
      "to_method_key": null,
      "to_method_name": null,
      "data_clump_type": "fields_to_fields_data_clump",
      "data_clump_data": {
        "_xaZ3kD5rEDepzJFrTZBVWQ": {
          "key": "_xaZ3kD5rEDepzJFrTZBVWQ",
          "name": "VendorId",
          "type": null,
          "probability": 1,
          "modifiers": [
            "public"
          ],
          "to_variable": {
            "key": "_I5x7kUFrEDe-ff88epKzEA",
            "name": "VendorId",
            "type": null,
            "modifiers": [
              "public"
            ],
            "position": {}
          },
          "position": {}
        },
        "_x_yckD5rEDepzJFrTZBVWQ": {
          "key": "_x_yckD5rEDepzJFrTZBVWQ",
          "name": "VendorName",
          "type": null,
          "probability": 1,
          "modifiers": [
            "public"
          ],
          "to_variable": {
            "key": "_I5x7kkFrEDe-ff88epKzEA",
            "name": "VendorName",
            "type": null,
            "modifiers": [
              "public"
            ],
            "position": {}
          },
          "position": {}
        },
        "_yLO3kD5rEDepzJFrTZBVWQ": {
          "key": "_yLO3kD5rEDepzJFrTZBVWQ",
          "name": "ProdId",
          "type": null,
          "probability": 1,
          "modifiers": [
            "public"
          ],
          "to_variable": {
            "key": "_I5x7k0FrEDe-ff88epKzEA",
            "name": "ProdId",
            "type": null,
            "modifiers": [
              "public"
            ],
            "position": {}
          },
          "position": {}
        },
        "_FXOLUD5sEDepzJFrTZBVWQ": {
          "key": "_FXOLUD5sEDepzJFrTZBVWQ",
          "name": "WarrantyDuration",
          "type": null,
          "probability": 1,
          "modifiers": [
            "public"
          ],
          "to_variable": {
            "key": "_I5yioEFrEDe-ff88epKzEA",
            "name": "WarrantyDuration",
            "type": null,
            "modifiers": [
              "public"
            ],
            "position": {}
          },
          "position": {}
        },
        "_G9IZMD5sEDepzJFrTZBVWQ": {
          "key": "_G9IZMD5sEDepzJFrTZBVWQ",
          "name": "ManufacturingDate",
          "type": null,
          "probability": 1,
          "modifiers": [
            "public"
          ],
          "to_variable": {
            "key": "_I5yioUFrEDe-ff88epKzEA",
            "name": "ManufacturingDate",
            "type": null,
            "modifiers": [
              "public"
            ],
            "position": {}
          },
          "position": {}
        },
        "_HG_f0D5sEDepzJFrTZBVWQ": {
          "key": "_HG_f0D5sEDepzJFrTZBVWQ",
          "name": "ProductStatus",
          "type": null,
          "probability": 1,
          "modifiers": [
            "public"
          ],
          "to_variable": {
            "key": "_I5yiokFrEDe-ff88epKzEA",
            "name": "ProductStatus",
            "type": null,
            "modifiers": [
              "public"
            ],
            "position": {}
          },
          "position": {}
        },
        "_HQXeQD5sEDepzJFrTZBVWQ": {
          "key": "_HQXeQD5sEDepzJFrTZBVWQ",
          "name": "DepId",
          "type": null,
          "probability": 1,
          "modifiers": [
            "public"
          ],
          "to_variable": {
            "key": "_I5zJsEFrEDe-ff88epKzEA",
            "name": "DepId",
            "type": null,
            "modifiers": [
              "public"
            ],
            "position": {}
          },
          "position": {}
        }
      }
    },
    "fields_to_fields_data_clump-./HP-_b0VRkD5sEDepzJFrTZBVWQ-_u81o8D5rEDepzJFrTZBVWQ-VendorIdVendorNameProdIdWarrantyDurationManufacturingDateProductStatusDepId": {
      "type": "data_clump",
      "key": "fields_to_fields_data_clump-./HP-_b0VRkD5sEDepzJFrTZBVWQ-_u81o8D5rEDepzJFrTZBVWQ-VendorIdVendorNameProdIdWarrantyDurationManufacturingDateProductStatusDepId",
      "probability": 1,
      "from_file_path": "./HP",
      "from_class_or_interface_name": "HP",
      "from_class_or_interface_key": "_b0VRkD5sEDepzJFrTZBVWQ",
      "from_method_name": null,
      "from_method_key": null,
      "to_file_path": "./Dell",
      "to_class_or_interface_key": "_u81o8D5rEDepzJFrTZBVWQ",
      "to_class_or_interface_name": "HP",
      "to_method_key": null,
      "to_method_name": null,
      "data_clump_type": "fields_to_fields_data_clump",
      "data_clump_data": {
        "_b0V4oD5sEDepzJFrTZBVWQ": {
          "key": "_b0V4oD5sEDepzJFrTZBVWQ",
          "name": "VendorId",
          "type": null,
          "probability": 1,
          "modifiers": [
            "public"
          ],
          "to_variable": {
            "key": "_xaZ3kD5rEDepzJFrTZBVWQ",
            "name": "VendorId",
            "type": null,
            "modifiers": [
              "public"
            ],
            "position": {}
          },
          "position": {}
        },
        "_b0WfsD5sEDepzJFrTZBVWQ": {
          "key": "_b0WfsD5sEDepzJFrTZBVWQ",
          "name": "VendorName",
          "type": null,
          "probability": 1,
          "modifiers": [
            "public"
          ],
          "to_variable": {
            "key": "_x_yckD5rEDepzJFrTZBVWQ",
            "name": "VendorName",
            "type": null,
            "modifiers": [
              "public"
            ],
            "position": {}
          },
          "position": {}
        },
        "_b0WfsT5sEDepzJFrTZBVWQ": {
          "key": "_b0WfsT5sEDepzJFrTZBVWQ",
          "name": "ProdId",
          "type": null,
          "probability": 1,
          "modifiers": [
            "public"
          ],
          "to_variable": {
            "key": "_yLO3kD5rEDepzJFrTZBVWQ",
            "name": "ProdId",
            "type": null,
            "modifiers": [
              "public"
            ],
            "position": {}
          },
          "position": {}
        },
        "_b0Wfsj5sEDepzJFrTZBVWQ": {
          "key": "_b0Wfsj5sEDepzJFrTZBVWQ",
          "name": "WarrantyDuration",
          "type": null,
          "probability": 1,
          "modifiers": [
            "public"
          ],
          "to_variable": {
            "key": "_FXOLUD5sEDepzJFrTZBVWQ",
            "name": "WarrantyDuration",
            "type": null,
            "modifiers": [
              "public"
            ],
            "position": {}
          },
          "position": {}
        },
        "_b0Wfsz5sEDepzJFrTZBVWQ": {
          "key": "_b0Wfsz5sEDepzJFrTZBVWQ",
          "name": "ManufacturingDate",
          "type": null,
          "probability": 1,
          "modifiers": [
            "public"
          ],
          "to_variable": {
            "key": "_G9IZMD5sEDepzJFrTZBVWQ",
            "name": "ManufacturingDate",
            "type": null,
            "modifiers": [
              "public"
            ],
            "position": {}
          },
          "position": {}
        },
        "_b0WftD5sEDepzJFrTZBVWQ": {
          "key": "_b0WftD5sEDepzJFrTZBVWQ",
          "name": "ProductStatus",
          "type": null,
          "probability": 1,
          "modifiers": [
            "public"
          ],
          "to_variable": {
            "key": "_HG_f0D5sEDepzJFrTZBVWQ",
            "name": "ProductStatus",
            "type": null,
            "modifiers": [
              "public"
            ],
            "position": {}
          },
          "position": {}
        },
        "_b0XGwD5sEDepzJFrTZBVWQ": {
          "key": "_b0XGwD5sEDepzJFrTZBVWQ",
          "name": "DepId",
          "type": null,
          "probability": 1,
          "modifiers": [
            "public"
          ],
          "to_variable": {
            "key": "_HQXeQD5sEDepzJFrTZBVWQ",
            "name": "DepId",
            "type": null,
            "modifiers": [
              "public"
            ],
            "position": {}
          },
          "position": {}
        }
      }
    },
    "fields_to_fields_data_clump-./HP-_b0VRkD5sEDepzJFrTZBVWQ-_5-lCoD5sEDepzJFrTZBVWQ-VendorIdVendorNameProdIdWarrantyDurationManufacturingDateProductStatusDepId": {
      "type": "data_clump",
      "key": "fields_to_fields_data_clump-./HP-_b0VRkD5sEDepzJFrTZBVWQ-_5-lCoD5sEDepzJFrTZBVWQ-VendorIdVendorNameProdIdWarrantyDurationManufacturingDateProductStatusDepId",
      "probability": 1,
      "from_file_path": "./HP",
      "from_class_or_interface_name": "HP",
      "from_class_or_interface_key": "_b0VRkD5sEDepzJFrTZBVWQ",
      "from_method_name": null,
      "from_method_key": null,
      "to_file_path": "./INP",
      "to_class_or_interface_key": "_5-lCoD5sEDepzJFrTZBVWQ",
      "to_class_or_interface_name": "HP",
      "to_method_key": null,
      "to_method_name": null,
      "data_clump_type": "fields_to_fields_data_clump",
      "data_clump_data": {
        "_b0V4oD5sEDepzJFrTZBVWQ": {
          "key": "_b0V4oD5sEDepzJFrTZBVWQ",
          "name": "VendorId",
          "type": null,
          "probability": 1,
          "modifiers": [
            "public"
          ],
          "to_variable": {
            "key": "_5-lpsD5sEDepzJFrTZBVWQ",
            "name": "VendorId",
            "type": null,
            "modifiers": [
              "public"
            ],
            "position": {}
          },
          "position": {}
        },
        "_b0WfsD5sEDepzJFrTZBVWQ": {
          "key": "_b0WfsD5sEDepzJFrTZBVWQ",
          "name": "VendorName",
          "type": null,
          "probability": 1,
          "modifiers": [
            "public"
          ],
          "to_variable": {
            "key": "_5-ne4D5sEDepzJFrTZBVWQ",
            "name": "VendorName",
            "type": null,
            "modifiers": [
              "public"
            ],
            "position": {}
          },
          "position": {}
        },
        "_b0WfsT5sEDepzJFrTZBVWQ": {
          "key": "_b0WfsT5sEDepzJFrTZBVWQ",
          "name": "ProdId",
          "type": null,
          "probability": 1,
          "modifiers": [
            "public"
          ],
          "to_variable": {
            "key": "_5-oF8D5sEDepzJFrTZBVWQ",
            "name": "ProdId",
            "type": null,
            "modifiers": [
              "public"
            ],
            "position": {}
          },
          "position": {}
        },
        "_b0Wfsj5sEDepzJFrTZBVWQ": {
          "key": "_b0Wfsj5sEDepzJFrTZBVWQ",
          "name": "WarrantyDuration",
          "type": null,
          "probability": 1,
          "modifiers": [
            "public"
          ],
          "to_variable": {
            "key": "_5-oF8T5sEDepzJFrTZBVWQ",
            "name": "WarrantyDuration",
            "type": null,
            "modifiers": [
              "public"
            ],
            "position": {}
          },
          "position": {}
        },
        "_b0Wfsz5sEDepzJFrTZBVWQ": {
          "key": "_b0Wfsz5sEDepzJFrTZBVWQ",
          "name": "ManufacturingDate",
          "type": null,
          "probability": 1,
          "modifiers": [
            "public"
          ],
          "to_variable": {
            "key": "_5-oF8j5sEDepzJFrTZBVWQ",
            "name": "ManufacturingDate",
            "type": null,
            "modifiers": [
              "public"
            ],
            "position": {}
          },
          "position": {}
        },
        "_b0WftD5sEDepzJFrTZBVWQ": {
          "key": "_b0WftD5sEDepzJFrTZBVWQ",
          "name": "ProductStatus",
          "type": null,
          "probability": 1,
          "modifiers": [
            "public"
          ],
          "to_variable": {
            "key": "_5-oF8z5sEDepzJFrTZBVWQ",
            "name": "ProductStatus",
            "type": null,
            "modifiers": [
              "public"
            ],
            "position": {}
          },
          "position": {}
        },
        "_b0XGwD5sEDepzJFrTZBVWQ": {
          "key": "_b0XGwD5sEDepzJFrTZBVWQ",
          "name": "DepId",
          "type": null,
          "probability": 1,
          "modifiers": [
            "public"
          ],
          "to_variable": {
            "key": "_5-oF9D5sEDepzJFrTZBVWQ",
            "name": "DepId",
            "type": null,
            "modifiers": [
              "public"
            ],
            "position": {}
          },
          "position": {}
        }
      }
    },
    "fields_to_fields_data_clump-./HP-_b0VRkD5sEDepzJFrTZBVWQ-_uIwEID5sEDepzJFrTZBVWQ-VendorIdVendorNameProdIdWarrantyDurationManufacturingDateProductStatusDepId": {
      "type": "data_clump",
      "key": "fields_to_fields_data_clump-./HP-_b0VRkD5sEDepzJFrTZBVWQ-_uIwEID5sEDepzJFrTZBVWQ-VendorIdVendorNameProdIdWarrantyDurationManufacturingDateProductStatusDepId",
      "probability": 1,
      "from_file_path": "./HP",
      "from_class_or_interface_name": "HP",
      "from_class_or_interface_key": "_b0VRkD5sEDepzJFrTZBVWQ",
      "from_method_name": null,
      "from_method_key": null,
      "to_file_path": "./VAS",
      "to_class_or_interface_key": "_uIwEID5sEDepzJFrTZBVWQ",
      "to_class_or_interface_name": "HP",
      "to_method_key": null,
      "to_method_name": null,
      "data_clump_type": "fields_to_fields_data_clump",
      "data_clump_data": {
        "_b0V4oD5sEDepzJFrTZBVWQ": {
          "key": "_b0V4oD5sEDepzJFrTZBVWQ",
          "name": "VendorId",
          "type": null,
          "probability": 1,
          "modifiers": [
            "public"
          ],
          "to_variable": {
            "key": "_uIwrMD5sEDepzJFrTZBVWQ",
            "name": "VendorId",
            "type": null,
            "modifiers": [
              "public"
            ],
            "position": {}
          },
          "position": {}
        },
        "_b0WfsD5sEDepzJFrTZBVWQ": {
          "key": "_b0WfsD5sEDepzJFrTZBVWQ",
          "name": "VendorName",
          "type": null,
          "probability": 1,
          "modifiers": [
            "public"
          ],
          "to_variable": {
            "key": "_uIxSQD5sEDepzJFrTZBVWQ",
            "name": "VendorName",
            "type": null,
            "modifiers": [
              "public"
            ],
            "position": {}
          },
          "position": {}
        },
        "_b0WfsT5sEDepzJFrTZBVWQ": {
          "key": "_b0WfsT5sEDepzJFrTZBVWQ",
          "name": "ProdId",
          "type": null,
          "probability": 1,
          "modifiers": [
            "public"
          ],
          "to_variable": {
            "key": "_uIxSQT5sEDepzJFrTZBVWQ",
            "name": "ProdId",
            "type": null,
            "modifiers": [
              "public"
            ],
            "position": {}
          },
          "position": {}
        },
        "_b0Wfsj5sEDepzJFrTZBVWQ": {
          "key": "_b0Wfsj5sEDepzJFrTZBVWQ",
          "name": "WarrantyDuration",
          "type": null,
          "probability": 1,
          "modifiers": [
            "public"
          ],
          "to_variable": {
            "key": "_uIxSQj5sEDepzJFrTZBVWQ",
            "name": "WarrantyDuration",
            "type": null,
            "modifiers": [
              "public"
            ],
            "position": {}
          },
          "position": {}
        },
        "_b0Wfsz5sEDepzJFrTZBVWQ": {
          "key": "_b0Wfsz5sEDepzJFrTZBVWQ",
          "name": "ManufacturingDate",
          "type": null,
          "probability": 1,
          "modifiers": [
            "public"
          ],
          "to_variable": {
            "key": "_uIx5UD5sEDepzJFrTZBVWQ",
            "name": "ManufacturingDate",
            "type": null,
            "modifiers": [
              "public"
            ],
            "position": {}
          },
          "position": {}
        },
        "_b0WftD5sEDepzJFrTZBVWQ": {
          "key": "_b0WftD5sEDepzJFrTZBVWQ",
          "name": "ProductStatus",
          "type": null,
          "probability": 1,
          "modifiers": [
            "public"
          ],
          "to_variable": {
            "key": "_uIx5UT5sEDepzJFrTZBVWQ",
            "name": "ProductStatus",
            "type": null,
            "modifiers": [
              "public"
            ],
            "position": {}
          },
          "position": {}
        },
        "_b0XGwD5sEDepzJFrTZBVWQ": {
          "key": "_b0XGwD5sEDepzJFrTZBVWQ",
          "name": "DepId",
          "type": null,
          "probability": 1,
          "modifiers": [
            "public"
          ],
          "to_variable": {
            "key": "_uIx5Uj5sEDepzJFrTZBVWQ",
            "name": "DepId",
            "type": null,
            "modifiers": [
              "public"
            ],
            "position": {}
          },
          "position": {}
        }
      }
    },
    "fields_to_fields_data_clump-./HP-_b0VRkD5sEDepzJFrTZBVWQ-_I5xUgEFrEDe-ff88epKzEA-VendorIdVendorNameProdIdWarrantyDurationManufacturingDateProductStatusDepId": {
      "type": "data_clump",
      "key": "fields_to_fields_data_clump-./HP-_b0VRkD5sEDepzJFrTZBVWQ-_I5xUgEFrEDe-ff88epKzEA-VendorIdVendorNameProdIdWarrantyDurationManufacturingDateProductStatusDepId",
      "probability": 1,
      "from_file_path": "./HP",
      "from_class_or_interface_name": "HP",
      "from_class_or_interface_key": "_b0VRkD5sEDepzJFrTZBVWQ",
      "from_method_name": null,
      "from_method_key": null,
      "to_file_path": "./ViewSonic",
      "to_class_or_interface_key": "_I5xUgEFrEDe-ff88epKzEA",
      "to_class_or_interface_name": "HP",
      "to_method_key": null,
      "to_method_name": null,
      "data_clump_type": "fields_to_fields_data_clump",
      "data_clump_data": {
        "_b0V4oD5sEDepzJFrTZBVWQ": {
          "key": "_b0V4oD5sEDepzJFrTZBVWQ",
          "name": "VendorId",
          "type": null,
          "probability": 1,
          "modifiers": [
            "public"
          ],
          "to_variable": {
            "key": "_I5x7kUFrEDe-ff88epKzEA",
            "name": "VendorId",
            "type": null,
            "modifiers": [
              "public"
            ],
            "position": {}
          },
          "position": {}
        },
        "_b0WfsD5sEDepzJFrTZBVWQ": {
          "key": "_b0WfsD5sEDepzJFrTZBVWQ",
          "name": "VendorName",
          "type": null,
          "probability": 1,
          "modifiers": [
            "public"
          ],
          "to_variable": {
            "key": "_I5x7kkFrEDe-ff88epKzEA",
            "name": "VendorName",
            "type": null,
            "modifiers": [
              "public"
            ],
            "position": {}
          },
          "position": {}
        },
        "_b0WfsT5sEDepzJFrTZBVWQ": {
          "key": "_b0WfsT5sEDepzJFrTZBVWQ",
          "name": "ProdId",
          "type": null,
          "probability": 1,
          "modifiers": [
            "public"
          ],
          "to_variable": {
            "key": "_I5x7k0FrEDe-ff88epKzEA",
            "name": "ProdId",
            "type": null,
            "modifiers": [
              "public"
            ],
            "position": {}
          },
          "position": {}
        },
        "_b0Wfsj5sEDepzJFrTZBVWQ": {
          "key": "_b0Wfsj5sEDepzJFrTZBVWQ",
          "name": "WarrantyDuration",
          "type": null,
          "probability": 1,
          "modifiers": [
            "public"
          ],
          "to_variable": {
            "key": "_I5yioEFrEDe-ff88epKzEA",
            "name": "WarrantyDuration",
            "type": null,
            "modifiers": [
              "public"
            ],
            "position": {}
          },
          "position": {}
        },
        "_b0Wfsz5sEDepzJFrTZBVWQ": {
          "key": "_b0Wfsz5sEDepzJFrTZBVWQ",
          "name": "ManufacturingDate",
          "type": null,
          "probability": 1,
          "modifiers": [
            "public"
          ],
          "to_variable": {
            "key": "_I5yioUFrEDe-ff88epKzEA",
            "name": "ManufacturingDate",
            "type": null,
            "modifiers": [
              "public"
            ],
            "position": {}
          },
          "position": {}
        },
        "_b0WftD5sEDepzJFrTZBVWQ": {
          "key": "_b0WftD5sEDepzJFrTZBVWQ",
          "name": "ProductStatus",
          "type": null,
          "probability": 1,
          "modifiers": [
            "public"
          ],
          "to_variable": {
            "key": "_I5yiokFrEDe-ff88epKzEA",
            "name": "ProductStatus",
            "type": null,
            "modifiers": [
              "public"
            ],
            "position": {}
          },
          "position": {}
        },
        "_b0XGwD5sEDepzJFrTZBVWQ": {
          "key": "_b0XGwD5sEDepzJFrTZBVWQ",
          "name": "DepId",
          "type": null,
          "probability": 1,
          "modifiers": [
            "public"
          ],
          "to_variable": {
            "key": "_I5zJsEFrEDe-ff88epKzEA",
            "name": "DepId",
            "type": null,
            "modifiers": [
              "public"
            ],
            "position": {}
          },
          "position": {}
        }
      }
    },
    "fields_to_fields_data_clump-./INP-_5-lCoD5sEDepzJFrTZBVWQ-_u81o8D5rEDepzJFrTZBVWQ-VendorIdVendorNameProdIdWarrantyDurationManufacturingDateProductStatusDepId": {
      "type": "data_clump",
      "key": "fields_to_fields_data_clump-./INP-_5-lCoD5sEDepzJFrTZBVWQ-_u81o8D5rEDepzJFrTZBVWQ-VendorIdVendorNameProdIdWarrantyDurationManufacturingDateProductStatusDepId",
      "probability": 1,
      "from_file_path": "./INP",
      "from_class_or_interface_name": "INP",
      "from_class_or_interface_key": "_5-lCoD5sEDepzJFrTZBVWQ",
      "from_method_name": null,
      "from_method_key": null,
      "to_file_path": "./Dell",
      "to_class_or_interface_key": "_u81o8D5rEDepzJFrTZBVWQ",
      "to_class_or_interface_name": "INP",
      "to_method_key": null,
      "to_method_name": null,
      "data_clump_type": "fields_to_fields_data_clump",
      "data_clump_data": {
        "_5-lpsD5sEDepzJFrTZBVWQ": {
          "key": "_5-lpsD5sEDepzJFrTZBVWQ",
          "name": "VendorId",
          "type": null,
          "probability": 1,
          "modifiers": [
            "public"
          ],
          "to_variable": {
            "key": "_xaZ3kD5rEDepzJFrTZBVWQ",
            "name": "VendorId",
            "type": null,
            "modifiers": [
              "public"
            ],
            "position": {}
          },
          "position": {}
        },
        "_5-ne4D5sEDepzJFrTZBVWQ": {
          "key": "_5-ne4D5sEDepzJFrTZBVWQ",
          "name": "VendorName",
          "type": null,
          "probability": 1,
          "modifiers": [
            "public"
          ],
          "to_variable": {
            "key": "_x_yckD5rEDepzJFrTZBVWQ",
            "name": "VendorName",
            "type": null,
            "modifiers": [
              "public"
            ],
            "position": {}
          },
          "position": {}
        },
        "_5-oF8D5sEDepzJFrTZBVWQ": {
          "key": "_5-oF8D5sEDepzJFrTZBVWQ",
          "name": "ProdId",
          "type": null,
          "probability": 1,
          "modifiers": [
            "public"
          ],
          "to_variable": {
            "key": "_yLO3kD5rEDepzJFrTZBVWQ",
            "name": "ProdId",
            "type": null,
            "modifiers": [
              "public"
            ],
            "position": {}
          },
          "position": {}
        },
        "_5-oF8T5sEDepzJFrTZBVWQ": {
          "key": "_5-oF8T5sEDepzJFrTZBVWQ",
          "name": "WarrantyDuration",
          "type": null,
          "probability": 1,
          "modifiers": [
            "public"
          ],
          "to_variable": {
            "key": "_FXOLUD5sEDepzJFrTZBVWQ",
            "name": "WarrantyDuration",
            "type": null,
            "modifiers": [
              "public"
            ],
            "position": {}
          },
          "position": {}
        },
        "_5-oF8j5sEDepzJFrTZBVWQ": {
          "key": "_5-oF8j5sEDepzJFrTZBVWQ",
          "name": "ManufacturingDate",
          "type": null,
          "probability": 1,
          "modifiers": [
            "public"
          ],
          "to_variable": {
            "key": "_G9IZMD5sEDepzJFrTZBVWQ",
            "name": "ManufacturingDate",
            "type": null,
            "modifiers": [
              "public"
            ],
            "position": {}
          },
          "position": {}
        },
        "_5-oF8z5sEDepzJFrTZBVWQ": {
          "key": "_5-oF8z5sEDepzJFrTZBVWQ",
          "name": "ProductStatus",
          "type": null,
          "probability": 1,
          "modifiers": [
            "public"
          ],
          "to_variable": {
            "key": "_HG_f0D5sEDepzJFrTZBVWQ",
            "name": "ProductStatus",
            "type": null,
            "modifiers": [
              "public"
            ],
            "position": {}
          },
          "position": {}
        },
        "_5-oF9D5sEDepzJFrTZBVWQ": {
          "key": "_5-oF9D5sEDepzJFrTZBVWQ",
          "name": "DepId",
          "type": null,
          "probability": 1,
          "modifiers": [
            "public"
          ],
          "to_variable": {
            "key": "_HQXeQD5sEDepzJFrTZBVWQ",
            "name": "DepId",
            "type": null,
            "modifiers": [
              "public"
            ],
            "position": {}
          },
          "position": {}
        }
      }
    },
    "fields_to_fields_data_clump-./INP-_5-lCoD5sEDepzJFrTZBVWQ-_b0VRkD5sEDepzJFrTZBVWQ-VendorIdVendorNameProdIdWarrantyDurationManufacturingDateProductStatusDepId": {
      "type": "data_clump",
      "key": "fields_to_fields_data_clump-./INP-_5-lCoD5sEDepzJFrTZBVWQ-_b0VRkD5sEDepzJFrTZBVWQ-VendorIdVendorNameProdIdWarrantyDurationManufacturingDateProductStatusDepId",
      "probability": 1,
      "from_file_path": "./INP",
      "from_class_or_interface_name": "INP",
      "from_class_or_interface_key": "_5-lCoD5sEDepzJFrTZBVWQ",
      "from_method_name": null,
      "from_method_key": null,
      "to_file_path": "./HP",
      "to_class_or_interface_key": "_b0VRkD5sEDepzJFrTZBVWQ",
      "to_class_or_interface_name": "INP",
      "to_method_key": null,
      "to_method_name": null,
      "data_clump_type": "fields_to_fields_data_clump",
      "data_clump_data": {
        "_5-lpsD5sEDepzJFrTZBVWQ": {
          "key": "_5-lpsD5sEDepzJFrTZBVWQ",
          "name": "VendorId",
          "type": null,
          "probability": 1,
          "modifiers": [
            "public"
          ],
          "to_variable": {
            "key": "_b0V4oD5sEDepzJFrTZBVWQ",
            "name": "VendorId",
            "type": null,
            "modifiers": [
              "public"
            ],
            "position": {}
          },
          "position": {}
        },
        "_5-ne4D5sEDepzJFrTZBVWQ": {
          "key": "_5-ne4D5sEDepzJFrTZBVWQ",
          "name": "VendorName",
          "type": null,
          "probability": 1,
          "modifiers": [
            "public"
          ],
          "to_variable": {
            "key": "_b0WfsD5sEDepzJFrTZBVWQ",
            "name": "VendorName",
            "type": null,
            "modifiers": [
              "public"
            ],
            "position": {}
          },
          "position": {}
        },
        "_5-oF8D5sEDepzJFrTZBVWQ": {
          "key": "_5-oF8D5sEDepzJFrTZBVWQ",
          "name": "ProdId",
          "type": null,
          "probability": 1,
          "modifiers": [
            "public"
          ],
          "to_variable": {
            "key": "_b0WfsT5sEDepzJFrTZBVWQ",
            "name": "ProdId",
            "type": null,
            "modifiers": [
              "public"
            ],
            "position": {}
          },
          "position": {}
        },
        "_5-oF8T5sEDepzJFrTZBVWQ": {
          "key": "_5-oF8T5sEDepzJFrTZBVWQ",
          "name": "WarrantyDuration",
          "type": null,
          "probability": 1,
          "modifiers": [
            "public"
          ],
          "to_variable": {
            "key": "_b0Wfsj5sEDepzJFrTZBVWQ",
            "name": "WarrantyDuration",
            "type": null,
            "modifiers": [
              "public"
            ],
            "position": {}
          },
          "position": {}
        },
        "_5-oF8j5sEDepzJFrTZBVWQ": {
          "key": "_5-oF8j5sEDepzJFrTZBVWQ",
          "name": "ManufacturingDate",
          "type": null,
          "probability": 1,
          "modifiers": [
            "public"
          ],
          "to_variable": {
            "key": "_b0Wfsz5sEDepzJFrTZBVWQ",
            "name": "ManufacturingDate",
            "type": null,
            "modifiers": [
              "public"
            ],
            "position": {}
          },
          "position": {}
        },
        "_5-oF8z5sEDepzJFrTZBVWQ": {
          "key": "_5-oF8z5sEDepzJFrTZBVWQ",
          "name": "ProductStatus",
          "type": null,
          "probability": 1,
          "modifiers": [
            "public"
          ],
          "to_variable": {
            "key": "_b0WftD5sEDepzJFrTZBVWQ",
            "name": "ProductStatus",
            "type": null,
            "modifiers": [
              "public"
            ],
            "position": {}
          },
          "position": {}
        },
        "_5-oF9D5sEDepzJFrTZBVWQ": {
          "key": "_5-oF9D5sEDepzJFrTZBVWQ",
          "name": "DepId",
          "type": null,
          "probability": 1,
          "modifiers": [
            "public"
          ],
          "to_variable": {
            "key": "_b0XGwD5sEDepzJFrTZBVWQ",
            "name": "DepId",
            "type": null,
            "modifiers": [
              "public"
            ],
            "position": {}
          },
          "position": {}
        }
      }
    },
    "fields_to_fields_data_clump-./INP-_5-lCoD5sEDepzJFrTZBVWQ-_uIwEID5sEDepzJFrTZBVWQ-VendorIdVendorNameProdIdWarrantyDurationManufacturingDateProductStatusDepId": {
      "type": "data_clump",
      "key": "fields_to_fields_data_clump-./INP-_5-lCoD5sEDepzJFrTZBVWQ-_uIwEID5sEDepzJFrTZBVWQ-VendorIdVendorNameProdIdWarrantyDurationManufacturingDateProductStatusDepId",
      "probability": 1,
      "from_file_path": "./INP",
      "from_class_or_interface_name": "INP",
      "from_class_or_interface_key": "_5-lCoD5sEDepzJFrTZBVWQ",
      "from_method_name": null,
      "from_method_key": null,
      "to_file_path": "./VAS",
      "to_class_or_interface_key": "_uIwEID5sEDepzJFrTZBVWQ",
      "to_class_or_interface_name": "INP",
      "to_method_key": null,
      "to_method_name": null,
      "data_clump_type": "fields_to_fields_data_clump",
      "data_clump_data": {
        "_5-lpsD5sEDepzJFrTZBVWQ": {
          "key": "_5-lpsD5sEDepzJFrTZBVWQ",
          "name": "VendorId",
          "type": null,
          "probability": 1,
          "modifiers": [
            "public"
          ],
          "to_variable": {
            "key": "_uIwrMD5sEDepzJFrTZBVWQ",
            "name": "VendorId",
            "type": null,
            "modifiers": [
              "public"
            ],
            "position": {}
          },
          "position": {}
        },
        "_5-ne4D5sEDepzJFrTZBVWQ": {
          "key": "_5-ne4D5sEDepzJFrTZBVWQ",
          "name": "VendorName",
          "type": null,
          "probability": 1,
          "modifiers": [
            "public"
          ],
          "to_variable": {
            "key": "_uIxSQD5sEDepzJFrTZBVWQ",
            "name": "VendorName",
            "type": null,
            "modifiers": [
              "public"
            ],
            "position": {}
          },
          "position": {}
        },
        "_5-oF8D5sEDepzJFrTZBVWQ": {
          "key": "_5-oF8D5sEDepzJFrTZBVWQ",
          "name": "ProdId",
          "type": null,
          "probability": 1,
          "modifiers": [
            "public"
          ],
          "to_variable": {
            "key": "_uIxSQT5sEDepzJFrTZBVWQ",
            "name": "ProdId",
            "type": null,
            "modifiers": [
              "public"
            ],
            "position": {}
          },
          "position": {}
        },
        "_5-oF8T5sEDepzJFrTZBVWQ": {
          "key": "_5-oF8T5sEDepzJFrTZBVWQ",
          "name": "WarrantyDuration",
          "type": null,
          "probability": 1,
          "modifiers": [
            "public"
          ],
          "to_variable": {
            "key": "_uIxSQj5sEDepzJFrTZBVWQ",
            "name": "WarrantyDuration",
            "type": null,
            "modifiers": [
              "public"
            ],
            "position": {}
          },
          "position": {}
        },
        "_5-oF8j5sEDepzJFrTZBVWQ": {
          "key": "_5-oF8j5sEDepzJFrTZBVWQ",
          "name": "ManufacturingDate",
          "type": null,
          "probability": 1,
          "modifiers": [
            "public"
          ],
          "to_variable": {
            "key": "_uIx5UD5sEDepzJFrTZBVWQ",
            "name": "ManufacturingDate",
            "type": null,
            "modifiers": [
              "public"
            ],
            "position": {}
          },
          "position": {}
        },
        "_5-oF8z5sEDepzJFrTZBVWQ": {
          "key": "_5-oF8z5sEDepzJFrTZBVWQ",
          "name": "ProductStatus",
          "type": null,
          "probability": 1,
          "modifiers": [
            "public"
          ],
          "to_variable": {
            "key": "_uIx5UT5sEDepzJFrTZBVWQ",
            "name": "ProductStatus",
            "type": null,
            "modifiers": [
              "public"
            ],
            "position": {}
          },
          "position": {}
        },
        "_5-oF9D5sEDepzJFrTZBVWQ": {
          "key": "_5-oF9D5sEDepzJFrTZBVWQ",
          "name": "DepId",
          "type": null,
          "probability": 1,
          "modifiers": [
            "public"
          ],
          "to_variable": {
            "key": "_uIx5Uj5sEDepzJFrTZBVWQ",
            "name": "DepId",
            "type": null,
            "modifiers": [
              "public"
            ],
            "position": {}
          },
          "position": {}
        }
      }
    },
    "fields_to_fields_data_clump-./INP-_5-lCoD5sEDepzJFrTZBVWQ-_I5xUgEFrEDe-ff88epKzEA-VendorIdVendorNameProdIdWarrantyDurationManufacturingDateProductStatusDepId": {
      "type": "data_clump",
      "key": "fields_to_fields_data_clump-./INP-_5-lCoD5sEDepzJFrTZBVWQ-_I5xUgEFrEDe-ff88epKzEA-VendorIdVendorNameProdIdWarrantyDurationManufacturingDateProductStatusDepId",
      "probability": 1,
      "from_file_path": "./INP",
      "from_class_or_interface_name": "INP",
      "from_class_or_interface_key": "_5-lCoD5sEDepzJFrTZBVWQ",
      "from_method_name": null,
      "from_method_key": null,
      "to_file_path": "./ViewSonic",
      "to_class_or_interface_key": "_I5xUgEFrEDe-ff88epKzEA",
      "to_class_or_interface_name": "INP",
      "to_method_key": null,
      "to_method_name": null,
      "data_clump_type": "fields_to_fields_data_clump",
      "data_clump_data": {
        "_5-lpsD5sEDepzJFrTZBVWQ": {
          "key": "_5-lpsD5sEDepzJFrTZBVWQ",
          "name": "VendorId",
          "type": null,
          "probability": 1,
          "modifiers": [
            "public"
          ],
          "to_variable": {
            "key": "_I5x7kUFrEDe-ff88epKzEA",
            "name": "VendorId",
            "type": null,
            "modifiers": [
              "public"
            ],
            "position": {}
          },
          "position": {}
        },
        "_5-ne4D5sEDepzJFrTZBVWQ": {
          "key": "_5-ne4D5sEDepzJFrTZBVWQ",
          "name": "VendorName",
          "type": null,
          "probability": 1,
          "modifiers": [
            "public"
          ],
          "to_variable": {
            "key": "_I5x7kkFrEDe-ff88epKzEA",
            "name": "VendorName",
            "type": null,
            "modifiers": [
              "public"
            ],
            "position": {}
          },
          "position": {}
        },
        "_5-oF8D5sEDepzJFrTZBVWQ": {
          "key": "_5-oF8D5sEDepzJFrTZBVWQ",
          "name": "ProdId",
          "type": null,
          "probability": 1,
          "modifiers": [
            "public"
          ],
          "to_variable": {
            "key": "_I5x7k0FrEDe-ff88epKzEA",
            "name": "ProdId",
            "type": null,
            "modifiers": [
              "public"
            ],
            "position": {}
          },
          "position": {}
        },
        "_5-oF8T5sEDepzJFrTZBVWQ": {
          "key": "_5-oF8T5sEDepzJFrTZBVWQ",
          "name": "WarrantyDuration",
          "type": null,
          "probability": 1,
          "modifiers": [
            "public"
          ],
          "to_variable": {
            "key": "_I5yioEFrEDe-ff88epKzEA",
            "name": "WarrantyDuration",
            "type": null,
            "modifiers": [
              "public"
            ],
            "position": {}
          },
          "position": {}
        },
        "_5-oF8j5sEDepzJFrTZBVWQ": {
          "key": "_5-oF8j5sEDepzJFrTZBVWQ",
          "name": "ManufacturingDate",
          "type": null,
          "probability": 1,
          "modifiers": [
            "public"
          ],
          "to_variable": {
            "key": "_I5yioUFrEDe-ff88epKzEA",
            "name": "ManufacturingDate",
            "type": null,
            "modifiers": [
              "public"
            ],
            "position": {}
          },
          "position": {}
        },
        "_5-oF8z5sEDepzJFrTZBVWQ": {
          "key": "_5-oF8z5sEDepzJFrTZBVWQ",
          "name": "ProductStatus",
          "type": null,
          "probability": 1,
          "modifiers": [
            "public"
          ],
          "to_variable": {
            "key": "_I5yiokFrEDe-ff88epKzEA",
            "name": "ProductStatus",
            "type": null,
            "modifiers": [
              "public"
            ],
            "position": {}
          },
          "position": {}
        },
        "_5-oF9D5sEDepzJFrTZBVWQ": {
          "key": "_5-oF9D5sEDepzJFrTZBVWQ",
          "name": "DepId",
          "type": null,
          "probability": 1,
          "modifiers": [
            "public"
          ],
          "to_variable": {
            "key": "_I5zJsEFrEDe-ff88epKzEA",
            "name": "DepId",
            "type": null,
            "modifiers": [
              "public"
            ],
            "position": {}
          },
          "position": {}
        }
      }
    },
    "fields_to_fields_data_clump-./VAS-_uIwEID5sEDepzJFrTZBVWQ-_u81o8D5rEDepzJFrTZBVWQ-VendorIdVendorNameProdIdWarrantyDurationManufacturingDateProductStatusDepId": {
      "type": "data_clump",
      "key": "fields_to_fields_data_clump-./VAS-_uIwEID5sEDepzJFrTZBVWQ-_u81o8D5rEDepzJFrTZBVWQ-VendorIdVendorNameProdIdWarrantyDurationManufacturingDateProductStatusDepId",
      "probability": 1,
      "from_file_path": "./VAS",
      "from_class_or_interface_name": "VAS",
      "from_class_or_interface_key": "_uIwEID5sEDepzJFrTZBVWQ",
      "from_method_name": null,
      "from_method_key": null,
      "to_file_path": "./Dell",
      "to_class_or_interface_key": "_u81o8D5rEDepzJFrTZBVWQ",
      "to_class_or_interface_name": "VAS",
      "to_method_key": null,
      "to_method_name": null,
      "data_clump_type": "fields_to_fields_data_clump",
      "data_clump_data": {
        "_uIwrMD5sEDepzJFrTZBVWQ": {
          "key": "_uIwrMD5sEDepzJFrTZBVWQ",
          "name": "VendorId",
          "type": null,
          "probability": 1,
          "modifiers": [
            "public"
          ],
          "to_variable": {
            "key": "_xaZ3kD5rEDepzJFrTZBVWQ",
            "name": "VendorId",
            "type": null,
            "modifiers": [
              "public"
            ],
            "position": {}
          },
          "position": {}
        },
        "_uIxSQD5sEDepzJFrTZBVWQ": {
          "key": "_uIxSQD5sEDepzJFrTZBVWQ",
          "name": "VendorName",
          "type": null,
          "probability": 1,
          "modifiers": [
            "public"
          ],
          "to_variable": {
            "key": "_x_yckD5rEDepzJFrTZBVWQ",
            "name": "VendorName",
            "type": null,
            "modifiers": [
              "public"
            ],
            "position": {}
          },
          "position": {}
        },
        "_uIxSQT5sEDepzJFrTZBVWQ": {
          "key": "_uIxSQT5sEDepzJFrTZBVWQ",
          "name": "ProdId",
          "type": null,
          "probability": 1,
          "modifiers": [
            "public"
          ],
          "to_variable": {
            "key": "_yLO3kD5rEDepzJFrTZBVWQ",
            "name": "ProdId",
            "type": null,
            "modifiers": [
              "public"
            ],
            "position": {}
          },
          "position": {}
        },
        "_uIxSQj5sEDepzJFrTZBVWQ": {
          "key": "_uIxSQj5sEDepzJFrTZBVWQ",
          "name": "WarrantyDuration",
          "type": null,
          "probability": 1,
          "modifiers": [
            "public"
          ],
          "to_variable": {
            "key": "_FXOLUD5sEDepzJFrTZBVWQ",
            "name": "WarrantyDuration",
            "type": null,
            "modifiers": [
              "public"
            ],
            "position": {}
          },
          "position": {}
        },
        "_uIx5UD5sEDepzJFrTZBVWQ": {
          "key": "_uIx5UD5sEDepzJFrTZBVWQ",
          "name": "ManufacturingDate",
          "type": null,
          "probability": 1,
          "modifiers": [
            "public"
          ],
          "to_variable": {
            "key": "_G9IZMD5sEDepzJFrTZBVWQ",
            "name": "ManufacturingDate",
            "type": null,
            "modifiers": [
              "public"
            ],
            "position": {}
          },
          "position": {}
        },
        "_uIx5UT5sEDepzJFrTZBVWQ": {
          "key": "_uIx5UT5sEDepzJFrTZBVWQ",
          "name": "ProductStatus",
          "type": null,
          "probability": 1,
          "modifiers": [
            "public"
          ],
          "to_variable": {
            "key": "_HG_f0D5sEDepzJFrTZBVWQ",
            "name": "ProductStatus",
            "type": null,
            "modifiers": [
              "public"
            ],
            "position": {}
          },
          "position": {}
        },
        "_uIx5Uj5sEDepzJFrTZBVWQ": {
          "key": "_uIx5Uj5sEDepzJFrTZBVWQ",
          "name": "DepId",
          "type": null,
          "probability": 1,
          "modifiers": [
            "public"
          ],
          "to_variable": {
            "key": "_HQXeQD5sEDepzJFrTZBVWQ",
            "name": "DepId",
            "type": null,
            "modifiers": [
              "public"
            ],
            "position": {}
          },
          "position": {}
        }
      }
    },
    "fields_to_fields_data_clump-./VAS-_uIwEID5sEDepzJFrTZBVWQ-_b0VRkD5sEDepzJFrTZBVWQ-VendorIdVendorNameProdIdWarrantyDurationManufacturingDateProductStatusDepId": {
      "type": "data_clump",
      "key": "fields_to_fields_data_clump-./VAS-_uIwEID5sEDepzJFrTZBVWQ-_b0VRkD5sEDepzJFrTZBVWQ-VendorIdVendorNameProdIdWarrantyDurationManufacturingDateProductStatusDepId",
      "probability": 1,
      "from_file_path": "./VAS",
      "from_class_or_interface_name": "VAS",
      "from_class_or_interface_key": "_uIwEID5sEDepzJFrTZBVWQ",
      "from_method_name": null,
      "from_method_key": null,
      "to_file_path": "./HP",
      "to_class_or_interface_key": "_b0VRkD5sEDepzJFrTZBVWQ",
      "to_class_or_interface_name": "VAS",
      "to_method_key": null,
      "to_method_name": null,
      "data_clump_type": "fields_to_fields_data_clump",
      "data_clump_data": {
        "_uIwrMD5sEDepzJFrTZBVWQ": {
          "key": "_uIwrMD5sEDepzJFrTZBVWQ",
          "name": "VendorId",
          "type": null,
          "probability": 1,
          "modifiers": [
            "public"
          ],
          "to_variable": {
            "key": "_b0V4oD5sEDepzJFrTZBVWQ",
            "name": "VendorId",
            "type": null,
            "modifiers": [
              "public"
            ],
            "position": {}
          },
          "position": {}
        },
        "_uIxSQD5sEDepzJFrTZBVWQ": {
          "key": "_uIxSQD5sEDepzJFrTZBVWQ",
          "name": "VendorName",
          "type": null,
          "probability": 1,
          "modifiers": [
            "public"
          ],
          "to_variable": {
            "key": "_b0WfsD5sEDepzJFrTZBVWQ",
            "name": "VendorName",
            "type": null,
            "modifiers": [
              "public"
            ],
            "position": {}
          },
          "position": {}
        },
        "_uIxSQT5sEDepzJFrTZBVWQ": {
          "key": "_uIxSQT5sEDepzJFrTZBVWQ",
          "name": "ProdId",
          "type": null,
          "probability": 1,
          "modifiers": [
            "public"
          ],
          "to_variable": {
            "key": "_b0WfsT5sEDepzJFrTZBVWQ",
            "name": "ProdId",
            "type": null,
            "modifiers": [
              "public"
            ],
            "position": {}
          },
          "position": {}
        },
        "_uIxSQj5sEDepzJFrTZBVWQ": {
          "key": "_uIxSQj5sEDepzJFrTZBVWQ",
          "name": "WarrantyDuration",
          "type": null,
          "probability": 1,
          "modifiers": [
            "public"
          ],
          "to_variable": {
            "key": "_b0Wfsj5sEDepzJFrTZBVWQ",
            "name": "WarrantyDuration",
            "type": null,
            "modifiers": [
              "public"
            ],
            "position": {}
          },
          "position": {}
        },
        "_uIx5UD5sEDepzJFrTZBVWQ": {
          "key": "_uIx5UD5sEDepzJFrTZBVWQ",
          "name": "ManufacturingDate",
          "type": null,
          "probability": 1,
          "modifiers": [
            "public"
          ],
          "to_variable": {
            "key": "_b0Wfsz5sEDepzJFrTZBVWQ",
            "name": "ManufacturingDate",
            "type": null,
            "modifiers": [
              "public"
            ],
            "position": {}
          },
          "position": {}
        },
        "_uIx5UT5sEDepzJFrTZBVWQ": {
          "key": "_uIx5UT5sEDepzJFrTZBVWQ",
          "name": "ProductStatus",
          "type": null,
          "probability": 1,
          "modifiers": [
            "public"
          ],
          "to_variable": {
            "key": "_b0WftD5sEDepzJFrTZBVWQ",
            "name": "ProductStatus",
            "type": null,
            "modifiers": [
              "public"
            ],
            "position": {}
          },
          "position": {}
        },
        "_uIx5Uj5sEDepzJFrTZBVWQ": {
          "key": "_uIx5Uj5sEDepzJFrTZBVWQ",
          "name": "DepId",
          "type": null,
          "probability": 1,
          "modifiers": [
            "public"
          ],
          "to_variable": {
            "key": "_b0XGwD5sEDepzJFrTZBVWQ",
            "name": "DepId",
            "type": null,
            "modifiers": [
              "public"
            ],
            "position": {}
          },
          "position": {}
        }
      }
    },
    "fields_to_fields_data_clump-./VAS-_uIwEID5sEDepzJFrTZBVWQ-_5-lCoD5sEDepzJFrTZBVWQ-VendorIdVendorNameProdIdWarrantyDurationManufacturingDateProductStatusDepId": {
      "type": "data_clump",
      "key": "fields_to_fields_data_clump-./VAS-_uIwEID5sEDepzJFrTZBVWQ-_5-lCoD5sEDepzJFrTZBVWQ-VendorIdVendorNameProdIdWarrantyDurationManufacturingDateProductStatusDepId",
      "probability": 1,
      "from_file_path": "./VAS",
      "from_class_or_interface_name": "VAS",
      "from_class_or_interface_key": "_uIwEID5sEDepzJFrTZBVWQ",
      "from_method_name": null,
      "from_method_key": null,
      "to_file_path": "./INP",
      "to_class_or_interface_key": "_5-lCoD5sEDepzJFrTZBVWQ",
      "to_class_or_interface_name": "VAS",
      "to_method_key": null,
      "to_method_name": null,
      "data_clump_type": "fields_to_fields_data_clump",
      "data_clump_data": {
        "_uIwrMD5sEDepzJFrTZBVWQ": {
          "key": "_uIwrMD5sEDepzJFrTZBVWQ",
          "name": "VendorId",
          "type": null,
          "probability": 1,
          "modifiers": [
            "public"
          ],
          "to_variable": {
            "key": "_5-lpsD5sEDepzJFrTZBVWQ",
            "name": "VendorId",
            "type": null,
            "modifiers": [
              "public"
            ],
            "position": {}
          },
          "position": {}
        },
        "_uIxSQD5sEDepzJFrTZBVWQ": {
          "key": "_uIxSQD5sEDepzJFrTZBVWQ",
          "name": "VendorName",
          "type": null,
          "probability": 1,
          "modifiers": [
            "public"
          ],
          "to_variable": {
            "key": "_5-ne4D5sEDepzJFrTZBVWQ",
            "name": "VendorName",
            "type": null,
            "modifiers": [
              "public"
            ],
            "position": {}
          },
          "position": {}
        },
        "_uIxSQT5sEDepzJFrTZBVWQ": {
          "key": "_uIxSQT5sEDepzJFrTZBVWQ",
          "name": "ProdId",
          "type": null,
          "probability": 1,
          "modifiers": [
            "public"
          ],
          "to_variable": {
            "key": "_5-oF8D5sEDepzJFrTZBVWQ",
            "name": "ProdId",
            "type": null,
            "modifiers": [
              "public"
            ],
            "position": {}
          },
          "position": {}
        },
        "_uIxSQj5sEDepzJFrTZBVWQ": {
          "key": "_uIxSQj5sEDepzJFrTZBVWQ",
          "name": "WarrantyDuration",
          "type": null,
          "probability": 1,
          "modifiers": [
            "public"
          ],
          "to_variable": {
            "key": "_5-oF8T5sEDepzJFrTZBVWQ",
            "name": "WarrantyDuration",
            "type": null,
            "modifiers": [
              "public"
            ],
            "position": {}
          },
          "position": {}
        },
        "_uIx5UD5sEDepzJFrTZBVWQ": {
          "key": "_uIx5UD5sEDepzJFrTZBVWQ",
          "name": "ManufacturingDate",
          "type": null,
          "probability": 1,
          "modifiers": [
            "public"
          ],
          "to_variable": {
            "key": "_5-oF8j5sEDepzJFrTZBVWQ",
            "name": "ManufacturingDate",
            "type": null,
            "modifiers": [
              "public"
            ],
            "position": {}
          },
          "position": {}
        },
        "_uIx5UT5sEDepzJFrTZBVWQ": {
          "key": "_uIx5UT5sEDepzJFrTZBVWQ",
          "name": "ProductStatus",
          "type": null,
          "probability": 1,
          "modifiers": [
            "public"
          ],
          "to_variable": {
            "key": "_5-oF8z5sEDepzJFrTZBVWQ",
            "name": "ProductStatus",
            "type": null,
            "modifiers": [
              "public"
            ],
            "position": {}
          },
          "position": {}
        },
        "_uIx5Uj5sEDepzJFrTZBVWQ": {
          "key": "_uIx5Uj5sEDepzJFrTZBVWQ",
          "name": "DepId",
          "type": null,
          "probability": 1,
          "modifiers": [
            "public"
          ],
          "to_variable": {
            "key": "_5-oF9D5sEDepzJFrTZBVWQ",
            "name": "DepId",
            "type": null,
            "modifiers": [
              "public"
            ],
            "position": {}
          },
          "position": {}
        }
      }
    },
    "fields_to_fields_data_clump-./VAS-_uIwEID5sEDepzJFrTZBVWQ-_I5xUgEFrEDe-ff88epKzEA-VendorIdVendorNameProdIdWarrantyDurationManufacturingDateProductStatusDepId": {
      "type": "data_clump",
      "key": "fields_to_fields_data_clump-./VAS-_uIwEID5sEDepzJFrTZBVWQ-_I5xUgEFrEDe-ff88epKzEA-VendorIdVendorNameProdIdWarrantyDurationManufacturingDateProductStatusDepId",
      "probability": 1,
      "from_file_path": "./VAS",
      "from_class_or_interface_name": "VAS",
      "from_class_or_interface_key": "_uIwEID5sEDepzJFrTZBVWQ",
      "from_method_name": null,
      "from_method_key": null,
      "to_file_path": "./ViewSonic",
      "to_class_or_interface_key": "_I5xUgEFrEDe-ff88epKzEA",
      "to_class_or_interface_name": "VAS",
      "to_method_key": null,
      "to_method_name": null,
      "data_clump_type": "fields_to_fields_data_clump",
      "data_clump_data": {
        "_uIwrMD5sEDepzJFrTZBVWQ": {
          "key": "_uIwrMD5sEDepzJFrTZBVWQ",
          "name": "VendorId",
          "type": null,
          "probability": 1,
          "modifiers": [
            "public"
          ],
          "to_variable": {
            "key": "_I5x7kUFrEDe-ff88epKzEA",
            "name": "VendorId",
            "type": null,
            "modifiers": [
              "public"
            ],
            "position": {}
          },
          "position": {}
        },
        "_uIxSQD5sEDepzJFrTZBVWQ": {
          "key": "_uIxSQD5sEDepzJFrTZBVWQ",
          "name": "VendorName",
          "type": null,
          "probability": 1,
          "modifiers": [
            "public"
          ],
          "to_variable": {
            "key": "_I5x7kkFrEDe-ff88epKzEA",
            "name": "VendorName",
            "type": null,
            "modifiers": [
              "public"
            ],
            "position": {}
          },
          "position": {}
        },
        "_uIxSQT5sEDepzJFrTZBVWQ": {
          "key": "_uIxSQT5sEDepzJFrTZBVWQ",
          "name": "ProdId",
          "type": null,
          "probability": 1,
          "modifiers": [
            "public"
          ],
          "to_variable": {
            "key": "_I5x7k0FrEDe-ff88epKzEA",
            "name": "ProdId",
            "type": null,
            "modifiers": [
              "public"
            ],
            "position": {}
          },
          "position": {}
        },
        "_uIxSQj5sEDepzJFrTZBVWQ": {
          "key": "_uIxSQj5sEDepzJFrTZBVWQ",
          "name": "WarrantyDuration",
          "type": null,
          "probability": 1,
          "modifiers": [
            "public"
          ],
          "to_variable": {
            "key": "_I5yioEFrEDe-ff88epKzEA",
            "name": "WarrantyDuration",
            "type": null,
            "modifiers": [
              "public"
            ],
            "position": {}
          },
          "position": {}
        },
        "_uIx5UD5sEDepzJFrTZBVWQ": {
          "key": "_uIx5UD5sEDepzJFrTZBVWQ",
          "name": "ManufacturingDate",
          "type": null,
          "probability": 1,
          "modifiers": [
            "public"
          ],
          "to_variable": {
            "key": "_I5yioUFrEDe-ff88epKzEA",
            "name": "ManufacturingDate",
            "type": null,
            "modifiers": [
              "public"
            ],
            "position": {}
          },
          "position": {}
        },
        "_uIx5UT5sEDepzJFrTZBVWQ": {
          "key": "_uIx5UT5sEDepzJFrTZBVWQ",
          "name": "ProductStatus",
          "type": null,
          "probability": 1,
          "modifiers": [
            "public"
          ],
          "to_variable": {
            "key": "_I5yiokFrEDe-ff88epKzEA",
            "name": "ProductStatus",
            "type": null,
            "modifiers": [
              "public"
            ],
            "position": {}
          },
          "position": {}
        },
        "_uIx5Uj5sEDepzJFrTZBVWQ": {
          "key": "_uIx5Uj5sEDepzJFrTZBVWQ",
          "name": "DepId",
          "type": null,
          "probability": 1,
          "modifiers": [
            "public"
          ],
          "to_variable": {
            "key": "_I5zJsEFrEDe-ff88epKzEA",
            "name": "DepId",
            "type": null,
            "modifiers": [
              "public"
            ],
            "position": {}
          },
          "position": {}
        }
      }
    },
    "fields_to_fields_data_clump-./ViewSonic-_I5xUgEFrEDe-ff88epKzEA-_u81o8D5rEDepzJFrTZBVWQ-VendorIdVendorNameProdIdWarrantyDurationManufacturingDateProductStatusDepId": {
      "type": "data_clump",
      "key": "fields_to_fields_data_clump-./ViewSonic-_I5xUgEFrEDe-ff88epKzEA-_u81o8D5rEDepzJFrTZBVWQ-VendorIdVendorNameProdIdWarrantyDurationManufacturingDateProductStatusDepId",
      "probability": 1,
      "from_file_path": "./ViewSonic",
      "from_class_or_interface_name": "ViewSonic",
      "from_class_or_interface_key": "_I5xUgEFrEDe-ff88epKzEA",
      "from_method_name": null,
      "from_method_key": null,
      "to_file_path": "./Dell",
      "to_class_or_interface_key": "_u81o8D5rEDepzJFrTZBVWQ",
      "to_class_or_interface_name": "ViewSonic",
      "to_method_key": null,
      "to_method_name": null,
      "data_clump_type": "fields_to_fields_data_clump",
      "data_clump_data": {
        "_I5x7kUFrEDe-ff88epKzEA": {
          "key": "_I5x7kUFrEDe-ff88epKzEA",
          "name": "VendorId",
          "type": null,
          "probability": 1,
          "modifiers": [
            "public"
          ],
          "to_variable": {
            "key": "_xaZ3kD5rEDepzJFrTZBVWQ",
            "name": "VendorId",
            "type": null,
            "modifiers": [
              "public"
            ],
            "position": {}
          },
          "position": {}
        },
        "_I5x7kkFrEDe-ff88epKzEA": {
          "key": "_I5x7kkFrEDe-ff88epKzEA",
          "name": "VendorName",
          "type": null,
          "probability": 1,
          "modifiers": [
            "public"
          ],
          "to_variable": {
            "key": "_x_yckD5rEDepzJFrTZBVWQ",
            "name": "VendorName",
            "type": null,
            "modifiers": [
              "public"
            ],
            "position": {}
          },
          "position": {}
        },
        "_I5x7k0FrEDe-ff88epKzEA": {
          "key": "_I5x7k0FrEDe-ff88epKzEA",
          "name": "ProdId",
          "type": null,
          "probability": 1,
          "modifiers": [
            "public"
          ],
          "to_variable": {
            "key": "_yLO3kD5rEDepzJFrTZBVWQ",
            "name": "ProdId",
            "type": null,
            "modifiers": [
              "public"
            ],
            "position": {}
          },
          "position": {}
        },
        "_I5yioEFrEDe-ff88epKzEA": {
          "key": "_I5yioEFrEDe-ff88epKzEA",
          "name": "WarrantyDuration",
          "type": null,
          "probability": 1,
          "modifiers": [
            "public"
          ],
          "to_variable": {
            "key": "_FXOLUD5sEDepzJFrTZBVWQ",
            "name": "WarrantyDuration",
            "type": null,
            "modifiers": [
              "public"
            ],
            "position": {}
          },
          "position": {}
        },
        "_I5yioUFrEDe-ff88epKzEA": {
          "key": "_I5yioUFrEDe-ff88epKzEA",
          "name": "ManufacturingDate",
          "type": null,
          "probability": 1,
          "modifiers": [
            "public"
          ],
          "to_variable": {
            "key": "_G9IZMD5sEDepzJFrTZBVWQ",
            "name": "ManufacturingDate",
            "type": null,
            "modifiers": [
              "public"
            ],
            "position": {}
          },
          "position": {}
        },
        "_I5yiokFrEDe-ff88epKzEA": {
          "key": "_I5yiokFrEDe-ff88epKzEA",
          "name": "ProductStatus",
          "type": null,
          "probability": 1,
          "modifiers": [
            "public"
          ],
          "to_variable": {
            "key": "_HG_f0D5sEDepzJFrTZBVWQ",
            "name": "ProductStatus",
            "type": null,
            "modifiers": [
              "public"
            ],
            "position": {}
          },
          "position": {}
        },
        "_I5zJsEFrEDe-ff88epKzEA": {
          "key": "_I5zJsEFrEDe-ff88epKzEA",
          "name": "DepId",
          "type": null,
          "probability": 1,
          "modifiers": [
            "public"
          ],
          "to_variable": {
            "key": "_HQXeQD5sEDepzJFrTZBVWQ",
            "name": "DepId",
            "type": null,
            "modifiers": [
              "public"
            ],
            "position": {}
          },
          "position": {}
        }
      }
    },
    "fields_to_fields_data_clump-./ViewSonic-_I5xUgEFrEDe-ff88epKzEA-_b0VRkD5sEDepzJFrTZBVWQ-VendorIdVendorNameProdIdWarrantyDurationManufacturingDateProductStatusDepId": {
      "type": "data_clump",
      "key": "fields_to_fields_data_clump-./ViewSonic-_I5xUgEFrEDe-ff88epKzEA-_b0VRkD5sEDepzJFrTZBVWQ-VendorIdVendorNameProdIdWarrantyDurationManufacturingDateProductStatusDepId",
      "probability": 1,
      "from_file_path": "./ViewSonic",
      "from_class_or_interface_name": "ViewSonic",
      "from_class_or_interface_key": "_I5xUgEFrEDe-ff88epKzEA",
      "from_method_name": null,
      "from_method_key": null,
      "to_file_path": "./HP",
      "to_class_or_interface_key": "_b0VRkD5sEDepzJFrTZBVWQ",
      "to_class_or_interface_name": "ViewSonic",
      "to_method_key": null,
      "to_method_name": null,
      "data_clump_type": "fields_to_fields_data_clump",
      "data_clump_data": {
        "_I5x7kUFrEDe-ff88epKzEA": {
          "key": "_I5x7kUFrEDe-ff88epKzEA",
          "name": "VendorId",
          "type": null,
          "probability": 1,
          "modifiers": [
            "public"
          ],
          "to_variable": {
            "key": "_b0V4oD5sEDepzJFrTZBVWQ",
            "name": "VendorId",
            "type": null,
            "modifiers": [
              "public"
            ],
            "position": {}
          },
          "position": {}
        },
        "_I5x7kkFrEDe-ff88epKzEA": {
          "key": "_I5x7kkFrEDe-ff88epKzEA",
          "name": "VendorName",
          "type": null,
          "probability": 1,
          "modifiers": [
            "public"
          ],
          "to_variable": {
            "key": "_b0WfsD5sEDepzJFrTZBVWQ",
            "name": "VendorName",
            "type": null,
            "modifiers": [
              "public"
            ],
            "position": {}
          },
          "position": {}
        },
        "_I5x7k0FrEDe-ff88epKzEA": {
          "key": "_I5x7k0FrEDe-ff88epKzEA",
          "name": "ProdId",
          "type": null,
          "probability": 1,
          "modifiers": [
            "public"
          ],
          "to_variable": {
            "key": "_b0WfsT5sEDepzJFrTZBVWQ",
            "name": "ProdId",
            "type": null,
            "modifiers": [
              "public"
            ],
            "position": {}
          },
          "position": {}
        },
        "_I5yioEFrEDe-ff88epKzEA": {
          "key": "_I5yioEFrEDe-ff88epKzEA",
          "name": "WarrantyDuration",
          "type": null,
          "probability": 1,
          "modifiers": [
            "public"
          ],
          "to_variable": {
            "key": "_b0Wfsj5sEDepzJFrTZBVWQ",
            "name": "WarrantyDuration",
            "type": null,
            "modifiers": [
              "public"
            ],
            "position": {}
          },
          "position": {}
        },
        "_I5yioUFrEDe-ff88epKzEA": {
          "key": "_I5yioUFrEDe-ff88epKzEA",
          "name": "ManufacturingDate",
          "type": null,
          "probability": 1,
          "modifiers": [
            "public"
          ],
          "to_variable": {
            "key": "_b0Wfsz5sEDepzJFrTZBVWQ",
            "name": "ManufacturingDate",
            "type": null,
            "modifiers": [
              "public"
            ],
            "position": {}
          },
          "position": {}
        },
        "_I5yiokFrEDe-ff88epKzEA": {
          "key": "_I5yiokFrEDe-ff88epKzEA",
          "name": "ProductStatus",
          "type": null,
          "probability": 1,
          "modifiers": [
            "public"
          ],
          "to_variable": {
            "key": "_b0WftD5sEDepzJFrTZBVWQ",
            "name": "ProductStatus",
            "type": null,
            "modifiers": [
              "public"
            ],
            "position": {}
          },
          "position": {}
        },
        "_I5zJsEFrEDe-ff88epKzEA": {
          "key": "_I5zJsEFrEDe-ff88epKzEA",
          "name": "DepId",
          "type": null,
          "probability": 1,
          "modifiers": [
            "public"
          ],
          "to_variable": {
            "key": "_b0XGwD5sEDepzJFrTZBVWQ",
            "name": "DepId",
            "type": null,
            "modifiers": [
              "public"
            ],
            "position": {}
          },
          "position": {}
        }
      }
    },
    "fields_to_fields_data_clump-./ViewSonic-_I5xUgEFrEDe-ff88epKzEA-_5-lCoD5sEDepzJFrTZBVWQ-VendorIdVendorNameProdIdWarrantyDurationManufacturingDateProductStatusDepId": {
      "type": "data_clump",
      "key": "fields_to_fields_data_clump-./ViewSonic-_I5xUgEFrEDe-ff88epKzEA-_5-lCoD5sEDepzJFrTZBVWQ-VendorIdVendorNameProdIdWarrantyDurationManufacturingDateProductStatusDepId",
      "probability": 1,
      "from_file_path": "./ViewSonic",
      "from_class_or_interface_name": "ViewSonic",
      "from_class_or_interface_key": "_I5xUgEFrEDe-ff88epKzEA",
      "from_method_name": null,
      "from_method_key": null,
      "to_file_path": "./INP",
      "to_class_or_interface_key": "_5-lCoD5sEDepzJFrTZBVWQ",
      "to_class_or_interface_name": "ViewSonic",
      "to_method_key": null,
      "to_method_name": null,
      "data_clump_type": "fields_to_fields_data_clump",
      "data_clump_data": {
        "_I5x7kUFrEDe-ff88epKzEA": {
          "key": "_I5x7kUFrEDe-ff88epKzEA",
          "name": "VendorId",
          "type": null,
          "probability": 1,
          "modifiers": [
            "public"
          ],
          "to_variable": {
            "key": "_5-lpsD5sEDepzJFrTZBVWQ",
            "name": "VendorId",
            "type": null,
            "modifiers": [
              "public"
            ],
            "position": {}
          },
          "position": {}
        },
        "_I5x7kkFrEDe-ff88epKzEA": {
          "key": "_I5x7kkFrEDe-ff88epKzEA",
          "name": "VendorName",
          "type": null,
          "probability": 1,
          "modifiers": [
            "public"
          ],
          "to_variable": {
            "key": "_5-ne4D5sEDepzJFrTZBVWQ",
            "name": "VendorName",
            "type": null,
            "modifiers": [
              "public"
            ],
            "position": {}
          },
          "position": {}
        },
        "_I5x7k0FrEDe-ff88epKzEA": {
          "key": "_I5x7k0FrEDe-ff88epKzEA",
          "name": "ProdId",
          "type": null,
          "probability": 1,
          "modifiers": [
            "public"
          ],
          "to_variable": {
            "key": "_5-oF8D5sEDepzJFrTZBVWQ",
            "name": "ProdId",
            "type": null,
            "modifiers": [
              "public"
            ],
            "position": {}
          },
          "position": {}
        },
        "_I5yioEFrEDe-ff88epKzEA": {
          "key": "_I5yioEFrEDe-ff88epKzEA",
          "name": "WarrantyDuration",
          "type": null,
          "probability": 1,
          "modifiers": [
            "public"
          ],
          "to_variable": {
            "key": "_5-oF8T5sEDepzJFrTZBVWQ",
            "name": "WarrantyDuration",
            "type": null,
            "modifiers": [
              "public"
            ],
            "position": {}
          },
          "position": {}
        },
        "_I5yioUFrEDe-ff88epKzEA": {
          "key": "_I5yioUFrEDe-ff88epKzEA",
          "name": "ManufacturingDate",
          "type": null,
          "probability": 1,
          "modifiers": [
            "public"
          ],
          "to_variable": {
            "key": "_5-oF8j5sEDepzJFrTZBVWQ",
            "name": "ManufacturingDate",
            "type": null,
            "modifiers": [
              "public"
            ],
            "position": {}
          },
          "position": {}
        },
        "_I5yiokFrEDe-ff88epKzEA": {
          "key": "_I5yiokFrEDe-ff88epKzEA",
          "name": "ProductStatus",
          "type": null,
          "probability": 1,
          "modifiers": [
            "public"
          ],
          "to_variable": {
            "key": "_5-oF8z5sEDepzJFrTZBVWQ",
            "name": "ProductStatus",
            "type": null,
            "modifiers": [
              "public"
            ],
            "position": {}
          },
          "position": {}
        },
        "_I5zJsEFrEDe-ff88epKzEA": {
          "key": "_I5zJsEFrEDe-ff88epKzEA",
          "name": "DepId",
          "type": null,
          "probability": 1,
          "modifiers": [
            "public"
          ],
          "to_variable": {
            "key": "_5-oF9D5sEDepzJFrTZBVWQ",
            "name": "DepId",
            "type": null,
            "modifiers": [
              "public"
            ],
            "position": {}
          },
          "position": {}
        }
      }
    },
    "fields_to_fields_data_clump-./ViewSonic-_I5xUgEFrEDe-ff88epKzEA-_uIwEID5sEDepzJFrTZBVWQ-VendorIdVendorNameProdIdWarrantyDurationManufacturingDateProductStatusDepId": {
      "type": "data_clump",
      "key": "fields_to_fields_data_clump-./ViewSonic-_I5xUgEFrEDe-ff88epKzEA-_uIwEID5sEDepzJFrTZBVWQ-VendorIdVendorNameProdIdWarrantyDurationManufacturingDateProductStatusDepId",
      "probability": 1,
      "from_file_path": "./ViewSonic",
      "from_class_or_interface_name": "ViewSonic",
      "from_class_or_interface_key": "_I5xUgEFrEDe-ff88epKzEA",
      "from_method_name": null,
      "from_method_key": null,
      "to_file_path": "./VAS",
      "to_class_or_interface_key": "_uIwEID5sEDepzJFrTZBVWQ",
      "to_class_or_interface_name": "ViewSonic",
      "to_method_key": null,
      "to_method_name": null,
      "data_clump_type": "fields_to_fields_data_clump",
      "data_clump_data": {
        "_I5x7kUFrEDe-ff88epKzEA": {
          "key": "_I5x7kUFrEDe-ff88epKzEA",
          "name": "VendorId",
          "type": null,
          "probability": 1,
          "modifiers": [
            "public"
          ],
          "to_variable": {
            "key": "_uIwrMD5sEDepzJFrTZBVWQ",
            "name": "VendorId",
            "type": null,
            "modifiers": [
              "public"
            ],
            "position": {}
          },
          "position": {}
        },
        "_I5x7kkFrEDe-ff88epKzEA": {
          "key": "_I5x7kkFrEDe-ff88epKzEA",
          "name": "VendorName",
          "type": null,
          "probability": 1,
          "modifiers": [
            "public"
          ],
          "to_variable": {
            "key": "_uIxSQD5sEDepzJFrTZBVWQ",
            "name": "VendorName",
            "type": null,
            "modifiers": [
              "public"
            ],
            "position": {}
          },
          "position": {}
        },
        "_I5x7k0FrEDe-ff88epKzEA": {
          "key": "_I5x7k0FrEDe-ff88epKzEA",
          "name": "ProdId",
          "type": null,
          "probability": 1,
          "modifiers": [
            "public"
          ],
          "to_variable": {
            "key": "_uIxSQT5sEDepzJFrTZBVWQ",
            "name": "ProdId",
            "type": null,
            "modifiers": [
              "public"
            ],
            "position": {}
          },
          "position": {}
        },
        "_I5yioEFrEDe-ff88epKzEA": {
          "key": "_I5yioEFrEDe-ff88epKzEA",
          "name": "WarrantyDuration",
          "type": null,
          "probability": 1,
          "modifiers": [
            "public"
          ],
          "to_variable": {
            "key": "_uIxSQj5sEDepzJFrTZBVWQ",
            "name": "WarrantyDuration",
            "type": null,
            "modifiers": [
              "public"
            ],
            "position": {}
          },
          "position": {}
        },
        "_I5yioUFrEDe-ff88epKzEA": {
          "key": "_I5yioUFrEDe-ff88epKzEA",
          "name": "ManufacturingDate",
          "type": null,
          "probability": 1,
          "modifiers": [
            "public"
          ],
          "to_variable": {
            "key": "_uIx5UD5sEDepzJFrTZBVWQ",
            "name": "ManufacturingDate",
            "type": null,
            "modifiers": [
              "public"
            ],
            "position": {}
          },
          "position": {}
        },
        "_I5yiokFrEDe-ff88epKzEA": {
          "key": "_I5yiokFrEDe-ff88epKzEA",
          "name": "ProductStatus",
          "type": null,
          "probability": 1,
          "modifiers": [
            "public"
          ],
          "to_variable": {
            "key": "_uIx5UT5sEDepzJFrTZBVWQ",
            "name": "ProductStatus",
            "type": null,
            "modifiers": [
              "public"
            ],
            "position": {}
          },
          "position": {}
        },
        "_I5zJsEFrEDe-ff88epKzEA": {
          "key": "_I5zJsEFrEDe-ff88epKzEA",
          "name": "DepId",
          "type": null,
          "probability": 1,
          "modifiers": [
            "public"
          ],
          "to_variable": {
            "key": "_uIx5Uj5sEDepzJFrTZBVWQ",
            "name": "DepId",
            "type": null,
            "modifiers": [
              "public"
            ],
            "position": {}
          },
          "position": {}
        }
      }
    }
  }
}