{
  "report_version": "unknown",
  "report_timestamp": "2025-03-26T22:12:16.559Z",
  "target_language": "java",
  "report_summary": {
    "additional": null,
    "amount_classes_or_interfaces_with_data_clumps": 1,
    "amount_files_with_data_clumps": 1,
    "amount_methods_with_data_clumps": 1,
    "fields_to_fields_data_clump": 0,
    "parameters_to_fields_data_clump": 1,
    "parameters_to_parameters_data_clump": 0,
    "amount_data_clumps": 1
  },
  "project_info": {
    "project_url": "unknown_project_url",
    "project_name": "_z1LVYMACEei6KcGhHDK_Ag",
    "project_version": "unknown_project_version",
    "project_commit_hash": "unknown",
    "project_tag": null,
    "project_commit_date": null,
    "additional": {},
    "number_of_files": 15,
    "number_of_classes_or_interfaces": 15,
    "number_of_methods": 83,
    "number_of_data_fields": 38,
    "number_of_method_parameters": 37
  },
  "detector": {
    "name": "data-clumps-doctor",
    "url": "https://github.com/NilsBaumgartner1994/data-clumps-doctor",
    "version": "0.1.100",
    "options": {
      "typeVariablesConsidered": false,
      "similarityModifierOfVariablesWithUnknownType": 0,
      "fieldsOfClassesWithUnknownHierarchyProbabilityModifier": 0,
      "sharedFieldsToFieldsAmountMinimum": 3,
      "analyseFieldsInClassesOrInterfacesInheritedFromSuperClassesOrInterfaces": false,
      "sharedParametersToParametersAmountMinimum": 3,
      "sharedParametersToFieldsAmountMinimum": 3,
      "methodsOfClassesOrInterfacesWithUnknownHierarchyProbabilityModifier": 0
    }
  },
  "data_clumps": {
    "parameters_to_fields_data_clump-./Elemento-_0FELqcACEei3Gv3T4rBBnQ-_0FELjcACEei3Gv3T4rBBnQ-tipoynumero": {
      "type": "data_clump",
      "key": "parameters_to_fields_data_clump-./Elemento-_0FELqcACEei3Gv3T4rBBnQ-_0FELjcACEei3Gv3T4rBBnQ-tipoynumero",
      "probability": 1,
      "from_file_path": "./Elemento",
      "from_class_or_interface_name": "Elemento",
      "from_class_or_interface_key": "_0FELjcACEei3Gv3T4rBBnQ",
      "from_method_name": "Elemento",
      "from_method_key": "_0FELqcACEei3Gv3T4rBBnQ",
      "to_file_path": "./Elemento",
      "to_class_or_interface_name": "Elemento",
      "to_class_or_interface_key": "_0FELjcACEei3Gv3T4rBBnQ",
      "to_method_name": null,
      "to_method_key": null,
      "data_clump_type": "parameters_to_fields_data_clump",
      "data_clump_data": {
        "_0FELqsACEei3Gv3T4rBBnQ": {
          "key": "_0FELqsACEei3Gv3T4rBBnQ",
          "name": "tipo",
          "type": null,
          "probability": 1,
          "modifiers": [],
          "to_variable": {
            "key": "_0FELjsACEei3Gv3T4rBBnQ",
            "name": "tipo",
            "type": null,
            "modifiers": [
              "private"
            ],
            "position": {}
          },
          "position": {}
        },
        "_0FELsMACEei3Gv3T4rBBnQ": {
          "key": "_0FELsMACEei3Gv3T4rBBnQ",
          "name": "y",
          "type": null,
          "probability": 1,
          "modifiers": [],
          "to_variable": {
            "key": "_0FELlMACEei3Gv3T4rBBnQ",
            "name": "y",
            "type": null,
            "modifiers": [
              "private"
            ],
            "position": {}
          },
          "position": {}
        },
        "_0FELs8ACEei3Gv3T4rBBnQ": {
          "key": "_0FELs8ACEei3Gv3T4rBBnQ",
          "name": "numero",
          "type": null,
          "probability": 1,
          "modifiers": [],
          "to_variable": {
            "key": "_0FELkcACEei3Gv3T4rBBnQ",
            "name": "numero",
            "type": null,
            "modifiers": [
              "private"
            ],
            "position": {}
          },
          "position": {}
        }
      }
    }
  }
}