{
  "report_version": "unknown",
  "report_timestamp": "2025-03-26T21:43:04.954Z",
  "target_language": "java",
  "report_summary": {
    "additional": null,
    "amount_classes_or_interfaces_with_data_clumps": 4,
    "amount_files_with_data_clumps": 4,
    "amount_methods_with_data_clumps": 3,
    "fields_to_fields_data_clump": 6,
    "parameters_to_fields_data_clump": 0,
    "parameters_to_parameters_data_clump": 6,
    "amount_data_clumps": 12
  },
  "project_info": {
    "project_url": "unknown_project_url",
    "project_name": "e88e945a-a781-45cc-92e0-cc2d5527dcd5",
    "project_version": "unknown_project_version",
    "project_commit_hash": "unknown",
    "project_tag": null,
    "project_commit_date": null,
    "additional": {},
    "number_of_files": 10,
    "number_of_classes_or_interfaces": 10,
    "number_of_methods": 45,
    "number_of_data_fields": 62,
    "number_of_method_parameters": 24
  },
  "detector": {
    "name": "data-clumps-doctor",
    "url": "https://github.com/NilsBaumgartner1994/data-clumps-doctor",
    "version": "0.1.100",
    "options": {
      "typeVariablesConsidered": false,
      "similarityModifierOfVariablesWithUnknownType": 0,
      "fieldsOfClassesWithUnknownHierarchyProbabilityModifier": 0,
      "sharedFieldsToFieldsAmountMinimum": 3,
      "analyseFieldsInClassesOrInterfacesInheritedFromSuperClassesOrInterfaces": false,
      "sharedParametersToParametersAmountMinimum": 3,
      "sharedParametersToFieldsAmountMinimum": 3,
      "methodsOfClassesOrInterfacesWithUnknownHierarchyProbabilityModifier": 0
    }
  },
  "data_clumps": {
    "parameters_to_parameters_data_clump-./Board-_jbHAUWDkEDOjvt_0tW5vuA-_ijQV0GDlEDOjvt_0tW5vuA-parameterparameter2parameter3": {
      "type": "data_clump",
      "key": "parameters_to_parameters_data_clump-./Board-_jbHAUWDkEDOjvt_0tW5vuA-_ijQV0GDlEDOjvt_0tW5vuA-parameterparameter2parameter3",
      "probability": 1,
      "from_file_path": "./Board",
      "from_class_or_interface_name": "Board",
      "from_class_or_interface_key": "_bszGQGDjEDOjvt_0tW5vuA",
      "from_method_name": "updateBoard",
      "from_method_key": "_jbHAUWDkEDOjvt_0tW5vuA",
      "to_file_path": "./Board",
      "to_class_or_interface_name": "Board",
      "to_class_or_interface_key": "_bszGQGDjEDOjvt_0tW5vuA",
      "to_method_name": "hasShip",
      "to_method_key": "_ijQV0GDlEDOjvt_0tW5vuA",
      "data_clump_type": "parameters_to_parameters_data_clump",
      "data_clump_data": {
        "_lczyUGDkEDOjvt_0tW5vuA": {
          "key": "_lczyUGDkEDOjvt_0tW5vuA",
          "name": "parameter",
          "type": null,
          "probability": 1,
          "modifiers": [],
          "to_variable": {
            "key": "_sxJtMGDlEDOjvt_0tW5vuA",
            "name": "parameter",
            "type": null,
            "modifiers": [],
            "position": {}
          },
          "position": {}
        },
        "_me_BAGDkEDOjvt_0tW5vuA": {
          "key": "_me_BAGDkEDOjvt_0tW5vuA",
          "name": "parameter2",
          "type": null,
          "probability": 1,
          "modifiers": [],
          "to_variable": {
            "key": "_tTQUsGDlEDOjvt_0tW5vuA",
            "name": "parameter2",
            "type": null,
            "modifiers": [],
            "position": {}
          },
          "position": {}
        },
        "_nZVwcGDkEDOjvt_0tW5vuA": {
          "key": "_nZVwcGDkEDOjvt_0tW5vuA",
          "name": "parameter3",
          "type": null,
          "probability": 1,
          "modifiers": [],
          "to_variable": {
            "key": "_xDnA4GDlEDOjvt_0tW5vuA",
            "name": "parameter3",
            "type": null,
            "modifiers": [],
            "position": {}
          },
          "position": {}
        }
      }
    },
    "parameters_to_parameters_data_clump-./Board-_jbHAUWDkEDOjvt_0tW5vuA-_ZIcvoGDiEDOjvt_0tW5vuA-parameterparameter2parameter3": {
      "type": "data_clump",
      "key": "parameters_to_parameters_data_clump-./Board-_jbHAUWDkEDOjvt_0tW5vuA-_ZIcvoGDiEDOjvt_0tW5vuA-parameterparameter2parameter3",
      "probability": 1,
      "from_file_path": "./Board",
      "from_class_or_interface_name": "Board",
      "from_class_or_interface_key": "_bszGQGDjEDOjvt_0tW5vuA",
      "from_method_name": "updateBoard",
      "from_method_key": "_jbHAUWDkEDOjvt_0tW5vuA",
      "to_file_path": "./LoadAssets",
      "to_class_or_interface_name": "LoadAssets",
      "to_class_or_interface_key": "_o-wBUGDfEDOV0MT2UGsXlA",
      "to_method_name": "loadGameImage",
      "to_method_key": "_ZIcvoGDiEDOjvt_0tW5vuA",
      "data_clump_type": "parameters_to_parameters_data_clump",
      "data_clump_data": {
        "_lczyUGDkEDOjvt_0tW5vuA": {
          "key": "_lczyUGDkEDOjvt_0tW5vuA",
          "name": "parameter",
          "type": null,
          "probability": 1,
          "modifiers": [],
          "to_variable": {
            "key": "_oTDRkGDiEDOjvt_0tW5vuA",
            "name": "parameter",
            "type": null,
            "modifiers": [],
            "position": {}
          },
          "position": {}
        },
        "_me_BAGDkEDOjvt_0tW5vuA": {
          "key": "_me_BAGDkEDOjvt_0tW5vuA",
          "name": "parameter2",
          "type": null,
          "probability": 1,
          "modifiers": [],
          "to_variable": {
            "key": "_p3v-gGDiEDOjvt_0tW5vuA",
            "name": "parameter2",
            "type": null,
            "modifiers": [],
            "position": {}
          },
          "position": {}
        },
        "_nZVwcGDkEDOjvt_0tW5vuA": {
          "key": "_nZVwcGDkEDOjvt_0tW5vuA",
          "name": "parameter3",
          "type": null,
          "probability": 1,
          "modifiers": [],
          "to_variable": {
            "key": "_rOJwwGDiEDOjvt_0tW5vuA",
            "name": "parameter3",
            "type": null,
            "modifiers": [],
            "position": {}
          },
          "position": {}
        }
      }
    },
    "parameters_to_parameters_data_clump-./Board-_ijQV0GDlEDOjvt_0tW5vuA-_jbHAUWDkEDOjvt_0tW5vuA-parameterparameter2parameter3": {
      "type": "data_clump",
      "key": "parameters_to_parameters_data_clump-./Board-_ijQV0GDlEDOjvt_0tW5vuA-_jbHAUWDkEDOjvt_0tW5vuA-parameterparameter2parameter3",
      "probability": 1,
      "from_file_path": "./Board",
      "from_class_or_interface_name": "Board",
      "from_class_or_interface_key": "_bszGQGDjEDOjvt_0tW5vuA",
      "from_method_name": "hasShip",
      "from_method_key": "_ijQV0GDlEDOjvt_0tW5vuA",
      "to_file_path": "./Board",
      "to_class_or_interface_name": "Board",
      "to_class_or_interface_key": "_bszGQGDjEDOjvt_0tW5vuA",
      "to_method_name": "updateBoard",
      "to_method_key": "_jbHAUWDkEDOjvt_0tW5vuA",
      "data_clump_type": "parameters_to_parameters_data_clump",
      "data_clump_data": {
        "_sxJtMGDlEDOjvt_0tW5vuA": {
          "key": "_sxJtMGDlEDOjvt_0tW5vuA",
          "name": "parameter",
          "type": null,
          "probability": 1,
          "modifiers": [],
          "to_variable": {
            "key": "_lczyUGDkEDOjvt_0tW5vuA",
            "name": "parameter",
            "type": null,
            "modifiers": [],
            "position": {}
          },
          "position": {}
        },
        "_tTQUsGDlEDOjvt_0tW5vuA": {
          "key": "_tTQUsGDlEDOjvt_0tW5vuA",
          "name": "parameter2",
          "type": null,
          "probability": 1,
          "modifiers": [],
          "to_variable": {
            "key": "_me_BAGDkEDOjvt_0tW5vuA",
            "name": "parameter2",
            "type": null,
            "modifiers": [],
            "position": {}
          },
          "position": {}
        },
        "_xDnA4GDlEDOjvt_0tW5vuA": {
          "key": "_xDnA4GDlEDOjvt_0tW5vuA",
          "name": "parameter3",
          "type": null,
          "probability": 1,
          "modifiers": [],
          "to_variable": {
            "key": "_nZVwcGDkEDOjvt_0tW5vuA",
            "name": "parameter3",
            "type": null,
            "modifiers": [],
            "position": {}
          },
          "position": {}
        }
      }
    },
    "parameters_to_parameters_data_clump-./Board-_ijQV0GDlEDOjvt_0tW5vuA-_ZIcvoGDiEDOjvt_0tW5vuA-parameterparameter2parameter3": {
      "type": "data_clump",
      "key": "parameters_to_parameters_data_clump-./Board-_ijQV0GDlEDOjvt_0tW5vuA-_ZIcvoGDiEDOjvt_0tW5vuA-parameterparameter2parameter3",
      "probability": 1,
      "from_file_path": "./Board",
      "from_class_or_interface_name": "Board",
      "from_class_or_interface_key": "_bszGQGDjEDOjvt_0tW5vuA",
      "from_method_name": "hasShip",
      "from_method_key": "_ijQV0GDlEDOjvt_0tW5vuA",
      "to_file_path": "./LoadAssets",
      "to_class_or_interface_name": "LoadAssets",
      "to_class_or_interface_key": "_o-wBUGDfEDOV0MT2UGsXlA",
      "to_method_name": "loadGameImage",
      "to_method_key": "_ZIcvoGDiEDOjvt_0tW5vuA",
      "data_clump_type": "parameters_to_parameters_data_clump",
      "data_clump_data": {
        "_sxJtMGDlEDOjvt_0tW5vuA": {
          "key": "_sxJtMGDlEDOjvt_0tW5vuA",
          "name": "parameter",
          "type": null,
          "probability": 1,
          "modifiers": [],
          "to_variable": {
            "key": "_oTDRkGDiEDOjvt_0tW5vuA",
            "name": "parameter",
            "type": null,
            "modifiers": [],
            "position": {}
          },
          "position": {}
        },
        "_tTQUsGDlEDOjvt_0tW5vuA": {
          "key": "_tTQUsGDlEDOjvt_0tW5vuA",
          "name": "parameter2",
          "type": null,
          "probability": 1,
          "modifiers": [],
          "to_variable": {
            "key": "_p3v-gGDiEDOjvt_0tW5vuA",
            "name": "parameter2",
            "type": null,
            "modifiers": [],
            "position": {}
          },
          "position": {}
        },
        "_xDnA4GDlEDOjvt_0tW5vuA": {
          "key": "_xDnA4GDlEDOjvt_0tW5vuA",
          "name": "parameter3",
          "type": null,
          "probability": 1,
          "modifiers": [],
          "to_variable": {
            "key": "_rOJwwGDiEDOjvt_0tW5vuA",
            "name": "parameter3",
            "type": null,
            "modifiers": [],
            "position": {}
          },
          "position": {}
        }
      }
    },
    "parameters_to_parameters_data_clump-./LoadAssets-_ZIcvoGDiEDOjvt_0tW5vuA-_jbHAUWDkEDOjvt_0tW5vuA-parameterparameter2parameter3": {
      "type": "data_clump",
      "key": "parameters_to_parameters_data_clump-./LoadAssets-_ZIcvoGDiEDOjvt_0tW5vuA-_jbHAUWDkEDOjvt_0tW5vuA-parameterparameter2parameter3",
      "probability": 1,
      "from_file_path": "./LoadAssets",
      "from_class_or_interface_name": "LoadAssets",
      "from_class_or_interface_key": "_o-wBUGDfEDOV0MT2UGsXlA",
      "from_method_name": "loadGameImage",
      "from_method_key": "_ZIcvoGDiEDOjvt_0tW5vuA",
      "to_file_path": "./Board",
      "to_class_or_interface_name": "Board",
      "to_class_or_interface_key": "_bszGQGDjEDOjvt_0tW5vuA",
      "to_method_name": "updateBoard",
      "to_method_key": "_jbHAUWDkEDOjvt_0tW5vuA",
      "data_clump_type": "parameters_to_parameters_data_clump",
      "data_clump_data": {
        "_oTDRkGDiEDOjvt_0tW5vuA": {
          "key": "_oTDRkGDiEDOjvt_0tW5vuA",
          "name": "parameter",
          "type": null,
          "probability": 1,
          "modifiers": [],
          "to_variable": {
            "key": "_lczyUGDkEDOjvt_0tW5vuA",
            "name": "parameter",
            "type": null,
            "modifiers": [],
            "position": {}
          },
          "position": {}
        },
        "_p3v-gGDiEDOjvt_0tW5vuA": {
          "key": "_p3v-gGDiEDOjvt_0tW5vuA",
          "name": "parameter2",
          "type": null,
          "probability": 1,
          "modifiers": [],
          "to_variable": {
            "key": "_me_BAGDkEDOjvt_0tW5vuA",
            "name": "parameter2",
            "type": null,
            "modifiers": [],
            "position": {}
          },
          "position": {}
        },
        "_rOJwwGDiEDOjvt_0tW5vuA": {
          "key": "_rOJwwGDiEDOjvt_0tW5vuA",
          "name": "parameter3",
          "type": null,
          "probability": 1,
          "modifiers": [],
          "to_variable": {
            "key": "_nZVwcGDkEDOjvt_0tW5vuA",
            "name": "parameter3",
            "type": null,
            "modifiers": [],
            "position": {}
          },
          "position": {}
        }
      }
    },
    "parameters_to_parameters_data_clump-./LoadAssets-_ZIcvoGDiEDOjvt_0tW5vuA-_ijQV0GDlEDOjvt_0tW5vuA-parameterparameter2parameter3": {
      "type": "data_clump",
      "key": "parameters_to_parameters_data_clump-./LoadAssets-_ZIcvoGDiEDOjvt_0tW5vuA-_ijQV0GDlEDOjvt_0tW5vuA-parameterparameter2parameter3",
      "probability": 1,
      "from_file_path": "./LoadAssets",
      "from_class_or_interface_name": "LoadAssets",
      "from_class_or_interface_key": "_o-wBUGDfEDOV0MT2UGsXlA",
      "from_method_name": "loadGameImage",
      "from_method_key": "_ZIcvoGDiEDOjvt_0tW5vuA",
      "to_file_path": "./Board",
      "to_class_or_interface_name": "Board",
      "to_class_or_interface_key": "_bszGQGDjEDOjvt_0tW5vuA",
      "to_method_name": "hasShip",
      "to_method_key": "_ijQV0GDlEDOjvt_0tW5vuA",
      "data_clump_type": "parameters_to_parameters_data_clump",
      "data_clump_data": {
        "_oTDRkGDiEDOjvt_0tW5vuA": {
          "key": "_oTDRkGDiEDOjvt_0tW5vuA",
          "name": "parameter",
          "type": null,
          "probability": 1,
          "modifiers": [],
          "to_variable": {
            "key": "_sxJtMGDlEDOjvt_0tW5vuA",
            "name": "parameter",
            "type": null,
            "modifiers": [],
            "position": {}
          },
          "position": {}
        },
        "_p3v-gGDiEDOjvt_0tW5vuA": {
          "key": "_p3v-gGDiEDOjvt_0tW5vuA",
          "name": "parameter2",
          "type": null,
          "probability": 1,
          "modifiers": [],
          "to_variable": {
            "key": "_tTQUsGDlEDOjvt_0tW5vuA",
            "name": "parameter2",
            "type": null,
            "modifiers": [],
            "position": {}
          },
          "position": {}
        },
        "_rOJwwGDiEDOjvt_0tW5vuA": {
          "key": "_rOJwwGDiEDOjvt_0tW5vuA",
          "name": "parameter3",
          "type": null,
          "probability": 1,
          "modifiers": [],
          "to_variable": {
            "key": "_xDnA4GDlEDOjvt_0tW5vuA",
            "name": "parameter3",
            "type": null,
            "modifiers": [],
            "position": {}
          },
          "position": {}
        }
      }
    },
    "fields_to_fields_data_clump-./Board-_bszGQGDjEDOjvt_0tW5vuA-_wEaGUGDoEDO4qrIRPThvWw-screenHeightscreenWidthassets": {
      "type": "data_clump",
      "key": "fields_to_fields_data_clump-./Board-_bszGQGDjEDOjvt_0tW5vuA-_wEaGUGDoEDO4qrIRPThvWw-screenHeightscreenWidthassets",
      "probability": 1,
      "from_file_path": "./Board",
      "from_class_or_interface_name": "Board",
      "from_class_or_interface_key": "_bszGQGDjEDOjvt_0tW5vuA",
      "from_method_name": null,
      "from_method_key": null,
      "to_file_path": "./SetUpBoardWindow",
      "to_class_or_interface_key": "_wEaGUGDoEDO4qrIRPThvWw",
      "to_class_or_interface_name": "Board",
      "to_method_key": null,
      "to_method_name": null,
      "data_clump_type": "fields_to_fields_data_clump",
      "data_clump_data": {
        "_m9NDgGDjEDOjvt_0tW5vuA": {
          "key": "_m9NDgGDjEDOjvt_0tW5vuA",
          "name": "screenHeight",
          "type": null,
          "probability": 1,
          "modifiers": [
            "private"
          ],
          "to_variable": {
            "key": "_7GUUkGDoEDO4qrIRPThvWw",
            "name": "screenHeight",
            "type": null,
            "modifiers": [
              "private"
            ],
            "position": {}
          },
          "position": {}
        },
        "_o_3e0GDjEDOjvt_0tW5vuA": {
          "key": "_o_3e0GDjEDOjvt_0tW5vuA",
          "name": "screenWidth",
          "type": null,
          "probability": 1,
          "modifiers": [
            "private"
          ],
          "to_variable": {
            "key": "_44xe8GDoEDO4qrIRPThvWw",
            "name": "screenWidth",
            "type": null,
            "modifiers": [
              "private"
            ],
            "position": {}
          },
          "position": {}
        },
        "_utaQcGDjEDOjvt_0tW5vuA": {
          "key": "_utaQcGDjEDOjvt_0tW5vuA",
          "name": "assets",
          "type": null,
          "probability": 1,
          "modifiers": [
            "private"
          ],
          "to_variable": {
            "key": "_MTi1kGDpEDO4qrIRPThvWw",
            "name": "assets",
            "type": null,
            "modifiers": [
              "private"
            ],
            "position": {}
          },
          "position": {}
        }
      }
    },
    "fields_to_fields_data_clump-./Board-_bszGQGDjEDOjvt_0tW5vuA-_jN-yAGDeEDOV0MT2UGsXlA-screenHeightscreenWidthassets": {
      "type": "data_clump",
      "key": "fields_to_fields_data_clump-./Board-_bszGQGDjEDOjvt_0tW5vuA-_jN-yAGDeEDOV0MT2UGsXlA-screenHeightscreenWidthassets",
      "probability": 1,
      "from_file_path": "./Board",
      "from_class_or_interface_name": "Board",
      "from_class_or_interface_key": "_bszGQGDjEDOjvt_0tW5vuA",
      "from_method_name": null,
      "from_method_key": null,
      "to_file_path": "./StartNewGameWindow",
      "to_class_or_interface_key": "_jN-yAGDeEDOV0MT2UGsXlA",
      "to_class_or_interface_name": "Board",
      "to_method_key": null,
      "to_method_name": null,
      "data_clump_type": "fields_to_fields_data_clump",
      "data_clump_data": {
        "_m9NDgGDjEDOjvt_0tW5vuA": {
          "key": "_m9NDgGDjEDOjvt_0tW5vuA",
          "name": "screenHeight",
          "type": null,
          "probability": 1,
          "modifiers": [
            "private"
          ],
          "to_variable": {
            "key": "_7T1-wGDeEDOV0MT2UGsXlA",
            "name": "screenHeight",
            "type": null,
            "modifiers": [
              "private"
            ],
            "position": {}
          },
          "position": {}
        },
        "_o_3e0GDjEDOjvt_0tW5vuA": {
          "key": "_o_3e0GDjEDOjvt_0tW5vuA",
          "name": "screenWidth",
          "type": null,
          "probability": 1,
          "modifiers": [
            "private"
          ],
          "to_variable": {
            "key": "_4VQGsGDeEDOV0MT2UGsXlA",
            "name": "screenWidth",
            "type": null,
            "modifiers": [
              "private"
            ],
            "position": {}
          },
          "position": {}
        },
        "_utaQcGDjEDOjvt_0tW5vuA": {
          "key": "_utaQcGDjEDOjvt_0tW5vuA",
          "name": "assets",
          "type": null,
          "probability": 1,
          "modifiers": [
            "private"
          ],
          "to_variable": {
            "key": "_L8qyMGDfEDOV0MT2UGsXlA",
            "name": "assets",
            "type": null,
            "modifiers": [
              "private"
            ],
            "position": {}
          },
          "position": {}
        }
      }
    },
    "fields_to_fields_data_clump-./SetUpBoardWindow-_wEaGUGDoEDO4qrIRPThvWw-_bszGQGDjEDOjvt_0tW5vuA-screenWidthscreenHeightassets": {
      "type": "data_clump",
      "key": "fields_to_fields_data_clump-./SetUpBoardWindow-_wEaGUGDoEDO4qrIRPThvWw-_bszGQGDjEDOjvt_0tW5vuA-screenWidthscreenHeightassets",
      "probability": 1,
      "from_file_path": "./SetUpBoardWindow",
      "from_class_or_interface_name": "SetUpBoardWindow",
      "from_class_or_interface_key": "_wEaGUGDoEDO4qrIRPThvWw",
      "from_method_name": null,
      "from_method_key": null,
      "to_file_path": "./Board",
      "to_class_or_interface_key": "_bszGQGDjEDOjvt_0tW5vuA",
      "to_class_or_interface_name": "SetUpBoardWindow",
      "to_method_key": null,
      "to_method_name": null,
      "data_clump_type": "fields_to_fields_data_clump",
      "data_clump_data": {
        "_44xe8GDoEDO4qrIRPThvWw": {
          "key": "_44xe8GDoEDO4qrIRPThvWw",
          "name": "screenWidth",
          "type": null,
          "probability": 1,
          "modifiers": [
            "private"
          ],
          "to_variable": {
            "key": "_o_3e0GDjEDOjvt_0tW5vuA",
            "name": "screenWidth",
            "type": null,
            "modifiers": [
              "private"
            ],
            "position": {}
          },
          "position": {}
        },
        "_7GUUkGDoEDO4qrIRPThvWw": {
          "key": "_7GUUkGDoEDO4qrIRPThvWw",
          "name": "screenHeight",
          "type": null,
          "probability": 1,
          "modifiers": [
            "private"
          ],
          "to_variable": {
            "key": "_m9NDgGDjEDOjvt_0tW5vuA",
            "name": "screenHeight",
            "type": null,
            "modifiers": [
              "private"
            ],
            "position": {}
          },
          "position": {}
        },
        "_MTi1kGDpEDO4qrIRPThvWw": {
          "key": "_MTi1kGDpEDO4qrIRPThvWw",
          "name": "assets",
          "type": null,
          "probability": 1,
          "modifiers": [
            "private"
          ],
          "to_variable": {
            "key": "_utaQcGDjEDOjvt_0tW5vuA",
            "name": "assets",
            "type": null,
            "modifiers": [
              "private"
            ],
            "position": {}
          },
          "position": {}
        }
      }
    },
    "fields_to_fields_data_clump-./SetUpBoardWindow-_wEaGUGDoEDO4qrIRPThvWw-_jN-yAGDeEDOV0MT2UGsXlA-screenWidthscreenHeightstartGameassets": {
      "type": "data_clump",
      "key": "fields_to_fields_data_clump-./SetUpBoardWindow-_wEaGUGDoEDO4qrIRPThvWw-_jN-yAGDeEDOV0MT2UGsXlA-screenWidthscreenHeightstartGameassets",
      "probability": 1,
      "from_file_path": "./SetUpBoardWindow",
      "from_class_or_interface_name": "SetUpBoardWindow",
      "from_class_or_interface_key": "_wEaGUGDoEDO4qrIRPThvWw",
      "from_method_name": null,
      "from_method_key": null,
      "to_file_path": "./StartNewGameWindow",
      "to_class_or_interface_key": "_jN-yAGDeEDOV0MT2UGsXlA",
      "to_class_or_interface_name": "SetUpBoardWindow",
      "to_method_key": null,
      "to_method_name": null,
      "data_clump_type": "fields_to_fields_data_clump",
      "data_clump_data": {
        "_44xe8GDoEDO4qrIRPThvWw": {
          "key": "_44xe8GDoEDO4qrIRPThvWw",
          "name": "screenWidth",
          "type": null,
          "probability": 1,
          "modifiers": [
            "private"
          ],
          "to_variable": {
            "key": "_4VQGsGDeEDOV0MT2UGsXlA",
            "name": "screenWidth",
            "type": null,
            "modifiers": [
              "private"
            ],
            "position": {}
          },
          "position": {}
        },
        "_7GUUkGDoEDO4qrIRPThvWw": {
          "key": "_7GUUkGDoEDO4qrIRPThvWw",
          "name": "screenHeight",
          "type": null,
          "probability": 1,
          "modifiers": [
            "private"
          ],
          "to_variable": {
            "key": "_7T1-wGDeEDOV0MT2UGsXlA",
            "name": "screenHeight",
            "type": null,
            "modifiers": [
              "private"
            ],
            "position": {}
          },
          "position": {}
        },
        "_-cC6QGDoEDO4qrIRPThvWw": {
          "key": "_-cC6QGDoEDO4qrIRPThvWw",
          "name": "startGame",
          "type": null,
          "probability": 1,
          "modifiers": [
            "private"
          ],
          "to_variable": {
            "key": "__9hfoGDeEDOV0MT2UGsXlA",
            "name": "startGame",
            "type": null,
            "modifiers": [
              "private"
            ],
            "position": {}
          },
          "position": {}
        },
        "_MTi1kGDpEDO4qrIRPThvWw": {
          "key": "_MTi1kGDpEDO4qrIRPThvWw",
          "name": "assets",
          "type": null,
          "probability": 1,
          "modifiers": [
            "private"
          ],
          "to_variable": {
            "key": "_L8qyMGDfEDOV0MT2UGsXlA",
            "name": "assets",
            "type": null,
            "modifiers": [
              "private"
            ],
            "position": {}
          },
          "position": {}
        }
      }
    },
    "fields_to_fields_data_clump-./StartNewGameWindow-_jN-yAGDeEDOV0MT2UGsXlA-_bszGQGDjEDOjvt_0tW5vuA-screenWidthscreenHeightassets": {
      "type": "data_clump",
      "key": "fields_to_fields_data_clump-./StartNewGameWindow-_jN-yAGDeEDOV0MT2UGsXlA-_bszGQGDjEDOjvt_0tW5vuA-screenWidthscreenHeightassets",
      "probability": 1,
      "from_file_path": "./StartNewGameWindow",
      "from_class_or_interface_name": "StartNewGameWindow",
      "from_class_or_interface_key": "_jN-yAGDeEDOV0MT2UGsXlA",
      "from_method_name": null,
      "from_method_key": null,
      "to_file_path": "./Board",
      "to_class_or_interface_key": "_bszGQGDjEDOjvt_0tW5vuA",
      "to_class_or_interface_name": "StartNewGameWindow",
      "to_method_key": null,
      "to_method_name": null,
      "data_clump_type": "fields_to_fields_data_clump",
      "data_clump_data": {
        "_4VQGsGDeEDOV0MT2UGsXlA": {
          "key": "_4VQGsGDeEDOV0MT2UGsXlA",
          "name": "screenWidth",
          "type": null,
          "probability": 1,
          "modifiers": [
            "private"
          ],
          "to_variable": {
            "key": "_o_3e0GDjEDOjvt_0tW5vuA",
            "name": "screenWidth",
            "type": null,
            "modifiers": [
              "private"
            ],
            "position": {}
          },
          "position": {}
        },
        "_7T1-wGDeEDOV0MT2UGsXlA": {
          "key": "_7T1-wGDeEDOV0MT2UGsXlA",
          "name": "screenHeight",
          "type": null,
          "probability": 1,
          "modifiers": [
            "private"
          ],
          "to_variable": {
            "key": "_m9NDgGDjEDOjvt_0tW5vuA",
            "name": "screenHeight",
            "type": null,
            "modifiers": [
              "private"
            ],
            "position": {}
          },
          "position": {}
        },
        "_L8qyMGDfEDOV0MT2UGsXlA": {
          "key": "_L8qyMGDfEDOV0MT2UGsXlA",
          "name": "assets",
          "type": null,
          "probability": 1,
          "modifiers": [
            "private"
          ],
          "to_variable": {
            "key": "_utaQcGDjEDOjvt_0tW5vuA",
            "name": "assets",
            "type": null,
            "modifiers": [
              "private"
            ],
            "position": {}
          },
          "position": {}
        }
      }
    },
    "fields_to_fields_data_clump-./StartNewGameWindow-_jN-yAGDeEDOV0MT2UGsXlA-_wEaGUGDoEDO4qrIRPThvWw-screenWidthscreenHeightstartGameassets": {
      "type": "data_clump",
      "key": "fields_to_fields_data_clump-./StartNewGameWindow-_jN-yAGDeEDOV0MT2UGsXlA-_wEaGUGDoEDO4qrIRPThvWw-screenWidthscreenHeightstartGameassets",
      "probability": 1,
      "from_file_path": "./StartNewGameWindow",
      "from_class_or_interface_name": "StartNewGameWindow",
      "from_class_or_interface_key": "_jN-yAGDeEDOV0MT2UGsXlA",
      "from_method_name": null,
      "from_method_key": null,
      "to_file_path": "./SetUpBoardWindow",
      "to_class_or_interface_key": "_wEaGUGDoEDO4qrIRPThvWw",
      "to_class_or_interface_name": "StartNewGameWindow",
      "to_method_key": null,
      "to_method_name": null,
      "data_clump_type": "fields_to_fields_data_clump",
      "data_clump_data": {
        "_4VQGsGDeEDOV0MT2UGsXlA": {
          "key": "_4VQGsGDeEDOV0MT2UGsXlA",
          "name": "screenWidth",
          "type": null,
          "probability": 1,
          "modifiers": [
            "private"
          ],
          "to_variable": {
            "key": "_44xe8GDoEDO4qrIRPThvWw",
            "name": "screenWidth",
            "type": null,
            "modifiers": [
              "private"
            ],
            "position": {}
          },
          "position": {}
        },
        "_7T1-wGDeEDOV0MT2UGsXlA": {
          "key": "_7T1-wGDeEDOV0MT2UGsXlA",
          "name": "screenHeight",
          "type": null,
          "probability": 1,
          "modifiers": [
            "private"
          ],
          "to_variable": {
            "key": "_7GUUkGDoEDO4qrIRPThvWw",
            "name": "screenHeight",
            "type": null,
            "modifiers": [
              "private"
            ],
            "position": {}
          },
          "position": {}
        },
        "__9hfoGDeEDOV0MT2UGsXlA": {
          "key": "__9hfoGDeEDOV0MT2UGsXlA",
          "name": "startGame",
          "type": null,
          "probability": 1,
          "modifiers": [
            "private"
          ],
          "to_variable": {
            "key": "_-cC6QGDoEDO4qrIRPThvWw",
            "name": "startGame",
            "type": null,
            "modifiers": [
              "private"
            ],
            "position": {}
          },
          "position": {}
        },
        "_L8qyMGDfEDOV0MT2UGsXlA": {
          "key": "_L8qyMGDfEDOV0MT2UGsXlA",
          "name": "assets",
          "type": null,
          "probability": 1,
          "modifiers": [
            "private"
          ],
          "to_variable": {
            "key": "_MTi1kGDpEDO4qrIRPThvWw",
            "name": "assets",
            "type": null,
            "modifiers": [
              "private"
            ],
            "position": {}
          },
          "position": {}
        }
      }
    }
  }
}