{
  "report_version": "unknown",
  "report_timestamp": "2025-03-26T23:07:36.743Z",
  "target_language": "java",
  "report_summary": {
    "additional": null,
    "amount_classes_or_interfaces_with_data_clumps": 2,
    "amount_files_with_data_clumps": 2,
    "amount_methods_with_data_clumps": 0,
    "fields_to_fields_data_clump": 2,
    "parameters_to_fields_data_clump": 0,
    "parameters_to_parameters_data_clump": 0,
    "amount_data_clumps": 2
  },
  "project_info": {
    "project_url": "unknown_project_url",
    "project_name": "_32lhgCl1EDGc8uIrV7ExpQ",
    "project_version": "unknown_project_version",
    "project_commit_hash": "unknown",
    "project_tag": null,
    "project_commit_date": null,
    "additional": {},
    "number_of_files": 7,
    "number_of_classes_or_interfaces": 7,
    "number_of_methods": 0,
    "number_of_data_fields": 18,
    "number_of_method_parameters": 0
  },
  "detector": {
    "name": "data-clumps-doctor",
    "url": "https://github.com/NilsBaumgartner1994/data-clumps-doctor",
    "version": "0.1.100",
    "options": {
      "typeVariablesConsidered": false,
      "similarityModifierOfVariablesWithUnknownType": 0,
      "fieldsOfClassesWithUnknownHierarchyProbabilityModifier": 0,
      "sharedFieldsToFieldsAmountMinimum": 3,
      "analyseFieldsInClassesOrInterfacesInheritedFromSuperClassesOrInterfaces": false,
      "sharedParametersToParametersAmountMinimum": 3,
      "sharedParametersToFieldsAmountMinimum": 3,
      "methodsOfClassesOrInterfacesWithUnknownHierarchyProbabilityModifier": 0
    }
  },
  "data_clumps": {
    "fields_to_fields_data_clump-./Lots-_PGVU4CmSEDGwb7raG9Mifg-_WoSf4CmREDGwb7raG9Mifg-QuantityCostBasisTotalValue": {
      "type": "data_clump",
      "key": "fields_to_fields_data_clump-./Lots-_PGVU4CmSEDGwb7raG9Mifg-_WoSf4CmREDGwb7raG9Mifg-QuantityCostBasisTotalValue",
      "probability": 1,
      "from_file_path": "./Lots",
      "from_class_or_interface_name": "Lots",
      "from_class_or_interface_key": "_PGVU4CmSEDGwb7raG9Mifg",
      "from_method_name": null,
      "from_method_key": null,
      "to_file_path": "./Positions",
      "to_class_or_interface_key": "_WoSf4CmREDGwb7raG9Mifg",
      "to_class_or_interface_name": "Lots",
      "to_method_key": null,
      "to_method_name": null,
      "data_clump_type": "fields_to_fields_data_clump",
      "data_clump_data": {
        "_kOxRwCmTEDGwb7raG9Mifg": {
          "key": "_kOxRwCmTEDGwb7raG9Mifg",
          "name": "Quantity",
          "type": null,
          "probability": 1,
          "modifiers": [],
          "to_variable": {
            "key": "_b3NJ4CmTEDGwb7raG9Mifg",
            "name": "Quantity",
            "type": null,
            "modifiers": [],
            "position": {}
          },
          "position": {}
        },
        "_knR4YCmTEDGwb7raG9Mifg": {
          "key": "_knR4YCmTEDGwb7raG9Mifg",
          "name": "CostBasis",
          "type": null,
          "probability": 1,
          "modifiers": [],
          "to_variable": {
            "key": "_c6iPICmTEDGwb7raG9Mifg",
            "name": "CostBasis",
            "type": null,
            "modifiers": [],
            "position": {}
          },
          "position": {}
        },
        "_k_PscCmTEDGwb7raG9Mifg": {
          "key": "_k_PscCmTEDGwb7raG9Mifg",
          "name": "TotalValue",
          "type": null,
          "probability": 1,
          "modifiers": [],
          "to_variable": {
            "key": "_g-OuECmTEDGwb7raG9Mifg",
            "name": "TotalValue",
            "type": null,
            "modifiers": [],
            "position": {}
          },
          "position": {}
        }
      }
    },
    "fields_to_fields_data_clump-./Positions-_WoSf4CmREDGwb7raG9Mifg-_PGVU4CmSEDGwb7raG9Mifg-QuantityCostBasisTotalValue": {
      "type": "data_clump",
      "key": "fields_to_fields_data_clump-./Positions-_WoSf4CmREDGwb7raG9Mifg-_PGVU4CmSEDGwb7raG9Mifg-QuantityCostBasisTotalValue",
      "probability": 1,
      "from_file_path": "./Positions",
      "from_class_or_interface_name": "Positions",
      "from_class_or_interface_key": "_WoSf4CmREDGwb7raG9Mifg",
      "from_method_name": null,
      "from_method_key": null,
      "to_file_path": "./Lots",
      "to_class_or_interface_key": "_PGVU4CmSEDGwb7raG9Mifg",
      "to_class_or_interface_name": "Positions",
      "to_method_key": null,
      "to_method_name": null,
      "data_clump_type": "fields_to_fields_data_clump",
      "data_clump_data": {
        "_b3NJ4CmTEDGwb7raG9Mifg": {
          "key": "_b3NJ4CmTEDGwb7raG9Mifg",
          "name": "Quantity",
          "type": null,
          "probability": 1,
          "modifiers": [],
          "to_variable": {
            "key": "_kOxRwCmTEDGwb7raG9Mifg",
            "name": "Quantity",
            "type": null,
            "modifiers": [],
            "position": {}
          },
          "position": {}
        },
        "_c6iPICmTEDGwb7raG9Mifg": {
          "key": "_c6iPICmTEDGwb7raG9Mifg",
          "name": "CostBasis",
          "type": null,
          "probability": 1,
          "modifiers": [],
          "to_variable": {
            "key": "_knR4YCmTEDGwb7raG9Mifg",
            "name": "CostBasis",
            "type": null,
            "modifiers": [],
            "position": {}
          },
          "position": {}
        },
        "_g-OuECmTEDGwb7raG9Mifg": {
          "key": "_g-OuECmTEDGwb7raG9Mifg",
          "name": "TotalValue",
          "type": null,
          "probability": 1,
          "modifiers": [],
          "to_variable": {
            "key": "_k_PscCmTEDGwb7raG9Mifg",
            "name": "TotalValue",
            "type": null,
            "modifiers": [],
            "position": {}
          },
          "position": {}
        }
      }
    }
  }
}