{
  "report_version": "unknown",
  "report_timestamp": "2025-03-26T23:08:22.284Z",
  "target_language": "java",
  "report_summary": {
    "additional": null,
    "amount_classes_or_interfaces_with_data_clumps": 3,
    "amount_files_with_data_clumps": 3,
    "amount_methods_with_data_clumps": 3,
    "fields_to_fields_data_clump": 0,
    "parameters_to_fields_data_clump": 1,
    "parameters_to_parameters_data_clump": 2,
    "amount_data_clumps": 3
  },
  "project_info": {
    "project_url": "unknown_project_url",
    "project_name": "_UqhMcGspEeSmTqqtE6wM_Q",
    "project_version": "unknown_project_version",
    "project_commit_hash": "unknown",
    "project_tag": null,
    "project_commit_date": null,
    "additional": {},
    "number_of_files": 13,
    "number_of_classes_or_interfaces": 13,
    "number_of_methods": 46,
    "number_of_data_fields": 18,
    "number_of_method_parameters": 35
  },
  "detector": {
    "name": "data-clumps-doctor",
    "url": "https://github.com/NilsBaumgartner1994/data-clumps-doctor",
    "version": "0.1.100",
    "options": {
      "typeVariablesConsidered": false,
      "similarityModifierOfVariablesWithUnknownType": 0,
      "fieldsOfClassesWithUnknownHierarchyProbabilityModifier": 0,
      "sharedFieldsToFieldsAmountMinimum": 3,
      "analyseFieldsInClassesOrInterfacesInheritedFromSuperClassesOrInterfaces": false,
      "sharedParametersToParametersAmountMinimum": 3,
      "sharedParametersToFieldsAmountMinimum": 3,
      "methodsOfClassesOrInterfacesWithUnknownHierarchyProbabilityModifier": 0
    }
  },
  "data_clumps": {
    "parameters_to_fields_data_clump-./Event-_Hg5awE1cEDKw4tpFa9D7-Q-_16eWoE1bEDKw4tpFa9D7-Q-daymonthcolor": {
      "type": "data_clump",
      "key": "parameters_to_fields_data_clump-./Event-_Hg5awE1cEDKw4tpFa9D7-Q-_16eWoE1bEDKw4tpFa9D7-Q-daymonthcolor",
      "probability": 1,
      "from_file_path": "./Event",
      "from_class_or_interface_name": "Event",
      "from_class_or_interface_key": "_16eWoE1bEDKw4tpFa9D7-Q",
      "from_method_name": "Event",
      "from_method_key": "_Hg5awE1cEDKw4tpFa9D7-Q",
      "to_file_path": "./Event",
      "to_class_or_interface_name": "Event",
      "to_class_or_interface_key": "_16eWoE1bEDKw4tpFa9D7-Q",
      "to_method_name": null,
      "to_method_key": null,
      "data_clump_type": "parameters_to_fields_data_clump",
      "data_clump_data": {
        "_w1YPoE1cEDKw4tpFa9D7-Q": {
          "key": "_w1YPoE1cEDKw4tpFa9D7-Q",
          "name": "day",
          "type": null,
          "probability": 1,
          "modifiers": [],
          "to_variable": {
            "key": "_6tDU0E1bEDKw4tpFa9D7-Q",
            "name": "day",
            "type": null,
            "modifiers": [
              "private"
            ],
            "position": {}
          },
          "position": {}
        },
        "_w1-skE1cEDKw4tpFa9D7-Q": {
          "key": "_w1-skE1cEDKw4tpFa9D7-Q",
          "name": "month",
          "type": null,
          "probability": 1,
          "modifiers": [],
          "to_variable": {
            "key": "_6UAisE1bEDKw4tpFa9D7-Q",
            "name": "month",
            "type": null,
            "modifiers": [
              "private"
            ],
            "position": {}
          },
          "position": {}
        },
        "_w4kGgE1cEDKw4tpFa9D7-Q": {
          "key": "_w4kGgE1cEDKw4tpFa9D7-Q",
          "name": "color",
          "type": null,
          "probability": 1,
          "modifiers": [],
          "to_variable": {
            "key": "_7EYPsE1bEDKw4tpFa9D7-Q",
            "name": "color",
            "type": null,
            "modifiers": [
              "private"
            ],
            "position": {}
          },
          "position": {}
        }
      }
    },
    "parameters_to_parameters_data_clump-./Meeting-_IgMnsU10EDKWVs66HK84NQ-_dDklIk10EDKWVs66HK84NQ-eparameter2parameter3parameter4parameter5": {
      "type": "data_clump",
      "key": "parameters_to_parameters_data_clump-./Meeting-_IgMnsU10EDKWVs66HK84NQ-_dDklIk10EDKWVs66HK84NQ-eparameter2parameter3parameter4parameter5",
      "probability": 1,
      "from_file_path": "./Meeting",
      "from_class_or_interface_name": "Meeting",
      "from_class_or_interface_key": "_EMtZQE10EDKWVs66HK84NQ",
      "from_method_name": "Meeting",
      "from_method_key": "_IgMnsU10EDKWVs66HK84NQ",
      "to_file_path": "./Task",
      "to_class_or_interface_name": "Task",
      "to_class_or_interface_key": "_dDklIE10EDKWVs66HK84NQ",
      "to_method_name": "Meeting",
      "to_method_key": "_dDklIk10EDKWVs66HK84NQ",
      "data_clump_type": "parameters_to_parameters_data_clump",
      "data_clump_data": {
        "_JUVaYE10EDKWVs66HK84NQ": {
          "key": "_JUVaYE10EDKWVs66HK84NQ",
          "name": "e",
          "type": null,
          "probability": 1,
          "modifiers": [],
          "to_variable": {
            "key": "_dDklJE10EDKWVs66HK84NQ",
            "name": "e",
            "type": null,
            "modifiers": [],
            "position": {}
          },
          "position": {}
        },
        "_JWJYQE10EDKWVs66HK84NQ": {
          "key": "_JWJYQE10EDKWVs66HK84NQ",
          "name": "parameter2",
          "type": null,
          "probability": 1,
          "modifiers": [],
          "to_variable": {
            "key": "_dDklJU10EDKWVs66HK84NQ",
            "name": "parameter2",
            "type": null,
            "modifiers": [],
            "position": {}
          },
          "position": {}
        },
        "_JYRfME10EDKWVs66HK84NQ": {
          "key": "_JYRfME10EDKWVs66HK84NQ",
          "name": "parameter3",
          "type": null,
          "probability": 1,
          "modifiers": [],
          "to_variable": {
            "key": "_dDklJk10EDKWVs66HK84NQ",
            "name": "parameter3",
            "type": null,
            "modifiers": [],
            "position": {}
          },
          "position": {}
        },
        "_JaRqUE10EDKWVs66HK84NQ": {
          "key": "_JaRqUE10EDKWVs66HK84NQ",
          "name": "parameter4",
          "type": null,
          "probability": 1,
          "modifiers": [],
          "to_variable": {
            "key": "_dDklJ010EDKWVs66HK84NQ",
            "name": "parameter4",
            "type": null,
            "modifiers": [],
            "position": {}
          },
          "position": {}
        },
        "_JdG74E10EDKWVs66HK84NQ": {
          "key": "_JdG74E10EDKWVs66HK84NQ",
          "name": "parameter5",
          "type": null,
          "probability": 1,
          "modifiers": [],
          "to_variable": {
            "key": "_dDklKE10EDKWVs66HK84NQ",
            "name": "parameter5",
            "type": null,
            "modifiers": [],
            "position": {}
          },
          "position": {}
        }
      }
    },
    "parameters_to_parameters_data_clump-./Task-_dDklIk10EDKWVs66HK84NQ-_IgMnsU10EDKWVs66HK84NQ-eparameter2parameter3parameter4parameter5": {
      "type": "data_clump",
      "key": "parameters_to_parameters_data_clump-./Task-_dDklIk10EDKWVs66HK84NQ-_IgMnsU10EDKWVs66HK84NQ-eparameter2parameter3parameter4parameter5",
      "probability": 1,
      "from_file_path": "./Task",
      "from_class_or_interface_name": "Task",
      "from_class_or_interface_key": "_dDklIE10EDKWVs66HK84NQ",
      "from_method_name": "Meeting",
      "from_method_key": "_dDklIk10EDKWVs66HK84NQ",
      "to_file_path": "./Meeting",
      "to_class_or_interface_name": "Meeting",
      "to_class_or_interface_key": "_EMtZQE10EDKWVs66HK84NQ",
      "to_method_name": "Meeting",
      "to_method_key": "_IgMnsU10EDKWVs66HK84NQ",
      "data_clump_type": "parameters_to_parameters_data_clump",
      "data_clump_data": {
        "_dDklJE10EDKWVs66HK84NQ": {
          "key": "_dDklJE10EDKWVs66HK84NQ",
          "name": "e",
          "type": null,
          "probability": 1,
          "modifiers": [],
          "to_variable": {
            "key": "_JUVaYE10EDKWVs66HK84NQ",
            "name": "e",
            "type": null,
            "modifiers": [],
            "position": {}
          },
          "position": {}
        },
        "_dDklJU10EDKWVs66HK84NQ": {
          "key": "_dDklJU10EDKWVs66HK84NQ",
          "name": "parameter2",
          "type": null,
          "probability": 1,
          "modifiers": [],
          "to_variable": {
            "key": "_JWJYQE10EDKWVs66HK84NQ",
            "name": "parameter2",
            "type": null,
            "modifiers": [],
            "position": {}
          },
          "position": {}
        },
        "_dDklJk10EDKWVs66HK84NQ": {
          "key": "_dDklJk10EDKWVs66HK84NQ",
          "name": "parameter3",
          "type": null,
          "probability": 1,
          "modifiers": [],
          "to_variable": {
            "key": "_JYRfME10EDKWVs66HK84NQ",
            "name": "parameter3",
            "type": null,
            "modifiers": [],
            "position": {}
          },
          "position": {}
        },
        "_dDklJ010EDKWVs66HK84NQ": {
          "key": "_dDklJ010EDKWVs66HK84NQ",
          "name": "parameter4",
          "type": null,
          "probability": 1,
          "modifiers": [],
          "to_variable": {
            "key": "_JaRqUE10EDKWVs66HK84NQ",
            "name": "parameter4",
            "type": null,
            "modifiers": [],
            "position": {}
          },
          "position": {}
        },
        "_dDklKE10EDKWVs66HK84NQ": {
          "key": "_dDklKE10EDKWVs66HK84NQ",
          "name": "parameter5",
          "type": null,
          "probability": 1,
          "modifiers": [],
          "to_variable": {
            "key": "_JdG74E10EDKWVs66HK84NQ",
            "name": "parameter5",
            "type": null,
            "modifiers": [],
            "position": {}
          },
          "position": {}
        }
      }
    }
  }
}