{
  "report_version": "unknown",
  "report_timestamp": "2025-03-26T23:07:47.941Z",
  "target_language": "java",
  "report_summary": {
    "additional": null,
    "amount_classes_or_interfaces_with_data_clumps": 3,
    "amount_files_with_data_clumps": 3,
    "amount_methods_with_data_clumps": 0,
    "fields_to_fields_data_clump": 4,
    "parameters_to_fields_data_clump": 0,
    "parameters_to_parameters_data_clump": 0,
    "amount_data_clumps": 4
  },
  "project_info": {
    "project_url": "unknown_project_url",
    "project_name": "d3d5d84b-b2b1-4fbb-b823-fd590af229ee",
    "project_version": "unknown_project_version",
    "project_commit_hash": "unknown",
    "project_tag": null,
    "project_commit_date": null,
    "additional": {},
    "number_of_files": 7,
    "number_of_classes_or_interfaces": 7,
    "number_of_methods": 0,
    "number_of_data_fields": 36,
    "number_of_method_parameters": 0
  },
  "detector": {
    "name": "data-clumps-doctor",
    "url": "https://github.com/NilsBaumgartner1994/data-clumps-doctor",
    "version": "0.1.100",
    "options": {
      "typeVariablesConsidered": false,
      "similarityModifierOfVariablesWithUnknownType": 0,
      "fieldsOfClassesWithUnknownHierarchyProbabilityModifier": 0,
      "sharedFieldsToFieldsAmountMinimum": 3,
      "analyseFieldsInClassesOrInterfacesInheritedFromSuperClassesOrInterfaces": false,
      "sharedParametersToParametersAmountMinimum": 3,
      "sharedParametersToFieldsAmountMinimum": 3,
      "methodsOfClassesOrInterfacesWithUnknownHierarchyProbabilityModifier": 0
    }
  },
  "data_clumps": {
    "fields_to_fields_data_clump-./Event-_cL_fEAfBEDWY99Q_xvxZKw-_h-7MYAfUEDWY99Q_xvxZKw-idnamecomments": {
      "type": "data_clump",
      "key": "fields_to_fields_data_clump-./Event-_cL_fEAfBEDWY99Q_xvxZKw-_h-7MYAfUEDWY99Q_xvxZKw-idnamecomments",
      "probability": 1,
      "from_file_path": "./Event",
      "from_class_or_interface_name": "Event",
      "from_class_or_interface_key": "_cL_fEAfBEDWY99Q_xvxZKw",
      "from_method_name": null,
      "from_method_key": null,
      "to_file_path": "./MeetingPlace",
      "to_class_or_interface_key": "_h-7MYAfUEDWY99Q_xvxZKw",
      "to_class_or_interface_name": "Event",
      "to_method_key": null,
      "to_method_name": null,
      "data_clump_type": "fields_to_fields_data_clump",
      "data_clump_data": {
        "_93heMAfEEDWJyN6L8J06Gg": {
          "key": "_93heMAfEEDWJyN6L8J06Gg",
          "name": "id",
          "type": null,
          "probability": 1,
          "modifiers": [
            "private"
          ],
          "to_variable": {
            "key": "_jtSysAfUEDWY99Q_xvxZKw",
            "name": "id",
            "type": null,
            "modifiers": [
              "private"
            ],
            "position": {}
          },
          "position": {}
        },
        "_R4w-8AfFEDWJyN6L8J06Gg": {
          "key": "_R4w-8AfFEDWJyN6L8J06Gg",
          "name": "name",
          "type": null,
          "probability": 1,
          "modifiers": [
            "private"
          ],
          "to_variable": {
            "key": "_ic8vsAfVEDWY99Q_xvxZKw",
            "name": "name",
            "type": null,
            "modifiers": [
              "private"
            ],
            "position": {}
          },
          "position": {}
        },
        "_OfN5kAnQEDWD4dSa58piYg": {
          "key": "_OfN5kAnQEDWD4dSa58piYg",
          "name": "comments",
          "type": null,
          "probability": 1,
          "modifiers": [
            "private"
          ],
          "to_variable": {
            "key": "_L2_TEAnQEDWD4dSa58piYg",
            "name": "comments",
            "type": null,
            "modifiers": [
              "private"
            ],
            "position": {}
          },
          "position": {}
        }
      }
    },
    "fields_to_fields_data_clump-./EventOrganiser-_StL2sAiPEDWH9pGUkJP72A-_h-7MYAfUEDWY99Q_xvxZKw-idnameactivated": {
      "type": "data_clump",
      "key": "fields_to_fields_data_clump-./EventOrganiser-_StL2sAiPEDWH9pGUkJP72A-_h-7MYAfUEDWY99Q_xvxZKw-idnameactivated",
      "probability": 1,
      "from_file_path": "./EventOrganiser",
      "from_class_or_interface_name": "EventOrganiser",
      "from_class_or_interface_key": "_StL2sAiPEDWH9pGUkJP72A",
      "from_method_name": null,
      "from_method_key": null,
      "to_file_path": "./MeetingPlace",
      "to_class_or_interface_key": "_h-7MYAfUEDWY99Q_xvxZKw",
      "to_class_or_interface_name": "EventOrganiser",
      "to_method_key": null,
      "to_method_name": null,
      "data_clump_type": "fields_to_fields_data_clump",
      "data_clump_data": {
        "_Uct6oAiPEDWH9pGUkJP72A": {
          "key": "_Uct6oAiPEDWH9pGUkJP72A",
          "name": "id",
          "type": null,
          "probability": 1,
          "modifiers": [
            "private"
          ],
          "to_variable": {
            "key": "_jtSysAfUEDWY99Q_xvxZKw",
            "name": "id",
            "type": null,
            "modifiers": [
              "private"
            ],
            "position": {}
          },
          "position": {}
        },
        "_VwE_8AiPEDWH9pGUkJP72A": {
          "key": "_VwE_8AiPEDWH9pGUkJP72A",
          "name": "name",
          "type": null,
          "probability": 1,
          "modifiers": [
            "private"
          ],
          "to_variable": {
            "key": "_ic8vsAfVEDWY99Q_xvxZKw",
            "name": "name",
            "type": null,
            "modifiers": [
              "private"
            ],
            "position": {}
          },
          "position": {}
        },
        "_doAlgAiPEDWH9pGUkJP72A": {
          "key": "_doAlgAiPEDWH9pGUkJP72A",
          "name": "activated",
          "type": null,
          "probability": 1,
          "modifiers": [
            "private"
          ],
          "to_variable": {
            "key": "_0pNa0AiQEDWH9pGUkJP72A",
            "name": "activated",
            "type": null,
            "modifiers": [
              "private"
            ],
            "position": {}
          },
          "position": {}
        }
      }
    },
    "fields_to_fields_data_clump-./MeetingPlace-_h-7MYAfUEDWY99Q_xvxZKw-_cL_fEAfBEDWY99Q_xvxZKw-idnamecomments": {
      "type": "data_clump",
      "key": "fields_to_fields_data_clump-./MeetingPlace-_h-7MYAfUEDWY99Q_xvxZKw-_cL_fEAfBEDWY99Q_xvxZKw-idnamecomments",
      "probability": 1,
      "from_file_path": "./MeetingPlace",
      "from_class_or_interface_name": "MeetingPlace",
      "from_class_or_interface_key": "_h-7MYAfUEDWY99Q_xvxZKw",
      "from_method_name": null,
      "from_method_key": null,
      "to_file_path": "./Event",
      "to_class_or_interface_key": "_cL_fEAfBEDWY99Q_xvxZKw",
      "to_class_or_interface_name": "MeetingPlace",
      "to_method_key": null,
      "to_method_name": null,
      "data_clump_type": "fields_to_fields_data_clump",
      "data_clump_data": {
        "_jtSysAfUEDWY99Q_xvxZKw": {
          "key": "_jtSysAfUEDWY99Q_xvxZKw",
          "name": "id",
          "type": null,
          "probability": 1,
          "modifiers": [
            "private"
          ],
          "to_variable": {
            "key": "_93heMAfEEDWJyN6L8J06Gg",
            "name": "id",
            "type": null,
            "modifiers": [
              "private"
            ],
            "position": {}
          },
          "position": {}
        },
        "_ic8vsAfVEDWY99Q_xvxZKw": {
          "key": "_ic8vsAfVEDWY99Q_xvxZKw",
          "name": "name",
          "type": null,
          "probability": 1,
          "modifiers": [
            "private"
          ],
          "to_variable": {
            "key": "_R4w-8AfFEDWJyN6L8J06Gg",
            "name": "name",
            "type": null,
            "modifiers": [
              "private"
            ],
            "position": {}
          },
          "position": {}
        },
        "_L2_TEAnQEDWD4dSa58piYg": {
          "key": "_L2_TEAnQEDWD4dSa58piYg",
          "name": "comments",
          "type": null,
          "probability": 1,
          "modifiers": [
            "private"
          ],
          "to_variable": {
            "key": "_OfN5kAnQEDWD4dSa58piYg",
            "name": "comments",
            "type": null,
            "modifiers": [
              "private"
            ],
            "position": {}
          },
          "position": {}
        }
      }
    },
    "fields_to_fields_data_clump-./MeetingPlace-_h-7MYAfUEDWY99Q_xvxZKw-_StL2sAiPEDWH9pGUkJP72A-idnameactivated": {
      "type": "data_clump",
      "key": "fields_to_fields_data_clump-./MeetingPlace-_h-7MYAfUEDWY99Q_xvxZKw-_StL2sAiPEDWH9pGUkJP72A-idnameactivated",
      "probability": 1,
      "from_file_path": "./MeetingPlace",
      "from_class_or_interface_name": "MeetingPlace",
      "from_class_or_interface_key": "_h-7MYAfUEDWY99Q_xvxZKw",
      "from_method_name": null,
      "from_method_key": null,
      "to_file_path": "./EventOrganiser",
      "to_class_or_interface_key": "_StL2sAiPEDWH9pGUkJP72A",
      "to_class_or_interface_name": "MeetingPlace",
      "to_method_key": null,
      "to_method_name": null,
      "data_clump_type": "fields_to_fields_data_clump",
      "data_clump_data": {
        "_jtSysAfUEDWY99Q_xvxZKw": {
          "key": "_jtSysAfUEDWY99Q_xvxZKw",
          "name": "id",
          "type": null,
          "probability": 1,
          "modifiers": [
            "private"
          ],
          "to_variable": {
            "key": "_Uct6oAiPEDWH9pGUkJP72A",
            "name": "id",
            "type": null,
            "modifiers": [
              "private"
            ],
            "position": {}
          },
          "position": {}
        },
        "_ic8vsAfVEDWY99Q_xvxZKw": {
          "key": "_ic8vsAfVEDWY99Q_xvxZKw",
          "name": "name",
          "type": null,
          "probability": 1,
          "modifiers": [
            "private"
          ],
          "to_variable": {
            "key": "_VwE_8AiPEDWH9pGUkJP72A",
            "name": "name",
            "type": null,
            "modifiers": [
              "private"
            ],
            "position": {}
          },
          "position": {}
        },
        "_0pNa0AiQEDWH9pGUkJP72A": {
          "key": "_0pNa0AiQEDWH9pGUkJP72A",
          "name": "activated",
          "type": null,
          "probability": 1,
          "modifiers": [
            "private"
          ],
          "to_variable": {
            "key": "_doAlgAiPEDWH9pGUkJP72A",
            "name": "activated",
            "type": null,
            "modifiers": [
              "private"
            ],
            "position": {}
          },
          "position": {}
        }
      }
    }
  }
}