{
  "report_version": "unknown",
  "report_timestamp": "2025-03-26T22:54:05.089Z",
  "target_language": "java",
  "report_summary": {
    "additional": null,
    "amount_classes_or_interfaces_with_data_clumps": 2,
    "amount_files_with_data_clumps": 2,
    "amount_methods_with_data_clumps": 0,
    "fields_to_fields_data_clump": 2,
    "parameters_to_fields_data_clump": 0,
    "parameters_to_parameters_data_clump": 0,
    "amount_data_clumps": 2
  },
  "project_info": {
    "project_url": "unknown_project_url",
    "project_name": "3d73cefd-7172-4eb1-bb64-e1953c20802c",
    "project_version": "unknown_project_version",
    "project_commit_hash": "unknown",
    "project_tag": null,
    "project_commit_date": null,
    "additional": {},
    "number_of_files": 6,
    "number_of_classes_or_interfaces": 6,
    "number_of_methods": 4,
    "number_of_data_fields": 20,
    "number_of_method_parameters": 0
  },
  "detector": {
    "name": "data-clumps-doctor",
    "url": "https://github.com/NilsBaumgartner1994/data-clumps-doctor",
    "version": "0.1.100",
    "options": {
      "typeVariablesConsidered": false,
      "similarityModifierOfVariablesWithUnknownType": 0,
      "fieldsOfClassesWithUnknownHierarchyProbabilityModifier": 0,
      "sharedFieldsToFieldsAmountMinimum": 3,
      "analyseFieldsInClassesOrInterfacesInheritedFromSuperClassesOrInterfaces": false,
      "sharedParametersToParametersAmountMinimum": 3,
      "sharedParametersToFieldsAmountMinimum": 3,
      "methodsOfClassesOrInterfacesWithUnknownHierarchyProbabilityModifier": 0
    }
  },
  "data_clumps": {
    "fields_to_fields_data_clump-./OrderDefects-_wrykcI35EDSBXaUJBw4WnA-_6rY2kI34EDSBXaUJBw4WnA-idsizestockIdorderId": {
      "type": "data_clump",
      "key": "fields_to_fields_data_clump-./OrderDefects-_wrykcI35EDSBXaUJBw4WnA-_6rY2kI34EDSBXaUJBw4WnA-idsizestockIdorderId",
      "probability": 1,
      "from_file_path": "./OrderDefects",
      "from_class_or_interface_name": "OrderDefects",
      "from_class_or_interface_key": "_wrykcI35EDSBXaUJBw4WnA",
      "from_method_name": null,
      "from_method_key": null,
      "to_file_path": "./OrderDetails",
      "to_class_or_interface_key": "_6rY2kI34EDSBXaUJBw4WnA",
      "to_class_or_interface_name": "OrderDefects",
      "to_method_key": null,
      "to_method_name": null,
      "data_clump_type": "fields_to_fields_data_clump",
      "data_clump_data": {
        "_yazD8I35EDSBXaUJBw4WnA": {
          "key": "_yazD8I35EDSBXaUJBw4WnA",
          "name": "id",
          "type": null,
          "probability": 1,
          "modifiers": [
            "public"
          ],
          "to_variable": {
            "key": "_-EOaoI34EDSBXaUJBw4WnA",
            "name": "id",
            "type": null,
            "modifiers": [
              "public"
            ],
            "position": {}
          },
          "position": {}
        },
        "_zqOEcI35EDSBXaUJBw4WnA": {
          "key": "_zqOEcI35EDSBXaUJBw4WnA",
          "name": "size",
          "type": null,
          "probability": 1,
          "modifiers": [
            "public"
          ],
          "to_variable": {
            "key": "_A5sL4I35EDSBXaUJBw4WnA",
            "name": "size",
            "type": null,
            "modifiers": [
              "public"
            ],
            "position": {}
          },
          "position": {}
        },
        "_1Bk48I35EDSBXaUJBw4WnA": {
          "key": "_1Bk48I35EDSBXaUJBw4WnA",
          "name": "stockId",
          "type": null,
          "probability": 1,
          "modifiers": [
            "public"
          ],
          "to_variable": {
            "key": "_Cb_FEI35EDSBXaUJBw4WnA",
            "name": "stockId",
            "type": null,
            "modifiers": [
              "public"
            ],
            "position": {}
          },
          "position": {}
        },
        "_3BY0kI35EDSBXaUJBw4WnA": {
          "key": "_3BY0kI35EDSBXaUJBw4WnA",
          "name": "orderId",
          "type": null,
          "probability": 1,
          "modifiers": [
            "public"
          ],
          "to_variable": {
            "key": "_FHawkI35EDSBXaUJBw4WnA",
            "name": "orderId",
            "type": null,
            "modifiers": [
              "public"
            ],
            "position": {}
          },
          "position": {}
        }
      }
    },
    "fields_to_fields_data_clump-./OrderDetails-_6rY2kI34EDSBXaUJBw4WnA-_wrykcI35EDSBXaUJBw4WnA-idsizestockIdorderId": {
      "type": "data_clump",
      "key": "fields_to_fields_data_clump-./OrderDetails-_6rY2kI34EDSBXaUJBw4WnA-_wrykcI35EDSBXaUJBw4WnA-idsizestockIdorderId",
      "probability": 1,
      "from_file_path": "./OrderDetails",
      "from_class_or_interface_name": "OrderDetails",
      "from_class_or_interface_key": "_6rY2kI34EDSBXaUJBw4WnA",
      "from_method_name": null,
      "from_method_key": null,
      "to_file_path": "./OrderDefects",
      "to_class_or_interface_key": "_wrykcI35EDSBXaUJBw4WnA",
      "to_class_or_interface_name": "OrderDetails",
      "to_method_key": null,
      "to_method_name": null,
      "data_clump_type": "fields_to_fields_data_clump",
      "data_clump_data": {
        "_-EOaoI34EDSBXaUJBw4WnA": {
          "key": "_-EOaoI34EDSBXaUJBw4WnA",
          "name": "id",
          "type": null,
          "probability": 1,
          "modifiers": [
            "public"
          ],
          "to_variable": {
            "key": "_yazD8I35EDSBXaUJBw4WnA",
            "name": "id",
            "type": null,
            "modifiers": [
              "public"
            ],
            "position": {}
          },
          "position": {}
        },
        "_A5sL4I35EDSBXaUJBw4WnA": {
          "key": "_A5sL4I35EDSBXaUJBw4WnA",
          "name": "size",
          "type": null,
          "probability": 1,
          "modifiers": [
            "public"
          ],
          "to_variable": {
            "key": "_zqOEcI35EDSBXaUJBw4WnA",
            "name": "size",
            "type": null,
            "modifiers": [
              "public"
            ],
            "position": {}
          },
          "position": {}
        },
        "_Cb_FEI35EDSBXaUJBw4WnA": {
          "key": "_Cb_FEI35EDSBXaUJBw4WnA",
          "name": "stockId",
          "type": null,
          "probability": 1,
          "modifiers": [
            "public"
          ],
          "to_variable": {
            "key": "_1Bk48I35EDSBXaUJBw4WnA",
            "name": "stockId",
            "type": null,
            "modifiers": [
              "public"
            ],
            "position": {}
          },
          "position": {}
        },
        "_FHawkI35EDSBXaUJBw4WnA": {
          "key": "_FHawkI35EDSBXaUJBw4WnA",
          "name": "orderId",
          "type": null,
          "probability": 1,
          "modifiers": [
            "public"
          ],
          "to_variable": {
            "key": "_3BY0kI35EDSBXaUJBw4WnA",
            "name": "orderId",
            "type": null,
            "modifiers": [
              "public"
            ],
            "position": {}
          },
          "position": {}
        }
      }
    }
  }
}