{
  "report_version": "unknown",
  "report_timestamp": "2025-03-26T22:42:01.022Z",
  "target_language": "java",
  "report_summary": {
    "additional": null,
    "amount_classes_or_interfaces_with_data_clumps": 1,
    "amount_files_with_data_clumps": 1,
    "amount_methods_with_data_clumps": 3,
    "fields_to_fields_data_clump": 0,
    "parameters_to_fields_data_clump": 2,
    "parameters_to_parameters_data_clump": 2,
    "amount_data_clumps": 4
  },
  "project_info": {
    "project_url": "unknown_project_url",
    "project_name": "_btNsAB_pEeeOINGRvT6ccg",
    "project_version": "unknown_project_version",
    "project_commit_hash": "unknown",
    "project_tag": null,
    "project_commit_date": null,
    "additional": {},
    "number_of_files": 7,
    "number_of_classes_or_interfaces": 7,
    "number_of_methods": 37,
    "number_of_data_fields": 16,
    "number_of_method_parameters": 26
  },
  "detector": {
    "name": "data-clumps-doctor",
    "url": "https://github.com/NilsBaumgartner1994/data-clumps-doctor",
    "version": "0.1.100",
    "options": {
      "typeVariablesConsidered": false,
      "similarityModifierOfVariablesWithUnknownType": 0,
      "fieldsOfClassesWithUnknownHierarchyProbabilityModifier": 0,
      "sharedFieldsToFieldsAmountMinimum": 3,
      "analyseFieldsInClassesOrInterfacesInheritedFromSuperClassesOrInterfaces": false,
      "sharedParametersToParametersAmountMinimum": 3,
      "sharedParametersToFieldsAmountMinimum": 3,
      "methodsOfClassesOrInterfacesWithUnknownHierarchyProbabilityModifier": 0
    }
  },
  "data_clumps": {
    "parameters_to_fields_data_clump-./Theater-_cBFDVR_pEeeQ9OVcE7dQjw-_cBFDQh_pEeeQ9OVcE7dQjw-numRowsseatsPerRowshow": {
      "type": "data_clump",
      "key": "parameters_to_fields_data_clump-./Theater-_cBFDVR_pEeeQ9OVcE7dQjw-_cBFDQh_pEeeQ9OVcE7dQjw-numRowsseatsPerRowshow",
      "probability": 1,
      "from_file_path": "./Theater",
      "from_class_or_interface_name": "Theater",
      "from_class_or_interface_key": "_cBFDQh_pEeeQ9OVcE7dQjw",
      "from_method_name": "Theater",
      "from_method_key": "_cBFDVR_pEeeQ9OVcE7dQjw",
      "to_file_path": "./Theater",
      "to_class_or_interface_name": "Theater",
      "to_class_or_interface_key": "_cBFDQh_pEeeQ9OVcE7dQjw",
      "to_method_name": null,
      "to_method_key": null,
      "data_clump_type": "parameters_to_fields_data_clump",
      "data_clump_data": {
        "_cBFDVh_pEeeQ9OVcE7dQjw": {
          "key": "_cBFDVh_pEeeQ9OVcE7dQjw",
          "name": "numRows",
          "type": null,
          "probability": 1,
          "modifiers": [],
          "to_variable": {
            "key": "_cBFDTx_pEeeQ9OVcE7dQjw",
            "name": "numRows",
            "type": null,
            "modifiers": [
              "private"
            ],
            "position": {}
          },
          "position": {}
        },
        "_cBFDWR_pEeeQ9OVcE7dQjw": {
          "key": "_cBFDWR_pEeeQ9OVcE7dQjw",
          "name": "seatsPerRow",
          "type": null,
          "probability": 1,
          "modifiers": [],
          "to_variable": {
            "key": "_cBFDUh_pEeeQ9OVcE7dQjw",
            "name": "seatsPerRow",
            "type": null,
            "modifiers": [
              "private"
            ],
            "position": {}
          },
          "position": {}
        },
        "_cBFDXB_pEeeQ9OVcE7dQjw": {
          "key": "_cBFDXB_pEeeQ9OVcE7dQjw",
          "name": "show",
          "type": null,
          "probability": 1,
          "modifiers": [],
          "to_variable": {
            "key": "_cBFDrh_pEeeQ9OVcE7dQjw",
            "name": "show",
            "type": null,
            "modifiers": [
              "private"
            ],
            "position": {}
          },
          "position": {}
        }
      }
    },
    "parameters_to_parameters_data_clump-./Theater-_cBFDYx_pEeeQ9OVcE7dQjw-_cBFqRR_pEeeQ9OVcE7dQjw-boxOfficeIdseatclient": {
      "type": "data_clump",
      "key": "parameters_to_parameters_data_clump-./Theater-_cBFDYx_pEeeQ9OVcE7dQjw-_cBFqRR_pEeeQ9OVcE7dQjw-boxOfficeIdseatclient",
      "probability": 1,
      "from_file_path": "./Theater",
      "from_class_or_interface_name": "Theater",
      "from_class_or_interface_key": "_cBFDQh_pEeeQ9OVcE7dQjw",
      "from_method_name": "printTicket",
      "from_method_key": "_cBFDYx_pEeeQ9OVcE7dQjw",
      "to_file_path": "./Theater",
      "to_class_or_interface_name": "Theater",
      "to_class_or_interface_key": "_cBFDQh_pEeeQ9OVcE7dQjw",
      "to_method_name": "Ticket",
      "to_method_key": "_cBFqRR_pEeeQ9OVcE7dQjw",
      "data_clump_type": "parameters_to_parameters_data_clump",
      "data_clump_data": {
        "_cBFDZx_pEeeQ9OVcE7dQjw": {
          "key": "_cBFDZx_pEeeQ9OVcE7dQjw",
          "name": "boxOfficeId",
          "type": null,
          "probability": 1,
          "modifiers": [],
          "to_variable": {
            "key": "_cBFqSR_pEeeQ9OVcE7dQjw",
            "name": "boxOfficeId",
            "type": null,
            "modifiers": [],
            "position": {}
          },
          "position": {}
        },
        "_cBFDah_pEeeQ9OVcE7dQjw": {
          "key": "_cBFDah_pEeeQ9OVcE7dQjw",
          "name": "seat",
          "type": null,
          "probability": 1,
          "modifiers": [],
          "to_variable": {
            "key": "_cBFqTB_pEeeQ9OVcE7dQjw",
            "name": "seat",
            "type": null,
            "modifiers": [],
            "position": {}
          },
          "position": {}
        },
        "_cBFDbR_pEeeQ9OVcE7dQjw": {
          "key": "_cBFDbR_pEeeQ9OVcE7dQjw",
          "name": "client",
          "type": null,
          "probability": 1,
          "modifiers": [],
          "to_variable": {
            "key": "_cBFqTx_pEeeQ9OVcE7dQjw",
            "name": "client",
            "type": null,
            "modifiers": [],
            "position": {}
          },
          "position": {}
        }
      }
    },
    "parameters_to_parameters_data_clump-./Theater-_cBFqRR_pEeeQ9OVcE7dQjw-_cBFDYx_pEeeQ9OVcE7dQjw-boxOfficeIdseatclient": {
      "type": "data_clump",
      "key": "parameters_to_parameters_data_clump-./Theater-_cBFqRR_pEeeQ9OVcE7dQjw-_cBFDYx_pEeeQ9OVcE7dQjw-boxOfficeIdseatclient",
      "probability": 1,
      "from_file_path": "./Theater",
      "from_class_or_interface_name": "Theater",
      "from_class_or_interface_key": "_cBFDQh_pEeeQ9OVcE7dQjw",
      "from_method_name": "Ticket",
      "from_method_key": "_cBFqRR_pEeeQ9OVcE7dQjw",
      "to_file_path": "./Theater",
      "to_class_or_interface_name": "Theater",
      "to_class_or_interface_key": "_cBFDQh_pEeeQ9OVcE7dQjw",
      "to_method_name": "printTicket",
      "to_method_key": "_cBFDYx_pEeeQ9OVcE7dQjw",
      "data_clump_type": "parameters_to_parameters_data_clump",
      "data_clump_data": {
        "_cBFqSR_pEeeQ9OVcE7dQjw": {
          "key": "_cBFqSR_pEeeQ9OVcE7dQjw",
          "name": "boxOfficeId",
          "type": null,
          "probability": 1,
          "modifiers": [],
          "to_variable": {
            "key": "_cBFDZx_pEeeQ9OVcE7dQjw",
            "name": "boxOfficeId",
            "type": null,
            "modifiers": [],
            "position": {}
          },
          "position": {}
        },
        "_cBFqTB_pEeeQ9OVcE7dQjw": {
          "key": "_cBFqTB_pEeeQ9OVcE7dQjw",
          "name": "seat",
          "type": null,
          "probability": 1,
          "modifiers": [],
          "to_variable": {
            "key": "_cBFDah_pEeeQ9OVcE7dQjw",
            "name": "seat",
            "type": null,
            "modifiers": [],
            "position": {}
          },
          "position": {}
        },
        "_cBFqTx_pEeeQ9OVcE7dQjw": {
          "key": "_cBFqTx_pEeeQ9OVcE7dQjw",
          "name": "client",
          "type": null,
          "probability": 1,
          "modifiers": [],
          "to_variable": {
            "key": "_cBFDbR_pEeeQ9OVcE7dQjw",
            "name": "client",
            "type": null,
            "modifiers": [],
            "position": {}
          },
          "position": {}
        }
      }
    },
    "parameters_to_fields_data_clump-./Theater-_cBFqRR_pEeeQ9OVcE7dQjw-_cBFDQh_pEeeQ9OVcE7dQjw-showboxOfficeIdclient": {
      "type": "data_clump",
      "key": "parameters_to_fields_data_clump-./Theater-_cBFqRR_pEeeQ9OVcE7dQjw-_cBFDQh_pEeeQ9OVcE7dQjw-showboxOfficeIdclient",
      "probability": 1,
      "from_file_path": "./Theater",
      "from_class_or_interface_name": "Theater",
      "from_class_or_interface_key": "_cBFDQh_pEeeQ9OVcE7dQjw",
      "from_method_name": "Ticket",
      "from_method_key": "_cBFqRR_pEeeQ9OVcE7dQjw",
      "to_file_path": "./Theater",
      "to_class_or_interface_name": "Theater",
      "to_class_or_interface_key": "_cBFDQh_pEeeQ9OVcE7dQjw",
      "to_method_name": null,
      "to_method_key": null,
      "data_clump_type": "parameters_to_fields_data_clump",
      "data_clump_data": {
        "_cBFqRh_pEeeQ9OVcE7dQjw": {
          "key": "_cBFqRh_pEeeQ9OVcE7dQjw",
          "name": "show",
          "type": null,
          "probability": 1,
          "modifiers": [],
          "to_variable": {
            "key": "_cBFDrh_pEeeQ9OVcE7dQjw",
            "name": "show",
            "type": null,
            "modifiers": [
              "private"
            ],
            "position": {}
          },
          "position": {}
        },
        "_cBFqSR_pEeeQ9OVcE7dQjw": {
          "key": "_cBFqSR_pEeeQ9OVcE7dQjw",
          "name": "boxOfficeId",
          "type": null,
          "probability": 1,
          "modifiers": [],
          "to_variable": {
            "key": "_cBFDsR_pEeeQ9OVcE7dQjw",
            "name": "boxOfficeId",
            "type": null,
            "modifiers": [
              "private"
            ],
            "position": {}
          },
          "position": {}
        },
        "_cBFqTx_pEeeQ9OVcE7dQjw": {
          "key": "_cBFqTx_pEeeQ9OVcE7dQjw",
          "name": "client",
          "type": null,
          "probability": 1,
          "modifiers": [],
          "to_variable": {
            "key": "_cBFqQh_pEeeQ9OVcE7dQjw",
            "name": "client",
            "type": null,
            "modifiers": [
              "private"
            ],
            "position": {}
          },
          "position": {}
        }
      }
    }
  }
}