{
  "report_version": "unknown",
  "report_timestamp": "2025-03-26T22:57:44.896Z",
  "target_language": "java",
  "report_summary": {
    "additional": null,
    "amount_classes_or_interfaces_with_data_clumps": 2,
    "amount_files_with_data_clumps": 2,
    "amount_methods_with_data_clumps": 0,
    "fields_to_fields_data_clump": 2,
    "parameters_to_fields_data_clump": 0,
    "parameters_to_parameters_data_clump": 0,
    "amount_data_clumps": 2
  },
  "project_info": {
    "project_url": "unknown_project_url",
    "project_name": "_fq0-UHsmEe29ie0vpi-P5A",
    "project_version": "unknown_project_version",
    "project_commit_hash": "unknown",
    "project_tag": null,
    "project_commit_date": null,
    "additional": {},
    "number_of_files": 7,
    "number_of_classes_or_interfaces": 7,
    "number_of_methods": 0,
    "number_of_data_fields": 27,
    "number_of_method_parameters": 0
  },
  "detector": {
    "name": "data-clumps-doctor",
    "url": "https://github.com/NilsBaumgartner1994/data-clumps-doctor",
    "version": "0.1.100",
    "options": {
      "typeVariablesConsidered": false,
      "similarityModifierOfVariablesWithUnknownType": 0,
      "fieldsOfClassesWithUnknownHierarchyProbabilityModifier": 0,
      "sharedFieldsToFieldsAmountMinimum": 3,
      "analyseFieldsInClassesOrInterfacesInheritedFromSuperClassesOrInterfaces": false,
      "sharedParametersToParametersAmountMinimum": 3,
      "sharedParametersToFieldsAmountMinimum": 3,
      "methodsOfClassesOrInterfacesWithUnknownHierarchyProbabilityModifier": 0
    }
  },
  "data_clumps": {
    "fields_to_fields_data_clump-./SoldProducts-_B__kcF1WEDuGPtpuW9r7bA-_hO7iIF1VEDuGPtpuW9r7bA-idproductIDquantity": {
      "type": "data_clump",
      "key": "fields_to_fields_data_clump-./SoldProducts-_B__kcF1WEDuGPtpuW9r7bA-_hO7iIF1VEDuGPtpuW9r7bA-idproductIDquantity",
      "probability": 1,
      "from_file_path": "./SoldProducts",
      "from_class_or_interface_name": "SoldProducts",
      "from_class_or_interface_key": "_B__kcF1WEDuGPtpuW9r7bA",
      "from_method_name": null,
      "from_method_key": null,
      "to_file_path": "./Stock",
      "to_class_or_interface_key": "_hO7iIF1VEDuGPtpuW9r7bA",
      "to_class_or_interface_name": "SoldProducts",
      "to_method_key": null,
      "to_method_name": null,
      "data_clump_type": "fields_to_fields_data_clump",
      "data_clump_data": {
        "_D6rvgF1WEDuGPtpuW9r7bA": {
          "key": "_D6rvgF1WEDuGPtpuW9r7bA",
          "name": "id",
          "type": null,
          "probability": 1,
          "modifiers": [
            "public"
          ],
          "to_variable": {
            "key": "_iRGJwF1VEDuGPtpuW9r7bA",
            "name": "id",
            "type": null,
            "modifiers": [
              "public"
            ],
            "position": {}
          },
          "position": {}
        },
        "_FFJXgF1WEDuGPtpuW9r7bA": {
          "key": "_FFJXgF1WEDuGPtpuW9r7bA",
          "name": "productID",
          "type": null,
          "probability": 1,
          "modifiers": [
            "public"
          ],
          "to_variable": {
            "key": "_igpBoF1VEDuGPtpuW9r7bA",
            "name": "productID",
            "type": null,
            "modifiers": [
              "public"
            ],
            "position": {}
          },
          "position": {}
        },
        "_GWWgsF1WEDuGPtpuW9r7bA": {
          "key": "_GWWgsF1WEDuGPtpuW9r7bA",
          "name": "quantity",
          "type": null,
          "probability": 1,
          "modifiers": [
            "public"
          ],
          "to_variable": {
            "key": "_r_eTkF1VEDuGPtpuW9r7bA",
            "name": "quantity",
            "type": null,
            "modifiers": [
              "public"
            ],
            "position": {}
          },
          "position": {}
        }
      }
    },
    "fields_to_fields_data_clump-./Stock-_hO7iIF1VEDuGPtpuW9r7bA-_B__kcF1WEDuGPtpuW9r7bA-idproductIDquantity": {
      "type": "data_clump",
      "key": "fields_to_fields_data_clump-./Stock-_hO7iIF1VEDuGPtpuW9r7bA-_B__kcF1WEDuGPtpuW9r7bA-idproductIDquantity",
      "probability": 1,
      "from_file_path": "./Stock",
      "from_class_or_interface_name": "Stock",
      "from_class_or_interface_key": "_hO7iIF1VEDuGPtpuW9r7bA",
      "from_method_name": null,
      "from_method_key": null,
      "to_file_path": "./SoldProducts",
      "to_class_or_interface_key": "_B__kcF1WEDuGPtpuW9r7bA",
      "to_class_or_interface_name": "Stock",
      "to_method_key": null,
      "to_method_name": null,
      "data_clump_type": "fields_to_fields_data_clump",
      "data_clump_data": {
        "_iRGJwF1VEDuGPtpuW9r7bA": {
          "key": "_iRGJwF1VEDuGPtpuW9r7bA",
          "name": "id",
          "type": null,
          "probability": 1,
          "modifiers": [
            "public"
          ],
          "to_variable": {
            "key": "_D6rvgF1WEDuGPtpuW9r7bA",
            "name": "id",
            "type": null,
            "modifiers": [
              "public"
            ],
            "position": {}
          },
          "position": {}
        },
        "_igpBoF1VEDuGPtpuW9r7bA": {
          "key": "_igpBoF1VEDuGPtpuW9r7bA",
          "name": "productID",
          "type": null,
          "probability": 1,
          "modifiers": [
            "public"
          ],
          "to_variable": {
            "key": "_FFJXgF1WEDuGPtpuW9r7bA",
            "name": "productID",
            "type": null,
            "modifiers": [
              "public"
            ],
            "position": {}
          },
          "position": {}
        },
        "_r_eTkF1VEDuGPtpuW9r7bA": {
          "key": "_r_eTkF1VEDuGPtpuW9r7bA",
          "name": "quantity",
          "type": null,
          "probability": 1,
          "modifiers": [
            "public"
          ],
          "to_variable": {
            "key": "_GWWgsF1WEDuGPtpuW9r7bA",
            "name": "quantity",
            "type": null,
            "modifiers": [
              "public"
            ],
            "position": {}
          },
          "position": {}
        }
      }
    }
  }
}