{
  "report_version": "unknown",
  "report_timestamp": "2025-03-26T22:00:45.431Z",
  "target_language": "java",
  "report_summary": {
    "additional": null,
    "amount_classes_or_interfaces_with_data_clumps": 8,
    "amount_files_with_data_clumps": 8,
    "amount_methods_with_data_clumps": 7,
    "fields_to_fields_data_clump": 6,
    "parameters_to_fields_data_clump": 0,
    "parameters_to_parameters_data_clump": 10,
    "amount_data_clumps": 16
  },
  "project_info": {
    "project_url": "unknown_project_url",
    "project_name": "_K9iEAKNMEeWJIdgJ_zFBoQ",
    "project_version": "unknown_project_version",
    "project_commit_hash": "unknown",
    "project_tag": null,
    "project_commit_date": null,
    "additional": {},
    "number_of_files": 41,
    "number_of_classes_or_interfaces": 41,
    "number_of_methods": 206,
    "number_of_data_fields": 223,
    "number_of_method_parameters": 155
  },
  "detector": {
    "name": "data-clumps-doctor",
    "url": "https://github.com/NilsBaumgartner1994/data-clumps-doctor",
    "version": "0.1.100",
    "options": {
      "typeVariablesConsidered": false,
      "similarityModifierOfVariablesWithUnknownType": 0,
      "fieldsOfClassesWithUnknownHierarchyProbabilityModifier": 0,
      "sharedFieldsToFieldsAmountMinimum": 3,
      "analyseFieldsInClassesOrInterfacesInheritedFromSuperClassesOrInterfaces": false,
      "sharedParametersToParametersAmountMinimum": 3,
      "sharedParametersToFieldsAmountMinimum": 3,
      "methodsOfClassesOrInterfacesWithUnknownHierarchyProbabilityModifier": 0
    }
  },
  "data_clumps": {
    "parameters_to_parameters_data_clump-./HyperthermDB-_Ln_WQKNMEeW2DKuIR9t1aA-_Ln_WS6NMEeW2DKuIR9t1aA-databaseoldVersionnewVersion": {
      "type": "data_clump",
      "key": "parameters_to_parameters_data_clump-./HyperthermDB-_Ln_WQKNMEeW2DKuIR9t1aA-_Ln_WS6NMEeW2DKuIR9t1aA-databaseoldVersionnewVersion",
      "probability": 1,
      "from_file_path": "./HyperthermDB",
      "from_class_or_interface_name": "HyperthermDB",
      "from_class_or_interface_key": "_Ln-IaKNMEeW2DKuIR9t1aA",
      "from_method_name": "onUpgrade",
      "from_method_key": "_Ln_WQKNMEeW2DKuIR9t1aA",
      "to_file_path": "./HyperthermDB",
      "to_class_or_interface_name": "HyperthermDB",
      "to_class_or_interface_key": "_Ln-IaKNMEeW2DKuIR9t1aA",
      "to_method_name": "onDowngrade",
      "to_method_key": "_Ln_WS6NMEeW2DKuIR9t1aA",
      "data_clump_type": "parameters_to_parameters_data_clump",
      "data_clump_data": {
        "_Ln_WQqNMEeW2DKuIR9t1aA": {
          "key": "_Ln_WQqNMEeW2DKuIR9t1aA",
          "name": "database",
          "type": null,
          "probability": 1,
          "modifiers": [],
          "to_variable": {
            "key": "_Ln_WTaNMEeW2DKuIR9t1aA",
            "name": "database",
            "type": null,
            "modifiers": [],
            "position": {}
          },
          "position": {}
        },
        "_Ln_WRaNMEeW2DKuIR9t1aA": {
          "key": "_Ln_WRaNMEeW2DKuIR9t1aA",
          "name": "oldVersion",
          "type": null,
          "probability": 1,
          "modifiers": [],
          "to_variable": {
            "key": "_Ln_WUKNMEeW2DKuIR9t1aA",
            "name": "oldVersion",
            "type": null,
            "modifiers": [],
            "position": {}
          },
          "position": {}
        },
        "_Ln_WSKNMEeW2DKuIR9t1aA": {
          "key": "_Ln_WSKNMEeW2DKuIR9t1aA",
          "name": "newVersion",
          "type": null,
          "probability": 1,
          "modifiers": [],
          "to_variable": {
            "key": "_Ln_WU6NMEeW2DKuIR9t1aA",
            "name": "newVersion",
            "type": null,
            "modifiers": [],
            "position": {}
          },
          "position": {}
        }
      }
    },
    "parameters_to_parameters_data_clump-./HyperthermDB-_Ln_WS6NMEeW2DKuIR9t1aA-_Ln_WQKNMEeW2DKuIR9t1aA-databaseoldVersionnewVersion": {
      "type": "data_clump",
      "key": "parameters_to_parameters_data_clump-./HyperthermDB-_Ln_WS6NMEeW2DKuIR9t1aA-_Ln_WQKNMEeW2DKuIR9t1aA-databaseoldVersionnewVersion",
      "probability": 1,
      "from_file_path": "./HyperthermDB",
      "from_class_or_interface_name": "HyperthermDB",
      "from_class_or_interface_key": "_Ln-IaKNMEeW2DKuIR9t1aA",
      "from_method_name": "onDowngrade",
      "from_method_key": "_Ln_WS6NMEeW2DKuIR9t1aA",
      "to_file_path": "./HyperthermDB",
      "to_class_or_interface_name": "HyperthermDB",
      "to_class_or_interface_key": "_Ln-IaKNMEeW2DKuIR9t1aA",
      "to_method_name": "onUpgrade",
      "to_method_key": "_Ln_WQKNMEeW2DKuIR9t1aA",
      "data_clump_type": "parameters_to_parameters_data_clump",
      "data_clump_data": {
        "_Ln_WTaNMEeW2DKuIR9t1aA": {
          "key": "_Ln_WTaNMEeW2DKuIR9t1aA",
          "name": "database",
          "type": null,
          "probability": 1,
          "modifiers": [],
          "to_variable": {
            "key": "_Ln_WQqNMEeW2DKuIR9t1aA",
            "name": "database",
            "type": null,
            "modifiers": [],
            "position": {}
          },
          "position": {}
        },
        "_Ln_WUKNMEeW2DKuIR9t1aA": {
          "key": "_Ln_WUKNMEeW2DKuIR9t1aA",
          "name": "oldVersion",
          "type": null,
          "probability": 1,
          "modifiers": [],
          "to_variable": {
            "key": "_Ln_WRaNMEeW2DKuIR9t1aA",
            "name": "oldVersion",
            "type": null,
            "modifiers": [],
            "position": {}
          },
          "position": {}
        },
        "_Ln_WU6NMEeW2DKuIR9t1aA": {
          "key": "_Ln_WU6NMEeW2DKuIR9t1aA",
          "name": "newVersion",
          "type": null,
          "probability": 1,
          "modifiers": [],
          "to_variable": {
            "key": "_Ln_WSKNMEeW2DKuIR9t1aA",
            "name": "newVersion",
            "type": null,
            "modifiers": [],
            "position": {}
          },
          "position": {}
        }
      }
    },
    "parameters_to_parameters_data_clump-./MenuListViewAdapter-_Ln52x6NMEeW2DKuIR9t1aA-_Ln53E6NMEeW2DKuIR9t1aA-positionconvertViewparent": {
      "type": "data_clump",
      "key": "parameters_to_parameters_data_clump-./MenuListViewAdapter-_Ln52x6NMEeW2DKuIR9t1aA-_Ln53E6NMEeW2DKuIR9t1aA-positionconvertViewparent",
      "probability": 1,
      "from_file_path": "./MenuListViewAdapter",
      "from_class_or_interface_name": "MenuListViewAdapter",
      "from_class_or_interface_key": "_Ln5PyKNMEeW2DKuIR9t1aA",
      "from_method_name": "getView",
      "from_method_key": "_Ln52x6NMEeW2DKuIR9t1aA",
      "to_file_path": "./PatologiaListViewAdapter",
      "to_class_or_interface_name": "PatologiaListViewAdapter",
      "to_class_or_interface_key": "_Ln52_qNMEeW2DKuIR9t1aA",
      "to_method_name": "getView",
      "to_method_key": "_Ln53E6NMEeW2DKuIR9t1aA",
      "data_clump_type": "parameters_to_parameters_data_clump",
      "data_clump_data": {
        "_Ln52y6NMEeW2DKuIR9t1aA": {
          "key": "_Ln52y6NMEeW2DKuIR9t1aA",
          "name": "position",
          "type": null,
          "probability": 1,
          "modifiers": [],
          "to_variable": {
            "key": "_Ln53F6NMEeW2DKuIR9t1aA",
            "name": "position",
            "type": null,
            "modifiers": [],
            "position": {}
          },
          "position": {}
        },
        "_Ln52zqNMEeW2DKuIR9t1aA": {
          "key": "_Ln52zqNMEeW2DKuIR9t1aA",
          "name": "convertView",
          "type": null,
          "probability": 1,
          "modifiers": [],
          "to_variable": {
            "key": "_Ln53GqNMEeW2DKuIR9t1aA",
            "name": "convertView",
            "type": null,
            "modifiers": [],
            "position": {}
          },
          "position": {}
        },
        "_Ln520aNMEeW2DKuIR9t1aA": {
          "key": "_Ln520aNMEeW2DKuIR9t1aA",
          "name": "parent",
          "type": null,
          "probability": 1,
          "modifiers": [],
          "to_variable": {
            "key": "_Ln53HaNMEeW2DKuIR9t1aA",
            "name": "parent",
            "type": null,
            "modifiers": [],
            "position": {}
          },
          "position": {}
        }
      }
    },
    "parameters_to_parameters_data_clump-./MenuListViewAdapter-_Ln52x6NMEeW2DKuIR9t1aA-_Ln6eJaNMEeW2DKuIR9t1aA-positionconvertViewparent": {
      "type": "data_clump",
      "key": "parameters_to_parameters_data_clump-./MenuListViewAdapter-_Ln52x6NMEeW2DKuIR9t1aA-_Ln6eJaNMEeW2DKuIR9t1aA-positionconvertViewparent",
      "probability": 1,
      "from_file_path": "./MenuListViewAdapter",
      "from_class_or_interface_name": "MenuListViewAdapter",
      "from_class_or_interface_key": "_Ln5PyKNMEeW2DKuIR9t1aA",
      "from_method_name": "getView",
      "from_method_key": "_Ln52x6NMEeW2DKuIR9t1aA",
      "to_file_path": "./TessutoListViewAdapter",
      "to_class_or_interface_name": "TessutoListViewAdapter",
      "to_class_or_interface_key": "_Ln6eE6NMEeW2DKuIR9t1aA",
      "to_method_name": "getView",
      "to_method_key": "_Ln6eJaNMEeW2DKuIR9t1aA",
      "data_clump_type": "parameters_to_parameters_data_clump",
      "data_clump_data": {
        "_Ln52y6NMEeW2DKuIR9t1aA": {
          "key": "_Ln52y6NMEeW2DKuIR9t1aA",
          "name": "position",
          "type": null,
          "probability": 1,
          "modifiers": [],
          "to_variable": {
            "key": "_Ln6eKaNMEeW2DKuIR9t1aA",
            "name": "position",
            "type": null,
            "modifiers": [],
            "position": {}
          },
          "position": {}
        },
        "_Ln52zqNMEeW2DKuIR9t1aA": {
          "key": "_Ln52zqNMEeW2DKuIR9t1aA",
          "name": "convertView",
          "type": null,
          "probability": 1,
          "modifiers": [],
          "to_variable": {
            "key": "_Ln6eLKNMEeW2DKuIR9t1aA",
            "name": "convertView",
            "type": null,
            "modifiers": [],
            "position": {}
          },
          "position": {}
        },
        "_Ln520aNMEeW2DKuIR9t1aA": {
          "key": "_Ln520aNMEeW2DKuIR9t1aA",
          "name": "parent",
          "type": null,
          "probability": 1,
          "modifiers": [],
          "to_variable": {
            "key": "_Ln6eL6NMEeW2DKuIR9t1aA",
            "name": "parent",
            "type": null,
            "modifiers": [],
            "position": {}
          },
          "position": {}
        }
      }
    },
    "parameters_to_parameters_data_clump-./PatologiaListViewAdapter-_Ln53E6NMEeW2DKuIR9t1aA-_Ln52x6NMEeW2DKuIR9t1aA-positionconvertViewparent": {
      "type": "data_clump",
      "key": "parameters_to_parameters_data_clump-./PatologiaListViewAdapter-_Ln53E6NMEeW2DKuIR9t1aA-_Ln52x6NMEeW2DKuIR9t1aA-positionconvertViewparent",
      "probability": 1,
      "from_file_path": "./PatologiaListViewAdapter",
      "from_class_or_interface_name": "PatologiaListViewAdapter",
      "from_class_or_interface_key": "_Ln52_qNMEeW2DKuIR9t1aA",
      "from_method_name": "getView",
      "from_method_key": "_Ln53E6NMEeW2DKuIR9t1aA",
      "to_file_path": "./MenuListViewAdapter",
      "to_class_or_interface_name": "MenuListViewAdapter",
      "to_class_or_interface_key": "_Ln5PyKNMEeW2DKuIR9t1aA",
      "to_method_name": "getView",
      "to_method_key": "_Ln52x6NMEeW2DKuIR9t1aA",
      "data_clump_type": "parameters_to_parameters_data_clump",
      "data_clump_data": {
        "_Ln53F6NMEeW2DKuIR9t1aA": {
          "key": "_Ln53F6NMEeW2DKuIR9t1aA",
          "name": "position",
          "type": null,
          "probability": 1,
          "modifiers": [],
          "to_variable": {
            "key": "_Ln52y6NMEeW2DKuIR9t1aA",
            "name": "position",
            "type": null,
            "modifiers": [],
            "position": {}
          },
          "position": {}
        },
        "_Ln53GqNMEeW2DKuIR9t1aA": {
          "key": "_Ln53GqNMEeW2DKuIR9t1aA",
          "name": "convertView",
          "type": null,
          "probability": 1,
          "modifiers": [],
          "to_variable": {
            "key": "_Ln52zqNMEeW2DKuIR9t1aA",
            "name": "convertView",
            "type": null,
            "modifiers": [],
            "position": {}
          },
          "position": {}
        },
        "_Ln53HaNMEeW2DKuIR9t1aA": {
          "key": "_Ln53HaNMEeW2DKuIR9t1aA",
          "name": "parent",
          "type": null,
          "probability": 1,
          "modifiers": [],
          "to_variable": {
            "key": "_Ln520aNMEeW2DKuIR9t1aA",
            "name": "parent",
            "type": null,
            "modifiers": [],
            "position": {}
          },
          "position": {}
        }
      }
    },
    "parameters_to_parameters_data_clump-./PatologiaListViewAdapter-_Ln53E6NMEeW2DKuIR9t1aA-_Ln6eJaNMEeW2DKuIR9t1aA-positionconvertViewparent": {
      "type": "data_clump",
      "key": "parameters_to_parameters_data_clump-./PatologiaListViewAdapter-_Ln53E6NMEeW2DKuIR9t1aA-_Ln6eJaNMEeW2DKuIR9t1aA-positionconvertViewparent",
      "probability": 1,
      "from_file_path": "./PatologiaListViewAdapter",
      "from_class_or_interface_name": "PatologiaListViewAdapter",
      "from_class_or_interface_key": "_Ln52_qNMEeW2DKuIR9t1aA",
      "from_method_name": "getView",
      "from_method_key": "_Ln53E6NMEeW2DKuIR9t1aA",
      "to_file_path": "./TessutoListViewAdapter",
      "to_class_or_interface_name": "TessutoListViewAdapter",
      "to_class_or_interface_key": "_Ln6eE6NMEeW2DKuIR9t1aA",
      "to_method_name": "getView",
      "to_method_key": "_Ln6eJaNMEeW2DKuIR9t1aA",
      "data_clump_type": "parameters_to_parameters_data_clump",
      "data_clump_data": {
        "_Ln53F6NMEeW2DKuIR9t1aA": {
          "key": "_Ln53F6NMEeW2DKuIR9t1aA",
          "name": "position",
          "type": null,
          "probability": 1,
          "modifiers": [],
          "to_variable": {
            "key": "_Ln6eKaNMEeW2DKuIR9t1aA",
            "name": "position",
            "type": null,
            "modifiers": [],
            "position": {}
          },
          "position": {}
        },
        "_Ln53GqNMEeW2DKuIR9t1aA": {
          "key": "_Ln53GqNMEeW2DKuIR9t1aA",
          "name": "convertView",
          "type": null,
          "probability": 1,
          "modifiers": [],
          "to_variable": {
            "key": "_Ln6eLKNMEeW2DKuIR9t1aA",
            "name": "convertView",
            "type": null,
            "modifiers": [],
            "position": {}
          },
          "position": {}
        },
        "_Ln53HaNMEeW2DKuIR9t1aA": {
          "key": "_Ln53HaNMEeW2DKuIR9t1aA",
          "name": "parent",
          "type": null,
          "probability": 1,
          "modifiers": [],
          "to_variable": {
            "key": "_Ln6eL6NMEeW2DKuIR9t1aA",
            "name": "parent",
            "type": null,
            "modifiers": [],
            "position": {}
          },
          "position": {}
        }
      }
    },
    "parameters_to_parameters_data_clump-./TessutoListViewAdapter-_Ln6eJaNMEeW2DKuIR9t1aA-_Ln52x6NMEeW2DKuIR9t1aA-positionconvertViewparent": {
      "type": "data_clump",
      "key": "parameters_to_parameters_data_clump-./TessutoListViewAdapter-_Ln6eJaNMEeW2DKuIR9t1aA-_Ln52x6NMEeW2DKuIR9t1aA-positionconvertViewparent",
      "probability": 1,
      "from_file_path": "./TessutoListViewAdapter",
      "from_class_or_interface_name": "TessutoListViewAdapter",
      "from_class_or_interface_key": "_Ln6eE6NMEeW2DKuIR9t1aA",
      "from_method_name": "getView",
      "from_method_key": "_Ln6eJaNMEeW2DKuIR9t1aA",
      "to_file_path": "./MenuListViewAdapter",
      "to_class_or_interface_name": "MenuListViewAdapter",
      "to_class_or_interface_key": "_Ln5PyKNMEeW2DKuIR9t1aA",
      "to_method_name": "getView",
      "to_method_key": "_Ln52x6NMEeW2DKuIR9t1aA",
      "data_clump_type": "parameters_to_parameters_data_clump",
      "data_clump_data": {
        "_Ln6eKaNMEeW2DKuIR9t1aA": {
          "key": "_Ln6eKaNMEeW2DKuIR9t1aA",
          "name": "position",
          "type": null,
          "probability": 1,
          "modifiers": [],
          "to_variable": {
            "key": "_Ln52y6NMEeW2DKuIR9t1aA",
            "name": "position",
            "type": null,
            "modifiers": [],
            "position": {}
          },
          "position": {}
        },
        "_Ln6eLKNMEeW2DKuIR9t1aA": {
          "key": "_Ln6eLKNMEeW2DKuIR9t1aA",
          "name": "convertView",
          "type": null,
          "probability": 1,
          "modifiers": [],
          "to_variable": {
            "key": "_Ln52zqNMEeW2DKuIR9t1aA",
            "name": "convertView",
            "type": null,
            "modifiers": [],
            "position": {}
          },
          "position": {}
        },
        "_Ln6eL6NMEeW2DKuIR9t1aA": {
          "key": "_Ln6eL6NMEeW2DKuIR9t1aA",
          "name": "parent",
          "type": null,
          "probability": 1,
          "modifiers": [],
          "to_variable": {
            "key": "_Ln520aNMEeW2DKuIR9t1aA",
            "name": "parent",
            "type": null,
            "modifiers": [],
            "position": {}
          },
          "position": {}
        }
      }
    },
    "parameters_to_parameters_data_clump-./TessutoListViewAdapter-_Ln6eJaNMEeW2DKuIR9t1aA-_Ln53E6NMEeW2DKuIR9t1aA-positionconvertViewparent": {
      "type": "data_clump",
      "key": "parameters_to_parameters_data_clump-./TessutoListViewAdapter-_Ln6eJaNMEeW2DKuIR9t1aA-_Ln53E6NMEeW2DKuIR9t1aA-positionconvertViewparent",
      "probability": 1,
      "from_file_path": "./TessutoListViewAdapter",
      "from_class_or_interface_name": "TessutoListViewAdapter",
      "from_class_or_interface_key": "_Ln6eE6NMEeW2DKuIR9t1aA",
      "from_method_name": "getView",
      "from_method_key": "_Ln6eJaNMEeW2DKuIR9t1aA",
      "to_file_path": "./PatologiaListViewAdapter",
      "to_class_or_interface_name": "PatologiaListViewAdapter",
      "to_class_or_interface_key": "_Ln52_qNMEeW2DKuIR9t1aA",
      "to_method_name": "getView",
      "to_method_key": "_Ln53E6NMEeW2DKuIR9t1aA",
      "data_clump_type": "parameters_to_parameters_data_clump",
      "data_clump_data": {
        "_Ln6eKaNMEeW2DKuIR9t1aA": {
          "key": "_Ln6eKaNMEeW2DKuIR9t1aA",
          "name": "position",
          "type": null,
          "probability": 1,
          "modifiers": [],
          "to_variable": {
            "key": "_Ln53F6NMEeW2DKuIR9t1aA",
            "name": "position",
            "type": null,
            "modifiers": [],
            "position": {}
          },
          "position": {}
        },
        "_Ln6eLKNMEeW2DKuIR9t1aA": {
          "key": "_Ln6eLKNMEeW2DKuIR9t1aA",
          "name": "convertView",
          "type": null,
          "probability": 1,
          "modifiers": [],
          "to_variable": {
            "key": "_Ln53GqNMEeW2DKuIR9t1aA",
            "name": "convertView",
            "type": null,
            "modifiers": [],
            "position": {}
          },
          "position": {}
        },
        "_Ln6eL6NMEeW2DKuIR9t1aA": {
          "key": "_Ln6eL6NMEeW2DKuIR9t1aA",
          "name": "parent",
          "type": null,
          "probability": 1,
          "modifiers": [],
          "to_variable": {
            "key": "_Ln53HaNMEeW2DKuIR9t1aA",
            "name": "parent",
            "type": null,
            "modifiers": [],
            "position": {}
          },
          "position": {}
        }
      }
    },
    "parameters_to_parameters_data_clump-./WorkActivity-_Ln-IPKNMEeW2DKuIR9t1aA-_Ln-ISqNMEeW2DKuIR9t1aA-buttontextViewstep": {
      "type": "data_clump",
      "key": "parameters_to_parameters_data_clump-./WorkActivity-_Ln-IPKNMEeW2DKuIR9t1aA-_Ln-ISqNMEeW2DKuIR9t1aA-buttontextViewstep",
      "probability": 1,
      "from_file_path": "./WorkActivity",
      "from_class_or_interface_name": "WorkActivity",
      "from_class_or_interface_key": "_Ln86Q6NMEeW2DKuIR9t1aA",
      "from_method_name": "auto_increment",
      "from_method_key": "_Ln-IPKNMEeW2DKuIR9t1aA",
      "to_file_path": "./WorkActivity",
      "to_class_or_interface_name": "WorkActivity",
      "to_class_or_interface_key": "_Ln86Q6NMEeW2DKuIR9t1aA",
      "to_method_name": "auto_decrement",
      "to_method_key": "_Ln-ISqNMEeW2DKuIR9t1aA",
      "data_clump_type": "parameters_to_parameters_data_clump",
      "data_clump_data": {
        "_Ln-IPqNMEeW2DKuIR9t1aA": {
          "key": "_Ln-IPqNMEeW2DKuIR9t1aA",
          "name": "button",
          "type": null,
          "probability": 1,
          "modifiers": [],
          "to_variable": {
            "key": "_Ln-ITKNMEeW2DKuIR9t1aA",
            "name": "button",
            "type": null,
            "modifiers": [],
            "position": {}
          },
          "position": {}
        },
        "_Ln-IQaNMEeW2DKuIR9t1aA": {
          "key": "_Ln-IQaNMEeW2DKuIR9t1aA",
          "name": "textView",
          "type": null,
          "probability": 1,
          "modifiers": [],
          "to_variable": {
            "key": "_Ln-IT6NMEeW2DKuIR9t1aA",
            "name": "textView",
            "type": null,
            "modifiers": [],
            "position": {}
          },
          "position": {}
        },
        "_Ln-IR6NMEeW2DKuIR9t1aA": {
          "key": "_Ln-IR6NMEeW2DKuIR9t1aA",
          "name": "step",
          "type": null,
          "probability": 1,
          "modifiers": [],
          "to_variable": {
            "key": "_Ln-IVaNMEeW2DKuIR9t1aA",
            "name": "step",
            "type": null,
            "modifiers": [],
            "position": {}
          },
          "position": {}
        }
      }
    },
    "parameters_to_parameters_data_clump-./WorkActivity-_Ln-ISqNMEeW2DKuIR9t1aA-_Ln-IPKNMEeW2DKuIR9t1aA-buttontextViewstep": {
      "type": "data_clump",
      "key": "parameters_to_parameters_data_clump-./WorkActivity-_Ln-ISqNMEeW2DKuIR9t1aA-_Ln-IPKNMEeW2DKuIR9t1aA-buttontextViewstep",
      "probability": 1,
      "from_file_path": "./WorkActivity",
      "from_class_or_interface_name": "WorkActivity",
      "from_class_or_interface_key": "_Ln86Q6NMEeW2DKuIR9t1aA",
      "from_method_name": "auto_decrement",
      "from_method_key": "_Ln-ISqNMEeW2DKuIR9t1aA",
      "to_file_path": "./WorkActivity",
      "to_class_or_interface_name": "WorkActivity",
      "to_class_or_interface_key": "_Ln86Q6NMEeW2DKuIR9t1aA",
      "to_method_name": "auto_increment",
      "to_method_key": "_Ln-IPKNMEeW2DKuIR9t1aA",
      "data_clump_type": "parameters_to_parameters_data_clump",
      "data_clump_data": {
        "_Ln-ITKNMEeW2DKuIR9t1aA": {
          "key": "_Ln-ITKNMEeW2DKuIR9t1aA",
          "name": "button",
          "type": null,
          "probability": 1,
          "modifiers": [],
          "to_variable": {
            "key": "_Ln-IPqNMEeW2DKuIR9t1aA",
            "name": "button",
            "type": null,
            "modifiers": [],
            "position": {}
          },
          "position": {}
        },
        "_Ln-IT6NMEeW2DKuIR9t1aA": {
          "key": "_Ln-IT6NMEeW2DKuIR9t1aA",
          "name": "textView",
          "type": null,
          "probability": 1,
          "modifiers": [],
          "to_variable": {
            "key": "_Ln-IQaNMEeW2DKuIR9t1aA",
            "name": "textView",
            "type": null,
            "modifiers": [],
            "position": {}
          },
          "position": {}
        },
        "_Ln-IVaNMEeW2DKuIR9t1aA": {
          "key": "_Ln-IVaNMEeW2DKuIR9t1aA",
          "name": "step",
          "type": null,
          "probability": 1,
          "modifiers": [],
          "to_variable": {
            "key": "_Ln-IR6NMEeW2DKuIR9t1aA",
            "name": "step",
            "type": null,
            "modifiers": [],
            "position": {}
          },
          "position": {}
        }
      }
    },
    "fields_to_fields_data_clump-./PatologiaActivity-_Ln8TPqNMEeW2DKuIR9t1aA-_Ln86LKNMEeW2DKuIR9t1aA-listaMenuItembutton_homepreferences": {
      "type": "data_clump",
      "key": "fields_to_fields_data_clump-./PatologiaActivity-_Ln8TPqNMEeW2DKuIR9t1aA-_Ln86LKNMEeW2DKuIR9t1aA-listaMenuItembutton_homepreferences",
      "probability": 1,
      "from_file_path": "./PatologiaActivity",
      "from_class_or_interface_name": "PatologiaActivity",
      "from_class_or_interface_key": "_Ln8TPqNMEeW2DKuIR9t1aA",
      "from_method_name": null,
      "from_method_key": null,
      "to_file_path": "./TessutoActivity",
      "to_class_or_interface_key": "_Ln86LKNMEeW2DKuIR9t1aA",
      "to_class_or_interface_name": "PatologiaActivity",
      "to_method_key": null,
      "to_method_name": null,
      "data_clump_type": "fields_to_fields_data_clump",
      "data_clump_data": {
        "_Ln8TQKNMEeW2DKuIR9t1aA": {
          "key": "_Ln8TQKNMEeW2DKuIR9t1aA",
          "name": "listaMenuItem",
          "type": null,
          "probability": 1,
          "modifiers": [
            "private"
          ],
          "to_variable": {
            "key": "_Ln86LqNMEeW2DKuIR9t1aA",
            "name": "listaMenuItem",
            "type": null,
            "modifiers": [
              "private"
            ],
            "position": {}
          },
          "position": {}
        },
        "_Ln8TQ6NMEeW2DKuIR9t1aA": {
          "key": "_Ln8TQ6NMEeW2DKuIR9t1aA",
          "name": "button_home",
          "type": null,
          "probability": 1,
          "modifiers": [
            "private"
          ],
          "to_variable": {
            "key": "_Ln86MaNMEeW2DKuIR9t1aA",
            "name": "button_home",
            "type": null,
            "modifiers": [
              "private"
            ],
            "position": {}
          },
          "position": {}
        },
        "_Ln8TSaNMEeW2DKuIR9t1aA": {
          "key": "_Ln8TSaNMEeW2DKuIR9t1aA",
          "name": "preferences",
          "type": null,
          "probability": 1,
          "modifiers": [
            "private"
          ],
          "to_variable": {
            "key": "_Ln86N6NMEeW2DKuIR9t1aA",
            "name": "preferences",
            "type": null,
            "modifiers": [
              "private"
            ],
            "position": {}
          },
          "position": {}
        }
      }
    },
    "fields_to_fields_data_clump-./PatologiaListViewAdapter-_Ln52_qNMEeW2DKuIR9t1aA-_Ln6eE6NMEeW2DKuIR9t1aA-resLayoutcontextrow": {
      "type": "data_clump",
      "key": "fields_to_fields_data_clump-./PatologiaListViewAdapter-_Ln52_qNMEeW2DKuIR9t1aA-_Ln6eE6NMEeW2DKuIR9t1aA-resLayoutcontextrow",
      "probability": 1,
      "from_file_path": "./PatologiaListViewAdapter",
      "from_class_or_interface_name": "PatologiaListViewAdapter",
      "from_class_or_interface_key": "_Ln52_qNMEeW2DKuIR9t1aA",
      "from_method_name": null,
      "from_method_key": null,
      "to_file_path": "./TessutoListViewAdapter",
      "to_class_or_interface_key": "_Ln6eE6NMEeW2DKuIR9t1aA",
      "to_class_or_interface_name": "PatologiaListViewAdapter",
      "to_method_key": null,
      "to_method_name": null,
      "data_clump_type": "fields_to_fields_data_clump",
      "data_clump_data": {
        "_Ln53AKNMEeW2DKuIR9t1aA": {
          "key": "_Ln53AKNMEeW2DKuIR9t1aA",
          "name": "resLayout",
          "type": null,
          "probability": 1,
          "modifiers": [
            "package"
          ],
          "to_variable": {
            "key": "_Ln6eFaNMEeW2DKuIR9t1aA",
            "name": "resLayout",
            "type": null,
            "modifiers": [
              "package"
            ],
            "position": {}
          },
          "position": {}
        },
        "_Ln53A6NMEeW2DKuIR9t1aA": {
          "key": "_Ln53A6NMEeW2DKuIR9t1aA",
          "name": "context",
          "type": null,
          "probability": 1,
          "modifiers": [
            "package"
          ],
          "to_variable": {
            "key": "_Ln6eGKNMEeW2DKuIR9t1aA",
            "name": "context",
            "type": null,
            "modifiers": [
              "package"
            ],
            "position": {}
          },
          "position": {}
        },
        "_Ln53CaNMEeW2DKuIR9t1aA": {
          "key": "_Ln53CaNMEeW2DKuIR9t1aA",
          "name": "row",
          "type": null,
          "probability": 1,
          "modifiers": [
            "public"
          ],
          "to_variable": {
            "key": "_Ln6eG6NMEeW2DKuIR9t1aA",
            "name": "row",
            "type": null,
            "modifiers": [
              "public"
            ],
            "position": {}
          },
          "position": {}
        }
      }
    },
    "fields_to_fields_data_clump-./TessutoActivity-_Ln86LKNMEeW2DKuIR9t1aA-_Ln8TPqNMEeW2DKuIR9t1aA-listaMenuItembutton_homepreferences": {
      "type": "data_clump",
      "key": "fields_to_fields_data_clump-./TessutoActivity-_Ln86LKNMEeW2DKuIR9t1aA-_Ln8TPqNMEeW2DKuIR9t1aA-listaMenuItembutton_homepreferences",
      "probability": 1,
      "from_file_path": "./TessutoActivity",
      "from_class_or_interface_name": "TessutoActivity",
      "from_class_or_interface_key": "_Ln86LKNMEeW2DKuIR9t1aA",
      "from_method_name": null,
      "from_method_key": null,
      "to_file_path": "./PatologiaActivity",
      "to_class_or_interface_key": "_Ln8TPqNMEeW2DKuIR9t1aA",
      "to_class_or_interface_name": "TessutoActivity",
      "to_method_key": null,
      "to_method_name": null,
      "data_clump_type": "fields_to_fields_data_clump",
      "data_clump_data": {
        "_Ln86LqNMEeW2DKuIR9t1aA": {
          "key": "_Ln86LqNMEeW2DKuIR9t1aA",
          "name": "listaMenuItem",
          "type": null,
          "probability": 1,
          "modifiers": [
            "private"
          ],
          "to_variable": {
            "key": "_Ln8TQKNMEeW2DKuIR9t1aA",
            "name": "listaMenuItem",
            "type": null,
            "modifiers": [
              "private"
            ],
            "position": {}
          },
          "position": {}
        },
        "_Ln86MaNMEeW2DKuIR9t1aA": {
          "key": "_Ln86MaNMEeW2DKuIR9t1aA",
          "name": "button_home",
          "type": null,
          "probability": 1,
          "modifiers": [
            "private"
          ],
          "to_variable": {
            "key": "_Ln8TQ6NMEeW2DKuIR9t1aA",
            "name": "button_home",
            "type": null,
            "modifiers": [
              "private"
            ],
            "position": {}
          },
          "position": {}
        },
        "_Ln86N6NMEeW2DKuIR9t1aA": {
          "key": "_Ln86N6NMEeW2DKuIR9t1aA",
          "name": "preferences",
          "type": null,
          "probability": 1,
          "modifiers": [
            "private"
          ],
          "to_variable": {
            "key": "_Ln8TSaNMEeW2DKuIR9t1aA",
            "name": "preferences",
            "type": null,
            "modifiers": [
              "private"
            ],
            "position": {}
          },
          "position": {}
        }
      }
    },
    "fields_to_fields_data_clump-./TessutoListViewAdapter-_Ln6eE6NMEeW2DKuIR9t1aA-_Ln52_qNMEeW2DKuIR9t1aA-resLayoutcontextrow": {
      "type": "data_clump",
      "key": "fields_to_fields_data_clump-./TessutoListViewAdapter-_Ln6eE6NMEeW2DKuIR9t1aA-_Ln52_qNMEeW2DKuIR9t1aA-resLayoutcontextrow",
      "probability": 1,
      "from_file_path": "./TessutoListViewAdapter",
      "from_class_or_interface_name": "TessutoListViewAdapter",
      "from_class_or_interface_key": "_Ln6eE6NMEeW2DKuIR9t1aA",
      "from_method_name": null,
      "from_method_key": null,
      "to_file_path": "./PatologiaListViewAdapter",
      "to_class_or_interface_key": "_Ln52_qNMEeW2DKuIR9t1aA",
      "to_class_or_interface_name": "TessutoListViewAdapter",
      "to_method_key": null,
      "to_method_name": null,
      "data_clump_type": "fields_to_fields_data_clump",
      "data_clump_data": {
        "_Ln6eFaNMEeW2DKuIR9t1aA": {
          "key": "_Ln6eFaNMEeW2DKuIR9t1aA",
          "name": "resLayout",
          "type": null,
          "probability": 1,
          "modifiers": [
            "package"
          ],
          "to_variable": {
            "key": "_Ln53AKNMEeW2DKuIR9t1aA",
            "name": "resLayout",
            "type": null,
            "modifiers": [
              "package"
            ],
            "position": {}
          },
          "position": {}
        },
        "_Ln6eGKNMEeW2DKuIR9t1aA": {
          "key": "_Ln6eGKNMEeW2DKuIR9t1aA",
          "name": "context",
          "type": null,
          "probability": 1,
          "modifiers": [
            "package"
          ],
          "to_variable": {
            "key": "_Ln53A6NMEeW2DKuIR9t1aA",
            "name": "context",
            "type": null,
            "modifiers": [
              "package"
            ],
            "position": {}
          },
          "position": {}
        },
        "_Ln6eG6NMEeW2DKuIR9t1aA": {
          "key": "_Ln6eG6NMEeW2DKuIR9t1aA",
          "name": "row",
          "type": null,
          "probability": 1,
          "modifiers": [
            "public"
          ],
          "to_variable": {
            "key": "_Ln53CaNMEeW2DKuIR9t1aA",
            "name": "row",
            "type": null,
            "modifiers": [
              "public"
            ],
            "position": {}
          },
          "position": {}
        }
      }
    },
    "fields_to_fields_data_clump-./Utility-_Ln_91qNMEeW2DKuIR9t1aA-_Ln86Q6NMEeW2DKuIR9t1aA-activitypreferencesdisturbo_labelscala_termicaimmagine_suggerimento": {
      "type": "data_clump",
      "key": "fields_to_fields_data_clump-./Utility-_Ln_91qNMEeW2DKuIR9t1aA-_Ln86Q6NMEeW2DKuIR9t1aA-activitypreferencesdisturbo_labelscala_termicaimmagine_suggerimento",
      "probability": 1,
      "from_file_path": "./Utility",
      "from_class_or_interface_name": "Utility",
      "from_class_or_interface_key": "_Ln_91qNMEeW2DKuIR9t1aA",
      "from_method_name": null,
      "from_method_key": null,
      "to_file_path": "./WorkActivity",
      "to_class_or_interface_key": "_Ln86Q6NMEeW2DKuIR9t1aA",
      "to_class_or_interface_name": "Utility",
      "to_method_key": null,
      "to_method_name": null,
      "data_clump_type": "fields_to_fields_data_clump",
      "data_clump_data": {
        "_Ln_916NMEeW2DKuIR9t1aA": {
          "key": "_Ln_916NMEeW2DKuIR9t1aA",
          "name": "activity",
          "type": null,
          "probability": 1,
          "modifiers": [
            "private"
          ],
          "to_variable": {
            "key": "_Ln9hZ6NMEeW2DKuIR9t1aA",
            "name": "activity",
            "type": null,
            "modifiers": [
              "private"
            ],
            "position": {}
          },
          "position": {}
        },
        "_Ln_93aNMEeW2DKuIR9t1aA": {
          "key": "_Ln_93aNMEeW2DKuIR9t1aA",
          "name": "preferences",
          "type": null,
          "probability": 1,
          "modifiers": [
            "private"
          ],
          "to_variable": {
            "key": "_Ln9hXqNMEeW2DKuIR9t1aA",
            "name": "preferences",
            "type": null,
            "modifiers": [
              "private"
            ],
            "position": {}
          },
          "position": {}
        },
        "_Ln_94KNMEeW2DKuIR9t1aA": {
          "key": "_Ln_94KNMEeW2DKuIR9t1aA",
          "name": "disturbo_label",
          "type": null,
          "probability": 1,
          "modifiers": [
            "private"
          ],
          "to_variable": {
            "key": "_Ln86S6NMEeW2DKuIR9t1aA",
            "name": "disturbo_label",
            "type": null,
            "modifiers": [
              "private"
            ],
            "position": {}
          },
          "position": {}
        },
        "_Ln_95qNMEeW2DKuIR9t1aA": {
          "key": "_Ln_95qNMEeW2DKuIR9t1aA",
          "name": "scala_termica",
          "type": null,
          "probability": 1,
          "modifiers": [
            "private"
          ],
          "to_variable": {
            "key": "_Ln86UaNMEeW2DKuIR9t1aA",
            "name": "scala_termica",
            "type": null,
            "modifiers": [
              "private"
            ],
            "position": {}
          },
          "position": {}
        },
        "_Ln_96aNMEeW2DKuIR9t1aA": {
          "key": "_Ln_96aNMEeW2DKuIR9t1aA",
          "name": "immagine_suggerimento",
          "type": null,
          "probability": 1,
          "modifiers": [
            "private"
          ],
          "to_variable": {
            "key": "_Ln86TqNMEeW2DKuIR9t1aA",
            "name": "immagine_suggerimento",
            "type": null,
            "modifiers": [
              "private"
            ],
            "position": {}
          },
          "position": {}
        }
      }
    },
    "fields_to_fields_data_clump-./WorkActivity-_Ln86Q6NMEeW2DKuIR9t1aA-_Ln_91qNMEeW2DKuIR9t1aA-disturbo_labelimmagine_suggerimentoscala_termicapreferencesactivity": {
      "type": "data_clump",
      "key": "fields_to_fields_data_clump-./WorkActivity-_Ln86Q6NMEeW2DKuIR9t1aA-_Ln_91qNMEeW2DKuIR9t1aA-disturbo_labelimmagine_suggerimentoscala_termicapreferencesactivity",
      "probability": 1,
      "from_file_path": "./WorkActivity",
      "from_class_or_interface_name": "WorkActivity",
      "from_class_or_interface_key": "_Ln86Q6NMEeW2DKuIR9t1aA",
      "from_method_name": null,
      "from_method_key": null,
      "to_file_path": "./Utility",
      "to_class_or_interface_key": "_Ln_91qNMEeW2DKuIR9t1aA",
      "to_class_or_interface_name": "WorkActivity",
      "to_method_key": null,
      "to_method_name": null,
      "data_clump_type": "fields_to_fields_data_clump",
      "data_clump_data": {
        "_Ln86S6NMEeW2DKuIR9t1aA": {
          "key": "_Ln86S6NMEeW2DKuIR9t1aA",
          "name": "disturbo_label",
          "type": null,
          "probability": 1,
          "modifiers": [
            "private"
          ],
          "to_variable": {
            "key": "_Ln_94KNMEeW2DKuIR9t1aA",
            "name": "disturbo_label",
            "type": null,
            "modifiers": [
              "private"
            ],
            "position": {}
          },
          "position": {}
        },
        "_Ln86TqNMEeW2DKuIR9t1aA": {
          "key": "_Ln86TqNMEeW2DKuIR9t1aA",
          "name": "immagine_suggerimento",
          "type": null,
          "probability": 1,
          "modifiers": [
            "private"
          ],
          "to_variable": {
            "key": "_Ln_96aNMEeW2DKuIR9t1aA",
            "name": "immagine_suggerimento",
            "type": null,
            "modifiers": [
              "private"
            ],
            "position": {}
          },
          "position": {}
        },
        "_Ln86UaNMEeW2DKuIR9t1aA": {
          "key": "_Ln86UaNMEeW2DKuIR9t1aA",
          "name": "scala_termica",
          "type": null,
          "probability": 1,
          "modifiers": [
            "private"
          ],
          "to_variable": {
            "key": "_Ln_95qNMEeW2DKuIR9t1aA",
            "name": "scala_termica",
            "type": null,
            "modifiers": [
              "private"
            ],
            "position": {}
          },
          "position": {}
        },
        "_Ln9hXqNMEeW2DKuIR9t1aA": {
          "key": "_Ln9hXqNMEeW2DKuIR9t1aA",
          "name": "preferences",
          "type": null,
          "probability": 1,
          "modifiers": [
            "private"
          ],
          "to_variable": {
            "key": "_Ln_93aNMEeW2DKuIR9t1aA",
            "name": "preferences",
            "type": null,
            "modifiers": [
              "private"
            ],
            "position": {}
          },
          "position": {}
        },
        "_Ln9hZ6NMEeW2DKuIR9t1aA": {
          "key": "_Ln9hZ6NMEeW2DKuIR9t1aA",
          "name": "activity",
          "type": null,
          "probability": 1,
          "modifiers": [
            "private"
          ],
          "to_variable": {
            "key": "_Ln_916NMEeW2DKuIR9t1aA",
            "name": "activity",
            "type": null,
            "modifiers": [
              "private"
            ],
            "position": {}
          },
          "position": {}
        }
      }
    }
  }
}