{
  "report_version": "unknown",
  "report_timestamp": "2025-03-26T21:38:54.542Z",
  "target_language": "java",
  "report_summary": {
    "additional": null,
    "amount_classes_or_interfaces_with_data_clumps": 3,
    "amount_files_with_data_clumps": 3,
    "amount_methods_with_data_clumps": 0,
    "fields_to_fields_data_clump": 4,
    "parameters_to_fields_data_clump": 0,
    "parameters_to_parameters_data_clump": 0,
    "amount_data_clumps": 4
  },
  "project_info": {
    "project_url": "unknown_project_url",
    "project_name": "_xtkM0NX0EeiRsZPYq94rUg",
    "project_version": "unknown_project_version",
    "project_commit_hash": "unknown",
    "project_tag": null,
    "project_commit_date": null,
    "additional": {},
    "number_of_files": 11,
    "number_of_classes_or_interfaces": 11,
    "number_of_methods": 3,
    "number_of_data_fields": 63,
    "number_of_method_parameters": 0
  },
  "detector": {
    "name": "data-clumps-doctor",
    "url": "https://github.com/NilsBaumgartner1994/data-clumps-doctor",
    "version": "0.1.100",
    "options": {
      "typeVariablesConsidered": false,
      "similarityModifierOfVariablesWithUnknownType": 0,
      "fieldsOfClassesWithUnknownHierarchyProbabilityModifier": 0,
      "sharedFieldsToFieldsAmountMinimum": 3,
      "analyseFieldsInClassesOrInterfacesInheritedFromSuperClassesOrInterfaces": false,
      "sharedParametersToParametersAmountMinimum": 3,
      "sharedParametersToFieldsAmountMinimum": 3,
      "methodsOfClassesOrInterfacesWithUnknownHierarchyProbabilityModifier": 0
    }
  },
  "data_clumps": {
    "fields_to_fields_data_clump-./Client-_CX8Y8Lg0EDaDqoq8DDRbZg-_StiDIbg7EDaDqoq8DDRbZg-date_naissancesituation_matrimonialeadresseid_client": {
      "type": "data_clump",
      "key": "fields_to_fields_data_clump-./Client-_CX8Y8Lg0EDaDqoq8DDRbZg-_StiDIbg7EDaDqoq8DDRbZg-date_naissancesituation_matrimonialeadresseid_client",
      "probability": 1,
      "from_file_path": "./Client",
      "from_class_or_interface_name": "Client",
      "from_class_or_interface_key": "_CX8Y8Lg0EDaDqoq8DDRbZg",
      "from_method_name": null,
      "from_method_key": null,
      "to_file_path": "./Commercial",
      "to_class_or_interface_key": "_StiDIbg7EDaDqoq8DDRbZg",
      "to_class_or_interface_name": "Client",
      "to_method_key": null,
      "to_method_name": null,
      "data_clump_type": "fields_to_fields_data_clump",
      "data_clump_data": {
        "_iM-34Lg0EDaDqoq8DDRbZg": {
          "key": "_iM-34Lg0EDaDqoq8DDRbZg",
          "name": "date_naissance",
          "type": null,
          "probability": 1,
          "modifiers": [
            "private"
          ],
          "to_variable": {
            "key": "_kOG98Lg7EDaDqoq8DDRbZg",
            "name": "date_naissance",
            "type": null,
            "modifiers": [
              "private"
            ],
            "position": {}
          },
          "position": {}
        },
        "_maNGQbg0EDaDqoq8DDRbZg": {
          "key": "_maNGQbg0EDaDqoq8DDRbZg",
          "name": "situation_matrimoniale",
          "type": null,
          "probability": 1,
          "modifiers": [
            "private"
          ],
          "to_variable": {
            "key": "_nCme0Lg7EDaDqoq8DDRbZg",
            "name": "situation_matrimoniale",
            "type": null,
            "modifiers": [
              "private"
            ],
            "position": {}
          },
          "position": {}
        },
        "_1zpVcLg0EDaDqoq8DDRbZg": {
          "key": "_1zpVcLg0EDaDqoq8DDRbZg",
          "name": "adresse",
          "type": null,
          "probability": 1,
          "modifiers": [
            "private"
          ],
          "to_variable": {
            "key": "_g2GgULg7EDaDqoq8DDRbZg",
            "name": "adresse",
            "type": null,
            "modifiers": [
              "private"
            ],
            "position": {}
          },
          "position": {}
        },
        "_7ayusLg1EDaDqoq8DDRbZg": {
          "key": "_7ayusLg1EDaDqoq8DDRbZg",
          "name": "id_client",
          "type": null,
          "probability": 1,
          "modifiers": [
            "private"
          ],
          "to_variable": {
            "key": "_z_krkLg7EDaDqoq8DDRbZg",
            "name": "id_client",
            "type": null,
            "modifiers": [
              "private"
            ],
            "position": {}
          },
          "position": {}
        }
      }
    },
    "fields_to_fields_data_clump-./Commercial-_StiDIbg7EDaDqoq8DDRbZg-_CX8Y8Lg0EDaDqoq8DDRbZg-adressedate_naissancesituation_matrimonialeid_client": {
      "type": "data_clump",
      "key": "fields_to_fields_data_clump-./Commercial-_StiDIbg7EDaDqoq8DDRbZg-_CX8Y8Lg0EDaDqoq8DDRbZg-adressedate_naissancesituation_matrimonialeid_client",
      "probability": 1,
      "from_file_path": "./Commercial",
      "from_class_or_interface_name": "Commercial",
      "from_class_or_interface_key": "_StiDIbg7EDaDqoq8DDRbZg",
      "from_method_name": null,
      "from_method_key": null,
      "to_file_path": "./Client",
      "to_class_or_interface_key": "_CX8Y8Lg0EDaDqoq8DDRbZg",
      "to_class_or_interface_name": "Commercial",
      "to_method_key": null,
      "to_method_name": null,
      "data_clump_type": "fields_to_fields_data_clump",
      "data_clump_data": {
        "_g2GgULg7EDaDqoq8DDRbZg": {
          "key": "_g2GgULg7EDaDqoq8DDRbZg",
          "name": "adresse",
          "type": null,
          "probability": 1,
          "modifiers": [
            "private"
          ],
          "to_variable": {
            "key": "_1zpVcLg0EDaDqoq8DDRbZg",
            "name": "adresse",
            "type": null,
            "modifiers": [
              "private"
            ],
            "position": {}
          },
          "position": {}
        },
        "_kOG98Lg7EDaDqoq8DDRbZg": {
          "key": "_kOG98Lg7EDaDqoq8DDRbZg",
          "name": "date_naissance",
          "type": null,
          "probability": 1,
          "modifiers": [
            "private"
          ],
          "to_variable": {
            "key": "_iM-34Lg0EDaDqoq8DDRbZg",
            "name": "date_naissance",
            "type": null,
            "modifiers": [
              "private"
            ],
            "position": {}
          },
          "position": {}
        },
        "_nCme0Lg7EDaDqoq8DDRbZg": {
          "key": "_nCme0Lg7EDaDqoq8DDRbZg",
          "name": "situation_matrimoniale",
          "type": null,
          "probability": 1,
          "modifiers": [
            "private"
          ],
          "to_variable": {
            "key": "_maNGQbg0EDaDqoq8DDRbZg",
            "name": "situation_matrimoniale",
            "type": null,
            "modifiers": [
              "private"
            ],
            "position": {}
          },
          "position": {}
        },
        "_z_krkLg7EDaDqoq8DDRbZg": {
          "key": "_z_krkLg7EDaDqoq8DDRbZg",
          "name": "id_client",
          "type": null,
          "probability": 1,
          "modifiers": [
            "private"
          ],
          "to_variable": {
            "key": "_7ayusLg1EDaDqoq8DDRbZg",
            "name": "id_client",
            "type": null,
            "modifiers": [
              "private"
            ],
            "position": {}
          },
          "position": {}
        }
      }
    },
    "fields_to_fields_data_clump-./Commercial-_StiDIbg7EDaDqoq8DDRbZg-_Ko66MLhAEDaDqoq8DDRbZg-nomprenomscontactsadressesituation_matrimoniale": {
      "type": "data_clump",
      "key": "fields_to_fields_data_clump-./Commercial-_StiDIbg7EDaDqoq8DDRbZg-_Ko66MLhAEDaDqoq8DDRbZg-nomprenomscontactsadressesituation_matrimoniale",
      "probability": 1,
      "from_file_path": "./Commercial",
      "from_class_or_interface_name": "Commercial",
      "from_class_or_interface_key": "_StiDIbg7EDaDqoq8DDRbZg",
      "from_method_name": null,
      "from_method_key": null,
      "to_file_path": "./Responsable_commercial",
      "to_class_or_interface_key": "_Ko66MLhAEDaDqoq8DDRbZg",
      "to_class_or_interface_name": "Commercial",
      "to_method_key": null,
      "to_method_name": null,
      "data_clump_type": "fields_to_fields_data_clump",
      "data_clump_data": {
        "_XzIrAbg7EDaDqoq8DDRbZg": {
          "key": "_XzIrAbg7EDaDqoq8DDRbZg",
          "name": "nom",
          "type": null,
          "probability": 1,
          "modifiers": [
            "private"
          ],
          "to_variable": {
            "key": "_QCyh4LhAEDaDqoq8DDRbZg",
            "name": "nom",
            "type": null,
            "modifiers": [
              "private"
            ],
            "position": {}
          },
          "position": {}
        },
        "_aruowLg7EDaDqoq8DDRbZg": {
          "key": "_aruowLg7EDaDqoq8DDRbZg",
          "name": "prenoms",
          "type": null,
          "probability": 1,
          "modifiers": [
            "private"
          ],
          "to_variable": {
            "key": "_SJvnULhAEDaDqoq8DDRbZg",
            "name": "prenoms",
            "type": null,
            "modifiers": [
              "private"
            ],
            "position": {}
          },
          "position": {}
        },
        "_c_W4QLg7EDaDqoq8DDRbZg": {
          "key": "_c_W4QLg7EDaDqoq8DDRbZg",
          "name": "contacts",
          "type": null,
          "probability": 1,
          "modifiers": [
            "private"
          ],
          "to_variable": {
            "key": "_VxysELhAEDaDqoq8DDRbZg",
            "name": "contacts",
            "type": null,
            "modifiers": [
              "private"
            ],
            "position": {}
          },
          "position": {}
        },
        "_g2GgULg7EDaDqoq8DDRbZg": {
          "key": "_g2GgULg7EDaDqoq8DDRbZg",
          "name": "adresse",
          "type": null,
          "probability": 1,
          "modifiers": [
            "private"
          ],
          "to_variable": {
            "key": "_UI2_YLhAEDaDqoq8DDRbZg",
            "name": "adresse",
            "type": null,
            "modifiers": [
              "private"
            ],
            "position": {}
          },
          "position": {}
        },
        "_nCme0Lg7EDaDqoq8DDRbZg": {
          "key": "_nCme0Lg7EDaDqoq8DDRbZg",
          "name": "situation_matrimoniale",
          "type": null,
          "probability": 1,
          "modifiers": [
            "private"
          ],
          "to_variable": {
            "key": "_a-jr4LhAEDaDqoq8DDRbZg",
            "name": "situation_matrimoniale",
            "type": null,
            "modifiers": [
              "private"
            ],
            "position": {}
          },
          "position": {}
        }
      }
    },
    "fields_to_fields_data_clump-./Responsable_commercial-_Ko66MLhAEDaDqoq8DDRbZg-_StiDIbg7EDaDqoq8DDRbZg-nomprenomsadressecontactssituation_matrimoniale": {
      "type": "data_clump",
      "key": "fields_to_fields_data_clump-./Responsable_commercial-_Ko66MLhAEDaDqoq8DDRbZg-_StiDIbg7EDaDqoq8DDRbZg-nomprenomsadressecontactssituation_matrimoniale",
      "probability": 1,
      "from_file_path": "./Responsable_commercial",
      "from_class_or_interface_name": "Responsable_commercial",
      "from_class_or_interface_key": "_Ko66MLhAEDaDqoq8DDRbZg",
      "from_method_name": null,
      "from_method_key": null,
      "to_file_path": "./Commercial",
      "to_class_or_interface_key": "_StiDIbg7EDaDqoq8DDRbZg",
      "to_class_or_interface_name": "Responsable_commercial",
      "to_method_key": null,
      "to_method_name": null,
      "data_clump_type": "fields_to_fields_data_clump",
      "data_clump_data": {
        "_QCyh4LhAEDaDqoq8DDRbZg": {
          "key": "_QCyh4LhAEDaDqoq8DDRbZg",
          "name": "nom",
          "type": null,
          "probability": 1,
          "modifiers": [
            "private"
          ],
          "to_variable": {
            "key": "_XzIrAbg7EDaDqoq8DDRbZg",
            "name": "nom",
            "type": null,
            "modifiers": [
              "private"
            ],
            "position": {}
          },
          "position": {}
        },
        "_SJvnULhAEDaDqoq8DDRbZg": {
          "key": "_SJvnULhAEDaDqoq8DDRbZg",
          "name": "prenoms",
          "type": null,
          "probability": 1,
          "modifiers": [
            "private"
          ],
          "to_variable": {
            "key": "_aruowLg7EDaDqoq8DDRbZg",
            "name": "prenoms",
            "type": null,
            "modifiers": [
              "private"
            ],
            "position": {}
          },
          "position": {}
        },
        "_UI2_YLhAEDaDqoq8DDRbZg": {
          "key": "_UI2_YLhAEDaDqoq8DDRbZg",
          "name": "adresse",
          "type": null,
          "probability": 1,
          "modifiers": [
            "private"
          ],
          "to_variable": {
            "key": "_g2GgULg7EDaDqoq8DDRbZg",
            "name": "adresse",
            "type": null,
            "modifiers": [
              "private"
            ],
            "position": {}
          },
          "position": {}
        },
        "_VxysELhAEDaDqoq8DDRbZg": {
          "key": "_VxysELhAEDaDqoq8DDRbZg",
          "name": "contacts",
          "type": null,
          "probability": 1,
          "modifiers": [
            "private"
          ],
          "to_variable": {
            "key": "_c_W4QLg7EDaDqoq8DDRbZg",
            "name": "contacts",
            "type": null,
            "modifiers": [
              "private"
            ],
            "position": {}
          },
          "position": {}
        },
        "_a-jr4LhAEDaDqoq8DDRbZg": {
          "key": "_a-jr4LhAEDaDqoq8DDRbZg",
          "name": "situation_matrimoniale",
          "type": null,
          "probability": 1,
          "modifiers": [
            "private"
          ],
          "to_variable": {
            "key": "_nCme0Lg7EDaDqoq8DDRbZg",
            "name": "situation_matrimoniale",
            "type": null,
            "modifiers": [
              "private"
            ],
            "position": {}
          },
          "position": {}
        }
      }
    }
  }
}