{
  "report_version": "unknown",
  "report_timestamp": "2025-03-26T22:39:40.069Z",
  "target_language": "java",
  "report_summary": {
    "additional": null,
    "amount_classes_or_interfaces_with_data_clumps": 4,
    "amount_files_with_data_clumps": 4,
    "amount_methods_with_data_clumps": 0,
    "fields_to_fields_data_clump": 4,
    "parameters_to_fields_data_clump": 0,
    "parameters_to_parameters_data_clump": 0,
    "amount_data_clumps": 4
  },
  "project_info": {
    "project_url": "unknown_project_url",
    "project_name": "__M9sMKI0EeawbN_F_HFDxg",
    "project_version": "unknown_project_version",
    "project_commit_hash": "unknown",
    "project_tag": null,
    "project_commit_date": null,
    "additional": {},
    "number_of_files": 10,
    "number_of_classes_or_interfaces": 10,
    "number_of_methods": 44,
    "number_of_data_fields": 22,
    "number_of_method_parameters": 0
  },
  "detector": {
    "name": "data-clumps-doctor",
    "url": "https://github.com/NilsBaumgartner1994/data-clumps-doctor",
    "version": "0.1.100",
    "options": {
      "typeVariablesConsidered": false,
      "similarityModifierOfVariablesWithUnknownType": 0,
      "fieldsOfClassesWithUnknownHierarchyProbabilityModifier": 0,
      "sharedFieldsToFieldsAmountMinimum": 3,
      "analyseFieldsInClassesOrInterfacesInheritedFromSuperClassesOrInterfaces": false,
      "sharedParametersToParametersAmountMinimum": 3,
      "sharedParametersToFieldsAmountMinimum": 3,
      "methodsOfClassesOrInterfacesWithUnknownHierarchyProbabilityModifier": 0
    }
  },
  "data_clumps": {
    "fields_to_fields_data_clump-./CompanyAbctract-_bzCYAISlEDS0P4HBlRqO4A-_iWuugISlEDS0P4HBlRqO4A-idnametelemail": {
      "type": "data_clump",
      "key": "fields_to_fields_data_clump-./CompanyAbctract-_bzCYAISlEDS0P4HBlRqO4A-_iWuugISlEDS0P4HBlRqO4A-idnametelemail",
      "probability": 1,
      "from_file_path": "./CompanyAbctract",
      "from_class_or_interface_name": "CompanyAbctract",
      "from_class_or_interface_key": "_bzCYAISlEDS0P4HBlRqO4A",
      "from_method_name": null,
      "from_method_key": null,
      "to_file_path": "./CustomerAbctract",
      "to_class_or_interface_key": "_iWuugISlEDS0P4HBlRqO4A",
      "to_class_or_interface_name": "CompanyAbctract",
      "to_method_key": null,
      "to_method_name": null,
      "data_clump_type": "fields_to_fields_data_clump",
      "data_clump_data": {
        "_mbXSgISuEDS0P4HBlRqO4A": {
          "key": "_mbXSgISuEDS0P4HBlRqO4A",
          "name": "id",
          "type": null,
          "probability": 1,
          "modifiers": [
            "private"
          ],
          "to_variable": {
            "key": "_B0xToISvEDS0P4HBlRqO4A",
            "name": "id",
            "type": null,
            "modifiers": [
              "private"
            ],
            "position": {}
          },
          "position": {}
        },
        "_ndqdAISuEDS0P4HBlRqO4A": {
          "key": "_ndqdAISuEDS0P4HBlRqO4A",
          "name": "name",
          "type": null,
          "probability": 1,
          "modifiers": [
            "private"
          ],
          "to_variable": {
            "key": "_B0x6sISvEDS0P4HBlRqO4A",
            "name": "name",
            "type": null,
            "modifiers": [
              "private"
            ],
            "position": {}
          },
          "position": {}
        },
        "_nnw0MISuEDS0P4HBlRqO4A": {
          "key": "_nnw0MISuEDS0P4HBlRqO4A",
          "name": "tel",
          "type": null,
          "probability": 1,
          "modifiers": [
            "private"
          ],
          "to_variable": {
            "key": "_B0yhwISvEDS0P4HBlRqO4A",
            "name": "tel",
            "type": null,
            "modifiers": [
              "private"
            ],
            "position": {}
          },
          "position": {}
        },
        "_oelugISuEDS0P4HBlRqO4A": {
          "key": "_oelugISuEDS0P4HBlRqO4A",
          "name": "email",
          "type": null,
          "probability": 1,
          "modifiers": [
            "private"
          ],
          "to_variable": {
            "key": "_B01lEISvEDS0P4HBlRqO4A",
            "name": "email",
            "type": null,
            "modifiers": [
              "private"
            ],
            "position": {}
          },
          "position": {}
        }
      }
    },
    "fields_to_fields_data_clump-./CustomerAbctract-_iWuugISlEDS0P4HBlRqO4A-_bzCYAISlEDS0P4HBlRqO4A-idnametelemail": {
      "type": "data_clump",
      "key": "fields_to_fields_data_clump-./CustomerAbctract-_iWuugISlEDS0P4HBlRqO4A-_bzCYAISlEDS0P4HBlRqO4A-idnametelemail",
      "probability": 1,
      "from_file_path": "./CustomerAbctract",
      "from_class_or_interface_name": "CustomerAbctract",
      "from_class_or_interface_key": "_iWuugISlEDS0P4HBlRqO4A",
      "from_method_name": null,
      "from_method_key": null,
      "to_file_path": "./CompanyAbctract",
      "to_class_or_interface_key": "_bzCYAISlEDS0P4HBlRqO4A",
      "to_class_or_interface_name": "CustomerAbctract",
      "to_method_key": null,
      "to_method_name": null,
      "data_clump_type": "fields_to_fields_data_clump",
      "data_clump_data": {
        "_B0xToISvEDS0P4HBlRqO4A": {
          "key": "_B0xToISvEDS0P4HBlRqO4A",
          "name": "id",
          "type": null,
          "probability": 1,
          "modifiers": [
            "private"
          ],
          "to_variable": {
            "key": "_mbXSgISuEDS0P4HBlRqO4A",
            "name": "id",
            "type": null,
            "modifiers": [
              "private"
            ],
            "position": {}
          },
          "position": {}
        },
        "_B0x6sISvEDS0P4HBlRqO4A": {
          "key": "_B0x6sISvEDS0P4HBlRqO4A",
          "name": "name",
          "type": null,
          "probability": 1,
          "modifiers": [
            "private"
          ],
          "to_variable": {
            "key": "_ndqdAISuEDS0P4HBlRqO4A",
            "name": "name",
            "type": null,
            "modifiers": [
              "private"
            ],
            "position": {}
          },
          "position": {}
        },
        "_B0yhwISvEDS0P4HBlRqO4A": {
          "key": "_B0yhwISvEDS0P4HBlRqO4A",
          "name": "tel",
          "type": null,
          "probability": 1,
          "modifiers": [
            "private"
          ],
          "to_variable": {
            "key": "_nnw0MISuEDS0P4HBlRqO4A",
            "name": "tel",
            "type": null,
            "modifiers": [
              "private"
            ],
            "position": {}
          },
          "position": {}
        },
        "_B01lEISvEDS0P4HBlRqO4A": {
          "key": "_B01lEISvEDS0P4HBlRqO4A",
          "name": "email",
          "type": null,
          "probability": 1,
          "modifiers": [
            "private"
          ],
          "to_variable": {
            "key": "_oelugISuEDS0P4HBlRqO4A",
            "name": "email",
            "type": null,
            "modifiers": [
              "private"
            ],
            "position": {}
          },
          "position": {}
        }
      }
    },
    "fields_to_fields_data_clump-./OrderAbctract-_lutPkISoEDS0P4HBlRqO4A-_mRzc8ISlEDS0P4HBlRqO4A-idnamecostamountdescription": {
      "type": "data_clump",
      "key": "fields_to_fields_data_clump-./OrderAbctract-_lutPkISoEDS0P4HBlRqO4A-_mRzc8ISlEDS0P4HBlRqO4A-idnamecostamountdescription",
      "probability": 1,
      "from_file_path": "./OrderAbctract",
      "from_class_or_interface_name": "OrderAbctract",
      "from_class_or_interface_key": "_lutPkISoEDS0P4HBlRqO4A",
      "from_method_name": null,
      "from_method_key": null,
      "to_file_path": "./ProductAbctract",
      "to_class_or_interface_key": "_mRzc8ISlEDS0P4HBlRqO4A",
      "to_class_or_interface_name": "OrderAbctract",
      "to_method_key": null,
      "to_method_name": null,
      "data_clump_type": "fields_to_fields_data_clump",
      "data_clump_data": {
        "_SCN9MISwEDS0P4HBlRqO4A": {
          "key": "_SCN9MISwEDS0P4HBlRqO4A",
          "name": "id",
          "type": null,
          "probability": 1,
          "modifiers": [
            "private"
          ],
          "to_variable": {
            "key": "_4C0b8ISvEDS0P4HBlRqO4A",
            "name": "id",
            "type": null,
            "modifiers": [
              "private"
            ],
            "position": {}
          },
          "position": {}
        },
        "_SCOkQISwEDS0P4HBlRqO4A": {
          "key": "_SCOkQISwEDS0P4HBlRqO4A",
          "name": "name",
          "type": null,
          "probability": 1,
          "modifiers": [
            "private"
          ],
          "to_variable": {
            "key": "_4C1DAISvEDS0P4HBlRqO4A",
            "name": "name",
            "type": null,
            "modifiers": [
              "private"
            ],
            "position": {}
          },
          "position": {}
        },
        "_SCOkQYSwEDS0P4HBlRqO4A": {
          "key": "_SCOkQYSwEDS0P4HBlRqO4A",
          "name": "cost",
          "type": null,
          "probability": 1,
          "modifiers": [
            "private"
          ],
          "to_variable": {
            "key": "_8tL5UYSvEDS0P4HBlRqO4A",
            "name": "cost",
            "type": null,
            "modifiers": [
              "private"
            ],
            "position": {}
          },
          "position": {}
        },
        "_SCOkQoSwEDS0P4HBlRqO4A": {
          "key": "_SCOkQoSwEDS0P4HBlRqO4A",
          "name": "amount",
          "type": null,
          "probability": 1,
          "modifiers": [
            "private"
          ],
          "to_variable": {
            "key": "_DTWVAISwEDS0P4HBlRqO4A",
            "name": "amount",
            "type": null,
            "modifiers": [
              "private"
            ],
            "position": {}
          },
          "position": {}
        },
        "_7DnMEISyEDS0P4HBlRqO4A": {
          "key": "_7DnMEISyEDS0P4HBlRqO4A",
          "name": "description",
          "type": null,
          "probability": 1,
          "modifiers": [
            "private"
          ],
          "to_variable": {
            "key": "_vnMMEISyEDS0P4HBlRqO4A",
            "name": "description",
            "type": null,
            "modifiers": [
              "private"
            ],
            "position": {}
          },
          "position": {}
        }
      }
    },
    "fields_to_fields_data_clump-./ProductAbctract-_mRzc8ISlEDS0P4HBlRqO4A-_lutPkISoEDS0P4HBlRqO4A-idnamecostamountdescription": {
      "type": "data_clump",
      "key": "fields_to_fields_data_clump-./ProductAbctract-_mRzc8ISlEDS0P4HBlRqO4A-_lutPkISoEDS0P4HBlRqO4A-idnamecostamountdescription",
      "probability": 1,
      "from_file_path": "./ProductAbctract",
      "from_class_or_interface_name": "ProductAbctract",
      "from_class_or_interface_key": "_mRzc8ISlEDS0P4HBlRqO4A",
      "from_method_name": null,
      "from_method_key": null,
      "to_file_path": "./OrderAbctract",
      "to_class_or_interface_key": "_lutPkISoEDS0P4HBlRqO4A",
      "to_class_or_interface_name": "ProductAbctract",
      "to_method_key": null,
      "to_method_name": null,
      "data_clump_type": "fields_to_fields_data_clump",
      "data_clump_data": {
        "_4C0b8ISvEDS0P4HBlRqO4A": {
          "key": "_4C0b8ISvEDS0P4HBlRqO4A",
          "name": "id",
          "type": null,
          "probability": 1,
          "modifiers": [
            "private"
          ],
          "to_variable": {
            "key": "_SCN9MISwEDS0P4HBlRqO4A",
            "name": "id",
            "type": null,
            "modifiers": [
              "private"
            ],
            "position": {}
          },
          "position": {}
        },
        "_4C1DAISvEDS0P4HBlRqO4A": {
          "key": "_4C1DAISvEDS0P4HBlRqO4A",
          "name": "name",
          "type": null,
          "probability": 1,
          "modifiers": [
            "private"
          ],
          "to_variable": {
            "key": "_SCOkQISwEDS0P4HBlRqO4A",
            "name": "name",
            "type": null,
            "modifiers": [
              "private"
            ],
            "position": {}
          },
          "position": {}
        },
        "_8tL5UYSvEDS0P4HBlRqO4A": {
          "key": "_8tL5UYSvEDS0P4HBlRqO4A",
          "name": "cost",
          "type": null,
          "probability": 1,
          "modifiers": [
            "private"
          ],
          "to_variable": {
            "key": "_SCOkQYSwEDS0P4HBlRqO4A",
            "name": "cost",
            "type": null,
            "modifiers": [
              "private"
            ],
            "position": {}
          },
          "position": {}
        },
        "_DTWVAISwEDS0P4HBlRqO4A": {
          "key": "_DTWVAISwEDS0P4HBlRqO4A",
          "name": "amount",
          "type": null,
          "probability": 1,
          "modifiers": [
            "private"
          ],
          "to_variable": {
            "key": "_SCOkQoSwEDS0P4HBlRqO4A",
            "name": "amount",
            "type": null,
            "modifiers": [
              "private"
            ],
            "position": {}
          },
          "position": {}
        },
        "_vnMMEISyEDS0P4HBlRqO4A": {
          "key": "_vnMMEISyEDS0P4HBlRqO4A",
          "name": "description",
          "type": null,
          "probability": 1,
          "modifiers": [
            "private"
          ],
          "to_variable": {
            "key": "_7DnMEISyEDS0P4HBlRqO4A",
            "name": "description",
            "type": null,
            "modifiers": [
              "private"
            ],
            "position": {}
          },
          "position": {}
        }
      }
    }
  }
}