{
  "report_version": "unknown",
  "report_timestamp": "2025-03-26T21:58:27.464Z",
  "target_language": "java",
  "report_summary": {
    "additional": null,
    "amount_classes_or_interfaces_with_data_clumps": 3,
    "amount_files_with_data_clumps": 3,
    "amount_methods_with_data_clumps": 2,
    "fields_to_fields_data_clump": 2,
    "parameters_to_fields_data_clump": 0,
    "parameters_to_parameters_data_clump": 2,
    "amount_data_clumps": 4
  },
  "project_info": {
    "project_url": "unknown_project_url",
    "project_name": "_BG4aEKsZEe2vW5IAILnJcQ",
    "project_version": "unknown_project_version",
    "project_commit_hash": "unknown",
    "project_tag": null,
    "project_commit_date": null,
    "additional": {},
    "number_of_files": 4,
    "number_of_classes_or_interfaces": 4,
    "number_of_methods": 15,
    "number_of_data_fields": 21,
    "number_of_method_parameters": 22
  },
  "detector": {
    "name": "data-clumps-doctor",
    "url": "https://github.com/NilsBaumgartner1994/data-clumps-doctor",
    "version": "0.1.100",
    "options": {
      "typeVariablesConsidered": false,
      "similarityModifierOfVariablesWithUnknownType": 0,
      "fieldsOfClassesWithUnknownHierarchyProbabilityModifier": 0,
      "sharedFieldsToFieldsAmountMinimum": 3,
      "analyseFieldsInClassesOrInterfacesInheritedFromSuperClassesOrInterfaces": false,
      "sharedParametersToParametersAmountMinimum": 3,
      "sharedParametersToFieldsAmountMinimum": 3,
      "methodsOfClassesOrInterfacesWithUnknownHierarchyProbabilityModifier": 0
    }
  },
  "data_clumps": {
    "parameters_to_parameters_data_clump-./curso-_NuNI0I1KEDup2bwa4gJRbA-_QISloI1KEDup2bwa4gJRbA-parameterparameter2parameter3": {
      "type": "data_clump",
      "key": "parameters_to_parameters_data_clump-./curso-_NuNI0I1KEDup2bwa4gJRbA-_QISloI1KEDup2bwa4gJRbA-parameterparameter2parameter3",
      "probability": 1,
      "from_file_path": "./curso",
      "from_class_or_interface_name": "curso",
      "from_class_or_interface_key": "_Nfzn0I1HEDup2bwa4gJRbA",
      "from_method_name": "modificarNota",
      "from_method_key": "_NuNI0I1KEDup2bwa4gJRbA",
      "to_file_path": "./curso",
      "to_class_or_interface_name": "curso",
      "to_class_or_interface_key": "_Nfzn0I1HEDup2bwa4gJRbA",
      "to_method_name": "ingresarNota",
      "to_method_key": "_QISloI1KEDup2bwa4gJRbA",
      "data_clump_type": "parameters_to_parameters_data_clump",
      "data_clump_data": {
        "_ciRaEI1KEDup2bwa4gJRbA": {
          "key": "_ciRaEI1KEDup2bwa4gJRbA",
          "name": "parameter",
          "type": null,
          "probability": 1,
          "modifiers": [],
          "to_variable": {
            "key": "_iL7KMI1KEDup2bwa4gJRbA",
            "name": "parameter",
            "type": null,
            "modifiers": [],
            "position": {}
          },
          "position": {}
        },
        "_h1fAII1KEDup2bwa4gJRbA": {
          "key": "_h1fAII1KEDup2bwa4gJRbA",
          "name": "parameter2",
          "type": null,
          "probability": 1,
          "modifiers": [],
          "to_variable": {
            "key": "_i4Sg8I1KEDup2bwa4gJRbA",
            "name": "parameter2",
            "type": null,
            "modifiers": [],
            "position": {}
          },
          "position": {}
        },
        "_qwoWMI1KEDup2bwa4gJRbA": {
          "key": "_qwoWMI1KEDup2bwa4gJRbA",
          "name": "parameter3",
          "type": null,
          "probability": 1,
          "modifiers": [],
          "to_variable": {
            "key": "_t_OZII1KEDup2bwa4gJRbA",
            "name": "parameter3",
            "type": null,
            "modifiers": [],
            "position": {}
          },
          "position": {}
        }
      }
    },
    "parameters_to_parameters_data_clump-./curso-_QISloI1KEDup2bwa4gJRbA-_NuNI0I1KEDup2bwa4gJRbA-parameterparameter2parameter3": {
      "type": "data_clump",
      "key": "parameters_to_parameters_data_clump-./curso-_QISloI1KEDup2bwa4gJRbA-_NuNI0I1KEDup2bwa4gJRbA-parameterparameter2parameter3",
      "probability": 1,
      "from_file_path": "./curso",
      "from_class_or_interface_name": "curso",
      "from_class_or_interface_key": "_Nfzn0I1HEDup2bwa4gJRbA",
      "from_method_name": "ingresarNota",
      "from_method_key": "_QISloI1KEDup2bwa4gJRbA",
      "to_file_path": "./curso",
      "to_class_or_interface_name": "curso",
      "to_class_or_interface_key": "_Nfzn0I1HEDup2bwa4gJRbA",
      "to_method_name": "modificarNota",
      "to_method_key": "_NuNI0I1KEDup2bwa4gJRbA",
      "data_clump_type": "parameters_to_parameters_data_clump",
      "data_clump_data": {
        "_iL7KMI1KEDup2bwa4gJRbA": {
          "key": "_iL7KMI1KEDup2bwa4gJRbA",
          "name": "parameter",
          "type": null,
          "probability": 1,
          "modifiers": [],
          "to_variable": {
            "key": "_ciRaEI1KEDup2bwa4gJRbA",
            "name": "parameter",
            "type": null,
            "modifiers": [],
            "position": {}
          },
          "position": {}
        },
        "_i4Sg8I1KEDup2bwa4gJRbA": {
          "key": "_i4Sg8I1KEDup2bwa4gJRbA",
          "name": "parameter2",
          "type": null,
          "probability": 1,
          "modifiers": [],
          "to_variable": {
            "key": "_h1fAII1KEDup2bwa4gJRbA",
            "name": "parameter2",
            "type": null,
            "modifiers": [],
            "position": {}
          },
          "position": {}
        },
        "_t_OZII1KEDup2bwa4gJRbA": {
          "key": "_t_OZII1KEDup2bwa4gJRbA",
          "name": "parameter3",
          "type": null,
          "probability": 1,
          "modifiers": [],
          "to_variable": {
            "key": "_qwoWMI1KEDup2bwa4gJRbA",
            "name": "parameter3",
            "type": null,
            "modifiers": [],
            "position": {}
          },
          "position": {}
        }
      }
    },
    "fields_to_fields_data_clump-./docente-_IyEGUI1HEDup2bwa4gJRbA-_GHpugI1HEDup2bwa4gJRbA-idnombreprogramaestado": {
      "type": "data_clump",
      "key": "fields_to_fields_data_clump-./docente-_IyEGUI1HEDup2bwa4gJRbA-_GHpugI1HEDup2bwa4gJRbA-idnombreprogramaestado",
      "probability": 1,
      "from_file_path": "./docente",
      "from_class_or_interface_name": "docente",
      "from_class_or_interface_key": "_IyEGUI1HEDup2bwa4gJRbA",
      "from_method_name": null,
      "from_method_key": null,
      "to_file_path": "./estudiante",
      "to_class_or_interface_key": "_GHpugI1HEDup2bwa4gJRbA",
      "to_class_or_interface_name": "docente",
      "to_method_key": null,
      "to_method_name": null,
      "data_clump_type": "fields_to_fields_data_clump",
      "data_clump_data": {
        "_or_P0I1IEDup2bwa4gJRbA": {
          "key": "_or_P0I1IEDup2bwa4gJRbA",
          "name": "id",
          "type": null,
          "probability": 1,
          "modifiers": [
            "public"
          ],
          "to_variable": {
            "key": "_m6kK8I1HEDup2bwa4gJRbA",
            "name": "id",
            "type": null,
            "modifiers": [
              "public"
            ],
            "position": {}
          },
          "position": {}
        },
        "_qIr3UI1IEDup2bwa4gJRbA": {
          "key": "_qIr3UI1IEDup2bwa4gJRbA",
          "name": "nombre",
          "type": null,
          "probability": 1,
          "modifiers": [
            "public"
          ],
          "to_variable": {
            "key": "_pkUbcI1HEDup2bwa4gJRbA",
            "name": "nombre",
            "type": null,
            "modifiers": [
              "public"
            ],
            "position": {}
          },
          "position": {}
        },
        "_tD_x4I1IEDup2bwa4gJRbA": {
          "key": "_tD_x4I1IEDup2bwa4gJRbA",
          "name": "programa",
          "type": null,
          "probability": 1,
          "modifiers": [
            "public"
          ],
          "to_variable": {
            "key": "_WLKY8I1IEDup2bwa4gJRbA",
            "name": "programa",
            "type": null,
            "modifiers": [
              "public"
            ],
            "position": {}
          },
          "position": {}
        },
        "_w6NOcI1IEDup2bwa4gJRbA": {
          "key": "_w6NOcI1IEDup2bwa4gJRbA",
          "name": "estado",
          "type": null,
          "probability": 1,
          "modifiers": [
            "public"
          ],
          "to_variable": {
            "key": "_9tDrUI1HEDup2bwa4gJRbA",
            "name": "estado",
            "type": null,
            "modifiers": [
              "public"
            ],
            "position": {}
          },
          "position": {}
        }
      }
    },
    "fields_to_fields_data_clump-./estudiante-_GHpugI1HEDup2bwa4gJRbA-_IyEGUI1HEDup2bwa4gJRbA-idnombreestadoprograma": {
      "type": "data_clump",
      "key": "fields_to_fields_data_clump-./estudiante-_GHpugI1HEDup2bwa4gJRbA-_IyEGUI1HEDup2bwa4gJRbA-idnombreestadoprograma",
      "probability": 1,
      "from_file_path": "./estudiante",
      "from_class_or_interface_name": "estudiante",
      "from_class_or_interface_key": "_GHpugI1HEDup2bwa4gJRbA",
      "from_method_name": null,
      "from_method_key": null,
      "to_file_path": "./docente",
      "to_class_or_interface_key": "_IyEGUI1HEDup2bwa4gJRbA",
      "to_class_or_interface_name": "estudiante",
      "to_method_key": null,
      "to_method_name": null,
      "data_clump_type": "fields_to_fields_data_clump",
      "data_clump_data": {
        "_m6kK8I1HEDup2bwa4gJRbA": {
          "key": "_m6kK8I1HEDup2bwa4gJRbA",
          "name": "id",
          "type": null,
          "probability": 1,
          "modifiers": [
            "public"
          ],
          "to_variable": {
            "key": "_or_P0I1IEDup2bwa4gJRbA",
            "name": "id",
            "type": null,
            "modifiers": [
              "public"
            ],
            "position": {}
          },
          "position": {}
        },
        "_pkUbcI1HEDup2bwa4gJRbA": {
          "key": "_pkUbcI1HEDup2bwa4gJRbA",
          "name": "nombre",
          "type": null,
          "probability": 1,
          "modifiers": [
            "public"
          ],
          "to_variable": {
            "key": "_qIr3UI1IEDup2bwa4gJRbA",
            "name": "nombre",
            "type": null,
            "modifiers": [
              "public"
            ],
            "position": {}
          },
          "position": {}
        },
        "_9tDrUI1HEDup2bwa4gJRbA": {
          "key": "_9tDrUI1HEDup2bwa4gJRbA",
          "name": "estado",
          "type": null,
          "probability": 1,
          "modifiers": [
            "public"
          ],
          "to_variable": {
            "key": "_w6NOcI1IEDup2bwa4gJRbA",
            "name": "estado",
            "type": null,
            "modifiers": [
              "public"
            ],
            "position": {}
          },
          "position": {}
        },
        "_WLKY8I1IEDup2bwa4gJRbA": {
          "key": "_WLKY8I1IEDup2bwa4gJRbA",
          "name": "programa",
          "type": null,
          "probability": 1,
          "modifiers": [
            "public"
          ],
          "to_variable": {
            "key": "_tD_x4I1IEDup2bwa4gJRbA",
            "name": "programa",
            "type": null,
            "modifiers": [
              "public"
            ],
            "position": {}
          },
          "position": {}
        }
      }
    }
  }
}