{
  "report_version": "unknown",
  "report_timestamp": "2025-03-26T22:04:06.918Z",
  "target_language": "java",
  "report_summary": {
    "additional": null,
    "amount_classes_or_interfaces_with_data_clumps": 2,
    "amount_files_with_data_clumps": 2,
    "amount_methods_with_data_clumps": 0,
    "fields_to_fields_data_clump": 2,
    "parameters_to_fields_data_clump": 0,
    "parameters_to_parameters_data_clump": 0,
    "amount_data_clumps": 2
  },
  "project_info": {
    "project_url": "unknown_project_url",
    "project_name": "_I_jQ4DQCEeuxZMUIY-ihGw",
    "project_version": "unknown_project_version",
    "project_commit_hash": "unknown",
    "project_tag": null,
    "project_commit_date": null,
    "additional": {},
    "number_of_files": 41,
    "number_of_classes_or_interfaces": 41,
    "number_of_methods": 54,
    "number_of_data_fields": 101,
    "number_of_method_parameters": 0
  },
  "detector": {
    "name": "data-clumps-doctor",
    "url": "https://github.com/NilsBaumgartner1994/data-clumps-doctor",
    "version": "0.1.100",
    "options": {
      "typeVariablesConsidered": false,
      "similarityModifierOfVariablesWithUnknownType": 0,
      "fieldsOfClassesWithUnknownHierarchyProbabilityModifier": 0,
      "sharedFieldsToFieldsAmountMinimum": 3,
      "analyseFieldsInClassesOrInterfacesInheritedFromSuperClassesOrInterfaces": false,
      "sharedParametersToParametersAmountMinimum": 3,
      "sharedParametersToFieldsAmountMinimum": 3,
      "methodsOfClassesOrInterfacesWithUnknownHierarchyProbabilityModifier": 0
    }
  },
  "data_clumps": {
    "fields_to_fields_data_clump-./OrderDetail-_I_zJITQCEeuxZMUIY-ihGw-_I_zJQTQCEeuxZMUIY-ihGw-productIdquantityunitCost": {
      "type": "data_clump",
      "key": "fields_to_fields_data_clump-./OrderDetail-_I_zJITQCEeuxZMUIY-ihGw-_I_zJQTQCEeuxZMUIY-ihGw-productIdquantityunitCost",
      "probability": 1,
      "from_file_path": "./OrderDetail",
      "from_class_or_interface_name": "OrderDetail",
      "from_class_or_interface_key": "_I_zJITQCEeuxZMUIY-ihGw",
      "from_method_name": null,
      "from_method_key": null,
      "to_file_path": "./cartItem",
      "to_class_or_interface_key": "_I_zJQTQCEeuxZMUIY-ihGw",
      "to_class_or_interface_name": "OrderDetail",
      "to_method_key": null,
      "to_method_name": null,
      "data_clump_type": "fields_to_fields_data_clump",
      "data_clump_data": {
        "_I_zJIzQCEeuxZMUIY-ihGw": {
          "key": "_I_zJIzQCEeuxZMUIY-ihGw",
          "name": "productId",
          "type": null,
          "probability": 1,
          "modifiers": [
            "private"
          ],
          "to_variable": {
            "key": "_I_zJQzQCEeuxZMUIY-ihGw",
            "name": "productId",
            "type": null,
            "modifiers": [
              "private"
            ],
            "position": {}
          },
          "position": {}
        },
        "_I_zJJTQCEeuxZMUIY-ihGw": {
          "key": "_I_zJJTQCEeuxZMUIY-ihGw",
          "name": "quantity",
          "type": null,
          "probability": 1,
          "modifiers": [
            "private"
          ],
          "to_variable": {
            "key": "_I_zJRDQCEeuxZMUIY-ihGw",
            "name": "quantity",
            "type": null,
            "modifiers": [
              "private"
            ],
            "position": {}
          },
          "position": {}
        },
        "_I_zJJjQCEeuxZMUIY-ihGw": {
          "key": "_I_zJJjQCEeuxZMUIY-ihGw",
          "name": "unitCost",
          "type": null,
          "probability": 1,
          "modifiers": [
            "private"
          ],
          "to_variable": {
            "key": "_I_zJRTQCEeuxZMUIY-ihGw",
            "name": "unitCost",
            "type": null,
            "modifiers": [
              "private"
            ],
            "position": {}
          },
          "position": {}
        }
      }
    },
    "fields_to_fields_data_clump-./cartItem-_I_zJQTQCEeuxZMUIY-ihGw-_I_zJITQCEeuxZMUIY-ihGw-productIdquantityunitCost": {
      "type": "data_clump",
      "key": "fields_to_fields_data_clump-./cartItem-_I_zJQTQCEeuxZMUIY-ihGw-_I_zJITQCEeuxZMUIY-ihGw-productIdquantityunitCost",
      "probability": 1,
      "from_file_path": "./cartItem",
      "from_class_or_interface_name": "cartItem",
      "from_class_or_interface_key": "_I_zJQTQCEeuxZMUIY-ihGw",
      "from_method_name": null,
      "from_method_key": null,
      "to_file_path": "./OrderDetail",
      "to_class_or_interface_key": "_I_zJITQCEeuxZMUIY-ihGw",
      "to_class_or_interface_name": "cartItem",
      "to_method_key": null,
      "to_method_name": null,
      "data_clump_type": "fields_to_fields_data_clump",
      "data_clump_data": {
        "_I_zJQzQCEeuxZMUIY-ihGw": {
          "key": "_I_zJQzQCEeuxZMUIY-ihGw",
          "name": "productId",
          "type": null,
          "probability": 1,
          "modifiers": [
            "private"
          ],
          "to_variable": {
            "key": "_I_zJIzQCEeuxZMUIY-ihGw",
            "name": "productId",
            "type": null,
            "modifiers": [
              "private"
            ],
            "position": {}
          },
          "position": {}
        },
        "_I_zJRDQCEeuxZMUIY-ihGw": {
          "key": "_I_zJRDQCEeuxZMUIY-ihGw",
          "name": "quantity",
          "type": null,
          "probability": 1,
          "modifiers": [
            "private"
          ],
          "to_variable": {
            "key": "_I_zJJTQCEeuxZMUIY-ihGw",
            "name": "quantity",
            "type": null,
            "modifiers": [
              "private"
            ],
            "position": {}
          },
          "position": {}
        },
        "_I_zJRTQCEeuxZMUIY-ihGw": {
          "key": "_I_zJRTQCEeuxZMUIY-ihGw",
          "name": "unitCost",
          "type": null,
          "probability": 1,
          "modifiers": [
            "private"
          ],
          "to_variable": {
            "key": "_I_zJJjQCEeuxZMUIY-ihGw",
            "name": "unitCost",
            "type": null,
            "modifiers": [
              "private"
            ],
            "position": {}
          },
          "position": {}
        }
      }
    }
  }
}