{
  "report_version": "unknown",
  "report_timestamp": "2025-03-26T23:10:40.603Z",
  "target_language": "java",
  "report_summary": {
    "additional": null,
    "amount_classes_or_interfaces_with_data_clumps": 4,
    "amount_files_with_data_clumps": 4,
    "amount_methods_with_data_clumps": 0,
    "fields_to_fields_data_clump": 4,
    "parameters_to_fields_data_clump": 0,
    "parameters_to_parameters_data_clump": 0,
    "amount_data_clumps": 4
  },
  "project_info": {
    "project_url": "unknown_project_url",
    "project_name": "_fM0ScBhnEeSCHNJdddddKw",
    "project_version": "unknown_project_version",
    "project_commit_hash": "unknown",
    "project_tag": null,
    "project_commit_date": null,
    "additional": {},
    "number_of_files": 7,
    "number_of_classes_or_interfaces": 7,
    "number_of_methods": 21,
    "number_of_data_fields": 32,
    "number_of_method_parameters": 0
  },
  "detector": {
    "name": "data-clumps-doctor",
    "url": "https://github.com/NilsBaumgartner1994/data-clumps-doctor",
    "version": "0.1.100",
    "options": {
      "typeVariablesConsidered": false,
      "similarityModifierOfVariablesWithUnknownType": 0,
      "fieldsOfClassesWithUnknownHierarchyProbabilityModifier": 0,
      "sharedFieldsToFieldsAmountMinimum": 3,
      "analyseFieldsInClassesOrInterfacesInheritedFromSuperClassesOrInterfaces": false,
      "sharedParametersToParametersAmountMinimum": 3,
      "sharedParametersToFieldsAmountMinimum": 3,
      "methodsOfClassesOrInterfacesWithUnknownHierarchyProbabilityModifier": 0
    }
  },
  "data_clumps": {
    "fields_to_fields_data_clump-./Administrator-__ThSYPqVEDGKFepoZIF5lg-_ea618PqbEDGKFupoZIF5lg-passwordpositionemail": {
      "type": "data_clump",
      "key": "fields_to_fields_data_clump-./Administrator-__ThSYPqVEDGKFepoZIF5lg-_ea618PqbEDGKFupoZIF5lg-passwordpositionemail",
      "probability": 1,
      "from_file_path": "./Administrator",
      "from_class_or_interface_name": "Administrator",
      "from_class_or_interface_key": "__ThSYPqVEDGKFepoZIF5lg",
      "from_method_name": null,
      "from_method_key": null,
      "to_file_path": "./lectuerer",
      "to_class_or_interface_key": "_ea618PqbEDGKFupoZIF5lg",
      "to_class_or_interface_name": "Administrator",
      "to_method_key": null,
      "to_method_name": null,
      "data_clump_type": "fields_to_fields_data_clump",
      "data_clump_data": {
        "_ddgA4PqaEDGKFupoZIF5lg": {
          "key": "_ddgA4PqaEDGKFupoZIF5lg",
          "name": "password",
          "type": null,
          "probability": 1,
          "modifiers": [],
          "to_variable": {
            "key": "_iHOIkPqbEDGKFupoZIF5lg",
            "name": "password",
            "type": null,
            "modifiers": [],
            "position": {}
          },
          "position": {}
        },
        "_d0u1IPqaEDGKFupoZIF5lg": {
          "key": "_d0u1IPqaEDGKFupoZIF5lg",
          "name": "position",
          "type": null,
          "probability": 1,
          "modifiers": [],
          "to_variable": {
            "key": "_idALUPqbEDGKFupoZIF5lg",
            "name": "position",
            "type": null,
            "modifiers": [],
            "position": {}
          },
          "position": {}
        },
        "_ecWOwPqaEDGKFupoZIF5lg": {
          "key": "_ecWOwPqaEDGKFupoZIF5lg",
          "name": "email",
          "type": null,
          "probability": 1,
          "modifiers": [],
          "to_variable": {
            "key": "_jDuNEPqbEDGKFupoZIF5lg",
            "name": "email",
            "type": null,
            "modifiers": [],
            "position": {}
          },
          "position": {}
        }
      }
    },
    "fields_to_fields_data_clump-./Collaborativegroup-_17b58PqbEDGKFupoZIF5lg-_waa94PqaEDGKFupoZIF5lg-classidclassnameseksyendate": {
      "type": "data_clump",
      "key": "fields_to_fields_data_clump-./Collaborativegroup-_17b58PqbEDGKFupoZIF5lg-_waa94PqaEDGKFupoZIF5lg-classidclassnameseksyendate",
      "probability": 1,
      "from_file_path": "./Collaborativegroup",
      "from_class_or_interface_name": "Collaborativegroup",
      "from_class_or_interface_key": "_17b58PqbEDGKFupoZIF5lg",
      "from_method_name": null,
      "from_method_key": null,
      "to_file_path": "./collaborativeclass",
      "to_class_or_interface_key": "_waa94PqaEDGKFupoZIF5lg",
      "to_class_or_interface_name": "Collaborativegroup",
      "to_method_key": null,
      "to_method_name": null,
      "data_clump_type": "fields_to_fields_data_clump",
      "data_clump_data": {
        "_5ajFIPqbEDGKFupoZIF5lg": {
          "key": "_5ajFIPqbEDGKFupoZIF5lg",
          "name": "classid",
          "type": null,
          "probability": 1,
          "modifiers": [],
          "to_variable": {
            "key": "_1KxHcPqaEDGKFupoZIF5lg",
            "name": "classid",
            "type": null,
            "modifiers": [],
            "position": {}
          },
          "position": {}
        },
        "_6ACX0PqbEDGKFupoZIF5lg": {
          "key": "_6ACX0PqbEDGKFupoZIF5lg",
          "name": "classname",
          "type": null,
          "probability": 1,
          "modifiers": [],
          "to_variable": {
            "key": "_2Fo0QPqaEDGKFupoZIF5lg",
            "name": "classname",
            "type": null,
            "modifiers": [],
            "position": {}
          },
          "position": {}
        },
        "_6xEMIPqbEDGKFupoZIF5lg": {
          "key": "_6xEMIPqbEDGKFupoZIF5lg",
          "name": "seksyen",
          "type": null,
          "probability": 1,
          "modifiers": [],
          "to_variable": {
            "key": "_2UGHAPqaEDGKFupoZIF5lg",
            "name": "seksyen",
            "type": null,
            "modifiers": [],
            "position": {}
          },
          "position": {}
        },
        "_7Cf6YPqbEDGKFupoZIF5lg": {
          "key": "_7Cf6YPqbEDGKFupoZIF5lg",
          "name": "date",
          "type": null,
          "probability": 1,
          "modifiers": [],
          "to_variable": {
            "key": "_23OCMPqaEDGKFupoZIF5lg",
            "name": "date",
            "type": null,
            "modifiers": [],
            "position": {}
          },
          "position": {}
        }
      }
    },
    "fields_to_fields_data_clump-./collaborativeclass-_waa94PqaEDGKFupoZIF5lg-_17b58PqbEDGKFupoZIF5lg-classidclassnameseksyendate": {
      "type": "data_clump",
      "key": "fields_to_fields_data_clump-./collaborativeclass-_waa94PqaEDGKFupoZIF5lg-_17b58PqbEDGKFupoZIF5lg-classidclassnameseksyendate",
      "probability": 1,
      "from_file_path": "./collaborativeclass",
      "from_class_or_interface_name": "collaborativeclass",
      "from_class_or_interface_key": "_waa94PqaEDGKFupoZIF5lg",
      "from_method_name": null,
      "from_method_key": null,
      "to_file_path": "./Collaborativegroup",
      "to_class_or_interface_key": "_17b58PqbEDGKFupoZIF5lg",
      "to_class_or_interface_name": "collaborativeclass",
      "to_method_key": null,
      "to_method_name": null,
      "data_clump_type": "fields_to_fields_data_clump",
      "data_clump_data": {
        "_1KxHcPqaEDGKFupoZIF5lg": {
          "key": "_1KxHcPqaEDGKFupoZIF5lg",
          "name": "classid",
          "type": null,
          "probability": 1,
          "modifiers": [],
          "to_variable": {
            "key": "_5ajFIPqbEDGKFupoZIF5lg",
            "name": "classid",
            "type": null,
            "modifiers": [],
            "position": {}
          },
          "position": {}
        },
        "_2Fo0QPqaEDGKFupoZIF5lg": {
          "key": "_2Fo0QPqaEDGKFupoZIF5lg",
          "name": "classname",
          "type": null,
          "probability": 1,
          "modifiers": [],
          "to_variable": {
            "key": "_6ACX0PqbEDGKFupoZIF5lg",
            "name": "classname",
            "type": null,
            "modifiers": [],
            "position": {}
          },
          "position": {}
        },
        "_2UGHAPqaEDGKFupoZIF5lg": {
          "key": "_2UGHAPqaEDGKFupoZIF5lg",
          "name": "seksyen",
          "type": null,
          "probability": 1,
          "modifiers": [],
          "to_variable": {
            "key": "_6xEMIPqbEDGKFupoZIF5lg",
            "name": "seksyen",
            "type": null,
            "modifiers": [],
            "position": {}
          },
          "position": {}
        },
        "_23OCMPqaEDGKFupoZIF5lg": {
          "key": "_23OCMPqaEDGKFupoZIF5lg",
          "name": "date",
          "type": null,
          "probability": 1,
          "modifiers": [],
          "to_variable": {
            "key": "_7Cf6YPqbEDGKFupoZIF5lg",
            "name": "date",
            "type": null,
            "modifiers": [],
            "position": {}
          },
          "position": {}
        }
      }
    },
    "fields_to_fields_data_clump-./lectuerer-_ea618PqbEDGKFupoZIF5lg-__ThSYPqVEDGKFepoZIF5lg-passwordpositionemail": {
      "type": "data_clump",
      "key": "fields_to_fields_data_clump-./lectuerer-_ea618PqbEDGKFupoZIF5lg-__ThSYPqVEDGKFepoZIF5lg-passwordpositionemail",
      "probability": 1,
      "from_file_path": "./lectuerer",
      "from_class_or_interface_name": "lectuerer",
      "from_class_or_interface_key": "_ea618PqbEDGKFupoZIF5lg",
      "from_method_name": null,
      "from_method_key": null,
      "to_file_path": "./Administrator",
      "to_class_or_interface_key": "__ThSYPqVEDGKFepoZIF5lg",
      "to_class_or_interface_name": "lectuerer",
      "to_method_key": null,
      "to_method_name": null,
      "data_clump_type": "fields_to_fields_data_clump",
      "data_clump_data": {
        "_iHOIkPqbEDGKFupoZIF5lg": {
          "key": "_iHOIkPqbEDGKFupoZIF5lg",
          "name": "password",
          "type": null,
          "probability": 1,
          "modifiers": [],
          "to_variable": {
            "key": "_ddgA4PqaEDGKFupoZIF5lg",
            "name": "password",
            "type": null,
            "modifiers": [],
            "position": {}
          },
          "position": {}
        },
        "_idALUPqbEDGKFupoZIF5lg": {
          "key": "_idALUPqbEDGKFupoZIF5lg",
          "name": "position",
          "type": null,
          "probability": 1,
          "modifiers": [],
          "to_variable": {
            "key": "_d0u1IPqaEDGKFupoZIF5lg",
            "name": "position",
            "type": null,
            "modifiers": [],
            "position": {}
          },
          "position": {}
        },
        "_jDuNEPqbEDGKFupoZIF5lg": {
          "key": "_jDuNEPqbEDGKFupoZIF5lg",
          "name": "email",
          "type": null,
          "probability": 1,
          "modifiers": [],
          "to_variable": {
            "key": "_ecWOwPqaEDGKFupoZIF5lg",
            "name": "email",
            "type": null,
            "modifiers": [],
            "position": {}
          },
          "position": {}
        }
      }
    }
  }
}