{
  "report_version": "unknown",
  "report_timestamp": "2025-03-26T22:11:14.977Z",
  "target_language": "java",
  "report_summary": {
    "additional": null,
    "amount_classes_or_interfaces_with_data_clumps": 2,
    "amount_files_with_data_clumps": 2,
    "amount_methods_with_data_clumps": 0,
    "fields_to_fields_data_clump": 2,
    "parameters_to_fields_data_clump": 0,
    "parameters_to_parameters_data_clump": 0,
    "amount_data_clumps": 2
  },
  "project_info": {
    "project_url": "unknown_project_url",
    "project_name": "_k8e8kJawEeaLdJY0NVKqzQ",
    "project_version": "unknown_project_version",
    "project_commit_hash": "unknown",
    "project_tag": null,
    "project_commit_date": null,
    "additional": {},
    "number_of_files": 11,
    "number_of_classes_or_interfaces": 11,
    "number_of_methods": 0,
    "number_of_data_fields": 38,
    "number_of_method_parameters": 0
  },
  "detector": {
    "name": "data-clumps-doctor",
    "url": "https://github.com/NilsBaumgartner1994/data-clumps-doctor",
    "version": "0.1.100",
    "options": {
      "typeVariablesConsidered": false,
      "similarityModifierOfVariablesWithUnknownType": 0,
      "fieldsOfClassesWithUnknownHierarchyProbabilityModifier": 0,
      "sharedFieldsToFieldsAmountMinimum": 3,
      "analyseFieldsInClassesOrInterfacesInheritedFromSuperClassesOrInterfaces": false,
      "sharedParametersToParametersAmountMinimum": 3,
      "sharedParametersToFieldsAmountMinimum": 3,
      "methodsOfClassesOrInterfacesWithUnknownHierarchyProbabilityModifier": 0
    }
  },
  "data_clumps": {
    "fields_to_fields_data_clump-./Interfaces-_xoq3AHj-EDSnJ6ujTMfAiA-_W_wXUHkBEDSnJ6ujTMfAiA-IDactivePortenableStatisticslocationaddLogMessageslabelname": {
      "type": "data_clump",
      "key": "fields_to_fields_data_clump-./Interfaces-_xoq3AHj-EDSnJ6ujTMfAiA-_W_wXUHkBEDSnJ6ujTMfAiA-IDactivePortenableStatisticslocationaddLogMessageslabelname",
      "probability": 1,
      "from_file_path": "./Interfaces",
      "from_class_or_interface_name": "Interfaces",
      "from_class_or_interface_key": "_xoq3AHj-EDSnJ6ujTMfAiA",
      "from_method_name": null,
      "from_method_key": null,
      "to_file_path": "./PhysicalConnections",
      "to_class_or_interface_key": "_W_wXUHkBEDSnJ6ujTMfAiA",
      "to_class_or_interface_name": "Interfaces",
      "to_method_key": null,
      "to_method_name": null,
      "data_clump_type": "fields_to_fields_data_clump",
      "data_clump_data": {
        "_5gDqAHj-EDSnJ6ujTMfAiA": {
          "key": "_5gDqAHj-EDSnJ6ujTMfAiA",
          "name": "ID",
          "type": null,
          "probability": 1,
          "modifiers": [
            "private"
          ],
          "to_variable": {
            "key": "_W_0owHkBEDSnJ6ujTMfAiA",
            "name": "ID",
            "type": null,
            "modifiers": [
              "private"
            ],
            "position": {}
          },
          "position": {}
        },
        "_7OCOwHj-EDSnJ6ujTMfAiA": {
          "key": "_7OCOwHj-EDSnJ6ujTMfAiA",
          "name": "activePort",
          "type": null,
          "probability": 1,
          "modifiers": [
            "private"
          ],
          "to_variable": {
            "key": "_W_0owXkBEDSnJ6ujTMfAiA",
            "name": "activePort",
            "type": null,
            "modifiers": [
              "private"
            ],
            "position": {}
          },
          "position": {}
        },
        "_CVzisHj_EDSnJ6ujTMfAiA": {
          "key": "_CVzisHj_EDSnJ6ujTMfAiA",
          "name": "enableStatistics",
          "type": null,
          "probability": 1,
          "modifiers": [
            "private"
          ],
          "to_variable": {
            "key": "_W_0ownkBEDSnJ6ujTMfAiA",
            "name": "enableStatistics",
            "type": null,
            "modifiers": [
              "private"
            ],
            "position": {}
          },
          "position": {}
        },
        "_Cdmz0Hj_EDSnJ6ujTMfAiA": {
          "key": "_Cdmz0Hj_EDSnJ6ujTMfAiA",
          "name": "location",
          "type": null,
          "probability": 1,
          "modifiers": [
            "private"
          ],
          "to_variable": {
            "key": "_W_1P0HkBEDSnJ6ujTMfAiA",
            "name": "location",
            "type": null,
            "modifiers": [
              "private"
            ],
            "position": {}
          },
          "position": {}
        },
        "_Cm9kIHj_EDSnJ6ujTMfAiA": {
          "key": "_Cm9kIHj_EDSnJ6ujTMfAiA",
          "name": "addLogMessages",
          "type": null,
          "probability": 1,
          "modifiers": [
            "private"
          ],
          "to_variable": {
            "key": "_W_1P0XkBEDSnJ6ujTMfAiA",
            "name": "addLogMessages",
            "type": null,
            "modifiers": [
              "private"
            ],
            "position": {}
          },
          "position": {}
        },
        "_CtGoYHj_EDSnJ6ujTMfAiA": {
          "key": "_CtGoYHj_EDSnJ6ujTMfAiA",
          "name": "label",
          "type": null,
          "probability": 1,
          "modifiers": [
            "private"
          ],
          "to_variable": {
            "key": "_W_1P0nkBEDSnJ6ujTMfAiA",
            "name": "label",
            "type": null,
            "modifiers": [
              "private"
            ],
            "position": {}
          },
          "position": {}
        },
        "_CyyZoHj_EDSnJ6ujTMfAiA": {
          "key": "_CyyZoHj_EDSnJ6ujTMfAiA",
          "name": "name",
          "type": null,
          "probability": 1,
          "modifiers": [
            "private"
          ],
          "to_variable": {
            "key": "_W_1P03kBEDSnJ6ujTMfAiA",
            "name": "name",
            "type": null,
            "modifiers": [
              "private"
            ],
            "position": {}
          },
          "position": {}
        }
      }
    },
    "fields_to_fields_data_clump-./PhysicalConnections-_W_wXUHkBEDSnJ6ujTMfAiA-_xoq3AHj-EDSnJ6ujTMfAiA-IDactivePortenableStatisticslocationaddLogMessageslabelname": {
      "type": "data_clump",
      "key": "fields_to_fields_data_clump-./PhysicalConnections-_W_wXUHkBEDSnJ6ujTMfAiA-_xoq3AHj-EDSnJ6ujTMfAiA-IDactivePortenableStatisticslocationaddLogMessageslabelname",
      "probability": 1,
      "from_file_path": "./PhysicalConnections",
      "from_class_or_interface_name": "PhysicalConnections",
      "from_class_or_interface_key": "_W_wXUHkBEDSnJ6ujTMfAiA",
      "from_method_name": null,
      "from_method_key": null,
      "to_file_path": "./Interfaces",
      "to_class_or_interface_key": "_xoq3AHj-EDSnJ6ujTMfAiA",
      "to_class_or_interface_name": "PhysicalConnections",
      "to_method_key": null,
      "to_method_name": null,
      "data_clump_type": "fields_to_fields_data_clump",
      "data_clump_data": {
        "_W_0owHkBEDSnJ6ujTMfAiA": {
          "key": "_W_0owHkBEDSnJ6ujTMfAiA",
          "name": "ID",
          "type": null,
          "probability": 1,
          "modifiers": [
            "private"
          ],
          "to_variable": {
            "key": "_5gDqAHj-EDSnJ6ujTMfAiA",
            "name": "ID",
            "type": null,
            "modifiers": [
              "private"
            ],
            "position": {}
          },
          "position": {}
        },
        "_W_0owXkBEDSnJ6ujTMfAiA": {
          "key": "_W_0owXkBEDSnJ6ujTMfAiA",
          "name": "activePort",
          "type": null,
          "probability": 1,
          "modifiers": [
            "private"
          ],
          "to_variable": {
            "key": "_7OCOwHj-EDSnJ6ujTMfAiA",
            "name": "activePort",
            "type": null,
            "modifiers": [
              "private"
            ],
            "position": {}
          },
          "position": {}
        },
        "_W_0ownkBEDSnJ6ujTMfAiA": {
          "key": "_W_0ownkBEDSnJ6ujTMfAiA",
          "name": "enableStatistics",
          "type": null,
          "probability": 1,
          "modifiers": [
            "private"
          ],
          "to_variable": {
            "key": "_CVzisHj_EDSnJ6ujTMfAiA",
            "name": "enableStatistics",
            "type": null,
            "modifiers": [
              "private"
            ],
            "position": {}
          },
          "position": {}
        },
        "_W_1P0HkBEDSnJ6ujTMfAiA": {
          "key": "_W_1P0HkBEDSnJ6ujTMfAiA",
          "name": "location",
          "type": null,
          "probability": 1,
          "modifiers": [
            "private"
          ],
          "to_variable": {
            "key": "_Cdmz0Hj_EDSnJ6ujTMfAiA",
            "name": "location",
            "type": null,
            "modifiers": [
              "private"
            ],
            "position": {}
          },
          "position": {}
        },
        "_W_1P0XkBEDSnJ6ujTMfAiA": {
          "key": "_W_1P0XkBEDSnJ6ujTMfAiA",
          "name": "addLogMessages",
          "type": null,
          "probability": 1,
          "modifiers": [
            "private"
          ],
          "to_variable": {
            "key": "_Cm9kIHj_EDSnJ6ujTMfAiA",
            "name": "addLogMessages",
            "type": null,
            "modifiers": [
              "private"
            ],
            "position": {}
          },
          "position": {}
        },
        "_W_1P0nkBEDSnJ6ujTMfAiA": {
          "key": "_W_1P0nkBEDSnJ6ujTMfAiA",
          "name": "label",
          "type": null,
          "probability": 1,
          "modifiers": [
            "private"
          ],
          "to_variable": {
            "key": "_CtGoYHj_EDSnJ6ujTMfAiA",
            "name": "label",
            "type": null,
            "modifiers": [
              "private"
            ],
            "position": {}
          },
          "position": {}
        },
        "_W_1P03kBEDSnJ6ujTMfAiA": {
          "key": "_W_1P03kBEDSnJ6ujTMfAiA",
          "name": "name",
          "type": null,
          "probability": 1,
          "modifiers": [
            "private"
          ],
          "to_variable": {
            "key": "_CyyZoHj_EDSnJ6ujTMfAiA",
            "name": "name",
            "type": null,
            "modifiers": [
              "private"
            ],
            "position": {}
          },
          "position": {}
        }
      }
    }
  }
}