{
  "report_version": "unknown",
  "report_timestamp": "2025-03-26T22:44:55.980Z",
  "target_language": "java",
  "report_summary": {
    "additional": null,
    "amount_classes_or_interfaces_with_data_clumps": 2,
    "amount_files_with_data_clumps": 2,
    "amount_methods_with_data_clumps": 0,
    "fields_to_fields_data_clump": 2,
    "parameters_to_fields_data_clump": 0,
    "parameters_to_parameters_data_clump": 0,
    "amount_data_clumps": 2
  },
  "project_info": {
    "project_url": "unknown_project_url",
    "project_name": "_47cZsFqFEeul4L4ngN2BiA",
    "project_version": "unknown_project_version",
    "project_commit_hash": "unknown",
    "project_tag": null,
    "project_commit_date": null,
    "additional": {},
    "number_of_files": 20,
    "number_of_classes_or_interfaces": 20,
    "number_of_methods": 10,
    "number_of_data_fields": 10,
    "number_of_method_parameters": 3
  },
  "detector": {
    "name": "data-clumps-doctor",
    "url": "https://github.com/NilsBaumgartner1994/data-clumps-doctor",
    "version": "0.1.100",
    "options": {
      "typeVariablesConsidered": false,
      "similarityModifierOfVariablesWithUnknownType": 0,
      "fieldsOfClassesWithUnknownHierarchyProbabilityModifier": 0,
      "sharedFieldsToFieldsAmountMinimum": 3,
      "analyseFieldsInClassesOrInterfacesInheritedFromSuperClassesOrInterfaces": false,
      "sharedParametersToParametersAmountMinimum": 3,
      "sharedParametersToFieldsAmountMinimum": 3,
      "methodsOfClassesOrInterfacesWithUnknownHierarchyProbabilityModifier": 0
    }
  },
  "data_clumps": {
    "fields_to_fields_data_clump-./ClassA-_47igw1qFEeul4L4ngN2BiA-_47ig0lqFEeul4L4ngN2BiA-publicAttributeprivateAttributeprotectedAttributepackageAttribute": {
      "type": "data_clump",
      "key": "fields_to_fields_data_clump-./ClassA-_47igw1qFEeul4L4ngN2BiA-_47ig0lqFEeul4L4ngN2BiA-publicAttributeprivateAttributeprotectedAttributepackageAttribute",
      "probability": 1,
      "from_file_path": "./ClassA",
      "from_class_or_interface_name": "ClassA",
      "from_class_or_interface_key": "_47igw1qFEeul4L4ngN2BiA",
      "from_method_name": null,
      "from_method_key": null,
      "to_file_path": "./ClassC",
      "to_class_or_interface_key": "_47ig0lqFEeul4L4ngN2BiA",
      "to_class_or_interface_name": "ClassA",
      "to_method_key": null,
      "to_method_name": null,
      "data_clump_type": "fields_to_fields_data_clump",
      "data_clump_data": {
        "_47igxFqFEeul4L4ngN2BiA": {
          "key": "_47igxFqFEeul4L4ngN2BiA",
          "name": "publicAttribute",
          "type": null,
          "probability": 1,
          "modifiers": [],
          "to_variable": {
            "key": "_47ig01qFEeul4L4ngN2BiA",
            "name": "publicAttribute",
            "type": null,
            "modifiers": [],
            "position": {}
          },
          "position": {}
        },
        "_47igxVqFEeul4L4ngN2BiA": {
          "key": "_47igxVqFEeul4L4ngN2BiA",
          "name": "privateAttribute",
          "type": null,
          "probability": 1,
          "modifiers": [
            "private"
          ],
          "to_variable": {
            "key": "_47ig1FqFEeul4L4ngN2BiA",
            "name": "privateAttribute",
            "type": null,
            "modifiers": [
              "private"
            ],
            "position": {}
          },
          "position": {}
        },
        "_47igxlqFEeul4L4ngN2BiA": {
          "key": "_47igxlqFEeul4L4ngN2BiA",
          "name": "protectedAttribute",
          "type": null,
          "probability": 1,
          "modifiers": [
            "protected"
          ],
          "to_variable": {
            "key": "_47ig1VqFEeul4L4ngN2BiA",
            "name": "protectedAttribute",
            "type": null,
            "modifiers": [
              "protected"
            ],
            "position": {}
          },
          "position": {}
        },
        "_47igx1qFEeul4L4ngN2BiA": {
          "key": "_47igx1qFEeul4L4ngN2BiA",
          "name": "packageAttribute",
          "type": null,
          "probability": 1,
          "modifiers": [
            "package"
          ],
          "to_variable": {
            "key": "_47ig1lqFEeul4L4ngN2BiA",
            "name": "packageAttribute",
            "type": null,
            "modifiers": [
              "package"
            ],
            "position": {}
          },
          "position": {}
        }
      }
    },
    "fields_to_fields_data_clump-./ClassC-_47ig0lqFEeul4L4ngN2BiA-_47igw1qFEeul4L4ngN2BiA-publicAttributeprivateAttributeprotectedAttributepackageAttribute": {
      "type": "data_clump",
      "key": "fields_to_fields_data_clump-./ClassC-_47ig0lqFEeul4L4ngN2BiA-_47igw1qFEeul4L4ngN2BiA-publicAttributeprivateAttributeprotectedAttributepackageAttribute",
      "probability": 1,
      "from_file_path": "./ClassC",
      "from_class_or_interface_name": "ClassC",
      "from_class_or_interface_key": "_47ig0lqFEeul4L4ngN2BiA",
      "from_method_name": null,
      "from_method_key": null,
      "to_file_path": "./ClassA",
      "to_class_or_interface_key": "_47igw1qFEeul4L4ngN2BiA",
      "to_class_or_interface_name": "ClassC",
      "to_method_key": null,
      "to_method_name": null,
      "data_clump_type": "fields_to_fields_data_clump",
      "data_clump_data": {
        "_47ig01qFEeul4L4ngN2BiA": {
          "key": "_47ig01qFEeul4L4ngN2BiA",
          "name": "publicAttribute",
          "type": null,
          "probability": 1,
          "modifiers": [],
          "to_variable": {
            "key": "_47igxFqFEeul4L4ngN2BiA",
            "name": "publicAttribute",
            "type": null,
            "modifiers": [],
            "position": {}
          },
          "position": {}
        },
        "_47ig1FqFEeul4L4ngN2BiA": {
          "key": "_47ig1FqFEeul4L4ngN2BiA",
          "name": "privateAttribute",
          "type": null,
          "probability": 1,
          "modifiers": [
            "private"
          ],
          "to_variable": {
            "key": "_47igxVqFEeul4L4ngN2BiA",
            "name": "privateAttribute",
            "type": null,
            "modifiers": [
              "private"
            ],
            "position": {}
          },
          "position": {}
        },
        "_47ig1VqFEeul4L4ngN2BiA": {
          "key": "_47ig1VqFEeul4L4ngN2BiA",
          "name": "protectedAttribute",
          "type": null,
          "probability": 1,
          "modifiers": [
            "protected"
          ],
          "to_variable": {
            "key": "_47igxlqFEeul4L4ngN2BiA",
            "name": "protectedAttribute",
            "type": null,
            "modifiers": [
              "protected"
            ],
            "position": {}
          },
          "position": {}
        },
        "_47ig1lqFEeul4L4ngN2BiA": {
          "key": "_47ig1lqFEeul4L4ngN2BiA",
          "name": "packageAttribute",
          "type": null,
          "probability": 1,
          "modifiers": [
            "package"
          ],
          "to_variable": {
            "key": "_47igx1qFEeul4L4ngN2BiA",
            "name": "packageAttribute",
            "type": null,
            "modifiers": [
              "package"
            ],
            "position": {}
          },
          "position": {}
        }
      }
    }
  }
}