{
  "report_version": "unknown",
  "report_timestamp": "2025-03-26T22:58:27.526Z",
  "target_language": "java",
  "report_summary": {
    "additional": null,
    "amount_classes_or_interfaces_with_data_clumps": 2,
    "amount_files_with_data_clumps": 2,
    "amount_methods_with_data_clumps": 0,
    "fields_to_fields_data_clump": 2,
    "parameters_to_fields_data_clump": 0,
    "parameters_to_parameters_data_clump": 0,
    "amount_data_clumps": 2
  },
  "project_info": {
    "project_url": "unknown_project_url",
    "project_name": "_KFEGIMj5EeeM1PgT03-3Vg",
    "project_version": "unknown_project_version",
    "project_commit_hash": "unknown",
    "project_tag": null,
    "project_commit_date": null,
    "additional": {},
    "number_of_files": 10,
    "number_of_classes_or_interfaces": 10,
    "number_of_methods": 7,
    "number_of_data_fields": 12,
    "number_of_method_parameters": 0
  },
  "detector": {
    "name": "data-clumps-doctor",
    "url": "https://github.com/NilsBaumgartner1994/data-clumps-doctor",
    "version": "0.1.100",
    "options": {
      "typeVariablesConsidered": false,
      "similarityModifierOfVariablesWithUnknownType": 0,
      "fieldsOfClassesWithUnknownHierarchyProbabilityModifier": 0,
      "sharedFieldsToFieldsAmountMinimum": 3,
      "analyseFieldsInClassesOrInterfacesInheritedFromSuperClassesOrInterfaces": false,
      "sharedParametersToParametersAmountMinimum": 3,
      "sharedParametersToFieldsAmountMinimum": 3,
      "methodsOfClassesOrInterfacesWithUnknownHierarchyProbabilityModifier": 0
    }
  },
  "data_clumps": {
    "fields_to_fields_data_clump-./Gasto-__qss0KsnEDWdm-cmPOJD9Q-_IgGcsKsnEDWdm-cmPOJD9Q-attributeattribute2attribute3": {
      "type": "data_clump",
      "key": "fields_to_fields_data_clump-./Gasto-__qss0KsnEDWdm-cmPOJD9Q-_IgGcsKsnEDWdm-cmPOJD9Q-attributeattribute2attribute3",
      "probability": 1,
      "from_file_path": "./Gasto",
      "from_class_or_interface_name": "Gasto",
      "from_class_or_interface_key": "__qss0KsnEDWdm-cmPOJD9Q",
      "from_method_name": null,
      "from_method_key": null,
      "to_file_path": "./Ingreso",
      "to_class_or_interface_key": "_IgGcsKsnEDWdm-cmPOJD9Q",
      "to_class_or_interface_name": "Gasto",
      "to_method_key": null,
      "to_method_name": null,
      "data_clump_type": "fields_to_fields_data_clump",
      "data_clump_data": {
        "_LEhr0KsoEDWdm-cmPOJD9Q": {
          "key": "_LEhr0KsoEDWdm-cmPOJD9Q",
          "name": "attribute",
          "type": null,
          "probability": 1,
          "modifiers": [
            "private"
          ],
          "to_variable": {
            "key": "_YrnCAKsnEDWdm-cmPOJD9Q",
            "name": "attribute",
            "type": null,
            "modifiers": [
              "private"
            ],
            "position": {}
          },
          "position": {}
        },
        "_Nda10KsoEDWdm-cmPOJD9Q": {
          "key": "_Nda10KsoEDWdm-cmPOJD9Q",
          "name": "attribute2",
          "type": null,
          "probability": 1,
          "modifiers": [
            "private"
          ],
          "to_variable": {
            "key": "_bhUq4KsnEDWdm-cmPOJD9Q",
            "name": "attribute2",
            "type": null,
            "modifiers": [
              "private"
            ],
            "position": {}
          },
          "position": {}
        },
        "_RjWwcKsoEDWdm-cmPOJD9Q": {
          "key": "_RjWwcKsoEDWdm-cmPOJD9Q",
          "name": "attribute3",
          "type": null,
          "probability": 1,
          "modifiers": [
            "private"
          ],
          "to_variable": {
            "key": "_m4kagKsoEDWdm-cmPOJD9Q",
            "name": "attribute3",
            "type": null,
            "modifiers": [
              "private"
            ],
            "position": {}
          },
          "position": {}
        }
      }
    },
    "fields_to_fields_data_clump-./Ingreso-_IgGcsKsnEDWdm-cmPOJD9Q-__qss0KsnEDWdm-cmPOJD9Q-attributeattribute2attribute3": {
      "type": "data_clump",
      "key": "fields_to_fields_data_clump-./Ingreso-_IgGcsKsnEDWdm-cmPOJD9Q-__qss0KsnEDWdm-cmPOJD9Q-attributeattribute2attribute3",
      "probability": 1,
      "from_file_path": "./Ingreso",
      "from_class_or_interface_name": "Ingreso",
      "from_class_or_interface_key": "_IgGcsKsnEDWdm-cmPOJD9Q",
      "from_method_name": null,
      "from_method_key": null,
      "to_file_path": "./Gasto",
      "to_class_or_interface_key": "__qss0KsnEDWdm-cmPOJD9Q",
      "to_class_or_interface_name": "Ingreso",
      "to_method_key": null,
      "to_method_name": null,
      "data_clump_type": "fields_to_fields_data_clump",
      "data_clump_data": {
        "_YrnCAKsnEDWdm-cmPOJD9Q": {
          "key": "_YrnCAKsnEDWdm-cmPOJD9Q",
          "name": "attribute",
          "type": null,
          "probability": 1,
          "modifiers": [
            "private"
          ],
          "to_variable": {
            "key": "_LEhr0KsoEDWdm-cmPOJD9Q",
            "name": "attribute",
            "type": null,
            "modifiers": [
              "private"
            ],
            "position": {}
          },
          "position": {}
        },
        "_bhUq4KsnEDWdm-cmPOJD9Q": {
          "key": "_bhUq4KsnEDWdm-cmPOJD9Q",
          "name": "attribute2",
          "type": null,
          "probability": 1,
          "modifiers": [
            "private"
          ],
          "to_variable": {
            "key": "_Nda10KsoEDWdm-cmPOJD9Q",
            "name": "attribute2",
            "type": null,
            "modifiers": [
              "private"
            ],
            "position": {}
          },
          "position": {}
        },
        "_m4kagKsoEDWdm-cmPOJD9Q": {
          "key": "_m4kagKsoEDWdm-cmPOJD9Q",
          "name": "attribute3",
          "type": null,
          "probability": 1,
          "modifiers": [
            "private"
          ],
          "to_variable": {
            "key": "_RjWwcKsoEDWdm-cmPOJD9Q",
            "name": "attribute3",
            "type": null,
            "modifiers": [
              "private"
            ],
            "position": {}
          },
          "position": {}
        }
      }
    }
  }
}