{
  "report_version": "unknown",
  "report_timestamp": "2025-03-26T22:03:01.114Z",
  "target_language": "java",
  "report_summary": {
    "additional": null,
    "amount_classes_or_interfaces_with_data_clumps": 2,
    "amount_files_with_data_clumps": 2,
    "amount_methods_with_data_clumps": 0,
    "fields_to_fields_data_clump": 2,
    "parameters_to_fields_data_clump": 0,
    "parameters_to_parameters_data_clump": 0,
    "amount_data_clumps": 2
  },
  "project_info": {
    "project_url": "unknown_project_url",
    "project_name": "_J8v3wL1UEeaMDIGv6nkKLw",
    "project_version": "unknown_project_version",
    "project_commit_hash": "unknown",
    "project_tag": null,
    "project_commit_date": null,
    "additional": {},
    "number_of_files": 15,
    "number_of_classes_or_interfaces": 15,
    "number_of_methods": 45,
    "number_of_data_fields": 35,
    "number_of_method_parameters": 0
  },
  "detector": {
    "name": "data-clumps-doctor",
    "url": "https://github.com/NilsBaumgartner1994/data-clumps-doctor",
    "version": "0.1.100",
    "options": {
      "typeVariablesConsidered": false,
      "similarityModifierOfVariablesWithUnknownType": 0,
      "fieldsOfClassesWithUnknownHierarchyProbabilityModifier": 0,
      "sharedFieldsToFieldsAmountMinimum": 3,
      "analyseFieldsInClassesOrInterfacesInheritedFromSuperClassesOrInterfaces": false,
      "sharedParametersToParametersAmountMinimum": 3,
      "sharedParametersToFieldsAmountMinimum": 3,
      "methodsOfClassesOrInterfacesWithUnknownHierarchyProbabilityModifier": 0
    }
  },
  "data_clumps": {
    "fields_to_fields_data_clump-./Alarm-_RlaP8J-MEDSDmvh7erbIqQ-_wC66QJ-XEDSDmvh7erbIqQ-IDTimeDate": {
      "type": "data_clump",
      "key": "fields_to_fields_data_clump-./Alarm-_RlaP8J-MEDSDmvh7erbIqQ-_wC66QJ-XEDSDmvh7erbIqQ-IDTimeDate",
      "probability": 1,
      "from_file_path": "./Alarm",
      "from_class_or_interface_name": "Alarm",
      "from_class_or_interface_key": "_RlaP8J-MEDSDmvh7erbIqQ",
      "from_method_name": null,
      "from_method_key": null,
      "to_file_path": "./DialyMeasures",
      "to_class_or_interface_key": "_wC66QJ-XEDSDmvh7erbIqQ",
      "to_class_or_interface_name": "Alarm",
      "to_method_key": null,
      "to_method_name": null,
      "data_clump_type": "fields_to_fields_data_clump",
      "data_clump_data": {
        "_d3G8AJ-VEDSDmvh7erbIqQ": {
          "key": "_d3G8AJ-VEDSDmvh7erbIqQ",
          "name": "ID",
          "type": null,
          "probability": 1,
          "modifiers": [
            "private"
          ],
          "to_variable": {
            "key": "_TgJn4J-YEDSDmvh7erbIqQ",
            "name": "ID",
            "type": null,
            "modifiers": [
              "private"
            ],
            "position": {}
          },
          "position": {}
        },
        "_eMNCQJ-VEDSDmvh7erbIqQ": {
          "key": "_eMNCQJ-VEDSDmvh7erbIqQ",
          "name": "Time",
          "type": null,
          "probability": 1,
          "modifiers": [
            "private"
          ],
          "to_variable": {
            "key": "_UqsvcJ-YEDSDmvh7erbIqQ",
            "name": "Time",
            "type": null,
            "modifiers": [
              "private"
            ],
            "position": {}
          },
          "position": {}
        },
        "_e3pzAJ-VEDSDmvh7erbIqQ": {
          "key": "_e3pzAJ-VEDSDmvh7erbIqQ",
          "name": "Date",
          "type": null,
          "probability": 1,
          "modifiers": [
            "private"
          ],
          "to_variable": {
            "key": "_Uvyq0J-YEDSDmvh7erbIqQ",
            "name": "Date",
            "type": null,
            "modifiers": [
              "private"
            ],
            "position": {}
          },
          "position": {}
        }
      }
    },
    "fields_to_fields_data_clump-./DialyMeasures-_wC66QJ-XEDSDmvh7erbIqQ-_RlaP8J-MEDSDmvh7erbIqQ-IDTimeDate": {
      "type": "data_clump",
      "key": "fields_to_fields_data_clump-./DialyMeasures-_wC66QJ-XEDSDmvh7erbIqQ-_RlaP8J-MEDSDmvh7erbIqQ-IDTimeDate",
      "probability": 1,
      "from_file_path": "./DialyMeasures",
      "from_class_or_interface_name": "DialyMeasures",
      "from_class_or_interface_key": "_wC66QJ-XEDSDmvh7erbIqQ",
      "from_method_name": null,
      "from_method_key": null,
      "to_file_path": "./Alarm",
      "to_class_or_interface_key": "_RlaP8J-MEDSDmvh7erbIqQ",
      "to_class_or_interface_name": "DialyMeasures",
      "to_method_key": null,
      "to_method_name": null,
      "data_clump_type": "fields_to_fields_data_clump",
      "data_clump_data": {
        "_TgJn4J-YEDSDmvh7erbIqQ": {
          "key": "_TgJn4J-YEDSDmvh7erbIqQ",
          "name": "ID",
          "type": null,
          "probability": 1,
          "modifiers": [
            "private"
          ],
          "to_variable": {
            "key": "_d3G8AJ-VEDSDmvh7erbIqQ",
            "name": "ID",
            "type": null,
            "modifiers": [
              "private"
            ],
            "position": {}
          },
          "position": {}
        },
        "_UqsvcJ-YEDSDmvh7erbIqQ": {
          "key": "_UqsvcJ-YEDSDmvh7erbIqQ",
          "name": "Time",
          "type": null,
          "probability": 1,
          "modifiers": [
            "private"
          ],
          "to_variable": {
            "key": "_eMNCQJ-VEDSDmvh7erbIqQ",
            "name": "Time",
            "type": null,
            "modifiers": [
              "private"
            ],
            "position": {}
          },
          "position": {}
        },
        "_Uvyq0J-YEDSDmvh7erbIqQ": {
          "key": "_Uvyq0J-YEDSDmvh7erbIqQ",
          "name": "Date",
          "type": null,
          "probability": 1,
          "modifiers": [
            "private"
          ],
          "to_variable": {
            "key": "_e3pzAJ-VEDSDmvh7erbIqQ",
            "name": "Date",
            "type": null,
            "modifiers": [
              "private"
            ],
            "position": {}
          },
          "position": {}
        }
      }
    }
  }
}