{
  "report_version": "unknown",
  "report_timestamp": "2025-03-26T22:39:48.875Z",
  "target_language": "java",
  "report_summary": {
    "additional": null,
    "amount_classes_or_interfaces_with_data_clumps": 1,
    "amount_files_with_data_clumps": 1,
    "amount_methods_with_data_clumps": 1,
    "fields_to_fields_data_clump": 0,
    "parameters_to_fields_data_clump": 1,
    "parameters_to_parameters_data_clump": 0,
    "amount_data_clumps": 1
  },
  "project_info": {
    "project_url": "unknown_project_url",
    "project_name": "_SY2_4CBJEeuxZMUIY-ihGw",
    "project_version": "unknown_project_version",
    "project_commit_hash": "unknown",
    "project_tag": null,
    "project_commit_date": null,
    "additional": {},
    "number_of_files": 17,
    "number_of_classes_or_interfaces": 17,
    "number_of_methods": 19,
    "number_of_data_fields": 23,
    "number_of_method_parameters": 17
  },
  "detector": {
    "name": "data-clumps-doctor",
    "url": "https://github.com/NilsBaumgartner1994/data-clumps-doctor",
    "version": "0.1.100",
    "options": {
      "typeVariablesConsidered": false,
      "similarityModifierOfVariablesWithUnknownType": 0,
      "fieldsOfClassesWithUnknownHierarchyProbabilityModifier": 0,
      "sharedFieldsToFieldsAmountMinimum": 3,
      "analyseFieldsInClassesOrInterfacesInheritedFromSuperClassesOrInterfaces": false,
      "sharedParametersToParametersAmountMinimum": 3,
      "sharedParametersToFieldsAmountMinimum": 3,
      "methodsOfClassesOrInterfacesWithUnknownHierarchyProbabilityModifier": 0
    }
  },
  "data_clumps": {
    "parameters_to_fields_data_clump-./RegisterService-_EDr5sQJ_EDmSM4nbCFon9Q-_hl9BkAJ7EDmSM4nbCFon9Q-userpasswordnameage": {
      "type": "data_clump",
      "key": "parameters_to_fields_data_clump-./RegisterService-_EDr5sQJ_EDmSM4nbCFon9Q-_hl9BkAJ7EDmSM4nbCFon9Q-userpasswordnameage",
      "probability": 1,
      "from_file_path": "./RegisterService",
      "from_class_or_interface_name": "RegisterService",
      "from_class_or_interface_key": "_hl9BkAJ7EDmSM4nbCFon9Q",
      "from_method_name": "register",
      "from_method_key": "_EDr5sQJ_EDmSM4nbCFon9Q",
      "to_file_path": "./RegisterService",
      "to_class_or_interface_name": "RegisterService",
      "to_class_or_interface_key": "_hl9BkAJ7EDmSM4nbCFon9Q",
      "to_method_name": null,
      "to_method_key": null,
      "data_clump_type": "parameters_to_fields_data_clump",
      "data_clump_data": {
        "_G9L2YAJ_EDmSM4nbCFon9Q": {
          "key": "_G9L2YAJ_EDmSM4nbCFon9Q",
          "name": "user",
          "type": null,
          "probability": 1,
          "modifiers": [],
          "to_variable": {
            "key": "_hl9ooAJ7EDmSM4nbCFon9Q",
            "name": "user",
            "type": null,
            "modifiers": [
              "private"
            ],
            "position": {}
          },
          "position": {}
        },
        "_HEjCoAJ_EDmSM4nbCFon9Q": {
          "key": "_HEjCoAJ_EDmSM4nbCFon9Q",
          "name": "password",
          "type": null,
          "probability": 1,
          "modifiers": [],
          "to_variable": {
            "key": "_hl-PsAJ7EDmSM4nbCFon9Q",
            "name": "password",
            "type": null,
            "modifiers": [
              "private"
            ],
            "position": {}
          },
          "position": {}
        },
        "_HIyCYAJ_EDmSM4nbCFon9Q": {
          "key": "_HIyCYAJ_EDmSM4nbCFon9Q",
          "name": "name",
          "type": null,
          "probability": 1,
          "modifiers": [],
          "to_variable": {
            "key": "_kgRdoQJ7EDmSM4nbCFon9Q",
            "name": "name",
            "type": null,
            "modifiers": [
              "private"
            ],
            "position": {}
          },
          "position": {}
        },
        "_HM_0AAJ_EDmSM4nbCFon9Q": {
          "key": "_HM_0AAJ_EDmSM4nbCFon9Q",
          "name": "age",
          "type": null,
          "probability": 1,
          "modifiers": [],
          "to_variable": {
            "key": "_kqABYQJ7EDmSM4nbCFon9Q",
            "name": "age",
            "type": null,
            "modifiers": [
              "private"
            ],
            "position": {}
          },
          "position": {}
        }
      }
    }
  }
}