{
  "report_version": "unknown",
  "report_timestamp": "2025-03-26T21:59:55.923Z",
  "target_language": "java",
  "report_summary": {
    "additional": null,
    "amount_classes_or_interfaces_with_data_clumps": 1,
    "amount_files_with_data_clumps": 1,
    "amount_methods_with_data_clumps": 1,
    "fields_to_fields_data_clump": 0,
    "parameters_to_fields_data_clump": 1,
    "parameters_to_parameters_data_clump": 0,
    "amount_data_clumps": 1
  },
  "project_info": {
    "project_url": "unknown_project_url",
    "project_name": "_4m3J4A2tEem48p0qskF1qw",
    "project_version": "unknown_project_version",
    "project_commit_hash": "unknown",
    "project_tag": null,
    "project_commit_date": null,
    "additional": {},
    "number_of_files": 19,
    "number_of_classes_or_interfaces": 19,
    "number_of_methods": 25,
    "number_of_data_fields": 10,
    "number_of_method_parameters": 19
  },
  "detector": {
    "name": "data-clumps-doctor",
    "url": "https://github.com/NilsBaumgartner1994/data-clumps-doctor",
    "version": "0.1.100",
    "options": {
      "typeVariablesConsidered": false,
      "similarityModifierOfVariablesWithUnknownType": 0,
      "fieldsOfClassesWithUnknownHierarchyProbabilityModifier": 0,
      "sharedFieldsToFieldsAmountMinimum": 3,
      "analyseFieldsInClassesOrInterfacesInheritedFromSuperClassesOrInterfaces": false,
      "sharedParametersToParametersAmountMinimum": 3,
      "sharedParametersToFieldsAmountMinimum": 3,
      "methodsOfClassesOrInterfacesWithUnknownHierarchyProbabilityModifier": 0
    }
  },
  "data_clumps": {
    "parameters_to_fields_data_clump-./VehicleRepositoryImpl-_5CpuOg2tEemVJ-LgVHoDQQ-_5CpuLA2tEemVJ-LgVHoDQQ-apiHelperpreferencesManagerentityMappergson": {
      "type": "data_clump",
      "key": "parameters_to_fields_data_clump-./VehicleRepositoryImpl-_5CpuOg2tEemVJ-LgVHoDQQ-_5CpuLA2tEemVJ-LgVHoDQQ-apiHelperpreferencesManagerentityMappergson",
      "probability": 1,
      "from_file_path": "./VehicleRepositoryImpl",
      "from_class_or_interface_name": "VehicleRepositoryImpl",
      "from_class_or_interface_key": "_5CpuLA2tEemVJ-LgVHoDQQ",
      "from_method_name": "VehicleRepositoryImpl",
      "from_method_key": "_5CpuOg2tEemVJ-LgVHoDQQ",
      "to_file_path": "./VehicleRepositoryImpl",
      "to_class_or_interface_name": "VehicleRepositoryImpl",
      "to_class_or_interface_key": "_5CpuLA2tEemVJ-LgVHoDQQ",
      "to_method_name": null,
      "to_method_key": null,
      "data_clump_type": "parameters_to_fields_data_clump",
      "data_clump_data": {
        "_5CpuOw2tEemVJ-LgVHoDQQ": {
          "key": "_5CpuOw2tEemVJ-LgVHoDQQ",
          "name": "apiHelper",
          "type": null,
          "probability": 1,
          "modifiers": [],
          "to_variable": {
            "key": "_5CpuLQ2tEemVJ-LgVHoDQQ",
            "name": "apiHelper",
            "type": null,
            "modifiers": [
              "private"
            ],
            "position": {}
          },
          "position": {}
        },
        "_5CpuPg2tEemVJ-LgVHoDQQ": {
          "key": "_5CpuPg2tEemVJ-LgVHoDQQ",
          "name": "preferencesManager",
          "type": null,
          "probability": 1,
          "modifiers": [],
          "to_variable": {
            "key": "_5CpuMA2tEemVJ-LgVHoDQQ",
            "name": "preferencesManager",
            "type": null,
            "modifiers": [
              "private"
            ],
            "position": {}
          },
          "position": {}
        },
        "_5CpuQQ2tEemVJ-LgVHoDQQ": {
          "key": "_5CpuQQ2tEemVJ-LgVHoDQQ",
          "name": "entityMapper",
          "type": null,
          "probability": 1,
          "modifiers": [],
          "to_variable": {
            "key": "_5CpuMw2tEemVJ-LgVHoDQQ",
            "name": "entityMapper",
            "type": null,
            "modifiers": [
              "private"
            ],
            "position": {}
          },
          "position": {}
        },
        "_5CpuRA2tEemVJ-LgVHoDQQ": {
          "key": "_5CpuRA2tEemVJ-LgVHoDQQ",
          "name": "gson",
          "type": null,
          "probability": 1,
          "modifiers": [],
          "to_variable": {
            "key": "_5CpuNg2tEemVJ-LgVHoDQQ",
            "name": "gson",
            "type": null,
            "modifiers": [
              "private"
            ],
            "position": {}
          },
          "position": {}
        }
      }
    }
  }
}