{
  "report_version": "unknown",
  "report_timestamp": "2025-03-26T21:57:18.991Z",
  "target_language": "java",
  "report_summary": {
    "additional": null,
    "amount_classes_or_interfaces_with_data_clumps": 4,
    "amount_files_with_data_clumps": 4,
    "amount_methods_with_data_clumps": 0,
    "fields_to_fields_data_clump": 12,
    "parameters_to_fields_data_clump": 0,
    "parameters_to_parameters_data_clump": 0,
    "amount_data_clumps": 12
  },
  "project_info": {
    "project_url": "unknown_project_url",
    "project_name": "_CVMEoD5nEemphNojEI-2Ug",
    "project_version": "unknown_project_version",
    "project_commit_hash": "unknown",
    "project_tag": null,
    "project_commit_date": null,
    "additional": {},
    "number_of_files": 5,
    "number_of_classes_or_interfaces": 5,
    "number_of_methods": 13,
    "number_of_data_fields": 25,
    "number_of_method_parameters": 0
  },
  "detector": {
    "name": "data-clumps-doctor",
    "url": "https://github.com/NilsBaumgartner1994/data-clumps-doctor",
    "version": "0.1.100",
    "options": {
      "typeVariablesConsidered": false,
      "similarityModifierOfVariablesWithUnknownType": 0,
      "fieldsOfClassesWithUnknownHierarchyProbabilityModifier": 0,
      "sharedFieldsToFieldsAmountMinimum": 3,
      "analyseFieldsInClassesOrInterfacesInheritedFromSuperClassesOrInterfaces": false,
      "sharedParametersToParametersAmountMinimum": 3,
      "sharedParametersToFieldsAmountMinimum": 3,
      "methodsOfClassesOrInterfacesWithUnknownHierarchyProbabilityModifier": 0
    }
  },
  "data_clumps": {
    "fields_to_fields_data_clump-./Admin-_q_PlsCCVEDe8kbXHhBST4g-_3sFnkCCcEDedR_o4ANsKEw-EmpIDEmpNameAddressEmpEmailEmpSalary": {
      "type": "data_clump",
      "key": "fields_to_fields_data_clump-./Admin-_q_PlsCCVEDe8kbXHhBST4g-_3sFnkCCcEDedR_o4ANsKEw-EmpIDEmpNameAddressEmpEmailEmpSalary",
      "probability": 1,
      "from_file_path": "./Admin",
      "from_class_or_interface_name": "Admin",
      "from_class_or_interface_key": "_q_PlsCCVEDe8kbXHhBST4g",
      "from_method_name": null,
      "from_method_key": null,
      "to_file_path": "./Employee",
      "to_class_or_interface_key": "_3sFnkCCcEDedR_o4ANsKEw",
      "to_class_or_interface_name": "Admin",
      "to_method_key": null,
      "to_method_name": null,
      "data_clump_type": "fields_to_fields_data_clump",
      "data_clump_data": {
        "_8U5bMCCbEDedR_o4ANsKEw": {
          "key": "_8U5bMCCbEDedR_o4ANsKEw",
          "name": "EmpID",
          "type": null,
          "probability": 1,
          "modifiers": [],
          "to_variable": {
            "key": "_8NjnoCCcEDedR_o4ANsKEw",
            "name": "EmpID",
            "type": null,
            "modifiers": [],
            "position": {}
          },
          "position": {}
        },
        "_8U6pUCCbEDedR_o4ANsKEw": {
          "key": "_8U6pUCCbEDedR_o4ANsKEw",
          "name": "EmpName",
          "type": null,
          "probability": 1,
          "modifiers": [],
          "to_variable": {
            "key": "_8NjnoSCcEDedR_o4ANsKEw",
            "name": "EmpName",
            "type": null,
            "modifiers": [],
            "position": {}
          },
          "position": {}
        },
        "_8U6pUSCbEDedR_o4ANsKEw": {
          "key": "_8U6pUSCbEDedR_o4ANsKEw",
          "name": "Address",
          "type": null,
          "probability": 1,
          "modifiers": [],
          "to_variable": {
            "key": "_8NkOsCCcEDedR_o4ANsKEw",
            "name": "Address",
            "type": null,
            "modifiers": [],
            "position": {}
          },
          "position": {}
        },
        "_8U6pUiCbEDedR_o4ANsKEw": {
          "key": "_8U6pUiCbEDedR_o4ANsKEw",
          "name": "EmpEmail",
          "type": null,
          "probability": 1,
          "modifiers": [],
          "to_variable": {
            "key": "_8NkOsSCcEDedR_o4ANsKEw",
            "name": "EmpEmail",
            "type": null,
            "modifiers": [],
            "position": {}
          },
          "position": {}
        },
        "_8U7QYCCbEDedR_o4ANsKEw": {
          "key": "_8U7QYCCbEDedR_o4ANsKEw",
          "name": "EmpSalary",
          "type": null,
          "probability": 1,
          "modifiers": [],
          "to_variable": {
            "key": "_8NkOsiCcEDedR_o4ANsKEw",
            "name": "EmpSalary",
            "type": null,
            "modifiers": [],
            "position": {}
          },
          "position": {}
        }
      }
    },
    "fields_to_fields_data_clump-./Admin-_q_PlsCCVEDe8kbXHhBST4g-_ok1_0SCVEDe8kbXHhBST4g-EmpIDEmpNameAddressEmpEmailEmpSalary": {
      "type": "data_clump",
      "key": "fields_to_fields_data_clump-./Admin-_q_PlsCCVEDe8kbXHhBST4g-_ok1_0SCVEDe8kbXHhBST4g-EmpIDEmpNameAddressEmpEmailEmpSalary",
      "probability": 1,
      "from_file_path": "./Admin",
      "from_class_or_interface_name": "Admin",
      "from_class_or_interface_key": "_q_PlsCCVEDe8kbXHhBST4g",
      "from_method_name": null,
      "from_method_key": null,
      "to_file_path": "./Manager",
      "to_class_or_interface_key": "_ok1_0SCVEDe8kbXHhBST4g",
      "to_class_or_interface_name": "Admin",
      "to_method_key": null,
      "to_method_name": null,
      "data_clump_type": "fields_to_fields_data_clump",
      "data_clump_data": {
        "_8U5bMCCbEDedR_o4ANsKEw": {
          "key": "_8U5bMCCbEDedR_o4ANsKEw",
          "name": "EmpID",
          "type": null,
          "probability": 1,
          "modifiers": [],
          "to_variable": {
            "key": "_sHjcICCWEDe8kbXHhBST4g",
            "name": "EmpID",
            "type": null,
            "modifiers": [],
            "position": {}
          },
          "position": {}
        },
        "_8U6pUCCbEDedR_o4ANsKEw": {
          "key": "_8U6pUCCbEDedR_o4ANsKEw",
          "name": "EmpName",
          "type": null,
          "probability": 1,
          "modifiers": [],
          "to_variable": {
            "key": "_6aq8cCCWEDe8kbXHhBST4g",
            "name": "EmpName",
            "type": null,
            "modifiers": [],
            "position": {}
          },
          "position": {}
        },
        "_8U6pUSCbEDedR_o4ANsKEw": {
          "key": "_8U6pUSCbEDedR_o4ANsKEw",
          "name": "Address",
          "type": null,
          "probability": 1,
          "modifiers": [],
          "to_variable": {
            "key": "_E31e4CCXEDe8kbXHhBST4g",
            "name": "Address",
            "type": null,
            "modifiers": [],
            "position": {}
          },
          "position": {}
        },
        "_8U6pUiCbEDedR_o4ANsKEw": {
          "key": "_8U6pUiCbEDedR_o4ANsKEw",
          "name": "EmpEmail",
          "type": null,
          "probability": 1,
          "modifiers": [],
          "to_variable": {
            "key": "_NzOskCCXEDe8kbXHhBST4g",
            "name": "EmpEmail",
            "type": null,
            "modifiers": [],
            "position": {}
          },
          "position": {}
        },
        "_8U7QYCCbEDedR_o4ANsKEw": {
          "key": "_8U7QYCCbEDedR_o4ANsKEw",
          "name": "EmpSalary",
          "type": null,
          "probability": 1,
          "modifiers": [],
          "to_variable": {
            "key": "_ZfPnwCCXEDe8kbXHhBST4g",
            "name": "EmpSalary",
            "type": null,
            "modifiers": [],
            "position": {}
          },
          "position": {}
        }
      }
    },
    "fields_to_fields_data_clump-./Admin-_q_PlsCCVEDe8kbXHhBST4g-_kP9DMCCVEDe8kbXHhBST4g-EmpIDEmpNameAddressEmpEmailEmpSalary": {
      "type": "data_clump",
      "key": "fields_to_fields_data_clump-./Admin-_q_PlsCCVEDe8kbXHhBST4g-_kP9DMCCVEDe8kbXHhBST4g-EmpIDEmpNameAddressEmpEmailEmpSalary",
      "probability": 1,
      "from_file_path": "./Admin",
      "from_class_or_interface_name": "Admin",
      "from_class_or_interface_key": "_q_PlsCCVEDe8kbXHhBST4g",
      "from_method_name": null,
      "from_method_key": null,
      "to_file_path": "./Receptionist",
      "to_class_or_interface_key": "_kP9DMCCVEDe8kbXHhBST4g",
      "to_class_or_interface_name": "Admin",
      "to_method_key": null,
      "to_method_name": null,
      "data_clump_type": "fields_to_fields_data_clump",
      "data_clump_data": {
        "_8U5bMCCbEDedR_o4ANsKEw": {
          "key": "_8U5bMCCbEDedR_o4ANsKEw",
          "name": "EmpID",
          "type": null,
          "probability": 1,
          "modifiers": [],
          "to_variable": {
            "key": "_u-41oCCWEDe8kbXHhBST4g",
            "name": "EmpID",
            "type": null,
            "modifiers": [],
            "position": {}
          },
          "position": {}
        },
        "_8U6pUCCbEDedR_o4ANsKEw": {
          "key": "_8U6pUCCbEDedR_o4ANsKEw",
          "name": "EmpName",
          "type": null,
          "probability": 1,
          "modifiers": [],
          "to_variable": {
            "key": "__3WnkCCWEDe8kbXHhBST4g",
            "name": "EmpName",
            "type": null,
            "modifiers": [],
            "position": {}
          },
          "position": {}
        },
        "_8U6pUSCbEDedR_o4ANsKEw": {
          "key": "_8U6pUSCbEDedR_o4ANsKEw",
          "name": "Address",
          "type": null,
          "probability": 1,
          "modifiers": [],
          "to_variable": {
            "key": "_KdsUICCXEDe8kbXHhBST4g",
            "name": "Address",
            "type": null,
            "modifiers": [],
            "position": {}
          },
          "position": {}
        },
        "_8U6pUiCbEDedR_o4ANsKEw": {
          "key": "_8U6pUiCbEDedR_o4ANsKEw",
          "name": "EmpEmail",
          "type": null,
          "probability": 1,
          "modifiers": [],
          "to_variable": {
            "key": "_SvkqwCCXEDe8kbXHhBST4g",
            "name": "EmpEmail",
            "type": null,
            "modifiers": [],
            "position": {}
          },
          "position": {}
        },
        "_8U7QYCCbEDedR_o4ANsKEw": {
          "key": "_8U7QYCCbEDedR_o4ANsKEw",
          "name": "EmpSalary",
          "type": null,
          "probability": 1,
          "modifiers": [],
          "to_variable": {
            "key": "_WnQuACCXEDe8kbXHhBST4g",
            "name": "EmpSalary",
            "type": null,
            "modifiers": [],
            "position": {}
          },
          "position": {}
        }
      }
    },
    "fields_to_fields_data_clump-./Employee-_3sFnkCCcEDedR_o4ANsKEw-_q_PlsCCVEDe8kbXHhBST4g-EmpIDEmpNameAddressEmpEmailEmpSalary": {
      "type": "data_clump",
      "key": "fields_to_fields_data_clump-./Employee-_3sFnkCCcEDedR_o4ANsKEw-_q_PlsCCVEDe8kbXHhBST4g-EmpIDEmpNameAddressEmpEmailEmpSalary",
      "probability": 1,
      "from_file_path": "./Employee",
      "from_class_or_interface_name": "Employee",
      "from_class_or_interface_key": "_3sFnkCCcEDedR_o4ANsKEw",
      "from_method_name": null,
      "from_method_key": null,
      "to_file_path": "./Admin",
      "to_class_or_interface_key": "_q_PlsCCVEDe8kbXHhBST4g",
      "to_class_or_interface_name": "Employee",
      "to_method_key": null,
      "to_method_name": null,
      "data_clump_type": "fields_to_fields_data_clump",
      "data_clump_data": {
        "_8NjnoCCcEDedR_o4ANsKEw": {
          "key": "_8NjnoCCcEDedR_o4ANsKEw",
          "name": "EmpID",
          "type": null,
          "probability": 1,
          "modifiers": [],
          "to_variable": {
            "key": "_8U5bMCCbEDedR_o4ANsKEw",
            "name": "EmpID",
            "type": null,
            "modifiers": [],
            "position": {}
          },
          "position": {}
        },
        "_8NjnoSCcEDedR_o4ANsKEw": {
          "key": "_8NjnoSCcEDedR_o4ANsKEw",
          "name": "EmpName",
          "type": null,
          "probability": 1,
          "modifiers": [],
          "to_variable": {
            "key": "_8U6pUCCbEDedR_o4ANsKEw",
            "name": "EmpName",
            "type": null,
            "modifiers": [],
            "position": {}
          },
          "position": {}
        },
        "_8NkOsCCcEDedR_o4ANsKEw": {
          "key": "_8NkOsCCcEDedR_o4ANsKEw",
          "name": "Address",
          "type": null,
          "probability": 1,
          "modifiers": [],
          "to_variable": {
            "key": "_8U6pUSCbEDedR_o4ANsKEw",
            "name": "Address",
            "type": null,
            "modifiers": [],
            "position": {}
          },
          "position": {}
        },
        "_8NkOsSCcEDedR_o4ANsKEw": {
          "key": "_8NkOsSCcEDedR_o4ANsKEw",
          "name": "EmpEmail",
          "type": null,
          "probability": 1,
          "modifiers": [],
          "to_variable": {
            "key": "_8U6pUiCbEDedR_o4ANsKEw",
            "name": "EmpEmail",
            "type": null,
            "modifiers": [],
            "position": {}
          },
          "position": {}
        },
        "_8NkOsiCcEDedR_o4ANsKEw": {
          "key": "_8NkOsiCcEDedR_o4ANsKEw",
          "name": "EmpSalary",
          "type": null,
          "probability": 1,
          "modifiers": [],
          "to_variable": {
            "key": "_8U7QYCCbEDedR_o4ANsKEw",
            "name": "EmpSalary",
            "type": null,
            "modifiers": [],
            "position": {}
          },
          "position": {}
        }
      }
    },
    "fields_to_fields_data_clump-./Employee-_3sFnkCCcEDedR_o4ANsKEw-_ok1_0SCVEDe8kbXHhBST4g-EmpIDEmpNameAddressEmpEmailEmpSalary": {
      "type": "data_clump",
      "key": "fields_to_fields_data_clump-./Employee-_3sFnkCCcEDedR_o4ANsKEw-_ok1_0SCVEDe8kbXHhBST4g-EmpIDEmpNameAddressEmpEmailEmpSalary",
      "probability": 1,
      "from_file_path": "./Employee",
      "from_class_or_interface_name": "Employee",
      "from_class_or_interface_key": "_3sFnkCCcEDedR_o4ANsKEw",
      "from_method_name": null,
      "from_method_key": null,
      "to_file_path": "./Manager",
      "to_class_or_interface_key": "_ok1_0SCVEDe8kbXHhBST4g",
      "to_class_or_interface_name": "Employee",
      "to_method_key": null,
      "to_method_name": null,
      "data_clump_type": "fields_to_fields_data_clump",
      "data_clump_data": {
        "_8NjnoCCcEDedR_o4ANsKEw": {
          "key": "_8NjnoCCcEDedR_o4ANsKEw",
          "name": "EmpID",
          "type": null,
          "probability": 1,
          "modifiers": [],
          "to_variable": {
            "key": "_sHjcICCWEDe8kbXHhBST4g",
            "name": "EmpID",
            "type": null,
            "modifiers": [],
            "position": {}
          },
          "position": {}
        },
        "_8NjnoSCcEDedR_o4ANsKEw": {
          "key": "_8NjnoSCcEDedR_o4ANsKEw",
          "name": "EmpName",
          "type": null,
          "probability": 1,
          "modifiers": [],
          "to_variable": {
            "key": "_6aq8cCCWEDe8kbXHhBST4g",
            "name": "EmpName",
            "type": null,
            "modifiers": [],
            "position": {}
          },
          "position": {}
        },
        "_8NkOsCCcEDedR_o4ANsKEw": {
          "key": "_8NkOsCCcEDedR_o4ANsKEw",
          "name": "Address",
          "type": null,
          "probability": 1,
          "modifiers": [],
          "to_variable": {
            "key": "_E31e4CCXEDe8kbXHhBST4g",
            "name": "Address",
            "type": null,
            "modifiers": [],
            "position": {}
          },
          "position": {}
        },
        "_8NkOsSCcEDedR_o4ANsKEw": {
          "key": "_8NkOsSCcEDedR_o4ANsKEw",
          "name": "EmpEmail",
          "type": null,
          "probability": 1,
          "modifiers": [],
          "to_variable": {
            "key": "_NzOskCCXEDe8kbXHhBST4g",
            "name": "EmpEmail",
            "type": null,
            "modifiers": [],
            "position": {}
          },
          "position": {}
        },
        "_8NkOsiCcEDedR_o4ANsKEw": {
          "key": "_8NkOsiCcEDedR_o4ANsKEw",
          "name": "EmpSalary",
          "type": null,
          "probability": 1,
          "modifiers": [],
          "to_variable": {
            "key": "_ZfPnwCCXEDe8kbXHhBST4g",
            "name": "EmpSalary",
            "type": null,
            "modifiers": [],
            "position": {}
          },
          "position": {}
        }
      }
    },
    "fields_to_fields_data_clump-./Employee-_3sFnkCCcEDedR_o4ANsKEw-_kP9DMCCVEDe8kbXHhBST4g-EmpIDEmpNameAddressEmpEmailEmpSalary": {
      "type": "data_clump",
      "key": "fields_to_fields_data_clump-./Employee-_3sFnkCCcEDedR_o4ANsKEw-_kP9DMCCVEDe8kbXHhBST4g-EmpIDEmpNameAddressEmpEmailEmpSalary",
      "probability": 1,
      "from_file_path": "./Employee",
      "from_class_or_interface_name": "Employee",
      "from_class_or_interface_key": "_3sFnkCCcEDedR_o4ANsKEw",
      "from_method_name": null,
      "from_method_key": null,
      "to_file_path": "./Receptionist",
      "to_class_or_interface_key": "_kP9DMCCVEDe8kbXHhBST4g",
      "to_class_or_interface_name": "Employee",
      "to_method_key": null,
      "to_method_name": null,
      "data_clump_type": "fields_to_fields_data_clump",
      "data_clump_data": {
        "_8NjnoCCcEDedR_o4ANsKEw": {
          "key": "_8NjnoCCcEDedR_o4ANsKEw",
          "name": "EmpID",
          "type": null,
          "probability": 1,
          "modifiers": [],
          "to_variable": {
            "key": "_u-41oCCWEDe8kbXHhBST4g",
            "name": "EmpID",
            "type": null,
            "modifiers": [],
            "position": {}
          },
          "position": {}
        },
        "_8NjnoSCcEDedR_o4ANsKEw": {
          "key": "_8NjnoSCcEDedR_o4ANsKEw",
          "name": "EmpName",
          "type": null,
          "probability": 1,
          "modifiers": [],
          "to_variable": {
            "key": "__3WnkCCWEDe8kbXHhBST4g",
            "name": "EmpName",
            "type": null,
            "modifiers": [],
            "position": {}
          },
          "position": {}
        },
        "_8NkOsCCcEDedR_o4ANsKEw": {
          "key": "_8NkOsCCcEDedR_o4ANsKEw",
          "name": "Address",
          "type": null,
          "probability": 1,
          "modifiers": [],
          "to_variable": {
            "key": "_KdsUICCXEDe8kbXHhBST4g",
            "name": "Address",
            "type": null,
            "modifiers": [],
            "position": {}
          },
          "position": {}
        },
        "_8NkOsSCcEDedR_o4ANsKEw": {
          "key": "_8NkOsSCcEDedR_o4ANsKEw",
          "name": "EmpEmail",
          "type": null,
          "probability": 1,
          "modifiers": [],
          "to_variable": {
            "key": "_SvkqwCCXEDe8kbXHhBST4g",
            "name": "EmpEmail",
            "type": null,
            "modifiers": [],
            "position": {}
          },
          "position": {}
        },
        "_8NkOsiCcEDedR_o4ANsKEw": {
          "key": "_8NkOsiCcEDedR_o4ANsKEw",
          "name": "EmpSalary",
          "type": null,
          "probability": 1,
          "modifiers": [],
          "to_variable": {
            "key": "_WnQuACCXEDe8kbXHhBST4g",
            "name": "EmpSalary",
            "type": null,
            "modifiers": [],
            "position": {}
          },
          "position": {}
        }
      }
    },
    "fields_to_fields_data_clump-./Manager-_ok1_0SCVEDe8kbXHhBST4g-_q_PlsCCVEDe8kbXHhBST4g-EmpIDEmpNameAddressEmpEmailEmpSalary": {
      "type": "data_clump",
      "key": "fields_to_fields_data_clump-./Manager-_ok1_0SCVEDe8kbXHhBST4g-_q_PlsCCVEDe8kbXHhBST4g-EmpIDEmpNameAddressEmpEmailEmpSalary",
      "probability": 1,
      "from_file_path": "./Manager",
      "from_class_or_interface_name": "Manager",
      "from_class_or_interface_key": "_ok1_0SCVEDe8kbXHhBST4g",
      "from_method_name": null,
      "from_method_key": null,
      "to_file_path": "./Admin",
      "to_class_or_interface_key": "_q_PlsCCVEDe8kbXHhBST4g",
      "to_class_or_interface_name": "Manager",
      "to_method_key": null,
      "to_method_name": null,
      "data_clump_type": "fields_to_fields_data_clump",
      "data_clump_data": {
        "_sHjcICCWEDe8kbXHhBST4g": {
          "key": "_sHjcICCWEDe8kbXHhBST4g",
          "name": "EmpID",
          "type": null,
          "probability": 1,
          "modifiers": [],
          "to_variable": {
            "key": "_8U5bMCCbEDedR_o4ANsKEw",
            "name": "EmpID",
            "type": null,
            "modifiers": [],
            "position": {}
          },
          "position": {}
        },
        "_6aq8cCCWEDe8kbXHhBST4g": {
          "key": "_6aq8cCCWEDe8kbXHhBST4g",
          "name": "EmpName",
          "type": null,
          "probability": 1,
          "modifiers": [],
          "to_variable": {
            "key": "_8U6pUCCbEDedR_o4ANsKEw",
            "name": "EmpName",
            "type": null,
            "modifiers": [],
            "position": {}
          },
          "position": {}
        },
        "_E31e4CCXEDe8kbXHhBST4g": {
          "key": "_E31e4CCXEDe8kbXHhBST4g",
          "name": "Address",
          "type": null,
          "probability": 1,
          "modifiers": [],
          "to_variable": {
            "key": "_8U6pUSCbEDedR_o4ANsKEw",
            "name": "Address",
            "type": null,
            "modifiers": [],
            "position": {}
          },
          "position": {}
        },
        "_NzOskCCXEDe8kbXHhBST4g": {
          "key": "_NzOskCCXEDe8kbXHhBST4g",
          "name": "EmpEmail",
          "type": null,
          "probability": 1,
          "modifiers": [],
          "to_variable": {
            "key": "_8U6pUiCbEDedR_o4ANsKEw",
            "name": "EmpEmail",
            "type": null,
            "modifiers": [],
            "position": {}
          },
          "position": {}
        },
        "_ZfPnwCCXEDe8kbXHhBST4g": {
          "key": "_ZfPnwCCXEDe8kbXHhBST4g",
          "name": "EmpSalary",
          "type": null,
          "probability": 1,
          "modifiers": [],
          "to_variable": {
            "key": "_8U7QYCCbEDedR_o4ANsKEw",
            "name": "EmpSalary",
            "type": null,
            "modifiers": [],
            "position": {}
          },
          "position": {}
        }
      }
    },
    "fields_to_fields_data_clump-./Manager-_ok1_0SCVEDe8kbXHhBST4g-_3sFnkCCcEDedR_o4ANsKEw-EmpIDEmpNameAddressEmpEmailEmpSalary": {
      "type": "data_clump",
      "key": "fields_to_fields_data_clump-./Manager-_ok1_0SCVEDe8kbXHhBST4g-_3sFnkCCcEDedR_o4ANsKEw-EmpIDEmpNameAddressEmpEmailEmpSalary",
      "probability": 1,
      "from_file_path": "./Manager",
      "from_class_or_interface_name": "Manager",
      "from_class_or_interface_key": "_ok1_0SCVEDe8kbXHhBST4g",
      "from_method_name": null,
      "from_method_key": null,
      "to_file_path": "./Employee",
      "to_class_or_interface_key": "_3sFnkCCcEDedR_o4ANsKEw",
      "to_class_or_interface_name": "Manager",
      "to_method_key": null,
      "to_method_name": null,
      "data_clump_type": "fields_to_fields_data_clump",
      "data_clump_data": {
        "_sHjcICCWEDe8kbXHhBST4g": {
          "key": "_sHjcICCWEDe8kbXHhBST4g",
          "name": "EmpID",
          "type": null,
          "probability": 1,
          "modifiers": [],
          "to_variable": {
            "key": "_8NjnoCCcEDedR_o4ANsKEw",
            "name": "EmpID",
            "type": null,
            "modifiers": [],
            "position": {}
          },
          "position": {}
        },
        "_6aq8cCCWEDe8kbXHhBST4g": {
          "key": "_6aq8cCCWEDe8kbXHhBST4g",
          "name": "EmpName",
          "type": null,
          "probability": 1,
          "modifiers": [],
          "to_variable": {
            "key": "_8NjnoSCcEDedR_o4ANsKEw",
            "name": "EmpName",
            "type": null,
            "modifiers": [],
            "position": {}
          },
          "position": {}
        },
        "_E31e4CCXEDe8kbXHhBST4g": {
          "key": "_E31e4CCXEDe8kbXHhBST4g",
          "name": "Address",
          "type": null,
          "probability": 1,
          "modifiers": [],
          "to_variable": {
            "key": "_8NkOsCCcEDedR_o4ANsKEw",
            "name": "Address",
            "type": null,
            "modifiers": [],
            "position": {}
          },
          "position": {}
        },
        "_NzOskCCXEDe8kbXHhBST4g": {
          "key": "_NzOskCCXEDe8kbXHhBST4g",
          "name": "EmpEmail",
          "type": null,
          "probability": 1,
          "modifiers": [],
          "to_variable": {
            "key": "_8NkOsSCcEDedR_o4ANsKEw",
            "name": "EmpEmail",
            "type": null,
            "modifiers": [],
            "position": {}
          },
          "position": {}
        },
        "_ZfPnwCCXEDe8kbXHhBST4g": {
          "key": "_ZfPnwCCXEDe8kbXHhBST4g",
          "name": "EmpSalary",
          "type": null,
          "probability": 1,
          "modifiers": [],
          "to_variable": {
            "key": "_8NkOsiCcEDedR_o4ANsKEw",
            "name": "EmpSalary",
            "type": null,
            "modifiers": [],
            "position": {}
          },
          "position": {}
        }
      }
    },
    "fields_to_fields_data_clump-./Manager-_ok1_0SCVEDe8kbXHhBST4g-_kP9DMCCVEDe8kbXHhBST4g-EmpIDEmpNameAddressEmpEmailEmpSalary": {
      "type": "data_clump",
      "key": "fields_to_fields_data_clump-./Manager-_ok1_0SCVEDe8kbXHhBST4g-_kP9DMCCVEDe8kbXHhBST4g-EmpIDEmpNameAddressEmpEmailEmpSalary",
      "probability": 1,
      "from_file_path": "./Manager",
      "from_class_or_interface_name": "Manager",
      "from_class_or_interface_key": "_ok1_0SCVEDe8kbXHhBST4g",
      "from_method_name": null,
      "from_method_key": null,
      "to_file_path": "./Receptionist",
      "to_class_or_interface_key": "_kP9DMCCVEDe8kbXHhBST4g",
      "to_class_or_interface_name": "Manager",
      "to_method_key": null,
      "to_method_name": null,
      "data_clump_type": "fields_to_fields_data_clump",
      "data_clump_data": {
        "_sHjcICCWEDe8kbXHhBST4g": {
          "key": "_sHjcICCWEDe8kbXHhBST4g",
          "name": "EmpID",
          "type": null,
          "probability": 1,
          "modifiers": [],
          "to_variable": {
            "key": "_u-41oCCWEDe8kbXHhBST4g",
            "name": "EmpID",
            "type": null,
            "modifiers": [],
            "position": {}
          },
          "position": {}
        },
        "_6aq8cCCWEDe8kbXHhBST4g": {
          "key": "_6aq8cCCWEDe8kbXHhBST4g",
          "name": "EmpName",
          "type": null,
          "probability": 1,
          "modifiers": [],
          "to_variable": {
            "key": "__3WnkCCWEDe8kbXHhBST4g",
            "name": "EmpName",
            "type": null,
            "modifiers": [],
            "position": {}
          },
          "position": {}
        },
        "_E31e4CCXEDe8kbXHhBST4g": {
          "key": "_E31e4CCXEDe8kbXHhBST4g",
          "name": "Address",
          "type": null,
          "probability": 1,
          "modifiers": [],
          "to_variable": {
            "key": "_KdsUICCXEDe8kbXHhBST4g",
            "name": "Address",
            "type": null,
            "modifiers": [],
            "position": {}
          },
          "position": {}
        },
        "_NzOskCCXEDe8kbXHhBST4g": {
          "key": "_NzOskCCXEDe8kbXHhBST4g",
          "name": "EmpEmail",
          "type": null,
          "probability": 1,
          "modifiers": [],
          "to_variable": {
            "key": "_SvkqwCCXEDe8kbXHhBST4g",
            "name": "EmpEmail",
            "type": null,
            "modifiers": [],
            "position": {}
          },
          "position": {}
        },
        "_ZfPnwCCXEDe8kbXHhBST4g": {
          "key": "_ZfPnwCCXEDe8kbXHhBST4g",
          "name": "EmpSalary",
          "type": null,
          "probability": 1,
          "modifiers": [],
          "to_variable": {
            "key": "_WnQuACCXEDe8kbXHhBST4g",
            "name": "EmpSalary",
            "type": null,
            "modifiers": [],
            "position": {}
          },
          "position": {}
        }
      }
    },
    "fields_to_fields_data_clump-./Receptionist-_kP9DMCCVEDe8kbXHhBST4g-_q_PlsCCVEDe8kbXHhBST4g-EmpIDEmpNameAddressEmpEmailEmpSalary": {
      "type": "data_clump",
      "key": "fields_to_fields_data_clump-./Receptionist-_kP9DMCCVEDe8kbXHhBST4g-_q_PlsCCVEDe8kbXHhBST4g-EmpIDEmpNameAddressEmpEmailEmpSalary",
      "probability": 1,
      "from_file_path": "./Receptionist",
      "from_class_or_interface_name": "Receptionist",
      "from_class_or_interface_key": "_kP9DMCCVEDe8kbXHhBST4g",
      "from_method_name": null,
      "from_method_key": null,
      "to_file_path": "./Admin",
      "to_class_or_interface_key": "_q_PlsCCVEDe8kbXHhBST4g",
      "to_class_or_interface_name": "Receptionist",
      "to_method_key": null,
      "to_method_name": null,
      "data_clump_type": "fields_to_fields_data_clump",
      "data_clump_data": {
        "_u-41oCCWEDe8kbXHhBST4g": {
          "key": "_u-41oCCWEDe8kbXHhBST4g",
          "name": "EmpID",
          "type": null,
          "probability": 1,
          "modifiers": [],
          "to_variable": {
            "key": "_8U5bMCCbEDedR_o4ANsKEw",
            "name": "EmpID",
            "type": null,
            "modifiers": [],
            "position": {}
          },
          "position": {}
        },
        "__3WnkCCWEDe8kbXHhBST4g": {
          "key": "__3WnkCCWEDe8kbXHhBST4g",
          "name": "EmpName",
          "type": null,
          "probability": 1,
          "modifiers": [],
          "to_variable": {
            "key": "_8U6pUCCbEDedR_o4ANsKEw",
            "name": "EmpName",
            "type": null,
            "modifiers": [],
            "position": {}
          },
          "position": {}
        },
        "_KdsUICCXEDe8kbXHhBST4g": {
          "key": "_KdsUICCXEDe8kbXHhBST4g",
          "name": "Address",
          "type": null,
          "probability": 1,
          "modifiers": [],
          "to_variable": {
            "key": "_8U6pUSCbEDedR_o4ANsKEw",
            "name": "Address",
            "type": null,
            "modifiers": [],
            "position": {}
          },
          "position": {}
        },
        "_SvkqwCCXEDe8kbXHhBST4g": {
          "key": "_SvkqwCCXEDe8kbXHhBST4g",
          "name": "EmpEmail",
          "type": null,
          "probability": 1,
          "modifiers": [],
          "to_variable": {
            "key": "_8U6pUiCbEDedR_o4ANsKEw",
            "name": "EmpEmail",
            "type": null,
            "modifiers": [],
            "position": {}
          },
          "position": {}
        },
        "_WnQuACCXEDe8kbXHhBST4g": {
          "key": "_WnQuACCXEDe8kbXHhBST4g",
          "name": "EmpSalary",
          "type": null,
          "probability": 1,
          "modifiers": [],
          "to_variable": {
            "key": "_8U7QYCCbEDedR_o4ANsKEw",
            "name": "EmpSalary",
            "type": null,
            "modifiers": [],
            "position": {}
          },
          "position": {}
        }
      }
    },
    "fields_to_fields_data_clump-./Receptionist-_kP9DMCCVEDe8kbXHhBST4g-_3sFnkCCcEDedR_o4ANsKEw-EmpIDEmpNameAddressEmpEmailEmpSalary": {
      "type": "data_clump",
      "key": "fields_to_fields_data_clump-./Receptionist-_kP9DMCCVEDe8kbXHhBST4g-_3sFnkCCcEDedR_o4ANsKEw-EmpIDEmpNameAddressEmpEmailEmpSalary",
      "probability": 1,
      "from_file_path": "./Receptionist",
      "from_class_or_interface_name": "Receptionist",
      "from_class_or_interface_key": "_kP9DMCCVEDe8kbXHhBST4g",
      "from_method_name": null,
      "from_method_key": null,
      "to_file_path": "./Employee",
      "to_class_or_interface_key": "_3sFnkCCcEDedR_o4ANsKEw",
      "to_class_or_interface_name": "Receptionist",
      "to_method_key": null,
      "to_method_name": null,
      "data_clump_type": "fields_to_fields_data_clump",
      "data_clump_data": {
        "_u-41oCCWEDe8kbXHhBST4g": {
          "key": "_u-41oCCWEDe8kbXHhBST4g",
          "name": "EmpID",
          "type": null,
          "probability": 1,
          "modifiers": [],
          "to_variable": {
            "key": "_8NjnoCCcEDedR_o4ANsKEw",
            "name": "EmpID",
            "type": null,
            "modifiers": [],
            "position": {}
          },
          "position": {}
        },
        "__3WnkCCWEDe8kbXHhBST4g": {
          "key": "__3WnkCCWEDe8kbXHhBST4g",
          "name": "EmpName",
          "type": null,
          "probability": 1,
          "modifiers": [],
          "to_variable": {
            "key": "_8NjnoSCcEDedR_o4ANsKEw",
            "name": "EmpName",
            "type": null,
            "modifiers": [],
            "position": {}
          },
          "position": {}
        },
        "_KdsUICCXEDe8kbXHhBST4g": {
          "key": "_KdsUICCXEDe8kbXHhBST4g",
          "name": "Address",
          "type": null,
          "probability": 1,
          "modifiers": [],
          "to_variable": {
            "key": "_8NkOsCCcEDedR_o4ANsKEw",
            "name": "Address",
            "type": null,
            "modifiers": [],
            "position": {}
          },
          "position": {}
        },
        "_SvkqwCCXEDe8kbXHhBST4g": {
          "key": "_SvkqwCCXEDe8kbXHhBST4g",
          "name": "EmpEmail",
          "type": null,
          "probability": 1,
          "modifiers": [],
          "to_variable": {
            "key": "_8NkOsSCcEDedR_o4ANsKEw",
            "name": "EmpEmail",
            "type": null,
            "modifiers": [],
            "position": {}
          },
          "position": {}
        },
        "_WnQuACCXEDe8kbXHhBST4g": {
          "key": "_WnQuACCXEDe8kbXHhBST4g",
          "name": "EmpSalary",
          "type": null,
          "probability": 1,
          "modifiers": [],
          "to_variable": {
            "key": "_8NkOsiCcEDedR_o4ANsKEw",
            "name": "EmpSalary",
            "type": null,
            "modifiers": [],
            "position": {}
          },
          "position": {}
        }
      }
    },
    "fields_to_fields_data_clump-./Receptionist-_kP9DMCCVEDe8kbXHhBST4g-_ok1_0SCVEDe8kbXHhBST4g-EmpIDEmpNameAddressEmpEmailEmpSalary": {
      "type": "data_clump",
      "key": "fields_to_fields_data_clump-./Receptionist-_kP9DMCCVEDe8kbXHhBST4g-_ok1_0SCVEDe8kbXHhBST4g-EmpIDEmpNameAddressEmpEmailEmpSalary",
      "probability": 1,
      "from_file_path": "./Receptionist",
      "from_class_or_interface_name": "Receptionist",
      "from_class_or_interface_key": "_kP9DMCCVEDe8kbXHhBST4g",
      "from_method_name": null,
      "from_method_key": null,
      "to_file_path": "./Manager",
      "to_class_or_interface_key": "_ok1_0SCVEDe8kbXHhBST4g",
      "to_class_or_interface_name": "Receptionist",
      "to_method_key": null,
      "to_method_name": null,
      "data_clump_type": "fields_to_fields_data_clump",
      "data_clump_data": {
        "_u-41oCCWEDe8kbXHhBST4g": {
          "key": "_u-41oCCWEDe8kbXHhBST4g",
          "name": "EmpID",
          "type": null,
          "probability": 1,
          "modifiers": [],
          "to_variable": {
            "key": "_sHjcICCWEDe8kbXHhBST4g",
            "name": "EmpID",
            "type": null,
            "modifiers": [],
            "position": {}
          },
          "position": {}
        },
        "__3WnkCCWEDe8kbXHhBST4g": {
          "key": "__3WnkCCWEDe8kbXHhBST4g",
          "name": "EmpName",
          "type": null,
          "probability": 1,
          "modifiers": [],
          "to_variable": {
            "key": "_6aq8cCCWEDe8kbXHhBST4g",
            "name": "EmpName",
            "type": null,
            "modifiers": [],
            "position": {}
          },
          "position": {}
        },
        "_KdsUICCXEDe8kbXHhBST4g": {
          "key": "_KdsUICCXEDe8kbXHhBST4g",
          "name": "Address",
          "type": null,
          "probability": 1,
          "modifiers": [],
          "to_variable": {
            "key": "_E31e4CCXEDe8kbXHhBST4g",
            "name": "Address",
            "type": null,
            "modifiers": [],
            "position": {}
          },
          "position": {}
        },
        "_SvkqwCCXEDe8kbXHhBST4g": {
          "key": "_SvkqwCCXEDe8kbXHhBST4g",
          "name": "EmpEmail",
          "type": null,
          "probability": 1,
          "modifiers": [],
          "to_variable": {
            "key": "_NzOskCCXEDe8kbXHhBST4g",
            "name": "EmpEmail",
            "type": null,
            "modifiers": [],
            "position": {}
          },
          "position": {}
        },
        "_WnQuACCXEDe8kbXHhBST4g": {
          "key": "_WnQuACCXEDe8kbXHhBST4g",
          "name": "EmpSalary",
          "type": null,
          "probability": 1,
          "modifiers": [],
          "to_variable": {
            "key": "_ZfPnwCCXEDe8kbXHhBST4g",
            "name": "EmpSalary",
            "type": null,
            "modifiers": [],
            "position": {}
          },
          "position": {}
        }
      }
    }
  }
}