{
  "report_version": "unknown",
  "report_timestamp": "2025-03-26T22:06:10.866Z",
  "target_language": "java",
  "report_summary": {
    "additional": null,
    "amount_classes_or_interfaces_with_data_clumps": 2,
    "amount_files_with_data_clumps": 2,
    "amount_methods_with_data_clumps": 0,
    "fields_to_fields_data_clump": 2,
    "parameters_to_fields_data_clump": 0,
    "parameters_to_parameters_data_clump": 0,
    "amount_data_clumps": 2
  },
  "project_info": {
    "project_url": "unknown_project_url",
    "project_name": "_MIbtILIxEee7sYPkE4-GPA",
    "project_version": "unknown_project_version",
    "project_commit_hash": "unknown",
    "project_tag": null,
    "project_commit_date": null,
    "additional": {},
    "number_of_files": 6,
    "number_of_classes_or_interfaces": 6,
    "number_of_methods": 18,
    "number_of_data_fields": 27,
    "number_of_method_parameters": 3
  },
  "detector": {
    "name": "data-clumps-doctor",
    "url": "https://github.com/NilsBaumgartner1994/data-clumps-doctor",
    "version": "0.1.100",
    "options": {
      "typeVariablesConsidered": false,
      "similarityModifierOfVariablesWithUnknownType": 0,
      "fieldsOfClassesWithUnknownHierarchyProbabilityModifier": 0,
      "sharedFieldsToFieldsAmountMinimum": 3,
      "analyseFieldsInClassesOrInterfacesInheritedFromSuperClassesOrInterfaces": false,
      "sharedParametersToParametersAmountMinimum": 3,
      "sharedParametersToFieldsAmountMinimum": 3,
      "methodsOfClassesOrInterfacesWithUnknownHierarchyProbabilityModifier": 0
    }
  },
  "data_clumps": {
    "fields_to_fields_data_clump-./Driver-_kp1TIJRgEDWyhfUQXSn3JA-_6QGtcJRfEDWyhfUQXSn3JA-usernamepasswordemailphoneaccountlocation": {
      "type": "data_clump",
      "key": "fields_to_fields_data_clump-./Driver-_kp1TIJRgEDWyhfUQXSn3JA-_6QGtcJRfEDWyhfUQXSn3JA-usernamepasswordemailphoneaccountlocation",
      "probability": 1,
      "from_file_path": "./Driver",
      "from_class_or_interface_name": "Driver",
      "from_class_or_interface_key": "_kp1TIJRgEDWyhfUQXSn3JA",
      "from_method_name": null,
      "from_method_key": null,
      "to_file_path": "./Rider",
      "to_class_or_interface_key": "_6QGtcJRfEDWyhfUQXSn3JA",
      "to_class_or_interface_name": "Driver",
      "to_method_key": null,
      "to_method_name": null,
      "data_clump_type": "fields_to_fields_data_clump",
      "data_clump_data": {
        "_nJInIJRgEDWyhfUQXSn3JA": {
          "key": "_nJInIJRgEDWyhfUQXSn3JA",
          "name": "username",
          "type": null,
          "probability": 1,
          "modifiers": [],
          "to_variable": {
            "key": "_74eZcJRfEDWyhfUQXSn3JA",
            "name": "username",
            "type": null,
            "modifiers": [],
            "position": {}
          },
          "position": {}
        },
        "_pw898JRgEDWyhfUQXSn3JA": {
          "key": "_pw898JRgEDWyhfUQXSn3JA",
          "name": "password",
          "type": null,
          "probability": 1,
          "modifiers": [],
          "to_variable": {
            "key": "_9ZguYJRfEDWyhfUQXSn3JA",
            "name": "password",
            "type": null,
            "modifiers": [],
            "position": {}
          },
          "position": {}
        },
        "_rvDCUJRgEDWyhfUQXSn3JA": {
          "key": "_rvDCUJRgEDWyhfUQXSn3JA",
          "name": "email",
          "type": null,
          "probability": 1,
          "modifiers": [],
          "to_variable": {
            "key": "__McroJRfEDWyhfUQXSn3JA",
            "name": "email",
            "type": null,
            "modifiers": [],
            "position": {}
          },
          "position": {}
        },
        "_tat58JRgEDWyhfUQXSn3JA": {
          "key": "_tat58JRgEDWyhfUQXSn3JA",
          "name": "phone",
          "type": null,
          "probability": 1,
          "modifiers": [],
          "to_variable": {
            "key": "_CEmkgJRgEDWyhfUQXSn3JA",
            "name": "phone",
            "type": null,
            "modifiers": [],
            "position": {}
          },
          "position": {}
        },
        "_u_Q14JRgEDWyhfUQXSn3JA": {
          "key": "_u_Q14JRgEDWyhfUQXSn3JA",
          "name": "account",
          "type": null,
          "probability": 1,
          "modifiers": [],
          "to_variable": {
            "key": "_FVaN8JRgEDWyhfUQXSn3JA",
            "name": "account",
            "type": null,
            "modifiers": [],
            "position": {}
          },
          "position": {}
        },
        "_x15r0JRgEDWyhfUQXSn3JA": {
          "key": "_x15r0JRgEDWyhfUQXSn3JA",
          "name": "location",
          "type": null,
          "probability": 1,
          "modifiers": [],
          "to_variable": {
            "key": "_Gj6BYJRgEDWyhfUQXSn3JA",
            "name": "location",
            "type": null,
            "modifiers": [],
            "position": {}
          },
          "position": {}
        }
      }
    },
    "fields_to_fields_data_clump-./Rider-_6QGtcJRfEDWyhfUQXSn3JA-_kp1TIJRgEDWyhfUQXSn3JA-usernamepasswordemailphoneaccountlocation": {
      "type": "data_clump",
      "key": "fields_to_fields_data_clump-./Rider-_6QGtcJRfEDWyhfUQXSn3JA-_kp1TIJRgEDWyhfUQXSn3JA-usernamepasswordemailphoneaccountlocation",
      "probability": 1,
      "from_file_path": "./Rider",
      "from_class_or_interface_name": "Rider",
      "from_class_or_interface_key": "_6QGtcJRfEDWyhfUQXSn3JA",
      "from_method_name": null,
      "from_method_key": null,
      "to_file_path": "./Driver",
      "to_class_or_interface_key": "_kp1TIJRgEDWyhfUQXSn3JA",
      "to_class_or_interface_name": "Rider",
      "to_method_key": null,
      "to_method_name": null,
      "data_clump_type": "fields_to_fields_data_clump",
      "data_clump_data": {
        "_74eZcJRfEDWyhfUQXSn3JA": {
          "key": "_74eZcJRfEDWyhfUQXSn3JA",
          "name": "username",
          "type": null,
          "probability": 1,
          "modifiers": [],
          "to_variable": {
            "key": "_nJInIJRgEDWyhfUQXSn3JA",
            "name": "username",
            "type": null,
            "modifiers": [],
            "position": {}
          },
          "position": {}
        },
        "_9ZguYJRfEDWyhfUQXSn3JA": {
          "key": "_9ZguYJRfEDWyhfUQXSn3JA",
          "name": "password",
          "type": null,
          "probability": 1,
          "modifiers": [],
          "to_variable": {
            "key": "_pw898JRgEDWyhfUQXSn3JA",
            "name": "password",
            "type": null,
            "modifiers": [],
            "position": {}
          },
          "position": {}
        },
        "__McroJRfEDWyhfUQXSn3JA": {
          "key": "__McroJRfEDWyhfUQXSn3JA",
          "name": "email",
          "type": null,
          "probability": 1,
          "modifiers": [],
          "to_variable": {
            "key": "_rvDCUJRgEDWyhfUQXSn3JA",
            "name": "email",
            "type": null,
            "modifiers": [],
            "position": {}
          },
          "position": {}
        },
        "_CEmkgJRgEDWyhfUQXSn3JA": {
          "key": "_CEmkgJRgEDWyhfUQXSn3JA",
          "name": "phone",
          "type": null,
          "probability": 1,
          "modifiers": [],
          "to_variable": {
            "key": "_tat58JRgEDWyhfUQXSn3JA",
            "name": "phone",
            "type": null,
            "modifiers": [],
            "position": {}
          },
          "position": {}
        },
        "_FVaN8JRgEDWyhfUQXSn3JA": {
          "key": "_FVaN8JRgEDWyhfUQXSn3JA",
          "name": "account",
          "type": null,
          "probability": 1,
          "modifiers": [],
          "to_variable": {
            "key": "_u_Q14JRgEDWyhfUQXSn3JA",
            "name": "account",
            "type": null,
            "modifiers": [],
            "position": {}
          },
          "position": {}
        },
        "_Gj6BYJRgEDWyhfUQXSn3JA": {
          "key": "_Gj6BYJRgEDWyhfUQXSn3JA",
          "name": "location",
          "type": null,
          "probability": 1,
          "modifiers": [],
          "to_variable": {
            "key": "_x15r0JRgEDWyhfUQXSn3JA",
            "name": "location",
            "type": null,
            "modifiers": [],
            "position": {}
          },
          "position": {}
        }
      }
    }
  }
}