{
  "report_version": "unknown",
  "report_timestamp": "2025-03-26T22:20:22.074Z",
  "target_language": "java",
  "report_summary": {
    "additional": null,
    "amount_classes_or_interfaces_with_data_clumps": 2,
    "amount_files_with_data_clumps": 2,
    "amount_methods_with_data_clumps": 0,
    "fields_to_fields_data_clump": 2,
    "parameters_to_fields_data_clump": 0,
    "parameters_to_parameters_data_clump": 0,
    "amount_data_clumps": 2
  },
  "project_info": {
    "project_url": "unknown_project_url",
    "project_name": "_yQGWALRwEeaFR5SV_RJHaw",
    "project_version": "unknown_project_version",
    "project_commit_hash": "unknown",
    "project_tag": null,
    "project_commit_date": null,
    "additional": {},
    "number_of_files": 8,
    "number_of_classes_or_interfaces": 8,
    "number_of_methods": 18,
    "number_of_data_fields": 29,
    "number_of_method_parameters": 0
  },
  "detector": {
    "name": "data-clumps-doctor",
    "url": "https://github.com/NilsBaumgartner1994/data-clumps-doctor",
    "version": "0.1.100",
    "options": {
      "typeVariablesConsidered": false,
      "similarityModifierOfVariablesWithUnknownType": 0,
      "fieldsOfClassesWithUnknownHierarchyProbabilityModifier": 0,
      "sharedFieldsToFieldsAmountMinimum": 3,
      "analyseFieldsInClassesOrInterfacesInheritedFromSuperClassesOrInterfaces": false,
      "sharedParametersToParametersAmountMinimum": 3,
      "sharedParametersToFieldsAmountMinimum": 3,
      "methodsOfClassesOrInterfacesWithUnknownHierarchyProbabilityModifier": 0
    }
  },
  "data_clumps": {
    "fields_to_fields_data_clump-./Customer-_5MRnMJaeEDSdCpYN6R42bA-_6XscAJafEDSdCpYN6R42bA-namecontactemail": {
      "type": "data_clump",
      "key": "fields_to_fields_data_clump-./Customer-_5MRnMJaeEDSdCpYN6R42bA-_6XscAJafEDSdCpYN6R42bA-namecontactemail",
      "probability": 1,
      "from_file_path": "./Customer",
      "from_class_or_interface_name": "Customer",
      "from_class_or_interface_key": "_5MRnMJaeEDSdCpYN6R42bA",
      "from_method_name": null,
      "from_method_key": null,
      "to_file_path": "./Employee",
      "to_class_or_interface_key": "_6XscAJafEDSdCpYN6R42bA",
      "to_class_or_interface_name": "Customer",
      "to_method_key": null,
      "to_method_name": null,
      "data_clump_type": "fields_to_fields_data_clump",
      "data_clump_data": {
        "__z_iEJaeEDSdCpYN6R42bA": {
          "key": "__z_iEJaeEDSdCpYN6R42bA",
          "name": "name",
          "type": null,
          "probability": 1,
          "modifiers": [],
          "to_variable": {
            "key": "__DVrwJafEDSdCpYN6R42bA",
            "name": "name",
            "type": null,
            "modifiers": [],
            "position": {}
          },
          "position": {}
        },
        "_Bpx_AJafEDSdCpYN6R42bA": {
          "key": "_Bpx_AJafEDSdCpYN6R42bA",
          "name": "contact",
          "type": null,
          "probability": 1,
          "modifiers": [],
          "to_variable": {
            "key": "_ALOg4JagEDSdCpYN6R42bA",
            "name": "contact",
            "type": null,
            "modifiers": [],
            "position": {}
          },
          "position": {}
        },
        "_IFA9EJafEDSdCpYN6R42bA": {
          "key": "_IFA9EJafEDSdCpYN6R42bA",
          "name": "email",
          "type": null,
          "probability": 1,
          "modifiers": [],
          "to_variable": {
            "key": "_DRw0AJagEDSdCpYN6R42bA",
            "name": "email",
            "type": null,
            "modifiers": [],
            "position": {}
          },
          "position": {}
        }
      }
    },
    "fields_to_fields_data_clump-./Employee-_6XscAJafEDSdCpYN6R42bA-_5MRnMJaeEDSdCpYN6R42bA-namecontactemail": {
      "type": "data_clump",
      "key": "fields_to_fields_data_clump-./Employee-_6XscAJafEDSdCpYN6R42bA-_5MRnMJaeEDSdCpYN6R42bA-namecontactemail",
      "probability": 1,
      "from_file_path": "./Employee",
      "from_class_or_interface_name": "Employee",
      "from_class_or_interface_key": "_6XscAJafEDSdCpYN6R42bA",
      "from_method_name": null,
      "from_method_key": null,
      "to_file_path": "./Customer",
      "to_class_or_interface_key": "_5MRnMJaeEDSdCpYN6R42bA",
      "to_class_or_interface_name": "Employee",
      "to_method_key": null,
      "to_method_name": null,
      "data_clump_type": "fields_to_fields_data_clump",
      "data_clump_data": {
        "__DVrwJafEDSdCpYN6R42bA": {
          "key": "__DVrwJafEDSdCpYN6R42bA",
          "name": "name",
          "type": null,
          "probability": 1,
          "modifiers": [],
          "to_variable": {
            "key": "__z_iEJaeEDSdCpYN6R42bA",
            "name": "name",
            "type": null,
            "modifiers": [],
            "position": {}
          },
          "position": {}
        },
        "_ALOg4JagEDSdCpYN6R42bA": {
          "key": "_ALOg4JagEDSdCpYN6R42bA",
          "name": "contact",
          "type": null,
          "probability": 1,
          "modifiers": [],
          "to_variable": {
            "key": "_Bpx_AJafEDSdCpYN6R42bA",
            "name": "contact",
            "type": null,
            "modifiers": [],
            "position": {}
          },
          "position": {}
        },
        "_DRw0AJagEDSdCpYN6R42bA": {
          "key": "_DRw0AJagEDSdCpYN6R42bA",
          "name": "email",
          "type": null,
          "probability": 1,
          "modifiers": [],
          "to_variable": {
            "key": "_IFA9EJafEDSdCpYN6R42bA",
            "name": "email",
            "type": null,
            "modifiers": [],
            "position": {}
          },
          "position": {}
        }
      }
    }
  }
}