{
  "report_version": "unknown",
  "report_timestamp": "2025-03-26T22:20:22.938Z",
  "target_language": "java",
  "report_summary": {
    "additional": null,
    "amount_classes_or_interfaces_with_data_clumps": 2,
    "amount_files_with_data_clumps": 2,
    "amount_methods_with_data_clumps": 0,
    "fields_to_fields_data_clump": 2,
    "parameters_to_fields_data_clump": 0,
    "parameters_to_parameters_data_clump": 0,
    "amount_data_clumps": 2
  },
  "project_info": {
    "project_url": "unknown_project_url",
    "project_name": "_A47FwKRTEemNounbprKgug",
    "project_version": "unknown_project_version",
    "project_commit_hash": "unknown",
    "project_tag": null,
    "project_commit_date": null,
    "additional": {},
    "number_of_files": 7,
    "number_of_classes_or_interfaces": 7,
    "number_of_methods": 5,
    "number_of_data_fields": 21,
    "number_of_method_parameters": 0
  },
  "detector": {
    "name": "data-clumps-doctor",
    "url": "https://github.com/NilsBaumgartner1994/data-clumps-doctor",
    "version": "0.1.100",
    "options": {
      "typeVariablesConsidered": false,
      "similarityModifierOfVariablesWithUnknownType": 0,
      "fieldsOfClassesWithUnknownHierarchyProbabilityModifier": 0,
      "sharedFieldsToFieldsAmountMinimum": 3,
      "analyseFieldsInClassesOrInterfacesInheritedFromSuperClassesOrInterfaces": false,
      "sharedParametersToParametersAmountMinimum": 3,
      "sharedParametersToFieldsAmountMinimum": 3,
      "methodsOfClassesOrInterfacesWithUnknownHierarchyProbabilityModifier": 0
    }
  },
  "data_clumps": {
    "fields_to_fields_data_clump-./Estudiante-_hZL_wYaCEDeTNfgWGryUVw-_3wAGMYaBEDeTNfgWGryUVw-CINameLastNamePassword": {
      "type": "data_clump",
      "key": "fields_to_fields_data_clump-./Estudiante-_hZL_wYaCEDeTNfgWGryUVw-_3wAGMYaBEDeTNfgWGryUVw-CINameLastNamePassword",
      "probability": 1,
      "from_file_path": "./Estudiante",
      "from_class_or_interface_name": "Estudiante",
      "from_class_or_interface_key": "_hZL_wYaCEDeTNfgWGryUVw",
      "from_method_name": null,
      "from_method_key": null,
      "to_file_path": "./Profesor",
      "to_class_or_interface_key": "_3wAGMYaBEDeTNfgWGryUVw",
      "to_class_or_interface_name": "Estudiante",
      "to_method_key": null,
      "to_method_name": null,
      "data_clump_type": "fields_to_fields_data_clump",
      "data_clump_data": {
        "_inaGYIaCEDeTNfgWGryUVw": {
          "key": "_inaGYIaCEDeTNfgWGryUVw",
          "name": "CI",
          "type": null,
          "probability": 1,
          "modifiers": [
            "private"
          ],
          "to_variable": {
            "key": "_SNSn4IaDEDeTNfgWGryUVw",
            "name": "CI",
            "type": null,
            "modifiers": [
              "private"
            ],
            "position": {}
          },
          "position": {}
        },
        "_khvsIIaCEDeTNfgWGryUVw": {
          "key": "_khvsIIaCEDeTNfgWGryUVw",
          "name": "Name",
          "type": null,
          "probability": 1,
          "modifiers": [
            "public"
          ],
          "to_variable": {
            "key": "_TrhgcYaDEDeTNfgWGryUVw",
            "name": "Name",
            "type": null,
            "modifiers": [
              "public"
            ],
            "position": {}
          },
          "position": {}
        },
        "_mrjRQIaCEDeTNfgWGryUVw": {
          "key": "_mrjRQIaCEDeTNfgWGryUVw",
          "name": "LastName",
          "type": null,
          "probability": 1,
          "modifiers": [
            "public"
          ],
          "to_variable": {
            "key": "_VNr2wYaDEDeTNfgWGryUVw",
            "name": "LastName",
            "type": null,
            "modifiers": [
              "public"
            ],
            "position": {}
          },
          "position": {}
        },
        "_qPhHQIaCEDeTNfgWGryUVw": {
          "key": "_qPhHQIaCEDeTNfgWGryUVw",
          "name": "Password",
          "type": null,
          "probability": 1,
          "modifiers": [
            "public"
          ],
          "to_variable": {
            "key": "_W3584IaDEDeTNfgWGryUVw",
            "name": "Password",
            "type": null,
            "modifiers": [
              "public"
            ],
            "position": {}
          },
          "position": {}
        }
      }
    },
    "fields_to_fields_data_clump-./Profesor-_3wAGMYaBEDeTNfgWGryUVw-_hZL_wYaCEDeTNfgWGryUVw-CINameLastNamePassword": {
      "type": "data_clump",
      "key": "fields_to_fields_data_clump-./Profesor-_3wAGMYaBEDeTNfgWGryUVw-_hZL_wYaCEDeTNfgWGryUVw-CINameLastNamePassword",
      "probability": 1,
      "from_file_path": "./Profesor",
      "from_class_or_interface_name": "Profesor",
      "from_class_or_interface_key": "_3wAGMYaBEDeTNfgWGryUVw",
      "from_method_name": null,
      "from_method_key": null,
      "to_file_path": "./Estudiante",
      "to_class_or_interface_key": "_hZL_wYaCEDeTNfgWGryUVw",
      "to_class_or_interface_name": "Profesor",
      "to_method_key": null,
      "to_method_name": null,
      "data_clump_type": "fields_to_fields_data_clump",
      "data_clump_data": {
        "_SNSn4IaDEDeTNfgWGryUVw": {
          "key": "_SNSn4IaDEDeTNfgWGryUVw",
          "name": "CI",
          "type": null,
          "probability": 1,
          "modifiers": [
            "private"
          ],
          "to_variable": {
            "key": "_inaGYIaCEDeTNfgWGryUVw",
            "name": "CI",
            "type": null,
            "modifiers": [
              "private"
            ],
            "position": {}
          },
          "position": {}
        },
        "_TrhgcYaDEDeTNfgWGryUVw": {
          "key": "_TrhgcYaDEDeTNfgWGryUVw",
          "name": "Name",
          "type": null,
          "probability": 1,
          "modifiers": [
            "public"
          ],
          "to_variable": {
            "key": "_khvsIIaCEDeTNfgWGryUVw",
            "name": "Name",
            "type": null,
            "modifiers": [
              "public"
            ],
            "position": {}
          },
          "position": {}
        },
        "_VNr2wYaDEDeTNfgWGryUVw": {
          "key": "_VNr2wYaDEDeTNfgWGryUVw",
          "name": "LastName",
          "type": null,
          "probability": 1,
          "modifiers": [
            "public"
          ],
          "to_variable": {
            "key": "_mrjRQIaCEDeTNfgWGryUVw",
            "name": "LastName",
            "type": null,
            "modifiers": [
              "public"
            ],
            "position": {}
          },
          "position": {}
        },
        "_W3584IaDEDeTNfgWGryUVw": {
          "key": "_W3584IaDEDeTNfgWGryUVw",
          "name": "Password",
          "type": null,
          "probability": 1,
          "modifiers": [
            "public"
          ],
          "to_variable": {
            "key": "_qPhHQIaCEDeTNfgWGryUVw",
            "name": "Password",
            "type": null,
            "modifiers": [
              "public"
            ],
            "position": {}
          },
          "position": {}
        }
      }
    }
  }
}