{
  "report_version": "unknown",
  "report_timestamp": "2025-03-26T22:40:19.869Z",
  "target_language": "java",
  "report_summary": {
    "additional": null,
    "amount_classes_or_interfaces_with_data_clumps": 3,
    "amount_files_with_data_clumps": 3,
    "amount_methods_with_data_clumps": 0,
    "fields_to_fields_data_clump": 6,
    "parameters_to_fields_data_clump": 0,
    "parameters_to_parameters_data_clump": 0,
    "amount_data_clumps": 6
  },
  "project_info": {
    "project_url": "unknown_project_url",
    "project_name": "_E4A4MN-oEeiS96iHL5PjxQ",
    "project_version": "unknown_project_version",
    "project_commit_hash": "unknown",
    "project_tag": null,
    "project_commit_date": null,
    "additional": {},
    "number_of_files": 11,
    "number_of_classes_or_interfaces": 11,
    "number_of_methods": 0,
    "number_of_data_fields": 33,
    "number_of_method_parameters": 0
  },
  "detector": {
    "name": "data-clumps-doctor",
    "url": "https://github.com/NilsBaumgartner1994/data-clumps-doctor",
    "version": "0.1.100",
    "options": {
      "typeVariablesConsidered": false,
      "similarityModifierOfVariablesWithUnknownType": 0,
      "fieldsOfClassesWithUnknownHierarchyProbabilityModifier": 0,
      "sharedFieldsToFieldsAmountMinimum": 3,
      "analyseFieldsInClassesOrInterfacesInheritedFromSuperClassesOrInterfaces": false,
      "sharedParametersToParametersAmountMinimum": 3,
      "sharedParametersToFieldsAmountMinimum": 3,
      "methodsOfClassesOrInterfacesWithUnknownHierarchyProbabilityModifier": 0
    }
  },
  "data_clumps": {
    "fields_to_fields_data_clump-./figure-_EGFt4MHZEDaAVYc1-kyKmA-_ySJVsMHZEDaAVYc1-kyKmA-idtitledescriptionfile": {
      "type": "data_clump",
      "key": "fields_to_fields_data_clump-./figure-_EGFt4MHZEDaAVYc1-kyKmA-_ySJVsMHZEDaAVYc1-kyKmA-idtitledescriptionfile",
      "probability": 1,
      "from_file_path": "./figure",
      "from_class_or_interface_name": "figure",
      "from_class_or_interface_key": "_EGFt4MHZEDaAVYc1-kyKmA",
      "from_method_name": null,
      "from_method_key": null,
      "to_file_path": "./gallery",
      "to_class_or_interface_key": "_ySJVsMHZEDaAVYc1-kyKmA",
      "to_class_or_interface_name": "figure",
      "to_method_key": null,
      "to_method_name": null,
      "data_clump_type": "fields_to_fields_data_clump",
      "data_clump_data": {
        "_JWYi0MHZEDaAVYc1-kyKmA": {
          "key": "_JWYi0MHZEDaAVYc1-kyKmA",
          "name": "id",
          "type": null,
          "probability": 1,
          "modifiers": [
            "public"
          ],
          "to_variable": {
            "key": "_ySJ8wMHZEDaAVYc1-kyKmA",
            "name": "id",
            "type": null,
            "modifiers": [
              "public"
            ],
            "position": {}
          },
          "position": {}
        },
        "_KVvuEMHZEDaAVYc1-kyKmA": {
          "key": "_KVvuEMHZEDaAVYc1-kyKmA",
          "name": "title",
          "type": null,
          "probability": 1,
          "modifiers": [
            "public"
          ],
          "to_variable": {
            "key": "_ySJ8wcHZEDaAVYc1-kyKmA",
            "name": "title",
            "type": null,
            "modifiers": [
              "public"
            ],
            "position": {}
          },
          "position": {}
        },
        "_MLS6cMHZEDaAVYc1-kyKmA": {
          "key": "_MLS6cMHZEDaAVYc1-kyKmA",
          "name": "description",
          "type": null,
          "probability": 1,
          "modifiers": [
            "public"
          ],
          "to_variable": {
            "key": "_ySKj0MHZEDaAVYc1-kyKmA",
            "name": "description",
            "type": null,
            "modifiers": [
              "public"
            ],
            "position": {}
          },
          "position": {}
        },
        "_RKrlkMHZEDaAVYc1-kyKmA": {
          "key": "_RKrlkMHZEDaAVYc1-kyKmA",
          "name": "file",
          "type": null,
          "probability": 1,
          "modifiers": [
            "public"
          ],
          "to_variable": {
            "key": "_ySKj0cHZEDaAVYc1-kyKmA",
            "name": "file",
            "type": null,
            "modifiers": [
              "public"
            ],
            "position": {}
          },
          "position": {}
        }
      }
    },
    "fields_to_fields_data_clump-./figure-_EGFt4MHZEDaAVYc1-kyKmA-_Vm0hEMHWEDaAVYc1-kyKmA-idtitledescription": {
      "type": "data_clump",
      "key": "fields_to_fields_data_clump-./figure-_EGFt4MHZEDaAVYc1-kyKmA-_Vm0hEMHWEDaAVYc1-kyKmA-idtitledescription",
      "probability": 1,
      "from_file_path": "./figure",
      "from_class_or_interface_name": "figure",
      "from_class_or_interface_key": "_EGFt4MHZEDaAVYc1-kyKmA",
      "from_method_name": null,
      "from_method_key": null,
      "to_file_path": "./post",
      "to_class_or_interface_key": "_Vm0hEMHWEDaAVYc1-kyKmA",
      "to_class_or_interface_name": "figure",
      "to_method_key": null,
      "to_method_name": null,
      "data_clump_type": "fields_to_fields_data_clump",
      "data_clump_data": {
        "_JWYi0MHZEDaAVYc1-kyKmA": {
          "key": "_JWYi0MHZEDaAVYc1-kyKmA",
          "name": "id",
          "type": null,
          "probability": 1,
          "modifiers": [
            "public"
          ],
          "to_variable": {
            "key": "_bQ2rsMHWEDaAVYc1-kyKmA",
            "name": "id",
            "type": null,
            "modifiers": [
              "public"
            ],
            "position": {}
          },
          "position": {}
        },
        "_KVvuEMHZEDaAVYc1-kyKmA": {
          "key": "_KVvuEMHZEDaAVYc1-kyKmA",
          "name": "title",
          "type": null,
          "probability": 1,
          "modifiers": [
            "public"
          ],
          "to_variable": {
            "key": "_eAeToMHWEDaAVYc1-kyKmA",
            "name": "title",
            "type": null,
            "modifiers": [
              "public"
            ],
            "position": {}
          },
          "position": {}
        },
        "_MLS6cMHZEDaAVYc1-kyKmA": {
          "key": "_MLS6cMHZEDaAVYc1-kyKmA",
          "name": "description",
          "type": null,
          "probability": 1,
          "modifiers": [
            "public"
          ],
          "to_variable": {
            "key": "_lwJDIMHYEDaAVYc1-kyKmA",
            "name": "description",
            "type": null,
            "modifiers": [
              "public"
            ],
            "position": {}
          },
          "position": {}
        }
      }
    },
    "fields_to_fields_data_clump-./gallery-_ySJVsMHZEDaAVYc1-kyKmA-_EGFt4MHZEDaAVYc1-kyKmA-idtitledescriptionfile": {
      "type": "data_clump",
      "key": "fields_to_fields_data_clump-./gallery-_ySJVsMHZEDaAVYc1-kyKmA-_EGFt4MHZEDaAVYc1-kyKmA-idtitledescriptionfile",
      "probability": 1,
      "from_file_path": "./gallery",
      "from_class_or_interface_name": "gallery",
      "from_class_or_interface_key": "_ySJVsMHZEDaAVYc1-kyKmA",
      "from_method_name": null,
      "from_method_key": null,
      "to_file_path": "./figure",
      "to_class_or_interface_key": "_EGFt4MHZEDaAVYc1-kyKmA",
      "to_class_or_interface_name": "gallery",
      "to_method_key": null,
      "to_method_name": null,
      "data_clump_type": "fields_to_fields_data_clump",
      "data_clump_data": {
        "_ySJ8wMHZEDaAVYc1-kyKmA": {
          "key": "_ySJ8wMHZEDaAVYc1-kyKmA",
          "name": "id",
          "type": null,
          "probability": 1,
          "modifiers": [
            "public"
          ],
          "to_variable": {
            "key": "_JWYi0MHZEDaAVYc1-kyKmA",
            "name": "id",
            "type": null,
            "modifiers": [
              "public"
            ],
            "position": {}
          },
          "position": {}
        },
        "_ySJ8wcHZEDaAVYc1-kyKmA": {
          "key": "_ySJ8wcHZEDaAVYc1-kyKmA",
          "name": "title",
          "type": null,
          "probability": 1,
          "modifiers": [
            "public"
          ],
          "to_variable": {
            "key": "_KVvuEMHZEDaAVYc1-kyKmA",
            "name": "title",
            "type": null,
            "modifiers": [
              "public"
            ],
            "position": {}
          },
          "position": {}
        },
        "_ySKj0MHZEDaAVYc1-kyKmA": {
          "key": "_ySKj0MHZEDaAVYc1-kyKmA",
          "name": "description",
          "type": null,
          "probability": 1,
          "modifiers": [
            "public"
          ],
          "to_variable": {
            "key": "_MLS6cMHZEDaAVYc1-kyKmA",
            "name": "description",
            "type": null,
            "modifiers": [
              "public"
            ],
            "position": {}
          },
          "position": {}
        },
        "_ySKj0cHZEDaAVYc1-kyKmA": {
          "key": "_ySKj0cHZEDaAVYc1-kyKmA",
          "name": "file",
          "type": null,
          "probability": 1,
          "modifiers": [
            "public"
          ],
          "to_variable": {
            "key": "_RKrlkMHZEDaAVYc1-kyKmA",
            "name": "file",
            "type": null,
            "modifiers": [
              "public"
            ],
            "position": {}
          },
          "position": {}
        }
      }
    },
    "fields_to_fields_data_clump-./gallery-_ySJVsMHZEDaAVYc1-kyKmA-_Vm0hEMHWEDaAVYc1-kyKmA-idtitledescription": {
      "type": "data_clump",
      "key": "fields_to_fields_data_clump-./gallery-_ySJVsMHZEDaAVYc1-kyKmA-_Vm0hEMHWEDaAVYc1-kyKmA-idtitledescription",
      "probability": 1,
      "from_file_path": "./gallery",
      "from_class_or_interface_name": "gallery",
      "from_class_or_interface_key": "_ySJVsMHZEDaAVYc1-kyKmA",
      "from_method_name": null,
      "from_method_key": null,
      "to_file_path": "./post",
      "to_class_or_interface_key": "_Vm0hEMHWEDaAVYc1-kyKmA",
      "to_class_or_interface_name": "gallery",
      "to_method_key": null,
      "to_method_name": null,
      "data_clump_type": "fields_to_fields_data_clump",
      "data_clump_data": {
        "_ySJ8wMHZEDaAVYc1-kyKmA": {
          "key": "_ySJ8wMHZEDaAVYc1-kyKmA",
          "name": "id",
          "type": null,
          "probability": 1,
          "modifiers": [
            "public"
          ],
          "to_variable": {
            "key": "_bQ2rsMHWEDaAVYc1-kyKmA",
            "name": "id",
            "type": null,
            "modifiers": [
              "public"
            ],
            "position": {}
          },
          "position": {}
        },
        "_ySJ8wcHZEDaAVYc1-kyKmA": {
          "key": "_ySJ8wcHZEDaAVYc1-kyKmA",
          "name": "title",
          "type": null,
          "probability": 1,
          "modifiers": [
            "public"
          ],
          "to_variable": {
            "key": "_eAeToMHWEDaAVYc1-kyKmA",
            "name": "title",
            "type": null,
            "modifiers": [
              "public"
            ],
            "position": {}
          },
          "position": {}
        },
        "_ySKj0MHZEDaAVYc1-kyKmA": {
          "key": "_ySKj0MHZEDaAVYc1-kyKmA",
          "name": "description",
          "type": null,
          "probability": 1,
          "modifiers": [
            "public"
          ],
          "to_variable": {
            "key": "_lwJDIMHYEDaAVYc1-kyKmA",
            "name": "description",
            "type": null,
            "modifiers": [
              "public"
            ],
            "position": {}
          },
          "position": {}
        }
      }
    },
    "fields_to_fields_data_clump-./post-_Vm0hEMHWEDaAVYc1-kyKmA-_EGFt4MHZEDaAVYc1-kyKmA-idtitledescription": {
      "type": "data_clump",
      "key": "fields_to_fields_data_clump-./post-_Vm0hEMHWEDaAVYc1-kyKmA-_EGFt4MHZEDaAVYc1-kyKmA-idtitledescription",
      "probability": 1,
      "from_file_path": "./post",
      "from_class_or_interface_name": "post",
      "from_class_or_interface_key": "_Vm0hEMHWEDaAVYc1-kyKmA",
      "from_method_name": null,
      "from_method_key": null,
      "to_file_path": "./figure",
      "to_class_or_interface_key": "_EGFt4MHZEDaAVYc1-kyKmA",
      "to_class_or_interface_name": "post",
      "to_method_key": null,
      "to_method_name": null,
      "data_clump_type": "fields_to_fields_data_clump",
      "data_clump_data": {
        "_bQ2rsMHWEDaAVYc1-kyKmA": {
          "key": "_bQ2rsMHWEDaAVYc1-kyKmA",
          "name": "id",
          "type": null,
          "probability": 1,
          "modifiers": [
            "public"
          ],
          "to_variable": {
            "key": "_JWYi0MHZEDaAVYc1-kyKmA",
            "name": "id",
            "type": null,
            "modifiers": [
              "public"
            ],
            "position": {}
          },
          "position": {}
        },
        "_eAeToMHWEDaAVYc1-kyKmA": {
          "key": "_eAeToMHWEDaAVYc1-kyKmA",
          "name": "title",
          "type": null,
          "probability": 1,
          "modifiers": [
            "public"
          ],
          "to_variable": {
            "key": "_KVvuEMHZEDaAVYc1-kyKmA",
            "name": "title",
            "type": null,
            "modifiers": [
              "public"
            ],
            "position": {}
          },
          "position": {}
        },
        "_lwJDIMHYEDaAVYc1-kyKmA": {
          "key": "_lwJDIMHYEDaAVYc1-kyKmA",
          "name": "description",
          "type": null,
          "probability": 1,
          "modifiers": [
            "public"
          ],
          "to_variable": {
            "key": "_MLS6cMHZEDaAVYc1-kyKmA",
            "name": "description",
            "type": null,
            "modifiers": [
              "public"
            ],
            "position": {}
          },
          "position": {}
        }
      }
    },
    "fields_to_fields_data_clump-./post-_Vm0hEMHWEDaAVYc1-kyKmA-_ySJVsMHZEDaAVYc1-kyKmA-idtitledescription": {
      "type": "data_clump",
      "key": "fields_to_fields_data_clump-./post-_Vm0hEMHWEDaAVYc1-kyKmA-_ySJVsMHZEDaAVYc1-kyKmA-idtitledescription",
      "probability": 1,
      "from_file_path": "./post",
      "from_class_or_interface_name": "post",
      "from_class_or_interface_key": "_Vm0hEMHWEDaAVYc1-kyKmA",
      "from_method_name": null,
      "from_method_key": null,
      "to_file_path": "./gallery",
      "to_class_or_interface_key": "_ySJVsMHZEDaAVYc1-kyKmA",
      "to_class_or_interface_name": "post",
      "to_method_key": null,
      "to_method_name": null,
      "data_clump_type": "fields_to_fields_data_clump",
      "data_clump_data": {
        "_bQ2rsMHWEDaAVYc1-kyKmA": {
          "key": "_bQ2rsMHWEDaAVYc1-kyKmA",
          "name": "id",
          "type": null,
          "probability": 1,
          "modifiers": [
            "public"
          ],
          "to_variable": {
            "key": "_ySJ8wMHZEDaAVYc1-kyKmA",
            "name": "id",
            "type": null,
            "modifiers": [
              "public"
            ],
            "position": {}
          },
          "position": {}
        },
        "_eAeToMHWEDaAVYc1-kyKmA": {
          "key": "_eAeToMHWEDaAVYc1-kyKmA",
          "name": "title",
          "type": null,
          "probability": 1,
          "modifiers": [
            "public"
          ],
          "to_variable": {
            "key": "_ySJ8wcHZEDaAVYc1-kyKmA",
            "name": "title",
            "type": null,
            "modifiers": [
              "public"
            ],
            "position": {}
          },
          "position": {}
        },
        "_lwJDIMHYEDaAVYc1-kyKmA": {
          "key": "_lwJDIMHYEDaAVYc1-kyKmA",
          "name": "description",
          "type": null,
          "probability": 1,
          "modifiers": [
            "public"
          ],
          "to_variable": {
            "key": "_ySKj0MHZEDaAVYc1-kyKmA",
            "name": "description",
            "type": null,
            "modifiers": [
              "public"
            ],
            "position": {}
          },
          "position": {}
        }
      }
    }
  }
}