{
  "report_version": "unknown",
  "report_timestamp": "2025-03-26T23:07:56.687Z",
  "target_language": "java",
  "report_summary": {
    "additional": null,
    "amount_classes_or_interfaces_with_data_clumps": 3,
    "amount_files_with_data_clumps": 3,
    "amount_methods_with_data_clumps": 3,
    "fields_to_fields_data_clump": 0,
    "parameters_to_fields_data_clump": 3,
    "parameters_to_parameters_data_clump": 6,
    "amount_data_clumps": 9
  },
  "project_info": {
    "project_url": "unknown_project_url",
    "project_name": "1f5d3859-497d-4ea9-aec5-4b58fe41aeff",
    "project_version": "unknown_project_version",
    "project_commit_hash": "unknown",
    "project_tag": null,
    "project_commit_date": null,
    "additional": {},
    "number_of_files": 10,
    "number_of_classes_or_interfaces": 10,
    "number_of_methods": 61,
    "number_of_data_fields": 21,
    "number_of_method_parameters": 48
  },
  "detector": {
    "name": "data-clumps-doctor",
    "url": "https://github.com/NilsBaumgartner1994/data-clumps-doctor",
    "version": "0.1.100",
    "options": {
      "typeVariablesConsidered": false,
      "similarityModifierOfVariablesWithUnknownType": 0,
      "fieldsOfClassesWithUnknownHierarchyProbabilityModifier": 0,
      "sharedFieldsToFieldsAmountMinimum": 3,
      "analyseFieldsInClassesOrInterfacesInheritedFromSuperClassesOrInterfaces": false,
      "sharedParametersToParametersAmountMinimum": 3,
      "sharedParametersToFieldsAmountMinimum": 3,
      "methodsOfClassesOrInterfacesWithUnknownHierarchyProbabilityModifier": 0
    }
  },
  "data_clumps": {
    "parameters_to_parameters_data_clump-./Fahrzeug-_qk-djliAEeSqKMHBwUd73w-_qk_EmFiAEeSqKMHBwUd73w-markemodellbaujahrleistungkilometerstandgrundpreisiduedatumintervall": {
      "type": "data_clump",
      "key": "parameters_to_parameters_data_clump-./Fahrzeug-_qk-djliAEeSqKMHBwUd73w-_qk_EmFiAEeSqKMHBwUd73w-markemodellbaujahrleistungkilometerstandgrundpreisiduedatumintervall",
      "probability": 1,
      "from_file_path": "./Fahrzeug",
      "from_class_or_interface_name": "Fahrzeug",
      "from_class_or_interface_key": "_qk-dbViAEeSqKMHBwUd73w",
      "from_method_name": "Fahrzeug",
      "from_method_key": "_qk-djliAEeSqKMHBwUd73w",
      "to_file_path": "./LKW",
      "to_class_or_interface_name": "LKW",
      "to_class_or_interface_key": "_qk_EkliAEeSqKMHBwUd73w",
      "to_method_name": "LKW",
      "to_method_key": "_qk_EmFiAEeSqKMHBwUd73w",
      "data_clump_type": "parameters_to_parameters_data_clump",
      "data_clump_data": {
        "_qk-dj1iAEeSqKMHBwUd73w": {
          "key": "_qk-dj1iAEeSqKMHBwUd73w",
          "name": "marke",
          "type": null,
          "probability": 1,
          "modifiers": [],
          "to_variable": {
            "key": "_qk_EmViAEeSqKMHBwUd73w",
            "name": "marke",
            "type": null,
            "modifiers": [],
            "position": {}
          },
          "position": {}
        },
        "_qk-dkliAEeSqKMHBwUd73w": {
          "key": "_qk-dkliAEeSqKMHBwUd73w",
          "name": "modell",
          "type": null,
          "probability": 1,
          "modifiers": [],
          "to_variable": {
            "key": "_qk_EnFiAEeSqKMHBwUd73w",
            "name": "modell",
            "type": null,
            "modifiers": [],
            "position": {}
          },
          "position": {}
        },
        "_qk-dlViAEeSqKMHBwUd73w": {
          "key": "_qk-dlViAEeSqKMHBwUd73w",
          "name": "baujahr",
          "type": null,
          "probability": 1,
          "modifiers": [],
          "to_variable": {
            "key": "_qk_En1iAEeSqKMHBwUd73w",
            "name": "baujahr",
            "type": null,
            "modifiers": [],
            "position": {}
          },
          "position": {}
        },
        "_qk-dmFiAEeSqKMHBwUd73w": {
          "key": "_qk-dmFiAEeSqKMHBwUd73w",
          "name": "leistung",
          "type": null,
          "probability": 1,
          "modifiers": [],
          "to_variable": {
            "key": "_qk_EoliAEeSqKMHBwUd73w",
            "name": "leistung",
            "type": null,
            "modifiers": [],
            "position": {}
          },
          "position": {}
        },
        "_qk-dm1iAEeSqKMHBwUd73w": {
          "key": "_qk-dm1iAEeSqKMHBwUd73w",
          "name": "kilometerstand",
          "type": null,
          "probability": 1,
          "modifiers": [],
          "to_variable": {
            "key": "_qk_EpViAEeSqKMHBwUd73w",
            "name": "kilometerstand",
            "type": null,
            "modifiers": [],
            "position": {}
          },
          "position": {}
        },
        "_qk-dnliAEeSqKMHBwUd73w": {
          "key": "_qk-dnliAEeSqKMHBwUd73w",
          "name": "grundpreis",
          "type": null,
          "probability": 1,
          "modifiers": [],
          "to_variable": {
            "key": "_qk_EqFiAEeSqKMHBwUd73w",
            "name": "grundpreis",
            "type": null,
            "modifiers": [],
            "position": {}
          },
          "position": {}
        },
        "_qk-doViAEeSqKMHBwUd73w": {
          "key": "_qk-doViAEeSqKMHBwUd73w",
          "name": "id",
          "type": null,
          "probability": 1,
          "modifiers": [],
          "to_variable": {
            "key": "_qk_Eq1iAEeSqKMHBwUd73w",
            "name": "id",
            "type": null,
            "modifiers": [],
            "position": {}
          },
          "position": {}
        },
        "_qk-dpFiAEeSqKMHBwUd73w": {
          "key": "_qk-dpFiAEeSqKMHBwUd73w",
          "name": "uedatum",
          "type": null,
          "probability": 1,
          "modifiers": [],
          "to_variable": {
            "key": "_qk_ErliAEeSqKMHBwUd73w",
            "name": "uedatum",
            "type": null,
            "modifiers": [],
            "position": {}
          },
          "position": {}
        },
        "_qk-dp1iAEeSqKMHBwUd73w": {
          "key": "_qk-dp1iAEeSqKMHBwUd73w",
          "name": "intervall",
          "type": null,
          "probability": 1,
          "modifiers": [],
          "to_variable": {
            "key": "_qk_EsViAEeSqKMHBwUd73w",
            "name": "intervall",
            "type": null,
            "modifiers": [],
            "position": {}
          },
          "position": {}
        }
      }
    },
    "parameters_to_parameters_data_clump-./Fahrzeug-_qk-djliAEeSqKMHBwUd73w-_qk_ExViAEeSqKMHBwUd73w-markemodellbaujahrleistungkilometerstandgrundpreisiduedatumintervall": {
      "type": "data_clump",
      "key": "parameters_to_parameters_data_clump-./Fahrzeug-_qk-djliAEeSqKMHBwUd73w-_qk_ExViAEeSqKMHBwUd73w-markemodellbaujahrleistungkilometerstandgrundpreisiduedatumintervall",
      "probability": 1,
      "from_file_path": "./Fahrzeug",
      "from_class_or_interface_name": "Fahrzeug",
      "from_class_or_interface_key": "_qk-dbViAEeSqKMHBwUd73w",
      "from_method_name": "Fahrzeug",
      "from_method_key": "_qk-djliAEeSqKMHBwUd73w",
      "to_file_path": "./PKW",
      "to_class_or_interface_name": "PKW",
      "to_class_or_interface_key": "_qk_EvFiAEeSqKMHBwUd73w",
      "to_method_name": "PKW",
      "to_method_key": "_qk_ExViAEeSqKMHBwUd73w",
      "data_clump_type": "parameters_to_parameters_data_clump",
      "data_clump_data": {
        "_qk-dj1iAEeSqKMHBwUd73w": {
          "key": "_qk-dj1iAEeSqKMHBwUd73w",
          "name": "marke",
          "type": null,
          "probability": 1,
          "modifiers": [],
          "to_variable": {
            "key": "_qk_ExliAEeSqKMHBwUd73w",
            "name": "marke",
            "type": null,
            "modifiers": [],
            "position": {}
          },
          "position": {}
        },
        "_qk-dkliAEeSqKMHBwUd73w": {
          "key": "_qk-dkliAEeSqKMHBwUd73w",
          "name": "modell",
          "type": null,
          "probability": 1,
          "modifiers": [],
          "to_variable": {
            "key": "_qk_EyViAEeSqKMHBwUd73w",
            "name": "modell",
            "type": null,
            "modifiers": [],
            "position": {}
          },
          "position": {}
        },
        "_qk-dlViAEeSqKMHBwUd73w": {
          "key": "_qk-dlViAEeSqKMHBwUd73w",
          "name": "baujahr",
          "type": null,
          "probability": 1,
          "modifiers": [],
          "to_variable": {
            "key": "_qk_EzFiAEeSqKMHBwUd73w",
            "name": "baujahr",
            "type": null,
            "modifiers": [],
            "position": {}
          },
          "position": {}
        },
        "_qk-dmFiAEeSqKMHBwUd73w": {
          "key": "_qk-dmFiAEeSqKMHBwUd73w",
          "name": "leistung",
          "type": null,
          "probability": 1,
          "modifiers": [],
          "to_variable": {
            "key": "_qk_Ez1iAEeSqKMHBwUd73w",
            "name": "leistung",
            "type": null,
            "modifiers": [],
            "position": {}
          },
          "position": {}
        },
        "_qk-dm1iAEeSqKMHBwUd73w": {
          "key": "_qk-dm1iAEeSqKMHBwUd73w",
          "name": "kilometerstand",
          "type": null,
          "probability": 1,
          "modifiers": [],
          "to_variable": {
            "key": "_qk_rYViAEeSqKMHBwUd73w",
            "name": "kilometerstand",
            "type": null,
            "modifiers": [],
            "position": {}
          },
          "position": {}
        },
        "_qk-dnliAEeSqKMHBwUd73w": {
          "key": "_qk-dnliAEeSqKMHBwUd73w",
          "name": "grundpreis",
          "type": null,
          "probability": 1,
          "modifiers": [],
          "to_variable": {
            "key": "_qk_rZFiAEeSqKMHBwUd73w",
            "name": "grundpreis",
            "type": null,
            "modifiers": [],
            "position": {}
          },
          "position": {}
        },
        "_qk-doViAEeSqKMHBwUd73w": {
          "key": "_qk-doViAEeSqKMHBwUd73w",
          "name": "id",
          "type": null,
          "probability": 1,
          "modifiers": [],
          "to_variable": {
            "key": "_qk_rZ1iAEeSqKMHBwUd73w",
            "name": "id",
            "type": null,
            "modifiers": [],
            "position": {}
          },
          "position": {}
        },
        "_qk-dpFiAEeSqKMHBwUd73w": {
          "key": "_qk-dpFiAEeSqKMHBwUd73w",
          "name": "uedatum",
          "type": null,
          "probability": 1,
          "modifiers": [],
          "to_variable": {
            "key": "_qk_raliAEeSqKMHBwUd73w",
            "name": "uedatum",
            "type": null,
            "modifiers": [],
            "position": {}
          },
          "position": {}
        },
        "_qk-dp1iAEeSqKMHBwUd73w": {
          "key": "_qk-dp1iAEeSqKMHBwUd73w",
          "name": "intervall",
          "type": null,
          "probability": 1,
          "modifiers": [],
          "to_variable": {
            "key": "_qk_rbViAEeSqKMHBwUd73w",
            "name": "intervall",
            "type": null,
            "modifiers": [],
            "position": {}
          },
          "position": {}
        }
      }
    },
    "parameters_to_fields_data_clump-./Fahrzeug-_qk-djliAEeSqKMHBwUd73w-_qk-dbViAEeSqKMHBwUd73w-markemodellbaujahrleistungkilometerstandgrundpreisiduedatumintervall": {
      "type": "data_clump",
      "key": "parameters_to_fields_data_clump-./Fahrzeug-_qk-djliAEeSqKMHBwUd73w-_qk-dbViAEeSqKMHBwUd73w-markemodellbaujahrleistungkilometerstandgrundpreisiduedatumintervall",
      "probability": 1,
      "from_file_path": "./Fahrzeug",
      "from_class_or_interface_name": "Fahrzeug",
      "from_class_or_interface_key": "_qk-dbViAEeSqKMHBwUd73w",
      "from_method_name": "Fahrzeug",
      "from_method_key": "_qk-djliAEeSqKMHBwUd73w",
      "to_file_path": "./Fahrzeug",
      "to_class_or_interface_name": "Fahrzeug",
      "to_class_or_interface_key": "_qk-dbViAEeSqKMHBwUd73w",
      "to_method_name": null,
      "to_method_key": null,
      "data_clump_type": "parameters_to_fields_data_clump",
      "data_clump_data": {
        "_qk-dj1iAEeSqKMHBwUd73w": {
          "key": "_qk-dj1iAEeSqKMHBwUd73w",
          "name": "marke",
          "type": null,
          "probability": 1,
          "modifiers": [],
          "to_variable": {
            "key": "_qk-dbliAEeSqKMHBwUd73w",
            "name": "marke",
            "type": null,
            "modifiers": [
              "private"
            ],
            "position": {}
          },
          "position": {}
        },
        "_qk-dkliAEeSqKMHBwUd73w": {
          "key": "_qk-dkliAEeSqKMHBwUd73w",
          "name": "modell",
          "type": null,
          "probability": 1,
          "modifiers": [],
          "to_variable": {
            "key": "_qk-dcViAEeSqKMHBwUd73w",
            "name": "modell",
            "type": null,
            "modifiers": [
              "private"
            ],
            "position": {}
          },
          "position": {}
        },
        "_qk-dlViAEeSqKMHBwUd73w": {
          "key": "_qk-dlViAEeSqKMHBwUd73w",
          "name": "baujahr",
          "type": null,
          "probability": 1,
          "modifiers": [],
          "to_variable": {
            "key": "_qk-ddFiAEeSqKMHBwUd73w",
            "name": "baujahr",
            "type": null,
            "modifiers": [
              "private"
            ],
            "position": {}
          },
          "position": {}
        },
        "_qk-dmFiAEeSqKMHBwUd73w": {
          "key": "_qk-dmFiAEeSqKMHBwUd73w",
          "name": "leistung",
          "type": null,
          "probability": 1,
          "modifiers": [],
          "to_variable": {
            "key": "_qk-dd1iAEeSqKMHBwUd73w",
            "name": "leistung",
            "type": null,
            "modifiers": [
              "private"
            ],
            "position": {}
          },
          "position": {}
        },
        "_qk-dm1iAEeSqKMHBwUd73w": {
          "key": "_qk-dm1iAEeSqKMHBwUd73w",
          "name": "kilometerstand",
          "type": null,
          "probability": 1,
          "modifiers": [],
          "to_variable": {
            "key": "_qk-deliAEeSqKMHBwUd73w",
            "name": "kilometerstand",
            "type": null,
            "modifiers": [
              "private"
            ],
            "position": {}
          },
          "position": {}
        },
        "_qk-dnliAEeSqKMHBwUd73w": {
          "key": "_qk-dnliAEeSqKMHBwUd73w",
          "name": "grundpreis",
          "type": null,
          "probability": 1,
          "modifiers": [],
          "to_variable": {
            "key": "_qk-dfViAEeSqKMHBwUd73w",
            "name": "grundpreis",
            "type": null,
            "modifiers": [
              "private"
            ],
            "position": {}
          },
          "position": {}
        },
        "_qk-doViAEeSqKMHBwUd73w": {
          "key": "_qk-doViAEeSqKMHBwUd73w",
          "name": "id",
          "type": null,
          "probability": 1,
          "modifiers": [],
          "to_variable": {
            "key": "_qk-dgFiAEeSqKMHBwUd73w",
            "name": "id",
            "type": null,
            "modifiers": [
              "private"
            ],
            "position": {}
          },
          "position": {}
        },
        "_qk-dpFiAEeSqKMHBwUd73w": {
          "key": "_qk-dpFiAEeSqKMHBwUd73w",
          "name": "uedatum",
          "type": null,
          "probability": 1,
          "modifiers": [],
          "to_variable": {
            "key": "_qk-dg1iAEeSqKMHBwUd73w",
            "name": "uedatum",
            "type": null,
            "modifiers": [
              "private"
            ],
            "position": {}
          },
          "position": {}
        },
        "_qk-dp1iAEeSqKMHBwUd73w": {
          "key": "_qk-dp1iAEeSqKMHBwUd73w",
          "name": "intervall",
          "type": null,
          "probability": 1,
          "modifiers": [],
          "to_variable": {
            "key": "_qk-dhliAEeSqKMHBwUd73w",
            "name": "intervall",
            "type": null,
            "modifiers": [
              "private"
            ],
            "position": {}
          },
          "position": {}
        }
      }
    },
    "parameters_to_parameters_data_clump-./LKW-_qk_EmFiAEeSqKMHBwUd73w-_qk-djliAEeSqKMHBwUd73w-markemodellbaujahrleistungkilometerstandgrundpreisiduedatumintervall": {
      "type": "data_clump",
      "key": "parameters_to_parameters_data_clump-./LKW-_qk_EmFiAEeSqKMHBwUd73w-_qk-djliAEeSqKMHBwUd73w-markemodellbaujahrleistungkilometerstandgrundpreisiduedatumintervall",
      "probability": 1,
      "from_file_path": "./LKW",
      "from_class_or_interface_name": "LKW",
      "from_class_or_interface_key": "_qk_EkliAEeSqKMHBwUd73w",
      "from_method_name": "LKW",
      "from_method_key": "_qk_EmFiAEeSqKMHBwUd73w",
      "to_file_path": "./Fahrzeug",
      "to_class_or_interface_name": "Fahrzeug",
      "to_class_or_interface_key": "_qk-dbViAEeSqKMHBwUd73w",
      "to_method_name": "Fahrzeug",
      "to_method_key": "_qk-djliAEeSqKMHBwUd73w",
      "data_clump_type": "parameters_to_parameters_data_clump",
      "data_clump_data": {
        "_qk_EmViAEeSqKMHBwUd73w": {
          "key": "_qk_EmViAEeSqKMHBwUd73w",
          "name": "marke",
          "type": null,
          "probability": 1,
          "modifiers": [],
          "to_variable": {
            "key": "_qk-dj1iAEeSqKMHBwUd73w",
            "name": "marke",
            "type": null,
            "modifiers": [],
            "position": {}
          },
          "position": {}
        },
        "_qk_EnFiAEeSqKMHBwUd73w": {
          "key": "_qk_EnFiAEeSqKMHBwUd73w",
          "name": "modell",
          "type": null,
          "probability": 1,
          "modifiers": [],
          "to_variable": {
            "key": "_qk-dkliAEeSqKMHBwUd73w",
            "name": "modell",
            "type": null,
            "modifiers": [],
            "position": {}
          },
          "position": {}
        },
        "_qk_En1iAEeSqKMHBwUd73w": {
          "key": "_qk_En1iAEeSqKMHBwUd73w",
          "name": "baujahr",
          "type": null,
          "probability": 1,
          "modifiers": [],
          "to_variable": {
            "key": "_qk-dlViAEeSqKMHBwUd73w",
            "name": "baujahr",
            "type": null,
            "modifiers": [],
            "position": {}
          },
          "position": {}
        },
        "_qk_EoliAEeSqKMHBwUd73w": {
          "key": "_qk_EoliAEeSqKMHBwUd73w",
          "name": "leistung",
          "type": null,
          "probability": 1,
          "modifiers": [],
          "to_variable": {
            "key": "_qk-dmFiAEeSqKMHBwUd73w",
            "name": "leistung",
            "type": null,
            "modifiers": [],
            "position": {}
          },
          "position": {}
        },
        "_qk_EpViAEeSqKMHBwUd73w": {
          "key": "_qk_EpViAEeSqKMHBwUd73w",
          "name": "kilometerstand",
          "type": null,
          "probability": 1,
          "modifiers": [],
          "to_variable": {
            "key": "_qk-dm1iAEeSqKMHBwUd73w",
            "name": "kilometerstand",
            "type": null,
            "modifiers": [],
            "position": {}
          },
          "position": {}
        },
        "_qk_EqFiAEeSqKMHBwUd73w": {
          "key": "_qk_EqFiAEeSqKMHBwUd73w",
          "name": "grundpreis",
          "type": null,
          "probability": 1,
          "modifiers": [],
          "to_variable": {
            "key": "_qk-dnliAEeSqKMHBwUd73w",
            "name": "grundpreis",
            "type": null,
            "modifiers": [],
            "position": {}
          },
          "position": {}
        },
        "_qk_Eq1iAEeSqKMHBwUd73w": {
          "key": "_qk_Eq1iAEeSqKMHBwUd73w",
          "name": "id",
          "type": null,
          "probability": 1,
          "modifiers": [],
          "to_variable": {
            "key": "_qk-doViAEeSqKMHBwUd73w",
            "name": "id",
            "type": null,
            "modifiers": [],
            "position": {}
          },
          "position": {}
        },
        "_qk_ErliAEeSqKMHBwUd73w": {
          "key": "_qk_ErliAEeSqKMHBwUd73w",
          "name": "uedatum",
          "type": null,
          "probability": 1,
          "modifiers": [],
          "to_variable": {
            "key": "_qk-dpFiAEeSqKMHBwUd73w",
            "name": "uedatum",
            "type": null,
            "modifiers": [],
            "position": {}
          },
          "position": {}
        },
        "_qk_EsViAEeSqKMHBwUd73w": {
          "key": "_qk_EsViAEeSqKMHBwUd73w",
          "name": "intervall",
          "type": null,
          "probability": 1,
          "modifiers": [],
          "to_variable": {
            "key": "_qk-dp1iAEeSqKMHBwUd73w",
            "name": "intervall",
            "type": null,
            "modifiers": [],
            "position": {}
          },
          "position": {}
        }
      }
    },
    "parameters_to_parameters_data_clump-./LKW-_qk_EmFiAEeSqKMHBwUd73w-_qk_ExViAEeSqKMHBwUd73w-markemodellbaujahrleistungkilometerstandgrundpreisiduedatumintervall": {
      "type": "data_clump",
      "key": "parameters_to_parameters_data_clump-./LKW-_qk_EmFiAEeSqKMHBwUd73w-_qk_ExViAEeSqKMHBwUd73w-markemodellbaujahrleistungkilometerstandgrundpreisiduedatumintervall",
      "probability": 1,
      "from_file_path": "./LKW",
      "from_class_or_interface_name": "LKW",
      "from_class_or_interface_key": "_qk_EkliAEeSqKMHBwUd73w",
      "from_method_name": "LKW",
      "from_method_key": "_qk_EmFiAEeSqKMHBwUd73w",
      "to_file_path": "./PKW",
      "to_class_or_interface_name": "PKW",
      "to_class_or_interface_key": "_qk_EvFiAEeSqKMHBwUd73w",
      "to_method_name": "PKW",
      "to_method_key": "_qk_ExViAEeSqKMHBwUd73w",
      "data_clump_type": "parameters_to_parameters_data_clump",
      "data_clump_data": {
        "_qk_EmViAEeSqKMHBwUd73w": {
          "key": "_qk_EmViAEeSqKMHBwUd73w",
          "name": "marke",
          "type": null,
          "probability": 1,
          "modifiers": [],
          "to_variable": {
            "key": "_qk_ExliAEeSqKMHBwUd73w",
            "name": "marke",
            "type": null,
            "modifiers": [],
            "position": {}
          },
          "position": {}
        },
        "_qk_EnFiAEeSqKMHBwUd73w": {
          "key": "_qk_EnFiAEeSqKMHBwUd73w",
          "name": "modell",
          "type": null,
          "probability": 1,
          "modifiers": [],
          "to_variable": {
            "key": "_qk_EyViAEeSqKMHBwUd73w",
            "name": "modell",
            "type": null,
            "modifiers": [],
            "position": {}
          },
          "position": {}
        },
        "_qk_En1iAEeSqKMHBwUd73w": {
          "key": "_qk_En1iAEeSqKMHBwUd73w",
          "name": "baujahr",
          "type": null,
          "probability": 1,
          "modifiers": [],
          "to_variable": {
            "key": "_qk_EzFiAEeSqKMHBwUd73w",
            "name": "baujahr",
            "type": null,
            "modifiers": [],
            "position": {}
          },
          "position": {}
        },
        "_qk_EoliAEeSqKMHBwUd73w": {
          "key": "_qk_EoliAEeSqKMHBwUd73w",
          "name": "leistung",
          "type": null,
          "probability": 1,
          "modifiers": [],
          "to_variable": {
            "key": "_qk_Ez1iAEeSqKMHBwUd73w",
            "name": "leistung",
            "type": null,
            "modifiers": [],
            "position": {}
          },
          "position": {}
        },
        "_qk_EpViAEeSqKMHBwUd73w": {
          "key": "_qk_EpViAEeSqKMHBwUd73w",
          "name": "kilometerstand",
          "type": null,
          "probability": 1,
          "modifiers": [],
          "to_variable": {
            "key": "_qk_rYViAEeSqKMHBwUd73w",
            "name": "kilometerstand",
            "type": null,
            "modifiers": [],
            "position": {}
          },
          "position": {}
        },
        "_qk_EqFiAEeSqKMHBwUd73w": {
          "key": "_qk_EqFiAEeSqKMHBwUd73w",
          "name": "grundpreis",
          "type": null,
          "probability": 1,
          "modifiers": [],
          "to_variable": {
            "key": "_qk_rZFiAEeSqKMHBwUd73w",
            "name": "grundpreis",
            "type": null,
            "modifiers": [],
            "position": {}
          },
          "position": {}
        },
        "_qk_Eq1iAEeSqKMHBwUd73w": {
          "key": "_qk_Eq1iAEeSqKMHBwUd73w",
          "name": "id",
          "type": null,
          "probability": 1,
          "modifiers": [],
          "to_variable": {
            "key": "_qk_rZ1iAEeSqKMHBwUd73w",
            "name": "id",
            "type": null,
            "modifiers": [],
            "position": {}
          },
          "position": {}
        },
        "_qk_ErliAEeSqKMHBwUd73w": {
          "key": "_qk_ErliAEeSqKMHBwUd73w",
          "name": "uedatum",
          "type": null,
          "probability": 1,
          "modifiers": [],
          "to_variable": {
            "key": "_qk_raliAEeSqKMHBwUd73w",
            "name": "uedatum",
            "type": null,
            "modifiers": [],
            "position": {}
          },
          "position": {}
        },
        "_qk_EsViAEeSqKMHBwUd73w": {
          "key": "_qk_EsViAEeSqKMHBwUd73w",
          "name": "intervall",
          "type": null,
          "probability": 1,
          "modifiers": [],
          "to_variable": {
            "key": "_qk_rbViAEeSqKMHBwUd73w",
            "name": "intervall",
            "type": null,
            "modifiers": [],
            "position": {}
          },
          "position": {}
        }
      }
    },
    "parameters_to_fields_data_clump-./LKW-_qk_EmFiAEeSqKMHBwUd73w-_qk-dbViAEeSqKMHBwUd73w-markemodellbaujahrleistungkilometerstandgrundpreisiduedatumintervall": {
      "type": "data_clump",
      "key": "parameters_to_fields_data_clump-./LKW-_qk_EmFiAEeSqKMHBwUd73w-_qk-dbViAEeSqKMHBwUd73w-markemodellbaujahrleistungkilometerstandgrundpreisiduedatumintervall",
      "probability": 1,
      "from_file_path": "./LKW",
      "from_class_or_interface_name": "LKW",
      "from_class_or_interface_key": "_qk_EkliAEeSqKMHBwUd73w",
      "from_method_name": "LKW",
      "from_method_key": "_qk_EmFiAEeSqKMHBwUd73w",
      "to_file_path": "./Fahrzeug",
      "to_class_or_interface_name": "Fahrzeug",
      "to_class_or_interface_key": "_qk-dbViAEeSqKMHBwUd73w",
      "to_method_name": null,
      "to_method_key": null,
      "data_clump_type": "parameters_to_fields_data_clump",
      "data_clump_data": {
        "_qk_EmViAEeSqKMHBwUd73w": {
          "key": "_qk_EmViAEeSqKMHBwUd73w",
          "name": "marke",
          "type": null,
          "probability": 1,
          "modifiers": [],
          "to_variable": {
            "key": "_qk-dbliAEeSqKMHBwUd73w",
            "name": "marke",
            "type": null,
            "modifiers": [
              "private"
            ],
            "position": {}
          },
          "position": {}
        },
        "_qk_EnFiAEeSqKMHBwUd73w": {
          "key": "_qk_EnFiAEeSqKMHBwUd73w",
          "name": "modell",
          "type": null,
          "probability": 1,
          "modifiers": [],
          "to_variable": {
            "key": "_qk-dcViAEeSqKMHBwUd73w",
            "name": "modell",
            "type": null,
            "modifiers": [
              "private"
            ],
            "position": {}
          },
          "position": {}
        },
        "_qk_En1iAEeSqKMHBwUd73w": {
          "key": "_qk_En1iAEeSqKMHBwUd73w",
          "name": "baujahr",
          "type": null,
          "probability": 1,
          "modifiers": [],
          "to_variable": {
            "key": "_qk-ddFiAEeSqKMHBwUd73w",
            "name": "baujahr",
            "type": null,
            "modifiers": [
              "private"
            ],
            "position": {}
          },
          "position": {}
        },
        "_qk_EoliAEeSqKMHBwUd73w": {
          "key": "_qk_EoliAEeSqKMHBwUd73w",
          "name": "leistung",
          "type": null,
          "probability": 1,
          "modifiers": [],
          "to_variable": {
            "key": "_qk-dd1iAEeSqKMHBwUd73w",
            "name": "leistung",
            "type": null,
            "modifiers": [
              "private"
            ],
            "position": {}
          },
          "position": {}
        },
        "_qk_EpViAEeSqKMHBwUd73w": {
          "key": "_qk_EpViAEeSqKMHBwUd73w",
          "name": "kilometerstand",
          "type": null,
          "probability": 1,
          "modifiers": [],
          "to_variable": {
            "key": "_qk-deliAEeSqKMHBwUd73w",
            "name": "kilometerstand",
            "type": null,
            "modifiers": [
              "private"
            ],
            "position": {}
          },
          "position": {}
        },
        "_qk_EqFiAEeSqKMHBwUd73w": {
          "key": "_qk_EqFiAEeSqKMHBwUd73w",
          "name": "grundpreis",
          "type": null,
          "probability": 1,
          "modifiers": [],
          "to_variable": {
            "key": "_qk-dfViAEeSqKMHBwUd73w",
            "name": "grundpreis",
            "type": null,
            "modifiers": [
              "private"
            ],
            "position": {}
          },
          "position": {}
        },
        "_qk_Eq1iAEeSqKMHBwUd73w": {
          "key": "_qk_Eq1iAEeSqKMHBwUd73w",
          "name": "id",
          "type": null,
          "probability": 1,
          "modifiers": [],
          "to_variable": {
            "key": "_qk-dgFiAEeSqKMHBwUd73w",
            "name": "id",
            "type": null,
            "modifiers": [
              "private"
            ],
            "position": {}
          },
          "position": {}
        },
        "_qk_ErliAEeSqKMHBwUd73w": {
          "key": "_qk_ErliAEeSqKMHBwUd73w",
          "name": "uedatum",
          "type": null,
          "probability": 1,
          "modifiers": [],
          "to_variable": {
            "key": "_qk-dg1iAEeSqKMHBwUd73w",
            "name": "uedatum",
            "type": null,
            "modifiers": [
              "private"
            ],
            "position": {}
          },
          "position": {}
        },
        "_qk_EsViAEeSqKMHBwUd73w": {
          "key": "_qk_EsViAEeSqKMHBwUd73w",
          "name": "intervall",
          "type": null,
          "probability": 1,
          "modifiers": [],
          "to_variable": {
            "key": "_qk-dhliAEeSqKMHBwUd73w",
            "name": "intervall",
            "type": null,
            "modifiers": [
              "private"
            ],
            "position": {}
          },
          "position": {}
        }
      }
    },
    "parameters_to_parameters_data_clump-./PKW-_qk_ExViAEeSqKMHBwUd73w-_qk-djliAEeSqKMHBwUd73w-markemodellbaujahrleistungkilometerstandgrundpreisiduedatumintervall": {
      "type": "data_clump",
      "key": "parameters_to_parameters_data_clump-./PKW-_qk_ExViAEeSqKMHBwUd73w-_qk-djliAEeSqKMHBwUd73w-markemodellbaujahrleistungkilometerstandgrundpreisiduedatumintervall",
      "probability": 1,
      "from_file_path": "./PKW",
      "from_class_or_interface_name": "PKW",
      "from_class_or_interface_key": "_qk_EvFiAEeSqKMHBwUd73w",
      "from_method_name": "PKW",
      "from_method_key": "_qk_ExViAEeSqKMHBwUd73w",
      "to_file_path": "./Fahrzeug",
      "to_class_or_interface_name": "Fahrzeug",
      "to_class_or_interface_key": "_qk-dbViAEeSqKMHBwUd73w",
      "to_method_name": "Fahrzeug",
      "to_method_key": "_qk-djliAEeSqKMHBwUd73w",
      "data_clump_type": "parameters_to_parameters_data_clump",
      "data_clump_data": {
        "_qk_ExliAEeSqKMHBwUd73w": {
          "key": "_qk_ExliAEeSqKMHBwUd73w",
          "name": "marke",
          "type": null,
          "probability": 1,
          "modifiers": [],
          "to_variable": {
            "key": "_qk-dj1iAEeSqKMHBwUd73w",
            "name": "marke",
            "type": null,
            "modifiers": [],
            "position": {}
          },
          "position": {}
        },
        "_qk_EyViAEeSqKMHBwUd73w": {
          "key": "_qk_EyViAEeSqKMHBwUd73w",
          "name": "modell",
          "type": null,
          "probability": 1,
          "modifiers": [],
          "to_variable": {
            "key": "_qk-dkliAEeSqKMHBwUd73w",
            "name": "modell",
            "type": null,
            "modifiers": [],
            "position": {}
          },
          "position": {}
        },
        "_qk_EzFiAEeSqKMHBwUd73w": {
          "key": "_qk_EzFiAEeSqKMHBwUd73w",
          "name": "baujahr",
          "type": null,
          "probability": 1,
          "modifiers": [],
          "to_variable": {
            "key": "_qk-dlViAEeSqKMHBwUd73w",
            "name": "baujahr",
            "type": null,
            "modifiers": [],
            "position": {}
          },
          "position": {}
        },
        "_qk_Ez1iAEeSqKMHBwUd73w": {
          "key": "_qk_Ez1iAEeSqKMHBwUd73w",
          "name": "leistung",
          "type": null,
          "probability": 1,
          "modifiers": [],
          "to_variable": {
            "key": "_qk-dmFiAEeSqKMHBwUd73w",
            "name": "leistung",
            "type": null,
            "modifiers": [],
            "position": {}
          },
          "position": {}
        },
        "_qk_rYViAEeSqKMHBwUd73w": {
          "key": "_qk_rYViAEeSqKMHBwUd73w",
          "name": "kilometerstand",
          "type": null,
          "probability": 1,
          "modifiers": [],
          "to_variable": {
            "key": "_qk-dm1iAEeSqKMHBwUd73w",
            "name": "kilometerstand",
            "type": null,
            "modifiers": [],
            "position": {}
          },
          "position": {}
        },
        "_qk_rZFiAEeSqKMHBwUd73w": {
          "key": "_qk_rZFiAEeSqKMHBwUd73w",
          "name": "grundpreis",
          "type": null,
          "probability": 1,
          "modifiers": [],
          "to_variable": {
            "key": "_qk-dnliAEeSqKMHBwUd73w",
            "name": "grundpreis",
            "type": null,
            "modifiers": [],
            "position": {}
          },
          "position": {}
        },
        "_qk_rZ1iAEeSqKMHBwUd73w": {
          "key": "_qk_rZ1iAEeSqKMHBwUd73w",
          "name": "id",
          "type": null,
          "probability": 1,
          "modifiers": [],
          "to_variable": {
            "key": "_qk-doViAEeSqKMHBwUd73w",
            "name": "id",
            "type": null,
            "modifiers": [],
            "position": {}
          },
          "position": {}
        },
        "_qk_raliAEeSqKMHBwUd73w": {
          "key": "_qk_raliAEeSqKMHBwUd73w",
          "name": "uedatum",
          "type": null,
          "probability": 1,
          "modifiers": [],
          "to_variable": {
            "key": "_qk-dpFiAEeSqKMHBwUd73w",
            "name": "uedatum",
            "type": null,
            "modifiers": [],
            "position": {}
          },
          "position": {}
        },
        "_qk_rbViAEeSqKMHBwUd73w": {
          "key": "_qk_rbViAEeSqKMHBwUd73w",
          "name": "intervall",
          "type": null,
          "probability": 1,
          "modifiers": [],
          "to_variable": {
            "key": "_qk-dp1iAEeSqKMHBwUd73w",
            "name": "intervall",
            "type": null,
            "modifiers": [],
            "position": {}
          },
          "position": {}
        }
      }
    },
    "parameters_to_parameters_data_clump-./PKW-_qk_ExViAEeSqKMHBwUd73w-_qk_EmFiAEeSqKMHBwUd73w-markemodellbaujahrleistungkilometerstandgrundpreisiduedatumintervall": {
      "type": "data_clump",
      "key": "parameters_to_parameters_data_clump-./PKW-_qk_ExViAEeSqKMHBwUd73w-_qk_EmFiAEeSqKMHBwUd73w-markemodellbaujahrleistungkilometerstandgrundpreisiduedatumintervall",
      "probability": 1,
      "from_file_path": "./PKW",
      "from_class_or_interface_name": "PKW",
      "from_class_or_interface_key": "_qk_EvFiAEeSqKMHBwUd73w",
      "from_method_name": "PKW",
      "from_method_key": "_qk_ExViAEeSqKMHBwUd73w",
      "to_file_path": "./LKW",
      "to_class_or_interface_name": "LKW",
      "to_class_or_interface_key": "_qk_EkliAEeSqKMHBwUd73w",
      "to_method_name": "LKW",
      "to_method_key": "_qk_EmFiAEeSqKMHBwUd73w",
      "data_clump_type": "parameters_to_parameters_data_clump",
      "data_clump_data": {
        "_qk_ExliAEeSqKMHBwUd73w": {
          "key": "_qk_ExliAEeSqKMHBwUd73w",
          "name": "marke",
          "type": null,
          "probability": 1,
          "modifiers": [],
          "to_variable": {
            "key": "_qk_EmViAEeSqKMHBwUd73w",
            "name": "marke",
            "type": null,
            "modifiers": [],
            "position": {}
          },
          "position": {}
        },
        "_qk_EyViAEeSqKMHBwUd73w": {
          "key": "_qk_EyViAEeSqKMHBwUd73w",
          "name": "modell",
          "type": null,
          "probability": 1,
          "modifiers": [],
          "to_variable": {
            "key": "_qk_EnFiAEeSqKMHBwUd73w",
            "name": "modell",
            "type": null,
            "modifiers": [],
            "position": {}
          },
          "position": {}
        },
        "_qk_EzFiAEeSqKMHBwUd73w": {
          "key": "_qk_EzFiAEeSqKMHBwUd73w",
          "name": "baujahr",
          "type": null,
          "probability": 1,
          "modifiers": [],
          "to_variable": {
            "key": "_qk_En1iAEeSqKMHBwUd73w",
            "name": "baujahr",
            "type": null,
            "modifiers": [],
            "position": {}
          },
          "position": {}
        },
        "_qk_Ez1iAEeSqKMHBwUd73w": {
          "key": "_qk_Ez1iAEeSqKMHBwUd73w",
          "name": "leistung",
          "type": null,
          "probability": 1,
          "modifiers": [],
          "to_variable": {
            "key": "_qk_EoliAEeSqKMHBwUd73w",
            "name": "leistung",
            "type": null,
            "modifiers": [],
            "position": {}
          },
          "position": {}
        },
        "_qk_rYViAEeSqKMHBwUd73w": {
          "key": "_qk_rYViAEeSqKMHBwUd73w",
          "name": "kilometerstand",
          "type": null,
          "probability": 1,
          "modifiers": [],
          "to_variable": {
            "key": "_qk_EpViAEeSqKMHBwUd73w",
            "name": "kilometerstand",
            "type": null,
            "modifiers": [],
            "position": {}
          },
          "position": {}
        },
        "_qk_rZFiAEeSqKMHBwUd73w": {
          "key": "_qk_rZFiAEeSqKMHBwUd73w",
          "name": "grundpreis",
          "type": null,
          "probability": 1,
          "modifiers": [],
          "to_variable": {
            "key": "_qk_EqFiAEeSqKMHBwUd73w",
            "name": "grundpreis",
            "type": null,
            "modifiers": [],
            "position": {}
          },
          "position": {}
        },
        "_qk_rZ1iAEeSqKMHBwUd73w": {
          "key": "_qk_rZ1iAEeSqKMHBwUd73w",
          "name": "id",
          "type": null,
          "probability": 1,
          "modifiers": [],
          "to_variable": {
            "key": "_qk_Eq1iAEeSqKMHBwUd73w",
            "name": "id",
            "type": null,
            "modifiers": [],
            "position": {}
          },
          "position": {}
        },
        "_qk_raliAEeSqKMHBwUd73w": {
          "key": "_qk_raliAEeSqKMHBwUd73w",
          "name": "uedatum",
          "type": null,
          "probability": 1,
          "modifiers": [],
          "to_variable": {
            "key": "_qk_ErliAEeSqKMHBwUd73w",
            "name": "uedatum",
            "type": null,
            "modifiers": [],
            "position": {}
          },
          "position": {}
        },
        "_qk_rbViAEeSqKMHBwUd73w": {
          "key": "_qk_rbViAEeSqKMHBwUd73w",
          "name": "intervall",
          "type": null,
          "probability": 1,
          "modifiers": [],
          "to_variable": {
            "key": "_qk_EsViAEeSqKMHBwUd73w",
            "name": "intervall",
            "type": null,
            "modifiers": [],
            "position": {}
          },
          "position": {}
        }
      }
    },
    "parameters_to_fields_data_clump-./PKW-_qk_ExViAEeSqKMHBwUd73w-_qk-dbViAEeSqKMHBwUd73w-markemodellbaujahrleistungkilometerstandgrundpreisiduedatumintervall": {
      "type": "data_clump",
      "key": "parameters_to_fields_data_clump-./PKW-_qk_ExViAEeSqKMHBwUd73w-_qk-dbViAEeSqKMHBwUd73w-markemodellbaujahrleistungkilometerstandgrundpreisiduedatumintervall",
      "probability": 1,
      "from_file_path": "./PKW",
      "from_class_or_interface_name": "PKW",
      "from_class_or_interface_key": "_qk_EvFiAEeSqKMHBwUd73w",
      "from_method_name": "PKW",
      "from_method_key": "_qk_ExViAEeSqKMHBwUd73w",
      "to_file_path": "./Fahrzeug",
      "to_class_or_interface_name": "Fahrzeug",
      "to_class_or_interface_key": "_qk-dbViAEeSqKMHBwUd73w",
      "to_method_name": null,
      "to_method_key": null,
      "data_clump_type": "parameters_to_fields_data_clump",
      "data_clump_data": {
        "_qk_ExliAEeSqKMHBwUd73w": {
          "key": "_qk_ExliAEeSqKMHBwUd73w",
          "name": "marke",
          "type": null,
          "probability": 1,
          "modifiers": [],
          "to_variable": {
            "key": "_qk-dbliAEeSqKMHBwUd73w",
            "name": "marke",
            "type": null,
            "modifiers": [
              "private"
            ],
            "position": {}
          },
          "position": {}
        },
        "_qk_EyViAEeSqKMHBwUd73w": {
          "key": "_qk_EyViAEeSqKMHBwUd73w",
          "name": "modell",
          "type": null,
          "probability": 1,
          "modifiers": [],
          "to_variable": {
            "key": "_qk-dcViAEeSqKMHBwUd73w",
            "name": "modell",
            "type": null,
            "modifiers": [
              "private"
            ],
            "position": {}
          },
          "position": {}
        },
        "_qk_EzFiAEeSqKMHBwUd73w": {
          "key": "_qk_EzFiAEeSqKMHBwUd73w",
          "name": "baujahr",
          "type": null,
          "probability": 1,
          "modifiers": [],
          "to_variable": {
            "key": "_qk-ddFiAEeSqKMHBwUd73w",
            "name": "baujahr",
            "type": null,
            "modifiers": [
              "private"
            ],
            "position": {}
          },
          "position": {}
        },
        "_qk_Ez1iAEeSqKMHBwUd73w": {
          "key": "_qk_Ez1iAEeSqKMHBwUd73w",
          "name": "leistung",
          "type": null,
          "probability": 1,
          "modifiers": [],
          "to_variable": {
            "key": "_qk-dd1iAEeSqKMHBwUd73w",
            "name": "leistung",
            "type": null,
            "modifiers": [
              "private"
            ],
            "position": {}
          },
          "position": {}
        },
        "_qk_rYViAEeSqKMHBwUd73w": {
          "key": "_qk_rYViAEeSqKMHBwUd73w",
          "name": "kilometerstand",
          "type": null,
          "probability": 1,
          "modifiers": [],
          "to_variable": {
            "key": "_qk-deliAEeSqKMHBwUd73w",
            "name": "kilometerstand",
            "type": null,
            "modifiers": [
              "private"
            ],
            "position": {}
          },
          "position": {}
        },
        "_qk_rZFiAEeSqKMHBwUd73w": {
          "key": "_qk_rZFiAEeSqKMHBwUd73w",
          "name": "grundpreis",
          "type": null,
          "probability": 1,
          "modifiers": [],
          "to_variable": {
            "key": "_qk-dfViAEeSqKMHBwUd73w",
            "name": "grundpreis",
            "type": null,
            "modifiers": [
              "private"
            ],
            "position": {}
          },
          "position": {}
        },
        "_qk_rZ1iAEeSqKMHBwUd73w": {
          "key": "_qk_rZ1iAEeSqKMHBwUd73w",
          "name": "id",
          "type": null,
          "probability": 1,
          "modifiers": [],
          "to_variable": {
            "key": "_qk-dgFiAEeSqKMHBwUd73w",
            "name": "id",
            "type": null,
            "modifiers": [
              "private"
            ],
            "position": {}
          },
          "position": {}
        },
        "_qk_raliAEeSqKMHBwUd73w": {
          "key": "_qk_raliAEeSqKMHBwUd73w",
          "name": "uedatum",
          "type": null,
          "probability": 1,
          "modifiers": [],
          "to_variable": {
            "key": "_qk-dg1iAEeSqKMHBwUd73w",
            "name": "uedatum",
            "type": null,
            "modifiers": [
              "private"
            ],
            "position": {}
          },
          "position": {}
        },
        "_qk_rbViAEeSqKMHBwUd73w": {
          "key": "_qk_rbViAEeSqKMHBwUd73w",
          "name": "intervall",
          "type": null,
          "probability": 1,
          "modifiers": [],
          "to_variable": {
            "key": "_qk-dhliAEeSqKMHBwUd73w",
            "name": "intervall",
            "type": null,
            "modifiers": [
              "private"
            ],
            "position": {}
          },
          "position": {}
        }
      }
    }
  }
}