{
  "report_version": "unknown",
  "report_timestamp": "2025-03-26T21:53:07.869Z",
  "target_language": "java",
  "report_summary": {
    "additional": null,
    "amount_classes_or_interfaces_with_data_clumps": 2,
    "amount_files_with_data_clumps": 2,
    "amount_methods_with_data_clumps": 0,
    "fields_to_fields_data_clump": 2,
    "parameters_to_fields_data_clump": 0,
    "parameters_to_parameters_data_clump": 0,
    "amount_data_clumps": 2
  },
  "project_info": {
    "project_url": "unknown_project_url",
    "project_name": "74434d0f-2e68-4e48-b16f-ab68f0a3517e",
    "project_version": "unknown_project_version",
    "project_commit_hash": "unknown",
    "project_tag": null,
    "project_commit_date": null,
    "additional": {},
    "number_of_files": 6,
    "number_of_classes_or_interfaces": 6,
    "number_of_methods": 16,
    "number_of_data_fields": 18,
    "number_of_method_parameters": 0
  },
  "detector": {
    "name": "data-clumps-doctor",
    "url": "https://github.com/NilsBaumgartner1994/data-clumps-doctor",
    "version": "0.1.100",
    "options": {
      "typeVariablesConsidered": false,
      "similarityModifierOfVariablesWithUnknownType": 0,
      "fieldsOfClassesWithUnknownHierarchyProbabilityModifier": 0,
      "sharedFieldsToFieldsAmountMinimum": 3,
      "analyseFieldsInClassesOrInterfacesInheritedFromSuperClassesOrInterfaces": false,
      "sharedParametersToParametersAmountMinimum": 3,
      "sharedParametersToFieldsAmountMinimum": 3,
      "methodsOfClassesOrInterfacesWithUnknownHierarchyProbabilityModifier": 0
    }
  },
  "data_clumps": {
    "fields_to_fields_data_clump-./ServerConnectionHandler-_BY5HADj4EDWKc8-5h3_7hA-_6gqD4Dj3EDWKc8-5h3_7hA-clientSocketinout": {
      "type": "data_clump",
      "key": "fields_to_fields_data_clump-./ServerConnectionHandler-_BY5HADj4EDWKc8-5h3_7hA-_6gqD4Dj3EDWKc8-5h3_7hA-clientSocketinout",
      "probability": 1,
      "from_file_path": "./ServerConnectionHandler",
      "from_class_or_interface_name": "ServerConnectionHandler",
      "from_class_or_interface_key": "_BY5HADj4EDWKc8-5h3_7hA",
      "from_method_name": null,
      "from_method_key": null,
      "to_file_path": "./SocketClient",
      "to_class_or_interface_key": "_6gqD4Dj3EDWKc8-5h3_7hA",
      "to_class_or_interface_name": "ServerConnectionHandler",
      "to_method_key": null,
      "to_method_name": null,
      "data_clump_type": "fields_to_fields_data_clump",
      "data_clump_data": {
        "_uVJ64Dj4EDWKc8-5h3_7hA": {
          "key": "_uVJ64Dj4EDWKc8-5h3_7hA",
          "name": "clientSocket",
          "type": null,
          "probability": 1,
          "modifiers": [
            "private"
          ],
          "to_variable": {
            "key": "_wfE_UDj5EDWKc8-5h3_7hA",
            "name": "clientSocket",
            "type": null,
            "modifiers": [
              "private"
            ],
            "position": {}
          },
          "position": {}
        },
        "_y22vADj5EDWKc8-5h3_7hA": {
          "key": "_y22vADj5EDWKc8-5h3_7hA",
          "name": "in",
          "type": null,
          "probability": 1,
          "modifiers": [
            "private"
          ],
          "to_variable": {
            "key": "_2o6rYDj5EDWKc8-5h3_7hA",
            "name": "in",
            "type": null,
            "modifiers": [
              "private"
            ],
            "position": {}
          },
          "position": {}
        },
        "_0lqaMDj5EDWKc8-5h3_7hA": {
          "key": "_0lqaMDj5EDWKc8-5h3_7hA",
          "name": "out",
          "type": null,
          "probability": 1,
          "modifiers": [
            "private"
          ],
          "to_variable": {
            "key": "_29plQDj5EDWKc8-5h3_7hA",
            "name": "out",
            "type": null,
            "modifiers": [
              "private"
            ],
            "position": {}
          },
          "position": {}
        }
      }
    },
    "fields_to_fields_data_clump-./SocketClient-_6gqD4Dj3EDWKc8-5h3_7hA-_BY5HADj4EDWKc8-5h3_7hA-clientSocketinout": {
      "type": "data_clump",
      "key": "fields_to_fields_data_clump-./SocketClient-_6gqD4Dj3EDWKc8-5h3_7hA-_BY5HADj4EDWKc8-5h3_7hA-clientSocketinout",
      "probability": 1,
      "from_file_path": "./SocketClient",
      "from_class_or_interface_name": "SocketClient",
      "from_class_or_interface_key": "_6gqD4Dj3EDWKc8-5h3_7hA",
      "from_method_name": null,
      "from_method_key": null,
      "to_file_path": "./ServerConnectionHandler",
      "to_class_or_interface_key": "_BY5HADj4EDWKc8-5h3_7hA",
      "to_class_or_interface_name": "SocketClient",
      "to_method_key": null,
      "to_method_name": null,
      "data_clump_type": "fields_to_fields_data_clump",
      "data_clump_data": {
        "_wfE_UDj5EDWKc8-5h3_7hA": {
          "key": "_wfE_UDj5EDWKc8-5h3_7hA",
          "name": "clientSocket",
          "type": null,
          "probability": 1,
          "modifiers": [
            "private"
          ],
          "to_variable": {
            "key": "_uVJ64Dj4EDWKc8-5h3_7hA",
            "name": "clientSocket",
            "type": null,
            "modifiers": [
              "private"
            ],
            "position": {}
          },
          "position": {}
        },
        "_2o6rYDj5EDWKc8-5h3_7hA": {
          "key": "_2o6rYDj5EDWKc8-5h3_7hA",
          "name": "in",
          "type": null,
          "probability": 1,
          "modifiers": [
            "private"
          ],
          "to_variable": {
            "key": "_y22vADj5EDWKc8-5h3_7hA",
            "name": "in",
            "type": null,
            "modifiers": [
              "private"
            ],
            "position": {}
          },
          "position": {}
        },
        "_29plQDj5EDWKc8-5h3_7hA": {
          "key": "_29plQDj5EDWKc8-5h3_7hA",
          "name": "out",
          "type": null,
          "probability": 1,
          "modifiers": [
            "private"
          ],
          "to_variable": {
            "key": "_0lqaMDj5EDWKc8-5h3_7hA",
            "name": "out",
            "type": null,
            "modifiers": [
              "private"
            ],
            "position": {}
          },
          "position": {}
        }
      }
    }
  }
}