{
  "report_version": "unknown",
  "report_timestamp": "2025-03-26T22:37:53.578Z",
  "target_language": "java",
  "report_summary": {
    "additional": null,
    "amount_classes_or_interfaces_with_data_clumps": 4,
    "amount_files_with_data_clumps": 4,
    "amount_methods_with_data_clumps": 2,
    "fields_to_fields_data_clump": 2,
    "parameters_to_fields_data_clump": 0,
    "parameters_to_parameters_data_clump": 2,
    "amount_data_clumps": 4
  },
  "project_info": {
    "project_url": "unknown_project_url",
    "project_name": "_3mYpEN7-Ee24pIyRZ_lLDw",
    "project_version": "unknown_project_version",
    "project_commit_hash": "unknown",
    "project_tag": null,
    "project_commit_date": null,
    "additional": {},
    "number_of_files": 8,
    "number_of_classes_or_interfaces": 8,
    "number_of_methods": 32,
    "number_of_data_fields": 29,
    "number_of_method_parameters": 36
  },
  "detector": {
    "name": "data-clumps-doctor",
    "url": "https://github.com/NilsBaumgartner1994/data-clumps-doctor",
    "version": "0.1.100",
    "options": {
      "typeVariablesConsidered": false,
      "similarityModifierOfVariablesWithUnknownType": 0,
      "fieldsOfClassesWithUnknownHierarchyProbabilityModifier": 0,
      "sharedFieldsToFieldsAmountMinimum": 3,
      "analyseFieldsInClassesOrInterfacesInheritedFromSuperClassesOrInterfaces": false,
      "sharedParametersToParametersAmountMinimum": 3,
      "sharedParametersToFieldsAmountMinimum": 3,
      "methodsOfClassesOrInterfacesWithUnknownHierarchyProbabilityModifier": 0
    }
  },
  "data_clumps": {
    "parameters_to_parameters_data_clump-./Persistencia(models)-_yFTIFcHLEDuO18xUQxHhwQ-_MSU9AcHJEDuO18xUQxHhwQ-parameterparameter2parameter3": {
      "type": "data_clump",
      "key": "parameters_to_parameters_data_clump-./Persistencia(models)-_yFTIFcHLEDuO18xUQxHhwQ-_MSU9AcHJEDuO18xUQxHhwQ-parameterparameter2parameter3",
      "probability": 1,
      "from_file_path": "./Persistencia(models)",
      "from_class_or_interface_name": "Persistencia(models)",
      "from_class_or_interface_key": "_yFShAMHLEDuO18xUQxHhwQ",
      "from_method_name": "guardar_usuario",
      "from_method_key": "_yFTIFcHLEDuO18xUQxHhwQ",
      "to_file_path": "./Procesamiento",
      "to_class_or_interface_name": "Procesamiento",
      "to_class_or_interface_key": "_MSU9AMHJEDuO18xUQxHhwQ",
      "to_method_name": "generar_horario",
      "to_method_key": "_MSU9AcHJEDuO18xUQxHhwQ",
      "data_clump_type": "parameters_to_parameters_data_clump",
      "data_clump_data": {
        "_yFTIFsHLEDuO18xUQxHhwQ": {
          "key": "_yFTIFsHLEDuO18xUQxHhwQ",
          "name": "parameter",
          "type": null,
          "probability": 1,
          "modifiers": [],
          "to_variable": {
            "key": "_MSU9AsHJEDuO18xUQxHhwQ",
            "name": "parameter",
            "type": null,
            "modifiers": [],
            "position": {}
          },
          "position": {}
        },
        "_yFTIF8HLEDuO18xUQxHhwQ": {
          "key": "_yFTIF8HLEDuO18xUQxHhwQ",
          "name": "parameter2",
          "type": null,
          "probability": 1,
          "modifiers": [],
          "to_variable": {
            "key": "_0mT-MMHJEDuO18xUQxHhwQ",
            "name": "parameter2",
            "type": null,
            "modifiers": [],
            "position": {}
          },
          "position": {}
        },
        "_yFTIGMHLEDuO18xUQxHhwQ": {
          "key": "_yFTIGMHLEDuO18xUQxHhwQ",
          "name": "parameter3",
          "type": null,
          "probability": 1,
          "modifiers": [],
          "to_variable": {
            "key": "_15igoMHJEDuO18xUQxHhwQ",
            "name": "parameter3",
            "type": null,
            "modifiers": [],
            "position": {}
          },
          "position": {}
        }
      }
    },
    "parameters_to_parameters_data_clump-./Procesamiento-_MSU9AcHJEDuO18xUQxHhwQ-_yFTIFcHLEDuO18xUQxHhwQ-parameterparameter2parameter3": {
      "type": "data_clump",
      "key": "parameters_to_parameters_data_clump-./Procesamiento-_MSU9AcHJEDuO18xUQxHhwQ-_yFTIFcHLEDuO18xUQxHhwQ-parameterparameter2parameter3",
      "probability": 1,
      "from_file_path": "./Procesamiento",
      "from_class_or_interface_name": "Procesamiento",
      "from_class_or_interface_key": "_MSU9AMHJEDuO18xUQxHhwQ",
      "from_method_name": "generar_horario",
      "from_method_key": "_MSU9AcHJEDuO18xUQxHhwQ",
      "to_file_path": "./Persistencia(models)",
      "to_class_or_interface_name": "Persistencia(models)",
      "to_class_or_interface_key": "_yFShAMHLEDuO18xUQxHhwQ",
      "to_method_name": "guardar_usuario",
      "to_method_key": "_yFTIFcHLEDuO18xUQxHhwQ",
      "data_clump_type": "parameters_to_parameters_data_clump",
      "data_clump_data": {
        "_MSU9AsHJEDuO18xUQxHhwQ": {
          "key": "_MSU9AsHJEDuO18xUQxHhwQ",
          "name": "parameter",
          "type": null,
          "probability": 1,
          "modifiers": [],
          "to_variable": {
            "key": "_yFTIFsHLEDuO18xUQxHhwQ",
            "name": "parameter",
            "type": null,
            "modifiers": [],
            "position": {}
          },
          "position": {}
        },
        "_0mT-MMHJEDuO18xUQxHhwQ": {
          "key": "_0mT-MMHJEDuO18xUQxHhwQ",
          "name": "parameter2",
          "type": null,
          "probability": 1,
          "modifiers": [],
          "to_variable": {
            "key": "_yFTIF8HLEDuO18xUQxHhwQ",
            "name": "parameter2",
            "type": null,
            "modifiers": [],
            "position": {}
          },
          "position": {}
        },
        "_15igoMHJEDuO18xUQxHhwQ": {
          "key": "_15igoMHJEDuO18xUQxHhwQ",
          "name": "parameter3",
          "type": null,
          "probability": 1,
          "modifiers": [],
          "to_variable": {
            "key": "_yFTIGMHLEDuO18xUQxHhwQ",
            "name": "parameter3",
            "type": null,
            "modifiers": [],
            "position": {}
          },
          "position": {}
        }
      }
    },
    "fields_to_fields_data_clump-./Actividad_fija-_ZsEp8MFIEDuux5xaes-SKg-_tbh3IMFIEDuux5xaes-SKg-usuario_idnombre_actividaddescripciondemora_actividadid": {
      "type": "data_clump",
      "key": "fields_to_fields_data_clump-./Actividad_fija-_ZsEp8MFIEDuux5xaes-SKg-_tbh3IMFIEDuux5xaes-SKg-usuario_idnombre_actividaddescripciondemora_actividadid",
      "probability": 1,
      "from_file_path": "./Actividad_fija",
      "from_class_or_interface_name": "Actividad_fija",
      "from_class_or_interface_key": "_ZsEp8MFIEDuux5xaes-SKg",
      "from_method_name": null,
      "from_method_key": null,
      "to_file_path": "./Actividad_no_fija",
      "to_class_or_interface_key": "_tbh3IMFIEDuux5xaes-SKg",
      "to_class_or_interface_name": "Actividad_fija",
      "to_method_key": null,
      "to_method_name": null,
      "data_clump_type": "fields_to_fields_data_clump",
      "data_clump_data": {
        "_ZsEp8cFIEDuux5xaes-SKg": {
          "key": "_ZsEp8cFIEDuux5xaes-SKg",
          "name": "usuario_id",
          "type": null,
          "probability": 1,
          "modifiers": [
            "public"
          ],
          "to_variable": {
            "key": "_tbh3IcFIEDuux5xaes-SKg",
            "name": "usuario_id",
            "type": null,
            "modifiers": [
              "public"
            ],
            "position": {}
          },
          "position": {}
        },
        "_ZsEp8sFIEDuux5xaes-SKg": {
          "key": "_ZsEp8sFIEDuux5xaes-SKg",
          "name": "nombre_actividad",
          "type": null,
          "probability": 1,
          "modifiers": [
            "public"
          ],
          "to_variable": {
            "key": "_tbh3IsFIEDuux5xaes-SKg",
            "name": "nombre_actividad",
            "type": null,
            "modifiers": [
              "public"
            ],
            "position": {}
          },
          "position": {}
        },
        "_ZsEp88FIEDuux5xaes-SKg": {
          "key": "_ZsEp88FIEDuux5xaes-SKg",
          "name": "descripcion",
          "type": null,
          "probability": 1,
          "modifiers": [
            "public"
          ],
          "to_variable": {
            "key": "_tbh3I8FIEDuux5xaes-SKg",
            "name": "descripcion",
            "type": null,
            "modifiers": [
              "public"
            ],
            "position": {}
          },
          "position": {}
        },
        "_ZsFRAsFIEDuux5xaes-SKg": {
          "key": "_ZsFRAsFIEDuux5xaes-SKg",
          "name": "demora_actividad",
          "type": null,
          "probability": 1,
          "modifiers": [
            "public"
          ],
          "to_variable": {
            "key": "_tbh3JsFIEDuux5xaes-SKg",
            "name": "demora_actividad",
            "type": null,
            "modifiers": [
              "public"
            ],
            "position": {}
          },
          "position": {}
        },
        "_My_pQMFJEDuux5xaes-SKg": {
          "key": "_My_pQMFJEDuux5xaes-SKg",
          "name": "id",
          "type": null,
          "probability": 1,
          "modifiers": [
            "public"
          ],
          "to_variable": {
            "key": "_N3WpQMFJEDuux5xaes-SKg",
            "name": "id",
            "type": null,
            "modifiers": [
              "public"
            ],
            "position": {}
          },
          "position": {}
        }
      }
    },
    "fields_to_fields_data_clump-./Actividad_no_fija-_tbh3IMFIEDuux5xaes-SKg-_ZsEp8MFIEDuux5xaes-SKg-usuario_iddescripciondemora_actividadnombre_actividadid": {
      "type": "data_clump",
      "key": "fields_to_fields_data_clump-./Actividad_no_fija-_tbh3IMFIEDuux5xaes-SKg-_ZsEp8MFIEDuux5xaes-SKg-usuario_iddescripciondemora_actividadnombre_actividadid",
      "probability": 1,
      "from_file_path": "./Actividad_no_fija",
      "from_class_or_interface_name": "Actividad_no_fija",
      "from_class_or_interface_key": "_tbh3IMFIEDuux5xaes-SKg",
      "from_method_name": null,
      "from_method_key": null,
      "to_file_path": "./Actividad_fija",
      "to_class_or_interface_key": "_ZsEp8MFIEDuux5xaes-SKg",
      "to_class_or_interface_name": "Actividad_no_fija",
      "to_method_key": null,
      "to_method_name": null,
      "data_clump_type": "fields_to_fields_data_clump",
      "data_clump_data": {
        "_tbh3IcFIEDuux5xaes-SKg": {
          "key": "_tbh3IcFIEDuux5xaes-SKg",
          "name": "usuario_id",
          "type": null,
          "probability": 1,
          "modifiers": [
            "public"
          ],
          "to_variable": {
            "key": "_ZsEp8cFIEDuux5xaes-SKg",
            "name": "usuario_id",
            "type": null,
            "modifiers": [
              "public"
            ],
            "position": {}
          },
          "position": {}
        },
        "_tbh3I8FIEDuux5xaes-SKg": {
          "key": "_tbh3I8FIEDuux5xaes-SKg",
          "name": "descripcion",
          "type": null,
          "probability": 1,
          "modifiers": [
            "public"
          ],
          "to_variable": {
            "key": "_ZsEp88FIEDuux5xaes-SKg",
            "name": "descripcion",
            "type": null,
            "modifiers": [
              "public"
            ],
            "position": {}
          },
          "position": {}
        },
        "_tbh3JsFIEDuux5xaes-SKg": {
          "key": "_tbh3JsFIEDuux5xaes-SKg",
          "name": "demora_actividad",
          "type": null,
          "probability": 1,
          "modifiers": [
            "public"
          ],
          "to_variable": {
            "key": "_ZsFRAsFIEDuux5xaes-SKg",
            "name": "demora_actividad",
            "type": null,
            "modifiers": [
              "public"
            ],
            "position": {}
          },
          "position": {}
        },
        "_tbh3IsFIEDuux5xaes-SKg": {
          "key": "_tbh3IsFIEDuux5xaes-SKg",
          "name": "nombre_actividad",
          "type": null,
          "probability": 1,
          "modifiers": [
            "public"
          ],
          "to_variable": {
            "key": "_ZsEp8sFIEDuux5xaes-SKg",
            "name": "nombre_actividad",
            "type": null,
            "modifiers": [
              "public"
            ],
            "position": {}
          },
          "position": {}
        },
        "_N3WpQMFJEDuux5xaes-SKg": {
          "key": "_N3WpQMFJEDuux5xaes-SKg",
          "name": "id",
          "type": null,
          "probability": 1,
          "modifiers": [
            "public"
          ],
          "to_variable": {
            "key": "_My_pQMFJEDuux5xaes-SKg",
            "name": "id",
            "type": null,
            "modifiers": [
              "public"
            ],
            "position": {}
          },
          "position": {}
        }
      }
    }
  }
}