{
  "report_version": "unknown",
  "report_timestamp": "2025-03-26T22:54:37.339Z",
  "target_language": "java",
  "report_summary": {
    "additional": null,
    "amount_classes_or_interfaces_with_data_clumps": 2,
    "amount_files_with_data_clumps": 2,
    "amount_methods_with_data_clumps": 0,
    "fields_to_fields_data_clump": 2,
    "parameters_to_fields_data_clump": 0,
    "parameters_to_parameters_data_clump": 0,
    "amount_data_clumps": 2
  },
  "project_info": {
    "project_url": "unknown_project_url",
    "project_name": "_8URJ8PozEeeyruBoe7-QtQ",
    "project_version": "unknown_project_version",
    "project_commit_hash": "unknown",
    "project_tag": null,
    "project_commit_date": null,
    "additional": {},
    "number_of_files": 3,
    "number_of_classes_or_interfaces": 3,
    "number_of_methods": 0,
    "number_of_data_fields": 48,
    "number_of_method_parameters": 0
  },
  "detector": {
    "name": "data-clumps-doctor",
    "url": "https://github.com/NilsBaumgartner1994/data-clumps-doctor",
    "version": "0.1.100",
    "options": {
      "typeVariablesConsidered": false,
      "similarityModifierOfVariablesWithUnknownType": 0,
      "fieldsOfClassesWithUnknownHierarchyProbabilityModifier": 0,
      "sharedFieldsToFieldsAmountMinimum": 3,
      "analyseFieldsInClassesOrInterfacesInheritedFromSuperClassesOrInterfaces": false,
      "sharedParametersToParametersAmountMinimum": 3,
      "sharedParametersToFieldsAmountMinimum": 3,
      "methodsOfClassesOrInterfacesWithUnknownHierarchyProbabilityModifier": 0
    }
  },
  "data_clumps": {
    "fields_to_fields_data_clump-./Professor-_8j8G4NxhEDWZhsAEvVvJ1Q-_bfOTUdxiEDWZhsAEvVvJ1Q-idNonamehomeAddressphoneNocoursegetIdNosetIdNogetNamesetNamegetHomeAddresssetHomeAddressgetPhoneNosetPhoneNogetCoursesetCourse": {
      "type": "data_clump",
      "key": "fields_to_fields_data_clump-./Professor-_8j8G4NxhEDWZhsAEvVvJ1Q-_bfOTUdxiEDWZhsAEvVvJ1Q-idNonamehomeAddressphoneNocoursegetIdNosetIdNogetNamesetNamegetHomeAddresssetHomeAddressgetPhoneNosetPhoneNogetCoursesetCourse",
      "probability": 1,
      "from_file_path": "./Professor",
      "from_class_or_interface_name": "Professor",
      "from_class_or_interface_key": "_8j8G4NxhEDWZhsAEvVvJ1Q",
      "from_method_name": null,
      "from_method_key": null,
      "to_file_path": "./Student",
      "to_class_or_interface_key": "_bfOTUdxiEDWZhsAEvVvJ1Q",
      "to_class_or_interface_name": "Professor",
      "to_method_key": null,
      "to_method_name": null,
      "data_clump_type": "fields_to_fields_data_clump",
      "data_clump_data": {
        "_Nj-OgNxkEDWZhsAEvVvJ1Q": {
          "key": "_Nj-OgNxkEDWZhsAEvVvJ1Q",
          "name": "idNo",
          "type": null,
          "probability": 1,
          "modifiers": [
            "private"
          ],
          "to_variable": {
            "key": "_APgc4NxmEDWZhsAEvVvJ1Q",
            "name": "idNo",
            "type": null,
            "modifiers": [
              "private"
            ],
            "position": {}
          },
          "position": {}
        },
        "_TVXlYdxkEDWZhsAEvVvJ1Q": {
          "key": "_TVXlYdxkEDWZhsAEvVvJ1Q",
          "name": "name",
          "type": null,
          "probability": 1,
          "modifiers": [
            "private"
          ],
          "to_variable": {
            "key": "_AzjlINxmEDWZhsAEvVvJ1Q",
            "name": "name",
            "type": null,
            "modifiers": [
              "private"
            ],
            "position": {}
          },
          "position": {}
        },
        "_Ui9Z4NxkEDWZhsAEvVvJ1Q": {
          "key": "_Ui9Z4NxkEDWZhsAEvVvJ1Q",
          "name": "homeAddress",
          "type": null,
          "probability": 1,
          "modifiers": [
            "private"
          ],
          "to_variable": {
            "key": "_CFiKYNxmEDWZhsAEvVvJ1Q",
            "name": "homeAddress",
            "type": null,
            "modifiers": [
              "private"
            ],
            "position": {}
          },
          "position": {}
        },
        "_WnpOcNxkEDWZhsAEvVvJ1Q": {
          "key": "_WnpOcNxkEDWZhsAEvVvJ1Q",
          "name": "phoneNo",
          "type": null,
          "probability": 1,
          "modifiers": [
            "private"
          ],
          "to_variable": {
            "key": "_CmgwgNxmEDWZhsAEvVvJ1Q",
            "name": "phoneNo",
            "type": null,
            "modifiers": [
              "private"
            ],
            "position": {}
          },
          "position": {}
        },
        "_6KxIsdxkEDWZhsAEvVvJ1Q": {
          "key": "_6KxIsdxkEDWZhsAEvVvJ1Q",
          "name": "course",
          "type": null,
          "probability": 1,
          "modifiers": [
            "private"
          ],
          "to_variable": {
            "key": "_aYxLIdxuEDWqy4knmOUxIA",
            "name": "course",
            "type": null,
            "modifiers": [
              "private"
            ],
            "position": {}
          },
          "position": {}
        },
        "_IHBBIdxlEDWZhsAEvVvJ1Q": {
          "key": "_IHBBIdxlEDWZhsAEvVvJ1Q",
          "name": "getIdNo",
          "type": null,
          "probability": 1,
          "modifiers": [
            "public"
          ],
          "to_variable": {
            "key": "_gPDpENxuEDWqy4knmOUxIA",
            "name": "getIdNo",
            "type": null,
            "modifiers": [
              "public"
            ],
            "position": {}
          },
          "position": {}
        },
        "_cplGQdxlEDWZhsAEvVvJ1Q": {
          "key": "_cplGQdxlEDWZhsAEvVvJ1Q",
          "name": "setIdNo",
          "type": null,
          "probability": 1,
          "modifiers": [
            "public"
          ],
          "to_variable": {
            "key": "_o0lUcNxuEDWqy4knmOUxIA",
            "name": "setIdNo",
            "type": null,
            "modifiers": [
              "public"
            ],
            "position": {}
          },
          "position": {}
        },
        "_f4pqUdxlEDWZhsAEvVvJ1Q": {
          "key": "_f4pqUdxlEDWZhsAEvVvJ1Q",
          "name": "getName",
          "type": null,
          "probability": 1,
          "modifiers": [
            "public"
          ],
          "to_variable": {
            "key": "_o4NQMdxuEDWqy4knmOUxIA",
            "name": "getName",
            "type": null,
            "modifiers": [
              "public"
            ],
            "position": {}
          },
          "position": {}
        },
        "_gBXhcdxlEDWZhsAEvVvJ1Q": {
          "key": "_gBXhcdxlEDWZhsAEvVvJ1Q",
          "name": "setName",
          "type": null,
          "probability": 1,
          "modifiers": [
            "public"
          ],
          "to_variable": {
            "key": "_o6ST0dxuEDWqy4knmOUxIA",
            "name": "setName",
            "type": null,
            "modifiers": [
              "public"
            ],
            "position": {}
          },
          "position": {}
        },
        "_gFNfodxlEDWZhsAEvVvJ1Q": {
          "key": "_gFNfodxlEDWZhsAEvVvJ1Q",
          "name": "getHomeAddress",
          "type": null,
          "probability": 1,
          "modifiers": [
            "public"
          ],
          "to_variable": {
            "key": "_o8It8dxuEDWqy4knmOUxIA",
            "name": "getHomeAddress",
            "type": null,
            "modifiers": [
              "public"
            ],
            "position": {}
          },
          "position": {}
        },
        "_gHia4dxlEDWZhsAEvVvJ1Q": {
          "key": "_gHia4dxlEDWZhsAEvVvJ1Q",
          "name": "setHomeAddress",
          "type": null,
          "probability": 1,
          "modifiers": [
            "public"
          ],
          "to_variable": {
            "key": "_o-AWMdxuEDWqy4knmOUxIA",
            "name": "setHomeAddress",
            "type": null,
            "modifiers": [
              "public"
            ],
            "position": {}
          },
          "position": {}
        },
        "_gKjSodxlEDWZhsAEvVvJ1Q": {
          "key": "_gKjSodxlEDWZhsAEvVvJ1Q",
          "name": "getPhoneNo",
          "type": null,
          "probability": 1,
          "modifiers": [
            "public"
          ],
          "to_variable": {
            "key": "_pDwY4dxuEDWqy4knmOUxIA",
            "name": "getPhoneNo",
            "type": null,
            "modifiers": [
              "public"
            ],
            "position": {}
          },
          "position": {}
        },
        "_gMa64dxlEDWZhsAEvVvJ1Q": {
          "key": "_gMa64dxlEDWZhsAEvVvJ1Q",
          "name": "setPhoneNo",
          "type": null,
          "probability": 1,
          "modifiers": [
            "public"
          ],
          "to_variable": {
            "key": "_pFoBIdxuEDWqy4knmOUxIA",
            "name": "setPhoneNo",
            "type": null,
            "modifiers": [
              "public"
            ],
            "position": {}
          },
          "position": {}
        },
        "_0lBLsNxlEDWZhsAEvVvJ1Q": {
          "key": "_0lBLsNxlEDWZhsAEvVvJ1Q",
          "name": "getCourse",
          "type": null,
          "probability": 1,
          "modifiers": [
            "public"
          ],
          "to_variable": {
            "key": "_-0370dxuEDWqy4knmOUxIA",
            "name": "getCourse",
            "type": null,
            "modifiers": [
              "public"
            ],
            "position": {}
          },
          "position": {}
        },
        "_0qEDwdxlEDWZhsAEvVvJ1Q": {
          "key": "_0qEDwdxlEDWZhsAEvVvJ1Q",
          "name": "setCourse",
          "type": null,
          "probability": 1,
          "modifiers": [
            "public"
          ],
          "to_variable": {
            "key": "_-2tu4dxuEDWqy4knmOUxIA",
            "name": "setCourse",
            "type": null,
            "modifiers": [
              "public"
            ],
            "position": {}
          },
          "position": {}
        }
      }
    },
    "fields_to_fields_data_clump-./Student-_bfOTUdxiEDWZhsAEvVvJ1Q-_8j8G4NxhEDWZhsAEvVvJ1Q-idNonamehomeAddressphoneNocoursegetIdNosetIdNogetNamesetNamegetHomeAddresssetHomeAddressgetPhoneNosetPhoneNogetCoursesetCourse": {
      "type": "data_clump",
      "key": "fields_to_fields_data_clump-./Student-_bfOTUdxiEDWZhsAEvVvJ1Q-_8j8G4NxhEDWZhsAEvVvJ1Q-idNonamehomeAddressphoneNocoursegetIdNosetIdNogetNamesetNamegetHomeAddresssetHomeAddressgetPhoneNosetPhoneNogetCoursesetCourse",
      "probability": 1,
      "from_file_path": "./Student",
      "from_class_or_interface_name": "Student",
      "from_class_or_interface_key": "_bfOTUdxiEDWZhsAEvVvJ1Q",
      "from_method_name": null,
      "from_method_key": null,
      "to_file_path": "./Professor",
      "to_class_or_interface_key": "_8j8G4NxhEDWZhsAEvVvJ1Q",
      "to_class_or_interface_name": "Student",
      "to_method_key": null,
      "to_method_name": null,
      "data_clump_type": "fields_to_fields_data_clump",
      "data_clump_data": {
        "_APgc4NxmEDWZhsAEvVvJ1Q": {
          "key": "_APgc4NxmEDWZhsAEvVvJ1Q",
          "name": "idNo",
          "type": null,
          "probability": 1,
          "modifiers": [
            "private"
          ],
          "to_variable": {
            "key": "_Nj-OgNxkEDWZhsAEvVvJ1Q",
            "name": "idNo",
            "type": null,
            "modifiers": [
              "private"
            ],
            "position": {}
          },
          "position": {}
        },
        "_AzjlINxmEDWZhsAEvVvJ1Q": {
          "key": "_AzjlINxmEDWZhsAEvVvJ1Q",
          "name": "name",
          "type": null,
          "probability": 1,
          "modifiers": [
            "private"
          ],
          "to_variable": {
            "key": "_TVXlYdxkEDWZhsAEvVvJ1Q",
            "name": "name",
            "type": null,
            "modifiers": [
              "private"
            ],
            "position": {}
          },
          "position": {}
        },
        "_CFiKYNxmEDWZhsAEvVvJ1Q": {
          "key": "_CFiKYNxmEDWZhsAEvVvJ1Q",
          "name": "homeAddress",
          "type": null,
          "probability": 1,
          "modifiers": [
            "private"
          ],
          "to_variable": {
            "key": "_Ui9Z4NxkEDWZhsAEvVvJ1Q",
            "name": "homeAddress",
            "type": null,
            "modifiers": [
              "private"
            ],
            "position": {}
          },
          "position": {}
        },
        "_CmgwgNxmEDWZhsAEvVvJ1Q": {
          "key": "_CmgwgNxmEDWZhsAEvVvJ1Q",
          "name": "phoneNo",
          "type": null,
          "probability": 1,
          "modifiers": [
            "private"
          ],
          "to_variable": {
            "key": "_WnpOcNxkEDWZhsAEvVvJ1Q",
            "name": "phoneNo",
            "type": null,
            "modifiers": [
              "private"
            ],
            "position": {}
          },
          "position": {}
        },
        "_aYxLIdxuEDWqy4knmOUxIA": {
          "key": "_aYxLIdxuEDWqy4knmOUxIA",
          "name": "course",
          "type": null,
          "probability": 1,
          "modifiers": [
            "private"
          ],
          "to_variable": {
            "key": "_6KxIsdxkEDWZhsAEvVvJ1Q",
            "name": "course",
            "type": null,
            "modifiers": [
              "private"
            ],
            "position": {}
          },
          "position": {}
        },
        "_gPDpENxuEDWqy4knmOUxIA": {
          "key": "_gPDpENxuEDWqy4knmOUxIA",
          "name": "getIdNo",
          "type": null,
          "probability": 1,
          "modifiers": [
            "public"
          ],
          "to_variable": {
            "key": "_IHBBIdxlEDWZhsAEvVvJ1Q",
            "name": "getIdNo",
            "type": null,
            "modifiers": [
              "public"
            ],
            "position": {}
          },
          "position": {}
        },
        "_o0lUcNxuEDWqy4knmOUxIA": {
          "key": "_o0lUcNxuEDWqy4knmOUxIA",
          "name": "setIdNo",
          "type": null,
          "probability": 1,
          "modifiers": [
            "public"
          ],
          "to_variable": {
            "key": "_cplGQdxlEDWZhsAEvVvJ1Q",
            "name": "setIdNo",
            "type": null,
            "modifiers": [
              "public"
            ],
            "position": {}
          },
          "position": {}
        },
        "_o4NQMdxuEDWqy4knmOUxIA": {
          "key": "_o4NQMdxuEDWqy4knmOUxIA",
          "name": "getName",
          "type": null,
          "probability": 1,
          "modifiers": [
            "public"
          ],
          "to_variable": {
            "key": "_f4pqUdxlEDWZhsAEvVvJ1Q",
            "name": "getName",
            "type": null,
            "modifiers": [
              "public"
            ],
            "position": {}
          },
          "position": {}
        },
        "_o6ST0dxuEDWqy4knmOUxIA": {
          "key": "_o6ST0dxuEDWqy4knmOUxIA",
          "name": "setName",
          "type": null,
          "probability": 1,
          "modifiers": [
            "public"
          ],
          "to_variable": {
            "key": "_gBXhcdxlEDWZhsAEvVvJ1Q",
            "name": "setName",
            "type": null,
            "modifiers": [
              "public"
            ],
            "position": {}
          },
          "position": {}
        },
        "_o8It8dxuEDWqy4knmOUxIA": {
          "key": "_o8It8dxuEDWqy4knmOUxIA",
          "name": "getHomeAddress",
          "type": null,
          "probability": 1,
          "modifiers": [
            "public"
          ],
          "to_variable": {
            "key": "_gFNfodxlEDWZhsAEvVvJ1Q",
            "name": "getHomeAddress",
            "type": null,
            "modifiers": [
              "public"
            ],
            "position": {}
          },
          "position": {}
        },
        "_o-AWMdxuEDWqy4knmOUxIA": {
          "key": "_o-AWMdxuEDWqy4knmOUxIA",
          "name": "setHomeAddress",
          "type": null,
          "probability": 1,
          "modifiers": [
            "public"
          ],
          "to_variable": {
            "key": "_gHia4dxlEDWZhsAEvVvJ1Q",
            "name": "setHomeAddress",
            "type": null,
            "modifiers": [
              "public"
            ],
            "position": {}
          },
          "position": {}
        },
        "_pDwY4dxuEDWqy4knmOUxIA": {
          "key": "_pDwY4dxuEDWqy4knmOUxIA",
          "name": "getPhoneNo",
          "type": null,
          "probability": 1,
          "modifiers": [
            "public"
          ],
          "to_variable": {
            "key": "_gKjSodxlEDWZhsAEvVvJ1Q",
            "name": "getPhoneNo",
            "type": null,
            "modifiers": [
              "public"
            ],
            "position": {}
          },
          "position": {}
        },
        "_pFoBIdxuEDWqy4knmOUxIA": {
          "key": "_pFoBIdxuEDWqy4knmOUxIA",
          "name": "setPhoneNo",
          "type": null,
          "probability": 1,
          "modifiers": [
            "public"
          ],
          "to_variable": {
            "key": "_gMa64dxlEDWZhsAEvVvJ1Q",
            "name": "setPhoneNo",
            "type": null,
            "modifiers": [
              "public"
            ],
            "position": {}
          },
          "position": {}
        },
        "_-0370dxuEDWqy4knmOUxIA": {
          "key": "_-0370dxuEDWqy4knmOUxIA",
          "name": "getCourse",
          "type": null,
          "probability": 1,
          "modifiers": [
            "public"
          ],
          "to_variable": {
            "key": "_0lBLsNxlEDWZhsAEvVvJ1Q",
            "name": "getCourse",
            "type": null,
            "modifiers": [
              "public"
            ],
            "position": {}
          },
          "position": {}
        },
        "_-2tu4dxuEDWqy4knmOUxIA": {
          "key": "_-2tu4dxuEDWqy4knmOUxIA",
          "name": "setCourse",
          "type": null,
          "probability": 1,
          "modifiers": [
            "public"
          ],
          "to_variable": {
            "key": "_0qEDwdxlEDWZhsAEvVvJ1Q",
            "name": "setCourse",
            "type": null,
            "modifiers": [
              "public"
            ],
            "position": {}
          },
          "position": {}
        }
      }
    }
  }
}