{
  "report_version": "unknown",
  "report_timestamp": "2025-03-26T21:44:01.794Z",
  "target_language": "java",
  "report_summary": {
    "additional": null,
    "amount_classes_or_interfaces_with_data_clumps": 2,
    "amount_files_with_data_clumps": 2,
    "amount_methods_with_data_clumps": 0,
    "fields_to_fields_data_clump": 2,
    "parameters_to_fields_data_clump": 0,
    "parameters_to_parameters_data_clump": 0,
    "amount_data_clumps": 2
  },
  "project_info": {
    "project_url": "unknown_project_url",
    "project_name": "__Yv1YKQBEeeI1NNq08Z6HQ",
    "project_version": "unknown_project_version",
    "project_commit_hash": "unknown",
    "project_tag": null,
    "project_commit_date": null,
    "additional": {},
    "number_of_files": 7,
    "number_of_classes_or_interfaces": 7,
    "number_of_methods": 20,
    "number_of_data_fields": 26,
    "number_of_method_parameters": 0
  },
  "detector": {
    "name": "data-clumps-doctor",
    "url": "https://github.com/NilsBaumgartner1994/data-clumps-doctor",
    "version": "0.1.100",
    "options": {
      "typeVariablesConsidered": false,
      "similarityModifierOfVariablesWithUnknownType": 0,
      "fieldsOfClassesWithUnknownHierarchyProbabilityModifier": 0,
      "sharedFieldsToFieldsAmountMinimum": 3,
      "analyseFieldsInClassesOrInterfacesInheritedFromSuperClassesOrInterfaces": false,
      "sharedParametersToParametersAmountMinimum": 3,
      "sharedParametersToFieldsAmountMinimum": 3,
      "methodsOfClassesOrInterfacesWithUnknownHierarchyProbabilityModifier": 0
    }
  },
  "data_clumps": {
    "fields_to_fields_data_clump-./ContentAdmin-_uNnS4IYwEDWk_rf-hmCysg-_DGbKQYYwEDWk_rf-hmCysg-mobile_noaddressemail_id": {
      "type": "data_clump",
      "key": "fields_to_fields_data_clump-./ContentAdmin-_uNnS4IYwEDWk_rf-hmCysg-_DGbKQYYwEDWk_rf-hmCysg-mobile_noaddressemail_id",
      "probability": 1,
      "from_file_path": "./ContentAdmin",
      "from_class_or_interface_name": "ContentAdmin",
      "from_class_or_interface_key": "_uNnS4IYwEDWk_rf-hmCysg",
      "from_method_name": null,
      "from_method_key": null,
      "to_file_path": "./Customer",
      "to_class_or_interface_key": "_DGbKQYYwEDWk_rf-hmCysg",
      "to_class_or_interface_name": "ContentAdmin",
      "to_method_key": null,
      "to_method_name": null,
      "data_clump_type": "fields_to_fields_data_clump",
      "data_clump_data": {
        "_1P2mkIYwEDWk_rf-hmCysg": {
          "key": "_1P2mkIYwEDWk_rf-hmCysg",
          "name": "mobile_no",
          "type": null,
          "probability": 1,
          "modifiers": [],
          "to_variable": {
            "key": "_RH2doIYwEDWk_rf-hmCysg",
            "name": "mobile_no",
            "type": null,
            "modifiers": [],
            "position": {}
          },
          "position": {}
        },
        "_382_YIYwEDWk_rf-hmCysg": {
          "key": "_382_YIYwEDWk_rf-hmCysg",
          "name": "address",
          "type": null,
          "probability": 1,
          "modifiers": [],
          "to_variable": {
            "key": "_WrOmoIYwEDWk_rf-hmCysg",
            "name": "address",
            "type": null,
            "modifiers": [],
            "position": {}
          },
          "position": {}
        },
        "_56P5IIYwEDWk_rf-hmCysg": {
          "key": "_56P5IIYwEDWk_rf-hmCysg",
          "name": "email_id",
          "type": null,
          "probability": 1,
          "modifiers": [],
          "to_variable": {
            "key": "_aT0d8IYwEDWk_rf-hmCysg",
            "name": "email_id",
            "type": null,
            "modifiers": [],
            "position": {}
          },
          "position": {}
        }
      }
    },
    "fields_to_fields_data_clump-./Customer-_DGbKQYYwEDWk_rf-hmCysg-_uNnS4IYwEDWk_rf-hmCysg-mobile_noaddressemail_id": {
      "type": "data_clump",
      "key": "fields_to_fields_data_clump-./Customer-_DGbKQYYwEDWk_rf-hmCysg-_uNnS4IYwEDWk_rf-hmCysg-mobile_noaddressemail_id",
      "probability": 1,
      "from_file_path": "./Customer",
      "from_class_or_interface_name": "Customer",
      "from_class_or_interface_key": "_DGbKQYYwEDWk_rf-hmCysg",
      "from_method_name": null,
      "from_method_key": null,
      "to_file_path": "./ContentAdmin",
      "to_class_or_interface_key": "_uNnS4IYwEDWk_rf-hmCysg",
      "to_class_or_interface_name": "Customer",
      "to_method_key": null,
      "to_method_name": null,
      "data_clump_type": "fields_to_fields_data_clump",
      "data_clump_data": {
        "_RH2doIYwEDWk_rf-hmCysg": {
          "key": "_RH2doIYwEDWk_rf-hmCysg",
          "name": "mobile_no",
          "type": null,
          "probability": 1,
          "modifiers": [],
          "to_variable": {
            "key": "_1P2mkIYwEDWk_rf-hmCysg",
            "name": "mobile_no",
            "type": null,
            "modifiers": [],
            "position": {}
          },
          "position": {}
        },
        "_WrOmoIYwEDWk_rf-hmCysg": {
          "key": "_WrOmoIYwEDWk_rf-hmCysg",
          "name": "address",
          "type": null,
          "probability": 1,
          "modifiers": [],
          "to_variable": {
            "key": "_382_YIYwEDWk_rf-hmCysg",
            "name": "address",
            "type": null,
            "modifiers": [],
            "position": {}
          },
          "position": {}
        },
        "_aT0d8IYwEDWk_rf-hmCysg": {
          "key": "_aT0d8IYwEDWk_rf-hmCysg",
          "name": "email_id",
          "type": null,
          "probability": 1,
          "modifiers": [],
          "to_variable": {
            "key": "_56P5IIYwEDWk_rf-hmCysg",
            "name": "email_id",
            "type": null,
            "modifiers": [],
            "position": {}
          },
          "position": {}
        }
      }
    }
  }
}