{
  "report_version": "unknown",
  "report_timestamp": "2025-03-26T22:58:43.598Z",
  "target_language": "java",
  "report_summary": {
    "additional": null,
    "amount_classes_or_interfaces_with_data_clumps": 4,
    "amount_files_with_data_clumps": 5,
    "amount_methods_with_data_clumps": 4,
    "fields_to_fields_data_clump": 0,
    "parameters_to_fields_data_clump": 2,
    "parameters_to_parameters_data_clump": 6,
    "amount_data_clumps": 8
  },
  "project_info": {
    "project_url": "unknown_project_url",
    "project_name": "_Sme_0LsGEean1qUSNTq6fA",
    "project_version": "unknown_project_version",
    "project_commit_hash": "unknown",
    "project_tag": null,
    "project_commit_date": null,
    "additional": {},
    "number_of_files": 7,
    "number_of_classes_or_interfaces": 7,
    "number_of_methods": 26,
    "number_of_data_fields": 25,
    "number_of_method_parameters": 12
  },
  "detector": {
    "name": "data-clumps-doctor",
    "url": "https://github.com/NilsBaumgartner1994/data-clumps-doctor",
    "version": "0.1.100",
    "options": {
      "typeVariablesConsidered": false,
      "similarityModifierOfVariablesWithUnknownType": 0,
      "fieldsOfClassesWithUnknownHierarchyProbabilityModifier": 0,
      "sharedFieldsToFieldsAmountMinimum": 3,
      "analyseFieldsInClassesOrInterfacesInheritedFromSuperClassesOrInterfaces": false,
      "sharedParametersToParametersAmountMinimum": 3,
      "sharedParametersToFieldsAmountMinimum": 3,
      "methodsOfClassesOrInterfacesWithUnknownHierarchyProbabilityModifier": 0
    }
  },
  "data_clumps": {
    "parameters_to_parameters_data_clump-./BronzeAccount-_XCN4EZ01EDS2mJJZEFk7Cw-_m3V9sJ01EDS2mJJZEFk7Cw-daytimeMinsweekendMinsbroad": {
      "type": "data_clump",
      "key": "parameters_to_parameters_data_clump-./BronzeAccount-_XCN4EZ01EDS2mJJZEFk7Cw-_m3V9sJ01EDS2mJJZEFk7Cw-daytimeMinsweekendMinsbroad",
      "probability": 1,
      "from_file_path": "./BronzeAccount",
      "from_class_or_interface_name": "BronzeAccount",
      "from_class_or_interface_key": "_UetZgJ01EDS2mJJZEFk7Cw",
      "from_method_name": "BronzeAccount",
      "from_method_key": "_XCN4EZ01EDS2mJJZEFk7Cw",
      "to_file_path": "./GoldAccount",
      "to_class_or_interface_name": "GoldAccount",
      "to_class_or_interface_key": "_m3VWoJ01EDS2mJJZEFk7Cw",
      "to_method_name": "GoldAccount",
      "to_method_key": "_m3V9sJ01EDS2mJJZEFk7Cw",
      "data_clump_type": "parameters_to_parameters_data_clump",
      "data_clump_data": {
        "_ZACPoJ01EDS2mJJZEFk7Cw": {
          "key": "_ZACPoJ01EDS2mJJZEFk7Cw",
          "name": "daytimeMins",
          "type": null,
          "probability": 1,
          "modifiers": [],
          "to_variable": {
            "key": "_m3V9sp01EDS2mJJZEFk7Cw",
            "name": "daytimeMins",
            "type": null,
            "modifiers": [],
            "position": {}
          },
          "position": {}
        },
        "_asslwJ01EDS2mJJZEFk7Cw": {
          "key": "_asslwJ01EDS2mJJZEFk7Cw",
          "name": "weekendMins",
          "type": null,
          "probability": 1,
          "modifiers": [],
          "to_variable": {
            "key": "_m3V9s501EDS2mJJZEFk7Cw",
            "name": "weekendMins",
            "type": null,
            "modifiers": [],
            "position": {}
          },
          "position": {}
        },
        "_cCCoEJ01EDS2mJJZEFk7Cw": {
          "key": "_cCCoEJ01EDS2mJJZEFk7Cw",
          "name": "broad",
          "type": null,
          "probability": 1,
          "modifiers": [],
          "to_variable": {
            "key": "_m3V9tJ01EDS2mJJZEFk7Cw",
            "name": "broad",
            "type": null,
            "modifiers": [],
            "position": {}
          },
          "position": {}
        }
      }
    },
    "parameters_to_parameters_data_clump-./BronzeAccount-_XCN4EZ01EDS2mJJZEFk7Cw-_jd5VoJ01EDS2mJJZEFk7Cw-daytimeMinsweekendMinsbroad": {
      "type": "data_clump",
      "key": "parameters_to_parameters_data_clump-./BronzeAccount-_XCN4EZ01EDS2mJJZEFk7Cw-_jd5VoJ01EDS2mJJZEFk7Cw-daytimeMinsweekendMinsbroad",
      "probability": 1,
      "from_file_path": "./BronzeAccount",
      "from_class_or_interface_name": "BronzeAccount",
      "from_class_or_interface_key": "_UetZgJ01EDS2mJJZEFk7Cw",
      "from_method_name": "BronzeAccount",
      "from_method_key": "_XCN4EZ01EDS2mJJZEFk7Cw",
      "to_file_path": "./SilverAccount",
      "to_class_or_interface_name": "SilverAccount",
      "to_class_or_interface_key": "_jd4ukJ01EDS2mJJZEFk7Cw",
      "to_method_name": "SilverAccount",
      "to_method_key": "_jd5VoJ01EDS2mJJZEFk7Cw",
      "data_clump_type": "parameters_to_parameters_data_clump",
      "data_clump_data": {
        "_ZACPoJ01EDS2mJJZEFk7Cw": {
          "key": "_ZACPoJ01EDS2mJJZEFk7Cw",
          "name": "daytimeMins",
          "type": null,
          "probability": 1,
          "modifiers": [],
          "to_variable": {
            "key": "_jd5Vop01EDS2mJJZEFk7Cw",
            "name": "daytimeMins",
            "type": null,
            "modifiers": [],
            "position": {}
          },
          "position": {}
        },
        "_asslwJ01EDS2mJJZEFk7Cw": {
          "key": "_asslwJ01EDS2mJJZEFk7Cw",
          "name": "weekendMins",
          "type": null,
          "probability": 1,
          "modifiers": [],
          "to_variable": {
            "key": "_jd5Vo501EDS2mJJZEFk7Cw",
            "name": "weekendMins",
            "type": null,
            "modifiers": [],
            "position": {}
          },
          "position": {}
        },
        "_cCCoEJ01EDS2mJJZEFk7Cw": {
          "key": "_cCCoEJ01EDS2mJJZEFk7Cw",
          "name": "broad",
          "type": null,
          "probability": 1,
          "modifiers": [],
          "to_variable": {
            "key": "_jd58sJ01EDS2mJJZEFk7Cw",
            "name": "broad",
            "type": null,
            "modifiers": [],
            "position": {}
          },
          "position": {}
        }
      }
    },
    "parameters_to_parameters_data_clump-./GoldAccount-_m3V9sJ01EDS2mJJZEFk7Cw-_XCN4EZ01EDS2mJJZEFk7Cw-daytimeMinsweekendMinsbroad": {
      "type": "data_clump",
      "key": "parameters_to_parameters_data_clump-./GoldAccount-_m3V9sJ01EDS2mJJZEFk7Cw-_XCN4EZ01EDS2mJJZEFk7Cw-daytimeMinsweekendMinsbroad",
      "probability": 1,
      "from_file_path": "./GoldAccount",
      "from_class_or_interface_name": "GoldAccount",
      "from_class_or_interface_key": "_m3VWoJ01EDS2mJJZEFk7Cw",
      "from_method_name": "GoldAccount",
      "from_method_key": "_m3V9sJ01EDS2mJJZEFk7Cw",
      "to_file_path": "./BronzeAccount",
      "to_class_or_interface_name": "BronzeAccount",
      "to_class_or_interface_key": "_UetZgJ01EDS2mJJZEFk7Cw",
      "to_method_name": "BronzeAccount",
      "to_method_key": "_XCN4EZ01EDS2mJJZEFk7Cw",
      "data_clump_type": "parameters_to_parameters_data_clump",
      "data_clump_data": {
        "_m3V9sp01EDS2mJJZEFk7Cw": {
          "key": "_m3V9sp01EDS2mJJZEFk7Cw",
          "name": "daytimeMins",
          "type": null,
          "probability": 1,
          "modifiers": [],
          "to_variable": {
            "key": "_ZACPoJ01EDS2mJJZEFk7Cw",
            "name": "daytimeMins",
            "type": null,
            "modifiers": [],
            "position": {}
          },
          "position": {}
        },
        "_m3V9s501EDS2mJJZEFk7Cw": {
          "key": "_m3V9s501EDS2mJJZEFk7Cw",
          "name": "weekendMins",
          "type": null,
          "probability": 1,
          "modifiers": [],
          "to_variable": {
            "key": "_asslwJ01EDS2mJJZEFk7Cw",
            "name": "weekendMins",
            "type": null,
            "modifiers": [],
            "position": {}
          },
          "position": {}
        },
        "_m3V9tJ01EDS2mJJZEFk7Cw": {
          "key": "_m3V9tJ01EDS2mJJZEFk7Cw",
          "name": "broad",
          "type": null,
          "probability": 1,
          "modifiers": [],
          "to_variable": {
            "key": "_cCCoEJ01EDS2mJJZEFk7Cw",
            "name": "broad",
            "type": null,
            "modifiers": [],
            "position": {}
          },
          "position": {}
        }
      }
    },
    "parameters_to_parameters_data_clump-./GoldAccount-_m3V9sJ01EDS2mJJZEFk7Cw-_jd5VoJ01EDS2mJJZEFk7Cw-daytimeMinsweekendMinsbroad": {
      "type": "data_clump",
      "key": "parameters_to_parameters_data_clump-./GoldAccount-_m3V9sJ01EDS2mJJZEFk7Cw-_jd5VoJ01EDS2mJJZEFk7Cw-daytimeMinsweekendMinsbroad",
      "probability": 1,
      "from_file_path": "./GoldAccount",
      "from_class_or_interface_name": "GoldAccount",
      "from_class_or_interface_key": "_m3VWoJ01EDS2mJJZEFk7Cw",
      "from_method_name": "GoldAccount",
      "from_method_key": "_m3V9sJ01EDS2mJJZEFk7Cw",
      "to_file_path": "./SilverAccount",
      "to_class_or_interface_name": "SilverAccount",
      "to_class_or_interface_key": "_jd4ukJ01EDS2mJJZEFk7Cw",
      "to_method_name": "SilverAccount",
      "to_method_key": "_jd5VoJ01EDS2mJJZEFk7Cw",
      "data_clump_type": "parameters_to_parameters_data_clump",
      "data_clump_data": {
        "_m3V9sp01EDS2mJJZEFk7Cw": {
          "key": "_m3V9sp01EDS2mJJZEFk7Cw",
          "name": "daytimeMins",
          "type": null,
          "probability": 1,
          "modifiers": [],
          "to_variable": {
            "key": "_jd5Vop01EDS2mJJZEFk7Cw",
            "name": "daytimeMins",
            "type": null,
            "modifiers": [],
            "position": {}
          },
          "position": {}
        },
        "_m3V9s501EDS2mJJZEFk7Cw": {
          "key": "_m3V9s501EDS2mJJZEFk7Cw",
          "name": "weekendMins",
          "type": null,
          "probability": 1,
          "modifiers": [],
          "to_variable": {
            "key": "_jd5Vo501EDS2mJJZEFk7Cw",
            "name": "weekendMins",
            "type": null,
            "modifiers": [],
            "position": {}
          },
          "position": {}
        },
        "_m3V9tJ01EDS2mJJZEFk7Cw": {
          "key": "_m3V9tJ01EDS2mJJZEFk7Cw",
          "name": "broad",
          "type": null,
          "probability": 1,
          "modifiers": [],
          "to_variable": {
            "key": "_jd58sJ01EDS2mJJZEFk7Cw",
            "name": "broad",
            "type": null,
            "modifiers": [],
            "position": {}
          },
          "position": {}
        }
      }
    },
    "parameters_to_parameters_data_clump-./SilverAccount-_jd5VoJ01EDS2mJJZEFk7Cw-_XCN4EZ01EDS2mJJZEFk7Cw-daytimeMinsweekendMinsbroad": {
      "type": "data_clump",
      "key": "parameters_to_parameters_data_clump-./SilverAccount-_jd5VoJ01EDS2mJJZEFk7Cw-_XCN4EZ01EDS2mJJZEFk7Cw-daytimeMinsweekendMinsbroad",
      "probability": 1,
      "from_file_path": "./SilverAccount",
      "from_class_or_interface_name": "SilverAccount",
      "from_class_or_interface_key": "_jd4ukJ01EDS2mJJZEFk7Cw",
      "from_method_name": "SilverAccount",
      "from_method_key": "_jd5VoJ01EDS2mJJZEFk7Cw",
      "to_file_path": "./BronzeAccount",
      "to_class_or_interface_name": "BronzeAccount",
      "to_class_or_interface_key": "_UetZgJ01EDS2mJJZEFk7Cw",
      "to_method_name": "BronzeAccount",
      "to_method_key": "_XCN4EZ01EDS2mJJZEFk7Cw",
      "data_clump_type": "parameters_to_parameters_data_clump",
      "data_clump_data": {
        "_jd5Vop01EDS2mJJZEFk7Cw": {
          "key": "_jd5Vop01EDS2mJJZEFk7Cw",
          "name": "daytimeMins",
          "type": null,
          "probability": 1,
          "modifiers": [],
          "to_variable": {
            "key": "_ZACPoJ01EDS2mJJZEFk7Cw",
            "name": "daytimeMins",
            "type": null,
            "modifiers": [],
            "position": {}
          },
          "position": {}
        },
        "_jd5Vo501EDS2mJJZEFk7Cw": {
          "key": "_jd5Vo501EDS2mJJZEFk7Cw",
          "name": "weekendMins",
          "type": null,
          "probability": 1,
          "modifiers": [],
          "to_variable": {
            "key": "_asslwJ01EDS2mJJZEFk7Cw",
            "name": "weekendMins",
            "type": null,
            "modifiers": [],
            "position": {}
          },
          "position": {}
        },
        "_jd58sJ01EDS2mJJZEFk7Cw": {
          "key": "_jd58sJ01EDS2mJJZEFk7Cw",
          "name": "broad",
          "type": null,
          "probability": 1,
          "modifiers": [],
          "to_variable": {
            "key": "_cCCoEJ01EDS2mJJZEFk7Cw",
            "name": "broad",
            "type": null,
            "modifiers": [],
            "position": {}
          },
          "position": {}
        }
      }
    },
    "parameters_to_parameters_data_clump-./SilverAccount-_jd5VoJ01EDS2mJJZEFk7Cw-_m3V9sJ01EDS2mJJZEFk7Cw-daytimeMinsweekendMinsbroad": {
      "type": "data_clump",
      "key": "parameters_to_parameters_data_clump-./SilverAccount-_jd5VoJ01EDS2mJJZEFk7Cw-_m3V9sJ01EDS2mJJZEFk7Cw-daytimeMinsweekendMinsbroad",
      "probability": 1,
      "from_file_path": "./SilverAccount",
      "from_class_or_interface_name": "SilverAccount",
      "from_class_or_interface_key": "_jd4ukJ01EDS2mJJZEFk7Cw",
      "from_method_name": "SilverAccount",
      "from_method_key": "_jd5VoJ01EDS2mJJZEFk7Cw",
      "to_file_path": "./GoldAccount",
      "to_class_or_interface_name": "GoldAccount",
      "to_class_or_interface_key": "_m3VWoJ01EDS2mJJZEFk7Cw",
      "to_method_name": "GoldAccount",
      "to_method_key": "_m3V9sJ01EDS2mJJZEFk7Cw",
      "data_clump_type": "parameters_to_parameters_data_clump",
      "data_clump_data": {
        "_jd5Vop01EDS2mJJZEFk7Cw": {
          "key": "_jd5Vop01EDS2mJJZEFk7Cw",
          "name": "daytimeMins",
          "type": null,
          "probability": 1,
          "modifiers": [],
          "to_variable": {
            "key": "_m3V9sp01EDS2mJJZEFk7Cw",
            "name": "daytimeMins",
            "type": null,
            "modifiers": [],
            "position": {}
          },
          "position": {}
        },
        "_jd5Vo501EDS2mJJZEFk7Cw": {
          "key": "_jd5Vo501EDS2mJJZEFk7Cw",
          "name": "weekendMins",
          "type": null,
          "probability": 1,
          "modifiers": [],
          "to_variable": {
            "key": "_m3V9s501EDS2mJJZEFk7Cw",
            "name": "weekendMins",
            "type": null,
            "modifiers": [],
            "position": {}
          },
          "position": {}
        },
        "_jd58sJ01EDS2mJJZEFk7Cw": {
          "key": "_jd58sJ01EDS2mJJZEFk7Cw",
          "name": "broad",
          "type": null,
          "probability": 1,
          "modifiers": [],
          "to_variable": {
            "key": "_m3V9tJ01EDS2mJJZEFk7Cw",
            "name": "broad",
            "type": null,
            "modifiers": [],
            "position": {}
          },
          "position": {}
        }
      }
    },
    "parameters_to_fields_data_clump-./StandardAccount-_ycuh4Z00EDS2mJJZEFk7Cw-_-ecK0J01EDS2mJJZEFk7Cw-daytimeMinsweekendMinsbroadbandUsed": {
      "type": "data_clump",
      "key": "parameters_to_fields_data_clump-./StandardAccount-_ycuh4Z00EDS2mJJZEFk7Cw-_-ecK0J01EDS2mJJZEFk7Cw-daytimeMinsweekendMinsbroadbandUsed",
      "probability": 1,
      "from_file_path": "./StandardAccount",
      "from_class_or_interface_name": "StandardAccount",
      "from_class_or_interface_key": "_Yk0vwJ00EDS2mJJZEFk7Cw",
      "from_method_name": "StandardAccount",
      "from_method_key": "_ycuh4Z00EDS2mJJZEFk7Cw",
      "to_file_path": "./AccountUserExt",
      "to_class_or_interface_name": "AccountUserExt",
      "to_class_or_interface_key": "_-ecK0J01EDS2mJJZEFk7Cw",
      "to_method_name": null,
      "to_method_key": null,
      "data_clump_type": "parameters_to_fields_data_clump",
      "data_clump_data": {
        "_06SwgJ00EDS2mJJZEFk7Cw": {
          "key": "_06SwgJ00EDS2mJJZEFk7Cw",
          "name": "daytimeMins",
          "type": null,
          "probability": 1,
          "modifiers": [],
          "to_variable": {
            "key": "_eDJHsJ02EDS2mJJZEFk7Cw",
            "name": "daytimeMins",
            "type": null,
            "modifiers": [
              "private"
            ],
            "position": {}
          },
          "position": {}
        },
        "_3GIV8J00EDS2mJJZEFk7Cw": {
          "key": "_3GIV8J00EDS2mJJZEFk7Cw",
          "name": "weekendMins",
          "type": null,
          "probability": 1,
          "modifiers": [],
          "to_variable": {
            "key": "_fIRjwJ02EDS2mJJZEFk7Cw",
            "name": "weekendMins",
            "type": null,
            "modifiers": [
              "private"
            ],
            "position": {}
          },
          "position": {}
        },
        "_5nOZsJ00EDS2mJJZEFk7Cw": {
          "key": "_5nOZsJ00EDS2mJJZEFk7Cw",
          "name": "broadbandUsed",
          "type": null,
          "probability": 1,
          "modifiers": [],
          "to_variable": {
            "key": "_gSQDkJ02EDS2mJJZEFk7Cw",
            "name": "broadbandUsed",
            "type": null,
            "modifiers": [
              "private"
            ],
            "position": {}
          },
          "position": {}
        }
      }
    },
    "parameters_to_fields_data_clump-./StandardAccount-_ycuh4Z00EDS2mJJZEFk7Cw-_Yk0vwJ00EDS2mJJZEFk7Cw-daytimeMinsweekendMinsbroadbandUsed": {
      "type": "data_clump",
      "key": "parameters_to_fields_data_clump-./StandardAccount-_ycuh4Z00EDS2mJJZEFk7Cw-_Yk0vwJ00EDS2mJJZEFk7Cw-daytimeMinsweekendMinsbroadbandUsed",
      "probability": 1,
      "from_file_path": "./StandardAccount",
      "from_class_or_interface_name": "StandardAccount",
      "from_class_or_interface_key": "_Yk0vwJ00EDS2mJJZEFk7Cw",
      "from_method_name": "StandardAccount",
      "from_method_key": "_ycuh4Z00EDS2mJJZEFk7Cw",
      "to_file_path": "./StandardAccount",
      "to_class_or_interface_name": "StandardAccount",
      "to_class_or_interface_key": "_Yk0vwJ00EDS2mJJZEFk7Cw",
      "to_method_name": null,
      "to_method_key": null,
      "data_clump_type": "parameters_to_fields_data_clump",
      "data_clump_data": {
        "_06SwgJ00EDS2mJJZEFk7Cw": {
          "key": "_06SwgJ00EDS2mJJZEFk7Cw",
          "name": "daytimeMins",
          "type": null,
          "probability": 1,
          "modifiers": [],
          "to_variable": {
            "key": "_e5RwYJ00EDS2mJJZEFk7Cw",
            "name": "daytimeMins",
            "type": null,
            "modifiers": [
              "public"
            ],
            "position": {}
          },
          "position": {}
        },
        "_3GIV8J00EDS2mJJZEFk7Cw": {
          "key": "_3GIV8J00EDS2mJJZEFk7Cw",
          "name": "weekendMins",
          "type": null,
          "probability": 1,
          "modifiers": [],
          "to_variable": {
            "key": "_gkLL8J00EDS2mJJZEFk7Cw",
            "name": "weekendMins",
            "type": null,
            "modifiers": [
              "public"
            ],
            "position": {}
          },
          "position": {}
        },
        "_5nOZsJ00EDS2mJJZEFk7Cw": {
          "key": "_5nOZsJ00EDS2mJJZEFk7Cw",
          "name": "broadbandUsed",
          "type": null,
          "probability": 1,
          "modifiers": [],
          "to_variable": {
            "key": "_hnhfUJ00EDS2mJJZEFk7Cw",
            "name": "broadbandUsed",
            "type": null,
            "modifiers": [
              "public"
            ],
            "position": {}
          },
          "position": {}
        }
      }
    }
  }
}