{
  "report_version": "unknown",
  "report_timestamp": "2025-03-26T22:26:38.657Z",
  "target_language": "java",
  "report_summary": {
    "additional": null,
    "amount_classes_or_interfaces_with_data_clumps": 2,
    "amount_files_with_data_clumps": 2,
    "amount_methods_with_data_clumps": 0,
    "fields_to_fields_data_clump": 2,
    "parameters_to_fields_data_clump": 0,
    "parameters_to_parameters_data_clump": 0,
    "amount_data_clumps": 2
  },
  "project_info": {
    "project_url": "unknown_project_url",
    "project_name": "_vK0bEFNeEeS7SK6lkmJgjw",
    "project_version": "unknown_project_version",
    "project_commit_hash": "unknown",
    "project_tag": null,
    "project_commit_date": null,
    "additional": {},
    "number_of_files": 9,
    "number_of_classes_or_interfaces": 9,
    "number_of_methods": 33,
    "number_of_data_fields": 42,
    "number_of_method_parameters": 0
  },
  "detector": {
    "name": "data-clumps-doctor",
    "url": "https://github.com/NilsBaumgartner1994/data-clumps-doctor",
    "version": "0.1.100",
    "options": {
      "typeVariablesConsidered": false,
      "similarityModifierOfVariablesWithUnknownType": 0,
      "fieldsOfClassesWithUnknownHierarchyProbabilityModifier": 0,
      "sharedFieldsToFieldsAmountMinimum": 3,
      "analyseFieldsInClassesOrInterfacesInheritedFromSuperClassesOrInterfaces": false,
      "sharedParametersToParametersAmountMinimum": 3,
      "sharedParametersToFieldsAmountMinimum": 3,
      "methodsOfClassesOrInterfacesWithUnknownHierarchyProbabilityModifier": 0
    }
  },
  "data_clumps": {
    "fields_to_fields_data_clump-./Customer-_i-KOYDY1EDKQsfAs7TZzgw-_bhEqYDY4EDKQsfAs7TZzgw-BankAccountPaymentNumberOrderNumber": {
      "type": "data_clump",
      "key": "fields_to_fields_data_clump-./Customer-_i-KOYDY1EDKQsfAs7TZzgw-_bhEqYDY4EDKQsfAs7TZzgw-BankAccountPaymentNumberOrderNumber",
      "probability": 1,
      "from_file_path": "./Customer",
      "from_class_or_interface_name": "Customer",
      "from_class_or_interface_key": "_i-KOYDY1EDKQsfAs7TZzgw",
      "from_method_name": null,
      "from_method_key": null,
      "to_file_path": "./Payment",
      "to_class_or_interface_key": "_bhEqYDY4EDKQsfAs7TZzgw",
      "to_class_or_interface_name": "Customer",
      "to_method_key": null,
      "to_method_name": null,
      "data_clump_type": "fields_to_fields_data_clump",
      "data_clump_data": {
        "_Kqs1EDY2EDKQsfAs7TZzgw": {
          "key": "_Kqs1EDY2EDKQsfAs7TZzgw",
          "name": "BankAccount",
          "type": null,
          "probability": 1,
          "modifiers": [
            "private"
          ],
          "to_variable": {
            "key": "_vspy4DY4EDKQsfAs7TZzgw",
            "name": "BankAccount",
            "type": null,
            "modifiers": [
              "private"
            ],
            "position": {}
          },
          "position": {}
        },
        "_QUw04DY2EDKQsfAs7TZzgw": {
          "key": "_QUw04DY2EDKQsfAs7TZzgw",
          "name": "PaymentNumber",
          "type": null,
          "probability": 1,
          "modifiers": [
            "private"
          ],
          "to_variable": {
            "key": "_eQBj8DY4EDKQsfAs7TZzgw",
            "name": "PaymentNumber",
            "type": null,
            "modifiers": [
              "private"
            ],
            "position": {}
          },
          "position": {}
        },
        "_XXpo0DY2EDKQsfAs7TZzgw": {
          "key": "_XXpo0DY2EDKQsfAs7TZzgw",
          "name": "OrderNumber",
          "type": null,
          "probability": 1,
          "modifiers": [
            "private"
          ],
          "to_variable": {
            "key": "_p-JX8DY4EDKQsfAs7TZzgw",
            "name": "OrderNumber",
            "type": null,
            "modifiers": [
              "private"
            ],
            "position": {}
          },
          "position": {}
        }
      }
    },
    "fields_to_fields_data_clump-./Payment-_bhEqYDY4EDKQsfAs7TZzgw-_i-KOYDY1EDKQsfAs7TZzgw-PaymentNumberOrderNumberBankAccount": {
      "type": "data_clump",
      "key": "fields_to_fields_data_clump-./Payment-_bhEqYDY4EDKQsfAs7TZzgw-_i-KOYDY1EDKQsfAs7TZzgw-PaymentNumberOrderNumberBankAccount",
      "probability": 1,
      "from_file_path": "./Payment",
      "from_class_or_interface_name": "Payment",
      "from_class_or_interface_key": "_bhEqYDY4EDKQsfAs7TZzgw",
      "from_method_name": null,
      "from_method_key": null,
      "to_file_path": "./Customer",
      "to_class_or_interface_key": "_i-KOYDY1EDKQsfAs7TZzgw",
      "to_class_or_interface_name": "Payment",
      "to_method_key": null,
      "to_method_name": null,
      "data_clump_type": "fields_to_fields_data_clump",
      "data_clump_data": {
        "_eQBj8DY4EDKQsfAs7TZzgw": {
          "key": "_eQBj8DY4EDKQsfAs7TZzgw",
          "name": "PaymentNumber",
          "type": null,
          "probability": 1,
          "modifiers": [
            "private"
          ],
          "to_variable": {
            "key": "_QUw04DY2EDKQsfAs7TZzgw",
            "name": "PaymentNumber",
            "type": null,
            "modifiers": [
              "private"
            ],
            "position": {}
          },
          "position": {}
        },
        "_p-JX8DY4EDKQsfAs7TZzgw": {
          "key": "_p-JX8DY4EDKQsfAs7TZzgw",
          "name": "OrderNumber",
          "type": null,
          "probability": 1,
          "modifiers": [
            "private"
          ],
          "to_variable": {
            "key": "_XXpo0DY2EDKQsfAs7TZzgw",
            "name": "OrderNumber",
            "type": null,
            "modifiers": [
              "private"
            ],
            "position": {}
          },
          "position": {}
        },
        "_vspy4DY4EDKQsfAs7TZzgw": {
          "key": "_vspy4DY4EDKQsfAs7TZzgw",
          "name": "BankAccount",
          "type": null,
          "probability": 1,
          "modifiers": [
            "private"
          ],
          "to_variable": {
            "key": "_Kqs1EDY2EDKQsfAs7TZzgw",
            "name": "BankAccount",
            "type": null,
            "modifiers": [
              "private"
            ],
            "position": {}
          },
          "position": {}
        }
      }
    }
  }
}