{
  "report_version": "unknown",
  "report_timestamp": "2025-03-26T22:33:47.347Z",
  "target_language": "java",
  "report_summary": {
    "additional": null,
    "amount_classes_or_interfaces_with_data_clumps": 2,
    "amount_files_with_data_clumps": 2,
    "amount_methods_with_data_clumps": 0,
    "fields_to_fields_data_clump": 2,
    "parameters_to_fields_data_clump": 0,
    "parameters_to_parameters_data_clump": 0,
    "amount_data_clumps": 2
  },
  "project_info": {
    "project_url": "unknown_project_url",
    "project_name": "_lLZPAIo-EeaHjIRlzIXo2w",
    "project_version": "unknown_project_version",
    "project_commit_hash": "unknown",
    "project_tag": null,
    "project_commit_date": null,
    "additional": {},
    "number_of_files": 13,
    "number_of_classes_or_interfaces": 13,
    "number_of_methods": 0,
    "number_of_data_fields": 33,
    "number_of_method_parameters": 0
  },
  "detector": {
    "name": "data-clumps-doctor",
    "url": "https://github.com/NilsBaumgartner1994/data-clumps-doctor",
    "version": "0.1.100",
    "options": {
      "typeVariablesConsidered": false,
      "similarityModifierOfVariablesWithUnknownType": 0,
      "fieldsOfClassesWithUnknownHierarchyProbabilityModifier": 0,
      "sharedFieldsToFieldsAmountMinimum": 3,
      "analyseFieldsInClassesOrInterfacesInheritedFromSuperClassesOrInterfaces": false,
      "sharedParametersToParametersAmountMinimum": 3,
      "sharedParametersToFieldsAmountMinimum": 3,
      "methodsOfClassesOrInterfacesWithUnknownHierarchyProbabilityModifier": 0
    }
  },
  "data_clumps": {
    "fields_to_fields_data_clump-./CartãodeCrédito-_xe-0UGxtEDSmpasSwXSc8Q-_53ILAGxtEDSmpasSwXSc8Q-numerovalidadesenha": {
      "type": "data_clump",
      "key": "fields_to_fields_data_clump-./CartãodeCrédito-_xe-0UGxtEDSmpasSwXSc8Q-_53ILAGxtEDSmpasSwXSc8Q-numerovalidadesenha",
      "probability": 1,
      "from_file_path": "./CartãodeCrédito",
      "from_class_or_interface_name": "CartãodeCrédito",
      "from_class_or_interface_key": "_xe-0UGxtEDSmpasSwXSc8Q",
      "from_method_name": null,
      "from_method_key": null,
      "to_file_path": "./CartãodeDebito",
      "to_class_or_interface_key": "_53ILAGxtEDSmpasSwXSc8Q",
      "to_class_or_interface_name": "CartãodeCrédito",
      "to_method_key": null,
      "to_method_name": null,
      "data_clump_type": "fields_to_fields_data_clump",
      "data_clump_data": {
        "_y2jrQGxtEDSmpasSwXSc8Q": {
          "key": "_y2jrQGxtEDSmpasSwXSc8Q",
          "name": "numero",
          "type": null,
          "probability": 1,
          "modifiers": [],
          "to_variable": {
            "key": "_53KAMGxtEDSmpasSwXSc8Q",
            "name": "numero",
            "type": null,
            "modifiers": [],
            "position": {}
          },
          "position": {}
        },
        "_0xUHwGxtEDSmpasSwXSc8Q": {
          "key": "_0xUHwGxtEDSmpasSwXSc8Q",
          "name": "validade",
          "type": null,
          "probability": 1,
          "modifiers": [],
          "to_variable": {
            "key": "_53KAMWxtEDSmpasSwXSc8Q",
            "name": "validade",
            "type": null,
            "modifiers": [],
            "position": {}
          },
          "position": {}
        },
        "_4qupUGxtEDSmpasSwXSc8Q": {
          "key": "_4qupUGxtEDSmpasSwXSc8Q",
          "name": "senha",
          "type": null,
          "probability": 1,
          "modifiers": [],
          "to_variable": {
            "key": "_53KAMmxtEDSmpasSwXSc8Q",
            "name": "senha",
            "type": null,
            "modifiers": [],
            "position": {}
          },
          "position": {}
        }
      }
    },
    "fields_to_fields_data_clump-./CartãodeDebito-_53ILAGxtEDSmpasSwXSc8Q-_xe-0UGxtEDSmpasSwXSc8Q-numerovalidadesenha": {
      "type": "data_clump",
      "key": "fields_to_fields_data_clump-./CartãodeDebito-_53ILAGxtEDSmpasSwXSc8Q-_xe-0UGxtEDSmpasSwXSc8Q-numerovalidadesenha",
      "probability": 1,
      "from_file_path": "./CartãodeDebito",
      "from_class_or_interface_name": "CartãodeDebito",
      "from_class_or_interface_key": "_53ILAGxtEDSmpasSwXSc8Q",
      "from_method_name": null,
      "from_method_key": null,
      "to_file_path": "./CartãodeCrédito",
      "to_class_or_interface_key": "_xe-0UGxtEDSmpasSwXSc8Q",
      "to_class_or_interface_name": "CartãodeDebito",
      "to_method_key": null,
      "to_method_name": null,
      "data_clump_type": "fields_to_fields_data_clump",
      "data_clump_data": {
        "_53KAMGxtEDSmpasSwXSc8Q": {
          "key": "_53KAMGxtEDSmpasSwXSc8Q",
          "name": "numero",
          "type": null,
          "probability": 1,
          "modifiers": [],
          "to_variable": {
            "key": "_y2jrQGxtEDSmpasSwXSc8Q",
            "name": "numero",
            "type": null,
            "modifiers": [],
            "position": {}
          },
          "position": {}
        },
        "_53KAMWxtEDSmpasSwXSc8Q": {
          "key": "_53KAMWxtEDSmpasSwXSc8Q",
          "name": "validade",
          "type": null,
          "probability": 1,
          "modifiers": [],
          "to_variable": {
            "key": "_0xUHwGxtEDSmpasSwXSc8Q",
            "name": "validade",
            "type": null,
            "modifiers": [],
            "position": {}
          },
          "position": {}
        },
        "_53KAMmxtEDSmpasSwXSc8Q": {
          "key": "_53KAMmxtEDSmpasSwXSc8Q",
          "name": "senha",
          "type": null,
          "probability": 1,
          "modifiers": [],
          "to_variable": {
            "key": "_4qupUGxtEDSmpasSwXSc8Q",
            "name": "senha",
            "type": null,
            "modifiers": [],
            "position": {}
          },
          "position": {}
        }
      }
    }
  }
}