{
  "report_version": "unknown",
  "report_timestamp": "2025-03-26T21:52:07.627Z",
  "target_language": "java",
  "report_summary": {
    "additional": null,
    "amount_classes_or_interfaces_with_data_clumps": 2,
    "amount_files_with_data_clumps": 2,
    "amount_methods_with_data_clumps": 0,
    "fields_to_fields_data_clump": 2,
    "parameters_to_fields_data_clump": 0,
    "parameters_to_parameters_data_clump": 0,
    "amount_data_clumps": 2
  },
  "project_info": {
    "project_url": "unknown_project_url",
    "project_name": "fa5941d5-5217-4697-81f2-323f780f0356",
    "project_version": "unknown_project_version",
    "project_commit_hash": "unknown",
    "project_tag": null,
    "project_commit_date": null,
    "additional": {},
    "number_of_files": 11,
    "number_of_classes_or_interfaces": 11,
    "number_of_methods": 15,
    "number_of_data_fields": 42,
    "number_of_method_parameters": 0
  },
  "detector": {
    "name": "data-clumps-doctor",
    "url": "https://github.com/NilsBaumgartner1994/data-clumps-doctor",
    "version": "0.1.100",
    "options": {
      "typeVariablesConsidered": false,
      "similarityModifierOfVariablesWithUnknownType": 0,
      "fieldsOfClassesWithUnknownHierarchyProbabilityModifier": 0,
      "sharedFieldsToFieldsAmountMinimum": 3,
      "analyseFieldsInClassesOrInterfacesInheritedFromSuperClassesOrInterfaces": false,
      "sharedParametersToParametersAmountMinimum": 3,
      "sharedParametersToFieldsAmountMinimum": 3,
      "methodsOfClassesOrInterfacesWithUnknownHierarchyProbabilityModifier": 0
    }
  },
  "data_clumps": {
    "fields_to_fields_data_clump-./PackagedTrip-_d2rykDypEDKZg_AV_12QCg-_bqExEDypEDKZg_AV_12QCg-Referenceno.DatearrangedCost": {
      "type": "data_clump",
      "key": "fields_to_fields_data_clump-./PackagedTrip-_d2rykDypEDKZg_AV_12QCg-_bqExEDypEDKZg_AV_12QCg-Referenceno.DatearrangedCost",
      "probability": 1,
      "from_file_path": "./PackagedTrip",
      "from_class_or_interface_name": "PackagedTrip",
      "from_class_or_interface_key": "_d2rykDypEDKZg_AV_12QCg",
      "from_method_name": null,
      "from_method_key": null,
      "to_file_path": "./SpeciallyArrangedTrip",
      "to_class_or_interface_key": "_bqExEDypEDKZg_AV_12QCg",
      "to_class_or_interface_name": "PackagedTrip",
      "to_method_key": null,
      "to_method_name": null,
      "data_clump_type": "fields_to_fields_data_clump",
      "data_clump_data": {
        "_z8AMcDzAEDKZg_AV_12QCg": {
          "key": "_z8AMcDzAEDKZg_AV_12QCg",
          "name": "Referenceno.",
          "type": null,
          "probability": 1,
          "modifiers": [],
          "to_variable": {
            "key": "_4lguMDzAEDKZg_AV_12QCg",
            "name": "Referenceno.",
            "type": null,
            "modifiers": [],
            "position": {}
          },
          "position": {}
        },
        "_1Rh08DzAEDKZg_AV_12QCg": {
          "key": "_1Rh08DzAEDKZg_AV_12QCg",
          "name": "Datearranged",
          "type": null,
          "probability": 1,
          "modifiers": [],
          "to_variable": {
            "key": "_5-2fsDzAEDKZg_AV_12QCg",
            "name": "Datearranged",
            "type": null,
            "modifiers": [],
            "position": {}
          },
          "position": {}
        },
        "_226eYDzAEDKZg_AV_12QCg": {
          "key": "_226eYDzAEDKZg_AV_12QCg",
          "name": "Cost",
          "type": null,
          "probability": 1,
          "modifiers": [],
          "to_variable": {
            "key": "_7OKygDzAEDKZg_AV_12QCg",
            "name": "Cost",
            "type": null,
            "modifiers": [],
            "position": {}
          },
          "position": {}
        }
      }
    },
    "fields_to_fields_data_clump-./SpeciallyArrangedTrip-_bqExEDypEDKZg_AV_12QCg-_d2rykDypEDKZg_AV_12QCg-Referenceno.DatearrangedCost": {
      "type": "data_clump",
      "key": "fields_to_fields_data_clump-./SpeciallyArrangedTrip-_bqExEDypEDKZg_AV_12QCg-_d2rykDypEDKZg_AV_12QCg-Referenceno.DatearrangedCost",
      "probability": 1,
      "from_file_path": "./SpeciallyArrangedTrip",
      "from_class_or_interface_name": "SpeciallyArrangedTrip",
      "from_class_or_interface_key": "_bqExEDypEDKZg_AV_12QCg",
      "from_method_name": null,
      "from_method_key": null,
      "to_file_path": "./PackagedTrip",
      "to_class_or_interface_key": "_d2rykDypEDKZg_AV_12QCg",
      "to_class_or_interface_name": "SpeciallyArrangedTrip",
      "to_method_key": null,
      "to_method_name": null,
      "data_clump_type": "fields_to_fields_data_clump",
      "data_clump_data": {
        "_4lguMDzAEDKZg_AV_12QCg": {
          "key": "_4lguMDzAEDKZg_AV_12QCg",
          "name": "Referenceno.",
          "type": null,
          "probability": 1,
          "modifiers": [],
          "to_variable": {
            "key": "_z8AMcDzAEDKZg_AV_12QCg",
            "name": "Referenceno.",
            "type": null,
            "modifiers": [],
            "position": {}
          },
          "position": {}
        },
        "_5-2fsDzAEDKZg_AV_12QCg": {
          "key": "_5-2fsDzAEDKZg_AV_12QCg",
          "name": "Datearranged",
          "type": null,
          "probability": 1,
          "modifiers": [],
          "to_variable": {
            "key": "_1Rh08DzAEDKZg_AV_12QCg",
            "name": "Datearranged",
            "type": null,
            "modifiers": [],
            "position": {}
          },
          "position": {}
        },
        "_7OKygDzAEDKZg_AV_12QCg": {
          "key": "_7OKygDzAEDKZg_AV_12QCg",
          "name": "Cost",
          "type": null,
          "probability": 1,
          "modifiers": [],
          "to_variable": {
            "key": "_226eYDzAEDKZg_AV_12QCg",
            "name": "Cost",
            "type": null,
            "modifiers": [],
            "position": {}
          },
          "position": {}
        }
      }
    }
  }
}