{
  "report_version": "unknown",
  "report_timestamp": "2025-03-26T21:52:16.138Z",
  "target_language": "java",
  "report_summary": {
    "additional": null,
    "amount_classes_or_interfaces_with_data_clumps": 2,
    "amount_files_with_data_clumps": 2,
    "amount_methods_with_data_clumps": 0,
    "fields_to_fields_data_clump": 2,
    "parameters_to_fields_data_clump": 0,
    "parameters_to_parameters_data_clump": 0,
    "amount_data_clumps": 2
  },
  "project_info": {
    "project_url": "unknown_project_url",
    "project_name": "__EFj8MTXEe2rYP8-S09m2Q",
    "project_version": "unknown_project_version",
    "project_commit_hash": "unknown",
    "project_tag": null,
    "project_commit_date": null,
    "additional": {},
    "number_of_files": 5,
    "number_of_classes_or_interfaces": 5,
    "number_of_methods": 0,
    "number_of_data_fields": 34,
    "number_of_method_parameters": 0
  },
  "detector": {
    "name": "data-clumps-doctor",
    "url": "https://github.com/NilsBaumgartner1994/data-clumps-doctor",
    "version": "0.1.100",
    "options": {
      "typeVariablesConsidered": false,
      "similarityModifierOfVariablesWithUnknownType": 0,
      "fieldsOfClassesWithUnknownHierarchyProbabilityModifier": 0,
      "sharedFieldsToFieldsAmountMinimum": 3,
      "analyseFieldsInClassesOrInterfacesInheritedFromSuperClassesOrInterfaces": false,
      "sharedParametersToParametersAmountMinimum": 3,
      "sharedParametersToFieldsAmountMinimum": 3,
      "methodsOfClassesOrInterfacesWithUnknownHierarchyProbabilityModifier": 0
    }
  },
  "data_clumps": {
    "fields_to_fields_data_clump-./ActividadColectiva-__EJ1ccTXEe2rYP8-S09m2Q-__EJ1e8TXEe2rYP8-S09m2Q-organizacioncodigoActividadactividadfechadescripcion": {
      "type": "data_clump",
      "key": "fields_to_fields_data_clump-./ActividadColectiva-__EJ1ccTXEe2rYP8-S09m2Q-__EJ1e8TXEe2rYP8-S09m2Q-organizacioncodigoActividadactividadfechadescripcion",
      "probability": 1,
      "from_file_path": "./ActividadColectiva",
      "from_class_or_interface_name": "ActividadColectiva",
      "from_class_or_interface_key": "__EJ1ccTXEe2rYP8-S09m2Q",
      "from_method_name": null,
      "from_method_key": null,
      "to_file_path": "./BeneficioColectivo",
      "to_class_or_interface_key": "__EJ1e8TXEe2rYP8-S09m2Q",
      "to_class_or_interface_name": "ActividadColectiva",
      "to_method_key": null,
      "to_method_name": null,
      "data_clump_type": "fields_to_fields_data_clump",
      "data_clump_data": {
        "_ZG5u0KcGEDudXP3ZaRNYNw": {
          "key": "_ZG5u0KcGEDudXP3ZaRNYNw",
          "name": "organizacion",
          "type": null,
          "probability": 1,
          "modifiers": [
            "private"
          ],
          "to_variable": {
            "key": "_fBlkkKcGEDudXP3ZaRNYNw",
            "name": "organizacion",
            "type": null,
            "modifiers": [
              "private"
            ],
            "position": {}
          },
          "position": {}
        },
        "__EJ1csTXEe2rYP8-S09m2Q": {
          "key": "__EJ1csTXEe2rYP8-S09m2Q",
          "name": "codigoActividad",
          "type": null,
          "probability": 1,
          "modifiers": [
            "private"
          ],
          "to_variable": {
            "key": "__EJ1fMTXEe2rYP8-S09m2Q",
            "name": "codigoActividad",
            "type": null,
            "modifiers": [
              "private"
            ],
            "position": {}
          },
          "position": {}
        },
        "__EJ1c8TXEe2rYP8-S09m2Q": {
          "key": "__EJ1c8TXEe2rYP8-S09m2Q",
          "name": "actividad",
          "type": null,
          "probability": 1,
          "modifiers": [
            "private"
          ],
          "to_variable": {
            "key": "__EJ1fcTXEe2rYP8-S09m2Q",
            "name": "actividad",
            "type": null,
            "modifiers": [
              "private"
            ],
            "position": {}
          },
          "position": {}
        },
        "__EJ1dcTXEe2rYP8-S09m2Q": {
          "key": "__EJ1dcTXEe2rYP8-S09m2Q",
          "name": "fecha",
          "type": null,
          "probability": 1,
          "modifiers": [
            "private"
          ],
          "to_variable": {
            "key": "__EJ1fsTXEe2rYP8-S09m2Q",
            "name": "fecha",
            "type": null,
            "modifiers": [
              "private"
            ],
            "position": {}
          },
          "position": {}
        },
        "__EJ1ecTXEe2rYP8-S09m2Q": {
          "key": "__EJ1ecTXEe2rYP8-S09m2Q",
          "name": "descripcion",
          "type": null,
          "probability": 1,
          "modifiers": [
            "private"
          ],
          "to_variable": {
            "key": "__EJ1f8TXEe2rYP8-S09m2Q",
            "name": "descripcion",
            "type": null,
            "modifiers": [
              "private"
            ],
            "position": {}
          },
          "position": {}
        }
      }
    },
    "fields_to_fields_data_clump-./BeneficioColectivo-__EJ1e8TXEe2rYP8-S09m2Q-__EJ1ccTXEe2rYP8-S09m2Q-organizacioncodigoActividadactividadfechadescripcion": {
      "type": "data_clump",
      "key": "fields_to_fields_data_clump-./BeneficioColectivo-__EJ1e8TXEe2rYP8-S09m2Q-__EJ1ccTXEe2rYP8-S09m2Q-organizacioncodigoActividadactividadfechadescripcion",
      "probability": 1,
      "from_file_path": "./BeneficioColectivo",
      "from_class_or_interface_name": "BeneficioColectivo",
      "from_class_or_interface_key": "__EJ1e8TXEe2rYP8-S09m2Q",
      "from_method_name": null,
      "from_method_key": null,
      "to_file_path": "./ActividadColectiva",
      "to_class_or_interface_key": "__EJ1ccTXEe2rYP8-S09m2Q",
      "to_class_or_interface_name": "BeneficioColectivo",
      "to_method_key": null,
      "to_method_name": null,
      "data_clump_type": "fields_to_fields_data_clump",
      "data_clump_data": {
        "_fBlkkKcGEDudXP3ZaRNYNw": {
          "key": "_fBlkkKcGEDudXP3ZaRNYNw",
          "name": "organizacion",
          "type": null,
          "probability": 1,
          "modifiers": [
            "private"
          ],
          "to_variable": {
            "key": "_ZG5u0KcGEDudXP3ZaRNYNw",
            "name": "organizacion",
            "type": null,
            "modifiers": [
              "private"
            ],
            "position": {}
          },
          "position": {}
        },
        "__EJ1fMTXEe2rYP8-S09m2Q": {
          "key": "__EJ1fMTXEe2rYP8-S09m2Q",
          "name": "codigoActividad",
          "type": null,
          "probability": 1,
          "modifiers": [
            "private"
          ],
          "to_variable": {
            "key": "__EJ1csTXEe2rYP8-S09m2Q",
            "name": "codigoActividad",
            "type": null,
            "modifiers": [
              "private"
            ],
            "position": {}
          },
          "position": {}
        },
        "__EJ1fcTXEe2rYP8-S09m2Q": {
          "key": "__EJ1fcTXEe2rYP8-S09m2Q",
          "name": "actividad",
          "type": null,
          "probability": 1,
          "modifiers": [
            "private"
          ],
          "to_variable": {
            "key": "__EJ1c8TXEe2rYP8-S09m2Q",
            "name": "actividad",
            "type": null,
            "modifiers": [
              "private"
            ],
            "position": {}
          },
          "position": {}
        },
        "__EJ1fsTXEe2rYP8-S09m2Q": {
          "key": "__EJ1fsTXEe2rYP8-S09m2Q",
          "name": "fecha",
          "type": null,
          "probability": 1,
          "modifiers": [
            "private"
          ],
          "to_variable": {
            "key": "__EJ1dcTXEe2rYP8-S09m2Q",
            "name": "fecha",
            "type": null,
            "modifiers": [
              "private"
            ],
            "position": {}
          },
          "position": {}
        },
        "__EJ1f8TXEe2rYP8-S09m2Q": {
          "key": "__EJ1f8TXEe2rYP8-S09m2Q",
          "name": "descripcion",
          "type": null,
          "probability": 1,
          "modifiers": [
            "private"
          ],
          "to_variable": {
            "key": "__EJ1ecTXEe2rYP8-S09m2Q",
            "name": "descripcion",
            "type": null,
            "modifiers": [
              "private"
            ],
            "position": {}
          },
          "position": {}
        }
      }
    }
  }
}