{
  "report_version": "unknown",
  "report_timestamp": "2025-03-26T22:43:52.045Z",
  "target_language": "java",
  "report_summary": {
    "additional": null,
    "amount_classes_or_interfaces_with_data_clumps": 5,
    "amount_files_with_data_clumps": 5,
    "amount_methods_with_data_clumps": 0,
    "fields_to_fields_data_clump": 20,
    "parameters_to_fields_data_clump": 0,
    "parameters_to_parameters_data_clump": 0,
    "amount_data_clumps": 20
  },
  "project_info": {
    "project_url": "unknown_project_url",
    "project_name": "_ECFhELueEeiBfp11hItRuw",
    "project_version": "unknown_project_version",
    "project_commit_hash": "unknown",
    "project_tag": null,
    "project_commit_date": null,
    "additional": {},
    "number_of_files": 10,
    "number_of_classes_or_interfaces": 10,
    "number_of_methods": 0,
    "number_of_data_fields": 15,
    "number_of_method_parameters": 0
  },
  "detector": {
    "name": "data-clumps-doctor",
    "url": "https://github.com/NilsBaumgartner1994/data-clumps-doctor",
    "version": "0.1.100",
    "options": {
      "typeVariablesConsidered": false,
      "similarityModifierOfVariablesWithUnknownType": 0,
      "fieldsOfClassesWithUnknownHierarchyProbabilityModifier": 0,
      "sharedFieldsToFieldsAmountMinimum": 3,
      "analyseFieldsInClassesOrInterfacesInheritedFromSuperClassesOrInterfaces": false,
      "sharedParametersToParametersAmountMinimum": 3,
      "sharedParametersToFieldsAmountMinimum": 3,
      "methodsOfClassesOrInterfacesWithUnknownHierarchyProbabilityModifier": 0
    }
  },
  "data_clumps": {
    "fields_to_fields_data_clump-./AtributosExtraRec-_yrCiIJ3PEDa28sgfeNO6BA-_2Hok0J3PEDa28sgfeNO6BA-nombretipovalor": {
      "type": "data_clump",
      "key": "fields_to_fields_data_clump-./AtributosExtraRec-_yrCiIJ3PEDa28sgfeNO6BA-_2Hok0J3PEDa28sgfeNO6BA-nombretipovalor",
      "probability": 1,
      "from_file_path": "./AtributosExtraRec",
      "from_class_or_interface_name": "AtributosExtraRec",
      "from_class_or_interface_key": "_yrCiIJ3PEDa28sgfeNO6BA",
      "from_method_name": null,
      "from_method_key": null,
      "to_file_path": "./AtributosFactura",
      "to_class_or_interface_key": "_2Hok0J3PEDa28sgfeNO6BA",
      "to_class_or_interface_name": "AtributosExtraRec",
      "to_method_key": null,
      "to_method_name": null,
      "data_clump_type": "fields_to_fields_data_clump",
      "data_clump_data": {
        "_yrCiIZ3PEDa28sgfeNO6BA": {
          "key": "_yrCiIZ3PEDa28sgfeNO6BA",
          "name": "nombre",
          "type": null,
          "probability": 1,
          "modifiers": [],
          "to_variable": {
            "key": "_2Hok0Z3PEDa28sgfeNO6BA",
            "name": "nombre",
            "type": null,
            "modifiers": [],
            "position": {}
          },
          "position": {}
        },
        "_yrDJMJ3PEDa28sgfeNO6BA": {
          "key": "_yrDJMJ3PEDa28sgfeNO6BA",
          "name": "tipo",
          "type": null,
          "probability": 1,
          "modifiers": [],
          "to_variable": {
            "key": "_2Hok0p3PEDa28sgfeNO6BA",
            "name": "tipo",
            "type": null,
            "modifiers": [],
            "position": {}
          },
          "position": {}
        },
        "_yrDJMZ3PEDa28sgfeNO6BA": {
          "key": "_yrDJMZ3PEDa28sgfeNO6BA",
          "name": "valor",
          "type": null,
          "probability": 1,
          "modifiers": [],
          "to_variable": {
            "key": "_2HpL4J3PEDa28sgfeNO6BA",
            "name": "valor",
            "type": null,
            "modifiers": [],
            "position": {}
          },
          "position": {}
        }
      }
    },
    "fields_to_fields_data_clump-./AtributosExtraRec-_yrCiIJ3PEDa28sgfeNO6BA-_r54-cJ3PEDa28sgfeNO6BA-nombretipovalor": {
      "type": "data_clump",
      "key": "fields_to_fields_data_clump-./AtributosExtraRec-_yrCiIJ3PEDa28sgfeNO6BA-_r54-cJ3PEDa28sgfeNO6BA-nombretipovalor",
      "probability": 1,
      "from_file_path": "./AtributosExtraRec",
      "from_class_or_interface_name": "AtributosExtraRec",
      "from_class_or_interface_key": "_yrCiIJ3PEDa28sgfeNO6BA",
      "from_method_name": null,
      "from_method_key": null,
      "to_file_path": "./AtributosRecurso",
      "to_class_or_interface_key": "_r54-cJ3PEDa28sgfeNO6BA",
      "to_class_or_interface_name": "AtributosExtraRec",
      "to_method_key": null,
      "to_method_name": null,
      "data_clump_type": "fields_to_fields_data_clump",
      "data_clump_data": {
        "_yrCiIZ3PEDa28sgfeNO6BA": {
          "key": "_yrCiIZ3PEDa28sgfeNO6BA",
          "name": "nombre",
          "type": null,
          "probability": 1,
          "modifiers": [],
          "to_variable": {
            "key": "_r54-cZ3PEDa28sgfeNO6BA",
            "name": "nombre",
            "type": null,
            "modifiers": [],
            "position": {}
          },
          "position": {}
        },
        "_yrDJMJ3PEDa28sgfeNO6BA": {
          "key": "_yrDJMJ3PEDa28sgfeNO6BA",
          "name": "tipo",
          "type": null,
          "probability": 1,
          "modifiers": [],
          "to_variable": {
            "key": "_r54-cp3PEDa28sgfeNO6BA",
            "name": "tipo",
            "type": null,
            "modifiers": [],
            "position": {}
          },
          "position": {}
        },
        "_yrDJMZ3PEDa28sgfeNO6BA": {
          "key": "_yrDJMZ3PEDa28sgfeNO6BA",
          "name": "valor",
          "type": null,
          "probability": 1,
          "modifiers": [],
          "to_variable": {
            "key": "_r54-c53PEDa28sgfeNO6BA",
            "name": "valor",
            "type": null,
            "modifiers": [],
            "position": {}
          },
          "position": {}
        }
      }
    },
    "fields_to_fields_data_clump-./AtributosExtraRec-_yrCiIJ3PEDa28sgfeNO6BA-_dL6HEJ3PEDa28sgfeNO6BA-nombretipovalor": {
      "type": "data_clump",
      "key": "fields_to_fields_data_clump-./AtributosExtraRec-_yrCiIJ3PEDa28sgfeNO6BA-_dL6HEJ3PEDa28sgfeNO6BA-nombretipovalor",
      "probability": 1,
      "from_file_path": "./AtributosExtraRec",
      "from_class_or_interface_name": "AtributosExtraRec",
      "from_class_or_interface_key": "_yrCiIJ3PEDa28sgfeNO6BA",
      "from_method_name": null,
      "from_method_key": null,
      "to_file_path": "./AtributosReserva",
      "to_class_or_interface_key": "_dL6HEJ3PEDa28sgfeNO6BA",
      "to_class_or_interface_name": "AtributosExtraRec",
      "to_method_key": null,
      "to_method_name": null,
      "data_clump_type": "fields_to_fields_data_clump",
      "data_clump_data": {
        "_yrCiIZ3PEDa28sgfeNO6BA": {
          "key": "_yrCiIZ3PEDa28sgfeNO6BA",
          "name": "nombre",
          "type": null,
          "probability": 1,
          "modifiers": [],
          "to_variable": {
            "key": "_eXgXgZ3PEDa28sgfeNO6BA",
            "name": "nombre",
            "type": null,
            "modifiers": [],
            "position": {}
          },
          "position": {}
        },
        "_yrDJMJ3PEDa28sgfeNO6BA": {
          "key": "_yrDJMJ3PEDa28sgfeNO6BA",
          "name": "tipo",
          "type": null,
          "probability": 1,
          "modifiers": [],
          "to_variable": {
            "key": "_friLMZ3PEDa28sgfeNO6BA",
            "name": "tipo",
            "type": null,
            "modifiers": [],
            "position": {}
          },
          "position": {}
        },
        "_yrDJMZ3PEDa28sgfeNO6BA": {
          "key": "_yrDJMZ3PEDa28sgfeNO6BA",
          "name": "valor",
          "type": null,
          "probability": 1,
          "modifiers": [],
          "to_variable": {
            "key": "_hIFBsJ3PEDa28sgfeNO6BA",
            "name": "valor",
            "type": null,
            "modifiers": [],
            "position": {}
          },
          "position": {}
        }
      }
    },
    "fields_to_fields_data_clump-./AtributosExtraRec-_yrCiIJ3PEDa28sgfeNO6BA-_p1L7wJ3PEDa28sgfeNO6BA-nombretipovalor": {
      "type": "data_clump",
      "key": "fields_to_fields_data_clump-./AtributosExtraRec-_yrCiIJ3PEDa28sgfeNO6BA-_p1L7wJ3PEDa28sgfeNO6BA-nombretipovalor",
      "probability": 1,
      "from_file_path": "./AtributosExtraRec",
      "from_class_or_interface_name": "AtributosExtraRec",
      "from_class_or_interface_key": "_yrCiIJ3PEDa28sgfeNO6BA",
      "from_method_name": null,
      "from_method_key": null,
      "to_file_path": "./AtributosUsuario",
      "to_class_or_interface_key": "_p1L7wJ3PEDa28sgfeNO6BA",
      "to_class_or_interface_name": "AtributosExtraRec",
      "to_method_key": null,
      "to_method_name": null,
      "data_clump_type": "fields_to_fields_data_clump",
      "data_clump_data": {
        "_yrCiIZ3PEDa28sgfeNO6BA": {
          "key": "_yrCiIZ3PEDa28sgfeNO6BA",
          "name": "nombre",
          "type": null,
          "probability": 1,
          "modifiers": [],
          "to_variable": {
            "key": "_p1L7wZ3PEDa28sgfeNO6BA",
            "name": "nombre",
            "type": null,
            "modifiers": [],
            "position": {}
          },
          "position": {}
        },
        "_yrDJMJ3PEDa28sgfeNO6BA": {
          "key": "_yrDJMJ3PEDa28sgfeNO6BA",
          "name": "tipo",
          "type": null,
          "probability": 1,
          "modifiers": [],
          "to_variable": {
            "key": "_p1Mi0J3PEDa28sgfeNO6BA",
            "name": "tipo",
            "type": null,
            "modifiers": [],
            "position": {}
          },
          "position": {}
        },
        "_yrDJMZ3PEDa28sgfeNO6BA": {
          "key": "_yrDJMZ3PEDa28sgfeNO6BA",
          "name": "valor",
          "type": null,
          "probability": 1,
          "modifiers": [],
          "to_variable": {
            "key": "_p1Mi0Z3PEDa28sgfeNO6BA",
            "name": "valor",
            "type": null,
            "modifiers": [],
            "position": {}
          },
          "position": {}
        }
      }
    },
    "fields_to_fields_data_clump-./AtributosFactura-_2Hok0J3PEDa28sgfeNO6BA-_yrCiIJ3PEDa28sgfeNO6BA-nombretipovalor": {
      "type": "data_clump",
      "key": "fields_to_fields_data_clump-./AtributosFactura-_2Hok0J3PEDa28sgfeNO6BA-_yrCiIJ3PEDa28sgfeNO6BA-nombretipovalor",
      "probability": 1,
      "from_file_path": "./AtributosFactura",
      "from_class_or_interface_name": "AtributosFactura",
      "from_class_or_interface_key": "_2Hok0J3PEDa28sgfeNO6BA",
      "from_method_name": null,
      "from_method_key": null,
      "to_file_path": "./AtributosExtraRec",
      "to_class_or_interface_key": "_yrCiIJ3PEDa28sgfeNO6BA",
      "to_class_or_interface_name": "AtributosFactura",
      "to_method_key": null,
      "to_method_name": null,
      "data_clump_type": "fields_to_fields_data_clump",
      "data_clump_data": {
        "_2Hok0Z3PEDa28sgfeNO6BA": {
          "key": "_2Hok0Z3PEDa28sgfeNO6BA",
          "name": "nombre",
          "type": null,
          "probability": 1,
          "modifiers": [],
          "to_variable": {
            "key": "_yrCiIZ3PEDa28sgfeNO6BA",
            "name": "nombre",
            "type": null,
            "modifiers": [],
            "position": {}
          },
          "position": {}
        },
        "_2Hok0p3PEDa28sgfeNO6BA": {
          "key": "_2Hok0p3PEDa28sgfeNO6BA",
          "name": "tipo",
          "type": null,
          "probability": 1,
          "modifiers": [],
          "to_variable": {
            "key": "_yrDJMJ3PEDa28sgfeNO6BA",
            "name": "tipo",
            "type": null,
            "modifiers": [],
            "position": {}
          },
          "position": {}
        },
        "_2HpL4J3PEDa28sgfeNO6BA": {
          "key": "_2HpL4J3PEDa28sgfeNO6BA",
          "name": "valor",
          "type": null,
          "probability": 1,
          "modifiers": [],
          "to_variable": {
            "key": "_yrDJMZ3PEDa28sgfeNO6BA",
            "name": "valor",
            "type": null,
            "modifiers": [],
            "position": {}
          },
          "position": {}
        }
      }
    },
    "fields_to_fields_data_clump-./AtributosFactura-_2Hok0J3PEDa28sgfeNO6BA-_r54-cJ3PEDa28sgfeNO6BA-nombretipovalor": {
      "type": "data_clump",
      "key": "fields_to_fields_data_clump-./AtributosFactura-_2Hok0J3PEDa28sgfeNO6BA-_r54-cJ3PEDa28sgfeNO6BA-nombretipovalor",
      "probability": 1,
      "from_file_path": "./AtributosFactura",
      "from_class_or_interface_name": "AtributosFactura",
      "from_class_or_interface_key": "_2Hok0J3PEDa28sgfeNO6BA",
      "from_method_name": null,
      "from_method_key": null,
      "to_file_path": "./AtributosRecurso",
      "to_class_or_interface_key": "_r54-cJ3PEDa28sgfeNO6BA",
      "to_class_or_interface_name": "AtributosFactura",
      "to_method_key": null,
      "to_method_name": null,
      "data_clump_type": "fields_to_fields_data_clump",
      "data_clump_data": {
        "_2Hok0Z3PEDa28sgfeNO6BA": {
          "key": "_2Hok0Z3PEDa28sgfeNO6BA",
          "name": "nombre",
          "type": null,
          "probability": 1,
          "modifiers": [],
          "to_variable": {
            "key": "_r54-cZ3PEDa28sgfeNO6BA",
            "name": "nombre",
            "type": null,
            "modifiers": [],
            "position": {}
          },
          "position": {}
        },
        "_2Hok0p3PEDa28sgfeNO6BA": {
          "key": "_2Hok0p3PEDa28sgfeNO6BA",
          "name": "tipo",
          "type": null,
          "probability": 1,
          "modifiers": [],
          "to_variable": {
            "key": "_r54-cp3PEDa28sgfeNO6BA",
            "name": "tipo",
            "type": null,
            "modifiers": [],
            "position": {}
          },
          "position": {}
        },
        "_2HpL4J3PEDa28sgfeNO6BA": {
          "key": "_2HpL4J3PEDa28sgfeNO6BA",
          "name": "valor",
          "type": null,
          "probability": 1,
          "modifiers": [],
          "to_variable": {
            "key": "_r54-c53PEDa28sgfeNO6BA",
            "name": "valor",
            "type": null,
            "modifiers": [],
            "position": {}
          },
          "position": {}
        }
      }
    },
    "fields_to_fields_data_clump-./AtributosFactura-_2Hok0J3PEDa28sgfeNO6BA-_dL6HEJ3PEDa28sgfeNO6BA-nombretipovalor": {
      "type": "data_clump",
      "key": "fields_to_fields_data_clump-./AtributosFactura-_2Hok0J3PEDa28sgfeNO6BA-_dL6HEJ3PEDa28sgfeNO6BA-nombretipovalor",
      "probability": 1,
      "from_file_path": "./AtributosFactura",
      "from_class_or_interface_name": "AtributosFactura",
      "from_class_or_interface_key": "_2Hok0J3PEDa28sgfeNO6BA",
      "from_method_name": null,
      "from_method_key": null,
      "to_file_path": "./AtributosReserva",
      "to_class_or_interface_key": "_dL6HEJ3PEDa28sgfeNO6BA",
      "to_class_or_interface_name": "AtributosFactura",
      "to_method_key": null,
      "to_method_name": null,
      "data_clump_type": "fields_to_fields_data_clump",
      "data_clump_data": {
        "_2Hok0Z3PEDa28sgfeNO6BA": {
          "key": "_2Hok0Z3PEDa28sgfeNO6BA",
          "name": "nombre",
          "type": null,
          "probability": 1,
          "modifiers": [],
          "to_variable": {
            "key": "_eXgXgZ3PEDa28sgfeNO6BA",
            "name": "nombre",
            "type": null,
            "modifiers": [],
            "position": {}
          },
          "position": {}
        },
        "_2Hok0p3PEDa28sgfeNO6BA": {
          "key": "_2Hok0p3PEDa28sgfeNO6BA",
          "name": "tipo",
          "type": null,
          "probability": 1,
          "modifiers": [],
          "to_variable": {
            "key": "_friLMZ3PEDa28sgfeNO6BA",
            "name": "tipo",
            "type": null,
            "modifiers": [],
            "position": {}
          },
          "position": {}
        },
        "_2HpL4J3PEDa28sgfeNO6BA": {
          "key": "_2HpL4J3PEDa28sgfeNO6BA",
          "name": "valor",
          "type": null,
          "probability": 1,
          "modifiers": [],
          "to_variable": {
            "key": "_hIFBsJ3PEDa28sgfeNO6BA",
            "name": "valor",
            "type": null,
            "modifiers": [],
            "position": {}
          },
          "position": {}
        }
      }
    },
    "fields_to_fields_data_clump-./AtributosFactura-_2Hok0J3PEDa28sgfeNO6BA-_p1L7wJ3PEDa28sgfeNO6BA-nombretipovalor": {
      "type": "data_clump",
      "key": "fields_to_fields_data_clump-./AtributosFactura-_2Hok0J3PEDa28sgfeNO6BA-_p1L7wJ3PEDa28sgfeNO6BA-nombretipovalor",
      "probability": 1,
      "from_file_path": "./AtributosFactura",
      "from_class_or_interface_name": "AtributosFactura",
      "from_class_or_interface_key": "_2Hok0J3PEDa28sgfeNO6BA",
      "from_method_name": null,
      "from_method_key": null,
      "to_file_path": "./AtributosUsuario",
      "to_class_or_interface_key": "_p1L7wJ3PEDa28sgfeNO6BA",
      "to_class_or_interface_name": "AtributosFactura",
      "to_method_key": null,
      "to_method_name": null,
      "data_clump_type": "fields_to_fields_data_clump",
      "data_clump_data": {
        "_2Hok0Z3PEDa28sgfeNO6BA": {
          "key": "_2Hok0Z3PEDa28sgfeNO6BA",
          "name": "nombre",
          "type": null,
          "probability": 1,
          "modifiers": [],
          "to_variable": {
            "key": "_p1L7wZ3PEDa28sgfeNO6BA",
            "name": "nombre",
            "type": null,
            "modifiers": [],
            "position": {}
          },
          "position": {}
        },
        "_2Hok0p3PEDa28sgfeNO6BA": {
          "key": "_2Hok0p3PEDa28sgfeNO6BA",
          "name": "tipo",
          "type": null,
          "probability": 1,
          "modifiers": [],
          "to_variable": {
            "key": "_p1Mi0J3PEDa28sgfeNO6BA",
            "name": "tipo",
            "type": null,
            "modifiers": [],
            "position": {}
          },
          "position": {}
        },
        "_2HpL4J3PEDa28sgfeNO6BA": {
          "key": "_2HpL4J3PEDa28sgfeNO6BA",
          "name": "valor",
          "type": null,
          "probability": 1,
          "modifiers": [],
          "to_variable": {
            "key": "_p1Mi0Z3PEDa28sgfeNO6BA",
            "name": "valor",
            "type": null,
            "modifiers": [],
            "position": {}
          },
          "position": {}
        }
      }
    },
    "fields_to_fields_data_clump-./AtributosRecurso-_r54-cJ3PEDa28sgfeNO6BA-_yrCiIJ3PEDa28sgfeNO6BA-nombretipovalor": {
      "type": "data_clump",
      "key": "fields_to_fields_data_clump-./AtributosRecurso-_r54-cJ3PEDa28sgfeNO6BA-_yrCiIJ3PEDa28sgfeNO6BA-nombretipovalor",
      "probability": 1,
      "from_file_path": "./AtributosRecurso",
      "from_class_or_interface_name": "AtributosRecurso",
      "from_class_or_interface_key": "_r54-cJ3PEDa28sgfeNO6BA",
      "from_method_name": null,
      "from_method_key": null,
      "to_file_path": "./AtributosExtraRec",
      "to_class_or_interface_key": "_yrCiIJ3PEDa28sgfeNO6BA",
      "to_class_or_interface_name": "AtributosRecurso",
      "to_method_key": null,
      "to_method_name": null,
      "data_clump_type": "fields_to_fields_data_clump",
      "data_clump_data": {
        "_r54-cZ3PEDa28sgfeNO6BA": {
          "key": "_r54-cZ3PEDa28sgfeNO6BA",
          "name": "nombre",
          "type": null,
          "probability": 1,
          "modifiers": [],
          "to_variable": {
            "key": "_yrCiIZ3PEDa28sgfeNO6BA",
            "name": "nombre",
            "type": null,
            "modifiers": [],
            "position": {}
          },
          "position": {}
        },
        "_r54-cp3PEDa28sgfeNO6BA": {
          "key": "_r54-cp3PEDa28sgfeNO6BA",
          "name": "tipo",
          "type": null,
          "probability": 1,
          "modifiers": [],
          "to_variable": {
            "key": "_yrDJMJ3PEDa28sgfeNO6BA",
            "name": "tipo",
            "type": null,
            "modifiers": [],
            "position": {}
          },
          "position": {}
        },
        "_r54-c53PEDa28sgfeNO6BA": {
          "key": "_r54-c53PEDa28sgfeNO6BA",
          "name": "valor",
          "type": null,
          "probability": 1,
          "modifiers": [],
          "to_variable": {
            "key": "_yrDJMZ3PEDa28sgfeNO6BA",
            "name": "valor",
            "type": null,
            "modifiers": [],
            "position": {}
          },
          "position": {}
        }
      }
    },
    "fields_to_fields_data_clump-./AtributosRecurso-_r54-cJ3PEDa28sgfeNO6BA-_2Hok0J3PEDa28sgfeNO6BA-nombretipovalor": {
      "type": "data_clump",
      "key": "fields_to_fields_data_clump-./AtributosRecurso-_r54-cJ3PEDa28sgfeNO6BA-_2Hok0J3PEDa28sgfeNO6BA-nombretipovalor",
      "probability": 1,
      "from_file_path": "./AtributosRecurso",
      "from_class_or_interface_name": "AtributosRecurso",
      "from_class_or_interface_key": "_r54-cJ3PEDa28sgfeNO6BA",
      "from_method_name": null,
      "from_method_key": null,
      "to_file_path": "./AtributosFactura",
      "to_class_or_interface_key": "_2Hok0J3PEDa28sgfeNO6BA",
      "to_class_or_interface_name": "AtributosRecurso",
      "to_method_key": null,
      "to_method_name": null,
      "data_clump_type": "fields_to_fields_data_clump",
      "data_clump_data": {
        "_r54-cZ3PEDa28sgfeNO6BA": {
          "key": "_r54-cZ3PEDa28sgfeNO6BA",
          "name": "nombre",
          "type": null,
          "probability": 1,
          "modifiers": [],
          "to_variable": {
            "key": "_2Hok0Z3PEDa28sgfeNO6BA",
            "name": "nombre",
            "type": null,
            "modifiers": [],
            "position": {}
          },
          "position": {}
        },
        "_r54-cp3PEDa28sgfeNO6BA": {
          "key": "_r54-cp3PEDa28sgfeNO6BA",
          "name": "tipo",
          "type": null,
          "probability": 1,
          "modifiers": [],
          "to_variable": {
            "key": "_2Hok0p3PEDa28sgfeNO6BA",
            "name": "tipo",
            "type": null,
            "modifiers": [],
            "position": {}
          },
          "position": {}
        },
        "_r54-c53PEDa28sgfeNO6BA": {
          "key": "_r54-c53PEDa28sgfeNO6BA",
          "name": "valor",
          "type": null,
          "probability": 1,
          "modifiers": [],
          "to_variable": {
            "key": "_2HpL4J3PEDa28sgfeNO6BA",
            "name": "valor",
            "type": null,
            "modifiers": [],
            "position": {}
          },
          "position": {}
        }
      }
    },
    "fields_to_fields_data_clump-./AtributosRecurso-_r54-cJ3PEDa28sgfeNO6BA-_dL6HEJ3PEDa28sgfeNO6BA-nombretipovalor": {
      "type": "data_clump",
      "key": "fields_to_fields_data_clump-./AtributosRecurso-_r54-cJ3PEDa28sgfeNO6BA-_dL6HEJ3PEDa28sgfeNO6BA-nombretipovalor",
      "probability": 1,
      "from_file_path": "./AtributosRecurso",
      "from_class_or_interface_name": "AtributosRecurso",
      "from_class_or_interface_key": "_r54-cJ3PEDa28sgfeNO6BA",
      "from_method_name": null,
      "from_method_key": null,
      "to_file_path": "./AtributosReserva",
      "to_class_or_interface_key": "_dL6HEJ3PEDa28sgfeNO6BA",
      "to_class_or_interface_name": "AtributosRecurso",
      "to_method_key": null,
      "to_method_name": null,
      "data_clump_type": "fields_to_fields_data_clump",
      "data_clump_data": {
        "_r54-cZ3PEDa28sgfeNO6BA": {
          "key": "_r54-cZ3PEDa28sgfeNO6BA",
          "name": "nombre",
          "type": null,
          "probability": 1,
          "modifiers": [],
          "to_variable": {
            "key": "_eXgXgZ3PEDa28sgfeNO6BA",
            "name": "nombre",
            "type": null,
            "modifiers": [],
            "position": {}
          },
          "position": {}
        },
        "_r54-cp3PEDa28sgfeNO6BA": {
          "key": "_r54-cp3PEDa28sgfeNO6BA",
          "name": "tipo",
          "type": null,
          "probability": 1,
          "modifiers": [],
          "to_variable": {
            "key": "_friLMZ3PEDa28sgfeNO6BA",
            "name": "tipo",
            "type": null,
            "modifiers": [],
            "position": {}
          },
          "position": {}
        },
        "_r54-c53PEDa28sgfeNO6BA": {
          "key": "_r54-c53PEDa28sgfeNO6BA",
          "name": "valor",
          "type": null,
          "probability": 1,
          "modifiers": [],
          "to_variable": {
            "key": "_hIFBsJ3PEDa28sgfeNO6BA",
            "name": "valor",
            "type": null,
            "modifiers": [],
            "position": {}
          },
          "position": {}
        }
      }
    },
    "fields_to_fields_data_clump-./AtributosRecurso-_r54-cJ3PEDa28sgfeNO6BA-_p1L7wJ3PEDa28sgfeNO6BA-nombretipovalor": {
      "type": "data_clump",
      "key": "fields_to_fields_data_clump-./AtributosRecurso-_r54-cJ3PEDa28sgfeNO6BA-_p1L7wJ3PEDa28sgfeNO6BA-nombretipovalor",
      "probability": 1,
      "from_file_path": "./AtributosRecurso",
      "from_class_or_interface_name": "AtributosRecurso",
      "from_class_or_interface_key": "_r54-cJ3PEDa28sgfeNO6BA",
      "from_method_name": null,
      "from_method_key": null,
      "to_file_path": "./AtributosUsuario",
      "to_class_or_interface_key": "_p1L7wJ3PEDa28sgfeNO6BA",
      "to_class_or_interface_name": "AtributosRecurso",
      "to_method_key": null,
      "to_method_name": null,
      "data_clump_type": "fields_to_fields_data_clump",
      "data_clump_data": {
        "_r54-cZ3PEDa28sgfeNO6BA": {
          "key": "_r54-cZ3PEDa28sgfeNO6BA",
          "name": "nombre",
          "type": null,
          "probability": 1,
          "modifiers": [],
          "to_variable": {
            "key": "_p1L7wZ3PEDa28sgfeNO6BA",
            "name": "nombre",
            "type": null,
            "modifiers": [],
            "position": {}
          },
          "position": {}
        },
        "_r54-cp3PEDa28sgfeNO6BA": {
          "key": "_r54-cp3PEDa28sgfeNO6BA",
          "name": "tipo",
          "type": null,
          "probability": 1,
          "modifiers": [],
          "to_variable": {
            "key": "_p1Mi0J3PEDa28sgfeNO6BA",
            "name": "tipo",
            "type": null,
            "modifiers": [],
            "position": {}
          },
          "position": {}
        },
        "_r54-c53PEDa28sgfeNO6BA": {
          "key": "_r54-c53PEDa28sgfeNO6BA",
          "name": "valor",
          "type": null,
          "probability": 1,
          "modifiers": [],
          "to_variable": {
            "key": "_p1Mi0Z3PEDa28sgfeNO6BA",
            "name": "valor",
            "type": null,
            "modifiers": [],
            "position": {}
          },
          "position": {}
        }
      }
    },
    "fields_to_fields_data_clump-./AtributosReserva-_dL6HEJ3PEDa28sgfeNO6BA-_yrCiIJ3PEDa28sgfeNO6BA-nombretipovalor": {
      "type": "data_clump",
      "key": "fields_to_fields_data_clump-./AtributosReserva-_dL6HEJ3PEDa28sgfeNO6BA-_yrCiIJ3PEDa28sgfeNO6BA-nombretipovalor",
      "probability": 1,
      "from_file_path": "./AtributosReserva",
      "from_class_or_interface_name": "AtributosReserva",
      "from_class_or_interface_key": "_dL6HEJ3PEDa28sgfeNO6BA",
      "from_method_name": null,
      "from_method_key": null,
      "to_file_path": "./AtributosExtraRec",
      "to_class_or_interface_key": "_yrCiIJ3PEDa28sgfeNO6BA",
      "to_class_or_interface_name": "AtributosReserva",
      "to_method_key": null,
      "to_method_name": null,
      "data_clump_type": "fields_to_fields_data_clump",
      "data_clump_data": {
        "_eXgXgZ3PEDa28sgfeNO6BA": {
          "key": "_eXgXgZ3PEDa28sgfeNO6BA",
          "name": "nombre",
          "type": null,
          "probability": 1,
          "modifiers": [],
          "to_variable": {
            "key": "_yrCiIZ3PEDa28sgfeNO6BA",
            "name": "nombre",
            "type": null,
            "modifiers": [],
            "position": {}
          },
          "position": {}
        },
        "_friLMZ3PEDa28sgfeNO6BA": {
          "key": "_friLMZ3PEDa28sgfeNO6BA",
          "name": "tipo",
          "type": null,
          "probability": 1,
          "modifiers": [],
          "to_variable": {
            "key": "_yrDJMJ3PEDa28sgfeNO6BA",
            "name": "tipo",
            "type": null,
            "modifiers": [],
            "position": {}
          },
          "position": {}
        },
        "_hIFBsJ3PEDa28sgfeNO6BA": {
          "key": "_hIFBsJ3PEDa28sgfeNO6BA",
          "name": "valor",
          "type": null,
          "probability": 1,
          "modifiers": [],
          "to_variable": {
            "key": "_yrDJMZ3PEDa28sgfeNO6BA",
            "name": "valor",
            "type": null,
            "modifiers": [],
            "position": {}
          },
          "position": {}
        }
      }
    },
    "fields_to_fields_data_clump-./AtributosReserva-_dL6HEJ3PEDa28sgfeNO6BA-_2Hok0J3PEDa28sgfeNO6BA-nombretipovalor": {
      "type": "data_clump",
      "key": "fields_to_fields_data_clump-./AtributosReserva-_dL6HEJ3PEDa28sgfeNO6BA-_2Hok0J3PEDa28sgfeNO6BA-nombretipovalor",
      "probability": 1,
      "from_file_path": "./AtributosReserva",
      "from_class_or_interface_name": "AtributosReserva",
      "from_class_or_interface_key": "_dL6HEJ3PEDa28sgfeNO6BA",
      "from_method_name": null,
      "from_method_key": null,
      "to_file_path": "./AtributosFactura",
      "to_class_or_interface_key": "_2Hok0J3PEDa28sgfeNO6BA",
      "to_class_or_interface_name": "AtributosReserva",
      "to_method_key": null,
      "to_method_name": null,
      "data_clump_type": "fields_to_fields_data_clump",
      "data_clump_data": {
        "_eXgXgZ3PEDa28sgfeNO6BA": {
          "key": "_eXgXgZ3PEDa28sgfeNO6BA",
          "name": "nombre",
          "type": null,
          "probability": 1,
          "modifiers": [],
          "to_variable": {
            "key": "_2Hok0Z3PEDa28sgfeNO6BA",
            "name": "nombre",
            "type": null,
            "modifiers": [],
            "position": {}
          },
          "position": {}
        },
        "_friLMZ3PEDa28sgfeNO6BA": {
          "key": "_friLMZ3PEDa28sgfeNO6BA",
          "name": "tipo",
          "type": null,
          "probability": 1,
          "modifiers": [],
          "to_variable": {
            "key": "_2Hok0p3PEDa28sgfeNO6BA",
            "name": "tipo",
            "type": null,
            "modifiers": [],
            "position": {}
          },
          "position": {}
        },
        "_hIFBsJ3PEDa28sgfeNO6BA": {
          "key": "_hIFBsJ3PEDa28sgfeNO6BA",
          "name": "valor",
          "type": null,
          "probability": 1,
          "modifiers": [],
          "to_variable": {
            "key": "_2HpL4J3PEDa28sgfeNO6BA",
            "name": "valor",
            "type": null,
            "modifiers": [],
            "position": {}
          },
          "position": {}
        }
      }
    },
    "fields_to_fields_data_clump-./AtributosReserva-_dL6HEJ3PEDa28sgfeNO6BA-_r54-cJ3PEDa28sgfeNO6BA-nombretipovalor": {
      "type": "data_clump",
      "key": "fields_to_fields_data_clump-./AtributosReserva-_dL6HEJ3PEDa28sgfeNO6BA-_r54-cJ3PEDa28sgfeNO6BA-nombretipovalor",
      "probability": 1,
      "from_file_path": "./AtributosReserva",
      "from_class_or_interface_name": "AtributosReserva",
      "from_class_or_interface_key": "_dL6HEJ3PEDa28sgfeNO6BA",
      "from_method_name": null,
      "from_method_key": null,
      "to_file_path": "./AtributosRecurso",
      "to_class_or_interface_key": "_r54-cJ3PEDa28sgfeNO6BA",
      "to_class_or_interface_name": "AtributosReserva",
      "to_method_key": null,
      "to_method_name": null,
      "data_clump_type": "fields_to_fields_data_clump",
      "data_clump_data": {
        "_eXgXgZ3PEDa28sgfeNO6BA": {
          "key": "_eXgXgZ3PEDa28sgfeNO6BA",
          "name": "nombre",
          "type": null,
          "probability": 1,
          "modifiers": [],
          "to_variable": {
            "key": "_r54-cZ3PEDa28sgfeNO6BA",
            "name": "nombre",
            "type": null,
            "modifiers": [],
            "position": {}
          },
          "position": {}
        },
        "_friLMZ3PEDa28sgfeNO6BA": {
          "key": "_friLMZ3PEDa28sgfeNO6BA",
          "name": "tipo",
          "type": null,
          "probability": 1,
          "modifiers": [],
          "to_variable": {
            "key": "_r54-cp3PEDa28sgfeNO6BA",
            "name": "tipo",
            "type": null,
            "modifiers": [],
            "position": {}
          },
          "position": {}
        },
        "_hIFBsJ3PEDa28sgfeNO6BA": {
          "key": "_hIFBsJ3PEDa28sgfeNO6BA",
          "name": "valor",
          "type": null,
          "probability": 1,
          "modifiers": [],
          "to_variable": {
            "key": "_r54-c53PEDa28sgfeNO6BA",
            "name": "valor",
            "type": null,
            "modifiers": [],
            "position": {}
          },
          "position": {}
        }
      }
    },
    "fields_to_fields_data_clump-./AtributosReserva-_dL6HEJ3PEDa28sgfeNO6BA-_p1L7wJ3PEDa28sgfeNO6BA-nombretipovalor": {
      "type": "data_clump",
      "key": "fields_to_fields_data_clump-./AtributosReserva-_dL6HEJ3PEDa28sgfeNO6BA-_p1L7wJ3PEDa28sgfeNO6BA-nombretipovalor",
      "probability": 1,
      "from_file_path": "./AtributosReserva",
      "from_class_or_interface_name": "AtributosReserva",
      "from_class_or_interface_key": "_dL6HEJ3PEDa28sgfeNO6BA",
      "from_method_name": null,
      "from_method_key": null,
      "to_file_path": "./AtributosUsuario",
      "to_class_or_interface_key": "_p1L7wJ3PEDa28sgfeNO6BA",
      "to_class_or_interface_name": "AtributosReserva",
      "to_method_key": null,
      "to_method_name": null,
      "data_clump_type": "fields_to_fields_data_clump",
      "data_clump_data": {
        "_eXgXgZ3PEDa28sgfeNO6BA": {
          "key": "_eXgXgZ3PEDa28sgfeNO6BA",
          "name": "nombre",
          "type": null,
          "probability": 1,
          "modifiers": [],
          "to_variable": {
            "key": "_p1L7wZ3PEDa28sgfeNO6BA",
            "name": "nombre",
            "type": null,
            "modifiers": [],
            "position": {}
          },
          "position": {}
        },
        "_friLMZ3PEDa28sgfeNO6BA": {
          "key": "_friLMZ3PEDa28sgfeNO6BA",
          "name": "tipo",
          "type": null,
          "probability": 1,
          "modifiers": [],
          "to_variable": {
            "key": "_p1Mi0J3PEDa28sgfeNO6BA",
            "name": "tipo",
            "type": null,
            "modifiers": [],
            "position": {}
          },
          "position": {}
        },
        "_hIFBsJ3PEDa28sgfeNO6BA": {
          "key": "_hIFBsJ3PEDa28sgfeNO6BA",
          "name": "valor",
          "type": null,
          "probability": 1,
          "modifiers": [],
          "to_variable": {
            "key": "_p1Mi0Z3PEDa28sgfeNO6BA",
            "name": "valor",
            "type": null,
            "modifiers": [],
            "position": {}
          },
          "position": {}
        }
      }
    },
    "fields_to_fields_data_clump-./AtributosUsuario-_p1L7wJ3PEDa28sgfeNO6BA-_yrCiIJ3PEDa28sgfeNO6BA-nombretipovalor": {
      "type": "data_clump",
      "key": "fields_to_fields_data_clump-./AtributosUsuario-_p1L7wJ3PEDa28sgfeNO6BA-_yrCiIJ3PEDa28sgfeNO6BA-nombretipovalor",
      "probability": 1,
      "from_file_path": "./AtributosUsuario",
      "from_class_or_interface_name": "AtributosUsuario",
      "from_class_or_interface_key": "_p1L7wJ3PEDa28sgfeNO6BA",
      "from_method_name": null,
      "from_method_key": null,
      "to_file_path": "./AtributosExtraRec",
      "to_class_or_interface_key": "_yrCiIJ3PEDa28sgfeNO6BA",
      "to_class_or_interface_name": "AtributosUsuario",
      "to_method_key": null,
      "to_method_name": null,
      "data_clump_type": "fields_to_fields_data_clump",
      "data_clump_data": {
        "_p1L7wZ3PEDa28sgfeNO6BA": {
          "key": "_p1L7wZ3PEDa28sgfeNO6BA",
          "name": "nombre",
          "type": null,
          "probability": 1,
          "modifiers": [],
          "to_variable": {
            "key": "_yrCiIZ3PEDa28sgfeNO6BA",
            "name": "nombre",
            "type": null,
            "modifiers": [],
            "position": {}
          },
          "position": {}
        },
        "_p1Mi0J3PEDa28sgfeNO6BA": {
          "key": "_p1Mi0J3PEDa28sgfeNO6BA",
          "name": "tipo",
          "type": null,
          "probability": 1,
          "modifiers": [],
          "to_variable": {
            "key": "_yrDJMJ3PEDa28sgfeNO6BA",
            "name": "tipo",
            "type": null,
            "modifiers": [],
            "position": {}
          },
          "position": {}
        },
        "_p1Mi0Z3PEDa28sgfeNO6BA": {
          "key": "_p1Mi0Z3PEDa28sgfeNO6BA",
          "name": "valor",
          "type": null,
          "probability": 1,
          "modifiers": [],
          "to_variable": {
            "key": "_yrDJMZ3PEDa28sgfeNO6BA",
            "name": "valor",
            "type": null,
            "modifiers": [],
            "position": {}
          },
          "position": {}
        }
      }
    },
    "fields_to_fields_data_clump-./AtributosUsuario-_p1L7wJ3PEDa28sgfeNO6BA-_2Hok0J3PEDa28sgfeNO6BA-nombretipovalor": {
      "type": "data_clump",
      "key": "fields_to_fields_data_clump-./AtributosUsuario-_p1L7wJ3PEDa28sgfeNO6BA-_2Hok0J3PEDa28sgfeNO6BA-nombretipovalor",
      "probability": 1,
      "from_file_path": "./AtributosUsuario",
      "from_class_or_interface_name": "AtributosUsuario",
      "from_class_or_interface_key": "_p1L7wJ3PEDa28sgfeNO6BA",
      "from_method_name": null,
      "from_method_key": null,
      "to_file_path": "./AtributosFactura",
      "to_class_or_interface_key": "_2Hok0J3PEDa28sgfeNO6BA",
      "to_class_or_interface_name": "AtributosUsuario",
      "to_method_key": null,
      "to_method_name": null,
      "data_clump_type": "fields_to_fields_data_clump",
      "data_clump_data": {
        "_p1L7wZ3PEDa28sgfeNO6BA": {
          "key": "_p1L7wZ3PEDa28sgfeNO6BA",
          "name": "nombre",
          "type": null,
          "probability": 1,
          "modifiers": [],
          "to_variable": {
            "key": "_2Hok0Z3PEDa28sgfeNO6BA",
            "name": "nombre",
            "type": null,
            "modifiers": [],
            "position": {}
          },
          "position": {}
        },
        "_p1Mi0J3PEDa28sgfeNO6BA": {
          "key": "_p1Mi0J3PEDa28sgfeNO6BA",
          "name": "tipo",
          "type": null,
          "probability": 1,
          "modifiers": [],
          "to_variable": {
            "key": "_2Hok0p3PEDa28sgfeNO6BA",
            "name": "tipo",
            "type": null,
            "modifiers": [],
            "position": {}
          },
          "position": {}
        },
        "_p1Mi0Z3PEDa28sgfeNO6BA": {
          "key": "_p1Mi0Z3PEDa28sgfeNO6BA",
          "name": "valor",
          "type": null,
          "probability": 1,
          "modifiers": [],
          "to_variable": {
            "key": "_2HpL4J3PEDa28sgfeNO6BA",
            "name": "valor",
            "type": null,
            "modifiers": [],
            "position": {}
          },
          "position": {}
        }
      }
    },
    "fields_to_fields_data_clump-./AtributosUsuario-_p1L7wJ3PEDa28sgfeNO6BA-_r54-cJ3PEDa28sgfeNO6BA-nombretipovalor": {
      "type": "data_clump",
      "key": "fields_to_fields_data_clump-./AtributosUsuario-_p1L7wJ3PEDa28sgfeNO6BA-_r54-cJ3PEDa28sgfeNO6BA-nombretipovalor",
      "probability": 1,
      "from_file_path": "./AtributosUsuario",
      "from_class_or_interface_name": "AtributosUsuario",
      "from_class_or_interface_key": "_p1L7wJ3PEDa28sgfeNO6BA",
      "from_method_name": null,
      "from_method_key": null,
      "to_file_path": "./AtributosRecurso",
      "to_class_or_interface_key": "_r54-cJ3PEDa28sgfeNO6BA",
      "to_class_or_interface_name": "AtributosUsuario",
      "to_method_key": null,
      "to_method_name": null,
      "data_clump_type": "fields_to_fields_data_clump",
      "data_clump_data": {
        "_p1L7wZ3PEDa28sgfeNO6BA": {
          "key": "_p1L7wZ3PEDa28sgfeNO6BA",
          "name": "nombre",
          "type": null,
          "probability": 1,
          "modifiers": [],
          "to_variable": {
            "key": "_r54-cZ3PEDa28sgfeNO6BA",
            "name": "nombre",
            "type": null,
            "modifiers": [],
            "position": {}
          },
          "position": {}
        },
        "_p1Mi0J3PEDa28sgfeNO6BA": {
          "key": "_p1Mi0J3PEDa28sgfeNO6BA",
          "name": "tipo",
          "type": null,
          "probability": 1,
          "modifiers": [],
          "to_variable": {
            "key": "_r54-cp3PEDa28sgfeNO6BA",
            "name": "tipo",
            "type": null,
            "modifiers": [],
            "position": {}
          },
          "position": {}
        },
        "_p1Mi0Z3PEDa28sgfeNO6BA": {
          "key": "_p1Mi0Z3PEDa28sgfeNO6BA",
          "name": "valor",
          "type": null,
          "probability": 1,
          "modifiers": [],
          "to_variable": {
            "key": "_r54-c53PEDa28sgfeNO6BA",
            "name": "valor",
            "type": null,
            "modifiers": [],
            "position": {}
          },
          "position": {}
        }
      }
    },
    "fields_to_fields_data_clump-./AtributosUsuario-_p1L7wJ3PEDa28sgfeNO6BA-_dL6HEJ3PEDa28sgfeNO6BA-nombretipovalor": {
      "type": "data_clump",
      "key": "fields_to_fields_data_clump-./AtributosUsuario-_p1L7wJ3PEDa28sgfeNO6BA-_dL6HEJ3PEDa28sgfeNO6BA-nombretipovalor",
      "probability": 1,
      "from_file_path": "./AtributosUsuario",
      "from_class_or_interface_name": "AtributosUsuario",
      "from_class_or_interface_key": "_p1L7wJ3PEDa28sgfeNO6BA",
      "from_method_name": null,
      "from_method_key": null,
      "to_file_path": "./AtributosReserva",
      "to_class_or_interface_key": "_dL6HEJ3PEDa28sgfeNO6BA",
      "to_class_or_interface_name": "AtributosUsuario",
      "to_method_key": null,
      "to_method_name": null,
      "data_clump_type": "fields_to_fields_data_clump",
      "data_clump_data": {
        "_p1L7wZ3PEDa28sgfeNO6BA": {
          "key": "_p1L7wZ3PEDa28sgfeNO6BA",
          "name": "nombre",
          "type": null,
          "probability": 1,
          "modifiers": [],
          "to_variable": {
            "key": "_eXgXgZ3PEDa28sgfeNO6BA",
            "name": "nombre",
            "type": null,
            "modifiers": [],
            "position": {}
          },
          "position": {}
        },
        "_p1Mi0J3PEDa28sgfeNO6BA": {
          "key": "_p1Mi0J3PEDa28sgfeNO6BA",
          "name": "tipo",
          "type": null,
          "probability": 1,
          "modifiers": [],
          "to_variable": {
            "key": "_friLMZ3PEDa28sgfeNO6BA",
            "name": "tipo",
            "type": null,
            "modifiers": [],
            "position": {}
          },
          "position": {}
        },
        "_p1Mi0Z3PEDa28sgfeNO6BA": {
          "key": "_p1Mi0Z3PEDa28sgfeNO6BA",
          "name": "valor",
          "type": null,
          "probability": 1,
          "modifiers": [],
          "to_variable": {
            "key": "_hIFBsJ3PEDa28sgfeNO6BA",
            "name": "valor",
            "type": null,
            "modifiers": [],
            "position": {}
          },
          "position": {}
        }
      }
    }
  }
}