{
  "report_version": "unknown",
  "report_timestamp": "2025-03-26T22:20:23.905Z",
  "target_language": "java",
  "report_summary": {
    "additional": null,
    "amount_classes_or_interfaces_with_data_clumps": 2,
    "amount_files_with_data_clumps": 2,
    "amount_methods_with_data_clumps": 0,
    "fields_to_fields_data_clump": 2,
    "parameters_to_fields_data_clump": 0,
    "parameters_to_parameters_data_clump": 0,
    "amount_data_clumps": 2
  },
  "project_info": {
    "project_url": "unknown_project_url",
    "project_name": "_r6wAYIjYEeq3N_Xh6gsEIQ",
    "project_version": "unknown_project_version",
    "project_commit_hash": "unknown",
    "project_tag": null,
    "project_commit_date": null,
    "additional": {},
    "number_of_files": 4,
    "number_of_classes_or_interfaces": 4,
    "number_of_methods": 13,
    "number_of_data_fields": 12,
    "number_of_method_parameters": 5
  },
  "detector": {
    "name": "data-clumps-doctor",
    "url": "https://github.com/NilsBaumgartner1994/data-clumps-doctor",
    "version": "0.1.100",
    "options": {
      "typeVariablesConsidered": false,
      "similarityModifierOfVariablesWithUnknownType": 0,
      "fieldsOfClassesWithUnknownHierarchyProbabilityModifier": 0,
      "sharedFieldsToFieldsAmountMinimum": 3,
      "analyseFieldsInClassesOrInterfacesInheritedFromSuperClassesOrInterfaces": false,
      "sharedParametersToParametersAmountMinimum": 3,
      "sharedParametersToFieldsAmountMinimum": 3,
      "methodsOfClassesOrInterfacesWithUnknownHierarchyProbabilityModifier": 0
    }
  },
  "data_clumps": {
    "fields_to_fields_data_clump-./Aluno-_5ulF4GsGEDiPVcVa8M35Qg-__76x4GsGEDiPVcVa8M35Qg-nomeloginsenha": {
      "type": "data_clump",
      "key": "fields_to_fields_data_clump-./Aluno-_5ulF4GsGEDiPVcVa8M35Qg-__76x4GsGEDiPVcVa8M35Qg-nomeloginsenha",
      "probability": 1,
      "from_file_path": "./Aluno",
      "from_class_or_interface_name": "Aluno",
      "from_class_or_interface_key": "_5ulF4GsGEDiPVcVa8M35Qg",
      "from_method_name": null,
      "from_method_key": null,
      "to_file_path": "./Professor",
      "to_class_or_interface_key": "__76x4GsGEDiPVcVa8M35Qg",
      "to_class_or_interface_name": "Aluno",
      "to_method_key": null,
      "to_method_name": null,
      "data_clump_type": "fields_to_fields_data_clump",
      "data_clump_data": {
        "_5u7JgGsZEDiPVcVa8M35Qg": {
          "key": "_5u7JgGsZEDiPVcVa8M35Qg",
          "name": "nome",
          "type": null,
          "probability": 1,
          "modifiers": [
            "private"
          ],
          "to_variable": {
            "key": "_99ifAGsZEDiPVcVa8M35Qg",
            "name": "nome",
            "type": null,
            "modifiers": [
              "private"
            ],
            "position": {}
          },
          "position": {}
        },
        "_baF4oGuTEDiPVcVa8M35Qg": {
          "key": "_baF4oGuTEDiPVcVa8M35Qg",
          "name": "login",
          "type": null,
          "probability": 1,
          "modifiers": [
            "private"
          ],
          "to_variable": {
            "key": "_d4hp8GuTEDiPVcVa8M35Qg",
            "name": "login",
            "type": null,
            "modifiers": [
              "private"
            ],
            "position": {}
          },
          "position": {}
        },
        "_cZEpYGuTEDiPVcVa8M35Qg": {
          "key": "_cZEpYGuTEDiPVcVa8M35Qg",
          "name": "senha",
          "type": null,
          "probability": 1,
          "modifiers": [
            "private"
          ],
          "to_variable": {
            "key": "_eAhvYGuTEDiPVcVa8M35Qg",
            "name": "senha",
            "type": null,
            "modifiers": [
              "private"
            ],
            "position": {}
          },
          "position": {}
        }
      }
    },
    "fields_to_fields_data_clump-./Professor-__76x4GsGEDiPVcVa8M35Qg-_5ulF4GsGEDiPVcVa8M35Qg-nomeloginsenha": {
      "type": "data_clump",
      "key": "fields_to_fields_data_clump-./Professor-__76x4GsGEDiPVcVa8M35Qg-_5ulF4GsGEDiPVcVa8M35Qg-nomeloginsenha",
      "probability": 1,
      "from_file_path": "./Professor",
      "from_class_or_interface_name": "Professor",
      "from_class_or_interface_key": "__76x4GsGEDiPVcVa8M35Qg",
      "from_method_name": null,
      "from_method_key": null,
      "to_file_path": "./Aluno",
      "to_class_or_interface_key": "_5ulF4GsGEDiPVcVa8M35Qg",
      "to_class_or_interface_name": "Professor",
      "to_method_key": null,
      "to_method_name": null,
      "data_clump_type": "fields_to_fields_data_clump",
      "data_clump_data": {
        "_99ifAGsZEDiPVcVa8M35Qg": {
          "key": "_99ifAGsZEDiPVcVa8M35Qg",
          "name": "nome",
          "type": null,
          "probability": 1,
          "modifiers": [
            "private"
          ],
          "to_variable": {
            "key": "_5u7JgGsZEDiPVcVa8M35Qg",
            "name": "nome",
            "type": null,
            "modifiers": [
              "private"
            ],
            "position": {}
          },
          "position": {}
        },
        "_d4hp8GuTEDiPVcVa8M35Qg": {
          "key": "_d4hp8GuTEDiPVcVa8M35Qg",
          "name": "login",
          "type": null,
          "probability": 1,
          "modifiers": [
            "private"
          ],
          "to_variable": {
            "key": "_baF4oGuTEDiPVcVa8M35Qg",
            "name": "login",
            "type": null,
            "modifiers": [
              "private"
            ],
            "position": {}
          },
          "position": {}
        },
        "_eAhvYGuTEDiPVcVa8M35Qg": {
          "key": "_eAhvYGuTEDiPVcVa8M35Qg",
          "name": "senha",
          "type": null,
          "probability": 1,
          "modifiers": [
            "private"
          ],
          "to_variable": {
            "key": "_cZEpYGuTEDiPVcVa8M35Qg",
            "name": "senha",
            "type": null,
            "modifiers": [
              "private"
            ],
            "position": {}
          },
          "position": {}
        }
      }
    }
  }
}