{
  "report_version": "unknown",
  "report_timestamp": "2025-03-26T21:37:51.786Z",
  "target_language": "java",
  "report_summary": {
    "additional": null,
    "amount_classes_or_interfaces_with_data_clumps": 2,
    "amount_files_with_data_clumps": 2,
    "amount_methods_with_data_clumps": 0,
    "fields_to_fields_data_clump": 2,
    "parameters_to_fields_data_clump": 0,
    "parameters_to_parameters_data_clump": 0,
    "amount_data_clumps": 2
  },
  "project_info": {
    "project_url": "unknown_project_url",
    "project_name": "18863df9-5a02-41cb-b047-12a3dbe899b8",
    "project_version": "unknown_project_version",
    "project_commit_hash": "unknown",
    "project_tag": null,
    "project_commit_date": null,
    "additional": {},
    "number_of_files": 6,
    "number_of_classes_or_interfaces": 6,
    "number_of_methods": 46,
    "number_of_data_fields": 21,
    "number_of_method_parameters": 8
  },
  "detector": {
    "name": "data-clumps-doctor",
    "url": "https://github.com/NilsBaumgartner1994/data-clumps-doctor",
    "version": "0.1.100",
    "options": {
      "typeVariablesConsidered": false,
      "similarityModifierOfVariablesWithUnknownType": 0,
      "fieldsOfClassesWithUnknownHierarchyProbabilityModifier": 0,
      "sharedFieldsToFieldsAmountMinimum": 3,
      "analyseFieldsInClassesOrInterfacesInheritedFromSuperClassesOrInterfaces": false,
      "sharedParametersToParametersAmountMinimum": 3,
      "sharedParametersToFieldsAmountMinimum": 3,
      "methodsOfClassesOrInterfacesWithUnknownHierarchyProbabilityModifier": 0
    }
  },
  "data_clumps": {
    "fields_to_fields_data_clump-./TipConfigModel-_YV6BgE_4EDKfj8-8y5K1tw-_m2bzEE_1EDKfj8-8y5K1tw-minTipPercentagemaxTipPercentageisIncludeTaxisIncludeDeduction": {
      "type": "data_clump",
      "key": "fields_to_fields_data_clump-./TipConfigModel-_YV6BgE_4EDKfj8-8y5K1tw-_m2bzEE_1EDKfj8-8y5K1tw-minTipPercentagemaxTipPercentageisIncludeTaxisIncludeDeduction",
      "probability": 1,
      "from_file_path": "./TipConfigModel",
      "from_class_or_interface_name": "TipConfigModel",
      "from_class_or_interface_key": "_YV6BgE_4EDKfj8-8y5K1tw",
      "from_method_name": null,
      "from_method_key": null,
      "to_file_path": "./TipConfigView",
      "to_class_or_interface_key": "_m2bzEE_1EDKfj8-8y5K1tw",
      "to_class_or_interface_name": "TipConfigModel",
      "to_method_key": null,
      "to_method_name": null,
      "data_clump_type": "fields_to_fields_data_clump",
      "data_clump_data": {
        "_a5q-wE_4EDKfj8-8y5K1tw": {
          "key": "_a5q-wE_4EDKfj8-8y5K1tw",
          "name": "minTipPercentage",
          "type": null,
          "probability": 1,
          "modifiers": [
            "private"
          ],
          "to_variable": {
            "key": "_Rao_sFwFEDKw4N2-1p-f7g",
            "name": "minTipPercentage",
            "type": null,
            "modifiers": [
              "private"
            ],
            "position": {}
          },
          "position": {}
        },
        "_eFFK0E_4EDKfj8-8y5K1tw": {
          "key": "_eFFK0E_4EDKfj8-8y5K1tw",
          "name": "maxTipPercentage",
          "type": null,
          "probability": 1,
          "modifiers": [
            "private"
          ],
          "to_variable": {
            "key": "_R-KjgFwFEDKw4N2-1p-f7g",
            "name": "maxTipPercentage",
            "type": null,
            "modifiers": [
              "private"
            ],
            "position": {}
          },
          "position": {}
        },
        "_eMBgUE_4EDKfj8-8y5K1tw": {
          "key": "_eMBgUE_4EDKfj8-8y5K1tw",
          "name": "isIncludeTax",
          "type": null,
          "probability": 1,
          "modifiers": [
            "private"
          ],
          "to_variable": {
            "key": "_SjHqsFwFEDKw4N2-1p-f7g",
            "name": "isIncludeTax",
            "type": null,
            "modifiers": [
              "private"
            ],
            "position": {}
          },
          "position": {}
        },
        "_eRufsE_4EDKfj8-8y5K1tw": {
          "key": "_eRufsE_4EDKfj8-8y5K1tw",
          "name": "isIncludeDeduction",
          "type": null,
          "probability": 1,
          "modifiers": [
            "private"
          ],
          "to_variable": {
            "key": "_S_k9MFwFEDKw4N2-1p-f7g",
            "name": "isIncludeDeduction",
            "type": null,
            "modifiers": [
              "private"
            ],
            "position": {}
          },
          "position": {}
        }
      }
    },
    "fields_to_fields_data_clump-./TipConfigView-_m2bzEE_1EDKfj8-8y5K1tw-_YV6BgE_4EDKfj8-8y5K1tw-minTipPercentagemaxTipPercentageisIncludeTaxisIncludeDeduction": {
      "type": "data_clump",
      "key": "fields_to_fields_data_clump-./TipConfigView-_m2bzEE_1EDKfj8-8y5K1tw-_YV6BgE_4EDKfj8-8y5K1tw-minTipPercentagemaxTipPercentageisIncludeTaxisIncludeDeduction",
      "probability": 1,
      "from_file_path": "./TipConfigView",
      "from_class_or_interface_name": "TipConfigView",
      "from_class_or_interface_key": "_m2bzEE_1EDKfj8-8y5K1tw",
      "from_method_name": null,
      "from_method_key": null,
      "to_file_path": "./TipConfigModel",
      "to_class_or_interface_key": "_YV6BgE_4EDKfj8-8y5K1tw",
      "to_class_or_interface_name": "TipConfigView",
      "to_method_key": null,
      "to_method_name": null,
      "data_clump_type": "fields_to_fields_data_clump",
      "data_clump_data": {
        "_Rao_sFwFEDKw4N2-1p-f7g": {
          "key": "_Rao_sFwFEDKw4N2-1p-f7g",
          "name": "minTipPercentage",
          "type": null,
          "probability": 1,
          "modifiers": [
            "private"
          ],
          "to_variable": {
            "key": "_a5q-wE_4EDKfj8-8y5K1tw",
            "name": "minTipPercentage",
            "type": null,
            "modifiers": [
              "private"
            ],
            "position": {}
          },
          "position": {}
        },
        "_R-KjgFwFEDKw4N2-1p-f7g": {
          "key": "_R-KjgFwFEDKw4N2-1p-f7g",
          "name": "maxTipPercentage",
          "type": null,
          "probability": 1,
          "modifiers": [
            "private"
          ],
          "to_variable": {
            "key": "_eFFK0E_4EDKfj8-8y5K1tw",
            "name": "maxTipPercentage",
            "type": null,
            "modifiers": [
              "private"
            ],
            "position": {}
          },
          "position": {}
        },
        "_SjHqsFwFEDKw4N2-1p-f7g": {
          "key": "_SjHqsFwFEDKw4N2-1p-f7g",
          "name": "isIncludeTax",
          "type": null,
          "probability": 1,
          "modifiers": [
            "private"
          ],
          "to_variable": {
            "key": "_eMBgUE_4EDKfj8-8y5K1tw",
            "name": "isIncludeTax",
            "type": null,
            "modifiers": [
              "private"
            ],
            "position": {}
          },
          "position": {}
        },
        "_S_k9MFwFEDKw4N2-1p-f7g": {
          "key": "_S_k9MFwFEDKw4N2-1p-f7g",
          "name": "isIncludeDeduction",
          "type": null,
          "probability": 1,
          "modifiers": [
            "private"
          ],
          "to_variable": {
            "key": "_eRufsE_4EDKfj8-8y5K1tw",
            "name": "isIncludeDeduction",
            "type": null,
            "modifiers": [
              "private"
            ],
            "position": {}
          },
          "position": {}
        }
      }
    }
  }
}