{
  "report_version": "unknown",
  "report_timestamp": "2025-03-26T21:45:21.616Z",
  "target_language": "java",
  "report_summary": {
    "additional": null,
    "amount_classes_or_interfaces_with_data_clumps": 4,
    "amount_files_with_data_clumps": 4,
    "amount_methods_with_data_clumps": 0,
    "fields_to_fields_data_clump": 4,
    "parameters_to_fields_data_clump": 0,
    "parameters_to_parameters_data_clump": 0,
    "amount_data_clumps": 4
  },
  "project_info": {
    "project_url": "unknown_project_url",
    "project_name": "416a199e-9a43-4e38-beb2-1e6320e270cb",
    "project_version": "unknown_project_version",
    "project_commit_hash": "unknown",
    "project_tag": null,
    "project_commit_date": null,
    "additional": {},
    "number_of_files": 21,
    "number_of_classes_or_interfaces": 21,
    "number_of_methods": 0,
    "number_of_data_fields": 41,
    "number_of_method_parameters": 0
  },
  "detector": {
    "name": "data-clumps-doctor",
    "url": "https://github.com/NilsBaumgartner1994/data-clumps-doctor",
    "version": "0.1.100",
    "options": {
      "typeVariablesConsidered": false,
      "similarityModifierOfVariablesWithUnknownType": 0,
      "fieldsOfClassesWithUnknownHierarchyProbabilityModifier": 0,
      "sharedFieldsToFieldsAmountMinimum": 3,
      "analyseFieldsInClassesOrInterfacesInheritedFromSuperClassesOrInterfaces": false,
      "sharedParametersToParametersAmountMinimum": 3,
      "sharedParametersToFieldsAmountMinimum": 3,
      "methodsOfClassesOrInterfacesWithUnknownHierarchyProbabilityModifier": 0
    }
  },
  "data_clumps": {
    "fields_to_fields_data_clump-./HTC-_t6YXwMLdEDOlJMKKrdw7dw-_9aDx0MLdEDOlJMKKrdw7dw-InventoryShipmentDevelop": {
      "type": "data_clump",
      "key": "fields_to_fields_data_clump-./HTC-_t6YXwMLdEDOlJMKKrdw7dw-_9aDx0MLdEDOlJMKKrdw7dw-InventoryShipmentDevelop",
      "probability": 1,
      "from_file_path": "./HTC",
      "from_class_or_interface_name": "HTC",
      "from_class_or_interface_key": "_t6YXwMLdEDOlJMKKrdw7dw",
      "from_method_name": null,
      "from_method_key": null,
      "to_file_path": "./Samsung",
      "to_class_or_interface_key": "_9aDx0MLdEDOlJMKKrdw7dw",
      "to_class_or_interface_name": "HTC",
      "to_method_key": null,
      "to_method_name": null,
      "data_clump_type": "fields_to_fields_data_clump",
      "data_clump_data": {
        "_AfppwMLeEDOlJMKKrdw7dw": {
          "key": "_AfppwMLeEDOlJMKKrdw7dw",
          "name": "Inventory",
          "type": null,
          "probability": 1,
          "modifiers": [],
          "to_variable": {
            "key": "_Gi0GEMLeEDOlJMKKrdw7dw",
            "name": "Inventory",
            "type": null,
            "modifiers": [],
            "position": {}
          },
          "position": {}
        },
        "_CCeHYMLeEDOlJMKKrdw7dw": {
          "key": "_CCeHYMLeEDOlJMKKrdw7dw",
          "name": "Shipment",
          "type": null,
          "probability": 1,
          "modifiers": [],
          "to_variable": {
            "key": "_Gi0tIMLeEDOlJMKKrdw7dw",
            "name": "Shipment",
            "type": null,
            "modifiers": [],
            "position": {}
          },
          "position": {}
        },
        "_DDGd8MLeEDOlJMKKrdw7dw": {
          "key": "_DDGd8MLeEDOlJMKKrdw7dw",
          "name": "Develop",
          "type": null,
          "probability": 1,
          "modifiers": [],
          "to_variable": {
            "key": "_Gi0tIcLeEDOlJMKKrdw7dw",
            "name": "Develop",
            "type": null,
            "modifiers": [],
            "position": {}
          },
          "position": {}
        }
      }
    },
    "fields_to_fields_data_clump-./NavigationNotifcations-_dA9uIMLeEDOlJMKKrdw7dw-_KRVmQMLeEDOlJMKKrdw7dw-SendNotificationNotifLogusers": {
      "type": "data_clump",
      "key": "fields_to_fields_data_clump-./NavigationNotifcations-_dA9uIMLeEDOlJMKKrdw7dw-_KRVmQMLeEDOlJMKKrdw7dw-SendNotificationNotifLogusers",
      "probability": 1,
      "from_file_path": "./NavigationNotifcations",
      "from_class_or_interface_name": "NavigationNotifcations",
      "from_class_or_interface_key": "_dA9uIMLeEDOlJMKKrdw7dw",
      "from_method_name": null,
      "from_method_key": null,
      "to_file_path": "./WeatherNotifications",
      "to_class_or_interface_key": "_KRVmQMLeEDOlJMKKrdw7dw",
      "to_class_or_interface_name": "NavigationNotifcations",
      "to_method_key": null,
      "to_method_name": null,
      "data_clump_type": "fields_to_fields_data_clump",
      "data_clump_data": {
        "_fLu8kMLeEDOlJMKKrdw7dw": {
          "key": "_fLu8kMLeEDOlJMKKrdw7dw",
          "name": "SendNotification",
          "type": null,
          "probability": 1,
          "modifiers": [],
          "to_variable": {
            "key": "_L_4ywMLeEDOlJMKKrdw7dw",
            "name": "SendNotification",
            "type": null,
            "modifiers": [],
            "position": {}
          },
          "position": {}
        },
        "_fLvjoMLeEDOlJMKKrdw7dw": {
          "key": "_fLvjoMLeEDOlJMKKrdw7dw",
          "name": "NotifLog",
          "type": null,
          "probability": 1,
          "modifiers": [],
          "to_variable": {
            "key": "_O5_zcMLeEDOlJMKKrdw7dw",
            "name": "NotifLog",
            "type": null,
            "modifiers": [],
            "position": {}
          },
          "position": {}
        },
        "_fLvjocLeEDOlJMKKrdw7dw": {
          "key": "_fLvjocLeEDOlJMKKrdw7dw",
          "name": "users",
          "type": null,
          "probability": 1,
          "modifiers": [],
          "to_variable": {
            "key": "_QvU9YMLeEDOlJMKKrdw7dw",
            "name": "users",
            "type": null,
            "modifiers": [],
            "position": {}
          },
          "position": {}
        }
      }
    },
    "fields_to_fields_data_clump-./Samsung-_9aDx0MLdEDOlJMKKrdw7dw-_t6YXwMLdEDOlJMKKrdw7dw-InventoryShipmentDevelop": {
      "type": "data_clump",
      "key": "fields_to_fields_data_clump-./Samsung-_9aDx0MLdEDOlJMKKrdw7dw-_t6YXwMLdEDOlJMKKrdw7dw-InventoryShipmentDevelop",
      "probability": 1,
      "from_file_path": "./Samsung",
      "from_class_or_interface_name": "Samsung",
      "from_class_or_interface_key": "_9aDx0MLdEDOlJMKKrdw7dw",
      "from_method_name": null,
      "from_method_key": null,
      "to_file_path": "./HTC",
      "to_class_or_interface_key": "_t6YXwMLdEDOlJMKKrdw7dw",
      "to_class_or_interface_name": "Samsung",
      "to_method_key": null,
      "to_method_name": null,
      "data_clump_type": "fields_to_fields_data_clump",
      "data_clump_data": {
        "_Gi0GEMLeEDOlJMKKrdw7dw": {
          "key": "_Gi0GEMLeEDOlJMKKrdw7dw",
          "name": "Inventory",
          "type": null,
          "probability": 1,
          "modifiers": [],
          "to_variable": {
            "key": "_AfppwMLeEDOlJMKKrdw7dw",
            "name": "Inventory",
            "type": null,
            "modifiers": [],
            "position": {}
          },
          "position": {}
        },
        "_Gi0tIMLeEDOlJMKKrdw7dw": {
          "key": "_Gi0tIMLeEDOlJMKKrdw7dw",
          "name": "Shipment",
          "type": null,
          "probability": 1,
          "modifiers": [],
          "to_variable": {
            "key": "_CCeHYMLeEDOlJMKKrdw7dw",
            "name": "Shipment",
            "type": null,
            "modifiers": [],
            "position": {}
          },
          "position": {}
        },
        "_Gi0tIcLeEDOlJMKKrdw7dw": {
          "key": "_Gi0tIcLeEDOlJMKKrdw7dw",
          "name": "Develop",
          "type": null,
          "probability": 1,
          "modifiers": [],
          "to_variable": {
            "key": "_DDGd8MLeEDOlJMKKrdw7dw",
            "name": "Develop",
            "type": null,
            "modifiers": [],
            "position": {}
          },
          "position": {}
        }
      }
    },
    "fields_to_fields_data_clump-./WeatherNotifications-_KRVmQMLeEDOlJMKKrdw7dw-_dA9uIMLeEDOlJMKKrdw7dw-SendNotificationNotifLogusers": {
      "type": "data_clump",
      "key": "fields_to_fields_data_clump-./WeatherNotifications-_KRVmQMLeEDOlJMKKrdw7dw-_dA9uIMLeEDOlJMKKrdw7dw-SendNotificationNotifLogusers",
      "probability": 1,
      "from_file_path": "./WeatherNotifications",
      "from_class_or_interface_name": "WeatherNotifications",
      "from_class_or_interface_key": "_KRVmQMLeEDOlJMKKrdw7dw",
      "from_method_name": null,
      "from_method_key": null,
      "to_file_path": "./NavigationNotifcations",
      "to_class_or_interface_key": "_dA9uIMLeEDOlJMKKrdw7dw",
      "to_class_or_interface_name": "WeatherNotifications",
      "to_method_key": null,
      "to_method_name": null,
      "data_clump_type": "fields_to_fields_data_clump",
      "data_clump_data": {
        "_L_4ywMLeEDOlJMKKrdw7dw": {
          "key": "_L_4ywMLeEDOlJMKKrdw7dw",
          "name": "SendNotification",
          "type": null,
          "probability": 1,
          "modifiers": [],
          "to_variable": {
            "key": "_fLu8kMLeEDOlJMKKrdw7dw",
            "name": "SendNotification",
            "type": null,
            "modifiers": [],
            "position": {}
          },
          "position": {}
        },
        "_O5_zcMLeEDOlJMKKrdw7dw": {
          "key": "_O5_zcMLeEDOlJMKKrdw7dw",
          "name": "NotifLog",
          "type": null,
          "probability": 1,
          "modifiers": [],
          "to_variable": {
            "key": "_fLvjoMLeEDOlJMKKrdw7dw",
            "name": "NotifLog",
            "type": null,
            "modifiers": [],
            "position": {}
          },
          "position": {}
        },
        "_QvU9YMLeEDOlJMKKrdw7dw": {
          "key": "_QvU9YMLeEDOlJMKKrdw7dw",
          "name": "users",
          "type": null,
          "probability": 1,
          "modifiers": [],
          "to_variable": {
            "key": "_fLvjocLeEDOlJMKKrdw7dw",
            "name": "users",
            "type": null,
            "modifiers": [],
            "position": {}
          },
          "position": {}
        }
      }
    }
  }
}