{
  "report_version": "unknown",
  "report_timestamp": "2025-03-26T22:15:40.651Z",
  "target_language": "java",
  "report_summary": {
    "additional": null,
    "amount_classes_or_interfaces_with_data_clumps": 2,
    "amount_files_with_data_clumps": 2,
    "amount_methods_with_data_clumps": 0,
    "fields_to_fields_data_clump": 2,
    "parameters_to_fields_data_clump": 0,
    "parameters_to_parameters_data_clump": 0,
    "amount_data_clumps": 2
  },
  "project_info": {
    "project_url": "unknown_project_url",
    "project_name": "_GKurkFcJEe6SCbCxmAtZhg",
    "project_version": "unknown_project_version",
    "project_commit_hash": "unknown",
    "project_tag": null,
    "project_commit_date": null,
    "additional": {},
    "number_of_files": 32,
    "number_of_classes_or_interfaces": 32,
    "number_of_methods": 0,
    "number_of_data_fields": 79,
    "number_of_method_parameters": 0
  },
  "detector": {
    "name": "data-clumps-doctor",
    "url": "https://github.com/NilsBaumgartner1994/data-clumps-doctor",
    "version": "0.1.100",
    "options": {
      "typeVariablesConsidered": false,
      "similarityModifierOfVariablesWithUnknownType": 0,
      "fieldsOfClassesWithUnknownHierarchyProbabilityModifier": 0,
      "sharedFieldsToFieldsAmountMinimum": 3,
      "analyseFieldsInClassesOrInterfacesInheritedFromSuperClassesOrInterfaces": false,
      "sharedParametersToParametersAmountMinimum": 3,
      "sharedParametersToFieldsAmountMinimum": 3,
      "methodsOfClassesOrInterfacesWithUnknownHierarchyProbabilityModifier": 0
    }
  },
  "data_clumps": {
    "fields_to_fields_data_clump-./Bar-_boCD4Dk3EDy0ot3sxmaGjw-_crY-UDk3EDy0ot3sxmaGjw-capacidadestiloregistroConsumo": {
      "type": "data_clump",
      "key": "fields_to_fields_data_clump-./Bar-_boCD4Dk3EDy0ot3sxmaGjw-_crY-UDk3EDy0ot3sxmaGjw-capacidadestiloregistroConsumo",
      "probability": 1,
      "from_file_path": "./Bar",
      "from_class_or_interface_name": "Bar",
      "from_class_or_interface_key": "_boCD4Dk3EDy0ot3sxmaGjw",
      "from_method_name": null,
      "from_method_key": null,
      "to_file_path": "./Restaurante",
      "to_class_or_interface_key": "_crY-UDk3EDy0ot3sxmaGjw",
      "to_class_or_interface_name": "Bar",
      "to_method_key": null,
      "to_method_name": null,
      "data_clump_type": "fields_to_fields_data_clump",
      "data_clump_data": {
        "_deD90D0bEDyEsKwlqih3lQ": {
          "key": "_deD90D0bEDyEsKwlqih3lQ",
          "name": "capacidad",
          "type": null,
          "probability": 1,
          "modifiers": [
            "public"
          ],
          "to_variable": {
            "key": "_kS0PID0bEDyEsKwlqih3lQ",
            "name": "capacidad",
            "type": null,
            "modifiers": [
              "public"
            ],
            "position": {}
          },
          "position": {}
        },
        "_fCb6oD0bEDyEsKwlqih3lQ": {
          "key": "_fCb6oD0bEDyEsKwlqih3lQ",
          "name": "estilo",
          "type": null,
          "probability": 1,
          "modifiers": [
            "public"
          ],
          "to_variable": {
            "key": "_lLSvQD0bEDyEsKwlqih3lQ",
            "name": "estilo",
            "type": null,
            "modifiers": [
              "public"
            ],
            "position": {}
          },
          "position": {}
        },
        "_horkID0bEDyEsKwlqih3lQ": {
          "key": "_horkID0bEDyEsKwlqih3lQ",
          "name": "registroConsumo",
          "type": null,
          "probability": 1,
          "modifiers": [
            "public"
          ],
          "to_variable": {
            "key": "_mGt1sD0bEDyEsKwlqih3lQ",
            "name": "registroConsumo",
            "type": null,
            "modifiers": [
              "public"
            ],
            "position": {}
          },
          "position": {}
        }
      }
    },
    "fields_to_fields_data_clump-./Restaurante-_crY-UDk3EDy0ot3sxmaGjw-_boCD4Dk3EDy0ot3sxmaGjw-capacidadestiloregistroConsumo": {
      "type": "data_clump",
      "key": "fields_to_fields_data_clump-./Restaurante-_crY-UDk3EDy0ot3sxmaGjw-_boCD4Dk3EDy0ot3sxmaGjw-capacidadestiloregistroConsumo",
      "probability": 1,
      "from_file_path": "./Restaurante",
      "from_class_or_interface_name": "Restaurante",
      "from_class_or_interface_key": "_crY-UDk3EDy0ot3sxmaGjw",
      "from_method_name": null,
      "from_method_key": null,
      "to_file_path": "./Bar",
      "to_class_or_interface_key": "_boCD4Dk3EDy0ot3sxmaGjw",
      "to_class_or_interface_name": "Restaurante",
      "to_method_key": null,
      "to_method_name": null,
      "data_clump_type": "fields_to_fields_data_clump",
      "data_clump_data": {
        "_kS0PID0bEDyEsKwlqih3lQ": {
          "key": "_kS0PID0bEDyEsKwlqih3lQ",
          "name": "capacidad",
          "type": null,
          "probability": 1,
          "modifiers": [
            "public"
          ],
          "to_variable": {
            "key": "_deD90D0bEDyEsKwlqih3lQ",
            "name": "capacidad",
            "type": null,
            "modifiers": [
              "public"
            ],
            "position": {}
          },
          "position": {}
        },
        "_lLSvQD0bEDyEsKwlqih3lQ": {
          "key": "_lLSvQD0bEDyEsKwlqih3lQ",
          "name": "estilo",
          "type": null,
          "probability": 1,
          "modifiers": [
            "public"
          ],
          "to_variable": {
            "key": "_fCb6oD0bEDyEsKwlqih3lQ",
            "name": "estilo",
            "type": null,
            "modifiers": [
              "public"
            ],
            "position": {}
          },
          "position": {}
        },
        "_mGt1sD0bEDyEsKwlqih3lQ": {
          "key": "_mGt1sD0bEDyEsKwlqih3lQ",
          "name": "registroConsumo",
          "type": null,
          "probability": 1,
          "modifiers": [
            "public"
          ],
          "to_variable": {
            "key": "_horkID0bEDyEsKwlqih3lQ",
            "name": "registroConsumo",
            "type": null,
            "modifiers": [
              "public"
            ],
            "position": {}
          },
          "position": {}
        }
      }
    }
  }
}