{
  "report_version": "unknown",
  "report_timestamp": "2025-03-26T23:03:14.827Z",
  "target_language": "java",
  "report_summary": {
    "additional": null,
    "amount_classes_or_interfaces_with_data_clumps": 6,
    "amount_files_with_data_clumps": 6,
    "amount_methods_with_data_clumps": 0,
    "fields_to_fields_data_clump": 8,
    "parameters_to_fields_data_clump": 0,
    "parameters_to_parameters_data_clump": 0,
    "amount_data_clumps": 8
  },
  "project_info": {
    "project_url": "unknown_project_url",
    "project_name": "4e35410c-3f99-43df-b30e-3eadc8fd2be1",
    "project_version": "unknown_project_version",
    "project_commit_hash": "unknown",
    "project_tag": null,
    "project_commit_date": null,
    "additional": {},
    "number_of_files": 13,
    "number_of_classes_or_interfaces": 13,
    "number_of_methods": 0,
    "number_of_data_fields": 59,
    "number_of_method_parameters": 0
  },
  "detector": {
    "name": "data-clumps-doctor",
    "url": "https://github.com/NilsBaumgartner1994/data-clumps-doctor",
    "version": "0.1.100",
    "options": {
      "typeVariablesConsidered": false,
      "similarityModifierOfVariablesWithUnknownType": 0,
      "fieldsOfClassesWithUnknownHierarchyProbabilityModifier": 0,
      "sharedFieldsToFieldsAmountMinimum": 3,
      "analyseFieldsInClassesOrInterfacesInheritedFromSuperClassesOrInterfaces": false,
      "sharedParametersToParametersAmountMinimum": 3,
      "sharedParametersToFieldsAmountMinimum": 3,
      "methodsOfClassesOrInterfacesWithUnknownHierarchyProbabilityModifier": 0
    }
  },
  "data_clumps": {
    "fields_to_fields_data_clump-./Comment-_9YKDYJaZEDefmaCve5rlQA-_JDnk8JaaEDefmaCve5rlQA-post_iduser_iddate_sent": {
      "type": "data_clump",
      "key": "fields_to_fields_data_clump-./Comment-_9YKDYJaZEDefmaCve5rlQA-_JDnk8JaaEDefmaCve5rlQA-post_iduser_iddate_sent",
      "probability": 1,
      "from_file_path": "./Comment",
      "from_class_or_interface_name": "Comment",
      "from_class_or_interface_key": "_9YKDYJaZEDefmaCve5rlQA",
      "from_method_name": null,
      "from_method_key": null,
      "to_file_path": "./Like",
      "to_class_or_interface_key": "_JDnk8JaaEDefmaCve5rlQA",
      "to_class_or_interface_name": "Comment",
      "to_method_key": null,
      "to_method_name": null,
      "data_clump_type": "fields_to_fields_data_clump",
      "data_clump_data": {
        "__hnDMJaZEDefmaCve5rlQA": {
          "key": "__hnDMJaZEDefmaCve5rlQA",
          "name": "post_id",
          "type": null,
          "probability": 1,
          "modifiers": [
            "public"
          ],
          "to_variable": {
            "key": "_KHSocJaaEDefmaCve5rlQA",
            "name": "post_id",
            "type": null,
            "modifiers": [
              "public"
            ],
            "position": {}
          },
          "position": {}
        },
        "__l4fMJaZEDefmaCve5rlQA": {
          "key": "__l4fMJaZEDefmaCve5rlQA",
          "name": "user_id",
          "type": null,
          "probability": 1,
          "modifiers": [
            "public"
          ],
          "to_variable": {
            "key": "_KJmVkJaaEDefmaCve5rlQA",
            "name": "user_id",
            "type": null,
            "modifiers": [
              "public"
            ],
            "position": {}
          },
          "position": {}
        },
        "__qddMJaZEDefmaCve5rlQA": {
          "key": "__qddMJaZEDefmaCve5rlQA",
          "name": "date_sent",
          "type": null,
          "probability": 1,
          "modifiers": [
            "public"
          ],
          "to_variable": {
            "key": "_MuOOcJaaEDefmaCve5rlQA",
            "name": "date_sent",
            "type": null,
            "modifiers": [
              "public"
            ],
            "position": {}
          },
          "position": {}
        }
      }
    },
    "fields_to_fields_data_clump-./Comment-_9YKDYJaZEDefmaCve5rlQA-_PU0dQZaaEDefmaCve5rlQA-post_iduser_idmention_id": {
      "type": "data_clump",
      "key": "fields_to_fields_data_clump-./Comment-_9YKDYJaZEDefmaCve5rlQA-_PU0dQZaaEDefmaCve5rlQA-post_iduser_idmention_id",
      "probability": 1,
      "from_file_path": "./Comment",
      "from_class_or_interface_name": "Comment",
      "from_class_or_interface_key": "_9YKDYJaZEDefmaCve5rlQA",
      "from_method_name": null,
      "from_method_key": null,
      "to_file_path": "./Mention",
      "to_class_or_interface_key": "_PU0dQZaaEDefmaCve5rlQA",
      "to_class_or_interface_name": "Comment",
      "to_method_key": null,
      "to_method_name": null,
      "data_clump_type": "fields_to_fields_data_clump",
      "data_clump_data": {
        "__hnDMJaZEDefmaCve5rlQA": {
          "key": "__hnDMJaZEDefmaCve5rlQA",
          "name": "post_id",
          "type": null,
          "probability": 1,
          "modifiers": [
            "public"
          ],
          "to_variable": {
            "key": "_Qa8-4ZaaEDefmaCve5rlQA",
            "name": "post_id",
            "type": null,
            "modifiers": [
              "public"
            ],
            "position": {}
          },
          "position": {}
        },
        "__l4fMJaZEDefmaCve5rlQA": {
          "key": "__l4fMJaZEDefmaCve5rlQA",
          "name": "user_id",
          "type": null,
          "probability": 1,
          "modifiers": [
            "public"
          ],
          "to_variable": {
            "key": "_QfcdUZaaEDefmaCve5rlQA",
            "name": "user_id",
            "type": null,
            "modifiers": [
              "public"
            ],
            "position": {}
          },
          "position": {}
        },
        "__tvasJaZEDefmaCve5rlQA": {
          "key": "__tvasJaZEDefmaCve5rlQA",
          "name": "mention_id",
          "type": null,
          "probability": 1,
          "modifiers": [
            "public"
          ],
          "to_variable": {
            "key": "_QJ98kZaaEDefmaCve5rlQA",
            "name": "mention_id",
            "type": null,
            "modifiers": [
              "public"
            ],
            "position": {}
          },
          "position": {}
        }
      }
    },
    "fields_to_fields_data_clump-./Comment-_9YKDYJaZEDefmaCve5rlQA-_oZXKsZaYEDefmaCve5rlQA-post_iddate_sentmention_id": {
      "type": "data_clump",
      "key": "fields_to_fields_data_clump-./Comment-_9YKDYJaZEDefmaCve5rlQA-_oZXKsZaYEDefmaCve5rlQA-post_iddate_sentmention_id",
      "probability": 1,
      "from_file_path": "./Comment",
      "from_class_or_interface_name": "Comment",
      "from_class_or_interface_key": "_9YKDYJaZEDefmaCve5rlQA",
      "from_method_name": null,
      "from_method_key": null,
      "to_file_path": "./Post",
      "to_class_or_interface_key": "_oZXKsZaYEDefmaCve5rlQA",
      "to_class_or_interface_name": "Comment",
      "to_method_key": null,
      "to_method_name": null,
      "data_clump_type": "fields_to_fields_data_clump",
      "data_clump_data": {
        "__hnDMJaZEDefmaCve5rlQA": {
          "key": "__hnDMJaZEDefmaCve5rlQA",
          "name": "post_id",
          "type": null,
          "probability": 1,
          "modifiers": [
            "public"
          ],
          "to_variable": {
            "key": "_qNcXcZaYEDefmaCve5rlQA",
            "name": "post_id",
            "type": null,
            "modifiers": [
              "public"
            ],
            "position": {}
          },
          "position": {}
        },
        "__qddMJaZEDefmaCve5rlQA": {
          "key": "__qddMJaZEDefmaCve5rlQA",
          "name": "date_sent",
          "type": null,
          "probability": 1,
          "modifiers": [
            "public"
          ],
          "to_variable": {
            "key": "_qtZC0ZaYEDefmaCve5rlQA",
            "name": "date_sent",
            "type": null,
            "modifiers": [
              "public"
            ],
            "position": {}
          },
          "position": {}
        },
        "__tvasJaZEDefmaCve5rlQA": {
          "key": "__tvasJaZEDefmaCve5rlQA",
          "name": "mention_id",
          "type": null,
          "probability": 1,
          "modifiers": [
            "public"
          ],
          "to_variable": {
            "key": "_qmyEgZaYEDefmaCve5rlQA",
            "name": "mention_id",
            "type": null,
            "modifiers": [
              "public"
            ],
            "position": {}
          },
          "position": {}
        }
      }
    },
    "fields_to_fields_data_clump-./Followers-_8h9tIZaXEDefmaCve5rlQA-_d5CmkZaYEDefmaCve5rlQA-iduser_iddate_time": {
      "type": "data_clump",
      "key": "fields_to_fields_data_clump-./Followers-_8h9tIZaXEDefmaCve5rlQA-_d5CmkZaYEDefmaCve5rlQA-iduser_iddate_time",
      "probability": 1,
      "from_file_path": "./Followers",
      "from_class_or_interface_name": "Followers",
      "from_class_or_interface_key": "_8h9tIZaXEDefmaCve5rlQA",
      "from_method_name": null,
      "from_method_key": null,
      "to_file_path": "./Following",
      "to_class_or_interface_key": "_d5CmkZaYEDefmaCve5rlQA",
      "to_class_or_interface_name": "Followers",
      "to_method_key": null,
      "to_method_name": null,
      "data_clump_type": "fields_to_fields_data_clump",
      "data_clump_data": {
        "_91GwAZaXEDefmaCve5rlQA": {
          "key": "_91GwAZaXEDefmaCve5rlQA",
          "name": "id",
          "type": null,
          "probability": 1,
          "modifiers": [
            "public"
          ],
          "to_variable": {
            "key": "_fxXaIJaYEDefmaCve5rlQA",
            "name": "id",
            "type": null,
            "modifiers": [
              "public"
            ],
            "position": {}
          },
          "position": {}
        },
        "_-QBxcZaXEDefmaCve5rlQA": {
          "key": "_-QBxcZaXEDefmaCve5rlQA",
          "name": "user_id",
          "type": null,
          "probability": 1,
          "modifiers": [
            "public"
          ],
          "to_variable": {
            "key": "_ge4ncJaYEDefmaCve5rlQA",
            "name": "user_id",
            "type": null,
            "modifiers": [
              "public"
            ],
            "position": {}
          },
          "position": {}
        },
        "_GYyBQJaYEDefmaCve5rlQA": {
          "key": "_GYyBQJaYEDefmaCve5rlQA",
          "name": "date_time",
          "type": null,
          "probability": 1,
          "modifiers": [
            "public"
          ],
          "to_variable": {
            "key": "_gpnQwZaYEDefmaCve5rlQA",
            "name": "date_time",
            "type": null,
            "modifiers": [
              "public"
            ],
            "position": {}
          },
          "position": {}
        }
      }
    },
    "fields_to_fields_data_clump-./Following-_d5CmkZaYEDefmaCve5rlQA-_8h9tIZaXEDefmaCve5rlQA-iduser_iddate_time": {
      "type": "data_clump",
      "key": "fields_to_fields_data_clump-./Following-_d5CmkZaYEDefmaCve5rlQA-_8h9tIZaXEDefmaCve5rlQA-iduser_iddate_time",
      "probability": 1,
      "from_file_path": "./Following",
      "from_class_or_interface_name": "Following",
      "from_class_or_interface_key": "_d5CmkZaYEDefmaCve5rlQA",
      "from_method_name": null,
      "from_method_key": null,
      "to_file_path": "./Followers",
      "to_class_or_interface_key": "_8h9tIZaXEDefmaCve5rlQA",
      "to_class_or_interface_name": "Following",
      "to_method_key": null,
      "to_method_name": null,
      "data_clump_type": "fields_to_fields_data_clump",
      "data_clump_data": {
        "_fxXaIJaYEDefmaCve5rlQA": {
          "key": "_fxXaIJaYEDefmaCve5rlQA",
          "name": "id",
          "type": null,
          "probability": 1,
          "modifiers": [
            "public"
          ],
          "to_variable": {
            "key": "_91GwAZaXEDefmaCve5rlQA",
            "name": "id",
            "type": null,
            "modifiers": [
              "public"
            ],
            "position": {}
          },
          "position": {}
        },
        "_ge4ncJaYEDefmaCve5rlQA": {
          "key": "_ge4ncJaYEDefmaCve5rlQA",
          "name": "user_id",
          "type": null,
          "probability": 1,
          "modifiers": [
            "public"
          ],
          "to_variable": {
            "key": "_-QBxcZaXEDefmaCve5rlQA",
            "name": "user_id",
            "type": null,
            "modifiers": [
              "public"
            ],
            "position": {}
          },
          "position": {}
        },
        "_gpnQwZaYEDefmaCve5rlQA": {
          "key": "_gpnQwZaYEDefmaCve5rlQA",
          "name": "date_time",
          "type": null,
          "probability": 1,
          "modifiers": [
            "public"
          ],
          "to_variable": {
            "key": "_GYyBQJaYEDefmaCve5rlQA",
            "name": "date_time",
            "type": null,
            "modifiers": [
              "public"
            ],
            "position": {}
          },
          "position": {}
        }
      }
    },
    "fields_to_fields_data_clump-./Like-_JDnk8JaaEDefmaCve5rlQA-_9YKDYJaZEDefmaCve5rlQA-post_iduser_iddate_sent": {
      "type": "data_clump",
      "key": "fields_to_fields_data_clump-./Like-_JDnk8JaaEDefmaCve5rlQA-_9YKDYJaZEDefmaCve5rlQA-post_iduser_iddate_sent",
      "probability": 1,
      "from_file_path": "./Like",
      "from_class_or_interface_name": "Like",
      "from_class_or_interface_key": "_JDnk8JaaEDefmaCve5rlQA",
      "from_method_name": null,
      "from_method_key": null,
      "to_file_path": "./Comment",
      "to_class_or_interface_key": "_9YKDYJaZEDefmaCve5rlQA",
      "to_class_or_interface_name": "Like",
      "to_method_key": null,
      "to_method_name": null,
      "data_clump_type": "fields_to_fields_data_clump",
      "data_clump_data": {
        "_KHSocJaaEDefmaCve5rlQA": {
          "key": "_KHSocJaaEDefmaCve5rlQA",
          "name": "post_id",
          "type": null,
          "probability": 1,
          "modifiers": [
            "public"
          ],
          "to_variable": {
            "key": "__hnDMJaZEDefmaCve5rlQA",
            "name": "post_id",
            "type": null,
            "modifiers": [
              "public"
            ],
            "position": {}
          },
          "position": {}
        },
        "_KJmVkJaaEDefmaCve5rlQA": {
          "key": "_KJmVkJaaEDefmaCve5rlQA",
          "name": "user_id",
          "type": null,
          "probability": 1,
          "modifiers": [
            "public"
          ],
          "to_variable": {
            "key": "__l4fMJaZEDefmaCve5rlQA",
            "name": "user_id",
            "type": null,
            "modifiers": [
              "public"
            ],
            "position": {}
          },
          "position": {}
        },
        "_MuOOcJaaEDefmaCve5rlQA": {
          "key": "_MuOOcJaaEDefmaCve5rlQA",
          "name": "date_sent",
          "type": null,
          "probability": 1,
          "modifiers": [
            "public"
          ],
          "to_variable": {
            "key": "__qddMJaZEDefmaCve5rlQA",
            "name": "date_sent",
            "type": null,
            "modifiers": [
              "public"
            ],
            "position": {}
          },
          "position": {}
        }
      }
    },
    "fields_to_fields_data_clump-./Mention-_PU0dQZaaEDefmaCve5rlQA-_9YKDYJaZEDefmaCve5rlQA-mention_idpost_iduser_id": {
      "type": "data_clump",
      "key": "fields_to_fields_data_clump-./Mention-_PU0dQZaaEDefmaCve5rlQA-_9YKDYJaZEDefmaCve5rlQA-mention_idpost_iduser_id",
      "probability": 1,
      "from_file_path": "./Mention",
      "from_class_or_interface_name": "Mention",
      "from_class_or_interface_key": "_PU0dQZaaEDefmaCve5rlQA",
      "from_method_name": null,
      "from_method_key": null,
      "to_file_path": "./Comment",
      "to_class_or_interface_key": "_9YKDYJaZEDefmaCve5rlQA",
      "to_class_or_interface_name": "Mention",
      "to_method_key": null,
      "to_method_name": null,
      "data_clump_type": "fields_to_fields_data_clump",
      "data_clump_data": {
        "_QJ98kZaaEDefmaCve5rlQA": {
          "key": "_QJ98kZaaEDefmaCve5rlQA",
          "name": "mention_id",
          "type": null,
          "probability": 1,
          "modifiers": [
            "public"
          ],
          "to_variable": {
            "key": "__tvasJaZEDefmaCve5rlQA",
            "name": "mention_id",
            "type": null,
            "modifiers": [
              "public"
            ],
            "position": {}
          },
          "position": {}
        },
        "_Qa8-4ZaaEDefmaCve5rlQA": {
          "key": "_Qa8-4ZaaEDefmaCve5rlQA",
          "name": "post_id",
          "type": null,
          "probability": 1,
          "modifiers": [
            "public"
          ],
          "to_variable": {
            "key": "__hnDMJaZEDefmaCve5rlQA",
            "name": "post_id",
            "type": null,
            "modifiers": [
              "public"
            ],
            "position": {}
          },
          "position": {}
        },
        "_QfcdUZaaEDefmaCve5rlQA": {
          "key": "_QfcdUZaaEDefmaCve5rlQA",
          "name": "user_id",
          "type": null,
          "probability": 1,
          "modifiers": [
            "public"
          ],
          "to_variable": {
            "key": "__l4fMJaZEDefmaCve5rlQA",
            "name": "user_id",
            "type": null,
            "modifiers": [
              "public"
            ],
            "position": {}
          },
          "position": {}
        }
      }
    },
    "fields_to_fields_data_clump-./Post-_oZXKsZaYEDefmaCve5rlQA-_9YKDYJaZEDefmaCve5rlQA-post_idmention_iddate_sent": {
      "type": "data_clump",
      "key": "fields_to_fields_data_clump-./Post-_oZXKsZaYEDefmaCve5rlQA-_9YKDYJaZEDefmaCve5rlQA-post_idmention_iddate_sent",
      "probability": 1,
      "from_file_path": "./Post",
      "from_class_or_interface_name": "Post",
      "from_class_or_interface_key": "_oZXKsZaYEDefmaCve5rlQA",
      "from_method_name": null,
      "from_method_key": null,
      "to_file_path": "./Comment",
      "to_class_or_interface_key": "_9YKDYJaZEDefmaCve5rlQA",
      "to_class_or_interface_name": "Post",
      "to_method_key": null,
      "to_method_name": null,
      "data_clump_type": "fields_to_fields_data_clump",
      "data_clump_data": {
        "_qNcXcZaYEDefmaCve5rlQA": {
          "key": "_qNcXcZaYEDefmaCve5rlQA",
          "name": "post_id",
          "type": null,
          "probability": 1,
          "modifiers": [
            "public"
          ],
          "to_variable": {
            "key": "__hnDMJaZEDefmaCve5rlQA",
            "name": "post_id",
            "type": null,
            "modifiers": [
              "public"
            ],
            "position": {}
          },
          "position": {}
        },
        "_qmyEgZaYEDefmaCve5rlQA": {
          "key": "_qmyEgZaYEDefmaCve5rlQA",
          "name": "mention_id",
          "type": null,
          "probability": 1,
          "modifiers": [
            "public"
          ],
          "to_variable": {
            "key": "__tvasJaZEDefmaCve5rlQA",
            "name": "mention_id",
            "type": null,
            "modifiers": [
              "public"
            ],
            "position": {}
          },
          "position": {}
        },
        "_qtZC0ZaYEDefmaCve5rlQA": {
          "key": "_qtZC0ZaYEDefmaCve5rlQA",
          "name": "date_sent",
          "type": null,
          "probability": 1,
          "modifiers": [
            "public"
          ],
          "to_variable": {
            "key": "__qddMJaZEDefmaCve5rlQA",
            "name": "date_sent",
            "type": null,
            "modifiers": [
              "public"
            ],
            "position": {}
          },
          "position": {}
        }
      }
    }
  }
}