{
  "report_version": "unknown",
  "report_timestamp": "2025-03-26T22:20:20.841Z",
  "target_language": "java",
  "report_summary": {
    "additional": null,
    "amount_classes_or_interfaces_with_data_clumps": 2,
    "amount_files_with_data_clumps": 2,
    "amount_methods_with_data_clumps": 0,
    "fields_to_fields_data_clump": 2,
    "parameters_to_fields_data_clump": 0,
    "parameters_to_parameters_data_clump": 0,
    "amount_data_clumps": 2
  },
  "project_info": {
    "project_url": "unknown_project_url",
    "project_name": "_41FmQJcrEeeaCsv2qBF4QA",
    "project_version": "unknown_project_version",
    "project_commit_hash": "unknown",
    "project_tag": null,
    "project_commit_date": null,
    "additional": {},
    "number_of_files": 9,
    "number_of_classes_or_interfaces": 9,
    "number_of_methods": 36,
    "number_of_data_fields": 38,
    "number_of_method_parameters": 0
  },
  "detector": {
    "name": "data-clumps-doctor",
    "url": "https://github.com/NilsBaumgartner1994/data-clumps-doctor",
    "version": "0.1.100",
    "options": {
      "typeVariablesConsidered": false,
      "similarityModifierOfVariablesWithUnknownType": 0,
      "fieldsOfClassesWithUnknownHierarchyProbabilityModifier": 0,
      "sharedFieldsToFieldsAmountMinimum": 3,
      "analyseFieldsInClassesOrInterfacesInheritedFromSuperClassesOrInterfaces": false,
      "sharedParametersToParametersAmountMinimum": 3,
      "sharedParametersToFieldsAmountMinimum": 3,
      "methodsOfClassesOrInterfacesWithUnknownHierarchyProbabilityModifier": 0
    }
  },
  "data_clumps": {
    "fields_to_fields_data_clump-./LiveClassroom-_BtBjkHqZEDWzeZyiRxqedQ-_k-BogXqYEDWzeZyiRxqedQ-ModuleCodeTeacherStudents": {
      "type": "data_clump",
      "key": "fields_to_fields_data_clump-./LiveClassroom-_BtBjkHqZEDWzeZyiRxqedQ-_k-BogXqYEDWzeZyiRxqedQ-ModuleCodeTeacherStudents",
      "probability": 1,
      "from_file_path": "./LiveClassroom",
      "from_class_or_interface_name": "LiveClassroom",
      "from_class_or_interface_key": "_BtBjkHqZEDWzeZyiRxqedQ",
      "from_method_name": null,
      "from_method_key": null,
      "to_file_path": "./Module",
      "to_class_or_interface_key": "_k-BogXqYEDWzeZyiRxqedQ",
      "to_class_or_interface_name": "LiveClassroom",
      "to_method_key": null,
      "to_method_name": null,
      "data_clump_type": "fields_to_fields_data_clump",
      "data_clump_data": {
        "_1cCBIHqaEDWzeZyiRxqedQ": {
          "key": "_1cCBIHqaEDWzeZyiRxqedQ",
          "name": "ModuleCode",
          "type": null,
          "probability": 1,
          "modifiers": [],
          "to_variable": {
            "key": "_VCOoQHqaEDWzeZyiRxqedQ",
            "name": "ModuleCode",
            "type": null,
            "modifiers": [],
            "position": {}
          },
          "position": {}
        },
        "_48EZYHqaEDWzeZyiRxqedQ": {
          "key": "_48EZYHqaEDWzeZyiRxqedQ",
          "name": "Teacher",
          "type": null,
          "probability": 1,
          "modifiers": [],
          "to_variable": {
            "key": "_ZZT9QHqaEDWzeZyiRxqedQ",
            "name": "Teacher",
            "type": null,
            "modifiers": [],
            "position": {}
          },
          "position": {}
        },
        "_7PE90HqaEDWzeZyiRxqedQ": {
          "key": "_7PE90HqaEDWzeZyiRxqedQ",
          "name": "Students",
          "type": null,
          "probability": 1,
          "modifiers": [],
          "to_variable": {
            "key": "_at38cHqaEDWzeZyiRxqedQ",
            "name": "Students",
            "type": null,
            "modifiers": [],
            "position": {}
          },
          "position": {}
        }
      }
    },
    "fields_to_fields_data_clump-./Module-_k-BogXqYEDWzeZyiRxqedQ-_BtBjkHqZEDWzeZyiRxqedQ-ModuleCodeTeacherStudents": {
      "type": "data_clump",
      "key": "fields_to_fields_data_clump-./Module-_k-BogXqYEDWzeZyiRxqedQ-_BtBjkHqZEDWzeZyiRxqedQ-ModuleCodeTeacherStudents",
      "probability": 1,
      "from_file_path": "./Module",
      "from_class_or_interface_name": "Module",
      "from_class_or_interface_key": "_k-BogXqYEDWzeZyiRxqedQ",
      "from_method_name": null,
      "from_method_key": null,
      "to_file_path": "./LiveClassroom",
      "to_class_or_interface_key": "_BtBjkHqZEDWzeZyiRxqedQ",
      "to_class_or_interface_name": "Module",
      "to_method_key": null,
      "to_method_name": null,
      "data_clump_type": "fields_to_fields_data_clump",
      "data_clump_data": {
        "_VCOoQHqaEDWzeZyiRxqedQ": {
          "key": "_VCOoQHqaEDWzeZyiRxqedQ",
          "name": "ModuleCode",
          "type": null,
          "probability": 1,
          "modifiers": [],
          "to_variable": {
            "key": "_1cCBIHqaEDWzeZyiRxqedQ",
            "name": "ModuleCode",
            "type": null,
            "modifiers": [],
            "position": {}
          },
          "position": {}
        },
        "_ZZT9QHqaEDWzeZyiRxqedQ": {
          "key": "_ZZT9QHqaEDWzeZyiRxqedQ",
          "name": "Teacher",
          "type": null,
          "probability": 1,
          "modifiers": [],
          "to_variable": {
            "key": "_48EZYHqaEDWzeZyiRxqedQ",
            "name": "Teacher",
            "type": null,
            "modifiers": [],
            "position": {}
          },
          "position": {}
        },
        "_at38cHqaEDWzeZyiRxqedQ": {
          "key": "_at38cHqaEDWzeZyiRxqedQ",
          "name": "Students",
          "type": null,
          "probability": 1,
          "modifiers": [],
          "to_variable": {
            "key": "_7PE90HqaEDWzeZyiRxqedQ",
            "name": "Students",
            "type": null,
            "modifiers": [],
            "position": {}
          },
          "position": {}
        }
      }
    }
  }
}