{
  "report_version": "unknown",
  "report_timestamp": "2025-03-26T22:44:59.380Z",
  "target_language": "java",
  "report_summary": {
    "additional": null,
    "amount_classes_or_interfaces_with_data_clumps": 2,
    "amount_files_with_data_clumps": 2,
    "amount_methods_with_data_clumps": 0,
    "fields_to_fields_data_clump": 2,
    "parameters_to_fields_data_clump": 0,
    "parameters_to_parameters_data_clump": 0,
    "amount_data_clumps": 2
  },
  "project_info": {
    "project_url": "unknown_project_url",
    "project_name": "2b3ff12b-c506-4c83-be3f-5a6458eab58e",
    "project_version": "unknown_project_version",
    "project_commit_hash": "unknown",
    "project_tag": null,
    "project_commit_date": null,
    "additional": {},
    "number_of_files": 16,
    "number_of_classes_or_interfaces": 16,
    "number_of_methods": 48,
    "number_of_data_fields": 36,
    "number_of_method_parameters": 6
  },
  "detector": {
    "name": "data-clumps-doctor",
    "url": "https://github.com/NilsBaumgartner1994/data-clumps-doctor",
    "version": "0.1.100",
    "options": {
      "typeVariablesConsidered": false,
      "similarityModifierOfVariablesWithUnknownType": 0,
      "fieldsOfClassesWithUnknownHierarchyProbabilityModifier": 0,
      "sharedFieldsToFieldsAmountMinimum": 3,
      "analyseFieldsInClassesOrInterfacesInheritedFromSuperClassesOrInterfaces": false,
      "sharedParametersToParametersAmountMinimum": 3,
      "sharedParametersToFieldsAmountMinimum": 3,
      "methodsOfClassesOrInterfacesWithUnknownHierarchyProbabilityModifier": 0
    }
  },
  "data_clumps": {
    "fields_to_fields_data_clump-./Profile-_eVsGIG9jEDey7cg3xyCnrA-_FV9t4G7OEDey7cg3xyCnrA-namelastnameusernamepicture": {
      "type": "data_clump",
      "key": "fields_to_fields_data_clump-./Profile-_eVsGIG9jEDey7cg3xyCnrA-_FV9t4G7OEDey7cg3xyCnrA-namelastnameusernamepicture",
      "probability": 1,
      "from_file_path": "./Profile",
      "from_class_or_interface_name": "Profile",
      "from_class_or_interface_key": "_eVsGIG9jEDey7cg3xyCnrA",
      "from_method_name": null,
      "from_method_key": null,
      "to_file_path": "./signup",
      "to_class_or_interface_key": "_FV9t4G7OEDey7cg3xyCnrA",
      "to_class_or_interface_name": "Profile",
      "to_method_key": null,
      "to_method_name": null,
      "data_clump_type": "fields_to_fields_data_clump",
      "data_clump_data": {
        "_wvxmYG9kEDey7cg3xyCnrA": {
          "key": "_wvxmYG9kEDey7cg3xyCnrA",
          "name": "name",
          "type": null,
          "probability": 1,
          "modifiers": [],
          "to_variable": {
            "key": "_TaG-EG7OEDey7cg3xyCnrA",
            "name": "name",
            "type": null,
            "modifiers": [],
            "position": {}
          },
          "position": {}
        },
        "_zqPMYW9kEDey7cg3xyCnrA": {
          "key": "_zqPMYW9kEDey7cg3xyCnrA",
          "name": "lastname",
          "type": null,
          "probability": 1,
          "modifiers": [
            "public"
          ],
          "to_variable": {
            "key": "_fADGcG7OEDey7cg3xyCnrA",
            "name": "lastname",
            "type": null,
            "modifiers": [
              "public"
            ],
            "position": {}
          },
          "position": {}
        },
        "_0LWVYW9kEDey7cg3xyCnrA": {
          "key": "_0LWVYW9kEDey7cg3xyCnrA",
          "name": "username",
          "type": null,
          "probability": 1,
          "modifiers": [
            "public"
          ],
          "to_variable": {
            "key": "_jGmPoG7PEDey7cg3xyCnrA",
            "name": "username",
            "type": null,
            "modifiers": [
              "public"
            ],
            "position": {}
          },
          "position": {}
        },
        "_0khqYG9kEDey7cg3xyCnrA": {
          "key": "_0khqYG9kEDey7cg3xyCnrA",
          "name": "picture",
          "type": null,
          "probability": 1,
          "modifiers": [
            "public"
          ],
          "to_variable": {
            "key": "_94830G7PEDey7cg3xyCnrA",
            "name": "picture",
            "type": null,
            "modifiers": [
              "public"
            ],
            "position": {}
          },
          "position": {}
        }
      }
    },
    "fields_to_fields_data_clump-./signup-_FV9t4G7OEDey7cg3xyCnrA-_eVsGIG9jEDey7cg3xyCnrA-namelastnameusernamepicture": {
      "type": "data_clump",
      "key": "fields_to_fields_data_clump-./signup-_FV9t4G7OEDey7cg3xyCnrA-_eVsGIG9jEDey7cg3xyCnrA-namelastnameusernamepicture",
      "probability": 1,
      "from_file_path": "./signup",
      "from_class_or_interface_name": "signup",
      "from_class_or_interface_key": "_FV9t4G7OEDey7cg3xyCnrA",
      "from_method_name": null,
      "from_method_key": null,
      "to_file_path": "./Profile",
      "to_class_or_interface_key": "_eVsGIG9jEDey7cg3xyCnrA",
      "to_class_or_interface_name": "signup",
      "to_method_key": null,
      "to_method_name": null,
      "data_clump_type": "fields_to_fields_data_clump",
      "data_clump_data": {
        "_TaG-EG7OEDey7cg3xyCnrA": {
          "key": "_TaG-EG7OEDey7cg3xyCnrA",
          "name": "name",
          "type": null,
          "probability": 1,
          "modifiers": [],
          "to_variable": {
            "key": "_wvxmYG9kEDey7cg3xyCnrA",
            "name": "name",
            "type": null,
            "modifiers": [],
            "position": {}
          },
          "position": {}
        },
        "_fADGcG7OEDey7cg3xyCnrA": {
          "key": "_fADGcG7OEDey7cg3xyCnrA",
          "name": "lastname",
          "type": null,
          "probability": 1,
          "modifiers": [
            "public"
          ],
          "to_variable": {
            "key": "_zqPMYW9kEDey7cg3xyCnrA",
            "name": "lastname",
            "type": null,
            "modifiers": [
              "public"
            ],
            "position": {}
          },
          "position": {}
        },
        "_jGmPoG7PEDey7cg3xyCnrA": {
          "key": "_jGmPoG7PEDey7cg3xyCnrA",
          "name": "username",
          "type": null,
          "probability": 1,
          "modifiers": [
            "public"
          ],
          "to_variable": {
            "key": "_0LWVYW9kEDey7cg3xyCnrA",
            "name": "username",
            "type": null,
            "modifiers": [
              "public"
            ],
            "position": {}
          },
          "position": {}
        },
        "_94830G7PEDey7cg3xyCnrA": {
          "key": "_94830G7PEDey7cg3xyCnrA",
          "name": "picture",
          "type": null,
          "probability": 1,
          "modifiers": [
            "public"
          ],
          "to_variable": {
            "key": "_0khqYG9kEDey7cg3xyCnrA",
            "name": "picture",
            "type": null,
            "modifiers": [
              "public"
            ],
            "position": {}
          },
          "position": {}
        }
      }
    }
  }
}