{
  "report_version": "unknown",
  "report_timestamp": "2025-03-26T22:47:27.531Z",
  "target_language": "java",
  "report_summary": {
    "additional": null,
    "amount_classes_or_interfaces_with_data_clumps": 3,
    "amount_files_with_data_clumps": 3,
    "amount_methods_with_data_clumps": 0,
    "fields_to_fields_data_clump": 6,
    "parameters_to_fields_data_clump": 0,
    "parameters_to_parameters_data_clump": 0,
    "amount_data_clumps": 6
  },
  "project_info": {
    "project_url": "unknown_project_url",
    "project_name": "_FtEq8MyvEeibQpyOKImIPg",
    "project_version": "unknown_project_version",
    "project_commit_hash": "unknown",
    "project_tag": null,
    "project_commit_date": null,
    "additional": {},
    "number_of_files": 6,
    "number_of_classes_or_interfaces": 6,
    "number_of_methods": 1,
    "number_of_data_fields": 15,
    "number_of_method_parameters": 0
  },
  "detector": {
    "name": "data-clumps-doctor",
    "url": "https://github.com/NilsBaumgartner1994/data-clumps-doctor",
    "version": "0.1.100",
    "options": {
      "typeVariablesConsidered": false,
      "similarityModifierOfVariablesWithUnknownType": 0,
      "fieldsOfClassesWithUnknownHierarchyProbabilityModifier": 0,
      "sharedFieldsToFieldsAmountMinimum": 3,
      "analyseFieldsInClassesOrInterfacesInheritedFromSuperClassesOrInterfaces": false,
      "sharedParametersToParametersAmountMinimum": 3,
      "sharedParametersToFieldsAmountMinimum": 3,
      "methodsOfClassesOrInterfacesWithUnknownHierarchyProbabilityModifier": 0
    }
  },
  "data_clumps": {
    "fields_to_fields_data_clump-./Etudiant1-_Pqx6YK9UEDakO4x2gviyBg-_eVA6Ma9UEDakO4x2gviyBg-idEtudiantnomprenom": {
      "type": "data_clump",
      "key": "fields_to_fields_data_clump-./Etudiant1-_Pqx6YK9UEDakO4x2gviyBg-_eVA6Ma9UEDakO4x2gviyBg-idEtudiantnomprenom",
      "probability": 1,
      "from_file_path": "./Etudiant1",
      "from_class_or_interface_name": "Etudiant1",
      "from_class_or_interface_key": "_Pqx6YK9UEDakO4x2gviyBg",
      "from_method_name": null,
      "from_method_key": null,
      "to_file_path": "./Etudiant2",
      "to_class_or_interface_key": "_eVA6Ma9UEDakO4x2gviyBg",
      "to_class_or_interface_name": "Etudiant1",
      "to_method_key": null,
      "to_method_name": null,
      "data_clump_type": "fields_to_fields_data_clump",
      "data_clump_data": {
        "_PqzIgK9UEDakO4x2gviyBg": {
          "key": "_PqzIgK9UEDakO4x2gviyBg",
          "name": "idEtudiant",
          "type": null,
          "probability": 1,
          "modifiers": [
            "private"
          ],
          "to_variable": {
            "key": "_eVA6Mq9UEDakO4x2gviyBg",
            "name": "idEtudiant",
            "type": null,
            "modifiers": [
              "private"
            ],
            "position": {}
          },
          "position": {}
        },
        "_PqzIga9UEDakO4x2gviyBg": {
          "key": "_PqzIga9UEDakO4x2gviyBg",
          "name": "nom",
          "type": null,
          "probability": 1,
          "modifiers": [
            "private"
          ],
          "to_variable": {
            "key": "_eVBhQK9UEDakO4x2gviyBg",
            "name": "nom",
            "type": null,
            "modifiers": [
              "private"
            ],
            "position": {}
          },
          "position": {}
        },
        "_PqzIgq9UEDakO4x2gviyBg": {
          "key": "_PqzIgq9UEDakO4x2gviyBg",
          "name": "prenom",
          "type": null,
          "probability": 1,
          "modifiers": [
            "private"
          ],
          "to_variable": {
            "key": "_eVBhQa9UEDakO4x2gviyBg",
            "name": "prenom",
            "type": null,
            "modifiers": [
              "private"
            ],
            "position": {}
          },
          "position": {}
        }
      }
    },
    "fields_to_fields_data_clump-./Etudiant1-_Pqx6YK9UEDakO4x2gviyBg-_hauG4K9UEDakO4x2gviyBg-idEtudiantnomprenom": {
      "type": "data_clump",
      "key": "fields_to_fields_data_clump-./Etudiant1-_Pqx6YK9UEDakO4x2gviyBg-_hauG4K9UEDakO4x2gviyBg-idEtudiantnomprenom",
      "probability": 1,
      "from_file_path": "./Etudiant1",
      "from_class_or_interface_name": "Etudiant1",
      "from_class_or_interface_key": "_Pqx6YK9UEDakO4x2gviyBg",
      "from_method_name": null,
      "from_method_key": null,
      "to_file_path": "./Etudiant3",
      "to_class_or_interface_key": "_hauG4K9UEDakO4x2gviyBg",
      "to_class_or_interface_name": "Etudiant1",
      "to_method_key": null,
      "to_method_name": null,
      "data_clump_type": "fields_to_fields_data_clump",
      "data_clump_data": {
        "_PqzIgK9UEDakO4x2gviyBg": {
          "key": "_PqzIgK9UEDakO4x2gviyBg",
          "name": "idEtudiant",
          "type": null,
          "probability": 1,
          "modifiers": [
            "private"
          ],
          "to_variable": {
            "key": "_hauG4a9UEDakO4x2gviyBg",
            "name": "idEtudiant",
            "type": null,
            "modifiers": [
              "private"
            ],
            "position": {}
          },
          "position": {}
        },
        "_PqzIga9UEDakO4x2gviyBg": {
          "key": "_PqzIga9UEDakO4x2gviyBg",
          "name": "nom",
          "type": null,
          "probability": 1,
          "modifiers": [
            "private"
          ],
          "to_variable": {
            "key": "_haut8K9UEDakO4x2gviyBg",
            "name": "nom",
            "type": null,
            "modifiers": [
              "private"
            ],
            "position": {}
          },
          "position": {}
        },
        "_PqzIgq9UEDakO4x2gviyBg": {
          "key": "_PqzIgq9UEDakO4x2gviyBg",
          "name": "prenom",
          "type": null,
          "probability": 1,
          "modifiers": [
            "private"
          ],
          "to_variable": {
            "key": "_haut8a9UEDakO4x2gviyBg",
            "name": "prenom",
            "type": null,
            "modifiers": [
              "private"
            ],
            "position": {}
          },
          "position": {}
        }
      }
    },
    "fields_to_fields_data_clump-./Etudiant2-_eVA6Ma9UEDakO4x2gviyBg-_Pqx6YK9UEDakO4x2gviyBg-idEtudiantnomprenom": {
      "type": "data_clump",
      "key": "fields_to_fields_data_clump-./Etudiant2-_eVA6Ma9UEDakO4x2gviyBg-_Pqx6YK9UEDakO4x2gviyBg-idEtudiantnomprenom",
      "probability": 1,
      "from_file_path": "./Etudiant2",
      "from_class_or_interface_name": "Etudiant2",
      "from_class_or_interface_key": "_eVA6Ma9UEDakO4x2gviyBg",
      "from_method_name": null,
      "from_method_key": null,
      "to_file_path": "./Etudiant1",
      "to_class_or_interface_key": "_Pqx6YK9UEDakO4x2gviyBg",
      "to_class_or_interface_name": "Etudiant2",
      "to_method_key": null,
      "to_method_name": null,
      "data_clump_type": "fields_to_fields_data_clump",
      "data_clump_data": {
        "_eVA6Mq9UEDakO4x2gviyBg": {
          "key": "_eVA6Mq9UEDakO4x2gviyBg",
          "name": "idEtudiant",
          "type": null,
          "probability": 1,
          "modifiers": [
            "private"
          ],
          "to_variable": {
            "key": "_PqzIgK9UEDakO4x2gviyBg",
            "name": "idEtudiant",
            "type": null,
            "modifiers": [
              "private"
            ],
            "position": {}
          },
          "position": {}
        },
        "_eVBhQK9UEDakO4x2gviyBg": {
          "key": "_eVBhQK9UEDakO4x2gviyBg",
          "name": "nom",
          "type": null,
          "probability": 1,
          "modifiers": [
            "private"
          ],
          "to_variable": {
            "key": "_PqzIga9UEDakO4x2gviyBg",
            "name": "nom",
            "type": null,
            "modifiers": [
              "private"
            ],
            "position": {}
          },
          "position": {}
        },
        "_eVBhQa9UEDakO4x2gviyBg": {
          "key": "_eVBhQa9UEDakO4x2gviyBg",
          "name": "prenom",
          "type": null,
          "probability": 1,
          "modifiers": [
            "private"
          ],
          "to_variable": {
            "key": "_PqzIgq9UEDakO4x2gviyBg",
            "name": "prenom",
            "type": null,
            "modifiers": [
              "private"
            ],
            "position": {}
          },
          "position": {}
        }
      }
    },
    "fields_to_fields_data_clump-./Etudiant2-_eVA6Ma9UEDakO4x2gviyBg-_hauG4K9UEDakO4x2gviyBg-idEtudiantnomprenom": {
      "type": "data_clump",
      "key": "fields_to_fields_data_clump-./Etudiant2-_eVA6Ma9UEDakO4x2gviyBg-_hauG4K9UEDakO4x2gviyBg-idEtudiantnomprenom",
      "probability": 1,
      "from_file_path": "./Etudiant2",
      "from_class_or_interface_name": "Etudiant2",
      "from_class_or_interface_key": "_eVA6Ma9UEDakO4x2gviyBg",
      "from_method_name": null,
      "from_method_key": null,
      "to_file_path": "./Etudiant3",
      "to_class_or_interface_key": "_hauG4K9UEDakO4x2gviyBg",
      "to_class_or_interface_name": "Etudiant2",
      "to_method_key": null,
      "to_method_name": null,
      "data_clump_type": "fields_to_fields_data_clump",
      "data_clump_data": {
        "_eVA6Mq9UEDakO4x2gviyBg": {
          "key": "_eVA6Mq9UEDakO4x2gviyBg",
          "name": "idEtudiant",
          "type": null,
          "probability": 1,
          "modifiers": [
            "private"
          ],
          "to_variable": {
            "key": "_hauG4a9UEDakO4x2gviyBg",
            "name": "idEtudiant",
            "type": null,
            "modifiers": [
              "private"
            ],
            "position": {}
          },
          "position": {}
        },
        "_eVBhQK9UEDakO4x2gviyBg": {
          "key": "_eVBhQK9UEDakO4x2gviyBg",
          "name": "nom",
          "type": null,
          "probability": 1,
          "modifiers": [
            "private"
          ],
          "to_variable": {
            "key": "_haut8K9UEDakO4x2gviyBg",
            "name": "nom",
            "type": null,
            "modifiers": [
              "private"
            ],
            "position": {}
          },
          "position": {}
        },
        "_eVBhQa9UEDakO4x2gviyBg": {
          "key": "_eVBhQa9UEDakO4x2gviyBg",
          "name": "prenom",
          "type": null,
          "probability": 1,
          "modifiers": [
            "private"
          ],
          "to_variable": {
            "key": "_haut8a9UEDakO4x2gviyBg",
            "name": "prenom",
            "type": null,
            "modifiers": [
              "private"
            ],
            "position": {}
          },
          "position": {}
        }
      }
    },
    "fields_to_fields_data_clump-./Etudiant3-_hauG4K9UEDakO4x2gviyBg-_Pqx6YK9UEDakO4x2gviyBg-idEtudiantnomprenom": {
      "type": "data_clump",
      "key": "fields_to_fields_data_clump-./Etudiant3-_hauG4K9UEDakO4x2gviyBg-_Pqx6YK9UEDakO4x2gviyBg-idEtudiantnomprenom",
      "probability": 1,
      "from_file_path": "./Etudiant3",
      "from_class_or_interface_name": "Etudiant3",
      "from_class_or_interface_key": "_hauG4K9UEDakO4x2gviyBg",
      "from_method_name": null,
      "from_method_key": null,
      "to_file_path": "./Etudiant1",
      "to_class_or_interface_key": "_Pqx6YK9UEDakO4x2gviyBg",
      "to_class_or_interface_name": "Etudiant3",
      "to_method_key": null,
      "to_method_name": null,
      "data_clump_type": "fields_to_fields_data_clump",
      "data_clump_data": {
        "_hauG4a9UEDakO4x2gviyBg": {
          "key": "_hauG4a9UEDakO4x2gviyBg",
          "name": "idEtudiant",
          "type": null,
          "probability": 1,
          "modifiers": [
            "private"
          ],
          "to_variable": {
            "key": "_PqzIgK9UEDakO4x2gviyBg",
            "name": "idEtudiant",
            "type": null,
            "modifiers": [
              "private"
            ],
            "position": {}
          },
          "position": {}
        },
        "_haut8K9UEDakO4x2gviyBg": {
          "key": "_haut8K9UEDakO4x2gviyBg",
          "name": "nom",
          "type": null,
          "probability": 1,
          "modifiers": [
            "private"
          ],
          "to_variable": {
            "key": "_PqzIga9UEDakO4x2gviyBg",
            "name": "nom",
            "type": null,
            "modifiers": [
              "private"
            ],
            "position": {}
          },
          "position": {}
        },
        "_haut8a9UEDakO4x2gviyBg": {
          "key": "_haut8a9UEDakO4x2gviyBg",
          "name": "prenom",
          "type": null,
          "probability": 1,
          "modifiers": [
            "private"
          ],
          "to_variable": {
            "key": "_PqzIgq9UEDakO4x2gviyBg",
            "name": "prenom",
            "type": null,
            "modifiers": [
              "private"
            ],
            "position": {}
          },
          "position": {}
        }
      }
    },
    "fields_to_fields_data_clump-./Etudiant3-_hauG4K9UEDakO4x2gviyBg-_eVA6Ma9UEDakO4x2gviyBg-idEtudiantnomprenom": {
      "type": "data_clump",
      "key": "fields_to_fields_data_clump-./Etudiant3-_hauG4K9UEDakO4x2gviyBg-_eVA6Ma9UEDakO4x2gviyBg-idEtudiantnomprenom",
      "probability": 1,
      "from_file_path": "./Etudiant3",
      "from_class_or_interface_name": "Etudiant3",
      "from_class_or_interface_key": "_hauG4K9UEDakO4x2gviyBg",
      "from_method_name": null,
      "from_method_key": null,
      "to_file_path": "./Etudiant2",
      "to_class_or_interface_key": "_eVA6Ma9UEDakO4x2gviyBg",
      "to_class_or_interface_name": "Etudiant3",
      "to_method_key": null,
      "to_method_name": null,
      "data_clump_type": "fields_to_fields_data_clump",
      "data_clump_data": {
        "_hauG4a9UEDakO4x2gviyBg": {
          "key": "_hauG4a9UEDakO4x2gviyBg",
          "name": "idEtudiant",
          "type": null,
          "probability": 1,
          "modifiers": [
            "private"
          ],
          "to_variable": {
            "key": "_eVA6Mq9UEDakO4x2gviyBg",
            "name": "idEtudiant",
            "type": null,
            "modifiers": [
              "private"
            ],
            "position": {}
          },
          "position": {}
        },
        "_haut8K9UEDakO4x2gviyBg": {
          "key": "_haut8K9UEDakO4x2gviyBg",
          "name": "nom",
          "type": null,
          "probability": 1,
          "modifiers": [
            "private"
          ],
          "to_variable": {
            "key": "_eVBhQK9UEDakO4x2gviyBg",
            "name": "nom",
            "type": null,
            "modifiers": [
              "private"
            ],
            "position": {}
          },
          "position": {}
        },
        "_haut8a9UEDakO4x2gviyBg": {
          "key": "_haut8a9UEDakO4x2gviyBg",
          "name": "prenom",
          "type": null,
          "probability": 1,
          "modifiers": [
            "private"
          ],
          "to_variable": {
            "key": "_eVBhQa9UEDakO4x2gviyBg",
            "name": "prenom",
            "type": null,
            "modifiers": [
              "private"
            ],
            "position": {}
          },
          "position": {}
        }
      }
    }
  }
}