{
  "report_version": "unknown",
  "report_timestamp": "2025-03-26T21:56:29.446Z",
  "target_language": "java",
  "report_summary": {
    "additional": null,
    "amount_classes_or_interfaces_with_data_clumps": 2,
    "amount_files_with_data_clumps": 2,
    "amount_methods_with_data_clumps": 0,
    "fields_to_fields_data_clump": 2,
    "parameters_to_fields_data_clump": 0,
    "parameters_to_parameters_data_clump": 0,
    "amount_data_clumps": 2
  },
  "project_info": {
    "project_url": "unknown_project_url",
    "project_name": "_n5z0IB2_EeSCHNJdddddKw",
    "project_version": "unknown_project_version",
    "project_commit_hash": "unknown",
    "project_tag": null,
    "project_commit_date": null,
    "additional": {},
    "number_of_files": 18,
    "number_of_classes_or_interfaces": 18,
    "number_of_methods": 7,
    "number_of_data_fields": 115,
    "number_of_method_parameters": 1
  },
  "detector": {
    "name": "data-clumps-doctor",
    "url": "https://github.com/NilsBaumgartner1994/data-clumps-doctor",
    "version": "0.1.100",
    "options": {
      "typeVariablesConsidered": false,
      "similarityModifierOfVariablesWithUnknownType": 0,
      "fieldsOfClassesWithUnknownHierarchyProbabilityModifier": 0,
      "sharedFieldsToFieldsAmountMinimum": 3,
      "analyseFieldsInClassesOrInterfacesInheritedFromSuperClassesOrInterfaces": false,
      "sharedParametersToParametersAmountMinimum": 3,
      "sharedParametersToFieldsAmountMinimum": 3,
      "methodsOfClassesOrInterfacesWithUnknownHierarchyProbabilityModifier": 0
    }
  },
  "data_clumps": {
    "fields_to_fields_data_clump-./PictureParameterSet-_vCKqsP_uEDGVfbLLz5UIRw-_ldw8QP_uEDGVfbLLz5UIRw-entropy_coding_mode_flagseq_parameter_set_idweighted_pred_flagweighted_bipred_idc": {
      "type": "data_clump",
      "key": "fields_to_fields_data_clump-./PictureParameterSet-_vCKqsP_uEDGVfbLLz5UIRw-_ldw8QP_uEDGVfbLLz5UIRw-entropy_coding_mode_flagseq_parameter_set_idweighted_pred_flagweighted_bipred_idc",
      "probability": 1,
      "from_file_path": "./PictureParameterSet",
      "from_class_or_interface_name": "PictureParameterSet",
      "from_class_or_interface_key": "_vCKqsP_uEDGVfbLLz5UIRw",
      "from_method_name": null,
      "from_method_key": null,
      "to_file_path": "./SeqParameterSet",
      "to_class_or_interface_key": "_ldw8QP_uEDGVfbLLz5UIRw",
      "to_class_or_interface_name": "PictureParameterSet",
      "to_method_key": null,
      "to_method_name": null,
      "data_clump_type": "fields_to_fields_data_clump",
      "data_clump_data": {
        "_yE3OIACHEDKzPc7ehw1yrA": {
          "key": "_yE3OIACHEDKzPc7ehw1yrA",
          "name": "entropy_coding_mode_flag",
          "type": null,
          "probability": 1,
          "modifiers": [],
          "to_variable": {
            "key": "_xlZLQACEEDKzPc7ehw1yrA",
            "name": "entropy_coding_mode_flag",
            "type": null,
            "modifiers": [],
            "position": {}
          },
          "position": {}
        },
        "_6yN_0ACHEDKzPc7ehw1yrA": {
          "key": "_6yN_0ACHEDKzPc7ehw1yrA",
          "name": "seq_parameter_set_id",
          "type": null,
          "probability": 1,
          "modifiers": [],
          "to_variable": {
            "key": "_bd89kACFEDKzPc7ehw1yrA",
            "name": "seq_parameter_set_id",
            "type": null,
            "modifiers": [],
            "position": {}
          },
          "position": {}
        },
        "_CuX-EACIEDKzPc7ehw1yrA": {
          "key": "_CuX-EACIEDKzPc7ehw1yrA",
          "name": "weighted_pred_flag",
          "type": null,
          "probability": 1,
          "modifiers": [],
          "to_variable": {
            "key": "_t_whUACEEDKzPc7ehw1yrA",
            "name": "weighted_pred_flag",
            "type": null,
            "modifiers": [],
            "position": {}
          },
          "position": {}
        },
        "_EQVgEACIEDKzPc7ehw1yrA": {
          "key": "_EQVgEACIEDKzPc7ehw1yrA",
          "name": "weighted_bipred_idc",
          "type": null,
          "probability": 1,
          "modifiers": [],
          "to_variable": {
            "key": "_vpCzUACEEDKzPc7ehw1yrA",
            "name": "weighted_bipred_idc",
            "type": null,
            "modifiers": [],
            "position": {}
          },
          "position": {}
        }
      }
    },
    "fields_to_fields_data_clump-./SeqParameterSet-_ldw8QP_uEDGVfbLLz5UIRw-_vCKqsP_uEDGVfbLLz5UIRw-weighted_pred_flagweighted_bipred_idcentropy_coding_mode_flagseq_parameter_set_id": {
      "type": "data_clump",
      "key": "fields_to_fields_data_clump-./SeqParameterSet-_ldw8QP_uEDGVfbLLz5UIRw-_vCKqsP_uEDGVfbLLz5UIRw-weighted_pred_flagweighted_bipred_idcentropy_coding_mode_flagseq_parameter_set_id",
      "probability": 1,
      "from_file_path": "./SeqParameterSet",
      "from_class_or_interface_name": "SeqParameterSet",
      "from_class_or_interface_key": "_ldw8QP_uEDGVfbLLz5UIRw",
      "from_method_name": null,
      "from_method_key": null,
      "to_file_path": "./PictureParameterSet",
      "to_class_or_interface_key": "_vCKqsP_uEDGVfbLLz5UIRw",
      "to_class_or_interface_name": "SeqParameterSet",
      "to_method_key": null,
      "to_method_name": null,
      "data_clump_type": "fields_to_fields_data_clump",
      "data_clump_data": {
        "_t_whUACEEDKzPc7ehw1yrA": {
          "key": "_t_whUACEEDKzPc7ehw1yrA",
          "name": "weighted_pred_flag",
          "type": null,
          "probability": 1,
          "modifiers": [],
          "to_variable": {
            "key": "_CuX-EACIEDKzPc7ehw1yrA",
            "name": "weighted_pred_flag",
            "type": null,
            "modifiers": [],
            "position": {}
          },
          "position": {}
        },
        "_vpCzUACEEDKzPc7ehw1yrA": {
          "key": "_vpCzUACEEDKzPc7ehw1yrA",
          "name": "weighted_bipred_idc",
          "type": null,
          "probability": 1,
          "modifiers": [],
          "to_variable": {
            "key": "_EQVgEACIEDKzPc7ehw1yrA",
            "name": "weighted_bipred_idc",
            "type": null,
            "modifiers": [],
            "position": {}
          },
          "position": {}
        },
        "_xlZLQACEEDKzPc7ehw1yrA": {
          "key": "_xlZLQACEEDKzPc7ehw1yrA",
          "name": "entropy_coding_mode_flag",
          "type": null,
          "probability": 1,
          "modifiers": [],
          "to_variable": {
            "key": "_yE3OIACHEDKzPc7ehw1yrA",
            "name": "entropy_coding_mode_flag",
            "type": null,
            "modifiers": [],
            "position": {}
          },
          "position": {}
        },
        "_bd89kACFEDKzPc7ehw1yrA": {
          "key": "_bd89kACFEDKzPc7ehw1yrA",
          "name": "seq_parameter_set_id",
          "type": null,
          "probability": 1,
          "modifiers": [],
          "to_variable": {
            "key": "_6yN_0ACHEDKzPc7ehw1yrA",
            "name": "seq_parameter_set_id",
            "type": null,
            "modifiers": [],
            "position": {}
          },
          "position": {}
        }
      }
    }
  }
}