{
  "report_version": "unknown",
  "report_timestamp": "2025-03-26T23:10:56.827Z",
  "target_language": "java",
  "report_summary": {
    "additional": null,
    "amount_classes_or_interfaces_with_data_clumps": 3,
    "amount_files_with_data_clumps": 3,
    "amount_methods_with_data_clumps": 0,
    "fields_to_fields_data_clump": 6,
    "parameters_to_fields_data_clump": 0,
    "parameters_to_parameters_data_clump": 0,
    "amount_data_clumps": 6
  },
  "project_info": {
    "project_url": "unknown_project_url",
    "project_name": "7ba0ae41-caa5-4a88-942e-1444bc8ad2e2",
    "project_version": "unknown_project_version",
    "project_commit_hash": "unknown",
    "project_tag": null,
    "project_commit_date": null,
    "additional": {},
    "number_of_files": 16,
    "number_of_classes_or_interfaces": 16,
    "number_of_methods": 0,
    "number_of_data_fields": 33,
    "number_of_method_parameters": 0
  },
  "detector": {
    "name": "data-clumps-doctor",
    "url": "https://github.com/NilsBaumgartner1994/data-clumps-doctor",
    "version": "0.1.100",
    "options": {
      "typeVariablesConsidered": false,
      "similarityModifierOfVariablesWithUnknownType": 0,
      "fieldsOfClassesWithUnknownHierarchyProbabilityModifier": 0,
      "sharedFieldsToFieldsAmountMinimum": 3,
      "analyseFieldsInClassesOrInterfacesInheritedFromSuperClassesOrInterfaces": false,
      "sharedParametersToParametersAmountMinimum": 3,
      "sharedParametersToFieldsAmountMinimum": 3,
      "methodsOfClassesOrInterfacesWithUnknownHierarchyProbabilityModifier": 0
    }
  },
  "data_clumps": {
    "fields_to_fields_data_clump-./AdministrativPersonal-_PlzysEu3EDK-opb55tUhFA-_ivZSsEu3EDK-opb55tUhFA-NamnTelefonnummerAdressUppgift": {
      "type": "data_clump",
      "key": "fields_to_fields_data_clump-./AdministrativPersonal-_PlzysEu3EDK-opb55tUhFA-_ivZSsEu3EDK-opb55tUhFA-NamnTelefonnummerAdressUppgift",
      "probability": 1,
      "from_file_path": "./AdministrativPersonal",
      "from_class_or_interface_name": "AdministrativPersonal",
      "from_class_or_interface_key": "_PlzysEu3EDK-opb55tUhFA",
      "from_method_name": null,
      "from_method_key": null,
      "to_file_path": "./Funktionär",
      "to_class_or_interface_key": "_ivZSsEu3EDK-opb55tUhFA",
      "to_class_or_interface_name": "AdministrativPersonal",
      "to_method_key": null,
      "to_method_name": null,
      "data_clump_type": "fields_to_fields_data_clump",
      "data_clump_data": {
        "_WGJTMEu3EDK-opb55tUhFA": {
          "key": "_WGJTMEu3EDK-opb55tUhFA",
          "name": "Namn",
          "type": null,
          "probability": 1,
          "modifiers": [],
          "to_variable": {
            "key": "_kjzPkEu3EDK-opb55tUhFA",
            "name": "Namn",
            "type": null,
            "modifiers": [],
            "position": {}
          },
          "position": {}
        },
        "_X44cIEu3EDK-opb55tUhFA": {
          "key": "_X44cIEu3EDK-opb55tUhFA",
          "name": "Telefonnummer",
          "type": null,
          "probability": 1,
          "modifiers": [],
          "to_variable": {
            "key": "_nFBPIEu3EDK-opb55tUhFA",
            "name": "Telefonnummer",
            "type": null,
            "modifiers": [],
            "position": {}
          },
          "position": {}
        },
        "_c6YAEEu3EDK-opb55tUhFA": {
          "key": "_c6YAEEu3EDK-opb55tUhFA",
          "name": "Adress",
          "type": null,
          "probability": 1,
          "modifiers": [],
          "to_variable": {
            "key": "_oearAEu3EDK-opb55tUhFA",
            "name": "Adress",
            "type": null,
            "modifiers": [],
            "position": {}
          },
          "position": {}
        },
        "_RxldAEvTEDK-opb55tUhFA": {
          "key": "_RxldAEvTEDK-opb55tUhFA",
          "name": "Uppgift",
          "type": null,
          "probability": 1,
          "modifiers": [],
          "to_variable": {
            "key": "_UO-sgEvTEDK-opb55tUhFA",
            "name": "Uppgift",
            "type": null,
            "modifiers": [],
            "position": {}
          },
          "position": {}
        }
      }
    },
    "fields_to_fields_data_clump-./AdministrativPersonal-_PlzysEu3EDK-opb55tUhFA-_9UMnEEu3EDK-opb55tUhFA-NamnTelefonnummerAdress": {
      "type": "data_clump",
      "key": "fields_to_fields_data_clump-./AdministrativPersonal-_PlzysEu3EDK-opb55tUhFA-_9UMnEEu3EDK-opb55tUhFA-NamnTelefonnummerAdress",
      "probability": 1,
      "from_file_path": "./AdministrativPersonal",
      "from_class_or_interface_name": "AdministrativPersonal",
      "from_class_or_interface_key": "_PlzysEu3EDK-opb55tUhFA",
      "from_method_name": null,
      "from_method_key": null,
      "to_file_path": "./Ledningsmedlem",
      "to_class_or_interface_key": "_9UMnEEu3EDK-opb55tUhFA",
      "to_class_or_interface_name": "AdministrativPersonal",
      "to_method_key": null,
      "to_method_name": null,
      "data_clump_type": "fields_to_fields_data_clump",
      "data_clump_data": {
        "_WGJTMEu3EDK-opb55tUhFA": {
          "key": "_WGJTMEu3EDK-opb55tUhFA",
          "name": "Namn",
          "type": null,
          "probability": 1,
          "modifiers": [],
          "to_variable": {
            "key": "_-UMEcEu3EDK-opb55tUhFA",
            "name": "Namn",
            "type": null,
            "modifiers": [],
            "position": {}
          },
          "position": {}
        },
        "_X44cIEu3EDK-opb55tUhFA": {
          "key": "_X44cIEu3EDK-opb55tUhFA",
          "name": "Telefonnummer",
          "type": null,
          "probability": 1,
          "modifiers": [],
          "to_variable": {
            "key": "_-1HAMEu3EDK-opb55tUhFA",
            "name": "Telefonnummer",
            "type": null,
            "modifiers": [],
            "position": {}
          },
          "position": {}
        },
        "_c6YAEEu3EDK-opb55tUhFA": {
          "key": "_c6YAEEu3EDK-opb55tUhFA",
          "name": "Adress",
          "type": null,
          "probability": 1,
          "modifiers": [],
          "to_variable": {
            "key": "__kwUcEu3EDK-opb55tUhFA",
            "name": "Adress",
            "type": null,
            "modifiers": [],
            "position": {}
          },
          "position": {}
        }
      }
    },
    "fields_to_fields_data_clump-./Funktionär-_ivZSsEu3EDK-opb55tUhFA-_PlzysEu3EDK-opb55tUhFA-NamnTelefonnummerAdressUppgift": {
      "type": "data_clump",
      "key": "fields_to_fields_data_clump-./Funktionär-_ivZSsEu3EDK-opb55tUhFA-_PlzysEu3EDK-opb55tUhFA-NamnTelefonnummerAdressUppgift",
      "probability": 1,
      "from_file_path": "./Funktionär",
      "from_class_or_interface_name": "Funktionär",
      "from_class_or_interface_key": "_ivZSsEu3EDK-opb55tUhFA",
      "from_method_name": null,
      "from_method_key": null,
      "to_file_path": "./AdministrativPersonal",
      "to_class_or_interface_key": "_PlzysEu3EDK-opb55tUhFA",
      "to_class_or_interface_name": "Funktionär",
      "to_method_key": null,
      "to_method_name": null,
      "data_clump_type": "fields_to_fields_data_clump",
      "data_clump_data": {
        "_kjzPkEu3EDK-opb55tUhFA": {
          "key": "_kjzPkEu3EDK-opb55tUhFA",
          "name": "Namn",
          "type": null,
          "probability": 1,
          "modifiers": [],
          "to_variable": {
            "key": "_WGJTMEu3EDK-opb55tUhFA",
            "name": "Namn",
            "type": null,
            "modifiers": [],
            "position": {}
          },
          "position": {}
        },
        "_nFBPIEu3EDK-opb55tUhFA": {
          "key": "_nFBPIEu3EDK-opb55tUhFA",
          "name": "Telefonnummer",
          "type": null,
          "probability": 1,
          "modifiers": [],
          "to_variable": {
            "key": "_X44cIEu3EDK-opb55tUhFA",
            "name": "Telefonnummer",
            "type": null,
            "modifiers": [],
            "position": {}
          },
          "position": {}
        },
        "_oearAEu3EDK-opb55tUhFA": {
          "key": "_oearAEu3EDK-opb55tUhFA",
          "name": "Adress",
          "type": null,
          "probability": 1,
          "modifiers": [],
          "to_variable": {
            "key": "_c6YAEEu3EDK-opb55tUhFA",
            "name": "Adress",
            "type": null,
            "modifiers": [],
            "position": {}
          },
          "position": {}
        },
        "_UO-sgEvTEDK-opb55tUhFA": {
          "key": "_UO-sgEvTEDK-opb55tUhFA",
          "name": "Uppgift",
          "type": null,
          "probability": 1,
          "modifiers": [],
          "to_variable": {
            "key": "_RxldAEvTEDK-opb55tUhFA",
            "name": "Uppgift",
            "type": null,
            "modifiers": [],
            "position": {}
          },
          "position": {}
        }
      }
    },
    "fields_to_fields_data_clump-./Funktionär-_ivZSsEu3EDK-opb55tUhFA-_9UMnEEu3EDK-opb55tUhFA-NamnTelefonnummerAdress": {
      "type": "data_clump",
      "key": "fields_to_fields_data_clump-./Funktionär-_ivZSsEu3EDK-opb55tUhFA-_9UMnEEu3EDK-opb55tUhFA-NamnTelefonnummerAdress",
      "probability": 1,
      "from_file_path": "./Funktionär",
      "from_class_or_interface_name": "Funktionär",
      "from_class_or_interface_key": "_ivZSsEu3EDK-opb55tUhFA",
      "from_method_name": null,
      "from_method_key": null,
      "to_file_path": "./Ledningsmedlem",
      "to_class_or_interface_key": "_9UMnEEu3EDK-opb55tUhFA",
      "to_class_or_interface_name": "Funktionär",
      "to_method_key": null,
      "to_method_name": null,
      "data_clump_type": "fields_to_fields_data_clump",
      "data_clump_data": {
        "_kjzPkEu3EDK-opb55tUhFA": {
          "key": "_kjzPkEu3EDK-opb55tUhFA",
          "name": "Namn",
          "type": null,
          "probability": 1,
          "modifiers": [],
          "to_variable": {
            "key": "_-UMEcEu3EDK-opb55tUhFA",
            "name": "Namn",
            "type": null,
            "modifiers": [],
            "position": {}
          },
          "position": {}
        },
        "_nFBPIEu3EDK-opb55tUhFA": {
          "key": "_nFBPIEu3EDK-opb55tUhFA",
          "name": "Telefonnummer",
          "type": null,
          "probability": 1,
          "modifiers": [],
          "to_variable": {
            "key": "_-1HAMEu3EDK-opb55tUhFA",
            "name": "Telefonnummer",
            "type": null,
            "modifiers": [],
            "position": {}
          },
          "position": {}
        },
        "_oearAEu3EDK-opb55tUhFA": {
          "key": "_oearAEu3EDK-opb55tUhFA",
          "name": "Adress",
          "type": null,
          "probability": 1,
          "modifiers": [],
          "to_variable": {
            "key": "__kwUcEu3EDK-opb55tUhFA",
            "name": "Adress",
            "type": null,
            "modifiers": [],
            "position": {}
          },
          "position": {}
        }
      }
    },
    "fields_to_fields_data_clump-./Ledningsmedlem-_9UMnEEu3EDK-opb55tUhFA-_PlzysEu3EDK-opb55tUhFA-NamnTelefonnummerAdress": {
      "type": "data_clump",
      "key": "fields_to_fields_data_clump-./Ledningsmedlem-_9UMnEEu3EDK-opb55tUhFA-_PlzysEu3EDK-opb55tUhFA-NamnTelefonnummerAdress",
      "probability": 1,
      "from_file_path": "./Ledningsmedlem",
      "from_class_or_interface_name": "Ledningsmedlem",
      "from_class_or_interface_key": "_9UMnEEu3EDK-opb55tUhFA",
      "from_method_name": null,
      "from_method_key": null,
      "to_file_path": "./AdministrativPersonal",
      "to_class_or_interface_key": "_PlzysEu3EDK-opb55tUhFA",
      "to_class_or_interface_name": "Ledningsmedlem",
      "to_method_key": null,
      "to_method_name": null,
      "data_clump_type": "fields_to_fields_data_clump",
      "data_clump_data": {
        "_-UMEcEu3EDK-opb55tUhFA": {
          "key": "_-UMEcEu3EDK-opb55tUhFA",
          "name": "Namn",
          "type": null,
          "probability": 1,
          "modifiers": [],
          "to_variable": {
            "key": "_WGJTMEu3EDK-opb55tUhFA",
            "name": "Namn",
            "type": null,
            "modifiers": [],
            "position": {}
          },
          "position": {}
        },
        "_-1HAMEu3EDK-opb55tUhFA": {
          "key": "_-1HAMEu3EDK-opb55tUhFA",
          "name": "Telefonnummer",
          "type": null,
          "probability": 1,
          "modifiers": [],
          "to_variable": {
            "key": "_X44cIEu3EDK-opb55tUhFA",
            "name": "Telefonnummer",
            "type": null,
            "modifiers": [],
            "position": {}
          },
          "position": {}
        },
        "__kwUcEu3EDK-opb55tUhFA": {
          "key": "__kwUcEu3EDK-opb55tUhFA",
          "name": "Adress",
          "type": null,
          "probability": 1,
          "modifiers": [],
          "to_variable": {
            "key": "_c6YAEEu3EDK-opb55tUhFA",
            "name": "Adress",
            "type": null,
            "modifiers": [],
            "position": {}
          },
          "position": {}
        }
      }
    },
    "fields_to_fields_data_clump-./Ledningsmedlem-_9UMnEEu3EDK-opb55tUhFA-_ivZSsEu3EDK-opb55tUhFA-NamnTelefonnummerAdress": {
      "type": "data_clump",
      "key": "fields_to_fields_data_clump-./Ledningsmedlem-_9UMnEEu3EDK-opb55tUhFA-_ivZSsEu3EDK-opb55tUhFA-NamnTelefonnummerAdress",
      "probability": 1,
      "from_file_path": "./Ledningsmedlem",
      "from_class_or_interface_name": "Ledningsmedlem",
      "from_class_or_interface_key": "_9UMnEEu3EDK-opb55tUhFA",
      "from_method_name": null,
      "from_method_key": null,
      "to_file_path": "./Funktionär",
      "to_class_or_interface_key": "_ivZSsEu3EDK-opb55tUhFA",
      "to_class_or_interface_name": "Ledningsmedlem",
      "to_method_key": null,
      "to_method_name": null,
      "data_clump_type": "fields_to_fields_data_clump",
      "data_clump_data": {
        "_-UMEcEu3EDK-opb55tUhFA": {
          "key": "_-UMEcEu3EDK-opb55tUhFA",
          "name": "Namn",
          "type": null,
          "probability": 1,
          "modifiers": [],
          "to_variable": {
            "key": "_kjzPkEu3EDK-opb55tUhFA",
            "name": "Namn",
            "type": null,
            "modifiers": [],
            "position": {}
          },
          "position": {}
        },
        "_-1HAMEu3EDK-opb55tUhFA": {
          "key": "_-1HAMEu3EDK-opb55tUhFA",
          "name": "Telefonnummer",
          "type": null,
          "probability": 1,
          "modifiers": [],
          "to_variable": {
            "key": "_nFBPIEu3EDK-opb55tUhFA",
            "name": "Telefonnummer",
            "type": null,
            "modifiers": [],
            "position": {}
          },
          "position": {}
        },
        "__kwUcEu3EDK-opb55tUhFA": {
          "key": "__kwUcEu3EDK-opb55tUhFA",
          "name": "Adress",
          "type": null,
          "probability": 1,
          "modifiers": [],
          "to_variable": {
            "key": "_oearAEu3EDK-opb55tUhFA",
            "name": "Adress",
            "type": null,
            "modifiers": [],
            "position": {}
          },
          "position": {}
        }
      }
    }
  }
}