{
  "report_version": "unknown",
  "report_timestamp": "2025-03-26T23:04:32.080Z",
  "target_language": "java",
  "report_summary": {
    "additional": null,
    "amount_classes_or_interfaces_with_data_clumps": 1,
    "amount_files_with_data_clumps": 1,
    "amount_methods_with_data_clumps": 2,
    "fields_to_fields_data_clump": 0,
    "parameters_to_fields_data_clump": 0,
    "parameters_to_parameters_data_clump": 2,
    "amount_data_clumps": 2
  },
  "project_info": {
    "project_url": "unknown_project_url",
    "project_name": "_t4dwwJEcEeqwvcm2LAkYWA",
    "project_version": "unknown_project_version",
    "project_commit_hash": "unknown",
    "project_tag": null,
    "project_commit_date": null,
    "additional": {},
    "number_of_files": 12,
    "number_of_classes_or_interfaces": 12,
    "number_of_methods": 64,
    "number_of_data_fields": 28,
    "number_of_method_parameters": 15
  },
  "detector": {
    "name": "data-clumps-doctor",
    "url": "https://github.com/NilsBaumgartner1994/data-clumps-doctor",
    "version": "0.1.100",
    "options": {
      "typeVariablesConsidered": false,
      "similarityModifierOfVariablesWithUnknownType": 0,
      "fieldsOfClassesWithUnknownHierarchyProbabilityModifier": 0,
      "sharedFieldsToFieldsAmountMinimum": 3,
      "analyseFieldsInClassesOrInterfacesInheritedFromSuperClassesOrInterfaces": false,
      "sharedParametersToParametersAmountMinimum": 3,
      "sharedParametersToFieldsAmountMinimum": 3,
      "methodsOfClassesOrInterfacesWithUnknownHierarchyProbabilityModifier": 0
    }
  },
  "data_clumps": {
    "parameters_to_parameters_data_clump-./Module-_t4iqPZEcEeqwvcm2LAkYWA-_t4iqRJEcEeqwvcm2LAkYWA-parameterparameterparameterparameterparameterparameterparameterparameterparameter": {
      "type": "data_clump",
      "key": "parameters_to_parameters_data_clump-./Module-_t4iqPZEcEeqwvcm2LAkYWA-_t4iqRJEcEeqwvcm2LAkYWA-parameterparameterparameterparameterparameterparameterparameterparameterparameter",
      "probability": 1,
      "from_file_path": "./Module",
      "from_class_or_interface_name": "Module",
      "from_class_or_interface_key": "_t4iqJJEcEeqwvcm2LAkYWA",
      "from_method_name": "addNewModule",
      "from_method_key": "_t4iqPZEcEeqwvcm2LAkYWA",
      "to_file_path": "./Module",
      "to_class_or_interface_name": "Module",
      "to_class_or_interface_key": "_t4iqJJEcEeqwvcm2LAkYWA",
      "to_method_name": "EditCourseInfo",
      "to_method_key": "_t4iqRJEcEeqwvcm2LAkYWA",
      "data_clump_type": "parameters_to_parameters_data_clump",
      "data_clump_data": {
        "_t4iqPpEcEeqwvcm2LAkYWA": {
          "key": "_t4iqPpEcEeqwvcm2LAkYWA",
          "name": "parameter",
          "type": null,
          "probability": 1,
          "modifiers": [],
          "to_variable": {
            "key": "_t4iqR5EcEeqwvcm2LAkYWA",
            "name": "parameter",
            "type": null,
            "modifiers": [],
            "position": {}
          },
          "position": {}
        },
        "_t4iqP5EcEeqwvcm2LAkYWA": {
          "key": "_t4iqP5EcEeqwvcm2LAkYWA",
          "name": "parameter",
          "type": null,
          "probability": 1,
          "modifiers": [],
          "to_variable": {
            "key": "_t4iqR5EcEeqwvcm2LAkYWA",
            "name": "parameter",
            "type": null,
            "modifiers": [],
            "position": {}
          },
          "position": {}
        },
        "_t4iqQJEcEeqwvcm2LAkYWA": {
          "key": "_t4iqQJEcEeqwvcm2LAkYWA",
          "name": "parameter",
          "type": null,
          "probability": 1,
          "modifiers": [],
          "to_variable": {
            "key": "_t4iqR5EcEeqwvcm2LAkYWA",
            "name": "parameter",
            "type": null,
            "modifiers": [],
            "position": {}
          },
          "position": {}
        }
      }
    },
    "parameters_to_parameters_data_clump-./Module-_t4iqRJEcEeqwvcm2LAkYWA-_t4iqPZEcEeqwvcm2LAkYWA-parameterparameterparameterparameterparameterparameterparameterparameterparameter": {
      "type": "data_clump",
      "key": "parameters_to_parameters_data_clump-./Module-_t4iqRJEcEeqwvcm2LAkYWA-_t4iqPZEcEeqwvcm2LAkYWA-parameterparameterparameterparameterparameterparameterparameterparameterparameter",
      "probability": 1,
      "from_file_path": "./Module",
      "from_class_or_interface_name": "Module",
      "from_class_or_interface_key": "_t4iqJJEcEeqwvcm2LAkYWA",
      "from_method_name": "EditCourseInfo",
      "from_method_key": "_t4iqRJEcEeqwvcm2LAkYWA",
      "to_file_path": "./Module",
      "to_class_or_interface_name": "Module",
      "to_class_or_interface_key": "_t4iqJJEcEeqwvcm2LAkYWA",
      "to_method_name": "addNewModule",
      "to_method_key": "_t4iqPZEcEeqwvcm2LAkYWA",
      "data_clump_type": "parameters_to_parameters_data_clump",
      "data_clump_data": {
        "_t4iqRZEcEeqwvcm2LAkYWA": {
          "key": "_t4iqRZEcEeqwvcm2LAkYWA",
          "name": "parameter",
          "type": null,
          "probability": 1,
          "modifiers": [],
          "to_variable": {
            "key": "_t4iqQJEcEeqwvcm2LAkYWA",
            "name": "parameter",
            "type": null,
            "modifiers": [],
            "position": {}
          },
          "position": {}
        },
        "_t4iqRpEcEeqwvcm2LAkYWA": {
          "key": "_t4iqRpEcEeqwvcm2LAkYWA",
          "name": "parameter",
          "type": null,
          "probability": 1,
          "modifiers": [],
          "to_variable": {
            "key": "_t4iqQJEcEeqwvcm2LAkYWA",
            "name": "parameter",
            "type": null,
            "modifiers": [],
            "position": {}
          },
          "position": {}
        },
        "_t4iqR5EcEeqwvcm2LAkYWA": {
          "key": "_t4iqR5EcEeqwvcm2LAkYWA",
          "name": "parameter",
          "type": null,
          "probability": 1,
          "modifiers": [],
          "to_variable": {
            "key": "_t4iqQJEcEeqwvcm2LAkYWA",
            "name": "parameter",
            "type": null,
            "modifiers": [],
            "position": {}
          },
          "position": {}
        }
      }
    }
  }
}