{
  "report_version": "^0.1.102",
  "report_timestamp": "2025-04-02T20:00:19.235Z",
  "target_language": "java",
  "report_summary": {
    "additional": {
      "timer_information": {
        "ast_generation_time_ms": 5824,
        "detection_time_ms": 50,
        "machine_information": {
          "os": "Linux",
          "os_release": "5.10.0-34-cloud-amd64",
          "os_platform": "linux",
          "os_arch": "x64",
          "os_uptime": 1932933.82,
          "os_memory_free": 54834130944,
          "os_memory_total": 63183245312,
          "os_cpu_cores": 16,
          "os_cpu_model": "AMD EPYC-Milan Processor",
          "os_cpu_speed": 1996
        }
      }
    },
    "amount_classes_or_interfaces_with_data_clumps": 5,
    "amount_files_with_data_clumps": 5,
    "amount_methods_with_data_clumps": 6,
    "fields_to_fields_data_clump": 2,
    "parameters_to_fields_data_clump": 0,
    "parameters_to_parameters_data_clump": 6,
    "amount_data_clumps": 8
  },
  "project_info": {
    "project_url": "https://github.com/spring-projects/spring-boot",
    "project_name": "spring-boot",
    "project_version": "fadd37efada635f33c72b78b5da3c652423e41d5",
    "project_commit_hash": "fadd37efada635f33c72b78b5da3c652423e41d5",
    "project_tag": "v0.5.0.M1",
    "project_commit_date": "1375780670",
    "additional": {},
    "number_of_files": 442,
    "number_of_classes_or_interfaces": 666,
    "number_of_methods": 2284,
    "number_of_data_fields": 880,
    "number_of_method_parameters": 1208
  },
  "detector": {
    "name": "data-clumps-doctor",
    "url": "https://github.com/NilsBaumgartner1994/data-clumps-doctor",
    "version": "0.1.100",
    "options": {
      "fastDetection": true,
      "typeVariablesConsidered": false,
      "similarityModifierOfVariablesWithUnknownType": 0,
      "fieldsOfClassesWithUnknownHierarchyProbabilityModifier": 0,
      "sharedFieldsToFieldsAmountMinimum": 3,
      "analyseFieldsInClassesOrInterfacesInheritedFromSuperClassesOrInterfaces": false,
      "sharedParametersToParametersAmountMinimum": 3,
      "sharedParametersToFieldsAmountMinimum": 3,
      "methodsOfClassesOrInterfacesWithUnknownHierarchyProbabilityModifier": 0
    }
  },
  "data_clumps": {
    "parameters_to_parameters_data_clump-spring-boot-cli/src/main/java/org/springframework/boot/cli/command/CleanCommand.java-org.springframework.boot.cli.command.CleanCommand.CleanOptionHandler/method/clean(org.springframework.boot.cli.command.joptsimple.OptionSet options, java.io.File root, org.springframework.boot.cli.command.CleanCommand$CleanOptionHandler$Layout layout, java.lang.String spec)-org.springframework.boot.cli.command.CleanCommand.CleanOptionHandler/method/clean(org.springframework.boot.cli.command.joptsimple.OptionSet options, java.io.File root, org.springframework.boot.cli.command.CleanCommand$CleanOptionHandler$Layout layout)-optionsrootlayout": {
      "type": "data_clump",
      "key": "parameters_to_parameters_data_clump-spring-boot-cli/src/main/java/org/springframework/boot/cli/command/CleanCommand.java-org.springframework.boot.cli.command.CleanCommand.CleanOptionHandler/method/clean(org.springframework.boot.cli.command.joptsimple.OptionSet options, java.io.File root, org.springframework.boot.cli.command.CleanCommand$CleanOptionHandler$Layout layout, java.lang.String spec)-org.springframework.boot.cli.command.CleanCommand.CleanOptionHandler/method/clean(org.springframework.boot.cli.command.joptsimple.OptionSet options, java.io.File root, org.springframework.boot.cli.command.CleanCommand$CleanOptionHandler$Layout layout)-optionsrootlayout",
      "probability": 1,
      "from_file_path": "spring-boot-cli/src/main/java/org/springframework/boot/cli/command/CleanCommand.java",
      "from_class_or_interface_name": "CleanOptionHandler",
      "from_class_or_interface_key": "org.springframework.boot.cli.command.CleanCommand.CleanOptionHandler",
      "from_method_name": "clean",
      "from_method_key": "org.springframework.boot.cli.command.CleanCommand.CleanOptionHandler/method/clean(org.springframework.boot.cli.command.joptsimple.OptionSet options, java.io.File root, org.springframework.boot.cli.command.CleanCommand$CleanOptionHandler$Layout layout, java.lang.String spec)",
      "to_file_path": "spring-boot-cli/src/main/java/org/springframework/boot/cli/command/CleanCommand.java",
      "to_class_or_interface_name": "CleanOptionHandler",
      "to_class_or_interface_key": "org.springframework.boot.cli.command.CleanCommand.CleanOptionHandler",
      "to_method_name": "clean",
      "to_method_key": "org.springframework.boot.cli.command.CleanCommand.CleanOptionHandler/method/clean(org.springframework.boot.cli.command.joptsimple.OptionSet options, java.io.File root, org.springframework.boot.cli.command.CleanCommand$CleanOptionHandler$Layout layout)",
      "data_clump_type": "parameters_to_parameters_data_clump",
      "data_clump_data": {
        "org.springframework.boot.cli.command.CleanCommand.CleanOptionHandler/method/clean(org.springframework.boot.cli.command.joptsimple.OptionSet options, java.io.File root, org.springframework.boot.cli.command.CleanCommand$CleanOptionHandler$Layout layout, java.lang.String spec)/parameter/options": {
          "key": "org.springframework.boot.cli.command.CleanCommand.CleanOptionHandler/method/clean(org.springframework.boot.cli.command.joptsimple.OptionSet options, java.io.File root, org.springframework.boot.cli.command.CleanCommand$CleanOptionHandler$Layout layout, java.lang.String spec)/parameter/options",
          "name": "options",
          "type": "org.springframework.boot.cli.command.joptsimple.OptionSet",
          "probability": 1,
          "modifiers": [],
          "to_variable": {
            "key": "org.springframework.boot.cli.command.CleanCommand.CleanOptionHandler/method/clean(org.springframework.boot.cli.command.joptsimple.OptionSet options, java.io.File root, org.springframework.boot.cli.command.CleanCommand$CleanOptionHandler$Layout layout)/parameter/options",
            "name": "options",
            "type": "org.springframework.boot.cli.command.joptsimple.OptionSet",
            "modifiers": [],
            "position": {
              "startLine": 78,
              "startColumn": 32,
              "endLine": 78,
              "endColumn": 39
            }
          },
          "position": {
            "startLine": 93,
            "startColumn": 32,
            "endLine": 93,
            "endColumn": 39
          }
        },
        "org.springframework.boot.cli.command.CleanCommand.CleanOptionHandler/method/clean(org.springframework.boot.cli.command.joptsimple.OptionSet options, java.io.File root, org.springframework.boot.cli.command.CleanCommand$CleanOptionHandler$Layout layout, java.lang.String spec)/parameter/root": {
          "key": "org.springframework.boot.cli.command.CleanCommand.CleanOptionHandler/method/clean(org.springframework.boot.cli.command.joptsimple.OptionSet options, java.io.File root, org.springframework.boot.cli.command.CleanCommand$CleanOptionHandler$Layout layout, java.lang.String spec)/parameter/root",
          "name": "root",
          "type": "java.io.File",
          "probability": 1,
          "modifiers": [],
          "to_variable": {
            "key": "org.springframework.boot.cli.command.CleanCommand.CleanOptionHandler/method/clean(org.springframework.boot.cli.command.joptsimple.OptionSet options, java.io.File root, org.springframework.boot.cli.command.CleanCommand$CleanOptionHandler$Layout layout)/parameter/root",
            "name": "root",
            "type": "java.io.File",
            "modifiers": [],
            "position": {
              "startLine": 78,
              "startColumn": 46,
              "endLine": 78,
              "endColumn": 50
            }
          },
          "position": {
            "startLine": 93,
            "startColumn": 46,
            "endLine": 93,
            "endColumn": 50
          }
        },
        "org.springframework.boot.cli.command.CleanCommand.CleanOptionHandler/method/clean(org.springframework.boot.cli.command.joptsimple.OptionSet options, java.io.File root, org.springframework.boot.cli.command.CleanCommand$CleanOptionHandler$Layout layout, java.lang.String spec)/parameter/layout": {
          "key": "org.springframework.boot.cli.command.CleanCommand.CleanOptionHandler/method/clean(org.springframework.boot.cli.command.joptsimple.OptionSet options, java.io.File root, org.springframework.boot.cli.command.CleanCommand$CleanOptionHandler$Layout layout, java.lang.String spec)/parameter/layout",
          "name": "layout",
          "type": "org.springframework.boot.cli.command.CleanCommand$CleanOptionHandler$Layout",
          "probability": 1,
          "modifiers": [],
          "to_variable": {
            "key": "org.springframework.boot.cli.command.CleanCommand.CleanOptionHandler/method/clean(org.springframework.boot.cli.command.joptsimple.OptionSet options, java.io.File root, org.springframework.boot.cli.command.CleanCommand$CleanOptionHandler$Layout layout)/parameter/layout",
            "name": "layout",
            "type": "org.springframework.boot.cli.command.CleanCommand$CleanOptionHandler$Layout",
            "modifiers": [],
            "position": {
              "startLine": 78,
              "startColumn": 59,
              "endLine": 78,
              "endColumn": 65
            }
          },
          "position": {
            "startLine": 93,
            "startColumn": 59,
            "endLine": 93,
            "endColumn": 65
          }
        }
      }
    },
    "parameters_to_parameters_data_clump-spring-boot-cli/src/main/java/org/springframework/boot/cli/command/CleanCommand.java-org.springframework.boot.cli.command.CleanCommand.CleanOptionHandler/method/clean(org.springframework.boot.cli.command.joptsimple.OptionSet options, java.io.File root, org.springframework.boot.cli.command.CleanCommand$CleanOptionHandler$Layout layout)-org.springframework.boot.cli.command.CleanCommand.CleanOptionHandler/method/clean(org.springframework.boot.cli.command.joptsimple.OptionSet options, java.io.File root, org.springframework.boot.cli.command.CleanCommand$CleanOptionHandler$Layout layout, java.lang.String spec)-optionsrootlayout": {
      "type": "data_clump",
      "key": "parameters_to_parameters_data_clump-spring-boot-cli/src/main/java/org/springframework/boot/cli/command/CleanCommand.java-org.springframework.boot.cli.command.CleanCommand.CleanOptionHandler/method/clean(org.springframework.boot.cli.command.joptsimple.OptionSet options, java.io.File root, org.springframework.boot.cli.command.CleanCommand$CleanOptionHandler$Layout layout)-org.springframework.boot.cli.command.CleanCommand.CleanOptionHandler/method/clean(org.springframework.boot.cli.command.joptsimple.OptionSet options, java.io.File root, org.springframework.boot.cli.command.CleanCommand$CleanOptionHandler$Layout layout, java.lang.String spec)-optionsrootlayout",
      "probability": 1,
      "from_file_path": "spring-boot-cli/src/main/java/org/springframework/boot/cli/command/CleanCommand.java",
      "from_class_or_interface_name": "CleanOptionHandler",
      "from_class_or_interface_key": "org.springframework.boot.cli.command.CleanCommand.CleanOptionHandler",
      "from_method_name": "clean",
      "from_method_key": "org.springframework.boot.cli.command.CleanCommand.CleanOptionHandler/method/clean(org.springframework.boot.cli.command.joptsimple.OptionSet options, java.io.File root, org.springframework.boot.cli.command.CleanCommand$CleanOptionHandler$Layout layout)",
      "to_file_path": "spring-boot-cli/src/main/java/org/springframework/boot/cli/command/CleanCommand.java",
      "to_class_or_interface_name": "CleanOptionHandler",
      "to_class_or_interface_key": "org.springframework.boot.cli.command.CleanCommand.CleanOptionHandler",
      "to_method_name": "clean",
      "to_method_key": "org.springframework.boot.cli.command.CleanCommand.CleanOptionHandler/method/clean(org.springframework.boot.cli.command.joptsimple.OptionSet options, java.io.File root, org.springframework.boot.cli.command.CleanCommand$CleanOptionHandler$Layout layout, java.lang.String spec)",
      "data_clump_type": "parameters_to_parameters_data_clump",
      "data_clump_data": {
        "org.springframework.boot.cli.command.CleanCommand.CleanOptionHandler/method/clean(org.springframework.boot.cli.command.joptsimple.OptionSet options, java.io.File root, org.springframework.boot.cli.command.CleanCommand$CleanOptionHandler$Layout layout)/parameter/options": {
          "key": "org.springframework.boot.cli.command.CleanCommand.CleanOptionHandler/method/clean(org.springframework.boot.cli.command.joptsimple.OptionSet options, java.io.File root, org.springframework.boot.cli.command.CleanCommand$CleanOptionHandler$Layout layout)/parameter/options",
          "name": "options",
          "type": "org.springframework.boot.cli.command.joptsimple.OptionSet",
          "probability": 1,
          "modifiers": [],
          "to_variable": {
            "key": "org.springframework.boot.cli.command.CleanCommand.CleanOptionHandler/method/clean(org.springframework.boot.cli.command.joptsimple.OptionSet options, java.io.File root, org.springframework.boot.cli.command.CleanCommand$CleanOptionHandler$Layout layout, java.lang.String spec)/parameter/options",
            "name": "options",
            "type": "org.springframework.boot.cli.command.joptsimple.OptionSet",
            "modifiers": [],
            "position": {
              "startLine": 93,
              "startColumn": 32,
              "endLine": 93,
              "endColumn": 39
            }
          },
          "position": {
            "startLine": 78,
            "startColumn": 32,
            "endLine": 78,
            "endColumn": 39
          }
        },
        "org.springframework.boot.cli.command.CleanCommand.CleanOptionHandler/method/clean(org.springframework.boot.cli.command.joptsimple.OptionSet options, java.io.File root, org.springframework.boot.cli.command.CleanCommand$CleanOptionHandler$Layout layout)/parameter/root": {
          "key": "org.springframework.boot.cli.command.CleanCommand.CleanOptionHandler/method/clean(org.springframework.boot.cli.command.joptsimple.OptionSet options, java.io.File root, org.springframework.boot.cli.command.CleanCommand$CleanOptionHandler$Layout layout)/parameter/root",
          "name": "root",
          "type": "java.io.File",
          "probability": 1,
          "modifiers": [],
          "to_variable": {
            "key": "org.springframework.boot.cli.command.CleanCommand.CleanOptionHandler/method/clean(org.springframework.boot.cli.command.joptsimple.OptionSet options, java.io.File root, org.springframework.boot.cli.command.CleanCommand$CleanOptionHandler$Layout layout, java.lang.String spec)/parameter/root",
            "name": "root",
            "type": "java.io.File",
            "modifiers": [],
            "position": {
              "startLine": 93,
              "startColumn": 46,
              "endLine": 93,
              "endColumn": 50
            }
          },
          "position": {
            "startLine": 78,
            "startColumn": 46,
            "endLine": 78,
            "endColumn": 50
          }
        },
        "org.springframework.boot.cli.command.CleanCommand.CleanOptionHandler/method/clean(org.springframework.boot.cli.command.joptsimple.OptionSet options, java.io.File root, org.springframework.boot.cli.command.CleanCommand$CleanOptionHandler$Layout layout)/parameter/layout": {
          "key": "org.springframework.boot.cli.command.CleanCommand.CleanOptionHandler/method/clean(org.springframework.boot.cli.command.joptsimple.OptionSet options, java.io.File root, org.springframework.boot.cli.command.CleanCommand$CleanOptionHandler$Layout layout)/parameter/layout",
          "name": "layout",
          "type": "org.springframework.boot.cli.command.CleanCommand$CleanOptionHandler$Layout",
          "probability": 1,
          "modifiers": [],
          "to_variable": {
            "key": "org.springframework.boot.cli.command.CleanCommand.CleanOptionHandler/method/clean(org.springframework.boot.cli.command.joptsimple.OptionSet options, java.io.File root, org.springframework.boot.cli.command.CleanCommand$CleanOptionHandler$Layout layout, java.lang.String spec)/parameter/layout",
            "name": "layout",
            "type": "org.springframework.boot.cli.command.CleanCommand$CleanOptionHandler$Layout",
            "modifiers": [],
            "position": {
              "startLine": 93,
              "startColumn": 59,
              "endLine": 93,
              "endColumn": 65
            }
          },
          "position": {
            "startLine": 78,
            "startColumn": 59,
            "endLine": 78,
            "endColumn": 65
          }
        }
      }
    },
    "parameters_to_parameters_data_clump-spring-boot-cli/src/main/java/org/springframework/boot/cli/compiler/CompilerAutoConfiguration.java-org.springframework.boot.cli.compiler.CompilerAutoConfiguration/method/applyToMainClass(groovy.lang.GroovyClassLoader loader, org.springframework.boot.cli.compiler.GroovyCompilerConfiguration configuration, org.codehaus.groovy.classgen.GeneratorContext generatorContext, org.codehaus.groovy.control.SourceUnit source, org.codehaus.groovy.ast.ClassNode classNode)-org.springframework.boot.cli.compiler.CompilerAutoConfiguration/method/apply(groovy.lang.GroovyClassLoader loader, org.springframework.boot.cli.compiler.GroovyCompilerConfiguration configuration, org.codehaus.groovy.classgen.GeneratorContext generatorContext, org.codehaus.groovy.control.SourceUnit source, org.codehaus.groovy.ast.ClassNode classNode)-loaderconfigurationgeneratorContextsourceclassNode": {
      "type": "data_clump",
      "key": "parameters_to_parameters_data_clump-spring-boot-cli/src/main/java/org/springframework/boot/cli/compiler/CompilerAutoConfiguration.java-org.springframework.boot.cli.compiler.CompilerAutoConfiguration/method/applyToMainClass(groovy.lang.GroovyClassLoader loader, org.springframework.boot.cli.compiler.GroovyCompilerConfiguration configuration, org.codehaus.groovy.classgen.GeneratorContext generatorContext, org.codehaus.groovy.control.SourceUnit source, org.codehaus.groovy.ast.ClassNode classNode)-org.springframework.boot.cli.compiler.CompilerAutoConfiguration/method/apply(groovy.lang.GroovyClassLoader loader, org.springframework.boot.cli.compiler.GroovyCompilerConfiguration configuration, org.codehaus.groovy.classgen.GeneratorContext generatorContext, org.codehaus.groovy.control.SourceUnit source, org.codehaus.groovy.ast.ClassNode classNode)-loaderconfigurationgeneratorContextsourceclassNode",
      "probability": 1,
      "from_file_path": "spring-boot-cli/src/main/java/org/springframework/boot/cli/compiler/CompilerAutoConfiguration.java",
      "from_class_or_interface_name": "CompilerAutoConfiguration",
      "from_class_or_interface_key": "org.springframework.boot.cli.compiler.CompilerAutoConfiguration",
      "from_method_name": "applyToMainClass",
      "from_method_key": "org.springframework.boot.cli.compiler.CompilerAutoConfiguration/method/applyToMainClass(groovy.lang.GroovyClassLoader loader, org.springframework.boot.cli.compiler.GroovyCompilerConfiguration configuration, org.codehaus.groovy.classgen.GeneratorContext generatorContext, org.codehaus.groovy.control.SourceUnit source, org.codehaus.groovy.ast.ClassNode classNode)",
      "to_file_path": "spring-boot-cli/src/main/java/org/springframework/boot/cli/compiler/CompilerAutoConfiguration.java",
      "to_class_or_interface_name": "CompilerAutoConfiguration",
      "to_class_or_interface_key": "org.springframework.boot.cli.compiler.CompilerAutoConfiguration",
      "to_method_name": "apply",
      "to_method_key": "org.springframework.boot.cli.compiler.CompilerAutoConfiguration/method/apply(groovy.lang.GroovyClassLoader loader, org.springframework.boot.cli.compiler.GroovyCompilerConfiguration configuration, org.codehaus.groovy.classgen.GeneratorContext generatorContext, org.codehaus.groovy.control.SourceUnit source, org.codehaus.groovy.ast.ClassNode classNode)",
      "data_clump_type": "parameters_to_parameters_data_clump",
      "data_clump_data": {
        "org.springframework.boot.cli.compiler.CompilerAutoConfiguration/method/applyToMainClass(groovy.lang.GroovyClassLoader loader, org.springframework.boot.cli.compiler.GroovyCompilerConfiguration configuration, org.codehaus.groovy.classgen.GeneratorContext generatorContext, org.codehaus.groovy.control.SourceUnit source, org.codehaus.groovy.ast.ClassNode classNode)/parameter/loader": {
          "key": "org.springframework.boot.cli.compiler.CompilerAutoConfiguration/method/applyToMainClass(groovy.lang.GroovyClassLoader loader, org.springframework.boot.cli.compiler.GroovyCompilerConfiguration configuration, org.codehaus.groovy.classgen.GeneratorContext generatorContext, org.codehaus.groovy.control.SourceUnit source, org.codehaus.groovy.ast.ClassNode classNode)/parameter/loader",
          "name": "loader",
          "type": "groovy.lang.GroovyClassLoader",
          "probability": 1,
          "modifiers": [],
          "to_variable": {
            "key": "org.springframework.boot.cli.compiler.CompilerAutoConfiguration/method/apply(groovy.lang.GroovyClassLoader loader, org.springframework.boot.cli.compiler.GroovyCompilerConfiguration configuration, org.codehaus.groovy.classgen.GeneratorContext generatorContext, org.codehaus.groovy.control.SourceUnit source, org.codehaus.groovy.ast.ClassNode classNode)/parameter/loader",
            "name": "loader",
            "type": "groovy.lang.GroovyClassLoader",
            "modifiers": [],
            "position": {
              "startLine": 79,
              "startColumn": 38,
              "endLine": 79,
              "endColumn": 44
            }
          },
          "position": {
            "startLine": 71,
            "startColumn": 49,
            "endLine": 71,
            "endColumn": 55
          }
        },
        "org.springframework.boot.cli.compiler.CompilerAutoConfiguration/method/applyToMainClass(groovy.lang.GroovyClassLoader loader, org.springframework.boot.cli.compiler.GroovyCompilerConfiguration configuration, org.codehaus.groovy.classgen.GeneratorContext generatorContext, org.codehaus.groovy.control.SourceUnit source, org.codehaus.groovy.ast.ClassNode classNode)/parameter/configuration": {
          "key": "org.springframework.boot.cli.compiler.CompilerAutoConfiguration/method/applyToMainClass(groovy.lang.GroovyClassLoader loader, org.springframework.boot.cli.compiler.GroovyCompilerConfiguration configuration, org.codehaus.groovy.classgen.GeneratorContext generatorContext, org.codehaus.groovy.control.SourceUnit source, org.codehaus.groovy.ast.ClassNode classNode)/parameter/configuration",
          "name": "configuration",
          "type": "org.springframework.boot.cli.compiler.GroovyCompilerConfiguration",
          "probability": 1,
          "modifiers": [],
          "to_variable": {
            "key": "org.springframework.boot.cli.compiler.CompilerAutoConfiguration/method/apply(groovy.lang.GroovyClassLoader loader, org.springframework.boot.cli.compiler.GroovyCompilerConfiguration configuration, org.codehaus.groovy.classgen.GeneratorContext generatorContext, org.codehaus.groovy.control.SourceUnit source, org.codehaus.groovy.ast.ClassNode classNode)/parameter/configuration",
            "name": "configuration",
            "type": "org.springframework.boot.cli.compiler.GroovyCompilerConfiguration",
            "modifiers": [],
            "position": {
              "startLine": 80,
              "startColumn": 32,
              "endLine": 80,
              "endColumn": 45
            }
          },
          "position": {
            "startLine": 72,
            "startColumn": 32,
            "endLine": 72,
            "endColumn": 45
          }
        },
        "org.springframework.boot.cli.compiler.CompilerAutoConfiguration/method/applyToMainClass(groovy.lang.GroovyClassLoader loader, org.springframework.boot.cli.compiler.GroovyCompilerConfiguration configuration, org.codehaus.groovy.classgen.GeneratorContext generatorContext, org.codehaus.groovy.control.SourceUnit source, org.codehaus.groovy.ast.ClassNode classNode)/parameter/generatorContext": {
          "key": "org.springframework.boot.cli.compiler.CompilerAutoConfiguration/method/applyToMainClass(groovy.lang.GroovyClassLoader loader, org.springframework.boot.cli.compiler.GroovyCompilerConfiguration configuration, org.codehaus.groovy.classgen.GeneratorContext generatorContext, org.codehaus.groovy.control.SourceUnit source, org.codehaus.groovy.ast.ClassNode classNode)/parameter/generatorContext",
          "name": "generatorContext",
          "type": "org.codehaus.groovy.classgen.GeneratorContext",
          "probability": 1,
          "modifiers": [],
          "to_variable": {
            "key": "org.springframework.boot.cli.compiler.CompilerAutoConfiguration/method/apply(groovy.lang.GroovyClassLoader loader, org.springframework.boot.cli.compiler.GroovyCompilerConfiguration configuration, org.codehaus.groovy.classgen.GeneratorContext generatorContext, org.codehaus.groovy.control.SourceUnit source, org.codehaus.groovy.ast.ClassNode classNode)/parameter/generatorContext",
            "name": "generatorContext",
            "type": "org.codehaus.groovy.classgen.GeneratorContext",
            "modifiers": [],
            "position": {
              "startLine": 80,
              "startColumn": 64,
              "endLine": 80,
              "endColumn": 80
            }
          },
          "position": {
            "startLine": 72,
            "startColumn": 64,
            "endLine": 72,
            "endColumn": 80
          }
        },
        "org.springframework.boot.cli.compiler.CompilerAutoConfiguration/method/applyToMainClass(groovy.lang.GroovyClassLoader loader, org.springframework.boot.cli.compiler.GroovyCompilerConfiguration configuration, org.codehaus.groovy.classgen.GeneratorContext generatorContext, org.codehaus.groovy.control.SourceUnit source, org.codehaus.groovy.ast.ClassNode classNode)/parameter/source": {
          "key": "org.springframework.boot.cli.compiler.CompilerAutoConfiguration/method/applyToMainClass(groovy.lang.GroovyClassLoader loader, org.springframework.boot.cli.compiler.GroovyCompilerConfiguration configuration, org.codehaus.groovy.classgen.GeneratorContext generatorContext, org.codehaus.groovy.control.SourceUnit source, org.codehaus.groovy.ast.ClassNode classNode)/parameter/source",
          "name": "source",
          "type": "org.codehaus.groovy.control.SourceUnit",
          "probability": 1,
          "modifiers": [],
          "to_variable": {
            "key": "org.springframework.boot.cli.compiler.CompilerAutoConfiguration/method/apply(groovy.lang.GroovyClassLoader loader, org.springframework.boot.cli.compiler.GroovyCompilerConfiguration configuration, org.codehaus.groovy.classgen.GeneratorContext generatorContext, org.codehaus.groovy.control.SourceUnit source, org.codehaus.groovy.ast.ClassNode classNode)/parameter/source",
            "name": "source",
            "type": "org.codehaus.groovy.control.SourceUnit",
            "modifiers": [],
            "position": {
              "startLine": 81,
              "startColumn": 15,
              "endLine": 81,
              "endColumn": 21
            }
          },
          "position": {
            "startLine": 73,
            "startColumn": 15,
            "endLine": 73,
            "endColumn": 21
          }
        },
        "org.springframework.boot.cli.compiler.CompilerAutoConfiguration/method/applyToMainClass(groovy.lang.GroovyClassLoader loader, org.springframework.boot.cli.compiler.GroovyCompilerConfiguration configuration, org.codehaus.groovy.classgen.GeneratorContext generatorContext, org.codehaus.groovy.control.SourceUnit source, org.codehaus.groovy.ast.ClassNode classNode)/parameter/classNode": {
          "key": "org.springframework.boot.cli.compiler.CompilerAutoConfiguration/method/applyToMainClass(groovy.lang.GroovyClassLoader loader, org.springframework.boot.cli.compiler.GroovyCompilerConfiguration configuration, org.codehaus.groovy.classgen.GeneratorContext generatorContext, org.codehaus.groovy.control.SourceUnit source, org.codehaus.groovy.ast.ClassNode classNode)/parameter/classNode",
          "name": "classNode",
          "type": "org.codehaus.groovy.ast.ClassNode",
          "probability": 1,
          "modifiers": [],
          "to_variable": {
            "key": "org.springframework.boot.cli.compiler.CompilerAutoConfiguration/method/apply(groovy.lang.GroovyClassLoader loader, org.springframework.boot.cli.compiler.GroovyCompilerConfiguration configuration, org.codehaus.groovy.classgen.GeneratorContext generatorContext, org.codehaus.groovy.control.SourceUnit source, org.codehaus.groovy.ast.ClassNode classNode)/parameter/classNode",
            "name": "classNode",
            "type": "org.codehaus.groovy.ast.ClassNode",
            "modifiers": [],
            "position": {
              "startLine": 81,
              "startColumn": 33,
              "endLine": 81,
              "endColumn": 42
            }
          },
          "position": {
            "startLine": 73,
            "startColumn": 33,
            "endLine": 73,
            "endColumn": 42
          }
        }
      }
    },
    "parameters_to_parameters_data_clump-spring-boot-cli/src/main/java/org/springframework/boot/cli/compiler/CompilerAutoConfiguration.java-org.springframework.boot.cli.compiler.CompilerAutoConfiguration/method/apply(groovy.lang.GroovyClassLoader loader, org.springframework.boot.cli.compiler.GroovyCompilerConfiguration configuration, org.codehaus.groovy.classgen.GeneratorContext generatorContext, org.codehaus.groovy.control.SourceUnit source, org.codehaus.groovy.ast.ClassNode classNode)-org.springframework.boot.cli.compiler.CompilerAutoConfiguration/method/applyToMainClass(groovy.lang.GroovyClassLoader loader, org.springframework.boot.cli.compiler.GroovyCompilerConfiguration configuration, org.codehaus.groovy.classgen.GeneratorContext generatorContext, org.codehaus.groovy.control.SourceUnit source, org.codehaus.groovy.ast.ClassNode classNode)-loaderconfigurationgeneratorContextsourceclassNode": {
      "type": "data_clump",
      "key": "parameters_to_parameters_data_clump-spring-boot-cli/src/main/java/org/springframework/boot/cli/compiler/CompilerAutoConfiguration.java-org.springframework.boot.cli.compiler.CompilerAutoConfiguration/method/apply(groovy.lang.GroovyClassLoader loader, org.springframework.boot.cli.compiler.GroovyCompilerConfiguration configuration, org.codehaus.groovy.classgen.GeneratorContext generatorContext, org.codehaus.groovy.control.SourceUnit source, org.codehaus.groovy.ast.ClassNode classNode)-org.springframework.boot.cli.compiler.CompilerAutoConfiguration/method/applyToMainClass(groovy.lang.GroovyClassLoader loader, org.springframework.boot.cli.compiler.GroovyCompilerConfiguration configuration, org.codehaus.groovy.classgen.GeneratorContext generatorContext, org.codehaus.groovy.control.SourceUnit source, org.codehaus.groovy.ast.ClassNode classNode)-loaderconfigurationgeneratorContextsourceclassNode",
      "probability": 1,
      "from_file_path": "spring-boot-cli/src/main/java/org/springframework/boot/cli/compiler/CompilerAutoConfiguration.java",
      "from_class_or_interface_name": "CompilerAutoConfiguration",
      "from_class_or_interface_key": "org.springframework.boot.cli.compiler.CompilerAutoConfiguration",
      "from_method_name": "apply",
      "from_method_key": "org.springframework.boot.cli.compiler.CompilerAutoConfiguration/method/apply(groovy.lang.GroovyClassLoader loader, org.springframework.boot.cli.compiler.GroovyCompilerConfiguration configuration, org.codehaus.groovy.classgen.GeneratorContext generatorContext, org.codehaus.groovy.control.SourceUnit source, org.codehaus.groovy.ast.ClassNode classNode)",
      "to_file_path": "spring-boot-cli/src/main/java/org/springframework/boot/cli/compiler/CompilerAutoConfiguration.java",
      "to_class_or_interface_name": "CompilerAutoConfiguration",
      "to_class_or_interface_key": "org.springframework.boot.cli.compiler.CompilerAutoConfiguration",
      "to_method_name": "applyToMainClass",
      "to_method_key": "org.springframework.boot.cli.compiler.CompilerAutoConfiguration/method/applyToMainClass(groovy.lang.GroovyClassLoader loader, org.springframework.boot.cli.compiler.GroovyCompilerConfiguration configuration, org.codehaus.groovy.classgen.GeneratorContext generatorContext, org.codehaus.groovy.control.SourceUnit source, org.codehaus.groovy.ast.ClassNode classNode)",
      "data_clump_type": "parameters_to_parameters_data_clump",
      "data_clump_data": {
        "org.springframework.boot.cli.compiler.CompilerAutoConfiguration/method/apply(groovy.lang.GroovyClassLoader loader, org.springframework.boot.cli.compiler.GroovyCompilerConfiguration configuration, org.codehaus.groovy.classgen.GeneratorContext generatorContext, org.codehaus.groovy.control.SourceUnit source, org.codehaus.groovy.ast.ClassNode classNode)/parameter/loader": {
          "key": "org.springframework.boot.cli.compiler.CompilerAutoConfiguration/method/apply(groovy.lang.GroovyClassLoader loader, org.springframework.boot.cli.compiler.GroovyCompilerConfiguration configuration, org.codehaus.groovy.classgen.GeneratorContext generatorContext, org.codehaus.groovy.control.SourceUnit source, org.codehaus.groovy.ast.ClassNode classNode)/parameter/loader",
          "name": "loader",
          "type": "groovy.lang.GroovyClassLoader",
          "probability": 1,
          "modifiers": [],
          "to_variable": {
            "key": "org.springframework.boot.cli.compiler.CompilerAutoConfiguration/method/applyToMainClass(groovy.lang.GroovyClassLoader loader, org.springframework.boot.cli.compiler.GroovyCompilerConfiguration configuration, org.codehaus.groovy.classgen.GeneratorContext generatorContext, org.codehaus.groovy.control.SourceUnit source, org.codehaus.groovy.ast.ClassNode classNode)/parameter/loader",
            "name": "loader",
            "type": "groovy.lang.GroovyClassLoader",
            "modifiers": [],
            "position": {
              "startLine": 71,
              "startColumn": 49,
              "endLine": 71,
              "endColumn": 55
            }
          },
          "position": {
            "startLine": 79,
            "startColumn": 38,
            "endLine": 79,
            "endColumn": 44
          }
        },
        "org.springframework.boot.cli.compiler.CompilerAutoConfiguration/method/apply(groovy.lang.GroovyClassLoader loader, org.springframework.boot.cli.compiler.GroovyCompilerConfiguration configuration, org.codehaus.groovy.classgen.GeneratorContext generatorContext, org.codehaus.groovy.control.SourceUnit source, org.codehaus.groovy.ast.ClassNode classNode)/parameter/configuration": {
          "key": "org.springframework.boot.cli.compiler.CompilerAutoConfiguration/method/apply(groovy.lang.GroovyClassLoader loader, org.springframework.boot.cli.compiler.GroovyCompilerConfiguration configuration, org.codehaus.groovy.classgen.GeneratorContext generatorContext, org.codehaus.groovy.control.SourceUnit source, org.codehaus.groovy.ast.ClassNode classNode)/parameter/configuration",
          "name": "configuration",
          "type": "org.springframework.boot.cli.compiler.GroovyCompilerConfiguration",
          "probability": 1,
          "modifiers": [],
          "to_variable": {
            "key": "org.springframework.boot.cli.compiler.CompilerAutoConfiguration/method/applyToMainClass(groovy.lang.GroovyClassLoader loader, org.springframework.boot.cli.compiler.GroovyCompilerConfiguration configuration, org.codehaus.groovy.classgen.GeneratorContext generatorContext, org.codehaus.groovy.control.SourceUnit source, org.codehaus.groovy.ast.ClassNode classNode)/parameter/configuration",
            "name": "configuration",
            "type": "org.springframework.boot.cli.compiler.GroovyCompilerConfiguration",
            "modifiers": [],
            "position": {
              "startLine": 72,
              "startColumn": 32,
              "endLine": 72,
              "endColumn": 45
            }
          },
          "position": {
            "startLine": 80,
            "startColumn": 32,
            "endLine": 80,
            "endColumn": 45
          }
        },
        "org.springframework.boot.cli.compiler.CompilerAutoConfiguration/method/apply(groovy.lang.GroovyClassLoader loader, org.springframework.boot.cli.compiler.GroovyCompilerConfiguration configuration, org.codehaus.groovy.classgen.GeneratorContext generatorContext, org.codehaus.groovy.control.SourceUnit source, org.codehaus.groovy.ast.ClassNode classNode)/parameter/generatorContext": {
          "key": "org.springframework.boot.cli.compiler.CompilerAutoConfiguration/method/apply(groovy.lang.GroovyClassLoader loader, org.springframework.boot.cli.compiler.GroovyCompilerConfiguration configuration, org.codehaus.groovy.classgen.GeneratorContext generatorContext, org.codehaus.groovy.control.SourceUnit source, org.codehaus.groovy.ast.ClassNode classNode)/parameter/generatorContext",
          "name": "generatorContext",
          "type": "org.codehaus.groovy.classgen.GeneratorContext",
          "probability": 1,
          "modifiers": [],
          "to_variable": {
            "key": "org.springframework.boot.cli.compiler.CompilerAutoConfiguration/method/applyToMainClass(groovy.lang.GroovyClassLoader loader, org.springframework.boot.cli.compiler.GroovyCompilerConfiguration configuration, org.codehaus.groovy.classgen.GeneratorContext generatorContext, org.codehaus.groovy.control.SourceUnit source, org.codehaus.groovy.ast.ClassNode classNode)/parameter/generatorContext",
            "name": "generatorContext",
            "type": "org.codehaus.groovy.classgen.GeneratorContext",
            "modifiers": [],
            "position": {
              "startLine": 72,
              "startColumn": 64,
              "endLine": 72,
              "endColumn": 80
            }
          },
          "position": {
            "startLine": 80,
            "startColumn": 64,
            "endLine": 80,
            "endColumn": 80
          }
        },
        "org.springframework.boot.cli.compiler.CompilerAutoConfiguration/method/apply(groovy.lang.GroovyClassLoader loader, org.springframework.boot.cli.compiler.GroovyCompilerConfiguration configuration, org.codehaus.groovy.classgen.GeneratorContext generatorContext, org.codehaus.groovy.control.SourceUnit source, org.codehaus.groovy.ast.ClassNode classNode)/parameter/source": {
          "key": "org.springframework.boot.cli.compiler.CompilerAutoConfiguration/method/apply(groovy.lang.GroovyClassLoader loader, org.springframework.boot.cli.compiler.GroovyCompilerConfiguration configuration, org.codehaus.groovy.classgen.GeneratorContext generatorContext, org.codehaus.groovy.control.SourceUnit source, org.codehaus.groovy.ast.ClassNode classNode)/parameter/source",
          "name": "source",
          "type": "org.codehaus.groovy.control.SourceUnit",
          "probability": 1,
          "modifiers": [],
          "to_variable": {
            "key": "org.springframework.boot.cli.compiler.CompilerAutoConfiguration/method/applyToMainClass(groovy.lang.GroovyClassLoader loader, org.springframework.boot.cli.compiler.GroovyCompilerConfiguration configuration, org.codehaus.groovy.classgen.GeneratorContext generatorContext, org.codehaus.groovy.control.SourceUnit source, org.codehaus.groovy.ast.ClassNode classNode)/parameter/source",
            "name": "source",
            "type": "org.codehaus.groovy.control.SourceUnit",
            "modifiers": [],
            "position": {
              "startLine": 73,
              "startColumn": 15,
              "endLine": 73,
              "endColumn": 21
            }
          },
          "position": {
            "startLine": 81,
            "startColumn": 15,
            "endLine": 81,
            "endColumn": 21
          }
        },
        "org.springframework.boot.cli.compiler.CompilerAutoConfiguration/method/apply(groovy.lang.GroovyClassLoader loader, org.springframework.boot.cli.compiler.GroovyCompilerConfiguration configuration, org.codehaus.groovy.classgen.GeneratorContext generatorContext, org.codehaus.groovy.control.SourceUnit source, org.codehaus.groovy.ast.ClassNode classNode)/parameter/classNode": {
          "key": "org.springframework.boot.cli.compiler.CompilerAutoConfiguration/method/apply(groovy.lang.GroovyClassLoader loader, org.springframework.boot.cli.compiler.GroovyCompilerConfiguration configuration, org.codehaus.groovy.classgen.GeneratorContext generatorContext, org.codehaus.groovy.control.SourceUnit source, org.codehaus.groovy.ast.ClassNode classNode)/parameter/classNode",
          "name": "classNode",
          "type": "org.codehaus.groovy.ast.ClassNode",
          "probability": 1,
          "modifiers": [],
          "to_variable": {
            "key": "org.springframework.boot.cli.compiler.CompilerAutoConfiguration/method/applyToMainClass(groovy.lang.GroovyClassLoader loader, org.springframework.boot.cli.compiler.GroovyCompilerConfiguration configuration, org.codehaus.groovy.classgen.GeneratorContext generatorContext, org.codehaus.groovy.control.SourceUnit source, org.codehaus.groovy.ast.ClassNode classNode)/parameter/classNode",
            "name": "classNode",
            "type": "org.codehaus.groovy.ast.ClassNode",
            "modifiers": [],
            "position": {
              "startLine": 73,
              "startColumn": 33,
              "endLine": 73,
              "endColumn": 42
            }
          },
          "position": {
            "startLine": 81,
            "startColumn": 33,
            "endLine": 81,
            "endColumn": 42
          }
        }
      }
    },
    "parameters_to_parameters_data_clump-spring-boot-cli/src/main/java/org/springframework/boot/cli/compiler/DependencyCustomizer.java-org.springframework.boot.cli.compiler.DependencyCustomizer/method/add(java.lang.String group, java.lang.String module, java.lang.String version, boolean transitive)-org.springframework.boot.cli.compiler.DependencyCustomizer/method/add(java.lang.String group, java.lang.String module, java.lang.String version)-groupmoduleversion": {
      "type": "data_clump",
      "key": "parameters_to_parameters_data_clump-spring-boot-cli/src/main/java/org/springframework/boot/cli/compiler/DependencyCustomizer.java-org.springframework.boot.cli.compiler.DependencyCustomizer/method/add(java.lang.String group, java.lang.String module, java.lang.String version, boolean transitive)-org.springframework.boot.cli.compiler.DependencyCustomizer/method/add(java.lang.String group, java.lang.String module, java.lang.String version)-groupmoduleversion",
      "probability": 1,
      "from_file_path": "spring-boot-cli/src/main/java/org/springframework/boot/cli/compiler/DependencyCustomizer.java",
      "from_class_or_interface_name": "DependencyCustomizer",
      "from_class_or_interface_key": "org.springframework.boot.cli.compiler.DependencyCustomizer",
      "from_method_name": "add",
      "from_method_key": "org.springframework.boot.cli.compiler.DependencyCustomizer/method/add(java.lang.String group, java.lang.String module, java.lang.String version, boolean transitive)",
      "to_file_path": "spring-boot-cli/src/main/java/org/springframework/boot/cli/compiler/DependencyCustomizer.java",
      "to_class_or_interface_name": "DependencyCustomizer",
      "to_class_or_interface_key": "org.springframework.boot.cli.compiler.DependencyCustomizer",
      "to_method_name": "add",
      "to_method_key": "org.springframework.boot.cli.compiler.DependencyCustomizer/method/add(java.lang.String group, java.lang.String module, java.lang.String version)",
      "data_clump_type": "parameters_to_parameters_data_clump",
      "data_clump_data": {
        "org.springframework.boot.cli.compiler.DependencyCustomizer/method/add(java.lang.String group, java.lang.String module, java.lang.String version, boolean transitive)/parameter/group": {
          "key": "org.springframework.boot.cli.compiler.DependencyCustomizer/method/add(java.lang.String group, java.lang.String module, java.lang.String version, boolean transitive)/parameter/group",
          "name": "group",
          "type": "java.lang.String",
          "probability": 1,
          "modifiers": [],
          "to_variable": {
            "key": "org.springframework.boot.cli.compiler.DependencyCustomizer/method/add(java.lang.String group, java.lang.String module, java.lang.String version)/parameter/group",
            "name": "group",
            "type": "java.lang.String",
            "modifiers": [],
            "position": {
              "startLine": 225,
              "startColumn": 41,
              "endLine": 225,
              "endColumn": 46
            }
          },
          "position": {
            "startLine": 237,
            "startColumn": 41,
            "endLine": 237,
            "endColumn": 46
          }
        },
        "org.springframework.boot.cli.compiler.DependencyCustomizer/method/add(java.lang.String group, java.lang.String module, java.lang.String version, boolean transitive)/parameter/module": {
          "key": "org.springframework.boot.cli.compiler.DependencyCustomizer/method/add(java.lang.String group, java.lang.String module, java.lang.String version, boolean transitive)/parameter/module",
          "name": "module",
          "type": "java.lang.String",
          "probability": 1,
          "modifiers": [],
          "to_variable": {
            "key": "org.springframework.boot.cli.compiler.DependencyCustomizer/method/add(java.lang.String group, java.lang.String module, java.lang.String version)/parameter/module",
            "name": "module",
            "type": "java.lang.String",
            "modifiers": [],
            "position": {
              "startLine": 225,
              "startColumn": 55,
              "endLine": 225,
              "endColumn": 61
            }
          },
          "position": {
            "startLine": 237,
            "startColumn": 55,
            "endLine": 237,
            "endColumn": 61
          }
        },
        "org.springframework.boot.cli.compiler.DependencyCustomizer/method/add(java.lang.String group, java.lang.String module, java.lang.String version, boolean transitive)/parameter/version": {
          "key": "org.springframework.boot.cli.compiler.DependencyCustomizer/method/add(java.lang.String group, java.lang.String module, java.lang.String version, boolean transitive)/parameter/version",
          "name": "version",
          "type": "java.lang.String",
          "probability": 1,
          "modifiers": [],
          "to_variable": {
            "key": "org.springframework.boot.cli.compiler.DependencyCustomizer/method/add(java.lang.String group, java.lang.String module, java.lang.String version)/parameter/version",
            "name": "version",
            "type": "java.lang.String",
            "modifiers": [],
            "position": {
              "startLine": 225,
              "startColumn": 70,
              "endLine": 225,
              "endColumn": 77
            }
          },
          "position": {
            "startLine": 237,
            "startColumn": 70,
            "endLine": 237,
            "endColumn": 77
          }
        }
      }
    },
    "parameters_to_parameters_data_clump-spring-boot-cli/src/main/java/org/springframework/boot/cli/compiler/DependencyCustomizer.java-org.springframework.boot.cli.compiler.DependencyCustomizer/method/add(java.lang.String group, java.lang.String module, java.lang.String version)-org.springframework.boot.cli.compiler.DependencyCustomizer/method/add(java.lang.String group, java.lang.String module, java.lang.String version, boolean transitive)-groupmoduleversion": {
      "type": "data_clump",
      "key": "parameters_to_parameters_data_clump-spring-boot-cli/src/main/java/org/springframework/boot/cli/compiler/DependencyCustomizer.java-org.springframework.boot.cli.compiler.DependencyCustomizer/method/add(java.lang.String group, java.lang.String module, java.lang.String version)-org.springframework.boot.cli.compiler.DependencyCustomizer/method/add(java.lang.String group, java.lang.String module, java.lang.String version, boolean transitive)-groupmoduleversion",
      "probability": 1,
      "from_file_path": "spring-boot-cli/src/main/java/org/springframework/boot/cli/compiler/DependencyCustomizer.java",
      "from_class_or_interface_name": "DependencyCustomizer",
      "from_class_or_interface_key": "org.springframework.boot.cli.compiler.DependencyCustomizer",
      "from_method_name": "add",
      "from_method_key": "org.springframework.boot.cli.compiler.DependencyCustomizer/method/add(java.lang.String group, java.lang.String module, java.lang.String version)",
      "to_file_path": "spring-boot-cli/src/main/java/org/springframework/boot/cli/compiler/DependencyCustomizer.java",
      "to_class_or_interface_name": "DependencyCustomizer",
      "to_class_or_interface_key": "org.springframework.boot.cli.compiler.DependencyCustomizer",
      "to_method_name": "add",
      "to_method_key": "org.springframework.boot.cli.compiler.DependencyCustomizer/method/add(java.lang.String group, java.lang.String module, java.lang.String version, boolean transitive)",
      "data_clump_type": "parameters_to_parameters_data_clump",
      "data_clump_data": {
        "org.springframework.boot.cli.compiler.DependencyCustomizer/method/add(java.lang.String group, java.lang.String module, java.lang.String version)/parameter/group": {
          "key": "org.springframework.boot.cli.compiler.DependencyCustomizer/method/add(java.lang.String group, java.lang.String module, java.lang.String version)/parameter/group",
          "name": "group",
          "type": "java.lang.String",
          "probability": 1,
          "modifiers": [],
          "to_variable": {
            "key": "org.springframework.boot.cli.compiler.DependencyCustomizer/method/add(java.lang.String group, java.lang.String module, java.lang.String version, boolean transitive)/parameter/group",
            "name": "group",
            "type": "java.lang.String",
            "modifiers": [],
            "position": {
              "startLine": 237,
              "startColumn": 41,
              "endLine": 237,
              "endColumn": 46
            }
          },
          "position": {
            "startLine": 225,
            "startColumn": 41,
            "endLine": 225,
            "endColumn": 46
          }
        },
        "org.springframework.boot.cli.compiler.DependencyCustomizer/method/add(java.lang.String group, java.lang.String module, java.lang.String version)/parameter/module": {
          "key": "org.springframework.boot.cli.compiler.DependencyCustomizer/method/add(java.lang.String group, java.lang.String module, java.lang.String version)/parameter/module",
          "name": "module",
          "type": "java.lang.String",
          "probability": 1,
          "modifiers": [],
          "to_variable": {
            "key": "org.springframework.boot.cli.compiler.DependencyCustomizer/method/add(java.lang.String group, java.lang.String module, java.lang.String version, boolean transitive)/parameter/module",
            "name": "module",
            "type": "java.lang.String",
            "modifiers": [],
            "position": {
              "startLine": 237,
              "startColumn": 55,
              "endLine": 237,
              "endColumn": 61
            }
          },
          "position": {
            "startLine": 225,
            "startColumn": 55,
            "endLine": 225,
            "endColumn": 61
          }
        },
        "org.springframework.boot.cli.compiler.DependencyCustomizer/method/add(java.lang.String group, java.lang.String module, java.lang.String version)/parameter/version": {
          "key": "org.springframework.boot.cli.compiler.DependencyCustomizer/method/add(java.lang.String group, java.lang.String module, java.lang.String version)/parameter/version",
          "name": "version",
          "type": "java.lang.String",
          "probability": 1,
          "modifiers": [],
          "to_variable": {
            "key": "org.springframework.boot.cli.compiler.DependencyCustomizer/method/add(java.lang.String group, java.lang.String module, java.lang.String version, boolean transitive)/parameter/version",
            "name": "version",
            "type": "java.lang.String",
            "modifiers": [],
            "position": {
              "startLine": 237,
              "startColumn": 70,
              "endLine": 237,
              "endColumn": 77
            }
          },
          "position": {
            "startLine": 225,
            "startColumn": 70,
            "endLine": 225,
            "endColumn": 77
          }
        }
      }
    },
    "fields_to_fields_data_clump-spring-boot-samples/spring-boot-sample-actuator/src/test/java/org/springframework/boot/sample/ops/ManagementAddressSampleActuatorApplicationTests.java-org.springframework.boot.sample.ops.ManagementAddressSampleActuatorApplicationTests-org.springframework.boot.sample.ops.ManagementSampleActuatorApplicationTests-contextmanagementPortport": {
      "type": "data_clump",
      "key": "fields_to_fields_data_clump-spring-boot-samples/spring-boot-sample-actuator/src/test/java/org/springframework/boot/sample/ops/ManagementAddressSampleActuatorApplicationTests.java-org.springframework.boot.sample.ops.ManagementAddressSampleActuatorApplicationTests-org.springframework.boot.sample.ops.ManagementSampleActuatorApplicationTests-contextmanagementPortport",
      "probability": 1,
      "from_file_path": "spring-boot-samples/spring-boot-sample-actuator/src/test/java/org/springframework/boot/sample/ops/ManagementAddressSampleActuatorApplicationTests.java",
      "from_class_or_interface_name": "ManagementAddressSampleActuatorApplicationTests",
      "from_class_or_interface_key": "org.springframework.boot.sample.ops.ManagementAddressSampleActuatorApplicationTests",
      "from_method_name": null,
      "from_method_key": null,
      "to_file_path": "spring-boot-samples/spring-boot-sample-actuator/src/test/java/org/springframework/boot/sample/ops/ManagementSampleActuatorApplicationTests.java",
      "to_class_or_interface_key": "org.springframework.boot.sample.ops.ManagementSampleActuatorApplicationTests",
      "to_class_or_interface_name": "ManagementAddressSampleActuatorApplicationTests",
      "to_method_key": null,
      "to_method_name": null,
      "data_clump_type": "fields_to_fields_data_clump",
      "data_clump_data": {
        "org.springframework.boot.sample.ops.ManagementAddressSampleActuatorApplicationTests/memberField/context": {
          "key": "org.springframework.boot.sample.ops.ManagementAddressSampleActuatorApplicationTests/memberField/context",
          "name": "context",
          "type": "org.springframework.boot.sample.ops.org.springframework.context.ConfigurableApplicationContext",
          "probability": 1,
          "modifiers": [
            "PRIVATE",
            "STATIC"
          ],
          "to_variable": {
            "key": "org.springframework.boot.sample.ops.ManagementSampleActuatorApplicationTests/memberField/context",
            "name": "context",
            "type": "org.springframework.boot.sample.ops.org.springframework.context.ConfigurableApplicationContext",
            "modifiers": [
              "PRIVATE",
              "STATIC"
            ],
            "position": {
              "startLine": 47,
              "startColumn": 48,
              "endLine": 47,
              "endColumn": 55
            }
          },
          "position": {
            "startLine": 56,
            "startColumn": 48,
            "endLine": 56,
            "endColumn": 55
          }
        },
        "org.springframework.boot.sample.ops.ManagementAddressSampleActuatorApplicationTests/memberField/managementPort": {
          "key": "org.springframework.boot.sample.ops.ManagementAddressSampleActuatorApplicationTests/memberField/managementPort",
          "name": "managementPort",
          "type": "int",
          "probability": 1,
          "modifiers": [
            "PRIVATE",
            "STATIC"
          ],
          "to_variable": {
            "key": "org.springframework.boot.sample.ops.ManagementSampleActuatorApplicationTests/memberField/managementPort",
            "name": "managementPort",
            "type": "int",
            "modifiers": [
              "PRIVATE",
              "STATIC"
            ],
            "position": {
              "startLine": 50,
              "startColumn": 21,
              "endLine": 50,
              "endColumn": 35
            }
          },
          "position": {
            "startLine": 59,
            "startColumn": 21,
            "endLine": 59,
            "endColumn": 35
          }
        },
        "org.springframework.boot.sample.ops.ManagementAddressSampleActuatorApplicationTests/memberField/port": {
          "key": "org.springframework.boot.sample.ops.ManagementAddressSampleActuatorApplicationTests/memberField/port",
          "name": "port",
          "type": "int",
          "probability": 1,
          "modifiers": [
            "PRIVATE",
            "STATIC"
          ],
          "to_variable": {
            "key": "org.springframework.boot.sample.ops.ManagementSampleActuatorApplicationTests/memberField/port",
            "name": "port",
            "type": "int",
            "modifiers": [
              "PRIVATE",
              "STATIC"
            ],
            "position": {
              "startLine": 49,
              "startColumn": 21,
              "endLine": 49,
              "endColumn": 25
            }
          },
          "position": {
            "startLine": 58,
            "startColumn": 21,
            "endLine": 58,
            "endColumn": 25
          }
        }
      }
    },
    "fields_to_fields_data_clump-spring-boot-samples/spring-boot-sample-actuator/src/test/java/org/springframework/boot/sample/ops/ManagementSampleActuatorApplicationTests.java-org.springframework.boot.sample.ops.ManagementSampleActuatorApplicationTests-org.springframework.boot.sample.ops.ManagementAddressSampleActuatorApplicationTests-contextportmanagementPort": {
      "type": "data_clump",
      "key": "fields_to_fields_data_clump-spring-boot-samples/spring-boot-sample-actuator/src/test/java/org/springframework/boot/sample/ops/ManagementSampleActuatorApplicationTests.java-org.springframework.boot.sample.ops.ManagementSampleActuatorApplicationTests-org.springframework.boot.sample.ops.ManagementAddressSampleActuatorApplicationTests-contextportmanagementPort",
      "probability": 1,
      "from_file_path": "spring-boot-samples/spring-boot-sample-actuator/src/test/java/org/springframework/boot/sample/ops/ManagementSampleActuatorApplicationTests.java",
      "from_class_or_interface_name": "ManagementSampleActuatorApplicationTests",
      "from_class_or_interface_key": "org.springframework.boot.sample.ops.ManagementSampleActuatorApplicationTests",
      "from_method_name": null,
      "from_method_key": null,
      "to_file_path": "spring-boot-samples/spring-boot-sample-actuator/src/test/java/org/springframework/boot/sample/ops/ManagementAddressSampleActuatorApplicationTests.java",
      "to_class_or_interface_key": "org.springframework.boot.sample.ops.ManagementAddressSampleActuatorApplicationTests",
      "to_class_or_interface_name": "ManagementSampleActuatorApplicationTests",
      "to_method_key": null,
      "to_method_name": null,
      "data_clump_type": "fields_to_fields_data_clump",
      "data_clump_data": {
        "org.springframework.boot.sample.ops.ManagementSampleActuatorApplicationTests/memberField/context": {
          "key": "org.springframework.boot.sample.ops.ManagementSampleActuatorApplicationTests/memberField/context",
          "name": "context",
          "type": "org.springframework.boot.sample.ops.org.springframework.context.ConfigurableApplicationContext",
          "probability": 1,
          "modifiers": [
            "PRIVATE",
            "STATIC"
          ],
          "to_variable": {
            "key": "org.springframework.boot.sample.ops.ManagementAddressSampleActuatorApplicationTests/memberField/context",
            "name": "context",
            "type": "org.springframework.boot.sample.ops.org.springframework.context.ConfigurableApplicationContext",
            "modifiers": [
              "PRIVATE",
              "STATIC"
            ],
            "position": {
              "startLine": 56,
              "startColumn": 48,
              "endLine": 56,
              "endColumn": 55
            }
          },
          "position": {
            "startLine": 47,
            "startColumn": 48,
            "endLine": 47,
            "endColumn": 55
          }
        },
        "org.springframework.boot.sample.ops.ManagementSampleActuatorApplicationTests/memberField/port": {
          "key": "org.springframework.boot.sample.ops.ManagementSampleActuatorApplicationTests/memberField/port",
          "name": "port",
          "type": "int",
          "probability": 1,
          "modifiers": [
            "PRIVATE",
            "STATIC"
          ],
          "to_variable": {
            "key": "org.springframework.boot.sample.ops.ManagementAddressSampleActuatorApplicationTests/memberField/port",
            "name": "port",
            "type": "int",
            "modifiers": [
              "PRIVATE",
              "STATIC"
            ],
            "position": {
              "startLine": 58,
              "startColumn": 21,
              "endLine": 58,
              "endColumn": 25
            }
          },
          "position": {
            "startLine": 49,
            "startColumn": 21,
            "endLine": 49,
            "endColumn": 25
          }
        },
        "org.springframework.boot.sample.ops.ManagementSampleActuatorApplicationTests/memberField/managementPort": {
          "key": "org.springframework.boot.sample.ops.ManagementSampleActuatorApplicationTests/memberField/managementPort",
          "name": "managementPort",
          "type": "int",
          "probability": 1,
          "modifiers": [
            "PRIVATE",
            "STATIC"
          ],
          "to_variable": {
            "key": "org.springframework.boot.sample.ops.ManagementAddressSampleActuatorApplicationTests/memberField/managementPort",
            "name": "managementPort",
            "type": "int",
            "modifiers": [
              "PRIVATE",
              "STATIC"
            ],
            "position": {
              "startLine": 59,
              "startColumn": 21,
              "endLine": 59,
              "endColumn": 35
            }
          },
          "position": {
            "startLine": 50,
            "startColumn": 21,
            "endLine": 50,
            "endColumn": 35
          }
        }
      }
    }
  }
}