{
  "report_version": "unknown",
  "report_timestamp": "2025-03-26T21:44:52.541Z",
  "target_language": "java",
  "report_summary": {
    "additional": null,
    "amount_classes_or_interfaces_with_data_clumps": 3,
    "amount_files_with_data_clumps": 3,
    "amount_methods_with_data_clumps": 0,
    "fields_to_fields_data_clump": 6,
    "parameters_to_fields_data_clump": 0,
    "parameters_to_parameters_data_clump": 0,
    "amount_data_clumps": 6
  },
  "project_info": {
    "project_url": "unknown_project_url",
    "project_name": "_1ip_IBObEeuxZMUIY-ihGw",
    "project_version": "unknown_project_version",
    "project_commit_hash": "unknown",
    "project_tag": null,
    "project_commit_date": null,
    "additional": {},
    "number_of_files": 32,
    "number_of_classes_or_interfaces": 32,
    "number_of_methods": 54,
    "number_of_data_fields": 57,
    "number_of_method_parameters": 22
  },
  "detector": {
    "name": "data-clumps-doctor",
    "url": "https://github.com/NilsBaumgartner1994/data-clumps-doctor",
    "version": "0.1.100",
    "options": {
      "typeVariablesConsidered": false,
      "similarityModifierOfVariablesWithUnknownType": 0,
      "fieldsOfClassesWithUnknownHierarchyProbabilityModifier": 0,
      "sharedFieldsToFieldsAmountMinimum": 3,
      "analyseFieldsInClassesOrInterfacesInheritedFromSuperClassesOrInterfaces": false,
      "sharedParametersToParametersAmountMinimum": 3,
      "sharedParametersToFieldsAmountMinimum": 3,
      "methodsOfClassesOrInterfacesWithUnknownHierarchyProbabilityModifier": 0
    }
  },
  "data_clumps": {
    "fields_to_fields_data_clump-./Devil-_1jH50hObEeuxZMUIY-ihGw-_1jH5xBObEeuxZMUIY-ihGw-speedHPlevel": {
      "type": "data_clump",
      "key": "fields_to_fields_data_clump-./Devil-_1jH50hObEeuxZMUIY-ihGw-_1jH5xBObEeuxZMUIY-ihGw-speedHPlevel",
      "probability": 1,
      "from_file_path": "./Devil",
      "from_class_or_interface_name": "Devil",
      "from_class_or_interface_key": "_1jH50hObEeuxZMUIY-ihGw",
      "from_method_name": null,
      "from_method_key": null,
      "to_file_path": "./Droid",
      "to_class_or_interface_key": "_1jH5xBObEeuxZMUIY-ihGw",
      "to_class_or_interface_name": "Devil",
      "to_method_key": null,
      "to_method_name": null,
      "data_clump_type": "fields_to_fields_data_clump",
      "data_clump_data": {
        "_1jH50xObEeuxZMUIY-ihGw": {
          "key": "_1jH50xObEeuxZMUIY-ihGw",
          "name": "speed",
          "type": null,
          "probability": 1,
          "modifiers": [],
          "to_variable": {
            "key": "_1jH5xRObEeuxZMUIY-ihGw",
            "name": "speed",
            "type": null,
            "modifiers": [],
            "position": {}
          },
          "position": {}
        },
        "_1jH51BObEeuxZMUIY-ihGw": {
          "key": "_1jH51BObEeuxZMUIY-ihGw",
          "name": "HP",
          "type": null,
          "probability": 1,
          "modifiers": [],
          "to_variable": {
            "key": "_1jH5xhObEeuxZMUIY-ihGw",
            "name": "HP",
            "type": null,
            "modifiers": [],
            "position": {}
          },
          "position": {}
        },
        "_1jH51RObEeuxZMUIY-ihGw": {
          "key": "_1jH51RObEeuxZMUIY-ihGw",
          "name": "level",
          "type": null,
          "probability": 1,
          "modifiers": [],
          "to_variable": {
            "key": "_1jH5xxObEeuxZMUIY-ihGw",
            "name": "level",
            "type": null,
            "modifiers": [],
            "position": {}
          },
          "position": {}
        }
      }
    },
    "fields_to_fields_data_clump-./Devil-_1jH50hObEeuxZMUIY-ihGw-_1jH5yxObEeuxZMUIY-ihGw-speedHPlevel": {
      "type": "data_clump",
      "key": "fields_to_fields_data_clump-./Devil-_1jH50hObEeuxZMUIY-ihGw-_1jH5yxObEeuxZMUIY-ihGw-speedHPlevel",
      "probability": 1,
      "from_file_path": "./Devil",
      "from_class_or_interface_name": "Devil",
      "from_class_or_interface_key": "_1jH50hObEeuxZMUIY-ihGw",
      "from_method_name": null,
      "from_method_key": null,
      "to_file_path": "./LeMal",
      "to_class_or_interface_key": "_1jH5yxObEeuxZMUIY-ihGw",
      "to_class_or_interface_name": "Devil",
      "to_method_key": null,
      "to_method_name": null,
      "data_clump_type": "fields_to_fields_data_clump",
      "data_clump_data": {
        "_1jH50xObEeuxZMUIY-ihGw": {
          "key": "_1jH50xObEeuxZMUIY-ihGw",
          "name": "speed",
          "type": null,
          "probability": 1,
          "modifiers": [],
          "to_variable": {
            "key": "_1jH5zBObEeuxZMUIY-ihGw",
            "name": "speed",
            "type": null,
            "modifiers": [],
            "position": {}
          },
          "position": {}
        },
        "_1jH51BObEeuxZMUIY-ihGw": {
          "key": "_1jH51BObEeuxZMUIY-ihGw",
          "name": "HP",
          "type": null,
          "probability": 1,
          "modifiers": [],
          "to_variable": {
            "key": "_1jH5zRObEeuxZMUIY-ihGw",
            "name": "HP",
            "type": null,
            "modifiers": [],
            "position": {}
          },
          "position": {}
        },
        "_1jH51RObEeuxZMUIY-ihGw": {
          "key": "_1jH51RObEeuxZMUIY-ihGw",
          "name": "level",
          "type": null,
          "probability": 1,
          "modifiers": [],
          "to_variable": {
            "key": "_1jH5zhObEeuxZMUIY-ihGw",
            "name": "level",
            "type": null,
            "modifiers": [],
            "position": {}
          },
          "position": {}
        }
      }
    },
    "fields_to_fields_data_clump-./Droid-_1jH5xBObEeuxZMUIY-ihGw-_1jH50hObEeuxZMUIY-ihGw-speedHPlevel": {
      "type": "data_clump",
      "key": "fields_to_fields_data_clump-./Droid-_1jH5xBObEeuxZMUIY-ihGw-_1jH50hObEeuxZMUIY-ihGw-speedHPlevel",
      "probability": 1,
      "from_file_path": "./Droid",
      "from_class_or_interface_name": "Droid",
      "from_class_or_interface_key": "_1jH5xBObEeuxZMUIY-ihGw",
      "from_method_name": null,
      "from_method_key": null,
      "to_file_path": "./Devil",
      "to_class_or_interface_key": "_1jH50hObEeuxZMUIY-ihGw",
      "to_class_or_interface_name": "Droid",
      "to_method_key": null,
      "to_method_name": null,
      "data_clump_type": "fields_to_fields_data_clump",
      "data_clump_data": {
        "_1jH5xRObEeuxZMUIY-ihGw": {
          "key": "_1jH5xRObEeuxZMUIY-ihGw",
          "name": "speed",
          "type": null,
          "probability": 1,
          "modifiers": [],
          "to_variable": {
            "key": "_1jH50xObEeuxZMUIY-ihGw",
            "name": "speed",
            "type": null,
            "modifiers": [],
            "position": {}
          },
          "position": {}
        },
        "_1jH5xhObEeuxZMUIY-ihGw": {
          "key": "_1jH5xhObEeuxZMUIY-ihGw",
          "name": "HP",
          "type": null,
          "probability": 1,
          "modifiers": [],
          "to_variable": {
            "key": "_1jH51BObEeuxZMUIY-ihGw",
            "name": "HP",
            "type": null,
            "modifiers": [],
            "position": {}
          },
          "position": {}
        },
        "_1jH5xxObEeuxZMUIY-ihGw": {
          "key": "_1jH5xxObEeuxZMUIY-ihGw",
          "name": "level",
          "type": null,
          "probability": 1,
          "modifiers": [],
          "to_variable": {
            "key": "_1jH51RObEeuxZMUIY-ihGw",
            "name": "level",
            "type": null,
            "modifiers": [],
            "position": {}
          },
          "position": {}
        }
      }
    },
    "fields_to_fields_data_clump-./Droid-_1jH5xBObEeuxZMUIY-ihGw-_1jH5yxObEeuxZMUIY-ihGw-speedHPlevel": {
      "type": "data_clump",
      "key": "fields_to_fields_data_clump-./Droid-_1jH5xBObEeuxZMUIY-ihGw-_1jH5yxObEeuxZMUIY-ihGw-speedHPlevel",
      "probability": 1,
      "from_file_path": "./Droid",
      "from_class_or_interface_name": "Droid",
      "from_class_or_interface_key": "_1jH5xBObEeuxZMUIY-ihGw",
      "from_method_name": null,
      "from_method_key": null,
      "to_file_path": "./LeMal",
      "to_class_or_interface_key": "_1jH5yxObEeuxZMUIY-ihGw",
      "to_class_or_interface_name": "Droid",
      "to_method_key": null,
      "to_method_name": null,
      "data_clump_type": "fields_to_fields_data_clump",
      "data_clump_data": {
        "_1jH5xRObEeuxZMUIY-ihGw": {
          "key": "_1jH5xRObEeuxZMUIY-ihGw",
          "name": "speed",
          "type": null,
          "probability": 1,
          "modifiers": [],
          "to_variable": {
            "key": "_1jH5zBObEeuxZMUIY-ihGw",
            "name": "speed",
            "type": null,
            "modifiers": [],
            "position": {}
          },
          "position": {}
        },
        "_1jH5xhObEeuxZMUIY-ihGw": {
          "key": "_1jH5xhObEeuxZMUIY-ihGw",
          "name": "HP",
          "type": null,
          "probability": 1,
          "modifiers": [],
          "to_variable": {
            "key": "_1jH5zRObEeuxZMUIY-ihGw",
            "name": "HP",
            "type": null,
            "modifiers": [],
            "position": {}
          },
          "position": {}
        },
        "_1jH5xxObEeuxZMUIY-ihGw": {
          "key": "_1jH5xxObEeuxZMUIY-ihGw",
          "name": "level",
          "type": null,
          "probability": 1,
          "modifiers": [],
          "to_variable": {
            "key": "_1jH5zhObEeuxZMUIY-ihGw",
            "name": "level",
            "type": null,
            "modifiers": [],
            "position": {}
          },
          "position": {}
        }
      }
    },
    "fields_to_fields_data_clump-./LeMal-_1jH5yxObEeuxZMUIY-ihGw-_1jH50hObEeuxZMUIY-ihGw-speedHPlevel": {
      "type": "data_clump",
      "key": "fields_to_fields_data_clump-./LeMal-_1jH5yxObEeuxZMUIY-ihGw-_1jH50hObEeuxZMUIY-ihGw-speedHPlevel",
      "probability": 1,
      "from_file_path": "./LeMal",
      "from_class_or_interface_name": "LeMal",
      "from_class_or_interface_key": "_1jH5yxObEeuxZMUIY-ihGw",
      "from_method_name": null,
      "from_method_key": null,
      "to_file_path": "./Devil",
      "to_class_or_interface_key": "_1jH50hObEeuxZMUIY-ihGw",
      "to_class_or_interface_name": "LeMal",
      "to_method_key": null,
      "to_method_name": null,
      "data_clump_type": "fields_to_fields_data_clump",
      "data_clump_data": {
        "_1jH5zBObEeuxZMUIY-ihGw": {
          "key": "_1jH5zBObEeuxZMUIY-ihGw",
          "name": "speed",
          "type": null,
          "probability": 1,
          "modifiers": [],
          "to_variable": {
            "key": "_1jH50xObEeuxZMUIY-ihGw",
            "name": "speed",
            "type": null,
            "modifiers": [],
            "position": {}
          },
          "position": {}
        },
        "_1jH5zRObEeuxZMUIY-ihGw": {
          "key": "_1jH5zRObEeuxZMUIY-ihGw",
          "name": "HP",
          "type": null,
          "probability": 1,
          "modifiers": [],
          "to_variable": {
            "key": "_1jH51BObEeuxZMUIY-ihGw",
            "name": "HP",
            "type": null,
            "modifiers": [],
            "position": {}
          },
          "position": {}
        },
        "_1jH5zhObEeuxZMUIY-ihGw": {
          "key": "_1jH5zhObEeuxZMUIY-ihGw",
          "name": "level",
          "type": null,
          "probability": 1,
          "modifiers": [],
          "to_variable": {
            "key": "_1jH51RObEeuxZMUIY-ihGw",
            "name": "level",
            "type": null,
            "modifiers": [],
            "position": {}
          },
          "position": {}
        }
      }
    },
    "fields_to_fields_data_clump-./LeMal-_1jH5yxObEeuxZMUIY-ihGw-_1jH5xBObEeuxZMUIY-ihGw-speedHPlevel": {
      "type": "data_clump",
      "key": "fields_to_fields_data_clump-./LeMal-_1jH5yxObEeuxZMUIY-ihGw-_1jH5xBObEeuxZMUIY-ihGw-speedHPlevel",
      "probability": 1,
      "from_file_path": "./LeMal",
      "from_class_or_interface_name": "LeMal",
      "from_class_or_interface_key": "_1jH5yxObEeuxZMUIY-ihGw",
      "from_method_name": null,
      "from_method_key": null,
      "to_file_path": "./Droid",
      "to_class_or_interface_key": "_1jH5xBObEeuxZMUIY-ihGw",
      "to_class_or_interface_name": "LeMal",
      "to_method_key": null,
      "to_method_name": null,
      "data_clump_type": "fields_to_fields_data_clump",
      "data_clump_data": {
        "_1jH5zBObEeuxZMUIY-ihGw": {
          "key": "_1jH5zBObEeuxZMUIY-ihGw",
          "name": "speed",
          "type": null,
          "probability": 1,
          "modifiers": [],
          "to_variable": {
            "key": "_1jH5xRObEeuxZMUIY-ihGw",
            "name": "speed",
            "type": null,
            "modifiers": [],
            "position": {}
          },
          "position": {}
        },
        "_1jH5zRObEeuxZMUIY-ihGw": {
          "key": "_1jH5zRObEeuxZMUIY-ihGw",
          "name": "HP",
          "type": null,
          "probability": 1,
          "modifiers": [],
          "to_variable": {
            "key": "_1jH5xhObEeuxZMUIY-ihGw",
            "name": "HP",
            "type": null,
            "modifiers": [],
            "position": {}
          },
          "position": {}
        },
        "_1jH5zhObEeuxZMUIY-ihGw": {
          "key": "_1jH5zhObEeuxZMUIY-ihGw",
          "name": "level",
          "type": null,
          "probability": 1,
          "modifiers": [],
          "to_variable": {
            "key": "_1jH5xxObEeuxZMUIY-ihGw",
            "name": "level",
            "type": null,
            "modifiers": [],
            "position": {}
          },
          "position": {}
        }
      }
    }
  }
}