{
  "report_version": "unknown",
  "report_timestamp": "2025-03-26T22:53:25.569Z",
  "target_language": "java",
  "report_summary": {
    "additional": null,
    "amount_classes_or_interfaces_with_data_clumps": 4,
    "amount_files_with_data_clumps": 4,
    "amount_methods_with_data_clumps": 4,
    "fields_to_fields_data_clump": 0,
    "parameters_to_fields_data_clump": 0,
    "parameters_to_parameters_data_clump": 12,
    "amount_data_clumps": 12
  },
  "project_info": {
    "project_url": "unknown_project_url",
    "project_name": "_BozUwAh2Ee64eYTeKXp2Pw",
    "project_version": "unknown_project_version",
    "project_commit_hash": "unknown",
    "project_tag": null,
    "project_commit_date": null,
    "additional": {},
    "number_of_files": 18,
    "number_of_classes_or_interfaces": 18,
    "number_of_methods": 98,
    "number_of_data_fields": 25,
    "number_of_method_parameters": 109
  },
  "detector": {
    "name": "data-clumps-doctor",
    "url": "https://github.com/NilsBaumgartner1994/data-clumps-doctor",
    "version": "0.1.100",
    "options": {
      "typeVariablesConsidered": false,
      "similarityModifierOfVariablesWithUnknownType": 0,
      "fieldsOfClassesWithUnknownHierarchyProbabilityModifier": 0,
      "sharedFieldsToFieldsAmountMinimum": 3,
      "analyseFieldsInClassesOrInterfacesInheritedFromSuperClassesOrInterfaces": false,
      "sharedParametersToParametersAmountMinimum": 3,
      "sharedParametersToFieldsAmountMinimum": 3,
      "methodsOfClassesOrInterfacesWithUnknownHierarchyProbabilityModifier": 0
    }
  },
  "data_clumps": {
    "parameters_to_parameters_data_clump-./Administrador-_BpG3zwh2Ee64eYTeKXp2Pw-_BpHeCgh2Ee64eYTeKXp2Pw-idnombrecorreousernamepassword": {
      "type": "data_clump",
      "key": "parameters_to_parameters_data_clump-./Administrador-_BpG3zwh2Ee64eYTeKXp2Pw-_BpHeCgh2Ee64eYTeKXp2Pw-idnombrecorreousernamepassword",
      "probability": 1,
      "from_file_path": "./Administrador",
      "from_class_or_interface_name": "Administrador",
      "from_class_or_interface_key": "_BpG3zAh2Ee64eYTeKXp2Pw",
      "from_method_name": "Administrador",
      "from_method_key": "_BpG3zwh2Ee64eYTeKXp2Pw",
      "to_file_path": "./Gerente",
      "to_class_or_interface_name": "Gerente",
      "to_class_or_interface_key": "_BpHeBwh2Ee64eYTeKXp2Pw",
      "to_method_name": "Gerente",
      "to_method_key": "_BpHeCgh2Ee64eYTeKXp2Pw",
      "data_clump_type": "parameters_to_parameters_data_clump",
      "data_clump_data": {
        "_BpG30Ah2Ee64eYTeKXp2Pw": {
          "key": "_BpG30Ah2Ee64eYTeKXp2Pw",
          "name": "id",
          "type": null,
          "probability": 1,
          "modifiers": [],
          "to_variable": {
            "key": "_BpHeCwh2Ee64eYTeKXp2Pw",
            "name": "id",
            "type": null,
            "modifiers": [],
            "position": {}
          },
          "position": {}
        },
        "_BpG30Qh2Ee64eYTeKXp2Pw": {
          "key": "_BpG30Qh2Ee64eYTeKXp2Pw",
          "name": "nombre",
          "type": null,
          "probability": 1,
          "modifiers": [],
          "to_variable": {
            "key": "_BpHeDAh2Ee64eYTeKXp2Pw",
            "name": "nombre",
            "type": null,
            "modifiers": [],
            "position": {}
          },
          "position": {}
        },
        "_BpG30gh2Ee64eYTeKXp2Pw": {
          "key": "_BpG30gh2Ee64eYTeKXp2Pw",
          "name": "correo",
          "type": null,
          "probability": 1,
          "modifiers": [],
          "to_variable": {
            "key": "_BpHeDQh2Ee64eYTeKXp2Pw",
            "name": "correo",
            "type": null,
            "modifiers": [],
            "position": {}
          },
          "position": {}
        },
        "_BpG30wh2Ee64eYTeKXp2Pw": {
          "key": "_BpG30wh2Ee64eYTeKXp2Pw",
          "name": "username",
          "type": null,
          "probability": 1,
          "modifiers": [],
          "to_variable": {
            "key": "_BpHeDgh2Ee64eYTeKXp2Pw",
            "name": "username",
            "type": null,
            "modifiers": [],
            "position": {}
          },
          "position": {}
        },
        "_BpG31Ah2Ee64eYTeKXp2Pw": {
          "key": "_BpG31Ah2Ee64eYTeKXp2Pw",
          "name": "password",
          "type": null,
          "probability": 1,
          "modifiers": [],
          "to_variable": {
            "key": "_BpHeDwh2Ee64eYTeKXp2Pw",
            "name": "password",
            "type": null,
            "modifiers": [],
            "position": {}
          },
          "position": {}
        }
      }
    },
    "parameters_to_parameters_data_clump-./Administrador-_BpG3zwh2Ee64eYTeKXp2Pw-_BpHd7Qh2Ee64eYTeKXp2Pw-idnombrecorreousernamepassword": {
      "type": "data_clump",
      "key": "parameters_to_parameters_data_clump-./Administrador-_BpG3zwh2Ee64eYTeKXp2Pw-_BpHd7Qh2Ee64eYTeKXp2Pw-idnombrecorreousernamepassword",
      "probability": 1,
      "from_file_path": "./Administrador",
      "from_class_or_interface_name": "Administrador",
      "from_class_or_interface_key": "_BpG3zAh2Ee64eYTeKXp2Pw",
      "from_method_name": "Administrador",
      "from_method_key": "_BpG3zwh2Ee64eYTeKXp2Pw",
      "to_file_path": "./Persona",
      "to_class_or_interface_name": "Persona",
      "to_class_or_interface_key": "_BpHd5gh2Ee64eYTeKXp2Pw",
      "to_method_name": "Persona",
      "to_method_key": "_BpHd7Qh2Ee64eYTeKXp2Pw",
      "data_clump_type": "parameters_to_parameters_data_clump",
      "data_clump_data": {
        "_BpG30Ah2Ee64eYTeKXp2Pw": {
          "key": "_BpG30Ah2Ee64eYTeKXp2Pw",
          "name": "id",
          "type": null,
          "probability": 1,
          "modifiers": [],
          "to_variable": {
            "key": "_BpHd7gh2Ee64eYTeKXp2Pw",
            "name": "id",
            "type": null,
            "modifiers": [],
            "position": {}
          },
          "position": {}
        },
        "_BpG30Qh2Ee64eYTeKXp2Pw": {
          "key": "_BpG30Qh2Ee64eYTeKXp2Pw",
          "name": "nombre",
          "type": null,
          "probability": 1,
          "modifiers": [],
          "to_variable": {
            "key": "_BpHd7wh2Ee64eYTeKXp2Pw",
            "name": "nombre",
            "type": null,
            "modifiers": [],
            "position": {}
          },
          "position": {}
        },
        "_BpG30gh2Ee64eYTeKXp2Pw": {
          "key": "_BpG30gh2Ee64eYTeKXp2Pw",
          "name": "correo",
          "type": null,
          "probability": 1,
          "modifiers": [],
          "to_variable": {
            "key": "_BpHd8Ah2Ee64eYTeKXp2Pw",
            "name": "correo",
            "type": null,
            "modifiers": [],
            "position": {}
          },
          "position": {}
        },
        "_BpG30wh2Ee64eYTeKXp2Pw": {
          "key": "_BpG30wh2Ee64eYTeKXp2Pw",
          "name": "username",
          "type": null,
          "probability": 1,
          "modifiers": [],
          "to_variable": {
            "key": "_BpHd8Qh2Ee64eYTeKXp2Pw",
            "name": "username",
            "type": null,
            "modifiers": [],
            "position": {}
          },
          "position": {}
        },
        "_BpG31Ah2Ee64eYTeKXp2Pw": {
          "key": "_BpG31Ah2Ee64eYTeKXp2Pw",
          "name": "password",
          "type": null,
          "probability": 1,
          "modifiers": [],
          "to_variable": {
            "key": "_BpHd8gh2Ee64eYTeKXp2Pw",
            "name": "password",
            "type": null,
            "modifiers": [],
            "position": {}
          },
          "position": {}
        }
      }
    },
    "parameters_to_parameters_data_clump-./Administrador-_BpG3zwh2Ee64eYTeKXp2Pw-_BpHeFAh2Ee64eYTeKXp2Pw-idnombrecorreousernamepassword": {
      "type": "data_clump",
      "key": "parameters_to_parameters_data_clump-./Administrador-_BpG3zwh2Ee64eYTeKXp2Pw-_BpHeFAh2Ee64eYTeKXp2Pw-idnombrecorreousernamepassword",
      "probability": 1,
      "from_file_path": "./Administrador",
      "from_class_or_interface_name": "Administrador",
      "from_class_or_interface_key": "_BpG3zAh2Ee64eYTeKXp2Pw",
      "from_method_name": "Administrador",
      "from_method_key": "_BpG3zwh2Ee64eYTeKXp2Pw",
      "to_file_path": "./Usuario",
      "to_class_or_interface_name": "Usuario",
      "to_class_or_interface_key": "_BpHeEAh2Ee64eYTeKXp2Pw",
      "to_method_name": "Usuario",
      "to_method_key": "_BpHeFAh2Ee64eYTeKXp2Pw",
      "data_clump_type": "parameters_to_parameters_data_clump",
      "data_clump_data": {
        "_BpG30Ah2Ee64eYTeKXp2Pw": {
          "key": "_BpG30Ah2Ee64eYTeKXp2Pw",
          "name": "id",
          "type": null,
          "probability": 1,
          "modifiers": [],
          "to_variable": {
            "key": "_BpHeFQh2Ee64eYTeKXp2Pw",
            "name": "id",
            "type": null,
            "modifiers": [],
            "position": {}
          },
          "position": {}
        },
        "_BpG30Qh2Ee64eYTeKXp2Pw": {
          "key": "_BpG30Qh2Ee64eYTeKXp2Pw",
          "name": "nombre",
          "type": null,
          "probability": 1,
          "modifiers": [],
          "to_variable": {
            "key": "_BpHeFgh2Ee64eYTeKXp2Pw",
            "name": "nombre",
            "type": null,
            "modifiers": [],
            "position": {}
          },
          "position": {}
        },
        "_BpG30gh2Ee64eYTeKXp2Pw": {
          "key": "_BpG30gh2Ee64eYTeKXp2Pw",
          "name": "correo",
          "type": null,
          "probability": 1,
          "modifiers": [],
          "to_variable": {
            "key": "_BpHeFwh2Ee64eYTeKXp2Pw",
            "name": "correo",
            "type": null,
            "modifiers": [],
            "position": {}
          },
          "position": {}
        },
        "_BpG30wh2Ee64eYTeKXp2Pw": {
          "key": "_BpG30wh2Ee64eYTeKXp2Pw",
          "name": "username",
          "type": null,
          "probability": 1,
          "modifiers": [],
          "to_variable": {
            "key": "_BpHeGAh2Ee64eYTeKXp2Pw",
            "name": "username",
            "type": null,
            "modifiers": [],
            "position": {}
          },
          "position": {}
        },
        "_BpG31Ah2Ee64eYTeKXp2Pw": {
          "key": "_BpG31Ah2Ee64eYTeKXp2Pw",
          "name": "password",
          "type": null,
          "probability": 1,
          "modifiers": [],
          "to_variable": {
            "key": "_BpHeGQh2Ee64eYTeKXp2Pw",
            "name": "password",
            "type": null,
            "modifiers": [],
            "position": {}
          },
          "position": {}
        }
      }
    },
    "parameters_to_parameters_data_clump-./Gerente-_BpHeCgh2Ee64eYTeKXp2Pw-_BpG3zwh2Ee64eYTeKXp2Pw-idnombrecorreousernamepassword": {
      "type": "data_clump",
      "key": "parameters_to_parameters_data_clump-./Gerente-_BpHeCgh2Ee64eYTeKXp2Pw-_BpG3zwh2Ee64eYTeKXp2Pw-idnombrecorreousernamepassword",
      "probability": 1,
      "from_file_path": "./Gerente",
      "from_class_or_interface_name": "Gerente",
      "from_class_or_interface_key": "_BpHeBwh2Ee64eYTeKXp2Pw",
      "from_method_name": "Gerente",
      "from_method_key": "_BpHeCgh2Ee64eYTeKXp2Pw",
      "to_file_path": "./Administrador",
      "to_class_or_interface_name": "Administrador",
      "to_class_or_interface_key": "_BpG3zAh2Ee64eYTeKXp2Pw",
      "to_method_name": "Administrador",
      "to_method_key": "_BpG3zwh2Ee64eYTeKXp2Pw",
      "data_clump_type": "parameters_to_parameters_data_clump",
      "data_clump_data": {
        "_BpHeCwh2Ee64eYTeKXp2Pw": {
          "key": "_BpHeCwh2Ee64eYTeKXp2Pw",
          "name": "id",
          "type": null,
          "probability": 1,
          "modifiers": [],
          "to_variable": {
            "key": "_BpG30Ah2Ee64eYTeKXp2Pw",
            "name": "id",
            "type": null,
            "modifiers": [],
            "position": {}
          },
          "position": {}
        },
        "_BpHeDAh2Ee64eYTeKXp2Pw": {
          "key": "_BpHeDAh2Ee64eYTeKXp2Pw",
          "name": "nombre",
          "type": null,
          "probability": 1,
          "modifiers": [],
          "to_variable": {
            "key": "_BpG30Qh2Ee64eYTeKXp2Pw",
            "name": "nombre",
            "type": null,
            "modifiers": [],
            "position": {}
          },
          "position": {}
        },
        "_BpHeDQh2Ee64eYTeKXp2Pw": {
          "key": "_BpHeDQh2Ee64eYTeKXp2Pw",
          "name": "correo",
          "type": null,
          "probability": 1,
          "modifiers": [],
          "to_variable": {
            "key": "_BpG30gh2Ee64eYTeKXp2Pw",
            "name": "correo",
            "type": null,
            "modifiers": [],
            "position": {}
          },
          "position": {}
        },
        "_BpHeDgh2Ee64eYTeKXp2Pw": {
          "key": "_BpHeDgh2Ee64eYTeKXp2Pw",
          "name": "username",
          "type": null,
          "probability": 1,
          "modifiers": [],
          "to_variable": {
            "key": "_BpG30wh2Ee64eYTeKXp2Pw",
            "name": "username",
            "type": null,
            "modifiers": [],
            "position": {}
          },
          "position": {}
        },
        "_BpHeDwh2Ee64eYTeKXp2Pw": {
          "key": "_BpHeDwh2Ee64eYTeKXp2Pw",
          "name": "password",
          "type": null,
          "probability": 1,
          "modifiers": [],
          "to_variable": {
            "key": "_BpG31Ah2Ee64eYTeKXp2Pw",
            "name": "password",
            "type": null,
            "modifiers": [],
            "position": {}
          },
          "position": {}
        }
      }
    },
    "parameters_to_parameters_data_clump-./Gerente-_BpHeCgh2Ee64eYTeKXp2Pw-_BpHd7Qh2Ee64eYTeKXp2Pw-idnombrecorreousernamepassword": {
      "type": "data_clump",
      "key": "parameters_to_parameters_data_clump-./Gerente-_BpHeCgh2Ee64eYTeKXp2Pw-_BpHd7Qh2Ee64eYTeKXp2Pw-idnombrecorreousernamepassword",
      "probability": 1,
      "from_file_path": "./Gerente",
      "from_class_or_interface_name": "Gerente",
      "from_class_or_interface_key": "_BpHeBwh2Ee64eYTeKXp2Pw",
      "from_method_name": "Gerente",
      "from_method_key": "_BpHeCgh2Ee64eYTeKXp2Pw",
      "to_file_path": "./Persona",
      "to_class_or_interface_name": "Persona",
      "to_class_or_interface_key": "_BpHd5gh2Ee64eYTeKXp2Pw",
      "to_method_name": "Persona",
      "to_method_key": "_BpHd7Qh2Ee64eYTeKXp2Pw",
      "data_clump_type": "parameters_to_parameters_data_clump",
      "data_clump_data": {
        "_BpHeCwh2Ee64eYTeKXp2Pw": {
          "key": "_BpHeCwh2Ee64eYTeKXp2Pw",
          "name": "id",
          "type": null,
          "probability": 1,
          "modifiers": [],
          "to_variable": {
            "key": "_BpHd7gh2Ee64eYTeKXp2Pw",
            "name": "id",
            "type": null,
            "modifiers": [],
            "position": {}
          },
          "position": {}
        },
        "_BpHeDAh2Ee64eYTeKXp2Pw": {
          "key": "_BpHeDAh2Ee64eYTeKXp2Pw",
          "name": "nombre",
          "type": null,
          "probability": 1,
          "modifiers": [],
          "to_variable": {
            "key": "_BpHd7wh2Ee64eYTeKXp2Pw",
            "name": "nombre",
            "type": null,
            "modifiers": [],
            "position": {}
          },
          "position": {}
        },
        "_BpHeDQh2Ee64eYTeKXp2Pw": {
          "key": "_BpHeDQh2Ee64eYTeKXp2Pw",
          "name": "correo",
          "type": null,
          "probability": 1,
          "modifiers": [],
          "to_variable": {
            "key": "_BpHd8Ah2Ee64eYTeKXp2Pw",
            "name": "correo",
            "type": null,
            "modifiers": [],
            "position": {}
          },
          "position": {}
        },
        "_BpHeDgh2Ee64eYTeKXp2Pw": {
          "key": "_BpHeDgh2Ee64eYTeKXp2Pw",
          "name": "username",
          "type": null,
          "probability": 1,
          "modifiers": [],
          "to_variable": {
            "key": "_BpHd8Qh2Ee64eYTeKXp2Pw",
            "name": "username",
            "type": null,
            "modifiers": [],
            "position": {}
          },
          "position": {}
        },
        "_BpHeDwh2Ee64eYTeKXp2Pw": {
          "key": "_BpHeDwh2Ee64eYTeKXp2Pw",
          "name": "password",
          "type": null,
          "probability": 1,
          "modifiers": [],
          "to_variable": {
            "key": "_BpHd8gh2Ee64eYTeKXp2Pw",
            "name": "password",
            "type": null,
            "modifiers": [],
            "position": {}
          },
          "position": {}
        }
      }
    },
    "parameters_to_parameters_data_clump-./Gerente-_BpHeCgh2Ee64eYTeKXp2Pw-_BpHeFAh2Ee64eYTeKXp2Pw-idnombrecorreousernamepassword": {
      "type": "data_clump",
      "key": "parameters_to_parameters_data_clump-./Gerente-_BpHeCgh2Ee64eYTeKXp2Pw-_BpHeFAh2Ee64eYTeKXp2Pw-idnombrecorreousernamepassword",
      "probability": 1,
      "from_file_path": "./Gerente",
      "from_class_or_interface_name": "Gerente",
      "from_class_or_interface_key": "_BpHeBwh2Ee64eYTeKXp2Pw",
      "from_method_name": "Gerente",
      "from_method_key": "_BpHeCgh2Ee64eYTeKXp2Pw",
      "to_file_path": "./Usuario",
      "to_class_or_interface_name": "Usuario",
      "to_class_or_interface_key": "_BpHeEAh2Ee64eYTeKXp2Pw",
      "to_method_name": "Usuario",
      "to_method_key": "_BpHeFAh2Ee64eYTeKXp2Pw",
      "data_clump_type": "parameters_to_parameters_data_clump",
      "data_clump_data": {
        "_BpHeCwh2Ee64eYTeKXp2Pw": {
          "key": "_BpHeCwh2Ee64eYTeKXp2Pw",
          "name": "id",
          "type": null,
          "probability": 1,
          "modifiers": [],
          "to_variable": {
            "key": "_BpHeFQh2Ee64eYTeKXp2Pw",
            "name": "id",
            "type": null,
            "modifiers": [],
            "position": {}
          },
          "position": {}
        },
        "_BpHeDAh2Ee64eYTeKXp2Pw": {
          "key": "_BpHeDAh2Ee64eYTeKXp2Pw",
          "name": "nombre",
          "type": null,
          "probability": 1,
          "modifiers": [],
          "to_variable": {
            "key": "_BpHeFgh2Ee64eYTeKXp2Pw",
            "name": "nombre",
            "type": null,
            "modifiers": [],
            "position": {}
          },
          "position": {}
        },
        "_BpHeDQh2Ee64eYTeKXp2Pw": {
          "key": "_BpHeDQh2Ee64eYTeKXp2Pw",
          "name": "correo",
          "type": null,
          "probability": 1,
          "modifiers": [],
          "to_variable": {
            "key": "_BpHeFwh2Ee64eYTeKXp2Pw",
            "name": "correo",
            "type": null,
            "modifiers": [],
            "position": {}
          },
          "position": {}
        },
        "_BpHeDgh2Ee64eYTeKXp2Pw": {
          "key": "_BpHeDgh2Ee64eYTeKXp2Pw",
          "name": "username",
          "type": null,
          "probability": 1,
          "modifiers": [],
          "to_variable": {
            "key": "_BpHeGAh2Ee64eYTeKXp2Pw",
            "name": "username",
            "type": null,
            "modifiers": [],
            "position": {}
          },
          "position": {}
        },
        "_BpHeDwh2Ee64eYTeKXp2Pw": {
          "key": "_BpHeDwh2Ee64eYTeKXp2Pw",
          "name": "password",
          "type": null,
          "probability": 1,
          "modifiers": [],
          "to_variable": {
            "key": "_BpHeGQh2Ee64eYTeKXp2Pw",
            "name": "password",
            "type": null,
            "modifiers": [],
            "position": {}
          },
          "position": {}
        }
      }
    },
    "parameters_to_parameters_data_clump-./Persona-_BpHd7Qh2Ee64eYTeKXp2Pw-_BpG3zwh2Ee64eYTeKXp2Pw-idnombrecorreousernamepassword": {
      "type": "data_clump",
      "key": "parameters_to_parameters_data_clump-./Persona-_BpHd7Qh2Ee64eYTeKXp2Pw-_BpG3zwh2Ee64eYTeKXp2Pw-idnombrecorreousernamepassword",
      "probability": 1,
      "from_file_path": "./Persona",
      "from_class_or_interface_name": "Persona",
      "from_class_or_interface_key": "_BpHd5gh2Ee64eYTeKXp2Pw",
      "from_method_name": "Persona",
      "from_method_key": "_BpHd7Qh2Ee64eYTeKXp2Pw",
      "to_file_path": "./Administrador",
      "to_class_or_interface_name": "Administrador",
      "to_class_or_interface_key": "_BpG3zAh2Ee64eYTeKXp2Pw",
      "to_method_name": "Administrador",
      "to_method_key": "_BpG3zwh2Ee64eYTeKXp2Pw",
      "data_clump_type": "parameters_to_parameters_data_clump",
      "data_clump_data": {
        "_BpHd7gh2Ee64eYTeKXp2Pw": {
          "key": "_BpHd7gh2Ee64eYTeKXp2Pw",
          "name": "id",
          "type": null,
          "probability": 1,
          "modifiers": [],
          "to_variable": {
            "key": "_BpG30Ah2Ee64eYTeKXp2Pw",
            "name": "id",
            "type": null,
            "modifiers": [],
            "position": {}
          },
          "position": {}
        },
        "_BpHd7wh2Ee64eYTeKXp2Pw": {
          "key": "_BpHd7wh2Ee64eYTeKXp2Pw",
          "name": "nombre",
          "type": null,
          "probability": 1,
          "modifiers": [],
          "to_variable": {
            "key": "_BpG30Qh2Ee64eYTeKXp2Pw",
            "name": "nombre",
            "type": null,
            "modifiers": [],
            "position": {}
          },
          "position": {}
        },
        "_BpHd8Ah2Ee64eYTeKXp2Pw": {
          "key": "_BpHd8Ah2Ee64eYTeKXp2Pw",
          "name": "correo",
          "type": null,
          "probability": 1,
          "modifiers": [],
          "to_variable": {
            "key": "_BpG30gh2Ee64eYTeKXp2Pw",
            "name": "correo",
            "type": null,
            "modifiers": [],
            "position": {}
          },
          "position": {}
        },
        "_BpHd8Qh2Ee64eYTeKXp2Pw": {
          "key": "_BpHd8Qh2Ee64eYTeKXp2Pw",
          "name": "username",
          "type": null,
          "probability": 1,
          "modifiers": [],
          "to_variable": {
            "key": "_BpG30wh2Ee64eYTeKXp2Pw",
            "name": "username",
            "type": null,
            "modifiers": [],
            "position": {}
          },
          "position": {}
        },
        "_BpHd8gh2Ee64eYTeKXp2Pw": {
          "key": "_BpHd8gh2Ee64eYTeKXp2Pw",
          "name": "password",
          "type": null,
          "probability": 1,
          "modifiers": [],
          "to_variable": {
            "key": "_BpG31Ah2Ee64eYTeKXp2Pw",
            "name": "password",
            "type": null,
            "modifiers": [],
            "position": {}
          },
          "position": {}
        }
      }
    },
    "parameters_to_parameters_data_clump-./Persona-_BpHd7Qh2Ee64eYTeKXp2Pw-_BpHeCgh2Ee64eYTeKXp2Pw-idnombrecorreousernamepassword": {
      "type": "data_clump",
      "key": "parameters_to_parameters_data_clump-./Persona-_BpHd7Qh2Ee64eYTeKXp2Pw-_BpHeCgh2Ee64eYTeKXp2Pw-idnombrecorreousernamepassword",
      "probability": 1,
      "from_file_path": "./Persona",
      "from_class_or_interface_name": "Persona",
      "from_class_or_interface_key": "_BpHd5gh2Ee64eYTeKXp2Pw",
      "from_method_name": "Persona",
      "from_method_key": "_BpHd7Qh2Ee64eYTeKXp2Pw",
      "to_file_path": "./Gerente",
      "to_class_or_interface_name": "Gerente",
      "to_class_or_interface_key": "_BpHeBwh2Ee64eYTeKXp2Pw",
      "to_method_name": "Gerente",
      "to_method_key": "_BpHeCgh2Ee64eYTeKXp2Pw",
      "data_clump_type": "parameters_to_parameters_data_clump",
      "data_clump_data": {
        "_BpHd7gh2Ee64eYTeKXp2Pw": {
          "key": "_BpHd7gh2Ee64eYTeKXp2Pw",
          "name": "id",
          "type": null,
          "probability": 1,
          "modifiers": [],
          "to_variable": {
            "key": "_BpHeCwh2Ee64eYTeKXp2Pw",
            "name": "id",
            "type": null,
            "modifiers": [],
            "position": {}
          },
          "position": {}
        },
        "_BpHd7wh2Ee64eYTeKXp2Pw": {
          "key": "_BpHd7wh2Ee64eYTeKXp2Pw",
          "name": "nombre",
          "type": null,
          "probability": 1,
          "modifiers": [],
          "to_variable": {
            "key": "_BpHeDAh2Ee64eYTeKXp2Pw",
            "name": "nombre",
            "type": null,
            "modifiers": [],
            "position": {}
          },
          "position": {}
        },
        "_BpHd8Ah2Ee64eYTeKXp2Pw": {
          "key": "_BpHd8Ah2Ee64eYTeKXp2Pw",
          "name": "correo",
          "type": null,
          "probability": 1,
          "modifiers": [],
          "to_variable": {
            "key": "_BpHeDQh2Ee64eYTeKXp2Pw",
            "name": "correo",
            "type": null,
            "modifiers": [],
            "position": {}
          },
          "position": {}
        },
        "_BpHd8Qh2Ee64eYTeKXp2Pw": {
          "key": "_BpHd8Qh2Ee64eYTeKXp2Pw",
          "name": "username",
          "type": null,
          "probability": 1,
          "modifiers": [],
          "to_variable": {
            "key": "_BpHeDgh2Ee64eYTeKXp2Pw",
            "name": "username",
            "type": null,
            "modifiers": [],
            "position": {}
          },
          "position": {}
        },
        "_BpHd8gh2Ee64eYTeKXp2Pw": {
          "key": "_BpHd8gh2Ee64eYTeKXp2Pw",
          "name": "password",
          "type": null,
          "probability": 1,
          "modifiers": [],
          "to_variable": {
            "key": "_BpHeDwh2Ee64eYTeKXp2Pw",
            "name": "password",
            "type": null,
            "modifiers": [],
            "position": {}
          },
          "position": {}
        }
      }
    },
    "parameters_to_parameters_data_clump-./Persona-_BpHd7Qh2Ee64eYTeKXp2Pw-_BpHeFAh2Ee64eYTeKXp2Pw-idnombrecorreousernamepassword": {
      "type": "data_clump",
      "key": "parameters_to_parameters_data_clump-./Persona-_BpHd7Qh2Ee64eYTeKXp2Pw-_BpHeFAh2Ee64eYTeKXp2Pw-idnombrecorreousernamepassword",
      "probability": 1,
      "from_file_path": "./Persona",
      "from_class_or_interface_name": "Persona",
      "from_class_or_interface_key": "_BpHd5gh2Ee64eYTeKXp2Pw",
      "from_method_name": "Persona",
      "from_method_key": "_BpHd7Qh2Ee64eYTeKXp2Pw",
      "to_file_path": "./Usuario",
      "to_class_or_interface_name": "Usuario",
      "to_class_or_interface_key": "_BpHeEAh2Ee64eYTeKXp2Pw",
      "to_method_name": "Usuario",
      "to_method_key": "_BpHeFAh2Ee64eYTeKXp2Pw",
      "data_clump_type": "parameters_to_parameters_data_clump",
      "data_clump_data": {
        "_BpHd7gh2Ee64eYTeKXp2Pw": {
          "key": "_BpHd7gh2Ee64eYTeKXp2Pw",
          "name": "id",
          "type": null,
          "probability": 1,
          "modifiers": [],
          "to_variable": {
            "key": "_BpHeFQh2Ee64eYTeKXp2Pw",
            "name": "id",
            "type": null,
            "modifiers": [],
            "position": {}
          },
          "position": {}
        },
        "_BpHd7wh2Ee64eYTeKXp2Pw": {
          "key": "_BpHd7wh2Ee64eYTeKXp2Pw",
          "name": "nombre",
          "type": null,
          "probability": 1,
          "modifiers": [],
          "to_variable": {
            "key": "_BpHeFgh2Ee64eYTeKXp2Pw",
            "name": "nombre",
            "type": null,
            "modifiers": [],
            "position": {}
          },
          "position": {}
        },
        "_BpHd8Ah2Ee64eYTeKXp2Pw": {
          "key": "_BpHd8Ah2Ee64eYTeKXp2Pw",
          "name": "correo",
          "type": null,
          "probability": 1,
          "modifiers": [],
          "to_variable": {
            "key": "_BpHeFwh2Ee64eYTeKXp2Pw",
            "name": "correo",
            "type": null,
            "modifiers": [],
            "position": {}
          },
          "position": {}
        },
        "_BpHd8Qh2Ee64eYTeKXp2Pw": {
          "key": "_BpHd8Qh2Ee64eYTeKXp2Pw",
          "name": "username",
          "type": null,
          "probability": 1,
          "modifiers": [],
          "to_variable": {
            "key": "_BpHeGAh2Ee64eYTeKXp2Pw",
            "name": "username",
            "type": null,
            "modifiers": [],
            "position": {}
          },
          "position": {}
        },
        "_BpHd8gh2Ee64eYTeKXp2Pw": {
          "key": "_BpHd8gh2Ee64eYTeKXp2Pw",
          "name": "password",
          "type": null,
          "probability": 1,
          "modifiers": [],
          "to_variable": {
            "key": "_BpHeGQh2Ee64eYTeKXp2Pw",
            "name": "password",
            "type": null,
            "modifiers": [],
            "position": {}
          },
          "position": {}
        }
      }
    },
    "parameters_to_parameters_data_clump-./Usuario-_BpHeFAh2Ee64eYTeKXp2Pw-_BpG3zwh2Ee64eYTeKXp2Pw-idnombrecorreousernamepassword": {
      "type": "data_clump",
      "key": "parameters_to_parameters_data_clump-./Usuario-_BpHeFAh2Ee64eYTeKXp2Pw-_BpG3zwh2Ee64eYTeKXp2Pw-idnombrecorreousernamepassword",
      "probability": 1,
      "from_file_path": "./Usuario",
      "from_class_or_interface_name": "Usuario",
      "from_class_or_interface_key": "_BpHeEAh2Ee64eYTeKXp2Pw",
      "from_method_name": "Usuario",
      "from_method_key": "_BpHeFAh2Ee64eYTeKXp2Pw",
      "to_file_path": "./Administrador",
      "to_class_or_interface_name": "Administrador",
      "to_class_or_interface_key": "_BpG3zAh2Ee64eYTeKXp2Pw",
      "to_method_name": "Administrador",
      "to_method_key": "_BpG3zwh2Ee64eYTeKXp2Pw",
      "data_clump_type": "parameters_to_parameters_data_clump",
      "data_clump_data": {
        "_BpHeFQh2Ee64eYTeKXp2Pw": {
          "key": "_BpHeFQh2Ee64eYTeKXp2Pw",
          "name": "id",
          "type": null,
          "probability": 1,
          "modifiers": [],
          "to_variable": {
            "key": "_BpG30Ah2Ee64eYTeKXp2Pw",
            "name": "id",
            "type": null,
            "modifiers": [],
            "position": {}
          },
          "position": {}
        },
        "_BpHeFgh2Ee64eYTeKXp2Pw": {
          "key": "_BpHeFgh2Ee64eYTeKXp2Pw",
          "name": "nombre",
          "type": null,
          "probability": 1,
          "modifiers": [],
          "to_variable": {
            "key": "_BpG30Qh2Ee64eYTeKXp2Pw",
            "name": "nombre",
            "type": null,
            "modifiers": [],
            "position": {}
          },
          "position": {}
        },
        "_BpHeFwh2Ee64eYTeKXp2Pw": {
          "key": "_BpHeFwh2Ee64eYTeKXp2Pw",
          "name": "correo",
          "type": null,
          "probability": 1,
          "modifiers": [],
          "to_variable": {
            "key": "_BpG30gh2Ee64eYTeKXp2Pw",
            "name": "correo",
            "type": null,
            "modifiers": [],
            "position": {}
          },
          "position": {}
        },
        "_BpHeGAh2Ee64eYTeKXp2Pw": {
          "key": "_BpHeGAh2Ee64eYTeKXp2Pw",
          "name": "username",
          "type": null,
          "probability": 1,
          "modifiers": [],
          "to_variable": {
            "key": "_BpG30wh2Ee64eYTeKXp2Pw",
            "name": "username",
            "type": null,
            "modifiers": [],
            "position": {}
          },
          "position": {}
        },
        "_BpHeGQh2Ee64eYTeKXp2Pw": {
          "key": "_BpHeGQh2Ee64eYTeKXp2Pw",
          "name": "password",
          "type": null,
          "probability": 1,
          "modifiers": [],
          "to_variable": {
            "key": "_BpG31Ah2Ee64eYTeKXp2Pw",
            "name": "password",
            "type": null,
            "modifiers": [],
            "position": {}
          },
          "position": {}
        }
      }
    },
    "parameters_to_parameters_data_clump-./Usuario-_BpHeFAh2Ee64eYTeKXp2Pw-_BpHeCgh2Ee64eYTeKXp2Pw-idnombrecorreousernamepassword": {
      "type": "data_clump",
      "key": "parameters_to_parameters_data_clump-./Usuario-_BpHeFAh2Ee64eYTeKXp2Pw-_BpHeCgh2Ee64eYTeKXp2Pw-idnombrecorreousernamepassword",
      "probability": 1,
      "from_file_path": "./Usuario",
      "from_class_or_interface_name": "Usuario",
      "from_class_or_interface_key": "_BpHeEAh2Ee64eYTeKXp2Pw",
      "from_method_name": "Usuario",
      "from_method_key": "_BpHeFAh2Ee64eYTeKXp2Pw",
      "to_file_path": "./Gerente",
      "to_class_or_interface_name": "Gerente",
      "to_class_or_interface_key": "_BpHeBwh2Ee64eYTeKXp2Pw",
      "to_method_name": "Gerente",
      "to_method_key": "_BpHeCgh2Ee64eYTeKXp2Pw",
      "data_clump_type": "parameters_to_parameters_data_clump",
      "data_clump_data": {
        "_BpHeFQh2Ee64eYTeKXp2Pw": {
          "key": "_BpHeFQh2Ee64eYTeKXp2Pw",
          "name": "id",
          "type": null,
          "probability": 1,
          "modifiers": [],
          "to_variable": {
            "key": "_BpHeCwh2Ee64eYTeKXp2Pw",
            "name": "id",
            "type": null,
            "modifiers": [],
            "position": {}
          },
          "position": {}
        },
        "_BpHeFgh2Ee64eYTeKXp2Pw": {
          "key": "_BpHeFgh2Ee64eYTeKXp2Pw",
          "name": "nombre",
          "type": null,
          "probability": 1,
          "modifiers": [],
          "to_variable": {
            "key": "_BpHeDAh2Ee64eYTeKXp2Pw",
            "name": "nombre",
            "type": null,
            "modifiers": [],
            "position": {}
          },
          "position": {}
        },
        "_BpHeFwh2Ee64eYTeKXp2Pw": {
          "key": "_BpHeFwh2Ee64eYTeKXp2Pw",
          "name": "correo",
          "type": null,
          "probability": 1,
          "modifiers": [],
          "to_variable": {
            "key": "_BpHeDQh2Ee64eYTeKXp2Pw",
            "name": "correo",
            "type": null,
            "modifiers": [],
            "position": {}
          },
          "position": {}
        },
        "_BpHeGAh2Ee64eYTeKXp2Pw": {
          "key": "_BpHeGAh2Ee64eYTeKXp2Pw",
          "name": "username",
          "type": null,
          "probability": 1,
          "modifiers": [],
          "to_variable": {
            "key": "_BpHeDgh2Ee64eYTeKXp2Pw",
            "name": "username",
            "type": null,
            "modifiers": [],
            "position": {}
          },
          "position": {}
        },
        "_BpHeGQh2Ee64eYTeKXp2Pw": {
          "key": "_BpHeGQh2Ee64eYTeKXp2Pw",
          "name": "password",
          "type": null,
          "probability": 1,
          "modifiers": [],
          "to_variable": {
            "key": "_BpHeDwh2Ee64eYTeKXp2Pw",
            "name": "password",
            "type": null,
            "modifiers": [],
            "position": {}
          },
          "position": {}
        }
      }
    },
    "parameters_to_parameters_data_clump-./Usuario-_BpHeFAh2Ee64eYTeKXp2Pw-_BpHd7Qh2Ee64eYTeKXp2Pw-idnombrecorreousernamepassword": {
      "type": "data_clump",
      "key": "parameters_to_parameters_data_clump-./Usuario-_BpHeFAh2Ee64eYTeKXp2Pw-_BpHd7Qh2Ee64eYTeKXp2Pw-idnombrecorreousernamepassword",
      "probability": 1,
      "from_file_path": "./Usuario",
      "from_class_or_interface_name": "Usuario",
      "from_class_or_interface_key": "_BpHeEAh2Ee64eYTeKXp2Pw",
      "from_method_name": "Usuario",
      "from_method_key": "_BpHeFAh2Ee64eYTeKXp2Pw",
      "to_file_path": "./Persona",
      "to_class_or_interface_name": "Persona",
      "to_class_or_interface_key": "_BpHd5gh2Ee64eYTeKXp2Pw",
      "to_method_name": "Persona",
      "to_method_key": "_BpHd7Qh2Ee64eYTeKXp2Pw",
      "data_clump_type": "parameters_to_parameters_data_clump",
      "data_clump_data": {
        "_BpHeFQh2Ee64eYTeKXp2Pw": {
          "key": "_BpHeFQh2Ee64eYTeKXp2Pw",
          "name": "id",
          "type": null,
          "probability": 1,
          "modifiers": [],
          "to_variable": {
            "key": "_BpHd7gh2Ee64eYTeKXp2Pw",
            "name": "id",
            "type": null,
            "modifiers": [],
            "position": {}
          },
          "position": {}
        },
        "_BpHeFgh2Ee64eYTeKXp2Pw": {
          "key": "_BpHeFgh2Ee64eYTeKXp2Pw",
          "name": "nombre",
          "type": null,
          "probability": 1,
          "modifiers": [],
          "to_variable": {
            "key": "_BpHd7wh2Ee64eYTeKXp2Pw",
            "name": "nombre",
            "type": null,
            "modifiers": [],
            "position": {}
          },
          "position": {}
        },
        "_BpHeFwh2Ee64eYTeKXp2Pw": {
          "key": "_BpHeFwh2Ee64eYTeKXp2Pw",
          "name": "correo",
          "type": null,
          "probability": 1,
          "modifiers": [],
          "to_variable": {
            "key": "_BpHd8Ah2Ee64eYTeKXp2Pw",
            "name": "correo",
            "type": null,
            "modifiers": [],
            "position": {}
          },
          "position": {}
        },
        "_BpHeGAh2Ee64eYTeKXp2Pw": {
          "key": "_BpHeGAh2Ee64eYTeKXp2Pw",
          "name": "username",
          "type": null,
          "probability": 1,
          "modifiers": [],
          "to_variable": {
            "key": "_BpHd8Qh2Ee64eYTeKXp2Pw",
            "name": "username",
            "type": null,
            "modifiers": [],
            "position": {}
          },
          "position": {}
        },
        "_BpHeGQh2Ee64eYTeKXp2Pw": {
          "key": "_BpHeGQh2Ee64eYTeKXp2Pw",
          "name": "password",
          "type": null,
          "probability": 1,
          "modifiers": [],
          "to_variable": {
            "key": "_BpHd8gh2Ee64eYTeKXp2Pw",
            "name": "password",
            "type": null,
            "modifiers": [],
            "position": {}
          },
          "position": {}
        }
      }
    }
  }
}