{
  "report_version": "unknown",
  "report_timestamp": "2025-03-26T21:58:31.714Z",
  "target_language": "java",
  "report_summary": {
    "additional": null,
    "amount_classes_or_interfaces_with_data_clumps": 4,
    "amount_files_with_data_clumps": 4,
    "amount_methods_with_data_clumps": 0,
    "fields_to_fields_data_clump": 12,
    "parameters_to_fields_data_clump": 0,
    "parameters_to_parameters_data_clump": 0,
    "amount_data_clumps": 12
  },
  "project_info": {
    "project_url": "unknown_project_url",
    "project_name": "_cBrBUJwnEemUvaGckkfZSw",
    "project_version": "unknown_project_version",
    "project_commit_hash": "unknown",
    "project_tag": null,
    "project_commit_date": null,
    "additional": {},
    "number_of_files": 5,
    "number_of_classes_or_interfaces": 5,
    "number_of_methods": 0,
    "number_of_data_fields": 77,
    "number_of_method_parameters": 0
  },
  "detector": {
    "name": "data-clumps-doctor",
    "url": "https://github.com/NilsBaumgartner1994/data-clumps-doctor",
    "version": "0.1.100",
    "options": {
      "typeVariablesConsidered": false,
      "similarityModifierOfVariablesWithUnknownType": 0,
      "fieldsOfClassesWithUnknownHierarchyProbabilityModifier": 0,
      "sharedFieldsToFieldsAmountMinimum": 3,
      "analyseFieldsInClassesOrInterfacesInheritedFromSuperClassesOrInterfaces": false,
      "sharedParametersToParametersAmountMinimum": 3,
      "sharedParametersToFieldsAmountMinimum": 3,
      "methodsOfClassesOrInterfacesWithUnknownHierarchyProbabilityModifier": 0
    }
  },
  "data_clumps": {
    "fields_to_fields_data_clump-./Observacion-_6R6lMX5xEDe--q7RyRqzLQ-_0Ju4QH5sEDe--q7RyRqzLQ-id_personaestadoid_usuariofecha_registro": {
      "type": "data_clump",
      "key": "fields_to_fields_data_clump-./Observacion-_6R6lMX5xEDe--q7RyRqzLQ-_0Ju4QH5sEDe--q7RyRqzLQ-id_personaestadoid_usuariofecha_registro",
      "probability": 1,
      "from_file_path": "./Observacion",
      "from_class_or_interface_name": "Observacion",
      "from_class_or_interface_key": "_6R6lMX5xEDe--q7RyRqzLQ",
      "from_method_name": null,
      "from_method_key": null,
      "to_file_path": "./Persona",
      "to_class_or_interface_key": "_0Ju4QH5sEDe--q7RyRqzLQ",
      "to_class_or_interface_name": "Observacion",
      "to_method_key": null,
      "to_method_name": null,
      "data_clump_type": "fields_to_fields_data_clump",
      "data_clump_data": {
        "_Au5PsH5yEDe--q7RyRqzLQ": {
          "key": "_Au5PsH5yEDe--q7RyRqzLQ",
          "name": "id_persona",
          "type": null,
          "probability": 1,
          "modifiers": [],
          "to_variable": {
            "key": "_0Ju4QX5sEDe--q7RyRqzLQ",
            "name": "id_persona",
            "type": null,
            "modifiers": [],
            "position": {}
          },
          "position": {}
        },
        "_RZvcYH5yEDe--q7RyRqzLQ": {
          "key": "_RZvcYH5yEDe--q7RyRqzLQ",
          "name": "estado",
          "type": null,
          "probability": 1,
          "modifiers": [],
          "to_variable": {
            "key": "_0JwGYH5sEDe--q7RyRqzLQ",
            "name": "estado",
            "type": null,
            "modifiers": [],
            "position": {}
          },
          "position": {}
        },
        "_TVD5kH5yEDe--q7RyRqzLQ": {
          "key": "_TVD5kH5yEDe--q7RyRqzLQ",
          "name": "id_usuario",
          "type": null,
          "probability": 1,
          "modifiers": [],
          "to_variable": {
            "key": "_0JvfWX5sEDe--q7RyRqzLQ",
            "name": "id_usuario",
            "type": null,
            "modifiers": [],
            "position": {}
          },
          "position": {}
        },
        "_UnYdEH5yEDe--q7RyRqzLQ": {
          "key": "_UnYdEH5yEDe--q7RyRqzLQ",
          "name": "fecha_registro",
          "type": null,
          "probability": 1,
          "modifiers": [],
          "to_variable": {
            "key": "_0JvfWn5sEDe--q7RyRqzLQ",
            "name": "fecha_registro",
            "type": null,
            "modifiers": [],
            "position": {}
          },
          "position": {}
        }
      }
    },
    "fields_to_fields_data_clump-./Observacion-_6R6lMX5xEDe--q7RyRqzLQ-_ptgNIH5wEDe--q7RyRqzLQ-id_solicitud_docatencion_obsestadoid_usuariofecha_registro": {
      "type": "data_clump",
      "key": "fields_to_fields_data_clump-./Observacion-_6R6lMX5xEDe--q7RyRqzLQ-_ptgNIH5wEDe--q7RyRqzLQ-id_solicitud_docatencion_obsestadoid_usuariofecha_registro",
      "probability": 1,
      "from_file_path": "./Observacion",
      "from_class_or_interface_name": "Observacion",
      "from_class_or_interface_key": "_6R6lMX5xEDe--q7RyRqzLQ",
      "from_method_name": null,
      "from_method_key": null,
      "to_file_path": "./Solicitud_Sustento",
      "to_class_or_interface_key": "_ptgNIH5wEDe--q7RyRqzLQ",
      "to_class_or_interface_name": "Observacion",
      "to_method_key": null,
      "to_method_name": null,
      "data_clump_type": "fields_to_fields_data_clump",
      "data_clump_data": {
        "_9voCMH5xEDe--q7RyRqzLQ": {
          "key": "_9voCMH5xEDe--q7RyRqzLQ",
          "name": "id_solicitud_doc",
          "type": null,
          "probability": 1,
          "modifiers": [],
          "to_variable": {
            "key": "_4ZI7IH5wEDe--q7RyRqzLQ",
            "name": "id_solicitud_doc",
            "type": null,
            "modifiers": [],
            "position": {}
          },
          "position": {}
        },
        "_PwMEoH5yEDe--q7RyRqzLQ": {
          "key": "_PwMEoH5yEDe--q7RyRqzLQ",
          "name": "atencion_obs",
          "type": null,
          "probability": 1,
          "modifiers": [],
          "to_variable": {
            "key": "_HxZekX5xEDe--q7RyRqzLQ",
            "name": "atencion_obs",
            "type": null,
            "modifiers": [],
            "position": {}
          },
          "position": {}
        },
        "_RZvcYH5yEDe--q7RyRqzLQ": {
          "key": "_RZvcYH5yEDe--q7RyRqzLQ",
          "name": "estado",
          "type": null,
          "probability": 1,
          "modifiers": [],
          "to_variable": {
            "key": "_METeMH5xEDe--q7RyRqzLQ",
            "name": "estado",
            "type": null,
            "modifiers": [],
            "position": {}
          },
          "position": {}
        },
        "_TVD5kH5yEDe--q7RyRqzLQ": {
          "key": "_TVD5kH5yEDe--q7RyRqzLQ",
          "name": "id_usuario",
          "type": null,
          "probability": 1,
          "modifiers": [],
          "to_variable": {
            "key": "_Rt4V0H5xEDe--q7RyRqzLQ",
            "name": "id_usuario",
            "type": null,
            "modifiers": [],
            "position": {}
          },
          "position": {}
        },
        "_UnYdEH5yEDe--q7RyRqzLQ": {
          "key": "_UnYdEH5yEDe--q7RyRqzLQ",
          "name": "fecha_registro",
          "type": null,
          "probability": 1,
          "modifiers": [],
          "to_variable": {
            "key": "_sJXWIH5xEDe--q7RyRqzLQ",
            "name": "fecha_registro",
            "type": null,
            "modifiers": [],
            "position": {}
          },
          "position": {}
        }
      }
    },
    "fields_to_fields_data_clump-./Observacion-_6R6lMX5xEDe--q7RyRqzLQ-_0JtDEH5sEDe--q7RyRqzLQ-id_personaestadoid_usuariofecha_registro": {
      "type": "data_clump",
      "key": "fields_to_fields_data_clump-./Observacion-_6R6lMX5xEDe--q7RyRqzLQ-_0JtDEH5sEDe--q7RyRqzLQ-id_personaestadoid_usuariofecha_registro",
      "probability": 1,
      "from_file_path": "./Observacion",
      "from_class_or_interface_name": "Observacion",
      "from_class_or_interface_key": "_6R6lMX5xEDe--q7RyRqzLQ",
      "from_method_name": null,
      "from_method_key": null,
      "to_file_path": "./Usuario",
      "to_class_or_interface_key": "_0JtDEH5sEDe--q7RyRqzLQ",
      "to_class_or_interface_name": "Observacion",
      "to_method_key": null,
      "to_method_name": null,
      "data_clump_type": "fields_to_fields_data_clump",
      "data_clump_data": {
        "_Au5PsH5yEDe--q7RyRqzLQ": {
          "key": "_Au5PsH5yEDe--q7RyRqzLQ",
          "name": "id_persona",
          "type": null,
          "probability": 1,
          "modifiers": [],
          "to_variable": {
            "key": "_0JuRMX5sEDe--q7RyRqzLQ",
            "name": "id_persona",
            "type": null,
            "modifiers": [],
            "position": {}
          },
          "position": {}
        },
        "_RZvcYH5yEDe--q7RyRqzLQ": {
          "key": "_RZvcYH5yEDe--q7RyRqzLQ",
          "name": "estado",
          "type": null,
          "probability": 1,
          "modifiers": [],
          "to_variable": {
            "key": "_0JuRNn5sEDe--q7RyRqzLQ",
            "name": "estado",
            "type": null,
            "modifiers": [],
            "position": {}
          },
          "position": {}
        },
        "_TVD5kH5yEDe--q7RyRqzLQ": {
          "key": "_TVD5kH5yEDe--q7RyRqzLQ",
          "name": "id_usuario",
          "type": null,
          "probability": 1,
          "modifiers": [],
          "to_variable": {
            "key": "_0JuRMH5sEDe--q7RyRqzLQ",
            "name": "id_usuario",
            "type": null,
            "modifiers": [],
            "position": {}
          },
          "position": {}
        },
        "_UnYdEH5yEDe--q7RyRqzLQ": {
          "key": "_UnYdEH5yEDe--q7RyRqzLQ",
          "name": "fecha_registro",
          "type": null,
          "probability": 1,
          "modifiers": [],
          "to_variable": {
            "key": "_0JuRNX5sEDe--q7RyRqzLQ",
            "name": "fecha_registro",
            "type": null,
            "modifiers": [],
            "position": {}
          },
          "position": {}
        }
      }
    },
    "fields_to_fields_data_clump-./Persona-_0Ju4QH5sEDe--q7RyRqzLQ-_6R6lMX5xEDe--q7RyRqzLQ-id_personaid_usuariofecha_registroestado": {
      "type": "data_clump",
      "key": "fields_to_fields_data_clump-./Persona-_0Ju4QH5sEDe--q7RyRqzLQ-_6R6lMX5xEDe--q7RyRqzLQ-id_personaid_usuariofecha_registroestado",
      "probability": 1,
      "from_file_path": "./Persona",
      "from_class_or_interface_name": "Persona",
      "from_class_or_interface_key": "_0Ju4QH5sEDe--q7RyRqzLQ",
      "from_method_name": null,
      "from_method_key": null,
      "to_file_path": "./Observacion",
      "to_class_or_interface_key": "_6R6lMX5xEDe--q7RyRqzLQ",
      "to_class_or_interface_name": "Persona",
      "to_method_key": null,
      "to_method_name": null,
      "data_clump_type": "fields_to_fields_data_clump",
      "data_clump_data": {
        "_0Ju4QX5sEDe--q7RyRqzLQ": {
          "key": "_0Ju4QX5sEDe--q7RyRqzLQ",
          "name": "id_persona",
          "type": null,
          "probability": 1,
          "modifiers": [],
          "to_variable": {
            "key": "_Au5PsH5yEDe--q7RyRqzLQ",
            "name": "id_persona",
            "type": null,
            "modifiers": [],
            "position": {}
          },
          "position": {}
        },
        "_0JvfWX5sEDe--q7RyRqzLQ": {
          "key": "_0JvfWX5sEDe--q7RyRqzLQ",
          "name": "id_usuario",
          "type": null,
          "probability": 1,
          "modifiers": [],
          "to_variable": {
            "key": "_TVD5kH5yEDe--q7RyRqzLQ",
            "name": "id_usuario",
            "type": null,
            "modifiers": [],
            "position": {}
          },
          "position": {}
        },
        "_0JvfWn5sEDe--q7RyRqzLQ": {
          "key": "_0JvfWn5sEDe--q7RyRqzLQ",
          "name": "fecha_registro",
          "type": null,
          "probability": 1,
          "modifiers": [],
          "to_variable": {
            "key": "_UnYdEH5yEDe--q7RyRqzLQ",
            "name": "fecha_registro",
            "type": null,
            "modifiers": [],
            "position": {}
          },
          "position": {}
        },
        "_0JwGYH5sEDe--q7RyRqzLQ": {
          "key": "_0JwGYH5sEDe--q7RyRqzLQ",
          "name": "estado",
          "type": null,
          "probability": 1,
          "modifiers": [],
          "to_variable": {
            "key": "_RZvcYH5yEDe--q7RyRqzLQ",
            "name": "estado",
            "type": null,
            "modifiers": [],
            "position": {}
          },
          "position": {}
        }
      }
    },
    "fields_to_fields_data_clump-./Persona-_0Ju4QH5sEDe--q7RyRqzLQ-_ptgNIH5wEDe--q7RyRqzLQ-id_usuariofecha_registroestado": {
      "type": "data_clump",
      "key": "fields_to_fields_data_clump-./Persona-_0Ju4QH5sEDe--q7RyRqzLQ-_ptgNIH5wEDe--q7RyRqzLQ-id_usuariofecha_registroestado",
      "probability": 1,
      "from_file_path": "./Persona",
      "from_class_or_interface_name": "Persona",
      "from_class_or_interface_key": "_0Ju4QH5sEDe--q7RyRqzLQ",
      "from_method_name": null,
      "from_method_key": null,
      "to_file_path": "./Solicitud_Sustento",
      "to_class_or_interface_key": "_ptgNIH5wEDe--q7RyRqzLQ",
      "to_class_or_interface_name": "Persona",
      "to_method_key": null,
      "to_method_name": null,
      "data_clump_type": "fields_to_fields_data_clump",
      "data_clump_data": {
        "_0JvfWX5sEDe--q7RyRqzLQ": {
          "key": "_0JvfWX5sEDe--q7RyRqzLQ",
          "name": "id_usuario",
          "type": null,
          "probability": 1,
          "modifiers": [],
          "to_variable": {
            "key": "_Rt4V0H5xEDe--q7RyRqzLQ",
            "name": "id_usuario",
            "type": null,
            "modifiers": [],
            "position": {}
          },
          "position": {}
        },
        "_0JvfWn5sEDe--q7RyRqzLQ": {
          "key": "_0JvfWn5sEDe--q7RyRqzLQ",
          "name": "fecha_registro",
          "type": null,
          "probability": 1,
          "modifiers": [],
          "to_variable": {
            "key": "_sJXWIH5xEDe--q7RyRqzLQ",
            "name": "fecha_registro",
            "type": null,
            "modifiers": [],
            "position": {}
          },
          "position": {}
        },
        "_0JwGYH5sEDe--q7RyRqzLQ": {
          "key": "_0JwGYH5sEDe--q7RyRqzLQ",
          "name": "estado",
          "type": null,
          "probability": 1,
          "modifiers": [],
          "to_variable": {
            "key": "_METeMH5xEDe--q7RyRqzLQ",
            "name": "estado",
            "type": null,
            "modifiers": [],
            "position": {}
          },
          "position": {}
        }
      }
    },
    "fields_to_fields_data_clump-./Persona-_0Ju4QH5sEDe--q7RyRqzLQ-_0JtDEH5sEDe--q7RyRqzLQ-id_personaid_usuariofecha_registroestado": {
      "type": "data_clump",
      "key": "fields_to_fields_data_clump-./Persona-_0Ju4QH5sEDe--q7RyRqzLQ-_0JtDEH5sEDe--q7RyRqzLQ-id_personaid_usuariofecha_registroestado",
      "probability": 1,
      "from_file_path": "./Persona",
      "from_class_or_interface_name": "Persona",
      "from_class_or_interface_key": "_0Ju4QH5sEDe--q7RyRqzLQ",
      "from_method_name": null,
      "from_method_key": null,
      "to_file_path": "./Usuario",
      "to_class_or_interface_key": "_0JtDEH5sEDe--q7RyRqzLQ",
      "to_class_or_interface_name": "Persona",
      "to_method_key": null,
      "to_method_name": null,
      "data_clump_type": "fields_to_fields_data_clump",
      "data_clump_data": {
        "_0Ju4QX5sEDe--q7RyRqzLQ": {
          "key": "_0Ju4QX5sEDe--q7RyRqzLQ",
          "name": "id_persona",
          "type": null,
          "probability": 1,
          "modifiers": [],
          "to_variable": {
            "key": "_0JuRMX5sEDe--q7RyRqzLQ",
            "name": "id_persona",
            "type": null,
            "modifiers": [],
            "position": {}
          },
          "position": {}
        },
        "_0JvfWX5sEDe--q7RyRqzLQ": {
          "key": "_0JvfWX5sEDe--q7RyRqzLQ",
          "name": "id_usuario",
          "type": null,
          "probability": 1,
          "modifiers": [],
          "to_variable": {
            "key": "_0JuRMH5sEDe--q7RyRqzLQ",
            "name": "id_usuario",
            "type": null,
            "modifiers": [],
            "position": {}
          },
          "position": {}
        },
        "_0JvfWn5sEDe--q7RyRqzLQ": {
          "key": "_0JvfWn5sEDe--q7RyRqzLQ",
          "name": "fecha_registro",
          "type": null,
          "probability": 1,
          "modifiers": [],
          "to_variable": {
            "key": "_0JuRNX5sEDe--q7RyRqzLQ",
            "name": "fecha_registro",
            "type": null,
            "modifiers": [],
            "position": {}
          },
          "position": {}
        },
        "_0JwGYH5sEDe--q7RyRqzLQ": {
          "key": "_0JwGYH5sEDe--q7RyRqzLQ",
          "name": "estado",
          "type": null,
          "probability": 1,
          "modifiers": [],
          "to_variable": {
            "key": "_0JuRNn5sEDe--q7RyRqzLQ",
            "name": "estado",
            "type": null,
            "modifiers": [],
            "position": {}
          },
          "position": {}
        }
      }
    },
    "fields_to_fields_data_clump-./Solicitud_Sustento-_ptgNIH5wEDe--q7RyRqzLQ-_6R6lMX5xEDe--q7RyRqzLQ-id_solicitud_docatencion_obsestadoid_usuariofecha_registro": {
      "type": "data_clump",
      "key": "fields_to_fields_data_clump-./Solicitud_Sustento-_ptgNIH5wEDe--q7RyRqzLQ-_6R6lMX5xEDe--q7RyRqzLQ-id_solicitud_docatencion_obsestadoid_usuariofecha_registro",
      "probability": 1,
      "from_file_path": "./Solicitud_Sustento",
      "from_class_or_interface_name": "Solicitud_Sustento",
      "from_class_or_interface_key": "_ptgNIH5wEDe--q7RyRqzLQ",
      "from_method_name": null,
      "from_method_key": null,
      "to_file_path": "./Observacion",
      "to_class_or_interface_key": "_6R6lMX5xEDe--q7RyRqzLQ",
      "to_class_or_interface_name": "Solicitud_Sustento",
      "to_method_key": null,
      "to_method_name": null,
      "data_clump_type": "fields_to_fields_data_clump",
      "data_clump_data": {
        "_4ZI7IH5wEDe--q7RyRqzLQ": {
          "key": "_4ZI7IH5wEDe--q7RyRqzLQ",
          "name": "id_solicitud_doc",
          "type": null,
          "probability": 1,
          "modifiers": [],
          "to_variable": {
            "key": "_9voCMH5xEDe--q7RyRqzLQ",
            "name": "id_solicitud_doc",
            "type": null,
            "modifiers": [],
            "position": {}
          },
          "position": {}
        },
        "_HxZekX5xEDe--q7RyRqzLQ": {
          "key": "_HxZekX5xEDe--q7RyRqzLQ",
          "name": "atencion_obs",
          "type": null,
          "probability": 1,
          "modifiers": [],
          "to_variable": {
            "key": "_PwMEoH5yEDe--q7RyRqzLQ",
            "name": "atencion_obs",
            "type": null,
            "modifiers": [],
            "position": {}
          },
          "position": {}
        },
        "_METeMH5xEDe--q7RyRqzLQ": {
          "key": "_METeMH5xEDe--q7RyRqzLQ",
          "name": "estado",
          "type": null,
          "probability": 1,
          "modifiers": [],
          "to_variable": {
            "key": "_RZvcYH5yEDe--q7RyRqzLQ",
            "name": "estado",
            "type": null,
            "modifiers": [],
            "position": {}
          },
          "position": {}
        },
        "_Rt4V0H5xEDe--q7RyRqzLQ": {
          "key": "_Rt4V0H5xEDe--q7RyRqzLQ",
          "name": "id_usuario",
          "type": null,
          "probability": 1,
          "modifiers": [],
          "to_variable": {
            "key": "_TVD5kH5yEDe--q7RyRqzLQ",
            "name": "id_usuario",
            "type": null,
            "modifiers": [],
            "position": {}
          },
          "position": {}
        },
        "_sJXWIH5xEDe--q7RyRqzLQ": {
          "key": "_sJXWIH5xEDe--q7RyRqzLQ",
          "name": "fecha_registro",
          "type": null,
          "probability": 1,
          "modifiers": [],
          "to_variable": {
            "key": "_UnYdEH5yEDe--q7RyRqzLQ",
            "name": "fecha_registro",
            "type": null,
            "modifiers": [],
            "position": {}
          },
          "position": {}
        }
      }
    },
    "fields_to_fields_data_clump-./Solicitud_Sustento-_ptgNIH5wEDe--q7RyRqzLQ-_0Ju4QH5sEDe--q7RyRqzLQ-estadoid_usuariofecha_registro": {
      "type": "data_clump",
      "key": "fields_to_fields_data_clump-./Solicitud_Sustento-_ptgNIH5wEDe--q7RyRqzLQ-_0Ju4QH5sEDe--q7RyRqzLQ-estadoid_usuariofecha_registro",
      "probability": 1,
      "from_file_path": "./Solicitud_Sustento",
      "from_class_or_interface_name": "Solicitud_Sustento",
      "from_class_or_interface_key": "_ptgNIH5wEDe--q7RyRqzLQ",
      "from_method_name": null,
      "from_method_key": null,
      "to_file_path": "./Persona",
      "to_class_or_interface_key": "_0Ju4QH5sEDe--q7RyRqzLQ",
      "to_class_or_interface_name": "Solicitud_Sustento",
      "to_method_key": null,
      "to_method_name": null,
      "data_clump_type": "fields_to_fields_data_clump",
      "data_clump_data": {
        "_METeMH5xEDe--q7RyRqzLQ": {
          "key": "_METeMH5xEDe--q7RyRqzLQ",
          "name": "estado",
          "type": null,
          "probability": 1,
          "modifiers": [],
          "to_variable": {
            "key": "_0JwGYH5sEDe--q7RyRqzLQ",
            "name": "estado",
            "type": null,
            "modifiers": [],
            "position": {}
          },
          "position": {}
        },
        "_Rt4V0H5xEDe--q7RyRqzLQ": {
          "key": "_Rt4V0H5xEDe--q7RyRqzLQ",
          "name": "id_usuario",
          "type": null,
          "probability": 1,
          "modifiers": [],
          "to_variable": {
            "key": "_0JvfWX5sEDe--q7RyRqzLQ",
            "name": "id_usuario",
            "type": null,
            "modifiers": [],
            "position": {}
          },
          "position": {}
        },
        "_sJXWIH5xEDe--q7RyRqzLQ": {
          "key": "_sJXWIH5xEDe--q7RyRqzLQ",
          "name": "fecha_registro",
          "type": null,
          "probability": 1,
          "modifiers": [],
          "to_variable": {
            "key": "_0JvfWn5sEDe--q7RyRqzLQ",
            "name": "fecha_registro",
            "type": null,
            "modifiers": [],
            "position": {}
          },
          "position": {}
        }
      }
    },
    "fields_to_fields_data_clump-./Solicitud_Sustento-_ptgNIH5wEDe--q7RyRqzLQ-_0JtDEH5sEDe--q7RyRqzLQ-estadoid_usuariofecha_registro": {
      "type": "data_clump",
      "key": "fields_to_fields_data_clump-./Solicitud_Sustento-_ptgNIH5wEDe--q7RyRqzLQ-_0JtDEH5sEDe--q7RyRqzLQ-estadoid_usuariofecha_registro",
      "probability": 1,
      "from_file_path": "./Solicitud_Sustento",
      "from_class_or_interface_name": "Solicitud_Sustento",
      "from_class_or_interface_key": "_ptgNIH5wEDe--q7RyRqzLQ",
      "from_method_name": null,
      "from_method_key": null,
      "to_file_path": "./Usuario",
      "to_class_or_interface_key": "_0JtDEH5sEDe--q7RyRqzLQ",
      "to_class_or_interface_name": "Solicitud_Sustento",
      "to_method_key": null,
      "to_method_name": null,
      "data_clump_type": "fields_to_fields_data_clump",
      "data_clump_data": {
        "_METeMH5xEDe--q7RyRqzLQ": {
          "key": "_METeMH5xEDe--q7RyRqzLQ",
          "name": "estado",
          "type": null,
          "probability": 1,
          "modifiers": [],
          "to_variable": {
            "key": "_0JuRNn5sEDe--q7RyRqzLQ",
            "name": "estado",
            "type": null,
            "modifiers": [],
            "position": {}
          },
          "position": {}
        },
        "_Rt4V0H5xEDe--q7RyRqzLQ": {
          "key": "_Rt4V0H5xEDe--q7RyRqzLQ",
          "name": "id_usuario",
          "type": null,
          "probability": 1,
          "modifiers": [],
          "to_variable": {
            "key": "_0JuRMH5sEDe--q7RyRqzLQ",
            "name": "id_usuario",
            "type": null,
            "modifiers": [],
            "position": {}
          },
          "position": {}
        },
        "_sJXWIH5xEDe--q7RyRqzLQ": {
          "key": "_sJXWIH5xEDe--q7RyRqzLQ",
          "name": "fecha_registro",
          "type": null,
          "probability": 1,
          "modifiers": [],
          "to_variable": {
            "key": "_0JuRNX5sEDe--q7RyRqzLQ",
            "name": "fecha_registro",
            "type": null,
            "modifiers": [],
            "position": {}
          },
          "position": {}
        }
      }
    },
    "fields_to_fields_data_clump-./Usuario-_0JtDEH5sEDe--q7RyRqzLQ-_6R6lMX5xEDe--q7RyRqzLQ-id_usuarioid_personafecha_registroestado": {
      "type": "data_clump",
      "key": "fields_to_fields_data_clump-./Usuario-_0JtDEH5sEDe--q7RyRqzLQ-_6R6lMX5xEDe--q7RyRqzLQ-id_usuarioid_personafecha_registroestado",
      "probability": 1,
      "from_file_path": "./Usuario",
      "from_class_or_interface_name": "Usuario",
      "from_class_or_interface_key": "_0JtDEH5sEDe--q7RyRqzLQ",
      "from_method_name": null,
      "from_method_key": null,
      "to_file_path": "./Observacion",
      "to_class_or_interface_key": "_6R6lMX5xEDe--q7RyRqzLQ",
      "to_class_or_interface_name": "Usuario",
      "to_method_key": null,
      "to_method_name": null,
      "data_clump_type": "fields_to_fields_data_clump",
      "data_clump_data": {
        "_0JuRMH5sEDe--q7RyRqzLQ": {
          "key": "_0JuRMH5sEDe--q7RyRqzLQ",
          "name": "id_usuario",
          "type": null,
          "probability": 1,
          "modifiers": [],
          "to_variable": {
            "key": "_TVD5kH5yEDe--q7RyRqzLQ",
            "name": "id_usuario",
            "type": null,
            "modifiers": [],
            "position": {}
          },
          "position": {}
        },
        "_0JuRMX5sEDe--q7RyRqzLQ": {
          "key": "_0JuRMX5sEDe--q7RyRqzLQ",
          "name": "id_persona",
          "type": null,
          "probability": 1,
          "modifiers": [],
          "to_variable": {
            "key": "_Au5PsH5yEDe--q7RyRqzLQ",
            "name": "id_persona",
            "type": null,
            "modifiers": [],
            "position": {}
          },
          "position": {}
        },
        "_0JuRNX5sEDe--q7RyRqzLQ": {
          "key": "_0JuRNX5sEDe--q7RyRqzLQ",
          "name": "fecha_registro",
          "type": null,
          "probability": 1,
          "modifiers": [],
          "to_variable": {
            "key": "_UnYdEH5yEDe--q7RyRqzLQ",
            "name": "fecha_registro",
            "type": null,
            "modifiers": [],
            "position": {}
          },
          "position": {}
        },
        "_0JuRNn5sEDe--q7RyRqzLQ": {
          "key": "_0JuRNn5sEDe--q7RyRqzLQ",
          "name": "estado",
          "type": null,
          "probability": 1,
          "modifiers": [],
          "to_variable": {
            "key": "_RZvcYH5yEDe--q7RyRqzLQ",
            "name": "estado",
            "type": null,
            "modifiers": [],
            "position": {}
          },
          "position": {}
        }
      }
    },
    "fields_to_fields_data_clump-./Usuario-_0JtDEH5sEDe--q7RyRqzLQ-_0Ju4QH5sEDe--q7RyRqzLQ-id_usuarioid_personafecha_registroestado": {
      "type": "data_clump",
      "key": "fields_to_fields_data_clump-./Usuario-_0JtDEH5sEDe--q7RyRqzLQ-_0Ju4QH5sEDe--q7RyRqzLQ-id_usuarioid_personafecha_registroestado",
      "probability": 1,
      "from_file_path": "./Usuario",
      "from_class_or_interface_name": "Usuario",
      "from_class_or_interface_key": "_0JtDEH5sEDe--q7RyRqzLQ",
      "from_method_name": null,
      "from_method_key": null,
      "to_file_path": "./Persona",
      "to_class_or_interface_key": "_0Ju4QH5sEDe--q7RyRqzLQ",
      "to_class_or_interface_name": "Usuario",
      "to_method_key": null,
      "to_method_name": null,
      "data_clump_type": "fields_to_fields_data_clump",
      "data_clump_data": {
        "_0JuRMH5sEDe--q7RyRqzLQ": {
          "key": "_0JuRMH5sEDe--q7RyRqzLQ",
          "name": "id_usuario",
          "type": null,
          "probability": 1,
          "modifiers": [],
          "to_variable": {
            "key": "_0JvfWX5sEDe--q7RyRqzLQ",
            "name": "id_usuario",
            "type": null,
            "modifiers": [],
            "position": {}
          },
          "position": {}
        },
        "_0JuRMX5sEDe--q7RyRqzLQ": {
          "key": "_0JuRMX5sEDe--q7RyRqzLQ",
          "name": "id_persona",
          "type": null,
          "probability": 1,
          "modifiers": [],
          "to_variable": {
            "key": "_0Ju4QX5sEDe--q7RyRqzLQ",
            "name": "id_persona",
            "type": null,
            "modifiers": [],
            "position": {}
          },
          "position": {}
        },
        "_0JuRNX5sEDe--q7RyRqzLQ": {
          "key": "_0JuRNX5sEDe--q7RyRqzLQ",
          "name": "fecha_registro",
          "type": null,
          "probability": 1,
          "modifiers": [],
          "to_variable": {
            "key": "_0JvfWn5sEDe--q7RyRqzLQ",
            "name": "fecha_registro",
            "type": null,
            "modifiers": [],
            "position": {}
          },
          "position": {}
        },
        "_0JuRNn5sEDe--q7RyRqzLQ": {
          "key": "_0JuRNn5sEDe--q7RyRqzLQ",
          "name": "estado",
          "type": null,
          "probability": 1,
          "modifiers": [],
          "to_variable": {
            "key": "_0JwGYH5sEDe--q7RyRqzLQ",
            "name": "estado",
            "type": null,
            "modifiers": [],
            "position": {}
          },
          "position": {}
        }
      }
    },
    "fields_to_fields_data_clump-./Usuario-_0JtDEH5sEDe--q7RyRqzLQ-_ptgNIH5wEDe--q7RyRqzLQ-id_usuariofecha_registroestado": {
      "type": "data_clump",
      "key": "fields_to_fields_data_clump-./Usuario-_0JtDEH5sEDe--q7RyRqzLQ-_ptgNIH5wEDe--q7RyRqzLQ-id_usuariofecha_registroestado",
      "probability": 1,
      "from_file_path": "./Usuario",
      "from_class_or_interface_name": "Usuario",
      "from_class_or_interface_key": "_0JtDEH5sEDe--q7RyRqzLQ",
      "from_method_name": null,
      "from_method_key": null,
      "to_file_path": "./Solicitud_Sustento",
      "to_class_or_interface_key": "_ptgNIH5wEDe--q7RyRqzLQ",
      "to_class_or_interface_name": "Usuario",
      "to_method_key": null,
      "to_method_name": null,
      "data_clump_type": "fields_to_fields_data_clump",
      "data_clump_data": {
        "_0JuRMH5sEDe--q7RyRqzLQ": {
          "key": "_0JuRMH5sEDe--q7RyRqzLQ",
          "name": "id_usuario",
          "type": null,
          "probability": 1,
          "modifiers": [],
          "to_variable": {
            "key": "_Rt4V0H5xEDe--q7RyRqzLQ",
            "name": "id_usuario",
            "type": null,
            "modifiers": [],
            "position": {}
          },
          "position": {}
        },
        "_0JuRNX5sEDe--q7RyRqzLQ": {
          "key": "_0JuRNX5sEDe--q7RyRqzLQ",
          "name": "fecha_registro",
          "type": null,
          "probability": 1,
          "modifiers": [],
          "to_variable": {
            "key": "_sJXWIH5xEDe--q7RyRqzLQ",
            "name": "fecha_registro",
            "type": null,
            "modifiers": [],
            "position": {}
          },
          "position": {}
        },
        "_0JuRNn5sEDe--q7RyRqzLQ": {
          "key": "_0JuRNn5sEDe--q7RyRqzLQ",
          "name": "estado",
          "type": null,
          "probability": 1,
          "modifiers": [],
          "to_variable": {
            "key": "_METeMH5xEDe--q7RyRqzLQ",
            "name": "estado",
            "type": null,
            "modifiers": [],
            "position": {}
          },
          "position": {}
        }
      }
    }
  }
}