{
  "report_version": "unknown",
  "report_timestamp": "2025-03-26T22:37:02.859Z",
  "target_language": "java",
  "report_summary": {
    "additional": null,
    "amount_classes_or_interfaces_with_data_clumps": 2,
    "amount_files_with_data_clumps": 2,
    "amount_methods_with_data_clumps": 0,
    "fields_to_fields_data_clump": 2,
    "parameters_to_fields_data_clump": 0,
    "parameters_to_parameters_data_clump": 0,
    "amount_data_clumps": 2
  },
  "project_info": {
    "project_url": "unknown_project_url",
    "project_name": "_CeG_MAxxEeyj5cUC8m1erQ",
    "project_version": "unknown_project_version",
    "project_commit_hash": "unknown",
    "project_tag": null,
    "project_commit_date": null,
    "additional": {},
    "number_of_files": 3,
    "number_of_classes_or_interfaces": 3,
    "number_of_methods": 9,
    "number_of_data_fields": 10,
    "number_of_method_parameters": 0
  },
  "detector": {
    "name": "data-clumps-doctor",
    "url": "https://github.com/NilsBaumgartner1994/data-clumps-doctor",
    "version": "0.1.100",
    "options": {
      "typeVariablesConsidered": false,
      "similarityModifierOfVariablesWithUnknownType": 0,
      "fieldsOfClassesWithUnknownHierarchyProbabilityModifier": 0,
      "sharedFieldsToFieldsAmountMinimum": 3,
      "analyseFieldsInClassesOrInterfacesInheritedFromSuperClassesOrInterfaces": false,
      "sharedParametersToParametersAmountMinimum": 3,
      "sharedParametersToFieldsAmountMinimum": 3,
      "methodsOfClassesOrInterfacesWithUnknownHierarchyProbabilityModifier": 0
    }
  },
  "data_clumps": {
    "fields_to_fields_data_clump-./Flightdetails-_rOGBwO6iEDm8wIrpJ6UnuQ-_rfAyoO6iEDm8wIrpJ6UnuQ-attributeattribute2attribute3": {
      "type": "data_clump",
      "key": "fields_to_fields_data_clump-./Flightdetails-_rOGBwO6iEDm8wIrpJ6UnuQ-_rfAyoO6iEDm8wIrpJ6UnuQ-attributeattribute2attribute3",
      "probability": 1,
      "from_file_path": "./Flightdetails",
      "from_class_or_interface_name": "Flightdetails",
      "from_class_or_interface_key": "_rOGBwO6iEDm8wIrpJ6UnuQ",
      "from_method_name": null,
      "from_method_key": null,
      "to_file_path": "./Ticket",
      "to_class_or_interface_key": "_rfAyoO6iEDm8wIrpJ6UnuQ",
      "to_class_or_interface_name": "Flightdetails",
      "to_method_key": null,
      "to_method_name": null,
      "data_clump_type": "fields_to_fields_data_clump",
      "data_clump_data": {
        "_xoVhUO6iEDm8wIrpJ6UnuQ": {
          "key": "_xoVhUO6iEDm8wIrpJ6UnuQ",
          "name": "attribute",
          "type": null,
          "probability": 1,
          "modifiers": [
            "public"
          ],
          "to_variable": {
            "key": "_yiljEe6iEDm8wIrpJ6UnuQ",
            "name": "attribute",
            "type": null,
            "modifiers": [
              "public"
            ],
            "position": {}
          },
          "position": {}
        },
        "_x0ZAUO6iEDm8wIrpJ6UnuQ": {
          "key": "_x0ZAUO6iEDm8wIrpJ6UnuQ",
          "name": "attribute2",
          "type": null,
          "probability": 1,
          "modifiers": [
            "public"
          ],
          "to_variable": {
            "key": "_y1GPYe6iEDm8wIrpJ6UnuQ",
            "name": "attribute2",
            "type": null,
            "modifiers": [
              "public"
            ],
            "position": {}
          },
          "position": {}
        },
        "_x2dc4e6iEDm8wIrpJ6UnuQ": {
          "key": "_x2dc4e6iEDm8wIrpJ6UnuQ",
          "name": "attribute3",
          "type": null,
          "probability": 1,
          "modifiers": [
            "public"
          ],
          "to_variable": {
            "key": "_y6qE0e6iEDm8wIrpJ6UnuQ",
            "name": "attribute3",
            "type": null,
            "modifiers": [
              "public"
            ],
            "position": {}
          },
          "position": {}
        }
      }
    },
    "fields_to_fields_data_clump-./Ticket-_rfAyoO6iEDm8wIrpJ6UnuQ-_rOGBwO6iEDm8wIrpJ6UnuQ-attributeattribute2attribute3": {
      "type": "data_clump",
      "key": "fields_to_fields_data_clump-./Ticket-_rfAyoO6iEDm8wIrpJ6UnuQ-_rOGBwO6iEDm8wIrpJ6UnuQ-attributeattribute2attribute3",
      "probability": 1,
      "from_file_path": "./Ticket",
      "from_class_or_interface_name": "Ticket",
      "from_class_or_interface_key": "_rfAyoO6iEDm8wIrpJ6UnuQ",
      "from_method_name": null,
      "from_method_key": null,
      "to_file_path": "./Flightdetails",
      "to_class_or_interface_key": "_rOGBwO6iEDm8wIrpJ6UnuQ",
      "to_class_or_interface_name": "Ticket",
      "to_method_key": null,
      "to_method_name": null,
      "data_clump_type": "fields_to_fields_data_clump",
      "data_clump_data": {
        "_yiljEe6iEDm8wIrpJ6UnuQ": {
          "key": "_yiljEe6iEDm8wIrpJ6UnuQ",
          "name": "attribute",
          "type": null,
          "probability": 1,
          "modifiers": [
            "public"
          ],
          "to_variable": {
            "key": "_xoVhUO6iEDm8wIrpJ6UnuQ",
            "name": "attribute",
            "type": null,
            "modifiers": [
              "public"
            ],
            "position": {}
          },
          "position": {}
        },
        "_y1GPYe6iEDm8wIrpJ6UnuQ": {
          "key": "_y1GPYe6iEDm8wIrpJ6UnuQ",
          "name": "attribute2",
          "type": null,
          "probability": 1,
          "modifiers": [
            "public"
          ],
          "to_variable": {
            "key": "_x0ZAUO6iEDm8wIrpJ6UnuQ",
            "name": "attribute2",
            "type": null,
            "modifiers": [
              "public"
            ],
            "position": {}
          },
          "position": {}
        },
        "_y6qE0e6iEDm8wIrpJ6UnuQ": {
          "key": "_y6qE0e6iEDm8wIrpJ6UnuQ",
          "name": "attribute3",
          "type": null,
          "probability": 1,
          "modifiers": [
            "public"
          ],
          "to_variable": {
            "key": "_x2dc4e6iEDm8wIrpJ6UnuQ",
            "name": "attribute3",
            "type": null,
            "modifiers": [
              "public"
            ],
            "position": {}
          },
          "position": {}
        }
      }
    }
  }
}