{
  "report_version": "unknown",
  "report_timestamp": "2025-03-26T22:39:11.585Z",
  "target_language": "java",
  "report_summary": {
    "additional": null,
    "amount_classes_or_interfaces_with_data_clumps": 4,
    "amount_files_with_data_clumps": 4,
    "amount_methods_with_data_clumps": 2,
    "fields_to_fields_data_clump": 2,
    "parameters_to_fields_data_clump": 2,
    "parameters_to_parameters_data_clump": 0,
    "amount_data_clumps": 4
  },
  "project_info": {
    "project_url": "unknown_project_url",
    "project_name": "_hG0cgAMkEemehb_jYViW8w",
    "project_version": "unknown_project_version",
    "project_commit_hash": "unknown",
    "project_tag": null,
    "project_commit_date": null,
    "additional": {},
    "number_of_files": 9,
    "number_of_classes_or_interfaces": 9,
    "number_of_methods": 25,
    "number_of_data_fields": 24,
    "number_of_method_parameters": 22
  },
  "detector": {
    "name": "data-clumps-doctor",
    "url": "https://github.com/NilsBaumgartner1994/data-clumps-doctor",
    "version": "0.1.100",
    "options": {
      "typeVariablesConsidered": false,
      "similarityModifierOfVariablesWithUnknownType": 0,
      "fieldsOfClassesWithUnknownHierarchyProbabilityModifier": 0,
      "sharedFieldsToFieldsAmountMinimum": 3,
      "analyseFieldsInClassesOrInterfacesInheritedFromSuperClassesOrInterfaces": false,
      "sharedParametersToParametersAmountMinimum": 3,
      "sharedParametersToFieldsAmountMinimum": 3,
      "methodsOfClassesOrInterfacesWithUnknownHierarchyProbabilityModifier": 0
    }
  },
  "data_clumps": {
    "parameters_to_fields_data_clump-./Employee-_hU24oQMkEemVJ-LgVHoDQQ-_hU24hwMkEemVJ-LgVHoDQQ-IDFirstNameSalaryLastNameCity": {
      "type": "data_clump",
      "key": "parameters_to_fields_data_clump-./Employee-_hU24oQMkEemVJ-LgVHoDQQ-_hU24hwMkEemVJ-LgVHoDQQ-IDFirstNameSalaryLastNameCity",
      "probability": 1,
      "from_file_path": "./Employee",
      "from_class_or_interface_name": "Employee",
      "from_class_or_interface_key": "_hU24hwMkEemVJ-LgVHoDQQ",
      "from_method_name": "Employee",
      "from_method_key": "_hU24oQMkEemVJ-LgVHoDQQ",
      "to_file_path": "./Employee",
      "to_class_or_interface_name": "Employee",
      "to_class_or_interface_key": "_hU24hwMkEemVJ-LgVHoDQQ",
      "to_method_name": null,
      "to_method_key": null,
      "data_clump_type": "parameters_to_fields_data_clump",
      "data_clump_data": {
        "_hU24ogMkEemVJ-LgVHoDQQ": {
          "key": "_hU24ogMkEemVJ-LgVHoDQQ",
          "name": "ID",
          "type": null,
          "probability": 1,
          "modifiers": [],
          "to_variable": {
            "key": "_hU24iAMkEemVJ-LgVHoDQQ",
            "name": "ID",
            "type": null,
            "modifiers": [
              "private"
            ],
            "position": {}
          },
          "position": {}
        },
        "_hU24pQMkEemVJ-LgVHoDQQ": {
          "key": "_hU24pQMkEemVJ-LgVHoDQQ",
          "name": "FirstName",
          "type": null,
          "probability": 1,
          "modifiers": [],
          "to_variable": {
            "key": "_hU24iwMkEemVJ-LgVHoDQQ",
            "name": "FirstName",
            "type": null,
            "modifiers": [
              "private"
            ],
            "position": {}
          },
          "position": {}
        },
        "_hU24qAMkEemVJ-LgVHoDQQ": {
          "key": "_hU24qAMkEemVJ-LgVHoDQQ",
          "name": "Salary",
          "type": null,
          "probability": 1,
          "modifiers": [],
          "to_variable": {
            "key": "_hU24jgMkEemVJ-LgVHoDQQ",
            "name": "Salary",
            "type": null,
            "modifiers": [
              "private"
            ],
            "position": {}
          },
          "position": {}
        },
        "_hU24qwMkEemVJ-LgVHoDQQ": {
          "key": "_hU24qwMkEemVJ-LgVHoDQQ",
          "name": "LastName",
          "type": null,
          "probability": 1,
          "modifiers": [],
          "to_variable": {
            "key": "_hU24kQMkEemVJ-LgVHoDQQ",
            "name": "LastName",
            "type": null,
            "modifiers": [
              "private"
            ],
            "position": {}
          },
          "position": {}
        },
        "_hU24rgMkEemVJ-LgVHoDQQ": {
          "key": "_hU24rgMkEemVJ-LgVHoDQQ",
          "name": "City",
          "type": null,
          "probability": 1,
          "modifiers": [],
          "to_variable": {
            "key": "_hU24lAMkEemVJ-LgVHoDQQ",
            "name": "City",
            "type": null,
            "modifiers": [
              "private"
            ],
            "position": {}
          },
          "position": {}
        }
      }
    },
    "parameters_to_fields_data_clump-./testEmployee-_hU4GugMkEemVJ-LgVHoDQQ-_hU4GsAMkEemVJ-LgVHoDQQ-firstNamelastNameid": {
      "type": "data_clump",
      "key": "parameters_to_fields_data_clump-./testEmployee-_hU4GugMkEemVJ-LgVHoDQQ-_hU4GsAMkEemVJ-LgVHoDQQ-firstNamelastNameid",
      "probability": 1,
      "from_file_path": "./testEmployee",
      "from_class_or_interface_name": "testEmployee",
      "from_class_or_interface_key": "_hU4GsAMkEemVJ-LgVHoDQQ",
      "from_method_name": "testEmployee",
      "from_method_key": "_hU4GugMkEemVJ-LgVHoDQQ",
      "to_file_path": "./testEmployee",
      "to_class_or_interface_name": "testEmployee",
      "to_class_or_interface_key": "_hU4GsAMkEemVJ-LgVHoDQQ",
      "to_method_name": null,
      "to_method_key": null,
      "data_clump_type": "parameters_to_fields_data_clump",
      "data_clump_data": {
        "_hU4GuwMkEemVJ-LgVHoDQQ": {
          "key": "_hU4GuwMkEemVJ-LgVHoDQQ",
          "name": "firstName",
          "type": null,
          "probability": 1,
          "modifiers": [],
          "to_variable": {
            "key": "_hU4GsQMkEemVJ-LgVHoDQQ",
            "name": "firstName",
            "type": null,
            "modifiers": [
              "private"
            ],
            "position": {}
          },
          "position": {}
        },
        "_hU4GvgMkEemVJ-LgVHoDQQ": {
          "key": "_hU4GvgMkEemVJ-LgVHoDQQ",
          "name": "lastName",
          "type": null,
          "probability": 1,
          "modifiers": [],
          "to_variable": {
            "key": "_hU4GtAMkEemVJ-LgVHoDQQ",
            "name": "lastName",
            "type": null,
            "modifiers": [
              "private"
            ],
            "position": {}
          },
          "position": {}
        },
        "_hU4GwQMkEemVJ-LgVHoDQQ": {
          "key": "_hU4GwQMkEemVJ-LgVHoDQQ",
          "name": "id",
          "type": null,
          "probability": 1,
          "modifiers": [],
          "to_variable": {
            "key": "_hU4GtwMkEemVJ-LgVHoDQQ",
            "name": "id",
            "type": null,
            "modifiers": [
              "private"
            ],
            "position": {}
          },
          "position": {}
        }
      }
    },
    "fields_to_fields_data_clump-./EmployeeWindow-_hU3fpAMkEemVJ-LgVHoDQQ-_hU3fswMkEemVJ-LgVHoDQQ-employeeTablefirstNameColumnlastNameColumn": {
      "type": "data_clump",
      "key": "fields_to_fields_data_clump-./EmployeeWindow-_hU3fpAMkEemVJ-LgVHoDQQ-_hU3fswMkEemVJ-LgVHoDQQ-employeeTablefirstNameColumnlastNameColumn",
      "probability": 1,
      "from_file_path": "./EmployeeWindow",
      "from_class_or_interface_name": "EmployeeWindow",
      "from_class_or_interface_key": "_hU3fpAMkEemVJ-LgVHoDQQ",
      "from_method_name": null,
      "from_method_key": null,
      "to_file_path": "./EmployeesTable",
      "to_class_or_interface_key": "_hU3fswMkEemVJ-LgVHoDQQ",
      "to_class_or_interface_name": "EmployeeWindow",
      "to_method_key": null,
      "to_method_name": null,
      "data_clump_type": "fields_to_fields_data_clump",
      "data_clump_data": {
        "_hU3fpQMkEemVJ-LgVHoDQQ": {
          "key": "_hU3fpQMkEemVJ-LgVHoDQQ",
          "name": "employeeTable",
          "type": null,
          "probability": 1,
          "modifiers": [
            "public"
          ],
          "to_variable": {
            "key": "_hU3ftQMkEemVJ-LgVHoDQQ",
            "name": "employeeTable",
            "type": null,
            "modifiers": [
              "public"
            ],
            "position": {}
          },
          "position": {}
        },
        "_hU3fqAMkEemVJ-LgVHoDQQ": {
          "key": "_hU3fqAMkEemVJ-LgVHoDQQ",
          "name": "firstNameColumn",
          "type": null,
          "probability": 1,
          "modifiers": [
            "public"
          ],
          "to_variable": {
            "key": "_hU3fuAMkEemVJ-LgVHoDQQ",
            "name": "firstNameColumn",
            "type": null,
            "modifiers": [
              "public"
            ],
            "position": {}
          },
          "position": {}
        },
        "_hU3fqwMkEemVJ-LgVHoDQQ": {
          "key": "_hU3fqwMkEemVJ-LgVHoDQQ",
          "name": "lastNameColumn",
          "type": null,
          "probability": 1,
          "modifiers": [
            "public"
          ],
          "to_variable": {
            "key": "_hU3fuwMkEemVJ-LgVHoDQQ",
            "name": "lastNameColumn",
            "type": null,
            "modifiers": [
              "public"
            ],
            "position": {}
          },
          "position": {}
        }
      }
    },
    "fields_to_fields_data_clump-./EmployeesTable-_hU3fswMkEemVJ-LgVHoDQQ-_hU3fpAMkEemVJ-LgVHoDQQ-employeeTablefirstNameColumnlastNameColumn": {
      "type": "data_clump",
      "key": "fields_to_fields_data_clump-./EmployeesTable-_hU3fswMkEemVJ-LgVHoDQQ-_hU3fpAMkEemVJ-LgVHoDQQ-employeeTablefirstNameColumnlastNameColumn",
      "probability": 1,
      "from_file_path": "./EmployeesTable",
      "from_class_or_interface_name": "EmployeesTable",
      "from_class_or_interface_key": "_hU3fswMkEemVJ-LgVHoDQQ",
      "from_method_name": null,
      "from_method_key": null,
      "to_file_path": "./EmployeeWindow",
      "to_class_or_interface_key": "_hU3fpAMkEemVJ-LgVHoDQQ",
      "to_class_or_interface_name": "EmployeesTable",
      "to_method_key": null,
      "to_method_name": null,
      "data_clump_type": "fields_to_fields_data_clump",
      "data_clump_data": {
        "_hU3ftQMkEemVJ-LgVHoDQQ": {
          "key": "_hU3ftQMkEemVJ-LgVHoDQQ",
          "name": "employeeTable",
          "type": null,
          "probability": 1,
          "modifiers": [
            "public"
          ],
          "to_variable": {
            "key": "_hU3fpQMkEemVJ-LgVHoDQQ",
            "name": "employeeTable",
            "type": null,
            "modifiers": [
              "public"
            ],
            "position": {}
          },
          "position": {}
        },
        "_hU3fuAMkEemVJ-LgVHoDQQ": {
          "key": "_hU3fuAMkEemVJ-LgVHoDQQ",
          "name": "firstNameColumn",
          "type": null,
          "probability": 1,
          "modifiers": [
            "public"
          ],
          "to_variable": {
            "key": "_hU3fqAMkEemVJ-LgVHoDQQ",
            "name": "firstNameColumn",
            "type": null,
            "modifiers": [
              "public"
            ],
            "position": {}
          },
          "position": {}
        },
        "_hU3fuwMkEemVJ-LgVHoDQQ": {
          "key": "_hU3fuwMkEemVJ-LgVHoDQQ",
          "name": "lastNameColumn",
          "type": null,
          "probability": 1,
          "modifiers": [
            "public"
          ],
          "to_variable": {
            "key": "_hU3fqwMkEemVJ-LgVHoDQQ",
            "name": "lastNameColumn",
            "type": null,
            "modifiers": [
              "public"
            ],
            "position": {}
          },
          "position": {}
        }
      }
    }
  }
}