{
  "report_version": "unknown",
  "report_timestamp": "2025-03-26T22:41:01.759Z",
  "target_language": "java",
  "report_summary": {
    "additional": null,
    "amount_classes_or_interfaces_with_data_clumps": 2,
    "amount_files_with_data_clumps": 2,
    "amount_methods_with_data_clumps": 0,
    "fields_to_fields_data_clump": 2,
    "parameters_to_fields_data_clump": 0,
    "parameters_to_parameters_data_clump": 0,
    "amount_data_clumps": 2
  },
  "project_info": {
    "project_url": "unknown_project_url",
    "project_name": "_TiaTAH9VEeqjCeBtMxTJVQ",
    "project_version": "unknown_project_version",
    "project_commit_hash": "unknown",
    "project_tag": null,
    "project_commit_date": null,
    "additional": {},
    "number_of_files": 12,
    "number_of_classes_or_interfaces": 12,
    "number_of_methods": 18,
    "number_of_data_fields": 27,
    "number_of_method_parameters": 18
  },
  "detector": {
    "name": "data-clumps-doctor",
    "url": "https://github.com/NilsBaumgartner1994/data-clumps-doctor",
    "version": "0.1.100",
    "options": {
      "typeVariablesConsidered": false,
      "similarityModifierOfVariablesWithUnknownType": 0,
      "fieldsOfClassesWithUnknownHierarchyProbabilityModifier": 0,
      "sharedFieldsToFieldsAmountMinimum": 3,
      "analyseFieldsInClassesOrInterfacesInheritedFromSuperClassesOrInterfaces": false,
      "sharedParametersToParametersAmountMinimum": 3,
      "sharedParametersToFieldsAmountMinimum": 3,
      "methodsOfClassesOrInterfacesWithUnknownHierarchyProbabilityModifier": 0
    }
  },
  "data_clumps": {
    "fields_to_fields_data_clump-./Collection-_XPFXoHf4EDW8_5aLCobFJg-_vpRW0H5UEDWg6rDOd7mJbQ-connfieldstable": {
      "type": "data_clump",
      "key": "fields_to_fields_data_clump-./Collection-_XPFXoHf4EDW8_5aLCobFJg-_vpRW0H5UEDWg6rDOd7mJbQ-connfieldstable",
      "probability": 1,
      "from_file_path": "./Collection",
      "from_class_or_interface_name": "Collection",
      "from_class_or_interface_key": "_XPFXoHf4EDW8_5aLCobFJg",
      "from_method_name": null,
      "from_method_key": null,
      "to_file_path": "./SingleData",
      "to_class_or_interface_key": "_vpRW0H5UEDWg6rDOd7mJbQ",
      "to_class_or_interface_name": "Collection",
      "to_method_key": null,
      "to_method_name": null,
      "data_clump_type": "fields_to_fields_data_clump",
      "data_clump_data": {
        "_gZW3EH5UEDWg6rDOd7mJbQ": {
          "key": "_gZW3EH5UEDWg6rDOd7mJbQ",
          "name": "conn",
          "type": null,
          "probability": 1,
          "modifiers": [
            "private"
          ],
          "to_variable": {
            "key": "_Jg41EH5VEDWg6rDOd7mJbQ",
            "name": "conn",
            "type": null,
            "modifiers": [
              "private"
            ],
            "position": {}
          },
          "position": {}
        },
        "_jBqWEH5UEDWg6rDOd7mJbQ": {
          "key": "_jBqWEH5UEDWg6rDOd7mJbQ",
          "name": "fields",
          "type": null,
          "probability": 1,
          "modifiers": [
            "private"
          ],
          "to_variable": {
            "key": "_DF4ggH5VEDWg6rDOd7mJbQ",
            "name": "fields",
            "type": null,
            "modifiers": [
              "private"
            ],
            "position": {}
          },
          "position": {}
        },
        "_qmy7cH5UEDWg6rDOd7mJbQ": {
          "key": "_qmy7cH5UEDWg6rDOd7mJbQ",
          "name": "table",
          "type": null,
          "probability": 1,
          "modifiers": [
            "private"
          ],
          "to_variable": {
            "key": "_E0_tsH5VEDWg6rDOd7mJbQ",
            "name": "table",
            "type": null,
            "modifiers": [
              "private"
            ],
            "position": {}
          },
          "position": {}
        }
      }
    },
    "fields_to_fields_data_clump-./SingleData-_vpRW0H5UEDWg6rDOd7mJbQ-_XPFXoHf4EDW8_5aLCobFJg-fieldstableconn": {
      "type": "data_clump",
      "key": "fields_to_fields_data_clump-./SingleData-_vpRW0H5UEDWg6rDOd7mJbQ-_XPFXoHf4EDW8_5aLCobFJg-fieldstableconn",
      "probability": 1,
      "from_file_path": "./SingleData",
      "from_class_or_interface_name": "SingleData",
      "from_class_or_interface_key": "_vpRW0H5UEDWg6rDOd7mJbQ",
      "from_method_name": null,
      "from_method_key": null,
      "to_file_path": "./Collection",
      "to_class_or_interface_key": "_XPFXoHf4EDW8_5aLCobFJg",
      "to_class_or_interface_name": "SingleData",
      "to_method_key": null,
      "to_method_name": null,
      "data_clump_type": "fields_to_fields_data_clump",
      "data_clump_data": {
        "_DF4ggH5VEDWg6rDOd7mJbQ": {
          "key": "_DF4ggH5VEDWg6rDOd7mJbQ",
          "name": "fields",
          "type": null,
          "probability": 1,
          "modifiers": [
            "private"
          ],
          "to_variable": {
            "key": "_jBqWEH5UEDWg6rDOd7mJbQ",
            "name": "fields",
            "type": null,
            "modifiers": [
              "private"
            ],
            "position": {}
          },
          "position": {}
        },
        "_E0_tsH5VEDWg6rDOd7mJbQ": {
          "key": "_E0_tsH5VEDWg6rDOd7mJbQ",
          "name": "table",
          "type": null,
          "probability": 1,
          "modifiers": [
            "private"
          ],
          "to_variable": {
            "key": "_qmy7cH5UEDWg6rDOd7mJbQ",
            "name": "table",
            "type": null,
            "modifiers": [
              "private"
            ],
            "position": {}
          },
          "position": {}
        },
        "_Jg41EH5VEDWg6rDOd7mJbQ": {
          "key": "_Jg41EH5VEDWg6rDOd7mJbQ",
          "name": "conn",
          "type": null,
          "probability": 1,
          "modifiers": [
            "private"
          ],
          "to_variable": {
            "key": "_gZW3EH5UEDWg6rDOd7mJbQ",
            "name": "conn",
            "type": null,
            "modifiers": [
              "private"
            ],
            "position": {}
          },
          "position": {}
        }
      }
    }
  }
}