{
  "report_version": "unknown",
  "report_timestamp": "2025-03-26T21:50:56.035Z",
  "target_language": "java",
  "report_summary": {
    "additional": null,
    "amount_classes_or_interfaces_with_data_clumps": 2,
    "amount_files_with_data_clumps": 2,
    "amount_methods_with_data_clumps": 2,
    "fields_to_fields_data_clump": 0,
    "parameters_to_fields_data_clump": 0,
    "parameters_to_parameters_data_clump": 2,
    "amount_data_clumps": 2
  },
  "project_info": {
    "project_url": "unknown_project_url",
    "project_name": "_TPpZ4C_hEeSxYsF3O4XI1g",
    "project_version": "unknown_project_version",
    "project_commit_hash": "unknown",
    "project_tag": null,
    "project_commit_date": null,
    "additional": {},
    "number_of_files": 12,
    "number_of_classes_or_interfaces": 12,
    "number_of_methods": 16,
    "number_of_data_fields": 6,
    "number_of_method_parameters": 17
  },
  "detector": {
    "name": "data-clumps-doctor",
    "url": "https://github.com/NilsBaumgartner1994/data-clumps-doctor",
    "version": "0.1.100",
    "options": {
      "typeVariablesConsidered": false,
      "similarityModifierOfVariablesWithUnknownType": 0,
      "fieldsOfClassesWithUnknownHierarchyProbabilityModifier": 0,
      "sharedFieldsToFieldsAmountMinimum": 3,
      "analyseFieldsInClassesOrInterfacesInheritedFromSuperClassesOrInterfaces": false,
      "sharedParametersToParametersAmountMinimum": 3,
      "sharedParametersToFieldsAmountMinimum": 3,
      "methodsOfClassesOrInterfacesWithUnknownHierarchyProbabilityModifier": 0
    }
  },
  "data_clumps": {
    "parameters_to_parameters_data_clump-./MainMenuScript-_PP5BARJnEDKY4dMJZDpl4w-_fD4BsRJoEDKY4dMJZDpl4w-moviecommandargTable": {
      "type": "data_clump",
      "key": "parameters_to_parameters_data_clump-./MainMenuScript-_PP5BARJnEDKY4dMJZDpl4w-_fD4BsRJoEDKY4dMJZDpl4w-moviecommandargTable",
      "probability": 1,
      "from_file_path": "./MainMenuScript",
      "from_class_or_interface_name": "MainMenuScript",
      "from_class_or_interface_key": "__bVjIBJmEDKY4dMJZDpl4w",
      "from_method_name": "OnExternalInterfaceCall",
      "from_method_key": "_PP5BARJnEDKY4dMJZDpl4w",
      "to_file_path": "./SceneScript",
      "to_class_or_interface_name": "SceneScript",
      "to_class_or_interface_key": "_8yfRkBJmEDKY4dMJZDpl4w",
      "to_method_name": "OnExternalInterfaceCall",
      "to_method_key": "_fD4BsRJoEDKY4dMJZDpl4w",
      "data_clump_type": "parameters_to_parameters_data_clump",
      "data_clump_data": {
        "_STGTUBJnEDKY4dMJZDpl4w": {
          "key": "_STGTUBJnEDKY4dMJZDpl4w",
          "name": "movie",
          "type": null,
          "probability": 1,
          "modifiers": [],
          "to_variable": {
            "key": "_Zr-9sBJtEDKY4dMJZDpl4w",
            "name": "movie",
            "type": null,
            "modifiers": [],
            "position": {}
          },
          "position": {}
        },
        "_SXXIQBJnEDKY4dMJZDpl4w": {
          "key": "_SXXIQBJnEDKY4dMJZDpl4w",
          "name": "command",
          "type": null,
          "probability": 1,
          "modifiers": [],
          "to_variable": {
            "key": "_Z1lloBJtEDKY4dMJZDpl4w",
            "name": "command",
            "type": null,
            "modifiers": [],
            "position": {}
          },
          "position": {}
        },
        "_SbLRQBJnEDKY4dMJZDpl4w": {
          "key": "_SbLRQBJnEDKY4dMJZDpl4w",
          "name": "argTable",
          "type": null,
          "probability": 1,
          "modifiers": [],
          "to_variable": {
            "key": "_Z5PWkBJtEDKY4dMJZDpl4w",
            "name": "argTable",
            "type": null,
            "modifiers": [],
            "position": {}
          },
          "position": {}
        }
      }
    },
    "parameters_to_parameters_data_clump-./SceneScript-_fD4BsRJoEDKY4dMJZDpl4w-_PP5BARJnEDKY4dMJZDpl4w-moviecommandargTable": {
      "type": "data_clump",
      "key": "parameters_to_parameters_data_clump-./SceneScript-_fD4BsRJoEDKY4dMJZDpl4w-_PP5BARJnEDKY4dMJZDpl4w-moviecommandargTable",
      "probability": 1,
      "from_file_path": "./SceneScript",
      "from_class_or_interface_name": "SceneScript",
      "from_class_or_interface_key": "_8yfRkBJmEDKY4dMJZDpl4w",
      "from_method_name": "OnExternalInterfaceCall",
      "from_method_key": "_fD4BsRJoEDKY4dMJZDpl4w",
      "to_file_path": "./MainMenuScript",
      "to_class_or_interface_name": "MainMenuScript",
      "to_class_or_interface_key": "__bVjIBJmEDKY4dMJZDpl4w",
      "to_method_name": "OnExternalInterfaceCall",
      "to_method_key": "_PP5BARJnEDKY4dMJZDpl4w",
      "data_clump_type": "parameters_to_parameters_data_clump",
      "data_clump_data": {
        "_Zr-9sBJtEDKY4dMJZDpl4w": {
          "key": "_Zr-9sBJtEDKY4dMJZDpl4w",
          "name": "movie",
          "type": null,
          "probability": 1,
          "modifiers": [],
          "to_variable": {
            "key": "_STGTUBJnEDKY4dMJZDpl4w",
            "name": "movie",
            "type": null,
            "modifiers": [],
            "position": {}
          },
          "position": {}
        },
        "_Z1lloBJtEDKY4dMJZDpl4w": {
          "key": "_Z1lloBJtEDKY4dMJZDpl4w",
          "name": "command",
          "type": null,
          "probability": 1,
          "modifiers": [],
          "to_variable": {
            "key": "_SXXIQBJnEDKY4dMJZDpl4w",
            "name": "command",
            "type": null,
            "modifiers": [],
            "position": {}
          },
          "position": {}
        },
        "_Z5PWkBJtEDKY4dMJZDpl4w": {
          "key": "_Z5PWkBJtEDKY4dMJZDpl4w",
          "name": "argTable",
          "type": null,
          "probability": 1,
          "modifiers": [],
          "to_variable": {
            "key": "_SbLRQBJnEDKY4dMJZDpl4w",
            "name": "argTable",
            "type": null,
            "modifiers": [],
            "position": {}
          },
          "position": {}
        }
      }
    }
  }
}