{
  "report_version": "unknown",
  "report_timestamp": "2025-03-26T23:01:04.533Z",
  "target_language": "java",
  "report_summary": {
    "additional": null,
    "amount_classes_or_interfaces_with_data_clumps": 1,
    "amount_files_with_data_clumps": 1,
    "amount_methods_with_data_clumps": 2,
    "fields_to_fields_data_clump": 0,
    "parameters_to_fields_data_clump": 0,
    "parameters_to_parameters_data_clump": 2,
    "amount_data_clumps": 2
  },
  "project_info": {
    "project_url": "unknown_project_url",
    "project_name": "5dd27027-d552-432a-a897-69606c74fdcf",
    "project_version": "unknown_project_version",
    "project_commit_hash": "unknown",
    "project_tag": null,
    "project_commit_date": null,
    "additional": {},
    "number_of_files": 10,
    "number_of_classes_or_interfaces": 10,
    "number_of_methods": 19,
    "number_of_data_fields": 20,
    "number_of_method_parameters": 30
  },
  "detector": {
    "name": "data-clumps-doctor",
    "url": "https://github.com/NilsBaumgartner1994/data-clumps-doctor",
    "version": "0.1.100",
    "options": {
      "typeVariablesConsidered": false,
      "similarityModifierOfVariablesWithUnknownType": 0,
      "fieldsOfClassesWithUnknownHierarchyProbabilityModifier": 0,
      "sharedFieldsToFieldsAmountMinimum": 3,
      "analyseFieldsInClassesOrInterfacesInheritedFromSuperClassesOrInterfaces": false,
      "sharedParametersToParametersAmountMinimum": 3,
      "sharedParametersToFieldsAmountMinimum": 3,
      "methodsOfClassesOrInterfacesWithUnknownHierarchyProbabilityModifier": 0
    }
  },
  "data_clumps": {
    "parameters_to_parameters_data_clump-./Lekarz-_DcvdQbv1EDSc9LILhE9ztA-_JFbkEbv1EDSc9LILhE9ztA-parameterparameter2parameter3": {
      "type": "data_clump",
      "key": "parameters_to_parameters_data_clump-./Lekarz-_DcvdQbv1EDSc9LILhE9ztA-_JFbkEbv1EDSc9LILhE9ztA-parameterparameter2parameter3",
      "probability": 1,
      "from_file_path": "./Lekarz",
      "from_class_or_interface_name": "Lekarz",
      "from_class_or_interface_key": "_N_ACcLvyEDSc9LILhE9ztA",
      "from_method_name": "Dodaj_pacjenta",
      "from_method_key": "_DcvdQbv1EDSc9LILhE9ztA",
      "to_file_path": "./Lekarz",
      "to_class_or_interface_name": "Lekarz",
      "to_class_or_interface_key": "_N_ACcLvyEDSc9LILhE9ztA",
      "to_method_name": "Usun_pacjenta",
      "to_method_key": "_JFbkEbv1EDSc9LILhE9ztA",
      "data_clump_type": "parameters_to_parameters_data_clump",
      "data_clump_data": {
        "_F0ND4Lv1EDSc9LILhE9ztA": {
          "key": "_F0ND4Lv1EDSc9LILhE9ztA",
          "name": "parameter",
          "type": null,
          "probability": 1,
          "modifiers": [],
          "to_variable": {
            "key": "_LJ_c0Lv1EDSc9LILhE9ztA",
            "name": "parameter",
            "type": null,
            "modifiers": [],
            "position": {}
          },
          "position": {}
        },
        "_F41sQLv1EDSc9LILhE9ztA": {
          "key": "_F41sQLv1EDSc9LILhE9ztA",
          "name": "parameter2",
          "type": null,
          "probability": 1,
          "modifiers": [],
          "to_variable": {
            "key": "_LOap0Lv1EDSc9LILhE9ztA",
            "name": "parameter2",
            "type": null,
            "modifiers": [],
            "position": {}
          },
          "position": {}
        },
        "_F8MiQLv1EDSc9LILhE9ztA": {
          "key": "_F8MiQLv1EDSc9LILhE9ztA",
          "name": "parameter3",
          "type": null,
          "probability": 1,
          "modifiers": [],
          "to_variable": {
            "key": "_LRi2ULv1EDSc9LILhE9ztA",
            "name": "parameter3",
            "type": null,
            "modifiers": [],
            "position": {}
          },
          "position": {}
        }
      }
    },
    "parameters_to_parameters_data_clump-./Lekarz-_JFbkEbv1EDSc9LILhE9ztA-_DcvdQbv1EDSc9LILhE9ztA-parameterparameter2parameter3": {
      "type": "data_clump",
      "key": "parameters_to_parameters_data_clump-./Lekarz-_JFbkEbv1EDSc9LILhE9ztA-_DcvdQbv1EDSc9LILhE9ztA-parameterparameter2parameter3",
      "probability": 1,
      "from_file_path": "./Lekarz",
      "from_class_or_interface_name": "Lekarz",
      "from_class_or_interface_key": "_N_ACcLvyEDSc9LILhE9ztA",
      "from_method_name": "Usun_pacjenta",
      "from_method_key": "_JFbkEbv1EDSc9LILhE9ztA",
      "to_file_path": "./Lekarz",
      "to_class_or_interface_name": "Lekarz",
      "to_class_or_interface_key": "_N_ACcLvyEDSc9LILhE9ztA",
      "to_method_name": "Dodaj_pacjenta",
      "to_method_key": "_DcvdQbv1EDSc9LILhE9ztA",
      "data_clump_type": "parameters_to_parameters_data_clump",
      "data_clump_data": {
        "_LJ_c0Lv1EDSc9LILhE9ztA": {
          "key": "_LJ_c0Lv1EDSc9LILhE9ztA",
          "name": "parameter",
          "type": null,
          "probability": 1,
          "modifiers": [],
          "to_variable": {
            "key": "_F0ND4Lv1EDSc9LILhE9ztA",
            "name": "parameter",
            "type": null,
            "modifiers": [],
            "position": {}
          },
          "position": {}
        },
        "_LOap0Lv1EDSc9LILhE9ztA": {
          "key": "_LOap0Lv1EDSc9LILhE9ztA",
          "name": "parameter2",
          "type": null,
          "probability": 1,
          "modifiers": [],
          "to_variable": {
            "key": "_F41sQLv1EDSc9LILhE9ztA",
            "name": "parameter2",
            "type": null,
            "modifiers": [],
            "position": {}
          },
          "position": {}
        },
        "_LRi2ULv1EDSc9LILhE9ztA": {
          "key": "_LRi2ULv1EDSc9LILhE9ztA",
          "name": "parameter3",
          "type": null,
          "probability": 1,
          "modifiers": [],
          "to_variable": {
            "key": "_F8MiQLv1EDSc9LILhE9ztA",
            "name": "parameter3",
            "type": null,
            "modifiers": [],
            "position": {}
          },
          "position": {}
        }
      }
    }
  }
}