{
  "report_version": "unknown",
  "report_timestamp": "2025-03-26T22:37:35.017Z",
  "target_language": "java",
  "report_summary": {
    "additional": null,
    "amount_classes_or_interfaces_with_data_clumps": 2,
    "amount_files_with_data_clumps": 2,
    "amount_methods_with_data_clumps": 0,
    "fields_to_fields_data_clump": 2,
    "parameters_to_fields_data_clump": 0,
    "parameters_to_parameters_data_clump": 0,
    "amount_data_clumps": 2
  },
  "project_info": {
    "project_url": "unknown_project_url",
    "project_name": "_dMMzYOQEEeW8W9ElHemgqw",
    "project_version": "unknown_project_version",
    "project_commit_hash": "unknown",
    "project_tag": null,
    "project_commit_date": null,
    "additional": {},
    "number_of_files": 8,
    "number_of_classes_or_interfaces": 8,
    "number_of_methods": 0,
    "number_of_data_fields": 29,
    "number_of_method_parameters": 0
  },
  "detector": {
    "name": "data-clumps-doctor",
    "url": "https://github.com/NilsBaumgartner1994/data-clumps-doctor",
    "version": "0.1.100",
    "options": {
      "typeVariablesConsidered": false,
      "similarityModifierOfVariablesWithUnknownType": 0,
      "fieldsOfClassesWithUnknownHierarchyProbabilityModifier": 0,
      "sharedFieldsToFieldsAmountMinimum": 3,
      "analyseFieldsInClassesOrInterfacesInheritedFromSuperClassesOrInterfaces": false,
      "sharedParametersToParametersAmountMinimum": 3,
      "sharedParametersToFieldsAmountMinimum": 3,
      "methodsOfClassesOrInterfacesWithUnknownHierarchyProbabilityModifier": 0
    }
  },
  "data_clumps": {
    "fields_to_fields_data_clump-./capitulo-_xW8xgKmpEDSoZK-8NcbjGA-_SaeC8MYzEDO0UKcjp_qxfw-nomesenhaemail": {
      "type": "data_clump",
      "key": "fields_to_fields_data_clump-./capitulo-_xW8xgKmpEDSoZK-8NcbjGA-_SaeC8MYzEDO0UKcjp_qxfw-nomesenhaemail",
      "probability": 1,
      "from_file_path": "./capitulo",
      "from_class_or_interface_name": "capitulo",
      "from_class_or_interface_key": "_xW8xgKmpEDSoZK-8NcbjGA",
      "from_method_name": null,
      "from_method_key": null,
      "to_file_path": "./users",
      "to_class_or_interface_key": "_SaeC8MYzEDO0UKcjp_qxfw",
      "to_class_or_interface_name": "capitulo",
      "to_method_key": null,
      "to_method_name": null,
      "data_clump_type": "fields_to_fields_data_clump",
      "data_clump_data": {
        "_zQH5oKmpEDSoZK-8NcbjGA": {
          "key": "_zQH5oKmpEDSoZK-8NcbjGA",
          "name": "nome",
          "type": null,
          "probability": 1,
          "modifiers": [
            "private"
          ],
          "to_variable": {
            "key": "_cZl-gMYzEDO0UKcjp_qxfw",
            "name": "nome",
            "type": null,
            "modifiers": [
              "private"
            ],
            "position": {}
          },
          "position": {}
        },
        "_QAd4gKmqEDSoZK-8NcbjGA": {
          "key": "_QAd4gKmqEDSoZK-8NcbjGA",
          "name": "senha",
          "type": null,
          "probability": 1,
          "modifiers": [
            "private"
          ],
          "to_variable": {
            "key": "_Y9hgQMYzEDO0UKcjp_qxfw",
            "name": "senha",
            "type": null,
            "modifiers": [
              "private"
            ],
            "position": {}
          },
          "position": {}
        },
        "_89unYKmpEDSoZK-8NcbjGA": {
          "key": "_89unYKmpEDSoZK-8NcbjGA",
          "name": "email",
          "type": null,
          "probability": 1,
          "modifiers": [
            "private"
          ],
          "to_variable": {
            "key": "_VQoXwMYzEDO0UKcjp_qxfw",
            "name": "email",
            "type": null,
            "modifiers": [
              "private"
            ],
            "position": {}
          },
          "position": {}
        }
      }
    },
    "fields_to_fields_data_clump-./users-_SaeC8MYzEDO0UKcjp_qxfw-_xW8xgKmpEDSoZK-8NcbjGA-emailsenhanome": {
      "type": "data_clump",
      "key": "fields_to_fields_data_clump-./users-_SaeC8MYzEDO0UKcjp_qxfw-_xW8xgKmpEDSoZK-8NcbjGA-emailsenhanome",
      "probability": 1,
      "from_file_path": "./users",
      "from_class_or_interface_name": "users",
      "from_class_or_interface_key": "_SaeC8MYzEDO0UKcjp_qxfw",
      "from_method_name": null,
      "from_method_key": null,
      "to_file_path": "./capitulo",
      "to_class_or_interface_key": "_xW8xgKmpEDSoZK-8NcbjGA",
      "to_class_or_interface_name": "users",
      "to_method_key": null,
      "to_method_name": null,
      "data_clump_type": "fields_to_fields_data_clump",
      "data_clump_data": {
        "_VQoXwMYzEDO0UKcjp_qxfw": {
          "key": "_VQoXwMYzEDO0UKcjp_qxfw",
          "name": "email",
          "type": null,
          "probability": 1,
          "modifiers": [
            "private"
          ],
          "to_variable": {
            "key": "_89unYKmpEDSoZK-8NcbjGA",
            "name": "email",
            "type": null,
            "modifiers": [
              "private"
            ],
            "position": {}
          },
          "position": {}
        },
        "_Y9hgQMYzEDO0UKcjp_qxfw": {
          "key": "_Y9hgQMYzEDO0UKcjp_qxfw",
          "name": "senha",
          "type": null,
          "probability": 1,
          "modifiers": [
            "private"
          ],
          "to_variable": {
            "key": "_QAd4gKmqEDSoZK-8NcbjGA",
            "name": "senha",
            "type": null,
            "modifiers": [
              "private"
            ],
            "position": {}
          },
          "position": {}
        },
        "_cZl-gMYzEDO0UKcjp_qxfw": {
          "key": "_cZl-gMYzEDO0UKcjp_qxfw",
          "name": "nome",
          "type": null,
          "probability": 1,
          "modifiers": [
            "private"
          ],
          "to_variable": {
            "key": "_zQH5oKmpEDSoZK-8NcbjGA",
            "name": "nome",
            "type": null,
            "modifiers": [
              "private"
            ],
            "position": {}
          },
          "position": {}
        }
      }
    }
  }
}