{
  "report_version": "unknown",
  "report_timestamp": "2025-03-26T22:36:15.816Z",
  "target_language": "java",
  "report_summary": {
    "additional": null,
    "amount_classes_or_interfaces_with_data_clumps": 2,
    "amount_files_with_data_clumps": 2,
    "amount_methods_with_data_clumps": 0,
    "fields_to_fields_data_clump": 2,
    "parameters_to_fields_data_clump": 0,
    "parameters_to_parameters_data_clump": 0,
    "amount_data_clumps": 2
  },
  "project_info": {
    "project_url": "unknown_project_url",
    "project_name": "_VT2MMPu2Ee2JlLbgf0QSMg",
    "project_version": "unknown_project_version",
    "project_commit_hash": "unknown",
    "project_tag": null,
    "project_commit_date": null,
    "additional": {},
    "number_of_files": 6,
    "number_of_classes_or_interfaces": 6,
    "number_of_methods": 1,
    "number_of_data_fields": 14,
    "number_of_method_parameters": 1
  },
  "detector": {
    "name": "data-clumps-doctor",
    "url": "https://github.com/NilsBaumgartner1994/data-clumps-doctor",
    "version": "0.1.100",
    "options": {
      "typeVariablesConsidered": false,
      "similarityModifierOfVariablesWithUnknownType": 0,
      "fieldsOfClassesWithUnknownHierarchyProbabilityModifier": 0,
      "sharedFieldsToFieldsAmountMinimum": 3,
      "analyseFieldsInClassesOrInterfacesInheritedFromSuperClassesOrInterfaces": false,
      "sharedParametersToParametersAmountMinimum": 3,
      "sharedParametersToFieldsAmountMinimum": 3,
      "methodsOfClassesOrInterfacesWithUnknownHierarchyProbabilityModifier": 0
    }
  },
  "data_clumps": {
    "fields_to_fields_data_clump-./cliente-_5GU6UN3kEDuc9_lj-Ol1bg-_cPYuwN3lEDuc9_lj-Ol1bg-nomecognomeemail": {
      "type": "data_clump",
      "key": "fields_to_fields_data_clump-./cliente-_5GU6UN3kEDuc9_lj-Ol1bg-_cPYuwN3lEDuc9_lj-Ol1bg-nomecognomeemail",
      "probability": 1,
      "from_file_path": "./cliente",
      "from_class_or_interface_name": "cliente",
      "from_class_or_interface_key": "_5GU6UN3kEDuc9_lj-Ol1bg",
      "from_method_name": null,
      "from_method_key": null,
      "to_file_path": "./persona",
      "to_class_or_interface_key": "_cPYuwN3lEDuc9_lj-Ol1bg",
      "to_class_or_interface_name": "cliente",
      "to_method_key": null,
      "to_method_name": null,
      "data_clump_type": "fields_to_fields_data_clump",
      "data_clump_data": {
        "_FuswEN3lEDuc9_lj-Ol1bg": {
          "key": "_FuswEN3lEDuc9_lj-Ol1bg",
          "name": "nome",
          "type": null,
          "probability": 1,
          "modifiers": [
            "private"
          ],
          "to_variable": {
            "key": "_fMUZ8N3lEDuc9_lj-Ol1bg",
            "name": "nome",
            "type": null,
            "modifiers": [
              "private"
            ],
            "position": {}
          },
          "position": {}
        },
        "_HKWOsN3lEDuc9_lj-Ol1bg": {
          "key": "_HKWOsN3lEDuc9_lj-Ol1bg",
          "name": "cognome",
          "type": null,
          "probability": 1,
          "modifiers": [
            "private"
          ],
          "to_variable": {
            "key": "_h7ZPUN3lEDuc9_lj-Ol1bg",
            "name": "cognome",
            "type": null,
            "modifiers": [
              "private"
            ],
            "position": {}
          },
          "position": {}
        },
        "_LbxnoN3lEDuc9_lj-Ol1bg": {
          "key": "_LbxnoN3lEDuc9_lj-Ol1bg",
          "name": "email",
          "type": null,
          "probability": 1,
          "modifiers": [
            "private"
          ],
          "to_variable": {
            "key": "_kAZ0AN3lEDuc9_lj-Ol1bg",
            "name": "email",
            "type": null,
            "modifiers": [
              "private"
            ],
            "position": {}
          },
          "position": {}
        }
      }
    },
    "fields_to_fields_data_clump-./persona-_cPYuwN3lEDuc9_lj-Ol1bg-_5GU6UN3kEDuc9_lj-Ol1bg-nomecognomeemail": {
      "type": "data_clump",
      "key": "fields_to_fields_data_clump-./persona-_cPYuwN3lEDuc9_lj-Ol1bg-_5GU6UN3kEDuc9_lj-Ol1bg-nomecognomeemail",
      "probability": 1,
      "from_file_path": "./persona",
      "from_class_or_interface_name": "persona",
      "from_class_or_interface_key": "_cPYuwN3lEDuc9_lj-Ol1bg",
      "from_method_name": null,
      "from_method_key": null,
      "to_file_path": "./cliente",
      "to_class_or_interface_key": "_5GU6UN3kEDuc9_lj-Ol1bg",
      "to_class_or_interface_name": "persona",
      "to_method_key": null,
      "to_method_name": null,
      "data_clump_type": "fields_to_fields_data_clump",
      "data_clump_data": {
        "_fMUZ8N3lEDuc9_lj-Ol1bg": {
          "key": "_fMUZ8N3lEDuc9_lj-Ol1bg",
          "name": "nome",
          "type": null,
          "probability": 1,
          "modifiers": [
            "private"
          ],
          "to_variable": {
            "key": "_FuswEN3lEDuc9_lj-Ol1bg",
            "name": "nome",
            "type": null,
            "modifiers": [
              "private"
            ],
            "position": {}
          },
          "position": {}
        },
        "_h7ZPUN3lEDuc9_lj-Ol1bg": {
          "key": "_h7ZPUN3lEDuc9_lj-Ol1bg",
          "name": "cognome",
          "type": null,
          "probability": 1,
          "modifiers": [
            "private"
          ],
          "to_variable": {
            "key": "_HKWOsN3lEDuc9_lj-Ol1bg",
            "name": "cognome",
            "type": null,
            "modifiers": [
              "private"
            ],
            "position": {}
          },
          "position": {}
        },
        "_kAZ0AN3lEDuc9_lj-Ol1bg": {
          "key": "_kAZ0AN3lEDuc9_lj-Ol1bg",
          "name": "email",
          "type": null,
          "probability": 1,
          "modifiers": [
            "private"
          ],
          "to_variable": {
            "key": "_LbxnoN3lEDuc9_lj-Ol1bg",
            "name": "email",
            "type": null,
            "modifiers": [
              "private"
            ],
            "position": {}
          },
          "position": {}
        }
      }
    }
  }
}