{
  "report_version": "unknown",
  "report_timestamp": "2025-03-26T21:42:52.421Z",
  "target_language": "java",
  "report_summary": {
    "additional": null,
    "amount_classes_or_interfaces_with_data_clumps": 2,
    "amount_files_with_data_clumps": 2,
    "amount_methods_with_data_clumps": 0,
    "fields_to_fields_data_clump": 2,
    "parameters_to_fields_data_clump": 0,
    "parameters_to_parameters_data_clump": 0,
    "amount_data_clumps": 2
  },
  "project_info": {
    "project_url": "unknown_project_url",
    "project_name": "_37TQ8A9XEeeoBvzX9wJhsQ",
    "project_version": "unknown_project_version",
    "project_commit_hash": "unknown",
    "project_tag": null,
    "project_commit_date": null,
    "additional": {},
    "number_of_files": 15,
    "number_of_classes_or_interfaces": 15,
    "number_of_methods": 41,
    "number_of_data_fields": 41,
    "number_of_method_parameters": 13
  },
  "detector": {
    "name": "data-clumps-doctor",
    "url": "https://github.com/NilsBaumgartner1994/data-clumps-doctor",
    "version": "0.1.100",
    "options": {
      "typeVariablesConsidered": false,
      "similarityModifierOfVariablesWithUnknownType": 0,
      "fieldsOfClassesWithUnknownHierarchyProbabilityModifier": 0,
      "sharedFieldsToFieldsAmountMinimum": 3,
      "analyseFieldsInClassesOrInterfacesInheritedFromSuperClassesOrInterfaces": false,
      "sharedParametersToParametersAmountMinimum": 3,
      "sharedParametersToFieldsAmountMinimum": 3,
      "methodsOfClassesOrInterfacesWithUnknownHierarchyProbabilityModifier": 0
    }
  },
  "data_clumps": {
    "fields_to_fields_data_clump-./BackUp-_4JJfuA9XEeejQoFR6oC8tg-_4JJf_w9XEeejQoFR6oC8tg-suppressedrklkrala": {
      "type": "data_clump",
      "key": "fields_to_fields_data_clump-./BackUp-_4JJfuA9XEeejQoFR6oC8tg-_4JJf_w9XEeejQoFR6oC8tg-suppressedrklkrala",
      "probability": 1,
      "from_file_path": "./BackUp",
      "from_class_or_interface_name": "BackUp",
      "from_class_or_interface_key": "_4JJfuA9XEeejQoFR6oC8tg",
      "from_method_name": null,
      "from_method_key": null,
      "to_file_path": "./Gait",
      "to_class_or_interface_key": "_4JJf_w9XEeejQoFR6oC8tg",
      "to_class_or_interface_name": "BackUp",
      "to_method_key": null,
      "to_method_name": null,
      "data_clump_type": "fields_to_fields_data_clump",
      "data_clump_data": {
        "_4JJfuQ9XEeejQoFR6oC8tg": {
          "key": "_4JJfuQ9XEeejQoFR6oC8tg",
          "name": "suppressed",
          "type": null,
          "probability": 1,
          "modifiers": [
            "public"
          ],
          "to_variable": {
            "key": "_4JJgAw9XEeejQoFR6oC8tg",
            "name": "suppressed",
            "type": null,
            "modifiers": [
              "public"
            ],
            "position": {}
          },
          "position": {}
        },
        "_4JJfvA9XEeejQoFR6oC8tg": {
          "key": "_4JJfvA9XEeejQoFR6oC8tg",
          "name": "rk",
          "type": null,
          "probability": 1,
          "modifiers": [
            "private"
          ],
          "to_variable": {
            "key": "_4JJgBg9XEeejQoFR6oC8tg",
            "name": "rk",
            "type": null,
            "modifiers": [
              "private"
            ],
            "position": {}
          },
          "position": {}
        },
        "_4JJfvw9XEeejQoFR6oC8tg": {
          "key": "_4JJfvw9XEeejQoFR6oC8tg",
          "name": "lk",
          "type": null,
          "probability": 1,
          "modifiers": [
            "private"
          ],
          "to_variable": {
            "key": "_4JJgCQ9XEeejQoFR6oC8tg",
            "name": "lk",
            "type": null,
            "modifiers": [
              "private"
            ],
            "position": {}
          },
          "position": {}
        },
        "_4JJfwg9XEeejQoFR6oC8tg": {
          "key": "_4JJfwg9XEeejQoFR6oC8tg",
          "name": "ra",
          "type": null,
          "probability": 1,
          "modifiers": [
            "private"
          ],
          "to_variable": {
            "key": "_4JJgDA9XEeejQoFR6oC8tg",
            "name": "ra",
            "type": null,
            "modifiers": [
              "private"
            ],
            "position": {}
          },
          "position": {}
        },
        "_4JJfxQ9XEeejQoFR6oC8tg": {
          "key": "_4JJfxQ9XEeejQoFR6oC8tg",
          "name": "la",
          "type": null,
          "probability": 1,
          "modifiers": [
            "private"
          ],
          "to_variable": {
            "key": "_4JJgDw9XEeejQoFR6oC8tg",
            "name": "la",
            "type": null,
            "modifiers": [
              "private"
            ],
            "position": {}
          },
          "position": {}
        }
      }
    },
    "fields_to_fields_data_clump-./Gait-_4JJf_w9XEeejQoFR6oC8tg-_4JJfuA9XEeejQoFR6oC8tg-suppressedrklkrala": {
      "type": "data_clump",
      "key": "fields_to_fields_data_clump-./Gait-_4JJf_w9XEeejQoFR6oC8tg-_4JJfuA9XEeejQoFR6oC8tg-suppressedrklkrala",
      "probability": 1,
      "from_file_path": "./Gait",
      "from_class_or_interface_name": "Gait",
      "from_class_or_interface_key": "_4JJf_w9XEeejQoFR6oC8tg",
      "from_method_name": null,
      "from_method_key": null,
      "to_file_path": "./BackUp",
      "to_class_or_interface_key": "_4JJfuA9XEeejQoFR6oC8tg",
      "to_class_or_interface_name": "Gait",
      "to_method_key": null,
      "to_method_name": null,
      "data_clump_type": "fields_to_fields_data_clump",
      "data_clump_data": {
        "_4JJgAw9XEeejQoFR6oC8tg": {
          "key": "_4JJgAw9XEeejQoFR6oC8tg",
          "name": "suppressed",
          "type": null,
          "probability": 1,
          "modifiers": [
            "public"
          ],
          "to_variable": {
            "key": "_4JJfuQ9XEeejQoFR6oC8tg",
            "name": "suppressed",
            "type": null,
            "modifiers": [
              "public"
            ],
            "position": {}
          },
          "position": {}
        },
        "_4JJgBg9XEeejQoFR6oC8tg": {
          "key": "_4JJgBg9XEeejQoFR6oC8tg",
          "name": "rk",
          "type": null,
          "probability": 1,
          "modifiers": [
            "private"
          ],
          "to_variable": {
            "key": "_4JJfvA9XEeejQoFR6oC8tg",
            "name": "rk",
            "type": null,
            "modifiers": [
              "private"
            ],
            "position": {}
          },
          "position": {}
        },
        "_4JJgCQ9XEeejQoFR6oC8tg": {
          "key": "_4JJgCQ9XEeejQoFR6oC8tg",
          "name": "lk",
          "type": null,
          "probability": 1,
          "modifiers": [
            "private"
          ],
          "to_variable": {
            "key": "_4JJfvw9XEeejQoFR6oC8tg",
            "name": "lk",
            "type": null,
            "modifiers": [
              "private"
            ],
            "position": {}
          },
          "position": {}
        },
        "_4JJgDA9XEeejQoFR6oC8tg": {
          "key": "_4JJgDA9XEeejQoFR6oC8tg",
          "name": "ra",
          "type": null,
          "probability": 1,
          "modifiers": [
            "private"
          ],
          "to_variable": {
            "key": "_4JJfwg9XEeejQoFR6oC8tg",
            "name": "ra",
            "type": null,
            "modifiers": [
              "private"
            ],
            "position": {}
          },
          "position": {}
        },
        "_4JJgDw9XEeejQoFR6oC8tg": {
          "key": "_4JJgDw9XEeejQoFR6oC8tg",
          "name": "la",
          "type": null,
          "probability": 1,
          "modifiers": [
            "private"
          ],
          "to_variable": {
            "key": "_4JJfxQ9XEeejQoFR6oC8tg",
            "name": "la",
            "type": null,
            "modifiers": [
              "private"
            ],
            "position": {}
          },
          "position": {}
        }
      }
    }
  }
}