{
  "report_version": "unknown",
  "report_timestamp": "2025-03-26T22:40:43.919Z",
  "target_language": "java",
  "report_summary": {
    "additional": null,
    "amount_classes_or_interfaces_with_data_clumps": 2,
    "amount_files_with_data_clumps": 2,
    "amount_methods_with_data_clumps": 0,
    "fields_to_fields_data_clump": 2,
    "parameters_to_fields_data_clump": 0,
    "parameters_to_parameters_data_clump": 0,
    "amount_data_clumps": 2
  },
  "project_info": {
    "project_url": "unknown_project_url",
    "project_name": "_3Kp7gGBfEeiR1bahTMSgOg",
    "project_version": "unknown_project_version",
    "project_commit_hash": "unknown",
    "project_tag": null,
    "project_commit_date": null,
    "additional": {},
    "number_of_files": 6,
    "number_of_classes_or_interfaces": 6,
    "number_of_methods": 0,
    "number_of_data_fields": 34,
    "number_of_method_parameters": 0
  },
  "detector": {
    "name": "data-clumps-doctor",
    "url": "https://github.com/NilsBaumgartner1994/data-clumps-doctor",
    "version": "0.1.100",
    "options": {
      "typeVariablesConsidered": false,
      "similarityModifierOfVariablesWithUnknownType": 0,
      "fieldsOfClassesWithUnknownHierarchyProbabilityModifier": 0,
      "sharedFieldsToFieldsAmountMinimum": 3,
      "analyseFieldsInClassesOrInterfacesInheritedFromSuperClassesOrInterfaces": false,
      "sharedParametersToParametersAmountMinimum": 3,
      "sharedParametersToFieldsAmountMinimum": 3,
      "methodsOfClassesOrInterfacesWithUnknownHierarchyProbabilityModifier": 0
    }
  },
  "data_clumps": {
    "fields_to_fields_data_clump-./Klijent-_Myfv4EKOEDaWQuJ6T6I4Cg-_Z4LzwEKOEDaWQuJ6T6I4Cg-ImePrezimeBrojtelefona": {
      "type": "data_clump",
      "key": "fields_to_fields_data_clump-./Klijent-_Myfv4EKOEDaWQuJ6T6I4Cg-_Z4LzwEKOEDaWQuJ6T6I4Cg-ImePrezimeBrojtelefona",
      "probability": 1,
      "from_file_path": "./Klijent",
      "from_class_or_interface_name": "Klijent",
      "from_class_or_interface_key": "_Myfv4EKOEDaWQuJ6T6I4Cg",
      "from_method_name": null,
      "from_method_key": null,
      "to_file_path": "./Kozmeticar",
      "to_class_or_interface_key": "_Z4LzwEKOEDaWQuJ6T6I4Cg",
      "to_class_or_interface_name": "Klijent",
      "to_method_key": null,
      "to_method_name": null,
      "data_clump_type": "fields_to_fields_data_clump",
      "data_clump_data": {
        "_PRkaYEKOEDaWQuJ6T6I4Cg": {
          "key": "_PRkaYEKOEDaWQuJ6T6I4Cg",
          "name": "Ime",
          "type": null,
          "probability": 1,
          "modifiers": [
            "private"
          ],
          "to_variable": {
            "key": "_d8CDsUKOEDaWQuJ6T6I4Cg",
            "name": "Ime",
            "type": null,
            "modifiers": [
              "private"
            ],
            "position": {}
          },
          "position": {}
        },
        "_Qw9JgUKOEDaWQuJ6T6I4Cg": {
          "key": "_Qw9JgUKOEDaWQuJ6T6I4Cg",
          "name": "Prezime",
          "type": null,
          "probability": 1,
          "modifiers": [
            "private"
          ],
          "to_variable": {
            "key": "_fuZZMUKOEDaWQuJ6T6I4Cg",
            "name": "Prezime",
            "type": null,
            "modifiers": [
              "private"
            ],
            "position": {}
          },
          "position": {}
        },
        "_SRnrAEKOEDaWQuJ6T6I4Cg": {
          "key": "_SRnrAEKOEDaWQuJ6T6I4Cg",
          "name": "Brojtelefona",
          "type": null,
          "probability": 1,
          "modifiers": [
            "private"
          ],
          "to_variable": {
            "key": "_gub54EKOEDaWQuJ6T6I4Cg",
            "name": "Brojtelefona",
            "type": null,
            "modifiers": [
              "private"
            ],
            "position": {}
          },
          "position": {}
        }
      }
    },
    "fields_to_fields_data_clump-./Kozmeticar-_Z4LzwEKOEDaWQuJ6T6I4Cg-_Myfv4EKOEDaWQuJ6T6I4Cg-ImePrezimeBrojtelefona": {
      "type": "data_clump",
      "key": "fields_to_fields_data_clump-./Kozmeticar-_Z4LzwEKOEDaWQuJ6T6I4Cg-_Myfv4EKOEDaWQuJ6T6I4Cg-ImePrezimeBrojtelefona",
      "probability": 1,
      "from_file_path": "./Kozmeticar",
      "from_class_or_interface_name": "Kozmeticar",
      "from_class_or_interface_key": "_Z4LzwEKOEDaWQuJ6T6I4Cg",
      "from_method_name": null,
      "from_method_key": null,
      "to_file_path": "./Klijent",
      "to_class_or_interface_key": "_Myfv4EKOEDaWQuJ6T6I4Cg",
      "to_class_or_interface_name": "Kozmeticar",
      "to_method_key": null,
      "to_method_name": null,
      "data_clump_type": "fields_to_fields_data_clump",
      "data_clump_data": {
        "_d8CDsUKOEDaWQuJ6T6I4Cg": {
          "key": "_d8CDsUKOEDaWQuJ6T6I4Cg",
          "name": "Ime",
          "type": null,
          "probability": 1,
          "modifiers": [
            "private"
          ],
          "to_variable": {
            "key": "_PRkaYEKOEDaWQuJ6T6I4Cg",
            "name": "Ime",
            "type": null,
            "modifiers": [
              "private"
            ],
            "position": {}
          },
          "position": {}
        },
        "_fuZZMUKOEDaWQuJ6T6I4Cg": {
          "key": "_fuZZMUKOEDaWQuJ6T6I4Cg",
          "name": "Prezime",
          "type": null,
          "probability": 1,
          "modifiers": [
            "private"
          ],
          "to_variable": {
            "key": "_Qw9JgUKOEDaWQuJ6T6I4Cg",
            "name": "Prezime",
            "type": null,
            "modifiers": [
              "private"
            ],
            "position": {}
          },
          "position": {}
        },
        "_gub54EKOEDaWQuJ6T6I4Cg": {
          "key": "_gub54EKOEDaWQuJ6T6I4Cg",
          "name": "Brojtelefona",
          "type": null,
          "probability": 1,
          "modifiers": [
            "private"
          ],
          "to_variable": {
            "key": "_SRnrAEKOEDaWQuJ6T6I4Cg",
            "name": "Brojtelefona",
            "type": null,
            "modifiers": [
              "private"
            ],
            "position": {}
          },
          "position": {}
        }
      }
    }
  }
}