{
  "report_version": "unknown",
  "report_timestamp": "2025-03-26T22:44:33.790Z",
  "target_language": "java",
  "report_summary": {
    "additional": null,
    "amount_classes_or_interfaces_with_data_clumps": 2,
    "amount_files_with_data_clumps": 2,
    "amount_methods_with_data_clumps": 0,
    "fields_to_fields_data_clump": 2,
    "parameters_to_fields_data_clump": 0,
    "parameters_to_parameters_data_clump": 0,
    "amount_data_clumps": 2
  },
  "project_info": {
    "project_url": "unknown_project_url",
    "project_name": "_brSAYKvMEea217yLRs2OoA",
    "project_version": "unknown_project_version",
    "project_commit_hash": "unknown",
    "project_tag": null,
    "project_commit_date": null,
    "additional": {},
    "number_of_files": 4,
    "number_of_classes_or_interfaces": 4,
    "number_of_methods": 37,
    "number_of_data_fields": 14,
    "number_of_method_parameters": 0
  },
  "detector": {
    "name": "data-clumps-doctor",
    "url": "https://github.com/NilsBaumgartner1994/data-clumps-doctor",
    "version": "0.1.100",
    "options": {
      "typeVariablesConsidered": false,
      "similarityModifierOfVariablesWithUnknownType": 0,
      "fieldsOfClassesWithUnknownHierarchyProbabilityModifier": 0,
      "sharedFieldsToFieldsAmountMinimum": 3,
      "analyseFieldsInClassesOrInterfacesInheritedFromSuperClassesOrInterfaces": false,
      "sharedParametersToParametersAmountMinimum": 3,
      "sharedParametersToFieldsAmountMinimum": 3,
      "methodsOfClassesOrInterfacesWithUnknownHierarchyProbabilityModifier": 0
    }
  },
  "data_clumps": {
    "fields_to_fields_data_clump-./Bus_Move-_1H5cAI38EDS8qvnr-c1RRQ-_pJR_0I36EDS8qvnr-c1RRQ-xflag55vari": {
      "type": "data_clump",
      "key": "fields_to_fields_data_clump-./Bus_Move-_1H5cAI38EDS8qvnr-c1RRQ-_pJR_0I36EDS8qvnr-c1RRQ-xflag55vari",
      "probability": 1,
      "from_file_path": "./Bus_Move",
      "from_class_or_interface_name": "Bus_Move",
      "from_class_or_interface_key": "_1H5cAI38EDS8qvnr-c1RRQ",
      "from_method_name": null,
      "from_method_key": null,
      "to_file_path": "./display",
      "to_class_or_interface_key": "_pJR_0I36EDS8qvnr-c1RRQ",
      "to_class_or_interface_name": "Bus_Move",
      "to_method_key": null,
      "to_method_name": null,
      "data_clump_type": "fields_to_fields_data_clump",
      "data_clump_data": {
        "_4fOx8I4BEDS8qvnr-c1RRQ": {
          "key": "_4fOx8I4BEDS8qvnr-c1RRQ",
          "name": "x",
          "type": null,
          "probability": 1,
          "modifiers": [],
          "to_variable": {
            "key": "_KBRlYY5PEDSP_u-dLCuNcA",
            "name": "x",
            "type": null,
            "modifiers": [],
            "position": {}
          },
          "position": {}
        },
        "_4z1wAI4BEDS8qvnr-c1RRQ": {
          "key": "_4z1wAI4BEDS8qvnr-c1RRQ",
          "name": "flag55",
          "type": null,
          "probability": 1,
          "modifiers": [],
          "to_variable": {
            "key": "_7-pXwI4EEDS8qvnr-c1RRQ",
            "name": "flag55",
            "type": null,
            "modifiers": [],
            "position": {}
          },
          "position": {}
        },
        "_9oH-YI4BEDS8qvnr-c1RRQ": {
          "key": "_9oH-YI4BEDS8qvnr-c1RRQ",
          "name": "vari",
          "type": null,
          "probability": 1,
          "modifiers": [],
          "to_variable": {
            "key": "_wC_CkI36EDS8qvnr-c1RRQ",
            "name": "vari",
            "type": null,
            "modifiers": [],
            "position": {}
          },
          "position": {}
        }
      }
    },
    "fields_to_fields_data_clump-./display-_pJR_0I36EDS8qvnr-c1RRQ-_1H5cAI38EDS8qvnr-c1RRQ-variflag55x": {
      "type": "data_clump",
      "key": "fields_to_fields_data_clump-./display-_pJR_0I36EDS8qvnr-c1RRQ-_1H5cAI38EDS8qvnr-c1RRQ-variflag55x",
      "probability": 1,
      "from_file_path": "./display",
      "from_class_or_interface_name": "display",
      "from_class_or_interface_key": "_pJR_0I36EDS8qvnr-c1RRQ",
      "from_method_name": null,
      "from_method_key": null,
      "to_file_path": "./Bus_Move",
      "to_class_or_interface_key": "_1H5cAI38EDS8qvnr-c1RRQ",
      "to_class_or_interface_name": "display",
      "to_method_key": null,
      "to_method_name": null,
      "data_clump_type": "fields_to_fields_data_clump",
      "data_clump_data": {
        "_wC_CkI36EDS8qvnr-c1RRQ": {
          "key": "_wC_CkI36EDS8qvnr-c1RRQ",
          "name": "vari",
          "type": null,
          "probability": 1,
          "modifiers": [],
          "to_variable": {
            "key": "_9oH-YI4BEDS8qvnr-c1RRQ",
            "name": "vari",
            "type": null,
            "modifiers": [],
            "position": {}
          },
          "position": {}
        },
        "_7-pXwI4EEDS8qvnr-c1RRQ": {
          "key": "_7-pXwI4EEDS8qvnr-c1RRQ",
          "name": "flag55",
          "type": null,
          "probability": 1,
          "modifiers": [],
          "to_variable": {
            "key": "_4z1wAI4BEDS8qvnr-c1RRQ",
            "name": "flag55",
            "type": null,
            "modifiers": [],
            "position": {}
          },
          "position": {}
        },
        "_KBRlYY5PEDSP_u-dLCuNcA": {
          "key": "_KBRlYY5PEDSP_u-dLCuNcA",
          "name": "x",
          "type": null,
          "probability": 1,
          "modifiers": [],
          "to_variable": {
            "key": "_4fOx8I4BEDS8qvnr-c1RRQ",
            "name": "x",
            "type": null,
            "modifiers": [],
            "position": {}
          },
          "position": {}
        }
      }
    }
  }
}