{
  "report_version": "unknown",
  "report_timestamp": "2025-03-26T23:07:01.162Z",
  "target_language": "java",
  "report_summary": {
    "additional": null,
    "amount_classes_or_interfaces_with_data_clumps": 4,
    "amount_files_with_data_clumps": 4,
    "amount_methods_with_data_clumps": 0,
    "fields_to_fields_data_clump": 4,
    "parameters_to_fields_data_clump": 0,
    "parameters_to_parameters_data_clump": 0,
    "amount_data_clumps": 4
  },
  "project_info": {
    "project_url": "unknown_project_url",
    "project_name": "_m0VHgPAdEe2WPKO9eknDFA",
    "project_version": "unknown_project_version",
    "project_commit_hash": "unknown",
    "project_tag": null,
    "project_commit_date": null,
    "additional": {},
    "number_of_files": 8,
    "number_of_classes_or_interfaces": 8,
    "number_of_methods": 0,
    "number_of_data_fields": 69,
    "number_of_method_parameters": 0
  },
  "detector": {
    "name": "data-clumps-doctor",
    "url": "https://github.com/NilsBaumgartner1994/data-clumps-doctor",
    "version": "0.1.100",
    "options": {
      "typeVariablesConsidered": false,
      "similarityModifierOfVariablesWithUnknownType": 0,
      "fieldsOfClassesWithUnknownHierarchyProbabilityModifier": 0,
      "sharedFieldsToFieldsAmountMinimum": 3,
      "analyseFieldsInClassesOrInterfacesInheritedFromSuperClassesOrInterfaces": false,
      "sharedParametersToParametersAmountMinimum": 3,
      "sharedParametersToFieldsAmountMinimum": 3,
      "methodsOfClassesOrInterfacesWithUnknownHierarchyProbabilityModifier": 0
    }
  },
  "data_clumps": {
    "fields_to_fields_data_clump-./Day-_QJBBQNMNEDuUQ55tuA2mHw-_KfSpYO3MEDu1_6NJVgE_Vw-idusuario_idfechabreakfastlunchdinnersnackattribute": {
      "type": "data_clump",
      "key": "fields_to_fields_data_clump-./Day-_QJBBQNMNEDuUQ55tuA2mHw-_KfSpYO3MEDu1_6NJVgE_Vw-idusuario_idfechabreakfastlunchdinnersnackattribute",
      "probability": 1,
      "from_file_path": "./Day",
      "from_class_or_interface_name": "Day",
      "from_class_or_interface_key": "_QJBBQNMNEDuUQ55tuA2mHw",
      "from_method_name": null,
      "from_method_key": null,
      "to_file_path": "./Weight_day",
      "to_class_or_interface_key": "_KfSpYO3MEDu1_6NJVgE_Vw",
      "to_class_or_interface_name": "Day",
      "to_method_key": null,
      "to_method_name": null,
      "data_clump_type": "fields_to_fields_data_clump",
      "data_clump_data": {
        "_H3VfsOmaEDu45L6XfEwkCg": {
          "key": "_H3VfsOmaEDu45L6XfEwkCg",
          "name": "id",
          "type": null,
          "probability": 1,
          "modifiers": [
            "public"
          ],
          "to_variable": {
            "key": "_KfSpYe3MEDu1_6NJVgE_Vw",
            "name": "id",
            "type": null,
            "modifiers": [
              "public"
            ],
            "position": {}
          },
          "position": {}
        },
        "_RdeSwNMNEDuUQ55tuA2mHw": {
          "key": "_RdeSwNMNEDuUQ55tuA2mHw",
          "name": "usuario_id",
          "type": null,
          "probability": 1,
          "modifiers": [
            "public"
          ],
          "to_variable": {
            "key": "_KfSpYu3MEDu1_6NJVgE_Vw",
            "name": "usuario_id",
            "type": null,
            "modifiers": [
              "public"
            ],
            "position": {}
          },
          "position": {}
        },
        "_SwojwNMNEDuUQ55tuA2mHw": {
          "key": "_SwojwNMNEDuUQ55tuA2mHw",
          "name": "fecha",
          "type": null,
          "probability": 1,
          "modifiers": [
            "public"
          ],
          "to_variable": {
            "key": "_KfTQcO3MEDu1_6NJVgE_Vw",
            "name": "fecha",
            "type": null,
            "modifiers": [
              "public"
            ],
            "position": {}
          },
          "position": {}
        },
        "_U6t1sNMNEDuUQ55tuA2mHw": {
          "key": "_U6t1sNMNEDuUQ55tuA2mHw",
          "name": "breakfast",
          "type": null,
          "probability": 1,
          "modifiers": [
            "public"
          ],
          "to_variable": {
            "key": "_KfTQce3MEDu1_6NJVgE_Vw",
            "name": "breakfast",
            "type": null,
            "modifiers": [
              "public"
            ],
            "position": {}
          },
          "position": {}
        },
        "_bM3JMNMNEDuUQ55tuA2mHw": {
          "key": "_bM3JMNMNEDuUQ55tuA2mHw",
          "name": "lunch",
          "type": null,
          "probability": 1,
          "modifiers": [
            "public"
          ],
          "to_variable": {
            "key": "_KfTQcu3MEDu1_6NJVgE_Vw",
            "name": "lunch",
            "type": null,
            "modifiers": [
              "public"
            ],
            "position": {}
          },
          "position": {}
        },
        "_bZ7U0NMNEDuUQ55tuA2mHw": {
          "key": "_bZ7U0NMNEDuUQ55tuA2mHw",
          "name": "dinner",
          "type": null,
          "probability": 1,
          "modifiers": [
            "public"
          ],
          "to_variable": {
            "key": "_KfTQc-3MEDu1_6NJVgE_Vw",
            "name": "dinner",
            "type": null,
            "modifiers": [
              "public"
            ],
            "position": {}
          },
          "position": {}
        },
        "_bcsU8NMNEDuUQ55tuA2mHw": {
          "key": "_bcsU8NMNEDuUQ55tuA2mHw",
          "name": "snack",
          "type": null,
          "probability": 1,
          "modifiers": [
            "public"
          ],
          "to_variable": {
            "key": "_KfTQdO3MEDu1_6NJVgE_Vw",
            "name": "snack",
            "type": null,
            "modifiers": [
              "public"
            ],
            "position": {}
          },
          "position": {}
        },
        "_JooHIO3MEDu1_6NJVgE_Vw": {
          "key": "_JooHIO3MEDu1_6NJVgE_Vw",
          "name": "attribute",
          "type": null,
          "probability": 1,
          "modifiers": [
            "public"
          ],
          "to_variable": {
            "key": "_KfTQdu3MEDu1_6NJVgE_Vw",
            "name": "attribute",
            "type": null,
            "modifiers": [
              "public"
            ],
            "position": {}
          },
          "position": {}
        }
      }
    },
    "fields_to_fields_data_clump-./Weight_day-_KfSpYO3MEDu1_6NJVgE_Vw-_QJBBQNMNEDuUQ55tuA2mHw-idusuario_idfechabreakfastlunchdinnersnackattribute": {
      "type": "data_clump",
      "key": "fields_to_fields_data_clump-./Weight_day-_KfSpYO3MEDu1_6NJVgE_Vw-_QJBBQNMNEDuUQ55tuA2mHw-idusuario_idfechabreakfastlunchdinnersnackattribute",
      "probability": 1,
      "from_file_path": "./Weight_day",
      "from_class_or_interface_name": "Weight_day",
      "from_class_or_interface_key": "_KfSpYO3MEDu1_6NJVgE_Vw",
      "from_method_name": null,
      "from_method_key": null,
      "to_file_path": "./Day",
      "to_class_or_interface_key": "_QJBBQNMNEDuUQ55tuA2mHw",
      "to_class_or_interface_name": "Weight_day",
      "to_method_key": null,
      "to_method_name": null,
      "data_clump_type": "fields_to_fields_data_clump",
      "data_clump_data": {
        "_KfSpYe3MEDu1_6NJVgE_Vw": {
          "key": "_KfSpYe3MEDu1_6NJVgE_Vw",
          "name": "id",
          "type": null,
          "probability": 1,
          "modifiers": [
            "public"
          ],
          "to_variable": {
            "key": "_H3VfsOmaEDu45L6XfEwkCg",
            "name": "id",
            "type": null,
            "modifiers": [
              "public"
            ],
            "position": {}
          },
          "position": {}
        },
        "_KfSpYu3MEDu1_6NJVgE_Vw": {
          "key": "_KfSpYu3MEDu1_6NJVgE_Vw",
          "name": "usuario_id",
          "type": null,
          "probability": 1,
          "modifiers": [
            "public"
          ],
          "to_variable": {
            "key": "_RdeSwNMNEDuUQ55tuA2mHw",
            "name": "usuario_id",
            "type": null,
            "modifiers": [
              "public"
            ],
            "position": {}
          },
          "position": {}
        },
        "_KfTQcO3MEDu1_6NJVgE_Vw": {
          "key": "_KfTQcO3MEDu1_6NJVgE_Vw",
          "name": "fecha",
          "type": null,
          "probability": 1,
          "modifiers": [
            "public"
          ],
          "to_variable": {
            "key": "_SwojwNMNEDuUQ55tuA2mHw",
            "name": "fecha",
            "type": null,
            "modifiers": [
              "public"
            ],
            "position": {}
          },
          "position": {}
        },
        "_KfTQce3MEDu1_6NJVgE_Vw": {
          "key": "_KfTQce3MEDu1_6NJVgE_Vw",
          "name": "breakfast",
          "type": null,
          "probability": 1,
          "modifiers": [
            "public"
          ],
          "to_variable": {
            "key": "_U6t1sNMNEDuUQ55tuA2mHw",
            "name": "breakfast",
            "type": null,
            "modifiers": [
              "public"
            ],
            "position": {}
          },
          "position": {}
        },
        "_KfTQcu3MEDu1_6NJVgE_Vw": {
          "key": "_KfTQcu3MEDu1_6NJVgE_Vw",
          "name": "lunch",
          "type": null,
          "probability": 1,
          "modifiers": [
            "public"
          ],
          "to_variable": {
            "key": "_bM3JMNMNEDuUQ55tuA2mHw",
            "name": "lunch",
            "type": null,
            "modifiers": [
              "public"
            ],
            "position": {}
          },
          "position": {}
        },
        "_KfTQc-3MEDu1_6NJVgE_Vw": {
          "key": "_KfTQc-3MEDu1_6NJVgE_Vw",
          "name": "dinner",
          "type": null,
          "probability": 1,
          "modifiers": [
            "public"
          ],
          "to_variable": {
            "key": "_bZ7U0NMNEDuUQ55tuA2mHw",
            "name": "dinner",
            "type": null,
            "modifiers": [
              "public"
            ],
            "position": {}
          },
          "position": {}
        },
        "_KfTQdO3MEDu1_6NJVgE_Vw": {
          "key": "_KfTQdO3MEDu1_6NJVgE_Vw",
          "name": "snack",
          "type": null,
          "probability": 1,
          "modifiers": [
            "public"
          ],
          "to_variable": {
            "key": "_bcsU8NMNEDuUQ55tuA2mHw",
            "name": "snack",
            "type": null,
            "modifiers": [
              "public"
            ],
            "position": {}
          },
          "position": {}
        },
        "_KfTQdu3MEDu1_6NJVgE_Vw": {
          "key": "_KfTQdu3MEDu1_6NJVgE_Vw",
          "name": "attribute",
          "type": null,
          "probability": 1,
          "modifiers": [
            "public"
          ],
          "to_variable": {
            "key": "_JooHIO3MEDu1_6NJVgE_Vw",
            "name": "attribute",
            "type": null,
            "modifiers": [
              "public"
            ],
            "position": {}
          },
          "position": {}
        }
      }
    },
    "fields_to_fields_data_clump-./rol-_1XQmoOINEDuHVN2oB7hIPw-_oyAWUOINEDuHVN2oB7hIPw-idusernameemailpassword": {
      "type": "data_clump",
      "key": "fields_to_fields_data_clump-./rol-_1XQmoOINEDuHVN2oB7hIPw-_oyAWUOINEDuHVN2oB7hIPw-idusernameemailpassword",
      "probability": 1,
      "from_file_path": "./rol",
      "from_class_or_interface_name": "rol",
      "from_class_or_interface_key": "_1XQmoOINEDuHVN2oB7hIPw",
      "from_method_name": null,
      "from_method_key": null,
      "to_file_path": "./user_roles",
      "to_class_or_interface_key": "_oyAWUOINEDuHVN2oB7hIPw",
      "to_class_or_interface_name": "rol",
      "to_method_key": null,
      "to_method_name": null,
      "data_clump_type": "fields_to_fields_data_clump",
      "data_clump_data": {
        "_1XRNs-INEDuHVN2oB7hIPw": {
          "key": "_1XRNs-INEDuHVN2oB7hIPw",
          "name": "id",
          "type": null,
          "probability": 1,
          "modifiers": [
            "public"
          ],
          "to_variable": {
            "key": "_oyAWUeINEDuHVN2oB7hIPw",
            "name": "id",
            "type": null,
            "modifiers": [
              "public"
            ],
            "position": {}
          },
          "position": {}
        },
        "_1XQmo-INEDuHVN2oB7hIPw": {
          "key": "_1XQmo-INEDuHVN2oB7hIPw",
          "name": "username",
          "type": null,
          "probability": 1,
          "modifiers": [
            "public"
          ],
          "to_variable": {
            "key": "_oyAWU-INEDuHVN2oB7hIPw",
            "name": "username",
            "type": null,
            "modifiers": [
              "public"
            ],
            "position": {}
          },
          "position": {}
        },
        "_1XRNsOINEDuHVN2oB7hIPw": {
          "key": "_1XRNsOINEDuHVN2oB7hIPw",
          "name": "email",
          "type": null,
          "probability": 1,
          "modifiers": [
            "public"
          ],
          "to_variable": {
            "key": "_oyAWVOINEDuHVN2oB7hIPw",
            "name": "email",
            "type": null,
            "modifiers": [
              "public"
            ],
            "position": {}
          },
          "position": {}
        },
        "_1XRNseINEDuHVN2oB7hIPw": {
          "key": "_1XRNseINEDuHVN2oB7hIPw",
          "name": "password",
          "type": null,
          "probability": 1,
          "modifiers": [
            "public"
          ],
          "to_variable": {
            "key": "_oyAWVeINEDuHVN2oB7hIPw",
            "name": "password",
            "type": null,
            "modifiers": [
              "public"
            ],
            "position": {}
          },
          "position": {}
        }
      }
    },
    "fields_to_fields_data_clump-./user_roles-_oyAWUOINEDuHVN2oB7hIPw-_1XQmoOINEDuHVN2oB7hIPw-idusernameemailpassword": {
      "type": "data_clump",
      "key": "fields_to_fields_data_clump-./user_roles-_oyAWUOINEDuHVN2oB7hIPw-_1XQmoOINEDuHVN2oB7hIPw-idusernameemailpassword",
      "probability": 1,
      "from_file_path": "./user_roles",
      "from_class_or_interface_name": "user_roles",
      "from_class_or_interface_key": "_oyAWUOINEDuHVN2oB7hIPw",
      "from_method_name": null,
      "from_method_key": null,
      "to_file_path": "./rol",
      "to_class_or_interface_key": "_1XQmoOINEDuHVN2oB7hIPw",
      "to_class_or_interface_name": "user_roles",
      "to_method_key": null,
      "to_method_name": null,
      "data_clump_type": "fields_to_fields_data_clump",
      "data_clump_data": {
        "_oyAWUeINEDuHVN2oB7hIPw": {
          "key": "_oyAWUeINEDuHVN2oB7hIPw",
          "name": "id",
          "type": null,
          "probability": 1,
          "modifiers": [
            "public"
          ],
          "to_variable": {
            "key": "_1XRNs-INEDuHVN2oB7hIPw",
            "name": "id",
            "type": null,
            "modifiers": [
              "public"
            ],
            "position": {}
          },
          "position": {}
        },
        "_oyAWU-INEDuHVN2oB7hIPw": {
          "key": "_oyAWU-INEDuHVN2oB7hIPw",
          "name": "username",
          "type": null,
          "probability": 1,
          "modifiers": [
            "public"
          ],
          "to_variable": {
            "key": "_1XQmo-INEDuHVN2oB7hIPw",
            "name": "username",
            "type": null,
            "modifiers": [
              "public"
            ],
            "position": {}
          },
          "position": {}
        },
        "_oyAWVOINEDuHVN2oB7hIPw": {
          "key": "_oyAWVOINEDuHVN2oB7hIPw",
          "name": "email",
          "type": null,
          "probability": 1,
          "modifiers": [
            "public"
          ],
          "to_variable": {
            "key": "_1XRNsOINEDuHVN2oB7hIPw",
            "name": "email",
            "type": null,
            "modifiers": [
              "public"
            ],
            "position": {}
          },
          "position": {}
        },
        "_oyAWVeINEDuHVN2oB7hIPw": {
          "key": "_oyAWVeINEDuHVN2oB7hIPw",
          "name": "password",
          "type": null,
          "probability": 1,
          "modifiers": [
            "public"
          ],
          "to_variable": {
            "key": "_1XRNseINEDuHVN2oB7hIPw",
            "name": "password",
            "type": null,
            "modifiers": [
              "public"
            ],
            "position": {}
          },
          "position": {}
        }
      }
    }
  }
}