{
  "report_version": "unknown",
  "report_timestamp": "2025-03-26T21:48:48.444Z",
  "target_language": "java",
  "report_summary": {
    "additional": null,
    "amount_classes_or_interfaces_with_data_clumps": 2,
    "amount_files_with_data_clumps": 2,
    "amount_methods_with_data_clumps": 0,
    "fields_to_fields_data_clump": 2,
    "parameters_to_fields_data_clump": 0,
    "parameters_to_parameters_data_clump": 0,
    "amount_data_clumps": 2
  },
  "project_info": {
    "project_url": "unknown_project_url",
    "project_name": "_OKJS8M11Eei1GrjyiKWeTA",
    "project_version": "unknown_project_version",
    "project_commit_hash": "unknown",
    "project_tag": null,
    "project_commit_date": null,
    "additional": {},
    "number_of_files": 6,
    "number_of_classes_or_interfaces": 6,
    "number_of_methods": 23,
    "number_of_data_fields": 31,
    "number_of_method_parameters": 0
  },
  "detector": {
    "name": "data-clumps-doctor",
    "url": "https://github.com/NilsBaumgartner1994/data-clumps-doctor",
    "version": "0.1.100",
    "options": {
      "typeVariablesConsidered": false,
      "similarityModifierOfVariablesWithUnknownType": 0,
      "fieldsOfClassesWithUnknownHierarchyProbabilityModifier": 0,
      "sharedFieldsToFieldsAmountMinimum": 3,
      "analyseFieldsInClassesOrInterfacesInheritedFromSuperClassesOrInterfaces": false,
      "sharedParametersToParametersAmountMinimum": 3,
      "sharedParametersToFieldsAmountMinimum": 3,
      "methodsOfClassesOrInterfacesWithUnknownHierarchyProbabilityModifier": 0
    }
  },
  "data_clumps": {
    "fields_to_fields_data_clump-./BMF-_LKGLkK-jEDawu_2twFb1PQ-_bOpNQa-jEDawu_2twFb1PQ-idnombrelocalizacion": {
      "type": "data_clump",
      "key": "fields_to_fields_data_clump-./BMF-_LKGLkK-jEDawu_2twFb1PQ-_bOpNQa-jEDawu_2twFb1PQ-idnombrelocalizacion",
      "probability": 1,
      "from_file_path": "./BMF",
      "from_class_or_interface_name": "BMF",
      "from_class_or_interface_key": "_LKGLkK-jEDawu_2twFb1PQ",
      "from_method_name": null,
      "from_method_key": null,
      "to_file_path": "./ETEP",
      "to_class_or_interface_key": "_bOpNQa-jEDawu_2twFb1PQ",
      "to_class_or_interface_name": "BMF",
      "to_method_key": null,
      "to_method_name": null,
      "data_clump_type": "fields_to_fields_data_clump",
      "data_clump_data": {
        "_Ry6nwK-lEDawu_2twFb1PQ": {
          "key": "_Ry6nwK-lEDawu_2twFb1PQ",
          "name": "id",
          "type": null,
          "probability": 1,
          "modifiers": [],
          "to_variable": {
            "key": "_Z9W5oa-lEDawu_2twFb1PQ",
            "name": "id",
            "type": null,
            "modifiers": [],
            "position": {}
          },
          "position": {}
        },
        "_TGDqoa-lEDawu_2twFb1PQ": {
          "key": "_TGDqoa-lEDawu_2twFb1PQ",
          "name": "nombre",
          "type": null,
          "probability": 1,
          "modifiers": [],
          "to_variable": {
            "key": "_a1DWoa-lEDawu_2twFb1PQ",
            "name": "nombre",
            "type": null,
            "modifiers": [],
            "position": {}
          },
          "position": {}
        },
        "_UaixUK-lEDawu_2twFb1PQ": {
          "key": "_UaixUK-lEDawu_2twFb1PQ",
          "name": "localizacion",
          "type": null,
          "probability": 1,
          "modifiers": [],
          "to_variable": {
            "key": "_eS6koK-lEDawu_2twFb1PQ",
            "name": "localizacion",
            "type": null,
            "modifiers": [],
            "position": {}
          },
          "position": {}
        }
      }
    },
    "fields_to_fields_data_clump-./ETEP-_bOpNQa-jEDawu_2twFb1PQ-_LKGLkK-jEDawu_2twFb1PQ-idnombrelocalizacion": {
      "type": "data_clump",
      "key": "fields_to_fields_data_clump-./ETEP-_bOpNQa-jEDawu_2twFb1PQ-_LKGLkK-jEDawu_2twFb1PQ-idnombrelocalizacion",
      "probability": 1,
      "from_file_path": "./ETEP",
      "from_class_or_interface_name": "ETEP",
      "from_class_or_interface_key": "_bOpNQa-jEDawu_2twFb1PQ",
      "from_method_name": null,
      "from_method_key": null,
      "to_file_path": "./BMF",
      "to_class_or_interface_key": "_LKGLkK-jEDawu_2twFb1PQ",
      "to_class_or_interface_name": "ETEP",
      "to_method_key": null,
      "to_method_name": null,
      "data_clump_type": "fields_to_fields_data_clump",
      "data_clump_data": {
        "_Z9W5oa-lEDawu_2twFb1PQ": {
          "key": "_Z9W5oa-lEDawu_2twFb1PQ",
          "name": "id",
          "type": null,
          "probability": 1,
          "modifiers": [],
          "to_variable": {
            "key": "_Ry6nwK-lEDawu_2twFb1PQ",
            "name": "id",
            "type": null,
            "modifiers": [],
            "position": {}
          },
          "position": {}
        },
        "_a1DWoa-lEDawu_2twFb1PQ": {
          "key": "_a1DWoa-lEDawu_2twFb1PQ",
          "name": "nombre",
          "type": null,
          "probability": 1,
          "modifiers": [],
          "to_variable": {
            "key": "_TGDqoa-lEDawu_2twFb1PQ",
            "name": "nombre",
            "type": null,
            "modifiers": [],
            "position": {}
          },
          "position": {}
        },
        "_eS6koK-lEDawu_2twFb1PQ": {
          "key": "_eS6koK-lEDawu_2twFb1PQ",
          "name": "localizacion",
          "type": null,
          "probability": 1,
          "modifiers": [],
          "to_variable": {
            "key": "_UaixUK-lEDawu_2twFb1PQ",
            "name": "localizacion",
            "type": null,
            "modifiers": [],
            "position": {}
          },
          "position": {}
        }
      }
    }
  }
}