{
  "report_version": "unknown",
  "report_timestamp": "2025-03-26T23:09:25.496Z",
  "target_language": "java",
  "report_summary": {
    "additional": null,
    "amount_classes_or_interfaces_with_data_clumps": 12,
    "amount_files_with_data_clumps": 12,
    "amount_methods_with_data_clumps": 0,
    "fields_to_fields_data_clump": 22,
    "parameters_to_fields_data_clump": 0,
    "parameters_to_parameters_data_clump": 0,
    "amount_data_clumps": 22
  },
  "project_info": {
    "project_url": "unknown_project_url",
    "project_name": "_pw40YNXyEeuFXsdIJsX7HQ",
    "project_version": "unknown_project_version",
    "project_commit_hash": "unknown",
    "project_tag": null,
    "project_commit_date": null,
    "additional": {},
    "number_of_files": 17,
    "number_of_classes_or_interfaces": 17,
    "number_of_methods": 0,
    "number_of_data_fields": 83,
    "number_of_method_parameters": 0
  },
  "detector": {
    "name": "data-clumps-doctor",
    "url": "https://github.com/NilsBaumgartner1994/data-clumps-doctor",
    "version": "0.1.100",
    "options": {
      "typeVariablesConsidered": false,
      "similarityModifierOfVariablesWithUnknownType": 0,
      "fieldsOfClassesWithUnknownHierarchyProbabilityModifier": 0,
      "sharedFieldsToFieldsAmountMinimum": 3,
      "analyseFieldsInClassesOrInterfacesInheritedFromSuperClassesOrInterfaces": false,
      "sharedParametersToParametersAmountMinimum": 3,
      "sharedParametersToFieldsAmountMinimum": 3,
      "methodsOfClassesOrInterfacesWithUnknownHierarchyProbabilityModifier": 0
    }
  },
  "data_clumps": {
    "fields_to_fields_data_clump-./Afiliado-_pxR279XyEeuFXsdIJsX7HQ-_pxR2ttXyEeuFXsdIJsX7HQ-tipoDocumentoidentificacionnombrecorreo": {
      "type": "data_clump",
      "key": "fields_to_fields_data_clump-./Afiliado-_pxR279XyEeuFXsdIJsX7HQ-_pxR2ttXyEeuFXsdIJsX7HQ-tipoDocumentoidentificacionnombrecorreo",
      "probability": 1,
      "from_file_path": "./Afiliado",
      "from_class_or_interface_name": "Afiliado",
      "from_class_or_interface_key": "_pxR279XyEeuFXsdIJsX7HQ",
      "from_method_name": null,
      "from_method_key": null,
      "to_file_path": "./Empleado",
      "to_class_or_interface_key": "_pxR2ttXyEeuFXsdIJsX7HQ",
      "to_class_or_interface_name": "Afiliado",
      "to_method_key": null,
      "to_method_name": null,
      "data_clump_type": "fields_to_fields_data_clump",
      "data_clump_data": {
        "_pxR28NXyEeuFXsdIJsX7HQ": {
          "key": "_pxR28NXyEeuFXsdIJsX7HQ",
          "name": "tipoDocumento",
          "type": null,
          "probability": 1,
          "modifiers": [
            "private"
          ],
          "to_variable": {
            "key": "_pxR2t9XyEeuFXsdIJsX7HQ",
            "name": "tipoDocumento",
            "type": null,
            "modifiers": [
              "private"
            ],
            "position": {}
          },
          "position": {}
        },
        "_pxR28dXyEeuFXsdIJsX7HQ": {
          "key": "_pxR28dXyEeuFXsdIJsX7HQ",
          "name": "identificacion",
          "type": null,
          "probability": 1,
          "modifiers": [
            "private"
          ],
          "to_variable": {
            "key": "_pxR2uNXyEeuFXsdIJsX7HQ",
            "name": "identificacion",
            "type": null,
            "modifiers": [
              "private"
            ],
            "position": {}
          },
          "position": {}
        },
        "_pxR28tXyEeuFXsdIJsX7HQ": {
          "key": "_pxR28tXyEeuFXsdIJsX7HQ",
          "name": "nombre",
          "type": null,
          "probability": 1,
          "modifiers": [
            "private"
          ],
          "to_variable": {
            "key": "_pxR2udXyEeuFXsdIJsX7HQ",
            "name": "nombre",
            "type": null,
            "modifiers": [
              "private"
            ],
            "position": {}
          },
          "position": {}
        },
        "_pxR29tXyEeuFXsdIJsX7HQ": {
          "key": "_pxR29tXyEeuFXsdIJsX7HQ",
          "name": "correo",
          "type": null,
          "probability": 1,
          "modifiers": [
            "private"
          ],
          "to_variable": {
            "key": "_pxR2utXyEeuFXsdIJsX7HQ",
            "name": "correo",
            "type": null,
            "modifiers": [
              "private"
            ],
            "position": {}
          },
          "position": {}
        }
      }
    },
    "fields_to_fields_data_clump-./Afiliado-_pxR279XyEeuFXsdIJsX7HQ-_pxR23tXyEeuFXsdIJsX7HQ-tipoDocumentonombretelefonocorreo": {
      "type": "data_clump",
      "key": "fields_to_fields_data_clump-./Afiliado-_pxR279XyEeuFXsdIJsX7HQ-_pxR23tXyEeuFXsdIJsX7HQ-tipoDocumentonombretelefonocorreo",
      "probability": 1,
      "from_file_path": "./Afiliado",
      "from_class_or_interface_name": "Afiliado",
      "from_class_or_interface_key": "_pxR279XyEeuFXsdIJsX7HQ",
      "from_method_name": null,
      "from_method_key": null,
      "to_file_path": "./Medico",
      "to_class_or_interface_key": "_pxR23tXyEeuFXsdIJsX7HQ",
      "to_class_or_interface_name": "Afiliado",
      "to_method_key": null,
      "to_method_name": null,
      "data_clump_type": "fields_to_fields_data_clump",
      "data_clump_data": {
        "_pxR28NXyEeuFXsdIJsX7HQ": {
          "key": "_pxR28NXyEeuFXsdIJsX7HQ",
          "name": "tipoDocumento",
          "type": null,
          "probability": 1,
          "modifiers": [
            "private"
          ],
          "to_variable": {
            "key": "_pxR24NXyEeuFXsdIJsX7HQ",
            "name": "tipoDocumento",
            "type": null,
            "modifiers": [
              "private"
            ],
            "position": {}
          },
          "position": {}
        },
        "_pxR28tXyEeuFXsdIJsX7HQ": {
          "key": "_pxR28tXyEeuFXsdIJsX7HQ",
          "name": "nombre",
          "type": null,
          "probability": 1,
          "modifiers": [
            "private"
          ],
          "to_variable": {
            "key": "_pxR24dXyEeuFXsdIJsX7HQ",
            "name": "nombre",
            "type": null,
            "modifiers": [
              "private"
            ],
            "position": {}
          },
          "position": {}
        },
        "_pxR29NXyEeuFXsdIJsX7HQ": {
          "key": "_pxR29NXyEeuFXsdIJsX7HQ",
          "name": "telefono",
          "type": null,
          "probability": 1,
          "modifiers": [
            "private"
          ],
          "to_variable": {
            "key": "_pxR25NXyEeuFXsdIJsX7HQ",
            "name": "telefono",
            "type": null,
            "modifiers": [
              "private"
            ],
            "position": {}
          },
          "position": {}
        },
        "_pxR29tXyEeuFXsdIJsX7HQ": {
          "key": "_pxR29tXyEeuFXsdIJsX7HQ",
          "name": "correo",
          "type": null,
          "probability": 1,
          "modifiers": [
            "private"
          ],
          "to_variable": {
            "key": "_pxR249XyEeuFXsdIJsX7HQ",
            "name": "correo",
            "type": null,
            "modifiers": [
              "private"
            ],
            "position": {}
          },
          "position": {}
        }
      }
    },
    "fields_to_fields_data_clump-./Afiliado-_pxR279XyEeuFXsdIJsX7HQ-_pxSdfNXyEeuFXsdIJsX7HQ-tipoDocumentoidentificacionnombrecorreo": {
      "type": "data_clump",
      "key": "fields_to_fields_data_clump-./Afiliado-_pxR279XyEeuFXsdIJsX7HQ-_pxSdfNXyEeuFXsdIJsX7HQ-tipoDocumentoidentificacionnombrecorreo",
      "probability": 1,
      "from_file_path": "./Afiliado",
      "from_class_or_interface_name": "Afiliado",
      "from_class_or_interface_key": "_pxR279XyEeuFXsdIJsX7HQ",
      "from_method_name": null,
      "from_method_key": null,
      "to_file_path": "./Organizador",
      "to_class_or_interface_key": "_pxSdfNXyEeuFXsdIJsX7HQ",
      "to_class_or_interface_name": "Afiliado",
      "to_method_key": null,
      "to_method_name": null,
      "data_clump_type": "fields_to_fields_data_clump",
      "data_clump_data": {
        "_pxR28NXyEeuFXsdIJsX7HQ": {
          "key": "_pxR28NXyEeuFXsdIJsX7HQ",
          "name": "tipoDocumento",
          "type": null,
          "probability": 1,
          "modifiers": [
            "private"
          ],
          "to_variable": {
            "key": "_pxSdfdXyEeuFXsdIJsX7HQ",
            "name": "tipoDocumento",
            "type": null,
            "modifiers": [
              "private"
            ],
            "position": {}
          },
          "position": {}
        },
        "_pxR28dXyEeuFXsdIJsX7HQ": {
          "key": "_pxR28dXyEeuFXsdIJsX7HQ",
          "name": "identificacion",
          "type": null,
          "probability": 1,
          "modifiers": [
            "private"
          ],
          "to_variable": {
            "key": "_pxSdftXyEeuFXsdIJsX7HQ",
            "name": "identificacion",
            "type": null,
            "modifiers": [
              "private"
            ],
            "position": {}
          },
          "position": {}
        },
        "_pxR28tXyEeuFXsdIJsX7HQ": {
          "key": "_pxR28tXyEeuFXsdIJsX7HQ",
          "name": "nombre",
          "type": null,
          "probability": 1,
          "modifiers": [
            "private"
          ],
          "to_variable": {
            "key": "_pxSdf9XyEeuFXsdIJsX7HQ",
            "name": "nombre",
            "type": null,
            "modifiers": [
              "private"
            ],
            "position": {}
          },
          "position": {}
        },
        "_pxR29tXyEeuFXsdIJsX7HQ": {
          "key": "_pxR29tXyEeuFXsdIJsX7HQ",
          "name": "correo",
          "type": null,
          "probability": 1,
          "modifiers": [
            "private"
          ],
          "to_variable": {
            "key": "_pxSdgNXyEeuFXsdIJsX7HQ",
            "name": "correo",
            "type": null,
            "modifiers": [
              "private"
            ],
            "position": {}
          },
          "position": {}
        }
      }
    },
    "fields_to_fields_data_clump-./Campaña-_pxSdZtXyEeuFXsdIJsX7HQ-_pxSdV9XyEeuFXsdIJsX7HQ-codigofechaIniciofechaFinhoraIniciohoraFin": {
      "type": "data_clump",
      "key": "fields_to_fields_data_clump-./Campaña-_pxSdZtXyEeuFXsdIJsX7HQ-_pxSdV9XyEeuFXsdIJsX7HQ-codigofechaIniciofechaFinhoraIniciohoraFin",
      "probability": 1,
      "from_file_path": "./Campaña",
      "from_class_or_interface_name": "Campaña",
      "from_class_or_interface_key": "_pxSdZtXyEeuFXsdIJsX7HQ",
      "from_method_name": null,
      "from_method_key": null,
      "to_file_path": "./CierreTemporal",
      "to_class_or_interface_key": "_pxSdV9XyEeuFXsdIJsX7HQ",
      "to_class_or_interface_name": "Campaña",
      "to_method_key": null,
      "to_method_name": null,
      "data_clump_type": "fields_to_fields_data_clump",
      "data_clump_data": {
        "_pxSdZ9XyEeuFXsdIJsX7HQ": {
          "key": "_pxSdZ9XyEeuFXsdIJsX7HQ",
          "name": "codigo",
          "type": null,
          "probability": 1,
          "modifiers": [
            "private"
          ],
          "to_variable": {
            "key": "_pxSdWNXyEeuFXsdIJsX7HQ",
            "name": "codigo",
            "type": null,
            "modifiers": [
              "private"
            ],
            "position": {}
          },
          "position": {}
        },
        "_pxSdadXyEeuFXsdIJsX7HQ": {
          "key": "_pxSdadXyEeuFXsdIJsX7HQ",
          "name": "fechaInicio",
          "type": null,
          "probability": 1,
          "modifiers": [
            "private"
          ],
          "to_variable": {
            "key": "_pxSdWtXyEeuFXsdIJsX7HQ",
            "name": "fechaInicio",
            "type": null,
            "modifiers": [
              "private"
            ],
            "position": {}
          },
          "position": {}
        },
        "_pxSdatXyEeuFXsdIJsX7HQ": {
          "key": "_pxSdatXyEeuFXsdIJsX7HQ",
          "name": "fechaFin",
          "type": null,
          "probability": 1,
          "modifiers": [
            "private"
          ],
          "to_variable": {
            "key": "_pxSdW9XyEeuFXsdIJsX7HQ",
            "name": "fechaFin",
            "type": null,
            "modifiers": [
              "private"
            ],
            "position": {}
          },
          "position": {}
        },
        "_pxSda9XyEeuFXsdIJsX7HQ": {
          "key": "_pxSda9XyEeuFXsdIJsX7HQ",
          "name": "horaInicio",
          "type": null,
          "probability": 1,
          "modifiers": [
            "private"
          ],
          "to_variable": {
            "key": "_pxSdXNXyEeuFXsdIJsX7HQ",
            "name": "horaInicio",
            "type": null,
            "modifiers": [
              "private"
            ],
            "position": {}
          },
          "position": {}
        },
        "_pxSdbNXyEeuFXsdIJsX7HQ": {
          "key": "_pxSdbNXyEeuFXsdIJsX7HQ",
          "name": "horaFin",
          "type": null,
          "probability": 1,
          "modifiers": [
            "private"
          ],
          "to_variable": {
            "key": "_pxSdXdXyEeuFXsdIJsX7HQ",
            "name": "horaFin",
            "type": null,
            "modifiers": [
              "private"
            ],
            "position": {}
          },
          "position": {}
        }
      }
    },
    "fields_to_fields_data_clump-./CierreTemporal-_pxSdV9XyEeuFXsdIJsX7HQ-_pxSdZtXyEeuFXsdIJsX7HQ-codigofechaIniciofechaFinhoraIniciohoraFin": {
      "type": "data_clump",
      "key": "fields_to_fields_data_clump-./CierreTemporal-_pxSdV9XyEeuFXsdIJsX7HQ-_pxSdZtXyEeuFXsdIJsX7HQ-codigofechaIniciofechaFinhoraIniciohoraFin",
      "probability": 1,
      "from_file_path": "./CierreTemporal",
      "from_class_or_interface_name": "CierreTemporal",
      "from_class_or_interface_key": "_pxSdV9XyEeuFXsdIJsX7HQ",
      "from_method_name": null,
      "from_method_key": null,
      "to_file_path": "./Campaña",
      "to_class_or_interface_key": "_pxSdZtXyEeuFXsdIJsX7HQ",
      "to_class_or_interface_name": "CierreTemporal",
      "to_method_key": null,
      "to_method_name": null,
      "data_clump_type": "fields_to_fields_data_clump",
      "data_clump_data": {
        "_pxSdWNXyEeuFXsdIJsX7HQ": {
          "key": "_pxSdWNXyEeuFXsdIJsX7HQ",
          "name": "codigo",
          "type": null,
          "probability": 1,
          "modifiers": [
            "private"
          ],
          "to_variable": {
            "key": "_pxSdZ9XyEeuFXsdIJsX7HQ",
            "name": "codigo",
            "type": null,
            "modifiers": [
              "private"
            ],
            "position": {}
          },
          "position": {}
        },
        "_pxSdWtXyEeuFXsdIJsX7HQ": {
          "key": "_pxSdWtXyEeuFXsdIJsX7HQ",
          "name": "fechaInicio",
          "type": null,
          "probability": 1,
          "modifiers": [
            "private"
          ],
          "to_variable": {
            "key": "_pxSdadXyEeuFXsdIJsX7HQ",
            "name": "fechaInicio",
            "type": null,
            "modifiers": [
              "private"
            ],
            "position": {}
          },
          "position": {}
        },
        "_pxSdW9XyEeuFXsdIJsX7HQ": {
          "key": "_pxSdW9XyEeuFXsdIJsX7HQ",
          "name": "fechaFin",
          "type": null,
          "probability": 1,
          "modifiers": [
            "private"
          ],
          "to_variable": {
            "key": "_pxSdatXyEeuFXsdIJsX7HQ",
            "name": "fechaFin",
            "type": null,
            "modifiers": [
              "private"
            ],
            "position": {}
          },
          "position": {}
        },
        "_pxSdXNXyEeuFXsdIJsX7HQ": {
          "key": "_pxSdXNXyEeuFXsdIJsX7HQ",
          "name": "horaInicio",
          "type": null,
          "probability": 1,
          "modifiers": [
            "private"
          ],
          "to_variable": {
            "key": "_pxSda9XyEeuFXsdIJsX7HQ",
            "name": "horaInicio",
            "type": null,
            "modifiers": [
              "private"
            ],
            "position": {}
          },
          "position": {}
        },
        "_pxSdXdXyEeuFXsdIJsX7HQ": {
          "key": "_pxSdXdXyEeuFXsdIJsX7HQ",
          "name": "horaFin",
          "type": null,
          "probability": 1,
          "modifiers": [
            "private"
          ],
          "to_variable": {
            "key": "_pxSdbNXyEeuFXsdIJsX7HQ",
            "name": "horaFin",
            "type": null,
            "modifiers": [
              "private"
            ],
            "position": {}
          },
          "position": {}
        }
      }
    },
    "fields_to_fields_data_clump-./Consulta-_pxRP29XyEeuFXsdIJsX7HQ-_pxSdLNXyEeuFXsdIJsX7HQ-duracionfechacodigotriagetipo": {
      "type": "data_clump",
      "key": "fields_to_fields_data_clump-./Consulta-_pxRP29XyEeuFXsdIJsX7HQ-_pxSdLNXyEeuFXsdIJsX7HQ-duracionfechacodigotriagetipo",
      "probability": 1,
      "from_file_path": "./Consulta",
      "from_class_or_interface_name": "Consulta",
      "from_class_or_interface_key": "_pxRP29XyEeuFXsdIJsX7HQ",
      "from_method_name": null,
      "from_method_key": null,
      "to_file_path": "./RegistroServicio",
      "to_class_or_interface_key": "_pxSdLNXyEeuFXsdIJsX7HQ",
      "to_class_or_interface_name": "Consulta",
      "to_method_key": null,
      "to_method_name": null,
      "data_clump_type": "fields_to_fields_data_clump",
      "data_clump_data": {
        "_pxRP3dXyEeuFXsdIJsX7HQ": {
          "key": "_pxRP3dXyEeuFXsdIJsX7HQ",
          "name": "duracion",
          "type": null,
          "probability": 1,
          "modifiers": [
            "private"
          ],
          "to_variable": {
            "key": "_pxSdLdXyEeuFXsdIJsX7HQ",
            "name": "duracion",
            "type": null,
            "modifiers": [
              "private"
            ],
            "position": {}
          },
          "position": {}
        },
        "_pxRP3tXyEeuFXsdIJsX7HQ": {
          "key": "_pxRP3tXyEeuFXsdIJsX7HQ",
          "name": "fecha",
          "type": null,
          "probability": 1,
          "modifiers": [
            "private"
          ],
          "to_variable": {
            "key": "_pxSdLtXyEeuFXsdIJsX7HQ",
            "name": "fecha",
            "type": null,
            "modifiers": [
              "private"
            ],
            "position": {}
          },
          "position": {}
        },
        "_pxRP4NXyEeuFXsdIJsX7HQ": {
          "key": "_pxRP4NXyEeuFXsdIJsX7HQ",
          "name": "codigo",
          "type": null,
          "probability": 1,
          "modifiers": [
            "private"
          ],
          "to_variable": {
            "key": "_pxSdMtXyEeuFXsdIJsX7HQ",
            "name": "codigo",
            "type": null,
            "modifiers": [
              "private"
            ],
            "position": {}
          },
          "position": {}
        },
        "_pxRP4dXyEeuFXsdIJsX7HQ": {
          "key": "_pxRP4dXyEeuFXsdIJsX7HQ",
          "name": "triage",
          "type": null,
          "probability": 1,
          "modifiers": [
            "private"
          ],
          "to_variable": {
            "key": "_pxSdMdXyEeuFXsdIJsX7HQ",
            "name": "triage",
            "type": null,
            "modifiers": [
              "private"
            ],
            "position": {}
          },
          "position": {}
        },
        "_pxRP4tXyEeuFXsdIJsX7HQ": {
          "key": "_pxRP4tXyEeuFXsdIJsX7HQ",
          "name": "tipo",
          "type": null,
          "probability": 1,
          "modifiers": [
            "private"
          ],
          "to_variable": {
            "key": "_pxSdM9XyEeuFXsdIJsX7HQ",
            "name": "tipo",
            "type": null,
            "modifiers": [
              "private"
            ],
            "position": {}
          },
          "position": {}
        }
      }
    },
    "fields_to_fields_data_clump-./Consulta-_pxRP29XyEeuFXsdIJsX7HQ-_pxR2rtXyEeuFXsdIJsX7HQ-requiereOrdenrequiereReservacodigotipo": {
      "type": "data_clump",
      "key": "fields_to_fields_data_clump-./Consulta-_pxRP29XyEeuFXsdIJsX7HQ-_pxR2rtXyEeuFXsdIJsX7HQ-requiereOrdenrequiereReservacodigotipo",
      "probability": 1,
      "from_file_path": "./Consulta",
      "from_class_or_interface_name": "Consulta",
      "from_class_or_interface_key": "_pxRP29XyEeuFXsdIJsX7HQ",
      "from_method_name": null,
      "from_method_key": null,
      "to_file_path": "./Servicio",
      "to_class_or_interface_key": "_pxR2rtXyEeuFXsdIJsX7HQ",
      "to_class_or_interface_name": "Consulta",
      "to_method_key": null,
      "to_method_name": null,
      "data_clump_type": "fields_to_fields_data_clump",
      "data_clump_data": {
        "_pxRP3NXyEeuFXsdIJsX7HQ": {
          "key": "_pxRP3NXyEeuFXsdIJsX7HQ",
          "name": "requiereOrden",
          "type": null,
          "probability": 1,
          "modifiers": [
            "private"
          ],
          "to_variable": {
            "key": "_pxR2tNXyEeuFXsdIJsX7HQ",
            "name": "requiereOrden",
            "type": null,
            "modifiers": [
              "private"
            ],
            "position": {}
          },
          "position": {}
        },
        "_pxRP39XyEeuFXsdIJsX7HQ": {
          "key": "_pxRP39XyEeuFXsdIJsX7HQ",
          "name": "requiereReserva",
          "type": null,
          "probability": 1,
          "modifiers": [
            "private"
          ],
          "to_variable": {
            "key": "_pxR2stXyEeuFXsdIJsX7HQ",
            "name": "requiereReserva",
            "type": null,
            "modifiers": [
              "private"
            ],
            "position": {}
          },
          "position": {}
        },
        "_pxRP4NXyEeuFXsdIJsX7HQ": {
          "key": "_pxRP4NXyEeuFXsdIJsX7HQ",
          "name": "codigo",
          "type": null,
          "probability": 1,
          "modifiers": [
            "private"
          ],
          "to_variable": {
            "key": "_pxR2r9XyEeuFXsdIJsX7HQ",
            "name": "codigo",
            "type": null,
            "modifiers": [
              "private"
            ],
            "position": {}
          },
          "position": {}
        },
        "_pxRP4tXyEeuFXsdIJsX7HQ": {
          "key": "_pxRP4tXyEeuFXsdIJsX7HQ",
          "name": "tipo",
          "type": null,
          "probability": 1,
          "modifiers": [
            "private"
          ],
          "to_variable": {
            "key": "_pxR2sNXyEeuFXsdIJsX7HQ",
            "name": "tipo",
            "type": null,
            "modifiers": [
              "private"
            ],
            "position": {}
          },
          "position": {}
        }
      }
    },
    "fields_to_fields_data_clump-./Diagnostico-_pxR2_NXyEeuFXsdIJsX7HQ-_pxR25tXyEeuFXsdIJsX7HQ-codigofechadescripcion": {
      "type": "data_clump",
      "key": "fields_to_fields_data_clump-./Diagnostico-_pxR2_NXyEeuFXsdIJsX7HQ-_pxR25tXyEeuFXsdIJsX7HQ-codigofechadescripcion",
      "probability": 1,
      "from_file_path": "./Diagnostico",
      "from_class_or_interface_name": "Diagnostico",
      "from_class_or_interface_key": "_pxR2_NXyEeuFXsdIJsX7HQ",
      "from_method_name": null,
      "from_method_key": null,
      "to_file_path": "./Orden",
      "to_class_or_interface_key": "_pxR25tXyEeuFXsdIJsX7HQ",
      "to_class_or_interface_name": "Diagnostico",
      "to_method_key": null,
      "to_method_name": null,
      "data_clump_type": "fields_to_fields_data_clump",
      "data_clump_data": {
        "_pxR2_dXyEeuFXsdIJsX7HQ": {
          "key": "_pxR2_dXyEeuFXsdIJsX7HQ",
          "name": "codigo",
          "type": null,
          "probability": 1,
          "modifiers": [
            "private"
          ],
          "to_variable": {
            "key": "_pxR259XyEeuFXsdIJsX7HQ",
            "name": "codigo",
            "type": null,
            "modifiers": [
              "private"
            ],
            "position": {}
          },
          "position": {}
        },
        "_pxR2_tXyEeuFXsdIJsX7HQ": {
          "key": "_pxR2_tXyEeuFXsdIJsX7HQ",
          "name": "fecha",
          "type": null,
          "probability": 1,
          "modifiers": [
            "private"
          ],
          "to_variable": {
            "key": "_pxR26NXyEeuFXsdIJsX7HQ",
            "name": "fecha",
            "type": null,
            "modifiers": [
              "private"
            ],
            "position": {}
          },
          "position": {}
        },
        "_pxR2_9XyEeuFXsdIJsX7HQ": {
          "key": "_pxR2_9XyEeuFXsdIJsX7HQ",
          "name": "descripcion",
          "type": null,
          "probability": 1,
          "modifiers": [
            "private"
          ],
          "to_variable": {
            "key": "_pxR26dXyEeuFXsdIJsX7HQ",
            "name": "descripcion",
            "type": null,
            "modifiers": [
              "private"
            ],
            "position": {}
          },
          "position": {}
        }
      }
    },
    "fields_to_fields_data_clump-./Empleado-_pxR2ttXyEeuFXsdIJsX7HQ-_pxR279XyEeuFXsdIJsX7HQ-tipoDocumentoidentificacionnombrecorreo": {
      "type": "data_clump",
      "key": "fields_to_fields_data_clump-./Empleado-_pxR2ttXyEeuFXsdIJsX7HQ-_pxR279XyEeuFXsdIJsX7HQ-tipoDocumentoidentificacionnombrecorreo",
      "probability": 1,
      "from_file_path": "./Empleado",
      "from_class_or_interface_name": "Empleado",
      "from_class_or_interface_key": "_pxR2ttXyEeuFXsdIJsX7HQ",
      "from_method_name": null,
      "from_method_key": null,
      "to_file_path": "./Afiliado",
      "to_class_or_interface_key": "_pxR279XyEeuFXsdIJsX7HQ",
      "to_class_or_interface_name": "Empleado",
      "to_method_key": null,
      "to_method_name": null,
      "data_clump_type": "fields_to_fields_data_clump",
      "data_clump_data": {
        "_pxR2t9XyEeuFXsdIJsX7HQ": {
          "key": "_pxR2t9XyEeuFXsdIJsX7HQ",
          "name": "tipoDocumento",
          "type": null,
          "probability": 1,
          "modifiers": [
            "private"
          ],
          "to_variable": {
            "key": "_pxR28NXyEeuFXsdIJsX7HQ",
            "name": "tipoDocumento",
            "type": null,
            "modifiers": [
              "private"
            ],
            "position": {}
          },
          "position": {}
        },
        "_pxR2uNXyEeuFXsdIJsX7HQ": {
          "key": "_pxR2uNXyEeuFXsdIJsX7HQ",
          "name": "identificacion",
          "type": null,
          "probability": 1,
          "modifiers": [
            "private"
          ],
          "to_variable": {
            "key": "_pxR28dXyEeuFXsdIJsX7HQ",
            "name": "identificacion",
            "type": null,
            "modifiers": [
              "private"
            ],
            "position": {}
          },
          "position": {}
        },
        "_pxR2udXyEeuFXsdIJsX7HQ": {
          "key": "_pxR2udXyEeuFXsdIJsX7HQ",
          "name": "nombre",
          "type": null,
          "probability": 1,
          "modifiers": [
            "private"
          ],
          "to_variable": {
            "key": "_pxR28tXyEeuFXsdIJsX7HQ",
            "name": "nombre",
            "type": null,
            "modifiers": [
              "private"
            ],
            "position": {}
          },
          "position": {}
        },
        "_pxR2utXyEeuFXsdIJsX7HQ": {
          "key": "_pxR2utXyEeuFXsdIJsX7HQ",
          "name": "correo",
          "type": null,
          "probability": 1,
          "modifiers": [
            "private"
          ],
          "to_variable": {
            "key": "_pxR29tXyEeuFXsdIJsX7HQ",
            "name": "correo",
            "type": null,
            "modifiers": [
              "private"
            ],
            "position": {}
          },
          "position": {}
        }
      }
    },
    "fields_to_fields_data_clump-./Empleado-_pxR2ttXyEeuFXsdIJsX7HQ-_pxR23tXyEeuFXsdIJsX7HQ-tipoDocumentonombrecorreo": {
      "type": "data_clump",
      "key": "fields_to_fields_data_clump-./Empleado-_pxR2ttXyEeuFXsdIJsX7HQ-_pxR23tXyEeuFXsdIJsX7HQ-tipoDocumentonombrecorreo",
      "probability": 1,
      "from_file_path": "./Empleado",
      "from_class_or_interface_name": "Empleado",
      "from_class_or_interface_key": "_pxR2ttXyEeuFXsdIJsX7HQ",
      "from_method_name": null,
      "from_method_key": null,
      "to_file_path": "./Medico",
      "to_class_or_interface_key": "_pxR23tXyEeuFXsdIJsX7HQ",
      "to_class_or_interface_name": "Empleado",
      "to_method_key": null,
      "to_method_name": null,
      "data_clump_type": "fields_to_fields_data_clump",
      "data_clump_data": {
        "_pxR2t9XyEeuFXsdIJsX7HQ": {
          "key": "_pxR2t9XyEeuFXsdIJsX7HQ",
          "name": "tipoDocumento",
          "type": null,
          "probability": 1,
          "modifiers": [
            "private"
          ],
          "to_variable": {
            "key": "_pxR24NXyEeuFXsdIJsX7HQ",
            "name": "tipoDocumento",
            "type": null,
            "modifiers": [
              "private"
            ],
            "position": {}
          },
          "position": {}
        },
        "_pxR2udXyEeuFXsdIJsX7HQ": {
          "key": "_pxR2udXyEeuFXsdIJsX7HQ",
          "name": "nombre",
          "type": null,
          "probability": 1,
          "modifiers": [
            "private"
          ],
          "to_variable": {
            "key": "_pxR24dXyEeuFXsdIJsX7HQ",
            "name": "nombre",
            "type": null,
            "modifiers": [
              "private"
            ],
            "position": {}
          },
          "position": {}
        },
        "_pxR2utXyEeuFXsdIJsX7HQ": {
          "key": "_pxR2utXyEeuFXsdIJsX7HQ",
          "name": "correo",
          "type": null,
          "probability": 1,
          "modifiers": [
            "private"
          ],
          "to_variable": {
            "key": "_pxR249XyEeuFXsdIJsX7HQ",
            "name": "correo",
            "type": null,
            "modifiers": [
              "private"
            ],
            "position": {}
          },
          "position": {}
        }
      }
    },
    "fields_to_fields_data_clump-./Empleado-_pxR2ttXyEeuFXsdIJsX7HQ-_pxSdfNXyEeuFXsdIJsX7HQ-tipoDocumentoidentificacionnombrecorreo": {
      "type": "data_clump",
      "key": "fields_to_fields_data_clump-./Empleado-_pxR2ttXyEeuFXsdIJsX7HQ-_pxSdfNXyEeuFXsdIJsX7HQ-tipoDocumentoidentificacionnombrecorreo",
      "probability": 1,
      "from_file_path": "./Empleado",
      "from_class_or_interface_name": "Empleado",
      "from_class_or_interface_key": "_pxR2ttXyEeuFXsdIJsX7HQ",
      "from_method_name": null,
      "from_method_key": null,
      "to_file_path": "./Organizador",
      "to_class_or_interface_key": "_pxSdfNXyEeuFXsdIJsX7HQ",
      "to_class_or_interface_name": "Empleado",
      "to_method_key": null,
      "to_method_name": null,
      "data_clump_type": "fields_to_fields_data_clump",
      "data_clump_data": {
        "_pxR2t9XyEeuFXsdIJsX7HQ": {
          "key": "_pxR2t9XyEeuFXsdIJsX7HQ",
          "name": "tipoDocumento",
          "type": null,
          "probability": 1,
          "modifiers": [
            "private"
          ],
          "to_variable": {
            "key": "_pxSdfdXyEeuFXsdIJsX7HQ",
            "name": "tipoDocumento",
            "type": null,
            "modifiers": [
              "private"
            ],
            "position": {}
          },
          "position": {}
        },
        "_pxR2uNXyEeuFXsdIJsX7HQ": {
          "key": "_pxR2uNXyEeuFXsdIJsX7HQ",
          "name": "identificacion",
          "type": null,
          "probability": 1,
          "modifiers": [
            "private"
          ],
          "to_variable": {
            "key": "_pxSdftXyEeuFXsdIJsX7HQ",
            "name": "identificacion",
            "type": null,
            "modifiers": [
              "private"
            ],
            "position": {}
          },
          "position": {}
        },
        "_pxR2udXyEeuFXsdIJsX7HQ": {
          "key": "_pxR2udXyEeuFXsdIJsX7HQ",
          "name": "nombre",
          "type": null,
          "probability": 1,
          "modifiers": [
            "private"
          ],
          "to_variable": {
            "key": "_pxSdf9XyEeuFXsdIJsX7HQ",
            "name": "nombre",
            "type": null,
            "modifiers": [
              "private"
            ],
            "position": {}
          },
          "position": {}
        },
        "_pxR2utXyEeuFXsdIJsX7HQ": {
          "key": "_pxR2utXyEeuFXsdIJsX7HQ",
          "name": "correo",
          "type": null,
          "probability": 1,
          "modifiers": [
            "private"
          ],
          "to_variable": {
            "key": "_pxSdgNXyEeuFXsdIJsX7HQ",
            "name": "correo",
            "type": null,
            "modifiers": [
              "private"
            ],
            "position": {}
          },
          "position": {}
        }
      }
    },
    "fields_to_fields_data_clump-./Medico-_pxR23tXyEeuFXsdIJsX7HQ-_pxR279XyEeuFXsdIJsX7HQ-tipoDocumentonombrecorreotelefono": {
      "type": "data_clump",
      "key": "fields_to_fields_data_clump-./Medico-_pxR23tXyEeuFXsdIJsX7HQ-_pxR279XyEeuFXsdIJsX7HQ-tipoDocumentonombrecorreotelefono",
      "probability": 1,
      "from_file_path": "./Medico",
      "from_class_or_interface_name": "Medico",
      "from_class_or_interface_key": "_pxR23tXyEeuFXsdIJsX7HQ",
      "from_method_name": null,
      "from_method_key": null,
      "to_file_path": "./Afiliado",
      "to_class_or_interface_key": "_pxR279XyEeuFXsdIJsX7HQ",
      "to_class_or_interface_name": "Medico",
      "to_method_key": null,
      "to_method_name": null,
      "data_clump_type": "fields_to_fields_data_clump",
      "data_clump_data": {
        "_pxR24NXyEeuFXsdIJsX7HQ": {
          "key": "_pxR24NXyEeuFXsdIJsX7HQ",
          "name": "tipoDocumento",
          "type": null,
          "probability": 1,
          "modifiers": [
            "private"
          ],
          "to_variable": {
            "key": "_pxR28NXyEeuFXsdIJsX7HQ",
            "name": "tipoDocumento",
            "type": null,
            "modifiers": [
              "private"
            ],
            "position": {}
          },
          "position": {}
        },
        "_pxR24dXyEeuFXsdIJsX7HQ": {
          "key": "_pxR24dXyEeuFXsdIJsX7HQ",
          "name": "nombre",
          "type": null,
          "probability": 1,
          "modifiers": [
            "private"
          ],
          "to_variable": {
            "key": "_pxR28tXyEeuFXsdIJsX7HQ",
            "name": "nombre",
            "type": null,
            "modifiers": [
              "private"
            ],
            "position": {}
          },
          "position": {}
        },
        "_pxR249XyEeuFXsdIJsX7HQ": {
          "key": "_pxR249XyEeuFXsdIJsX7HQ",
          "name": "correo",
          "type": null,
          "probability": 1,
          "modifiers": [
            "private"
          ],
          "to_variable": {
            "key": "_pxR29tXyEeuFXsdIJsX7HQ",
            "name": "correo",
            "type": null,
            "modifiers": [
              "private"
            ],
            "position": {}
          },
          "position": {}
        },
        "_pxR25NXyEeuFXsdIJsX7HQ": {
          "key": "_pxR25NXyEeuFXsdIJsX7HQ",
          "name": "telefono",
          "type": null,
          "probability": 1,
          "modifiers": [
            "private"
          ],
          "to_variable": {
            "key": "_pxR29NXyEeuFXsdIJsX7HQ",
            "name": "telefono",
            "type": null,
            "modifiers": [
              "private"
            ],
            "position": {}
          },
          "position": {}
        }
      }
    },
    "fields_to_fields_data_clump-./Medico-_pxR23tXyEeuFXsdIJsX7HQ-_pxR2ttXyEeuFXsdIJsX7HQ-tipoDocumentonombrecorreo": {
      "type": "data_clump",
      "key": "fields_to_fields_data_clump-./Medico-_pxR23tXyEeuFXsdIJsX7HQ-_pxR2ttXyEeuFXsdIJsX7HQ-tipoDocumentonombrecorreo",
      "probability": 1,
      "from_file_path": "./Medico",
      "from_class_or_interface_name": "Medico",
      "from_class_or_interface_key": "_pxR23tXyEeuFXsdIJsX7HQ",
      "from_method_name": null,
      "from_method_key": null,
      "to_file_path": "./Empleado",
      "to_class_or_interface_key": "_pxR2ttXyEeuFXsdIJsX7HQ",
      "to_class_or_interface_name": "Medico",
      "to_method_key": null,
      "to_method_name": null,
      "data_clump_type": "fields_to_fields_data_clump",
      "data_clump_data": {
        "_pxR24NXyEeuFXsdIJsX7HQ": {
          "key": "_pxR24NXyEeuFXsdIJsX7HQ",
          "name": "tipoDocumento",
          "type": null,
          "probability": 1,
          "modifiers": [
            "private"
          ],
          "to_variable": {
            "key": "_pxR2t9XyEeuFXsdIJsX7HQ",
            "name": "tipoDocumento",
            "type": null,
            "modifiers": [
              "private"
            ],
            "position": {}
          },
          "position": {}
        },
        "_pxR24dXyEeuFXsdIJsX7HQ": {
          "key": "_pxR24dXyEeuFXsdIJsX7HQ",
          "name": "nombre",
          "type": null,
          "probability": 1,
          "modifiers": [
            "private"
          ],
          "to_variable": {
            "key": "_pxR2udXyEeuFXsdIJsX7HQ",
            "name": "nombre",
            "type": null,
            "modifiers": [
              "private"
            ],
            "position": {}
          },
          "position": {}
        },
        "_pxR249XyEeuFXsdIJsX7HQ": {
          "key": "_pxR249XyEeuFXsdIJsX7HQ",
          "name": "correo",
          "type": null,
          "probability": 1,
          "modifiers": [
            "private"
          ],
          "to_variable": {
            "key": "_pxR2utXyEeuFXsdIJsX7HQ",
            "name": "correo",
            "type": null,
            "modifiers": [
              "private"
            ],
            "position": {}
          },
          "position": {}
        }
      }
    },
    "fields_to_fields_data_clump-./Medico-_pxR23tXyEeuFXsdIJsX7HQ-_pxSdfNXyEeuFXsdIJsX7HQ-tipoDocumentonombrecorreo": {
      "type": "data_clump",
      "key": "fields_to_fields_data_clump-./Medico-_pxR23tXyEeuFXsdIJsX7HQ-_pxSdfNXyEeuFXsdIJsX7HQ-tipoDocumentonombrecorreo",
      "probability": 1,
      "from_file_path": "./Medico",
      "from_class_or_interface_name": "Medico",
      "from_class_or_interface_key": "_pxR23tXyEeuFXsdIJsX7HQ",
      "from_method_name": null,
      "from_method_key": null,
      "to_file_path": "./Organizador",
      "to_class_or_interface_key": "_pxSdfNXyEeuFXsdIJsX7HQ",
      "to_class_or_interface_name": "Medico",
      "to_method_key": null,
      "to_method_name": null,
      "data_clump_type": "fields_to_fields_data_clump",
      "data_clump_data": {
        "_pxR24NXyEeuFXsdIJsX7HQ": {
          "key": "_pxR24NXyEeuFXsdIJsX7HQ",
          "name": "tipoDocumento",
          "type": null,
          "probability": 1,
          "modifiers": [
            "private"
          ],
          "to_variable": {
            "key": "_pxSdfdXyEeuFXsdIJsX7HQ",
            "name": "tipoDocumento",
            "type": null,
            "modifiers": [
              "private"
            ],
            "position": {}
          },
          "position": {}
        },
        "_pxR24dXyEeuFXsdIJsX7HQ": {
          "key": "_pxR24dXyEeuFXsdIJsX7HQ",
          "name": "nombre",
          "type": null,
          "probability": 1,
          "modifiers": [
            "private"
          ],
          "to_variable": {
            "key": "_pxSdf9XyEeuFXsdIJsX7HQ",
            "name": "nombre",
            "type": null,
            "modifiers": [
              "private"
            ],
            "position": {}
          },
          "position": {}
        },
        "_pxR249XyEeuFXsdIJsX7HQ": {
          "key": "_pxR249XyEeuFXsdIJsX7HQ",
          "name": "correo",
          "type": null,
          "probability": 1,
          "modifiers": [
            "private"
          ],
          "to_variable": {
            "key": "_pxSdgNXyEeuFXsdIJsX7HQ",
            "name": "correo",
            "type": null,
            "modifiers": [
              "private"
            ],
            "position": {}
          },
          "position": {}
        }
      }
    },
    "fields_to_fields_data_clump-./Orden-_pxR25tXyEeuFXsdIJsX7HQ-_pxR2_NXyEeuFXsdIJsX7HQ-codigofechadescripcion": {
      "type": "data_clump",
      "key": "fields_to_fields_data_clump-./Orden-_pxR25tXyEeuFXsdIJsX7HQ-_pxR2_NXyEeuFXsdIJsX7HQ-codigofechadescripcion",
      "probability": 1,
      "from_file_path": "./Orden",
      "from_class_or_interface_name": "Orden",
      "from_class_or_interface_key": "_pxR25tXyEeuFXsdIJsX7HQ",
      "from_method_name": null,
      "from_method_key": null,
      "to_file_path": "./Diagnostico",
      "to_class_or_interface_key": "_pxR2_NXyEeuFXsdIJsX7HQ",
      "to_class_or_interface_name": "Orden",
      "to_method_key": null,
      "to_method_name": null,
      "data_clump_type": "fields_to_fields_data_clump",
      "data_clump_data": {
        "_pxR259XyEeuFXsdIJsX7HQ": {
          "key": "_pxR259XyEeuFXsdIJsX7HQ",
          "name": "codigo",
          "type": null,
          "probability": 1,
          "modifiers": [
            "private"
          ],
          "to_variable": {
            "key": "_pxR2_dXyEeuFXsdIJsX7HQ",
            "name": "codigo",
            "type": null,
            "modifiers": [
              "private"
            ],
            "position": {}
          },
          "position": {}
        },
        "_pxR26NXyEeuFXsdIJsX7HQ": {
          "key": "_pxR26NXyEeuFXsdIJsX7HQ",
          "name": "fecha",
          "type": null,
          "probability": 1,
          "modifiers": [
            "private"
          ],
          "to_variable": {
            "key": "_pxR2_tXyEeuFXsdIJsX7HQ",
            "name": "fecha",
            "type": null,
            "modifiers": [
              "private"
            ],
            "position": {}
          },
          "position": {}
        },
        "_pxR26dXyEeuFXsdIJsX7HQ": {
          "key": "_pxR26dXyEeuFXsdIJsX7HQ",
          "name": "descripcion",
          "type": null,
          "probability": 1,
          "modifiers": [
            "private"
          ],
          "to_variable": {
            "key": "_pxR2_9XyEeuFXsdIJsX7HQ",
            "name": "descripcion",
            "type": null,
            "modifiers": [
              "private"
            ],
            "position": {}
          },
          "position": {}
        }
      }
    },
    "fields_to_fields_data_clump-./Organizador-_pxSdfNXyEeuFXsdIJsX7HQ-_pxR279XyEeuFXsdIJsX7HQ-tipoDocumentoidentificacionnombrecorreo": {
      "type": "data_clump",
      "key": "fields_to_fields_data_clump-./Organizador-_pxSdfNXyEeuFXsdIJsX7HQ-_pxR279XyEeuFXsdIJsX7HQ-tipoDocumentoidentificacionnombrecorreo",
      "probability": 1,
      "from_file_path": "./Organizador",
      "from_class_or_interface_name": "Organizador",
      "from_class_or_interface_key": "_pxSdfNXyEeuFXsdIJsX7HQ",
      "from_method_name": null,
      "from_method_key": null,
      "to_file_path": "./Afiliado",
      "to_class_or_interface_key": "_pxR279XyEeuFXsdIJsX7HQ",
      "to_class_or_interface_name": "Organizador",
      "to_method_key": null,
      "to_method_name": null,
      "data_clump_type": "fields_to_fields_data_clump",
      "data_clump_data": {
        "_pxSdfdXyEeuFXsdIJsX7HQ": {
          "key": "_pxSdfdXyEeuFXsdIJsX7HQ",
          "name": "tipoDocumento",
          "type": null,
          "probability": 1,
          "modifiers": [
            "private"
          ],
          "to_variable": {
            "key": "_pxR28NXyEeuFXsdIJsX7HQ",
            "name": "tipoDocumento",
            "type": null,
            "modifiers": [
              "private"
            ],
            "position": {}
          },
          "position": {}
        },
        "_pxSdftXyEeuFXsdIJsX7HQ": {
          "key": "_pxSdftXyEeuFXsdIJsX7HQ",
          "name": "identificacion",
          "type": null,
          "probability": 1,
          "modifiers": [
            "private"
          ],
          "to_variable": {
            "key": "_pxR28dXyEeuFXsdIJsX7HQ",
            "name": "identificacion",
            "type": null,
            "modifiers": [
              "private"
            ],
            "position": {}
          },
          "position": {}
        },
        "_pxSdf9XyEeuFXsdIJsX7HQ": {
          "key": "_pxSdf9XyEeuFXsdIJsX7HQ",
          "name": "nombre",
          "type": null,
          "probability": 1,
          "modifiers": [
            "private"
          ],
          "to_variable": {
            "key": "_pxR28tXyEeuFXsdIJsX7HQ",
            "name": "nombre",
            "type": null,
            "modifiers": [
              "private"
            ],
            "position": {}
          },
          "position": {}
        },
        "_pxSdgNXyEeuFXsdIJsX7HQ": {
          "key": "_pxSdgNXyEeuFXsdIJsX7HQ",
          "name": "correo",
          "type": null,
          "probability": 1,
          "modifiers": [
            "private"
          ],
          "to_variable": {
            "key": "_pxR29tXyEeuFXsdIJsX7HQ",
            "name": "correo",
            "type": null,
            "modifiers": [
              "private"
            ],
            "position": {}
          },
          "position": {}
        }
      }
    },
    "fields_to_fields_data_clump-./Organizador-_pxSdfNXyEeuFXsdIJsX7HQ-_pxR2ttXyEeuFXsdIJsX7HQ-tipoDocumentoidentificacionnombrecorreo": {
      "type": "data_clump",
      "key": "fields_to_fields_data_clump-./Organizador-_pxSdfNXyEeuFXsdIJsX7HQ-_pxR2ttXyEeuFXsdIJsX7HQ-tipoDocumentoidentificacionnombrecorreo",
      "probability": 1,
      "from_file_path": "./Organizador",
      "from_class_or_interface_name": "Organizador",
      "from_class_or_interface_key": "_pxSdfNXyEeuFXsdIJsX7HQ",
      "from_method_name": null,
      "from_method_key": null,
      "to_file_path": "./Empleado",
      "to_class_or_interface_key": "_pxR2ttXyEeuFXsdIJsX7HQ",
      "to_class_or_interface_name": "Organizador",
      "to_method_key": null,
      "to_method_name": null,
      "data_clump_type": "fields_to_fields_data_clump",
      "data_clump_data": {
        "_pxSdfdXyEeuFXsdIJsX7HQ": {
          "key": "_pxSdfdXyEeuFXsdIJsX7HQ",
          "name": "tipoDocumento",
          "type": null,
          "probability": 1,
          "modifiers": [
            "private"
          ],
          "to_variable": {
            "key": "_pxR2t9XyEeuFXsdIJsX7HQ",
            "name": "tipoDocumento",
            "type": null,
            "modifiers": [
              "private"
            ],
            "position": {}
          },
          "position": {}
        },
        "_pxSdftXyEeuFXsdIJsX7HQ": {
          "key": "_pxSdftXyEeuFXsdIJsX7HQ",
          "name": "identificacion",
          "type": null,
          "probability": 1,
          "modifiers": [
            "private"
          ],
          "to_variable": {
            "key": "_pxR2uNXyEeuFXsdIJsX7HQ",
            "name": "identificacion",
            "type": null,
            "modifiers": [
              "private"
            ],
            "position": {}
          },
          "position": {}
        },
        "_pxSdf9XyEeuFXsdIJsX7HQ": {
          "key": "_pxSdf9XyEeuFXsdIJsX7HQ",
          "name": "nombre",
          "type": null,
          "probability": 1,
          "modifiers": [
            "private"
          ],
          "to_variable": {
            "key": "_pxR2udXyEeuFXsdIJsX7HQ",
            "name": "nombre",
            "type": null,
            "modifiers": [
              "private"
            ],
            "position": {}
          },
          "position": {}
        },
        "_pxSdgNXyEeuFXsdIJsX7HQ": {
          "key": "_pxSdgNXyEeuFXsdIJsX7HQ",
          "name": "correo",
          "type": null,
          "probability": 1,
          "modifiers": [
            "private"
          ],
          "to_variable": {
            "key": "_pxR2utXyEeuFXsdIJsX7HQ",
            "name": "correo",
            "type": null,
            "modifiers": [
              "private"
            ],
            "position": {}
          },
          "position": {}
        }
      }
    },
    "fields_to_fields_data_clump-./Organizador-_pxSdfNXyEeuFXsdIJsX7HQ-_pxR23tXyEeuFXsdIJsX7HQ-tipoDocumentonombrecorreo": {
      "type": "data_clump",
      "key": "fields_to_fields_data_clump-./Organizador-_pxSdfNXyEeuFXsdIJsX7HQ-_pxR23tXyEeuFXsdIJsX7HQ-tipoDocumentonombrecorreo",
      "probability": 1,
      "from_file_path": "./Organizador",
      "from_class_or_interface_name": "Organizador",
      "from_class_or_interface_key": "_pxSdfNXyEeuFXsdIJsX7HQ",
      "from_method_name": null,
      "from_method_key": null,
      "to_file_path": "./Medico",
      "to_class_or_interface_key": "_pxR23tXyEeuFXsdIJsX7HQ",
      "to_class_or_interface_name": "Organizador",
      "to_method_key": null,
      "to_method_name": null,
      "data_clump_type": "fields_to_fields_data_clump",
      "data_clump_data": {
        "_pxSdfdXyEeuFXsdIJsX7HQ": {
          "key": "_pxSdfdXyEeuFXsdIJsX7HQ",
          "name": "tipoDocumento",
          "type": null,
          "probability": 1,
          "modifiers": [
            "private"
          ],
          "to_variable": {
            "key": "_pxR24NXyEeuFXsdIJsX7HQ",
            "name": "tipoDocumento",
            "type": null,
            "modifiers": [
              "private"
            ],
            "position": {}
          },
          "position": {}
        },
        "_pxSdf9XyEeuFXsdIJsX7HQ": {
          "key": "_pxSdf9XyEeuFXsdIJsX7HQ",
          "name": "nombre",
          "type": null,
          "probability": 1,
          "modifiers": [
            "private"
          ],
          "to_variable": {
            "key": "_pxR24dXyEeuFXsdIJsX7HQ",
            "name": "nombre",
            "type": null,
            "modifiers": [
              "private"
            ],
            "position": {}
          },
          "position": {}
        },
        "_pxSdgNXyEeuFXsdIJsX7HQ": {
          "key": "_pxSdgNXyEeuFXsdIJsX7HQ",
          "name": "correo",
          "type": null,
          "probability": 1,
          "modifiers": [
            "private"
          ],
          "to_variable": {
            "key": "_pxR249XyEeuFXsdIJsX7HQ",
            "name": "correo",
            "type": null,
            "modifiers": [
              "private"
            ],
            "position": {}
          },
          "position": {}
        }
      }
    },
    "fields_to_fields_data_clump-./RegistroServicio-_pxSdLNXyEeuFXsdIJsX7HQ-_pxRP29XyEeuFXsdIJsX7HQ-duracionfechatriagecodigotipo": {
      "type": "data_clump",
      "key": "fields_to_fields_data_clump-./RegistroServicio-_pxSdLNXyEeuFXsdIJsX7HQ-_pxRP29XyEeuFXsdIJsX7HQ-duracionfechatriagecodigotipo",
      "probability": 1,
      "from_file_path": "./RegistroServicio",
      "from_class_or_interface_name": "RegistroServicio",
      "from_class_or_interface_key": "_pxSdLNXyEeuFXsdIJsX7HQ",
      "from_method_name": null,
      "from_method_key": null,
      "to_file_path": "./Consulta",
      "to_class_or_interface_key": "_pxRP29XyEeuFXsdIJsX7HQ",
      "to_class_or_interface_name": "RegistroServicio",
      "to_method_key": null,
      "to_method_name": null,
      "data_clump_type": "fields_to_fields_data_clump",
      "data_clump_data": {
        "_pxSdLdXyEeuFXsdIJsX7HQ": {
          "key": "_pxSdLdXyEeuFXsdIJsX7HQ",
          "name": "duracion",
          "type": null,
          "probability": 1,
          "modifiers": [
            "private"
          ],
          "to_variable": {
            "key": "_pxRP3dXyEeuFXsdIJsX7HQ",
            "name": "duracion",
            "type": null,
            "modifiers": [
              "private"
            ],
            "position": {}
          },
          "position": {}
        },
        "_pxSdLtXyEeuFXsdIJsX7HQ": {
          "key": "_pxSdLtXyEeuFXsdIJsX7HQ",
          "name": "fecha",
          "type": null,
          "probability": 1,
          "modifiers": [
            "private"
          ],
          "to_variable": {
            "key": "_pxRP3tXyEeuFXsdIJsX7HQ",
            "name": "fecha",
            "type": null,
            "modifiers": [
              "private"
            ],
            "position": {}
          },
          "position": {}
        },
        "_pxSdMdXyEeuFXsdIJsX7HQ": {
          "key": "_pxSdMdXyEeuFXsdIJsX7HQ",
          "name": "triage",
          "type": null,
          "probability": 1,
          "modifiers": [
            "private"
          ],
          "to_variable": {
            "key": "_pxRP4dXyEeuFXsdIJsX7HQ",
            "name": "triage",
            "type": null,
            "modifiers": [
              "private"
            ],
            "position": {}
          },
          "position": {}
        },
        "_pxSdMtXyEeuFXsdIJsX7HQ": {
          "key": "_pxSdMtXyEeuFXsdIJsX7HQ",
          "name": "codigo",
          "type": null,
          "probability": 1,
          "modifiers": [
            "private"
          ],
          "to_variable": {
            "key": "_pxRP4NXyEeuFXsdIJsX7HQ",
            "name": "codigo",
            "type": null,
            "modifiers": [
              "private"
            ],
            "position": {}
          },
          "position": {}
        },
        "_pxSdM9XyEeuFXsdIJsX7HQ": {
          "key": "_pxSdM9XyEeuFXsdIJsX7HQ",
          "name": "tipo",
          "type": null,
          "probability": 1,
          "modifiers": [
            "private"
          ],
          "to_variable": {
            "key": "_pxRP4tXyEeuFXsdIJsX7HQ",
            "name": "tipo",
            "type": null,
            "modifiers": [
              "private"
            ],
            "position": {}
          },
          "position": {}
        }
      }
    },
    "fields_to_fields_data_clump-./RegistroServicio-_pxSdLNXyEeuFXsdIJsX7HQ-_pxR2u9XyEeuFXsdIJsX7HQ-duracionfechahoraFin": {
      "type": "data_clump",
      "key": "fields_to_fields_data_clump-./RegistroServicio-_pxSdLNXyEeuFXsdIJsX7HQ-_pxR2u9XyEeuFXsdIJsX7HQ-duracionfechahoraFin",
      "probability": 1,
      "from_file_path": "./RegistroServicio",
      "from_class_or_interface_name": "RegistroServicio",
      "from_class_or_interface_key": "_pxSdLNXyEeuFXsdIJsX7HQ",
      "from_method_name": null,
      "from_method_key": null,
      "to_file_path": "./Reserva",
      "to_class_or_interface_key": "_pxR2u9XyEeuFXsdIJsX7HQ",
      "to_class_or_interface_name": "RegistroServicio",
      "to_method_key": null,
      "to_method_name": null,
      "data_clump_type": "fields_to_fields_data_clump",
      "data_clump_data": {
        "_pxSdLdXyEeuFXsdIJsX7HQ": {
          "key": "_pxSdLdXyEeuFXsdIJsX7HQ",
          "name": "duracion",
          "type": null,
          "probability": 1,
          "modifiers": [
            "private"
          ],
          "to_variable": {
            "key": "_pxR2v9XyEeuFXsdIJsX7HQ",
            "name": "duracion",
            "type": null,
            "modifiers": [
              "private"
            ],
            "position": {}
          },
          "position": {}
        },
        "_pxSdLtXyEeuFXsdIJsX7HQ": {
          "key": "_pxSdLtXyEeuFXsdIJsX7HQ",
          "name": "fecha",
          "type": null,
          "probability": 1,
          "modifiers": [
            "private"
          ],
          "to_variable": {
            "key": "_pxR2vNXyEeuFXsdIJsX7HQ",
            "name": "fecha",
            "type": null,
            "modifiers": [
              "private"
            ],
            "position": {}
          },
          "position": {}
        },
        "_pxSdMNXyEeuFXsdIJsX7HQ": {
          "key": "_pxSdMNXyEeuFXsdIJsX7HQ",
          "name": "horaFin",
          "type": null,
          "probability": 1,
          "modifiers": [
            "private"
          ],
          "to_variable": {
            "key": "_pxR2wNXyEeuFXsdIJsX7HQ",
            "name": "horaFin",
            "type": null,
            "modifiers": [
              "private"
            ],
            "position": {}
          },
          "position": {}
        }
      }
    },
    "fields_to_fields_data_clump-./Reserva-_pxR2u9XyEeuFXsdIJsX7HQ-_pxSdLNXyEeuFXsdIJsX7HQ-fechaduracionhoraFin": {
      "type": "data_clump",
      "key": "fields_to_fields_data_clump-./Reserva-_pxR2u9XyEeuFXsdIJsX7HQ-_pxSdLNXyEeuFXsdIJsX7HQ-fechaduracionhoraFin",
      "probability": 1,
      "from_file_path": "./Reserva",
      "from_class_or_interface_name": "Reserva",
      "from_class_or_interface_key": "_pxR2u9XyEeuFXsdIJsX7HQ",
      "from_method_name": null,
      "from_method_key": null,
      "to_file_path": "./RegistroServicio",
      "to_class_or_interface_key": "_pxSdLNXyEeuFXsdIJsX7HQ",
      "to_class_or_interface_name": "Reserva",
      "to_method_key": null,
      "to_method_name": null,
      "data_clump_type": "fields_to_fields_data_clump",
      "data_clump_data": {
        "_pxR2vNXyEeuFXsdIJsX7HQ": {
          "key": "_pxR2vNXyEeuFXsdIJsX7HQ",
          "name": "fecha",
          "type": null,
          "probability": 1,
          "modifiers": [
            "private"
          ],
          "to_variable": {
            "key": "_pxSdLtXyEeuFXsdIJsX7HQ",
            "name": "fecha",
            "type": null,
            "modifiers": [
              "private"
            ],
            "position": {}
          },
          "position": {}
        },
        "_pxR2v9XyEeuFXsdIJsX7HQ": {
          "key": "_pxR2v9XyEeuFXsdIJsX7HQ",
          "name": "duracion",
          "type": null,
          "probability": 1,
          "modifiers": [
            "private"
          ],
          "to_variable": {
            "key": "_pxSdLdXyEeuFXsdIJsX7HQ",
            "name": "duracion",
            "type": null,
            "modifiers": [
              "private"
            ],
            "position": {}
          },
          "position": {}
        },
        "_pxR2wNXyEeuFXsdIJsX7HQ": {
          "key": "_pxR2wNXyEeuFXsdIJsX7HQ",
          "name": "horaFin",
          "type": null,
          "probability": 1,
          "modifiers": [
            "private"
          ],
          "to_variable": {
            "key": "_pxSdMNXyEeuFXsdIJsX7HQ",
            "name": "horaFin",
            "type": null,
            "modifiers": [
              "private"
            ],
            "position": {}
          },
          "position": {}
        }
      }
    },
    "fields_to_fields_data_clump-./Servicio-_pxR2rtXyEeuFXsdIJsX7HQ-_pxRP29XyEeuFXsdIJsX7HQ-codigotiporequiereReservarequiereOrden": {
      "type": "data_clump",
      "key": "fields_to_fields_data_clump-./Servicio-_pxR2rtXyEeuFXsdIJsX7HQ-_pxRP29XyEeuFXsdIJsX7HQ-codigotiporequiereReservarequiereOrden",
      "probability": 1,
      "from_file_path": "./Servicio",
      "from_class_or_interface_name": "Servicio",
      "from_class_or_interface_key": "_pxR2rtXyEeuFXsdIJsX7HQ",
      "from_method_name": null,
      "from_method_key": null,
      "to_file_path": "./Consulta",
      "to_class_or_interface_key": "_pxRP29XyEeuFXsdIJsX7HQ",
      "to_class_or_interface_name": "Servicio",
      "to_method_key": null,
      "to_method_name": null,
      "data_clump_type": "fields_to_fields_data_clump",
      "data_clump_data": {
        "_pxR2r9XyEeuFXsdIJsX7HQ": {
          "key": "_pxR2r9XyEeuFXsdIJsX7HQ",
          "name": "codigo",
          "type": null,
          "probability": 1,
          "modifiers": [
            "private"
          ],
          "to_variable": {
            "key": "_pxRP4NXyEeuFXsdIJsX7HQ",
            "name": "codigo",
            "type": null,
            "modifiers": [
              "private"
            ],
            "position": {}
          },
          "position": {}
        },
        "_pxR2sNXyEeuFXsdIJsX7HQ": {
          "key": "_pxR2sNXyEeuFXsdIJsX7HQ",
          "name": "tipo",
          "type": null,
          "probability": 1,
          "modifiers": [
            "private"
          ],
          "to_variable": {
            "key": "_pxRP4tXyEeuFXsdIJsX7HQ",
            "name": "tipo",
            "type": null,
            "modifiers": [
              "private"
            ],
            "position": {}
          },
          "position": {}
        },
        "_pxR2stXyEeuFXsdIJsX7HQ": {
          "key": "_pxR2stXyEeuFXsdIJsX7HQ",
          "name": "requiereReserva",
          "type": null,
          "probability": 1,
          "modifiers": [
            "private"
          ],
          "to_variable": {
            "key": "_pxRP39XyEeuFXsdIJsX7HQ",
            "name": "requiereReserva",
            "type": null,
            "modifiers": [
              "private"
            ],
            "position": {}
          },
          "position": {}
        },
        "_pxR2tNXyEeuFXsdIJsX7HQ": {
          "key": "_pxR2tNXyEeuFXsdIJsX7HQ",
          "name": "requiereOrden",
          "type": null,
          "probability": 1,
          "modifiers": [
            "private"
          ],
          "to_variable": {
            "key": "_pxRP3NXyEeuFXsdIJsX7HQ",
            "name": "requiereOrden",
            "type": null,
            "modifiers": [
              "private"
            ],
            "position": {}
          },
          "position": {}
        }
      }
    }
  }
}