{
  "report_version": "unknown",
  "report_timestamp": "2025-03-26T22:03:23.660Z",
  "target_language": "java",
  "report_summary": {
    "additional": null,
    "amount_classes_or_interfaces_with_data_clumps": 2,
    "amount_files_with_data_clumps": 2,
    "amount_methods_with_data_clumps": 0,
    "fields_to_fields_data_clump": 2,
    "parameters_to_fields_data_clump": 0,
    "parameters_to_parameters_data_clump": 0,
    "amount_data_clumps": 2
  },
  "project_info": {
    "project_url": "unknown_project_url",
    "project_name": "0c6ede54-a21f-478b-8655-7fd92a6ba73a",
    "project_version": "unknown_project_version",
    "project_commit_hash": "unknown",
    "project_tag": null,
    "project_commit_date": null,
    "additional": {},
    "number_of_files": 15,
    "number_of_classes_or_interfaces": 15,
    "number_of_methods": 42,
    "number_of_data_fields": 31,
    "number_of_method_parameters": 6
  },
  "detector": {
    "name": "data-clumps-doctor",
    "url": "https://github.com/NilsBaumgartner1994/data-clumps-doctor",
    "version": "0.1.100",
    "options": {
      "typeVariablesConsidered": false,
      "similarityModifierOfVariablesWithUnknownType": 0,
      "fieldsOfClassesWithUnknownHierarchyProbabilityModifier": 0,
      "sharedFieldsToFieldsAmountMinimum": 3,
      "analyseFieldsInClassesOrInterfacesInheritedFromSuperClassesOrInterfaces": false,
      "sharedParametersToParametersAmountMinimum": 3,
      "sharedParametersToFieldsAmountMinimum": 3,
      "methodsOfClassesOrInterfacesWithUnknownHierarchyProbabilityModifier": 0
    }
  },
  "data_clumps": {
    "fields_to_fields_data_clump-./MediaBasicDescriptionType-_L81WgHtJEDWPsqgrgMq9Gg-_2os1EHtJEDWPsqgrgMq9Gg-titlekeywordcreatedGeoLocation": {
      "type": "data_clump",
      "key": "fields_to_fields_data_clump-./MediaBasicDescriptionType-_L81WgHtJEDWPsqgrgMq9Gg-_2os1EHtJEDWPsqgrgMq9Gg-titlekeywordcreatedGeoLocation",
      "probability": 1,
      "from_file_path": "./MediaBasicDescriptionType",
      "from_class_or_interface_name": "MediaBasicDescriptionType",
      "from_class_or_interface_key": "_L81WgHtJEDWPsqgrgMq9Gg",
      "from_method_name": null,
      "from_method_key": null,
      "to_file_path": "./RelatedMediaInformationType",
      "to_class_or_interface_key": "_2os1EHtJEDWPsqgrgMq9Gg",
      "to_class_or_interface_name": "MediaBasicDescriptionType",
      "to_method_key": null,
      "to_method_name": null,
      "data_clump_type": "fields_to_fields_data_clump",
      "data_clump_data": {
        "_aVIRwHtJEDWPsqgrgMq9Gg": {
          "key": "_aVIRwHtJEDWPsqgrgMq9Gg",
          "name": "title",
          "type": null,
          "probability": 1,
          "modifiers": [
            "protected"
          ],
          "to_variable": {
            "key": "_g7ongHtQEDWPsqgrgMq9Gg",
            "name": "title",
            "type": null,
            "modifiers": [
              "protected"
            ],
            "position": {}
          },
          "position": {}
        },
        "_GP3hwHtLEDWPsqgrgMq9Gg": {
          "key": "_GP3hwHtLEDWPsqgrgMq9Gg",
          "name": "keyword",
          "type": null,
          "probability": 1,
          "modifiers": [
            "protected"
          ],
          "to_variable": {
            "key": "_Alsa8HtQEDWPsqgrgMq9Gg",
            "name": "keyword",
            "type": null,
            "modifiers": [
              "protected"
            ],
            "position": {}
          },
          "position": {}
        },
        "_ATEzMHtLEDWPsqgrgMq9Gg": {
          "key": "_ATEzMHtLEDWPsqgrgMq9Gg",
          "name": "createdGeoLocation",
          "type": null,
          "probability": 1,
          "modifiers": [
            "protected"
          ],
          "to_variable": {
            "key": "_52cUsHtPEDWPsqgrgMq9Gg",
            "name": "createdGeoLocation",
            "type": null,
            "modifiers": [
              "protected"
            ],
            "position": {}
          },
          "position": {}
        }
      }
    },
    "fields_to_fields_data_clump-./RelatedMediaInformationType-_2os1EHtJEDWPsqgrgMq9Gg-_L81WgHtJEDWPsqgrgMq9Gg-createdGeoLocationkeywordtitle": {
      "type": "data_clump",
      "key": "fields_to_fields_data_clump-./RelatedMediaInformationType-_2os1EHtJEDWPsqgrgMq9Gg-_L81WgHtJEDWPsqgrgMq9Gg-createdGeoLocationkeywordtitle",
      "probability": 1,
      "from_file_path": "./RelatedMediaInformationType",
      "from_class_or_interface_name": "RelatedMediaInformationType",
      "from_class_or_interface_key": "_2os1EHtJEDWPsqgrgMq9Gg",
      "from_method_name": null,
      "from_method_key": null,
      "to_file_path": "./MediaBasicDescriptionType",
      "to_class_or_interface_key": "_L81WgHtJEDWPsqgrgMq9Gg",
      "to_class_or_interface_name": "RelatedMediaInformationType",
      "to_method_key": null,
      "to_method_name": null,
      "data_clump_type": "fields_to_fields_data_clump",
      "data_clump_data": {
        "_52cUsHtPEDWPsqgrgMq9Gg": {
          "key": "_52cUsHtPEDWPsqgrgMq9Gg",
          "name": "createdGeoLocation",
          "type": null,
          "probability": 1,
          "modifiers": [
            "protected"
          ],
          "to_variable": {
            "key": "_ATEzMHtLEDWPsqgrgMq9Gg",
            "name": "createdGeoLocation",
            "type": null,
            "modifiers": [
              "protected"
            ],
            "position": {}
          },
          "position": {}
        },
        "_Alsa8HtQEDWPsqgrgMq9Gg": {
          "key": "_Alsa8HtQEDWPsqgrgMq9Gg",
          "name": "keyword",
          "type": null,
          "probability": 1,
          "modifiers": [
            "protected"
          ],
          "to_variable": {
            "key": "_GP3hwHtLEDWPsqgrgMq9Gg",
            "name": "keyword",
            "type": null,
            "modifiers": [
              "protected"
            ],
            "position": {}
          },
          "position": {}
        },
        "_g7ongHtQEDWPsqgrgMq9Gg": {
          "key": "_g7ongHtQEDWPsqgrgMq9Gg",
          "name": "title",
          "type": null,
          "probability": 1,
          "modifiers": [
            "protected"
          ],
          "to_variable": {
            "key": "_aVIRwHtJEDWPsqgrgMq9Gg",
            "name": "title",
            "type": null,
            "modifiers": [
              "protected"
            ],
            "position": {}
          },
          "position": {}
        }
      }
    }
  }
}