{
  "report_version": "unknown",
  "report_timestamp": "2025-03-26T22:29:20.516Z",
  "target_language": "java",
  "report_summary": {
    "additional": null,
    "amount_classes_or_interfaces_with_data_clumps": 2,
    "amount_files_with_data_clumps": 2,
    "amount_methods_with_data_clumps": 0,
    "fields_to_fields_data_clump": 2,
    "parameters_to_fields_data_clump": 0,
    "parameters_to_parameters_data_clump": 0,
    "amount_data_clumps": 2
  },
  "project_info": {
    "project_url": "unknown_project_url",
    "project_name": "26edfc7b-aae0-40ea-89bc-b871f37c92d4",
    "project_version": "unknown_project_version",
    "project_commit_hash": "unknown",
    "project_tag": null,
    "project_commit_date": null,
    "additional": {},
    "number_of_files": 5,
    "number_of_classes_or_interfaces": 5,
    "number_of_methods": 0,
    "number_of_data_fields": 28,
    "number_of_method_parameters": 0
  },
  "detector": {
    "name": "data-clumps-doctor",
    "url": "https://github.com/NilsBaumgartner1994/data-clumps-doctor",
    "version": "0.1.100",
    "options": {
      "typeVariablesConsidered": false,
      "similarityModifierOfVariablesWithUnknownType": 0,
      "fieldsOfClassesWithUnknownHierarchyProbabilityModifier": 0,
      "sharedFieldsToFieldsAmountMinimum": 3,
      "analyseFieldsInClassesOrInterfacesInheritedFromSuperClassesOrInterfaces": false,
      "sharedParametersToParametersAmountMinimum": 3,
      "sharedParametersToFieldsAmountMinimum": 3,
      "methodsOfClassesOrInterfacesWithUnknownHierarchyProbabilityModifier": 0
    }
  },
  "data_clumps": {
    "fields_to_fields_data_clump-./Task-_h5wCELFcEDSbhPkGTAZMHA-_OF6rMLFcEDSbhPkGTAZMHA-titledescriptioncreated_at": {
      "type": "data_clump",
      "key": "fields_to_fields_data_clump-./Task-_h5wCELFcEDSbhPkGTAZMHA-_OF6rMLFcEDSbhPkGTAZMHA-titledescriptioncreated_at",
      "probability": 1,
      "from_file_path": "./Task",
      "from_class_or_interface_name": "Task",
      "from_class_or_interface_key": "_h5wCELFcEDSbhPkGTAZMHA",
      "from_method_name": null,
      "from_method_key": null,
      "to_file_path": "./Todo",
      "to_class_or_interface_key": "_OF6rMLFcEDSbhPkGTAZMHA",
      "to_class_or_interface_name": "Task",
      "to_method_key": null,
      "to_method_name": null,
      "data_clump_type": "fields_to_fields_data_clump",
      "data_clump_data": {
        "_jDuh4LFcEDSbhPkGTAZMHA": {
          "key": "_jDuh4LFcEDSbhPkGTAZMHA",
          "name": "title",
          "type": null,
          "probability": 1,
          "modifiers": [
            "public"
          ],
          "to_variable": {
            "key": "_PECgULFcEDSbhPkGTAZMHA",
            "name": "title",
            "type": null,
            "modifiers": [
              "public"
            ],
            "position": {}
          },
          "position": {}
        },
        "_kGEvsLFcEDSbhPkGTAZMHA": {
          "key": "_kGEvsLFcEDSbhPkGTAZMHA",
          "name": "description",
          "type": null,
          "probability": 1,
          "modifiers": [
            "public"
          ],
          "to_variable": {
            "key": "_QCEO0LFcEDSbhPkGTAZMHA",
            "name": "description",
            "type": null,
            "modifiers": [
              "public"
            ],
            "position": {}
          },
          "position": {}
        },
        "_laPtULFcEDSbhPkGTAZMHA": {
          "key": "_laPtULFcEDSbhPkGTAZMHA",
          "name": "created_at",
          "type": null,
          "probability": 1,
          "modifiers": [
            "public"
          ],
          "to_variable": {
            "key": "_RmP-YLFcEDSbhPkGTAZMHA",
            "name": "created_at",
            "type": null,
            "modifiers": [
              "public"
            ],
            "position": {}
          },
          "position": {}
        }
      }
    },
    "fields_to_fields_data_clump-./Todo-_OF6rMLFcEDSbhPkGTAZMHA-_h5wCELFcEDSbhPkGTAZMHA-titledescriptioncreated_at": {
      "type": "data_clump",
      "key": "fields_to_fields_data_clump-./Todo-_OF6rMLFcEDSbhPkGTAZMHA-_h5wCELFcEDSbhPkGTAZMHA-titledescriptioncreated_at",
      "probability": 1,
      "from_file_path": "./Todo",
      "from_class_or_interface_name": "Todo",
      "from_class_or_interface_key": "_OF6rMLFcEDSbhPkGTAZMHA",
      "from_method_name": null,
      "from_method_key": null,
      "to_file_path": "./Task",
      "to_class_or_interface_key": "_h5wCELFcEDSbhPkGTAZMHA",
      "to_class_or_interface_name": "Todo",
      "to_method_key": null,
      "to_method_name": null,
      "data_clump_type": "fields_to_fields_data_clump",
      "data_clump_data": {
        "_PECgULFcEDSbhPkGTAZMHA": {
          "key": "_PECgULFcEDSbhPkGTAZMHA",
          "name": "title",
          "type": null,
          "probability": 1,
          "modifiers": [
            "public"
          ],
          "to_variable": {
            "key": "_jDuh4LFcEDSbhPkGTAZMHA",
            "name": "title",
            "type": null,
            "modifiers": [
              "public"
            ],
            "position": {}
          },
          "position": {}
        },
        "_QCEO0LFcEDSbhPkGTAZMHA": {
          "key": "_QCEO0LFcEDSbhPkGTAZMHA",
          "name": "description",
          "type": null,
          "probability": 1,
          "modifiers": [
            "public"
          ],
          "to_variable": {
            "key": "_kGEvsLFcEDSbhPkGTAZMHA",
            "name": "description",
            "type": null,
            "modifiers": [
              "public"
            ],
            "position": {}
          },
          "position": {}
        },
        "_RmP-YLFcEDSbhPkGTAZMHA": {
          "key": "_RmP-YLFcEDSbhPkGTAZMHA",
          "name": "created_at",
          "type": null,
          "probability": 1,
          "modifiers": [
            "public"
          ],
          "to_variable": {
            "key": "_laPtULFcEDSbhPkGTAZMHA",
            "name": "created_at",
            "type": null,
            "modifiers": [
              "public"
            ],
            "position": {}
          },
          "position": {}
        }
      }
    }
  }
}