{
  "report_version": "unknown",
  "report_timestamp": "2025-03-26T22:59:22.252Z",
  "target_language": "java",
  "report_summary": {
    "additional": null,
    "amount_classes_or_interfaces_with_data_clumps": 6,
    "amount_files_with_data_clumps": 6,
    "amount_methods_with_data_clumps": 0,
    "fields_to_fields_data_clump": 10,
    "parameters_to_fields_data_clump": 0,
    "parameters_to_parameters_data_clump": 0,
    "amount_data_clumps": 10
  },
  "project_info": {
    "project_url": "unknown_project_url",
    "project_name": "_gvt1EJakEeeaCsv2qBF4QA",
    "project_version": "unknown_project_version",
    "project_commit_hash": "unknown",
    "project_tag": null,
    "project_commit_date": null,
    "additional": {},
    "number_of_files": 11,
    "number_of_classes_or_interfaces": 11,
    "number_of_methods": 0,
    "number_of_data_fields": 39,
    "number_of_method_parameters": 0
  },
  "detector": {
    "name": "data-clumps-doctor",
    "url": "https://github.com/NilsBaumgartner1994/data-clumps-doctor",
    "version": "0.1.100",
    "options": {
      "typeVariablesConsidered": false,
      "similarityModifierOfVariablesWithUnknownType": 0,
      "fieldsOfClassesWithUnknownHierarchyProbabilityModifier": 0,
      "sharedFieldsToFieldsAmountMinimum": 3,
      "analyseFieldsInClassesOrInterfacesInheritedFromSuperClassesOrInterfaces": false,
      "sharedParametersToParametersAmountMinimum": 3,
      "sharedParametersToFieldsAmountMinimum": 3,
      "methodsOfClassesOrInterfacesWithUnknownHierarchyProbabilityModifier": 0
    }
  },
  "data_clumps": {
    "fields_to_fields_data_clump-./ADMINISTRADOR-_dV6coJXsEDW0qsAslLqdyQ-_LHkKkZDCEDW7kKaa4x81Vw-ccnombrecelular": {
      "type": "data_clump",
      "key": "fields_to_fields_data_clump-./ADMINISTRADOR-_dV6coJXsEDW0qsAslLqdyQ-_LHkKkZDCEDW7kKaa4x81Vw-ccnombrecelular",
      "probability": 1,
      "from_file_path": "./ADMINISTRADOR",
      "from_class_or_interface_name": "ADMINISTRADOR",
      "from_class_or_interface_key": "_dV6coJXsEDW0qsAslLqdyQ",
      "from_method_name": null,
      "from_method_key": null,
      "to_file_path": "./AGRICULTOR",
      "to_class_or_interface_key": "_LHkKkZDCEDW7kKaa4x81Vw",
      "to_class_or_interface_name": "ADMINISTRADOR",
      "to_method_key": null,
      "to_method_name": null,
      "data_clump_type": "fields_to_fields_data_clump",
      "data_clump_data": {
        "_L6eWMLxcEDW9_oMgbeAtbw": {
          "key": "_L6eWMLxcEDW9_oMgbeAtbw",
          "name": "cc",
          "type": null,
          "probability": 1,
          "modifiers": [],
          "to_variable": {
            "key": "_ckY2ILxZEDW9_oMgbeAtbw",
            "name": "cc",
            "type": null,
            "modifiers": [],
            "position": {}
          },
          "position": {}
        },
        "_NPaI0LxcEDW9_oMgbeAtbw": {
          "key": "_NPaI0LxcEDW9_oMgbeAtbw",
          "name": "nombre",
          "type": null,
          "probability": 1,
          "modifiers": [],
          "to_variable": {
            "key": "_f1BgcLxZEDW9_oMgbeAtbw",
            "name": "nombre",
            "type": null,
            "modifiers": [],
            "position": {}
          },
          "position": {}
        },
        "_PMHGELxcEDW9_oMgbeAtbw": {
          "key": "_PMHGELxcEDW9_oMgbeAtbw",
          "name": "celular",
          "type": null,
          "probability": 1,
          "modifiers": [],
          "to_variable": {
            "key": "_CvlT8LxcEDW9_oMgbeAtbw",
            "name": "celular",
            "type": null,
            "modifiers": [],
            "position": {}
          },
          "position": {}
        }
      }
    },
    "fields_to_fields_data_clump-./ADMINISTRADOR-_dV6coJXsEDW0qsAslLqdyQ-_IvOH0XjUEDWeqf-47QX5iQ-ccnombrecelular": {
      "type": "data_clump",
      "key": "fields_to_fields_data_clump-./ADMINISTRADOR-_dV6coJXsEDW0qsAslLqdyQ-_IvOH0XjUEDWeqf-47QX5iQ-ccnombrecelular",
      "probability": 1,
      "from_file_path": "./ADMINISTRADOR",
      "from_class_or_interface_name": "ADMINISTRADOR",
      "from_class_or_interface_key": "_dV6coJXsEDW0qsAslLqdyQ",
      "from_method_name": null,
      "from_method_key": null,
      "to_file_path": "./COMERCIANTES",
      "to_class_or_interface_key": "_IvOH0XjUEDWeqf-47QX5iQ",
      "to_class_or_interface_name": "ADMINISTRADOR",
      "to_method_key": null,
      "to_method_name": null,
      "data_clump_type": "fields_to_fields_data_clump",
      "data_clump_data": {
        "_L6eWMLxcEDW9_oMgbeAtbw": {
          "key": "_L6eWMLxcEDW9_oMgbeAtbw",
          "name": "cc",
          "type": null,
          "probability": 1,
          "modifiers": [],
          "to_variable": {
            "key": "_-QMasLxfEDW9_oMgbeAtbw",
            "name": "cc",
            "type": null,
            "modifiers": [],
            "position": {}
          },
          "position": {}
        },
        "_NPaI0LxcEDW9_oMgbeAtbw": {
          "key": "_NPaI0LxcEDW9_oMgbeAtbw",
          "name": "nombre",
          "type": null,
          "probability": 1,
          "modifiers": [],
          "to_variable": {
            "key": "_-QMasbxfEDW9_oMgbeAtbw",
            "name": "nombre",
            "type": null,
            "modifiers": [],
            "position": {}
          },
          "position": {}
        },
        "_PMHGELxcEDW9_oMgbeAtbw": {
          "key": "_PMHGELxcEDW9_oMgbeAtbw",
          "name": "celular",
          "type": null,
          "probability": 1,
          "modifiers": [],
          "to_variable": {
            "key": "_-QMasrxfEDW9_oMgbeAtbw",
            "name": "celular",
            "type": null,
            "modifiers": [],
            "position": {}
          },
          "position": {}
        }
      }
    },
    "fields_to_fields_data_clump-./AGRICULTOR-_LHkKkZDCEDW7kKaa4x81Vw-_dV6coJXsEDW0qsAslLqdyQ-ccnombrecelular": {
      "type": "data_clump",
      "key": "fields_to_fields_data_clump-./AGRICULTOR-_LHkKkZDCEDW7kKaa4x81Vw-_dV6coJXsEDW0qsAslLqdyQ-ccnombrecelular",
      "probability": 1,
      "from_file_path": "./AGRICULTOR",
      "from_class_or_interface_name": "AGRICULTOR",
      "from_class_or_interface_key": "_LHkKkZDCEDW7kKaa4x81Vw",
      "from_method_name": null,
      "from_method_key": null,
      "to_file_path": "./ADMINISTRADOR",
      "to_class_or_interface_key": "_dV6coJXsEDW0qsAslLqdyQ",
      "to_class_or_interface_name": "AGRICULTOR",
      "to_method_key": null,
      "to_method_name": null,
      "data_clump_type": "fields_to_fields_data_clump",
      "data_clump_data": {
        "_ckY2ILxZEDW9_oMgbeAtbw": {
          "key": "_ckY2ILxZEDW9_oMgbeAtbw",
          "name": "cc",
          "type": null,
          "probability": 1,
          "modifiers": [],
          "to_variable": {
            "key": "_L6eWMLxcEDW9_oMgbeAtbw",
            "name": "cc",
            "type": null,
            "modifiers": [],
            "position": {}
          },
          "position": {}
        },
        "_f1BgcLxZEDW9_oMgbeAtbw": {
          "key": "_f1BgcLxZEDW9_oMgbeAtbw",
          "name": "nombre",
          "type": null,
          "probability": 1,
          "modifiers": [],
          "to_variable": {
            "key": "_NPaI0LxcEDW9_oMgbeAtbw",
            "name": "nombre",
            "type": null,
            "modifiers": [],
            "position": {}
          },
          "position": {}
        },
        "_CvlT8LxcEDW9_oMgbeAtbw": {
          "key": "_CvlT8LxcEDW9_oMgbeAtbw",
          "name": "celular",
          "type": null,
          "probability": 1,
          "modifiers": [],
          "to_variable": {
            "key": "_PMHGELxcEDW9_oMgbeAtbw",
            "name": "celular",
            "type": null,
            "modifiers": [],
            "position": {}
          },
          "position": {}
        }
      }
    },
    "fields_to_fields_data_clump-./AGRICULTOR-_LHkKkZDCEDW7kKaa4x81Vw-_IvOH0XjUEDWeqf-47QX5iQ-ccnombrecelularcorreodireccion": {
      "type": "data_clump",
      "key": "fields_to_fields_data_clump-./AGRICULTOR-_LHkKkZDCEDW7kKaa4x81Vw-_IvOH0XjUEDWeqf-47QX5iQ-ccnombrecelularcorreodireccion",
      "probability": 1,
      "from_file_path": "./AGRICULTOR",
      "from_class_or_interface_name": "AGRICULTOR",
      "from_class_or_interface_key": "_LHkKkZDCEDW7kKaa4x81Vw",
      "from_method_name": null,
      "from_method_key": null,
      "to_file_path": "./COMERCIANTES",
      "to_class_or_interface_key": "_IvOH0XjUEDWeqf-47QX5iQ",
      "to_class_or_interface_name": "AGRICULTOR",
      "to_method_key": null,
      "to_method_name": null,
      "data_clump_type": "fields_to_fields_data_clump",
      "data_clump_data": {
        "_ckY2ILxZEDW9_oMgbeAtbw": {
          "key": "_ckY2ILxZEDW9_oMgbeAtbw",
          "name": "cc",
          "type": null,
          "probability": 1,
          "modifiers": [],
          "to_variable": {
            "key": "_-QMasLxfEDW9_oMgbeAtbw",
            "name": "cc",
            "type": null,
            "modifiers": [],
            "position": {}
          },
          "position": {}
        },
        "_f1BgcLxZEDW9_oMgbeAtbw": {
          "key": "_f1BgcLxZEDW9_oMgbeAtbw",
          "name": "nombre",
          "type": null,
          "probability": 1,
          "modifiers": [],
          "to_variable": {
            "key": "_-QMasbxfEDW9_oMgbeAtbw",
            "name": "nombre",
            "type": null,
            "modifiers": [],
            "position": {}
          },
          "position": {}
        },
        "_CvlT8LxcEDW9_oMgbeAtbw": {
          "key": "_CvlT8LxcEDW9_oMgbeAtbw",
          "name": "celular",
          "type": null,
          "probability": 1,
          "modifiers": [],
          "to_variable": {
            "key": "_-QMasrxfEDW9_oMgbeAtbw",
            "name": "celular",
            "type": null,
            "modifiers": [],
            "position": {}
          },
          "position": {}
        },
        "_FZn4ULxcEDW9_oMgbeAtbw": {
          "key": "_FZn4ULxcEDW9_oMgbeAtbw",
          "name": "correo",
          "type": null,
          "probability": 1,
          "modifiers": [],
          "to_variable": {
            "key": "_-QMas7xfEDW9_oMgbeAtbw",
            "name": "correo",
            "type": null,
            "modifiers": [],
            "position": {}
          },
          "position": {}
        },
        "_HguuwLxcEDW9_oMgbeAtbw": {
          "key": "_HguuwLxcEDW9_oMgbeAtbw",
          "name": "direccion",
          "type": null,
          "probability": 1,
          "modifiers": [],
          "to_variable": {
            "key": "_-QMatLxfEDW9_oMgbeAtbw",
            "name": "direccion",
            "type": null,
            "modifiers": [],
            "position": {}
          },
          "position": {}
        }
      }
    },
    "fields_to_fields_data_clump-./COMERCIANTES-_IvOH0XjUEDWeqf-47QX5iQ-_dV6coJXsEDW0qsAslLqdyQ-ccnombrecelular": {
      "type": "data_clump",
      "key": "fields_to_fields_data_clump-./COMERCIANTES-_IvOH0XjUEDWeqf-47QX5iQ-_dV6coJXsEDW0qsAslLqdyQ-ccnombrecelular",
      "probability": 1,
      "from_file_path": "./COMERCIANTES",
      "from_class_or_interface_name": "COMERCIANTES",
      "from_class_or_interface_key": "_IvOH0XjUEDWeqf-47QX5iQ",
      "from_method_name": null,
      "from_method_key": null,
      "to_file_path": "./ADMINISTRADOR",
      "to_class_or_interface_key": "_dV6coJXsEDW0qsAslLqdyQ",
      "to_class_or_interface_name": "COMERCIANTES",
      "to_method_key": null,
      "to_method_name": null,
      "data_clump_type": "fields_to_fields_data_clump",
      "data_clump_data": {
        "_-QMasLxfEDW9_oMgbeAtbw": {
          "key": "_-QMasLxfEDW9_oMgbeAtbw",
          "name": "cc",
          "type": null,
          "probability": 1,
          "modifiers": [],
          "to_variable": {
            "key": "_L6eWMLxcEDW9_oMgbeAtbw",
            "name": "cc",
            "type": null,
            "modifiers": [],
            "position": {}
          },
          "position": {}
        },
        "_-QMasbxfEDW9_oMgbeAtbw": {
          "key": "_-QMasbxfEDW9_oMgbeAtbw",
          "name": "nombre",
          "type": null,
          "probability": 1,
          "modifiers": [],
          "to_variable": {
            "key": "_NPaI0LxcEDW9_oMgbeAtbw",
            "name": "nombre",
            "type": null,
            "modifiers": [],
            "position": {}
          },
          "position": {}
        },
        "_-QMasrxfEDW9_oMgbeAtbw": {
          "key": "_-QMasrxfEDW9_oMgbeAtbw",
          "name": "celular",
          "type": null,
          "probability": 1,
          "modifiers": [],
          "to_variable": {
            "key": "_PMHGELxcEDW9_oMgbeAtbw",
            "name": "celular",
            "type": null,
            "modifiers": [],
            "position": {}
          },
          "position": {}
        }
      }
    },
    "fields_to_fields_data_clump-./COMERCIANTES-_IvOH0XjUEDWeqf-47QX5iQ-_LHkKkZDCEDW7kKaa4x81Vw-ccnombrecelularcorreodireccion": {
      "type": "data_clump",
      "key": "fields_to_fields_data_clump-./COMERCIANTES-_IvOH0XjUEDWeqf-47QX5iQ-_LHkKkZDCEDW7kKaa4x81Vw-ccnombrecelularcorreodireccion",
      "probability": 1,
      "from_file_path": "./COMERCIANTES",
      "from_class_or_interface_name": "COMERCIANTES",
      "from_class_or_interface_key": "_IvOH0XjUEDWeqf-47QX5iQ",
      "from_method_name": null,
      "from_method_key": null,
      "to_file_path": "./AGRICULTOR",
      "to_class_or_interface_key": "_LHkKkZDCEDW7kKaa4x81Vw",
      "to_class_or_interface_name": "COMERCIANTES",
      "to_method_key": null,
      "to_method_name": null,
      "data_clump_type": "fields_to_fields_data_clump",
      "data_clump_data": {
        "_-QMasLxfEDW9_oMgbeAtbw": {
          "key": "_-QMasLxfEDW9_oMgbeAtbw",
          "name": "cc",
          "type": null,
          "probability": 1,
          "modifiers": [],
          "to_variable": {
            "key": "_ckY2ILxZEDW9_oMgbeAtbw",
            "name": "cc",
            "type": null,
            "modifiers": [],
            "position": {}
          },
          "position": {}
        },
        "_-QMasbxfEDW9_oMgbeAtbw": {
          "key": "_-QMasbxfEDW9_oMgbeAtbw",
          "name": "nombre",
          "type": null,
          "probability": 1,
          "modifiers": [],
          "to_variable": {
            "key": "_f1BgcLxZEDW9_oMgbeAtbw",
            "name": "nombre",
            "type": null,
            "modifiers": [],
            "position": {}
          },
          "position": {}
        },
        "_-QMasrxfEDW9_oMgbeAtbw": {
          "key": "_-QMasrxfEDW9_oMgbeAtbw",
          "name": "celular",
          "type": null,
          "probability": 1,
          "modifiers": [],
          "to_variable": {
            "key": "_CvlT8LxcEDW9_oMgbeAtbw",
            "name": "celular",
            "type": null,
            "modifiers": [],
            "position": {}
          },
          "position": {}
        },
        "_-QMas7xfEDW9_oMgbeAtbw": {
          "key": "_-QMas7xfEDW9_oMgbeAtbw",
          "name": "correo",
          "type": null,
          "probability": 1,
          "modifiers": [],
          "to_variable": {
            "key": "_FZn4ULxcEDW9_oMgbeAtbw",
            "name": "correo",
            "type": null,
            "modifiers": [],
            "position": {}
          },
          "position": {}
        },
        "_-QMatLxfEDW9_oMgbeAtbw": {
          "key": "_-QMatLxfEDW9_oMgbeAtbw",
          "name": "direccion",
          "type": null,
          "probability": 1,
          "modifiers": [],
          "to_variable": {
            "key": "_HguuwLxcEDW9_oMgbeAtbw",
            "name": "direccion",
            "type": null,
            "modifiers": [],
            "position": {}
          },
          "position": {}
        }
      }
    },
    "fields_to_fields_data_clump-./CULTIVOS-_oS3p4HjWEDWeqf-47QX5iQ-_WjKkMJXxEDWVk51FYQUTxg-idnombretipo": {
      "type": "data_clump",
      "key": "fields_to_fields_data_clump-./CULTIVOS-_oS3p4HjWEDWeqf-47QX5iQ-_WjKkMJXxEDWVk51FYQUTxg-idnombretipo",
      "probability": 1,
      "from_file_path": "./CULTIVOS",
      "from_class_or_interface_name": "CULTIVOS",
      "from_class_or_interface_key": "_oS3p4HjWEDWeqf-47QX5iQ",
      "from_method_name": null,
      "from_method_key": null,
      "to_file_path": "./MEJORAS",
      "to_class_or_interface_key": "_WjKkMJXxEDWVk51FYQUTxg",
      "to_class_or_interface_name": "CULTIVOS",
      "to_method_key": null,
      "to_method_name": null,
      "data_clump_type": "fields_to_fields_data_clump",
      "data_clump_data": {
        "_BuEPwLxgEDW9_oMgbeAtbw": {
          "key": "_BuEPwLxgEDW9_oMgbeAtbw",
          "name": "id",
          "type": null,
          "probability": 1,
          "modifiers": [],
          "to_variable": {
            "key": "_yR6LILxcEDW9_oMgbeAtbw",
            "name": "id",
            "type": null,
            "modifiers": [],
            "position": {}
          },
          "position": {}
        },
        "_pNLecLxgEDW9_oMgbeAtbw": {
          "key": "_pNLecLxgEDW9_oMgbeAtbw",
          "name": "nombre",
          "type": null,
          "probability": 1,
          "modifiers": [],
          "to_variable": {
            "key": "_1YxOYLxcEDW9_oMgbeAtbw",
            "name": "nombre",
            "type": null,
            "modifiers": [],
            "position": {}
          },
          "position": {}
        },
        "_6QufALxgEDW9_oMgbeAtbw": {
          "key": "_6QufALxgEDW9_oMgbeAtbw",
          "name": "tipo",
          "type": null,
          "probability": 1,
          "modifiers": [],
          "to_variable": {
            "key": "_4-95ALxcEDW9_oMgbeAtbw",
            "name": "tipo",
            "type": null,
            "modifiers": [],
            "position": {}
          },
          "position": {}
        }
      }
    },
    "fields_to_fields_data_clump-./MEJORAS-_WjKkMJXxEDWVk51FYQUTxg-_oS3p4HjWEDWeqf-47QX5iQ-idnombretipo": {
      "type": "data_clump",
      "key": "fields_to_fields_data_clump-./MEJORAS-_WjKkMJXxEDWVk51FYQUTxg-_oS3p4HjWEDWeqf-47QX5iQ-idnombretipo",
      "probability": 1,
      "from_file_path": "./MEJORAS",
      "from_class_or_interface_name": "MEJORAS",
      "from_class_or_interface_key": "_WjKkMJXxEDWVk51FYQUTxg",
      "from_method_name": null,
      "from_method_key": null,
      "to_file_path": "./CULTIVOS",
      "to_class_or_interface_key": "_oS3p4HjWEDWeqf-47QX5iQ",
      "to_class_or_interface_name": "MEJORAS",
      "to_method_key": null,
      "to_method_name": null,
      "data_clump_type": "fields_to_fields_data_clump",
      "data_clump_data": {
        "_yR6LILxcEDW9_oMgbeAtbw": {
          "key": "_yR6LILxcEDW9_oMgbeAtbw",
          "name": "id",
          "type": null,
          "probability": 1,
          "modifiers": [],
          "to_variable": {
            "key": "_BuEPwLxgEDW9_oMgbeAtbw",
            "name": "id",
            "type": null,
            "modifiers": [],
            "position": {}
          },
          "position": {}
        },
        "_1YxOYLxcEDW9_oMgbeAtbw": {
          "key": "_1YxOYLxcEDW9_oMgbeAtbw",
          "name": "nombre",
          "type": null,
          "probability": 1,
          "modifiers": [],
          "to_variable": {
            "key": "_pNLecLxgEDW9_oMgbeAtbw",
            "name": "nombre",
            "type": null,
            "modifiers": [],
            "position": {}
          },
          "position": {}
        },
        "_4-95ALxcEDW9_oMgbeAtbw": {
          "key": "_4-95ALxcEDW9_oMgbeAtbw",
          "name": "tipo",
          "type": null,
          "probability": 1,
          "modifiers": [],
          "to_variable": {
            "key": "_6QufALxgEDW9_oMgbeAtbw",
            "name": "tipo",
            "type": null,
            "modifiers": [],
            "position": {}
          },
          "position": {}
        }
      }
    },
    "fields_to_fields_data_clump-./MEJORAS-_WjKkMJXxEDWVk51FYQUTxg-_WovdMJXwEDWVk51FYQUTxg-idnombredescripcion": {
      "type": "data_clump",
      "key": "fields_to_fields_data_clump-./MEJORAS-_WjKkMJXxEDWVk51FYQUTxg-_WovdMJXwEDWVk51FYQUTxg-idnombredescripcion",
      "probability": 1,
      "from_file_path": "./MEJORAS",
      "from_class_or_interface_name": "MEJORAS",
      "from_class_or_interface_key": "_WjKkMJXxEDWVk51FYQUTxg",
      "from_method_name": null,
      "from_method_key": null,
      "to_file_path": "./PRODUCTOS",
      "to_class_or_interface_key": "_WovdMJXwEDWVk51FYQUTxg",
      "to_class_or_interface_name": "MEJORAS",
      "to_method_key": null,
      "to_method_name": null,
      "data_clump_type": "fields_to_fields_data_clump",
      "data_clump_data": {
        "_yR6LILxcEDW9_oMgbeAtbw": {
          "key": "_yR6LILxcEDW9_oMgbeAtbw",
          "name": "id",
          "type": null,
          "probability": 1,
          "modifiers": [],
          "to_variable": {
            "key": "_pcK2ULxYEDW9_oMgbeAtbw",
            "name": "id",
            "type": null,
            "modifiers": [],
            "position": {}
          },
          "position": {}
        },
        "_1YxOYLxcEDW9_oMgbeAtbw": {
          "key": "_1YxOYLxcEDW9_oMgbeAtbw",
          "name": "nombre",
          "type": null,
          "probability": 1,
          "modifiers": [],
          "to_variable": {
            "key": "_s6Qt0LxYEDW9_oMgbeAtbw",
            "name": "nombre",
            "type": null,
            "modifiers": [],
            "position": {}
          },
          "position": {}
        },
        "_68dgcLxcEDW9_oMgbeAtbw": {
          "key": "_68dgcLxcEDW9_oMgbeAtbw",
          "name": "descripcion",
          "type": null,
          "probability": 1,
          "modifiers": [],
          "to_variable": {
            "key": "_VUv_oLxZEDW9_oMgbeAtbw",
            "name": "descripcion",
            "type": null,
            "modifiers": [],
            "position": {}
          },
          "position": {}
        }
      }
    },
    "fields_to_fields_data_clump-./PRODUCTOS-_WovdMJXwEDWVk51FYQUTxg-_WjKkMJXxEDWVk51FYQUTxg-idnombredescripcion": {
      "type": "data_clump",
      "key": "fields_to_fields_data_clump-./PRODUCTOS-_WovdMJXwEDWVk51FYQUTxg-_WjKkMJXxEDWVk51FYQUTxg-idnombredescripcion",
      "probability": 1,
      "from_file_path": "./PRODUCTOS",
      "from_class_or_interface_name": "PRODUCTOS",
      "from_class_or_interface_key": "_WovdMJXwEDWVk51FYQUTxg",
      "from_method_name": null,
      "from_method_key": null,
      "to_file_path": "./MEJORAS",
      "to_class_or_interface_key": "_WjKkMJXxEDWVk51FYQUTxg",
      "to_class_or_interface_name": "PRODUCTOS",
      "to_method_key": null,
      "to_method_name": null,
      "data_clump_type": "fields_to_fields_data_clump",
      "data_clump_data": {
        "_pcK2ULxYEDW9_oMgbeAtbw": {
          "key": "_pcK2ULxYEDW9_oMgbeAtbw",
          "name": "id",
          "type": null,
          "probability": 1,
          "modifiers": [],
          "to_variable": {
            "key": "_yR6LILxcEDW9_oMgbeAtbw",
            "name": "id",
            "type": null,
            "modifiers": [],
            "position": {}
          },
          "position": {}
        },
        "_s6Qt0LxYEDW9_oMgbeAtbw": {
          "key": "_s6Qt0LxYEDW9_oMgbeAtbw",
          "name": "nombre",
          "type": null,
          "probability": 1,
          "modifiers": [],
          "to_variable": {
            "key": "_1YxOYLxcEDW9_oMgbeAtbw",
            "name": "nombre",
            "type": null,
            "modifiers": [],
            "position": {}
          },
          "position": {}
        },
        "_VUv_oLxZEDW9_oMgbeAtbw": {
          "key": "_VUv_oLxZEDW9_oMgbeAtbw",
          "name": "descripcion",
          "type": null,
          "probability": 1,
          "modifiers": [],
          "to_variable": {
            "key": "_68dgcLxcEDW9_oMgbeAtbw",
            "name": "descripcion",
            "type": null,
            "modifiers": [],
            "position": {}
          },
          "position": {}
        }
      }
    }
  }
}