{
  "report_version": "unknown",
  "report_timestamp": "2025-03-26T22:30:58.125Z",
  "target_language": "java",
  "report_summary": {
    "additional": null,
    "amount_classes_or_interfaces_with_data_clumps": 2,
    "amount_files_with_data_clumps": 2,
    "amount_methods_with_data_clumps": 0,
    "fields_to_fields_data_clump": 2,
    "parameters_to_fields_data_clump": 0,
    "parameters_to_parameters_data_clump": 0,
    "amount_data_clumps": 2
  },
  "project_info": {
    "project_url": "unknown_project_url",
    "project_name": "_tHTdoFU7EemYjay6yoFVQw",
    "project_version": "unknown_project_version",
    "project_commit_hash": "unknown",
    "project_tag": null,
    "project_commit_date": null,
    "additional": {},
    "number_of_files": 7,
    "number_of_classes_or_interfaces": 7,
    "number_of_methods": 5,
    "number_of_data_fields": 27,
    "number_of_method_parameters": 0
  },
  "detector": {
    "name": "data-clumps-doctor",
    "url": "https://github.com/NilsBaumgartner1994/data-clumps-doctor",
    "version": "0.1.100",
    "options": {
      "typeVariablesConsidered": false,
      "similarityModifierOfVariablesWithUnknownType": 0,
      "fieldsOfClassesWithUnknownHierarchyProbabilityModifier": 0,
      "sharedFieldsToFieldsAmountMinimum": 3,
      "analyseFieldsInClassesOrInterfacesInheritedFromSuperClassesOrInterfaces": false,
      "sharedParametersToParametersAmountMinimum": 3,
      "sharedParametersToFieldsAmountMinimum": 3,
      "methodsOfClassesOrInterfacesWithUnknownHierarchyProbabilityModifier": 0
    }
  },
  "data_clumps": {
    "fields_to_fields_data_clump-./KLIJENT-_-yBvoTd-EDeeEYGfQvBI6A-_SHB4oTeDEDeeEYGfQvBI6A-imeprezimebrojtelefona": {
      "type": "data_clump",
      "key": "fields_to_fields_data_clump-./KLIJENT-_-yBvoTd-EDeeEYGfQvBI6A-_SHB4oTeDEDeeEYGfQvBI6A-imeprezimebrojtelefona",
      "probability": 1,
      "from_file_path": "./KLIJENT",
      "from_class_or_interface_name": "KLIJENT",
      "from_class_or_interface_key": "_-yBvoTd-EDeeEYGfQvBI6A",
      "from_method_name": null,
      "from_method_key": null,
      "to_file_path": "./ZAPOSLEN",
      "to_class_or_interface_key": "_SHB4oTeDEDeeEYGfQvBI6A",
      "to_class_or_interface_name": "KLIJENT",
      "to_method_key": null,
      "to_method_name": null,
      "data_clump_type": "fields_to_fields_data_clump",
      "data_clump_data": {
        "_GTJ-wTd_EDeeEYGfQvBI6A": {
          "key": "_GTJ-wTd_EDeeEYGfQvBI6A",
          "name": "ime",
          "type": null,
          "probability": 1,
          "modifiers": [],
          "to_variable": {
            "key": "_XlgTgTeDEDeeEYGfQvBI6A",
            "name": "ime",
            "type": null,
            "modifiers": [],
            "position": {}
          },
          "position": {}
        },
        "_Ho6QwTd_EDeeEYGfQvBI6A": {
          "key": "_Ho6QwTd_EDeeEYGfQvBI6A",
          "name": "prezime",
          "type": null,
          "probability": 1,
          "modifiers": [],
          "to_variable": {
            "key": "_ZPV_ITeDEDeeEYGfQvBI6A",
            "name": "prezime",
            "type": null,
            "modifiers": [],
            "position": {}
          },
          "position": {}
        },
        "_JRYqcDd_EDeeEYGfQvBI6A": {
          "key": "_JRYqcDd_EDeeEYGfQvBI6A",
          "name": "brojtelefona",
          "type": null,
          "probability": 1,
          "modifiers": [],
          "to_variable": {
            "key": "_cWf9UDeDEDeeEYGfQvBI6A",
            "name": "brojtelefona",
            "type": null,
            "modifiers": [],
            "position": {}
          },
          "position": {}
        }
      }
    },
    "fields_to_fields_data_clump-./ZAPOSLEN-_SHB4oTeDEDeeEYGfQvBI6A-_-yBvoTd-EDeeEYGfQvBI6A-imeprezimebrojtelefona": {
      "type": "data_clump",
      "key": "fields_to_fields_data_clump-./ZAPOSLEN-_SHB4oTeDEDeeEYGfQvBI6A-_-yBvoTd-EDeeEYGfQvBI6A-imeprezimebrojtelefona",
      "probability": 1,
      "from_file_path": "./ZAPOSLEN",
      "from_class_or_interface_name": "ZAPOSLEN",
      "from_class_or_interface_key": "_SHB4oTeDEDeeEYGfQvBI6A",
      "from_method_name": null,
      "from_method_key": null,
      "to_file_path": "./KLIJENT",
      "to_class_or_interface_key": "_-yBvoTd-EDeeEYGfQvBI6A",
      "to_class_or_interface_name": "ZAPOSLEN",
      "to_method_key": null,
      "to_method_name": null,
      "data_clump_type": "fields_to_fields_data_clump",
      "data_clump_data": {
        "_XlgTgTeDEDeeEYGfQvBI6A": {
          "key": "_XlgTgTeDEDeeEYGfQvBI6A",
          "name": "ime",
          "type": null,
          "probability": 1,
          "modifiers": [],
          "to_variable": {
            "key": "_GTJ-wTd_EDeeEYGfQvBI6A",
            "name": "ime",
            "type": null,
            "modifiers": [],
            "position": {}
          },
          "position": {}
        },
        "_ZPV_ITeDEDeeEYGfQvBI6A": {
          "key": "_ZPV_ITeDEDeeEYGfQvBI6A",
          "name": "prezime",
          "type": null,
          "probability": 1,
          "modifiers": [],
          "to_variable": {
            "key": "_Ho6QwTd_EDeeEYGfQvBI6A",
            "name": "prezime",
            "type": null,
            "modifiers": [],
            "position": {}
          },
          "position": {}
        },
        "_cWf9UDeDEDeeEYGfQvBI6A": {
          "key": "_cWf9UDeDEDeeEYGfQvBI6A",
          "name": "brojtelefona",
          "type": null,
          "probability": 1,
          "modifiers": [],
          "to_variable": {
            "key": "_JRYqcDd_EDeeEYGfQvBI6A",
            "name": "brojtelefona",
            "type": null,
            "modifiers": [],
            "position": {}
          },
          "position": {}
        }
      }
    }
  }
}