{
  "report_version": "unknown",
  "report_timestamp": "2025-03-26T22:12:07.651Z",
  "target_language": "java",
  "report_summary": {
    "additional": null,
    "amount_classes_or_interfaces_with_data_clumps": 2,
    "amount_files_with_data_clumps": 2,
    "amount_methods_with_data_clumps": 0,
    "fields_to_fields_data_clump": 2,
    "parameters_to_fields_data_clump": 0,
    "parameters_to_parameters_data_clump": 0,
    "amount_data_clumps": 2
  },
  "project_info": {
    "project_url": "unknown_project_url",
    "project_name": "_l5r_cCg3EeiPVdzzAv5aug",
    "project_version": "unknown_project_version",
    "project_commit_hash": "unknown",
    "project_tag": null,
    "project_commit_date": null,
    "additional": {},
    "number_of_files": 8,
    "number_of_classes_or_interfaces": 8,
    "number_of_methods": 0,
    "number_of_data_fields": 37,
    "number_of_method_parameters": 0
  },
  "detector": {
    "name": "data-clumps-doctor",
    "url": "https://github.com/NilsBaumgartner1994/data-clumps-doctor",
    "version": "0.1.100",
    "options": {
      "typeVariablesConsidered": false,
      "similarityModifierOfVariablesWithUnknownType": 0,
      "fieldsOfClassesWithUnknownHierarchyProbabilityModifier": 0,
      "sharedFieldsToFieldsAmountMinimum": 3,
      "analyseFieldsInClassesOrInterfacesInheritedFromSuperClassesOrInterfaces": false,
      "sharedParametersToParametersAmountMinimum": 3,
      "sharedParametersToFieldsAmountMinimum": 3,
      "methodsOfClassesOrInterfacesWithUnknownHierarchyProbabilityModifier": 0
    }
  },
  "data_clumps": {
    "fields_to_fields_data_clump-./Korisnik-_22TrwApuEDaaWuPsxGmqsQ-_s7nkQApuEDaaWuPsxGmqsQ-ImePrezimeJMBGAdresaGradKontakt": {
      "type": "data_clump",
      "key": "fields_to_fields_data_clump-./Korisnik-_22TrwApuEDaaWuPsxGmqsQ-_s7nkQApuEDaaWuPsxGmqsQ-ImePrezimeJMBGAdresaGradKontakt",
      "probability": 1,
      "from_file_path": "./Korisnik",
      "from_class_or_interface_name": "Korisnik",
      "from_class_or_interface_key": "_22TrwApuEDaaWuPsxGmqsQ",
      "from_method_name": null,
      "from_method_key": null,
      "to_file_path": "./Vlasnik",
      "to_class_or_interface_key": "_s7nkQApuEDaaWuPsxGmqsQ",
      "to_class_or_interface_name": "Korisnik",
      "to_method_key": null,
      "to_method_name": null,
      "data_clump_type": "fields_to_fields_data_clump",
      "data_clump_data": {
        "_3dsJ8ApwEDaaWuPsxGmqsQ": {
          "key": "_3dsJ8ApwEDaaWuPsxGmqsQ",
          "name": "Ime",
          "type": null,
          "probability": 1,
          "modifiers": [
            "private"
          ],
          "to_variable": {
            "key": "_jiPvMApwEDaaWuPsxGmqsQ",
            "name": "Ime",
            "type": null,
            "modifiers": [
              "private"
            ],
            "position": {}
          },
          "position": {}
        },
        "_3dvNQApwEDaaWuPsxGmqsQ": {
          "key": "_3dvNQApwEDaaWuPsxGmqsQ",
          "name": "Prezime",
          "type": null,
          "probability": 1,
          "modifiers": [
            "private"
          ],
          "to_variable": {
            "key": "_lXFJ4ApwEDaaWuPsxGmqsQ",
            "name": "Prezime",
            "type": null,
            "modifiers": [
              "private"
            ],
            "position": {}
          },
          "position": {}
        },
        "_3dv0UApwEDaaWuPsxGmqsQ": {
          "key": "_3dv0UApwEDaaWuPsxGmqsQ",
          "name": "JMBG",
          "type": null,
          "probability": 1,
          "modifiers": [
            "private"
          ],
          "to_variable": {
            "key": "_ni2d4ApwEDaaWuPsxGmqsQ",
            "name": "JMBG",
            "type": null,
            "modifiers": [
              "private"
            ],
            "position": {}
          },
          "position": {}
        },
        "_3dwbYApwEDaaWuPsxGmqsQ": {
          "key": "_3dwbYApwEDaaWuPsxGmqsQ",
          "name": "Adresa",
          "type": null,
          "probability": 1,
          "modifiers": [
            "private"
          ],
          "to_variable": {
            "key": "_swmVIApwEDaaWuPsxGmqsQ",
            "name": "Adresa",
            "type": null,
            "modifiers": [
              "private"
            ],
            "position": {}
          },
          "position": {}
        },
        "_3dxpgApwEDaaWuPsxGmqsQ": {
          "key": "_3dxpgApwEDaaWuPsxGmqsQ",
          "name": "Grad",
          "type": null,
          "probability": 1,
          "modifiers": [
            "private"
          ],
          "to_variable": {
            "key": "_ucPXkQpwEDaaWuPsxGmqsQ",
            "name": "Grad",
            "type": null,
            "modifiers": [
              "private"
            ],
            "position": {}
          },
          "position": {}
        },
        "_3dyQkApwEDaaWuPsxGmqsQ": {
          "key": "_3dyQkApwEDaaWuPsxGmqsQ",
          "name": "Kontakt",
          "type": null,
          "probability": 1,
          "modifiers": [
            "private"
          ],
          "to_variable": {
            "key": "_wYAgsApwEDaaWuPsxGmqsQ",
            "name": "Kontakt",
            "type": null,
            "modifiers": [
              "private"
            ],
            "position": {}
          },
          "position": {}
        }
      }
    },
    "fields_to_fields_data_clump-./Vlasnik-_s7nkQApuEDaaWuPsxGmqsQ-_22TrwApuEDaaWuPsxGmqsQ-ImePrezimeJMBGAdresaGradKontakt": {
      "type": "data_clump",
      "key": "fields_to_fields_data_clump-./Vlasnik-_s7nkQApuEDaaWuPsxGmqsQ-_22TrwApuEDaaWuPsxGmqsQ-ImePrezimeJMBGAdresaGradKontakt",
      "probability": 1,
      "from_file_path": "./Vlasnik",
      "from_class_or_interface_name": "Vlasnik",
      "from_class_or_interface_key": "_s7nkQApuEDaaWuPsxGmqsQ",
      "from_method_name": null,
      "from_method_key": null,
      "to_file_path": "./Korisnik",
      "to_class_or_interface_key": "_22TrwApuEDaaWuPsxGmqsQ",
      "to_class_or_interface_name": "Vlasnik",
      "to_method_key": null,
      "to_method_name": null,
      "data_clump_type": "fields_to_fields_data_clump",
      "data_clump_data": {
        "_jiPvMApwEDaaWuPsxGmqsQ": {
          "key": "_jiPvMApwEDaaWuPsxGmqsQ",
          "name": "Ime",
          "type": null,
          "probability": 1,
          "modifiers": [
            "private"
          ],
          "to_variable": {
            "key": "_3dsJ8ApwEDaaWuPsxGmqsQ",
            "name": "Ime",
            "type": null,
            "modifiers": [
              "private"
            ],
            "position": {}
          },
          "position": {}
        },
        "_lXFJ4ApwEDaaWuPsxGmqsQ": {
          "key": "_lXFJ4ApwEDaaWuPsxGmqsQ",
          "name": "Prezime",
          "type": null,
          "probability": 1,
          "modifiers": [
            "private"
          ],
          "to_variable": {
            "key": "_3dvNQApwEDaaWuPsxGmqsQ",
            "name": "Prezime",
            "type": null,
            "modifiers": [
              "private"
            ],
            "position": {}
          },
          "position": {}
        },
        "_ni2d4ApwEDaaWuPsxGmqsQ": {
          "key": "_ni2d4ApwEDaaWuPsxGmqsQ",
          "name": "JMBG",
          "type": null,
          "probability": 1,
          "modifiers": [
            "private"
          ],
          "to_variable": {
            "key": "_3dv0UApwEDaaWuPsxGmqsQ",
            "name": "JMBG",
            "type": null,
            "modifiers": [
              "private"
            ],
            "position": {}
          },
          "position": {}
        },
        "_swmVIApwEDaaWuPsxGmqsQ": {
          "key": "_swmVIApwEDaaWuPsxGmqsQ",
          "name": "Adresa",
          "type": null,
          "probability": 1,
          "modifiers": [
            "private"
          ],
          "to_variable": {
            "key": "_3dwbYApwEDaaWuPsxGmqsQ",
            "name": "Adresa",
            "type": null,
            "modifiers": [
              "private"
            ],
            "position": {}
          },
          "position": {}
        },
        "_ucPXkQpwEDaaWuPsxGmqsQ": {
          "key": "_ucPXkQpwEDaaWuPsxGmqsQ",
          "name": "Grad",
          "type": null,
          "probability": 1,
          "modifiers": [
            "private"
          ],
          "to_variable": {
            "key": "_3dxpgApwEDaaWuPsxGmqsQ",
            "name": "Grad",
            "type": null,
            "modifiers": [
              "private"
            ],
            "position": {}
          },
          "position": {}
        },
        "_wYAgsApwEDaaWuPsxGmqsQ": {
          "key": "_wYAgsApwEDaaWuPsxGmqsQ",
          "name": "Kontakt",
          "type": null,
          "probability": 1,
          "modifiers": [
            "private"
          ],
          "to_variable": {
            "key": "_3dyQkApwEDaaWuPsxGmqsQ",
            "name": "Kontakt",
            "type": null,
            "modifiers": [
              "private"
            ],
            "position": {}
          },
          "position": {}
        }
      }
    }
  }
}