{
  "report_version": "unknown",
  "report_timestamp": "2025-03-26T22:27:06.629Z",
  "target_language": "java",
  "report_summary": {
    "additional": null,
    "amount_classes_or_interfaces_with_data_clumps": 2,
    "amount_files_with_data_clumps": 2,
    "amount_methods_with_data_clumps": 2,
    "fields_to_fields_data_clump": 0,
    "parameters_to_fields_data_clump": 0,
    "parameters_to_parameters_data_clump": 2,
    "amount_data_clumps": 2
  },
  "project_info": {
    "project_url": "unknown_project_url",
    "project_name": "73221673-4ae5-4433-82bd-4778ff35939a",
    "project_version": "unknown_project_version",
    "project_commit_hash": "unknown",
    "project_tag": null,
    "project_commit_date": null,
    "additional": {},
    "number_of_files": 14,
    "number_of_classes_or_interfaces": 14,
    "number_of_methods": 31,
    "number_of_data_fields": 22,
    "number_of_method_parameters": 20
  },
  "detector": {
    "name": "data-clumps-doctor",
    "url": "https://github.com/NilsBaumgartner1994/data-clumps-doctor",
    "version": "0.1.100",
    "options": {
      "typeVariablesConsidered": false,
      "similarityModifierOfVariablesWithUnknownType": 0,
      "fieldsOfClassesWithUnknownHierarchyProbabilityModifier": 0,
      "sharedFieldsToFieldsAmountMinimum": 3,
      "analyseFieldsInClassesOrInterfacesInheritedFromSuperClassesOrInterfaces": false,
      "sharedParametersToParametersAmountMinimum": 3,
      "sharedParametersToFieldsAmountMinimum": 3,
      "methodsOfClassesOrInterfacesWithUnknownHierarchyProbabilityModifier": 0
    }
  },
  "data_clumps": {
    "parameters_to_parameters_data_clump-./Ecran-_KNyMEEsdEDKv0LCD1j2pLQ-_zh6RwFFWEDKlPMfASx2sjA-parameterparameter2parameter3": {
      "type": "data_clump",
      "key": "parameters_to_parameters_data_clump-./Ecran-_KNyMEEsdEDKv0LCD1j2pLQ-_zh6RwFFWEDKlPMfASx2sjA-parameterparameter2parameter3",
      "probability": 1,
      "from_file_path": "./Ecran",
      "from_class_or_interface_name": "Ecran",
      "from_class_or_interface_key": "_8oSLQEsSEDKv0LCD1j2pLQ",
      "from_method_name": "maj_couleur",
      "from_method_key": "_KNyMEEsdEDKv0LCD1j2pLQ",
      "to_file_path": "./Led",
      "to_class_or_interface_name": "Led",
      "to_class_or_interface_key": "_iuA5QEsgEDKv0LCD1j2pLQ",
      "to_method_name": "clignoter_couleur",
      "to_method_key": "_zh6RwFFWEDKlPMfASx2sjA",
      "data_clump_type": "parameters_to_parameters_data_clump",
      "data_clump_data": {
        "_XOLL0FFVEDKlPMfASx2sjA": {
          "key": "_XOLL0FFVEDKlPMfASx2sjA",
          "name": "parameter",
          "type": null,
          "probability": 1,
          "modifiers": [],
          "to_variable": {
            "key": "_2D_M8FFWEDKlPMfASx2sjA",
            "name": "parameter",
            "type": null,
            "modifiers": [],
            "position": {}
          },
          "position": {}
        },
        "_Xi2bUFFVEDKlPMfASx2sjA": {
          "key": "_Xi2bUFFVEDKlPMfASx2sjA",
          "name": "parameter2",
          "type": null,
          "probability": 1,
          "modifiers": [],
          "to_variable": {
            "key": "_2aY6wFFWEDKlPMfASx2sjA",
            "name": "parameter2",
            "type": null,
            "modifiers": [],
            "position": {}
          },
          "position": {}
        },
        "_X2tLcFFVEDKlPMfASx2sjA": {
          "key": "_X2tLcFFVEDKlPMfASx2sjA",
          "name": "parameter3",
          "type": null,
          "probability": 1,
          "modifiers": [],
          "to_variable": {
            "key": "_2xzVMFFWEDKlPMfASx2sjA",
            "name": "parameter3",
            "type": null,
            "modifiers": [],
            "position": {}
          },
          "position": {}
        }
      }
    },
    "parameters_to_parameters_data_clump-./Led-_zh6RwFFWEDKlPMfASx2sjA-_KNyMEEsdEDKv0LCD1j2pLQ-parameterparameter2parameter3": {
      "type": "data_clump",
      "key": "parameters_to_parameters_data_clump-./Led-_zh6RwFFWEDKlPMfASx2sjA-_KNyMEEsdEDKv0LCD1j2pLQ-parameterparameter2parameter3",
      "probability": 1,
      "from_file_path": "./Led",
      "from_class_or_interface_name": "Led",
      "from_class_or_interface_key": "_iuA5QEsgEDKv0LCD1j2pLQ",
      "from_method_name": "clignoter_couleur",
      "from_method_key": "_zh6RwFFWEDKlPMfASx2sjA",
      "to_file_path": "./Ecran",
      "to_class_or_interface_name": "Ecran",
      "to_class_or_interface_key": "_8oSLQEsSEDKv0LCD1j2pLQ",
      "to_method_name": "maj_couleur",
      "to_method_key": "_KNyMEEsdEDKv0LCD1j2pLQ",
      "data_clump_type": "parameters_to_parameters_data_clump",
      "data_clump_data": {
        "_2D_M8FFWEDKlPMfASx2sjA": {
          "key": "_2D_M8FFWEDKlPMfASx2sjA",
          "name": "parameter",
          "type": null,
          "probability": 1,
          "modifiers": [],
          "to_variable": {
            "key": "_XOLL0FFVEDKlPMfASx2sjA",
            "name": "parameter",
            "type": null,
            "modifiers": [],
            "position": {}
          },
          "position": {}
        },
        "_2aY6wFFWEDKlPMfASx2sjA": {
          "key": "_2aY6wFFWEDKlPMfASx2sjA",
          "name": "parameter2",
          "type": null,
          "probability": 1,
          "modifiers": [],
          "to_variable": {
            "key": "_Xi2bUFFVEDKlPMfASx2sjA",
            "name": "parameter2",
            "type": null,
            "modifiers": [],
            "position": {}
          },
          "position": {}
        },
        "_2xzVMFFWEDKlPMfASx2sjA": {
          "key": "_2xzVMFFWEDKlPMfASx2sjA",
          "name": "parameter3",
          "type": null,
          "probability": 1,
          "modifiers": [],
          "to_variable": {
            "key": "_X2tLcFFVEDKlPMfASx2sjA",
            "name": "parameter3",
            "type": null,
            "modifiers": [],
            "position": {}
          },
          "position": {}
        }
      }
    }
  }
}