{
  "report_version": "unknown",
  "report_timestamp": "2025-03-26T22:31:59.652Z",
  "target_language": "java",
  "report_summary": {
    "additional": null,
    "amount_classes_or_interfaces_with_data_clumps": 3,
    "amount_files_with_data_clumps": 3,
    "amount_methods_with_data_clumps": 5,
    "fields_to_fields_data_clump": 0,
    "parameters_to_fields_data_clump": 0,
    "parameters_to_parameters_data_clump": 20,
    "amount_data_clumps": 20
  },
  "project_info": {
    "project_url": "unknown_project_url",
    "project_name": "_6z1PsEbwEemB7r6RYSs12w",
    "project_version": "unknown_project_version",
    "project_commit_hash": "unknown",
    "project_tag": null,
    "project_commit_date": null,
    "additional": {},
    "number_of_files": 11,
    "number_of_classes_or_interfaces": 11,
    "number_of_methods": 22,
    "number_of_data_fields": 11,
    "number_of_method_parameters": 21
  },
  "detector": {
    "name": "data-clumps-doctor",
    "url": "https://github.com/NilsBaumgartner1994/data-clumps-doctor",
    "version": "0.1.100",
    "options": {
      "typeVariablesConsidered": false,
      "similarityModifierOfVariablesWithUnknownType": 0,
      "fieldsOfClassesWithUnknownHierarchyProbabilityModifier": 0,
      "sharedFieldsToFieldsAmountMinimum": 3,
      "analyseFieldsInClassesOrInterfacesInheritedFromSuperClassesOrInterfaces": false,
      "sharedParametersToParametersAmountMinimum": 3,
      "sharedParametersToFieldsAmountMinimum": 3,
      "methodsOfClassesOrInterfacesWithUnknownHierarchyProbabilityModifier": 0
    }
  },
  "data_clumps": {
    "parameters_to_parameters_data_clump-./Grille-_0KFTMCuOEDeiLfd0CD6L7g-_Ipt4wSkhEDedKKBDBEsZBQ-parameterparameter2parameter3": {
      "type": "data_clump",
      "key": "parameters_to_parameters_data_clump-./Grille-_0KFTMCuOEDeiLfd0CD6L7g-_Ipt4wSkhEDedKKBDBEsZBQ-parameterparameter2parameter3",
      "probability": 1,
      "from_file_path": "./Grille",
      "from_class_or_interface_name": "Grille",
      "from_class_or_interface_key": "_jFBvYSkgEDedKKBDBEsZBQ",
      "from_method_name": "Grille",
      "from_method_key": "_0KFTMCuOEDeiLfd0CD6L7g",
      "to_file_path": "./Grille",
      "to_class_or_interface_name": "Grille",
      "to_class_or_interface_key": "_jFBvYSkgEDedKKBDBEsZBQ",
      "to_method_name": "placerBateau",
      "to_method_key": "_Ipt4wSkhEDedKKBDBEsZBQ",
      "data_clump_type": "parameters_to_parameters_data_clump",
      "data_clump_data": {
        "_2vUQECuOEDeiLfd0CD6L7g": {
          "key": "_2vUQECuOEDeiLfd0CD6L7g",
          "name": "parameter",
          "type": null,
          "probability": 1,
          "modifiers": [],
          "to_variable": {
            "key": "_vei3gCklEDedKKBDBEsZBQ",
            "name": "parameter",
            "type": null,
            "modifiers": [],
            "position": {}
          },
          "position": {}
        },
        "_26JAACuOEDeiLfd0CD6L7g": {
          "key": "_26JAACuOEDeiLfd0CD6L7g",
          "name": "parameter2",
          "type": null,
          "probability": 1,
          "modifiers": [],
          "to_variable": {
            "key": "_1aL6ECkmEDedKKBDBEsZBQ",
            "name": "parameter2",
            "type": null,
            "modifiers": [],
            "position": {}
          },
          "position": {}
        },
        "_3IPGYCuOEDeiLfd0CD6L7g": {
          "key": "_3IPGYCuOEDeiLfd0CD6L7g",
          "name": "parameter3",
          "type": null,
          "probability": 1,
          "modifiers": [],
          "to_variable": {
            "key": "_3TUl8CkmEDedKKBDBEsZBQ",
            "name": "parameter3",
            "type": null,
            "modifiers": [],
            "position": {}
          },
          "position": {}
        }
      }
    },
    "parameters_to_parameters_data_clump-./Grille-_0KFTMCuOEDeiLfd0CD6L7g-_vjPWgDHGEDep5MXn3mQCXA-parameterparameter2parameter3": {
      "type": "data_clump",
      "key": "parameters_to_parameters_data_clump-./Grille-_0KFTMCuOEDeiLfd0CD6L7g-_vjPWgDHGEDep5MXn3mQCXA-parameterparameter2parameter3",
      "probability": 1,
      "from_file_path": "./Grille",
      "from_class_or_interface_name": "Grille",
      "from_class_or_interface_key": "_jFBvYSkgEDedKKBDBEsZBQ",
      "from_method_name": "Grille",
      "from_method_key": "_0KFTMCuOEDeiLfd0CD6L7g",
      "to_file_path": "./IA",
      "to_class_or_interface_name": "IA",
      "to_class_or_interface_key": "_jzsmMDHGEDep5MXn3mQCXA",
      "to_method_name": "IA",
      "to_method_key": "_vjPWgDHGEDep5MXn3mQCXA",
      "data_clump_type": "parameters_to_parameters_data_clump",
      "data_clump_data": {
        "_2vUQECuOEDeiLfd0CD6L7g": {
          "key": "_2vUQECuOEDeiLfd0CD6L7g",
          "name": "parameter",
          "type": null,
          "probability": 1,
          "modifiers": [],
          "to_variable": {
            "key": "_zlg5IDHGEDep5MXn3mQCXA",
            "name": "parameter",
            "type": null,
            "modifiers": [],
            "position": {}
          },
          "position": {}
        },
        "_26JAACuOEDeiLfd0CD6L7g": {
          "key": "_26JAACuOEDeiLfd0CD6L7g",
          "name": "parameter2",
          "type": null,
          "probability": 1,
          "modifiers": [],
          "to_variable": {
            "key": "_0Y9IQDHGEDep5MXn3mQCXA",
            "name": "parameter2",
            "type": null,
            "modifiers": [],
            "position": {}
          },
          "position": {}
        },
        "_3IPGYCuOEDeiLfd0CD6L7g": {
          "key": "_3IPGYCuOEDeiLfd0CD6L7g",
          "name": "parameter3",
          "type": null,
          "probability": 1,
          "modifiers": [],
          "to_variable": {
            "key": "_0wF14DHGEDep5MXn3mQCXA",
            "name": "parameter3",
            "type": null,
            "modifiers": [],
            "position": {}
          },
          "position": {}
        }
      }
    },
    "parameters_to_parameters_data_clump-./Grille-_0KFTMCuOEDeiLfd0CD6L7g-_JiDWUCuPEDeiLfd0CD6L7g-parameterparameter2parameter3": {
      "type": "data_clump",
      "key": "parameters_to_parameters_data_clump-./Grille-_0KFTMCuOEDeiLfd0CD6L7g-_JiDWUCuPEDeiLfd0CD6L7g-parameterparameter2parameter3",
      "probability": 1,
      "from_file_path": "./Grille",
      "from_class_or_interface_name": "Grille",
      "from_class_or_interface_key": "_jFBvYSkgEDedKKBDBEsZBQ",
      "from_method_name": "Grille",
      "from_method_key": "_0KFTMCuOEDeiLfd0CD6L7g",
      "to_file_path": "./Joueur",
      "to_class_or_interface_name": "Joueur",
      "to_class_or_interface_key": "_678kYSkkEDedKKBDBEsZBQ",
      "to_method_name": "Joueur",
      "to_method_key": "_JiDWUCuPEDeiLfd0CD6L7g",
      "data_clump_type": "parameters_to_parameters_data_clump",
      "data_clump_data": {
        "_2vUQECuOEDeiLfd0CD6L7g": {
          "key": "_2vUQECuOEDeiLfd0CD6L7g",
          "name": "parameter",
          "type": null,
          "probability": 1,
          "modifiers": [],
          "to_variable": {
            "key": "_KeH9ACuPEDeiLfd0CD6L7g",
            "name": "parameter",
            "type": null,
            "modifiers": [],
            "position": {}
          },
          "position": {}
        },
        "_26JAACuOEDeiLfd0CD6L7g": {
          "key": "_26JAACuOEDeiLfd0CD6L7g",
          "name": "parameter2",
          "type": null,
          "probability": 1,
          "modifiers": [],
          "to_variable": {
            "key": "_LXdYwCuPEDeiLfd0CD6L7g",
            "name": "parameter2",
            "type": null,
            "modifiers": [],
            "position": {}
          },
          "position": {}
        },
        "_3IPGYCuOEDeiLfd0CD6L7g": {
          "key": "_3IPGYCuOEDeiLfd0CD6L7g",
          "name": "parameter3",
          "type": null,
          "probability": 1,
          "modifiers": [],
          "to_variable": {
            "key": "_MCQpQCuPEDeiLfd0CD6L7g",
            "name": "parameter3",
            "type": null,
            "modifiers": [],
            "position": {}
          },
          "position": {}
        }
      }
    },
    "parameters_to_parameters_data_clump-./Grille-_0KFTMCuOEDeiLfd0CD6L7g-_D-UuYCkmEDedKKBDBEsZBQ-parameterparameter2parameter3": {
      "type": "data_clump",
      "key": "parameters_to_parameters_data_clump-./Grille-_0KFTMCuOEDeiLfd0CD6L7g-_D-UuYCkmEDedKKBDBEsZBQ-parameterparameter2parameter3",
      "probability": 1,
      "from_file_path": "./Grille",
      "from_class_or_interface_name": "Grille",
      "from_class_or_interface_key": "_jFBvYSkgEDedKKBDBEsZBQ",
      "from_method_name": "Grille",
      "from_method_key": "_0KFTMCuOEDeiLfd0CD6L7g",
      "to_file_path": "./Joueur",
      "to_class_or_interface_name": "Joueur",
      "to_class_or_interface_key": "_678kYSkkEDedKKBDBEsZBQ",
      "to_method_name": "attaquer",
      "to_method_key": "_D-UuYCkmEDedKKBDBEsZBQ",
      "data_clump_type": "parameters_to_parameters_data_clump",
      "data_clump_data": {
        "_2vUQECuOEDeiLfd0CD6L7g": {
          "key": "_2vUQECuOEDeiLfd0CD6L7g",
          "name": "parameter",
          "type": null,
          "probability": 1,
          "modifiers": [],
          "to_variable": {
            "key": "_OOtZECkmEDedKKBDBEsZBQ",
            "name": "parameter",
            "type": null,
            "modifiers": [],
            "position": {}
          },
          "position": {}
        },
        "_26JAACuOEDeiLfd0CD6L7g": {
          "key": "_26JAACuOEDeiLfd0CD6L7g",
          "name": "parameter2",
          "type": null,
          "probability": 1,
          "modifiers": [],
          "to_variable": {
            "key": "_TWkDsCkmEDedKKBDBEsZBQ",
            "name": "parameter2",
            "type": null,
            "modifiers": [],
            "position": {}
          },
          "position": {}
        },
        "_3IPGYCuOEDeiLfd0CD6L7g": {
          "key": "_3IPGYCuOEDeiLfd0CD6L7g",
          "name": "parameter3",
          "type": null,
          "probability": 1,
          "modifiers": [],
          "to_variable": {
            "key": "_Trt0UCkmEDedKKBDBEsZBQ",
            "name": "parameter3",
            "type": null,
            "modifiers": [],
            "position": {}
          },
          "position": {}
        }
      }
    },
    "parameters_to_parameters_data_clump-./Grille-_Ipt4wSkhEDedKKBDBEsZBQ-_0KFTMCuOEDeiLfd0CD6L7g-parameterparameter2parameter3": {
      "type": "data_clump",
      "key": "parameters_to_parameters_data_clump-./Grille-_Ipt4wSkhEDedKKBDBEsZBQ-_0KFTMCuOEDeiLfd0CD6L7g-parameterparameter2parameter3",
      "probability": 1,
      "from_file_path": "./Grille",
      "from_class_or_interface_name": "Grille",
      "from_class_or_interface_key": "_jFBvYSkgEDedKKBDBEsZBQ",
      "from_method_name": "placerBateau",
      "from_method_key": "_Ipt4wSkhEDedKKBDBEsZBQ",
      "to_file_path": "./Grille",
      "to_class_or_interface_name": "Grille",
      "to_class_or_interface_key": "_jFBvYSkgEDedKKBDBEsZBQ",
      "to_method_name": "Grille",
      "to_method_key": "_0KFTMCuOEDeiLfd0CD6L7g",
      "data_clump_type": "parameters_to_parameters_data_clump",
      "data_clump_data": {
        "_vei3gCklEDedKKBDBEsZBQ": {
          "key": "_vei3gCklEDedKKBDBEsZBQ",
          "name": "parameter",
          "type": null,
          "probability": 1,
          "modifiers": [],
          "to_variable": {
            "key": "_2vUQECuOEDeiLfd0CD6L7g",
            "name": "parameter",
            "type": null,
            "modifiers": [],
            "position": {}
          },
          "position": {}
        },
        "_1aL6ECkmEDedKKBDBEsZBQ": {
          "key": "_1aL6ECkmEDedKKBDBEsZBQ",
          "name": "parameter2",
          "type": null,
          "probability": 1,
          "modifiers": [],
          "to_variable": {
            "key": "_26JAACuOEDeiLfd0CD6L7g",
            "name": "parameter2",
            "type": null,
            "modifiers": [],
            "position": {}
          },
          "position": {}
        },
        "_3TUl8CkmEDedKKBDBEsZBQ": {
          "key": "_3TUl8CkmEDedKKBDBEsZBQ",
          "name": "parameter3",
          "type": null,
          "probability": 1,
          "modifiers": [],
          "to_variable": {
            "key": "_3IPGYCuOEDeiLfd0CD6L7g",
            "name": "parameter3",
            "type": null,
            "modifiers": [],
            "position": {}
          },
          "position": {}
        }
      }
    },
    "parameters_to_parameters_data_clump-./Grille-_Ipt4wSkhEDedKKBDBEsZBQ-_vjPWgDHGEDep5MXn3mQCXA-parameterparameter2parameter3": {
      "type": "data_clump",
      "key": "parameters_to_parameters_data_clump-./Grille-_Ipt4wSkhEDedKKBDBEsZBQ-_vjPWgDHGEDep5MXn3mQCXA-parameterparameter2parameter3",
      "probability": 1,
      "from_file_path": "./Grille",
      "from_class_or_interface_name": "Grille",
      "from_class_or_interface_key": "_jFBvYSkgEDedKKBDBEsZBQ",
      "from_method_name": "placerBateau",
      "from_method_key": "_Ipt4wSkhEDedKKBDBEsZBQ",
      "to_file_path": "./IA",
      "to_class_or_interface_name": "IA",
      "to_class_or_interface_key": "_jzsmMDHGEDep5MXn3mQCXA",
      "to_method_name": "IA",
      "to_method_key": "_vjPWgDHGEDep5MXn3mQCXA",
      "data_clump_type": "parameters_to_parameters_data_clump",
      "data_clump_data": {
        "_vei3gCklEDedKKBDBEsZBQ": {
          "key": "_vei3gCklEDedKKBDBEsZBQ",
          "name": "parameter",
          "type": null,
          "probability": 1,
          "modifiers": [],
          "to_variable": {
            "key": "_zlg5IDHGEDep5MXn3mQCXA",
            "name": "parameter",
            "type": null,
            "modifiers": [],
            "position": {}
          },
          "position": {}
        },
        "_1aL6ECkmEDedKKBDBEsZBQ": {
          "key": "_1aL6ECkmEDedKKBDBEsZBQ",
          "name": "parameter2",
          "type": null,
          "probability": 1,
          "modifiers": [],
          "to_variable": {
            "key": "_0Y9IQDHGEDep5MXn3mQCXA",
            "name": "parameter2",
            "type": null,
            "modifiers": [],
            "position": {}
          },
          "position": {}
        },
        "_3TUl8CkmEDedKKBDBEsZBQ": {
          "key": "_3TUl8CkmEDedKKBDBEsZBQ",
          "name": "parameter3",
          "type": null,
          "probability": 1,
          "modifiers": [],
          "to_variable": {
            "key": "_0wF14DHGEDep5MXn3mQCXA",
            "name": "parameter3",
            "type": null,
            "modifiers": [],
            "position": {}
          },
          "position": {}
        }
      }
    },
    "parameters_to_parameters_data_clump-./Grille-_Ipt4wSkhEDedKKBDBEsZBQ-_JiDWUCuPEDeiLfd0CD6L7g-parameterparameter2parameter3": {
      "type": "data_clump",
      "key": "parameters_to_parameters_data_clump-./Grille-_Ipt4wSkhEDedKKBDBEsZBQ-_JiDWUCuPEDeiLfd0CD6L7g-parameterparameter2parameter3",
      "probability": 1,
      "from_file_path": "./Grille",
      "from_class_or_interface_name": "Grille",
      "from_class_or_interface_key": "_jFBvYSkgEDedKKBDBEsZBQ",
      "from_method_name": "placerBateau",
      "from_method_key": "_Ipt4wSkhEDedKKBDBEsZBQ",
      "to_file_path": "./Joueur",
      "to_class_or_interface_name": "Joueur",
      "to_class_or_interface_key": "_678kYSkkEDedKKBDBEsZBQ",
      "to_method_name": "Joueur",
      "to_method_key": "_JiDWUCuPEDeiLfd0CD6L7g",
      "data_clump_type": "parameters_to_parameters_data_clump",
      "data_clump_data": {
        "_vei3gCklEDedKKBDBEsZBQ": {
          "key": "_vei3gCklEDedKKBDBEsZBQ",
          "name": "parameter",
          "type": null,
          "probability": 1,
          "modifiers": [],
          "to_variable": {
            "key": "_KeH9ACuPEDeiLfd0CD6L7g",
            "name": "parameter",
            "type": null,
            "modifiers": [],
            "position": {}
          },
          "position": {}
        },
        "_1aL6ECkmEDedKKBDBEsZBQ": {
          "key": "_1aL6ECkmEDedKKBDBEsZBQ",
          "name": "parameter2",
          "type": null,
          "probability": 1,
          "modifiers": [],
          "to_variable": {
            "key": "_LXdYwCuPEDeiLfd0CD6L7g",
            "name": "parameter2",
            "type": null,
            "modifiers": [],
            "position": {}
          },
          "position": {}
        },
        "_3TUl8CkmEDedKKBDBEsZBQ": {
          "key": "_3TUl8CkmEDedKKBDBEsZBQ",
          "name": "parameter3",
          "type": null,
          "probability": 1,
          "modifiers": [],
          "to_variable": {
            "key": "_MCQpQCuPEDeiLfd0CD6L7g",
            "name": "parameter3",
            "type": null,
            "modifiers": [],
            "position": {}
          },
          "position": {}
        }
      }
    },
    "parameters_to_parameters_data_clump-./Grille-_Ipt4wSkhEDedKKBDBEsZBQ-_D-UuYCkmEDedKKBDBEsZBQ-parameterparameter2parameter3": {
      "type": "data_clump",
      "key": "parameters_to_parameters_data_clump-./Grille-_Ipt4wSkhEDedKKBDBEsZBQ-_D-UuYCkmEDedKKBDBEsZBQ-parameterparameter2parameter3",
      "probability": 1,
      "from_file_path": "./Grille",
      "from_class_or_interface_name": "Grille",
      "from_class_or_interface_key": "_jFBvYSkgEDedKKBDBEsZBQ",
      "from_method_name": "placerBateau",
      "from_method_key": "_Ipt4wSkhEDedKKBDBEsZBQ",
      "to_file_path": "./Joueur",
      "to_class_or_interface_name": "Joueur",
      "to_class_or_interface_key": "_678kYSkkEDedKKBDBEsZBQ",
      "to_method_name": "attaquer",
      "to_method_key": "_D-UuYCkmEDedKKBDBEsZBQ",
      "data_clump_type": "parameters_to_parameters_data_clump",
      "data_clump_data": {
        "_vei3gCklEDedKKBDBEsZBQ": {
          "key": "_vei3gCklEDedKKBDBEsZBQ",
          "name": "parameter",
          "type": null,
          "probability": 1,
          "modifiers": [],
          "to_variable": {
            "key": "_OOtZECkmEDedKKBDBEsZBQ",
            "name": "parameter",
            "type": null,
            "modifiers": [],
            "position": {}
          },
          "position": {}
        },
        "_1aL6ECkmEDedKKBDBEsZBQ": {
          "key": "_1aL6ECkmEDedKKBDBEsZBQ",
          "name": "parameter2",
          "type": null,
          "probability": 1,
          "modifiers": [],
          "to_variable": {
            "key": "_TWkDsCkmEDedKKBDBEsZBQ",
            "name": "parameter2",
            "type": null,
            "modifiers": [],
            "position": {}
          },
          "position": {}
        },
        "_3TUl8CkmEDedKKBDBEsZBQ": {
          "key": "_3TUl8CkmEDedKKBDBEsZBQ",
          "name": "parameter3",
          "type": null,
          "probability": 1,
          "modifiers": [],
          "to_variable": {
            "key": "_Trt0UCkmEDedKKBDBEsZBQ",
            "name": "parameter3",
            "type": null,
            "modifiers": [],
            "position": {}
          },
          "position": {}
        }
      }
    },
    "parameters_to_parameters_data_clump-./IA-_vjPWgDHGEDep5MXn3mQCXA-_0KFTMCuOEDeiLfd0CD6L7g-parameterparameter2parameter3": {
      "type": "data_clump",
      "key": "parameters_to_parameters_data_clump-./IA-_vjPWgDHGEDep5MXn3mQCXA-_0KFTMCuOEDeiLfd0CD6L7g-parameterparameter2parameter3",
      "probability": 1,
      "from_file_path": "./IA",
      "from_class_or_interface_name": "IA",
      "from_class_or_interface_key": "_jzsmMDHGEDep5MXn3mQCXA",
      "from_method_name": "IA",
      "from_method_key": "_vjPWgDHGEDep5MXn3mQCXA",
      "to_file_path": "./Grille",
      "to_class_or_interface_name": "Grille",
      "to_class_or_interface_key": "_jFBvYSkgEDedKKBDBEsZBQ",
      "to_method_name": "Grille",
      "to_method_key": "_0KFTMCuOEDeiLfd0CD6L7g",
      "data_clump_type": "parameters_to_parameters_data_clump",
      "data_clump_data": {
        "_zlg5IDHGEDep5MXn3mQCXA": {
          "key": "_zlg5IDHGEDep5MXn3mQCXA",
          "name": "parameter",
          "type": null,
          "probability": 1,
          "modifiers": [],
          "to_variable": {
            "key": "_2vUQECuOEDeiLfd0CD6L7g",
            "name": "parameter",
            "type": null,
            "modifiers": [],
            "position": {}
          },
          "position": {}
        },
        "_0Y9IQDHGEDep5MXn3mQCXA": {
          "key": "_0Y9IQDHGEDep5MXn3mQCXA",
          "name": "parameter2",
          "type": null,
          "probability": 1,
          "modifiers": [],
          "to_variable": {
            "key": "_26JAACuOEDeiLfd0CD6L7g",
            "name": "parameter2",
            "type": null,
            "modifiers": [],
            "position": {}
          },
          "position": {}
        },
        "_0wF14DHGEDep5MXn3mQCXA": {
          "key": "_0wF14DHGEDep5MXn3mQCXA",
          "name": "parameter3",
          "type": null,
          "probability": 1,
          "modifiers": [],
          "to_variable": {
            "key": "_3IPGYCuOEDeiLfd0CD6L7g",
            "name": "parameter3",
            "type": null,
            "modifiers": [],
            "position": {}
          },
          "position": {}
        }
      }
    },
    "parameters_to_parameters_data_clump-./IA-_vjPWgDHGEDep5MXn3mQCXA-_Ipt4wSkhEDedKKBDBEsZBQ-parameterparameter2parameter3": {
      "type": "data_clump",
      "key": "parameters_to_parameters_data_clump-./IA-_vjPWgDHGEDep5MXn3mQCXA-_Ipt4wSkhEDedKKBDBEsZBQ-parameterparameter2parameter3",
      "probability": 1,
      "from_file_path": "./IA",
      "from_class_or_interface_name": "IA",
      "from_class_or_interface_key": "_jzsmMDHGEDep5MXn3mQCXA",
      "from_method_name": "IA",
      "from_method_key": "_vjPWgDHGEDep5MXn3mQCXA",
      "to_file_path": "./Grille",
      "to_class_or_interface_name": "Grille",
      "to_class_or_interface_key": "_jFBvYSkgEDedKKBDBEsZBQ",
      "to_method_name": "placerBateau",
      "to_method_key": "_Ipt4wSkhEDedKKBDBEsZBQ",
      "data_clump_type": "parameters_to_parameters_data_clump",
      "data_clump_data": {
        "_zlg5IDHGEDep5MXn3mQCXA": {
          "key": "_zlg5IDHGEDep5MXn3mQCXA",
          "name": "parameter",
          "type": null,
          "probability": 1,
          "modifiers": [],
          "to_variable": {
            "key": "_vei3gCklEDedKKBDBEsZBQ",
            "name": "parameter",
            "type": null,
            "modifiers": [],
            "position": {}
          },
          "position": {}
        },
        "_0Y9IQDHGEDep5MXn3mQCXA": {
          "key": "_0Y9IQDHGEDep5MXn3mQCXA",
          "name": "parameter2",
          "type": null,
          "probability": 1,
          "modifiers": [],
          "to_variable": {
            "key": "_1aL6ECkmEDedKKBDBEsZBQ",
            "name": "parameter2",
            "type": null,
            "modifiers": [],
            "position": {}
          },
          "position": {}
        },
        "_0wF14DHGEDep5MXn3mQCXA": {
          "key": "_0wF14DHGEDep5MXn3mQCXA",
          "name": "parameter3",
          "type": null,
          "probability": 1,
          "modifiers": [],
          "to_variable": {
            "key": "_3TUl8CkmEDedKKBDBEsZBQ",
            "name": "parameter3",
            "type": null,
            "modifiers": [],
            "position": {}
          },
          "position": {}
        }
      }
    },
    "parameters_to_parameters_data_clump-./IA-_vjPWgDHGEDep5MXn3mQCXA-_JiDWUCuPEDeiLfd0CD6L7g-parameterparameter2parameter3": {
      "type": "data_clump",
      "key": "parameters_to_parameters_data_clump-./IA-_vjPWgDHGEDep5MXn3mQCXA-_JiDWUCuPEDeiLfd0CD6L7g-parameterparameter2parameter3",
      "probability": 1,
      "from_file_path": "./IA",
      "from_class_or_interface_name": "IA",
      "from_class_or_interface_key": "_jzsmMDHGEDep5MXn3mQCXA",
      "from_method_name": "IA",
      "from_method_key": "_vjPWgDHGEDep5MXn3mQCXA",
      "to_file_path": "./Joueur",
      "to_class_or_interface_name": "Joueur",
      "to_class_or_interface_key": "_678kYSkkEDedKKBDBEsZBQ",
      "to_method_name": "Joueur",
      "to_method_key": "_JiDWUCuPEDeiLfd0CD6L7g",
      "data_clump_type": "parameters_to_parameters_data_clump",
      "data_clump_data": {
        "_zlg5IDHGEDep5MXn3mQCXA": {
          "key": "_zlg5IDHGEDep5MXn3mQCXA",
          "name": "parameter",
          "type": null,
          "probability": 1,
          "modifiers": [],
          "to_variable": {
            "key": "_KeH9ACuPEDeiLfd0CD6L7g",
            "name": "parameter",
            "type": null,
            "modifiers": [],
            "position": {}
          },
          "position": {}
        },
        "_0Y9IQDHGEDep5MXn3mQCXA": {
          "key": "_0Y9IQDHGEDep5MXn3mQCXA",
          "name": "parameter2",
          "type": null,
          "probability": 1,
          "modifiers": [],
          "to_variable": {
            "key": "_LXdYwCuPEDeiLfd0CD6L7g",
            "name": "parameter2",
            "type": null,
            "modifiers": [],
            "position": {}
          },
          "position": {}
        },
        "_0wF14DHGEDep5MXn3mQCXA": {
          "key": "_0wF14DHGEDep5MXn3mQCXA",
          "name": "parameter3",
          "type": null,
          "probability": 1,
          "modifiers": [],
          "to_variable": {
            "key": "_MCQpQCuPEDeiLfd0CD6L7g",
            "name": "parameter3",
            "type": null,
            "modifiers": [],
            "position": {}
          },
          "position": {}
        }
      }
    },
    "parameters_to_parameters_data_clump-./IA-_vjPWgDHGEDep5MXn3mQCXA-_D-UuYCkmEDedKKBDBEsZBQ-parameterparameter2parameter3": {
      "type": "data_clump",
      "key": "parameters_to_parameters_data_clump-./IA-_vjPWgDHGEDep5MXn3mQCXA-_D-UuYCkmEDedKKBDBEsZBQ-parameterparameter2parameter3",
      "probability": 1,
      "from_file_path": "./IA",
      "from_class_or_interface_name": "IA",
      "from_class_or_interface_key": "_jzsmMDHGEDep5MXn3mQCXA",
      "from_method_name": "IA",
      "from_method_key": "_vjPWgDHGEDep5MXn3mQCXA",
      "to_file_path": "./Joueur",
      "to_class_or_interface_name": "Joueur",
      "to_class_or_interface_key": "_678kYSkkEDedKKBDBEsZBQ",
      "to_method_name": "attaquer",
      "to_method_key": "_D-UuYCkmEDedKKBDBEsZBQ",
      "data_clump_type": "parameters_to_parameters_data_clump",
      "data_clump_data": {
        "_zlg5IDHGEDep5MXn3mQCXA": {
          "key": "_zlg5IDHGEDep5MXn3mQCXA",
          "name": "parameter",
          "type": null,
          "probability": 1,
          "modifiers": [],
          "to_variable": {
            "key": "_OOtZECkmEDedKKBDBEsZBQ",
            "name": "parameter",
            "type": null,
            "modifiers": [],
            "position": {}
          },
          "position": {}
        },
        "_0Y9IQDHGEDep5MXn3mQCXA": {
          "key": "_0Y9IQDHGEDep5MXn3mQCXA",
          "name": "parameter2",
          "type": null,
          "probability": 1,
          "modifiers": [],
          "to_variable": {
            "key": "_TWkDsCkmEDedKKBDBEsZBQ",
            "name": "parameter2",
            "type": null,
            "modifiers": [],
            "position": {}
          },
          "position": {}
        },
        "_0wF14DHGEDep5MXn3mQCXA": {
          "key": "_0wF14DHGEDep5MXn3mQCXA",
          "name": "parameter3",
          "type": null,
          "probability": 1,
          "modifiers": [],
          "to_variable": {
            "key": "_Trt0UCkmEDedKKBDBEsZBQ",
            "name": "parameter3",
            "type": null,
            "modifiers": [],
            "position": {}
          },
          "position": {}
        }
      }
    },
    "parameters_to_parameters_data_clump-./Joueur-_JiDWUCuPEDeiLfd0CD6L7g-_0KFTMCuOEDeiLfd0CD6L7g-parameterparameter2parameter3": {
      "type": "data_clump",
      "key": "parameters_to_parameters_data_clump-./Joueur-_JiDWUCuPEDeiLfd0CD6L7g-_0KFTMCuOEDeiLfd0CD6L7g-parameterparameter2parameter3",
      "probability": 1,
      "from_file_path": "./Joueur",
      "from_class_or_interface_name": "Joueur",
      "from_class_or_interface_key": "_678kYSkkEDedKKBDBEsZBQ",
      "from_method_name": "Joueur",
      "from_method_key": "_JiDWUCuPEDeiLfd0CD6L7g",
      "to_file_path": "./Grille",
      "to_class_or_interface_name": "Grille",
      "to_class_or_interface_key": "_jFBvYSkgEDedKKBDBEsZBQ",
      "to_method_name": "Grille",
      "to_method_key": "_0KFTMCuOEDeiLfd0CD6L7g",
      "data_clump_type": "parameters_to_parameters_data_clump",
      "data_clump_data": {
        "_KeH9ACuPEDeiLfd0CD6L7g": {
          "key": "_KeH9ACuPEDeiLfd0CD6L7g",
          "name": "parameter",
          "type": null,
          "probability": 1,
          "modifiers": [],
          "to_variable": {
            "key": "_2vUQECuOEDeiLfd0CD6L7g",
            "name": "parameter",
            "type": null,
            "modifiers": [],
            "position": {}
          },
          "position": {}
        },
        "_LXdYwCuPEDeiLfd0CD6L7g": {
          "key": "_LXdYwCuPEDeiLfd0CD6L7g",
          "name": "parameter2",
          "type": null,
          "probability": 1,
          "modifiers": [],
          "to_variable": {
            "key": "_26JAACuOEDeiLfd0CD6L7g",
            "name": "parameter2",
            "type": null,
            "modifiers": [],
            "position": {}
          },
          "position": {}
        },
        "_MCQpQCuPEDeiLfd0CD6L7g": {
          "key": "_MCQpQCuPEDeiLfd0CD6L7g",
          "name": "parameter3",
          "type": null,
          "probability": 1,
          "modifiers": [],
          "to_variable": {
            "key": "_3IPGYCuOEDeiLfd0CD6L7g",
            "name": "parameter3",
            "type": null,
            "modifiers": [],
            "position": {}
          },
          "position": {}
        }
      }
    },
    "parameters_to_parameters_data_clump-./Joueur-_JiDWUCuPEDeiLfd0CD6L7g-_Ipt4wSkhEDedKKBDBEsZBQ-parameterparameter2parameter3": {
      "type": "data_clump",
      "key": "parameters_to_parameters_data_clump-./Joueur-_JiDWUCuPEDeiLfd0CD6L7g-_Ipt4wSkhEDedKKBDBEsZBQ-parameterparameter2parameter3",
      "probability": 1,
      "from_file_path": "./Joueur",
      "from_class_or_interface_name": "Joueur",
      "from_class_or_interface_key": "_678kYSkkEDedKKBDBEsZBQ",
      "from_method_name": "Joueur",
      "from_method_key": "_JiDWUCuPEDeiLfd0CD6L7g",
      "to_file_path": "./Grille",
      "to_class_or_interface_name": "Grille",
      "to_class_or_interface_key": "_jFBvYSkgEDedKKBDBEsZBQ",
      "to_method_name": "placerBateau",
      "to_method_key": "_Ipt4wSkhEDedKKBDBEsZBQ",
      "data_clump_type": "parameters_to_parameters_data_clump",
      "data_clump_data": {
        "_KeH9ACuPEDeiLfd0CD6L7g": {
          "key": "_KeH9ACuPEDeiLfd0CD6L7g",
          "name": "parameter",
          "type": null,
          "probability": 1,
          "modifiers": [],
          "to_variable": {
            "key": "_vei3gCklEDedKKBDBEsZBQ",
            "name": "parameter",
            "type": null,
            "modifiers": [],
            "position": {}
          },
          "position": {}
        },
        "_LXdYwCuPEDeiLfd0CD6L7g": {
          "key": "_LXdYwCuPEDeiLfd0CD6L7g",
          "name": "parameter2",
          "type": null,
          "probability": 1,
          "modifiers": [],
          "to_variable": {
            "key": "_1aL6ECkmEDedKKBDBEsZBQ",
            "name": "parameter2",
            "type": null,
            "modifiers": [],
            "position": {}
          },
          "position": {}
        },
        "_MCQpQCuPEDeiLfd0CD6L7g": {
          "key": "_MCQpQCuPEDeiLfd0CD6L7g",
          "name": "parameter3",
          "type": null,
          "probability": 1,
          "modifiers": [],
          "to_variable": {
            "key": "_3TUl8CkmEDedKKBDBEsZBQ",
            "name": "parameter3",
            "type": null,
            "modifiers": [],
            "position": {}
          },
          "position": {}
        }
      }
    },
    "parameters_to_parameters_data_clump-./Joueur-_JiDWUCuPEDeiLfd0CD6L7g-_vjPWgDHGEDep5MXn3mQCXA-parameterparameter2parameter3": {
      "type": "data_clump",
      "key": "parameters_to_parameters_data_clump-./Joueur-_JiDWUCuPEDeiLfd0CD6L7g-_vjPWgDHGEDep5MXn3mQCXA-parameterparameter2parameter3",
      "probability": 1,
      "from_file_path": "./Joueur",
      "from_class_or_interface_name": "Joueur",
      "from_class_or_interface_key": "_678kYSkkEDedKKBDBEsZBQ",
      "from_method_name": "Joueur",
      "from_method_key": "_JiDWUCuPEDeiLfd0CD6L7g",
      "to_file_path": "./IA",
      "to_class_or_interface_name": "IA",
      "to_class_or_interface_key": "_jzsmMDHGEDep5MXn3mQCXA",
      "to_method_name": "IA",
      "to_method_key": "_vjPWgDHGEDep5MXn3mQCXA",
      "data_clump_type": "parameters_to_parameters_data_clump",
      "data_clump_data": {
        "_KeH9ACuPEDeiLfd0CD6L7g": {
          "key": "_KeH9ACuPEDeiLfd0CD6L7g",
          "name": "parameter",
          "type": null,
          "probability": 1,
          "modifiers": [],
          "to_variable": {
            "key": "_zlg5IDHGEDep5MXn3mQCXA",
            "name": "parameter",
            "type": null,
            "modifiers": [],
            "position": {}
          },
          "position": {}
        },
        "_LXdYwCuPEDeiLfd0CD6L7g": {
          "key": "_LXdYwCuPEDeiLfd0CD6L7g",
          "name": "parameter2",
          "type": null,
          "probability": 1,
          "modifiers": [],
          "to_variable": {
            "key": "_0Y9IQDHGEDep5MXn3mQCXA",
            "name": "parameter2",
            "type": null,
            "modifiers": [],
            "position": {}
          },
          "position": {}
        },
        "_MCQpQCuPEDeiLfd0CD6L7g": {
          "key": "_MCQpQCuPEDeiLfd0CD6L7g",
          "name": "parameter3",
          "type": null,
          "probability": 1,
          "modifiers": [],
          "to_variable": {
            "key": "_0wF14DHGEDep5MXn3mQCXA",
            "name": "parameter3",
            "type": null,
            "modifiers": [],
            "position": {}
          },
          "position": {}
        }
      }
    },
    "parameters_to_parameters_data_clump-./Joueur-_JiDWUCuPEDeiLfd0CD6L7g-_D-UuYCkmEDedKKBDBEsZBQ-parameterparameter2parameter3": {
      "type": "data_clump",
      "key": "parameters_to_parameters_data_clump-./Joueur-_JiDWUCuPEDeiLfd0CD6L7g-_D-UuYCkmEDedKKBDBEsZBQ-parameterparameter2parameter3",
      "probability": 1,
      "from_file_path": "./Joueur",
      "from_class_or_interface_name": "Joueur",
      "from_class_or_interface_key": "_678kYSkkEDedKKBDBEsZBQ",
      "from_method_name": "Joueur",
      "from_method_key": "_JiDWUCuPEDeiLfd0CD6L7g",
      "to_file_path": "./Joueur",
      "to_class_or_interface_name": "Joueur",
      "to_class_or_interface_key": "_678kYSkkEDedKKBDBEsZBQ",
      "to_method_name": "attaquer",
      "to_method_key": "_D-UuYCkmEDedKKBDBEsZBQ",
      "data_clump_type": "parameters_to_parameters_data_clump",
      "data_clump_data": {
        "_KeH9ACuPEDeiLfd0CD6L7g": {
          "key": "_KeH9ACuPEDeiLfd0CD6L7g",
          "name": "parameter",
          "type": null,
          "probability": 1,
          "modifiers": [],
          "to_variable": {
            "key": "_OOtZECkmEDedKKBDBEsZBQ",
            "name": "parameter",
            "type": null,
            "modifiers": [],
            "position": {}
          },
          "position": {}
        },
        "_LXdYwCuPEDeiLfd0CD6L7g": {
          "key": "_LXdYwCuPEDeiLfd0CD6L7g",
          "name": "parameter2",
          "type": null,
          "probability": 1,
          "modifiers": [],
          "to_variable": {
            "key": "_TWkDsCkmEDedKKBDBEsZBQ",
            "name": "parameter2",
            "type": null,
            "modifiers": [],
            "position": {}
          },
          "position": {}
        },
        "_MCQpQCuPEDeiLfd0CD6L7g": {
          "key": "_MCQpQCuPEDeiLfd0CD6L7g",
          "name": "parameter3",
          "type": null,
          "probability": 1,
          "modifiers": [],
          "to_variable": {
            "key": "_Trt0UCkmEDedKKBDBEsZBQ",
            "name": "parameter3",
            "type": null,
            "modifiers": [],
            "position": {}
          },
          "position": {}
        }
      }
    },
    "parameters_to_parameters_data_clump-./Joueur-_D-UuYCkmEDedKKBDBEsZBQ-_0KFTMCuOEDeiLfd0CD6L7g-parameterparameter2parameter3": {
      "type": "data_clump",
      "key": "parameters_to_parameters_data_clump-./Joueur-_D-UuYCkmEDedKKBDBEsZBQ-_0KFTMCuOEDeiLfd0CD6L7g-parameterparameter2parameter3",
      "probability": 1,
      "from_file_path": "./Joueur",
      "from_class_or_interface_name": "Joueur",
      "from_class_or_interface_key": "_678kYSkkEDedKKBDBEsZBQ",
      "from_method_name": "attaquer",
      "from_method_key": "_D-UuYCkmEDedKKBDBEsZBQ",
      "to_file_path": "./Grille",
      "to_class_or_interface_name": "Grille",
      "to_class_or_interface_key": "_jFBvYSkgEDedKKBDBEsZBQ",
      "to_method_name": "Grille",
      "to_method_key": "_0KFTMCuOEDeiLfd0CD6L7g",
      "data_clump_type": "parameters_to_parameters_data_clump",
      "data_clump_data": {
        "_OOtZECkmEDedKKBDBEsZBQ": {
          "key": "_OOtZECkmEDedKKBDBEsZBQ",
          "name": "parameter",
          "type": null,
          "probability": 1,
          "modifiers": [],
          "to_variable": {
            "key": "_2vUQECuOEDeiLfd0CD6L7g",
            "name": "parameter",
            "type": null,
            "modifiers": [],
            "position": {}
          },
          "position": {}
        },
        "_TWkDsCkmEDedKKBDBEsZBQ": {
          "key": "_TWkDsCkmEDedKKBDBEsZBQ",
          "name": "parameter2",
          "type": null,
          "probability": 1,
          "modifiers": [],
          "to_variable": {
            "key": "_26JAACuOEDeiLfd0CD6L7g",
            "name": "parameter2",
            "type": null,
            "modifiers": [],
            "position": {}
          },
          "position": {}
        },
        "_Trt0UCkmEDedKKBDBEsZBQ": {
          "key": "_Trt0UCkmEDedKKBDBEsZBQ",
          "name": "parameter3",
          "type": null,
          "probability": 1,
          "modifiers": [],
          "to_variable": {
            "key": "_3IPGYCuOEDeiLfd0CD6L7g",
            "name": "parameter3",
            "type": null,
            "modifiers": [],
            "position": {}
          },
          "position": {}
        }
      }
    },
    "parameters_to_parameters_data_clump-./Joueur-_D-UuYCkmEDedKKBDBEsZBQ-_Ipt4wSkhEDedKKBDBEsZBQ-parameterparameter2parameter3": {
      "type": "data_clump",
      "key": "parameters_to_parameters_data_clump-./Joueur-_D-UuYCkmEDedKKBDBEsZBQ-_Ipt4wSkhEDedKKBDBEsZBQ-parameterparameter2parameter3",
      "probability": 1,
      "from_file_path": "./Joueur",
      "from_class_or_interface_name": "Joueur",
      "from_class_or_interface_key": "_678kYSkkEDedKKBDBEsZBQ",
      "from_method_name": "attaquer",
      "from_method_key": "_D-UuYCkmEDedKKBDBEsZBQ",
      "to_file_path": "./Grille",
      "to_class_or_interface_name": "Grille",
      "to_class_or_interface_key": "_jFBvYSkgEDedKKBDBEsZBQ",
      "to_method_name": "placerBateau",
      "to_method_key": "_Ipt4wSkhEDedKKBDBEsZBQ",
      "data_clump_type": "parameters_to_parameters_data_clump",
      "data_clump_data": {
        "_OOtZECkmEDedKKBDBEsZBQ": {
          "key": "_OOtZECkmEDedKKBDBEsZBQ",
          "name": "parameter",
          "type": null,
          "probability": 1,
          "modifiers": [],
          "to_variable": {
            "key": "_vei3gCklEDedKKBDBEsZBQ",
            "name": "parameter",
            "type": null,
            "modifiers": [],
            "position": {}
          },
          "position": {}
        },
        "_TWkDsCkmEDedKKBDBEsZBQ": {
          "key": "_TWkDsCkmEDedKKBDBEsZBQ",
          "name": "parameter2",
          "type": null,
          "probability": 1,
          "modifiers": [],
          "to_variable": {
            "key": "_1aL6ECkmEDedKKBDBEsZBQ",
            "name": "parameter2",
            "type": null,
            "modifiers": [],
            "position": {}
          },
          "position": {}
        },
        "_Trt0UCkmEDedKKBDBEsZBQ": {
          "key": "_Trt0UCkmEDedKKBDBEsZBQ",
          "name": "parameter3",
          "type": null,
          "probability": 1,
          "modifiers": [],
          "to_variable": {
            "key": "_3TUl8CkmEDedKKBDBEsZBQ",
            "name": "parameter3",
            "type": null,
            "modifiers": [],
            "position": {}
          },
          "position": {}
        }
      }
    },
    "parameters_to_parameters_data_clump-./Joueur-_D-UuYCkmEDedKKBDBEsZBQ-_vjPWgDHGEDep5MXn3mQCXA-parameterparameter2parameter3": {
      "type": "data_clump",
      "key": "parameters_to_parameters_data_clump-./Joueur-_D-UuYCkmEDedKKBDBEsZBQ-_vjPWgDHGEDep5MXn3mQCXA-parameterparameter2parameter3",
      "probability": 1,
      "from_file_path": "./Joueur",
      "from_class_or_interface_name": "Joueur",
      "from_class_or_interface_key": "_678kYSkkEDedKKBDBEsZBQ",
      "from_method_name": "attaquer",
      "from_method_key": "_D-UuYCkmEDedKKBDBEsZBQ",
      "to_file_path": "./IA",
      "to_class_or_interface_name": "IA",
      "to_class_or_interface_key": "_jzsmMDHGEDep5MXn3mQCXA",
      "to_method_name": "IA",
      "to_method_key": "_vjPWgDHGEDep5MXn3mQCXA",
      "data_clump_type": "parameters_to_parameters_data_clump",
      "data_clump_data": {
        "_OOtZECkmEDedKKBDBEsZBQ": {
          "key": "_OOtZECkmEDedKKBDBEsZBQ",
          "name": "parameter",
          "type": null,
          "probability": 1,
          "modifiers": [],
          "to_variable": {
            "key": "_zlg5IDHGEDep5MXn3mQCXA",
            "name": "parameter",
            "type": null,
            "modifiers": [],
            "position": {}
          },
          "position": {}
        },
        "_TWkDsCkmEDedKKBDBEsZBQ": {
          "key": "_TWkDsCkmEDedKKBDBEsZBQ",
          "name": "parameter2",
          "type": null,
          "probability": 1,
          "modifiers": [],
          "to_variable": {
            "key": "_0Y9IQDHGEDep5MXn3mQCXA",
            "name": "parameter2",
            "type": null,
            "modifiers": [],
            "position": {}
          },
          "position": {}
        },
        "_Trt0UCkmEDedKKBDBEsZBQ": {
          "key": "_Trt0UCkmEDedKKBDBEsZBQ",
          "name": "parameter3",
          "type": null,
          "probability": 1,
          "modifiers": [],
          "to_variable": {
            "key": "_0wF14DHGEDep5MXn3mQCXA",
            "name": "parameter3",
            "type": null,
            "modifiers": [],
            "position": {}
          },
          "position": {}
        }
      }
    },
    "parameters_to_parameters_data_clump-./Joueur-_D-UuYCkmEDedKKBDBEsZBQ-_JiDWUCuPEDeiLfd0CD6L7g-parameterparameter2parameter3": {
      "type": "data_clump",
      "key": "parameters_to_parameters_data_clump-./Joueur-_D-UuYCkmEDedKKBDBEsZBQ-_JiDWUCuPEDeiLfd0CD6L7g-parameterparameter2parameter3",
      "probability": 1,
      "from_file_path": "./Joueur",
      "from_class_or_interface_name": "Joueur",
      "from_class_or_interface_key": "_678kYSkkEDedKKBDBEsZBQ",
      "from_method_name": "attaquer",
      "from_method_key": "_D-UuYCkmEDedKKBDBEsZBQ",
      "to_file_path": "./Joueur",
      "to_class_or_interface_name": "Joueur",
      "to_class_or_interface_key": "_678kYSkkEDedKKBDBEsZBQ",
      "to_method_name": "Joueur",
      "to_method_key": "_JiDWUCuPEDeiLfd0CD6L7g",
      "data_clump_type": "parameters_to_parameters_data_clump",
      "data_clump_data": {
        "_OOtZECkmEDedKKBDBEsZBQ": {
          "key": "_OOtZECkmEDedKKBDBEsZBQ",
          "name": "parameter",
          "type": null,
          "probability": 1,
          "modifiers": [],
          "to_variable": {
            "key": "_KeH9ACuPEDeiLfd0CD6L7g",
            "name": "parameter",
            "type": null,
            "modifiers": [],
            "position": {}
          },
          "position": {}
        },
        "_TWkDsCkmEDedKKBDBEsZBQ": {
          "key": "_TWkDsCkmEDedKKBDBEsZBQ",
          "name": "parameter2",
          "type": null,
          "probability": 1,
          "modifiers": [],
          "to_variable": {
            "key": "_LXdYwCuPEDeiLfd0CD6L7g",
            "name": "parameter2",
            "type": null,
            "modifiers": [],
            "position": {}
          },
          "position": {}
        },
        "_Trt0UCkmEDedKKBDBEsZBQ": {
          "key": "_Trt0UCkmEDedKKBDBEsZBQ",
          "name": "parameter3",
          "type": null,
          "probability": 1,
          "modifiers": [],
          "to_variable": {
            "key": "_MCQpQCuPEDeiLfd0CD6L7g",
            "name": "parameter3",
            "type": null,
            "modifiers": [],
            "position": {}
          },
          "position": {}
        }
      }
    }
  }
}