{
  "report_version": "unknown",
  "report_timestamp": "2025-03-26T21:46:30.456Z",
  "target_language": "java",
  "report_summary": {
    "additional": null,
    "amount_classes_or_interfaces_with_data_clumps": 5,
    "amount_files_with_data_clumps": 5,
    "amount_methods_with_data_clumps": 0,
    "fields_to_fields_data_clump": 6,
    "parameters_to_fields_data_clump": 0,
    "parameters_to_parameters_data_clump": 0,
    "amount_data_clumps": 6
  },
  "project_info": {
    "project_url": "unknown_project_url",
    "project_name": "_c7VpQCq4EDGc8uIrV7ExpQ",
    "project_version": "unknown_project_version",
    "project_commit_hash": "unknown",
    "project_tag": null,
    "project_commit_date": null,
    "additional": {},
    "number_of_files": 17,
    "number_of_classes_or_interfaces": 17,
    "number_of_methods": 52,
    "number_of_data_fields": 58,
    "number_of_method_parameters": 0
  },
  "detector": {
    "name": "data-clumps-doctor",
    "url": "https://github.com/NilsBaumgartner1994/data-clumps-doctor",
    "version": "0.1.100",
    "options": {
      "typeVariablesConsidered": false,
      "similarityModifierOfVariablesWithUnknownType": 0,
      "fieldsOfClassesWithUnknownHierarchyProbabilityModifier": 0,
      "sharedFieldsToFieldsAmountMinimum": 3,
      "analyseFieldsInClassesOrInterfacesInheritedFromSuperClassesOrInterfaces": false,
      "sharedParametersToParametersAmountMinimum": 3,
      "sharedParametersToFieldsAmountMinimum": 3,
      "methodsOfClassesOrInterfacesWithUnknownHierarchyProbabilityModifier": 0
    }
  },
  "data_clumps": {
    "fields_to_fields_data_clump-./Grades-_wbvI8CrHEDGxiYOxu_1cGw-_2k8i4CrHEDGxiYOxu_1cGw-CourseCodeCourseNameInstructor": {
      "type": "data_clump",
      "key": "fields_to_fields_data_clump-./Grades-_wbvI8CrHEDGxiYOxu_1cGw-_2k8i4CrHEDGxiYOxu_1cGw-CourseCodeCourseNameInstructor",
      "probability": 1,
      "from_file_path": "./Grades",
      "from_class_or_interface_name": "Grades",
      "from_class_or_interface_key": "_wbvI8CrHEDGxiYOxu_1cGw",
      "from_method_name": null,
      "from_method_key": null,
      "to_file_path": "./MySchedule",
      "to_class_or_interface_key": "_2k8i4CrHEDGxiYOxu_1cGw",
      "to_class_or_interface_name": "Grades",
      "to_method_key": null,
      "to_method_name": null,
      "data_clump_type": "fields_to_fields_data_clump",
      "data_clump_data": {
        "_6_Ek0CrHEDGxiYOxu_1cGw": {
          "key": "_6_Ek0CrHEDGxiYOxu_1cGw",
          "name": "CourseCode",
          "type": null,
          "probability": 1,
          "modifiers": [],
          "to_variable": {
            "key": "_hyzUMCrIEDGxiYOxu_1cGw",
            "name": "CourseCode",
            "type": null,
            "modifiers": [],
            "position": {}
          },
          "position": {}
        },
        "__BYjsCrHEDGxiYOxu_1cGw": {
          "key": "__BYjsCrHEDGxiYOxu_1cGw",
          "name": "CourseName",
          "type": null,
          "probability": 1,
          "modifiers": [],
          "to_variable": {
            "key": "_h9W-YCrIEDGxiYOxu_1cGw",
            "name": "CourseName",
            "type": null,
            "modifiers": [],
            "position": {}
          },
          "position": {}
        },
        "__YussCrHEDGxiYOxu_1cGw": {
          "key": "__YussCrHEDGxiYOxu_1cGw",
          "name": "Instructor",
          "type": null,
          "probability": 1,
          "modifiers": [],
          "to_variable": {
            "key": "_rgbQECrIEDGxiYOxu_1cGw",
            "name": "Instructor",
            "type": null,
            "modifiers": [],
            "position": {}
          },
          "position": {}
        }
      }
    },
    "fields_to_fields_data_clump-./MyProfile-_JErcUCrCEDGxiYOxu_1cGw-_TgpaACrEEDGxiYOxu_1cGw-EmailSEmailCountryCity": {
      "type": "data_clump",
      "key": "fields_to_fields_data_clump-./MyProfile-_JErcUCrCEDGxiYOxu_1cGw-_TgpaACrEEDGxiYOxu_1cGw-EmailSEmailCountryCity",
      "probability": 1,
      "from_file_path": "./MyProfile",
      "from_class_or_interface_name": "MyProfile",
      "from_class_or_interface_key": "_JErcUCrCEDGxiYOxu_1cGw",
      "from_method_name": null,
      "from_method_key": null,
      "to_file_path": "./setProfile",
      "to_class_or_interface_key": "_TgpaACrEEDGxiYOxu_1cGw",
      "to_class_or_interface_name": "MyProfile",
      "to_method_key": null,
      "to_method_name": null,
      "data_clump_type": "fields_to_fields_data_clump",
      "data_clump_data": {
        "_fZ6Y8CrCEDGxiYOxu_1cGw": {
          "key": "_fZ6Y8CrCEDGxiYOxu_1cGw",
          "name": "Email",
          "type": null,
          "probability": 1,
          "modifiers": [],
          "to_variable": {
            "key": "_nqCKICrEEDGxiYOxu_1cGw",
            "name": "Email",
            "type": null,
            "modifiers": [],
            "position": {}
          },
          "position": {}
        },
        "_fjM30CrCEDGxiYOxu_1cGw": {
          "key": "_fjM30CrCEDGxiYOxu_1cGw",
          "name": "SEmail",
          "type": null,
          "probability": 1,
          "modifiers": [],
          "to_variable": {
            "key": "_p_8RkCrEEDGxiYOxu_1cGw",
            "name": "SEmail",
            "type": null,
            "modifiers": [],
            "position": {}
          },
          "position": {}
        },
        "_f7A64CrCEDGxiYOxu_1cGw": {
          "key": "_f7A64CrCEDGxiYOxu_1cGw",
          "name": "Country",
          "type": null,
          "probability": 1,
          "modifiers": [],
          "to_variable": {
            "key": "_uKzvgCrEEDGxiYOxu_1cGw",
            "name": "Country",
            "type": null,
            "modifiers": [],
            "position": {}
          },
          "position": {}
        },
        "_gFdQUCrCEDGxiYOxu_1cGw": {
          "key": "_gFdQUCrCEDGxiYOxu_1cGw",
          "name": "City",
          "type": null,
          "probability": 1,
          "modifiers": [],
          "to_variable": {
            "key": "_u9UKgCrEEDGxiYOxu_1cGw",
            "name": "City",
            "type": null,
            "modifiers": [],
            "position": {}
          },
          "position": {}
        }
      }
    },
    "fields_to_fields_data_clump-./MySchedule-_2k8i4CrHEDGxiYOxu_1cGw-_wbvI8CrHEDGxiYOxu_1cGw-CourseCodeCourseNameInstructor": {
      "type": "data_clump",
      "key": "fields_to_fields_data_clump-./MySchedule-_2k8i4CrHEDGxiYOxu_1cGw-_wbvI8CrHEDGxiYOxu_1cGw-CourseCodeCourseNameInstructor",
      "probability": 1,
      "from_file_path": "./MySchedule",
      "from_class_or_interface_name": "MySchedule",
      "from_class_or_interface_key": "_2k8i4CrHEDGxiYOxu_1cGw",
      "from_method_name": null,
      "from_method_key": null,
      "to_file_path": "./Grades",
      "to_class_or_interface_key": "_wbvI8CrHEDGxiYOxu_1cGw",
      "to_class_or_interface_name": "MySchedule",
      "to_method_key": null,
      "to_method_name": null,
      "data_clump_type": "fields_to_fields_data_clump",
      "data_clump_data": {
        "_hyzUMCrIEDGxiYOxu_1cGw": {
          "key": "_hyzUMCrIEDGxiYOxu_1cGw",
          "name": "CourseCode",
          "type": null,
          "probability": 1,
          "modifiers": [],
          "to_variable": {
            "key": "_6_Ek0CrHEDGxiYOxu_1cGw",
            "name": "CourseCode",
            "type": null,
            "modifiers": [],
            "position": {}
          },
          "position": {}
        },
        "_h9W-YCrIEDGxiYOxu_1cGw": {
          "key": "_h9W-YCrIEDGxiYOxu_1cGw",
          "name": "CourseName",
          "type": null,
          "probability": 1,
          "modifiers": [],
          "to_variable": {
            "key": "__BYjsCrHEDGxiYOxu_1cGw",
            "name": "CourseName",
            "type": null,
            "modifiers": [],
            "position": {}
          },
          "position": {}
        },
        "_rgbQECrIEDGxiYOxu_1cGw": {
          "key": "_rgbQECrIEDGxiYOxu_1cGw",
          "name": "Instructor",
          "type": null,
          "probability": 1,
          "modifiers": [],
          "to_variable": {
            "key": "__YussCrHEDGxiYOxu_1cGw",
            "name": "Instructor",
            "type": null,
            "modifiers": [],
            "position": {}
          },
          "position": {}
        }
      }
    },
    "fields_to_fields_data_clump-./MySchedule-_2k8i4CrHEDGxiYOxu_1cGw-_NqcM4CrKEDGxiYOxu_1cGw-CourseNameCreditHoursInstructor": {
      "type": "data_clump",
      "key": "fields_to_fields_data_clump-./MySchedule-_2k8i4CrHEDGxiYOxu_1cGw-_NqcM4CrKEDGxiYOxu_1cGw-CourseNameCreditHoursInstructor",
      "probability": 1,
      "from_file_path": "./MySchedule",
      "from_class_or_interface_name": "MySchedule",
      "from_class_or_interface_key": "_2k8i4CrHEDGxiYOxu_1cGw",
      "from_method_name": null,
      "from_method_key": null,
      "to_file_path": "./Reg",
      "to_class_or_interface_key": "_NqcM4CrKEDGxiYOxu_1cGw",
      "to_class_or_interface_name": "MySchedule",
      "to_method_key": null,
      "to_method_name": null,
      "data_clump_type": "fields_to_fields_data_clump",
      "data_clump_data": {
        "_h9W-YCrIEDGxiYOxu_1cGw": {
          "key": "_h9W-YCrIEDGxiYOxu_1cGw",
          "name": "CourseName",
          "type": null,
          "probability": 1,
          "modifiers": [],
          "to_variable": {
            "key": "_SAj4kCrKEDGxiYOxu_1cGw",
            "name": "CourseName",
            "type": null,
            "modifiers": [],
            "position": {}
          },
          "position": {}
        },
        "_iIFnsCrIEDGxiYOxu_1cGw": {
          "key": "_iIFnsCrIEDGxiYOxu_1cGw",
          "name": "CreditHours",
          "type": null,
          "probability": 1,
          "modifiers": [],
          "to_variable": {
            "key": "_SJytECrKEDGxiYOxu_1cGw",
            "name": "CreditHours",
            "type": null,
            "modifiers": [],
            "position": {}
          },
          "position": {}
        },
        "_rgbQECrIEDGxiYOxu_1cGw": {
          "key": "_rgbQECrIEDGxiYOxu_1cGw",
          "name": "Instructor",
          "type": null,
          "probability": 1,
          "modifiers": [],
          "to_variable": {
            "key": "_STZVACrKEDGxiYOxu_1cGw",
            "name": "Instructor",
            "type": null,
            "modifiers": [],
            "position": {}
          },
          "position": {}
        }
      }
    },
    "fields_to_fields_data_clump-./Reg-_NqcM4CrKEDGxiYOxu_1cGw-_2k8i4CrHEDGxiYOxu_1cGw-CourseNameCreditHoursInstructor": {
      "type": "data_clump",
      "key": "fields_to_fields_data_clump-./Reg-_NqcM4CrKEDGxiYOxu_1cGw-_2k8i4CrHEDGxiYOxu_1cGw-CourseNameCreditHoursInstructor",
      "probability": 1,
      "from_file_path": "./Reg",
      "from_class_or_interface_name": "Reg",
      "from_class_or_interface_key": "_NqcM4CrKEDGxiYOxu_1cGw",
      "from_method_name": null,
      "from_method_key": null,
      "to_file_path": "./MySchedule",
      "to_class_or_interface_key": "_2k8i4CrHEDGxiYOxu_1cGw",
      "to_class_or_interface_name": "Reg",
      "to_method_key": null,
      "to_method_name": null,
      "data_clump_type": "fields_to_fields_data_clump",
      "data_clump_data": {
        "_SAj4kCrKEDGxiYOxu_1cGw": {
          "key": "_SAj4kCrKEDGxiYOxu_1cGw",
          "name": "CourseName",
          "type": null,
          "probability": 1,
          "modifiers": [],
          "to_variable": {
            "key": "_h9W-YCrIEDGxiYOxu_1cGw",
            "name": "CourseName",
            "type": null,
            "modifiers": [],
            "position": {}
          },
          "position": {}
        },
        "_SJytECrKEDGxiYOxu_1cGw": {
          "key": "_SJytECrKEDGxiYOxu_1cGw",
          "name": "CreditHours",
          "type": null,
          "probability": 1,
          "modifiers": [],
          "to_variable": {
            "key": "_iIFnsCrIEDGxiYOxu_1cGw",
            "name": "CreditHours",
            "type": null,
            "modifiers": [],
            "position": {}
          },
          "position": {}
        },
        "_STZVACrKEDGxiYOxu_1cGw": {
          "key": "_STZVACrKEDGxiYOxu_1cGw",
          "name": "Instructor",
          "type": null,
          "probability": 1,
          "modifiers": [],
          "to_variable": {
            "key": "_rgbQECrIEDGxiYOxu_1cGw",
            "name": "Instructor",
            "type": null,
            "modifiers": [],
            "position": {}
          },
          "position": {}
        }
      }
    },
    "fields_to_fields_data_clump-./setProfile-_TgpaACrEEDGxiYOxu_1cGw-_JErcUCrCEDGxiYOxu_1cGw-EmailSEmailCountryCity": {
      "type": "data_clump",
      "key": "fields_to_fields_data_clump-./setProfile-_TgpaACrEEDGxiYOxu_1cGw-_JErcUCrCEDGxiYOxu_1cGw-EmailSEmailCountryCity",
      "probability": 1,
      "from_file_path": "./setProfile",
      "from_class_or_interface_name": "setProfile",
      "from_class_or_interface_key": "_TgpaACrEEDGxiYOxu_1cGw",
      "from_method_name": null,
      "from_method_key": null,
      "to_file_path": "./MyProfile",
      "to_class_or_interface_key": "_JErcUCrCEDGxiYOxu_1cGw",
      "to_class_or_interface_name": "setProfile",
      "to_method_key": null,
      "to_method_name": null,
      "data_clump_type": "fields_to_fields_data_clump",
      "data_clump_data": {
        "_nqCKICrEEDGxiYOxu_1cGw": {
          "key": "_nqCKICrEEDGxiYOxu_1cGw",
          "name": "Email",
          "type": null,
          "probability": 1,
          "modifiers": [],
          "to_variable": {
            "key": "_fZ6Y8CrCEDGxiYOxu_1cGw",
            "name": "Email",
            "type": null,
            "modifiers": [],
            "position": {}
          },
          "position": {}
        },
        "_p_8RkCrEEDGxiYOxu_1cGw": {
          "key": "_p_8RkCrEEDGxiYOxu_1cGw",
          "name": "SEmail",
          "type": null,
          "probability": 1,
          "modifiers": [],
          "to_variable": {
            "key": "_fjM30CrCEDGxiYOxu_1cGw",
            "name": "SEmail",
            "type": null,
            "modifiers": [],
            "position": {}
          },
          "position": {}
        },
        "_uKzvgCrEEDGxiYOxu_1cGw": {
          "key": "_uKzvgCrEEDGxiYOxu_1cGw",
          "name": "Country",
          "type": null,
          "probability": 1,
          "modifiers": [],
          "to_variable": {
            "key": "_f7A64CrCEDGxiYOxu_1cGw",
            "name": "Country",
            "type": null,
            "modifiers": [],
            "position": {}
          },
          "position": {}
        },
        "_u9UKgCrEEDGxiYOxu_1cGw": {
          "key": "_u9UKgCrEEDGxiYOxu_1cGw",
          "name": "City",
          "type": null,
          "probability": 1,
          "modifiers": [],
          "to_variable": {
            "key": "_gFdQUCrCEDGxiYOxu_1cGw",
            "name": "City",
            "type": null,
            "modifiers": [],
            "position": {}
          },
          "position": {}
        }
      }
    }
  }
}