{
  "report_version": "unknown",
  "report_timestamp": "2025-03-26T22:37:48.130Z",
  "target_language": "java",
  "report_summary": {
    "additional": null,
    "amount_classes_or_interfaces_with_data_clumps": 2,
    "amount_files_with_data_clumps": 2,
    "amount_methods_with_data_clumps": 0,
    "fields_to_fields_data_clump": 2,
    "parameters_to_fields_data_clump": 0,
    "parameters_to_parameters_data_clump": 0,
    "amount_data_clumps": 2
  },
  "project_info": {
    "project_url": "unknown_project_url",
    "project_name": "_fu76MBK6EDGZs-roqv_8cQ",
    "project_version": "unknown_project_version",
    "project_commit_hash": "unknown",
    "project_tag": null,
    "project_commit_date": null,
    "additional": {},
    "number_of_files": 8,
    "number_of_classes_or_interfaces": 8,
    "number_of_methods": 41,
    "number_of_data_fields": 10,
    "number_of_method_parameters": 0
  },
  "detector": {
    "name": "data-clumps-doctor",
    "url": "https://github.com/NilsBaumgartner1994/data-clumps-doctor",
    "version": "0.1.100",
    "options": {
      "typeVariablesConsidered": false,
      "similarityModifierOfVariablesWithUnknownType": 0,
      "fieldsOfClassesWithUnknownHierarchyProbabilityModifier": 0,
      "sharedFieldsToFieldsAmountMinimum": 3,
      "analyseFieldsInClassesOrInterfacesInheritedFromSuperClassesOrInterfaces": false,
      "sharedParametersToParametersAmountMinimum": 3,
      "sharedParametersToFieldsAmountMinimum": 3,
      "methodsOfClassesOrInterfacesWithUnknownHierarchyProbabilityModifier": 0
    }
  },
  "data_clumps": {
    "fields_to_fields_data_clump-./Conecta-_aD1x0BN5EDGlYeWI5T_jAQ-_-P_zUBK7EDGZs-roqv_8cQ-ContraseñaNombreUsuarioNumeroEmp": {
      "type": "data_clump",
      "key": "fields_to_fields_data_clump-./Conecta-_aD1x0BN5EDGlYeWI5T_jAQ-_-P_zUBK7EDGZs-roqv_8cQ-ContraseñaNombreUsuarioNumeroEmp",
      "probability": 1,
      "from_file_path": "./Conecta",
      "from_class_or_interface_name": "Conecta",
      "from_class_or_interface_key": "_aD1x0BN5EDGlYeWI5T_jAQ",
      "from_method_name": null,
      "from_method_key": null,
      "to_file_path": "./Servidor",
      "to_class_or_interface_key": "_-P_zUBK7EDGZs-roqv_8cQ",
      "to_class_or_interface_name": "Conecta",
      "to_method_key": null,
      "to_method_name": null,
      "data_clump_type": "fields_to_fields_data_clump",
      "data_clump_data": {
        "_4DHB8BN5EDGlYeWI5T_jAQ": {
          "key": "_4DHB8BN5EDGlYeWI5T_jAQ",
          "name": "Contraseña",
          "type": null,
          "probability": 1,
          "modifiers": [],
          "to_variable": {
            "key": "_uJf0YBK8EDGZs-roqv_8cQ",
            "name": "Contraseña",
            "type": null,
            "modifiers": [],
            "position": {}
          },
          "position": {}
        },
        "_8QoLQBN5EDGlYeWI5T_jAQ": {
          "key": "_8QoLQBN5EDGlYeWI5T_jAQ",
          "name": "NombreUsuario",
          "type": null,
          "probability": 1,
          "modifiers": [],
          "to_variable": {
            "key": "_yySkcBK8EDGZs-roqv_8cQ",
            "name": "NombreUsuario",
            "type": null,
            "modifiers": [],
            "position": {}
          },
          "position": {}
        },
        "_AMI-kBN6EDGlYeWI5T_jAQ": {
          "key": "_AMI-kBN6EDGlYeWI5T_jAQ",
          "name": "NumeroEmp",
          "type": null,
          "probability": 1,
          "modifiers": [],
          "to_variable": {
            "key": "_D3_hIBK9EDGZs-roqv_8cQ",
            "name": "NumeroEmp",
            "type": null,
            "modifiers": [],
            "position": {}
          },
          "position": {}
        }
      }
    },
    "fields_to_fields_data_clump-./Servidor-_-P_zUBK7EDGZs-roqv_8cQ-_aD1x0BN5EDGlYeWI5T_jAQ-ContraseñaNombreUsuarioNumeroEmp": {
      "type": "data_clump",
      "key": "fields_to_fields_data_clump-./Servidor-_-P_zUBK7EDGZs-roqv_8cQ-_aD1x0BN5EDGlYeWI5T_jAQ-ContraseñaNombreUsuarioNumeroEmp",
      "probability": 1,
      "from_file_path": "./Servidor",
      "from_class_or_interface_name": "Servidor",
      "from_class_or_interface_key": "_-P_zUBK7EDGZs-roqv_8cQ",
      "from_method_name": null,
      "from_method_key": null,
      "to_file_path": "./Conecta",
      "to_class_or_interface_key": "_aD1x0BN5EDGlYeWI5T_jAQ",
      "to_class_or_interface_name": "Servidor",
      "to_method_key": null,
      "to_method_name": null,
      "data_clump_type": "fields_to_fields_data_clump",
      "data_clump_data": {
        "_uJf0YBK8EDGZs-roqv_8cQ": {
          "key": "_uJf0YBK8EDGZs-roqv_8cQ",
          "name": "Contraseña",
          "type": null,
          "probability": 1,
          "modifiers": [],
          "to_variable": {
            "key": "_4DHB8BN5EDGlYeWI5T_jAQ",
            "name": "Contraseña",
            "type": null,
            "modifiers": [],
            "position": {}
          },
          "position": {}
        },
        "_yySkcBK8EDGZs-roqv_8cQ": {
          "key": "_yySkcBK8EDGZs-roqv_8cQ",
          "name": "NombreUsuario",
          "type": null,
          "probability": 1,
          "modifiers": [],
          "to_variable": {
            "key": "_8QoLQBN5EDGlYeWI5T_jAQ",
            "name": "NombreUsuario",
            "type": null,
            "modifiers": [],
            "position": {}
          },
          "position": {}
        },
        "_D3_hIBK9EDGZs-roqv_8cQ": {
          "key": "_D3_hIBK9EDGZs-roqv_8cQ",
          "name": "NumeroEmp",
          "type": null,
          "probability": 1,
          "modifiers": [],
          "to_variable": {
            "key": "_AMI-kBN6EDGlYeWI5T_jAQ",
            "name": "NumeroEmp",
            "type": null,
            "modifiers": [],
            "position": {}
          },
          "position": {}
        }
      }
    }
  }
}