{
  "report_version": "unknown",
  "report_timestamp": "2025-03-26T22:53:26.145Z",
  "target_language": "java",
  "report_summary": {
    "additional": null,
    "amount_classes_or_interfaces_with_data_clumps": 7,
    "amount_files_with_data_clumps": 7,
    "amount_methods_with_data_clumps": 6,
    "fields_to_fields_data_clump": 2,
    "parameters_to_fields_data_clump": 6,
    "parameters_to_parameters_data_clump": 30,
    "amount_data_clumps": 38
  },
  "project_info": {
    "project_url": "unknown_project_url",
    "project_name": "_IjgdkDzwEeelTP4YnW3V3w",
    "project_version": "unknown_project_version",
    "project_commit_hash": "unknown",
    "project_tag": null,
    "project_commit_date": null,
    "additional": {},
    "number_of_files": 15,
    "number_of_classes_or_interfaces": 15,
    "number_of_methods": 50,
    "number_of_data_fields": 63,
    "number_of_method_parameters": 34
  },
  "detector": {
    "name": "data-clumps-doctor",
    "url": "https://github.com/NilsBaumgartner1994/data-clumps-doctor",
    "version": "0.1.100",
    "options": {
      "typeVariablesConsidered": false,
      "similarityModifierOfVariablesWithUnknownType": 0,
      "fieldsOfClassesWithUnknownHierarchyProbabilityModifier": 0,
      "sharedFieldsToFieldsAmountMinimum": 3,
      "analyseFieldsInClassesOrInterfacesInheritedFromSuperClassesOrInterfaces": false,
      "sharedParametersToParametersAmountMinimum": 3,
      "sharedParametersToFieldsAmountMinimum": 3,
      "methodsOfClassesOrInterfacesWithUnknownHierarchyProbabilityModifier": 0
    }
  },
  "data_clumps": {
    "parameters_to_parameters_data_clump-./Bullet-_IwAorzzwEeeQ9OVcE7dQjw-_IwAo9jzwEeeQ9OVcE7dQjw-contextscreenWidthscreenHeight": {
      "type": "data_clump",
      "key": "parameters_to_parameters_data_clump-./Bullet-_IwAorzzwEeeQ9OVcE7dQjw-_IwAo9jzwEeeQ9OVcE7dQjw-contextscreenWidthscreenHeight",
      "probability": 1,
      "from_file_path": "./Bullet",
      "from_class_or_interface_name": "Bullet",
      "from_class_or_interface_key": "_IwAojzzwEeeQ9OVcE7dQjw",
      "from_method_name": "Bullet",
      "from_method_key": "_IwAorzzwEeeQ9OVcE7dQjw",
      "to_file_path": "./Enemy",
      "to_class_or_interface_name": "Enemy",
      "to_class_or_interface_key": "_IwAo3DzwEeeQ9OVcE7dQjw",
      "to_method_name": "Enemy",
      "to_method_key": "_IwAo9jzwEeeQ9OVcE7dQjw",
      "data_clump_type": "parameters_to_parameters_data_clump",
      "data_clump_data": {
        "_IwAosDzwEeeQ9OVcE7dQjw": {
          "key": "_IwAosDzwEeeQ9OVcE7dQjw",
          "name": "context",
          "type": null,
          "probability": 1,
          "modifiers": [],
          "to_variable": {
            "key": "_IwAo9zzwEeeQ9OVcE7dQjw",
            "name": "context",
            "type": null,
            "modifiers": [],
            "position": {}
          },
          "position": {}
        },
        "_IwAoszzwEeeQ9OVcE7dQjw": {
          "key": "_IwAoszzwEeeQ9OVcE7dQjw",
          "name": "screenWidth",
          "type": null,
          "probability": 1,
          "modifiers": [],
          "to_variable": {
            "key": "_IwAo-jzwEeeQ9OVcE7dQjw",
            "name": "screenWidth",
            "type": null,
            "modifiers": [],
            "position": {}
          },
          "position": {}
        },
        "_IwAotjzwEeeQ9OVcE7dQjw": {
          "key": "_IwAotjzwEeeQ9OVcE7dQjw",
          "name": "screenHeight",
          "type": null,
          "probability": 1,
          "modifiers": [],
          "to_variable": {
            "key": "_IwAo_TzwEeeQ9OVcE7dQjw",
            "name": "screenHeight",
            "type": null,
            "modifiers": [],
            "position": {}
          },
          "position": {}
        }
      }
    },
    "parameters_to_parameters_data_clump-./Bullet-_IwAorzzwEeeQ9OVcE7dQjw-_IwBPkTzwEeeQ9OVcE7dQjw-contextscreenWidthscreenHeighttopOfPlane": {
      "type": "data_clump",
      "key": "parameters_to_parameters_data_clump-./Bullet-_IwAorzzwEeeQ9OVcE7dQjw-_IwBPkTzwEeeQ9OVcE7dQjw-contextscreenWidthscreenHeighttopOfPlane",
      "probability": 1,
      "from_file_path": "./Bullet",
      "from_class_or_interface_name": "Bullet",
      "from_class_or_interface_key": "_IwAojzzwEeeQ9OVcE7dQjw",
      "from_method_name": "Bullet",
      "from_method_key": "_IwAorzzwEeeQ9OVcE7dQjw",
      "to_file_path": "./EnemyBullet",
      "to_class_or_interface_name": "EnemyBullet",
      "to_class_or_interface_key": "_IwApCjzwEeeQ9OVcE7dQjw",
      "to_method_name": "EnemyBullet",
      "to_method_key": "_IwBPkTzwEeeQ9OVcE7dQjw",
      "data_clump_type": "parameters_to_parameters_data_clump",
      "data_clump_data": {
        "_IwAosDzwEeeQ9OVcE7dQjw": {
          "key": "_IwAosDzwEeeQ9OVcE7dQjw",
          "name": "context",
          "type": null,
          "probability": 1,
          "modifiers": [],
          "to_variable": {
            "key": "_IwBPkjzwEeeQ9OVcE7dQjw",
            "name": "context",
            "type": null,
            "modifiers": [],
            "position": {}
          },
          "position": {}
        },
        "_IwAoszzwEeeQ9OVcE7dQjw": {
          "key": "_IwAoszzwEeeQ9OVcE7dQjw",
          "name": "screenWidth",
          "type": null,
          "probability": 1,
          "modifiers": [],
          "to_variable": {
            "key": "_IwBPlTzwEeeQ9OVcE7dQjw",
            "name": "screenWidth",
            "type": null,
            "modifiers": [],
            "position": {}
          },
          "position": {}
        },
        "_IwAotjzwEeeQ9OVcE7dQjw": {
          "key": "_IwAotjzwEeeQ9OVcE7dQjw",
          "name": "screenHeight",
          "type": null,
          "probability": 1,
          "modifiers": [],
          "to_variable": {
            "key": "_IwBPmDzwEeeQ9OVcE7dQjw",
            "name": "screenHeight",
            "type": null,
            "modifiers": [],
            "position": {}
          },
          "position": {}
        },
        "_IwAouTzwEeeQ9OVcE7dQjw": {
          "key": "_IwAouTzwEeeQ9OVcE7dQjw",
          "name": "topOfPlane",
          "type": null,
          "probability": 1,
          "modifiers": [],
          "to_variable": {
            "key": "_IwBPmzzwEeeQ9OVcE7dQjw",
            "name": "topOfPlane",
            "type": null,
            "modifiers": [],
            "position": {}
          },
          "position": {}
        }
      }
    },
    "parameters_to_parameters_data_clump-./Bullet-_IwAorzzwEeeQ9OVcE7dQjw-_IwBP2zzwEeeQ9OVcE7dQjw-contextscreenWidthscreenHeight": {
      "type": "data_clump",
      "key": "parameters_to_parameters_data_clump-./Bullet-_IwAorzzwEeeQ9OVcE7dQjw-_IwBP2zzwEeeQ9OVcE7dQjw-contextscreenWidthscreenHeight",
      "probability": 1,
      "from_file_path": "./Bullet",
      "from_class_or_interface_name": "Bullet",
      "from_class_or_interface_key": "_IwAojzzwEeeQ9OVcE7dQjw",
      "from_method_name": "Bullet",
      "from_method_key": "_IwAorzzwEeeQ9OVcE7dQjw",
      "to_file_path": "./GameView",
      "to_class_or_interface_name": "GameView",
      "to_class_or_interface_key": "_IwBPsTzwEeeQ9OVcE7dQjw",
      "to_method_name": "GameView",
      "to_method_key": "_IwBP2zzwEeeQ9OVcE7dQjw",
      "data_clump_type": "parameters_to_parameters_data_clump",
      "data_clump_data": {
        "_IwAosDzwEeeQ9OVcE7dQjw": {
          "key": "_IwAosDzwEeeQ9OVcE7dQjw",
          "name": "context",
          "type": null,
          "probability": 1,
          "modifiers": [],
          "to_variable": {
            "key": "_IwBP3DzwEeeQ9OVcE7dQjw",
            "name": "context",
            "type": null,
            "modifiers": [],
            "position": {}
          },
          "position": {}
        },
        "_IwAoszzwEeeQ9OVcE7dQjw": {
          "key": "_IwAoszzwEeeQ9OVcE7dQjw",
          "name": "screenWidth",
          "type": null,
          "probability": 1,
          "modifiers": [],
          "to_variable": {
            "key": "_IwBP3zzwEeeQ9OVcE7dQjw",
            "name": "screenWidth",
            "type": null,
            "modifiers": [],
            "position": {}
          },
          "position": {}
        },
        "_IwAotjzwEeeQ9OVcE7dQjw": {
          "key": "_IwAotjzwEeeQ9OVcE7dQjw",
          "name": "screenHeight",
          "type": null,
          "probability": 1,
          "modifiers": [],
          "to_variable": {
            "key": "_IwBP4jzwEeeQ9OVcE7dQjw",
            "name": "screenHeight",
            "type": null,
            "modifiers": [],
            "position": {}
          },
          "position": {}
        }
      }
    },
    "parameters_to_parameters_data_clump-./Bullet-_IwAorzzwEeeQ9OVcE7dQjw-_IwB28jzwEeeQ9OVcE7dQjw-contextscreenWidthscreenHeight": {
      "type": "data_clump",
      "key": "parameters_to_parameters_data_clump-./Bullet-_IwAorzzwEeeQ9OVcE7dQjw-_IwB28jzwEeeQ9OVcE7dQjw-contextscreenWidthscreenHeight",
      "probability": 1,
      "from_file_path": "./Bullet",
      "from_class_or_interface_name": "Bullet",
      "from_class_or_interface_key": "_IwAojzzwEeeQ9OVcE7dQjw",
      "from_method_name": "Bullet",
      "from_method_key": "_IwAorzzwEeeQ9OVcE7dQjw",
      "to_file_path": "./Player",
      "to_class_or_interface_name": "Player",
      "to_class_or_interface_key": "_IwB21TzwEeeQ9OVcE7dQjw",
      "to_method_name": "Player",
      "to_method_key": "_IwB28jzwEeeQ9OVcE7dQjw",
      "data_clump_type": "parameters_to_parameters_data_clump",
      "data_clump_data": {
        "_IwAosDzwEeeQ9OVcE7dQjw": {
          "key": "_IwAosDzwEeeQ9OVcE7dQjw",
          "name": "context",
          "type": null,
          "probability": 1,
          "modifiers": [],
          "to_variable": {
            "key": "_IwB28zzwEeeQ9OVcE7dQjw",
            "name": "context",
            "type": null,
            "modifiers": [],
            "position": {}
          },
          "position": {}
        },
        "_IwAoszzwEeeQ9OVcE7dQjw": {
          "key": "_IwAoszzwEeeQ9OVcE7dQjw",
          "name": "screenWidth",
          "type": null,
          "probability": 1,
          "modifiers": [],
          "to_variable": {
            "key": "_IwB29jzwEeeQ9OVcE7dQjw",
            "name": "screenWidth",
            "type": null,
            "modifiers": [],
            "position": {}
          },
          "position": {}
        },
        "_IwAotjzwEeeQ9OVcE7dQjw": {
          "key": "_IwAotjzwEeeQ9OVcE7dQjw",
          "name": "screenHeight",
          "type": null,
          "probability": 1,
          "modifiers": [],
          "to_variable": {
            "key": "_IwB2-TzwEeeQ9OVcE7dQjw",
            "name": "screenHeight",
            "type": null,
            "modifiers": [],
            "position": {}
          },
          "position": {}
        }
      }
    },
    "parameters_to_parameters_data_clump-./Bullet-_IwAorzzwEeeQ9OVcE7dQjw-_IwB3IDzwEeeQ9OVcE7dQjw-contextscreenWidthscreenHeighttopOfPlane": {
      "type": "data_clump",
      "key": "parameters_to_parameters_data_clump-./Bullet-_IwAorzzwEeeQ9OVcE7dQjw-_IwB3IDzwEeeQ9OVcE7dQjw-contextscreenWidthscreenHeighttopOfPlane",
      "probability": 1,
      "from_file_path": "./Bullet",
      "from_class_or_interface_name": "Bullet",
      "from_class_or_interface_key": "_IwAojzzwEeeQ9OVcE7dQjw",
      "from_method_name": "Bullet",
      "from_method_key": "_IwAorzzwEeeQ9OVcE7dQjw",
      "to_file_path": "./PlayerBullet",
      "to_class_or_interface_name": "PlayerBullet",
      "to_class_or_interface_key": "_IwB3HjzwEeeQ9OVcE7dQjw",
      "to_method_name": "PlayerBullet",
      "to_method_key": "_IwB3IDzwEeeQ9OVcE7dQjw",
      "data_clump_type": "parameters_to_parameters_data_clump",
      "data_clump_data": {
        "_IwAosDzwEeeQ9OVcE7dQjw": {
          "key": "_IwAosDzwEeeQ9OVcE7dQjw",
          "name": "context",
          "type": null,
          "probability": 1,
          "modifiers": [],
          "to_variable": {
            "key": "_IwB3ITzwEeeQ9OVcE7dQjw",
            "name": "context",
            "type": null,
            "modifiers": [],
            "position": {}
          },
          "position": {}
        },
        "_IwAoszzwEeeQ9OVcE7dQjw": {
          "key": "_IwAoszzwEeeQ9OVcE7dQjw",
          "name": "screenWidth",
          "type": null,
          "probability": 1,
          "modifiers": [],
          "to_variable": {
            "key": "_IwB3JDzwEeeQ9OVcE7dQjw",
            "name": "screenWidth",
            "type": null,
            "modifiers": [],
            "position": {}
          },
          "position": {}
        },
        "_IwAotjzwEeeQ9OVcE7dQjw": {
          "key": "_IwAotjzwEeeQ9OVcE7dQjw",
          "name": "screenHeight",
          "type": null,
          "probability": 1,
          "modifiers": [],
          "to_variable": {
            "key": "_IwB3JzzwEeeQ9OVcE7dQjw",
            "name": "screenHeight",
            "type": null,
            "modifiers": [],
            "position": {}
          },
          "position": {}
        },
        "_IwAouTzwEeeQ9OVcE7dQjw": {
          "key": "_IwAouTzwEeeQ9OVcE7dQjw",
          "name": "topOfPlane",
          "type": null,
          "probability": 1,
          "modifiers": [],
          "to_variable": {
            "key": "_IwB3KjzwEeeQ9OVcE7dQjw",
            "name": "topOfPlane",
            "type": null,
            "modifiers": [],
            "position": {}
          },
          "position": {}
        }
      }
    },
    "parameters_to_fields_data_clump-./Bullet-_IwAorzzwEeeQ9OVcE7dQjw-_IwBPsTzwEeeQ9OVcE7dQjw-contextscreenWidthscreenHeight": {
      "type": "data_clump",
      "key": "parameters_to_fields_data_clump-./Bullet-_IwAorzzwEeeQ9OVcE7dQjw-_IwBPsTzwEeeQ9OVcE7dQjw-contextscreenWidthscreenHeight",
      "probability": 1,
      "from_file_path": "./Bullet",
      "from_class_or_interface_name": "Bullet",
      "from_class_or_interface_key": "_IwAojzzwEeeQ9OVcE7dQjw",
      "from_method_name": "Bullet",
      "from_method_key": "_IwAorzzwEeeQ9OVcE7dQjw",
      "to_file_path": "./GameView",
      "to_class_or_interface_name": "GameView",
      "to_class_or_interface_key": "_IwBPsTzwEeeQ9OVcE7dQjw",
      "to_method_name": null,
      "to_method_key": null,
      "data_clump_type": "parameters_to_fields_data_clump",
      "data_clump_data": {
        "_IwAosDzwEeeQ9OVcE7dQjw": {
          "key": "_IwAosDzwEeeQ9OVcE7dQjw",
          "name": "context",
          "type": null,
          "probability": 1,
          "modifiers": [],
          "to_variable": {
            "key": "_IwBP0TzwEeeQ9OVcE7dQjw",
            "name": "context",
            "type": null,
            "modifiers": [
              "private"
            ],
            "position": {}
          },
          "position": {}
        },
        "_IwAoszzwEeeQ9OVcE7dQjw": {
          "key": "_IwAoszzwEeeQ9OVcE7dQjw",
          "name": "screenWidth",
          "type": null,
          "probability": 1,
          "modifiers": [],
          "to_variable": {
            "key": "_IwBP1DzwEeeQ9OVcE7dQjw",
            "name": "screenWidth",
            "type": null,
            "modifiers": [
              "private"
            ],
            "position": {}
          },
          "position": {}
        },
        "_IwAotjzwEeeQ9OVcE7dQjw": {
          "key": "_IwAotjzwEeeQ9OVcE7dQjw",
          "name": "screenHeight",
          "type": null,
          "probability": 1,
          "modifiers": [],
          "to_variable": {
            "key": "_IwBP1zzwEeeQ9OVcE7dQjw",
            "name": "screenHeight",
            "type": null,
            "modifiers": [
              "private"
            ],
            "position": {}
          },
          "position": {}
        }
      }
    },
    "parameters_to_parameters_data_clump-./Enemy-_IwAo9jzwEeeQ9OVcE7dQjw-_IwAorzzwEeeQ9OVcE7dQjw-contextscreenWidthscreenHeight": {
      "type": "data_clump",
      "key": "parameters_to_parameters_data_clump-./Enemy-_IwAo9jzwEeeQ9OVcE7dQjw-_IwAorzzwEeeQ9OVcE7dQjw-contextscreenWidthscreenHeight",
      "probability": 1,
      "from_file_path": "./Enemy",
      "from_class_or_interface_name": "Enemy",
      "from_class_or_interface_key": "_IwAo3DzwEeeQ9OVcE7dQjw",
      "from_method_name": "Enemy",
      "from_method_key": "_IwAo9jzwEeeQ9OVcE7dQjw",
      "to_file_path": "./Bullet",
      "to_class_or_interface_name": "Bullet",
      "to_class_or_interface_key": "_IwAojzzwEeeQ9OVcE7dQjw",
      "to_method_name": "Bullet",
      "to_method_key": "_IwAorzzwEeeQ9OVcE7dQjw",
      "data_clump_type": "parameters_to_parameters_data_clump",
      "data_clump_data": {
        "_IwAo9zzwEeeQ9OVcE7dQjw": {
          "key": "_IwAo9zzwEeeQ9OVcE7dQjw",
          "name": "context",
          "type": null,
          "probability": 1,
          "modifiers": [],
          "to_variable": {
            "key": "_IwAosDzwEeeQ9OVcE7dQjw",
            "name": "context",
            "type": null,
            "modifiers": [],
            "position": {}
          },
          "position": {}
        },
        "_IwAo-jzwEeeQ9OVcE7dQjw": {
          "key": "_IwAo-jzwEeeQ9OVcE7dQjw",
          "name": "screenWidth",
          "type": null,
          "probability": 1,
          "modifiers": [],
          "to_variable": {
            "key": "_IwAoszzwEeeQ9OVcE7dQjw",
            "name": "screenWidth",
            "type": null,
            "modifiers": [],
            "position": {}
          },
          "position": {}
        },
        "_IwAo_TzwEeeQ9OVcE7dQjw": {
          "key": "_IwAo_TzwEeeQ9OVcE7dQjw",
          "name": "screenHeight",
          "type": null,
          "probability": 1,
          "modifiers": [],
          "to_variable": {
            "key": "_IwAotjzwEeeQ9OVcE7dQjw",
            "name": "screenHeight",
            "type": null,
            "modifiers": [],
            "position": {}
          },
          "position": {}
        }
      }
    },
    "parameters_to_parameters_data_clump-./Enemy-_IwAo9jzwEeeQ9OVcE7dQjw-_IwBPkTzwEeeQ9OVcE7dQjw-contextscreenWidthscreenHeight": {
      "type": "data_clump",
      "key": "parameters_to_parameters_data_clump-./Enemy-_IwAo9jzwEeeQ9OVcE7dQjw-_IwBPkTzwEeeQ9OVcE7dQjw-contextscreenWidthscreenHeight",
      "probability": 1,
      "from_file_path": "./Enemy",
      "from_class_or_interface_name": "Enemy",
      "from_class_or_interface_key": "_IwAo3DzwEeeQ9OVcE7dQjw",
      "from_method_name": "Enemy",
      "from_method_key": "_IwAo9jzwEeeQ9OVcE7dQjw",
      "to_file_path": "./EnemyBullet",
      "to_class_or_interface_name": "EnemyBullet",
      "to_class_or_interface_key": "_IwApCjzwEeeQ9OVcE7dQjw",
      "to_method_name": "EnemyBullet",
      "to_method_key": "_IwBPkTzwEeeQ9OVcE7dQjw",
      "data_clump_type": "parameters_to_parameters_data_clump",
      "data_clump_data": {
        "_IwAo9zzwEeeQ9OVcE7dQjw": {
          "key": "_IwAo9zzwEeeQ9OVcE7dQjw",
          "name": "context",
          "type": null,
          "probability": 1,
          "modifiers": [],
          "to_variable": {
            "key": "_IwBPkjzwEeeQ9OVcE7dQjw",
            "name": "context",
            "type": null,
            "modifiers": [],
            "position": {}
          },
          "position": {}
        },
        "_IwAo-jzwEeeQ9OVcE7dQjw": {
          "key": "_IwAo-jzwEeeQ9OVcE7dQjw",
          "name": "screenWidth",
          "type": null,
          "probability": 1,
          "modifiers": [],
          "to_variable": {
            "key": "_IwBPlTzwEeeQ9OVcE7dQjw",
            "name": "screenWidth",
            "type": null,
            "modifiers": [],
            "position": {}
          },
          "position": {}
        },
        "_IwAo_TzwEeeQ9OVcE7dQjw": {
          "key": "_IwAo_TzwEeeQ9OVcE7dQjw",
          "name": "screenHeight",
          "type": null,
          "probability": 1,
          "modifiers": [],
          "to_variable": {
            "key": "_IwBPmDzwEeeQ9OVcE7dQjw",
            "name": "screenHeight",
            "type": null,
            "modifiers": [],
            "position": {}
          },
          "position": {}
        }
      }
    },
    "parameters_to_parameters_data_clump-./Enemy-_IwAo9jzwEeeQ9OVcE7dQjw-_IwBP2zzwEeeQ9OVcE7dQjw-contextscreenWidthscreenHeight": {
      "type": "data_clump",
      "key": "parameters_to_parameters_data_clump-./Enemy-_IwAo9jzwEeeQ9OVcE7dQjw-_IwBP2zzwEeeQ9OVcE7dQjw-contextscreenWidthscreenHeight",
      "probability": 1,
      "from_file_path": "./Enemy",
      "from_class_or_interface_name": "Enemy",
      "from_class_or_interface_key": "_IwAo3DzwEeeQ9OVcE7dQjw",
      "from_method_name": "Enemy",
      "from_method_key": "_IwAo9jzwEeeQ9OVcE7dQjw",
      "to_file_path": "./GameView",
      "to_class_or_interface_name": "GameView",
      "to_class_or_interface_key": "_IwBPsTzwEeeQ9OVcE7dQjw",
      "to_method_name": "GameView",
      "to_method_key": "_IwBP2zzwEeeQ9OVcE7dQjw",
      "data_clump_type": "parameters_to_parameters_data_clump",
      "data_clump_data": {
        "_IwAo9zzwEeeQ9OVcE7dQjw": {
          "key": "_IwAo9zzwEeeQ9OVcE7dQjw",
          "name": "context",
          "type": null,
          "probability": 1,
          "modifiers": [],
          "to_variable": {
            "key": "_IwBP3DzwEeeQ9OVcE7dQjw",
            "name": "context",
            "type": null,
            "modifiers": [],
            "position": {}
          },
          "position": {}
        },
        "_IwAo-jzwEeeQ9OVcE7dQjw": {
          "key": "_IwAo-jzwEeeQ9OVcE7dQjw",
          "name": "screenWidth",
          "type": null,
          "probability": 1,
          "modifiers": [],
          "to_variable": {
            "key": "_IwBP3zzwEeeQ9OVcE7dQjw",
            "name": "screenWidth",
            "type": null,
            "modifiers": [],
            "position": {}
          },
          "position": {}
        },
        "_IwAo_TzwEeeQ9OVcE7dQjw": {
          "key": "_IwAo_TzwEeeQ9OVcE7dQjw",
          "name": "screenHeight",
          "type": null,
          "probability": 1,
          "modifiers": [],
          "to_variable": {
            "key": "_IwBP4jzwEeeQ9OVcE7dQjw",
            "name": "screenHeight",
            "type": null,
            "modifiers": [],
            "position": {}
          },
          "position": {}
        }
      }
    },
    "parameters_to_parameters_data_clump-./Enemy-_IwAo9jzwEeeQ9OVcE7dQjw-_IwB28jzwEeeQ9OVcE7dQjw-contextscreenWidthscreenHeight": {
      "type": "data_clump",
      "key": "parameters_to_parameters_data_clump-./Enemy-_IwAo9jzwEeeQ9OVcE7dQjw-_IwB28jzwEeeQ9OVcE7dQjw-contextscreenWidthscreenHeight",
      "probability": 1,
      "from_file_path": "./Enemy",
      "from_class_or_interface_name": "Enemy",
      "from_class_or_interface_key": "_IwAo3DzwEeeQ9OVcE7dQjw",
      "from_method_name": "Enemy",
      "from_method_key": "_IwAo9jzwEeeQ9OVcE7dQjw",
      "to_file_path": "./Player",
      "to_class_or_interface_name": "Player",
      "to_class_or_interface_key": "_IwB21TzwEeeQ9OVcE7dQjw",
      "to_method_name": "Player",
      "to_method_key": "_IwB28jzwEeeQ9OVcE7dQjw",
      "data_clump_type": "parameters_to_parameters_data_clump",
      "data_clump_data": {
        "_IwAo9zzwEeeQ9OVcE7dQjw": {
          "key": "_IwAo9zzwEeeQ9OVcE7dQjw",
          "name": "context",
          "type": null,
          "probability": 1,
          "modifiers": [],
          "to_variable": {
            "key": "_IwB28zzwEeeQ9OVcE7dQjw",
            "name": "context",
            "type": null,
            "modifiers": [],
            "position": {}
          },
          "position": {}
        },
        "_IwAo-jzwEeeQ9OVcE7dQjw": {
          "key": "_IwAo-jzwEeeQ9OVcE7dQjw",
          "name": "screenWidth",
          "type": null,
          "probability": 1,
          "modifiers": [],
          "to_variable": {
            "key": "_IwB29jzwEeeQ9OVcE7dQjw",
            "name": "screenWidth",
            "type": null,
            "modifiers": [],
            "position": {}
          },
          "position": {}
        },
        "_IwAo_TzwEeeQ9OVcE7dQjw": {
          "key": "_IwAo_TzwEeeQ9OVcE7dQjw",
          "name": "screenHeight",
          "type": null,
          "probability": 1,
          "modifiers": [],
          "to_variable": {
            "key": "_IwB2-TzwEeeQ9OVcE7dQjw",
            "name": "screenHeight",
            "type": null,
            "modifiers": [],
            "position": {}
          },
          "position": {}
        }
      }
    },
    "parameters_to_parameters_data_clump-./Enemy-_IwAo9jzwEeeQ9OVcE7dQjw-_IwB3IDzwEeeQ9OVcE7dQjw-contextscreenWidthscreenHeight": {
      "type": "data_clump",
      "key": "parameters_to_parameters_data_clump-./Enemy-_IwAo9jzwEeeQ9OVcE7dQjw-_IwB3IDzwEeeQ9OVcE7dQjw-contextscreenWidthscreenHeight",
      "probability": 1,
      "from_file_path": "./Enemy",
      "from_class_or_interface_name": "Enemy",
      "from_class_or_interface_key": "_IwAo3DzwEeeQ9OVcE7dQjw",
      "from_method_name": "Enemy",
      "from_method_key": "_IwAo9jzwEeeQ9OVcE7dQjw",
      "to_file_path": "./PlayerBullet",
      "to_class_or_interface_name": "PlayerBullet",
      "to_class_or_interface_key": "_IwB3HjzwEeeQ9OVcE7dQjw",
      "to_method_name": "PlayerBullet",
      "to_method_key": "_IwB3IDzwEeeQ9OVcE7dQjw",
      "data_clump_type": "parameters_to_parameters_data_clump",
      "data_clump_data": {
        "_IwAo9zzwEeeQ9OVcE7dQjw": {
          "key": "_IwAo9zzwEeeQ9OVcE7dQjw",
          "name": "context",
          "type": null,
          "probability": 1,
          "modifiers": [],
          "to_variable": {
            "key": "_IwB3ITzwEeeQ9OVcE7dQjw",
            "name": "context",
            "type": null,
            "modifiers": [],
            "position": {}
          },
          "position": {}
        },
        "_IwAo-jzwEeeQ9OVcE7dQjw": {
          "key": "_IwAo-jzwEeeQ9OVcE7dQjw",
          "name": "screenWidth",
          "type": null,
          "probability": 1,
          "modifiers": [],
          "to_variable": {
            "key": "_IwB3JDzwEeeQ9OVcE7dQjw",
            "name": "screenWidth",
            "type": null,
            "modifiers": [],
            "position": {}
          },
          "position": {}
        },
        "_IwAo_TzwEeeQ9OVcE7dQjw": {
          "key": "_IwAo_TzwEeeQ9OVcE7dQjw",
          "name": "screenHeight",
          "type": null,
          "probability": 1,
          "modifiers": [],
          "to_variable": {
            "key": "_IwB3JzzwEeeQ9OVcE7dQjw",
            "name": "screenHeight",
            "type": null,
            "modifiers": [],
            "position": {}
          },
          "position": {}
        }
      }
    },
    "parameters_to_fields_data_clump-./Enemy-_IwAo9jzwEeeQ9OVcE7dQjw-_IwBPsTzwEeeQ9OVcE7dQjw-contextscreenWidthscreenHeight": {
      "type": "data_clump",
      "key": "parameters_to_fields_data_clump-./Enemy-_IwAo9jzwEeeQ9OVcE7dQjw-_IwBPsTzwEeeQ9OVcE7dQjw-contextscreenWidthscreenHeight",
      "probability": 1,
      "from_file_path": "./Enemy",
      "from_class_or_interface_name": "Enemy",
      "from_class_or_interface_key": "_IwAo3DzwEeeQ9OVcE7dQjw",
      "from_method_name": "Enemy",
      "from_method_key": "_IwAo9jzwEeeQ9OVcE7dQjw",
      "to_file_path": "./GameView",
      "to_class_or_interface_name": "GameView",
      "to_class_or_interface_key": "_IwBPsTzwEeeQ9OVcE7dQjw",
      "to_method_name": null,
      "to_method_key": null,
      "data_clump_type": "parameters_to_fields_data_clump",
      "data_clump_data": {
        "_IwAo9zzwEeeQ9OVcE7dQjw": {
          "key": "_IwAo9zzwEeeQ9OVcE7dQjw",
          "name": "context",
          "type": null,
          "probability": 1,
          "modifiers": [],
          "to_variable": {
            "key": "_IwBP0TzwEeeQ9OVcE7dQjw",
            "name": "context",
            "type": null,
            "modifiers": [
              "private"
            ],
            "position": {}
          },
          "position": {}
        },
        "_IwAo-jzwEeeQ9OVcE7dQjw": {
          "key": "_IwAo-jzwEeeQ9OVcE7dQjw",
          "name": "screenWidth",
          "type": null,
          "probability": 1,
          "modifiers": [],
          "to_variable": {
            "key": "_IwBP1DzwEeeQ9OVcE7dQjw",
            "name": "screenWidth",
            "type": null,
            "modifiers": [
              "private"
            ],
            "position": {}
          },
          "position": {}
        },
        "_IwAo_TzwEeeQ9OVcE7dQjw": {
          "key": "_IwAo_TzwEeeQ9OVcE7dQjw",
          "name": "screenHeight",
          "type": null,
          "probability": 1,
          "modifiers": [],
          "to_variable": {
            "key": "_IwBP1zzwEeeQ9OVcE7dQjw",
            "name": "screenHeight",
            "type": null,
            "modifiers": [
              "private"
            ],
            "position": {}
          },
          "position": {}
        }
      }
    },
    "parameters_to_parameters_data_clump-./EnemyBullet-_IwBPkTzwEeeQ9OVcE7dQjw-_IwAorzzwEeeQ9OVcE7dQjw-contextscreenWidthscreenHeighttopOfPlane": {
      "type": "data_clump",
      "key": "parameters_to_parameters_data_clump-./EnemyBullet-_IwBPkTzwEeeQ9OVcE7dQjw-_IwAorzzwEeeQ9OVcE7dQjw-contextscreenWidthscreenHeighttopOfPlane",
      "probability": 1,
      "from_file_path": "./EnemyBullet",
      "from_class_or_interface_name": "EnemyBullet",
      "from_class_or_interface_key": "_IwApCjzwEeeQ9OVcE7dQjw",
      "from_method_name": "EnemyBullet",
      "from_method_key": "_IwBPkTzwEeeQ9OVcE7dQjw",
      "to_file_path": "./Bullet",
      "to_class_or_interface_name": "Bullet",
      "to_class_or_interface_key": "_IwAojzzwEeeQ9OVcE7dQjw",
      "to_method_name": "Bullet",
      "to_method_key": "_IwAorzzwEeeQ9OVcE7dQjw",
      "data_clump_type": "parameters_to_parameters_data_clump",
      "data_clump_data": {
        "_IwBPkjzwEeeQ9OVcE7dQjw": {
          "key": "_IwBPkjzwEeeQ9OVcE7dQjw",
          "name": "context",
          "type": null,
          "probability": 1,
          "modifiers": [],
          "to_variable": {
            "key": "_IwAosDzwEeeQ9OVcE7dQjw",
            "name": "context",
            "type": null,
            "modifiers": [],
            "position": {}
          },
          "position": {}
        },
        "_IwBPlTzwEeeQ9OVcE7dQjw": {
          "key": "_IwBPlTzwEeeQ9OVcE7dQjw",
          "name": "screenWidth",
          "type": null,
          "probability": 1,
          "modifiers": [],
          "to_variable": {
            "key": "_IwAoszzwEeeQ9OVcE7dQjw",
            "name": "screenWidth",
            "type": null,
            "modifiers": [],
            "position": {}
          },
          "position": {}
        },
        "_IwBPmDzwEeeQ9OVcE7dQjw": {
          "key": "_IwBPmDzwEeeQ9OVcE7dQjw",
          "name": "screenHeight",
          "type": null,
          "probability": 1,
          "modifiers": [],
          "to_variable": {
            "key": "_IwAotjzwEeeQ9OVcE7dQjw",
            "name": "screenHeight",
            "type": null,
            "modifiers": [],
            "position": {}
          },
          "position": {}
        },
        "_IwBPmzzwEeeQ9OVcE7dQjw": {
          "key": "_IwBPmzzwEeeQ9OVcE7dQjw",
          "name": "topOfPlane",
          "type": null,
          "probability": 1,
          "modifiers": [],
          "to_variable": {
            "key": "_IwAouTzwEeeQ9OVcE7dQjw",
            "name": "topOfPlane",
            "type": null,
            "modifiers": [],
            "position": {}
          },
          "position": {}
        }
      }
    },
    "parameters_to_parameters_data_clump-./EnemyBullet-_IwBPkTzwEeeQ9OVcE7dQjw-_IwAo9jzwEeeQ9OVcE7dQjw-contextscreenWidthscreenHeight": {
      "type": "data_clump",
      "key": "parameters_to_parameters_data_clump-./EnemyBullet-_IwBPkTzwEeeQ9OVcE7dQjw-_IwAo9jzwEeeQ9OVcE7dQjw-contextscreenWidthscreenHeight",
      "probability": 1,
      "from_file_path": "./EnemyBullet",
      "from_class_or_interface_name": "EnemyBullet",
      "from_class_or_interface_key": "_IwApCjzwEeeQ9OVcE7dQjw",
      "from_method_name": "EnemyBullet",
      "from_method_key": "_IwBPkTzwEeeQ9OVcE7dQjw",
      "to_file_path": "./Enemy",
      "to_class_or_interface_name": "Enemy",
      "to_class_or_interface_key": "_IwAo3DzwEeeQ9OVcE7dQjw",
      "to_method_name": "Enemy",
      "to_method_key": "_IwAo9jzwEeeQ9OVcE7dQjw",
      "data_clump_type": "parameters_to_parameters_data_clump",
      "data_clump_data": {
        "_IwBPkjzwEeeQ9OVcE7dQjw": {
          "key": "_IwBPkjzwEeeQ9OVcE7dQjw",
          "name": "context",
          "type": null,
          "probability": 1,
          "modifiers": [],
          "to_variable": {
            "key": "_IwAo9zzwEeeQ9OVcE7dQjw",
            "name": "context",
            "type": null,
            "modifiers": [],
            "position": {}
          },
          "position": {}
        },
        "_IwBPlTzwEeeQ9OVcE7dQjw": {
          "key": "_IwBPlTzwEeeQ9OVcE7dQjw",
          "name": "screenWidth",
          "type": null,
          "probability": 1,
          "modifiers": [],
          "to_variable": {
            "key": "_IwAo-jzwEeeQ9OVcE7dQjw",
            "name": "screenWidth",
            "type": null,
            "modifiers": [],
            "position": {}
          },
          "position": {}
        },
        "_IwBPmDzwEeeQ9OVcE7dQjw": {
          "key": "_IwBPmDzwEeeQ9OVcE7dQjw",
          "name": "screenHeight",
          "type": null,
          "probability": 1,
          "modifiers": [],
          "to_variable": {
            "key": "_IwAo_TzwEeeQ9OVcE7dQjw",
            "name": "screenHeight",
            "type": null,
            "modifiers": [],
            "position": {}
          },
          "position": {}
        }
      }
    },
    "parameters_to_parameters_data_clump-./EnemyBullet-_IwBPkTzwEeeQ9OVcE7dQjw-_IwBP2zzwEeeQ9OVcE7dQjw-contextscreenWidthscreenHeight": {
      "type": "data_clump",
      "key": "parameters_to_parameters_data_clump-./EnemyBullet-_IwBPkTzwEeeQ9OVcE7dQjw-_IwBP2zzwEeeQ9OVcE7dQjw-contextscreenWidthscreenHeight",
      "probability": 1,
      "from_file_path": "./EnemyBullet",
      "from_class_or_interface_name": "EnemyBullet",
      "from_class_or_interface_key": "_IwApCjzwEeeQ9OVcE7dQjw",
      "from_method_name": "EnemyBullet",
      "from_method_key": "_IwBPkTzwEeeQ9OVcE7dQjw",
      "to_file_path": "./GameView",
      "to_class_or_interface_name": "GameView",
      "to_class_or_interface_key": "_IwBPsTzwEeeQ9OVcE7dQjw",
      "to_method_name": "GameView",
      "to_method_key": "_IwBP2zzwEeeQ9OVcE7dQjw",
      "data_clump_type": "parameters_to_parameters_data_clump",
      "data_clump_data": {
        "_IwBPkjzwEeeQ9OVcE7dQjw": {
          "key": "_IwBPkjzwEeeQ9OVcE7dQjw",
          "name": "context",
          "type": null,
          "probability": 1,
          "modifiers": [],
          "to_variable": {
            "key": "_IwBP3DzwEeeQ9OVcE7dQjw",
            "name": "context",
            "type": null,
            "modifiers": [],
            "position": {}
          },
          "position": {}
        },
        "_IwBPlTzwEeeQ9OVcE7dQjw": {
          "key": "_IwBPlTzwEeeQ9OVcE7dQjw",
          "name": "screenWidth",
          "type": null,
          "probability": 1,
          "modifiers": [],
          "to_variable": {
            "key": "_IwBP3zzwEeeQ9OVcE7dQjw",
            "name": "screenWidth",
            "type": null,
            "modifiers": [],
            "position": {}
          },
          "position": {}
        },
        "_IwBPmDzwEeeQ9OVcE7dQjw": {
          "key": "_IwBPmDzwEeeQ9OVcE7dQjw",
          "name": "screenHeight",
          "type": null,
          "probability": 1,
          "modifiers": [],
          "to_variable": {
            "key": "_IwBP4jzwEeeQ9OVcE7dQjw",
            "name": "screenHeight",
            "type": null,
            "modifiers": [],
            "position": {}
          },
          "position": {}
        }
      }
    },
    "parameters_to_parameters_data_clump-./EnemyBullet-_IwBPkTzwEeeQ9OVcE7dQjw-_IwB28jzwEeeQ9OVcE7dQjw-contextscreenWidthscreenHeight": {
      "type": "data_clump",
      "key": "parameters_to_parameters_data_clump-./EnemyBullet-_IwBPkTzwEeeQ9OVcE7dQjw-_IwB28jzwEeeQ9OVcE7dQjw-contextscreenWidthscreenHeight",
      "probability": 1,
      "from_file_path": "./EnemyBullet",
      "from_class_or_interface_name": "EnemyBullet",
      "from_class_or_interface_key": "_IwApCjzwEeeQ9OVcE7dQjw",
      "from_method_name": "EnemyBullet",
      "from_method_key": "_IwBPkTzwEeeQ9OVcE7dQjw",
      "to_file_path": "./Player",
      "to_class_or_interface_name": "Player",
      "to_class_or_interface_key": "_IwB21TzwEeeQ9OVcE7dQjw",
      "to_method_name": "Player",
      "to_method_key": "_IwB28jzwEeeQ9OVcE7dQjw",
      "data_clump_type": "parameters_to_parameters_data_clump",
      "data_clump_data": {
        "_IwBPkjzwEeeQ9OVcE7dQjw": {
          "key": "_IwBPkjzwEeeQ9OVcE7dQjw",
          "name": "context",
          "type": null,
          "probability": 1,
          "modifiers": [],
          "to_variable": {
            "key": "_IwB28zzwEeeQ9OVcE7dQjw",
            "name": "context",
            "type": null,
            "modifiers": [],
            "position": {}
          },
          "position": {}
        },
        "_IwBPlTzwEeeQ9OVcE7dQjw": {
          "key": "_IwBPlTzwEeeQ9OVcE7dQjw",
          "name": "screenWidth",
          "type": null,
          "probability": 1,
          "modifiers": [],
          "to_variable": {
            "key": "_IwB29jzwEeeQ9OVcE7dQjw",
            "name": "screenWidth",
            "type": null,
            "modifiers": [],
            "position": {}
          },
          "position": {}
        },
        "_IwBPmDzwEeeQ9OVcE7dQjw": {
          "key": "_IwBPmDzwEeeQ9OVcE7dQjw",
          "name": "screenHeight",
          "type": null,
          "probability": 1,
          "modifiers": [],
          "to_variable": {
            "key": "_IwB2-TzwEeeQ9OVcE7dQjw",
            "name": "screenHeight",
            "type": null,
            "modifiers": [],
            "position": {}
          },
          "position": {}
        }
      }
    },
    "parameters_to_parameters_data_clump-./EnemyBullet-_IwBPkTzwEeeQ9OVcE7dQjw-_IwB3IDzwEeeQ9OVcE7dQjw-contextscreenWidthscreenHeighttopOfPlane": {
      "type": "data_clump",
      "key": "parameters_to_parameters_data_clump-./EnemyBullet-_IwBPkTzwEeeQ9OVcE7dQjw-_IwB3IDzwEeeQ9OVcE7dQjw-contextscreenWidthscreenHeighttopOfPlane",
      "probability": 1,
      "from_file_path": "./EnemyBullet",
      "from_class_or_interface_name": "EnemyBullet",
      "from_class_or_interface_key": "_IwApCjzwEeeQ9OVcE7dQjw",
      "from_method_name": "EnemyBullet",
      "from_method_key": "_IwBPkTzwEeeQ9OVcE7dQjw",
      "to_file_path": "./PlayerBullet",
      "to_class_or_interface_name": "PlayerBullet",
      "to_class_or_interface_key": "_IwB3HjzwEeeQ9OVcE7dQjw",
      "to_method_name": "PlayerBullet",
      "to_method_key": "_IwB3IDzwEeeQ9OVcE7dQjw",
      "data_clump_type": "parameters_to_parameters_data_clump",
      "data_clump_data": {
        "_IwBPkjzwEeeQ9OVcE7dQjw": {
          "key": "_IwBPkjzwEeeQ9OVcE7dQjw",
          "name": "context",
          "type": null,
          "probability": 1,
          "modifiers": [],
          "to_variable": {
            "key": "_IwB3ITzwEeeQ9OVcE7dQjw",
            "name": "context",
            "type": null,
            "modifiers": [],
            "position": {}
          },
          "position": {}
        },
        "_IwBPlTzwEeeQ9OVcE7dQjw": {
          "key": "_IwBPlTzwEeeQ9OVcE7dQjw",
          "name": "screenWidth",
          "type": null,
          "probability": 1,
          "modifiers": [],
          "to_variable": {
            "key": "_IwB3JDzwEeeQ9OVcE7dQjw",
            "name": "screenWidth",
            "type": null,
            "modifiers": [],
            "position": {}
          },
          "position": {}
        },
        "_IwBPmDzwEeeQ9OVcE7dQjw": {
          "key": "_IwBPmDzwEeeQ9OVcE7dQjw",
          "name": "screenHeight",
          "type": null,
          "probability": 1,
          "modifiers": [],
          "to_variable": {
            "key": "_IwB3JzzwEeeQ9OVcE7dQjw",
            "name": "screenHeight",
            "type": null,
            "modifiers": [],
            "position": {}
          },
          "position": {}
        },
        "_IwBPmzzwEeeQ9OVcE7dQjw": {
          "key": "_IwBPmzzwEeeQ9OVcE7dQjw",
          "name": "topOfPlane",
          "type": null,
          "probability": 1,
          "modifiers": [],
          "to_variable": {
            "key": "_IwB3KjzwEeeQ9OVcE7dQjw",
            "name": "topOfPlane",
            "type": null,
            "modifiers": [],
            "position": {}
          },
          "position": {}
        }
      }
    },
    "parameters_to_fields_data_clump-./EnemyBullet-_IwBPkTzwEeeQ9OVcE7dQjw-_IwBPsTzwEeeQ9OVcE7dQjw-contextscreenWidthscreenHeight": {
      "type": "data_clump",
      "key": "parameters_to_fields_data_clump-./EnemyBullet-_IwBPkTzwEeeQ9OVcE7dQjw-_IwBPsTzwEeeQ9OVcE7dQjw-contextscreenWidthscreenHeight",
      "probability": 1,
      "from_file_path": "./EnemyBullet",
      "from_class_or_interface_name": "EnemyBullet",
      "from_class_or_interface_key": "_IwApCjzwEeeQ9OVcE7dQjw",
      "from_method_name": "EnemyBullet",
      "from_method_key": "_IwBPkTzwEeeQ9OVcE7dQjw",
      "to_file_path": "./GameView",
      "to_class_or_interface_name": "GameView",
      "to_class_or_interface_key": "_IwBPsTzwEeeQ9OVcE7dQjw",
      "to_method_name": null,
      "to_method_key": null,
      "data_clump_type": "parameters_to_fields_data_clump",
      "data_clump_data": {
        "_IwBPkjzwEeeQ9OVcE7dQjw": {
          "key": "_IwBPkjzwEeeQ9OVcE7dQjw",
          "name": "context",
          "type": null,
          "probability": 1,
          "modifiers": [],
          "to_variable": {
            "key": "_IwBP0TzwEeeQ9OVcE7dQjw",
            "name": "context",
            "type": null,
            "modifiers": [
              "private"
            ],
            "position": {}
          },
          "position": {}
        },
        "_IwBPlTzwEeeQ9OVcE7dQjw": {
          "key": "_IwBPlTzwEeeQ9OVcE7dQjw",
          "name": "screenWidth",
          "type": null,
          "probability": 1,
          "modifiers": [],
          "to_variable": {
            "key": "_IwBP1DzwEeeQ9OVcE7dQjw",
            "name": "screenWidth",
            "type": null,
            "modifiers": [
              "private"
            ],
            "position": {}
          },
          "position": {}
        },
        "_IwBPmDzwEeeQ9OVcE7dQjw": {
          "key": "_IwBPmDzwEeeQ9OVcE7dQjw",
          "name": "screenHeight",
          "type": null,
          "probability": 1,
          "modifiers": [],
          "to_variable": {
            "key": "_IwBP1zzwEeeQ9OVcE7dQjw",
            "name": "screenHeight",
            "type": null,
            "modifiers": [
              "private"
            ],
            "position": {}
          },
          "position": {}
        }
      }
    },
    "parameters_to_parameters_data_clump-./GameView-_IwBP2zzwEeeQ9OVcE7dQjw-_IwAorzzwEeeQ9OVcE7dQjw-contextscreenWidthscreenHeight": {
      "type": "data_clump",
      "key": "parameters_to_parameters_data_clump-./GameView-_IwBP2zzwEeeQ9OVcE7dQjw-_IwAorzzwEeeQ9OVcE7dQjw-contextscreenWidthscreenHeight",
      "probability": 1,
      "from_file_path": "./GameView",
      "from_class_or_interface_name": "GameView",
      "from_class_or_interface_key": "_IwBPsTzwEeeQ9OVcE7dQjw",
      "from_method_name": "GameView",
      "from_method_key": "_IwBP2zzwEeeQ9OVcE7dQjw",
      "to_file_path": "./Bullet",
      "to_class_or_interface_name": "Bullet",
      "to_class_or_interface_key": "_IwAojzzwEeeQ9OVcE7dQjw",
      "to_method_name": "Bullet",
      "to_method_key": "_IwAorzzwEeeQ9OVcE7dQjw",
      "data_clump_type": "parameters_to_parameters_data_clump",
      "data_clump_data": {
        "_IwBP3DzwEeeQ9OVcE7dQjw": {
          "key": "_IwBP3DzwEeeQ9OVcE7dQjw",
          "name": "context",
          "type": null,
          "probability": 1,
          "modifiers": [],
          "to_variable": {
            "key": "_IwAosDzwEeeQ9OVcE7dQjw",
            "name": "context",
            "type": null,
            "modifiers": [],
            "position": {}
          },
          "position": {}
        },
        "_IwBP3zzwEeeQ9OVcE7dQjw": {
          "key": "_IwBP3zzwEeeQ9OVcE7dQjw",
          "name": "screenWidth",
          "type": null,
          "probability": 1,
          "modifiers": [],
          "to_variable": {
            "key": "_IwAoszzwEeeQ9OVcE7dQjw",
            "name": "screenWidth",
            "type": null,
            "modifiers": [],
            "position": {}
          },
          "position": {}
        },
        "_IwBP4jzwEeeQ9OVcE7dQjw": {
          "key": "_IwBP4jzwEeeQ9OVcE7dQjw",
          "name": "screenHeight",
          "type": null,
          "probability": 1,
          "modifiers": [],
          "to_variable": {
            "key": "_IwAotjzwEeeQ9OVcE7dQjw",
            "name": "screenHeight",
            "type": null,
            "modifiers": [],
            "position": {}
          },
          "position": {}
        }
      }
    },
    "parameters_to_parameters_data_clump-./GameView-_IwBP2zzwEeeQ9OVcE7dQjw-_IwAo9jzwEeeQ9OVcE7dQjw-contextscreenWidthscreenHeight": {
      "type": "data_clump",
      "key": "parameters_to_parameters_data_clump-./GameView-_IwBP2zzwEeeQ9OVcE7dQjw-_IwAo9jzwEeeQ9OVcE7dQjw-contextscreenWidthscreenHeight",
      "probability": 1,
      "from_file_path": "./GameView",
      "from_class_or_interface_name": "GameView",
      "from_class_or_interface_key": "_IwBPsTzwEeeQ9OVcE7dQjw",
      "from_method_name": "GameView",
      "from_method_key": "_IwBP2zzwEeeQ9OVcE7dQjw",
      "to_file_path": "./Enemy",
      "to_class_or_interface_name": "Enemy",
      "to_class_or_interface_key": "_IwAo3DzwEeeQ9OVcE7dQjw",
      "to_method_name": "Enemy",
      "to_method_key": "_IwAo9jzwEeeQ9OVcE7dQjw",
      "data_clump_type": "parameters_to_parameters_data_clump",
      "data_clump_data": {
        "_IwBP3DzwEeeQ9OVcE7dQjw": {
          "key": "_IwBP3DzwEeeQ9OVcE7dQjw",
          "name": "context",
          "type": null,
          "probability": 1,
          "modifiers": [],
          "to_variable": {
            "key": "_IwAo9zzwEeeQ9OVcE7dQjw",
            "name": "context",
            "type": null,
            "modifiers": [],
            "position": {}
          },
          "position": {}
        },
        "_IwBP3zzwEeeQ9OVcE7dQjw": {
          "key": "_IwBP3zzwEeeQ9OVcE7dQjw",
          "name": "screenWidth",
          "type": null,
          "probability": 1,
          "modifiers": [],
          "to_variable": {
            "key": "_IwAo-jzwEeeQ9OVcE7dQjw",
            "name": "screenWidth",
            "type": null,
            "modifiers": [],
            "position": {}
          },
          "position": {}
        },
        "_IwBP4jzwEeeQ9OVcE7dQjw": {
          "key": "_IwBP4jzwEeeQ9OVcE7dQjw",
          "name": "screenHeight",
          "type": null,
          "probability": 1,
          "modifiers": [],
          "to_variable": {
            "key": "_IwAo_TzwEeeQ9OVcE7dQjw",
            "name": "screenHeight",
            "type": null,
            "modifiers": [],
            "position": {}
          },
          "position": {}
        }
      }
    },
    "parameters_to_parameters_data_clump-./GameView-_IwBP2zzwEeeQ9OVcE7dQjw-_IwBPkTzwEeeQ9OVcE7dQjw-contextscreenWidthscreenHeight": {
      "type": "data_clump",
      "key": "parameters_to_parameters_data_clump-./GameView-_IwBP2zzwEeeQ9OVcE7dQjw-_IwBPkTzwEeeQ9OVcE7dQjw-contextscreenWidthscreenHeight",
      "probability": 1,
      "from_file_path": "./GameView",
      "from_class_or_interface_name": "GameView",
      "from_class_or_interface_key": "_IwBPsTzwEeeQ9OVcE7dQjw",
      "from_method_name": "GameView",
      "from_method_key": "_IwBP2zzwEeeQ9OVcE7dQjw",
      "to_file_path": "./EnemyBullet",
      "to_class_or_interface_name": "EnemyBullet",
      "to_class_or_interface_key": "_IwApCjzwEeeQ9OVcE7dQjw",
      "to_method_name": "EnemyBullet",
      "to_method_key": "_IwBPkTzwEeeQ9OVcE7dQjw",
      "data_clump_type": "parameters_to_parameters_data_clump",
      "data_clump_data": {
        "_IwBP3DzwEeeQ9OVcE7dQjw": {
          "key": "_IwBP3DzwEeeQ9OVcE7dQjw",
          "name": "context",
          "type": null,
          "probability": 1,
          "modifiers": [],
          "to_variable": {
            "key": "_IwBPkjzwEeeQ9OVcE7dQjw",
            "name": "context",
            "type": null,
            "modifiers": [],
            "position": {}
          },
          "position": {}
        },
        "_IwBP3zzwEeeQ9OVcE7dQjw": {
          "key": "_IwBP3zzwEeeQ9OVcE7dQjw",
          "name": "screenWidth",
          "type": null,
          "probability": 1,
          "modifiers": [],
          "to_variable": {
            "key": "_IwBPlTzwEeeQ9OVcE7dQjw",
            "name": "screenWidth",
            "type": null,
            "modifiers": [],
            "position": {}
          },
          "position": {}
        },
        "_IwBP4jzwEeeQ9OVcE7dQjw": {
          "key": "_IwBP4jzwEeeQ9OVcE7dQjw",
          "name": "screenHeight",
          "type": null,
          "probability": 1,
          "modifiers": [],
          "to_variable": {
            "key": "_IwBPmDzwEeeQ9OVcE7dQjw",
            "name": "screenHeight",
            "type": null,
            "modifiers": [],
            "position": {}
          },
          "position": {}
        }
      }
    },
    "parameters_to_parameters_data_clump-./GameView-_IwBP2zzwEeeQ9OVcE7dQjw-_IwB28jzwEeeQ9OVcE7dQjw-contextscreenWidthscreenHeight": {
      "type": "data_clump",
      "key": "parameters_to_parameters_data_clump-./GameView-_IwBP2zzwEeeQ9OVcE7dQjw-_IwB28jzwEeeQ9OVcE7dQjw-contextscreenWidthscreenHeight",
      "probability": 1,
      "from_file_path": "./GameView",
      "from_class_or_interface_name": "GameView",
      "from_class_or_interface_key": "_IwBPsTzwEeeQ9OVcE7dQjw",
      "from_method_name": "GameView",
      "from_method_key": "_IwBP2zzwEeeQ9OVcE7dQjw",
      "to_file_path": "./Player",
      "to_class_or_interface_name": "Player",
      "to_class_or_interface_key": "_IwB21TzwEeeQ9OVcE7dQjw",
      "to_method_name": "Player",
      "to_method_key": "_IwB28jzwEeeQ9OVcE7dQjw",
      "data_clump_type": "parameters_to_parameters_data_clump",
      "data_clump_data": {
        "_IwBP3DzwEeeQ9OVcE7dQjw": {
          "key": "_IwBP3DzwEeeQ9OVcE7dQjw",
          "name": "context",
          "type": null,
          "probability": 1,
          "modifiers": [],
          "to_variable": {
            "key": "_IwB28zzwEeeQ9OVcE7dQjw",
            "name": "context",
            "type": null,
            "modifiers": [],
            "position": {}
          },
          "position": {}
        },
        "_IwBP3zzwEeeQ9OVcE7dQjw": {
          "key": "_IwBP3zzwEeeQ9OVcE7dQjw",
          "name": "screenWidth",
          "type": null,
          "probability": 1,
          "modifiers": [],
          "to_variable": {
            "key": "_IwB29jzwEeeQ9OVcE7dQjw",
            "name": "screenWidth",
            "type": null,
            "modifiers": [],
            "position": {}
          },
          "position": {}
        },
        "_IwBP4jzwEeeQ9OVcE7dQjw": {
          "key": "_IwBP4jzwEeeQ9OVcE7dQjw",
          "name": "screenHeight",
          "type": null,
          "probability": 1,
          "modifiers": [],
          "to_variable": {
            "key": "_IwB2-TzwEeeQ9OVcE7dQjw",
            "name": "screenHeight",
            "type": null,
            "modifiers": [],
            "position": {}
          },
          "position": {}
        }
      }
    },
    "parameters_to_parameters_data_clump-./GameView-_IwBP2zzwEeeQ9OVcE7dQjw-_IwB3IDzwEeeQ9OVcE7dQjw-contextscreenWidthscreenHeight": {
      "type": "data_clump",
      "key": "parameters_to_parameters_data_clump-./GameView-_IwBP2zzwEeeQ9OVcE7dQjw-_IwB3IDzwEeeQ9OVcE7dQjw-contextscreenWidthscreenHeight",
      "probability": 1,
      "from_file_path": "./GameView",
      "from_class_or_interface_name": "GameView",
      "from_class_or_interface_key": "_IwBPsTzwEeeQ9OVcE7dQjw",
      "from_method_name": "GameView",
      "from_method_key": "_IwBP2zzwEeeQ9OVcE7dQjw",
      "to_file_path": "./PlayerBullet",
      "to_class_or_interface_name": "PlayerBullet",
      "to_class_or_interface_key": "_IwB3HjzwEeeQ9OVcE7dQjw",
      "to_method_name": "PlayerBullet",
      "to_method_key": "_IwB3IDzwEeeQ9OVcE7dQjw",
      "data_clump_type": "parameters_to_parameters_data_clump",
      "data_clump_data": {
        "_IwBP3DzwEeeQ9OVcE7dQjw": {
          "key": "_IwBP3DzwEeeQ9OVcE7dQjw",
          "name": "context",
          "type": null,
          "probability": 1,
          "modifiers": [],
          "to_variable": {
            "key": "_IwB3ITzwEeeQ9OVcE7dQjw",
            "name": "context",
            "type": null,
            "modifiers": [],
            "position": {}
          },
          "position": {}
        },
        "_IwBP3zzwEeeQ9OVcE7dQjw": {
          "key": "_IwBP3zzwEeeQ9OVcE7dQjw",
          "name": "screenWidth",
          "type": null,
          "probability": 1,
          "modifiers": [],
          "to_variable": {
            "key": "_IwB3JDzwEeeQ9OVcE7dQjw",
            "name": "screenWidth",
            "type": null,
            "modifiers": [],
            "position": {}
          },
          "position": {}
        },
        "_IwBP4jzwEeeQ9OVcE7dQjw": {
          "key": "_IwBP4jzwEeeQ9OVcE7dQjw",
          "name": "screenHeight",
          "type": null,
          "probability": 1,
          "modifiers": [],
          "to_variable": {
            "key": "_IwB3JzzwEeeQ9OVcE7dQjw",
            "name": "screenHeight",
            "type": null,
            "modifiers": [],
            "position": {}
          },
          "position": {}
        }
      }
    },
    "parameters_to_fields_data_clump-./GameView-_IwBP2zzwEeeQ9OVcE7dQjw-_IwBPsTzwEeeQ9OVcE7dQjw-contextscreenWidthscreenHeight": {
      "type": "data_clump",
      "key": "parameters_to_fields_data_clump-./GameView-_IwBP2zzwEeeQ9OVcE7dQjw-_IwBPsTzwEeeQ9OVcE7dQjw-contextscreenWidthscreenHeight",
      "probability": 1,
      "from_file_path": "./GameView",
      "from_class_or_interface_name": "GameView",
      "from_class_or_interface_key": "_IwBPsTzwEeeQ9OVcE7dQjw",
      "from_method_name": "GameView",
      "from_method_key": "_IwBP2zzwEeeQ9OVcE7dQjw",
      "to_file_path": "./GameView",
      "to_class_or_interface_name": "GameView",
      "to_class_or_interface_key": "_IwBPsTzwEeeQ9OVcE7dQjw",
      "to_method_name": null,
      "to_method_key": null,
      "data_clump_type": "parameters_to_fields_data_clump",
      "data_clump_data": {
        "_IwBP3DzwEeeQ9OVcE7dQjw": {
          "key": "_IwBP3DzwEeeQ9OVcE7dQjw",
          "name": "context",
          "type": null,
          "probability": 1,
          "modifiers": [],
          "to_variable": {
            "key": "_IwBP0TzwEeeQ9OVcE7dQjw",
            "name": "context",
            "type": null,
            "modifiers": [
              "private"
            ],
            "position": {}
          },
          "position": {}
        },
        "_IwBP3zzwEeeQ9OVcE7dQjw": {
          "key": "_IwBP3zzwEeeQ9OVcE7dQjw",
          "name": "screenWidth",
          "type": null,
          "probability": 1,
          "modifiers": [],
          "to_variable": {
            "key": "_IwBP1DzwEeeQ9OVcE7dQjw",
            "name": "screenWidth",
            "type": null,
            "modifiers": [
              "private"
            ],
            "position": {}
          },
          "position": {}
        },
        "_IwBP4jzwEeeQ9OVcE7dQjw": {
          "key": "_IwBP4jzwEeeQ9OVcE7dQjw",
          "name": "screenHeight",
          "type": null,
          "probability": 1,
          "modifiers": [],
          "to_variable": {
            "key": "_IwBP1zzwEeeQ9OVcE7dQjw",
            "name": "screenHeight",
            "type": null,
            "modifiers": [
              "private"
            ],
            "position": {}
          },
          "position": {}
        }
      }
    },
    "parameters_to_parameters_data_clump-./Player-_IwB28jzwEeeQ9OVcE7dQjw-_IwAorzzwEeeQ9OVcE7dQjw-contextscreenWidthscreenHeight": {
      "type": "data_clump",
      "key": "parameters_to_parameters_data_clump-./Player-_IwB28jzwEeeQ9OVcE7dQjw-_IwAorzzwEeeQ9OVcE7dQjw-contextscreenWidthscreenHeight",
      "probability": 1,
      "from_file_path": "./Player",
      "from_class_or_interface_name": "Player",
      "from_class_or_interface_key": "_IwB21TzwEeeQ9OVcE7dQjw",
      "from_method_name": "Player",
      "from_method_key": "_IwB28jzwEeeQ9OVcE7dQjw",
      "to_file_path": "./Bullet",
      "to_class_or_interface_name": "Bullet",
      "to_class_or_interface_key": "_IwAojzzwEeeQ9OVcE7dQjw",
      "to_method_name": "Bullet",
      "to_method_key": "_IwAorzzwEeeQ9OVcE7dQjw",
      "data_clump_type": "parameters_to_parameters_data_clump",
      "data_clump_data": {
        "_IwB28zzwEeeQ9OVcE7dQjw": {
          "key": "_IwB28zzwEeeQ9OVcE7dQjw",
          "name": "context",
          "type": null,
          "probability": 1,
          "modifiers": [],
          "to_variable": {
            "key": "_IwAosDzwEeeQ9OVcE7dQjw",
            "name": "context",
            "type": null,
            "modifiers": [],
            "position": {}
          },
          "position": {}
        },
        "_IwB29jzwEeeQ9OVcE7dQjw": {
          "key": "_IwB29jzwEeeQ9OVcE7dQjw",
          "name": "screenWidth",
          "type": null,
          "probability": 1,
          "modifiers": [],
          "to_variable": {
            "key": "_IwAoszzwEeeQ9OVcE7dQjw",
            "name": "screenWidth",
            "type": null,
            "modifiers": [],
            "position": {}
          },
          "position": {}
        },
        "_IwB2-TzwEeeQ9OVcE7dQjw": {
          "key": "_IwB2-TzwEeeQ9OVcE7dQjw",
          "name": "screenHeight",
          "type": null,
          "probability": 1,
          "modifiers": [],
          "to_variable": {
            "key": "_IwAotjzwEeeQ9OVcE7dQjw",
            "name": "screenHeight",
            "type": null,
            "modifiers": [],
            "position": {}
          },
          "position": {}
        }
      }
    },
    "parameters_to_parameters_data_clump-./Player-_IwB28jzwEeeQ9OVcE7dQjw-_IwAo9jzwEeeQ9OVcE7dQjw-contextscreenWidthscreenHeight": {
      "type": "data_clump",
      "key": "parameters_to_parameters_data_clump-./Player-_IwB28jzwEeeQ9OVcE7dQjw-_IwAo9jzwEeeQ9OVcE7dQjw-contextscreenWidthscreenHeight",
      "probability": 1,
      "from_file_path": "./Player",
      "from_class_or_interface_name": "Player",
      "from_class_or_interface_key": "_IwB21TzwEeeQ9OVcE7dQjw",
      "from_method_name": "Player",
      "from_method_key": "_IwB28jzwEeeQ9OVcE7dQjw",
      "to_file_path": "./Enemy",
      "to_class_or_interface_name": "Enemy",
      "to_class_or_interface_key": "_IwAo3DzwEeeQ9OVcE7dQjw",
      "to_method_name": "Enemy",
      "to_method_key": "_IwAo9jzwEeeQ9OVcE7dQjw",
      "data_clump_type": "parameters_to_parameters_data_clump",
      "data_clump_data": {
        "_IwB28zzwEeeQ9OVcE7dQjw": {
          "key": "_IwB28zzwEeeQ9OVcE7dQjw",
          "name": "context",
          "type": null,
          "probability": 1,
          "modifiers": [],
          "to_variable": {
            "key": "_IwAo9zzwEeeQ9OVcE7dQjw",
            "name": "context",
            "type": null,
            "modifiers": [],
            "position": {}
          },
          "position": {}
        },
        "_IwB29jzwEeeQ9OVcE7dQjw": {
          "key": "_IwB29jzwEeeQ9OVcE7dQjw",
          "name": "screenWidth",
          "type": null,
          "probability": 1,
          "modifiers": [],
          "to_variable": {
            "key": "_IwAo-jzwEeeQ9OVcE7dQjw",
            "name": "screenWidth",
            "type": null,
            "modifiers": [],
            "position": {}
          },
          "position": {}
        },
        "_IwB2-TzwEeeQ9OVcE7dQjw": {
          "key": "_IwB2-TzwEeeQ9OVcE7dQjw",
          "name": "screenHeight",
          "type": null,
          "probability": 1,
          "modifiers": [],
          "to_variable": {
            "key": "_IwAo_TzwEeeQ9OVcE7dQjw",
            "name": "screenHeight",
            "type": null,
            "modifiers": [],
            "position": {}
          },
          "position": {}
        }
      }
    },
    "parameters_to_parameters_data_clump-./Player-_IwB28jzwEeeQ9OVcE7dQjw-_IwBPkTzwEeeQ9OVcE7dQjw-contextscreenWidthscreenHeight": {
      "type": "data_clump",
      "key": "parameters_to_parameters_data_clump-./Player-_IwB28jzwEeeQ9OVcE7dQjw-_IwBPkTzwEeeQ9OVcE7dQjw-contextscreenWidthscreenHeight",
      "probability": 1,
      "from_file_path": "./Player",
      "from_class_or_interface_name": "Player",
      "from_class_or_interface_key": "_IwB21TzwEeeQ9OVcE7dQjw",
      "from_method_name": "Player",
      "from_method_key": "_IwB28jzwEeeQ9OVcE7dQjw",
      "to_file_path": "./EnemyBullet",
      "to_class_or_interface_name": "EnemyBullet",
      "to_class_or_interface_key": "_IwApCjzwEeeQ9OVcE7dQjw",
      "to_method_name": "EnemyBullet",
      "to_method_key": "_IwBPkTzwEeeQ9OVcE7dQjw",
      "data_clump_type": "parameters_to_parameters_data_clump",
      "data_clump_data": {
        "_IwB28zzwEeeQ9OVcE7dQjw": {
          "key": "_IwB28zzwEeeQ9OVcE7dQjw",
          "name": "context",
          "type": null,
          "probability": 1,
          "modifiers": [],
          "to_variable": {
            "key": "_IwBPkjzwEeeQ9OVcE7dQjw",
            "name": "context",
            "type": null,
            "modifiers": [],
            "position": {}
          },
          "position": {}
        },
        "_IwB29jzwEeeQ9OVcE7dQjw": {
          "key": "_IwB29jzwEeeQ9OVcE7dQjw",
          "name": "screenWidth",
          "type": null,
          "probability": 1,
          "modifiers": [],
          "to_variable": {
            "key": "_IwBPlTzwEeeQ9OVcE7dQjw",
            "name": "screenWidth",
            "type": null,
            "modifiers": [],
            "position": {}
          },
          "position": {}
        },
        "_IwB2-TzwEeeQ9OVcE7dQjw": {
          "key": "_IwB2-TzwEeeQ9OVcE7dQjw",
          "name": "screenHeight",
          "type": null,
          "probability": 1,
          "modifiers": [],
          "to_variable": {
            "key": "_IwBPmDzwEeeQ9OVcE7dQjw",
            "name": "screenHeight",
            "type": null,
            "modifiers": [],
            "position": {}
          },
          "position": {}
        }
      }
    },
    "parameters_to_parameters_data_clump-./Player-_IwB28jzwEeeQ9OVcE7dQjw-_IwBP2zzwEeeQ9OVcE7dQjw-contextscreenWidthscreenHeight": {
      "type": "data_clump",
      "key": "parameters_to_parameters_data_clump-./Player-_IwB28jzwEeeQ9OVcE7dQjw-_IwBP2zzwEeeQ9OVcE7dQjw-contextscreenWidthscreenHeight",
      "probability": 1,
      "from_file_path": "./Player",
      "from_class_or_interface_name": "Player",
      "from_class_or_interface_key": "_IwB21TzwEeeQ9OVcE7dQjw",
      "from_method_name": "Player",
      "from_method_key": "_IwB28jzwEeeQ9OVcE7dQjw",
      "to_file_path": "./GameView",
      "to_class_or_interface_name": "GameView",
      "to_class_or_interface_key": "_IwBPsTzwEeeQ9OVcE7dQjw",
      "to_method_name": "GameView",
      "to_method_key": "_IwBP2zzwEeeQ9OVcE7dQjw",
      "data_clump_type": "parameters_to_parameters_data_clump",
      "data_clump_data": {
        "_IwB28zzwEeeQ9OVcE7dQjw": {
          "key": "_IwB28zzwEeeQ9OVcE7dQjw",
          "name": "context",
          "type": null,
          "probability": 1,
          "modifiers": [],
          "to_variable": {
            "key": "_IwBP3DzwEeeQ9OVcE7dQjw",
            "name": "context",
            "type": null,
            "modifiers": [],
            "position": {}
          },
          "position": {}
        },
        "_IwB29jzwEeeQ9OVcE7dQjw": {
          "key": "_IwB29jzwEeeQ9OVcE7dQjw",
          "name": "screenWidth",
          "type": null,
          "probability": 1,
          "modifiers": [],
          "to_variable": {
            "key": "_IwBP3zzwEeeQ9OVcE7dQjw",
            "name": "screenWidth",
            "type": null,
            "modifiers": [],
            "position": {}
          },
          "position": {}
        },
        "_IwB2-TzwEeeQ9OVcE7dQjw": {
          "key": "_IwB2-TzwEeeQ9OVcE7dQjw",
          "name": "screenHeight",
          "type": null,
          "probability": 1,
          "modifiers": [],
          "to_variable": {
            "key": "_IwBP4jzwEeeQ9OVcE7dQjw",
            "name": "screenHeight",
            "type": null,
            "modifiers": [],
            "position": {}
          },
          "position": {}
        }
      }
    },
    "parameters_to_parameters_data_clump-./Player-_IwB28jzwEeeQ9OVcE7dQjw-_IwB3IDzwEeeQ9OVcE7dQjw-contextscreenWidthscreenHeight": {
      "type": "data_clump",
      "key": "parameters_to_parameters_data_clump-./Player-_IwB28jzwEeeQ9OVcE7dQjw-_IwB3IDzwEeeQ9OVcE7dQjw-contextscreenWidthscreenHeight",
      "probability": 1,
      "from_file_path": "./Player",
      "from_class_or_interface_name": "Player",
      "from_class_or_interface_key": "_IwB21TzwEeeQ9OVcE7dQjw",
      "from_method_name": "Player",
      "from_method_key": "_IwB28jzwEeeQ9OVcE7dQjw",
      "to_file_path": "./PlayerBullet",
      "to_class_or_interface_name": "PlayerBullet",
      "to_class_or_interface_key": "_IwB3HjzwEeeQ9OVcE7dQjw",
      "to_method_name": "PlayerBullet",
      "to_method_key": "_IwB3IDzwEeeQ9OVcE7dQjw",
      "data_clump_type": "parameters_to_parameters_data_clump",
      "data_clump_data": {
        "_IwB28zzwEeeQ9OVcE7dQjw": {
          "key": "_IwB28zzwEeeQ9OVcE7dQjw",
          "name": "context",
          "type": null,
          "probability": 1,
          "modifiers": [],
          "to_variable": {
            "key": "_IwB3ITzwEeeQ9OVcE7dQjw",
            "name": "context",
            "type": null,
            "modifiers": [],
            "position": {}
          },
          "position": {}
        },
        "_IwB29jzwEeeQ9OVcE7dQjw": {
          "key": "_IwB29jzwEeeQ9OVcE7dQjw",
          "name": "screenWidth",
          "type": null,
          "probability": 1,
          "modifiers": [],
          "to_variable": {
            "key": "_IwB3JDzwEeeQ9OVcE7dQjw",
            "name": "screenWidth",
            "type": null,
            "modifiers": [],
            "position": {}
          },
          "position": {}
        },
        "_IwB2-TzwEeeQ9OVcE7dQjw": {
          "key": "_IwB2-TzwEeeQ9OVcE7dQjw",
          "name": "screenHeight",
          "type": null,
          "probability": 1,
          "modifiers": [],
          "to_variable": {
            "key": "_IwB3JzzwEeeQ9OVcE7dQjw",
            "name": "screenHeight",
            "type": null,
            "modifiers": [],
            "position": {}
          },
          "position": {}
        }
      }
    },
    "parameters_to_fields_data_clump-./Player-_IwB28jzwEeeQ9OVcE7dQjw-_IwBPsTzwEeeQ9OVcE7dQjw-contextscreenWidthscreenHeight": {
      "type": "data_clump",
      "key": "parameters_to_fields_data_clump-./Player-_IwB28jzwEeeQ9OVcE7dQjw-_IwBPsTzwEeeQ9OVcE7dQjw-contextscreenWidthscreenHeight",
      "probability": 1,
      "from_file_path": "./Player",
      "from_class_or_interface_name": "Player",
      "from_class_or_interface_key": "_IwB21TzwEeeQ9OVcE7dQjw",
      "from_method_name": "Player",
      "from_method_key": "_IwB28jzwEeeQ9OVcE7dQjw",
      "to_file_path": "./GameView",
      "to_class_or_interface_name": "GameView",
      "to_class_or_interface_key": "_IwBPsTzwEeeQ9OVcE7dQjw",
      "to_method_name": null,
      "to_method_key": null,
      "data_clump_type": "parameters_to_fields_data_clump",
      "data_clump_data": {
        "_IwB28zzwEeeQ9OVcE7dQjw": {
          "key": "_IwB28zzwEeeQ9OVcE7dQjw",
          "name": "context",
          "type": null,
          "probability": 1,
          "modifiers": [],
          "to_variable": {
            "key": "_IwBP0TzwEeeQ9OVcE7dQjw",
            "name": "context",
            "type": null,
            "modifiers": [
              "private"
            ],
            "position": {}
          },
          "position": {}
        },
        "_IwB29jzwEeeQ9OVcE7dQjw": {
          "key": "_IwB29jzwEeeQ9OVcE7dQjw",
          "name": "screenWidth",
          "type": null,
          "probability": 1,
          "modifiers": [],
          "to_variable": {
            "key": "_IwBP1DzwEeeQ9OVcE7dQjw",
            "name": "screenWidth",
            "type": null,
            "modifiers": [
              "private"
            ],
            "position": {}
          },
          "position": {}
        },
        "_IwB2-TzwEeeQ9OVcE7dQjw": {
          "key": "_IwB2-TzwEeeQ9OVcE7dQjw",
          "name": "screenHeight",
          "type": null,
          "probability": 1,
          "modifiers": [],
          "to_variable": {
            "key": "_IwBP1zzwEeeQ9OVcE7dQjw",
            "name": "screenHeight",
            "type": null,
            "modifiers": [
              "private"
            ],
            "position": {}
          },
          "position": {}
        }
      }
    },
    "parameters_to_parameters_data_clump-./PlayerBullet-_IwB3IDzwEeeQ9OVcE7dQjw-_IwAorzzwEeeQ9OVcE7dQjw-contextscreenWidthscreenHeighttopOfPlane": {
      "type": "data_clump",
      "key": "parameters_to_parameters_data_clump-./PlayerBullet-_IwB3IDzwEeeQ9OVcE7dQjw-_IwAorzzwEeeQ9OVcE7dQjw-contextscreenWidthscreenHeighttopOfPlane",
      "probability": 1,
      "from_file_path": "./PlayerBullet",
      "from_class_or_interface_name": "PlayerBullet",
      "from_class_or_interface_key": "_IwB3HjzwEeeQ9OVcE7dQjw",
      "from_method_name": "PlayerBullet",
      "from_method_key": "_IwB3IDzwEeeQ9OVcE7dQjw",
      "to_file_path": "./Bullet",
      "to_class_or_interface_name": "Bullet",
      "to_class_or_interface_key": "_IwAojzzwEeeQ9OVcE7dQjw",
      "to_method_name": "Bullet",
      "to_method_key": "_IwAorzzwEeeQ9OVcE7dQjw",
      "data_clump_type": "parameters_to_parameters_data_clump",
      "data_clump_data": {
        "_IwB3ITzwEeeQ9OVcE7dQjw": {
          "key": "_IwB3ITzwEeeQ9OVcE7dQjw",
          "name": "context",
          "type": null,
          "probability": 1,
          "modifiers": [],
          "to_variable": {
            "key": "_IwAosDzwEeeQ9OVcE7dQjw",
            "name": "context",
            "type": null,
            "modifiers": [],
            "position": {}
          },
          "position": {}
        },
        "_IwB3JDzwEeeQ9OVcE7dQjw": {
          "key": "_IwB3JDzwEeeQ9OVcE7dQjw",
          "name": "screenWidth",
          "type": null,
          "probability": 1,
          "modifiers": [],
          "to_variable": {
            "key": "_IwAoszzwEeeQ9OVcE7dQjw",
            "name": "screenWidth",
            "type": null,
            "modifiers": [],
            "position": {}
          },
          "position": {}
        },
        "_IwB3JzzwEeeQ9OVcE7dQjw": {
          "key": "_IwB3JzzwEeeQ9OVcE7dQjw",
          "name": "screenHeight",
          "type": null,
          "probability": 1,
          "modifiers": [],
          "to_variable": {
            "key": "_IwAotjzwEeeQ9OVcE7dQjw",
            "name": "screenHeight",
            "type": null,
            "modifiers": [],
            "position": {}
          },
          "position": {}
        },
        "_IwB3KjzwEeeQ9OVcE7dQjw": {
          "key": "_IwB3KjzwEeeQ9OVcE7dQjw",
          "name": "topOfPlane",
          "type": null,
          "probability": 1,
          "modifiers": [],
          "to_variable": {
            "key": "_IwAouTzwEeeQ9OVcE7dQjw",
            "name": "topOfPlane",
            "type": null,
            "modifiers": [],
            "position": {}
          },
          "position": {}
        }
      }
    },
    "parameters_to_parameters_data_clump-./PlayerBullet-_IwB3IDzwEeeQ9OVcE7dQjw-_IwAo9jzwEeeQ9OVcE7dQjw-contextscreenWidthscreenHeight": {
      "type": "data_clump",
      "key": "parameters_to_parameters_data_clump-./PlayerBullet-_IwB3IDzwEeeQ9OVcE7dQjw-_IwAo9jzwEeeQ9OVcE7dQjw-contextscreenWidthscreenHeight",
      "probability": 1,
      "from_file_path": "./PlayerBullet",
      "from_class_or_interface_name": "PlayerBullet",
      "from_class_or_interface_key": "_IwB3HjzwEeeQ9OVcE7dQjw",
      "from_method_name": "PlayerBullet",
      "from_method_key": "_IwB3IDzwEeeQ9OVcE7dQjw",
      "to_file_path": "./Enemy",
      "to_class_or_interface_name": "Enemy",
      "to_class_or_interface_key": "_IwAo3DzwEeeQ9OVcE7dQjw",
      "to_method_name": "Enemy",
      "to_method_key": "_IwAo9jzwEeeQ9OVcE7dQjw",
      "data_clump_type": "parameters_to_parameters_data_clump",
      "data_clump_data": {
        "_IwB3ITzwEeeQ9OVcE7dQjw": {
          "key": "_IwB3ITzwEeeQ9OVcE7dQjw",
          "name": "context",
          "type": null,
          "probability": 1,
          "modifiers": [],
          "to_variable": {
            "key": "_IwAo9zzwEeeQ9OVcE7dQjw",
            "name": "context",
            "type": null,
            "modifiers": [],
            "position": {}
          },
          "position": {}
        },
        "_IwB3JDzwEeeQ9OVcE7dQjw": {
          "key": "_IwB3JDzwEeeQ9OVcE7dQjw",
          "name": "screenWidth",
          "type": null,
          "probability": 1,
          "modifiers": [],
          "to_variable": {
            "key": "_IwAo-jzwEeeQ9OVcE7dQjw",
            "name": "screenWidth",
            "type": null,
            "modifiers": [],
            "position": {}
          },
          "position": {}
        },
        "_IwB3JzzwEeeQ9OVcE7dQjw": {
          "key": "_IwB3JzzwEeeQ9OVcE7dQjw",
          "name": "screenHeight",
          "type": null,
          "probability": 1,
          "modifiers": [],
          "to_variable": {
            "key": "_IwAo_TzwEeeQ9OVcE7dQjw",
            "name": "screenHeight",
            "type": null,
            "modifiers": [],
            "position": {}
          },
          "position": {}
        }
      }
    },
    "parameters_to_parameters_data_clump-./PlayerBullet-_IwB3IDzwEeeQ9OVcE7dQjw-_IwBPkTzwEeeQ9OVcE7dQjw-contextscreenWidthscreenHeighttopOfPlane": {
      "type": "data_clump",
      "key": "parameters_to_parameters_data_clump-./PlayerBullet-_IwB3IDzwEeeQ9OVcE7dQjw-_IwBPkTzwEeeQ9OVcE7dQjw-contextscreenWidthscreenHeighttopOfPlane",
      "probability": 1,
      "from_file_path": "./PlayerBullet",
      "from_class_or_interface_name": "PlayerBullet",
      "from_class_or_interface_key": "_IwB3HjzwEeeQ9OVcE7dQjw",
      "from_method_name": "PlayerBullet",
      "from_method_key": "_IwB3IDzwEeeQ9OVcE7dQjw",
      "to_file_path": "./EnemyBullet",
      "to_class_or_interface_name": "EnemyBullet",
      "to_class_or_interface_key": "_IwApCjzwEeeQ9OVcE7dQjw",
      "to_method_name": "EnemyBullet",
      "to_method_key": "_IwBPkTzwEeeQ9OVcE7dQjw",
      "data_clump_type": "parameters_to_parameters_data_clump",
      "data_clump_data": {
        "_IwB3ITzwEeeQ9OVcE7dQjw": {
          "key": "_IwB3ITzwEeeQ9OVcE7dQjw",
          "name": "context",
          "type": null,
          "probability": 1,
          "modifiers": [],
          "to_variable": {
            "key": "_IwBPkjzwEeeQ9OVcE7dQjw",
            "name": "context",
            "type": null,
            "modifiers": [],
            "position": {}
          },
          "position": {}
        },
        "_IwB3JDzwEeeQ9OVcE7dQjw": {
          "key": "_IwB3JDzwEeeQ9OVcE7dQjw",
          "name": "screenWidth",
          "type": null,
          "probability": 1,
          "modifiers": [],
          "to_variable": {
            "key": "_IwBPlTzwEeeQ9OVcE7dQjw",
            "name": "screenWidth",
            "type": null,
            "modifiers": [],
            "position": {}
          },
          "position": {}
        },
        "_IwB3JzzwEeeQ9OVcE7dQjw": {
          "key": "_IwB3JzzwEeeQ9OVcE7dQjw",
          "name": "screenHeight",
          "type": null,
          "probability": 1,
          "modifiers": [],
          "to_variable": {
            "key": "_IwBPmDzwEeeQ9OVcE7dQjw",
            "name": "screenHeight",
            "type": null,
            "modifiers": [],
            "position": {}
          },
          "position": {}
        },
        "_IwB3KjzwEeeQ9OVcE7dQjw": {
          "key": "_IwB3KjzwEeeQ9OVcE7dQjw",
          "name": "topOfPlane",
          "type": null,
          "probability": 1,
          "modifiers": [],
          "to_variable": {
            "key": "_IwBPmzzwEeeQ9OVcE7dQjw",
            "name": "topOfPlane",
            "type": null,
            "modifiers": [],
            "position": {}
          },
          "position": {}
        }
      }
    },
    "parameters_to_parameters_data_clump-./PlayerBullet-_IwB3IDzwEeeQ9OVcE7dQjw-_IwBP2zzwEeeQ9OVcE7dQjw-contextscreenWidthscreenHeight": {
      "type": "data_clump",
      "key": "parameters_to_parameters_data_clump-./PlayerBullet-_IwB3IDzwEeeQ9OVcE7dQjw-_IwBP2zzwEeeQ9OVcE7dQjw-contextscreenWidthscreenHeight",
      "probability": 1,
      "from_file_path": "./PlayerBullet",
      "from_class_or_interface_name": "PlayerBullet",
      "from_class_or_interface_key": "_IwB3HjzwEeeQ9OVcE7dQjw",
      "from_method_name": "PlayerBullet",
      "from_method_key": "_IwB3IDzwEeeQ9OVcE7dQjw",
      "to_file_path": "./GameView",
      "to_class_or_interface_name": "GameView",
      "to_class_or_interface_key": "_IwBPsTzwEeeQ9OVcE7dQjw",
      "to_method_name": "GameView",
      "to_method_key": "_IwBP2zzwEeeQ9OVcE7dQjw",
      "data_clump_type": "parameters_to_parameters_data_clump",
      "data_clump_data": {
        "_IwB3ITzwEeeQ9OVcE7dQjw": {
          "key": "_IwB3ITzwEeeQ9OVcE7dQjw",
          "name": "context",
          "type": null,
          "probability": 1,
          "modifiers": [],
          "to_variable": {
            "key": "_IwBP3DzwEeeQ9OVcE7dQjw",
            "name": "context",
            "type": null,
            "modifiers": [],
            "position": {}
          },
          "position": {}
        },
        "_IwB3JDzwEeeQ9OVcE7dQjw": {
          "key": "_IwB3JDzwEeeQ9OVcE7dQjw",
          "name": "screenWidth",
          "type": null,
          "probability": 1,
          "modifiers": [],
          "to_variable": {
            "key": "_IwBP3zzwEeeQ9OVcE7dQjw",
            "name": "screenWidth",
            "type": null,
            "modifiers": [],
            "position": {}
          },
          "position": {}
        },
        "_IwB3JzzwEeeQ9OVcE7dQjw": {
          "key": "_IwB3JzzwEeeQ9OVcE7dQjw",
          "name": "screenHeight",
          "type": null,
          "probability": 1,
          "modifiers": [],
          "to_variable": {
            "key": "_IwBP4jzwEeeQ9OVcE7dQjw",
            "name": "screenHeight",
            "type": null,
            "modifiers": [],
            "position": {}
          },
          "position": {}
        }
      }
    },
    "parameters_to_parameters_data_clump-./PlayerBullet-_IwB3IDzwEeeQ9OVcE7dQjw-_IwB28jzwEeeQ9OVcE7dQjw-contextscreenWidthscreenHeight": {
      "type": "data_clump",
      "key": "parameters_to_parameters_data_clump-./PlayerBullet-_IwB3IDzwEeeQ9OVcE7dQjw-_IwB28jzwEeeQ9OVcE7dQjw-contextscreenWidthscreenHeight",
      "probability": 1,
      "from_file_path": "./PlayerBullet",
      "from_class_or_interface_name": "PlayerBullet",
      "from_class_or_interface_key": "_IwB3HjzwEeeQ9OVcE7dQjw",
      "from_method_name": "PlayerBullet",
      "from_method_key": "_IwB3IDzwEeeQ9OVcE7dQjw",
      "to_file_path": "./Player",
      "to_class_or_interface_name": "Player",
      "to_class_or_interface_key": "_IwB21TzwEeeQ9OVcE7dQjw",
      "to_method_name": "Player",
      "to_method_key": "_IwB28jzwEeeQ9OVcE7dQjw",
      "data_clump_type": "parameters_to_parameters_data_clump",
      "data_clump_data": {
        "_IwB3ITzwEeeQ9OVcE7dQjw": {
          "key": "_IwB3ITzwEeeQ9OVcE7dQjw",
          "name": "context",
          "type": null,
          "probability": 1,
          "modifiers": [],
          "to_variable": {
            "key": "_IwB28zzwEeeQ9OVcE7dQjw",
            "name": "context",
            "type": null,
            "modifiers": [],
            "position": {}
          },
          "position": {}
        },
        "_IwB3JDzwEeeQ9OVcE7dQjw": {
          "key": "_IwB3JDzwEeeQ9OVcE7dQjw",
          "name": "screenWidth",
          "type": null,
          "probability": 1,
          "modifiers": [],
          "to_variable": {
            "key": "_IwB29jzwEeeQ9OVcE7dQjw",
            "name": "screenWidth",
            "type": null,
            "modifiers": [],
            "position": {}
          },
          "position": {}
        },
        "_IwB3JzzwEeeQ9OVcE7dQjw": {
          "key": "_IwB3JzzwEeeQ9OVcE7dQjw",
          "name": "screenHeight",
          "type": null,
          "probability": 1,
          "modifiers": [],
          "to_variable": {
            "key": "_IwB2-TzwEeeQ9OVcE7dQjw",
            "name": "screenHeight",
            "type": null,
            "modifiers": [],
            "position": {}
          },
          "position": {}
        }
      }
    },
    "parameters_to_fields_data_clump-./PlayerBullet-_IwB3IDzwEeeQ9OVcE7dQjw-_IwBPsTzwEeeQ9OVcE7dQjw-contextscreenWidthscreenHeight": {
      "type": "data_clump",
      "key": "parameters_to_fields_data_clump-./PlayerBullet-_IwB3IDzwEeeQ9OVcE7dQjw-_IwBPsTzwEeeQ9OVcE7dQjw-contextscreenWidthscreenHeight",
      "probability": 1,
      "from_file_path": "./PlayerBullet",
      "from_class_or_interface_name": "PlayerBullet",
      "from_class_or_interface_key": "_IwB3HjzwEeeQ9OVcE7dQjw",
      "from_method_name": "PlayerBullet",
      "from_method_key": "_IwB3IDzwEeeQ9OVcE7dQjw",
      "to_file_path": "./GameView",
      "to_class_or_interface_name": "GameView",
      "to_class_or_interface_key": "_IwBPsTzwEeeQ9OVcE7dQjw",
      "to_method_name": null,
      "to_method_key": null,
      "data_clump_type": "parameters_to_fields_data_clump",
      "data_clump_data": {
        "_IwB3ITzwEeeQ9OVcE7dQjw": {
          "key": "_IwB3ITzwEeeQ9OVcE7dQjw",
          "name": "context",
          "type": null,
          "probability": 1,
          "modifiers": [],
          "to_variable": {
            "key": "_IwBP0TzwEeeQ9OVcE7dQjw",
            "name": "context",
            "type": null,
            "modifiers": [
              "private"
            ],
            "position": {}
          },
          "position": {}
        },
        "_IwB3JDzwEeeQ9OVcE7dQjw": {
          "key": "_IwB3JDzwEeeQ9OVcE7dQjw",
          "name": "screenWidth",
          "type": null,
          "probability": 1,
          "modifiers": [],
          "to_variable": {
            "key": "_IwBP1DzwEeeQ9OVcE7dQjw",
            "name": "screenWidth",
            "type": null,
            "modifiers": [
              "private"
            ],
            "position": {}
          },
          "position": {}
        },
        "_IwB3JzzwEeeQ9OVcE7dQjw": {
          "key": "_IwB3JzzwEeeQ9OVcE7dQjw",
          "name": "screenHeight",
          "type": null,
          "probability": 1,
          "modifiers": [],
          "to_variable": {
            "key": "_IwBP1zzwEeeQ9OVcE7dQjw",
            "name": "screenHeight",
            "type": null,
            "modifiers": [
              "private"
            ],
            "position": {}
          },
          "position": {}
        }
      }
    },
    "fields_to_fields_data_clump-./Bullet-_IwAojzzwEeeQ9OVcE7dQjw-_IwBQEDzwEeeQ9OVcE7dQjw-xyminXmaxXminYmaxYcontextpic": {
      "type": "data_clump",
      "key": "fields_to_fields_data_clump-./Bullet-_IwAojzzwEeeQ9OVcE7dQjw-_IwBQEDzwEeeQ9OVcE7dQjw-xyminXmaxXminYmaxYcontextpic",
      "probability": 1,
      "from_file_path": "./Bullet",
      "from_class_or_interface_name": "Bullet",
      "from_class_or_interface_key": "_IwAojzzwEeeQ9OVcE7dQjw",
      "from_method_name": null,
      "from_method_key": null,
      "to_file_path": "./PlaneBase",
      "to_class_or_interface_key": "_IwBQEDzwEeeQ9OVcE7dQjw",
      "to_class_or_interface_name": "Bullet",
      "to_method_key": null,
      "to_method_name": null,
      "data_clump_type": "fields_to_fields_data_clump",
      "data_clump_data": {
        "_IwAokDzwEeeQ9OVcE7dQjw": {
          "key": "_IwAokDzwEeeQ9OVcE7dQjw",
          "name": "x",
          "type": null,
          "probability": 1,
          "modifiers": [
            "protected"
          ],
          "to_variable": {
            "key": "_IwBQFDzwEeeQ9OVcE7dQjw",
            "name": "x",
            "type": null,
            "modifiers": [
              "protected"
            ],
            "position": {}
          },
          "position": {}
        },
        "_IwAokzzwEeeQ9OVcE7dQjw": {
          "key": "_IwAokzzwEeeQ9OVcE7dQjw",
          "name": "y",
          "type": null,
          "probability": 1,
          "modifiers": [
            "protected"
          ],
          "to_variable": {
            "key": "_IwBQFzzwEeeQ9OVcE7dQjw",
            "name": "y",
            "type": null,
            "modifiers": [
              "protected"
            ],
            "position": {}
          },
          "position": {}
        },
        "_IwAoljzwEeeQ9OVcE7dQjw": {
          "key": "_IwAoljzwEeeQ9OVcE7dQjw",
          "name": "minX",
          "type": null,
          "probability": 1,
          "modifiers": [
            "protected"
          ],
          "to_variable": {
            "key": "_IwBQGjzwEeeQ9OVcE7dQjw",
            "name": "minX",
            "type": null,
            "modifiers": [
              "protected"
            ],
            "position": {}
          },
          "position": {}
        },
        "_IwAomTzwEeeQ9OVcE7dQjw": {
          "key": "_IwAomTzwEeeQ9OVcE7dQjw",
          "name": "maxX",
          "type": null,
          "probability": 1,
          "modifiers": [
            "protected"
          ],
          "to_variable": {
            "key": "_IwBQHTzwEeeQ9OVcE7dQjw",
            "name": "maxX",
            "type": null,
            "modifiers": [
              "protected"
            ],
            "position": {}
          },
          "position": {}
        },
        "_IwAonDzwEeeQ9OVcE7dQjw": {
          "key": "_IwAonDzwEeeQ9OVcE7dQjw",
          "name": "minY",
          "type": null,
          "probability": 1,
          "modifiers": [
            "protected"
          ],
          "to_variable": {
            "key": "_IwB2oTzwEeeQ9OVcE7dQjw",
            "name": "minY",
            "type": null,
            "modifiers": [
              "protected"
            ],
            "position": {}
          },
          "position": {}
        },
        "_IwAonzzwEeeQ9OVcE7dQjw": {
          "key": "_IwAonzzwEeeQ9OVcE7dQjw",
          "name": "maxY",
          "type": null,
          "probability": 1,
          "modifiers": [
            "protected"
          ],
          "to_variable": {
            "key": "_IwB2pDzwEeeQ9OVcE7dQjw",
            "name": "maxY",
            "type": null,
            "modifiers": [
              "protected"
            ],
            "position": {}
          },
          "position": {}
        },
        "_IwAopTzwEeeQ9OVcE7dQjw": {
          "key": "_IwAopTzwEeeQ9OVcE7dQjw",
          "name": "context",
          "type": null,
          "probability": 1,
          "modifiers": [
            "protected"
          ],
          "to_variable": {
            "key": "_IwB2qjzwEeeQ9OVcE7dQjw",
            "name": "context",
            "type": null,
            "modifiers": [
              "protected"
            ],
            "position": {}
          },
          "position": {}
        },
        "_IwAoqzzwEeeQ9OVcE7dQjw": {
          "key": "_IwAoqzzwEeeQ9OVcE7dQjw",
          "name": "pic",
          "type": null,
          "probability": 1,
          "modifiers": [
            "protected"
          ],
          "to_variable": {
            "key": "_IwB2pzzwEeeQ9OVcE7dQjw",
            "name": "pic",
            "type": null,
            "modifiers": [
              "protected"
            ],
            "position": {}
          },
          "position": {}
        }
      }
    },
    "fields_to_fields_data_clump-./PlaneBase-_IwBQEDzwEeeQ9OVcE7dQjw-_IwAojzzwEeeQ9OVcE7dQjw-xyminXmaxXminYmaxYpiccontext": {
      "type": "data_clump",
      "key": "fields_to_fields_data_clump-./PlaneBase-_IwBQEDzwEeeQ9OVcE7dQjw-_IwAojzzwEeeQ9OVcE7dQjw-xyminXmaxXminYmaxYpiccontext",
      "probability": 1,
      "from_file_path": "./PlaneBase",
      "from_class_or_interface_name": "PlaneBase",
      "from_class_or_interface_key": "_IwBQEDzwEeeQ9OVcE7dQjw",
      "from_method_name": null,
      "from_method_key": null,
      "to_file_path": "./Bullet",
      "to_class_or_interface_key": "_IwAojzzwEeeQ9OVcE7dQjw",
      "to_class_or_interface_name": "PlaneBase",
      "to_method_key": null,
      "to_method_name": null,
      "data_clump_type": "fields_to_fields_data_clump",
      "data_clump_data": {
        "_IwBQFDzwEeeQ9OVcE7dQjw": {
          "key": "_IwBQFDzwEeeQ9OVcE7dQjw",
          "name": "x",
          "type": null,
          "probability": 1,
          "modifiers": [
            "protected"
          ],
          "to_variable": {
            "key": "_IwAokDzwEeeQ9OVcE7dQjw",
            "name": "x",
            "type": null,
            "modifiers": [
              "protected"
            ],
            "position": {}
          },
          "position": {}
        },
        "_IwBQFzzwEeeQ9OVcE7dQjw": {
          "key": "_IwBQFzzwEeeQ9OVcE7dQjw",
          "name": "y",
          "type": null,
          "probability": 1,
          "modifiers": [
            "protected"
          ],
          "to_variable": {
            "key": "_IwAokzzwEeeQ9OVcE7dQjw",
            "name": "y",
            "type": null,
            "modifiers": [
              "protected"
            ],
            "position": {}
          },
          "position": {}
        },
        "_IwBQGjzwEeeQ9OVcE7dQjw": {
          "key": "_IwBQGjzwEeeQ9OVcE7dQjw",
          "name": "minX",
          "type": null,
          "probability": 1,
          "modifiers": [
            "protected"
          ],
          "to_variable": {
            "key": "_IwAoljzwEeeQ9OVcE7dQjw",
            "name": "minX",
            "type": null,
            "modifiers": [
              "protected"
            ],
            "position": {}
          },
          "position": {}
        },
        "_IwBQHTzwEeeQ9OVcE7dQjw": {
          "key": "_IwBQHTzwEeeQ9OVcE7dQjw",
          "name": "maxX",
          "type": null,
          "probability": 1,
          "modifiers": [
            "protected"
          ],
          "to_variable": {
            "key": "_IwAomTzwEeeQ9OVcE7dQjw",
            "name": "maxX",
            "type": null,
            "modifiers": [
              "protected"
            ],
            "position": {}
          },
          "position": {}
        },
        "_IwB2oTzwEeeQ9OVcE7dQjw": {
          "key": "_IwB2oTzwEeeQ9OVcE7dQjw",
          "name": "minY",
          "type": null,
          "probability": 1,
          "modifiers": [
            "protected"
          ],
          "to_variable": {
            "key": "_IwAonDzwEeeQ9OVcE7dQjw",
            "name": "minY",
            "type": null,
            "modifiers": [
              "protected"
            ],
            "position": {}
          },
          "position": {}
        },
        "_IwB2pDzwEeeQ9OVcE7dQjw": {
          "key": "_IwB2pDzwEeeQ9OVcE7dQjw",
          "name": "maxY",
          "type": null,
          "probability": 1,
          "modifiers": [
            "protected"
          ],
          "to_variable": {
            "key": "_IwAonzzwEeeQ9OVcE7dQjw",
            "name": "maxY",
            "type": null,
            "modifiers": [
              "protected"
            ],
            "position": {}
          },
          "position": {}
        },
        "_IwB2pzzwEeeQ9OVcE7dQjw": {
          "key": "_IwB2pzzwEeeQ9OVcE7dQjw",
          "name": "pic",
          "type": null,
          "probability": 1,
          "modifiers": [
            "protected"
          ],
          "to_variable": {
            "key": "_IwAoqzzwEeeQ9OVcE7dQjw",
            "name": "pic",
            "type": null,
            "modifiers": [
              "protected"
            ],
            "position": {}
          },
          "position": {}
        },
        "_IwB2qjzwEeeQ9OVcE7dQjw": {
          "key": "_IwB2qjzwEeeQ9OVcE7dQjw",
          "name": "context",
          "type": null,
          "probability": 1,
          "modifiers": [
            "protected"
          ],
          "to_variable": {
            "key": "_IwAopTzwEeeQ9OVcE7dQjw",
            "name": "context",
            "type": null,
            "modifiers": [
              "protected"
            ],
            "position": {}
          },
          "position": {}
        }
      }
    }
  }
}