{
  "report_version": "unknown",
  "report_timestamp": "2025-03-26T21:48:12.499Z",
  "target_language": "java",
  "report_summary": {
    "additional": null,
    "amount_classes_or_interfaces_with_data_clumps": 2,
    "amount_files_with_data_clumps": 2,
    "amount_methods_with_data_clumps": 0,
    "fields_to_fields_data_clump": 2,
    "parameters_to_fields_data_clump": 0,
    "parameters_to_parameters_data_clump": 0,
    "amount_data_clumps": 2
  },
  "project_info": {
    "project_url": "unknown_project_url",
    "project_name": "https___www.github.com_Ernestyj_MobileContextAwareClient_tree_master_clientUML.uml",
    "project_version": "unknown_project_version",
    "project_commit_hash": "unknown",
    "project_tag": null,
    "project_commit_date": null,
    "additional": {},
    "number_of_files": 17,
    "number_of_classes_or_interfaces": 17,
    "number_of_methods": 64,
    "number_of_data_fields": 174,
    "number_of_method_parameters": 55
  },
  "detector": {
    "name": "data-clumps-doctor",
    "url": "https://github.com/NilsBaumgartner1994/data-clumps-doctor",
    "version": "0.1.100",
    "options": {
      "typeVariablesConsidered": false,
      "similarityModifierOfVariablesWithUnknownType": 0,
      "fieldsOfClassesWithUnknownHierarchyProbabilityModifier": 0,
      "sharedFieldsToFieldsAmountMinimum": 3,
      "analyseFieldsInClassesOrInterfacesInheritedFromSuperClassesOrInterfaces": false,
      "sharedParametersToParametersAmountMinimum": 3,
      "sharedParametersToFieldsAmountMinimum": 3,
      "methodsOfClassesOrInterfacesWithUnknownHierarchyProbabilityModifier": 0
    }
  },
  "data_clumps": {
    "fields_to_fields_data_clump-./SendContextDataService-_EFXIANLOEeOzmLCZLubwFQ-_EFWg8dLOEeOzmLCZLubwFQ-TAGLOCALHOSTURLCLOUD_URL": {
      "type": "data_clump",
      "key": "fields_to_fields_data_clump-./SendContextDataService-_EFXIANLOEeOzmLCZLubwFQ-_EFWg8dLOEeOzmLCZLubwFQ-TAGLOCALHOSTURLCLOUD_URL",
      "probability": 1,
      "from_file_path": "./SendContextDataService",
      "from_class_or_interface_name": "SendContextDataService",
      "from_class_or_interface_key": "_EFXIANLOEeOzmLCZLubwFQ",
      "from_method_name": null,
      "from_method_key": null,
      "to_file_path": "./SendUserInfoDataService",
      "to_class_or_interface_key": "_EFWg8dLOEeOzmLCZLubwFQ",
      "to_class_or_interface_name": "SendContextDataService",
      "to_method_key": null,
      "to_method_name": null,
      "data_clump_type": "fields_to_fields_data_clump",
      "data_clump_data": {
        "_ELMqQNLOEeOzmLCZLubwFQ": {
          "key": "_ELMqQNLOEeOzmLCZLubwFQ",
          "name": "TAG",
          "type": null,
          "probability": 1,
          "modifiers": [
            "private"
          ],
          "to_variable": {
            "key": "_ELFVgNLOEeOzmLCZLubwFQ",
            "name": "TAG",
            "type": null,
            "modifiers": [
              "private"
            ],
            "position": {}
          },
          "position": {}
        },
        "_ELOfcNLOEeOzmLCZLubwFQ": {
          "key": "_ELOfcNLOEeOzmLCZLubwFQ",
          "name": "LOCALHOST",
          "type": null,
          "probability": 1,
          "modifiers": [
            "private"
          ],
          "to_variable": {
            "key": "_ELGjoNLOEeOzmLCZLubwFQ",
            "name": "LOCALHOST",
            "type": null,
            "modifiers": [
              "private"
            ],
            "position": {}
          },
          "position": {}
        },
        "_ELQUoNLOEeOzmLCZLubwFQ": {
          "key": "_ELQUoNLOEeOzmLCZLubwFQ",
          "name": "URL",
          "type": null,
          "probability": 1,
          "modifiers": [
            "private"
          ],
          "to_variable": {
            "key": "_ELHxwNLOEeOzmLCZLubwFQ",
            "name": "URL",
            "type": null,
            "modifiers": [
              "private"
            ],
            "position": {}
          },
          "position": {}
        },
        "_ELSJ0NLOEeOzmLCZLubwFQ": {
          "key": "_ELSJ0NLOEeOzmLCZLubwFQ",
          "name": "CLOUD_URL",
          "type": null,
          "probability": 1,
          "modifiers": [
            "private"
          ],
          "to_variable": {
            "key": "_ELI_4NLOEeOzmLCZLubwFQ",
            "name": "CLOUD_URL",
            "type": null,
            "modifiers": [
              "private"
            ],
            "position": {}
          },
          "position": {}
        }
      }
    },
    "fields_to_fields_data_clump-./SendUserInfoDataService-_EFWg8dLOEeOzmLCZLubwFQ-_EFXIANLOEeOzmLCZLubwFQ-TAGLOCALHOSTURLCLOUD_URL": {
      "type": "data_clump",
      "key": "fields_to_fields_data_clump-./SendUserInfoDataService-_EFWg8dLOEeOzmLCZLubwFQ-_EFXIANLOEeOzmLCZLubwFQ-TAGLOCALHOSTURLCLOUD_URL",
      "probability": 1,
      "from_file_path": "./SendUserInfoDataService",
      "from_class_or_interface_name": "SendUserInfoDataService",
      "from_class_or_interface_key": "_EFWg8dLOEeOzmLCZLubwFQ",
      "from_method_name": null,
      "from_method_key": null,
      "to_file_path": "./SendContextDataService",
      "to_class_or_interface_key": "_EFXIANLOEeOzmLCZLubwFQ",
      "to_class_or_interface_name": "SendUserInfoDataService",
      "to_method_key": null,
      "to_method_name": null,
      "data_clump_type": "fields_to_fields_data_clump",
      "data_clump_data": {
        "_ELFVgNLOEeOzmLCZLubwFQ": {
          "key": "_ELFVgNLOEeOzmLCZLubwFQ",
          "name": "TAG",
          "type": null,
          "probability": 1,
          "modifiers": [
            "private"
          ],
          "to_variable": {
            "key": "_ELMqQNLOEeOzmLCZLubwFQ",
            "name": "TAG",
            "type": null,
            "modifiers": [
              "private"
            ],
            "position": {}
          },
          "position": {}
        },
        "_ELGjoNLOEeOzmLCZLubwFQ": {
          "key": "_ELGjoNLOEeOzmLCZLubwFQ",
          "name": "LOCALHOST",
          "type": null,
          "probability": 1,
          "modifiers": [
            "private"
          ],
          "to_variable": {
            "key": "_ELOfcNLOEeOzmLCZLubwFQ",
            "name": "LOCALHOST",
            "type": null,
            "modifiers": [
              "private"
            ],
            "position": {}
          },
          "position": {}
        },
        "_ELHxwNLOEeOzmLCZLubwFQ": {
          "key": "_ELHxwNLOEeOzmLCZLubwFQ",
          "name": "URL",
          "type": null,
          "probability": 1,
          "modifiers": [
            "private"
          ],
          "to_variable": {
            "key": "_ELQUoNLOEeOzmLCZLubwFQ",
            "name": "URL",
            "type": null,
            "modifiers": [
              "private"
            ],
            "position": {}
          },
          "position": {}
        },
        "_ELI_4NLOEeOzmLCZLubwFQ": {
          "key": "_ELI_4NLOEeOzmLCZLubwFQ",
          "name": "CLOUD_URL",
          "type": null,
          "probability": 1,
          "modifiers": [
            "private"
          ],
          "to_variable": {
            "key": "_ELSJ0NLOEeOzmLCZLubwFQ",
            "name": "CLOUD_URL",
            "type": null,
            "modifiers": [
              "private"
            ],
            "position": {}
          },
          "position": {}
        }
      }
    }
  }
}