{
  "report_version": "unknown",
  "report_timestamp": "2023-11-08T08:28:12.536Z",
  "target_language": "java",
  "report_summary": {
    "additional": null,
    "amount_classes_or_interfaces_with_data_clumps": 2,
    "amount_files_with_data_clumps": 2,
    "amount_methods_with_data_clumps": 0,
    "fields_to_fields_data_clump": 2,
    "parameters_to_fields_data_clump": 0,
    "parameters_to_parameters_data_clump": 0,
    "amount_data_clumps": 2
  },
  "project_info": {
    "project_url": "unknown_project_url",
    "project_name": "https___www.github.com_dboehm_CheKov_tree_master_CheCov.uml",
    "project_version": "unknown_project_version",
    "project_commit_hash": "unknown",
    "project_tag": null,
    "project_commit_date": null,
    "additional": {},
    "number_of_files": 4,
    "number_of_classes_or_interfaces": 4,
    "number_of_methods": 43,
    "number_of_data_fields": 22,
    "number_of_method_parameters": 33
  },
  "detector": {
    "name": "data-clumps-doctor",
    "url": "https://github.com/NilsBaumgartner1994/data-clumps-doctor",
    "version": "0.1.100",
    "options": {
      "typeVariablesConsidered": false,
      "similarityModifierOfVariablesWithUnknownType": 0,
      "fieldsOfClassesWithUnknownHierarchyProbabilityModifier": 0,
      "sharedFieldsToFieldsAmountMinimum": 3,
      "analyseFieldsInClassesOrInterfacesInheritedFromSuperClassesOrInterfaces": false,
      "sharedParametersToParametersAmountMinimum": 3,
      "sharedParametersToFieldsAmountMinimum": 3,
      "methodsOfClassesOrInterfacesWithUnknownHierarchyProbabilityModifier": 0
    }
  },
  "data_clumps": {
    "fields_to_fields_data_clump-./Interval-_9HvwICGwEeK98uwQJSmRVg-_9H1PsCGwEeK98uwQJSmRVg-chrlinecoverage": {
      "type": "data_clump",
      "key": "fields_to_fields_data_clump-./Interval-_9HvwICGwEeK98uwQJSmRVg-_9H1PsCGwEeK98uwQJSmRVg-chrlinecoverage",
      "probability": 1,
      "from_file_path": "./Interval",
      "from_class_or_interface_name": "Interval",
      "from_class_or_interface_key": "_9HvwICGwEeK98uwQJSmRVg",
      "from_method_name": null,
      "from_method_key": null,
      "to_file_path": "./IntervalAbs",
      "to_class_or_interface_key": "_9H1PsCGwEeK98uwQJSmRVg",
      "to_class_or_interface_name": "Interval",
      "to_method_key": null,
      "to_method_name": null,
      "data_clump_type": "fields_to_fields_data_clump",
      "data_clump_data": {
        "_9JomgCGwEeK98uwQJSmRVg": {
          "key": "_9JomgCGwEeK98uwQJSmRVg",
          "name": "chr",
          "type": null,
          "probability": 1,
          "modifiers": [
            "private"
          ],
          "to_variable": {
            "key": "_9K7nACGwEeK98uwQJSmRVg",
            "name": "chr",
            "type": null,
            "modifiers": [
              "private"
            ],
            "position": {}
          },
          "position": {}
        },
        "_9Jp0oCGwEeK98uwQJSmRVg": {
          "key": "_9Jp0oCGwEeK98uwQJSmRVg",
          "name": "line",
          "type": null,
          "probability": 1,
          "modifiers": [
            "private"
          ],
          "to_variable": {
            "key": "_9K5x0CGwEeK98uwQJSmRVg",
            "name": "line",
            "type": null,
            "modifiers": [
              "private"
            ],
            "position": {}
          },
          "position": {}
        },
        "_9JsQ4CGwEeK98uwQJSmRVg": {
          "key": "_9JsQ4CGwEeK98uwQJSmRVg",
          "name": "coverage",
          "type": null,
          "probability": 1,
          "modifiers": [
            "private"
          ],
          "to_variable": {
            "key": "_9LDi0CGwEeK98uwQJSmRVg",
            "name": "coverage",
            "type": null,
            "modifiers": [
              "private"
            ],
            "position": {}
          },
          "position": {}
        }
      }
    },
    "fields_to_fields_data_clump-./IntervalAbs-_9H1PsCGwEeK98uwQJSmRVg-_9HvwICGwEeK98uwQJSmRVg-linechrcoverage": {
      "type": "data_clump",
      "key": "fields_to_fields_data_clump-./IntervalAbs-_9H1PsCGwEeK98uwQJSmRVg-_9HvwICGwEeK98uwQJSmRVg-linechrcoverage",
      "probability": 1,
      "from_file_path": "./IntervalAbs",
      "from_class_or_interface_name": "IntervalAbs",
      "from_class_or_interface_key": "_9H1PsCGwEeK98uwQJSmRVg",
      "from_method_name": null,
      "from_method_key": null,
      "to_file_path": "./Interval",
      "to_class_or_interface_key": "_9HvwICGwEeK98uwQJSmRVg",
      "to_class_or_interface_name": "IntervalAbs",
      "to_method_key": null,
      "to_method_name": null,
      "data_clump_type": "fields_to_fields_data_clump",
      "data_clump_data": {
        "_9K5x0CGwEeK98uwQJSmRVg": {
          "key": "_9K5x0CGwEeK98uwQJSmRVg",
          "name": "line",
          "type": null,
          "probability": 1,
          "modifiers": [
            "private"
          ],
          "to_variable": {
            "key": "_9Jp0oCGwEeK98uwQJSmRVg",
            "name": "line",
            "type": null,
            "modifiers": [
              "private"
            ],
            "position": {}
          },
          "position": {}
        },
        "_9K7nACGwEeK98uwQJSmRVg": {
          "key": "_9K7nACGwEeK98uwQJSmRVg",
          "name": "chr",
          "type": null,
          "probability": 1,
          "modifiers": [
            "private"
          ],
          "to_variable": {
            "key": "_9JomgCGwEeK98uwQJSmRVg",
            "name": "chr",
            "type": null,
            "modifiers": [
              "private"
            ],
            "position": {}
          },
          "position": {}
        },
        "_9LDi0CGwEeK98uwQJSmRVg": {
          "key": "_9LDi0CGwEeK98uwQJSmRVg",
          "name": "coverage",
          "type": null,
          "probability": 1,
          "modifiers": [
            "private"
          ],
          "to_variable": {
            "key": "_9JsQ4CGwEeK98uwQJSmRVg",
            "name": "coverage",
            "type": null,
            "modifiers": [
              "private"
            ],
            "position": {}
          },
          "position": {}
        }
      }
    }
  }
}