{
  "report_version": "unknown",
  "report_timestamp": "2025-03-26T22:27:23.732Z",
  "target_language": "java",
  "report_summary": {
    "additional": null,
    "amount_classes_or_interfaces_with_data_clumps": 5,
    "amount_files_with_data_clumps": 5,
    "amount_methods_with_data_clumps": 0,
    "fields_to_fields_data_clump": 8,
    "parameters_to_fields_data_clump": 0,
    "parameters_to_parameters_data_clump": 0,
    "amount_data_clumps": 8
  },
  "project_info": {
    "project_url": "unknown_project_url",
    "project_name": "__Om3cO43EeyQqO6RHdQLaQ",
    "project_version": "unknown_project_version",
    "project_commit_hash": "unknown",
    "project_tag": null,
    "project_commit_date": null,
    "additional": {},
    "number_of_files": 26,
    "number_of_classes_or_interfaces": 26,
    "number_of_methods": 51,
    "number_of_data_fields": 50,
    "number_of_method_parameters": 0
  },
  "detector": {
    "name": "data-clumps-doctor",
    "url": "https://github.com/NilsBaumgartner1994/data-clumps-doctor",
    "version": "0.1.100",
    "options": {
      "typeVariablesConsidered": false,
      "similarityModifierOfVariablesWithUnknownType": 0,
      "fieldsOfClassesWithUnknownHierarchyProbabilityModifier": 0,
      "sharedFieldsToFieldsAmountMinimum": 3,
      "analyseFieldsInClassesOrInterfacesInheritedFromSuperClassesOrInterfaces": false,
      "sharedParametersToParametersAmountMinimum": 3,
      "sharedParametersToFieldsAmountMinimum": 3,
      "methodsOfClassesOrInterfacesWithUnknownHierarchyProbabilityModifier": 0
    }
  },
  "data_clumps": {
    "fields_to_fields_data_clump-./ChemicalObject-__PtDzu43EeyQqO6RHdQLaQ-__PtEGe43EeyQqO6RHdQLaQ-typepurityquality": {
      "type": "data_clump",
      "key": "fields_to_fields_data_clump-./ChemicalObject-__PtDzu43EeyQqO6RHdQLaQ-__PtEGe43EeyQqO6RHdQLaQ-typepurityquality",
      "probability": 1,
      "from_file_path": "./ChemicalObject",
      "from_class_or_interface_name": "ChemicalObject",
      "from_class_or_interface_key": "__PtDzu43EeyQqO6RHdQLaQ",
      "from_method_name": null,
      "from_method_key": null,
      "to_file_path": "./LiquidChemical",
      "to_class_or_interface_key": "__PtEGe43EeyQqO6RHdQLaQ",
      "to_class_or_interface_name": "ChemicalObject",
      "to_method_key": null,
      "to_method_name": null,
      "data_clump_type": "fields_to_fields_data_clump",
      "data_clump_data": {
        "__PtDz-43EeyQqO6RHdQLaQ": {
          "key": "__PtDz-43EeyQqO6RHdQLaQ",
          "name": "type",
          "type": null,
          "probability": 1,
          "modifiers": [
            "public"
          ],
          "to_variable": {
            "key": "__PtEHe43EeyQqO6RHdQLaQ",
            "name": "type",
            "type": null,
            "modifiers": [
              "public"
            ],
            "position": {}
          },
          "position": {}
        },
        "__PtD0O43EeyQqO6RHdQLaQ": {
          "key": "__PtD0O43EeyQqO6RHdQLaQ",
          "name": "purity",
          "type": null,
          "probability": 1,
          "modifiers": [
            "public"
          ],
          "to_variable": {
            "key": "__PtEHO43EeyQqO6RHdQLaQ",
            "name": "purity",
            "type": null,
            "modifiers": [
              "public"
            ],
            "position": {}
          },
          "position": {}
        },
        "__PtD0e43EeyQqO6RHdQLaQ": {
          "key": "__PtD0e43EeyQqO6RHdQLaQ",
          "name": "quality",
          "type": null,
          "probability": 1,
          "modifiers": [
            "public"
          ],
          "to_variable": {
            "key": "__PtEHu43EeyQqO6RHdQLaQ",
            "name": "quality",
            "type": null,
            "modifiers": [
              "public"
            ],
            "position": {}
          },
          "position": {}
        }
      }
    },
    "fields_to_fields_data_clump-./ChemicalObject-__PtDzu43EeyQqO6RHdQLaQ-__PtDyO43EeyQqO6RHdQLaQ-typepurityquality": {
      "type": "data_clump",
      "key": "fields_to_fields_data_clump-./ChemicalObject-__PtDzu43EeyQqO6RHdQLaQ-__PtDyO43EeyQqO6RHdQLaQ-typepurityquality",
      "probability": 1,
      "from_file_path": "./ChemicalObject",
      "from_class_or_interface_name": "ChemicalObject",
      "from_class_or_interface_key": "__PtDzu43EeyQqO6RHdQLaQ",
      "from_method_name": null,
      "from_method_key": null,
      "to_file_path": "./SolidChemical",
      "to_class_or_interface_key": "__PtDyO43EeyQqO6RHdQLaQ",
      "to_class_or_interface_name": "ChemicalObject",
      "to_method_key": null,
      "to_method_name": null,
      "data_clump_type": "fields_to_fields_data_clump",
      "data_clump_data": {
        "__PtDz-43EeyQqO6RHdQLaQ": {
          "key": "__PtDz-43EeyQqO6RHdQLaQ",
          "name": "type",
          "type": null,
          "probability": 1,
          "modifiers": [
            "public"
          ],
          "to_variable": {
            "key": "__PtDzO43EeyQqO6RHdQLaQ",
            "name": "type",
            "type": null,
            "modifiers": [
              "public"
            ],
            "position": {}
          },
          "position": {}
        },
        "__PtD0O43EeyQqO6RHdQLaQ": {
          "key": "__PtD0O43EeyQqO6RHdQLaQ",
          "name": "purity",
          "type": null,
          "probability": 1,
          "modifiers": [
            "public"
          ],
          "to_variable": {
            "key": "__PtDy-43EeyQqO6RHdQLaQ",
            "name": "purity",
            "type": null,
            "modifiers": [
              "public"
            ],
            "position": {}
          },
          "position": {}
        },
        "__PtD0e43EeyQqO6RHdQLaQ": {
          "key": "__PtD0e43EeyQqO6RHdQLaQ",
          "name": "quality",
          "type": null,
          "probability": 1,
          "modifiers": [
            "public"
          ],
          "to_variable": {
            "key": "__PtDze43EeyQqO6RHdQLaQ",
            "name": "quality",
            "type": null,
            "modifiers": [
              "public"
            ],
            "position": {}
          },
          "position": {}
        }
      }
    },
    "fields_to_fields_data_clump-./Experiment-__PtD_-43EeyQqO6RHdQLaQ-__PtECO43EeyQqO6RHdQLaQ-EquipmentChemicalReactTime": {
      "type": "data_clump",
      "key": "fields_to_fields_data_clump-./Experiment-__PtD_-43EeyQqO6RHdQLaQ-__PtECO43EeyQqO6RHdQLaQ-EquipmentChemicalReactTime",
      "probability": 1,
      "from_file_path": "./Experiment",
      "from_class_or_interface_name": "Experiment",
      "from_class_or_interface_key": "__PtD_-43EeyQqO6RHdQLaQ",
      "from_method_name": null,
      "from_method_key": null,
      "to_file_path": "./ExperimentObject",
      "to_class_or_interface_key": "__PtECO43EeyQqO6RHdQLaQ",
      "to_class_or_interface_name": "Experiment",
      "to_method_key": null,
      "to_method_name": null,
      "data_clump_type": "fields_to_fields_data_clump",
      "data_clump_data": {
        "__PtEAe43EeyQqO6RHdQLaQ": {
          "key": "__PtEAe43EeyQqO6RHdQLaQ",
          "name": "Equipment",
          "type": null,
          "probability": 1,
          "modifiers": [
            "public"
          ],
          "to_variable": {
            "key": "__PtECe43EeyQqO6RHdQLaQ",
            "name": "Equipment",
            "type": null,
            "modifiers": [
              "public"
            ],
            "position": {}
          },
          "position": {}
        },
        "__PtEAu43EeyQqO6RHdQLaQ": {
          "key": "__PtEAu43EeyQqO6RHdQLaQ",
          "name": "Chemical",
          "type": null,
          "probability": 1,
          "modifiers": [
            "public"
          ],
          "to_variable": {
            "key": "__PtECu43EeyQqO6RHdQLaQ",
            "name": "Chemical",
            "type": null,
            "modifiers": [
              "public"
            ],
            "position": {}
          },
          "position": {}
        },
        "__PtEA-43EeyQqO6RHdQLaQ": {
          "key": "__PtEA-43EeyQqO6RHdQLaQ",
          "name": "ReactTime",
          "type": null,
          "probability": 1,
          "modifiers": [
            "public"
          ],
          "to_variable": {
            "key": "__PtEC-43EeyQqO6RHdQLaQ",
            "name": "ReactTime",
            "type": null,
            "modifiers": [
              "public"
            ],
            "position": {}
          },
          "position": {}
        }
      }
    },
    "fields_to_fields_data_clump-./ExperimentObject-__PtECO43EeyQqO6RHdQLaQ-__PtD_-43EeyQqO6RHdQLaQ-EquipmentChemicalReactTime": {
      "type": "data_clump",
      "key": "fields_to_fields_data_clump-./ExperimentObject-__PtECO43EeyQqO6RHdQLaQ-__PtD_-43EeyQqO6RHdQLaQ-EquipmentChemicalReactTime",
      "probability": 1,
      "from_file_path": "./ExperimentObject",
      "from_class_or_interface_name": "ExperimentObject",
      "from_class_or_interface_key": "__PtECO43EeyQqO6RHdQLaQ",
      "from_method_name": null,
      "from_method_key": null,
      "to_file_path": "./Experiment",
      "to_class_or_interface_key": "__PtD_-43EeyQqO6RHdQLaQ",
      "to_class_or_interface_name": "ExperimentObject",
      "to_method_key": null,
      "to_method_name": null,
      "data_clump_type": "fields_to_fields_data_clump",
      "data_clump_data": {
        "__PtECe43EeyQqO6RHdQLaQ": {
          "key": "__PtECe43EeyQqO6RHdQLaQ",
          "name": "Equipment",
          "type": null,
          "probability": 1,
          "modifiers": [
            "public"
          ],
          "to_variable": {
            "key": "__PtEAe43EeyQqO6RHdQLaQ",
            "name": "Equipment",
            "type": null,
            "modifiers": [
              "public"
            ],
            "position": {}
          },
          "position": {}
        },
        "__PtECu43EeyQqO6RHdQLaQ": {
          "key": "__PtECu43EeyQqO6RHdQLaQ",
          "name": "Chemical",
          "type": null,
          "probability": 1,
          "modifiers": [
            "public"
          ],
          "to_variable": {
            "key": "__PtEAu43EeyQqO6RHdQLaQ",
            "name": "Chemical",
            "type": null,
            "modifiers": [
              "public"
            ],
            "position": {}
          },
          "position": {}
        },
        "__PtEC-43EeyQqO6RHdQLaQ": {
          "key": "__PtEC-43EeyQqO6RHdQLaQ",
          "name": "ReactTime",
          "type": null,
          "probability": 1,
          "modifiers": [
            "public"
          ],
          "to_variable": {
            "key": "__PtEA-43EeyQqO6RHdQLaQ",
            "name": "ReactTime",
            "type": null,
            "modifiers": [
              "public"
            ],
            "position": {}
          },
          "position": {}
        }
      }
    },
    "fields_to_fields_data_clump-./LiquidChemical-__PtEGe43EeyQqO6RHdQLaQ-__PtDzu43EeyQqO6RHdQLaQ-puritytypequality": {
      "type": "data_clump",
      "key": "fields_to_fields_data_clump-./LiquidChemical-__PtEGe43EeyQqO6RHdQLaQ-__PtDzu43EeyQqO6RHdQLaQ-puritytypequality",
      "probability": 1,
      "from_file_path": "./LiquidChemical",
      "from_class_or_interface_name": "LiquidChemical",
      "from_class_or_interface_key": "__PtEGe43EeyQqO6RHdQLaQ",
      "from_method_name": null,
      "from_method_key": null,
      "to_file_path": "./ChemicalObject",
      "to_class_or_interface_key": "__PtDzu43EeyQqO6RHdQLaQ",
      "to_class_or_interface_name": "LiquidChemical",
      "to_method_key": null,
      "to_method_name": null,
      "data_clump_type": "fields_to_fields_data_clump",
      "data_clump_data": {
        "__PtEHO43EeyQqO6RHdQLaQ": {
          "key": "__PtEHO43EeyQqO6RHdQLaQ",
          "name": "purity",
          "type": null,
          "probability": 1,
          "modifiers": [
            "public"
          ],
          "to_variable": {
            "key": "__PtD0O43EeyQqO6RHdQLaQ",
            "name": "purity",
            "type": null,
            "modifiers": [
              "public"
            ],
            "position": {}
          },
          "position": {}
        },
        "__PtEHe43EeyQqO6RHdQLaQ": {
          "key": "__PtEHe43EeyQqO6RHdQLaQ",
          "name": "type",
          "type": null,
          "probability": 1,
          "modifiers": [
            "public"
          ],
          "to_variable": {
            "key": "__PtDz-43EeyQqO6RHdQLaQ",
            "name": "type",
            "type": null,
            "modifiers": [
              "public"
            ],
            "position": {}
          },
          "position": {}
        },
        "__PtEHu43EeyQqO6RHdQLaQ": {
          "key": "__PtEHu43EeyQqO6RHdQLaQ",
          "name": "quality",
          "type": null,
          "probability": 1,
          "modifiers": [
            "public"
          ],
          "to_variable": {
            "key": "__PtD0e43EeyQqO6RHdQLaQ",
            "name": "quality",
            "type": null,
            "modifiers": [
              "public"
            ],
            "position": {}
          },
          "position": {}
        }
      }
    },
    "fields_to_fields_data_clump-./LiquidChemical-__PtEGe43EeyQqO6RHdQLaQ-__PtDyO43EeyQqO6RHdQLaQ-puritytypequality": {
      "type": "data_clump",
      "key": "fields_to_fields_data_clump-./LiquidChemical-__PtEGe43EeyQqO6RHdQLaQ-__PtDyO43EeyQqO6RHdQLaQ-puritytypequality",
      "probability": 1,
      "from_file_path": "./LiquidChemical",
      "from_class_or_interface_name": "LiquidChemical",
      "from_class_or_interface_key": "__PtEGe43EeyQqO6RHdQLaQ",
      "from_method_name": null,
      "from_method_key": null,
      "to_file_path": "./SolidChemical",
      "to_class_or_interface_key": "__PtDyO43EeyQqO6RHdQLaQ",
      "to_class_or_interface_name": "LiquidChemical",
      "to_method_key": null,
      "to_method_name": null,
      "data_clump_type": "fields_to_fields_data_clump",
      "data_clump_data": {
        "__PtEHO43EeyQqO6RHdQLaQ": {
          "key": "__PtEHO43EeyQqO6RHdQLaQ",
          "name": "purity",
          "type": null,
          "probability": 1,
          "modifiers": [
            "public"
          ],
          "to_variable": {
            "key": "__PtDy-43EeyQqO6RHdQLaQ",
            "name": "purity",
            "type": null,
            "modifiers": [
              "public"
            ],
            "position": {}
          },
          "position": {}
        },
        "__PtEHe43EeyQqO6RHdQLaQ": {
          "key": "__PtEHe43EeyQqO6RHdQLaQ",
          "name": "type",
          "type": null,
          "probability": 1,
          "modifiers": [
            "public"
          ],
          "to_variable": {
            "key": "__PtDzO43EeyQqO6RHdQLaQ",
            "name": "type",
            "type": null,
            "modifiers": [
              "public"
            ],
            "position": {}
          },
          "position": {}
        },
        "__PtEHu43EeyQqO6RHdQLaQ": {
          "key": "__PtEHu43EeyQqO6RHdQLaQ",
          "name": "quality",
          "type": null,
          "probability": 1,
          "modifiers": [
            "public"
          ],
          "to_variable": {
            "key": "__PtDze43EeyQqO6RHdQLaQ",
            "name": "quality",
            "type": null,
            "modifiers": [
              "public"
            ],
            "position": {}
          },
          "position": {}
        }
      }
    },
    "fields_to_fields_data_clump-./SolidChemical-__PtDyO43EeyQqO6RHdQLaQ-__PtDzu43EeyQqO6RHdQLaQ-puritytypequality": {
      "type": "data_clump",
      "key": "fields_to_fields_data_clump-./SolidChemical-__PtDyO43EeyQqO6RHdQLaQ-__PtDzu43EeyQqO6RHdQLaQ-puritytypequality",
      "probability": 1,
      "from_file_path": "./SolidChemical",
      "from_class_or_interface_name": "SolidChemical",
      "from_class_or_interface_key": "__PtDyO43EeyQqO6RHdQLaQ",
      "from_method_name": null,
      "from_method_key": null,
      "to_file_path": "./ChemicalObject",
      "to_class_or_interface_key": "__PtDzu43EeyQqO6RHdQLaQ",
      "to_class_or_interface_name": "SolidChemical",
      "to_method_key": null,
      "to_method_name": null,
      "data_clump_type": "fields_to_fields_data_clump",
      "data_clump_data": {
        "__PtDy-43EeyQqO6RHdQLaQ": {
          "key": "__PtDy-43EeyQqO6RHdQLaQ",
          "name": "purity",
          "type": null,
          "probability": 1,
          "modifiers": [
            "public"
          ],
          "to_variable": {
            "key": "__PtD0O43EeyQqO6RHdQLaQ",
            "name": "purity",
            "type": null,
            "modifiers": [
              "public"
            ],
            "position": {}
          },
          "position": {}
        },
        "__PtDzO43EeyQqO6RHdQLaQ": {
          "key": "__PtDzO43EeyQqO6RHdQLaQ",
          "name": "type",
          "type": null,
          "probability": 1,
          "modifiers": [
            "public"
          ],
          "to_variable": {
            "key": "__PtDz-43EeyQqO6RHdQLaQ",
            "name": "type",
            "type": null,
            "modifiers": [
              "public"
            ],
            "position": {}
          },
          "position": {}
        },
        "__PtDze43EeyQqO6RHdQLaQ": {
          "key": "__PtDze43EeyQqO6RHdQLaQ",
          "name": "quality",
          "type": null,
          "probability": 1,
          "modifiers": [
            "public"
          ],
          "to_variable": {
            "key": "__PtD0e43EeyQqO6RHdQLaQ",
            "name": "quality",
            "type": null,
            "modifiers": [
              "public"
            ],
            "position": {}
          },
          "position": {}
        }
      }
    },
    "fields_to_fields_data_clump-./SolidChemical-__PtDyO43EeyQqO6RHdQLaQ-__PtEGe43EeyQqO6RHdQLaQ-puritytypequality": {
      "type": "data_clump",
      "key": "fields_to_fields_data_clump-./SolidChemical-__PtDyO43EeyQqO6RHdQLaQ-__PtEGe43EeyQqO6RHdQLaQ-puritytypequality",
      "probability": 1,
      "from_file_path": "./SolidChemical",
      "from_class_or_interface_name": "SolidChemical",
      "from_class_or_interface_key": "__PtDyO43EeyQqO6RHdQLaQ",
      "from_method_name": null,
      "from_method_key": null,
      "to_file_path": "./LiquidChemical",
      "to_class_or_interface_key": "__PtEGe43EeyQqO6RHdQLaQ",
      "to_class_or_interface_name": "SolidChemical",
      "to_method_key": null,
      "to_method_name": null,
      "data_clump_type": "fields_to_fields_data_clump",
      "data_clump_data": {
        "__PtDy-43EeyQqO6RHdQLaQ": {
          "key": "__PtDy-43EeyQqO6RHdQLaQ",
          "name": "purity",
          "type": null,
          "probability": 1,
          "modifiers": [
            "public"
          ],
          "to_variable": {
            "key": "__PtEHO43EeyQqO6RHdQLaQ",
            "name": "purity",
            "type": null,
            "modifiers": [
              "public"
            ],
            "position": {}
          },
          "position": {}
        },
        "__PtDzO43EeyQqO6RHdQLaQ": {
          "key": "__PtDzO43EeyQqO6RHdQLaQ",
          "name": "type",
          "type": null,
          "probability": 1,
          "modifiers": [
            "public"
          ],
          "to_variable": {
            "key": "__PtEHe43EeyQqO6RHdQLaQ",
            "name": "type",
            "type": null,
            "modifiers": [
              "public"
            ],
            "position": {}
          },
          "position": {}
        },
        "__PtDze43EeyQqO6RHdQLaQ": {
          "key": "__PtDze43EeyQqO6RHdQLaQ",
          "name": "quality",
          "type": null,
          "probability": 1,
          "modifiers": [
            "public"
          ],
          "to_variable": {
            "key": "__PtEHu43EeyQqO6RHdQLaQ",
            "name": "quality",
            "type": null,
            "modifiers": [
              "public"
            ],
            "position": {}
          },
          "position": {}
        }
      }
    }
  }
}