{
  "report_version": "unknown",
  "report_timestamp": "2024-07-10T20:22:45.316Z",
  "target_language": "java",
  "report_summary": {
    "additional": null,
    "amount_classes_or_interfaces_with_data_clumps": 0,
    "amount_files_with_data_clumps": 0,
    "amount_methods_with_data_clumps": 0,
    "fields_to_fields_data_clump": 0,
    "parameters_to_fields_data_clump": 0,
    "parameters_to_parameters_data_clump": 0,
    "amount_data_clumps": 0
  },
  "project_info": {
    "project_url": "https://github.com/nasa/openmct",
    "project_name": "openmct",
    "project_version": "339916ccd42788c03eb6559ead665a529968fad7",
    "project_commit_hash": "339916ccd42788c03eb6559ead665a529968fad7",
    "project_tag": "v0.9.3",
    "project_commit_date": "1459787541",
    "additional": {},
    "number_of_files": 0,
    "number_of_classes_or_interfaces": 0,
    "number_of_methods": 0,
    "number_of_data_fields": 0,
    "number_of_method_parameters": 0
  },
  "detector": {
    "name": "data-clumps-doctor",
    "url": "https://github.com/NilsBaumgartner1994/data-clumps-doctor",
    "version": "0.1.100",
    "options": {
      "typeVariablesConsidered": false,
      "similarityModifierOfVariablesWithUnknownType": 0,
      "fieldsOfClassesWithUnknownHierarchyProbabilityModifier": 0,
      "sharedFieldsToFieldsAmountMinimum": 3,
      "analyseFieldsInClassesOrInterfacesInheritedFromSuperClassesOrInterfaces": false,
      "sharedParametersToParametersAmountMinimum": 3,
      "sharedParametersToFieldsAmountMinimum": 3,
      "methodsOfClassesOrInterfacesWithUnknownHierarchyProbabilityModifier": 0
    }
  },
  "data_clumps": {}
}