{
  "report_version": "unknown",
  "report_timestamp": "2025-03-26T22:06:22.276Z",
  "target_language": "java",
  "report_summary": {
    "additional": null,
    "amount_classes_or_interfaces_with_data_clumps": 6,
    "amount_files_with_data_clumps": 6,
    "amount_methods_with_data_clumps": 6,
    "fields_to_fields_data_clump": 0,
    "parameters_to_fields_data_clump": 6,
    "parameters_to_parameters_data_clump": 4,
    "amount_data_clumps": 10
  },
  "project_info": {
    "project_url": "unknown_project_url",
    "project_name": "_-cpIoDghEeiQp6eXyhUzBA",
    "project_version": "unknown_project_version",
    "project_commit_hash": "unknown",
    "project_tag": null,
    "project_commit_date": null,
    "additional": {},
    "number_of_files": 15,
    "number_of_classes_or_interfaces": 15,
    "number_of_methods": 128,
    "number_of_data_fields": 30,
    "number_of_method_parameters": 72
  },
  "detector": {
    "name": "data-clumps-doctor",
    "url": "https://github.com/NilsBaumgartner1994/data-clumps-doctor",
    "version": "0.1.100",
    "options": {
      "typeVariablesConsidered": false,
      "similarityModifierOfVariablesWithUnknownType": 0,
      "fieldsOfClassesWithUnknownHierarchyProbabilityModifier": 0,
      "sharedFieldsToFieldsAmountMinimum": 3,
      "analyseFieldsInClassesOrInterfacesInheritedFromSuperClassesOrInterfaces": false,
      "sharedParametersToParametersAmountMinimum": 3,
      "sharedParametersToFieldsAmountMinimum": 3,
      "methodsOfClassesOrInterfacesWithUnknownHierarchyProbabilityModifier": 0
    }
  },
  "data_clumps": {
    "parameters_to_fields_data_clump-./Bed-_-rIQpjghEeiF-vkcg48UAg-_-rIQmTghEeiF-vkcg48UAg-bedTypebedCostbedID": {
      "type": "data_clump",
      "key": "parameters_to_fields_data_clump-./Bed-_-rIQpjghEeiF-vkcg48UAg-_-rIQmTghEeiF-vkcg48UAg-bedTypebedCostbedID",
      "probability": 1,
      "from_file_path": "./Bed",
      "from_class_or_interface_name": "Bed",
      "from_class_or_interface_key": "_-rIQmTghEeiF-vkcg48UAg",
      "from_method_name": "Bed",
      "from_method_key": "_-rIQpjghEeiF-vkcg48UAg",
      "to_file_path": "./Bed",
      "to_class_or_interface_name": "Bed",
      "to_class_or_interface_key": "_-rIQmTghEeiF-vkcg48UAg",
      "to_method_name": null,
      "to_method_key": null,
      "data_clump_type": "parameters_to_fields_data_clump",
      "data_clump_data": {
        "_-rIQpzghEeiF-vkcg48UAg": {
          "key": "_-rIQpzghEeiF-vkcg48UAg",
          "name": "bedType",
          "type": null,
          "probability": 1,
          "modifiers": [],
          "to_variable": {
            "key": "_-rIQnTghEeiF-vkcg48UAg",
            "name": "bedType",
            "type": null,
            "modifiers": [
              "private"
            ],
            "position": {}
          },
          "position": {}
        },
        "_-rIQqjghEeiF-vkcg48UAg": {
          "key": "_-rIQqjghEeiF-vkcg48UAg",
          "name": "bedCost",
          "type": null,
          "probability": 1,
          "modifiers": [],
          "to_variable": {
            "key": "_-rIQoDghEeiF-vkcg48UAg",
            "name": "bedCost",
            "type": null,
            "modifiers": [
              "private"
            ],
            "position": {}
          },
          "position": {}
        },
        "_-rIQrTghEeiF-vkcg48UAg": {
          "key": "_-rIQrTghEeiF-vkcg48UAg",
          "name": "bedID",
          "type": null,
          "probability": 1,
          "modifiers": [],
          "to_variable": {
            "key": "_-rIQozghEeiF-vkcg48UAg",
            "name": "bedID",
            "type": null,
            "modifiers": [
              "private"
            ],
            "position": {}
          },
          "position": {}
        }
      }
    },
    "parameters_to_parameters_data_clump-./ListProperties-_-rJfEzghEeiF-vkcg48UAg-_-rLT6TghEeiF-vkcg48UAg-addresspropertyTypefloorsdistparkingSpaces": {
      "type": "data_clump",
      "key": "parameters_to_parameters_data_clump-./ListProperties-_-rJfEzghEeiF-vkcg48UAg-_-rLT6TghEeiF-vkcg48UAg-addresspropertyTypefloorsdistparkingSpaces",
      "probability": 1,
      "from_file_path": "./ListProperties",
      "from_class_or_interface_name": "ListProperties",
      "from_class_or_interface_key": "_-rJfDTghEeiF-vkcg48UAg",
      "from_method_name": "addProperty",
      "from_method_key": "_-rJfEzghEeiF-vkcg48UAg",
      "to_file_path": "./Property",
      "to_class_or_interface_name": "Property",
      "to_class_or_interface_key": "_-rKtPzghEeiF-vkcg48UAg",
      "to_method_name": "Property",
      "to_method_key": "_-rLT6TghEeiF-vkcg48UAg",
      "data_clump_type": "parameters_to_parameters_data_clump",
      "data_clump_data": {
        "_-rJfFTghEeiF-vkcg48UAg": {
          "key": "_-rJfFTghEeiF-vkcg48UAg",
          "name": "address",
          "type": null,
          "probability": 1,
          "modifiers": [],
          "to_variable": {
            "key": "_-rLT6jghEeiF-vkcg48UAg",
            "name": "address",
            "type": null,
            "modifiers": [],
            "position": {}
          },
          "position": {}
        },
        "_-rJfGDghEeiF-vkcg48UAg": {
          "key": "_-rJfGDghEeiF-vkcg48UAg",
          "name": "propertyType",
          "type": null,
          "probability": 1,
          "modifiers": [],
          "to_variable": {
            "key": "_-rLT7TghEeiF-vkcg48UAg",
            "name": "propertyType",
            "type": null,
            "modifiers": [],
            "position": {}
          },
          "position": {}
        },
        "_-rJfGzghEeiF-vkcg48UAg": {
          "key": "_-rJfGzghEeiF-vkcg48UAg",
          "name": "floors",
          "type": null,
          "probability": 1,
          "modifiers": [],
          "to_variable": {
            "key": "_-rLT8DghEeiF-vkcg48UAg",
            "name": "floors",
            "type": null,
            "modifiers": [],
            "position": {}
          },
          "position": {}
        },
        "_-rJfHjghEeiF-vkcg48UAg": {
          "key": "_-rJfHjghEeiF-vkcg48UAg",
          "name": "dist",
          "type": null,
          "probability": 1,
          "modifiers": [],
          "to_variable": {
            "key": "_-rLT8zghEeiF-vkcg48UAg",
            "name": "dist",
            "type": null,
            "modifiers": [],
            "position": {}
          },
          "position": {}
        },
        "_-rJfITghEeiF-vkcg48UAg": {
          "key": "_-rJfITghEeiF-vkcg48UAg",
          "name": "parkingSpaces",
          "type": null,
          "probability": 1,
          "modifiers": [],
          "to_variable": {
            "key": "_-rLT9jghEeiF-vkcg48UAg",
            "name": "parkingSpaces",
            "type": null,
            "modifiers": [],
            "position": {}
          },
          "position": {}
        }
      }
    },
    "parameters_to_fields_data_clump-./ListProperties-_-rJfEzghEeiF-vkcg48UAg-_-rKtPzghEeiF-vkcg48UAg-addresspropertyTypefloorsdistparkingSpaces": {
      "type": "data_clump",
      "key": "parameters_to_fields_data_clump-./ListProperties-_-rJfEzghEeiF-vkcg48UAg-_-rKtPzghEeiF-vkcg48UAg-addresspropertyTypefloorsdistparkingSpaces",
      "probability": 1,
      "from_file_path": "./ListProperties",
      "from_class_or_interface_name": "ListProperties",
      "from_class_or_interface_key": "_-rJfDTghEeiF-vkcg48UAg",
      "from_method_name": "addProperty",
      "from_method_key": "_-rJfEzghEeiF-vkcg48UAg",
      "to_file_path": "./Property",
      "to_class_or_interface_name": "Property",
      "to_class_or_interface_key": "_-rKtPzghEeiF-vkcg48UAg",
      "to_method_name": null,
      "to_method_key": null,
      "data_clump_type": "parameters_to_fields_data_clump",
      "data_clump_data": {
        "_-rJfFTghEeiF-vkcg48UAg": {
          "key": "_-rJfFTghEeiF-vkcg48UAg",
          "name": "address",
          "type": null,
          "probability": 1,
          "modifiers": [],
          "to_variable": {
            "key": "_-rKtRjghEeiF-vkcg48UAg",
            "name": "address",
            "type": null,
            "modifiers": [
              "private"
            ],
            "position": {}
          },
          "position": {}
        },
        "_-rJfGDghEeiF-vkcg48UAg": {
          "key": "_-rJfGDghEeiF-vkcg48UAg",
          "name": "propertyType",
          "type": null,
          "probability": 1,
          "modifiers": [],
          "to_variable": {
            "key": "_-rKtQzghEeiF-vkcg48UAg",
            "name": "propertyType",
            "type": null,
            "modifiers": [
              "private"
            ],
            "position": {}
          },
          "position": {}
        },
        "_-rJfGzghEeiF-vkcg48UAg": {
          "key": "_-rJfGzghEeiF-vkcg48UAg",
          "name": "floors",
          "type": null,
          "probability": 1,
          "modifiers": [],
          "to_variable": {
            "key": "_-rLT4DghEeiF-vkcg48UAg",
            "name": "floors",
            "type": null,
            "modifiers": [
              "private"
            ],
            "position": {}
          },
          "position": {}
        },
        "_-rJfHjghEeiF-vkcg48UAg": {
          "key": "_-rJfHjghEeiF-vkcg48UAg",
          "name": "dist",
          "type": null,
          "probability": 1,
          "modifiers": [],
          "to_variable": {
            "key": "_-rLT4zghEeiF-vkcg48UAg",
            "name": "dist",
            "type": null,
            "modifiers": [
              "private"
            ],
            "position": {}
          },
          "position": {}
        },
        "_-rJfITghEeiF-vkcg48UAg": {
          "key": "_-rJfITghEeiF-vkcg48UAg",
          "name": "parkingSpaces",
          "type": null,
          "probability": 1,
          "modifiers": [],
          "to_variable": {
            "key": "_-rLT5jghEeiF-vkcg48UAg",
            "name": "parkingSpaces",
            "type": null,
            "modifiers": [
              "private"
            ],
            "position": {}
          },
          "position": {}
        }
      }
    },
    "parameters_to_parameters_data_clump-./ListStudents-_-rKGDzghEeiF-vkcg48UAg-_-rL7LDghEeiF-vkcg48UAg-studentNamestudentGendercarstudentId": {
      "type": "data_clump",
      "key": "parameters_to_parameters_data_clump-./ListStudents-_-rKGDzghEeiF-vkcg48UAg-_-rL7LDghEeiF-vkcg48UAg-studentNamestudentGendercarstudentId",
      "probability": 1,
      "from_file_path": "./ListStudents",
      "from_class_or_interface_name": "ListStudents",
      "from_class_or_interface_key": "_-rKGBjghEeiF-vkcg48UAg",
      "from_method_name": "addStudent",
      "from_method_key": "_-rKGDzghEeiF-vkcg48UAg",
      "to_file_path": "./Student",
      "to_class_or_interface_name": "Student",
      "to_class_or_interface_key": "_-rL7EzghEeiF-vkcg48UAg",
      "to_method_name": "Student",
      "to_method_key": "_-rL7LDghEeiF-vkcg48UAg",
      "data_clump_type": "parameters_to_parameters_data_clump",
      "data_clump_data": {
        "_-rKGETghEeiF-vkcg48UAg": {
          "key": "_-rKGETghEeiF-vkcg48UAg",
          "name": "studentName",
          "type": null,
          "probability": 1,
          "modifiers": [],
          "to_variable": {
            "key": "_-rL7LTghEeiF-vkcg48UAg",
            "name": "studentName",
            "type": null,
            "modifiers": [],
            "position": {}
          },
          "position": {}
        },
        "_-rKGFDghEeiF-vkcg48UAg": {
          "key": "_-rKGFDghEeiF-vkcg48UAg",
          "name": "studentGender",
          "type": null,
          "probability": 1,
          "modifiers": [],
          "to_variable": {
            "key": "_-rL7MDghEeiF-vkcg48UAg",
            "name": "studentGender",
            "type": null,
            "modifiers": [],
            "position": {}
          },
          "position": {}
        },
        "_-rKGFzghEeiF-vkcg48UAg": {
          "key": "_-rKGFzghEeiF-vkcg48UAg",
          "name": "car",
          "type": null,
          "probability": 1,
          "modifiers": [],
          "to_variable": {
            "key": "_-rL7MzghEeiF-vkcg48UAg",
            "name": "car",
            "type": null,
            "modifiers": [],
            "position": {}
          },
          "position": {}
        },
        "_-rKGGjghEeiF-vkcg48UAg": {
          "key": "_-rKGGjghEeiF-vkcg48UAg",
          "name": "studentId",
          "type": null,
          "probability": 1,
          "modifiers": [],
          "to_variable": {
            "key": "_-rL7NjghEeiF-vkcg48UAg",
            "name": "studentId",
            "type": null,
            "modifiers": [],
            "position": {}
          },
          "position": {}
        }
      }
    },
    "parameters_to_fields_data_clump-./ListStudents-_-rKGDzghEeiF-vkcg48UAg-_-rL7EzghEeiF-vkcg48UAg-studentNamestudentGendercarstudentId": {
      "type": "data_clump",
      "key": "parameters_to_fields_data_clump-./ListStudents-_-rKGDzghEeiF-vkcg48UAg-_-rL7EzghEeiF-vkcg48UAg-studentNamestudentGendercarstudentId",
      "probability": 1,
      "from_file_path": "./ListStudents",
      "from_class_or_interface_name": "ListStudents",
      "from_class_or_interface_key": "_-rKGBjghEeiF-vkcg48UAg",
      "from_method_name": "addStudent",
      "from_method_key": "_-rKGDzghEeiF-vkcg48UAg",
      "to_file_path": "./Student",
      "to_class_or_interface_name": "Student",
      "to_class_or_interface_key": "_-rL7EzghEeiF-vkcg48UAg",
      "to_method_name": null,
      "to_method_key": null,
      "data_clump_type": "parameters_to_fields_data_clump",
      "data_clump_data": {
        "_-rKGETghEeiF-vkcg48UAg": {
          "key": "_-rKGETghEeiF-vkcg48UAg",
          "name": "studentName",
          "type": null,
          "probability": 1,
          "modifiers": [],
          "to_variable": {
            "key": "_-rL7IDghEeiF-vkcg48UAg",
            "name": "studentName",
            "type": null,
            "modifiers": [
              "private"
            ],
            "position": {}
          },
          "position": {}
        },
        "_-rKGFDghEeiF-vkcg48UAg": {
          "key": "_-rKGFDghEeiF-vkcg48UAg",
          "name": "studentGender",
          "type": null,
          "probability": 1,
          "modifiers": [],
          "to_variable": {
            "key": "_-rL7IzghEeiF-vkcg48UAg",
            "name": "studentGender",
            "type": null,
            "modifiers": [
              "private"
            ],
            "position": {}
          },
          "position": {}
        },
        "_-rKGFzghEeiF-vkcg48UAg": {
          "key": "_-rKGFzghEeiF-vkcg48UAg",
          "name": "car",
          "type": null,
          "probability": 1,
          "modifiers": [],
          "to_variable": {
            "key": "_-rL7JjghEeiF-vkcg48UAg",
            "name": "car",
            "type": null,
            "modifiers": [
              "private"
            ],
            "position": {}
          },
          "position": {}
        },
        "_-rKGGjghEeiF-vkcg48UAg": {
          "key": "_-rKGGjghEeiF-vkcg48UAg",
          "name": "studentId",
          "type": null,
          "probability": 1,
          "modifiers": [],
          "to_variable": {
            "key": "_-rL7KTghEeiF-vkcg48UAg",
            "name": "studentId",
            "type": null,
            "modifiers": [
              "private"
            ],
            "position": {}
          },
          "position": {}
        }
      }
    },
    "parameters_to_parameters_data_clump-./Property-_-rLT6TghEeiF-vkcg48UAg-_-rJfEzghEeiF-vkcg48UAg-addresspropertyTypefloorsdistparkingSpaces": {
      "type": "data_clump",
      "key": "parameters_to_parameters_data_clump-./Property-_-rLT6TghEeiF-vkcg48UAg-_-rJfEzghEeiF-vkcg48UAg-addresspropertyTypefloorsdistparkingSpaces",
      "probability": 1,
      "from_file_path": "./Property",
      "from_class_or_interface_name": "Property",
      "from_class_or_interface_key": "_-rKtPzghEeiF-vkcg48UAg",
      "from_method_name": "Property",
      "from_method_key": "_-rLT6TghEeiF-vkcg48UAg",
      "to_file_path": "./ListProperties",
      "to_class_or_interface_name": "ListProperties",
      "to_class_or_interface_key": "_-rJfDTghEeiF-vkcg48UAg",
      "to_method_name": "addProperty",
      "to_method_key": "_-rJfEzghEeiF-vkcg48UAg",
      "data_clump_type": "parameters_to_parameters_data_clump",
      "data_clump_data": {
        "_-rLT6jghEeiF-vkcg48UAg": {
          "key": "_-rLT6jghEeiF-vkcg48UAg",
          "name": "address",
          "type": null,
          "probability": 1,
          "modifiers": [],
          "to_variable": {
            "key": "_-rJfFTghEeiF-vkcg48UAg",
            "name": "address",
            "type": null,
            "modifiers": [],
            "position": {}
          },
          "position": {}
        },
        "_-rLT7TghEeiF-vkcg48UAg": {
          "key": "_-rLT7TghEeiF-vkcg48UAg",
          "name": "propertyType",
          "type": null,
          "probability": 1,
          "modifiers": [],
          "to_variable": {
            "key": "_-rJfGDghEeiF-vkcg48UAg",
            "name": "propertyType",
            "type": null,
            "modifiers": [],
            "position": {}
          },
          "position": {}
        },
        "_-rLT8DghEeiF-vkcg48UAg": {
          "key": "_-rLT8DghEeiF-vkcg48UAg",
          "name": "floors",
          "type": null,
          "probability": 1,
          "modifiers": [],
          "to_variable": {
            "key": "_-rJfGzghEeiF-vkcg48UAg",
            "name": "floors",
            "type": null,
            "modifiers": [],
            "position": {}
          },
          "position": {}
        },
        "_-rLT8zghEeiF-vkcg48UAg": {
          "key": "_-rLT8zghEeiF-vkcg48UAg",
          "name": "dist",
          "type": null,
          "probability": 1,
          "modifiers": [],
          "to_variable": {
            "key": "_-rJfHjghEeiF-vkcg48UAg",
            "name": "dist",
            "type": null,
            "modifiers": [],
            "position": {}
          },
          "position": {}
        },
        "_-rLT9jghEeiF-vkcg48UAg": {
          "key": "_-rLT9jghEeiF-vkcg48UAg",
          "name": "parkingSpaces",
          "type": null,
          "probability": 1,
          "modifiers": [],
          "to_variable": {
            "key": "_-rJfITghEeiF-vkcg48UAg",
            "name": "parkingSpaces",
            "type": null,
            "modifiers": [],
            "position": {}
          },
          "position": {}
        }
      }
    },
    "parameters_to_fields_data_clump-./Property-_-rLT6TghEeiF-vkcg48UAg-_-rKtPzghEeiF-vkcg48UAg-addresspropertyTypefloorsdistparkingSpaces": {
      "type": "data_clump",
      "key": "parameters_to_fields_data_clump-./Property-_-rLT6TghEeiF-vkcg48UAg-_-rKtPzghEeiF-vkcg48UAg-addresspropertyTypefloorsdistparkingSpaces",
      "probability": 1,
      "from_file_path": "./Property",
      "from_class_or_interface_name": "Property",
      "from_class_or_interface_key": "_-rKtPzghEeiF-vkcg48UAg",
      "from_method_name": "Property",
      "from_method_key": "_-rLT6TghEeiF-vkcg48UAg",
      "to_file_path": "./Property",
      "to_class_or_interface_name": "Property",
      "to_class_or_interface_key": "_-rKtPzghEeiF-vkcg48UAg",
      "to_method_name": null,
      "to_method_key": null,
      "data_clump_type": "parameters_to_fields_data_clump",
      "data_clump_data": {
        "_-rLT6jghEeiF-vkcg48UAg": {
          "key": "_-rLT6jghEeiF-vkcg48UAg",
          "name": "address",
          "type": null,
          "probability": 1,
          "modifiers": [],
          "to_variable": {
            "key": "_-rKtRjghEeiF-vkcg48UAg",
            "name": "address",
            "type": null,
            "modifiers": [
              "private"
            ],
            "position": {}
          },
          "position": {}
        },
        "_-rLT7TghEeiF-vkcg48UAg": {
          "key": "_-rLT7TghEeiF-vkcg48UAg",
          "name": "propertyType",
          "type": null,
          "probability": 1,
          "modifiers": [],
          "to_variable": {
            "key": "_-rKtQzghEeiF-vkcg48UAg",
            "name": "propertyType",
            "type": null,
            "modifiers": [
              "private"
            ],
            "position": {}
          },
          "position": {}
        },
        "_-rLT8DghEeiF-vkcg48UAg": {
          "key": "_-rLT8DghEeiF-vkcg48UAg",
          "name": "floors",
          "type": null,
          "probability": 1,
          "modifiers": [],
          "to_variable": {
            "key": "_-rLT4DghEeiF-vkcg48UAg",
            "name": "floors",
            "type": null,
            "modifiers": [
              "private"
            ],
            "position": {}
          },
          "position": {}
        },
        "_-rLT8zghEeiF-vkcg48UAg": {
          "key": "_-rLT8zghEeiF-vkcg48UAg",
          "name": "dist",
          "type": null,
          "probability": 1,
          "modifiers": [],
          "to_variable": {
            "key": "_-rLT4zghEeiF-vkcg48UAg",
            "name": "dist",
            "type": null,
            "modifiers": [
              "private"
            ],
            "position": {}
          },
          "position": {}
        },
        "_-rLT9jghEeiF-vkcg48UAg": {
          "key": "_-rLT9jghEeiF-vkcg48UAg",
          "name": "parkingSpaces",
          "type": null,
          "probability": 1,
          "modifiers": [],
          "to_variable": {
            "key": "_-rLT5jghEeiF-vkcg48UAg",
            "name": "parkingSpaces",
            "type": null,
            "modifiers": [
              "private"
            ],
            "position": {}
          },
          "position": {}
        }
      }
    },
    "parameters_to_fields_data_clump-./Room-_-rLUQTghEeiF-vkcg48UAg-_-rLUMTghEeiF-vkcg48UAg-roomTypefloorLevelensuite": {
      "type": "data_clump",
      "key": "parameters_to_fields_data_clump-./Room-_-rLUQTghEeiF-vkcg48UAg-_-rLUMTghEeiF-vkcg48UAg-roomTypefloorLevelensuite",
      "probability": 1,
      "from_file_path": "./Room",
      "from_class_or_interface_name": "Room",
      "from_class_or_interface_key": "_-rLUMTghEeiF-vkcg48UAg",
      "from_method_name": "Room",
      "from_method_key": "_-rLUQTghEeiF-vkcg48UAg",
      "to_file_path": "./Room",
      "to_class_or_interface_name": "Room",
      "to_class_or_interface_key": "_-rLUMTghEeiF-vkcg48UAg",
      "to_method_name": null,
      "to_method_key": null,
      "data_clump_type": "parameters_to_fields_data_clump",
      "data_clump_data": {
        "_-rLUQjghEeiF-vkcg48UAg": {
          "key": "_-rLUQjghEeiF-vkcg48UAg",
          "name": "roomType",
          "type": null,
          "probability": 1,
          "modifiers": [],
          "to_variable": {
            "key": "_-rLUNTghEeiF-vkcg48UAg",
            "name": "roomType",
            "type": null,
            "modifiers": [
              "private"
            ],
            "position": {}
          },
          "position": {}
        },
        "_-rLURTghEeiF-vkcg48UAg": {
          "key": "_-rLURTghEeiF-vkcg48UAg",
          "name": "floorLevel",
          "type": null,
          "probability": 1,
          "modifiers": [],
          "to_variable": {
            "key": "_-rLUODghEeiF-vkcg48UAg",
            "name": "floorLevel",
            "type": null,
            "modifiers": [
              "private"
            ],
            "position": {}
          },
          "position": {}
        },
        "_-rLUSDghEeiF-vkcg48UAg": {
          "key": "_-rLUSDghEeiF-vkcg48UAg",
          "name": "ensuite",
          "type": null,
          "probability": 1,
          "modifiers": [],
          "to_variable": {
            "key": "_-rLUOzghEeiF-vkcg48UAg",
            "name": "ensuite",
            "type": null,
            "modifiers": [
              "private"
            ],
            "position": {}
          },
          "position": {}
        }
      }
    },
    "parameters_to_parameters_data_clump-./Student-_-rL7LDghEeiF-vkcg48UAg-_-rKGDzghEeiF-vkcg48UAg-studentNamestudentGendercarstudentId": {
      "type": "data_clump",
      "key": "parameters_to_parameters_data_clump-./Student-_-rL7LDghEeiF-vkcg48UAg-_-rKGDzghEeiF-vkcg48UAg-studentNamestudentGendercarstudentId",
      "probability": 1,
      "from_file_path": "./Student",
      "from_class_or_interface_name": "Student",
      "from_class_or_interface_key": "_-rL7EzghEeiF-vkcg48UAg",
      "from_method_name": "Student",
      "from_method_key": "_-rL7LDghEeiF-vkcg48UAg",
      "to_file_path": "./ListStudents",
      "to_class_or_interface_name": "ListStudents",
      "to_class_or_interface_key": "_-rKGBjghEeiF-vkcg48UAg",
      "to_method_name": "addStudent",
      "to_method_key": "_-rKGDzghEeiF-vkcg48UAg",
      "data_clump_type": "parameters_to_parameters_data_clump",
      "data_clump_data": {
        "_-rL7LTghEeiF-vkcg48UAg": {
          "key": "_-rL7LTghEeiF-vkcg48UAg",
          "name": "studentName",
          "type": null,
          "probability": 1,
          "modifiers": [],
          "to_variable": {
            "key": "_-rKGETghEeiF-vkcg48UAg",
            "name": "studentName",
            "type": null,
            "modifiers": [],
            "position": {}
          },
          "position": {}
        },
        "_-rL7MDghEeiF-vkcg48UAg": {
          "key": "_-rL7MDghEeiF-vkcg48UAg",
          "name": "studentGender",
          "type": null,
          "probability": 1,
          "modifiers": [],
          "to_variable": {
            "key": "_-rKGFDghEeiF-vkcg48UAg",
            "name": "studentGender",
            "type": null,
            "modifiers": [],
            "position": {}
          },
          "position": {}
        },
        "_-rL7MzghEeiF-vkcg48UAg": {
          "key": "_-rL7MzghEeiF-vkcg48UAg",
          "name": "car",
          "type": null,
          "probability": 1,
          "modifiers": [],
          "to_variable": {
            "key": "_-rKGFzghEeiF-vkcg48UAg",
            "name": "car",
            "type": null,
            "modifiers": [],
            "position": {}
          },
          "position": {}
        },
        "_-rL7NjghEeiF-vkcg48UAg": {
          "key": "_-rL7NjghEeiF-vkcg48UAg",
          "name": "studentId",
          "type": null,
          "probability": 1,
          "modifiers": [],
          "to_variable": {
            "key": "_-rKGGjghEeiF-vkcg48UAg",
            "name": "studentId",
            "type": null,
            "modifiers": [],
            "position": {}
          },
          "position": {}
        }
      }
    },
    "parameters_to_fields_data_clump-./Student-_-rL7LDghEeiF-vkcg48UAg-_-rL7EzghEeiF-vkcg48UAg-studentNamestudentGendercarstudentId": {
      "type": "data_clump",
      "key": "parameters_to_fields_data_clump-./Student-_-rL7LDghEeiF-vkcg48UAg-_-rL7EzghEeiF-vkcg48UAg-studentNamestudentGendercarstudentId",
      "probability": 1,
      "from_file_path": "./Student",
      "from_class_or_interface_name": "Student",
      "from_class_or_interface_key": "_-rL7EzghEeiF-vkcg48UAg",
      "from_method_name": "Student",
      "from_method_key": "_-rL7LDghEeiF-vkcg48UAg",
      "to_file_path": "./Student",
      "to_class_or_interface_name": "Student",
      "to_class_or_interface_key": "_-rL7EzghEeiF-vkcg48UAg",
      "to_method_name": null,
      "to_method_key": null,
      "data_clump_type": "parameters_to_fields_data_clump",
      "data_clump_data": {
        "_-rL7LTghEeiF-vkcg48UAg": {
          "key": "_-rL7LTghEeiF-vkcg48UAg",
          "name": "studentName",
          "type": null,
          "probability": 1,
          "modifiers": [],
          "to_variable": {
            "key": "_-rL7IDghEeiF-vkcg48UAg",
            "name": "studentName",
            "type": null,
            "modifiers": [
              "private"
            ],
            "position": {}
          },
          "position": {}
        },
        "_-rL7MDghEeiF-vkcg48UAg": {
          "key": "_-rL7MDghEeiF-vkcg48UAg",
          "name": "studentGender",
          "type": null,
          "probability": 1,
          "modifiers": [],
          "to_variable": {
            "key": "_-rL7IzghEeiF-vkcg48UAg",
            "name": "studentGender",
            "type": null,
            "modifiers": [
              "private"
            ],
            "position": {}
          },
          "position": {}
        },
        "_-rL7MzghEeiF-vkcg48UAg": {
          "key": "_-rL7MzghEeiF-vkcg48UAg",
          "name": "car",
          "type": null,
          "probability": 1,
          "modifiers": [],
          "to_variable": {
            "key": "_-rL7JjghEeiF-vkcg48UAg",
            "name": "car",
            "type": null,
            "modifiers": [
              "private"
            ],
            "position": {}
          },
          "position": {}
        },
        "_-rL7NjghEeiF-vkcg48UAg": {
          "key": "_-rL7NjghEeiF-vkcg48UAg",
          "name": "studentId",
          "type": null,
          "probability": 1,
          "modifiers": [],
          "to_variable": {
            "key": "_-rL7KTghEeiF-vkcg48UAg",
            "name": "studentId",
            "type": null,
            "modifiers": [
              "private"
            ],
            "position": {}
          },
          "position": {}
        }
      }
    }
  }
}