{
  "report_version": "unknown",
  "report_timestamp": "2025-03-26T23:05:59.306Z",
  "target_language": "java",
  "report_summary": {
    "additional": null,
    "amount_classes_or_interfaces_with_data_clumps": 4,
    "amount_files_with_data_clumps": 4,
    "amount_methods_with_data_clumps": 0,
    "fields_to_fields_data_clump": 12,
    "parameters_to_fields_data_clump": 0,
    "parameters_to_parameters_data_clump": 0,
    "amount_data_clumps": 12
  },
  "project_info": {
    "project_url": "unknown_project_url",
    "project_name": "_LVCLMJZUEeS67M2cXIV9Bg",
    "project_version": "unknown_project_version",
    "project_commit_hash": "unknown",
    "project_tag": null,
    "project_commit_date": null,
    "additional": {},
    "number_of_files": 9,
    "number_of_classes_or_interfaces": 9,
    "number_of_methods": 16,
    "number_of_data_fields": 22,
    "number_of_method_parameters": 0
  },
  "detector": {
    "name": "data-clumps-doctor",
    "url": "https://github.com/NilsBaumgartner1994/data-clumps-doctor",
    "version": "0.1.100",
    "options": {
      "typeVariablesConsidered": false,
      "similarityModifierOfVariablesWithUnknownType": 0,
      "fieldsOfClassesWithUnknownHierarchyProbabilityModifier": 0,
      "sharedFieldsToFieldsAmountMinimum": 3,
      "analyseFieldsInClassesOrInterfacesInheritedFromSuperClassesOrInterfaces": false,
      "sharedParametersToParametersAmountMinimum": 3,
      "sharedParametersToFieldsAmountMinimum": 3,
      "methodsOfClassesOrInterfacesWithUnknownHierarchyProbabilityModifier": 0
    }
  },
  "data_clumps": {
    "fields_to_fields_data_clump-./InstrumentTechnician-_toiY4HiNEDKPIbiTSwkB4w-_qApIUHiREDK0HqBfpPeRSA-nameageID": {
      "type": "data_clump",
      "key": "fields_to_fields_data_clump-./InstrumentTechnician-_toiY4HiNEDKPIbiTSwkB4w-_qApIUHiREDK0HqBfpPeRSA-nameageID",
      "probability": 1,
      "from_file_path": "./InstrumentTechnician",
      "from_class_or_interface_name": "InstrumentTechnician",
      "from_class_or_interface_key": "_toiY4HiNEDKPIbiTSwkB4w",
      "from_method_name": null,
      "from_method_key": null,
      "to_file_path": "./Instrumentanalyzer",
      "to_class_or_interface_key": "_qApIUHiREDK0HqBfpPeRSA",
      "to_class_or_interface_name": "InstrumentTechnician",
      "to_method_key": null,
      "to_method_name": null,
      "data_clump_type": "fields_to_fields_data_clump",
      "data_clump_data": {
        "_6o7lsHiQEDKnCL_hsyKJxA": {
          "key": "_6o7lsHiQEDKnCL_hsyKJxA",
          "name": "name",
          "type": null,
          "probability": 1,
          "modifiers": [],
          "to_variable": {
            "key": "_XxZ7QHiSEDKNa49slzW_kg",
            "name": "name",
            "type": null,
            "modifiers": [],
            "position": {}
          },
          "position": {}
        },
        "_7v6b4HiQEDKnCL_hsyKJxA": {
          "key": "_7v6b4HiQEDKnCL_hsyKJxA",
          "name": "age",
          "type": null,
          "probability": 1,
          "modifiers": [],
          "to_variable": {
            "key": "_aAclsHiSEDKNa49slzW_kg",
            "name": "age",
            "type": null,
            "modifiers": [],
            "position": {}
          },
          "position": {}
        },
        "_8dVikHiQEDKnCL_hsyKJxA": {
          "key": "_8dVikHiQEDKnCL_hsyKJxA",
          "name": "ID",
          "type": null,
          "probability": 1,
          "modifiers": [],
          "to_variable": {
            "key": "_dpwOsHiSEDKNa49slzW_kg",
            "name": "ID",
            "type": null,
            "modifiers": [],
            "position": {}
          },
          "position": {}
        }
      }
    },
    "fields_to_fields_data_clump-./InstrumentTechnician-_toiY4HiNEDKPIbiTSwkB4w-_YqYO0HiLEDKmTYZFiZvbxg-nameageID": {
      "type": "data_clump",
      "key": "fields_to_fields_data_clump-./InstrumentTechnician-_toiY4HiNEDKPIbiTSwkB4w-_YqYO0HiLEDKmTYZFiZvbxg-nameageID",
      "probability": 1,
      "from_file_path": "./InstrumentTechnician",
      "from_class_or_interface_name": "InstrumentTechnician",
      "from_class_or_interface_key": "_toiY4HiNEDKPIbiTSwkB4w",
      "from_method_name": null,
      "from_method_key": null,
      "to_file_path": "./Laptechnicin",
      "to_class_or_interface_key": "_YqYO0HiLEDKmTYZFiZvbxg",
      "to_class_or_interface_name": "InstrumentTechnician",
      "to_method_key": null,
      "to_method_name": null,
      "data_clump_type": "fields_to_fields_data_clump",
      "data_clump_data": {
        "_6o7lsHiQEDKnCL_hsyKJxA": {
          "key": "_6o7lsHiQEDKnCL_hsyKJxA",
          "name": "name",
          "type": null,
          "probability": 1,
          "modifiers": [],
          "to_variable": {
            "key": "_5m9SsHiNEDKPIbiTSwkB4w",
            "name": "name",
            "type": null,
            "modifiers": [],
            "position": {}
          },
          "position": {}
        },
        "_7v6b4HiQEDKnCL_hsyKJxA": {
          "key": "_7v6b4HiQEDKnCL_hsyKJxA",
          "name": "age",
          "type": null,
          "probability": 1,
          "modifiers": [],
          "to_variable": {
            "key": "_8ktdQHiNEDKPIbiTSwkB4w",
            "name": "age",
            "type": null,
            "modifiers": [],
            "position": {}
          },
          "position": {}
        },
        "_8dVikHiQEDKnCL_hsyKJxA": {
          "key": "_8dVikHiQEDKnCL_hsyKJxA",
          "name": "ID",
          "type": null,
          "probability": 1,
          "modifiers": [],
          "to_variable": {
            "key": "__eVVwHiNEDKPIbiTSwkB4w",
            "name": "ID",
            "type": null,
            "modifiers": [],
            "position": {}
          },
          "position": {}
        }
      }
    },
    "fields_to_fields_data_clump-./InstrumentTechnician-_toiY4HiNEDKPIbiTSwkB4w-_a5a5QHiLEDKmTYZFiZvbxg-nameageID": {
      "type": "data_clump",
      "key": "fields_to_fields_data_clump-./InstrumentTechnician-_toiY4HiNEDKPIbiTSwkB4w-_a5a5QHiLEDKmTYZFiZvbxg-nameageID",
      "probability": 1,
      "from_file_path": "./InstrumentTechnician",
      "from_class_or_interface_name": "InstrumentTechnician",
      "from_class_or_interface_key": "_toiY4HiNEDKPIbiTSwkB4w",
      "from_method_name": null,
      "from_method_key": null,
      "to_file_path": "./chemicalkeeper",
      "to_class_or_interface_key": "_a5a5QHiLEDKmTYZFiZvbxg",
      "to_class_or_interface_name": "InstrumentTechnician",
      "to_method_key": null,
      "to_method_name": null,
      "data_clump_type": "fields_to_fields_data_clump",
      "data_clump_data": {
        "_6o7lsHiQEDKnCL_hsyKJxA": {
          "key": "_6o7lsHiQEDKnCL_hsyKJxA",
          "name": "name",
          "type": null,
          "probability": 1,
          "modifiers": [],
          "to_variable": {
            "key": "_67WA0HiPEDKPIbiTSwkB4w",
            "name": "name",
            "type": null,
            "modifiers": [],
            "position": {}
          },
          "position": {}
        },
        "_7v6b4HiQEDKnCL_hsyKJxA": {
          "key": "_7v6b4HiQEDKnCL_hsyKJxA",
          "name": "age",
          "type": null,
          "probability": 1,
          "modifiers": [],
          "to_variable": {
            "key": "_7zcGcHiPEDKPIbiTSwkB4w",
            "name": "age",
            "type": null,
            "modifiers": [],
            "position": {}
          },
          "position": {}
        },
        "_8dVikHiQEDKnCL_hsyKJxA": {
          "key": "_8dVikHiQEDKnCL_hsyKJxA",
          "name": "ID",
          "type": null,
          "probability": 1,
          "modifiers": [],
          "to_variable": {
            "key": "_8rXM8HiPEDKPIbiTSwkB4w",
            "name": "ID",
            "type": null,
            "modifiers": [],
            "position": {}
          },
          "position": {}
        }
      }
    },
    "fields_to_fields_data_clump-./Instrumentanalyzer-_qApIUHiREDK0HqBfpPeRSA-_toiY4HiNEDKPIbiTSwkB4w-nameageID": {
      "type": "data_clump",
      "key": "fields_to_fields_data_clump-./Instrumentanalyzer-_qApIUHiREDK0HqBfpPeRSA-_toiY4HiNEDKPIbiTSwkB4w-nameageID",
      "probability": 1,
      "from_file_path": "./Instrumentanalyzer",
      "from_class_or_interface_name": "Instrumentanalyzer",
      "from_class_or_interface_key": "_qApIUHiREDK0HqBfpPeRSA",
      "from_method_name": null,
      "from_method_key": null,
      "to_file_path": "./InstrumentTechnician",
      "to_class_or_interface_key": "_toiY4HiNEDKPIbiTSwkB4w",
      "to_class_or_interface_name": "Instrumentanalyzer",
      "to_method_key": null,
      "to_method_name": null,
      "data_clump_type": "fields_to_fields_data_clump",
      "data_clump_data": {
        "_XxZ7QHiSEDKNa49slzW_kg": {
          "key": "_XxZ7QHiSEDKNa49slzW_kg",
          "name": "name",
          "type": null,
          "probability": 1,
          "modifiers": [],
          "to_variable": {
            "key": "_6o7lsHiQEDKnCL_hsyKJxA",
            "name": "name",
            "type": null,
            "modifiers": [],
            "position": {}
          },
          "position": {}
        },
        "_aAclsHiSEDKNa49slzW_kg": {
          "key": "_aAclsHiSEDKNa49slzW_kg",
          "name": "age",
          "type": null,
          "probability": 1,
          "modifiers": [],
          "to_variable": {
            "key": "_7v6b4HiQEDKnCL_hsyKJxA",
            "name": "age",
            "type": null,
            "modifiers": [],
            "position": {}
          },
          "position": {}
        },
        "_dpwOsHiSEDKNa49slzW_kg": {
          "key": "_dpwOsHiSEDKNa49slzW_kg",
          "name": "ID",
          "type": null,
          "probability": 1,
          "modifiers": [],
          "to_variable": {
            "key": "_8dVikHiQEDKnCL_hsyKJxA",
            "name": "ID",
            "type": null,
            "modifiers": [],
            "position": {}
          },
          "position": {}
        }
      }
    },
    "fields_to_fields_data_clump-./Instrumentanalyzer-_qApIUHiREDK0HqBfpPeRSA-_YqYO0HiLEDKmTYZFiZvbxg-nameageID": {
      "type": "data_clump",
      "key": "fields_to_fields_data_clump-./Instrumentanalyzer-_qApIUHiREDK0HqBfpPeRSA-_YqYO0HiLEDKmTYZFiZvbxg-nameageID",
      "probability": 1,
      "from_file_path": "./Instrumentanalyzer",
      "from_class_or_interface_name": "Instrumentanalyzer",
      "from_class_or_interface_key": "_qApIUHiREDK0HqBfpPeRSA",
      "from_method_name": null,
      "from_method_key": null,
      "to_file_path": "./Laptechnicin",
      "to_class_or_interface_key": "_YqYO0HiLEDKmTYZFiZvbxg",
      "to_class_or_interface_name": "Instrumentanalyzer",
      "to_method_key": null,
      "to_method_name": null,
      "data_clump_type": "fields_to_fields_data_clump",
      "data_clump_data": {
        "_XxZ7QHiSEDKNa49slzW_kg": {
          "key": "_XxZ7QHiSEDKNa49slzW_kg",
          "name": "name",
          "type": null,
          "probability": 1,
          "modifiers": [],
          "to_variable": {
            "key": "_5m9SsHiNEDKPIbiTSwkB4w",
            "name": "name",
            "type": null,
            "modifiers": [],
            "position": {}
          },
          "position": {}
        },
        "_aAclsHiSEDKNa49slzW_kg": {
          "key": "_aAclsHiSEDKNa49slzW_kg",
          "name": "age",
          "type": null,
          "probability": 1,
          "modifiers": [],
          "to_variable": {
            "key": "_8ktdQHiNEDKPIbiTSwkB4w",
            "name": "age",
            "type": null,
            "modifiers": [],
            "position": {}
          },
          "position": {}
        },
        "_dpwOsHiSEDKNa49slzW_kg": {
          "key": "_dpwOsHiSEDKNa49slzW_kg",
          "name": "ID",
          "type": null,
          "probability": 1,
          "modifiers": [],
          "to_variable": {
            "key": "__eVVwHiNEDKPIbiTSwkB4w",
            "name": "ID",
            "type": null,
            "modifiers": [],
            "position": {}
          },
          "position": {}
        }
      }
    },
    "fields_to_fields_data_clump-./Instrumentanalyzer-_qApIUHiREDK0HqBfpPeRSA-_a5a5QHiLEDKmTYZFiZvbxg-nameageID": {
      "type": "data_clump",
      "key": "fields_to_fields_data_clump-./Instrumentanalyzer-_qApIUHiREDK0HqBfpPeRSA-_a5a5QHiLEDKmTYZFiZvbxg-nameageID",
      "probability": 1,
      "from_file_path": "./Instrumentanalyzer",
      "from_class_or_interface_name": "Instrumentanalyzer",
      "from_class_or_interface_key": "_qApIUHiREDK0HqBfpPeRSA",
      "from_method_name": null,
      "from_method_key": null,
      "to_file_path": "./chemicalkeeper",
      "to_class_or_interface_key": "_a5a5QHiLEDKmTYZFiZvbxg",
      "to_class_or_interface_name": "Instrumentanalyzer",
      "to_method_key": null,
      "to_method_name": null,
      "data_clump_type": "fields_to_fields_data_clump",
      "data_clump_data": {
        "_XxZ7QHiSEDKNa49slzW_kg": {
          "key": "_XxZ7QHiSEDKNa49slzW_kg",
          "name": "name",
          "type": null,
          "probability": 1,
          "modifiers": [],
          "to_variable": {
            "key": "_67WA0HiPEDKPIbiTSwkB4w",
            "name": "name",
            "type": null,
            "modifiers": [],
            "position": {}
          },
          "position": {}
        },
        "_aAclsHiSEDKNa49slzW_kg": {
          "key": "_aAclsHiSEDKNa49slzW_kg",
          "name": "age",
          "type": null,
          "probability": 1,
          "modifiers": [],
          "to_variable": {
            "key": "_7zcGcHiPEDKPIbiTSwkB4w",
            "name": "age",
            "type": null,
            "modifiers": [],
            "position": {}
          },
          "position": {}
        },
        "_dpwOsHiSEDKNa49slzW_kg": {
          "key": "_dpwOsHiSEDKNa49slzW_kg",
          "name": "ID",
          "type": null,
          "probability": 1,
          "modifiers": [],
          "to_variable": {
            "key": "_8rXM8HiPEDKPIbiTSwkB4w",
            "name": "ID",
            "type": null,
            "modifiers": [],
            "position": {}
          },
          "position": {}
        }
      }
    },
    "fields_to_fields_data_clump-./Laptechnicin-_YqYO0HiLEDKmTYZFiZvbxg-_toiY4HiNEDKPIbiTSwkB4w-nameageID": {
      "type": "data_clump",
      "key": "fields_to_fields_data_clump-./Laptechnicin-_YqYO0HiLEDKmTYZFiZvbxg-_toiY4HiNEDKPIbiTSwkB4w-nameageID",
      "probability": 1,
      "from_file_path": "./Laptechnicin",
      "from_class_or_interface_name": "Laptechnicin",
      "from_class_or_interface_key": "_YqYO0HiLEDKmTYZFiZvbxg",
      "from_method_name": null,
      "from_method_key": null,
      "to_file_path": "./InstrumentTechnician",
      "to_class_or_interface_key": "_toiY4HiNEDKPIbiTSwkB4w",
      "to_class_or_interface_name": "Laptechnicin",
      "to_method_key": null,
      "to_method_name": null,
      "data_clump_type": "fields_to_fields_data_clump",
      "data_clump_data": {
        "_5m9SsHiNEDKPIbiTSwkB4w": {
          "key": "_5m9SsHiNEDKPIbiTSwkB4w",
          "name": "name",
          "type": null,
          "probability": 1,
          "modifiers": [],
          "to_variable": {
            "key": "_6o7lsHiQEDKnCL_hsyKJxA",
            "name": "name",
            "type": null,
            "modifiers": [],
            "position": {}
          },
          "position": {}
        },
        "_8ktdQHiNEDKPIbiTSwkB4w": {
          "key": "_8ktdQHiNEDKPIbiTSwkB4w",
          "name": "age",
          "type": null,
          "probability": 1,
          "modifiers": [],
          "to_variable": {
            "key": "_7v6b4HiQEDKnCL_hsyKJxA",
            "name": "age",
            "type": null,
            "modifiers": [],
            "position": {}
          },
          "position": {}
        },
        "__eVVwHiNEDKPIbiTSwkB4w": {
          "key": "__eVVwHiNEDKPIbiTSwkB4w",
          "name": "ID",
          "type": null,
          "probability": 1,
          "modifiers": [],
          "to_variable": {
            "key": "_8dVikHiQEDKnCL_hsyKJxA",
            "name": "ID",
            "type": null,
            "modifiers": [],
            "position": {}
          },
          "position": {}
        }
      }
    },
    "fields_to_fields_data_clump-./Laptechnicin-_YqYO0HiLEDKmTYZFiZvbxg-_qApIUHiREDK0HqBfpPeRSA-nameageID": {
      "type": "data_clump",
      "key": "fields_to_fields_data_clump-./Laptechnicin-_YqYO0HiLEDKmTYZFiZvbxg-_qApIUHiREDK0HqBfpPeRSA-nameageID",
      "probability": 1,
      "from_file_path": "./Laptechnicin",
      "from_class_or_interface_name": "Laptechnicin",
      "from_class_or_interface_key": "_YqYO0HiLEDKmTYZFiZvbxg",
      "from_method_name": null,
      "from_method_key": null,
      "to_file_path": "./Instrumentanalyzer",
      "to_class_or_interface_key": "_qApIUHiREDK0HqBfpPeRSA",
      "to_class_or_interface_name": "Laptechnicin",
      "to_method_key": null,
      "to_method_name": null,
      "data_clump_type": "fields_to_fields_data_clump",
      "data_clump_data": {
        "_5m9SsHiNEDKPIbiTSwkB4w": {
          "key": "_5m9SsHiNEDKPIbiTSwkB4w",
          "name": "name",
          "type": null,
          "probability": 1,
          "modifiers": [],
          "to_variable": {
            "key": "_XxZ7QHiSEDKNa49slzW_kg",
            "name": "name",
            "type": null,
            "modifiers": [],
            "position": {}
          },
          "position": {}
        },
        "_8ktdQHiNEDKPIbiTSwkB4w": {
          "key": "_8ktdQHiNEDKPIbiTSwkB4w",
          "name": "age",
          "type": null,
          "probability": 1,
          "modifiers": [],
          "to_variable": {
            "key": "_aAclsHiSEDKNa49slzW_kg",
            "name": "age",
            "type": null,
            "modifiers": [],
            "position": {}
          },
          "position": {}
        },
        "__eVVwHiNEDKPIbiTSwkB4w": {
          "key": "__eVVwHiNEDKPIbiTSwkB4w",
          "name": "ID",
          "type": null,
          "probability": 1,
          "modifiers": [],
          "to_variable": {
            "key": "_dpwOsHiSEDKNa49slzW_kg",
            "name": "ID",
            "type": null,
            "modifiers": [],
            "position": {}
          },
          "position": {}
        }
      }
    },
    "fields_to_fields_data_clump-./Laptechnicin-_YqYO0HiLEDKmTYZFiZvbxg-_a5a5QHiLEDKmTYZFiZvbxg-nameageID": {
      "type": "data_clump",
      "key": "fields_to_fields_data_clump-./Laptechnicin-_YqYO0HiLEDKmTYZFiZvbxg-_a5a5QHiLEDKmTYZFiZvbxg-nameageID",
      "probability": 1,
      "from_file_path": "./Laptechnicin",
      "from_class_or_interface_name": "Laptechnicin",
      "from_class_or_interface_key": "_YqYO0HiLEDKmTYZFiZvbxg",
      "from_method_name": null,
      "from_method_key": null,
      "to_file_path": "./chemicalkeeper",
      "to_class_or_interface_key": "_a5a5QHiLEDKmTYZFiZvbxg",
      "to_class_or_interface_name": "Laptechnicin",
      "to_method_key": null,
      "to_method_name": null,
      "data_clump_type": "fields_to_fields_data_clump",
      "data_clump_data": {
        "_5m9SsHiNEDKPIbiTSwkB4w": {
          "key": "_5m9SsHiNEDKPIbiTSwkB4w",
          "name": "name",
          "type": null,
          "probability": 1,
          "modifiers": [],
          "to_variable": {
            "key": "_67WA0HiPEDKPIbiTSwkB4w",
            "name": "name",
            "type": null,
            "modifiers": [],
            "position": {}
          },
          "position": {}
        },
        "_8ktdQHiNEDKPIbiTSwkB4w": {
          "key": "_8ktdQHiNEDKPIbiTSwkB4w",
          "name": "age",
          "type": null,
          "probability": 1,
          "modifiers": [],
          "to_variable": {
            "key": "_7zcGcHiPEDKPIbiTSwkB4w",
            "name": "age",
            "type": null,
            "modifiers": [],
            "position": {}
          },
          "position": {}
        },
        "__eVVwHiNEDKPIbiTSwkB4w": {
          "key": "__eVVwHiNEDKPIbiTSwkB4w",
          "name": "ID",
          "type": null,
          "probability": 1,
          "modifiers": [],
          "to_variable": {
            "key": "_8rXM8HiPEDKPIbiTSwkB4w",
            "name": "ID",
            "type": null,
            "modifiers": [],
            "position": {}
          },
          "position": {}
        }
      }
    },
    "fields_to_fields_data_clump-./chemicalkeeper-_a5a5QHiLEDKmTYZFiZvbxg-_toiY4HiNEDKPIbiTSwkB4w-nameageID": {
      "type": "data_clump",
      "key": "fields_to_fields_data_clump-./chemicalkeeper-_a5a5QHiLEDKmTYZFiZvbxg-_toiY4HiNEDKPIbiTSwkB4w-nameageID",
      "probability": 1,
      "from_file_path": "./chemicalkeeper",
      "from_class_or_interface_name": "chemicalkeeper",
      "from_class_or_interface_key": "_a5a5QHiLEDKmTYZFiZvbxg",
      "from_method_name": null,
      "from_method_key": null,
      "to_file_path": "./InstrumentTechnician",
      "to_class_or_interface_key": "_toiY4HiNEDKPIbiTSwkB4w",
      "to_class_or_interface_name": "chemicalkeeper",
      "to_method_key": null,
      "to_method_name": null,
      "data_clump_type": "fields_to_fields_data_clump",
      "data_clump_data": {
        "_67WA0HiPEDKPIbiTSwkB4w": {
          "key": "_67WA0HiPEDKPIbiTSwkB4w",
          "name": "name",
          "type": null,
          "probability": 1,
          "modifiers": [],
          "to_variable": {
            "key": "_6o7lsHiQEDKnCL_hsyKJxA",
            "name": "name",
            "type": null,
            "modifiers": [],
            "position": {}
          },
          "position": {}
        },
        "_7zcGcHiPEDKPIbiTSwkB4w": {
          "key": "_7zcGcHiPEDKPIbiTSwkB4w",
          "name": "age",
          "type": null,
          "probability": 1,
          "modifiers": [],
          "to_variable": {
            "key": "_7v6b4HiQEDKnCL_hsyKJxA",
            "name": "age",
            "type": null,
            "modifiers": [],
            "position": {}
          },
          "position": {}
        },
        "_8rXM8HiPEDKPIbiTSwkB4w": {
          "key": "_8rXM8HiPEDKPIbiTSwkB4w",
          "name": "ID",
          "type": null,
          "probability": 1,
          "modifiers": [],
          "to_variable": {
            "key": "_8dVikHiQEDKnCL_hsyKJxA",
            "name": "ID",
            "type": null,
            "modifiers": [],
            "position": {}
          },
          "position": {}
        }
      }
    },
    "fields_to_fields_data_clump-./chemicalkeeper-_a5a5QHiLEDKmTYZFiZvbxg-_qApIUHiREDK0HqBfpPeRSA-nameageID": {
      "type": "data_clump",
      "key": "fields_to_fields_data_clump-./chemicalkeeper-_a5a5QHiLEDKmTYZFiZvbxg-_qApIUHiREDK0HqBfpPeRSA-nameageID",
      "probability": 1,
      "from_file_path": "./chemicalkeeper",
      "from_class_or_interface_name": "chemicalkeeper",
      "from_class_or_interface_key": "_a5a5QHiLEDKmTYZFiZvbxg",
      "from_method_name": null,
      "from_method_key": null,
      "to_file_path": "./Instrumentanalyzer",
      "to_class_or_interface_key": "_qApIUHiREDK0HqBfpPeRSA",
      "to_class_or_interface_name": "chemicalkeeper",
      "to_method_key": null,
      "to_method_name": null,
      "data_clump_type": "fields_to_fields_data_clump",
      "data_clump_data": {
        "_67WA0HiPEDKPIbiTSwkB4w": {
          "key": "_67WA0HiPEDKPIbiTSwkB4w",
          "name": "name",
          "type": null,
          "probability": 1,
          "modifiers": [],
          "to_variable": {
            "key": "_XxZ7QHiSEDKNa49slzW_kg",
            "name": "name",
            "type": null,
            "modifiers": [],
            "position": {}
          },
          "position": {}
        },
        "_7zcGcHiPEDKPIbiTSwkB4w": {
          "key": "_7zcGcHiPEDKPIbiTSwkB4w",
          "name": "age",
          "type": null,
          "probability": 1,
          "modifiers": [],
          "to_variable": {
            "key": "_aAclsHiSEDKNa49slzW_kg",
            "name": "age",
            "type": null,
            "modifiers": [],
            "position": {}
          },
          "position": {}
        },
        "_8rXM8HiPEDKPIbiTSwkB4w": {
          "key": "_8rXM8HiPEDKPIbiTSwkB4w",
          "name": "ID",
          "type": null,
          "probability": 1,
          "modifiers": [],
          "to_variable": {
            "key": "_dpwOsHiSEDKNa49slzW_kg",
            "name": "ID",
            "type": null,
            "modifiers": [],
            "position": {}
          },
          "position": {}
        }
      }
    },
    "fields_to_fields_data_clump-./chemicalkeeper-_a5a5QHiLEDKmTYZFiZvbxg-_YqYO0HiLEDKmTYZFiZvbxg-nameageID": {
      "type": "data_clump",
      "key": "fields_to_fields_data_clump-./chemicalkeeper-_a5a5QHiLEDKmTYZFiZvbxg-_YqYO0HiLEDKmTYZFiZvbxg-nameageID",
      "probability": 1,
      "from_file_path": "./chemicalkeeper",
      "from_class_or_interface_name": "chemicalkeeper",
      "from_class_or_interface_key": "_a5a5QHiLEDKmTYZFiZvbxg",
      "from_method_name": null,
      "from_method_key": null,
      "to_file_path": "./Laptechnicin",
      "to_class_or_interface_key": "_YqYO0HiLEDKmTYZFiZvbxg",
      "to_class_or_interface_name": "chemicalkeeper",
      "to_method_key": null,
      "to_method_name": null,
      "data_clump_type": "fields_to_fields_data_clump",
      "data_clump_data": {
        "_67WA0HiPEDKPIbiTSwkB4w": {
          "key": "_67WA0HiPEDKPIbiTSwkB4w",
          "name": "name",
          "type": null,
          "probability": 1,
          "modifiers": [],
          "to_variable": {
            "key": "_5m9SsHiNEDKPIbiTSwkB4w",
            "name": "name",
            "type": null,
            "modifiers": [],
            "position": {}
          },
          "position": {}
        },
        "_7zcGcHiPEDKPIbiTSwkB4w": {
          "key": "_7zcGcHiPEDKPIbiTSwkB4w",
          "name": "age",
          "type": null,
          "probability": 1,
          "modifiers": [],
          "to_variable": {
            "key": "_8ktdQHiNEDKPIbiTSwkB4w",
            "name": "age",
            "type": null,
            "modifiers": [],
            "position": {}
          },
          "position": {}
        },
        "_8rXM8HiPEDKPIbiTSwkB4w": {
          "key": "_8rXM8HiPEDKPIbiTSwkB4w",
          "name": "ID",
          "type": null,
          "probability": 1,
          "modifiers": [],
          "to_variable": {
            "key": "__eVVwHiNEDKPIbiTSwkB4w",
            "name": "ID",
            "type": null,
            "modifiers": [],
            "position": {}
          },
          "position": {}
        }
      }
    }
  }
}