{
  "report_version": "unknown",
  "report_timestamp": "2025-03-26T23:03:13.002Z",
  "target_language": "java",
  "report_summary": {
    "additional": null,
    "amount_classes_or_interfaces_with_data_clumps": 2,
    "amount_files_with_data_clumps": 2,
    "amount_methods_with_data_clumps": 0,
    "fields_to_fields_data_clump": 2,
    "parameters_to_fields_data_clump": 0,
    "parameters_to_parameters_data_clump": 0,
    "amount_data_clumps": 2
  },
  "project_info": {
    "project_url": "unknown_project_url",
    "project_name": "_oQbDsGl2EeSmTqqtE6wM_Q",
    "project_version": "unknown_project_version",
    "project_commit_hash": "unknown",
    "project_tag": null,
    "project_commit_date": null,
    "additional": {},
    "number_of_files": 8,
    "number_of_classes_or_interfaces": 8,
    "number_of_methods": 1,
    "number_of_data_fields": 21,
    "number_of_method_parameters": 0
  },
  "detector": {
    "name": "data-clumps-doctor",
    "url": "https://github.com/NilsBaumgartner1994/data-clumps-doctor",
    "version": "0.1.100",
    "options": {
      "typeVariablesConsidered": false,
      "similarityModifierOfVariablesWithUnknownType": 0,
      "fieldsOfClassesWithUnknownHierarchyProbabilityModifier": 0,
      "sharedFieldsToFieldsAmountMinimum": 3,
      "analyseFieldsInClassesOrInterfacesInheritedFromSuperClassesOrInterfaces": false,
      "sharedParametersToParametersAmountMinimum": 3,
      "sharedParametersToFieldsAmountMinimum": 3,
      "methodsOfClassesOrInterfacesWithUnknownHierarchyProbabilityModifier": 0
    }
  },
  "data_clumps": {
    "fields_to_fields_data_clump-./Photo-_qkWXYEukEDKI-u-I38faaw-_AeXXoEulEDKI-u-I38faaw-refInternetitredescription": {
      "type": "data_clump",
      "key": "fields_to_fields_data_clump-./Photo-_qkWXYEukEDKI-u-I38faaw-_AeXXoEulEDKI-u-I38faaw-refInternetitredescription",
      "probability": 1,
      "from_file_path": "./Photo",
      "from_class_or_interface_name": "Photo",
      "from_class_or_interface_key": "_qkWXYEukEDKI-u-I38faaw",
      "from_method_name": null,
      "from_method_key": null,
      "to_file_path": "./Reportage",
      "to_class_or_interface_key": "_AeXXoEulEDKI-u-I38faaw",
      "to_class_or_interface_name": "Photo",
      "to_method_key": null,
      "to_method_name": null,
      "data_clump_type": "fields_to_fields_data_clump",
      "data_clump_data": {
        "_vSObwEukEDKI-u-I38faaw": {
          "key": "_vSObwEukEDKI-u-I38faaw",
          "name": "refInterne",
          "type": null,
          "probability": 1,
          "modifiers": [],
          "to_variable": {
            "key": "_BYmLQEulEDKI-u-I38faaw",
            "name": "refInterne",
            "type": null,
            "modifiers": [],
            "position": {}
          },
          "position": {}
        },
        "_zB7AoEukEDKI-u-I38faaw": {
          "key": "_zB7AoEukEDKI-u-I38faaw",
          "name": "titre",
          "type": null,
          "probability": 1,
          "modifiers": [],
          "to_variable": {
            "key": "_CTvk4EulEDKI-u-I38faaw",
            "name": "titre",
            "type": null,
            "modifiers": [],
            "position": {}
          },
          "position": {}
        },
        "_0a93MEukEDKI-u-I38faaw": {
          "key": "_0a93MEukEDKI-u-I38faaw",
          "name": "description",
          "type": null,
          "probability": 1,
          "modifiers": [],
          "to_variable": {
            "key": "_DYVOYEulEDKI-u-I38faaw",
            "name": "description",
            "type": null,
            "modifiers": [],
            "position": {}
          },
          "position": {}
        }
      }
    },
    "fields_to_fields_data_clump-./Reportage-_AeXXoEulEDKI-u-I38faaw-_qkWXYEukEDKI-u-I38faaw-refInternetitredescription": {
      "type": "data_clump",
      "key": "fields_to_fields_data_clump-./Reportage-_AeXXoEulEDKI-u-I38faaw-_qkWXYEukEDKI-u-I38faaw-refInternetitredescription",
      "probability": 1,
      "from_file_path": "./Reportage",
      "from_class_or_interface_name": "Reportage",
      "from_class_or_interface_key": "_AeXXoEulEDKI-u-I38faaw",
      "from_method_name": null,
      "from_method_key": null,
      "to_file_path": "./Photo",
      "to_class_or_interface_key": "_qkWXYEukEDKI-u-I38faaw",
      "to_class_or_interface_name": "Reportage",
      "to_method_key": null,
      "to_method_name": null,
      "data_clump_type": "fields_to_fields_data_clump",
      "data_clump_data": {
        "_BYmLQEulEDKI-u-I38faaw": {
          "key": "_BYmLQEulEDKI-u-I38faaw",
          "name": "refInterne",
          "type": null,
          "probability": 1,
          "modifiers": [],
          "to_variable": {
            "key": "_vSObwEukEDKI-u-I38faaw",
            "name": "refInterne",
            "type": null,
            "modifiers": [],
            "position": {}
          },
          "position": {}
        },
        "_CTvk4EulEDKI-u-I38faaw": {
          "key": "_CTvk4EulEDKI-u-I38faaw",
          "name": "titre",
          "type": null,
          "probability": 1,
          "modifiers": [],
          "to_variable": {
            "key": "_zB7AoEukEDKI-u-I38faaw",
            "name": "titre",
            "type": null,
            "modifiers": [],
            "position": {}
          },
          "position": {}
        },
        "_DYVOYEulEDKI-u-I38faaw": {
          "key": "_DYVOYEulEDKI-u-I38faaw",
          "name": "description",
          "type": null,
          "probability": 1,
          "modifiers": [],
          "to_variable": {
            "key": "_0a93MEukEDKI-u-I38faaw",
            "name": "description",
            "type": null,
            "modifiers": [],
            "position": {}
          },
          "position": {}
        }
      }
    }
  }
}