{
  "report_version": "unknown",
  "report_timestamp": "2025-03-26T21:53:26.168Z",
  "target_language": "java",
  "report_summary": {
    "additional": null,
    "amount_classes_or_interfaces_with_data_clumps": 2,
    "amount_files_with_data_clumps": 2,
    "amount_methods_with_data_clumps": 0,
    "fields_to_fields_data_clump": 2,
    "parameters_to_fields_data_clump": 0,
    "parameters_to_parameters_data_clump": 0,
    "amount_data_clumps": 2
  },
  "project_info": {
    "project_url": "unknown_project_url",
    "project_name": "_AvWj0KJoEeawbN_F_HFDxg",
    "project_version": "unknown_project_version",
    "project_commit_hash": "unknown",
    "project_tag": null,
    "project_commit_date": null,
    "additional": {},
    "number_of_files": 7,
    "number_of_classes_or_interfaces": 7,
    "number_of_methods": 18,
    "number_of_data_fields": 22,
    "number_of_method_parameters": 0
  },
  "detector": {
    "name": "data-clumps-doctor",
    "url": "https://github.com/NilsBaumgartner1994/data-clumps-doctor",
    "version": "0.1.100",
    "options": {
      "typeVariablesConsidered": false,
      "similarityModifierOfVariablesWithUnknownType": 0,
      "fieldsOfClassesWithUnknownHierarchyProbabilityModifier": 0,
      "sharedFieldsToFieldsAmountMinimum": 3,
      "analyseFieldsInClassesOrInterfacesInheritedFromSuperClassesOrInterfaces": false,
      "sharedParametersToParametersAmountMinimum": 3,
      "sharedParametersToFieldsAmountMinimum": 3,
      "methodsOfClassesOrInterfacesWithUnknownHierarchyProbabilityModifier": 0
    }
  },
  "data_clumps": {
    "fields_to_fields_data_clump-./CustomListAdapter-_P2LFwISXEDSBWYZbJGeRKg-_KA-d4ISgEDSBWYZbJGeRKg-ActivityactivityLayoutInflaterInflaterList<Wisata>wisataItemsImageViewimTextViewTitleTextViewrateAvgRatingBarrating": {
      "type": "data_clump",
      "key": "fields_to_fields_data_clump-./CustomListAdapter-_P2LFwISXEDSBWYZbJGeRKg-_KA-d4ISgEDSBWYZbJGeRKg-ActivityactivityLayoutInflaterInflaterList<Wisata>wisataItemsImageViewimTextViewTitleTextViewrateAvgRatingBarrating",
      "probability": 1,
      "from_file_path": "./CustomListAdapter",
      "from_class_or_interface_name": "CustomListAdapter",
      "from_class_or_interface_key": "_P2LFwISXEDSBWYZbJGeRKg",
      "from_method_name": null,
      "from_method_key": null,
      "to_file_path": "./CustomReviewAdapter",
      "to_class_or_interface_key": "_KA-d4ISgEDSBWYZbJGeRKg",
      "to_class_or_interface_name": "CustomListAdapter",
      "to_method_key": null,
      "to_method_name": null,
      "data_clump_type": "fields_to_fields_data_clump",
      "data_clump_data": {
        "_C8kEIISZEDSBWYZbJGeRKg": {
          "key": "_C8kEIISZEDSBWYZbJGeRKg",
          "name": "Activityactivity",
          "type": null,
          "probability": 1,
          "modifiers": [],
          "to_variable": {
            "key": "_KA_E8ISgEDSBWYZbJGeRKg",
            "name": "Activityactivity",
            "type": null,
            "modifiers": [],
            "position": {}
          },
          "position": {}
        },
        "_z8oEoISZEDSBWYZbJGeRKg": {
          "key": "_z8oEoISZEDSBWYZbJGeRKg",
          "name": "LayoutInflaterInflater",
          "type": null,
          "probability": 1,
          "modifiers": [],
          "to_variable": {
            "key": "_KA_sAISgEDSBWYZbJGeRKg",
            "name": "LayoutInflaterInflater",
            "type": null,
            "modifiers": [],
            "position": {}
          },
          "position": {}
        },
        "_AT3uIISaEDSBWYZbJGeRKg": {
          "key": "_AT3uIISaEDSBWYZbJGeRKg",
          "name": "List<Wisata>wisataItems",
          "type": null,
          "probability": 1,
          "modifiers": [],
          "to_variable": {
            "key": "_KA_sAYSgEDSBWYZbJGeRKg",
            "name": "List<Wisata>wisataItems",
            "type": null,
            "modifiers": [],
            "position": {}
          },
          "position": {}
        },
        "_UL5EoISeEDSBWYZbJGeRKg": {
          "key": "_UL5EoISeEDSBWYZbJGeRKg",
          "name": "ImageViewim",
          "type": null,
          "probability": 1,
          "modifiers": [],
          "to_variable": {
            "key": "_KA_sAoSgEDSBWYZbJGeRKg",
            "name": "ImageViewim",
            "type": null,
            "modifiers": [],
            "position": {}
          },
          "position": {}
        },
        "_5XpwoISeEDSBWYZbJGeRKg": {
          "key": "_5XpwoISeEDSBWYZbJGeRKg",
          "name": "TextViewTitle",
          "type": null,
          "probability": 1,
          "modifiers": [],
          "to_variable": {
            "key": "_KA_sA4SgEDSBWYZbJGeRKg",
            "name": "TextViewTitle",
            "type": null,
            "modifiers": [],
            "position": {}
          },
          "position": {}
        },
        "_EbqQoISfEDSBWYZbJGeRKg": {
          "key": "_EbqQoISfEDSBWYZbJGeRKg",
          "name": "TextViewrateAvg",
          "type": null,
          "probability": 1,
          "modifiers": [],
          "to_variable": {
            "key": "_KBATEISgEDSBWYZbJGeRKg",
            "name": "TextViewrateAvg",
            "type": null,
            "modifiers": [],
            "position": {}
          },
          "position": {}
        },
        "_Tb4ukISfEDSBWYZbJGeRKg": {
          "key": "_Tb4ukISfEDSBWYZbJGeRKg",
          "name": "RatingBarrating",
          "type": null,
          "probability": 1,
          "modifiers": [],
          "to_variable": {
            "key": "_KBATEYSgEDSBWYZbJGeRKg",
            "name": "RatingBarrating",
            "type": null,
            "modifiers": [],
            "position": {}
          },
          "position": {}
        }
      }
    },
    "fields_to_fields_data_clump-./CustomReviewAdapter-_KA-d4ISgEDSBWYZbJGeRKg-_P2LFwISXEDSBWYZbJGeRKg-ActivityactivityLayoutInflaterInflaterList<Wisata>wisataItemsImageViewimTextViewTitleTextViewrateAvgRatingBarrating": {
      "type": "data_clump",
      "key": "fields_to_fields_data_clump-./CustomReviewAdapter-_KA-d4ISgEDSBWYZbJGeRKg-_P2LFwISXEDSBWYZbJGeRKg-ActivityactivityLayoutInflaterInflaterList<Wisata>wisataItemsImageViewimTextViewTitleTextViewrateAvgRatingBarrating",
      "probability": 1,
      "from_file_path": "./CustomReviewAdapter",
      "from_class_or_interface_name": "CustomReviewAdapter",
      "from_class_or_interface_key": "_KA-d4ISgEDSBWYZbJGeRKg",
      "from_method_name": null,
      "from_method_key": null,
      "to_file_path": "./CustomListAdapter",
      "to_class_or_interface_key": "_P2LFwISXEDSBWYZbJGeRKg",
      "to_class_or_interface_name": "CustomReviewAdapter",
      "to_method_key": null,
      "to_method_name": null,
      "data_clump_type": "fields_to_fields_data_clump",
      "data_clump_data": {
        "_KA_E8ISgEDSBWYZbJGeRKg": {
          "key": "_KA_E8ISgEDSBWYZbJGeRKg",
          "name": "Activityactivity",
          "type": null,
          "probability": 1,
          "modifiers": [],
          "to_variable": {
            "key": "_C8kEIISZEDSBWYZbJGeRKg",
            "name": "Activityactivity",
            "type": null,
            "modifiers": [],
            "position": {}
          },
          "position": {}
        },
        "_KA_sAISgEDSBWYZbJGeRKg": {
          "key": "_KA_sAISgEDSBWYZbJGeRKg",
          "name": "LayoutInflaterInflater",
          "type": null,
          "probability": 1,
          "modifiers": [],
          "to_variable": {
            "key": "_z8oEoISZEDSBWYZbJGeRKg",
            "name": "LayoutInflaterInflater",
            "type": null,
            "modifiers": [],
            "position": {}
          },
          "position": {}
        },
        "_KA_sAYSgEDSBWYZbJGeRKg": {
          "key": "_KA_sAYSgEDSBWYZbJGeRKg",
          "name": "List<Wisata>wisataItems",
          "type": null,
          "probability": 1,
          "modifiers": [],
          "to_variable": {
            "key": "_AT3uIISaEDSBWYZbJGeRKg",
            "name": "List<Wisata>wisataItems",
            "type": null,
            "modifiers": [],
            "position": {}
          },
          "position": {}
        },
        "_KA_sAoSgEDSBWYZbJGeRKg": {
          "key": "_KA_sAoSgEDSBWYZbJGeRKg",
          "name": "ImageViewim",
          "type": null,
          "probability": 1,
          "modifiers": [],
          "to_variable": {
            "key": "_UL5EoISeEDSBWYZbJGeRKg",
            "name": "ImageViewim",
            "type": null,
            "modifiers": [],
            "position": {}
          },
          "position": {}
        },
        "_KA_sA4SgEDSBWYZbJGeRKg": {
          "key": "_KA_sA4SgEDSBWYZbJGeRKg",
          "name": "TextViewTitle",
          "type": null,
          "probability": 1,
          "modifiers": [],
          "to_variable": {
            "key": "_5XpwoISeEDSBWYZbJGeRKg",
            "name": "TextViewTitle",
            "type": null,
            "modifiers": [],
            "position": {}
          },
          "position": {}
        },
        "_KBATEISgEDSBWYZbJGeRKg": {
          "key": "_KBATEISgEDSBWYZbJGeRKg",
          "name": "TextViewrateAvg",
          "type": null,
          "probability": 1,
          "modifiers": [],
          "to_variable": {
            "key": "_EbqQoISfEDSBWYZbJGeRKg",
            "name": "TextViewrateAvg",
            "type": null,
            "modifiers": [],
            "position": {}
          },
          "position": {}
        },
        "_KBATEYSgEDSBWYZbJGeRKg": {
          "key": "_KBATEYSgEDSBWYZbJGeRKg",
          "name": "RatingBarrating",
          "type": null,
          "probability": 1,
          "modifiers": [],
          "to_variable": {
            "key": "_Tb4ukISfEDSBWYZbJGeRKg",
            "name": "RatingBarrating",
            "type": null,
            "modifiers": [],
            "position": {}
          },
          "position": {}
        }
      }
    }
  }
}