{
  "report_version": "unknown",
  "report_timestamp": "2025-03-26T21:39:07.246Z",
  "target_language": "java",
  "report_summary": {
    "additional": null,
    "amount_classes_or_interfaces_with_data_clumps": 3,
    "amount_files_with_data_clumps": 3,
    "amount_methods_with_data_clumps": 0,
    "fields_to_fields_data_clump": 6,
    "parameters_to_fields_data_clump": 0,
    "parameters_to_parameters_data_clump": 0,
    "amount_data_clumps": 6
  },
  "project_info": {
    "project_url": "unknown_project_url",
    "project_name": "_c6bx8HhqEeyzq6ra3GZCdA",
    "project_version": "unknown_project_version",
    "project_commit_hash": "unknown",
    "project_tag": null,
    "project_commit_date": null,
    "additional": {},
    "number_of_files": 13,
    "number_of_classes_or_interfaces": 13,
    "number_of_methods": 43,
    "number_of_data_fields": 41,
    "number_of_method_parameters": 21
  },
  "detector": {
    "name": "data-clumps-doctor",
    "url": "https://github.com/NilsBaumgartner1994/data-clumps-doctor",
    "version": "0.1.100",
    "options": {
      "typeVariablesConsidered": false,
      "similarityModifierOfVariablesWithUnknownType": 0,
      "fieldsOfClassesWithUnknownHierarchyProbabilityModifier": 0,
      "sharedFieldsToFieldsAmountMinimum": 3,
      "analyseFieldsInClassesOrInterfacesInheritedFromSuperClassesOrInterfaces": false,
      "sharedParametersToParametersAmountMinimum": 3,
      "sharedParametersToFieldsAmountMinimum": 3,
      "methodsOfClassesOrInterfacesWithUnknownHierarchyProbabilityModifier": 0
    }
  },
  "data_clumps": {
    "fields_to_fields_data_clump-./Abbonamento-_e0G9IFqZEDqj06L2WwOcxA-_yfm3YFqZEDqj06L2WwOcxA-dbidnome": {
      "type": "data_clump",
      "key": "fields_to_fields_data_clump-./Abbonamento-_e0G9IFqZEDqj06L2WwOcxA-_yfm3YFqZEDqj06L2WwOcxA-dbidnome",
      "probability": 1,
      "from_file_path": "./Abbonamento",
      "from_class_or_interface_name": "Abbonamento",
      "from_class_or_interface_key": "_e0G9IFqZEDqj06L2WwOcxA",
      "from_method_name": null,
      "from_method_key": null,
      "to_file_path": "./Lezione",
      "to_class_or_interface_key": "_yfm3YFqZEDqj06L2WwOcxA",
      "to_class_or_interface_name": "Abbonamento",
      "to_method_key": null,
      "to_method_name": null,
      "data_clump_type": "fields_to_fields_data_clump",
      "data_clump_data": {
        "_jWjNkFqZEDqj06L2WwOcxA": {
          "key": "_jWjNkFqZEDqj06L2WwOcxA",
          "name": "db",
          "type": null,
          "probability": 1,
          "modifiers": [
            "protected"
          ],
          "to_variable": {
            "key": "_zPy-MFqZEDqj06L2WwOcxA",
            "name": "db",
            "type": null,
            "modifiers": [
              "protected"
            ],
            "position": {}
          },
          "position": {}
        },
        "_lUvYkFqZEDqj06L2WwOcxA": {
          "key": "_lUvYkFqZEDqj06L2WwOcxA",
          "name": "id",
          "type": null,
          "probability": 1,
          "modifiers": [
            "private"
          ],
          "to_variable": {
            "key": "_00E0YFqZEDqj06L2WwOcxA",
            "name": "id",
            "type": null,
            "modifiers": [
              "private"
            ],
            "position": {}
          },
          "position": {}
        },
        "_t0WCIFqZEDqj06L2WwOcxA": {
          "key": "_t0WCIFqZEDqj06L2WwOcxA",
          "name": "nome",
          "type": null,
          "probability": 1,
          "modifiers": [
            "private"
          ],
          "to_variable": {
            "key": "_2zpfcFqZEDqj06L2WwOcxA",
            "name": "nome",
            "type": null,
            "modifiers": [
              "private"
            ],
            "position": {}
          },
          "position": {}
        }
      }
    },
    "fields_to_fields_data_clump-./Abbonamento-_e0G9IFqZEDqj06L2WwOcxA-_6kfT0FqZEDqj06L2WwOcxA-dbidnome": {
      "type": "data_clump",
      "key": "fields_to_fields_data_clump-./Abbonamento-_e0G9IFqZEDqj06L2WwOcxA-_6kfT0FqZEDqj06L2WwOcxA-dbidnome",
      "probability": 1,
      "from_file_path": "./Abbonamento",
      "from_class_or_interface_name": "Abbonamento",
      "from_class_or_interface_key": "_e0G9IFqZEDqj06L2WwOcxA",
      "from_method_name": null,
      "from_method_key": null,
      "to_file_path": "./Stanza",
      "to_class_or_interface_key": "_6kfT0FqZEDqj06L2WwOcxA",
      "to_class_or_interface_name": "Abbonamento",
      "to_method_key": null,
      "to_method_name": null,
      "data_clump_type": "fields_to_fields_data_clump",
      "data_clump_data": {
        "_jWjNkFqZEDqj06L2WwOcxA": {
          "key": "_jWjNkFqZEDqj06L2WwOcxA",
          "name": "db",
          "type": null,
          "probability": 1,
          "modifiers": [
            "protected"
          ],
          "to_variable": {
            "key": "_7otw8FqZEDqj06L2WwOcxA",
            "name": "db",
            "type": null,
            "modifiers": [
              "protected"
            ],
            "position": {}
          },
          "position": {}
        },
        "_lUvYkFqZEDqj06L2WwOcxA": {
          "key": "_lUvYkFqZEDqj06L2WwOcxA",
          "name": "id",
          "type": null,
          "probability": 1,
          "modifiers": [
            "private"
          ],
          "to_variable": {
            "key": "_vUtMMFqaEDqj06L2WwOcxA",
            "name": "id",
            "type": null,
            "modifiers": [
              "private"
            ],
            "position": {}
          },
          "position": {}
        },
        "_t0WCIFqZEDqj06L2WwOcxA": {
          "key": "_t0WCIFqZEDqj06L2WwOcxA",
          "name": "nome",
          "type": null,
          "probability": 1,
          "modifiers": [
            "private"
          ],
          "to_variable": {
            "key": "_9iAN0FqZEDqj06L2WwOcxA",
            "name": "nome",
            "type": null,
            "modifiers": [
              "private"
            ],
            "position": {}
          },
          "position": {}
        }
      }
    },
    "fields_to_fields_data_clump-./Lezione-_yfm3YFqZEDqj06L2WwOcxA-_e0G9IFqZEDqj06L2WwOcxA-dbidnome": {
      "type": "data_clump",
      "key": "fields_to_fields_data_clump-./Lezione-_yfm3YFqZEDqj06L2WwOcxA-_e0G9IFqZEDqj06L2WwOcxA-dbidnome",
      "probability": 1,
      "from_file_path": "./Lezione",
      "from_class_or_interface_name": "Lezione",
      "from_class_or_interface_key": "_yfm3YFqZEDqj06L2WwOcxA",
      "from_method_name": null,
      "from_method_key": null,
      "to_file_path": "./Abbonamento",
      "to_class_or_interface_key": "_e0G9IFqZEDqj06L2WwOcxA",
      "to_class_or_interface_name": "Lezione",
      "to_method_key": null,
      "to_method_name": null,
      "data_clump_type": "fields_to_fields_data_clump",
      "data_clump_data": {
        "_zPy-MFqZEDqj06L2WwOcxA": {
          "key": "_zPy-MFqZEDqj06L2WwOcxA",
          "name": "db",
          "type": null,
          "probability": 1,
          "modifiers": [
            "protected"
          ],
          "to_variable": {
            "key": "_jWjNkFqZEDqj06L2WwOcxA",
            "name": "db",
            "type": null,
            "modifiers": [
              "protected"
            ],
            "position": {}
          },
          "position": {}
        },
        "_00E0YFqZEDqj06L2WwOcxA": {
          "key": "_00E0YFqZEDqj06L2WwOcxA",
          "name": "id",
          "type": null,
          "probability": 1,
          "modifiers": [
            "private"
          ],
          "to_variable": {
            "key": "_lUvYkFqZEDqj06L2WwOcxA",
            "name": "id",
            "type": null,
            "modifiers": [
              "private"
            ],
            "position": {}
          },
          "position": {}
        },
        "_2zpfcFqZEDqj06L2WwOcxA": {
          "key": "_2zpfcFqZEDqj06L2WwOcxA",
          "name": "nome",
          "type": null,
          "probability": 1,
          "modifiers": [
            "private"
          ],
          "to_variable": {
            "key": "_t0WCIFqZEDqj06L2WwOcxA",
            "name": "nome",
            "type": null,
            "modifiers": [
              "private"
            ],
            "position": {}
          },
          "position": {}
        }
      }
    },
    "fields_to_fields_data_clump-./Lezione-_yfm3YFqZEDqj06L2WwOcxA-_6kfT0FqZEDqj06L2WwOcxA-dbidnome": {
      "type": "data_clump",
      "key": "fields_to_fields_data_clump-./Lezione-_yfm3YFqZEDqj06L2WwOcxA-_6kfT0FqZEDqj06L2WwOcxA-dbidnome",
      "probability": 1,
      "from_file_path": "./Lezione",
      "from_class_or_interface_name": "Lezione",
      "from_class_or_interface_key": "_yfm3YFqZEDqj06L2WwOcxA",
      "from_method_name": null,
      "from_method_key": null,
      "to_file_path": "./Stanza",
      "to_class_or_interface_key": "_6kfT0FqZEDqj06L2WwOcxA",
      "to_class_or_interface_name": "Lezione",
      "to_method_key": null,
      "to_method_name": null,
      "data_clump_type": "fields_to_fields_data_clump",
      "data_clump_data": {
        "_zPy-MFqZEDqj06L2WwOcxA": {
          "key": "_zPy-MFqZEDqj06L2WwOcxA",
          "name": "db",
          "type": null,
          "probability": 1,
          "modifiers": [
            "protected"
          ],
          "to_variable": {
            "key": "_7otw8FqZEDqj06L2WwOcxA",
            "name": "db",
            "type": null,
            "modifiers": [
              "protected"
            ],
            "position": {}
          },
          "position": {}
        },
        "_00E0YFqZEDqj06L2WwOcxA": {
          "key": "_00E0YFqZEDqj06L2WwOcxA",
          "name": "id",
          "type": null,
          "probability": 1,
          "modifiers": [
            "private"
          ],
          "to_variable": {
            "key": "_vUtMMFqaEDqj06L2WwOcxA",
            "name": "id",
            "type": null,
            "modifiers": [
              "private"
            ],
            "position": {}
          },
          "position": {}
        },
        "_2zpfcFqZEDqj06L2WwOcxA": {
          "key": "_2zpfcFqZEDqj06L2WwOcxA",
          "name": "nome",
          "type": null,
          "probability": 1,
          "modifiers": [
            "private"
          ],
          "to_variable": {
            "key": "_9iAN0FqZEDqj06L2WwOcxA",
            "name": "nome",
            "type": null,
            "modifiers": [
              "private"
            ],
            "position": {}
          },
          "position": {}
        }
      }
    },
    "fields_to_fields_data_clump-./Stanza-_6kfT0FqZEDqj06L2WwOcxA-_e0G9IFqZEDqj06L2WwOcxA-dbidnome": {
      "type": "data_clump",
      "key": "fields_to_fields_data_clump-./Stanza-_6kfT0FqZEDqj06L2WwOcxA-_e0G9IFqZEDqj06L2WwOcxA-dbidnome",
      "probability": 1,
      "from_file_path": "./Stanza",
      "from_class_or_interface_name": "Stanza",
      "from_class_or_interface_key": "_6kfT0FqZEDqj06L2WwOcxA",
      "from_method_name": null,
      "from_method_key": null,
      "to_file_path": "./Abbonamento",
      "to_class_or_interface_key": "_e0G9IFqZEDqj06L2WwOcxA",
      "to_class_or_interface_name": "Stanza",
      "to_method_key": null,
      "to_method_name": null,
      "data_clump_type": "fields_to_fields_data_clump",
      "data_clump_data": {
        "_7otw8FqZEDqj06L2WwOcxA": {
          "key": "_7otw8FqZEDqj06L2WwOcxA",
          "name": "db",
          "type": null,
          "probability": 1,
          "modifiers": [
            "protected"
          ],
          "to_variable": {
            "key": "_jWjNkFqZEDqj06L2WwOcxA",
            "name": "db",
            "type": null,
            "modifiers": [
              "protected"
            ],
            "position": {}
          },
          "position": {}
        },
        "_vUtMMFqaEDqj06L2WwOcxA": {
          "key": "_vUtMMFqaEDqj06L2WwOcxA",
          "name": "id",
          "type": null,
          "probability": 1,
          "modifiers": [
            "private"
          ],
          "to_variable": {
            "key": "_lUvYkFqZEDqj06L2WwOcxA",
            "name": "id",
            "type": null,
            "modifiers": [
              "private"
            ],
            "position": {}
          },
          "position": {}
        },
        "_9iAN0FqZEDqj06L2WwOcxA": {
          "key": "_9iAN0FqZEDqj06L2WwOcxA",
          "name": "nome",
          "type": null,
          "probability": 1,
          "modifiers": [
            "private"
          ],
          "to_variable": {
            "key": "_t0WCIFqZEDqj06L2WwOcxA",
            "name": "nome",
            "type": null,
            "modifiers": [
              "private"
            ],
            "position": {}
          },
          "position": {}
        }
      }
    },
    "fields_to_fields_data_clump-./Stanza-_6kfT0FqZEDqj06L2WwOcxA-_yfm3YFqZEDqj06L2WwOcxA-dbidnome": {
      "type": "data_clump",
      "key": "fields_to_fields_data_clump-./Stanza-_6kfT0FqZEDqj06L2WwOcxA-_yfm3YFqZEDqj06L2WwOcxA-dbidnome",
      "probability": 1,
      "from_file_path": "./Stanza",
      "from_class_or_interface_name": "Stanza",
      "from_class_or_interface_key": "_6kfT0FqZEDqj06L2WwOcxA",
      "from_method_name": null,
      "from_method_key": null,
      "to_file_path": "./Lezione",
      "to_class_or_interface_key": "_yfm3YFqZEDqj06L2WwOcxA",
      "to_class_or_interface_name": "Stanza",
      "to_method_key": null,
      "to_method_name": null,
      "data_clump_type": "fields_to_fields_data_clump",
      "data_clump_data": {
        "_7otw8FqZEDqj06L2WwOcxA": {
          "key": "_7otw8FqZEDqj06L2WwOcxA",
          "name": "db",
          "type": null,
          "probability": 1,
          "modifiers": [
            "protected"
          ],
          "to_variable": {
            "key": "_zPy-MFqZEDqj06L2WwOcxA",
            "name": "db",
            "type": null,
            "modifiers": [
              "protected"
            ],
            "position": {}
          },
          "position": {}
        },
        "_vUtMMFqaEDqj06L2WwOcxA": {
          "key": "_vUtMMFqaEDqj06L2WwOcxA",
          "name": "id",
          "type": null,
          "probability": 1,
          "modifiers": [
            "private"
          ],
          "to_variable": {
            "key": "_00E0YFqZEDqj06L2WwOcxA",
            "name": "id",
            "type": null,
            "modifiers": [
              "private"
            ],
            "position": {}
          },
          "position": {}
        },
        "_9iAN0FqZEDqj06L2WwOcxA": {
          "key": "_9iAN0FqZEDqj06L2WwOcxA",
          "name": "nome",
          "type": null,
          "probability": 1,
          "modifiers": [
            "private"
          ],
          "to_variable": {
            "key": "_2zpfcFqZEDqj06L2WwOcxA",
            "name": "nome",
            "type": null,
            "modifiers": [
              "private"
            ],
            "position": {}
          },
          "position": {}
        }
      }
    }
  }
}