{
  "report_version": "unknown",
  "report_timestamp": "2025-03-26T23:08:47.466Z",
  "target_language": "java",
  "report_summary": {
    "additional": null,
    "amount_classes_or_interfaces_with_data_clumps": 4,
    "amount_files_with_data_clumps": 4,
    "amount_methods_with_data_clumps": 5,
    "fields_to_fields_data_clump": 0,
    "parameters_to_fields_data_clump": 0,
    "parameters_to_parameters_data_clump": 8,
    "amount_data_clumps": 8
  },
  "project_info": {
    "project_url": "unknown_project_url",
    "project_name": "_dRJmcEjIEemcCbHu8oEdZw",
    "project_version": "unknown_project_version",
    "project_commit_hash": "unknown",
    "project_tag": null,
    "project_commit_date": null,
    "additional": {},
    "number_of_files": 6,
    "number_of_classes_or_interfaces": 6,
    "number_of_methods": 19,
    "number_of_data_fields": 22,
    "number_of_method_parameters": 33
  },
  "detector": {
    "name": "data-clumps-doctor",
    "url": "https://github.com/NilsBaumgartner1994/data-clumps-doctor",
    "version": "0.1.100",
    "options": {
      "typeVariablesConsidered": false,
      "similarityModifierOfVariablesWithUnknownType": 0,
      "fieldsOfClassesWithUnknownHierarchyProbabilityModifier": 0,
      "sharedFieldsToFieldsAmountMinimum": 3,
      "analyseFieldsInClassesOrInterfacesInheritedFromSuperClassesOrInterfaces": false,
      "sharedParametersToParametersAmountMinimum": 3,
      "sharedParametersToFieldsAmountMinimum": 3,
      "methodsOfClassesOrInterfacesWithUnknownHierarchyProbabilityModifier": 0
    }
  },
  "data_clumps": {
    "parameters_to_parameters_data_clump-./cFootballer-_u1nlIDXwEDeru4KsfXFWVQ-_Lw364DXuEDeru4KsfXFWVQ-_pName_pSurname_pBirthDate": {
      "type": "data_clump",
      "key": "parameters_to_parameters_data_clump-./cFootballer-_u1nlIDXwEDeru4KsfXFWVQ-_Lw364DXuEDeru4KsfXFWVQ-_pName_pSurname_pBirthDate",
      "probability": 1,
      "from_file_path": "./cFootballer",
      "from_class_or_interface_name": "cFootballer",
      "from_class_or_interface_key": "_6WA7oTXvEDeru4KsfXFWVQ",
      "from_method_name": "cFootballer",
      "from_method_key": "_u1nlIDXwEDeru4KsfXFWVQ",
      "to_file_path": "./cPerson",
      "to_class_or_interface_name": "cPerson",
      "to_class_or_interface_key": "_6LBegTXtEDeru4KsfXFWVQ",
      "to_method_name": "cPerson",
      "to_method_key": "_Lw364DXuEDeru4KsfXFWVQ",
      "data_clump_type": "parameters_to_parameters_data_clump",
      "data_clump_data": {
        "_u1nlITXwEDeru4KsfXFWVQ": {
          "key": "_u1nlITXwEDeru4KsfXFWVQ",
          "name": "_pName",
          "type": null,
          "probability": 1,
          "modifiers": [],
          "to_variable": {
            "key": "_NNRAYDXuEDeru4KsfXFWVQ",
            "name": "_pName",
            "type": null,
            "modifiers": [],
            "position": {}
          },
          "position": {}
        },
        "_u1oMMDXwEDeru4KsfXFWVQ": {
          "key": "_u1oMMDXwEDeru4KsfXFWVQ",
          "name": "_pSurname",
          "type": null,
          "probability": 1,
          "modifiers": [],
          "to_variable": {
            "key": "_NZQ1ADXuEDeru4KsfXFWVQ",
            "name": "_pSurname",
            "type": null,
            "modifiers": [],
            "position": {}
          },
          "position": {}
        },
        "_u1oMMTXwEDeru4KsfXFWVQ": {
          "key": "_u1oMMTXwEDeru4KsfXFWVQ",
          "name": "_pBirthDate",
          "type": null,
          "probability": 1,
          "modifiers": [],
          "to_variable": {
            "key": "_NuBkEDXuEDeru4KsfXFWVQ",
            "name": "_pBirthDate",
            "type": null,
            "modifiers": [],
            "position": {}
          },
          "position": {}
        }
      }
    },
    "parameters_to_parameters_data_clump-./cFootballer-_u1nlIDXwEDeru4KsfXFWVQ-__t-7UDXuEDeru4KsfXFWVQ-_pName_pSurname_pBirthDate": {
      "type": "data_clump",
      "key": "parameters_to_parameters_data_clump-./cFootballer-_u1nlIDXwEDeru4KsfXFWVQ-__t-7UDXuEDeru4KsfXFWVQ-_pName_pSurname_pBirthDate",
      "probability": 1,
      "from_file_path": "./cFootballer",
      "from_class_or_interface_name": "cFootballer",
      "from_class_or_interface_key": "_6WA7oTXvEDeru4KsfXFWVQ",
      "from_method_name": "cFootballer",
      "from_method_key": "_u1nlIDXwEDeru4KsfXFWVQ",
      "to_file_path": "./cStudent",
      "to_class_or_interface_name": "cStudent",
      "to_class_or_interface_key": "_u_HKQTXuEDeru4KsfXFWVQ",
      "to_method_name": "cStudent",
      "to_method_key": "__t-7UDXuEDeru4KsfXFWVQ",
      "data_clump_type": "parameters_to_parameters_data_clump",
      "data_clump_data": {
        "_u1nlITXwEDeru4KsfXFWVQ": {
          "key": "_u1nlITXwEDeru4KsfXFWVQ",
          "name": "_pName",
          "type": null,
          "probability": 1,
          "modifiers": [],
          "to_variable": {
            "key": "_AarCMDXvEDeru4KsfXFWVQ",
            "name": "_pName",
            "type": null,
            "modifiers": [],
            "position": {}
          },
          "position": {}
        },
        "_u1oMMDXwEDeru4KsfXFWVQ": {
          "key": "_u1oMMDXwEDeru4KsfXFWVQ",
          "name": "_pSurname",
          "type": null,
          "probability": 1,
          "modifiers": [],
          "to_variable": {
            "key": "_Af5gcDXvEDeru4KsfXFWVQ",
            "name": "_pSurname",
            "type": null,
            "modifiers": [],
            "position": {}
          },
          "position": {}
        },
        "_u1oMMTXwEDeru4KsfXFWVQ": {
          "key": "_u1oMMTXwEDeru4KsfXFWVQ",
          "name": "_pBirthDate",
          "type": null,
          "probability": 1,
          "modifiers": [],
          "to_variable": {
            "key": "_Asd80DXvEDeru4KsfXFWVQ",
            "name": "_pBirthDate",
            "type": null,
            "modifiers": [],
            "position": {}
          },
          "position": {}
        }
      }
    },
    "parameters_to_parameters_data_clump-./cGrades-_eoWYYTYIEDeru4KsfXFWVQ-_FO3LIDYJEDeru4KsfXFWVQ-_className_gradeDate_gradeValue": {
      "type": "data_clump",
      "key": "parameters_to_parameters_data_clump-./cGrades-_eoWYYTYIEDeru4KsfXFWVQ-_FO3LIDYJEDeru4KsfXFWVQ-_className_gradeDate_gradeValue",
      "probability": 1,
      "from_file_path": "./cGrades",
      "from_class_or_interface_name": "cGrades",
      "from_class_or_interface_key": "_wVAwwTXvEDeru4KsfXFWVQ",
      "from_method_name": "cGrades",
      "from_method_key": "_eoWYYTYIEDeru4KsfXFWVQ",
      "to_file_path": "./cStudent",
      "to_class_or_interface_name": "cStudent",
      "to_class_or_interface_key": "_u_HKQTXuEDeru4KsfXFWVQ",
      "to_method_name": "addGrade",
      "to_method_key": "_FO3LIDYJEDeru4KsfXFWVQ",
      "data_clump_type": "parameters_to_parameters_data_clump",
      "data_clump_data": {
        "_ijpJQDYIEDeru4KsfXFWVQ": {
          "key": "_ijpJQDYIEDeru4KsfXFWVQ",
          "name": "_className",
          "type": null,
          "probability": 1,
          "modifiers": [],
          "to_variable": {
            "key": "_FO3LITYJEDeru4KsfXFWVQ",
            "name": "_className",
            "type": null,
            "modifiers": [],
            "position": {}
          },
          "position": {}
        },
        "_iqhNUDYIEDeru4KsfXFWVQ": {
          "key": "_iqhNUDYIEDeru4KsfXFWVQ",
          "name": "_gradeDate",
          "type": null,
          "probability": 1,
          "modifiers": [],
          "to_variable": {
            "key": "_FO3LIjYJEDeru4KsfXFWVQ",
            "name": "_gradeDate",
            "type": null,
            "modifiers": [],
            "position": {}
          },
          "position": {}
        },
        "_iuj_0DYIEDeru4KsfXFWVQ": {
          "key": "_iuj_0DYIEDeru4KsfXFWVQ",
          "name": "_gradeValue",
          "type": null,
          "probability": 1,
          "modifiers": [],
          "to_variable": {
            "key": "_FO3LIzYJEDeru4KsfXFWVQ",
            "name": "_gradeValue",
            "type": null,
            "modifiers": [],
            "position": {}
          },
          "position": {}
        }
      }
    },
    "parameters_to_parameters_data_clump-./cPerson-_Lw364DXuEDeru4KsfXFWVQ-_u1nlIDXwEDeru4KsfXFWVQ-_pName_pSurname_pBirthDate": {
      "type": "data_clump",
      "key": "parameters_to_parameters_data_clump-./cPerson-_Lw364DXuEDeru4KsfXFWVQ-_u1nlIDXwEDeru4KsfXFWVQ-_pName_pSurname_pBirthDate",
      "probability": 1,
      "from_file_path": "./cPerson",
      "from_class_or_interface_name": "cPerson",
      "from_class_or_interface_key": "_6LBegTXtEDeru4KsfXFWVQ",
      "from_method_name": "cPerson",
      "from_method_key": "_Lw364DXuEDeru4KsfXFWVQ",
      "to_file_path": "./cFootballer",
      "to_class_or_interface_name": "cFootballer",
      "to_class_or_interface_key": "_6WA7oTXvEDeru4KsfXFWVQ",
      "to_method_name": "cFootballer",
      "to_method_key": "_u1nlIDXwEDeru4KsfXFWVQ",
      "data_clump_type": "parameters_to_parameters_data_clump",
      "data_clump_data": {
        "_NNRAYDXuEDeru4KsfXFWVQ": {
          "key": "_NNRAYDXuEDeru4KsfXFWVQ",
          "name": "_pName",
          "type": null,
          "probability": 1,
          "modifiers": [],
          "to_variable": {
            "key": "_u1nlITXwEDeru4KsfXFWVQ",
            "name": "_pName",
            "type": null,
            "modifiers": [],
            "position": {}
          },
          "position": {}
        },
        "_NZQ1ADXuEDeru4KsfXFWVQ": {
          "key": "_NZQ1ADXuEDeru4KsfXFWVQ",
          "name": "_pSurname",
          "type": null,
          "probability": 1,
          "modifiers": [],
          "to_variable": {
            "key": "_u1oMMDXwEDeru4KsfXFWVQ",
            "name": "_pSurname",
            "type": null,
            "modifiers": [],
            "position": {}
          },
          "position": {}
        },
        "_NuBkEDXuEDeru4KsfXFWVQ": {
          "key": "_NuBkEDXuEDeru4KsfXFWVQ",
          "name": "_pBirthDate",
          "type": null,
          "probability": 1,
          "modifiers": [],
          "to_variable": {
            "key": "_u1oMMTXwEDeru4KsfXFWVQ",
            "name": "_pBirthDate",
            "type": null,
            "modifiers": [],
            "position": {}
          },
          "position": {}
        }
      }
    },
    "parameters_to_parameters_data_clump-./cPerson-_Lw364DXuEDeru4KsfXFWVQ-__t-7UDXuEDeru4KsfXFWVQ-_pName_pSurname_pBirthDate": {
      "type": "data_clump",
      "key": "parameters_to_parameters_data_clump-./cPerson-_Lw364DXuEDeru4KsfXFWVQ-__t-7UDXuEDeru4KsfXFWVQ-_pName_pSurname_pBirthDate",
      "probability": 1,
      "from_file_path": "./cPerson",
      "from_class_or_interface_name": "cPerson",
      "from_class_or_interface_key": "_6LBegTXtEDeru4KsfXFWVQ",
      "from_method_name": "cPerson",
      "from_method_key": "_Lw364DXuEDeru4KsfXFWVQ",
      "to_file_path": "./cStudent",
      "to_class_or_interface_name": "cStudent",
      "to_class_or_interface_key": "_u_HKQTXuEDeru4KsfXFWVQ",
      "to_method_name": "cStudent",
      "to_method_key": "__t-7UDXuEDeru4KsfXFWVQ",
      "data_clump_type": "parameters_to_parameters_data_clump",
      "data_clump_data": {
        "_NNRAYDXuEDeru4KsfXFWVQ": {
          "key": "_NNRAYDXuEDeru4KsfXFWVQ",
          "name": "_pName",
          "type": null,
          "probability": 1,
          "modifiers": [],
          "to_variable": {
            "key": "_AarCMDXvEDeru4KsfXFWVQ",
            "name": "_pName",
            "type": null,
            "modifiers": [],
            "position": {}
          },
          "position": {}
        },
        "_NZQ1ADXuEDeru4KsfXFWVQ": {
          "key": "_NZQ1ADXuEDeru4KsfXFWVQ",
          "name": "_pSurname",
          "type": null,
          "probability": 1,
          "modifiers": [],
          "to_variable": {
            "key": "_Af5gcDXvEDeru4KsfXFWVQ",
            "name": "_pSurname",
            "type": null,
            "modifiers": [],
            "position": {}
          },
          "position": {}
        },
        "_NuBkEDXuEDeru4KsfXFWVQ": {
          "key": "_NuBkEDXuEDeru4KsfXFWVQ",
          "name": "_pBirthDate",
          "type": null,
          "probability": 1,
          "modifiers": [],
          "to_variable": {
            "key": "_Asd80DXvEDeru4KsfXFWVQ",
            "name": "_pBirthDate",
            "type": null,
            "modifiers": [],
            "position": {}
          },
          "position": {}
        }
      }
    },
    "parameters_to_parameters_data_clump-./cStudent-__t-7UDXuEDeru4KsfXFWVQ-_u1nlIDXwEDeru4KsfXFWVQ-_pName_pSurname_pBirthDate": {
      "type": "data_clump",
      "key": "parameters_to_parameters_data_clump-./cStudent-__t-7UDXuEDeru4KsfXFWVQ-_u1nlIDXwEDeru4KsfXFWVQ-_pName_pSurname_pBirthDate",
      "probability": 1,
      "from_file_path": "./cStudent",
      "from_class_or_interface_name": "cStudent",
      "from_class_or_interface_key": "_u_HKQTXuEDeru4KsfXFWVQ",
      "from_method_name": "cStudent",
      "from_method_key": "__t-7UDXuEDeru4KsfXFWVQ",
      "to_file_path": "./cFootballer",
      "to_class_or_interface_name": "cFootballer",
      "to_class_or_interface_key": "_6WA7oTXvEDeru4KsfXFWVQ",
      "to_method_name": "cFootballer",
      "to_method_key": "_u1nlIDXwEDeru4KsfXFWVQ",
      "data_clump_type": "parameters_to_parameters_data_clump",
      "data_clump_data": {
        "_AarCMDXvEDeru4KsfXFWVQ": {
          "key": "_AarCMDXvEDeru4KsfXFWVQ",
          "name": "_pName",
          "type": null,
          "probability": 1,
          "modifiers": [],
          "to_variable": {
            "key": "_u1nlITXwEDeru4KsfXFWVQ",
            "name": "_pName",
            "type": null,
            "modifiers": [],
            "position": {}
          },
          "position": {}
        },
        "_Af5gcDXvEDeru4KsfXFWVQ": {
          "key": "_Af5gcDXvEDeru4KsfXFWVQ",
          "name": "_pSurname",
          "type": null,
          "probability": 1,
          "modifiers": [],
          "to_variable": {
            "key": "_u1oMMDXwEDeru4KsfXFWVQ",
            "name": "_pSurname",
            "type": null,
            "modifiers": [],
            "position": {}
          },
          "position": {}
        },
        "_Asd80DXvEDeru4KsfXFWVQ": {
          "key": "_Asd80DXvEDeru4KsfXFWVQ",
          "name": "_pBirthDate",
          "type": null,
          "probability": 1,
          "modifiers": [],
          "to_variable": {
            "key": "_u1oMMTXwEDeru4KsfXFWVQ",
            "name": "_pBirthDate",
            "type": null,
            "modifiers": [],
            "position": {}
          },
          "position": {}
        }
      }
    },
    "parameters_to_parameters_data_clump-./cStudent-__t-7UDXuEDeru4KsfXFWVQ-_Lw364DXuEDeru4KsfXFWVQ-_pName_pSurname_pBirthDate": {
      "type": "data_clump",
      "key": "parameters_to_parameters_data_clump-./cStudent-__t-7UDXuEDeru4KsfXFWVQ-_Lw364DXuEDeru4KsfXFWVQ-_pName_pSurname_pBirthDate",
      "probability": 1,
      "from_file_path": "./cStudent",
      "from_class_or_interface_name": "cStudent",
      "from_class_or_interface_key": "_u_HKQTXuEDeru4KsfXFWVQ",
      "from_method_name": "cStudent",
      "from_method_key": "__t-7UDXuEDeru4KsfXFWVQ",
      "to_file_path": "./cPerson",
      "to_class_or_interface_name": "cPerson",
      "to_class_or_interface_key": "_6LBegTXtEDeru4KsfXFWVQ",
      "to_method_name": "cPerson",
      "to_method_key": "_Lw364DXuEDeru4KsfXFWVQ",
      "data_clump_type": "parameters_to_parameters_data_clump",
      "data_clump_data": {
        "_AarCMDXvEDeru4KsfXFWVQ": {
          "key": "_AarCMDXvEDeru4KsfXFWVQ",
          "name": "_pName",
          "type": null,
          "probability": 1,
          "modifiers": [],
          "to_variable": {
            "key": "_NNRAYDXuEDeru4KsfXFWVQ",
            "name": "_pName",
            "type": null,
            "modifiers": [],
            "position": {}
          },
          "position": {}
        },
        "_Af5gcDXvEDeru4KsfXFWVQ": {
          "key": "_Af5gcDXvEDeru4KsfXFWVQ",
          "name": "_pSurname",
          "type": null,
          "probability": 1,
          "modifiers": [],
          "to_variable": {
            "key": "_NZQ1ADXuEDeru4KsfXFWVQ",
            "name": "_pSurname",
            "type": null,
            "modifiers": [],
            "position": {}
          },
          "position": {}
        },
        "_Asd80DXvEDeru4KsfXFWVQ": {
          "key": "_Asd80DXvEDeru4KsfXFWVQ",
          "name": "_pBirthDate",
          "type": null,
          "probability": 1,
          "modifiers": [],
          "to_variable": {
            "key": "_NuBkEDXuEDeru4KsfXFWVQ",
            "name": "_pBirthDate",
            "type": null,
            "modifiers": [],
            "position": {}
          },
          "position": {}
        }
      }
    },
    "parameters_to_parameters_data_clump-./cStudent-_FO3LIDYJEDeru4KsfXFWVQ-_eoWYYTYIEDeru4KsfXFWVQ-_className_gradeDate_gradeValue": {
      "type": "data_clump",
      "key": "parameters_to_parameters_data_clump-./cStudent-_FO3LIDYJEDeru4KsfXFWVQ-_eoWYYTYIEDeru4KsfXFWVQ-_className_gradeDate_gradeValue",
      "probability": 1,
      "from_file_path": "./cStudent",
      "from_class_or_interface_name": "cStudent",
      "from_class_or_interface_key": "_u_HKQTXuEDeru4KsfXFWVQ",
      "from_method_name": "addGrade",
      "from_method_key": "_FO3LIDYJEDeru4KsfXFWVQ",
      "to_file_path": "./cGrades",
      "to_class_or_interface_name": "cGrades",
      "to_class_or_interface_key": "_wVAwwTXvEDeru4KsfXFWVQ",
      "to_method_name": "cGrades",
      "to_method_key": "_eoWYYTYIEDeru4KsfXFWVQ",
      "data_clump_type": "parameters_to_parameters_data_clump",
      "data_clump_data": {
        "_FO3LITYJEDeru4KsfXFWVQ": {
          "key": "_FO3LITYJEDeru4KsfXFWVQ",
          "name": "_className",
          "type": null,
          "probability": 1,
          "modifiers": [],
          "to_variable": {
            "key": "_ijpJQDYIEDeru4KsfXFWVQ",
            "name": "_className",
            "type": null,
            "modifiers": [],
            "position": {}
          },
          "position": {}
        },
        "_FO3LIjYJEDeru4KsfXFWVQ": {
          "key": "_FO3LIjYJEDeru4KsfXFWVQ",
          "name": "_gradeDate",
          "type": null,
          "probability": 1,
          "modifiers": [],
          "to_variable": {
            "key": "_iqhNUDYIEDeru4KsfXFWVQ",
            "name": "_gradeDate",
            "type": null,
            "modifiers": [],
            "position": {}
          },
          "position": {}
        },
        "_FO3LIzYJEDeru4KsfXFWVQ": {
          "key": "_FO3LIzYJEDeru4KsfXFWVQ",
          "name": "_gradeValue",
          "type": null,
          "probability": 1,
          "modifiers": [],
          "to_variable": {
            "key": "_iuj_0DYIEDeru4KsfXFWVQ",
            "name": "_gradeValue",
            "type": null,
            "modifiers": [],
            "position": {}
          },
          "position": {}
        }
      }
    }
  }
}