{
  "report_version": "unknown",
  "report_timestamp": "2025-03-26T21:55:30.550Z",
  "target_language": "java",
  "report_summary": {
    "additional": null,
    "amount_classes_or_interfaces_with_data_clumps": 3,
    "amount_files_with_data_clumps": 3,
    "amount_methods_with_data_clumps": 0,
    "fields_to_fields_data_clump": 4,
    "parameters_to_fields_data_clump": 0,
    "parameters_to_parameters_data_clump": 0,
    "amount_data_clumps": 4
  },
  "project_info": {
    "project_url": "unknown_project_url",
    "project_name": "_tyo9MCS1EemcRoPW7FVMlA",
    "project_version": "unknown_project_version",
    "project_commit_hash": "unknown",
    "project_tag": null,
    "project_commit_date": null,
    "additional": {},
    "number_of_files": 5,
    "number_of_classes_or_interfaces": 5,
    "number_of_methods": 8,
    "number_of_data_fields": 31,
    "number_of_method_parameters": 0
  },
  "detector": {
    "name": "data-clumps-doctor",
    "url": "https://github.com/NilsBaumgartner1994/data-clumps-doctor",
    "version": "0.1.100",
    "options": {
      "typeVariablesConsidered": false,
      "similarityModifierOfVariablesWithUnknownType": 0,
      "fieldsOfClassesWithUnknownHierarchyProbabilityModifier": 0,
      "sharedFieldsToFieldsAmountMinimum": 3,
      "analyseFieldsInClassesOrInterfacesInheritedFromSuperClassesOrInterfaces": false,
      "sharedParametersToParametersAmountMinimum": 3,
      "sharedParametersToFieldsAmountMinimum": 3,
      "methodsOfClassesOrInterfacesWithUnknownHierarchyProbabilityModifier": 0
    }
  },
  "data_clumps": {
    "fields_to_fields_data_clump-./Flight-_QLjQUQbkEDehdfwChARXCw-_1AuBQAbkEDehdfwChARXCw-Flightnumberpricedestinationarrivaldate": {
      "type": "data_clump",
      "key": "fields_to_fields_data_clump-./Flight-_QLjQUQbkEDehdfwChARXCw-_1AuBQAbkEDehdfwChARXCw-Flightnumberpricedestinationarrivaldate",
      "probability": 1,
      "from_file_path": "./Flight",
      "from_class_or_interface_name": "Flight",
      "from_class_or_interface_key": "_QLjQUQbkEDehdfwChARXCw",
      "from_method_name": null,
      "from_method_key": null,
      "to_file_path": "./Ticket",
      "to_class_or_interface_key": "_1AuBQAbkEDehdfwChARXCw",
      "to_class_or_interface_name": "Flight",
      "to_method_key": null,
      "to_method_name": null,
      "data_clump_type": "fields_to_fields_data_clump",
      "data_clump_data": {
        "_ScafsAbkEDehdfwChARXCw": {
          "key": "_ScafsAbkEDehdfwChARXCw",
          "name": "Flightnumber",
          "type": null,
          "probability": 1,
          "modifiers": [
            "public"
          ],
          "to_variable": {
            "key": "_3iI1IQbkEDehdfwChARXCw",
            "name": "Flightnumber",
            "type": null,
            "modifiers": [
              "public"
            ],
            "position": {}
          },
          "position": {}
        },
        "_S0zxkAbkEDehdfwChARXCw": {
          "key": "_S0zxkAbkEDehdfwChARXCw",
          "name": "price",
          "type": null,
          "probability": 1,
          "modifiers": [
            "public"
          ],
          "to_variable": {
            "key": "_3LYiAAbkEDehdfwChARXCw",
            "name": "price",
            "type": null,
            "modifiers": [
              "public"
            ],
            "position": {}
          },
          "position": {}
        },
        "_TDQdQAbkEDehdfwChARXCw": {
          "key": "_TDQdQAbkEDehdfwChARXCw",
          "name": "destination",
          "type": null,
          "probability": 1,
          "modifiers": [
            "public"
          ],
          "to_variable": {
            "key": "_3w3NoAbkEDehdfwChARXCw",
            "name": "destination",
            "type": null,
            "modifiers": [
              "public"
            ],
            "position": {}
          },
          "position": {}
        },
        "_TKcqYAbkEDehdfwChARXCw": {
          "key": "_TKcqYAbkEDehdfwChARXCw",
          "name": "arrival",
          "type": null,
          "probability": 1,
          "modifiers": [
            "public"
          ],
          "to_variable": {
            "key": "_32bqIQbkEDehdfwChARXCw",
            "name": "arrival",
            "type": null,
            "modifiers": [
              "public"
            ],
            "position": {}
          },
          "position": {}
        },
        "_TQaIcAbkEDehdfwChARXCw": {
          "key": "_TQaIcAbkEDehdfwChARXCw",
          "name": "date",
          "type": null,
          "probability": 1,
          "modifiers": [
            "public"
          ],
          "to_variable": {
            "key": "_3XC_cAbkEDehdfwChARXCw",
            "name": "date",
            "type": null,
            "modifiers": [
              "public"
            ],
            "position": {}
          },
          "position": {}
        }
      }
    },
    "fields_to_fields_data_clump-./Payment-_espFwQblEDehdfwChARXCw-_1AuBQAbkEDehdfwChARXCw-Ticketnumberusernamepricedate": {
      "type": "data_clump",
      "key": "fields_to_fields_data_clump-./Payment-_espFwQblEDehdfwChARXCw-_1AuBQAbkEDehdfwChARXCw-Ticketnumberusernamepricedate",
      "probability": 1,
      "from_file_path": "./Payment",
      "from_class_or_interface_name": "Payment",
      "from_class_or_interface_key": "_espFwQblEDehdfwChARXCw",
      "from_method_name": null,
      "from_method_key": null,
      "to_file_path": "./Ticket",
      "to_class_or_interface_key": "_1AuBQAbkEDehdfwChARXCw",
      "to_class_or_interface_name": "Payment",
      "to_method_key": null,
      "to_method_name": null,
      "data_clump_type": "fields_to_fields_data_clump",
      "data_clump_data": {
        "_jtmeMAblEDehdfwChARXCw": {
          "key": "_jtmeMAblEDehdfwChARXCw",
          "name": "Ticketnumber",
          "type": null,
          "probability": 1,
          "modifiers": [
            "public"
          ],
          "to_variable": {
            "key": "_27Li0AbkEDehdfwChARXCw",
            "name": "Ticketnumber",
            "type": null,
            "modifiers": [
              "public"
            ],
            "position": {}
          },
          "position": {}
        },
        "_j9bC4AblEDehdfwChARXCw": {
          "key": "_j9bC4AblEDehdfwChARXCw",
          "name": "username",
          "type": null,
          "probability": 1,
          "modifiers": [
            "public"
          ],
          "to_variable": {
            "key": "_38bkcAbkEDehdfwChARXCw",
            "name": "username",
            "type": null,
            "modifiers": [
              "public"
            ],
            "position": {}
          },
          "position": {}
        },
        "_kFR-YAblEDehdfwChARXCw": {
          "key": "_kFR-YAblEDehdfwChARXCw",
          "name": "price",
          "type": null,
          "probability": 1,
          "modifiers": [
            "public"
          ],
          "to_variable": {
            "key": "_3LYiAAbkEDehdfwChARXCw",
            "name": "price",
            "type": null,
            "modifiers": [
              "public"
            ],
            "position": {}
          },
          "position": {}
        },
        "_kK3B8QblEDehdfwChARXCw": {
          "key": "_kK3B8QblEDehdfwChARXCw",
          "name": "date",
          "type": null,
          "probability": 1,
          "modifiers": [
            "public"
          ],
          "to_variable": {
            "key": "_3XC_cAbkEDehdfwChARXCw",
            "name": "date",
            "type": null,
            "modifiers": [
              "public"
            ],
            "position": {}
          },
          "position": {}
        }
      }
    },
    "fields_to_fields_data_clump-./Ticket-_1AuBQAbkEDehdfwChARXCw-_QLjQUQbkEDehdfwChARXCw-pricedateFlightnumberdestinationarrival": {
      "type": "data_clump",
      "key": "fields_to_fields_data_clump-./Ticket-_1AuBQAbkEDehdfwChARXCw-_QLjQUQbkEDehdfwChARXCw-pricedateFlightnumberdestinationarrival",
      "probability": 1,
      "from_file_path": "./Ticket",
      "from_class_or_interface_name": "Ticket",
      "from_class_or_interface_key": "_1AuBQAbkEDehdfwChARXCw",
      "from_method_name": null,
      "from_method_key": null,
      "to_file_path": "./Flight",
      "to_class_or_interface_key": "_QLjQUQbkEDehdfwChARXCw",
      "to_class_or_interface_name": "Ticket",
      "to_method_key": null,
      "to_method_name": null,
      "data_clump_type": "fields_to_fields_data_clump",
      "data_clump_data": {
        "_3LYiAAbkEDehdfwChARXCw": {
          "key": "_3LYiAAbkEDehdfwChARXCw",
          "name": "price",
          "type": null,
          "probability": 1,
          "modifiers": [
            "public"
          ],
          "to_variable": {
            "key": "_S0zxkAbkEDehdfwChARXCw",
            "name": "price",
            "type": null,
            "modifiers": [
              "public"
            ],
            "position": {}
          },
          "position": {}
        },
        "_3XC_cAbkEDehdfwChARXCw": {
          "key": "_3XC_cAbkEDehdfwChARXCw",
          "name": "date",
          "type": null,
          "probability": 1,
          "modifiers": [
            "public"
          ],
          "to_variable": {
            "key": "_TQaIcAbkEDehdfwChARXCw",
            "name": "date",
            "type": null,
            "modifiers": [
              "public"
            ],
            "position": {}
          },
          "position": {}
        },
        "_3iI1IQbkEDehdfwChARXCw": {
          "key": "_3iI1IQbkEDehdfwChARXCw",
          "name": "Flightnumber",
          "type": null,
          "probability": 1,
          "modifiers": [
            "public"
          ],
          "to_variable": {
            "key": "_ScafsAbkEDehdfwChARXCw",
            "name": "Flightnumber",
            "type": null,
            "modifiers": [
              "public"
            ],
            "position": {}
          },
          "position": {}
        },
        "_3w3NoAbkEDehdfwChARXCw": {
          "key": "_3w3NoAbkEDehdfwChARXCw",
          "name": "destination",
          "type": null,
          "probability": 1,
          "modifiers": [
            "public"
          ],
          "to_variable": {
            "key": "_TDQdQAbkEDehdfwChARXCw",
            "name": "destination",
            "type": null,
            "modifiers": [
              "public"
            ],
            "position": {}
          },
          "position": {}
        },
        "_32bqIQbkEDehdfwChARXCw": {
          "key": "_32bqIQbkEDehdfwChARXCw",
          "name": "arrival",
          "type": null,
          "probability": 1,
          "modifiers": [
            "public"
          ],
          "to_variable": {
            "key": "_TKcqYAbkEDehdfwChARXCw",
            "name": "arrival",
            "type": null,
            "modifiers": [
              "public"
            ],
            "position": {}
          },
          "position": {}
        }
      }
    },
    "fields_to_fields_data_clump-./Ticket-_1AuBQAbkEDehdfwChARXCw-_espFwQblEDehdfwChARXCw-Ticketnumberpricedateusername": {
      "type": "data_clump",
      "key": "fields_to_fields_data_clump-./Ticket-_1AuBQAbkEDehdfwChARXCw-_espFwQblEDehdfwChARXCw-Ticketnumberpricedateusername",
      "probability": 1,
      "from_file_path": "./Ticket",
      "from_class_or_interface_name": "Ticket",
      "from_class_or_interface_key": "_1AuBQAbkEDehdfwChARXCw",
      "from_method_name": null,
      "from_method_key": null,
      "to_file_path": "./Payment",
      "to_class_or_interface_key": "_espFwQblEDehdfwChARXCw",
      "to_class_or_interface_name": "Ticket",
      "to_method_key": null,
      "to_method_name": null,
      "data_clump_type": "fields_to_fields_data_clump",
      "data_clump_data": {
        "_27Li0AbkEDehdfwChARXCw": {
          "key": "_27Li0AbkEDehdfwChARXCw",
          "name": "Ticketnumber",
          "type": null,
          "probability": 1,
          "modifiers": [
            "public"
          ],
          "to_variable": {
            "key": "_jtmeMAblEDehdfwChARXCw",
            "name": "Ticketnumber",
            "type": null,
            "modifiers": [
              "public"
            ],
            "position": {}
          },
          "position": {}
        },
        "_3LYiAAbkEDehdfwChARXCw": {
          "key": "_3LYiAAbkEDehdfwChARXCw",
          "name": "price",
          "type": null,
          "probability": 1,
          "modifiers": [
            "public"
          ],
          "to_variable": {
            "key": "_kFR-YAblEDehdfwChARXCw",
            "name": "price",
            "type": null,
            "modifiers": [
              "public"
            ],
            "position": {}
          },
          "position": {}
        },
        "_3XC_cAbkEDehdfwChARXCw": {
          "key": "_3XC_cAbkEDehdfwChARXCw",
          "name": "date",
          "type": null,
          "probability": 1,
          "modifiers": [
            "public"
          ],
          "to_variable": {
            "key": "_kK3B8QblEDehdfwChARXCw",
            "name": "date",
            "type": null,
            "modifiers": [
              "public"
            ],
            "position": {}
          },
          "position": {}
        },
        "_38bkcAbkEDehdfwChARXCw": {
          "key": "_38bkcAbkEDehdfwChARXCw",
          "name": "username",
          "type": null,
          "probability": 1,
          "modifiers": [
            "public"
          ],
          "to_variable": {
            "key": "_j9bC4AblEDehdfwChARXCw",
            "name": "username",
            "type": null,
            "modifiers": [
              "public"
            ],
            "position": {}
          },
          "position": {}
        }
      }
    }
  }
}