{
  "report_version": "unknown",
  "report_timestamp": "2025-03-26T22:39:54.947Z",
  "target_language": "java",
  "report_summary": {
    "additional": null,
    "amount_classes_or_interfaces_with_data_clumps": 2,
    "amount_files_with_data_clumps": 2,
    "amount_methods_with_data_clumps": 0,
    "fields_to_fields_data_clump": 2,
    "parameters_to_fields_data_clump": 0,
    "parameters_to_parameters_data_clump": 0,
    "amount_data_clumps": 2
  },
  "project_info": {
    "project_url": "unknown_project_url",
    "project_name": "_-JWDkKhFEeuXgcfNRvw02A",
    "project_version": "unknown_project_version",
    "project_commit_hash": "unknown",
    "project_tag": null,
    "project_commit_date": null,
    "additional": {},
    "number_of_files": 4,
    "number_of_classes_or_interfaces": 4,
    "number_of_methods": 7,
    "number_of_data_fields": 16,
    "number_of_method_parameters": 4
  },
  "detector": {
    "name": "data-clumps-doctor",
    "url": "https://github.com/NilsBaumgartner1994/data-clumps-doctor",
    "version": "0.1.100",
    "options": {
      "typeVariablesConsidered": false,
      "similarityModifierOfVariablesWithUnknownType": 0,
      "fieldsOfClassesWithUnknownHierarchyProbabilityModifier": 0,
      "sharedFieldsToFieldsAmountMinimum": 3,
      "analyseFieldsInClassesOrInterfacesInheritedFromSuperClassesOrInterfaces": false,
      "sharedParametersToParametersAmountMinimum": 3,
      "sharedParametersToFieldsAmountMinimum": 3,
      "methodsOfClassesOrInterfacesWithUnknownHierarchyProbabilityModifier": 0
    }
  },
  "data_clumps": {
    "fields_to_fields_data_clump-./Lecturer-_Rb1hcIqFEDmu2--cBr5-xg-_PgcLwIqFEDmu2--cBr5-xg-nameaddressphoneeMail": {
      "type": "data_clump",
      "key": "fields_to_fields_data_clump-./Lecturer-_Rb1hcIqFEDmu2--cBr5-xg-_PgcLwIqFEDmu2--cBr5-xg-nameaddressphoneeMail",
      "probability": 1,
      "from_file_path": "./Lecturer",
      "from_class_or_interface_name": "Lecturer",
      "from_class_or_interface_key": "_Rb1hcIqFEDmu2--cBr5-xg",
      "from_method_name": null,
      "from_method_key": null,
      "to_file_path": "./Student",
      "to_class_or_interface_key": "_PgcLwIqFEDmu2--cBr5-xg",
      "to_class_or_interface_name": "Lecturer",
      "to_method_key": null,
      "to_method_name": null,
      "data_clump_type": "fields_to_fields_data_clump",
      "data_clump_data": {
        "_NiMrgYqHEDmu2--cBr5-xg": {
          "key": "_NiMrgYqHEDmu2--cBr5-xg",
          "name": "name",
          "type": null,
          "probability": 1,
          "modifiers": [
            "private"
          ],
          "to_variable": {
            "key": "_ilOugIqJEDmu2--cBr5-xg",
            "name": "name",
            "type": null,
            "modifiers": [
              "private"
            ],
            "position": {}
          },
          "position": {}
        },
        "_Nv_28YqHEDmu2--cBr5-xg": {
          "key": "_Nv_28YqHEDmu2--cBr5-xg",
          "name": "address",
          "type": null,
          "probability": 1,
          "modifiers": [
            "private"
          ],
          "to_variable": {
            "key": "_ilPVkIqJEDmu2--cBr5-xg",
            "name": "address",
            "type": null,
            "modifiers": [
              "private"
            ],
            "position": {}
          },
          "position": {}
        },
        "_TPLKgIqJEDmu2--cBr5-xg": {
          "key": "_TPLKgIqJEDmu2--cBr5-xg",
          "name": "phone",
          "type": null,
          "probability": 1,
          "modifiers": [
            "private"
          ],
          "to_variable": {
            "key": "_ilPVkYqJEDmu2--cBr5-xg",
            "name": "phone",
            "type": null,
            "modifiers": [
              "private"
            ],
            "position": {}
          },
          "position": {}
        },
        "_TkPbkIqJEDmu2--cBr5-xg": {
          "key": "_TkPbkIqJEDmu2--cBr5-xg",
          "name": "eMail",
          "type": null,
          "probability": 1,
          "modifiers": [
            "private"
          ],
          "to_variable": {
            "key": "_ilPVkoqJEDmu2--cBr5-xg",
            "name": "eMail",
            "type": null,
            "modifiers": [
              "private"
            ],
            "position": {}
          },
          "position": {}
        }
      }
    },
    "fields_to_fields_data_clump-./Student-_PgcLwIqFEDmu2--cBr5-xg-_Rb1hcIqFEDmu2--cBr5-xg-nameaddressphoneeMail": {
      "type": "data_clump",
      "key": "fields_to_fields_data_clump-./Student-_PgcLwIqFEDmu2--cBr5-xg-_Rb1hcIqFEDmu2--cBr5-xg-nameaddressphoneeMail",
      "probability": 1,
      "from_file_path": "./Student",
      "from_class_or_interface_name": "Student",
      "from_class_or_interface_key": "_PgcLwIqFEDmu2--cBr5-xg",
      "from_method_name": null,
      "from_method_key": null,
      "to_file_path": "./Lecturer",
      "to_class_or_interface_key": "_Rb1hcIqFEDmu2--cBr5-xg",
      "to_class_or_interface_name": "Student",
      "to_method_key": null,
      "to_method_name": null,
      "data_clump_type": "fields_to_fields_data_clump",
      "data_clump_data": {
        "_ilOugIqJEDmu2--cBr5-xg": {
          "key": "_ilOugIqJEDmu2--cBr5-xg",
          "name": "name",
          "type": null,
          "probability": 1,
          "modifiers": [
            "private"
          ],
          "to_variable": {
            "key": "_NiMrgYqHEDmu2--cBr5-xg",
            "name": "name",
            "type": null,
            "modifiers": [
              "private"
            ],
            "position": {}
          },
          "position": {}
        },
        "_ilPVkIqJEDmu2--cBr5-xg": {
          "key": "_ilPVkIqJEDmu2--cBr5-xg",
          "name": "address",
          "type": null,
          "probability": 1,
          "modifiers": [
            "private"
          ],
          "to_variable": {
            "key": "_Nv_28YqHEDmu2--cBr5-xg",
            "name": "address",
            "type": null,
            "modifiers": [
              "private"
            ],
            "position": {}
          },
          "position": {}
        },
        "_ilPVkYqJEDmu2--cBr5-xg": {
          "key": "_ilPVkYqJEDmu2--cBr5-xg",
          "name": "phone",
          "type": null,
          "probability": 1,
          "modifiers": [
            "private"
          ],
          "to_variable": {
            "key": "_TPLKgIqJEDmu2--cBr5-xg",
            "name": "phone",
            "type": null,
            "modifiers": [
              "private"
            ],
            "position": {}
          },
          "position": {}
        },
        "_ilPVkoqJEDmu2--cBr5-xg": {
          "key": "_ilPVkoqJEDmu2--cBr5-xg",
          "name": "eMail",
          "type": null,
          "probability": 1,
          "modifiers": [
            "private"
          ],
          "to_variable": {
            "key": "_TkPbkIqJEDmu2--cBr5-xg",
            "name": "eMail",
            "type": null,
            "modifiers": [
              "private"
            ],
            "position": {}
          },
          "position": {}
        }
      }
    }
  }
}