{
  "report_version": "unknown",
  "report_timestamp": "2025-03-26T22:37:54.980Z",
  "target_language": "java",
  "report_summary": {
    "additional": null,
    "amount_classes_or_interfaces_with_data_clumps": 2,
    "amount_files_with_data_clumps": 2,
    "amount_methods_with_data_clumps": 0,
    "fields_to_fields_data_clump": 2,
    "parameters_to_fields_data_clump": 0,
    "parameters_to_parameters_data_clump": 0,
    "amount_data_clumps": 2
  },
  "project_info": {
    "project_url": "unknown_project_url",
    "project_name": "_pERdYBUOEemVbcpIjcQyug",
    "project_version": "unknown_project_version",
    "project_commit_hash": "unknown",
    "project_tag": null,
    "project_commit_date": null,
    "additional": {},
    "number_of_files": 5,
    "number_of_classes_or_interfaces": 5,
    "number_of_methods": 14,
    "number_of_data_fields": 14,
    "number_of_method_parameters": 0
  },
  "detector": {
    "name": "data-clumps-doctor",
    "url": "https://github.com/NilsBaumgartner1994/data-clumps-doctor",
    "version": "0.1.100",
    "options": {
      "typeVariablesConsidered": false,
      "similarityModifierOfVariablesWithUnknownType": 0,
      "fieldsOfClassesWithUnknownHierarchyProbabilityModifier": 0,
      "sharedFieldsToFieldsAmountMinimum": 3,
      "analyseFieldsInClassesOrInterfacesInheritedFromSuperClassesOrInterfaces": false,
      "sharedParametersToParametersAmountMinimum": 3,
      "sharedParametersToFieldsAmountMinimum": 3,
      "methodsOfClassesOrInterfacesWithUnknownHierarchyProbabilityModifier": 0
    }
  },
  "data_clumps": {
    "fields_to_fields_data_clump-./Brano-_4ueOoPc8EDaCeZRDJU3EIg-_22Nsgfc8EDaCeZRDJU3EIg-TitoloAutoreGenere": {
      "type": "data_clump",
      "key": "fields_to_fields_data_clump-./Brano-_4ueOoPc8EDaCeZRDJU3EIg-_22Nsgfc8EDaCeZRDJU3EIg-TitoloAutoreGenere",
      "probability": 1,
      "from_file_path": "./Brano",
      "from_class_or_interface_name": "Brano",
      "from_class_or_interface_key": "_4ueOoPc8EDaCeZRDJU3EIg",
      "from_method_name": null,
      "from_method_key": null,
      "to_file_path": "./CD",
      "to_class_or_interface_key": "_22Nsgfc8EDaCeZRDJU3EIg",
      "to_class_or_interface_name": "Brano",
      "to_method_key": null,
      "to_method_name": null,
      "data_clump_type": "fields_to_fields_data_clump",
      "data_clump_data": {
        "_92TEEPc8EDaCeZRDJU3EIg": {
          "key": "_92TEEPc8EDaCeZRDJU3EIg",
          "name": "Titolo",
          "type": null,
          "probability": 1,
          "modifiers": [
            "private"
          ],
          "to_variable": {
            "key": "_cNym8Pc9EDaCeZRDJU3EIg",
            "name": "Titolo",
            "type": null,
            "modifiers": [
              "private"
            ],
            "position": {}
          },
          "position": {}
        },
        "_Ft-yAPc9EDaCeZRDJU3EIg": {
          "key": "_Ft-yAPc9EDaCeZRDJU3EIg",
          "name": "Autore",
          "type": null,
          "probability": 1,
          "modifiers": [
            "private"
          ],
          "to_variable": {
            "key": "_d9qpIPc9EDaCeZRDJU3EIg",
            "name": "Autore",
            "type": null,
            "modifiers": [
              "private"
            ],
            "position": {}
          },
          "position": {}
        },
        "_HCa1YPc9EDaCeZRDJU3EIg": {
          "key": "_HCa1YPc9EDaCeZRDJU3EIg",
          "name": "Genere",
          "type": null,
          "probability": 1,
          "modifiers": [
            "private"
          ],
          "to_variable": {
            "key": "_fJPEYPc9EDaCeZRDJU3EIg",
            "name": "Genere",
            "type": null,
            "modifiers": [
              "private"
            ],
            "position": {}
          },
          "position": {}
        }
      }
    },
    "fields_to_fields_data_clump-./CD-_22Nsgfc8EDaCeZRDJU3EIg-_4ueOoPc8EDaCeZRDJU3EIg-TitoloAutoreGenere": {
      "type": "data_clump",
      "key": "fields_to_fields_data_clump-./CD-_22Nsgfc8EDaCeZRDJU3EIg-_4ueOoPc8EDaCeZRDJU3EIg-TitoloAutoreGenere",
      "probability": 1,
      "from_file_path": "./CD",
      "from_class_or_interface_name": "CD",
      "from_class_or_interface_key": "_22Nsgfc8EDaCeZRDJU3EIg",
      "from_method_name": null,
      "from_method_key": null,
      "to_file_path": "./Brano",
      "to_class_or_interface_key": "_4ueOoPc8EDaCeZRDJU3EIg",
      "to_class_or_interface_name": "CD",
      "to_method_key": null,
      "to_method_name": null,
      "data_clump_type": "fields_to_fields_data_clump",
      "data_clump_data": {
        "_cNym8Pc9EDaCeZRDJU3EIg": {
          "key": "_cNym8Pc9EDaCeZRDJU3EIg",
          "name": "Titolo",
          "type": null,
          "probability": 1,
          "modifiers": [
            "private"
          ],
          "to_variable": {
            "key": "_92TEEPc8EDaCeZRDJU3EIg",
            "name": "Titolo",
            "type": null,
            "modifiers": [
              "private"
            ],
            "position": {}
          },
          "position": {}
        },
        "_d9qpIPc9EDaCeZRDJU3EIg": {
          "key": "_d9qpIPc9EDaCeZRDJU3EIg",
          "name": "Autore",
          "type": null,
          "probability": 1,
          "modifiers": [
            "private"
          ],
          "to_variable": {
            "key": "_Ft-yAPc9EDaCeZRDJU3EIg",
            "name": "Autore",
            "type": null,
            "modifiers": [
              "private"
            ],
            "position": {}
          },
          "position": {}
        },
        "_fJPEYPc9EDaCeZRDJU3EIg": {
          "key": "_fJPEYPc9EDaCeZRDJU3EIg",
          "name": "Genere",
          "type": null,
          "probability": 1,
          "modifiers": [
            "private"
          ],
          "to_variable": {
            "key": "_HCa1YPc9EDaCeZRDJU3EIg",
            "name": "Genere",
            "type": null,
            "modifiers": [
              "private"
            ],
            "position": {}
          },
          "position": {}
        }
      }
    }
  }
}