{
  "report_version": "unknown",
  "report_timestamp": "2025-03-26T22:29:57.798Z",
  "target_language": "java",
  "report_summary": {
    "additional": null,
    "amount_classes_or_interfaces_with_data_clumps": 10,
    "amount_files_with_data_clumps": 10,
    "amount_methods_with_data_clumps": 5,
    "fields_to_fields_data_clump": 8,
    "parameters_to_fields_data_clump": 0,
    "parameters_to_parameters_data_clump": 8,
    "amount_data_clumps": 16
  },
  "project_info": {
    "project_url": "unknown_project_url",
    "project_name": "b2235483-adf3-452b-861b-9ddbef520691",
    "project_version": "unknown_project_version",
    "project_commit_hash": "unknown",
    "project_tag": null,
    "project_commit_date": null,
    "additional": {},
    "number_of_files": 71,
    "number_of_classes_or_interfaces": 71,
    "number_of_methods": 210,
    "number_of_data_fields": 242,
    "number_of_method_parameters": 177
  },
  "detector": {
    "name": "data-clumps-doctor",
    "url": "https://github.com/NilsBaumgartner1994/data-clumps-doctor",
    "version": "0.1.100",
    "options": {
      "typeVariablesConsidered": false,
      "similarityModifierOfVariablesWithUnknownType": 0,
      "fieldsOfClassesWithUnknownHierarchyProbabilityModifier": 0,
      "sharedFieldsToFieldsAmountMinimum": 3,
      "analyseFieldsInClassesOrInterfacesInheritedFromSuperClassesOrInterfaces": false,
      "sharedParametersToParametersAmountMinimum": 3,
      "sharedParametersToFieldsAmountMinimum": 3,
      "methodsOfClassesOrInterfacesWithUnknownHierarchyProbabilityModifier": 0
    }
  },
  "data_clumps": {
    "parameters_to_parameters_data_clump-./ChatBox-_uQgQv-EiEea4x_-ViuvmrQ-_uQg30-EiEea4x_-ViuvmrQ-namemessagesystem": {
      "type": "data_clump",
      "key": "parameters_to_parameters_data_clump-./ChatBox-_uQgQv-EiEea4x_-ViuvmrQ-_uQg30-EiEea4x_-ViuvmrQ-namemessagesystem",
      "probability": 1,
      "from_file_path": "./ChatBox",
      "from_class_or_interface_name": "ChatBox",
      "from_class_or_interface_key": "_uQgQteEiEea4x_-ViuvmrQ",
      "from_method_name": "addMessage",
      "from_method_key": "_uQgQv-EiEea4x_-ViuvmrQ",
      "to_file_path": "./ChatLog",
      "to_class_or_interface_name": "ChatLog",
      "to_class_or_interface_key": "_uQgQyuEiEea4x_-ViuvmrQ",
      "to_method_name": "addMessage",
      "to_method_key": "_uQg30-EiEea4x_-ViuvmrQ",
      "data_clump_type": "parameters_to_parameters_data_clump",
      "data_clump_data": {
        "_uQgQweEiEea4x_-ViuvmrQ": {
          "key": "_uQgQweEiEea4x_-ViuvmrQ",
          "name": "name",
          "type": null,
          "probability": 1,
          "modifiers": [],
          "to_variable": {
            "key": "_uQg31eEiEea4x_-ViuvmrQ",
            "name": "name",
            "type": null,
            "modifiers": [],
            "position": {}
          },
          "position": {}
        },
        "_uQgQxOEiEea4x_-ViuvmrQ": {
          "key": "_uQgQxOEiEea4x_-ViuvmrQ",
          "name": "message",
          "type": null,
          "probability": 1,
          "modifiers": [],
          "to_variable": {
            "key": "_uQg32OEiEea4x_-ViuvmrQ",
            "name": "message",
            "type": null,
            "modifiers": [],
            "position": {}
          },
          "position": {}
        },
        "_uQgQx-EiEea4x_-ViuvmrQ": {
          "key": "_uQgQx-EiEea4x_-ViuvmrQ",
          "name": "system",
          "type": null,
          "probability": 1,
          "modifiers": [],
          "to_variable": {
            "key": "_uQg32-EiEea4x_-ViuvmrQ",
            "name": "system",
            "type": null,
            "modifiers": [],
            "position": {}
          },
          "position": {}
        }
      }
    },
    "parameters_to_parameters_data_clump-./ChatLog-_uQg30-EiEea4x_-ViuvmrQ-_uQgQv-EiEea4x_-ViuvmrQ-namemessagesystem": {
      "type": "data_clump",
      "key": "parameters_to_parameters_data_clump-./ChatLog-_uQg30-EiEea4x_-ViuvmrQ-_uQgQv-EiEea4x_-ViuvmrQ-namemessagesystem",
      "probability": 1,
      "from_file_path": "./ChatLog",
      "from_class_or_interface_name": "ChatLog",
      "from_class_or_interface_key": "_uQgQyuEiEea4x_-ViuvmrQ",
      "from_method_name": "addMessage",
      "from_method_key": "_uQg30-EiEea4x_-ViuvmrQ",
      "to_file_path": "./ChatBox",
      "to_class_or_interface_name": "ChatBox",
      "to_class_or_interface_key": "_uQgQteEiEea4x_-ViuvmrQ",
      "to_method_name": "addMessage",
      "to_method_key": "_uQgQv-EiEea4x_-ViuvmrQ",
      "data_clump_type": "parameters_to_parameters_data_clump",
      "data_clump_data": {
        "_uQg31eEiEea4x_-ViuvmrQ": {
          "key": "_uQg31eEiEea4x_-ViuvmrQ",
          "name": "name",
          "type": null,
          "probability": 1,
          "modifiers": [],
          "to_variable": {
            "key": "_uQgQweEiEea4x_-ViuvmrQ",
            "name": "name",
            "type": null,
            "modifiers": [],
            "position": {}
          },
          "position": {}
        },
        "_uQg32OEiEea4x_-ViuvmrQ": {
          "key": "_uQg32OEiEea4x_-ViuvmrQ",
          "name": "message",
          "type": null,
          "probability": 1,
          "modifiers": [],
          "to_variable": {
            "key": "_uQgQxOEiEea4x_-ViuvmrQ",
            "name": "message",
            "type": null,
            "modifiers": [],
            "position": {}
          },
          "position": {}
        },
        "_uQg32-EiEea4x_-ViuvmrQ": {
          "key": "_uQg32-EiEea4x_-ViuvmrQ",
          "name": "system",
          "type": null,
          "probability": 1,
          "modifiers": [],
          "to_variable": {
            "key": "_uQgQx-EiEea4x_-ViuvmrQ",
            "name": "system",
            "type": null,
            "modifiers": [],
            "position": {}
          },
          "position": {}
        }
      }
    },
    "parameters_to_parameters_data_clump-./GameManager-_uQRnQuEiEea4x_-ViuvmrQ-_uQSOQeEiEea4x_-ViuvmrQ-fromtocolor": {
      "type": "data_clump",
      "key": "parameters_to_parameters_data_clump-./GameManager-_uQRnQuEiEea4x_-ViuvmrQ-_uQSOQeEiEea4x_-ViuvmrQ-fromtocolor",
      "probability": 1,
      "from_file_path": "./GameManager",
      "from_class_or_interface_name": "GameManager",
      "from_class_or_interface_key": "_uQMuuOEiEea4x_-ViuvmrQ",
      "from_method_name": "getDistance",
      "from_method_key": "_uQRnQuEiEea4x_-ViuvmrQ",
      "to_file_path": "./GameManager",
      "to_class_or_interface_name": "GameManager",
      "to_class_or_interface_key": "_uQMuuOEiEea4x_-ViuvmrQ",
      "to_method_name": "highlightTilesForward",
      "to_method_key": "_uQSOQeEiEea4x_-ViuvmrQ",
      "data_clump_type": "parameters_to_parameters_data_clump",
      "data_clump_data": {
        "_uQRnRuEiEea4x_-ViuvmrQ": {
          "key": "_uQRnRuEiEea4x_-ViuvmrQ",
          "name": "from",
          "type": null,
          "probability": 1,
          "modifiers": [],
          "to_variable": {
            "key": "_uQSOQ-EiEea4x_-ViuvmrQ",
            "name": "from",
            "type": null,
            "modifiers": [],
            "position": {}
          },
          "position": {}
        },
        "_uQRnSeEiEea4x_-ViuvmrQ": {
          "key": "_uQRnSeEiEea4x_-ViuvmrQ",
          "name": "to",
          "type": null,
          "probability": 1,
          "modifiers": [],
          "to_variable": {
            "key": "_uQSORuEiEea4x_-ViuvmrQ",
            "name": "to",
            "type": null,
            "modifiers": [],
            "position": {}
          },
          "position": {}
        },
        "_uQRnTOEiEea4x_-ViuvmrQ": {
          "key": "_uQRnTOEiEea4x_-ViuvmrQ",
          "name": "color",
          "type": null,
          "probability": 1,
          "modifiers": [],
          "to_variable": {
            "key": "_uQSOSeEiEea4x_-ViuvmrQ",
            "name": "color",
            "type": null,
            "modifiers": [],
            "position": {}
          },
          "position": {}
        }
      }
    },
    "parameters_to_parameters_data_clump-./GameManager-_uQRnQuEiEea4x_-ViuvmrQ-_uQSOTOEiEea4x_-ViuvmrQ-fromtocolor": {
      "type": "data_clump",
      "key": "parameters_to_parameters_data_clump-./GameManager-_uQRnQuEiEea4x_-ViuvmrQ-_uQSOTOEiEea4x_-ViuvmrQ-fromtocolor",
      "probability": 1,
      "from_file_path": "./GameManager",
      "from_class_or_interface_name": "GameManager",
      "from_class_or_interface_key": "_uQMuuOEiEea4x_-ViuvmrQ",
      "from_method_name": "getDistance",
      "from_method_key": "_uQRnQuEiEea4x_-ViuvmrQ",
      "to_file_path": "./GameManager",
      "to_class_or_interface_name": "GameManager",
      "to_class_or_interface_key": "_uQMuuOEiEea4x_-ViuvmrQ",
      "to_method_name": "highlightTilesBackward",
      "to_method_key": "_uQSOTOEiEea4x_-ViuvmrQ",
      "data_clump_type": "parameters_to_parameters_data_clump",
      "data_clump_data": {
        "_uQRnRuEiEea4x_-ViuvmrQ": {
          "key": "_uQRnRuEiEea4x_-ViuvmrQ",
          "name": "from",
          "type": null,
          "probability": 1,
          "modifiers": [],
          "to_variable": {
            "key": "_uQSOTuEiEea4x_-ViuvmrQ",
            "name": "from",
            "type": null,
            "modifiers": [],
            "position": {}
          },
          "position": {}
        },
        "_uQRnSeEiEea4x_-ViuvmrQ": {
          "key": "_uQRnSeEiEea4x_-ViuvmrQ",
          "name": "to",
          "type": null,
          "probability": 1,
          "modifiers": [],
          "to_variable": {
            "key": "_uQSOUeEiEea4x_-ViuvmrQ",
            "name": "to",
            "type": null,
            "modifiers": [],
            "position": {}
          },
          "position": {}
        },
        "_uQRnTOEiEea4x_-ViuvmrQ": {
          "key": "_uQRnTOEiEea4x_-ViuvmrQ",
          "name": "color",
          "type": null,
          "probability": 1,
          "modifiers": [],
          "to_variable": {
            "key": "_uQSOVOEiEea4x_-ViuvmrQ",
            "name": "color",
            "type": null,
            "modifiers": [],
            "position": {}
          },
          "position": {}
        }
      }
    },
    "parameters_to_parameters_data_clump-./GameManager-_uQSOQeEiEea4x_-ViuvmrQ-_uQRnQuEiEea4x_-ViuvmrQ-fromtocolor": {
      "type": "data_clump",
      "key": "parameters_to_parameters_data_clump-./GameManager-_uQSOQeEiEea4x_-ViuvmrQ-_uQRnQuEiEea4x_-ViuvmrQ-fromtocolor",
      "probability": 1,
      "from_file_path": "./GameManager",
      "from_class_or_interface_name": "GameManager",
      "from_class_or_interface_key": "_uQMuuOEiEea4x_-ViuvmrQ",
      "from_method_name": "highlightTilesForward",
      "from_method_key": "_uQSOQeEiEea4x_-ViuvmrQ",
      "to_file_path": "./GameManager",
      "to_class_or_interface_name": "GameManager",
      "to_class_or_interface_key": "_uQMuuOEiEea4x_-ViuvmrQ",
      "to_method_name": "getDistance",
      "to_method_key": "_uQRnQuEiEea4x_-ViuvmrQ",
      "data_clump_type": "parameters_to_parameters_data_clump",
      "data_clump_data": {
        "_uQSOQ-EiEea4x_-ViuvmrQ": {
          "key": "_uQSOQ-EiEea4x_-ViuvmrQ",
          "name": "from",
          "type": null,
          "probability": 1,
          "modifiers": [],
          "to_variable": {
            "key": "_uQRnRuEiEea4x_-ViuvmrQ",
            "name": "from",
            "type": null,
            "modifiers": [],
            "position": {}
          },
          "position": {}
        },
        "_uQSORuEiEea4x_-ViuvmrQ": {
          "key": "_uQSORuEiEea4x_-ViuvmrQ",
          "name": "to",
          "type": null,
          "probability": 1,
          "modifiers": [],
          "to_variable": {
            "key": "_uQRnSeEiEea4x_-ViuvmrQ",
            "name": "to",
            "type": null,
            "modifiers": [],
            "position": {}
          },
          "position": {}
        },
        "_uQSOSeEiEea4x_-ViuvmrQ": {
          "key": "_uQSOSeEiEea4x_-ViuvmrQ",
          "name": "color",
          "type": null,
          "probability": 1,
          "modifiers": [],
          "to_variable": {
            "key": "_uQRnTOEiEea4x_-ViuvmrQ",
            "name": "color",
            "type": null,
            "modifiers": [],
            "position": {}
          },
          "position": {}
        }
      }
    },
    "parameters_to_parameters_data_clump-./GameManager-_uQSOQeEiEea4x_-ViuvmrQ-_uQSOTOEiEea4x_-ViuvmrQ-fromtocolor": {
      "type": "data_clump",
      "key": "parameters_to_parameters_data_clump-./GameManager-_uQSOQeEiEea4x_-ViuvmrQ-_uQSOTOEiEea4x_-ViuvmrQ-fromtocolor",
      "probability": 1,
      "from_file_path": "./GameManager",
      "from_class_or_interface_name": "GameManager",
      "from_class_or_interface_key": "_uQMuuOEiEea4x_-ViuvmrQ",
      "from_method_name": "highlightTilesForward",
      "from_method_key": "_uQSOQeEiEea4x_-ViuvmrQ",
      "to_file_path": "./GameManager",
      "to_class_or_interface_name": "GameManager",
      "to_class_or_interface_key": "_uQMuuOEiEea4x_-ViuvmrQ",
      "to_method_name": "highlightTilesBackward",
      "to_method_key": "_uQSOTOEiEea4x_-ViuvmrQ",
      "data_clump_type": "parameters_to_parameters_data_clump",
      "data_clump_data": {
        "_uQSOQ-EiEea4x_-ViuvmrQ": {
          "key": "_uQSOQ-EiEea4x_-ViuvmrQ",
          "name": "from",
          "type": null,
          "probability": 1,
          "modifiers": [],
          "to_variable": {
            "key": "_uQSOTuEiEea4x_-ViuvmrQ",
            "name": "from",
            "type": null,
            "modifiers": [],
            "position": {}
          },
          "position": {}
        },
        "_uQSORuEiEea4x_-ViuvmrQ": {
          "key": "_uQSORuEiEea4x_-ViuvmrQ",
          "name": "to",
          "type": null,
          "probability": 1,
          "modifiers": [],
          "to_variable": {
            "key": "_uQSOUeEiEea4x_-ViuvmrQ",
            "name": "to",
            "type": null,
            "modifiers": [],
            "position": {}
          },
          "position": {}
        },
        "_uQSOSeEiEea4x_-ViuvmrQ": {
          "key": "_uQSOSeEiEea4x_-ViuvmrQ",
          "name": "color",
          "type": null,
          "probability": 1,
          "modifiers": [],
          "to_variable": {
            "key": "_uQSOVOEiEea4x_-ViuvmrQ",
            "name": "color",
            "type": null,
            "modifiers": [],
            "position": {}
          },
          "position": {}
        }
      }
    },
    "parameters_to_parameters_data_clump-./GameManager-_uQSOTOEiEea4x_-ViuvmrQ-_uQRnQuEiEea4x_-ViuvmrQ-fromtocolor": {
      "type": "data_clump",
      "key": "parameters_to_parameters_data_clump-./GameManager-_uQSOTOEiEea4x_-ViuvmrQ-_uQRnQuEiEea4x_-ViuvmrQ-fromtocolor",
      "probability": 1,
      "from_file_path": "./GameManager",
      "from_class_or_interface_name": "GameManager",
      "from_class_or_interface_key": "_uQMuuOEiEea4x_-ViuvmrQ",
      "from_method_name": "highlightTilesBackward",
      "from_method_key": "_uQSOTOEiEea4x_-ViuvmrQ",
      "to_file_path": "./GameManager",
      "to_class_or_interface_name": "GameManager",
      "to_class_or_interface_key": "_uQMuuOEiEea4x_-ViuvmrQ",
      "to_method_name": "getDistance",
      "to_method_key": "_uQRnQuEiEea4x_-ViuvmrQ",
      "data_clump_type": "parameters_to_parameters_data_clump",
      "data_clump_data": {
        "_uQSOTuEiEea4x_-ViuvmrQ": {
          "key": "_uQSOTuEiEea4x_-ViuvmrQ",
          "name": "from",
          "type": null,
          "probability": 1,
          "modifiers": [],
          "to_variable": {
            "key": "_uQRnRuEiEea4x_-ViuvmrQ",
            "name": "from",
            "type": null,
            "modifiers": [],
            "position": {}
          },
          "position": {}
        },
        "_uQSOUeEiEea4x_-ViuvmrQ": {
          "key": "_uQSOUeEiEea4x_-ViuvmrQ",
          "name": "to",
          "type": null,
          "probability": 1,
          "modifiers": [],
          "to_variable": {
            "key": "_uQRnSeEiEea4x_-ViuvmrQ",
            "name": "to",
            "type": null,
            "modifiers": [],
            "position": {}
          },
          "position": {}
        },
        "_uQSOVOEiEea4x_-ViuvmrQ": {
          "key": "_uQSOVOEiEea4x_-ViuvmrQ",
          "name": "color",
          "type": null,
          "probability": 1,
          "modifiers": [],
          "to_variable": {
            "key": "_uQRnTOEiEea4x_-ViuvmrQ",
            "name": "color",
            "type": null,
            "modifiers": [],
            "position": {}
          },
          "position": {}
        }
      }
    },
    "parameters_to_parameters_data_clump-./GameManager-_uQSOTOEiEea4x_-ViuvmrQ-_uQSOQeEiEea4x_-ViuvmrQ-fromtocolor": {
      "type": "data_clump",
      "key": "parameters_to_parameters_data_clump-./GameManager-_uQSOTOEiEea4x_-ViuvmrQ-_uQSOQeEiEea4x_-ViuvmrQ-fromtocolor",
      "probability": 1,
      "from_file_path": "./GameManager",
      "from_class_or_interface_name": "GameManager",
      "from_class_or_interface_key": "_uQMuuOEiEea4x_-ViuvmrQ",
      "from_method_name": "highlightTilesBackward",
      "from_method_key": "_uQSOTOEiEea4x_-ViuvmrQ",
      "to_file_path": "./GameManager",
      "to_class_or_interface_name": "GameManager",
      "to_class_or_interface_key": "_uQMuuOEiEea4x_-ViuvmrQ",
      "to_method_name": "highlightTilesForward",
      "to_method_key": "_uQSOQeEiEea4x_-ViuvmrQ",
      "data_clump_type": "parameters_to_parameters_data_clump",
      "data_clump_data": {
        "_uQSOTuEiEea4x_-ViuvmrQ": {
          "key": "_uQSOTuEiEea4x_-ViuvmrQ",
          "name": "from",
          "type": null,
          "probability": 1,
          "modifiers": [],
          "to_variable": {
            "key": "_uQSOQ-EiEea4x_-ViuvmrQ",
            "name": "from",
            "type": null,
            "modifiers": [],
            "position": {}
          },
          "position": {}
        },
        "_uQSOUeEiEea4x_-ViuvmrQ": {
          "key": "_uQSOUeEiEea4x_-ViuvmrQ",
          "name": "to",
          "type": null,
          "probability": 1,
          "modifiers": [],
          "to_variable": {
            "key": "_uQSORuEiEea4x_-ViuvmrQ",
            "name": "to",
            "type": null,
            "modifiers": [],
            "position": {}
          },
          "position": {}
        },
        "_uQSOVOEiEea4x_-ViuvmrQ": {
          "key": "_uQSOVOEiEea4x_-ViuvmrQ",
          "name": "color",
          "type": null,
          "probability": 1,
          "modifiers": [],
          "to_variable": {
            "key": "_uQSOSeEiEea4x_-ViuvmrQ",
            "name": "color",
            "type": null,
            "modifiers": [],
            "position": {}
          },
          "position": {}
        }
      }
    },
    "fields_to_fields_data_clump-./CardDialog-_uQEL2OEiEea4x_-ViuvmrQ-_uQhe0uEiEea4x_-ViuvmrQ-serialVersionUIDnametext": {
      "type": "data_clump",
      "key": "fields_to_fields_data_clump-./CardDialog-_uQEL2OEiEea4x_-ViuvmrQ-_uQhe0uEiEea4x_-ViuvmrQ-serialVersionUIDnametext",
      "probability": 1,
      "from_file_path": "./CardDialog",
      "from_class_or_interface_name": "CardDialog",
      "from_class_or_interface_key": "_uQEL2OEiEea4x_-ViuvmrQ",
      "from_method_name": null,
      "from_method_key": null,
      "to_file_path": "./ChatMessage",
      "to_class_or_interface_key": "_uQhe0uEiEea4x_-ViuvmrQ",
      "to_class_or_interface_name": "CardDialog",
      "to_method_key": null,
      "to_method_name": null,
      "data_clump_type": "fields_to_fields_data_clump",
      "data_clump_data": {
        "_uQEy5uEiEea4x_-ViuvmrQ": {
          "key": "_uQEy5uEiEea4x_-ViuvmrQ",
          "name": "serialVersionUID",
          "type": null,
          "probability": 1,
          "modifiers": [
            "private"
          ],
          "to_variable": {
            "key": "_uQhe1OEiEea4x_-ViuvmrQ",
            "name": "serialVersionUID",
            "type": null,
            "modifiers": [
              "private"
            ],
            "position": {}
          },
          "position": {}
        },
        "_uQEy4OEiEea4x_-ViuvmrQ": {
          "key": "_uQEy4OEiEea4x_-ViuvmrQ",
          "name": "name",
          "type": null,
          "probability": 1,
          "modifiers": [
            "private"
          ],
          "to_variable": {
            "key": "_uQhe1-EiEea4x_-ViuvmrQ",
            "name": "name",
            "type": null,
            "modifiers": [
              "private"
            ],
            "position": {}
          },
          "position": {}
        },
        "_uQEy4-EiEea4x_-ViuvmrQ": {
          "key": "_uQEy4-EiEea4x_-ViuvmrQ",
          "name": "text",
          "type": null,
          "probability": 1,
          "modifiers": [
            "private"
          ],
          "to_variable": {
            "key": "_uQhe2uEiEea4x_-ViuvmrQ",
            "name": "text",
            "type": null,
            "modifiers": [
              "private"
            ],
            "position": {}
          },
          "position": {}
        }
      }
    },
    "fields_to_fields_data_clump-./ChatMessage-_uQhe0uEiEea4x_-ViuvmrQ-_uQEL2OEiEea4x_-ViuvmrQ-serialVersionUIDnametext": {
      "type": "data_clump",
      "key": "fields_to_fields_data_clump-./ChatMessage-_uQhe0uEiEea4x_-ViuvmrQ-_uQEL2OEiEea4x_-ViuvmrQ-serialVersionUIDnametext",
      "probability": 1,
      "from_file_path": "./ChatMessage",
      "from_class_or_interface_name": "ChatMessage",
      "from_class_or_interface_key": "_uQhe0uEiEea4x_-ViuvmrQ",
      "from_method_name": null,
      "from_method_key": null,
      "to_file_path": "./CardDialog",
      "to_class_or_interface_key": "_uQEL2OEiEea4x_-ViuvmrQ",
      "to_class_or_interface_name": "ChatMessage",
      "to_method_key": null,
      "to_method_name": null,
      "data_clump_type": "fields_to_fields_data_clump",
      "data_clump_data": {
        "_uQhe1OEiEea4x_-ViuvmrQ": {
          "key": "_uQhe1OEiEea4x_-ViuvmrQ",
          "name": "serialVersionUID",
          "type": null,
          "probability": 1,
          "modifiers": [
            "private"
          ],
          "to_variable": {
            "key": "_uQEy5uEiEea4x_-ViuvmrQ",
            "name": "serialVersionUID",
            "type": null,
            "modifiers": [
              "private"
            ],
            "position": {}
          },
          "position": {}
        },
        "_uQhe1-EiEea4x_-ViuvmrQ": {
          "key": "_uQhe1-EiEea4x_-ViuvmrQ",
          "name": "name",
          "type": null,
          "probability": 1,
          "modifiers": [
            "private"
          ],
          "to_variable": {
            "key": "_uQEy4OEiEea4x_-ViuvmrQ",
            "name": "name",
            "type": null,
            "modifiers": [
              "private"
            ],
            "position": {}
          },
          "position": {}
        },
        "_uQhe2uEiEea4x_-ViuvmrQ": {
          "key": "_uQhe2uEiEea4x_-ViuvmrQ",
          "name": "text",
          "type": null,
          "probability": 1,
          "modifiers": [
            "private"
          ],
          "to_variable": {
            "key": "_uQEy4-EiEea4x_-ViuvmrQ",
            "name": "text",
            "type": null,
            "modifiers": [
              "private"
            ],
            "position": {}
          },
          "position": {}
        }
      }
    },
    "fields_to_fields_data_clump-./ColorSelector-_uQjUCOEiEea4x_-ViuvmrQ-_uQlwSeEiEea4x_-ViuvmrQ-serialVersionUIDtimertimeLefttimeOut": {
      "type": "data_clump",
      "key": "fields_to_fields_data_clump-./ColorSelector-_uQjUCOEiEea4x_-ViuvmrQ-_uQlwSeEiEea4x_-ViuvmrQ-serialVersionUIDtimertimeLefttimeOut",
      "probability": 1,
      "from_file_path": "./ColorSelector",
      "from_class_or_interface_name": "ColorSelector",
      "from_class_or_interface_key": "_uQjUCOEiEea4x_-ViuvmrQ",
      "from_method_name": null,
      "from_method_key": null,
      "to_file_path": "./GamePanel",
      "to_class_or_interface_key": "_uQlwSeEiEea4x_-ViuvmrQ",
      "to_class_or_interface_name": "ColorSelector",
      "to_method_key": null,
      "to_method_name": null,
      "data_clump_type": "fields_to_fields_data_clump",
      "data_clump_data": {
        "_uQjUCuEiEea4x_-ViuvmrQ": {
          "key": "_uQjUCuEiEea4x_-ViuvmrQ",
          "name": "serialVersionUID",
          "type": null,
          "probability": 1,
          "modifiers": [
            "private"
          ],
          "to_variable": {
            "key": "_uQpaquEiEea4x_-ViuvmrQ",
            "name": "serialVersionUID",
            "type": null,
            "modifiers": [
              "private"
            ],
            "position": {}
          },
          "position": {}
        },
        "_uQjUEOEiEea4x_-ViuvmrQ": {
          "key": "_uQjUEOEiEea4x_-ViuvmrQ",
          "name": "timer",
          "type": null,
          "probability": 1,
          "modifiers": [
            "private"
          ],
          "to_variable": {
            "key": "_uQmXXeEiEea4x_-ViuvmrQ",
            "name": "timer",
            "type": null,
            "modifiers": [
              "private"
            ],
            "position": {}
          },
          "position": {}
        },
        "_uQj7EOEiEea4x_-ViuvmrQ": {
          "key": "_uQj7EOEiEea4x_-ViuvmrQ",
          "name": "timeLeft",
          "type": null,
          "probability": 1,
          "modifiers": [
            "private"
          ],
          "to_variable": {
            "key": "_uQmXYOEiEea4x_-ViuvmrQ",
            "name": "timeLeft",
            "type": null,
            "modifiers": [
              "private"
            ],
            "position": {}
          },
          "position": {}
        },
        "_uQj7GeEiEea4x_-ViuvmrQ": {
          "key": "_uQj7GeEiEea4x_-ViuvmrQ",
          "name": "timeOut",
          "type": null,
          "probability": 1,
          "modifiers": [
            "private"
          ],
          "to_variable": {
            "key": "_uQmXWuEiEea4x_-ViuvmrQ",
            "name": "timeOut",
            "type": null,
            "modifiers": [
              "private"
            ],
            "position": {}
          },
          "position": {}
        }
      }
    },
    "fields_to_fields_data_clump-./ColorSelector-_uQjUCOEiEea4x_-ViuvmrQ-_uQtsFuEiEea4x_-ViuvmrQ-serialVersionUIDselectionnumOptionsoptionButtonsspacing": {
      "type": "data_clump",
      "key": "fields_to_fields_data_clump-./ColorSelector-_uQjUCOEiEea4x_-ViuvmrQ-_uQtsFuEiEea4x_-ViuvmrQ-serialVersionUIDselectionnumOptionsoptionButtonsspacing",
      "probability": 1,
      "from_file_path": "./ColorSelector",
      "from_class_or_interface_name": "ColorSelector",
      "from_class_or_interface_key": "_uQjUCOEiEea4x_-ViuvmrQ",
      "from_method_name": null,
      "from_method_key": null,
      "to_file_path": "./NumPlayerSelector",
      "to_class_or_interface_key": "_uQtsFuEiEea4x_-ViuvmrQ",
      "to_class_or_interface_name": "ColorSelector",
      "to_method_key": null,
      "to_method_name": null,
      "data_clump_type": "fields_to_fields_data_clump",
      "data_clump_data": {
        "_uQjUCuEiEea4x_-ViuvmrQ": {
          "key": "_uQjUCuEiEea4x_-ViuvmrQ",
          "name": "serialVersionUID",
          "type": null,
          "probability": 1,
          "modifiers": [
            "private"
          ],
          "to_variable": {
            "key": "_uQtsGOEiEea4x_-ViuvmrQ",
            "name": "serialVersionUID",
            "type": null,
            "modifiers": [
              "private"
            ],
            "position": {}
          },
          "position": {}
        },
        "_uQjUDeEiEea4x_-ViuvmrQ": {
          "key": "_uQjUDeEiEea4x_-ViuvmrQ",
          "name": "selection",
          "type": null,
          "probability": 1,
          "modifiers": [
            "private"
          ],
          "to_variable": {
            "key": "_uQtsG-EiEea4x_-ViuvmrQ",
            "name": "selection",
            "type": null,
            "modifiers": [
              "private"
            ],
            "position": {}
          },
          "position": {}
        },
        "_uQj7FuEiEea4x_-ViuvmrQ": {
          "key": "_uQj7FuEiEea4x_-ViuvmrQ",
          "name": "numOptions",
          "type": null,
          "probability": 1,
          "modifiers": [
            "private"
          ],
          "to_variable": {
            "key": "_uQtsHuEiEea4x_-ViuvmrQ",
            "name": "numOptions",
            "type": null,
            "modifiers": [
              "private"
            ],
            "position": {}
          },
          "position": {}
        },
        "_uQj7HOEiEea4x_-ViuvmrQ": {
          "key": "_uQj7HOEiEea4x_-ViuvmrQ",
          "name": "optionButtons",
          "type": null,
          "probability": 1,
          "modifiers": [
            "private"
          ],
          "to_variable": {
            "key": "_uQtsIeEiEea4x_-ViuvmrQ",
            "name": "optionButtons",
            "type": null,
            "modifiers": [
              "private"
            ],
            "position": {}
          },
          "position": {}
        },
        "_uQkiJuEiEea4x_-ViuvmrQ": {
          "key": "_uQkiJuEiEea4x_-ViuvmrQ",
          "name": "spacing",
          "type": null,
          "probability": 1,
          "modifiers": [
            "private"
          ],
          "to_variable": {
            "key": "_uQuTK-EiEea4x_-ViuvmrQ",
            "name": "spacing",
            "type": null,
            "modifiers": [
              "private"
            ],
            "position": {}
          },
          "position": {}
        }
      }
    },
    "fields_to_fields_data_clump-./GamePanel-_uQlwSeEiEea4x_-ViuvmrQ-_uQjUCOEiEea4x_-ViuvmrQ-serialVersionUIDtimeOuttimertimeLeft": {
      "type": "data_clump",
      "key": "fields_to_fields_data_clump-./GamePanel-_uQlwSeEiEea4x_-ViuvmrQ-_uQjUCOEiEea4x_-ViuvmrQ-serialVersionUIDtimeOuttimertimeLeft",
      "probability": 1,
      "from_file_path": "./GamePanel",
      "from_class_or_interface_name": "GamePanel",
      "from_class_or_interface_key": "_uQlwSeEiEea4x_-ViuvmrQ",
      "from_method_name": null,
      "from_method_key": null,
      "to_file_path": "./ColorSelector",
      "to_class_or_interface_key": "_uQjUCOEiEea4x_-ViuvmrQ",
      "to_class_or_interface_name": "GamePanel",
      "to_method_key": null,
      "to_method_name": null,
      "data_clump_type": "fields_to_fields_data_clump",
      "data_clump_data": {
        "_uQpaquEiEea4x_-ViuvmrQ": {
          "key": "_uQpaquEiEea4x_-ViuvmrQ",
          "name": "serialVersionUID",
          "type": null,
          "probability": 1,
          "modifiers": [
            "private"
          ],
          "to_variable": {
            "key": "_uQjUCuEiEea4x_-ViuvmrQ",
            "name": "serialVersionUID",
            "type": null,
            "modifiers": [
              "private"
            ],
            "position": {}
          },
          "position": {}
        },
        "_uQmXWuEiEea4x_-ViuvmrQ": {
          "key": "_uQmXWuEiEea4x_-ViuvmrQ",
          "name": "timeOut",
          "type": null,
          "probability": 1,
          "modifiers": [
            "private"
          ],
          "to_variable": {
            "key": "_uQj7GeEiEea4x_-ViuvmrQ",
            "name": "timeOut",
            "type": null,
            "modifiers": [
              "private"
            ],
            "position": {}
          },
          "position": {}
        },
        "_uQmXXeEiEea4x_-ViuvmrQ": {
          "key": "_uQmXXeEiEea4x_-ViuvmrQ",
          "name": "timer",
          "type": null,
          "probability": 1,
          "modifiers": [
            "private"
          ],
          "to_variable": {
            "key": "_uQjUEOEiEea4x_-ViuvmrQ",
            "name": "timer",
            "type": null,
            "modifiers": [
              "private"
            ],
            "position": {}
          },
          "position": {}
        },
        "_uQmXYOEiEea4x_-ViuvmrQ": {
          "key": "_uQmXYOEiEea4x_-ViuvmrQ",
          "name": "timeLeft",
          "type": null,
          "probability": 1,
          "modifiers": [
            "private"
          ],
          "to_variable": {
            "key": "_uQj7EOEiEea4x_-ViuvmrQ",
            "name": "timeLeft",
            "type": null,
            "modifiers": [
              "private"
            ],
            "position": {}
          },
          "position": {}
        }
      }
    },
    "fields_to_fields_data_clump-./HostPanel-_uQqBtuEiEea4x_-ViuvmrQ-_uQrP0-EiEea4x_-ViuvmrQ-serialVersionUIDportStringconnectStringportLengthportNumberLabelportNumberField": {
      "type": "data_clump",
      "key": "fields_to_fields_data_clump-./HostPanel-_uQqBtuEiEea4x_-ViuvmrQ-_uQrP0-EiEea4x_-ViuvmrQ-serialVersionUIDportStringconnectStringportLengthportNumberLabelportNumberField",
      "probability": 1,
      "from_file_path": "./HostPanel",
      "from_class_or_interface_name": "HostPanel",
      "from_class_or_interface_key": "_uQqBtuEiEea4x_-ViuvmrQ",
      "from_method_name": null,
      "from_method_key": null,
      "to_file_path": "./JoinPanel",
      "to_class_or_interface_key": "_uQrP0-EiEea4x_-ViuvmrQ",
      "to_class_or_interface_name": "HostPanel",
      "to_method_key": null,
      "to_method_name": null,
      "data_clump_type": "fields_to_fields_data_clump",
      "data_clump_data": {
        "_uQqBuOEiEea4x_-ViuvmrQ": {
          "key": "_uQqBuOEiEea4x_-ViuvmrQ",
          "name": "serialVersionUID",
          "type": null,
          "probability": 1,
          "modifiers": [
            "private"
          ],
          "to_variable": {
            "key": "_uQrP1eEiEea4x_-ViuvmrQ",
            "name": "serialVersionUID",
            "type": null,
            "modifiers": [
              "private"
            ],
            "position": {}
          },
          "position": {}
        },
        "_uQqBu-EiEea4x_-ViuvmrQ": {
          "key": "_uQqBu-EiEea4x_-ViuvmrQ",
          "name": "portString",
          "type": null,
          "probability": 1,
          "modifiers": [
            "private"
          ],
          "to_variable": {
            "key": "_uQrP3uEiEea4x_-ViuvmrQ",
            "name": "portString",
            "type": null,
            "modifiers": [
              "private"
            ],
            "position": {}
          },
          "position": {}
        },
        "_uQqBvuEiEea4x_-ViuvmrQ": {
          "key": "_uQqBvuEiEea4x_-ViuvmrQ",
          "name": "connectString",
          "type": null,
          "probability": 1,
          "modifiers": [
            "private"
          ],
          "to_variable": {
            "key": "_uQr24eEiEea4x_-ViuvmrQ",
            "name": "connectString",
            "type": null,
            "modifiers": [
              "private"
            ],
            "position": {}
          },
          "position": {}
        },
        "_uQqBweEiEea4x_-ViuvmrQ": {
          "key": "_uQqBweEiEea4x_-ViuvmrQ",
          "name": "portLength",
          "type": null,
          "probability": 1,
          "modifiers": [
            "private"
          ],
          "to_variable": {
            "key": "_uQrP4eEiEea4x_-ViuvmrQ",
            "name": "portLength",
            "type": null,
            "modifiers": [
              "private"
            ],
            "position": {}
          },
          "position": {}
        },
        "_uQqowuEiEea4x_-ViuvmrQ": {
          "key": "_uQqowuEiEea4x_-ViuvmrQ",
          "name": "portNumberLabel",
          "type": null,
          "probability": 1,
          "modifiers": [
            "private"
          ],
          "to_variable": {
            "key": "_uQr26uEiEea4x_-ViuvmrQ",
            "name": "portNumberLabel",
            "type": null,
            "modifiers": [
              "private"
            ],
            "position": {}
          },
          "position": {}
        },
        "_uQqoxeEiEea4x_-ViuvmrQ": {
          "key": "_uQqoxeEiEea4x_-ViuvmrQ",
          "name": "portNumberField",
          "type": null,
          "probability": 1,
          "modifiers": [
            "private"
          ],
          "to_variable": {
            "key": "_uQr27eEiEea4x_-ViuvmrQ",
            "name": "portNumberField",
            "type": null,
            "modifiers": [
              "private"
            ],
            "position": {}
          },
          "position": {}
        }
      }
    },
    "fields_to_fields_data_clump-./JoinPanel-_uQrP0-EiEea4x_-ViuvmrQ-_uQqBtuEiEea4x_-ViuvmrQ-serialVersionUIDportStringportLengthconnectStringportNumberLabelportNumberField": {
      "type": "data_clump",
      "key": "fields_to_fields_data_clump-./JoinPanel-_uQrP0-EiEea4x_-ViuvmrQ-_uQqBtuEiEea4x_-ViuvmrQ-serialVersionUIDportStringportLengthconnectStringportNumberLabelportNumberField",
      "probability": 1,
      "from_file_path": "./JoinPanel",
      "from_class_or_interface_name": "JoinPanel",
      "from_class_or_interface_key": "_uQrP0-EiEea4x_-ViuvmrQ",
      "from_method_name": null,
      "from_method_key": null,
      "to_file_path": "./HostPanel",
      "to_class_or_interface_key": "_uQqBtuEiEea4x_-ViuvmrQ",
      "to_class_or_interface_name": "JoinPanel",
      "to_method_key": null,
      "to_method_name": null,
      "data_clump_type": "fields_to_fields_data_clump",
      "data_clump_data": {
        "_uQrP1eEiEea4x_-ViuvmrQ": {
          "key": "_uQrP1eEiEea4x_-ViuvmrQ",
          "name": "serialVersionUID",
          "type": null,
          "probability": 1,
          "modifiers": [
            "private"
          ],
          "to_variable": {
            "key": "_uQqBuOEiEea4x_-ViuvmrQ",
            "name": "serialVersionUID",
            "type": null,
            "modifiers": [
              "private"
            ],
            "position": {}
          },
          "position": {}
        },
        "_uQrP3uEiEea4x_-ViuvmrQ": {
          "key": "_uQrP3uEiEea4x_-ViuvmrQ",
          "name": "portString",
          "type": null,
          "probability": 1,
          "modifiers": [
            "private"
          ],
          "to_variable": {
            "key": "_uQqBu-EiEea4x_-ViuvmrQ",
            "name": "portString",
            "type": null,
            "modifiers": [
              "private"
            ],
            "position": {}
          },
          "position": {}
        },
        "_uQrP4eEiEea4x_-ViuvmrQ": {
          "key": "_uQrP4eEiEea4x_-ViuvmrQ",
          "name": "portLength",
          "type": null,
          "probability": 1,
          "modifiers": [
            "private"
          ],
          "to_variable": {
            "key": "_uQqBweEiEea4x_-ViuvmrQ",
            "name": "portLength",
            "type": null,
            "modifiers": [
              "private"
            ],
            "position": {}
          },
          "position": {}
        },
        "_uQr24eEiEea4x_-ViuvmrQ": {
          "key": "_uQr24eEiEea4x_-ViuvmrQ",
          "name": "connectString",
          "type": null,
          "probability": 1,
          "modifiers": [
            "private"
          ],
          "to_variable": {
            "key": "_uQqBvuEiEea4x_-ViuvmrQ",
            "name": "connectString",
            "type": null,
            "modifiers": [
              "private"
            ],
            "position": {}
          },
          "position": {}
        },
        "_uQr26uEiEea4x_-ViuvmrQ": {
          "key": "_uQr26uEiEea4x_-ViuvmrQ",
          "name": "portNumberLabel",
          "type": null,
          "probability": 1,
          "modifiers": [
            "private"
          ],
          "to_variable": {
            "key": "_uQqowuEiEea4x_-ViuvmrQ",
            "name": "portNumberLabel",
            "type": null,
            "modifiers": [
              "private"
            ],
            "position": {}
          },
          "position": {}
        },
        "_uQr27eEiEea4x_-ViuvmrQ": {
          "key": "_uQr27eEiEea4x_-ViuvmrQ",
          "name": "portNumberField",
          "type": null,
          "probability": 1,
          "modifiers": [
            "private"
          ],
          "to_variable": {
            "key": "_uQqoxeEiEea4x_-ViuvmrQ",
            "name": "portNumberField",
            "type": null,
            "modifiers": [
              "private"
            ],
            "position": {}
          },
          "position": {}
        }
      }
    },
    "fields_to_fields_data_clump-./NumPlayerSelector-_uQtsFuEiEea4x_-ViuvmrQ-_uQjUCOEiEea4x_-ViuvmrQ-serialVersionUIDselectionnumOptionsoptionButtonsspacing": {
      "type": "data_clump",
      "key": "fields_to_fields_data_clump-./NumPlayerSelector-_uQtsFuEiEea4x_-ViuvmrQ-_uQjUCOEiEea4x_-ViuvmrQ-serialVersionUIDselectionnumOptionsoptionButtonsspacing",
      "probability": 1,
      "from_file_path": "./NumPlayerSelector",
      "from_class_or_interface_name": "NumPlayerSelector",
      "from_class_or_interface_key": "_uQtsFuEiEea4x_-ViuvmrQ",
      "from_method_name": null,
      "from_method_key": null,
      "to_file_path": "./ColorSelector",
      "to_class_or_interface_key": "_uQjUCOEiEea4x_-ViuvmrQ",
      "to_class_or_interface_name": "NumPlayerSelector",
      "to_method_key": null,
      "to_method_name": null,
      "data_clump_type": "fields_to_fields_data_clump",
      "data_clump_data": {
        "_uQtsGOEiEea4x_-ViuvmrQ": {
          "key": "_uQtsGOEiEea4x_-ViuvmrQ",
          "name": "serialVersionUID",
          "type": null,
          "probability": 1,
          "modifiers": [
            "private"
          ],
          "to_variable": {
            "key": "_uQjUCuEiEea4x_-ViuvmrQ",
            "name": "serialVersionUID",
            "type": null,
            "modifiers": [
              "private"
            ],
            "position": {}
          },
          "position": {}
        },
        "_uQtsG-EiEea4x_-ViuvmrQ": {
          "key": "_uQtsG-EiEea4x_-ViuvmrQ",
          "name": "selection",
          "type": null,
          "probability": 1,
          "modifiers": [
            "private"
          ],
          "to_variable": {
            "key": "_uQjUDeEiEea4x_-ViuvmrQ",
            "name": "selection",
            "type": null,
            "modifiers": [
              "private"
            ],
            "position": {}
          },
          "position": {}
        },
        "_uQtsHuEiEea4x_-ViuvmrQ": {
          "key": "_uQtsHuEiEea4x_-ViuvmrQ",
          "name": "numOptions",
          "type": null,
          "probability": 1,
          "modifiers": [
            "private"
          ],
          "to_variable": {
            "key": "_uQj7FuEiEea4x_-ViuvmrQ",
            "name": "numOptions",
            "type": null,
            "modifiers": [
              "private"
            ],
            "position": {}
          },
          "position": {}
        },
        "_uQtsIeEiEea4x_-ViuvmrQ": {
          "key": "_uQtsIeEiEea4x_-ViuvmrQ",
          "name": "optionButtons",
          "type": null,
          "probability": 1,
          "modifiers": [
            "private"
          ],
          "to_variable": {
            "key": "_uQj7HOEiEea4x_-ViuvmrQ",
            "name": "optionButtons",
            "type": null,
            "modifiers": [
              "private"
            ],
            "position": {}
          },
          "position": {}
        },
        "_uQuTK-EiEea4x_-ViuvmrQ": {
          "key": "_uQuTK-EiEea4x_-ViuvmrQ",
          "name": "spacing",
          "type": null,
          "probability": 1,
          "modifiers": [
            "private"
          ],
          "to_variable": {
            "key": "_uQkiJuEiEea4x_-ViuvmrQ",
            "name": "spacing",
            "type": null,
            "modifiers": [
              "private"
            ],
            "position": {}
          },
          "position": {}
        }
      }
    }
  }
}