{
  "report_version": "unknown",
  "report_timestamp": "2025-03-26T23:03:38.733Z",
  "target_language": "java",
  "report_summary": {
    "additional": null,
    "amount_classes_or_interfaces_with_data_clumps": 3,
    "amount_files_with_data_clumps": 3,
    "amount_methods_with_data_clumps": 0,
    "fields_to_fields_data_clump": 6,
    "parameters_to_fields_data_clump": 0,
    "parameters_to_parameters_data_clump": 0,
    "amount_data_clumps": 6
  },
  "project_info": {
    "project_url": "unknown_project_url",
    "project_name": "bf822d3d-c821-4d23-8f1f-b25839ae6e5e",
    "project_version": "unknown_project_version",
    "project_commit_hash": "unknown",
    "project_tag": null,
    "project_commit_date": null,
    "additional": {},
    "number_of_files": 9,
    "number_of_classes_or_interfaces": 9,
    "number_of_methods": 48,
    "number_of_data_fields": 39,
    "number_of_method_parameters": 1
  },
  "detector": {
    "name": "data-clumps-doctor",
    "url": "https://github.com/NilsBaumgartner1994/data-clumps-doctor",
    "version": "0.1.100",
    "options": {
      "typeVariablesConsidered": false,
      "similarityModifierOfVariablesWithUnknownType": 0,
      "fieldsOfClassesWithUnknownHierarchyProbabilityModifier": 0,
      "sharedFieldsToFieldsAmountMinimum": 3,
      "analyseFieldsInClassesOrInterfacesInheritedFromSuperClassesOrInterfaces": false,
      "sharedParametersToParametersAmountMinimum": 3,
      "sharedParametersToFieldsAmountMinimum": 3,
      "methodsOfClassesOrInterfacesWithUnknownHierarchyProbabilityModifier": 0
    }
  },
  "data_clumps": {
    "fields_to_fields_data_clump-./Bebida-_2pvrsDwpEDKTsvvbIiY5-Q-_XIYJID66EDKYpr7d-slg0w-codigoProductonombredescripcioncantidadprecio": {
      "type": "data_clump",
      "key": "fields_to_fields_data_clump-./Bebida-_2pvrsDwpEDKTsvvbIiY5-Q-_XIYJID66EDKYpr7d-slg0w-codigoProductonombredescripcioncantidadprecio",
      "probability": 1,
      "from_file_path": "./Bebida",
      "from_class_or_interface_name": "Bebida",
      "from_class_or_interface_key": "_2pvrsDwpEDKTsvvbIiY5-Q",
      "from_method_name": null,
      "from_method_key": null,
      "to_file_path": "./Ingrediente",
      "to_class_or_interface_key": "_XIYJID66EDKYpr7d-slg0w",
      "to_class_or_interface_name": "Bebida",
      "to_method_key": null,
      "to_method_name": null,
      "data_clump_type": "fields_to_fields_data_clump",
      "data_clump_data": {
        "_r1IMYD63EDKYpr7d-slg0w": {
          "key": "_r1IMYD63EDKYpr7d-slg0w",
          "name": "codigoProducto",
          "type": null,
          "probability": 1,
          "modifiers": [
            "private"
          ],
          "to_variable": {
            "key": "_bgCF4D66EDKYpr7d-slg0w",
            "name": "codigoProducto",
            "type": null,
            "modifiers": [
              "private"
            ],
            "position": {}
          },
          "position": {}
        },
        "_zgaI8D6qEDKYpr7d-slg0w": {
          "key": "_zgaI8D6qEDKYpr7d-slg0w",
          "name": "nombre",
          "type": null,
          "probability": 1,
          "modifiers": [
            "private"
          ],
          "to_variable": {
            "key": "_dGo3UD66EDKYpr7d-slg0w",
            "name": "nombre",
            "type": null,
            "modifiers": [
              "private"
            ],
            "position": {}
          },
          "position": {}
        },
        "_o5tkID63EDKYpr7d-slg0w": {
          "key": "_o5tkID63EDKYpr7d-slg0w",
          "name": "descripcion",
          "type": null,
          "probability": 1,
          "modifiers": [
            "private"
          ],
          "to_variable": {
            "key": "_eP924D66EDKYpr7d-slg0w",
            "name": "descripcion",
            "type": null,
            "modifiers": [
              "private"
            ],
            "position": {}
          },
          "position": {}
        },
        "_15eSED6qEDKYpr7d-slg0w": {
          "key": "_15eSED6qEDKYpr7d-slg0w",
          "name": "cantidad",
          "type": null,
          "probability": 1,
          "modifiers": [
            "private"
          ],
          "to_variable": {
            "key": "_fbo_0D66EDKYpr7d-slg0w",
            "name": "cantidad",
            "type": null,
            "modifiers": [
              "private"
            ],
            "position": {}
          },
          "position": {}
        },
        "_0lapMD6qEDKYpr7d-slg0w": {
          "key": "_0lapMD6qEDKYpr7d-slg0w",
          "name": "precio",
          "type": null,
          "probability": 1,
          "modifiers": [
            "private"
          ],
          "to_variable": {
            "key": "_g5e20D66EDKYpr7d-slg0w",
            "name": "precio",
            "type": null,
            "modifiers": [
              "private"
            ],
            "position": {}
          },
          "position": {}
        }
      }
    },
    "fields_to_fields_data_clump-./Bebida-_2pvrsDwpEDKTsvvbIiY5-Q-_Gyiy4D6pEDKYpr7d-slg0w-codigoProductonombredescripcioncantidadprecioexistenUnidades": {
      "type": "data_clump",
      "key": "fields_to_fields_data_clump-./Bebida-_2pvrsDwpEDKTsvvbIiY5-Q-_Gyiy4D6pEDKYpr7d-slg0w-codigoProductonombredescripcioncantidadprecioexistenUnidades",
      "probability": 1,
      "from_file_path": "./Bebida",
      "from_class_or_interface_name": "Bebida",
      "from_class_or_interface_key": "_2pvrsDwpEDKTsvvbIiY5-Q",
      "from_method_name": null,
      "from_method_key": null,
      "to_file_path": "./Plato",
      "to_class_or_interface_key": "_Gyiy4D6pEDKYpr7d-slg0w",
      "to_class_or_interface_name": "Bebida",
      "to_method_key": null,
      "to_method_name": null,
      "data_clump_type": "fields_to_fields_data_clump",
      "data_clump_data": {
        "_r1IMYD63EDKYpr7d-slg0w": {
          "key": "_r1IMYD63EDKYpr7d-slg0w",
          "name": "codigoProducto",
          "type": null,
          "probability": 1,
          "modifiers": [
            "private"
          ],
          "to_variable": {
            "key": "_K8GpQD6pEDKYpr7d-slg0w",
            "name": "codigoProducto",
            "type": null,
            "modifiers": [
              "private"
            ],
            "position": {}
          },
          "position": {}
        },
        "_zgaI8D6qEDKYpr7d-slg0w": {
          "key": "_zgaI8D6qEDKYpr7d-slg0w",
          "name": "nombre",
          "type": null,
          "probability": 1,
          "modifiers": [
            "private"
          ],
          "to_variable": {
            "key": "_RD8xQD6pEDKYpr7d-slg0w",
            "name": "nombre",
            "type": null,
            "modifiers": [
              "private"
            ],
            "position": {}
          },
          "position": {}
        },
        "_o5tkID63EDKYpr7d-slg0w": {
          "key": "_o5tkID63EDKYpr7d-slg0w",
          "name": "descripcion",
          "type": null,
          "probability": 1,
          "modifiers": [
            "private"
          ],
          "to_variable": {
            "key": "_S1-IgD6pEDKYpr7d-slg0w",
            "name": "descripcion",
            "type": null,
            "modifiers": [
              "private"
            ],
            "position": {}
          },
          "position": {}
        },
        "_15eSED6qEDKYpr7d-slg0w": {
          "key": "_15eSED6qEDKYpr7d-slg0w",
          "name": "cantidad",
          "type": null,
          "probability": 1,
          "modifiers": [
            "private"
          ],
          "to_variable": {
            "key": "_0alHoD6pEDKYpr7d-slg0w",
            "name": "cantidad",
            "type": null,
            "modifiers": [
              "private"
            ],
            "position": {}
          },
          "position": {}
        },
        "_0lapMD6qEDKYpr7d-slg0w": {
          "key": "_0lapMD6qEDKYpr7d-slg0w",
          "name": "precio",
          "type": null,
          "probability": 1,
          "modifiers": [
            "private"
          ],
          "to_variable": {
            "key": "_Us8RMD6pEDKYpr7d-slg0w",
            "name": "precio",
            "type": null,
            "modifiers": [
              "private"
            ],
            "position": {}
          },
          "position": {}
        },
        "_UIOmUD7EEDKIcew_2LOzQQ": {
          "key": "_UIOmUD7EEDKIcew_2LOzQQ",
          "name": "existenUnidades",
          "type": null,
          "probability": 1,
          "modifiers": [
            "private"
          ],
          "to_variable": {
            "key": "_hTvXoD6_EDKYpr7d-slg0w",
            "name": "existenUnidades",
            "type": null,
            "modifiers": [
              "private"
            ],
            "position": {}
          },
          "position": {}
        }
      }
    },
    "fields_to_fields_data_clump-./Ingrediente-_XIYJID66EDKYpr7d-slg0w-_2pvrsDwpEDKTsvvbIiY5-Q-codigoProductonombredescripcioncantidadprecio": {
      "type": "data_clump",
      "key": "fields_to_fields_data_clump-./Ingrediente-_XIYJID66EDKYpr7d-slg0w-_2pvrsDwpEDKTsvvbIiY5-Q-codigoProductonombredescripcioncantidadprecio",
      "probability": 1,
      "from_file_path": "./Ingrediente",
      "from_class_or_interface_name": "Ingrediente",
      "from_class_or_interface_key": "_XIYJID66EDKYpr7d-slg0w",
      "from_method_name": null,
      "from_method_key": null,
      "to_file_path": "./Bebida",
      "to_class_or_interface_key": "_2pvrsDwpEDKTsvvbIiY5-Q",
      "to_class_or_interface_name": "Ingrediente",
      "to_method_key": null,
      "to_method_name": null,
      "data_clump_type": "fields_to_fields_data_clump",
      "data_clump_data": {
        "_bgCF4D66EDKYpr7d-slg0w": {
          "key": "_bgCF4D66EDKYpr7d-slg0w",
          "name": "codigoProducto",
          "type": null,
          "probability": 1,
          "modifiers": [
            "private"
          ],
          "to_variable": {
            "key": "_r1IMYD63EDKYpr7d-slg0w",
            "name": "codigoProducto",
            "type": null,
            "modifiers": [
              "private"
            ],
            "position": {}
          },
          "position": {}
        },
        "_dGo3UD66EDKYpr7d-slg0w": {
          "key": "_dGo3UD66EDKYpr7d-slg0w",
          "name": "nombre",
          "type": null,
          "probability": 1,
          "modifiers": [
            "private"
          ],
          "to_variable": {
            "key": "_zgaI8D6qEDKYpr7d-slg0w",
            "name": "nombre",
            "type": null,
            "modifiers": [
              "private"
            ],
            "position": {}
          },
          "position": {}
        },
        "_eP924D66EDKYpr7d-slg0w": {
          "key": "_eP924D66EDKYpr7d-slg0w",
          "name": "descripcion",
          "type": null,
          "probability": 1,
          "modifiers": [
            "private"
          ],
          "to_variable": {
            "key": "_o5tkID63EDKYpr7d-slg0w",
            "name": "descripcion",
            "type": null,
            "modifiers": [
              "private"
            ],
            "position": {}
          },
          "position": {}
        },
        "_fbo_0D66EDKYpr7d-slg0w": {
          "key": "_fbo_0D66EDKYpr7d-slg0w",
          "name": "cantidad",
          "type": null,
          "probability": 1,
          "modifiers": [
            "private"
          ],
          "to_variable": {
            "key": "_15eSED6qEDKYpr7d-slg0w",
            "name": "cantidad",
            "type": null,
            "modifiers": [
              "private"
            ],
            "position": {}
          },
          "position": {}
        },
        "_g5e20D66EDKYpr7d-slg0w": {
          "key": "_g5e20D66EDKYpr7d-slg0w",
          "name": "precio",
          "type": null,
          "probability": 1,
          "modifiers": [
            "private"
          ],
          "to_variable": {
            "key": "_0lapMD6qEDKYpr7d-slg0w",
            "name": "precio",
            "type": null,
            "modifiers": [
              "private"
            ],
            "position": {}
          },
          "position": {}
        }
      }
    },
    "fields_to_fields_data_clump-./Ingrediente-_XIYJID66EDKYpr7d-slg0w-_Gyiy4D6pEDKYpr7d-slg0w-codigoProductonombredescripcioncantidadprecio": {
      "type": "data_clump",
      "key": "fields_to_fields_data_clump-./Ingrediente-_XIYJID66EDKYpr7d-slg0w-_Gyiy4D6pEDKYpr7d-slg0w-codigoProductonombredescripcioncantidadprecio",
      "probability": 1,
      "from_file_path": "./Ingrediente",
      "from_class_or_interface_name": "Ingrediente",
      "from_class_or_interface_key": "_XIYJID66EDKYpr7d-slg0w",
      "from_method_name": null,
      "from_method_key": null,
      "to_file_path": "./Plato",
      "to_class_or_interface_key": "_Gyiy4D6pEDKYpr7d-slg0w",
      "to_class_or_interface_name": "Ingrediente",
      "to_method_key": null,
      "to_method_name": null,
      "data_clump_type": "fields_to_fields_data_clump",
      "data_clump_data": {
        "_bgCF4D66EDKYpr7d-slg0w": {
          "key": "_bgCF4D66EDKYpr7d-slg0w",
          "name": "codigoProducto",
          "type": null,
          "probability": 1,
          "modifiers": [
            "private"
          ],
          "to_variable": {
            "key": "_K8GpQD6pEDKYpr7d-slg0w",
            "name": "codigoProducto",
            "type": null,
            "modifiers": [
              "private"
            ],
            "position": {}
          },
          "position": {}
        },
        "_dGo3UD66EDKYpr7d-slg0w": {
          "key": "_dGo3UD66EDKYpr7d-slg0w",
          "name": "nombre",
          "type": null,
          "probability": 1,
          "modifiers": [
            "private"
          ],
          "to_variable": {
            "key": "_RD8xQD6pEDKYpr7d-slg0w",
            "name": "nombre",
            "type": null,
            "modifiers": [
              "private"
            ],
            "position": {}
          },
          "position": {}
        },
        "_eP924D66EDKYpr7d-slg0w": {
          "key": "_eP924D66EDKYpr7d-slg0w",
          "name": "descripcion",
          "type": null,
          "probability": 1,
          "modifiers": [
            "private"
          ],
          "to_variable": {
            "key": "_S1-IgD6pEDKYpr7d-slg0w",
            "name": "descripcion",
            "type": null,
            "modifiers": [
              "private"
            ],
            "position": {}
          },
          "position": {}
        },
        "_fbo_0D66EDKYpr7d-slg0w": {
          "key": "_fbo_0D66EDKYpr7d-slg0w",
          "name": "cantidad",
          "type": null,
          "probability": 1,
          "modifiers": [
            "private"
          ],
          "to_variable": {
            "key": "_0alHoD6pEDKYpr7d-slg0w",
            "name": "cantidad",
            "type": null,
            "modifiers": [
              "private"
            ],
            "position": {}
          },
          "position": {}
        },
        "_g5e20D66EDKYpr7d-slg0w": {
          "key": "_g5e20D66EDKYpr7d-slg0w",
          "name": "precio",
          "type": null,
          "probability": 1,
          "modifiers": [
            "private"
          ],
          "to_variable": {
            "key": "_Us8RMD6pEDKYpr7d-slg0w",
            "name": "precio",
            "type": null,
            "modifiers": [
              "private"
            ],
            "position": {}
          },
          "position": {}
        }
      }
    },
    "fields_to_fields_data_clump-./Plato-_Gyiy4D6pEDKYpr7d-slg0w-_2pvrsDwpEDKTsvvbIiY5-Q-codigoProductonombredescripcioncantidadprecioexistenUnidades": {
      "type": "data_clump",
      "key": "fields_to_fields_data_clump-./Plato-_Gyiy4D6pEDKYpr7d-slg0w-_2pvrsDwpEDKTsvvbIiY5-Q-codigoProductonombredescripcioncantidadprecioexistenUnidades",
      "probability": 1,
      "from_file_path": "./Plato",
      "from_class_or_interface_name": "Plato",
      "from_class_or_interface_key": "_Gyiy4D6pEDKYpr7d-slg0w",
      "from_method_name": null,
      "from_method_key": null,
      "to_file_path": "./Bebida",
      "to_class_or_interface_key": "_2pvrsDwpEDKTsvvbIiY5-Q",
      "to_class_or_interface_name": "Plato",
      "to_method_key": null,
      "to_method_name": null,
      "data_clump_type": "fields_to_fields_data_clump",
      "data_clump_data": {
        "_K8GpQD6pEDKYpr7d-slg0w": {
          "key": "_K8GpQD6pEDKYpr7d-slg0w",
          "name": "codigoProducto",
          "type": null,
          "probability": 1,
          "modifiers": [
            "private"
          ],
          "to_variable": {
            "key": "_r1IMYD63EDKYpr7d-slg0w",
            "name": "codigoProducto",
            "type": null,
            "modifiers": [
              "private"
            ],
            "position": {}
          },
          "position": {}
        },
        "_RD8xQD6pEDKYpr7d-slg0w": {
          "key": "_RD8xQD6pEDKYpr7d-slg0w",
          "name": "nombre",
          "type": null,
          "probability": 1,
          "modifiers": [
            "private"
          ],
          "to_variable": {
            "key": "_zgaI8D6qEDKYpr7d-slg0w",
            "name": "nombre",
            "type": null,
            "modifiers": [
              "private"
            ],
            "position": {}
          },
          "position": {}
        },
        "_S1-IgD6pEDKYpr7d-slg0w": {
          "key": "_S1-IgD6pEDKYpr7d-slg0w",
          "name": "descripcion",
          "type": null,
          "probability": 1,
          "modifiers": [
            "private"
          ],
          "to_variable": {
            "key": "_o5tkID63EDKYpr7d-slg0w",
            "name": "descripcion",
            "type": null,
            "modifiers": [
              "private"
            ],
            "position": {}
          },
          "position": {}
        },
        "_0alHoD6pEDKYpr7d-slg0w": {
          "key": "_0alHoD6pEDKYpr7d-slg0w",
          "name": "cantidad",
          "type": null,
          "probability": 1,
          "modifiers": [
            "private"
          ],
          "to_variable": {
            "key": "_15eSED6qEDKYpr7d-slg0w",
            "name": "cantidad",
            "type": null,
            "modifiers": [
              "private"
            ],
            "position": {}
          },
          "position": {}
        },
        "_Us8RMD6pEDKYpr7d-slg0w": {
          "key": "_Us8RMD6pEDKYpr7d-slg0w",
          "name": "precio",
          "type": null,
          "probability": 1,
          "modifiers": [
            "private"
          ],
          "to_variable": {
            "key": "_0lapMD6qEDKYpr7d-slg0w",
            "name": "precio",
            "type": null,
            "modifiers": [
              "private"
            ],
            "position": {}
          },
          "position": {}
        },
        "_hTvXoD6_EDKYpr7d-slg0w": {
          "key": "_hTvXoD6_EDKYpr7d-slg0w",
          "name": "existenUnidades",
          "type": null,
          "probability": 1,
          "modifiers": [
            "private"
          ],
          "to_variable": {
            "key": "_UIOmUD7EEDKIcew_2LOzQQ",
            "name": "existenUnidades",
            "type": null,
            "modifiers": [
              "private"
            ],
            "position": {}
          },
          "position": {}
        }
      }
    },
    "fields_to_fields_data_clump-./Plato-_Gyiy4D6pEDKYpr7d-slg0w-_XIYJID66EDKYpr7d-slg0w-codigoProductonombredescripcioncantidadprecio": {
      "type": "data_clump",
      "key": "fields_to_fields_data_clump-./Plato-_Gyiy4D6pEDKYpr7d-slg0w-_XIYJID66EDKYpr7d-slg0w-codigoProductonombredescripcioncantidadprecio",
      "probability": 1,
      "from_file_path": "./Plato",
      "from_class_or_interface_name": "Plato",
      "from_class_or_interface_key": "_Gyiy4D6pEDKYpr7d-slg0w",
      "from_method_name": null,
      "from_method_key": null,
      "to_file_path": "./Ingrediente",
      "to_class_or_interface_key": "_XIYJID66EDKYpr7d-slg0w",
      "to_class_or_interface_name": "Plato",
      "to_method_key": null,
      "to_method_name": null,
      "data_clump_type": "fields_to_fields_data_clump",
      "data_clump_data": {
        "_K8GpQD6pEDKYpr7d-slg0w": {
          "key": "_K8GpQD6pEDKYpr7d-slg0w",
          "name": "codigoProducto",
          "type": null,
          "probability": 1,
          "modifiers": [
            "private"
          ],
          "to_variable": {
            "key": "_bgCF4D66EDKYpr7d-slg0w",
            "name": "codigoProducto",
            "type": null,
            "modifiers": [
              "private"
            ],
            "position": {}
          },
          "position": {}
        },
        "_RD8xQD6pEDKYpr7d-slg0w": {
          "key": "_RD8xQD6pEDKYpr7d-slg0w",
          "name": "nombre",
          "type": null,
          "probability": 1,
          "modifiers": [
            "private"
          ],
          "to_variable": {
            "key": "_dGo3UD66EDKYpr7d-slg0w",
            "name": "nombre",
            "type": null,
            "modifiers": [
              "private"
            ],
            "position": {}
          },
          "position": {}
        },
        "_S1-IgD6pEDKYpr7d-slg0w": {
          "key": "_S1-IgD6pEDKYpr7d-slg0w",
          "name": "descripcion",
          "type": null,
          "probability": 1,
          "modifiers": [
            "private"
          ],
          "to_variable": {
            "key": "_eP924D66EDKYpr7d-slg0w",
            "name": "descripcion",
            "type": null,
            "modifiers": [
              "private"
            ],
            "position": {}
          },
          "position": {}
        },
        "_0alHoD6pEDKYpr7d-slg0w": {
          "key": "_0alHoD6pEDKYpr7d-slg0w",
          "name": "cantidad",
          "type": null,
          "probability": 1,
          "modifiers": [
            "private"
          ],
          "to_variable": {
            "key": "_fbo_0D66EDKYpr7d-slg0w",
            "name": "cantidad",
            "type": null,
            "modifiers": [
              "private"
            ],
            "position": {}
          },
          "position": {}
        },
        "_Us8RMD6pEDKYpr7d-slg0w": {
          "key": "_Us8RMD6pEDKYpr7d-slg0w",
          "name": "precio",
          "type": null,
          "probability": 1,
          "modifiers": [
            "private"
          ],
          "to_variable": {
            "key": "_g5e20D66EDKYpr7d-slg0w",
            "name": "precio",
            "type": null,
            "modifiers": [
              "private"
            ],
            "position": {}
          },
          "position": {}
        }
      }
    }
  }
}