{
  "report_version": "unknown",
  "report_timestamp": "2025-03-26T22:03:15.113Z",
  "target_language": "java",
  "report_summary": {
    "additional": null,
    "amount_classes_or_interfaces_with_data_clumps": 4,
    "amount_files_with_data_clumps": 4,
    "amount_methods_with_data_clumps": 0,
    "fields_to_fields_data_clump": 10,
    "parameters_to_fields_data_clump": 0,
    "parameters_to_parameters_data_clump": 0,
    "amount_data_clumps": 10
  },
  "project_info": {
    "project_url": "unknown_project_url",
    "project_name": "_SPvwIOZnEeeGy5tFxte9Vg",
    "project_version": "unknown_project_version",
    "project_commit_hash": "unknown",
    "project_tag": null,
    "project_commit_date": null,
    "additional": {},
    "number_of_files": 8,
    "number_of_classes_or_interfaces": 8,
    "number_of_methods": 0,
    "number_of_data_fields": 30,
    "number_of_method_parameters": 0
  },
  "detector": {
    "name": "data-clumps-doctor",
    "url": "https://github.com/NilsBaumgartner1994/data-clumps-doctor",
    "version": "0.1.100",
    "options": {
      "typeVariablesConsidered": false,
      "similarityModifierOfVariablesWithUnknownType": 0,
      "fieldsOfClassesWithUnknownHierarchyProbabilityModifier": 0,
      "sharedFieldsToFieldsAmountMinimum": 3,
      "analyseFieldsInClassesOrInterfacesInheritedFromSuperClassesOrInterfaces": false,
      "sharedParametersToParametersAmountMinimum": 3,
      "sharedParametersToFieldsAmountMinimum": 3,
      "methodsOfClassesOrInterfacesWithUnknownHierarchyProbabilityModifier": 0
    }
  },
  "data_clumps": {
    "fields_to_fields_data_clump-./HerramientaYEquipo-_I7cnAciWEDWG-L52XjJePw-_EaoHMciWEDWG-L52XjJePw-unidadrendimientovrUnitcodigo": {
      "type": "data_clump",
      "key": "fields_to_fields_data_clump-./HerramientaYEquipo-_I7cnAciWEDWG-L52XjJePw-_EaoHMciWEDWG-L52XjJePw-unidadrendimientovrUnitcodigo",
      "probability": 1,
      "from_file_path": "./HerramientaYEquipo",
      "from_class_or_interface_name": "HerramientaYEquipo",
      "from_class_or_interface_key": "_I7cnAciWEDWG-L52XjJePw",
      "from_method_name": null,
      "from_method_key": null,
      "to_file_path": "./ManoDeObra",
      "to_class_or_interface_key": "_EaoHMciWEDWG-L52XjJePw",
      "to_class_or_interface_name": "HerramientaYEquipo",
      "to_method_key": null,
      "to_method_name": null,
      "data_clump_type": "fields_to_fields_data_clump",
      "data_clump_data": {
        "_xjtkMciYEDWG-L52XjJePw": {
          "key": "_xjtkMciYEDWG-L52XjJePw",
          "name": "unidad",
          "type": null,
          "probability": 1,
          "modifiers": [],
          "to_variable": {
            "key": "_V5mDAMiXEDWG-L52XjJePw",
            "name": "unidad",
            "type": null,
            "modifiers": [],
            "position": {}
          },
          "position": {}
        },
        "_5P3XkMiYEDWG-L52XjJePw": {
          "key": "_5P3XkMiYEDWG-L52XjJePw",
          "name": "rendimiento",
          "type": null,
          "probability": 1,
          "modifiers": [],
          "to_variable": {
            "key": "_iQa1wMiXEDWG-L52XjJePw",
            "name": "rendimiento",
            "type": null,
            "modifiers": [],
            "position": {}
          },
          "position": {}
        },
        "_9vin4ciYEDWG-L52XjJePw": {
          "key": "_9vin4ciYEDWG-L52XjJePw",
          "name": "vrUnit",
          "type": null,
          "probability": 1,
          "modifiers": [],
          "to_variable": {
            "key": "_n2Qc4ciXEDWG-L52XjJePw",
            "name": "vrUnit",
            "type": null,
            "modifiers": [],
            "position": {}
          },
          "position": {}
        },
        "_QGSVsMiZEDWG-L52XjJePw": {
          "key": "_QGSVsMiZEDWG-L52XjJePw",
          "name": "codigo",
          "type": null,
          "probability": 1,
          "modifiers": [],
          "to_variable": {
            "key": "_q0pgoMiXEDWG-L52XjJePw",
            "name": "codigo",
            "type": null,
            "modifiers": [],
            "position": {}
          },
          "position": {}
        }
      }
    },
    "fields_to_fields_data_clump-./HerramientaYEquipo-_I7cnAciWEDWG-L52XjJePw-__rZX8ciVEDWG-L52XjJePw-descripcionunidadcodigo": {
      "type": "data_clump",
      "key": "fields_to_fields_data_clump-./HerramientaYEquipo-_I7cnAciWEDWG-L52XjJePw-__rZX8ciVEDWG-L52XjJePw-descripcionunidadcodigo",
      "probability": 1,
      "from_file_path": "./HerramientaYEquipo",
      "from_class_or_interface_name": "HerramientaYEquipo",
      "from_class_or_interface_key": "_I7cnAciWEDWG-L52XjJePw",
      "from_method_name": null,
      "from_method_key": null,
      "to_file_path": "./Material",
      "to_class_or_interface_key": "__rZX8ciVEDWG-L52XjJePw",
      "to_class_or_interface_name": "HerramientaYEquipo",
      "to_method_key": null,
      "to_method_name": null,
      "data_clump_type": "fields_to_fields_data_clump",
      "data_clump_data": {
        "_ti9EgMiYEDWG-L52XjJePw": {
          "key": "_ti9EgMiYEDWG-L52XjJePw",
          "name": "descripcion",
          "type": null,
          "probability": 1,
          "modifiers": [],
          "to_variable": {
            "key": "_7hDB8ciWEDWG-L52XjJePw",
            "name": "descripcion",
            "type": null,
            "modifiers": [],
            "position": {}
          },
          "position": {}
        },
        "_xjtkMciYEDWG-L52XjJePw": {
          "key": "_xjtkMciYEDWG-L52XjJePw",
          "name": "unidad",
          "type": null,
          "probability": 1,
          "modifiers": [],
          "to_variable": {
            "key": "_9pVkIciWEDWG-L52XjJePw",
            "name": "unidad",
            "type": null,
            "modifiers": [],
            "position": {}
          },
          "position": {}
        },
        "_QGSVsMiZEDWG-L52XjJePw": {
          "key": "_QGSVsMiZEDWG-L52XjJePw",
          "name": "codigo",
          "type": null,
          "probability": 1,
          "modifiers": [],
          "to_variable": {
            "key": "_06sjkciXEDWG-L52XjJePw",
            "name": "codigo",
            "type": null,
            "modifiers": [],
            "position": {}
          },
          "position": {}
        }
      }
    },
    "fields_to_fields_data_clump-./HerramientaYEquipo-_I7cnAciWEDWG-L52XjJePw-_MFNNQMiWEDWG-L52XjJePw-descripcionunidadrendimientovrUnitcodigo": {
      "type": "data_clump",
      "key": "fields_to_fields_data_clump-./HerramientaYEquipo-_I7cnAciWEDWG-L52XjJePw-_MFNNQMiWEDWG-L52XjJePw-descripcionunidadrendimientovrUnitcodigo",
      "probability": 1,
      "from_file_path": "./HerramientaYEquipo",
      "from_class_or_interface_name": "HerramientaYEquipo",
      "from_class_or_interface_key": "_I7cnAciWEDWG-L52XjJePw",
      "from_method_name": null,
      "from_method_key": null,
      "to_file_path": "./Transporte",
      "to_class_or_interface_key": "_MFNNQMiWEDWG-L52XjJePw",
      "to_class_or_interface_name": "HerramientaYEquipo",
      "to_method_key": null,
      "to_method_name": null,
      "data_clump_type": "fields_to_fields_data_clump",
      "data_clump_data": {
        "_ti9EgMiYEDWG-L52XjJePw": {
          "key": "_ti9EgMiYEDWG-L52XjJePw",
          "name": "descripcion",
          "type": null,
          "probability": 1,
          "modifiers": [],
          "to_variable": {
            "key": "_B4pLQciZEDWG-L52XjJePw",
            "name": "descripcion",
            "type": null,
            "modifiers": [],
            "position": {}
          },
          "position": {}
        },
        "_xjtkMciYEDWG-L52XjJePw": {
          "key": "_xjtkMciYEDWG-L52XjJePw",
          "name": "unidad",
          "type": null,
          "probability": 1,
          "modifiers": [],
          "to_variable": {
            "key": "_FIM3gciZEDWG-L52XjJePw",
            "name": "unidad",
            "type": null,
            "modifiers": [],
            "position": {}
          },
          "position": {}
        },
        "_5P3XkMiYEDWG-L52XjJePw": {
          "key": "_5P3XkMiYEDWG-L52XjJePw",
          "name": "rendimiento",
          "type": null,
          "probability": 1,
          "modifiers": [],
          "to_variable": {
            "key": "_LOrtkMiZEDWG-L52XjJePw",
            "name": "rendimiento",
            "type": null,
            "modifiers": [],
            "position": {}
          },
          "position": {}
        },
        "_9vin4ciYEDWG-L52XjJePw": {
          "key": "_9vin4ciYEDWG-L52XjJePw",
          "name": "vrUnit",
          "type": null,
          "probability": 1,
          "modifiers": [],
          "to_variable": {
            "key": "_MkXuIMiZEDWG-L52XjJePw",
            "name": "vrUnit",
            "type": null,
            "modifiers": [],
            "position": {}
          },
          "position": {}
        },
        "_QGSVsMiZEDWG-L52XjJePw": {
          "key": "_QGSVsMiZEDWG-L52XjJePw",
          "name": "codigo",
          "type": null,
          "probability": 1,
          "modifiers": [],
          "to_variable": {
            "key": "_QaHQoMiZEDWG-L52XjJePw",
            "name": "codigo",
            "type": null,
            "modifiers": [],
            "position": {}
          },
          "position": {}
        }
      }
    },
    "fields_to_fields_data_clump-./ManoDeObra-_EaoHMciWEDWG-L52XjJePw-_I7cnAciWEDWG-L52XjJePw-unidadrendimientovrUnitcodigo": {
      "type": "data_clump",
      "key": "fields_to_fields_data_clump-./ManoDeObra-_EaoHMciWEDWG-L52XjJePw-_I7cnAciWEDWG-L52XjJePw-unidadrendimientovrUnitcodigo",
      "probability": 1,
      "from_file_path": "./ManoDeObra",
      "from_class_or_interface_name": "ManoDeObra",
      "from_class_or_interface_key": "_EaoHMciWEDWG-L52XjJePw",
      "from_method_name": null,
      "from_method_key": null,
      "to_file_path": "./HerramientaYEquipo",
      "to_class_or_interface_key": "_I7cnAciWEDWG-L52XjJePw",
      "to_class_or_interface_name": "ManoDeObra",
      "to_method_key": null,
      "to_method_name": null,
      "data_clump_type": "fields_to_fields_data_clump",
      "data_clump_data": {
        "_V5mDAMiXEDWG-L52XjJePw": {
          "key": "_V5mDAMiXEDWG-L52XjJePw",
          "name": "unidad",
          "type": null,
          "probability": 1,
          "modifiers": [],
          "to_variable": {
            "key": "_xjtkMciYEDWG-L52XjJePw",
            "name": "unidad",
            "type": null,
            "modifiers": [],
            "position": {}
          },
          "position": {}
        },
        "_iQa1wMiXEDWG-L52XjJePw": {
          "key": "_iQa1wMiXEDWG-L52XjJePw",
          "name": "rendimiento",
          "type": null,
          "probability": 1,
          "modifiers": [],
          "to_variable": {
            "key": "_5P3XkMiYEDWG-L52XjJePw",
            "name": "rendimiento",
            "type": null,
            "modifiers": [],
            "position": {}
          },
          "position": {}
        },
        "_n2Qc4ciXEDWG-L52XjJePw": {
          "key": "_n2Qc4ciXEDWG-L52XjJePw",
          "name": "vrUnit",
          "type": null,
          "probability": 1,
          "modifiers": [],
          "to_variable": {
            "key": "_9vin4ciYEDWG-L52XjJePw",
            "name": "vrUnit",
            "type": null,
            "modifiers": [],
            "position": {}
          },
          "position": {}
        },
        "_q0pgoMiXEDWG-L52XjJePw": {
          "key": "_q0pgoMiXEDWG-L52XjJePw",
          "name": "codigo",
          "type": null,
          "probability": 1,
          "modifiers": [],
          "to_variable": {
            "key": "_QGSVsMiZEDWG-L52XjJePw",
            "name": "codigo",
            "type": null,
            "modifiers": [],
            "position": {}
          },
          "position": {}
        }
      }
    },
    "fields_to_fields_data_clump-./ManoDeObra-_EaoHMciWEDWG-L52XjJePw-_MFNNQMiWEDWG-L52XjJePw-unidadrendimientovrUnitcodigo": {
      "type": "data_clump",
      "key": "fields_to_fields_data_clump-./ManoDeObra-_EaoHMciWEDWG-L52XjJePw-_MFNNQMiWEDWG-L52XjJePw-unidadrendimientovrUnitcodigo",
      "probability": 1,
      "from_file_path": "./ManoDeObra",
      "from_class_or_interface_name": "ManoDeObra",
      "from_class_or_interface_key": "_EaoHMciWEDWG-L52XjJePw",
      "from_method_name": null,
      "from_method_key": null,
      "to_file_path": "./Transporte",
      "to_class_or_interface_key": "_MFNNQMiWEDWG-L52XjJePw",
      "to_class_or_interface_name": "ManoDeObra",
      "to_method_key": null,
      "to_method_name": null,
      "data_clump_type": "fields_to_fields_data_clump",
      "data_clump_data": {
        "_V5mDAMiXEDWG-L52XjJePw": {
          "key": "_V5mDAMiXEDWG-L52XjJePw",
          "name": "unidad",
          "type": null,
          "probability": 1,
          "modifiers": [],
          "to_variable": {
            "key": "_FIM3gciZEDWG-L52XjJePw",
            "name": "unidad",
            "type": null,
            "modifiers": [],
            "position": {}
          },
          "position": {}
        },
        "_iQa1wMiXEDWG-L52XjJePw": {
          "key": "_iQa1wMiXEDWG-L52XjJePw",
          "name": "rendimiento",
          "type": null,
          "probability": 1,
          "modifiers": [],
          "to_variable": {
            "key": "_LOrtkMiZEDWG-L52XjJePw",
            "name": "rendimiento",
            "type": null,
            "modifiers": [],
            "position": {}
          },
          "position": {}
        },
        "_n2Qc4ciXEDWG-L52XjJePw": {
          "key": "_n2Qc4ciXEDWG-L52XjJePw",
          "name": "vrUnit",
          "type": null,
          "probability": 1,
          "modifiers": [],
          "to_variable": {
            "key": "_MkXuIMiZEDWG-L52XjJePw",
            "name": "vrUnit",
            "type": null,
            "modifiers": [],
            "position": {}
          },
          "position": {}
        },
        "_q0pgoMiXEDWG-L52XjJePw": {
          "key": "_q0pgoMiXEDWG-L52XjJePw",
          "name": "codigo",
          "type": null,
          "probability": 1,
          "modifiers": [],
          "to_variable": {
            "key": "_QaHQoMiZEDWG-L52XjJePw",
            "name": "codigo",
            "type": null,
            "modifiers": [],
            "position": {}
          },
          "position": {}
        }
      }
    },
    "fields_to_fields_data_clump-./Material-__rZX8ciVEDWG-L52XjJePw-_I7cnAciWEDWG-L52XjJePw-descripcionunidadcodigo": {
      "type": "data_clump",
      "key": "fields_to_fields_data_clump-./Material-__rZX8ciVEDWG-L52XjJePw-_I7cnAciWEDWG-L52XjJePw-descripcionunidadcodigo",
      "probability": 1,
      "from_file_path": "./Material",
      "from_class_or_interface_name": "Material",
      "from_class_or_interface_key": "__rZX8ciVEDWG-L52XjJePw",
      "from_method_name": null,
      "from_method_key": null,
      "to_file_path": "./HerramientaYEquipo",
      "to_class_or_interface_key": "_I7cnAciWEDWG-L52XjJePw",
      "to_class_or_interface_name": "Material",
      "to_method_key": null,
      "to_method_name": null,
      "data_clump_type": "fields_to_fields_data_clump",
      "data_clump_data": {
        "_7hDB8ciWEDWG-L52XjJePw": {
          "key": "_7hDB8ciWEDWG-L52XjJePw",
          "name": "descripcion",
          "type": null,
          "probability": 1,
          "modifiers": [],
          "to_variable": {
            "key": "_ti9EgMiYEDWG-L52XjJePw",
            "name": "descripcion",
            "type": null,
            "modifiers": [],
            "position": {}
          },
          "position": {}
        },
        "_9pVkIciWEDWG-L52XjJePw": {
          "key": "_9pVkIciWEDWG-L52XjJePw",
          "name": "unidad",
          "type": null,
          "probability": 1,
          "modifiers": [],
          "to_variable": {
            "key": "_xjtkMciYEDWG-L52XjJePw",
            "name": "unidad",
            "type": null,
            "modifiers": [],
            "position": {}
          },
          "position": {}
        },
        "_06sjkciXEDWG-L52XjJePw": {
          "key": "_06sjkciXEDWG-L52XjJePw",
          "name": "codigo",
          "type": null,
          "probability": 1,
          "modifiers": [],
          "to_variable": {
            "key": "_QGSVsMiZEDWG-L52XjJePw",
            "name": "codigo",
            "type": null,
            "modifiers": [],
            "position": {}
          },
          "position": {}
        }
      }
    },
    "fields_to_fields_data_clump-./Material-__rZX8ciVEDWG-L52XjJePw-_MFNNQMiWEDWG-L52XjJePw-descripcionunidadcodigo": {
      "type": "data_clump",
      "key": "fields_to_fields_data_clump-./Material-__rZX8ciVEDWG-L52XjJePw-_MFNNQMiWEDWG-L52XjJePw-descripcionunidadcodigo",
      "probability": 1,
      "from_file_path": "./Material",
      "from_class_or_interface_name": "Material",
      "from_class_or_interface_key": "__rZX8ciVEDWG-L52XjJePw",
      "from_method_name": null,
      "from_method_key": null,
      "to_file_path": "./Transporte",
      "to_class_or_interface_key": "_MFNNQMiWEDWG-L52XjJePw",
      "to_class_or_interface_name": "Material",
      "to_method_key": null,
      "to_method_name": null,
      "data_clump_type": "fields_to_fields_data_clump",
      "data_clump_data": {
        "_7hDB8ciWEDWG-L52XjJePw": {
          "key": "_7hDB8ciWEDWG-L52XjJePw",
          "name": "descripcion",
          "type": null,
          "probability": 1,
          "modifiers": [],
          "to_variable": {
            "key": "_B4pLQciZEDWG-L52XjJePw",
            "name": "descripcion",
            "type": null,
            "modifiers": [],
            "position": {}
          },
          "position": {}
        },
        "_9pVkIciWEDWG-L52XjJePw": {
          "key": "_9pVkIciWEDWG-L52XjJePw",
          "name": "unidad",
          "type": null,
          "probability": 1,
          "modifiers": [],
          "to_variable": {
            "key": "_FIM3gciZEDWG-L52XjJePw",
            "name": "unidad",
            "type": null,
            "modifiers": [],
            "position": {}
          },
          "position": {}
        },
        "_06sjkciXEDWG-L52XjJePw": {
          "key": "_06sjkciXEDWG-L52XjJePw",
          "name": "codigo",
          "type": null,
          "probability": 1,
          "modifiers": [],
          "to_variable": {
            "key": "_QaHQoMiZEDWG-L52XjJePw",
            "name": "codigo",
            "type": null,
            "modifiers": [],
            "position": {}
          },
          "position": {}
        }
      }
    },
    "fields_to_fields_data_clump-./Transporte-_MFNNQMiWEDWG-L52XjJePw-_I7cnAciWEDWG-L52XjJePw-descripcionunidadrendimientovrUnitcodigo": {
      "type": "data_clump",
      "key": "fields_to_fields_data_clump-./Transporte-_MFNNQMiWEDWG-L52XjJePw-_I7cnAciWEDWG-L52XjJePw-descripcionunidadrendimientovrUnitcodigo",
      "probability": 1,
      "from_file_path": "./Transporte",
      "from_class_or_interface_name": "Transporte",
      "from_class_or_interface_key": "_MFNNQMiWEDWG-L52XjJePw",
      "from_method_name": null,
      "from_method_key": null,
      "to_file_path": "./HerramientaYEquipo",
      "to_class_or_interface_key": "_I7cnAciWEDWG-L52XjJePw",
      "to_class_or_interface_name": "Transporte",
      "to_method_key": null,
      "to_method_name": null,
      "data_clump_type": "fields_to_fields_data_clump",
      "data_clump_data": {
        "_B4pLQciZEDWG-L52XjJePw": {
          "key": "_B4pLQciZEDWG-L52XjJePw",
          "name": "descripcion",
          "type": null,
          "probability": 1,
          "modifiers": [],
          "to_variable": {
            "key": "_ti9EgMiYEDWG-L52XjJePw",
            "name": "descripcion",
            "type": null,
            "modifiers": [],
            "position": {}
          },
          "position": {}
        },
        "_FIM3gciZEDWG-L52XjJePw": {
          "key": "_FIM3gciZEDWG-L52XjJePw",
          "name": "unidad",
          "type": null,
          "probability": 1,
          "modifiers": [],
          "to_variable": {
            "key": "_xjtkMciYEDWG-L52XjJePw",
            "name": "unidad",
            "type": null,
            "modifiers": [],
            "position": {}
          },
          "position": {}
        },
        "_LOrtkMiZEDWG-L52XjJePw": {
          "key": "_LOrtkMiZEDWG-L52XjJePw",
          "name": "rendimiento",
          "type": null,
          "probability": 1,
          "modifiers": [],
          "to_variable": {
            "key": "_5P3XkMiYEDWG-L52XjJePw",
            "name": "rendimiento",
            "type": null,
            "modifiers": [],
            "position": {}
          },
          "position": {}
        },
        "_MkXuIMiZEDWG-L52XjJePw": {
          "key": "_MkXuIMiZEDWG-L52XjJePw",
          "name": "vrUnit",
          "type": null,
          "probability": 1,
          "modifiers": [],
          "to_variable": {
            "key": "_9vin4ciYEDWG-L52XjJePw",
            "name": "vrUnit",
            "type": null,
            "modifiers": [],
            "position": {}
          },
          "position": {}
        },
        "_QaHQoMiZEDWG-L52XjJePw": {
          "key": "_QaHQoMiZEDWG-L52XjJePw",
          "name": "codigo",
          "type": null,
          "probability": 1,
          "modifiers": [],
          "to_variable": {
            "key": "_QGSVsMiZEDWG-L52XjJePw",
            "name": "codigo",
            "type": null,
            "modifiers": [],
            "position": {}
          },
          "position": {}
        }
      }
    },
    "fields_to_fields_data_clump-./Transporte-_MFNNQMiWEDWG-L52XjJePw-_EaoHMciWEDWG-L52XjJePw-unidadrendimientovrUnitcodigo": {
      "type": "data_clump",
      "key": "fields_to_fields_data_clump-./Transporte-_MFNNQMiWEDWG-L52XjJePw-_EaoHMciWEDWG-L52XjJePw-unidadrendimientovrUnitcodigo",
      "probability": 1,
      "from_file_path": "./Transporte",
      "from_class_or_interface_name": "Transporte",
      "from_class_or_interface_key": "_MFNNQMiWEDWG-L52XjJePw",
      "from_method_name": null,
      "from_method_key": null,
      "to_file_path": "./ManoDeObra",
      "to_class_or_interface_key": "_EaoHMciWEDWG-L52XjJePw",
      "to_class_or_interface_name": "Transporte",
      "to_method_key": null,
      "to_method_name": null,
      "data_clump_type": "fields_to_fields_data_clump",
      "data_clump_data": {
        "_FIM3gciZEDWG-L52XjJePw": {
          "key": "_FIM3gciZEDWG-L52XjJePw",
          "name": "unidad",
          "type": null,
          "probability": 1,
          "modifiers": [],
          "to_variable": {
            "key": "_V5mDAMiXEDWG-L52XjJePw",
            "name": "unidad",
            "type": null,
            "modifiers": [],
            "position": {}
          },
          "position": {}
        },
        "_LOrtkMiZEDWG-L52XjJePw": {
          "key": "_LOrtkMiZEDWG-L52XjJePw",
          "name": "rendimiento",
          "type": null,
          "probability": 1,
          "modifiers": [],
          "to_variable": {
            "key": "_iQa1wMiXEDWG-L52XjJePw",
            "name": "rendimiento",
            "type": null,
            "modifiers": [],
            "position": {}
          },
          "position": {}
        },
        "_MkXuIMiZEDWG-L52XjJePw": {
          "key": "_MkXuIMiZEDWG-L52XjJePw",
          "name": "vrUnit",
          "type": null,
          "probability": 1,
          "modifiers": [],
          "to_variable": {
            "key": "_n2Qc4ciXEDWG-L52XjJePw",
            "name": "vrUnit",
            "type": null,
            "modifiers": [],
            "position": {}
          },
          "position": {}
        },
        "_QaHQoMiZEDWG-L52XjJePw": {
          "key": "_QaHQoMiZEDWG-L52XjJePw",
          "name": "codigo",
          "type": null,
          "probability": 1,
          "modifiers": [],
          "to_variable": {
            "key": "_q0pgoMiXEDWG-L52XjJePw",
            "name": "codigo",
            "type": null,
            "modifiers": [],
            "position": {}
          },
          "position": {}
        }
      }
    },
    "fields_to_fields_data_clump-./Transporte-_MFNNQMiWEDWG-L52XjJePw-__rZX8ciVEDWG-L52XjJePw-descripcionunidadcodigo": {
      "type": "data_clump",
      "key": "fields_to_fields_data_clump-./Transporte-_MFNNQMiWEDWG-L52XjJePw-__rZX8ciVEDWG-L52XjJePw-descripcionunidadcodigo",
      "probability": 1,
      "from_file_path": "./Transporte",
      "from_class_or_interface_name": "Transporte",
      "from_class_or_interface_key": "_MFNNQMiWEDWG-L52XjJePw",
      "from_method_name": null,
      "from_method_key": null,
      "to_file_path": "./Material",
      "to_class_or_interface_key": "__rZX8ciVEDWG-L52XjJePw",
      "to_class_or_interface_name": "Transporte",
      "to_method_key": null,
      "to_method_name": null,
      "data_clump_type": "fields_to_fields_data_clump",
      "data_clump_data": {
        "_B4pLQciZEDWG-L52XjJePw": {
          "key": "_B4pLQciZEDWG-L52XjJePw",
          "name": "descripcion",
          "type": null,
          "probability": 1,
          "modifiers": [],
          "to_variable": {
            "key": "_7hDB8ciWEDWG-L52XjJePw",
            "name": "descripcion",
            "type": null,
            "modifiers": [],
            "position": {}
          },
          "position": {}
        },
        "_FIM3gciZEDWG-L52XjJePw": {
          "key": "_FIM3gciZEDWG-L52XjJePw",
          "name": "unidad",
          "type": null,
          "probability": 1,
          "modifiers": [],
          "to_variable": {
            "key": "_9pVkIciWEDWG-L52XjJePw",
            "name": "unidad",
            "type": null,
            "modifiers": [],
            "position": {}
          },
          "position": {}
        },
        "_QaHQoMiZEDWG-L52XjJePw": {
          "key": "_QaHQoMiZEDWG-L52XjJePw",
          "name": "codigo",
          "type": null,
          "probability": 1,
          "modifiers": [],
          "to_variable": {
            "key": "_06sjkciXEDWG-L52XjJePw",
            "name": "codigo",
            "type": null,
            "modifiers": [],
            "position": {}
          },
          "position": {}
        }
      }
    }
  }
}