{
  "report_version": "unknown",
  "report_timestamp": "2025-03-26T22:58:05.752Z",
  "target_language": "java",
  "report_summary": {
    "additional": null,
    "amount_classes_or_interfaces_with_data_clumps": 2,
    "amount_files_with_data_clumps": 2,
    "amount_methods_with_data_clumps": 0,
    "fields_to_fields_data_clump": 2,
    "parameters_to_fields_data_clump": 0,
    "parameters_to_parameters_data_clump": 0,
    "amount_data_clumps": 2
  },
  "project_info": {
    "project_url": "unknown_project_url",
    "project_name": "_zoATsADwEeaf5aiIRlNUPA",
    "project_version": "unknown_project_version",
    "project_commit_hash": "unknown",
    "project_tag": null,
    "project_commit_date": null,
    "additional": {},
    "number_of_files": 4,
    "number_of_classes_or_interfaces": 4,
    "number_of_methods": 0,
    "number_of_data_fields": 15,
    "number_of_method_parameters": 0
  },
  "detector": {
    "name": "data-clumps-doctor",
    "url": "https://github.com/NilsBaumgartner1994/data-clumps-doctor",
    "version": "0.1.100",
    "options": {
      "typeVariablesConsidered": false,
      "similarityModifierOfVariablesWithUnknownType": 0,
      "fieldsOfClassesWithUnknownHierarchyProbabilityModifier": 0,
      "sharedFieldsToFieldsAmountMinimum": 3,
      "analyseFieldsInClassesOrInterfacesInheritedFromSuperClassesOrInterfaces": false,
      "sharedParametersToParametersAmountMinimum": 3,
      "sharedParametersToFieldsAmountMinimum": 3,
      "methodsOfClassesOrInterfacesWithUnknownHierarchyProbabilityModifier": 0
    }
  },
  "data_clumps": {
    "fields_to_fields_data_clump-./SITE-_GYqLQGulEDSibIjDnRNkkQ-_GYqyU2ulEDSibIjDnRNkkQ-IDDateDescription": {
      "type": "data_clump",
      "key": "fields_to_fields_data_clump-./SITE-_GYqLQGulEDSibIjDnRNkkQ-_GYqyU2ulEDSibIjDnRNkkQ-IDDateDescription",
      "probability": 1,
      "from_file_path": "./SITE",
      "from_class_or_interface_name": "SITE",
      "from_class_or_interface_key": "_GYqLQGulEDSibIjDnRNkkQ",
      "from_method_name": null,
      "from_method_key": null,
      "to_file_path": "./WORKLOG",
      "to_class_or_interface_key": "_GYqyU2ulEDSibIjDnRNkkQ",
      "to_class_or_interface_name": "SITE",
      "to_method_key": null,
      "to_method_name": null,
      "data_clump_type": "fields_to_fields_data_clump",
      "data_clump_data": {
        "_GYqyUGulEDSibIjDnRNkkQ": {
          "key": "_GYqyUGulEDSibIjDnRNkkQ",
          "name": "ID",
          "type": null,
          "probability": 1,
          "modifiers": [],
          "to_variable": {
            "key": "_GYqyVGulEDSibIjDnRNkkQ",
            "name": "ID",
            "type": null,
            "modifiers": [],
            "position": {}
          },
          "position": {}
        },
        "_GYqyUWulEDSibIjDnRNkkQ": {
          "key": "_GYqyUWulEDSibIjDnRNkkQ",
          "name": "Date",
          "type": null,
          "probability": 1,
          "modifiers": [],
          "to_variable": {
            "key": "_GYrZYGulEDSibIjDnRNkkQ",
            "name": "Date",
            "type": null,
            "modifiers": [],
            "position": {}
          },
          "position": {}
        },
        "_GYqyUmulEDSibIjDnRNkkQ": {
          "key": "_GYqyUmulEDSibIjDnRNkkQ",
          "name": "Description",
          "type": null,
          "probability": 1,
          "modifiers": [],
          "to_variable": {
            "key": "_GYrZYmulEDSibIjDnRNkkQ",
            "name": "Description",
            "type": null,
            "modifiers": [],
            "position": {}
          },
          "position": {}
        }
      }
    },
    "fields_to_fields_data_clump-./WORKLOG-_GYqyU2ulEDSibIjDnRNkkQ-_GYqLQGulEDSibIjDnRNkkQ-IDDateDescription": {
      "type": "data_clump",
      "key": "fields_to_fields_data_clump-./WORKLOG-_GYqyU2ulEDSibIjDnRNkkQ-_GYqLQGulEDSibIjDnRNkkQ-IDDateDescription",
      "probability": 1,
      "from_file_path": "./WORKLOG",
      "from_class_or_interface_name": "WORKLOG",
      "from_class_or_interface_key": "_GYqyU2ulEDSibIjDnRNkkQ",
      "from_method_name": null,
      "from_method_key": null,
      "to_file_path": "./SITE",
      "to_class_or_interface_key": "_GYqLQGulEDSibIjDnRNkkQ",
      "to_class_or_interface_name": "WORKLOG",
      "to_method_key": null,
      "to_method_name": null,
      "data_clump_type": "fields_to_fields_data_clump",
      "data_clump_data": {
        "_GYqyVGulEDSibIjDnRNkkQ": {
          "key": "_GYqyVGulEDSibIjDnRNkkQ",
          "name": "ID",
          "type": null,
          "probability": 1,
          "modifiers": [],
          "to_variable": {
            "key": "_GYqyUGulEDSibIjDnRNkkQ",
            "name": "ID",
            "type": null,
            "modifiers": [],
            "position": {}
          },
          "position": {}
        },
        "_GYrZYGulEDSibIjDnRNkkQ": {
          "key": "_GYrZYGulEDSibIjDnRNkkQ",
          "name": "Date",
          "type": null,
          "probability": 1,
          "modifiers": [],
          "to_variable": {
            "key": "_GYqyUWulEDSibIjDnRNkkQ",
            "name": "Date",
            "type": null,
            "modifiers": [],
            "position": {}
          },
          "position": {}
        },
        "_GYrZYmulEDSibIjDnRNkkQ": {
          "key": "_GYrZYmulEDSibIjDnRNkkQ",
          "name": "Description",
          "type": null,
          "probability": 1,
          "modifiers": [],
          "to_variable": {
            "key": "_GYqyUmulEDSibIjDnRNkkQ",
            "name": "Description",
            "type": null,
            "modifiers": [],
            "position": {}
          },
          "position": {}
        }
      }
    }
  }
}