{
  "report_version": "unknown",
  "report_timestamp": "2025-03-26T21:37:45.888Z",
  "target_language": "java",
  "report_summary": {
    "additional": null,
    "amount_classes_or_interfaces_with_data_clumps": 1,
    "amount_files_with_data_clumps": 2,
    "amount_methods_with_data_clumps": 1,
    "fields_to_fields_data_clump": 0,
    "parameters_to_fields_data_clump": 1,
    "parameters_to_parameters_data_clump": 0,
    "amount_data_clumps": 1
  },
  "project_info": {
    "project_url": "unknown_project_url",
    "project_name": "_7sLRYKwiEeeEQN1ZyOr-_g",
    "project_version": "unknown_project_version",
    "project_commit_hash": "unknown",
    "project_tag": null,
    "project_commit_date": null,
    "additional": {},
    "number_of_files": 4,
    "number_of_classes_or_interfaces": 4,
    "number_of_methods": 26,
    "number_of_data_fields": 13,
    "number_of_method_parameters": 21
  },
  "detector": {
    "name": "data-clumps-doctor",
    "url": "https://github.com/NilsBaumgartner1994/data-clumps-doctor",
    "version": "0.1.100",
    "options": {
      "typeVariablesConsidered": false,
      "similarityModifierOfVariablesWithUnknownType": 0,
      "fieldsOfClassesWithUnknownHierarchyProbabilityModifier": 0,
      "sharedFieldsToFieldsAmountMinimum": 3,
      "analyseFieldsInClassesOrInterfacesInheritedFromSuperClassesOrInterfaces": false,
      "sharedParametersToParametersAmountMinimum": 3,
      "sharedParametersToFieldsAmountMinimum": 3,
      "methodsOfClassesOrInterfacesWithUnknownHierarchyProbabilityModifier": 0
    }
  },
  "data_clumps": {
    "parameters_to_fields_data_clump-./Markasykler-_VfLrYY5hEDWoiJ53CBwHzA-_90kDcI5QEDWoiJ53CBwHzA-navnemailtelefon": {
      "type": "data_clump",
      "key": "parameters_to_fields_data_clump-./Markasykler-_VfLrYY5hEDWoiJ53CBwHzA-_90kDcI5QEDWoiJ53CBwHzA-navnemailtelefon",
      "probability": 1,
      "from_file_path": "./Markasykler",
      "from_class_or_interface_name": "Markasykler",
      "from_class_or_interface_key": "_8fK90I5QEDWoiJ53CBwHzA",
      "from_method_name": "registrerKunde",
      "from_method_key": "_VfLrYY5hEDWoiJ53CBwHzA",
      "to_file_path": "./Kunde",
      "to_class_or_interface_name": "Kunde",
      "to_class_or_interface_key": "_90kDcI5QEDWoiJ53CBwHzA",
      "to_method_name": null,
      "to_method_key": null,
      "data_clump_type": "parameters_to_fields_data_clump",
      "data_clump_data": {
        "_w4t5QI5qEDWoiJ53CBwHzA": {
          "key": "_w4t5QI5qEDWoiJ53CBwHzA",
          "name": "navn",
          "type": null,
          "probability": 1,
          "modifiers": [],
          "to_variable": {
            "key": "_O2QsEI5gEDWoiJ53CBwHzA",
            "name": "navn",
            "type": null,
            "modifiers": [
              "private"
            ],
            "position": {}
          },
          "position": {}
        },
        "_xgV58I5qEDWoiJ53CBwHzA": {
          "key": "_xgV58I5qEDWoiJ53CBwHzA",
          "name": "email",
          "type": null,
          "probability": 1,
          "modifiers": [],
          "to_variable": {
            "key": "_PIE00I5gEDWoiJ53CBwHzA",
            "name": "email",
            "type": null,
            "modifiers": [
              "private"
            ],
            "position": {}
          },
          "position": {}
        },
        "_yZrVsI5qEDWoiJ53CBwHzA": {
          "key": "_yZrVsI5qEDWoiJ53CBwHzA",
          "name": "telefon",
          "type": null,
          "probability": 1,
          "modifiers": [],
          "to_variable": {
            "key": "_Q0t80I5gEDWoiJ53CBwHzA",
            "name": "telefon",
            "type": null,
            "modifiers": [
              "private"
            ],
            "position": {}
          },
          "position": {}
        }
      }
    }
  }
}