{
  "report_version": "unknown",
  "report_timestamp": "2025-03-26T21:55:38.162Z",
  "target_language": "java",
  "report_summary": {
    "additional": null,
    "amount_classes_or_interfaces_with_data_clumps": 3,
    "amount_files_with_data_clumps": 3,
    "amount_methods_with_data_clumps": 4,
    "fields_to_fields_data_clump": 2,
    "parameters_to_fields_data_clump": 0,
    "parameters_to_parameters_data_clump": 12,
    "amount_data_clumps": 14
  },
  "project_info": {
    "project_url": "unknown_project_url",
    "project_name": "_eaGY0K4UEeS57ICseEaz5A",
    "project_version": "unknown_project_version",
    "project_commit_hash": "unknown",
    "project_tag": null,
    "project_commit_date": null,
    "additional": {},
    "number_of_files": 4,
    "number_of_classes_or_interfaces": 4,
    "number_of_methods": 21,
    "number_of_data_fields": 19,
    "number_of_method_parameters": 33
  },
  "detector": {
    "name": "data-clumps-doctor",
    "url": "https://github.com/NilsBaumgartner1994/data-clumps-doctor",
    "version": "0.1.100",
    "options": {
      "typeVariablesConsidered": false,
      "similarityModifierOfVariablesWithUnknownType": 0,
      "fieldsOfClassesWithUnknownHierarchyProbabilityModifier": 0,
      "sharedFieldsToFieldsAmountMinimum": 3,
      "analyseFieldsInClassesOrInterfacesInheritedFromSuperClassesOrInterfaces": false,
      "sharedParametersToParametersAmountMinimum": 3,
      "sharedParametersToFieldsAmountMinimum": 3,
      "methodsOfClassesOrInterfacesWithUnknownHierarchyProbabilityModifier": 0
    }
  },
  "data_clumps": {
    "parameters_to_parameters_data_clump-./AppCore-_aN-6YpBXEDK506df22f-2Q-_yYAOYZBXEDK506df22f-2Q-moduleId_psandbox_pdata_p": {
      "type": "data_clump",
      "key": "parameters_to_parameters_data_clump-./AppCore-_aN-6YpBXEDK506df22f-2Q-_yYAOYZBXEDK506df22f-2Q-moduleId_psandbox_pdata_p",
      "probability": 1,
      "from_file_path": "./AppCore",
      "from_class_or_interface_name": "AppCore",
      "from_class_or_interface_key": "_jjcacZBCEDKzp5qsygSeIw",
      "from_method_name": "createModuleA",
      "from_method_key": "_aN-6YpBXEDK506df22f-2Q",
      "to_file_path": "./AppCore",
      "to_class_or_interface_name": "AppCore",
      "to_class_or_interface_key": "_jjcacZBCEDKzp5qsygSeIw",
      "to_method_name": "createModuleB",
      "to_method_key": "_yYAOYZBXEDK506df22f-2Q",
      "data_clump_type": "parameters_to_parameters_data_clump",
      "data_clump_data": {
        "_gjm_sJBXEDK506df22f-2Q": {
          "key": "_gjm_sJBXEDK506df22f-2Q",
          "name": "moduleId_p",
          "type": null,
          "probability": 1,
          "modifiers": [],
          "to_variable": {
            "key": "_2QdtsJBXEDK506df22f-2Q",
            "name": "moduleId_p",
            "type": null,
            "modifiers": [],
            "position": {}
          },
          "position": {}
        },
        "_hdqNIJBXEDK506df22f-2Q": {
          "key": "_hdqNIJBXEDK506df22f-2Q",
          "name": "sandbox_p",
          "type": null,
          "probability": 1,
          "modifiers": [],
          "to_variable": {
            "key": "_3zfmsJBXEDK506df22f-2Q",
            "name": "sandbox_p",
            "type": null,
            "modifiers": [],
            "position": {}
          },
          "position": {}
        },
        "_i1F6IJBXEDK506df22f-2Q": {
          "key": "_i1F6IJBXEDK506df22f-2Q",
          "name": "data_p",
          "type": null,
          "probability": 1,
          "modifiers": [],
          "to_variable": {
            "key": "_8KjtkJBXEDK506df22f-2Q",
            "name": "data_p",
            "type": null,
            "modifiers": [],
            "position": {}
          },
          "position": {}
        }
      }
    },
    "parameters_to_parameters_data_clump-./AppCore-_aN-6YpBXEDK506df22f-2Q-_X1gP0ZBGEDKzp5qsygSeIw-moduleId_psandbox_pdata_p": {
      "type": "data_clump",
      "key": "parameters_to_parameters_data_clump-./AppCore-_aN-6YpBXEDK506df22f-2Q-_X1gP0ZBGEDKzp5qsygSeIw-moduleId_psandbox_pdata_p",
      "probability": 1,
      "from_file_path": "./AppCore",
      "from_class_or_interface_name": "AppCore",
      "from_class_or_interface_key": "_jjcacZBCEDKzp5qsygSeIw",
      "from_method_name": "createModuleA",
      "from_method_key": "_aN-6YpBXEDK506df22f-2Q",
      "to_file_path": "./ModuleA",
      "to_class_or_interface_name": "ModuleA",
      "to_class_or_interface_key": "_uddQ8JBCEDKzp5qsygSeIw",
      "to_method_name": "init",
      "to_method_key": "_X1gP0ZBGEDKzp5qsygSeIw",
      "data_clump_type": "parameters_to_parameters_data_clump",
      "data_clump_data": {
        "_gjm_sJBXEDK506df22f-2Q": {
          "key": "_gjm_sJBXEDK506df22f-2Q",
          "name": "moduleId_p",
          "type": null,
          "probability": 1,
          "modifiers": [],
          "to_variable": {
            "key": "_jRhAIJBGEDKzp5qsygSeIw",
            "name": "moduleId_p",
            "type": null,
            "modifiers": [],
            "position": {}
          },
          "position": {}
        },
        "_hdqNIJBXEDK506df22f-2Q": {
          "key": "_hdqNIJBXEDK506df22f-2Q",
          "name": "sandbox_p",
          "type": null,
          "probability": 1,
          "modifiers": [],
          "to_variable": {
            "key": "_tEO3YJBGEDKzp5qsygSeIw",
            "name": "sandbox_p",
            "type": null,
            "modifiers": [],
            "position": {}
          },
          "position": {}
        },
        "_i1F6IJBXEDK506df22f-2Q": {
          "key": "_i1F6IJBXEDK506df22f-2Q",
          "name": "data_p",
          "type": null,
          "probability": 1,
          "modifiers": [],
          "to_variable": {
            "key": "_uu8swJBGEDKzp5qsygSeIw",
            "name": "data_p",
            "type": null,
            "modifiers": [],
            "position": {}
          },
          "position": {}
        }
      }
    },
    "parameters_to_parameters_data_clump-./AppCore-_aN-6YpBXEDK506df22f-2Q-_aghroZBGEDKzp5qsygSeIw-moduleId_psandbox_pdata_p": {
      "type": "data_clump",
      "key": "parameters_to_parameters_data_clump-./AppCore-_aN-6YpBXEDK506df22f-2Q-_aghroZBGEDKzp5qsygSeIw-moduleId_psandbox_pdata_p",
      "probability": 1,
      "from_file_path": "./AppCore",
      "from_class_or_interface_name": "AppCore",
      "from_class_or_interface_key": "_jjcacZBCEDKzp5qsygSeIw",
      "from_method_name": "createModuleA",
      "from_method_key": "_aN-6YpBXEDK506df22f-2Q",
      "to_file_path": "./ModuleB",
      "to_class_or_interface_name": "ModuleB",
      "to_class_or_interface_key": "_wINikJBCEDKzp5qsygSeIw",
      "to_method_name": "init",
      "to_method_key": "_aghroZBGEDKzp5qsygSeIw",
      "data_clump_type": "parameters_to_parameters_data_clump",
      "data_clump_data": {
        "_gjm_sJBXEDK506df22f-2Q": {
          "key": "_gjm_sJBXEDK506df22f-2Q",
          "name": "moduleId_p",
          "type": null,
          "probability": 1,
          "modifiers": [],
          "to_variable": {
            "key": "_zDHQoJBGEDKzp5qsygSeIw",
            "name": "moduleId_p",
            "type": null,
            "modifiers": [],
            "position": {}
          },
          "position": {}
        },
        "_hdqNIJBXEDK506df22f-2Q": {
          "key": "_hdqNIJBXEDK506df22f-2Q",
          "name": "sandbox_p",
          "type": null,
          "probability": 1,
          "modifiers": [],
          "to_variable": {
            "key": "_0e88gJBGEDKzp5qsygSeIw",
            "name": "sandbox_p",
            "type": null,
            "modifiers": [],
            "position": {}
          },
          "position": {}
        },
        "_i1F6IJBXEDK506df22f-2Q": {
          "key": "_i1F6IJBXEDK506df22f-2Q",
          "name": "data_p",
          "type": null,
          "probability": 1,
          "modifiers": [],
          "to_variable": {
            "key": "_2c528JBGEDKzp5qsygSeIw",
            "name": "data_p",
            "type": null,
            "modifiers": [],
            "position": {}
          },
          "position": {}
        }
      }
    },
    "parameters_to_parameters_data_clump-./AppCore-_yYAOYZBXEDK506df22f-2Q-_aN-6YpBXEDK506df22f-2Q-moduleId_psandbox_pdata_p": {
      "type": "data_clump",
      "key": "parameters_to_parameters_data_clump-./AppCore-_yYAOYZBXEDK506df22f-2Q-_aN-6YpBXEDK506df22f-2Q-moduleId_psandbox_pdata_p",
      "probability": 1,
      "from_file_path": "./AppCore",
      "from_class_or_interface_name": "AppCore",
      "from_class_or_interface_key": "_jjcacZBCEDKzp5qsygSeIw",
      "from_method_name": "createModuleB",
      "from_method_key": "_yYAOYZBXEDK506df22f-2Q",
      "to_file_path": "./AppCore",
      "to_class_or_interface_name": "AppCore",
      "to_class_or_interface_key": "_jjcacZBCEDKzp5qsygSeIw",
      "to_method_name": "createModuleA",
      "to_method_key": "_aN-6YpBXEDK506df22f-2Q",
      "data_clump_type": "parameters_to_parameters_data_clump",
      "data_clump_data": {
        "_2QdtsJBXEDK506df22f-2Q": {
          "key": "_2QdtsJBXEDK506df22f-2Q",
          "name": "moduleId_p",
          "type": null,
          "probability": 1,
          "modifiers": [],
          "to_variable": {
            "key": "_gjm_sJBXEDK506df22f-2Q",
            "name": "moduleId_p",
            "type": null,
            "modifiers": [],
            "position": {}
          },
          "position": {}
        },
        "_3zfmsJBXEDK506df22f-2Q": {
          "key": "_3zfmsJBXEDK506df22f-2Q",
          "name": "sandbox_p",
          "type": null,
          "probability": 1,
          "modifiers": [],
          "to_variable": {
            "key": "_hdqNIJBXEDK506df22f-2Q",
            "name": "sandbox_p",
            "type": null,
            "modifiers": [],
            "position": {}
          },
          "position": {}
        },
        "_8KjtkJBXEDK506df22f-2Q": {
          "key": "_8KjtkJBXEDK506df22f-2Q",
          "name": "data_p",
          "type": null,
          "probability": 1,
          "modifiers": [],
          "to_variable": {
            "key": "_i1F6IJBXEDK506df22f-2Q",
            "name": "data_p",
            "type": null,
            "modifiers": [],
            "position": {}
          },
          "position": {}
        }
      }
    },
    "parameters_to_parameters_data_clump-./AppCore-_yYAOYZBXEDK506df22f-2Q-_X1gP0ZBGEDKzp5qsygSeIw-moduleId_psandbox_pdata_p": {
      "type": "data_clump",
      "key": "parameters_to_parameters_data_clump-./AppCore-_yYAOYZBXEDK506df22f-2Q-_X1gP0ZBGEDKzp5qsygSeIw-moduleId_psandbox_pdata_p",
      "probability": 1,
      "from_file_path": "./AppCore",
      "from_class_or_interface_name": "AppCore",
      "from_class_or_interface_key": "_jjcacZBCEDKzp5qsygSeIw",
      "from_method_name": "createModuleB",
      "from_method_key": "_yYAOYZBXEDK506df22f-2Q",
      "to_file_path": "./ModuleA",
      "to_class_or_interface_name": "ModuleA",
      "to_class_or_interface_key": "_uddQ8JBCEDKzp5qsygSeIw",
      "to_method_name": "init",
      "to_method_key": "_X1gP0ZBGEDKzp5qsygSeIw",
      "data_clump_type": "parameters_to_parameters_data_clump",
      "data_clump_data": {
        "_2QdtsJBXEDK506df22f-2Q": {
          "key": "_2QdtsJBXEDK506df22f-2Q",
          "name": "moduleId_p",
          "type": null,
          "probability": 1,
          "modifiers": [],
          "to_variable": {
            "key": "_jRhAIJBGEDKzp5qsygSeIw",
            "name": "moduleId_p",
            "type": null,
            "modifiers": [],
            "position": {}
          },
          "position": {}
        },
        "_3zfmsJBXEDK506df22f-2Q": {
          "key": "_3zfmsJBXEDK506df22f-2Q",
          "name": "sandbox_p",
          "type": null,
          "probability": 1,
          "modifiers": [],
          "to_variable": {
            "key": "_tEO3YJBGEDKzp5qsygSeIw",
            "name": "sandbox_p",
            "type": null,
            "modifiers": [],
            "position": {}
          },
          "position": {}
        },
        "_8KjtkJBXEDK506df22f-2Q": {
          "key": "_8KjtkJBXEDK506df22f-2Q",
          "name": "data_p",
          "type": null,
          "probability": 1,
          "modifiers": [],
          "to_variable": {
            "key": "_uu8swJBGEDKzp5qsygSeIw",
            "name": "data_p",
            "type": null,
            "modifiers": [],
            "position": {}
          },
          "position": {}
        }
      }
    },
    "parameters_to_parameters_data_clump-./AppCore-_yYAOYZBXEDK506df22f-2Q-_aghroZBGEDKzp5qsygSeIw-moduleId_psandbox_pdata_p": {
      "type": "data_clump",
      "key": "parameters_to_parameters_data_clump-./AppCore-_yYAOYZBXEDK506df22f-2Q-_aghroZBGEDKzp5qsygSeIw-moduleId_psandbox_pdata_p",
      "probability": 1,
      "from_file_path": "./AppCore",
      "from_class_or_interface_name": "AppCore",
      "from_class_or_interface_key": "_jjcacZBCEDKzp5qsygSeIw",
      "from_method_name": "createModuleB",
      "from_method_key": "_yYAOYZBXEDK506df22f-2Q",
      "to_file_path": "./ModuleB",
      "to_class_or_interface_name": "ModuleB",
      "to_class_or_interface_key": "_wINikJBCEDKzp5qsygSeIw",
      "to_method_name": "init",
      "to_method_key": "_aghroZBGEDKzp5qsygSeIw",
      "data_clump_type": "parameters_to_parameters_data_clump",
      "data_clump_data": {
        "_2QdtsJBXEDK506df22f-2Q": {
          "key": "_2QdtsJBXEDK506df22f-2Q",
          "name": "moduleId_p",
          "type": null,
          "probability": 1,
          "modifiers": [],
          "to_variable": {
            "key": "_zDHQoJBGEDKzp5qsygSeIw",
            "name": "moduleId_p",
            "type": null,
            "modifiers": [],
            "position": {}
          },
          "position": {}
        },
        "_3zfmsJBXEDK506df22f-2Q": {
          "key": "_3zfmsJBXEDK506df22f-2Q",
          "name": "sandbox_p",
          "type": null,
          "probability": 1,
          "modifiers": [],
          "to_variable": {
            "key": "_0e88gJBGEDKzp5qsygSeIw",
            "name": "sandbox_p",
            "type": null,
            "modifiers": [],
            "position": {}
          },
          "position": {}
        },
        "_8KjtkJBXEDK506df22f-2Q": {
          "key": "_8KjtkJBXEDK506df22f-2Q",
          "name": "data_p",
          "type": null,
          "probability": 1,
          "modifiers": [],
          "to_variable": {
            "key": "_2c528JBGEDKzp5qsygSeIw",
            "name": "data_p",
            "type": null,
            "modifiers": [],
            "position": {}
          },
          "position": {}
        }
      }
    },
    "parameters_to_parameters_data_clump-./ModuleA-_X1gP0ZBGEDKzp5qsygSeIw-_aN-6YpBXEDK506df22f-2Q-moduleId_psandbox_pdata_p": {
      "type": "data_clump",
      "key": "parameters_to_parameters_data_clump-./ModuleA-_X1gP0ZBGEDKzp5qsygSeIw-_aN-6YpBXEDK506df22f-2Q-moduleId_psandbox_pdata_p",
      "probability": 1,
      "from_file_path": "./ModuleA",
      "from_class_or_interface_name": "ModuleA",
      "from_class_or_interface_key": "_uddQ8JBCEDKzp5qsygSeIw",
      "from_method_name": "init",
      "from_method_key": "_X1gP0ZBGEDKzp5qsygSeIw",
      "to_file_path": "./AppCore",
      "to_class_or_interface_name": "AppCore",
      "to_class_or_interface_key": "_jjcacZBCEDKzp5qsygSeIw",
      "to_method_name": "createModuleA",
      "to_method_key": "_aN-6YpBXEDK506df22f-2Q",
      "data_clump_type": "parameters_to_parameters_data_clump",
      "data_clump_data": {
        "_jRhAIJBGEDKzp5qsygSeIw": {
          "key": "_jRhAIJBGEDKzp5qsygSeIw",
          "name": "moduleId_p",
          "type": null,
          "probability": 1,
          "modifiers": [],
          "to_variable": {
            "key": "_gjm_sJBXEDK506df22f-2Q",
            "name": "moduleId_p",
            "type": null,
            "modifiers": [],
            "position": {}
          },
          "position": {}
        },
        "_tEO3YJBGEDKzp5qsygSeIw": {
          "key": "_tEO3YJBGEDKzp5qsygSeIw",
          "name": "sandbox_p",
          "type": null,
          "probability": 1,
          "modifiers": [],
          "to_variable": {
            "key": "_hdqNIJBXEDK506df22f-2Q",
            "name": "sandbox_p",
            "type": null,
            "modifiers": [],
            "position": {}
          },
          "position": {}
        },
        "_uu8swJBGEDKzp5qsygSeIw": {
          "key": "_uu8swJBGEDKzp5qsygSeIw",
          "name": "data_p",
          "type": null,
          "probability": 1,
          "modifiers": [],
          "to_variable": {
            "key": "_i1F6IJBXEDK506df22f-2Q",
            "name": "data_p",
            "type": null,
            "modifiers": [],
            "position": {}
          },
          "position": {}
        }
      }
    },
    "parameters_to_parameters_data_clump-./ModuleA-_X1gP0ZBGEDKzp5qsygSeIw-_yYAOYZBXEDK506df22f-2Q-moduleId_psandbox_pdata_p": {
      "type": "data_clump",
      "key": "parameters_to_parameters_data_clump-./ModuleA-_X1gP0ZBGEDKzp5qsygSeIw-_yYAOYZBXEDK506df22f-2Q-moduleId_psandbox_pdata_p",
      "probability": 1,
      "from_file_path": "./ModuleA",
      "from_class_or_interface_name": "ModuleA",
      "from_class_or_interface_key": "_uddQ8JBCEDKzp5qsygSeIw",
      "from_method_name": "init",
      "from_method_key": "_X1gP0ZBGEDKzp5qsygSeIw",
      "to_file_path": "./AppCore",
      "to_class_or_interface_name": "AppCore",
      "to_class_or_interface_key": "_jjcacZBCEDKzp5qsygSeIw",
      "to_method_name": "createModuleB",
      "to_method_key": "_yYAOYZBXEDK506df22f-2Q",
      "data_clump_type": "parameters_to_parameters_data_clump",
      "data_clump_data": {
        "_jRhAIJBGEDKzp5qsygSeIw": {
          "key": "_jRhAIJBGEDKzp5qsygSeIw",
          "name": "moduleId_p",
          "type": null,
          "probability": 1,
          "modifiers": [],
          "to_variable": {
            "key": "_2QdtsJBXEDK506df22f-2Q",
            "name": "moduleId_p",
            "type": null,
            "modifiers": [],
            "position": {}
          },
          "position": {}
        },
        "_tEO3YJBGEDKzp5qsygSeIw": {
          "key": "_tEO3YJBGEDKzp5qsygSeIw",
          "name": "sandbox_p",
          "type": null,
          "probability": 1,
          "modifiers": [],
          "to_variable": {
            "key": "_3zfmsJBXEDK506df22f-2Q",
            "name": "sandbox_p",
            "type": null,
            "modifiers": [],
            "position": {}
          },
          "position": {}
        },
        "_uu8swJBGEDKzp5qsygSeIw": {
          "key": "_uu8swJBGEDKzp5qsygSeIw",
          "name": "data_p",
          "type": null,
          "probability": 1,
          "modifiers": [],
          "to_variable": {
            "key": "_8KjtkJBXEDK506df22f-2Q",
            "name": "data_p",
            "type": null,
            "modifiers": [],
            "position": {}
          },
          "position": {}
        }
      }
    },
    "parameters_to_parameters_data_clump-./ModuleA-_X1gP0ZBGEDKzp5qsygSeIw-_aghroZBGEDKzp5qsygSeIw-moduleId_psandbox_pdata_p": {
      "type": "data_clump",
      "key": "parameters_to_parameters_data_clump-./ModuleA-_X1gP0ZBGEDKzp5qsygSeIw-_aghroZBGEDKzp5qsygSeIw-moduleId_psandbox_pdata_p",
      "probability": 1,
      "from_file_path": "./ModuleA",
      "from_class_or_interface_name": "ModuleA",
      "from_class_or_interface_key": "_uddQ8JBCEDKzp5qsygSeIw",
      "from_method_name": "init",
      "from_method_key": "_X1gP0ZBGEDKzp5qsygSeIw",
      "to_file_path": "./ModuleB",
      "to_class_or_interface_name": "ModuleB",
      "to_class_or_interface_key": "_wINikJBCEDKzp5qsygSeIw",
      "to_method_name": "init",
      "to_method_key": "_aghroZBGEDKzp5qsygSeIw",
      "data_clump_type": "parameters_to_parameters_data_clump",
      "data_clump_data": {
        "_jRhAIJBGEDKzp5qsygSeIw": {
          "key": "_jRhAIJBGEDKzp5qsygSeIw",
          "name": "moduleId_p",
          "type": null,
          "probability": 1,
          "modifiers": [],
          "to_variable": {
            "key": "_zDHQoJBGEDKzp5qsygSeIw",
            "name": "moduleId_p",
            "type": null,
            "modifiers": [],
            "position": {}
          },
          "position": {}
        },
        "_tEO3YJBGEDKzp5qsygSeIw": {
          "key": "_tEO3YJBGEDKzp5qsygSeIw",
          "name": "sandbox_p",
          "type": null,
          "probability": 1,
          "modifiers": [],
          "to_variable": {
            "key": "_0e88gJBGEDKzp5qsygSeIw",
            "name": "sandbox_p",
            "type": null,
            "modifiers": [],
            "position": {}
          },
          "position": {}
        },
        "_uu8swJBGEDKzp5qsygSeIw": {
          "key": "_uu8swJBGEDKzp5qsygSeIw",
          "name": "data_p",
          "type": null,
          "probability": 1,
          "modifiers": [],
          "to_variable": {
            "key": "_2c528JBGEDKzp5qsygSeIw",
            "name": "data_p",
            "type": null,
            "modifiers": [],
            "position": {}
          },
          "position": {}
        }
      }
    },
    "parameters_to_parameters_data_clump-./ModuleB-_aghroZBGEDKzp5qsygSeIw-_aN-6YpBXEDK506df22f-2Q-moduleId_psandbox_pdata_p": {
      "type": "data_clump",
      "key": "parameters_to_parameters_data_clump-./ModuleB-_aghroZBGEDKzp5qsygSeIw-_aN-6YpBXEDK506df22f-2Q-moduleId_psandbox_pdata_p",
      "probability": 1,
      "from_file_path": "./ModuleB",
      "from_class_or_interface_name": "ModuleB",
      "from_class_or_interface_key": "_wINikJBCEDKzp5qsygSeIw",
      "from_method_name": "init",
      "from_method_key": "_aghroZBGEDKzp5qsygSeIw",
      "to_file_path": "./AppCore",
      "to_class_or_interface_name": "AppCore",
      "to_class_or_interface_key": "_jjcacZBCEDKzp5qsygSeIw",
      "to_method_name": "createModuleA",
      "to_method_key": "_aN-6YpBXEDK506df22f-2Q",
      "data_clump_type": "parameters_to_parameters_data_clump",
      "data_clump_data": {
        "_zDHQoJBGEDKzp5qsygSeIw": {
          "key": "_zDHQoJBGEDKzp5qsygSeIw",
          "name": "moduleId_p",
          "type": null,
          "probability": 1,
          "modifiers": [],
          "to_variable": {
            "key": "_gjm_sJBXEDK506df22f-2Q",
            "name": "moduleId_p",
            "type": null,
            "modifiers": [],
            "position": {}
          },
          "position": {}
        },
        "_0e88gJBGEDKzp5qsygSeIw": {
          "key": "_0e88gJBGEDKzp5qsygSeIw",
          "name": "sandbox_p",
          "type": null,
          "probability": 1,
          "modifiers": [],
          "to_variable": {
            "key": "_hdqNIJBXEDK506df22f-2Q",
            "name": "sandbox_p",
            "type": null,
            "modifiers": [],
            "position": {}
          },
          "position": {}
        },
        "_2c528JBGEDKzp5qsygSeIw": {
          "key": "_2c528JBGEDKzp5qsygSeIw",
          "name": "data_p",
          "type": null,
          "probability": 1,
          "modifiers": [],
          "to_variable": {
            "key": "_i1F6IJBXEDK506df22f-2Q",
            "name": "data_p",
            "type": null,
            "modifiers": [],
            "position": {}
          },
          "position": {}
        }
      }
    },
    "parameters_to_parameters_data_clump-./ModuleB-_aghroZBGEDKzp5qsygSeIw-_yYAOYZBXEDK506df22f-2Q-moduleId_psandbox_pdata_p": {
      "type": "data_clump",
      "key": "parameters_to_parameters_data_clump-./ModuleB-_aghroZBGEDKzp5qsygSeIw-_yYAOYZBXEDK506df22f-2Q-moduleId_psandbox_pdata_p",
      "probability": 1,
      "from_file_path": "./ModuleB",
      "from_class_or_interface_name": "ModuleB",
      "from_class_or_interface_key": "_wINikJBCEDKzp5qsygSeIw",
      "from_method_name": "init",
      "from_method_key": "_aghroZBGEDKzp5qsygSeIw",
      "to_file_path": "./AppCore",
      "to_class_or_interface_name": "AppCore",
      "to_class_or_interface_key": "_jjcacZBCEDKzp5qsygSeIw",
      "to_method_name": "createModuleB",
      "to_method_key": "_yYAOYZBXEDK506df22f-2Q",
      "data_clump_type": "parameters_to_parameters_data_clump",
      "data_clump_data": {
        "_zDHQoJBGEDKzp5qsygSeIw": {
          "key": "_zDHQoJBGEDKzp5qsygSeIw",
          "name": "moduleId_p",
          "type": null,
          "probability": 1,
          "modifiers": [],
          "to_variable": {
            "key": "_2QdtsJBXEDK506df22f-2Q",
            "name": "moduleId_p",
            "type": null,
            "modifiers": [],
            "position": {}
          },
          "position": {}
        },
        "_0e88gJBGEDKzp5qsygSeIw": {
          "key": "_0e88gJBGEDKzp5qsygSeIw",
          "name": "sandbox_p",
          "type": null,
          "probability": 1,
          "modifiers": [],
          "to_variable": {
            "key": "_3zfmsJBXEDK506df22f-2Q",
            "name": "sandbox_p",
            "type": null,
            "modifiers": [],
            "position": {}
          },
          "position": {}
        },
        "_2c528JBGEDKzp5qsygSeIw": {
          "key": "_2c528JBGEDKzp5qsygSeIw",
          "name": "data_p",
          "type": null,
          "probability": 1,
          "modifiers": [],
          "to_variable": {
            "key": "_8KjtkJBXEDK506df22f-2Q",
            "name": "data_p",
            "type": null,
            "modifiers": [],
            "position": {}
          },
          "position": {}
        }
      }
    },
    "parameters_to_parameters_data_clump-./ModuleB-_aghroZBGEDKzp5qsygSeIw-_X1gP0ZBGEDKzp5qsygSeIw-moduleId_psandbox_pdata_p": {
      "type": "data_clump",
      "key": "parameters_to_parameters_data_clump-./ModuleB-_aghroZBGEDKzp5qsygSeIw-_X1gP0ZBGEDKzp5qsygSeIw-moduleId_psandbox_pdata_p",
      "probability": 1,
      "from_file_path": "./ModuleB",
      "from_class_or_interface_name": "ModuleB",
      "from_class_or_interface_key": "_wINikJBCEDKzp5qsygSeIw",
      "from_method_name": "init",
      "from_method_key": "_aghroZBGEDKzp5qsygSeIw",
      "to_file_path": "./ModuleA",
      "to_class_or_interface_name": "ModuleA",
      "to_class_or_interface_key": "_uddQ8JBCEDKzp5qsygSeIw",
      "to_method_name": "init",
      "to_method_key": "_X1gP0ZBGEDKzp5qsygSeIw",
      "data_clump_type": "parameters_to_parameters_data_clump",
      "data_clump_data": {
        "_zDHQoJBGEDKzp5qsygSeIw": {
          "key": "_zDHQoJBGEDKzp5qsygSeIw",
          "name": "moduleId_p",
          "type": null,
          "probability": 1,
          "modifiers": [],
          "to_variable": {
            "key": "_jRhAIJBGEDKzp5qsygSeIw",
            "name": "moduleId_p",
            "type": null,
            "modifiers": [],
            "position": {}
          },
          "position": {}
        },
        "_0e88gJBGEDKzp5qsygSeIw": {
          "key": "_0e88gJBGEDKzp5qsygSeIw",
          "name": "sandbox_p",
          "type": null,
          "probability": 1,
          "modifiers": [],
          "to_variable": {
            "key": "_tEO3YJBGEDKzp5qsygSeIw",
            "name": "sandbox_p",
            "type": null,
            "modifiers": [],
            "position": {}
          },
          "position": {}
        },
        "_2c528JBGEDKzp5qsygSeIw": {
          "key": "_2c528JBGEDKzp5qsygSeIw",
          "name": "data_p",
          "type": null,
          "probability": 1,
          "modifiers": [],
          "to_variable": {
            "key": "_uu8swJBGEDKzp5qsygSeIw",
            "name": "data_p",
            "type": null,
            "modifiers": [],
            "position": {}
          },
          "position": {}
        }
      }
    },
    "fields_to_fields_data_clump-./ModuleA-_uddQ8JBCEDKzp5qsygSeIw-_wINikJBCEDKzp5qsygSeIw-moduleIdsandboxdataself": {
      "type": "data_clump",
      "key": "fields_to_fields_data_clump-./ModuleA-_uddQ8JBCEDKzp5qsygSeIw-_wINikJBCEDKzp5qsygSeIw-moduleIdsandboxdataself",
      "probability": 1,
      "from_file_path": "./ModuleA",
      "from_class_or_interface_name": "ModuleA",
      "from_class_or_interface_key": "_uddQ8JBCEDKzp5qsygSeIw",
      "from_method_name": null,
      "from_method_key": null,
      "to_file_path": "./ModuleB",
      "to_class_or_interface_key": "_wINikJBCEDKzp5qsygSeIw",
      "to_class_or_interface_name": "ModuleA",
      "to_method_key": null,
      "to_method_name": null,
      "data_clump_type": "fields_to_fields_data_clump",
      "data_clump_data": {
        "_3O80YJBFEDKzp5qsygSeIw": {
          "key": "_3O80YJBFEDKzp5qsygSeIw",
          "name": "moduleId",
          "type": null,
          "probability": 1,
          "modifiers": [
            "private"
          ],
          "to_variable": {
            "key": "__UuosJBFEDKzp5qsygSeIw",
            "name": "moduleId",
            "type": null,
            "modifiers": [
              "private"
            ],
            "position": {}
          },
          "position": {}
        },
        "_2niWcJBCEDKzp5qsygSeIw": {
          "key": "_2niWcJBCEDKzp5qsygSeIw",
          "name": "sandbox",
          "type": null,
          "probability": 1,
          "modifiers": [
            "private"
          ],
          "to_variable": {
            "key": "_46TqUJBCEDKzp5qsygSeIw",
            "name": "sandbox",
            "type": null,
            "modifiers": [
              "private"
            ],
            "position": {}
          },
          "position": {}
        },
        "_7HiPgJBFEDKzp5qsygSeIw": {
          "key": "_7HiPgJBFEDKzp5qsygSeIw",
          "name": "data",
          "type": null,
          "probability": 1,
          "modifiers": [
            "private"
          ],
          "to_variable": {
            "key": "_AVT78JBGEDKzp5qsygSeIw",
            "name": "data",
            "type": null,
            "modifiers": [
              "private"
            ],
            "position": {}
          },
          "position": {}
        },
        "_3n5iEJBUEDKzp5qsygSeIw": {
          "key": "_3n5iEJBUEDKzp5qsygSeIw",
          "name": "self",
          "type": null,
          "probability": 1,
          "modifiers": [
            "private"
          ],
          "to_variable": {
            "key": "_5aQ3kJBUEDKzp5qsygSeIw",
            "name": "self",
            "type": null,
            "modifiers": [
              "private"
            ],
            "position": {}
          },
          "position": {}
        }
      }
    },
    "fields_to_fields_data_clump-./ModuleB-_wINikJBCEDKzp5qsygSeIw-_uddQ8JBCEDKzp5qsygSeIw-moduleIdsandboxdataself": {
      "type": "data_clump",
      "key": "fields_to_fields_data_clump-./ModuleB-_wINikJBCEDKzp5qsygSeIw-_uddQ8JBCEDKzp5qsygSeIw-moduleIdsandboxdataself",
      "probability": 1,
      "from_file_path": "./ModuleB",
      "from_class_or_interface_name": "ModuleB",
      "from_class_or_interface_key": "_wINikJBCEDKzp5qsygSeIw",
      "from_method_name": null,
      "from_method_key": null,
      "to_file_path": "./ModuleA",
      "to_class_or_interface_key": "_uddQ8JBCEDKzp5qsygSeIw",
      "to_class_or_interface_name": "ModuleB",
      "to_method_key": null,
      "to_method_name": null,
      "data_clump_type": "fields_to_fields_data_clump",
      "data_clump_data": {
        "__UuosJBFEDKzp5qsygSeIw": {
          "key": "__UuosJBFEDKzp5qsygSeIw",
          "name": "moduleId",
          "type": null,
          "probability": 1,
          "modifiers": [
            "private"
          ],
          "to_variable": {
            "key": "_3O80YJBFEDKzp5qsygSeIw",
            "name": "moduleId",
            "type": null,
            "modifiers": [
              "private"
            ],
            "position": {}
          },
          "position": {}
        },
        "_46TqUJBCEDKzp5qsygSeIw": {
          "key": "_46TqUJBCEDKzp5qsygSeIw",
          "name": "sandbox",
          "type": null,
          "probability": 1,
          "modifiers": [
            "private"
          ],
          "to_variable": {
            "key": "_2niWcJBCEDKzp5qsygSeIw",
            "name": "sandbox",
            "type": null,
            "modifiers": [
              "private"
            ],
            "position": {}
          },
          "position": {}
        },
        "_AVT78JBGEDKzp5qsygSeIw": {
          "key": "_AVT78JBGEDKzp5qsygSeIw",
          "name": "data",
          "type": null,
          "probability": 1,
          "modifiers": [
            "private"
          ],
          "to_variable": {
            "key": "_7HiPgJBFEDKzp5qsygSeIw",
            "name": "data",
            "type": null,
            "modifiers": [
              "private"
            ],
            "position": {}
          },
          "position": {}
        },
        "_5aQ3kJBUEDKzp5qsygSeIw": {
          "key": "_5aQ3kJBUEDKzp5qsygSeIw",
          "name": "self",
          "type": null,
          "probability": 1,
          "modifiers": [
            "private"
          ],
          "to_variable": {
            "key": "_3n5iEJBUEDKzp5qsygSeIw",
            "name": "self",
            "type": null,
            "modifiers": [
              "private"
            ],
            "position": {}
          },
          "position": {}
        }
      }
    }
  }
}