{
  "report_version": "unknown",
  "report_timestamp": "2025-03-26T22:22:55.237Z",
  "target_language": "java",
  "report_summary": {
    "additional": null,
    "amount_classes_or_interfaces_with_data_clumps": 1,
    "amount_files_with_data_clumps": 1,
    "amount_methods_with_data_clumps": 2,
    "fields_to_fields_data_clump": 0,
    "parameters_to_fields_data_clump": 0,
    "parameters_to_parameters_data_clump": 2,
    "amount_data_clumps": 2
  },
  "project_info": {
    "project_url": "unknown_project_url",
    "project_name": "0a60410e-1286-4be5-a1fb-c5dc265f5bbe",
    "project_version": "unknown_project_version",
    "project_commit_hash": "unknown",
    "project_tag": null,
    "project_commit_date": null,
    "additional": {},
    "number_of_files": 6,
    "number_of_classes_or_interfaces": 6,
    "number_of_methods": 13,
    "number_of_data_fields": 5,
    "number_of_method_parameters": 22
  },
  "detector": {
    "name": "data-clumps-doctor",
    "url": "https://github.com/NilsBaumgartner1994/data-clumps-doctor",
    "version": "0.1.100",
    "options": {
      "typeVariablesConsidered": false,
      "similarityModifierOfVariablesWithUnknownType": 0,
      "fieldsOfClassesWithUnknownHierarchyProbabilityModifier": 0,
      "sharedFieldsToFieldsAmountMinimum": 3,
      "analyseFieldsInClassesOrInterfacesInheritedFromSuperClassesOrInterfaces": false,
      "sharedParametersToParametersAmountMinimum": 3,
      "sharedParametersToFieldsAmountMinimum": 3,
      "methodsOfClassesOrInterfacesWithUnknownHierarchyProbabilityModifier": 0
    }
  },
  "data_clumps": {
    "parameters_to_parameters_data_clump-./OreillePlus-_J4MnIHk_EDKszpXDV7QCPw-_SZD08Hk_EDKszpXDV7QCPw-posdposgb": {
      "type": "data_clump",
      "key": "parameters_to_parameters_data_clump-./OreillePlus-_J4MnIHk_EDKszpXDV7QCPw-_SZD08Hk_EDKszpXDV7QCPw-posdposgb",
      "probability": 1,
      "from_file_path": "./OreillePlus",
      "from_class_or_interface_name": "OreillePlus",
      "from_class_or_interface_key": "_zFSpYFFlEDKH37PHExHCkQ",
      "from_method_name": "mvt_base",
      "from_method_key": "_J4MnIHk_EDKszpXDV7QCPw",
      "to_file_path": "./OreillePlus",
      "to_class_or_interface_name": "OreillePlus",
      "to_class_or_interface_key": "_zFSpYFFlEDKH37PHExHCkQ",
      "to_method_name": "mvt_base_dys",
      "to_method_key": "_SZD08Hk_EDKszpXDV7QCPw",
      "data_clump_type": "parameters_to_parameters_data_clump",
      "data_clump_data": {
        "_L37qQHk_EDKszpXDV7QCPw": {
          "key": "_L37qQHk_EDKszpXDV7QCPw",
          "name": "posd",
          "type": null,
          "probability": 1,
          "modifiers": [],
          "to_variable": {
            "key": "_V0h2QHk_EDKszpXDV7QCPw",
            "name": "posd",
            "type": null,
            "modifiers": [],
            "position": {}
          },
          "position": {}
        },
        "_O7StkHk_EDKszpXDV7QCPw": {
          "key": "_O7StkHk_EDKszpXDV7QCPw",
          "name": "posg",
          "type": null,
          "probability": 1,
          "modifiers": [],
          "to_variable": {
            "key": "_XLXGUHk_EDKszpXDV7QCPw",
            "name": "posg",
            "type": null,
            "modifiers": [],
            "position": {}
          },
          "position": {}
        },
        "_P_eHYHk_EDKszpXDV7QCPw": {
          "key": "_P_eHYHk_EDKszpXDV7QCPw",
          "name": "b",
          "type": null,
          "probability": 1,
          "modifiers": [],
          "to_variable": {
            "key": "_YaJNoHk_EDKszpXDV7QCPw",
            "name": "b",
            "type": null,
            "modifiers": [],
            "position": {}
          },
          "position": {}
        }
      }
    },
    "parameters_to_parameters_data_clump-./OreillePlus-_SZD08Hk_EDKszpXDV7QCPw-_J4MnIHk_EDKszpXDV7QCPw-posdposgb": {
      "type": "data_clump",
      "key": "parameters_to_parameters_data_clump-./OreillePlus-_SZD08Hk_EDKszpXDV7QCPw-_J4MnIHk_EDKszpXDV7QCPw-posdposgb",
      "probability": 1,
      "from_file_path": "./OreillePlus",
      "from_class_or_interface_name": "OreillePlus",
      "from_class_or_interface_key": "_zFSpYFFlEDKH37PHExHCkQ",
      "from_method_name": "mvt_base_dys",
      "from_method_key": "_SZD08Hk_EDKszpXDV7QCPw",
      "to_file_path": "./OreillePlus",
      "to_class_or_interface_name": "OreillePlus",
      "to_class_or_interface_key": "_zFSpYFFlEDKH37PHExHCkQ",
      "to_method_name": "mvt_base",
      "to_method_key": "_J4MnIHk_EDKszpXDV7QCPw",
      "data_clump_type": "parameters_to_parameters_data_clump",
      "data_clump_data": {
        "_V0h2QHk_EDKszpXDV7QCPw": {
          "key": "_V0h2QHk_EDKszpXDV7QCPw",
          "name": "posd",
          "type": null,
          "probability": 1,
          "modifiers": [],
          "to_variable": {
            "key": "_L37qQHk_EDKszpXDV7QCPw",
            "name": "posd",
            "type": null,
            "modifiers": [],
            "position": {}
          },
          "position": {}
        },
        "_XLXGUHk_EDKszpXDV7QCPw": {
          "key": "_XLXGUHk_EDKszpXDV7QCPw",
          "name": "posg",
          "type": null,
          "probability": 1,
          "modifiers": [],
          "to_variable": {
            "key": "_O7StkHk_EDKszpXDV7QCPw",
            "name": "posg",
            "type": null,
            "modifiers": [],
            "position": {}
          },
          "position": {}
        },
        "_YaJNoHk_EDKszpXDV7QCPw": {
          "key": "_YaJNoHk_EDKszpXDV7QCPw",
          "name": "b",
          "type": null,
          "probability": 1,
          "modifiers": [],
          "to_variable": {
            "key": "_P_eHYHk_EDKszpXDV7QCPw",
            "name": "b",
            "type": null,
            "modifiers": [],
            "position": {}
          },
          "position": {}
        }
      }
    }
  }
}