{
  "report_version": "unknown",
  "report_timestamp": "2025-03-26T22:00:39.533Z",
  "target_language": "java",
  "report_summary": {
    "additional": null,
    "amount_classes_or_interfaces_with_data_clumps": 2,
    "amount_files_with_data_clumps": 2,
    "amount_methods_with_data_clumps": 0,
    "fields_to_fields_data_clump": 2,
    "parameters_to_fields_data_clump": 0,
    "parameters_to_parameters_data_clump": 0,
    "amount_data_clumps": 2
  },
  "project_info": {
    "project_url": "unknown_project_url",
    "project_name": "_8qIK4HNOEem42bdoMoG80w",
    "project_version": "unknown_project_version",
    "project_commit_hash": "unknown",
    "project_tag": null,
    "project_commit_date": null,
    "additional": {},
    "number_of_files": 8,
    "number_of_classes_or_interfaces": 8,
    "number_of_methods": 8,
    "number_of_data_fields": 32,
    "number_of_method_parameters": 0
  },
  "detector": {
    "name": "data-clumps-doctor",
    "url": "https://github.com/NilsBaumgartner1994/data-clumps-doctor",
    "version": "0.1.100",
    "options": {
      "typeVariablesConsidered": false,
      "similarityModifierOfVariablesWithUnknownType": 0,
      "fieldsOfClassesWithUnknownHierarchyProbabilityModifier": 0,
      "sharedFieldsToFieldsAmountMinimum": 3,
      "analyseFieldsInClassesOrInterfacesInheritedFromSuperClassesOrInterfaces": false,
      "sharedParametersToParametersAmountMinimum": 3,
      "sharedParametersToFieldsAmountMinimum": 3,
      "methodsOfClassesOrInterfacesWithUnknownHierarchyProbabilityModifier": 0
    }
  },
  "data_clumps": {
    "fields_to_fields_data_clump-./Admin-_ZPLpAFV9EDeLp63Fet9ybQ-_FrIakFV9EDeLp63Fet9ybQ-idfnamelnameemailpassword": {
      "type": "data_clump",
      "key": "fields_to_fields_data_clump-./Admin-_ZPLpAFV9EDeLp63Fet9ybQ-_FrIakFV9EDeLp63Fet9ybQ-idfnamelnameemailpassword",
      "probability": 1,
      "from_file_path": "./Admin",
      "from_class_or_interface_name": "Admin",
      "from_class_or_interface_key": "_ZPLpAFV9EDeLp63Fet9ybQ",
      "from_method_name": null,
      "from_method_key": null,
      "to_file_path": "./User",
      "to_class_or_interface_key": "_FrIakFV9EDeLp63Fet9ybQ",
      "to_class_or_interface_name": "Admin",
      "to_method_key": null,
      "to_method_name": null,
      "data_clump_type": "fields_to_fields_data_clump",
      "data_clump_data": {
        "_ZPLpAVV9EDeLp63Fet9ybQ": {
          "key": "_ZPLpAVV9EDeLp63Fet9ybQ",
          "name": "id",
          "type": null,
          "probability": 1,
          "modifiers": [],
          "to_variable": {
            "key": "_HFEpAFV9EDeLp63Fet9ybQ",
            "name": "id",
            "type": null,
            "modifiers": [],
            "position": {}
          },
          "position": {}
        },
        "_ZPM3IFV9EDeLp63Fet9ybQ": {
          "key": "_ZPM3IFV9EDeLp63Fet9ybQ",
          "name": "fname",
          "type": null,
          "probability": 1,
          "modifiers": [],
          "to_variable": {
            "key": "_J6HjgFV9EDeLp63Fet9ybQ",
            "name": "fname",
            "type": null,
            "modifiers": [],
            "position": {}
          },
          "position": {}
        },
        "_ZPM3IVV9EDeLp63Fet9ybQ": {
          "key": "_ZPM3IVV9EDeLp63Fet9ybQ",
          "name": "lname",
          "type": null,
          "probability": 1,
          "modifiers": [],
          "to_variable": {
            "key": "_MFP-UFV9EDeLp63Fet9ybQ",
            "name": "lname",
            "type": null,
            "modifiers": [],
            "position": {}
          },
          "position": {}
        },
        "_ZPM3I1V9EDeLp63Fet9ybQ": {
          "key": "_ZPM3I1V9EDeLp63Fet9ybQ",
          "name": "email",
          "type": null,
          "probability": 1,
          "modifiers": [],
          "to_variable": {
            "key": "_PMeN8FV9EDeLp63Fet9ybQ",
            "name": "email",
            "type": null,
            "modifiers": [],
            "position": {}
          },
          "position": {}
        },
        "_ZPNeMFV9EDeLp63Fet9ybQ": {
          "key": "_ZPNeMFV9EDeLp63Fet9ybQ",
          "name": "password",
          "type": null,
          "probability": 1,
          "modifiers": [],
          "to_variable": {
            "key": "_QsRMwFV9EDeLp63Fet9ybQ",
            "name": "password",
            "type": null,
            "modifiers": [],
            "position": {}
          },
          "position": {}
        }
      }
    },
    "fields_to_fields_data_clump-./User-_FrIakFV9EDeLp63Fet9ybQ-_ZPLpAFV9EDeLp63Fet9ybQ-idfnamelnameemailpassword": {
      "type": "data_clump",
      "key": "fields_to_fields_data_clump-./User-_FrIakFV9EDeLp63Fet9ybQ-_ZPLpAFV9EDeLp63Fet9ybQ-idfnamelnameemailpassword",
      "probability": 1,
      "from_file_path": "./User",
      "from_class_or_interface_name": "User",
      "from_class_or_interface_key": "_FrIakFV9EDeLp63Fet9ybQ",
      "from_method_name": null,
      "from_method_key": null,
      "to_file_path": "./Admin",
      "to_class_or_interface_key": "_ZPLpAFV9EDeLp63Fet9ybQ",
      "to_class_or_interface_name": "User",
      "to_method_key": null,
      "to_method_name": null,
      "data_clump_type": "fields_to_fields_data_clump",
      "data_clump_data": {
        "_HFEpAFV9EDeLp63Fet9ybQ": {
          "key": "_HFEpAFV9EDeLp63Fet9ybQ",
          "name": "id",
          "type": null,
          "probability": 1,
          "modifiers": [],
          "to_variable": {
            "key": "_ZPLpAVV9EDeLp63Fet9ybQ",
            "name": "id",
            "type": null,
            "modifiers": [],
            "position": {}
          },
          "position": {}
        },
        "_J6HjgFV9EDeLp63Fet9ybQ": {
          "key": "_J6HjgFV9EDeLp63Fet9ybQ",
          "name": "fname",
          "type": null,
          "probability": 1,
          "modifiers": [],
          "to_variable": {
            "key": "_ZPM3IFV9EDeLp63Fet9ybQ",
            "name": "fname",
            "type": null,
            "modifiers": [],
            "position": {}
          },
          "position": {}
        },
        "_MFP-UFV9EDeLp63Fet9ybQ": {
          "key": "_MFP-UFV9EDeLp63Fet9ybQ",
          "name": "lname",
          "type": null,
          "probability": 1,
          "modifiers": [],
          "to_variable": {
            "key": "_ZPM3IVV9EDeLp63Fet9ybQ",
            "name": "lname",
            "type": null,
            "modifiers": [],
            "position": {}
          },
          "position": {}
        },
        "_PMeN8FV9EDeLp63Fet9ybQ": {
          "key": "_PMeN8FV9EDeLp63Fet9ybQ",
          "name": "email",
          "type": null,
          "probability": 1,
          "modifiers": [],
          "to_variable": {
            "key": "_ZPM3I1V9EDeLp63Fet9ybQ",
            "name": "email",
            "type": null,
            "modifiers": [],
            "position": {}
          },
          "position": {}
        },
        "_QsRMwFV9EDeLp63Fet9ybQ": {
          "key": "_QsRMwFV9EDeLp63Fet9ybQ",
          "name": "password",
          "type": null,
          "probability": 1,
          "modifiers": [],
          "to_variable": {
            "key": "_ZPNeMFV9EDeLp63Fet9ybQ",
            "name": "password",
            "type": null,
            "modifiers": [],
            "position": {}
          },
          "position": {}
        }
      }
    }
  }
}