{
  "report_version": "unknown",
  "report_timestamp": "2025-03-26T22:25:04.376Z",
  "target_language": "java",
  "report_summary": {
    "additional": null,
    "amount_classes_or_interfaces_with_data_clumps": 6,
    "amount_files_with_data_clumps": 6,
    "amount_methods_with_data_clumps": 0,
    "fields_to_fields_data_clump": 30,
    "parameters_to_fields_data_clump": 0,
    "parameters_to_parameters_data_clump": 0,
    "amount_data_clumps": 30
  },
  "project_info": {
    "project_url": "unknown_project_url",
    "project_name": "_HeVPMLrQEeaud6jyFEReOw",
    "project_version": "unknown_project_version",
    "project_commit_hash": "unknown",
    "project_tag": null,
    "project_commit_date": null,
    "additional": {},
    "number_of_files": 8,
    "number_of_classes_or_interfaces": 8,
    "number_of_methods": 10,
    "number_of_data_fields": 43,
    "number_of_method_parameters": 0
  },
  "detector": {
    "name": "data-clumps-doctor",
    "url": "https://github.com/NilsBaumgartner1994/data-clumps-doctor",
    "version": "0.1.100",
    "options": {
      "typeVariablesConsidered": false,
      "similarityModifierOfVariablesWithUnknownType": 0,
      "fieldsOfClassesWithUnknownHierarchyProbabilityModifier": 0,
      "sharedFieldsToFieldsAmountMinimum": 3,
      "analyseFieldsInClassesOrInterfacesInheritedFromSuperClassesOrInterfaces": false,
      "sharedParametersToParametersAmountMinimum": 3,
      "sharedParametersToFieldsAmountMinimum": 3,
      "methodsOfClassesOrInterfacesWithUnknownHierarchyProbabilityModifier": 0
    }
  },
  "data_clumps": {
    "fields_to_fields_data_clump-./Area-_qkLQsJzFEDSWg511ntwuCg-_A9FeUJzEEDSWg511ntwuCg-AddressPostcodeXY": {
      "type": "data_clump",
      "key": "fields_to_fields_data_clump-./Area-_qkLQsJzFEDSWg511ntwuCg-_A9FeUJzEEDSWg511ntwuCg-AddressPostcodeXY",
      "probability": 1,
      "from_file_path": "./Area",
      "from_class_or_interface_name": "Area",
      "from_class_or_interface_key": "_qkLQsJzFEDSWg511ntwuCg",
      "from_method_name": null,
      "from_method_key": null,
      "to_file_path": "./Building",
      "to_class_or_interface_key": "_A9FeUJzEEDSWg511ntwuCg",
      "to_class_or_interface_name": "Area",
      "to_method_key": null,
      "to_method_name": null,
      "data_clump_type": "fields_to_fields_data_clump",
      "data_clump_data": {
        "_qkMe0ZzFEDSWg511ntwuCg": {
          "key": "_qkMe0ZzFEDSWg511ntwuCg",
          "name": "Address",
          "type": null,
          "probability": 1,
          "modifiers": [
            "public"
          ],
          "to_variable": {
            "key": "_A9GFYJzEEDSWg511ntwuCg",
            "name": "Address",
            "type": null,
            "modifiers": [
              "public"
            ],
            "position": {}
          },
          "position": {}
        },
        "_qkMe0pzFEDSWg511ntwuCg": {
          "key": "_qkMe0pzFEDSWg511ntwuCg",
          "name": "Postcode",
          "type": null,
          "probability": 1,
          "modifiers": [
            "public"
          ],
          "to_variable": {
            "key": "_A9GFYZzEEDSWg511ntwuCg",
            "name": "Postcode",
            "type": null,
            "modifiers": [
              "public"
            ],
            "position": {}
          },
          "position": {}
        },
        "_qkMe05zFEDSWg511ntwuCg": {
          "key": "_qkMe05zFEDSWg511ntwuCg",
          "name": "X",
          "type": null,
          "probability": 1,
          "modifiers": [
            "public"
          ],
          "to_variable": {
            "key": "_A9GFYpzEEDSWg511ntwuCg",
            "name": "X",
            "type": null,
            "modifiers": [
              "public"
            ],
            "position": {}
          },
          "position": {}
        },
        "_qkMe1JzFEDSWg511ntwuCg": {
          "key": "_qkMe1JzFEDSWg511ntwuCg",
          "name": "Y",
          "type": null,
          "probability": 1,
          "modifiers": [
            "public"
          ],
          "to_variable": {
            "key": "_A9GFY5zEEDSWg511ntwuCg",
            "name": "Y",
            "type": null,
            "modifiers": [
              "public"
            ],
            "position": {}
          },
          "position": {}
        }
      }
    },
    "fields_to_fields_data_clump-./Area-_qkLQsJzFEDSWg511ntwuCg-_DVqfQJzEEDSWg511ntwuCg-AddressPostcodeXY": {
      "type": "data_clump",
      "key": "fields_to_fields_data_clump-./Area-_qkLQsJzFEDSWg511ntwuCg-_DVqfQJzEEDSWg511ntwuCg-AddressPostcodeXY",
      "probability": 1,
      "from_file_path": "./Area",
      "from_class_or_interface_name": "Area",
      "from_class_or_interface_key": "_qkLQsJzFEDSWg511ntwuCg",
      "from_method_name": null,
      "from_method_key": null,
      "to_file_path": "./Customer",
      "to_class_or_interface_key": "_DVqfQJzEEDSWg511ntwuCg",
      "to_class_or_interface_name": "Area",
      "to_method_key": null,
      "to_method_name": null,
      "data_clump_type": "fields_to_fields_data_clump",
      "data_clump_data": {
        "_qkMe0ZzFEDSWg511ntwuCg": {
          "key": "_qkMe0ZzFEDSWg511ntwuCg",
          "name": "Address",
          "type": null,
          "probability": 1,
          "modifiers": [
            "public"
          ],
          "to_variable": {
            "key": "_DVrGUJzEEDSWg511ntwuCg",
            "name": "Address",
            "type": null,
            "modifiers": [
              "public"
            ],
            "position": {}
          },
          "position": {}
        },
        "_qkMe0pzFEDSWg511ntwuCg": {
          "key": "_qkMe0pzFEDSWg511ntwuCg",
          "name": "Postcode",
          "type": null,
          "probability": 1,
          "modifiers": [
            "public"
          ],
          "to_variable": {
            "key": "_DVrGUZzEEDSWg511ntwuCg",
            "name": "Postcode",
            "type": null,
            "modifiers": [
              "public"
            ],
            "position": {}
          },
          "position": {}
        },
        "_qkMe05zFEDSWg511ntwuCg": {
          "key": "_qkMe05zFEDSWg511ntwuCg",
          "name": "X",
          "type": null,
          "probability": 1,
          "modifiers": [
            "public"
          ],
          "to_variable": {
            "key": "_DVrGUpzEEDSWg511ntwuCg",
            "name": "X",
            "type": null,
            "modifiers": [
              "public"
            ],
            "position": {}
          },
          "position": {}
        },
        "_qkMe1JzFEDSWg511ntwuCg": {
          "key": "_qkMe1JzFEDSWg511ntwuCg",
          "name": "Y",
          "type": null,
          "probability": 1,
          "modifiers": [
            "public"
          ],
          "to_variable": {
            "key": "_DVrGU5zEEDSWg511ntwuCg",
            "name": "Y",
            "type": null,
            "modifiers": [
              "public"
            ],
            "position": {}
          },
          "position": {}
        }
      }
    },
    "fields_to_fields_data_clump-./Area-_qkLQsJzFEDSWg511ntwuCg-_a8pCgJzCEDSWg511ntwuCg-ID_AreaAddressPostcodeXY": {
      "type": "data_clump",
      "key": "fields_to_fields_data_clump-./Area-_qkLQsJzFEDSWg511ntwuCg-_a8pCgJzCEDSWg511ntwuCg-ID_AreaAddressPostcodeXY",
      "probability": 1,
      "from_file_path": "./Area",
      "from_class_or_interface_name": "Area",
      "from_class_or_interface_key": "_qkLQsJzFEDSWg511ntwuCg",
      "from_method_name": null,
      "from_method_key": null,
      "to_file_path": "./Distributioncenter",
      "to_class_or_interface_key": "_a8pCgJzCEDSWg511ntwuCg",
      "to_class_or_interface_name": "Area",
      "to_method_key": null,
      "to_method_name": null,
      "data_clump_type": "fields_to_fields_data_clump",
      "data_clump_data": {
        "_qkMe0JzFEDSWg511ntwuCg": {
          "key": "_qkMe0JzFEDSWg511ntwuCg",
          "name": "ID_Area",
          "type": null,
          "probability": 1,
          "modifiers": [
            "public"
          ],
          "to_variable": {
            "key": "_PaW1oJzDEDSWg511ntwuCg",
            "name": "ID_Area",
            "type": null,
            "modifiers": [
              "public"
            ],
            "position": {}
          },
          "position": {}
        },
        "_qkMe0ZzFEDSWg511ntwuCg": {
          "key": "_qkMe0ZzFEDSWg511ntwuCg",
          "name": "Address",
          "type": null,
          "probability": 1,
          "modifiers": [
            "public"
          ],
          "to_variable": {
            "key": "_eoyusJzDEDSWg511ntwuCg",
            "name": "Address",
            "type": null,
            "modifiers": [
              "public"
            ],
            "position": {}
          },
          "position": {}
        },
        "_qkMe0pzFEDSWg511ntwuCg": {
          "key": "_qkMe0pzFEDSWg511ntwuCg",
          "name": "Postcode",
          "type": null,
          "probability": 1,
          "modifiers": [
            "public"
          ],
          "to_variable": {
            "key": "_gJyAUJzDEDSWg511ntwuCg",
            "name": "Postcode",
            "type": null,
            "modifiers": [
              "public"
            ],
            "position": {}
          },
          "position": {}
        },
        "_qkMe05zFEDSWg511ntwuCg": {
          "key": "_qkMe05zFEDSWg511ntwuCg",
          "name": "X",
          "type": null,
          "probability": 1,
          "modifiers": [
            "public"
          ],
          "to_variable": {
            "key": "_qEq8IJzDEDSWg511ntwuCg",
            "name": "X",
            "type": null,
            "modifiers": [
              "public"
            ],
            "position": {}
          },
          "position": {}
        },
        "_qkMe1JzFEDSWg511ntwuCg": {
          "key": "_qkMe1JzFEDSWg511ntwuCg",
          "name": "Y",
          "type": null,
          "probability": 1,
          "modifiers": [
            "public"
          ],
          "to_variable": {
            "key": "_xaU7EJzDEDSWg511ntwuCg",
            "name": "Y",
            "type": null,
            "modifiers": [
              "public"
            ],
            "position": {}
          },
          "position": {}
        }
      }
    },
    "fields_to_fields_data_clump-./Area-_qkLQsJzFEDSWg511ntwuCg-_z1XaIJzDEDSWg511ntwuCg-AddressPostcodeXY": {
      "type": "data_clump",
      "key": "fields_to_fields_data_clump-./Area-_qkLQsJzFEDSWg511ntwuCg-_z1XaIJzDEDSWg511ntwuCg-AddressPostcodeXY",
      "probability": 1,
      "from_file_path": "./Area",
      "from_class_or_interface_name": "Area",
      "from_class_or_interface_key": "_qkLQsJzFEDSWg511ntwuCg",
      "from_method_name": null,
      "from_method_key": null,
      "to_file_path": "./Servicecenter",
      "to_class_or_interface_key": "_z1XaIJzDEDSWg511ntwuCg",
      "to_class_or_interface_name": "Area",
      "to_method_key": null,
      "to_method_name": null,
      "data_clump_type": "fields_to_fields_data_clump",
      "data_clump_data": {
        "_qkMe0ZzFEDSWg511ntwuCg": {
          "key": "_qkMe0ZzFEDSWg511ntwuCg",
          "name": "Address",
          "type": null,
          "probability": 1,
          "modifiers": [
            "public"
          ],
          "to_variable": {
            "key": "_z1YBMZzDEDSWg511ntwuCg",
            "name": "Address",
            "type": null,
            "modifiers": [
              "public"
            ],
            "position": {}
          },
          "position": {}
        },
        "_qkMe0pzFEDSWg511ntwuCg": {
          "key": "_qkMe0pzFEDSWg511ntwuCg",
          "name": "Postcode",
          "type": null,
          "probability": 1,
          "modifiers": [
            "public"
          ],
          "to_variable": {
            "key": "_z1YoQJzDEDSWg511ntwuCg",
            "name": "Postcode",
            "type": null,
            "modifiers": [
              "public"
            ],
            "position": {}
          },
          "position": {}
        },
        "_qkMe05zFEDSWg511ntwuCg": {
          "key": "_qkMe05zFEDSWg511ntwuCg",
          "name": "X",
          "type": null,
          "probability": 1,
          "modifiers": [
            "public"
          ],
          "to_variable": {
            "key": "_z1YoQZzDEDSWg511ntwuCg",
            "name": "X",
            "type": null,
            "modifiers": [
              "public"
            ],
            "position": {}
          },
          "position": {}
        },
        "_qkMe1JzFEDSWg511ntwuCg": {
          "key": "_qkMe1JzFEDSWg511ntwuCg",
          "name": "Y",
          "type": null,
          "probability": 1,
          "modifiers": [
            "public"
          ],
          "to_variable": {
            "key": "_z1adcJzDEDSWg511ntwuCg",
            "name": "Y",
            "type": null,
            "modifiers": [
              "public"
            ],
            "position": {}
          },
          "position": {}
        }
      }
    },
    "fields_to_fields_data_clump-./Area-_qkLQsJzFEDSWg511ntwuCg-_8NdGcJzDEDSWg511ntwuCg-AddressPostcodeXY": {
      "type": "data_clump",
      "key": "fields_to_fields_data_clump-./Area-_qkLQsJzFEDSWg511ntwuCg-_8NdGcJzDEDSWg511ntwuCg-AddressPostcodeXY",
      "probability": 1,
      "from_file_path": "./Area",
      "from_class_or_interface_name": "Area",
      "from_class_or_interface_key": "_qkLQsJzFEDSWg511ntwuCg",
      "from_method_name": null,
      "from_method_key": null,
      "to_file_path": "./Street",
      "to_class_or_interface_key": "_8NdGcJzDEDSWg511ntwuCg",
      "to_class_or_interface_name": "Area",
      "to_method_key": null,
      "to_method_name": null,
      "data_clump_type": "fields_to_fields_data_clump",
      "data_clump_data": {
        "_qkMe0ZzFEDSWg511ntwuCg": {
          "key": "_qkMe0ZzFEDSWg511ntwuCg",
          "name": "Address",
          "type": null,
          "probability": 1,
          "modifiers": [
            "public"
          ],
          "to_variable": {
            "key": "_8NdGcpzDEDSWg511ntwuCg",
            "name": "Address",
            "type": null,
            "modifiers": [
              "public"
            ],
            "position": {}
          },
          "position": {}
        },
        "_qkMe0pzFEDSWg511ntwuCg": {
          "key": "_qkMe0pzFEDSWg511ntwuCg",
          "name": "Postcode",
          "type": null,
          "probability": 1,
          "modifiers": [
            "public"
          ],
          "to_variable": {
            "key": "_8NdGc5zDEDSWg511ntwuCg",
            "name": "Postcode",
            "type": null,
            "modifiers": [
              "public"
            ],
            "position": {}
          },
          "position": {}
        },
        "_qkMe05zFEDSWg511ntwuCg": {
          "key": "_qkMe05zFEDSWg511ntwuCg",
          "name": "X",
          "type": null,
          "probability": 1,
          "modifiers": [
            "public"
          ],
          "to_variable": {
            "key": "_8NdGdJzDEDSWg511ntwuCg",
            "name": "X",
            "type": null,
            "modifiers": [
              "public"
            ],
            "position": {}
          },
          "position": {}
        },
        "_qkMe1JzFEDSWg511ntwuCg": {
          "key": "_qkMe1JzFEDSWg511ntwuCg",
          "name": "Y",
          "type": null,
          "probability": 1,
          "modifiers": [
            "public"
          ],
          "to_variable": {
            "key": "_8NdGdZzDEDSWg511ntwuCg",
            "name": "Y",
            "type": null,
            "modifiers": [
              "public"
            ],
            "position": {}
          },
          "position": {}
        }
      }
    },
    "fields_to_fields_data_clump-./Building-_A9FeUJzEEDSWg511ntwuCg-_qkLQsJzFEDSWg511ntwuCg-AddressPostcodeXY": {
      "type": "data_clump",
      "key": "fields_to_fields_data_clump-./Building-_A9FeUJzEEDSWg511ntwuCg-_qkLQsJzFEDSWg511ntwuCg-AddressPostcodeXY",
      "probability": 1,
      "from_file_path": "./Building",
      "from_class_or_interface_name": "Building",
      "from_class_or_interface_key": "_A9FeUJzEEDSWg511ntwuCg",
      "from_method_name": null,
      "from_method_key": null,
      "to_file_path": "./Area",
      "to_class_or_interface_key": "_qkLQsJzFEDSWg511ntwuCg",
      "to_class_or_interface_name": "Building",
      "to_method_key": null,
      "to_method_name": null,
      "data_clump_type": "fields_to_fields_data_clump",
      "data_clump_data": {
        "_A9GFYJzEEDSWg511ntwuCg": {
          "key": "_A9GFYJzEEDSWg511ntwuCg",
          "name": "Address",
          "type": null,
          "probability": 1,
          "modifiers": [
            "public"
          ],
          "to_variable": {
            "key": "_qkMe0ZzFEDSWg511ntwuCg",
            "name": "Address",
            "type": null,
            "modifiers": [
              "public"
            ],
            "position": {}
          },
          "position": {}
        },
        "_A9GFYZzEEDSWg511ntwuCg": {
          "key": "_A9GFYZzEEDSWg511ntwuCg",
          "name": "Postcode",
          "type": null,
          "probability": 1,
          "modifiers": [
            "public"
          ],
          "to_variable": {
            "key": "_qkMe0pzFEDSWg511ntwuCg",
            "name": "Postcode",
            "type": null,
            "modifiers": [
              "public"
            ],
            "position": {}
          },
          "position": {}
        },
        "_A9GFYpzEEDSWg511ntwuCg": {
          "key": "_A9GFYpzEEDSWg511ntwuCg",
          "name": "X",
          "type": null,
          "probability": 1,
          "modifiers": [
            "public"
          ],
          "to_variable": {
            "key": "_qkMe05zFEDSWg511ntwuCg",
            "name": "X",
            "type": null,
            "modifiers": [
              "public"
            ],
            "position": {}
          },
          "position": {}
        },
        "_A9GFY5zEEDSWg511ntwuCg": {
          "key": "_A9GFY5zEEDSWg511ntwuCg",
          "name": "Y",
          "type": null,
          "probability": 1,
          "modifiers": [
            "public"
          ],
          "to_variable": {
            "key": "_qkMe1JzFEDSWg511ntwuCg",
            "name": "Y",
            "type": null,
            "modifiers": [
              "public"
            ],
            "position": {}
          },
          "position": {}
        }
      }
    },
    "fields_to_fields_data_clump-./Building-_A9FeUJzEEDSWg511ntwuCg-_DVqfQJzEEDSWg511ntwuCg-AddressPostcodeXY": {
      "type": "data_clump",
      "key": "fields_to_fields_data_clump-./Building-_A9FeUJzEEDSWg511ntwuCg-_DVqfQJzEEDSWg511ntwuCg-AddressPostcodeXY",
      "probability": 1,
      "from_file_path": "./Building",
      "from_class_or_interface_name": "Building",
      "from_class_or_interface_key": "_A9FeUJzEEDSWg511ntwuCg",
      "from_method_name": null,
      "from_method_key": null,
      "to_file_path": "./Customer",
      "to_class_or_interface_key": "_DVqfQJzEEDSWg511ntwuCg",
      "to_class_or_interface_name": "Building",
      "to_method_key": null,
      "to_method_name": null,
      "data_clump_type": "fields_to_fields_data_clump",
      "data_clump_data": {
        "_A9GFYJzEEDSWg511ntwuCg": {
          "key": "_A9GFYJzEEDSWg511ntwuCg",
          "name": "Address",
          "type": null,
          "probability": 1,
          "modifiers": [
            "public"
          ],
          "to_variable": {
            "key": "_DVrGUJzEEDSWg511ntwuCg",
            "name": "Address",
            "type": null,
            "modifiers": [
              "public"
            ],
            "position": {}
          },
          "position": {}
        },
        "_A9GFYZzEEDSWg511ntwuCg": {
          "key": "_A9GFYZzEEDSWg511ntwuCg",
          "name": "Postcode",
          "type": null,
          "probability": 1,
          "modifiers": [
            "public"
          ],
          "to_variable": {
            "key": "_DVrGUZzEEDSWg511ntwuCg",
            "name": "Postcode",
            "type": null,
            "modifiers": [
              "public"
            ],
            "position": {}
          },
          "position": {}
        },
        "_A9GFYpzEEDSWg511ntwuCg": {
          "key": "_A9GFYpzEEDSWg511ntwuCg",
          "name": "X",
          "type": null,
          "probability": 1,
          "modifiers": [
            "public"
          ],
          "to_variable": {
            "key": "_DVrGUpzEEDSWg511ntwuCg",
            "name": "X",
            "type": null,
            "modifiers": [
              "public"
            ],
            "position": {}
          },
          "position": {}
        },
        "_A9GFY5zEEDSWg511ntwuCg": {
          "key": "_A9GFY5zEEDSWg511ntwuCg",
          "name": "Y",
          "type": null,
          "probability": 1,
          "modifiers": [
            "public"
          ],
          "to_variable": {
            "key": "_DVrGU5zEEDSWg511ntwuCg",
            "name": "Y",
            "type": null,
            "modifiers": [
              "public"
            ],
            "position": {}
          },
          "position": {}
        }
      }
    },
    "fields_to_fields_data_clump-./Building-_A9FeUJzEEDSWg511ntwuCg-_a8pCgJzCEDSWg511ntwuCg-AddressPostcodeXY": {
      "type": "data_clump",
      "key": "fields_to_fields_data_clump-./Building-_A9FeUJzEEDSWg511ntwuCg-_a8pCgJzCEDSWg511ntwuCg-AddressPostcodeXY",
      "probability": 1,
      "from_file_path": "./Building",
      "from_class_or_interface_name": "Building",
      "from_class_or_interface_key": "_A9FeUJzEEDSWg511ntwuCg",
      "from_method_name": null,
      "from_method_key": null,
      "to_file_path": "./Distributioncenter",
      "to_class_or_interface_key": "_a8pCgJzCEDSWg511ntwuCg",
      "to_class_or_interface_name": "Building",
      "to_method_key": null,
      "to_method_name": null,
      "data_clump_type": "fields_to_fields_data_clump",
      "data_clump_data": {
        "_A9GFYJzEEDSWg511ntwuCg": {
          "key": "_A9GFYJzEEDSWg511ntwuCg",
          "name": "Address",
          "type": null,
          "probability": 1,
          "modifiers": [
            "public"
          ],
          "to_variable": {
            "key": "_eoyusJzDEDSWg511ntwuCg",
            "name": "Address",
            "type": null,
            "modifiers": [
              "public"
            ],
            "position": {}
          },
          "position": {}
        },
        "_A9GFYZzEEDSWg511ntwuCg": {
          "key": "_A9GFYZzEEDSWg511ntwuCg",
          "name": "Postcode",
          "type": null,
          "probability": 1,
          "modifiers": [
            "public"
          ],
          "to_variable": {
            "key": "_gJyAUJzDEDSWg511ntwuCg",
            "name": "Postcode",
            "type": null,
            "modifiers": [
              "public"
            ],
            "position": {}
          },
          "position": {}
        },
        "_A9GFYpzEEDSWg511ntwuCg": {
          "key": "_A9GFYpzEEDSWg511ntwuCg",
          "name": "X",
          "type": null,
          "probability": 1,
          "modifiers": [
            "public"
          ],
          "to_variable": {
            "key": "_qEq8IJzDEDSWg511ntwuCg",
            "name": "X",
            "type": null,
            "modifiers": [
              "public"
            ],
            "position": {}
          },
          "position": {}
        },
        "_A9GFY5zEEDSWg511ntwuCg": {
          "key": "_A9GFY5zEEDSWg511ntwuCg",
          "name": "Y",
          "type": null,
          "probability": 1,
          "modifiers": [
            "public"
          ],
          "to_variable": {
            "key": "_xaU7EJzDEDSWg511ntwuCg",
            "name": "Y",
            "type": null,
            "modifiers": [
              "public"
            ],
            "position": {}
          },
          "position": {}
        }
      }
    },
    "fields_to_fields_data_clump-./Building-_A9FeUJzEEDSWg511ntwuCg-_z1XaIJzDEDSWg511ntwuCg-AddressPostcodeXY": {
      "type": "data_clump",
      "key": "fields_to_fields_data_clump-./Building-_A9FeUJzEEDSWg511ntwuCg-_z1XaIJzDEDSWg511ntwuCg-AddressPostcodeXY",
      "probability": 1,
      "from_file_path": "./Building",
      "from_class_or_interface_name": "Building",
      "from_class_or_interface_key": "_A9FeUJzEEDSWg511ntwuCg",
      "from_method_name": null,
      "from_method_key": null,
      "to_file_path": "./Servicecenter",
      "to_class_or_interface_key": "_z1XaIJzDEDSWg511ntwuCg",
      "to_class_or_interface_name": "Building",
      "to_method_key": null,
      "to_method_name": null,
      "data_clump_type": "fields_to_fields_data_clump",
      "data_clump_data": {
        "_A9GFYJzEEDSWg511ntwuCg": {
          "key": "_A9GFYJzEEDSWg511ntwuCg",
          "name": "Address",
          "type": null,
          "probability": 1,
          "modifiers": [
            "public"
          ],
          "to_variable": {
            "key": "_z1YBMZzDEDSWg511ntwuCg",
            "name": "Address",
            "type": null,
            "modifiers": [
              "public"
            ],
            "position": {}
          },
          "position": {}
        },
        "_A9GFYZzEEDSWg511ntwuCg": {
          "key": "_A9GFYZzEEDSWg511ntwuCg",
          "name": "Postcode",
          "type": null,
          "probability": 1,
          "modifiers": [
            "public"
          ],
          "to_variable": {
            "key": "_z1YoQJzDEDSWg511ntwuCg",
            "name": "Postcode",
            "type": null,
            "modifiers": [
              "public"
            ],
            "position": {}
          },
          "position": {}
        },
        "_A9GFYpzEEDSWg511ntwuCg": {
          "key": "_A9GFYpzEEDSWg511ntwuCg",
          "name": "X",
          "type": null,
          "probability": 1,
          "modifiers": [
            "public"
          ],
          "to_variable": {
            "key": "_z1YoQZzDEDSWg511ntwuCg",
            "name": "X",
            "type": null,
            "modifiers": [
              "public"
            ],
            "position": {}
          },
          "position": {}
        },
        "_A9GFY5zEEDSWg511ntwuCg": {
          "key": "_A9GFY5zEEDSWg511ntwuCg",
          "name": "Y",
          "type": null,
          "probability": 1,
          "modifiers": [
            "public"
          ],
          "to_variable": {
            "key": "_z1adcJzDEDSWg511ntwuCg",
            "name": "Y",
            "type": null,
            "modifiers": [
              "public"
            ],
            "position": {}
          },
          "position": {}
        }
      }
    },
    "fields_to_fields_data_clump-./Building-_A9FeUJzEEDSWg511ntwuCg-_8NdGcJzDEDSWg511ntwuCg-AddressPostcodeXY": {
      "type": "data_clump",
      "key": "fields_to_fields_data_clump-./Building-_A9FeUJzEEDSWg511ntwuCg-_8NdGcJzDEDSWg511ntwuCg-AddressPostcodeXY",
      "probability": 1,
      "from_file_path": "./Building",
      "from_class_or_interface_name": "Building",
      "from_class_or_interface_key": "_A9FeUJzEEDSWg511ntwuCg",
      "from_method_name": null,
      "from_method_key": null,
      "to_file_path": "./Street",
      "to_class_or_interface_key": "_8NdGcJzDEDSWg511ntwuCg",
      "to_class_or_interface_name": "Building",
      "to_method_key": null,
      "to_method_name": null,
      "data_clump_type": "fields_to_fields_data_clump",
      "data_clump_data": {
        "_A9GFYJzEEDSWg511ntwuCg": {
          "key": "_A9GFYJzEEDSWg511ntwuCg",
          "name": "Address",
          "type": null,
          "probability": 1,
          "modifiers": [
            "public"
          ],
          "to_variable": {
            "key": "_8NdGcpzDEDSWg511ntwuCg",
            "name": "Address",
            "type": null,
            "modifiers": [
              "public"
            ],
            "position": {}
          },
          "position": {}
        },
        "_A9GFYZzEEDSWg511ntwuCg": {
          "key": "_A9GFYZzEEDSWg511ntwuCg",
          "name": "Postcode",
          "type": null,
          "probability": 1,
          "modifiers": [
            "public"
          ],
          "to_variable": {
            "key": "_8NdGc5zDEDSWg511ntwuCg",
            "name": "Postcode",
            "type": null,
            "modifiers": [
              "public"
            ],
            "position": {}
          },
          "position": {}
        },
        "_A9GFYpzEEDSWg511ntwuCg": {
          "key": "_A9GFYpzEEDSWg511ntwuCg",
          "name": "X",
          "type": null,
          "probability": 1,
          "modifiers": [
            "public"
          ],
          "to_variable": {
            "key": "_8NdGdJzDEDSWg511ntwuCg",
            "name": "X",
            "type": null,
            "modifiers": [
              "public"
            ],
            "position": {}
          },
          "position": {}
        },
        "_A9GFY5zEEDSWg511ntwuCg": {
          "key": "_A9GFY5zEEDSWg511ntwuCg",
          "name": "Y",
          "type": null,
          "probability": 1,
          "modifiers": [
            "public"
          ],
          "to_variable": {
            "key": "_8NdGdZzDEDSWg511ntwuCg",
            "name": "Y",
            "type": null,
            "modifiers": [
              "public"
            ],
            "position": {}
          },
          "position": {}
        }
      }
    },
    "fields_to_fields_data_clump-./Customer-_DVqfQJzEEDSWg511ntwuCg-_qkLQsJzFEDSWg511ntwuCg-AddressPostcodeXY": {
      "type": "data_clump",
      "key": "fields_to_fields_data_clump-./Customer-_DVqfQJzEEDSWg511ntwuCg-_qkLQsJzFEDSWg511ntwuCg-AddressPostcodeXY",
      "probability": 1,
      "from_file_path": "./Customer",
      "from_class_or_interface_name": "Customer",
      "from_class_or_interface_key": "_DVqfQJzEEDSWg511ntwuCg",
      "from_method_name": null,
      "from_method_key": null,
      "to_file_path": "./Area",
      "to_class_or_interface_key": "_qkLQsJzFEDSWg511ntwuCg",
      "to_class_or_interface_name": "Customer",
      "to_method_key": null,
      "to_method_name": null,
      "data_clump_type": "fields_to_fields_data_clump",
      "data_clump_data": {
        "_DVrGUJzEEDSWg511ntwuCg": {
          "key": "_DVrGUJzEEDSWg511ntwuCg",
          "name": "Address",
          "type": null,
          "probability": 1,
          "modifiers": [
            "public"
          ],
          "to_variable": {
            "key": "_qkMe0ZzFEDSWg511ntwuCg",
            "name": "Address",
            "type": null,
            "modifiers": [
              "public"
            ],
            "position": {}
          },
          "position": {}
        },
        "_DVrGUZzEEDSWg511ntwuCg": {
          "key": "_DVrGUZzEEDSWg511ntwuCg",
          "name": "Postcode",
          "type": null,
          "probability": 1,
          "modifiers": [
            "public"
          ],
          "to_variable": {
            "key": "_qkMe0pzFEDSWg511ntwuCg",
            "name": "Postcode",
            "type": null,
            "modifiers": [
              "public"
            ],
            "position": {}
          },
          "position": {}
        },
        "_DVrGUpzEEDSWg511ntwuCg": {
          "key": "_DVrGUpzEEDSWg511ntwuCg",
          "name": "X",
          "type": null,
          "probability": 1,
          "modifiers": [
            "public"
          ],
          "to_variable": {
            "key": "_qkMe05zFEDSWg511ntwuCg",
            "name": "X",
            "type": null,
            "modifiers": [
              "public"
            ],
            "position": {}
          },
          "position": {}
        },
        "_DVrGU5zEEDSWg511ntwuCg": {
          "key": "_DVrGU5zEEDSWg511ntwuCg",
          "name": "Y",
          "type": null,
          "probability": 1,
          "modifiers": [
            "public"
          ],
          "to_variable": {
            "key": "_qkMe1JzFEDSWg511ntwuCg",
            "name": "Y",
            "type": null,
            "modifiers": [
              "public"
            ],
            "position": {}
          },
          "position": {}
        }
      }
    },
    "fields_to_fields_data_clump-./Customer-_DVqfQJzEEDSWg511ntwuCg-_A9FeUJzEEDSWg511ntwuCg-AddressPostcodeXY": {
      "type": "data_clump",
      "key": "fields_to_fields_data_clump-./Customer-_DVqfQJzEEDSWg511ntwuCg-_A9FeUJzEEDSWg511ntwuCg-AddressPostcodeXY",
      "probability": 1,
      "from_file_path": "./Customer",
      "from_class_or_interface_name": "Customer",
      "from_class_or_interface_key": "_DVqfQJzEEDSWg511ntwuCg",
      "from_method_name": null,
      "from_method_key": null,
      "to_file_path": "./Building",
      "to_class_or_interface_key": "_A9FeUJzEEDSWg511ntwuCg",
      "to_class_or_interface_name": "Customer",
      "to_method_key": null,
      "to_method_name": null,
      "data_clump_type": "fields_to_fields_data_clump",
      "data_clump_data": {
        "_DVrGUJzEEDSWg511ntwuCg": {
          "key": "_DVrGUJzEEDSWg511ntwuCg",
          "name": "Address",
          "type": null,
          "probability": 1,
          "modifiers": [
            "public"
          ],
          "to_variable": {
            "key": "_A9GFYJzEEDSWg511ntwuCg",
            "name": "Address",
            "type": null,
            "modifiers": [
              "public"
            ],
            "position": {}
          },
          "position": {}
        },
        "_DVrGUZzEEDSWg511ntwuCg": {
          "key": "_DVrGUZzEEDSWg511ntwuCg",
          "name": "Postcode",
          "type": null,
          "probability": 1,
          "modifiers": [
            "public"
          ],
          "to_variable": {
            "key": "_A9GFYZzEEDSWg511ntwuCg",
            "name": "Postcode",
            "type": null,
            "modifiers": [
              "public"
            ],
            "position": {}
          },
          "position": {}
        },
        "_DVrGUpzEEDSWg511ntwuCg": {
          "key": "_DVrGUpzEEDSWg511ntwuCg",
          "name": "X",
          "type": null,
          "probability": 1,
          "modifiers": [
            "public"
          ],
          "to_variable": {
            "key": "_A9GFYpzEEDSWg511ntwuCg",
            "name": "X",
            "type": null,
            "modifiers": [
              "public"
            ],
            "position": {}
          },
          "position": {}
        },
        "_DVrGU5zEEDSWg511ntwuCg": {
          "key": "_DVrGU5zEEDSWg511ntwuCg",
          "name": "Y",
          "type": null,
          "probability": 1,
          "modifiers": [
            "public"
          ],
          "to_variable": {
            "key": "_A9GFY5zEEDSWg511ntwuCg",
            "name": "Y",
            "type": null,
            "modifiers": [
              "public"
            ],
            "position": {}
          },
          "position": {}
        }
      }
    },
    "fields_to_fields_data_clump-./Customer-_DVqfQJzEEDSWg511ntwuCg-_a8pCgJzCEDSWg511ntwuCg-AddressPostcodeXY": {
      "type": "data_clump",
      "key": "fields_to_fields_data_clump-./Customer-_DVqfQJzEEDSWg511ntwuCg-_a8pCgJzCEDSWg511ntwuCg-AddressPostcodeXY",
      "probability": 1,
      "from_file_path": "./Customer",
      "from_class_or_interface_name": "Customer",
      "from_class_or_interface_key": "_DVqfQJzEEDSWg511ntwuCg",
      "from_method_name": null,
      "from_method_key": null,
      "to_file_path": "./Distributioncenter",
      "to_class_or_interface_key": "_a8pCgJzCEDSWg511ntwuCg",
      "to_class_or_interface_name": "Customer",
      "to_method_key": null,
      "to_method_name": null,
      "data_clump_type": "fields_to_fields_data_clump",
      "data_clump_data": {
        "_DVrGUJzEEDSWg511ntwuCg": {
          "key": "_DVrGUJzEEDSWg511ntwuCg",
          "name": "Address",
          "type": null,
          "probability": 1,
          "modifiers": [
            "public"
          ],
          "to_variable": {
            "key": "_eoyusJzDEDSWg511ntwuCg",
            "name": "Address",
            "type": null,
            "modifiers": [
              "public"
            ],
            "position": {}
          },
          "position": {}
        },
        "_DVrGUZzEEDSWg511ntwuCg": {
          "key": "_DVrGUZzEEDSWg511ntwuCg",
          "name": "Postcode",
          "type": null,
          "probability": 1,
          "modifiers": [
            "public"
          ],
          "to_variable": {
            "key": "_gJyAUJzDEDSWg511ntwuCg",
            "name": "Postcode",
            "type": null,
            "modifiers": [
              "public"
            ],
            "position": {}
          },
          "position": {}
        },
        "_DVrGUpzEEDSWg511ntwuCg": {
          "key": "_DVrGUpzEEDSWg511ntwuCg",
          "name": "X",
          "type": null,
          "probability": 1,
          "modifiers": [
            "public"
          ],
          "to_variable": {
            "key": "_qEq8IJzDEDSWg511ntwuCg",
            "name": "X",
            "type": null,
            "modifiers": [
              "public"
            ],
            "position": {}
          },
          "position": {}
        },
        "_DVrGU5zEEDSWg511ntwuCg": {
          "key": "_DVrGU5zEEDSWg511ntwuCg",
          "name": "Y",
          "type": null,
          "probability": 1,
          "modifiers": [
            "public"
          ],
          "to_variable": {
            "key": "_xaU7EJzDEDSWg511ntwuCg",
            "name": "Y",
            "type": null,
            "modifiers": [
              "public"
            ],
            "position": {}
          },
          "position": {}
        }
      }
    },
    "fields_to_fields_data_clump-./Customer-_DVqfQJzEEDSWg511ntwuCg-_z1XaIJzDEDSWg511ntwuCg-AddressPostcodeXY": {
      "type": "data_clump",
      "key": "fields_to_fields_data_clump-./Customer-_DVqfQJzEEDSWg511ntwuCg-_z1XaIJzDEDSWg511ntwuCg-AddressPostcodeXY",
      "probability": 1,
      "from_file_path": "./Customer",
      "from_class_or_interface_name": "Customer",
      "from_class_or_interface_key": "_DVqfQJzEEDSWg511ntwuCg",
      "from_method_name": null,
      "from_method_key": null,
      "to_file_path": "./Servicecenter",
      "to_class_or_interface_key": "_z1XaIJzDEDSWg511ntwuCg",
      "to_class_or_interface_name": "Customer",
      "to_method_key": null,
      "to_method_name": null,
      "data_clump_type": "fields_to_fields_data_clump",
      "data_clump_data": {
        "_DVrGUJzEEDSWg511ntwuCg": {
          "key": "_DVrGUJzEEDSWg511ntwuCg",
          "name": "Address",
          "type": null,
          "probability": 1,
          "modifiers": [
            "public"
          ],
          "to_variable": {
            "key": "_z1YBMZzDEDSWg511ntwuCg",
            "name": "Address",
            "type": null,
            "modifiers": [
              "public"
            ],
            "position": {}
          },
          "position": {}
        },
        "_DVrGUZzEEDSWg511ntwuCg": {
          "key": "_DVrGUZzEEDSWg511ntwuCg",
          "name": "Postcode",
          "type": null,
          "probability": 1,
          "modifiers": [
            "public"
          ],
          "to_variable": {
            "key": "_z1YoQJzDEDSWg511ntwuCg",
            "name": "Postcode",
            "type": null,
            "modifiers": [
              "public"
            ],
            "position": {}
          },
          "position": {}
        },
        "_DVrGUpzEEDSWg511ntwuCg": {
          "key": "_DVrGUpzEEDSWg511ntwuCg",
          "name": "X",
          "type": null,
          "probability": 1,
          "modifiers": [
            "public"
          ],
          "to_variable": {
            "key": "_z1YoQZzDEDSWg511ntwuCg",
            "name": "X",
            "type": null,
            "modifiers": [
              "public"
            ],
            "position": {}
          },
          "position": {}
        },
        "_DVrGU5zEEDSWg511ntwuCg": {
          "key": "_DVrGU5zEEDSWg511ntwuCg",
          "name": "Y",
          "type": null,
          "probability": 1,
          "modifiers": [
            "public"
          ],
          "to_variable": {
            "key": "_z1adcJzDEDSWg511ntwuCg",
            "name": "Y",
            "type": null,
            "modifiers": [
              "public"
            ],
            "position": {}
          },
          "position": {}
        }
      }
    },
    "fields_to_fields_data_clump-./Customer-_DVqfQJzEEDSWg511ntwuCg-_8NdGcJzDEDSWg511ntwuCg-AddressPostcodeXY": {
      "type": "data_clump",
      "key": "fields_to_fields_data_clump-./Customer-_DVqfQJzEEDSWg511ntwuCg-_8NdGcJzDEDSWg511ntwuCg-AddressPostcodeXY",
      "probability": 1,
      "from_file_path": "./Customer",
      "from_class_or_interface_name": "Customer",
      "from_class_or_interface_key": "_DVqfQJzEEDSWg511ntwuCg",
      "from_method_name": null,
      "from_method_key": null,
      "to_file_path": "./Street",
      "to_class_or_interface_key": "_8NdGcJzDEDSWg511ntwuCg",
      "to_class_or_interface_name": "Customer",
      "to_method_key": null,
      "to_method_name": null,
      "data_clump_type": "fields_to_fields_data_clump",
      "data_clump_data": {
        "_DVrGUJzEEDSWg511ntwuCg": {
          "key": "_DVrGUJzEEDSWg511ntwuCg",
          "name": "Address",
          "type": null,
          "probability": 1,
          "modifiers": [
            "public"
          ],
          "to_variable": {
            "key": "_8NdGcpzDEDSWg511ntwuCg",
            "name": "Address",
            "type": null,
            "modifiers": [
              "public"
            ],
            "position": {}
          },
          "position": {}
        },
        "_DVrGUZzEEDSWg511ntwuCg": {
          "key": "_DVrGUZzEEDSWg511ntwuCg",
          "name": "Postcode",
          "type": null,
          "probability": 1,
          "modifiers": [
            "public"
          ],
          "to_variable": {
            "key": "_8NdGc5zDEDSWg511ntwuCg",
            "name": "Postcode",
            "type": null,
            "modifiers": [
              "public"
            ],
            "position": {}
          },
          "position": {}
        },
        "_DVrGUpzEEDSWg511ntwuCg": {
          "key": "_DVrGUpzEEDSWg511ntwuCg",
          "name": "X",
          "type": null,
          "probability": 1,
          "modifiers": [
            "public"
          ],
          "to_variable": {
            "key": "_8NdGdJzDEDSWg511ntwuCg",
            "name": "X",
            "type": null,
            "modifiers": [
              "public"
            ],
            "position": {}
          },
          "position": {}
        },
        "_DVrGU5zEEDSWg511ntwuCg": {
          "key": "_DVrGU5zEEDSWg511ntwuCg",
          "name": "Y",
          "type": null,
          "probability": 1,
          "modifiers": [
            "public"
          ],
          "to_variable": {
            "key": "_8NdGdZzDEDSWg511ntwuCg",
            "name": "Y",
            "type": null,
            "modifiers": [
              "public"
            ],
            "position": {}
          },
          "position": {}
        }
      }
    },
    "fields_to_fields_data_clump-./Distributioncenter-_a8pCgJzCEDSWg511ntwuCg-_qkLQsJzFEDSWg511ntwuCg-ID_AreaAddressPostcodeXY": {
      "type": "data_clump",
      "key": "fields_to_fields_data_clump-./Distributioncenter-_a8pCgJzCEDSWg511ntwuCg-_qkLQsJzFEDSWg511ntwuCg-ID_AreaAddressPostcodeXY",
      "probability": 1,
      "from_file_path": "./Distributioncenter",
      "from_class_or_interface_name": "Distributioncenter",
      "from_class_or_interface_key": "_a8pCgJzCEDSWg511ntwuCg",
      "from_method_name": null,
      "from_method_key": null,
      "to_file_path": "./Area",
      "to_class_or_interface_key": "_qkLQsJzFEDSWg511ntwuCg",
      "to_class_or_interface_name": "Distributioncenter",
      "to_method_key": null,
      "to_method_name": null,
      "data_clump_type": "fields_to_fields_data_clump",
      "data_clump_data": {
        "_PaW1oJzDEDSWg511ntwuCg": {
          "key": "_PaW1oJzDEDSWg511ntwuCg",
          "name": "ID_Area",
          "type": null,
          "probability": 1,
          "modifiers": [
            "public"
          ],
          "to_variable": {
            "key": "_qkMe0JzFEDSWg511ntwuCg",
            "name": "ID_Area",
            "type": null,
            "modifiers": [
              "public"
            ],
            "position": {}
          },
          "position": {}
        },
        "_eoyusJzDEDSWg511ntwuCg": {
          "key": "_eoyusJzDEDSWg511ntwuCg",
          "name": "Address",
          "type": null,
          "probability": 1,
          "modifiers": [
            "public"
          ],
          "to_variable": {
            "key": "_qkMe0ZzFEDSWg511ntwuCg",
            "name": "Address",
            "type": null,
            "modifiers": [
              "public"
            ],
            "position": {}
          },
          "position": {}
        },
        "_gJyAUJzDEDSWg511ntwuCg": {
          "key": "_gJyAUJzDEDSWg511ntwuCg",
          "name": "Postcode",
          "type": null,
          "probability": 1,
          "modifiers": [
            "public"
          ],
          "to_variable": {
            "key": "_qkMe0pzFEDSWg511ntwuCg",
            "name": "Postcode",
            "type": null,
            "modifiers": [
              "public"
            ],
            "position": {}
          },
          "position": {}
        },
        "_qEq8IJzDEDSWg511ntwuCg": {
          "key": "_qEq8IJzDEDSWg511ntwuCg",
          "name": "X",
          "type": null,
          "probability": 1,
          "modifiers": [
            "public"
          ],
          "to_variable": {
            "key": "_qkMe05zFEDSWg511ntwuCg",
            "name": "X",
            "type": null,
            "modifiers": [
              "public"
            ],
            "position": {}
          },
          "position": {}
        },
        "_xaU7EJzDEDSWg511ntwuCg": {
          "key": "_xaU7EJzDEDSWg511ntwuCg",
          "name": "Y",
          "type": null,
          "probability": 1,
          "modifiers": [
            "public"
          ],
          "to_variable": {
            "key": "_qkMe1JzFEDSWg511ntwuCg",
            "name": "Y",
            "type": null,
            "modifiers": [
              "public"
            ],
            "position": {}
          },
          "position": {}
        }
      }
    },
    "fields_to_fields_data_clump-./Distributioncenter-_a8pCgJzCEDSWg511ntwuCg-_A9FeUJzEEDSWg511ntwuCg-AddressPostcodeXY": {
      "type": "data_clump",
      "key": "fields_to_fields_data_clump-./Distributioncenter-_a8pCgJzCEDSWg511ntwuCg-_A9FeUJzEEDSWg511ntwuCg-AddressPostcodeXY",
      "probability": 1,
      "from_file_path": "./Distributioncenter",
      "from_class_or_interface_name": "Distributioncenter",
      "from_class_or_interface_key": "_a8pCgJzCEDSWg511ntwuCg",
      "from_method_name": null,
      "from_method_key": null,
      "to_file_path": "./Building",
      "to_class_or_interface_key": "_A9FeUJzEEDSWg511ntwuCg",
      "to_class_or_interface_name": "Distributioncenter",
      "to_method_key": null,
      "to_method_name": null,
      "data_clump_type": "fields_to_fields_data_clump",
      "data_clump_data": {
        "_eoyusJzDEDSWg511ntwuCg": {
          "key": "_eoyusJzDEDSWg511ntwuCg",
          "name": "Address",
          "type": null,
          "probability": 1,
          "modifiers": [
            "public"
          ],
          "to_variable": {
            "key": "_A9GFYJzEEDSWg511ntwuCg",
            "name": "Address",
            "type": null,
            "modifiers": [
              "public"
            ],
            "position": {}
          },
          "position": {}
        },
        "_gJyAUJzDEDSWg511ntwuCg": {
          "key": "_gJyAUJzDEDSWg511ntwuCg",
          "name": "Postcode",
          "type": null,
          "probability": 1,
          "modifiers": [
            "public"
          ],
          "to_variable": {
            "key": "_A9GFYZzEEDSWg511ntwuCg",
            "name": "Postcode",
            "type": null,
            "modifiers": [
              "public"
            ],
            "position": {}
          },
          "position": {}
        },
        "_qEq8IJzDEDSWg511ntwuCg": {
          "key": "_qEq8IJzDEDSWg511ntwuCg",
          "name": "X",
          "type": null,
          "probability": 1,
          "modifiers": [
            "public"
          ],
          "to_variable": {
            "key": "_A9GFYpzEEDSWg511ntwuCg",
            "name": "X",
            "type": null,
            "modifiers": [
              "public"
            ],
            "position": {}
          },
          "position": {}
        },
        "_xaU7EJzDEDSWg511ntwuCg": {
          "key": "_xaU7EJzDEDSWg511ntwuCg",
          "name": "Y",
          "type": null,
          "probability": 1,
          "modifiers": [
            "public"
          ],
          "to_variable": {
            "key": "_A9GFY5zEEDSWg511ntwuCg",
            "name": "Y",
            "type": null,
            "modifiers": [
              "public"
            ],
            "position": {}
          },
          "position": {}
        }
      }
    },
    "fields_to_fields_data_clump-./Distributioncenter-_a8pCgJzCEDSWg511ntwuCg-_DVqfQJzEEDSWg511ntwuCg-AddressPostcodeXY": {
      "type": "data_clump",
      "key": "fields_to_fields_data_clump-./Distributioncenter-_a8pCgJzCEDSWg511ntwuCg-_DVqfQJzEEDSWg511ntwuCg-AddressPostcodeXY",
      "probability": 1,
      "from_file_path": "./Distributioncenter",
      "from_class_or_interface_name": "Distributioncenter",
      "from_class_or_interface_key": "_a8pCgJzCEDSWg511ntwuCg",
      "from_method_name": null,
      "from_method_key": null,
      "to_file_path": "./Customer",
      "to_class_or_interface_key": "_DVqfQJzEEDSWg511ntwuCg",
      "to_class_or_interface_name": "Distributioncenter",
      "to_method_key": null,
      "to_method_name": null,
      "data_clump_type": "fields_to_fields_data_clump",
      "data_clump_data": {
        "_eoyusJzDEDSWg511ntwuCg": {
          "key": "_eoyusJzDEDSWg511ntwuCg",
          "name": "Address",
          "type": null,
          "probability": 1,
          "modifiers": [
            "public"
          ],
          "to_variable": {
            "key": "_DVrGUJzEEDSWg511ntwuCg",
            "name": "Address",
            "type": null,
            "modifiers": [
              "public"
            ],
            "position": {}
          },
          "position": {}
        },
        "_gJyAUJzDEDSWg511ntwuCg": {
          "key": "_gJyAUJzDEDSWg511ntwuCg",
          "name": "Postcode",
          "type": null,
          "probability": 1,
          "modifiers": [
            "public"
          ],
          "to_variable": {
            "key": "_DVrGUZzEEDSWg511ntwuCg",
            "name": "Postcode",
            "type": null,
            "modifiers": [
              "public"
            ],
            "position": {}
          },
          "position": {}
        },
        "_qEq8IJzDEDSWg511ntwuCg": {
          "key": "_qEq8IJzDEDSWg511ntwuCg",
          "name": "X",
          "type": null,
          "probability": 1,
          "modifiers": [
            "public"
          ],
          "to_variable": {
            "key": "_DVrGUpzEEDSWg511ntwuCg",
            "name": "X",
            "type": null,
            "modifiers": [
              "public"
            ],
            "position": {}
          },
          "position": {}
        },
        "_xaU7EJzDEDSWg511ntwuCg": {
          "key": "_xaU7EJzDEDSWg511ntwuCg",
          "name": "Y",
          "type": null,
          "probability": 1,
          "modifiers": [
            "public"
          ],
          "to_variable": {
            "key": "_DVrGU5zEEDSWg511ntwuCg",
            "name": "Y",
            "type": null,
            "modifiers": [
              "public"
            ],
            "position": {}
          },
          "position": {}
        }
      }
    },
    "fields_to_fields_data_clump-./Distributioncenter-_a8pCgJzCEDSWg511ntwuCg-_z1XaIJzDEDSWg511ntwuCg-AddressPostcodeXY": {
      "type": "data_clump",
      "key": "fields_to_fields_data_clump-./Distributioncenter-_a8pCgJzCEDSWg511ntwuCg-_z1XaIJzDEDSWg511ntwuCg-AddressPostcodeXY",
      "probability": 1,
      "from_file_path": "./Distributioncenter",
      "from_class_or_interface_name": "Distributioncenter",
      "from_class_or_interface_key": "_a8pCgJzCEDSWg511ntwuCg",
      "from_method_name": null,
      "from_method_key": null,
      "to_file_path": "./Servicecenter",
      "to_class_or_interface_key": "_z1XaIJzDEDSWg511ntwuCg",
      "to_class_or_interface_name": "Distributioncenter",
      "to_method_key": null,
      "to_method_name": null,
      "data_clump_type": "fields_to_fields_data_clump",
      "data_clump_data": {
        "_eoyusJzDEDSWg511ntwuCg": {
          "key": "_eoyusJzDEDSWg511ntwuCg",
          "name": "Address",
          "type": null,
          "probability": 1,
          "modifiers": [
            "public"
          ],
          "to_variable": {
            "key": "_z1YBMZzDEDSWg511ntwuCg",
            "name": "Address",
            "type": null,
            "modifiers": [
              "public"
            ],
            "position": {}
          },
          "position": {}
        },
        "_gJyAUJzDEDSWg511ntwuCg": {
          "key": "_gJyAUJzDEDSWg511ntwuCg",
          "name": "Postcode",
          "type": null,
          "probability": 1,
          "modifiers": [
            "public"
          ],
          "to_variable": {
            "key": "_z1YoQJzDEDSWg511ntwuCg",
            "name": "Postcode",
            "type": null,
            "modifiers": [
              "public"
            ],
            "position": {}
          },
          "position": {}
        },
        "_qEq8IJzDEDSWg511ntwuCg": {
          "key": "_qEq8IJzDEDSWg511ntwuCg",
          "name": "X",
          "type": null,
          "probability": 1,
          "modifiers": [
            "public"
          ],
          "to_variable": {
            "key": "_z1YoQZzDEDSWg511ntwuCg",
            "name": "X",
            "type": null,
            "modifiers": [
              "public"
            ],
            "position": {}
          },
          "position": {}
        },
        "_xaU7EJzDEDSWg511ntwuCg": {
          "key": "_xaU7EJzDEDSWg511ntwuCg",
          "name": "Y",
          "type": null,
          "probability": 1,
          "modifiers": [
            "public"
          ],
          "to_variable": {
            "key": "_z1adcJzDEDSWg511ntwuCg",
            "name": "Y",
            "type": null,
            "modifiers": [
              "public"
            ],
            "position": {}
          },
          "position": {}
        }
      }
    },
    "fields_to_fields_data_clump-./Distributioncenter-_a8pCgJzCEDSWg511ntwuCg-_8NdGcJzDEDSWg511ntwuCg-AddressPostcodeXY": {
      "type": "data_clump",
      "key": "fields_to_fields_data_clump-./Distributioncenter-_a8pCgJzCEDSWg511ntwuCg-_8NdGcJzDEDSWg511ntwuCg-AddressPostcodeXY",
      "probability": 1,
      "from_file_path": "./Distributioncenter",
      "from_class_or_interface_name": "Distributioncenter",
      "from_class_or_interface_key": "_a8pCgJzCEDSWg511ntwuCg",
      "from_method_name": null,
      "from_method_key": null,
      "to_file_path": "./Street",
      "to_class_or_interface_key": "_8NdGcJzDEDSWg511ntwuCg",
      "to_class_or_interface_name": "Distributioncenter",
      "to_method_key": null,
      "to_method_name": null,
      "data_clump_type": "fields_to_fields_data_clump",
      "data_clump_data": {
        "_eoyusJzDEDSWg511ntwuCg": {
          "key": "_eoyusJzDEDSWg511ntwuCg",
          "name": "Address",
          "type": null,
          "probability": 1,
          "modifiers": [
            "public"
          ],
          "to_variable": {
            "key": "_8NdGcpzDEDSWg511ntwuCg",
            "name": "Address",
            "type": null,
            "modifiers": [
              "public"
            ],
            "position": {}
          },
          "position": {}
        },
        "_gJyAUJzDEDSWg511ntwuCg": {
          "key": "_gJyAUJzDEDSWg511ntwuCg",
          "name": "Postcode",
          "type": null,
          "probability": 1,
          "modifiers": [
            "public"
          ],
          "to_variable": {
            "key": "_8NdGc5zDEDSWg511ntwuCg",
            "name": "Postcode",
            "type": null,
            "modifiers": [
              "public"
            ],
            "position": {}
          },
          "position": {}
        },
        "_qEq8IJzDEDSWg511ntwuCg": {
          "key": "_qEq8IJzDEDSWg511ntwuCg",
          "name": "X",
          "type": null,
          "probability": 1,
          "modifiers": [
            "public"
          ],
          "to_variable": {
            "key": "_8NdGdJzDEDSWg511ntwuCg",
            "name": "X",
            "type": null,
            "modifiers": [
              "public"
            ],
            "position": {}
          },
          "position": {}
        },
        "_xaU7EJzDEDSWg511ntwuCg": {
          "key": "_xaU7EJzDEDSWg511ntwuCg",
          "name": "Y",
          "type": null,
          "probability": 1,
          "modifiers": [
            "public"
          ],
          "to_variable": {
            "key": "_8NdGdZzDEDSWg511ntwuCg",
            "name": "Y",
            "type": null,
            "modifiers": [
              "public"
            ],
            "position": {}
          },
          "position": {}
        }
      }
    },
    "fields_to_fields_data_clump-./Servicecenter-_z1XaIJzDEDSWg511ntwuCg-_qkLQsJzFEDSWg511ntwuCg-AddressPostcodeXY": {
      "type": "data_clump",
      "key": "fields_to_fields_data_clump-./Servicecenter-_z1XaIJzDEDSWg511ntwuCg-_qkLQsJzFEDSWg511ntwuCg-AddressPostcodeXY",
      "probability": 1,
      "from_file_path": "./Servicecenter",
      "from_class_or_interface_name": "Servicecenter",
      "from_class_or_interface_key": "_z1XaIJzDEDSWg511ntwuCg",
      "from_method_name": null,
      "from_method_key": null,
      "to_file_path": "./Area",
      "to_class_or_interface_key": "_qkLQsJzFEDSWg511ntwuCg",
      "to_class_or_interface_name": "Servicecenter",
      "to_method_key": null,
      "to_method_name": null,
      "data_clump_type": "fields_to_fields_data_clump",
      "data_clump_data": {
        "_z1YBMZzDEDSWg511ntwuCg": {
          "key": "_z1YBMZzDEDSWg511ntwuCg",
          "name": "Address",
          "type": null,
          "probability": 1,
          "modifiers": [
            "public"
          ],
          "to_variable": {
            "key": "_qkMe0ZzFEDSWg511ntwuCg",
            "name": "Address",
            "type": null,
            "modifiers": [
              "public"
            ],
            "position": {}
          },
          "position": {}
        },
        "_z1YoQJzDEDSWg511ntwuCg": {
          "key": "_z1YoQJzDEDSWg511ntwuCg",
          "name": "Postcode",
          "type": null,
          "probability": 1,
          "modifiers": [
            "public"
          ],
          "to_variable": {
            "key": "_qkMe0pzFEDSWg511ntwuCg",
            "name": "Postcode",
            "type": null,
            "modifiers": [
              "public"
            ],
            "position": {}
          },
          "position": {}
        },
        "_z1YoQZzDEDSWg511ntwuCg": {
          "key": "_z1YoQZzDEDSWg511ntwuCg",
          "name": "X",
          "type": null,
          "probability": 1,
          "modifiers": [
            "public"
          ],
          "to_variable": {
            "key": "_qkMe05zFEDSWg511ntwuCg",
            "name": "X",
            "type": null,
            "modifiers": [
              "public"
            ],
            "position": {}
          },
          "position": {}
        },
        "_z1adcJzDEDSWg511ntwuCg": {
          "key": "_z1adcJzDEDSWg511ntwuCg",
          "name": "Y",
          "type": null,
          "probability": 1,
          "modifiers": [
            "public"
          ],
          "to_variable": {
            "key": "_qkMe1JzFEDSWg511ntwuCg",
            "name": "Y",
            "type": null,
            "modifiers": [
              "public"
            ],
            "position": {}
          },
          "position": {}
        }
      }
    },
    "fields_to_fields_data_clump-./Servicecenter-_z1XaIJzDEDSWg511ntwuCg-_A9FeUJzEEDSWg511ntwuCg-AddressPostcodeXY": {
      "type": "data_clump",
      "key": "fields_to_fields_data_clump-./Servicecenter-_z1XaIJzDEDSWg511ntwuCg-_A9FeUJzEEDSWg511ntwuCg-AddressPostcodeXY",
      "probability": 1,
      "from_file_path": "./Servicecenter",
      "from_class_or_interface_name": "Servicecenter",
      "from_class_or_interface_key": "_z1XaIJzDEDSWg511ntwuCg",
      "from_method_name": null,
      "from_method_key": null,
      "to_file_path": "./Building",
      "to_class_or_interface_key": "_A9FeUJzEEDSWg511ntwuCg",
      "to_class_or_interface_name": "Servicecenter",
      "to_method_key": null,
      "to_method_name": null,
      "data_clump_type": "fields_to_fields_data_clump",
      "data_clump_data": {
        "_z1YBMZzDEDSWg511ntwuCg": {
          "key": "_z1YBMZzDEDSWg511ntwuCg",
          "name": "Address",
          "type": null,
          "probability": 1,
          "modifiers": [
            "public"
          ],
          "to_variable": {
            "key": "_A9GFYJzEEDSWg511ntwuCg",
            "name": "Address",
            "type": null,
            "modifiers": [
              "public"
            ],
            "position": {}
          },
          "position": {}
        },
        "_z1YoQJzDEDSWg511ntwuCg": {
          "key": "_z1YoQJzDEDSWg511ntwuCg",
          "name": "Postcode",
          "type": null,
          "probability": 1,
          "modifiers": [
            "public"
          ],
          "to_variable": {
            "key": "_A9GFYZzEEDSWg511ntwuCg",
            "name": "Postcode",
            "type": null,
            "modifiers": [
              "public"
            ],
            "position": {}
          },
          "position": {}
        },
        "_z1YoQZzDEDSWg511ntwuCg": {
          "key": "_z1YoQZzDEDSWg511ntwuCg",
          "name": "X",
          "type": null,
          "probability": 1,
          "modifiers": [
            "public"
          ],
          "to_variable": {
            "key": "_A9GFYpzEEDSWg511ntwuCg",
            "name": "X",
            "type": null,
            "modifiers": [
              "public"
            ],
            "position": {}
          },
          "position": {}
        },
        "_z1adcJzDEDSWg511ntwuCg": {
          "key": "_z1adcJzDEDSWg511ntwuCg",
          "name": "Y",
          "type": null,
          "probability": 1,
          "modifiers": [
            "public"
          ],
          "to_variable": {
            "key": "_A9GFY5zEEDSWg511ntwuCg",
            "name": "Y",
            "type": null,
            "modifiers": [
              "public"
            ],
            "position": {}
          },
          "position": {}
        }
      }
    },
    "fields_to_fields_data_clump-./Servicecenter-_z1XaIJzDEDSWg511ntwuCg-_DVqfQJzEEDSWg511ntwuCg-AddressPostcodeXY": {
      "type": "data_clump",
      "key": "fields_to_fields_data_clump-./Servicecenter-_z1XaIJzDEDSWg511ntwuCg-_DVqfQJzEEDSWg511ntwuCg-AddressPostcodeXY",
      "probability": 1,
      "from_file_path": "./Servicecenter",
      "from_class_or_interface_name": "Servicecenter",
      "from_class_or_interface_key": "_z1XaIJzDEDSWg511ntwuCg",
      "from_method_name": null,
      "from_method_key": null,
      "to_file_path": "./Customer",
      "to_class_or_interface_key": "_DVqfQJzEEDSWg511ntwuCg",
      "to_class_or_interface_name": "Servicecenter",
      "to_method_key": null,
      "to_method_name": null,
      "data_clump_type": "fields_to_fields_data_clump",
      "data_clump_data": {
        "_z1YBMZzDEDSWg511ntwuCg": {
          "key": "_z1YBMZzDEDSWg511ntwuCg",
          "name": "Address",
          "type": null,
          "probability": 1,
          "modifiers": [
            "public"
          ],
          "to_variable": {
            "key": "_DVrGUJzEEDSWg511ntwuCg",
            "name": "Address",
            "type": null,
            "modifiers": [
              "public"
            ],
            "position": {}
          },
          "position": {}
        },
        "_z1YoQJzDEDSWg511ntwuCg": {
          "key": "_z1YoQJzDEDSWg511ntwuCg",
          "name": "Postcode",
          "type": null,
          "probability": 1,
          "modifiers": [
            "public"
          ],
          "to_variable": {
            "key": "_DVrGUZzEEDSWg511ntwuCg",
            "name": "Postcode",
            "type": null,
            "modifiers": [
              "public"
            ],
            "position": {}
          },
          "position": {}
        },
        "_z1YoQZzDEDSWg511ntwuCg": {
          "key": "_z1YoQZzDEDSWg511ntwuCg",
          "name": "X",
          "type": null,
          "probability": 1,
          "modifiers": [
            "public"
          ],
          "to_variable": {
            "key": "_DVrGUpzEEDSWg511ntwuCg",
            "name": "X",
            "type": null,
            "modifiers": [
              "public"
            ],
            "position": {}
          },
          "position": {}
        },
        "_z1adcJzDEDSWg511ntwuCg": {
          "key": "_z1adcJzDEDSWg511ntwuCg",
          "name": "Y",
          "type": null,
          "probability": 1,
          "modifiers": [
            "public"
          ],
          "to_variable": {
            "key": "_DVrGU5zEEDSWg511ntwuCg",
            "name": "Y",
            "type": null,
            "modifiers": [
              "public"
            ],
            "position": {}
          },
          "position": {}
        }
      }
    },
    "fields_to_fields_data_clump-./Servicecenter-_z1XaIJzDEDSWg511ntwuCg-_a8pCgJzCEDSWg511ntwuCg-AddressPostcodeXY": {
      "type": "data_clump",
      "key": "fields_to_fields_data_clump-./Servicecenter-_z1XaIJzDEDSWg511ntwuCg-_a8pCgJzCEDSWg511ntwuCg-AddressPostcodeXY",
      "probability": 1,
      "from_file_path": "./Servicecenter",
      "from_class_or_interface_name": "Servicecenter",
      "from_class_or_interface_key": "_z1XaIJzDEDSWg511ntwuCg",
      "from_method_name": null,
      "from_method_key": null,
      "to_file_path": "./Distributioncenter",
      "to_class_or_interface_key": "_a8pCgJzCEDSWg511ntwuCg",
      "to_class_or_interface_name": "Servicecenter",
      "to_method_key": null,
      "to_method_name": null,
      "data_clump_type": "fields_to_fields_data_clump",
      "data_clump_data": {
        "_z1YBMZzDEDSWg511ntwuCg": {
          "key": "_z1YBMZzDEDSWg511ntwuCg",
          "name": "Address",
          "type": null,
          "probability": 1,
          "modifiers": [
            "public"
          ],
          "to_variable": {
            "key": "_eoyusJzDEDSWg511ntwuCg",
            "name": "Address",
            "type": null,
            "modifiers": [
              "public"
            ],
            "position": {}
          },
          "position": {}
        },
        "_z1YoQJzDEDSWg511ntwuCg": {
          "key": "_z1YoQJzDEDSWg511ntwuCg",
          "name": "Postcode",
          "type": null,
          "probability": 1,
          "modifiers": [
            "public"
          ],
          "to_variable": {
            "key": "_gJyAUJzDEDSWg511ntwuCg",
            "name": "Postcode",
            "type": null,
            "modifiers": [
              "public"
            ],
            "position": {}
          },
          "position": {}
        },
        "_z1YoQZzDEDSWg511ntwuCg": {
          "key": "_z1YoQZzDEDSWg511ntwuCg",
          "name": "X",
          "type": null,
          "probability": 1,
          "modifiers": [
            "public"
          ],
          "to_variable": {
            "key": "_qEq8IJzDEDSWg511ntwuCg",
            "name": "X",
            "type": null,
            "modifiers": [
              "public"
            ],
            "position": {}
          },
          "position": {}
        },
        "_z1adcJzDEDSWg511ntwuCg": {
          "key": "_z1adcJzDEDSWg511ntwuCg",
          "name": "Y",
          "type": null,
          "probability": 1,
          "modifiers": [
            "public"
          ],
          "to_variable": {
            "key": "_xaU7EJzDEDSWg511ntwuCg",
            "name": "Y",
            "type": null,
            "modifiers": [
              "public"
            ],
            "position": {}
          },
          "position": {}
        }
      }
    },
    "fields_to_fields_data_clump-./Servicecenter-_z1XaIJzDEDSWg511ntwuCg-_8NdGcJzDEDSWg511ntwuCg-AddressPostcodeXY": {
      "type": "data_clump",
      "key": "fields_to_fields_data_clump-./Servicecenter-_z1XaIJzDEDSWg511ntwuCg-_8NdGcJzDEDSWg511ntwuCg-AddressPostcodeXY",
      "probability": 1,
      "from_file_path": "./Servicecenter",
      "from_class_or_interface_name": "Servicecenter",
      "from_class_or_interface_key": "_z1XaIJzDEDSWg511ntwuCg",
      "from_method_name": null,
      "from_method_key": null,
      "to_file_path": "./Street",
      "to_class_or_interface_key": "_8NdGcJzDEDSWg511ntwuCg",
      "to_class_or_interface_name": "Servicecenter",
      "to_method_key": null,
      "to_method_name": null,
      "data_clump_type": "fields_to_fields_data_clump",
      "data_clump_data": {
        "_z1YBMZzDEDSWg511ntwuCg": {
          "key": "_z1YBMZzDEDSWg511ntwuCg",
          "name": "Address",
          "type": null,
          "probability": 1,
          "modifiers": [
            "public"
          ],
          "to_variable": {
            "key": "_8NdGcpzDEDSWg511ntwuCg",
            "name": "Address",
            "type": null,
            "modifiers": [
              "public"
            ],
            "position": {}
          },
          "position": {}
        },
        "_z1YoQJzDEDSWg511ntwuCg": {
          "key": "_z1YoQJzDEDSWg511ntwuCg",
          "name": "Postcode",
          "type": null,
          "probability": 1,
          "modifiers": [
            "public"
          ],
          "to_variable": {
            "key": "_8NdGc5zDEDSWg511ntwuCg",
            "name": "Postcode",
            "type": null,
            "modifiers": [
              "public"
            ],
            "position": {}
          },
          "position": {}
        },
        "_z1YoQZzDEDSWg511ntwuCg": {
          "key": "_z1YoQZzDEDSWg511ntwuCg",
          "name": "X",
          "type": null,
          "probability": 1,
          "modifiers": [
            "public"
          ],
          "to_variable": {
            "key": "_8NdGdJzDEDSWg511ntwuCg",
            "name": "X",
            "type": null,
            "modifiers": [
              "public"
            ],
            "position": {}
          },
          "position": {}
        },
        "_z1adcJzDEDSWg511ntwuCg": {
          "key": "_z1adcJzDEDSWg511ntwuCg",
          "name": "Y",
          "type": null,
          "probability": 1,
          "modifiers": [
            "public"
          ],
          "to_variable": {
            "key": "_8NdGdZzDEDSWg511ntwuCg",
            "name": "Y",
            "type": null,
            "modifiers": [
              "public"
            ],
            "position": {}
          },
          "position": {}
        }
      }
    },
    "fields_to_fields_data_clump-./Street-_8NdGcJzDEDSWg511ntwuCg-_qkLQsJzFEDSWg511ntwuCg-AddressPostcodeXY": {
      "type": "data_clump",
      "key": "fields_to_fields_data_clump-./Street-_8NdGcJzDEDSWg511ntwuCg-_qkLQsJzFEDSWg511ntwuCg-AddressPostcodeXY",
      "probability": 1,
      "from_file_path": "./Street",
      "from_class_or_interface_name": "Street",
      "from_class_or_interface_key": "_8NdGcJzDEDSWg511ntwuCg",
      "from_method_name": null,
      "from_method_key": null,
      "to_file_path": "./Area",
      "to_class_or_interface_key": "_qkLQsJzFEDSWg511ntwuCg",
      "to_class_or_interface_name": "Street",
      "to_method_key": null,
      "to_method_name": null,
      "data_clump_type": "fields_to_fields_data_clump",
      "data_clump_data": {
        "_8NdGcpzDEDSWg511ntwuCg": {
          "key": "_8NdGcpzDEDSWg511ntwuCg",
          "name": "Address",
          "type": null,
          "probability": 1,
          "modifiers": [
            "public"
          ],
          "to_variable": {
            "key": "_qkMe0ZzFEDSWg511ntwuCg",
            "name": "Address",
            "type": null,
            "modifiers": [
              "public"
            ],
            "position": {}
          },
          "position": {}
        },
        "_8NdGc5zDEDSWg511ntwuCg": {
          "key": "_8NdGc5zDEDSWg511ntwuCg",
          "name": "Postcode",
          "type": null,
          "probability": 1,
          "modifiers": [
            "public"
          ],
          "to_variable": {
            "key": "_qkMe0pzFEDSWg511ntwuCg",
            "name": "Postcode",
            "type": null,
            "modifiers": [
              "public"
            ],
            "position": {}
          },
          "position": {}
        },
        "_8NdGdJzDEDSWg511ntwuCg": {
          "key": "_8NdGdJzDEDSWg511ntwuCg",
          "name": "X",
          "type": null,
          "probability": 1,
          "modifiers": [
            "public"
          ],
          "to_variable": {
            "key": "_qkMe05zFEDSWg511ntwuCg",
            "name": "X",
            "type": null,
            "modifiers": [
              "public"
            ],
            "position": {}
          },
          "position": {}
        },
        "_8NdGdZzDEDSWg511ntwuCg": {
          "key": "_8NdGdZzDEDSWg511ntwuCg",
          "name": "Y",
          "type": null,
          "probability": 1,
          "modifiers": [
            "public"
          ],
          "to_variable": {
            "key": "_qkMe1JzFEDSWg511ntwuCg",
            "name": "Y",
            "type": null,
            "modifiers": [
              "public"
            ],
            "position": {}
          },
          "position": {}
        }
      }
    },
    "fields_to_fields_data_clump-./Street-_8NdGcJzDEDSWg511ntwuCg-_A9FeUJzEEDSWg511ntwuCg-AddressPostcodeXY": {
      "type": "data_clump",
      "key": "fields_to_fields_data_clump-./Street-_8NdGcJzDEDSWg511ntwuCg-_A9FeUJzEEDSWg511ntwuCg-AddressPostcodeXY",
      "probability": 1,
      "from_file_path": "./Street",
      "from_class_or_interface_name": "Street",
      "from_class_or_interface_key": "_8NdGcJzDEDSWg511ntwuCg",
      "from_method_name": null,
      "from_method_key": null,
      "to_file_path": "./Building",
      "to_class_or_interface_key": "_A9FeUJzEEDSWg511ntwuCg",
      "to_class_or_interface_name": "Street",
      "to_method_key": null,
      "to_method_name": null,
      "data_clump_type": "fields_to_fields_data_clump",
      "data_clump_data": {
        "_8NdGcpzDEDSWg511ntwuCg": {
          "key": "_8NdGcpzDEDSWg511ntwuCg",
          "name": "Address",
          "type": null,
          "probability": 1,
          "modifiers": [
            "public"
          ],
          "to_variable": {
            "key": "_A9GFYJzEEDSWg511ntwuCg",
            "name": "Address",
            "type": null,
            "modifiers": [
              "public"
            ],
            "position": {}
          },
          "position": {}
        },
        "_8NdGc5zDEDSWg511ntwuCg": {
          "key": "_8NdGc5zDEDSWg511ntwuCg",
          "name": "Postcode",
          "type": null,
          "probability": 1,
          "modifiers": [
            "public"
          ],
          "to_variable": {
            "key": "_A9GFYZzEEDSWg511ntwuCg",
            "name": "Postcode",
            "type": null,
            "modifiers": [
              "public"
            ],
            "position": {}
          },
          "position": {}
        },
        "_8NdGdJzDEDSWg511ntwuCg": {
          "key": "_8NdGdJzDEDSWg511ntwuCg",
          "name": "X",
          "type": null,
          "probability": 1,
          "modifiers": [
            "public"
          ],
          "to_variable": {
            "key": "_A9GFYpzEEDSWg511ntwuCg",
            "name": "X",
            "type": null,
            "modifiers": [
              "public"
            ],
            "position": {}
          },
          "position": {}
        },
        "_8NdGdZzDEDSWg511ntwuCg": {
          "key": "_8NdGdZzDEDSWg511ntwuCg",
          "name": "Y",
          "type": null,
          "probability": 1,
          "modifiers": [
            "public"
          ],
          "to_variable": {
            "key": "_A9GFY5zEEDSWg511ntwuCg",
            "name": "Y",
            "type": null,
            "modifiers": [
              "public"
            ],
            "position": {}
          },
          "position": {}
        }
      }
    },
    "fields_to_fields_data_clump-./Street-_8NdGcJzDEDSWg511ntwuCg-_DVqfQJzEEDSWg511ntwuCg-AddressPostcodeXY": {
      "type": "data_clump",
      "key": "fields_to_fields_data_clump-./Street-_8NdGcJzDEDSWg511ntwuCg-_DVqfQJzEEDSWg511ntwuCg-AddressPostcodeXY",
      "probability": 1,
      "from_file_path": "./Street",
      "from_class_or_interface_name": "Street",
      "from_class_or_interface_key": "_8NdGcJzDEDSWg511ntwuCg",
      "from_method_name": null,
      "from_method_key": null,
      "to_file_path": "./Customer",
      "to_class_or_interface_key": "_DVqfQJzEEDSWg511ntwuCg",
      "to_class_or_interface_name": "Street",
      "to_method_key": null,
      "to_method_name": null,
      "data_clump_type": "fields_to_fields_data_clump",
      "data_clump_data": {
        "_8NdGcpzDEDSWg511ntwuCg": {
          "key": "_8NdGcpzDEDSWg511ntwuCg",
          "name": "Address",
          "type": null,
          "probability": 1,
          "modifiers": [
            "public"
          ],
          "to_variable": {
            "key": "_DVrGUJzEEDSWg511ntwuCg",
            "name": "Address",
            "type": null,
            "modifiers": [
              "public"
            ],
            "position": {}
          },
          "position": {}
        },
        "_8NdGc5zDEDSWg511ntwuCg": {
          "key": "_8NdGc5zDEDSWg511ntwuCg",
          "name": "Postcode",
          "type": null,
          "probability": 1,
          "modifiers": [
            "public"
          ],
          "to_variable": {
            "key": "_DVrGUZzEEDSWg511ntwuCg",
            "name": "Postcode",
            "type": null,
            "modifiers": [
              "public"
            ],
            "position": {}
          },
          "position": {}
        },
        "_8NdGdJzDEDSWg511ntwuCg": {
          "key": "_8NdGdJzDEDSWg511ntwuCg",
          "name": "X",
          "type": null,
          "probability": 1,
          "modifiers": [
            "public"
          ],
          "to_variable": {
            "key": "_DVrGUpzEEDSWg511ntwuCg",
            "name": "X",
            "type": null,
            "modifiers": [
              "public"
            ],
            "position": {}
          },
          "position": {}
        },
        "_8NdGdZzDEDSWg511ntwuCg": {
          "key": "_8NdGdZzDEDSWg511ntwuCg",
          "name": "Y",
          "type": null,
          "probability": 1,
          "modifiers": [
            "public"
          ],
          "to_variable": {
            "key": "_DVrGU5zEEDSWg511ntwuCg",
            "name": "Y",
            "type": null,
            "modifiers": [
              "public"
            ],
            "position": {}
          },
          "position": {}
        }
      }
    },
    "fields_to_fields_data_clump-./Street-_8NdGcJzDEDSWg511ntwuCg-_a8pCgJzCEDSWg511ntwuCg-AddressPostcodeXY": {
      "type": "data_clump",
      "key": "fields_to_fields_data_clump-./Street-_8NdGcJzDEDSWg511ntwuCg-_a8pCgJzCEDSWg511ntwuCg-AddressPostcodeXY",
      "probability": 1,
      "from_file_path": "./Street",
      "from_class_or_interface_name": "Street",
      "from_class_or_interface_key": "_8NdGcJzDEDSWg511ntwuCg",
      "from_method_name": null,
      "from_method_key": null,
      "to_file_path": "./Distributioncenter",
      "to_class_or_interface_key": "_a8pCgJzCEDSWg511ntwuCg",
      "to_class_or_interface_name": "Street",
      "to_method_key": null,
      "to_method_name": null,
      "data_clump_type": "fields_to_fields_data_clump",
      "data_clump_data": {
        "_8NdGcpzDEDSWg511ntwuCg": {
          "key": "_8NdGcpzDEDSWg511ntwuCg",
          "name": "Address",
          "type": null,
          "probability": 1,
          "modifiers": [
            "public"
          ],
          "to_variable": {
            "key": "_eoyusJzDEDSWg511ntwuCg",
            "name": "Address",
            "type": null,
            "modifiers": [
              "public"
            ],
            "position": {}
          },
          "position": {}
        },
        "_8NdGc5zDEDSWg511ntwuCg": {
          "key": "_8NdGc5zDEDSWg511ntwuCg",
          "name": "Postcode",
          "type": null,
          "probability": 1,
          "modifiers": [
            "public"
          ],
          "to_variable": {
            "key": "_gJyAUJzDEDSWg511ntwuCg",
            "name": "Postcode",
            "type": null,
            "modifiers": [
              "public"
            ],
            "position": {}
          },
          "position": {}
        },
        "_8NdGdJzDEDSWg511ntwuCg": {
          "key": "_8NdGdJzDEDSWg511ntwuCg",
          "name": "X",
          "type": null,
          "probability": 1,
          "modifiers": [
            "public"
          ],
          "to_variable": {
            "key": "_qEq8IJzDEDSWg511ntwuCg",
            "name": "X",
            "type": null,
            "modifiers": [
              "public"
            ],
            "position": {}
          },
          "position": {}
        },
        "_8NdGdZzDEDSWg511ntwuCg": {
          "key": "_8NdGdZzDEDSWg511ntwuCg",
          "name": "Y",
          "type": null,
          "probability": 1,
          "modifiers": [
            "public"
          ],
          "to_variable": {
            "key": "_xaU7EJzDEDSWg511ntwuCg",
            "name": "Y",
            "type": null,
            "modifiers": [
              "public"
            ],
            "position": {}
          },
          "position": {}
        }
      }
    },
    "fields_to_fields_data_clump-./Street-_8NdGcJzDEDSWg511ntwuCg-_z1XaIJzDEDSWg511ntwuCg-AddressPostcodeXY": {
      "type": "data_clump",
      "key": "fields_to_fields_data_clump-./Street-_8NdGcJzDEDSWg511ntwuCg-_z1XaIJzDEDSWg511ntwuCg-AddressPostcodeXY",
      "probability": 1,
      "from_file_path": "./Street",
      "from_class_or_interface_name": "Street",
      "from_class_or_interface_key": "_8NdGcJzDEDSWg511ntwuCg",
      "from_method_name": null,
      "from_method_key": null,
      "to_file_path": "./Servicecenter",
      "to_class_or_interface_key": "_z1XaIJzDEDSWg511ntwuCg",
      "to_class_or_interface_name": "Street",
      "to_method_key": null,
      "to_method_name": null,
      "data_clump_type": "fields_to_fields_data_clump",
      "data_clump_data": {
        "_8NdGcpzDEDSWg511ntwuCg": {
          "key": "_8NdGcpzDEDSWg511ntwuCg",
          "name": "Address",
          "type": null,
          "probability": 1,
          "modifiers": [
            "public"
          ],
          "to_variable": {
            "key": "_z1YBMZzDEDSWg511ntwuCg",
            "name": "Address",
            "type": null,
            "modifiers": [
              "public"
            ],
            "position": {}
          },
          "position": {}
        },
        "_8NdGc5zDEDSWg511ntwuCg": {
          "key": "_8NdGc5zDEDSWg511ntwuCg",
          "name": "Postcode",
          "type": null,
          "probability": 1,
          "modifiers": [
            "public"
          ],
          "to_variable": {
            "key": "_z1YoQJzDEDSWg511ntwuCg",
            "name": "Postcode",
            "type": null,
            "modifiers": [
              "public"
            ],
            "position": {}
          },
          "position": {}
        },
        "_8NdGdJzDEDSWg511ntwuCg": {
          "key": "_8NdGdJzDEDSWg511ntwuCg",
          "name": "X",
          "type": null,
          "probability": 1,
          "modifiers": [
            "public"
          ],
          "to_variable": {
            "key": "_z1YoQZzDEDSWg511ntwuCg",
            "name": "X",
            "type": null,
            "modifiers": [
              "public"
            ],
            "position": {}
          },
          "position": {}
        },
        "_8NdGdZzDEDSWg511ntwuCg": {
          "key": "_8NdGdZzDEDSWg511ntwuCg",
          "name": "Y",
          "type": null,
          "probability": 1,
          "modifiers": [
            "public"
          ],
          "to_variable": {
            "key": "_z1adcJzDEDSWg511ntwuCg",
            "name": "Y",
            "type": null,
            "modifiers": [
              "public"
            ],
            "position": {}
          },
          "position": {}
        }
      }
    }
  }
}