{
  "report_version": "unknown",
  "report_timestamp": "2025-03-26T22:19:46.685Z",
  "target_language": "java",
  "report_summary": {
    "additional": null,
    "amount_classes_or_interfaces_with_data_clumps": 3,
    "amount_files_with_data_clumps": 3,
    "amount_methods_with_data_clumps": 3,
    "fields_to_fields_data_clump": 0,
    "parameters_to_fields_data_clump": 0,
    "parameters_to_parameters_data_clump": 6,
    "amount_data_clumps": 6
  },
  "project_info": {
    "project_url": "unknown_project_url",
    "project_name": "_zX0okIhrEeiXm90xRuZv2A",
    "project_version": "unknown_project_version",
    "project_commit_hash": "unknown",
    "project_tag": null,
    "project_commit_date": null,
    "additional": {},
    "number_of_files": 4,
    "number_of_classes_or_interfaces": 4,
    "number_of_methods": 23,
    "number_of_data_fields": 10,
    "number_of_method_parameters": 16
  },
  "detector": {
    "name": "data-clumps-doctor",
    "url": "https://github.com/NilsBaumgartner1994/data-clumps-doctor",
    "version": "0.1.100",
    "options": {
      "typeVariablesConsidered": false,
      "similarityModifierOfVariablesWithUnknownType": 0,
      "fieldsOfClassesWithUnknownHierarchyProbabilityModifier": 0,
      "sharedFieldsToFieldsAmountMinimum": 3,
      "analyseFieldsInClassesOrInterfacesInheritedFromSuperClassesOrInterfaces": false,
      "sharedParametersToParametersAmountMinimum": 3,
      "sharedParametersToFieldsAmountMinimum": 3,
      "methodsOfClassesOrInterfacesWithUnknownHierarchyProbabilityModifier": 0
    }
  },
  "data_clumps": {
    "parameters_to_parameters_data_clump-./Faculty-_NdD-4GqmEDaYv5ourMvsMQ-_8edIsGqlEDaYv5ourMvsMQ-nameidage": {
      "type": "data_clump",
      "key": "parameters_to_parameters_data_clump-./Faculty-_NdD-4GqmEDaYv5ourMvsMQ-_8edIsGqlEDaYv5ourMvsMQ-nameidage",
      "probability": 1,
      "from_file_path": "./Faculty",
      "from_class_or_interface_name": "Faculty",
      "from_class_or_interface_key": "_-ve7sGqbEDaYv5ourMvsMQ",
      "from_method_name": "Faculty",
      "from_method_key": "_NdD-4GqmEDaYv5ourMvsMQ",
      "to_file_path": "./Person",
      "to_class_or_interface_name": "Person",
      "to_class_or_interface_key": "_AVkTQGqdEDaYv5ourMvsMQ",
      "to_method_name": "Person",
      "to_method_key": "_8edIsGqlEDaYv5ourMvsMQ",
      "data_clump_type": "parameters_to_parameters_data_clump",
      "data_clump_data": {
        "_NdD-4WqmEDaYv5ourMvsMQ": {
          "key": "_NdD-4WqmEDaYv5ourMvsMQ",
          "name": "name",
          "type": null,
          "probability": 1,
          "modifiers": [],
          "to_variable": {
            "key": "__AK3gGqlEDaYv5ourMvsMQ",
            "name": "name",
            "type": null,
            "modifiers": [],
            "position": {}
          },
          "position": {}
        },
        "_Wxe8cHL9EDagCp6G77eyyw": {
          "key": "_Wxe8cHL9EDagCp6G77eyyw",
          "name": "id",
          "type": null,
          "probability": 1,
          "modifiers": [],
          "to_variable": {
            "key": "_rNSZoHL6EDagCp6G77eyyw",
            "name": "id",
            "type": null,
            "modifiers": [],
            "position": {}
          },
          "position": {}
        },
        "_W5cloHL9EDagCp6G77eyyw": {
          "key": "_W5cloHL9EDagCp6G77eyyw",
          "name": "age",
          "type": null,
          "probability": 1,
          "modifiers": [],
          "to_variable": {
            "key": "_rVf6cHL6EDagCp6G77eyyw",
            "name": "age",
            "type": null,
            "modifiers": [],
            "position": {}
          },
          "position": {}
        }
      }
    },
    "parameters_to_parameters_data_clump-./Faculty-_NdD-4GqmEDaYv5ourMvsMQ-_Kvkd4WqmEDaYv5ourMvsMQ-nameidage": {
      "type": "data_clump",
      "key": "parameters_to_parameters_data_clump-./Faculty-_NdD-4GqmEDaYv5ourMvsMQ-_Kvkd4WqmEDaYv5ourMvsMQ-nameidage",
      "probability": 1,
      "from_file_path": "./Faculty",
      "from_class_or_interface_name": "Faculty",
      "from_class_or_interface_key": "_-ve7sGqbEDaYv5ourMvsMQ",
      "from_method_name": "Faculty",
      "from_method_key": "_NdD-4GqmEDaYv5ourMvsMQ",
      "to_file_path": "./Student",
      "to_class_or_interface_name": "Student",
      "to_class_or_interface_key": "_T8W0AGqaEDaYv5ourMvsMQ",
      "to_method_name": "Student",
      "to_method_key": "_Kvkd4WqmEDaYv5ourMvsMQ",
      "data_clump_type": "parameters_to_parameters_data_clump",
      "data_clump_data": {
        "_NdD-4WqmEDaYv5ourMvsMQ": {
          "key": "_NdD-4WqmEDaYv5ourMvsMQ",
          "name": "name",
          "type": null,
          "probability": 1,
          "modifiers": [],
          "to_variable": {
            "key": "_Kvkd4mqmEDaYv5ourMvsMQ",
            "name": "name",
            "type": null,
            "modifiers": [],
            "position": {}
          },
          "position": {}
        },
        "_Wxe8cHL9EDagCp6G77eyyw": {
          "key": "_Wxe8cHL9EDagCp6G77eyyw",
          "name": "id",
          "type": null,
          "probability": 1,
          "modifiers": [],
          "to_variable": {
            "key": "_4QPLMHL9EDagCp6G77eyyw",
            "name": "id",
            "type": null,
            "modifiers": [],
            "position": {}
          },
          "position": {}
        },
        "_W5cloHL9EDagCp6G77eyyw": {
          "key": "_W5cloHL9EDagCp6G77eyyw",
          "name": "age",
          "type": null,
          "probability": 1,
          "modifiers": [],
          "to_variable": {
            "key": "_4YVXQHL9EDagCp6G77eyyw",
            "name": "age",
            "type": null,
            "modifiers": [],
            "position": {}
          },
          "position": {}
        }
      }
    },
    "parameters_to_parameters_data_clump-./Person-_8edIsGqlEDaYv5ourMvsMQ-_NdD-4GqmEDaYv5ourMvsMQ-nameidage": {
      "type": "data_clump",
      "key": "parameters_to_parameters_data_clump-./Person-_8edIsGqlEDaYv5ourMvsMQ-_NdD-4GqmEDaYv5ourMvsMQ-nameidage",
      "probability": 1,
      "from_file_path": "./Person",
      "from_class_or_interface_name": "Person",
      "from_class_or_interface_key": "_AVkTQGqdEDaYv5ourMvsMQ",
      "from_method_name": "Person",
      "from_method_key": "_8edIsGqlEDaYv5ourMvsMQ",
      "to_file_path": "./Faculty",
      "to_class_or_interface_name": "Faculty",
      "to_class_or_interface_key": "_-ve7sGqbEDaYv5ourMvsMQ",
      "to_method_name": "Faculty",
      "to_method_key": "_NdD-4GqmEDaYv5ourMvsMQ",
      "data_clump_type": "parameters_to_parameters_data_clump",
      "data_clump_data": {
        "__AK3gGqlEDaYv5ourMvsMQ": {
          "key": "__AK3gGqlEDaYv5ourMvsMQ",
          "name": "name",
          "type": null,
          "probability": 1,
          "modifiers": [],
          "to_variable": {
            "key": "_NdD-4WqmEDaYv5ourMvsMQ",
            "name": "name",
            "type": null,
            "modifiers": [],
            "position": {}
          },
          "position": {}
        },
        "_rNSZoHL6EDagCp6G77eyyw": {
          "key": "_rNSZoHL6EDagCp6G77eyyw",
          "name": "id",
          "type": null,
          "probability": 1,
          "modifiers": [],
          "to_variable": {
            "key": "_Wxe8cHL9EDagCp6G77eyyw",
            "name": "id",
            "type": null,
            "modifiers": [],
            "position": {}
          },
          "position": {}
        },
        "_rVf6cHL6EDagCp6G77eyyw": {
          "key": "_rVf6cHL6EDagCp6G77eyyw",
          "name": "age",
          "type": null,
          "probability": 1,
          "modifiers": [],
          "to_variable": {
            "key": "_W5cloHL9EDagCp6G77eyyw",
            "name": "age",
            "type": null,
            "modifiers": [],
            "position": {}
          },
          "position": {}
        }
      }
    },
    "parameters_to_parameters_data_clump-./Person-_8edIsGqlEDaYv5ourMvsMQ-_Kvkd4WqmEDaYv5ourMvsMQ-nameidage": {
      "type": "data_clump",
      "key": "parameters_to_parameters_data_clump-./Person-_8edIsGqlEDaYv5ourMvsMQ-_Kvkd4WqmEDaYv5ourMvsMQ-nameidage",
      "probability": 1,
      "from_file_path": "./Person",
      "from_class_or_interface_name": "Person",
      "from_class_or_interface_key": "_AVkTQGqdEDaYv5ourMvsMQ",
      "from_method_name": "Person",
      "from_method_key": "_8edIsGqlEDaYv5ourMvsMQ",
      "to_file_path": "./Student",
      "to_class_or_interface_name": "Student",
      "to_class_or_interface_key": "_T8W0AGqaEDaYv5ourMvsMQ",
      "to_method_name": "Student",
      "to_method_key": "_Kvkd4WqmEDaYv5ourMvsMQ",
      "data_clump_type": "parameters_to_parameters_data_clump",
      "data_clump_data": {
        "__AK3gGqlEDaYv5ourMvsMQ": {
          "key": "__AK3gGqlEDaYv5ourMvsMQ",
          "name": "name",
          "type": null,
          "probability": 1,
          "modifiers": [],
          "to_variable": {
            "key": "_Kvkd4mqmEDaYv5ourMvsMQ",
            "name": "name",
            "type": null,
            "modifiers": [],
            "position": {}
          },
          "position": {}
        },
        "_rNSZoHL6EDagCp6G77eyyw": {
          "key": "_rNSZoHL6EDagCp6G77eyyw",
          "name": "id",
          "type": null,
          "probability": 1,
          "modifiers": [],
          "to_variable": {
            "key": "_4QPLMHL9EDagCp6G77eyyw",
            "name": "id",
            "type": null,
            "modifiers": [],
            "position": {}
          },
          "position": {}
        },
        "_rVf6cHL6EDagCp6G77eyyw": {
          "key": "_rVf6cHL6EDagCp6G77eyyw",
          "name": "age",
          "type": null,
          "probability": 1,
          "modifiers": [],
          "to_variable": {
            "key": "_4YVXQHL9EDagCp6G77eyyw",
            "name": "age",
            "type": null,
            "modifiers": [],
            "position": {}
          },
          "position": {}
        }
      }
    },
    "parameters_to_parameters_data_clump-./Student-_Kvkd4WqmEDaYv5ourMvsMQ-_NdD-4GqmEDaYv5ourMvsMQ-nameidage": {
      "type": "data_clump",
      "key": "parameters_to_parameters_data_clump-./Student-_Kvkd4WqmEDaYv5ourMvsMQ-_NdD-4GqmEDaYv5ourMvsMQ-nameidage",
      "probability": 1,
      "from_file_path": "./Student",
      "from_class_or_interface_name": "Student",
      "from_class_or_interface_key": "_T8W0AGqaEDaYv5ourMvsMQ",
      "from_method_name": "Student",
      "from_method_key": "_Kvkd4WqmEDaYv5ourMvsMQ",
      "to_file_path": "./Faculty",
      "to_class_or_interface_name": "Faculty",
      "to_class_or_interface_key": "_-ve7sGqbEDaYv5ourMvsMQ",
      "to_method_name": "Faculty",
      "to_method_key": "_NdD-4GqmEDaYv5ourMvsMQ",
      "data_clump_type": "parameters_to_parameters_data_clump",
      "data_clump_data": {
        "_Kvkd4mqmEDaYv5ourMvsMQ": {
          "key": "_Kvkd4mqmEDaYv5ourMvsMQ",
          "name": "name",
          "type": null,
          "probability": 1,
          "modifiers": [],
          "to_variable": {
            "key": "_NdD-4WqmEDaYv5ourMvsMQ",
            "name": "name",
            "type": null,
            "modifiers": [],
            "position": {}
          },
          "position": {}
        },
        "_4QPLMHL9EDagCp6G77eyyw": {
          "key": "_4QPLMHL9EDagCp6G77eyyw",
          "name": "id",
          "type": null,
          "probability": 1,
          "modifiers": [],
          "to_variable": {
            "key": "_Wxe8cHL9EDagCp6G77eyyw",
            "name": "id",
            "type": null,
            "modifiers": [],
            "position": {}
          },
          "position": {}
        },
        "_4YVXQHL9EDagCp6G77eyyw": {
          "key": "_4YVXQHL9EDagCp6G77eyyw",
          "name": "age",
          "type": null,
          "probability": 1,
          "modifiers": [],
          "to_variable": {
            "key": "_W5cloHL9EDagCp6G77eyyw",
            "name": "age",
            "type": null,
            "modifiers": [],
            "position": {}
          },
          "position": {}
        }
      }
    },
    "parameters_to_parameters_data_clump-./Student-_Kvkd4WqmEDaYv5ourMvsMQ-_8edIsGqlEDaYv5ourMvsMQ-nameidage": {
      "type": "data_clump",
      "key": "parameters_to_parameters_data_clump-./Student-_Kvkd4WqmEDaYv5ourMvsMQ-_8edIsGqlEDaYv5ourMvsMQ-nameidage",
      "probability": 1,
      "from_file_path": "./Student",
      "from_class_or_interface_name": "Student",
      "from_class_or_interface_key": "_T8W0AGqaEDaYv5ourMvsMQ",
      "from_method_name": "Student",
      "from_method_key": "_Kvkd4WqmEDaYv5ourMvsMQ",
      "to_file_path": "./Person",
      "to_class_or_interface_name": "Person",
      "to_class_or_interface_key": "_AVkTQGqdEDaYv5ourMvsMQ",
      "to_method_name": "Person",
      "to_method_key": "_8edIsGqlEDaYv5ourMvsMQ",
      "data_clump_type": "parameters_to_parameters_data_clump",
      "data_clump_data": {
        "_Kvkd4mqmEDaYv5ourMvsMQ": {
          "key": "_Kvkd4mqmEDaYv5ourMvsMQ",
          "name": "name",
          "type": null,
          "probability": 1,
          "modifiers": [],
          "to_variable": {
            "key": "__AK3gGqlEDaYv5ourMvsMQ",
            "name": "name",
            "type": null,
            "modifiers": [],
            "position": {}
          },
          "position": {}
        },
        "_4QPLMHL9EDagCp6G77eyyw": {
          "key": "_4QPLMHL9EDagCp6G77eyyw",
          "name": "id",
          "type": null,
          "probability": 1,
          "modifiers": [],
          "to_variable": {
            "key": "_rNSZoHL6EDagCp6G77eyyw",
            "name": "id",
            "type": null,
            "modifiers": [],
            "position": {}
          },
          "position": {}
        },
        "_4YVXQHL9EDagCp6G77eyyw": {
          "key": "_4YVXQHL9EDagCp6G77eyyw",
          "name": "age",
          "type": null,
          "probability": 1,
          "modifiers": [],
          "to_variable": {
            "key": "_rVf6cHL6EDagCp6G77eyyw",
            "name": "age",
            "type": null,
            "modifiers": [],
            "position": {}
          },
          "position": {}
        }
      }
    }
  }
}