{
  "report_version": "unknown",
  "report_timestamp": "2025-03-26T21:59:55.076Z",
  "target_language": "java",
  "report_summary": {
    "additional": null,
    "amount_classes_or_interfaces_with_data_clumps": 5,
    "amount_files_with_data_clumps": 5,
    "amount_methods_with_data_clumps": 0,
    "fields_to_fields_data_clump": 6,
    "parameters_to_fields_data_clump": 0,
    "parameters_to_parameters_data_clump": 0,
    "amount_data_clumps": 6
  },
  "project_info": {
    "project_url": "unknown_project_url",
    "project_name": "e038d74e-9a89-4722-93de-f6302be4b55f",
    "project_version": "unknown_project_version",
    "project_commit_hash": "unknown",
    "project_tag": null,
    "project_commit_date": null,
    "additional": {},
    "number_of_files": 26,
    "number_of_classes_or_interfaces": 26,
    "number_of_methods": 0,
    "number_of_data_fields": 134,
    "number_of_method_parameters": 0
  },
  "detector": {
    "name": "data-clumps-doctor",
    "url": "https://github.com/NilsBaumgartner1994/data-clumps-doctor",
    "version": "0.1.100",
    "options": {
      "typeVariablesConsidered": false,
      "similarityModifierOfVariablesWithUnknownType": 0,
      "fieldsOfClassesWithUnknownHierarchyProbabilityModifier": 0,
      "sharedFieldsToFieldsAmountMinimum": 3,
      "analyseFieldsInClassesOrInterfacesInheritedFromSuperClassesOrInterfaces": false,
      "sharedParametersToParametersAmountMinimum": 3,
      "sharedParametersToFieldsAmountMinimum": 3,
      "methodsOfClassesOrInterfacesWithUnknownHierarchyProbabilityModifier": 0
    }
  },
  "data_clumps": {
    "fields_to_fields_data_clump-./CompeteCalendar-_ALMXUKzSEDOTYMZuNsJlgg-_Llxb8MIVEDO4z_6Y_sRk6A-namestartDateendDate": {
      "type": "data_clump",
      "key": "fields_to_fields_data_clump-./CompeteCalendar-_ALMXUKzSEDOTYMZuNsJlgg-_Llxb8MIVEDO4z_6Y_sRk6A-namestartDateendDate",
      "probability": 1,
      "from_file_path": "./CompeteCalendar",
      "from_class_or_interface_name": "CompeteCalendar",
      "from_class_or_interface_key": "_ALMXUKzSEDOTYMZuNsJlgg",
      "from_method_name": null,
      "from_method_key": null,
      "to_file_path": "./CompeteContract",
      "to_class_or_interface_key": "_Llxb8MIVEDO4z_6Y_sRk6A",
      "to_class_or_interface_name": "CompeteCalendar",
      "to_method_key": null,
      "to_method_name": null,
      "data_clump_type": "fields_to_fields_data_clump",
      "data_clump_data": {
        "_F_JS8KzSEDOTYMZuNsJlgg": {
          "key": "_F_JS8KzSEDOTYMZuNsJlgg",
          "name": "name",
          "type": null,
          "probability": 1,
          "modifiers": [],
          "to_variable": {
            "key": "_W1_EkMIYEDO4z_6Y_sRk6A",
            "name": "name",
            "type": null,
            "modifiers": [],
            "position": {}
          },
          "position": {}
        },
        "_HYj88KzSEDOTYMZuNsJlgg": {
          "key": "_HYj88KzSEDOTYMZuNsJlgg",
          "name": "startDate",
          "type": null,
          "probability": 1,
          "modifiers": [],
          "to_variable": {
            "key": "_m0UUEMIZEDO4z_6Y_sRk6A",
            "name": "startDate",
            "type": null,
            "modifiers": [],
            "position": {}
          },
          "position": {}
        },
        "_KBzQEKzSEDOTYMZuNsJlgg": {
          "key": "_KBzQEKzSEDOTYMZuNsJlgg",
          "name": "endDate",
          "type": null,
          "probability": 1,
          "modifiers": [],
          "to_variable": {
            "key": "_qUyKIMIZEDO4z_6Y_sRk6A",
            "name": "endDate",
            "type": null,
            "modifiers": [],
            "position": {}
          },
          "position": {}
        }
      }
    },
    "fields_to_fields_data_clump-./CompeteContract-_Llxb8MIVEDO4z_6Y_sRk6A-_ALMXUKzSEDOTYMZuNsJlgg-namestartDateendDate": {
      "type": "data_clump",
      "key": "fields_to_fields_data_clump-./CompeteContract-_Llxb8MIVEDO4z_6Y_sRk6A-_ALMXUKzSEDOTYMZuNsJlgg-namestartDateendDate",
      "probability": 1,
      "from_file_path": "./CompeteContract",
      "from_class_or_interface_name": "CompeteContract",
      "from_class_or_interface_key": "_Llxb8MIVEDO4z_6Y_sRk6A",
      "from_method_name": null,
      "from_method_key": null,
      "to_file_path": "./CompeteCalendar",
      "to_class_or_interface_key": "_ALMXUKzSEDOTYMZuNsJlgg",
      "to_class_or_interface_name": "CompeteContract",
      "to_method_key": null,
      "to_method_name": null,
      "data_clump_type": "fields_to_fields_data_clump",
      "data_clump_data": {
        "_W1_EkMIYEDO4z_6Y_sRk6A": {
          "key": "_W1_EkMIYEDO4z_6Y_sRk6A",
          "name": "name",
          "type": null,
          "probability": 1,
          "modifiers": [],
          "to_variable": {
            "key": "_F_JS8KzSEDOTYMZuNsJlgg",
            "name": "name",
            "type": null,
            "modifiers": [],
            "position": {}
          },
          "position": {}
        },
        "_m0UUEMIZEDO4z_6Y_sRk6A": {
          "key": "_m0UUEMIZEDO4z_6Y_sRk6A",
          "name": "startDate",
          "type": null,
          "probability": 1,
          "modifiers": [],
          "to_variable": {
            "key": "_HYj88KzSEDOTYMZuNsJlgg",
            "name": "startDate",
            "type": null,
            "modifiers": [],
            "position": {}
          },
          "position": {}
        },
        "_qUyKIMIZEDO4z_6Y_sRk6A": {
          "key": "_qUyKIMIZEDO4z_6Y_sRk6A",
          "name": "endDate",
          "type": null,
          "probability": 1,
          "modifiers": [],
          "to_variable": {
            "key": "_KBzQEKzSEDOTYMZuNsJlgg",
            "name": "endDate",
            "type": null,
            "modifiers": [],
            "position": {}
          },
          "position": {}
        }
      }
    },
    "fields_to_fields_data_clump-./CompeteLineitem-_xnOK4IALEDO2WfU20qO6dw-_7jPIEIALEDO2WfU20qO6dw-nameidauditInfo": {
      "type": "data_clump",
      "key": "fields_to_fields_data_clump-./CompeteLineitem-_xnOK4IALEDO2WfU20qO6dw-_7jPIEIALEDO2WfU20qO6dw-nameidauditInfo",
      "probability": 1,
      "from_file_path": "./CompeteLineitem",
      "from_class_or_interface_name": "CompeteLineitem",
      "from_class_or_interface_key": "_xnOK4IALEDO2WfU20qO6dw",
      "from_method_name": null,
      "from_method_key": null,
      "to_file_path": "./ExchangeLineitem",
      "to_class_or_interface_key": "_7jPIEIALEDO2WfU20qO6dw",
      "to_class_or_interface_name": "CompeteLineitem",
      "to_method_key": null,
      "to_method_name": null,
      "data_clump_type": "fields_to_fields_data_clump",
      "data_clump_data": {
        "_z9e3oIALEDO2WfU20qO6dw": {
          "key": "_z9e3oIALEDO2WfU20qO6dw",
          "name": "name",
          "type": null,
          "probability": 1,
          "modifiers": [],
          "to_variable": {
            "key": "_vS0o4IAXEDOew6CPYKGneA",
            "name": "name",
            "type": null,
            "modifiers": [],
            "position": {}
          },
          "position": {}
        },
        "_2jFA4IALEDO2WfU20qO6dw": {
          "key": "_2jFA4IALEDO2WfU20qO6dw",
          "name": "id",
          "type": null,
          "probability": 1,
          "modifiers": [],
          "to_variable": {
            "key": "_uDiLQIAXEDOew6CPYKGneA",
            "name": "id",
            "type": null,
            "modifiers": [],
            "position": {}
          },
          "position": {}
        },
        "_EeaVEIV3EDOJoe8m3IVjkA": {
          "key": "_EeaVEIV3EDOJoe8m3IVjkA",
          "name": "auditInfo",
          "type": null,
          "probability": 1,
          "modifiers": [],
          "to_variable": {
            "key": "_HBLz0IV3EDOJoe8m3IVjkA",
            "name": "auditInfo",
            "type": null,
            "modifiers": [],
            "position": {}
          },
          "position": {}
        }
      }
    },
    "fields_to_fields_data_clump-./ExchangeLineitem-_7jPIEIALEDO2WfU20qO6dw-_xnOK4IALEDO2WfU20qO6dw-idnameauditInfo": {
      "type": "data_clump",
      "key": "fields_to_fields_data_clump-./ExchangeLineitem-_7jPIEIALEDO2WfU20qO6dw-_xnOK4IALEDO2WfU20qO6dw-idnameauditInfo",
      "probability": 1,
      "from_file_path": "./ExchangeLineitem",
      "from_class_or_interface_name": "ExchangeLineitem",
      "from_class_or_interface_key": "_7jPIEIALEDO2WfU20qO6dw",
      "from_method_name": null,
      "from_method_key": null,
      "to_file_path": "./CompeteLineitem",
      "to_class_or_interface_key": "_xnOK4IALEDO2WfU20qO6dw",
      "to_class_or_interface_name": "ExchangeLineitem",
      "to_method_key": null,
      "to_method_name": null,
      "data_clump_type": "fields_to_fields_data_clump",
      "data_clump_data": {
        "_uDiLQIAXEDOew6CPYKGneA": {
          "key": "_uDiLQIAXEDOew6CPYKGneA",
          "name": "id",
          "type": null,
          "probability": 1,
          "modifiers": [],
          "to_variable": {
            "key": "_2jFA4IALEDO2WfU20qO6dw",
            "name": "id",
            "type": null,
            "modifiers": [],
            "position": {}
          },
          "position": {}
        },
        "_vS0o4IAXEDOew6CPYKGneA": {
          "key": "_vS0o4IAXEDOew6CPYKGneA",
          "name": "name",
          "type": null,
          "probability": 1,
          "modifiers": [],
          "to_variable": {
            "key": "_z9e3oIALEDO2WfU20qO6dw",
            "name": "name",
            "type": null,
            "modifiers": [],
            "position": {}
          },
          "position": {}
        },
        "_HBLz0IV3EDOJoe8m3IVjkA": {
          "key": "_HBLz0IV3EDOJoe8m3IVjkA",
          "name": "auditInfo",
          "type": null,
          "probability": 1,
          "modifiers": [],
          "to_variable": {
            "key": "_EeaVEIV3EDOJoe8m3IVjkA",
            "name": "auditInfo",
            "type": null,
            "modifiers": [],
            "position": {}
          },
          "position": {}
        }
      }
    },
    "fields_to_fields_data_clump-./ExchangeLineitem-_7jPIEIALEDO2WfU20qO6dw-_z3WnIIDfEDOGxKj3bJpMIA-rankauditInfoallocation": {
      "type": "data_clump",
      "key": "fields_to_fields_data_clump-./ExchangeLineitem-_7jPIEIALEDO2WfU20qO6dw-_z3WnIIDfEDOGxKj3bJpMIA-rankauditInfoallocation",
      "probability": 1,
      "from_file_path": "./ExchangeLineitem",
      "from_class_or_interface_name": "ExchangeLineitem",
      "from_class_or_interface_key": "_7jPIEIALEDO2WfU20qO6dw",
      "from_method_name": null,
      "from_method_key": null,
      "to_file_path": "./ExchangeLineitemPsAd",
      "to_class_or_interface_key": "_z3WnIIDfEDOGxKj3bJpMIA",
      "to_class_or_interface_name": "ExchangeLineitem",
      "to_method_key": null,
      "to_method_name": null,
      "data_clump_type": "fields_to_fields_data_clump",
      "data_clump_data": {
        "_Dhdn8IGCEDOZUP0YrGCdRg": {
          "key": "_Dhdn8IGCEDOZUP0YrGCdRg",
          "name": "rank",
          "type": null,
          "probability": 1,
          "modifiers": [],
          "to_variable": {
            "key": "_rdegMIDhEDOGxKj3bJpMIA",
            "name": "rank",
            "type": null,
            "modifiers": [],
            "position": {}
          },
          "position": {}
        },
        "_HBLz0IV3EDOJoe8m3IVjkA": {
          "key": "_HBLz0IV3EDOJoe8m3IVjkA",
          "name": "auditInfo",
          "type": null,
          "probability": 1,
          "modifiers": [],
          "to_variable": {
            "key": "_IkMesIV3EDOJoe8m3IVjkA",
            "name": "auditInfo",
            "type": null,
            "modifiers": [],
            "position": {}
          },
          "position": {}
        },
        "_ly8v0IaTEDOz5a9QN905PQ": {
          "key": "_ly8v0IaTEDOz5a9QN905PQ",
          "name": "allocation",
          "type": null,
          "probability": 1,
          "modifiers": [],
          "to_variable": {
            "key": "_3fPeYIDgEDOGxKj3bJpMIA",
            "name": "allocation",
            "type": null,
            "modifiers": [],
            "position": {}
          },
          "position": {}
        }
      }
    },
    "fields_to_fields_data_clump-./ExchangeLineitemPsAd-_z3WnIIDfEDOGxKj3bJpMIA-_7jPIEIALEDO2WfU20qO6dw-allocationrankauditInfo": {
      "type": "data_clump",
      "key": "fields_to_fields_data_clump-./ExchangeLineitemPsAd-_z3WnIIDfEDOGxKj3bJpMIA-_7jPIEIALEDO2WfU20qO6dw-allocationrankauditInfo",
      "probability": 1,
      "from_file_path": "./ExchangeLineitemPsAd",
      "from_class_or_interface_name": "ExchangeLineitemPsAd",
      "from_class_or_interface_key": "_z3WnIIDfEDOGxKj3bJpMIA",
      "from_method_name": null,
      "from_method_key": null,
      "to_file_path": "./ExchangeLineitem",
      "to_class_or_interface_key": "_7jPIEIALEDO2WfU20qO6dw",
      "to_class_or_interface_name": "ExchangeLineitemPsAd",
      "to_method_key": null,
      "to_method_name": null,
      "data_clump_type": "fields_to_fields_data_clump",
      "data_clump_data": {
        "_3fPeYIDgEDOGxKj3bJpMIA": {
          "key": "_3fPeYIDgEDOGxKj3bJpMIA",
          "name": "allocation",
          "type": null,
          "probability": 1,
          "modifiers": [],
          "to_variable": {
            "key": "_ly8v0IaTEDOz5a9QN905PQ",
            "name": "allocation",
            "type": null,
            "modifiers": [],
            "position": {}
          },
          "position": {}
        },
        "_rdegMIDhEDOGxKj3bJpMIA": {
          "key": "_rdegMIDhEDOGxKj3bJpMIA",
          "name": "rank",
          "type": null,
          "probability": 1,
          "modifiers": [],
          "to_variable": {
            "key": "_Dhdn8IGCEDOZUP0YrGCdRg",
            "name": "rank",
            "type": null,
            "modifiers": [],
            "position": {}
          },
          "position": {}
        },
        "_IkMesIV3EDOJoe8m3IVjkA": {
          "key": "_IkMesIV3EDOJoe8m3IVjkA",
          "name": "auditInfo",
          "type": null,
          "probability": 1,
          "modifiers": [],
          "to_variable": {
            "key": "_HBLz0IV3EDOJoe8m3IVjkA",
            "name": "auditInfo",
            "type": null,
            "modifiers": [],
            "position": {}
          },
          "position": {}
        }
      }
    }
  }
}