{
  "report_version": "unknown",
  "report_timestamp": "2025-03-26T23:00:42.084Z",
  "target_language": "java",
  "report_summary": {
    "additional": null,
    "amount_classes_or_interfaces_with_data_clumps": 5,
    "amount_files_with_data_clumps": 5,
    "amount_methods_with_data_clumps": 13,
    "fields_to_fields_data_clump": 0,
    "parameters_to_fields_data_clump": 0,
    "parameters_to_parameters_data_clump": 26,
    "amount_data_clumps": 26
  },
  "project_info": {
    "project_url": "unknown_project_url",
    "project_name": "_6V3dsGr6Eeaj4o_Vw1bWAQ",
    "project_version": "unknown_project_version",
    "project_commit_hash": "unknown",
    "project_tag": null,
    "project_commit_date": null,
    "additional": {},
    "number_of_files": 36,
    "number_of_classes_or_interfaces": 36,
    "number_of_methods": 133,
    "number_of_data_fields": 118,
    "number_of_method_parameters": 169
  },
  "detector": {
    "name": "data-clumps-doctor",
    "url": "https://github.com/NilsBaumgartner1994/data-clumps-doctor",
    "version": "0.1.100",
    "options": {
      "typeVariablesConsidered": false,
      "similarityModifierOfVariablesWithUnknownType": 0,
      "fieldsOfClassesWithUnknownHierarchyProbabilityModifier": 0,
      "sharedFieldsToFieldsAmountMinimum": 3,
      "analyseFieldsInClassesOrInterfacesInheritedFromSuperClassesOrInterfaces": false,
      "sharedParametersToParametersAmountMinimum": 3,
      "sharedParametersToFieldsAmountMinimum": 3,
      "methodsOfClassesOrInterfacesWithUnknownHierarchyProbabilityModifier": 0
    }
  },
  "data_clumps": {
    "parameters_to_parameters_data_clump-./DetailFragment-_70GWRGr6EeadiLQZy1-7DQ-_70Hkomr6EeadiLQZy1-7DQ-inflatercontainersavedInstanceState": {
      "type": "data_clump",
      "key": "parameters_to_parameters_data_clump-./DetailFragment-_70GWRGr6EeadiLQZy1-7DQ-_70Hkomr6EeadiLQZy1-7DQ-inflatercontainersavedInstanceState",
      "probability": 1,
      "from_file_path": "./DetailFragment",
      "from_class_or_interface_name": "DetailFragment",
      "from_class_or_interface_key": "_70FIamr6EeadiLQZy1-7DQ",
      "from_method_name": "onCreateView",
      "from_method_key": "_70GWRGr6EeadiLQZy1-7DQ",
      "to_file_path": "./ForecastFragment",
      "to_class_or_interface_name": "ForecastFragment",
      "to_class_or_interface_key": "_70G9lmr6EeadiLQZy1-7DQ",
      "to_method_name": "onCreateView",
      "to_method_key": "_70Hkomr6EeadiLQZy1-7DQ",
      "data_clump_type": "parameters_to_parameters_data_clump",
      "data_clump_data": {
        "_70GWSGr6EeadiLQZy1-7DQ": {
          "key": "_70GWSGr6EeadiLQZy1-7DQ",
          "name": "inflater",
          "type": null,
          "probability": 1,
          "modifiers": [],
          "to_variable": {
            "key": "_70Hkpmr6EeadiLQZy1-7DQ",
            "name": "inflater",
            "type": null,
            "modifiers": [],
            "position": {}
          },
          "position": {}
        },
        "_70GWS2r6EeadiLQZy1-7DQ": {
          "key": "_70GWS2r6EeadiLQZy1-7DQ",
          "name": "container",
          "type": null,
          "probability": 1,
          "modifiers": [],
          "to_variable": {
            "key": "_70HkqWr6EeadiLQZy1-7DQ",
            "name": "container",
            "type": null,
            "modifiers": [],
            "position": {}
          },
          "position": {}
        },
        "_70GWTmr6EeadiLQZy1-7DQ": {
          "key": "_70GWTmr6EeadiLQZy1-7DQ",
          "name": "savedInstanceState",
          "type": null,
          "probability": 1,
          "modifiers": [],
          "to_variable": {
            "key": "_70HkrGr6EeadiLQZy1-7DQ",
            "name": "savedInstanceState",
            "type": null,
            "modifiers": [],
            "position": {}
          },
          "position": {}
        }
      }
    },
    "parameters_to_parameters_data_clump-./ForecastFragment-_70Hkomr6EeadiLQZy1-7DQ-_70GWRGr6EeadiLQZy1-7DQ-inflatercontainersavedInstanceState": {
      "type": "data_clump",
      "key": "parameters_to_parameters_data_clump-./ForecastFragment-_70Hkomr6EeadiLQZy1-7DQ-_70GWRGr6EeadiLQZy1-7DQ-inflatercontainersavedInstanceState",
      "probability": 1,
      "from_file_path": "./ForecastFragment",
      "from_class_or_interface_name": "ForecastFragment",
      "from_class_or_interface_key": "_70G9lmr6EeadiLQZy1-7DQ",
      "from_method_name": "onCreateView",
      "from_method_key": "_70Hkomr6EeadiLQZy1-7DQ",
      "to_file_path": "./DetailFragment",
      "to_class_or_interface_name": "DetailFragment",
      "to_class_or_interface_key": "_70FIamr6EeadiLQZy1-7DQ",
      "to_method_name": "onCreateView",
      "to_method_key": "_70GWRGr6EeadiLQZy1-7DQ",
      "data_clump_type": "parameters_to_parameters_data_clump",
      "data_clump_data": {
        "_70Hkpmr6EeadiLQZy1-7DQ": {
          "key": "_70Hkpmr6EeadiLQZy1-7DQ",
          "name": "inflater",
          "type": null,
          "probability": 1,
          "modifiers": [],
          "to_variable": {
            "key": "_70GWSGr6EeadiLQZy1-7DQ",
            "name": "inflater",
            "type": null,
            "modifiers": [],
            "position": {}
          },
          "position": {}
        },
        "_70HkqWr6EeadiLQZy1-7DQ": {
          "key": "_70HkqWr6EeadiLQZy1-7DQ",
          "name": "container",
          "type": null,
          "probability": 1,
          "modifiers": [],
          "to_variable": {
            "key": "_70GWS2r6EeadiLQZy1-7DQ",
            "name": "container",
            "type": null,
            "modifiers": [],
            "position": {}
          },
          "position": {}
        },
        "_70HkrGr6EeadiLQZy1-7DQ": {
          "key": "_70HkrGr6EeadiLQZy1-7DQ",
          "name": "savedInstanceState",
          "type": null,
          "probability": 1,
          "modifiers": [],
          "to_variable": {
            "key": "_70GWTmr6EeadiLQZy1-7DQ",
            "name": "savedInstanceState",
            "type": null,
            "modifiers": [],
            "position": {}
          },
          "position": {}
        }
      }
    },
    "parameters_to_parameters_data_clump-./SunshineAuthenticator-_70KAs2r6EeadiLQZy1-7DQ-_70KA02r6EeadiLQZy1-7DQ-rsbundle": {
      "type": "data_clump",
      "key": "parameters_to_parameters_data_clump-./SunshineAuthenticator-_70KAs2r6EeadiLQZy1-7DQ-_70KA02r6EeadiLQZy1-7DQ-rsbundle",
      "probability": 1,
      "from_file_path": "./SunshineAuthenticator",
      "from_class_or_interface_name": "SunshineAuthenticator",
      "from_class_or_interface_key": "_70KAomr6EeadiLQZy1-7DQ",
      "from_method_name": "addAccount",
      "from_method_key": "_70KAs2r6EeadiLQZy1-7DQ",
      "to_file_path": "./SunshineAuthenticator",
      "to_class_or_interface_name": "SunshineAuthenticator",
      "to_class_or_interface_key": "_70KAomr6EeadiLQZy1-7DQ",
      "to_method_name": "getAuthToken",
      "to_method_key": "_70KA02r6EeadiLQZy1-7DQ",
      "data_clump_type": "parameters_to_parameters_data_clump",
      "data_clump_data": {
        "_70KAt2r6EeadiLQZy1-7DQ": {
          "key": "_70KAt2r6EeadiLQZy1-7DQ",
          "name": "r",
          "type": null,
          "probability": 1,
          "modifiers": [],
          "to_variable": {
            "key": "_70KA12r6EeadiLQZy1-7DQ",
            "name": "r",
            "type": null,
            "modifiers": [],
            "position": {}
          },
          "position": {}
        },
        "_70KAumr6EeadiLQZy1-7DQ": {
          "key": "_70KAumr6EeadiLQZy1-7DQ",
          "name": "s",
          "type": null,
          "probability": 1,
          "modifiers": [],
          "to_variable": {
            "key": "_70KA3Wr6EeadiLQZy1-7DQ",
            "name": "s",
            "type": null,
            "modifiers": [],
            "position": {}
          },
          "position": {}
        },
        "_70KAw2r6EeadiLQZy1-7DQ": {
          "key": "_70KAw2r6EeadiLQZy1-7DQ",
          "name": "bundle",
          "type": null,
          "probability": 1,
          "modifiers": [],
          "to_variable": {
            "key": "_70KA4Gr6EeadiLQZy1-7DQ",
            "name": "bundle",
            "type": null,
            "modifiers": [],
            "position": {}
          },
          "position": {}
        }
      }
    },
    "parameters_to_parameters_data_clump-./SunshineAuthenticator-_70KAs2r6EeadiLQZy1-7DQ-_70KA6mr6EeadiLQZy1-7DQ-rsbundle": {
      "type": "data_clump",
      "key": "parameters_to_parameters_data_clump-./SunshineAuthenticator-_70KAs2r6EeadiLQZy1-7DQ-_70KA6mr6EeadiLQZy1-7DQ-rsbundle",
      "probability": 1,
      "from_file_path": "./SunshineAuthenticator",
      "from_class_or_interface_name": "SunshineAuthenticator",
      "from_class_or_interface_key": "_70KAomr6EeadiLQZy1-7DQ",
      "from_method_name": "addAccount",
      "from_method_key": "_70KAs2r6EeadiLQZy1-7DQ",
      "to_file_path": "./SunshineAuthenticator",
      "to_class_or_interface_name": "SunshineAuthenticator",
      "to_class_or_interface_key": "_70KAomr6EeadiLQZy1-7DQ",
      "to_method_name": "updateCredentials",
      "to_method_key": "_70KA6mr6EeadiLQZy1-7DQ",
      "data_clump_type": "parameters_to_parameters_data_clump",
      "data_clump_data": {
        "_70KAt2r6EeadiLQZy1-7DQ": {
          "key": "_70KAt2r6EeadiLQZy1-7DQ",
          "name": "r",
          "type": null,
          "probability": 1,
          "modifiers": [],
          "to_variable": {
            "key": "_70KnsWr6EeadiLQZy1-7DQ",
            "name": "r",
            "type": null,
            "modifiers": [],
            "position": {}
          },
          "position": {}
        },
        "_70KAumr6EeadiLQZy1-7DQ": {
          "key": "_70KAumr6EeadiLQZy1-7DQ",
          "name": "s",
          "type": null,
          "probability": 1,
          "modifiers": [],
          "to_variable": {
            "key": "_70Knt2r6EeadiLQZy1-7DQ",
            "name": "s",
            "type": null,
            "modifiers": [],
            "position": {}
          },
          "position": {}
        },
        "_70KAw2r6EeadiLQZy1-7DQ": {
          "key": "_70KAw2r6EeadiLQZy1-7DQ",
          "name": "bundle",
          "type": null,
          "probability": 1,
          "modifiers": [],
          "to_variable": {
            "key": "_70Knumr6EeadiLQZy1-7DQ",
            "name": "bundle",
            "type": null,
            "modifiers": [],
            "position": {}
          },
          "position": {}
        }
      }
    },
    "parameters_to_parameters_data_clump-./SunshineAuthenticator-_70KAxmr6EeadiLQZy1-7DQ-_70KA02r6EeadiLQZy1-7DQ-raccountbundle": {
      "type": "data_clump",
      "key": "parameters_to_parameters_data_clump-./SunshineAuthenticator-_70KAxmr6EeadiLQZy1-7DQ-_70KA02r6EeadiLQZy1-7DQ-raccountbundle",
      "probability": 1,
      "from_file_path": "./SunshineAuthenticator",
      "from_class_or_interface_name": "SunshineAuthenticator",
      "from_class_or_interface_key": "_70KAomr6EeadiLQZy1-7DQ",
      "from_method_name": "confirmCredentials",
      "from_method_key": "_70KAxmr6EeadiLQZy1-7DQ",
      "to_file_path": "./SunshineAuthenticator",
      "to_class_or_interface_name": "SunshineAuthenticator",
      "to_class_or_interface_key": "_70KAomr6EeadiLQZy1-7DQ",
      "to_method_name": "getAuthToken",
      "to_method_key": "_70KA02r6EeadiLQZy1-7DQ",
      "data_clump_type": "parameters_to_parameters_data_clump",
      "data_clump_data": {
        "_70KAymr6EeadiLQZy1-7DQ": {
          "key": "_70KAymr6EeadiLQZy1-7DQ",
          "name": "r",
          "type": null,
          "probability": 1,
          "modifiers": [],
          "to_variable": {
            "key": "_70KA12r6EeadiLQZy1-7DQ",
            "name": "r",
            "type": null,
            "modifiers": [],
            "position": {}
          },
          "position": {}
        },
        "_70KAzWr6EeadiLQZy1-7DQ": {
          "key": "_70KAzWr6EeadiLQZy1-7DQ",
          "name": "account",
          "type": null,
          "probability": 1,
          "modifiers": [],
          "to_variable": {
            "key": "_70KA2mr6EeadiLQZy1-7DQ",
            "name": "account",
            "type": null,
            "modifiers": [],
            "position": {}
          },
          "position": {}
        },
        "_70KA0Gr6EeadiLQZy1-7DQ": {
          "key": "_70KA0Gr6EeadiLQZy1-7DQ",
          "name": "bundle",
          "type": null,
          "probability": 1,
          "modifiers": [],
          "to_variable": {
            "key": "_70KA4Gr6EeadiLQZy1-7DQ",
            "name": "bundle",
            "type": null,
            "modifiers": [],
            "position": {}
          },
          "position": {}
        }
      }
    },
    "parameters_to_parameters_data_clump-./SunshineAuthenticator-_70KAxmr6EeadiLQZy1-7DQ-_70KA6mr6EeadiLQZy1-7DQ-raccountbundle": {
      "type": "data_clump",
      "key": "parameters_to_parameters_data_clump-./SunshineAuthenticator-_70KAxmr6EeadiLQZy1-7DQ-_70KA6mr6EeadiLQZy1-7DQ-raccountbundle",
      "probability": 1,
      "from_file_path": "./SunshineAuthenticator",
      "from_class_or_interface_name": "SunshineAuthenticator",
      "from_class_or_interface_key": "_70KAomr6EeadiLQZy1-7DQ",
      "from_method_name": "confirmCredentials",
      "from_method_key": "_70KAxmr6EeadiLQZy1-7DQ",
      "to_file_path": "./SunshineAuthenticator",
      "to_class_or_interface_name": "SunshineAuthenticator",
      "to_class_or_interface_key": "_70KAomr6EeadiLQZy1-7DQ",
      "to_method_name": "updateCredentials",
      "to_method_key": "_70KA6mr6EeadiLQZy1-7DQ",
      "data_clump_type": "parameters_to_parameters_data_clump",
      "data_clump_data": {
        "_70KAymr6EeadiLQZy1-7DQ": {
          "key": "_70KAymr6EeadiLQZy1-7DQ",
          "name": "r",
          "type": null,
          "probability": 1,
          "modifiers": [],
          "to_variable": {
            "key": "_70KnsWr6EeadiLQZy1-7DQ",
            "name": "r",
            "type": null,
            "modifiers": [],
            "position": {}
          },
          "position": {}
        },
        "_70KAzWr6EeadiLQZy1-7DQ": {
          "key": "_70KAzWr6EeadiLQZy1-7DQ",
          "name": "account",
          "type": null,
          "probability": 1,
          "modifiers": [],
          "to_variable": {
            "key": "_70KntGr6EeadiLQZy1-7DQ",
            "name": "account",
            "type": null,
            "modifiers": [],
            "position": {}
          },
          "position": {}
        },
        "_70KA0Gr6EeadiLQZy1-7DQ": {
          "key": "_70KA0Gr6EeadiLQZy1-7DQ",
          "name": "bundle",
          "type": null,
          "probability": 1,
          "modifiers": [],
          "to_variable": {
            "key": "_70Knumr6EeadiLQZy1-7DQ",
            "name": "bundle",
            "type": null,
            "modifiers": [],
            "position": {}
          },
          "position": {}
        }
      }
    },
    "parameters_to_parameters_data_clump-./SunshineAuthenticator-_70KA02r6EeadiLQZy1-7DQ-_70KAs2r6EeadiLQZy1-7DQ-rsbundle": {
      "type": "data_clump",
      "key": "parameters_to_parameters_data_clump-./SunshineAuthenticator-_70KA02r6EeadiLQZy1-7DQ-_70KAs2r6EeadiLQZy1-7DQ-rsbundle",
      "probability": 1,
      "from_file_path": "./SunshineAuthenticator",
      "from_class_or_interface_name": "SunshineAuthenticator",
      "from_class_or_interface_key": "_70KAomr6EeadiLQZy1-7DQ",
      "from_method_name": "getAuthToken",
      "from_method_key": "_70KA02r6EeadiLQZy1-7DQ",
      "to_file_path": "./SunshineAuthenticator",
      "to_class_or_interface_name": "SunshineAuthenticator",
      "to_class_or_interface_key": "_70KAomr6EeadiLQZy1-7DQ",
      "to_method_name": "addAccount",
      "to_method_key": "_70KAs2r6EeadiLQZy1-7DQ",
      "data_clump_type": "parameters_to_parameters_data_clump",
      "data_clump_data": {
        "_70KA12r6EeadiLQZy1-7DQ": {
          "key": "_70KA12r6EeadiLQZy1-7DQ",
          "name": "r",
          "type": null,
          "probability": 1,
          "modifiers": [],
          "to_variable": {
            "key": "_70KAt2r6EeadiLQZy1-7DQ",
            "name": "r",
            "type": null,
            "modifiers": [],
            "position": {}
          },
          "position": {}
        },
        "_70KA3Wr6EeadiLQZy1-7DQ": {
          "key": "_70KA3Wr6EeadiLQZy1-7DQ",
          "name": "s",
          "type": null,
          "probability": 1,
          "modifiers": [],
          "to_variable": {
            "key": "_70KAumr6EeadiLQZy1-7DQ",
            "name": "s",
            "type": null,
            "modifiers": [],
            "position": {}
          },
          "position": {}
        },
        "_70KA4Gr6EeadiLQZy1-7DQ": {
          "key": "_70KA4Gr6EeadiLQZy1-7DQ",
          "name": "bundle",
          "type": null,
          "probability": 1,
          "modifiers": [],
          "to_variable": {
            "key": "_70KAw2r6EeadiLQZy1-7DQ",
            "name": "bundle",
            "type": null,
            "modifiers": [],
            "position": {}
          },
          "position": {}
        }
      }
    },
    "parameters_to_parameters_data_clump-./SunshineAuthenticator-_70KA02r6EeadiLQZy1-7DQ-_70KAxmr6EeadiLQZy1-7DQ-raccountbundle": {
      "type": "data_clump",
      "key": "parameters_to_parameters_data_clump-./SunshineAuthenticator-_70KA02r6EeadiLQZy1-7DQ-_70KAxmr6EeadiLQZy1-7DQ-raccountbundle",
      "probability": 1,
      "from_file_path": "./SunshineAuthenticator",
      "from_class_or_interface_name": "SunshineAuthenticator",
      "from_class_or_interface_key": "_70KAomr6EeadiLQZy1-7DQ",
      "from_method_name": "getAuthToken",
      "from_method_key": "_70KA02r6EeadiLQZy1-7DQ",
      "to_file_path": "./SunshineAuthenticator",
      "to_class_or_interface_name": "SunshineAuthenticator",
      "to_class_or_interface_key": "_70KAomr6EeadiLQZy1-7DQ",
      "to_method_name": "confirmCredentials",
      "to_method_key": "_70KAxmr6EeadiLQZy1-7DQ",
      "data_clump_type": "parameters_to_parameters_data_clump",
      "data_clump_data": {
        "_70KA12r6EeadiLQZy1-7DQ": {
          "key": "_70KA12r6EeadiLQZy1-7DQ",
          "name": "r",
          "type": null,
          "probability": 1,
          "modifiers": [],
          "to_variable": {
            "key": "_70KAymr6EeadiLQZy1-7DQ",
            "name": "r",
            "type": null,
            "modifiers": [],
            "position": {}
          },
          "position": {}
        },
        "_70KA2mr6EeadiLQZy1-7DQ": {
          "key": "_70KA2mr6EeadiLQZy1-7DQ",
          "name": "account",
          "type": null,
          "probability": 1,
          "modifiers": [],
          "to_variable": {
            "key": "_70KAzWr6EeadiLQZy1-7DQ",
            "name": "account",
            "type": null,
            "modifiers": [],
            "position": {}
          },
          "position": {}
        },
        "_70KA4Gr6EeadiLQZy1-7DQ": {
          "key": "_70KA4Gr6EeadiLQZy1-7DQ",
          "name": "bundle",
          "type": null,
          "probability": 1,
          "modifiers": [],
          "to_variable": {
            "key": "_70KA0Gr6EeadiLQZy1-7DQ",
            "name": "bundle",
            "type": null,
            "modifiers": [],
            "position": {}
          },
          "position": {}
        }
      }
    },
    "parameters_to_parameters_data_clump-./SunshineAuthenticator-_70KA02r6EeadiLQZy1-7DQ-_70KA6mr6EeadiLQZy1-7DQ-raccountsbundle": {
      "type": "data_clump",
      "key": "parameters_to_parameters_data_clump-./SunshineAuthenticator-_70KA02r6EeadiLQZy1-7DQ-_70KA6mr6EeadiLQZy1-7DQ-raccountsbundle",
      "probability": 1,
      "from_file_path": "./SunshineAuthenticator",
      "from_class_or_interface_name": "SunshineAuthenticator",
      "from_class_or_interface_key": "_70KAomr6EeadiLQZy1-7DQ",
      "from_method_name": "getAuthToken",
      "from_method_key": "_70KA02r6EeadiLQZy1-7DQ",
      "to_file_path": "./SunshineAuthenticator",
      "to_class_or_interface_name": "SunshineAuthenticator",
      "to_class_or_interface_key": "_70KAomr6EeadiLQZy1-7DQ",
      "to_method_name": "updateCredentials",
      "to_method_key": "_70KA6mr6EeadiLQZy1-7DQ",
      "data_clump_type": "parameters_to_parameters_data_clump",
      "data_clump_data": {
        "_70KA12r6EeadiLQZy1-7DQ": {
          "key": "_70KA12r6EeadiLQZy1-7DQ",
          "name": "r",
          "type": null,
          "probability": 1,
          "modifiers": [],
          "to_variable": {
            "key": "_70KnsWr6EeadiLQZy1-7DQ",
            "name": "r",
            "type": null,
            "modifiers": [],
            "position": {}
          },
          "position": {}
        },
        "_70KA2mr6EeadiLQZy1-7DQ": {
          "key": "_70KA2mr6EeadiLQZy1-7DQ",
          "name": "account",
          "type": null,
          "probability": 1,
          "modifiers": [],
          "to_variable": {
            "key": "_70KntGr6EeadiLQZy1-7DQ",
            "name": "account",
            "type": null,
            "modifiers": [],
            "position": {}
          },
          "position": {}
        },
        "_70KA3Wr6EeadiLQZy1-7DQ": {
          "key": "_70KA3Wr6EeadiLQZy1-7DQ",
          "name": "s",
          "type": null,
          "probability": 1,
          "modifiers": [],
          "to_variable": {
            "key": "_70Knt2r6EeadiLQZy1-7DQ",
            "name": "s",
            "type": null,
            "modifiers": [],
            "position": {}
          },
          "position": {}
        },
        "_70KA4Gr6EeadiLQZy1-7DQ": {
          "key": "_70KA4Gr6EeadiLQZy1-7DQ",
          "name": "bundle",
          "type": null,
          "probability": 1,
          "modifiers": [],
          "to_variable": {
            "key": "_70Knumr6EeadiLQZy1-7DQ",
            "name": "bundle",
            "type": null,
            "modifiers": [],
            "position": {}
          },
          "position": {}
        }
      }
    },
    "parameters_to_parameters_data_clump-./SunshineAuthenticator-_70KA6mr6EeadiLQZy1-7DQ-_70KAs2r6EeadiLQZy1-7DQ-rsbundle": {
      "type": "data_clump",
      "key": "parameters_to_parameters_data_clump-./SunshineAuthenticator-_70KA6mr6EeadiLQZy1-7DQ-_70KAs2r6EeadiLQZy1-7DQ-rsbundle",
      "probability": 1,
      "from_file_path": "./SunshineAuthenticator",
      "from_class_or_interface_name": "SunshineAuthenticator",
      "from_class_or_interface_key": "_70KAomr6EeadiLQZy1-7DQ",
      "from_method_name": "updateCredentials",
      "from_method_key": "_70KA6mr6EeadiLQZy1-7DQ",
      "to_file_path": "./SunshineAuthenticator",
      "to_class_or_interface_name": "SunshineAuthenticator",
      "to_class_or_interface_key": "_70KAomr6EeadiLQZy1-7DQ",
      "to_method_name": "addAccount",
      "to_method_key": "_70KAs2r6EeadiLQZy1-7DQ",
      "data_clump_type": "parameters_to_parameters_data_clump",
      "data_clump_data": {
        "_70KnsWr6EeadiLQZy1-7DQ": {
          "key": "_70KnsWr6EeadiLQZy1-7DQ",
          "name": "r",
          "type": null,
          "probability": 1,
          "modifiers": [],
          "to_variable": {
            "key": "_70KAt2r6EeadiLQZy1-7DQ",
            "name": "r",
            "type": null,
            "modifiers": [],
            "position": {}
          },
          "position": {}
        },
        "_70Knt2r6EeadiLQZy1-7DQ": {
          "key": "_70Knt2r6EeadiLQZy1-7DQ",
          "name": "s",
          "type": null,
          "probability": 1,
          "modifiers": [],
          "to_variable": {
            "key": "_70KAumr6EeadiLQZy1-7DQ",
            "name": "s",
            "type": null,
            "modifiers": [],
            "position": {}
          },
          "position": {}
        },
        "_70Knumr6EeadiLQZy1-7DQ": {
          "key": "_70Knumr6EeadiLQZy1-7DQ",
          "name": "bundle",
          "type": null,
          "probability": 1,
          "modifiers": [],
          "to_variable": {
            "key": "_70KAw2r6EeadiLQZy1-7DQ",
            "name": "bundle",
            "type": null,
            "modifiers": [],
            "position": {}
          },
          "position": {}
        }
      }
    },
    "parameters_to_parameters_data_clump-./SunshineAuthenticator-_70KA6mr6EeadiLQZy1-7DQ-_70KAxmr6EeadiLQZy1-7DQ-raccountbundle": {
      "type": "data_clump",
      "key": "parameters_to_parameters_data_clump-./SunshineAuthenticator-_70KA6mr6EeadiLQZy1-7DQ-_70KAxmr6EeadiLQZy1-7DQ-raccountbundle",
      "probability": 1,
      "from_file_path": "./SunshineAuthenticator",
      "from_class_or_interface_name": "SunshineAuthenticator",
      "from_class_or_interface_key": "_70KAomr6EeadiLQZy1-7DQ",
      "from_method_name": "updateCredentials",
      "from_method_key": "_70KA6mr6EeadiLQZy1-7DQ",
      "to_file_path": "./SunshineAuthenticator",
      "to_class_or_interface_name": "SunshineAuthenticator",
      "to_class_or_interface_key": "_70KAomr6EeadiLQZy1-7DQ",
      "to_method_name": "confirmCredentials",
      "to_method_key": "_70KAxmr6EeadiLQZy1-7DQ",
      "data_clump_type": "parameters_to_parameters_data_clump",
      "data_clump_data": {
        "_70KnsWr6EeadiLQZy1-7DQ": {
          "key": "_70KnsWr6EeadiLQZy1-7DQ",
          "name": "r",
          "type": null,
          "probability": 1,
          "modifiers": [],
          "to_variable": {
            "key": "_70KAymr6EeadiLQZy1-7DQ",
            "name": "r",
            "type": null,
            "modifiers": [],
            "position": {}
          },
          "position": {}
        },
        "_70KntGr6EeadiLQZy1-7DQ": {
          "key": "_70KntGr6EeadiLQZy1-7DQ",
          "name": "account",
          "type": null,
          "probability": 1,
          "modifiers": [],
          "to_variable": {
            "key": "_70KAzWr6EeadiLQZy1-7DQ",
            "name": "account",
            "type": null,
            "modifiers": [],
            "position": {}
          },
          "position": {}
        },
        "_70Knumr6EeadiLQZy1-7DQ": {
          "key": "_70Knumr6EeadiLQZy1-7DQ",
          "name": "bundle",
          "type": null,
          "probability": 1,
          "modifiers": [],
          "to_variable": {
            "key": "_70KA0Gr6EeadiLQZy1-7DQ",
            "name": "bundle",
            "type": null,
            "modifiers": [],
            "position": {}
          },
          "position": {}
        }
      }
    },
    "parameters_to_parameters_data_clump-./SunshineAuthenticator-_70KA6mr6EeadiLQZy1-7DQ-_70KA02r6EeadiLQZy1-7DQ-raccountsbundle": {
      "type": "data_clump",
      "key": "parameters_to_parameters_data_clump-./SunshineAuthenticator-_70KA6mr6EeadiLQZy1-7DQ-_70KA02r6EeadiLQZy1-7DQ-raccountsbundle",
      "probability": 1,
      "from_file_path": "./SunshineAuthenticator",
      "from_class_or_interface_name": "SunshineAuthenticator",
      "from_class_or_interface_key": "_70KAomr6EeadiLQZy1-7DQ",
      "from_method_name": "updateCredentials",
      "from_method_key": "_70KA6mr6EeadiLQZy1-7DQ",
      "to_file_path": "./SunshineAuthenticator",
      "to_class_or_interface_name": "SunshineAuthenticator",
      "to_class_or_interface_key": "_70KAomr6EeadiLQZy1-7DQ",
      "to_method_name": "getAuthToken",
      "to_method_key": "_70KA02r6EeadiLQZy1-7DQ",
      "data_clump_type": "parameters_to_parameters_data_clump",
      "data_clump_data": {
        "_70KnsWr6EeadiLQZy1-7DQ": {
          "key": "_70KnsWr6EeadiLQZy1-7DQ",
          "name": "r",
          "type": null,
          "probability": 1,
          "modifiers": [],
          "to_variable": {
            "key": "_70KA12r6EeadiLQZy1-7DQ",
            "name": "r",
            "type": null,
            "modifiers": [],
            "position": {}
          },
          "position": {}
        },
        "_70KntGr6EeadiLQZy1-7DQ": {
          "key": "_70KntGr6EeadiLQZy1-7DQ",
          "name": "account",
          "type": null,
          "probability": 1,
          "modifiers": [],
          "to_variable": {
            "key": "_70KA2mr6EeadiLQZy1-7DQ",
            "name": "account",
            "type": null,
            "modifiers": [],
            "position": {}
          },
          "position": {}
        },
        "_70Knt2r6EeadiLQZy1-7DQ": {
          "key": "_70Knt2r6EeadiLQZy1-7DQ",
          "name": "s",
          "type": null,
          "probability": 1,
          "modifiers": [],
          "to_variable": {
            "key": "_70KA3Wr6EeadiLQZy1-7DQ",
            "name": "s",
            "type": null,
            "modifiers": [],
            "position": {}
          },
          "position": {}
        },
        "_70Knumr6EeadiLQZy1-7DQ": {
          "key": "_70Knumr6EeadiLQZy1-7DQ",
          "name": "bundle",
          "type": null,
          "probability": 1,
          "modifiers": [],
          "to_variable": {
            "key": "_70KA4Gr6EeadiLQZy1-7DQ",
            "name": "bundle",
            "type": null,
            "modifiers": [],
            "position": {}
          },
          "position": {}
        }
      }
    },
    "parameters_to_parameters_data_clump-./TestUtilities-_70BeDGr6EeadiLQZy1-7DQ-_70CE2Wr6EeadiLQZy1-7DQ-errorvalueCursorexpectedValues": {
      "type": "data_clump",
      "key": "parameters_to_parameters_data_clump-./TestUtilities-_70BeDGr6EeadiLQZy1-7DQ-_70CE2Wr6EeadiLQZy1-7DQ-errorvalueCursorexpectedValues",
      "probability": 1,
      "from_file_path": "./TestUtilities",
      "from_class_or_interface_name": "TestUtilities",
      "from_class_or_interface_key": "_70BeBGr6EeadiLQZy1-7DQ",
      "from_method_name": "validateCursor",
      "from_method_key": "_70BeDGr6EeadiLQZy1-7DQ",
      "to_file_path": "./TestUtilities",
      "to_class_or_interface_name": "TestUtilities",
      "to_class_or_interface_key": "_70BeBGr6EeadiLQZy1-7DQ",
      "to_method_name": "validateCurrentRecord",
      "to_method_key": "_70CE2Wr6EeadiLQZy1-7DQ",
      "data_clump_type": "parameters_to_parameters_data_clump",
      "data_clump_data": {
        "_70CE0Gr6EeadiLQZy1-7DQ": {
          "key": "_70CE0Gr6EeadiLQZy1-7DQ",
          "name": "error",
          "type": null,
          "probability": 1,
          "modifiers": [],
          "to_variable": {
            "key": "_70CE22r6EeadiLQZy1-7DQ",
            "name": "error",
            "type": null,
            "modifiers": [],
            "position": {}
          },
          "position": {}
        },
        "_70CE02r6EeadiLQZy1-7DQ": {
          "key": "_70CE02r6EeadiLQZy1-7DQ",
          "name": "valueCursor",
          "type": null,
          "probability": 1,
          "modifiers": [],
          "to_variable": {
            "key": "_70CE3mr6EeadiLQZy1-7DQ",
            "name": "valueCursor",
            "type": null,
            "modifiers": [],
            "position": {}
          },
          "position": {}
        },
        "_70CE1mr6EeadiLQZy1-7DQ": {
          "key": "_70CE1mr6EeadiLQZy1-7DQ",
          "name": "expectedValues",
          "type": null,
          "probability": 1,
          "modifiers": [],
          "to_variable": {
            "key": "_70CE4Wr6EeadiLQZy1-7DQ",
            "name": "expectedValues",
            "type": null,
            "modifiers": [],
            "position": {}
          },
          "position": {}
        }
      }
    },
    "parameters_to_parameters_data_clump-./TestUtilities-_70CE2Wr6EeadiLQZy1-7DQ-_70BeDGr6EeadiLQZy1-7DQ-errorvalueCursorexpectedValues": {
      "type": "data_clump",
      "key": "parameters_to_parameters_data_clump-./TestUtilities-_70CE2Wr6EeadiLQZy1-7DQ-_70BeDGr6EeadiLQZy1-7DQ-errorvalueCursorexpectedValues",
      "probability": 1,
      "from_file_path": "./TestUtilities",
      "from_class_or_interface_name": "TestUtilities",
      "from_class_or_interface_key": "_70BeBGr6EeadiLQZy1-7DQ",
      "from_method_name": "validateCurrentRecord",
      "from_method_key": "_70CE2Wr6EeadiLQZy1-7DQ",
      "to_file_path": "./TestUtilities",
      "to_class_or_interface_name": "TestUtilities",
      "to_class_or_interface_key": "_70BeBGr6EeadiLQZy1-7DQ",
      "to_method_name": "validateCursor",
      "to_method_key": "_70BeDGr6EeadiLQZy1-7DQ",
      "data_clump_type": "parameters_to_parameters_data_clump",
      "data_clump_data": {
        "_70CE22r6EeadiLQZy1-7DQ": {
          "key": "_70CE22r6EeadiLQZy1-7DQ",
          "name": "error",
          "type": null,
          "probability": 1,
          "modifiers": [],
          "to_variable": {
            "key": "_70CE0Gr6EeadiLQZy1-7DQ",
            "name": "error",
            "type": null,
            "modifiers": [],
            "position": {}
          },
          "position": {}
        },
        "_70CE3mr6EeadiLQZy1-7DQ": {
          "key": "_70CE3mr6EeadiLQZy1-7DQ",
          "name": "valueCursor",
          "type": null,
          "probability": 1,
          "modifiers": [],
          "to_variable": {
            "key": "_70CE02r6EeadiLQZy1-7DQ",
            "name": "valueCursor",
            "type": null,
            "modifiers": [],
            "position": {}
          },
          "position": {}
        },
        "_70CE4Wr6EeadiLQZy1-7DQ": {
          "key": "_70CE4Wr6EeadiLQZy1-7DQ",
          "name": "expectedValues",
          "type": null,
          "probability": 1,
          "modifiers": [],
          "to_variable": {
            "key": "_70CE1mr6EeadiLQZy1-7DQ",
            "name": "expectedValues",
            "type": null,
            "modifiers": [],
            "position": {}
          },
          "position": {}
        }
      }
    },
    "parameters_to_parameters_data_clump-./WeatherProvider-_70D6P2r6EeadiLQZy1-7DQ-_70D6TGr6EeadiLQZy1-7DQ-uriprojectionsortOrder": {
      "type": "data_clump",
      "key": "parameters_to_parameters_data_clump-./WeatherProvider-_70D6P2r6EeadiLQZy1-7DQ-_70D6TGr6EeadiLQZy1-7DQ-uriprojectionsortOrder",
      "probability": 1,
      "from_file_path": "./WeatherProvider",
      "from_class_or_interface_name": "WeatherProvider",
      "from_class_or_interface_key": "_70D6Imr6EeadiLQZy1-7DQ",
      "from_method_name": "getWeatherByLocationSetting",
      "from_method_key": "_70D6P2r6EeadiLQZy1-7DQ",
      "to_file_path": "./WeatherProvider",
      "to_class_or_interface_name": "WeatherProvider",
      "to_class_or_interface_key": "_70D6Imr6EeadiLQZy1-7DQ",
      "to_method_name": "getWeatherByLocationSettingAndDate",
      "to_method_key": "_70D6TGr6EeadiLQZy1-7DQ",
      "data_clump_type": "parameters_to_parameters_data_clump",
      "data_clump_data": {
        "_70D6Q2r6EeadiLQZy1-7DQ": {
          "key": "_70D6Q2r6EeadiLQZy1-7DQ",
          "name": "uri",
          "type": null,
          "probability": 1,
          "modifiers": [],
          "to_variable": {
            "key": "_70EhEmr6EeadiLQZy1-7DQ",
            "name": "uri",
            "type": null,
            "modifiers": [],
            "position": {}
          },
          "position": {}
        },
        "_70D6Rmr6EeadiLQZy1-7DQ": {
          "key": "_70D6Rmr6EeadiLQZy1-7DQ",
          "name": "projection",
          "type": null,
          "probability": 1,
          "modifiers": [],
          "to_variable": {
            "key": "_70EhFWr6EeadiLQZy1-7DQ",
            "name": "projection",
            "type": null,
            "modifiers": [],
            "position": {}
          },
          "position": {}
        },
        "_70D6SWr6EeadiLQZy1-7DQ": {
          "key": "_70D6SWr6EeadiLQZy1-7DQ",
          "name": "sortOrder",
          "type": null,
          "probability": 1,
          "modifiers": [],
          "to_variable": {
            "key": "_70EhGGr6EeadiLQZy1-7DQ",
            "name": "sortOrder",
            "type": null,
            "modifiers": [],
            "position": {}
          },
          "position": {}
        }
      }
    },
    "parameters_to_parameters_data_clump-./WeatherProvider-_70D6P2r6EeadiLQZy1-7DQ-_70EhKmr6EeadiLQZy1-7DQ-uriprojectionsortOrder": {
      "type": "data_clump",
      "key": "parameters_to_parameters_data_clump-./WeatherProvider-_70D6P2r6EeadiLQZy1-7DQ-_70EhKmr6EeadiLQZy1-7DQ-uriprojectionsortOrder",
      "probability": 1,
      "from_file_path": "./WeatherProvider",
      "from_class_or_interface_name": "WeatherProvider",
      "from_class_or_interface_key": "_70D6Imr6EeadiLQZy1-7DQ",
      "from_method_name": "getWeatherByLocationSetting",
      "from_method_key": "_70D6P2r6EeadiLQZy1-7DQ",
      "to_file_path": "./WeatherProvider",
      "to_class_or_interface_name": "WeatherProvider",
      "to_class_or_interface_key": "_70D6Imr6EeadiLQZy1-7DQ",
      "to_method_name": "query",
      "to_method_key": "_70EhKmr6EeadiLQZy1-7DQ",
      "data_clump_type": "parameters_to_parameters_data_clump",
      "data_clump_data": {
        "_70D6Q2r6EeadiLQZy1-7DQ": {
          "key": "_70D6Q2r6EeadiLQZy1-7DQ",
          "name": "uri",
          "type": null,
          "probability": 1,
          "modifiers": [],
          "to_variable": {
            "key": "_70EhLmr6EeadiLQZy1-7DQ",
            "name": "uri",
            "type": null,
            "modifiers": [],
            "position": {}
          },
          "position": {}
        },
        "_70D6Rmr6EeadiLQZy1-7DQ": {
          "key": "_70D6Rmr6EeadiLQZy1-7DQ",
          "name": "projection",
          "type": null,
          "probability": 1,
          "modifiers": [],
          "to_variable": {
            "key": "_70EhMWr6EeadiLQZy1-7DQ",
            "name": "projection",
            "type": null,
            "modifiers": [],
            "position": {}
          },
          "position": {}
        },
        "_70D6SWr6EeadiLQZy1-7DQ": {
          "key": "_70D6SWr6EeadiLQZy1-7DQ",
          "name": "sortOrder",
          "type": null,
          "probability": 1,
          "modifiers": [],
          "to_variable": {
            "key": "_70EhOmr6EeadiLQZy1-7DQ",
            "name": "sortOrder",
            "type": null,
            "modifiers": [],
            "position": {}
          },
          "position": {}
        }
      }
    },
    "parameters_to_parameters_data_clump-./WeatherProvider-_70D6TGr6EeadiLQZy1-7DQ-_70D6P2r6EeadiLQZy1-7DQ-uriprojectionsortOrder": {
      "type": "data_clump",
      "key": "parameters_to_parameters_data_clump-./WeatherProvider-_70D6TGr6EeadiLQZy1-7DQ-_70D6P2r6EeadiLQZy1-7DQ-uriprojectionsortOrder",
      "probability": 1,
      "from_file_path": "./WeatherProvider",
      "from_class_or_interface_name": "WeatherProvider",
      "from_class_or_interface_key": "_70D6Imr6EeadiLQZy1-7DQ",
      "from_method_name": "getWeatherByLocationSettingAndDate",
      "from_method_key": "_70D6TGr6EeadiLQZy1-7DQ",
      "to_file_path": "./WeatherProvider",
      "to_class_or_interface_name": "WeatherProvider",
      "to_class_or_interface_key": "_70D6Imr6EeadiLQZy1-7DQ",
      "to_method_name": "getWeatherByLocationSetting",
      "to_method_key": "_70D6P2r6EeadiLQZy1-7DQ",
      "data_clump_type": "parameters_to_parameters_data_clump",
      "data_clump_data": {
        "_70EhEmr6EeadiLQZy1-7DQ": {
          "key": "_70EhEmr6EeadiLQZy1-7DQ",
          "name": "uri",
          "type": null,
          "probability": 1,
          "modifiers": [],
          "to_variable": {
            "key": "_70D6Q2r6EeadiLQZy1-7DQ",
            "name": "uri",
            "type": null,
            "modifiers": [],
            "position": {}
          },
          "position": {}
        },
        "_70EhFWr6EeadiLQZy1-7DQ": {
          "key": "_70EhFWr6EeadiLQZy1-7DQ",
          "name": "projection",
          "type": null,
          "probability": 1,
          "modifiers": [],
          "to_variable": {
            "key": "_70D6Rmr6EeadiLQZy1-7DQ",
            "name": "projection",
            "type": null,
            "modifiers": [],
            "position": {}
          },
          "position": {}
        },
        "_70EhGGr6EeadiLQZy1-7DQ": {
          "key": "_70EhGGr6EeadiLQZy1-7DQ",
          "name": "sortOrder",
          "type": null,
          "probability": 1,
          "modifiers": [],
          "to_variable": {
            "key": "_70D6SWr6EeadiLQZy1-7DQ",
            "name": "sortOrder",
            "type": null,
            "modifiers": [],
            "position": {}
          },
          "position": {}
        }
      }
    },
    "parameters_to_parameters_data_clump-./WeatherProvider-_70D6TGr6EeadiLQZy1-7DQ-_70EhKmr6EeadiLQZy1-7DQ-uriprojectionsortOrder": {
      "type": "data_clump",
      "key": "parameters_to_parameters_data_clump-./WeatherProvider-_70D6TGr6EeadiLQZy1-7DQ-_70EhKmr6EeadiLQZy1-7DQ-uriprojectionsortOrder",
      "probability": 1,
      "from_file_path": "./WeatherProvider",
      "from_class_or_interface_name": "WeatherProvider",
      "from_class_or_interface_key": "_70D6Imr6EeadiLQZy1-7DQ",
      "from_method_name": "getWeatherByLocationSettingAndDate",
      "from_method_key": "_70D6TGr6EeadiLQZy1-7DQ",
      "to_file_path": "./WeatherProvider",
      "to_class_or_interface_name": "WeatherProvider",
      "to_class_or_interface_key": "_70D6Imr6EeadiLQZy1-7DQ",
      "to_method_name": "query",
      "to_method_key": "_70EhKmr6EeadiLQZy1-7DQ",
      "data_clump_type": "parameters_to_parameters_data_clump",
      "data_clump_data": {
        "_70EhEmr6EeadiLQZy1-7DQ": {
          "key": "_70EhEmr6EeadiLQZy1-7DQ",
          "name": "uri",
          "type": null,
          "probability": 1,
          "modifiers": [],
          "to_variable": {
            "key": "_70EhLmr6EeadiLQZy1-7DQ",
            "name": "uri",
            "type": null,
            "modifiers": [],
            "position": {}
          },
          "position": {}
        },
        "_70EhFWr6EeadiLQZy1-7DQ": {
          "key": "_70EhFWr6EeadiLQZy1-7DQ",
          "name": "projection",
          "type": null,
          "probability": 1,
          "modifiers": [],
          "to_variable": {
            "key": "_70EhMWr6EeadiLQZy1-7DQ",
            "name": "projection",
            "type": null,
            "modifiers": [],
            "position": {}
          },
          "position": {}
        },
        "_70EhGGr6EeadiLQZy1-7DQ": {
          "key": "_70EhGGr6EeadiLQZy1-7DQ",
          "name": "sortOrder",
          "type": null,
          "probability": 1,
          "modifiers": [],
          "to_variable": {
            "key": "_70EhOmr6EeadiLQZy1-7DQ",
            "name": "sortOrder",
            "type": null,
            "modifiers": [],
            "position": {}
          },
          "position": {}
        }
      }
    },
    "parameters_to_parameters_data_clump-./WeatherProvider-_70EhKmr6EeadiLQZy1-7DQ-_70D6P2r6EeadiLQZy1-7DQ-uriprojectionsortOrder": {
      "type": "data_clump",
      "key": "parameters_to_parameters_data_clump-./WeatherProvider-_70EhKmr6EeadiLQZy1-7DQ-_70D6P2r6EeadiLQZy1-7DQ-uriprojectionsortOrder",
      "probability": 1,
      "from_file_path": "./WeatherProvider",
      "from_class_or_interface_name": "WeatherProvider",
      "from_class_or_interface_key": "_70D6Imr6EeadiLQZy1-7DQ",
      "from_method_name": "query",
      "from_method_key": "_70EhKmr6EeadiLQZy1-7DQ",
      "to_file_path": "./WeatherProvider",
      "to_class_or_interface_name": "WeatherProvider",
      "to_class_or_interface_key": "_70D6Imr6EeadiLQZy1-7DQ",
      "to_method_name": "getWeatherByLocationSetting",
      "to_method_key": "_70D6P2r6EeadiLQZy1-7DQ",
      "data_clump_type": "parameters_to_parameters_data_clump",
      "data_clump_data": {
        "_70EhLmr6EeadiLQZy1-7DQ": {
          "key": "_70EhLmr6EeadiLQZy1-7DQ",
          "name": "uri",
          "type": null,
          "probability": 1,
          "modifiers": [],
          "to_variable": {
            "key": "_70D6Q2r6EeadiLQZy1-7DQ",
            "name": "uri",
            "type": null,
            "modifiers": [],
            "position": {}
          },
          "position": {}
        },
        "_70EhMWr6EeadiLQZy1-7DQ": {
          "key": "_70EhMWr6EeadiLQZy1-7DQ",
          "name": "projection",
          "type": null,
          "probability": 1,
          "modifiers": [],
          "to_variable": {
            "key": "_70D6Rmr6EeadiLQZy1-7DQ",
            "name": "projection",
            "type": null,
            "modifiers": [],
            "position": {}
          },
          "position": {}
        },
        "_70EhOmr6EeadiLQZy1-7DQ": {
          "key": "_70EhOmr6EeadiLQZy1-7DQ",
          "name": "sortOrder",
          "type": null,
          "probability": 1,
          "modifiers": [],
          "to_variable": {
            "key": "_70D6SWr6EeadiLQZy1-7DQ",
            "name": "sortOrder",
            "type": null,
            "modifiers": [],
            "position": {}
          },
          "position": {}
        }
      }
    },
    "parameters_to_parameters_data_clump-./WeatherProvider-_70EhKmr6EeadiLQZy1-7DQ-_70D6TGr6EeadiLQZy1-7DQ-uriprojectionsortOrder": {
      "type": "data_clump",
      "key": "parameters_to_parameters_data_clump-./WeatherProvider-_70EhKmr6EeadiLQZy1-7DQ-_70D6TGr6EeadiLQZy1-7DQ-uriprojectionsortOrder",
      "probability": 1,
      "from_file_path": "./WeatherProvider",
      "from_class_or_interface_name": "WeatherProvider",
      "from_class_or_interface_key": "_70D6Imr6EeadiLQZy1-7DQ",
      "from_method_name": "query",
      "from_method_key": "_70EhKmr6EeadiLQZy1-7DQ",
      "to_file_path": "./WeatherProvider",
      "to_class_or_interface_name": "WeatherProvider",
      "to_class_or_interface_key": "_70D6Imr6EeadiLQZy1-7DQ",
      "to_method_name": "getWeatherByLocationSettingAndDate",
      "to_method_key": "_70D6TGr6EeadiLQZy1-7DQ",
      "data_clump_type": "parameters_to_parameters_data_clump",
      "data_clump_data": {
        "_70EhLmr6EeadiLQZy1-7DQ": {
          "key": "_70EhLmr6EeadiLQZy1-7DQ",
          "name": "uri",
          "type": null,
          "probability": 1,
          "modifiers": [],
          "to_variable": {
            "key": "_70EhEmr6EeadiLQZy1-7DQ",
            "name": "uri",
            "type": null,
            "modifiers": [],
            "position": {}
          },
          "position": {}
        },
        "_70EhMWr6EeadiLQZy1-7DQ": {
          "key": "_70EhMWr6EeadiLQZy1-7DQ",
          "name": "projection",
          "type": null,
          "probability": 1,
          "modifiers": [],
          "to_variable": {
            "key": "_70EhFWr6EeadiLQZy1-7DQ",
            "name": "projection",
            "type": null,
            "modifiers": [],
            "position": {}
          },
          "position": {}
        },
        "_70EhOmr6EeadiLQZy1-7DQ": {
          "key": "_70EhOmr6EeadiLQZy1-7DQ",
          "name": "sortOrder",
          "type": null,
          "probability": 1,
          "modifiers": [],
          "to_variable": {
            "key": "_70EhGGr6EeadiLQZy1-7DQ",
            "name": "sortOrder",
            "type": null,
            "modifiers": [],
            "position": {}
          },
          "position": {}
        }
      }
    },
    "parameters_to_parameters_data_clump-./WeatherProvider-_70EhKmr6EeadiLQZy1-7DQ-_70EhR2r6EeadiLQZy1-7DQ-uriselectionselectionArgs": {
      "type": "data_clump",
      "key": "parameters_to_parameters_data_clump-./WeatherProvider-_70EhKmr6EeadiLQZy1-7DQ-_70EhR2r6EeadiLQZy1-7DQ-uriselectionselectionArgs",
      "probability": 1,
      "from_file_path": "./WeatherProvider",
      "from_class_or_interface_name": "WeatherProvider",
      "from_class_or_interface_key": "_70D6Imr6EeadiLQZy1-7DQ",
      "from_method_name": "query",
      "from_method_key": "_70EhKmr6EeadiLQZy1-7DQ",
      "to_file_path": "./WeatherProvider",
      "to_class_or_interface_name": "WeatherProvider",
      "to_class_or_interface_key": "_70D6Imr6EeadiLQZy1-7DQ",
      "to_method_name": "delete",
      "to_method_key": "_70EhR2r6EeadiLQZy1-7DQ",
      "data_clump_type": "parameters_to_parameters_data_clump",
      "data_clump_data": {
        "_70EhLmr6EeadiLQZy1-7DQ": {
          "key": "_70EhLmr6EeadiLQZy1-7DQ",
          "name": "uri",
          "type": null,
          "probability": 1,
          "modifiers": [],
          "to_variable": {
            "key": "_70EhS2r6EeadiLQZy1-7DQ",
            "name": "uri",
            "type": null,
            "modifiers": [],
            "position": {}
          },
          "position": {}
        },
        "_70EhNGr6EeadiLQZy1-7DQ": {
          "key": "_70EhNGr6EeadiLQZy1-7DQ",
          "name": "selection",
          "type": null,
          "probability": 1,
          "modifiers": [],
          "to_variable": {
            "key": "_70EhTmr6EeadiLQZy1-7DQ",
            "name": "selection",
            "type": null,
            "modifiers": [],
            "position": {}
          },
          "position": {}
        },
        "_70EhN2r6EeadiLQZy1-7DQ": {
          "key": "_70EhN2r6EeadiLQZy1-7DQ",
          "name": "selectionArgs",
          "type": null,
          "probability": 1,
          "modifiers": [],
          "to_variable": {
            "key": "_70EhUWr6EeadiLQZy1-7DQ",
            "name": "selectionArgs",
            "type": null,
            "modifiers": [],
            "position": {}
          },
          "position": {}
        }
      }
    },
    "parameters_to_parameters_data_clump-./WeatherProvider-_70EhKmr6EeadiLQZy1-7DQ-_70EhWWr6EeadiLQZy1-7DQ-uriselectionselectionArgs": {
      "type": "data_clump",
      "key": "parameters_to_parameters_data_clump-./WeatherProvider-_70EhKmr6EeadiLQZy1-7DQ-_70EhWWr6EeadiLQZy1-7DQ-uriselectionselectionArgs",
      "probability": 1,
      "from_file_path": "./WeatherProvider",
      "from_class_or_interface_name": "WeatherProvider",
      "from_class_or_interface_key": "_70D6Imr6EeadiLQZy1-7DQ",
      "from_method_name": "query",
      "from_method_key": "_70EhKmr6EeadiLQZy1-7DQ",
      "to_file_path": "./WeatherProvider",
      "to_class_or_interface_name": "WeatherProvider",
      "to_class_or_interface_key": "_70D6Imr6EeadiLQZy1-7DQ",
      "to_method_name": "update",
      "to_method_key": "_70EhWWr6EeadiLQZy1-7DQ",
      "data_clump_type": "parameters_to_parameters_data_clump",
      "data_clump_data": {
        "_70EhLmr6EeadiLQZy1-7DQ": {
          "key": "_70EhLmr6EeadiLQZy1-7DQ",
          "name": "uri",
          "type": null,
          "probability": 1,
          "modifiers": [],
          "to_variable": {
            "key": "_70EhXWr6EeadiLQZy1-7DQ",
            "name": "uri",
            "type": null,
            "modifiers": [],
            "position": {}
          },
          "position": {}
        },
        "_70EhNGr6EeadiLQZy1-7DQ": {
          "key": "_70EhNGr6EeadiLQZy1-7DQ",
          "name": "selection",
          "type": null,
          "probability": 1,
          "modifiers": [],
          "to_variable": {
            "key": "_70FIJWr6EeadiLQZy1-7DQ",
            "name": "selection",
            "type": null,
            "modifiers": [],
            "position": {}
          },
          "position": {}
        },
        "_70EhN2r6EeadiLQZy1-7DQ": {
          "key": "_70EhN2r6EeadiLQZy1-7DQ",
          "name": "selectionArgs",
          "type": null,
          "probability": 1,
          "modifiers": [],
          "to_variable": {
            "key": "_70FIKGr6EeadiLQZy1-7DQ",
            "name": "selectionArgs",
            "type": null,
            "modifiers": [],
            "position": {}
          },
          "position": {}
        }
      }
    },
    "parameters_to_parameters_data_clump-./WeatherProvider-_70EhR2r6EeadiLQZy1-7DQ-_70EhKmr6EeadiLQZy1-7DQ-uriselectionselectionArgs": {
      "type": "data_clump",
      "key": "parameters_to_parameters_data_clump-./WeatherProvider-_70EhR2r6EeadiLQZy1-7DQ-_70EhKmr6EeadiLQZy1-7DQ-uriselectionselectionArgs",
      "probability": 1,
      "from_file_path": "./WeatherProvider",
      "from_class_or_interface_name": "WeatherProvider",
      "from_class_or_interface_key": "_70D6Imr6EeadiLQZy1-7DQ",
      "from_method_name": "delete",
      "from_method_key": "_70EhR2r6EeadiLQZy1-7DQ",
      "to_file_path": "./WeatherProvider",
      "to_class_or_interface_name": "WeatherProvider",
      "to_class_or_interface_key": "_70D6Imr6EeadiLQZy1-7DQ",
      "to_method_name": "query",
      "to_method_key": "_70EhKmr6EeadiLQZy1-7DQ",
      "data_clump_type": "parameters_to_parameters_data_clump",
      "data_clump_data": {
        "_70EhS2r6EeadiLQZy1-7DQ": {
          "key": "_70EhS2r6EeadiLQZy1-7DQ",
          "name": "uri",
          "type": null,
          "probability": 1,
          "modifiers": [],
          "to_variable": {
            "key": "_70EhLmr6EeadiLQZy1-7DQ",
            "name": "uri",
            "type": null,
            "modifiers": [],
            "position": {}
          },
          "position": {}
        },
        "_70EhTmr6EeadiLQZy1-7DQ": {
          "key": "_70EhTmr6EeadiLQZy1-7DQ",
          "name": "selection",
          "type": null,
          "probability": 1,
          "modifiers": [],
          "to_variable": {
            "key": "_70EhNGr6EeadiLQZy1-7DQ",
            "name": "selection",
            "type": null,
            "modifiers": [],
            "position": {}
          },
          "position": {}
        },
        "_70EhUWr6EeadiLQZy1-7DQ": {
          "key": "_70EhUWr6EeadiLQZy1-7DQ",
          "name": "selectionArgs",
          "type": null,
          "probability": 1,
          "modifiers": [],
          "to_variable": {
            "key": "_70EhN2r6EeadiLQZy1-7DQ",
            "name": "selectionArgs",
            "type": null,
            "modifiers": [],
            "position": {}
          },
          "position": {}
        }
      }
    },
    "parameters_to_parameters_data_clump-./WeatherProvider-_70EhR2r6EeadiLQZy1-7DQ-_70EhWWr6EeadiLQZy1-7DQ-uriselectionselectionArgs": {
      "type": "data_clump",
      "key": "parameters_to_parameters_data_clump-./WeatherProvider-_70EhR2r6EeadiLQZy1-7DQ-_70EhWWr6EeadiLQZy1-7DQ-uriselectionselectionArgs",
      "probability": 1,
      "from_file_path": "./WeatherProvider",
      "from_class_or_interface_name": "WeatherProvider",
      "from_class_or_interface_key": "_70D6Imr6EeadiLQZy1-7DQ",
      "from_method_name": "delete",
      "from_method_key": "_70EhR2r6EeadiLQZy1-7DQ",
      "to_file_path": "./WeatherProvider",
      "to_class_or_interface_name": "WeatherProvider",
      "to_class_or_interface_key": "_70D6Imr6EeadiLQZy1-7DQ",
      "to_method_name": "update",
      "to_method_key": "_70EhWWr6EeadiLQZy1-7DQ",
      "data_clump_type": "parameters_to_parameters_data_clump",
      "data_clump_data": {
        "_70EhS2r6EeadiLQZy1-7DQ": {
          "key": "_70EhS2r6EeadiLQZy1-7DQ",
          "name": "uri",
          "type": null,
          "probability": 1,
          "modifiers": [],
          "to_variable": {
            "key": "_70EhXWr6EeadiLQZy1-7DQ",
            "name": "uri",
            "type": null,
            "modifiers": [],
            "position": {}
          },
          "position": {}
        },
        "_70EhTmr6EeadiLQZy1-7DQ": {
          "key": "_70EhTmr6EeadiLQZy1-7DQ",
          "name": "selection",
          "type": null,
          "probability": 1,
          "modifiers": [],
          "to_variable": {
            "key": "_70FIJWr6EeadiLQZy1-7DQ",
            "name": "selection",
            "type": null,
            "modifiers": [],
            "position": {}
          },
          "position": {}
        },
        "_70EhUWr6EeadiLQZy1-7DQ": {
          "key": "_70EhUWr6EeadiLQZy1-7DQ",
          "name": "selectionArgs",
          "type": null,
          "probability": 1,
          "modifiers": [],
          "to_variable": {
            "key": "_70FIKGr6EeadiLQZy1-7DQ",
            "name": "selectionArgs",
            "type": null,
            "modifiers": [],
            "position": {}
          },
          "position": {}
        }
      }
    },
    "parameters_to_parameters_data_clump-./WeatherProvider-_70EhWWr6EeadiLQZy1-7DQ-_70EhKmr6EeadiLQZy1-7DQ-uriselectionselectionArgs": {
      "type": "data_clump",
      "key": "parameters_to_parameters_data_clump-./WeatherProvider-_70EhWWr6EeadiLQZy1-7DQ-_70EhKmr6EeadiLQZy1-7DQ-uriselectionselectionArgs",
      "probability": 1,
      "from_file_path": "./WeatherProvider",
      "from_class_or_interface_name": "WeatherProvider",
      "from_class_or_interface_key": "_70D6Imr6EeadiLQZy1-7DQ",
      "from_method_name": "update",
      "from_method_key": "_70EhWWr6EeadiLQZy1-7DQ",
      "to_file_path": "./WeatherProvider",
      "to_class_or_interface_name": "WeatherProvider",
      "to_class_or_interface_key": "_70D6Imr6EeadiLQZy1-7DQ",
      "to_method_name": "query",
      "to_method_key": "_70EhKmr6EeadiLQZy1-7DQ",
      "data_clump_type": "parameters_to_parameters_data_clump",
      "data_clump_data": {
        "_70EhXWr6EeadiLQZy1-7DQ": {
          "key": "_70EhXWr6EeadiLQZy1-7DQ",
          "name": "uri",
          "type": null,
          "probability": 1,
          "modifiers": [],
          "to_variable": {
            "key": "_70EhLmr6EeadiLQZy1-7DQ",
            "name": "uri",
            "type": null,
            "modifiers": [],
            "position": {}
          },
          "position": {}
        },
        "_70FIJWr6EeadiLQZy1-7DQ": {
          "key": "_70FIJWr6EeadiLQZy1-7DQ",
          "name": "selection",
          "type": null,
          "probability": 1,
          "modifiers": [],
          "to_variable": {
            "key": "_70EhNGr6EeadiLQZy1-7DQ",
            "name": "selection",
            "type": null,
            "modifiers": [],
            "position": {}
          },
          "position": {}
        },
        "_70FIKGr6EeadiLQZy1-7DQ": {
          "key": "_70FIKGr6EeadiLQZy1-7DQ",
          "name": "selectionArgs",
          "type": null,
          "probability": 1,
          "modifiers": [],
          "to_variable": {
            "key": "_70EhN2r6EeadiLQZy1-7DQ",
            "name": "selectionArgs",
            "type": null,
            "modifiers": [],
            "position": {}
          },
          "position": {}
        }
      }
    },
    "parameters_to_parameters_data_clump-./WeatherProvider-_70EhWWr6EeadiLQZy1-7DQ-_70EhR2r6EeadiLQZy1-7DQ-uriselectionselectionArgs": {
      "type": "data_clump",
      "key": "parameters_to_parameters_data_clump-./WeatherProvider-_70EhWWr6EeadiLQZy1-7DQ-_70EhR2r6EeadiLQZy1-7DQ-uriselectionselectionArgs",
      "probability": 1,
      "from_file_path": "./WeatherProvider",
      "from_class_or_interface_name": "WeatherProvider",
      "from_class_or_interface_key": "_70D6Imr6EeadiLQZy1-7DQ",
      "from_method_name": "update",
      "from_method_key": "_70EhWWr6EeadiLQZy1-7DQ",
      "to_file_path": "./WeatherProvider",
      "to_class_or_interface_name": "WeatherProvider",
      "to_class_or_interface_key": "_70D6Imr6EeadiLQZy1-7DQ",
      "to_method_name": "delete",
      "to_method_key": "_70EhR2r6EeadiLQZy1-7DQ",
      "data_clump_type": "parameters_to_parameters_data_clump",
      "data_clump_data": {
        "_70EhXWr6EeadiLQZy1-7DQ": {
          "key": "_70EhXWr6EeadiLQZy1-7DQ",
          "name": "uri",
          "type": null,
          "probability": 1,
          "modifiers": [],
          "to_variable": {
            "key": "_70EhS2r6EeadiLQZy1-7DQ",
            "name": "uri",
            "type": null,
            "modifiers": [],
            "position": {}
          },
          "position": {}
        },
        "_70FIJWr6EeadiLQZy1-7DQ": {
          "key": "_70FIJWr6EeadiLQZy1-7DQ",
          "name": "selection",
          "type": null,
          "probability": 1,
          "modifiers": [],
          "to_variable": {
            "key": "_70EhTmr6EeadiLQZy1-7DQ",
            "name": "selection",
            "type": null,
            "modifiers": [],
            "position": {}
          },
          "position": {}
        },
        "_70FIKGr6EeadiLQZy1-7DQ": {
          "key": "_70FIKGr6EeadiLQZy1-7DQ",
          "name": "selectionArgs",
          "type": null,
          "probability": 1,
          "modifiers": [],
          "to_variable": {
            "key": "_70EhUWr6EeadiLQZy1-7DQ",
            "name": "selectionArgs",
            "type": null,
            "modifiers": [],
            "position": {}
          },
          "position": {}
        }
      }
    }
  }
}