{
  "report_version": "unknown",
  "report_timestamp": "2025-03-26T22:33:00.813Z",
  "target_language": "java",
  "report_summary": {
    "additional": null,
    "amount_classes_or_interfaces_with_data_clumps": 3,
    "amount_files_with_data_clumps": 3,
    "amount_methods_with_data_clumps": 0,
    "fields_to_fields_data_clump": 6,
    "parameters_to_fields_data_clump": 0,
    "parameters_to_parameters_data_clump": 0,
    "amount_data_clumps": 6
  },
  "project_info": {
    "project_url": "unknown_project_url",
    "project_name": "_pYbBwBDVEeepM-R8YBkuKA",
    "project_version": "unknown_project_version",
    "project_commit_hash": "unknown",
    "project_tag": null,
    "project_commit_date": null,
    "additional": {},
    "number_of_files": 14,
    "number_of_classes_or_interfaces": 14,
    "number_of_methods": 66,
    "number_of_data_fields": 41,
    "number_of_method_parameters": 0
  },
  "detector": {
    "name": "data-clumps-doctor",
    "url": "https://github.com/NilsBaumgartner1994/data-clumps-doctor",
    "version": "0.1.100",
    "options": {
      "typeVariablesConsidered": false,
      "similarityModifierOfVariablesWithUnknownType": 0,
      "fieldsOfClassesWithUnknownHierarchyProbabilityModifier": 0,
      "sharedFieldsToFieldsAmountMinimum": 3,
      "analyseFieldsInClassesOrInterfacesInheritedFromSuperClassesOrInterfaces": false,
      "sharedParametersToParametersAmountMinimum": 3,
      "sharedParametersToFieldsAmountMinimum": 3,
      "methodsOfClassesOrInterfacesWithUnknownHierarchyProbabilityModifier": 0
    }
  },
  "data_clumps": {
    "fields_to_fields_data_clump-./Incendio-_a2PMkPMGEDSW949nFJLBEw-_cfK5QPMGEDSW949nFJLBEw-idlatlonfecha_inicio": {
      "type": "data_clump",
      "key": "fields_to_fields_data_clump-./Incendio-_a2PMkPMGEDSW949nFJLBEw-_cfK5QPMGEDSW949nFJLBEw-idlatlonfecha_inicio",
      "probability": 1,
      "from_file_path": "./Incendio",
      "from_class_or_interface_name": "Incendio",
      "from_class_or_interface_key": "_a2PMkPMGEDSW949nFJLBEw",
      "from_method_name": null,
      "from_method_key": null,
      "to_file_path": "./Meteorologia",
      "to_class_or_interface_key": "_cfK5QPMGEDSW949nFJLBEw",
      "to_class_or_interface_name": "Incendio",
      "to_method_key": null,
      "to_method_name": null,
      "data_clump_type": "fields_to_fields_data_clump",
      "data_clump_data": {
        "_dAUCAPMHEDSW949nFJLBEw": {
          "key": "_dAUCAPMHEDSW949nFJLBEw",
          "name": "id",
          "type": null,
          "probability": 1,
          "modifiers": [
            "public"
          ],
          "to_variable": {
            "key": "_wjTggPMHEDSW949nFJLBEw",
            "name": "id",
            "type": null,
            "modifiers": [
              "public"
            ],
            "position": {}
          },
          "position": {}
        },
        "_djPv8PMHEDSW949nFJLBEw": {
          "key": "_djPv8PMHEDSW949nFJLBEw",
          "name": "lat",
          "type": null,
          "probability": 1,
          "modifiers": [
            "public"
          ],
          "to_variable": {
            "key": "_xVDGgPMHEDSW949nFJLBEw",
            "name": "lat",
            "type": null,
            "modifiers": [
              "public"
            ],
            "position": {}
          },
          "position": {}
        },
        "_dngk4PMHEDSW949nFJLBEw": {
          "key": "_dngk4PMHEDSW949nFJLBEw",
          "name": "lon",
          "type": null,
          "probability": 1,
          "modifiers": [
            "public"
          ],
          "to_variable": {
            "key": "_6Re2APMHEDSW949nFJLBEw",
            "name": "lon",
            "type": null,
            "modifiers": [
              "public"
            ],
            "position": {}
          },
          "position": {}
        },
        "_dxckAPMHEDSW949nFJLBEw": {
          "key": "_dxckAPMHEDSW949nFJLBEw",
          "name": "fecha_inicio",
          "type": null,
          "probability": 1,
          "modifiers": [
            "public"
          ],
          "to_variable": {
            "key": "_w7xq4PMHEDSW949nFJLBEw",
            "name": "fecha_inicio",
            "type": null,
            "modifiers": [
              "public"
            ],
            "position": {}
          },
          "position": {}
        }
      }
    },
    "fields_to_fields_data_clump-./Incendio-_a2PMkPMGEDSW949nFJLBEw-_dtDBoPMGEDSW949nFJLBEw-idlatlon": {
      "type": "data_clump",
      "key": "fields_to_fields_data_clump-./Incendio-_a2PMkPMGEDSW949nFJLBEw-_dtDBoPMGEDSW949nFJLBEw-idlatlon",
      "probability": 1,
      "from_file_path": "./Incendio",
      "from_class_or_interface_name": "Incendio",
      "from_class_or_interface_key": "_a2PMkPMGEDSW949nFJLBEw",
      "from_method_name": null,
      "from_method_key": null,
      "to_file_path": "./Recurso",
      "to_class_or_interface_key": "_dtDBoPMGEDSW949nFJLBEw",
      "to_class_or_interface_name": "Incendio",
      "to_method_key": null,
      "to_method_name": null,
      "data_clump_type": "fields_to_fields_data_clump",
      "data_clump_data": {
        "_dAUCAPMHEDSW949nFJLBEw": {
          "key": "_dAUCAPMHEDSW949nFJLBEw",
          "name": "id",
          "type": null,
          "probability": 1,
          "modifiers": [
            "public"
          ],
          "to_variable": {
            "key": "_kgfO4PMHEDSW949nFJLBEw",
            "name": "id",
            "type": null,
            "modifiers": [
              "public"
            ],
            "position": {}
          },
          "position": {}
        },
        "_djPv8PMHEDSW949nFJLBEw": {
          "key": "_djPv8PMHEDSW949nFJLBEw",
          "name": "lat",
          "type": null,
          "probability": 1,
          "modifiers": [
            "public"
          ],
          "to_variable": {
            "key": "_lC2VEPMHEDSW949nFJLBEw",
            "name": "lat",
            "type": null,
            "modifiers": [
              "public"
            ],
            "position": {}
          },
          "position": {}
        },
        "_dngk4PMHEDSW949nFJLBEw": {
          "key": "_dngk4PMHEDSW949nFJLBEw",
          "name": "lon",
          "type": null,
          "probability": 1,
          "modifiers": [
            "public"
          ],
          "to_variable": {
            "key": "_lHrKsPMHEDSW949nFJLBEw",
            "name": "lon",
            "type": null,
            "modifiers": [
              "public"
            ],
            "position": {}
          },
          "position": {}
        }
      }
    },
    "fields_to_fields_data_clump-./Meteorologia-_cfK5QPMGEDSW949nFJLBEw-_a2PMkPMGEDSW949nFJLBEw-idfecha_iniciolatlon": {
      "type": "data_clump",
      "key": "fields_to_fields_data_clump-./Meteorologia-_cfK5QPMGEDSW949nFJLBEw-_a2PMkPMGEDSW949nFJLBEw-idfecha_iniciolatlon",
      "probability": 1,
      "from_file_path": "./Meteorologia",
      "from_class_or_interface_name": "Meteorologia",
      "from_class_or_interface_key": "_cfK5QPMGEDSW949nFJLBEw",
      "from_method_name": null,
      "from_method_key": null,
      "to_file_path": "./Incendio",
      "to_class_or_interface_key": "_a2PMkPMGEDSW949nFJLBEw",
      "to_class_or_interface_name": "Meteorologia",
      "to_method_key": null,
      "to_method_name": null,
      "data_clump_type": "fields_to_fields_data_clump",
      "data_clump_data": {
        "_wjTggPMHEDSW949nFJLBEw": {
          "key": "_wjTggPMHEDSW949nFJLBEw",
          "name": "id",
          "type": null,
          "probability": 1,
          "modifiers": [
            "public"
          ],
          "to_variable": {
            "key": "_dAUCAPMHEDSW949nFJLBEw",
            "name": "id",
            "type": null,
            "modifiers": [
              "public"
            ],
            "position": {}
          },
          "position": {}
        },
        "_w7xq4PMHEDSW949nFJLBEw": {
          "key": "_w7xq4PMHEDSW949nFJLBEw",
          "name": "fecha_inicio",
          "type": null,
          "probability": 1,
          "modifiers": [
            "public"
          ],
          "to_variable": {
            "key": "_dxckAPMHEDSW949nFJLBEw",
            "name": "fecha_inicio",
            "type": null,
            "modifiers": [
              "public"
            ],
            "position": {}
          },
          "position": {}
        },
        "_xVDGgPMHEDSW949nFJLBEw": {
          "key": "_xVDGgPMHEDSW949nFJLBEw",
          "name": "lat",
          "type": null,
          "probability": 1,
          "modifiers": [
            "public"
          ],
          "to_variable": {
            "key": "_djPv8PMHEDSW949nFJLBEw",
            "name": "lat",
            "type": null,
            "modifiers": [
              "public"
            ],
            "position": {}
          },
          "position": {}
        },
        "_6Re2APMHEDSW949nFJLBEw": {
          "key": "_6Re2APMHEDSW949nFJLBEw",
          "name": "lon",
          "type": null,
          "probability": 1,
          "modifiers": [
            "public"
          ],
          "to_variable": {
            "key": "_dngk4PMHEDSW949nFJLBEw",
            "name": "lon",
            "type": null,
            "modifiers": [
              "public"
            ],
            "position": {}
          },
          "position": {}
        }
      }
    },
    "fields_to_fields_data_clump-./Meteorologia-_cfK5QPMGEDSW949nFJLBEw-_dtDBoPMGEDSW949nFJLBEw-idtipolatlon": {
      "type": "data_clump",
      "key": "fields_to_fields_data_clump-./Meteorologia-_cfK5QPMGEDSW949nFJLBEw-_dtDBoPMGEDSW949nFJLBEw-idtipolatlon",
      "probability": 1,
      "from_file_path": "./Meteorologia",
      "from_class_or_interface_name": "Meteorologia",
      "from_class_or_interface_key": "_cfK5QPMGEDSW949nFJLBEw",
      "from_method_name": null,
      "from_method_key": null,
      "to_file_path": "./Recurso",
      "to_class_or_interface_key": "_dtDBoPMGEDSW949nFJLBEw",
      "to_class_or_interface_name": "Meteorologia",
      "to_method_key": null,
      "to_method_name": null,
      "data_clump_type": "fields_to_fields_data_clump",
      "data_clump_data": {
        "_wjTggPMHEDSW949nFJLBEw": {
          "key": "_wjTggPMHEDSW949nFJLBEw",
          "name": "id",
          "type": null,
          "probability": 1,
          "modifiers": [
            "public"
          ],
          "to_variable": {
            "key": "_kgfO4PMHEDSW949nFJLBEw",
            "name": "id",
            "type": null,
            "modifiers": [
              "public"
            ],
            "position": {}
          },
          "position": {}
        },
        "_xOP68PMHEDSW949nFJLBEw": {
          "key": "_xOP68PMHEDSW949nFJLBEw",
          "name": "tipo",
          "type": null,
          "probability": 1,
          "modifiers": [
            "public"
          ],
          "to_variable": {
            "key": "_k2iXYPMHEDSW949nFJLBEw",
            "name": "tipo",
            "type": null,
            "modifiers": [
              "public"
            ],
            "position": {}
          },
          "position": {}
        },
        "_xVDGgPMHEDSW949nFJLBEw": {
          "key": "_xVDGgPMHEDSW949nFJLBEw",
          "name": "lat",
          "type": null,
          "probability": 1,
          "modifiers": [
            "public"
          ],
          "to_variable": {
            "key": "_lC2VEPMHEDSW949nFJLBEw",
            "name": "lat",
            "type": null,
            "modifiers": [
              "public"
            ],
            "position": {}
          },
          "position": {}
        },
        "_6Re2APMHEDSW949nFJLBEw": {
          "key": "_6Re2APMHEDSW949nFJLBEw",
          "name": "lon",
          "type": null,
          "probability": 1,
          "modifiers": [
            "public"
          ],
          "to_variable": {
            "key": "_lHrKsPMHEDSW949nFJLBEw",
            "name": "lon",
            "type": null,
            "modifiers": [
              "public"
            ],
            "position": {}
          },
          "position": {}
        }
      }
    },
    "fields_to_fields_data_clump-./Recurso-_dtDBoPMGEDSW949nFJLBEw-_a2PMkPMGEDSW949nFJLBEw-idlatlon": {
      "type": "data_clump",
      "key": "fields_to_fields_data_clump-./Recurso-_dtDBoPMGEDSW949nFJLBEw-_a2PMkPMGEDSW949nFJLBEw-idlatlon",
      "probability": 1,
      "from_file_path": "./Recurso",
      "from_class_or_interface_name": "Recurso",
      "from_class_or_interface_key": "_dtDBoPMGEDSW949nFJLBEw",
      "from_method_name": null,
      "from_method_key": null,
      "to_file_path": "./Incendio",
      "to_class_or_interface_key": "_a2PMkPMGEDSW949nFJLBEw",
      "to_class_or_interface_name": "Recurso",
      "to_method_key": null,
      "to_method_name": null,
      "data_clump_type": "fields_to_fields_data_clump",
      "data_clump_data": {
        "_kgfO4PMHEDSW949nFJLBEw": {
          "key": "_kgfO4PMHEDSW949nFJLBEw",
          "name": "id",
          "type": null,
          "probability": 1,
          "modifiers": [
            "public"
          ],
          "to_variable": {
            "key": "_dAUCAPMHEDSW949nFJLBEw",
            "name": "id",
            "type": null,
            "modifiers": [
              "public"
            ],
            "position": {}
          },
          "position": {}
        },
        "_lC2VEPMHEDSW949nFJLBEw": {
          "key": "_lC2VEPMHEDSW949nFJLBEw",
          "name": "lat",
          "type": null,
          "probability": 1,
          "modifiers": [
            "public"
          ],
          "to_variable": {
            "key": "_djPv8PMHEDSW949nFJLBEw",
            "name": "lat",
            "type": null,
            "modifiers": [
              "public"
            ],
            "position": {}
          },
          "position": {}
        },
        "_lHrKsPMHEDSW949nFJLBEw": {
          "key": "_lHrKsPMHEDSW949nFJLBEw",
          "name": "lon",
          "type": null,
          "probability": 1,
          "modifiers": [
            "public"
          ],
          "to_variable": {
            "key": "_dngk4PMHEDSW949nFJLBEw",
            "name": "lon",
            "type": null,
            "modifiers": [
              "public"
            ],
            "position": {}
          },
          "position": {}
        }
      }
    },
    "fields_to_fields_data_clump-./Recurso-_dtDBoPMGEDSW949nFJLBEw-_cfK5QPMGEDSW949nFJLBEw-idtipolatlon": {
      "type": "data_clump",
      "key": "fields_to_fields_data_clump-./Recurso-_dtDBoPMGEDSW949nFJLBEw-_cfK5QPMGEDSW949nFJLBEw-idtipolatlon",
      "probability": 1,
      "from_file_path": "./Recurso",
      "from_class_or_interface_name": "Recurso",
      "from_class_or_interface_key": "_dtDBoPMGEDSW949nFJLBEw",
      "from_method_name": null,
      "from_method_key": null,
      "to_file_path": "./Meteorologia",
      "to_class_or_interface_key": "_cfK5QPMGEDSW949nFJLBEw",
      "to_class_or_interface_name": "Recurso",
      "to_method_key": null,
      "to_method_name": null,
      "data_clump_type": "fields_to_fields_data_clump",
      "data_clump_data": {
        "_kgfO4PMHEDSW949nFJLBEw": {
          "key": "_kgfO4PMHEDSW949nFJLBEw",
          "name": "id",
          "type": null,
          "probability": 1,
          "modifiers": [
            "public"
          ],
          "to_variable": {
            "key": "_wjTggPMHEDSW949nFJLBEw",
            "name": "id",
            "type": null,
            "modifiers": [
              "public"
            ],
            "position": {}
          },
          "position": {}
        },
        "_k2iXYPMHEDSW949nFJLBEw": {
          "key": "_k2iXYPMHEDSW949nFJLBEw",
          "name": "tipo",
          "type": null,
          "probability": 1,
          "modifiers": [
            "public"
          ],
          "to_variable": {
            "key": "_xOP68PMHEDSW949nFJLBEw",
            "name": "tipo",
            "type": null,
            "modifiers": [
              "public"
            ],
            "position": {}
          },
          "position": {}
        },
        "_lC2VEPMHEDSW949nFJLBEw": {
          "key": "_lC2VEPMHEDSW949nFJLBEw",
          "name": "lat",
          "type": null,
          "probability": 1,
          "modifiers": [
            "public"
          ],
          "to_variable": {
            "key": "_xVDGgPMHEDSW949nFJLBEw",
            "name": "lat",
            "type": null,
            "modifiers": [
              "public"
            ],
            "position": {}
          },
          "position": {}
        },
        "_lHrKsPMHEDSW949nFJLBEw": {
          "key": "_lHrKsPMHEDSW949nFJLBEw",
          "name": "lon",
          "type": null,
          "probability": 1,
          "modifiers": [
            "public"
          ],
          "to_variable": {
            "key": "_6Re2APMHEDSW949nFJLBEw",
            "name": "lon",
            "type": null,
            "modifiers": [
              "public"
            ],
            "position": {}
          },
          "position": {}
        }
      }
    }
  }
}