{
  "report_version": "unknown",
  "report_timestamp": "2025-03-26T22:32:21.612Z",
  "target_language": "java",
  "report_summary": {
    "additional": null,
    "amount_classes_or_interfaces_with_data_clumps": 2,
    "amount_files_with_data_clumps": 2,
    "amount_methods_with_data_clumps": 0,
    "fields_to_fields_data_clump": 2,
    "parameters_to_fields_data_clump": 0,
    "parameters_to_parameters_data_clump": 0,
    "amount_data_clumps": 2
  },
  "project_info": {
    "project_url": "unknown_project_url",
    "project_name": "_ntt7cLpWEeuARqq-icHx7Q",
    "project_version": "unknown_project_version",
    "project_commit_hash": "unknown",
    "project_tag": null,
    "project_commit_date": null,
    "additional": {},
    "number_of_files": 7,
    "number_of_classes_or_interfaces": 7,
    "number_of_methods": 12,
    "number_of_data_fields": 26,
    "number_of_method_parameters": 0
  },
  "detector": {
    "name": "data-clumps-doctor",
    "url": "https://github.com/NilsBaumgartner1994/data-clumps-doctor",
    "version": "0.1.100",
    "options": {
      "typeVariablesConsidered": false,
      "similarityModifierOfVariablesWithUnknownType": 0,
      "fieldsOfClassesWithUnknownHierarchyProbabilityModifier": 0,
      "sharedFieldsToFieldsAmountMinimum": 3,
      "analyseFieldsInClassesOrInterfacesInheritedFromSuperClassesOrInterfaces": false,
      "sharedParametersToParametersAmountMinimum": 3,
      "sharedParametersToFieldsAmountMinimum": 3,
      "methodsOfClassesOrInterfacesWithUnknownHierarchyProbabilityModifier": 0
    }
  },
  "data_clumps": {
    "fields_to_fields_data_clump-./RimGesture-_UmzBsJyFEDmmWcc8uTIpVA-_9h47oJyEEDmmWcc8uTIpVA-frameverticaldistancethresholddistance": {
      "type": "data_clump",
      "key": "fields_to_fields_data_clump-./RimGesture-_UmzBsJyFEDmmWcc8uTIpVA-_9h47oJyEEDmmWcc8uTIpVA-frameverticaldistancethresholddistance",
      "probability": 1,
      "from_file_path": "./RimGesture",
      "from_class_or_interface_name": "RimGesture",
      "from_class_or_interface_key": "_UmzBsJyFEDmmWcc8uTIpVA",
      "from_method_name": null,
      "from_method_key": null,
      "to_file_path": "./WatchGesture",
      "to_class_or_interface_key": "_9h47oJyEEDmmWcc8uTIpVA",
      "to_class_or_interface_name": "RimGesture",
      "to_method_key": null,
      "to_method_name": null,
      "data_clump_type": "fields_to_fields_data_clump",
      "data_clump_data": {
        "_W4q9sZyFEDmmWcc8uTIpVA": {
          "key": "_W4q9sZyFEDmmWcc8uTIpVA",
          "name": "frame",
          "type": null,
          "probability": 1,
          "modifiers": [
            "public"
          ],
          "to_variable": {
            "key": "_BPeAoZyFEDmmWcc8uTIpVA",
            "name": "frame",
            "type": null,
            "modifiers": [
              "public"
            ],
            "position": {}
          },
          "position": {}
        },
        "_b4a1MJyFEDmmWcc8uTIpVA": {
          "key": "_b4a1MJyFEDmmWcc8uTIpVA",
          "name": "verticaldistance",
          "type": null,
          "probability": 1,
          "modifiers": [
            "public"
          ],
          "to_variable": {
            "key": "_IGxPoZyFEDmmWcc8uTIpVA",
            "name": "verticaldistance",
            "type": null,
            "modifiers": [
              "public"
            ],
            "position": {}
          },
          "position": {}
        },
        "_ejeGMJyFEDmmWcc8uTIpVA": {
          "key": "_ejeGMJyFEDmmWcc8uTIpVA",
          "name": "thresholddistance",
          "type": null,
          "probability": 1,
          "modifiers": [
            "public"
          ],
          "to_variable": {
            "key": "_KwJssJyFEDmmWcc8uTIpVA",
            "name": "thresholddistance",
            "type": null,
            "modifiers": [
              "public"
            ],
            "position": {}
          },
          "position": {}
        }
      }
    },
    "fields_to_fields_data_clump-./WatchGesture-_9h47oJyEEDmmWcc8uTIpVA-_UmzBsJyFEDmmWcc8uTIpVA-frameverticaldistancethresholddistance": {
      "type": "data_clump",
      "key": "fields_to_fields_data_clump-./WatchGesture-_9h47oJyEEDmmWcc8uTIpVA-_UmzBsJyFEDmmWcc8uTIpVA-frameverticaldistancethresholddistance",
      "probability": 1,
      "from_file_path": "./WatchGesture",
      "from_class_or_interface_name": "WatchGesture",
      "from_class_or_interface_key": "_9h47oJyEEDmmWcc8uTIpVA",
      "from_method_name": null,
      "from_method_key": null,
      "to_file_path": "./RimGesture",
      "to_class_or_interface_key": "_UmzBsJyFEDmmWcc8uTIpVA",
      "to_class_or_interface_name": "WatchGesture",
      "to_method_key": null,
      "to_method_name": null,
      "data_clump_type": "fields_to_fields_data_clump",
      "data_clump_data": {
        "_BPeAoZyFEDmmWcc8uTIpVA": {
          "key": "_BPeAoZyFEDmmWcc8uTIpVA",
          "name": "frame",
          "type": null,
          "probability": 1,
          "modifiers": [
            "public"
          ],
          "to_variable": {
            "key": "_W4q9sZyFEDmmWcc8uTIpVA",
            "name": "frame",
            "type": null,
            "modifiers": [
              "public"
            ],
            "position": {}
          },
          "position": {}
        },
        "_IGxPoZyFEDmmWcc8uTIpVA": {
          "key": "_IGxPoZyFEDmmWcc8uTIpVA",
          "name": "verticaldistance",
          "type": null,
          "probability": 1,
          "modifiers": [
            "public"
          ],
          "to_variable": {
            "key": "_b4a1MJyFEDmmWcc8uTIpVA",
            "name": "verticaldistance",
            "type": null,
            "modifiers": [
              "public"
            ],
            "position": {}
          },
          "position": {}
        },
        "_KwJssJyFEDmmWcc8uTIpVA": {
          "key": "_KwJssJyFEDmmWcc8uTIpVA",
          "name": "thresholddistance",
          "type": null,
          "probability": 1,
          "modifiers": [
            "public"
          ],
          "to_variable": {
            "key": "_ejeGMJyFEDmmWcc8uTIpVA",
            "name": "thresholddistance",
            "type": null,
            "modifiers": [
              "public"
            ],
            "position": {}
          },
          "position": {}
        }
      }
    }
  }
}