{
  "report_version": "unknown",
  "report_timestamp": "2025-03-26T22:28:02.097Z",
  "target_language": "java",
  "report_summary": {
    "additional": null,
    "amount_classes_or_interfaces_with_data_clumps": 2,
    "amount_files_with_data_clumps": 2,
    "amount_methods_with_data_clumps": 0,
    "fields_to_fields_data_clump": 2,
    "parameters_to_fields_data_clump": 0,
    "parameters_to_parameters_data_clump": 0,
    "amount_data_clumps": 2
  },
  "project_info": {
    "project_url": "unknown_project_url",
    "project_name": "721e14d3-4e31-4420-be72-8a8d2f7506b2",
    "project_version": "unknown_project_version",
    "project_commit_hash": "unknown",
    "project_tag": null,
    "project_commit_date": null,
    "additional": {},
    "number_of_files": 7,
    "number_of_classes_or_interfaces": 7,
    "number_of_methods": 52,
    "number_of_data_fields": 29,
    "number_of_method_parameters": 24
  },
  "detector": {
    "name": "data-clumps-doctor",
    "url": "https://github.com/NilsBaumgartner1994/data-clumps-doctor",
    "version": "0.1.100",
    "options": {
      "typeVariablesConsidered": false,
      "similarityModifierOfVariablesWithUnknownType": 0,
      "fieldsOfClassesWithUnknownHierarchyProbabilityModifier": 0,
      "sharedFieldsToFieldsAmountMinimum": 3,
      "analyseFieldsInClassesOrInterfacesInheritedFromSuperClassesOrInterfaces": false,
      "sharedParametersToParametersAmountMinimum": 3,
      "sharedParametersToFieldsAmountMinimum": 3,
      "methodsOfClassesOrInterfacesWithUnknownHierarchyProbabilityModifier": 0
    }
  },
  "data_clumps": {
    "fields_to_fields_data_clump-./Certifications-__RHDYMojEDS0tMOc-cwj-g-_HrZBML8lEDS8GOKP7hh9sQ-identitledcourse": {
      "type": "data_clump",
      "key": "fields_to_fields_data_clump-./Certifications-__RHDYMojEDS0tMOc-cwj-g-_HrZBML8lEDS8GOKP7hh9sQ-identitledcourse",
      "probability": 1,
      "from_file_path": "./Certifications",
      "from_class_or_interface_name": "Certifications",
      "from_class_or_interface_key": "__RHDYMojEDS0tMOc-cwj-g",
      "from_method_name": null,
      "from_method_key": null,
      "to_file_path": "./DOCUMENTS",
      "to_class_or_interface_key": "_HrZBML8lEDS8GOKP7hh9sQ",
      "to_class_or_interface_name": "Certifications",
      "to_method_key": null,
      "to_method_name": null,
      "data_clump_type": "fields_to_fields_data_clump",
      "data_clump_data": {
        "_CbSgYMokEDS0tMOc-cwj-g": {
          "key": "_CbSgYMokEDS0tMOc-cwj-g",
          "name": "id",
          "type": null,
          "probability": 1,
          "modifiers": [
            "private"
          ],
          "to_variable": {
            "key": "_FFlKIMopEDS0tMOc-cwj-g",
            "name": "id",
            "type": null,
            "modifiers": [
              "private"
            ],
            "position": {}
          },
          "position": {}
        },
        "_DrkcgMokEDS0tMOc-cwj-g": {
          "key": "_DrkcgMokEDS0tMOc-cwj-g",
          "name": "entitled",
          "type": null,
          "probability": 1,
          "modifiers": [
            "private"
          ],
          "to_variable": {
            "key": "_GKVywMopEDS0tMOc-cwj-g",
            "name": "entitled",
            "type": null,
            "modifiers": [
              "private"
            ],
            "position": {}
          },
          "position": {}
        },
        "_BhmigMooEDS0tMOc-cwj-g": {
          "key": "_BhmigMooEDS0tMOc-cwj-g",
          "name": "course",
          "type": null,
          "probability": 1,
          "modifiers": [
            "private"
          ],
          "to_variable": {
            "key": "_I7PNEMopEDS0tMOc-cwj-g",
            "name": "course",
            "type": null,
            "modifiers": [
              "private"
            ],
            "position": {}
          },
          "position": {}
        }
      }
    },
    "fields_to_fields_data_clump-./DOCUMENTS-_HrZBML8lEDS8GOKP7hh9sQ-__RHDYMojEDS0tMOc-cwj-g-identitledcourse": {
      "type": "data_clump",
      "key": "fields_to_fields_data_clump-./DOCUMENTS-_HrZBML8lEDS8GOKP7hh9sQ-__RHDYMojEDS0tMOc-cwj-g-identitledcourse",
      "probability": 1,
      "from_file_path": "./DOCUMENTS",
      "from_class_or_interface_name": "DOCUMENTS",
      "from_class_or_interface_key": "_HrZBML8lEDS8GOKP7hh9sQ",
      "from_method_name": null,
      "from_method_key": null,
      "to_file_path": "./Certifications",
      "to_class_or_interface_key": "__RHDYMojEDS0tMOc-cwj-g",
      "to_class_or_interface_name": "DOCUMENTS",
      "to_method_key": null,
      "to_method_name": null,
      "data_clump_type": "fields_to_fields_data_clump",
      "data_clump_data": {
        "_FFlKIMopEDS0tMOc-cwj-g": {
          "key": "_FFlKIMopEDS0tMOc-cwj-g",
          "name": "id",
          "type": null,
          "probability": 1,
          "modifiers": [
            "private"
          ],
          "to_variable": {
            "key": "_CbSgYMokEDS0tMOc-cwj-g",
            "name": "id",
            "type": null,
            "modifiers": [
              "private"
            ],
            "position": {}
          },
          "position": {}
        },
        "_GKVywMopEDS0tMOc-cwj-g": {
          "key": "_GKVywMopEDS0tMOc-cwj-g",
          "name": "entitled",
          "type": null,
          "probability": 1,
          "modifiers": [
            "private"
          ],
          "to_variable": {
            "key": "_DrkcgMokEDS0tMOc-cwj-g",
            "name": "entitled",
            "type": null,
            "modifiers": [
              "private"
            ],
            "position": {}
          },
          "position": {}
        },
        "_I7PNEMopEDS0tMOc-cwj-g": {
          "key": "_I7PNEMopEDS0tMOc-cwj-g",
          "name": "course",
          "type": null,
          "probability": 1,
          "modifiers": [
            "private"
          ],
          "to_variable": {
            "key": "_BhmigMooEDS0tMOc-cwj-g",
            "name": "course",
            "type": null,
            "modifiers": [
              "private"
            ],
            "position": {}
          },
          "position": {}
        }
      }
    }
  }
}