{
  "report_version": "unknown",
  "report_timestamp": "2025-03-26T22:38:23.593Z",
  "target_language": "java",
  "report_summary": {
    "additional": null,
    "amount_classes_or_interfaces_with_data_clumps": 2,
    "amount_files_with_data_clumps": 2,
    "amount_methods_with_data_clumps": 0,
    "fields_to_fields_data_clump": 2,
    "parameters_to_fields_data_clump": 0,
    "parameters_to_parameters_data_clump": 0,
    "amount_data_clumps": 2
  },
  "project_info": {
    "project_url": "unknown_project_url",
    "project_name": "_36i1QEcgEeavkcsFwndrbA",
    "project_version": "unknown_project_version",
    "project_commit_hash": "unknown",
    "project_tag": null,
    "project_commit_date": null,
    "additional": {},
    "number_of_files": 14,
    "number_of_classes_or_interfaces": 14,
    "number_of_methods": 0,
    "number_of_data_fields": 28,
    "number_of_method_parameters": 0
  },
  "detector": {
    "name": "data-clumps-doctor",
    "url": "https://github.com/NilsBaumgartner1994/data-clumps-doctor",
    "version": "0.1.100",
    "options": {
      "typeVariablesConsidered": false,
      "similarityModifierOfVariablesWithUnknownType": 0,
      "fieldsOfClassesWithUnknownHierarchyProbabilityModifier": 0,
      "sharedFieldsToFieldsAmountMinimum": 3,
      "analyseFieldsInClassesOrInterfacesInheritedFromSuperClassesOrInterfaces": false,
      "sharedParametersToParametersAmountMinimum": 3,
      "sharedParametersToFieldsAmountMinimum": 3,
      "methodsOfClassesOrInterfacesWithUnknownHierarchyProbabilityModifier": 0
    }
  },
  "data_clumps": {
    "fields_to_fields_data_clump-./KDataObject_1-_foRHkCloEDSDhqRnxkJRkQ-_Vs1uUClqEDSDhqRnxkJRkQ-nametimeStarttimeLengthactive": {
      "type": "data_clump",
      "key": "fields_to_fields_data_clump-./KDataObject_1-_foRHkCloEDSDhqRnxkJRkQ-_Vs1uUClqEDSDhqRnxkJRkQ-nametimeStarttimeLengthactive",
      "probability": 1,
      "from_file_path": "./KDataObject_1",
      "from_class_or_interface_name": "KDataObject_1",
      "from_class_or_interface_key": "_foRHkCloEDSDhqRnxkJRkQ",
      "from_method_name": null,
      "from_method_key": null,
      "to_file_path": "./KDataObject_2",
      "to_class_or_interface_key": "_Vs1uUClqEDSDhqRnxkJRkQ",
      "to_class_or_interface_name": "KDataObject_1",
      "to_method_key": null,
      "to_method_name": null,
      "data_clump_type": "fields_to_fields_data_clump",
      "data_clump_data": {
        "_pkHFoCloEDSDhqRnxkJRkQ": {
          "key": "_pkHFoCloEDSDhqRnxkJRkQ",
          "name": "name",
          "type": null,
          "probability": 1,
          "modifiers": [
            "private"
          ],
          "to_variable": {
            "key": "_ezRR4ClrEDSDhqRnxkJRkQ",
            "name": "name",
            "type": null,
            "modifiers": [
              "private"
            ],
            "position": {}
          },
          "position": {}
        },
        "_q0-3oCloEDSDhqRnxkJRkQ": {
          "key": "_q0-3oCloEDSDhqRnxkJRkQ",
          "name": "timeStart",
          "type": null,
          "probability": 1,
          "modifiers": [
            "private"
          ],
          "to_variable": {
            "key": "_ggQ_MClrEDSDhqRnxkJRkQ",
            "name": "timeStart",
            "type": null,
            "modifiers": [
              "private"
            ],
            "position": {}
          },
          "position": {}
        },
        "_sRIskCloEDSDhqRnxkJRkQ": {
          "key": "_sRIskCloEDSDhqRnxkJRkQ",
          "name": "timeLength",
          "type": null,
          "probability": 1,
          "modifiers": [
            "private"
          ],
          "to_variable": {
            "key": "_iCtpYClrEDSDhqRnxkJRkQ",
            "name": "timeLength",
            "type": null,
            "modifiers": [
              "private"
            ],
            "position": {}
          },
          "position": {}
        },
        "_tkE7ICloEDSDhqRnxkJRkQ": {
          "key": "_tkE7ICloEDSDhqRnxkJRkQ",
          "name": "active",
          "type": null,
          "probability": 1,
          "modifiers": [
            "private"
          ],
          "to_variable": {
            "key": "_lLKoEClrEDSDhqRnxkJRkQ",
            "name": "active",
            "type": null,
            "modifiers": [
              "private"
            ],
            "position": {}
          },
          "position": {}
        }
      }
    },
    "fields_to_fields_data_clump-./KDataObject_2-_Vs1uUClqEDSDhqRnxkJRkQ-_foRHkCloEDSDhqRnxkJRkQ-nametimeStarttimeLengthactive": {
      "type": "data_clump",
      "key": "fields_to_fields_data_clump-./KDataObject_2-_Vs1uUClqEDSDhqRnxkJRkQ-_foRHkCloEDSDhqRnxkJRkQ-nametimeStarttimeLengthactive",
      "probability": 1,
      "from_file_path": "./KDataObject_2",
      "from_class_or_interface_name": "KDataObject_2",
      "from_class_or_interface_key": "_Vs1uUClqEDSDhqRnxkJRkQ",
      "from_method_name": null,
      "from_method_key": null,
      "to_file_path": "./KDataObject_1",
      "to_class_or_interface_key": "_foRHkCloEDSDhqRnxkJRkQ",
      "to_class_or_interface_name": "KDataObject_2",
      "to_method_key": null,
      "to_method_name": null,
      "data_clump_type": "fields_to_fields_data_clump",
      "data_clump_data": {
        "_ezRR4ClrEDSDhqRnxkJRkQ": {
          "key": "_ezRR4ClrEDSDhqRnxkJRkQ",
          "name": "name",
          "type": null,
          "probability": 1,
          "modifiers": [
            "private"
          ],
          "to_variable": {
            "key": "_pkHFoCloEDSDhqRnxkJRkQ",
            "name": "name",
            "type": null,
            "modifiers": [
              "private"
            ],
            "position": {}
          },
          "position": {}
        },
        "_ggQ_MClrEDSDhqRnxkJRkQ": {
          "key": "_ggQ_MClrEDSDhqRnxkJRkQ",
          "name": "timeStart",
          "type": null,
          "probability": 1,
          "modifiers": [
            "private"
          ],
          "to_variable": {
            "key": "_q0-3oCloEDSDhqRnxkJRkQ",
            "name": "timeStart",
            "type": null,
            "modifiers": [
              "private"
            ],
            "position": {}
          },
          "position": {}
        },
        "_iCtpYClrEDSDhqRnxkJRkQ": {
          "key": "_iCtpYClrEDSDhqRnxkJRkQ",
          "name": "timeLength",
          "type": null,
          "probability": 1,
          "modifiers": [
            "private"
          ],
          "to_variable": {
            "key": "_sRIskCloEDSDhqRnxkJRkQ",
            "name": "timeLength",
            "type": null,
            "modifiers": [
              "private"
            ],
            "position": {}
          },
          "position": {}
        },
        "_lLKoEClrEDSDhqRnxkJRkQ": {
          "key": "_lLKoEClrEDSDhqRnxkJRkQ",
          "name": "active",
          "type": null,
          "probability": 1,
          "modifiers": [
            "private"
          ],
          "to_variable": {
            "key": "_tkE7ICloEDSDhqRnxkJRkQ",
            "name": "active",
            "type": null,
            "modifiers": [
              "private"
            ],
            "position": {}
          },
          "position": {}
        }
      }
    }
  }
}