{
  "report_version": "unknown",
  "report_timestamp": "2025-03-26T23:02:13.597Z",
  "target_language": "java",
  "report_summary": {
    "additional": null,
    "amount_classes_or_interfaces_with_data_clumps": 2,
    "amount_files_with_data_clumps": 2,
    "amount_methods_with_data_clumps": 0,
    "fields_to_fields_data_clump": 2,
    "parameters_to_fields_data_clump": 0,
    "parameters_to_parameters_data_clump": 0,
    "amount_data_clumps": 2
  },
  "project_info": {
    "project_url": "unknown_project_url",
    "project_name": "_mX6gwA33Ee64eYTeKXp2Pw",
    "project_version": "unknown_project_version",
    "project_commit_hash": "unknown",
    "project_tag": null,
    "project_commit_date": null,
    "additional": {},
    "number_of_files": 10,
    "number_of_classes_or_interfaces": 10,
    "number_of_methods": 1,
    "number_of_data_fields": 39,
    "number_of_method_parameters": 2
  },
  "detector": {
    "name": "data-clumps-doctor",
    "url": "https://github.com/NilsBaumgartner1994/data-clumps-doctor",
    "version": "0.1.100",
    "options": {
      "typeVariablesConsidered": false,
      "similarityModifierOfVariablesWithUnknownType": 0,
      "fieldsOfClassesWithUnknownHierarchyProbabilityModifier": 0,
      "sharedFieldsToFieldsAmountMinimum": 3,
      "analyseFieldsInClassesOrInterfacesInheritedFromSuperClassesOrInterfaces": false,
      "sharedParametersToParametersAmountMinimum": 3,
      "sharedParametersToFieldsAmountMinimum": 3,
      "methodsOfClassesOrInterfacesWithUnknownHierarchyProbabilityModifier": 0
    }
  },
  "data_clumps": {
    "fields_to_fields_data_clump-./StavkaPorudzbine-_mYAoEg33Ee64eYTeKXp2Pw-_mYAoIA33Ee64eYTeKXp2Pw-IDProizvodIDDistributivniCentarIDKolicina": {
      "type": "data_clump",
      "key": "fields_to_fields_data_clump-./StavkaPorudzbine-_mYAoEg33Ee64eYTeKXp2Pw-_mYAoIA33Ee64eYTeKXp2Pw-IDProizvodIDDistributivniCentarIDKolicina",
      "probability": 1,
      "from_file_path": "./StavkaPorudzbine",
      "from_class_or_interface_name": "StavkaPorudzbine",
      "from_class_or_interface_key": "_mYAoEg33Ee64eYTeKXp2Pw",
      "from_method_name": null,
      "from_method_key": null,
      "to_file_path": "./Zalihe",
      "to_class_or_interface_key": "_mYAoIA33Ee64eYTeKXp2Pw",
      "to_class_or_interface_name": "StavkaPorudzbine",
      "to_method_key": null,
      "to_method_name": null,
      "data_clump_type": "fields_to_fields_data_clump",
      "data_clump_data": {
        "_mYAoFA33Ee64eYTeKXp2Pw": {
          "key": "_mYAoFA33Ee64eYTeKXp2Pw",
          "name": "ID",
          "type": null,
          "probability": 1,
          "modifiers": [
            "private"
          ],
          "to_variable": {
            "key": "_mYAoIQ33Ee64eYTeKXp2Pw",
            "name": "ID",
            "type": null,
            "modifiers": [
              "private"
            ],
            "position": {}
          },
          "position": {}
        },
        "_mYAoGA33Ee64eYTeKXp2Pw": {
          "key": "_mYAoGA33Ee64eYTeKXp2Pw",
          "name": "ProizvodID",
          "type": null,
          "probability": 1,
          "modifiers": [
            "private"
          ],
          "to_variable": {
            "key": "_mYAoIg33Ee64eYTeKXp2Pw",
            "name": "ProizvodID",
            "type": null,
            "modifiers": [
              "private"
            ],
            "position": {}
          },
          "position": {}
        },
        "_mYAoFg33Ee64eYTeKXp2Pw": {
          "key": "_mYAoFg33Ee64eYTeKXp2Pw",
          "name": "DistributivniCentarID",
          "type": null,
          "probability": 1,
          "modifiers": [
            "private"
          ],
          "to_variable": {
            "key": "_mYAoIw33Ee64eYTeKXp2Pw",
            "name": "DistributivniCentarID",
            "type": null,
            "modifiers": [
              "private"
            ],
            "position": {}
          },
          "position": {}
        },
        "_mYAoGw33Ee64eYTeKXp2Pw": {
          "key": "_mYAoGw33Ee64eYTeKXp2Pw",
          "name": "Kolicina",
          "type": null,
          "probability": 1,
          "modifiers": [
            "private"
          ],
          "to_variable": {
            "key": "_mYAoJA33Ee64eYTeKXp2Pw",
            "name": "Kolicina",
            "type": null,
            "modifiers": [
              "private"
            ],
            "position": {}
          },
          "position": {}
        }
      }
    },
    "fields_to_fields_data_clump-./Zalihe-_mYAoIA33Ee64eYTeKXp2Pw-_mYAoEg33Ee64eYTeKXp2Pw-IDProizvodIDDistributivniCentarIDKolicina": {
      "type": "data_clump",
      "key": "fields_to_fields_data_clump-./Zalihe-_mYAoIA33Ee64eYTeKXp2Pw-_mYAoEg33Ee64eYTeKXp2Pw-IDProizvodIDDistributivniCentarIDKolicina",
      "probability": 1,
      "from_file_path": "./Zalihe",
      "from_class_or_interface_name": "Zalihe",
      "from_class_or_interface_key": "_mYAoIA33Ee64eYTeKXp2Pw",
      "from_method_name": null,
      "from_method_key": null,
      "to_file_path": "./StavkaPorudzbine",
      "to_class_or_interface_key": "_mYAoEg33Ee64eYTeKXp2Pw",
      "to_class_or_interface_name": "Zalihe",
      "to_method_key": null,
      "to_method_name": null,
      "data_clump_type": "fields_to_fields_data_clump",
      "data_clump_data": {
        "_mYAoIQ33Ee64eYTeKXp2Pw": {
          "key": "_mYAoIQ33Ee64eYTeKXp2Pw",
          "name": "ID",
          "type": null,
          "probability": 1,
          "modifiers": [
            "private"
          ],
          "to_variable": {
            "key": "_mYAoFA33Ee64eYTeKXp2Pw",
            "name": "ID",
            "type": null,
            "modifiers": [
              "private"
            ],
            "position": {}
          },
          "position": {}
        },
        "_mYAoIg33Ee64eYTeKXp2Pw": {
          "key": "_mYAoIg33Ee64eYTeKXp2Pw",
          "name": "ProizvodID",
          "type": null,
          "probability": 1,
          "modifiers": [
            "private"
          ],
          "to_variable": {
            "key": "_mYAoGA33Ee64eYTeKXp2Pw",
            "name": "ProizvodID",
            "type": null,
            "modifiers": [
              "private"
            ],
            "position": {}
          },
          "position": {}
        },
        "_mYAoIw33Ee64eYTeKXp2Pw": {
          "key": "_mYAoIw33Ee64eYTeKXp2Pw",
          "name": "DistributivniCentarID",
          "type": null,
          "probability": 1,
          "modifiers": [
            "private"
          ],
          "to_variable": {
            "key": "_mYAoFg33Ee64eYTeKXp2Pw",
            "name": "DistributivniCentarID",
            "type": null,
            "modifiers": [
              "private"
            ],
            "position": {}
          },
          "position": {}
        },
        "_mYAoJA33Ee64eYTeKXp2Pw": {
          "key": "_mYAoJA33Ee64eYTeKXp2Pw",
          "name": "Kolicina",
          "type": null,
          "probability": 1,
          "modifiers": [
            "private"
          ],
          "to_variable": {
            "key": "_mYAoGw33Ee64eYTeKXp2Pw",
            "name": "Kolicina",
            "type": null,
            "modifiers": [
              "private"
            ],
            "position": {}
          },
          "position": {}
        }
      }
    }
  }
}