{
  "report_version": "unknown",
  "report_timestamp": "2025-03-26T22:52:50.921Z",
  "target_language": "java",
  "report_summary": {
    "additional": null,
    "amount_classes_or_interfaces_with_data_clumps": 3,
    "amount_files_with_data_clumps": 3,
    "amount_methods_with_data_clumps": 0,
    "fields_to_fields_data_clump": 4,
    "parameters_to_fields_data_clump": 0,
    "parameters_to_parameters_data_clump": 0,
    "amount_data_clumps": 4
  },
  "project_info": {
    "project_url": "unknown_project_url",
    "project_name": "dfe3ffab-5d7f-4f8d-8cd4-ec952eac2f66",
    "project_version": "unknown_project_version",
    "project_commit_hash": "unknown",
    "project_tag": null,
    "project_commit_date": null,
    "additional": {},
    "number_of_files": 6,
    "number_of_classes_or_interfaces": 6,
    "number_of_methods": 0,
    "number_of_data_fields": 33,
    "number_of_method_parameters": 0
  },
  "detector": {
    "name": "data-clumps-doctor",
    "url": "https://github.com/NilsBaumgartner1994/data-clumps-doctor",
    "version": "0.1.100",
    "options": {
      "typeVariablesConsidered": false,
      "similarityModifierOfVariablesWithUnknownType": 0,
      "fieldsOfClassesWithUnknownHierarchyProbabilityModifier": 0,
      "sharedFieldsToFieldsAmountMinimum": 3,
      "analyseFieldsInClassesOrInterfacesInheritedFromSuperClassesOrInterfaces": false,
      "sharedParametersToParametersAmountMinimum": 3,
      "sharedParametersToFieldsAmountMinimum": 3,
      "methodsOfClassesOrInterfacesWithUnknownHierarchyProbabilityModifier": 0
    }
  },
  "data_clumps": {
    "fields_to_fields_data_clump-./Doctor-_eQlvYHzSEDGuJ8uec8MqdQ-_XGeSEHzSEDGuJ8uec8MqdQ-AgePhoneName": {
      "type": "data_clump",
      "key": "fields_to_fields_data_clump-./Doctor-_eQlvYHzSEDGuJ8uec8MqdQ-_XGeSEHzSEDGuJ8uec8MqdQ-AgePhoneName",
      "probability": 1,
      "from_file_path": "./Doctor",
      "from_class_or_interface_name": "Doctor",
      "from_class_or_interface_key": "_eQlvYHzSEDGuJ8uec8MqdQ",
      "from_method_name": null,
      "from_method_key": null,
      "to_file_path": "./Patient",
      "to_class_or_interface_key": "_XGeSEHzSEDGuJ8uec8MqdQ",
      "to_class_or_interface_name": "Doctor",
      "to_method_key": null,
      "to_method_name": null,
      "data_clump_type": "fields_to_fields_data_clump",
      "data_clump_data": {
        "_W15NgHzUEDGuJ8uec8MqdQ": {
          "key": "_W15NgHzUEDGuJ8uec8MqdQ",
          "name": "Age",
          "type": null,
          "probability": 1,
          "modifiers": [],
          "to_variable": {
            "key": "_ftfyQHzSEDGuJ8uec8MqdQ",
            "name": "Age",
            "type": null,
            "modifiers": [],
            "position": {}
          },
          "position": {}
        },
        "_YMhpQHzUEDGuJ8uec8MqdQ": {
          "key": "_YMhpQHzUEDGuJ8uec8MqdQ",
          "name": "Phone",
          "type": null,
          "probability": 1,
          "modifiers": [],
          "to_variable": {
            "key": "_yM2CcHzSEDGuJ8uec8MqdQ",
            "name": "Phone",
            "type": null,
            "modifiers": [],
            "position": {}
          },
          "position": {}
        },
        "_ZHD-4HzUEDGuJ8uec8MqdQ": {
          "key": "_ZHD-4HzUEDGuJ8uec8MqdQ",
          "name": "Name",
          "type": null,
          "probability": 1,
          "modifiers": [],
          "to_variable": {
            "key": "_hK6ygHzSEDGuJ8uec8MqdQ",
            "name": "Name",
            "type": null,
            "modifiers": [],
            "position": {}
          },
          "position": {}
        }
      }
    },
    "fields_to_fields_data_clump-./InsuranceCarrier-_b1T_wHzSEDGuJ8uec8MqdQ-_XGeSEHzSEDGuJ8uec8MqdQ-NameAddressPhone": {
      "type": "data_clump",
      "key": "fields_to_fields_data_clump-./InsuranceCarrier-_b1T_wHzSEDGuJ8uec8MqdQ-_XGeSEHzSEDGuJ8uec8MqdQ-NameAddressPhone",
      "probability": 1,
      "from_file_path": "./InsuranceCarrier",
      "from_class_or_interface_name": "InsuranceCarrier",
      "from_class_or_interface_key": "_b1T_wHzSEDGuJ8uec8MqdQ",
      "from_method_name": null,
      "from_method_key": null,
      "to_file_path": "./Patient",
      "to_class_or_interface_key": "_XGeSEHzSEDGuJ8uec8MqdQ",
      "to_class_or_interface_name": "InsuranceCarrier",
      "to_method_key": null,
      "to_method_name": null,
      "data_clump_type": "fields_to_fields_data_clump",
      "data_clump_data": {
        "_TtzQoHzTEDGuJ8uec8MqdQ": {
          "key": "_TtzQoHzTEDGuJ8uec8MqdQ",
          "name": "Name",
          "type": null,
          "probability": 1,
          "modifiers": [],
          "to_variable": {
            "key": "_hK6ygHzSEDGuJ8uec8MqdQ",
            "name": "Name",
            "type": null,
            "modifiers": [],
            "position": {}
          },
          "position": {}
        },
        "_X9HwwHzTEDGuJ8uec8MqdQ": {
          "key": "_X9HwwHzTEDGuJ8uec8MqdQ",
          "name": "Address",
          "type": null,
          "probability": 1,
          "modifiers": [],
          "to_variable": {
            "key": "_w8t3UHzSEDGuJ8uec8MqdQ",
            "name": "Address",
            "type": null,
            "modifiers": [],
            "position": {}
          },
          "position": {}
        },
        "_awa-0HzTEDGuJ8uec8MqdQ": {
          "key": "_awa-0HzTEDGuJ8uec8MqdQ",
          "name": "Phone",
          "type": null,
          "probability": 1,
          "modifiers": [],
          "to_variable": {
            "key": "_yM2CcHzSEDGuJ8uec8MqdQ",
            "name": "Phone",
            "type": null,
            "modifiers": [],
            "position": {}
          },
          "position": {}
        }
      }
    },
    "fields_to_fields_data_clump-./Patient-_XGeSEHzSEDGuJ8uec8MqdQ-_eQlvYHzSEDGuJ8uec8MqdQ-AgeNamePhone": {
      "type": "data_clump",
      "key": "fields_to_fields_data_clump-./Patient-_XGeSEHzSEDGuJ8uec8MqdQ-_eQlvYHzSEDGuJ8uec8MqdQ-AgeNamePhone",
      "probability": 1,
      "from_file_path": "./Patient",
      "from_class_or_interface_name": "Patient",
      "from_class_or_interface_key": "_XGeSEHzSEDGuJ8uec8MqdQ",
      "from_method_name": null,
      "from_method_key": null,
      "to_file_path": "./Doctor",
      "to_class_or_interface_key": "_eQlvYHzSEDGuJ8uec8MqdQ",
      "to_class_or_interface_name": "Patient",
      "to_method_key": null,
      "to_method_name": null,
      "data_clump_type": "fields_to_fields_data_clump",
      "data_clump_data": {
        "_ftfyQHzSEDGuJ8uec8MqdQ": {
          "key": "_ftfyQHzSEDGuJ8uec8MqdQ",
          "name": "Age",
          "type": null,
          "probability": 1,
          "modifiers": [],
          "to_variable": {
            "key": "_W15NgHzUEDGuJ8uec8MqdQ",
            "name": "Age",
            "type": null,
            "modifiers": [],
            "position": {}
          },
          "position": {}
        },
        "_hK6ygHzSEDGuJ8uec8MqdQ": {
          "key": "_hK6ygHzSEDGuJ8uec8MqdQ",
          "name": "Name",
          "type": null,
          "probability": 1,
          "modifiers": [],
          "to_variable": {
            "key": "_ZHD-4HzUEDGuJ8uec8MqdQ",
            "name": "Name",
            "type": null,
            "modifiers": [],
            "position": {}
          },
          "position": {}
        },
        "_yM2CcHzSEDGuJ8uec8MqdQ": {
          "key": "_yM2CcHzSEDGuJ8uec8MqdQ",
          "name": "Phone",
          "type": null,
          "probability": 1,
          "modifiers": [],
          "to_variable": {
            "key": "_YMhpQHzUEDGuJ8uec8MqdQ",
            "name": "Phone",
            "type": null,
            "modifiers": [],
            "position": {}
          },
          "position": {}
        }
      }
    },
    "fields_to_fields_data_clump-./Patient-_XGeSEHzSEDGuJ8uec8MqdQ-_b1T_wHzSEDGuJ8uec8MqdQ-NameAddressPhone": {
      "type": "data_clump",
      "key": "fields_to_fields_data_clump-./Patient-_XGeSEHzSEDGuJ8uec8MqdQ-_b1T_wHzSEDGuJ8uec8MqdQ-NameAddressPhone",
      "probability": 1,
      "from_file_path": "./Patient",
      "from_class_or_interface_name": "Patient",
      "from_class_or_interface_key": "_XGeSEHzSEDGuJ8uec8MqdQ",
      "from_method_name": null,
      "from_method_key": null,
      "to_file_path": "./InsuranceCarrier",
      "to_class_or_interface_key": "_b1T_wHzSEDGuJ8uec8MqdQ",
      "to_class_or_interface_name": "Patient",
      "to_method_key": null,
      "to_method_name": null,
      "data_clump_type": "fields_to_fields_data_clump",
      "data_clump_data": {
        "_hK6ygHzSEDGuJ8uec8MqdQ": {
          "key": "_hK6ygHzSEDGuJ8uec8MqdQ",
          "name": "Name",
          "type": null,
          "probability": 1,
          "modifiers": [],
          "to_variable": {
            "key": "_TtzQoHzTEDGuJ8uec8MqdQ",
            "name": "Name",
            "type": null,
            "modifiers": [],
            "position": {}
          },
          "position": {}
        },
        "_w8t3UHzSEDGuJ8uec8MqdQ": {
          "key": "_w8t3UHzSEDGuJ8uec8MqdQ",
          "name": "Address",
          "type": null,
          "probability": 1,
          "modifiers": [],
          "to_variable": {
            "key": "_X9HwwHzTEDGuJ8uec8MqdQ",
            "name": "Address",
            "type": null,
            "modifiers": [],
            "position": {}
          },
          "position": {}
        },
        "_yM2CcHzSEDGuJ8uec8MqdQ": {
          "key": "_yM2CcHzSEDGuJ8uec8MqdQ",
          "name": "Phone",
          "type": null,
          "probability": 1,
          "modifiers": [],
          "to_variable": {
            "key": "_awa-0HzTEDGuJ8uec8MqdQ",
            "name": "Phone",
            "type": null,
            "modifiers": [],
            "position": {}
          },
          "position": {}
        }
      }
    }
  }
}