{
  "report_version": "unknown",
  "report_timestamp": "2025-03-26T23:04:21.176Z",
  "target_language": "java",
  "report_summary": {
    "additional": null,
    "amount_classes_or_interfaces_with_data_clumps": 2,
    "amount_files_with_data_clumps": 2,
    "amount_methods_with_data_clumps": 0,
    "fields_to_fields_data_clump": 2,
    "parameters_to_fields_data_clump": 0,
    "parameters_to_parameters_data_clump": 0,
    "amount_data_clumps": 2
  },
  "project_info": {
    "project_url": "unknown_project_url",
    "project_name": "_bLPNYEX_EeiOybRP6Wy3kg",
    "project_version": "unknown_project_version",
    "project_commit_hash": "unknown",
    "project_tag": null,
    "project_commit_date": null,
    "additional": {},
    "number_of_files": 5,
    "number_of_classes_or_interfaces": 5,
    "number_of_methods": 13,
    "number_of_data_fields": 55,
    "number_of_method_parameters": 0
  },
  "detector": {
    "name": "data-clumps-doctor",
    "url": "https://github.com/NilsBaumgartner1994/data-clumps-doctor",
    "version": "0.1.100",
    "options": {
      "typeVariablesConsidered": false,
      "similarityModifierOfVariablesWithUnknownType": 0,
      "fieldsOfClassesWithUnknownHierarchyProbabilityModifier": 0,
      "sharedFieldsToFieldsAmountMinimum": 3,
      "analyseFieldsInClassesOrInterfacesInheritedFromSuperClassesOrInterfaces": false,
      "sharedParametersToParametersAmountMinimum": 3,
      "sharedParametersToFieldsAmountMinimum": 3,
      "methodsOfClassesOrInterfacesWithUnknownHierarchyProbabilityModifier": 0
    }
  },
  "data_clumps": {
    "fields_to_fields_data_clump-./العميل-_Y0F5ECgtEDab462Z1xBFzg-_xAkOsSguEDab462Z1xBFzg-الرقمرقمالعميلالتاريخملاحظات": {
      "type": "data_clump",
      "key": "fields_to_fields_data_clump-./العميل-_Y0F5ECgtEDab462Z1xBFzg-_xAkOsSguEDab462Z1xBFzg-الرقمرقمالعميلالتاريخملاحظات",
      "probability": 1,
      "from_file_path": "./العميل",
      "from_class_or_interface_name": "العميل",
      "from_class_or_interface_key": "_Y0F5ECgtEDab462Z1xBFzg",
      "from_method_name": null,
      "from_method_key": null,
      "to_file_path": "./الفحصالآلي",
      "to_class_or_interface_key": "_xAkOsSguEDab462Z1xBFzg",
      "to_class_or_interface_name": "العميل",
      "to_method_key": null,
      "to_method_name": null,
      "data_clump_type": "fields_to_fields_data_clump",
      "data_clump_data": {
        "_dDEosCgyEDab462Z1xBFzg": {
          "key": "_dDEosCgyEDab462Z1xBFzg",
          "name": "الرقم",
          "type": null,
          "probability": 1,
          "modifiers": [
            "public"
          ],
          "to_variable": {
            "key": "_EKaQkCgzEDab462Z1xBFzg",
            "name": "الرقم",
            "type": null,
            "modifiers": [
              "public"
            ],
            "position": {}
          },
          "position": {}
        },
        "_eAyOISgyEDab462Z1xBFzg": {
          "key": "_eAyOISgyEDab462Z1xBFzg",
          "name": "رقمالعميل",
          "type": null,
          "probability": 1,
          "modifiers": [
            "public"
          ],
          "to_variable": {
            "key": "_FQdSoCgzEDab462Z1xBFzg",
            "name": "رقمالعميل",
            "type": null,
            "modifiers": [
              "public"
            ],
            "position": {}
          },
          "position": {}
        },
        "_xMTSsSgwEDab462Z1xBFzg": {
          "key": "_xMTSsSgwEDab462Z1xBFzg",
          "name": "التاريخ",
          "type": null,
          "probability": 1,
          "modifiers": [
            "public"
          ],
          "to_variable": {
            "key": "_IJdgESgzEDab462Z1xBFzg",
            "name": "التاريخ",
            "type": null,
            "modifiers": [
              "public"
            ],
            "position": {}
          },
          "position": {}
        },
        "_ly0nESgyEDab462Z1xBFzg": {
          "key": "_ly0nESgyEDab462Z1xBFzg",
          "name": "ملاحظات",
          "type": null,
          "probability": 1,
          "modifiers": [
            "public"
          ],
          "to_variable": {
            "key": "_lNsO0Sg0EDab462Z1xBFzg",
            "name": "ملاحظات",
            "type": null,
            "modifiers": [
              "public"
            ],
            "position": {}
          },
          "position": {}
        }
      }
    },
    "fields_to_fields_data_clump-./الفحصالآلي-_xAkOsSguEDab462Z1xBFzg-_Y0F5ECgtEDab462Z1xBFzg-الرقمرقمالعميلالتاريخملاحظات": {
      "type": "data_clump",
      "key": "fields_to_fields_data_clump-./الفحصالآلي-_xAkOsSguEDab462Z1xBFzg-_Y0F5ECgtEDab462Z1xBFzg-الرقمرقمالعميلالتاريخملاحظات",
      "probability": 1,
      "from_file_path": "./الفحصالآلي",
      "from_class_or_interface_name": "الفحصالآلي",
      "from_class_or_interface_key": "_xAkOsSguEDab462Z1xBFzg",
      "from_method_name": null,
      "from_method_key": null,
      "to_file_path": "./العميل",
      "to_class_or_interface_key": "_Y0F5ECgtEDab462Z1xBFzg",
      "to_class_or_interface_name": "الفحصالآلي",
      "to_method_key": null,
      "to_method_name": null,
      "data_clump_type": "fields_to_fields_data_clump",
      "data_clump_data": {
        "_EKaQkCgzEDab462Z1xBFzg": {
          "key": "_EKaQkCgzEDab462Z1xBFzg",
          "name": "الرقم",
          "type": null,
          "probability": 1,
          "modifiers": [
            "public"
          ],
          "to_variable": {
            "key": "_dDEosCgyEDab462Z1xBFzg",
            "name": "الرقم",
            "type": null,
            "modifiers": [
              "public"
            ],
            "position": {}
          },
          "position": {}
        },
        "_FQdSoCgzEDab462Z1xBFzg": {
          "key": "_FQdSoCgzEDab462Z1xBFzg",
          "name": "رقمالعميل",
          "type": null,
          "probability": 1,
          "modifiers": [
            "public"
          ],
          "to_variable": {
            "key": "_eAyOISgyEDab462Z1xBFzg",
            "name": "رقمالعميل",
            "type": null,
            "modifiers": [
              "public"
            ],
            "position": {}
          },
          "position": {}
        },
        "_IJdgESgzEDab462Z1xBFzg": {
          "key": "_IJdgESgzEDab462Z1xBFzg",
          "name": "التاريخ",
          "type": null,
          "probability": 1,
          "modifiers": [
            "public"
          ],
          "to_variable": {
            "key": "_xMTSsSgwEDab462Z1xBFzg",
            "name": "التاريخ",
            "type": null,
            "modifiers": [
              "public"
            ],
            "position": {}
          },
          "position": {}
        },
        "_lNsO0Sg0EDab462Z1xBFzg": {
          "key": "_lNsO0Sg0EDab462Z1xBFzg",
          "name": "ملاحظات",
          "type": null,
          "probability": 1,
          "modifiers": [
            "public"
          ],
          "to_variable": {
            "key": "_ly0nESgyEDab462Z1xBFzg",
            "name": "ملاحظات",
            "type": null,
            "modifiers": [
              "public"
            ],
            "position": {}
          },
          "position": {}
        }
      }
    }
  }
}