{
  "report_version": "unknown",
  "report_timestamp": "2025-03-26T23:09:01.563Z",
  "target_language": "java",
  "report_summary": {
    "additional": null,
    "amount_classes_or_interfaces_with_data_clumps": 3,
    "amount_files_with_data_clumps": 3,
    "amount_methods_with_data_clumps": 6,
    "fields_to_fields_data_clump": 6,
    "parameters_to_fields_data_clump": 0,
    "parameters_to_parameters_data_clump": 12,
    "amount_data_clumps": 18
  },
  "project_info": {
    "project_url": "unknown_project_url",
    "project_name": "4a7e5a85-0d9f-4e93-bc6c-b43f7ff6bcf3",
    "project_version": "unknown_project_version",
    "project_commit_hash": "unknown",
    "project_tag": null,
    "project_commit_date": null,
    "additional": {},
    "number_of_files": 6,
    "number_of_classes_or_interfaces": 6,
    "number_of_methods": 24,
    "number_of_data_fields": 18,
    "number_of_method_parameters": 48
  },
  "detector": {
    "name": "data-clumps-doctor",
    "url": "https://github.com/NilsBaumgartner1994/data-clumps-doctor",
    "version": "0.1.100",
    "options": {
      "typeVariablesConsidered": false,
      "similarityModifierOfVariablesWithUnknownType": 0,
      "fieldsOfClassesWithUnknownHierarchyProbabilityModifier": 0,
      "sharedFieldsToFieldsAmountMinimum": 3,
      "analyseFieldsInClassesOrInterfacesInheritedFromSuperClassesOrInterfaces": false,
      "sharedParametersToParametersAmountMinimum": 3,
      "sharedParametersToFieldsAmountMinimum": 3,
      "methodsOfClassesOrInterfacesWithUnknownHierarchyProbabilityModifier": 0
    }
  },
  "data_clumps": {
    "parameters_to_parameters_data_clump-./AbstractOtherServicesStatistic-_TMiiSl5LEDWALY91o6Anvg-_5BEG_l_nEDWALY91o6Anvg-backEndfromto": {
      "type": "data_clump",
      "key": "parameters_to_parameters_data_clump-./AbstractOtherServicesStatistic-_TMiiSl5LEDWALY91o6Anvg-_5BEG_l_nEDWALY91o6Anvg-backEndfromto",
      "probability": 1,
      "from_file_path": "./AbstractOtherServicesStatistic",
      "from_class_or_interface_name": "AbstractOtherServicesStatistic",
      "from_class_or_interface_key": "_TMiiPF5LEDWALY91o6Anvg",
      "from_method_name": "loadNumberRequestsByBackEnd",
      "from_method_key": "_TMiiSl5LEDWALY91o6Anvg",
      "to_file_path": "./AbstractOtherServicesStatistic2",
      "to_class_or_interface_name": "AbstractOtherServicesStatistic2",
      "to_class_or_interface_key": "_5BEG8V_nEDWALY91o6Anvg",
      "to_method_name": "loadNumberRequestsByBackEnd",
      "to_method_key": "_5BEG_l_nEDWALY91o6Anvg",
      "data_clump_type": "parameters_to_parameters_data_clump",
      "data_clump_data": {
        "_TMiiTF5LEDWALY91o6Anvg": {
          "key": "_TMiiTF5LEDWALY91o6Anvg",
          "name": "backEnd",
          "type": null,
          "probability": 1,
          "modifiers": [],
          "to_variable": {
            "key": "_5BEHAF_nEDWALY91o6Anvg",
            "name": "backEnd",
            "type": null,
            "modifiers": [],
            "position": {}
          },
          "position": {}
        },
        "_TMiiTV5LEDWALY91o6Anvg": {
          "key": "_TMiiTV5LEDWALY91o6Anvg",
          "name": "from",
          "type": null,
          "probability": 1,
          "modifiers": [],
          "to_variable": {
            "key": "_5BEHAV_nEDWALY91o6Anvg",
            "name": "from",
            "type": null,
            "modifiers": [],
            "position": {}
          },
          "position": {}
        },
        "_TMiiTl5LEDWALY91o6Anvg": {
          "key": "_TMiiTl5LEDWALY91o6Anvg",
          "name": "to",
          "type": null,
          "probability": 1,
          "modifiers": [],
          "to_variable": {
            "key": "_5BEHAl_nEDWALY91o6Anvg",
            "name": "to",
            "type": null,
            "modifiers": [],
            "position": {}
          },
          "position": {}
        }
      }
    },
    "parameters_to_parameters_data_clump-./AbstractOtherServicesStatistic-_TMiiSl5LEDWALY91o6Anvg-_cvvkkVtAEDWALY91o6Anvg-backEndfromto": {
      "type": "data_clump",
      "key": "parameters_to_parameters_data_clump-./AbstractOtherServicesStatistic-_TMiiSl5LEDWALY91o6Anvg-_cvvkkVtAEDWALY91o6Anvg-backEndfromto",
      "probability": 1,
      "from_file_path": "./AbstractOtherServicesStatistic",
      "from_class_or_interface_name": "AbstractOtherServicesStatistic",
      "from_class_or_interface_key": "_TMiiPF5LEDWALY91o6Anvg",
      "from_method_name": "loadNumberRequestsByBackEnd",
      "from_method_key": "_TMiiSl5LEDWALY91o6Anvg",
      "to_file_path": "./OtherServiceImpl",
      "to_class_or_interface_name": "OtherServiceImpl",
      "to_class_or_interface_key": "_40MWgFsvEDWALY91o6Anvg",
      "to_method_name": "loadNumberRequestsByBackEnd",
      "to_method_key": "_cvvkkVtAEDWALY91o6Anvg",
      "data_clump_type": "parameters_to_parameters_data_clump",
      "data_clump_data": {
        "_TMiiTF5LEDWALY91o6Anvg": {
          "key": "_TMiiTF5LEDWALY91o6Anvg",
          "name": "backEnd",
          "type": null,
          "probability": 1,
          "modifiers": [],
          "to_variable": {
            "key": "_cvvkk1tAEDWALY91o6Anvg",
            "name": "backEnd",
            "type": null,
            "modifiers": [],
            "position": {}
          },
          "position": {}
        },
        "_TMiiTV5LEDWALY91o6Anvg": {
          "key": "_TMiiTV5LEDWALY91o6Anvg",
          "name": "from",
          "type": null,
          "probability": 1,
          "modifiers": [],
          "to_variable": {
            "key": "_cvvklFtAEDWALY91o6Anvg",
            "name": "from",
            "type": null,
            "modifiers": [],
            "position": {}
          },
          "position": {}
        },
        "_TMiiTl5LEDWALY91o6Anvg": {
          "key": "_TMiiTl5LEDWALY91o6Anvg",
          "name": "to",
          "type": null,
          "probability": 1,
          "modifiers": [],
          "to_variable": {
            "key": "_cvvklVtAEDWALY91o6Anvg",
            "name": "to",
            "type": null,
            "modifiers": [],
            "position": {}
          },
          "position": {}
        }
      }
    },
    "parameters_to_parameters_data_clump-./AbstractOtherServicesStatistic-_TMiiU15LEDWALY91o6Anvg-_5BEHB1_nEDWALY91o6Anvg-useCasefromto": {
      "type": "data_clump",
      "key": "parameters_to_parameters_data_clump-./AbstractOtherServicesStatistic-_TMiiU15LEDWALY91o6Anvg-_5BEHB1_nEDWALY91o6Anvg-useCasefromto",
      "probability": 1,
      "from_file_path": "./AbstractOtherServicesStatistic",
      "from_class_or_interface_name": "AbstractOtherServicesStatistic",
      "from_class_or_interface_key": "_TMiiPF5LEDWALY91o6Anvg",
      "from_method_name": "loadNumberRequestsByUseCase",
      "from_method_key": "_TMiiU15LEDWALY91o6Anvg",
      "to_file_path": "./AbstractOtherServicesStatistic2",
      "to_class_or_interface_name": "AbstractOtherServicesStatistic2",
      "to_class_or_interface_key": "_5BEG8V_nEDWALY91o6Anvg",
      "to_method_name": "loadNumberRequestsByUseCase",
      "to_method_key": "_5BEHB1_nEDWALY91o6Anvg",
      "data_clump_type": "parameters_to_parameters_data_clump",
      "data_clump_data": {
        "_TMiiVV5LEDWALY91o6Anvg": {
          "key": "_TMiiVV5LEDWALY91o6Anvg",
          "name": "useCase",
          "type": null,
          "probability": 1,
          "modifiers": [],
          "to_variable": {
            "key": "_5BEHCV_nEDWALY91o6Anvg",
            "name": "useCase",
            "type": null,
            "modifiers": [],
            "position": {}
          },
          "position": {}
        },
        "_TMiiVl5LEDWALY91o6Anvg": {
          "key": "_TMiiVl5LEDWALY91o6Anvg",
          "name": "from",
          "type": null,
          "probability": 1,
          "modifiers": [],
          "to_variable": {
            "key": "_5BEHCl_nEDWALY91o6Anvg",
            "name": "from",
            "type": null,
            "modifiers": [],
            "position": {}
          },
          "position": {}
        },
        "_TMiiV15LEDWALY91o6Anvg": {
          "key": "_TMiiV15LEDWALY91o6Anvg",
          "name": "to",
          "type": null,
          "probability": 1,
          "modifiers": [],
          "to_variable": {
            "key": "_5BEHC1_nEDWALY91o6Anvg",
            "name": "to",
            "type": null,
            "modifiers": [],
            "position": {}
          },
          "position": {}
        }
      }
    },
    "parameters_to_parameters_data_clump-./AbstractOtherServicesStatistic-_TMiiU15LEDWALY91o6Anvg-_cvvkmltAEDWALY91o6Anvg-useCasefromto": {
      "type": "data_clump",
      "key": "parameters_to_parameters_data_clump-./AbstractOtherServicesStatistic-_TMiiU15LEDWALY91o6Anvg-_cvvkmltAEDWALY91o6Anvg-useCasefromto",
      "probability": 1,
      "from_file_path": "./AbstractOtherServicesStatistic",
      "from_class_or_interface_name": "AbstractOtherServicesStatistic",
      "from_class_or_interface_key": "_TMiiPF5LEDWALY91o6Anvg",
      "from_method_name": "loadNumberRequestsByUseCase",
      "from_method_key": "_TMiiU15LEDWALY91o6Anvg",
      "to_file_path": "./OtherServiceImpl",
      "to_class_or_interface_name": "OtherServiceImpl",
      "to_class_or_interface_key": "_40MWgFsvEDWALY91o6Anvg",
      "to_method_name": "loadNumberRequestsByUseCase",
      "to_method_key": "_cvvkmltAEDWALY91o6Anvg",
      "data_clump_type": "parameters_to_parameters_data_clump",
      "data_clump_data": {
        "_TMiiVV5LEDWALY91o6Anvg": {
          "key": "_TMiiVV5LEDWALY91o6Anvg",
          "name": "useCase",
          "type": null,
          "probability": 1,
          "modifiers": [],
          "to_variable": {
            "key": "_cvvknFtAEDWALY91o6Anvg",
            "name": "useCase",
            "type": null,
            "modifiers": [],
            "position": {}
          },
          "position": {}
        },
        "_TMiiVl5LEDWALY91o6Anvg": {
          "key": "_TMiiVl5LEDWALY91o6Anvg",
          "name": "from",
          "type": null,
          "probability": 1,
          "modifiers": [],
          "to_variable": {
            "key": "_cvwLoFtAEDWALY91o6Anvg",
            "name": "from",
            "type": null,
            "modifiers": [],
            "position": {}
          },
          "position": {}
        },
        "_TMiiV15LEDWALY91o6Anvg": {
          "key": "_TMiiV15LEDWALY91o6Anvg",
          "name": "to",
          "type": null,
          "probability": 1,
          "modifiers": [],
          "to_variable": {
            "key": "_cvwLoVtAEDWALY91o6Anvg",
            "name": "to",
            "type": null,
            "modifiers": [],
            "position": {}
          },
          "position": {}
        }
      }
    },
    "parameters_to_parameters_data_clump-./AbstractOtherServicesStatistic2-_5BEG_l_nEDWALY91o6Anvg-_TMiiSl5LEDWALY91o6Anvg-backEndfromto": {
      "type": "data_clump",
      "key": "parameters_to_parameters_data_clump-./AbstractOtherServicesStatistic2-_5BEG_l_nEDWALY91o6Anvg-_TMiiSl5LEDWALY91o6Anvg-backEndfromto",
      "probability": 1,
      "from_file_path": "./AbstractOtherServicesStatistic2",
      "from_class_or_interface_name": "AbstractOtherServicesStatistic2",
      "from_class_or_interface_key": "_5BEG8V_nEDWALY91o6Anvg",
      "from_method_name": "loadNumberRequestsByBackEnd",
      "from_method_key": "_5BEG_l_nEDWALY91o6Anvg",
      "to_file_path": "./AbstractOtherServicesStatistic",
      "to_class_or_interface_name": "AbstractOtherServicesStatistic",
      "to_class_or_interface_key": "_TMiiPF5LEDWALY91o6Anvg",
      "to_method_name": "loadNumberRequestsByBackEnd",
      "to_method_key": "_TMiiSl5LEDWALY91o6Anvg",
      "data_clump_type": "parameters_to_parameters_data_clump",
      "data_clump_data": {
        "_5BEHAF_nEDWALY91o6Anvg": {
          "key": "_5BEHAF_nEDWALY91o6Anvg",
          "name": "backEnd",
          "type": null,
          "probability": 1,
          "modifiers": [],
          "to_variable": {
            "key": "_TMiiTF5LEDWALY91o6Anvg",
            "name": "backEnd",
            "type": null,
            "modifiers": [],
            "position": {}
          },
          "position": {}
        },
        "_5BEHAV_nEDWALY91o6Anvg": {
          "key": "_5BEHAV_nEDWALY91o6Anvg",
          "name": "from",
          "type": null,
          "probability": 1,
          "modifiers": [],
          "to_variable": {
            "key": "_TMiiTV5LEDWALY91o6Anvg",
            "name": "from",
            "type": null,
            "modifiers": [],
            "position": {}
          },
          "position": {}
        },
        "_5BEHAl_nEDWALY91o6Anvg": {
          "key": "_5BEHAl_nEDWALY91o6Anvg",
          "name": "to",
          "type": null,
          "probability": 1,
          "modifiers": [],
          "to_variable": {
            "key": "_TMiiTl5LEDWALY91o6Anvg",
            "name": "to",
            "type": null,
            "modifiers": [],
            "position": {}
          },
          "position": {}
        }
      }
    },
    "parameters_to_parameters_data_clump-./AbstractOtherServicesStatistic2-_5BEG_l_nEDWALY91o6Anvg-_cvvkkVtAEDWALY91o6Anvg-backEndfromto": {
      "type": "data_clump",
      "key": "parameters_to_parameters_data_clump-./AbstractOtherServicesStatistic2-_5BEG_l_nEDWALY91o6Anvg-_cvvkkVtAEDWALY91o6Anvg-backEndfromto",
      "probability": 1,
      "from_file_path": "./AbstractOtherServicesStatistic2",
      "from_class_or_interface_name": "AbstractOtherServicesStatistic2",
      "from_class_or_interface_key": "_5BEG8V_nEDWALY91o6Anvg",
      "from_method_name": "loadNumberRequestsByBackEnd",
      "from_method_key": "_5BEG_l_nEDWALY91o6Anvg",
      "to_file_path": "./OtherServiceImpl",
      "to_class_or_interface_name": "OtherServiceImpl",
      "to_class_or_interface_key": "_40MWgFsvEDWALY91o6Anvg",
      "to_method_name": "loadNumberRequestsByBackEnd",
      "to_method_key": "_cvvkkVtAEDWALY91o6Anvg",
      "data_clump_type": "parameters_to_parameters_data_clump",
      "data_clump_data": {
        "_5BEHAF_nEDWALY91o6Anvg": {
          "key": "_5BEHAF_nEDWALY91o6Anvg",
          "name": "backEnd",
          "type": null,
          "probability": 1,
          "modifiers": [],
          "to_variable": {
            "key": "_cvvkk1tAEDWALY91o6Anvg",
            "name": "backEnd",
            "type": null,
            "modifiers": [],
            "position": {}
          },
          "position": {}
        },
        "_5BEHAV_nEDWALY91o6Anvg": {
          "key": "_5BEHAV_nEDWALY91o6Anvg",
          "name": "from",
          "type": null,
          "probability": 1,
          "modifiers": [],
          "to_variable": {
            "key": "_cvvklFtAEDWALY91o6Anvg",
            "name": "from",
            "type": null,
            "modifiers": [],
            "position": {}
          },
          "position": {}
        },
        "_5BEHAl_nEDWALY91o6Anvg": {
          "key": "_5BEHAl_nEDWALY91o6Anvg",
          "name": "to",
          "type": null,
          "probability": 1,
          "modifiers": [],
          "to_variable": {
            "key": "_cvvklVtAEDWALY91o6Anvg",
            "name": "to",
            "type": null,
            "modifiers": [],
            "position": {}
          },
          "position": {}
        }
      }
    },
    "parameters_to_parameters_data_clump-./AbstractOtherServicesStatistic2-_5BEHB1_nEDWALY91o6Anvg-_TMiiU15LEDWALY91o6Anvg-useCasefromto": {
      "type": "data_clump",
      "key": "parameters_to_parameters_data_clump-./AbstractOtherServicesStatistic2-_5BEHB1_nEDWALY91o6Anvg-_TMiiU15LEDWALY91o6Anvg-useCasefromto",
      "probability": 1,
      "from_file_path": "./AbstractOtherServicesStatistic2",
      "from_class_or_interface_name": "AbstractOtherServicesStatistic2",
      "from_class_or_interface_key": "_5BEG8V_nEDWALY91o6Anvg",
      "from_method_name": "loadNumberRequestsByUseCase",
      "from_method_key": "_5BEHB1_nEDWALY91o6Anvg",
      "to_file_path": "./AbstractOtherServicesStatistic",
      "to_class_or_interface_name": "AbstractOtherServicesStatistic",
      "to_class_or_interface_key": "_TMiiPF5LEDWALY91o6Anvg",
      "to_method_name": "loadNumberRequestsByUseCase",
      "to_method_key": "_TMiiU15LEDWALY91o6Anvg",
      "data_clump_type": "parameters_to_parameters_data_clump",
      "data_clump_data": {
        "_5BEHCV_nEDWALY91o6Anvg": {
          "key": "_5BEHCV_nEDWALY91o6Anvg",
          "name": "useCase",
          "type": null,
          "probability": 1,
          "modifiers": [],
          "to_variable": {
            "key": "_TMiiVV5LEDWALY91o6Anvg",
            "name": "useCase",
            "type": null,
            "modifiers": [],
            "position": {}
          },
          "position": {}
        },
        "_5BEHCl_nEDWALY91o6Anvg": {
          "key": "_5BEHCl_nEDWALY91o6Anvg",
          "name": "from",
          "type": null,
          "probability": 1,
          "modifiers": [],
          "to_variable": {
            "key": "_TMiiVl5LEDWALY91o6Anvg",
            "name": "from",
            "type": null,
            "modifiers": [],
            "position": {}
          },
          "position": {}
        },
        "_5BEHC1_nEDWALY91o6Anvg": {
          "key": "_5BEHC1_nEDWALY91o6Anvg",
          "name": "to",
          "type": null,
          "probability": 1,
          "modifiers": [],
          "to_variable": {
            "key": "_TMiiV15LEDWALY91o6Anvg",
            "name": "to",
            "type": null,
            "modifiers": [],
            "position": {}
          },
          "position": {}
        }
      }
    },
    "parameters_to_parameters_data_clump-./AbstractOtherServicesStatistic2-_5BEHB1_nEDWALY91o6Anvg-_cvvkmltAEDWALY91o6Anvg-useCasefromto": {
      "type": "data_clump",
      "key": "parameters_to_parameters_data_clump-./AbstractOtherServicesStatistic2-_5BEHB1_nEDWALY91o6Anvg-_cvvkmltAEDWALY91o6Anvg-useCasefromto",
      "probability": 1,
      "from_file_path": "./AbstractOtherServicesStatistic2",
      "from_class_or_interface_name": "AbstractOtherServicesStatistic2",
      "from_class_or_interface_key": "_5BEG8V_nEDWALY91o6Anvg",
      "from_method_name": "loadNumberRequestsByUseCase",
      "from_method_key": "_5BEHB1_nEDWALY91o6Anvg",
      "to_file_path": "./OtherServiceImpl",
      "to_class_or_interface_name": "OtherServiceImpl",
      "to_class_or_interface_key": "_40MWgFsvEDWALY91o6Anvg",
      "to_method_name": "loadNumberRequestsByUseCase",
      "to_method_key": "_cvvkmltAEDWALY91o6Anvg",
      "data_clump_type": "parameters_to_parameters_data_clump",
      "data_clump_data": {
        "_5BEHCV_nEDWALY91o6Anvg": {
          "key": "_5BEHCV_nEDWALY91o6Anvg",
          "name": "useCase",
          "type": null,
          "probability": 1,
          "modifiers": [],
          "to_variable": {
            "key": "_cvvknFtAEDWALY91o6Anvg",
            "name": "useCase",
            "type": null,
            "modifiers": [],
            "position": {}
          },
          "position": {}
        },
        "_5BEHCl_nEDWALY91o6Anvg": {
          "key": "_5BEHCl_nEDWALY91o6Anvg",
          "name": "from",
          "type": null,
          "probability": 1,
          "modifiers": [],
          "to_variable": {
            "key": "_cvwLoFtAEDWALY91o6Anvg",
            "name": "from",
            "type": null,
            "modifiers": [],
            "position": {}
          },
          "position": {}
        },
        "_5BEHC1_nEDWALY91o6Anvg": {
          "key": "_5BEHC1_nEDWALY91o6Anvg",
          "name": "to",
          "type": null,
          "probability": 1,
          "modifiers": [],
          "to_variable": {
            "key": "_cvwLoVtAEDWALY91o6Anvg",
            "name": "to",
            "type": null,
            "modifiers": [],
            "position": {}
          },
          "position": {}
        }
      }
    },
    "parameters_to_parameters_data_clump-./OtherServiceImpl-_cvvkkVtAEDWALY91o6Anvg-_TMiiSl5LEDWALY91o6Anvg-backEndfromto": {
      "type": "data_clump",
      "key": "parameters_to_parameters_data_clump-./OtherServiceImpl-_cvvkkVtAEDWALY91o6Anvg-_TMiiSl5LEDWALY91o6Anvg-backEndfromto",
      "probability": 1,
      "from_file_path": "./OtherServiceImpl",
      "from_class_or_interface_name": "OtherServiceImpl",
      "from_class_or_interface_key": "_40MWgFsvEDWALY91o6Anvg",
      "from_method_name": "loadNumberRequestsByBackEnd",
      "from_method_key": "_cvvkkVtAEDWALY91o6Anvg",
      "to_file_path": "./AbstractOtherServicesStatistic",
      "to_class_or_interface_name": "AbstractOtherServicesStatistic",
      "to_class_or_interface_key": "_TMiiPF5LEDWALY91o6Anvg",
      "to_method_name": "loadNumberRequestsByBackEnd",
      "to_method_key": "_TMiiSl5LEDWALY91o6Anvg",
      "data_clump_type": "parameters_to_parameters_data_clump",
      "data_clump_data": {
        "_cvvkk1tAEDWALY91o6Anvg": {
          "key": "_cvvkk1tAEDWALY91o6Anvg",
          "name": "backEnd",
          "type": null,
          "probability": 1,
          "modifiers": [],
          "to_variable": {
            "key": "_TMiiTF5LEDWALY91o6Anvg",
            "name": "backEnd",
            "type": null,
            "modifiers": [],
            "position": {}
          },
          "position": {}
        },
        "_cvvklFtAEDWALY91o6Anvg": {
          "key": "_cvvklFtAEDWALY91o6Anvg",
          "name": "from",
          "type": null,
          "probability": 1,
          "modifiers": [],
          "to_variable": {
            "key": "_TMiiTV5LEDWALY91o6Anvg",
            "name": "from",
            "type": null,
            "modifiers": [],
            "position": {}
          },
          "position": {}
        },
        "_cvvklVtAEDWALY91o6Anvg": {
          "key": "_cvvklVtAEDWALY91o6Anvg",
          "name": "to",
          "type": null,
          "probability": 1,
          "modifiers": [],
          "to_variable": {
            "key": "_TMiiTl5LEDWALY91o6Anvg",
            "name": "to",
            "type": null,
            "modifiers": [],
            "position": {}
          },
          "position": {}
        }
      }
    },
    "parameters_to_parameters_data_clump-./OtherServiceImpl-_cvvkkVtAEDWALY91o6Anvg-_5BEG_l_nEDWALY91o6Anvg-backEndfromto": {
      "type": "data_clump",
      "key": "parameters_to_parameters_data_clump-./OtherServiceImpl-_cvvkkVtAEDWALY91o6Anvg-_5BEG_l_nEDWALY91o6Anvg-backEndfromto",
      "probability": 1,
      "from_file_path": "./OtherServiceImpl",
      "from_class_or_interface_name": "OtherServiceImpl",
      "from_class_or_interface_key": "_40MWgFsvEDWALY91o6Anvg",
      "from_method_name": "loadNumberRequestsByBackEnd",
      "from_method_key": "_cvvkkVtAEDWALY91o6Anvg",
      "to_file_path": "./AbstractOtherServicesStatistic2",
      "to_class_or_interface_name": "AbstractOtherServicesStatistic2",
      "to_class_or_interface_key": "_5BEG8V_nEDWALY91o6Anvg",
      "to_method_name": "loadNumberRequestsByBackEnd",
      "to_method_key": "_5BEG_l_nEDWALY91o6Anvg",
      "data_clump_type": "parameters_to_parameters_data_clump",
      "data_clump_data": {
        "_cvvkk1tAEDWALY91o6Anvg": {
          "key": "_cvvkk1tAEDWALY91o6Anvg",
          "name": "backEnd",
          "type": null,
          "probability": 1,
          "modifiers": [],
          "to_variable": {
            "key": "_5BEHAF_nEDWALY91o6Anvg",
            "name": "backEnd",
            "type": null,
            "modifiers": [],
            "position": {}
          },
          "position": {}
        },
        "_cvvklFtAEDWALY91o6Anvg": {
          "key": "_cvvklFtAEDWALY91o6Anvg",
          "name": "from",
          "type": null,
          "probability": 1,
          "modifiers": [],
          "to_variable": {
            "key": "_5BEHAV_nEDWALY91o6Anvg",
            "name": "from",
            "type": null,
            "modifiers": [],
            "position": {}
          },
          "position": {}
        },
        "_cvvklVtAEDWALY91o6Anvg": {
          "key": "_cvvklVtAEDWALY91o6Anvg",
          "name": "to",
          "type": null,
          "probability": 1,
          "modifiers": [],
          "to_variable": {
            "key": "_5BEHAl_nEDWALY91o6Anvg",
            "name": "to",
            "type": null,
            "modifiers": [],
            "position": {}
          },
          "position": {}
        }
      }
    },
    "parameters_to_parameters_data_clump-./OtherServiceImpl-_cvvkmltAEDWALY91o6Anvg-_TMiiU15LEDWALY91o6Anvg-useCasefromto": {
      "type": "data_clump",
      "key": "parameters_to_parameters_data_clump-./OtherServiceImpl-_cvvkmltAEDWALY91o6Anvg-_TMiiU15LEDWALY91o6Anvg-useCasefromto",
      "probability": 1,
      "from_file_path": "./OtherServiceImpl",
      "from_class_or_interface_name": "OtherServiceImpl",
      "from_class_or_interface_key": "_40MWgFsvEDWALY91o6Anvg",
      "from_method_name": "loadNumberRequestsByUseCase",
      "from_method_key": "_cvvkmltAEDWALY91o6Anvg",
      "to_file_path": "./AbstractOtherServicesStatistic",
      "to_class_or_interface_name": "AbstractOtherServicesStatistic",
      "to_class_or_interface_key": "_TMiiPF5LEDWALY91o6Anvg",
      "to_method_name": "loadNumberRequestsByUseCase",
      "to_method_key": "_TMiiU15LEDWALY91o6Anvg",
      "data_clump_type": "parameters_to_parameters_data_clump",
      "data_clump_data": {
        "_cvvknFtAEDWALY91o6Anvg": {
          "key": "_cvvknFtAEDWALY91o6Anvg",
          "name": "useCase",
          "type": null,
          "probability": 1,
          "modifiers": [],
          "to_variable": {
            "key": "_TMiiVV5LEDWALY91o6Anvg",
            "name": "useCase",
            "type": null,
            "modifiers": [],
            "position": {}
          },
          "position": {}
        },
        "_cvwLoFtAEDWALY91o6Anvg": {
          "key": "_cvwLoFtAEDWALY91o6Anvg",
          "name": "from",
          "type": null,
          "probability": 1,
          "modifiers": [],
          "to_variable": {
            "key": "_TMiiVl5LEDWALY91o6Anvg",
            "name": "from",
            "type": null,
            "modifiers": [],
            "position": {}
          },
          "position": {}
        },
        "_cvwLoVtAEDWALY91o6Anvg": {
          "key": "_cvwLoVtAEDWALY91o6Anvg",
          "name": "to",
          "type": null,
          "probability": 1,
          "modifiers": [],
          "to_variable": {
            "key": "_TMiiV15LEDWALY91o6Anvg",
            "name": "to",
            "type": null,
            "modifiers": [],
            "position": {}
          },
          "position": {}
        }
      }
    },
    "parameters_to_parameters_data_clump-./OtherServiceImpl-_cvvkmltAEDWALY91o6Anvg-_5BEHB1_nEDWALY91o6Anvg-useCasefromto": {
      "type": "data_clump",
      "key": "parameters_to_parameters_data_clump-./OtherServiceImpl-_cvvkmltAEDWALY91o6Anvg-_5BEHB1_nEDWALY91o6Anvg-useCasefromto",
      "probability": 1,
      "from_file_path": "./OtherServiceImpl",
      "from_class_or_interface_name": "OtherServiceImpl",
      "from_class_or_interface_key": "_40MWgFsvEDWALY91o6Anvg",
      "from_method_name": "loadNumberRequestsByUseCase",
      "from_method_key": "_cvvkmltAEDWALY91o6Anvg",
      "to_file_path": "./AbstractOtherServicesStatistic2",
      "to_class_or_interface_name": "AbstractOtherServicesStatistic2",
      "to_class_or_interface_key": "_5BEG8V_nEDWALY91o6Anvg",
      "to_method_name": "loadNumberRequestsByUseCase",
      "to_method_key": "_5BEHB1_nEDWALY91o6Anvg",
      "data_clump_type": "parameters_to_parameters_data_clump",
      "data_clump_data": {
        "_cvvknFtAEDWALY91o6Anvg": {
          "key": "_cvvknFtAEDWALY91o6Anvg",
          "name": "useCase",
          "type": null,
          "probability": 1,
          "modifiers": [],
          "to_variable": {
            "key": "_5BEHCV_nEDWALY91o6Anvg",
            "name": "useCase",
            "type": null,
            "modifiers": [],
            "position": {}
          },
          "position": {}
        },
        "_cvwLoFtAEDWALY91o6Anvg": {
          "key": "_cvwLoFtAEDWALY91o6Anvg",
          "name": "from",
          "type": null,
          "probability": 1,
          "modifiers": [],
          "to_variable": {
            "key": "_5BEHCl_nEDWALY91o6Anvg",
            "name": "from",
            "type": null,
            "modifiers": [],
            "position": {}
          },
          "position": {}
        },
        "_cvwLoVtAEDWALY91o6Anvg": {
          "key": "_cvwLoVtAEDWALY91o6Anvg",
          "name": "to",
          "type": null,
          "probability": 1,
          "modifiers": [],
          "to_variable": {
            "key": "_5BEHC1_nEDWALY91o6Anvg",
            "name": "to",
            "type": null,
            "modifiers": [],
            "position": {}
          },
          "position": {}
        }
      }
    },
    "fields_to_fields_data_clump-./AbstractOtherServicesStatistic-_TMiiPF5LEDWALY91o6Anvg-_5BEG8V_nEDWALY91o6Anvg-contentPersistentlistPersistercitationPersisterfamilyPersisterstatisticPersisterlogger": {
      "type": "data_clump",
      "key": "fields_to_fields_data_clump-./AbstractOtherServicesStatistic-_TMiiPF5LEDWALY91o6Anvg-_5BEG8V_nEDWALY91o6Anvg-contentPersistentlistPersistercitationPersisterfamilyPersisterstatisticPersisterlogger",
      "probability": 1,
      "from_file_path": "./AbstractOtherServicesStatistic",
      "from_class_or_interface_name": "AbstractOtherServicesStatistic",
      "from_class_or_interface_key": "_TMiiPF5LEDWALY91o6Anvg",
      "from_method_name": null,
      "from_method_key": null,
      "to_file_path": "./AbstractOtherServicesStatistic2",
      "to_class_or_interface_key": "_5BEG8V_nEDWALY91o6Anvg",
      "to_class_or_interface_name": "AbstractOtherServicesStatistic",
      "to_method_key": null,
      "to_method_name": null,
      "data_clump_type": "fields_to_fields_data_clump",
      "data_clump_data": {
        "_TMiiPV5LEDWALY91o6Anvg": {
          "key": "_TMiiPV5LEDWALY91o6Anvg",
          "name": "contentPersistent",
          "type": null,
          "probability": 1,
          "modifiers": [
            "private"
          ],
          "to_variable": {
            "key": "_5BEG8l_nEDWALY91o6Anvg",
            "name": "contentPersistent",
            "type": null,
            "modifiers": [
              "private"
            ],
            "position": {}
          },
          "position": {}
        },
        "_TMiiPl5LEDWALY91o6Anvg": {
          "key": "_TMiiPl5LEDWALY91o6Anvg",
          "name": "listPersister",
          "type": null,
          "probability": 1,
          "modifiers": [
            "private"
          ],
          "to_variable": {
            "key": "_5BEG81_nEDWALY91o6Anvg",
            "name": "listPersister",
            "type": null,
            "modifiers": [
              "private"
            ],
            "position": {}
          },
          "position": {}
        },
        "_TMiiP15LEDWALY91o6Anvg": {
          "key": "_TMiiP15LEDWALY91o6Anvg",
          "name": "citationPersister",
          "type": null,
          "probability": 1,
          "modifiers": [
            "private"
          ],
          "to_variable": {
            "key": "_5BEG9F_nEDWALY91o6Anvg",
            "name": "citationPersister",
            "type": null,
            "modifiers": [
              "private"
            ],
            "position": {}
          },
          "position": {}
        },
        "_TMiiQF5LEDWALY91o6Anvg": {
          "key": "_TMiiQF5LEDWALY91o6Anvg",
          "name": "familyPersister",
          "type": null,
          "probability": 1,
          "modifiers": [
            "private"
          ],
          "to_variable": {
            "key": "_5BEG9V_nEDWALY91o6Anvg",
            "name": "familyPersister",
            "type": null,
            "modifiers": [
              "private"
            ],
            "position": {}
          },
          "position": {}
        },
        "_TMiiQV5LEDWALY91o6Anvg": {
          "key": "_TMiiQV5LEDWALY91o6Anvg",
          "name": "statisticPersister",
          "type": null,
          "probability": 1,
          "modifiers": [],
          "to_variable": {
            "key": "_5BEG9l_nEDWALY91o6Anvg",
            "name": "statisticPersister",
            "type": null,
            "modifiers": [],
            "position": {}
          },
          "position": {}
        },
        "_TMiiQl5LEDWALY91o6Anvg": {
          "key": "_TMiiQl5LEDWALY91o6Anvg",
          "name": "logger",
          "type": null,
          "probability": 1,
          "modifiers": [
            "private"
          ],
          "to_variable": {
            "key": "_5BEG91_nEDWALY91o6Anvg",
            "name": "logger",
            "type": null,
            "modifiers": [
              "private"
            ],
            "position": {}
          },
          "position": {}
        }
      }
    },
    "fields_to_fields_data_clump-./AbstractOtherServicesStatistic-_TMiiPF5LEDWALY91o6Anvg-_40MWgFsvEDWALY91o6Anvg-contentPersistentlistPersistercitationPersisterfamilyPersisterstatisticPersisterlogger": {
      "type": "data_clump",
      "key": "fields_to_fields_data_clump-./AbstractOtherServicesStatistic-_TMiiPF5LEDWALY91o6Anvg-_40MWgFsvEDWALY91o6Anvg-contentPersistentlistPersistercitationPersisterfamilyPersisterstatisticPersisterlogger",
      "probability": 1,
      "from_file_path": "./AbstractOtherServicesStatistic",
      "from_class_or_interface_name": "AbstractOtherServicesStatistic",
      "from_class_or_interface_key": "_TMiiPF5LEDWALY91o6Anvg",
      "from_method_name": null,
      "from_method_key": null,
      "to_file_path": "./OtherServiceImpl",
      "to_class_or_interface_key": "_40MWgFsvEDWALY91o6Anvg",
      "to_class_or_interface_name": "AbstractOtherServicesStatistic",
      "to_method_key": null,
      "to_method_name": null,
      "data_clump_type": "fields_to_fields_data_clump",
      "data_clump_data": {
        "_TMiiPV5LEDWALY91o6Anvg": {
          "key": "_TMiiPV5LEDWALY91o6Anvg",
          "name": "contentPersistent",
          "type": null,
          "probability": 1,
          "modifiers": [
            "private"
          ],
          "to_variable": {
            "key": "_uiVIUFszEDWALY91o6Anvg",
            "name": "contentPersistent",
            "type": null,
            "modifiers": [
              "private"
            ],
            "position": {}
          },
          "position": {}
        },
        "_TMiiPl5LEDWALY91o6Anvg": {
          "key": "_TMiiPl5LEDWALY91o6Anvg",
          "name": "listPersister",
          "type": null,
          "probability": 1,
          "modifiers": [
            "private"
          ],
          "to_variable": {
            "key": "_LV05IFtFEDWALY91o6Anvg",
            "name": "listPersister",
            "type": null,
            "modifiers": [
              "private"
            ],
            "position": {}
          },
          "position": {}
        },
        "_TMiiP15LEDWALY91o6Anvg": {
          "key": "_TMiiP15LEDWALY91o6Anvg",
          "name": "citationPersister",
          "type": null,
          "probability": 1,
          "modifiers": [
            "private"
          ],
          "to_variable": {
            "key": "_SdPAsFtFEDWALY91o6Anvg",
            "name": "citationPersister",
            "type": null,
            "modifiers": [
              "private"
            ],
            "position": {}
          },
          "position": {}
        },
        "_TMiiQF5LEDWALY91o6Anvg": {
          "key": "_TMiiQF5LEDWALY91o6Anvg",
          "name": "familyPersister",
          "type": null,
          "probability": 1,
          "modifiers": [
            "private"
          ],
          "to_variable": {
            "key": "_dWCWQFtFEDWALY91o6Anvg",
            "name": "familyPersister",
            "type": null,
            "modifiers": [
              "private"
            ],
            "position": {}
          },
          "position": {}
        },
        "_TMiiQV5LEDWALY91o6Anvg": {
          "key": "_TMiiQV5LEDWALY91o6Anvg",
          "name": "statisticPersister",
          "type": null,
          "probability": 1,
          "modifiers": [],
          "to_variable": {
            "key": "_OGh8YF5JEDWALY91o6Anvg",
            "name": "statisticPersister",
            "type": null,
            "modifiers": [],
            "position": {}
          },
          "position": {}
        },
        "_TMiiQl5LEDWALY91o6Anvg": {
          "key": "_TMiiQl5LEDWALY91o6Anvg",
          "name": "logger",
          "type": null,
          "probability": 1,
          "modifiers": [
            "private"
          ],
          "to_variable": {
            "key": "_heDUgFtFEDWALY91o6Anvg",
            "name": "logger",
            "type": null,
            "modifiers": [
              "private"
            ],
            "position": {}
          },
          "position": {}
        }
      }
    },
    "fields_to_fields_data_clump-./AbstractOtherServicesStatistic2-_5BEG8V_nEDWALY91o6Anvg-_TMiiPF5LEDWALY91o6Anvg-contentPersistentlistPersistercitationPersisterfamilyPersisterstatisticPersisterlogger": {
      "type": "data_clump",
      "key": "fields_to_fields_data_clump-./AbstractOtherServicesStatistic2-_5BEG8V_nEDWALY91o6Anvg-_TMiiPF5LEDWALY91o6Anvg-contentPersistentlistPersistercitationPersisterfamilyPersisterstatisticPersisterlogger",
      "probability": 1,
      "from_file_path": "./AbstractOtherServicesStatistic2",
      "from_class_or_interface_name": "AbstractOtherServicesStatistic2",
      "from_class_or_interface_key": "_5BEG8V_nEDWALY91o6Anvg",
      "from_method_name": null,
      "from_method_key": null,
      "to_file_path": "./AbstractOtherServicesStatistic",
      "to_class_or_interface_key": "_TMiiPF5LEDWALY91o6Anvg",
      "to_class_or_interface_name": "AbstractOtherServicesStatistic2",
      "to_method_key": null,
      "to_method_name": null,
      "data_clump_type": "fields_to_fields_data_clump",
      "data_clump_data": {
        "_5BEG8l_nEDWALY91o6Anvg": {
          "key": "_5BEG8l_nEDWALY91o6Anvg",
          "name": "contentPersistent",
          "type": null,
          "probability": 1,
          "modifiers": [
            "private"
          ],
          "to_variable": {
            "key": "_TMiiPV5LEDWALY91o6Anvg",
            "name": "contentPersistent",
            "type": null,
            "modifiers": [
              "private"
            ],
            "position": {}
          },
          "position": {}
        },
        "_5BEG81_nEDWALY91o6Anvg": {
          "key": "_5BEG81_nEDWALY91o6Anvg",
          "name": "listPersister",
          "type": null,
          "probability": 1,
          "modifiers": [
            "private"
          ],
          "to_variable": {
            "key": "_TMiiPl5LEDWALY91o6Anvg",
            "name": "listPersister",
            "type": null,
            "modifiers": [
              "private"
            ],
            "position": {}
          },
          "position": {}
        },
        "_5BEG9F_nEDWALY91o6Anvg": {
          "key": "_5BEG9F_nEDWALY91o6Anvg",
          "name": "citationPersister",
          "type": null,
          "probability": 1,
          "modifiers": [
            "private"
          ],
          "to_variable": {
            "key": "_TMiiP15LEDWALY91o6Anvg",
            "name": "citationPersister",
            "type": null,
            "modifiers": [
              "private"
            ],
            "position": {}
          },
          "position": {}
        },
        "_5BEG9V_nEDWALY91o6Anvg": {
          "key": "_5BEG9V_nEDWALY91o6Anvg",
          "name": "familyPersister",
          "type": null,
          "probability": 1,
          "modifiers": [
            "private"
          ],
          "to_variable": {
            "key": "_TMiiQF5LEDWALY91o6Anvg",
            "name": "familyPersister",
            "type": null,
            "modifiers": [
              "private"
            ],
            "position": {}
          },
          "position": {}
        },
        "_5BEG9l_nEDWALY91o6Anvg": {
          "key": "_5BEG9l_nEDWALY91o6Anvg",
          "name": "statisticPersister",
          "type": null,
          "probability": 1,
          "modifiers": [],
          "to_variable": {
            "key": "_TMiiQV5LEDWALY91o6Anvg",
            "name": "statisticPersister",
            "type": null,
            "modifiers": [],
            "position": {}
          },
          "position": {}
        },
        "_5BEG91_nEDWALY91o6Anvg": {
          "key": "_5BEG91_nEDWALY91o6Anvg",
          "name": "logger",
          "type": null,
          "probability": 1,
          "modifiers": [
            "private"
          ],
          "to_variable": {
            "key": "_TMiiQl5LEDWALY91o6Anvg",
            "name": "logger",
            "type": null,
            "modifiers": [
              "private"
            ],
            "position": {}
          },
          "position": {}
        }
      }
    },
    "fields_to_fields_data_clump-./AbstractOtherServicesStatistic2-_5BEG8V_nEDWALY91o6Anvg-_40MWgFsvEDWALY91o6Anvg-contentPersistentlistPersistercitationPersisterfamilyPersisterstatisticPersisterlogger": {
      "type": "data_clump",
      "key": "fields_to_fields_data_clump-./AbstractOtherServicesStatistic2-_5BEG8V_nEDWALY91o6Anvg-_40MWgFsvEDWALY91o6Anvg-contentPersistentlistPersistercitationPersisterfamilyPersisterstatisticPersisterlogger",
      "probability": 1,
      "from_file_path": "./AbstractOtherServicesStatistic2",
      "from_class_or_interface_name": "AbstractOtherServicesStatistic2",
      "from_class_or_interface_key": "_5BEG8V_nEDWALY91o6Anvg",
      "from_method_name": null,
      "from_method_key": null,
      "to_file_path": "./OtherServiceImpl",
      "to_class_or_interface_key": "_40MWgFsvEDWALY91o6Anvg",
      "to_class_or_interface_name": "AbstractOtherServicesStatistic2",
      "to_method_key": null,
      "to_method_name": null,
      "data_clump_type": "fields_to_fields_data_clump",
      "data_clump_data": {
        "_5BEG8l_nEDWALY91o6Anvg": {
          "key": "_5BEG8l_nEDWALY91o6Anvg",
          "name": "contentPersistent",
          "type": null,
          "probability": 1,
          "modifiers": [
            "private"
          ],
          "to_variable": {
            "key": "_uiVIUFszEDWALY91o6Anvg",
            "name": "contentPersistent",
            "type": null,
            "modifiers": [
              "private"
            ],
            "position": {}
          },
          "position": {}
        },
        "_5BEG81_nEDWALY91o6Anvg": {
          "key": "_5BEG81_nEDWALY91o6Anvg",
          "name": "listPersister",
          "type": null,
          "probability": 1,
          "modifiers": [
            "private"
          ],
          "to_variable": {
            "key": "_LV05IFtFEDWALY91o6Anvg",
            "name": "listPersister",
            "type": null,
            "modifiers": [
              "private"
            ],
            "position": {}
          },
          "position": {}
        },
        "_5BEG9F_nEDWALY91o6Anvg": {
          "key": "_5BEG9F_nEDWALY91o6Anvg",
          "name": "citationPersister",
          "type": null,
          "probability": 1,
          "modifiers": [
            "private"
          ],
          "to_variable": {
            "key": "_SdPAsFtFEDWALY91o6Anvg",
            "name": "citationPersister",
            "type": null,
            "modifiers": [
              "private"
            ],
            "position": {}
          },
          "position": {}
        },
        "_5BEG9V_nEDWALY91o6Anvg": {
          "key": "_5BEG9V_nEDWALY91o6Anvg",
          "name": "familyPersister",
          "type": null,
          "probability": 1,
          "modifiers": [
            "private"
          ],
          "to_variable": {
            "key": "_dWCWQFtFEDWALY91o6Anvg",
            "name": "familyPersister",
            "type": null,
            "modifiers": [
              "private"
            ],
            "position": {}
          },
          "position": {}
        },
        "_5BEG9l_nEDWALY91o6Anvg": {
          "key": "_5BEG9l_nEDWALY91o6Anvg",
          "name": "statisticPersister",
          "type": null,
          "probability": 1,
          "modifiers": [],
          "to_variable": {
            "key": "_OGh8YF5JEDWALY91o6Anvg",
            "name": "statisticPersister",
            "type": null,
            "modifiers": [],
            "position": {}
          },
          "position": {}
        },
        "_5BEG91_nEDWALY91o6Anvg": {
          "key": "_5BEG91_nEDWALY91o6Anvg",
          "name": "logger",
          "type": null,
          "probability": 1,
          "modifiers": [
            "private"
          ],
          "to_variable": {
            "key": "_heDUgFtFEDWALY91o6Anvg",
            "name": "logger",
            "type": null,
            "modifiers": [
              "private"
            ],
            "position": {}
          },
          "position": {}
        }
      }
    },
    "fields_to_fields_data_clump-./OtherServiceImpl-_40MWgFsvEDWALY91o6Anvg-_TMiiPF5LEDWALY91o6Anvg-contentPersistentlistPersistercitationPersisterfamilyPersisterstatisticPersisterlogger": {
      "type": "data_clump",
      "key": "fields_to_fields_data_clump-./OtherServiceImpl-_40MWgFsvEDWALY91o6Anvg-_TMiiPF5LEDWALY91o6Anvg-contentPersistentlistPersistercitationPersisterfamilyPersisterstatisticPersisterlogger",
      "probability": 1,
      "from_file_path": "./OtherServiceImpl",
      "from_class_or_interface_name": "OtherServiceImpl",
      "from_class_or_interface_key": "_40MWgFsvEDWALY91o6Anvg",
      "from_method_name": null,
      "from_method_key": null,
      "to_file_path": "./AbstractOtherServicesStatistic",
      "to_class_or_interface_key": "_TMiiPF5LEDWALY91o6Anvg",
      "to_class_or_interface_name": "OtherServiceImpl",
      "to_method_key": null,
      "to_method_name": null,
      "data_clump_type": "fields_to_fields_data_clump",
      "data_clump_data": {
        "_uiVIUFszEDWALY91o6Anvg": {
          "key": "_uiVIUFszEDWALY91o6Anvg",
          "name": "contentPersistent",
          "type": null,
          "probability": 1,
          "modifiers": [
            "private"
          ],
          "to_variable": {
            "key": "_TMiiPV5LEDWALY91o6Anvg",
            "name": "contentPersistent",
            "type": null,
            "modifiers": [
              "private"
            ],
            "position": {}
          },
          "position": {}
        },
        "_LV05IFtFEDWALY91o6Anvg": {
          "key": "_LV05IFtFEDWALY91o6Anvg",
          "name": "listPersister",
          "type": null,
          "probability": 1,
          "modifiers": [
            "private"
          ],
          "to_variable": {
            "key": "_TMiiPl5LEDWALY91o6Anvg",
            "name": "listPersister",
            "type": null,
            "modifiers": [
              "private"
            ],
            "position": {}
          },
          "position": {}
        },
        "_SdPAsFtFEDWALY91o6Anvg": {
          "key": "_SdPAsFtFEDWALY91o6Anvg",
          "name": "citationPersister",
          "type": null,
          "probability": 1,
          "modifiers": [
            "private"
          ],
          "to_variable": {
            "key": "_TMiiP15LEDWALY91o6Anvg",
            "name": "citationPersister",
            "type": null,
            "modifiers": [
              "private"
            ],
            "position": {}
          },
          "position": {}
        },
        "_dWCWQFtFEDWALY91o6Anvg": {
          "key": "_dWCWQFtFEDWALY91o6Anvg",
          "name": "familyPersister",
          "type": null,
          "probability": 1,
          "modifiers": [
            "private"
          ],
          "to_variable": {
            "key": "_TMiiQF5LEDWALY91o6Anvg",
            "name": "familyPersister",
            "type": null,
            "modifiers": [
              "private"
            ],
            "position": {}
          },
          "position": {}
        },
        "_OGh8YF5JEDWALY91o6Anvg": {
          "key": "_OGh8YF5JEDWALY91o6Anvg",
          "name": "statisticPersister",
          "type": null,
          "probability": 1,
          "modifiers": [],
          "to_variable": {
            "key": "_TMiiQV5LEDWALY91o6Anvg",
            "name": "statisticPersister",
            "type": null,
            "modifiers": [],
            "position": {}
          },
          "position": {}
        },
        "_heDUgFtFEDWALY91o6Anvg": {
          "key": "_heDUgFtFEDWALY91o6Anvg",
          "name": "logger",
          "type": null,
          "probability": 1,
          "modifiers": [
            "private"
          ],
          "to_variable": {
            "key": "_TMiiQl5LEDWALY91o6Anvg",
            "name": "logger",
            "type": null,
            "modifiers": [
              "private"
            ],
            "position": {}
          },
          "position": {}
        }
      }
    },
    "fields_to_fields_data_clump-./OtherServiceImpl-_40MWgFsvEDWALY91o6Anvg-_5BEG8V_nEDWALY91o6Anvg-contentPersistentlistPersistercitationPersisterfamilyPersisterstatisticPersisterlogger": {
      "type": "data_clump",
      "key": "fields_to_fields_data_clump-./OtherServiceImpl-_40MWgFsvEDWALY91o6Anvg-_5BEG8V_nEDWALY91o6Anvg-contentPersistentlistPersistercitationPersisterfamilyPersisterstatisticPersisterlogger",
      "probability": 1,
      "from_file_path": "./OtherServiceImpl",
      "from_class_or_interface_name": "OtherServiceImpl",
      "from_class_or_interface_key": "_40MWgFsvEDWALY91o6Anvg",
      "from_method_name": null,
      "from_method_key": null,
      "to_file_path": "./AbstractOtherServicesStatistic2",
      "to_class_or_interface_key": "_5BEG8V_nEDWALY91o6Anvg",
      "to_class_or_interface_name": "OtherServiceImpl",
      "to_method_key": null,
      "to_method_name": null,
      "data_clump_type": "fields_to_fields_data_clump",
      "data_clump_data": {
        "_uiVIUFszEDWALY91o6Anvg": {
          "key": "_uiVIUFszEDWALY91o6Anvg",
          "name": "contentPersistent",
          "type": null,
          "probability": 1,
          "modifiers": [
            "private"
          ],
          "to_variable": {
            "key": "_5BEG8l_nEDWALY91o6Anvg",
            "name": "contentPersistent",
            "type": null,
            "modifiers": [
              "private"
            ],
            "position": {}
          },
          "position": {}
        },
        "_LV05IFtFEDWALY91o6Anvg": {
          "key": "_LV05IFtFEDWALY91o6Anvg",
          "name": "listPersister",
          "type": null,
          "probability": 1,
          "modifiers": [
            "private"
          ],
          "to_variable": {
            "key": "_5BEG81_nEDWALY91o6Anvg",
            "name": "listPersister",
            "type": null,
            "modifiers": [
              "private"
            ],
            "position": {}
          },
          "position": {}
        },
        "_SdPAsFtFEDWALY91o6Anvg": {
          "key": "_SdPAsFtFEDWALY91o6Anvg",
          "name": "citationPersister",
          "type": null,
          "probability": 1,
          "modifiers": [
            "private"
          ],
          "to_variable": {
            "key": "_5BEG9F_nEDWALY91o6Anvg",
            "name": "citationPersister",
            "type": null,
            "modifiers": [
              "private"
            ],
            "position": {}
          },
          "position": {}
        },
        "_dWCWQFtFEDWALY91o6Anvg": {
          "key": "_dWCWQFtFEDWALY91o6Anvg",
          "name": "familyPersister",
          "type": null,
          "probability": 1,
          "modifiers": [
            "private"
          ],
          "to_variable": {
            "key": "_5BEG9V_nEDWALY91o6Anvg",
            "name": "familyPersister",
            "type": null,
            "modifiers": [
              "private"
            ],
            "position": {}
          },
          "position": {}
        },
        "_OGh8YF5JEDWALY91o6Anvg": {
          "key": "_OGh8YF5JEDWALY91o6Anvg",
          "name": "statisticPersister",
          "type": null,
          "probability": 1,
          "modifiers": [],
          "to_variable": {
            "key": "_5BEG9l_nEDWALY91o6Anvg",
            "name": "statisticPersister",
            "type": null,
            "modifiers": [],
            "position": {}
          },
          "position": {}
        },
        "_heDUgFtFEDWALY91o6Anvg": {
          "key": "_heDUgFtFEDWALY91o6Anvg",
          "name": "logger",
          "type": null,
          "probability": 1,
          "modifiers": [
            "private"
          ],
          "to_variable": {
            "key": "_5BEG91_nEDWALY91o6Anvg",
            "name": "logger",
            "type": null,
            "modifiers": [
              "private"
            ],
            "position": {}
          },
          "position": {}
        }
      }
    }
  }
}