{
  "report_version": "unknown",
  "report_timestamp": "2025-03-26T22:57:19.761Z",
  "target_language": "java",
  "report_summary": {
    "additional": null,
    "amount_classes_or_interfaces_with_data_clumps": 2,
    "amount_files_with_data_clumps": 2,
    "amount_methods_with_data_clumps": 0,
    "fields_to_fields_data_clump": 2,
    "parameters_to_fields_data_clump": 0,
    "parameters_to_parameters_data_clump": 0,
    "amount_data_clumps": 2
  },
  "project_info": {
    "project_url": "unknown_project_url",
    "project_name": "_lG-cAIWiEeqgBLhX7Ryhyw",
    "project_version": "unknown_project_version",
    "project_commit_hash": "unknown",
    "project_tag": null,
    "project_commit_date": null,
    "additional": {},
    "number_of_files": 7,
    "number_of_classes_or_interfaces": 7,
    "number_of_methods": 6,
    "number_of_data_fields": 27,
    "number_of_method_parameters": 0
  },
  "detector": {
    "name": "data-clumps-doctor",
    "url": "https://github.com/NilsBaumgartner1994/data-clumps-doctor",
    "version": "0.1.100",
    "options": {
      "typeVariablesConsidered": false,
      "similarityModifierOfVariablesWithUnknownType": 0,
      "fieldsOfClassesWithUnknownHierarchyProbabilityModifier": 0,
      "sharedFieldsToFieldsAmountMinimum": 3,
      "analyseFieldsInClassesOrInterfacesInheritedFromSuperClassesOrInterfaces": false,
      "sharedParametersToParametersAmountMinimum": 3,
      "sharedParametersToFieldsAmountMinimum": 3,
      "methodsOfClassesOrInterfacesWithUnknownHierarchyProbabilityModifier": 0
    }
  },
  "data_clumps": {
    "fields_to_fields_data_clump-./Donneur-_TJwwwGfbEDiKoYgLiUhdKg-_lmTKQGfrEDijVLjQ_FE5Uw-NomPrénomGroupe_sanguin": {
      "type": "data_clump",
      "key": "fields_to_fields_data_clump-./Donneur-_TJwwwGfbEDiKoYgLiUhdKg-_lmTKQGfrEDijVLjQ_FE5Uw-NomPrénomGroupe_sanguin",
      "probability": 1,
      "from_file_path": "./Donneur",
      "from_class_or_interface_name": "Donneur",
      "from_class_or_interface_key": "_TJwwwGfbEDiKoYgLiUhdKg",
      "from_method_name": null,
      "from_method_key": null,
      "to_file_path": "./Receveur",
      "to_class_or_interface_key": "_lmTKQGfrEDijVLjQ_FE5Uw",
      "to_class_or_interface_name": "Donneur",
      "to_method_key": null,
      "to_method_name": null,
      "data_clump_type": "fields_to_fields_data_clump",
      "data_clump_data": {
        "_oGq1QWfrEDijVLjQ_FE5Uw": {
          "key": "_oGq1QWfrEDijVLjQ_FE5Uw",
          "name": "Nom",
          "type": null,
          "probability": 1,
          "modifiers": [],
          "to_variable": {
            "key": "_LCzOsGfxEDiRVL7IYch88g",
            "name": "Nom",
            "type": null,
            "modifiers": [],
            "position": {}
          },
          "position": {}
        },
        "_Q__QkGo7EDiscOPQkdZP0A": {
          "key": "_Q__QkGo7EDiscOPQkdZP0A",
          "name": "Prénom",
          "type": null,
          "probability": 1,
          "modifiers": [],
          "to_variable": {
            "key": "_U3E24Go7EDiscOPQkdZP0A",
            "name": "Prénom",
            "type": null,
            "modifiers": [],
            "position": {}
          },
          "position": {}
        },
        "_Ejk6wGfsEDijVLjQ_FE5Uw": {
          "key": "_Ejk6wGfsEDijVLjQ_FE5Uw",
          "name": "Groupe_sanguin",
          "type": null,
          "probability": 1,
          "modifiers": [],
          "to_variable": {
            "key": "_M6An8WfxEDiRVL7IYch88g",
            "name": "Groupe_sanguin",
            "type": null,
            "modifiers": [],
            "position": {}
          },
          "position": {}
        }
      }
    },
    "fields_to_fields_data_clump-./Receveur-_lmTKQGfrEDijVLjQ_FE5Uw-_TJwwwGfbEDiKoYgLiUhdKg-NomPrénomGroupe_sanguin": {
      "type": "data_clump",
      "key": "fields_to_fields_data_clump-./Receveur-_lmTKQGfrEDijVLjQ_FE5Uw-_TJwwwGfbEDiKoYgLiUhdKg-NomPrénomGroupe_sanguin",
      "probability": 1,
      "from_file_path": "./Receveur",
      "from_class_or_interface_name": "Receveur",
      "from_class_or_interface_key": "_lmTKQGfrEDijVLjQ_FE5Uw",
      "from_method_name": null,
      "from_method_key": null,
      "to_file_path": "./Donneur",
      "to_class_or_interface_key": "_TJwwwGfbEDiKoYgLiUhdKg",
      "to_class_or_interface_name": "Receveur",
      "to_method_key": null,
      "to_method_name": null,
      "data_clump_type": "fields_to_fields_data_clump",
      "data_clump_data": {
        "_LCzOsGfxEDiRVL7IYch88g": {
          "key": "_LCzOsGfxEDiRVL7IYch88g",
          "name": "Nom",
          "type": null,
          "probability": 1,
          "modifiers": [],
          "to_variable": {
            "key": "_oGq1QWfrEDijVLjQ_FE5Uw",
            "name": "Nom",
            "type": null,
            "modifiers": [],
            "position": {}
          },
          "position": {}
        },
        "_U3E24Go7EDiscOPQkdZP0A": {
          "key": "_U3E24Go7EDiscOPQkdZP0A",
          "name": "Prénom",
          "type": null,
          "probability": 1,
          "modifiers": [],
          "to_variable": {
            "key": "_Q__QkGo7EDiscOPQkdZP0A",
            "name": "Prénom",
            "type": null,
            "modifiers": [],
            "position": {}
          },
          "position": {}
        },
        "_M6An8WfxEDiRVL7IYch88g": {
          "key": "_M6An8WfxEDiRVL7IYch88g",
          "name": "Groupe_sanguin",
          "type": null,
          "probability": 1,
          "modifiers": [],
          "to_variable": {
            "key": "_Ejk6wGfsEDijVLjQ_FE5Uw",
            "name": "Groupe_sanguin",
            "type": null,
            "modifiers": [],
            "position": {}
          },
          "position": {}
        }
      }
    }
  }
}