{
  "report_version": "unknown",
  "report_timestamp": "2025-03-26T22:11:37.816Z",
  "target_language": "java",
  "report_summary": {
    "additional": null,
    "amount_classes_or_interfaces_with_data_clumps": 8,
    "amount_files_with_data_clumps": 8,
    "amount_methods_with_data_clumps": 0,
    "fields_to_fields_data_clump": 24,
    "parameters_to_fields_data_clump": 0,
    "parameters_to_parameters_data_clump": 0,
    "amount_data_clumps": 24
  },
  "project_info": {
    "project_url": "unknown_project_url",
    "project_name": "_w6YHwOOzEemtQJ5uHCArog",
    "project_version": "unknown_project_version",
    "project_commit_hash": "unknown",
    "project_tag": null,
    "project_commit_date": null,
    "additional": {},
    "number_of_files": 30,
    "number_of_classes_or_interfaces": 30,
    "number_of_methods": 55,
    "number_of_data_fields": 87,
    "number_of_method_parameters": 0
  },
  "detector": {
    "name": "data-clumps-doctor",
    "url": "https://github.com/NilsBaumgartner1994/data-clumps-doctor",
    "version": "0.1.100",
    "options": {
      "typeVariablesConsidered": false,
      "similarityModifierOfVariablesWithUnknownType": 0,
      "fieldsOfClassesWithUnknownHierarchyProbabilityModifier": 0,
      "sharedFieldsToFieldsAmountMinimum": 3,
      "analyseFieldsInClassesOrInterfacesInheritedFromSuperClassesOrInterfaces": false,
      "sharedParametersToParametersAmountMinimum": 3,
      "sharedParametersToFieldsAmountMinimum": 3,
      "methodsOfClassesOrInterfacesWithUnknownHierarchyProbabilityModifier": 0
    }
  },
  "data_clumps": {
    "fields_to_fields_data_clump-./Ārsti-_pSkrwMXZEDexNeceP2BBIg-_Dl-HEMXaEDexNeceP2BBIg-KodsVārdsNodaļa": {
      "type": "data_clump",
      "key": "fields_to_fields_data_clump-./Ārsti-_pSkrwMXZEDexNeceP2BBIg-_Dl-HEMXaEDexNeceP2BBIg-KodsVārdsNodaļa",
      "probability": 1,
      "from_file_path": "./Ārsti",
      "from_class_or_interface_name": "Ārsti",
      "from_class_or_interface_key": "_pSkrwMXZEDexNeceP2BBIg",
      "from_method_name": null,
      "from_method_key": null,
      "to_file_path": "./Dermatologs",
      "to_class_or_interface_key": "_Dl-HEMXaEDexNeceP2BBIg",
      "to_class_or_interface_name": "Ārsti",
      "to_method_key": null,
      "to_method_name": null,
      "data_clump_type": "fields_to_fields_data_clump",
      "data_clump_data": {
        "_qnID4MXZEDexNeceP2BBIg": {
          "key": "_qnID4MXZEDexNeceP2BBIg",
          "name": "Kods",
          "type": null,
          "probability": 1,
          "modifiers": [],
          "to_variable": {
            "key": "_Fkx9IMXaEDexNeceP2BBIg",
            "name": "Kods",
            "type": null,
            "modifiers": [],
            "position": {}
          },
          "position": {}
        },
        "_wR1j8MXZEDexNeceP2BBIg": {
          "key": "_wR1j8MXZEDexNeceP2BBIg",
          "name": "Vārds",
          "type": null,
          "probability": 1,
          "modifiers": [],
          "to_variable": {
            "key": "_GZYp4MXaEDexNeceP2BBIg",
            "name": "Vārds",
            "type": null,
            "modifiers": [],
            "position": {}
          },
          "position": {}
        },
        "_yW5zAMXZEDexNeceP2BBIg": {
          "key": "_yW5zAMXZEDexNeceP2BBIg",
          "name": "Nodaļa",
          "type": null,
          "probability": 1,
          "modifiers": [],
          "to_variable": {
            "key": "_JESJ4MXaEDexNeceP2BBIg",
            "name": "Nodaļa",
            "type": null,
            "modifiers": [],
            "position": {}
          },
          "position": {}
        }
      }
    },
    "fields_to_fields_data_clump-./Ārsti-_pSkrwMXZEDexNeceP2BBIg-_6_uC8MXZEDexNeceP2BBIg-KodsVārdsNodaļa": {
      "type": "data_clump",
      "key": "fields_to_fields_data_clump-./Ārsti-_pSkrwMXZEDexNeceP2BBIg-_6_uC8MXZEDexNeceP2BBIg-KodsVārdsNodaļa",
      "probability": 1,
      "from_file_path": "./Ārsti",
      "from_class_or_interface_name": "Ārsti",
      "from_class_or_interface_key": "_pSkrwMXZEDexNeceP2BBIg",
      "from_method_name": null,
      "from_method_key": null,
      "to_file_path": "./Ķirurgs",
      "to_class_or_interface_key": "_6_uC8MXZEDexNeceP2BBIg",
      "to_class_or_interface_name": "Ārsti",
      "to_method_key": null,
      "to_method_name": null,
      "data_clump_type": "fields_to_fields_data_clump",
      "data_clump_data": {
        "_qnID4MXZEDexNeceP2BBIg": {
          "key": "_qnID4MXZEDexNeceP2BBIg",
          "name": "Kods",
          "type": null,
          "probability": 1,
          "modifiers": [],
          "to_variable": {
            "key": "_8IK4wMXZEDexNeceP2BBIg",
            "name": "Kods",
            "type": null,
            "modifiers": [],
            "position": {}
          },
          "position": {}
        },
        "_wR1j8MXZEDexNeceP2BBIg": {
          "key": "_wR1j8MXZEDexNeceP2BBIg",
          "name": "Vārds",
          "type": null,
          "probability": 1,
          "modifiers": [],
          "to_variable": {
            "key": "_8_4j4MXZEDexNeceP2BBIg",
            "name": "Vārds",
            "type": null,
            "modifiers": [],
            "position": {}
          },
          "position": {}
        },
        "_yW5zAMXZEDexNeceP2BBIg": {
          "key": "_yW5zAMXZEDexNeceP2BBIg",
          "name": "Nodaļa",
          "type": null,
          "probability": 1,
          "modifiers": [],
          "to_variable": {
            "key": "__KqZYMXZEDexNeceP2BBIg",
            "name": "Nodaļa",
            "type": null,
            "modifiers": [],
            "position": {}
          },
          "position": {}
        }
      }
    },
    "fields_to_fields_data_clump-./Ārsti-_pSkrwMXZEDexNeceP2BBIg-_VSQ_IMXZEDexNeceP2BBIg-KodsVārdsNodaļa": {
      "type": "data_clump",
      "key": "fields_to_fields_data_clump-./Ārsti-_pSkrwMXZEDexNeceP2BBIg-_VSQ_IMXZEDexNeceP2BBIg-KodsVārdsNodaļa",
      "probability": 1,
      "from_file_path": "./Ārsti",
      "from_class_or_interface_name": "Ārsti",
      "from_class_or_interface_key": "_pSkrwMXZEDexNeceP2BBIg",
      "from_method_name": null,
      "from_method_key": null,
      "to_file_path": "./Personāls",
      "to_class_or_interface_key": "_VSQ_IMXZEDexNeceP2BBIg",
      "to_class_or_interface_name": "Ārsti",
      "to_method_key": null,
      "to_method_name": null,
      "data_clump_type": "fields_to_fields_data_clump",
      "data_clump_data": {
        "_qnID4MXZEDexNeceP2BBIg": {
          "key": "_qnID4MXZEDexNeceP2BBIg",
          "name": "Kods",
          "type": null,
          "probability": 1,
          "modifiers": [],
          "to_variable": {
            "key": "_WQkacMXZEDexNeceP2BBIg",
            "name": "Kods",
            "type": null,
            "modifiers": [],
            "position": {}
          },
          "position": {}
        },
        "_wR1j8MXZEDexNeceP2BBIg": {
          "key": "_wR1j8MXZEDexNeceP2BBIg",
          "name": "Vārds",
          "type": null,
          "probability": 1,
          "modifiers": [],
          "to_variable": {
            "key": "_ZxHwEMXZEDexNeceP2BBIg",
            "name": "Vārds",
            "type": null,
            "modifiers": [],
            "position": {}
          },
          "position": {}
        },
        "_yW5zAMXZEDexNeceP2BBIg": {
          "key": "_yW5zAMXZEDexNeceP2BBIg",
          "name": "Nodaļa",
          "type": null,
          "probability": 1,
          "modifiers": [],
          "to_variable": {
            "key": "_d1vcEMXZEDexNeceP2BBIg",
            "name": "Nodaļa",
            "type": null,
            "modifiers": [],
            "position": {}
          },
          "position": {}
        }
      }
    },
    "fields_to_fields_data_clump-./Dermatologs-_Dl-HEMXaEDexNeceP2BBIg-_pSkrwMXZEDexNeceP2BBIg-KodsVārdsNodaļa": {
      "type": "data_clump",
      "key": "fields_to_fields_data_clump-./Dermatologs-_Dl-HEMXaEDexNeceP2BBIg-_pSkrwMXZEDexNeceP2BBIg-KodsVārdsNodaļa",
      "probability": 1,
      "from_file_path": "./Dermatologs",
      "from_class_or_interface_name": "Dermatologs",
      "from_class_or_interface_key": "_Dl-HEMXaEDexNeceP2BBIg",
      "from_method_name": null,
      "from_method_key": null,
      "to_file_path": "./Ārsti",
      "to_class_or_interface_key": "_pSkrwMXZEDexNeceP2BBIg",
      "to_class_or_interface_name": "Dermatologs",
      "to_method_key": null,
      "to_method_name": null,
      "data_clump_type": "fields_to_fields_data_clump",
      "data_clump_data": {
        "_Fkx9IMXaEDexNeceP2BBIg": {
          "key": "_Fkx9IMXaEDexNeceP2BBIg",
          "name": "Kods",
          "type": null,
          "probability": 1,
          "modifiers": [],
          "to_variable": {
            "key": "_qnID4MXZEDexNeceP2BBIg",
            "name": "Kods",
            "type": null,
            "modifiers": [],
            "position": {}
          },
          "position": {}
        },
        "_GZYp4MXaEDexNeceP2BBIg": {
          "key": "_GZYp4MXaEDexNeceP2BBIg",
          "name": "Vārds",
          "type": null,
          "probability": 1,
          "modifiers": [],
          "to_variable": {
            "key": "_wR1j8MXZEDexNeceP2BBIg",
            "name": "Vārds",
            "type": null,
            "modifiers": [],
            "position": {}
          },
          "position": {}
        },
        "_JESJ4MXaEDexNeceP2BBIg": {
          "key": "_JESJ4MXaEDexNeceP2BBIg",
          "name": "Nodaļa",
          "type": null,
          "probability": 1,
          "modifiers": [],
          "to_variable": {
            "key": "_yW5zAMXZEDexNeceP2BBIg",
            "name": "Nodaļa",
            "type": null,
            "modifiers": [],
            "position": {}
          },
          "position": {}
        }
      }
    },
    "fields_to_fields_data_clump-./Dermatologs-_Dl-HEMXaEDexNeceP2BBIg-_6_uC8MXZEDexNeceP2BBIg-KodsVārdsUzvārdsNodaļaSpecialitāte": {
      "type": "data_clump",
      "key": "fields_to_fields_data_clump-./Dermatologs-_Dl-HEMXaEDexNeceP2BBIg-_6_uC8MXZEDexNeceP2BBIg-KodsVārdsUzvārdsNodaļaSpecialitāte",
      "probability": 1,
      "from_file_path": "./Dermatologs",
      "from_class_or_interface_name": "Dermatologs",
      "from_class_or_interface_key": "_Dl-HEMXaEDexNeceP2BBIg",
      "from_method_name": null,
      "from_method_key": null,
      "to_file_path": "./Ķirurgs",
      "to_class_or_interface_key": "_6_uC8MXZEDexNeceP2BBIg",
      "to_class_or_interface_name": "Dermatologs",
      "to_method_key": null,
      "to_method_name": null,
      "data_clump_type": "fields_to_fields_data_clump",
      "data_clump_data": {
        "_Fkx9IMXaEDexNeceP2BBIg": {
          "key": "_Fkx9IMXaEDexNeceP2BBIg",
          "name": "Kods",
          "type": null,
          "probability": 1,
          "modifiers": [],
          "to_variable": {
            "key": "_8IK4wMXZEDexNeceP2BBIg",
            "name": "Kods",
            "type": null,
            "modifiers": [],
            "position": {}
          },
          "position": {}
        },
        "_GZYp4MXaEDexNeceP2BBIg": {
          "key": "_GZYp4MXaEDexNeceP2BBIg",
          "name": "Vārds",
          "type": null,
          "probability": 1,
          "modifiers": [],
          "to_variable": {
            "key": "_8_4j4MXZEDexNeceP2BBIg",
            "name": "Vārds",
            "type": null,
            "modifiers": [],
            "position": {}
          },
          "position": {}
        },
        "_H937cMXaEDexNeceP2BBIg": {
          "key": "_H937cMXaEDexNeceP2BBIg",
          "name": "Uzvārds",
          "type": null,
          "probability": 1,
          "modifiers": [],
          "to_variable": {
            "key": "_9-I74MXZEDexNeceP2BBIg",
            "name": "Uzvārds",
            "type": null,
            "modifiers": [],
            "position": {}
          },
          "position": {}
        },
        "_JESJ4MXaEDexNeceP2BBIg": {
          "key": "_JESJ4MXaEDexNeceP2BBIg",
          "name": "Nodaļa",
          "type": null,
          "probability": 1,
          "modifiers": [],
          "to_variable": {
            "key": "__KqZYMXZEDexNeceP2BBIg",
            "name": "Nodaļa",
            "type": null,
            "modifiers": [],
            "position": {}
          },
          "position": {}
        },
        "_4sL0oMaKEDeTs_Pxt6xuOQ": {
          "key": "_4sL0oMaKEDeTs_Pxt6xuOQ",
          "name": "Specialitāte",
          "type": null,
          "probability": 1,
          "modifiers": [],
          "to_variable": {
            "key": "_7kFO0MaKEDeTs_Pxt6xuOQ",
            "name": "Specialitāte",
            "type": null,
            "modifiers": [],
            "position": {}
          },
          "position": {}
        }
      }
    },
    "fields_to_fields_data_clump-./Dermatologs-_Dl-HEMXaEDexNeceP2BBIg-_XyMTUMXbEDexNeceP2BBIg-KodsVārdsUzvārds": {
      "type": "data_clump",
      "key": "fields_to_fields_data_clump-./Dermatologs-_Dl-HEMXaEDexNeceP2BBIg-_XyMTUMXbEDexNeceP2BBIg-KodsVārdsUzvārds",
      "probability": 1,
      "from_file_path": "./Dermatologs",
      "from_class_or_interface_name": "Dermatologs",
      "from_class_or_interface_key": "_Dl-HEMXaEDexNeceP2BBIg",
      "from_method_name": null,
      "from_method_key": null,
      "to_file_path": "./Personasdati",
      "to_class_or_interface_key": "_XyMTUMXbEDexNeceP2BBIg",
      "to_class_or_interface_name": "Dermatologs",
      "to_method_key": null,
      "to_method_name": null,
      "data_clump_type": "fields_to_fields_data_clump",
      "data_clump_data": {
        "_Fkx9IMXaEDexNeceP2BBIg": {
          "key": "_Fkx9IMXaEDexNeceP2BBIg",
          "name": "Kods",
          "type": null,
          "probability": 1,
          "modifiers": [],
          "to_variable": {
            "key": "_ZFJI8MXbEDexNeceP2BBIg",
            "name": "Kods",
            "type": null,
            "modifiers": [],
            "position": {}
          },
          "position": {}
        },
        "_GZYp4MXaEDexNeceP2BBIg": {
          "key": "_GZYp4MXaEDexNeceP2BBIg",
          "name": "Vārds",
          "type": null,
          "probability": 1,
          "modifiers": [],
          "to_variable": {
            "key": "_b2l84MXbEDexNeceP2BBIg",
            "name": "Vārds",
            "type": null,
            "modifiers": [],
            "position": {}
          },
          "position": {}
        },
        "_H937cMXaEDexNeceP2BBIg": {
          "key": "_H937cMXaEDexNeceP2BBIg",
          "name": "Uzvārds",
          "type": null,
          "probability": 1,
          "modifiers": [],
          "to_variable": {
            "key": "_cppxgMXbEDexNeceP2BBIg",
            "name": "Uzvārds",
            "type": null,
            "modifiers": [],
            "position": {}
          },
          "position": {}
        }
      }
    },
    "fields_to_fields_data_clump-./Dermatologs-_Dl-HEMXaEDexNeceP2BBIg-_VSQ_IMXZEDexNeceP2BBIg-KodsVārdsUzvārdsNodaļa": {
      "type": "data_clump",
      "key": "fields_to_fields_data_clump-./Dermatologs-_Dl-HEMXaEDexNeceP2BBIg-_VSQ_IMXZEDexNeceP2BBIg-KodsVārdsUzvārdsNodaļa",
      "probability": 1,
      "from_file_path": "./Dermatologs",
      "from_class_or_interface_name": "Dermatologs",
      "from_class_or_interface_key": "_Dl-HEMXaEDexNeceP2BBIg",
      "from_method_name": null,
      "from_method_key": null,
      "to_file_path": "./Personāls",
      "to_class_or_interface_key": "_VSQ_IMXZEDexNeceP2BBIg",
      "to_class_or_interface_name": "Dermatologs",
      "to_method_key": null,
      "to_method_name": null,
      "data_clump_type": "fields_to_fields_data_clump",
      "data_clump_data": {
        "_Fkx9IMXaEDexNeceP2BBIg": {
          "key": "_Fkx9IMXaEDexNeceP2BBIg",
          "name": "Kods",
          "type": null,
          "probability": 1,
          "modifiers": [],
          "to_variable": {
            "key": "_WQkacMXZEDexNeceP2BBIg",
            "name": "Kods",
            "type": null,
            "modifiers": [],
            "position": {}
          },
          "position": {}
        },
        "_GZYp4MXaEDexNeceP2BBIg": {
          "key": "_GZYp4MXaEDexNeceP2BBIg",
          "name": "Vārds",
          "type": null,
          "probability": 1,
          "modifiers": [],
          "to_variable": {
            "key": "_ZxHwEMXZEDexNeceP2BBIg",
            "name": "Vārds",
            "type": null,
            "modifiers": [],
            "position": {}
          },
          "position": {}
        },
        "_H937cMXaEDexNeceP2BBIg": {
          "key": "_H937cMXaEDexNeceP2BBIg",
          "name": "Uzvārds",
          "type": null,
          "probability": 1,
          "modifiers": [],
          "to_variable": {
            "key": "_baloQMXZEDexNeceP2BBIg",
            "name": "Uzvārds",
            "type": null,
            "modifiers": [],
            "position": {}
          },
          "position": {}
        },
        "_JESJ4MXaEDexNeceP2BBIg": {
          "key": "_JESJ4MXaEDexNeceP2BBIg",
          "name": "Nodaļa",
          "type": null,
          "probability": 1,
          "modifiers": [],
          "to_variable": {
            "key": "_d1vcEMXZEDexNeceP2BBIg",
            "name": "Nodaļa",
            "type": null,
            "modifiers": [],
            "position": {}
          },
          "position": {}
        }
      }
    },
    "fields_to_fields_data_clump-./Ķirurgs-_6_uC8MXZEDexNeceP2BBIg-_pSkrwMXZEDexNeceP2BBIg-KodsVārdsNodaļa": {
      "type": "data_clump",
      "key": "fields_to_fields_data_clump-./Ķirurgs-_6_uC8MXZEDexNeceP2BBIg-_pSkrwMXZEDexNeceP2BBIg-KodsVārdsNodaļa",
      "probability": 1,
      "from_file_path": "./Ķirurgs",
      "from_class_or_interface_name": "Ķirurgs",
      "from_class_or_interface_key": "_6_uC8MXZEDexNeceP2BBIg",
      "from_method_name": null,
      "from_method_key": null,
      "to_file_path": "./Ārsti",
      "to_class_or_interface_key": "_pSkrwMXZEDexNeceP2BBIg",
      "to_class_or_interface_name": "Ķirurgs",
      "to_method_key": null,
      "to_method_name": null,
      "data_clump_type": "fields_to_fields_data_clump",
      "data_clump_data": {
        "_8IK4wMXZEDexNeceP2BBIg": {
          "key": "_8IK4wMXZEDexNeceP2BBIg",
          "name": "Kods",
          "type": null,
          "probability": 1,
          "modifiers": [],
          "to_variable": {
            "key": "_qnID4MXZEDexNeceP2BBIg",
            "name": "Kods",
            "type": null,
            "modifiers": [],
            "position": {}
          },
          "position": {}
        },
        "_8_4j4MXZEDexNeceP2BBIg": {
          "key": "_8_4j4MXZEDexNeceP2BBIg",
          "name": "Vārds",
          "type": null,
          "probability": 1,
          "modifiers": [],
          "to_variable": {
            "key": "_wR1j8MXZEDexNeceP2BBIg",
            "name": "Vārds",
            "type": null,
            "modifiers": [],
            "position": {}
          },
          "position": {}
        },
        "__KqZYMXZEDexNeceP2BBIg": {
          "key": "__KqZYMXZEDexNeceP2BBIg",
          "name": "Nodaļa",
          "type": null,
          "probability": 1,
          "modifiers": [],
          "to_variable": {
            "key": "_yW5zAMXZEDexNeceP2BBIg",
            "name": "Nodaļa",
            "type": null,
            "modifiers": [],
            "position": {}
          },
          "position": {}
        }
      }
    },
    "fields_to_fields_data_clump-./Ķirurgs-_6_uC8MXZEDexNeceP2BBIg-_Dl-HEMXaEDexNeceP2BBIg-KodsVārdsUzvārdsNodaļaSpecialitāte": {
      "type": "data_clump",
      "key": "fields_to_fields_data_clump-./Ķirurgs-_6_uC8MXZEDexNeceP2BBIg-_Dl-HEMXaEDexNeceP2BBIg-KodsVārdsUzvārdsNodaļaSpecialitāte",
      "probability": 1,
      "from_file_path": "./Ķirurgs",
      "from_class_or_interface_name": "Ķirurgs",
      "from_class_or_interface_key": "_6_uC8MXZEDexNeceP2BBIg",
      "from_method_name": null,
      "from_method_key": null,
      "to_file_path": "./Dermatologs",
      "to_class_or_interface_key": "_Dl-HEMXaEDexNeceP2BBIg",
      "to_class_or_interface_name": "Ķirurgs",
      "to_method_key": null,
      "to_method_name": null,
      "data_clump_type": "fields_to_fields_data_clump",
      "data_clump_data": {
        "_8IK4wMXZEDexNeceP2BBIg": {
          "key": "_8IK4wMXZEDexNeceP2BBIg",
          "name": "Kods",
          "type": null,
          "probability": 1,
          "modifiers": [],
          "to_variable": {
            "key": "_Fkx9IMXaEDexNeceP2BBIg",
            "name": "Kods",
            "type": null,
            "modifiers": [],
            "position": {}
          },
          "position": {}
        },
        "_8_4j4MXZEDexNeceP2BBIg": {
          "key": "_8_4j4MXZEDexNeceP2BBIg",
          "name": "Vārds",
          "type": null,
          "probability": 1,
          "modifiers": [],
          "to_variable": {
            "key": "_GZYp4MXaEDexNeceP2BBIg",
            "name": "Vārds",
            "type": null,
            "modifiers": [],
            "position": {}
          },
          "position": {}
        },
        "_9-I74MXZEDexNeceP2BBIg": {
          "key": "_9-I74MXZEDexNeceP2BBIg",
          "name": "Uzvārds",
          "type": null,
          "probability": 1,
          "modifiers": [],
          "to_variable": {
            "key": "_H937cMXaEDexNeceP2BBIg",
            "name": "Uzvārds",
            "type": null,
            "modifiers": [],
            "position": {}
          },
          "position": {}
        },
        "__KqZYMXZEDexNeceP2BBIg": {
          "key": "__KqZYMXZEDexNeceP2BBIg",
          "name": "Nodaļa",
          "type": null,
          "probability": 1,
          "modifiers": [],
          "to_variable": {
            "key": "_JESJ4MXaEDexNeceP2BBIg",
            "name": "Nodaļa",
            "type": null,
            "modifiers": [],
            "position": {}
          },
          "position": {}
        },
        "_7kFO0MaKEDeTs_Pxt6xuOQ": {
          "key": "_7kFO0MaKEDeTs_Pxt6xuOQ",
          "name": "Specialitāte",
          "type": null,
          "probability": 1,
          "modifiers": [],
          "to_variable": {
            "key": "_4sL0oMaKEDeTs_Pxt6xuOQ",
            "name": "Specialitāte",
            "type": null,
            "modifiers": [],
            "position": {}
          },
          "position": {}
        }
      }
    },
    "fields_to_fields_data_clump-./Ķirurgs-_6_uC8MXZEDexNeceP2BBIg-_XyMTUMXbEDexNeceP2BBIg-KodsVārdsUzvārds": {
      "type": "data_clump",
      "key": "fields_to_fields_data_clump-./Ķirurgs-_6_uC8MXZEDexNeceP2BBIg-_XyMTUMXbEDexNeceP2BBIg-KodsVārdsUzvārds",
      "probability": 1,
      "from_file_path": "./Ķirurgs",
      "from_class_or_interface_name": "Ķirurgs",
      "from_class_or_interface_key": "_6_uC8MXZEDexNeceP2BBIg",
      "from_method_name": null,
      "from_method_key": null,
      "to_file_path": "./Personasdati",
      "to_class_or_interface_key": "_XyMTUMXbEDexNeceP2BBIg",
      "to_class_or_interface_name": "Ķirurgs",
      "to_method_key": null,
      "to_method_name": null,
      "data_clump_type": "fields_to_fields_data_clump",
      "data_clump_data": {
        "_8IK4wMXZEDexNeceP2BBIg": {
          "key": "_8IK4wMXZEDexNeceP2BBIg",
          "name": "Kods",
          "type": null,
          "probability": 1,
          "modifiers": [],
          "to_variable": {
            "key": "_ZFJI8MXbEDexNeceP2BBIg",
            "name": "Kods",
            "type": null,
            "modifiers": [],
            "position": {}
          },
          "position": {}
        },
        "_8_4j4MXZEDexNeceP2BBIg": {
          "key": "_8_4j4MXZEDexNeceP2BBIg",
          "name": "Vārds",
          "type": null,
          "probability": 1,
          "modifiers": [],
          "to_variable": {
            "key": "_b2l84MXbEDexNeceP2BBIg",
            "name": "Vārds",
            "type": null,
            "modifiers": [],
            "position": {}
          },
          "position": {}
        },
        "_9-I74MXZEDexNeceP2BBIg": {
          "key": "_9-I74MXZEDexNeceP2BBIg",
          "name": "Uzvārds",
          "type": null,
          "probability": 1,
          "modifiers": [],
          "to_variable": {
            "key": "_cppxgMXbEDexNeceP2BBIg",
            "name": "Uzvārds",
            "type": null,
            "modifiers": [],
            "position": {}
          },
          "position": {}
        }
      }
    },
    "fields_to_fields_data_clump-./Ķirurgs-_6_uC8MXZEDexNeceP2BBIg-_VSQ_IMXZEDexNeceP2BBIg-KodsVārdsUzvārdsNodaļa": {
      "type": "data_clump",
      "key": "fields_to_fields_data_clump-./Ķirurgs-_6_uC8MXZEDexNeceP2BBIg-_VSQ_IMXZEDexNeceP2BBIg-KodsVārdsUzvārdsNodaļa",
      "probability": 1,
      "from_file_path": "./Ķirurgs",
      "from_class_or_interface_name": "Ķirurgs",
      "from_class_or_interface_key": "_6_uC8MXZEDexNeceP2BBIg",
      "from_method_name": null,
      "from_method_key": null,
      "to_file_path": "./Personāls",
      "to_class_or_interface_key": "_VSQ_IMXZEDexNeceP2BBIg",
      "to_class_or_interface_name": "Ķirurgs",
      "to_method_key": null,
      "to_method_name": null,
      "data_clump_type": "fields_to_fields_data_clump",
      "data_clump_data": {
        "_8IK4wMXZEDexNeceP2BBIg": {
          "key": "_8IK4wMXZEDexNeceP2BBIg",
          "name": "Kods",
          "type": null,
          "probability": 1,
          "modifiers": [],
          "to_variable": {
            "key": "_WQkacMXZEDexNeceP2BBIg",
            "name": "Kods",
            "type": null,
            "modifiers": [],
            "position": {}
          },
          "position": {}
        },
        "_8_4j4MXZEDexNeceP2BBIg": {
          "key": "_8_4j4MXZEDexNeceP2BBIg",
          "name": "Vārds",
          "type": null,
          "probability": 1,
          "modifiers": [],
          "to_variable": {
            "key": "_ZxHwEMXZEDexNeceP2BBIg",
            "name": "Vārds",
            "type": null,
            "modifiers": [],
            "position": {}
          },
          "position": {}
        },
        "_9-I74MXZEDexNeceP2BBIg": {
          "key": "_9-I74MXZEDexNeceP2BBIg",
          "name": "Uzvārds",
          "type": null,
          "probability": 1,
          "modifiers": [],
          "to_variable": {
            "key": "_baloQMXZEDexNeceP2BBIg",
            "name": "Uzvārds",
            "type": null,
            "modifiers": [],
            "position": {}
          },
          "position": {}
        },
        "__KqZYMXZEDexNeceP2BBIg": {
          "key": "__KqZYMXZEDexNeceP2BBIg",
          "name": "Nodaļa",
          "type": null,
          "probability": 1,
          "modifiers": [],
          "to_variable": {
            "key": "_d1vcEMXZEDexNeceP2BBIg",
            "name": "Nodaļa",
            "type": null,
            "modifiers": [],
            "position": {}
          },
          "position": {}
        }
      }
    },
    "fields_to_fields_data_clump-./Operācijuzāles-_ymEa8MXaEDexNeceP2BBIg-_oxJkQMXaEDexNeceP2BBIg-StāvsStatussNumurs": {
      "type": "data_clump",
      "key": "fields_to_fields_data_clump-./Operācijuzāles-_ymEa8MXaEDexNeceP2BBIg-_oxJkQMXaEDexNeceP2BBIg-StāvsStatussNumurs",
      "probability": 1,
      "from_file_path": "./Operācijuzāles",
      "from_class_or_interface_name": "Operācijuzāles",
      "from_class_or_interface_key": "_ymEa8MXaEDexNeceP2BBIg",
      "from_method_name": null,
      "from_method_key": null,
      "to_file_path": "./Palātas",
      "to_class_or_interface_key": "_oxJkQMXaEDexNeceP2BBIg",
      "to_class_or_interface_name": "Operācijuzāles",
      "to_method_key": null,
      "to_method_name": null,
      "data_clump_type": "fields_to_fields_data_clump",
      "data_clump_data": {
        "_-p288MXaEDexNeceP2BBIg": {
          "key": "_-p288MXaEDexNeceP2BBIg",
          "name": "Stāvs",
          "type": null,
          "probability": 1,
          "modifiers": [],
          "to_variable": {
            "key": "_r-5SoMXaEDexNeceP2BBIg",
            "name": "Stāvs",
            "type": null,
            "modifiers": [],
            "position": {}
          },
          "position": {}
        },
        "_AOFv0MXbEDexNeceP2BBIg": {
          "key": "_AOFv0MXbEDexNeceP2BBIg",
          "name": "Statuss",
          "type": null,
          "probability": 1,
          "modifiers": [],
          "to_variable": {
            "key": "_svzLIMXaEDexNeceP2BBIg",
            "name": "Statuss",
            "type": null,
            "modifiers": [],
            "position": {}
          },
          "position": {}
        },
        "_BGA2UMXbEDexNeceP2BBIg": {
          "key": "_BGA2UMXbEDexNeceP2BBIg",
          "name": "Numurs",
          "type": null,
          "probability": 1,
          "modifiers": [],
          "to_variable": {
            "key": "_z3u3IMXaEDexNeceP2BBIg",
            "name": "Numurs",
            "type": null,
            "modifiers": [],
            "position": {}
          },
          "position": {}
        }
      }
    },
    "fields_to_fields_data_clump-./Operācijuzāles-_ymEa8MXaEDexNeceP2BBIg-_dMToEMXaEDexNeceP2BBIg-StāvsStatussNumurs": {
      "type": "data_clump",
      "key": "fields_to_fields_data_clump-./Operācijuzāles-_ymEa8MXaEDexNeceP2BBIg-_dMToEMXaEDexNeceP2BBIg-StāvsStatussNumurs",
      "probability": 1,
      "from_file_path": "./Operācijuzāles",
      "from_class_or_interface_name": "Operācijuzāles",
      "from_class_or_interface_key": "_ymEa8MXaEDexNeceP2BBIg",
      "from_method_name": null,
      "from_method_key": null,
      "to_file_path": "./Telpas",
      "to_class_or_interface_key": "_dMToEMXaEDexNeceP2BBIg",
      "to_class_or_interface_name": "Operācijuzāles",
      "to_method_key": null,
      "to_method_name": null,
      "data_clump_type": "fields_to_fields_data_clump",
      "data_clump_data": {
        "_-p288MXaEDexNeceP2BBIg": {
          "key": "_-p288MXaEDexNeceP2BBIg",
          "name": "Stāvs",
          "type": null,
          "probability": 1,
          "modifiers": [],
          "to_variable": {
            "key": "_haQPMMXaEDexNeceP2BBIg",
            "name": "Stāvs",
            "type": null,
            "modifiers": [],
            "position": {}
          },
          "position": {}
        },
        "_AOFv0MXbEDexNeceP2BBIg": {
          "key": "_AOFv0MXbEDexNeceP2BBIg",
          "name": "Statuss",
          "type": null,
          "probability": 1,
          "modifiers": [],
          "to_variable": {
            "key": "_fBMGEMXaEDexNeceP2BBIg",
            "name": "Statuss",
            "type": null,
            "modifiers": [],
            "position": {}
          },
          "position": {}
        },
        "_BGA2UMXbEDexNeceP2BBIg": {
          "key": "_BGA2UMXbEDexNeceP2BBIg",
          "name": "Numurs",
          "type": null,
          "probability": 1,
          "modifiers": [],
          "to_variable": {
            "key": "_07k5wMXaEDexNeceP2BBIg",
            "name": "Numurs",
            "type": null,
            "modifiers": [],
            "position": {}
          },
          "position": {}
        }
      }
    },
    "fields_to_fields_data_clump-./Palātas-_oxJkQMXaEDexNeceP2BBIg-_ymEa8MXaEDexNeceP2BBIg-StāvsStatussNumurs": {
      "type": "data_clump",
      "key": "fields_to_fields_data_clump-./Palātas-_oxJkQMXaEDexNeceP2BBIg-_ymEa8MXaEDexNeceP2BBIg-StāvsStatussNumurs",
      "probability": 1,
      "from_file_path": "./Palātas",
      "from_class_or_interface_name": "Palātas",
      "from_class_or_interface_key": "_oxJkQMXaEDexNeceP2BBIg",
      "from_method_name": null,
      "from_method_key": null,
      "to_file_path": "./Operācijuzāles",
      "to_class_or_interface_key": "_ymEa8MXaEDexNeceP2BBIg",
      "to_class_or_interface_name": "Palātas",
      "to_method_key": null,
      "to_method_name": null,
      "data_clump_type": "fields_to_fields_data_clump",
      "data_clump_data": {
        "_r-5SoMXaEDexNeceP2BBIg": {
          "key": "_r-5SoMXaEDexNeceP2BBIg",
          "name": "Stāvs",
          "type": null,
          "probability": 1,
          "modifiers": [],
          "to_variable": {
            "key": "_-p288MXaEDexNeceP2BBIg",
            "name": "Stāvs",
            "type": null,
            "modifiers": [],
            "position": {}
          },
          "position": {}
        },
        "_svzLIMXaEDexNeceP2BBIg": {
          "key": "_svzLIMXaEDexNeceP2BBIg",
          "name": "Statuss",
          "type": null,
          "probability": 1,
          "modifiers": [],
          "to_variable": {
            "key": "_AOFv0MXbEDexNeceP2BBIg",
            "name": "Statuss",
            "type": null,
            "modifiers": [],
            "position": {}
          },
          "position": {}
        },
        "_z3u3IMXaEDexNeceP2BBIg": {
          "key": "_z3u3IMXaEDexNeceP2BBIg",
          "name": "Numurs",
          "type": null,
          "probability": 1,
          "modifiers": [],
          "to_variable": {
            "key": "_BGA2UMXbEDexNeceP2BBIg",
            "name": "Numurs",
            "type": null,
            "modifiers": [],
            "position": {}
          },
          "position": {}
        }
      }
    },
    "fields_to_fields_data_clump-./Palātas-_oxJkQMXaEDexNeceP2BBIg-_dMToEMXaEDexNeceP2BBIg-StāvsStatussNumurs": {
      "type": "data_clump",
      "key": "fields_to_fields_data_clump-./Palātas-_oxJkQMXaEDexNeceP2BBIg-_dMToEMXaEDexNeceP2BBIg-StāvsStatussNumurs",
      "probability": 1,
      "from_file_path": "./Palātas",
      "from_class_or_interface_name": "Palātas",
      "from_class_or_interface_key": "_oxJkQMXaEDexNeceP2BBIg",
      "from_method_name": null,
      "from_method_key": null,
      "to_file_path": "./Telpas",
      "to_class_or_interface_key": "_dMToEMXaEDexNeceP2BBIg",
      "to_class_or_interface_name": "Palātas",
      "to_method_key": null,
      "to_method_name": null,
      "data_clump_type": "fields_to_fields_data_clump",
      "data_clump_data": {
        "_r-5SoMXaEDexNeceP2BBIg": {
          "key": "_r-5SoMXaEDexNeceP2BBIg",
          "name": "Stāvs",
          "type": null,
          "probability": 1,
          "modifiers": [],
          "to_variable": {
            "key": "_haQPMMXaEDexNeceP2BBIg",
            "name": "Stāvs",
            "type": null,
            "modifiers": [],
            "position": {}
          },
          "position": {}
        },
        "_svzLIMXaEDexNeceP2BBIg": {
          "key": "_svzLIMXaEDexNeceP2BBIg",
          "name": "Statuss",
          "type": null,
          "probability": 1,
          "modifiers": [],
          "to_variable": {
            "key": "_fBMGEMXaEDexNeceP2BBIg",
            "name": "Statuss",
            "type": null,
            "modifiers": [],
            "position": {}
          },
          "position": {}
        },
        "_z3u3IMXaEDexNeceP2BBIg": {
          "key": "_z3u3IMXaEDexNeceP2BBIg",
          "name": "Numurs",
          "type": null,
          "probability": 1,
          "modifiers": [],
          "to_variable": {
            "key": "_07k5wMXaEDexNeceP2BBIg",
            "name": "Numurs",
            "type": null,
            "modifiers": [],
            "position": {}
          },
          "position": {}
        }
      }
    },
    "fields_to_fields_data_clump-./Personasdati-_XyMTUMXbEDexNeceP2BBIg-_Dl-HEMXaEDexNeceP2BBIg-KodsVārdsUzvārds": {
      "type": "data_clump",
      "key": "fields_to_fields_data_clump-./Personasdati-_XyMTUMXbEDexNeceP2BBIg-_Dl-HEMXaEDexNeceP2BBIg-KodsVārdsUzvārds",
      "probability": 1,
      "from_file_path": "./Personasdati",
      "from_class_or_interface_name": "Personasdati",
      "from_class_or_interface_key": "_XyMTUMXbEDexNeceP2BBIg",
      "from_method_name": null,
      "from_method_key": null,
      "to_file_path": "./Dermatologs",
      "to_class_or_interface_key": "_Dl-HEMXaEDexNeceP2BBIg",
      "to_class_or_interface_name": "Personasdati",
      "to_method_key": null,
      "to_method_name": null,
      "data_clump_type": "fields_to_fields_data_clump",
      "data_clump_data": {
        "_ZFJI8MXbEDexNeceP2BBIg": {
          "key": "_ZFJI8MXbEDexNeceP2BBIg",
          "name": "Kods",
          "type": null,
          "probability": 1,
          "modifiers": [],
          "to_variable": {
            "key": "_Fkx9IMXaEDexNeceP2BBIg",
            "name": "Kods",
            "type": null,
            "modifiers": [],
            "position": {}
          },
          "position": {}
        },
        "_b2l84MXbEDexNeceP2BBIg": {
          "key": "_b2l84MXbEDexNeceP2BBIg",
          "name": "Vārds",
          "type": null,
          "probability": 1,
          "modifiers": [],
          "to_variable": {
            "key": "_GZYp4MXaEDexNeceP2BBIg",
            "name": "Vārds",
            "type": null,
            "modifiers": [],
            "position": {}
          },
          "position": {}
        },
        "_cppxgMXbEDexNeceP2BBIg": {
          "key": "_cppxgMXbEDexNeceP2BBIg",
          "name": "Uzvārds",
          "type": null,
          "probability": 1,
          "modifiers": [],
          "to_variable": {
            "key": "_H937cMXaEDexNeceP2BBIg",
            "name": "Uzvārds",
            "type": null,
            "modifiers": [],
            "position": {}
          },
          "position": {}
        }
      }
    },
    "fields_to_fields_data_clump-./Personasdati-_XyMTUMXbEDexNeceP2BBIg-_6_uC8MXZEDexNeceP2BBIg-KodsVārdsUzvārds": {
      "type": "data_clump",
      "key": "fields_to_fields_data_clump-./Personasdati-_XyMTUMXbEDexNeceP2BBIg-_6_uC8MXZEDexNeceP2BBIg-KodsVārdsUzvārds",
      "probability": 1,
      "from_file_path": "./Personasdati",
      "from_class_or_interface_name": "Personasdati",
      "from_class_or_interface_key": "_XyMTUMXbEDexNeceP2BBIg",
      "from_method_name": null,
      "from_method_key": null,
      "to_file_path": "./Ķirurgs",
      "to_class_or_interface_key": "_6_uC8MXZEDexNeceP2BBIg",
      "to_class_or_interface_name": "Personasdati",
      "to_method_key": null,
      "to_method_name": null,
      "data_clump_type": "fields_to_fields_data_clump",
      "data_clump_data": {
        "_ZFJI8MXbEDexNeceP2BBIg": {
          "key": "_ZFJI8MXbEDexNeceP2BBIg",
          "name": "Kods",
          "type": null,
          "probability": 1,
          "modifiers": [],
          "to_variable": {
            "key": "_8IK4wMXZEDexNeceP2BBIg",
            "name": "Kods",
            "type": null,
            "modifiers": [],
            "position": {}
          },
          "position": {}
        },
        "_b2l84MXbEDexNeceP2BBIg": {
          "key": "_b2l84MXbEDexNeceP2BBIg",
          "name": "Vārds",
          "type": null,
          "probability": 1,
          "modifiers": [],
          "to_variable": {
            "key": "_8_4j4MXZEDexNeceP2BBIg",
            "name": "Vārds",
            "type": null,
            "modifiers": [],
            "position": {}
          },
          "position": {}
        },
        "_cppxgMXbEDexNeceP2BBIg": {
          "key": "_cppxgMXbEDexNeceP2BBIg",
          "name": "Uzvārds",
          "type": null,
          "probability": 1,
          "modifiers": [],
          "to_variable": {
            "key": "_9-I74MXZEDexNeceP2BBIg",
            "name": "Uzvārds",
            "type": null,
            "modifiers": [],
            "position": {}
          },
          "position": {}
        }
      }
    },
    "fields_to_fields_data_clump-./Personasdati-_XyMTUMXbEDexNeceP2BBIg-_VSQ_IMXZEDexNeceP2BBIg-KodsVārdsUzvārds": {
      "type": "data_clump",
      "key": "fields_to_fields_data_clump-./Personasdati-_XyMTUMXbEDexNeceP2BBIg-_VSQ_IMXZEDexNeceP2BBIg-KodsVārdsUzvārds",
      "probability": 1,
      "from_file_path": "./Personasdati",
      "from_class_or_interface_name": "Personasdati",
      "from_class_or_interface_key": "_XyMTUMXbEDexNeceP2BBIg",
      "from_method_name": null,
      "from_method_key": null,
      "to_file_path": "./Personāls",
      "to_class_or_interface_key": "_VSQ_IMXZEDexNeceP2BBIg",
      "to_class_or_interface_name": "Personasdati",
      "to_method_key": null,
      "to_method_name": null,
      "data_clump_type": "fields_to_fields_data_clump",
      "data_clump_data": {
        "_ZFJI8MXbEDexNeceP2BBIg": {
          "key": "_ZFJI8MXbEDexNeceP2BBIg",
          "name": "Kods",
          "type": null,
          "probability": 1,
          "modifiers": [],
          "to_variable": {
            "key": "_WQkacMXZEDexNeceP2BBIg",
            "name": "Kods",
            "type": null,
            "modifiers": [],
            "position": {}
          },
          "position": {}
        },
        "_b2l84MXbEDexNeceP2BBIg": {
          "key": "_b2l84MXbEDexNeceP2BBIg",
          "name": "Vārds",
          "type": null,
          "probability": 1,
          "modifiers": [],
          "to_variable": {
            "key": "_ZxHwEMXZEDexNeceP2BBIg",
            "name": "Vārds",
            "type": null,
            "modifiers": [],
            "position": {}
          },
          "position": {}
        },
        "_cppxgMXbEDexNeceP2BBIg": {
          "key": "_cppxgMXbEDexNeceP2BBIg",
          "name": "Uzvārds",
          "type": null,
          "probability": 1,
          "modifiers": [],
          "to_variable": {
            "key": "_baloQMXZEDexNeceP2BBIg",
            "name": "Uzvārds",
            "type": null,
            "modifiers": [],
            "position": {}
          },
          "position": {}
        }
      }
    },
    "fields_to_fields_data_clump-./Personāls-_VSQ_IMXZEDexNeceP2BBIg-_pSkrwMXZEDexNeceP2BBIg-KodsVārdsNodaļa": {
      "type": "data_clump",
      "key": "fields_to_fields_data_clump-./Personāls-_VSQ_IMXZEDexNeceP2BBIg-_pSkrwMXZEDexNeceP2BBIg-KodsVārdsNodaļa",
      "probability": 1,
      "from_file_path": "./Personāls",
      "from_class_or_interface_name": "Personāls",
      "from_class_or_interface_key": "_VSQ_IMXZEDexNeceP2BBIg",
      "from_method_name": null,
      "from_method_key": null,
      "to_file_path": "./Ārsti",
      "to_class_or_interface_key": "_pSkrwMXZEDexNeceP2BBIg",
      "to_class_or_interface_name": "Personāls",
      "to_method_key": null,
      "to_method_name": null,
      "data_clump_type": "fields_to_fields_data_clump",
      "data_clump_data": {
        "_WQkacMXZEDexNeceP2BBIg": {
          "key": "_WQkacMXZEDexNeceP2BBIg",
          "name": "Kods",
          "type": null,
          "probability": 1,
          "modifiers": [],
          "to_variable": {
            "key": "_qnID4MXZEDexNeceP2BBIg",
            "name": "Kods",
            "type": null,
            "modifiers": [],
            "position": {}
          },
          "position": {}
        },
        "_ZxHwEMXZEDexNeceP2BBIg": {
          "key": "_ZxHwEMXZEDexNeceP2BBIg",
          "name": "Vārds",
          "type": null,
          "probability": 1,
          "modifiers": [],
          "to_variable": {
            "key": "_wR1j8MXZEDexNeceP2BBIg",
            "name": "Vārds",
            "type": null,
            "modifiers": [],
            "position": {}
          },
          "position": {}
        },
        "_d1vcEMXZEDexNeceP2BBIg": {
          "key": "_d1vcEMXZEDexNeceP2BBIg",
          "name": "Nodaļa",
          "type": null,
          "probability": 1,
          "modifiers": [],
          "to_variable": {
            "key": "_yW5zAMXZEDexNeceP2BBIg",
            "name": "Nodaļa",
            "type": null,
            "modifiers": [],
            "position": {}
          },
          "position": {}
        }
      }
    },
    "fields_to_fields_data_clump-./Personāls-_VSQ_IMXZEDexNeceP2BBIg-_Dl-HEMXaEDexNeceP2BBIg-KodsVārdsUzvārdsNodaļa": {
      "type": "data_clump",
      "key": "fields_to_fields_data_clump-./Personāls-_VSQ_IMXZEDexNeceP2BBIg-_Dl-HEMXaEDexNeceP2BBIg-KodsVārdsUzvārdsNodaļa",
      "probability": 1,
      "from_file_path": "./Personāls",
      "from_class_or_interface_name": "Personāls",
      "from_class_or_interface_key": "_VSQ_IMXZEDexNeceP2BBIg",
      "from_method_name": null,
      "from_method_key": null,
      "to_file_path": "./Dermatologs",
      "to_class_or_interface_key": "_Dl-HEMXaEDexNeceP2BBIg",
      "to_class_or_interface_name": "Personāls",
      "to_method_key": null,
      "to_method_name": null,
      "data_clump_type": "fields_to_fields_data_clump",
      "data_clump_data": {
        "_WQkacMXZEDexNeceP2BBIg": {
          "key": "_WQkacMXZEDexNeceP2BBIg",
          "name": "Kods",
          "type": null,
          "probability": 1,
          "modifiers": [],
          "to_variable": {
            "key": "_Fkx9IMXaEDexNeceP2BBIg",
            "name": "Kods",
            "type": null,
            "modifiers": [],
            "position": {}
          },
          "position": {}
        },
        "_ZxHwEMXZEDexNeceP2BBIg": {
          "key": "_ZxHwEMXZEDexNeceP2BBIg",
          "name": "Vārds",
          "type": null,
          "probability": 1,
          "modifiers": [],
          "to_variable": {
            "key": "_GZYp4MXaEDexNeceP2BBIg",
            "name": "Vārds",
            "type": null,
            "modifiers": [],
            "position": {}
          },
          "position": {}
        },
        "_baloQMXZEDexNeceP2BBIg": {
          "key": "_baloQMXZEDexNeceP2BBIg",
          "name": "Uzvārds",
          "type": null,
          "probability": 1,
          "modifiers": [],
          "to_variable": {
            "key": "_H937cMXaEDexNeceP2BBIg",
            "name": "Uzvārds",
            "type": null,
            "modifiers": [],
            "position": {}
          },
          "position": {}
        },
        "_d1vcEMXZEDexNeceP2BBIg": {
          "key": "_d1vcEMXZEDexNeceP2BBIg",
          "name": "Nodaļa",
          "type": null,
          "probability": 1,
          "modifiers": [],
          "to_variable": {
            "key": "_JESJ4MXaEDexNeceP2BBIg",
            "name": "Nodaļa",
            "type": null,
            "modifiers": [],
            "position": {}
          },
          "position": {}
        }
      }
    },
    "fields_to_fields_data_clump-./Personāls-_VSQ_IMXZEDexNeceP2BBIg-_6_uC8MXZEDexNeceP2BBIg-KodsVārdsUzvārdsNodaļa": {
      "type": "data_clump",
      "key": "fields_to_fields_data_clump-./Personāls-_VSQ_IMXZEDexNeceP2BBIg-_6_uC8MXZEDexNeceP2BBIg-KodsVārdsUzvārdsNodaļa",
      "probability": 1,
      "from_file_path": "./Personāls",
      "from_class_or_interface_name": "Personāls",
      "from_class_or_interface_key": "_VSQ_IMXZEDexNeceP2BBIg",
      "from_method_name": null,
      "from_method_key": null,
      "to_file_path": "./Ķirurgs",
      "to_class_or_interface_key": "_6_uC8MXZEDexNeceP2BBIg",
      "to_class_or_interface_name": "Personāls",
      "to_method_key": null,
      "to_method_name": null,
      "data_clump_type": "fields_to_fields_data_clump",
      "data_clump_data": {
        "_WQkacMXZEDexNeceP2BBIg": {
          "key": "_WQkacMXZEDexNeceP2BBIg",
          "name": "Kods",
          "type": null,
          "probability": 1,
          "modifiers": [],
          "to_variable": {
            "key": "_8IK4wMXZEDexNeceP2BBIg",
            "name": "Kods",
            "type": null,
            "modifiers": [],
            "position": {}
          },
          "position": {}
        },
        "_ZxHwEMXZEDexNeceP2BBIg": {
          "key": "_ZxHwEMXZEDexNeceP2BBIg",
          "name": "Vārds",
          "type": null,
          "probability": 1,
          "modifiers": [],
          "to_variable": {
            "key": "_8_4j4MXZEDexNeceP2BBIg",
            "name": "Vārds",
            "type": null,
            "modifiers": [],
            "position": {}
          },
          "position": {}
        },
        "_baloQMXZEDexNeceP2BBIg": {
          "key": "_baloQMXZEDexNeceP2BBIg",
          "name": "Uzvārds",
          "type": null,
          "probability": 1,
          "modifiers": [],
          "to_variable": {
            "key": "_9-I74MXZEDexNeceP2BBIg",
            "name": "Uzvārds",
            "type": null,
            "modifiers": [],
            "position": {}
          },
          "position": {}
        },
        "_d1vcEMXZEDexNeceP2BBIg": {
          "key": "_d1vcEMXZEDexNeceP2BBIg",
          "name": "Nodaļa",
          "type": null,
          "probability": 1,
          "modifiers": [],
          "to_variable": {
            "key": "__KqZYMXZEDexNeceP2BBIg",
            "name": "Nodaļa",
            "type": null,
            "modifiers": [],
            "position": {}
          },
          "position": {}
        }
      }
    },
    "fields_to_fields_data_clump-./Personāls-_VSQ_IMXZEDexNeceP2BBIg-_XyMTUMXbEDexNeceP2BBIg-KodsVārdsUzvārds": {
      "type": "data_clump",
      "key": "fields_to_fields_data_clump-./Personāls-_VSQ_IMXZEDexNeceP2BBIg-_XyMTUMXbEDexNeceP2BBIg-KodsVārdsUzvārds",
      "probability": 1,
      "from_file_path": "./Personāls",
      "from_class_or_interface_name": "Personāls",
      "from_class_or_interface_key": "_VSQ_IMXZEDexNeceP2BBIg",
      "from_method_name": null,
      "from_method_key": null,
      "to_file_path": "./Personasdati",
      "to_class_or_interface_key": "_XyMTUMXbEDexNeceP2BBIg",
      "to_class_or_interface_name": "Personāls",
      "to_method_key": null,
      "to_method_name": null,
      "data_clump_type": "fields_to_fields_data_clump",
      "data_clump_data": {
        "_WQkacMXZEDexNeceP2BBIg": {
          "key": "_WQkacMXZEDexNeceP2BBIg",
          "name": "Kods",
          "type": null,
          "probability": 1,
          "modifiers": [],
          "to_variable": {
            "key": "_ZFJI8MXbEDexNeceP2BBIg",
            "name": "Kods",
            "type": null,
            "modifiers": [],
            "position": {}
          },
          "position": {}
        },
        "_ZxHwEMXZEDexNeceP2BBIg": {
          "key": "_ZxHwEMXZEDexNeceP2BBIg",
          "name": "Vārds",
          "type": null,
          "probability": 1,
          "modifiers": [],
          "to_variable": {
            "key": "_b2l84MXbEDexNeceP2BBIg",
            "name": "Vārds",
            "type": null,
            "modifiers": [],
            "position": {}
          },
          "position": {}
        },
        "_baloQMXZEDexNeceP2BBIg": {
          "key": "_baloQMXZEDexNeceP2BBIg",
          "name": "Uzvārds",
          "type": null,
          "probability": 1,
          "modifiers": [],
          "to_variable": {
            "key": "_cppxgMXbEDexNeceP2BBIg",
            "name": "Uzvārds",
            "type": null,
            "modifiers": [],
            "position": {}
          },
          "position": {}
        }
      }
    },
    "fields_to_fields_data_clump-./Telpas-_dMToEMXaEDexNeceP2BBIg-_ymEa8MXaEDexNeceP2BBIg-StatussStāvsNumurs": {
      "type": "data_clump",
      "key": "fields_to_fields_data_clump-./Telpas-_dMToEMXaEDexNeceP2BBIg-_ymEa8MXaEDexNeceP2BBIg-StatussStāvsNumurs",
      "probability": 1,
      "from_file_path": "./Telpas",
      "from_class_or_interface_name": "Telpas",
      "from_class_or_interface_key": "_dMToEMXaEDexNeceP2BBIg",
      "from_method_name": null,
      "from_method_key": null,
      "to_file_path": "./Operācijuzāles",
      "to_class_or_interface_key": "_ymEa8MXaEDexNeceP2BBIg",
      "to_class_or_interface_name": "Telpas",
      "to_method_key": null,
      "to_method_name": null,
      "data_clump_type": "fields_to_fields_data_clump",
      "data_clump_data": {
        "_fBMGEMXaEDexNeceP2BBIg": {
          "key": "_fBMGEMXaEDexNeceP2BBIg",
          "name": "Statuss",
          "type": null,
          "probability": 1,
          "modifiers": [],
          "to_variable": {
            "key": "_AOFv0MXbEDexNeceP2BBIg",
            "name": "Statuss",
            "type": null,
            "modifiers": [],
            "position": {}
          },
          "position": {}
        },
        "_haQPMMXaEDexNeceP2BBIg": {
          "key": "_haQPMMXaEDexNeceP2BBIg",
          "name": "Stāvs",
          "type": null,
          "probability": 1,
          "modifiers": [],
          "to_variable": {
            "key": "_-p288MXaEDexNeceP2BBIg",
            "name": "Stāvs",
            "type": null,
            "modifiers": [],
            "position": {}
          },
          "position": {}
        },
        "_07k5wMXaEDexNeceP2BBIg": {
          "key": "_07k5wMXaEDexNeceP2BBIg",
          "name": "Numurs",
          "type": null,
          "probability": 1,
          "modifiers": [],
          "to_variable": {
            "key": "_BGA2UMXbEDexNeceP2BBIg",
            "name": "Numurs",
            "type": null,
            "modifiers": [],
            "position": {}
          },
          "position": {}
        }
      }
    },
    "fields_to_fields_data_clump-./Telpas-_dMToEMXaEDexNeceP2BBIg-_oxJkQMXaEDexNeceP2BBIg-StatussStāvsNumurs": {
      "type": "data_clump",
      "key": "fields_to_fields_data_clump-./Telpas-_dMToEMXaEDexNeceP2BBIg-_oxJkQMXaEDexNeceP2BBIg-StatussStāvsNumurs",
      "probability": 1,
      "from_file_path": "./Telpas",
      "from_class_or_interface_name": "Telpas",
      "from_class_or_interface_key": "_dMToEMXaEDexNeceP2BBIg",
      "from_method_name": null,
      "from_method_key": null,
      "to_file_path": "./Palātas",
      "to_class_or_interface_key": "_oxJkQMXaEDexNeceP2BBIg",
      "to_class_or_interface_name": "Telpas",
      "to_method_key": null,
      "to_method_name": null,
      "data_clump_type": "fields_to_fields_data_clump",
      "data_clump_data": {
        "_fBMGEMXaEDexNeceP2BBIg": {
          "key": "_fBMGEMXaEDexNeceP2BBIg",
          "name": "Statuss",
          "type": null,
          "probability": 1,
          "modifiers": [],
          "to_variable": {
            "key": "_svzLIMXaEDexNeceP2BBIg",
            "name": "Statuss",
            "type": null,
            "modifiers": [],
            "position": {}
          },
          "position": {}
        },
        "_haQPMMXaEDexNeceP2BBIg": {
          "key": "_haQPMMXaEDexNeceP2BBIg",
          "name": "Stāvs",
          "type": null,
          "probability": 1,
          "modifiers": [],
          "to_variable": {
            "key": "_r-5SoMXaEDexNeceP2BBIg",
            "name": "Stāvs",
            "type": null,
            "modifiers": [],
            "position": {}
          },
          "position": {}
        },
        "_07k5wMXaEDexNeceP2BBIg": {
          "key": "_07k5wMXaEDexNeceP2BBIg",
          "name": "Numurs",
          "type": null,
          "probability": 1,
          "modifiers": [],
          "to_variable": {
            "key": "_z3u3IMXaEDexNeceP2BBIg",
            "name": "Numurs",
            "type": null,
            "modifiers": [],
            "position": {}
          },
          "position": {}
        }
      }
    }
  }
}