{
  "report_version": "unknown",
  "report_timestamp": "2025-03-26T22:08:47.507Z",
  "target_language": "java",
  "report_summary": {
    "additional": null,
    "amount_classes_or_interfaces_with_data_clumps": 1,
    "amount_files_with_data_clumps": 1,
    "amount_methods_with_data_clumps": 1,
    "fields_to_fields_data_clump": 0,
    "parameters_to_fields_data_clump": 1,
    "parameters_to_parameters_data_clump": 0,
    "amount_data_clumps": 1
  },
  "project_info": {
    "project_url": "unknown_project_url",
    "project_name": "_D7-80LNaEeSwG8dHYUky5Q",
    "project_version": "unknown_project_version",
    "project_commit_hash": "unknown",
    "project_tag": null,
    "project_commit_date": null,
    "additional": {},
    "number_of_files": 13,
    "number_of_classes_or_interfaces": 13,
    "number_of_methods": 63,
    "number_of_data_fields": 14,
    "number_of_method_parameters": 55
  },
  "detector": {
    "name": "data-clumps-doctor",
    "url": "https://github.com/NilsBaumgartner1994/data-clumps-doctor",
    "version": "0.1.100",
    "options": {
      "typeVariablesConsidered": false,
      "similarityModifierOfVariablesWithUnknownType": 0,
      "fieldsOfClassesWithUnknownHierarchyProbabilityModifier": 0,
      "sharedFieldsToFieldsAmountMinimum": 3,
      "analyseFieldsInClassesOrInterfacesInheritedFromSuperClassesOrInterfaces": false,
      "sharedParametersToParametersAmountMinimum": 3,
      "sharedParametersToFieldsAmountMinimum": 3,
      "methodsOfClassesOrInterfacesWithUnknownHierarchyProbabilityModifier": 0
    }
  },
  "data_clumps": {
    "parameters_to_fields_data_clump-./Salle-_EMYJeLNaEeSZTNYsq3DXZA-_EMYJZLNaEeSZTNYsq3DXZA-nomtypecapacite": {
      "type": "data_clump",
      "key": "parameters_to_fields_data_clump-./Salle-_EMYJeLNaEeSZTNYsq3DXZA-_EMYJZLNaEeSZTNYsq3DXZA-nomtypecapacite",
      "probability": 1,
      "from_file_path": "./Salle",
      "from_class_or_interface_name": "Salle",
      "from_class_or_interface_key": "_EMYJZLNaEeSZTNYsq3DXZA",
      "from_method_name": "Salle",
      "from_method_key": "_EMYJeLNaEeSZTNYsq3DXZA",
      "to_file_path": "./Salle",
      "to_class_or_interface_name": "Salle",
      "to_class_or_interface_key": "_EMYJZLNaEeSZTNYsq3DXZA",
      "to_method_name": null,
      "to_method_key": null,
      "data_clump_type": "parameters_to_fields_data_clump",
      "data_clump_data": {
        "_EMYJgLNaEeSZTNYsq3DXZA": {
          "key": "_EMYJgLNaEeSZTNYsq3DXZA",
          "name": "nom",
          "type": null,
          "probability": 1,
          "modifiers": [],
          "to_variable": {
            "key": "_EMYJaLNaEeSZTNYsq3DXZA",
            "name": "nom",
            "type": null,
            "modifiers": [
              "private"
            ],
            "position": {}
          },
          "position": {}
        },
        "_EMYJg7NaEeSZTNYsq3DXZA": {
          "key": "_EMYJg7NaEeSZTNYsq3DXZA",
          "name": "type",
          "type": null,
          "probability": 1,
          "modifiers": [],
          "to_variable": {
            "key": "_EMYJbLNaEeSZTNYsq3DXZA",
            "name": "type",
            "type": null,
            "modifiers": [
              "private"
            ],
            "position": {}
          },
          "position": {}
        },
        "_EMYJhrNaEeSZTNYsq3DXZA": {
          "key": "_EMYJhrNaEeSZTNYsq3DXZA",
          "name": "capacite",
          "type": null,
          "probability": 1,
          "modifiers": [],
          "to_variable": {
            "key": "_EMYJdLNaEeSZTNYsq3DXZA",
            "name": "capacite",
            "type": null,
            "modifiers": [
              "private"
            ],
            "position": {}
          },
          "position": {}
        }
      }
    }
  }
}