{
  "report_version": "unknown",
  "report_timestamp": "2025-03-26T22:12:35.551Z",
  "target_language": "java",
  "report_summary": {
    "additional": null,
    "amount_classes_or_interfaces_with_data_clumps": 1,
    "amount_files_with_data_clumps": 1,
    "amount_methods_with_data_clumps": 2,
    "fields_to_fields_data_clump": 0,
    "parameters_to_fields_data_clump": 0,
    "parameters_to_parameters_data_clump": 2,
    "amount_data_clumps": 2
  },
  "project_info": {
    "project_url": "unknown_project_url",
    "project_name": "_fsZvIP34EeeLEbIzy5aHfg",
    "project_version": "unknown_project_version",
    "project_commit_hash": "unknown",
    "project_tag": null,
    "project_commit_date": null,
    "additional": {},
    "number_of_files": 7,
    "number_of_classes_or_interfaces": 7,
    "number_of_methods": 17,
    "number_of_data_fields": 7,
    "number_of_method_parameters": 19
  },
  "detector": {
    "name": "data-clumps-doctor",
    "url": "https://github.com/NilsBaumgartner1994/data-clumps-doctor",
    "version": "0.1.100",
    "options": {
      "typeVariablesConsidered": false,
      "similarityModifierOfVariablesWithUnknownType": 0,
      "fieldsOfClassesWithUnknownHierarchyProbabilityModifier": 0,
      "sharedFieldsToFieldsAmountMinimum": 3,
      "analyseFieldsInClassesOrInterfacesInheritedFromSuperClassesOrInterfaces": false,
      "sharedParametersToParametersAmountMinimum": 3,
      "sharedParametersToFieldsAmountMinimum": 3,
      "methodsOfClassesOrInterfacesWithUnknownHierarchyProbabilityModifier": 0
    }
  },
  "data_clumps": {
    "parameters_to_parameters_data_clump-./Scene-_IJ57kOKQEDWihf-hCNEphg-_M45aQOKQEDWihf-hCNEphg-parameterparameter2parameter3parameter4parameter5parameter6": {
      "type": "data_clump",
      "key": "parameters_to_parameters_data_clump-./Scene-_IJ57kOKQEDWihf-hCNEphg-_M45aQOKQEDWihf-hCNEphg-parameterparameter2parameter3parameter4parameter5parameter6",
      "probability": 1,
      "from_file_path": "./Scene",
      "from_class_or_interface_name": "Scene",
      "from_class_or_interface_key": "_9jtMMOJ_EDWihf-hCNEphg",
      "from_method_name": "updateView",
      "from_method_key": "_IJ57kOKQEDWihf-hCNEphg",
      "to_file_path": "./Scene",
      "to_class_or_interface_name": "Scene",
      "to_class_or_interface_key": "_9jtMMOJ_EDWihf-hCNEphg",
      "to_method_name": "rotateModel",
      "to_method_key": "_M45aQOKQEDWihf-hCNEphg",
      "data_clump_type": "parameters_to_parameters_data_clump",
      "data_clump_data": {
        "_J2eyIOKQEDWihf-hCNEphg": {
          "key": "_J2eyIOKQEDWihf-hCNEphg",
          "name": "parameter",
          "type": null,
          "probability": 1,
          "modifiers": [],
          "to_variable": {
            "key": "_Pks5MOKQEDWihf-hCNEphg",
            "name": "parameter",
            "type": null,
            "modifiers": [],
            "position": {}
          },
          "position": {}
        },
        "_J9Ja0OKQEDWihf-hCNEphg": {
          "key": "_J9Ja0OKQEDWihf-hCNEphg",
          "name": "parameter2",
          "type": null,
          "probability": 1,
          "modifiers": [],
          "to_variable": {
            "key": "_Pmm9sOKQEDWihf-hCNEphg",
            "name": "parameter2",
            "type": null,
            "modifiers": [],
            "position": {}
          },
          "position": {}
        },
        "_KAkiQOKQEDWihf-hCNEphg": {
          "key": "_KAkiQOKQEDWihf-hCNEphg",
          "name": "parameter3",
          "type": null,
          "probability": 1,
          "modifiers": [],
          "to_variable": {
            "key": "_PohCMOKQEDWihf-hCNEphg",
            "name": "parameter3",
            "type": null,
            "modifiers": [],
            "position": {}
          },
          "position": {}
        },
        "_KDxnQOKQEDWihf-hCNEphg": {
          "key": "_KDxnQOKQEDWihf-hCNEphg",
          "name": "parameter4",
          "type": null,
          "probability": 1,
          "modifiers": [],
          "to_variable": {
            "key": "_PqpwMOKQEDWihf-hCNEphg",
            "name": "parameter4",
            "type": null,
            "modifiers": [],
            "position": {}
          },
          "position": {}
        },
        "_KHSOQOKQEDWihf-hCNEphg": {
          "key": "_KHSOQOKQEDWihf-hCNEphg",
          "name": "parameter5",
          "type": null,
          "probability": 1,
          "modifiers": [],
          "to_variable": {
            "key": "_PsQSsOKQEDWihf-hCNEphg",
            "name": "parameter5",
            "type": null,
            "modifiers": [],
            "position": {}
          },
          "position": {}
        },
        "_KKU7MOKQEDWihf-hCNEphg": {
          "key": "_KKU7MOKQEDWihf-hCNEphg",
          "name": "parameter6",
          "type": null,
          "probability": 1,
          "modifiers": [],
          "to_variable": {
            "key": "_PuKXMOKQEDWihf-hCNEphg",
            "name": "parameter6",
            "type": null,
            "modifiers": [],
            "position": {}
          },
          "position": {}
        }
      }
    },
    "parameters_to_parameters_data_clump-./Scene-_M45aQOKQEDWihf-hCNEphg-_IJ57kOKQEDWihf-hCNEphg-parameterparameter2parameter3parameter4parameter5parameter6": {
      "type": "data_clump",
      "key": "parameters_to_parameters_data_clump-./Scene-_M45aQOKQEDWihf-hCNEphg-_IJ57kOKQEDWihf-hCNEphg-parameterparameter2parameter3parameter4parameter5parameter6",
      "probability": 1,
      "from_file_path": "./Scene",
      "from_class_or_interface_name": "Scene",
      "from_class_or_interface_key": "_9jtMMOJ_EDWihf-hCNEphg",
      "from_method_name": "rotateModel",
      "from_method_key": "_M45aQOKQEDWihf-hCNEphg",
      "to_file_path": "./Scene",
      "to_class_or_interface_name": "Scene",
      "to_class_or_interface_key": "_9jtMMOJ_EDWihf-hCNEphg",
      "to_method_name": "updateView",
      "to_method_key": "_IJ57kOKQEDWihf-hCNEphg",
      "data_clump_type": "parameters_to_parameters_data_clump",
      "data_clump_data": {
        "_Pks5MOKQEDWihf-hCNEphg": {
          "key": "_Pks5MOKQEDWihf-hCNEphg",
          "name": "parameter",
          "type": null,
          "probability": 1,
          "modifiers": [],
          "to_variable": {
            "key": "_J2eyIOKQEDWihf-hCNEphg",
            "name": "parameter",
            "type": null,
            "modifiers": [],
            "position": {}
          },
          "position": {}
        },
        "_Pmm9sOKQEDWihf-hCNEphg": {
          "key": "_Pmm9sOKQEDWihf-hCNEphg",
          "name": "parameter2",
          "type": null,
          "probability": 1,
          "modifiers": [],
          "to_variable": {
            "key": "_J9Ja0OKQEDWihf-hCNEphg",
            "name": "parameter2",
            "type": null,
            "modifiers": [],
            "position": {}
          },
          "position": {}
        },
        "_PohCMOKQEDWihf-hCNEphg": {
          "key": "_PohCMOKQEDWihf-hCNEphg",
          "name": "parameter3",
          "type": null,
          "probability": 1,
          "modifiers": [],
          "to_variable": {
            "key": "_KAkiQOKQEDWihf-hCNEphg",
            "name": "parameter3",
            "type": null,
            "modifiers": [],
            "position": {}
          },
          "position": {}
        },
        "_PqpwMOKQEDWihf-hCNEphg": {
          "key": "_PqpwMOKQEDWihf-hCNEphg",
          "name": "parameter4",
          "type": null,
          "probability": 1,
          "modifiers": [],
          "to_variable": {
            "key": "_KDxnQOKQEDWihf-hCNEphg",
            "name": "parameter4",
            "type": null,
            "modifiers": [],
            "position": {}
          },
          "position": {}
        },
        "_PsQSsOKQEDWihf-hCNEphg": {
          "key": "_PsQSsOKQEDWihf-hCNEphg",
          "name": "parameter5",
          "type": null,
          "probability": 1,
          "modifiers": [],
          "to_variable": {
            "key": "_KHSOQOKQEDWihf-hCNEphg",
            "name": "parameter5",
            "type": null,
            "modifiers": [],
            "position": {}
          },
          "position": {}
        },
        "_PuKXMOKQEDWihf-hCNEphg": {
          "key": "_PuKXMOKQEDWihf-hCNEphg",
          "name": "parameter6",
          "type": null,
          "probability": 1,
          "modifiers": [],
          "to_variable": {
            "key": "_KKU7MOKQEDWihf-hCNEphg",
            "name": "parameter6",
            "type": null,
            "modifiers": [],
            "position": {}
          },
          "position": {}
        }
      }
    }
  }
}