{
  "report_version": "unknown",
  "report_timestamp": "2025-03-26T22:00:44.350Z",
  "target_language": "java",
  "report_summary": {
    "additional": null,
    "amount_classes_or_interfaces_with_data_clumps": 2,
    "amount_files_with_data_clumps": 2,
    "amount_methods_with_data_clumps": 0,
    "fields_to_fields_data_clump": 2,
    "parameters_to_fields_data_clump": 0,
    "parameters_to_parameters_data_clump": 0,
    "amount_data_clumps": 2
  },
  "project_info": {
    "project_url": "unknown_project_url",
    "project_name": "_w137MEupEeS_velUIC8tvA",
    "project_version": "unknown_project_version",
    "project_commit_hash": "unknown",
    "project_tag": null,
    "project_commit_date": null,
    "additional": {},
    "number_of_files": 6,
    "number_of_classes_or_interfaces": 6,
    "number_of_methods": 0,
    "number_of_data_fields": 37,
    "number_of_method_parameters": 0
  },
  "detector": {
    "name": "data-clumps-doctor",
    "url": "https://github.com/NilsBaumgartner1994/data-clumps-doctor",
    "version": "0.1.100",
    "options": {
      "typeVariablesConsidered": false,
      "similarityModifierOfVariablesWithUnknownType": 0,
      "fieldsOfClassesWithUnknownHierarchyProbabilityModifier": 0,
      "sharedFieldsToFieldsAmountMinimum": 3,
      "analyseFieldsInClassesOrInterfacesInheritedFromSuperClassesOrInterfaces": false,
      "sharedParametersToParametersAmountMinimum": 3,
      "sharedParametersToFieldsAmountMinimum": 3,
      "methodsOfClassesOrInterfacesWithUnknownHierarchyProbabilityModifier": 0
    }
  },
  "data_clumps": {
    "fields_to_fields_data_clump-./On_Sales-_Rf-pgC3gEDKZjJ32bpdO-g-_cdHFcC3gEDKZjJ32bpdO-g-total_ticketactivecdate": {
      "type": "data_clump",
      "key": "fields_to_fields_data_clump-./On_Sales-_Rf-pgC3gEDKZjJ32bpdO-g-_cdHFcC3gEDKZjJ32bpdO-g-total_ticketactivecdate",
      "probability": 1,
      "from_file_path": "./On_Sales",
      "from_class_or_interface_name": "On_Sales",
      "from_class_or_interface_key": "_Rf-pgC3gEDKZjJ32bpdO-g",
      "from_method_name": null,
      "from_method_key": null,
      "to_file_path": "./Orders",
      "to_class_or_interface_key": "_cdHFcC3gEDKZjJ32bpdO-g",
      "to_class_or_interface_name": "On_Sales",
      "to_method_key": null,
      "to_method_name": null,
      "data_clump_type": "fields_to_fields_data_clump",
      "data_clump_data": {
        "_zUAIMC3hEDKZjJ32bpdO-g": {
          "key": "_zUAIMC3hEDKZjJ32bpdO-g",
          "name": "total_ticket",
          "type": null,
          "probability": 1,
          "modifiers": [],
          "to_variable": {
            "key": "_J0NfgF-XEDKxfqbjvD-sAw",
            "name": "total_ticket",
            "type": null,
            "modifiers": [],
            "position": {}
          },
          "position": {}
        },
        "_yXgqwC3hEDKZjJ32bpdO-g": {
          "key": "_yXgqwC3hEDKZjJ32bpdO-g",
          "name": "active",
          "type": null,
          "probability": 1,
          "modifiers": [],
          "to_variable": {
            "key": "_apdlYF-XEDKxfqbjvD-sAw",
            "name": "active",
            "type": null,
            "modifiers": [],
            "position": {}
          },
          "position": {}
        },
        "_ZkcPMC3gEDKZjJ32bpdO-g": {
          "key": "_ZkcPMC3gEDKZjJ32bpdO-g",
          "name": "cdate",
          "type": null,
          "probability": 1,
          "modifiers": [],
          "to_variable": {
            "key": "_bevAgF-XEDKxfqbjvD-sAw",
            "name": "cdate",
            "type": null,
            "modifiers": [],
            "position": {}
          },
          "position": {}
        }
      }
    },
    "fields_to_fields_data_clump-./Orders-_cdHFcC3gEDKZjJ32bpdO-g-_Rf-pgC3gEDKZjJ32bpdO-g-total_ticketactivecdate": {
      "type": "data_clump",
      "key": "fields_to_fields_data_clump-./Orders-_cdHFcC3gEDKZjJ32bpdO-g-_Rf-pgC3gEDKZjJ32bpdO-g-total_ticketactivecdate",
      "probability": 1,
      "from_file_path": "./Orders",
      "from_class_or_interface_name": "Orders",
      "from_class_or_interface_key": "_cdHFcC3gEDKZjJ32bpdO-g",
      "from_method_name": null,
      "from_method_key": null,
      "to_file_path": "./On_Sales",
      "to_class_or_interface_key": "_Rf-pgC3gEDKZjJ32bpdO-g",
      "to_class_or_interface_name": "Orders",
      "to_method_key": null,
      "to_method_name": null,
      "data_clump_type": "fields_to_fields_data_clump",
      "data_clump_data": {
        "_J0NfgF-XEDKxfqbjvD-sAw": {
          "key": "_J0NfgF-XEDKxfqbjvD-sAw",
          "name": "total_ticket",
          "type": null,
          "probability": 1,
          "modifiers": [],
          "to_variable": {
            "key": "_zUAIMC3hEDKZjJ32bpdO-g",
            "name": "total_ticket",
            "type": null,
            "modifiers": [],
            "position": {}
          },
          "position": {}
        },
        "_apdlYF-XEDKxfqbjvD-sAw": {
          "key": "_apdlYF-XEDKxfqbjvD-sAw",
          "name": "active",
          "type": null,
          "probability": 1,
          "modifiers": [],
          "to_variable": {
            "key": "_yXgqwC3hEDKZjJ32bpdO-g",
            "name": "active",
            "type": null,
            "modifiers": [],
            "position": {}
          },
          "position": {}
        },
        "_bevAgF-XEDKxfqbjvD-sAw": {
          "key": "_bevAgF-XEDKxfqbjvD-sAw",
          "name": "cdate",
          "type": null,
          "probability": 1,
          "modifiers": [],
          "to_variable": {
            "key": "_ZkcPMC3gEDKZjJ32bpdO-g",
            "name": "cdate",
            "type": null,
            "modifiers": [],
            "position": {}
          },
          "position": {}
        }
      }
    }
  }
}