{
  "report_version": "unknown",
  "report_timestamp": "2025-03-26T22:25:43.162Z",
  "target_language": "java",
  "report_summary": {
    "additional": null,
    "amount_classes_or_interfaces_with_data_clumps": 2,
    "amount_files_with_data_clumps": 2,
    "amount_methods_with_data_clumps": 2,
    "fields_to_fields_data_clump": 0,
    "parameters_to_fields_data_clump": 0,
    "parameters_to_parameters_data_clump": 2,
    "amount_data_clumps": 2
  },
  "project_info": {
    "project_url": "unknown_project_url",
    "project_name": "e7b4e836-8ad0-49ad-9b8d-000d32895111",
    "project_version": "unknown_project_version",
    "project_commit_hash": "unknown",
    "project_tag": null,
    "project_commit_date": null,
    "additional": {},
    "number_of_files": 4,
    "number_of_classes_or_interfaces": 4,
    "number_of_methods": 10,
    "number_of_data_fields": 0,
    "number_of_method_parameters": 23
  },
  "detector": {
    "name": "data-clumps-doctor",
    "url": "https://github.com/NilsBaumgartner1994/data-clumps-doctor",
    "version": "0.1.100",
    "options": {
      "typeVariablesConsidered": false,
      "similarityModifierOfVariablesWithUnknownType": 0,
      "fieldsOfClassesWithUnknownHierarchyProbabilityModifier": 0,
      "sharedFieldsToFieldsAmountMinimum": 3,
      "analyseFieldsInClassesOrInterfacesInheritedFromSuperClassesOrInterfaces": false,
      "sharedParametersToParametersAmountMinimum": 3,
      "sharedParametersToFieldsAmountMinimum": 3,
      "methodsOfClassesOrInterfacesWithUnknownHierarchyProbabilityModifier": 0
    }
  },
  "data_clumps": {
    "parameters_to_parameters_data_clump-./Executor-_tdEjYPqFEDO-H-MB1iNgMA-_wWvxIPqDEDO-H-MB1iNgMA-processIdbusinessKeyvariables": {
      "type": "data_clump",
      "key": "parameters_to_parameters_data_clump-./Executor-_tdEjYPqFEDO-H-MB1iNgMA-_wWvxIPqDEDO-H-MB1iNgMA-processIdbusinessKeyvariables",
      "probability": 1,
      "from_file_path": "./Executor",
      "from_class_or_interface_name": "Executor",
      "from_class_or_interface_key": "_WUXX4PqEEDO-H-MB1iNgMA",
      "from_method_name": "startProfile",
      "from_method_key": "_tdEjYPqFEDO-H-MB1iNgMA",
      "to_file_path": "./PEEWS",
      "to_class_or_interface_name": "PEEWS",
      "to_class_or_interface_key": "_tQ53APqCEDO-H-MB1iNgMA",
      "to_method_name": "startProfile",
      "to_method_key": "_wWvxIPqDEDO-H-MB1iNgMA",
      "data_clump_type": "parameters_to_parameters_data_clump",
      "data_clump_data": {
        "_tdEjYvqFEDO-H-MB1iNgMA": {
          "key": "_tdEjYvqFEDO-H-MB1iNgMA",
          "name": "processId",
          "type": null,
          "probability": 1,
          "modifiers": [],
          "to_variable": {
            "key": "_ylmOUPqDEDO-H-MB1iNgMA",
            "name": "processId",
            "type": null,
            "modifiers": [],
            "position": {}
          },
          "position": {}
        },
        "_tdEjY_qFEDO-H-MB1iNgMA": {
          "key": "_tdEjY_qFEDO-H-MB1iNgMA",
          "name": "businessKey",
          "type": null,
          "probability": 1,
          "modifiers": [],
          "to_variable": {
            "key": "_0FmBcPqDEDO-H-MB1iNgMA",
            "name": "businessKey",
            "type": null,
            "modifiers": [],
            "position": {}
          },
          "position": {}
        },
        "_tdFKcPqFEDO-H-MB1iNgMA": {
          "key": "_tdFKcPqFEDO-H-MB1iNgMA",
          "name": "variables",
          "type": null,
          "probability": 1,
          "modifiers": [],
          "to_variable": {
            "key": "_0LspcPqDEDO-H-MB1iNgMA",
            "name": "variables",
            "type": null,
            "modifiers": [],
            "position": {}
          },
          "position": {}
        }
      }
    },
    "parameters_to_parameters_data_clump-./PEEWS-_wWvxIPqDEDO-H-MB1iNgMA-_tdEjYPqFEDO-H-MB1iNgMA-processIdbusinessKeyvariables": {
      "type": "data_clump",
      "key": "parameters_to_parameters_data_clump-./PEEWS-_wWvxIPqDEDO-H-MB1iNgMA-_tdEjYPqFEDO-H-MB1iNgMA-processIdbusinessKeyvariables",
      "probability": 1,
      "from_file_path": "./PEEWS",
      "from_class_or_interface_name": "PEEWS",
      "from_class_or_interface_key": "_tQ53APqCEDO-H-MB1iNgMA",
      "from_method_name": "startProfile",
      "from_method_key": "_wWvxIPqDEDO-H-MB1iNgMA",
      "to_file_path": "./Executor",
      "to_class_or_interface_name": "Executor",
      "to_class_or_interface_key": "_WUXX4PqEEDO-H-MB1iNgMA",
      "to_method_name": "startProfile",
      "to_method_key": "_tdEjYPqFEDO-H-MB1iNgMA",
      "data_clump_type": "parameters_to_parameters_data_clump",
      "data_clump_data": {
        "_ylmOUPqDEDO-H-MB1iNgMA": {
          "key": "_ylmOUPqDEDO-H-MB1iNgMA",
          "name": "processId",
          "type": null,
          "probability": 1,
          "modifiers": [],
          "to_variable": {
            "key": "_tdEjYvqFEDO-H-MB1iNgMA",
            "name": "processId",
            "type": null,
            "modifiers": [],
            "position": {}
          },
          "position": {}
        },
        "_0FmBcPqDEDO-H-MB1iNgMA": {
          "key": "_0FmBcPqDEDO-H-MB1iNgMA",
          "name": "businessKey",
          "type": null,
          "probability": 1,
          "modifiers": [],
          "to_variable": {
            "key": "_tdEjY_qFEDO-H-MB1iNgMA",
            "name": "businessKey",
            "type": null,
            "modifiers": [],
            "position": {}
          },
          "position": {}
        },
        "_0LspcPqDEDO-H-MB1iNgMA": {
          "key": "_0LspcPqDEDO-H-MB1iNgMA",
          "name": "variables",
          "type": null,
          "probability": 1,
          "modifiers": [],
          "to_variable": {
            "key": "_tdFKcPqFEDO-H-MB1iNgMA",
            "name": "variables",
            "type": null,
            "modifiers": [],
            "position": {}
          },
          "position": {}
        }
      }
    }
  }
}