{
  "report_version": "unknown",
  "report_timestamp": "2025-03-26T22:37:40.116Z",
  "target_language": "java",
  "report_summary": {
    "additional": null,
    "amount_classes_or_interfaces_with_data_clumps": 2,
    "amount_files_with_data_clumps": 2,
    "amount_methods_with_data_clumps": 2,
    "fields_to_fields_data_clump": 0,
    "parameters_to_fields_data_clump": 0,
    "parameters_to_parameters_data_clump": 2,
    "amount_data_clumps": 2
  },
  "project_info": {
    "project_url": "unknown_project_url",
    "project_name": "364ed14b-e5c0-46fc-a679-7fae658de053",
    "project_version": "unknown_project_version",
    "project_commit_hash": "unknown",
    "project_tag": null,
    "project_commit_date": null,
    "additional": {},
    "number_of_files": 7,
    "number_of_classes_or_interfaces": 7,
    "number_of_methods": 19,
    "number_of_data_fields": 15,
    "number_of_method_parameters": 33
  },
  "detector": {
    "name": "data-clumps-doctor",
    "url": "https://github.com/NilsBaumgartner1994/data-clumps-doctor",
    "version": "0.1.100",
    "options": {
      "typeVariablesConsidered": false,
      "similarityModifierOfVariablesWithUnknownType": 0,
      "fieldsOfClassesWithUnknownHierarchyProbabilityModifier": 0,
      "sharedFieldsToFieldsAmountMinimum": 3,
      "analyseFieldsInClassesOrInterfacesInheritedFromSuperClassesOrInterfaces": false,
      "sharedParametersToParametersAmountMinimum": 3,
      "sharedParametersToFieldsAmountMinimum": 3,
      "methodsOfClassesOrInterfacesWithUnknownHierarchyProbabilityModifier": 0
    }
  },
  "data_clumps": {
    "parameters_to_parameters_data_clump-./NaiveBayesClassifierService-_enOLcLr1EDOB2fZoVyIn8A-_I18bALr2EDOB2fZoVyIn8A-query_stringquery_jsonitems_to_train": {
      "type": "data_clump",
      "key": "parameters_to_parameters_data_clump-./NaiveBayesClassifierService-_enOLcLr1EDOB2fZoVyIn8A-_I18bALr2EDOB2fZoVyIn8A-query_stringquery_jsonitems_to_train",
      "probability": 1,
      "from_file_path": "./NaiveBayesClassifierService",
      "from_class_or_interface_name": "NaiveBayesClassifierService",
      "from_class_or_interface_key": "__6f_cLr0EDOB2fZoVyIn8A",
      "from_method_name": "classifyTweet",
      "from_method_key": "_enOLcLr1EDOB2fZoVyIn8A",
      "to_file_path": "./SVMClassifierService",
      "to_class_or_interface_name": "SVMClassifierService",
      "to_class_or_interface_key": "_tkuskLr1EDOB2fZoVyIn8A",
      "to_method_name": "classifyTweet",
      "to_method_key": "_I18bALr2EDOB2fZoVyIn8A",
      "data_clump_type": "parameters_to_parameters_data_clump",
      "data_clump_data": {
        "_gouwMLr1EDOB2fZoVyIn8A": {
          "key": "_gouwMLr1EDOB2fZoVyIn8A",
          "name": "query_string",
          "type": null,
          "probability": 1,
          "modifiers": [],
          "to_variable": {
            "key": "_PHbnMLr2EDOB2fZoVyIn8A",
            "name": "query_string",
            "type": null,
            "modifiers": [],
            "position": {}
          },
          "position": {}
        },
        "_iP5iULr1EDOB2fZoVyIn8A": {
          "key": "_iP5iULr1EDOB2fZoVyIn8A",
          "name": "query_json",
          "type": null,
          "probability": 1,
          "modifiers": [],
          "to_variable": {
            "key": "_QkgpMLr2EDOB2fZoVyIn8A",
            "name": "query_json",
            "type": null,
            "modifiers": [],
            "position": {}
          },
          "position": {}
        },
        "_jrpHkLr1EDOB2fZoVyIn8A": {
          "key": "_jrpHkLr1EDOB2fZoVyIn8A",
          "name": "items_to_train",
          "type": null,
          "probability": 1,
          "modifiers": [],
          "to_variable": {
            "key": "_SG7eMLr2EDOB2fZoVyIn8A",
            "name": "items_to_train",
            "type": null,
            "modifiers": [],
            "position": {}
          },
          "position": {}
        }
      }
    },
    "parameters_to_parameters_data_clump-./SVMClassifierService-_I18bALr2EDOB2fZoVyIn8A-_enOLcLr1EDOB2fZoVyIn8A-query_stringquery_jsonitems_to_train": {
      "type": "data_clump",
      "key": "parameters_to_parameters_data_clump-./SVMClassifierService-_I18bALr2EDOB2fZoVyIn8A-_enOLcLr1EDOB2fZoVyIn8A-query_stringquery_jsonitems_to_train",
      "probability": 1,
      "from_file_path": "./SVMClassifierService",
      "from_class_or_interface_name": "SVMClassifierService",
      "from_class_or_interface_key": "_tkuskLr1EDOB2fZoVyIn8A",
      "from_method_name": "classifyTweet",
      "from_method_key": "_I18bALr2EDOB2fZoVyIn8A",
      "to_file_path": "./NaiveBayesClassifierService",
      "to_class_or_interface_name": "NaiveBayesClassifierService",
      "to_class_or_interface_key": "__6f_cLr0EDOB2fZoVyIn8A",
      "to_method_name": "classifyTweet",
      "to_method_key": "_enOLcLr1EDOB2fZoVyIn8A",
      "data_clump_type": "parameters_to_parameters_data_clump",
      "data_clump_data": {
        "_PHbnMLr2EDOB2fZoVyIn8A": {
          "key": "_PHbnMLr2EDOB2fZoVyIn8A",
          "name": "query_string",
          "type": null,
          "probability": 1,
          "modifiers": [],
          "to_variable": {
            "key": "_gouwMLr1EDOB2fZoVyIn8A",
            "name": "query_string",
            "type": null,
            "modifiers": [],
            "position": {}
          },
          "position": {}
        },
        "_QkgpMLr2EDOB2fZoVyIn8A": {
          "key": "_QkgpMLr2EDOB2fZoVyIn8A",
          "name": "query_json",
          "type": null,
          "probability": 1,
          "modifiers": [],
          "to_variable": {
            "key": "_iP5iULr1EDOB2fZoVyIn8A",
            "name": "query_json",
            "type": null,
            "modifiers": [],
            "position": {}
          },
          "position": {}
        },
        "_SG7eMLr2EDOB2fZoVyIn8A": {
          "key": "_SG7eMLr2EDOB2fZoVyIn8A",
          "name": "items_to_train",
          "type": null,
          "probability": 1,
          "modifiers": [],
          "to_variable": {
            "key": "_jrpHkLr1EDOB2fZoVyIn8A",
            "name": "items_to_train",
            "type": null,
            "modifiers": [],
            "position": {}
          },
          "position": {}
        }
      }
    }
  }
}