{
  "report_version": "unknown",
  "report_timestamp": "2025-03-26T22:57:20.430Z",
  "target_language": "java",
  "report_summary": {
    "additional": null,
    "amount_classes_or_interfaces_with_data_clumps": 1,
    "amount_files_with_data_clumps": 2,
    "amount_methods_with_data_clumps": 1,
    "fields_to_fields_data_clump": 0,
    "parameters_to_fields_data_clump": 1,
    "parameters_to_parameters_data_clump": 0,
    "amount_data_clumps": 1
  },
  "project_info": {
    "project_url": "unknown_project_url",
    "project_name": "_8w_IoD8zEeiQnZ20ckwjYw",
    "project_version": "unknown_project_version",
    "project_commit_hash": "unknown",
    "project_tag": null,
    "project_commit_date": null,
    "additional": {},
    "number_of_files": 13,
    "number_of_classes_or_interfaces": 13,
    "number_of_methods": 4,
    "number_of_data_fields": 10,
    "number_of_method_parameters": 11
  },
  "detector": {
    "name": "data-clumps-doctor",
    "url": "https://github.com/NilsBaumgartner1994/data-clumps-doctor",
    "version": "0.1.100",
    "options": {
      "typeVariablesConsidered": false,
      "similarityModifierOfVariablesWithUnknownType": 0,
      "fieldsOfClassesWithUnknownHierarchyProbabilityModifier": 0,
      "sharedFieldsToFieldsAmountMinimum": 3,
      "analyseFieldsInClassesOrInterfacesInheritedFromSuperClassesOrInterfaces": false,
      "sharedParametersToParametersAmountMinimum": 3,
      "sharedParametersToFieldsAmountMinimum": 3,
      "methodsOfClassesOrInterfacesWithUnknownHierarchyProbabilityModifier": 0
    }
  },
  "data_clumps": {
    "parameters_to_fields_data_clump-./Administrativo-_75JuICFlEDantZt3vgUD-A-_fC8fMCFiEDantZt3vgUD-A-codigonombreapellidocorreoclavetelefonocelular": {
      "type": "data_clump",
      "key": "parameters_to_fields_data_clump-./Administrativo-_75JuICFlEDantZt3vgUD-A-_fC8fMCFiEDantZt3vgUD-A-codigonombreapellidocorreoclavetelefonocelular",
      "probability": 1,
      "from_file_path": "./Administrativo",
      "from_class_or_interface_name": "Administrativo",
      "from_class_or_interface_key": "_fn0t4SFiEDantZt3vgUD-A",
      "from_method_name": "registrarAnalista",
      "from_method_key": "_75JuICFlEDantZt3vgUD-A",
      "to_file_path": "./Usuario",
      "to_class_or_interface_name": "Usuario",
      "to_class_or_interface_key": "_fC8fMCFiEDantZt3vgUD-A",
      "to_method_name": null,
      "to_method_key": null,
      "data_clump_type": "parameters_to_fields_data_clump",
      "data_clump_data": {
        "_GzOPACFmEDantZt3vgUD-A": {
          "key": "_GzOPACFmEDantZt3vgUD-A",
          "name": "codigo",
          "type": null,
          "probability": 1,
          "modifiers": [],
          "to_variable": {
            "key": "_RLdqoCFlEDantZt3vgUD-A",
            "name": "codigo",
            "type": null,
            "modifiers": [
              "private"
            ],
            "position": {}
          },
          "position": {}
        },
        "_PAaS4CFmEDantZt3vgUD-A": {
          "key": "_PAaS4CFmEDantZt3vgUD-A",
          "name": "nombre",
          "type": null,
          "probability": 1,
          "modifiers": [],
          "to_variable": {
            "key": "_Un2R8SFlEDantZt3vgUD-A",
            "name": "nombre",
            "type": null,
            "modifiers": [
              "private"
            ],
            "position": {}
          },
          "position": {}
        },
        "_SBgsYCFmEDantZt3vgUD-A": {
          "key": "_SBgsYCFmEDantZt3vgUD-A",
          "name": "apellido",
          "type": null,
          "probability": 1,
          "modifiers": [],
          "to_variable": {
            "key": "_ZGdLQSFlEDantZt3vgUD-A",
            "name": "apellido",
            "type": null,
            "modifiers": [
              "private"
            ],
            "position": {}
          },
          "position": {}
        },
        "_T2wWwCFmEDantZt3vgUD-A": {
          "key": "_T2wWwCFmEDantZt3vgUD-A",
          "name": "correo",
          "type": null,
          "probability": 1,
          "modifiers": [],
          "to_variable": {
            "key": "_bEIY4SFlEDantZt3vgUD-A",
            "name": "correo",
            "type": null,
            "modifiers": [
              "private"
            ],
            "position": {}
          },
          "position": {}
        },
        "_Vmw70CFmEDantZt3vgUD-A": {
          "key": "_Vmw70CFmEDantZt3vgUD-A",
          "name": "clave",
          "type": null,
          "probability": 1,
          "modifiers": [],
          "to_variable": {
            "key": "_f6nmsCFlEDantZt3vgUD-A",
            "name": "clave",
            "type": null,
            "modifiers": [
              "private"
            ],
            "position": {}
          },
          "position": {}
        },
        "_XJqR8CFmEDantZt3vgUD-A": {
          "key": "_XJqR8CFmEDantZt3vgUD-A",
          "name": "telefono",
          "type": null,
          "probability": 1,
          "modifiers": [],
          "to_variable": {
            "key": "_iQ13MSFlEDantZt3vgUD-A",
            "name": "telefono",
            "type": null,
            "modifiers": [
              "private"
            ],
            "position": {}
          },
          "position": {}
        },
        "_YsAOcCFmEDantZt3vgUD-A": {
          "key": "_YsAOcCFmEDantZt3vgUD-A",
          "name": "celular",
          "type": null,
          "probability": 1,
          "modifiers": [],
          "to_variable": {
            "key": "_llYxISFlEDantZt3vgUD-A",
            "name": "celular",
            "type": null,
            "modifiers": [
              "private"
            ],
            "position": {}
          },
          "position": {}
        }
      }
    }
  }
}