{
  "report_version": "unknown",
  "report_timestamp": "2025-03-26T21:44:48.229Z",
  "target_language": "java",
  "report_summary": {
    "additional": null,
    "amount_classes_or_interfaces_with_data_clumps": 5,
    "amount_files_with_data_clumps": 5,
    "amount_methods_with_data_clumps": 0,
    "fields_to_fields_data_clump": 8,
    "parameters_to_fields_data_clump": 0,
    "parameters_to_parameters_data_clump": 0,
    "amount_data_clumps": 8
  },
  "project_info": {
    "project_url": "unknown_project_url",
    "project_name": "_J1UjoNqsEea4oJwuIIj5Zg",
    "project_version": "unknown_project_version",
    "project_commit_hash": "unknown",
    "project_tag": null,
    "project_commit_date": null,
    "additional": {},
    "number_of_files": 33,
    "number_of_classes_or_interfaces": 33,
    "number_of_methods": 103,
    "number_of_data_fields": 96,
    "number_of_method_parameters": 100
  },
  "detector": {
    "name": "data-clumps-doctor",
    "url": "https://github.com/NilsBaumgartner1994/data-clumps-doctor",
    "version": "0.1.100",
    "options": {
      "typeVariablesConsidered": false,
      "similarityModifierOfVariablesWithUnknownType": 0,
      "fieldsOfClassesWithUnknownHierarchyProbabilityModifier": 0,
      "sharedFieldsToFieldsAmountMinimum": 3,
      "analyseFieldsInClassesOrInterfacesInheritedFromSuperClassesOrInterfaces": false,
      "sharedParametersToParametersAmountMinimum": 3,
      "sharedParametersToFieldsAmountMinimum": 3,
      "methodsOfClassesOrInterfacesWithUnknownHierarchyProbabilityModifier": 0
    }
  },
  "data_clumps": {
    "fields_to_fields_data_clump-./AddMachine-_KKCPdNqsEeav0-kN0lAv1Q-_KKF6E9qsEeav0-kN0lAv1Q-TAGfamiliesproducts": {
      "type": "data_clump",
      "key": "fields_to_fields_data_clump-./AddMachine-_KKCPdNqsEeav0-kN0lAv1Q-_KKF6E9qsEeav0-kN0lAv1Q-TAGfamiliesproducts",
      "probability": 1,
      "from_file_path": "./AddMachine",
      "from_class_or_interface_name": "AddMachine",
      "from_class_or_interface_key": "_KKCPdNqsEeav0-kN0lAv1Q",
      "from_method_name": null,
      "from_method_key": null,
      "to_file_path": "./CheckCategoriesListener",
      "to_class_or_interface_key": "_KKF6E9qsEeav0-kN0lAv1Q",
      "to_class_or_interface_name": "AddMachine",
      "to_method_key": null,
      "to_method_name": null,
      "data_clump_type": "fields_to_fields_data_clump",
      "data_clump_data": {
        "_KKCPdtqsEeav0-kN0lAv1Q": {
          "key": "_KKCPdtqsEeav0-kN0lAv1Q",
          "name": "TAG",
          "type": null,
          "probability": 1,
          "modifiers": [
            "private"
          ],
          "to_variable": {
            "key": "_KKGg0NqsEeav0-kN0lAv1Q",
            "name": "TAG",
            "type": null,
            "modifiers": [
              "private"
            ],
            "position": {}
          },
          "position": {}
        },
        "_KKCPgtqsEeav0-kN0lAv1Q": {
          "key": "_KKCPgtqsEeav0-kN0lAv1Q",
          "name": "families",
          "type": null,
          "probability": 1,
          "modifiers": [
            "private"
          ],
          "to_variable": {
            "key": "_KKGg2dqsEeav0-kN0lAv1Q",
            "name": "families",
            "type": null,
            "modifiers": [
              "private"
            ],
            "position": {}
          },
          "position": {}
        },
        "_KKC2cNqsEeav0-kN0lAv1Q": {
          "key": "_KKC2cNqsEeav0-kN0lAv1Q",
          "name": "products",
          "type": null,
          "probability": 1,
          "modifiers": [
            "private"
          ],
          "to_variable": {
            "key": "_KKGg1tqsEeav0-kN0lAv1Q",
            "name": "products",
            "type": null,
            "modifiers": [
              "private"
            ],
            "position": {}
          },
          "position": {}
        }
      }
    },
    "fields_to_fields_data_clump-./AddMachine-_KKCPdNqsEeav0-kN0lAv1Q-_KKErvtqsEeav0-kN0lAv1Q-TAGfamiliesproducts": {
      "type": "data_clump",
      "key": "fields_to_fields_data_clump-./AddMachine-_KKCPdNqsEeav0-kN0lAv1Q-_KKErvtqsEeav0-kN0lAv1Q-TAGfamiliesproducts",
      "probability": 1,
      "from_file_path": "./AddMachine",
      "from_class_or_interface_name": "AddMachine",
      "from_class_or_interface_key": "_KKCPdNqsEeav0-kN0lAv1Q",
      "from_method_name": null,
      "from_method_key": null,
      "to_file_path": "./CheckFamiliesListener",
      "to_class_or_interface_key": "_KKErvtqsEeav0-kN0lAv1Q",
      "to_class_or_interface_name": "AddMachine",
      "to_method_key": null,
      "to_method_name": null,
      "data_clump_type": "fields_to_fields_data_clump",
      "data_clump_data": {
        "_KKCPdtqsEeav0-kN0lAv1Q": {
          "key": "_KKCPdtqsEeav0-kN0lAv1Q",
          "name": "TAG",
          "type": null,
          "probability": 1,
          "modifiers": [
            "private"
          ],
          "to_variable": {
            "key": "_KKErwNqsEeav0-kN0lAv1Q",
            "name": "TAG",
            "type": null,
            "modifiers": [
              "private"
            ],
            "position": {}
          },
          "position": {}
        },
        "_KKCPgtqsEeav0-kN0lAv1Q": {
          "key": "_KKCPgtqsEeav0-kN0lAv1Q",
          "name": "families",
          "type": null,
          "probability": 1,
          "modifiers": [
            "private"
          ],
          "to_variable": {
            "key": "_KKErydqsEeav0-kN0lAv1Q",
            "name": "families",
            "type": null,
            "modifiers": [
              "private"
            ],
            "position": {}
          },
          "position": {}
        },
        "_KKC2cNqsEeav0-kN0lAv1Q": {
          "key": "_KKC2cNqsEeav0-kN0lAv1Q",
          "name": "products",
          "type": null,
          "probability": 1,
          "modifiers": [
            "private"
          ],
          "to_variable": {
            "key": "_KKErxtqsEeav0-kN0lAv1Q",
            "name": "products",
            "type": null,
            "modifiers": [
              "private"
            ],
            "position": {}
          },
          "position": {}
        }
      }
    },
    "fields_to_fields_data_clump-./AddingCategoriesValueEventListener-_KKEEptqsEeav0-kN0lAv1Q-_KKEEw9qsEeav0-kN0lAv1Q-TAGprod_namemachine_key": {
      "type": "data_clump",
      "key": "fields_to_fields_data_clump-./AddingCategoriesValueEventListener-_KKEEptqsEeav0-kN0lAv1Q-_KKEEw9qsEeav0-kN0lAv1Q-TAGprod_namemachine_key",
      "probability": 1,
      "from_file_path": "./AddingCategoriesValueEventListener",
      "from_class_or_interface_name": "AddingCategoriesValueEventListener",
      "from_class_or_interface_key": "_KKEEptqsEeav0-kN0lAv1Q",
      "from_method_name": null,
      "from_method_key": null,
      "to_file_path": "./AddingFamiliesValueEventListener",
      "to_class_or_interface_key": "_KKEEw9qsEeav0-kN0lAv1Q",
      "to_class_or_interface_name": "AddingCategoriesValueEventListener",
      "to_method_key": null,
      "to_method_name": null,
      "data_clump_type": "fields_to_fields_data_clump",
      "data_clump_data": {
        "_KKEEqNqsEeav0-kN0lAv1Q": {
          "key": "_KKEEqNqsEeav0-kN0lAv1Q",
          "name": "TAG",
          "type": null,
          "probability": 1,
          "modifiers": [
            "private"
          ],
          "to_variable": {
            "key": "_KKEExdqsEeav0-kN0lAv1Q",
            "name": "TAG",
            "type": null,
            "modifiers": [
              "private"
            ],
            "position": {}
          },
          "position": {}
        },
        "_KKEEq9qsEeav0-kN0lAv1Q": {
          "key": "_KKEEq9qsEeav0-kN0lAv1Q",
          "name": "prod_name",
          "type": null,
          "probability": 1,
          "modifiers": [
            "private"
          ],
          "to_variable": {
            "key": "_KKEEyNqsEeav0-kN0lAv1Q",
            "name": "prod_name",
            "type": null,
            "modifiers": [
              "private"
            ],
            "position": {}
          },
          "position": {}
        },
        "_KKEErtqsEeav0-kN0lAv1Q": {
          "key": "_KKEErtqsEeav0-kN0lAv1Q",
          "name": "machine_key",
          "type": null,
          "probability": 1,
          "modifiers": [
            "private"
          ],
          "to_variable": {
            "key": "_KKEEy9qsEeav0-kN0lAv1Q",
            "name": "machine_key",
            "type": null,
            "modifiers": [
              "private"
            ],
            "position": {}
          },
          "position": {}
        }
      }
    },
    "fields_to_fields_data_clump-./AddingFamiliesValueEventListener-_KKEEw9qsEeav0-kN0lAv1Q-_KKEEptqsEeav0-kN0lAv1Q-TAGprod_namemachine_key": {
      "type": "data_clump",
      "key": "fields_to_fields_data_clump-./AddingFamiliesValueEventListener-_KKEEw9qsEeav0-kN0lAv1Q-_KKEEptqsEeav0-kN0lAv1Q-TAGprod_namemachine_key",
      "probability": 1,
      "from_file_path": "./AddingFamiliesValueEventListener",
      "from_class_or_interface_name": "AddingFamiliesValueEventListener",
      "from_class_or_interface_key": "_KKEEw9qsEeav0-kN0lAv1Q",
      "from_method_name": null,
      "from_method_key": null,
      "to_file_path": "./AddingCategoriesValueEventListener",
      "to_class_or_interface_key": "_KKEEptqsEeav0-kN0lAv1Q",
      "to_class_or_interface_name": "AddingFamiliesValueEventListener",
      "to_method_key": null,
      "to_method_name": null,
      "data_clump_type": "fields_to_fields_data_clump",
      "data_clump_data": {
        "_KKEExdqsEeav0-kN0lAv1Q": {
          "key": "_KKEExdqsEeav0-kN0lAv1Q",
          "name": "TAG",
          "type": null,
          "probability": 1,
          "modifiers": [
            "private"
          ],
          "to_variable": {
            "key": "_KKEEqNqsEeav0-kN0lAv1Q",
            "name": "TAG",
            "type": null,
            "modifiers": [
              "private"
            ],
            "position": {}
          },
          "position": {}
        },
        "_KKEEyNqsEeav0-kN0lAv1Q": {
          "key": "_KKEEyNqsEeav0-kN0lAv1Q",
          "name": "prod_name",
          "type": null,
          "probability": 1,
          "modifiers": [
            "private"
          ],
          "to_variable": {
            "key": "_KKEEq9qsEeav0-kN0lAv1Q",
            "name": "prod_name",
            "type": null,
            "modifiers": [
              "private"
            ],
            "position": {}
          },
          "position": {}
        },
        "_KKEEy9qsEeav0-kN0lAv1Q": {
          "key": "_KKEEy9qsEeav0-kN0lAv1Q",
          "name": "machine_key",
          "type": null,
          "probability": 1,
          "modifiers": [
            "private"
          ],
          "to_variable": {
            "key": "_KKEErtqsEeav0-kN0lAv1Q",
            "name": "machine_key",
            "type": null,
            "modifiers": [
              "private"
            ],
            "position": {}
          },
          "position": {}
        }
      }
    },
    "fields_to_fields_data_clump-./CheckCategoriesListener-_KKF6E9qsEeav0-kN0lAv1Q-_KKCPdNqsEeav0-kN0lAv1Q-TAGproductsfamilies": {
      "type": "data_clump",
      "key": "fields_to_fields_data_clump-./CheckCategoriesListener-_KKF6E9qsEeav0-kN0lAv1Q-_KKCPdNqsEeav0-kN0lAv1Q-TAGproductsfamilies",
      "probability": 1,
      "from_file_path": "./CheckCategoriesListener",
      "from_class_or_interface_name": "CheckCategoriesListener",
      "from_class_or_interface_key": "_KKF6E9qsEeav0-kN0lAv1Q",
      "from_method_name": null,
      "from_method_key": null,
      "to_file_path": "./AddMachine",
      "to_class_or_interface_key": "_KKCPdNqsEeav0-kN0lAv1Q",
      "to_class_or_interface_name": "CheckCategoriesListener",
      "to_method_key": null,
      "to_method_name": null,
      "data_clump_type": "fields_to_fields_data_clump",
      "data_clump_data": {
        "_KKGg0NqsEeav0-kN0lAv1Q": {
          "key": "_KKGg0NqsEeav0-kN0lAv1Q",
          "name": "TAG",
          "type": null,
          "probability": 1,
          "modifiers": [
            "private"
          ],
          "to_variable": {
            "key": "_KKCPdtqsEeav0-kN0lAv1Q",
            "name": "TAG",
            "type": null,
            "modifiers": [
              "private"
            ],
            "position": {}
          },
          "position": {}
        },
        "_KKGg1tqsEeav0-kN0lAv1Q": {
          "key": "_KKGg1tqsEeav0-kN0lAv1Q",
          "name": "products",
          "type": null,
          "probability": 1,
          "modifiers": [
            "private"
          ],
          "to_variable": {
            "key": "_KKC2cNqsEeav0-kN0lAv1Q",
            "name": "products",
            "type": null,
            "modifiers": [
              "private"
            ],
            "position": {}
          },
          "position": {}
        },
        "_KKGg2dqsEeav0-kN0lAv1Q": {
          "key": "_KKGg2dqsEeav0-kN0lAv1Q",
          "name": "families",
          "type": null,
          "probability": 1,
          "modifiers": [
            "private"
          ],
          "to_variable": {
            "key": "_KKCPgtqsEeav0-kN0lAv1Q",
            "name": "families",
            "type": null,
            "modifiers": [
              "private"
            ],
            "position": {}
          },
          "position": {}
        }
      }
    },
    "fields_to_fields_data_clump-./CheckCategoriesListener-_KKF6E9qsEeav0-kN0lAv1Q-_KKErvtqsEeav0-kN0lAv1Q-TAGactivityproductsfamilies": {
      "type": "data_clump",
      "key": "fields_to_fields_data_clump-./CheckCategoriesListener-_KKF6E9qsEeav0-kN0lAv1Q-_KKErvtqsEeav0-kN0lAv1Q-TAGactivityproductsfamilies",
      "probability": 1,
      "from_file_path": "./CheckCategoriesListener",
      "from_class_or_interface_name": "CheckCategoriesListener",
      "from_class_or_interface_key": "_KKF6E9qsEeav0-kN0lAv1Q",
      "from_method_name": null,
      "from_method_key": null,
      "to_file_path": "./CheckFamiliesListener",
      "to_class_or_interface_key": "_KKErvtqsEeav0-kN0lAv1Q",
      "to_class_or_interface_name": "CheckCategoriesListener",
      "to_method_key": null,
      "to_method_name": null,
      "data_clump_type": "fields_to_fields_data_clump",
      "data_clump_data": {
        "_KKGg0NqsEeav0-kN0lAv1Q": {
          "key": "_KKGg0NqsEeav0-kN0lAv1Q",
          "name": "TAG",
          "type": null,
          "probability": 1,
          "modifiers": [
            "private"
          ],
          "to_variable": {
            "key": "_KKErwNqsEeav0-kN0lAv1Q",
            "name": "TAG",
            "type": null,
            "modifiers": [
              "private"
            ],
            "position": {}
          },
          "position": {}
        },
        "_KKGg09qsEeav0-kN0lAv1Q": {
          "key": "_KKGg09qsEeav0-kN0lAv1Q",
          "name": "activity",
          "type": null,
          "probability": 1,
          "modifiers": [
            "private"
          ],
          "to_variable": {
            "key": "_KKErw9qsEeav0-kN0lAv1Q",
            "name": "activity",
            "type": null,
            "modifiers": [
              "private"
            ],
            "position": {}
          },
          "position": {}
        },
        "_KKGg1tqsEeav0-kN0lAv1Q": {
          "key": "_KKGg1tqsEeav0-kN0lAv1Q",
          "name": "products",
          "type": null,
          "probability": 1,
          "modifiers": [
            "private"
          ],
          "to_variable": {
            "key": "_KKErxtqsEeav0-kN0lAv1Q",
            "name": "products",
            "type": null,
            "modifiers": [
              "private"
            ],
            "position": {}
          },
          "position": {}
        },
        "_KKGg2dqsEeav0-kN0lAv1Q": {
          "key": "_KKGg2dqsEeav0-kN0lAv1Q",
          "name": "families",
          "type": null,
          "probability": 1,
          "modifiers": [
            "private"
          ],
          "to_variable": {
            "key": "_KKErydqsEeav0-kN0lAv1Q",
            "name": "families",
            "type": null,
            "modifiers": [
              "private"
            ],
            "position": {}
          },
          "position": {}
        }
      }
    },
    "fields_to_fields_data_clump-./CheckFamiliesListener-_KKErvtqsEeav0-kN0lAv1Q-_KKCPdNqsEeav0-kN0lAv1Q-TAGproductsfamilies": {
      "type": "data_clump",
      "key": "fields_to_fields_data_clump-./CheckFamiliesListener-_KKErvtqsEeav0-kN0lAv1Q-_KKCPdNqsEeav0-kN0lAv1Q-TAGproductsfamilies",
      "probability": 1,
      "from_file_path": "./CheckFamiliesListener",
      "from_class_or_interface_name": "CheckFamiliesListener",
      "from_class_or_interface_key": "_KKErvtqsEeav0-kN0lAv1Q",
      "from_method_name": null,
      "from_method_key": null,
      "to_file_path": "./AddMachine",
      "to_class_or_interface_key": "_KKCPdNqsEeav0-kN0lAv1Q",
      "to_class_or_interface_name": "CheckFamiliesListener",
      "to_method_key": null,
      "to_method_name": null,
      "data_clump_type": "fields_to_fields_data_clump",
      "data_clump_data": {
        "_KKErwNqsEeav0-kN0lAv1Q": {
          "key": "_KKErwNqsEeav0-kN0lAv1Q",
          "name": "TAG",
          "type": null,
          "probability": 1,
          "modifiers": [
            "private"
          ],
          "to_variable": {
            "key": "_KKCPdtqsEeav0-kN0lAv1Q",
            "name": "TAG",
            "type": null,
            "modifiers": [
              "private"
            ],
            "position": {}
          },
          "position": {}
        },
        "_KKErxtqsEeav0-kN0lAv1Q": {
          "key": "_KKErxtqsEeav0-kN0lAv1Q",
          "name": "products",
          "type": null,
          "probability": 1,
          "modifiers": [
            "private"
          ],
          "to_variable": {
            "key": "_KKC2cNqsEeav0-kN0lAv1Q",
            "name": "products",
            "type": null,
            "modifiers": [
              "private"
            ],
            "position": {}
          },
          "position": {}
        },
        "_KKErydqsEeav0-kN0lAv1Q": {
          "key": "_KKErydqsEeav0-kN0lAv1Q",
          "name": "families",
          "type": null,
          "probability": 1,
          "modifiers": [
            "private"
          ],
          "to_variable": {
            "key": "_KKCPgtqsEeav0-kN0lAv1Q",
            "name": "families",
            "type": null,
            "modifiers": [
              "private"
            ],
            "position": {}
          },
          "position": {}
        }
      }
    },
    "fields_to_fields_data_clump-./CheckFamiliesListener-_KKErvtqsEeav0-kN0lAv1Q-_KKF6E9qsEeav0-kN0lAv1Q-TAGactivityproductsfamilies": {
      "type": "data_clump",
      "key": "fields_to_fields_data_clump-./CheckFamiliesListener-_KKErvtqsEeav0-kN0lAv1Q-_KKF6E9qsEeav0-kN0lAv1Q-TAGactivityproductsfamilies",
      "probability": 1,
      "from_file_path": "./CheckFamiliesListener",
      "from_class_or_interface_name": "CheckFamiliesListener",
      "from_class_or_interface_key": "_KKErvtqsEeav0-kN0lAv1Q",
      "from_method_name": null,
      "from_method_key": null,
      "to_file_path": "./CheckCategoriesListener",
      "to_class_or_interface_key": "_KKF6E9qsEeav0-kN0lAv1Q",
      "to_class_or_interface_name": "CheckFamiliesListener",
      "to_method_key": null,
      "to_method_name": null,
      "data_clump_type": "fields_to_fields_data_clump",
      "data_clump_data": {
        "_KKErwNqsEeav0-kN0lAv1Q": {
          "key": "_KKErwNqsEeav0-kN0lAv1Q",
          "name": "TAG",
          "type": null,
          "probability": 1,
          "modifiers": [
            "private"
          ],
          "to_variable": {
            "key": "_KKGg0NqsEeav0-kN0lAv1Q",
            "name": "TAG",
            "type": null,
            "modifiers": [
              "private"
            ],
            "position": {}
          },
          "position": {}
        },
        "_KKErw9qsEeav0-kN0lAv1Q": {
          "key": "_KKErw9qsEeav0-kN0lAv1Q",
          "name": "activity",
          "type": null,
          "probability": 1,
          "modifiers": [
            "private"
          ],
          "to_variable": {
            "key": "_KKGg09qsEeav0-kN0lAv1Q",
            "name": "activity",
            "type": null,
            "modifiers": [
              "private"
            ],
            "position": {}
          },
          "position": {}
        },
        "_KKErxtqsEeav0-kN0lAv1Q": {
          "key": "_KKErxtqsEeav0-kN0lAv1Q",
          "name": "products",
          "type": null,
          "probability": 1,
          "modifiers": [
            "private"
          ],
          "to_variable": {
            "key": "_KKGg1tqsEeav0-kN0lAv1Q",
            "name": "products",
            "type": null,
            "modifiers": [
              "private"
            ],
            "position": {}
          },
          "position": {}
        },
        "_KKErydqsEeav0-kN0lAv1Q": {
          "key": "_KKErydqsEeav0-kN0lAv1Q",
          "name": "families",
          "type": null,
          "probability": 1,
          "modifiers": [
            "private"
          ],
          "to_variable": {
            "key": "_KKGg2dqsEeav0-kN0lAv1Q",
            "name": "families",
            "type": null,
            "modifiers": [
              "private"
            ],
            "position": {}
          },
          "position": {}
        }
      }
    }
  }
}