{
  "report_version": "unknown",
  "report_timestamp": "2025-03-26T23:10:32.340Z",
  "target_language": "java",
  "report_summary": {
    "additional": null,
    "amount_classes_or_interfaces_with_data_clumps": 3,
    "amount_files_with_data_clumps": 3,
    "amount_methods_with_data_clumps": 4,
    "fields_to_fields_data_clump": 0,
    "parameters_to_fields_data_clump": 0,
    "parameters_to_parameters_data_clump": 12,
    "amount_data_clumps": 12
  },
  "project_info": {
    "project_url": "unknown_project_url",
    "project_name": "_rh37EF9qEeSmRKwulsG6-Q",
    "project_version": "unknown_project_version",
    "project_commit_hash": "unknown",
    "project_tag": null,
    "project_commit_date": null,
    "additional": {},
    "number_of_files": 7,
    "number_of_classes_or_interfaces": 7,
    "number_of_methods": 16,
    "number_of_data_fields": 19,
    "number_of_method_parameters": 28
  },
  "detector": {
    "name": "data-clumps-doctor",
    "url": "https://github.com/NilsBaumgartner1994/data-clumps-doctor",
    "version": "0.1.100",
    "options": {
      "typeVariablesConsidered": false,
      "similarityModifierOfVariablesWithUnknownType": 0,
      "fieldsOfClassesWithUnknownHierarchyProbabilityModifier": 0,
      "sharedFieldsToFieldsAmountMinimum": 3,
      "analyseFieldsInClassesOrInterfacesInheritedFromSuperClassesOrInterfaces": false,
      "sharedParametersToParametersAmountMinimum": 3,
      "sharedParametersToFieldsAmountMinimum": 3,
      "methodsOfClassesOrInterfacesWithUnknownHierarchyProbabilityModifier": 0
    }
  },
  "data_clumps": {
    "parameters_to_parameters_data_clump-./Items-_63gaQEP4EDKYha_RXGXJng-_HYg_kEQAEDKYha_RXGXJng-parameterparameter2parameter3": {
      "type": "data_clump",
      "key": "parameters_to_parameters_data_clump-./Items-_63gaQEP4EDKYha_RXGXJng-_HYg_kEQAEDKYha_RXGXJng-parameterparameter2parameter3",
      "probability": 1,
      "from_file_path": "./Items",
      "from_class_or_interface_name": "Items",
      "from_class_or_interface_key": "_fjIoMENKEDK5QKiVSfHm-g",
      "from_method_name": "Items",
      "from_method_key": "_63gaQEP4EDKYha_RXGXJng",
      "to_file_path": "./Order",
      "to_class_or_interface_name": "Order",
      "to_class_or_interface_key": "_lHi94ENIEDK5QKiVSfHm-g",
      "to_method_name": "Order",
      "to_method_key": "_HYg_kEQAEDKYha_RXGXJng",
      "data_clump_type": "parameters_to_parameters_data_clump",
      "data_clump_data": {
        "_DCWUwEP5EDKYha_RXGXJng": {
          "key": "_DCWUwEP5EDKYha_RXGXJng",
          "name": "parameter",
          "type": null,
          "probability": 1,
          "modifiers": [],
          "to_variable": {
            "key": "_Kvm3MEQAEDKYha_RXGXJng",
            "name": "parameter",
            "type": null,
            "modifiers": [],
            "position": {}
          },
          "position": {}
        },
        "_HetLUEP5EDKYha_RXGXJng": {
          "key": "_HetLUEP5EDKYha_RXGXJng",
          "name": "parameter2",
          "type": null,
          "probability": 1,
          "modifiers": [],
          "to_variable": {
            "key": "_L96dYEQAEDKYha_RXGXJng",
            "name": "parameter2",
            "type": null,
            "modifiers": [],
            "position": {}
          },
          "position": {}
        },
        "_MLmYQEP5EDKYha_RXGXJng": {
          "key": "_MLmYQEP5EDKYha_RXGXJng",
          "name": "parameter3",
          "type": null,
          "probability": 1,
          "modifiers": [],
          "to_variable": {
            "key": "_MAmlAEQAEDKYha_RXGXJng",
            "name": "parameter3",
            "type": null,
            "modifiers": [],
            "position": {}
          },
          "position": {}
        }
      }
    },
    "parameters_to_parameters_data_clump-./Items-_63gaQEP4EDKYha_RXGXJng-_wNaCkUNJEDK5QKiVSfHm-g-parameterparameter2parameter3": {
      "type": "data_clump",
      "key": "parameters_to_parameters_data_clump-./Items-_63gaQEP4EDKYha_RXGXJng-_wNaCkUNJEDK5QKiVSfHm-g-parameterparameter2parameter3",
      "probability": 1,
      "from_file_path": "./Items",
      "from_class_or_interface_name": "Items",
      "from_class_or_interface_key": "_fjIoMENKEDK5QKiVSfHm-g",
      "from_method_name": "Items",
      "from_method_key": "_63gaQEP4EDKYha_RXGXJng",
      "to_file_path": "./Order",
      "to_class_or_interface_name": "Order",
      "to_class_or_interface_key": "_lHi94ENIEDK5QKiVSfHm-g",
      "to_method_name": "Update_Status",
      "to_method_key": "_wNaCkUNJEDK5QKiVSfHm-g",
      "data_clump_type": "parameters_to_parameters_data_clump",
      "data_clump_data": {
        "_DCWUwEP5EDKYha_RXGXJng": {
          "key": "_DCWUwEP5EDKYha_RXGXJng",
          "name": "parameter",
          "type": null,
          "probability": 1,
          "modifiers": [],
          "to_variable": {
            "key": "_0pLDQENJEDK5QKiVSfHm-g",
            "name": "parameter",
            "type": null,
            "modifiers": [],
            "position": {}
          },
          "position": {}
        },
        "_HetLUEP5EDKYha_RXGXJng": {
          "key": "_HetLUEP5EDKYha_RXGXJng",
          "name": "parameter2",
          "type": null,
          "probability": 1,
          "modifiers": [],
          "to_variable": {
            "key": "_tT9MYENNEDK5QKiVSfHm-g",
            "name": "parameter2",
            "type": null,
            "modifiers": [],
            "position": {}
          },
          "position": {}
        },
        "_MLmYQEP5EDKYha_RXGXJng": {
          "key": "_MLmYQEP5EDKYha_RXGXJng",
          "name": "parameter3",
          "type": null,
          "probability": 1,
          "modifiers": [],
          "to_variable": {
            "key": "_16E9UEQAEDKYha_RXGXJng",
            "name": "parameter3",
            "type": null,
            "modifiers": [],
            "position": {}
          },
          "position": {}
        }
      }
    },
    "parameters_to_parameters_data_clump-./Items-_63gaQEP4EDKYha_RXGXJng-_m94Y4EQCEDKYha_RXGXJng-parameterparameter2parameter3": {
      "type": "data_clump",
      "key": "parameters_to_parameters_data_clump-./Items-_63gaQEP4EDKYha_RXGXJng-_m94Y4EQCEDKYha_RXGXJng-parameterparameter2parameter3",
      "probability": 1,
      "from_file_path": "./Items",
      "from_class_or_interface_name": "Items",
      "from_class_or_interface_key": "_fjIoMENKEDK5QKiVSfHm-g",
      "from_method_name": "Items",
      "from_method_key": "_63gaQEP4EDKYha_RXGXJng",
      "to_file_path": "./Transaction",
      "to_class_or_interface_name": "Transaction",
      "to_class_or_interface_key": "_-SNn0ENOEDK5QKiVSfHm-g",
      "to_method_name": "Transaction",
      "to_method_key": "_m94Y4EQCEDKYha_RXGXJng",
      "data_clump_type": "parameters_to_parameters_data_clump",
      "data_clump_data": {
        "_DCWUwEP5EDKYha_RXGXJng": {
          "key": "_DCWUwEP5EDKYha_RXGXJng",
          "name": "parameter",
          "type": null,
          "probability": 1,
          "modifiers": [],
          "to_variable": {
            "key": "_p9hZ0EQCEDKYha_RXGXJng",
            "name": "parameter",
            "type": null,
            "modifiers": [],
            "position": {}
          },
          "position": {}
        },
        "_HetLUEP5EDKYha_RXGXJng": {
          "key": "_HetLUEP5EDKYha_RXGXJng",
          "name": "parameter2",
          "type": null,
          "probability": 1,
          "modifiers": [],
          "to_variable": {
            "key": "_rckxwEQCEDKYha_RXGXJng",
            "name": "parameter2",
            "type": null,
            "modifiers": [],
            "position": {}
          },
          "position": {}
        },
        "_MLmYQEP5EDKYha_RXGXJng": {
          "key": "_MLmYQEP5EDKYha_RXGXJng",
          "name": "parameter3",
          "type": null,
          "probability": 1,
          "modifiers": [],
          "to_variable": {
            "key": "_Lq7voEQDEDKYha_RXGXJng",
            "name": "parameter3",
            "type": null,
            "modifiers": [],
            "position": {}
          },
          "position": {}
        }
      }
    },
    "parameters_to_parameters_data_clump-./Order-_HYg_kEQAEDKYha_RXGXJng-_63gaQEP4EDKYha_RXGXJng-parameterparameter2parameter3": {
      "type": "data_clump",
      "key": "parameters_to_parameters_data_clump-./Order-_HYg_kEQAEDKYha_RXGXJng-_63gaQEP4EDKYha_RXGXJng-parameterparameter2parameter3",
      "probability": 1,
      "from_file_path": "./Order",
      "from_class_or_interface_name": "Order",
      "from_class_or_interface_key": "_lHi94ENIEDK5QKiVSfHm-g",
      "from_method_name": "Order",
      "from_method_key": "_HYg_kEQAEDKYha_RXGXJng",
      "to_file_path": "./Items",
      "to_class_or_interface_name": "Items",
      "to_class_or_interface_key": "_fjIoMENKEDK5QKiVSfHm-g",
      "to_method_name": "Items",
      "to_method_key": "_63gaQEP4EDKYha_RXGXJng",
      "data_clump_type": "parameters_to_parameters_data_clump",
      "data_clump_data": {
        "_Kvm3MEQAEDKYha_RXGXJng": {
          "key": "_Kvm3MEQAEDKYha_RXGXJng",
          "name": "parameter",
          "type": null,
          "probability": 1,
          "modifiers": [],
          "to_variable": {
            "key": "_DCWUwEP5EDKYha_RXGXJng",
            "name": "parameter",
            "type": null,
            "modifiers": [],
            "position": {}
          },
          "position": {}
        },
        "_L96dYEQAEDKYha_RXGXJng": {
          "key": "_L96dYEQAEDKYha_RXGXJng",
          "name": "parameter2",
          "type": null,
          "probability": 1,
          "modifiers": [],
          "to_variable": {
            "key": "_HetLUEP5EDKYha_RXGXJng",
            "name": "parameter2",
            "type": null,
            "modifiers": [],
            "position": {}
          },
          "position": {}
        },
        "_MAmlAEQAEDKYha_RXGXJng": {
          "key": "_MAmlAEQAEDKYha_RXGXJng",
          "name": "parameter3",
          "type": null,
          "probability": 1,
          "modifiers": [],
          "to_variable": {
            "key": "_MLmYQEP5EDKYha_RXGXJng",
            "name": "parameter3",
            "type": null,
            "modifiers": [],
            "position": {}
          },
          "position": {}
        }
      }
    },
    "parameters_to_parameters_data_clump-./Order-_HYg_kEQAEDKYha_RXGXJng-_wNaCkUNJEDK5QKiVSfHm-g-parameterparameter2parameter3": {
      "type": "data_clump",
      "key": "parameters_to_parameters_data_clump-./Order-_HYg_kEQAEDKYha_RXGXJng-_wNaCkUNJEDK5QKiVSfHm-g-parameterparameter2parameter3",
      "probability": 1,
      "from_file_path": "./Order",
      "from_class_or_interface_name": "Order",
      "from_class_or_interface_key": "_lHi94ENIEDK5QKiVSfHm-g",
      "from_method_name": "Order",
      "from_method_key": "_HYg_kEQAEDKYha_RXGXJng",
      "to_file_path": "./Order",
      "to_class_or_interface_name": "Order",
      "to_class_or_interface_key": "_lHi94ENIEDK5QKiVSfHm-g",
      "to_method_name": "Update_Status",
      "to_method_key": "_wNaCkUNJEDK5QKiVSfHm-g",
      "data_clump_type": "parameters_to_parameters_data_clump",
      "data_clump_data": {
        "_Kvm3MEQAEDKYha_RXGXJng": {
          "key": "_Kvm3MEQAEDKYha_RXGXJng",
          "name": "parameter",
          "type": null,
          "probability": 1,
          "modifiers": [],
          "to_variable": {
            "key": "_0pLDQENJEDK5QKiVSfHm-g",
            "name": "parameter",
            "type": null,
            "modifiers": [],
            "position": {}
          },
          "position": {}
        },
        "_L96dYEQAEDKYha_RXGXJng": {
          "key": "_L96dYEQAEDKYha_RXGXJng",
          "name": "parameter2",
          "type": null,
          "probability": 1,
          "modifiers": [],
          "to_variable": {
            "key": "_tT9MYENNEDK5QKiVSfHm-g",
            "name": "parameter2",
            "type": null,
            "modifiers": [],
            "position": {}
          },
          "position": {}
        },
        "_MAmlAEQAEDKYha_RXGXJng": {
          "key": "_MAmlAEQAEDKYha_RXGXJng",
          "name": "parameter3",
          "type": null,
          "probability": 1,
          "modifiers": [],
          "to_variable": {
            "key": "_16E9UEQAEDKYha_RXGXJng",
            "name": "parameter3",
            "type": null,
            "modifiers": [],
            "position": {}
          },
          "position": {}
        }
      }
    },
    "parameters_to_parameters_data_clump-./Order-_HYg_kEQAEDKYha_RXGXJng-_m94Y4EQCEDKYha_RXGXJng-parameterparameter2parameter3": {
      "type": "data_clump",
      "key": "parameters_to_parameters_data_clump-./Order-_HYg_kEQAEDKYha_RXGXJng-_m94Y4EQCEDKYha_RXGXJng-parameterparameter2parameter3",
      "probability": 1,
      "from_file_path": "./Order",
      "from_class_or_interface_name": "Order",
      "from_class_or_interface_key": "_lHi94ENIEDK5QKiVSfHm-g",
      "from_method_name": "Order",
      "from_method_key": "_HYg_kEQAEDKYha_RXGXJng",
      "to_file_path": "./Transaction",
      "to_class_or_interface_name": "Transaction",
      "to_class_or_interface_key": "_-SNn0ENOEDK5QKiVSfHm-g",
      "to_method_name": "Transaction",
      "to_method_key": "_m94Y4EQCEDKYha_RXGXJng",
      "data_clump_type": "parameters_to_parameters_data_clump",
      "data_clump_data": {
        "_Kvm3MEQAEDKYha_RXGXJng": {
          "key": "_Kvm3MEQAEDKYha_RXGXJng",
          "name": "parameter",
          "type": null,
          "probability": 1,
          "modifiers": [],
          "to_variable": {
            "key": "_p9hZ0EQCEDKYha_RXGXJng",
            "name": "parameter",
            "type": null,
            "modifiers": [],
            "position": {}
          },
          "position": {}
        },
        "_L96dYEQAEDKYha_RXGXJng": {
          "key": "_L96dYEQAEDKYha_RXGXJng",
          "name": "parameter2",
          "type": null,
          "probability": 1,
          "modifiers": [],
          "to_variable": {
            "key": "_rckxwEQCEDKYha_RXGXJng",
            "name": "parameter2",
            "type": null,
            "modifiers": [],
            "position": {}
          },
          "position": {}
        },
        "_MAmlAEQAEDKYha_RXGXJng": {
          "key": "_MAmlAEQAEDKYha_RXGXJng",
          "name": "parameter3",
          "type": null,
          "probability": 1,
          "modifiers": [],
          "to_variable": {
            "key": "_Lq7voEQDEDKYha_RXGXJng",
            "name": "parameter3",
            "type": null,
            "modifiers": [],
            "position": {}
          },
          "position": {}
        }
      }
    },
    "parameters_to_parameters_data_clump-./Order-_wNaCkUNJEDK5QKiVSfHm-g-_63gaQEP4EDKYha_RXGXJng-parameterparameter2parameter3": {
      "type": "data_clump",
      "key": "parameters_to_parameters_data_clump-./Order-_wNaCkUNJEDK5QKiVSfHm-g-_63gaQEP4EDKYha_RXGXJng-parameterparameter2parameter3",
      "probability": 1,
      "from_file_path": "./Order",
      "from_class_or_interface_name": "Order",
      "from_class_or_interface_key": "_lHi94ENIEDK5QKiVSfHm-g",
      "from_method_name": "Update_Status",
      "from_method_key": "_wNaCkUNJEDK5QKiVSfHm-g",
      "to_file_path": "./Items",
      "to_class_or_interface_name": "Items",
      "to_class_or_interface_key": "_fjIoMENKEDK5QKiVSfHm-g",
      "to_method_name": "Items",
      "to_method_key": "_63gaQEP4EDKYha_RXGXJng",
      "data_clump_type": "parameters_to_parameters_data_clump",
      "data_clump_data": {
        "_0pLDQENJEDK5QKiVSfHm-g": {
          "key": "_0pLDQENJEDK5QKiVSfHm-g",
          "name": "parameter",
          "type": null,
          "probability": 1,
          "modifiers": [],
          "to_variable": {
            "key": "_DCWUwEP5EDKYha_RXGXJng",
            "name": "parameter",
            "type": null,
            "modifiers": [],
            "position": {}
          },
          "position": {}
        },
        "_tT9MYENNEDK5QKiVSfHm-g": {
          "key": "_tT9MYENNEDK5QKiVSfHm-g",
          "name": "parameter2",
          "type": null,
          "probability": 1,
          "modifiers": [],
          "to_variable": {
            "key": "_HetLUEP5EDKYha_RXGXJng",
            "name": "parameter2",
            "type": null,
            "modifiers": [],
            "position": {}
          },
          "position": {}
        },
        "_16E9UEQAEDKYha_RXGXJng": {
          "key": "_16E9UEQAEDKYha_RXGXJng",
          "name": "parameter3",
          "type": null,
          "probability": 1,
          "modifiers": [],
          "to_variable": {
            "key": "_MLmYQEP5EDKYha_RXGXJng",
            "name": "parameter3",
            "type": null,
            "modifiers": [],
            "position": {}
          },
          "position": {}
        }
      }
    },
    "parameters_to_parameters_data_clump-./Order-_wNaCkUNJEDK5QKiVSfHm-g-_HYg_kEQAEDKYha_RXGXJng-parameterparameter2parameter3": {
      "type": "data_clump",
      "key": "parameters_to_parameters_data_clump-./Order-_wNaCkUNJEDK5QKiVSfHm-g-_HYg_kEQAEDKYha_RXGXJng-parameterparameter2parameter3",
      "probability": 1,
      "from_file_path": "./Order",
      "from_class_or_interface_name": "Order",
      "from_class_or_interface_key": "_lHi94ENIEDK5QKiVSfHm-g",
      "from_method_name": "Update_Status",
      "from_method_key": "_wNaCkUNJEDK5QKiVSfHm-g",
      "to_file_path": "./Order",
      "to_class_or_interface_name": "Order",
      "to_class_or_interface_key": "_lHi94ENIEDK5QKiVSfHm-g",
      "to_method_name": "Order",
      "to_method_key": "_HYg_kEQAEDKYha_RXGXJng",
      "data_clump_type": "parameters_to_parameters_data_clump",
      "data_clump_data": {
        "_0pLDQENJEDK5QKiVSfHm-g": {
          "key": "_0pLDQENJEDK5QKiVSfHm-g",
          "name": "parameter",
          "type": null,
          "probability": 1,
          "modifiers": [],
          "to_variable": {
            "key": "_Kvm3MEQAEDKYha_RXGXJng",
            "name": "parameter",
            "type": null,
            "modifiers": [],
            "position": {}
          },
          "position": {}
        },
        "_tT9MYENNEDK5QKiVSfHm-g": {
          "key": "_tT9MYENNEDK5QKiVSfHm-g",
          "name": "parameter2",
          "type": null,
          "probability": 1,
          "modifiers": [],
          "to_variable": {
            "key": "_L96dYEQAEDKYha_RXGXJng",
            "name": "parameter2",
            "type": null,
            "modifiers": [],
            "position": {}
          },
          "position": {}
        },
        "_16E9UEQAEDKYha_RXGXJng": {
          "key": "_16E9UEQAEDKYha_RXGXJng",
          "name": "parameter3",
          "type": null,
          "probability": 1,
          "modifiers": [],
          "to_variable": {
            "key": "_MAmlAEQAEDKYha_RXGXJng",
            "name": "parameter3",
            "type": null,
            "modifiers": [],
            "position": {}
          },
          "position": {}
        }
      }
    },
    "parameters_to_parameters_data_clump-./Order-_wNaCkUNJEDK5QKiVSfHm-g-_m94Y4EQCEDKYha_RXGXJng-parameterparameter2parameter3": {
      "type": "data_clump",
      "key": "parameters_to_parameters_data_clump-./Order-_wNaCkUNJEDK5QKiVSfHm-g-_m94Y4EQCEDKYha_RXGXJng-parameterparameter2parameter3",
      "probability": 1,
      "from_file_path": "./Order",
      "from_class_or_interface_name": "Order",
      "from_class_or_interface_key": "_lHi94ENIEDK5QKiVSfHm-g",
      "from_method_name": "Update_Status",
      "from_method_key": "_wNaCkUNJEDK5QKiVSfHm-g",
      "to_file_path": "./Transaction",
      "to_class_or_interface_name": "Transaction",
      "to_class_or_interface_key": "_-SNn0ENOEDK5QKiVSfHm-g",
      "to_method_name": "Transaction",
      "to_method_key": "_m94Y4EQCEDKYha_RXGXJng",
      "data_clump_type": "parameters_to_parameters_data_clump",
      "data_clump_data": {
        "_0pLDQENJEDK5QKiVSfHm-g": {
          "key": "_0pLDQENJEDK5QKiVSfHm-g",
          "name": "parameter",
          "type": null,
          "probability": 1,
          "modifiers": [],
          "to_variable": {
            "key": "_p9hZ0EQCEDKYha_RXGXJng",
            "name": "parameter",
            "type": null,
            "modifiers": [],
            "position": {}
          },
          "position": {}
        },
        "_tT9MYENNEDK5QKiVSfHm-g": {
          "key": "_tT9MYENNEDK5QKiVSfHm-g",
          "name": "parameter2",
          "type": null,
          "probability": 1,
          "modifiers": [],
          "to_variable": {
            "key": "_rckxwEQCEDKYha_RXGXJng",
            "name": "parameter2",
            "type": null,
            "modifiers": [],
            "position": {}
          },
          "position": {}
        },
        "_16E9UEQAEDKYha_RXGXJng": {
          "key": "_16E9UEQAEDKYha_RXGXJng",
          "name": "parameter3",
          "type": null,
          "probability": 1,
          "modifiers": [],
          "to_variable": {
            "key": "_Lq7voEQDEDKYha_RXGXJng",
            "name": "parameter3",
            "type": null,
            "modifiers": [],
            "position": {}
          },
          "position": {}
        }
      }
    },
    "parameters_to_parameters_data_clump-./Transaction-_m94Y4EQCEDKYha_RXGXJng-_63gaQEP4EDKYha_RXGXJng-parameterparameter2parameter3": {
      "type": "data_clump",
      "key": "parameters_to_parameters_data_clump-./Transaction-_m94Y4EQCEDKYha_RXGXJng-_63gaQEP4EDKYha_RXGXJng-parameterparameter2parameter3",
      "probability": 1,
      "from_file_path": "./Transaction",
      "from_class_or_interface_name": "Transaction",
      "from_class_or_interface_key": "_-SNn0ENOEDK5QKiVSfHm-g",
      "from_method_name": "Transaction",
      "from_method_key": "_m94Y4EQCEDKYha_RXGXJng",
      "to_file_path": "./Items",
      "to_class_or_interface_name": "Items",
      "to_class_or_interface_key": "_fjIoMENKEDK5QKiVSfHm-g",
      "to_method_name": "Items",
      "to_method_key": "_63gaQEP4EDKYha_RXGXJng",
      "data_clump_type": "parameters_to_parameters_data_clump",
      "data_clump_data": {
        "_p9hZ0EQCEDKYha_RXGXJng": {
          "key": "_p9hZ0EQCEDKYha_RXGXJng",
          "name": "parameter",
          "type": null,
          "probability": 1,
          "modifiers": [],
          "to_variable": {
            "key": "_DCWUwEP5EDKYha_RXGXJng",
            "name": "parameter",
            "type": null,
            "modifiers": [],
            "position": {}
          },
          "position": {}
        },
        "_rckxwEQCEDKYha_RXGXJng": {
          "key": "_rckxwEQCEDKYha_RXGXJng",
          "name": "parameter2",
          "type": null,
          "probability": 1,
          "modifiers": [],
          "to_variable": {
            "key": "_HetLUEP5EDKYha_RXGXJng",
            "name": "parameter2",
            "type": null,
            "modifiers": [],
            "position": {}
          },
          "position": {}
        },
        "_Lq7voEQDEDKYha_RXGXJng": {
          "key": "_Lq7voEQDEDKYha_RXGXJng",
          "name": "parameter3",
          "type": null,
          "probability": 1,
          "modifiers": [],
          "to_variable": {
            "key": "_MLmYQEP5EDKYha_RXGXJng",
            "name": "parameter3",
            "type": null,
            "modifiers": [],
            "position": {}
          },
          "position": {}
        }
      }
    },
    "parameters_to_parameters_data_clump-./Transaction-_m94Y4EQCEDKYha_RXGXJng-_HYg_kEQAEDKYha_RXGXJng-parameterparameter2parameter3": {
      "type": "data_clump",
      "key": "parameters_to_parameters_data_clump-./Transaction-_m94Y4EQCEDKYha_RXGXJng-_HYg_kEQAEDKYha_RXGXJng-parameterparameter2parameter3",
      "probability": 1,
      "from_file_path": "./Transaction",
      "from_class_or_interface_name": "Transaction",
      "from_class_or_interface_key": "_-SNn0ENOEDK5QKiVSfHm-g",
      "from_method_name": "Transaction",
      "from_method_key": "_m94Y4EQCEDKYha_RXGXJng",
      "to_file_path": "./Order",
      "to_class_or_interface_name": "Order",
      "to_class_or_interface_key": "_lHi94ENIEDK5QKiVSfHm-g",
      "to_method_name": "Order",
      "to_method_key": "_HYg_kEQAEDKYha_RXGXJng",
      "data_clump_type": "parameters_to_parameters_data_clump",
      "data_clump_data": {
        "_p9hZ0EQCEDKYha_RXGXJng": {
          "key": "_p9hZ0EQCEDKYha_RXGXJng",
          "name": "parameter",
          "type": null,
          "probability": 1,
          "modifiers": [],
          "to_variable": {
            "key": "_Kvm3MEQAEDKYha_RXGXJng",
            "name": "parameter",
            "type": null,
            "modifiers": [],
            "position": {}
          },
          "position": {}
        },
        "_rckxwEQCEDKYha_RXGXJng": {
          "key": "_rckxwEQCEDKYha_RXGXJng",
          "name": "parameter2",
          "type": null,
          "probability": 1,
          "modifiers": [],
          "to_variable": {
            "key": "_L96dYEQAEDKYha_RXGXJng",
            "name": "parameter2",
            "type": null,
            "modifiers": [],
            "position": {}
          },
          "position": {}
        },
        "_Lq7voEQDEDKYha_RXGXJng": {
          "key": "_Lq7voEQDEDKYha_RXGXJng",
          "name": "parameter3",
          "type": null,
          "probability": 1,
          "modifiers": [],
          "to_variable": {
            "key": "_MAmlAEQAEDKYha_RXGXJng",
            "name": "parameter3",
            "type": null,
            "modifiers": [],
            "position": {}
          },
          "position": {}
        }
      }
    },
    "parameters_to_parameters_data_clump-./Transaction-_m94Y4EQCEDKYha_RXGXJng-_wNaCkUNJEDK5QKiVSfHm-g-parameterparameter2parameter3": {
      "type": "data_clump",
      "key": "parameters_to_parameters_data_clump-./Transaction-_m94Y4EQCEDKYha_RXGXJng-_wNaCkUNJEDK5QKiVSfHm-g-parameterparameter2parameter3",
      "probability": 1,
      "from_file_path": "./Transaction",
      "from_class_or_interface_name": "Transaction",
      "from_class_or_interface_key": "_-SNn0ENOEDK5QKiVSfHm-g",
      "from_method_name": "Transaction",
      "from_method_key": "_m94Y4EQCEDKYha_RXGXJng",
      "to_file_path": "./Order",
      "to_class_or_interface_name": "Order",
      "to_class_or_interface_key": "_lHi94ENIEDK5QKiVSfHm-g",
      "to_method_name": "Update_Status",
      "to_method_key": "_wNaCkUNJEDK5QKiVSfHm-g",
      "data_clump_type": "parameters_to_parameters_data_clump",
      "data_clump_data": {
        "_p9hZ0EQCEDKYha_RXGXJng": {
          "key": "_p9hZ0EQCEDKYha_RXGXJng",
          "name": "parameter",
          "type": null,
          "probability": 1,
          "modifiers": [],
          "to_variable": {
            "key": "_0pLDQENJEDK5QKiVSfHm-g",
            "name": "parameter",
            "type": null,
            "modifiers": [],
            "position": {}
          },
          "position": {}
        },
        "_rckxwEQCEDKYha_RXGXJng": {
          "key": "_rckxwEQCEDKYha_RXGXJng",
          "name": "parameter2",
          "type": null,
          "probability": 1,
          "modifiers": [],
          "to_variable": {
            "key": "_tT9MYENNEDK5QKiVSfHm-g",
            "name": "parameter2",
            "type": null,
            "modifiers": [],
            "position": {}
          },
          "position": {}
        },
        "_Lq7voEQDEDKYha_RXGXJng": {
          "key": "_Lq7voEQDEDKYha_RXGXJng",
          "name": "parameter3",
          "type": null,
          "probability": 1,
          "modifiers": [],
          "to_variable": {
            "key": "_16E9UEQAEDKYha_RXGXJng",
            "name": "parameter3",
            "type": null,
            "modifiers": [],
            "position": {}
          },
          "position": {}
        }
      }
    }
  }
}