{
  "report_version": "unknown",
  "report_timestamp": "2025-03-26T21:42:31.031Z",
  "target_language": "java",
  "report_summary": {
    "additional": null,
    "amount_classes_or_interfaces_with_data_clumps": 4,
    "amount_files_with_data_clumps": 4,
    "amount_methods_with_data_clumps": 4,
    "fields_to_fields_data_clump": 0,
    "parameters_to_fields_data_clump": 0,
    "parameters_to_parameters_data_clump": 12,
    "amount_data_clumps": 12
  },
  "project_info": {
    "project_url": "unknown_project_url",
    "project_name": "d460ab4b-8b3e-4115-8232-3b505bf84f77",
    "project_version": "unknown_project_version",
    "project_commit_hash": "unknown",
    "project_tag": null,
    "project_commit_date": null,
    "additional": {},
    "number_of_files": 31,
    "number_of_classes_or_interfaces": 31,
    "number_of_methods": 60,
    "number_of_data_fields": 23,
    "number_of_method_parameters": 45
  },
  "detector": {
    "name": "data-clumps-doctor",
    "url": "https://github.com/NilsBaumgartner1994/data-clumps-doctor",
    "version": "0.1.100",
    "options": {
      "typeVariablesConsidered": false,
      "similarityModifierOfVariablesWithUnknownType": 0,
      "fieldsOfClassesWithUnknownHierarchyProbabilityModifier": 0,
      "sharedFieldsToFieldsAmountMinimum": 3,
      "analyseFieldsInClassesOrInterfacesInheritedFromSuperClassesOrInterfaces": false,
      "sharedParametersToParametersAmountMinimum": 3,
      "sharedParametersToFieldsAmountMinimum": 3,
      "methodsOfClassesOrInterfacesWithUnknownHierarchyProbabilityModifier": 0
    }
  },
  "data_clumps": {
    "parameters_to_parameters_data_clump-./ArrayAdapter-_3bCboBSeEDKtNq3-ap05VA-_PNX9UBR8EDKtNq3-ap05VA-parameterparameter2parameter3": {
      "type": "data_clump",
      "key": "parameters_to_parameters_data_clump-./ArrayAdapter-_3bCboBSeEDKtNq3-ap05VA-_PNX9UBR8EDKtNq3-ap05VA-parameterparameter2parameter3",
      "probability": 1,
      "from_file_path": "./ArrayAdapter",
      "from_class_or_interface_name": "ArrayAdapter",
      "from_class_or_interface_key": "_y0IUABR0EDKtNq3-ap05VA",
      "from_method_name": "ArrayAdapter",
      "from_method_key": "_3bCboBSeEDKtNq3-ap05VA",
      "to_file_path": "./MunrosActivity",
      "to_class_or_interface_name": "MunrosActivity",
      "to_class_or_interface_key": "_LZvJEBR7EDKtNq3-ap05VA",
      "to_method_name": "onItemClick",
      "to_method_key": "_PNX9UBR8EDKtNq3-ap05VA",
      "data_clump_type": "parameters_to_parameters_data_clump",
      "data_clump_data": {
        "_-CuhUBSeEDKtNq3-ap05VA": {
          "key": "_-CuhUBSeEDKtNq3-ap05VA",
          "name": "parameter",
          "type": null,
          "probability": 1,
          "modifiers": [],
          "to_variable": {
            "key": "_ROHtEBR8EDKtNq3-ap05VA",
            "name": "parameter",
            "type": null,
            "modifiers": [],
            "position": {}
          },
          "position": {}
        },
        "__MJAcBSeEDKtNq3-ap05VA": {
          "key": "__MJAcBSeEDKtNq3-ap05VA",
          "name": "parameter2",
          "type": null,
          "probability": 1,
          "modifiers": [],
          "to_variable": {
            "key": "_SJeiEBR8EDKtNq3-ap05VA",
            "name": "parameter2",
            "type": null,
            "modifiers": [],
            "position": {}
          },
          "position": {}
        },
        "_Bsh5kBSfEDKtNq3-ap05VA": {
          "key": "_Bsh5kBSfEDKtNq3-ap05VA",
          "name": "parameter3",
          "type": null,
          "probability": 1,
          "modifiers": [],
          "to_variable": {
            "key": "_TaFOUBR8EDKtNq3-ap05VA",
            "name": "parameter3",
            "type": null,
            "modifiers": [],
            "position": {}
          },
          "position": {}
        }
      }
    },
    "parameters_to_parameters_data_clump-./ArrayAdapter-_3bCboBSeEDKtNq3-ap05VA-_93oK8BSmEDKtNq3-ap05VA-parameterparameter2parameter3": {
      "type": "data_clump",
      "key": "parameters_to_parameters_data_clump-./ArrayAdapter-_3bCboBSeEDKtNq3-ap05VA-_93oK8BSmEDKtNq3-ap05VA-parameterparameter2parameter3",
      "probability": 1,
      "from_file_path": "./ArrayAdapter",
      "from_class_or_interface_name": "ArrayAdapter",
      "from_class_or_interface_key": "_y0IUABR0EDKtNq3-ap05VA",
      "from_method_name": "ArrayAdapter",
      "from_method_key": "_3bCboBSeEDKtNq3-ap05VA",
      "to_file_path": "./Query",
      "to_class_or_interface_name": "Query",
      "to_class_or_interface_key": "_1vHywBSmEDKtNq3-ap05VA",
      "to_method_name": "Query",
      "to_method_key": "_93oK8BSmEDKtNq3-ap05VA",
      "data_clump_type": "parameters_to_parameters_data_clump",
      "data_clump_data": {
        "_-CuhUBSeEDKtNq3-ap05VA": {
          "key": "_-CuhUBSeEDKtNq3-ap05VA",
          "name": "parameter",
          "type": null,
          "probability": 1,
          "modifiers": [],
          "to_variable": {
            "key": "_AQqe4BSnEDKtNq3-ap05VA",
            "name": "parameter",
            "type": null,
            "modifiers": [],
            "position": {}
          },
          "position": {}
        },
        "__MJAcBSeEDKtNq3-ap05VA": {
          "key": "__MJAcBSeEDKtNq3-ap05VA",
          "name": "parameter2",
          "type": null,
          "probability": 1,
          "modifiers": [],
          "to_variable": {
            "key": "_B_y6MBSnEDKtNq3-ap05VA",
            "name": "parameter2",
            "type": null,
            "modifiers": [],
            "position": {}
          },
          "position": {}
        },
        "_Bsh5kBSfEDKtNq3-ap05VA": {
          "key": "_Bsh5kBSfEDKtNq3-ap05VA",
          "name": "parameter3",
          "type": null,
          "probability": 1,
          "modifiers": [],
          "to_variable": {
            "key": "_DCyBMBSnEDKtNq3-ap05VA",
            "name": "parameter3",
            "type": null,
            "modifiers": [],
            "position": {}
          },
          "position": {}
        }
      }
    },
    "parameters_to_parameters_data_clump-./ArrayAdapter-_3bCboBSeEDKtNq3-ap05VA-_jRT-MBSnEDKtNq3-ap05VA-parameterparameter2parameter3": {
      "type": "data_clump",
      "key": "parameters_to_parameters_data_clump-./ArrayAdapter-_3bCboBSeEDKtNq3-ap05VA-_jRT-MBSnEDKtNq3-ap05VA-parameterparameter2parameter3",
      "probability": 1,
      "from_file_path": "./ArrayAdapter",
      "from_class_or_interface_name": "ArrayAdapter",
      "from_class_or_interface_key": "_y0IUABR0EDKtNq3-ap05VA",
      "from_method_name": "ArrayAdapter",
      "from_method_key": "_3bCboBSeEDKtNq3-ap05VA",
      "to_file_path": "./SQLiteDatabase",
      "to_class_or_interface_name": "SQLiteDatabase",
      "to_class_or_interface_key": "_ghusIBSfEDKtNq3-ap05VA",
      "to_method_name": "openDatabase",
      "to_method_key": "_jRT-MBSnEDKtNq3-ap05VA",
      "data_clump_type": "parameters_to_parameters_data_clump",
      "data_clump_data": {
        "_-CuhUBSeEDKtNq3-ap05VA": {
          "key": "_-CuhUBSeEDKtNq3-ap05VA",
          "name": "parameter",
          "type": null,
          "probability": 1,
          "modifiers": [],
          "to_variable": {
            "key": "_oAecABSnEDKtNq3-ap05VA",
            "name": "parameter",
            "type": null,
            "modifiers": [],
            "position": {}
          },
          "position": {}
        },
        "__MJAcBSeEDKtNq3-ap05VA": {
          "key": "__MJAcBSeEDKtNq3-ap05VA",
          "name": "parameter2",
          "type": null,
          "probability": 1,
          "modifiers": [],
          "to_variable": {
            "key": "_rQFyoBSnEDKtNq3-ap05VA",
            "name": "parameter2",
            "type": null,
            "modifiers": [],
            "position": {}
          },
          "position": {}
        },
        "_Bsh5kBSfEDKtNq3-ap05VA": {
          "key": "_Bsh5kBSfEDKtNq3-ap05VA",
          "name": "parameter3",
          "type": null,
          "probability": 1,
          "modifiers": [],
          "to_variable": {
            "key": "_sHHhQBSnEDKtNq3-ap05VA",
            "name": "parameter3",
            "type": null,
            "modifiers": [],
            "position": {}
          },
          "position": {}
        }
      }
    },
    "parameters_to_parameters_data_clump-./MunrosActivity-_PNX9UBR8EDKtNq3-ap05VA-_3bCboBSeEDKtNq3-ap05VA-parameterparameter2parameter3": {
      "type": "data_clump",
      "key": "parameters_to_parameters_data_clump-./MunrosActivity-_PNX9UBR8EDKtNq3-ap05VA-_3bCboBSeEDKtNq3-ap05VA-parameterparameter2parameter3",
      "probability": 1,
      "from_file_path": "./MunrosActivity",
      "from_class_or_interface_name": "MunrosActivity",
      "from_class_or_interface_key": "_LZvJEBR7EDKtNq3-ap05VA",
      "from_method_name": "onItemClick",
      "from_method_key": "_PNX9UBR8EDKtNq3-ap05VA",
      "to_file_path": "./ArrayAdapter",
      "to_class_or_interface_name": "ArrayAdapter",
      "to_class_or_interface_key": "_y0IUABR0EDKtNq3-ap05VA",
      "to_method_name": "ArrayAdapter",
      "to_method_key": "_3bCboBSeEDKtNq3-ap05VA",
      "data_clump_type": "parameters_to_parameters_data_clump",
      "data_clump_data": {
        "_ROHtEBR8EDKtNq3-ap05VA": {
          "key": "_ROHtEBR8EDKtNq3-ap05VA",
          "name": "parameter",
          "type": null,
          "probability": 1,
          "modifiers": [],
          "to_variable": {
            "key": "_-CuhUBSeEDKtNq3-ap05VA",
            "name": "parameter",
            "type": null,
            "modifiers": [],
            "position": {}
          },
          "position": {}
        },
        "_SJeiEBR8EDKtNq3-ap05VA": {
          "key": "_SJeiEBR8EDKtNq3-ap05VA",
          "name": "parameter2",
          "type": null,
          "probability": 1,
          "modifiers": [],
          "to_variable": {
            "key": "__MJAcBSeEDKtNq3-ap05VA",
            "name": "parameter2",
            "type": null,
            "modifiers": [],
            "position": {}
          },
          "position": {}
        },
        "_TaFOUBR8EDKtNq3-ap05VA": {
          "key": "_TaFOUBR8EDKtNq3-ap05VA",
          "name": "parameter3",
          "type": null,
          "probability": 1,
          "modifiers": [],
          "to_variable": {
            "key": "_Bsh5kBSfEDKtNq3-ap05VA",
            "name": "parameter3",
            "type": null,
            "modifiers": [],
            "position": {}
          },
          "position": {}
        }
      }
    },
    "parameters_to_parameters_data_clump-./MunrosActivity-_PNX9UBR8EDKtNq3-ap05VA-_93oK8BSmEDKtNq3-ap05VA-parameterparameter2parameter3parameter4": {
      "type": "data_clump",
      "key": "parameters_to_parameters_data_clump-./MunrosActivity-_PNX9UBR8EDKtNq3-ap05VA-_93oK8BSmEDKtNq3-ap05VA-parameterparameter2parameter3parameter4",
      "probability": 1,
      "from_file_path": "./MunrosActivity",
      "from_class_or_interface_name": "MunrosActivity",
      "from_class_or_interface_key": "_LZvJEBR7EDKtNq3-ap05VA",
      "from_method_name": "onItemClick",
      "from_method_key": "_PNX9UBR8EDKtNq3-ap05VA",
      "to_file_path": "./Query",
      "to_class_or_interface_name": "Query",
      "to_class_or_interface_key": "_1vHywBSmEDKtNq3-ap05VA",
      "to_method_name": "Query",
      "to_method_key": "_93oK8BSmEDKtNq3-ap05VA",
      "data_clump_type": "parameters_to_parameters_data_clump",
      "data_clump_data": {
        "_ROHtEBR8EDKtNq3-ap05VA": {
          "key": "_ROHtEBR8EDKtNq3-ap05VA",
          "name": "parameter",
          "type": null,
          "probability": 1,
          "modifiers": [],
          "to_variable": {
            "key": "_AQqe4BSnEDKtNq3-ap05VA",
            "name": "parameter",
            "type": null,
            "modifiers": [],
            "position": {}
          },
          "position": {}
        },
        "_SJeiEBR8EDKtNq3-ap05VA": {
          "key": "_SJeiEBR8EDKtNq3-ap05VA",
          "name": "parameter2",
          "type": null,
          "probability": 1,
          "modifiers": [],
          "to_variable": {
            "key": "_B_y6MBSnEDKtNq3-ap05VA",
            "name": "parameter2",
            "type": null,
            "modifiers": [],
            "position": {}
          },
          "position": {}
        },
        "_TaFOUBR8EDKtNq3-ap05VA": {
          "key": "_TaFOUBR8EDKtNq3-ap05VA",
          "name": "parameter3",
          "type": null,
          "probability": 1,
          "modifiers": [],
          "to_variable": {
            "key": "_DCyBMBSnEDKtNq3-ap05VA",
            "name": "parameter3",
            "type": null,
            "modifiers": [],
            "position": {}
          },
          "position": {}
        },
        "_UKHkIBR8EDKtNq3-ap05VA": {
          "key": "_UKHkIBR8EDKtNq3-ap05VA",
          "name": "parameter4",
          "type": null,
          "probability": 1,
          "modifiers": [],
          "to_variable": {
            "key": "_EcXDQBSnEDKtNq3-ap05VA",
            "name": "parameter4",
            "type": null,
            "modifiers": [],
            "position": {}
          },
          "position": {}
        }
      }
    },
    "parameters_to_parameters_data_clump-./MunrosActivity-_PNX9UBR8EDKtNq3-ap05VA-_jRT-MBSnEDKtNq3-ap05VA-parameterparameter2parameter3": {
      "type": "data_clump",
      "key": "parameters_to_parameters_data_clump-./MunrosActivity-_PNX9UBR8EDKtNq3-ap05VA-_jRT-MBSnEDKtNq3-ap05VA-parameterparameter2parameter3",
      "probability": 1,
      "from_file_path": "./MunrosActivity",
      "from_class_or_interface_name": "MunrosActivity",
      "from_class_or_interface_key": "_LZvJEBR7EDKtNq3-ap05VA",
      "from_method_name": "onItemClick",
      "from_method_key": "_PNX9UBR8EDKtNq3-ap05VA",
      "to_file_path": "./SQLiteDatabase",
      "to_class_or_interface_name": "SQLiteDatabase",
      "to_class_or_interface_key": "_ghusIBSfEDKtNq3-ap05VA",
      "to_method_name": "openDatabase",
      "to_method_key": "_jRT-MBSnEDKtNq3-ap05VA",
      "data_clump_type": "parameters_to_parameters_data_clump",
      "data_clump_data": {
        "_ROHtEBR8EDKtNq3-ap05VA": {
          "key": "_ROHtEBR8EDKtNq3-ap05VA",
          "name": "parameter",
          "type": null,
          "probability": 1,
          "modifiers": [],
          "to_variable": {
            "key": "_oAecABSnEDKtNq3-ap05VA",
            "name": "parameter",
            "type": null,
            "modifiers": [],
            "position": {}
          },
          "position": {}
        },
        "_SJeiEBR8EDKtNq3-ap05VA": {
          "key": "_SJeiEBR8EDKtNq3-ap05VA",
          "name": "parameter2",
          "type": null,
          "probability": 1,
          "modifiers": [],
          "to_variable": {
            "key": "_rQFyoBSnEDKtNq3-ap05VA",
            "name": "parameter2",
            "type": null,
            "modifiers": [],
            "position": {}
          },
          "position": {}
        },
        "_TaFOUBR8EDKtNq3-ap05VA": {
          "key": "_TaFOUBR8EDKtNq3-ap05VA",
          "name": "parameter3",
          "type": null,
          "probability": 1,
          "modifiers": [],
          "to_variable": {
            "key": "_sHHhQBSnEDKtNq3-ap05VA",
            "name": "parameter3",
            "type": null,
            "modifiers": [],
            "position": {}
          },
          "position": {}
        }
      }
    },
    "parameters_to_parameters_data_clump-./Query-_93oK8BSmEDKtNq3-ap05VA-_3bCboBSeEDKtNq3-ap05VA-parameterparameter2parameter3": {
      "type": "data_clump",
      "key": "parameters_to_parameters_data_clump-./Query-_93oK8BSmEDKtNq3-ap05VA-_3bCboBSeEDKtNq3-ap05VA-parameterparameter2parameter3",
      "probability": 1,
      "from_file_path": "./Query",
      "from_class_or_interface_name": "Query",
      "from_class_or_interface_key": "_1vHywBSmEDKtNq3-ap05VA",
      "from_method_name": "Query",
      "from_method_key": "_93oK8BSmEDKtNq3-ap05VA",
      "to_file_path": "./ArrayAdapter",
      "to_class_or_interface_name": "ArrayAdapter",
      "to_class_or_interface_key": "_y0IUABR0EDKtNq3-ap05VA",
      "to_method_name": "ArrayAdapter",
      "to_method_key": "_3bCboBSeEDKtNq3-ap05VA",
      "data_clump_type": "parameters_to_parameters_data_clump",
      "data_clump_data": {
        "_AQqe4BSnEDKtNq3-ap05VA": {
          "key": "_AQqe4BSnEDKtNq3-ap05VA",
          "name": "parameter",
          "type": null,
          "probability": 1,
          "modifiers": [],
          "to_variable": {
            "key": "_-CuhUBSeEDKtNq3-ap05VA",
            "name": "parameter",
            "type": null,
            "modifiers": [],
            "position": {}
          },
          "position": {}
        },
        "_B_y6MBSnEDKtNq3-ap05VA": {
          "key": "_B_y6MBSnEDKtNq3-ap05VA",
          "name": "parameter2",
          "type": null,
          "probability": 1,
          "modifiers": [],
          "to_variable": {
            "key": "__MJAcBSeEDKtNq3-ap05VA",
            "name": "parameter2",
            "type": null,
            "modifiers": [],
            "position": {}
          },
          "position": {}
        },
        "_DCyBMBSnEDKtNq3-ap05VA": {
          "key": "_DCyBMBSnEDKtNq3-ap05VA",
          "name": "parameter3",
          "type": null,
          "probability": 1,
          "modifiers": [],
          "to_variable": {
            "key": "_Bsh5kBSfEDKtNq3-ap05VA",
            "name": "parameter3",
            "type": null,
            "modifiers": [],
            "position": {}
          },
          "position": {}
        }
      }
    },
    "parameters_to_parameters_data_clump-./Query-_93oK8BSmEDKtNq3-ap05VA-_PNX9UBR8EDKtNq3-ap05VA-parameterparameter2parameter3parameter4": {
      "type": "data_clump",
      "key": "parameters_to_parameters_data_clump-./Query-_93oK8BSmEDKtNq3-ap05VA-_PNX9UBR8EDKtNq3-ap05VA-parameterparameter2parameter3parameter4",
      "probability": 1,
      "from_file_path": "./Query",
      "from_class_or_interface_name": "Query",
      "from_class_or_interface_key": "_1vHywBSmEDKtNq3-ap05VA",
      "from_method_name": "Query",
      "from_method_key": "_93oK8BSmEDKtNq3-ap05VA",
      "to_file_path": "./MunrosActivity",
      "to_class_or_interface_name": "MunrosActivity",
      "to_class_or_interface_key": "_LZvJEBR7EDKtNq3-ap05VA",
      "to_method_name": "onItemClick",
      "to_method_key": "_PNX9UBR8EDKtNq3-ap05VA",
      "data_clump_type": "parameters_to_parameters_data_clump",
      "data_clump_data": {
        "_AQqe4BSnEDKtNq3-ap05VA": {
          "key": "_AQqe4BSnEDKtNq3-ap05VA",
          "name": "parameter",
          "type": null,
          "probability": 1,
          "modifiers": [],
          "to_variable": {
            "key": "_ROHtEBR8EDKtNq3-ap05VA",
            "name": "parameter",
            "type": null,
            "modifiers": [],
            "position": {}
          },
          "position": {}
        },
        "_B_y6MBSnEDKtNq3-ap05VA": {
          "key": "_B_y6MBSnEDKtNq3-ap05VA",
          "name": "parameter2",
          "type": null,
          "probability": 1,
          "modifiers": [],
          "to_variable": {
            "key": "_SJeiEBR8EDKtNq3-ap05VA",
            "name": "parameter2",
            "type": null,
            "modifiers": [],
            "position": {}
          },
          "position": {}
        },
        "_DCyBMBSnEDKtNq3-ap05VA": {
          "key": "_DCyBMBSnEDKtNq3-ap05VA",
          "name": "parameter3",
          "type": null,
          "probability": 1,
          "modifiers": [],
          "to_variable": {
            "key": "_TaFOUBR8EDKtNq3-ap05VA",
            "name": "parameter3",
            "type": null,
            "modifiers": [],
            "position": {}
          },
          "position": {}
        },
        "_EcXDQBSnEDKtNq3-ap05VA": {
          "key": "_EcXDQBSnEDKtNq3-ap05VA",
          "name": "parameter4",
          "type": null,
          "probability": 1,
          "modifiers": [],
          "to_variable": {
            "key": "_UKHkIBR8EDKtNq3-ap05VA",
            "name": "parameter4",
            "type": null,
            "modifiers": [],
            "position": {}
          },
          "position": {}
        }
      }
    },
    "parameters_to_parameters_data_clump-./Query-_93oK8BSmEDKtNq3-ap05VA-_jRT-MBSnEDKtNq3-ap05VA-parameterparameter2parameter3": {
      "type": "data_clump",
      "key": "parameters_to_parameters_data_clump-./Query-_93oK8BSmEDKtNq3-ap05VA-_jRT-MBSnEDKtNq3-ap05VA-parameterparameter2parameter3",
      "probability": 1,
      "from_file_path": "./Query",
      "from_class_or_interface_name": "Query",
      "from_class_or_interface_key": "_1vHywBSmEDKtNq3-ap05VA",
      "from_method_name": "Query",
      "from_method_key": "_93oK8BSmEDKtNq3-ap05VA",
      "to_file_path": "./SQLiteDatabase",
      "to_class_or_interface_name": "SQLiteDatabase",
      "to_class_or_interface_key": "_ghusIBSfEDKtNq3-ap05VA",
      "to_method_name": "openDatabase",
      "to_method_key": "_jRT-MBSnEDKtNq3-ap05VA",
      "data_clump_type": "parameters_to_parameters_data_clump",
      "data_clump_data": {
        "_AQqe4BSnEDKtNq3-ap05VA": {
          "key": "_AQqe4BSnEDKtNq3-ap05VA",
          "name": "parameter",
          "type": null,
          "probability": 1,
          "modifiers": [],
          "to_variable": {
            "key": "_oAecABSnEDKtNq3-ap05VA",
            "name": "parameter",
            "type": null,
            "modifiers": [],
            "position": {}
          },
          "position": {}
        },
        "_B_y6MBSnEDKtNq3-ap05VA": {
          "key": "_B_y6MBSnEDKtNq3-ap05VA",
          "name": "parameter2",
          "type": null,
          "probability": 1,
          "modifiers": [],
          "to_variable": {
            "key": "_rQFyoBSnEDKtNq3-ap05VA",
            "name": "parameter2",
            "type": null,
            "modifiers": [],
            "position": {}
          },
          "position": {}
        },
        "_DCyBMBSnEDKtNq3-ap05VA": {
          "key": "_DCyBMBSnEDKtNq3-ap05VA",
          "name": "parameter3",
          "type": null,
          "probability": 1,
          "modifiers": [],
          "to_variable": {
            "key": "_sHHhQBSnEDKtNq3-ap05VA",
            "name": "parameter3",
            "type": null,
            "modifiers": [],
            "position": {}
          },
          "position": {}
        }
      }
    },
    "parameters_to_parameters_data_clump-./SQLiteDatabase-_jRT-MBSnEDKtNq3-ap05VA-_3bCboBSeEDKtNq3-ap05VA-parameterparameter2parameter3": {
      "type": "data_clump",
      "key": "parameters_to_parameters_data_clump-./SQLiteDatabase-_jRT-MBSnEDKtNq3-ap05VA-_3bCboBSeEDKtNq3-ap05VA-parameterparameter2parameter3",
      "probability": 1,
      "from_file_path": "./SQLiteDatabase",
      "from_class_or_interface_name": "SQLiteDatabase",
      "from_class_or_interface_key": "_ghusIBSfEDKtNq3-ap05VA",
      "from_method_name": "openDatabase",
      "from_method_key": "_jRT-MBSnEDKtNq3-ap05VA",
      "to_file_path": "./ArrayAdapter",
      "to_class_or_interface_name": "ArrayAdapter",
      "to_class_or_interface_key": "_y0IUABR0EDKtNq3-ap05VA",
      "to_method_name": "ArrayAdapter",
      "to_method_key": "_3bCboBSeEDKtNq3-ap05VA",
      "data_clump_type": "parameters_to_parameters_data_clump",
      "data_clump_data": {
        "_oAecABSnEDKtNq3-ap05VA": {
          "key": "_oAecABSnEDKtNq3-ap05VA",
          "name": "parameter",
          "type": null,
          "probability": 1,
          "modifiers": [],
          "to_variable": {
            "key": "_-CuhUBSeEDKtNq3-ap05VA",
            "name": "parameter",
            "type": null,
            "modifiers": [],
            "position": {}
          },
          "position": {}
        },
        "_rQFyoBSnEDKtNq3-ap05VA": {
          "key": "_rQFyoBSnEDKtNq3-ap05VA",
          "name": "parameter2",
          "type": null,
          "probability": 1,
          "modifiers": [],
          "to_variable": {
            "key": "__MJAcBSeEDKtNq3-ap05VA",
            "name": "parameter2",
            "type": null,
            "modifiers": [],
            "position": {}
          },
          "position": {}
        },
        "_sHHhQBSnEDKtNq3-ap05VA": {
          "key": "_sHHhQBSnEDKtNq3-ap05VA",
          "name": "parameter3",
          "type": null,
          "probability": 1,
          "modifiers": [],
          "to_variable": {
            "key": "_Bsh5kBSfEDKtNq3-ap05VA",
            "name": "parameter3",
            "type": null,
            "modifiers": [],
            "position": {}
          },
          "position": {}
        }
      }
    },
    "parameters_to_parameters_data_clump-./SQLiteDatabase-_jRT-MBSnEDKtNq3-ap05VA-_PNX9UBR8EDKtNq3-ap05VA-parameterparameter2parameter3": {
      "type": "data_clump",
      "key": "parameters_to_parameters_data_clump-./SQLiteDatabase-_jRT-MBSnEDKtNq3-ap05VA-_PNX9UBR8EDKtNq3-ap05VA-parameterparameter2parameter3",
      "probability": 1,
      "from_file_path": "./SQLiteDatabase",
      "from_class_or_interface_name": "SQLiteDatabase",
      "from_class_or_interface_key": "_ghusIBSfEDKtNq3-ap05VA",
      "from_method_name": "openDatabase",
      "from_method_key": "_jRT-MBSnEDKtNq3-ap05VA",
      "to_file_path": "./MunrosActivity",
      "to_class_or_interface_name": "MunrosActivity",
      "to_class_or_interface_key": "_LZvJEBR7EDKtNq3-ap05VA",
      "to_method_name": "onItemClick",
      "to_method_key": "_PNX9UBR8EDKtNq3-ap05VA",
      "data_clump_type": "parameters_to_parameters_data_clump",
      "data_clump_data": {
        "_oAecABSnEDKtNq3-ap05VA": {
          "key": "_oAecABSnEDKtNq3-ap05VA",
          "name": "parameter",
          "type": null,
          "probability": 1,
          "modifiers": [],
          "to_variable": {
            "key": "_ROHtEBR8EDKtNq3-ap05VA",
            "name": "parameter",
            "type": null,
            "modifiers": [],
            "position": {}
          },
          "position": {}
        },
        "_rQFyoBSnEDKtNq3-ap05VA": {
          "key": "_rQFyoBSnEDKtNq3-ap05VA",
          "name": "parameter2",
          "type": null,
          "probability": 1,
          "modifiers": [],
          "to_variable": {
            "key": "_SJeiEBR8EDKtNq3-ap05VA",
            "name": "parameter2",
            "type": null,
            "modifiers": [],
            "position": {}
          },
          "position": {}
        },
        "_sHHhQBSnEDKtNq3-ap05VA": {
          "key": "_sHHhQBSnEDKtNq3-ap05VA",
          "name": "parameter3",
          "type": null,
          "probability": 1,
          "modifiers": [],
          "to_variable": {
            "key": "_TaFOUBR8EDKtNq3-ap05VA",
            "name": "parameter3",
            "type": null,
            "modifiers": [],
            "position": {}
          },
          "position": {}
        }
      }
    },
    "parameters_to_parameters_data_clump-./SQLiteDatabase-_jRT-MBSnEDKtNq3-ap05VA-_93oK8BSmEDKtNq3-ap05VA-parameterparameter2parameter3": {
      "type": "data_clump",
      "key": "parameters_to_parameters_data_clump-./SQLiteDatabase-_jRT-MBSnEDKtNq3-ap05VA-_93oK8BSmEDKtNq3-ap05VA-parameterparameter2parameter3",
      "probability": 1,
      "from_file_path": "./SQLiteDatabase",
      "from_class_or_interface_name": "SQLiteDatabase",
      "from_class_or_interface_key": "_ghusIBSfEDKtNq3-ap05VA",
      "from_method_name": "openDatabase",
      "from_method_key": "_jRT-MBSnEDKtNq3-ap05VA",
      "to_file_path": "./Query",
      "to_class_or_interface_name": "Query",
      "to_class_or_interface_key": "_1vHywBSmEDKtNq3-ap05VA",
      "to_method_name": "Query",
      "to_method_key": "_93oK8BSmEDKtNq3-ap05VA",
      "data_clump_type": "parameters_to_parameters_data_clump",
      "data_clump_data": {
        "_oAecABSnEDKtNq3-ap05VA": {
          "key": "_oAecABSnEDKtNq3-ap05VA",
          "name": "parameter",
          "type": null,
          "probability": 1,
          "modifiers": [],
          "to_variable": {
            "key": "_AQqe4BSnEDKtNq3-ap05VA",
            "name": "parameter",
            "type": null,
            "modifiers": [],
            "position": {}
          },
          "position": {}
        },
        "_rQFyoBSnEDKtNq3-ap05VA": {
          "key": "_rQFyoBSnEDKtNq3-ap05VA",
          "name": "parameter2",
          "type": null,
          "probability": 1,
          "modifiers": [],
          "to_variable": {
            "key": "_B_y6MBSnEDKtNq3-ap05VA",
            "name": "parameter2",
            "type": null,
            "modifiers": [],
            "position": {}
          },
          "position": {}
        },
        "_sHHhQBSnEDKtNq3-ap05VA": {
          "key": "_sHHhQBSnEDKtNq3-ap05VA",
          "name": "parameter3",
          "type": null,
          "probability": 1,
          "modifiers": [],
          "to_variable": {
            "key": "_DCyBMBSnEDKtNq3-ap05VA",
            "name": "parameter3",
            "type": null,
            "modifiers": [],
            "position": {}
          },
          "position": {}
        }
      }
    }
  }
}