{
  "report_version": "unknown",
  "report_timestamp": "2025-03-26T22:05:15.824Z",
  "target_language": "java",
  "report_summary": {
    "additional": null,
    "amount_classes_or_interfaces_with_data_clumps": 2,
    "amount_files_with_data_clumps": 2,
    "amount_methods_with_data_clumps": 0,
    "fields_to_fields_data_clump": 2,
    "parameters_to_fields_data_clump": 0,
    "parameters_to_parameters_data_clump": 0,
    "amount_data_clumps": 2
  },
  "project_info": {
    "project_url": "unknown_project_url",
    "project_name": "_e9IdACg3EeiPVdzzAv5aug",
    "project_version": "unknown_project_version",
    "project_commit_hash": "unknown",
    "project_tag": null,
    "project_commit_date": null,
    "additional": {},
    "number_of_files": 8,
    "number_of_classes_or_interfaces": 8,
    "number_of_methods": 0,
    "number_of_data_fields": 41,
    "number_of_method_parameters": 0
  },
  "detector": {
    "name": "data-clumps-doctor",
    "url": "https://github.com/NilsBaumgartner1994/data-clumps-doctor",
    "version": "0.1.100",
    "options": {
      "typeVariablesConsidered": false,
      "similarityModifierOfVariablesWithUnknownType": 0,
      "fieldsOfClassesWithUnknownHierarchyProbabilityModifier": 0,
      "sharedFieldsToFieldsAmountMinimum": 3,
      "analyseFieldsInClassesOrInterfacesInheritedFromSuperClassesOrInterfaces": false,
      "sharedParametersToParametersAmountMinimum": 3,
      "sharedParametersToFieldsAmountMinimum": 3,
      "methodsOfClassesOrInterfacesWithUnknownHierarchyProbabilityModifier": 0
    }
  },
  "data_clumps": {
    "fields_to_fields_data_clump-./Korisnik-_3LFB4ApuEDabispK_0Mq3g-_rwaVYApuEDabicpK_0Mq3g-ImePrezimeJMBGAdresaGradKontakt": {
      "type": "data_clump",
      "key": "fields_to_fields_data_clump-./Korisnik-_3LFB4ApuEDabispK_0Mq3g-_rwaVYApuEDabicpK_0Mq3g-ImePrezimeJMBGAdresaGradKontakt",
      "probability": 1,
      "from_file_path": "./Korisnik",
      "from_class_or_interface_name": "Korisnik",
      "from_class_or_interface_key": "_3LFB4ApuEDabispK_0Mq3g",
      "from_method_name": null,
      "from_method_key": null,
      "to_file_path": "./Vlasnik",
      "to_class_or_interface_key": "_rwaVYApuEDabicpK_0Mq3g",
      "to_class_or_interface_name": "Korisnik",
      "to_method_key": null,
      "to_method_name": null,
      "data_clump_type": "fields_to_fields_data_clump",
      "data_clump_data": {
        "_1KQuwApwEDabjMpK_0Mq3g": {
          "key": "_1KQuwApwEDabjMpK_0Mq3g",
          "name": "Ime",
          "type": null,
          "probability": 1,
          "modifiers": [
            "private"
          ],
          "to_variable": {
            "key": "_iGHIYApwEDabispK_0Mq3g",
            "name": "Ime",
            "type": null,
            "modifiers": [
              "private"
            ],
            "position": {}
          },
          "position": {}
        },
        "_1KPgoQpwEDabjMpK_0Mq3g": {
          "key": "_1KPgoQpwEDabjMpK_0Mq3g",
          "name": "Prezime",
          "type": null,
          "probability": 1,
          "modifiers": [
            "private"
          ],
          "to_variable": {
            "key": "_kbdPIApwEDabispK_0Mq3g",
            "name": "Prezime",
            "type": null,
            "modifiers": [
              "private"
            ],
            "position": {}
          },
          "position": {}
        },
        "_1KmtAQpwEDabi8pK_0Mq3g": {
          "key": "_1KmtAQpwEDabi8pK_0Mq3g",
          "name": "JMBG",
          "type": null,
          "probability": 1,
          "modifiers": [
            "private"
          ],
          "to_variable": {
            "key": "_lYPngQpwEDabispK_0Mq3g",
            "name": "JMBG",
            "type": null,
            "modifiers": [
              "private"
            ],
            "position": {}
          },
          "position": {}
        },
        "_1KmtAApwEDabi8pK_0Mq3g": {
          "key": "_1KmtAApwEDabi8pK_0Mq3g",
          "name": "Adresa",
          "type": null,
          "probability": 1,
          "modifiers": [
            "private"
          ],
          "to_variable": {
            "key": "_ugEHoApwEDabispK_0Mq3g",
            "name": "Adresa",
            "type": null,
            "modifiers": [
              "private"
            ],
            "position": {}
          },
          "position": {}
        },
        "_1Kle4ApwEDabi8pK_0Mq3g": {
          "key": "_1Kle4ApwEDabi8pK_0Mq3g",
          "name": "Grad",
          "type": null,
          "probability": 1,
          "modifiers": [
            "private"
          ],
          "to_variable": {
            "key": "_wCGiIQpwEDabi8pK_0Mq3g",
            "name": "Grad",
            "type": null,
            "modifiers": [
              "private"
            ],
            "position": {}
          },
          "position": {}
        },
        "_1KkQwApwEDabi8pK_0Mq3g": {
          "key": "_1KkQwApwEDabi8pK_0Mq3g",
          "name": "Kontakt",
          "type": null,
          "probability": 1,
          "modifiers": [
            "private"
          ],
          "to_variable": {
            "key": "_xLHYoQpwEDabi8pK_0Mq3g",
            "name": "Kontakt",
            "type": null,
            "modifiers": [
              "private"
            ],
            "position": {}
          },
          "position": {}
        }
      }
    },
    "fields_to_fields_data_clump-./Vlasnik-_rwaVYApuEDabicpK_0Mq3g-_3LFB4ApuEDabispK_0Mq3g-ImePrezimeJMBGAdresaGradKontakt": {
      "type": "data_clump",
      "key": "fields_to_fields_data_clump-./Vlasnik-_rwaVYApuEDabicpK_0Mq3g-_3LFB4ApuEDabispK_0Mq3g-ImePrezimeJMBGAdresaGradKontakt",
      "probability": 1,
      "from_file_path": "./Vlasnik",
      "from_class_or_interface_name": "Vlasnik",
      "from_class_or_interface_key": "_rwaVYApuEDabicpK_0Mq3g",
      "from_method_name": null,
      "from_method_key": null,
      "to_file_path": "./Korisnik",
      "to_class_or_interface_key": "_3LFB4ApuEDabispK_0Mq3g",
      "to_class_or_interface_name": "Vlasnik",
      "to_method_key": null,
      "to_method_name": null,
      "data_clump_type": "fields_to_fields_data_clump",
      "data_clump_data": {
        "_iGHIYApwEDabispK_0Mq3g": {
          "key": "_iGHIYApwEDabispK_0Mq3g",
          "name": "Ime",
          "type": null,
          "probability": 1,
          "modifiers": [
            "private"
          ],
          "to_variable": {
            "key": "_1KQuwApwEDabjMpK_0Mq3g",
            "name": "Ime",
            "type": null,
            "modifiers": [
              "private"
            ],
            "position": {}
          },
          "position": {}
        },
        "_kbdPIApwEDabispK_0Mq3g": {
          "key": "_kbdPIApwEDabispK_0Mq3g",
          "name": "Prezime",
          "type": null,
          "probability": 1,
          "modifiers": [
            "private"
          ],
          "to_variable": {
            "key": "_1KPgoQpwEDabjMpK_0Mq3g",
            "name": "Prezime",
            "type": null,
            "modifiers": [
              "private"
            ],
            "position": {}
          },
          "position": {}
        },
        "_lYPngQpwEDabispK_0Mq3g": {
          "key": "_lYPngQpwEDabispK_0Mq3g",
          "name": "JMBG",
          "type": null,
          "probability": 1,
          "modifiers": [
            "private"
          ],
          "to_variable": {
            "key": "_1KmtAQpwEDabi8pK_0Mq3g",
            "name": "JMBG",
            "type": null,
            "modifiers": [
              "private"
            ],
            "position": {}
          },
          "position": {}
        },
        "_ugEHoApwEDabispK_0Mq3g": {
          "key": "_ugEHoApwEDabispK_0Mq3g",
          "name": "Adresa",
          "type": null,
          "probability": 1,
          "modifiers": [
            "private"
          ],
          "to_variable": {
            "key": "_1KmtAApwEDabi8pK_0Mq3g",
            "name": "Adresa",
            "type": null,
            "modifiers": [
              "private"
            ],
            "position": {}
          },
          "position": {}
        },
        "_wCGiIQpwEDabi8pK_0Mq3g": {
          "key": "_wCGiIQpwEDabi8pK_0Mq3g",
          "name": "Grad",
          "type": null,
          "probability": 1,
          "modifiers": [
            "private"
          ],
          "to_variable": {
            "key": "_1Kle4ApwEDabi8pK_0Mq3g",
            "name": "Grad",
            "type": null,
            "modifiers": [
              "private"
            ],
            "position": {}
          },
          "position": {}
        },
        "_xLHYoQpwEDabi8pK_0Mq3g": {
          "key": "_xLHYoQpwEDabi8pK_0Mq3g",
          "name": "Kontakt",
          "type": null,
          "probability": 1,
          "modifiers": [
            "private"
          ],
          "to_variable": {
            "key": "_1KkQwApwEDabi8pK_0Mq3g",
            "name": "Kontakt",
            "type": null,
            "modifiers": [
              "private"
            ],
            "position": {}
          },
          "position": {}
        }
      }
    }
  }
}