{
  "report_version": "unknown",
  "report_timestamp": "2025-03-26T22:12:36.384Z",
  "target_language": "java",
  "report_summary": {
    "additional": null,
    "amount_classes_or_interfaces_with_data_clumps": 2,
    "amount_files_with_data_clumps": 2,
    "amount_methods_with_data_clumps": 2,
    "fields_to_fields_data_clump": 0,
    "parameters_to_fields_data_clump": 0,
    "parameters_to_parameters_data_clump": 2,
    "amount_data_clumps": 2
  },
  "project_info": {
    "project_url": "unknown_project_url",
    "project_name": "_OGPE8Be5EeasU_2Hau2syw",
    "project_version": "unknown_project_version",
    "project_commit_hash": "unknown",
    "project_tag": null,
    "project_commit_date": null,
    "additional": {},
    "number_of_files": 35,
    "number_of_classes_or_interfaces": 35,
    "number_of_methods": 188,
    "number_of_data_fields": 41,
    "number_of_method_parameters": 160
  },
  "detector": {
    "name": "data-clumps-doctor",
    "url": "https://github.com/NilsBaumgartner1994/data-clumps-doctor",
    "version": "0.1.100",
    "options": {
      "typeVariablesConsidered": false,
      "similarityModifierOfVariablesWithUnknownType": 0,
      "fieldsOfClassesWithUnknownHierarchyProbabilityModifier": 0,
      "sharedFieldsToFieldsAmountMinimum": 3,
      "analyseFieldsInClassesOrInterfacesInheritedFromSuperClassesOrInterfaces": false,
      "sharedParametersToParametersAmountMinimum": 3,
      "sharedParametersToFieldsAmountMinimum": 3,
      "methodsOfClassesOrInterfacesWithUnknownHierarchyProbabilityModifier": 0
    }
  },
  "data_clumps": {
    "parameters_to_parameters_data_clump-./ForecastEntity-_Oirwkxe5Eea_LPPm2aUgmQ-_OisX0Be5Eea_LPPm2aUgmQ-numberOfPatientsdeseaseEntityyearEntity": {
      "type": "data_clump",
      "key": "parameters_to_parameters_data_clump-./ForecastEntity-_Oirwkxe5Eea_LPPm2aUgmQ-_OisX0Be5Eea_LPPm2aUgmQ-numberOfPatientsdeseaseEntityyearEntity",
      "probability": 1,
      "from_file_path": "./ForecastEntity",
      "from_class_or_interface_name": "ForecastEntity",
      "from_class_or_interface_key": "_Oirwhhe5Eea_LPPm2aUgmQ",
      "from_method_name": "ForecastEntity",
      "from_method_key": "_Oirwkxe5Eea_LPPm2aUgmQ",
      "to_file_path": "./PatientsEntity",
      "to_class_or_interface_name": "PatientsEntity",
      "to_class_or_interface_key": "_OisXuRe5Eea_LPPm2aUgmQ",
      "to_method_name": "PatientsEntity",
      "to_method_key": "_OisX0Be5Eea_LPPm2aUgmQ",
      "data_clump_type": "parameters_to_parameters_data_clump",
      "data_clump_data": {
        "_OirwlBe5Eea_LPPm2aUgmQ": {
          "key": "_OirwlBe5Eea_LPPm2aUgmQ",
          "name": "numberOfPatients",
          "type": null,
          "probability": 1,
          "modifiers": [],
          "to_variable": {
            "key": "_OisX0Re5Eea_LPPm2aUgmQ",
            "name": "numberOfPatients",
            "type": null,
            "modifiers": [],
            "position": {}
          },
          "position": {}
        },
        "_Oirwlxe5Eea_LPPm2aUgmQ": {
          "key": "_Oirwlxe5Eea_LPPm2aUgmQ",
          "name": "deseaseEntity",
          "type": null,
          "probability": 1,
          "modifiers": [],
          "to_variable": {
            "key": "_OisX1xe5Eea_LPPm2aUgmQ",
            "name": "deseaseEntity",
            "type": null,
            "modifiers": [],
            "position": {}
          },
          "position": {}
        },
        "_Oirwmhe5Eea_LPPm2aUgmQ": {
          "key": "_Oirwmhe5Eea_LPPm2aUgmQ",
          "name": "yearEntity",
          "type": null,
          "probability": 1,
          "modifiers": [],
          "to_variable": {
            "key": "_OisX1Be5Eea_LPPm2aUgmQ",
            "name": "yearEntity",
            "type": null,
            "modifiers": [],
            "position": {}
          },
          "position": {}
        }
      }
    },
    "parameters_to_parameters_data_clump-./PatientsEntity-_OisX0Be5Eea_LPPm2aUgmQ-_Oirwkxe5Eea_LPPm2aUgmQ-numberOfPatientsyearEntitydeseaseEntity": {
      "type": "data_clump",
      "key": "parameters_to_parameters_data_clump-./PatientsEntity-_OisX0Be5Eea_LPPm2aUgmQ-_Oirwkxe5Eea_LPPm2aUgmQ-numberOfPatientsyearEntitydeseaseEntity",
      "probability": 1,
      "from_file_path": "./PatientsEntity",
      "from_class_or_interface_name": "PatientsEntity",
      "from_class_or_interface_key": "_OisXuRe5Eea_LPPm2aUgmQ",
      "from_method_name": "PatientsEntity",
      "from_method_key": "_OisX0Be5Eea_LPPm2aUgmQ",
      "to_file_path": "./ForecastEntity",
      "to_class_or_interface_name": "ForecastEntity",
      "to_class_or_interface_key": "_Oirwhhe5Eea_LPPm2aUgmQ",
      "to_method_name": "ForecastEntity",
      "to_method_key": "_Oirwkxe5Eea_LPPm2aUgmQ",
      "data_clump_type": "parameters_to_parameters_data_clump",
      "data_clump_data": {
        "_OisX0Re5Eea_LPPm2aUgmQ": {
          "key": "_OisX0Re5Eea_LPPm2aUgmQ",
          "name": "numberOfPatients",
          "type": null,
          "probability": 1,
          "modifiers": [],
          "to_variable": {
            "key": "_OirwlBe5Eea_LPPm2aUgmQ",
            "name": "numberOfPatients",
            "type": null,
            "modifiers": [],
            "position": {}
          },
          "position": {}
        },
        "_OisX1Be5Eea_LPPm2aUgmQ": {
          "key": "_OisX1Be5Eea_LPPm2aUgmQ",
          "name": "yearEntity",
          "type": null,
          "probability": 1,
          "modifiers": [],
          "to_variable": {
            "key": "_Oirwmhe5Eea_LPPm2aUgmQ",
            "name": "yearEntity",
            "type": null,
            "modifiers": [],
            "position": {}
          },
          "position": {}
        },
        "_OisX1xe5Eea_LPPm2aUgmQ": {
          "key": "_OisX1xe5Eea_LPPm2aUgmQ",
          "name": "deseaseEntity",
          "type": null,
          "probability": 1,
          "modifiers": [],
          "to_variable": {
            "key": "_Oirwlxe5Eea_LPPm2aUgmQ",
            "name": "deseaseEntity",
            "type": null,
            "modifiers": [],
            "position": {}
          },
          "position": {}
        }
      }
    }
  }
}