{
  "report_version": "unknown",
  "report_timestamp": "2025-03-26T21:45:50.764Z",
  "target_language": "java",
  "report_summary": {
    "additional": null,
    "amount_classes_or_interfaces_with_data_clumps": 3,
    "amount_files_with_data_clumps": 3,
    "amount_methods_with_data_clumps": 0,
    "fields_to_fields_data_clump": 6,
    "parameters_to_fields_data_clump": 0,
    "parameters_to_parameters_data_clump": 0,
    "amount_data_clumps": 6
  },
  "project_info": {
    "project_url": "unknown_project_url",
    "project_name": "_cv3-sItcEeewrIfYd5mf8Q",
    "project_version": "unknown_project_version",
    "project_commit_hash": "unknown",
    "project_tag": null,
    "project_commit_date": null,
    "additional": {},
    "number_of_files": 5,
    "number_of_classes_or_interfaces": 5,
    "number_of_methods": 38,
    "number_of_data_fields": 26,
    "number_of_method_parameters": 0
  },
  "detector": {
    "name": "data-clumps-doctor",
    "url": "https://github.com/NilsBaumgartner1994/data-clumps-doctor",
    "version": "0.1.100",
    "options": {
      "typeVariablesConsidered": false,
      "similarityModifierOfVariablesWithUnknownType": 0,
      "fieldsOfClassesWithUnknownHierarchyProbabilityModifier": 0,
      "sharedFieldsToFieldsAmountMinimum": 3,
      "analyseFieldsInClassesOrInterfacesInheritedFromSuperClassesOrInterfaces": false,
      "sharedParametersToParametersAmountMinimum": 3,
      "sharedParametersToFieldsAmountMinimum": 3,
      "methodsOfClassesOrInterfacesWithUnknownHierarchyProbabilityModifier": 0
    }
  },
  "data_clumps": {
    "fields_to_fields_data_clump-./Personaje-_X8VxYG2TEDWTC5i0_TYYnA-_GEKkAG2VEDWTC5i0_TYYnA-imagePathwidthheight": {
      "type": "data_clump",
      "key": "fields_to_fields_data_clump-./Personaje-_X8VxYG2TEDWTC5i0_TYYnA-_GEKkAG2VEDWTC5i0_TYYnA-imagePathwidthheight",
      "probability": 1,
      "from_file_path": "./Personaje",
      "from_class_or_interface_name": "Personaje",
      "from_class_or_interface_key": "_X8VxYG2TEDWTC5i0_TYYnA",
      "from_method_name": null,
      "from_method_key": null,
      "to_file_path": "./Regalos",
      "to_class_or_interface_key": "_GEKkAG2VEDWTC5i0_TYYnA",
      "to_class_or_interface_name": "Personaje",
      "to_method_key": null,
      "to_method_name": null,
      "data_clump_type": "fields_to_fields_data_clump",
      "data_clump_data": {
        "_tcbOsG2TEDWTC5i0_TYYnA": {
          "key": "_tcbOsG2TEDWTC5i0_TYYnA",
          "name": "imagePath",
          "type": null,
          "probability": 1,
          "modifiers": [
            "private"
          ],
          "to_variable": {
            "key": "_MuvloG2VEDWTC5i0_TYYnA",
            "name": "imagePath",
            "type": null,
            "modifiers": [
              "private"
            ],
            "position": {}
          },
          "position": {}
        },
        "_wrHYQG2TEDWTC5i0_TYYnA": {
          "key": "_wrHYQG2TEDWTC5i0_TYYnA",
          "name": "width",
          "type": null,
          "probability": 1,
          "modifiers": [
            "private"
          ],
          "to_variable": {
            "key": "_OIiqIG2VEDWTC5i0_TYYnA",
            "name": "width",
            "type": null,
            "modifiers": [
              "private"
            ],
            "position": {}
          },
          "position": {}
        },
        "_zV_qIG2TEDWTC5i0_TYYnA": {
          "key": "_zV_qIG2TEDWTC5i0_TYYnA",
          "name": "height",
          "type": null,
          "probability": 1,
          "modifiers": [
            "private"
          ],
          "to_variable": {
            "key": "_PlAoIG2VEDWTC5i0_TYYnA",
            "name": "height",
            "type": null,
            "modifiers": [
              "private"
            ],
            "position": {}
          },
          "position": {}
        }
      }
    },
    "fields_to_fields_data_clump-./Personaje-_X8VxYG2TEDWTC5i0_TYYnA-_loJIIG2VEDWTC5i0_TYYnA-imagePathwidthheight": {
      "type": "data_clump",
      "key": "fields_to_fields_data_clump-./Personaje-_X8VxYG2TEDWTC5i0_TYYnA-_loJIIG2VEDWTC5i0_TYYnA-imagePathwidthheight",
      "probability": 1,
      "from_file_path": "./Personaje",
      "from_class_or_interface_name": "Personaje",
      "from_class_or_interface_key": "_X8VxYG2TEDWTC5i0_TYYnA",
      "from_method_name": null,
      "from_method_key": null,
      "to_file_path": "./View",
      "to_class_or_interface_key": "_loJIIG2VEDWTC5i0_TYYnA",
      "to_class_or_interface_name": "Personaje",
      "to_method_key": null,
      "to_method_name": null,
      "data_clump_type": "fields_to_fields_data_clump",
      "data_clump_data": {
        "_tcbOsG2TEDWTC5i0_TYYnA": {
          "key": "_tcbOsG2TEDWTC5i0_TYYnA",
          "name": "imagePath",
          "type": null,
          "probability": 1,
          "modifiers": [
            "private"
          ],
          "to_variable": {
            "key": "_paIMAG2VEDWTC5i0_TYYnA",
            "name": "imagePath",
            "type": null,
            "modifiers": [
              "private"
            ],
            "position": {}
          },
          "position": {}
        },
        "_wrHYQG2TEDWTC5i0_TYYnA": {
          "key": "_wrHYQG2TEDWTC5i0_TYYnA",
          "name": "width",
          "type": null,
          "probability": 1,
          "modifiers": [
            "private"
          ],
          "to_variable": {
            "key": "_qlDuEG2VEDWTC5i0_TYYnA",
            "name": "width",
            "type": null,
            "modifiers": [
              "private"
            ],
            "position": {}
          },
          "position": {}
        },
        "_zV_qIG2TEDWTC5i0_TYYnA": {
          "key": "_zV_qIG2TEDWTC5i0_TYYnA",
          "name": "height",
          "type": null,
          "probability": 1,
          "modifiers": [
            "private"
          ],
          "to_variable": {
            "key": "_saK1kG2VEDWTC5i0_TYYnA",
            "name": "height",
            "type": null,
            "modifiers": [
              "private"
            ],
            "position": {}
          },
          "position": {}
        }
      }
    },
    "fields_to_fields_data_clump-./Regalos-_GEKkAG2VEDWTC5i0_TYYnA-_X8VxYG2TEDWTC5i0_TYYnA-imagePathwidthheight": {
      "type": "data_clump",
      "key": "fields_to_fields_data_clump-./Regalos-_GEKkAG2VEDWTC5i0_TYYnA-_X8VxYG2TEDWTC5i0_TYYnA-imagePathwidthheight",
      "probability": 1,
      "from_file_path": "./Regalos",
      "from_class_or_interface_name": "Regalos",
      "from_class_or_interface_key": "_GEKkAG2VEDWTC5i0_TYYnA",
      "from_method_name": null,
      "from_method_key": null,
      "to_file_path": "./Personaje",
      "to_class_or_interface_key": "_X8VxYG2TEDWTC5i0_TYYnA",
      "to_class_or_interface_name": "Regalos",
      "to_method_key": null,
      "to_method_name": null,
      "data_clump_type": "fields_to_fields_data_clump",
      "data_clump_data": {
        "_MuvloG2VEDWTC5i0_TYYnA": {
          "key": "_MuvloG2VEDWTC5i0_TYYnA",
          "name": "imagePath",
          "type": null,
          "probability": 1,
          "modifiers": [
            "private"
          ],
          "to_variable": {
            "key": "_tcbOsG2TEDWTC5i0_TYYnA",
            "name": "imagePath",
            "type": null,
            "modifiers": [
              "private"
            ],
            "position": {}
          },
          "position": {}
        },
        "_OIiqIG2VEDWTC5i0_TYYnA": {
          "key": "_OIiqIG2VEDWTC5i0_TYYnA",
          "name": "width",
          "type": null,
          "probability": 1,
          "modifiers": [
            "private"
          ],
          "to_variable": {
            "key": "_wrHYQG2TEDWTC5i0_TYYnA",
            "name": "width",
            "type": null,
            "modifiers": [
              "private"
            ],
            "position": {}
          },
          "position": {}
        },
        "_PlAoIG2VEDWTC5i0_TYYnA": {
          "key": "_PlAoIG2VEDWTC5i0_TYYnA",
          "name": "height",
          "type": null,
          "probability": 1,
          "modifiers": [
            "private"
          ],
          "to_variable": {
            "key": "_zV_qIG2TEDWTC5i0_TYYnA",
            "name": "height",
            "type": null,
            "modifiers": [
              "private"
            ],
            "position": {}
          },
          "position": {}
        }
      }
    },
    "fields_to_fields_data_clump-./Regalos-_GEKkAG2VEDWTC5i0_TYYnA-_loJIIG2VEDWTC5i0_TYYnA-imagePathwidthheight": {
      "type": "data_clump",
      "key": "fields_to_fields_data_clump-./Regalos-_GEKkAG2VEDWTC5i0_TYYnA-_loJIIG2VEDWTC5i0_TYYnA-imagePathwidthheight",
      "probability": 1,
      "from_file_path": "./Regalos",
      "from_class_or_interface_name": "Regalos",
      "from_class_or_interface_key": "_GEKkAG2VEDWTC5i0_TYYnA",
      "from_method_name": null,
      "from_method_key": null,
      "to_file_path": "./View",
      "to_class_or_interface_key": "_loJIIG2VEDWTC5i0_TYYnA",
      "to_class_or_interface_name": "Regalos",
      "to_method_key": null,
      "to_method_name": null,
      "data_clump_type": "fields_to_fields_data_clump",
      "data_clump_data": {
        "_MuvloG2VEDWTC5i0_TYYnA": {
          "key": "_MuvloG2VEDWTC5i0_TYYnA",
          "name": "imagePath",
          "type": null,
          "probability": 1,
          "modifiers": [
            "private"
          ],
          "to_variable": {
            "key": "_paIMAG2VEDWTC5i0_TYYnA",
            "name": "imagePath",
            "type": null,
            "modifiers": [
              "private"
            ],
            "position": {}
          },
          "position": {}
        },
        "_OIiqIG2VEDWTC5i0_TYYnA": {
          "key": "_OIiqIG2VEDWTC5i0_TYYnA",
          "name": "width",
          "type": null,
          "probability": 1,
          "modifiers": [
            "private"
          ],
          "to_variable": {
            "key": "_qlDuEG2VEDWTC5i0_TYYnA",
            "name": "width",
            "type": null,
            "modifiers": [
              "private"
            ],
            "position": {}
          },
          "position": {}
        },
        "_PlAoIG2VEDWTC5i0_TYYnA": {
          "key": "_PlAoIG2VEDWTC5i0_TYYnA",
          "name": "height",
          "type": null,
          "probability": 1,
          "modifiers": [
            "private"
          ],
          "to_variable": {
            "key": "_saK1kG2VEDWTC5i0_TYYnA",
            "name": "height",
            "type": null,
            "modifiers": [
              "private"
            ],
            "position": {}
          },
          "position": {}
        }
      }
    },
    "fields_to_fields_data_clump-./View-_loJIIG2VEDWTC5i0_TYYnA-_X8VxYG2TEDWTC5i0_TYYnA-imagePathwidthheight": {
      "type": "data_clump",
      "key": "fields_to_fields_data_clump-./View-_loJIIG2VEDWTC5i0_TYYnA-_X8VxYG2TEDWTC5i0_TYYnA-imagePathwidthheight",
      "probability": 1,
      "from_file_path": "./View",
      "from_class_or_interface_name": "View",
      "from_class_or_interface_key": "_loJIIG2VEDWTC5i0_TYYnA",
      "from_method_name": null,
      "from_method_key": null,
      "to_file_path": "./Personaje",
      "to_class_or_interface_key": "_X8VxYG2TEDWTC5i0_TYYnA",
      "to_class_or_interface_name": "View",
      "to_method_key": null,
      "to_method_name": null,
      "data_clump_type": "fields_to_fields_data_clump",
      "data_clump_data": {
        "_paIMAG2VEDWTC5i0_TYYnA": {
          "key": "_paIMAG2VEDWTC5i0_TYYnA",
          "name": "imagePath",
          "type": null,
          "probability": 1,
          "modifiers": [
            "private"
          ],
          "to_variable": {
            "key": "_tcbOsG2TEDWTC5i0_TYYnA",
            "name": "imagePath",
            "type": null,
            "modifiers": [
              "private"
            ],
            "position": {}
          },
          "position": {}
        },
        "_qlDuEG2VEDWTC5i0_TYYnA": {
          "key": "_qlDuEG2VEDWTC5i0_TYYnA",
          "name": "width",
          "type": null,
          "probability": 1,
          "modifiers": [
            "private"
          ],
          "to_variable": {
            "key": "_wrHYQG2TEDWTC5i0_TYYnA",
            "name": "width",
            "type": null,
            "modifiers": [
              "private"
            ],
            "position": {}
          },
          "position": {}
        },
        "_saK1kG2VEDWTC5i0_TYYnA": {
          "key": "_saK1kG2VEDWTC5i0_TYYnA",
          "name": "height",
          "type": null,
          "probability": 1,
          "modifiers": [
            "private"
          ],
          "to_variable": {
            "key": "_zV_qIG2TEDWTC5i0_TYYnA",
            "name": "height",
            "type": null,
            "modifiers": [
              "private"
            ],
            "position": {}
          },
          "position": {}
        }
      }
    },
    "fields_to_fields_data_clump-./View-_loJIIG2VEDWTC5i0_TYYnA-_GEKkAG2VEDWTC5i0_TYYnA-imagePathwidthheight": {
      "type": "data_clump",
      "key": "fields_to_fields_data_clump-./View-_loJIIG2VEDWTC5i0_TYYnA-_GEKkAG2VEDWTC5i0_TYYnA-imagePathwidthheight",
      "probability": 1,
      "from_file_path": "./View",
      "from_class_or_interface_name": "View",
      "from_class_or_interface_key": "_loJIIG2VEDWTC5i0_TYYnA",
      "from_method_name": null,
      "from_method_key": null,
      "to_file_path": "./Regalos",
      "to_class_or_interface_key": "_GEKkAG2VEDWTC5i0_TYYnA",
      "to_class_or_interface_name": "View",
      "to_method_key": null,
      "to_method_name": null,
      "data_clump_type": "fields_to_fields_data_clump",
      "data_clump_data": {
        "_paIMAG2VEDWTC5i0_TYYnA": {
          "key": "_paIMAG2VEDWTC5i0_TYYnA",
          "name": "imagePath",
          "type": null,
          "probability": 1,
          "modifiers": [
            "private"
          ],
          "to_variable": {
            "key": "_MuvloG2VEDWTC5i0_TYYnA",
            "name": "imagePath",
            "type": null,
            "modifiers": [
              "private"
            ],
            "position": {}
          },
          "position": {}
        },
        "_qlDuEG2VEDWTC5i0_TYYnA": {
          "key": "_qlDuEG2VEDWTC5i0_TYYnA",
          "name": "width",
          "type": null,
          "probability": 1,
          "modifiers": [
            "private"
          ],
          "to_variable": {
            "key": "_OIiqIG2VEDWTC5i0_TYYnA",
            "name": "width",
            "type": null,
            "modifiers": [
              "private"
            ],
            "position": {}
          },
          "position": {}
        },
        "_saK1kG2VEDWTC5i0_TYYnA": {
          "key": "_saK1kG2VEDWTC5i0_TYYnA",
          "name": "height",
          "type": null,
          "probability": 1,
          "modifiers": [
            "private"
          ],
          "to_variable": {
            "key": "_PlAoIG2VEDWTC5i0_TYYnA",
            "name": "height",
            "type": null,
            "modifiers": [
              "private"
            ],
            "position": {}
          },
          "position": {}
        }
      }
    }
  }
}