{
  "report_version": "unknown",
  "report_timestamp": "2025-03-26T22:39:51.752Z",
  "target_language": "java",
  "report_summary": {
    "additional": null,
    "amount_classes_or_interfaces_with_data_clumps": 4,
    "amount_files_with_data_clumps": 4,
    "amount_methods_with_data_clumps": 0,
    "fields_to_fields_data_clump": 4,
    "parameters_to_fields_data_clump": 0,
    "parameters_to_parameters_data_clump": 0,
    "amount_data_clumps": 4
  },
  "project_info": {
    "project_url": "unknown_project_url",
    "project_name": "_W48pAM7YEe2rYP8-S09m2Q",
    "project_version": "unknown_project_version",
    "project_commit_hash": "unknown",
    "project_tag": null,
    "project_commit_date": null,
    "additional": {},
    "number_of_files": 34,
    "number_of_classes_or_interfaces": 34,
    "number_of_methods": 4,
    "number_of_data_fields": 57,
    "number_of_method_parameters": 0
  },
  "detector": {
    "name": "data-clumps-doctor",
    "url": "https://github.com/NilsBaumgartner1994/data-clumps-doctor",
    "version": "0.1.100",
    "options": {
      "typeVariablesConsidered": false,
      "similarityModifierOfVariablesWithUnknownType": 0,
      "fieldsOfClassesWithUnknownHierarchyProbabilityModifier": 0,
      "sharedFieldsToFieldsAmountMinimum": 3,
      "analyseFieldsInClassesOrInterfacesInheritedFromSuperClassesOrInterfaces": false,
      "sharedParametersToParametersAmountMinimum": 3,
      "sharedParametersToFieldsAmountMinimum": 3,
      "methodsOfClassesOrInterfacesWithUnknownHierarchyProbabilityModifier": 0
    }
  },
  "data_clumps": {
    "fields_to_fields_data_clump-./AdvantageItem-_W5VrHs7YEe2rYP8-S09m2Q-_W5Vrk87YEe2rYP8-S09m2Q-titledescriptioncosttype": {
      "type": "data_clump",
      "key": "fields_to_fields_data_clump-./AdvantageItem-_W5VrHs7YEe2rYP8-S09m2Q-_W5Vrk87YEe2rYP8-S09m2Q-titledescriptioncosttype",
      "probability": 1,
      "from_file_path": "./AdvantageItem",
      "from_class_or_interface_name": "AdvantageItem",
      "from_class_or_interface_key": "_W5VrHs7YEe2rYP8-S09m2Q",
      "from_method_name": null,
      "from_method_key": null,
      "to_file_path": "./EuroItem",
      "to_class_or_interface_key": "_W5Vrk87YEe2rYP8-S09m2Q",
      "to_class_or_interface_name": "AdvantageItem",
      "to_method_key": null,
      "to_method_name": null,
      "data_clump_type": "fields_to_fields_data_clump",
      "data_clump_data": {
        "_W5VrJ87YEe2rYP8-S09m2Q": {
          "key": "_W5VrJ87YEe2rYP8-S09m2Q",
          "name": "title",
          "type": null,
          "probability": 1,
          "modifiers": [
            "private"
          ],
          "to_variable": {
            "key": "_W5Vrlc7YEe2rYP8-S09m2Q",
            "name": "title",
            "type": null,
            "modifiers": [
              "private"
            ],
            "position": {}
          },
          "position": {}
        },
        "_W5VrKM7YEe2rYP8-S09m2Q": {
          "key": "_W5VrKM7YEe2rYP8-S09m2Q",
          "name": "description",
          "type": null,
          "probability": 1,
          "modifiers": [
            "private"
          ],
          "to_variable": {
            "key": "_W5Vrls7YEe2rYP8-S09m2Q",
            "name": "description",
            "type": null,
            "modifiers": [
              "private"
            ],
            "position": {}
          },
          "position": {}
        },
        "_W5VrIs7YEe2rYP8-S09m2Q": {
          "key": "_W5VrIs7YEe2rYP8-S09m2Q",
          "name": "cost",
          "type": null,
          "probability": 1,
          "modifiers": [
            "private"
          ],
          "to_variable": {
            "key": "_W5Vrl87YEe2rYP8-S09m2Q",
            "name": "cost",
            "type": null,
            "modifiers": [
              "private"
            ],
            "position": {}
          },
          "position": {}
        },
        "_W5VrJM7YEe2rYP8-S09m2Q": {
          "key": "_W5VrJM7YEe2rYP8-S09m2Q",
          "name": "type",
          "type": null,
          "probability": 1,
          "modifiers": [
            "private"
          ],
          "to_variable": {
            "key": "_W5VrmM7YEe2rYP8-S09m2Q",
            "name": "type",
            "type": null,
            "modifiers": [
              "private"
            ],
            "position": {}
          },
          "position": {}
        }
      }
    },
    "fields_to_fields_data_clump-./EuroItem-_W5Vrk87YEe2rYP8-S09m2Q-_W5VrHs7YEe2rYP8-S09m2Q-titledescriptioncosttype": {
      "type": "data_clump",
      "key": "fields_to_fields_data_clump-./EuroItem-_W5Vrk87YEe2rYP8-S09m2Q-_W5VrHs7YEe2rYP8-S09m2Q-titledescriptioncosttype",
      "probability": 1,
      "from_file_path": "./EuroItem",
      "from_class_or_interface_name": "EuroItem",
      "from_class_or_interface_key": "_W5Vrk87YEe2rYP8-S09m2Q",
      "from_method_name": null,
      "from_method_key": null,
      "to_file_path": "./AdvantageItem",
      "to_class_or_interface_key": "_W5VrHs7YEe2rYP8-S09m2Q",
      "to_class_or_interface_name": "EuroItem",
      "to_method_key": null,
      "to_method_name": null,
      "data_clump_type": "fields_to_fields_data_clump",
      "data_clump_data": {
        "_W5Vrlc7YEe2rYP8-S09m2Q": {
          "key": "_W5Vrlc7YEe2rYP8-S09m2Q",
          "name": "title",
          "type": null,
          "probability": 1,
          "modifiers": [
            "private"
          ],
          "to_variable": {
            "key": "_W5VrJ87YEe2rYP8-S09m2Q",
            "name": "title",
            "type": null,
            "modifiers": [
              "private"
            ],
            "position": {}
          },
          "position": {}
        },
        "_W5Vrls7YEe2rYP8-S09m2Q": {
          "key": "_W5Vrls7YEe2rYP8-S09m2Q",
          "name": "description",
          "type": null,
          "probability": 1,
          "modifiers": [
            "private"
          ],
          "to_variable": {
            "key": "_W5VrKM7YEe2rYP8-S09m2Q",
            "name": "description",
            "type": null,
            "modifiers": [
              "private"
            ],
            "position": {}
          },
          "position": {}
        },
        "_W5Vrl87YEe2rYP8-S09m2Q": {
          "key": "_W5Vrl87YEe2rYP8-S09m2Q",
          "name": "cost",
          "type": null,
          "probability": 1,
          "modifiers": [
            "private"
          ],
          "to_variable": {
            "key": "_W5VrIs7YEe2rYP8-S09m2Q",
            "name": "cost",
            "type": null,
            "modifiers": [
              "private"
            ],
            "position": {}
          },
          "position": {}
        },
        "_W5VrmM7YEe2rYP8-S09m2Q": {
          "key": "_W5VrmM7YEe2rYP8-S09m2Q",
          "name": "type",
          "type": null,
          "probability": 1,
          "modifiers": [
            "private"
          ],
          "to_variable": {
            "key": "_W5VrJM7YEe2rYP8-S09m2Q",
            "name": "type",
            "type": null,
            "modifiers": [
              "private"
            ],
            "position": {}
          },
          "position": {}
        }
      }
    },
    "fields_to_fields_data_clump-./EuroTransaction-_W5VrTs7YEe2rYP8-S09m2Q-_W5WSb87YEe2rYP8-S09m2Q-iddatedescription": {
      "type": "data_clump",
      "key": "fields_to_fields_data_clump-./EuroTransaction-_W5VrTs7YEe2rYP8-S09m2Q-_W5WSb87YEe2rYP8-S09m2Q-iddatedescription",
      "probability": 1,
      "from_file_path": "./EuroTransaction",
      "from_class_or_interface_name": "EuroTransaction",
      "from_class_or_interface_key": "_W5VrTs7YEe2rYP8-S09m2Q",
      "from_method_name": null,
      "from_method_key": null,
      "to_file_path": "./PointTransaction",
      "to_class_or_interface_key": "_W5WSb87YEe2rYP8-S09m2Q",
      "to_class_or_interface_name": "EuroTransaction",
      "to_method_key": null,
      "to_method_name": null,
      "data_clump_type": "fields_to_fields_data_clump",
      "data_clump_data": {
        "_W5VrT87YEe2rYP8-S09m2Q": {
          "key": "_W5VrT87YEe2rYP8-S09m2Q",
          "name": "id",
          "type": null,
          "probability": 1,
          "modifiers": [
            "private"
          ],
          "to_variable": {
            "key": "_W5WScM7YEe2rYP8-S09m2Q",
            "name": "id",
            "type": null,
            "modifiers": [
              "private"
            ],
            "position": {}
          },
          "position": {}
        },
        "_W5VrUM7YEe2rYP8-S09m2Q": {
          "key": "_W5VrUM7YEe2rYP8-S09m2Q",
          "name": "date",
          "type": null,
          "probability": 1,
          "modifiers": [
            "private"
          ],
          "to_variable": {
            "key": "_W5WScc7YEe2rYP8-S09m2Q",
            "name": "date",
            "type": null,
            "modifiers": [
              "private"
            ],
            "position": {}
          },
          "position": {}
        },
        "_W5VrUc7YEe2rYP8-S09m2Q": {
          "key": "_W5VrUc7YEe2rYP8-S09m2Q",
          "name": "description",
          "type": null,
          "probability": 1,
          "modifiers": [
            "private"
          ],
          "to_variable": {
            "key": "_W5WScs7YEe2rYP8-S09m2Q",
            "name": "description",
            "type": null,
            "modifiers": [
              "private"
            ],
            "position": {}
          },
          "position": {}
        }
      }
    },
    "fields_to_fields_data_clump-./PointTransaction-_W5WSb87YEe2rYP8-S09m2Q-_W5VrTs7YEe2rYP8-S09m2Q-iddatedescription": {
      "type": "data_clump",
      "key": "fields_to_fields_data_clump-./PointTransaction-_W5WSb87YEe2rYP8-S09m2Q-_W5VrTs7YEe2rYP8-S09m2Q-iddatedescription",
      "probability": 1,
      "from_file_path": "./PointTransaction",
      "from_class_or_interface_name": "PointTransaction",
      "from_class_or_interface_key": "_W5WSb87YEe2rYP8-S09m2Q",
      "from_method_name": null,
      "from_method_key": null,
      "to_file_path": "./EuroTransaction",
      "to_class_or_interface_key": "_W5VrTs7YEe2rYP8-S09m2Q",
      "to_class_or_interface_name": "PointTransaction",
      "to_method_key": null,
      "to_method_name": null,
      "data_clump_type": "fields_to_fields_data_clump",
      "data_clump_data": {
        "_W5WScM7YEe2rYP8-S09m2Q": {
          "key": "_W5WScM7YEe2rYP8-S09m2Q",
          "name": "id",
          "type": null,
          "probability": 1,
          "modifiers": [
            "private"
          ],
          "to_variable": {
            "key": "_W5VrT87YEe2rYP8-S09m2Q",
            "name": "id",
            "type": null,
            "modifiers": [
              "private"
            ],
            "position": {}
          },
          "position": {}
        },
        "_W5WScc7YEe2rYP8-S09m2Q": {
          "key": "_W5WScc7YEe2rYP8-S09m2Q",
          "name": "date",
          "type": null,
          "probability": 1,
          "modifiers": [
            "private"
          ],
          "to_variable": {
            "key": "_W5VrUM7YEe2rYP8-S09m2Q",
            "name": "date",
            "type": null,
            "modifiers": [
              "private"
            ],
            "position": {}
          },
          "position": {}
        },
        "_W5WScs7YEe2rYP8-S09m2Q": {
          "key": "_W5WScs7YEe2rYP8-S09m2Q",
          "name": "description",
          "type": null,
          "probability": 1,
          "modifiers": [
            "private"
          ],
          "to_variable": {
            "key": "_W5VrUc7YEe2rYP8-S09m2Q",
            "name": "description",
            "type": null,
            "modifiers": [
              "private"
            ],
            "position": {}
          },
          "position": {}
        }
      }
    }
  }
}