{
  "report_version": "unknown",
  "report_timestamp": "2025-03-26T22:36:20.752Z",
  "target_language": "java",
  "report_summary": {
    "additional": null,
    "amount_classes_or_interfaces_with_data_clumps": 6,
    "amount_files_with_data_clumps": 6,
    "amount_methods_with_data_clumps": 0,
    "fields_to_fields_data_clump": 8,
    "parameters_to_fields_data_clump": 0,
    "parameters_to_parameters_data_clump": 0,
    "amount_data_clumps": 8
  },
  "project_info": {
    "project_url": "unknown_project_url",
    "project_name": "_XFoE0IxvEeW2I_OUujANxA",
    "project_version": "unknown_project_version",
    "project_commit_hash": "unknown",
    "project_tag": null,
    "project_commit_date": null,
    "additional": {},
    "number_of_files": 15,
    "number_of_classes_or_interfaces": 15,
    "number_of_methods": 0,
    "number_of_data_fields": 105,
    "number_of_method_parameters": 0
  },
  "detector": {
    "name": "data-clumps-doctor",
    "url": "https://github.com/NilsBaumgartner1994/data-clumps-doctor",
    "version": "0.1.100",
    "options": {
      "typeVariablesConsidered": false,
      "similarityModifierOfVariablesWithUnknownType": 0,
      "fieldsOfClassesWithUnknownHierarchyProbabilityModifier": 0,
      "sharedFieldsToFieldsAmountMinimum": 3,
      "analyseFieldsInClassesOrInterfacesInheritedFromSuperClassesOrInterfaces": false,
      "sharedParametersToParametersAmountMinimum": 3,
      "sharedParametersToFieldsAmountMinimum": 3,
      "methodsOfClassesOrInterfacesWithUnknownHierarchyProbabilityModifier": 0
    }
  },
  "data_clumps": {
    "fields_to_fields_data_clump-./Card-_gtVY8Lb7EDOqorOYG9rdiQ-_J467AB6kEDWfwZ3KkSeKVg-idnameimageId": {
      "type": "data_clump",
      "key": "fields_to_fields_data_clump-./Card-_gtVY8Lb7EDOqorOYG9rdiQ-_J467AB6kEDWfwZ3KkSeKVg-idnameimageId",
      "probability": 1,
      "from_file_path": "./Card",
      "from_class_or_interface_name": "Card",
      "from_class_or_interface_key": "_gtVY8Lb7EDOqorOYG9rdiQ",
      "from_method_name": null,
      "from_method_key": null,
      "to_file_path": "./Enemy",
      "to_class_or_interface_key": "_J467AB6kEDWfwZ3KkSeKVg",
      "to_class_or_interface_name": "Card",
      "to_method_key": null,
      "to_method_name": null,
      "data_clump_type": "fields_to_fields_data_clump",
      "data_clump_data": {
        "_kzeu8Lb7EDOqorOYG9rdiQ": {
          "key": "_kzeu8Lb7EDOqorOYG9rdiQ",
          "name": "id",
          "type": null,
          "probability": 1,
          "modifiers": [],
          "to_variable": {
            "key": "__w4ekB6kEDWfwZ3KkSeKVg",
            "name": "id",
            "type": null,
            "modifiers": [],
            "position": {}
          },
          "position": {}
        },
        "_i8hNULb7EDOqorOYG9rdiQ": {
          "key": "_i8hNULb7EDOqorOYG9rdiQ",
          "name": "name",
          "type": null,
          "probability": 1,
          "modifiers": [],
          "to_variable": {
            "key": "_F5rBwB6lEDWfwZ3KkSeKVg",
            "name": "name",
            "type": null,
            "modifiers": [],
            "position": {}
          },
          "position": {}
        },
        "_a6SxYLb9EDOqorOYG9rdiQ": {
          "key": "_a6SxYLb9EDOqorOYG9rdiQ",
          "name": "imageId",
          "type": null,
          "probability": 1,
          "modifiers": [],
          "to_variable": {
            "key": "_KQfRAB6lEDWfwZ3KkSeKVg",
            "name": "imageId",
            "type": null,
            "modifiers": [],
            "position": {}
          },
          "position": {}
        }
      }
    },
    "fields_to_fields_data_clump-./Card-_gtVY8Lb7EDOqorOYG9rdiQ-_zP-j8G6dEDOVJ9yysMCbDA-idnametype": {
      "type": "data_clump",
      "key": "fields_to_fields_data_clump-./Card-_gtVY8Lb7EDOqorOYG9rdiQ-_zP-j8G6dEDOVJ9yysMCbDA-idnametype",
      "probability": 1,
      "from_file_path": "./Card",
      "from_class_or_interface_name": "Card",
      "from_class_or_interface_key": "_gtVY8Lb7EDOqorOYG9rdiQ",
      "from_method_name": null,
      "from_method_key": null,
      "to_file_path": "./Marker",
      "to_class_or_interface_key": "_zP-j8G6dEDOVJ9yysMCbDA",
      "to_class_or_interface_name": "Card",
      "to_method_key": null,
      "to_method_name": null,
      "data_clump_type": "fields_to_fields_data_clump",
      "data_clump_data": {
        "_kzeu8Lb7EDOqorOYG9rdiQ": {
          "key": "_kzeu8Lb7EDOqorOYG9rdiQ",
          "name": "id",
          "type": null,
          "probability": 1,
          "modifiers": [],
          "to_variable": {
            "key": "_WlzpEG6eEDOVJ9yysMCbDA",
            "name": "id",
            "type": null,
            "modifiers": [],
            "position": {}
          },
          "position": {}
        },
        "_i8hNULb7EDOqorOYG9rdiQ": {
          "key": "_i8hNULb7EDOqorOYG9rdiQ",
          "name": "name",
          "type": null,
          "probability": 1,
          "modifiers": [],
          "to_variable": {
            "key": "_qJyqoJXxEDOkdcfPkl7x6A",
            "name": "name",
            "type": null,
            "modifiers": [],
            "position": {}
          },
          "position": {}
        },
        "_s-OakMG2EDOkwelmk1e-Bw": {
          "key": "_s-OakMG2EDOkwelmk1e-Bw",
          "name": "type",
          "type": null,
          "probability": 1,
          "modifiers": [],
          "to_variable": {
            "key": "_gP6fcMG3EDOkwelmk1e-Bw",
            "name": "type",
            "type": null,
            "modifiers": [],
            "position": {}
          },
          "position": {}
        }
      }
    },
    "fields_to_fields_data_clump-./Deck-_kIUxwLb-EDOqorOYG9rdiQ-_uw6PMG9vEDOkfY0j72Dhng-idnamecardIds": {
      "type": "data_clump",
      "key": "fields_to_fields_data_clump-./Deck-_kIUxwLb-EDOqorOYG9rdiQ-_uw6PMG9vEDOkfY0j72Dhng-idnamecardIds",
      "probability": 1,
      "from_file_path": "./Deck",
      "from_class_or_interface_name": "Deck",
      "from_class_or_interface_key": "_kIUxwLb-EDOqorOYG9rdiQ",
      "from_method_name": null,
      "from_method_key": null,
      "to_file_path": "./User",
      "to_class_or_interface_key": "_uw6PMG9vEDOkfY0j72Dhng",
      "to_class_or_interface_name": "Deck",
      "to_method_key": null,
      "to_method_name": null,
      "data_clump_type": "fields_to_fields_data_clump",
      "data_clump_data": {
        "_mH5c0Lb-EDOqorOYG9rdiQ": {
          "key": "_mH5c0Lb-EDOqorOYG9rdiQ",
          "name": "id",
          "type": null,
          "probability": 1,
          "modifiers": [],
          "to_variable": {
            "key": "__lLUEHRFEDOd_c7cR0vcww",
            "name": "id",
            "type": null,
            "modifiers": [],
            "position": {}
          },
          "position": {}
        },
        "_nR-DQLb-EDOqorOYG9rdiQ": {
          "key": "_nR-DQLb-EDOqorOYG9rdiQ",
          "name": "name",
          "type": null,
          "probability": 1,
          "modifiers": [],
          "to_variable": {
            "key": "_glRYUG6dEDOVJ9yysMCbDA",
            "name": "name",
            "type": null,
            "modifiers": [],
            "position": {}
          },
          "position": {}
        },
        "_pY23QLb-EDOqorOYG9rdiQ": {
          "key": "_pY23QLb-EDOqorOYG9rdiQ",
          "name": "cardIds",
          "type": null,
          "probability": 1,
          "modifiers": [],
          "to_variable": {
            "key": "_1HFH8B6cEDWfwZ3KkSeKVg",
            "name": "cardIds",
            "type": null,
            "modifiers": [],
            "position": {}
          },
          "position": {}
        }
      }
    },
    "fields_to_fields_data_clump-./Enemy-_J467AB6kEDWfwZ3KkSeKVg-_gtVY8Lb7EDOqorOYG9rdiQ-idnameimageId": {
      "type": "data_clump",
      "key": "fields_to_fields_data_clump-./Enemy-_J467AB6kEDWfwZ3KkSeKVg-_gtVY8Lb7EDOqorOYG9rdiQ-idnameimageId",
      "probability": 1,
      "from_file_path": "./Enemy",
      "from_class_or_interface_name": "Enemy",
      "from_class_or_interface_key": "_J467AB6kEDWfwZ3KkSeKVg",
      "from_method_name": null,
      "from_method_key": null,
      "to_file_path": "./Card",
      "to_class_or_interface_key": "_gtVY8Lb7EDOqorOYG9rdiQ",
      "to_class_or_interface_name": "Enemy",
      "to_method_key": null,
      "to_method_name": null,
      "data_clump_type": "fields_to_fields_data_clump",
      "data_clump_data": {
        "__w4ekB6kEDWfwZ3KkSeKVg": {
          "key": "__w4ekB6kEDWfwZ3KkSeKVg",
          "name": "id",
          "type": null,
          "probability": 1,
          "modifiers": [],
          "to_variable": {
            "key": "_kzeu8Lb7EDOqorOYG9rdiQ",
            "name": "id",
            "type": null,
            "modifiers": [],
            "position": {}
          },
          "position": {}
        },
        "_F5rBwB6lEDWfwZ3KkSeKVg": {
          "key": "_F5rBwB6lEDWfwZ3KkSeKVg",
          "name": "name",
          "type": null,
          "probability": 1,
          "modifiers": [],
          "to_variable": {
            "key": "_i8hNULb7EDOqorOYG9rdiQ",
            "name": "name",
            "type": null,
            "modifiers": [],
            "position": {}
          },
          "position": {}
        },
        "_KQfRAB6lEDWfwZ3KkSeKVg": {
          "key": "_KQfRAB6lEDWfwZ3KkSeKVg",
          "name": "imageId",
          "type": null,
          "probability": 1,
          "modifiers": [],
          "to_variable": {
            "key": "_a6SxYLb9EDOqorOYG9rdiQ",
            "name": "imageId",
            "type": null,
            "modifiers": [],
            "position": {}
          },
          "position": {}
        }
      }
    },
    "fields_to_fields_data_clump-./Marker-_zP-j8G6dEDOVJ9yysMCbDA-_gtVY8Lb7EDOqorOYG9rdiQ-idnametype": {
      "type": "data_clump",
      "key": "fields_to_fields_data_clump-./Marker-_zP-j8G6dEDOVJ9yysMCbDA-_gtVY8Lb7EDOqorOYG9rdiQ-idnametype",
      "probability": 1,
      "from_file_path": "./Marker",
      "from_class_or_interface_name": "Marker",
      "from_class_or_interface_key": "_zP-j8G6dEDOVJ9yysMCbDA",
      "from_method_name": null,
      "from_method_key": null,
      "to_file_path": "./Card",
      "to_class_or_interface_key": "_gtVY8Lb7EDOqorOYG9rdiQ",
      "to_class_or_interface_name": "Marker",
      "to_method_key": null,
      "to_method_name": null,
      "data_clump_type": "fields_to_fields_data_clump",
      "data_clump_data": {
        "_WlzpEG6eEDOVJ9yysMCbDA": {
          "key": "_WlzpEG6eEDOVJ9yysMCbDA",
          "name": "id",
          "type": null,
          "probability": 1,
          "modifiers": [],
          "to_variable": {
            "key": "_kzeu8Lb7EDOqorOYG9rdiQ",
            "name": "id",
            "type": null,
            "modifiers": [],
            "position": {}
          },
          "position": {}
        },
        "_qJyqoJXxEDOkdcfPkl7x6A": {
          "key": "_qJyqoJXxEDOkdcfPkl7x6A",
          "name": "name",
          "type": null,
          "probability": 1,
          "modifiers": [],
          "to_variable": {
            "key": "_i8hNULb7EDOqorOYG9rdiQ",
            "name": "name",
            "type": null,
            "modifiers": [],
            "position": {}
          },
          "position": {}
        },
        "_gP6fcMG3EDOkwelmk1e-Bw": {
          "key": "_gP6fcMG3EDOkwelmk1e-Bw",
          "name": "type",
          "type": null,
          "probability": 1,
          "modifiers": [],
          "to_variable": {
            "key": "_s-OakMG2EDOkwelmk1e-Bw",
            "name": "type",
            "type": null,
            "modifiers": [],
            "position": {}
          },
          "position": {}
        }
      }
    },
    "fields_to_fields_data_clump-./Marker-_zP-j8G6dEDOVJ9yysMCbDA-_xgSH8G6dEDOVJ9yysMCbDA-idnamehtmlId": {
      "type": "data_clump",
      "key": "fields_to_fields_data_clump-./Marker-_zP-j8G6dEDOVJ9yysMCbDA-_xgSH8G6dEDOVJ9yysMCbDA-idnamehtmlId",
      "probability": 1,
      "from_file_path": "./Marker",
      "from_class_or_interface_name": "Marker",
      "from_class_or_interface_key": "_zP-j8G6dEDOVJ9yysMCbDA",
      "from_method_name": null,
      "from_method_key": null,
      "to_file_path": "./Quest",
      "to_class_or_interface_key": "_xgSH8G6dEDOVJ9yysMCbDA",
      "to_class_or_interface_name": "Marker",
      "to_method_key": null,
      "to_method_name": null,
      "data_clump_type": "fields_to_fields_data_clump",
      "data_clump_data": {
        "_WlzpEG6eEDOVJ9yysMCbDA": {
          "key": "_WlzpEG6eEDOVJ9yysMCbDA",
          "name": "id",
          "type": null,
          "probability": 1,
          "modifiers": [],
          "to_variable": {
            "key": "_BkfLYG6eEDOVJ9yysMCbDA",
            "name": "id",
            "type": null,
            "modifiers": [],
            "position": {}
          },
          "position": {}
        },
        "_qJyqoJXxEDOkdcfPkl7x6A": {
          "key": "_qJyqoJXxEDOkdcfPkl7x6A",
          "name": "name",
          "type": null,
          "probability": 1,
          "modifiers": [],
          "to_variable": {
            "key": "_DWq6sG6eEDOVJ9yysMCbDA",
            "name": "name",
            "type": null,
            "modifiers": [],
            "position": {}
          },
          "position": {}
        },
        "_0rH58G9mEDOkfY0j72Dhng": {
          "key": "_0rH58G9mEDOkfY0j72Dhng",
          "name": "htmlId",
          "type": null,
          "probability": 1,
          "modifiers": [],
          "to_variable": {
            "key": "_xNac8G9mEDOkfY0j72Dhng",
            "name": "htmlId",
            "type": null,
            "modifiers": [],
            "position": {}
          },
          "position": {}
        }
      }
    },
    "fields_to_fields_data_clump-./Quest-_xgSH8G6dEDOVJ9yysMCbDA-_zP-j8G6dEDOVJ9yysMCbDA-idnamehtmlId": {
      "type": "data_clump",
      "key": "fields_to_fields_data_clump-./Quest-_xgSH8G6dEDOVJ9yysMCbDA-_zP-j8G6dEDOVJ9yysMCbDA-idnamehtmlId",
      "probability": 1,
      "from_file_path": "./Quest",
      "from_class_or_interface_name": "Quest",
      "from_class_or_interface_key": "_xgSH8G6dEDOVJ9yysMCbDA",
      "from_method_name": null,
      "from_method_key": null,
      "to_file_path": "./Marker",
      "to_class_or_interface_key": "_zP-j8G6dEDOVJ9yysMCbDA",
      "to_class_or_interface_name": "Quest",
      "to_method_key": null,
      "to_method_name": null,
      "data_clump_type": "fields_to_fields_data_clump",
      "data_clump_data": {
        "_BkfLYG6eEDOVJ9yysMCbDA": {
          "key": "_BkfLYG6eEDOVJ9yysMCbDA",
          "name": "id",
          "type": null,
          "probability": 1,
          "modifiers": [],
          "to_variable": {
            "key": "_WlzpEG6eEDOVJ9yysMCbDA",
            "name": "id",
            "type": null,
            "modifiers": [],
            "position": {}
          },
          "position": {}
        },
        "_DWq6sG6eEDOVJ9yysMCbDA": {
          "key": "_DWq6sG6eEDOVJ9yysMCbDA",
          "name": "name",
          "type": null,
          "probability": 1,
          "modifiers": [],
          "to_variable": {
            "key": "_qJyqoJXxEDOkdcfPkl7x6A",
            "name": "name",
            "type": null,
            "modifiers": [],
            "position": {}
          },
          "position": {}
        },
        "_xNac8G9mEDOkfY0j72Dhng": {
          "key": "_xNac8G9mEDOkfY0j72Dhng",
          "name": "htmlId",
          "type": null,
          "probability": 1,
          "modifiers": [],
          "to_variable": {
            "key": "_0rH58G9mEDOkfY0j72Dhng",
            "name": "htmlId",
            "type": null,
            "modifiers": [],
            "position": {}
          },
          "position": {}
        }
      }
    },
    "fields_to_fields_data_clump-./User-_uw6PMG9vEDOkfY0j72Dhng-_kIUxwLb-EDOqorOYG9rdiQ-idnamecardIds": {
      "type": "data_clump",
      "key": "fields_to_fields_data_clump-./User-_uw6PMG9vEDOkfY0j72Dhng-_kIUxwLb-EDOqorOYG9rdiQ-idnamecardIds",
      "probability": 1,
      "from_file_path": "./User",
      "from_class_or_interface_name": "User",
      "from_class_or_interface_key": "_uw6PMG9vEDOkfY0j72Dhng",
      "from_method_name": null,
      "from_method_key": null,
      "to_file_path": "./Deck",
      "to_class_or_interface_key": "_kIUxwLb-EDOqorOYG9rdiQ",
      "to_class_or_interface_name": "User",
      "to_method_key": null,
      "to_method_name": null,
      "data_clump_type": "fields_to_fields_data_clump",
      "data_clump_data": {
        "__lLUEHRFEDOd_c7cR0vcww": {
          "key": "__lLUEHRFEDOd_c7cR0vcww",
          "name": "id",
          "type": null,
          "probability": 1,
          "modifiers": [],
          "to_variable": {
            "key": "_mH5c0Lb-EDOqorOYG9rdiQ",
            "name": "id",
            "type": null,
            "modifiers": [],
            "position": {}
          },
          "position": {}
        },
        "_glRYUG6dEDOVJ9yysMCbDA": {
          "key": "_glRYUG6dEDOVJ9yysMCbDA",
          "name": "name",
          "type": null,
          "probability": 1,
          "modifiers": [],
          "to_variable": {
            "key": "_nR-DQLb-EDOqorOYG9rdiQ",
            "name": "name",
            "type": null,
            "modifiers": [],
            "position": {}
          },
          "position": {}
        },
        "_1HFH8B6cEDWfwZ3KkSeKVg": {
          "key": "_1HFH8B6cEDWfwZ3KkSeKVg",
          "name": "cardIds",
          "type": null,
          "probability": 1,
          "modifiers": [],
          "to_variable": {
            "key": "_pY23QLb-EDOqorOYG9rdiQ",
            "name": "cardIds",
            "type": null,
            "modifiers": [],
            "position": {}
          },
          "position": {}
        }
      }
    }
  }
}