{
  "report_version": "unknown",
  "report_timestamp": "2025-03-26T21:45:11.817Z",
  "target_language": "java",
  "report_summary": {
    "additional": null,
    "amount_classes_or_interfaces_with_data_clumps": 2,
    "amount_files_with_data_clumps": 2,
    "amount_methods_with_data_clumps": 0,
    "fields_to_fields_data_clump": 2,
    "parameters_to_fields_data_clump": 0,
    "parameters_to_parameters_data_clump": 0,
    "amount_data_clumps": 2
  },
  "project_info": {
    "project_url": "unknown_project_url",
    "project_name": "_3m8pwE5DEeS9L4cMWDc7Qg",
    "project_version": "unknown_project_version",
    "project_commit_hash": "unknown",
    "project_tag": null,
    "project_commit_date": null,
    "additional": {},
    "number_of_files": 6,
    "number_of_classes_or_interfaces": 6,
    "number_of_methods": 19,
    "number_of_data_fields": 25,
    "number_of_method_parameters": 0
  },
  "detector": {
    "name": "data-clumps-doctor",
    "url": "https://github.com/NilsBaumgartner1994/data-clumps-doctor",
    "version": "0.1.100",
    "options": {
      "typeVariablesConsidered": false,
      "similarityModifierOfVariablesWithUnknownType": 0,
      "fieldsOfClassesWithUnknownHierarchyProbabilityModifier": 0,
      "sharedFieldsToFieldsAmountMinimum": 3,
      "analyseFieldsInClassesOrInterfacesInheritedFromSuperClassesOrInterfaces": false,
      "sharedParametersToParametersAmountMinimum": 3,
      "sharedParametersToFieldsAmountMinimum": 3,
      "methodsOfClassesOrInterfacesWithUnknownHierarchyProbabilityModifier": 0
    }
  },
  "data_clumps": {
    "fields_to_fields_data_clump-./Company-_j7W-oDEgEDKhE4m3P-LNFQ-___aSwDBxEDKoE_IbPy5LeQ-passwordnameaddress": {
      "type": "data_clump",
      "key": "fields_to_fields_data_clump-./Company-_j7W-oDEgEDKhE4m3P-LNFQ-___aSwDBxEDKoE_IbPy5LeQ-passwordnameaddress",
      "probability": 1,
      "from_file_path": "./Company",
      "from_class_or_interface_name": "Company",
      "from_class_or_interface_key": "_j7W-oDEgEDKhE4m3P-LNFQ",
      "from_method_name": null,
      "from_method_key": null,
      "to_file_path": "./User",
      "to_class_or_interface_key": "___aSwDBxEDKoE_IbPy5LeQ",
      "to_class_or_interface_name": "Company",
      "to_method_key": null,
      "to_method_name": null,
      "data_clump_type": "fields_to_fields_data_clump",
      "data_clump_data": {
        "_qdWE8DEgEDKhE4m3P-LNFQ": {
          "key": "_qdWE8DEgEDKhE4m3P-LNFQ",
          "name": "password",
          "type": null,
          "probability": 1,
          "modifiers": [],
          "to_variable": {
            "key": "_vjNMgDEVEDKEo93qss6BUA",
            "name": "password",
            "type": null,
            "modifiers": [],
            "position": {}
          },
          "position": {}
        },
        "_sqtUYDEgEDKhE4m3P-LNFQ": {
          "key": "_sqtUYDEgEDKhE4m3P-LNFQ",
          "name": "name",
          "type": null,
          "probability": 1,
          "modifiers": [],
          "to_variable": {
            "key": "_UyC2IDEgEDKhE4m3P-LNFQ",
            "name": "name",
            "type": null,
            "modifiers": [],
            "position": {}
          },
          "position": {}
        },
        "_wgXXUDEgEDKhE4m3P-LNFQ": {
          "key": "_wgXXUDEgEDKhE4m3P-LNFQ",
          "name": "address",
          "type": null,
          "probability": 1,
          "modifiers": [],
          "to_variable": {
            "key": "_Y6XWYDEgEDKhE4m3P-LNFQ",
            "name": "address",
            "type": null,
            "modifiers": [],
            "position": {}
          },
          "position": {}
        }
      }
    },
    "fields_to_fields_data_clump-./User-___aSwDBxEDKoE_IbPy5LeQ-_j7W-oDEgEDKhE4m3P-LNFQ-passwordnameaddress": {
      "type": "data_clump",
      "key": "fields_to_fields_data_clump-./User-___aSwDBxEDKoE_IbPy5LeQ-_j7W-oDEgEDKhE4m3P-LNFQ-passwordnameaddress",
      "probability": 1,
      "from_file_path": "./User",
      "from_class_or_interface_name": "User",
      "from_class_or_interface_key": "___aSwDBxEDKoE_IbPy5LeQ",
      "from_method_name": null,
      "from_method_key": null,
      "to_file_path": "./Company",
      "to_class_or_interface_key": "_j7W-oDEgEDKhE4m3P-LNFQ",
      "to_class_or_interface_name": "User",
      "to_method_key": null,
      "to_method_name": null,
      "data_clump_type": "fields_to_fields_data_clump",
      "data_clump_data": {
        "_vjNMgDEVEDKEo93qss6BUA": {
          "key": "_vjNMgDEVEDKEo93qss6BUA",
          "name": "password",
          "type": null,
          "probability": 1,
          "modifiers": [],
          "to_variable": {
            "key": "_qdWE8DEgEDKhE4m3P-LNFQ",
            "name": "password",
            "type": null,
            "modifiers": [],
            "position": {}
          },
          "position": {}
        },
        "_UyC2IDEgEDKhE4m3P-LNFQ": {
          "key": "_UyC2IDEgEDKhE4m3P-LNFQ",
          "name": "name",
          "type": null,
          "probability": 1,
          "modifiers": [],
          "to_variable": {
            "key": "_sqtUYDEgEDKhE4m3P-LNFQ",
            "name": "name",
            "type": null,
            "modifiers": [],
            "position": {}
          },
          "position": {}
        },
        "_Y6XWYDEgEDKhE4m3P-LNFQ": {
          "key": "_Y6XWYDEgEDKhE4m3P-LNFQ",
          "name": "address",
          "type": null,
          "probability": 1,
          "modifiers": [],
          "to_variable": {
            "key": "_wgXXUDEgEDKhE4m3P-LNFQ",
            "name": "address",
            "type": null,
            "modifiers": [],
            "position": {}
          },
          "position": {}
        }
      }
    }
  }
}