{
  "report_version": "unknown",
  "report_timestamp": "2025-03-26T21:58:29.495Z",
  "target_language": "java",
  "report_summary": {
    "additional": null,
    "amount_classes_or_interfaces_with_data_clumps": 2,
    "amount_files_with_data_clumps": 2,
    "amount_methods_with_data_clumps": 0,
    "fields_to_fields_data_clump": 2,
    "parameters_to_fields_data_clump": 0,
    "parameters_to_parameters_data_clump": 0,
    "amount_data_clumps": 2
  },
  "project_info": {
    "project_url": "unknown_project_url",
    "project_name": "_d6esgA-AEeu_35Z1GKTxtw",
    "project_version": "unknown_project_version",
    "project_commit_hash": "unknown",
    "project_tag": null,
    "project_commit_date": null,
    "additional": {},
    "number_of_files": 38,
    "number_of_classes_or_interfaces": 38,
    "number_of_methods": 0,
    "number_of_data_fields": 72,
    "number_of_method_parameters": 0
  },
  "detector": {
    "name": "data-clumps-doctor",
    "url": "https://github.com/NilsBaumgartner1994/data-clumps-doctor",
    "version": "0.1.100",
    "options": {
      "typeVariablesConsidered": false,
      "similarityModifierOfVariablesWithUnknownType": 0,
      "fieldsOfClassesWithUnknownHierarchyProbabilityModifier": 0,
      "sharedFieldsToFieldsAmountMinimum": 3,
      "analyseFieldsInClassesOrInterfacesInheritedFromSuperClassesOrInterfaces": false,
      "sharedParametersToParametersAmountMinimum": 3,
      "sharedParametersToFieldsAmountMinimum": 3,
      "methodsOfClassesOrInterfacesWithUnknownHierarchyProbabilityModifier": 0
    }
  },
  "data_clumps": {
    "fields_to_fields_data_clump-./Hardware-Assets-_d6nPeA-AEeu_35Z1GKTxtw-_d6nPzQ-AEeu_35Z1GKTxtw-StatusHerstellerZusatzinformationen": {
      "type": "data_clump",
      "key": "fields_to_fields_data_clump-./Hardware-Assets-_d6nPeA-AEeu_35Z1GKTxtw-_d6nPzQ-AEeu_35Z1GKTxtw-StatusHerstellerZusatzinformationen",
      "probability": 1,
      "from_file_path": "./Hardware-Assets",
      "from_class_or_interface_name": "Hardware-Assets",
      "from_class_or_interface_key": "_d6nPeA-AEeu_35Z1GKTxtw",
      "from_method_name": null,
      "from_method_key": null,
      "to_file_path": "./Software-Assets",
      "to_class_or_interface_key": "_d6nPzQ-AEeu_35Z1GKTxtw",
      "to_class_or_interface_name": "Hardware-Assets",
      "to_method_key": null,
      "to_method_name": null,
      "data_clump_type": "fields_to_fields_data_clump",
      "data_clump_data": {
        "_d6nPeg-AEeu_35Z1GKTxtw": {
          "key": "_d6nPeg-AEeu_35Z1GKTxtw",
          "name": "Status",
          "type": null,
          "probability": 1,
          "modifiers": [],
          "to_variable": {
            "key": "_kLro4fHAEDiP2PED7UZpDQ",
            "name": "Status",
            "type": null,
            "modifiers": [],
            "position": {}
          },
          "position": {}
        },
        "_d6nPew-AEeu_35Z1GKTxtw": {
          "key": "_d6nPew-AEeu_35Z1GKTxtw",
          "name": "Hersteller",
          "type": null,
          "probability": 1,
          "modifiers": [],
          "to_variable": {
            "key": "_d6nPzw-AEeu_35Z1GKTxtw",
            "name": "Hersteller",
            "type": null,
            "modifiers": [],
            "position": {}
          },
          "position": {}
        },
        "_d6nPfg-AEeu_35Z1GKTxtw": {
          "key": "_d6nPfg-AEeu_35Z1GKTxtw",
          "name": "Zusatzinformationen",
          "type": null,
          "probability": 1,
          "modifiers": [],
          "to_variable": {
            "key": "_d6nP1Q-AEeu_35Z1GKTxtw",
            "name": "Zusatzinformationen",
            "type": null,
            "modifiers": [],
            "position": {}
          },
          "position": {}
        }
      }
    },
    "fields_to_fields_data_clump-./Software-Assets-_d6nPzQ-AEeu_35Z1GKTxtw-_d6nPeA-AEeu_35Z1GKTxtw-HerstellerStatusZusatzinformationen": {
      "type": "data_clump",
      "key": "fields_to_fields_data_clump-./Software-Assets-_d6nPzQ-AEeu_35Z1GKTxtw-_d6nPeA-AEeu_35Z1GKTxtw-HerstellerStatusZusatzinformationen",
      "probability": 1,
      "from_file_path": "./Software-Assets",
      "from_class_or_interface_name": "Software-Assets",
      "from_class_or_interface_key": "_d6nPzQ-AEeu_35Z1GKTxtw",
      "from_method_name": null,
      "from_method_key": null,
      "to_file_path": "./Hardware-Assets",
      "to_class_or_interface_key": "_d6nPeA-AEeu_35Z1GKTxtw",
      "to_class_or_interface_name": "Software-Assets",
      "to_method_key": null,
      "to_method_name": null,
      "data_clump_type": "fields_to_fields_data_clump",
      "data_clump_data": {
        "_d6nPzw-AEeu_35Z1GKTxtw": {
          "key": "_d6nPzw-AEeu_35Z1GKTxtw",
          "name": "Hersteller",
          "type": null,
          "probability": 1,
          "modifiers": [],
          "to_variable": {
            "key": "_d6nPew-AEeu_35Z1GKTxtw",
            "name": "Hersteller",
            "type": null,
            "modifiers": [],
            "position": {}
          },
          "position": {}
        },
        "_kLro4fHAEDiP2PED7UZpDQ": {
          "key": "_kLro4fHAEDiP2PED7UZpDQ",
          "name": "Status",
          "type": null,
          "probability": 1,
          "modifiers": [],
          "to_variable": {
            "key": "_d6nPeg-AEeu_35Z1GKTxtw",
            "name": "Status",
            "type": null,
            "modifiers": [],
            "position": {}
          },
          "position": {}
        },
        "_d6nP1Q-AEeu_35Z1GKTxtw": {
          "key": "_d6nP1Q-AEeu_35Z1GKTxtw",
          "name": "Zusatzinformationen",
          "type": null,
          "probability": 1,
          "modifiers": [],
          "to_variable": {
            "key": "_d6nPfg-AEeu_35Z1GKTxtw",
            "name": "Zusatzinformationen",
            "type": null,
            "modifiers": [],
            "position": {}
          },
          "position": {}
        }
      }
    }
  }
}