{
  "report_version": "unknown",
  "report_timestamp": "2025-03-26T21:50:52.243Z",
  "target_language": "java",
  "report_summary": {
    "additional": null,
    "amount_classes_or_interfaces_with_data_clumps": 6,
    "amount_files_with_data_clumps": 6,
    "amount_methods_with_data_clumps": 0,
    "fields_to_fields_data_clump": 6,
    "parameters_to_fields_data_clump": 0,
    "parameters_to_parameters_data_clump": 0,
    "amount_data_clumps": 6
  },
  "project_info": {
    "project_url": "unknown_project_url",
    "project_name": "_xUIKIO1EEeqpSqF1wsOcBw",
    "project_version": "unknown_project_version",
    "project_commit_hash": "unknown",
    "project_tag": null,
    "project_commit_date": null,
    "additional": {},
    "number_of_files": 83,
    "number_of_classes_or_interfaces": 83,
    "number_of_methods": 0,
    "number_of_data_fields": 118,
    "number_of_method_parameters": 0
  },
  "detector": {
    "name": "data-clumps-doctor",
    "url": "https://github.com/NilsBaumgartner1994/data-clumps-doctor",
    "version": "0.1.100",
    "options": {
      "typeVariablesConsidered": false,
      "similarityModifierOfVariablesWithUnknownType": 0,
      "fieldsOfClassesWithUnknownHierarchyProbabilityModifier": 0,
      "sharedFieldsToFieldsAmountMinimum": 3,
      "analyseFieldsInClassesOrInterfacesInheritedFromSuperClassesOrInterfaces": false,
      "sharedParametersToParametersAmountMinimum": 3,
      "sharedParametersToFieldsAmountMinimum": 3,
      "methodsOfClassesOrInterfacesWithUnknownHierarchyProbabilityModifier": 0
    }
  },
  "data_clumps": {
    "fields_to_fields_data_clump-./Institution-_xUZ4Hu1EEeqpSqF1wsOcBw-_xUae6u1EEeqpSqF1wsOcBw-namecountrydomainwebsite": {
      "type": "data_clump",
      "key": "fields_to_fields_data_clump-./Institution-_xUZ4Hu1EEeqpSqF1wsOcBw-_xUae6u1EEeqpSqF1wsOcBw-namecountrydomainwebsite",
      "probability": 1,
      "from_file_path": "./Institution",
      "from_class_or_interface_name": "Institution",
      "from_class_or_interface_key": "_xUZ4Hu1EEeqpSqF1wsOcBw",
      "from_method_name": null,
      "from_method_key": null,
      "to_file_path": "./Provider",
      "to_class_or_interface_key": "_xUae6u1EEeqpSqF1wsOcBw",
      "to_class_or_interface_name": "Institution",
      "to_method_key": null,
      "to_method_name": null,
      "data_clump_type": "fields_to_fields_data_clump",
      "data_clump_data": {
        "_xUZ4H-1EEeqpSqF1wsOcBw": {
          "key": "_xUZ4H-1EEeqpSqF1wsOcBw",
          "name": "name",
          "type": null,
          "probability": 1,
          "modifiers": [
            "private"
          ],
          "to_variable": {
            "key": "_xUae6-1EEeqpSqF1wsOcBw",
            "name": "name",
            "type": null,
            "modifiers": [
              "private"
            ],
            "position": {}
          },
          "position": {}
        },
        "_xUZ4Ie1EEeqpSqF1wsOcBw": {
          "key": "_xUZ4Ie1EEeqpSqF1wsOcBw",
          "name": "country",
          "type": null,
          "probability": 1,
          "modifiers": [
            "private"
          ],
          "to_variable": {
            "key": "_xUae7-1EEeqpSqF1wsOcBw",
            "name": "country",
            "type": null,
            "modifiers": [
              "private"
            ],
            "position": {}
          },
          "position": {}
        },
        "_xUZ4Iu1EEeqpSqF1wsOcBw": {
          "key": "_xUZ4Iu1EEeqpSqF1wsOcBw",
          "name": "domain",
          "type": null,
          "probability": 1,
          "modifiers": [
            "private"
          ],
          "to_variable": {
            "key": "_xUae7e1EEeqpSqF1wsOcBw",
            "name": "domain",
            "type": null,
            "modifiers": [
              "private"
            ],
            "position": {}
          },
          "position": {}
        },
        "_xUZ4I-1EEeqpSqF1wsOcBw": {
          "key": "_xUZ4I-1EEeqpSqF1wsOcBw",
          "name": "website",
          "type": null,
          "probability": 1,
          "modifiers": [
            "private"
          ],
          "to_variable": {
            "key": "_xUae7u1EEeqpSqF1wsOcBw",
            "name": "website",
            "type": null,
            "modifiers": [
              "private"
            ],
            "position": {}
          },
          "position": {}
        }
      }
    },
    "fields_to_fields_data_clump-./Podcast-_xUafE-1EEeqpSqF1wsOcBw-_xUafBO1EEeqpSqF1wsOcBw-formatdurationsizedescriptionimage": {
      "type": "data_clump",
      "key": "fields_to_fields_data_clump-./Podcast-_xUafE-1EEeqpSqF1wsOcBw-_xUafBO1EEeqpSqF1wsOcBw-formatdurationsizedescriptionimage",
      "probability": 1,
      "from_file_path": "./Podcast",
      "from_class_or_interface_name": "Podcast",
      "from_class_or_interface_key": "_xUafE-1EEeqpSqF1wsOcBw",
      "from_method_name": null,
      "from_method_key": null,
      "to_file_path": "./Video",
      "to_class_or_interface_key": "_xUafBO1EEeqpSqF1wsOcBw",
      "to_class_or_interface_name": "Podcast",
      "to_method_key": null,
      "to_method_name": null,
      "data_clump_type": "fields_to_fields_data_clump",
      "data_clump_data": {
        "_xUafFe1EEeqpSqF1wsOcBw": {
          "key": "_xUafFe1EEeqpSqF1wsOcBw",
          "name": "format",
          "type": null,
          "probability": 1,
          "modifiers": [
            "private"
          ],
          "to_variable": {
            "key": "_xUafCO1EEeqpSqF1wsOcBw",
            "name": "format",
            "type": null,
            "modifiers": [
              "private"
            ],
            "position": {}
          },
          "position": {}
        },
        "_xUafFu1EEeqpSqF1wsOcBw": {
          "key": "_xUafFu1EEeqpSqF1wsOcBw",
          "name": "duration",
          "type": null,
          "probability": 1,
          "modifiers": [
            "private"
          ],
          "to_variable": {
            "key": "_xUafCu1EEeqpSqF1wsOcBw",
            "name": "duration",
            "type": null,
            "modifiers": [
              "private"
            ],
            "position": {}
          },
          "position": {}
        },
        "_xUafF-1EEeqpSqF1wsOcBw": {
          "key": "_xUafF-1EEeqpSqF1wsOcBw",
          "name": "size",
          "type": null,
          "probability": 1,
          "modifiers": [
            "private"
          ],
          "to_variable": {
            "key": "_xUafCe1EEeqpSqF1wsOcBw",
            "name": "size",
            "type": null,
            "modifiers": [
              "private"
            ],
            "position": {}
          },
          "position": {}
        },
        "_xUafGO1EEeqpSqF1wsOcBw": {
          "key": "_xUafGO1EEeqpSqF1wsOcBw",
          "name": "description",
          "type": null,
          "probability": 1,
          "modifiers": [
            "private"
          ],
          "to_variable": {
            "key": "_xUafBu1EEeqpSqF1wsOcBw",
            "name": "description",
            "type": null,
            "modifiers": [
              "private"
            ],
            "position": {}
          },
          "position": {}
        },
        "_xUafGu1EEeqpSqF1wsOcBw": {
          "key": "_xUafGu1EEeqpSqF1wsOcBw",
          "name": "image",
          "type": null,
          "probability": 1,
          "modifiers": [
            "private"
          ],
          "to_variable": {
            "key": "_xUafB-1EEeqpSqF1wsOcBw",
            "name": "image",
            "type": null,
            "modifiers": [
              "private"
            ],
            "position": {}
          },
          "position": {}
        }
      }
    },
    "fields_to_fields_data_clump-./Provider-_xUae6u1EEeqpSqF1wsOcBw-_xUZ4Hu1EEeqpSqF1wsOcBw-namedomainwebsitecountry": {
      "type": "data_clump",
      "key": "fields_to_fields_data_clump-./Provider-_xUae6u1EEeqpSqF1wsOcBw-_xUZ4Hu1EEeqpSqF1wsOcBw-namedomainwebsitecountry",
      "probability": 1,
      "from_file_path": "./Provider",
      "from_class_or_interface_name": "Provider",
      "from_class_or_interface_key": "_xUae6u1EEeqpSqF1wsOcBw",
      "from_method_name": null,
      "from_method_key": null,
      "to_file_path": "./Institution",
      "to_class_or_interface_key": "_xUZ4Hu1EEeqpSqF1wsOcBw",
      "to_class_or_interface_name": "Provider",
      "to_method_key": null,
      "to_method_name": null,
      "data_clump_type": "fields_to_fields_data_clump",
      "data_clump_data": {
        "_xUae6-1EEeqpSqF1wsOcBw": {
          "key": "_xUae6-1EEeqpSqF1wsOcBw",
          "name": "name",
          "type": null,
          "probability": 1,
          "modifiers": [
            "private"
          ],
          "to_variable": {
            "key": "_xUZ4H-1EEeqpSqF1wsOcBw",
            "name": "name",
            "type": null,
            "modifiers": [
              "private"
            ],
            "position": {}
          },
          "position": {}
        },
        "_xUae7e1EEeqpSqF1wsOcBw": {
          "key": "_xUae7e1EEeqpSqF1wsOcBw",
          "name": "domain",
          "type": null,
          "probability": 1,
          "modifiers": [
            "private"
          ],
          "to_variable": {
            "key": "_xUZ4Iu1EEeqpSqF1wsOcBw",
            "name": "domain",
            "type": null,
            "modifiers": [
              "private"
            ],
            "position": {}
          },
          "position": {}
        },
        "_xUae7u1EEeqpSqF1wsOcBw": {
          "key": "_xUae7u1EEeqpSqF1wsOcBw",
          "name": "website",
          "type": null,
          "probability": 1,
          "modifiers": [
            "private"
          ],
          "to_variable": {
            "key": "_xUZ4I-1EEeqpSqF1wsOcBw",
            "name": "website",
            "type": null,
            "modifiers": [
              "private"
            ],
            "position": {}
          },
          "position": {}
        },
        "_xUae7-1EEeqpSqF1wsOcBw": {
          "key": "_xUae7-1EEeqpSqF1wsOcBw",
          "name": "country",
          "type": null,
          "probability": 1,
          "modifiers": [
            "private"
          ],
          "to_variable": {
            "key": "_xUZ4Ie1EEeqpSqF1wsOcBw",
            "name": "country",
            "type": null,
            "modifiers": [
              "private"
            ],
            "position": {}
          },
          "position": {}
        }
      }
    },
    "fields_to_fields_data_clump-./User-_xUZ3WO1EEeqpSqF1wsOcBw-_xUZ3O-1EEeqpSqF1wsOcBw-emaildescriptionpicturename": {
      "type": "data_clump",
      "key": "fields_to_fields_data_clump-./User-_xUZ3WO1EEeqpSqF1wsOcBw-_xUZ3O-1EEeqpSqF1wsOcBw-emaildescriptionpicturename",
      "probability": 1,
      "from_file_path": "./User",
      "from_class_or_interface_name": "User",
      "from_class_or_interface_key": "_xUZ3WO1EEeqpSqF1wsOcBw",
      "from_method_name": null,
      "from_method_key": null,
      "to_file_path": "./User2",
      "to_class_or_interface_key": "_xUZ3O-1EEeqpSqF1wsOcBw",
      "to_class_or_interface_name": "User",
      "to_method_key": null,
      "to_method_name": null,
      "data_clump_type": "fields_to_fields_data_clump",
      "data_clump_data": {
        "_xUZ3We1EEeqpSqF1wsOcBw": {
          "key": "_xUZ3We1EEeqpSqF1wsOcBw",
          "name": "email",
          "type": null,
          "probability": 1,
          "modifiers": [
            "private"
          ],
          "to_variable": {
            "key": "_xUZ3Pe1EEeqpSqF1wsOcBw",
            "name": "email",
            "type": null,
            "modifiers": [
              "private"
            ],
            "position": {}
          },
          "position": {}
        },
        "_xUZ3Wu1EEeqpSqF1wsOcBw": {
          "key": "_xUZ3Wu1EEeqpSqF1wsOcBw",
          "name": "description",
          "type": null,
          "probability": 1,
          "modifiers": [
            "private"
          ],
          "to_variable": {
            "key": "_xUZ3Pu1EEeqpSqF1wsOcBw",
            "name": "description",
            "type": null,
            "modifiers": [
              "private"
            ],
            "position": {}
          },
          "position": {}
        },
        "_xUZ3W-1EEeqpSqF1wsOcBw": {
          "key": "_xUZ3W-1EEeqpSqF1wsOcBw",
          "name": "picture",
          "type": null,
          "probability": 1,
          "modifiers": [
            "private"
          ],
          "to_variable": {
            "key": "_xUZ3P-1EEeqpSqF1wsOcBw",
            "name": "picture",
            "type": null,
            "modifiers": [
              "private"
            ],
            "position": {}
          },
          "position": {}
        },
        "_xUZ3Xe1EEeqpSqF1wsOcBw": {
          "key": "_xUZ3Xe1EEeqpSqF1wsOcBw",
          "name": "name",
          "type": null,
          "probability": 1,
          "modifiers": [
            "private"
          ],
          "to_variable": {
            "key": "_xUZ3PO1EEeqpSqF1wsOcBw",
            "name": "name",
            "type": null,
            "modifiers": [
              "private"
            ],
            "position": {}
          },
          "position": {}
        }
      }
    },
    "fields_to_fields_data_clump-./User2-_xUZ3O-1EEeqpSqF1wsOcBw-_xUZ3WO1EEeqpSqF1wsOcBw-nameemaildescriptionpicture": {
      "type": "data_clump",
      "key": "fields_to_fields_data_clump-./User2-_xUZ3O-1EEeqpSqF1wsOcBw-_xUZ3WO1EEeqpSqF1wsOcBw-nameemaildescriptionpicture",
      "probability": 1,
      "from_file_path": "./User2",
      "from_class_or_interface_name": "User2",
      "from_class_or_interface_key": "_xUZ3O-1EEeqpSqF1wsOcBw",
      "from_method_name": null,
      "from_method_key": null,
      "to_file_path": "./User",
      "to_class_or_interface_key": "_xUZ3WO1EEeqpSqF1wsOcBw",
      "to_class_or_interface_name": "User2",
      "to_method_key": null,
      "to_method_name": null,
      "data_clump_type": "fields_to_fields_data_clump",
      "data_clump_data": {
        "_xUZ3PO1EEeqpSqF1wsOcBw": {
          "key": "_xUZ3PO1EEeqpSqF1wsOcBw",
          "name": "name",
          "type": null,
          "probability": 1,
          "modifiers": [
            "private"
          ],
          "to_variable": {
            "key": "_xUZ3Xe1EEeqpSqF1wsOcBw",
            "name": "name",
            "type": null,
            "modifiers": [
              "private"
            ],
            "position": {}
          },
          "position": {}
        },
        "_xUZ3Pe1EEeqpSqF1wsOcBw": {
          "key": "_xUZ3Pe1EEeqpSqF1wsOcBw",
          "name": "email",
          "type": null,
          "probability": 1,
          "modifiers": [
            "private"
          ],
          "to_variable": {
            "key": "_xUZ3We1EEeqpSqF1wsOcBw",
            "name": "email",
            "type": null,
            "modifiers": [
              "private"
            ],
            "position": {}
          },
          "position": {}
        },
        "_xUZ3Pu1EEeqpSqF1wsOcBw": {
          "key": "_xUZ3Pu1EEeqpSqF1wsOcBw",
          "name": "description",
          "type": null,
          "probability": 1,
          "modifiers": [
            "private"
          ],
          "to_variable": {
            "key": "_xUZ3Wu1EEeqpSqF1wsOcBw",
            "name": "description",
            "type": null,
            "modifiers": [
              "private"
            ],
            "position": {}
          },
          "position": {}
        },
        "_xUZ3P-1EEeqpSqF1wsOcBw": {
          "key": "_xUZ3P-1EEeqpSqF1wsOcBw",
          "name": "picture",
          "type": null,
          "probability": 1,
          "modifiers": [
            "private"
          ],
          "to_variable": {
            "key": "_xUZ3W-1EEeqpSqF1wsOcBw",
            "name": "picture",
            "type": null,
            "modifiers": [
              "private"
            ],
            "position": {}
          },
          "position": {}
        }
      }
    },
    "fields_to_fields_data_clump-./Video-_xUafBO1EEeqpSqF1wsOcBw-_xUafE-1EEeqpSqF1wsOcBw-descriptionimageformatsizeduration": {
      "type": "data_clump",
      "key": "fields_to_fields_data_clump-./Video-_xUafBO1EEeqpSqF1wsOcBw-_xUafE-1EEeqpSqF1wsOcBw-descriptionimageformatsizeduration",
      "probability": 1,
      "from_file_path": "./Video",
      "from_class_or_interface_name": "Video",
      "from_class_or_interface_key": "_xUafBO1EEeqpSqF1wsOcBw",
      "from_method_name": null,
      "from_method_key": null,
      "to_file_path": "./Podcast",
      "to_class_or_interface_key": "_xUafE-1EEeqpSqF1wsOcBw",
      "to_class_or_interface_name": "Video",
      "to_method_key": null,
      "to_method_name": null,
      "data_clump_type": "fields_to_fields_data_clump",
      "data_clump_data": {
        "_xUafBu1EEeqpSqF1wsOcBw": {
          "key": "_xUafBu1EEeqpSqF1wsOcBw",
          "name": "description",
          "type": null,
          "probability": 1,
          "modifiers": [
            "private"
          ],
          "to_variable": {
            "key": "_xUafGO1EEeqpSqF1wsOcBw",
            "name": "description",
            "type": null,
            "modifiers": [
              "private"
            ],
            "position": {}
          },
          "position": {}
        },
        "_xUafB-1EEeqpSqF1wsOcBw": {
          "key": "_xUafB-1EEeqpSqF1wsOcBw",
          "name": "image",
          "type": null,
          "probability": 1,
          "modifiers": [
            "private"
          ],
          "to_variable": {
            "key": "_xUafGu1EEeqpSqF1wsOcBw",
            "name": "image",
            "type": null,
            "modifiers": [
              "private"
            ],
            "position": {}
          },
          "position": {}
        },
        "_xUafCO1EEeqpSqF1wsOcBw": {
          "key": "_xUafCO1EEeqpSqF1wsOcBw",
          "name": "format",
          "type": null,
          "probability": 1,
          "modifiers": [
            "private"
          ],
          "to_variable": {
            "key": "_xUafFe1EEeqpSqF1wsOcBw",
            "name": "format",
            "type": null,
            "modifiers": [
              "private"
            ],
            "position": {}
          },
          "position": {}
        },
        "_xUafCe1EEeqpSqF1wsOcBw": {
          "key": "_xUafCe1EEeqpSqF1wsOcBw",
          "name": "size",
          "type": null,
          "probability": 1,
          "modifiers": [
            "private"
          ],
          "to_variable": {
            "key": "_xUafF-1EEeqpSqF1wsOcBw",
            "name": "size",
            "type": null,
            "modifiers": [
              "private"
            ],
            "position": {}
          },
          "position": {}
        },
        "_xUafCu1EEeqpSqF1wsOcBw": {
          "key": "_xUafCu1EEeqpSqF1wsOcBw",
          "name": "duration",
          "type": null,
          "probability": 1,
          "modifiers": [
            "private"
          ],
          "to_variable": {
            "key": "_xUafFu1EEeqpSqF1wsOcBw",
            "name": "duration",
            "type": null,
            "modifiers": [
              "private"
            ],
            "position": {}
          },
          "position": {}
        }
      }
    }
  }
}