{
  "report_version": "^0.1.102",
  "report_timestamp": "2025-09-03T11:27:49.557Z",
  "target_language": "NGSI-LD",
  "report_summary": {
    "additional": {
      "invertedIndexSoftwareProjectStatistics": {
        "invertedFieldToClasses": {
          "median": 1,
          "maximum": 5,
          "average": 2.090909090909091,
          "amountSavedValuesForKeys": 69,
          "amountKeys": 3
        },
        "invertedParameterToMethods": {
          "median": 0,
          "maximum": 0,
          "average": null,
          "amountSavedValuesForKeys": 0,
          "amountKeys": 0
        },
        "invertedParameterToClasses": {
          "median": 1,
          "maximum": 5,
          "average": 2.090909090909091,
          "amountSavedValuesForKeys": 69,
          "amountKeys": 3
        }
      },
      "timer_information": {
        "ast_generation_time_ms": 13,
        "detection_time_ms": 7,
        "machine_information": {
          "os": "Darwin",
          "os_release": "22.5.0",
          "os_platform": "darwin",
          "os_arch": "x64",
          "os_uptime": 1981287,
          "os_memory_free": 11197829120,
          "os_memory_total": 34359738368,
          "os_cpu_cores": 12,
          "os_cpu_model": "Intel(R) Core(TM) i7-9750H CPU @ 2.60GHz",
          "os_cpu_speed": 2600
        }
      }
    },
    "amount_classes_or_interfaces_with_data_clumps": 2,
    "amount_files_with_data_clumps": 2,
    "amount_methods_with_data_clumps": 0,
    "fields_to_fields_data_clump": 2,
    "parameters_to_fields_data_clump": 0,
    "parameters_to_parameters_data_clump": 0,
    "amount_data_clumps": 2
  },
  "project_info": {
    "project_url": "https://github.com/smart-data-models/dataModel.DCAT-AP",
    "project_name": "dataModel.DCAT-AP",
    "project_version": "e51dea43f2b2e6334b6f7e58cf6e98a32cbf7a16",
    "project_commit_hash": "e51dea43f2b2e6334b6f7e58cf6e98a32cbf7a16",
    "project_tag": null,
    "project_commit_date": "1733754716",
    "additional": {},
    "number_of_files": 6,
    "number_of_classes_or_interfaces": 6,
    "number_of_methods": 0,
    "number_of_data_fields": 69,
    "number_of_method_parameters": 0
  },
  "detector": {
    "name": "data-clumps-doctor",
    "url": "https://github.com/NilsBaumgartner1994/data-clumps-doctor",
    "version": "0.1.101",
    "options": {
      "fastDetection": true,
      "ignorePaths": [],
      "similarityModifierOfVariablesWithUnknownType": 0,
      "fieldsOfClassesWithUnknownHierarchyProbabilityModifier": 0,
      "sharedFieldsToFieldsAmountMinimum": 3,
      "analyseFieldsInClassesOrInterfacesInheritedFromSuperClassesOrInterfaces": false,
      "sharedParametersToParametersAmountMinimum": 3,
      "sharedParametersToFieldsAmountMinimum": 3,
      "methodsOfClassesOrInterfacesWithUnknownHierarchyProbabilityModifier": 0,
      "ignoredVariableNames": [
        "alternateName",
        "dataProvider",
        "dateCreated",
        "dateModified",
        "description",
        "name",
        "source"
      ]
    }
  },
  "data_clumps": {
    "fields_to_fields_data_clump-Catalogue/schemaDTDL.json-dtmi:com:ngsi-ld:CatalogueDCAT-AP;0-dtmi:com:ngsi-ld:DistributionDCAT-AP;0-areaServedreleaseDaterights": {
      "type": "data_clump",
      "key": "fields_to_fields_data_clump-Catalogue/schemaDTDL.json-dtmi:com:ngsi-ld:CatalogueDCAT-AP;0-dtmi:com:ngsi-ld:DistributionDCAT-AP;0-areaServedreleaseDaterights",
      "probability": 1,
      "from_file_path": "Catalogue/schemaDTDL.json",
      "from_class_or_interface_name": "CatalogueDCAT-AP",
      "from_class_or_interface_key": "dtmi:com:ngsi-ld:CatalogueDCAT-AP;0",
      "from_method_name": null,
      "from_method_key": null,
      "to_file_path": "Distribution/schemaDTDL.json",
      "to_class_or_interface_key": "dtmi:com:ngsi-ld:DistributionDCAT-AP;0",
      "to_class_or_interface_name": "CatalogueDCAT-AP",
      "to_method_key": null,
      "to_method_name": null,
      "data_clump_type": "fields_to_fields_data_clump",
      "data_clump_data": {
        "dtmi:com:ngsi-ld:CatalogueDCAT-AP;0/memberField/dtmi:com:ngsi-ld:CatalogueDCAT-AP;0#areaServed": {
          "key": "dtmi:com:ngsi-ld:CatalogueDCAT-AP;0/memberField/dtmi:com:ngsi-ld:CatalogueDCAT-AP;0#areaServed",
          "name": "areaServed",
          "type": "string",
          "probability": 1,
          "modifiers": [],
          "to_variable": {
            "key": "dtmi:com:ngsi-ld:DistributionDCAT-AP;0/memberField/dtmi:com:ngsi-ld:DistributionDCAT-AP;0#areaServed",
            "name": "areaServed",
            "type": "string",
            "modifiers": [],
            "position": {
              "startLine": 2,
              "startColumn": 1,
              "endLine": 2,
              "endColumn": 1
            }
          },
          "position": {
            "startLine": 2,
            "startColumn": 1,
            "endLine": 2,
            "endColumn": 1
          }
        },
        "dtmi:com:ngsi-ld:CatalogueDCAT-AP;0/memberField/dtmi:com:ngsi-ld:CatalogueDCAT-AP;0#releaseDate": {
          "key": "dtmi:com:ngsi-ld:CatalogueDCAT-AP;0/memberField/dtmi:com:ngsi-ld:CatalogueDCAT-AP;0#releaseDate",
          "name": "releaseDate",
          "type": "dateTime",
          "probability": 1,
          "modifiers": [],
          "to_variable": {
            "key": "dtmi:com:ngsi-ld:DistributionDCAT-AP;0/memberField/dtmi:com:ngsi-ld:DistributionDCAT-AP;0#releaseDate",
            "name": "releaseDate",
            "type": "dateTime",
            "modifiers": [],
            "position": {
              "startLine": 18,
              "startColumn": 1,
              "endLine": 18,
              "endColumn": 1
            }
          },
          "position": {
            "startLine": 14,
            "startColumn": 1,
            "endLine": 14,
            "endColumn": 1
          }
        },
        "dtmi:com:ngsi-ld:CatalogueDCAT-AP;0/memberField/dtmi:com:ngsi-ld:CatalogueDCAT-AP;0#rights": {
          "key": "dtmi:com:ngsi-ld:CatalogueDCAT-AP;0/memberField/dtmi:com:ngsi-ld:CatalogueDCAT-AP;0#rights",
          "name": "rights",
          "type": "string",
          "probability": 1,
          "modifiers": [],
          "to_variable": {
            "key": "dtmi:com:ngsi-ld:DistributionDCAT-AP;0/memberField/dtmi:com:ngsi-ld:DistributionDCAT-AP;0#rights",
            "name": "rights",
            "type": "string",
            "modifiers": [],
            "position": {
              "startLine": 19,
              "startColumn": 1,
              "endLine": 19,
              "endColumn": 1
            }
          },
          "position": {
            "startLine": 15,
            "startColumn": 1,
            "endLine": 15,
            "endColumn": 1
          }
        }
      }
    },
    "fields_to_fields_data_clump-Distribution/schemaDTDL.json-dtmi:com:ngsi-ld:DistributionDCAT-AP;0-dtmi:com:ngsi-ld:CatalogueDCAT-AP;0-areaServedreleaseDaterights": {
      "type": "data_clump",
      "key": "fields_to_fields_data_clump-Distribution/schemaDTDL.json-dtmi:com:ngsi-ld:DistributionDCAT-AP;0-dtmi:com:ngsi-ld:CatalogueDCAT-AP;0-areaServedreleaseDaterights",
      "probability": 1,
      "from_file_path": "Distribution/schemaDTDL.json",
      "from_class_or_interface_name": "DistributionDCAT-AP",
      "from_class_or_interface_key": "dtmi:com:ngsi-ld:DistributionDCAT-AP;0",
      "from_method_name": null,
      "from_method_key": null,
      "to_file_path": "Catalogue/schemaDTDL.json",
      "to_class_or_interface_key": "dtmi:com:ngsi-ld:CatalogueDCAT-AP;0",
      "to_class_or_interface_name": "DistributionDCAT-AP",
      "to_method_key": null,
      "to_method_name": null,
      "data_clump_type": "fields_to_fields_data_clump",
      "data_clump_data": {
        "dtmi:com:ngsi-ld:DistributionDCAT-AP;0/memberField/dtmi:com:ngsi-ld:DistributionDCAT-AP;0#areaServed": {
          "key": "dtmi:com:ngsi-ld:DistributionDCAT-AP;0/memberField/dtmi:com:ngsi-ld:DistributionDCAT-AP;0#areaServed",
          "name": "areaServed",
          "type": "string",
          "probability": 1,
          "modifiers": [],
          "to_variable": {
            "key": "dtmi:com:ngsi-ld:CatalogueDCAT-AP;0/memberField/dtmi:com:ngsi-ld:CatalogueDCAT-AP;0#areaServed",
            "name": "areaServed",
            "type": "string",
            "modifiers": [],
            "position": {
              "startLine": 2,
              "startColumn": 1,
              "endLine": 2,
              "endColumn": 1
            }
          },
          "position": {
            "startLine": 2,
            "startColumn": 1,
            "endLine": 2,
            "endColumn": 1
          }
        },
        "dtmi:com:ngsi-ld:DistributionDCAT-AP;0/memberField/dtmi:com:ngsi-ld:DistributionDCAT-AP;0#releaseDate": {
          "key": "dtmi:com:ngsi-ld:DistributionDCAT-AP;0/memberField/dtmi:com:ngsi-ld:DistributionDCAT-AP;0#releaseDate",
          "name": "releaseDate",
          "type": "dateTime",
          "probability": 1,
          "modifiers": [],
          "to_variable": {
            "key": "dtmi:com:ngsi-ld:CatalogueDCAT-AP;0/memberField/dtmi:com:ngsi-ld:CatalogueDCAT-AP;0#releaseDate",
            "name": "releaseDate",
            "type": "dateTime",
            "modifiers": [],
            "position": {
              "startLine": 14,
              "startColumn": 1,
              "endLine": 14,
              "endColumn": 1
            }
          },
          "position": {
            "startLine": 18,
            "startColumn": 1,
            "endLine": 18,
            "endColumn": 1
          }
        },
        "dtmi:com:ngsi-ld:DistributionDCAT-AP;0/memberField/dtmi:com:ngsi-ld:DistributionDCAT-AP;0#rights": {
          "key": "dtmi:com:ngsi-ld:DistributionDCAT-AP;0/memberField/dtmi:com:ngsi-ld:DistributionDCAT-AP;0#rights",
          "name": "rights",
          "type": "string",
          "probability": 1,
          "modifiers": [],
          "to_variable": {
            "key": "dtmi:com:ngsi-ld:CatalogueDCAT-AP;0/memberField/dtmi:com:ngsi-ld:CatalogueDCAT-AP;0#rights",
            "name": "rights",
            "type": "string",
            "modifiers": [],
            "position": {
              "startLine": 15,
              "startColumn": 1,
              "endLine": 15,
              "endColumn": 1
            }
          },
          "position": {
            "startLine": 19,
            "startColumn": 1,
            "endLine": 19,
            "endColumn": 1
          }
        }
      }
    }
  }
}