{
  "report_version": "unknown",
  "report_timestamp": "2025-03-26T22:24:15.641Z",
  "target_language": "java",
  "report_summary": {
    "additional": null,
    "amount_classes_or_interfaces_with_data_clumps": 11,
    "amount_files_with_data_clumps": 11,
    "amount_methods_with_data_clumps": 0,
    "fields_to_fields_data_clump": 20,
    "parameters_to_fields_data_clump": 0,
    "parameters_to_parameters_data_clump": 0,
    "amount_data_clumps": 20
  },
  "project_info": {
    "project_url": "unknown_project_url",
    "project_name": "_1Yln0J9VEeqEM7mFKilpXw",
    "project_version": "unknown_project_version",
    "project_commit_hash": "unknown",
    "project_tag": null,
    "project_commit_date": null,
    "additional": {},
    "number_of_files": 177,
    "number_of_classes_or_interfaces": 177,
    "number_of_methods": 0,
    "number_of_data_fields": 972,
    "number_of_method_parameters": 0
  },
  "detector": {
    "name": "data-clumps-doctor",
    "url": "https://github.com/NilsBaumgartner1994/data-clumps-doctor",
    "version": "0.1.100",
    "options": {
      "typeVariablesConsidered": false,
      "similarityModifierOfVariablesWithUnknownType": 0,
      "fieldsOfClassesWithUnknownHierarchyProbabilityModifier": 0,
      "sharedFieldsToFieldsAmountMinimum": 3,
      "analyseFieldsInClassesOrInterfacesInheritedFromSuperClassesOrInterfaces": false,
      "sharedParametersToParametersAmountMinimum": 3,
      "sharedParametersToFieldsAmountMinimum": 3,
      "methodsOfClassesOrInterfacesWithUnknownHierarchyProbabilityModifier": 0
    }
  },
  "data_clumps": {
    "fields_to_fields_data_clump-./Address-_1uJBy59VEeqEM7mFKilpXw-_1uXDvp9VEeqEM7mFKilpXw-UnitFloorReferenceGeographicalLocation": {
      "type": "data_clump",
      "key": "fields_to_fields_data_clump-./Address-_1uJBy59VEeqEM7mFKilpXw-_1uXDvp9VEeqEM7mFKilpXw-UnitFloorReferenceGeographicalLocation",
      "probability": 1,
      "from_file_path": "./Address",
      "from_class_or_interface_name": "Address",
      "from_class_or_interface_key": "_1uJBy59VEeqEM7mFKilpXw",
      "from_method_name": null,
      "from_method_key": null,
      "to_file_path": "./Property",
      "to_class_or_interface_key": "_1uXDvp9VEeqEM7mFKilpXw",
      "to_class_or_interface_name": "Address",
      "to_method_key": null,
      "to_method_name": null,
      "data_clump_type": "fields_to_fields_data_clump",
      "data_clump_data": {
        "_1uJoIJ9VEeqEM7mFKilpXw": {
          "key": "_1uJoIJ9VEeqEM7mFKilpXw",
          "name": "Unit",
          "type": null,
          "probability": 1,
          "modifiers": [
            "public"
          ],
          "to_variable": {
            "key": "_1uXD0p9VEeqEM7mFKilpXw",
            "name": "Unit",
            "type": null,
            "modifiers": [
              "public"
            ],
            "position": {}
          },
          "position": {}
        },
        "_1uJoIp9VEeqEM7mFKilpXw": {
          "key": "_1uJoIp9VEeqEM7mFKilpXw",
          "name": "Floor",
          "type": null,
          "probability": 1,
          "modifiers": [
            "public"
          ],
          "to_variable": {
            "key": "_1uXD7J9VEeqEM7mFKilpXw",
            "name": "Floor",
            "type": null,
            "modifiers": [
              "public"
            ],
            "position": {}
          },
          "position": {}
        },
        "_1uJoPp9VEeqEM7mFKilpXw": {
          "key": "_1uJoPp9VEeqEM7mFKilpXw",
          "name": "Reference",
          "type": null,
          "probability": 1,
          "modifiers": [
            "public"
          ],
          "to_variable": {
            "key": "_1uXDwp9VEeqEM7mFKilpXw",
            "name": "Reference",
            "type": null,
            "modifiers": [
              "public"
            ],
            "position": {}
          },
          "position": {}
        },
        "_1uJoQZ9VEeqEM7mFKilpXw": {
          "key": "_1uJoQZ9VEeqEM7mFKilpXw",
          "name": "GeographicalLocation",
          "type": null,
          "probability": 1,
          "modifiers": [
            "public"
          ],
          "to_variable": {
            "key": "_1uXD6p9VEeqEM7mFKilpXw",
            "name": "GeographicalLocation",
            "type": null,
            "modifiers": [
              "public"
            ],
            "position": {}
          },
          "position": {}
        }
      }
    },
    "fields_to_fields_data_clump-./ComponentAsset-_1uOhEp9VEeqEM7mFKilpXw-_1uPHwp9VEeqEM7mFKilpXw-NameInstallationDateSpatialLocationGeographicalLocationInstalledByInstalledValue": {
      "type": "data_clump",
      "key": "fields_to_fields_data_clump-./ComponentAsset-_1uOhEp9VEeqEM7mFKilpXw-_1uPHwp9VEeqEM7mFKilpXw-NameInstallationDateSpatialLocationGeographicalLocationInstalledByInstalledValue",
      "probability": 1,
      "from_file_path": "./ComponentAsset",
      "from_class_or_interface_name": "ComponentAsset",
      "from_class_or_interface_key": "_1uOhEp9VEeqEM7mFKilpXw",
      "from_method_name": null,
      "from_method_key": null,
      "to_file_path": "./ComponentAssetBasket",
      "to_class_or_interface_key": "_1uPHwp9VEeqEM7mFKilpXw",
      "to_class_or_interface_name": "ComponentAsset",
      "to_method_key": null,
      "to_method_name": null,
      "data_clump_type": "fields_to_fields_data_clump",
      "data_clump_data": {
        "_1uOhGJ9VEeqEM7mFKilpXw": {
          "key": "_1uOhGJ9VEeqEM7mFKilpXw",
          "name": "Name",
          "type": null,
          "probability": 1,
          "modifiers": [
            "public"
          ],
          "to_variable": {
            "key": "_1uPHxJ9VEeqEM7mFKilpXw",
            "name": "Name",
            "type": null,
            "modifiers": [
              "public"
            ],
            "position": {}
          },
          "position": {}
        },
        "_1uOhHp9VEeqEM7mFKilpXw": {
          "key": "_1uOhHp9VEeqEM7mFKilpXw",
          "name": "InstallationDate",
          "type": null,
          "probability": 1,
          "modifiers": [
            "public"
          ],
          "to_variable": {
            "key": "_1uPHxp9VEeqEM7mFKilpXw",
            "name": "InstallationDate",
            "type": null,
            "modifiers": [
              "public"
            ],
            "position": {}
          },
          "position": {}
        },
        "_1uOhIp9VEeqEM7mFKilpXw": {
          "key": "_1uOhIp9VEeqEM7mFKilpXw",
          "name": "SpatialLocation",
          "type": null,
          "probability": 1,
          "modifiers": [
            "public"
          ],
          "to_variable": {
            "key": "_1uPHyp9VEeqEM7mFKilpXw",
            "name": "SpatialLocation",
            "type": null,
            "modifiers": [
              "public"
            ],
            "position": {}
          },
          "position": {}
        },
        "_1uOhJp9VEeqEM7mFKilpXw": {
          "key": "_1uOhJp9VEeqEM7mFKilpXw",
          "name": "GeographicalLocation",
          "type": null,
          "probability": 1,
          "modifiers": [
            "public"
          ],
          "to_variable": {
            "key": "_1uPHzp9VEeqEM7mFKilpXw",
            "name": "GeographicalLocation",
            "type": null,
            "modifiers": [
              "public"
            ],
            "position": {}
          },
          "position": {}
        },
        "_1uOhLp9VEeqEM7mFKilpXw": {
          "key": "_1uOhLp9VEeqEM7mFKilpXw",
          "name": "InstalledBy",
          "type": null,
          "probability": 1,
          "modifiers": [
            "public"
          ],
          "to_variable": {
            "key": "_1uPH0p9VEeqEM7mFKilpXw",
            "name": "InstalledBy",
            "type": null,
            "modifiers": [
              "public"
            ],
            "position": {}
          },
          "position": {}
        },
        "_1uOhMp9VEeqEM7mFKilpXw": {
          "key": "_1uOhMp9VEeqEM7mFKilpXw",
          "name": "InstalledValue",
          "type": null,
          "probability": 1,
          "modifiers": [
            "public"
          ],
          "to_variable": {
            "key": "_1uPH1p9VEeqEM7mFKilpXw",
            "name": "InstalledValue",
            "type": null,
            "modifiers": [
              "public"
            ],
            "position": {}
          },
          "position": {}
        }
      }
    },
    "fields_to_fields_data_clump-./ComponentAsset-_1uOhEp9VEeqEM7mFKilpXw-_1uXDvp9VEeqEM7mFKilpXw-NameReferenceGeographicalLocation": {
      "type": "data_clump",
      "key": "fields_to_fields_data_clump-./ComponentAsset-_1uOhEp9VEeqEM7mFKilpXw-_1uXDvp9VEeqEM7mFKilpXw-NameReferenceGeographicalLocation",
      "probability": 1,
      "from_file_path": "./ComponentAsset",
      "from_class_or_interface_name": "ComponentAsset",
      "from_class_or_interface_key": "_1uOhEp9VEeqEM7mFKilpXw",
      "from_method_name": null,
      "from_method_key": null,
      "to_file_path": "./Property",
      "to_class_or_interface_key": "_1uXDvp9VEeqEM7mFKilpXw",
      "to_class_or_interface_name": "ComponentAsset",
      "to_method_key": null,
      "to_method_name": null,
      "data_clump_type": "fields_to_fields_data_clump",
      "data_clump_data": {
        "_1uOhGJ9VEeqEM7mFKilpXw": {
          "key": "_1uOhGJ9VEeqEM7mFKilpXw",
          "name": "Name",
          "type": null,
          "probability": 1,
          "modifiers": [
            "public"
          ],
          "to_variable": {
            "key": "_1uXDwJ9VEeqEM7mFKilpXw",
            "name": "Name",
            "type": null,
            "modifiers": [
              "public"
            ],
            "position": {}
          },
          "position": {}
        },
        "_1uOhGp9VEeqEM7mFKilpXw": {
          "key": "_1uOhGp9VEeqEM7mFKilpXw",
          "name": "Reference",
          "type": null,
          "probability": 1,
          "modifiers": [
            "public"
          ],
          "to_variable": {
            "key": "_1uXDwp9VEeqEM7mFKilpXw",
            "name": "Reference",
            "type": null,
            "modifiers": [
              "public"
            ],
            "position": {}
          },
          "position": {}
        },
        "_1uOhJp9VEeqEM7mFKilpXw": {
          "key": "_1uOhJp9VEeqEM7mFKilpXw",
          "name": "GeographicalLocation",
          "type": null,
          "probability": 1,
          "modifiers": [
            "public"
          ],
          "to_variable": {
            "key": "_1uXD6p9VEeqEM7mFKilpXw",
            "name": "GeographicalLocation",
            "type": null,
            "modifiers": [
              "public"
            ],
            "position": {}
          },
          "position": {}
        }
      }
    },
    "fields_to_fields_data_clump-./ComponentAssetBasket-_1uPHwp9VEeqEM7mFKilpXw-_1uOhEp9VEeqEM7mFKilpXw-NameInstallationDateSpatialLocationGeographicalLocationInstalledByInstalledValue": {
      "type": "data_clump",
      "key": "fields_to_fields_data_clump-./ComponentAssetBasket-_1uPHwp9VEeqEM7mFKilpXw-_1uOhEp9VEeqEM7mFKilpXw-NameInstallationDateSpatialLocationGeographicalLocationInstalledByInstalledValue",
      "probability": 1,
      "from_file_path": "./ComponentAssetBasket",
      "from_class_or_interface_name": "ComponentAssetBasket",
      "from_class_or_interface_key": "_1uPHwp9VEeqEM7mFKilpXw",
      "from_method_name": null,
      "from_method_key": null,
      "to_file_path": "./ComponentAsset",
      "to_class_or_interface_key": "_1uOhEp9VEeqEM7mFKilpXw",
      "to_class_or_interface_name": "ComponentAssetBasket",
      "to_method_key": null,
      "to_method_name": null,
      "data_clump_type": "fields_to_fields_data_clump",
      "data_clump_data": {
        "_1uPHxJ9VEeqEM7mFKilpXw": {
          "key": "_1uPHxJ9VEeqEM7mFKilpXw",
          "name": "Name",
          "type": null,
          "probability": 1,
          "modifiers": [
            "public"
          ],
          "to_variable": {
            "key": "_1uOhGJ9VEeqEM7mFKilpXw",
            "name": "Name",
            "type": null,
            "modifiers": [
              "public"
            ],
            "position": {}
          },
          "position": {}
        },
        "_1uPHxp9VEeqEM7mFKilpXw": {
          "key": "_1uPHxp9VEeqEM7mFKilpXw",
          "name": "InstallationDate",
          "type": null,
          "probability": 1,
          "modifiers": [
            "public"
          ],
          "to_variable": {
            "key": "_1uOhHp9VEeqEM7mFKilpXw",
            "name": "InstallationDate",
            "type": null,
            "modifiers": [
              "public"
            ],
            "position": {}
          },
          "position": {}
        },
        "_1uPHyp9VEeqEM7mFKilpXw": {
          "key": "_1uPHyp9VEeqEM7mFKilpXw",
          "name": "SpatialLocation",
          "type": null,
          "probability": 1,
          "modifiers": [
            "public"
          ],
          "to_variable": {
            "key": "_1uOhIp9VEeqEM7mFKilpXw",
            "name": "SpatialLocation",
            "type": null,
            "modifiers": [
              "public"
            ],
            "position": {}
          },
          "position": {}
        },
        "_1uPHzp9VEeqEM7mFKilpXw": {
          "key": "_1uPHzp9VEeqEM7mFKilpXw",
          "name": "GeographicalLocation",
          "type": null,
          "probability": 1,
          "modifiers": [
            "public"
          ],
          "to_variable": {
            "key": "_1uOhJp9VEeqEM7mFKilpXw",
            "name": "GeographicalLocation",
            "type": null,
            "modifiers": [
              "public"
            ],
            "position": {}
          },
          "position": {}
        },
        "_1uPH0p9VEeqEM7mFKilpXw": {
          "key": "_1uPH0p9VEeqEM7mFKilpXw",
          "name": "InstalledBy",
          "type": null,
          "probability": 1,
          "modifiers": [
            "public"
          ],
          "to_variable": {
            "key": "_1uOhLp9VEeqEM7mFKilpXw",
            "name": "InstalledBy",
            "type": null,
            "modifiers": [
              "public"
            ],
            "position": {}
          },
          "position": {}
        },
        "_1uPH1p9VEeqEM7mFKilpXw": {
          "key": "_1uPH1p9VEeqEM7mFKilpXw",
          "name": "InstalledValue",
          "type": null,
          "probability": 1,
          "modifiers": [
            "public"
          ],
          "to_variable": {
            "key": "_1uOhMp9VEeqEM7mFKilpXw",
            "name": "InstalledValue",
            "type": null,
            "modifiers": [
              "public"
            ],
            "position": {}
          },
          "position": {}
        }
      }
    },
    "fields_to_fields_data_clump-./Organization-_1uUn2Z9VEeqEM7mFKilpXw-_1uVO459VEeqEM7mFKilpXw-DescriptionNameReferenceBankAccountSocialMediaHandle": {
      "type": "data_clump",
      "key": "fields_to_fields_data_clump-./Organization-_1uUn2Z9VEeqEM7mFKilpXw-_1uVO459VEeqEM7mFKilpXw-DescriptionNameReferenceBankAccountSocialMediaHandle",
      "probability": 1,
      "from_file_path": "./Organization",
      "from_class_or_interface_name": "Organization",
      "from_class_or_interface_key": "_1uUn2Z9VEeqEM7mFKilpXw",
      "from_method_name": null,
      "from_method_key": null,
      "to_file_path": "./Person",
      "to_class_or_interface_key": "_1uVO459VEeqEM7mFKilpXw",
      "to_class_or_interface_name": "Organization",
      "to_method_key": null,
      "to_method_name": null,
      "data_clump_type": "fields_to_fields_data_clump",
      "data_clump_data": {
        "_1uUn2p9VEeqEM7mFKilpXw": {
          "key": "_1uUn2p9VEeqEM7mFKilpXw",
          "name": "Description",
          "type": null,
          "probability": 1,
          "modifiers": [
            "public"
          ],
          "to_variable": {
            "key": "_1uVO8Z9VEeqEM7mFKilpXw",
            "name": "Description",
            "type": null,
            "modifiers": [
              "public"
            ],
            "position": {}
          },
          "position": {}
        },
        "_1uUn3J9VEeqEM7mFKilpXw": {
          "key": "_1uUn3J9VEeqEM7mFKilpXw",
          "name": "Name",
          "type": null,
          "probability": 1,
          "modifiers": [
            "public"
          ],
          "to_variable": {
            "key": "_1uVO5Z9VEeqEM7mFKilpXw",
            "name": "Name",
            "type": null,
            "modifiers": [
              "public"
            ],
            "position": {}
          },
          "position": {}
        },
        "_1uUn6J9VEeqEM7mFKilpXw": {
          "key": "_1uUn6J9VEeqEM7mFKilpXw",
          "name": "Reference",
          "type": null,
          "probability": 1,
          "modifiers": [
            "public"
          ],
          "to_variable": {
            "key": "_1uVO7p9VEeqEM7mFKilpXw",
            "name": "Reference",
            "type": null,
            "modifiers": [
              "public"
            ],
            "position": {}
          },
          "position": {}
        },
        "_1uVOVZ9VEeqEM7mFKilpXw": {
          "key": "_1uVOVZ9VEeqEM7mFKilpXw",
          "name": "BankAccount",
          "type": null,
          "probability": 1,
          "modifiers": [
            "public"
          ],
          "to_variable": {
            "key": "_1uVPDZ9VEeqEM7mFKilpXw",
            "name": "BankAccount",
            "type": null,
            "modifiers": [
              "public"
            ],
            "position": {}
          },
          "position": {}
        },
        "_1uVOcZ9VEeqEM7mFKilpXw": {
          "key": "_1uVOcZ9VEeqEM7mFKilpXw",
          "name": "SocialMediaHandle",
          "type": null,
          "probability": 1,
          "modifiers": [
            "public"
          ],
          "to_variable": {
            "key": "_1uV1fJ9VEeqEM7mFKilpXw",
            "name": "SocialMediaHandle",
            "type": null,
            "modifiers": [
              "public"
            ],
            "position": {}
          },
          "position": {}
        }
      }
    },
    "fields_to_fields_data_clump-./Party-_1uVOs59VEeqEM7mFKilpXw-_1uVO459VEeqEM7mFKilpXw-ReferenceOrganizationNameMailingAddress": {
      "type": "data_clump",
      "key": "fields_to_fields_data_clump-./Party-_1uVOs59VEeqEM7mFKilpXw-_1uVO459VEeqEM7mFKilpXw-ReferenceOrganizationNameMailingAddress",
      "probability": 1,
      "from_file_path": "./Party",
      "from_class_or_interface_name": "Party",
      "from_class_or_interface_key": "_1uVOs59VEeqEM7mFKilpXw",
      "from_method_name": null,
      "from_method_key": null,
      "to_file_path": "./Person",
      "to_class_or_interface_key": "_1uVO459VEeqEM7mFKilpXw",
      "to_class_or_interface_name": "Party",
      "to_method_key": null,
      "to_method_name": null,
      "data_clump_type": "fields_to_fields_data_clump",
      "data_clump_data": {
        "_1uVOtZ9VEeqEM7mFKilpXw": {
          "key": "_1uVOtZ9VEeqEM7mFKilpXw",
          "name": "Reference",
          "type": null,
          "probability": 1,
          "modifiers": [
            "public"
          ],
          "to_variable": {
            "key": "_1uVO7p9VEeqEM7mFKilpXw",
            "name": "Reference",
            "type": null,
            "modifiers": [
              "public"
            ],
            "position": {}
          },
          "position": {}
        },
        "_1uVOuZ9VEeqEM7mFKilpXw": {
          "key": "_1uVOuZ9VEeqEM7mFKilpXw",
          "name": "Organization",
          "type": null,
          "probability": 1,
          "modifiers": [
            "public"
          ],
          "to_variable": {
            "key": "_1uVO959VEeqEM7mFKilpXw",
            "name": "Organization",
            "type": null,
            "modifiers": [
              "public"
            ],
            "position": {}
          },
          "position": {}
        },
        "_1uVOvZ9VEeqEM7mFKilpXw": {
          "key": "_1uVOvZ9VEeqEM7mFKilpXw",
          "name": "Name",
          "type": null,
          "probability": 1,
          "modifiers": [
            "public"
          ],
          "to_variable": {
            "key": "_1uVO5Z9VEeqEM7mFKilpXw",
            "name": "Name",
            "type": null,
            "modifiers": [
              "public"
            ],
            "position": {}
          },
          "position": {}
        },
        "_1uVOv59VEeqEM7mFKilpXw": {
          "key": "_1uVOv59VEeqEM7mFKilpXw",
          "name": "MailingAddress",
          "type": null,
          "probability": 1,
          "modifiers": [
            "public"
          ],
          "to_variable": {
            "key": "_1uVPE59VEeqEM7mFKilpXw",
            "name": "MailingAddress",
            "type": null,
            "modifiers": [
              "public"
            ],
            "position": {}
          },
          "position": {}
        }
      }
    },
    "fields_to_fields_data_clump-./Person-_1uVO459VEeqEM7mFKilpXw-_1uUn2Z9VEeqEM7mFKilpXw-NameReferenceDescriptionBankAccountSocialMediaHandle": {
      "type": "data_clump",
      "key": "fields_to_fields_data_clump-./Person-_1uVO459VEeqEM7mFKilpXw-_1uUn2Z9VEeqEM7mFKilpXw-NameReferenceDescriptionBankAccountSocialMediaHandle",
      "probability": 1,
      "from_file_path": "./Person",
      "from_class_or_interface_name": "Person",
      "from_class_or_interface_key": "_1uVO459VEeqEM7mFKilpXw",
      "from_method_name": null,
      "from_method_key": null,
      "to_file_path": "./Organization",
      "to_class_or_interface_key": "_1uUn2Z9VEeqEM7mFKilpXw",
      "to_class_or_interface_name": "Person",
      "to_method_key": null,
      "to_method_name": null,
      "data_clump_type": "fields_to_fields_data_clump",
      "data_clump_data": {
        "_1uVO5Z9VEeqEM7mFKilpXw": {
          "key": "_1uVO5Z9VEeqEM7mFKilpXw",
          "name": "Name",
          "type": null,
          "probability": 1,
          "modifiers": [
            "public"
          ],
          "to_variable": {
            "key": "_1uUn3J9VEeqEM7mFKilpXw",
            "name": "Name",
            "type": null,
            "modifiers": [
              "public"
            ],
            "position": {}
          },
          "position": {}
        },
        "_1uVO7p9VEeqEM7mFKilpXw": {
          "key": "_1uVO7p9VEeqEM7mFKilpXw",
          "name": "Reference",
          "type": null,
          "probability": 1,
          "modifiers": [
            "public"
          ],
          "to_variable": {
            "key": "_1uUn6J9VEeqEM7mFKilpXw",
            "name": "Reference",
            "type": null,
            "modifiers": [
              "public"
            ],
            "position": {}
          },
          "position": {}
        },
        "_1uVO8Z9VEeqEM7mFKilpXw": {
          "key": "_1uVO8Z9VEeqEM7mFKilpXw",
          "name": "Description",
          "type": null,
          "probability": 1,
          "modifiers": [
            "public"
          ],
          "to_variable": {
            "key": "_1uUn2p9VEeqEM7mFKilpXw",
            "name": "Description",
            "type": null,
            "modifiers": [
              "public"
            ],
            "position": {}
          },
          "position": {}
        },
        "_1uVPDZ9VEeqEM7mFKilpXw": {
          "key": "_1uVPDZ9VEeqEM7mFKilpXw",
          "name": "BankAccount",
          "type": null,
          "probability": 1,
          "modifiers": [
            "public"
          ],
          "to_variable": {
            "key": "_1uVOVZ9VEeqEM7mFKilpXw",
            "name": "BankAccount",
            "type": null,
            "modifiers": [
              "public"
            ],
            "position": {}
          },
          "position": {}
        },
        "_1uV1fJ9VEeqEM7mFKilpXw": {
          "key": "_1uV1fJ9VEeqEM7mFKilpXw",
          "name": "SocialMediaHandle",
          "type": null,
          "probability": 1,
          "modifiers": [
            "public"
          ],
          "to_variable": {
            "key": "_1uVOcZ9VEeqEM7mFKilpXw",
            "name": "SocialMediaHandle",
            "type": null,
            "modifiers": [
              "public"
            ],
            "position": {}
          },
          "position": {}
        }
      }
    },
    "fields_to_fields_data_clump-./Person-_1uVO459VEeqEM7mFKilpXw-_1uVOs59VEeqEM7mFKilpXw-NameReferenceOrganizationMailingAddress": {
      "type": "data_clump",
      "key": "fields_to_fields_data_clump-./Person-_1uVO459VEeqEM7mFKilpXw-_1uVOs59VEeqEM7mFKilpXw-NameReferenceOrganizationMailingAddress",
      "probability": 1,
      "from_file_path": "./Person",
      "from_class_or_interface_name": "Person",
      "from_class_or_interface_key": "_1uVO459VEeqEM7mFKilpXw",
      "from_method_name": null,
      "from_method_key": null,
      "to_file_path": "./Party",
      "to_class_or_interface_key": "_1uVOs59VEeqEM7mFKilpXw",
      "to_class_or_interface_name": "Person",
      "to_method_key": null,
      "to_method_name": null,
      "data_clump_type": "fields_to_fields_data_clump",
      "data_clump_data": {
        "_1uVO5Z9VEeqEM7mFKilpXw": {
          "key": "_1uVO5Z9VEeqEM7mFKilpXw",
          "name": "Name",
          "type": null,
          "probability": 1,
          "modifiers": [
            "public"
          ],
          "to_variable": {
            "key": "_1uVOvZ9VEeqEM7mFKilpXw",
            "name": "Name",
            "type": null,
            "modifiers": [
              "public"
            ],
            "position": {}
          },
          "position": {}
        },
        "_1uVO7p9VEeqEM7mFKilpXw": {
          "key": "_1uVO7p9VEeqEM7mFKilpXw",
          "name": "Reference",
          "type": null,
          "probability": 1,
          "modifiers": [
            "public"
          ],
          "to_variable": {
            "key": "_1uVOtZ9VEeqEM7mFKilpXw",
            "name": "Reference",
            "type": null,
            "modifiers": [
              "public"
            ],
            "position": {}
          },
          "position": {}
        },
        "_1uVO959VEeqEM7mFKilpXw": {
          "key": "_1uVO959VEeqEM7mFKilpXw",
          "name": "Organization",
          "type": null,
          "probability": 1,
          "modifiers": [
            "public"
          ],
          "to_variable": {
            "key": "_1uVOuZ9VEeqEM7mFKilpXw",
            "name": "Organization",
            "type": null,
            "modifiers": [
              "public"
            ],
            "position": {}
          },
          "position": {}
        },
        "_1uVPE59VEeqEM7mFKilpXw": {
          "key": "_1uVPE59VEeqEM7mFKilpXw",
          "name": "MailingAddress",
          "type": null,
          "probability": 1,
          "modifiers": [
            "public"
          ],
          "to_variable": {
            "key": "_1uVOv59VEeqEM7mFKilpXw",
            "name": "MailingAddress",
            "type": null,
            "modifiers": [
              "public"
            ],
            "position": {}
          },
          "position": {}
        }
      }
    },
    "fields_to_fields_data_clump-./Person-_1uVO459VEeqEM7mFKilpXw-_1uV1xJ9VEeqEM7mFKilpXw-NationalityPlaceOfBirthBirthDateIdentificationAgeCitizenship": {
      "type": "data_clump",
      "key": "fields_to_fields_data_clump-./Person-_1uVO459VEeqEM7mFKilpXw-_1uV1xJ9VEeqEM7mFKilpXw-NationalityPlaceOfBirthBirthDateIdentificationAgeCitizenship",
      "probability": 1,
      "from_file_path": "./Person",
      "from_class_or_interface_name": "Person",
      "from_class_or_interface_key": "_1uVO459VEeqEM7mFKilpXw",
      "from_method_name": null,
      "from_method_key": null,
      "to_file_path": "./PersonDetailsRequired",
      "to_class_or_interface_key": "_1uV1xJ9VEeqEM7mFKilpXw",
      "to_class_or_interface_name": "Person",
      "to_method_key": null,
      "to_method_name": null,
      "data_clump_type": "fields_to_fields_data_clump",
      "data_clump_data": {
        "_1uVO859VEeqEM7mFKilpXw": {
          "key": "_1uVO859VEeqEM7mFKilpXw",
          "name": "Nationality",
          "type": null,
          "probability": 1,
          "modifiers": [
            "public"
          ],
          "to_variable": {
            "key": "_1uV11J9VEeqEM7mFKilpXw",
            "name": "Nationality",
            "type": null,
            "modifiers": [
              "public"
            ],
            "position": {}
          },
          "position": {}
        },
        "_1uVO9Z9VEeqEM7mFKilpXw": {
          "key": "_1uVO9Z9VEeqEM7mFKilpXw",
          "name": "PlaceOfBirth",
          "type": null,
          "probability": 1,
          "modifiers": [
            "public"
          ],
          "to_variable": {
            "key": "_1uV11p9VEeqEM7mFKilpXw",
            "name": "PlaceOfBirth",
            "type": null,
            "modifiers": [
              "public"
            ],
            "position": {}
          },
          "position": {}
        },
        "_1uVPAZ9VEeqEM7mFKilpXw": {
          "key": "_1uVPAZ9VEeqEM7mFKilpXw",
          "name": "BirthDate",
          "type": null,
          "probability": 1,
          "modifiers": [
            "public"
          ],
          "to_variable": {
            "key": "_1uV1yp9VEeqEM7mFKilpXw",
            "name": "BirthDate",
            "type": null,
            "modifiers": [
              "public"
            ],
            "position": {}
          },
          "position": {}
        },
        "_1uVPB59VEeqEM7mFKilpXw": {
          "key": "_1uVPB59VEeqEM7mFKilpXw",
          "name": "Identification",
          "type": null,
          "probability": 1,
          "modifiers": [
            "public"
          ],
          "to_variable": {
            "key": "_1uV1zp9VEeqEM7mFKilpXw",
            "name": "Identification",
            "type": null,
            "modifiers": [
              "public"
            ],
            "position": {}
          },
          "position": {}
        },
        "_1uV1YZ9VEeqEM7mFKilpXw": {
          "key": "_1uV1YZ9VEeqEM7mFKilpXw",
          "name": "Age",
          "type": null,
          "probability": 1,
          "modifiers": [
            "public"
          ],
          "to_variable": {
            "key": "_1uV10J9VEeqEM7mFKilpXw",
            "name": "Age",
            "type": null,
            "modifiers": [
              "public"
            ],
            "position": {}
          },
          "position": {}
        },
        "_1uV1ZJ9VEeqEM7mFKilpXw": {
          "key": "_1uV1ZJ9VEeqEM7mFKilpXw",
          "name": "Citizenship",
          "type": null,
          "probability": 1,
          "modifiers": [
            "public"
          ],
          "to_variable": {
            "key": "_1uV10p9VEeqEM7mFKilpXw",
            "name": "Citizenship",
            "type": null,
            "modifiers": [
              "public"
            ],
            "position": {}
          },
          "position": {}
        }
      }
    },
    "fields_to_fields_data_clump-./PersonDetailsRequired-_1uV1xJ9VEeqEM7mFKilpXw-_1uVO459VEeqEM7mFKilpXw-BirthDateIdentificationAgeCitizenshipNationalityPlaceOfBirth": {
      "type": "data_clump",
      "key": "fields_to_fields_data_clump-./PersonDetailsRequired-_1uV1xJ9VEeqEM7mFKilpXw-_1uVO459VEeqEM7mFKilpXw-BirthDateIdentificationAgeCitizenshipNationalityPlaceOfBirth",
      "probability": 1,
      "from_file_path": "./PersonDetailsRequired",
      "from_class_or_interface_name": "PersonDetailsRequired",
      "from_class_or_interface_key": "_1uV1xJ9VEeqEM7mFKilpXw",
      "from_method_name": null,
      "from_method_key": null,
      "to_file_path": "./Person",
      "to_class_or_interface_key": "_1uVO459VEeqEM7mFKilpXw",
      "to_class_or_interface_name": "PersonDetailsRequired",
      "to_method_key": null,
      "to_method_name": null,
      "data_clump_type": "fields_to_fields_data_clump",
      "data_clump_data": {
        "_1uV1yp9VEeqEM7mFKilpXw": {
          "key": "_1uV1yp9VEeqEM7mFKilpXw",
          "name": "BirthDate",
          "type": null,
          "probability": 1,
          "modifiers": [
            "public"
          ],
          "to_variable": {
            "key": "_1uVPAZ9VEeqEM7mFKilpXw",
            "name": "BirthDate",
            "type": null,
            "modifiers": [
              "public"
            ],
            "position": {}
          },
          "position": {}
        },
        "_1uV1zp9VEeqEM7mFKilpXw": {
          "key": "_1uV1zp9VEeqEM7mFKilpXw",
          "name": "Identification",
          "type": null,
          "probability": 1,
          "modifiers": [
            "public"
          ],
          "to_variable": {
            "key": "_1uVPB59VEeqEM7mFKilpXw",
            "name": "Identification",
            "type": null,
            "modifiers": [
              "public"
            ],
            "position": {}
          },
          "position": {}
        },
        "_1uV10J9VEeqEM7mFKilpXw": {
          "key": "_1uV10J9VEeqEM7mFKilpXw",
          "name": "Age",
          "type": null,
          "probability": 1,
          "modifiers": [
            "public"
          ],
          "to_variable": {
            "key": "_1uV1YZ9VEeqEM7mFKilpXw",
            "name": "Age",
            "type": null,
            "modifiers": [
              "public"
            ],
            "position": {}
          },
          "position": {}
        },
        "_1uV10p9VEeqEM7mFKilpXw": {
          "key": "_1uV10p9VEeqEM7mFKilpXw",
          "name": "Citizenship",
          "type": null,
          "probability": 1,
          "modifiers": [
            "public"
          ],
          "to_variable": {
            "key": "_1uV1ZJ9VEeqEM7mFKilpXw",
            "name": "Citizenship",
            "type": null,
            "modifiers": [
              "public"
            ],
            "position": {}
          },
          "position": {}
        },
        "_1uV11J9VEeqEM7mFKilpXw": {
          "key": "_1uV11J9VEeqEM7mFKilpXw",
          "name": "Nationality",
          "type": null,
          "probability": 1,
          "modifiers": [
            "public"
          ],
          "to_variable": {
            "key": "_1uVO859VEeqEM7mFKilpXw",
            "name": "Nationality",
            "type": null,
            "modifiers": [
              "public"
            ],
            "position": {}
          },
          "position": {}
        },
        "_1uV11p9VEeqEM7mFKilpXw": {
          "key": "_1uV11p9VEeqEM7mFKilpXw",
          "name": "PlaceOfBirth",
          "type": null,
          "probability": 1,
          "modifiers": [
            "public"
          ],
          "to_variable": {
            "key": "_1uVO9Z9VEeqEM7mFKilpXw",
            "name": "PlaceOfBirth",
            "type": null,
            "modifiers": [
              "public"
            ],
            "position": {}
          },
          "position": {}
        }
      }
    },
    "fields_to_fields_data_clump-./PersonDetailsRequired-_1uV1xJ9VEeqEM7mFKilpXw-_1uXqkp9VEeqEM7mFKilpXw-GenderEthnicOriginLanguageReligion": {
      "type": "data_clump",
      "key": "fields_to_fields_data_clump-./PersonDetailsRequired-_1uV1xJ9VEeqEM7mFKilpXw-_1uXqkp9VEeqEM7mFKilpXw-GenderEthnicOriginLanguageReligion",
      "probability": 1,
      "from_file_path": "./PersonDetailsRequired",
      "from_class_or_interface_name": "PersonDetailsRequired",
      "from_class_or_interface_key": "_1uV1xJ9VEeqEM7mFKilpXw",
      "from_method_name": null,
      "from_method_key": null,
      "to_file_path": "./ProspectiveTenantPerson",
      "to_class_or_interface_key": "_1uXqkp9VEeqEM7mFKilpXw",
      "to_class_or_interface_name": "PersonDetailsRequired",
      "to_method_key": null,
      "to_method_name": null,
      "data_clump_type": "fields_to_fields_data_clump",
      "data_clump_data": {
        "_1uV1zJ9VEeqEM7mFKilpXw": {
          "key": "_1uV1zJ9VEeqEM7mFKilpXw",
          "name": "Gender",
          "type": null,
          "probability": 1,
          "modifiers": [
            "public"
          ],
          "to_variable": {
            "key": "_1uXqo59VEeqEM7mFKilpXw",
            "name": "Gender",
            "type": null,
            "modifiers": [
              "public"
            ],
            "position": {}
          },
          "position": {}
        },
        "_1uV12p9VEeqEM7mFKilpXw": {
          "key": "_1uV12p9VEeqEM7mFKilpXw",
          "name": "EthnicOrigin",
          "type": null,
          "probability": 1,
          "modifiers": [
            "public"
          ],
          "to_variable": {
            "key": "_1uXqnZ9VEeqEM7mFKilpXw",
            "name": "EthnicOrigin",
            "type": null,
            "modifiers": [
              "public"
            ],
            "position": {}
          },
          "position": {}
        },
        "_1uV13J9VEeqEM7mFKilpXw": {
          "key": "_1uV13J9VEeqEM7mFKilpXw",
          "name": "Language",
          "type": null,
          "probability": 1,
          "modifiers": [
            "public"
          ],
          "to_variable": {
            "key": "_1uXqn59VEeqEM7mFKilpXw",
            "name": "Language",
            "type": null,
            "modifiers": [
              "public"
            ],
            "position": {}
          },
          "position": {}
        },
        "_1uV13p9VEeqEM7mFKilpXw": {
          "key": "_1uV13p9VEeqEM7mFKilpXw",
          "name": "Religion",
          "type": null,
          "probability": 1,
          "modifiers": [
            "public"
          ],
          "to_variable": {
            "key": "_1uXqoZ9VEeqEM7mFKilpXw",
            "name": "Religion",
            "type": null,
            "modifiers": [
              "public"
            ],
            "position": {}
          },
          "position": {}
        }
      }
    },
    "fields_to_fields_data_clump-./PersonDetailsRequired-_1uV1xJ9VEeqEM7mFKilpXw-_1uY5Kp9VEeqEM7mFKilpXw-GenderAlertEthnicOriginLanguageReligionDisabilitiesOrExtraCareNeedsEconomicStatusAndAffordability": {
      "type": "data_clump",
      "key": "fields_to_fields_data_clump-./PersonDetailsRequired-_1uV1xJ9VEeqEM7mFKilpXw-_1uY5Kp9VEeqEM7mFKilpXw-GenderAlertEthnicOriginLanguageReligionDisabilitiesOrExtraCareNeedsEconomicStatusAndAffordability",
      "probability": 1,
      "from_file_path": "./PersonDetailsRequired",
      "from_class_or_interface_name": "PersonDetailsRequired",
      "from_class_or_interface_key": "_1uV1xJ9VEeqEM7mFKilpXw",
      "from_method_name": null,
      "from_method_key": null,
      "to_file_path": "./ServiceUser",
      "to_class_or_interface_key": "_1uY5Kp9VEeqEM7mFKilpXw",
      "to_class_or_interface_name": "PersonDetailsRequired",
      "to_method_key": null,
      "to_method_name": null,
      "data_clump_type": "fields_to_fields_data_clump",
      "data_clump_data": {
        "_1uV1zJ9VEeqEM7mFKilpXw": {
          "key": "_1uV1zJ9VEeqEM7mFKilpXw",
          "name": "Gender",
          "type": null,
          "probability": 1,
          "modifiers": [
            "public"
          ],
          "to_variable": {
            "key": "_1uY5O59VEeqEM7mFKilpXw",
            "name": "Gender",
            "type": null,
            "modifiers": [
              "public"
            ],
            "position": {}
          },
          "position": {}
        },
        "_1uV12J9VEeqEM7mFKilpXw": {
          "key": "_1uV12J9VEeqEM7mFKilpXw",
          "name": "Alert",
          "type": null,
          "probability": 1,
          "modifiers": [
            "public"
          ],
          "to_variable": {
            "key": "_1uY5K59VEeqEM7mFKilpXw",
            "name": "Alert",
            "type": null,
            "modifiers": [
              "public"
            ],
            "position": {}
          },
          "position": {}
        },
        "_1uV12p9VEeqEM7mFKilpXw": {
          "key": "_1uV12p9VEeqEM7mFKilpXw",
          "name": "EthnicOrigin",
          "type": null,
          "probability": 1,
          "modifiers": [
            "public"
          ],
          "to_variable": {
            "key": "_1uY5NZ9VEeqEM7mFKilpXw",
            "name": "EthnicOrigin",
            "type": null,
            "modifiers": [
              "public"
            ],
            "position": {}
          },
          "position": {}
        },
        "_1uV13J9VEeqEM7mFKilpXw": {
          "key": "_1uV13J9VEeqEM7mFKilpXw",
          "name": "Language",
          "type": null,
          "probability": 1,
          "modifiers": [
            "public"
          ],
          "to_variable": {
            "key": "_1uY5N59VEeqEM7mFKilpXw",
            "name": "Language",
            "type": null,
            "modifiers": [
              "public"
            ],
            "position": {}
          },
          "position": {}
        },
        "_1uV13p9VEeqEM7mFKilpXw": {
          "key": "_1uV13p9VEeqEM7mFKilpXw",
          "name": "Religion",
          "type": null,
          "probability": 1,
          "modifiers": [
            "public"
          ],
          "to_variable": {
            "key": "_1uY5OZ9VEeqEM7mFKilpXw",
            "name": "Religion",
            "type": null,
            "modifiers": [
              "public"
            ],
            "position": {}
          },
          "position": {}
        },
        "_1uV14p9VEeqEM7mFKilpXw": {
          "key": "_1uV14p9VEeqEM7mFKilpXw",
          "name": "DisabilitiesOrExtraCareNeeds",
          "type": null,
          "probability": 1,
          "modifiers": [
            "public"
          ],
          "to_variable": {
            "key": "_1uY5L59VEeqEM7mFKilpXw",
            "name": "DisabilitiesOrExtraCareNeeds",
            "type": null,
            "modifiers": [
              "public"
            ],
            "position": {}
          },
          "position": {}
        },
        "_1uV15J9VEeqEM7mFKilpXw": {
          "key": "_1uV15J9VEeqEM7mFKilpXw",
          "name": "EconomicStatusAndAffordability",
          "type": null,
          "probability": 1,
          "modifiers": [
            "public"
          ],
          "to_variable": {
            "key": "_1uY5MZ9VEeqEM7mFKilpXw",
            "name": "EconomicStatusAndAffordability",
            "type": null,
            "modifiers": [
              "public"
            ],
            "position": {}
          },
          "position": {}
        }
      }
    },
    "fields_to_fields_data_clump-./Property-_1uXDvp9VEeqEM7mFKilpXw-_1uJBy59VEeqEM7mFKilpXw-ReferenceUnitGeographicalLocationFloor": {
      "type": "data_clump",
      "key": "fields_to_fields_data_clump-./Property-_1uXDvp9VEeqEM7mFKilpXw-_1uJBy59VEeqEM7mFKilpXw-ReferenceUnitGeographicalLocationFloor",
      "probability": 1,
      "from_file_path": "./Property",
      "from_class_or_interface_name": "Property",
      "from_class_or_interface_key": "_1uXDvp9VEeqEM7mFKilpXw",
      "from_method_name": null,
      "from_method_key": null,
      "to_file_path": "./Address",
      "to_class_or_interface_key": "_1uJBy59VEeqEM7mFKilpXw",
      "to_class_or_interface_name": "Property",
      "to_method_key": null,
      "to_method_name": null,
      "data_clump_type": "fields_to_fields_data_clump",
      "data_clump_data": {
        "_1uXDwp9VEeqEM7mFKilpXw": {
          "key": "_1uXDwp9VEeqEM7mFKilpXw",
          "name": "Reference",
          "type": null,
          "probability": 1,
          "modifiers": [
            "public"
          ],
          "to_variable": {
            "key": "_1uJoPp9VEeqEM7mFKilpXw",
            "name": "Reference",
            "type": null,
            "modifiers": [
              "public"
            ],
            "position": {}
          },
          "position": {}
        },
        "_1uXD0p9VEeqEM7mFKilpXw": {
          "key": "_1uXD0p9VEeqEM7mFKilpXw",
          "name": "Unit",
          "type": null,
          "probability": 1,
          "modifiers": [
            "public"
          ],
          "to_variable": {
            "key": "_1uJoIJ9VEeqEM7mFKilpXw",
            "name": "Unit",
            "type": null,
            "modifiers": [
              "public"
            ],
            "position": {}
          },
          "position": {}
        },
        "_1uXD6p9VEeqEM7mFKilpXw": {
          "key": "_1uXD6p9VEeqEM7mFKilpXw",
          "name": "GeographicalLocation",
          "type": null,
          "probability": 1,
          "modifiers": [
            "public"
          ],
          "to_variable": {
            "key": "_1uJoQZ9VEeqEM7mFKilpXw",
            "name": "GeographicalLocation",
            "type": null,
            "modifiers": [
              "public"
            ],
            "position": {}
          },
          "position": {}
        },
        "_1uXD7J9VEeqEM7mFKilpXw": {
          "key": "_1uXD7J9VEeqEM7mFKilpXw",
          "name": "Floor",
          "type": null,
          "probability": 1,
          "modifiers": [
            "public"
          ],
          "to_variable": {
            "key": "_1uJoIp9VEeqEM7mFKilpXw",
            "name": "Floor",
            "type": null,
            "modifiers": [
              "public"
            ],
            "position": {}
          },
          "position": {}
        }
      }
    },
    "fields_to_fields_data_clump-./Property-_1uXDvp9VEeqEM7mFKilpXw-_1uOhEp9VEeqEM7mFKilpXw-NameReferenceGeographicalLocation": {
      "type": "data_clump",
      "key": "fields_to_fields_data_clump-./Property-_1uXDvp9VEeqEM7mFKilpXw-_1uOhEp9VEeqEM7mFKilpXw-NameReferenceGeographicalLocation",
      "probability": 1,
      "from_file_path": "./Property",
      "from_class_or_interface_name": "Property",
      "from_class_or_interface_key": "_1uXDvp9VEeqEM7mFKilpXw",
      "from_method_name": null,
      "from_method_key": null,
      "to_file_path": "./ComponentAsset",
      "to_class_or_interface_key": "_1uOhEp9VEeqEM7mFKilpXw",
      "to_class_or_interface_name": "Property",
      "to_method_key": null,
      "to_method_name": null,
      "data_clump_type": "fields_to_fields_data_clump",
      "data_clump_data": {
        "_1uXDwJ9VEeqEM7mFKilpXw": {
          "key": "_1uXDwJ9VEeqEM7mFKilpXw",
          "name": "Name",
          "type": null,
          "probability": 1,
          "modifiers": [
            "public"
          ],
          "to_variable": {
            "key": "_1uOhGJ9VEeqEM7mFKilpXw",
            "name": "Name",
            "type": null,
            "modifiers": [
              "public"
            ],
            "position": {}
          },
          "position": {}
        },
        "_1uXDwp9VEeqEM7mFKilpXw": {
          "key": "_1uXDwp9VEeqEM7mFKilpXw",
          "name": "Reference",
          "type": null,
          "probability": 1,
          "modifiers": [
            "public"
          ],
          "to_variable": {
            "key": "_1uOhGp9VEeqEM7mFKilpXw",
            "name": "Reference",
            "type": null,
            "modifiers": [
              "public"
            ],
            "position": {}
          },
          "position": {}
        },
        "_1uXD6p9VEeqEM7mFKilpXw": {
          "key": "_1uXD6p9VEeqEM7mFKilpXw",
          "name": "GeographicalLocation",
          "type": null,
          "probability": 1,
          "modifiers": [
            "public"
          ],
          "to_variable": {
            "key": "_1uOhJp9VEeqEM7mFKilpXw",
            "name": "GeographicalLocation",
            "type": null,
            "modifiers": [
              "public"
            ],
            "position": {}
          },
          "position": {}
        }
      }
    },
    "fields_to_fields_data_clump-./Property-_1uXDvp9VEeqEM7mFKilpXw-_1uZgHp9VEeqEM7mFKilpXw-ReferenceAddressPhysicalCharacteristics": {
      "type": "data_clump",
      "key": "fields_to_fields_data_clump-./Property-_1uXDvp9VEeqEM7mFKilpXw-_1uZgHp9VEeqEM7mFKilpXw-ReferenceAddressPhysicalCharacteristics",
      "probability": 1,
      "from_file_path": "./Property",
      "from_class_or_interface_name": "Property",
      "from_class_or_interface_key": "_1uXDvp9VEeqEM7mFKilpXw",
      "from_method_name": null,
      "from_method_key": null,
      "to_file_path": "./Unit",
      "to_class_or_interface_key": "_1uZgHp9VEeqEM7mFKilpXw",
      "to_class_or_interface_name": "Property",
      "to_method_key": null,
      "to_method_name": null,
      "data_clump_type": "fields_to_fields_data_clump",
      "data_clump_data": {
        "_1uXDwp9VEeqEM7mFKilpXw": {
          "key": "_1uXDwp9VEeqEM7mFKilpXw",
          "name": "Reference",
          "type": null,
          "probability": 1,
          "modifiers": [
            "public"
          ],
          "to_variable": {
            "key": "_1uZgJJ9VEeqEM7mFKilpXw",
            "name": "Reference",
            "type": null,
            "modifiers": [
              "public"
            ],
            "position": {}
          },
          "position": {}
        },
        "_1uXDxp9VEeqEM7mFKilpXw": {
          "key": "_1uXDxp9VEeqEM7mFKilpXw",
          "name": "Address",
          "type": null,
          "probability": 1,
          "modifiers": [
            "public"
          ],
          "to_variable": {
            "key": "_1uZgIJ9VEeqEM7mFKilpXw",
            "name": "Address",
            "type": null,
            "modifiers": [
              "public"
            ],
            "position": {}
          },
          "position": {}
        },
        "_1uXDzp9VEeqEM7mFKilpXw": {
          "key": "_1uXDzp9VEeqEM7mFKilpXw",
          "name": "PhysicalCharacteristics",
          "type": null,
          "probability": 1,
          "modifiers": [
            "public"
          ],
          "to_variable": {
            "key": "_1uZgMZ9VEeqEM7mFKilpXw",
            "name": "PhysicalCharacteristics",
            "type": null,
            "modifiers": [
              "public"
            ],
            "position": {}
          },
          "position": {}
        }
      }
    },
    "fields_to_fields_data_clump-./ProspectiveTenantPerson-_1uXqkp9VEeqEM7mFKilpXw-_1uV1xJ9VEeqEM7mFKilpXw-EthnicOriginLanguageReligionGender": {
      "type": "data_clump",
      "key": "fields_to_fields_data_clump-./ProspectiveTenantPerson-_1uXqkp9VEeqEM7mFKilpXw-_1uV1xJ9VEeqEM7mFKilpXw-EthnicOriginLanguageReligionGender",
      "probability": 1,
      "from_file_path": "./ProspectiveTenantPerson",
      "from_class_or_interface_name": "ProspectiveTenantPerson",
      "from_class_or_interface_key": "_1uXqkp9VEeqEM7mFKilpXw",
      "from_method_name": null,
      "from_method_key": null,
      "to_file_path": "./PersonDetailsRequired",
      "to_class_or_interface_key": "_1uV1xJ9VEeqEM7mFKilpXw",
      "to_class_or_interface_name": "ProspectiveTenantPerson",
      "to_method_key": null,
      "to_method_name": null,
      "data_clump_type": "fields_to_fields_data_clump",
      "data_clump_data": {
        "_1uXqnZ9VEeqEM7mFKilpXw": {
          "key": "_1uXqnZ9VEeqEM7mFKilpXw",
          "name": "EthnicOrigin",
          "type": null,
          "probability": 1,
          "modifiers": [
            "public"
          ],
          "to_variable": {
            "key": "_1uV12p9VEeqEM7mFKilpXw",
            "name": "EthnicOrigin",
            "type": null,
            "modifiers": [
              "public"
            ],
            "position": {}
          },
          "position": {}
        },
        "_1uXqn59VEeqEM7mFKilpXw": {
          "key": "_1uXqn59VEeqEM7mFKilpXw",
          "name": "Language",
          "type": null,
          "probability": 1,
          "modifiers": [
            "public"
          ],
          "to_variable": {
            "key": "_1uV13J9VEeqEM7mFKilpXw",
            "name": "Language",
            "type": null,
            "modifiers": [
              "public"
            ],
            "position": {}
          },
          "position": {}
        },
        "_1uXqoZ9VEeqEM7mFKilpXw": {
          "key": "_1uXqoZ9VEeqEM7mFKilpXw",
          "name": "Religion",
          "type": null,
          "probability": 1,
          "modifiers": [
            "public"
          ],
          "to_variable": {
            "key": "_1uV13p9VEeqEM7mFKilpXw",
            "name": "Religion",
            "type": null,
            "modifiers": [
              "public"
            ],
            "position": {}
          },
          "position": {}
        },
        "_1uXqo59VEeqEM7mFKilpXw": {
          "key": "_1uXqo59VEeqEM7mFKilpXw",
          "name": "Gender",
          "type": null,
          "probability": 1,
          "modifiers": [
            "public"
          ],
          "to_variable": {
            "key": "_1uV1zJ9VEeqEM7mFKilpXw",
            "name": "Gender",
            "type": null,
            "modifiers": [
              "public"
            ],
            "position": {}
          },
          "position": {}
        }
      }
    },
    "fields_to_fields_data_clump-./ProspectiveTenantPerson-_1uXqkp9VEeqEM7mFKilpXw-_1uY5Kp9VEeqEM7mFKilpXw-EthnicOriginLanguageReligionGenderOtherGender": {
      "type": "data_clump",
      "key": "fields_to_fields_data_clump-./ProspectiveTenantPerson-_1uXqkp9VEeqEM7mFKilpXw-_1uY5Kp9VEeqEM7mFKilpXw-EthnicOriginLanguageReligionGenderOtherGender",
      "probability": 1,
      "from_file_path": "./ProspectiveTenantPerson",
      "from_class_or_interface_name": "ProspectiveTenantPerson",
      "from_class_or_interface_key": "_1uXqkp9VEeqEM7mFKilpXw",
      "from_method_name": null,
      "from_method_key": null,
      "to_file_path": "./ServiceUser",
      "to_class_or_interface_key": "_1uY5Kp9VEeqEM7mFKilpXw",
      "to_class_or_interface_name": "ProspectiveTenantPerson",
      "to_method_key": null,
      "to_method_name": null,
      "data_clump_type": "fields_to_fields_data_clump",
      "data_clump_data": {
        "_1uXqnZ9VEeqEM7mFKilpXw": {
          "key": "_1uXqnZ9VEeqEM7mFKilpXw",
          "name": "EthnicOrigin",
          "type": null,
          "probability": 1,
          "modifiers": [
            "public"
          ],
          "to_variable": {
            "key": "_1uY5NZ9VEeqEM7mFKilpXw",
            "name": "EthnicOrigin",
            "type": null,
            "modifiers": [
              "public"
            ],
            "position": {}
          },
          "position": {}
        },
        "_1uXqn59VEeqEM7mFKilpXw": {
          "key": "_1uXqn59VEeqEM7mFKilpXw",
          "name": "Language",
          "type": null,
          "probability": 1,
          "modifiers": [
            "public"
          ],
          "to_variable": {
            "key": "_1uY5N59VEeqEM7mFKilpXw",
            "name": "Language",
            "type": null,
            "modifiers": [
              "public"
            ],
            "position": {}
          },
          "position": {}
        },
        "_1uXqoZ9VEeqEM7mFKilpXw": {
          "key": "_1uXqoZ9VEeqEM7mFKilpXw",
          "name": "Religion",
          "type": null,
          "probability": 1,
          "modifiers": [
            "public"
          ],
          "to_variable": {
            "key": "_1uY5OZ9VEeqEM7mFKilpXw",
            "name": "Religion",
            "type": null,
            "modifiers": [
              "public"
            ],
            "position": {}
          },
          "position": {}
        },
        "_1uXqo59VEeqEM7mFKilpXw": {
          "key": "_1uXqo59VEeqEM7mFKilpXw",
          "name": "Gender",
          "type": null,
          "probability": 1,
          "modifiers": [
            "public"
          ],
          "to_variable": {
            "key": "_1uY5O59VEeqEM7mFKilpXw",
            "name": "Gender",
            "type": null,
            "modifiers": [
              "public"
            ],
            "position": {}
          },
          "position": {}
        },
        "_1uXqpZ9VEeqEM7mFKilpXw": {
          "key": "_1uXqpZ9VEeqEM7mFKilpXw",
          "name": "OtherGender",
          "type": null,
          "probability": 1,
          "modifiers": [
            "public"
          ],
          "to_variable": {
            "key": "_1uY5PZ9VEeqEM7mFKilpXw",
            "name": "OtherGender",
            "type": null,
            "modifiers": [
              "public"
            ],
            "position": {}
          },
          "position": {}
        }
      }
    },
    "fields_to_fields_data_clump-./ServiceUser-_1uY5Kp9VEeqEM7mFKilpXw-_1uV1xJ9VEeqEM7mFKilpXw-AlertDisabilitiesOrExtraCareNeedsEconomicStatusAndAffordabilityEthnicOriginLanguageReligionGender": {
      "type": "data_clump",
      "key": "fields_to_fields_data_clump-./ServiceUser-_1uY5Kp9VEeqEM7mFKilpXw-_1uV1xJ9VEeqEM7mFKilpXw-AlertDisabilitiesOrExtraCareNeedsEconomicStatusAndAffordabilityEthnicOriginLanguageReligionGender",
      "probability": 1,
      "from_file_path": "./ServiceUser",
      "from_class_or_interface_name": "ServiceUser",
      "from_class_or_interface_key": "_1uY5Kp9VEeqEM7mFKilpXw",
      "from_method_name": null,
      "from_method_key": null,
      "to_file_path": "./PersonDetailsRequired",
      "to_class_or_interface_key": "_1uV1xJ9VEeqEM7mFKilpXw",
      "to_class_or_interface_name": "ServiceUser",
      "to_method_key": null,
      "to_method_name": null,
      "data_clump_type": "fields_to_fields_data_clump",
      "data_clump_data": {
        "_1uY5K59VEeqEM7mFKilpXw": {
          "key": "_1uY5K59VEeqEM7mFKilpXw",
          "name": "Alert",
          "type": null,
          "probability": 1,
          "modifiers": [
            "public"
          ],
          "to_variable": {
            "key": "_1uV12J9VEeqEM7mFKilpXw",
            "name": "Alert",
            "type": null,
            "modifiers": [
              "public"
            ],
            "position": {}
          },
          "position": {}
        },
        "_1uY5L59VEeqEM7mFKilpXw": {
          "key": "_1uY5L59VEeqEM7mFKilpXw",
          "name": "DisabilitiesOrExtraCareNeeds",
          "type": null,
          "probability": 1,
          "modifiers": [
            "public"
          ],
          "to_variable": {
            "key": "_1uV14p9VEeqEM7mFKilpXw",
            "name": "DisabilitiesOrExtraCareNeeds",
            "type": null,
            "modifiers": [
              "public"
            ],
            "position": {}
          },
          "position": {}
        },
        "_1uY5MZ9VEeqEM7mFKilpXw": {
          "key": "_1uY5MZ9VEeqEM7mFKilpXw",
          "name": "EconomicStatusAndAffordability",
          "type": null,
          "probability": 1,
          "modifiers": [
            "public"
          ],
          "to_variable": {
            "key": "_1uV15J9VEeqEM7mFKilpXw",
            "name": "EconomicStatusAndAffordability",
            "type": null,
            "modifiers": [
              "public"
            ],
            "position": {}
          },
          "position": {}
        },
        "_1uY5NZ9VEeqEM7mFKilpXw": {
          "key": "_1uY5NZ9VEeqEM7mFKilpXw",
          "name": "EthnicOrigin",
          "type": null,
          "probability": 1,
          "modifiers": [
            "public"
          ],
          "to_variable": {
            "key": "_1uV12p9VEeqEM7mFKilpXw",
            "name": "EthnicOrigin",
            "type": null,
            "modifiers": [
              "public"
            ],
            "position": {}
          },
          "position": {}
        },
        "_1uY5N59VEeqEM7mFKilpXw": {
          "key": "_1uY5N59VEeqEM7mFKilpXw",
          "name": "Language",
          "type": null,
          "probability": 1,
          "modifiers": [
            "public"
          ],
          "to_variable": {
            "key": "_1uV13J9VEeqEM7mFKilpXw",
            "name": "Language",
            "type": null,
            "modifiers": [
              "public"
            ],
            "position": {}
          },
          "position": {}
        },
        "_1uY5OZ9VEeqEM7mFKilpXw": {
          "key": "_1uY5OZ9VEeqEM7mFKilpXw",
          "name": "Religion",
          "type": null,
          "probability": 1,
          "modifiers": [
            "public"
          ],
          "to_variable": {
            "key": "_1uV13p9VEeqEM7mFKilpXw",
            "name": "Religion",
            "type": null,
            "modifiers": [
              "public"
            ],
            "position": {}
          },
          "position": {}
        },
        "_1uY5O59VEeqEM7mFKilpXw": {
          "key": "_1uY5O59VEeqEM7mFKilpXw",
          "name": "Gender",
          "type": null,
          "probability": 1,
          "modifiers": [
            "public"
          ],
          "to_variable": {
            "key": "_1uV1zJ9VEeqEM7mFKilpXw",
            "name": "Gender",
            "type": null,
            "modifiers": [
              "public"
            ],
            "position": {}
          },
          "position": {}
        }
      }
    },
    "fields_to_fields_data_clump-./ServiceUser-_1uY5Kp9VEeqEM7mFKilpXw-_1uXqkp9VEeqEM7mFKilpXw-EthnicOriginLanguageReligionGenderOtherGender": {
      "type": "data_clump",
      "key": "fields_to_fields_data_clump-./ServiceUser-_1uY5Kp9VEeqEM7mFKilpXw-_1uXqkp9VEeqEM7mFKilpXw-EthnicOriginLanguageReligionGenderOtherGender",
      "probability": 1,
      "from_file_path": "./ServiceUser",
      "from_class_or_interface_name": "ServiceUser",
      "from_class_or_interface_key": "_1uY5Kp9VEeqEM7mFKilpXw",
      "from_method_name": null,
      "from_method_key": null,
      "to_file_path": "./ProspectiveTenantPerson",
      "to_class_or_interface_key": "_1uXqkp9VEeqEM7mFKilpXw",
      "to_class_or_interface_name": "ServiceUser",
      "to_method_key": null,
      "to_method_name": null,
      "data_clump_type": "fields_to_fields_data_clump",
      "data_clump_data": {
        "_1uY5NZ9VEeqEM7mFKilpXw": {
          "key": "_1uY5NZ9VEeqEM7mFKilpXw",
          "name": "EthnicOrigin",
          "type": null,
          "probability": 1,
          "modifiers": [
            "public"
          ],
          "to_variable": {
            "key": "_1uXqnZ9VEeqEM7mFKilpXw",
            "name": "EthnicOrigin",
            "type": null,
            "modifiers": [
              "public"
            ],
            "position": {}
          },
          "position": {}
        },
        "_1uY5N59VEeqEM7mFKilpXw": {
          "key": "_1uY5N59VEeqEM7mFKilpXw",
          "name": "Language",
          "type": null,
          "probability": 1,
          "modifiers": [
            "public"
          ],
          "to_variable": {
            "key": "_1uXqn59VEeqEM7mFKilpXw",
            "name": "Language",
            "type": null,
            "modifiers": [
              "public"
            ],
            "position": {}
          },
          "position": {}
        },
        "_1uY5OZ9VEeqEM7mFKilpXw": {
          "key": "_1uY5OZ9VEeqEM7mFKilpXw",
          "name": "Religion",
          "type": null,
          "probability": 1,
          "modifiers": [
            "public"
          ],
          "to_variable": {
            "key": "_1uXqoZ9VEeqEM7mFKilpXw",
            "name": "Religion",
            "type": null,
            "modifiers": [
              "public"
            ],
            "position": {}
          },
          "position": {}
        },
        "_1uY5O59VEeqEM7mFKilpXw": {
          "key": "_1uY5O59VEeqEM7mFKilpXw",
          "name": "Gender",
          "type": null,
          "probability": 1,
          "modifiers": [
            "public"
          ],
          "to_variable": {
            "key": "_1uXqo59VEeqEM7mFKilpXw",
            "name": "Gender",
            "type": null,
            "modifiers": [
              "public"
            ],
            "position": {}
          },
          "position": {}
        },
        "_1uY5PZ9VEeqEM7mFKilpXw": {
          "key": "_1uY5PZ9VEeqEM7mFKilpXw",
          "name": "OtherGender",
          "type": null,
          "probability": 1,
          "modifiers": [
            "public"
          ],
          "to_variable": {
            "key": "_1uXqpZ9VEeqEM7mFKilpXw",
            "name": "OtherGender",
            "type": null,
            "modifiers": [
              "public"
            ],
            "position": {}
          },
          "position": {}
        }
      }
    },
    "fields_to_fields_data_clump-./Unit-_1uZgHp9VEeqEM7mFKilpXw-_1uXDvp9VEeqEM7mFKilpXw-AddressReferencePhysicalCharacteristics": {
      "type": "data_clump",
      "key": "fields_to_fields_data_clump-./Unit-_1uZgHp9VEeqEM7mFKilpXw-_1uXDvp9VEeqEM7mFKilpXw-AddressReferencePhysicalCharacteristics",
      "probability": 1,
      "from_file_path": "./Unit",
      "from_class_or_interface_name": "Unit",
      "from_class_or_interface_key": "_1uZgHp9VEeqEM7mFKilpXw",
      "from_method_name": null,
      "from_method_key": null,
      "to_file_path": "./Property",
      "to_class_or_interface_key": "_1uXDvp9VEeqEM7mFKilpXw",
      "to_class_or_interface_name": "Unit",
      "to_method_key": null,
      "to_method_name": null,
      "data_clump_type": "fields_to_fields_data_clump",
      "data_clump_data": {
        "_1uZgIJ9VEeqEM7mFKilpXw": {
          "key": "_1uZgIJ9VEeqEM7mFKilpXw",
          "name": "Address",
          "type": null,
          "probability": 1,
          "modifiers": [
            "public"
          ],
          "to_variable": {
            "key": "_1uXDxp9VEeqEM7mFKilpXw",
            "name": "Address",
            "type": null,
            "modifiers": [
              "public"
            ],
            "position": {}
          },
          "position": {}
        },
        "_1uZgJJ9VEeqEM7mFKilpXw": {
          "key": "_1uZgJJ9VEeqEM7mFKilpXw",
          "name": "Reference",
          "type": null,
          "probability": 1,
          "modifiers": [
            "public"
          ],
          "to_variable": {
            "key": "_1uXDwp9VEeqEM7mFKilpXw",
            "name": "Reference",
            "type": null,
            "modifiers": [
              "public"
            ],
            "position": {}
          },
          "position": {}
        },
        "_1uZgMZ9VEeqEM7mFKilpXw": {
          "key": "_1uZgMZ9VEeqEM7mFKilpXw",
          "name": "PhysicalCharacteristics",
          "type": null,
          "probability": 1,
          "modifiers": [
            "public"
          ],
          "to_variable": {
            "key": "_1uXDzp9VEeqEM7mFKilpXw",
            "name": "PhysicalCharacteristics",
            "type": null,
            "modifiers": [
              "public"
            ],
            "position": {}
          },
          "position": {}
        }
      }
    }
  }
}