{
  "report_version": "unknown",
  "report_timestamp": "2025-03-26T21:41:09.393Z",
  "target_language": "java",
  "report_summary": {
    "additional": null,
    "amount_classes_or_interfaces_with_data_clumps": 2,
    "amount_files_with_data_clumps": 2,
    "amount_methods_with_data_clumps": 2,
    "fields_to_fields_data_clump": 2,
    "parameters_to_fields_data_clump": 0,
    "parameters_to_parameters_data_clump": 2,
    "amount_data_clumps": 4
  },
  "project_info": {
    "project_url": "unknown_project_url",
    "project_name": "_j2wfoEaWEe22546wEPhU_w",
    "project_version": "unknown_project_version",
    "project_commit_hash": "unknown",
    "project_tag": null,
    "project_commit_date": null,
    "additional": {},
    "number_of_files": 5,
    "number_of_classes_or_interfaces": 5,
    "number_of_methods": 12,
    "number_of_data_fields": 17,
    "number_of_method_parameters": 15
  },
  "detector": {
    "name": "data-clumps-doctor",
    "url": "https://github.com/NilsBaumgartner1994/data-clumps-doctor",
    "version": "0.1.100",
    "options": {
      "typeVariablesConsidered": false,
      "similarityModifierOfVariablesWithUnknownType": 0,
      "fieldsOfClassesWithUnknownHierarchyProbabilityModifier": 0,
      "sharedFieldsToFieldsAmountMinimum": 3,
      "analyseFieldsInClassesOrInterfacesInheritedFromSuperClassesOrInterfaces": false,
      "sharedParametersToParametersAmountMinimum": 3,
      "sharedParametersToFieldsAmountMinimum": 3,
      "methodsOfClassesOrInterfacesWithUnknownHierarchyProbabilityModifier": 0
    }
  },
  "data_clumps": {
    "parameters_to_parameters_data_clump-./Cliente-_UMWIACjQEDufCspHIHrHeg-_9J-GoCjREDufCspHIHrHeg-nomeemailsenha": {
      "type": "data_clump",
      "key": "parameters_to_parameters_data_clump-./Cliente-_UMWIACjQEDufCspHIHrHeg-_9J-GoCjREDufCspHIHrHeg-nomeemailsenha",
      "probability": 1,
      "from_file_path": "./Cliente",
      "from_class_or_interface_name": "Cliente",
      "from_class_or_interface_key": "_3xnMwCjPEDufCspHIHrHeg",
      "from_method_name": "registrarNome",
      "from_method_key": "_UMWIACjQEDufCspHIHrHeg",
      "to_file_path": "./Tecnico",
      "to_class_or_interface_name": "Tecnico",
      "to_class_or_interface_key": "_t1sEQCjREDufCspHIHrHeg",
      "to_method_name": "registrar",
      "to_method_key": "_9J-GoCjREDufCspHIHrHeg",
      "data_clump_type": "parameters_to_parameters_data_clump",
      "data_clump_data": {
        "_UuLpwCjQEDufCspHIHrHeg": {
          "key": "_UuLpwCjQEDufCspHIHrHeg",
          "name": "nome",
          "type": null,
          "probability": 1,
          "modifiers": [],
          "to_variable": {
            "key": "__KjeUCjREDufCspHIHrHeg",
            "name": "nome",
            "type": null,
            "modifiers": [],
            "position": {}
          },
          "position": {}
        },
        "_aw6BMCjQEDufCspHIHrHeg": {
          "key": "_aw6BMCjQEDufCspHIHrHeg",
          "name": "email",
          "type": null,
          "probability": 1,
          "modifiers": [],
          "to_variable": {
            "key": "_AwQ34CjSEDufCspHIHrHeg",
            "name": "email",
            "type": null,
            "modifiers": [],
            "position": {}
          },
          "position": {}
        },
        "_dhEbsCjQEDufCspHIHrHeg": {
          "key": "_dhEbsCjQEDufCspHIHrHeg",
          "name": "senha",
          "type": null,
          "probability": 1,
          "modifiers": [],
          "to_variable": {
            "key": "_G3oewCjSEDufCspHIHrHeg",
            "name": "senha",
            "type": null,
            "modifiers": [],
            "position": {}
          },
          "position": {}
        }
      }
    },
    "parameters_to_parameters_data_clump-./Tecnico-_9J-GoCjREDufCspHIHrHeg-_UMWIACjQEDufCspHIHrHeg-nomeemailsenha": {
      "type": "data_clump",
      "key": "parameters_to_parameters_data_clump-./Tecnico-_9J-GoCjREDufCspHIHrHeg-_UMWIACjQEDufCspHIHrHeg-nomeemailsenha",
      "probability": 1,
      "from_file_path": "./Tecnico",
      "from_class_or_interface_name": "Tecnico",
      "from_class_or_interface_key": "_t1sEQCjREDufCspHIHrHeg",
      "from_method_name": "registrar",
      "from_method_key": "_9J-GoCjREDufCspHIHrHeg",
      "to_file_path": "./Cliente",
      "to_class_or_interface_name": "Cliente",
      "to_class_or_interface_key": "_3xnMwCjPEDufCspHIHrHeg",
      "to_method_name": "registrarNome",
      "to_method_key": "_UMWIACjQEDufCspHIHrHeg",
      "data_clump_type": "parameters_to_parameters_data_clump",
      "data_clump_data": {
        "__KjeUCjREDufCspHIHrHeg": {
          "key": "__KjeUCjREDufCspHIHrHeg",
          "name": "nome",
          "type": null,
          "probability": 1,
          "modifiers": [],
          "to_variable": {
            "key": "_UuLpwCjQEDufCspHIHrHeg",
            "name": "nome",
            "type": null,
            "modifiers": [],
            "position": {}
          },
          "position": {}
        },
        "_AwQ34CjSEDufCspHIHrHeg": {
          "key": "_AwQ34CjSEDufCspHIHrHeg",
          "name": "email",
          "type": null,
          "probability": 1,
          "modifiers": [],
          "to_variable": {
            "key": "_aw6BMCjQEDufCspHIHrHeg",
            "name": "email",
            "type": null,
            "modifiers": [],
            "position": {}
          },
          "position": {}
        },
        "_G3oewCjSEDufCspHIHrHeg": {
          "key": "_G3oewCjSEDufCspHIHrHeg",
          "name": "senha",
          "type": null,
          "probability": 1,
          "modifiers": [],
          "to_variable": {
            "key": "_dhEbsCjQEDufCspHIHrHeg",
            "name": "senha",
            "type": null,
            "modifiers": [],
            "position": {}
          },
          "position": {}
        }
      }
    },
    "fields_to_fields_data_clump-./Cliente-_3xnMwCjPEDufCspHIHrHeg-_t1sEQCjREDufCspHIHrHeg-idnomeloginsenha": {
      "type": "data_clump",
      "key": "fields_to_fields_data_clump-./Cliente-_3xnMwCjPEDufCspHIHrHeg-_t1sEQCjREDufCspHIHrHeg-idnomeloginsenha",
      "probability": 1,
      "from_file_path": "./Cliente",
      "from_class_or_interface_name": "Cliente",
      "from_class_or_interface_key": "_3xnMwCjPEDufCspHIHrHeg",
      "from_method_name": null,
      "from_method_key": null,
      "to_file_path": "./Tecnico",
      "to_class_or_interface_key": "_t1sEQCjREDufCspHIHrHeg",
      "to_class_or_interface_name": "Cliente",
      "to_method_key": null,
      "to_method_name": null,
      "data_clump_type": "fields_to_fields_data_clump",
      "data_clump_data": {
        "_6hALMCjPEDufCspHIHrHeg": {
          "key": "_6hALMCjPEDufCspHIHrHeg",
          "name": "id",
          "type": null,
          "probability": 1,
          "modifiers": [
            "private"
          ],
          "to_variable": {
            "key": "_wkUNsCjREDufCspHIHrHeg",
            "name": "id",
            "type": null,
            "modifiers": [
              "private"
            ],
            "position": {}
          },
          "position": {}
        },
        "_7tInICjPEDufCspHIHrHeg": {
          "key": "_7tInICjPEDufCspHIHrHeg",
          "name": "nome",
          "type": null,
          "probability": 1,
          "modifiers": [
            "private"
          ],
          "to_variable": {
            "key": "_vUXBsCjREDufCspHIHrHeg",
            "name": "nome",
            "type": null,
            "modifiers": [
              "private"
            ],
            "position": {}
          },
          "position": {}
        },
        "_9-jQICjPEDufCspHIHrHeg": {
          "key": "_9-jQICjPEDufCspHIHrHeg",
          "name": "login",
          "type": null,
          "probability": 1,
          "modifiers": [
            "private"
          ],
          "to_variable": {
            "key": "_x0liwCjREDufCspHIHrHeg",
            "name": "login",
            "type": null,
            "modifiers": [
              "private"
            ],
            "position": {}
          },
          "position": {}
        },
        "_IMN-ACjQEDufCspHIHrHeg": {
          "key": "_IMN-ACjQEDufCspHIHrHeg",
          "name": "senha",
          "type": null,
          "probability": 1,
          "modifiers": [
            "private"
          ],
          "to_variable": {
            "key": "_zRu2MCjREDufCspHIHrHeg",
            "name": "senha",
            "type": null,
            "modifiers": [
              "private"
            ],
            "position": {}
          },
          "position": {}
        }
      }
    },
    "fields_to_fields_data_clump-./Tecnico-_t1sEQCjREDufCspHIHrHeg-_3xnMwCjPEDufCspHIHrHeg-nomeidloginsenha": {
      "type": "data_clump",
      "key": "fields_to_fields_data_clump-./Tecnico-_t1sEQCjREDufCspHIHrHeg-_3xnMwCjPEDufCspHIHrHeg-nomeidloginsenha",
      "probability": 1,
      "from_file_path": "./Tecnico",
      "from_class_or_interface_name": "Tecnico",
      "from_class_or_interface_key": "_t1sEQCjREDufCspHIHrHeg",
      "from_method_name": null,
      "from_method_key": null,
      "to_file_path": "./Cliente",
      "to_class_or_interface_key": "_3xnMwCjPEDufCspHIHrHeg",
      "to_class_or_interface_name": "Tecnico",
      "to_method_key": null,
      "to_method_name": null,
      "data_clump_type": "fields_to_fields_data_clump",
      "data_clump_data": {
        "_vUXBsCjREDufCspHIHrHeg": {
          "key": "_vUXBsCjREDufCspHIHrHeg",
          "name": "nome",
          "type": null,
          "probability": 1,
          "modifiers": [
            "private"
          ],
          "to_variable": {
            "key": "_7tInICjPEDufCspHIHrHeg",
            "name": "nome",
            "type": null,
            "modifiers": [
              "private"
            ],
            "position": {}
          },
          "position": {}
        },
        "_wkUNsCjREDufCspHIHrHeg": {
          "key": "_wkUNsCjREDufCspHIHrHeg",
          "name": "id",
          "type": null,
          "probability": 1,
          "modifiers": [
            "private"
          ],
          "to_variable": {
            "key": "_6hALMCjPEDufCspHIHrHeg",
            "name": "id",
            "type": null,
            "modifiers": [
              "private"
            ],
            "position": {}
          },
          "position": {}
        },
        "_x0liwCjREDufCspHIHrHeg": {
          "key": "_x0liwCjREDufCspHIHrHeg",
          "name": "login",
          "type": null,
          "probability": 1,
          "modifiers": [
            "private"
          ],
          "to_variable": {
            "key": "_9-jQICjPEDufCspHIHrHeg",
            "name": "login",
            "type": null,
            "modifiers": [
              "private"
            ],
            "position": {}
          },
          "position": {}
        },
        "_zRu2MCjREDufCspHIHrHeg": {
          "key": "_zRu2MCjREDufCspHIHrHeg",
          "name": "senha",
          "type": null,
          "probability": 1,
          "modifiers": [
            "private"
          ],
          "to_variable": {
            "key": "_IMN-ACjQEDufCspHIHrHeg",
            "name": "senha",
            "type": null,
            "modifiers": [
              "private"
            ],
            "position": {}
          },
          "position": {}
        }
      }
    }
  }
}