{
  "report_version": "unknown",
  "report_timestamp": "2025-03-26T23:04:11.852Z",
  "target_language": "java",
  "report_summary": {
    "additional": null,
    "amount_classes_or_interfaces_with_data_clumps": 1,
    "amount_files_with_data_clumps": 1,
    "amount_methods_with_data_clumps": 1,
    "fields_to_fields_data_clump": 0,
    "parameters_to_fields_data_clump": 1,
    "parameters_to_parameters_data_clump": 0,
    "amount_data_clumps": 1
  },
  "project_info": {
    "project_url": "unknown_project_url",
    "project_name": "_0j0AwGOvEeio56zSTH7puw",
    "project_version": "unknown_project_version",
    "project_commit_hash": "unknown",
    "project_tag": null,
    "project_commit_date": null,
    "additional": {},
    "number_of_files": 8,
    "number_of_classes_or_interfaces": 8,
    "number_of_methods": 4,
    "number_of_data_fields": 16,
    "number_of_method_parameters": 8
  },
  "detector": {
    "name": "data-clumps-doctor",
    "url": "https://github.com/NilsBaumgartner1994/data-clumps-doctor",
    "version": "0.1.100",
    "options": {
      "typeVariablesConsidered": false,
      "similarityModifierOfVariablesWithUnknownType": 0,
      "fieldsOfClassesWithUnknownHierarchyProbabilityModifier": 0,
      "sharedFieldsToFieldsAmountMinimum": 3,
      "analyseFieldsInClassesOrInterfacesInheritedFromSuperClassesOrInterfaces": false,
      "sharedParametersToParametersAmountMinimum": 3,
      "sharedParametersToFieldsAmountMinimum": 3,
      "methodsOfClassesOrInterfacesWithUnknownHierarchyProbabilityModifier": 0
    }
  },
  "data_clumps": {
    "parameters_to_fields_data_clump-./Persona-_oibw4UXfEDaYgut_Bg1aWA-_biKYgEXfEDaYgut_Bg1aWA-nombreapellidosbirthdaynacionalidad": {
      "type": "data_clump",
      "key": "parameters_to_fields_data_clump-./Persona-_oibw4UXfEDaYgut_Bg1aWA-_biKYgEXfEDaYgut_Bg1aWA-nombreapellidosbirthdaynacionalidad",
      "probability": 1,
      "from_file_path": "./Persona",
      "from_class_or_interface_name": "Persona",
      "from_class_or_interface_key": "_biKYgEXfEDaYgut_Bg1aWA",
      "from_method_name": "Persona",
      "from_method_key": "_oibw4UXfEDaYgut_Bg1aWA",
      "to_file_path": "./Persona",
      "to_class_or_interface_name": "Persona",
      "to_class_or_interface_key": "_biKYgEXfEDaYgut_Bg1aWA",
      "to_method_name": null,
      "to_method_key": null,
      "data_clump_type": "parameters_to_fields_data_clump",
      "data_clump_data": {
        "_InhyIEXtEDakTNS2yPYOIA": {
          "key": "_InhyIEXtEDakTNS2yPYOIA",
          "name": "nombre",
          "type": null,
          "probability": 1,
          "modifiers": [],
          "to_variable": {
            "key": "_czjH4EXfEDaYgut_Bg1aWA",
            "name": "nombre",
            "type": null,
            "modifiers": [
              "private"
            ],
            "position": {}
          },
          "position": {}
        },
        "_JDsJsEXtEDakTNS2yPYOIA": {
          "key": "_JDsJsEXtEDakTNS2yPYOIA",
          "name": "apellidos",
          "type": null,
          "probability": 1,
          "modifiers": [],
          "to_variable": {
            "key": "_d8Ze8UXiEDasqtTqFn0wpQ",
            "name": "apellidos",
            "type": null,
            "modifiers": [
              "private"
            ],
            "position": {}
          },
          "position": {}
        },
        "_JJ3DIEXtEDakTNS2yPYOIA": {
          "key": "_JJ3DIEXtEDakTNS2yPYOIA",
          "name": "birthday",
          "type": null,
          "probability": 1,
          "modifiers": [],
          "to_variable": {
            "key": "_xXwrcEXiEDasqtTqFn0wpQ",
            "name": "birthday",
            "type": null,
            "modifiers": [
              "private"
            ],
            "position": {}
          },
          "position": {}
        },
        "_JcLiMEXtEDakTNS2yPYOIA": {
          "key": "_JcLiMEXtEDakTNS2yPYOIA",
          "name": "nacionalidad",
          "type": null,
          "probability": 1,
          "modifiers": [],
          "to_variable": {
            "key": "_0aEl4UXiEDasqtTqFn0wpQ",
            "name": "nacionalidad",
            "type": null,
            "modifiers": [
              "private"
            ],
            "position": {}
          },
          "position": {}
        }
      }
    }
  }
}