{
  "report_version": "unknown",
  "report_timestamp": "2025-03-26T22:48:54.463Z",
  "target_language": "java",
  "report_summary": {
    "additional": null,
    "amount_classes_or_interfaces_with_data_clumps": 2,
    "amount_files_with_data_clumps": 2,
    "amount_methods_with_data_clumps": 0,
    "fields_to_fields_data_clump": 2,
    "parameters_to_fields_data_clump": 0,
    "parameters_to_parameters_data_clump": 0,
    "amount_data_clumps": 2
  },
  "project_info": {
    "project_url": "unknown_project_url",
    "project_name": "_iHbVMFoMEe2ck8ytUMEi6A",
    "project_version": "unknown_project_version",
    "project_commit_hash": "unknown",
    "project_tag": null,
    "project_commit_date": null,
    "additional": {},
    "number_of_files": 10,
    "number_of_classes_or_interfaces": 10,
    "number_of_methods": 0,
    "number_of_data_fields": 38,
    "number_of_method_parameters": 0
  },
  "detector": {
    "name": "data-clumps-doctor",
    "url": "https://github.com/NilsBaumgartner1994/data-clumps-doctor",
    "version": "0.1.100",
    "options": {
      "typeVariablesConsidered": false,
      "similarityModifierOfVariablesWithUnknownType": 0,
      "fieldsOfClassesWithUnknownHierarchyProbabilityModifier": 0,
      "sharedFieldsToFieldsAmountMinimum": 3,
      "analyseFieldsInClassesOrInterfacesInheritedFromSuperClassesOrInterfaces": false,
      "sharedParametersToParametersAmountMinimum": 3,
      "sharedParametersToFieldsAmountMinimum": 3,
      "methodsOfClassesOrInterfacesWithUnknownHierarchyProbabilityModifier": 0
    }
  },
  "data_clumps": {
    "fields_to_fields_data_clump-./Vlasnik-_3ISMoDw7EDu5P-Ib1EUBFg-_3MSwoDxAEDu5P-Ib1EUBFg-ImePrezimeJMBGGradKontakt": {
      "type": "data_clump",
      "key": "fields_to_fields_data_clump-./Vlasnik-_3ISMoDw7EDu5P-Ib1EUBFg-_3MSwoDxAEDu5P-Ib1EUBFg-ImePrezimeJMBGGradKontakt",
      "probability": 1,
      "from_file_path": "./Vlasnik",
      "from_class_or_interface_name": "Vlasnik",
      "from_class_or_interface_key": "_3ISMoDw7EDu5P-Ib1EUBFg",
      "from_method_name": null,
      "from_method_key": null,
      "to_file_path": "./Zaposleni",
      "to_class_or_interface_key": "_3MSwoDxAEDu5P-Ib1EUBFg",
      "to_class_or_interface_name": "Vlasnik",
      "to_method_key": null,
      "to_method_name": null,
      "data_clump_type": "fields_to_fields_data_clump",
      "data_clump_data": {
        "_5k6nIDw7EDu5P-Ib1EUBFg": {
          "key": "_5k6nIDw7EDu5P-Ib1EUBFg",
          "name": "Ime",
          "type": null,
          "probability": 1,
          "modifiers": [
            "private"
          ],
          "to_variable": {
            "key": "_4cvr4DxAEDu5P-Ib1EUBFg",
            "name": "Ime",
            "type": null,
            "modifiers": [
              "private"
            ],
            "position": {}
          },
          "position": {}
        },
        "_99QgYDw7EDu5P-Ib1EUBFg": {
          "key": "_99QgYDw7EDu5P-Ib1EUBFg",
          "name": "Prezime",
          "type": null,
          "probability": 1,
          "modifiers": [
            "private"
          ],
          "to_variable": {
            "key": "_5al0MDxAEDu5P-Ib1EUBFg",
            "name": "Prezime",
            "type": null,
            "modifiers": [
              "private"
            ],
            "position": {}
          },
          "position": {}
        },
        "_FdewkDw8EDu5P-Ib1EUBFg": {
          "key": "_FdewkDw8EDu5P-Ib1EUBFg",
          "name": "JMBG",
          "type": null,
          "probability": 1,
          "modifiers": [
            "private"
          ],
          "to_variable": {
            "key": "_9B1AoDxAEDu5P-Ib1EUBFg",
            "name": "JMBG",
            "type": null,
            "modifiers": [
              "private"
            ],
            "position": {}
          },
          "position": {}
        },
        "_RZQmEDw8EDu5P-Ib1EUBFg": {
          "key": "_RZQmEDw8EDu5P-Ib1EUBFg",
          "name": "Grad",
          "type": null,
          "probability": 1,
          "modifiers": [
            "private"
          ],
          "to_variable": {
            "key": "_-T_zIDxAEDu5P-Ib1EUBFg",
            "name": "Grad",
            "type": null,
            "modifiers": [
              "private"
            ],
            "position": {}
          },
          "position": {}
        },
        "_R_CMoDw8EDu5P-Ib1EUBFg": {
          "key": "_R_CMoDw8EDu5P-Ib1EUBFg",
          "name": "Kontakt",
          "type": null,
          "probability": 1,
          "modifiers": [
            "private"
          ],
          "to_variable": {
            "key": "_L-GLoDxBEDu5P-Ib1EUBFg",
            "name": "Kontakt",
            "type": null,
            "modifiers": [
              "private"
            ],
            "position": {}
          },
          "position": {}
        }
      }
    },
    "fields_to_fields_data_clump-./Zaposleni-_3MSwoDxAEDu5P-Ib1EUBFg-_3ISMoDw7EDu5P-Ib1EUBFg-ImePrezimeJMBGGradKontakt": {
      "type": "data_clump",
      "key": "fields_to_fields_data_clump-./Zaposleni-_3MSwoDxAEDu5P-Ib1EUBFg-_3ISMoDw7EDu5P-Ib1EUBFg-ImePrezimeJMBGGradKontakt",
      "probability": 1,
      "from_file_path": "./Zaposleni",
      "from_class_or_interface_name": "Zaposleni",
      "from_class_or_interface_key": "_3MSwoDxAEDu5P-Ib1EUBFg",
      "from_method_name": null,
      "from_method_key": null,
      "to_file_path": "./Vlasnik",
      "to_class_or_interface_key": "_3ISMoDw7EDu5P-Ib1EUBFg",
      "to_class_or_interface_name": "Zaposleni",
      "to_method_key": null,
      "to_method_name": null,
      "data_clump_type": "fields_to_fields_data_clump",
      "data_clump_data": {
        "_4cvr4DxAEDu5P-Ib1EUBFg": {
          "key": "_4cvr4DxAEDu5P-Ib1EUBFg",
          "name": "Ime",
          "type": null,
          "probability": 1,
          "modifiers": [
            "private"
          ],
          "to_variable": {
            "key": "_5k6nIDw7EDu5P-Ib1EUBFg",
            "name": "Ime",
            "type": null,
            "modifiers": [
              "private"
            ],
            "position": {}
          },
          "position": {}
        },
        "_5al0MDxAEDu5P-Ib1EUBFg": {
          "key": "_5al0MDxAEDu5P-Ib1EUBFg",
          "name": "Prezime",
          "type": null,
          "probability": 1,
          "modifiers": [
            "private"
          ],
          "to_variable": {
            "key": "_99QgYDw7EDu5P-Ib1EUBFg",
            "name": "Prezime",
            "type": null,
            "modifiers": [
              "private"
            ],
            "position": {}
          },
          "position": {}
        },
        "_9B1AoDxAEDu5P-Ib1EUBFg": {
          "key": "_9B1AoDxAEDu5P-Ib1EUBFg",
          "name": "JMBG",
          "type": null,
          "probability": 1,
          "modifiers": [
            "private"
          ],
          "to_variable": {
            "key": "_FdewkDw8EDu5P-Ib1EUBFg",
            "name": "JMBG",
            "type": null,
            "modifiers": [
              "private"
            ],
            "position": {}
          },
          "position": {}
        },
        "_-T_zIDxAEDu5P-Ib1EUBFg": {
          "key": "_-T_zIDxAEDu5P-Ib1EUBFg",
          "name": "Grad",
          "type": null,
          "probability": 1,
          "modifiers": [
            "private"
          ],
          "to_variable": {
            "key": "_RZQmEDw8EDu5P-Ib1EUBFg",
            "name": "Grad",
            "type": null,
            "modifiers": [
              "private"
            ],
            "position": {}
          },
          "position": {}
        },
        "_L-GLoDxBEDu5P-Ib1EUBFg": {
          "key": "_L-GLoDxBEDu5P-Ib1EUBFg",
          "name": "Kontakt",
          "type": null,
          "probability": 1,
          "modifiers": [
            "private"
          ],
          "to_variable": {
            "key": "_R_CMoDw8EDu5P-Ib1EUBFg",
            "name": "Kontakt",
            "type": null,
            "modifiers": [
              "private"
            ],
            "position": {}
          },
          "position": {}
        }
      }
    }
  }
}