{
  "report_version": "unknown",
  "report_timestamp": "2025-03-26T22:42:07.997Z",
  "target_language": "java",
  "report_summary": {
    "additional": null,
    "amount_classes_or_interfaces_with_data_clumps": 4,
    "amount_files_with_data_clumps": 4,
    "amount_methods_with_data_clumps": 0,
    "fields_to_fields_data_clump": 4,
    "parameters_to_fields_data_clump": 0,
    "parameters_to_parameters_data_clump": 0,
    "amount_data_clumps": 4
  },
  "project_info": {
    "project_url": "unknown_project_url",
    "project_name": "76850e11-3abf-49b4-bfb3-e280d8429e23",
    "project_version": "unknown_project_version",
    "project_commit_hash": "unknown",
    "project_tag": null,
    "project_commit_date": null,
    "additional": {},
    "number_of_files": 15,
    "number_of_classes_or_interfaces": 15,
    "number_of_methods": 0,
    "number_of_data_fields": 50,
    "number_of_method_parameters": 0
  },
  "detector": {
    "name": "data-clumps-doctor",
    "url": "https://github.com/NilsBaumgartner1994/data-clumps-doctor",
    "version": "0.1.100",
    "options": {
      "typeVariablesConsidered": false,
      "similarityModifierOfVariablesWithUnknownType": 0,
      "fieldsOfClassesWithUnknownHierarchyProbabilityModifier": 0,
      "sharedFieldsToFieldsAmountMinimum": 3,
      "analyseFieldsInClassesOrInterfacesInheritedFromSuperClassesOrInterfaces": false,
      "sharedParametersToParametersAmountMinimum": 3,
      "sharedParametersToFieldsAmountMinimum": 3,
      "methodsOfClassesOrInterfacesWithUnknownHierarchyProbabilityModifier": 0
    }
  },
  "data_clumps": {
    "fields_to_fields_data_clump-./Adquiriente-_kaDGAOXdEDSHBLU1s-cRNA-_inXncOXdEDSHBLU1s-cRNA-idrazonSocialnitregimen": {
      "type": "data_clump",
      "key": "fields_to_fields_data_clump-./Adquiriente-_kaDGAOXdEDSHBLU1s-cRNA-_inXncOXdEDSHBLU1s-cRNA-idrazonSocialnitregimen",
      "probability": 1,
      "from_file_path": "./Adquiriente",
      "from_class_or_interface_name": "Adquiriente",
      "from_class_or_interface_key": "_kaDGAOXdEDSHBLU1s-cRNA",
      "from_method_name": null,
      "from_method_key": null,
      "to_file_path": "./Obligado",
      "to_class_or_interface_key": "_inXncOXdEDSHBLU1s-cRNA",
      "to_class_or_interface_name": "Adquiriente",
      "to_method_key": null,
      "to_method_name": null,
      "data_clump_type": "fields_to_fields_data_clump",
      "data_clump_data": {
        "_uym1QOXdEDSHBLU1s-cRNA": {
          "key": "_uym1QOXdEDSHBLU1s-cRNA",
          "name": "id",
          "type": null,
          "probability": 1,
          "modifiers": [
            "private"
          ],
          "to_variable": {
            "key": "_nOu0IOXdEDSHBLU1s-cRNA",
            "name": "id",
            "type": null,
            "modifiers": [
              "private"
            ],
            "position": {}
          },
          "position": {}
        },
        "_v2wZ4OXdEDSHBLU1s-cRNA": {
          "key": "_v2wZ4OXdEDSHBLU1s-cRNA",
          "name": "razonSocial",
          "type": null,
          "probability": 1,
          "modifiers": [
            "private"
          ],
          "to_variable": {
            "key": "_oRmmYOXdEDSHBLU1s-cRNA",
            "name": "razonSocial",
            "type": null,
            "modifiers": [
              "private"
            ],
            "position": {}
          },
          "position": {}
        },
        "_xMcacOXdEDSHBLU1s-cRNA": {
          "key": "_xMcacOXdEDSHBLU1s-cRNA",
          "name": "nit",
          "type": null,
          "probability": 1,
          "modifiers": [
            "private"
          ],
          "to_variable": {
            "key": "_pxnAkOXdEDSHBLU1s-cRNA",
            "name": "nit",
            "type": null,
            "modifiers": [
              "private"
            ],
            "position": {}
          },
          "position": {}
        },
        "_yCuiMOXdEDSHBLU1s-cRNA": {
          "key": "_yCuiMOXdEDSHBLU1s-cRNA",
          "name": "regimen",
          "type": null,
          "probability": 1,
          "modifiers": [
            "private"
          ],
          "to_variable": {
            "key": "_sLGAcOXdEDSHBLU1s-cRNA",
            "name": "regimen",
            "type": null,
            "modifiers": [
              "private"
            ],
            "position": {}
          },
          "position": {}
        }
      }
    },
    "fields_to_fields_data_clump-./Obligado-_inXncOXdEDSHBLU1s-cRNA-_kaDGAOXdEDSHBLU1s-cRNA-idrazonSocialnitregimen": {
      "type": "data_clump",
      "key": "fields_to_fields_data_clump-./Obligado-_inXncOXdEDSHBLU1s-cRNA-_kaDGAOXdEDSHBLU1s-cRNA-idrazonSocialnitregimen",
      "probability": 1,
      "from_file_path": "./Obligado",
      "from_class_or_interface_name": "Obligado",
      "from_class_or_interface_key": "_inXncOXdEDSHBLU1s-cRNA",
      "from_method_name": null,
      "from_method_key": null,
      "to_file_path": "./Adquiriente",
      "to_class_or_interface_key": "_kaDGAOXdEDSHBLU1s-cRNA",
      "to_class_or_interface_name": "Obligado",
      "to_method_key": null,
      "to_method_name": null,
      "data_clump_type": "fields_to_fields_data_clump",
      "data_clump_data": {
        "_nOu0IOXdEDSHBLU1s-cRNA": {
          "key": "_nOu0IOXdEDSHBLU1s-cRNA",
          "name": "id",
          "type": null,
          "probability": 1,
          "modifiers": [
            "private"
          ],
          "to_variable": {
            "key": "_uym1QOXdEDSHBLU1s-cRNA",
            "name": "id",
            "type": null,
            "modifiers": [
              "private"
            ],
            "position": {}
          },
          "position": {}
        },
        "_oRmmYOXdEDSHBLU1s-cRNA": {
          "key": "_oRmmYOXdEDSHBLU1s-cRNA",
          "name": "razonSocial",
          "type": null,
          "probability": 1,
          "modifiers": [
            "private"
          ],
          "to_variable": {
            "key": "_v2wZ4OXdEDSHBLU1s-cRNA",
            "name": "razonSocial",
            "type": null,
            "modifiers": [
              "private"
            ],
            "position": {}
          },
          "position": {}
        },
        "_pxnAkOXdEDSHBLU1s-cRNA": {
          "key": "_pxnAkOXdEDSHBLU1s-cRNA",
          "name": "nit",
          "type": null,
          "probability": 1,
          "modifiers": [
            "private"
          ],
          "to_variable": {
            "key": "_xMcacOXdEDSHBLU1s-cRNA",
            "name": "nit",
            "type": null,
            "modifiers": [
              "private"
            ],
            "position": {}
          },
          "position": {}
        },
        "_sLGAcOXdEDSHBLU1s-cRNA": {
          "key": "_sLGAcOXdEDSHBLU1s-cRNA",
          "name": "regimen",
          "type": null,
          "probability": 1,
          "modifiers": [
            "private"
          ],
          "to_variable": {
            "key": "_yCuiMOXdEDSHBLU1s-cRNA",
            "name": "regimen",
            "type": null,
            "modifiers": [
              "private"
            ],
            "position": {}
          },
          "position": {}
        }
      }
    },
    "fields_to_fields_data_clump-./OperadorEmisor-_iHXxYOXgEDSHBLU1s-cRNA-_ZQ9fcOXiEDSHBLU1s-cRNA-idnombreautorizacionDian": {
      "type": "data_clump",
      "key": "fields_to_fields_data_clump-./OperadorEmisor-_iHXxYOXgEDSHBLU1s-cRNA-_ZQ9fcOXiEDSHBLU1s-cRNA-idnombreautorizacionDian",
      "probability": 1,
      "from_file_path": "./OperadorEmisor",
      "from_class_or_interface_name": "OperadorEmisor",
      "from_class_or_interface_key": "_iHXxYOXgEDSHBLU1s-cRNA",
      "from_method_name": null,
      "from_method_key": null,
      "to_file_path": "./OperadorReceptor",
      "to_class_or_interface_key": "_ZQ9fcOXiEDSHBLU1s-cRNA",
      "to_class_or_interface_name": "OperadorEmisor",
      "to_method_key": null,
      "to_method_name": null,
      "data_clump_type": "fields_to_fields_data_clump",
      "data_clump_data": {
        "_jrLGcOXgEDSHBLU1s-cRNA": {
          "key": "_jrLGcOXgEDSHBLU1s-cRNA",
          "name": "id",
          "type": null,
          "probability": 1,
          "modifiers": [
            "private"
          ],
          "to_variable": {
            "key": "_dYxCUOXiEDSHBLU1s-cRNA",
            "name": "id",
            "type": null,
            "modifiers": [
              "private"
            ],
            "position": {}
          },
          "position": {}
        },
        "_kitLYOXgEDSHBLU1s-cRNA": {
          "key": "_kitLYOXgEDSHBLU1s-cRNA",
          "name": "nombre",
          "type": null,
          "probability": 1,
          "modifiers": [
            "private"
          ],
          "to_variable": {
            "key": "_e7yUQOXiEDSHBLU1s-cRNA",
            "name": "nombre",
            "type": null,
            "modifiers": [
              "private"
            ],
            "position": {}
          },
          "position": {}
        },
        "_lwLrIOXgEDSHBLU1s-cRNA": {
          "key": "_lwLrIOXgEDSHBLU1s-cRNA",
          "name": "autorizacionDian",
          "type": null,
          "probability": 1,
          "modifiers": [
            "private"
          ],
          "to_variable": {
            "key": "_f_WqEOXiEDSHBLU1s-cRNA",
            "name": "autorizacionDian",
            "type": null,
            "modifiers": [
              "private"
            ],
            "position": {}
          },
          "position": {}
        }
      }
    },
    "fields_to_fields_data_clump-./OperadorReceptor-_ZQ9fcOXiEDSHBLU1s-cRNA-_iHXxYOXgEDSHBLU1s-cRNA-idnombreautorizacionDian": {
      "type": "data_clump",
      "key": "fields_to_fields_data_clump-./OperadorReceptor-_ZQ9fcOXiEDSHBLU1s-cRNA-_iHXxYOXgEDSHBLU1s-cRNA-idnombreautorizacionDian",
      "probability": 1,
      "from_file_path": "./OperadorReceptor",
      "from_class_or_interface_name": "OperadorReceptor",
      "from_class_or_interface_key": "_ZQ9fcOXiEDSHBLU1s-cRNA",
      "from_method_name": null,
      "from_method_key": null,
      "to_file_path": "./OperadorEmisor",
      "to_class_or_interface_key": "_iHXxYOXgEDSHBLU1s-cRNA",
      "to_class_or_interface_name": "OperadorReceptor",
      "to_method_key": null,
      "to_method_name": null,
      "data_clump_type": "fields_to_fields_data_clump",
      "data_clump_data": {
        "_dYxCUOXiEDSHBLU1s-cRNA": {
          "key": "_dYxCUOXiEDSHBLU1s-cRNA",
          "name": "id",
          "type": null,
          "probability": 1,
          "modifiers": [
            "private"
          ],
          "to_variable": {
            "key": "_jrLGcOXgEDSHBLU1s-cRNA",
            "name": "id",
            "type": null,
            "modifiers": [
              "private"
            ],
            "position": {}
          },
          "position": {}
        },
        "_e7yUQOXiEDSHBLU1s-cRNA": {
          "key": "_e7yUQOXiEDSHBLU1s-cRNA",
          "name": "nombre",
          "type": null,
          "probability": 1,
          "modifiers": [
            "private"
          ],
          "to_variable": {
            "key": "_kitLYOXgEDSHBLU1s-cRNA",
            "name": "nombre",
            "type": null,
            "modifiers": [
              "private"
            ],
            "position": {}
          },
          "position": {}
        },
        "_f_WqEOXiEDSHBLU1s-cRNA": {
          "key": "_f_WqEOXiEDSHBLU1s-cRNA",
          "name": "autorizacionDian",
          "type": null,
          "probability": 1,
          "modifiers": [
            "private"
          ],
          "to_variable": {
            "key": "_lwLrIOXgEDSHBLU1s-cRNA",
            "name": "autorizacionDian",
            "type": null,
            "modifiers": [
              "private"
            ],
            "position": {}
          },
          "position": {}
        }
      }
    }
  }
}