{
  "report_version": "unknown",
  "report_timestamp": "2025-03-26T22:25:20.189Z",
  "target_language": "java",
  "report_summary": {
    "additional": null,
    "amount_classes_or_interfaces_with_data_clumps": 2,
    "amount_files_with_data_clumps": 2,
    "amount_methods_with_data_clumps": 0,
    "fields_to_fields_data_clump": 2,
    "parameters_to_fields_data_clump": 0,
    "parameters_to_parameters_data_clump": 0,
    "amount_data_clumps": 2
  },
  "project_info": {
    "project_url": "unknown_project_url",
    "project_name": "6a1972d7-f804-4030-8561-3f48d00dc4ec",
    "project_version": "unknown_project_version",
    "project_commit_hash": "unknown",
    "project_tag": null,
    "project_commit_date": null,
    "additional": {},
    "number_of_files": 22,
    "number_of_classes_or_interfaces": 22,
    "number_of_methods": 0,
    "number_of_data_fields": 6,
    "number_of_method_parameters": 0
  },
  "detector": {
    "name": "data-clumps-doctor",
    "url": "https://github.com/NilsBaumgartner1994/data-clumps-doctor",
    "version": "0.1.100",
    "options": {
      "typeVariablesConsidered": false,
      "similarityModifierOfVariablesWithUnknownType": 0,
      "fieldsOfClassesWithUnknownHierarchyProbabilityModifier": 0,
      "sharedFieldsToFieldsAmountMinimum": 3,
      "analyseFieldsInClassesOrInterfacesInheritedFromSuperClassesOrInterfaces": false,
      "sharedParametersToParametersAmountMinimum": 3,
      "sharedParametersToFieldsAmountMinimum": 3,
      "methodsOfClassesOrInterfacesWithUnknownHierarchyProbabilityModifier": 0
    }
  },
  "data_clumps": {
    "fields_to_fields_data_clump-./Class17-_uj7aUGcdEeKLcsEXbJ0TrA-_uj8ocGcdEeKLcsEXbJ0TrA-attributeattribute2attribute3": {
      "type": "data_clump",
      "key": "fields_to_fields_data_clump-./Class17-_uj7aUGcdEeKLcsEXbJ0TrA-_uj8ocGcdEeKLcsEXbJ0TrA-attributeattribute2attribute3",
      "probability": 1,
      "from_file_path": "./Class17",
      "from_class_or_interface_name": "Class17",
      "from_class_or_interface_key": "_uj7aUGcdEeKLcsEXbJ0TrA",
      "from_method_name": null,
      "from_method_key": null,
      "to_file_path": "./Class18",
      "to_class_or_interface_key": "_uj8ocGcdEeKLcsEXbJ0TrA",
      "to_class_or_interface_name": "Class17",
      "to_method_key": null,
      "to_method_name": null,
      "data_clump_type": "fields_to_fields_data_clump",
      "data_clump_data": {
        "_uj7aUWcdEeKLcsEXbJ0TrA": {
          "key": "_uj7aUWcdEeKLcsEXbJ0TrA",
          "name": "attribute",
          "type": null,
          "probability": 1,
          "modifiers": [],
          "to_variable": {
            "key": "_uj8ocWcdEeKLcsEXbJ0TrA",
            "name": "attribute",
            "type": null,
            "modifiers": [],
            "position": {}
          },
          "position": {}
        },
        "_uj8BYGcdEeKLcsEXbJ0TrA": {
          "key": "_uj8BYGcdEeKLcsEXbJ0TrA",
          "name": "attribute2",
          "type": null,
          "probability": 1,
          "modifiers": [],
          "to_variable": {
            "key": "_uj9PgGcdEeKLcsEXbJ0TrA",
            "name": "attribute2",
            "type": null,
            "modifiers": [],
            "position": {}
          },
          "position": {}
        },
        "_uj8BYWcdEeKLcsEXbJ0TrA": {
          "key": "_uj8BYWcdEeKLcsEXbJ0TrA",
          "name": "attribute3",
          "type": null,
          "probability": 1,
          "modifiers": [],
          "to_variable": {
            "key": "_uj9PgWcdEeKLcsEXbJ0TrA",
            "name": "attribute3",
            "type": null,
            "modifiers": [],
            "position": {}
          },
          "position": {}
        }
      }
    },
    "fields_to_fields_data_clump-./Class18-_uj8ocGcdEeKLcsEXbJ0TrA-_uj7aUGcdEeKLcsEXbJ0TrA-attributeattribute2attribute3": {
      "type": "data_clump",
      "key": "fields_to_fields_data_clump-./Class18-_uj8ocGcdEeKLcsEXbJ0TrA-_uj7aUGcdEeKLcsEXbJ0TrA-attributeattribute2attribute3",
      "probability": 1,
      "from_file_path": "./Class18",
      "from_class_or_interface_name": "Class18",
      "from_class_or_interface_key": "_uj8ocGcdEeKLcsEXbJ0TrA",
      "from_method_name": null,
      "from_method_key": null,
      "to_file_path": "./Class17",
      "to_class_or_interface_key": "_uj7aUGcdEeKLcsEXbJ0TrA",
      "to_class_or_interface_name": "Class18",
      "to_method_key": null,
      "to_method_name": null,
      "data_clump_type": "fields_to_fields_data_clump",
      "data_clump_data": {
        "_uj8ocWcdEeKLcsEXbJ0TrA": {
          "key": "_uj8ocWcdEeKLcsEXbJ0TrA",
          "name": "attribute",
          "type": null,
          "probability": 1,
          "modifiers": [],
          "to_variable": {
            "key": "_uj7aUWcdEeKLcsEXbJ0TrA",
            "name": "attribute",
            "type": null,
            "modifiers": [],
            "position": {}
          },
          "position": {}
        },
        "_uj9PgGcdEeKLcsEXbJ0TrA": {
          "key": "_uj9PgGcdEeKLcsEXbJ0TrA",
          "name": "attribute2",
          "type": null,
          "probability": 1,
          "modifiers": [],
          "to_variable": {
            "key": "_uj8BYGcdEeKLcsEXbJ0TrA",
            "name": "attribute2",
            "type": null,
            "modifiers": [],
            "position": {}
          },
          "position": {}
        },
        "_uj9PgWcdEeKLcsEXbJ0TrA": {
          "key": "_uj9PgWcdEeKLcsEXbJ0TrA",
          "name": "attribute3",
          "type": null,
          "probability": 1,
          "modifiers": [],
          "to_variable": {
            "key": "_uj8BYWcdEeKLcsEXbJ0TrA",
            "name": "attribute3",
            "type": null,
            "modifiers": [],
            "position": {}
          },
          "position": {}
        }
      }
    }
  }
}