{
  "report_version": "unknown",
  "report_timestamp": "2025-03-26T23:00:38.655Z",
  "target_language": "java",
  "report_summary": {
    "additional": null,
    "amount_classes_or_interfaces_with_data_clumps": 4,
    "amount_files_with_data_clumps": 4,
    "amount_methods_with_data_clumps": 6,
    "fields_to_fields_data_clump": 0,
    "parameters_to_fields_data_clump": 0,
    "parameters_to_parameters_data_clump": 30,
    "amount_data_clumps": 30
  },
  "project_info": {
    "project_url": "unknown_project_url",
    "project_name": "7f131509-c254-497e-bb8e-fa2a082a944e",
    "project_version": "unknown_project_version",
    "project_commit_hash": "unknown",
    "project_tag": null,
    "project_commit_date": null,
    "additional": {},
    "number_of_files": 12,
    "number_of_classes_or_interfaces": 12,
    "number_of_methods": 93,
    "number_of_data_fields": 47,
    "number_of_method_parameters": 58
  },
  "detector": {
    "name": "data-clumps-doctor",
    "url": "https://github.com/NilsBaumgartner1994/data-clumps-doctor",
    "version": "0.1.100",
    "options": {
      "typeVariablesConsidered": false,
      "similarityModifierOfVariablesWithUnknownType": 0,
      "fieldsOfClassesWithUnknownHierarchyProbabilityModifier": 0,
      "sharedFieldsToFieldsAmountMinimum": 3,
      "analyseFieldsInClassesOrInterfacesInheritedFromSuperClassesOrInterfaces": false,
      "sharedParametersToParametersAmountMinimum": 3,
      "sharedParametersToFieldsAmountMinimum": 3,
      "methodsOfClassesOrInterfacesWithUnknownHierarchyProbabilityModifier": 0
    }
  },
  "data_clumps": {
    "parameters_to_parameters_data_clump-./Cell-_BIqvsDm_EDa2Mv8JiweNng-_cBC1cDnBEDa2Mv8JiweNng-parameterparameter2parameter3": {
      "type": "data_clump",
      "key": "parameters_to_parameters_data_clump-./Cell-_BIqvsDm_EDa2Mv8JiweNng-_cBC1cDnBEDa2Mv8JiweNng-parameterparameter2parameter3",
      "probability": 1,
      "from_file_path": "./Cell",
      "from_class_or_interface_name": "Cell",
      "from_class_or_interface_key": "_bI22AB4yEDaqy8dz06hYVA",
      "from_method_name": "Cell",
      "from_method_key": "_BIqvsDm_EDa2Mv8JiweNng",
      "to_file_path": "./FModel",
      "to_class_or_interface_name": "FModel",
      "to_class_or_interface_key": "_rTWnUB41EDaqy8dz06hYVA",
      "to_method_name": "validate",
      "to_method_key": "_cBC1cDnBEDa2Mv8JiweNng",
      "data_clump_type": "parameters_to_parameters_data_clump",
      "data_clump_data": {
        "_CA1GwDm_EDa2Mv8JiweNng": {
          "key": "_CA1GwDm_EDa2Mv8JiweNng",
          "name": "parameter",
          "type": null,
          "probability": 1,
          "modifiers": [],
          "to_variable": {
            "key": "_dWpWcDnBEDa2Mv8JiweNng",
            "name": "parameter",
            "type": null,
            "modifiers": [],
            "position": {}
          },
          "position": {}
        },
        "_C22IwDm_EDa2Mv8JiweNng": {
          "key": "_C22IwDm_EDa2Mv8JiweNng",
          "name": "parameter2",
          "type": null,
          "probability": 1,
          "modifiers": [],
          "to_variable": {
            "key": "_eExAsDnBEDa2Mv8JiweNng",
            "name": "parameter2",
            "type": null,
            "modifiers": [],
            "position": {}
          },
          "position": {}
        },
        "_D6ZQcDm_EDa2Mv8JiweNng": {
          "key": "_D6ZQcDm_EDa2Mv8JiweNng",
          "name": "parameter3",
          "type": null,
          "probability": 1,
          "modifiers": [],
          "to_variable": {
            "key": "_ewDZYDnBEDa2Mv8JiweNng",
            "name": "parameter3",
            "type": null,
            "modifiers": [],
            "position": {}
          },
          "position": {}
        }
      }
    },
    "parameters_to_parameters_data_clump-./Cell-_BIqvsDm_EDa2Mv8JiweNng-_g-OhIDnBEDa2Mv8JiweNng-parameterparameter2parameter3": {
      "type": "data_clump",
      "key": "parameters_to_parameters_data_clump-./Cell-_BIqvsDm_EDa2Mv8JiweNng-_g-OhIDnBEDa2Mv8JiweNng-parameterparameter2parameter3",
      "probability": 1,
      "from_file_path": "./Cell",
      "from_class_or_interface_name": "Cell",
      "from_class_or_interface_key": "_bI22AB4yEDaqy8dz06hYVA",
      "from_method_name": "Cell",
      "from_method_key": "_BIqvsDm_EDa2Mv8JiweNng",
      "to_file_path": "./FModel",
      "to_class_or_interface_name": "FModel",
      "to_class_or_interface_key": "_rTWnUB41EDaqy8dz06hYVA",
      "to_method_name": "teleportPlayer",
      "to_method_key": "_g-OhIDnBEDa2Mv8JiweNng",
      "data_clump_type": "parameters_to_parameters_data_clump",
      "data_clump_data": {
        "_CA1GwDm_EDa2Mv8JiweNng": {
          "key": "_CA1GwDm_EDa2Mv8JiweNng",
          "name": "parameter",
          "type": null,
          "probability": 1,
          "modifiers": [],
          "to_variable": {
            "key": "_irdfADnBEDa2Mv8JiweNng",
            "name": "parameter",
            "type": null,
            "modifiers": [],
            "position": {}
          },
          "position": {}
        },
        "_C22IwDm_EDa2Mv8JiweNng": {
          "key": "_C22IwDm_EDa2Mv8JiweNng",
          "name": "parameter2",
          "type": null,
          "probability": 1,
          "modifiers": [],
          "to_variable": {
            "key": "_jf_TQDnBEDa2Mv8JiweNng",
            "name": "parameter2",
            "type": null,
            "modifiers": [],
            "position": {}
          },
          "position": {}
        },
        "_D6ZQcDm_EDa2Mv8JiweNng": {
          "key": "_D6ZQcDm_EDa2Mv8JiweNng",
          "name": "parameter3",
          "type": null,
          "probability": 1,
          "modifiers": [],
          "to_variable": {
            "key": "_kXxP0DnBEDa2Mv8JiweNng",
            "name": "parameter3",
            "type": null,
            "modifiers": [],
            "position": {}
          },
          "position": {}
        }
      }
    },
    "parameters_to_parameters_data_clump-./Cell-_BIqvsDm_EDa2Mv8JiweNng-_bUaLMDm8EDa2Mv8JiweNng-parameterparameter2parameter3": {
      "type": "data_clump",
      "key": "parameters_to_parameters_data_clump-./Cell-_BIqvsDm_EDa2Mv8JiweNng-_bUaLMDm8EDa2Mv8JiweNng-parameterparameter2parameter3",
      "probability": 1,
      "from_file_path": "./Cell",
      "from_class_or_interface_name": "Cell",
      "from_class_or_interface_key": "_bI22AB4yEDaqy8dz06hYVA",
      "from_method_name": "Cell",
      "from_method_key": "_BIqvsDm_EDa2Mv8JiweNng",
      "to_file_path": "./Player",
      "to_class_or_interface_name": "Player",
      "to_class_or_interface_key": "_Xf07wTm7EDa2Mv8JiweNng",
      "to_method_name": "Player",
      "to_method_key": "_bUaLMDm8EDa2Mv8JiweNng",
      "data_clump_type": "parameters_to_parameters_data_clump",
      "data_clump_data": {
        "_CA1GwDm_EDa2Mv8JiweNng": {
          "key": "_CA1GwDm_EDa2Mv8JiweNng",
          "name": "parameter",
          "type": null,
          "probability": 1,
          "modifiers": [],
          "to_variable": {
            "key": "_cyQpQDm8EDa2Mv8JiweNng",
            "name": "parameter",
            "type": null,
            "modifiers": [],
            "position": {}
          },
          "position": {}
        },
        "_C22IwDm_EDa2Mv8JiweNng": {
          "key": "_C22IwDm_EDa2Mv8JiweNng",
          "name": "parameter2",
          "type": null,
          "probability": 1,
          "modifiers": [],
          "to_variable": {
            "key": "_dgbW0Dm8EDa2Mv8JiweNng",
            "name": "parameter2",
            "type": null,
            "modifiers": [],
            "position": {}
          },
          "position": {}
        },
        "_D6ZQcDm_EDa2Mv8JiweNng": {
          "key": "_D6ZQcDm_EDa2Mv8JiweNng",
          "name": "parameter3",
          "type": null,
          "probability": 1,
          "modifiers": [],
          "to_variable": {
            "key": "_eKeZYDm8EDa2Mv8JiweNng",
            "name": "parameter3",
            "type": null,
            "modifiers": [],
            "position": {}
          },
          "position": {}
        }
      }
    },
    "parameters_to_parameters_data_clump-./Cell-_BIqvsDm_EDa2Mv8JiweNng-_2rzksDm9EDa2Mv8JiweNng-parameterparameter2parameter3": {
      "type": "data_clump",
      "key": "parameters_to_parameters_data_clump-./Cell-_BIqvsDm_EDa2Mv8JiweNng-_2rzksDm9EDa2Mv8JiweNng-parameterparameter2parameter3",
      "probability": 1,
      "from_file_path": "./Cell",
      "from_class_or_interface_name": "Cell",
      "from_class_or_interface_key": "_bI22AB4yEDaqy8dz06hYVA",
      "from_method_name": "Cell",
      "from_method_key": "_BIqvsDm_EDa2Mv8JiweNng",
      "to_file_path": "./ViewGrid",
      "to_class_or_interface_name": "ViewGrid",
      "to_class_or_interface_key": "_I67u8Dm7EDa2Mv8JiweNng",
      "to_method_name": "paint",
      "to_method_key": "_2rzksDm9EDa2Mv8JiweNng",
      "data_clump_type": "parameters_to_parameters_data_clump",
      "data_clump_data": {
        "_CA1GwDm_EDa2Mv8JiweNng": {
          "key": "_CA1GwDm_EDa2Mv8JiweNng",
          "name": "parameter",
          "type": null,
          "probability": 1,
          "modifiers": [],
          "to_variable": {
            "key": "_3p6ywDm9EDa2Mv8JiweNng",
            "name": "parameter",
            "type": null,
            "modifiers": [],
            "position": {}
          },
          "position": {}
        },
        "_C22IwDm_EDa2Mv8JiweNng": {
          "key": "_C22IwDm_EDa2Mv8JiweNng",
          "name": "parameter2",
          "type": null,
          "probability": 1,
          "modifiers": [],
          "to_variable": {
            "key": "_4cT5ADm9EDa2Mv8JiweNng",
            "name": "parameter2",
            "type": null,
            "modifiers": [],
            "position": {}
          },
          "position": {}
        },
        "_D6ZQcDm_EDa2Mv8JiweNng": {
          "key": "_D6ZQcDm_EDa2Mv8JiweNng",
          "name": "parameter3",
          "type": null,
          "probability": 1,
          "modifiers": [],
          "to_variable": {
            "key": "_5Kl7UDm9EDa2Mv8JiweNng",
            "name": "parameter3",
            "type": null,
            "modifiers": [],
            "position": {}
          },
          "position": {}
        }
      }
    },
    "parameters_to_parameters_data_clump-./Cell-_BIqvsDm_EDa2Mv8JiweNng-_8kgdcDm9EDa2Mv8JiweNng-parameterparameter2parameter3": {
      "type": "data_clump",
      "key": "parameters_to_parameters_data_clump-./Cell-_BIqvsDm_EDa2Mv8JiweNng-_8kgdcDm9EDa2Mv8JiweNng-parameterparameter2parameter3",
      "probability": 1,
      "from_file_path": "./Cell",
      "from_class_or_interface_name": "Cell",
      "from_class_or_interface_key": "_bI22AB4yEDaqy8dz06hYVA",
      "from_method_name": "Cell",
      "from_method_key": "_BIqvsDm_EDa2Mv8JiweNng",
      "to_file_path": "./ViewGrid",
      "to_class_or_interface_name": "ViewGrid",
      "to_class_or_interface_key": "_I67u8Dm7EDa2Mv8JiweNng",
      "to_method_name": "drawBorder",
      "to_method_key": "_8kgdcDm9EDa2Mv8JiweNng",
      "data_clump_type": "parameters_to_parameters_data_clump",
      "data_clump_data": {
        "_CA1GwDm_EDa2Mv8JiweNng": {
          "key": "_CA1GwDm_EDa2Mv8JiweNng",
          "name": "parameter",
          "type": null,
          "probability": 1,
          "modifiers": [],
          "to_variable": {
            "key": "_9yKjYDm9EDa2Mv8JiweNng",
            "name": "parameter",
            "type": null,
            "modifiers": [],
            "position": {}
          },
          "position": {}
        },
        "_C22IwDm_EDa2Mv8JiweNng": {
          "key": "_C22IwDm_EDa2Mv8JiweNng",
          "name": "parameter2",
          "type": null,
          "probability": 1,
          "modifiers": [],
          "to_variable": {
            "key": "_-a2UADm9EDa2Mv8JiweNng",
            "name": "parameter2",
            "type": null,
            "modifiers": [],
            "position": {}
          },
          "position": {}
        },
        "_D6ZQcDm_EDa2Mv8JiweNng": {
          "key": "_D6ZQcDm_EDa2Mv8JiweNng",
          "name": "parameter3",
          "type": null,
          "probability": 1,
          "modifiers": [],
          "to_variable": {
            "key": "__QKycDm9EDa2Mv8JiweNng",
            "name": "parameter3",
            "type": null,
            "modifiers": [],
            "position": {}
          },
          "position": {}
        }
      }
    },
    "parameters_to_parameters_data_clump-./FModel-_cBC1cDnBEDa2Mv8JiweNng-_BIqvsDm_EDa2Mv8JiweNng-parameterparameter2parameter3": {
      "type": "data_clump",
      "key": "parameters_to_parameters_data_clump-./FModel-_cBC1cDnBEDa2Mv8JiweNng-_BIqvsDm_EDa2Mv8JiweNng-parameterparameter2parameter3",
      "probability": 1,
      "from_file_path": "./FModel",
      "from_class_or_interface_name": "FModel",
      "from_class_or_interface_key": "_rTWnUB41EDaqy8dz06hYVA",
      "from_method_name": "validate",
      "from_method_key": "_cBC1cDnBEDa2Mv8JiweNng",
      "to_file_path": "./Cell",
      "to_class_or_interface_name": "Cell",
      "to_class_or_interface_key": "_bI22AB4yEDaqy8dz06hYVA",
      "to_method_name": "Cell",
      "to_method_key": "_BIqvsDm_EDa2Mv8JiweNng",
      "data_clump_type": "parameters_to_parameters_data_clump",
      "data_clump_data": {
        "_dWpWcDnBEDa2Mv8JiweNng": {
          "key": "_dWpWcDnBEDa2Mv8JiweNng",
          "name": "parameter",
          "type": null,
          "probability": 1,
          "modifiers": [],
          "to_variable": {
            "key": "_CA1GwDm_EDa2Mv8JiweNng",
            "name": "parameter",
            "type": null,
            "modifiers": [],
            "position": {}
          },
          "position": {}
        },
        "_eExAsDnBEDa2Mv8JiweNng": {
          "key": "_eExAsDnBEDa2Mv8JiweNng",
          "name": "parameter2",
          "type": null,
          "probability": 1,
          "modifiers": [],
          "to_variable": {
            "key": "_C22IwDm_EDa2Mv8JiweNng",
            "name": "parameter2",
            "type": null,
            "modifiers": [],
            "position": {}
          },
          "position": {}
        },
        "_ewDZYDnBEDa2Mv8JiweNng": {
          "key": "_ewDZYDnBEDa2Mv8JiweNng",
          "name": "parameter3",
          "type": null,
          "probability": 1,
          "modifiers": [],
          "to_variable": {
            "key": "_D6ZQcDm_EDa2Mv8JiweNng",
            "name": "parameter3",
            "type": null,
            "modifiers": [],
            "position": {}
          },
          "position": {}
        }
      }
    },
    "parameters_to_parameters_data_clump-./FModel-_cBC1cDnBEDa2Mv8JiweNng-_g-OhIDnBEDa2Mv8JiweNng-parameterparameter2parameter3": {
      "type": "data_clump",
      "key": "parameters_to_parameters_data_clump-./FModel-_cBC1cDnBEDa2Mv8JiweNng-_g-OhIDnBEDa2Mv8JiweNng-parameterparameter2parameter3",
      "probability": 1,
      "from_file_path": "./FModel",
      "from_class_or_interface_name": "FModel",
      "from_class_or_interface_key": "_rTWnUB41EDaqy8dz06hYVA",
      "from_method_name": "validate",
      "from_method_key": "_cBC1cDnBEDa2Mv8JiweNng",
      "to_file_path": "./FModel",
      "to_class_or_interface_name": "FModel",
      "to_class_or_interface_key": "_rTWnUB41EDaqy8dz06hYVA",
      "to_method_name": "teleportPlayer",
      "to_method_key": "_g-OhIDnBEDa2Mv8JiweNng",
      "data_clump_type": "parameters_to_parameters_data_clump",
      "data_clump_data": {
        "_dWpWcDnBEDa2Mv8JiweNng": {
          "key": "_dWpWcDnBEDa2Mv8JiweNng",
          "name": "parameter",
          "type": null,
          "probability": 1,
          "modifiers": [],
          "to_variable": {
            "key": "_irdfADnBEDa2Mv8JiweNng",
            "name": "parameter",
            "type": null,
            "modifiers": [],
            "position": {}
          },
          "position": {}
        },
        "_eExAsDnBEDa2Mv8JiweNng": {
          "key": "_eExAsDnBEDa2Mv8JiweNng",
          "name": "parameter2",
          "type": null,
          "probability": 1,
          "modifiers": [],
          "to_variable": {
            "key": "_jf_TQDnBEDa2Mv8JiweNng",
            "name": "parameter2",
            "type": null,
            "modifiers": [],
            "position": {}
          },
          "position": {}
        },
        "_ewDZYDnBEDa2Mv8JiweNng": {
          "key": "_ewDZYDnBEDa2Mv8JiweNng",
          "name": "parameter3",
          "type": null,
          "probability": 1,
          "modifiers": [],
          "to_variable": {
            "key": "_kXxP0DnBEDa2Mv8JiweNng",
            "name": "parameter3",
            "type": null,
            "modifiers": [],
            "position": {}
          },
          "position": {}
        }
      }
    },
    "parameters_to_parameters_data_clump-./FModel-_cBC1cDnBEDa2Mv8JiweNng-_bUaLMDm8EDa2Mv8JiweNng-parameterparameter2parameter3": {
      "type": "data_clump",
      "key": "parameters_to_parameters_data_clump-./FModel-_cBC1cDnBEDa2Mv8JiweNng-_bUaLMDm8EDa2Mv8JiweNng-parameterparameter2parameter3",
      "probability": 1,
      "from_file_path": "./FModel",
      "from_class_or_interface_name": "FModel",
      "from_class_or_interface_key": "_rTWnUB41EDaqy8dz06hYVA",
      "from_method_name": "validate",
      "from_method_key": "_cBC1cDnBEDa2Mv8JiweNng",
      "to_file_path": "./Player",
      "to_class_or_interface_name": "Player",
      "to_class_or_interface_key": "_Xf07wTm7EDa2Mv8JiweNng",
      "to_method_name": "Player",
      "to_method_key": "_bUaLMDm8EDa2Mv8JiweNng",
      "data_clump_type": "parameters_to_parameters_data_clump",
      "data_clump_data": {
        "_dWpWcDnBEDa2Mv8JiweNng": {
          "key": "_dWpWcDnBEDa2Mv8JiweNng",
          "name": "parameter",
          "type": null,
          "probability": 1,
          "modifiers": [],
          "to_variable": {
            "key": "_cyQpQDm8EDa2Mv8JiweNng",
            "name": "parameter",
            "type": null,
            "modifiers": [],
            "position": {}
          },
          "position": {}
        },
        "_eExAsDnBEDa2Mv8JiweNng": {
          "key": "_eExAsDnBEDa2Mv8JiweNng",
          "name": "parameter2",
          "type": null,
          "probability": 1,
          "modifiers": [],
          "to_variable": {
            "key": "_dgbW0Dm8EDa2Mv8JiweNng",
            "name": "parameter2",
            "type": null,
            "modifiers": [],
            "position": {}
          },
          "position": {}
        },
        "_ewDZYDnBEDa2Mv8JiweNng": {
          "key": "_ewDZYDnBEDa2Mv8JiweNng",
          "name": "parameter3",
          "type": null,
          "probability": 1,
          "modifiers": [],
          "to_variable": {
            "key": "_eKeZYDm8EDa2Mv8JiweNng",
            "name": "parameter3",
            "type": null,
            "modifiers": [],
            "position": {}
          },
          "position": {}
        }
      }
    },
    "parameters_to_parameters_data_clump-./FModel-_cBC1cDnBEDa2Mv8JiweNng-_2rzksDm9EDa2Mv8JiweNng-parameterparameter2parameter3": {
      "type": "data_clump",
      "key": "parameters_to_parameters_data_clump-./FModel-_cBC1cDnBEDa2Mv8JiweNng-_2rzksDm9EDa2Mv8JiweNng-parameterparameter2parameter3",
      "probability": 1,
      "from_file_path": "./FModel",
      "from_class_or_interface_name": "FModel",
      "from_class_or_interface_key": "_rTWnUB41EDaqy8dz06hYVA",
      "from_method_name": "validate",
      "from_method_key": "_cBC1cDnBEDa2Mv8JiweNng",
      "to_file_path": "./ViewGrid",
      "to_class_or_interface_name": "ViewGrid",
      "to_class_or_interface_key": "_I67u8Dm7EDa2Mv8JiweNng",
      "to_method_name": "paint",
      "to_method_key": "_2rzksDm9EDa2Mv8JiweNng",
      "data_clump_type": "parameters_to_parameters_data_clump",
      "data_clump_data": {
        "_dWpWcDnBEDa2Mv8JiweNng": {
          "key": "_dWpWcDnBEDa2Mv8JiweNng",
          "name": "parameter",
          "type": null,
          "probability": 1,
          "modifiers": [],
          "to_variable": {
            "key": "_3p6ywDm9EDa2Mv8JiweNng",
            "name": "parameter",
            "type": null,
            "modifiers": [],
            "position": {}
          },
          "position": {}
        },
        "_eExAsDnBEDa2Mv8JiweNng": {
          "key": "_eExAsDnBEDa2Mv8JiweNng",
          "name": "parameter2",
          "type": null,
          "probability": 1,
          "modifiers": [],
          "to_variable": {
            "key": "_4cT5ADm9EDa2Mv8JiweNng",
            "name": "parameter2",
            "type": null,
            "modifiers": [],
            "position": {}
          },
          "position": {}
        },
        "_ewDZYDnBEDa2Mv8JiweNng": {
          "key": "_ewDZYDnBEDa2Mv8JiweNng",
          "name": "parameter3",
          "type": null,
          "probability": 1,
          "modifiers": [],
          "to_variable": {
            "key": "_5Kl7UDm9EDa2Mv8JiweNng",
            "name": "parameter3",
            "type": null,
            "modifiers": [],
            "position": {}
          },
          "position": {}
        }
      }
    },
    "parameters_to_parameters_data_clump-./FModel-_cBC1cDnBEDa2Mv8JiweNng-_8kgdcDm9EDa2Mv8JiweNng-parameterparameter2parameter3": {
      "type": "data_clump",
      "key": "parameters_to_parameters_data_clump-./FModel-_cBC1cDnBEDa2Mv8JiweNng-_8kgdcDm9EDa2Mv8JiweNng-parameterparameter2parameter3",
      "probability": 1,
      "from_file_path": "./FModel",
      "from_class_or_interface_name": "FModel",
      "from_class_or_interface_key": "_rTWnUB41EDaqy8dz06hYVA",
      "from_method_name": "validate",
      "from_method_key": "_cBC1cDnBEDa2Mv8JiweNng",
      "to_file_path": "./ViewGrid",
      "to_class_or_interface_name": "ViewGrid",
      "to_class_or_interface_key": "_I67u8Dm7EDa2Mv8JiweNng",
      "to_method_name": "drawBorder",
      "to_method_key": "_8kgdcDm9EDa2Mv8JiweNng",
      "data_clump_type": "parameters_to_parameters_data_clump",
      "data_clump_data": {
        "_dWpWcDnBEDa2Mv8JiweNng": {
          "key": "_dWpWcDnBEDa2Mv8JiweNng",
          "name": "parameter",
          "type": null,
          "probability": 1,
          "modifiers": [],
          "to_variable": {
            "key": "_9yKjYDm9EDa2Mv8JiweNng",
            "name": "parameter",
            "type": null,
            "modifiers": [],
            "position": {}
          },
          "position": {}
        },
        "_eExAsDnBEDa2Mv8JiweNng": {
          "key": "_eExAsDnBEDa2Mv8JiweNng",
          "name": "parameter2",
          "type": null,
          "probability": 1,
          "modifiers": [],
          "to_variable": {
            "key": "_-a2UADm9EDa2Mv8JiweNng",
            "name": "parameter2",
            "type": null,
            "modifiers": [],
            "position": {}
          },
          "position": {}
        },
        "_ewDZYDnBEDa2Mv8JiweNng": {
          "key": "_ewDZYDnBEDa2Mv8JiweNng",
          "name": "parameter3",
          "type": null,
          "probability": 1,
          "modifiers": [],
          "to_variable": {
            "key": "__QKycDm9EDa2Mv8JiweNng",
            "name": "parameter3",
            "type": null,
            "modifiers": [],
            "position": {}
          },
          "position": {}
        }
      }
    },
    "parameters_to_parameters_data_clump-./FModel-_g-OhIDnBEDa2Mv8JiweNng-_BIqvsDm_EDa2Mv8JiweNng-parameterparameter2parameter3": {
      "type": "data_clump",
      "key": "parameters_to_parameters_data_clump-./FModel-_g-OhIDnBEDa2Mv8JiweNng-_BIqvsDm_EDa2Mv8JiweNng-parameterparameter2parameter3",
      "probability": 1,
      "from_file_path": "./FModel",
      "from_class_or_interface_name": "FModel",
      "from_class_or_interface_key": "_rTWnUB41EDaqy8dz06hYVA",
      "from_method_name": "teleportPlayer",
      "from_method_key": "_g-OhIDnBEDa2Mv8JiweNng",
      "to_file_path": "./Cell",
      "to_class_or_interface_name": "Cell",
      "to_class_or_interface_key": "_bI22AB4yEDaqy8dz06hYVA",
      "to_method_name": "Cell",
      "to_method_key": "_BIqvsDm_EDa2Mv8JiweNng",
      "data_clump_type": "parameters_to_parameters_data_clump",
      "data_clump_data": {
        "_irdfADnBEDa2Mv8JiweNng": {
          "key": "_irdfADnBEDa2Mv8JiweNng",
          "name": "parameter",
          "type": null,
          "probability": 1,
          "modifiers": [],
          "to_variable": {
            "key": "_CA1GwDm_EDa2Mv8JiweNng",
            "name": "parameter",
            "type": null,
            "modifiers": [],
            "position": {}
          },
          "position": {}
        },
        "_jf_TQDnBEDa2Mv8JiweNng": {
          "key": "_jf_TQDnBEDa2Mv8JiweNng",
          "name": "parameter2",
          "type": null,
          "probability": 1,
          "modifiers": [],
          "to_variable": {
            "key": "_C22IwDm_EDa2Mv8JiweNng",
            "name": "parameter2",
            "type": null,
            "modifiers": [],
            "position": {}
          },
          "position": {}
        },
        "_kXxP0DnBEDa2Mv8JiweNng": {
          "key": "_kXxP0DnBEDa2Mv8JiweNng",
          "name": "parameter3",
          "type": null,
          "probability": 1,
          "modifiers": [],
          "to_variable": {
            "key": "_D6ZQcDm_EDa2Mv8JiweNng",
            "name": "parameter3",
            "type": null,
            "modifiers": [],
            "position": {}
          },
          "position": {}
        }
      }
    },
    "parameters_to_parameters_data_clump-./FModel-_g-OhIDnBEDa2Mv8JiweNng-_cBC1cDnBEDa2Mv8JiweNng-parameterparameter2parameter3": {
      "type": "data_clump",
      "key": "parameters_to_parameters_data_clump-./FModel-_g-OhIDnBEDa2Mv8JiweNng-_cBC1cDnBEDa2Mv8JiweNng-parameterparameter2parameter3",
      "probability": 1,
      "from_file_path": "./FModel",
      "from_class_or_interface_name": "FModel",
      "from_class_or_interface_key": "_rTWnUB41EDaqy8dz06hYVA",
      "from_method_name": "teleportPlayer",
      "from_method_key": "_g-OhIDnBEDa2Mv8JiweNng",
      "to_file_path": "./FModel",
      "to_class_or_interface_name": "FModel",
      "to_class_or_interface_key": "_rTWnUB41EDaqy8dz06hYVA",
      "to_method_name": "validate",
      "to_method_key": "_cBC1cDnBEDa2Mv8JiweNng",
      "data_clump_type": "parameters_to_parameters_data_clump",
      "data_clump_data": {
        "_irdfADnBEDa2Mv8JiweNng": {
          "key": "_irdfADnBEDa2Mv8JiweNng",
          "name": "parameter",
          "type": null,
          "probability": 1,
          "modifiers": [],
          "to_variable": {
            "key": "_dWpWcDnBEDa2Mv8JiweNng",
            "name": "parameter",
            "type": null,
            "modifiers": [],
            "position": {}
          },
          "position": {}
        },
        "_jf_TQDnBEDa2Mv8JiweNng": {
          "key": "_jf_TQDnBEDa2Mv8JiweNng",
          "name": "parameter2",
          "type": null,
          "probability": 1,
          "modifiers": [],
          "to_variable": {
            "key": "_eExAsDnBEDa2Mv8JiweNng",
            "name": "parameter2",
            "type": null,
            "modifiers": [],
            "position": {}
          },
          "position": {}
        },
        "_kXxP0DnBEDa2Mv8JiweNng": {
          "key": "_kXxP0DnBEDa2Mv8JiweNng",
          "name": "parameter3",
          "type": null,
          "probability": 1,
          "modifiers": [],
          "to_variable": {
            "key": "_ewDZYDnBEDa2Mv8JiweNng",
            "name": "parameter3",
            "type": null,
            "modifiers": [],
            "position": {}
          },
          "position": {}
        }
      }
    },
    "parameters_to_parameters_data_clump-./FModel-_g-OhIDnBEDa2Mv8JiweNng-_bUaLMDm8EDa2Mv8JiweNng-parameterparameter2parameter3": {
      "type": "data_clump",
      "key": "parameters_to_parameters_data_clump-./FModel-_g-OhIDnBEDa2Mv8JiweNng-_bUaLMDm8EDa2Mv8JiweNng-parameterparameter2parameter3",
      "probability": 1,
      "from_file_path": "./FModel",
      "from_class_or_interface_name": "FModel",
      "from_class_or_interface_key": "_rTWnUB41EDaqy8dz06hYVA",
      "from_method_name": "teleportPlayer",
      "from_method_key": "_g-OhIDnBEDa2Mv8JiweNng",
      "to_file_path": "./Player",
      "to_class_or_interface_name": "Player",
      "to_class_or_interface_key": "_Xf07wTm7EDa2Mv8JiweNng",
      "to_method_name": "Player",
      "to_method_key": "_bUaLMDm8EDa2Mv8JiweNng",
      "data_clump_type": "parameters_to_parameters_data_clump",
      "data_clump_data": {
        "_irdfADnBEDa2Mv8JiweNng": {
          "key": "_irdfADnBEDa2Mv8JiweNng",
          "name": "parameter",
          "type": null,
          "probability": 1,
          "modifiers": [],
          "to_variable": {
            "key": "_cyQpQDm8EDa2Mv8JiweNng",
            "name": "parameter",
            "type": null,
            "modifiers": [],
            "position": {}
          },
          "position": {}
        },
        "_jf_TQDnBEDa2Mv8JiweNng": {
          "key": "_jf_TQDnBEDa2Mv8JiweNng",
          "name": "parameter2",
          "type": null,
          "probability": 1,
          "modifiers": [],
          "to_variable": {
            "key": "_dgbW0Dm8EDa2Mv8JiweNng",
            "name": "parameter2",
            "type": null,
            "modifiers": [],
            "position": {}
          },
          "position": {}
        },
        "_kXxP0DnBEDa2Mv8JiweNng": {
          "key": "_kXxP0DnBEDa2Mv8JiweNng",
          "name": "parameter3",
          "type": null,
          "probability": 1,
          "modifiers": [],
          "to_variable": {
            "key": "_eKeZYDm8EDa2Mv8JiweNng",
            "name": "parameter3",
            "type": null,
            "modifiers": [],
            "position": {}
          },
          "position": {}
        }
      }
    },
    "parameters_to_parameters_data_clump-./FModel-_g-OhIDnBEDa2Mv8JiweNng-_2rzksDm9EDa2Mv8JiweNng-parameterparameter2parameter3": {
      "type": "data_clump",
      "key": "parameters_to_parameters_data_clump-./FModel-_g-OhIDnBEDa2Mv8JiweNng-_2rzksDm9EDa2Mv8JiweNng-parameterparameter2parameter3",
      "probability": 1,
      "from_file_path": "./FModel",
      "from_class_or_interface_name": "FModel",
      "from_class_or_interface_key": "_rTWnUB41EDaqy8dz06hYVA",
      "from_method_name": "teleportPlayer",
      "from_method_key": "_g-OhIDnBEDa2Mv8JiweNng",
      "to_file_path": "./ViewGrid",
      "to_class_or_interface_name": "ViewGrid",
      "to_class_or_interface_key": "_I67u8Dm7EDa2Mv8JiweNng",
      "to_method_name": "paint",
      "to_method_key": "_2rzksDm9EDa2Mv8JiweNng",
      "data_clump_type": "parameters_to_parameters_data_clump",
      "data_clump_data": {
        "_irdfADnBEDa2Mv8JiweNng": {
          "key": "_irdfADnBEDa2Mv8JiweNng",
          "name": "parameter",
          "type": null,
          "probability": 1,
          "modifiers": [],
          "to_variable": {
            "key": "_3p6ywDm9EDa2Mv8JiweNng",
            "name": "parameter",
            "type": null,
            "modifiers": [],
            "position": {}
          },
          "position": {}
        },
        "_jf_TQDnBEDa2Mv8JiweNng": {
          "key": "_jf_TQDnBEDa2Mv8JiweNng",
          "name": "parameter2",
          "type": null,
          "probability": 1,
          "modifiers": [],
          "to_variable": {
            "key": "_4cT5ADm9EDa2Mv8JiweNng",
            "name": "parameter2",
            "type": null,
            "modifiers": [],
            "position": {}
          },
          "position": {}
        },
        "_kXxP0DnBEDa2Mv8JiweNng": {
          "key": "_kXxP0DnBEDa2Mv8JiweNng",
          "name": "parameter3",
          "type": null,
          "probability": 1,
          "modifiers": [],
          "to_variable": {
            "key": "_5Kl7UDm9EDa2Mv8JiweNng",
            "name": "parameter3",
            "type": null,
            "modifiers": [],
            "position": {}
          },
          "position": {}
        }
      }
    },
    "parameters_to_parameters_data_clump-./FModel-_g-OhIDnBEDa2Mv8JiweNng-_8kgdcDm9EDa2Mv8JiweNng-parameterparameter2parameter3": {
      "type": "data_clump",
      "key": "parameters_to_parameters_data_clump-./FModel-_g-OhIDnBEDa2Mv8JiweNng-_8kgdcDm9EDa2Mv8JiweNng-parameterparameter2parameter3",
      "probability": 1,
      "from_file_path": "./FModel",
      "from_class_or_interface_name": "FModel",
      "from_class_or_interface_key": "_rTWnUB41EDaqy8dz06hYVA",
      "from_method_name": "teleportPlayer",
      "from_method_key": "_g-OhIDnBEDa2Mv8JiweNng",
      "to_file_path": "./ViewGrid",
      "to_class_or_interface_name": "ViewGrid",
      "to_class_or_interface_key": "_I67u8Dm7EDa2Mv8JiweNng",
      "to_method_name": "drawBorder",
      "to_method_key": "_8kgdcDm9EDa2Mv8JiweNng",
      "data_clump_type": "parameters_to_parameters_data_clump",
      "data_clump_data": {
        "_irdfADnBEDa2Mv8JiweNng": {
          "key": "_irdfADnBEDa2Mv8JiweNng",
          "name": "parameter",
          "type": null,
          "probability": 1,
          "modifiers": [],
          "to_variable": {
            "key": "_9yKjYDm9EDa2Mv8JiweNng",
            "name": "parameter",
            "type": null,
            "modifiers": [],
            "position": {}
          },
          "position": {}
        },
        "_jf_TQDnBEDa2Mv8JiweNng": {
          "key": "_jf_TQDnBEDa2Mv8JiweNng",
          "name": "parameter2",
          "type": null,
          "probability": 1,
          "modifiers": [],
          "to_variable": {
            "key": "_-a2UADm9EDa2Mv8JiweNng",
            "name": "parameter2",
            "type": null,
            "modifiers": [],
            "position": {}
          },
          "position": {}
        },
        "_kXxP0DnBEDa2Mv8JiweNng": {
          "key": "_kXxP0DnBEDa2Mv8JiweNng",
          "name": "parameter3",
          "type": null,
          "probability": 1,
          "modifiers": [],
          "to_variable": {
            "key": "__QKycDm9EDa2Mv8JiweNng",
            "name": "parameter3",
            "type": null,
            "modifiers": [],
            "position": {}
          },
          "position": {}
        }
      }
    },
    "parameters_to_parameters_data_clump-./Player-_bUaLMDm8EDa2Mv8JiweNng-_BIqvsDm_EDa2Mv8JiweNng-parameterparameter2parameter3": {
      "type": "data_clump",
      "key": "parameters_to_parameters_data_clump-./Player-_bUaLMDm8EDa2Mv8JiweNng-_BIqvsDm_EDa2Mv8JiweNng-parameterparameter2parameter3",
      "probability": 1,
      "from_file_path": "./Player",
      "from_class_or_interface_name": "Player",
      "from_class_or_interface_key": "_Xf07wTm7EDa2Mv8JiweNng",
      "from_method_name": "Player",
      "from_method_key": "_bUaLMDm8EDa2Mv8JiweNng",
      "to_file_path": "./Cell",
      "to_class_or_interface_name": "Cell",
      "to_class_or_interface_key": "_bI22AB4yEDaqy8dz06hYVA",
      "to_method_name": "Cell",
      "to_method_key": "_BIqvsDm_EDa2Mv8JiweNng",
      "data_clump_type": "parameters_to_parameters_data_clump",
      "data_clump_data": {
        "_cyQpQDm8EDa2Mv8JiweNng": {
          "key": "_cyQpQDm8EDa2Mv8JiweNng",
          "name": "parameter",
          "type": null,
          "probability": 1,
          "modifiers": [],
          "to_variable": {
            "key": "_CA1GwDm_EDa2Mv8JiweNng",
            "name": "parameter",
            "type": null,
            "modifiers": [],
            "position": {}
          },
          "position": {}
        },
        "_dgbW0Dm8EDa2Mv8JiweNng": {
          "key": "_dgbW0Dm8EDa2Mv8JiweNng",
          "name": "parameter2",
          "type": null,
          "probability": 1,
          "modifiers": [],
          "to_variable": {
            "key": "_C22IwDm_EDa2Mv8JiweNng",
            "name": "parameter2",
            "type": null,
            "modifiers": [],
            "position": {}
          },
          "position": {}
        },
        "_eKeZYDm8EDa2Mv8JiweNng": {
          "key": "_eKeZYDm8EDa2Mv8JiweNng",
          "name": "parameter3",
          "type": null,
          "probability": 1,
          "modifiers": [],
          "to_variable": {
            "key": "_D6ZQcDm_EDa2Mv8JiweNng",
            "name": "parameter3",
            "type": null,
            "modifiers": [],
            "position": {}
          },
          "position": {}
        }
      }
    },
    "parameters_to_parameters_data_clump-./Player-_bUaLMDm8EDa2Mv8JiweNng-_cBC1cDnBEDa2Mv8JiweNng-parameterparameter2parameter3": {
      "type": "data_clump",
      "key": "parameters_to_parameters_data_clump-./Player-_bUaLMDm8EDa2Mv8JiweNng-_cBC1cDnBEDa2Mv8JiweNng-parameterparameter2parameter3",
      "probability": 1,
      "from_file_path": "./Player",
      "from_class_or_interface_name": "Player",
      "from_class_or_interface_key": "_Xf07wTm7EDa2Mv8JiweNng",
      "from_method_name": "Player",
      "from_method_key": "_bUaLMDm8EDa2Mv8JiweNng",
      "to_file_path": "./FModel",
      "to_class_or_interface_name": "FModel",
      "to_class_or_interface_key": "_rTWnUB41EDaqy8dz06hYVA",
      "to_method_name": "validate",
      "to_method_key": "_cBC1cDnBEDa2Mv8JiweNng",
      "data_clump_type": "parameters_to_parameters_data_clump",
      "data_clump_data": {
        "_cyQpQDm8EDa2Mv8JiweNng": {
          "key": "_cyQpQDm8EDa2Mv8JiweNng",
          "name": "parameter",
          "type": null,
          "probability": 1,
          "modifiers": [],
          "to_variable": {
            "key": "_dWpWcDnBEDa2Mv8JiweNng",
            "name": "parameter",
            "type": null,
            "modifiers": [],
            "position": {}
          },
          "position": {}
        },
        "_dgbW0Dm8EDa2Mv8JiweNng": {
          "key": "_dgbW0Dm8EDa2Mv8JiweNng",
          "name": "parameter2",
          "type": null,
          "probability": 1,
          "modifiers": [],
          "to_variable": {
            "key": "_eExAsDnBEDa2Mv8JiweNng",
            "name": "parameter2",
            "type": null,
            "modifiers": [],
            "position": {}
          },
          "position": {}
        },
        "_eKeZYDm8EDa2Mv8JiweNng": {
          "key": "_eKeZYDm8EDa2Mv8JiweNng",
          "name": "parameter3",
          "type": null,
          "probability": 1,
          "modifiers": [],
          "to_variable": {
            "key": "_ewDZYDnBEDa2Mv8JiweNng",
            "name": "parameter3",
            "type": null,
            "modifiers": [],
            "position": {}
          },
          "position": {}
        }
      }
    },
    "parameters_to_parameters_data_clump-./Player-_bUaLMDm8EDa2Mv8JiweNng-_g-OhIDnBEDa2Mv8JiweNng-parameterparameter2parameter3": {
      "type": "data_clump",
      "key": "parameters_to_parameters_data_clump-./Player-_bUaLMDm8EDa2Mv8JiweNng-_g-OhIDnBEDa2Mv8JiweNng-parameterparameter2parameter3",
      "probability": 1,
      "from_file_path": "./Player",
      "from_class_or_interface_name": "Player",
      "from_class_or_interface_key": "_Xf07wTm7EDa2Mv8JiweNng",
      "from_method_name": "Player",
      "from_method_key": "_bUaLMDm8EDa2Mv8JiweNng",
      "to_file_path": "./FModel",
      "to_class_or_interface_name": "FModel",
      "to_class_or_interface_key": "_rTWnUB41EDaqy8dz06hYVA",
      "to_method_name": "teleportPlayer",
      "to_method_key": "_g-OhIDnBEDa2Mv8JiweNng",
      "data_clump_type": "parameters_to_parameters_data_clump",
      "data_clump_data": {
        "_cyQpQDm8EDa2Mv8JiweNng": {
          "key": "_cyQpQDm8EDa2Mv8JiweNng",
          "name": "parameter",
          "type": null,
          "probability": 1,
          "modifiers": [],
          "to_variable": {
            "key": "_irdfADnBEDa2Mv8JiweNng",
            "name": "parameter",
            "type": null,
            "modifiers": [],
            "position": {}
          },
          "position": {}
        },
        "_dgbW0Dm8EDa2Mv8JiweNng": {
          "key": "_dgbW0Dm8EDa2Mv8JiweNng",
          "name": "parameter2",
          "type": null,
          "probability": 1,
          "modifiers": [],
          "to_variable": {
            "key": "_jf_TQDnBEDa2Mv8JiweNng",
            "name": "parameter2",
            "type": null,
            "modifiers": [],
            "position": {}
          },
          "position": {}
        },
        "_eKeZYDm8EDa2Mv8JiweNng": {
          "key": "_eKeZYDm8EDa2Mv8JiweNng",
          "name": "parameter3",
          "type": null,
          "probability": 1,
          "modifiers": [],
          "to_variable": {
            "key": "_kXxP0DnBEDa2Mv8JiweNng",
            "name": "parameter3",
            "type": null,
            "modifiers": [],
            "position": {}
          },
          "position": {}
        }
      }
    },
    "parameters_to_parameters_data_clump-./Player-_bUaLMDm8EDa2Mv8JiweNng-_2rzksDm9EDa2Mv8JiweNng-parameterparameter2parameter3parameter4": {
      "type": "data_clump",
      "key": "parameters_to_parameters_data_clump-./Player-_bUaLMDm8EDa2Mv8JiweNng-_2rzksDm9EDa2Mv8JiweNng-parameterparameter2parameter3parameter4",
      "probability": 1,
      "from_file_path": "./Player",
      "from_class_or_interface_name": "Player",
      "from_class_or_interface_key": "_Xf07wTm7EDa2Mv8JiweNng",
      "from_method_name": "Player",
      "from_method_key": "_bUaLMDm8EDa2Mv8JiweNng",
      "to_file_path": "./ViewGrid",
      "to_class_or_interface_name": "ViewGrid",
      "to_class_or_interface_key": "_I67u8Dm7EDa2Mv8JiweNng",
      "to_method_name": "paint",
      "to_method_key": "_2rzksDm9EDa2Mv8JiweNng",
      "data_clump_type": "parameters_to_parameters_data_clump",
      "data_clump_data": {
        "_cyQpQDm8EDa2Mv8JiweNng": {
          "key": "_cyQpQDm8EDa2Mv8JiweNng",
          "name": "parameter",
          "type": null,
          "probability": 1,
          "modifiers": [],
          "to_variable": {
            "key": "_3p6ywDm9EDa2Mv8JiweNng",
            "name": "parameter",
            "type": null,
            "modifiers": [],
            "position": {}
          },
          "position": {}
        },
        "_dgbW0Dm8EDa2Mv8JiweNng": {
          "key": "_dgbW0Dm8EDa2Mv8JiweNng",
          "name": "parameter2",
          "type": null,
          "probability": 1,
          "modifiers": [],
          "to_variable": {
            "key": "_4cT5ADm9EDa2Mv8JiweNng",
            "name": "parameter2",
            "type": null,
            "modifiers": [],
            "position": {}
          },
          "position": {}
        },
        "_eKeZYDm8EDa2Mv8JiweNng": {
          "key": "_eKeZYDm8EDa2Mv8JiweNng",
          "name": "parameter3",
          "type": null,
          "probability": 1,
          "modifiers": [],
          "to_variable": {
            "key": "_5Kl7UDm9EDa2Mv8JiweNng",
            "name": "parameter3",
            "type": null,
            "modifiers": [],
            "position": {}
          },
          "position": {}
        },
        "_gGy8IDm8EDa2Mv8JiweNng": {
          "key": "_gGy8IDm8EDa2Mv8JiweNng",
          "name": "parameter4",
          "type": null,
          "probability": 1,
          "modifiers": [],
          "to_variable": {
            "key": "_6c2NYDm9EDa2Mv8JiweNng",
            "name": "parameter4",
            "type": null,
            "modifiers": [],
            "position": {}
          },
          "position": {}
        }
      }
    },
    "parameters_to_parameters_data_clump-./Player-_bUaLMDm8EDa2Mv8JiweNng-_8kgdcDm9EDa2Mv8JiweNng-parameterparameter2parameter3": {
      "type": "data_clump",
      "key": "parameters_to_parameters_data_clump-./Player-_bUaLMDm8EDa2Mv8JiweNng-_8kgdcDm9EDa2Mv8JiweNng-parameterparameter2parameter3",
      "probability": 1,
      "from_file_path": "./Player",
      "from_class_or_interface_name": "Player",
      "from_class_or_interface_key": "_Xf07wTm7EDa2Mv8JiweNng",
      "from_method_name": "Player",
      "from_method_key": "_bUaLMDm8EDa2Mv8JiweNng",
      "to_file_path": "./ViewGrid",
      "to_class_or_interface_name": "ViewGrid",
      "to_class_or_interface_key": "_I67u8Dm7EDa2Mv8JiweNng",
      "to_method_name": "drawBorder",
      "to_method_key": "_8kgdcDm9EDa2Mv8JiweNng",
      "data_clump_type": "parameters_to_parameters_data_clump",
      "data_clump_data": {
        "_cyQpQDm8EDa2Mv8JiweNng": {
          "key": "_cyQpQDm8EDa2Mv8JiweNng",
          "name": "parameter",
          "type": null,
          "probability": 1,
          "modifiers": [],
          "to_variable": {
            "key": "_9yKjYDm9EDa2Mv8JiweNng",
            "name": "parameter",
            "type": null,
            "modifiers": [],
            "position": {}
          },
          "position": {}
        },
        "_dgbW0Dm8EDa2Mv8JiweNng": {
          "key": "_dgbW0Dm8EDa2Mv8JiweNng",
          "name": "parameter2",
          "type": null,
          "probability": 1,
          "modifiers": [],
          "to_variable": {
            "key": "_-a2UADm9EDa2Mv8JiweNng",
            "name": "parameter2",
            "type": null,
            "modifiers": [],
            "position": {}
          },
          "position": {}
        },
        "_eKeZYDm8EDa2Mv8JiweNng": {
          "key": "_eKeZYDm8EDa2Mv8JiweNng",
          "name": "parameter3",
          "type": null,
          "probability": 1,
          "modifiers": [],
          "to_variable": {
            "key": "__QKycDm9EDa2Mv8JiweNng",
            "name": "parameter3",
            "type": null,
            "modifiers": [],
            "position": {}
          },
          "position": {}
        }
      }
    },
    "parameters_to_parameters_data_clump-./ViewGrid-_2rzksDm9EDa2Mv8JiweNng-_BIqvsDm_EDa2Mv8JiweNng-parameterparameter2parameter3": {
      "type": "data_clump",
      "key": "parameters_to_parameters_data_clump-./ViewGrid-_2rzksDm9EDa2Mv8JiweNng-_BIqvsDm_EDa2Mv8JiweNng-parameterparameter2parameter3",
      "probability": 1,
      "from_file_path": "./ViewGrid",
      "from_class_or_interface_name": "ViewGrid",
      "from_class_or_interface_key": "_I67u8Dm7EDa2Mv8JiweNng",
      "from_method_name": "paint",
      "from_method_key": "_2rzksDm9EDa2Mv8JiweNng",
      "to_file_path": "./Cell",
      "to_class_or_interface_name": "Cell",
      "to_class_or_interface_key": "_bI22AB4yEDaqy8dz06hYVA",
      "to_method_name": "Cell",
      "to_method_key": "_BIqvsDm_EDa2Mv8JiweNng",
      "data_clump_type": "parameters_to_parameters_data_clump",
      "data_clump_data": {
        "_3p6ywDm9EDa2Mv8JiweNng": {
          "key": "_3p6ywDm9EDa2Mv8JiweNng",
          "name": "parameter",
          "type": null,
          "probability": 1,
          "modifiers": [],
          "to_variable": {
            "key": "_CA1GwDm_EDa2Mv8JiweNng",
            "name": "parameter",
            "type": null,
            "modifiers": [],
            "position": {}
          },
          "position": {}
        },
        "_4cT5ADm9EDa2Mv8JiweNng": {
          "key": "_4cT5ADm9EDa2Mv8JiweNng",
          "name": "parameter2",
          "type": null,
          "probability": 1,
          "modifiers": [],
          "to_variable": {
            "key": "_C22IwDm_EDa2Mv8JiweNng",
            "name": "parameter2",
            "type": null,
            "modifiers": [],
            "position": {}
          },
          "position": {}
        },
        "_5Kl7UDm9EDa2Mv8JiweNng": {
          "key": "_5Kl7UDm9EDa2Mv8JiweNng",
          "name": "parameter3",
          "type": null,
          "probability": 1,
          "modifiers": [],
          "to_variable": {
            "key": "_D6ZQcDm_EDa2Mv8JiweNng",
            "name": "parameter3",
            "type": null,
            "modifiers": [],
            "position": {}
          },
          "position": {}
        }
      }
    },
    "parameters_to_parameters_data_clump-./ViewGrid-_2rzksDm9EDa2Mv8JiweNng-_cBC1cDnBEDa2Mv8JiweNng-parameterparameter2parameter3": {
      "type": "data_clump",
      "key": "parameters_to_parameters_data_clump-./ViewGrid-_2rzksDm9EDa2Mv8JiweNng-_cBC1cDnBEDa2Mv8JiweNng-parameterparameter2parameter3",
      "probability": 1,
      "from_file_path": "./ViewGrid",
      "from_class_or_interface_name": "ViewGrid",
      "from_class_or_interface_key": "_I67u8Dm7EDa2Mv8JiweNng",
      "from_method_name": "paint",
      "from_method_key": "_2rzksDm9EDa2Mv8JiweNng",
      "to_file_path": "./FModel",
      "to_class_or_interface_name": "FModel",
      "to_class_or_interface_key": "_rTWnUB41EDaqy8dz06hYVA",
      "to_method_name": "validate",
      "to_method_key": "_cBC1cDnBEDa2Mv8JiweNng",
      "data_clump_type": "parameters_to_parameters_data_clump",
      "data_clump_data": {
        "_3p6ywDm9EDa2Mv8JiweNng": {
          "key": "_3p6ywDm9EDa2Mv8JiweNng",
          "name": "parameter",
          "type": null,
          "probability": 1,
          "modifiers": [],
          "to_variable": {
            "key": "_dWpWcDnBEDa2Mv8JiweNng",
            "name": "parameter",
            "type": null,
            "modifiers": [],
            "position": {}
          },
          "position": {}
        },
        "_4cT5ADm9EDa2Mv8JiweNng": {
          "key": "_4cT5ADm9EDa2Mv8JiweNng",
          "name": "parameter2",
          "type": null,
          "probability": 1,
          "modifiers": [],
          "to_variable": {
            "key": "_eExAsDnBEDa2Mv8JiweNng",
            "name": "parameter2",
            "type": null,
            "modifiers": [],
            "position": {}
          },
          "position": {}
        },
        "_5Kl7UDm9EDa2Mv8JiweNng": {
          "key": "_5Kl7UDm9EDa2Mv8JiweNng",
          "name": "parameter3",
          "type": null,
          "probability": 1,
          "modifiers": [],
          "to_variable": {
            "key": "_ewDZYDnBEDa2Mv8JiweNng",
            "name": "parameter3",
            "type": null,
            "modifiers": [],
            "position": {}
          },
          "position": {}
        }
      }
    },
    "parameters_to_parameters_data_clump-./ViewGrid-_2rzksDm9EDa2Mv8JiweNng-_g-OhIDnBEDa2Mv8JiweNng-parameterparameter2parameter3": {
      "type": "data_clump",
      "key": "parameters_to_parameters_data_clump-./ViewGrid-_2rzksDm9EDa2Mv8JiweNng-_g-OhIDnBEDa2Mv8JiweNng-parameterparameter2parameter3",
      "probability": 1,
      "from_file_path": "./ViewGrid",
      "from_class_or_interface_name": "ViewGrid",
      "from_class_or_interface_key": "_I67u8Dm7EDa2Mv8JiweNng",
      "from_method_name": "paint",
      "from_method_key": "_2rzksDm9EDa2Mv8JiweNng",
      "to_file_path": "./FModel",
      "to_class_or_interface_name": "FModel",
      "to_class_or_interface_key": "_rTWnUB41EDaqy8dz06hYVA",
      "to_method_name": "teleportPlayer",
      "to_method_key": "_g-OhIDnBEDa2Mv8JiweNng",
      "data_clump_type": "parameters_to_parameters_data_clump",
      "data_clump_data": {
        "_3p6ywDm9EDa2Mv8JiweNng": {
          "key": "_3p6ywDm9EDa2Mv8JiweNng",
          "name": "parameter",
          "type": null,
          "probability": 1,
          "modifiers": [],
          "to_variable": {
            "key": "_irdfADnBEDa2Mv8JiweNng",
            "name": "parameter",
            "type": null,
            "modifiers": [],
            "position": {}
          },
          "position": {}
        },
        "_4cT5ADm9EDa2Mv8JiweNng": {
          "key": "_4cT5ADm9EDa2Mv8JiweNng",
          "name": "parameter2",
          "type": null,
          "probability": 1,
          "modifiers": [],
          "to_variable": {
            "key": "_jf_TQDnBEDa2Mv8JiweNng",
            "name": "parameter2",
            "type": null,
            "modifiers": [],
            "position": {}
          },
          "position": {}
        },
        "_5Kl7UDm9EDa2Mv8JiweNng": {
          "key": "_5Kl7UDm9EDa2Mv8JiweNng",
          "name": "parameter3",
          "type": null,
          "probability": 1,
          "modifiers": [],
          "to_variable": {
            "key": "_kXxP0DnBEDa2Mv8JiweNng",
            "name": "parameter3",
            "type": null,
            "modifiers": [],
            "position": {}
          },
          "position": {}
        }
      }
    },
    "parameters_to_parameters_data_clump-./ViewGrid-_2rzksDm9EDa2Mv8JiweNng-_bUaLMDm8EDa2Mv8JiweNng-parameterparameter2parameter3parameter4": {
      "type": "data_clump",
      "key": "parameters_to_parameters_data_clump-./ViewGrid-_2rzksDm9EDa2Mv8JiweNng-_bUaLMDm8EDa2Mv8JiweNng-parameterparameter2parameter3parameter4",
      "probability": 1,
      "from_file_path": "./ViewGrid",
      "from_class_or_interface_name": "ViewGrid",
      "from_class_or_interface_key": "_I67u8Dm7EDa2Mv8JiweNng",
      "from_method_name": "paint",
      "from_method_key": "_2rzksDm9EDa2Mv8JiweNng",
      "to_file_path": "./Player",
      "to_class_or_interface_name": "Player",
      "to_class_or_interface_key": "_Xf07wTm7EDa2Mv8JiweNng",
      "to_method_name": "Player",
      "to_method_key": "_bUaLMDm8EDa2Mv8JiweNng",
      "data_clump_type": "parameters_to_parameters_data_clump",
      "data_clump_data": {
        "_3p6ywDm9EDa2Mv8JiweNng": {
          "key": "_3p6ywDm9EDa2Mv8JiweNng",
          "name": "parameter",
          "type": null,
          "probability": 1,
          "modifiers": [],
          "to_variable": {
            "key": "_cyQpQDm8EDa2Mv8JiweNng",
            "name": "parameter",
            "type": null,
            "modifiers": [],
            "position": {}
          },
          "position": {}
        },
        "_4cT5ADm9EDa2Mv8JiweNng": {
          "key": "_4cT5ADm9EDa2Mv8JiweNng",
          "name": "parameter2",
          "type": null,
          "probability": 1,
          "modifiers": [],
          "to_variable": {
            "key": "_dgbW0Dm8EDa2Mv8JiweNng",
            "name": "parameter2",
            "type": null,
            "modifiers": [],
            "position": {}
          },
          "position": {}
        },
        "_5Kl7UDm9EDa2Mv8JiweNng": {
          "key": "_5Kl7UDm9EDa2Mv8JiweNng",
          "name": "parameter3",
          "type": null,
          "probability": 1,
          "modifiers": [],
          "to_variable": {
            "key": "_eKeZYDm8EDa2Mv8JiweNng",
            "name": "parameter3",
            "type": null,
            "modifiers": [],
            "position": {}
          },
          "position": {}
        },
        "_6c2NYDm9EDa2Mv8JiweNng": {
          "key": "_6c2NYDm9EDa2Mv8JiweNng",
          "name": "parameter4",
          "type": null,
          "probability": 1,
          "modifiers": [],
          "to_variable": {
            "key": "_gGy8IDm8EDa2Mv8JiweNng",
            "name": "parameter4",
            "type": null,
            "modifiers": [],
            "position": {}
          },
          "position": {}
        }
      }
    },
    "parameters_to_parameters_data_clump-./ViewGrid-_2rzksDm9EDa2Mv8JiweNng-_8kgdcDm9EDa2Mv8JiweNng-parameterparameter2parameter3": {
      "type": "data_clump",
      "key": "parameters_to_parameters_data_clump-./ViewGrid-_2rzksDm9EDa2Mv8JiweNng-_8kgdcDm9EDa2Mv8JiweNng-parameterparameter2parameter3",
      "probability": 1,
      "from_file_path": "./ViewGrid",
      "from_class_or_interface_name": "ViewGrid",
      "from_class_or_interface_key": "_I67u8Dm7EDa2Mv8JiweNng",
      "from_method_name": "paint",
      "from_method_key": "_2rzksDm9EDa2Mv8JiweNng",
      "to_file_path": "./ViewGrid",
      "to_class_or_interface_name": "ViewGrid",
      "to_class_or_interface_key": "_I67u8Dm7EDa2Mv8JiweNng",
      "to_method_name": "drawBorder",
      "to_method_key": "_8kgdcDm9EDa2Mv8JiweNng",
      "data_clump_type": "parameters_to_parameters_data_clump",
      "data_clump_data": {
        "_3p6ywDm9EDa2Mv8JiweNng": {
          "key": "_3p6ywDm9EDa2Mv8JiweNng",
          "name": "parameter",
          "type": null,
          "probability": 1,
          "modifiers": [],
          "to_variable": {
            "key": "_9yKjYDm9EDa2Mv8JiweNng",
            "name": "parameter",
            "type": null,
            "modifiers": [],
            "position": {}
          },
          "position": {}
        },
        "_4cT5ADm9EDa2Mv8JiweNng": {
          "key": "_4cT5ADm9EDa2Mv8JiweNng",
          "name": "parameter2",
          "type": null,
          "probability": 1,
          "modifiers": [],
          "to_variable": {
            "key": "_-a2UADm9EDa2Mv8JiweNng",
            "name": "parameter2",
            "type": null,
            "modifiers": [],
            "position": {}
          },
          "position": {}
        },
        "_5Kl7UDm9EDa2Mv8JiweNng": {
          "key": "_5Kl7UDm9EDa2Mv8JiweNng",
          "name": "parameter3",
          "type": null,
          "probability": 1,
          "modifiers": [],
          "to_variable": {
            "key": "__QKycDm9EDa2Mv8JiweNng",
            "name": "parameter3",
            "type": null,
            "modifiers": [],
            "position": {}
          },
          "position": {}
        }
      }
    },
    "parameters_to_parameters_data_clump-./ViewGrid-_8kgdcDm9EDa2Mv8JiweNng-_BIqvsDm_EDa2Mv8JiweNng-parameterparameter2parameter3": {
      "type": "data_clump",
      "key": "parameters_to_parameters_data_clump-./ViewGrid-_8kgdcDm9EDa2Mv8JiweNng-_BIqvsDm_EDa2Mv8JiweNng-parameterparameter2parameter3",
      "probability": 1,
      "from_file_path": "./ViewGrid",
      "from_class_or_interface_name": "ViewGrid",
      "from_class_or_interface_key": "_I67u8Dm7EDa2Mv8JiweNng",
      "from_method_name": "drawBorder",
      "from_method_key": "_8kgdcDm9EDa2Mv8JiweNng",
      "to_file_path": "./Cell",
      "to_class_or_interface_name": "Cell",
      "to_class_or_interface_key": "_bI22AB4yEDaqy8dz06hYVA",
      "to_method_name": "Cell",
      "to_method_key": "_BIqvsDm_EDa2Mv8JiweNng",
      "data_clump_type": "parameters_to_parameters_data_clump",
      "data_clump_data": {
        "_9yKjYDm9EDa2Mv8JiweNng": {
          "key": "_9yKjYDm9EDa2Mv8JiweNng",
          "name": "parameter",
          "type": null,
          "probability": 1,
          "modifiers": [],
          "to_variable": {
            "key": "_CA1GwDm_EDa2Mv8JiweNng",
            "name": "parameter",
            "type": null,
            "modifiers": [],
            "position": {}
          },
          "position": {}
        },
        "_-a2UADm9EDa2Mv8JiweNng": {
          "key": "_-a2UADm9EDa2Mv8JiweNng",
          "name": "parameter2",
          "type": null,
          "probability": 1,
          "modifiers": [],
          "to_variable": {
            "key": "_C22IwDm_EDa2Mv8JiweNng",
            "name": "parameter2",
            "type": null,
            "modifiers": [],
            "position": {}
          },
          "position": {}
        },
        "__QKycDm9EDa2Mv8JiweNng": {
          "key": "__QKycDm9EDa2Mv8JiweNng",
          "name": "parameter3",
          "type": null,
          "probability": 1,
          "modifiers": [],
          "to_variable": {
            "key": "_D6ZQcDm_EDa2Mv8JiweNng",
            "name": "parameter3",
            "type": null,
            "modifiers": [],
            "position": {}
          },
          "position": {}
        }
      }
    },
    "parameters_to_parameters_data_clump-./ViewGrid-_8kgdcDm9EDa2Mv8JiweNng-_cBC1cDnBEDa2Mv8JiweNng-parameterparameter2parameter3": {
      "type": "data_clump",
      "key": "parameters_to_parameters_data_clump-./ViewGrid-_8kgdcDm9EDa2Mv8JiweNng-_cBC1cDnBEDa2Mv8JiweNng-parameterparameter2parameter3",
      "probability": 1,
      "from_file_path": "./ViewGrid",
      "from_class_or_interface_name": "ViewGrid",
      "from_class_or_interface_key": "_I67u8Dm7EDa2Mv8JiweNng",
      "from_method_name": "drawBorder",
      "from_method_key": "_8kgdcDm9EDa2Mv8JiweNng",
      "to_file_path": "./FModel",
      "to_class_or_interface_name": "FModel",
      "to_class_or_interface_key": "_rTWnUB41EDaqy8dz06hYVA",
      "to_method_name": "validate",
      "to_method_key": "_cBC1cDnBEDa2Mv8JiweNng",
      "data_clump_type": "parameters_to_parameters_data_clump",
      "data_clump_data": {
        "_9yKjYDm9EDa2Mv8JiweNng": {
          "key": "_9yKjYDm9EDa2Mv8JiweNng",
          "name": "parameter",
          "type": null,
          "probability": 1,
          "modifiers": [],
          "to_variable": {
            "key": "_dWpWcDnBEDa2Mv8JiweNng",
            "name": "parameter",
            "type": null,
            "modifiers": [],
            "position": {}
          },
          "position": {}
        },
        "_-a2UADm9EDa2Mv8JiweNng": {
          "key": "_-a2UADm9EDa2Mv8JiweNng",
          "name": "parameter2",
          "type": null,
          "probability": 1,
          "modifiers": [],
          "to_variable": {
            "key": "_eExAsDnBEDa2Mv8JiweNng",
            "name": "parameter2",
            "type": null,
            "modifiers": [],
            "position": {}
          },
          "position": {}
        },
        "__QKycDm9EDa2Mv8JiweNng": {
          "key": "__QKycDm9EDa2Mv8JiweNng",
          "name": "parameter3",
          "type": null,
          "probability": 1,
          "modifiers": [],
          "to_variable": {
            "key": "_ewDZYDnBEDa2Mv8JiweNng",
            "name": "parameter3",
            "type": null,
            "modifiers": [],
            "position": {}
          },
          "position": {}
        }
      }
    },
    "parameters_to_parameters_data_clump-./ViewGrid-_8kgdcDm9EDa2Mv8JiweNng-_g-OhIDnBEDa2Mv8JiweNng-parameterparameter2parameter3": {
      "type": "data_clump",
      "key": "parameters_to_parameters_data_clump-./ViewGrid-_8kgdcDm9EDa2Mv8JiweNng-_g-OhIDnBEDa2Mv8JiweNng-parameterparameter2parameter3",
      "probability": 1,
      "from_file_path": "./ViewGrid",
      "from_class_or_interface_name": "ViewGrid",
      "from_class_or_interface_key": "_I67u8Dm7EDa2Mv8JiweNng",
      "from_method_name": "drawBorder",
      "from_method_key": "_8kgdcDm9EDa2Mv8JiweNng",
      "to_file_path": "./FModel",
      "to_class_or_interface_name": "FModel",
      "to_class_or_interface_key": "_rTWnUB41EDaqy8dz06hYVA",
      "to_method_name": "teleportPlayer",
      "to_method_key": "_g-OhIDnBEDa2Mv8JiweNng",
      "data_clump_type": "parameters_to_parameters_data_clump",
      "data_clump_data": {
        "_9yKjYDm9EDa2Mv8JiweNng": {
          "key": "_9yKjYDm9EDa2Mv8JiweNng",
          "name": "parameter",
          "type": null,
          "probability": 1,
          "modifiers": [],
          "to_variable": {
            "key": "_irdfADnBEDa2Mv8JiweNng",
            "name": "parameter",
            "type": null,
            "modifiers": [],
            "position": {}
          },
          "position": {}
        },
        "_-a2UADm9EDa2Mv8JiweNng": {
          "key": "_-a2UADm9EDa2Mv8JiweNng",
          "name": "parameter2",
          "type": null,
          "probability": 1,
          "modifiers": [],
          "to_variable": {
            "key": "_jf_TQDnBEDa2Mv8JiweNng",
            "name": "parameter2",
            "type": null,
            "modifiers": [],
            "position": {}
          },
          "position": {}
        },
        "__QKycDm9EDa2Mv8JiweNng": {
          "key": "__QKycDm9EDa2Mv8JiweNng",
          "name": "parameter3",
          "type": null,
          "probability": 1,
          "modifiers": [],
          "to_variable": {
            "key": "_kXxP0DnBEDa2Mv8JiweNng",
            "name": "parameter3",
            "type": null,
            "modifiers": [],
            "position": {}
          },
          "position": {}
        }
      }
    },
    "parameters_to_parameters_data_clump-./ViewGrid-_8kgdcDm9EDa2Mv8JiweNng-_bUaLMDm8EDa2Mv8JiweNng-parameterparameter2parameter3": {
      "type": "data_clump",
      "key": "parameters_to_parameters_data_clump-./ViewGrid-_8kgdcDm9EDa2Mv8JiweNng-_bUaLMDm8EDa2Mv8JiweNng-parameterparameter2parameter3",
      "probability": 1,
      "from_file_path": "./ViewGrid",
      "from_class_or_interface_name": "ViewGrid",
      "from_class_or_interface_key": "_I67u8Dm7EDa2Mv8JiweNng",
      "from_method_name": "drawBorder",
      "from_method_key": "_8kgdcDm9EDa2Mv8JiweNng",
      "to_file_path": "./Player",
      "to_class_or_interface_name": "Player",
      "to_class_or_interface_key": "_Xf07wTm7EDa2Mv8JiweNng",
      "to_method_name": "Player",
      "to_method_key": "_bUaLMDm8EDa2Mv8JiweNng",
      "data_clump_type": "parameters_to_parameters_data_clump",
      "data_clump_data": {
        "_9yKjYDm9EDa2Mv8JiweNng": {
          "key": "_9yKjYDm9EDa2Mv8JiweNng",
          "name": "parameter",
          "type": null,
          "probability": 1,
          "modifiers": [],
          "to_variable": {
            "key": "_cyQpQDm8EDa2Mv8JiweNng",
            "name": "parameter",
            "type": null,
            "modifiers": [],
            "position": {}
          },
          "position": {}
        },
        "_-a2UADm9EDa2Mv8JiweNng": {
          "key": "_-a2UADm9EDa2Mv8JiweNng",
          "name": "parameter2",
          "type": null,
          "probability": 1,
          "modifiers": [],
          "to_variable": {
            "key": "_dgbW0Dm8EDa2Mv8JiweNng",
            "name": "parameter2",
            "type": null,
            "modifiers": [],
            "position": {}
          },
          "position": {}
        },
        "__QKycDm9EDa2Mv8JiweNng": {
          "key": "__QKycDm9EDa2Mv8JiweNng",
          "name": "parameter3",
          "type": null,
          "probability": 1,
          "modifiers": [],
          "to_variable": {
            "key": "_eKeZYDm8EDa2Mv8JiweNng",
            "name": "parameter3",
            "type": null,
            "modifiers": [],
            "position": {}
          },
          "position": {}
        }
      }
    },
    "parameters_to_parameters_data_clump-./ViewGrid-_8kgdcDm9EDa2Mv8JiweNng-_2rzksDm9EDa2Mv8JiweNng-parameterparameter2parameter3": {
      "type": "data_clump",
      "key": "parameters_to_parameters_data_clump-./ViewGrid-_8kgdcDm9EDa2Mv8JiweNng-_2rzksDm9EDa2Mv8JiweNng-parameterparameter2parameter3",
      "probability": 1,
      "from_file_path": "./ViewGrid",
      "from_class_or_interface_name": "ViewGrid",
      "from_class_or_interface_key": "_I67u8Dm7EDa2Mv8JiweNng",
      "from_method_name": "drawBorder",
      "from_method_key": "_8kgdcDm9EDa2Mv8JiweNng",
      "to_file_path": "./ViewGrid",
      "to_class_or_interface_name": "ViewGrid",
      "to_class_or_interface_key": "_I67u8Dm7EDa2Mv8JiweNng",
      "to_method_name": "paint",
      "to_method_key": "_2rzksDm9EDa2Mv8JiweNng",
      "data_clump_type": "parameters_to_parameters_data_clump",
      "data_clump_data": {
        "_9yKjYDm9EDa2Mv8JiweNng": {
          "key": "_9yKjYDm9EDa2Mv8JiweNng",
          "name": "parameter",
          "type": null,
          "probability": 1,
          "modifiers": [],
          "to_variable": {
            "key": "_3p6ywDm9EDa2Mv8JiweNng",
            "name": "parameter",
            "type": null,
            "modifiers": [],
            "position": {}
          },
          "position": {}
        },
        "_-a2UADm9EDa2Mv8JiweNng": {
          "key": "_-a2UADm9EDa2Mv8JiweNng",
          "name": "parameter2",
          "type": null,
          "probability": 1,
          "modifiers": [],
          "to_variable": {
            "key": "_4cT5ADm9EDa2Mv8JiweNng",
            "name": "parameter2",
            "type": null,
            "modifiers": [],
            "position": {}
          },
          "position": {}
        },
        "__QKycDm9EDa2Mv8JiweNng": {
          "key": "__QKycDm9EDa2Mv8JiweNng",
          "name": "parameter3",
          "type": null,
          "probability": 1,
          "modifiers": [],
          "to_variable": {
            "key": "_5Kl7UDm9EDa2Mv8JiweNng",
            "name": "parameter3",
            "type": null,
            "modifiers": [],
            "position": {}
          },
          "position": {}
        }
      }
    }
  }
}