{
  "report_version": "unknown",
  "report_timestamp": "2025-03-26T21:53:52.398Z",
  "target_language": "java",
  "report_summary": {
    "additional": null,
    "amount_classes_or_interfaces_with_data_clumps": 1,
    "amount_files_with_data_clumps": 1,
    "amount_methods_with_data_clumps": 1,
    "fields_to_fields_data_clump": 0,
    "parameters_to_fields_data_clump": 1,
    "parameters_to_parameters_data_clump": 0,
    "amount_data_clumps": 1
  },
  "project_info": {
    "project_url": "unknown_project_url",
    "project_name": "_BQdf0NTWEem_DuabqFUAEg",
    "project_version": "unknown_project_version",
    "project_commit_hash": "unknown",
    "project_tag": null,
    "project_commit_date": null,
    "additional": {},
    "number_of_files": 4,
    "number_of_classes_or_interfaces": 4,
    "number_of_methods": 24,
    "number_of_data_fields": 5,
    "number_of_method_parameters": 11
  },
  "detector": {
    "name": "data-clumps-doctor",
    "url": "https://github.com/NilsBaumgartner1994/data-clumps-doctor",
    "version": "0.1.100",
    "options": {
      "typeVariablesConsidered": false,
      "similarityModifierOfVariablesWithUnknownType": 0,
      "fieldsOfClassesWithUnknownHierarchyProbabilityModifier": 0,
      "sharedFieldsToFieldsAmountMinimum": 3,
      "analyseFieldsInClassesOrInterfacesInheritedFromSuperClassesOrInterfaces": false,
      "sharedParametersToParametersAmountMinimum": 3,
      "sharedParametersToFieldsAmountMinimum": 3,
      "methodsOfClassesOrInterfacesWithUnknownHierarchyProbabilityModifier": 0
    }
  },
  "data_clumps": {
    "parameters_to_fields_data_clump-./Player-_P1jkIbp7EDeUFa--datQ2Q-_9HROQbj0EDe35Pp5Dlyzpg-namesymbolcolor": {
      "type": "data_clump",
      "key": "parameters_to_fields_data_clump-./Player-_P1jkIbp7EDeUFa--datQ2Q-_9HROQbj0EDe35Pp5Dlyzpg-namesymbolcolor",
      "probability": 1,
      "from_file_path": "./Player",
      "from_class_or_interface_name": "Player",
      "from_class_or_interface_key": "_9HROQbj0EDe35Pp5Dlyzpg",
      "from_method_name": "Player",
      "from_method_key": "_P1jkIbp7EDeUFa--datQ2Q",
      "to_file_path": "./Player",
      "to_class_or_interface_name": "Player",
      "to_class_or_interface_key": "_9HROQbj0EDe35Pp5Dlyzpg",
      "to_method_name": null,
      "to_method_key": null,
      "data_clump_type": "parameters_to_fields_data_clump",
      "data_clump_data": {
        "_SOIQ4LsyEDeM07-9iPlJPw": {
          "key": "_SOIQ4LsyEDeM07-9iPlJPw",
          "name": "name",
          "type": null,
          "probability": 1,
          "modifiers": [],
          "to_variable": {
            "key": "_JbldMbsyEDeM07-9iPlJPw",
            "name": "name",
            "type": null,
            "modifiers": [],
            "position": {}
          },
          "position": {}
        },
        "_S5cewLsyEDeM07-9iPlJPw": {
          "key": "_S5cewLsyEDeM07-9iPlJPw",
          "name": "symbol",
          "type": null,
          "probability": 1,
          "modifiers": [],
          "to_variable": {
            "key": "_KuoZcbsyEDeM07-9iPlJPw",
            "name": "symbol",
            "type": null,
            "modifiers": [],
            "position": {}
          },
          "position": {}
        },
        "_TfLCALsyEDeM07-9iPlJPw": {
          "key": "_TfLCALsyEDeM07-9iPlJPw",
          "name": "color",
          "type": null,
          "probability": 1,
          "modifiers": [],
          "to_variable": {
            "key": "_MHb_cbsyEDeM07-9iPlJPw",
            "name": "color",
            "type": null,
            "modifiers": [],
            "position": {}
          },
          "position": {}
        }
      }
    }
  }
}