{
  "report_version": "unknown",
  "report_timestamp": "2025-03-26T22:02:18.495Z",
  "target_language": "java",
  "report_summary": {
    "additional": null,
    "amount_classes_or_interfaces_with_data_clumps": 2,
    "amount_files_with_data_clumps": 2,
    "amount_methods_with_data_clumps": 0,
    "fields_to_fields_data_clump": 2,
    "parameters_to_fields_data_clump": 0,
    "parameters_to_parameters_data_clump": 0,
    "amount_data_clumps": 2
  },
  "project_info": {
    "project_url": "unknown_project_url",
    "project_name": "_bSbvQNk-Eeu6V7qnWRg0WQ",
    "project_version": "unknown_project_version",
    "project_commit_hash": "unknown",
    "project_tag": null,
    "project_commit_date": null,
    "additional": {},
    "number_of_files": 6,
    "number_of_classes_or_interfaces": 6,
    "number_of_methods": 45,
    "number_of_data_fields": 50,
    "number_of_method_parameters": 0
  },
  "detector": {
    "name": "data-clumps-doctor",
    "url": "https://github.com/NilsBaumgartner1994/data-clumps-doctor",
    "version": "0.1.100",
    "options": {
      "typeVariablesConsidered": false,
      "similarityModifierOfVariablesWithUnknownType": 0,
      "fieldsOfClassesWithUnknownHierarchyProbabilityModifier": 0,
      "sharedFieldsToFieldsAmountMinimum": 3,
      "analyseFieldsInClassesOrInterfacesInheritedFromSuperClassesOrInterfaces": false,
      "sharedParametersToParametersAmountMinimum": 3,
      "sharedParametersToFieldsAmountMinimum": 3,
      "methodsOfClassesOrInterfacesWithUnknownHierarchyProbabilityModifier": 0
    }
  },
  "data_clumps": {
    "fields_to_fields_data_clump-./Grupos-_bTVHrNk-Eeu6V7qnWRg0WQ-_bTVHcdk-Eeu6V7qnWRg0WQ-ID_pagoID_usuarioID_cursoID_profesorattribute": {
      "type": "data_clump",
      "key": "fields_to_fields_data_clump-./Grupos-_bTVHrNk-Eeu6V7qnWRg0WQ-_bTVHcdk-Eeu6V7qnWRg0WQ-ID_pagoID_usuarioID_cursoID_profesorattribute",
      "probability": 1,
      "from_file_path": "./Grupos",
      "from_class_or_interface_name": "Grupos",
      "from_class_or_interface_key": "_bTVHrNk-Eeu6V7qnWRg0WQ",
      "from_method_name": null,
      "from_method_key": null,
      "to_file_path": "./Pago",
      "to_class_or_interface_key": "_bTVHcdk-Eeu6V7qnWRg0WQ",
      "to_class_or_interface_name": "Grupos",
      "to_method_key": null,
      "to_method_name": null,
      "data_clump_type": "fields_to_fields_data_clump",
      "data_clump_data": {
        "_bTVHrtk-Eeu6V7qnWRg0WQ": {
          "key": "_bTVHrtk-Eeu6V7qnWRg0WQ",
          "name": "ID_pago",
          "type": null,
          "probability": 1,
          "modifiers": [
            "public"
          ],
          "to_variable": {
            "key": "_bTVHctk-Eeu6V7qnWRg0WQ",
            "name": "ID_pago",
            "type": null,
            "modifiers": [
              "public"
            ],
            "position": {}
          },
          "position": {}
        },
        "_bTVHr9k-Eeu6V7qnWRg0WQ": {
          "key": "_bTVHr9k-Eeu6V7qnWRg0WQ",
          "name": "ID_usuario",
          "type": null,
          "probability": 1,
          "modifiers": [
            "public"
          ],
          "to_variable": {
            "key": "_bTVHc9k-Eeu6V7qnWRg0WQ",
            "name": "ID_usuario",
            "type": null,
            "modifiers": [
              "public"
            ],
            "position": {}
          },
          "position": {}
        },
        "_bTVHsNk-Eeu6V7qnWRg0WQ": {
          "key": "_bTVHsNk-Eeu6V7qnWRg0WQ",
          "name": "ID_curso",
          "type": null,
          "probability": 1,
          "modifiers": [
            "public"
          ],
          "to_variable": {
            "key": "_bTVHdNk-Eeu6V7qnWRg0WQ",
            "name": "ID_curso",
            "type": null,
            "modifiers": [
              "public"
            ],
            "position": {}
          },
          "position": {}
        },
        "_bTVHsdk-Eeu6V7qnWRg0WQ": {
          "key": "_bTVHsdk-Eeu6V7qnWRg0WQ",
          "name": "ID_profesor",
          "type": null,
          "probability": 1,
          "modifiers": [
            "public"
          ],
          "to_variable": {
            "key": "_bTVHddk-Eeu6V7qnWRg0WQ",
            "name": "ID_profesor",
            "type": null,
            "modifiers": [
              "public"
            ],
            "position": {}
          },
          "position": {}
        },
        "_bTVHtdk-Eeu6V7qnWRg0WQ": {
          "key": "_bTVHtdk-Eeu6V7qnWRg0WQ",
          "name": "attribute",
          "type": null,
          "probability": 1,
          "modifiers": [
            "public"
          ],
          "to_variable": {
            "key": "_bTVHfNk-Eeu6V7qnWRg0WQ",
            "name": "attribute",
            "type": null,
            "modifiers": [
              "public"
            ],
            "position": {}
          },
          "position": {}
        }
      }
    },
    "fields_to_fields_data_clump-./Pago-_bTVHcdk-Eeu6V7qnWRg0WQ-_bTVHrNk-Eeu6V7qnWRg0WQ-ID_pagoID_usuarioID_cursoID_profesorattribute": {
      "type": "data_clump",
      "key": "fields_to_fields_data_clump-./Pago-_bTVHcdk-Eeu6V7qnWRg0WQ-_bTVHrNk-Eeu6V7qnWRg0WQ-ID_pagoID_usuarioID_cursoID_profesorattribute",
      "probability": 1,
      "from_file_path": "./Pago",
      "from_class_or_interface_name": "Pago",
      "from_class_or_interface_key": "_bTVHcdk-Eeu6V7qnWRg0WQ",
      "from_method_name": null,
      "from_method_key": null,
      "to_file_path": "./Grupos",
      "to_class_or_interface_key": "_bTVHrNk-Eeu6V7qnWRg0WQ",
      "to_class_or_interface_name": "Pago",
      "to_method_key": null,
      "to_method_name": null,
      "data_clump_type": "fields_to_fields_data_clump",
      "data_clump_data": {
        "_bTVHctk-Eeu6V7qnWRg0WQ": {
          "key": "_bTVHctk-Eeu6V7qnWRg0WQ",
          "name": "ID_pago",
          "type": null,
          "probability": 1,
          "modifiers": [
            "public"
          ],
          "to_variable": {
            "key": "_bTVHrtk-Eeu6V7qnWRg0WQ",
            "name": "ID_pago",
            "type": null,
            "modifiers": [
              "public"
            ],
            "position": {}
          },
          "position": {}
        },
        "_bTVHc9k-Eeu6V7qnWRg0WQ": {
          "key": "_bTVHc9k-Eeu6V7qnWRg0WQ",
          "name": "ID_usuario",
          "type": null,
          "probability": 1,
          "modifiers": [
            "public"
          ],
          "to_variable": {
            "key": "_bTVHr9k-Eeu6V7qnWRg0WQ",
            "name": "ID_usuario",
            "type": null,
            "modifiers": [
              "public"
            ],
            "position": {}
          },
          "position": {}
        },
        "_bTVHdNk-Eeu6V7qnWRg0WQ": {
          "key": "_bTVHdNk-Eeu6V7qnWRg0WQ",
          "name": "ID_curso",
          "type": null,
          "probability": 1,
          "modifiers": [
            "public"
          ],
          "to_variable": {
            "key": "_bTVHsNk-Eeu6V7qnWRg0WQ",
            "name": "ID_curso",
            "type": null,
            "modifiers": [
              "public"
            ],
            "position": {}
          },
          "position": {}
        },
        "_bTVHddk-Eeu6V7qnWRg0WQ": {
          "key": "_bTVHddk-Eeu6V7qnWRg0WQ",
          "name": "ID_profesor",
          "type": null,
          "probability": 1,
          "modifiers": [
            "public"
          ],
          "to_variable": {
            "key": "_bTVHsdk-Eeu6V7qnWRg0WQ",
            "name": "ID_profesor",
            "type": null,
            "modifiers": [
              "public"
            ],
            "position": {}
          },
          "position": {}
        },
        "_bTVHfNk-Eeu6V7qnWRg0WQ": {
          "key": "_bTVHfNk-Eeu6V7qnWRg0WQ",
          "name": "attribute",
          "type": null,
          "probability": 1,
          "modifiers": [
            "public"
          ],
          "to_variable": {
            "key": "_bTVHtdk-Eeu6V7qnWRg0WQ",
            "name": "attribute",
            "type": null,
            "modifiers": [
              "public"
            ],
            "position": {}
          },
          "position": {}
        }
      }
    }
  }
}