{
  "report_version": "unknown",
  "report_timestamp": "2025-03-26T21:51:25.575Z",
  "target_language": "java",
  "report_summary": {
    "additional": null,
    "amount_classes_or_interfaces_with_data_clumps": 4,
    "amount_files_with_data_clumps": 4,
    "amount_methods_with_data_clumps": 0,
    "fields_to_fields_data_clump": 12,
    "parameters_to_fields_data_clump": 0,
    "parameters_to_parameters_data_clump": 0,
    "amount_data_clumps": 12
  },
  "project_info": {
    "project_url": "unknown_project_url",
    "project_name": "_LkzF4JHfEDG_H5RkFjJqjg",
    "project_version": "unknown_project_version",
    "project_commit_hash": "unknown",
    "project_tag": null,
    "project_commit_date": null,
    "additional": {},
    "number_of_files": 8,
    "number_of_classes_or_interfaces": 8,
    "number_of_methods": 16,
    "number_of_data_fields": 24,
    "number_of_method_parameters": 0
  },
  "detector": {
    "name": "data-clumps-doctor",
    "url": "https://github.com/NilsBaumgartner1994/data-clumps-doctor",
    "version": "0.1.100",
    "options": {
      "typeVariablesConsidered": false,
      "similarityModifierOfVariablesWithUnknownType": 0,
      "fieldsOfClassesWithUnknownHierarchyProbabilityModifier": 0,
      "sharedFieldsToFieldsAmountMinimum": 3,
      "analyseFieldsInClassesOrInterfacesInheritedFromSuperClassesOrInterfaces": false,
      "sharedParametersToParametersAmountMinimum": 3,
      "sharedParametersToFieldsAmountMinimum": 3,
      "methodsOfClassesOrInterfacesWithUnknownHierarchyProbabilityModifier": 0
    }
  },
  "data_clumps": {
    "fields_to_fields_data_clump-./Book-_e9fo0JHzEDGWDadL2VEYMA-_jzKXQJHzEDGWDadL2VEYMA-checkedOutreservedtimeCheckedOutnameidNumber": {
      "type": "data_clump",
      "key": "fields_to_fields_data_clump-./Book-_e9fo0JHzEDGWDadL2VEYMA-_jzKXQJHzEDGWDadL2VEYMA-checkedOutreservedtimeCheckedOutnameidNumber",
      "probability": 1,
      "from_file_path": "./Book",
      "from_class_or_interface_name": "Book",
      "from_class_or_interface_key": "_e9fo0JHzEDGWDadL2VEYMA",
      "from_method_name": null,
      "from_method_key": null,
      "to_file_path": "./Musiccd",
      "to_class_or_interface_key": "_jzKXQJHzEDGWDadL2VEYMA",
      "to_class_or_interface_name": "Book",
      "to_method_key": null,
      "to_method_name": null,
      "data_clump_type": "fields_to_fields_data_clump",
      "data_clump_data": {
        "_GsPO8JH0EDGWDadL2VEYMA": {
          "key": "_GsPO8JH0EDGWDadL2VEYMA",
          "name": "checkedOut",
          "type": null,
          "probability": 1,
          "modifiers": [],
          "to_variable": {
            "key": "_UTSTcJH0EDGWDadL2VEYMA",
            "name": "checkedOut",
            "type": null,
            "modifiers": [],
            "position": {}
          },
          "position": {}
        },
        "_A0I9sJH1EDGWDadL2VEYMA": {
          "key": "_A0I9sJH1EDGWDadL2VEYMA",
          "name": "reserved",
          "type": null,
          "probability": 1,
          "modifiers": [],
          "to_variable": {
            "key": "_uxlaYJH4EDGWDadL2VEYMA",
            "name": "reserved",
            "type": null,
            "modifiers": [],
            "position": {}
          },
          "position": {}
        },
        "_LbglAJH1EDGWDadL2VEYMA": {
          "key": "_LbglAJH1EDGWDadL2VEYMA",
          "name": "timeCheckedOut",
          "type": null,
          "probability": 1,
          "modifiers": [],
          "to_variable": {
            "key": "_vV_vAJH4EDGWDadL2VEYMA",
            "name": "timeCheckedOut",
            "type": null,
            "modifiers": [],
            "position": {}
          },
          "position": {}
        },
        "_PzfR4JH1EDGWDadL2VEYMA": {
          "key": "_PzfR4JH1EDGWDadL2VEYMA",
          "name": "name",
          "type": null,
          "probability": 1,
          "modifiers": [],
          "to_variable": {
            "key": "_wc0NIJH4EDGWDadL2VEYMA",
            "name": "name",
            "type": null,
            "modifiers": [],
            "position": {}
          },
          "position": {}
        },
        "_We4L0JH1EDGWDadL2VEYMA": {
          "key": "_We4L0JH1EDGWDadL2VEYMA",
          "name": "idNumber",
          "type": null,
          "probability": 1,
          "modifiers": [],
          "to_variable": {
            "key": "_yFO8cJH4EDGWDadL2VEYMA",
            "name": "idNumber",
            "type": null,
            "modifiers": [],
            "position": {}
          },
          "position": {}
        }
      }
    },
    "fields_to_fields_data_clump-./Book-_e9fo0JHzEDGWDadL2VEYMA-_jBMHwJHzEDGWDadL2VEYMA-checkedOutreservedtimeCheckedOutnameidNumber": {
      "type": "data_clump",
      "key": "fields_to_fields_data_clump-./Book-_e9fo0JHzEDGWDadL2VEYMA-_jBMHwJHzEDGWDadL2VEYMA-checkedOutreservedtimeCheckedOutnameidNumber",
      "probability": 1,
      "from_file_path": "./Book",
      "from_class_or_interface_name": "Book",
      "from_class_or_interface_key": "_e9fo0JHzEDGWDadL2VEYMA",
      "from_method_name": null,
      "from_method_key": null,
      "to_file_path": "./Software",
      "to_class_or_interface_key": "_jBMHwJHzEDGWDadL2VEYMA",
      "to_class_or_interface_name": "Book",
      "to_method_key": null,
      "to_method_name": null,
      "data_clump_type": "fields_to_fields_data_clump",
      "data_clump_data": {
        "_GsPO8JH0EDGWDadL2VEYMA": {
          "key": "_GsPO8JH0EDGWDadL2VEYMA",
          "name": "checkedOut",
          "type": null,
          "probability": 1,
          "modifiers": [],
          "to_variable": {
            "key": "_SSFQsJH0EDGWDadL2VEYMA",
            "name": "checkedOut",
            "type": null,
            "modifiers": [],
            "position": {}
          },
          "position": {}
        },
        "_A0I9sJH1EDGWDadL2VEYMA": {
          "key": "_A0I9sJH1EDGWDadL2VEYMA",
          "name": "reserved",
          "type": null,
          "probability": 1,
          "modifiers": [],
          "to_variable": {
            "key": "_p3Bk4JH4EDGWDadL2VEYMA",
            "name": "reserved",
            "type": null,
            "modifiers": [],
            "position": {}
          },
          "position": {}
        },
        "_LbglAJH1EDGWDadL2VEYMA": {
          "key": "_LbglAJH1EDGWDadL2VEYMA",
          "name": "timeCheckedOut",
          "type": null,
          "probability": 1,
          "modifiers": [],
          "to_variable": {
            "key": "_rKZ4UJH4EDGWDadL2VEYMA",
            "name": "timeCheckedOut",
            "type": null,
            "modifiers": [],
            "position": {}
          },
          "position": {}
        },
        "_PzfR4JH1EDGWDadL2VEYMA": {
          "key": "_PzfR4JH1EDGWDadL2VEYMA",
          "name": "name",
          "type": null,
          "probability": 1,
          "modifiers": [],
          "to_variable": {
            "key": "_sdIrgJH4EDGWDadL2VEYMA",
            "name": "name",
            "type": null,
            "modifiers": [],
            "position": {}
          },
          "position": {}
        },
        "_We4L0JH1EDGWDadL2VEYMA": {
          "key": "_We4L0JH1EDGWDadL2VEYMA",
          "name": "idNumber",
          "type": null,
          "probability": 1,
          "modifiers": [],
          "to_variable": {
            "key": "_tQHAkJH4EDGWDadL2VEYMA",
            "name": "idNumber",
            "type": null,
            "modifiers": [],
            "position": {}
          },
          "position": {}
        }
      }
    },
    "fields_to_fields_data_clump-./Book-_e9fo0JHzEDGWDadL2VEYMA-_ksaTcJHzEDGWDadL2VEYMA-checkedOutreservedtimeCheckedOutnameidNumber": {
      "type": "data_clump",
      "key": "fields_to_fields_data_clump-./Book-_e9fo0JHzEDGWDadL2VEYMA-_ksaTcJHzEDGWDadL2VEYMA-checkedOutreservedtimeCheckedOutnameidNumber",
      "probability": 1,
      "from_file_path": "./Book",
      "from_class_or_interface_name": "Book",
      "from_class_or_interface_key": "_e9fo0JHzEDGWDadL2VEYMA",
      "from_method_name": null,
      "from_method_key": null,
      "to_file_path": "./Video",
      "to_class_or_interface_key": "_ksaTcJHzEDGWDadL2VEYMA",
      "to_class_or_interface_name": "Book",
      "to_method_key": null,
      "to_method_name": null,
      "data_clump_type": "fields_to_fields_data_clump",
      "data_clump_data": {
        "_GsPO8JH0EDGWDadL2VEYMA": {
          "key": "_GsPO8JH0EDGWDadL2VEYMA",
          "name": "checkedOut",
          "type": null,
          "probability": 1,
          "modifiers": [],
          "to_variable": {
            "key": "_Vi6vUJH0EDGWDadL2VEYMA",
            "name": "checkedOut",
            "type": null,
            "modifiers": [],
            "position": {}
          },
          "position": {}
        },
        "_A0I9sJH1EDGWDadL2VEYMA": {
          "key": "_A0I9sJH1EDGWDadL2VEYMA",
          "name": "reserved",
          "type": null,
          "probability": 1,
          "modifiers": [],
          "to_variable": {
            "key": "_zPyrEJH4EDGWDadL2VEYMA",
            "name": "reserved",
            "type": null,
            "modifiers": [],
            "position": {}
          },
          "position": {}
        },
        "_LbglAJH1EDGWDadL2VEYMA": {
          "key": "_LbglAJH1EDGWDadL2VEYMA",
          "name": "timeCheckedOut",
          "type": null,
          "probability": 1,
          "modifiers": [],
          "to_variable": {
            "key": "_z4d0oJH4EDGWDadL2VEYMA",
            "name": "timeCheckedOut",
            "type": null,
            "modifiers": [],
            "position": {}
          },
          "position": {}
        },
        "_PzfR4JH1EDGWDadL2VEYMA": {
          "key": "_PzfR4JH1EDGWDadL2VEYMA",
          "name": "name",
          "type": null,
          "probability": 1,
          "modifiers": [],
          "to_variable": {
            "key": "_0-PJ4JH4EDGWDadL2VEYMA",
            "name": "name",
            "type": null,
            "modifiers": [],
            "position": {}
          },
          "position": {}
        },
        "_We4L0JH1EDGWDadL2VEYMA": {
          "key": "_We4L0JH1EDGWDadL2VEYMA",
          "name": "idNumber",
          "type": null,
          "probability": 1,
          "modifiers": [],
          "to_variable": {
            "key": "_1ngwYJH4EDGWDadL2VEYMA",
            "name": "idNumber",
            "type": null,
            "modifiers": [],
            "position": {}
          },
          "position": {}
        }
      }
    },
    "fields_to_fields_data_clump-./Musiccd-_jzKXQJHzEDGWDadL2VEYMA-_e9fo0JHzEDGWDadL2VEYMA-checkedOutreservedtimeCheckedOutnameidNumber": {
      "type": "data_clump",
      "key": "fields_to_fields_data_clump-./Musiccd-_jzKXQJHzEDGWDadL2VEYMA-_e9fo0JHzEDGWDadL2VEYMA-checkedOutreservedtimeCheckedOutnameidNumber",
      "probability": 1,
      "from_file_path": "./Musiccd",
      "from_class_or_interface_name": "Musiccd",
      "from_class_or_interface_key": "_jzKXQJHzEDGWDadL2VEYMA",
      "from_method_name": null,
      "from_method_key": null,
      "to_file_path": "./Book",
      "to_class_or_interface_key": "_e9fo0JHzEDGWDadL2VEYMA",
      "to_class_or_interface_name": "Musiccd",
      "to_method_key": null,
      "to_method_name": null,
      "data_clump_type": "fields_to_fields_data_clump",
      "data_clump_data": {
        "_UTSTcJH0EDGWDadL2VEYMA": {
          "key": "_UTSTcJH0EDGWDadL2VEYMA",
          "name": "checkedOut",
          "type": null,
          "probability": 1,
          "modifiers": [],
          "to_variable": {
            "key": "_GsPO8JH0EDGWDadL2VEYMA",
            "name": "checkedOut",
            "type": null,
            "modifiers": [],
            "position": {}
          },
          "position": {}
        },
        "_uxlaYJH4EDGWDadL2VEYMA": {
          "key": "_uxlaYJH4EDGWDadL2VEYMA",
          "name": "reserved",
          "type": null,
          "probability": 1,
          "modifiers": [],
          "to_variable": {
            "key": "_A0I9sJH1EDGWDadL2VEYMA",
            "name": "reserved",
            "type": null,
            "modifiers": [],
            "position": {}
          },
          "position": {}
        },
        "_vV_vAJH4EDGWDadL2VEYMA": {
          "key": "_vV_vAJH4EDGWDadL2VEYMA",
          "name": "timeCheckedOut",
          "type": null,
          "probability": 1,
          "modifiers": [],
          "to_variable": {
            "key": "_LbglAJH1EDGWDadL2VEYMA",
            "name": "timeCheckedOut",
            "type": null,
            "modifiers": [],
            "position": {}
          },
          "position": {}
        },
        "_wc0NIJH4EDGWDadL2VEYMA": {
          "key": "_wc0NIJH4EDGWDadL2VEYMA",
          "name": "name",
          "type": null,
          "probability": 1,
          "modifiers": [],
          "to_variable": {
            "key": "_PzfR4JH1EDGWDadL2VEYMA",
            "name": "name",
            "type": null,
            "modifiers": [],
            "position": {}
          },
          "position": {}
        },
        "_yFO8cJH4EDGWDadL2VEYMA": {
          "key": "_yFO8cJH4EDGWDadL2VEYMA",
          "name": "idNumber",
          "type": null,
          "probability": 1,
          "modifiers": [],
          "to_variable": {
            "key": "_We4L0JH1EDGWDadL2VEYMA",
            "name": "idNumber",
            "type": null,
            "modifiers": [],
            "position": {}
          },
          "position": {}
        }
      }
    },
    "fields_to_fields_data_clump-./Musiccd-_jzKXQJHzEDGWDadL2VEYMA-_jBMHwJHzEDGWDadL2VEYMA-checkedOutreservedtimeCheckedOutnameidNumber": {
      "type": "data_clump",
      "key": "fields_to_fields_data_clump-./Musiccd-_jzKXQJHzEDGWDadL2VEYMA-_jBMHwJHzEDGWDadL2VEYMA-checkedOutreservedtimeCheckedOutnameidNumber",
      "probability": 1,
      "from_file_path": "./Musiccd",
      "from_class_or_interface_name": "Musiccd",
      "from_class_or_interface_key": "_jzKXQJHzEDGWDadL2VEYMA",
      "from_method_name": null,
      "from_method_key": null,
      "to_file_path": "./Software",
      "to_class_or_interface_key": "_jBMHwJHzEDGWDadL2VEYMA",
      "to_class_or_interface_name": "Musiccd",
      "to_method_key": null,
      "to_method_name": null,
      "data_clump_type": "fields_to_fields_data_clump",
      "data_clump_data": {
        "_UTSTcJH0EDGWDadL2VEYMA": {
          "key": "_UTSTcJH0EDGWDadL2VEYMA",
          "name": "checkedOut",
          "type": null,
          "probability": 1,
          "modifiers": [],
          "to_variable": {
            "key": "_SSFQsJH0EDGWDadL2VEYMA",
            "name": "checkedOut",
            "type": null,
            "modifiers": [],
            "position": {}
          },
          "position": {}
        },
        "_uxlaYJH4EDGWDadL2VEYMA": {
          "key": "_uxlaYJH4EDGWDadL2VEYMA",
          "name": "reserved",
          "type": null,
          "probability": 1,
          "modifiers": [],
          "to_variable": {
            "key": "_p3Bk4JH4EDGWDadL2VEYMA",
            "name": "reserved",
            "type": null,
            "modifiers": [],
            "position": {}
          },
          "position": {}
        },
        "_vV_vAJH4EDGWDadL2VEYMA": {
          "key": "_vV_vAJH4EDGWDadL2VEYMA",
          "name": "timeCheckedOut",
          "type": null,
          "probability": 1,
          "modifiers": [],
          "to_variable": {
            "key": "_rKZ4UJH4EDGWDadL2VEYMA",
            "name": "timeCheckedOut",
            "type": null,
            "modifiers": [],
            "position": {}
          },
          "position": {}
        },
        "_wc0NIJH4EDGWDadL2VEYMA": {
          "key": "_wc0NIJH4EDGWDadL2VEYMA",
          "name": "name",
          "type": null,
          "probability": 1,
          "modifiers": [],
          "to_variable": {
            "key": "_sdIrgJH4EDGWDadL2VEYMA",
            "name": "name",
            "type": null,
            "modifiers": [],
            "position": {}
          },
          "position": {}
        },
        "_yFO8cJH4EDGWDadL2VEYMA": {
          "key": "_yFO8cJH4EDGWDadL2VEYMA",
          "name": "idNumber",
          "type": null,
          "probability": 1,
          "modifiers": [],
          "to_variable": {
            "key": "_tQHAkJH4EDGWDadL2VEYMA",
            "name": "idNumber",
            "type": null,
            "modifiers": [],
            "position": {}
          },
          "position": {}
        }
      }
    },
    "fields_to_fields_data_clump-./Musiccd-_jzKXQJHzEDGWDadL2VEYMA-_ksaTcJHzEDGWDadL2VEYMA-checkedOutreservedtimeCheckedOutnameidNumber": {
      "type": "data_clump",
      "key": "fields_to_fields_data_clump-./Musiccd-_jzKXQJHzEDGWDadL2VEYMA-_ksaTcJHzEDGWDadL2VEYMA-checkedOutreservedtimeCheckedOutnameidNumber",
      "probability": 1,
      "from_file_path": "./Musiccd",
      "from_class_or_interface_name": "Musiccd",
      "from_class_or_interface_key": "_jzKXQJHzEDGWDadL2VEYMA",
      "from_method_name": null,
      "from_method_key": null,
      "to_file_path": "./Video",
      "to_class_or_interface_key": "_ksaTcJHzEDGWDadL2VEYMA",
      "to_class_or_interface_name": "Musiccd",
      "to_method_key": null,
      "to_method_name": null,
      "data_clump_type": "fields_to_fields_data_clump",
      "data_clump_data": {
        "_UTSTcJH0EDGWDadL2VEYMA": {
          "key": "_UTSTcJH0EDGWDadL2VEYMA",
          "name": "checkedOut",
          "type": null,
          "probability": 1,
          "modifiers": [],
          "to_variable": {
            "key": "_Vi6vUJH0EDGWDadL2VEYMA",
            "name": "checkedOut",
            "type": null,
            "modifiers": [],
            "position": {}
          },
          "position": {}
        },
        "_uxlaYJH4EDGWDadL2VEYMA": {
          "key": "_uxlaYJH4EDGWDadL2VEYMA",
          "name": "reserved",
          "type": null,
          "probability": 1,
          "modifiers": [],
          "to_variable": {
            "key": "_zPyrEJH4EDGWDadL2VEYMA",
            "name": "reserved",
            "type": null,
            "modifiers": [],
            "position": {}
          },
          "position": {}
        },
        "_vV_vAJH4EDGWDadL2VEYMA": {
          "key": "_vV_vAJH4EDGWDadL2VEYMA",
          "name": "timeCheckedOut",
          "type": null,
          "probability": 1,
          "modifiers": [],
          "to_variable": {
            "key": "_z4d0oJH4EDGWDadL2VEYMA",
            "name": "timeCheckedOut",
            "type": null,
            "modifiers": [],
            "position": {}
          },
          "position": {}
        },
        "_wc0NIJH4EDGWDadL2VEYMA": {
          "key": "_wc0NIJH4EDGWDadL2VEYMA",
          "name": "name",
          "type": null,
          "probability": 1,
          "modifiers": [],
          "to_variable": {
            "key": "_0-PJ4JH4EDGWDadL2VEYMA",
            "name": "name",
            "type": null,
            "modifiers": [],
            "position": {}
          },
          "position": {}
        },
        "_yFO8cJH4EDGWDadL2VEYMA": {
          "key": "_yFO8cJH4EDGWDadL2VEYMA",
          "name": "idNumber",
          "type": null,
          "probability": 1,
          "modifiers": [],
          "to_variable": {
            "key": "_1ngwYJH4EDGWDadL2VEYMA",
            "name": "idNumber",
            "type": null,
            "modifiers": [],
            "position": {}
          },
          "position": {}
        }
      }
    },
    "fields_to_fields_data_clump-./Software-_jBMHwJHzEDGWDadL2VEYMA-_e9fo0JHzEDGWDadL2VEYMA-checkedOutreservedtimeCheckedOutnameidNumber": {
      "type": "data_clump",
      "key": "fields_to_fields_data_clump-./Software-_jBMHwJHzEDGWDadL2VEYMA-_e9fo0JHzEDGWDadL2VEYMA-checkedOutreservedtimeCheckedOutnameidNumber",
      "probability": 1,
      "from_file_path": "./Software",
      "from_class_or_interface_name": "Software",
      "from_class_or_interface_key": "_jBMHwJHzEDGWDadL2VEYMA",
      "from_method_name": null,
      "from_method_key": null,
      "to_file_path": "./Book",
      "to_class_or_interface_key": "_e9fo0JHzEDGWDadL2VEYMA",
      "to_class_or_interface_name": "Software",
      "to_method_key": null,
      "to_method_name": null,
      "data_clump_type": "fields_to_fields_data_clump",
      "data_clump_data": {
        "_SSFQsJH0EDGWDadL2VEYMA": {
          "key": "_SSFQsJH0EDGWDadL2VEYMA",
          "name": "checkedOut",
          "type": null,
          "probability": 1,
          "modifiers": [],
          "to_variable": {
            "key": "_GsPO8JH0EDGWDadL2VEYMA",
            "name": "checkedOut",
            "type": null,
            "modifiers": [],
            "position": {}
          },
          "position": {}
        },
        "_p3Bk4JH4EDGWDadL2VEYMA": {
          "key": "_p3Bk4JH4EDGWDadL2VEYMA",
          "name": "reserved",
          "type": null,
          "probability": 1,
          "modifiers": [],
          "to_variable": {
            "key": "_A0I9sJH1EDGWDadL2VEYMA",
            "name": "reserved",
            "type": null,
            "modifiers": [],
            "position": {}
          },
          "position": {}
        },
        "_rKZ4UJH4EDGWDadL2VEYMA": {
          "key": "_rKZ4UJH4EDGWDadL2VEYMA",
          "name": "timeCheckedOut",
          "type": null,
          "probability": 1,
          "modifiers": [],
          "to_variable": {
            "key": "_LbglAJH1EDGWDadL2VEYMA",
            "name": "timeCheckedOut",
            "type": null,
            "modifiers": [],
            "position": {}
          },
          "position": {}
        },
        "_sdIrgJH4EDGWDadL2VEYMA": {
          "key": "_sdIrgJH4EDGWDadL2VEYMA",
          "name": "name",
          "type": null,
          "probability": 1,
          "modifiers": [],
          "to_variable": {
            "key": "_PzfR4JH1EDGWDadL2VEYMA",
            "name": "name",
            "type": null,
            "modifiers": [],
            "position": {}
          },
          "position": {}
        },
        "_tQHAkJH4EDGWDadL2VEYMA": {
          "key": "_tQHAkJH4EDGWDadL2VEYMA",
          "name": "idNumber",
          "type": null,
          "probability": 1,
          "modifiers": [],
          "to_variable": {
            "key": "_We4L0JH1EDGWDadL2VEYMA",
            "name": "idNumber",
            "type": null,
            "modifiers": [],
            "position": {}
          },
          "position": {}
        }
      }
    },
    "fields_to_fields_data_clump-./Software-_jBMHwJHzEDGWDadL2VEYMA-_jzKXQJHzEDGWDadL2VEYMA-checkedOutreservedtimeCheckedOutnameidNumber": {
      "type": "data_clump",
      "key": "fields_to_fields_data_clump-./Software-_jBMHwJHzEDGWDadL2VEYMA-_jzKXQJHzEDGWDadL2VEYMA-checkedOutreservedtimeCheckedOutnameidNumber",
      "probability": 1,
      "from_file_path": "./Software",
      "from_class_or_interface_name": "Software",
      "from_class_or_interface_key": "_jBMHwJHzEDGWDadL2VEYMA",
      "from_method_name": null,
      "from_method_key": null,
      "to_file_path": "./Musiccd",
      "to_class_or_interface_key": "_jzKXQJHzEDGWDadL2VEYMA",
      "to_class_or_interface_name": "Software",
      "to_method_key": null,
      "to_method_name": null,
      "data_clump_type": "fields_to_fields_data_clump",
      "data_clump_data": {
        "_SSFQsJH0EDGWDadL2VEYMA": {
          "key": "_SSFQsJH0EDGWDadL2VEYMA",
          "name": "checkedOut",
          "type": null,
          "probability": 1,
          "modifiers": [],
          "to_variable": {
            "key": "_UTSTcJH0EDGWDadL2VEYMA",
            "name": "checkedOut",
            "type": null,
            "modifiers": [],
            "position": {}
          },
          "position": {}
        },
        "_p3Bk4JH4EDGWDadL2VEYMA": {
          "key": "_p3Bk4JH4EDGWDadL2VEYMA",
          "name": "reserved",
          "type": null,
          "probability": 1,
          "modifiers": [],
          "to_variable": {
            "key": "_uxlaYJH4EDGWDadL2VEYMA",
            "name": "reserved",
            "type": null,
            "modifiers": [],
            "position": {}
          },
          "position": {}
        },
        "_rKZ4UJH4EDGWDadL2VEYMA": {
          "key": "_rKZ4UJH4EDGWDadL2VEYMA",
          "name": "timeCheckedOut",
          "type": null,
          "probability": 1,
          "modifiers": [],
          "to_variable": {
            "key": "_vV_vAJH4EDGWDadL2VEYMA",
            "name": "timeCheckedOut",
            "type": null,
            "modifiers": [],
            "position": {}
          },
          "position": {}
        },
        "_sdIrgJH4EDGWDadL2VEYMA": {
          "key": "_sdIrgJH4EDGWDadL2VEYMA",
          "name": "name",
          "type": null,
          "probability": 1,
          "modifiers": [],
          "to_variable": {
            "key": "_wc0NIJH4EDGWDadL2VEYMA",
            "name": "name",
            "type": null,
            "modifiers": [],
            "position": {}
          },
          "position": {}
        },
        "_tQHAkJH4EDGWDadL2VEYMA": {
          "key": "_tQHAkJH4EDGWDadL2VEYMA",
          "name": "idNumber",
          "type": null,
          "probability": 1,
          "modifiers": [],
          "to_variable": {
            "key": "_yFO8cJH4EDGWDadL2VEYMA",
            "name": "idNumber",
            "type": null,
            "modifiers": [],
            "position": {}
          },
          "position": {}
        }
      }
    },
    "fields_to_fields_data_clump-./Software-_jBMHwJHzEDGWDadL2VEYMA-_ksaTcJHzEDGWDadL2VEYMA-checkedOutreservedtimeCheckedOutnameidNumber": {
      "type": "data_clump",
      "key": "fields_to_fields_data_clump-./Software-_jBMHwJHzEDGWDadL2VEYMA-_ksaTcJHzEDGWDadL2VEYMA-checkedOutreservedtimeCheckedOutnameidNumber",
      "probability": 1,
      "from_file_path": "./Software",
      "from_class_or_interface_name": "Software",
      "from_class_or_interface_key": "_jBMHwJHzEDGWDadL2VEYMA",
      "from_method_name": null,
      "from_method_key": null,
      "to_file_path": "./Video",
      "to_class_or_interface_key": "_ksaTcJHzEDGWDadL2VEYMA",
      "to_class_or_interface_name": "Software",
      "to_method_key": null,
      "to_method_name": null,
      "data_clump_type": "fields_to_fields_data_clump",
      "data_clump_data": {
        "_SSFQsJH0EDGWDadL2VEYMA": {
          "key": "_SSFQsJH0EDGWDadL2VEYMA",
          "name": "checkedOut",
          "type": null,
          "probability": 1,
          "modifiers": [],
          "to_variable": {
            "key": "_Vi6vUJH0EDGWDadL2VEYMA",
            "name": "checkedOut",
            "type": null,
            "modifiers": [],
            "position": {}
          },
          "position": {}
        },
        "_p3Bk4JH4EDGWDadL2VEYMA": {
          "key": "_p3Bk4JH4EDGWDadL2VEYMA",
          "name": "reserved",
          "type": null,
          "probability": 1,
          "modifiers": [],
          "to_variable": {
            "key": "_zPyrEJH4EDGWDadL2VEYMA",
            "name": "reserved",
            "type": null,
            "modifiers": [],
            "position": {}
          },
          "position": {}
        },
        "_rKZ4UJH4EDGWDadL2VEYMA": {
          "key": "_rKZ4UJH4EDGWDadL2VEYMA",
          "name": "timeCheckedOut",
          "type": null,
          "probability": 1,
          "modifiers": [],
          "to_variable": {
            "key": "_z4d0oJH4EDGWDadL2VEYMA",
            "name": "timeCheckedOut",
            "type": null,
            "modifiers": [],
            "position": {}
          },
          "position": {}
        },
        "_sdIrgJH4EDGWDadL2VEYMA": {
          "key": "_sdIrgJH4EDGWDadL2VEYMA",
          "name": "name",
          "type": null,
          "probability": 1,
          "modifiers": [],
          "to_variable": {
            "key": "_0-PJ4JH4EDGWDadL2VEYMA",
            "name": "name",
            "type": null,
            "modifiers": [],
            "position": {}
          },
          "position": {}
        },
        "_tQHAkJH4EDGWDadL2VEYMA": {
          "key": "_tQHAkJH4EDGWDadL2VEYMA",
          "name": "idNumber",
          "type": null,
          "probability": 1,
          "modifiers": [],
          "to_variable": {
            "key": "_1ngwYJH4EDGWDadL2VEYMA",
            "name": "idNumber",
            "type": null,
            "modifiers": [],
            "position": {}
          },
          "position": {}
        }
      }
    },
    "fields_to_fields_data_clump-./Video-_ksaTcJHzEDGWDadL2VEYMA-_e9fo0JHzEDGWDadL2VEYMA-checkedOutreservedtimeCheckedOutnameidNumber": {
      "type": "data_clump",
      "key": "fields_to_fields_data_clump-./Video-_ksaTcJHzEDGWDadL2VEYMA-_e9fo0JHzEDGWDadL2VEYMA-checkedOutreservedtimeCheckedOutnameidNumber",
      "probability": 1,
      "from_file_path": "./Video",
      "from_class_or_interface_name": "Video",
      "from_class_or_interface_key": "_ksaTcJHzEDGWDadL2VEYMA",
      "from_method_name": null,
      "from_method_key": null,
      "to_file_path": "./Book",
      "to_class_or_interface_key": "_e9fo0JHzEDGWDadL2VEYMA",
      "to_class_or_interface_name": "Video",
      "to_method_key": null,
      "to_method_name": null,
      "data_clump_type": "fields_to_fields_data_clump",
      "data_clump_data": {
        "_Vi6vUJH0EDGWDadL2VEYMA": {
          "key": "_Vi6vUJH0EDGWDadL2VEYMA",
          "name": "checkedOut",
          "type": null,
          "probability": 1,
          "modifiers": [],
          "to_variable": {
            "key": "_GsPO8JH0EDGWDadL2VEYMA",
            "name": "checkedOut",
            "type": null,
            "modifiers": [],
            "position": {}
          },
          "position": {}
        },
        "_zPyrEJH4EDGWDadL2VEYMA": {
          "key": "_zPyrEJH4EDGWDadL2VEYMA",
          "name": "reserved",
          "type": null,
          "probability": 1,
          "modifiers": [],
          "to_variable": {
            "key": "_A0I9sJH1EDGWDadL2VEYMA",
            "name": "reserved",
            "type": null,
            "modifiers": [],
            "position": {}
          },
          "position": {}
        },
        "_z4d0oJH4EDGWDadL2VEYMA": {
          "key": "_z4d0oJH4EDGWDadL2VEYMA",
          "name": "timeCheckedOut",
          "type": null,
          "probability": 1,
          "modifiers": [],
          "to_variable": {
            "key": "_LbglAJH1EDGWDadL2VEYMA",
            "name": "timeCheckedOut",
            "type": null,
            "modifiers": [],
            "position": {}
          },
          "position": {}
        },
        "_0-PJ4JH4EDGWDadL2VEYMA": {
          "key": "_0-PJ4JH4EDGWDadL2VEYMA",
          "name": "name",
          "type": null,
          "probability": 1,
          "modifiers": [],
          "to_variable": {
            "key": "_PzfR4JH1EDGWDadL2VEYMA",
            "name": "name",
            "type": null,
            "modifiers": [],
            "position": {}
          },
          "position": {}
        },
        "_1ngwYJH4EDGWDadL2VEYMA": {
          "key": "_1ngwYJH4EDGWDadL2VEYMA",
          "name": "idNumber",
          "type": null,
          "probability": 1,
          "modifiers": [],
          "to_variable": {
            "key": "_We4L0JH1EDGWDadL2VEYMA",
            "name": "idNumber",
            "type": null,
            "modifiers": [],
            "position": {}
          },
          "position": {}
        }
      }
    },
    "fields_to_fields_data_clump-./Video-_ksaTcJHzEDGWDadL2VEYMA-_jzKXQJHzEDGWDadL2VEYMA-checkedOutreservedtimeCheckedOutnameidNumber": {
      "type": "data_clump",
      "key": "fields_to_fields_data_clump-./Video-_ksaTcJHzEDGWDadL2VEYMA-_jzKXQJHzEDGWDadL2VEYMA-checkedOutreservedtimeCheckedOutnameidNumber",
      "probability": 1,
      "from_file_path": "./Video",
      "from_class_or_interface_name": "Video",
      "from_class_or_interface_key": "_ksaTcJHzEDGWDadL2VEYMA",
      "from_method_name": null,
      "from_method_key": null,
      "to_file_path": "./Musiccd",
      "to_class_or_interface_key": "_jzKXQJHzEDGWDadL2VEYMA",
      "to_class_or_interface_name": "Video",
      "to_method_key": null,
      "to_method_name": null,
      "data_clump_type": "fields_to_fields_data_clump",
      "data_clump_data": {
        "_Vi6vUJH0EDGWDadL2VEYMA": {
          "key": "_Vi6vUJH0EDGWDadL2VEYMA",
          "name": "checkedOut",
          "type": null,
          "probability": 1,
          "modifiers": [],
          "to_variable": {
            "key": "_UTSTcJH0EDGWDadL2VEYMA",
            "name": "checkedOut",
            "type": null,
            "modifiers": [],
            "position": {}
          },
          "position": {}
        },
        "_zPyrEJH4EDGWDadL2VEYMA": {
          "key": "_zPyrEJH4EDGWDadL2VEYMA",
          "name": "reserved",
          "type": null,
          "probability": 1,
          "modifiers": [],
          "to_variable": {
            "key": "_uxlaYJH4EDGWDadL2VEYMA",
            "name": "reserved",
            "type": null,
            "modifiers": [],
            "position": {}
          },
          "position": {}
        },
        "_z4d0oJH4EDGWDadL2VEYMA": {
          "key": "_z4d0oJH4EDGWDadL2VEYMA",
          "name": "timeCheckedOut",
          "type": null,
          "probability": 1,
          "modifiers": [],
          "to_variable": {
            "key": "_vV_vAJH4EDGWDadL2VEYMA",
            "name": "timeCheckedOut",
            "type": null,
            "modifiers": [],
            "position": {}
          },
          "position": {}
        },
        "_0-PJ4JH4EDGWDadL2VEYMA": {
          "key": "_0-PJ4JH4EDGWDadL2VEYMA",
          "name": "name",
          "type": null,
          "probability": 1,
          "modifiers": [],
          "to_variable": {
            "key": "_wc0NIJH4EDGWDadL2VEYMA",
            "name": "name",
            "type": null,
            "modifiers": [],
            "position": {}
          },
          "position": {}
        },
        "_1ngwYJH4EDGWDadL2VEYMA": {
          "key": "_1ngwYJH4EDGWDadL2VEYMA",
          "name": "idNumber",
          "type": null,
          "probability": 1,
          "modifiers": [],
          "to_variable": {
            "key": "_yFO8cJH4EDGWDadL2VEYMA",
            "name": "idNumber",
            "type": null,
            "modifiers": [],
            "position": {}
          },
          "position": {}
        }
      }
    },
    "fields_to_fields_data_clump-./Video-_ksaTcJHzEDGWDadL2VEYMA-_jBMHwJHzEDGWDadL2VEYMA-checkedOutreservedtimeCheckedOutnameidNumber": {
      "type": "data_clump",
      "key": "fields_to_fields_data_clump-./Video-_ksaTcJHzEDGWDadL2VEYMA-_jBMHwJHzEDGWDadL2VEYMA-checkedOutreservedtimeCheckedOutnameidNumber",
      "probability": 1,
      "from_file_path": "./Video",
      "from_class_or_interface_name": "Video",
      "from_class_or_interface_key": "_ksaTcJHzEDGWDadL2VEYMA",
      "from_method_name": null,
      "from_method_key": null,
      "to_file_path": "./Software",
      "to_class_or_interface_key": "_jBMHwJHzEDGWDadL2VEYMA",
      "to_class_or_interface_name": "Video",
      "to_method_key": null,
      "to_method_name": null,
      "data_clump_type": "fields_to_fields_data_clump",
      "data_clump_data": {
        "_Vi6vUJH0EDGWDadL2VEYMA": {
          "key": "_Vi6vUJH0EDGWDadL2VEYMA",
          "name": "checkedOut",
          "type": null,
          "probability": 1,
          "modifiers": [],
          "to_variable": {
            "key": "_SSFQsJH0EDGWDadL2VEYMA",
            "name": "checkedOut",
            "type": null,
            "modifiers": [],
            "position": {}
          },
          "position": {}
        },
        "_zPyrEJH4EDGWDadL2VEYMA": {
          "key": "_zPyrEJH4EDGWDadL2VEYMA",
          "name": "reserved",
          "type": null,
          "probability": 1,
          "modifiers": [],
          "to_variable": {
            "key": "_p3Bk4JH4EDGWDadL2VEYMA",
            "name": "reserved",
            "type": null,
            "modifiers": [],
            "position": {}
          },
          "position": {}
        },
        "_z4d0oJH4EDGWDadL2VEYMA": {
          "key": "_z4d0oJH4EDGWDadL2VEYMA",
          "name": "timeCheckedOut",
          "type": null,
          "probability": 1,
          "modifiers": [],
          "to_variable": {
            "key": "_rKZ4UJH4EDGWDadL2VEYMA",
            "name": "timeCheckedOut",
            "type": null,
            "modifiers": [],
            "position": {}
          },
          "position": {}
        },
        "_0-PJ4JH4EDGWDadL2VEYMA": {
          "key": "_0-PJ4JH4EDGWDadL2VEYMA",
          "name": "name",
          "type": null,
          "probability": 1,
          "modifiers": [],
          "to_variable": {
            "key": "_sdIrgJH4EDGWDadL2VEYMA",
            "name": "name",
            "type": null,
            "modifiers": [],
            "position": {}
          },
          "position": {}
        },
        "_1ngwYJH4EDGWDadL2VEYMA": {
          "key": "_1ngwYJH4EDGWDadL2VEYMA",
          "name": "idNumber",
          "type": null,
          "probability": 1,
          "modifiers": [],
          "to_variable": {
            "key": "_tQHAkJH4EDGWDadL2VEYMA",
            "name": "idNumber",
            "type": null,
            "modifiers": [],
            "position": {}
          },
          "position": {}
        }
      }
    }
  }
}