{
  "report_version": "unknown",
  "report_timestamp": "2025-03-26T22:04:21.216Z",
  "target_language": "java",
  "report_summary": {
    "additional": null,
    "amount_classes_or_interfaces_with_data_clumps": 2,
    "amount_files_with_data_clumps": 2,
    "amount_methods_with_data_clumps": 0,
    "fields_to_fields_data_clump": 2,
    "parameters_to_fields_data_clump": 0,
    "parameters_to_parameters_data_clump": 0,
    "amount_data_clumps": 2
  },
  "project_info": {
    "project_url": "unknown_project_url",
    "project_name": "1ef7bf0d-97e6-45de-bd0e-aa6a2f14491d",
    "project_version": "unknown_project_version",
    "project_commit_hash": "unknown",
    "project_tag": null,
    "project_commit_date": null,
    "additional": {},
    "number_of_files": 6,
    "number_of_classes_or_interfaces": 6,
    "number_of_methods": 0,
    "number_of_data_fields": 16,
    "number_of_method_parameters": 0
  },
  "detector": {
    "name": "data-clumps-doctor",
    "url": "https://github.com/NilsBaumgartner1994/data-clumps-doctor",
    "version": "0.1.100",
    "options": {
      "typeVariablesConsidered": false,
      "similarityModifierOfVariablesWithUnknownType": 0,
      "fieldsOfClassesWithUnknownHierarchyProbabilityModifier": 0,
      "sharedFieldsToFieldsAmountMinimum": 3,
      "analyseFieldsInClassesOrInterfacesInheritedFromSuperClassesOrInterfaces": false,
      "sharedParametersToParametersAmountMinimum": 3,
      "sharedParametersToFieldsAmountMinimum": 3,
      "methodsOfClassesOrInterfacesWithUnknownHierarchyProbabilityModifier": 0
    }
  },
  "data_clumps": {
    "fields_to_fields_data_clump-./Artwork-_DHtNIBYMEDSditNrgONDrg-_DHwQcBYMEDSditNrgONDrg-idnameprice": {
      "type": "data_clump",
      "key": "fields_to_fields_data_clump-./Artwork-_DHtNIBYMEDSditNrgONDrg-_DHwQcBYMEDSditNrgONDrg-idnameprice",
      "probability": 1,
      "from_file_path": "./Artwork",
      "from_class_or_interface_name": "Artwork",
      "from_class_or_interface_key": "_DHtNIBYMEDSditNrgONDrg",
      "from_method_name": null,
      "from_method_key": null,
      "to_file_path": "./Product",
      "to_class_or_interface_key": "_DHwQcBYMEDSditNrgONDrg",
      "to_class_or_interface_name": "Artwork",
      "to_method_key": null,
      "to_method_name": null,
      "data_clump_type": "fields_to_fields_data_clump",
      "data_clump_data": {
        "_DHtNIRYMEDSditNrgONDrg": {
          "key": "_DHtNIRYMEDSditNrgONDrg",
          "name": "id",
          "type": null,
          "probability": 1,
          "modifiers": [],
          "to_variable": {
            "key": "_DHwQcRYMEDSditNrgONDrg",
            "name": "id",
            "type": null,
            "modifiers": [],
            "position": {}
          },
          "position": {}
        },
        "_DHtNIhYMEDSditNrgONDrg": {
          "key": "_DHtNIhYMEDSditNrgONDrg",
          "name": "name",
          "type": null,
          "probability": 1,
          "modifiers": [],
          "to_variable": {
            "key": "_DHwQchYMEDSditNrgONDrg",
            "name": "name",
            "type": null,
            "modifiers": [],
            "position": {}
          },
          "position": {}
        },
        "_DHt0MRYMEDSditNrgONDrg": {
          "key": "_DHt0MRYMEDSditNrgONDrg",
          "name": "price",
          "type": null,
          "probability": 1,
          "modifiers": [],
          "to_variable": {
            "key": "_DHyssBYMEDSditNrgONDrg",
            "name": "price",
            "type": null,
            "modifiers": [],
            "position": {}
          },
          "position": {}
        }
      }
    },
    "fields_to_fields_data_clump-./Product-_DHwQcBYMEDSditNrgONDrg-_DHtNIBYMEDSditNrgONDrg-idnameprice": {
      "type": "data_clump",
      "key": "fields_to_fields_data_clump-./Product-_DHwQcBYMEDSditNrgONDrg-_DHtNIBYMEDSditNrgONDrg-idnameprice",
      "probability": 1,
      "from_file_path": "./Product",
      "from_class_or_interface_name": "Product",
      "from_class_or_interface_key": "_DHwQcBYMEDSditNrgONDrg",
      "from_method_name": null,
      "from_method_key": null,
      "to_file_path": "./Artwork",
      "to_class_or_interface_key": "_DHtNIBYMEDSditNrgONDrg",
      "to_class_or_interface_name": "Product",
      "to_method_key": null,
      "to_method_name": null,
      "data_clump_type": "fields_to_fields_data_clump",
      "data_clump_data": {
        "_DHwQcRYMEDSditNrgONDrg": {
          "key": "_DHwQcRYMEDSditNrgONDrg",
          "name": "id",
          "type": null,
          "probability": 1,
          "modifiers": [],
          "to_variable": {
            "key": "_DHtNIRYMEDSditNrgONDrg",
            "name": "id",
            "type": null,
            "modifiers": [],
            "position": {}
          },
          "position": {}
        },
        "_DHwQchYMEDSditNrgONDrg": {
          "key": "_DHwQchYMEDSditNrgONDrg",
          "name": "name",
          "type": null,
          "probability": 1,
          "modifiers": [],
          "to_variable": {
            "key": "_DHtNIhYMEDSditNrgONDrg",
            "name": "name",
            "type": null,
            "modifiers": [],
            "position": {}
          },
          "position": {}
        },
        "_DHyssBYMEDSditNrgONDrg": {
          "key": "_DHyssBYMEDSditNrgONDrg",
          "name": "price",
          "type": null,
          "probability": 1,
          "modifiers": [],
          "to_variable": {
            "key": "_DHt0MRYMEDSditNrgONDrg",
            "name": "price",
            "type": null,
            "modifiers": [],
            "position": {}
          },
          "position": {}
        }
      }
    }
  }
}