{
  "report_version": "unknown",
  "report_timestamp": "2025-03-26T22:33:39.962Z",
  "target_language": "java",
  "report_summary": {
    "additional": null,
    "amount_classes_or_interfaces_with_data_clumps": 2,
    "amount_files_with_data_clumps": 2,
    "amount_methods_with_data_clumps": 0,
    "fields_to_fields_data_clump": 2,
    "parameters_to_fields_data_clump": 0,
    "parameters_to_parameters_data_clump": 0,
    "amount_data_clumps": 2
  },
  "project_info": {
    "project_url": "unknown_project_url",
    "project_name": "_ApilkNb1Eei47sN0sCkjiA",
    "project_version": "unknown_project_version",
    "project_commit_hash": "unknown",
    "project_tag": null,
    "project_commit_date": null,
    "additional": {},
    "number_of_files": 8,
    "number_of_classes_or_interfaces": 8,
    "number_of_methods": 1,
    "number_of_data_fields": 44,
    "number_of_method_parameters": 0
  },
  "detector": {
    "name": "data-clumps-doctor",
    "url": "https://github.com/NilsBaumgartner1994/data-clumps-doctor",
    "version": "0.1.100",
    "options": {
      "typeVariablesConsidered": false,
      "similarityModifierOfVariablesWithUnknownType": 0,
      "fieldsOfClassesWithUnknownHierarchyProbabilityModifier": 0,
      "sharedFieldsToFieldsAmountMinimum": 3,
      "analyseFieldsInClassesOrInterfacesInheritedFromSuperClassesOrInterfaces": false,
      "sharedParametersToParametersAmountMinimum": 3,
      "sharedParametersToFieldsAmountMinimum": 3,
      "methodsOfClassesOrInterfacesWithUnknownHierarchyProbabilityModifier": 0
    }
  },
  "data_clumps": {
    "fields_to_fields_data_clump-./Kupac-_E0gTYLkjEDaRGeWBbTh57A-_FtABoLkjEDaRGeWBbTh57A-ImePrezimeJMBGAdresaBrTelefona": {
      "type": "data_clump",
      "key": "fields_to_fields_data_clump-./Kupac-_E0gTYLkjEDaRGeWBbTh57A-_FtABoLkjEDaRGeWBbTh57A-ImePrezimeJMBGAdresaBrTelefona",
      "probability": 1,
      "from_file_path": "./Kupac",
      "from_class_or_interface_name": "Kupac",
      "from_class_or_interface_key": "_E0gTYLkjEDaRGeWBbTh57A",
      "from_method_name": null,
      "from_method_key": null,
      "to_file_path": "./Prodavac",
      "to_class_or_interface_key": "_FtABoLkjEDaRGeWBbTh57A",
      "to_class_or_interface_name": "Kupac",
      "to_method_key": null,
      "to_method_name": null,
      "data_clump_type": "fields_to_fields_data_clump",
      "data_clump_data": {
        "_QD5JkLq7EDauQfZeQiSagg": {
          "key": "_QD5JkLq7EDauQfZeQiSagg",
          "name": "Ime",
          "type": null,
          "probability": 1,
          "modifiers": [
            "private"
          ],
          "to_variable": {
            "key": "_F-x6wbq7EDauQfZeQiSagg",
            "name": "Ime",
            "type": null,
            "modifiers": [
              "private"
            ],
            "position": {}
          },
          "position": {}
        },
        "_QkOPcLq7EDauQfZeQiSagg": {
          "key": "_QkOPcLq7EDauQfZeQiSagg",
          "name": "Prezime",
          "type": null,
          "probability": 1,
          "modifiers": [
            "private"
          ],
          "to_variable": {
            "key": "_HDzpILq7EDauQfZeQiSagg",
            "name": "Prezime",
            "type": null,
            "modifiers": [
              "private"
            ],
            "position": {}
          },
          "position": {}
        },
        "_RTABAbq7EDauQfZeQiSagg": {
          "key": "_RTABAbq7EDauQfZeQiSagg",
          "name": "JMBG",
          "type": null,
          "probability": 1,
          "modifiers": [
            "private"
          ],
          "to_variable": {
            "key": "_LkIZsbq7EDauQfZeQiSagg",
            "name": "JMBG",
            "type": null,
            "modifiers": [
              "private"
            ],
            "position": {}
          },
          "position": {}
        },
        "_WTpQYLq7EDauQfZeQiSagg": {
          "key": "_WTpQYLq7EDauQfZeQiSagg",
          "name": "Adresa",
          "type": null,
          "probability": 1,
          "modifiers": [
            "private"
          ],
          "to_variable": {
            "key": "_MqLbwLq7EDauQfZeQiSagg",
            "name": "Adresa",
            "type": null,
            "modifiers": [
              "private"
            ],
            "position": {}
          },
          "position": {}
        },
        "_XCLxYbq7EDauQfZeQiSagg": {
          "key": "_XCLxYbq7EDauQfZeQiSagg",
          "name": "BrTelefona",
          "type": null,
          "probability": 1,
          "modifiers": [
            "private"
          ],
          "to_variable": {
            "key": "_NwpUkbq7EDauQfZeQiSagg",
            "name": "BrTelefona",
            "type": null,
            "modifiers": [
              "private"
            ],
            "position": {}
          },
          "position": {}
        }
      }
    },
    "fields_to_fields_data_clump-./Prodavac-_FtABoLkjEDaRGeWBbTh57A-_E0gTYLkjEDaRGeWBbTh57A-ImePrezimeJMBGAdresaBrTelefona": {
      "type": "data_clump",
      "key": "fields_to_fields_data_clump-./Prodavac-_FtABoLkjEDaRGeWBbTh57A-_E0gTYLkjEDaRGeWBbTh57A-ImePrezimeJMBGAdresaBrTelefona",
      "probability": 1,
      "from_file_path": "./Prodavac",
      "from_class_or_interface_name": "Prodavac",
      "from_class_or_interface_key": "_FtABoLkjEDaRGeWBbTh57A",
      "from_method_name": null,
      "from_method_key": null,
      "to_file_path": "./Kupac",
      "to_class_or_interface_key": "_E0gTYLkjEDaRGeWBbTh57A",
      "to_class_or_interface_name": "Prodavac",
      "to_method_key": null,
      "to_method_name": null,
      "data_clump_type": "fields_to_fields_data_clump",
      "data_clump_data": {
        "_F-x6wbq7EDauQfZeQiSagg": {
          "key": "_F-x6wbq7EDauQfZeQiSagg",
          "name": "Ime",
          "type": null,
          "probability": 1,
          "modifiers": [
            "private"
          ],
          "to_variable": {
            "key": "_QD5JkLq7EDauQfZeQiSagg",
            "name": "Ime",
            "type": null,
            "modifiers": [
              "private"
            ],
            "position": {}
          },
          "position": {}
        },
        "_HDzpILq7EDauQfZeQiSagg": {
          "key": "_HDzpILq7EDauQfZeQiSagg",
          "name": "Prezime",
          "type": null,
          "probability": 1,
          "modifiers": [
            "private"
          ],
          "to_variable": {
            "key": "_QkOPcLq7EDauQfZeQiSagg",
            "name": "Prezime",
            "type": null,
            "modifiers": [
              "private"
            ],
            "position": {}
          },
          "position": {}
        },
        "_LkIZsbq7EDauQfZeQiSagg": {
          "key": "_LkIZsbq7EDauQfZeQiSagg",
          "name": "JMBG",
          "type": null,
          "probability": 1,
          "modifiers": [
            "private"
          ],
          "to_variable": {
            "key": "_RTABAbq7EDauQfZeQiSagg",
            "name": "JMBG",
            "type": null,
            "modifiers": [
              "private"
            ],
            "position": {}
          },
          "position": {}
        },
        "_MqLbwLq7EDauQfZeQiSagg": {
          "key": "_MqLbwLq7EDauQfZeQiSagg",
          "name": "Adresa",
          "type": null,
          "probability": 1,
          "modifiers": [
            "private"
          ],
          "to_variable": {
            "key": "_WTpQYLq7EDauQfZeQiSagg",
            "name": "Adresa",
            "type": null,
            "modifiers": [
              "private"
            ],
            "position": {}
          },
          "position": {}
        },
        "_NwpUkbq7EDauQfZeQiSagg": {
          "key": "_NwpUkbq7EDauQfZeQiSagg",
          "name": "BrTelefona",
          "type": null,
          "probability": 1,
          "modifiers": [
            "private"
          ],
          "to_variable": {
            "key": "_XCLxYbq7EDauQfZeQiSagg",
            "name": "BrTelefona",
            "type": null,
            "modifiers": [
              "private"
            ],
            "position": {}
          },
          "position": {}
        }
      }
    }
  }
}