{
  "report_version": "unknown",
  "report_timestamp": "2025-03-26T22:51:59.927Z",
  "target_language": "java",
  "report_summary": {
    "additional": null,
    "amount_classes_or_interfaces_with_data_clumps": 2,
    "amount_files_with_data_clumps": 2,
    "amount_methods_with_data_clumps": 0,
    "fields_to_fields_data_clump": 2,
    "parameters_to_fields_data_clump": 0,
    "parameters_to_parameters_data_clump": 0,
    "amount_data_clumps": 2
  },
  "project_info": {
    "project_url": "unknown_project_url",
    "project_name": "_QAUskE_6EemXi690WRT9Hg",
    "project_version": "unknown_project_version",
    "project_commit_hash": "unknown",
    "project_tag": null,
    "project_commit_date": null,
    "additional": {},
    "number_of_files": 8,
    "number_of_classes_or_interfaces": 8,
    "number_of_methods": 1,
    "number_of_data_fields": 26,
    "number_of_method_parameters": 0
  },
  "detector": {
    "name": "data-clumps-doctor",
    "url": "https://github.com/NilsBaumgartner1994/data-clumps-doctor",
    "version": "0.1.100",
    "options": {
      "typeVariablesConsidered": false,
      "similarityModifierOfVariablesWithUnknownType": 0,
      "fieldsOfClassesWithUnknownHierarchyProbabilityModifier": 0,
      "sharedFieldsToFieldsAmountMinimum": 3,
      "analyseFieldsInClassesOrInterfacesInheritedFromSuperClassesOrInterfaces": false,
      "sharedParametersToParametersAmountMinimum": 3,
      "sharedParametersToFieldsAmountMinimum": 3,
      "methodsOfClassesOrInterfacesWithUnknownHierarchyProbabilityModifier": 0
    }
  },
  "data_clumps": {
    "fields_to_fields_data_clump-./Vlasnik-_blqDwTI0EDewAZpjO9S3UQ-_001pADI0EDewAppjO9S3UQ-imeprezimeadresakontaktjmbg": {
      "type": "data_clump",
      "key": "fields_to_fields_data_clump-./Vlasnik-_blqDwTI0EDewAZpjO9S3UQ-_001pADI0EDewAppjO9S3UQ-imeprezimeadresakontaktjmbg",
      "probability": 1,
      "from_file_path": "./Vlasnik",
      "from_class_or_interface_name": "Vlasnik",
      "from_class_or_interface_key": "_blqDwTI0EDewAZpjO9S3UQ",
      "from_method_name": null,
      "from_method_key": null,
      "to_file_path": "./Zaposleni",
      "to_class_or_interface_key": "_001pADI0EDewAppjO9S3UQ",
      "to_class_or_interface_name": "Vlasnik",
      "to_method_key": null,
      "to_method_name": null,
      "data_clump_type": "fields_to_fields_data_clump",
      "data_clump_data": {
        "_fPzaQTI0EDewAZpjO9S3UQ": {
          "key": "_fPzaQTI0EDewAZpjO9S3UQ",
          "name": "ime",
          "type": null,
          "probability": 1,
          "modifiers": [],
          "to_variable": {
            "key": "_0023IDI0EDewAppjO9S3UQ",
            "name": "ime",
            "type": null,
            "modifiers": [],
            "position": {}
          },
          "position": {}
        },
        "_fu_QoTI0EDewAZpjO9S3UQ": {
          "key": "_fu_QoTI0EDewAZpjO9S3UQ",
          "name": "prezime",
          "type": null,
          "probability": 1,
          "modifiers": [
            "public"
          ],
          "to_variable": {
            "key": "_004FQDI0EDewAppjO9S3UQ",
            "name": "prezime",
            "type": null,
            "modifiers": [
              "public"
            ],
            "position": {}
          },
          "position": {}
        },
        "_hUJ3oTI0EDewAZpjO9S3UQ": {
          "key": "_hUJ3oTI0EDewAZpjO9S3UQ",
          "name": "adresa",
          "type": null,
          "probability": 1,
          "modifiers": [
            "public"
          ],
          "to_variable": {
            "key": "_005TYDI0EDewAppjO9S3UQ",
            "name": "adresa",
            "type": null,
            "modifiers": [
              "public"
            ],
            "position": {}
          },
          "position": {}
        },
        "_kjXloDI0EDewAppjO9S3UQ": {
          "key": "_kjXloDI0EDewAppjO9S3UQ",
          "name": "kontakt",
          "type": null,
          "probability": 1,
          "modifiers": [
            "public"
          ],
          "to_variable": {
            "key": "_006hgDI0EDewAppjO9S3UQ",
            "name": "kontakt",
            "type": null,
            "modifiers": [
              "public"
            ],
            "position": {}
          },
          "position": {}
        },
        "_qF3k4DI0EDewAppjO9S3UQ": {
          "key": "_qF3k4DI0EDewAppjO9S3UQ",
          "name": "jmbg",
          "type": null,
          "probability": 1,
          "modifiers": [
            "public"
          ],
          "to_variable": {
            "key": "_00wwgDI0EDewA5pjO9S3UQ",
            "name": "jmbg",
            "type": null,
            "modifiers": [
              "public"
            ],
            "position": {}
          },
          "position": {}
        }
      }
    },
    "fields_to_fields_data_clump-./Zaposleni-_001pADI0EDewAppjO9S3UQ-_blqDwTI0EDewAZpjO9S3UQ-imeprezimeadresakontaktjmbg": {
      "type": "data_clump",
      "key": "fields_to_fields_data_clump-./Zaposleni-_001pADI0EDewAppjO9S3UQ-_blqDwTI0EDewAZpjO9S3UQ-imeprezimeadresakontaktjmbg",
      "probability": 1,
      "from_file_path": "./Zaposleni",
      "from_class_or_interface_name": "Zaposleni",
      "from_class_or_interface_key": "_001pADI0EDewAppjO9S3UQ",
      "from_method_name": null,
      "from_method_key": null,
      "to_file_path": "./Vlasnik",
      "to_class_or_interface_key": "_blqDwTI0EDewAZpjO9S3UQ",
      "to_class_or_interface_name": "Zaposleni",
      "to_method_key": null,
      "to_method_name": null,
      "data_clump_type": "fields_to_fields_data_clump",
      "data_clump_data": {
        "_0023IDI0EDewAppjO9S3UQ": {
          "key": "_0023IDI0EDewAppjO9S3UQ",
          "name": "ime",
          "type": null,
          "probability": 1,
          "modifiers": [],
          "to_variable": {
            "key": "_fPzaQTI0EDewAZpjO9S3UQ",
            "name": "ime",
            "type": null,
            "modifiers": [],
            "position": {}
          },
          "position": {}
        },
        "_004FQDI0EDewAppjO9S3UQ": {
          "key": "_004FQDI0EDewAppjO9S3UQ",
          "name": "prezime",
          "type": null,
          "probability": 1,
          "modifiers": [
            "public"
          ],
          "to_variable": {
            "key": "_fu_QoTI0EDewAZpjO9S3UQ",
            "name": "prezime",
            "type": null,
            "modifiers": [
              "public"
            ],
            "position": {}
          },
          "position": {}
        },
        "_005TYDI0EDewAppjO9S3UQ": {
          "key": "_005TYDI0EDewAppjO9S3UQ",
          "name": "adresa",
          "type": null,
          "probability": 1,
          "modifiers": [
            "public"
          ],
          "to_variable": {
            "key": "_hUJ3oTI0EDewAZpjO9S3UQ",
            "name": "adresa",
            "type": null,
            "modifiers": [
              "public"
            ],
            "position": {}
          },
          "position": {}
        },
        "_006hgDI0EDewAppjO9S3UQ": {
          "key": "_006hgDI0EDewAppjO9S3UQ",
          "name": "kontakt",
          "type": null,
          "probability": 1,
          "modifiers": [
            "public"
          ],
          "to_variable": {
            "key": "_kjXloDI0EDewAppjO9S3UQ",
            "name": "kontakt",
            "type": null,
            "modifiers": [
              "public"
            ],
            "position": {}
          },
          "position": {}
        },
        "_00wwgDI0EDewA5pjO9S3UQ": {
          "key": "_00wwgDI0EDewA5pjO9S3UQ",
          "name": "jmbg",
          "type": null,
          "probability": 1,
          "modifiers": [
            "public"
          ],
          "to_variable": {
            "key": "_qF3k4DI0EDewAppjO9S3UQ",
            "name": "jmbg",
            "type": null,
            "modifiers": [
              "public"
            ],
            "position": {}
          },
          "position": {}
        }
      }
    }
  }
}