{
  "report_version": "unknown",
  "report_timestamp": "2025-03-26T23:08:28.575Z",
  "target_language": "java",
  "report_summary": {
    "additional": null,
    "amount_classes_or_interfaces_with_data_clumps": 6,
    "amount_files_with_data_clumps": 6,
    "amount_methods_with_data_clumps": 0,
    "fields_to_fields_data_clump": 12,
    "parameters_to_fields_data_clump": 0,
    "parameters_to_parameters_data_clump": 0,
    "amount_data_clumps": 12
  },
  "project_info": {
    "project_url": "unknown_project_url",
    "project_name": "_xMfwQF0WEeaQF8q9ZsVYhQ",
    "project_version": "unknown_project_version",
    "project_commit_hash": "unknown",
    "project_tag": null,
    "project_commit_date": null,
    "additional": {},
    "number_of_files": 8,
    "number_of_classes_or_interfaces": 8,
    "number_of_methods": 109,
    "number_of_data_fields": 51,
    "number_of_method_parameters": 51
  },
  "detector": {
    "name": "data-clumps-doctor",
    "url": "https://github.com/NilsBaumgartner1994/data-clumps-doctor",
    "version": "0.1.100",
    "options": {
      "typeVariablesConsidered": false,
      "similarityModifierOfVariablesWithUnknownType": 0,
      "fieldsOfClassesWithUnknownHierarchyProbabilityModifier": 0,
      "sharedFieldsToFieldsAmountMinimum": 3,
      "analyseFieldsInClassesOrInterfacesInheritedFromSuperClassesOrInterfaces": false,
      "sharedParametersToParametersAmountMinimum": 3,
      "sharedParametersToFieldsAmountMinimum": 3,
      "methodsOfClassesOrInterfacesWithUnknownHierarchyProbabilityModifier": 0
    }
  },
  "data_clumps": {
    "fields_to_fields_data_clump-./Actor-_xMfwRl0WEeaQF8q9ZsVYhQ-_xMgXiF0WEeaQF8q9ZsVYhQ-$id$name$slug": {
      "type": "data_clump",
      "key": "fields_to_fields_data_clump-./Actor-_xMfwRl0WEeaQF8q9ZsVYhQ-_xMgXiF0WEeaQF8q9ZsVYhQ-$id$name$slug",
      "probability": 1,
      "from_file_path": "./Actor",
      "from_class_or_interface_name": "Actor",
      "from_class_or_interface_key": "_xMfwRl0WEeaQF8q9ZsVYhQ",
      "from_method_name": null,
      "from_method_key": null,
      "to_file_path": "./Genre",
      "to_class_or_interface_key": "_xMgXiF0WEeaQF8q9ZsVYhQ",
      "to_class_or_interface_name": "Actor",
      "to_method_key": null,
      "to_method_name": null,
      "data_clump_type": "fields_to_fields_data_clump",
      "data_clump_data": {
        "_xMfwR10WEeaQF8q9ZsVYhQ": {
          "key": "_xMfwR10WEeaQF8q9ZsVYhQ",
          "name": "$id",
          "type": null,
          "probability": 1,
          "modifiers": [
            "private"
          ],
          "to_variable": {
            "key": "_xMgXiV0WEeaQF8q9ZsVYhQ",
            "name": "$id",
            "type": null,
            "modifiers": [
              "private"
            ],
            "position": {}
          },
          "position": {}
        },
        "_xMfwSF0WEeaQF8q9ZsVYhQ": {
          "key": "_xMfwSF0WEeaQF8q9ZsVYhQ",
          "name": "$name",
          "type": null,
          "probability": 1,
          "modifiers": [
            "private"
          ],
          "to_variable": {
            "key": "_xMgXil0WEeaQF8q9ZsVYhQ",
            "name": "$name",
            "type": null,
            "modifiers": [
              "private"
            ],
            "position": {}
          },
          "position": {}
        },
        "_xMfwSV0WEeaQF8q9ZsVYhQ": {
          "key": "_xMfwSV0WEeaQF8q9ZsVYhQ",
          "name": "$slug",
          "type": null,
          "probability": 1,
          "modifiers": [
            "private"
          ],
          "to_variable": {
            "key": "_xMgXi10WEeaQF8q9ZsVYhQ",
            "name": "$slug",
            "type": null,
            "modifiers": [
              "private"
            ],
            "position": {}
          },
          "position": {}
        }
      }
    },
    "fields_to_fields_data_clump-./Actor-_xMfwRl0WEeaQF8q9ZsVYhQ-_xMg-kF0WEeaQF8q9ZsVYhQ-$id$name$slug$image": {
      "type": "data_clump",
      "key": "fields_to_fields_data_clump-./Actor-_xMfwRl0WEeaQF8q9ZsVYhQ-_xMg-kF0WEeaQF8q9ZsVYhQ-$id$name$slug$image",
      "probability": 1,
      "from_file_path": "./Actor",
      "from_class_or_interface_name": "Actor",
      "from_class_or_interface_key": "_xMfwRl0WEeaQF8q9ZsVYhQ",
      "from_method_name": null,
      "from_method_key": null,
      "to_file_path": "./Movie",
      "to_class_or_interface_key": "_xMg-kF0WEeaQF8q9ZsVYhQ",
      "to_class_or_interface_name": "Actor",
      "to_method_key": null,
      "to_method_name": null,
      "data_clump_type": "fields_to_fields_data_clump",
      "data_clump_data": {
        "_xMfwR10WEeaQF8q9ZsVYhQ": {
          "key": "_xMfwR10WEeaQF8q9ZsVYhQ",
          "name": "$id",
          "type": null,
          "probability": 1,
          "modifiers": [
            "private"
          ],
          "to_variable": {
            "key": "_xMg-kV0WEeaQF8q9ZsVYhQ",
            "name": "$id",
            "type": null,
            "modifiers": [
              "private"
            ],
            "position": {}
          },
          "position": {}
        },
        "_xMfwSF0WEeaQF8q9ZsVYhQ": {
          "key": "_xMfwSF0WEeaQF8q9ZsVYhQ",
          "name": "$name",
          "type": null,
          "probability": 1,
          "modifiers": [
            "private"
          ],
          "to_variable": {
            "key": "_xMg-kl0WEeaQF8q9ZsVYhQ",
            "name": "$name",
            "type": null,
            "modifiers": [
              "private"
            ],
            "position": {}
          },
          "position": {}
        },
        "_xMfwSV0WEeaQF8q9ZsVYhQ": {
          "key": "_xMfwSV0WEeaQF8q9ZsVYhQ",
          "name": "$slug",
          "type": null,
          "probability": 1,
          "modifiers": [
            "private"
          ],
          "to_variable": {
            "key": "_xMg-k10WEeaQF8q9ZsVYhQ",
            "name": "$slug",
            "type": null,
            "modifiers": [
              "private"
            ],
            "position": {}
          },
          "position": {}
        },
        "_xMgXU10WEeaQF8q9ZsVYhQ": {
          "key": "_xMgXU10WEeaQF8q9ZsVYhQ",
          "name": "$image",
          "type": null,
          "probability": 1,
          "modifiers": [
            "private"
          ],
          "to_variable": {
            "key": "_xMg-pF0WEeaQF8q9ZsVYhQ",
            "name": "$image",
            "type": null,
            "modifiers": [
              "private"
            ],
            "position": {}
          },
          "position": {}
        }
      }
    },
    "fields_to_fields_data_clump-./Actor-_xMfwRl0WEeaQF8q9ZsVYhQ-_xMhltF0WEeaQF8q9ZsVYhQ-$id$slug$image": {
      "type": "data_clump",
      "key": "fields_to_fields_data_clump-./Actor-_xMfwRl0WEeaQF8q9ZsVYhQ-_xMhltF0WEeaQF8q9ZsVYhQ-$id$slug$image",
      "probability": 1,
      "from_file_path": "./Actor",
      "from_class_or_interface_name": "Actor",
      "from_class_or_interface_key": "_xMfwRl0WEeaQF8q9ZsVYhQ",
      "from_method_name": null,
      "from_method_key": null,
      "to_file_path": "./News",
      "to_class_or_interface_key": "_xMhltF0WEeaQF8q9ZsVYhQ",
      "to_class_or_interface_name": "Actor",
      "to_method_key": null,
      "to_method_name": null,
      "data_clump_type": "fields_to_fields_data_clump",
      "data_clump_data": {
        "_xMfwR10WEeaQF8q9ZsVYhQ": {
          "key": "_xMfwR10WEeaQF8q9ZsVYhQ",
          "name": "$id",
          "type": null,
          "probability": 1,
          "modifiers": [
            "private"
          ],
          "to_variable": {
            "key": "_xMhltV0WEeaQF8q9ZsVYhQ",
            "name": "$id",
            "type": null,
            "modifiers": [
              "private"
            ],
            "position": {}
          },
          "position": {}
        },
        "_xMfwSV0WEeaQF8q9ZsVYhQ": {
          "key": "_xMfwSV0WEeaQF8q9ZsVYhQ",
          "name": "$slug",
          "type": null,
          "probability": 1,
          "modifiers": [
            "private"
          ],
          "to_variable": {
            "key": "_xMhluV0WEeaQF8q9ZsVYhQ",
            "name": "$slug",
            "type": null,
            "modifiers": [
              "private"
            ],
            "position": {}
          },
          "position": {}
        },
        "_xMgXU10WEeaQF8q9ZsVYhQ": {
          "key": "_xMgXU10WEeaQF8q9ZsVYhQ",
          "name": "$image",
          "type": null,
          "probability": 1,
          "modifiers": [
            "private"
          ],
          "to_variable": {
            "key": "_xMhlvF0WEeaQF8q9ZsVYhQ",
            "name": "$image",
            "type": null,
            "modifiers": [
              "private"
            ],
            "position": {}
          },
          "position": {}
        }
      }
    },
    "fields_to_fields_data_clump-./Genre-_xMgXiF0WEeaQF8q9ZsVYhQ-_xMfwRl0WEeaQF8q9ZsVYhQ-$id$name$slug": {
      "type": "data_clump",
      "key": "fields_to_fields_data_clump-./Genre-_xMgXiF0WEeaQF8q9ZsVYhQ-_xMfwRl0WEeaQF8q9ZsVYhQ-$id$name$slug",
      "probability": 1,
      "from_file_path": "./Genre",
      "from_class_or_interface_name": "Genre",
      "from_class_or_interface_key": "_xMgXiF0WEeaQF8q9ZsVYhQ",
      "from_method_name": null,
      "from_method_key": null,
      "to_file_path": "./Actor",
      "to_class_or_interface_key": "_xMfwRl0WEeaQF8q9ZsVYhQ",
      "to_class_or_interface_name": "Genre",
      "to_method_key": null,
      "to_method_name": null,
      "data_clump_type": "fields_to_fields_data_clump",
      "data_clump_data": {
        "_xMgXiV0WEeaQF8q9ZsVYhQ": {
          "key": "_xMgXiV0WEeaQF8q9ZsVYhQ",
          "name": "$id",
          "type": null,
          "probability": 1,
          "modifiers": [
            "private"
          ],
          "to_variable": {
            "key": "_xMfwR10WEeaQF8q9ZsVYhQ",
            "name": "$id",
            "type": null,
            "modifiers": [
              "private"
            ],
            "position": {}
          },
          "position": {}
        },
        "_xMgXil0WEeaQF8q9ZsVYhQ": {
          "key": "_xMgXil0WEeaQF8q9ZsVYhQ",
          "name": "$name",
          "type": null,
          "probability": 1,
          "modifiers": [
            "private"
          ],
          "to_variable": {
            "key": "_xMfwSF0WEeaQF8q9ZsVYhQ",
            "name": "$name",
            "type": null,
            "modifiers": [
              "private"
            ],
            "position": {}
          },
          "position": {}
        },
        "_xMgXi10WEeaQF8q9ZsVYhQ": {
          "key": "_xMgXi10WEeaQF8q9ZsVYhQ",
          "name": "$slug",
          "type": null,
          "probability": 1,
          "modifiers": [
            "private"
          ],
          "to_variable": {
            "key": "_xMfwSV0WEeaQF8q9ZsVYhQ",
            "name": "$slug",
            "type": null,
            "modifiers": [
              "private"
            ],
            "position": {}
          },
          "position": {}
        }
      }
    },
    "fields_to_fields_data_clump-./Genre-_xMgXiF0WEeaQF8q9ZsVYhQ-_xMg-kF0WEeaQF8q9ZsVYhQ-$id$name$slug": {
      "type": "data_clump",
      "key": "fields_to_fields_data_clump-./Genre-_xMgXiF0WEeaQF8q9ZsVYhQ-_xMg-kF0WEeaQF8q9ZsVYhQ-$id$name$slug",
      "probability": 1,
      "from_file_path": "./Genre",
      "from_class_or_interface_name": "Genre",
      "from_class_or_interface_key": "_xMgXiF0WEeaQF8q9ZsVYhQ",
      "from_method_name": null,
      "from_method_key": null,
      "to_file_path": "./Movie",
      "to_class_or_interface_key": "_xMg-kF0WEeaQF8q9ZsVYhQ",
      "to_class_or_interface_name": "Genre",
      "to_method_key": null,
      "to_method_name": null,
      "data_clump_type": "fields_to_fields_data_clump",
      "data_clump_data": {
        "_xMgXiV0WEeaQF8q9ZsVYhQ": {
          "key": "_xMgXiV0WEeaQF8q9ZsVYhQ",
          "name": "$id",
          "type": null,
          "probability": 1,
          "modifiers": [
            "private"
          ],
          "to_variable": {
            "key": "_xMg-kV0WEeaQF8q9ZsVYhQ",
            "name": "$id",
            "type": null,
            "modifiers": [
              "private"
            ],
            "position": {}
          },
          "position": {}
        },
        "_xMgXil0WEeaQF8q9ZsVYhQ": {
          "key": "_xMgXil0WEeaQF8q9ZsVYhQ",
          "name": "$name",
          "type": null,
          "probability": 1,
          "modifiers": [
            "private"
          ],
          "to_variable": {
            "key": "_xMg-kl0WEeaQF8q9ZsVYhQ",
            "name": "$name",
            "type": null,
            "modifiers": [
              "private"
            ],
            "position": {}
          },
          "position": {}
        },
        "_xMgXi10WEeaQF8q9ZsVYhQ": {
          "key": "_xMgXi10WEeaQF8q9ZsVYhQ",
          "name": "$slug",
          "type": null,
          "probability": 1,
          "modifiers": [
            "private"
          ],
          "to_variable": {
            "key": "_xMg-k10WEeaQF8q9ZsVYhQ",
            "name": "$slug",
            "type": null,
            "modifiers": [
              "private"
            ],
            "position": {}
          },
          "position": {}
        }
      }
    },
    "fields_to_fields_data_clump-./LinkDownload-_xMgXo10WEeaQF8q9ZsVYhQ-_xMg-b10WEeaQF8q9ZsVYhQ-$id$link$provider$language$format": {
      "type": "data_clump",
      "key": "fields_to_fields_data_clump-./LinkDownload-_xMgXo10WEeaQF8q9ZsVYhQ-_xMg-b10WEeaQF8q9ZsVYhQ-$id$link$provider$language$format",
      "probability": 1,
      "from_file_path": "./LinkDownload",
      "from_class_or_interface_name": "LinkDownload",
      "from_class_or_interface_key": "_xMgXo10WEeaQF8q9ZsVYhQ",
      "from_method_name": null,
      "from_method_key": null,
      "to_file_path": "./LinkWatch",
      "to_class_or_interface_key": "_xMg-b10WEeaQF8q9ZsVYhQ",
      "to_class_or_interface_name": "LinkDownload",
      "to_method_key": null,
      "to_method_name": null,
      "data_clump_type": "fields_to_fields_data_clump",
      "data_clump_data": {
        "_xMgXpF0WEeaQF8q9ZsVYhQ": {
          "key": "_xMgXpF0WEeaQF8q9ZsVYhQ",
          "name": "$id",
          "type": null,
          "probability": 1,
          "modifiers": [
            "private"
          ],
          "to_variable": {
            "key": "_xMg-cF0WEeaQF8q9ZsVYhQ",
            "name": "$id",
            "type": null,
            "modifiers": [
              "private"
            ],
            "position": {}
          },
          "position": {}
        },
        "_xMgXpV0WEeaQF8q9ZsVYhQ": {
          "key": "_xMgXpV0WEeaQF8q9ZsVYhQ",
          "name": "$link",
          "type": null,
          "probability": 1,
          "modifiers": [
            "private"
          ],
          "to_variable": {
            "key": "_xMg-cV0WEeaQF8q9ZsVYhQ",
            "name": "$link",
            "type": null,
            "modifiers": [
              "private"
            ],
            "position": {}
          },
          "position": {}
        },
        "_xMgXpl0WEeaQF8q9ZsVYhQ": {
          "key": "_xMgXpl0WEeaQF8q9ZsVYhQ",
          "name": "$provider",
          "type": null,
          "probability": 1,
          "modifiers": [
            "private"
          ],
          "to_variable": {
            "key": "_xMg-cl0WEeaQF8q9ZsVYhQ",
            "name": "$provider",
            "type": null,
            "modifiers": [
              "private"
            ],
            "position": {}
          },
          "position": {}
        },
        "_xMgXp10WEeaQF8q9ZsVYhQ": {
          "key": "_xMgXp10WEeaQF8q9ZsVYhQ",
          "name": "$language",
          "type": null,
          "probability": 1,
          "modifiers": [
            "private"
          ],
          "to_variable": {
            "key": "_xMg-c10WEeaQF8q9ZsVYhQ",
            "name": "$language",
            "type": null,
            "modifiers": [
              "private"
            ],
            "position": {}
          },
          "position": {}
        },
        "_xMgXqF0WEeaQF8q9ZsVYhQ": {
          "key": "_xMgXqF0WEeaQF8q9ZsVYhQ",
          "name": "$format",
          "type": null,
          "probability": 1,
          "modifiers": [
            "private"
          ],
          "to_variable": {
            "key": "_xMg-dF0WEeaQF8q9ZsVYhQ",
            "name": "$format",
            "type": null,
            "modifiers": [
              "private"
            ],
            "position": {}
          },
          "position": {}
        }
      }
    },
    "fields_to_fields_data_clump-./LinkWatch-_xMg-b10WEeaQF8q9ZsVYhQ-_xMgXo10WEeaQF8q9ZsVYhQ-$id$link$provider$language$format": {
      "type": "data_clump",
      "key": "fields_to_fields_data_clump-./LinkWatch-_xMg-b10WEeaQF8q9ZsVYhQ-_xMgXo10WEeaQF8q9ZsVYhQ-$id$link$provider$language$format",
      "probability": 1,
      "from_file_path": "./LinkWatch",
      "from_class_or_interface_name": "LinkWatch",
      "from_class_or_interface_key": "_xMg-b10WEeaQF8q9ZsVYhQ",
      "from_method_name": null,
      "from_method_key": null,
      "to_file_path": "./LinkDownload",
      "to_class_or_interface_key": "_xMgXo10WEeaQF8q9ZsVYhQ",
      "to_class_or_interface_name": "LinkWatch",
      "to_method_key": null,
      "to_method_name": null,
      "data_clump_type": "fields_to_fields_data_clump",
      "data_clump_data": {
        "_xMg-cF0WEeaQF8q9ZsVYhQ": {
          "key": "_xMg-cF0WEeaQF8q9ZsVYhQ",
          "name": "$id",
          "type": null,
          "probability": 1,
          "modifiers": [
            "private"
          ],
          "to_variable": {
            "key": "_xMgXpF0WEeaQF8q9ZsVYhQ",
            "name": "$id",
            "type": null,
            "modifiers": [
              "private"
            ],
            "position": {}
          },
          "position": {}
        },
        "_xMg-cV0WEeaQF8q9ZsVYhQ": {
          "key": "_xMg-cV0WEeaQF8q9ZsVYhQ",
          "name": "$link",
          "type": null,
          "probability": 1,
          "modifiers": [
            "private"
          ],
          "to_variable": {
            "key": "_xMgXpV0WEeaQF8q9ZsVYhQ",
            "name": "$link",
            "type": null,
            "modifiers": [
              "private"
            ],
            "position": {}
          },
          "position": {}
        },
        "_xMg-cl0WEeaQF8q9ZsVYhQ": {
          "key": "_xMg-cl0WEeaQF8q9ZsVYhQ",
          "name": "$provider",
          "type": null,
          "probability": 1,
          "modifiers": [
            "private"
          ],
          "to_variable": {
            "key": "_xMgXpl0WEeaQF8q9ZsVYhQ",
            "name": "$provider",
            "type": null,
            "modifiers": [
              "private"
            ],
            "position": {}
          },
          "position": {}
        },
        "_xMg-c10WEeaQF8q9ZsVYhQ": {
          "key": "_xMg-c10WEeaQF8q9ZsVYhQ",
          "name": "$language",
          "type": null,
          "probability": 1,
          "modifiers": [
            "private"
          ],
          "to_variable": {
            "key": "_xMgXp10WEeaQF8q9ZsVYhQ",
            "name": "$language",
            "type": null,
            "modifiers": [
              "private"
            ],
            "position": {}
          },
          "position": {}
        },
        "_xMg-dF0WEeaQF8q9ZsVYhQ": {
          "key": "_xMg-dF0WEeaQF8q9ZsVYhQ",
          "name": "$format",
          "type": null,
          "probability": 1,
          "modifiers": [
            "private"
          ],
          "to_variable": {
            "key": "_xMgXqF0WEeaQF8q9ZsVYhQ",
            "name": "$format",
            "type": null,
            "modifiers": [
              "private"
            ],
            "position": {}
          },
          "position": {}
        }
      }
    },
    "fields_to_fields_data_clump-./Movie-_xMg-kF0WEeaQF8q9ZsVYhQ-_xMfwRl0WEeaQF8q9ZsVYhQ-$id$name$slug$image": {
      "type": "data_clump",
      "key": "fields_to_fields_data_clump-./Movie-_xMg-kF0WEeaQF8q9ZsVYhQ-_xMfwRl0WEeaQF8q9ZsVYhQ-$id$name$slug$image",
      "probability": 1,
      "from_file_path": "./Movie",
      "from_class_or_interface_name": "Movie",
      "from_class_or_interface_key": "_xMg-kF0WEeaQF8q9ZsVYhQ",
      "from_method_name": null,
      "from_method_key": null,
      "to_file_path": "./Actor",
      "to_class_or_interface_key": "_xMfwRl0WEeaQF8q9ZsVYhQ",
      "to_class_or_interface_name": "Movie",
      "to_method_key": null,
      "to_method_name": null,
      "data_clump_type": "fields_to_fields_data_clump",
      "data_clump_data": {
        "_xMg-kV0WEeaQF8q9ZsVYhQ": {
          "key": "_xMg-kV0WEeaQF8q9ZsVYhQ",
          "name": "$id",
          "type": null,
          "probability": 1,
          "modifiers": [
            "private"
          ],
          "to_variable": {
            "key": "_xMfwR10WEeaQF8q9ZsVYhQ",
            "name": "$id",
            "type": null,
            "modifiers": [
              "private"
            ],
            "position": {}
          },
          "position": {}
        },
        "_xMg-kl0WEeaQF8q9ZsVYhQ": {
          "key": "_xMg-kl0WEeaQF8q9ZsVYhQ",
          "name": "$name",
          "type": null,
          "probability": 1,
          "modifiers": [
            "private"
          ],
          "to_variable": {
            "key": "_xMfwSF0WEeaQF8q9ZsVYhQ",
            "name": "$name",
            "type": null,
            "modifiers": [
              "private"
            ],
            "position": {}
          },
          "position": {}
        },
        "_xMg-k10WEeaQF8q9ZsVYhQ": {
          "key": "_xMg-k10WEeaQF8q9ZsVYhQ",
          "name": "$slug",
          "type": null,
          "probability": 1,
          "modifiers": [
            "private"
          ],
          "to_variable": {
            "key": "_xMfwSV0WEeaQF8q9ZsVYhQ",
            "name": "$slug",
            "type": null,
            "modifiers": [
              "private"
            ],
            "position": {}
          },
          "position": {}
        },
        "_xMg-pF0WEeaQF8q9ZsVYhQ": {
          "key": "_xMg-pF0WEeaQF8q9ZsVYhQ",
          "name": "$image",
          "type": null,
          "probability": 1,
          "modifiers": [
            "private"
          ],
          "to_variable": {
            "key": "_xMgXU10WEeaQF8q9ZsVYhQ",
            "name": "$image",
            "type": null,
            "modifiers": [
              "private"
            ],
            "position": {}
          },
          "position": {}
        }
      }
    },
    "fields_to_fields_data_clump-./Movie-_xMg-kF0WEeaQF8q9ZsVYhQ-_xMgXiF0WEeaQF8q9ZsVYhQ-$id$name$slug": {
      "type": "data_clump",
      "key": "fields_to_fields_data_clump-./Movie-_xMg-kF0WEeaQF8q9ZsVYhQ-_xMgXiF0WEeaQF8q9ZsVYhQ-$id$name$slug",
      "probability": 1,
      "from_file_path": "./Movie",
      "from_class_or_interface_name": "Movie",
      "from_class_or_interface_key": "_xMg-kF0WEeaQF8q9ZsVYhQ",
      "from_method_name": null,
      "from_method_key": null,
      "to_file_path": "./Genre",
      "to_class_or_interface_key": "_xMgXiF0WEeaQF8q9ZsVYhQ",
      "to_class_or_interface_name": "Movie",
      "to_method_key": null,
      "to_method_name": null,
      "data_clump_type": "fields_to_fields_data_clump",
      "data_clump_data": {
        "_xMg-kV0WEeaQF8q9ZsVYhQ": {
          "key": "_xMg-kV0WEeaQF8q9ZsVYhQ",
          "name": "$id",
          "type": null,
          "probability": 1,
          "modifiers": [
            "private"
          ],
          "to_variable": {
            "key": "_xMgXiV0WEeaQF8q9ZsVYhQ",
            "name": "$id",
            "type": null,
            "modifiers": [
              "private"
            ],
            "position": {}
          },
          "position": {}
        },
        "_xMg-kl0WEeaQF8q9ZsVYhQ": {
          "key": "_xMg-kl0WEeaQF8q9ZsVYhQ",
          "name": "$name",
          "type": null,
          "probability": 1,
          "modifiers": [
            "private"
          ],
          "to_variable": {
            "key": "_xMgXil0WEeaQF8q9ZsVYhQ",
            "name": "$name",
            "type": null,
            "modifiers": [
              "private"
            ],
            "position": {}
          },
          "position": {}
        },
        "_xMg-k10WEeaQF8q9ZsVYhQ": {
          "key": "_xMg-k10WEeaQF8q9ZsVYhQ",
          "name": "$slug",
          "type": null,
          "probability": 1,
          "modifiers": [
            "private"
          ],
          "to_variable": {
            "key": "_xMgXi10WEeaQF8q9ZsVYhQ",
            "name": "$slug",
            "type": null,
            "modifiers": [
              "private"
            ],
            "position": {}
          },
          "position": {}
        }
      }
    },
    "fields_to_fields_data_clump-./Movie-_xMg-kF0WEeaQF8q9ZsVYhQ-_xMhltF0WEeaQF8q9ZsVYhQ-$id$slug$autor$views$image": {
      "type": "data_clump",
      "key": "fields_to_fields_data_clump-./Movie-_xMg-kF0WEeaQF8q9ZsVYhQ-_xMhltF0WEeaQF8q9ZsVYhQ-$id$slug$autor$views$image",
      "probability": 1,
      "from_file_path": "./Movie",
      "from_class_or_interface_name": "Movie",
      "from_class_or_interface_key": "_xMg-kF0WEeaQF8q9ZsVYhQ",
      "from_method_name": null,
      "from_method_key": null,
      "to_file_path": "./News",
      "to_class_or_interface_key": "_xMhltF0WEeaQF8q9ZsVYhQ",
      "to_class_or_interface_name": "Movie",
      "to_method_key": null,
      "to_method_name": null,
      "data_clump_type": "fields_to_fields_data_clump",
      "data_clump_data": {
        "_xMg-kV0WEeaQF8q9ZsVYhQ": {
          "key": "_xMg-kV0WEeaQF8q9ZsVYhQ",
          "name": "$id",
          "type": null,
          "probability": 1,
          "modifiers": [
            "private"
          ],
          "to_variable": {
            "key": "_xMhltV0WEeaQF8q9ZsVYhQ",
            "name": "$id",
            "type": null,
            "modifiers": [
              "private"
            ],
            "position": {}
          },
          "position": {}
        },
        "_xMg-k10WEeaQF8q9ZsVYhQ": {
          "key": "_xMg-k10WEeaQF8q9ZsVYhQ",
          "name": "$slug",
          "type": null,
          "probability": 1,
          "modifiers": [
            "private"
          ],
          "to_variable": {
            "key": "_xMhluV0WEeaQF8q9ZsVYhQ",
            "name": "$slug",
            "type": null,
            "modifiers": [
              "private"
            ],
            "position": {}
          },
          "position": {}
        },
        "_xMg-lF0WEeaQF8q9ZsVYhQ": {
          "key": "_xMg-lF0WEeaQF8q9ZsVYhQ",
          "name": "$autor",
          "type": null,
          "probability": 1,
          "modifiers": [
            "private"
          ],
          "to_variable": {
            "key": "_xMhltl0WEeaQF8q9ZsVYhQ",
            "name": "$autor",
            "type": null,
            "modifiers": [
              "private"
            ],
            "position": {}
          },
          "position": {}
        },
        "_xMg-oV0WEeaQF8q9ZsVYhQ": {
          "key": "_xMg-oV0WEeaQF8q9ZsVYhQ",
          "name": "$views",
          "type": null,
          "probability": 1,
          "modifiers": [
            "private"
          ],
          "to_variable": {
            "key": "_xMhlul0WEeaQF8q9ZsVYhQ",
            "name": "$views",
            "type": null,
            "modifiers": [
              "private"
            ],
            "position": {}
          },
          "position": {}
        },
        "_xMg-pF0WEeaQF8q9ZsVYhQ": {
          "key": "_xMg-pF0WEeaQF8q9ZsVYhQ",
          "name": "$image",
          "type": null,
          "probability": 1,
          "modifiers": [
            "private"
          ],
          "to_variable": {
            "key": "_xMhlvF0WEeaQF8q9ZsVYhQ",
            "name": "$image",
            "type": null,
            "modifiers": [
              "private"
            ],
            "position": {}
          },
          "position": {}
        }
      }
    },
    "fields_to_fields_data_clump-./News-_xMhltF0WEeaQF8q9ZsVYhQ-_xMfwRl0WEeaQF8q9ZsVYhQ-$id$slug$image": {
      "type": "data_clump",
      "key": "fields_to_fields_data_clump-./News-_xMhltF0WEeaQF8q9ZsVYhQ-_xMfwRl0WEeaQF8q9ZsVYhQ-$id$slug$image",
      "probability": 1,
      "from_file_path": "./News",
      "from_class_or_interface_name": "News",
      "from_class_or_interface_key": "_xMhltF0WEeaQF8q9ZsVYhQ",
      "from_method_name": null,
      "from_method_key": null,
      "to_file_path": "./Actor",
      "to_class_or_interface_key": "_xMfwRl0WEeaQF8q9ZsVYhQ",
      "to_class_or_interface_name": "News",
      "to_method_key": null,
      "to_method_name": null,
      "data_clump_type": "fields_to_fields_data_clump",
      "data_clump_data": {
        "_xMhltV0WEeaQF8q9ZsVYhQ": {
          "key": "_xMhltV0WEeaQF8q9ZsVYhQ",
          "name": "$id",
          "type": null,
          "probability": 1,
          "modifiers": [
            "private"
          ],
          "to_variable": {
            "key": "_xMfwR10WEeaQF8q9ZsVYhQ",
            "name": "$id",
            "type": null,
            "modifiers": [
              "private"
            ],
            "position": {}
          },
          "position": {}
        },
        "_xMhluV0WEeaQF8q9ZsVYhQ": {
          "key": "_xMhluV0WEeaQF8q9ZsVYhQ",
          "name": "$slug",
          "type": null,
          "probability": 1,
          "modifiers": [
            "private"
          ],
          "to_variable": {
            "key": "_xMfwSV0WEeaQF8q9ZsVYhQ",
            "name": "$slug",
            "type": null,
            "modifiers": [
              "private"
            ],
            "position": {}
          },
          "position": {}
        },
        "_xMhlvF0WEeaQF8q9ZsVYhQ": {
          "key": "_xMhlvF0WEeaQF8q9ZsVYhQ",
          "name": "$image",
          "type": null,
          "probability": 1,
          "modifiers": [
            "private"
          ],
          "to_variable": {
            "key": "_xMgXU10WEeaQF8q9ZsVYhQ",
            "name": "$image",
            "type": null,
            "modifiers": [
              "private"
            ],
            "position": {}
          },
          "position": {}
        }
      }
    },
    "fields_to_fields_data_clump-./News-_xMhltF0WEeaQF8q9ZsVYhQ-_xMg-kF0WEeaQF8q9ZsVYhQ-$id$autor$slug$views$image": {
      "type": "data_clump",
      "key": "fields_to_fields_data_clump-./News-_xMhltF0WEeaQF8q9ZsVYhQ-_xMg-kF0WEeaQF8q9ZsVYhQ-$id$autor$slug$views$image",
      "probability": 1,
      "from_file_path": "./News",
      "from_class_or_interface_name": "News",
      "from_class_or_interface_key": "_xMhltF0WEeaQF8q9ZsVYhQ",
      "from_method_name": null,
      "from_method_key": null,
      "to_file_path": "./Movie",
      "to_class_or_interface_key": "_xMg-kF0WEeaQF8q9ZsVYhQ",
      "to_class_or_interface_name": "News",
      "to_method_key": null,
      "to_method_name": null,
      "data_clump_type": "fields_to_fields_data_clump",
      "data_clump_data": {
        "_xMhltV0WEeaQF8q9ZsVYhQ": {
          "key": "_xMhltV0WEeaQF8q9ZsVYhQ",
          "name": "$id",
          "type": null,
          "probability": 1,
          "modifiers": [
            "private"
          ],
          "to_variable": {
            "key": "_xMg-kV0WEeaQF8q9ZsVYhQ",
            "name": "$id",
            "type": null,
            "modifiers": [
              "private"
            ],
            "position": {}
          },
          "position": {}
        },
        "_xMhltl0WEeaQF8q9ZsVYhQ": {
          "key": "_xMhltl0WEeaQF8q9ZsVYhQ",
          "name": "$autor",
          "type": null,
          "probability": 1,
          "modifiers": [
            "private"
          ],
          "to_variable": {
            "key": "_xMg-lF0WEeaQF8q9ZsVYhQ",
            "name": "$autor",
            "type": null,
            "modifiers": [
              "private"
            ],
            "position": {}
          },
          "position": {}
        },
        "_xMhluV0WEeaQF8q9ZsVYhQ": {
          "key": "_xMhluV0WEeaQF8q9ZsVYhQ",
          "name": "$slug",
          "type": null,
          "probability": 1,
          "modifiers": [
            "private"
          ],
          "to_variable": {
            "key": "_xMg-k10WEeaQF8q9ZsVYhQ",
            "name": "$slug",
            "type": null,
            "modifiers": [
              "private"
            ],
            "position": {}
          },
          "position": {}
        },
        "_xMhlul0WEeaQF8q9ZsVYhQ": {
          "key": "_xMhlul0WEeaQF8q9ZsVYhQ",
          "name": "$views",
          "type": null,
          "probability": 1,
          "modifiers": [
            "private"
          ],
          "to_variable": {
            "key": "_xMg-oV0WEeaQF8q9ZsVYhQ",
            "name": "$views",
            "type": null,
            "modifiers": [
              "private"
            ],
            "position": {}
          },
          "position": {}
        },
        "_xMhlvF0WEeaQF8q9ZsVYhQ": {
          "key": "_xMhlvF0WEeaQF8q9ZsVYhQ",
          "name": "$image",
          "type": null,
          "probability": 1,
          "modifiers": [
            "private"
          ],
          "to_variable": {
            "key": "_xMg-pF0WEeaQF8q9ZsVYhQ",
            "name": "$image",
            "type": null,
            "modifiers": [
              "private"
            ],
            "position": {}
          },
          "position": {}
        }
      }
    }
  }
}