{
  "report_version": "unknown",
  "report_timestamp": "2025-03-26T22:27:59.847Z",
  "target_language": "java",
  "report_summary": {
    "additional": null,
    "amount_classes_or_interfaces_with_data_clumps": 3,
    "amount_files_with_data_clumps": 3,
    "amount_methods_with_data_clumps": 3,
    "fields_to_fields_data_clump": 0,
    "parameters_to_fields_data_clump": 3,
    "parameters_to_parameters_data_clump": 6,
    "amount_data_clumps": 9
  },
  "project_info": {
    "project_url": "unknown_project_url",
    "project_name": "2e7c26f3-48b2-46ef-94ea-3a165a6d9282",
    "project_version": "unknown_project_version",
    "project_commit_hash": "unknown",
    "project_tag": null,
    "project_commit_date": null,
    "additional": {},
    "number_of_files": 4,
    "number_of_classes_or_interfaces": 4,
    "number_of_methods": 12,
    "number_of_data_fields": 8,
    "number_of_method_parameters": 14
  },
  "detector": {
    "name": "data-clumps-doctor",
    "url": "https://github.com/NilsBaumgartner1994/data-clumps-doctor",
    "version": "0.1.100",
    "options": {
      "typeVariablesConsidered": false,
      "similarityModifierOfVariablesWithUnknownType": 0,
      "fieldsOfClassesWithUnknownHierarchyProbabilityModifier": 0,
      "sharedFieldsToFieldsAmountMinimum": 3,
      "analyseFieldsInClassesOrInterfacesInheritedFromSuperClassesOrInterfaces": false,
      "sharedParametersToParametersAmountMinimum": 3,
      "sharedParametersToFieldsAmountMinimum": 3,
      "methodsOfClassesOrInterfacesWithUnknownHierarchyProbabilityModifier": 0
    }
  },
  "data_clumps": {
    "parameters_to_parameters_data_clump-./Bow-_j-6JcaUMEDWy-8jkP2zZPw-_4kEMYKUIEDWy-8jkP2zZPw-nomdamagebonuscriticalStrike": {
      "type": "data_clump",
      "key": "parameters_to_parameters_data_clump-./Bow-_j-6JcaUMEDWy-8jkP2zZPw-_4kEMYKUIEDWy-8jkP2zZPw-nomdamagebonuscriticalStrike",
      "probability": 1,
      "from_file_path": "./Bow",
      "from_class_or_interface_name": "Bow",
      "from_class_or_interface_key": "_0I2awKUHEDWy-8jkP2zZPw",
      "from_method_name": "Bow",
      "from_method_key": "_j-6JcaUMEDWy-8jkP2zZPw",
      "to_file_path": "./Sword",
      "to_class_or_interface_name": "Sword",
      "to_class_or_interface_key": "_LIMg0KUHEDWy-8jkP2zZPw",
      "to_method_name": "Sword",
      "to_method_key": "_4kEMYKUIEDWy-8jkP2zZPw",
      "data_clump_type": "parameters_to_parameters_data_clump",
      "data_clump_data": {
        "_ICeo4KUOEDWy-8jkP2zZPw": {
          "key": "_ICeo4KUOEDWy-8jkP2zZPw",
          "name": "nom",
          "type": null,
          "probability": 1,
          "modifiers": [],
          "to_variable": {
            "key": "_KEJ_AKUJEDWy-8jkP2zZPw",
            "name": "nom",
            "type": null,
            "modifiers": [],
            "position": {}
          },
          "position": {}
        },
        "_IVfrgKUOEDWy-8jkP2zZPw": {
          "key": "_IVfrgKUOEDWy-8jkP2zZPw",
          "name": "damage",
          "type": null,
          "probability": 1,
          "modifiers": [],
          "to_variable": {
            "key": "_KFmwgKUJEDWy-8jkP2zZPw",
            "name": "damage",
            "type": null,
            "modifiers": [],
            "position": {}
          },
          "position": {}
        },
        "_IXIqQKUOEDWy-8jkP2zZPw": {
          "key": "_IXIqQKUOEDWy-8jkP2zZPw",
          "name": "bonus",
          "type": null,
          "probability": 1,
          "modifiers": [],
          "to_variable": {
            "key": "_KG_QkKUJEDWy-8jkP2zZPw",
            "name": "bonus",
            "type": null,
            "modifiers": [],
            "position": {}
          },
          "position": {}
        },
        "_NEw3AKUOEDWy-8jkP2zZPw": {
          "key": "_NEw3AKUOEDWy-8jkP2zZPw",
          "name": "criticalStrike",
          "type": null,
          "probability": 1,
          "modifiers": [],
          "to_variable": {
            "key": "_VzTGsKUJEDWy-8jkP2zZPw",
            "name": "criticalStrike",
            "type": null,
            "modifiers": [],
            "position": {}
          },
          "position": {}
        }
      }
    },
    "parameters_to_parameters_data_clump-./Bow-_j-6JcaUMEDWy-8jkP2zZPw-_QT4YAaUGEDWy-8jkP2zZPw-nomdamagebonuscriticalStrike": {
      "type": "data_clump",
      "key": "parameters_to_parameters_data_clump-./Bow-_j-6JcaUMEDWy-8jkP2zZPw-_QT4YAaUGEDWy-8jkP2zZPw-nomdamagebonuscriticalStrike",
      "probability": 1,
      "from_file_path": "./Bow",
      "from_class_or_interface_name": "Bow",
      "from_class_or_interface_key": "_0I2awKUHEDWy-8jkP2zZPw",
      "from_method_name": "Bow",
      "from_method_key": "_j-6JcaUMEDWy-8jkP2zZPw",
      "to_file_path": "./Weapon",
      "to_class_or_interface_name": "Weapon",
      "to_class_or_interface_key": "_nqgVoaUFEDWy-8jkP2zZPw",
      "to_method_name": "Weapon",
      "to_method_key": "_QT4YAaUGEDWy-8jkP2zZPw",
      "data_clump_type": "parameters_to_parameters_data_clump",
      "data_clump_data": {
        "_ICeo4KUOEDWy-8jkP2zZPw": {
          "key": "_ICeo4KUOEDWy-8jkP2zZPw",
          "name": "nom",
          "type": null,
          "probability": 1,
          "modifiers": [],
          "to_variable": {
            "key": "_gcLRQKUGEDWy-8jkP2zZPw",
            "name": "nom",
            "type": null,
            "modifiers": [],
            "position": {}
          },
          "position": {}
        },
        "_IVfrgKUOEDWy-8jkP2zZPw": {
          "key": "_IVfrgKUOEDWy-8jkP2zZPw",
          "name": "damage",
          "type": null,
          "probability": 1,
          "modifiers": [],
          "to_variable": {
            "key": "_gqxt8KUGEDWy-8jkP2zZPw",
            "name": "damage",
            "type": null,
            "modifiers": [],
            "position": {}
          },
          "position": {}
        },
        "_IXIqQKUOEDWy-8jkP2zZPw": {
          "key": "_IXIqQKUOEDWy-8jkP2zZPw",
          "name": "bonus",
          "type": null,
          "probability": 1,
          "modifiers": [],
          "to_variable": {
            "key": "_gsTX8KUGEDWy-8jkP2zZPw",
            "name": "bonus",
            "type": null,
            "modifiers": [],
            "position": {}
          },
          "position": {}
        },
        "_NEw3AKUOEDWy-8jkP2zZPw": {
          "key": "_NEw3AKUOEDWy-8jkP2zZPw",
          "name": "criticalStrike",
          "type": null,
          "probability": 1,
          "modifiers": [],
          "to_variable": {
            "key": "_gtmYcKUGEDWy-8jkP2zZPw",
            "name": "criticalStrike",
            "type": null,
            "modifiers": [],
            "position": {}
          },
          "position": {}
        }
      }
    },
    "parameters_to_fields_data_clump-./Bow-_j-6JcaUMEDWy-8jkP2zZPw-_nqgVoaUFEDWy-8jkP2zZPw-nomdamagebonuscriticalStrike": {
      "type": "data_clump",
      "key": "parameters_to_fields_data_clump-./Bow-_j-6JcaUMEDWy-8jkP2zZPw-_nqgVoaUFEDWy-8jkP2zZPw-nomdamagebonuscriticalStrike",
      "probability": 1,
      "from_file_path": "./Bow",
      "from_class_or_interface_name": "Bow",
      "from_class_or_interface_key": "_0I2awKUHEDWy-8jkP2zZPw",
      "from_method_name": "Bow",
      "from_method_key": "_j-6JcaUMEDWy-8jkP2zZPw",
      "to_file_path": "./Weapon",
      "to_class_or_interface_name": "Weapon",
      "to_class_or_interface_key": "_nqgVoaUFEDWy-8jkP2zZPw",
      "to_method_name": null,
      "to_method_key": null,
      "data_clump_type": "parameters_to_fields_data_clump",
      "data_clump_data": {
        "_ICeo4KUOEDWy-8jkP2zZPw": {
          "key": "_ICeo4KUOEDWy-8jkP2zZPw",
          "name": "nom",
          "type": null,
          "probability": 1,
          "modifiers": [],
          "to_variable": {
            "key": "_rZWl8KUFEDWy-8jkP2zZPw",
            "name": "nom",
            "type": null,
            "modifiers": [
              "protected"
            ],
            "position": {}
          },
          "position": {}
        },
        "_IVfrgKUOEDWy-8jkP2zZPw": {
          "key": "_IVfrgKUOEDWy-8jkP2zZPw",
          "name": "damage",
          "type": null,
          "probability": 1,
          "modifiers": [],
          "to_variable": {
            "key": "_zcn40KUFEDWy-8jkP2zZPw",
            "name": "damage",
            "type": null,
            "modifiers": [
              "protected"
            ],
            "position": {}
          },
          "position": {}
        },
        "_IXIqQKUOEDWy-8jkP2zZPw": {
          "key": "_IXIqQKUOEDWy-8jkP2zZPw",
          "name": "bonus",
          "type": null,
          "probability": 1,
          "modifiers": [],
          "to_variable": {
            "key": "_6zNE0KUFEDWy-8jkP2zZPw",
            "name": "bonus",
            "type": null,
            "modifiers": [
              "protected"
            ],
            "position": {}
          },
          "position": {}
        },
        "_NEw3AKUOEDWy-8jkP2zZPw": {
          "key": "_NEw3AKUOEDWy-8jkP2zZPw",
          "name": "criticalStrike",
          "type": null,
          "probability": 1,
          "modifiers": [],
          "to_variable": {
            "key": "_Bazq8KUGEDWy-8jkP2zZPw",
            "name": "criticalStrike",
            "type": null,
            "modifiers": [
              "protected"
            ],
            "position": {}
          },
          "position": {}
        }
      }
    },
    "parameters_to_parameters_data_clump-./Sword-_4kEMYKUIEDWy-8jkP2zZPw-_j-6JcaUMEDWy-8jkP2zZPw-nomdamagebonuscriticalStrike": {
      "type": "data_clump",
      "key": "parameters_to_parameters_data_clump-./Sword-_4kEMYKUIEDWy-8jkP2zZPw-_j-6JcaUMEDWy-8jkP2zZPw-nomdamagebonuscriticalStrike",
      "probability": 1,
      "from_file_path": "./Sword",
      "from_class_or_interface_name": "Sword",
      "from_class_or_interface_key": "_LIMg0KUHEDWy-8jkP2zZPw",
      "from_method_name": "Sword",
      "from_method_key": "_4kEMYKUIEDWy-8jkP2zZPw",
      "to_file_path": "./Bow",
      "to_class_or_interface_name": "Bow",
      "to_class_or_interface_key": "_0I2awKUHEDWy-8jkP2zZPw",
      "to_method_name": "Bow",
      "to_method_key": "_j-6JcaUMEDWy-8jkP2zZPw",
      "data_clump_type": "parameters_to_parameters_data_clump",
      "data_clump_data": {
        "_KEJ_AKUJEDWy-8jkP2zZPw": {
          "key": "_KEJ_AKUJEDWy-8jkP2zZPw",
          "name": "nom",
          "type": null,
          "probability": 1,
          "modifiers": [],
          "to_variable": {
            "key": "_ICeo4KUOEDWy-8jkP2zZPw",
            "name": "nom",
            "type": null,
            "modifiers": [],
            "position": {}
          },
          "position": {}
        },
        "_KFmwgKUJEDWy-8jkP2zZPw": {
          "key": "_KFmwgKUJEDWy-8jkP2zZPw",
          "name": "damage",
          "type": null,
          "probability": 1,
          "modifiers": [],
          "to_variable": {
            "key": "_IVfrgKUOEDWy-8jkP2zZPw",
            "name": "damage",
            "type": null,
            "modifiers": [],
            "position": {}
          },
          "position": {}
        },
        "_KG_QkKUJEDWy-8jkP2zZPw": {
          "key": "_KG_QkKUJEDWy-8jkP2zZPw",
          "name": "bonus",
          "type": null,
          "probability": 1,
          "modifiers": [],
          "to_variable": {
            "key": "_IXIqQKUOEDWy-8jkP2zZPw",
            "name": "bonus",
            "type": null,
            "modifiers": [],
            "position": {}
          },
          "position": {}
        },
        "_VzTGsKUJEDWy-8jkP2zZPw": {
          "key": "_VzTGsKUJEDWy-8jkP2zZPw",
          "name": "criticalStrike",
          "type": null,
          "probability": 1,
          "modifiers": [],
          "to_variable": {
            "key": "_NEw3AKUOEDWy-8jkP2zZPw",
            "name": "criticalStrike",
            "type": null,
            "modifiers": [],
            "position": {}
          },
          "position": {}
        }
      }
    },
    "parameters_to_parameters_data_clump-./Sword-_4kEMYKUIEDWy-8jkP2zZPw-_QT4YAaUGEDWy-8jkP2zZPw-nomdamagebonuscriticalStrike": {
      "type": "data_clump",
      "key": "parameters_to_parameters_data_clump-./Sword-_4kEMYKUIEDWy-8jkP2zZPw-_QT4YAaUGEDWy-8jkP2zZPw-nomdamagebonuscriticalStrike",
      "probability": 1,
      "from_file_path": "./Sword",
      "from_class_or_interface_name": "Sword",
      "from_class_or_interface_key": "_LIMg0KUHEDWy-8jkP2zZPw",
      "from_method_name": "Sword",
      "from_method_key": "_4kEMYKUIEDWy-8jkP2zZPw",
      "to_file_path": "./Weapon",
      "to_class_or_interface_name": "Weapon",
      "to_class_or_interface_key": "_nqgVoaUFEDWy-8jkP2zZPw",
      "to_method_name": "Weapon",
      "to_method_key": "_QT4YAaUGEDWy-8jkP2zZPw",
      "data_clump_type": "parameters_to_parameters_data_clump",
      "data_clump_data": {
        "_KEJ_AKUJEDWy-8jkP2zZPw": {
          "key": "_KEJ_AKUJEDWy-8jkP2zZPw",
          "name": "nom",
          "type": null,
          "probability": 1,
          "modifiers": [],
          "to_variable": {
            "key": "_gcLRQKUGEDWy-8jkP2zZPw",
            "name": "nom",
            "type": null,
            "modifiers": [],
            "position": {}
          },
          "position": {}
        },
        "_KFmwgKUJEDWy-8jkP2zZPw": {
          "key": "_KFmwgKUJEDWy-8jkP2zZPw",
          "name": "damage",
          "type": null,
          "probability": 1,
          "modifiers": [],
          "to_variable": {
            "key": "_gqxt8KUGEDWy-8jkP2zZPw",
            "name": "damage",
            "type": null,
            "modifiers": [],
            "position": {}
          },
          "position": {}
        },
        "_KG_QkKUJEDWy-8jkP2zZPw": {
          "key": "_KG_QkKUJEDWy-8jkP2zZPw",
          "name": "bonus",
          "type": null,
          "probability": 1,
          "modifiers": [],
          "to_variable": {
            "key": "_gsTX8KUGEDWy-8jkP2zZPw",
            "name": "bonus",
            "type": null,
            "modifiers": [],
            "position": {}
          },
          "position": {}
        },
        "_VzTGsKUJEDWy-8jkP2zZPw": {
          "key": "_VzTGsKUJEDWy-8jkP2zZPw",
          "name": "criticalStrike",
          "type": null,
          "probability": 1,
          "modifiers": [],
          "to_variable": {
            "key": "_gtmYcKUGEDWy-8jkP2zZPw",
            "name": "criticalStrike",
            "type": null,
            "modifiers": [],
            "position": {}
          },
          "position": {}
        }
      }
    },
    "parameters_to_fields_data_clump-./Sword-_4kEMYKUIEDWy-8jkP2zZPw-_nqgVoaUFEDWy-8jkP2zZPw-nomdamagebonuscriticalStrike": {
      "type": "data_clump",
      "key": "parameters_to_fields_data_clump-./Sword-_4kEMYKUIEDWy-8jkP2zZPw-_nqgVoaUFEDWy-8jkP2zZPw-nomdamagebonuscriticalStrike",
      "probability": 1,
      "from_file_path": "./Sword",
      "from_class_or_interface_name": "Sword",
      "from_class_or_interface_key": "_LIMg0KUHEDWy-8jkP2zZPw",
      "from_method_name": "Sword",
      "from_method_key": "_4kEMYKUIEDWy-8jkP2zZPw",
      "to_file_path": "./Weapon",
      "to_class_or_interface_name": "Weapon",
      "to_class_or_interface_key": "_nqgVoaUFEDWy-8jkP2zZPw",
      "to_method_name": null,
      "to_method_key": null,
      "data_clump_type": "parameters_to_fields_data_clump",
      "data_clump_data": {
        "_KEJ_AKUJEDWy-8jkP2zZPw": {
          "key": "_KEJ_AKUJEDWy-8jkP2zZPw",
          "name": "nom",
          "type": null,
          "probability": 1,
          "modifiers": [],
          "to_variable": {
            "key": "_rZWl8KUFEDWy-8jkP2zZPw",
            "name": "nom",
            "type": null,
            "modifiers": [
              "protected"
            ],
            "position": {}
          },
          "position": {}
        },
        "_KFmwgKUJEDWy-8jkP2zZPw": {
          "key": "_KFmwgKUJEDWy-8jkP2zZPw",
          "name": "damage",
          "type": null,
          "probability": 1,
          "modifiers": [],
          "to_variable": {
            "key": "_zcn40KUFEDWy-8jkP2zZPw",
            "name": "damage",
            "type": null,
            "modifiers": [
              "protected"
            ],
            "position": {}
          },
          "position": {}
        },
        "_KG_QkKUJEDWy-8jkP2zZPw": {
          "key": "_KG_QkKUJEDWy-8jkP2zZPw",
          "name": "bonus",
          "type": null,
          "probability": 1,
          "modifiers": [],
          "to_variable": {
            "key": "_6zNE0KUFEDWy-8jkP2zZPw",
            "name": "bonus",
            "type": null,
            "modifiers": [
              "protected"
            ],
            "position": {}
          },
          "position": {}
        },
        "_VzTGsKUJEDWy-8jkP2zZPw": {
          "key": "_VzTGsKUJEDWy-8jkP2zZPw",
          "name": "criticalStrike",
          "type": null,
          "probability": 1,
          "modifiers": [],
          "to_variable": {
            "key": "_Bazq8KUGEDWy-8jkP2zZPw",
            "name": "criticalStrike",
            "type": null,
            "modifiers": [
              "protected"
            ],
            "position": {}
          },
          "position": {}
        }
      }
    },
    "parameters_to_parameters_data_clump-./Weapon-_QT4YAaUGEDWy-8jkP2zZPw-_j-6JcaUMEDWy-8jkP2zZPw-nomdamagebonuscriticalStrike": {
      "type": "data_clump",
      "key": "parameters_to_parameters_data_clump-./Weapon-_QT4YAaUGEDWy-8jkP2zZPw-_j-6JcaUMEDWy-8jkP2zZPw-nomdamagebonuscriticalStrike",
      "probability": 1,
      "from_file_path": "./Weapon",
      "from_class_or_interface_name": "Weapon",
      "from_class_or_interface_key": "_nqgVoaUFEDWy-8jkP2zZPw",
      "from_method_name": "Weapon",
      "from_method_key": "_QT4YAaUGEDWy-8jkP2zZPw",
      "to_file_path": "./Bow",
      "to_class_or_interface_name": "Bow",
      "to_class_or_interface_key": "_0I2awKUHEDWy-8jkP2zZPw",
      "to_method_name": "Bow",
      "to_method_key": "_j-6JcaUMEDWy-8jkP2zZPw",
      "data_clump_type": "parameters_to_parameters_data_clump",
      "data_clump_data": {
        "_gcLRQKUGEDWy-8jkP2zZPw": {
          "key": "_gcLRQKUGEDWy-8jkP2zZPw",
          "name": "nom",
          "type": null,
          "probability": 1,
          "modifiers": [],
          "to_variable": {
            "key": "_ICeo4KUOEDWy-8jkP2zZPw",
            "name": "nom",
            "type": null,
            "modifiers": [],
            "position": {}
          },
          "position": {}
        },
        "_gqxt8KUGEDWy-8jkP2zZPw": {
          "key": "_gqxt8KUGEDWy-8jkP2zZPw",
          "name": "damage",
          "type": null,
          "probability": 1,
          "modifiers": [],
          "to_variable": {
            "key": "_IVfrgKUOEDWy-8jkP2zZPw",
            "name": "damage",
            "type": null,
            "modifiers": [],
            "position": {}
          },
          "position": {}
        },
        "_gsTX8KUGEDWy-8jkP2zZPw": {
          "key": "_gsTX8KUGEDWy-8jkP2zZPw",
          "name": "bonus",
          "type": null,
          "probability": 1,
          "modifiers": [],
          "to_variable": {
            "key": "_IXIqQKUOEDWy-8jkP2zZPw",
            "name": "bonus",
            "type": null,
            "modifiers": [],
            "position": {}
          },
          "position": {}
        },
        "_gtmYcKUGEDWy-8jkP2zZPw": {
          "key": "_gtmYcKUGEDWy-8jkP2zZPw",
          "name": "criticalStrike",
          "type": null,
          "probability": 1,
          "modifiers": [],
          "to_variable": {
            "key": "_NEw3AKUOEDWy-8jkP2zZPw",
            "name": "criticalStrike",
            "type": null,
            "modifiers": [],
            "position": {}
          },
          "position": {}
        }
      }
    },
    "parameters_to_parameters_data_clump-./Weapon-_QT4YAaUGEDWy-8jkP2zZPw-_4kEMYKUIEDWy-8jkP2zZPw-nomdamagebonuscriticalStrike": {
      "type": "data_clump",
      "key": "parameters_to_parameters_data_clump-./Weapon-_QT4YAaUGEDWy-8jkP2zZPw-_4kEMYKUIEDWy-8jkP2zZPw-nomdamagebonuscriticalStrike",
      "probability": 1,
      "from_file_path": "./Weapon",
      "from_class_or_interface_name": "Weapon",
      "from_class_or_interface_key": "_nqgVoaUFEDWy-8jkP2zZPw",
      "from_method_name": "Weapon",
      "from_method_key": "_QT4YAaUGEDWy-8jkP2zZPw",
      "to_file_path": "./Sword",
      "to_class_or_interface_name": "Sword",
      "to_class_or_interface_key": "_LIMg0KUHEDWy-8jkP2zZPw",
      "to_method_name": "Sword",
      "to_method_key": "_4kEMYKUIEDWy-8jkP2zZPw",
      "data_clump_type": "parameters_to_parameters_data_clump",
      "data_clump_data": {
        "_gcLRQKUGEDWy-8jkP2zZPw": {
          "key": "_gcLRQKUGEDWy-8jkP2zZPw",
          "name": "nom",
          "type": null,
          "probability": 1,
          "modifiers": [],
          "to_variable": {
            "key": "_KEJ_AKUJEDWy-8jkP2zZPw",
            "name": "nom",
            "type": null,
            "modifiers": [],
            "position": {}
          },
          "position": {}
        },
        "_gqxt8KUGEDWy-8jkP2zZPw": {
          "key": "_gqxt8KUGEDWy-8jkP2zZPw",
          "name": "damage",
          "type": null,
          "probability": 1,
          "modifiers": [],
          "to_variable": {
            "key": "_KFmwgKUJEDWy-8jkP2zZPw",
            "name": "damage",
            "type": null,
            "modifiers": [],
            "position": {}
          },
          "position": {}
        },
        "_gsTX8KUGEDWy-8jkP2zZPw": {
          "key": "_gsTX8KUGEDWy-8jkP2zZPw",
          "name": "bonus",
          "type": null,
          "probability": 1,
          "modifiers": [],
          "to_variable": {
            "key": "_KG_QkKUJEDWy-8jkP2zZPw",
            "name": "bonus",
            "type": null,
            "modifiers": [],
            "position": {}
          },
          "position": {}
        },
        "_gtmYcKUGEDWy-8jkP2zZPw": {
          "key": "_gtmYcKUGEDWy-8jkP2zZPw",
          "name": "criticalStrike",
          "type": null,
          "probability": 1,
          "modifiers": [],
          "to_variable": {
            "key": "_VzTGsKUJEDWy-8jkP2zZPw",
            "name": "criticalStrike",
            "type": null,
            "modifiers": [],
            "position": {}
          },
          "position": {}
        }
      }
    },
    "parameters_to_fields_data_clump-./Weapon-_QT4YAaUGEDWy-8jkP2zZPw-_nqgVoaUFEDWy-8jkP2zZPw-nomdamagebonuscriticalStrike": {
      "type": "data_clump",
      "key": "parameters_to_fields_data_clump-./Weapon-_QT4YAaUGEDWy-8jkP2zZPw-_nqgVoaUFEDWy-8jkP2zZPw-nomdamagebonuscriticalStrike",
      "probability": 1,
      "from_file_path": "./Weapon",
      "from_class_or_interface_name": "Weapon",
      "from_class_or_interface_key": "_nqgVoaUFEDWy-8jkP2zZPw",
      "from_method_name": "Weapon",
      "from_method_key": "_QT4YAaUGEDWy-8jkP2zZPw",
      "to_file_path": "./Weapon",
      "to_class_or_interface_name": "Weapon",
      "to_class_or_interface_key": "_nqgVoaUFEDWy-8jkP2zZPw",
      "to_method_name": null,
      "to_method_key": null,
      "data_clump_type": "parameters_to_fields_data_clump",
      "data_clump_data": {
        "_gcLRQKUGEDWy-8jkP2zZPw": {
          "key": "_gcLRQKUGEDWy-8jkP2zZPw",
          "name": "nom",
          "type": null,
          "probability": 1,
          "modifiers": [],
          "to_variable": {
            "key": "_rZWl8KUFEDWy-8jkP2zZPw",
            "name": "nom",
            "type": null,
            "modifiers": [
              "protected"
            ],
            "position": {}
          },
          "position": {}
        },
        "_gqxt8KUGEDWy-8jkP2zZPw": {
          "key": "_gqxt8KUGEDWy-8jkP2zZPw",
          "name": "damage",
          "type": null,
          "probability": 1,
          "modifiers": [],
          "to_variable": {
            "key": "_zcn40KUFEDWy-8jkP2zZPw",
            "name": "damage",
            "type": null,
            "modifiers": [
              "protected"
            ],
            "position": {}
          },
          "position": {}
        },
        "_gsTX8KUGEDWy-8jkP2zZPw": {
          "key": "_gsTX8KUGEDWy-8jkP2zZPw",
          "name": "bonus",
          "type": null,
          "probability": 1,
          "modifiers": [],
          "to_variable": {
            "key": "_6zNE0KUFEDWy-8jkP2zZPw",
            "name": "bonus",
            "type": null,
            "modifiers": [
              "protected"
            ],
            "position": {}
          },
          "position": {}
        },
        "_gtmYcKUGEDWy-8jkP2zZPw": {
          "key": "_gtmYcKUGEDWy-8jkP2zZPw",
          "name": "criticalStrike",
          "type": null,
          "probability": 1,
          "modifiers": [],
          "to_variable": {
            "key": "_Bazq8KUGEDWy-8jkP2zZPw",
            "name": "criticalStrike",
            "type": null,
            "modifiers": [
              "protected"
            ],
            "position": {}
          },
          "position": {}
        }
      }
    }
  }
}