{
  "report_version": "unknown",
  "report_timestamp": "2025-03-26T22:42:04.529Z",
  "target_language": "java",
  "report_summary": {
    "additional": null,
    "amount_classes_or_interfaces_with_data_clumps": 1,
    "amount_files_with_data_clumps": 2,
    "amount_methods_with_data_clumps": 1,
    "fields_to_fields_data_clump": 0,
    "parameters_to_fields_data_clump": 1,
    "parameters_to_parameters_data_clump": 0,
    "amount_data_clumps": 1
  },
  "project_info": {
    "project_url": "unknown_project_url",
    "project_name": "_exLb4EBpEeyo8oS76GR6Gg",
    "project_version": "unknown_project_version",
    "project_commit_hash": "unknown",
    "project_tag": null,
    "project_commit_date": null,
    "additional": {},
    "number_of_files": 11,
    "number_of_classes_or_interfaces": 11,
    "number_of_methods": 40,
    "number_of_data_fields": 27,
    "number_of_method_parameters": 22
  },
  "detector": {
    "name": "data-clumps-doctor",
    "url": "https://github.com/NilsBaumgartner1994/data-clumps-doctor",
    "version": "0.1.100",
    "options": {
      "typeVariablesConsidered": false,
      "similarityModifierOfVariablesWithUnknownType": 0,
      "fieldsOfClassesWithUnknownHierarchyProbabilityModifier": 0,
      "sharedFieldsToFieldsAmountMinimum": 3,
      "analyseFieldsInClassesOrInterfacesInheritedFromSuperClassesOrInterfaces": false,
      "sharedParametersToParametersAmountMinimum": 3,
      "sharedParametersToFieldsAmountMinimum": 3,
      "methodsOfClassesOrInterfacesWithUnknownHierarchyProbabilityModifier": 0
    }
  },
  "data_clumps": {
    "parameters_to_fields_data_clump-./BDDManager-_VfsfEE-vEDqcfddRR5U-ag-_SU1XgE-tEDqcfddRR5U-ag-fromcontentdate": {
      "type": "data_clump",
      "key": "parameters_to_fields_data_clump-./BDDManager-_VfsfEE-vEDqcfddRR5U-ag-_SU1XgE-tEDqcfddRR5U-ag-fromcontentdate",
      "probability": 1,
      "from_file_path": "./BDDManager",
      "from_class_or_interface_name": "BDDManager",
      "from_class_or_interface_key": "_RhU28E-tEDqcfddRR5U-ag",
      "from_method_name": "insertHistory",
      "from_method_key": "_VfsfEE-vEDqcfddRR5U-ag",
      "to_file_path": "./Message",
      "to_class_or_interface_name": "Message",
      "to_class_or_interface_key": "_SU1XgE-tEDqcfddRR5U-ag",
      "to_method_name": null,
      "to_method_key": null,
      "data_clump_type": "parameters_to_fields_data_clump",
      "data_clump_data": {
        "_rNTbAE-vEDqcfddRR5U-ag": {
          "key": "_rNTbAE-vEDqcfddRR5U-ag",
          "name": "from",
          "type": null,
          "probability": 1,
          "modifiers": [],
          "to_variable": {
            "key": "__V7yoE-uEDqcfddRR5U-ag",
            "name": "from",
            "type": null,
            "modifiers": [
              "public"
            ],
            "position": {}
          },
          "position": {}
        },
        "_rsGP0E-vEDqcfddRR5U-ag": {
          "key": "_rsGP0E-vEDqcfddRR5U-ag",
          "name": "content",
          "type": null,
          "probability": 1,
          "modifiers": [],
          "to_variable": {
            "key": "_Ewc6kE-vEDqcfddRR5U-ag",
            "name": "content",
            "type": null,
            "modifiers": [
              "public"
            ],
            "position": {}
          },
          "position": {}
        },
        "_sLzqoE-vEDqcfddRR5U-ag": {
          "key": "_sLzqoE-vEDqcfddRR5U-ag",
          "name": "date",
          "type": null,
          "probability": 1,
          "modifiers": [],
          "to_variable": {
            "key": "_CU76YE-vEDqcfddRR5U-ag",
            "name": "date",
            "type": null,
            "modifiers": [
              "public"
            ],
            "position": {}
          },
          "position": {}
        }
      }
    }
  }
}