{
  "report_version": "unknown",
  "report_timestamp": "2025-03-26T22:01:16.955Z",
  "target_language": "java",
  "report_summary": {
    "additional": null,
    "amount_classes_or_interfaces_with_data_clumps": 2,
    "amount_files_with_data_clumps": 2,
    "amount_methods_with_data_clumps": 0,
    "fields_to_fields_data_clump": 2,
    "parameters_to_fields_data_clump": 0,
    "parameters_to_parameters_data_clump": 0,
    "amount_data_clumps": 2
  },
  "project_info": {
    "project_url": "unknown_project_url",
    "project_name": "_ldepcKPzEemlGeJsLESUmg",
    "project_version": "unknown_project_version",
    "project_commit_hash": "unknown",
    "project_tag": null,
    "project_commit_date": null,
    "additional": {},
    "number_of_files": 4,
    "number_of_classes_or_interfaces": 4,
    "number_of_methods": 7,
    "number_of_data_fields": 9,
    "number_of_method_parameters": 0
  },
  "detector": {
    "name": "data-clumps-doctor",
    "url": "https://github.com/NilsBaumgartner1994/data-clumps-doctor",
    "version": "0.1.100",
    "options": {
      "typeVariablesConsidered": false,
      "similarityModifierOfVariablesWithUnknownType": 0,
      "fieldsOfClassesWithUnknownHierarchyProbabilityModifier": 0,
      "sharedFieldsToFieldsAmountMinimum": 3,
      "analyseFieldsInClassesOrInterfacesInheritedFromSuperClassesOrInterfaces": false,
      "sharedParametersToParametersAmountMinimum": 3,
      "sharedParametersToFieldsAmountMinimum": 3,
      "methodsOfClassesOrInterfacesWithUnknownHierarchyProbabilityModifier": 0
    }
  },
  "data_clumps": {
    "fields_to_fields_data_clump-./LEDLightsClass-_4ubXUI4WEDeNZP4WEvAjeQ-_TTJooI4WEDeNZP4WEvAjeQ-PropertiesProperties2Properties3": {
      "type": "data_clump",
      "key": "fields_to_fields_data_clump-./LEDLightsClass-_4ubXUI4WEDeNZP4WEvAjeQ-_TTJooI4WEDeNZP4WEvAjeQ-PropertiesProperties2Properties3",
      "probability": 1,
      "from_file_path": "./LEDLightsClass",
      "from_class_or_interface_name": "LEDLightsClass",
      "from_class_or_interface_key": "_4ubXUI4WEDeNZP4WEvAjeQ",
      "from_method_name": null,
      "from_method_key": null,
      "to_file_path": "./TVClass",
      "to_class_or_interface_key": "_TTJooI4WEDeNZP4WEvAjeQ",
      "to_class_or_interface_name": "LEDLightsClass",
      "to_method_key": null,
      "to_method_name": null,
      "data_clump_type": "fields_to_fields_data_clump",
      "data_clump_data": {
        "_68ntMI4WEDeNZP4WEvAjeQ": {
          "key": "_68ntMI4WEDeNZP4WEvAjeQ",
          "name": "Properties",
          "type": null,
          "probability": 1,
          "modifiers": [
            "public"
          ],
          "to_variable": {
            "key": "_XjuF8I4WEDeNZP4WEvAjeQ",
            "name": "Properties",
            "type": null,
            "modifiers": [
              "public"
            ],
            "position": {}
          },
          "position": {}
        },
        "_DC3bkI4XEDeNZP4WEvAjeQ": {
          "key": "_DC3bkI4XEDeNZP4WEvAjeQ",
          "name": "Properties2",
          "type": null,
          "probability": 1,
          "modifiers": [
            "public"
          ],
          "to_variable": {
            "key": "_oLvBEI4WEDeNZP4WEvAjeQ",
            "name": "Properties2",
            "type": null,
            "modifiers": [
              "public"
            ],
            "position": {}
          },
          "position": {}
        },
        "_G5iyMI4XEDeNZP4WEvAjeQ": {
          "key": "_G5iyMI4XEDeNZP4WEvAjeQ",
          "name": "Properties3",
          "type": null,
          "probability": 1,
          "modifiers": [
            "public"
          ],
          "to_variable": {
            "key": "_sNWcYI4WEDeNZP4WEvAjeQ",
            "name": "Properties3",
            "type": null,
            "modifiers": [
              "public"
            ],
            "position": {}
          },
          "position": {}
        }
      }
    },
    "fields_to_fields_data_clump-./TVClass-_TTJooI4WEDeNZP4WEvAjeQ-_4ubXUI4WEDeNZP4WEvAjeQ-PropertiesProperties2Properties3": {
      "type": "data_clump",
      "key": "fields_to_fields_data_clump-./TVClass-_TTJooI4WEDeNZP4WEvAjeQ-_4ubXUI4WEDeNZP4WEvAjeQ-PropertiesProperties2Properties3",
      "probability": 1,
      "from_file_path": "./TVClass",
      "from_class_or_interface_name": "TVClass",
      "from_class_or_interface_key": "_TTJooI4WEDeNZP4WEvAjeQ",
      "from_method_name": null,
      "from_method_key": null,
      "to_file_path": "./LEDLightsClass",
      "to_class_or_interface_key": "_4ubXUI4WEDeNZP4WEvAjeQ",
      "to_class_or_interface_name": "TVClass",
      "to_method_key": null,
      "to_method_name": null,
      "data_clump_type": "fields_to_fields_data_clump",
      "data_clump_data": {
        "_XjuF8I4WEDeNZP4WEvAjeQ": {
          "key": "_XjuF8I4WEDeNZP4WEvAjeQ",
          "name": "Properties",
          "type": null,
          "probability": 1,
          "modifiers": [
            "public"
          ],
          "to_variable": {
            "key": "_68ntMI4WEDeNZP4WEvAjeQ",
            "name": "Properties",
            "type": null,
            "modifiers": [
              "public"
            ],
            "position": {}
          },
          "position": {}
        },
        "_oLvBEI4WEDeNZP4WEvAjeQ": {
          "key": "_oLvBEI4WEDeNZP4WEvAjeQ",
          "name": "Properties2",
          "type": null,
          "probability": 1,
          "modifiers": [
            "public"
          ],
          "to_variable": {
            "key": "_DC3bkI4XEDeNZP4WEvAjeQ",
            "name": "Properties2",
            "type": null,
            "modifiers": [
              "public"
            ],
            "position": {}
          },
          "position": {}
        },
        "_sNWcYI4WEDeNZP4WEvAjeQ": {
          "key": "_sNWcYI4WEDeNZP4WEvAjeQ",
          "name": "Properties3",
          "type": null,
          "probability": 1,
          "modifiers": [
            "public"
          ],
          "to_variable": {
            "key": "_G5iyMI4XEDeNZP4WEvAjeQ",
            "name": "Properties3",
            "type": null,
            "modifiers": [
              "public"
            ],
            "position": {}
          },
          "position": {}
        }
      }
    }
  }
}