{
  "report_version": "unknown",
  "report_timestamp": "2025-03-26T21:43:36.526Z",
  "target_language": "java",
  "report_summary": {
    "additional": null,
    "amount_classes_or_interfaces_with_data_clumps": 2,
    "amount_files_with_data_clumps": 2,
    "amount_methods_with_data_clumps": 0,
    "fields_to_fields_data_clump": 2,
    "parameters_to_fields_data_clump": 0,
    "parameters_to_parameters_data_clump": 0,
    "amount_data_clumps": 2
  },
  "project_info": {
    "project_url": "unknown_project_url",
    "project_name": "_VXHogNagEeiRsZPYq94rUg",
    "project_version": "unknown_project_version",
    "project_commit_hash": "unknown",
    "project_tag": null,
    "project_commit_date": null,
    "additional": {},
    "number_of_files": 8,
    "number_of_classes_or_interfaces": 8,
    "number_of_methods": 1,
    "number_of_data_fields": 39,
    "number_of_method_parameters": 0
  },
  "detector": {
    "name": "data-clumps-doctor",
    "url": "https://github.com/NilsBaumgartner1994/data-clumps-doctor",
    "version": "0.1.100",
    "options": {
      "typeVariablesConsidered": false,
      "similarityModifierOfVariablesWithUnknownType": 0,
      "fieldsOfClassesWithUnknownHierarchyProbabilityModifier": 0,
      "sharedFieldsToFieldsAmountMinimum": 3,
      "analyseFieldsInClassesOrInterfacesInheritedFromSuperClassesOrInterfaces": false,
      "sharedParametersToParametersAmountMinimum": 3,
      "sharedParametersToFieldsAmountMinimum": 3,
      "methodsOfClassesOrInterfacesWithUnknownHierarchyProbabilityModifier": 0
    }
  },
  "data_clumps": {
    "fields_to_fields_data_clump-./Vlasnik-_ZLUcILjOEDaA-qKKVxSHoA-_nstXELjQEDaA-qKKVxSHoA-ImePrezimeJMBGAdresaGradKontakt": {
      "type": "data_clump",
      "key": "fields_to_fields_data_clump-./Vlasnik-_ZLUcILjOEDaA-qKKVxSHoA-_nstXELjQEDaA-qKKVxSHoA-ImePrezimeJMBGAdresaGradKontakt",
      "probability": 1,
      "from_file_path": "./Vlasnik",
      "from_class_or_interface_name": "Vlasnik",
      "from_class_or_interface_key": "_ZLUcILjOEDaA-qKKVxSHoA",
      "from_method_name": null,
      "from_method_key": null,
      "to_file_path": "./Zaposleni",
      "to_class_or_interface_key": "_nstXELjQEDaA-qKKVxSHoA",
      "to_class_or_interface_name": "Vlasnik",
      "to_method_key": null,
      "to_method_name": null,
      "data_clump_type": "fields_to_fields_data_clump",
      "data_clump_data": {
        "_uDPGMLjOEDaA-qKKVxSHoA": {
          "key": "_uDPGMLjOEDaA-qKKVxSHoA",
          "name": "Ime",
          "type": null,
          "probability": 1,
          "modifiers": [
            "private"
          ],
          "to_variable": {
            "key": "_nst-ILjQEDaA-qKKVxSHoA",
            "name": "Ime",
            "type": null,
            "modifiers": [
              "private"
            ],
            "position": {}
          },
          "position": {}
        },
        "_CoKi0LjPEDaA-qKKVxSHoA": {
          "key": "_CoKi0LjPEDaA-qKKVxSHoA",
          "name": "Prezime",
          "type": null,
          "probability": 1,
          "modifiers": [
            "private"
          ],
          "to_variable": {
            "key": "_nst-IbjQEDaA-qKKVxSHoA",
            "name": "Prezime",
            "type": null,
            "modifiers": [
              "private"
            ],
            "position": {}
          },
          "position": {}
        },
        "_FGUAQbjPEDaA-qKKVxSHoA": {
          "key": "_FGUAQbjPEDaA-qKKVxSHoA",
          "name": "JMBG",
          "type": null,
          "probability": 1,
          "modifiers": [
            "private"
          ],
          "to_variable": {
            "key": "_nst-IrjQEDaA-qKKVxSHoA",
            "name": "JMBG",
            "type": null,
            "modifiers": [
              "private"
            ],
            "position": {}
          },
          "position": {}
        },
        "_QmVG0LjPEDaA-qKKVxSHoA": {
          "key": "_QmVG0LjPEDaA-qKKVxSHoA",
          "name": "Adresa",
          "type": null,
          "probability": 1,
          "modifiers": [
            "private"
          ],
          "to_variable": {
            "key": "_nst-I7jQEDaA-qKKVxSHoA",
            "name": "Adresa",
            "type": null,
            "modifiers": [
              "private"
            ],
            "position": {}
          },
          "position": {}
        },
        "_Sd8vwbjPEDaA-qKKVxSHoA": {
          "key": "_Sd8vwbjPEDaA-qKKVxSHoA",
          "name": "Grad",
          "type": null,
          "probability": 1,
          "modifiers": [
            "private"
          ],
          "to_variable": {
            "key": "_nst-JLjQEDaA-qKKVxSHoA",
            "name": "Grad",
            "type": null,
            "modifiers": [
              "private"
            ],
            "position": {}
          },
          "position": {}
        },
        "_Ta1OwbjPEDaA-qKKVxSHoA": {
          "key": "_Ta1OwbjPEDaA-qKKVxSHoA",
          "name": "Kontakt",
          "type": null,
          "probability": 1,
          "modifiers": [
            "private"
          ],
          "to_variable": {
            "key": "_nst-JbjQEDaA-qKKVxSHoA",
            "name": "Kontakt",
            "type": null,
            "modifiers": [
              "private"
            ],
            "position": {}
          },
          "position": {}
        }
      }
    },
    "fields_to_fields_data_clump-./Zaposleni-_nstXELjQEDaA-qKKVxSHoA-_ZLUcILjOEDaA-qKKVxSHoA-ImePrezimeJMBGAdresaGradKontakt": {
      "type": "data_clump",
      "key": "fields_to_fields_data_clump-./Zaposleni-_nstXELjQEDaA-qKKVxSHoA-_ZLUcILjOEDaA-qKKVxSHoA-ImePrezimeJMBGAdresaGradKontakt",
      "probability": 1,
      "from_file_path": "./Zaposleni",
      "from_class_or_interface_name": "Zaposleni",
      "from_class_or_interface_key": "_nstXELjQEDaA-qKKVxSHoA",
      "from_method_name": null,
      "from_method_key": null,
      "to_file_path": "./Vlasnik",
      "to_class_or_interface_key": "_ZLUcILjOEDaA-qKKVxSHoA",
      "to_class_or_interface_name": "Zaposleni",
      "to_method_key": null,
      "to_method_name": null,
      "data_clump_type": "fields_to_fields_data_clump",
      "data_clump_data": {
        "_nst-ILjQEDaA-qKKVxSHoA": {
          "key": "_nst-ILjQEDaA-qKKVxSHoA",
          "name": "Ime",
          "type": null,
          "probability": 1,
          "modifiers": [
            "private"
          ],
          "to_variable": {
            "key": "_uDPGMLjOEDaA-qKKVxSHoA",
            "name": "Ime",
            "type": null,
            "modifiers": [
              "private"
            ],
            "position": {}
          },
          "position": {}
        },
        "_nst-IbjQEDaA-qKKVxSHoA": {
          "key": "_nst-IbjQEDaA-qKKVxSHoA",
          "name": "Prezime",
          "type": null,
          "probability": 1,
          "modifiers": [
            "private"
          ],
          "to_variable": {
            "key": "_CoKi0LjPEDaA-qKKVxSHoA",
            "name": "Prezime",
            "type": null,
            "modifiers": [
              "private"
            ],
            "position": {}
          },
          "position": {}
        },
        "_nst-IrjQEDaA-qKKVxSHoA": {
          "key": "_nst-IrjQEDaA-qKKVxSHoA",
          "name": "JMBG",
          "type": null,
          "probability": 1,
          "modifiers": [
            "private"
          ],
          "to_variable": {
            "key": "_FGUAQbjPEDaA-qKKVxSHoA",
            "name": "JMBG",
            "type": null,
            "modifiers": [
              "private"
            ],
            "position": {}
          },
          "position": {}
        },
        "_nst-I7jQEDaA-qKKVxSHoA": {
          "key": "_nst-I7jQEDaA-qKKVxSHoA",
          "name": "Adresa",
          "type": null,
          "probability": 1,
          "modifiers": [
            "private"
          ],
          "to_variable": {
            "key": "_QmVG0LjPEDaA-qKKVxSHoA",
            "name": "Adresa",
            "type": null,
            "modifiers": [
              "private"
            ],
            "position": {}
          },
          "position": {}
        },
        "_nst-JLjQEDaA-qKKVxSHoA": {
          "key": "_nst-JLjQEDaA-qKKVxSHoA",
          "name": "Grad",
          "type": null,
          "probability": 1,
          "modifiers": [
            "private"
          ],
          "to_variable": {
            "key": "_Sd8vwbjPEDaA-qKKVxSHoA",
            "name": "Grad",
            "type": null,
            "modifiers": [
              "private"
            ],
            "position": {}
          },
          "position": {}
        },
        "_nst-JbjQEDaA-qKKVxSHoA": {
          "key": "_nst-JbjQEDaA-qKKVxSHoA",
          "name": "Kontakt",
          "type": null,
          "probability": 1,
          "modifiers": [
            "private"
          ],
          "to_variable": {
            "key": "_Ta1OwbjPEDaA-qKKVxSHoA",
            "name": "Kontakt",
            "type": null,
            "modifiers": [
              "private"
            ],
            "position": {}
          },
          "position": {}
        }
      }
    }
  }
}