{
  "report_version": "unknown",
  "report_timestamp": "2025-03-26T22:48:07.502Z",
  "target_language": "java",
  "report_summary": {
    "additional": null,
    "amount_classes_or_interfaces_with_data_clumps": 9,
    "amount_files_with_data_clumps": 9,
    "amount_methods_with_data_clumps": 0,
    "fields_to_fields_data_clump": 10,
    "parameters_to_fields_data_clump": 0,
    "parameters_to_parameters_data_clump": 0,
    "amount_data_clumps": 10
  },
  "project_info": {
    "project_url": "unknown_project_url",
    "project_name": "7ae021bd-858f-4f6d-9b4c-4de28e131abd",
    "project_version": "unknown_project_version",
    "project_commit_hash": "unknown",
    "project_tag": null,
    "project_commit_date": null,
    "additional": {},
    "number_of_files": 13,
    "number_of_classes_or_interfaces": 13,
    "number_of_methods": 28,
    "number_of_data_fields": 77,
    "number_of_method_parameters": 0
  },
  "detector": {
    "name": "data-clumps-doctor",
    "url": "https://github.com/NilsBaumgartner1994/data-clumps-doctor",
    "version": "0.1.100",
    "options": {
      "typeVariablesConsidered": false,
      "similarityModifierOfVariablesWithUnknownType": 0,
      "fieldsOfClassesWithUnknownHierarchyProbabilityModifier": 0,
      "sharedFieldsToFieldsAmountMinimum": 3,
      "analyseFieldsInClassesOrInterfacesInheritedFromSuperClassesOrInterfaces": false,
      "sharedParametersToParametersAmountMinimum": 3,
      "sharedParametersToFieldsAmountMinimum": 3,
      "methodsOfClassesOrInterfacesWithUnknownHierarchyProbabilityModifier": 0
    }
  },
  "data_clumps": {
    "fields_to_fields_data_clump-./Client_DataLineage-_yHrGQD4GEDWZsOI_08yVIQ-_q9wvMD4EEDWZsOI_08yVIQ-IdClient_IdProcess_IdDescriptionSQL_Id": {
      "type": "data_clump",
      "key": "fields_to_fields_data_clump-./Client_DataLineage-_yHrGQD4GEDWZsOI_08yVIQ-_q9wvMD4EEDWZsOI_08yVIQ-IdClient_IdProcess_IdDescriptionSQL_Id",
      "probability": 1,
      "from_file_path": "./Client_DataLineage",
      "from_class_or_interface_name": "Client_DataLineage",
      "from_class_or_interface_key": "_yHrGQD4GEDWZsOI_08yVIQ",
      "from_method_name": null,
      "from_method_key": null,
      "to_file_path": "./Client_Thresholds",
      "to_class_or_interface_key": "_q9wvMD4EEDWZsOI_08yVIQ",
      "to_class_or_interface_name": "Client_DataLineage",
      "to_method_key": null,
      "to_method_name": null,
      "data_clump_type": "fields_to_fields_data_clump",
      "data_clump_data": {
        "_yHsUYD4GEDWZsOI_08yVIQ": {
          "key": "_yHsUYD4GEDWZsOI_08yVIQ",
          "name": "Id",
          "type": null,
          "probability": 1,
          "modifiers": [
            "public"
          ],
          "to_variable": {
            "key": "_q9x9UD4EEDWZsOI_08yVIQ",
            "name": "Id",
            "type": null,
            "modifiers": [
              "public"
            ],
            "position": {}
          },
          "position": {}
        },
        "_yHsUYT4GEDWZsOI_08yVIQ": {
          "key": "_yHsUYT4GEDWZsOI_08yVIQ",
          "name": "Client_Id",
          "type": null,
          "probability": 1,
          "modifiers": [],
          "to_variable": {
            "key": "_q9x9UT4EEDWZsOI_08yVIQ",
            "name": "Client_Id",
            "type": null,
            "modifiers": [],
            "position": {}
          },
          "position": {}
        },
        "_yHsUYj4GEDWZsOI_08yVIQ": {
          "key": "_yHsUYj4GEDWZsOI_08yVIQ",
          "name": "Process_Id",
          "type": null,
          "probability": 1,
          "modifiers": [],
          "to_variable": {
            "key": "_q9zLcD4EEDWZsOI_08yVIQ",
            "name": "Process_Id",
            "type": null,
            "modifiers": [],
            "position": {}
          },
          "position": {}
        },
        "_yHsUYz4GEDWZsOI_08yVIQ": {
          "key": "_yHsUYz4GEDWZsOI_08yVIQ",
          "name": "Description",
          "type": null,
          "probability": 1,
          "modifiers": [
            "public"
          ],
          "to_variable": {
            "key": "_9xwZsD4EEDWZsOI_08yVIQ",
            "name": "Description",
            "type": null,
            "modifiers": [
              "public"
            ],
            "position": {}
          },
          "position": {}
        },
        "_yHs7cT4GEDWZsOI_08yVIQ": {
          "key": "_yHs7cT4GEDWZsOI_08yVIQ",
          "name": "SQL_Id",
          "type": null,
          "probability": 1,
          "modifiers": [
            "public"
          ],
          "to_variable": {
            "key": "_4jryUD4EEDWZsOI_08yVIQ",
            "name": "SQL_Id",
            "type": null,
            "modifiers": [
              "public"
            ],
            "position": {}
          },
          "position": {}
        }
      }
    },
    "fields_to_fields_data_clump-./Client_Notifications-_k3PVgD4HEDWZsOI_08yVIQ-_1MbwYD4JEDWZsOI_08yVIQ-IdClient_IdProcess_Id": {
      "type": "data_clump",
      "key": "fields_to_fields_data_clump-./Client_Notifications-_k3PVgD4HEDWZsOI_08yVIQ-_1MbwYD4JEDWZsOI_08yVIQ-IdClient_IdProcess_Id",
      "probability": 1,
      "from_file_path": "./Client_Notifications",
      "from_class_or_interface_name": "Client_Notifications",
      "from_class_or_interface_key": "_k3PVgD4HEDWZsOI_08yVIQ",
      "from_method_name": null,
      "from_method_key": null,
      "to_file_path": "./Process_Log_Details",
      "to_class_or_interface_key": "_1MbwYD4JEDWZsOI_08yVIQ",
      "to_class_or_interface_name": "Client_Notifications",
      "to_method_key": null,
      "to_method_name": null,
      "data_clump_type": "fields_to_fields_data_clump",
      "data_clump_data": {
        "_-m9mkD4IEDWZsOI_08yVIQ": {
          "key": "_-m9mkD4IEDWZsOI_08yVIQ",
          "name": "Id",
          "type": null,
          "probability": 1,
          "modifiers": [
            "public"
          ],
          "to_variable": {
            "key": "_1Mc-gD4JEDWZsOI_08yVIQ",
            "name": "Id",
            "type": null,
            "modifiers": [
              "public"
            ],
            "position": {}
          },
          "position": {}
        },
        "_k3QjoD4HEDWZsOI_08yVIQ": {
          "key": "_k3QjoD4HEDWZsOI_08yVIQ",
          "name": "Client_Id",
          "type": null,
          "probability": 1,
          "modifiers": [
            "public"
          ],
          "to_variable": {
            "key": "_1MeMoD4JEDWZsOI_08yVIQ",
            "name": "Client_Id",
            "type": null,
            "modifiers": [
              "public"
            ],
            "position": {}
          },
          "position": {}
        },
        "_k3QjoT4HEDWZsOI_08yVIQ": {
          "key": "_k3QjoT4HEDWZsOI_08yVIQ",
          "name": "Process_Id",
          "type": null,
          "probability": 1,
          "modifiers": [],
          "to_variable": {
            "key": "_1MezsD4JEDWZsOI_08yVIQ",
            "name": "Process_Id",
            "type": null,
            "modifiers": [],
            "position": {}
          },
          "position": {}
        }
      }
    },
    "fields_to_fields_data_clump-./Client_Process-_IyekgD2qEDWZsOI_08yVIQ-_0yGQUD2yEDWZsOI_08yVIQ-Process_IdProcess_NameStatus": {
      "type": "data_clump",
      "key": "fields_to_fields_data_clump-./Client_Process-_IyekgD2qEDWZsOI_08yVIQ-_0yGQUD2yEDWZsOI_08yVIQ-Process_IdProcess_NameStatus",
      "probability": 1,
      "from_file_path": "./Client_Process",
      "from_class_or_interface_name": "Client_Process",
      "from_class_or_interface_key": "_IyekgD2qEDWZsOI_08yVIQ",
      "from_method_name": null,
      "from_method_key": null,
      "to_file_path": "./Process_Master",
      "to_class_or_interface_key": "_0yGQUD2yEDWZsOI_08yVIQ",
      "to_class_or_interface_name": "Client_Process",
      "to_method_key": null,
      "to_method_name": null,
      "data_clump_type": "fields_to_fields_data_clump",
      "data_clump_data": {
        "_e0po8D2vEDWZsOI_08yVIQ": {
          "key": "_e0po8D2vEDWZsOI_08yVIQ",
          "name": "Process_Id",
          "type": null,
          "probability": 1,
          "modifiers": [
            "public"
          ],
          "to_variable": {
            "key": "_0yHecT2yEDWZsOI_08yVIQ",
            "name": "Process_Id",
            "type": null,
            "modifiers": [
              "public"
            ],
            "position": {}
          },
          "position": {}
        },
        "_kNdgsD2vEDWZsOI_08yVIQ": {
          "key": "_kNdgsD2vEDWZsOI_08yVIQ",
          "name": "Process_Name",
          "type": null,
          "probability": 1,
          "modifiers": [
            "public"
          ],
          "to_variable": {
            "key": "_0yIFgD2yEDWZsOI_08yVIQ",
            "name": "Process_Name",
            "type": null,
            "modifiers": [
              "public"
            ],
            "position": {}
          },
          "position": {}
        },
        "_laJWQD2vEDWZsOI_08yVIQ": {
          "key": "_laJWQD2vEDWZsOI_08yVIQ",
          "name": "Status",
          "type": null,
          "probability": 1,
          "modifiers": [
            "public"
          ],
          "to_variable": {
            "key": "_0yJToD2yEDWZsOI_08yVIQ",
            "name": "Status",
            "type": null,
            "modifiers": [
              "public"
            ],
            "position": {}
          },
          "position": {}
        }
      }
    },
    "fields_to_fields_data_clump-./Client_Process-_IyekgD2qEDWZsOI_08yVIQ-_L91XID2zEDWZsOI_08yVIQ-Client_idProcess_IdStatus": {
      "type": "data_clump",
      "key": "fields_to_fields_data_clump-./Client_Process-_IyekgD2qEDWZsOI_08yVIQ-_L91XID2zEDWZsOI_08yVIQ-Client_idProcess_IdStatus",
      "probability": 1,
      "from_file_path": "./Client_Process",
      "from_class_or_interface_name": "Client_Process",
      "from_class_or_interface_key": "_IyekgD2qEDWZsOI_08yVIQ",
      "from_method_name": null,
      "from_method_key": null,
      "to_file_path": "./Process_SQLs",
      "to_class_or_interface_key": "_L91XID2zEDWZsOI_08yVIQ",
      "to_class_or_interface_name": "Client_Process",
      "to_method_key": null,
      "to_method_name": null,
      "data_clump_type": "fields_to_fields_data_clump",
      "data_clump_data": {
        "_a3J4oD2vEDWZsOI_08yVIQ": {
          "key": "_a3J4oD2vEDWZsOI_08yVIQ",
          "name": "Client_id",
          "type": null,
          "probability": 1,
          "modifiers": [
            "public"
          ],
          "to_variable": {
            "key": "_L91-MD2zEDWZsOI_08yVIQ",
            "name": "Client_id",
            "type": null,
            "modifiers": [
              "public"
            ],
            "position": {}
          },
          "position": {}
        },
        "_e0po8D2vEDWZsOI_08yVIQ": {
          "key": "_e0po8D2vEDWZsOI_08yVIQ",
          "name": "Process_Id",
          "type": null,
          "probability": 1,
          "modifiers": [
            "public"
          ],
          "to_variable": {
            "key": "_L92lQD2zEDWZsOI_08yVIQ",
            "name": "Process_Id",
            "type": null,
            "modifiers": [
              "public"
            ],
            "position": {}
          },
          "position": {}
        },
        "_laJWQD2vEDWZsOI_08yVIQ": {
          "key": "_laJWQD2vEDWZsOI_08yVIQ",
          "name": "Status",
          "type": null,
          "probability": 1,
          "modifiers": [
            "public"
          ],
          "to_variable": {
            "key": "_L93zYD2zEDWZsOI_08yVIQ",
            "name": "Status",
            "type": null,
            "modifiers": [
              "public"
            ],
            "position": {}
          },
          "position": {}
        }
      }
    },
    "fields_to_fields_data_clump-./Client_Thresholds-_q9wvMD4EEDWZsOI_08yVIQ-_yHrGQD4GEDWZsOI_08yVIQ-IdClient_IdProcess_IdDescriptionSQL_Id": {
      "type": "data_clump",
      "key": "fields_to_fields_data_clump-./Client_Thresholds-_q9wvMD4EEDWZsOI_08yVIQ-_yHrGQD4GEDWZsOI_08yVIQ-IdClient_IdProcess_IdDescriptionSQL_Id",
      "probability": 1,
      "from_file_path": "./Client_Thresholds",
      "from_class_or_interface_name": "Client_Thresholds",
      "from_class_or_interface_key": "_q9wvMD4EEDWZsOI_08yVIQ",
      "from_method_name": null,
      "from_method_key": null,
      "to_file_path": "./Client_DataLineage",
      "to_class_or_interface_key": "_yHrGQD4GEDWZsOI_08yVIQ",
      "to_class_or_interface_name": "Client_Thresholds",
      "to_method_key": null,
      "to_method_name": null,
      "data_clump_type": "fields_to_fields_data_clump",
      "data_clump_data": {
        "_q9x9UD4EEDWZsOI_08yVIQ": {
          "key": "_q9x9UD4EEDWZsOI_08yVIQ",
          "name": "Id",
          "type": null,
          "probability": 1,
          "modifiers": [
            "public"
          ],
          "to_variable": {
            "key": "_yHsUYD4GEDWZsOI_08yVIQ",
            "name": "Id",
            "type": null,
            "modifiers": [
              "public"
            ],
            "position": {}
          },
          "position": {}
        },
        "_q9x9UT4EEDWZsOI_08yVIQ": {
          "key": "_q9x9UT4EEDWZsOI_08yVIQ",
          "name": "Client_Id",
          "type": null,
          "probability": 1,
          "modifiers": [],
          "to_variable": {
            "key": "_yHsUYT4GEDWZsOI_08yVIQ",
            "name": "Client_Id",
            "type": null,
            "modifiers": [],
            "position": {}
          },
          "position": {}
        },
        "_q9zLcD4EEDWZsOI_08yVIQ": {
          "key": "_q9zLcD4EEDWZsOI_08yVIQ",
          "name": "Process_Id",
          "type": null,
          "probability": 1,
          "modifiers": [],
          "to_variable": {
            "key": "_yHsUYj4GEDWZsOI_08yVIQ",
            "name": "Process_Id",
            "type": null,
            "modifiers": [],
            "position": {}
          },
          "position": {}
        },
        "_9xwZsD4EEDWZsOI_08yVIQ": {
          "key": "_9xwZsD4EEDWZsOI_08yVIQ",
          "name": "Description",
          "type": null,
          "probability": 1,
          "modifiers": [
            "public"
          ],
          "to_variable": {
            "key": "_yHsUYz4GEDWZsOI_08yVIQ",
            "name": "Description",
            "type": null,
            "modifiers": [
              "public"
            ],
            "position": {}
          },
          "position": {}
        },
        "_4jryUD4EEDWZsOI_08yVIQ": {
          "key": "_4jryUD4EEDWZsOI_08yVIQ",
          "name": "SQL_Id",
          "type": null,
          "probability": 1,
          "modifiers": [
            "public"
          ],
          "to_variable": {
            "key": "_yHs7cT4GEDWZsOI_08yVIQ",
            "name": "SQL_Id",
            "type": null,
            "modifiers": [
              "public"
            ],
            "position": {}
          },
          "position": {}
        }
      }
    },
    "fields_to_fields_data_clump-./DataLineage_Master-_e31NQD4GEDWZsOI_08yVIQ-_OIRxoD4EEDWZsOI_08yVIQ-IdTypeDescriptionStatusParam_Default_Value": {
      "type": "data_clump",
      "key": "fields_to_fields_data_clump-./DataLineage_Master-_e31NQD4GEDWZsOI_08yVIQ-_OIRxoD4EEDWZsOI_08yVIQ-IdTypeDescriptionStatusParam_Default_Value",
      "probability": 1,
      "from_file_path": "./DataLineage_Master",
      "from_class_or_interface_name": "DataLineage_Master",
      "from_class_or_interface_key": "_e31NQD4GEDWZsOI_08yVIQ",
      "from_method_name": null,
      "from_method_key": null,
      "to_file_path": "./Threshold_Master",
      "to_class_or_interface_key": "_OIRxoD4EEDWZsOI_08yVIQ",
      "to_class_or_interface_name": "DataLineage_Master",
      "to_method_key": null,
      "to_method_name": null,
      "data_clump_type": "fields_to_fields_data_clump",
      "data_clump_data": {
        "_e310UD4GEDWZsOI_08yVIQ": {
          "key": "_e310UD4GEDWZsOI_08yVIQ",
          "name": "Id",
          "type": null,
          "probability": 1,
          "modifiers": [
            "public"
          ],
          "to_variable": {
            "key": "_OISYsD4EEDWZsOI_08yVIQ",
            "name": "Id",
            "type": null,
            "modifiers": [
              "public"
            ],
            "position": {}
          },
          "position": {}
        },
        "_e32bYD4GEDWZsOI_08yVIQ": {
          "key": "_e32bYD4GEDWZsOI_08yVIQ",
          "name": "Type",
          "type": null,
          "probability": 1,
          "modifiers": [],
          "to_variable": {
            "key": "_OISYsT4EEDWZsOI_08yVIQ",
            "name": "Type",
            "type": null,
            "modifiers": [],
            "position": {}
          },
          "position": {}
        },
        "_e32bYT4GEDWZsOI_08yVIQ": {
          "key": "_e32bYT4GEDWZsOI_08yVIQ",
          "name": "Description",
          "type": null,
          "probability": 1,
          "modifiers": [],
          "to_variable": {
            "key": "_OISYsj4EEDWZsOI_08yVIQ",
            "name": "Description",
            "type": null,
            "modifiers": [],
            "position": {}
          },
          "position": {}
        },
        "_e33CcD4GEDWZsOI_08yVIQ": {
          "key": "_e33CcD4GEDWZsOI_08yVIQ",
          "name": "Status",
          "type": null,
          "probability": 1,
          "modifiers": [
            "public"
          ],
          "to_variable": {
            "key": "_OISYsz4EEDWZsOI_08yVIQ",
            "name": "Status",
            "type": null,
            "modifiers": [
              "public"
            ],
            "position": {}
          },
          "position": {}
        },
        "_e33CcT4GEDWZsOI_08yVIQ": {
          "key": "_e33CcT4GEDWZsOI_08yVIQ",
          "name": "Param_Default_Value",
          "type": null,
          "probability": 1,
          "modifiers": [
            "public"
          ],
          "to_variable": {
            "key": "_OISYtD4EEDWZsOI_08yVIQ",
            "name": "Param_Default_Value",
            "type": null,
            "modifiers": [
              "public"
            ],
            "position": {}
          },
          "position": {}
        }
      }
    },
    "fields_to_fields_data_clump-./Process_Log_Details-_1MbwYD4JEDWZsOI_08yVIQ-_k3PVgD4HEDWZsOI_08yVIQ-IdClient_IdProcess_Id": {
      "type": "data_clump",
      "key": "fields_to_fields_data_clump-./Process_Log_Details-_1MbwYD4JEDWZsOI_08yVIQ-_k3PVgD4HEDWZsOI_08yVIQ-IdClient_IdProcess_Id",
      "probability": 1,
      "from_file_path": "./Process_Log_Details",
      "from_class_or_interface_name": "Process_Log_Details",
      "from_class_or_interface_key": "_1MbwYD4JEDWZsOI_08yVIQ",
      "from_method_name": null,
      "from_method_key": null,
      "to_file_path": "./Client_Notifications",
      "to_class_or_interface_key": "_k3PVgD4HEDWZsOI_08yVIQ",
      "to_class_or_interface_name": "Process_Log_Details",
      "to_method_key": null,
      "to_method_name": null,
      "data_clump_type": "fields_to_fields_data_clump",
      "data_clump_data": {
        "_1Mc-gD4JEDWZsOI_08yVIQ": {
          "key": "_1Mc-gD4JEDWZsOI_08yVIQ",
          "name": "Id",
          "type": null,
          "probability": 1,
          "modifiers": [
            "public"
          ],
          "to_variable": {
            "key": "_-m9mkD4IEDWZsOI_08yVIQ",
            "name": "Id",
            "type": null,
            "modifiers": [
              "public"
            ],
            "position": {}
          },
          "position": {}
        },
        "_1MeMoD4JEDWZsOI_08yVIQ": {
          "key": "_1MeMoD4JEDWZsOI_08yVIQ",
          "name": "Client_Id",
          "type": null,
          "probability": 1,
          "modifiers": [
            "public"
          ],
          "to_variable": {
            "key": "_k3QjoD4HEDWZsOI_08yVIQ",
            "name": "Client_Id",
            "type": null,
            "modifiers": [
              "public"
            ],
            "position": {}
          },
          "position": {}
        },
        "_1MezsD4JEDWZsOI_08yVIQ": {
          "key": "_1MezsD4JEDWZsOI_08yVIQ",
          "name": "Process_Id",
          "type": null,
          "probability": 1,
          "modifiers": [],
          "to_variable": {
            "key": "_k3QjoT4HEDWZsOI_08yVIQ",
            "name": "Process_Id",
            "type": null,
            "modifiers": [],
            "position": {}
          },
          "position": {}
        }
      }
    },
    "fields_to_fields_data_clump-./Process_Master-_0yGQUD2yEDWZsOI_08yVIQ-_IyekgD2qEDWZsOI_08yVIQ-Process_IdProcess_NameStatus": {
      "type": "data_clump",
      "key": "fields_to_fields_data_clump-./Process_Master-_0yGQUD2yEDWZsOI_08yVIQ-_IyekgD2qEDWZsOI_08yVIQ-Process_IdProcess_NameStatus",
      "probability": 1,
      "from_file_path": "./Process_Master",
      "from_class_or_interface_name": "Process_Master",
      "from_class_or_interface_key": "_0yGQUD2yEDWZsOI_08yVIQ",
      "from_method_name": null,
      "from_method_key": null,
      "to_file_path": "./Client_Process",
      "to_class_or_interface_key": "_IyekgD2qEDWZsOI_08yVIQ",
      "to_class_or_interface_name": "Process_Master",
      "to_method_key": null,
      "to_method_name": null,
      "data_clump_type": "fields_to_fields_data_clump",
      "data_clump_data": {
        "_0yHecT2yEDWZsOI_08yVIQ": {
          "key": "_0yHecT2yEDWZsOI_08yVIQ",
          "name": "Process_Id",
          "type": null,
          "probability": 1,
          "modifiers": [
            "public"
          ],
          "to_variable": {
            "key": "_e0po8D2vEDWZsOI_08yVIQ",
            "name": "Process_Id",
            "type": null,
            "modifiers": [
              "public"
            ],
            "position": {}
          },
          "position": {}
        },
        "_0yIFgD2yEDWZsOI_08yVIQ": {
          "key": "_0yIFgD2yEDWZsOI_08yVIQ",
          "name": "Process_Name",
          "type": null,
          "probability": 1,
          "modifiers": [
            "public"
          ],
          "to_variable": {
            "key": "_kNdgsD2vEDWZsOI_08yVIQ",
            "name": "Process_Name",
            "type": null,
            "modifiers": [
              "public"
            ],
            "position": {}
          },
          "position": {}
        },
        "_0yJToD2yEDWZsOI_08yVIQ": {
          "key": "_0yJToD2yEDWZsOI_08yVIQ",
          "name": "Status",
          "type": null,
          "probability": 1,
          "modifiers": [
            "public"
          ],
          "to_variable": {
            "key": "_laJWQD2vEDWZsOI_08yVIQ",
            "name": "Status",
            "type": null,
            "modifiers": [
              "public"
            ],
            "position": {}
          },
          "position": {}
        }
      }
    },
    "fields_to_fields_data_clump-./Process_SQLs-_L91XID2zEDWZsOI_08yVIQ-_IyekgD2qEDWZsOI_08yVIQ-Client_idProcess_IdStatus": {
      "type": "data_clump",
      "key": "fields_to_fields_data_clump-./Process_SQLs-_L91XID2zEDWZsOI_08yVIQ-_IyekgD2qEDWZsOI_08yVIQ-Client_idProcess_IdStatus",
      "probability": 1,
      "from_file_path": "./Process_SQLs",
      "from_class_or_interface_name": "Process_SQLs",
      "from_class_or_interface_key": "_L91XID2zEDWZsOI_08yVIQ",
      "from_method_name": null,
      "from_method_key": null,
      "to_file_path": "./Client_Process",
      "to_class_or_interface_key": "_IyekgD2qEDWZsOI_08yVIQ",
      "to_class_or_interface_name": "Process_SQLs",
      "to_method_key": null,
      "to_method_name": null,
      "data_clump_type": "fields_to_fields_data_clump",
      "data_clump_data": {
        "_L91-MD2zEDWZsOI_08yVIQ": {
          "key": "_L91-MD2zEDWZsOI_08yVIQ",
          "name": "Client_id",
          "type": null,
          "probability": 1,
          "modifiers": [
            "public"
          ],
          "to_variable": {
            "key": "_a3J4oD2vEDWZsOI_08yVIQ",
            "name": "Client_id",
            "type": null,
            "modifiers": [
              "public"
            ],
            "position": {}
          },
          "position": {}
        },
        "_L92lQD2zEDWZsOI_08yVIQ": {
          "key": "_L92lQD2zEDWZsOI_08yVIQ",
          "name": "Process_Id",
          "type": null,
          "probability": 1,
          "modifiers": [
            "public"
          ],
          "to_variable": {
            "key": "_e0po8D2vEDWZsOI_08yVIQ",
            "name": "Process_Id",
            "type": null,
            "modifiers": [
              "public"
            ],
            "position": {}
          },
          "position": {}
        },
        "_L93zYD2zEDWZsOI_08yVIQ": {
          "key": "_L93zYD2zEDWZsOI_08yVIQ",
          "name": "Status",
          "type": null,
          "probability": 1,
          "modifiers": [
            "public"
          ],
          "to_variable": {
            "key": "_laJWQD2vEDWZsOI_08yVIQ",
            "name": "Status",
            "type": null,
            "modifiers": [
              "public"
            ],
            "position": {}
          },
          "position": {}
        }
      }
    },
    "fields_to_fields_data_clump-./Threshold_Master-_OIRxoD4EEDWZsOI_08yVIQ-_e31NQD4GEDWZsOI_08yVIQ-IdTypeDescriptionStatusParam_Default_Value": {
      "type": "data_clump",
      "key": "fields_to_fields_data_clump-./Threshold_Master-_OIRxoD4EEDWZsOI_08yVIQ-_e31NQD4GEDWZsOI_08yVIQ-IdTypeDescriptionStatusParam_Default_Value",
      "probability": 1,
      "from_file_path": "./Threshold_Master",
      "from_class_or_interface_name": "Threshold_Master",
      "from_class_or_interface_key": "_OIRxoD4EEDWZsOI_08yVIQ",
      "from_method_name": null,
      "from_method_key": null,
      "to_file_path": "./DataLineage_Master",
      "to_class_or_interface_key": "_e31NQD4GEDWZsOI_08yVIQ",
      "to_class_or_interface_name": "Threshold_Master",
      "to_method_key": null,
      "to_method_name": null,
      "data_clump_type": "fields_to_fields_data_clump",
      "data_clump_data": {
        "_OISYsD4EEDWZsOI_08yVIQ": {
          "key": "_OISYsD4EEDWZsOI_08yVIQ",
          "name": "Id",
          "type": null,
          "probability": 1,
          "modifiers": [
            "public"
          ],
          "to_variable": {
            "key": "_e310UD4GEDWZsOI_08yVIQ",
            "name": "Id",
            "type": null,
            "modifiers": [
              "public"
            ],
            "position": {}
          },
          "position": {}
        },
        "_OISYsT4EEDWZsOI_08yVIQ": {
          "key": "_OISYsT4EEDWZsOI_08yVIQ",
          "name": "Type",
          "type": null,
          "probability": 1,
          "modifiers": [],
          "to_variable": {
            "key": "_e32bYD4GEDWZsOI_08yVIQ",
            "name": "Type",
            "type": null,
            "modifiers": [],
            "position": {}
          },
          "position": {}
        },
        "_OISYsj4EEDWZsOI_08yVIQ": {
          "key": "_OISYsj4EEDWZsOI_08yVIQ",
          "name": "Description",
          "type": null,
          "probability": 1,
          "modifiers": [],
          "to_variable": {
            "key": "_e32bYT4GEDWZsOI_08yVIQ",
            "name": "Description",
            "type": null,
            "modifiers": [],
            "position": {}
          },
          "position": {}
        },
        "_OISYsz4EEDWZsOI_08yVIQ": {
          "key": "_OISYsz4EEDWZsOI_08yVIQ",
          "name": "Status",
          "type": null,
          "probability": 1,
          "modifiers": [
            "public"
          ],
          "to_variable": {
            "key": "_e33CcD4GEDWZsOI_08yVIQ",
            "name": "Status",
            "type": null,
            "modifiers": [
              "public"
            ],
            "position": {}
          },
          "position": {}
        },
        "_OISYtD4EEDWZsOI_08yVIQ": {
          "key": "_OISYtD4EEDWZsOI_08yVIQ",
          "name": "Param_Default_Value",
          "type": null,
          "probability": 1,
          "modifiers": [
            "public"
          ],
          "to_variable": {
            "key": "_e33CcT4GEDWZsOI_08yVIQ",
            "name": "Param_Default_Value",
            "type": null,
            "modifiers": [
              "public"
            ],
            "position": {}
          },
          "position": {}
        }
      }
    }
  }
}