{
  "report_version": "unknown",
  "report_timestamp": "2025-03-26T22:59:52.343Z",
  "target_language": "java",
  "report_summary": {
    "additional": null,
    "amount_classes_or_interfaces_with_data_clumps": 3,
    "amount_files_with_data_clumps": 3,
    "amount_methods_with_data_clumps": 0,
    "fields_to_fields_data_clump": 6,
    "parameters_to_fields_data_clump": 0,
    "parameters_to_parameters_data_clump": 0,
    "amount_data_clumps": 6
  },
  "project_info": {
    "project_url": "unknown_project_url",
    "project_name": "_bWJF0Pu2Ee2JlLbgf0QSMg",
    "project_version": "unknown_project_version",
    "project_commit_hash": "unknown",
    "project_tag": null,
    "project_commit_date": null,
    "additional": {},
    "number_of_files": 8,
    "number_of_classes_or_interfaces": 8,
    "number_of_methods": 1,
    "number_of_data_fields": 21,
    "number_of_method_parameters": 1
  },
  "detector": {
    "name": "data-clumps-doctor",
    "url": "https://github.com/NilsBaumgartner1994/data-clumps-doctor",
    "version": "0.1.100",
    "options": {
      "typeVariablesConsidered": false,
      "similarityModifierOfVariablesWithUnknownType": 0,
      "fieldsOfClassesWithUnknownHierarchyProbabilityModifier": 0,
      "sharedFieldsToFieldsAmountMinimum": 3,
      "analyseFieldsInClassesOrInterfacesInheritedFromSuperClassesOrInterfaces": false,
      "sharedParametersToParametersAmountMinimum": 3,
      "sharedParametersToFieldsAmountMinimum": 3,
      "methodsOfClassesOrInterfacesWithUnknownHierarchyProbabilityModifier": 0
    }
  },
  "data_clumps": {
    "fields_to_fields_data_clump-./Cliente-_e-ZvMN3kEDuzHO5sXD0BIA-_gxmyMN3kEDuzHO5sXD0BIA-nomecognomeemail": {
      "type": "data_clump",
      "key": "fields_to_fields_data_clump-./Cliente-_e-ZvMN3kEDuzHO5sXD0BIA-_gxmyMN3kEDuzHO5sXD0BIA-nomecognomeemail",
      "probability": 1,
      "from_file_path": "./Cliente",
      "from_class_or_interface_name": "Cliente",
      "from_class_or_interface_key": "_e-ZvMN3kEDuzHO5sXD0BIA",
      "from_method_name": null,
      "from_method_key": null,
      "to_file_path": "./Medico",
      "to_class_or_interface_key": "_gxmyMN3kEDuzHO5sXD0BIA",
      "to_class_or_interface_name": "Cliente",
      "to_method_key": null,
      "to_method_name": null,
      "data_clump_type": "fields_to_fields_data_clump",
      "data_clump_data": {
        "_mZfnwN3kEDuzHO5sXD0BIA": {
          "key": "_mZfnwN3kEDuzHO5sXD0BIA",
          "name": "nome",
          "type": null,
          "probability": 1,
          "modifiers": [
            "private"
          ],
          "to_variable": {
            "key": "_r1mrIN3kEDuzHO5sXD0BIA",
            "name": "nome",
            "type": null,
            "modifiers": [
              "private"
            ],
            "position": {}
          },
          "position": {}
        },
        "_oOJcQN3kEDuzHO5sXD0BIA": {
          "key": "_oOJcQN3kEDuzHO5sXD0BIA",
          "name": "cognome",
          "type": null,
          "probability": 1,
          "modifiers": [
            "private"
          ],
          "to_variable": {
            "key": "_uAgccN3kEDuzHO5sXD0BIA",
            "name": "cognome",
            "type": null,
            "modifiers": [
              "private"
            ],
            "position": {}
          },
          "position": {}
        },
        "_qYDvEN3kEDuzHO5sXD0BIA": {
          "key": "_qYDvEN3kEDuzHO5sXD0BIA",
          "name": "email",
          "type": null,
          "probability": 1,
          "modifiers": [
            "private"
          ],
          "to_variable": {
            "key": "_v3zVQN3kEDuzHO5sXD0BIA",
            "name": "email",
            "type": null,
            "modifiers": [
              "private"
            ],
            "position": {}
          },
          "position": {}
        }
      }
    },
    "fields_to_fields_data_clump-./Cliente-_e-ZvMN3kEDuzHO5sXD0BIA-_bnNUcN3lEDuzHO5sXD0BIA-nomecognomeemail": {
      "type": "data_clump",
      "key": "fields_to_fields_data_clump-./Cliente-_e-ZvMN3kEDuzHO5sXD0BIA-_bnNUcN3lEDuzHO5sXD0BIA-nomecognomeemail",
      "probability": 1,
      "from_file_path": "./Cliente",
      "from_class_or_interface_name": "Cliente",
      "from_class_or_interface_key": "_e-ZvMN3kEDuzHO5sXD0BIA",
      "from_method_name": null,
      "from_method_key": null,
      "to_file_path": "./Persona",
      "to_class_or_interface_key": "_bnNUcN3lEDuzHO5sXD0BIA",
      "to_class_or_interface_name": "Cliente",
      "to_method_key": null,
      "to_method_name": null,
      "data_clump_type": "fields_to_fields_data_clump",
      "data_clump_data": {
        "_mZfnwN3kEDuzHO5sXD0BIA": {
          "key": "_mZfnwN3kEDuzHO5sXD0BIA",
          "name": "nome",
          "type": null,
          "probability": 1,
          "modifiers": [
            "private"
          ],
          "to_variable": {
            "key": "_doZJEN3lEDuzHO5sXD0BIA",
            "name": "nome",
            "type": null,
            "modifiers": [
              "private"
            ],
            "position": {}
          },
          "position": {}
        },
        "_oOJcQN3kEDuzHO5sXD0BIA": {
          "key": "_oOJcQN3kEDuzHO5sXD0BIA",
          "name": "cognome",
          "type": null,
          "probability": 1,
          "modifiers": [
            "private"
          ],
          "to_variable": {
            "key": "_eSfO8N3lEDuzHO5sXD0BIA",
            "name": "cognome",
            "type": null,
            "modifiers": [
              "private"
            ],
            "position": {}
          },
          "position": {}
        },
        "_qYDvEN3kEDuzHO5sXD0BIA": {
          "key": "_qYDvEN3kEDuzHO5sXD0BIA",
          "name": "email",
          "type": null,
          "probability": 1,
          "modifiers": [
            "private"
          ],
          "to_variable": {
            "key": "_e5Y24N3lEDuzHO5sXD0BIA",
            "name": "email",
            "type": null,
            "modifiers": [
              "private"
            ],
            "position": {}
          },
          "position": {}
        }
      }
    },
    "fields_to_fields_data_clump-./Medico-_gxmyMN3kEDuzHO5sXD0BIA-_e-ZvMN3kEDuzHO5sXD0BIA-nomecognomeemail": {
      "type": "data_clump",
      "key": "fields_to_fields_data_clump-./Medico-_gxmyMN3kEDuzHO5sXD0BIA-_e-ZvMN3kEDuzHO5sXD0BIA-nomecognomeemail",
      "probability": 1,
      "from_file_path": "./Medico",
      "from_class_or_interface_name": "Medico",
      "from_class_or_interface_key": "_gxmyMN3kEDuzHO5sXD0BIA",
      "from_method_name": null,
      "from_method_key": null,
      "to_file_path": "./Cliente",
      "to_class_or_interface_key": "_e-ZvMN3kEDuzHO5sXD0BIA",
      "to_class_or_interface_name": "Medico",
      "to_method_key": null,
      "to_method_name": null,
      "data_clump_type": "fields_to_fields_data_clump",
      "data_clump_data": {
        "_r1mrIN3kEDuzHO5sXD0BIA": {
          "key": "_r1mrIN3kEDuzHO5sXD0BIA",
          "name": "nome",
          "type": null,
          "probability": 1,
          "modifiers": [
            "private"
          ],
          "to_variable": {
            "key": "_mZfnwN3kEDuzHO5sXD0BIA",
            "name": "nome",
            "type": null,
            "modifiers": [
              "private"
            ],
            "position": {}
          },
          "position": {}
        },
        "_uAgccN3kEDuzHO5sXD0BIA": {
          "key": "_uAgccN3kEDuzHO5sXD0BIA",
          "name": "cognome",
          "type": null,
          "probability": 1,
          "modifiers": [
            "private"
          ],
          "to_variable": {
            "key": "_oOJcQN3kEDuzHO5sXD0BIA",
            "name": "cognome",
            "type": null,
            "modifiers": [
              "private"
            ],
            "position": {}
          },
          "position": {}
        },
        "_v3zVQN3kEDuzHO5sXD0BIA": {
          "key": "_v3zVQN3kEDuzHO5sXD0BIA",
          "name": "email",
          "type": null,
          "probability": 1,
          "modifiers": [
            "private"
          ],
          "to_variable": {
            "key": "_qYDvEN3kEDuzHO5sXD0BIA",
            "name": "email",
            "type": null,
            "modifiers": [
              "private"
            ],
            "position": {}
          },
          "position": {}
        }
      }
    },
    "fields_to_fields_data_clump-./Medico-_gxmyMN3kEDuzHO5sXD0BIA-_bnNUcN3lEDuzHO5sXD0BIA-nomecognomeemail": {
      "type": "data_clump",
      "key": "fields_to_fields_data_clump-./Medico-_gxmyMN3kEDuzHO5sXD0BIA-_bnNUcN3lEDuzHO5sXD0BIA-nomecognomeemail",
      "probability": 1,
      "from_file_path": "./Medico",
      "from_class_or_interface_name": "Medico",
      "from_class_or_interface_key": "_gxmyMN3kEDuzHO5sXD0BIA",
      "from_method_name": null,
      "from_method_key": null,
      "to_file_path": "./Persona",
      "to_class_or_interface_key": "_bnNUcN3lEDuzHO5sXD0BIA",
      "to_class_or_interface_name": "Medico",
      "to_method_key": null,
      "to_method_name": null,
      "data_clump_type": "fields_to_fields_data_clump",
      "data_clump_data": {
        "_r1mrIN3kEDuzHO5sXD0BIA": {
          "key": "_r1mrIN3kEDuzHO5sXD0BIA",
          "name": "nome",
          "type": null,
          "probability": 1,
          "modifiers": [
            "private"
          ],
          "to_variable": {
            "key": "_doZJEN3lEDuzHO5sXD0BIA",
            "name": "nome",
            "type": null,
            "modifiers": [
              "private"
            ],
            "position": {}
          },
          "position": {}
        },
        "_uAgccN3kEDuzHO5sXD0BIA": {
          "key": "_uAgccN3kEDuzHO5sXD0BIA",
          "name": "cognome",
          "type": null,
          "probability": 1,
          "modifiers": [
            "private"
          ],
          "to_variable": {
            "key": "_eSfO8N3lEDuzHO5sXD0BIA",
            "name": "cognome",
            "type": null,
            "modifiers": [
              "private"
            ],
            "position": {}
          },
          "position": {}
        },
        "_v3zVQN3kEDuzHO5sXD0BIA": {
          "key": "_v3zVQN3kEDuzHO5sXD0BIA",
          "name": "email",
          "type": null,
          "probability": 1,
          "modifiers": [
            "private"
          ],
          "to_variable": {
            "key": "_e5Y24N3lEDuzHO5sXD0BIA",
            "name": "email",
            "type": null,
            "modifiers": [
              "private"
            ],
            "position": {}
          },
          "position": {}
        }
      }
    },
    "fields_to_fields_data_clump-./Persona-_bnNUcN3lEDuzHO5sXD0BIA-_e-ZvMN3kEDuzHO5sXD0BIA-nomecognomeemail": {
      "type": "data_clump",
      "key": "fields_to_fields_data_clump-./Persona-_bnNUcN3lEDuzHO5sXD0BIA-_e-ZvMN3kEDuzHO5sXD0BIA-nomecognomeemail",
      "probability": 1,
      "from_file_path": "./Persona",
      "from_class_or_interface_name": "Persona",
      "from_class_or_interface_key": "_bnNUcN3lEDuzHO5sXD0BIA",
      "from_method_name": null,
      "from_method_key": null,
      "to_file_path": "./Cliente",
      "to_class_or_interface_key": "_e-ZvMN3kEDuzHO5sXD0BIA",
      "to_class_or_interface_name": "Persona",
      "to_method_key": null,
      "to_method_name": null,
      "data_clump_type": "fields_to_fields_data_clump",
      "data_clump_data": {
        "_doZJEN3lEDuzHO5sXD0BIA": {
          "key": "_doZJEN3lEDuzHO5sXD0BIA",
          "name": "nome",
          "type": null,
          "probability": 1,
          "modifiers": [
            "private"
          ],
          "to_variable": {
            "key": "_mZfnwN3kEDuzHO5sXD0BIA",
            "name": "nome",
            "type": null,
            "modifiers": [
              "private"
            ],
            "position": {}
          },
          "position": {}
        },
        "_eSfO8N3lEDuzHO5sXD0BIA": {
          "key": "_eSfO8N3lEDuzHO5sXD0BIA",
          "name": "cognome",
          "type": null,
          "probability": 1,
          "modifiers": [
            "private"
          ],
          "to_variable": {
            "key": "_oOJcQN3kEDuzHO5sXD0BIA",
            "name": "cognome",
            "type": null,
            "modifiers": [
              "private"
            ],
            "position": {}
          },
          "position": {}
        },
        "_e5Y24N3lEDuzHO5sXD0BIA": {
          "key": "_e5Y24N3lEDuzHO5sXD0BIA",
          "name": "email",
          "type": null,
          "probability": 1,
          "modifiers": [
            "private"
          ],
          "to_variable": {
            "key": "_qYDvEN3kEDuzHO5sXD0BIA",
            "name": "email",
            "type": null,
            "modifiers": [
              "private"
            ],
            "position": {}
          },
          "position": {}
        }
      }
    },
    "fields_to_fields_data_clump-./Persona-_bnNUcN3lEDuzHO5sXD0BIA-_gxmyMN3kEDuzHO5sXD0BIA-nomecognomeemail": {
      "type": "data_clump",
      "key": "fields_to_fields_data_clump-./Persona-_bnNUcN3lEDuzHO5sXD0BIA-_gxmyMN3kEDuzHO5sXD0BIA-nomecognomeemail",
      "probability": 1,
      "from_file_path": "./Persona",
      "from_class_or_interface_name": "Persona",
      "from_class_or_interface_key": "_bnNUcN3lEDuzHO5sXD0BIA",
      "from_method_name": null,
      "from_method_key": null,
      "to_file_path": "./Medico",
      "to_class_or_interface_key": "_gxmyMN3kEDuzHO5sXD0BIA",
      "to_class_or_interface_name": "Persona",
      "to_method_key": null,
      "to_method_name": null,
      "data_clump_type": "fields_to_fields_data_clump",
      "data_clump_data": {
        "_doZJEN3lEDuzHO5sXD0BIA": {
          "key": "_doZJEN3lEDuzHO5sXD0BIA",
          "name": "nome",
          "type": null,
          "probability": 1,
          "modifiers": [
            "private"
          ],
          "to_variable": {
            "key": "_r1mrIN3kEDuzHO5sXD0BIA",
            "name": "nome",
            "type": null,
            "modifiers": [
              "private"
            ],
            "position": {}
          },
          "position": {}
        },
        "_eSfO8N3lEDuzHO5sXD0BIA": {
          "key": "_eSfO8N3lEDuzHO5sXD0BIA",
          "name": "cognome",
          "type": null,
          "probability": 1,
          "modifiers": [
            "private"
          ],
          "to_variable": {
            "key": "_uAgccN3kEDuzHO5sXD0BIA",
            "name": "cognome",
            "type": null,
            "modifiers": [
              "private"
            ],
            "position": {}
          },
          "position": {}
        },
        "_e5Y24N3lEDuzHO5sXD0BIA": {
          "key": "_e5Y24N3lEDuzHO5sXD0BIA",
          "name": "email",
          "type": null,
          "probability": 1,
          "modifiers": [
            "private"
          ],
          "to_variable": {
            "key": "_v3zVQN3kEDuzHO5sXD0BIA",
            "name": "email",
            "type": null,
            "modifiers": [
              "private"
            ],
            "position": {}
          },
          "position": {}
        }
      }
    }
  }
}