{
  "report_version": "unknown",
  "report_timestamp": "2025-03-26T22:02:14.465Z",
  "target_language": "java",
  "report_summary": {
    "additional": null,
    "amount_classes_or_interfaces_with_data_clumps": 2,
    "amount_files_with_data_clumps": 2,
    "amount_methods_with_data_clumps": 2,
    "fields_to_fields_data_clump": 0,
    "parameters_to_fields_data_clump": 0,
    "parameters_to_parameters_data_clump": 2,
    "amount_data_clumps": 2
  },
  "project_info": {
    "project_url": "unknown_project_url",
    "project_name": "_llEysMhCEeeM1PgT03-3Vg",
    "project_version": "unknown_project_version",
    "project_commit_hash": "unknown",
    "project_tag": null,
    "project_commit_date": null,
    "additional": {},
    "number_of_files": 7,
    "number_of_classes_or_interfaces": 7,
    "number_of_methods": 33,
    "number_of_data_fields": 13,
    "number_of_method_parameters": 27
  },
  "detector": {
    "name": "data-clumps-doctor",
    "url": "https://github.com/NilsBaumgartner1994/data-clumps-doctor",
    "version": "0.1.100",
    "options": {
      "typeVariablesConsidered": false,
      "similarityModifierOfVariablesWithUnknownType": 0,
      "fieldsOfClassesWithUnknownHierarchyProbabilityModifier": 0,
      "sharedFieldsToFieldsAmountMinimum": 3,
      "analyseFieldsInClassesOrInterfacesInheritedFromSuperClassesOrInterfaces": false,
      "sharedParametersToParametersAmountMinimum": 3,
      "sharedParametersToFieldsAmountMinimum": 3,
      "methodsOfClassesOrInterfacesWithUnknownHierarchyProbabilityModifier": 0
    }
  },
  "data_clumps": {
    "parameters_to_parameters_data_clump-./Játékos-_nxS0gKpzEDW6N5LBQyfMRA-_bbptgapzEDW6N5LBQyfMRA-parameterparameter2parameter3parameter4": {
      "type": "data_clump",
      "key": "parameters_to_parameters_data_clump-./Játékos-_nxS0gKpzEDW6N5LBQyfMRA-_bbptgapzEDW6N5LBQyfMRA-parameterparameter2parameter3parameter4",
      "probability": 1,
      "from_file_path": "./Játékos",
      "from_class_or_interface_name": "Játékos",
      "from_class_or_interface_key": "_iBencKpyEDW6N5LBQyfMRA",
      "from_method_name": "<<friend>>megvesz",
      "from_method_key": "_nxS0gKpzEDW6N5LBQyfMRA",
      "to_file_path": "./Tábla",
      "to_class_or_interface_name": "Tábla",
      "to_class_or_interface_key": "_lUmagKpxEDW6N5LBQyfMRA",
      "to_method_name": "<<friend>>megvesz",
      "to_method_key": "_bbptgapzEDW6N5LBQyfMRA",
      "data_clump_type": "parameters_to_parameters_data_clump",
      "data_clump_data": {
        "_nxS0gqpzEDW6N5LBQyfMRA": {
          "key": "_nxS0gqpzEDW6N5LBQyfMRA",
          "name": "parameter",
          "type": null,
          "probability": 1,
          "modifiers": [],
          "to_variable": {
            "key": "_iWQIIKpzEDW6N5LBQyfMRA",
            "name": "parameter",
            "type": null,
            "modifiers": [],
            "position": {}
          },
          "position": {}
        },
        "_nxTbkKpzEDW6N5LBQyfMRA": {
          "key": "_nxTbkKpzEDW6N5LBQyfMRA",
          "name": "parameter2",
          "type": null,
          "probability": 1,
          "modifiers": [],
          "to_variable": {
            "key": "_ikh0sKpzEDW6N5LBQyfMRA",
            "name": "parameter2",
            "type": null,
            "modifiers": [],
            "position": {}
          },
          "position": {}
        },
        "_nxTbkapzEDW6N5LBQyfMRA": {
          "key": "_nxTbkapzEDW6N5LBQyfMRA",
          "name": "parameter3",
          "type": null,
          "probability": 1,
          "modifiers": [],
          "to_variable": {
            "key": "_i10ZAKpzEDW6N5LBQyfMRA",
            "name": "parameter3",
            "type": null,
            "modifiers": [],
            "position": {}
          },
          "position": {}
        },
        "_nxTbkqpzEDW6N5LBQyfMRA": {
          "key": "_nxTbkqpzEDW6N5LBQyfMRA",
          "name": "parameter4",
          "type": null,
          "probability": 1,
          "modifiers": [],
          "to_variable": {
            "key": "_jEVWIKpzEDW6N5LBQyfMRA",
            "name": "parameter4",
            "type": null,
            "modifiers": [],
            "position": {}
          },
          "position": {}
        }
      }
    },
    "parameters_to_parameters_data_clump-./Tábla-_bbptgapzEDW6N5LBQyfMRA-_nxS0gKpzEDW6N5LBQyfMRA-parameterparameter2parameter3parameter4": {
      "type": "data_clump",
      "key": "parameters_to_parameters_data_clump-./Tábla-_bbptgapzEDW6N5LBQyfMRA-_nxS0gKpzEDW6N5LBQyfMRA-parameterparameter2parameter3parameter4",
      "probability": 1,
      "from_file_path": "./Tábla",
      "from_class_or_interface_name": "Tábla",
      "from_class_or_interface_key": "_lUmagKpxEDW6N5LBQyfMRA",
      "from_method_name": "<<friend>>megvesz",
      "from_method_key": "_bbptgapzEDW6N5LBQyfMRA",
      "to_file_path": "./Játékos",
      "to_class_or_interface_name": "Játékos",
      "to_class_or_interface_key": "_iBencKpyEDW6N5LBQyfMRA",
      "to_method_name": "<<friend>>megvesz",
      "to_method_key": "_nxS0gKpzEDW6N5LBQyfMRA",
      "data_clump_type": "parameters_to_parameters_data_clump",
      "data_clump_data": {
        "_iWQIIKpzEDW6N5LBQyfMRA": {
          "key": "_iWQIIKpzEDW6N5LBQyfMRA",
          "name": "parameter",
          "type": null,
          "probability": 1,
          "modifiers": [],
          "to_variable": {
            "key": "_nxS0gqpzEDW6N5LBQyfMRA",
            "name": "parameter",
            "type": null,
            "modifiers": [],
            "position": {}
          },
          "position": {}
        },
        "_ikh0sKpzEDW6N5LBQyfMRA": {
          "key": "_ikh0sKpzEDW6N5LBQyfMRA",
          "name": "parameter2",
          "type": null,
          "probability": 1,
          "modifiers": [],
          "to_variable": {
            "key": "_nxTbkKpzEDW6N5LBQyfMRA",
            "name": "parameter2",
            "type": null,
            "modifiers": [],
            "position": {}
          },
          "position": {}
        },
        "_i10ZAKpzEDW6N5LBQyfMRA": {
          "key": "_i10ZAKpzEDW6N5LBQyfMRA",
          "name": "parameter3",
          "type": null,
          "probability": 1,
          "modifiers": [],
          "to_variable": {
            "key": "_nxTbkapzEDW6N5LBQyfMRA",
            "name": "parameter3",
            "type": null,
            "modifiers": [],
            "position": {}
          },
          "position": {}
        },
        "_jEVWIKpzEDW6N5LBQyfMRA": {
          "key": "_jEVWIKpzEDW6N5LBQyfMRA",
          "name": "parameter4",
          "type": null,
          "probability": 1,
          "modifiers": [],
          "to_variable": {
            "key": "_nxTbkqpzEDW6N5LBQyfMRA",
            "name": "parameter4",
            "type": null,
            "modifiers": [],
            "position": {}
          },
          "position": {}
        }
      }
    }
  }
}