{
  "report_version": "unknown",
  "report_timestamp": "2025-03-26T21:38:32.746Z",
  "target_language": "java",
  "report_summary": {
    "additional": null,
    "amount_classes_or_interfaces_with_data_clumps": 2,
    "amount_files_with_data_clumps": 2,
    "amount_methods_with_data_clumps": 0,
    "fields_to_fields_data_clump": 2,
    "parameters_to_fields_data_clump": 0,
    "parameters_to_parameters_data_clump": 0,
    "amount_data_clumps": 2
  },
  "project_info": {
    "project_url": "unknown_project_url",
    "project_name": "_3ZFikNIvEeqgY5yD8SByCQ",
    "project_version": "unknown_project_version",
    "project_commit_hash": "unknown",
    "project_tag": null,
    "project_commit_date": null,
    "additional": {},
    "number_of_files": 8,
    "number_of_classes_or_interfaces": 8,
    "number_of_methods": 6,
    "number_of_data_fields": 29,
    "number_of_method_parameters": 0
  },
  "detector": {
    "name": "data-clumps-doctor",
    "url": "https://github.com/NilsBaumgartner1994/data-clumps-doctor",
    "version": "0.1.100",
    "options": {
      "typeVariablesConsidered": false,
      "similarityModifierOfVariablesWithUnknownType": 0,
      "fieldsOfClassesWithUnknownHierarchyProbabilityModifier": 0,
      "sharedFieldsToFieldsAmountMinimum": 3,
      "analyseFieldsInClassesOrInterfacesInheritedFromSuperClassesOrInterfaces": false,
      "sharedParametersToParametersAmountMinimum": 3,
      "sharedParametersToFieldsAmountMinimum": 3,
      "methodsOfClassesOrInterfacesWithUnknownHierarchyProbabilityModifier": 0
    }
  },
  "data_clumps": {
    "fields_to_fields_data_clump-./Actual-_JUuJ8LRpEDiJqslgE67FqQ-_Ic-poLRpEDiJqslgE67FqQ-ValueValueunitFootprintFootprintunit": {
      "type": "data_clump",
      "key": "fields_to_fields_data_clump-./Actual-_JUuJ8LRpEDiJqslgE67FqQ-_Ic-poLRpEDiJqslgE67FqQ-ValueValueunitFootprintFootprintunit",
      "probability": 1,
      "from_file_path": "./Actual",
      "from_class_or_interface_name": "Actual",
      "from_class_or_interface_key": "_JUuJ8LRpEDiJqslgE67FqQ",
      "from_method_name": null,
      "from_method_key": null,
      "to_file_path": "./Reference",
      "to_class_or_interface_key": "_Ic-poLRpEDiJqslgE67FqQ",
      "to_class_or_interface_name": "Actual",
      "to_method_key": null,
      "to_method_name": null,
      "data_clump_type": "fields_to_fields_data_clump",
      "data_clump_data": {
        "_7t880LRpEDiJqslgE67FqQ": {
          "key": "_7t880LRpEDiJqslgE67FqQ",
          "name": "Value",
          "type": null,
          "probability": 1,
          "modifiers": [],
          "to_variable": {
            "key": "_OcgjILRpEDiJqslgE67FqQ",
            "name": "Value",
            "type": null,
            "modifiers": [],
            "position": {}
          },
          "position": {}
        },
        "_8YK-gLRpEDiJqslgE67FqQ": {
          "key": "_8YK-gLRpEDiJqslgE67FqQ",
          "name": "Valueunit",
          "type": null,
          "probability": 1,
          "modifiers": [],
          "to_variable": {
            "key": "_tZoioLRpEDiJqslgE67FqQ",
            "name": "Valueunit",
            "type": null,
            "modifiers": [],
            "position": {}
          },
          "position": {}
        },
        "_8y-rMLRpEDiJqslgE67FqQ": {
          "key": "_8y-rMLRpEDiJqslgE67FqQ",
          "name": "Footprint",
          "type": null,
          "probability": 1,
          "modifiers": [],
          "to_variable": {
            "key": "_wQ2AULRpEDiJqslgE67FqQ",
            "name": "Footprint",
            "type": null,
            "modifiers": [],
            "position": {}
          },
          "position": {}
        },
        "_9SnNgLRpEDiJqslgE67FqQ": {
          "key": "_9SnNgLRpEDiJqslgE67FqQ",
          "name": "Footprintunit",
          "type": null,
          "probability": 1,
          "modifiers": [],
          "to_variable": {
            "key": "_22LVkbRpEDiJqslgE67FqQ",
            "name": "Footprintunit",
            "type": null,
            "modifiers": [],
            "position": {}
          },
          "position": {}
        }
      }
    },
    "fields_to_fields_data_clump-./Reference-_Ic-poLRpEDiJqslgE67FqQ-_JUuJ8LRpEDiJqslgE67FqQ-ValueValueunitFootprintFootprintunit": {
      "type": "data_clump",
      "key": "fields_to_fields_data_clump-./Reference-_Ic-poLRpEDiJqslgE67FqQ-_JUuJ8LRpEDiJqslgE67FqQ-ValueValueunitFootprintFootprintunit",
      "probability": 1,
      "from_file_path": "./Reference",
      "from_class_or_interface_name": "Reference",
      "from_class_or_interface_key": "_Ic-poLRpEDiJqslgE67FqQ",
      "from_method_name": null,
      "from_method_key": null,
      "to_file_path": "./Actual",
      "to_class_or_interface_key": "_JUuJ8LRpEDiJqslgE67FqQ",
      "to_class_or_interface_name": "Reference",
      "to_method_key": null,
      "to_method_name": null,
      "data_clump_type": "fields_to_fields_data_clump",
      "data_clump_data": {
        "_OcgjILRpEDiJqslgE67FqQ": {
          "key": "_OcgjILRpEDiJqslgE67FqQ",
          "name": "Value",
          "type": null,
          "probability": 1,
          "modifiers": [],
          "to_variable": {
            "key": "_7t880LRpEDiJqslgE67FqQ",
            "name": "Value",
            "type": null,
            "modifiers": [],
            "position": {}
          },
          "position": {}
        },
        "_tZoioLRpEDiJqslgE67FqQ": {
          "key": "_tZoioLRpEDiJqslgE67FqQ",
          "name": "Valueunit",
          "type": null,
          "probability": 1,
          "modifiers": [],
          "to_variable": {
            "key": "_8YK-gLRpEDiJqslgE67FqQ",
            "name": "Valueunit",
            "type": null,
            "modifiers": [],
            "position": {}
          },
          "position": {}
        },
        "_wQ2AULRpEDiJqslgE67FqQ": {
          "key": "_wQ2AULRpEDiJqslgE67FqQ",
          "name": "Footprint",
          "type": null,
          "probability": 1,
          "modifiers": [],
          "to_variable": {
            "key": "_8y-rMLRpEDiJqslgE67FqQ",
            "name": "Footprint",
            "type": null,
            "modifiers": [],
            "position": {}
          },
          "position": {}
        },
        "_22LVkbRpEDiJqslgE67FqQ": {
          "key": "_22LVkbRpEDiJqslgE67FqQ",
          "name": "Footprintunit",
          "type": null,
          "probability": 1,
          "modifiers": [],
          "to_variable": {
            "key": "_9SnNgLRpEDiJqslgE67FqQ",
            "name": "Footprintunit",
            "type": null,
            "modifiers": [],
            "position": {}
          },
          "position": {}
        }
      }
    }
  }
}