{
  "report_version": "unknown",
  "report_timestamp": "2025-03-26T23:04:21.321Z",
  "target_language": "java",
  "report_summary": {
    "additional": null,
    "amount_classes_or_interfaces_with_data_clumps": 4,
    "amount_files_with_data_clumps": 4,
    "amount_methods_with_data_clumps": 0,
    "fields_to_fields_data_clump": 4,
    "parameters_to_fields_data_clump": 0,
    "parameters_to_parameters_data_clump": 0,
    "amount_data_clumps": 4
  },
  "project_info": {
    "project_url": "unknown_project_url",
    "project_name": "_T1mi0CGvEDGvAMtsPNAtOQ",
    "project_version": "unknown_project_version",
    "project_commit_hash": "unknown",
    "project_tag": null,
    "project_commit_date": null,
    "additional": {},
    "number_of_files": 7,
    "number_of_classes_or_interfaces": 7,
    "number_of_methods": 0,
    "number_of_data_fields": 39,
    "number_of_method_parameters": 0
  },
  "detector": {
    "name": "data-clumps-doctor",
    "url": "https://github.com/NilsBaumgartner1994/data-clumps-doctor",
    "version": "0.1.100",
    "options": {
      "typeVariablesConsidered": false,
      "similarityModifierOfVariablesWithUnknownType": 0,
      "fieldsOfClassesWithUnknownHierarchyProbabilityModifier": 0,
      "sharedFieldsToFieldsAmountMinimum": 3,
      "analyseFieldsInClassesOrInterfacesInheritedFromSuperClassesOrInterfaces": false,
      "sharedParametersToParametersAmountMinimum": 3,
      "sharedParametersToFieldsAmountMinimum": 3,
      "methodsOfClassesOrInterfacesWithUnknownHierarchyProbabilityModifier": 0
    }
  },
  "data_clumps": {
    "fields_to_fields_data_clump-./Contest-_cMvM4CGvEDGCvtwCS59NjA-_wQ_lYCGvEDGCvtwCS59NjA-ContestIDRefereeIDDate": {
      "type": "data_clump",
      "key": "fields_to_fields_data_clump-./Contest-_cMvM4CGvEDGCvtwCS59NjA-_wQ_lYCGvEDGCvtwCS59NjA-ContestIDRefereeIDDate",
      "probability": 1,
      "from_file_path": "./Contest",
      "from_class_or_interface_name": "Contest",
      "from_class_or_interface_key": "_cMvM4CGvEDGCvtwCS59NjA",
      "from_method_name": null,
      "from_method_key": null,
      "to_file_path": "./Match",
      "to_class_or_interface_key": "_wQ_lYCGvEDGCvtwCS59NjA",
      "to_class_or_interface_name": "Contest",
      "to_method_key": null,
      "to_method_name": null,
      "data_clump_type": "fields_to_fields_data_clump",
      "data_clump_data": {
        "_I5fcwCG-EDGCvtwCS59NjA": {
          "key": "_I5fcwCG-EDGCvtwCS59NjA",
          "name": "ContestID",
          "type": null,
          "probability": 1,
          "modifiers": [],
          "to_variable": {
            "key": "_LflVQCG-EDGCvtwCS59NjA",
            "name": "ContestID",
            "type": null,
            "modifiers": [],
            "position": {}
          },
          "position": {}
        },
        "_Ym64kCG2EDGCvtwCS59NjA": {
          "key": "_Ym64kCG2EDGCvtwCS59NjA",
          "name": "RefereeID",
          "type": null,
          "probability": 1,
          "modifiers": [],
          "to_variable": {
            "key": "_QjFrYCG-EDGCvtwCS59NjA",
            "name": "RefereeID",
            "type": null,
            "modifiers": [],
            "position": {}
          },
          "position": {}
        },
        "_ALhOwCG4EDGCvtwCS59NjA": {
          "key": "_ALhOwCG4EDGCvtwCS59NjA",
          "name": "Date",
          "type": null,
          "probability": 1,
          "modifiers": [],
          "to_variable": {
            "key": "_VGlrwCG-EDGCvtwCS59NjA",
            "name": "Date",
            "type": null,
            "modifiers": [],
            "position": {}
          },
          "position": {}
        }
      }
    },
    "fields_to_fields_data_clump-./Match-_wQ_lYCGvEDGCvtwCS59NjA-_cMvM4CGvEDGCvtwCS59NjA-ContestIDRefereeIDDate": {
      "type": "data_clump",
      "key": "fields_to_fields_data_clump-./Match-_wQ_lYCGvEDGCvtwCS59NjA-_cMvM4CGvEDGCvtwCS59NjA-ContestIDRefereeIDDate",
      "probability": 1,
      "from_file_path": "./Match",
      "from_class_or_interface_name": "Match",
      "from_class_or_interface_key": "_wQ_lYCGvEDGCvtwCS59NjA",
      "from_method_name": null,
      "from_method_key": null,
      "to_file_path": "./Contest",
      "to_class_or_interface_key": "_cMvM4CGvEDGCvtwCS59NjA",
      "to_class_or_interface_name": "Match",
      "to_method_key": null,
      "to_method_name": null,
      "data_clump_type": "fields_to_fields_data_clump",
      "data_clump_data": {
        "_LflVQCG-EDGCvtwCS59NjA": {
          "key": "_LflVQCG-EDGCvtwCS59NjA",
          "name": "ContestID",
          "type": null,
          "probability": 1,
          "modifiers": [],
          "to_variable": {
            "key": "_I5fcwCG-EDGCvtwCS59NjA",
            "name": "ContestID",
            "type": null,
            "modifiers": [],
            "position": {}
          },
          "position": {}
        },
        "_QjFrYCG-EDGCvtwCS59NjA": {
          "key": "_QjFrYCG-EDGCvtwCS59NjA",
          "name": "RefereeID",
          "type": null,
          "probability": 1,
          "modifiers": [],
          "to_variable": {
            "key": "_Ym64kCG2EDGCvtwCS59NjA",
            "name": "RefereeID",
            "type": null,
            "modifiers": [],
            "position": {}
          },
          "position": {}
        },
        "_VGlrwCG-EDGCvtwCS59NjA": {
          "key": "_VGlrwCG-EDGCvtwCS59NjA",
          "name": "Date",
          "type": null,
          "probability": 1,
          "modifiers": [],
          "to_variable": {
            "key": "_ALhOwCG4EDGCvtwCS59NjA",
            "name": "Date",
            "type": null,
            "modifiers": [],
            "position": {}
          },
          "position": {}
        }
      }
    },
    "fields_to_fields_data_clump-./Player-_eKoc8CGvEDGCvtwCS59NjA-_dJKY4CGvEDGCvtwCS59NjA-CreatorIDFileLocName": {
      "type": "data_clump",
      "key": "fields_to_fields_data_clump-./Player-_eKoc8CGvEDGCvtwCS59NjA-_dJKY4CGvEDGCvtwCS59NjA-CreatorIDFileLocName",
      "probability": 1,
      "from_file_path": "./Player",
      "from_class_or_interface_name": "Player",
      "from_class_or_interface_key": "_eKoc8CGvEDGCvtwCS59NjA",
      "from_method_name": null,
      "from_method_key": null,
      "to_file_path": "./Referee",
      "to_class_or_interface_key": "_dJKY4CGvEDGCvtwCS59NjA",
      "to_class_or_interface_name": "Player",
      "to_method_key": null,
      "to_method_name": null,
      "data_clump_type": "fields_to_fields_data_clump",
      "data_clump_data": {
        "_1fQ4sCG9EDGCvtwCS59NjA": {
          "key": "_1fQ4sCG9EDGCvtwCS59NjA",
          "name": "CreatorID",
          "type": null,
          "probability": 1,
          "modifiers": [],
          "to_variable": {
            "key": "_gqzLQCG9EDGCvtwCS59NjA",
            "name": "CreatorID",
            "type": null,
            "modifiers": [],
            "position": {}
          },
          "position": {}
        },
        "_5yhdoCG9EDGCvtwCS59NjA": {
          "key": "_5yhdoCG9EDGCvtwCS59NjA",
          "name": "FileLoc",
          "type": null,
          "probability": 1,
          "modifiers": [],
          "to_variable": {
            "key": "_fi6WICG9EDGCvtwCS59NjA",
            "name": "FileLoc",
            "type": null,
            "modifiers": [],
            "position": {}
          },
          "position": {}
        },
        "_9w5XsCG9EDGCvtwCS59NjA": {
          "key": "_9w5XsCG9EDGCvtwCS59NjA",
          "name": "Name",
          "type": null,
          "probability": 1,
          "modifiers": [],
          "to_variable": {
            "key": "_opbOsCG9EDGCvtwCS59NjA",
            "name": "Name",
            "type": null,
            "modifiers": [],
            "position": {}
          },
          "position": {}
        }
      }
    },
    "fields_to_fields_data_clump-./Referee-_dJKY4CGvEDGCvtwCS59NjA-_eKoc8CGvEDGCvtwCS59NjA-FileLocCreatorIDName": {
      "type": "data_clump",
      "key": "fields_to_fields_data_clump-./Referee-_dJKY4CGvEDGCvtwCS59NjA-_eKoc8CGvEDGCvtwCS59NjA-FileLocCreatorIDName",
      "probability": 1,
      "from_file_path": "./Referee",
      "from_class_or_interface_name": "Referee",
      "from_class_or_interface_key": "_dJKY4CGvEDGCvtwCS59NjA",
      "from_method_name": null,
      "from_method_key": null,
      "to_file_path": "./Player",
      "to_class_or_interface_key": "_eKoc8CGvEDGCvtwCS59NjA",
      "to_class_or_interface_name": "Referee",
      "to_method_key": null,
      "to_method_name": null,
      "data_clump_type": "fields_to_fields_data_clump",
      "data_clump_data": {
        "_fi6WICG9EDGCvtwCS59NjA": {
          "key": "_fi6WICG9EDGCvtwCS59NjA",
          "name": "FileLoc",
          "type": null,
          "probability": 1,
          "modifiers": [],
          "to_variable": {
            "key": "_5yhdoCG9EDGCvtwCS59NjA",
            "name": "FileLoc",
            "type": null,
            "modifiers": [],
            "position": {}
          },
          "position": {}
        },
        "_gqzLQCG9EDGCvtwCS59NjA": {
          "key": "_gqzLQCG9EDGCvtwCS59NjA",
          "name": "CreatorID",
          "type": null,
          "probability": 1,
          "modifiers": [],
          "to_variable": {
            "key": "_1fQ4sCG9EDGCvtwCS59NjA",
            "name": "CreatorID",
            "type": null,
            "modifiers": [],
            "position": {}
          },
          "position": {}
        },
        "_opbOsCG9EDGCvtwCS59NjA": {
          "key": "_opbOsCG9EDGCvtwCS59NjA",
          "name": "Name",
          "type": null,
          "probability": 1,
          "modifiers": [],
          "to_variable": {
            "key": "_9w5XsCG9EDGCvtwCS59NjA",
            "name": "Name",
            "type": null,
            "modifiers": [],
            "position": {}
          },
          "position": {}
        }
      }
    }
  }
}