{
  "report_version": "unknown",
  "report_timestamp": "2025-03-26T22:29:23.949Z",
  "target_language": "java",
  "report_summary": {
    "additional": null,
    "amount_classes_or_interfaces_with_data_clumps": 8,
    "amount_files_with_data_clumps": 8,
    "amount_methods_with_data_clumps": 0,
    "fields_to_fields_data_clump": 12,
    "parameters_to_fields_data_clump": 0,
    "parameters_to_parameters_data_clump": 0,
    "amount_data_clumps": 12
  },
  "project_info": {
    "project_url": "unknown_project_url",
    "project_name": "_VBMmYG7WEDGZRv1Ax7bzSg",
    "project_version": "unknown_project_version",
    "project_commit_hash": "unknown",
    "project_tag": null,
    "project_commit_date": null,
    "additional": {},
    "number_of_files": 13,
    "number_of_classes_or_interfaces": 13,
    "number_of_methods": 13,
    "number_of_data_fields": 47,
    "number_of_method_parameters": 1
  },
  "detector": {
    "name": "data-clumps-doctor",
    "url": "https://github.com/NilsBaumgartner1994/data-clumps-doctor",
    "version": "0.1.100",
    "options": {
      "typeVariablesConsidered": false,
      "similarityModifierOfVariablesWithUnknownType": 0,
      "fieldsOfClassesWithUnknownHierarchyProbabilityModifier": 0,
      "sharedFieldsToFieldsAmountMinimum": 3,
      "analyseFieldsInClassesOrInterfacesInheritedFromSuperClassesOrInterfaces": false,
      "sharedParametersToParametersAmountMinimum": 3,
      "sharedParametersToFieldsAmountMinimum": 3,
      "methodsOfClassesOrInterfacesWithUnknownHierarchyProbabilityModifier": 0
    }
  },
  "data_clumps": {
    "fields_to_fields_data_clump-./Blog-_UdptEG7ZEDGNCI1yfxYqnA-_0QMHEG7YEDGNCI1yfxYqnA-iduser_idtitledescription": {
      "type": "data_clump",
      "key": "fields_to_fields_data_clump-./Blog-_UdptEG7ZEDGNCI1yfxYqnA-_0QMHEG7YEDGNCI1yfxYqnA-iduser_idtitledescription",
      "probability": 1,
      "from_file_path": "./Blog",
      "from_class_or_interface_name": "Blog",
      "from_class_or_interface_key": "_UdptEG7ZEDGNCI1yfxYqnA",
      "from_method_name": null,
      "from_method_key": null,
      "to_file_path": "./Comment",
      "to_class_or_interface_key": "_0QMHEG7YEDGNCI1yfxYqnA",
      "to_class_or_interface_name": "Blog",
      "to_method_key": null,
      "to_method_name": null,
      "data_clump_type": "fields_to_fields_data_clump",
      "data_clump_data": {
        "_VJlmAG7ZEDGNCI1yfxYqnA": {
          "key": "_VJlmAG7ZEDGNCI1yfxYqnA",
          "name": "id",
          "type": null,
          "probability": 1,
          "modifiers": [],
          "to_variable": {
            "key": "_1nsFgG7YEDGNCI1yfxYqnA",
            "name": "id",
            "type": null,
            "modifiers": [],
            "position": {}
          },
          "position": {}
        },
        "_WV0IkG7ZEDGNCI1yfxYqnA": {
          "key": "_WV0IkG7ZEDGNCI1yfxYqnA",
          "name": "user_id",
          "type": null,
          "probability": 1,
          "modifiers": [],
          "to_variable": {
            "key": "_3IXOEG7YEDGNCI1yfxYqnA",
            "name": "user_id",
            "type": null,
            "modifiers": [],
            "position": {}
          },
          "position": {}
        },
        "_ZwGeIG7ZEDGNCI1yfxYqnA": {
          "key": "_ZwGeIG7ZEDGNCI1yfxYqnA",
          "name": "title",
          "type": null,
          "probability": 1,
          "modifiers": [],
          "to_variable": {
            "key": "_6s3PkG7YEDGNCI1yfxYqnA",
            "name": "title",
            "type": null,
            "modifiers": [],
            "position": {}
          },
          "position": {}
        },
        "_ehz5oG7ZEDGNCI1yfxYqnA": {
          "key": "_ehz5oG7ZEDGNCI1yfxYqnA",
          "name": "description",
          "type": null,
          "probability": 1,
          "modifiers": [],
          "to_variable": {
            "key": "_8TeoEG7YEDGNCI1yfxYqnA",
            "name": "description",
            "type": null,
            "modifiers": [],
            "position": {}
          },
          "position": {}
        }
      }
    },
    "fields_to_fields_data_clump-./Category-_xPnugG7XEDGNCI1yfxYqnA-_4sg2gG7aEDGNCI1yfxYqnA-idtypename": {
      "type": "data_clump",
      "key": "fields_to_fields_data_clump-./Category-_xPnugG7XEDGNCI1yfxYqnA-_4sg2gG7aEDGNCI1yfxYqnA-idtypename",
      "probability": 1,
      "from_file_path": "./Category",
      "from_class_or_interface_name": "Category",
      "from_class_or_interface_key": "_xPnugG7XEDGNCI1yfxYqnA",
      "from_method_name": null,
      "from_method_key": null,
      "to_file_path": "./Image",
      "to_class_or_interface_key": "_4sg2gG7aEDGNCI1yfxYqnA",
      "to_class_or_interface_name": "Category",
      "to_method_key": null,
      "to_method_name": null,
      "data_clump_type": "fields_to_fields_data_clump",
      "data_clump_data": {
        "_03ChIG7XEDGNCI1yfxYqnA": {
          "key": "_03ChIG7XEDGNCI1yfxYqnA",
          "name": "id",
          "type": null,
          "probability": 1,
          "modifiers": [],
          "to_variable": {
            "key": "_8ehvkG7aEDGNCI1yfxYqnA",
            "name": "id",
            "type": null,
            "modifiers": [],
            "position": {}
          },
          "position": {}
        },
        "_6SBjIG7XEDGNCI1yfxYqnA": {
          "key": "_6SBjIG7XEDGNCI1yfxYqnA",
          "name": "type",
          "type": null,
          "probability": 1,
          "modifiers": [],
          "to_variable": {
            "key": "_BAYKIG7bEDGNCI1yfxYqnA",
            "name": "type",
            "type": null,
            "modifiers": [],
            "position": {}
          },
          "position": {}
        },
        "_7_B3gG7XEDGNCI1yfxYqnA": {
          "key": "_7_B3gG7XEDGNCI1yfxYqnA",
          "name": "name",
          "type": null,
          "probability": 1,
          "modifiers": [],
          "to_variable": {
            "key": "_9SBpEG7aEDGNCI1yfxYqnA",
            "name": "name",
            "type": null,
            "modifiers": [],
            "position": {}
          },
          "position": {}
        }
      }
    },
    "fields_to_fields_data_clump-./Comment-_0QMHEG7YEDGNCI1yfxYqnA-_UdptEG7ZEDGNCI1yfxYqnA-iduser_idtitledescription": {
      "type": "data_clump",
      "key": "fields_to_fields_data_clump-./Comment-_0QMHEG7YEDGNCI1yfxYqnA-_UdptEG7ZEDGNCI1yfxYqnA-iduser_idtitledescription",
      "probability": 1,
      "from_file_path": "./Comment",
      "from_class_or_interface_name": "Comment",
      "from_class_or_interface_key": "_0QMHEG7YEDGNCI1yfxYqnA",
      "from_method_name": null,
      "from_method_key": null,
      "to_file_path": "./Blog",
      "to_class_or_interface_key": "_UdptEG7ZEDGNCI1yfxYqnA",
      "to_class_or_interface_name": "Comment",
      "to_method_key": null,
      "to_method_name": null,
      "data_clump_type": "fields_to_fields_data_clump",
      "data_clump_data": {
        "_1nsFgG7YEDGNCI1yfxYqnA": {
          "key": "_1nsFgG7YEDGNCI1yfxYqnA",
          "name": "id",
          "type": null,
          "probability": 1,
          "modifiers": [],
          "to_variable": {
            "key": "_VJlmAG7ZEDGNCI1yfxYqnA",
            "name": "id",
            "type": null,
            "modifiers": [],
            "position": {}
          },
          "position": {}
        },
        "_3IXOEG7YEDGNCI1yfxYqnA": {
          "key": "_3IXOEG7YEDGNCI1yfxYqnA",
          "name": "user_id",
          "type": null,
          "probability": 1,
          "modifiers": [],
          "to_variable": {
            "key": "_WV0IkG7ZEDGNCI1yfxYqnA",
            "name": "user_id",
            "type": null,
            "modifiers": [],
            "position": {}
          },
          "position": {}
        },
        "_6s3PkG7YEDGNCI1yfxYqnA": {
          "key": "_6s3PkG7YEDGNCI1yfxYqnA",
          "name": "title",
          "type": null,
          "probability": 1,
          "modifiers": [],
          "to_variable": {
            "key": "_ZwGeIG7ZEDGNCI1yfxYqnA",
            "name": "title",
            "type": null,
            "modifiers": [],
            "position": {}
          },
          "position": {}
        },
        "_8TeoEG7YEDGNCI1yfxYqnA": {
          "key": "_8TeoEG7YEDGNCI1yfxYqnA",
          "name": "description",
          "type": null,
          "probability": 1,
          "modifiers": [],
          "to_variable": {
            "key": "_ehz5oG7ZEDGNCI1yfxYqnA",
            "name": "description",
            "type": null,
            "modifiers": [],
            "position": {}
          },
          "position": {}
        }
      }
    },
    "fields_to_fields_data_clump-./Comment-_0QMHEG7YEDGNCI1yfxYqnA-_REuw0G7WEDGNCI1yfxYqnA-idcreated_atupdated_at": {
      "type": "data_clump",
      "key": "fields_to_fields_data_clump-./Comment-_0QMHEG7YEDGNCI1yfxYqnA-_REuw0G7WEDGNCI1yfxYqnA-idcreated_atupdated_at",
      "probability": 1,
      "from_file_path": "./Comment",
      "from_class_or_interface_name": "Comment",
      "from_class_or_interface_key": "_0QMHEG7YEDGNCI1yfxYqnA",
      "from_method_name": null,
      "from_method_key": null,
      "to_file_path": "./User",
      "to_class_or_interface_key": "_REuw0G7WEDGNCI1yfxYqnA",
      "to_class_or_interface_name": "Comment",
      "to_method_key": null,
      "to_method_name": null,
      "data_clump_type": "fields_to_fields_data_clump",
      "data_clump_data": {
        "_1nsFgG7YEDGNCI1yfxYqnA": {
          "key": "_1nsFgG7YEDGNCI1yfxYqnA",
          "name": "id",
          "type": null,
          "probability": 1,
          "modifiers": [],
          "to_variable": {
            "key": "_VjgCMG7WEDGNCI1yfxYqnA",
            "name": "id",
            "type": null,
            "modifiers": [],
            "position": {}
          },
          "position": {}
        },
        "_APLBkG7ZEDGNCI1yfxYqnA": {
          "key": "_APLBkG7ZEDGNCI1yfxYqnA",
          "name": "created_at",
          "type": null,
          "probability": 1,
          "modifiers": [],
          "to_variable": {
            "key": "_O7MKEG7ZEDGNCI1yfxYqnA",
            "name": "created_at",
            "type": null,
            "modifiers": [],
            "position": {}
          },
          "position": {}
        },
        "_Cz62QG7ZEDGNCI1yfxYqnA": {
          "key": "_Cz62QG7ZEDGNCI1yfxYqnA",
          "name": "updated_at",
          "type": null,
          "probability": 1,
          "modifiers": [],
          "to_variable": {
            "key": "_RLicEG7ZEDGNCI1yfxYqnA",
            "name": "updated_at",
            "type": null,
            "modifiers": [],
            "position": {}
          },
          "position": {}
        }
      }
    },
    "fields_to_fields_data_clump-./Favorite-_mgdAoG7YEDGNCI1yfxYqnA-_S_9cgG7YEDGNCI1yfxYqnA-idevent_iduser_id": {
      "type": "data_clump",
      "key": "fields_to_fields_data_clump-./Favorite-_mgdAoG7YEDGNCI1yfxYqnA-_S_9cgG7YEDGNCI1yfxYqnA-idevent_iduser_id",
      "probability": 1,
      "from_file_path": "./Favorite",
      "from_class_or_interface_name": "Favorite",
      "from_class_or_interface_key": "_mgdAoG7YEDGNCI1yfxYqnA",
      "from_method_name": null,
      "from_method_key": null,
      "to_file_path": "./Follower",
      "to_class_or_interface_key": "_S_9cgG7YEDGNCI1yfxYqnA",
      "to_class_or_interface_name": "Favorite",
      "to_method_key": null,
      "to_method_name": null,
      "data_clump_type": "fields_to_fields_data_clump",
      "data_clump_data": {
        "_oB3wEG7YEDGNCI1yfxYqnA": {
          "key": "_oB3wEG7YEDGNCI1yfxYqnA",
          "name": "id",
          "type": null,
          "probability": 1,
          "modifiers": [],
          "to_variable": {
            "key": "_UQsEkG7YEDGNCI1yfxYqnA",
            "name": "id",
            "type": null,
            "modifiers": [],
            "position": {}
          },
          "position": {}
        },
        "_pUufEG7YEDGNCI1yfxYqnA": {
          "key": "_pUufEG7YEDGNCI1yfxYqnA",
          "name": "event_id",
          "type": null,
          "probability": 1,
          "modifiers": [],
          "to_variable": {
            "key": "_U_BKMG7YEDGNCI1yfxYqnA",
            "name": "event_id",
            "type": null,
            "modifiers": [],
            "position": {}
          },
          "position": {}
        },
        "_tO51oG7YEDGNCI1yfxYqnA": {
          "key": "_tO51oG7YEDGNCI1yfxYqnA",
          "name": "user_id",
          "type": null,
          "probability": 1,
          "modifiers": [],
          "to_variable": {
            "key": "_cj20oG7YEDGNCI1yfxYqnA",
            "name": "user_id",
            "type": null,
            "modifiers": [],
            "position": {}
          },
          "position": {}
        }
      }
    },
    "fields_to_fields_data_clump-./Favorite-_mgdAoG7YEDGNCI1yfxYqnA-_CGI2YHCeEDG1qNn4ftAjIQ-idevent_iduser_id": {
      "type": "data_clump",
      "key": "fields_to_fields_data_clump-./Favorite-_mgdAoG7YEDGNCI1yfxYqnA-_CGI2YHCeEDG1qNn4ftAjIQ-idevent_iduser_id",
      "probability": 1,
      "from_file_path": "./Favorite",
      "from_class_or_interface_name": "Favorite",
      "from_class_or_interface_key": "_mgdAoG7YEDGNCI1yfxYqnA",
      "from_method_name": null,
      "from_method_key": null,
      "to_file_path": "./subscribers",
      "to_class_or_interface_key": "_CGI2YHCeEDG1qNn4ftAjIQ",
      "to_class_or_interface_name": "Favorite",
      "to_method_key": null,
      "to_method_name": null,
      "data_clump_type": "fields_to_fields_data_clump",
      "data_clump_data": {
        "_oB3wEG7YEDGNCI1yfxYqnA": {
          "key": "_oB3wEG7YEDGNCI1yfxYqnA",
          "name": "id",
          "type": null,
          "probability": 1,
          "modifiers": [],
          "to_variable": {
            "key": "_USAw8HCeEDG1qNn4ftAjIQ",
            "name": "id",
            "type": null,
            "modifiers": [],
            "position": {}
          },
          "position": {}
        },
        "_pUufEG7YEDGNCI1yfxYqnA": {
          "key": "_pUufEG7YEDGNCI1yfxYqnA",
          "name": "event_id",
          "type": null,
          "probability": 1,
          "modifiers": [],
          "to_variable": {
            "key": "_U0Cf8HCeEDG1qNn4ftAjIQ",
            "name": "event_id",
            "type": null,
            "modifiers": [],
            "position": {}
          },
          "position": {}
        },
        "_tO51oG7YEDGNCI1yfxYqnA": {
          "key": "_tO51oG7YEDGNCI1yfxYqnA",
          "name": "user_id",
          "type": null,
          "probability": 1,
          "modifiers": [],
          "to_variable": {
            "key": "_X9T-AHCeEDG1qNn4ftAjIQ",
            "name": "user_id",
            "type": null,
            "modifiers": [],
            "position": {}
          },
          "position": {}
        }
      }
    },
    "fields_to_fields_data_clump-./Follower-_S_9cgG7YEDGNCI1yfxYqnA-_mgdAoG7YEDGNCI1yfxYqnA-idevent_iduser_id": {
      "type": "data_clump",
      "key": "fields_to_fields_data_clump-./Follower-_S_9cgG7YEDGNCI1yfxYqnA-_mgdAoG7YEDGNCI1yfxYqnA-idevent_iduser_id",
      "probability": 1,
      "from_file_path": "./Follower",
      "from_class_or_interface_name": "Follower",
      "from_class_or_interface_key": "_S_9cgG7YEDGNCI1yfxYqnA",
      "from_method_name": null,
      "from_method_key": null,
      "to_file_path": "./Favorite",
      "to_class_or_interface_key": "_mgdAoG7YEDGNCI1yfxYqnA",
      "to_class_or_interface_name": "Follower",
      "to_method_key": null,
      "to_method_name": null,
      "data_clump_type": "fields_to_fields_data_clump",
      "data_clump_data": {
        "_UQsEkG7YEDGNCI1yfxYqnA": {
          "key": "_UQsEkG7YEDGNCI1yfxYqnA",
          "name": "id",
          "type": null,
          "probability": 1,
          "modifiers": [],
          "to_variable": {
            "key": "_oB3wEG7YEDGNCI1yfxYqnA",
            "name": "id",
            "type": null,
            "modifiers": [],
            "position": {}
          },
          "position": {}
        },
        "_U_BKMG7YEDGNCI1yfxYqnA": {
          "key": "_U_BKMG7YEDGNCI1yfxYqnA",
          "name": "event_id",
          "type": null,
          "probability": 1,
          "modifiers": [],
          "to_variable": {
            "key": "_pUufEG7YEDGNCI1yfxYqnA",
            "name": "event_id",
            "type": null,
            "modifiers": [],
            "position": {}
          },
          "position": {}
        },
        "_cj20oG7YEDGNCI1yfxYqnA": {
          "key": "_cj20oG7YEDGNCI1yfxYqnA",
          "name": "user_id",
          "type": null,
          "probability": 1,
          "modifiers": [],
          "to_variable": {
            "key": "_tO51oG7YEDGNCI1yfxYqnA",
            "name": "user_id",
            "type": null,
            "modifiers": [],
            "position": {}
          },
          "position": {}
        }
      }
    },
    "fields_to_fields_data_clump-./Follower-_S_9cgG7YEDGNCI1yfxYqnA-_CGI2YHCeEDG1qNn4ftAjIQ-idevent_iduser_id": {
      "type": "data_clump",
      "key": "fields_to_fields_data_clump-./Follower-_S_9cgG7YEDGNCI1yfxYqnA-_CGI2YHCeEDG1qNn4ftAjIQ-idevent_iduser_id",
      "probability": 1,
      "from_file_path": "./Follower",
      "from_class_or_interface_name": "Follower",
      "from_class_or_interface_key": "_S_9cgG7YEDGNCI1yfxYqnA",
      "from_method_name": null,
      "from_method_key": null,
      "to_file_path": "./subscribers",
      "to_class_or_interface_key": "_CGI2YHCeEDG1qNn4ftAjIQ",
      "to_class_or_interface_name": "Follower",
      "to_method_key": null,
      "to_method_name": null,
      "data_clump_type": "fields_to_fields_data_clump",
      "data_clump_data": {
        "_UQsEkG7YEDGNCI1yfxYqnA": {
          "key": "_UQsEkG7YEDGNCI1yfxYqnA",
          "name": "id",
          "type": null,
          "probability": 1,
          "modifiers": [],
          "to_variable": {
            "key": "_USAw8HCeEDG1qNn4ftAjIQ",
            "name": "id",
            "type": null,
            "modifiers": [],
            "position": {}
          },
          "position": {}
        },
        "_U_BKMG7YEDGNCI1yfxYqnA": {
          "key": "_U_BKMG7YEDGNCI1yfxYqnA",
          "name": "event_id",
          "type": null,
          "probability": 1,
          "modifiers": [],
          "to_variable": {
            "key": "_U0Cf8HCeEDG1qNn4ftAjIQ",
            "name": "event_id",
            "type": null,
            "modifiers": [],
            "position": {}
          },
          "position": {}
        },
        "_cj20oG7YEDGNCI1yfxYqnA": {
          "key": "_cj20oG7YEDGNCI1yfxYqnA",
          "name": "user_id",
          "type": null,
          "probability": 1,
          "modifiers": [],
          "to_variable": {
            "key": "_X9T-AHCeEDG1qNn4ftAjIQ",
            "name": "user_id",
            "type": null,
            "modifiers": [],
            "position": {}
          },
          "position": {}
        }
      }
    },
    "fields_to_fields_data_clump-./Image-_4sg2gG7aEDGNCI1yfxYqnA-_xPnugG7XEDGNCI1yfxYqnA-idnametype": {
      "type": "data_clump",
      "key": "fields_to_fields_data_clump-./Image-_4sg2gG7aEDGNCI1yfxYqnA-_xPnugG7XEDGNCI1yfxYqnA-idnametype",
      "probability": 1,
      "from_file_path": "./Image",
      "from_class_or_interface_name": "Image",
      "from_class_or_interface_key": "_4sg2gG7aEDGNCI1yfxYqnA",
      "from_method_name": null,
      "from_method_key": null,
      "to_file_path": "./Category",
      "to_class_or_interface_key": "_xPnugG7XEDGNCI1yfxYqnA",
      "to_class_or_interface_name": "Image",
      "to_method_key": null,
      "to_method_name": null,
      "data_clump_type": "fields_to_fields_data_clump",
      "data_clump_data": {
        "_8ehvkG7aEDGNCI1yfxYqnA": {
          "key": "_8ehvkG7aEDGNCI1yfxYqnA",
          "name": "id",
          "type": null,
          "probability": 1,
          "modifiers": [],
          "to_variable": {
            "key": "_03ChIG7XEDGNCI1yfxYqnA",
            "name": "id",
            "type": null,
            "modifiers": [],
            "position": {}
          },
          "position": {}
        },
        "_9SBpEG7aEDGNCI1yfxYqnA": {
          "key": "_9SBpEG7aEDGNCI1yfxYqnA",
          "name": "name",
          "type": null,
          "probability": 1,
          "modifiers": [],
          "to_variable": {
            "key": "_7_B3gG7XEDGNCI1yfxYqnA",
            "name": "name",
            "type": null,
            "modifiers": [],
            "position": {}
          },
          "position": {}
        },
        "_BAYKIG7bEDGNCI1yfxYqnA": {
          "key": "_BAYKIG7bEDGNCI1yfxYqnA",
          "name": "type",
          "type": null,
          "probability": 1,
          "modifiers": [],
          "to_variable": {
            "key": "_6SBjIG7XEDGNCI1yfxYqnA",
            "name": "type",
            "type": null,
            "modifiers": [],
            "position": {}
          },
          "position": {}
        }
      }
    },
    "fields_to_fields_data_clump-./User-_REuw0G7WEDGNCI1yfxYqnA-_0QMHEG7YEDGNCI1yfxYqnA-idcreated_atupdated_at": {
      "type": "data_clump",
      "key": "fields_to_fields_data_clump-./User-_REuw0G7WEDGNCI1yfxYqnA-_0QMHEG7YEDGNCI1yfxYqnA-idcreated_atupdated_at",
      "probability": 1,
      "from_file_path": "./User",
      "from_class_or_interface_name": "User",
      "from_class_or_interface_key": "_REuw0G7WEDGNCI1yfxYqnA",
      "from_method_name": null,
      "from_method_key": null,
      "to_file_path": "./Comment",
      "to_class_or_interface_key": "_0QMHEG7YEDGNCI1yfxYqnA",
      "to_class_or_interface_name": "User",
      "to_method_key": null,
      "to_method_name": null,
      "data_clump_type": "fields_to_fields_data_clump",
      "data_clump_data": {
        "_VjgCMG7WEDGNCI1yfxYqnA": {
          "key": "_VjgCMG7WEDGNCI1yfxYqnA",
          "name": "id",
          "type": null,
          "probability": 1,
          "modifiers": [],
          "to_variable": {
            "key": "_1nsFgG7YEDGNCI1yfxYqnA",
            "name": "id",
            "type": null,
            "modifiers": [],
            "position": {}
          },
          "position": {}
        },
        "_O7MKEG7ZEDGNCI1yfxYqnA": {
          "key": "_O7MKEG7ZEDGNCI1yfxYqnA",
          "name": "created_at",
          "type": null,
          "probability": 1,
          "modifiers": [],
          "to_variable": {
            "key": "_APLBkG7ZEDGNCI1yfxYqnA",
            "name": "created_at",
            "type": null,
            "modifiers": [],
            "position": {}
          },
          "position": {}
        },
        "_RLicEG7ZEDGNCI1yfxYqnA": {
          "key": "_RLicEG7ZEDGNCI1yfxYqnA",
          "name": "updated_at",
          "type": null,
          "probability": 1,
          "modifiers": [],
          "to_variable": {
            "key": "_Cz62QG7ZEDGNCI1yfxYqnA",
            "name": "updated_at",
            "type": null,
            "modifiers": [],
            "position": {}
          },
          "position": {}
        }
      }
    },
    "fields_to_fields_data_clump-./subscribers-_CGI2YHCeEDG1qNn4ftAjIQ-_mgdAoG7YEDGNCI1yfxYqnA-idevent_iduser_id": {
      "type": "data_clump",
      "key": "fields_to_fields_data_clump-./subscribers-_CGI2YHCeEDG1qNn4ftAjIQ-_mgdAoG7YEDGNCI1yfxYqnA-idevent_iduser_id",
      "probability": 1,
      "from_file_path": "./subscribers",
      "from_class_or_interface_name": "subscribers",
      "from_class_or_interface_key": "_CGI2YHCeEDG1qNn4ftAjIQ",
      "from_method_name": null,
      "from_method_key": null,
      "to_file_path": "./Favorite",
      "to_class_or_interface_key": "_mgdAoG7YEDGNCI1yfxYqnA",
      "to_class_or_interface_name": "subscribers",
      "to_method_key": null,
      "to_method_name": null,
      "data_clump_type": "fields_to_fields_data_clump",
      "data_clump_data": {
        "_USAw8HCeEDG1qNn4ftAjIQ": {
          "key": "_USAw8HCeEDG1qNn4ftAjIQ",
          "name": "id",
          "type": null,
          "probability": 1,
          "modifiers": [],
          "to_variable": {
            "key": "_oB3wEG7YEDGNCI1yfxYqnA",
            "name": "id",
            "type": null,
            "modifiers": [],
            "position": {}
          },
          "position": {}
        },
        "_U0Cf8HCeEDG1qNn4ftAjIQ": {
          "key": "_U0Cf8HCeEDG1qNn4ftAjIQ",
          "name": "event_id",
          "type": null,
          "probability": 1,
          "modifiers": [],
          "to_variable": {
            "key": "_pUufEG7YEDGNCI1yfxYqnA",
            "name": "event_id",
            "type": null,
            "modifiers": [],
            "position": {}
          },
          "position": {}
        },
        "_X9T-AHCeEDG1qNn4ftAjIQ": {
          "key": "_X9T-AHCeEDG1qNn4ftAjIQ",
          "name": "user_id",
          "type": null,
          "probability": 1,
          "modifiers": [],
          "to_variable": {
            "key": "_tO51oG7YEDGNCI1yfxYqnA",
            "name": "user_id",
            "type": null,
            "modifiers": [],
            "position": {}
          },
          "position": {}
        }
      }
    },
    "fields_to_fields_data_clump-./subscribers-_CGI2YHCeEDG1qNn4ftAjIQ-_S_9cgG7YEDGNCI1yfxYqnA-idevent_iduser_id": {
      "type": "data_clump",
      "key": "fields_to_fields_data_clump-./subscribers-_CGI2YHCeEDG1qNn4ftAjIQ-_S_9cgG7YEDGNCI1yfxYqnA-idevent_iduser_id",
      "probability": 1,
      "from_file_path": "./subscribers",
      "from_class_or_interface_name": "subscribers",
      "from_class_or_interface_key": "_CGI2YHCeEDG1qNn4ftAjIQ",
      "from_method_name": null,
      "from_method_key": null,
      "to_file_path": "./Follower",
      "to_class_or_interface_key": "_S_9cgG7YEDGNCI1yfxYqnA",
      "to_class_or_interface_name": "subscribers",
      "to_method_key": null,
      "to_method_name": null,
      "data_clump_type": "fields_to_fields_data_clump",
      "data_clump_data": {
        "_USAw8HCeEDG1qNn4ftAjIQ": {
          "key": "_USAw8HCeEDG1qNn4ftAjIQ",
          "name": "id",
          "type": null,
          "probability": 1,
          "modifiers": [],
          "to_variable": {
            "key": "_UQsEkG7YEDGNCI1yfxYqnA",
            "name": "id",
            "type": null,
            "modifiers": [],
            "position": {}
          },
          "position": {}
        },
        "_U0Cf8HCeEDG1qNn4ftAjIQ": {
          "key": "_U0Cf8HCeEDG1qNn4ftAjIQ",
          "name": "event_id",
          "type": null,
          "probability": 1,
          "modifiers": [],
          "to_variable": {
            "key": "_U_BKMG7YEDGNCI1yfxYqnA",
            "name": "event_id",
            "type": null,
            "modifiers": [],
            "position": {}
          },
          "position": {}
        },
        "_X9T-AHCeEDG1qNn4ftAjIQ": {
          "key": "_X9T-AHCeEDG1qNn4ftAjIQ",
          "name": "user_id",
          "type": null,
          "probability": 1,
          "modifiers": [],
          "to_variable": {
            "key": "_cj20oG7YEDGNCI1yfxYqnA",
            "name": "user_id",
            "type": null,
            "modifiers": [],
            "position": {}
          },
          "position": {}
        }
      }
    }
  }
}