{
  "report_version": "unknown",
  "report_timestamp": "2025-03-26T21:51:45.626Z",
  "target_language": "java",
  "report_summary": {
    "additional": null,
    "amount_classes_or_interfaces_with_data_clumps": 2,
    "amount_files_with_data_clumps": 2,
    "amount_methods_with_data_clumps": 0,
    "fields_to_fields_data_clump": 2,
    "parameters_to_fields_data_clump": 0,
    "parameters_to_parameters_data_clump": 0,
    "amount_data_clumps": 2
  },
  "project_info": {
    "project_url": "unknown_project_url",
    "project_name": "_zj1nYJOvEeeaCsv2qBF4QA",
    "project_version": "unknown_project_version",
    "project_commit_hash": "unknown",
    "project_tag": null,
    "project_commit_date": null,
    "additional": {},
    "number_of_files": 10,
    "number_of_classes_or_interfaces": 10,
    "number_of_methods": 0,
    "number_of_data_fields": 27,
    "number_of_method_parameters": 0
  },
  "detector": {
    "name": "data-clumps-doctor",
    "url": "https://github.com/NilsBaumgartner1994/data-clumps-doctor",
    "version": "0.1.100",
    "options": {
      "typeVariablesConsidered": false,
      "similarityModifierOfVariablesWithUnknownType": 0,
      "fieldsOfClassesWithUnknownHierarchyProbabilityModifier": 0,
      "sharedFieldsToFieldsAmountMinimum": 3,
      "analyseFieldsInClassesOrInterfacesInheritedFromSuperClassesOrInterfaces": false,
      "sharedParametersToParametersAmountMinimum": 3,
      "sharedParametersToFieldsAmountMinimum": 3,
      "methodsOfClassesOrInterfacesWithUnknownHierarchyProbabilityModifier": 0
    }
  },
  "data_clumps": {
    "fields_to_fields_data_clump-./Module-_GpRwcXXeEDW2Ve1CcPfQMQ-_sg2ZkHXeEDW2Ve1CcPfQMQ-m_iddeadlineScore": {
      "type": "data_clump",
      "key": "fields_to_fields_data_clump-./Module-_GpRwcXXeEDW2Ve1CcPfQMQ-_sg2ZkHXeEDW2Ve1CcPfQMQ-m_iddeadlineScore",
      "probability": 1,
      "from_file_path": "./Module",
      "from_class_or_interface_name": "Module",
      "from_class_or_interface_key": "_GpRwcXXeEDW2Ve1CcPfQMQ",
      "from_method_name": null,
      "from_method_key": null,
      "to_file_path": "./Modulesubmission",
      "to_class_or_interface_key": "_sg2ZkHXeEDW2Ve1CcPfQMQ",
      "to_class_or_interface_name": "Module",
      "to_method_key": null,
      "to_method_name": null,
      "data_clump_type": "fields_to_fields_data_clump",
      "data_clump_data": {
        "_4Tku0HXgEDW2Ve1CcPfQMQ": {
          "key": "_4Tku0HXgEDW2Ve1CcPfQMQ",
          "name": "m_id",
          "type": null,
          "probability": 1,
          "modifiers": [],
          "to_variable": {
            "key": "_67tOsHXgEDW2Ve1CcPfQMQ",
            "name": "m_id",
            "type": null,
            "modifiers": [],
            "position": {}
          },
          "position": {}
        },
        "_3mNdEHXhEDW2Ve1CcPfQMQ": {
          "key": "_3mNdEHXhEDW2Ve1CcPfQMQ",
          "name": "deadline",
          "type": null,
          "probability": 1,
          "modifiers": [],
          "to_variable": {
            "key": "_xpcHMHXiEDW2Ve1CcPfQMQ",
            "name": "deadline",
            "type": null,
            "modifiers": [],
            "position": {}
          },
          "position": {}
        },
        "_7CKKEHXiEDW2Ve1CcPfQMQ": {
          "key": "_7CKKEHXiEDW2Ve1CcPfQMQ",
          "name": "Score",
          "type": null,
          "probability": 1,
          "modifiers": [],
          "to_variable": {
            "key": "_-yJC0HXiEDW2Ve1CcPfQMQ",
            "name": "Score",
            "type": null,
            "modifiers": [],
            "position": {}
          },
          "position": {}
        }
      }
    },
    "fields_to_fields_data_clump-./Modulesubmission-_sg2ZkHXeEDW2Ve1CcPfQMQ-_GpRwcXXeEDW2Ve1CcPfQMQ-m_idScoredeadline": {
      "type": "data_clump",
      "key": "fields_to_fields_data_clump-./Modulesubmission-_sg2ZkHXeEDW2Ve1CcPfQMQ-_GpRwcXXeEDW2Ve1CcPfQMQ-m_idScoredeadline",
      "probability": 1,
      "from_file_path": "./Modulesubmission",
      "from_class_or_interface_name": "Modulesubmission",
      "from_class_or_interface_key": "_sg2ZkHXeEDW2Ve1CcPfQMQ",
      "from_method_name": null,
      "from_method_key": null,
      "to_file_path": "./Module",
      "to_class_or_interface_key": "_GpRwcXXeEDW2Ve1CcPfQMQ",
      "to_class_or_interface_name": "Modulesubmission",
      "to_method_key": null,
      "to_method_name": null,
      "data_clump_type": "fields_to_fields_data_clump",
      "data_clump_data": {
        "_67tOsHXgEDW2Ve1CcPfQMQ": {
          "key": "_67tOsHXgEDW2Ve1CcPfQMQ",
          "name": "m_id",
          "type": null,
          "probability": 1,
          "modifiers": [],
          "to_variable": {
            "key": "_4Tku0HXgEDW2Ve1CcPfQMQ",
            "name": "m_id",
            "type": null,
            "modifiers": [],
            "position": {}
          },
          "position": {}
        },
        "_-yJC0HXiEDW2Ve1CcPfQMQ": {
          "key": "_-yJC0HXiEDW2Ve1CcPfQMQ",
          "name": "Score",
          "type": null,
          "probability": 1,
          "modifiers": [],
          "to_variable": {
            "key": "_7CKKEHXiEDW2Ve1CcPfQMQ",
            "name": "Score",
            "type": null,
            "modifiers": [],
            "position": {}
          },
          "position": {}
        },
        "_xpcHMHXiEDW2Ve1CcPfQMQ": {
          "key": "_xpcHMHXiEDW2Ve1CcPfQMQ",
          "name": "deadline",
          "type": null,
          "probability": 1,
          "modifiers": [],
          "to_variable": {
            "key": "_3mNdEHXhEDW2Ve1CcPfQMQ",
            "name": "deadline",
            "type": null,
            "modifiers": [],
            "position": {}
          },
          "position": {}
        }
      }
    }
  }
}