{
  "report_version": "unknown",
  "report_timestamp": "2025-03-26T22:14:25.256Z",
  "target_language": "java",
  "report_summary": {
    "additional": null,
    "amount_classes_or_interfaces_with_data_clumps": 9,
    "amount_files_with_data_clumps": 9,
    "amount_methods_with_data_clumps": 0,
    "fields_to_fields_data_clump": 10,
    "parameters_to_fields_data_clump": 0,
    "parameters_to_parameters_data_clump": 0,
    "amount_data_clumps": 10
  },
  "project_info": {
    "project_url": "unknown_project_url",
    "project_name": "2eb170ad-485b-442a-ba23-06433f663198",
    "project_version": "unknown_project_version",
    "project_commit_hash": "unknown",
    "project_tag": null,
    "project_commit_date": null,
    "additional": {},
    "number_of_files": 20,
    "number_of_classes_or_interfaces": 20,
    "number_of_methods": 0,
    "number_of_data_fields": 81,
    "number_of_method_parameters": 0
  },
  "detector": {
    "name": "data-clumps-doctor",
    "url": "https://github.com/NilsBaumgartner1994/data-clumps-doctor",
    "version": "0.1.100",
    "options": {
      "typeVariablesConsidered": false,
      "similarityModifierOfVariablesWithUnknownType": 0,
      "fieldsOfClassesWithUnknownHierarchyProbabilityModifier": 0,
      "sharedFieldsToFieldsAmountMinimum": 3,
      "analyseFieldsInClassesOrInterfacesInheritedFromSuperClassesOrInterfaces": false,
      "sharedParametersToParametersAmountMinimum": 3,
      "sharedParametersToFieldsAmountMinimum": 3,
      "methodsOfClassesOrInterfacesWithUnknownHierarchyProbabilityModifier": 0
    }
  },
  "data_clumps": {
    "fields_to_fields_data_clump-./Blog-_MdbloAVsEDehV-8RwwTf1w-_UooOoQefEDeU6MWVrXLGJQ-publicacionesnombredescripcion": {
      "type": "data_clump",
      "key": "fields_to_fields_data_clump-./Blog-_MdbloAVsEDehV-8RwwTf1w-_UooOoQefEDeU6MWVrXLGJQ-publicacionesnombredescripcion",
      "probability": 1,
      "from_file_path": "./Blog",
      "from_class_or_interface_name": "Blog",
      "from_class_or_interface_key": "_MdbloAVsEDehV-8RwwTf1w",
      "from_method_name": null,
      "from_method_key": null,
      "to_file_path": "./BlogDTO",
      "to_class_or_interface_key": "_UooOoQefEDeU6MWVrXLGJQ",
      "to_class_or_interface_name": "Blog",
      "to_method_key": null,
      "to_method_name": null,
      "data_clump_type": "fields_to_fields_data_clump",
      "data_clump_data": {
        "_PwhuEQVsEDehV-8RwwTf1w": {
          "key": "_PwhuEQVsEDehV-8RwwTf1w",
          "name": "publicaciones",
          "type": null,
          "probability": 1,
          "modifiers": [
            "private"
          ],
          "to_variable": {
            "key": "_UooOogefEDeU6MWVrXLGJQ",
            "name": "publicaciones",
            "type": null,
            "modifiers": [
              "private"
            ],
            "position": {}
          },
          "position": {}
        },
        "_lN0UsQeeEDemx6oGG9neQg": {
          "key": "_lN0UsQeeEDemx6oGG9neQg",
          "name": "nombre",
          "type": null,
          "probability": 1,
          "modifiers": [
            "private"
          ],
          "to_variable": {
            "key": "_Uoo1sAefEDeU6MWVrXLGJQ",
            "name": "nombre",
            "type": null,
            "modifiers": [
              "private"
            ],
            "position": {}
          },
          "position": {}
        },
        "_rBoGYAeeEDemx6oGG9neQg": {
          "key": "_rBoGYAeeEDemx6oGG9neQg",
          "name": "descripcion",
          "type": null,
          "probability": 1,
          "modifiers": [
            "private"
          ],
          "to_variable": {
            "key": "_Uoo1sQefEDeU6MWVrXLGJQ",
            "name": "descripcion",
            "type": null,
            "modifiers": [
              "private"
            ],
            "position": {}
          },
          "position": {}
        }
      }
    },
    "fields_to_fields_data_clump-./BlogDTO-_UooOoQefEDeU6MWVrXLGJQ-_MdbloAVsEDehV-8RwwTf1w-publicacionesnombredescripcion": {
      "type": "data_clump",
      "key": "fields_to_fields_data_clump-./BlogDTO-_UooOoQefEDeU6MWVrXLGJQ-_MdbloAVsEDehV-8RwwTf1w-publicacionesnombredescripcion",
      "probability": 1,
      "from_file_path": "./BlogDTO",
      "from_class_or_interface_name": "BlogDTO",
      "from_class_or_interface_key": "_UooOoQefEDeU6MWVrXLGJQ",
      "from_method_name": null,
      "from_method_key": null,
      "to_file_path": "./Blog",
      "to_class_or_interface_key": "_MdbloAVsEDehV-8RwwTf1w",
      "to_class_or_interface_name": "BlogDTO",
      "to_method_key": null,
      "to_method_name": null,
      "data_clump_type": "fields_to_fields_data_clump",
      "data_clump_data": {
        "_UooOogefEDeU6MWVrXLGJQ": {
          "key": "_UooOogefEDeU6MWVrXLGJQ",
          "name": "publicaciones",
          "type": null,
          "probability": 1,
          "modifiers": [
            "private"
          ],
          "to_variable": {
            "key": "_PwhuEQVsEDehV-8RwwTf1w",
            "name": "publicaciones",
            "type": null,
            "modifiers": [
              "private"
            ],
            "position": {}
          },
          "position": {}
        },
        "_Uoo1sAefEDeU6MWVrXLGJQ": {
          "key": "_Uoo1sAefEDeU6MWVrXLGJQ",
          "name": "nombre",
          "type": null,
          "probability": 1,
          "modifiers": [
            "private"
          ],
          "to_variable": {
            "key": "_lN0UsQeeEDemx6oGG9neQg",
            "name": "nombre",
            "type": null,
            "modifiers": [
              "private"
            ],
            "position": {}
          },
          "position": {}
        },
        "_Uoo1sQefEDeU6MWVrXLGJQ": {
          "key": "_Uoo1sQefEDeU6MWVrXLGJQ",
          "name": "descripcion",
          "type": null,
          "probability": 1,
          "modifiers": [
            "private"
          ],
          "to_variable": {
            "key": "_rBoGYAeeEDemx6oGG9neQg",
            "name": "descripcion",
            "type": null,
            "modifiers": [
              "private"
            ],
            "position": {}
          },
          "position": {}
        }
      }
    },
    "fields_to_fields_data_clump-./Equipo-_o-FvEQUyEDehV-8RwwTf1w-_bf6TsAeYEDeFBedOIGiTqQ-miembroscoachnivel": {
      "type": "data_clump",
      "key": "fields_to_fields_data_clump-./Equipo-_o-FvEQUyEDehV-8RwwTf1w-_bf6TsAeYEDeFBedOIGiTqQ-miembroscoachnivel",
      "probability": 1,
      "from_file_path": "./Equipo",
      "from_class_or_interface_name": "Equipo",
      "from_class_or_interface_key": "_o-FvEQUyEDehV-8RwwTf1w",
      "from_method_name": null,
      "from_method_key": null,
      "to_file_path": "./EquipoDTO",
      "to_class_or_interface_key": "_bf6TsAeYEDeFBedOIGiTqQ",
      "to_class_or_interface_name": "Equipo",
      "to_method_key": null,
      "to_method_name": null,
      "data_clump_type": "fields_to_fields_data_clump",
      "data_clump_data": {
        "_9jXxAAUyEDehV-8RwwTf1w": {
          "key": "_9jXxAAUyEDehV-8RwwTf1w",
          "name": "miembros",
          "type": null,
          "probability": 1,
          "modifiers": [
            "private"
          ],
          "to_variable": {
            "key": "_bf6TsgeYEDeFBedOIGiTqQ",
            "name": "miembros",
            "type": null,
            "modifiers": [
              "private"
            ],
            "position": {}
          },
          "position": {}
        },
        "_KMhp4AUzEDehV-8RwwTf1w": {
          "key": "_KMhp4AUzEDehV-8RwwTf1w",
          "name": "coach",
          "type": null,
          "probability": 1,
          "modifiers": [
            "private"
          ],
          "to_variable": {
            "key": "_bf6TsweYEDeFBedOIGiTqQ",
            "name": "coach",
            "type": null,
            "modifiers": [
              "private"
            ],
            "position": {}
          },
          "position": {}
        },
        "_kvKTsQU2EDehV-8RwwTf1w": {
          "key": "_kvKTsQU2EDehV-8RwwTf1w",
          "name": "nivel",
          "type": null,
          "probability": 1,
          "modifiers": [
            "private"
          ],
          "to_variable": {
            "key": "_bf6TtAeYEDeFBedOIGiTqQ",
            "name": "nivel",
            "type": null,
            "modifiers": [
              "private"
            ],
            "position": {}
          },
          "position": {}
        }
      }
    },
    "fields_to_fields_data_clump-./EquipoDTO-_bf6TsAeYEDeFBedOIGiTqQ-_o-FvEQUyEDehV-8RwwTf1w-miembroscoachnivel": {
      "type": "data_clump",
      "key": "fields_to_fields_data_clump-./EquipoDTO-_bf6TsAeYEDeFBedOIGiTqQ-_o-FvEQUyEDehV-8RwwTf1w-miembroscoachnivel",
      "probability": 1,
      "from_file_path": "./EquipoDTO",
      "from_class_or_interface_name": "EquipoDTO",
      "from_class_or_interface_key": "_bf6TsAeYEDeFBedOIGiTqQ",
      "from_method_name": null,
      "from_method_key": null,
      "to_file_path": "./Equipo",
      "to_class_or_interface_key": "_o-FvEQUyEDehV-8RwwTf1w",
      "to_class_or_interface_name": "EquipoDTO",
      "to_method_key": null,
      "to_method_name": null,
      "data_clump_type": "fields_to_fields_data_clump",
      "data_clump_data": {
        "_bf6TsgeYEDeFBedOIGiTqQ": {
          "key": "_bf6TsgeYEDeFBedOIGiTqQ",
          "name": "miembros",
          "type": null,
          "probability": 1,
          "modifiers": [
            "private"
          ],
          "to_variable": {
            "key": "_9jXxAAUyEDehV-8RwwTf1w",
            "name": "miembros",
            "type": null,
            "modifiers": [
              "private"
            ],
            "position": {}
          },
          "position": {}
        },
        "_bf6TsweYEDeFBedOIGiTqQ": {
          "key": "_bf6TsweYEDeFBedOIGiTqQ",
          "name": "coach",
          "type": null,
          "probability": 1,
          "modifiers": [
            "private"
          ],
          "to_variable": {
            "key": "_KMhp4AUzEDehV-8RwwTf1w",
            "name": "coach",
            "type": null,
            "modifiers": [
              "private"
            ],
            "position": {}
          },
          "position": {}
        },
        "_bf6TtAeYEDeFBedOIGiTqQ": {
          "key": "_bf6TtAeYEDeFBedOIGiTqQ",
          "name": "nivel",
          "type": null,
          "probability": 1,
          "modifiers": [
            "private"
          ],
          "to_variable": {
            "key": "_kvKTsQU2EDehV-8RwwTf1w",
            "name": "nivel",
            "type": null,
            "modifiers": [
              "private"
            ],
            "position": {}
          },
          "position": {}
        }
      }
    },
    "fields_to_fields_data_clump-./Participante-_OT02cQUzEDehV-8RwwTf1w-_6iAmIQcREDeeJIPA8H5f7w-imagenlenguajespuntaje": {
      "type": "data_clump",
      "key": "fields_to_fields_data_clump-./Participante-_OT02cQUzEDehV-8RwwTf1w-_6iAmIQcREDeeJIPA8H5f7w-imagenlenguajespuntaje",
      "probability": 1,
      "from_file_path": "./Participante",
      "from_class_or_interface_name": "Participante",
      "from_class_or_interface_key": "_OT02cQUzEDehV-8RwwTf1w",
      "from_method_name": null,
      "from_method_key": null,
      "to_file_path": "./UsuarioDTO",
      "to_class_or_interface_key": "_6iAmIQcREDeeJIPA8H5f7w",
      "to_class_or_interface_name": "Participante",
      "to_method_key": null,
      "to_method_name": null,
      "data_clump_type": "fields_to_fields_data_clump",
      "data_clump_data": {
        "_jjIa4QU1EDehV-8RwwTf1w": {
          "key": "_jjIa4QU1EDehV-8RwwTf1w",
          "name": "imagen",
          "type": null,
          "probability": 1,
          "modifiers": [
            "private"
          ],
          "to_variable": {
            "key": "_ej-sMQeZEDeFBedOIGiTqQ",
            "name": "imagen",
            "type": null,
            "modifiers": [
              "private"
            ],
            "position": {}
          },
          "position": {}
        },
        "_sd4IUQU1EDehV-8RwwTf1w": {
          "key": "_sd4IUQU1EDehV-8RwwTf1w",
          "name": "lenguajes",
          "type": null,
          "probability": 1,
          "modifiers": [
            "private"
          ],
          "to_variable": {
            "key": "_ufKp4AcSEDeeJIPA8H5f7w",
            "name": "lenguajes",
            "type": null,
            "modifiers": [
              "private"
            ],
            "position": {}
          },
          "position": {}
        },
        "_WojTcAU4EDehV-8RwwTf1w": {
          "key": "_WojTcAU4EDehV-8RwwTf1w",
          "name": "puntaje",
          "type": null,
          "probability": 1,
          "modifiers": [
            "private"
          ],
          "to_variable": {
            "key": "_FIyEMAeZEDeFBedOIGiTqQ",
            "name": "puntaje",
            "type": null,
            "modifiers": [
              "private"
            ],
            "position": {}
          },
          "position": {}
        }
      }
    },
    "fields_to_fields_data_clump-./Submission-_H8rwkQfYEDe5XOuhyarJ7A-_iPYoUAfYEDe5XOuhyarJ7A-tiempoarchivofecha": {
      "type": "data_clump",
      "key": "fields_to_fields_data_clump-./Submission-_H8rwkQfYEDe5XOuhyarJ7A-_iPYoUAfYEDe5XOuhyarJ7A-tiempoarchivofecha",
      "probability": 1,
      "from_file_path": "./Submission",
      "from_class_or_interface_name": "Submission",
      "from_class_or_interface_key": "_H8rwkQfYEDe5XOuhyarJ7A",
      "from_method_name": null,
      "from_method_key": null,
      "to_file_path": "./SubmissionDTO",
      "to_class_or_interface_key": "_iPYoUAfYEDe5XOuhyarJ7A",
      "to_class_or_interface_name": "Submission",
      "to_method_key": null,
      "to_method_name": null,
      "data_clump_type": "fields_to_fields_data_clump",
      "data_clump_data": {
        "_JGvv8QfYEDe5XOuhyarJ7A": {
          "key": "_JGvv8QfYEDe5XOuhyarJ7A",
          "name": "tiempo",
          "type": null,
          "probability": 1,
          "modifiers": [
            "private"
          ],
          "to_variable": {
            "key": "_iPZPYAfYEDe5XOuhyarJ7A",
            "name": "tiempo",
            "type": null,
            "modifiers": [
              "private"
            ],
            "position": {}
          },
          "position": {}
        },
        "_RX8KEQfYEDe5XOuhyarJ7A": {
          "key": "_RX8KEQfYEDe5XOuhyarJ7A",
          "name": "archivo",
          "type": null,
          "probability": 1,
          "modifiers": [
            "private"
          ],
          "to_variable": {
            "key": "_iPZPYgfYEDe5XOuhyarJ7A",
            "name": "archivo",
            "type": null,
            "modifiers": [
              "private"
            ],
            "position": {}
          },
          "position": {}
        },
        "_UwUbIAfYEDe5XOuhyarJ7A": {
          "key": "_UwUbIAfYEDe5XOuhyarJ7A",
          "name": "fecha",
          "type": null,
          "probability": 1,
          "modifiers": [
            "private"
          ],
          "to_variable": {
            "key": "_iPZPYwfYEDe5XOuhyarJ7A",
            "name": "fecha",
            "type": null,
            "modifiers": [
              "private"
            ],
            "position": {}
          },
          "position": {}
        }
      }
    },
    "fields_to_fields_data_clump-./SubmissionDTO-_iPYoUAfYEDe5XOuhyarJ7A-_H8rwkQfYEDe5XOuhyarJ7A-tiempoarchivofecha": {
      "type": "data_clump",
      "key": "fields_to_fields_data_clump-./SubmissionDTO-_iPYoUAfYEDe5XOuhyarJ7A-_H8rwkQfYEDe5XOuhyarJ7A-tiempoarchivofecha",
      "probability": 1,
      "from_file_path": "./SubmissionDTO",
      "from_class_or_interface_name": "SubmissionDTO",
      "from_class_or_interface_key": "_iPYoUAfYEDe5XOuhyarJ7A",
      "from_method_name": null,
      "from_method_key": null,
      "to_file_path": "./Submission",
      "to_class_or_interface_key": "_H8rwkQfYEDe5XOuhyarJ7A",
      "to_class_or_interface_name": "SubmissionDTO",
      "to_method_key": null,
      "to_method_name": null,
      "data_clump_type": "fields_to_fields_data_clump",
      "data_clump_data": {
        "_iPZPYAfYEDe5XOuhyarJ7A": {
          "key": "_iPZPYAfYEDe5XOuhyarJ7A",
          "name": "tiempo",
          "type": null,
          "probability": 1,
          "modifiers": [
            "private"
          ],
          "to_variable": {
            "key": "_JGvv8QfYEDe5XOuhyarJ7A",
            "name": "tiempo",
            "type": null,
            "modifiers": [
              "private"
            ],
            "position": {}
          },
          "position": {}
        },
        "_iPZPYgfYEDe5XOuhyarJ7A": {
          "key": "_iPZPYgfYEDe5XOuhyarJ7A",
          "name": "archivo",
          "type": null,
          "probability": 1,
          "modifiers": [
            "private"
          ],
          "to_variable": {
            "key": "_RX8KEQfYEDe5XOuhyarJ7A",
            "name": "archivo",
            "type": null,
            "modifiers": [
              "private"
            ],
            "position": {}
          },
          "position": {}
        },
        "_iPZPYwfYEDe5XOuhyarJ7A": {
          "key": "_iPZPYwfYEDe5XOuhyarJ7A",
          "name": "fecha",
          "type": null,
          "probability": 1,
          "modifiers": [
            "private"
          ],
          "to_variable": {
            "key": "_UwUbIAfYEDe5XOuhyarJ7A",
            "name": "fecha",
            "type": null,
            "modifiers": [
              "private"
            ],
            "position": {}
          },
          "position": {}
        }
      }
    },
    "fields_to_fields_data_clump-./Usuario-_WhxIQQUzEDehV-8RwwTf1w-_6iAmIQcREDeeJIPA8H5f7w-rolusuarioclave": {
      "type": "data_clump",
      "key": "fields_to_fields_data_clump-./Usuario-_WhxIQQUzEDehV-8RwwTf1w-_6iAmIQcREDeeJIPA8H5f7w-rolusuarioclave",
      "probability": 1,
      "from_file_path": "./Usuario",
      "from_class_or_interface_name": "Usuario",
      "from_class_or_interface_key": "_WhxIQQUzEDehV-8RwwTf1w",
      "from_method_name": null,
      "from_method_key": null,
      "to_file_path": "./UsuarioDTO",
      "to_class_or_interface_key": "_6iAmIQcREDeeJIPA8H5f7w",
      "to_class_or_interface_name": "Usuario",
      "to_method_key": null,
      "to_method_name": null,
      "data_clump_type": "fields_to_fields_data_clump",
      "data_clump_data": {
        "_dIEt4AUzEDehV-8RwwTf1w": {
          "key": "_dIEt4AUzEDehV-8RwwTf1w",
          "name": "rol",
          "type": null,
          "probability": 1,
          "modifiers": [
            "private"
          ],
          "to_variable": {
            "key": "_M4wT8AcSEDeeJIPA8H5f7w",
            "name": "rol",
            "type": null,
            "modifiers": [
              "private"
            ],
            "position": {}
          },
          "position": {}
        },
        "_8e0uUAUzEDehV-8RwwTf1w": {
          "key": "_8e0uUAUzEDehV-8RwwTf1w",
          "name": "usuario",
          "type": null,
          "probability": 1,
          "modifiers": [
            "private"
          ],
          "to_variable": {
            "key": "_z3hGMQfkEDe5XOuhyarJ7A",
            "name": "usuario",
            "type": null,
            "modifiers": [
              "private"
            ],
            "position": {}
          },
          "position": {}
        },
        "_9vg6IAUzEDehV-8RwwTf1w": {
          "key": "_9vg6IAUzEDehV-8RwwTf1w",
          "name": "clave",
          "type": null,
          "probability": 1,
          "modifiers": [
            "private"
          ],
          "to_variable": {
            "key": "_zAwkUQeXEDeFBedOIGiTqQ",
            "name": "clave",
            "type": null,
            "modifiers": [
              "private"
            ],
            "position": {}
          },
          "position": {}
        }
      }
    },
    "fields_to_fields_data_clump-./UsuarioDTO-_6iAmIQcREDeeJIPA8H5f7w-_OT02cQUzEDehV-8RwwTf1w-lenguajesimagenpuntaje": {
      "type": "data_clump",
      "key": "fields_to_fields_data_clump-./UsuarioDTO-_6iAmIQcREDeeJIPA8H5f7w-_OT02cQUzEDehV-8RwwTf1w-lenguajesimagenpuntaje",
      "probability": 1,
      "from_file_path": "./UsuarioDTO",
      "from_class_or_interface_name": "UsuarioDTO",
      "from_class_or_interface_key": "_6iAmIQcREDeeJIPA8H5f7w",
      "from_method_name": null,
      "from_method_key": null,
      "to_file_path": "./Participante",
      "to_class_or_interface_key": "_OT02cQUzEDehV-8RwwTf1w",
      "to_class_or_interface_name": "UsuarioDTO",
      "to_method_key": null,
      "to_method_name": null,
      "data_clump_type": "fields_to_fields_data_clump",
      "data_clump_data": {
        "_ufKp4AcSEDeeJIPA8H5f7w": {
          "key": "_ufKp4AcSEDeeJIPA8H5f7w",
          "name": "lenguajes",
          "type": null,
          "probability": 1,
          "modifiers": [
            "private"
          ],
          "to_variable": {
            "key": "_sd4IUQU1EDehV-8RwwTf1w",
            "name": "lenguajes",
            "type": null,
            "modifiers": [
              "private"
            ],
            "position": {}
          },
          "position": {}
        },
        "_ej-sMQeZEDeFBedOIGiTqQ": {
          "key": "_ej-sMQeZEDeFBedOIGiTqQ",
          "name": "imagen",
          "type": null,
          "probability": 1,
          "modifiers": [
            "private"
          ],
          "to_variable": {
            "key": "_jjIa4QU1EDehV-8RwwTf1w",
            "name": "imagen",
            "type": null,
            "modifiers": [
              "private"
            ],
            "position": {}
          },
          "position": {}
        },
        "_FIyEMAeZEDeFBedOIGiTqQ": {
          "key": "_FIyEMAeZEDeFBedOIGiTqQ",
          "name": "puntaje",
          "type": null,
          "probability": 1,
          "modifiers": [
            "private"
          ],
          "to_variable": {
            "key": "_WojTcAU4EDehV-8RwwTf1w",
            "name": "puntaje",
            "type": null,
            "modifiers": [
              "private"
            ],
            "position": {}
          },
          "position": {}
        }
      }
    },
    "fields_to_fields_data_clump-./UsuarioDTO-_6iAmIQcREDeeJIPA8H5f7w-_WhxIQQUzEDehV-8RwwTf1w-rolusuarioclave": {
      "type": "data_clump",
      "key": "fields_to_fields_data_clump-./UsuarioDTO-_6iAmIQcREDeeJIPA8H5f7w-_WhxIQQUzEDehV-8RwwTf1w-rolusuarioclave",
      "probability": 1,
      "from_file_path": "./UsuarioDTO",
      "from_class_or_interface_name": "UsuarioDTO",
      "from_class_or_interface_key": "_6iAmIQcREDeeJIPA8H5f7w",
      "from_method_name": null,
      "from_method_key": null,
      "to_file_path": "./Usuario",
      "to_class_or_interface_key": "_WhxIQQUzEDehV-8RwwTf1w",
      "to_class_or_interface_name": "UsuarioDTO",
      "to_method_key": null,
      "to_method_name": null,
      "data_clump_type": "fields_to_fields_data_clump",
      "data_clump_data": {
        "_M4wT8AcSEDeeJIPA8H5f7w": {
          "key": "_M4wT8AcSEDeeJIPA8H5f7w",
          "name": "rol",
          "type": null,
          "probability": 1,
          "modifiers": [
            "private"
          ],
          "to_variable": {
            "key": "_dIEt4AUzEDehV-8RwwTf1w",
            "name": "rol",
            "type": null,
            "modifiers": [
              "private"
            ],
            "position": {}
          },
          "position": {}
        },
        "_z3hGMQfkEDe5XOuhyarJ7A": {
          "key": "_z3hGMQfkEDe5XOuhyarJ7A",
          "name": "usuario",
          "type": null,
          "probability": 1,
          "modifiers": [
            "private"
          ],
          "to_variable": {
            "key": "_8e0uUAUzEDehV-8RwwTf1w",
            "name": "usuario",
            "type": null,
            "modifiers": [
              "private"
            ],
            "position": {}
          },
          "position": {}
        },
        "_zAwkUQeXEDeFBedOIGiTqQ": {
          "key": "_zAwkUQeXEDeFBedOIGiTqQ",
          "name": "clave",
          "type": null,
          "probability": 1,
          "modifiers": [
            "private"
          ],
          "to_variable": {
            "key": "_9vg6IAUzEDehV-8RwwTf1w",
            "name": "clave",
            "type": null,
            "modifiers": [
              "private"
            ],
            "position": {}
          },
          "position": {}
        }
      }
    }
  }
}