{
  "report_version": "unknown",
  "report_timestamp": "2025-03-26T22:29:35.119Z",
  "target_language": "java",
  "report_summary": {
    "additional": null,
    "amount_classes_or_interfaces_with_data_clumps": 2,
    "amount_files_with_data_clumps": 2,
    "amount_methods_with_data_clumps": 0,
    "fields_to_fields_data_clump": 2,
    "parameters_to_fields_data_clump": 0,
    "parameters_to_parameters_data_clump": 0,
    "amount_data_clumps": 2
  },
  "project_info": {
    "project_url": "unknown_project_url",
    "project_name": "_WzblgKsFEeeEQN1ZyOr-_g",
    "project_version": "unknown_project_version",
    "project_commit_hash": "unknown",
    "project_tag": null,
    "project_commit_date": null,
    "additional": {},
    "number_of_files": 9,
    "number_of_classes_or_interfaces": 9,
    "number_of_methods": 0,
    "number_of_data_fields": 49,
    "number_of_method_parameters": 0
  },
  "detector": {
    "name": "data-clumps-doctor",
    "url": "https://github.com/NilsBaumgartner1994/data-clumps-doctor",
    "version": "0.1.100",
    "options": {
      "typeVariablesConsidered": false,
      "similarityModifierOfVariablesWithUnknownType": 0,
      "fieldsOfClassesWithUnknownHierarchyProbabilityModifier": 0,
      "sharedFieldsToFieldsAmountMinimum": 3,
      "analyseFieldsInClassesOrInterfacesInheritedFromSuperClassesOrInterfaces": false,
      "sharedParametersToParametersAmountMinimum": 3,
      "sharedParametersToFieldsAmountMinimum": 3,
      "methodsOfClassesOrInterfacesWithUnknownHierarchyProbabilityModifier": 0
    }
  },
  "data_clumps": {
    "fields_to_fields_data_clump-./Cliente-_CI7ZII00EDWPGIfcvYoCCg-_xs-SII01EDWPGIfcvYoCCg-direccionciudadtelefonocorreoElect": {
      "type": "data_clump",
      "key": "fields_to_fields_data_clump-./Cliente-_CI7ZII00EDWPGIfcvYoCCg-_xs-SII01EDWPGIfcvYoCCg-direccionciudadtelefonocorreoElect",
      "probability": 1,
      "from_file_path": "./Cliente",
      "from_class_or_interface_name": "Cliente",
      "from_class_or_interface_key": "_CI7ZII00EDWPGIfcvYoCCg",
      "from_method_name": null,
      "from_method_key": null,
      "to_file_path": "./Empleado",
      "to_class_or_interface_key": "_xs-SII01EDWPGIfcvYoCCg",
      "to_class_or_interface_name": "Cliente",
      "to_method_key": null,
      "to_method_name": null,
      "data_clump_type": "fields_to_fields_data_clump",
      "data_clump_data": {
        "_r0g_EI03EDWPGIfcvYoCCg": {
          "key": "_r0g_EI03EDWPGIfcvYoCCg",
          "name": "direccion",
          "type": null,
          "probability": 1,
          "modifiers": [
            "public"
          ],
          "to_variable": {
            "key": "_IndmAI04EDWPGIfcvYoCCg",
            "name": "direccion",
            "type": null,
            "modifiers": [
              "public"
            ],
            "position": {}
          },
          "position": {}
        },
        "_vobVkI03EDWPGIfcvYoCCg": {
          "key": "_vobVkI03EDWPGIfcvYoCCg",
          "name": "ciudad",
          "type": null,
          "probability": 1,
          "modifiers": [
            "public"
          ],
          "to_variable": {
            "key": "_L0SuYI04EDWPGIfcvYoCCg",
            "name": "ciudad",
            "type": null,
            "modifiers": [
              "public"
            ],
            "position": {}
          },
          "position": {}
        },
        "_8Z1LgI03EDWPGIfcvYoCCg": {
          "key": "_8Z1LgI03EDWPGIfcvYoCCg",
          "name": "telefono",
          "type": null,
          "probability": 1,
          "modifiers": [
            "public"
          ],
          "to_variable": {
            "key": "_SUqrII04EDWPGIfcvYoCCg",
            "name": "telefono",
            "type": null,
            "modifiers": [
              "public"
            ],
            "position": {}
          },
          "position": {}
        },
        "_DC38EI04EDWPGIfcvYoCCg": {
          "key": "_DC38EI04EDWPGIfcvYoCCg",
          "name": "correoElect",
          "type": null,
          "probability": 1,
          "modifiers": [],
          "to_variable": {
            "key": "_VTAEgI04EDWPGIfcvYoCCg",
            "name": "correoElect",
            "type": null,
            "modifiers": [],
            "position": {}
          },
          "position": {}
        }
      }
    },
    "fields_to_fields_data_clump-./Empleado-_xs-SII01EDWPGIfcvYoCCg-_CI7ZII00EDWPGIfcvYoCCg-direccionciudadtelefonocorreoElect": {
      "type": "data_clump",
      "key": "fields_to_fields_data_clump-./Empleado-_xs-SII01EDWPGIfcvYoCCg-_CI7ZII00EDWPGIfcvYoCCg-direccionciudadtelefonocorreoElect",
      "probability": 1,
      "from_file_path": "./Empleado",
      "from_class_or_interface_name": "Empleado",
      "from_class_or_interface_key": "_xs-SII01EDWPGIfcvYoCCg",
      "from_method_name": null,
      "from_method_key": null,
      "to_file_path": "./Cliente",
      "to_class_or_interface_key": "_CI7ZII00EDWPGIfcvYoCCg",
      "to_class_or_interface_name": "Empleado",
      "to_method_key": null,
      "to_method_name": null,
      "data_clump_type": "fields_to_fields_data_clump",
      "data_clump_data": {
        "_IndmAI04EDWPGIfcvYoCCg": {
          "key": "_IndmAI04EDWPGIfcvYoCCg",
          "name": "direccion",
          "type": null,
          "probability": 1,
          "modifiers": [
            "public"
          ],
          "to_variable": {
            "key": "_r0g_EI03EDWPGIfcvYoCCg",
            "name": "direccion",
            "type": null,
            "modifiers": [
              "public"
            ],
            "position": {}
          },
          "position": {}
        },
        "_L0SuYI04EDWPGIfcvYoCCg": {
          "key": "_L0SuYI04EDWPGIfcvYoCCg",
          "name": "ciudad",
          "type": null,
          "probability": 1,
          "modifiers": [
            "public"
          ],
          "to_variable": {
            "key": "_vobVkI03EDWPGIfcvYoCCg",
            "name": "ciudad",
            "type": null,
            "modifiers": [
              "public"
            ],
            "position": {}
          },
          "position": {}
        },
        "_SUqrII04EDWPGIfcvYoCCg": {
          "key": "_SUqrII04EDWPGIfcvYoCCg",
          "name": "telefono",
          "type": null,
          "probability": 1,
          "modifiers": [
            "public"
          ],
          "to_variable": {
            "key": "_8Z1LgI03EDWPGIfcvYoCCg",
            "name": "telefono",
            "type": null,
            "modifiers": [
              "public"
            ],
            "position": {}
          },
          "position": {}
        },
        "_VTAEgI04EDWPGIfcvYoCCg": {
          "key": "_VTAEgI04EDWPGIfcvYoCCg",
          "name": "correoElect",
          "type": null,
          "probability": 1,
          "modifiers": [],
          "to_variable": {
            "key": "_DC38EI04EDWPGIfcvYoCCg",
            "name": "correoElect",
            "type": null,
            "modifiers": [],
            "position": {}
          },
          "position": {}
        }
      }
    }
  }
}