{
  "report_version": "unknown",
  "report_timestamp": "2025-03-26T22:32:42.539Z",
  "target_language": "java",
  "report_summary": {
    "additional": null,
    "amount_classes_or_interfaces_with_data_clumps": 2,
    "amount_files_with_data_clumps": 2,
    "amount_methods_with_data_clumps": 0,
    "fields_to_fields_data_clump": 2,
    "parameters_to_fields_data_clump": 0,
    "parameters_to_parameters_data_clump": 0,
    "amount_data_clumps": 2
  },
  "project_info": {
    "project_url": "unknown_project_url",
    "project_name": "3cfbb3fa-cb35-4a29-920c-913eecc922b1",
    "project_version": "unknown_project_version",
    "project_commit_hash": "unknown",
    "project_tag": null,
    "project_commit_date": null,
    "additional": {},
    "number_of_files": 3,
    "number_of_classes_or_interfaces": 3,
    "number_of_methods": 0,
    "number_of_data_fields": 17,
    "number_of_method_parameters": 0
  },
  "detector": {
    "name": "data-clumps-doctor",
    "url": "https://github.com/NilsBaumgartner1994/data-clumps-doctor",
    "version": "0.1.100",
    "options": {
      "typeVariablesConsidered": false,
      "similarityModifierOfVariablesWithUnknownType": 0,
      "fieldsOfClassesWithUnknownHierarchyProbabilityModifier": 0,
      "sharedFieldsToFieldsAmountMinimum": 3,
      "analyseFieldsInClassesOrInterfacesInheritedFromSuperClassesOrInterfaces": false,
      "sharedParametersToParametersAmountMinimum": 3,
      "sharedParametersToFieldsAmountMinimum": 3,
      "methodsOfClassesOrInterfacesWithUnknownHierarchyProbabilityModifier": 0
    }
  },
  "data_clumps": {
    "fields_to_fields_data_clump-./LECTURER-_ghqcsAR9EDW1pesP7wtlAg-_1cz2YAR8EDW1pesP7wtlAg-IDNAMETELEMAILPASSWORD": {
      "type": "data_clump",
      "key": "fields_to_fields_data_clump-./LECTURER-_ghqcsAR9EDW1pesP7wtlAg-_1cz2YAR8EDW1pesP7wtlAg-IDNAMETELEMAILPASSWORD",
      "probability": 1,
      "from_file_path": "./LECTURER",
      "from_class_or_interface_name": "LECTURER",
      "from_class_or_interface_key": "_ghqcsAR9EDW1pesP7wtlAg",
      "from_method_name": null,
      "from_method_key": null,
      "to_file_path": "./STUDENT",
      "to_class_or_interface_key": "_1cz2YAR8EDW1pesP7wtlAg",
      "to_class_or_interface_name": "LECTURER",
      "to_method_key": null,
      "to_method_name": null,
      "data_clump_type": "fields_to_fields_data_clump",
      "data_clump_data": {
        "_iNlzAAR9EDW1pesP7wtlAg": {
          "key": "_iNlzAAR9EDW1pesP7wtlAg",
          "name": "ID",
          "type": null,
          "probability": 1,
          "modifiers": [],
          "to_variable": {
            "key": "_36RXUAR8EDW1pesP7wtlAg",
            "name": "ID",
            "type": null,
            "modifiers": [],
            "position": {}
          },
          "position": {}
        },
        "_vqUd4AR9EDW1pesP7wtlAg": {
          "key": "_vqUd4AR9EDW1pesP7wtlAg",
          "name": "NAME",
          "type": null,
          "probability": 1,
          "modifiers": [],
          "to_variable": {
            "key": "_6mrTMAR8EDW1pesP7wtlAg",
            "name": "NAME",
            "type": null,
            "modifiers": [],
            "position": {}
          },
          "position": {}
        },
        "_m1v0cAR-EDW1pesP7wtlAg": {
          "key": "_m1v0cAR-EDW1pesP7wtlAg",
          "name": "TEL",
          "type": null,
          "probability": 1,
          "modifiers": [],
          "to_variable": {
            "key": "_Ib1sMAR9EDW1pesP7wtlAg",
            "name": "TEL",
            "type": null,
            "modifiers": [],
            "position": {}
          },
          "position": {}
        },
        "_oo3X4AR-EDW1pesP7wtlAg": {
          "key": "_oo3X4AR-EDW1pesP7wtlAg",
          "name": "EMAIL",
          "type": null,
          "probability": 1,
          "modifiers": [],
          "to_variable": {
            "key": "_aY7j4AR9EDW1pesP7wtlAg",
            "name": "EMAIL",
            "type": null,
            "modifiers": [],
            "position": {}
          },
          "position": {}
        },
        "_qxl-8AR-EDW1pesP7wtlAg": {
          "key": "_qxl-8AR-EDW1pesP7wtlAg",
          "name": "PASSWORD",
          "type": null,
          "probability": 1,
          "modifiers": [],
          "to_variable": {
            "key": "_dHbxgAR9EDW1pesP7wtlAg",
            "name": "PASSWORD",
            "type": null,
            "modifiers": [],
            "position": {}
          },
          "position": {}
        }
      }
    },
    "fields_to_fields_data_clump-./STUDENT-_1cz2YAR8EDW1pesP7wtlAg-_ghqcsAR9EDW1pesP7wtlAg-IDNAMETELEMAILPASSWORD": {
      "type": "data_clump",
      "key": "fields_to_fields_data_clump-./STUDENT-_1cz2YAR8EDW1pesP7wtlAg-_ghqcsAR9EDW1pesP7wtlAg-IDNAMETELEMAILPASSWORD",
      "probability": 1,
      "from_file_path": "./STUDENT",
      "from_class_or_interface_name": "STUDENT",
      "from_class_or_interface_key": "_1cz2YAR8EDW1pesP7wtlAg",
      "from_method_name": null,
      "from_method_key": null,
      "to_file_path": "./LECTURER",
      "to_class_or_interface_key": "_ghqcsAR9EDW1pesP7wtlAg",
      "to_class_or_interface_name": "STUDENT",
      "to_method_key": null,
      "to_method_name": null,
      "data_clump_type": "fields_to_fields_data_clump",
      "data_clump_data": {
        "_36RXUAR8EDW1pesP7wtlAg": {
          "key": "_36RXUAR8EDW1pesP7wtlAg",
          "name": "ID",
          "type": null,
          "probability": 1,
          "modifiers": [],
          "to_variable": {
            "key": "_iNlzAAR9EDW1pesP7wtlAg",
            "name": "ID",
            "type": null,
            "modifiers": [],
            "position": {}
          },
          "position": {}
        },
        "_6mrTMAR8EDW1pesP7wtlAg": {
          "key": "_6mrTMAR8EDW1pesP7wtlAg",
          "name": "NAME",
          "type": null,
          "probability": 1,
          "modifiers": [],
          "to_variable": {
            "key": "_vqUd4AR9EDW1pesP7wtlAg",
            "name": "NAME",
            "type": null,
            "modifiers": [],
            "position": {}
          },
          "position": {}
        },
        "_Ib1sMAR9EDW1pesP7wtlAg": {
          "key": "_Ib1sMAR9EDW1pesP7wtlAg",
          "name": "TEL",
          "type": null,
          "probability": 1,
          "modifiers": [],
          "to_variable": {
            "key": "_m1v0cAR-EDW1pesP7wtlAg",
            "name": "TEL",
            "type": null,
            "modifiers": [],
            "position": {}
          },
          "position": {}
        },
        "_aY7j4AR9EDW1pesP7wtlAg": {
          "key": "_aY7j4AR9EDW1pesP7wtlAg",
          "name": "EMAIL",
          "type": null,
          "probability": 1,
          "modifiers": [],
          "to_variable": {
            "key": "_oo3X4AR-EDW1pesP7wtlAg",
            "name": "EMAIL",
            "type": null,
            "modifiers": [],
            "position": {}
          },
          "position": {}
        },
        "_dHbxgAR9EDW1pesP7wtlAg": {
          "key": "_dHbxgAR9EDW1pesP7wtlAg",
          "name": "PASSWORD",
          "type": null,
          "probability": 1,
          "modifiers": [],
          "to_variable": {
            "key": "_qxl-8AR-EDW1pesP7wtlAg",
            "name": "PASSWORD",
            "type": null,
            "modifiers": [],
            "position": {}
          },
          "position": {}
        }
      }
    }
  }
}