{
  "report_version": "unknown",
  "report_timestamp": "2025-03-26T21:41:52.242Z",
  "target_language": "java",
  "report_summary": {
    "additional": null,
    "amount_classes_or_interfaces_with_data_clumps": 7,
    "amount_files_with_data_clumps": 7,
    "amount_methods_with_data_clumps": 7,
    "fields_to_fields_data_clump": 2,
    "parameters_to_fields_data_clump": 0,
    "parameters_to_parameters_data_clump": 42,
    "amount_data_clumps": 44
  },
  "project_info": {
    "project_url": "unknown_project_url",
    "project_name": "_24zFMALtEeeIELdXub6nbA",
    "project_version": "unknown_project_version",
    "project_commit_hash": "unknown",
    "project_tag": null,
    "project_commit_date": null,
    "additional": {},
    "number_of_files": 15,
    "number_of_classes_or_interfaces": 15,
    "number_of_methods": 80,
    "number_of_data_fields": 75,
    "number_of_method_parameters": 47
  },
  "detector": {
    "name": "data-clumps-doctor",
    "url": "https://github.com/NilsBaumgartner1994/data-clumps-doctor",
    "version": "0.1.100",
    "options": {
      "typeVariablesConsidered": false,
      "similarityModifierOfVariablesWithUnknownType": 0,
      "fieldsOfClassesWithUnknownHierarchyProbabilityModifier": 0,
      "sharedFieldsToFieldsAmountMinimum": 3,
      "analyseFieldsInClassesOrInterfacesInheritedFromSuperClassesOrInterfaces": false,
      "sharedParametersToParametersAmountMinimum": 3,
      "sharedParametersToFieldsAmountMinimum": 3,
      "methodsOfClassesOrInterfacesWithUnknownHierarchyProbabilityModifier": 0
    }
  },
  "data_clumps": {
    "parameters_to_parameters_data_clump-./Bullet-_nZnx0fDbEDS0iJ-JmgZvmg-_4PLQwOa2EDSR_IS9IcGCCQ-parameterparameter2parameter3": {
      "type": "data_clump",
      "key": "parameters_to_parameters_data_clump-./Bullet-_nZnx0fDbEDS0iJ-JmgZvmg-_4PLQwOa2EDSR_IS9IcGCCQ-parameterparameter2parameter3",
      "probability": 1,
      "from_file_path": "./Bullet",
      "from_class_or_interface_name": "Bullet",
      "from_class_or_interface_key": "_UNU8EPDbEDS0iJ-JmgZvmg",
      "from_method_name": "Bullet",
      "from_method_key": "_nZnx0fDbEDS0iJ-JmgZvmg",
      "to_file_path": "./Coin",
      "to_class_or_interface_name": "Coin",
      "to_class_or_interface_key": "_ShmZoOUgEDS2d5IOJlTaeQ",
      "to_method_name": "Coin",
      "to_method_key": "_4PLQwOa2EDSR_IS9IcGCCQ",
      "data_clump_type": "parameters_to_parameters_data_clump",
      "data_clump_data": {
        "_PY8KkPDcEDS0iJ-JmgZvmg": {
          "key": "_PY8KkPDcEDS0iJ-JmgZvmg",
          "name": "parameter",
          "type": null,
          "probability": 1,
          "modifiers": [],
          "to_variable": {
            "key": "__J6OQOa2EDSR_IS9IcGCCQ",
            "name": "parameter",
            "type": null,
            "modifiers": [],
            "position": {}
          },
          "position": {}
        },
        "_Plv3gPDcEDS0iJ-JmgZvmg": {
          "key": "_Plv3gPDcEDS0iJ-JmgZvmg",
          "name": "parameter2",
          "type": null,
          "probability": 1,
          "modifiers": [],
          "to_variable": {
            "key": "__Wl_YOa2EDSR_IS9IcGCCQ",
            "name": "parameter2",
            "type": null,
            "modifiers": [],
            "position": {}
          },
          "position": {}
        },
        "_P9K5APDcEDS0iJ-JmgZvmg": {
          "key": "_P9K5APDcEDS0iJ-JmgZvmg",
          "name": "parameter3",
          "type": null,
          "probability": 1,
          "modifiers": [],
          "to_variable": {
            "key": "__hK3sOa2EDSR_IS9IcGCCQ",
            "name": "parameter3",
            "type": null,
            "modifiers": [],
            "position": {}
          },
          "position": {}
        }
      }
    },
    "parameters_to_parameters_data_clump-./Bullet-_nZnx0fDbEDS0iJ-JmgZvmg-_8XfPQeUcEDS2d5IOJlTaeQ-parameterparameter2parameter3": {
      "type": "data_clump",
      "key": "parameters_to_parameters_data_clump-./Bullet-_nZnx0fDbEDS0iJ-JmgZvmg-_8XfPQeUcEDS2d5IOJlTaeQ-parameterparameter2parameter3",
      "probability": 1,
      "from_file_path": "./Bullet",
      "from_class_or_interface_name": "Bullet",
      "from_class_or_interface_key": "_UNU8EPDbEDS0iJ-JmgZvmg",
      "from_method_name": "Bullet",
      "from_method_key": "_nZnx0fDbEDS0iJ-JmgZvmg",
      "to_file_path": "./Enemy",
      "to_class_or_interface_name": "Enemy",
      "to_class_or_interface_key": "_jBJSEOUcEDS2d5IOJlTaeQ",
      "to_method_name": "Enemy",
      "to_method_key": "_8XfPQeUcEDS2d5IOJlTaeQ",
      "data_clump_type": "parameters_to_parameters_data_clump",
      "data_clump_data": {
        "_PY8KkPDcEDS0iJ-JmgZvmg": {
          "key": "_PY8KkPDcEDS0iJ-JmgZvmg",
          "name": "parameter",
          "type": null,
          "probability": 1,
          "modifiers": [],
          "to_variable": {
            "key": "_BA0x4OUdEDS2d5IOJlTaeQ",
            "name": "parameter",
            "type": null,
            "modifiers": [],
            "position": {}
          },
          "position": {}
        },
        "_Plv3gPDcEDS0iJ-JmgZvmg": {
          "key": "_Plv3gPDcEDS0iJ-JmgZvmg",
          "name": "parameter2",
          "type": null,
          "probability": 1,
          "modifiers": [],
          "to_variable": {
            "key": "_BOPi0OUdEDS2d5IOJlTaeQ",
            "name": "parameter2",
            "type": null,
            "modifiers": [],
            "position": {}
          },
          "position": {}
        },
        "_P9K5APDcEDS0iJ-JmgZvmg": {
          "key": "_P9K5APDcEDS0iJ-JmgZvmg",
          "name": "parameter3",
          "type": null,
          "probability": 1,
          "modifiers": [],
          "to_variable": {
            "key": "_DgcO8OUdEDS2d5IOJlTaeQ",
            "name": "parameter3",
            "type": null,
            "modifiers": [],
            "position": {}
          },
          "position": {}
        }
      }
    },
    "parameters_to_parameters_data_clump-./Bullet-_nZnx0fDbEDS0iJ-JmgZvmg-_M20eBvDaEDS0iJ-JmgZvmg-parameterparameter2parameter3": {
      "type": "data_clump",
      "key": "parameters_to_parameters_data_clump-./Bullet-_nZnx0fDbEDS0iJ-JmgZvmg-_M20eBvDaEDS0iJ-JmgZvmg-parameterparameter2parameter3",
      "probability": 1,
      "from_file_path": "./Bullet",
      "from_class_or_interface_name": "Bullet",
      "from_class_or_interface_key": "_UNU8EPDbEDS0iJ-JmgZvmg",
      "from_method_name": "Bullet",
      "from_method_key": "_nZnx0fDbEDS0iJ-JmgZvmg",
      "to_file_path": "./Green",
      "to_class_or_interface_name": "Green",
      "to_class_or_interface_key": "_M2z28PDaEDS0iJ-JmgZvmg",
      "to_method_name": "Green",
      "to_method_key": "_M20eBvDaEDS0iJ-JmgZvmg",
      "data_clump_type": "parameters_to_parameters_data_clump",
      "data_clump_data": {
        "_PY8KkPDcEDS0iJ-JmgZvmg": {
          "key": "_PY8KkPDcEDS0iJ-JmgZvmg",
          "name": "parameter",
          "type": null,
          "probability": 1,
          "modifiers": [],
          "to_variable": {
            "key": "_M20eCPDaEDS0iJ-JmgZvmg",
            "name": "parameter",
            "type": null,
            "modifiers": [],
            "position": {}
          },
          "position": {}
        },
        "_Plv3gPDcEDS0iJ-JmgZvmg": {
          "key": "_Plv3gPDcEDS0iJ-JmgZvmg",
          "name": "parameter2",
          "type": null,
          "probability": 1,
          "modifiers": [],
          "to_variable": {
            "key": "_M20eCfDaEDS0iJ-JmgZvmg",
            "name": "parameter2",
            "type": null,
            "modifiers": [],
            "position": {}
          },
          "position": {}
        },
        "_P9K5APDcEDS0iJ-JmgZvmg": {
          "key": "_P9K5APDcEDS0iJ-JmgZvmg",
          "name": "parameter3",
          "type": null,
          "probability": 1,
          "modifiers": [],
          "to_variable": {
            "key": "_M20eCvDaEDS0iJ-JmgZvmg",
            "name": "parameter3",
            "type": null,
            "modifiers": [],
            "position": {}
          },
          "position": {}
        }
      }
    },
    "parameters_to_parameters_data_clump-./Bullet-_nZnx0fDbEDS0iJ-JmgZvmg-_4wXSQea2EDSR_IS9IcGCCQ-parameterparameter2parameter3": {
      "type": "data_clump",
      "key": "parameters_to_parameters_data_clump-./Bullet-_nZnx0fDbEDS0iJ-JmgZvmg-_4wXSQea2EDSR_IS9IcGCCQ-parameterparameter2parameter3",
      "probability": 1,
      "from_file_path": "./Bullet",
      "from_class_or_interface_name": "Bullet",
      "from_class_or_interface_key": "_UNU8EPDbEDS0iJ-JmgZvmg",
      "from_method_name": "Bullet",
      "from_method_key": "_nZnx0fDbEDS0iJ-JmgZvmg",
      "to_file_path": "./Obstacle",
      "to_class_or_interface_name": "Obstacle",
      "to_class_or_interface_key": "_0PaPkOa2EDSR_IS9IcGCCQ",
      "to_method_name": "Obstacle",
      "to_method_key": "_4wXSQea2EDSR_IS9IcGCCQ",
      "data_clump_type": "parameters_to_parameters_data_clump",
      "data_clump_data": {
        "_PY8KkPDcEDS0iJ-JmgZvmg": {
          "key": "_PY8KkPDcEDS0iJ-JmgZvmg",
          "name": "parameter",
          "type": null,
          "probability": 1,
          "modifiers": [],
          "to_variable": {
            "key": "__1yc0Oa2EDSR_IS9IcGCCQ",
            "name": "parameter",
            "type": null,
            "modifiers": [],
            "position": {}
          },
          "position": {}
        },
        "_Plv3gPDcEDS0iJ-JmgZvmg": {
          "key": "_Plv3gPDcEDS0iJ-JmgZvmg",
          "name": "parameter2",
          "type": null,
          "probability": 1,
          "modifiers": [],
          "to_variable": {
            "key": "_AFqr4Oa3EDSR_IS9IcGCCQ",
            "name": "parameter2",
            "type": null,
            "modifiers": [],
            "position": {}
          },
          "position": {}
        },
        "_P9K5APDcEDS0iJ-JmgZvmg": {
          "key": "_P9K5APDcEDS0iJ-JmgZvmg",
          "name": "parameter3",
          "type": null,
          "probability": 1,
          "modifiers": [],
          "to_variable": {
            "key": "_AX8HoOa3EDSR_IS9IcGCCQ",
            "name": "parameter3",
            "type": null,
            "modifiers": [],
            "position": {}
          },
          "position": {}
        }
      }
    },
    "parameters_to_parameters_data_clump-./Bullet-_nZnx0fDbEDS0iJ-JmgZvmg-_yCh8IfDZEDS0iJ-JmgZvmg-parameterparameter2parameter3": {
      "type": "data_clump",
      "key": "parameters_to_parameters_data_clump-./Bullet-_nZnx0fDbEDS0iJ-JmgZvmg-_yCh8IfDZEDS0iJ-JmgZvmg-parameterparameter2parameter3",
      "probability": 1,
      "from_file_path": "./Bullet",
      "from_class_or_interface_name": "Bullet",
      "from_class_or_interface_key": "_UNU8EPDbEDS0iJ-JmgZvmg",
      "from_method_name": "Bullet",
      "from_method_key": "_nZnx0fDbEDS0iJ-JmgZvmg",
      "to_file_path": "./Spiky",
      "to_class_or_interface_name": "Spiky",
      "to_class_or_interface_key": "_KGG7YOUdEDS2d5IOJlTaeQ",
      "to_method_name": "spiky",
      "to_method_key": "_yCh8IfDZEDS0iJ-JmgZvmg",
      "data_clump_type": "parameters_to_parameters_data_clump",
      "data_clump_data": {
        "_PY8KkPDcEDS0iJ-JmgZvmg": {
          "key": "_PY8KkPDcEDS0iJ-JmgZvmg",
          "name": "parameter",
          "type": null,
          "probability": 1,
          "modifiers": [],
          "to_variable": {
            "key": "_DKqhwPDaEDS0iJ-JmgZvmg",
            "name": "parameter",
            "type": null,
            "modifiers": [],
            "position": {}
          },
          "position": {}
        },
        "_Plv3gPDcEDS0iJ-JmgZvmg": {
          "key": "_Plv3gPDcEDS0iJ-JmgZvmg",
          "name": "parameter2",
          "type": null,
          "probability": 1,
          "modifiers": [],
          "to_variable": {
            "key": "_DYJkIPDaEDS0iJ-JmgZvmg",
            "name": "parameter2",
            "type": null,
            "modifiers": [],
            "position": {}
          },
          "position": {}
        },
        "_P9K5APDcEDS0iJ-JmgZvmg": {
          "key": "_P9K5APDcEDS0iJ-JmgZvmg",
          "name": "parameter3",
          "type": null,
          "probability": 1,
          "modifiers": [],
          "to_variable": {
            "key": "_DkPfYPDaEDS0iJ-JmgZvmg",
            "name": "parameter3",
            "type": null,
            "modifiers": [],
            "position": {}
          },
          "position": {}
        }
      }
    },
    "parameters_to_parameters_data_clump-./Bullet-_nZnx0fDbEDS0iJ-JmgZvmg-_sJ3Ewea2EDSR_IS9IcGCCQ-parameterparameter2parameter3": {
      "type": "data_clump",
      "key": "parameters_to_parameters_data_clump-./Bullet-_nZnx0fDbEDS0iJ-JmgZvmg-_sJ3Ewea2EDSR_IS9IcGCCQ-parameterparameter2parameter3",
      "probability": 1,
      "from_file_path": "./Bullet",
      "from_class_or_interface_name": "Bullet",
      "from_class_or_interface_key": "_UNU8EPDbEDS0iJ-JmgZvmg",
      "from_method_name": "Bullet",
      "from_method_key": "_nZnx0fDbEDS0iJ-JmgZvmg",
      "to_file_path": "./liveObject",
      "to_class_or_interface_name": "liveObject",
      "to_class_or_interface_key": "_Q4Dgcea2EDSR_IS9IcGCCQ",
      "to_method_name": "liveObject",
      "to_method_key": "_sJ3Ewea2EDSR_IS9IcGCCQ",
      "data_clump_type": "parameters_to_parameters_data_clump",
      "data_clump_data": {
        "_PY8KkPDcEDS0iJ-JmgZvmg": {
          "key": "_PY8KkPDcEDS0iJ-JmgZvmg",
          "name": "parameter",
          "type": null,
          "probability": 1,
          "modifiers": [],
          "to_variable": {
            "key": "_t8W9IOa2EDSR_IS9IcGCCQ",
            "name": "parameter",
            "type": null,
            "modifiers": [],
            "position": {}
          },
          "position": {}
        },
        "_Plv3gPDcEDS0iJ-JmgZvmg": {
          "key": "_Plv3gPDcEDS0iJ-JmgZvmg",
          "name": "parameter2",
          "type": null,
          "probability": 1,
          "modifiers": [],
          "to_variable": {
            "key": "_uNgXgOa2EDSR_IS9IcGCCQ",
            "name": "parameter2",
            "type": null,
            "modifiers": [],
            "position": {}
          },
          "position": {}
        },
        "_P9K5APDcEDS0iJ-JmgZvmg": {
          "key": "_P9K5APDcEDS0iJ-JmgZvmg",
          "name": "parameter3",
          "type": null,
          "probability": 1,
          "modifiers": [],
          "to_variable": {
            "key": "_uc1M8Oa2EDSR_IS9IcGCCQ",
            "name": "parameter3",
            "type": null,
            "modifiers": [],
            "position": {}
          },
          "position": {}
        }
      }
    },
    "parameters_to_parameters_data_clump-./Coin-_4PLQwOa2EDSR_IS9IcGCCQ-_nZnx0fDbEDS0iJ-JmgZvmg-parameterparameter2parameter3": {
      "type": "data_clump",
      "key": "parameters_to_parameters_data_clump-./Coin-_4PLQwOa2EDSR_IS9IcGCCQ-_nZnx0fDbEDS0iJ-JmgZvmg-parameterparameter2parameter3",
      "probability": 1,
      "from_file_path": "./Coin",
      "from_class_or_interface_name": "Coin",
      "from_class_or_interface_key": "_ShmZoOUgEDS2d5IOJlTaeQ",
      "from_method_name": "Coin",
      "from_method_key": "_4PLQwOa2EDSR_IS9IcGCCQ",
      "to_file_path": "./Bullet",
      "to_class_or_interface_name": "Bullet",
      "to_class_or_interface_key": "_UNU8EPDbEDS0iJ-JmgZvmg",
      "to_method_name": "Bullet",
      "to_method_key": "_nZnx0fDbEDS0iJ-JmgZvmg",
      "data_clump_type": "parameters_to_parameters_data_clump",
      "data_clump_data": {
        "__J6OQOa2EDSR_IS9IcGCCQ": {
          "key": "__J6OQOa2EDSR_IS9IcGCCQ",
          "name": "parameter",
          "type": null,
          "probability": 1,
          "modifiers": [],
          "to_variable": {
            "key": "_PY8KkPDcEDS0iJ-JmgZvmg",
            "name": "parameter",
            "type": null,
            "modifiers": [],
            "position": {}
          },
          "position": {}
        },
        "__Wl_YOa2EDSR_IS9IcGCCQ": {
          "key": "__Wl_YOa2EDSR_IS9IcGCCQ",
          "name": "parameter2",
          "type": null,
          "probability": 1,
          "modifiers": [],
          "to_variable": {
            "key": "_Plv3gPDcEDS0iJ-JmgZvmg",
            "name": "parameter2",
            "type": null,
            "modifiers": [],
            "position": {}
          },
          "position": {}
        },
        "__hK3sOa2EDSR_IS9IcGCCQ": {
          "key": "__hK3sOa2EDSR_IS9IcGCCQ",
          "name": "parameter3",
          "type": null,
          "probability": 1,
          "modifiers": [],
          "to_variable": {
            "key": "_P9K5APDcEDS0iJ-JmgZvmg",
            "name": "parameter3",
            "type": null,
            "modifiers": [],
            "position": {}
          },
          "position": {}
        }
      }
    },
    "parameters_to_parameters_data_clump-./Coin-_4PLQwOa2EDSR_IS9IcGCCQ-_8XfPQeUcEDS2d5IOJlTaeQ-parameterparameter2parameter3": {
      "type": "data_clump",
      "key": "parameters_to_parameters_data_clump-./Coin-_4PLQwOa2EDSR_IS9IcGCCQ-_8XfPQeUcEDS2d5IOJlTaeQ-parameterparameter2parameter3",
      "probability": 1,
      "from_file_path": "./Coin",
      "from_class_or_interface_name": "Coin",
      "from_class_or_interface_key": "_ShmZoOUgEDS2d5IOJlTaeQ",
      "from_method_name": "Coin",
      "from_method_key": "_4PLQwOa2EDSR_IS9IcGCCQ",
      "to_file_path": "./Enemy",
      "to_class_or_interface_name": "Enemy",
      "to_class_or_interface_key": "_jBJSEOUcEDS2d5IOJlTaeQ",
      "to_method_name": "Enemy",
      "to_method_key": "_8XfPQeUcEDS2d5IOJlTaeQ",
      "data_clump_type": "parameters_to_parameters_data_clump",
      "data_clump_data": {
        "__J6OQOa2EDSR_IS9IcGCCQ": {
          "key": "__J6OQOa2EDSR_IS9IcGCCQ",
          "name": "parameter",
          "type": null,
          "probability": 1,
          "modifiers": [],
          "to_variable": {
            "key": "_BA0x4OUdEDS2d5IOJlTaeQ",
            "name": "parameter",
            "type": null,
            "modifiers": [],
            "position": {}
          },
          "position": {}
        },
        "__Wl_YOa2EDSR_IS9IcGCCQ": {
          "key": "__Wl_YOa2EDSR_IS9IcGCCQ",
          "name": "parameter2",
          "type": null,
          "probability": 1,
          "modifiers": [],
          "to_variable": {
            "key": "_BOPi0OUdEDS2d5IOJlTaeQ",
            "name": "parameter2",
            "type": null,
            "modifiers": [],
            "position": {}
          },
          "position": {}
        },
        "__hK3sOa2EDSR_IS9IcGCCQ": {
          "key": "__hK3sOa2EDSR_IS9IcGCCQ",
          "name": "parameter3",
          "type": null,
          "probability": 1,
          "modifiers": [],
          "to_variable": {
            "key": "_DgcO8OUdEDS2d5IOJlTaeQ",
            "name": "parameter3",
            "type": null,
            "modifiers": [],
            "position": {}
          },
          "position": {}
        }
      }
    },
    "parameters_to_parameters_data_clump-./Coin-_4PLQwOa2EDSR_IS9IcGCCQ-_M20eBvDaEDS0iJ-JmgZvmg-parameterparameter2parameter3": {
      "type": "data_clump",
      "key": "parameters_to_parameters_data_clump-./Coin-_4PLQwOa2EDSR_IS9IcGCCQ-_M20eBvDaEDS0iJ-JmgZvmg-parameterparameter2parameter3",
      "probability": 1,
      "from_file_path": "./Coin",
      "from_class_or_interface_name": "Coin",
      "from_class_or_interface_key": "_ShmZoOUgEDS2d5IOJlTaeQ",
      "from_method_name": "Coin",
      "from_method_key": "_4PLQwOa2EDSR_IS9IcGCCQ",
      "to_file_path": "./Green",
      "to_class_or_interface_name": "Green",
      "to_class_or_interface_key": "_M2z28PDaEDS0iJ-JmgZvmg",
      "to_method_name": "Green",
      "to_method_key": "_M20eBvDaEDS0iJ-JmgZvmg",
      "data_clump_type": "parameters_to_parameters_data_clump",
      "data_clump_data": {
        "__J6OQOa2EDSR_IS9IcGCCQ": {
          "key": "__J6OQOa2EDSR_IS9IcGCCQ",
          "name": "parameter",
          "type": null,
          "probability": 1,
          "modifiers": [],
          "to_variable": {
            "key": "_M20eCPDaEDS0iJ-JmgZvmg",
            "name": "parameter",
            "type": null,
            "modifiers": [],
            "position": {}
          },
          "position": {}
        },
        "__Wl_YOa2EDSR_IS9IcGCCQ": {
          "key": "__Wl_YOa2EDSR_IS9IcGCCQ",
          "name": "parameter2",
          "type": null,
          "probability": 1,
          "modifiers": [],
          "to_variable": {
            "key": "_M20eCfDaEDS0iJ-JmgZvmg",
            "name": "parameter2",
            "type": null,
            "modifiers": [],
            "position": {}
          },
          "position": {}
        },
        "__hK3sOa2EDSR_IS9IcGCCQ": {
          "key": "__hK3sOa2EDSR_IS9IcGCCQ",
          "name": "parameter3",
          "type": null,
          "probability": 1,
          "modifiers": [],
          "to_variable": {
            "key": "_M20eCvDaEDS0iJ-JmgZvmg",
            "name": "parameter3",
            "type": null,
            "modifiers": [],
            "position": {}
          },
          "position": {}
        }
      }
    },
    "parameters_to_parameters_data_clump-./Coin-_4PLQwOa2EDSR_IS9IcGCCQ-_4wXSQea2EDSR_IS9IcGCCQ-parameterparameter2parameter3": {
      "type": "data_clump",
      "key": "parameters_to_parameters_data_clump-./Coin-_4PLQwOa2EDSR_IS9IcGCCQ-_4wXSQea2EDSR_IS9IcGCCQ-parameterparameter2parameter3",
      "probability": 1,
      "from_file_path": "./Coin",
      "from_class_or_interface_name": "Coin",
      "from_class_or_interface_key": "_ShmZoOUgEDS2d5IOJlTaeQ",
      "from_method_name": "Coin",
      "from_method_key": "_4PLQwOa2EDSR_IS9IcGCCQ",
      "to_file_path": "./Obstacle",
      "to_class_or_interface_name": "Obstacle",
      "to_class_or_interface_key": "_0PaPkOa2EDSR_IS9IcGCCQ",
      "to_method_name": "Obstacle",
      "to_method_key": "_4wXSQea2EDSR_IS9IcGCCQ",
      "data_clump_type": "parameters_to_parameters_data_clump",
      "data_clump_data": {
        "__J6OQOa2EDSR_IS9IcGCCQ": {
          "key": "__J6OQOa2EDSR_IS9IcGCCQ",
          "name": "parameter",
          "type": null,
          "probability": 1,
          "modifiers": [],
          "to_variable": {
            "key": "__1yc0Oa2EDSR_IS9IcGCCQ",
            "name": "parameter",
            "type": null,
            "modifiers": [],
            "position": {}
          },
          "position": {}
        },
        "__Wl_YOa2EDSR_IS9IcGCCQ": {
          "key": "__Wl_YOa2EDSR_IS9IcGCCQ",
          "name": "parameter2",
          "type": null,
          "probability": 1,
          "modifiers": [],
          "to_variable": {
            "key": "_AFqr4Oa3EDSR_IS9IcGCCQ",
            "name": "parameter2",
            "type": null,
            "modifiers": [],
            "position": {}
          },
          "position": {}
        },
        "__hK3sOa2EDSR_IS9IcGCCQ": {
          "key": "__hK3sOa2EDSR_IS9IcGCCQ",
          "name": "parameter3",
          "type": null,
          "probability": 1,
          "modifiers": [],
          "to_variable": {
            "key": "_AX8HoOa3EDSR_IS9IcGCCQ",
            "name": "parameter3",
            "type": null,
            "modifiers": [],
            "position": {}
          },
          "position": {}
        }
      }
    },
    "parameters_to_parameters_data_clump-./Coin-_4PLQwOa2EDSR_IS9IcGCCQ-_yCh8IfDZEDS0iJ-JmgZvmg-parameterparameter2parameter3": {
      "type": "data_clump",
      "key": "parameters_to_parameters_data_clump-./Coin-_4PLQwOa2EDSR_IS9IcGCCQ-_yCh8IfDZEDS0iJ-JmgZvmg-parameterparameter2parameter3",
      "probability": 1,
      "from_file_path": "./Coin",
      "from_class_or_interface_name": "Coin",
      "from_class_or_interface_key": "_ShmZoOUgEDS2d5IOJlTaeQ",
      "from_method_name": "Coin",
      "from_method_key": "_4PLQwOa2EDSR_IS9IcGCCQ",
      "to_file_path": "./Spiky",
      "to_class_or_interface_name": "Spiky",
      "to_class_or_interface_key": "_KGG7YOUdEDS2d5IOJlTaeQ",
      "to_method_name": "spiky",
      "to_method_key": "_yCh8IfDZEDS0iJ-JmgZvmg",
      "data_clump_type": "parameters_to_parameters_data_clump",
      "data_clump_data": {
        "__J6OQOa2EDSR_IS9IcGCCQ": {
          "key": "__J6OQOa2EDSR_IS9IcGCCQ",
          "name": "parameter",
          "type": null,
          "probability": 1,
          "modifiers": [],
          "to_variable": {
            "key": "_DKqhwPDaEDS0iJ-JmgZvmg",
            "name": "parameter",
            "type": null,
            "modifiers": [],
            "position": {}
          },
          "position": {}
        },
        "__Wl_YOa2EDSR_IS9IcGCCQ": {
          "key": "__Wl_YOa2EDSR_IS9IcGCCQ",
          "name": "parameter2",
          "type": null,
          "probability": 1,
          "modifiers": [],
          "to_variable": {
            "key": "_DYJkIPDaEDS0iJ-JmgZvmg",
            "name": "parameter2",
            "type": null,
            "modifiers": [],
            "position": {}
          },
          "position": {}
        },
        "__hK3sOa2EDSR_IS9IcGCCQ": {
          "key": "__hK3sOa2EDSR_IS9IcGCCQ",
          "name": "parameter3",
          "type": null,
          "probability": 1,
          "modifiers": [],
          "to_variable": {
            "key": "_DkPfYPDaEDS0iJ-JmgZvmg",
            "name": "parameter3",
            "type": null,
            "modifiers": [],
            "position": {}
          },
          "position": {}
        }
      }
    },
    "parameters_to_parameters_data_clump-./Coin-_4PLQwOa2EDSR_IS9IcGCCQ-_sJ3Ewea2EDSR_IS9IcGCCQ-parameterparameter2parameter3": {
      "type": "data_clump",
      "key": "parameters_to_parameters_data_clump-./Coin-_4PLQwOa2EDSR_IS9IcGCCQ-_sJ3Ewea2EDSR_IS9IcGCCQ-parameterparameter2parameter3",
      "probability": 1,
      "from_file_path": "./Coin",
      "from_class_or_interface_name": "Coin",
      "from_class_or_interface_key": "_ShmZoOUgEDS2d5IOJlTaeQ",
      "from_method_name": "Coin",
      "from_method_key": "_4PLQwOa2EDSR_IS9IcGCCQ",
      "to_file_path": "./liveObject",
      "to_class_or_interface_name": "liveObject",
      "to_class_or_interface_key": "_Q4Dgcea2EDSR_IS9IcGCCQ",
      "to_method_name": "liveObject",
      "to_method_key": "_sJ3Ewea2EDSR_IS9IcGCCQ",
      "data_clump_type": "parameters_to_parameters_data_clump",
      "data_clump_data": {
        "__J6OQOa2EDSR_IS9IcGCCQ": {
          "key": "__J6OQOa2EDSR_IS9IcGCCQ",
          "name": "parameter",
          "type": null,
          "probability": 1,
          "modifiers": [],
          "to_variable": {
            "key": "_t8W9IOa2EDSR_IS9IcGCCQ",
            "name": "parameter",
            "type": null,
            "modifiers": [],
            "position": {}
          },
          "position": {}
        },
        "__Wl_YOa2EDSR_IS9IcGCCQ": {
          "key": "__Wl_YOa2EDSR_IS9IcGCCQ",
          "name": "parameter2",
          "type": null,
          "probability": 1,
          "modifiers": [],
          "to_variable": {
            "key": "_uNgXgOa2EDSR_IS9IcGCCQ",
            "name": "parameter2",
            "type": null,
            "modifiers": [],
            "position": {}
          },
          "position": {}
        },
        "__hK3sOa2EDSR_IS9IcGCCQ": {
          "key": "__hK3sOa2EDSR_IS9IcGCCQ",
          "name": "parameter3",
          "type": null,
          "probability": 1,
          "modifiers": [],
          "to_variable": {
            "key": "_uc1M8Oa2EDSR_IS9IcGCCQ",
            "name": "parameter3",
            "type": null,
            "modifiers": [],
            "position": {}
          },
          "position": {}
        }
      }
    },
    "parameters_to_parameters_data_clump-./Enemy-_8XfPQeUcEDS2d5IOJlTaeQ-_nZnx0fDbEDS0iJ-JmgZvmg-parameterparameter2parameter3": {
      "type": "data_clump",
      "key": "parameters_to_parameters_data_clump-./Enemy-_8XfPQeUcEDS2d5IOJlTaeQ-_nZnx0fDbEDS0iJ-JmgZvmg-parameterparameter2parameter3",
      "probability": 1,
      "from_file_path": "./Enemy",
      "from_class_or_interface_name": "Enemy",
      "from_class_or_interface_key": "_jBJSEOUcEDS2d5IOJlTaeQ",
      "from_method_name": "Enemy",
      "from_method_key": "_8XfPQeUcEDS2d5IOJlTaeQ",
      "to_file_path": "./Bullet",
      "to_class_or_interface_name": "Bullet",
      "to_class_or_interface_key": "_UNU8EPDbEDS0iJ-JmgZvmg",
      "to_method_name": "Bullet",
      "to_method_key": "_nZnx0fDbEDS0iJ-JmgZvmg",
      "data_clump_type": "parameters_to_parameters_data_clump",
      "data_clump_data": {
        "_BA0x4OUdEDS2d5IOJlTaeQ": {
          "key": "_BA0x4OUdEDS2d5IOJlTaeQ",
          "name": "parameter",
          "type": null,
          "probability": 1,
          "modifiers": [],
          "to_variable": {
            "key": "_PY8KkPDcEDS0iJ-JmgZvmg",
            "name": "parameter",
            "type": null,
            "modifiers": [],
            "position": {}
          },
          "position": {}
        },
        "_BOPi0OUdEDS2d5IOJlTaeQ": {
          "key": "_BOPi0OUdEDS2d5IOJlTaeQ",
          "name": "parameter2",
          "type": null,
          "probability": 1,
          "modifiers": [],
          "to_variable": {
            "key": "_Plv3gPDcEDS0iJ-JmgZvmg",
            "name": "parameter2",
            "type": null,
            "modifiers": [],
            "position": {}
          },
          "position": {}
        },
        "_DgcO8OUdEDS2d5IOJlTaeQ": {
          "key": "_DgcO8OUdEDS2d5IOJlTaeQ",
          "name": "parameter3",
          "type": null,
          "probability": 1,
          "modifiers": [],
          "to_variable": {
            "key": "_P9K5APDcEDS0iJ-JmgZvmg",
            "name": "parameter3",
            "type": null,
            "modifiers": [],
            "position": {}
          },
          "position": {}
        }
      }
    },
    "parameters_to_parameters_data_clump-./Enemy-_8XfPQeUcEDS2d5IOJlTaeQ-_4PLQwOa2EDSR_IS9IcGCCQ-parameterparameter2parameter3": {
      "type": "data_clump",
      "key": "parameters_to_parameters_data_clump-./Enemy-_8XfPQeUcEDS2d5IOJlTaeQ-_4PLQwOa2EDSR_IS9IcGCCQ-parameterparameter2parameter3",
      "probability": 1,
      "from_file_path": "./Enemy",
      "from_class_or_interface_name": "Enemy",
      "from_class_or_interface_key": "_jBJSEOUcEDS2d5IOJlTaeQ",
      "from_method_name": "Enemy",
      "from_method_key": "_8XfPQeUcEDS2d5IOJlTaeQ",
      "to_file_path": "./Coin",
      "to_class_or_interface_name": "Coin",
      "to_class_or_interface_key": "_ShmZoOUgEDS2d5IOJlTaeQ",
      "to_method_name": "Coin",
      "to_method_key": "_4PLQwOa2EDSR_IS9IcGCCQ",
      "data_clump_type": "parameters_to_parameters_data_clump",
      "data_clump_data": {
        "_BA0x4OUdEDS2d5IOJlTaeQ": {
          "key": "_BA0x4OUdEDS2d5IOJlTaeQ",
          "name": "parameter",
          "type": null,
          "probability": 1,
          "modifiers": [],
          "to_variable": {
            "key": "__J6OQOa2EDSR_IS9IcGCCQ",
            "name": "parameter",
            "type": null,
            "modifiers": [],
            "position": {}
          },
          "position": {}
        },
        "_BOPi0OUdEDS2d5IOJlTaeQ": {
          "key": "_BOPi0OUdEDS2d5IOJlTaeQ",
          "name": "parameter2",
          "type": null,
          "probability": 1,
          "modifiers": [],
          "to_variable": {
            "key": "__Wl_YOa2EDSR_IS9IcGCCQ",
            "name": "parameter2",
            "type": null,
            "modifiers": [],
            "position": {}
          },
          "position": {}
        },
        "_DgcO8OUdEDS2d5IOJlTaeQ": {
          "key": "_DgcO8OUdEDS2d5IOJlTaeQ",
          "name": "parameter3",
          "type": null,
          "probability": 1,
          "modifiers": [],
          "to_variable": {
            "key": "__hK3sOa2EDSR_IS9IcGCCQ",
            "name": "parameter3",
            "type": null,
            "modifiers": [],
            "position": {}
          },
          "position": {}
        }
      }
    },
    "parameters_to_parameters_data_clump-./Enemy-_8XfPQeUcEDS2d5IOJlTaeQ-_M20eBvDaEDS0iJ-JmgZvmg-parameterparameter2parameter3": {
      "type": "data_clump",
      "key": "parameters_to_parameters_data_clump-./Enemy-_8XfPQeUcEDS2d5IOJlTaeQ-_M20eBvDaEDS0iJ-JmgZvmg-parameterparameter2parameter3",
      "probability": 1,
      "from_file_path": "./Enemy",
      "from_class_or_interface_name": "Enemy",
      "from_class_or_interface_key": "_jBJSEOUcEDS2d5IOJlTaeQ",
      "from_method_name": "Enemy",
      "from_method_key": "_8XfPQeUcEDS2d5IOJlTaeQ",
      "to_file_path": "./Green",
      "to_class_or_interface_name": "Green",
      "to_class_or_interface_key": "_M2z28PDaEDS0iJ-JmgZvmg",
      "to_method_name": "Green",
      "to_method_key": "_M20eBvDaEDS0iJ-JmgZvmg",
      "data_clump_type": "parameters_to_parameters_data_clump",
      "data_clump_data": {
        "_BA0x4OUdEDS2d5IOJlTaeQ": {
          "key": "_BA0x4OUdEDS2d5IOJlTaeQ",
          "name": "parameter",
          "type": null,
          "probability": 1,
          "modifiers": [],
          "to_variable": {
            "key": "_M20eCPDaEDS0iJ-JmgZvmg",
            "name": "parameter",
            "type": null,
            "modifiers": [],
            "position": {}
          },
          "position": {}
        },
        "_BOPi0OUdEDS2d5IOJlTaeQ": {
          "key": "_BOPi0OUdEDS2d5IOJlTaeQ",
          "name": "parameter2",
          "type": null,
          "probability": 1,
          "modifiers": [],
          "to_variable": {
            "key": "_M20eCfDaEDS0iJ-JmgZvmg",
            "name": "parameter2",
            "type": null,
            "modifiers": [],
            "position": {}
          },
          "position": {}
        },
        "_DgcO8OUdEDS2d5IOJlTaeQ": {
          "key": "_DgcO8OUdEDS2d5IOJlTaeQ",
          "name": "parameter3",
          "type": null,
          "probability": 1,
          "modifiers": [],
          "to_variable": {
            "key": "_M20eCvDaEDS0iJ-JmgZvmg",
            "name": "parameter3",
            "type": null,
            "modifiers": [],
            "position": {}
          },
          "position": {}
        }
      }
    },
    "parameters_to_parameters_data_clump-./Enemy-_8XfPQeUcEDS2d5IOJlTaeQ-_4wXSQea2EDSR_IS9IcGCCQ-parameterparameter2parameter3": {
      "type": "data_clump",
      "key": "parameters_to_parameters_data_clump-./Enemy-_8XfPQeUcEDS2d5IOJlTaeQ-_4wXSQea2EDSR_IS9IcGCCQ-parameterparameter2parameter3",
      "probability": 1,
      "from_file_path": "./Enemy",
      "from_class_or_interface_name": "Enemy",
      "from_class_or_interface_key": "_jBJSEOUcEDS2d5IOJlTaeQ",
      "from_method_name": "Enemy",
      "from_method_key": "_8XfPQeUcEDS2d5IOJlTaeQ",
      "to_file_path": "./Obstacle",
      "to_class_or_interface_name": "Obstacle",
      "to_class_or_interface_key": "_0PaPkOa2EDSR_IS9IcGCCQ",
      "to_method_name": "Obstacle",
      "to_method_key": "_4wXSQea2EDSR_IS9IcGCCQ",
      "data_clump_type": "parameters_to_parameters_data_clump",
      "data_clump_data": {
        "_BA0x4OUdEDS2d5IOJlTaeQ": {
          "key": "_BA0x4OUdEDS2d5IOJlTaeQ",
          "name": "parameter",
          "type": null,
          "probability": 1,
          "modifiers": [],
          "to_variable": {
            "key": "__1yc0Oa2EDSR_IS9IcGCCQ",
            "name": "parameter",
            "type": null,
            "modifiers": [],
            "position": {}
          },
          "position": {}
        },
        "_BOPi0OUdEDS2d5IOJlTaeQ": {
          "key": "_BOPi0OUdEDS2d5IOJlTaeQ",
          "name": "parameter2",
          "type": null,
          "probability": 1,
          "modifiers": [],
          "to_variable": {
            "key": "_AFqr4Oa3EDSR_IS9IcGCCQ",
            "name": "parameter2",
            "type": null,
            "modifiers": [],
            "position": {}
          },
          "position": {}
        },
        "_DgcO8OUdEDS2d5IOJlTaeQ": {
          "key": "_DgcO8OUdEDS2d5IOJlTaeQ",
          "name": "parameter3",
          "type": null,
          "probability": 1,
          "modifiers": [],
          "to_variable": {
            "key": "_AX8HoOa3EDSR_IS9IcGCCQ",
            "name": "parameter3",
            "type": null,
            "modifiers": [],
            "position": {}
          },
          "position": {}
        }
      }
    },
    "parameters_to_parameters_data_clump-./Enemy-_8XfPQeUcEDS2d5IOJlTaeQ-_yCh8IfDZEDS0iJ-JmgZvmg-parameterparameter2parameter3": {
      "type": "data_clump",
      "key": "parameters_to_parameters_data_clump-./Enemy-_8XfPQeUcEDS2d5IOJlTaeQ-_yCh8IfDZEDS0iJ-JmgZvmg-parameterparameter2parameter3",
      "probability": 1,
      "from_file_path": "./Enemy",
      "from_class_or_interface_name": "Enemy",
      "from_class_or_interface_key": "_jBJSEOUcEDS2d5IOJlTaeQ",
      "from_method_name": "Enemy",
      "from_method_key": "_8XfPQeUcEDS2d5IOJlTaeQ",
      "to_file_path": "./Spiky",
      "to_class_or_interface_name": "Spiky",
      "to_class_or_interface_key": "_KGG7YOUdEDS2d5IOJlTaeQ",
      "to_method_name": "spiky",
      "to_method_key": "_yCh8IfDZEDS0iJ-JmgZvmg",
      "data_clump_type": "parameters_to_parameters_data_clump",
      "data_clump_data": {
        "_BA0x4OUdEDS2d5IOJlTaeQ": {
          "key": "_BA0x4OUdEDS2d5IOJlTaeQ",
          "name": "parameter",
          "type": null,
          "probability": 1,
          "modifiers": [],
          "to_variable": {
            "key": "_DKqhwPDaEDS0iJ-JmgZvmg",
            "name": "parameter",
            "type": null,
            "modifiers": [],
            "position": {}
          },
          "position": {}
        },
        "_BOPi0OUdEDS2d5IOJlTaeQ": {
          "key": "_BOPi0OUdEDS2d5IOJlTaeQ",
          "name": "parameter2",
          "type": null,
          "probability": 1,
          "modifiers": [],
          "to_variable": {
            "key": "_DYJkIPDaEDS0iJ-JmgZvmg",
            "name": "parameter2",
            "type": null,
            "modifiers": [],
            "position": {}
          },
          "position": {}
        },
        "_DgcO8OUdEDS2d5IOJlTaeQ": {
          "key": "_DgcO8OUdEDS2d5IOJlTaeQ",
          "name": "parameter3",
          "type": null,
          "probability": 1,
          "modifiers": [],
          "to_variable": {
            "key": "_DkPfYPDaEDS0iJ-JmgZvmg",
            "name": "parameter3",
            "type": null,
            "modifiers": [],
            "position": {}
          },
          "position": {}
        }
      }
    },
    "parameters_to_parameters_data_clump-./Enemy-_8XfPQeUcEDS2d5IOJlTaeQ-_sJ3Ewea2EDSR_IS9IcGCCQ-parameterparameter2parameter3": {
      "type": "data_clump",
      "key": "parameters_to_parameters_data_clump-./Enemy-_8XfPQeUcEDS2d5IOJlTaeQ-_sJ3Ewea2EDSR_IS9IcGCCQ-parameterparameter2parameter3",
      "probability": 1,
      "from_file_path": "./Enemy",
      "from_class_or_interface_name": "Enemy",
      "from_class_or_interface_key": "_jBJSEOUcEDS2d5IOJlTaeQ",
      "from_method_name": "Enemy",
      "from_method_key": "_8XfPQeUcEDS2d5IOJlTaeQ",
      "to_file_path": "./liveObject",
      "to_class_or_interface_name": "liveObject",
      "to_class_or_interface_key": "_Q4Dgcea2EDSR_IS9IcGCCQ",
      "to_method_name": "liveObject",
      "to_method_key": "_sJ3Ewea2EDSR_IS9IcGCCQ",
      "data_clump_type": "parameters_to_parameters_data_clump",
      "data_clump_data": {
        "_BA0x4OUdEDS2d5IOJlTaeQ": {
          "key": "_BA0x4OUdEDS2d5IOJlTaeQ",
          "name": "parameter",
          "type": null,
          "probability": 1,
          "modifiers": [],
          "to_variable": {
            "key": "_t8W9IOa2EDSR_IS9IcGCCQ",
            "name": "parameter",
            "type": null,
            "modifiers": [],
            "position": {}
          },
          "position": {}
        },
        "_BOPi0OUdEDS2d5IOJlTaeQ": {
          "key": "_BOPi0OUdEDS2d5IOJlTaeQ",
          "name": "parameter2",
          "type": null,
          "probability": 1,
          "modifiers": [],
          "to_variable": {
            "key": "_uNgXgOa2EDSR_IS9IcGCCQ",
            "name": "parameter2",
            "type": null,
            "modifiers": [],
            "position": {}
          },
          "position": {}
        },
        "_DgcO8OUdEDS2d5IOJlTaeQ": {
          "key": "_DgcO8OUdEDS2d5IOJlTaeQ",
          "name": "parameter3",
          "type": null,
          "probability": 1,
          "modifiers": [],
          "to_variable": {
            "key": "_uc1M8Oa2EDSR_IS9IcGCCQ",
            "name": "parameter3",
            "type": null,
            "modifiers": [],
            "position": {}
          },
          "position": {}
        }
      }
    },
    "parameters_to_parameters_data_clump-./Green-_M20eBvDaEDS0iJ-JmgZvmg-_nZnx0fDbEDS0iJ-JmgZvmg-parameterparameter2parameter3": {
      "type": "data_clump",
      "key": "parameters_to_parameters_data_clump-./Green-_M20eBvDaEDS0iJ-JmgZvmg-_nZnx0fDbEDS0iJ-JmgZvmg-parameterparameter2parameter3",
      "probability": 1,
      "from_file_path": "./Green",
      "from_class_or_interface_name": "Green",
      "from_class_or_interface_key": "_M2z28PDaEDS0iJ-JmgZvmg",
      "from_method_name": "Green",
      "from_method_key": "_M20eBvDaEDS0iJ-JmgZvmg",
      "to_file_path": "./Bullet",
      "to_class_or_interface_name": "Bullet",
      "to_class_or_interface_key": "_UNU8EPDbEDS0iJ-JmgZvmg",
      "to_method_name": "Bullet",
      "to_method_key": "_nZnx0fDbEDS0iJ-JmgZvmg",
      "data_clump_type": "parameters_to_parameters_data_clump",
      "data_clump_data": {
        "_M20eCPDaEDS0iJ-JmgZvmg": {
          "key": "_M20eCPDaEDS0iJ-JmgZvmg",
          "name": "parameter",
          "type": null,
          "probability": 1,
          "modifiers": [],
          "to_variable": {
            "key": "_PY8KkPDcEDS0iJ-JmgZvmg",
            "name": "parameter",
            "type": null,
            "modifiers": [],
            "position": {}
          },
          "position": {}
        },
        "_M20eCfDaEDS0iJ-JmgZvmg": {
          "key": "_M20eCfDaEDS0iJ-JmgZvmg",
          "name": "parameter2",
          "type": null,
          "probability": 1,
          "modifiers": [],
          "to_variable": {
            "key": "_Plv3gPDcEDS0iJ-JmgZvmg",
            "name": "parameter2",
            "type": null,
            "modifiers": [],
            "position": {}
          },
          "position": {}
        },
        "_M20eCvDaEDS0iJ-JmgZvmg": {
          "key": "_M20eCvDaEDS0iJ-JmgZvmg",
          "name": "parameter3",
          "type": null,
          "probability": 1,
          "modifiers": [],
          "to_variable": {
            "key": "_P9K5APDcEDS0iJ-JmgZvmg",
            "name": "parameter3",
            "type": null,
            "modifiers": [],
            "position": {}
          },
          "position": {}
        }
      }
    },
    "parameters_to_parameters_data_clump-./Green-_M20eBvDaEDS0iJ-JmgZvmg-_4PLQwOa2EDSR_IS9IcGCCQ-parameterparameter2parameter3": {
      "type": "data_clump",
      "key": "parameters_to_parameters_data_clump-./Green-_M20eBvDaEDS0iJ-JmgZvmg-_4PLQwOa2EDSR_IS9IcGCCQ-parameterparameter2parameter3",
      "probability": 1,
      "from_file_path": "./Green",
      "from_class_or_interface_name": "Green",
      "from_class_or_interface_key": "_M2z28PDaEDS0iJ-JmgZvmg",
      "from_method_name": "Green",
      "from_method_key": "_M20eBvDaEDS0iJ-JmgZvmg",
      "to_file_path": "./Coin",
      "to_class_or_interface_name": "Coin",
      "to_class_or_interface_key": "_ShmZoOUgEDS2d5IOJlTaeQ",
      "to_method_name": "Coin",
      "to_method_key": "_4PLQwOa2EDSR_IS9IcGCCQ",
      "data_clump_type": "parameters_to_parameters_data_clump",
      "data_clump_data": {
        "_M20eCPDaEDS0iJ-JmgZvmg": {
          "key": "_M20eCPDaEDS0iJ-JmgZvmg",
          "name": "parameter",
          "type": null,
          "probability": 1,
          "modifiers": [],
          "to_variable": {
            "key": "__J6OQOa2EDSR_IS9IcGCCQ",
            "name": "parameter",
            "type": null,
            "modifiers": [],
            "position": {}
          },
          "position": {}
        },
        "_M20eCfDaEDS0iJ-JmgZvmg": {
          "key": "_M20eCfDaEDS0iJ-JmgZvmg",
          "name": "parameter2",
          "type": null,
          "probability": 1,
          "modifiers": [],
          "to_variable": {
            "key": "__Wl_YOa2EDSR_IS9IcGCCQ",
            "name": "parameter2",
            "type": null,
            "modifiers": [],
            "position": {}
          },
          "position": {}
        },
        "_M20eCvDaEDS0iJ-JmgZvmg": {
          "key": "_M20eCvDaEDS0iJ-JmgZvmg",
          "name": "parameter3",
          "type": null,
          "probability": 1,
          "modifiers": [],
          "to_variable": {
            "key": "__hK3sOa2EDSR_IS9IcGCCQ",
            "name": "parameter3",
            "type": null,
            "modifiers": [],
            "position": {}
          },
          "position": {}
        }
      }
    },
    "parameters_to_parameters_data_clump-./Green-_M20eBvDaEDS0iJ-JmgZvmg-_8XfPQeUcEDS2d5IOJlTaeQ-parameterparameter2parameter3": {
      "type": "data_clump",
      "key": "parameters_to_parameters_data_clump-./Green-_M20eBvDaEDS0iJ-JmgZvmg-_8XfPQeUcEDS2d5IOJlTaeQ-parameterparameter2parameter3",
      "probability": 1,
      "from_file_path": "./Green",
      "from_class_or_interface_name": "Green",
      "from_class_or_interface_key": "_M2z28PDaEDS0iJ-JmgZvmg",
      "from_method_name": "Green",
      "from_method_key": "_M20eBvDaEDS0iJ-JmgZvmg",
      "to_file_path": "./Enemy",
      "to_class_or_interface_name": "Enemy",
      "to_class_or_interface_key": "_jBJSEOUcEDS2d5IOJlTaeQ",
      "to_method_name": "Enemy",
      "to_method_key": "_8XfPQeUcEDS2d5IOJlTaeQ",
      "data_clump_type": "parameters_to_parameters_data_clump",
      "data_clump_data": {
        "_M20eCPDaEDS0iJ-JmgZvmg": {
          "key": "_M20eCPDaEDS0iJ-JmgZvmg",
          "name": "parameter",
          "type": null,
          "probability": 1,
          "modifiers": [],
          "to_variable": {
            "key": "_BA0x4OUdEDS2d5IOJlTaeQ",
            "name": "parameter",
            "type": null,
            "modifiers": [],
            "position": {}
          },
          "position": {}
        },
        "_M20eCfDaEDS0iJ-JmgZvmg": {
          "key": "_M20eCfDaEDS0iJ-JmgZvmg",
          "name": "parameter2",
          "type": null,
          "probability": 1,
          "modifiers": [],
          "to_variable": {
            "key": "_BOPi0OUdEDS2d5IOJlTaeQ",
            "name": "parameter2",
            "type": null,
            "modifiers": [],
            "position": {}
          },
          "position": {}
        },
        "_M20eCvDaEDS0iJ-JmgZvmg": {
          "key": "_M20eCvDaEDS0iJ-JmgZvmg",
          "name": "parameter3",
          "type": null,
          "probability": 1,
          "modifiers": [],
          "to_variable": {
            "key": "_DgcO8OUdEDS2d5IOJlTaeQ",
            "name": "parameter3",
            "type": null,
            "modifiers": [],
            "position": {}
          },
          "position": {}
        }
      }
    },
    "parameters_to_parameters_data_clump-./Green-_M20eBvDaEDS0iJ-JmgZvmg-_4wXSQea2EDSR_IS9IcGCCQ-parameterparameter2parameter3": {
      "type": "data_clump",
      "key": "parameters_to_parameters_data_clump-./Green-_M20eBvDaEDS0iJ-JmgZvmg-_4wXSQea2EDSR_IS9IcGCCQ-parameterparameter2parameter3",
      "probability": 1,
      "from_file_path": "./Green",
      "from_class_or_interface_name": "Green",
      "from_class_or_interface_key": "_M2z28PDaEDS0iJ-JmgZvmg",
      "from_method_name": "Green",
      "from_method_key": "_M20eBvDaEDS0iJ-JmgZvmg",
      "to_file_path": "./Obstacle",
      "to_class_or_interface_name": "Obstacle",
      "to_class_or_interface_key": "_0PaPkOa2EDSR_IS9IcGCCQ",
      "to_method_name": "Obstacle",
      "to_method_key": "_4wXSQea2EDSR_IS9IcGCCQ",
      "data_clump_type": "parameters_to_parameters_data_clump",
      "data_clump_data": {
        "_M20eCPDaEDS0iJ-JmgZvmg": {
          "key": "_M20eCPDaEDS0iJ-JmgZvmg",
          "name": "parameter",
          "type": null,
          "probability": 1,
          "modifiers": [],
          "to_variable": {
            "key": "__1yc0Oa2EDSR_IS9IcGCCQ",
            "name": "parameter",
            "type": null,
            "modifiers": [],
            "position": {}
          },
          "position": {}
        },
        "_M20eCfDaEDS0iJ-JmgZvmg": {
          "key": "_M20eCfDaEDS0iJ-JmgZvmg",
          "name": "parameter2",
          "type": null,
          "probability": 1,
          "modifiers": [],
          "to_variable": {
            "key": "_AFqr4Oa3EDSR_IS9IcGCCQ",
            "name": "parameter2",
            "type": null,
            "modifiers": [],
            "position": {}
          },
          "position": {}
        },
        "_M20eCvDaEDS0iJ-JmgZvmg": {
          "key": "_M20eCvDaEDS0iJ-JmgZvmg",
          "name": "parameter3",
          "type": null,
          "probability": 1,
          "modifiers": [],
          "to_variable": {
            "key": "_AX8HoOa3EDSR_IS9IcGCCQ",
            "name": "parameter3",
            "type": null,
            "modifiers": [],
            "position": {}
          },
          "position": {}
        }
      }
    },
    "parameters_to_parameters_data_clump-./Green-_M20eBvDaEDS0iJ-JmgZvmg-_yCh8IfDZEDS0iJ-JmgZvmg-parameterparameter2parameter3": {
      "type": "data_clump",
      "key": "parameters_to_parameters_data_clump-./Green-_M20eBvDaEDS0iJ-JmgZvmg-_yCh8IfDZEDS0iJ-JmgZvmg-parameterparameter2parameter3",
      "probability": 1,
      "from_file_path": "./Green",
      "from_class_or_interface_name": "Green",
      "from_class_or_interface_key": "_M2z28PDaEDS0iJ-JmgZvmg",
      "from_method_name": "Green",
      "from_method_key": "_M20eBvDaEDS0iJ-JmgZvmg",
      "to_file_path": "./Spiky",
      "to_class_or_interface_name": "Spiky",
      "to_class_or_interface_key": "_KGG7YOUdEDS2d5IOJlTaeQ",
      "to_method_name": "spiky",
      "to_method_key": "_yCh8IfDZEDS0iJ-JmgZvmg",
      "data_clump_type": "parameters_to_parameters_data_clump",
      "data_clump_data": {
        "_M20eCPDaEDS0iJ-JmgZvmg": {
          "key": "_M20eCPDaEDS0iJ-JmgZvmg",
          "name": "parameter",
          "type": null,
          "probability": 1,
          "modifiers": [],
          "to_variable": {
            "key": "_DKqhwPDaEDS0iJ-JmgZvmg",
            "name": "parameter",
            "type": null,
            "modifiers": [],
            "position": {}
          },
          "position": {}
        },
        "_M20eCfDaEDS0iJ-JmgZvmg": {
          "key": "_M20eCfDaEDS0iJ-JmgZvmg",
          "name": "parameter2",
          "type": null,
          "probability": 1,
          "modifiers": [],
          "to_variable": {
            "key": "_DYJkIPDaEDS0iJ-JmgZvmg",
            "name": "parameter2",
            "type": null,
            "modifiers": [],
            "position": {}
          },
          "position": {}
        },
        "_M20eCvDaEDS0iJ-JmgZvmg": {
          "key": "_M20eCvDaEDS0iJ-JmgZvmg",
          "name": "parameter3",
          "type": null,
          "probability": 1,
          "modifiers": [],
          "to_variable": {
            "key": "_DkPfYPDaEDS0iJ-JmgZvmg",
            "name": "parameter3",
            "type": null,
            "modifiers": [],
            "position": {}
          },
          "position": {}
        }
      }
    },
    "parameters_to_parameters_data_clump-./Green-_M20eBvDaEDS0iJ-JmgZvmg-_sJ3Ewea2EDSR_IS9IcGCCQ-parameterparameter2parameter3": {
      "type": "data_clump",
      "key": "parameters_to_parameters_data_clump-./Green-_M20eBvDaEDS0iJ-JmgZvmg-_sJ3Ewea2EDSR_IS9IcGCCQ-parameterparameter2parameter3",
      "probability": 1,
      "from_file_path": "./Green",
      "from_class_or_interface_name": "Green",
      "from_class_or_interface_key": "_M2z28PDaEDS0iJ-JmgZvmg",
      "from_method_name": "Green",
      "from_method_key": "_M20eBvDaEDS0iJ-JmgZvmg",
      "to_file_path": "./liveObject",
      "to_class_or_interface_name": "liveObject",
      "to_class_or_interface_key": "_Q4Dgcea2EDSR_IS9IcGCCQ",
      "to_method_name": "liveObject",
      "to_method_key": "_sJ3Ewea2EDSR_IS9IcGCCQ",
      "data_clump_type": "parameters_to_parameters_data_clump",
      "data_clump_data": {
        "_M20eCPDaEDS0iJ-JmgZvmg": {
          "key": "_M20eCPDaEDS0iJ-JmgZvmg",
          "name": "parameter",
          "type": null,
          "probability": 1,
          "modifiers": [],
          "to_variable": {
            "key": "_t8W9IOa2EDSR_IS9IcGCCQ",
            "name": "parameter",
            "type": null,
            "modifiers": [],
            "position": {}
          },
          "position": {}
        },
        "_M20eCfDaEDS0iJ-JmgZvmg": {
          "key": "_M20eCfDaEDS0iJ-JmgZvmg",
          "name": "parameter2",
          "type": null,
          "probability": 1,
          "modifiers": [],
          "to_variable": {
            "key": "_uNgXgOa2EDSR_IS9IcGCCQ",
            "name": "parameter2",
            "type": null,
            "modifiers": [],
            "position": {}
          },
          "position": {}
        },
        "_M20eCvDaEDS0iJ-JmgZvmg": {
          "key": "_M20eCvDaEDS0iJ-JmgZvmg",
          "name": "parameter3",
          "type": null,
          "probability": 1,
          "modifiers": [],
          "to_variable": {
            "key": "_uc1M8Oa2EDSR_IS9IcGCCQ",
            "name": "parameter3",
            "type": null,
            "modifiers": [],
            "position": {}
          },
          "position": {}
        }
      }
    },
    "parameters_to_parameters_data_clump-./Obstacle-_4wXSQea2EDSR_IS9IcGCCQ-_nZnx0fDbEDS0iJ-JmgZvmg-parameterparameter2parameter3": {
      "type": "data_clump",
      "key": "parameters_to_parameters_data_clump-./Obstacle-_4wXSQea2EDSR_IS9IcGCCQ-_nZnx0fDbEDS0iJ-JmgZvmg-parameterparameter2parameter3",
      "probability": 1,
      "from_file_path": "./Obstacle",
      "from_class_or_interface_name": "Obstacle",
      "from_class_or_interface_key": "_0PaPkOa2EDSR_IS9IcGCCQ",
      "from_method_name": "Obstacle",
      "from_method_key": "_4wXSQea2EDSR_IS9IcGCCQ",
      "to_file_path": "./Bullet",
      "to_class_or_interface_name": "Bullet",
      "to_class_or_interface_key": "_UNU8EPDbEDS0iJ-JmgZvmg",
      "to_method_name": "Bullet",
      "to_method_key": "_nZnx0fDbEDS0iJ-JmgZvmg",
      "data_clump_type": "parameters_to_parameters_data_clump",
      "data_clump_data": {
        "__1yc0Oa2EDSR_IS9IcGCCQ": {
          "key": "__1yc0Oa2EDSR_IS9IcGCCQ",
          "name": "parameter",
          "type": null,
          "probability": 1,
          "modifiers": [],
          "to_variable": {
            "key": "_PY8KkPDcEDS0iJ-JmgZvmg",
            "name": "parameter",
            "type": null,
            "modifiers": [],
            "position": {}
          },
          "position": {}
        },
        "_AFqr4Oa3EDSR_IS9IcGCCQ": {
          "key": "_AFqr4Oa3EDSR_IS9IcGCCQ",
          "name": "parameter2",
          "type": null,
          "probability": 1,
          "modifiers": [],
          "to_variable": {
            "key": "_Plv3gPDcEDS0iJ-JmgZvmg",
            "name": "parameter2",
            "type": null,
            "modifiers": [],
            "position": {}
          },
          "position": {}
        },
        "_AX8HoOa3EDSR_IS9IcGCCQ": {
          "key": "_AX8HoOa3EDSR_IS9IcGCCQ",
          "name": "parameter3",
          "type": null,
          "probability": 1,
          "modifiers": [],
          "to_variable": {
            "key": "_P9K5APDcEDS0iJ-JmgZvmg",
            "name": "parameter3",
            "type": null,
            "modifiers": [],
            "position": {}
          },
          "position": {}
        }
      }
    },
    "parameters_to_parameters_data_clump-./Obstacle-_4wXSQea2EDSR_IS9IcGCCQ-_4PLQwOa2EDSR_IS9IcGCCQ-parameterparameter2parameter3": {
      "type": "data_clump",
      "key": "parameters_to_parameters_data_clump-./Obstacle-_4wXSQea2EDSR_IS9IcGCCQ-_4PLQwOa2EDSR_IS9IcGCCQ-parameterparameter2parameter3",
      "probability": 1,
      "from_file_path": "./Obstacle",
      "from_class_or_interface_name": "Obstacle",
      "from_class_or_interface_key": "_0PaPkOa2EDSR_IS9IcGCCQ",
      "from_method_name": "Obstacle",
      "from_method_key": "_4wXSQea2EDSR_IS9IcGCCQ",
      "to_file_path": "./Coin",
      "to_class_or_interface_name": "Coin",
      "to_class_or_interface_key": "_ShmZoOUgEDS2d5IOJlTaeQ",
      "to_method_name": "Coin",
      "to_method_key": "_4PLQwOa2EDSR_IS9IcGCCQ",
      "data_clump_type": "parameters_to_parameters_data_clump",
      "data_clump_data": {
        "__1yc0Oa2EDSR_IS9IcGCCQ": {
          "key": "__1yc0Oa2EDSR_IS9IcGCCQ",
          "name": "parameter",
          "type": null,
          "probability": 1,
          "modifiers": [],
          "to_variable": {
            "key": "__J6OQOa2EDSR_IS9IcGCCQ",
            "name": "parameter",
            "type": null,
            "modifiers": [],
            "position": {}
          },
          "position": {}
        },
        "_AFqr4Oa3EDSR_IS9IcGCCQ": {
          "key": "_AFqr4Oa3EDSR_IS9IcGCCQ",
          "name": "parameter2",
          "type": null,
          "probability": 1,
          "modifiers": [],
          "to_variable": {
            "key": "__Wl_YOa2EDSR_IS9IcGCCQ",
            "name": "parameter2",
            "type": null,
            "modifiers": [],
            "position": {}
          },
          "position": {}
        },
        "_AX8HoOa3EDSR_IS9IcGCCQ": {
          "key": "_AX8HoOa3EDSR_IS9IcGCCQ",
          "name": "parameter3",
          "type": null,
          "probability": 1,
          "modifiers": [],
          "to_variable": {
            "key": "__hK3sOa2EDSR_IS9IcGCCQ",
            "name": "parameter3",
            "type": null,
            "modifiers": [],
            "position": {}
          },
          "position": {}
        }
      }
    },
    "parameters_to_parameters_data_clump-./Obstacle-_4wXSQea2EDSR_IS9IcGCCQ-_8XfPQeUcEDS2d5IOJlTaeQ-parameterparameter2parameter3": {
      "type": "data_clump",
      "key": "parameters_to_parameters_data_clump-./Obstacle-_4wXSQea2EDSR_IS9IcGCCQ-_8XfPQeUcEDS2d5IOJlTaeQ-parameterparameter2parameter3",
      "probability": 1,
      "from_file_path": "./Obstacle",
      "from_class_or_interface_name": "Obstacle",
      "from_class_or_interface_key": "_0PaPkOa2EDSR_IS9IcGCCQ",
      "from_method_name": "Obstacle",
      "from_method_key": "_4wXSQea2EDSR_IS9IcGCCQ",
      "to_file_path": "./Enemy",
      "to_class_or_interface_name": "Enemy",
      "to_class_or_interface_key": "_jBJSEOUcEDS2d5IOJlTaeQ",
      "to_method_name": "Enemy",
      "to_method_key": "_8XfPQeUcEDS2d5IOJlTaeQ",
      "data_clump_type": "parameters_to_parameters_data_clump",
      "data_clump_data": {
        "__1yc0Oa2EDSR_IS9IcGCCQ": {
          "key": "__1yc0Oa2EDSR_IS9IcGCCQ",
          "name": "parameter",
          "type": null,
          "probability": 1,
          "modifiers": [],
          "to_variable": {
            "key": "_BA0x4OUdEDS2d5IOJlTaeQ",
            "name": "parameter",
            "type": null,
            "modifiers": [],
            "position": {}
          },
          "position": {}
        },
        "_AFqr4Oa3EDSR_IS9IcGCCQ": {
          "key": "_AFqr4Oa3EDSR_IS9IcGCCQ",
          "name": "parameter2",
          "type": null,
          "probability": 1,
          "modifiers": [],
          "to_variable": {
            "key": "_BOPi0OUdEDS2d5IOJlTaeQ",
            "name": "parameter2",
            "type": null,
            "modifiers": [],
            "position": {}
          },
          "position": {}
        },
        "_AX8HoOa3EDSR_IS9IcGCCQ": {
          "key": "_AX8HoOa3EDSR_IS9IcGCCQ",
          "name": "parameter3",
          "type": null,
          "probability": 1,
          "modifiers": [],
          "to_variable": {
            "key": "_DgcO8OUdEDS2d5IOJlTaeQ",
            "name": "parameter3",
            "type": null,
            "modifiers": [],
            "position": {}
          },
          "position": {}
        }
      }
    },
    "parameters_to_parameters_data_clump-./Obstacle-_4wXSQea2EDSR_IS9IcGCCQ-_M20eBvDaEDS0iJ-JmgZvmg-parameterparameter2parameter3": {
      "type": "data_clump",
      "key": "parameters_to_parameters_data_clump-./Obstacle-_4wXSQea2EDSR_IS9IcGCCQ-_M20eBvDaEDS0iJ-JmgZvmg-parameterparameter2parameter3",
      "probability": 1,
      "from_file_path": "./Obstacle",
      "from_class_or_interface_name": "Obstacle",
      "from_class_or_interface_key": "_0PaPkOa2EDSR_IS9IcGCCQ",
      "from_method_name": "Obstacle",
      "from_method_key": "_4wXSQea2EDSR_IS9IcGCCQ",
      "to_file_path": "./Green",
      "to_class_or_interface_name": "Green",
      "to_class_or_interface_key": "_M2z28PDaEDS0iJ-JmgZvmg",
      "to_method_name": "Green",
      "to_method_key": "_M20eBvDaEDS0iJ-JmgZvmg",
      "data_clump_type": "parameters_to_parameters_data_clump",
      "data_clump_data": {
        "__1yc0Oa2EDSR_IS9IcGCCQ": {
          "key": "__1yc0Oa2EDSR_IS9IcGCCQ",
          "name": "parameter",
          "type": null,
          "probability": 1,
          "modifiers": [],
          "to_variable": {
            "key": "_M20eCPDaEDS0iJ-JmgZvmg",
            "name": "parameter",
            "type": null,
            "modifiers": [],
            "position": {}
          },
          "position": {}
        },
        "_AFqr4Oa3EDSR_IS9IcGCCQ": {
          "key": "_AFqr4Oa3EDSR_IS9IcGCCQ",
          "name": "parameter2",
          "type": null,
          "probability": 1,
          "modifiers": [],
          "to_variable": {
            "key": "_M20eCfDaEDS0iJ-JmgZvmg",
            "name": "parameter2",
            "type": null,
            "modifiers": [],
            "position": {}
          },
          "position": {}
        },
        "_AX8HoOa3EDSR_IS9IcGCCQ": {
          "key": "_AX8HoOa3EDSR_IS9IcGCCQ",
          "name": "parameter3",
          "type": null,
          "probability": 1,
          "modifiers": [],
          "to_variable": {
            "key": "_M20eCvDaEDS0iJ-JmgZvmg",
            "name": "parameter3",
            "type": null,
            "modifiers": [],
            "position": {}
          },
          "position": {}
        }
      }
    },
    "parameters_to_parameters_data_clump-./Obstacle-_4wXSQea2EDSR_IS9IcGCCQ-_yCh8IfDZEDS0iJ-JmgZvmg-parameterparameter2parameter3": {
      "type": "data_clump",
      "key": "parameters_to_parameters_data_clump-./Obstacle-_4wXSQea2EDSR_IS9IcGCCQ-_yCh8IfDZEDS0iJ-JmgZvmg-parameterparameter2parameter3",
      "probability": 1,
      "from_file_path": "./Obstacle",
      "from_class_or_interface_name": "Obstacle",
      "from_class_or_interface_key": "_0PaPkOa2EDSR_IS9IcGCCQ",
      "from_method_name": "Obstacle",
      "from_method_key": "_4wXSQea2EDSR_IS9IcGCCQ",
      "to_file_path": "./Spiky",
      "to_class_or_interface_name": "Spiky",
      "to_class_or_interface_key": "_KGG7YOUdEDS2d5IOJlTaeQ",
      "to_method_name": "spiky",
      "to_method_key": "_yCh8IfDZEDS0iJ-JmgZvmg",
      "data_clump_type": "parameters_to_parameters_data_clump",
      "data_clump_data": {
        "__1yc0Oa2EDSR_IS9IcGCCQ": {
          "key": "__1yc0Oa2EDSR_IS9IcGCCQ",
          "name": "parameter",
          "type": null,
          "probability": 1,
          "modifiers": [],
          "to_variable": {
            "key": "_DKqhwPDaEDS0iJ-JmgZvmg",
            "name": "parameter",
            "type": null,
            "modifiers": [],
            "position": {}
          },
          "position": {}
        },
        "_AFqr4Oa3EDSR_IS9IcGCCQ": {
          "key": "_AFqr4Oa3EDSR_IS9IcGCCQ",
          "name": "parameter2",
          "type": null,
          "probability": 1,
          "modifiers": [],
          "to_variable": {
            "key": "_DYJkIPDaEDS0iJ-JmgZvmg",
            "name": "parameter2",
            "type": null,
            "modifiers": [],
            "position": {}
          },
          "position": {}
        },
        "_AX8HoOa3EDSR_IS9IcGCCQ": {
          "key": "_AX8HoOa3EDSR_IS9IcGCCQ",
          "name": "parameter3",
          "type": null,
          "probability": 1,
          "modifiers": [],
          "to_variable": {
            "key": "_DkPfYPDaEDS0iJ-JmgZvmg",
            "name": "parameter3",
            "type": null,
            "modifiers": [],
            "position": {}
          },
          "position": {}
        }
      }
    },
    "parameters_to_parameters_data_clump-./Obstacle-_4wXSQea2EDSR_IS9IcGCCQ-_sJ3Ewea2EDSR_IS9IcGCCQ-parameterparameter2parameter3": {
      "type": "data_clump",
      "key": "parameters_to_parameters_data_clump-./Obstacle-_4wXSQea2EDSR_IS9IcGCCQ-_sJ3Ewea2EDSR_IS9IcGCCQ-parameterparameter2parameter3",
      "probability": 1,
      "from_file_path": "./Obstacle",
      "from_class_or_interface_name": "Obstacle",
      "from_class_or_interface_key": "_0PaPkOa2EDSR_IS9IcGCCQ",
      "from_method_name": "Obstacle",
      "from_method_key": "_4wXSQea2EDSR_IS9IcGCCQ",
      "to_file_path": "./liveObject",
      "to_class_or_interface_name": "liveObject",
      "to_class_or_interface_key": "_Q4Dgcea2EDSR_IS9IcGCCQ",
      "to_method_name": "liveObject",
      "to_method_key": "_sJ3Ewea2EDSR_IS9IcGCCQ",
      "data_clump_type": "parameters_to_parameters_data_clump",
      "data_clump_data": {
        "__1yc0Oa2EDSR_IS9IcGCCQ": {
          "key": "__1yc0Oa2EDSR_IS9IcGCCQ",
          "name": "parameter",
          "type": null,
          "probability": 1,
          "modifiers": [],
          "to_variable": {
            "key": "_t8W9IOa2EDSR_IS9IcGCCQ",
            "name": "parameter",
            "type": null,
            "modifiers": [],
            "position": {}
          },
          "position": {}
        },
        "_AFqr4Oa3EDSR_IS9IcGCCQ": {
          "key": "_AFqr4Oa3EDSR_IS9IcGCCQ",
          "name": "parameter2",
          "type": null,
          "probability": 1,
          "modifiers": [],
          "to_variable": {
            "key": "_uNgXgOa2EDSR_IS9IcGCCQ",
            "name": "parameter2",
            "type": null,
            "modifiers": [],
            "position": {}
          },
          "position": {}
        },
        "_AX8HoOa3EDSR_IS9IcGCCQ": {
          "key": "_AX8HoOa3EDSR_IS9IcGCCQ",
          "name": "parameter3",
          "type": null,
          "probability": 1,
          "modifiers": [],
          "to_variable": {
            "key": "_uc1M8Oa2EDSR_IS9IcGCCQ",
            "name": "parameter3",
            "type": null,
            "modifiers": [],
            "position": {}
          },
          "position": {}
        }
      }
    },
    "parameters_to_parameters_data_clump-./Spiky-_yCh8IfDZEDS0iJ-JmgZvmg-_nZnx0fDbEDS0iJ-JmgZvmg-parameterparameter2parameter3": {
      "type": "data_clump",
      "key": "parameters_to_parameters_data_clump-./Spiky-_yCh8IfDZEDS0iJ-JmgZvmg-_nZnx0fDbEDS0iJ-JmgZvmg-parameterparameter2parameter3",
      "probability": 1,
      "from_file_path": "./Spiky",
      "from_class_or_interface_name": "Spiky",
      "from_class_or_interface_key": "_KGG7YOUdEDS2d5IOJlTaeQ",
      "from_method_name": "spiky",
      "from_method_key": "_yCh8IfDZEDS0iJ-JmgZvmg",
      "to_file_path": "./Bullet",
      "to_class_or_interface_name": "Bullet",
      "to_class_or_interface_key": "_UNU8EPDbEDS0iJ-JmgZvmg",
      "to_method_name": "Bullet",
      "to_method_key": "_nZnx0fDbEDS0iJ-JmgZvmg",
      "data_clump_type": "parameters_to_parameters_data_clump",
      "data_clump_data": {
        "_DKqhwPDaEDS0iJ-JmgZvmg": {
          "key": "_DKqhwPDaEDS0iJ-JmgZvmg",
          "name": "parameter",
          "type": null,
          "probability": 1,
          "modifiers": [],
          "to_variable": {
            "key": "_PY8KkPDcEDS0iJ-JmgZvmg",
            "name": "parameter",
            "type": null,
            "modifiers": [],
            "position": {}
          },
          "position": {}
        },
        "_DYJkIPDaEDS0iJ-JmgZvmg": {
          "key": "_DYJkIPDaEDS0iJ-JmgZvmg",
          "name": "parameter2",
          "type": null,
          "probability": 1,
          "modifiers": [],
          "to_variable": {
            "key": "_Plv3gPDcEDS0iJ-JmgZvmg",
            "name": "parameter2",
            "type": null,
            "modifiers": [],
            "position": {}
          },
          "position": {}
        },
        "_DkPfYPDaEDS0iJ-JmgZvmg": {
          "key": "_DkPfYPDaEDS0iJ-JmgZvmg",
          "name": "parameter3",
          "type": null,
          "probability": 1,
          "modifiers": [],
          "to_variable": {
            "key": "_P9K5APDcEDS0iJ-JmgZvmg",
            "name": "parameter3",
            "type": null,
            "modifiers": [],
            "position": {}
          },
          "position": {}
        }
      }
    },
    "parameters_to_parameters_data_clump-./Spiky-_yCh8IfDZEDS0iJ-JmgZvmg-_4PLQwOa2EDSR_IS9IcGCCQ-parameterparameter2parameter3": {
      "type": "data_clump",
      "key": "parameters_to_parameters_data_clump-./Spiky-_yCh8IfDZEDS0iJ-JmgZvmg-_4PLQwOa2EDSR_IS9IcGCCQ-parameterparameter2parameter3",
      "probability": 1,
      "from_file_path": "./Spiky",
      "from_class_or_interface_name": "Spiky",
      "from_class_or_interface_key": "_KGG7YOUdEDS2d5IOJlTaeQ",
      "from_method_name": "spiky",
      "from_method_key": "_yCh8IfDZEDS0iJ-JmgZvmg",
      "to_file_path": "./Coin",
      "to_class_or_interface_name": "Coin",
      "to_class_or_interface_key": "_ShmZoOUgEDS2d5IOJlTaeQ",
      "to_method_name": "Coin",
      "to_method_key": "_4PLQwOa2EDSR_IS9IcGCCQ",
      "data_clump_type": "parameters_to_parameters_data_clump",
      "data_clump_data": {
        "_DKqhwPDaEDS0iJ-JmgZvmg": {
          "key": "_DKqhwPDaEDS0iJ-JmgZvmg",
          "name": "parameter",
          "type": null,
          "probability": 1,
          "modifiers": [],
          "to_variable": {
            "key": "__J6OQOa2EDSR_IS9IcGCCQ",
            "name": "parameter",
            "type": null,
            "modifiers": [],
            "position": {}
          },
          "position": {}
        },
        "_DYJkIPDaEDS0iJ-JmgZvmg": {
          "key": "_DYJkIPDaEDS0iJ-JmgZvmg",
          "name": "parameter2",
          "type": null,
          "probability": 1,
          "modifiers": [],
          "to_variable": {
            "key": "__Wl_YOa2EDSR_IS9IcGCCQ",
            "name": "parameter2",
            "type": null,
            "modifiers": [],
            "position": {}
          },
          "position": {}
        },
        "_DkPfYPDaEDS0iJ-JmgZvmg": {
          "key": "_DkPfYPDaEDS0iJ-JmgZvmg",
          "name": "parameter3",
          "type": null,
          "probability": 1,
          "modifiers": [],
          "to_variable": {
            "key": "__hK3sOa2EDSR_IS9IcGCCQ",
            "name": "parameter3",
            "type": null,
            "modifiers": [],
            "position": {}
          },
          "position": {}
        }
      }
    },
    "parameters_to_parameters_data_clump-./Spiky-_yCh8IfDZEDS0iJ-JmgZvmg-_8XfPQeUcEDS2d5IOJlTaeQ-parameterparameter2parameter3": {
      "type": "data_clump",
      "key": "parameters_to_parameters_data_clump-./Spiky-_yCh8IfDZEDS0iJ-JmgZvmg-_8XfPQeUcEDS2d5IOJlTaeQ-parameterparameter2parameter3",
      "probability": 1,
      "from_file_path": "./Spiky",
      "from_class_or_interface_name": "Spiky",
      "from_class_or_interface_key": "_KGG7YOUdEDS2d5IOJlTaeQ",
      "from_method_name": "spiky",
      "from_method_key": "_yCh8IfDZEDS0iJ-JmgZvmg",
      "to_file_path": "./Enemy",
      "to_class_or_interface_name": "Enemy",
      "to_class_or_interface_key": "_jBJSEOUcEDS2d5IOJlTaeQ",
      "to_method_name": "Enemy",
      "to_method_key": "_8XfPQeUcEDS2d5IOJlTaeQ",
      "data_clump_type": "parameters_to_parameters_data_clump",
      "data_clump_data": {
        "_DKqhwPDaEDS0iJ-JmgZvmg": {
          "key": "_DKqhwPDaEDS0iJ-JmgZvmg",
          "name": "parameter",
          "type": null,
          "probability": 1,
          "modifiers": [],
          "to_variable": {
            "key": "_BA0x4OUdEDS2d5IOJlTaeQ",
            "name": "parameter",
            "type": null,
            "modifiers": [],
            "position": {}
          },
          "position": {}
        },
        "_DYJkIPDaEDS0iJ-JmgZvmg": {
          "key": "_DYJkIPDaEDS0iJ-JmgZvmg",
          "name": "parameter2",
          "type": null,
          "probability": 1,
          "modifiers": [],
          "to_variable": {
            "key": "_BOPi0OUdEDS2d5IOJlTaeQ",
            "name": "parameter2",
            "type": null,
            "modifiers": [],
            "position": {}
          },
          "position": {}
        },
        "_DkPfYPDaEDS0iJ-JmgZvmg": {
          "key": "_DkPfYPDaEDS0iJ-JmgZvmg",
          "name": "parameter3",
          "type": null,
          "probability": 1,
          "modifiers": [],
          "to_variable": {
            "key": "_DgcO8OUdEDS2d5IOJlTaeQ",
            "name": "parameter3",
            "type": null,
            "modifiers": [],
            "position": {}
          },
          "position": {}
        }
      }
    },
    "parameters_to_parameters_data_clump-./Spiky-_yCh8IfDZEDS0iJ-JmgZvmg-_M20eBvDaEDS0iJ-JmgZvmg-parameterparameter2parameter3": {
      "type": "data_clump",
      "key": "parameters_to_parameters_data_clump-./Spiky-_yCh8IfDZEDS0iJ-JmgZvmg-_M20eBvDaEDS0iJ-JmgZvmg-parameterparameter2parameter3",
      "probability": 1,
      "from_file_path": "./Spiky",
      "from_class_or_interface_name": "Spiky",
      "from_class_or_interface_key": "_KGG7YOUdEDS2d5IOJlTaeQ",
      "from_method_name": "spiky",
      "from_method_key": "_yCh8IfDZEDS0iJ-JmgZvmg",
      "to_file_path": "./Green",
      "to_class_or_interface_name": "Green",
      "to_class_or_interface_key": "_M2z28PDaEDS0iJ-JmgZvmg",
      "to_method_name": "Green",
      "to_method_key": "_M20eBvDaEDS0iJ-JmgZvmg",
      "data_clump_type": "parameters_to_parameters_data_clump",
      "data_clump_data": {
        "_DKqhwPDaEDS0iJ-JmgZvmg": {
          "key": "_DKqhwPDaEDS0iJ-JmgZvmg",
          "name": "parameter",
          "type": null,
          "probability": 1,
          "modifiers": [],
          "to_variable": {
            "key": "_M20eCPDaEDS0iJ-JmgZvmg",
            "name": "parameter",
            "type": null,
            "modifiers": [],
            "position": {}
          },
          "position": {}
        },
        "_DYJkIPDaEDS0iJ-JmgZvmg": {
          "key": "_DYJkIPDaEDS0iJ-JmgZvmg",
          "name": "parameter2",
          "type": null,
          "probability": 1,
          "modifiers": [],
          "to_variable": {
            "key": "_M20eCfDaEDS0iJ-JmgZvmg",
            "name": "parameter2",
            "type": null,
            "modifiers": [],
            "position": {}
          },
          "position": {}
        },
        "_DkPfYPDaEDS0iJ-JmgZvmg": {
          "key": "_DkPfYPDaEDS0iJ-JmgZvmg",
          "name": "parameter3",
          "type": null,
          "probability": 1,
          "modifiers": [],
          "to_variable": {
            "key": "_M20eCvDaEDS0iJ-JmgZvmg",
            "name": "parameter3",
            "type": null,
            "modifiers": [],
            "position": {}
          },
          "position": {}
        }
      }
    },
    "parameters_to_parameters_data_clump-./Spiky-_yCh8IfDZEDS0iJ-JmgZvmg-_4wXSQea2EDSR_IS9IcGCCQ-parameterparameter2parameter3": {
      "type": "data_clump",
      "key": "parameters_to_parameters_data_clump-./Spiky-_yCh8IfDZEDS0iJ-JmgZvmg-_4wXSQea2EDSR_IS9IcGCCQ-parameterparameter2parameter3",
      "probability": 1,
      "from_file_path": "./Spiky",
      "from_class_or_interface_name": "Spiky",
      "from_class_or_interface_key": "_KGG7YOUdEDS2d5IOJlTaeQ",
      "from_method_name": "spiky",
      "from_method_key": "_yCh8IfDZEDS0iJ-JmgZvmg",
      "to_file_path": "./Obstacle",
      "to_class_or_interface_name": "Obstacle",
      "to_class_or_interface_key": "_0PaPkOa2EDSR_IS9IcGCCQ",
      "to_method_name": "Obstacle",
      "to_method_key": "_4wXSQea2EDSR_IS9IcGCCQ",
      "data_clump_type": "parameters_to_parameters_data_clump",
      "data_clump_data": {
        "_DKqhwPDaEDS0iJ-JmgZvmg": {
          "key": "_DKqhwPDaEDS0iJ-JmgZvmg",
          "name": "parameter",
          "type": null,
          "probability": 1,
          "modifiers": [],
          "to_variable": {
            "key": "__1yc0Oa2EDSR_IS9IcGCCQ",
            "name": "parameter",
            "type": null,
            "modifiers": [],
            "position": {}
          },
          "position": {}
        },
        "_DYJkIPDaEDS0iJ-JmgZvmg": {
          "key": "_DYJkIPDaEDS0iJ-JmgZvmg",
          "name": "parameter2",
          "type": null,
          "probability": 1,
          "modifiers": [],
          "to_variable": {
            "key": "_AFqr4Oa3EDSR_IS9IcGCCQ",
            "name": "parameter2",
            "type": null,
            "modifiers": [],
            "position": {}
          },
          "position": {}
        },
        "_DkPfYPDaEDS0iJ-JmgZvmg": {
          "key": "_DkPfYPDaEDS0iJ-JmgZvmg",
          "name": "parameter3",
          "type": null,
          "probability": 1,
          "modifiers": [],
          "to_variable": {
            "key": "_AX8HoOa3EDSR_IS9IcGCCQ",
            "name": "parameter3",
            "type": null,
            "modifiers": [],
            "position": {}
          },
          "position": {}
        }
      }
    },
    "parameters_to_parameters_data_clump-./Spiky-_yCh8IfDZEDS0iJ-JmgZvmg-_sJ3Ewea2EDSR_IS9IcGCCQ-parameterparameter2parameter3": {
      "type": "data_clump",
      "key": "parameters_to_parameters_data_clump-./Spiky-_yCh8IfDZEDS0iJ-JmgZvmg-_sJ3Ewea2EDSR_IS9IcGCCQ-parameterparameter2parameter3",
      "probability": 1,
      "from_file_path": "./Spiky",
      "from_class_or_interface_name": "Spiky",
      "from_class_or_interface_key": "_KGG7YOUdEDS2d5IOJlTaeQ",
      "from_method_name": "spiky",
      "from_method_key": "_yCh8IfDZEDS0iJ-JmgZvmg",
      "to_file_path": "./liveObject",
      "to_class_or_interface_name": "liveObject",
      "to_class_or_interface_key": "_Q4Dgcea2EDSR_IS9IcGCCQ",
      "to_method_name": "liveObject",
      "to_method_key": "_sJ3Ewea2EDSR_IS9IcGCCQ",
      "data_clump_type": "parameters_to_parameters_data_clump",
      "data_clump_data": {
        "_DKqhwPDaEDS0iJ-JmgZvmg": {
          "key": "_DKqhwPDaEDS0iJ-JmgZvmg",
          "name": "parameter",
          "type": null,
          "probability": 1,
          "modifiers": [],
          "to_variable": {
            "key": "_t8W9IOa2EDSR_IS9IcGCCQ",
            "name": "parameter",
            "type": null,
            "modifiers": [],
            "position": {}
          },
          "position": {}
        },
        "_DYJkIPDaEDS0iJ-JmgZvmg": {
          "key": "_DYJkIPDaEDS0iJ-JmgZvmg",
          "name": "parameter2",
          "type": null,
          "probability": 1,
          "modifiers": [],
          "to_variable": {
            "key": "_uNgXgOa2EDSR_IS9IcGCCQ",
            "name": "parameter2",
            "type": null,
            "modifiers": [],
            "position": {}
          },
          "position": {}
        },
        "_DkPfYPDaEDS0iJ-JmgZvmg": {
          "key": "_DkPfYPDaEDS0iJ-JmgZvmg",
          "name": "parameter3",
          "type": null,
          "probability": 1,
          "modifiers": [],
          "to_variable": {
            "key": "_uc1M8Oa2EDSR_IS9IcGCCQ",
            "name": "parameter3",
            "type": null,
            "modifiers": [],
            "position": {}
          },
          "position": {}
        }
      }
    },
    "parameters_to_parameters_data_clump-./liveObject-_sJ3Ewea2EDSR_IS9IcGCCQ-_nZnx0fDbEDS0iJ-JmgZvmg-parameterparameter2parameter3": {
      "type": "data_clump",
      "key": "parameters_to_parameters_data_clump-./liveObject-_sJ3Ewea2EDSR_IS9IcGCCQ-_nZnx0fDbEDS0iJ-JmgZvmg-parameterparameter2parameter3",
      "probability": 1,
      "from_file_path": "./liveObject",
      "from_class_or_interface_name": "liveObject",
      "from_class_or_interface_key": "_Q4Dgcea2EDSR_IS9IcGCCQ",
      "from_method_name": "liveObject",
      "from_method_key": "_sJ3Ewea2EDSR_IS9IcGCCQ",
      "to_file_path": "./Bullet",
      "to_class_or_interface_name": "Bullet",
      "to_class_or_interface_key": "_UNU8EPDbEDS0iJ-JmgZvmg",
      "to_method_name": "Bullet",
      "to_method_key": "_nZnx0fDbEDS0iJ-JmgZvmg",
      "data_clump_type": "parameters_to_parameters_data_clump",
      "data_clump_data": {
        "_t8W9IOa2EDSR_IS9IcGCCQ": {
          "key": "_t8W9IOa2EDSR_IS9IcGCCQ",
          "name": "parameter",
          "type": null,
          "probability": 1,
          "modifiers": [],
          "to_variable": {
            "key": "_PY8KkPDcEDS0iJ-JmgZvmg",
            "name": "parameter",
            "type": null,
            "modifiers": [],
            "position": {}
          },
          "position": {}
        },
        "_uNgXgOa2EDSR_IS9IcGCCQ": {
          "key": "_uNgXgOa2EDSR_IS9IcGCCQ",
          "name": "parameter2",
          "type": null,
          "probability": 1,
          "modifiers": [],
          "to_variable": {
            "key": "_Plv3gPDcEDS0iJ-JmgZvmg",
            "name": "parameter2",
            "type": null,
            "modifiers": [],
            "position": {}
          },
          "position": {}
        },
        "_uc1M8Oa2EDSR_IS9IcGCCQ": {
          "key": "_uc1M8Oa2EDSR_IS9IcGCCQ",
          "name": "parameter3",
          "type": null,
          "probability": 1,
          "modifiers": [],
          "to_variable": {
            "key": "_P9K5APDcEDS0iJ-JmgZvmg",
            "name": "parameter3",
            "type": null,
            "modifiers": [],
            "position": {}
          },
          "position": {}
        }
      }
    },
    "parameters_to_parameters_data_clump-./liveObject-_sJ3Ewea2EDSR_IS9IcGCCQ-_4PLQwOa2EDSR_IS9IcGCCQ-parameterparameter2parameter3": {
      "type": "data_clump",
      "key": "parameters_to_parameters_data_clump-./liveObject-_sJ3Ewea2EDSR_IS9IcGCCQ-_4PLQwOa2EDSR_IS9IcGCCQ-parameterparameter2parameter3",
      "probability": 1,
      "from_file_path": "./liveObject",
      "from_class_or_interface_name": "liveObject",
      "from_class_or_interface_key": "_Q4Dgcea2EDSR_IS9IcGCCQ",
      "from_method_name": "liveObject",
      "from_method_key": "_sJ3Ewea2EDSR_IS9IcGCCQ",
      "to_file_path": "./Coin",
      "to_class_or_interface_name": "Coin",
      "to_class_or_interface_key": "_ShmZoOUgEDS2d5IOJlTaeQ",
      "to_method_name": "Coin",
      "to_method_key": "_4PLQwOa2EDSR_IS9IcGCCQ",
      "data_clump_type": "parameters_to_parameters_data_clump",
      "data_clump_data": {
        "_t8W9IOa2EDSR_IS9IcGCCQ": {
          "key": "_t8W9IOa2EDSR_IS9IcGCCQ",
          "name": "parameter",
          "type": null,
          "probability": 1,
          "modifiers": [],
          "to_variable": {
            "key": "__J6OQOa2EDSR_IS9IcGCCQ",
            "name": "parameter",
            "type": null,
            "modifiers": [],
            "position": {}
          },
          "position": {}
        },
        "_uNgXgOa2EDSR_IS9IcGCCQ": {
          "key": "_uNgXgOa2EDSR_IS9IcGCCQ",
          "name": "parameter2",
          "type": null,
          "probability": 1,
          "modifiers": [],
          "to_variable": {
            "key": "__Wl_YOa2EDSR_IS9IcGCCQ",
            "name": "parameter2",
            "type": null,
            "modifiers": [],
            "position": {}
          },
          "position": {}
        },
        "_uc1M8Oa2EDSR_IS9IcGCCQ": {
          "key": "_uc1M8Oa2EDSR_IS9IcGCCQ",
          "name": "parameter3",
          "type": null,
          "probability": 1,
          "modifiers": [],
          "to_variable": {
            "key": "__hK3sOa2EDSR_IS9IcGCCQ",
            "name": "parameter3",
            "type": null,
            "modifiers": [],
            "position": {}
          },
          "position": {}
        }
      }
    },
    "parameters_to_parameters_data_clump-./liveObject-_sJ3Ewea2EDSR_IS9IcGCCQ-_8XfPQeUcEDS2d5IOJlTaeQ-parameterparameter2parameter3": {
      "type": "data_clump",
      "key": "parameters_to_parameters_data_clump-./liveObject-_sJ3Ewea2EDSR_IS9IcGCCQ-_8XfPQeUcEDS2d5IOJlTaeQ-parameterparameter2parameter3",
      "probability": 1,
      "from_file_path": "./liveObject",
      "from_class_or_interface_name": "liveObject",
      "from_class_or_interface_key": "_Q4Dgcea2EDSR_IS9IcGCCQ",
      "from_method_name": "liveObject",
      "from_method_key": "_sJ3Ewea2EDSR_IS9IcGCCQ",
      "to_file_path": "./Enemy",
      "to_class_or_interface_name": "Enemy",
      "to_class_or_interface_key": "_jBJSEOUcEDS2d5IOJlTaeQ",
      "to_method_name": "Enemy",
      "to_method_key": "_8XfPQeUcEDS2d5IOJlTaeQ",
      "data_clump_type": "parameters_to_parameters_data_clump",
      "data_clump_data": {
        "_t8W9IOa2EDSR_IS9IcGCCQ": {
          "key": "_t8W9IOa2EDSR_IS9IcGCCQ",
          "name": "parameter",
          "type": null,
          "probability": 1,
          "modifiers": [],
          "to_variable": {
            "key": "_BA0x4OUdEDS2d5IOJlTaeQ",
            "name": "parameter",
            "type": null,
            "modifiers": [],
            "position": {}
          },
          "position": {}
        },
        "_uNgXgOa2EDSR_IS9IcGCCQ": {
          "key": "_uNgXgOa2EDSR_IS9IcGCCQ",
          "name": "parameter2",
          "type": null,
          "probability": 1,
          "modifiers": [],
          "to_variable": {
            "key": "_BOPi0OUdEDS2d5IOJlTaeQ",
            "name": "parameter2",
            "type": null,
            "modifiers": [],
            "position": {}
          },
          "position": {}
        },
        "_uc1M8Oa2EDSR_IS9IcGCCQ": {
          "key": "_uc1M8Oa2EDSR_IS9IcGCCQ",
          "name": "parameter3",
          "type": null,
          "probability": 1,
          "modifiers": [],
          "to_variable": {
            "key": "_DgcO8OUdEDS2d5IOJlTaeQ",
            "name": "parameter3",
            "type": null,
            "modifiers": [],
            "position": {}
          },
          "position": {}
        }
      }
    },
    "parameters_to_parameters_data_clump-./liveObject-_sJ3Ewea2EDSR_IS9IcGCCQ-_M20eBvDaEDS0iJ-JmgZvmg-parameterparameter2parameter3": {
      "type": "data_clump",
      "key": "parameters_to_parameters_data_clump-./liveObject-_sJ3Ewea2EDSR_IS9IcGCCQ-_M20eBvDaEDS0iJ-JmgZvmg-parameterparameter2parameter3",
      "probability": 1,
      "from_file_path": "./liveObject",
      "from_class_or_interface_name": "liveObject",
      "from_class_or_interface_key": "_Q4Dgcea2EDSR_IS9IcGCCQ",
      "from_method_name": "liveObject",
      "from_method_key": "_sJ3Ewea2EDSR_IS9IcGCCQ",
      "to_file_path": "./Green",
      "to_class_or_interface_name": "Green",
      "to_class_or_interface_key": "_M2z28PDaEDS0iJ-JmgZvmg",
      "to_method_name": "Green",
      "to_method_key": "_M20eBvDaEDS0iJ-JmgZvmg",
      "data_clump_type": "parameters_to_parameters_data_clump",
      "data_clump_data": {
        "_t8W9IOa2EDSR_IS9IcGCCQ": {
          "key": "_t8W9IOa2EDSR_IS9IcGCCQ",
          "name": "parameter",
          "type": null,
          "probability": 1,
          "modifiers": [],
          "to_variable": {
            "key": "_M20eCPDaEDS0iJ-JmgZvmg",
            "name": "parameter",
            "type": null,
            "modifiers": [],
            "position": {}
          },
          "position": {}
        },
        "_uNgXgOa2EDSR_IS9IcGCCQ": {
          "key": "_uNgXgOa2EDSR_IS9IcGCCQ",
          "name": "parameter2",
          "type": null,
          "probability": 1,
          "modifiers": [],
          "to_variable": {
            "key": "_M20eCfDaEDS0iJ-JmgZvmg",
            "name": "parameter2",
            "type": null,
            "modifiers": [],
            "position": {}
          },
          "position": {}
        },
        "_uc1M8Oa2EDSR_IS9IcGCCQ": {
          "key": "_uc1M8Oa2EDSR_IS9IcGCCQ",
          "name": "parameter3",
          "type": null,
          "probability": 1,
          "modifiers": [],
          "to_variable": {
            "key": "_M20eCvDaEDS0iJ-JmgZvmg",
            "name": "parameter3",
            "type": null,
            "modifiers": [],
            "position": {}
          },
          "position": {}
        }
      }
    },
    "parameters_to_parameters_data_clump-./liveObject-_sJ3Ewea2EDSR_IS9IcGCCQ-_4wXSQea2EDSR_IS9IcGCCQ-parameterparameter2parameter3": {
      "type": "data_clump",
      "key": "parameters_to_parameters_data_clump-./liveObject-_sJ3Ewea2EDSR_IS9IcGCCQ-_4wXSQea2EDSR_IS9IcGCCQ-parameterparameter2parameter3",
      "probability": 1,
      "from_file_path": "./liveObject",
      "from_class_or_interface_name": "liveObject",
      "from_class_or_interface_key": "_Q4Dgcea2EDSR_IS9IcGCCQ",
      "from_method_name": "liveObject",
      "from_method_key": "_sJ3Ewea2EDSR_IS9IcGCCQ",
      "to_file_path": "./Obstacle",
      "to_class_or_interface_name": "Obstacle",
      "to_class_or_interface_key": "_0PaPkOa2EDSR_IS9IcGCCQ",
      "to_method_name": "Obstacle",
      "to_method_key": "_4wXSQea2EDSR_IS9IcGCCQ",
      "data_clump_type": "parameters_to_parameters_data_clump",
      "data_clump_data": {
        "_t8W9IOa2EDSR_IS9IcGCCQ": {
          "key": "_t8W9IOa2EDSR_IS9IcGCCQ",
          "name": "parameter",
          "type": null,
          "probability": 1,
          "modifiers": [],
          "to_variable": {
            "key": "__1yc0Oa2EDSR_IS9IcGCCQ",
            "name": "parameter",
            "type": null,
            "modifiers": [],
            "position": {}
          },
          "position": {}
        },
        "_uNgXgOa2EDSR_IS9IcGCCQ": {
          "key": "_uNgXgOa2EDSR_IS9IcGCCQ",
          "name": "parameter2",
          "type": null,
          "probability": 1,
          "modifiers": [],
          "to_variable": {
            "key": "_AFqr4Oa3EDSR_IS9IcGCCQ",
            "name": "parameter2",
            "type": null,
            "modifiers": [],
            "position": {}
          },
          "position": {}
        },
        "_uc1M8Oa2EDSR_IS9IcGCCQ": {
          "key": "_uc1M8Oa2EDSR_IS9IcGCCQ",
          "name": "parameter3",
          "type": null,
          "probability": 1,
          "modifiers": [],
          "to_variable": {
            "key": "_AX8HoOa3EDSR_IS9IcGCCQ",
            "name": "parameter3",
            "type": null,
            "modifiers": [],
            "position": {}
          },
          "position": {}
        }
      }
    },
    "parameters_to_parameters_data_clump-./liveObject-_sJ3Ewea2EDSR_IS9IcGCCQ-_yCh8IfDZEDS0iJ-JmgZvmg-parameterparameter2parameter3": {
      "type": "data_clump",
      "key": "parameters_to_parameters_data_clump-./liveObject-_sJ3Ewea2EDSR_IS9IcGCCQ-_yCh8IfDZEDS0iJ-JmgZvmg-parameterparameter2parameter3",
      "probability": 1,
      "from_file_path": "./liveObject",
      "from_class_or_interface_name": "liveObject",
      "from_class_or_interface_key": "_Q4Dgcea2EDSR_IS9IcGCCQ",
      "from_method_name": "liveObject",
      "from_method_key": "_sJ3Ewea2EDSR_IS9IcGCCQ",
      "to_file_path": "./Spiky",
      "to_class_or_interface_name": "Spiky",
      "to_class_or_interface_key": "_KGG7YOUdEDS2d5IOJlTaeQ",
      "to_method_name": "spiky",
      "to_method_key": "_yCh8IfDZEDS0iJ-JmgZvmg",
      "data_clump_type": "parameters_to_parameters_data_clump",
      "data_clump_data": {
        "_t8W9IOa2EDSR_IS9IcGCCQ": {
          "key": "_t8W9IOa2EDSR_IS9IcGCCQ",
          "name": "parameter",
          "type": null,
          "probability": 1,
          "modifiers": [],
          "to_variable": {
            "key": "_DKqhwPDaEDS0iJ-JmgZvmg",
            "name": "parameter",
            "type": null,
            "modifiers": [],
            "position": {}
          },
          "position": {}
        },
        "_uNgXgOa2EDSR_IS9IcGCCQ": {
          "key": "_uNgXgOa2EDSR_IS9IcGCCQ",
          "name": "parameter2",
          "type": null,
          "probability": 1,
          "modifiers": [],
          "to_variable": {
            "key": "_DYJkIPDaEDS0iJ-JmgZvmg",
            "name": "parameter2",
            "type": null,
            "modifiers": [],
            "position": {}
          },
          "position": {}
        },
        "_uc1M8Oa2EDSR_IS9IcGCCQ": {
          "key": "_uc1M8Oa2EDSR_IS9IcGCCQ",
          "name": "parameter3",
          "type": null,
          "probability": 1,
          "modifiers": [],
          "to_variable": {
            "key": "_DkPfYPDaEDS0iJ-JmgZvmg",
            "name": "parameter3",
            "type": null,
            "modifiers": [],
            "position": {}
          },
          "position": {}
        }
      }
    },
    "fields_to_fields_data_clump-./Green-_M2z28PDaEDS0iJ-JmgZvmg-_KGG7YOUdEDS2d5IOJlTaeQ-stateTimeframessetDeadDead": {
      "type": "data_clump",
      "key": "fields_to_fields_data_clump-./Green-_M2z28PDaEDS0iJ-JmgZvmg-_KGG7YOUdEDS2d5IOJlTaeQ-stateTimeframessetDeadDead",
      "probability": 1,
      "from_file_path": "./Green",
      "from_class_or_interface_name": "Green",
      "from_class_or_interface_key": "_M2z28PDaEDS0iJ-JmgZvmg",
      "from_method_name": null,
      "from_method_key": null,
      "to_file_path": "./Spiky",
      "to_class_or_interface_key": "_KGG7YOUdEDS2d5IOJlTaeQ",
      "to_class_or_interface_name": "Green",
      "to_method_key": null,
      "to_method_name": null,
      "data_clump_type": "fields_to_fields_data_clump",
      "data_clump_data": {
        "_M20eAfDaEDS0iJ-JmgZvmg": {
          "key": "_M20eAfDaEDS0iJ-JmgZvmg",
          "name": "stateTime",
          "type": null,
          "probability": 1,
          "modifiers": [],
          "to_variable": {
            "key": "_vfTKYPDZEDS0iJ-JmgZvmg",
            "name": "stateTime",
            "type": null,
            "modifiers": [],
            "position": {}
          },
          "position": {}
        },
        "_M20eA_DaEDS0iJ-JmgZvmg": {
          "key": "_M20eA_DaEDS0iJ-JmgZvmg",
          "name": "frames",
          "type": null,
          "probability": 1,
          "modifiers": [],
          "to_variable": {
            "key": "_v0BdMPDZEDS0iJ-JmgZvmg",
            "name": "frames",
            "type": null,
            "modifiers": [],
            "position": {}
          },
          "position": {}
        },
        "_M20eBPDaEDS0iJ-JmgZvmg": {
          "key": "_M20eBPDaEDS0iJ-JmgZvmg",
          "name": "setDead",
          "type": null,
          "probability": 1,
          "modifiers": [],
          "to_variable": {
            "key": "_v_DBcPDZEDS0iJ-JmgZvmg",
            "name": "setDead",
            "type": null,
            "modifiers": [],
            "position": {}
          },
          "position": {}
        },
        "_M20eBfDaEDS0iJ-JmgZvmg": {
          "key": "_M20eBfDaEDS0iJ-JmgZvmg",
          "name": "Dead",
          "type": null,
          "probability": 1,
          "modifiers": [],
          "to_variable": {
            "key": "_wLcesPDZEDS0iJ-JmgZvmg",
            "name": "Dead",
            "type": null,
            "modifiers": [],
            "position": {}
          },
          "position": {}
        }
      }
    },
    "fields_to_fields_data_clump-./Spiky-_KGG7YOUdEDS2d5IOJlTaeQ-_M2z28PDaEDS0iJ-JmgZvmg-stateTimeframessetDeadDead": {
      "type": "data_clump",
      "key": "fields_to_fields_data_clump-./Spiky-_KGG7YOUdEDS2d5IOJlTaeQ-_M2z28PDaEDS0iJ-JmgZvmg-stateTimeframessetDeadDead",
      "probability": 1,
      "from_file_path": "./Spiky",
      "from_class_or_interface_name": "Spiky",
      "from_class_or_interface_key": "_KGG7YOUdEDS2d5IOJlTaeQ",
      "from_method_name": null,
      "from_method_key": null,
      "to_file_path": "./Green",
      "to_class_or_interface_key": "_M2z28PDaEDS0iJ-JmgZvmg",
      "to_class_or_interface_name": "Spiky",
      "to_method_key": null,
      "to_method_name": null,
      "data_clump_type": "fields_to_fields_data_clump",
      "data_clump_data": {
        "_vfTKYPDZEDS0iJ-JmgZvmg": {
          "key": "_vfTKYPDZEDS0iJ-JmgZvmg",
          "name": "stateTime",
          "type": null,
          "probability": 1,
          "modifiers": [],
          "to_variable": {
            "key": "_M20eAfDaEDS0iJ-JmgZvmg",
            "name": "stateTime",
            "type": null,
            "modifiers": [],
            "position": {}
          },
          "position": {}
        },
        "_v0BdMPDZEDS0iJ-JmgZvmg": {
          "key": "_v0BdMPDZEDS0iJ-JmgZvmg",
          "name": "frames",
          "type": null,
          "probability": 1,
          "modifiers": [],
          "to_variable": {
            "key": "_M20eA_DaEDS0iJ-JmgZvmg",
            "name": "frames",
            "type": null,
            "modifiers": [],
            "position": {}
          },
          "position": {}
        },
        "_v_DBcPDZEDS0iJ-JmgZvmg": {
          "key": "_v_DBcPDZEDS0iJ-JmgZvmg",
          "name": "setDead",
          "type": null,
          "probability": 1,
          "modifiers": [],
          "to_variable": {
            "key": "_M20eBPDaEDS0iJ-JmgZvmg",
            "name": "setDead",
            "type": null,
            "modifiers": [],
            "position": {}
          },
          "position": {}
        },
        "_wLcesPDZEDS0iJ-JmgZvmg": {
          "key": "_wLcesPDZEDS0iJ-JmgZvmg",
          "name": "Dead",
          "type": null,
          "probability": 1,
          "modifiers": [],
          "to_variable": {
            "key": "_M20eBfDaEDS0iJ-JmgZvmg",
            "name": "Dead",
            "type": null,
            "modifiers": [],
            "position": {}
          },
          "position": {}
        }
      }
    }
  }
}