{
  "report_version": "unknown",
  "report_timestamp": "2025-03-26T22:51:48.867Z",
  "target_language": "java",
  "report_summary": {
    "additional": null,
    "amount_classes_or_interfaces_with_data_clumps": 2,
    "amount_files_with_data_clumps": 2,
    "amount_methods_with_data_clumps": 0,
    "fields_to_fields_data_clump": 2,
    "parameters_to_fields_data_clump": 0,
    "parameters_to_parameters_data_clump": 0,
    "amount_data_clumps": 2
  },
  "project_info": {
    "project_url": "unknown_project_url",
    "project_name": "_7f_WsElqEDGXFYgvms9hZg",
    "project_version": "unknown_project_version",
    "project_commit_hash": "unknown",
    "project_tag": null,
    "project_commit_date": null,
    "additional": {},
    "number_of_files": 9,
    "number_of_classes_or_interfaces": 9,
    "number_of_methods": 54,
    "number_of_data_fields": 35,
    "number_of_method_parameters": 9
  },
  "detector": {
    "name": "data-clumps-doctor",
    "url": "https://github.com/NilsBaumgartner1994/data-clumps-doctor",
    "version": "0.1.100",
    "options": {
      "typeVariablesConsidered": false,
      "similarityModifierOfVariablesWithUnknownType": 0,
      "fieldsOfClassesWithUnknownHierarchyProbabilityModifier": 0,
      "sharedFieldsToFieldsAmountMinimum": 3,
      "analyseFieldsInClassesOrInterfacesInheritedFromSuperClassesOrInterfaces": false,
      "sharedParametersToParametersAmountMinimum": 3,
      "sharedParametersToFieldsAmountMinimum": 3,
      "methodsOfClassesOrInterfacesWithUnknownHierarchyProbabilityModifier": 0
    }
  },
  "data_clumps": {
    "fields_to_fields_data_clump-./Bike-_687lkEltEDGGFLZrhr6LLg-_GikhEElwEDGGFLZrhr6LLg-colorwidthheightxy": {
      "type": "data_clump",
      "key": "fields_to_fields_data_clump-./Bike-_687lkEltEDGGFLZrhr6LLg-_GikhEElwEDGGFLZrhr6LLg-colorwidthheightxy",
      "probability": 1,
      "from_file_path": "./Bike",
      "from_class_or_interface_name": "Bike",
      "from_class_or_interface_key": "_687lkEltEDGGFLZrhr6LLg",
      "from_method_name": null,
      "from_method_key": null,
      "to_file_path": "./Entity",
      "to_class_or_interface_key": "_GikhEElwEDGGFLZrhr6LLg",
      "to_class_or_interface_name": "Bike",
      "to_method_key": null,
      "to_method_name": null,
      "data_clump_type": "fields_to_fields_data_clump",
      "data_clump_data": {
        "_EMaz8EluEDGGFLZrhr6LLg": {
          "key": "_EMaz8EluEDGGFLZrhr6LLg",
          "name": "color",
          "type": null,
          "probability": 1,
          "modifiers": [],
          "to_variable": {
            "key": "_KMJP0ElwEDGGFLZrhr6LLg",
            "name": "color",
            "type": null,
            "modifiers": [],
            "position": {}
          },
          "position": {}
        },
        "_RTFvQEluEDGGFLZrhr6LLg": {
          "key": "_RTFvQEluEDGGFLZrhr6LLg",
          "name": "width",
          "type": null,
          "probability": 1,
          "modifiers": [],
          "to_variable": {
            "key": "_M_tjoElwEDGGFLZrhr6LLg",
            "name": "width",
            "type": null,
            "modifiers": [],
            "position": {}
          },
          "position": {}
        },
        "_TJhFYEluEDGGFLZrhr6LLg": {
          "key": "_TJhFYEluEDGGFLZrhr6LLg",
          "name": "height",
          "type": null,
          "probability": 1,
          "modifiers": [],
          "to_variable": {
            "key": "_PpiFkElwEDGGFLZrhr6LLg",
            "name": "height",
            "type": null,
            "modifiers": [],
            "position": {}
          },
          "position": {}
        },
        "_iOfgcEluEDGGFLZrhr6LLg": {
          "key": "_iOfgcEluEDGGFLZrhr6LLg",
          "name": "x",
          "type": null,
          "probability": 1,
          "modifiers": [],
          "to_variable": {
            "key": "_TaGNIElwEDGGFLZrhr6LLg",
            "name": "x",
            "type": null,
            "modifiers": [],
            "position": {}
          },
          "position": {}
        },
        "_kvKtcEluEDGGFLZrhr6LLg": {
          "key": "_kvKtcEluEDGGFLZrhr6LLg",
          "name": "y",
          "type": null,
          "probability": 1,
          "modifiers": [],
          "to_variable": {
            "key": "_VP7tYElwEDGGFLZrhr6LLg",
            "name": "y",
            "type": null,
            "modifiers": [],
            "position": {}
          },
          "position": {}
        }
      }
    },
    "fields_to_fields_data_clump-./Entity-_GikhEElwEDGGFLZrhr6LLg-_687lkEltEDGGFLZrhr6LLg-colorwidthheightxy": {
      "type": "data_clump",
      "key": "fields_to_fields_data_clump-./Entity-_GikhEElwEDGGFLZrhr6LLg-_687lkEltEDGGFLZrhr6LLg-colorwidthheightxy",
      "probability": 1,
      "from_file_path": "./Entity",
      "from_class_or_interface_name": "Entity",
      "from_class_or_interface_key": "_GikhEElwEDGGFLZrhr6LLg",
      "from_method_name": null,
      "from_method_key": null,
      "to_file_path": "./Bike",
      "to_class_or_interface_key": "_687lkEltEDGGFLZrhr6LLg",
      "to_class_or_interface_name": "Entity",
      "to_method_key": null,
      "to_method_name": null,
      "data_clump_type": "fields_to_fields_data_clump",
      "data_clump_data": {
        "_KMJP0ElwEDGGFLZrhr6LLg": {
          "key": "_KMJP0ElwEDGGFLZrhr6LLg",
          "name": "color",
          "type": null,
          "probability": 1,
          "modifiers": [],
          "to_variable": {
            "key": "_EMaz8EluEDGGFLZrhr6LLg",
            "name": "color",
            "type": null,
            "modifiers": [],
            "position": {}
          },
          "position": {}
        },
        "_M_tjoElwEDGGFLZrhr6LLg": {
          "key": "_M_tjoElwEDGGFLZrhr6LLg",
          "name": "width",
          "type": null,
          "probability": 1,
          "modifiers": [],
          "to_variable": {
            "key": "_RTFvQEluEDGGFLZrhr6LLg",
            "name": "width",
            "type": null,
            "modifiers": [],
            "position": {}
          },
          "position": {}
        },
        "_PpiFkElwEDGGFLZrhr6LLg": {
          "key": "_PpiFkElwEDGGFLZrhr6LLg",
          "name": "height",
          "type": null,
          "probability": 1,
          "modifiers": [],
          "to_variable": {
            "key": "_TJhFYEluEDGGFLZrhr6LLg",
            "name": "height",
            "type": null,
            "modifiers": [],
            "position": {}
          },
          "position": {}
        },
        "_TaGNIElwEDGGFLZrhr6LLg": {
          "key": "_TaGNIElwEDGGFLZrhr6LLg",
          "name": "x",
          "type": null,
          "probability": 1,
          "modifiers": [],
          "to_variable": {
            "key": "_iOfgcEluEDGGFLZrhr6LLg",
            "name": "x",
            "type": null,
            "modifiers": [],
            "position": {}
          },
          "position": {}
        },
        "_VP7tYElwEDGGFLZrhr6LLg": {
          "key": "_VP7tYElwEDGGFLZrhr6LLg",
          "name": "y",
          "type": null,
          "probability": 1,
          "modifiers": [],
          "to_variable": {
            "key": "_kvKtcEluEDGGFLZrhr6LLg",
            "name": "y",
            "type": null,
            "modifiers": [],
            "position": {}
          },
          "position": {}
        }
      }
    }
  }
}