{
  "report_version": "unknown",
  "report_timestamp": "2025-03-26T22:44:01.482Z",
  "target_language": "java",
  "report_summary": {
    "additional": null,
    "amount_classes_or_interfaces_with_data_clumps": 3,
    "amount_files_with_data_clumps": 3,
    "amount_methods_with_data_clumps": 0,
    "fields_to_fields_data_clump": 6,
    "parameters_to_fields_data_clump": 0,
    "parameters_to_parameters_data_clump": 0,
    "amount_data_clumps": 6
  },
  "project_info": {
    "project_url": "unknown_project_url",
    "project_name": "_i_ZNcEmcEeeTJ_4Vl2J2rQ",
    "project_version": "unknown_project_version",
    "project_commit_hash": "unknown",
    "project_tag": null,
    "project_commit_date": null,
    "additional": {},
    "number_of_files": 6,
    "number_of_classes_or_interfaces": 6,
    "number_of_methods": 9,
    "number_of_data_fields": 30,
    "number_of_method_parameters": 5
  },
  "detector": {
    "name": "data-clumps-doctor",
    "url": "https://github.com/NilsBaumgartner1994/data-clumps-doctor",
    "version": "0.1.100",
    "options": {
      "typeVariablesConsidered": false,
      "similarityModifierOfVariablesWithUnknownType": 0,
      "fieldsOfClassesWithUnknownHierarchyProbabilityModifier": 0,
      "sharedFieldsToFieldsAmountMinimum": 3,
      "analyseFieldsInClassesOrInterfacesInheritedFromSuperClassesOrInterfaces": false,
      "sharedParametersToParametersAmountMinimum": 3,
      "sharedParametersToFieldsAmountMinimum": 3,
      "methodsOfClassesOrInterfacesWithUnknownHierarchyProbabilityModifier": 0
    }
  },
  "data_clumps": {
    "fields_to_fields_data_clump-./PlantView1-_wXcrACvMEDWGh-RH5Nswfw-_wxdGcCvMEDWGh-RH5Nswfw-hindexheightwidth": {
      "type": "data_clump",
      "key": "fields_to_fields_data_clump-./PlantView1-_wXcrACvMEDWGh-RH5Nswfw-_wxdGcCvMEDWGh-RH5Nswfw-hindexheightwidth",
      "probability": 1,
      "from_file_path": "./PlantView1",
      "from_class_or_interface_name": "PlantView1",
      "from_class_or_interface_key": "_wXcrACvMEDWGh-RH5Nswfw",
      "from_method_name": null,
      "from_method_key": null,
      "to_file_path": "./PlantView2",
      "to_class_or_interface_key": "_wxdGcCvMEDWGh-RH5Nswfw",
      "to_class_or_interface_name": "PlantView1",
      "to_method_key": null,
      "to_method_name": null,
      "data_clump_type": "fields_to_fields_data_clump",
      "data_clump_data": {
        "_oX6MICvNEDWGh-RH5Nswfw": {
          "key": "_oX6MICvNEDWGh-RH5Nswfw",
          "name": "hindex",
          "type": null,
          "probability": 1,
          "modifiers": [],
          "to_variable": {
            "key": "_rhtOoCvNEDWGh-RH5Nswfw",
            "name": "hindex",
            "type": null,
            "modifiers": [],
            "position": {}
          },
          "position": {}
        },
        "_y-JyECvNEDWGh-RH5Nswfw": {
          "key": "_y-JyECvNEDWGh-RH5Nswfw",
          "name": "height",
          "type": null,
          "probability": 1,
          "modifiers": [],
          "to_variable": {
            "key": "_1tKWACvNEDWGh-RH5Nswfw",
            "name": "height",
            "type": null,
            "modifiers": [],
            "position": {}
          },
          "position": {}
        },
        "_4UTXYCvNEDWGh-RH5Nswfw": {
          "key": "_4UTXYCvNEDWGh-RH5Nswfw",
          "name": "width",
          "type": null,
          "probability": 1,
          "modifiers": [],
          "to_variable": {
            "key": "_8Kfl0CvNEDWGh-RH5Nswfw",
            "name": "width",
            "type": null,
            "modifiers": [],
            "position": {}
          },
          "position": {}
        }
      }
    },
    "fields_to_fields_data_clump-./PlantView1-_wXcrACvMEDWGh-RH5Nswfw-_xJkEcCvMEDWGh-RH5Nswfw-hindexheightwidth": {
      "type": "data_clump",
      "key": "fields_to_fields_data_clump-./PlantView1-_wXcrACvMEDWGh-RH5Nswfw-_xJkEcCvMEDWGh-RH5Nswfw-hindexheightwidth",
      "probability": 1,
      "from_file_path": "./PlantView1",
      "from_class_or_interface_name": "PlantView1",
      "from_class_or_interface_key": "_wXcrACvMEDWGh-RH5Nswfw",
      "from_method_name": null,
      "from_method_key": null,
      "to_file_path": "./PlantView3",
      "to_class_or_interface_key": "_xJkEcCvMEDWGh-RH5Nswfw",
      "to_class_or_interface_name": "PlantView1",
      "to_method_key": null,
      "to_method_name": null,
      "data_clump_type": "fields_to_fields_data_clump",
      "data_clump_data": {
        "_oX6MICvNEDWGh-RH5Nswfw": {
          "key": "_oX6MICvNEDWGh-RH5Nswfw",
          "name": "hindex",
          "type": null,
          "probability": 1,
          "modifiers": [],
          "to_variable": {
            "key": "_rxhzUCvNEDWGh-RH5Nswfw",
            "name": "hindex",
            "type": null,
            "modifiers": [],
            "position": {}
          },
          "position": {}
        },
        "_y-JyECvNEDWGh-RH5Nswfw": {
          "key": "_y-JyECvNEDWGh-RH5Nswfw",
          "name": "height",
          "type": null,
          "probability": 1,
          "modifiers": [],
          "to_variable": {
            "key": "_16EJkCvNEDWGh-RH5Nswfw",
            "name": "height",
            "type": null,
            "modifiers": [],
            "position": {}
          },
          "position": {}
        },
        "_4UTXYCvNEDWGh-RH5Nswfw": {
          "key": "_4UTXYCvNEDWGh-RH5Nswfw",
          "name": "width",
          "type": null,
          "probability": 1,
          "modifiers": [],
          "to_variable": {
            "key": "_8ksOgCvNEDWGh-RH5Nswfw",
            "name": "width",
            "type": null,
            "modifiers": [],
            "position": {}
          },
          "position": {}
        }
      }
    },
    "fields_to_fields_data_clump-./PlantView2-_wxdGcCvMEDWGh-RH5Nswfw-_wXcrACvMEDWGh-RH5Nswfw-hindexheightwidth": {
      "type": "data_clump",
      "key": "fields_to_fields_data_clump-./PlantView2-_wxdGcCvMEDWGh-RH5Nswfw-_wXcrACvMEDWGh-RH5Nswfw-hindexheightwidth",
      "probability": 1,
      "from_file_path": "./PlantView2",
      "from_class_or_interface_name": "PlantView2",
      "from_class_or_interface_key": "_wxdGcCvMEDWGh-RH5Nswfw",
      "from_method_name": null,
      "from_method_key": null,
      "to_file_path": "./PlantView1",
      "to_class_or_interface_key": "_wXcrACvMEDWGh-RH5Nswfw",
      "to_class_or_interface_name": "PlantView2",
      "to_method_key": null,
      "to_method_name": null,
      "data_clump_type": "fields_to_fields_data_clump",
      "data_clump_data": {
        "_rhtOoCvNEDWGh-RH5Nswfw": {
          "key": "_rhtOoCvNEDWGh-RH5Nswfw",
          "name": "hindex",
          "type": null,
          "probability": 1,
          "modifiers": [],
          "to_variable": {
            "key": "_oX6MICvNEDWGh-RH5Nswfw",
            "name": "hindex",
            "type": null,
            "modifiers": [],
            "position": {}
          },
          "position": {}
        },
        "_1tKWACvNEDWGh-RH5Nswfw": {
          "key": "_1tKWACvNEDWGh-RH5Nswfw",
          "name": "height",
          "type": null,
          "probability": 1,
          "modifiers": [],
          "to_variable": {
            "key": "_y-JyECvNEDWGh-RH5Nswfw",
            "name": "height",
            "type": null,
            "modifiers": [],
            "position": {}
          },
          "position": {}
        },
        "_8Kfl0CvNEDWGh-RH5Nswfw": {
          "key": "_8Kfl0CvNEDWGh-RH5Nswfw",
          "name": "width",
          "type": null,
          "probability": 1,
          "modifiers": [],
          "to_variable": {
            "key": "_4UTXYCvNEDWGh-RH5Nswfw",
            "name": "width",
            "type": null,
            "modifiers": [],
            "position": {}
          },
          "position": {}
        }
      }
    },
    "fields_to_fields_data_clump-./PlantView2-_wxdGcCvMEDWGh-RH5Nswfw-_xJkEcCvMEDWGh-RH5Nswfw-hindexheightwidth": {
      "type": "data_clump",
      "key": "fields_to_fields_data_clump-./PlantView2-_wxdGcCvMEDWGh-RH5Nswfw-_xJkEcCvMEDWGh-RH5Nswfw-hindexheightwidth",
      "probability": 1,
      "from_file_path": "./PlantView2",
      "from_class_or_interface_name": "PlantView2",
      "from_class_or_interface_key": "_wxdGcCvMEDWGh-RH5Nswfw",
      "from_method_name": null,
      "from_method_key": null,
      "to_file_path": "./PlantView3",
      "to_class_or_interface_key": "_xJkEcCvMEDWGh-RH5Nswfw",
      "to_class_or_interface_name": "PlantView2",
      "to_method_key": null,
      "to_method_name": null,
      "data_clump_type": "fields_to_fields_data_clump",
      "data_clump_data": {
        "_rhtOoCvNEDWGh-RH5Nswfw": {
          "key": "_rhtOoCvNEDWGh-RH5Nswfw",
          "name": "hindex",
          "type": null,
          "probability": 1,
          "modifiers": [],
          "to_variable": {
            "key": "_rxhzUCvNEDWGh-RH5Nswfw",
            "name": "hindex",
            "type": null,
            "modifiers": [],
            "position": {}
          },
          "position": {}
        },
        "_1tKWACvNEDWGh-RH5Nswfw": {
          "key": "_1tKWACvNEDWGh-RH5Nswfw",
          "name": "height",
          "type": null,
          "probability": 1,
          "modifiers": [],
          "to_variable": {
            "key": "_16EJkCvNEDWGh-RH5Nswfw",
            "name": "height",
            "type": null,
            "modifiers": [],
            "position": {}
          },
          "position": {}
        },
        "_8Kfl0CvNEDWGh-RH5Nswfw": {
          "key": "_8Kfl0CvNEDWGh-RH5Nswfw",
          "name": "width",
          "type": null,
          "probability": 1,
          "modifiers": [],
          "to_variable": {
            "key": "_8ksOgCvNEDWGh-RH5Nswfw",
            "name": "width",
            "type": null,
            "modifiers": [],
            "position": {}
          },
          "position": {}
        }
      }
    },
    "fields_to_fields_data_clump-./PlantView3-_xJkEcCvMEDWGh-RH5Nswfw-_wXcrACvMEDWGh-RH5Nswfw-hindexheightwidth": {
      "type": "data_clump",
      "key": "fields_to_fields_data_clump-./PlantView3-_xJkEcCvMEDWGh-RH5Nswfw-_wXcrACvMEDWGh-RH5Nswfw-hindexheightwidth",
      "probability": 1,
      "from_file_path": "./PlantView3",
      "from_class_or_interface_name": "PlantView3",
      "from_class_or_interface_key": "_xJkEcCvMEDWGh-RH5Nswfw",
      "from_method_name": null,
      "from_method_key": null,
      "to_file_path": "./PlantView1",
      "to_class_or_interface_key": "_wXcrACvMEDWGh-RH5Nswfw",
      "to_class_or_interface_name": "PlantView3",
      "to_method_key": null,
      "to_method_name": null,
      "data_clump_type": "fields_to_fields_data_clump",
      "data_clump_data": {
        "_rxhzUCvNEDWGh-RH5Nswfw": {
          "key": "_rxhzUCvNEDWGh-RH5Nswfw",
          "name": "hindex",
          "type": null,
          "probability": 1,
          "modifiers": [],
          "to_variable": {
            "key": "_oX6MICvNEDWGh-RH5Nswfw",
            "name": "hindex",
            "type": null,
            "modifiers": [],
            "position": {}
          },
          "position": {}
        },
        "_16EJkCvNEDWGh-RH5Nswfw": {
          "key": "_16EJkCvNEDWGh-RH5Nswfw",
          "name": "height",
          "type": null,
          "probability": 1,
          "modifiers": [],
          "to_variable": {
            "key": "_y-JyECvNEDWGh-RH5Nswfw",
            "name": "height",
            "type": null,
            "modifiers": [],
            "position": {}
          },
          "position": {}
        },
        "_8ksOgCvNEDWGh-RH5Nswfw": {
          "key": "_8ksOgCvNEDWGh-RH5Nswfw",
          "name": "width",
          "type": null,
          "probability": 1,
          "modifiers": [],
          "to_variable": {
            "key": "_4UTXYCvNEDWGh-RH5Nswfw",
            "name": "width",
            "type": null,
            "modifiers": [],
            "position": {}
          },
          "position": {}
        }
      }
    },
    "fields_to_fields_data_clump-./PlantView3-_xJkEcCvMEDWGh-RH5Nswfw-_wxdGcCvMEDWGh-RH5Nswfw-hindexheightwidth": {
      "type": "data_clump",
      "key": "fields_to_fields_data_clump-./PlantView3-_xJkEcCvMEDWGh-RH5Nswfw-_wxdGcCvMEDWGh-RH5Nswfw-hindexheightwidth",
      "probability": 1,
      "from_file_path": "./PlantView3",
      "from_class_or_interface_name": "PlantView3",
      "from_class_or_interface_key": "_xJkEcCvMEDWGh-RH5Nswfw",
      "from_method_name": null,
      "from_method_key": null,
      "to_file_path": "./PlantView2",
      "to_class_or_interface_key": "_wxdGcCvMEDWGh-RH5Nswfw",
      "to_class_or_interface_name": "PlantView3",
      "to_method_key": null,
      "to_method_name": null,
      "data_clump_type": "fields_to_fields_data_clump",
      "data_clump_data": {
        "_rxhzUCvNEDWGh-RH5Nswfw": {
          "key": "_rxhzUCvNEDWGh-RH5Nswfw",
          "name": "hindex",
          "type": null,
          "probability": 1,
          "modifiers": [],
          "to_variable": {
            "key": "_rhtOoCvNEDWGh-RH5Nswfw",
            "name": "hindex",
            "type": null,
            "modifiers": [],
            "position": {}
          },
          "position": {}
        },
        "_16EJkCvNEDWGh-RH5Nswfw": {
          "key": "_16EJkCvNEDWGh-RH5Nswfw",
          "name": "height",
          "type": null,
          "probability": 1,
          "modifiers": [],
          "to_variable": {
            "key": "_1tKWACvNEDWGh-RH5Nswfw",
            "name": "height",
            "type": null,
            "modifiers": [],
            "position": {}
          },
          "position": {}
        },
        "_8ksOgCvNEDWGh-RH5Nswfw": {
          "key": "_8ksOgCvNEDWGh-RH5Nswfw",
          "name": "width",
          "type": null,
          "probability": 1,
          "modifiers": [],
          "to_variable": {
            "key": "_8Kfl0CvNEDWGh-RH5Nswfw",
            "name": "width",
            "type": null,
            "modifiers": [],
            "position": {}
          },
          "position": {}
        }
      }
    }
  }
}