{
  "report_version": "unknown",
  "report_timestamp": "2025-03-26T22:36:00.848Z",
  "target_language": "java",
  "report_summary": {
    "additional": null,
    "amount_classes_or_interfaces_with_data_clumps": 1,
    "amount_files_with_data_clumps": 1,
    "amount_methods_with_data_clumps": 1,
    "fields_to_fields_data_clump": 0,
    "parameters_to_fields_data_clump": 1,
    "parameters_to_parameters_data_clump": 0,
    "amount_data_clumps": 1
  },
  "project_info": {
    "project_url": "unknown_project_url",
    "project_name": "_iA644DBgEeifBcOeQWIjJw",
    "project_version": "unknown_project_version",
    "project_commit_hash": "unknown",
    "project_tag": null,
    "project_commit_date": null,
    "additional": {},
    "number_of_files": 12,
    "number_of_classes_or_interfaces": 12,
    "number_of_methods": 19,
    "number_of_data_fields": 8,
    "number_of_method_parameters": 10
  },
  "detector": {
    "name": "data-clumps-doctor",
    "url": "https://github.com/NilsBaumgartner1994/data-clumps-doctor",
    "version": "0.1.100",
    "options": {
      "typeVariablesConsidered": false,
      "similarityModifierOfVariablesWithUnknownType": 0,
      "fieldsOfClassesWithUnknownHierarchyProbabilityModifier": 0,
      "sharedFieldsToFieldsAmountMinimum": 3,
      "analyseFieldsInClassesOrInterfacesInheritedFromSuperClassesOrInterfaces": false,
      "sharedParametersToParametersAmountMinimum": 3,
      "sharedParametersToFieldsAmountMinimum": 3,
      "methodsOfClassesOrInterfacesWithUnknownHierarchyProbabilityModifier": 0
    }
  },
  "data_clumps": {
    "parameters_to_fields_data_clump-./Product-_iQdxGjBgEeiF-vkcg48UAg-_iQdxEDBgEeiF-vkcg48UAg-idnomevalor": {
      "type": "data_clump",
      "key": "parameters_to_fields_data_clump-./Product-_iQdxGjBgEeiF-vkcg48UAg-_iQdxEDBgEeiF-vkcg48UAg-idnomevalor",
      "probability": 1,
      "from_file_path": "./Product",
      "from_class_or_interface_name": "Product",
      "from_class_or_interface_key": "_iQdxEDBgEeiF-vkcg48UAg",
      "from_method_name": "Product",
      "from_method_key": "_iQdxGjBgEeiF-vkcg48UAg",
      "to_file_path": "./Product",
      "to_class_or_interface_name": "Product",
      "to_class_or_interface_key": "_iQdxEDBgEeiF-vkcg48UAg",
      "to_method_name": null,
      "to_method_key": null,
      "data_clump_type": "parameters_to_fields_data_clump",
      "data_clump_data": {
        "_iQdxGzBgEeiF-vkcg48UAg": {
          "key": "_iQdxGzBgEeiF-vkcg48UAg",
          "name": "id",
          "type": null,
          "probability": 1,
          "modifiers": [],
          "to_variable": {
            "key": "_iQdxETBgEeiF-vkcg48UAg",
            "name": "id",
            "type": null,
            "modifiers": [
              "private"
            ],
            "position": {}
          },
          "position": {}
        },
        "_iQdxHjBgEeiF-vkcg48UAg": {
          "key": "_iQdxHjBgEeiF-vkcg48UAg",
          "name": "nome",
          "type": null,
          "probability": 1,
          "modifiers": [],
          "to_variable": {
            "key": "_iQdxFDBgEeiF-vkcg48UAg",
            "name": "nome",
            "type": null,
            "modifiers": [
              "private"
            ],
            "position": {}
          },
          "position": {}
        },
        "_iQdxITBgEeiF-vkcg48UAg": {
          "key": "_iQdxITBgEeiF-vkcg48UAg",
          "name": "valor",
          "type": null,
          "probability": 1,
          "modifiers": [],
          "to_variable": {
            "key": "_iQdxFzBgEeiF-vkcg48UAg",
            "name": "valor",
            "type": null,
            "modifiers": [
              "private"
            ],
            "position": {}
          },
          "position": {}
        }
      }
    }
  }
}