{
  "report_version": "unknown",
  "report_timestamp": "2025-03-26T21:44:28.590Z",
  "target_language": "java",
  "report_summary": {
    "additional": null,
    "amount_classes_or_interfaces_with_data_clumps": 5,
    "amount_files_with_data_clumps": 5,
    "amount_methods_with_data_clumps": 0,
    "fields_to_fields_data_clump": 14,
    "parameters_to_fields_data_clump": 0,
    "parameters_to_parameters_data_clump": 0,
    "amount_data_clumps": 14
  },
  "project_info": {
    "project_url": "unknown_project_url",
    "project_name": "_eaumcPyREeirA44cXlgljA",
    "project_version": "unknown_project_version",
    "project_commit_hash": "unknown",
    "project_tag": null,
    "project_commit_date": null,
    "additional": {},
    "number_of_files": 7,
    "number_of_classes_or_interfaces": 7,
    "number_of_methods": 32,
    "number_of_data_fields": 49,
    "number_of_method_parameters": 0
  },
  "detector": {
    "name": "data-clumps-doctor",
    "url": "https://github.com/NilsBaumgartner1994/data-clumps-doctor",
    "version": "0.1.100",
    "options": {
      "typeVariablesConsidered": false,
      "similarityModifierOfVariablesWithUnknownType": 0,
      "fieldsOfClassesWithUnknownHierarchyProbabilityModifier": 0,
      "sharedFieldsToFieldsAmountMinimum": 3,
      "analyseFieldsInClassesOrInterfacesInheritedFromSuperClassesOrInterfaces": false,
      "sharedParametersToParametersAmountMinimum": 3,
      "sharedParametersToFieldsAmountMinimum": 3,
      "methodsOfClassesOrInterfacesWithUnknownHierarchyProbabilityModifier": 0
    }
  },
  "data_clumps": {
    "fields_to_fields_data_clump-./Suplier-_hNAisd7CEDasw92_vjVY-A-_xqiXAN7AEDasw92_vjVY-A-tambahedithapus": {
      "type": "data_clump",
      "key": "fields_to_fields_data_clump-./Suplier-_hNAisd7CEDasw92_vjVY-A-_xqiXAN7AEDasw92_vjVY-A-tambahedithapus",
      "probability": 1,
      "from_file_path": "./Suplier",
      "from_class_or_interface_name": "Suplier",
      "from_class_or_interface_key": "_hNAisd7CEDasw92_vjVY-A",
      "from_method_name": null,
      "from_method_key": null,
      "to_file_path": "./barang",
      "to_class_or_interface_key": "_xqiXAN7AEDasw92_vjVY-A",
      "to_class_or_interface_name": "Suplier",
      "to_method_key": null,
      "to_method_name": null,
      "data_clump_type": "fields_to_fields_data_clump",
      "data_clump_data": {
        "_kScpoN7CEDasw92_vjVY-A": {
          "key": "_kScpoN7CEDasw92_vjVY-A",
          "name": "tambah",
          "type": null,
          "probability": 1,
          "modifiers": [
            "public"
          ],
          "to_variable": {
            "key": "_OX56YN7BEDasw92_vjVY-A",
            "name": "tambah",
            "type": null,
            "modifiers": [
              "public"
            ],
            "position": {}
          },
          "position": {}
        },
        "_kcZ24N7CEDasw92_vjVY-A": {
          "key": "_kcZ24N7CEDasw92_vjVY-A",
          "name": "edit",
          "type": null,
          "probability": 1,
          "modifiers": [
            "public"
          ],
          "to_variable": {
            "key": "_OlOksN7BEDasw92_vjVY-A",
            "name": "edit",
            "type": null,
            "modifiers": [
              "public"
            ],
            "position": {}
          },
          "position": {}
        },
        "_u6K2QN7CEDasw92_vjVY-A": {
          "key": "_u6K2QN7CEDasw92_vjVY-A",
          "name": "hapus",
          "type": null,
          "probability": 1,
          "modifiers": [
            "public"
          ],
          "to_variable": {
            "key": "_OwNFoN7BEDasw92_vjVY-A",
            "name": "hapus",
            "type": null,
            "modifiers": [
              "public"
            ],
            "position": {}
          },
          "position": {}
        }
      }
    },
    "fields_to_fields_data_clump-./Suplier-_hNAisd7CEDasw92_vjVY-A-_0fR6EN7BEDasw92_vjVY-A-tambahedithapus": {
      "type": "data_clump",
      "key": "fields_to_fields_data_clump-./Suplier-_hNAisd7CEDasw92_vjVY-A-_0fR6EN7BEDasw92_vjVY-A-tambahedithapus",
      "probability": 1,
      "from_file_path": "./Suplier",
      "from_class_or_interface_name": "Suplier",
      "from_class_or_interface_key": "_hNAisd7CEDasw92_vjVY-A",
      "from_method_name": null,
      "from_method_key": null,
      "to_file_path": "./pelanggan",
      "to_class_or_interface_key": "_0fR6EN7BEDasw92_vjVY-A",
      "to_class_or_interface_name": "Suplier",
      "to_method_key": null,
      "to_method_name": null,
      "data_clump_type": "fields_to_fields_data_clump",
      "data_clump_data": {
        "_kScpoN7CEDasw92_vjVY-A": {
          "key": "_kScpoN7CEDasw92_vjVY-A",
          "name": "tambah",
          "type": null,
          "probability": 1,
          "modifiers": [
            "public"
          ],
          "to_variable": {
            "key": "_8AKRkN7BEDasw92_vjVY-A",
            "name": "tambah",
            "type": null,
            "modifiers": [
              "public"
            ],
            "position": {}
          },
          "position": {}
        },
        "_kcZ24N7CEDasw92_vjVY-A": {
          "key": "_kcZ24N7CEDasw92_vjVY-A",
          "name": "edit",
          "type": null,
          "probability": 1,
          "modifiers": [
            "public"
          ],
          "to_variable": {
            "key": "_8K8lQN7BEDasw92_vjVY-A",
            "name": "edit",
            "type": null,
            "modifiers": [
              "public"
            ],
            "position": {}
          },
          "position": {}
        },
        "_u6K2QN7CEDasw92_vjVY-A": {
          "key": "_u6K2QN7CEDasw92_vjVY-A",
          "name": "hapus",
          "type": null,
          "probability": 1,
          "modifiers": [
            "public"
          ],
          "to_variable": {
            "key": "_OkkA4N7CEDasw92_vjVY-A",
            "name": "hapus",
            "type": null,
            "modifiers": [
              "public"
            ],
            "position": {}
          },
          "position": {}
        }
      }
    },
    "fields_to_fields_data_clump-./Suplier-_hNAisd7CEDasw92_vjVY-A-_N8zycN7EEDasw92_vjVY-A-tambahedithapus": {
      "type": "data_clump",
      "key": "fields_to_fields_data_clump-./Suplier-_hNAisd7CEDasw92_vjVY-A-_N8zycN7EEDasw92_vjVY-A-tambahedithapus",
      "probability": 1,
      "from_file_path": "./Suplier",
      "from_class_or_interface_name": "Suplier",
      "from_class_or_interface_key": "_hNAisd7CEDasw92_vjVY-A",
      "from_method_name": null,
      "from_method_key": null,
      "to_file_path": "./user",
      "to_class_or_interface_key": "_N8zycN7EEDasw92_vjVY-A",
      "to_class_or_interface_name": "Suplier",
      "to_method_key": null,
      "to_method_name": null,
      "data_clump_type": "fields_to_fields_data_clump",
      "data_clump_data": {
        "_kScpoN7CEDasw92_vjVY-A": {
          "key": "_kScpoN7CEDasw92_vjVY-A",
          "name": "tambah",
          "type": null,
          "probability": 1,
          "modifiers": [
            "public"
          ],
          "to_variable": {
            "key": "_dmp1IN7EEDasw92_vjVY-A",
            "name": "tambah",
            "type": null,
            "modifiers": [
              "public"
            ],
            "position": {}
          },
          "position": {}
        },
        "_kcZ24N7CEDasw92_vjVY-A": {
          "key": "_kcZ24N7CEDasw92_vjVY-A",
          "name": "edit",
          "type": null,
          "probability": 1,
          "modifiers": [
            "public"
          ],
          "to_variable": {
            "key": "_hZ-VwN7EEDasw92_vjVY-A",
            "name": "edit",
            "type": null,
            "modifiers": [
              "public"
            ],
            "position": {}
          },
          "position": {}
        },
        "_u6K2QN7CEDasw92_vjVY-A": {
          "key": "_u6K2QN7CEDasw92_vjVY-A",
          "name": "hapus",
          "type": null,
          "probability": 1,
          "modifiers": [
            "public"
          ],
          "to_variable": {
            "key": "_hxwjoN7EEDasw92_vjVY-A",
            "name": "hapus",
            "type": null,
            "modifiers": [
              "public"
            ],
            "position": {}
          },
          "position": {}
        }
      }
    },
    "fields_to_fields_data_clump-./barang-_xqiXAN7AEDasw92_vjVY-A-_hNAisd7CEDasw92_vjVY-A-tambahedithapus": {
      "type": "data_clump",
      "key": "fields_to_fields_data_clump-./barang-_xqiXAN7AEDasw92_vjVY-A-_hNAisd7CEDasw92_vjVY-A-tambahedithapus",
      "probability": 1,
      "from_file_path": "./barang",
      "from_class_or_interface_name": "barang",
      "from_class_or_interface_key": "_xqiXAN7AEDasw92_vjVY-A",
      "from_method_name": null,
      "from_method_key": null,
      "to_file_path": "./Suplier",
      "to_class_or_interface_key": "_hNAisd7CEDasw92_vjVY-A",
      "to_class_or_interface_name": "barang",
      "to_method_key": null,
      "to_method_name": null,
      "data_clump_type": "fields_to_fields_data_clump",
      "data_clump_data": {
        "_OX56YN7BEDasw92_vjVY-A": {
          "key": "_OX56YN7BEDasw92_vjVY-A",
          "name": "tambah",
          "type": null,
          "probability": 1,
          "modifiers": [
            "public"
          ],
          "to_variable": {
            "key": "_kScpoN7CEDasw92_vjVY-A",
            "name": "tambah",
            "type": null,
            "modifiers": [
              "public"
            ],
            "position": {}
          },
          "position": {}
        },
        "_OlOksN7BEDasw92_vjVY-A": {
          "key": "_OlOksN7BEDasw92_vjVY-A",
          "name": "edit",
          "type": null,
          "probability": 1,
          "modifiers": [
            "public"
          ],
          "to_variable": {
            "key": "_kcZ24N7CEDasw92_vjVY-A",
            "name": "edit",
            "type": null,
            "modifiers": [
              "public"
            ],
            "position": {}
          },
          "position": {}
        },
        "_OwNFoN7BEDasw92_vjVY-A": {
          "key": "_OwNFoN7BEDasw92_vjVY-A",
          "name": "hapus",
          "type": null,
          "probability": 1,
          "modifiers": [
            "public"
          ],
          "to_variable": {
            "key": "_u6K2QN7CEDasw92_vjVY-A",
            "name": "hapus",
            "type": null,
            "modifiers": [
              "public"
            ],
            "position": {}
          },
          "position": {}
        }
      }
    },
    "fields_to_fields_data_clump-./barang-_xqiXAN7AEDasw92_vjVY-A-_0fR6EN7BEDasw92_vjVY-A-tambahedithapus": {
      "type": "data_clump",
      "key": "fields_to_fields_data_clump-./barang-_xqiXAN7AEDasw92_vjVY-A-_0fR6EN7BEDasw92_vjVY-A-tambahedithapus",
      "probability": 1,
      "from_file_path": "./barang",
      "from_class_or_interface_name": "barang",
      "from_class_or_interface_key": "_xqiXAN7AEDasw92_vjVY-A",
      "from_method_name": null,
      "from_method_key": null,
      "to_file_path": "./pelanggan",
      "to_class_or_interface_key": "_0fR6EN7BEDasw92_vjVY-A",
      "to_class_or_interface_name": "barang",
      "to_method_key": null,
      "to_method_name": null,
      "data_clump_type": "fields_to_fields_data_clump",
      "data_clump_data": {
        "_OX56YN7BEDasw92_vjVY-A": {
          "key": "_OX56YN7BEDasw92_vjVY-A",
          "name": "tambah",
          "type": null,
          "probability": 1,
          "modifiers": [
            "public"
          ],
          "to_variable": {
            "key": "_8AKRkN7BEDasw92_vjVY-A",
            "name": "tambah",
            "type": null,
            "modifiers": [
              "public"
            ],
            "position": {}
          },
          "position": {}
        },
        "_OlOksN7BEDasw92_vjVY-A": {
          "key": "_OlOksN7BEDasw92_vjVY-A",
          "name": "edit",
          "type": null,
          "probability": 1,
          "modifiers": [
            "public"
          ],
          "to_variable": {
            "key": "_8K8lQN7BEDasw92_vjVY-A",
            "name": "edit",
            "type": null,
            "modifiers": [
              "public"
            ],
            "position": {}
          },
          "position": {}
        },
        "_OwNFoN7BEDasw92_vjVY-A": {
          "key": "_OwNFoN7BEDasw92_vjVY-A",
          "name": "hapus",
          "type": null,
          "probability": 1,
          "modifiers": [
            "public"
          ],
          "to_variable": {
            "key": "_OkkA4N7CEDasw92_vjVY-A",
            "name": "hapus",
            "type": null,
            "modifiers": [
              "public"
            ],
            "position": {}
          },
          "position": {}
        }
      }
    },
    "fields_to_fields_data_clump-./barang-_xqiXAN7AEDasw92_vjVY-A-_N8zycN7EEDasw92_vjVY-A-tambahedithapus": {
      "type": "data_clump",
      "key": "fields_to_fields_data_clump-./barang-_xqiXAN7AEDasw92_vjVY-A-_N8zycN7EEDasw92_vjVY-A-tambahedithapus",
      "probability": 1,
      "from_file_path": "./barang",
      "from_class_or_interface_name": "barang",
      "from_class_or_interface_key": "_xqiXAN7AEDasw92_vjVY-A",
      "from_method_name": null,
      "from_method_key": null,
      "to_file_path": "./user",
      "to_class_or_interface_key": "_N8zycN7EEDasw92_vjVY-A",
      "to_class_or_interface_name": "barang",
      "to_method_key": null,
      "to_method_name": null,
      "data_clump_type": "fields_to_fields_data_clump",
      "data_clump_data": {
        "_OX56YN7BEDasw92_vjVY-A": {
          "key": "_OX56YN7BEDasw92_vjVY-A",
          "name": "tambah",
          "type": null,
          "probability": 1,
          "modifiers": [
            "public"
          ],
          "to_variable": {
            "key": "_dmp1IN7EEDasw92_vjVY-A",
            "name": "tambah",
            "type": null,
            "modifiers": [
              "public"
            ],
            "position": {}
          },
          "position": {}
        },
        "_OlOksN7BEDasw92_vjVY-A": {
          "key": "_OlOksN7BEDasw92_vjVY-A",
          "name": "edit",
          "type": null,
          "probability": 1,
          "modifiers": [
            "public"
          ],
          "to_variable": {
            "key": "_hZ-VwN7EEDasw92_vjVY-A",
            "name": "edit",
            "type": null,
            "modifiers": [
              "public"
            ],
            "position": {}
          },
          "position": {}
        },
        "_OwNFoN7BEDasw92_vjVY-A": {
          "key": "_OwNFoN7BEDasw92_vjVY-A",
          "name": "hapus",
          "type": null,
          "probability": 1,
          "modifiers": [
            "public"
          ],
          "to_variable": {
            "key": "_hxwjoN7EEDasw92_vjVY-A",
            "name": "hapus",
            "type": null,
            "modifiers": [
              "public"
            ],
            "position": {}
          },
          "position": {}
        }
      }
    },
    "fields_to_fields_data_clump-./login-_wUzIkN6_EDasw92_vjVY-A-_N8zycN7EEDasw92_vjVY-A-id_userusernamepassword": {
      "type": "data_clump",
      "key": "fields_to_fields_data_clump-./login-_wUzIkN6_EDasw92_vjVY-A-_N8zycN7EEDasw92_vjVY-A-id_userusernamepassword",
      "probability": 1,
      "from_file_path": "./login",
      "from_class_or_interface_name": "login",
      "from_class_or_interface_key": "_wUzIkN6_EDasw92_vjVY-A",
      "from_method_name": null,
      "from_method_key": null,
      "to_file_path": "./user",
      "to_class_or_interface_key": "_N8zycN7EEDasw92_vjVY-A",
      "to_class_or_interface_name": "login",
      "to_method_key": null,
      "to_method_name": null,
      "data_clump_type": "fields_to_fields_data_clump",
      "data_clump_data": {
        "_0XStoN6_EDasw92_vjVY-A": {
          "key": "_0XStoN6_EDasw92_vjVY-A",
          "name": "id_user",
          "type": null,
          "probability": 1,
          "modifiers": [
            "public"
          ],
          "to_variable": {
            "key": "_S_UDAN7EEDasw92_vjVY-A",
            "name": "id_user",
            "type": null,
            "modifiers": [
              "public"
            ],
            "position": {}
          },
          "position": {}
        },
        "_3zlOUN6_EDasw92_vjVY-A": {
          "key": "_3zlOUN6_EDasw92_vjVY-A",
          "name": "username",
          "type": null,
          "probability": 1,
          "modifiers": [
            "public"
          ],
          "to_variable": {
            "key": "_TWpk8N7EEDasw92_vjVY-A",
            "name": "username",
            "type": null,
            "modifiers": [
              "public"
            ],
            "position": {}
          },
          "position": {}
        },
        "_41c7AN6_EDasw92_vjVY-A": {
          "key": "_41c7AN6_EDasw92_vjVY-A",
          "name": "password",
          "type": null,
          "probability": 1,
          "modifiers": [
            "public"
          ],
          "to_variable": {
            "key": "_dGoRQN7EEDasw92_vjVY-A",
            "name": "password",
            "type": null,
            "modifiers": [
              "public"
            ],
            "position": {}
          },
          "position": {}
        }
      }
    },
    "fields_to_fields_data_clump-./pelanggan-_0fR6EN7BEDasw92_vjVY-A-_hNAisd7CEDasw92_vjVY-A-tambahedithapus": {
      "type": "data_clump",
      "key": "fields_to_fields_data_clump-./pelanggan-_0fR6EN7BEDasw92_vjVY-A-_hNAisd7CEDasw92_vjVY-A-tambahedithapus",
      "probability": 1,
      "from_file_path": "./pelanggan",
      "from_class_or_interface_name": "pelanggan",
      "from_class_or_interface_key": "_0fR6EN7BEDasw92_vjVY-A",
      "from_method_name": null,
      "from_method_key": null,
      "to_file_path": "./Suplier",
      "to_class_or_interface_key": "_hNAisd7CEDasw92_vjVY-A",
      "to_class_or_interface_name": "pelanggan",
      "to_method_key": null,
      "to_method_name": null,
      "data_clump_type": "fields_to_fields_data_clump",
      "data_clump_data": {
        "_8AKRkN7BEDasw92_vjVY-A": {
          "key": "_8AKRkN7BEDasw92_vjVY-A",
          "name": "tambah",
          "type": null,
          "probability": 1,
          "modifiers": [
            "public"
          ],
          "to_variable": {
            "key": "_kScpoN7CEDasw92_vjVY-A",
            "name": "tambah",
            "type": null,
            "modifiers": [
              "public"
            ],
            "position": {}
          },
          "position": {}
        },
        "_8K8lQN7BEDasw92_vjVY-A": {
          "key": "_8K8lQN7BEDasw92_vjVY-A",
          "name": "edit",
          "type": null,
          "probability": 1,
          "modifiers": [
            "public"
          ],
          "to_variable": {
            "key": "_kcZ24N7CEDasw92_vjVY-A",
            "name": "edit",
            "type": null,
            "modifiers": [
              "public"
            ],
            "position": {}
          },
          "position": {}
        },
        "_OkkA4N7CEDasw92_vjVY-A": {
          "key": "_OkkA4N7CEDasw92_vjVY-A",
          "name": "hapus",
          "type": null,
          "probability": 1,
          "modifiers": [
            "public"
          ],
          "to_variable": {
            "key": "_u6K2QN7CEDasw92_vjVY-A",
            "name": "hapus",
            "type": null,
            "modifiers": [
              "public"
            ],
            "position": {}
          },
          "position": {}
        }
      }
    },
    "fields_to_fields_data_clump-./pelanggan-_0fR6EN7BEDasw92_vjVY-A-_xqiXAN7AEDasw92_vjVY-A-tambahedithapus": {
      "type": "data_clump",
      "key": "fields_to_fields_data_clump-./pelanggan-_0fR6EN7BEDasw92_vjVY-A-_xqiXAN7AEDasw92_vjVY-A-tambahedithapus",
      "probability": 1,
      "from_file_path": "./pelanggan",
      "from_class_or_interface_name": "pelanggan",
      "from_class_or_interface_key": "_0fR6EN7BEDasw92_vjVY-A",
      "from_method_name": null,
      "from_method_key": null,
      "to_file_path": "./barang",
      "to_class_or_interface_key": "_xqiXAN7AEDasw92_vjVY-A",
      "to_class_or_interface_name": "pelanggan",
      "to_method_key": null,
      "to_method_name": null,
      "data_clump_type": "fields_to_fields_data_clump",
      "data_clump_data": {
        "_8AKRkN7BEDasw92_vjVY-A": {
          "key": "_8AKRkN7BEDasw92_vjVY-A",
          "name": "tambah",
          "type": null,
          "probability": 1,
          "modifiers": [
            "public"
          ],
          "to_variable": {
            "key": "_OX56YN7BEDasw92_vjVY-A",
            "name": "tambah",
            "type": null,
            "modifiers": [
              "public"
            ],
            "position": {}
          },
          "position": {}
        },
        "_8K8lQN7BEDasw92_vjVY-A": {
          "key": "_8K8lQN7BEDasw92_vjVY-A",
          "name": "edit",
          "type": null,
          "probability": 1,
          "modifiers": [
            "public"
          ],
          "to_variable": {
            "key": "_OlOksN7BEDasw92_vjVY-A",
            "name": "edit",
            "type": null,
            "modifiers": [
              "public"
            ],
            "position": {}
          },
          "position": {}
        },
        "_OkkA4N7CEDasw92_vjVY-A": {
          "key": "_OkkA4N7CEDasw92_vjVY-A",
          "name": "hapus",
          "type": null,
          "probability": 1,
          "modifiers": [
            "public"
          ],
          "to_variable": {
            "key": "_OwNFoN7BEDasw92_vjVY-A",
            "name": "hapus",
            "type": null,
            "modifiers": [
              "public"
            ],
            "position": {}
          },
          "position": {}
        }
      }
    },
    "fields_to_fields_data_clump-./pelanggan-_0fR6EN7BEDasw92_vjVY-A-_N8zycN7EEDasw92_vjVY-A-tambahedithapus": {
      "type": "data_clump",
      "key": "fields_to_fields_data_clump-./pelanggan-_0fR6EN7BEDasw92_vjVY-A-_N8zycN7EEDasw92_vjVY-A-tambahedithapus",
      "probability": 1,
      "from_file_path": "./pelanggan",
      "from_class_or_interface_name": "pelanggan",
      "from_class_or_interface_key": "_0fR6EN7BEDasw92_vjVY-A",
      "from_method_name": null,
      "from_method_key": null,
      "to_file_path": "./user",
      "to_class_or_interface_key": "_N8zycN7EEDasw92_vjVY-A",
      "to_class_or_interface_name": "pelanggan",
      "to_method_key": null,
      "to_method_name": null,
      "data_clump_type": "fields_to_fields_data_clump",
      "data_clump_data": {
        "_8AKRkN7BEDasw92_vjVY-A": {
          "key": "_8AKRkN7BEDasw92_vjVY-A",
          "name": "tambah",
          "type": null,
          "probability": 1,
          "modifiers": [
            "public"
          ],
          "to_variable": {
            "key": "_dmp1IN7EEDasw92_vjVY-A",
            "name": "tambah",
            "type": null,
            "modifiers": [
              "public"
            ],
            "position": {}
          },
          "position": {}
        },
        "_8K8lQN7BEDasw92_vjVY-A": {
          "key": "_8K8lQN7BEDasw92_vjVY-A",
          "name": "edit",
          "type": null,
          "probability": 1,
          "modifiers": [
            "public"
          ],
          "to_variable": {
            "key": "_hZ-VwN7EEDasw92_vjVY-A",
            "name": "edit",
            "type": null,
            "modifiers": [
              "public"
            ],
            "position": {}
          },
          "position": {}
        },
        "_OkkA4N7CEDasw92_vjVY-A": {
          "key": "_OkkA4N7CEDasw92_vjVY-A",
          "name": "hapus",
          "type": null,
          "probability": 1,
          "modifiers": [
            "public"
          ],
          "to_variable": {
            "key": "_hxwjoN7EEDasw92_vjVY-A",
            "name": "hapus",
            "type": null,
            "modifiers": [
              "public"
            ],
            "position": {}
          },
          "position": {}
        }
      }
    },
    "fields_to_fields_data_clump-./user-_N8zycN7EEDasw92_vjVY-A-_hNAisd7CEDasw92_vjVY-A-tambahedithapus": {
      "type": "data_clump",
      "key": "fields_to_fields_data_clump-./user-_N8zycN7EEDasw92_vjVY-A-_hNAisd7CEDasw92_vjVY-A-tambahedithapus",
      "probability": 1,
      "from_file_path": "./user",
      "from_class_or_interface_name": "user",
      "from_class_or_interface_key": "_N8zycN7EEDasw92_vjVY-A",
      "from_method_name": null,
      "from_method_key": null,
      "to_file_path": "./Suplier",
      "to_class_or_interface_key": "_hNAisd7CEDasw92_vjVY-A",
      "to_class_or_interface_name": "user",
      "to_method_key": null,
      "to_method_name": null,
      "data_clump_type": "fields_to_fields_data_clump",
      "data_clump_data": {
        "_dmp1IN7EEDasw92_vjVY-A": {
          "key": "_dmp1IN7EEDasw92_vjVY-A",
          "name": "tambah",
          "type": null,
          "probability": 1,
          "modifiers": [
            "public"
          ],
          "to_variable": {
            "key": "_kScpoN7CEDasw92_vjVY-A",
            "name": "tambah",
            "type": null,
            "modifiers": [
              "public"
            ],
            "position": {}
          },
          "position": {}
        },
        "_hZ-VwN7EEDasw92_vjVY-A": {
          "key": "_hZ-VwN7EEDasw92_vjVY-A",
          "name": "edit",
          "type": null,
          "probability": 1,
          "modifiers": [
            "public"
          ],
          "to_variable": {
            "key": "_kcZ24N7CEDasw92_vjVY-A",
            "name": "edit",
            "type": null,
            "modifiers": [
              "public"
            ],
            "position": {}
          },
          "position": {}
        },
        "_hxwjoN7EEDasw92_vjVY-A": {
          "key": "_hxwjoN7EEDasw92_vjVY-A",
          "name": "hapus",
          "type": null,
          "probability": 1,
          "modifiers": [
            "public"
          ],
          "to_variable": {
            "key": "_u6K2QN7CEDasw92_vjVY-A",
            "name": "hapus",
            "type": null,
            "modifiers": [
              "public"
            ],
            "position": {}
          },
          "position": {}
        }
      }
    },
    "fields_to_fields_data_clump-./user-_N8zycN7EEDasw92_vjVY-A-_xqiXAN7AEDasw92_vjVY-A-tambahedithapus": {
      "type": "data_clump",
      "key": "fields_to_fields_data_clump-./user-_N8zycN7EEDasw92_vjVY-A-_xqiXAN7AEDasw92_vjVY-A-tambahedithapus",
      "probability": 1,
      "from_file_path": "./user",
      "from_class_or_interface_name": "user",
      "from_class_or_interface_key": "_N8zycN7EEDasw92_vjVY-A",
      "from_method_name": null,
      "from_method_key": null,
      "to_file_path": "./barang",
      "to_class_or_interface_key": "_xqiXAN7AEDasw92_vjVY-A",
      "to_class_or_interface_name": "user",
      "to_method_key": null,
      "to_method_name": null,
      "data_clump_type": "fields_to_fields_data_clump",
      "data_clump_data": {
        "_dmp1IN7EEDasw92_vjVY-A": {
          "key": "_dmp1IN7EEDasw92_vjVY-A",
          "name": "tambah",
          "type": null,
          "probability": 1,
          "modifiers": [
            "public"
          ],
          "to_variable": {
            "key": "_OX56YN7BEDasw92_vjVY-A",
            "name": "tambah",
            "type": null,
            "modifiers": [
              "public"
            ],
            "position": {}
          },
          "position": {}
        },
        "_hZ-VwN7EEDasw92_vjVY-A": {
          "key": "_hZ-VwN7EEDasw92_vjVY-A",
          "name": "edit",
          "type": null,
          "probability": 1,
          "modifiers": [
            "public"
          ],
          "to_variable": {
            "key": "_OlOksN7BEDasw92_vjVY-A",
            "name": "edit",
            "type": null,
            "modifiers": [
              "public"
            ],
            "position": {}
          },
          "position": {}
        },
        "_hxwjoN7EEDasw92_vjVY-A": {
          "key": "_hxwjoN7EEDasw92_vjVY-A",
          "name": "hapus",
          "type": null,
          "probability": 1,
          "modifiers": [
            "public"
          ],
          "to_variable": {
            "key": "_OwNFoN7BEDasw92_vjVY-A",
            "name": "hapus",
            "type": null,
            "modifiers": [
              "public"
            ],
            "position": {}
          },
          "position": {}
        }
      }
    },
    "fields_to_fields_data_clump-./user-_N8zycN7EEDasw92_vjVY-A-_wUzIkN6_EDasw92_vjVY-A-id_userusernamepassword": {
      "type": "data_clump",
      "key": "fields_to_fields_data_clump-./user-_N8zycN7EEDasw92_vjVY-A-_wUzIkN6_EDasw92_vjVY-A-id_userusernamepassword",
      "probability": 1,
      "from_file_path": "./user",
      "from_class_or_interface_name": "user",
      "from_class_or_interface_key": "_N8zycN7EEDasw92_vjVY-A",
      "from_method_name": null,
      "from_method_key": null,
      "to_file_path": "./login",
      "to_class_or_interface_key": "_wUzIkN6_EDasw92_vjVY-A",
      "to_class_or_interface_name": "user",
      "to_method_key": null,
      "to_method_name": null,
      "data_clump_type": "fields_to_fields_data_clump",
      "data_clump_data": {
        "_S_UDAN7EEDasw92_vjVY-A": {
          "key": "_S_UDAN7EEDasw92_vjVY-A",
          "name": "id_user",
          "type": null,
          "probability": 1,
          "modifiers": [
            "public"
          ],
          "to_variable": {
            "key": "_0XStoN6_EDasw92_vjVY-A",
            "name": "id_user",
            "type": null,
            "modifiers": [
              "public"
            ],
            "position": {}
          },
          "position": {}
        },
        "_TWpk8N7EEDasw92_vjVY-A": {
          "key": "_TWpk8N7EEDasw92_vjVY-A",
          "name": "username",
          "type": null,
          "probability": 1,
          "modifiers": [
            "public"
          ],
          "to_variable": {
            "key": "_3zlOUN6_EDasw92_vjVY-A",
            "name": "username",
            "type": null,
            "modifiers": [
              "public"
            ],
            "position": {}
          },
          "position": {}
        },
        "_dGoRQN7EEDasw92_vjVY-A": {
          "key": "_dGoRQN7EEDasw92_vjVY-A",
          "name": "password",
          "type": null,
          "probability": 1,
          "modifiers": [
            "public"
          ],
          "to_variable": {
            "key": "_41c7AN6_EDasw92_vjVY-A",
            "name": "password",
            "type": null,
            "modifiers": [
              "public"
            ],
            "position": {}
          },
          "position": {}
        }
      }
    },
    "fields_to_fields_data_clump-./user-_N8zycN7EEDasw92_vjVY-A-_0fR6EN7BEDasw92_vjVY-A-tambahedithapus": {
      "type": "data_clump",
      "key": "fields_to_fields_data_clump-./user-_N8zycN7EEDasw92_vjVY-A-_0fR6EN7BEDasw92_vjVY-A-tambahedithapus",
      "probability": 1,
      "from_file_path": "./user",
      "from_class_or_interface_name": "user",
      "from_class_or_interface_key": "_N8zycN7EEDasw92_vjVY-A",
      "from_method_name": null,
      "from_method_key": null,
      "to_file_path": "./pelanggan",
      "to_class_or_interface_key": "_0fR6EN7BEDasw92_vjVY-A",
      "to_class_or_interface_name": "user",
      "to_method_key": null,
      "to_method_name": null,
      "data_clump_type": "fields_to_fields_data_clump",
      "data_clump_data": {
        "_dmp1IN7EEDasw92_vjVY-A": {
          "key": "_dmp1IN7EEDasw92_vjVY-A",
          "name": "tambah",
          "type": null,
          "probability": 1,
          "modifiers": [
            "public"
          ],
          "to_variable": {
            "key": "_8AKRkN7BEDasw92_vjVY-A",
            "name": "tambah",
            "type": null,
            "modifiers": [
              "public"
            ],
            "position": {}
          },
          "position": {}
        },
        "_hZ-VwN7EEDasw92_vjVY-A": {
          "key": "_hZ-VwN7EEDasw92_vjVY-A",
          "name": "edit",
          "type": null,
          "probability": 1,
          "modifiers": [
            "public"
          ],
          "to_variable": {
            "key": "_8K8lQN7BEDasw92_vjVY-A",
            "name": "edit",
            "type": null,
            "modifiers": [
              "public"
            ],
            "position": {}
          },
          "position": {}
        },
        "_hxwjoN7EEDasw92_vjVY-A": {
          "key": "_hxwjoN7EEDasw92_vjVY-A",
          "name": "hapus",
          "type": null,
          "probability": 1,
          "modifiers": [
            "public"
          ],
          "to_variable": {
            "key": "_OkkA4N7CEDasw92_vjVY-A",
            "name": "hapus",
            "type": null,
            "modifiers": [
              "public"
            ],
            "position": {}
          },
          "position": {}
        }
      }
    }
  }
}