{
  "report_version": "^0.1.102",
  "report_timestamp": "2025-04-30T14:12:23.988Z",
  "target_language": "java",
  "report_summary": {
    "additional": {
      "invertedIndexSoftwareProjectStatistics": {
        "invertedFieldToClasses": {
          "median": 1.5,
          "maximum": 57,
          "average": 1.376923076923077,
          "amountSavedValuesForKeys": 537,
          "amountKeys": 8
        },
        "invertedParameterToMethods": {
          "median": 1.5,
          "maximum": 26,
          "average": 1.9502164502164503,
          "amountSavedValuesForKeys": 901,
          "amountKeys": 14
        },
        "invertedParameterToClasses": {
          "median": 1.5,
          "maximum": 57,
          "average": 1.4358288770053476,
          "amountSavedValuesForKeys": 537,
          "amountKeys": 8
        }
      },
      "timer_information": {
        "ast_generation_time_ms": 2977,
        "detection_time_ms": 9,
        "machine_information": {
          "os": "Linux",
          "os_release": "5.10.0-34-cloud-amd64",
          "os_platform": "linux",
          "os_arch": "x64",
          "os_uptime": 95043.46,
          "os_memory_free": 56651825152,
          "os_memory_total": 63183245312,
          "os_cpu_cores": 16,
          "os_cpu_model": "AMD EPYC-Milan Processor",
          "os_cpu_speed": 1996
        }
      },
      "fault_data": {
        "number_of_faults_until_commit": 163
      }
    },
    "amount_classes_or_interfaces_with_data_clumps": 2,
    "amount_files_with_data_clumps": 2,
    "amount_methods_with_data_clumps": 0,
    "fields_to_fields_data_clump": 2,
    "parameters_to_fields_data_clump": 0,
    "parameters_to_parameters_data_clump": 0,
    "amount_data_clumps": 2
  },
  "project_info": {
    "project_url": "https://github.com/OryxProject/oryx",
    "project_name": "oryx",
    "project_version": "57190c16d0daed40c69ede771eecfcb2c0be0d7f",
    "project_commit_hash": "57190c16d0daed40c69ede771eecfcb2c0be0d7f",
    "project_tag": "oryx-2.0.0-alpha-2",
    "project_commit_date": "1432573114",
    "additional": {},
    "number_of_files": 337,
    "number_of_classes_or_interfaces": 363,
    "number_of_methods": 1205,
    "number_of_data_fields": 537,
    "number_of_method_parameters": 901
  },
  "detector": {
    "name": "data-clumps-doctor",
    "url": "https://github.com/NilsBaumgartner1994/data-clumps-doctor",
    "version": "0.1.100",
    "options": {
      "fastDetection": true,
      "ignorePaths": [],
      "typeVariablesConsidered": false,
      "similarityModifierOfVariablesWithUnknownType": 0,
      "fieldsOfClassesWithUnknownHierarchyProbabilityModifier": 0,
      "sharedFieldsToFieldsAmountMinimum": 3,
      "analyseFieldsInClassesOrInterfacesInheritedFromSuperClassesOrInterfaces": false,
      "sharedParametersToParametersAmountMinimum": 3,
      "sharedParametersToFieldsAmountMinimum": 3,
      "methodsOfClassesOrInterfacesWithUnknownHierarchyProbabilityModifier": 0
    }
  },
  "data_clumps": {
    "fields_to_fields_data_clump-app/oryx-app-serving/src/main/java/com/cloudera/oryx/app/serving/als/model/ALSServingModel.java-com.cloudera.oryx.app.serving.als.model.ALSServingModel-com.cloudera.oryx.app.speed.als.ALSSpeedModel-xLockfeaturesrecentNewUsers": {
      "type": "data_clump",
      "key": "fields_to_fields_data_clump-app/oryx-app-serving/src/main/java/com/cloudera/oryx/app/serving/als/model/ALSServingModel.java-com.cloudera.oryx.app.serving.als.model.ALSServingModel-com.cloudera.oryx.app.speed.als.ALSSpeedModel-xLockfeaturesrecentNewUsers",
      "probability": 1,
      "from_file_path": "app/oryx-app-serving/src/main/java/com/cloudera/oryx/app/serving/als/model/ALSServingModel.java",
      "from_class_or_interface_name": "ALSServingModel",
      "from_class_or_interface_key": "com.cloudera.oryx.app.serving.als.model.ALSServingModel",
      "from_method_name": null,
      "from_method_key": null,
      "to_file_path": "app/oryx-app/src/main/java/com/cloudera/oryx/app/speed/als/ALSSpeedModel.java",
      "to_class_or_interface_key": "com.cloudera.oryx.app.speed.als.ALSSpeedModel",
      "to_class_or_interface_name": "ALSServingModel",
      "to_method_key": null,
      "to_method_name": null,
      "data_clump_type": "fields_to_fields_data_clump",
      "data_clump_data": {
        "com.cloudera.oryx.app.serving.als.model.ALSServingModel/memberField/xLock": {
          "key": "com.cloudera.oryx.app.serving.als.model.ALSServingModel/memberField/xLock",
          "name": "xLock",
          "type": "java.util.concurrent.locks.ReadWriteLock",
          "probability": 1,
          "modifiers": [
            "PRIVATE",
            "FINAL"
          ],
          "to_variable": {
            "key": "com.cloudera.oryx.app.speed.als.ALSSpeedModel/memberField/xLock",
            "name": "xLock",
            "type": "java.util.concurrent.locks.ReadWriteLock",
            "modifiers": [
              "PRIVATE",
              "FINAL"
            ],
            "position": {
              "startLine": 52,
              "startColumn": 31,
              "endLine": 52,
              "endColumn": 36
            }
          },
          "position": {
            "startLine": 89,
            "startColumn": 31,
            "endLine": 89,
            "endColumn": 36
          }
        },
        "com.cloudera.oryx.app.serving.als.model.ALSServingModel/memberField/features": {
          "key": "com.cloudera.oryx.app.serving.als.model.ALSServingModel/memberField/features",
          "name": "features",
          "type": "int",
          "probability": 1,
          "modifiers": [
            "PRIVATE",
            "FINAL"
          ],
          "to_variable": {
            "key": "com.cloudera.oryx.app.speed.als.ALSSpeedModel/memberField/features",
            "name": "features",
            "type": "int",
            "modifiers": [
              "PRIVATE",
              "FINAL"
            ],
            "position": {
              "startLine": 56,
              "startColumn": 21,
              "endLine": 56,
              "endColumn": 29
            }
          },
          "position": {
            "startLine": 93,
            "startColumn": 21,
            "endLine": 93,
            "endColumn": 29
          }
        },
        "com.cloudera.oryx.app.serving.als.model.ALSServingModel/memberField/recentNewUsers": {
          "key": "com.cloudera.oryx.app.serving.als.model.ALSServingModel/memberField/recentNewUsers",
          "name": "recentNewUsers",
          "type": "java.util.Collection<java.lang.String>",
          "probability": 1,
          "modifiers": [
            "PRIVATE",
            "FINAL"
          ],
          "to_variable": {
            "key": "com.cloudera.oryx.app.speed.als.ALSSpeedModel/memberField/recentNewUsers",
            "name": "recentNewUsers",
            "type": "java.util.Collection<java.lang.String>",
            "modifiers": [
              "PRIVATE",
              "FINAL"
            ],
            "position": {
              "startLine": 48,
              "startColumn": 36,
              "endLine": 48,
              "endColumn": 50
            }
          },
          "position": {
            "startLine": 82,
            "startColumn": 36,
            "endLine": 82,
            "endColumn": 50
          }
        }
      }
    },
    "fields_to_fields_data_clump-app/oryx-app/src/main/java/com/cloudera/oryx/app/speed/als/ALSSpeedModel.java-com.cloudera.oryx.app.speed.als.ALSSpeedModel-com.cloudera.oryx.app.serving.als.model.ALSServingModel-recentNewUsersxLockfeatures": {
      "type": "data_clump",
      "key": "fields_to_fields_data_clump-app/oryx-app/src/main/java/com/cloudera/oryx/app/speed/als/ALSSpeedModel.java-com.cloudera.oryx.app.speed.als.ALSSpeedModel-com.cloudera.oryx.app.serving.als.model.ALSServingModel-recentNewUsersxLockfeatures",
      "probability": 1,
      "from_file_path": "app/oryx-app/src/main/java/com/cloudera/oryx/app/speed/als/ALSSpeedModel.java",
      "from_class_or_interface_name": "ALSSpeedModel",
      "from_class_or_interface_key": "com.cloudera.oryx.app.speed.als.ALSSpeedModel",
      "from_method_name": null,
      "from_method_key": null,
      "to_file_path": "app/oryx-app-serving/src/main/java/com/cloudera/oryx/app/serving/als/model/ALSServingModel.java",
      "to_class_or_interface_key": "com.cloudera.oryx.app.serving.als.model.ALSServingModel",
      "to_class_or_interface_name": "ALSSpeedModel",
      "to_method_key": null,
      "to_method_name": null,
      "data_clump_type": "fields_to_fields_data_clump",
      "data_clump_data": {
        "com.cloudera.oryx.app.speed.als.ALSSpeedModel/memberField/recentNewUsers": {
          "key": "com.cloudera.oryx.app.speed.als.ALSSpeedModel/memberField/recentNewUsers",
          "name": "recentNewUsers",
          "type": "java.util.Collection<java.lang.String>",
          "probability": 1,
          "modifiers": [
            "PRIVATE",
            "FINAL"
          ],
          "to_variable": {
            "key": "com.cloudera.oryx.app.serving.als.model.ALSServingModel/memberField/recentNewUsers",
            "name": "recentNewUsers",
            "type": "java.util.Collection<java.lang.String>",
            "modifiers": [
              "PRIVATE",
              "FINAL"
            ],
            "position": {
              "startLine": 82,
              "startColumn": 36,
              "endLine": 82,
              "endColumn": 50
            }
          },
          "position": {
            "startLine": 48,
            "startColumn": 36,
            "endLine": 48,
            "endColumn": 50
          }
        },
        "com.cloudera.oryx.app.speed.als.ALSSpeedModel/memberField/xLock": {
          "key": "com.cloudera.oryx.app.speed.als.ALSSpeedModel/memberField/xLock",
          "name": "xLock",
          "type": "java.util.concurrent.locks.ReadWriteLock",
          "probability": 1,
          "modifiers": [
            "PRIVATE",
            "FINAL"
          ],
          "to_variable": {
            "key": "com.cloudera.oryx.app.serving.als.model.ALSServingModel/memberField/xLock",
            "name": "xLock",
            "type": "java.util.concurrent.locks.ReadWriteLock",
            "modifiers": [
              "PRIVATE",
              "FINAL"
            ],
            "position": {
              "startLine": 89,
              "startColumn": 31,
              "endLine": 89,
              "endColumn": 36
            }
          },
          "position": {
            "startLine": 52,
            "startColumn": 31,
            "endLine": 52,
            "endColumn": 36
          }
        },
        "com.cloudera.oryx.app.speed.als.ALSSpeedModel/memberField/features": {
          "key": "com.cloudera.oryx.app.speed.als.ALSSpeedModel/memberField/features",
          "name": "features",
          "type": "int",
          "probability": 1,
          "modifiers": [
            "PRIVATE",
            "FINAL"
          ],
          "to_variable": {
            "key": "com.cloudera.oryx.app.serving.als.model.ALSServingModel/memberField/features",
            "name": "features",
            "type": "int",
            "modifiers": [
              "PRIVATE",
              "FINAL"
            ],
            "position": {
              "startLine": 93,
              "startColumn": 21,
              "endLine": 93,
              "endColumn": 29
            }
          },
          "position": {
            "startLine": 56,
            "startColumn": 21,
            "endLine": 56,
            "endColumn": 29
          }
        }
      }
    }
  }
}