{
  "report_version": "unknown",
  "report_timestamp": "2025-03-26T22:41:35.063Z",
  "target_language": "java",
  "report_summary": {
    "additional": null,
    "amount_classes_or_interfaces_with_data_clumps": 2,
    "amount_files_with_data_clumps": 2,
    "amount_methods_with_data_clumps": 0,
    "fields_to_fields_data_clump": 2,
    "parameters_to_fields_data_clump": 0,
    "parameters_to_parameters_data_clump": 0,
    "amount_data_clumps": 2
  },
  "project_info": {
    "project_url": "unknown_project_url",
    "project_name": "1ae7f027-8d57-4a69-a188-3e975fd43317",
    "project_version": "unknown_project_version",
    "project_commit_hash": "unknown",
    "project_tag": null,
    "project_commit_date": null,
    "additional": {},
    "number_of_files": 9,
    "number_of_classes_or_interfaces": 9,
    "number_of_methods": 60,
    "number_of_data_fields": 45,
    "number_of_method_parameters": 0
  },
  "detector": {
    "name": "data-clumps-doctor",
    "url": "https://github.com/NilsBaumgartner1994/data-clumps-doctor",
    "version": "0.1.100",
    "options": {
      "typeVariablesConsidered": false,
      "similarityModifierOfVariablesWithUnknownType": 0,
      "fieldsOfClassesWithUnknownHierarchyProbabilityModifier": 0,
      "sharedFieldsToFieldsAmountMinimum": 3,
      "analyseFieldsInClassesOrInterfacesInheritedFromSuperClassesOrInterfaces": false,
      "sharedParametersToParametersAmountMinimum": 3,
      "sharedParametersToFieldsAmountMinimum": 3,
      "methodsOfClassesOrInterfacesWithUnknownHierarchyProbabilityModifier": 0
    }
  },
  "data_clumps": {
    "fields_to_fields_data_clump-./Laporan-_Yi4i0F54EDKwrqZ7Bbhn6g-_t0fKEaBxEDeq7JctDu-fNw-ID_PelaporID_TanggapanFoto": {
      "type": "data_clump",
      "key": "fields_to_fields_data_clump-./Laporan-_Yi4i0F54EDKwrqZ7Bbhn6g-_t0fKEaBxEDeq7JctDu-fNw-ID_PelaporID_TanggapanFoto",
      "probability": 1,
      "from_file_path": "./Laporan",
      "from_class_or_interface_name": "Laporan",
      "from_class_or_interface_key": "_Yi4i0F54EDKwrqZ7Bbhn6g",
      "from_method_name": null,
      "from_method_key": null,
      "to_file_path": "./Tanggapan",
      "to_class_or_interface_key": "_t0fKEaBxEDeq7JctDu-fNw",
      "to_class_or_interface_name": "Laporan",
      "to_method_key": null,
      "to_method_name": null,
      "data_clump_type": "fields_to_fields_data_clump",
      "data_clump_data": {
        "_9TFQ8KBvEDeq7JctDu-fNw": {
          "key": "_9TFQ8KBvEDeq7JctDu-fNw",
          "name": "ID_Pelapor",
          "type": null,
          "probability": 1,
          "modifiers": [
            "private"
          ],
          "to_variable": {
            "key": "_zJv-kKBxEDeq7JctDu-fNw",
            "name": "ID_Pelapor",
            "type": null,
            "modifiers": [
              "private"
            ],
            "position": {}
          },
          "position": {}
        },
        "_8ilosKDeEDeq7JctDu-fNw": {
          "key": "_8ilosKDeEDeq7JctDu-fNw",
          "name": "ID_Tanggapan",
          "type": null,
          "probability": 1,
          "modifiers": [
            "private"
          ],
          "to_variable": {
            "key": "_vOm-sKBxEDeq7JctDu-fNw",
            "name": "ID_Tanggapan",
            "type": null,
            "modifiers": [
              "private"
            ],
            "position": {}
          },
          "position": {}
        },
        "_-xkoMaBvEDeq7JctDu-fNw": {
          "key": "_-xkoMaBvEDeq7JctDu-fNw",
          "name": "Foto",
          "type": null,
          "probability": 1,
          "modifiers": [
            "private"
          ],
          "to_variable": {
            "key": "_47q54aBxEDeq7JctDu-fNw",
            "name": "Foto",
            "type": null,
            "modifiers": [
              "private"
            ],
            "position": {}
          },
          "position": {}
        }
      }
    },
    "fields_to_fields_data_clump-./Tanggapan-_t0fKEaBxEDeq7JctDu-fNw-_Yi4i0F54EDKwrqZ7Bbhn6g-ID_TanggapanID_PelaporFoto": {
      "type": "data_clump",
      "key": "fields_to_fields_data_clump-./Tanggapan-_t0fKEaBxEDeq7JctDu-fNw-_Yi4i0F54EDKwrqZ7Bbhn6g-ID_TanggapanID_PelaporFoto",
      "probability": 1,
      "from_file_path": "./Tanggapan",
      "from_class_or_interface_name": "Tanggapan",
      "from_class_or_interface_key": "_t0fKEaBxEDeq7JctDu-fNw",
      "from_method_name": null,
      "from_method_key": null,
      "to_file_path": "./Laporan",
      "to_class_or_interface_key": "_Yi4i0F54EDKwrqZ7Bbhn6g",
      "to_class_or_interface_name": "Tanggapan",
      "to_method_key": null,
      "to_method_name": null,
      "data_clump_type": "fields_to_fields_data_clump",
      "data_clump_data": {
        "_vOm-sKBxEDeq7JctDu-fNw": {
          "key": "_vOm-sKBxEDeq7JctDu-fNw",
          "name": "ID_Tanggapan",
          "type": null,
          "probability": 1,
          "modifiers": [
            "private"
          ],
          "to_variable": {
            "key": "_8ilosKDeEDeq7JctDu-fNw",
            "name": "ID_Tanggapan",
            "type": null,
            "modifiers": [
              "private"
            ],
            "position": {}
          },
          "position": {}
        },
        "_zJv-kKBxEDeq7JctDu-fNw": {
          "key": "_zJv-kKBxEDeq7JctDu-fNw",
          "name": "ID_Pelapor",
          "type": null,
          "probability": 1,
          "modifiers": [
            "private"
          ],
          "to_variable": {
            "key": "_9TFQ8KBvEDeq7JctDu-fNw",
            "name": "ID_Pelapor",
            "type": null,
            "modifiers": [
              "private"
            ],
            "position": {}
          },
          "position": {}
        },
        "_47q54aBxEDeq7JctDu-fNw": {
          "key": "_47q54aBxEDeq7JctDu-fNw",
          "name": "Foto",
          "type": null,
          "probability": 1,
          "modifiers": [
            "private"
          ],
          "to_variable": {
            "key": "_-xkoMaBvEDeq7JctDu-fNw",
            "name": "Foto",
            "type": null,
            "modifiers": [
              "private"
            ],
            "position": {}
          },
          "position": {}
        }
      }
    }
  }
}