{
  "report_version": "unknown",
  "report_timestamp": "2025-03-26T22:59:18.625Z",
  "target_language": "java",
  "report_summary": {
    "additional": null,
    "amount_classes_or_interfaces_with_data_clumps": 5,
    "amount_files_with_data_clumps": 5,
    "amount_methods_with_data_clumps": 0,
    "fields_to_fields_data_clump": 8,
    "parameters_to_fields_data_clump": 0,
    "parameters_to_parameters_data_clump": 0,
    "amount_data_clumps": 8
  },
  "project_info": {
    "project_url": "unknown_project_url",
    "project_name": "_q0azIL12EeuzfsW62S1Kig",
    "project_version": "unknown_project_version",
    "project_commit_hash": "unknown",
    "project_tag": null,
    "project_commit_date": null,
    "additional": {},
    "number_of_files": 7,
    "number_of_classes_or_interfaces": 7,
    "number_of_methods": 0,
    "number_of_data_fields": 28,
    "number_of_method_parameters": 0
  },
  "detector": {
    "name": "data-clumps-doctor",
    "url": "https://github.com/NilsBaumgartner1994/data-clumps-doctor",
    "version": "0.1.100",
    "options": {
      "typeVariablesConsidered": false,
      "similarityModifierOfVariablesWithUnknownType": 0,
      "fieldsOfClassesWithUnknownHierarchyProbabilityModifier": 0,
      "sharedFieldsToFieldsAmountMinimum": 3,
      "analyseFieldsInClassesOrInterfacesInheritedFromSuperClassesOrInterfaces": false,
      "sharedParametersToParametersAmountMinimum": 3,
      "sharedParametersToFieldsAmountMinimum": 3,
      "methodsOfClassesOrInterfacesWithUnknownHierarchyProbabilityModifier": 0
    }
  },
  "data_clumps": {
    "fields_to_fields_data_clump-./Activite-_q0fE5b12EeuzfsW62S1Kig-_q0fE9b12EeuzfsW62S1Kig-idtitredescription": {
      "type": "data_clump",
      "key": "fields_to_fields_data_clump-./Activite-_q0fE5b12EeuzfsW62S1Kig-_q0fE9b12EeuzfsW62S1Kig-idtitredescription",
      "probability": 1,
      "from_file_path": "./Activite",
      "from_class_or_interface_name": "Activite",
      "from_class_or_interface_key": "_q0fE5b12EeuzfsW62S1Kig",
      "from_method_name": null,
      "from_method_key": null,
      "to_file_path": "./Parcours",
      "to_class_or_interface_key": "_q0fE9b12EeuzfsW62S1Kig",
      "to_class_or_interface_name": "Activite",
      "to_method_key": null,
      "to_method_name": null,
      "data_clump_type": "fields_to_fields_data_clump",
      "data_clump_data": {
        "_q0fE5r12EeuzfsW62S1Kig": {
          "key": "_q0fE5r12EeuzfsW62S1Kig",
          "name": "id",
          "type": null,
          "probability": 1,
          "modifiers": [
            "private"
          ],
          "to_variable": {
            "key": "_q0fE9r12EeuzfsW62S1Kig",
            "name": "id",
            "type": null,
            "modifiers": [
              "private"
            ],
            "position": {}
          },
          "position": {}
        },
        "_q0fE5712EeuzfsW62S1Kig": {
          "key": "_q0fE5712EeuzfsW62S1Kig",
          "name": "titre",
          "type": null,
          "probability": 1,
          "modifiers": [
            "private"
          ],
          "to_variable": {
            "key": "_q0fE9712EeuzfsW62S1Kig",
            "name": "titre",
            "type": null,
            "modifiers": [
              "private"
            ],
            "position": {}
          },
          "position": {}
        },
        "_q0fE6L12EeuzfsW62S1Kig": {
          "key": "_q0fE6L12EeuzfsW62S1Kig",
          "name": "description",
          "type": null,
          "probability": 1,
          "modifiers": [
            "private"
          ],
          "to_variable": {
            "key": "_q0fE-L12EeuzfsW62S1Kig",
            "name": "description",
            "type": null,
            "modifiers": [
              "private"
            ],
            "position": {}
          },
          "position": {}
        }
      }
    },
    "fields_to_fields_data_clump-./Intervenant-_q0fE8b12EeuzfsW62S1Kig-_q0fE7L12EeuzfsW62S1Kig-idnomprenom": {
      "type": "data_clump",
      "key": "fields_to_fields_data_clump-./Intervenant-_q0fE8b12EeuzfsW62S1Kig-_q0fE7L12EeuzfsW62S1Kig-idnomprenom",
      "probability": 1,
      "from_file_path": "./Intervenant",
      "from_class_or_interface_name": "Intervenant",
      "from_class_or_interface_key": "_q0fE8b12EeuzfsW62S1Kig",
      "from_method_name": null,
      "from_method_key": null,
      "to_file_path": "./Medecin",
      "to_class_or_interface_key": "_q0fE7L12EeuzfsW62S1Kig",
      "to_class_or_interface_name": "Intervenant",
      "to_method_key": null,
      "to_method_name": null,
      "data_clump_type": "fields_to_fields_data_clump",
      "data_clump_data": {
        "_q0fE8r12EeuzfsW62S1Kig": {
          "key": "_q0fE8r12EeuzfsW62S1Kig",
          "name": "id",
          "type": null,
          "probability": 1,
          "modifiers": [
            "private"
          ],
          "to_variable": {
            "key": "_q0fE7b12EeuzfsW62S1Kig",
            "name": "id",
            "type": null,
            "modifiers": [
              "private"
            ],
            "position": {}
          },
          "position": {}
        },
        "_q0fE8712EeuzfsW62S1Kig": {
          "key": "_q0fE8712EeuzfsW62S1Kig",
          "name": "nom",
          "type": null,
          "probability": 1,
          "modifiers": [
            "private"
          ],
          "to_variable": {
            "key": "_q0fE7r12EeuzfsW62S1Kig",
            "name": "nom",
            "type": null,
            "modifiers": [
              "private"
            ],
            "position": {}
          },
          "position": {}
        },
        "_q0fE9L12EeuzfsW62S1Kig": {
          "key": "_q0fE9L12EeuzfsW62S1Kig",
          "name": "prenom",
          "type": null,
          "probability": 1,
          "modifiers": [
            "private"
          ],
          "to_variable": {
            "key": "_q0fE7712EeuzfsW62S1Kig",
            "name": "prenom",
            "type": null,
            "modifiers": [
              "private"
            ],
            "position": {}
          },
          "position": {}
        }
      }
    },
    "fields_to_fields_data_clump-./Intervenant-_q0fE8b12EeuzfsW62S1Kig-_q0fE2712EeuzfsW62S1Kig-idnomprenom": {
      "type": "data_clump",
      "key": "fields_to_fields_data_clump-./Intervenant-_q0fE8b12EeuzfsW62S1Kig-_q0fE2712EeuzfsW62S1Kig-idnomprenom",
      "probability": 1,
      "from_file_path": "./Intervenant",
      "from_class_or_interface_name": "Intervenant",
      "from_class_or_interface_key": "_q0fE8b12EeuzfsW62S1Kig",
      "from_method_name": null,
      "from_method_key": null,
      "to_file_path": "./Patient",
      "to_class_or_interface_key": "_q0fE2712EeuzfsW62S1Kig",
      "to_class_or_interface_name": "Intervenant",
      "to_method_key": null,
      "to_method_name": null,
      "data_clump_type": "fields_to_fields_data_clump",
      "data_clump_data": {
        "_q0fE8r12EeuzfsW62S1Kig": {
          "key": "_q0fE8r12EeuzfsW62S1Kig",
          "name": "id",
          "type": null,
          "probability": 1,
          "modifiers": [
            "private"
          ],
          "to_variable": {
            "key": "_q0fE3L12EeuzfsW62S1Kig",
            "name": "id",
            "type": null,
            "modifiers": [
              "private"
            ],
            "position": {}
          },
          "position": {}
        },
        "_q0fE8712EeuzfsW62S1Kig": {
          "key": "_q0fE8712EeuzfsW62S1Kig",
          "name": "nom",
          "type": null,
          "probability": 1,
          "modifiers": [
            "private"
          ],
          "to_variable": {
            "key": "_q0fE3b12EeuzfsW62S1Kig",
            "name": "nom",
            "type": null,
            "modifiers": [
              "private"
            ],
            "position": {}
          },
          "position": {}
        },
        "_q0fE9L12EeuzfsW62S1Kig": {
          "key": "_q0fE9L12EeuzfsW62S1Kig",
          "name": "prenom",
          "type": null,
          "probability": 1,
          "modifiers": [
            "private"
          ],
          "to_variable": {
            "key": "_q0fE3r12EeuzfsW62S1Kig",
            "name": "prenom",
            "type": null,
            "modifiers": [
              "private"
            ],
            "position": {}
          },
          "position": {}
        }
      }
    },
    "fields_to_fields_data_clump-./Medecin-_q0fE7L12EeuzfsW62S1Kig-_q0fE8b12EeuzfsW62S1Kig-idnomprenom": {
      "type": "data_clump",
      "key": "fields_to_fields_data_clump-./Medecin-_q0fE7L12EeuzfsW62S1Kig-_q0fE8b12EeuzfsW62S1Kig-idnomprenom",
      "probability": 1,
      "from_file_path": "./Medecin",
      "from_class_or_interface_name": "Medecin",
      "from_class_or_interface_key": "_q0fE7L12EeuzfsW62S1Kig",
      "from_method_name": null,
      "from_method_key": null,
      "to_file_path": "./Intervenant",
      "to_class_or_interface_key": "_q0fE8b12EeuzfsW62S1Kig",
      "to_class_or_interface_name": "Medecin",
      "to_method_key": null,
      "to_method_name": null,
      "data_clump_type": "fields_to_fields_data_clump",
      "data_clump_data": {
        "_q0fE7b12EeuzfsW62S1Kig": {
          "key": "_q0fE7b12EeuzfsW62S1Kig",
          "name": "id",
          "type": null,
          "probability": 1,
          "modifiers": [
            "private"
          ],
          "to_variable": {
            "key": "_q0fE8r12EeuzfsW62S1Kig",
            "name": "id",
            "type": null,
            "modifiers": [
              "private"
            ],
            "position": {}
          },
          "position": {}
        },
        "_q0fE7r12EeuzfsW62S1Kig": {
          "key": "_q0fE7r12EeuzfsW62S1Kig",
          "name": "nom",
          "type": null,
          "probability": 1,
          "modifiers": [
            "private"
          ],
          "to_variable": {
            "key": "_q0fE8712EeuzfsW62S1Kig",
            "name": "nom",
            "type": null,
            "modifiers": [
              "private"
            ],
            "position": {}
          },
          "position": {}
        },
        "_q0fE7712EeuzfsW62S1Kig": {
          "key": "_q0fE7712EeuzfsW62S1Kig",
          "name": "prenom",
          "type": null,
          "probability": 1,
          "modifiers": [
            "private"
          ],
          "to_variable": {
            "key": "_q0fE9L12EeuzfsW62S1Kig",
            "name": "prenom",
            "type": null,
            "modifiers": [
              "private"
            ],
            "position": {}
          },
          "position": {}
        }
      }
    },
    "fields_to_fields_data_clump-./Medecin-_q0fE7L12EeuzfsW62S1Kig-_q0fE2712EeuzfsW62S1Kig-idnomprenommdp": {
      "type": "data_clump",
      "key": "fields_to_fields_data_clump-./Medecin-_q0fE7L12EeuzfsW62S1Kig-_q0fE2712EeuzfsW62S1Kig-idnomprenommdp",
      "probability": 1,
      "from_file_path": "./Medecin",
      "from_class_or_interface_name": "Medecin",
      "from_class_or_interface_key": "_q0fE7L12EeuzfsW62S1Kig",
      "from_method_name": null,
      "from_method_key": null,
      "to_file_path": "./Patient",
      "to_class_or_interface_key": "_q0fE2712EeuzfsW62S1Kig",
      "to_class_or_interface_name": "Medecin",
      "to_method_key": null,
      "to_method_name": null,
      "data_clump_type": "fields_to_fields_data_clump",
      "data_clump_data": {
        "_q0fE7b12EeuzfsW62S1Kig": {
          "key": "_q0fE7b12EeuzfsW62S1Kig",
          "name": "id",
          "type": null,
          "probability": 1,
          "modifiers": [
            "private"
          ],
          "to_variable": {
            "key": "_q0fE3L12EeuzfsW62S1Kig",
            "name": "id",
            "type": null,
            "modifiers": [
              "private"
            ],
            "position": {}
          },
          "position": {}
        },
        "_q0fE7r12EeuzfsW62S1Kig": {
          "key": "_q0fE7r12EeuzfsW62S1Kig",
          "name": "nom",
          "type": null,
          "probability": 1,
          "modifiers": [
            "private"
          ],
          "to_variable": {
            "key": "_q0fE3b12EeuzfsW62S1Kig",
            "name": "nom",
            "type": null,
            "modifiers": [
              "private"
            ],
            "position": {}
          },
          "position": {}
        },
        "_q0fE7712EeuzfsW62S1Kig": {
          "key": "_q0fE7712EeuzfsW62S1Kig",
          "name": "prenom",
          "type": null,
          "probability": 1,
          "modifiers": [
            "private"
          ],
          "to_variable": {
            "key": "_q0fE3r12EeuzfsW62S1Kig",
            "name": "prenom",
            "type": null,
            "modifiers": [
              "private"
            ],
            "position": {}
          },
          "position": {}
        },
        "_q0fE8L12EeuzfsW62S1Kig": {
          "key": "_q0fE8L12EeuzfsW62S1Kig",
          "name": "mdp",
          "type": null,
          "probability": 1,
          "modifiers": [
            "private"
          ],
          "to_variable": {
            "key": "_q0fE4b12EeuzfsW62S1Kig",
            "name": "mdp",
            "type": null,
            "modifiers": [
              "private"
            ],
            "position": {}
          },
          "position": {}
        }
      }
    },
    "fields_to_fields_data_clump-./Parcours-_q0fE9b12EeuzfsW62S1Kig-_q0fE5b12EeuzfsW62S1Kig-idtitredescription": {
      "type": "data_clump",
      "key": "fields_to_fields_data_clump-./Parcours-_q0fE9b12EeuzfsW62S1Kig-_q0fE5b12EeuzfsW62S1Kig-idtitredescription",
      "probability": 1,
      "from_file_path": "./Parcours",
      "from_class_or_interface_name": "Parcours",
      "from_class_or_interface_key": "_q0fE9b12EeuzfsW62S1Kig",
      "from_method_name": null,
      "from_method_key": null,
      "to_file_path": "./Activite",
      "to_class_or_interface_key": "_q0fE5b12EeuzfsW62S1Kig",
      "to_class_or_interface_name": "Parcours",
      "to_method_key": null,
      "to_method_name": null,
      "data_clump_type": "fields_to_fields_data_clump",
      "data_clump_data": {
        "_q0fE9r12EeuzfsW62S1Kig": {
          "key": "_q0fE9r12EeuzfsW62S1Kig",
          "name": "id",
          "type": null,
          "probability": 1,
          "modifiers": [
            "private"
          ],
          "to_variable": {
            "key": "_q0fE5r12EeuzfsW62S1Kig",
            "name": "id",
            "type": null,
            "modifiers": [
              "private"
            ],
            "position": {}
          },
          "position": {}
        },
        "_q0fE9712EeuzfsW62S1Kig": {
          "key": "_q0fE9712EeuzfsW62S1Kig",
          "name": "titre",
          "type": null,
          "probability": 1,
          "modifiers": [
            "private"
          ],
          "to_variable": {
            "key": "_q0fE5712EeuzfsW62S1Kig",
            "name": "titre",
            "type": null,
            "modifiers": [
              "private"
            ],
            "position": {}
          },
          "position": {}
        },
        "_q0fE-L12EeuzfsW62S1Kig": {
          "key": "_q0fE-L12EeuzfsW62S1Kig",
          "name": "description",
          "type": null,
          "probability": 1,
          "modifiers": [
            "private"
          ],
          "to_variable": {
            "key": "_q0fE6L12EeuzfsW62S1Kig",
            "name": "description",
            "type": null,
            "modifiers": [
              "private"
            ],
            "position": {}
          },
          "position": {}
        }
      }
    },
    "fields_to_fields_data_clump-./Patient-_q0fE2712EeuzfsW62S1Kig-_q0fE8b12EeuzfsW62S1Kig-idnomprenom": {
      "type": "data_clump",
      "key": "fields_to_fields_data_clump-./Patient-_q0fE2712EeuzfsW62S1Kig-_q0fE8b12EeuzfsW62S1Kig-idnomprenom",
      "probability": 1,
      "from_file_path": "./Patient",
      "from_class_or_interface_name": "Patient",
      "from_class_or_interface_key": "_q0fE2712EeuzfsW62S1Kig",
      "from_method_name": null,
      "from_method_key": null,
      "to_file_path": "./Intervenant",
      "to_class_or_interface_key": "_q0fE8b12EeuzfsW62S1Kig",
      "to_class_or_interface_name": "Patient",
      "to_method_key": null,
      "to_method_name": null,
      "data_clump_type": "fields_to_fields_data_clump",
      "data_clump_data": {
        "_q0fE3L12EeuzfsW62S1Kig": {
          "key": "_q0fE3L12EeuzfsW62S1Kig",
          "name": "id",
          "type": null,
          "probability": 1,
          "modifiers": [
            "private"
          ],
          "to_variable": {
            "key": "_q0fE8r12EeuzfsW62S1Kig",
            "name": "id",
            "type": null,
            "modifiers": [
              "private"
            ],
            "position": {}
          },
          "position": {}
        },
        "_q0fE3b12EeuzfsW62S1Kig": {
          "key": "_q0fE3b12EeuzfsW62S1Kig",
          "name": "nom",
          "type": null,
          "probability": 1,
          "modifiers": [
            "private"
          ],
          "to_variable": {
            "key": "_q0fE8712EeuzfsW62S1Kig",
            "name": "nom",
            "type": null,
            "modifiers": [
              "private"
            ],
            "position": {}
          },
          "position": {}
        },
        "_q0fE3r12EeuzfsW62S1Kig": {
          "key": "_q0fE3r12EeuzfsW62S1Kig",
          "name": "prenom",
          "type": null,
          "probability": 1,
          "modifiers": [
            "private"
          ],
          "to_variable": {
            "key": "_q0fE9L12EeuzfsW62S1Kig",
            "name": "prenom",
            "type": null,
            "modifiers": [
              "private"
            ],
            "position": {}
          },
          "position": {}
        }
      }
    },
    "fields_to_fields_data_clump-./Patient-_q0fE2712EeuzfsW62S1Kig-_q0fE7L12EeuzfsW62S1Kig-idnomprenommdp": {
      "type": "data_clump",
      "key": "fields_to_fields_data_clump-./Patient-_q0fE2712EeuzfsW62S1Kig-_q0fE7L12EeuzfsW62S1Kig-idnomprenommdp",
      "probability": 1,
      "from_file_path": "./Patient",
      "from_class_or_interface_name": "Patient",
      "from_class_or_interface_key": "_q0fE2712EeuzfsW62S1Kig",
      "from_method_name": null,
      "from_method_key": null,
      "to_file_path": "./Medecin",
      "to_class_or_interface_key": "_q0fE7L12EeuzfsW62S1Kig",
      "to_class_or_interface_name": "Patient",
      "to_method_key": null,
      "to_method_name": null,
      "data_clump_type": "fields_to_fields_data_clump",
      "data_clump_data": {
        "_q0fE3L12EeuzfsW62S1Kig": {
          "key": "_q0fE3L12EeuzfsW62S1Kig",
          "name": "id",
          "type": null,
          "probability": 1,
          "modifiers": [
            "private"
          ],
          "to_variable": {
            "key": "_q0fE7b12EeuzfsW62S1Kig",
            "name": "id",
            "type": null,
            "modifiers": [
              "private"
            ],
            "position": {}
          },
          "position": {}
        },
        "_q0fE3b12EeuzfsW62S1Kig": {
          "key": "_q0fE3b12EeuzfsW62S1Kig",
          "name": "nom",
          "type": null,
          "probability": 1,
          "modifiers": [
            "private"
          ],
          "to_variable": {
            "key": "_q0fE7r12EeuzfsW62S1Kig",
            "name": "nom",
            "type": null,
            "modifiers": [
              "private"
            ],
            "position": {}
          },
          "position": {}
        },
        "_q0fE3r12EeuzfsW62S1Kig": {
          "key": "_q0fE3r12EeuzfsW62S1Kig",
          "name": "prenom",
          "type": null,
          "probability": 1,
          "modifiers": [
            "private"
          ],
          "to_variable": {
            "key": "_q0fE7712EeuzfsW62S1Kig",
            "name": "prenom",
            "type": null,
            "modifiers": [
              "private"
            ],
            "position": {}
          },
          "position": {}
        },
        "_q0fE4b12EeuzfsW62S1Kig": {
          "key": "_q0fE4b12EeuzfsW62S1Kig",
          "name": "mdp",
          "type": null,
          "probability": 1,
          "modifiers": [
            "private"
          ],
          "to_variable": {
            "key": "_q0fE8L12EeuzfsW62S1Kig",
            "name": "mdp",
            "type": null,
            "modifiers": [
              "private"
            ],
            "position": {}
          },
          "position": {}
        }
      }
    }
  }
}