{
  "report_version": "unknown",
  "report_timestamp": "2025-03-26T22:19:29.300Z",
  "target_language": "java",
  "report_summary": {
    "additional": null,
    "amount_classes_or_interfaces_with_data_clumps": 4,
    "amount_files_with_data_clumps": 4,
    "amount_methods_with_data_clumps": 0,
    "fields_to_fields_data_clump": 4,
    "parameters_to_fields_data_clump": 0,
    "parameters_to_parameters_data_clump": 0,
    "amount_data_clumps": 4
  },
  "project_info": {
    "project_url": "unknown_project_url",
    "project_name": "_SjOIAELREemwEfmno6HCkg",
    "project_version": "unknown_project_version",
    "project_commit_hash": "unknown",
    "project_tag": null,
    "project_commit_date": null,
    "additional": {},
    "number_of_files": 16,
    "number_of_classes_or_interfaces": 16,
    "number_of_methods": 0,
    "number_of_data_fields": 40,
    "number_of_method_parameters": 0
  },
  "detector": {
    "name": "data-clumps-doctor",
    "url": "https://github.com/NilsBaumgartner1994/data-clumps-doctor",
    "version": "0.1.100",
    "options": {
      "typeVariablesConsidered": false,
      "similarityModifierOfVariablesWithUnknownType": 0,
      "fieldsOfClassesWithUnknownHierarchyProbabilityModifier": 0,
      "sharedFieldsToFieldsAmountMinimum": 3,
      "analyseFieldsInClassesOrInterfacesInheritedFromSuperClassesOrInterfaces": false,
      "sharedParametersToParametersAmountMinimum": 3,
      "sharedParametersToFieldsAmountMinimum": 3,
      "methodsOfClassesOrInterfacesWithUnknownHierarchyProbabilityModifier": 0
    }
  },
  "data_clumps": {
    "fields_to_fields_data_clump-./Bar-_u10VcSUFEDemXKPBU-rqSw-_UPYiASUIEDemXKPBU-rqSw-idcapacidadestilo": {
      "type": "data_clump",
      "key": "fields_to_fields_data_clump-./Bar-_u10VcSUFEDemXKPBU-rqSw-_UPYiASUIEDemXKPBU-rqSw-idcapacidadestilo",
      "probability": 1,
      "from_file_path": "./Bar",
      "from_class_or_interface_name": "Bar",
      "from_class_or_interface_key": "_u10VcSUFEDemXKPBU-rqSw",
      "from_method_name": null,
      "from_method_key": null,
      "to_file_path": "./Restaurante",
      "to_class_or_interface_key": "_UPYiASUIEDemXKPBU-rqSw",
      "to_class_or_interface_name": "Bar",
      "to_method_key": null,
      "to_method_name": null,
      "data_clump_type": "fields_to_fields_data_clump",
      "data_clump_data": {
        "_8Wu_8CUJEDemXKPBU-rqSw": {
          "key": "_8Wu_8CUJEDemXKPBU-rqSw",
          "name": "id",
          "type": null,
          "probability": 1,
          "modifiers": [
            "public"
          ],
          "to_variable": {
            "key": "__56LwCUJEDemXKPBU-rqSw",
            "name": "id",
            "type": null,
            "modifiers": [
              "public"
            ],
            "position": {}
          },
          "position": {}
        },
        "_wRH10SUFEDemXKPBU-rqSw": {
          "key": "_wRH10SUFEDemXKPBU-rqSw",
          "name": "capacidad",
          "type": null,
          "probability": 1,
          "modifiers": [
            "public"
          ],
          "to_variable": {
            "key": "_WLd0MSUIEDemXKPBU-rqSw",
            "name": "capacidad",
            "type": null,
            "modifiers": [
              "public"
            ],
            "position": {}
          },
          "position": {}
        },
        "_ykOg4CUFEDemXKPBU-rqSw": {
          "key": "_ykOg4CUFEDemXKPBU-rqSw",
          "name": "estilo",
          "type": null,
          "probability": 1,
          "modifiers": [
            "public"
          ],
          "to_variable": {
            "key": "_7a2b8SUIEDemXKPBU-rqSw",
            "name": "estilo",
            "type": null,
            "modifiers": [
              "public"
            ],
            "position": {}
          },
          "position": {}
        }
      }
    },
    "fields_to_fields_data_clump-./Dotacion-_UNMYYSUCEDemXKPBU-rqSw-_gL_BcSUJEDemXKPBU-rqSw-idnombrecosto": {
      "type": "data_clump",
      "key": "fields_to_fields_data_clump-./Dotacion-_UNMYYSUCEDemXKPBU-rqSw-_gL_BcSUJEDemXKPBU-rqSw-idnombrecosto",
      "probability": 1,
      "from_file_path": "./Dotacion",
      "from_class_or_interface_name": "Dotacion",
      "from_class_or_interface_key": "_UNMYYSUCEDemXKPBU-rqSw",
      "from_method_name": null,
      "from_method_key": null,
      "to_file_path": "./Producto",
      "to_class_or_interface_key": "_gL_BcSUJEDemXKPBU-rqSw",
      "to_class_or_interface_name": "Dotacion",
      "to_method_key": null,
      "to_method_name": null,
      "data_clump_type": "fields_to_fields_data_clump",
      "data_clump_data": {
        "_ahRlkSUCEDemXKPBU-rqSw": {
          "key": "_ahRlkSUCEDemXKPBU-rqSw",
          "name": "id",
          "type": null,
          "probability": 1,
          "modifiers": [
            "public"
          ],
          "to_variable": {
            "key": "_g9zf8CUJEDemXKPBU-rqSw",
            "name": "id",
            "type": null,
            "modifiers": [
              "public"
            ],
            "position": {}
          },
          "position": {}
        },
        "_gljcMSUCEDemXKPBU-rqSw": {
          "key": "_gljcMSUCEDemXKPBU-rqSw",
          "name": "nombre",
          "type": null,
          "probability": 1,
          "modifiers": [
            "public"
          ],
          "to_variable": {
            "key": "_kkcPcSUJEDemXKPBU-rqSw",
            "name": "nombre",
            "type": null,
            "modifiers": [
              "public"
            ],
            "position": {}
          },
          "position": {}
        },
        "_mO1_8CUCEDemXKPBU-rqSw": {
          "key": "_mO1_8CUCEDemXKPBU-rqSw",
          "name": "costo",
          "type": null,
          "probability": 1,
          "modifiers": [
            "public"
          ],
          "to_variable": {
            "key": "_oc8yESUJEDemXKPBU-rqSw",
            "name": "costo",
            "type": null,
            "modifiers": [
              "public"
            ],
            "position": {}
          },
          "position": {}
        }
      }
    },
    "fields_to_fields_data_clump-./Producto-_gL_BcSUJEDemXKPBU-rqSw-_UNMYYSUCEDemXKPBU-rqSw-idnombrecosto": {
      "type": "data_clump",
      "key": "fields_to_fields_data_clump-./Producto-_gL_BcSUJEDemXKPBU-rqSw-_UNMYYSUCEDemXKPBU-rqSw-idnombrecosto",
      "probability": 1,
      "from_file_path": "./Producto",
      "from_class_or_interface_name": "Producto",
      "from_class_or_interface_key": "_gL_BcSUJEDemXKPBU-rqSw",
      "from_method_name": null,
      "from_method_key": null,
      "to_file_path": "./Dotacion",
      "to_class_or_interface_key": "_UNMYYSUCEDemXKPBU-rqSw",
      "to_class_or_interface_name": "Producto",
      "to_method_key": null,
      "to_method_name": null,
      "data_clump_type": "fields_to_fields_data_clump",
      "data_clump_data": {
        "_g9zf8CUJEDemXKPBU-rqSw": {
          "key": "_g9zf8CUJEDemXKPBU-rqSw",
          "name": "id",
          "type": null,
          "probability": 1,
          "modifiers": [
            "public"
          ],
          "to_variable": {
            "key": "_ahRlkSUCEDemXKPBU-rqSw",
            "name": "id",
            "type": null,
            "modifiers": [
              "public"
            ],
            "position": {}
          },
          "position": {}
        },
        "_kkcPcSUJEDemXKPBU-rqSw": {
          "key": "_kkcPcSUJEDemXKPBU-rqSw",
          "name": "nombre",
          "type": null,
          "probability": 1,
          "modifiers": [
            "public"
          ],
          "to_variable": {
            "key": "_gljcMSUCEDemXKPBU-rqSw",
            "name": "nombre",
            "type": null,
            "modifiers": [
              "public"
            ],
            "position": {}
          },
          "position": {}
        },
        "_oc8yESUJEDemXKPBU-rqSw": {
          "key": "_oc8yESUJEDemXKPBU-rqSw",
          "name": "costo",
          "type": null,
          "probability": 1,
          "modifiers": [
            "public"
          ],
          "to_variable": {
            "key": "_mO1_8CUCEDemXKPBU-rqSw",
            "name": "costo",
            "type": null,
            "modifiers": [
              "public"
            ],
            "position": {}
          },
          "position": {}
        }
      }
    },
    "fields_to_fields_data_clump-./Restaurante-_UPYiASUIEDemXKPBU-rqSw-_u10VcSUFEDemXKPBU-rqSw-idcapacidadestilo": {
      "type": "data_clump",
      "key": "fields_to_fields_data_clump-./Restaurante-_UPYiASUIEDemXKPBU-rqSw-_u10VcSUFEDemXKPBU-rqSw-idcapacidadestilo",
      "probability": 1,
      "from_file_path": "./Restaurante",
      "from_class_or_interface_name": "Restaurante",
      "from_class_or_interface_key": "_UPYiASUIEDemXKPBU-rqSw",
      "from_method_name": null,
      "from_method_key": null,
      "to_file_path": "./Bar",
      "to_class_or_interface_key": "_u10VcSUFEDemXKPBU-rqSw",
      "to_class_or_interface_name": "Restaurante",
      "to_method_key": null,
      "to_method_name": null,
      "data_clump_type": "fields_to_fields_data_clump",
      "data_clump_data": {
        "__56LwCUJEDemXKPBU-rqSw": {
          "key": "__56LwCUJEDemXKPBU-rqSw",
          "name": "id",
          "type": null,
          "probability": 1,
          "modifiers": [
            "public"
          ],
          "to_variable": {
            "key": "_8Wu_8CUJEDemXKPBU-rqSw",
            "name": "id",
            "type": null,
            "modifiers": [
              "public"
            ],
            "position": {}
          },
          "position": {}
        },
        "_WLd0MSUIEDemXKPBU-rqSw": {
          "key": "_WLd0MSUIEDemXKPBU-rqSw",
          "name": "capacidad",
          "type": null,
          "probability": 1,
          "modifiers": [
            "public"
          ],
          "to_variable": {
            "key": "_wRH10SUFEDemXKPBU-rqSw",
            "name": "capacidad",
            "type": null,
            "modifiers": [
              "public"
            ],
            "position": {}
          },
          "position": {}
        },
        "_7a2b8SUIEDemXKPBU-rqSw": {
          "key": "_7a2b8SUIEDemXKPBU-rqSw",
          "name": "estilo",
          "type": null,
          "probability": 1,
          "modifiers": [
            "public"
          ],
          "to_variable": {
            "key": "_ykOg4CUFEDemXKPBU-rqSw",
            "name": "estilo",
            "type": null,
            "modifiers": [
              "public"
            ],
            "position": {}
          },
          "position": {}
        }
      }
    }
  }
}