{
  "report_version": "unknown",
  "report_timestamp": "2025-03-26T22:03:33.081Z",
  "target_language": "java",
  "report_summary": {
    "additional": null,
    "amount_classes_or_interfaces_with_data_clumps": 4,
    "amount_files_with_data_clumps": 4,
    "amount_methods_with_data_clumps": 4,
    "fields_to_fields_data_clump": 0,
    "parameters_to_fields_data_clump": 0,
    "parameters_to_parameters_data_clump": 12,
    "amount_data_clumps": 12
  },
  "project_info": {
    "project_url": "unknown_project_url",
    "project_name": "_y7aYUNTpEeiczqJWtOPN4Q",
    "project_version": "unknown_project_version",
    "project_commit_hash": "unknown",
    "project_tag": null,
    "project_commit_date": null,
    "additional": {},
    "number_of_files": 5,
    "number_of_classes_or_interfaces": 5,
    "number_of_methods": 22,
    "number_of_data_fields": 18,
    "number_of_method_parameters": 14
  },
  "detector": {
    "name": "data-clumps-doctor",
    "url": "https://github.com/NilsBaumgartner1994/data-clumps-doctor",
    "version": "0.1.100",
    "options": {
      "typeVariablesConsidered": false,
      "similarityModifierOfVariablesWithUnknownType": 0,
      "fieldsOfClassesWithUnknownHierarchyProbabilityModifier": 0,
      "sharedFieldsToFieldsAmountMinimum": 3,
      "analyseFieldsInClassesOrInterfacesInheritedFromSuperClassesOrInterfaces": false,
      "sharedParametersToParametersAmountMinimum": 3,
      "sharedParametersToFieldsAmountMinimum": 3,
      "methodsOfClassesOrInterfacesWithUnknownHierarchyProbabilityModifier": 0
    }
  },
  "data_clumps": {
    "parameters_to_parameters_data_clump-./Asignatura-_QUKNsLebEDaN7YEAP_c58g-_J2cjYLebEDaN7YEAP_c58g-parameterparameter2parameter3": {
      "type": "data_clump",
      "key": "parameters_to_parameters_data_clump-./Asignatura-_QUKNsLebEDaN7YEAP_c58g-_J2cjYLebEDaN7YEAP_c58g-parameterparameter2parameter3",
      "probability": 1,
      "from_file_path": "./Asignatura",
      "from_class_or_interface_name": "Asignatura",
      "from_class_or_interface_key": "_cxBB4beZEDaN7YEAP_c58g",
      "from_method_name": "Asignatura",
      "from_method_key": "_QUKNsLebEDaN7YEAP_c58g",
      "to_file_path": "./Carrera",
      "to_class_or_interface_name": "Carrera",
      "to_class_or_interface_key": "_Wt_IcbeZEDaN7YEAP_c58g",
      "to_method_name": "Carrera",
      "to_method_key": "_J2cjYLebEDaN7YEAP_c58g",
      "data_clump_type": "parameters_to_parameters_data_clump",
      "data_clump_data": {
        "_q21TwLeeEDaN7YEAP_c58g": {
          "key": "_q21TwLeeEDaN7YEAP_c58g",
          "name": "parameter",
          "type": null,
          "probability": 1,
          "modifiers": [],
          "to_variable": {
            "key": "_PRnOwLefEDaN7YEAP_c58g",
            "name": "parameter",
            "type": null,
            "modifiers": [],
            "position": {}
          },
          "position": {}
        },
        "_rPXvkLeeEDaN7YEAP_c58g": {
          "key": "_rPXvkLeeEDaN7YEAP_c58g",
          "name": "parameter2",
          "type": null,
          "probability": 1,
          "modifiers": [],
          "to_variable": {
            "key": "_PptlsLefEDaN7YEAP_c58g",
            "name": "parameter2",
            "type": null,
            "modifiers": [],
            "position": {}
          },
          "position": {}
        },
        "_rm--ULeeEDaN7YEAP_c58g": {
          "key": "_rm--ULeeEDaN7YEAP_c58g",
          "name": "parameter3",
          "type": null,
          "probability": 1,
          "modifiers": [],
          "to_variable": {
            "key": "_QGr1kLefEDaN7YEAP_c58g",
            "name": "parameter3",
            "type": null,
            "modifiers": [],
            "position": {}
          },
          "position": {}
        }
      }
    },
    "parameters_to_parameters_data_clump-./Asignatura-_QUKNsLebEDaN7YEAP_c58g-_OjQJYLeeEDaN7YEAP_c58g-parameterparameter2parameter3": {
      "type": "data_clump",
      "key": "parameters_to_parameters_data_clump-./Asignatura-_QUKNsLebEDaN7YEAP_c58g-_OjQJYLeeEDaN7YEAP_c58g-parameterparameter2parameter3",
      "probability": 1,
      "from_file_path": "./Asignatura",
      "from_class_or_interface_name": "Asignatura",
      "from_class_or_interface_key": "_cxBB4beZEDaN7YEAP_c58g",
      "from_method_name": "Asignatura",
      "from_method_key": "_QUKNsLebEDaN7YEAP_c58g",
      "to_file_path": "./Estudiante",
      "to_class_or_interface_name": "Estudiante",
      "to_class_or_interface_key": "_Tt9tALeZEDaN7YEAP_c58g",
      "to_method_name": "Estudiante",
      "to_method_key": "_OjQJYLeeEDaN7YEAP_c58g",
      "data_clump_type": "parameters_to_parameters_data_clump",
      "data_clump_data": {
        "_q21TwLeeEDaN7YEAP_c58g": {
          "key": "_q21TwLeeEDaN7YEAP_c58g",
          "name": "parameter",
          "type": null,
          "probability": 1,
          "modifiers": [],
          "to_variable": {
            "key": "_TfJboLeeEDaN7YEAP_c58g",
            "name": "parameter",
            "type": null,
            "modifiers": [],
            "position": {}
          },
          "position": {}
        },
        "_rPXvkLeeEDaN7YEAP_c58g": {
          "key": "_rPXvkLeeEDaN7YEAP_c58g",
          "name": "parameter2",
          "type": null,
          "probability": 1,
          "modifiers": [],
          "to_variable": {
            "key": "_T_4xMLeeEDaN7YEAP_c58g",
            "name": "parameter2",
            "type": null,
            "modifiers": [],
            "position": {}
          },
          "position": {}
        },
        "_rm--ULeeEDaN7YEAP_c58g": {
          "key": "_rm--ULeeEDaN7YEAP_c58g",
          "name": "parameter3",
          "type": null,
          "probability": 1,
          "modifiers": [],
          "to_variable": {
            "key": "_Udc28LeeEDaN7YEAP_c58g",
            "name": "parameter3",
            "type": null,
            "modifiers": [],
            "position": {}
          },
          "position": {}
        }
      }
    },
    "parameters_to_parameters_data_clump-./Asignatura-_QUKNsLebEDaN7YEAP_c58g-_MslqELebEDaN7YEAP_c58g-parameterparameter2parameter3": {
      "type": "data_clump",
      "key": "parameters_to_parameters_data_clump-./Asignatura-_QUKNsLebEDaN7YEAP_c58g-_MslqELebEDaN7YEAP_c58g-parameterparameter2parameter3",
      "probability": 1,
      "from_file_path": "./Asignatura",
      "from_class_or_interface_name": "Asignatura",
      "from_class_or_interface_key": "_cxBB4beZEDaN7YEAP_c58g",
      "from_method_name": "Asignatura",
      "from_method_key": "_QUKNsLebEDaN7YEAP_c58g",
      "to_file_path": "./Profesor",
      "to_class_or_interface_name": "Profesor",
      "to_class_or_interface_key": "_a47e4LeZEDaN7YEAP_c58g",
      "to_method_name": "Profesor",
      "to_method_key": "_MslqELebEDaN7YEAP_c58g",
      "data_clump_type": "parameters_to_parameters_data_clump",
      "data_clump_data": {
        "_q21TwLeeEDaN7YEAP_c58g": {
          "key": "_q21TwLeeEDaN7YEAP_c58g",
          "name": "parameter",
          "type": null,
          "probability": 1,
          "modifiers": [],
          "to_variable": {
            "key": "_ruvWsLefEDaN7YEAP_c58g",
            "name": "parameter",
            "type": null,
            "modifiers": [],
            "position": {}
          },
          "position": {}
        },
        "_rPXvkLeeEDaN7YEAP_c58g": {
          "key": "_rPXvkLeeEDaN7YEAP_c58g",
          "name": "parameter2",
          "type": null,
          "probability": 1,
          "modifiers": [],
          "to_variable": {
            "key": "_sFVRwLefEDaN7YEAP_c58g",
            "name": "parameter2",
            "type": null,
            "modifiers": [],
            "position": {}
          },
          "position": {}
        },
        "_rm--ULeeEDaN7YEAP_c58g": {
          "key": "_rm--ULeeEDaN7YEAP_c58g",
          "name": "parameter3",
          "type": null,
          "probability": 1,
          "modifiers": [],
          "to_variable": {
            "key": "_sjUOQLefEDaN7YEAP_c58g",
            "name": "parameter3",
            "type": null,
            "modifiers": [],
            "position": {}
          },
          "position": {}
        }
      }
    },
    "parameters_to_parameters_data_clump-./Carrera-_J2cjYLebEDaN7YEAP_c58g-_QUKNsLebEDaN7YEAP_c58g-parameterparameter2parameter3": {
      "type": "data_clump",
      "key": "parameters_to_parameters_data_clump-./Carrera-_J2cjYLebEDaN7YEAP_c58g-_QUKNsLebEDaN7YEAP_c58g-parameterparameter2parameter3",
      "probability": 1,
      "from_file_path": "./Carrera",
      "from_class_or_interface_name": "Carrera",
      "from_class_or_interface_key": "_Wt_IcbeZEDaN7YEAP_c58g",
      "from_method_name": "Carrera",
      "from_method_key": "_J2cjYLebEDaN7YEAP_c58g",
      "to_file_path": "./Asignatura",
      "to_class_or_interface_name": "Asignatura",
      "to_class_or_interface_key": "_cxBB4beZEDaN7YEAP_c58g",
      "to_method_name": "Asignatura",
      "to_method_key": "_QUKNsLebEDaN7YEAP_c58g",
      "data_clump_type": "parameters_to_parameters_data_clump",
      "data_clump_data": {
        "_PRnOwLefEDaN7YEAP_c58g": {
          "key": "_PRnOwLefEDaN7YEAP_c58g",
          "name": "parameter",
          "type": null,
          "probability": 1,
          "modifiers": [],
          "to_variable": {
            "key": "_q21TwLeeEDaN7YEAP_c58g",
            "name": "parameter",
            "type": null,
            "modifiers": [],
            "position": {}
          },
          "position": {}
        },
        "_PptlsLefEDaN7YEAP_c58g": {
          "key": "_PptlsLefEDaN7YEAP_c58g",
          "name": "parameter2",
          "type": null,
          "probability": 1,
          "modifiers": [],
          "to_variable": {
            "key": "_rPXvkLeeEDaN7YEAP_c58g",
            "name": "parameter2",
            "type": null,
            "modifiers": [],
            "position": {}
          },
          "position": {}
        },
        "_QGr1kLefEDaN7YEAP_c58g": {
          "key": "_QGr1kLefEDaN7YEAP_c58g",
          "name": "parameter3",
          "type": null,
          "probability": 1,
          "modifiers": [],
          "to_variable": {
            "key": "_rm--ULeeEDaN7YEAP_c58g",
            "name": "parameter3",
            "type": null,
            "modifiers": [],
            "position": {}
          },
          "position": {}
        }
      }
    },
    "parameters_to_parameters_data_clump-./Carrera-_J2cjYLebEDaN7YEAP_c58g-_OjQJYLeeEDaN7YEAP_c58g-parameterparameter2parameter3": {
      "type": "data_clump",
      "key": "parameters_to_parameters_data_clump-./Carrera-_J2cjYLebEDaN7YEAP_c58g-_OjQJYLeeEDaN7YEAP_c58g-parameterparameter2parameter3",
      "probability": 1,
      "from_file_path": "./Carrera",
      "from_class_or_interface_name": "Carrera",
      "from_class_or_interface_key": "_Wt_IcbeZEDaN7YEAP_c58g",
      "from_method_name": "Carrera",
      "from_method_key": "_J2cjYLebEDaN7YEAP_c58g",
      "to_file_path": "./Estudiante",
      "to_class_or_interface_name": "Estudiante",
      "to_class_or_interface_key": "_Tt9tALeZEDaN7YEAP_c58g",
      "to_method_name": "Estudiante",
      "to_method_key": "_OjQJYLeeEDaN7YEAP_c58g",
      "data_clump_type": "parameters_to_parameters_data_clump",
      "data_clump_data": {
        "_PRnOwLefEDaN7YEAP_c58g": {
          "key": "_PRnOwLefEDaN7YEAP_c58g",
          "name": "parameter",
          "type": null,
          "probability": 1,
          "modifiers": [],
          "to_variable": {
            "key": "_TfJboLeeEDaN7YEAP_c58g",
            "name": "parameter",
            "type": null,
            "modifiers": [],
            "position": {}
          },
          "position": {}
        },
        "_PptlsLefEDaN7YEAP_c58g": {
          "key": "_PptlsLefEDaN7YEAP_c58g",
          "name": "parameter2",
          "type": null,
          "probability": 1,
          "modifiers": [],
          "to_variable": {
            "key": "_T_4xMLeeEDaN7YEAP_c58g",
            "name": "parameter2",
            "type": null,
            "modifiers": [],
            "position": {}
          },
          "position": {}
        },
        "_QGr1kLefEDaN7YEAP_c58g": {
          "key": "_QGr1kLefEDaN7YEAP_c58g",
          "name": "parameter3",
          "type": null,
          "probability": 1,
          "modifiers": [],
          "to_variable": {
            "key": "_Udc28LeeEDaN7YEAP_c58g",
            "name": "parameter3",
            "type": null,
            "modifiers": [],
            "position": {}
          },
          "position": {}
        }
      }
    },
    "parameters_to_parameters_data_clump-./Carrera-_J2cjYLebEDaN7YEAP_c58g-_MslqELebEDaN7YEAP_c58g-parameterparameter2parameter3": {
      "type": "data_clump",
      "key": "parameters_to_parameters_data_clump-./Carrera-_J2cjYLebEDaN7YEAP_c58g-_MslqELebEDaN7YEAP_c58g-parameterparameter2parameter3",
      "probability": 1,
      "from_file_path": "./Carrera",
      "from_class_or_interface_name": "Carrera",
      "from_class_or_interface_key": "_Wt_IcbeZEDaN7YEAP_c58g",
      "from_method_name": "Carrera",
      "from_method_key": "_J2cjYLebEDaN7YEAP_c58g",
      "to_file_path": "./Profesor",
      "to_class_or_interface_name": "Profesor",
      "to_class_or_interface_key": "_a47e4LeZEDaN7YEAP_c58g",
      "to_method_name": "Profesor",
      "to_method_key": "_MslqELebEDaN7YEAP_c58g",
      "data_clump_type": "parameters_to_parameters_data_clump",
      "data_clump_data": {
        "_PRnOwLefEDaN7YEAP_c58g": {
          "key": "_PRnOwLefEDaN7YEAP_c58g",
          "name": "parameter",
          "type": null,
          "probability": 1,
          "modifiers": [],
          "to_variable": {
            "key": "_ruvWsLefEDaN7YEAP_c58g",
            "name": "parameter",
            "type": null,
            "modifiers": [],
            "position": {}
          },
          "position": {}
        },
        "_PptlsLefEDaN7YEAP_c58g": {
          "key": "_PptlsLefEDaN7YEAP_c58g",
          "name": "parameter2",
          "type": null,
          "probability": 1,
          "modifiers": [],
          "to_variable": {
            "key": "_sFVRwLefEDaN7YEAP_c58g",
            "name": "parameter2",
            "type": null,
            "modifiers": [],
            "position": {}
          },
          "position": {}
        },
        "_QGr1kLefEDaN7YEAP_c58g": {
          "key": "_QGr1kLefEDaN7YEAP_c58g",
          "name": "parameter3",
          "type": null,
          "probability": 1,
          "modifiers": [],
          "to_variable": {
            "key": "_sjUOQLefEDaN7YEAP_c58g",
            "name": "parameter3",
            "type": null,
            "modifiers": [],
            "position": {}
          },
          "position": {}
        }
      }
    },
    "parameters_to_parameters_data_clump-./Estudiante-_OjQJYLeeEDaN7YEAP_c58g-_QUKNsLebEDaN7YEAP_c58g-parameterparameter2parameter3": {
      "type": "data_clump",
      "key": "parameters_to_parameters_data_clump-./Estudiante-_OjQJYLeeEDaN7YEAP_c58g-_QUKNsLebEDaN7YEAP_c58g-parameterparameter2parameter3",
      "probability": 1,
      "from_file_path": "./Estudiante",
      "from_class_or_interface_name": "Estudiante",
      "from_class_or_interface_key": "_Tt9tALeZEDaN7YEAP_c58g",
      "from_method_name": "Estudiante",
      "from_method_key": "_OjQJYLeeEDaN7YEAP_c58g",
      "to_file_path": "./Asignatura",
      "to_class_or_interface_name": "Asignatura",
      "to_class_or_interface_key": "_cxBB4beZEDaN7YEAP_c58g",
      "to_method_name": "Asignatura",
      "to_method_key": "_QUKNsLebEDaN7YEAP_c58g",
      "data_clump_type": "parameters_to_parameters_data_clump",
      "data_clump_data": {
        "_TfJboLeeEDaN7YEAP_c58g": {
          "key": "_TfJboLeeEDaN7YEAP_c58g",
          "name": "parameter",
          "type": null,
          "probability": 1,
          "modifiers": [],
          "to_variable": {
            "key": "_q21TwLeeEDaN7YEAP_c58g",
            "name": "parameter",
            "type": null,
            "modifiers": [],
            "position": {}
          },
          "position": {}
        },
        "_T_4xMLeeEDaN7YEAP_c58g": {
          "key": "_T_4xMLeeEDaN7YEAP_c58g",
          "name": "parameter2",
          "type": null,
          "probability": 1,
          "modifiers": [],
          "to_variable": {
            "key": "_rPXvkLeeEDaN7YEAP_c58g",
            "name": "parameter2",
            "type": null,
            "modifiers": [],
            "position": {}
          },
          "position": {}
        },
        "_Udc28LeeEDaN7YEAP_c58g": {
          "key": "_Udc28LeeEDaN7YEAP_c58g",
          "name": "parameter3",
          "type": null,
          "probability": 1,
          "modifiers": [],
          "to_variable": {
            "key": "_rm--ULeeEDaN7YEAP_c58g",
            "name": "parameter3",
            "type": null,
            "modifiers": [],
            "position": {}
          },
          "position": {}
        }
      }
    },
    "parameters_to_parameters_data_clump-./Estudiante-_OjQJYLeeEDaN7YEAP_c58g-_J2cjYLebEDaN7YEAP_c58g-parameterparameter2parameter3": {
      "type": "data_clump",
      "key": "parameters_to_parameters_data_clump-./Estudiante-_OjQJYLeeEDaN7YEAP_c58g-_J2cjYLebEDaN7YEAP_c58g-parameterparameter2parameter3",
      "probability": 1,
      "from_file_path": "./Estudiante",
      "from_class_or_interface_name": "Estudiante",
      "from_class_or_interface_key": "_Tt9tALeZEDaN7YEAP_c58g",
      "from_method_name": "Estudiante",
      "from_method_key": "_OjQJYLeeEDaN7YEAP_c58g",
      "to_file_path": "./Carrera",
      "to_class_or_interface_name": "Carrera",
      "to_class_or_interface_key": "_Wt_IcbeZEDaN7YEAP_c58g",
      "to_method_name": "Carrera",
      "to_method_key": "_J2cjYLebEDaN7YEAP_c58g",
      "data_clump_type": "parameters_to_parameters_data_clump",
      "data_clump_data": {
        "_TfJboLeeEDaN7YEAP_c58g": {
          "key": "_TfJboLeeEDaN7YEAP_c58g",
          "name": "parameter",
          "type": null,
          "probability": 1,
          "modifiers": [],
          "to_variable": {
            "key": "_PRnOwLefEDaN7YEAP_c58g",
            "name": "parameter",
            "type": null,
            "modifiers": [],
            "position": {}
          },
          "position": {}
        },
        "_T_4xMLeeEDaN7YEAP_c58g": {
          "key": "_T_4xMLeeEDaN7YEAP_c58g",
          "name": "parameter2",
          "type": null,
          "probability": 1,
          "modifiers": [],
          "to_variable": {
            "key": "_PptlsLefEDaN7YEAP_c58g",
            "name": "parameter2",
            "type": null,
            "modifiers": [],
            "position": {}
          },
          "position": {}
        },
        "_Udc28LeeEDaN7YEAP_c58g": {
          "key": "_Udc28LeeEDaN7YEAP_c58g",
          "name": "parameter3",
          "type": null,
          "probability": 1,
          "modifiers": [],
          "to_variable": {
            "key": "_QGr1kLefEDaN7YEAP_c58g",
            "name": "parameter3",
            "type": null,
            "modifiers": [],
            "position": {}
          },
          "position": {}
        }
      }
    },
    "parameters_to_parameters_data_clump-./Estudiante-_OjQJYLeeEDaN7YEAP_c58g-_MslqELebEDaN7YEAP_c58g-parameterparameter2parameter3": {
      "type": "data_clump",
      "key": "parameters_to_parameters_data_clump-./Estudiante-_OjQJYLeeEDaN7YEAP_c58g-_MslqELebEDaN7YEAP_c58g-parameterparameter2parameter3",
      "probability": 1,
      "from_file_path": "./Estudiante",
      "from_class_or_interface_name": "Estudiante",
      "from_class_or_interface_key": "_Tt9tALeZEDaN7YEAP_c58g",
      "from_method_name": "Estudiante",
      "from_method_key": "_OjQJYLeeEDaN7YEAP_c58g",
      "to_file_path": "./Profesor",
      "to_class_or_interface_name": "Profesor",
      "to_class_or_interface_key": "_a47e4LeZEDaN7YEAP_c58g",
      "to_method_name": "Profesor",
      "to_method_key": "_MslqELebEDaN7YEAP_c58g",
      "data_clump_type": "parameters_to_parameters_data_clump",
      "data_clump_data": {
        "_TfJboLeeEDaN7YEAP_c58g": {
          "key": "_TfJboLeeEDaN7YEAP_c58g",
          "name": "parameter",
          "type": null,
          "probability": 1,
          "modifiers": [],
          "to_variable": {
            "key": "_ruvWsLefEDaN7YEAP_c58g",
            "name": "parameter",
            "type": null,
            "modifiers": [],
            "position": {}
          },
          "position": {}
        },
        "_T_4xMLeeEDaN7YEAP_c58g": {
          "key": "_T_4xMLeeEDaN7YEAP_c58g",
          "name": "parameter2",
          "type": null,
          "probability": 1,
          "modifiers": [],
          "to_variable": {
            "key": "_sFVRwLefEDaN7YEAP_c58g",
            "name": "parameter2",
            "type": null,
            "modifiers": [],
            "position": {}
          },
          "position": {}
        },
        "_Udc28LeeEDaN7YEAP_c58g": {
          "key": "_Udc28LeeEDaN7YEAP_c58g",
          "name": "parameter3",
          "type": null,
          "probability": 1,
          "modifiers": [],
          "to_variable": {
            "key": "_sjUOQLefEDaN7YEAP_c58g",
            "name": "parameter3",
            "type": null,
            "modifiers": [],
            "position": {}
          },
          "position": {}
        }
      }
    },
    "parameters_to_parameters_data_clump-./Profesor-_MslqELebEDaN7YEAP_c58g-_QUKNsLebEDaN7YEAP_c58g-parameterparameter2parameter3": {
      "type": "data_clump",
      "key": "parameters_to_parameters_data_clump-./Profesor-_MslqELebEDaN7YEAP_c58g-_QUKNsLebEDaN7YEAP_c58g-parameterparameter2parameter3",
      "probability": 1,
      "from_file_path": "./Profesor",
      "from_class_or_interface_name": "Profesor",
      "from_class_or_interface_key": "_a47e4LeZEDaN7YEAP_c58g",
      "from_method_name": "Profesor",
      "from_method_key": "_MslqELebEDaN7YEAP_c58g",
      "to_file_path": "./Asignatura",
      "to_class_or_interface_name": "Asignatura",
      "to_class_or_interface_key": "_cxBB4beZEDaN7YEAP_c58g",
      "to_method_name": "Asignatura",
      "to_method_key": "_QUKNsLebEDaN7YEAP_c58g",
      "data_clump_type": "parameters_to_parameters_data_clump",
      "data_clump_data": {
        "_ruvWsLefEDaN7YEAP_c58g": {
          "key": "_ruvWsLefEDaN7YEAP_c58g",
          "name": "parameter",
          "type": null,
          "probability": 1,
          "modifiers": [],
          "to_variable": {
            "key": "_q21TwLeeEDaN7YEAP_c58g",
            "name": "parameter",
            "type": null,
            "modifiers": [],
            "position": {}
          },
          "position": {}
        },
        "_sFVRwLefEDaN7YEAP_c58g": {
          "key": "_sFVRwLefEDaN7YEAP_c58g",
          "name": "parameter2",
          "type": null,
          "probability": 1,
          "modifiers": [],
          "to_variable": {
            "key": "_rPXvkLeeEDaN7YEAP_c58g",
            "name": "parameter2",
            "type": null,
            "modifiers": [],
            "position": {}
          },
          "position": {}
        },
        "_sjUOQLefEDaN7YEAP_c58g": {
          "key": "_sjUOQLefEDaN7YEAP_c58g",
          "name": "parameter3",
          "type": null,
          "probability": 1,
          "modifiers": [],
          "to_variable": {
            "key": "_rm--ULeeEDaN7YEAP_c58g",
            "name": "parameter3",
            "type": null,
            "modifiers": [],
            "position": {}
          },
          "position": {}
        }
      }
    },
    "parameters_to_parameters_data_clump-./Profesor-_MslqELebEDaN7YEAP_c58g-_J2cjYLebEDaN7YEAP_c58g-parameterparameter2parameter3": {
      "type": "data_clump",
      "key": "parameters_to_parameters_data_clump-./Profesor-_MslqELebEDaN7YEAP_c58g-_J2cjYLebEDaN7YEAP_c58g-parameterparameter2parameter3",
      "probability": 1,
      "from_file_path": "./Profesor",
      "from_class_or_interface_name": "Profesor",
      "from_class_or_interface_key": "_a47e4LeZEDaN7YEAP_c58g",
      "from_method_name": "Profesor",
      "from_method_key": "_MslqELebEDaN7YEAP_c58g",
      "to_file_path": "./Carrera",
      "to_class_or_interface_name": "Carrera",
      "to_class_or_interface_key": "_Wt_IcbeZEDaN7YEAP_c58g",
      "to_method_name": "Carrera",
      "to_method_key": "_J2cjYLebEDaN7YEAP_c58g",
      "data_clump_type": "parameters_to_parameters_data_clump",
      "data_clump_data": {
        "_ruvWsLefEDaN7YEAP_c58g": {
          "key": "_ruvWsLefEDaN7YEAP_c58g",
          "name": "parameter",
          "type": null,
          "probability": 1,
          "modifiers": [],
          "to_variable": {
            "key": "_PRnOwLefEDaN7YEAP_c58g",
            "name": "parameter",
            "type": null,
            "modifiers": [],
            "position": {}
          },
          "position": {}
        },
        "_sFVRwLefEDaN7YEAP_c58g": {
          "key": "_sFVRwLefEDaN7YEAP_c58g",
          "name": "parameter2",
          "type": null,
          "probability": 1,
          "modifiers": [],
          "to_variable": {
            "key": "_PptlsLefEDaN7YEAP_c58g",
            "name": "parameter2",
            "type": null,
            "modifiers": [],
            "position": {}
          },
          "position": {}
        },
        "_sjUOQLefEDaN7YEAP_c58g": {
          "key": "_sjUOQLefEDaN7YEAP_c58g",
          "name": "parameter3",
          "type": null,
          "probability": 1,
          "modifiers": [],
          "to_variable": {
            "key": "_QGr1kLefEDaN7YEAP_c58g",
            "name": "parameter3",
            "type": null,
            "modifiers": [],
            "position": {}
          },
          "position": {}
        }
      }
    },
    "parameters_to_parameters_data_clump-./Profesor-_MslqELebEDaN7YEAP_c58g-_OjQJYLeeEDaN7YEAP_c58g-parameterparameter2parameter3": {
      "type": "data_clump",
      "key": "parameters_to_parameters_data_clump-./Profesor-_MslqELebEDaN7YEAP_c58g-_OjQJYLeeEDaN7YEAP_c58g-parameterparameter2parameter3",
      "probability": 1,
      "from_file_path": "./Profesor",
      "from_class_or_interface_name": "Profesor",
      "from_class_or_interface_key": "_a47e4LeZEDaN7YEAP_c58g",
      "from_method_name": "Profesor",
      "from_method_key": "_MslqELebEDaN7YEAP_c58g",
      "to_file_path": "./Estudiante",
      "to_class_or_interface_name": "Estudiante",
      "to_class_or_interface_key": "_Tt9tALeZEDaN7YEAP_c58g",
      "to_method_name": "Estudiante",
      "to_method_key": "_OjQJYLeeEDaN7YEAP_c58g",
      "data_clump_type": "parameters_to_parameters_data_clump",
      "data_clump_data": {
        "_ruvWsLefEDaN7YEAP_c58g": {
          "key": "_ruvWsLefEDaN7YEAP_c58g",
          "name": "parameter",
          "type": null,
          "probability": 1,
          "modifiers": [],
          "to_variable": {
            "key": "_TfJboLeeEDaN7YEAP_c58g",
            "name": "parameter",
            "type": null,
            "modifiers": [],
            "position": {}
          },
          "position": {}
        },
        "_sFVRwLefEDaN7YEAP_c58g": {
          "key": "_sFVRwLefEDaN7YEAP_c58g",
          "name": "parameter2",
          "type": null,
          "probability": 1,
          "modifiers": [],
          "to_variable": {
            "key": "_T_4xMLeeEDaN7YEAP_c58g",
            "name": "parameter2",
            "type": null,
            "modifiers": [],
            "position": {}
          },
          "position": {}
        },
        "_sjUOQLefEDaN7YEAP_c58g": {
          "key": "_sjUOQLefEDaN7YEAP_c58g",
          "name": "parameter3",
          "type": null,
          "probability": 1,
          "modifiers": [],
          "to_variable": {
            "key": "_Udc28LeeEDaN7YEAP_c58g",
            "name": "parameter3",
            "type": null,
            "modifiers": [],
            "position": {}
          },
          "position": {}
        }
      }
    }
  }
}