{
  "report_version": "unknown",
  "report_timestamp": "2025-03-26T22:45:08.407Z",
  "target_language": "java",
  "report_summary": {
    "additional": null,
    "amount_classes_or_interfaces_with_data_clumps": 1,
    "amount_files_with_data_clumps": 1,
    "amount_methods_with_data_clumps": 2,
    "fields_to_fields_data_clump": 0,
    "parameters_to_fields_data_clump": 0,
    "parameters_to_parameters_data_clump": 2,
    "amount_data_clumps": 2
  },
  "project_info": {
    "project_url": "unknown_project_url",
    "project_name": "_Ykju4MOzEemzkdgWIUToCg",
    "project_version": "unknown_project_version",
    "project_commit_hash": "unknown",
    "project_tag": null,
    "project_commit_date": null,
    "additional": {},
    "number_of_files": 12,
    "number_of_classes_or_interfaces": 12,
    "number_of_methods": 22,
    "number_of_data_fields": 26,
    "number_of_method_parameters": 30
  },
  "detector": {
    "name": "data-clumps-doctor",
    "url": "https://github.com/NilsBaumgartner1994/data-clumps-doctor",
    "version": "0.1.100",
    "options": {
      "typeVariablesConsidered": false,
      "similarityModifierOfVariablesWithUnknownType": 0,
      "fieldsOfClassesWithUnknownHierarchyProbabilityModifier": 0,
      "sharedFieldsToFieldsAmountMinimum": 3,
      "analyseFieldsInClassesOrInterfacesInheritedFromSuperClassesOrInterfaces": false,
      "sharedParametersToParametersAmountMinimum": 3,
      "sharedParametersToFieldsAmountMinimum": 3,
      "methodsOfClassesOrInterfacesWithUnknownHierarchyProbabilityModifier": 0
    }
  },
  "data_clumps": {
    "parameters_to_parameters_data_clump-./Sender-_5bJ_QaYkEDebdaGBqQFvoA-_ZlQIMaYlEDebdaGBqQFvoA-wndTypelefttoprightbottom": {
      "type": "data_clump",
      "key": "parameters_to_parameters_data_clump-./Sender-_5bJ_QaYkEDebdaGBqQFvoA-_ZlQIMaYlEDebdaGBqQFvoA-wndTypelefttoprightbottom",
      "probability": 1,
      "from_file_path": "./Sender",
      "from_class_or_interface_name": "Sender",
      "from_class_or_interface_key": "_Mt6zwaYBEDebdaGBqQFvoA",
      "from_method_name": "setWindowRect",
      "from_method_key": "_5bJ_QaYkEDebdaGBqQFvoA",
      "to_file_path": "./Sender",
      "to_class_or_interface_name": "Sender",
      "to_class_or_interface_key": "_Mt6zwaYBEDebdaGBqQFvoA",
      "to_method_name": "updateWindowProperty",
      "to_method_key": "_ZlQIMaYlEDebdaGBqQFvoA",
      "data_clump_type": "parameters_to_parameters_data_clump",
      "data_clump_data": {
        "_7dmYIKYkEDebdaGBqQFvoA": {
          "key": "_7dmYIKYkEDebdaGBqQFvoA",
          "name": "wndType",
          "type": null,
          "probability": 1,
          "modifiers": [],
          "to_variable": {
            "key": "_noTMMKYlEDebdaGBqQFvoA",
            "name": "wndType",
            "type": null,
            "modifiers": [],
            "position": {}
          },
          "position": {}
        },
        "_-ETUoKYkEDebdaGBqQFvoA": {
          "key": "_-ETUoKYkEDebdaGBqQFvoA",
          "name": "left",
          "type": null,
          "probability": 1,
          "modifiers": [],
          "to_variable": {
            "key": "_rGmfEKYlEDebdaGBqQFvoA",
            "name": "left",
            "type": null,
            "modifiers": [],
            "position": {}
          },
          "position": {}
        },
        "_BK0ZoKYlEDebdaGBqQFvoA": {
          "key": "_BK0ZoKYlEDebdaGBqQFvoA",
          "name": "top",
          "type": null,
          "probability": 1,
          "modifiers": [],
          "to_variable": {
            "key": "_ww8LsKYlEDebdaGBqQFvoA",
            "name": "top",
            "type": null,
            "modifiers": [],
            "position": {}
          },
          "position": {}
        },
        "_DDM3kKYlEDebdaGBqQFvoA": {
          "key": "_DDM3kKYlEDebdaGBqQFvoA",
          "name": "right",
          "type": null,
          "probability": 1,
          "modifiers": [],
          "to_variable": {
            "key": "_yLkWoKYlEDebdaGBqQFvoA",
            "name": "right",
            "type": null,
            "modifiers": [],
            "position": {}
          },
          "position": {}
        },
        "_EjC5sKYlEDebdaGBqQFvoA": {
          "key": "_EjC5sKYlEDebdaGBqQFvoA",
          "name": "bottom",
          "type": null,
          "probability": 1,
          "modifiers": [],
          "to_variable": {
            "key": "_zhjSIKYlEDebdaGBqQFvoA",
            "name": "bottom",
            "type": null,
            "modifiers": [],
            "position": {}
          },
          "position": {}
        }
      }
    },
    "parameters_to_parameters_data_clump-./Sender-_ZlQIMaYlEDebdaGBqQFvoA-_5bJ_QaYkEDebdaGBqQFvoA-wndTypelefttoprightbottom": {
      "type": "data_clump",
      "key": "parameters_to_parameters_data_clump-./Sender-_ZlQIMaYlEDebdaGBqQFvoA-_5bJ_QaYkEDebdaGBqQFvoA-wndTypelefttoprightbottom",
      "probability": 1,
      "from_file_path": "./Sender",
      "from_class_or_interface_name": "Sender",
      "from_class_or_interface_key": "_Mt6zwaYBEDebdaGBqQFvoA",
      "from_method_name": "updateWindowProperty",
      "from_method_key": "_ZlQIMaYlEDebdaGBqQFvoA",
      "to_file_path": "./Sender",
      "to_class_or_interface_name": "Sender",
      "to_class_or_interface_key": "_Mt6zwaYBEDebdaGBqQFvoA",
      "to_method_name": "setWindowRect",
      "to_method_key": "_5bJ_QaYkEDebdaGBqQFvoA",
      "data_clump_type": "parameters_to_parameters_data_clump",
      "data_clump_data": {
        "_noTMMKYlEDebdaGBqQFvoA": {
          "key": "_noTMMKYlEDebdaGBqQFvoA",
          "name": "wndType",
          "type": null,
          "probability": 1,
          "modifiers": [],
          "to_variable": {
            "key": "_7dmYIKYkEDebdaGBqQFvoA",
            "name": "wndType",
            "type": null,
            "modifiers": [],
            "position": {}
          },
          "position": {}
        },
        "_rGmfEKYlEDebdaGBqQFvoA": {
          "key": "_rGmfEKYlEDebdaGBqQFvoA",
          "name": "left",
          "type": null,
          "probability": 1,
          "modifiers": [],
          "to_variable": {
            "key": "_-ETUoKYkEDebdaGBqQFvoA",
            "name": "left",
            "type": null,
            "modifiers": [],
            "position": {}
          },
          "position": {}
        },
        "_ww8LsKYlEDebdaGBqQFvoA": {
          "key": "_ww8LsKYlEDebdaGBqQFvoA",
          "name": "top",
          "type": null,
          "probability": 1,
          "modifiers": [],
          "to_variable": {
            "key": "_BK0ZoKYlEDebdaGBqQFvoA",
            "name": "top",
            "type": null,
            "modifiers": [],
            "position": {}
          },
          "position": {}
        },
        "_yLkWoKYlEDebdaGBqQFvoA": {
          "key": "_yLkWoKYlEDebdaGBqQFvoA",
          "name": "right",
          "type": null,
          "probability": 1,
          "modifiers": [],
          "to_variable": {
            "key": "_DDM3kKYlEDebdaGBqQFvoA",
            "name": "right",
            "type": null,
            "modifiers": [],
            "position": {}
          },
          "position": {}
        },
        "_zhjSIKYlEDebdaGBqQFvoA": {
          "key": "_zhjSIKYlEDebdaGBqQFvoA",
          "name": "bottom",
          "type": null,
          "probability": 1,
          "modifiers": [],
          "to_variable": {
            "key": "_EjC5sKYlEDebdaGBqQFvoA",
            "name": "bottom",
            "type": null,
            "modifiers": [],
            "position": {}
          },
          "position": {}
        }
      }
    }
  }
}