{
  "report_version": "unknown",
  "report_timestamp": "2025-03-26T23:02:09.578Z",
  "target_language": "java",
  "report_summary": {
    "additional": null,
    "amount_classes_or_interfaces_with_data_clumps": 3,
    "amount_files_with_data_clumps": 3,
    "amount_methods_with_data_clumps": 0,
    "fields_to_fields_data_clump": 6,
    "parameters_to_fields_data_clump": 0,
    "parameters_to_parameters_data_clump": 0,
    "amount_data_clumps": 6
  },
  "project_info": {
    "project_url": "unknown_project_url",
    "project_name": "63aa677d-7f96-472f-b97e-2f9ecc025451",
    "project_version": "unknown_project_version",
    "project_commit_hash": "unknown",
    "project_tag": null,
    "project_commit_date": null,
    "additional": {},
    "number_of_files": 10,
    "number_of_classes_or_interfaces": 10,
    "number_of_methods": 19,
    "number_of_data_fields": 18,
    "number_of_method_parameters": 0
  },
  "detector": {
    "name": "data-clumps-doctor",
    "url": "https://github.com/NilsBaumgartner1994/data-clumps-doctor",
    "version": "0.1.100",
    "options": {
      "typeVariablesConsidered": false,
      "similarityModifierOfVariablesWithUnknownType": 0,
      "fieldsOfClassesWithUnknownHierarchyProbabilityModifier": 0,
      "sharedFieldsToFieldsAmountMinimum": 3,
      "analyseFieldsInClassesOrInterfacesInheritedFromSuperClassesOrInterfaces": false,
      "sharedParametersToParametersAmountMinimum": 3,
      "sharedParametersToFieldsAmountMinimum": 3,
      "methodsOfClassesOrInterfacesWithUnknownHierarchyProbabilityModifier": 0
    }
  },
  "data_clumps": {
    "fields_to_fields_data_clump-./PassportAdministrator-_Omd-0BrsEDWswswIEVB1Kw-_q32JwBrsEDWswswIEVB1Kw-NameIdPassword": {
      "type": "data_clump",
      "key": "fields_to_fields_data_clump-./PassportAdministrator-_Omd-0BrsEDWswswIEVB1Kw-_q32JwBrsEDWswswIEVB1Kw-NameIdPassword",
      "probability": 1,
      "from_file_path": "./PassportAdministrator",
      "from_class_or_interface_name": "PassportAdministrator",
      "from_class_or_interface_key": "_Omd-0BrsEDWswswIEVB1Kw",
      "from_method_name": null,
      "from_method_key": null,
      "to_file_path": "./Police",
      "to_class_or_interface_key": "_q32JwBrsEDWswswIEVB1Kw",
      "to_class_or_interface_name": "PassportAdministrator",
      "to_method_key": null,
      "to_method_name": null,
      "data_clump_type": "fields_to_fields_data_clump",
      "data_clump_data": {
        "_adQmoBrsEDWswswIEVB1Kw": {
          "key": "_adQmoBrsEDWswswIEVB1Kw",
          "name": "Name",
          "type": null,
          "probability": 1,
          "modifiers": [
            "private"
          ],
          "to_variable": {
            "key": "_q33X4BrsEDWswswIEVB1Kw",
            "name": "Name",
            "type": null,
            "modifiers": [
              "private"
            ],
            "position": {}
          },
          "position": {}
        },
        "_nDPhsByXEDWrQrRizb4k6g": {
          "key": "_nDPhsByXEDWrQrRizb4k6g",
          "name": "Id",
          "type": null,
          "probability": 1,
          "modifiers": [
            "private"
          ],
          "to_variable": {
            "key": "_VTAaQByXEDWrQrRizb4k6g",
            "name": "Id",
            "type": null,
            "modifiers": [
              "private"
            ],
            "position": {}
          },
          "position": {}
        },
        "_p7EqcByXEDWrQrRizb4k6g": {
          "key": "_p7EqcByXEDWrQrRizb4k6g",
          "name": "Password",
          "type": null,
          "probability": 1,
          "modifiers": [
            "private"
          ],
          "to_variable": {
            "key": "_ZjxE0ByXEDWrQrRizb4k6g",
            "name": "Password",
            "type": null,
            "modifiers": [
              "private"
            ],
            "position": {}
          },
          "position": {}
        }
      }
    },
    "fields_to_fields_data_clump-./PassportAdministrator-_Omd-0BrsEDWswswIEVB1Kw-_-DKIEBrsEDWswswIEVB1Kw-NameIdPassword": {
      "type": "data_clump",
      "key": "fields_to_fields_data_clump-./PassportAdministrator-_Omd-0BrsEDWswswIEVB1Kw-_-DKIEBrsEDWswswIEVB1Kw-NameIdPassword",
      "probability": 1,
      "from_file_path": "./PassportAdministrator",
      "from_class_or_interface_name": "PassportAdministrator",
      "from_class_or_interface_key": "_Omd-0BrsEDWswswIEVB1Kw",
      "from_method_name": null,
      "from_method_key": null,
      "to_file_path": "./RegionalAdministator",
      "to_class_or_interface_key": "_-DKIEBrsEDWswswIEVB1Kw",
      "to_class_or_interface_name": "PassportAdministrator",
      "to_method_key": null,
      "to_method_name": null,
      "data_clump_type": "fields_to_fields_data_clump",
      "data_clump_data": {
        "_adQmoBrsEDWswswIEVB1Kw": {
          "key": "_adQmoBrsEDWswswIEVB1Kw",
          "name": "Name",
          "type": null,
          "probability": 1,
          "modifiers": [
            "private"
          ],
          "to_variable": {
            "key": "_-DKvIBrsEDWswswIEVB1Kw",
            "name": "Name",
            "type": null,
            "modifiers": [
              "private"
            ],
            "position": {}
          },
          "position": {}
        },
        "_nDPhsByXEDWrQrRizb4k6g": {
          "key": "_nDPhsByXEDWrQrRizb4k6g",
          "name": "Id",
          "type": null,
          "probability": 1,
          "modifiers": [
            "private"
          ],
          "to_variable": {
            "key": "_ohg2gByXEDWrQrRizb4k6g",
            "name": "Id",
            "type": null,
            "modifiers": [
              "private"
            ],
            "position": {}
          },
          "position": {}
        },
        "_p7EqcByXEDWrQrRizb4k6g": {
          "key": "_p7EqcByXEDWrQrRizb4k6g",
          "name": "Password",
          "type": null,
          "probability": 1,
          "modifiers": [
            "private"
          ],
          "to_variable": {
            "key": "_qppnsByXEDWrQrRizb4k6g",
            "name": "Password",
            "type": null,
            "modifiers": [
              "private"
            ],
            "position": {}
          },
          "position": {}
        }
      }
    },
    "fields_to_fields_data_clump-./Police-_q32JwBrsEDWswswIEVB1Kw-_Omd-0BrsEDWswswIEVB1Kw-NameIdPassword": {
      "type": "data_clump",
      "key": "fields_to_fields_data_clump-./Police-_q32JwBrsEDWswswIEVB1Kw-_Omd-0BrsEDWswswIEVB1Kw-NameIdPassword",
      "probability": 1,
      "from_file_path": "./Police",
      "from_class_or_interface_name": "Police",
      "from_class_or_interface_key": "_q32JwBrsEDWswswIEVB1Kw",
      "from_method_name": null,
      "from_method_key": null,
      "to_file_path": "./PassportAdministrator",
      "to_class_or_interface_key": "_Omd-0BrsEDWswswIEVB1Kw",
      "to_class_or_interface_name": "Police",
      "to_method_key": null,
      "to_method_name": null,
      "data_clump_type": "fields_to_fields_data_clump",
      "data_clump_data": {
        "_q33X4BrsEDWswswIEVB1Kw": {
          "key": "_q33X4BrsEDWswswIEVB1Kw",
          "name": "Name",
          "type": null,
          "probability": 1,
          "modifiers": [
            "private"
          ],
          "to_variable": {
            "key": "_adQmoBrsEDWswswIEVB1Kw",
            "name": "Name",
            "type": null,
            "modifiers": [
              "private"
            ],
            "position": {}
          },
          "position": {}
        },
        "_VTAaQByXEDWrQrRizb4k6g": {
          "key": "_VTAaQByXEDWrQrRizb4k6g",
          "name": "Id",
          "type": null,
          "probability": 1,
          "modifiers": [
            "private"
          ],
          "to_variable": {
            "key": "_nDPhsByXEDWrQrRizb4k6g",
            "name": "Id",
            "type": null,
            "modifiers": [
              "private"
            ],
            "position": {}
          },
          "position": {}
        },
        "_ZjxE0ByXEDWrQrRizb4k6g": {
          "key": "_ZjxE0ByXEDWrQrRizb4k6g",
          "name": "Password",
          "type": null,
          "probability": 1,
          "modifiers": [
            "private"
          ],
          "to_variable": {
            "key": "_p7EqcByXEDWrQrRizb4k6g",
            "name": "Password",
            "type": null,
            "modifiers": [
              "private"
            ],
            "position": {}
          },
          "position": {}
        }
      }
    },
    "fields_to_fields_data_clump-./Police-_q32JwBrsEDWswswIEVB1Kw-_-DKIEBrsEDWswswIEVB1Kw-NameIdPassword": {
      "type": "data_clump",
      "key": "fields_to_fields_data_clump-./Police-_q32JwBrsEDWswswIEVB1Kw-_-DKIEBrsEDWswswIEVB1Kw-NameIdPassword",
      "probability": 1,
      "from_file_path": "./Police",
      "from_class_or_interface_name": "Police",
      "from_class_or_interface_key": "_q32JwBrsEDWswswIEVB1Kw",
      "from_method_name": null,
      "from_method_key": null,
      "to_file_path": "./RegionalAdministator",
      "to_class_or_interface_key": "_-DKIEBrsEDWswswIEVB1Kw",
      "to_class_or_interface_name": "Police",
      "to_method_key": null,
      "to_method_name": null,
      "data_clump_type": "fields_to_fields_data_clump",
      "data_clump_data": {
        "_q33X4BrsEDWswswIEVB1Kw": {
          "key": "_q33X4BrsEDWswswIEVB1Kw",
          "name": "Name",
          "type": null,
          "probability": 1,
          "modifiers": [
            "private"
          ],
          "to_variable": {
            "key": "_-DKvIBrsEDWswswIEVB1Kw",
            "name": "Name",
            "type": null,
            "modifiers": [
              "private"
            ],
            "position": {}
          },
          "position": {}
        },
        "_VTAaQByXEDWrQrRizb4k6g": {
          "key": "_VTAaQByXEDWrQrRizb4k6g",
          "name": "Id",
          "type": null,
          "probability": 1,
          "modifiers": [
            "private"
          ],
          "to_variable": {
            "key": "_ohg2gByXEDWrQrRizb4k6g",
            "name": "Id",
            "type": null,
            "modifiers": [
              "private"
            ],
            "position": {}
          },
          "position": {}
        },
        "_ZjxE0ByXEDWrQrRizb4k6g": {
          "key": "_ZjxE0ByXEDWrQrRizb4k6g",
          "name": "Password",
          "type": null,
          "probability": 1,
          "modifiers": [
            "private"
          ],
          "to_variable": {
            "key": "_qppnsByXEDWrQrRizb4k6g",
            "name": "Password",
            "type": null,
            "modifiers": [
              "private"
            ],
            "position": {}
          },
          "position": {}
        }
      }
    },
    "fields_to_fields_data_clump-./RegionalAdministator-_-DKIEBrsEDWswswIEVB1Kw-_Omd-0BrsEDWswswIEVB1Kw-NameIdPassword": {
      "type": "data_clump",
      "key": "fields_to_fields_data_clump-./RegionalAdministator-_-DKIEBrsEDWswswIEVB1Kw-_Omd-0BrsEDWswswIEVB1Kw-NameIdPassword",
      "probability": 1,
      "from_file_path": "./RegionalAdministator",
      "from_class_or_interface_name": "RegionalAdministator",
      "from_class_or_interface_key": "_-DKIEBrsEDWswswIEVB1Kw",
      "from_method_name": null,
      "from_method_key": null,
      "to_file_path": "./PassportAdministrator",
      "to_class_or_interface_key": "_Omd-0BrsEDWswswIEVB1Kw",
      "to_class_or_interface_name": "RegionalAdministator",
      "to_method_key": null,
      "to_method_name": null,
      "data_clump_type": "fields_to_fields_data_clump",
      "data_clump_data": {
        "_-DKvIBrsEDWswswIEVB1Kw": {
          "key": "_-DKvIBrsEDWswswIEVB1Kw",
          "name": "Name",
          "type": null,
          "probability": 1,
          "modifiers": [
            "private"
          ],
          "to_variable": {
            "key": "_adQmoBrsEDWswswIEVB1Kw",
            "name": "Name",
            "type": null,
            "modifiers": [
              "private"
            ],
            "position": {}
          },
          "position": {}
        },
        "_ohg2gByXEDWrQrRizb4k6g": {
          "key": "_ohg2gByXEDWrQrRizb4k6g",
          "name": "Id",
          "type": null,
          "probability": 1,
          "modifiers": [
            "private"
          ],
          "to_variable": {
            "key": "_nDPhsByXEDWrQrRizb4k6g",
            "name": "Id",
            "type": null,
            "modifiers": [
              "private"
            ],
            "position": {}
          },
          "position": {}
        },
        "_qppnsByXEDWrQrRizb4k6g": {
          "key": "_qppnsByXEDWrQrRizb4k6g",
          "name": "Password",
          "type": null,
          "probability": 1,
          "modifiers": [
            "private"
          ],
          "to_variable": {
            "key": "_p7EqcByXEDWrQrRizb4k6g",
            "name": "Password",
            "type": null,
            "modifiers": [
              "private"
            ],
            "position": {}
          },
          "position": {}
        }
      }
    },
    "fields_to_fields_data_clump-./RegionalAdministator-_-DKIEBrsEDWswswIEVB1Kw-_q32JwBrsEDWswswIEVB1Kw-NameIdPassword": {
      "type": "data_clump",
      "key": "fields_to_fields_data_clump-./RegionalAdministator-_-DKIEBrsEDWswswIEVB1Kw-_q32JwBrsEDWswswIEVB1Kw-NameIdPassword",
      "probability": 1,
      "from_file_path": "./RegionalAdministator",
      "from_class_or_interface_name": "RegionalAdministator",
      "from_class_or_interface_key": "_-DKIEBrsEDWswswIEVB1Kw",
      "from_method_name": null,
      "from_method_key": null,
      "to_file_path": "./Police",
      "to_class_or_interface_key": "_q32JwBrsEDWswswIEVB1Kw",
      "to_class_or_interface_name": "RegionalAdministator",
      "to_method_key": null,
      "to_method_name": null,
      "data_clump_type": "fields_to_fields_data_clump",
      "data_clump_data": {
        "_-DKvIBrsEDWswswIEVB1Kw": {
          "key": "_-DKvIBrsEDWswswIEVB1Kw",
          "name": "Name",
          "type": null,
          "probability": 1,
          "modifiers": [
            "private"
          ],
          "to_variable": {
            "key": "_q33X4BrsEDWswswIEVB1Kw",
            "name": "Name",
            "type": null,
            "modifiers": [
              "private"
            ],
            "position": {}
          },
          "position": {}
        },
        "_ohg2gByXEDWrQrRizb4k6g": {
          "key": "_ohg2gByXEDWrQrRizb4k6g",
          "name": "Id",
          "type": null,
          "probability": 1,
          "modifiers": [
            "private"
          ],
          "to_variable": {
            "key": "_VTAaQByXEDWrQrRizb4k6g",
            "name": "Id",
            "type": null,
            "modifiers": [
              "private"
            ],
            "position": {}
          },
          "position": {}
        },
        "_qppnsByXEDWrQrRizb4k6g": {
          "key": "_qppnsByXEDWrQrRizb4k6g",
          "name": "Password",
          "type": null,
          "probability": 1,
          "modifiers": [
            "private"
          ],
          "to_variable": {
            "key": "_ZjxE0ByXEDWrQrRizb4k6g",
            "name": "Password",
            "type": null,
            "modifiers": [
              "private"
            ],
            "position": {}
          },
          "position": {}
        }
      }
    }
  }
}