{
  "report_version": "unknown",
  "report_timestamp": "2025-03-26T22:17:40.490Z",
  "target_language": "java",
  "report_summary": {
    "additional": null,
    "amount_classes_or_interfaces_with_data_clumps": 3,
    "amount_files_with_data_clumps": 3,
    "amount_methods_with_data_clumps": 0,
    "fields_to_fields_data_clump": 6,
    "parameters_to_fields_data_clump": 0,
    "parameters_to_parameters_data_clump": 0,
    "amount_data_clumps": 6
  },
  "project_info": {
    "project_url": "unknown_project_url",
    "project_name": "_hky5cCGvEeqqcaoAsxFIeg",
    "project_version": "unknown_project_version",
    "project_commit_hash": "unknown",
    "project_tag": null,
    "project_commit_date": null,
    "additional": {},
    "number_of_files": 8,
    "number_of_classes_or_interfaces": 8,
    "number_of_methods": 5,
    "number_of_data_fields": 29,
    "number_of_method_parameters": 0
  },
  "detector": {
    "name": "data-clumps-doctor",
    "url": "https://github.com/NilsBaumgartner1994/data-clumps-doctor",
    "version": "0.1.100",
    "options": {
      "typeVariablesConsidered": false,
      "similarityModifierOfVariablesWithUnknownType": 0,
      "fieldsOfClassesWithUnknownHierarchyProbabilityModifier": 0,
      "sharedFieldsToFieldsAmountMinimum": 3,
      "analyseFieldsInClassesOrInterfacesInheritedFromSuperClassesOrInterfaces": false,
      "sharedParametersToParametersAmountMinimum": 3,
      "sharedParametersToFieldsAmountMinimum": 3,
      "methodsOfClassesOrInterfacesWithUnknownHierarchyProbabilityModifier": 0
    }
  },
  "data_clumps": {
    "fields_to_fields_data_clump-./Client-_p-c6cAPLEDid_-3Llz_1cg-_bjGqMAPWEDid_-3Llz_1cg-nameidNumberphoneNumberroomNo": {
      "type": "data_clump",
      "key": "fields_to_fields_data_clump-./Client-_p-c6cAPLEDid_-3Llz_1cg-_bjGqMAPWEDid_-3Llz_1cg-nameidNumberphoneNumberroomNo",
      "probability": 1,
      "from_file_path": "./Client",
      "from_class_or_interface_name": "Client",
      "from_class_or_interface_key": "_p-c6cAPLEDid_-3Llz_1cg",
      "from_method_name": null,
      "from_method_key": null,
      "to_file_path": "./DataManagement",
      "to_class_or_interface_key": "_bjGqMAPWEDid_-3Llz_1cg",
      "to_class_or_interface_name": "Client",
      "to_method_key": null,
      "to_method_name": null,
      "data_clump_type": "fields_to_fields_data_clump",
      "data_clump_data": {
        "_jDmukAPTEDid_-3Llz_1cg": {
          "key": "_jDmukAPTEDid_-3Llz_1cg",
          "name": "name",
          "type": null,
          "probability": 1,
          "modifiers": [
            "private"
          ],
          "to_variable": {
            "key": "_5AsJkAPWEDid_-3Llz_1cg",
            "name": "name",
            "type": null,
            "modifiers": [
              "private"
            ],
            "position": {}
          },
          "position": {}
        },
        "_OTkb4APYEDid_-3Llz_1cg": {
          "key": "_OTkb4APYEDid_-3Llz_1cg",
          "name": "idNumber",
          "type": null,
          "probability": 1,
          "modifiers": [
            "private"
          ],
          "to_variable": {
            "key": "_wTV-8APWEDid_-3Llz_1cg",
            "name": "idNumber",
            "type": null,
            "modifiers": [
              "private"
            ],
            "position": {}
          },
          "position": {}
        },
        "_SGO1MAPYEDid_-3Llz_1cg": {
          "key": "_SGO1MAPYEDid_-3Llz_1cg",
          "name": "phoneNumber",
          "type": null,
          "probability": 1,
          "modifiers": [
            "private"
          ],
          "to_variable": {
            "key": "_7sSiQAPYEDid_-3Llz_1cg",
            "name": "phoneNumber",
            "type": null,
            "modifiers": [
              "private"
            ],
            "position": {}
          },
          "position": {}
        },
        "_XAAAgAPYEDid_-3Llz_1cg": {
          "key": "_XAAAgAPYEDid_-3Llz_1cg",
          "name": "roomNo",
          "type": null,
          "probability": 1,
          "modifiers": [
            "private"
          ],
          "to_variable": {
            "key": "_NFS1cAPZEDid_-3Llz_1cg",
            "name": "roomNo",
            "type": null,
            "modifiers": [
              "private"
            ],
            "position": {}
          },
          "position": {}
        }
      }
    },
    "fields_to_fields_data_clump-./Client-_p-c6cAPLEDid_-3Llz_1cg-_7ip4YAPIEDid_-3Llz_1cg-nameidNumberphoneNumberinTimeoutTime": {
      "type": "data_clump",
      "key": "fields_to_fields_data_clump-./Client-_p-c6cAPLEDid_-3Llz_1cg-_7ip4YAPIEDid_-3Llz_1cg-nameidNumberphoneNumberinTimeoutTime",
      "probability": 1,
      "from_file_path": "./Client",
      "from_class_or_interface_name": "Client",
      "from_class_or_interface_key": "_p-c6cAPLEDid_-3Llz_1cg",
      "from_method_name": null,
      "from_method_key": null,
      "to_file_path": "./Reserve",
      "to_class_or_interface_key": "_7ip4YAPIEDid_-3Llz_1cg",
      "to_class_or_interface_name": "Client",
      "to_method_key": null,
      "to_method_name": null,
      "data_clump_type": "fields_to_fields_data_clump",
      "data_clump_data": {
        "_jDmukAPTEDid_-3Llz_1cg": {
          "key": "_jDmukAPTEDid_-3Llz_1cg",
          "name": "name",
          "type": null,
          "probability": 1,
          "modifiers": [
            "private"
          ],
          "to_variable": {
            "key": "_cNL04APJEDid_-3Llz_1cg",
            "name": "name",
            "type": null,
            "modifiers": [
              "private"
            ],
            "position": {}
          },
          "position": {}
        },
        "_OTkb4APYEDid_-3Llz_1cg": {
          "key": "_OTkb4APYEDid_-3Llz_1cg",
          "name": "idNumber",
          "type": null,
          "probability": 1,
          "modifiers": [
            "private"
          ],
          "to_variable": {
            "key": "_xmP4oAPTEDid_-3Llz_1cg",
            "name": "idNumber",
            "type": null,
            "modifiers": [
              "private"
            ],
            "position": {}
          },
          "position": {}
        },
        "_SGO1MAPYEDid_-3Llz_1cg": {
          "key": "_SGO1MAPYEDid_-3Llz_1cg",
          "name": "phoneNumber",
          "type": null,
          "probability": 1,
          "modifiers": [
            "private"
          ],
          "to_variable": {
            "key": "_EDR0oAPUEDid_-3Llz_1cg",
            "name": "phoneNumber",
            "type": null,
            "modifiers": [
              "private"
            ],
            "position": {}
          },
          "position": {}
        },
        "_h0kWUAPYEDid_-3Llz_1cg": {
          "key": "_h0kWUAPYEDid_-3Llz_1cg",
          "name": "inTime",
          "type": null,
          "probability": 1,
          "modifiers": [
            "private"
          ],
          "to_variable": {
            "key": "_wrTe4APJEDid_-3Llz_1cg",
            "name": "inTime",
            "type": null,
            "modifiers": [
              "private"
            ],
            "position": {}
          },
          "position": {}
        },
        "_o_KUwAPYEDid_-3Llz_1cg": {
          "key": "_o_KUwAPYEDid_-3Llz_1cg",
          "name": "outTime",
          "type": null,
          "probability": 1,
          "modifiers": [
            "private"
          ],
          "to_variable": {
            "key": "__MKgQAPJEDid_-3Llz_1cg",
            "name": "outTime",
            "type": null,
            "modifiers": [
              "private"
            ],
            "position": {}
          },
          "position": {}
        }
      }
    },
    "fields_to_fields_data_clump-./DataManagement-_bjGqMAPWEDid_-3Llz_1cg-_p-c6cAPLEDid_-3Llz_1cg-idNumbernamephoneNumberroomNo": {
      "type": "data_clump",
      "key": "fields_to_fields_data_clump-./DataManagement-_bjGqMAPWEDid_-3Llz_1cg-_p-c6cAPLEDid_-3Llz_1cg-idNumbernamephoneNumberroomNo",
      "probability": 1,
      "from_file_path": "./DataManagement",
      "from_class_or_interface_name": "DataManagement",
      "from_class_or_interface_key": "_bjGqMAPWEDid_-3Llz_1cg",
      "from_method_name": null,
      "from_method_key": null,
      "to_file_path": "./Client",
      "to_class_or_interface_key": "_p-c6cAPLEDid_-3Llz_1cg",
      "to_class_or_interface_name": "DataManagement",
      "to_method_key": null,
      "to_method_name": null,
      "data_clump_type": "fields_to_fields_data_clump",
      "data_clump_data": {
        "_wTV-8APWEDid_-3Llz_1cg": {
          "key": "_wTV-8APWEDid_-3Llz_1cg",
          "name": "idNumber",
          "type": null,
          "probability": 1,
          "modifiers": [
            "private"
          ],
          "to_variable": {
            "key": "_OTkb4APYEDid_-3Llz_1cg",
            "name": "idNumber",
            "type": null,
            "modifiers": [
              "private"
            ],
            "position": {}
          },
          "position": {}
        },
        "_5AsJkAPWEDid_-3Llz_1cg": {
          "key": "_5AsJkAPWEDid_-3Llz_1cg",
          "name": "name",
          "type": null,
          "probability": 1,
          "modifiers": [
            "private"
          ],
          "to_variable": {
            "key": "_jDmukAPTEDid_-3Llz_1cg",
            "name": "name",
            "type": null,
            "modifiers": [
              "private"
            ],
            "position": {}
          },
          "position": {}
        },
        "_7sSiQAPYEDid_-3Llz_1cg": {
          "key": "_7sSiQAPYEDid_-3Llz_1cg",
          "name": "phoneNumber",
          "type": null,
          "probability": 1,
          "modifiers": [
            "private"
          ],
          "to_variable": {
            "key": "_SGO1MAPYEDid_-3Llz_1cg",
            "name": "phoneNumber",
            "type": null,
            "modifiers": [
              "private"
            ],
            "position": {}
          },
          "position": {}
        },
        "_NFS1cAPZEDid_-3Llz_1cg": {
          "key": "_NFS1cAPZEDid_-3Llz_1cg",
          "name": "roomNo",
          "type": null,
          "probability": 1,
          "modifiers": [
            "private"
          ],
          "to_variable": {
            "key": "_XAAAgAPYEDid_-3Llz_1cg",
            "name": "roomNo",
            "type": null,
            "modifiers": [
              "private"
            ],
            "position": {}
          },
          "position": {}
        }
      }
    },
    "fields_to_fields_data_clump-./DataManagement-_bjGqMAPWEDid_-3Llz_1cg-_7ip4YAPIEDid_-3Llz_1cg-idNumbernamephoneNumberroomType": {
      "type": "data_clump",
      "key": "fields_to_fields_data_clump-./DataManagement-_bjGqMAPWEDid_-3Llz_1cg-_7ip4YAPIEDid_-3Llz_1cg-idNumbernamephoneNumberroomType",
      "probability": 1,
      "from_file_path": "./DataManagement",
      "from_class_or_interface_name": "DataManagement",
      "from_class_or_interface_key": "_bjGqMAPWEDid_-3Llz_1cg",
      "from_method_name": null,
      "from_method_key": null,
      "to_file_path": "./Reserve",
      "to_class_or_interface_key": "_7ip4YAPIEDid_-3Llz_1cg",
      "to_class_or_interface_name": "DataManagement",
      "to_method_key": null,
      "to_method_name": null,
      "data_clump_type": "fields_to_fields_data_clump",
      "data_clump_data": {
        "_wTV-8APWEDid_-3Llz_1cg": {
          "key": "_wTV-8APWEDid_-3Llz_1cg",
          "name": "idNumber",
          "type": null,
          "probability": 1,
          "modifiers": [
            "private"
          ],
          "to_variable": {
            "key": "_xmP4oAPTEDid_-3Llz_1cg",
            "name": "idNumber",
            "type": null,
            "modifiers": [
              "private"
            ],
            "position": {}
          },
          "position": {}
        },
        "_5AsJkAPWEDid_-3Llz_1cg": {
          "key": "_5AsJkAPWEDid_-3Llz_1cg",
          "name": "name",
          "type": null,
          "probability": 1,
          "modifiers": [
            "private"
          ],
          "to_variable": {
            "key": "_cNL04APJEDid_-3Llz_1cg",
            "name": "name",
            "type": null,
            "modifiers": [
              "private"
            ],
            "position": {}
          },
          "position": {}
        },
        "_7sSiQAPYEDid_-3Llz_1cg": {
          "key": "_7sSiQAPYEDid_-3Llz_1cg",
          "name": "phoneNumber",
          "type": null,
          "probability": 1,
          "modifiers": [
            "private"
          ],
          "to_variable": {
            "key": "_EDR0oAPUEDid_-3Llz_1cg",
            "name": "phoneNumber",
            "type": null,
            "modifiers": [
              "private"
            ],
            "position": {}
          },
          "position": {}
        },
        "_SHztEAPZEDid_-3Llz_1cg": {
          "key": "_SHztEAPZEDid_-3Llz_1cg",
          "name": "roomType",
          "type": null,
          "probability": 1,
          "modifiers": [
            "private"
          ],
          "to_variable": {
            "key": "_s4_D0APJEDid_-3Llz_1cg",
            "name": "roomType",
            "type": null,
            "modifiers": [
              "private"
            ],
            "position": {}
          },
          "position": {}
        }
      }
    },
    "fields_to_fields_data_clump-./Reserve-_7ip4YAPIEDid_-3Llz_1cg-_p-c6cAPLEDid_-3Llz_1cg-nameidNumberphoneNumberinTimeoutTime": {
      "type": "data_clump",
      "key": "fields_to_fields_data_clump-./Reserve-_7ip4YAPIEDid_-3Llz_1cg-_p-c6cAPLEDid_-3Llz_1cg-nameidNumberphoneNumberinTimeoutTime",
      "probability": 1,
      "from_file_path": "./Reserve",
      "from_class_or_interface_name": "Reserve",
      "from_class_or_interface_key": "_7ip4YAPIEDid_-3Llz_1cg",
      "from_method_name": null,
      "from_method_key": null,
      "to_file_path": "./Client",
      "to_class_or_interface_key": "_p-c6cAPLEDid_-3Llz_1cg",
      "to_class_or_interface_name": "Reserve",
      "to_method_key": null,
      "to_method_name": null,
      "data_clump_type": "fields_to_fields_data_clump",
      "data_clump_data": {
        "_cNL04APJEDid_-3Llz_1cg": {
          "key": "_cNL04APJEDid_-3Llz_1cg",
          "name": "name",
          "type": null,
          "probability": 1,
          "modifiers": [
            "private"
          ],
          "to_variable": {
            "key": "_jDmukAPTEDid_-3Llz_1cg",
            "name": "name",
            "type": null,
            "modifiers": [
              "private"
            ],
            "position": {}
          },
          "position": {}
        },
        "_xmP4oAPTEDid_-3Llz_1cg": {
          "key": "_xmP4oAPTEDid_-3Llz_1cg",
          "name": "idNumber",
          "type": null,
          "probability": 1,
          "modifiers": [
            "private"
          ],
          "to_variable": {
            "key": "_OTkb4APYEDid_-3Llz_1cg",
            "name": "idNumber",
            "type": null,
            "modifiers": [
              "private"
            ],
            "position": {}
          },
          "position": {}
        },
        "_EDR0oAPUEDid_-3Llz_1cg": {
          "key": "_EDR0oAPUEDid_-3Llz_1cg",
          "name": "phoneNumber",
          "type": null,
          "probability": 1,
          "modifiers": [
            "private"
          ],
          "to_variable": {
            "key": "_SGO1MAPYEDid_-3Llz_1cg",
            "name": "phoneNumber",
            "type": null,
            "modifiers": [
              "private"
            ],
            "position": {}
          },
          "position": {}
        },
        "_wrTe4APJEDid_-3Llz_1cg": {
          "key": "_wrTe4APJEDid_-3Llz_1cg",
          "name": "inTime",
          "type": null,
          "probability": 1,
          "modifiers": [
            "private"
          ],
          "to_variable": {
            "key": "_h0kWUAPYEDid_-3Llz_1cg",
            "name": "inTime",
            "type": null,
            "modifiers": [
              "private"
            ],
            "position": {}
          },
          "position": {}
        },
        "__MKgQAPJEDid_-3Llz_1cg": {
          "key": "__MKgQAPJEDid_-3Llz_1cg",
          "name": "outTime",
          "type": null,
          "probability": 1,
          "modifiers": [
            "private"
          ],
          "to_variable": {
            "key": "_o_KUwAPYEDid_-3Llz_1cg",
            "name": "outTime",
            "type": null,
            "modifiers": [
              "private"
            ],
            "position": {}
          },
          "position": {}
        }
      }
    },
    "fields_to_fields_data_clump-./Reserve-_7ip4YAPIEDid_-3Llz_1cg-_bjGqMAPWEDid_-3Llz_1cg-nameidNumberphoneNumberroomType": {
      "type": "data_clump",
      "key": "fields_to_fields_data_clump-./Reserve-_7ip4YAPIEDid_-3Llz_1cg-_bjGqMAPWEDid_-3Llz_1cg-nameidNumberphoneNumberroomType",
      "probability": 1,
      "from_file_path": "./Reserve",
      "from_class_or_interface_name": "Reserve",
      "from_class_or_interface_key": "_7ip4YAPIEDid_-3Llz_1cg",
      "from_method_name": null,
      "from_method_key": null,
      "to_file_path": "./DataManagement",
      "to_class_or_interface_key": "_bjGqMAPWEDid_-3Llz_1cg",
      "to_class_or_interface_name": "Reserve",
      "to_method_key": null,
      "to_method_name": null,
      "data_clump_type": "fields_to_fields_data_clump",
      "data_clump_data": {
        "_cNL04APJEDid_-3Llz_1cg": {
          "key": "_cNL04APJEDid_-3Llz_1cg",
          "name": "name",
          "type": null,
          "probability": 1,
          "modifiers": [
            "private"
          ],
          "to_variable": {
            "key": "_5AsJkAPWEDid_-3Llz_1cg",
            "name": "name",
            "type": null,
            "modifiers": [
              "private"
            ],
            "position": {}
          },
          "position": {}
        },
        "_xmP4oAPTEDid_-3Llz_1cg": {
          "key": "_xmP4oAPTEDid_-3Llz_1cg",
          "name": "idNumber",
          "type": null,
          "probability": 1,
          "modifiers": [
            "private"
          ],
          "to_variable": {
            "key": "_wTV-8APWEDid_-3Llz_1cg",
            "name": "idNumber",
            "type": null,
            "modifiers": [
              "private"
            ],
            "position": {}
          },
          "position": {}
        },
        "_EDR0oAPUEDid_-3Llz_1cg": {
          "key": "_EDR0oAPUEDid_-3Llz_1cg",
          "name": "phoneNumber",
          "type": null,
          "probability": 1,
          "modifiers": [
            "private"
          ],
          "to_variable": {
            "key": "_7sSiQAPYEDid_-3Llz_1cg",
            "name": "phoneNumber",
            "type": null,
            "modifiers": [
              "private"
            ],
            "position": {}
          },
          "position": {}
        },
        "_s4_D0APJEDid_-3Llz_1cg": {
          "key": "_s4_D0APJEDid_-3Llz_1cg",
          "name": "roomType",
          "type": null,
          "probability": 1,
          "modifiers": [
            "private"
          ],
          "to_variable": {
            "key": "_SHztEAPZEDid_-3Llz_1cg",
            "name": "roomType",
            "type": null,
            "modifiers": [
              "private"
            ],
            "position": {}
          },
          "position": {}
        }
      }
    }
  }
}