{
  "report_version": "unknown",
  "report_timestamp": "2025-03-26T22:23:19.663Z",
  "target_language": "java",
  "report_summary": {
    "additional": null,
    "amount_classes_or_interfaces_with_data_clumps": 4,
    "amount_files_with_data_clumps": 5,
    "amount_methods_with_data_clumps": 5,
    "fields_to_fields_data_clump": 0,
    "parameters_to_fields_data_clump": 2,
    "parameters_to_parameters_data_clump": 12,
    "amount_data_clumps": 14
  },
  "project_info": {
    "project_url": "unknown_project_url",
    "project_name": "_VGc1wJSbEeWPetZvgdr7ng",
    "project_version": "unknown_project_version",
    "project_commit_hash": "unknown",
    "project_tag": null,
    "project_commit_date": null,
    "additional": {},
    "number_of_files": 32,
    "number_of_classes_or_interfaces": 32,
    "number_of_methods": 155,
    "number_of_data_fields": 32,
    "number_of_method_parameters": 117
  },
  "detector": {
    "name": "data-clumps-doctor",
    "url": "https://github.com/NilsBaumgartner1994/data-clumps-doctor",
    "version": "0.1.100",
    "options": {
      "typeVariablesConsidered": false,
      "similarityModifierOfVariablesWithUnknownType": 0,
      "fieldsOfClassesWithUnknownHierarchyProbabilityModifier": 0,
      "sharedFieldsToFieldsAmountMinimum": 3,
      "analyseFieldsInClassesOrInterfacesInheritedFromSuperClassesOrInterfaces": false,
      "sharedParametersToParametersAmountMinimum": 3,
      "sharedParametersToFieldsAmountMinimum": 3,
      "methodsOfClassesOrInterfacesWithUnknownHierarchyProbabilityModifier": 0
    }
  },
  "data_clumps": {
    "parameters_to_fields_data_clump-./Controller-_VGerQ5SbEeWPetZvgdr7ng-_VGeD4pSbEeWPetZvgdr7ng-hpatkdef": {
      "type": "data_clump",
      "key": "parameters_to_fields_data_clump-./Controller-_VGerQ5SbEeWPetZvgdr7ng-_VGeD4pSbEeWPetZvgdr7ng-hpatkdef",
      "probability": 1,
      "from_file_path": "./Controller",
      "from_class_or_interface_name": "Controller",
      "from_class_or_interface_key": "_VGerQpSbEeWPetZvgdr7ng",
      "from_method_name": "updateView",
      "from_method_key": "_VGerQ5SbEeWPetZvgdr7ng",
      "to_file_path": "./Character",
      "to_class_or_interface_name": "Character",
      "to_class_or_interface_key": "_VGeD4pSbEeWPetZvgdr7ng",
      "to_method_name": null,
      "to_method_key": null,
      "data_clump_type": "parameters_to_fields_data_clump",
      "data_clump_data": {
        "_VGerRJSbEeWPetZvgdr7ng": {
          "key": "_VGerRJSbEeWPetZvgdr7ng",
          "name": "hp",
          "type": null,
          "probability": 1,
          "modifiers": [
            "public"
          ],
          "to_variable": {
            "key": "_VGeD45SbEeWPetZvgdr7ng",
            "name": "hp",
            "type": null,
            "modifiers": [
              "public"
            ],
            "position": {}
          },
          "position": {}
        },
        "_VGerRZSbEeWPetZvgdr7ng": {
          "key": "_VGerRZSbEeWPetZvgdr7ng",
          "name": "atk",
          "type": null,
          "probability": 1,
          "modifiers": [
            "public"
          ],
          "to_variable": {
            "key": "_VGeD5JSbEeWPetZvgdr7ng",
            "name": "atk",
            "type": null,
            "modifiers": [
              "public"
            ],
            "position": {}
          },
          "position": {}
        },
        "_VGerRpSbEeWPetZvgdr7ng": {
          "key": "_VGerRpSbEeWPetZvgdr7ng",
          "name": "def",
          "type": null,
          "probability": 1,
          "modifiers": [
            "public"
          ],
          "to_variable": {
            "key": "_VGeD5ZSbEeWPetZvgdr7ng",
            "name": "def",
            "type": null,
            "modifiers": [
              "public"
            ],
            "position": {}
          },
          "position": {}
        }
      }
    },
    "parameters_to_fields_data_clump-./Controller-_VGerQ5SbEeWPetZvgdr7ng-_VGggIJSbEeWPetZvgdr7ng-hpatkdefaction": {
      "type": "data_clump",
      "key": "parameters_to_fields_data_clump-./Controller-_VGerQ5SbEeWPetZvgdr7ng-_VGggIJSbEeWPetZvgdr7ng-hpatkdefaction",
      "probability": 1,
      "from_file_path": "./Controller",
      "from_class_or_interface_name": "Controller",
      "from_class_or_interface_key": "_VGerQpSbEeWPetZvgdr7ng",
      "from_method_name": "updateView",
      "from_method_key": "_VGerQ5SbEeWPetZvgdr7ng",
      "to_file_path": "./TextView",
      "to_class_or_interface_name": "TextView",
      "to_class_or_interface_key": "_VGggIJSbEeWPetZvgdr7ng",
      "to_method_name": null,
      "to_method_key": null,
      "data_clump_type": "parameters_to_fields_data_clump",
      "data_clump_data": {
        "_VGerRJSbEeWPetZvgdr7ng": {
          "key": "_VGerRJSbEeWPetZvgdr7ng",
          "name": "hp",
          "type": null,
          "probability": 1,
          "modifiers": [
            "public"
          ],
          "to_variable": {
            "key": "_VGggJZSbEeWPetZvgdr7ng",
            "name": "hp",
            "type": null,
            "modifiers": [
              "private"
            ],
            "position": {}
          },
          "position": {}
        },
        "_VGerRZSbEeWPetZvgdr7ng": {
          "key": "_VGerRZSbEeWPetZvgdr7ng",
          "name": "atk",
          "type": null,
          "probability": 1,
          "modifiers": [
            "public"
          ],
          "to_variable": {
            "key": "_VGggJpSbEeWPetZvgdr7ng",
            "name": "atk",
            "type": null,
            "modifiers": [
              "private"
            ],
            "position": {}
          },
          "position": {}
        },
        "_VGerRpSbEeWPetZvgdr7ng": {
          "key": "_VGerRpSbEeWPetZvgdr7ng",
          "name": "def",
          "type": null,
          "probability": 1,
          "modifiers": [
            "public"
          ],
          "to_variable": {
            "key": "_VGggJ5SbEeWPetZvgdr7ng",
            "name": "def",
            "type": null,
            "modifiers": [
              "private"
            ],
            "position": {}
          },
          "position": {}
        },
        "_VGerR5SbEeWPetZvgdr7ng": {
          "key": "_VGerR5SbEeWPetZvgdr7ng",
          "name": "action",
          "type": null,
          "probability": 1,
          "modifiers": [
            "public"
          ],
          "to_variable": {
            "key": "_VGggKJSbEeWPetZvgdr7ng",
            "name": "action",
            "type": null,
            "modifiers": [
              "private"
            ],
            "position": {}
          },
          "position": {}
        }
      }
    },
    "parameters_to_parameters_data_clump-./Controller-_VGerT5SbEeWPetZvgdr7ng-_VGeEE5SbEeWPetZvgdr7ng-xyc": {
      "type": "data_clump",
      "key": "parameters_to_parameters_data_clump-./Controller-_VGerT5SbEeWPetZvgdr7ng-_VGeEE5SbEeWPetZvgdr7ng-xyc",
      "probability": 1,
      "from_file_path": "./Controller",
      "from_class_or_interface_name": "Controller",
      "from_class_or_interface_key": "_VGerQpSbEeWPetZvgdr7ng",
      "from_method_name": "notify",
      "from_method_key": "_VGerT5SbEeWPetZvgdr7ng",
      "to_file_path": "./Game",
      "to_class_or_interface_name": "Game",
      "to_class_or_interface_key": "_VGeEDZSbEeWPetZvgdr7ng",
      "to_method_name": "initBlock",
      "to_method_key": "_VGeEE5SbEeWPetZvgdr7ng",
      "data_clump_type": "parameters_to_parameters_data_clump",
      "data_clump_data": {
        "_VGerUJSbEeWPetZvgdr7ng": {
          "key": "_VGerUJSbEeWPetZvgdr7ng",
          "name": "x",
          "type": null,
          "probability": 1,
          "modifiers": [
            "public"
          ],
          "to_variable": {
            "key": "_VGeEFJSbEeWPetZvgdr7ng",
            "name": "x",
            "type": null,
            "modifiers": [
              "public"
            ],
            "position": {}
          },
          "position": {}
        },
        "_VGerUZSbEeWPetZvgdr7ng": {
          "key": "_VGerUZSbEeWPetZvgdr7ng",
          "name": "y",
          "type": null,
          "probability": 1,
          "modifiers": [
            "public"
          ],
          "to_variable": {
            "key": "_VGeEFZSbEeWPetZvgdr7ng",
            "name": "y",
            "type": null,
            "modifiers": [
              "public"
            ],
            "position": {}
          },
          "position": {}
        },
        "_VGerUpSbEeWPetZvgdr7ng": {
          "key": "_VGerUpSbEeWPetZvgdr7ng",
          "name": "c",
          "type": null,
          "probability": 1,
          "modifiers": [
            "public"
          ],
          "to_variable": {
            "key": "_VGeEFpSbEeWPetZvgdr7ng",
            "name": "c",
            "type": null,
            "modifiers": [
              "public"
            ],
            "position": {}
          },
          "position": {}
        }
      }
    },
    "parameters_to_parameters_data_clump-./Controller-_VGerT5SbEeWPetZvgdr7ng-_VGfSX5SbEeWPetZvgdr7ng-xyc": {
      "type": "data_clump",
      "key": "parameters_to_parameters_data_clump-./Controller-_VGerT5SbEeWPetZvgdr7ng-_VGfSX5SbEeWPetZvgdr7ng-xyc",
      "probability": 1,
      "from_file_path": "./Controller",
      "from_class_or_interface_name": "Controller",
      "from_class_or_interface_key": "_VGerQpSbEeWPetZvgdr7ng",
      "from_method_name": "notify",
      "from_method_key": "_VGerT5SbEeWPetZvgdr7ng",
      "to_file_path": "./Notification",
      "to_class_or_interface_name": "Notification",
      "to_class_or_interface_key": "_VGfSXpSbEeWPetZvgdr7ng",
      "to_method_name": "notify",
      "to_method_key": "_VGfSX5SbEeWPetZvgdr7ng",
      "data_clump_type": "parameters_to_parameters_data_clump",
      "data_clump_data": {
        "_VGerUJSbEeWPetZvgdr7ng": {
          "key": "_VGerUJSbEeWPetZvgdr7ng",
          "name": "x",
          "type": null,
          "probability": 1,
          "modifiers": [
            "public"
          ],
          "to_variable": {
            "key": "_VGfSYJSbEeWPetZvgdr7ng",
            "name": "x",
            "type": null,
            "modifiers": [
              "public"
            ],
            "position": {}
          },
          "position": {}
        },
        "_VGerUZSbEeWPetZvgdr7ng": {
          "key": "_VGerUZSbEeWPetZvgdr7ng",
          "name": "y",
          "type": null,
          "probability": 1,
          "modifiers": [
            "public"
          ],
          "to_variable": {
            "key": "_VGfSYZSbEeWPetZvgdr7ng",
            "name": "y",
            "type": null,
            "modifiers": [
              "public"
            ],
            "position": {}
          },
          "position": {}
        },
        "_VGerUpSbEeWPetZvgdr7ng": {
          "key": "_VGerUpSbEeWPetZvgdr7ng",
          "name": "c",
          "type": null,
          "probability": 1,
          "modifiers": [
            "public"
          ],
          "to_variable": {
            "key": "_VGfSYpSbEeWPetZvgdr7ng",
            "name": "c",
            "type": null,
            "modifiers": [
              "public"
            ],
            "position": {}
          },
          "position": {}
        }
      }
    },
    "parameters_to_parameters_data_clump-./Controller-_VGerT5SbEeWPetZvgdr7ng-_VGggK5SbEeWPetZvgdr7ng-xyc": {
      "type": "data_clump",
      "key": "parameters_to_parameters_data_clump-./Controller-_VGerT5SbEeWPetZvgdr7ng-_VGggK5SbEeWPetZvgdr7ng-xyc",
      "probability": 1,
      "from_file_path": "./Controller",
      "from_class_or_interface_name": "Controller",
      "from_class_or_interface_key": "_VGerQpSbEeWPetZvgdr7ng",
      "from_method_name": "notify",
      "from_method_key": "_VGerT5SbEeWPetZvgdr7ng",
      "to_file_path": "./TextView",
      "to_class_or_interface_name": "TextView",
      "to_class_or_interface_key": "_VGggIJSbEeWPetZvgdr7ng",
      "to_method_name": "update",
      "to_method_key": "_VGggK5SbEeWPetZvgdr7ng",
      "data_clump_type": "parameters_to_parameters_data_clump",
      "data_clump_data": {
        "_VGerUJSbEeWPetZvgdr7ng": {
          "key": "_VGerUJSbEeWPetZvgdr7ng",
          "name": "x",
          "type": null,
          "probability": 1,
          "modifiers": [
            "public"
          ],
          "to_variable": {
            "key": "_VGggLJSbEeWPetZvgdr7ng",
            "name": "x",
            "type": null,
            "modifiers": [
              "public"
            ],
            "position": {}
          },
          "position": {}
        },
        "_VGerUZSbEeWPetZvgdr7ng": {
          "key": "_VGerUZSbEeWPetZvgdr7ng",
          "name": "y",
          "type": null,
          "probability": 1,
          "modifiers": [
            "public"
          ],
          "to_variable": {
            "key": "_VGggLZSbEeWPetZvgdr7ng",
            "name": "y",
            "type": null,
            "modifiers": [
              "public"
            ],
            "position": {}
          },
          "position": {}
        },
        "_VGerUpSbEeWPetZvgdr7ng": {
          "key": "_VGerUpSbEeWPetZvgdr7ng",
          "name": "c",
          "type": null,
          "probability": 1,
          "modifiers": [
            "public"
          ],
          "to_variable": {
            "key": "_VGggLpSbEeWPetZvgdr7ng",
            "name": "c",
            "type": null,
            "modifiers": [
              "public"
            ],
            "position": {}
          },
          "position": {}
        }
      }
    },
    "parameters_to_parameters_data_clump-./Game-_VGeEE5SbEeWPetZvgdr7ng-_VGerT5SbEeWPetZvgdr7ng-xyc": {
      "type": "data_clump",
      "key": "parameters_to_parameters_data_clump-./Game-_VGeEE5SbEeWPetZvgdr7ng-_VGerT5SbEeWPetZvgdr7ng-xyc",
      "probability": 1,
      "from_file_path": "./Game",
      "from_class_or_interface_name": "Game",
      "from_class_or_interface_key": "_VGeEDZSbEeWPetZvgdr7ng",
      "from_method_name": "initBlock",
      "from_method_key": "_VGeEE5SbEeWPetZvgdr7ng",
      "to_file_path": "./Controller",
      "to_class_or_interface_name": "Controller",
      "to_class_or_interface_key": "_VGerQpSbEeWPetZvgdr7ng",
      "to_method_name": "notify",
      "to_method_key": "_VGerT5SbEeWPetZvgdr7ng",
      "data_clump_type": "parameters_to_parameters_data_clump",
      "data_clump_data": {
        "_VGeEFJSbEeWPetZvgdr7ng": {
          "key": "_VGeEFJSbEeWPetZvgdr7ng",
          "name": "x",
          "type": null,
          "probability": 1,
          "modifiers": [
            "public"
          ],
          "to_variable": {
            "key": "_VGerUJSbEeWPetZvgdr7ng",
            "name": "x",
            "type": null,
            "modifiers": [
              "public"
            ],
            "position": {}
          },
          "position": {}
        },
        "_VGeEFZSbEeWPetZvgdr7ng": {
          "key": "_VGeEFZSbEeWPetZvgdr7ng",
          "name": "y",
          "type": null,
          "probability": 1,
          "modifiers": [
            "public"
          ],
          "to_variable": {
            "key": "_VGerUZSbEeWPetZvgdr7ng",
            "name": "y",
            "type": null,
            "modifiers": [
              "public"
            ],
            "position": {}
          },
          "position": {}
        },
        "_VGeEFpSbEeWPetZvgdr7ng": {
          "key": "_VGeEFpSbEeWPetZvgdr7ng",
          "name": "c",
          "type": null,
          "probability": 1,
          "modifiers": [
            "public"
          ],
          "to_variable": {
            "key": "_VGerUpSbEeWPetZvgdr7ng",
            "name": "c",
            "type": null,
            "modifiers": [
              "public"
            ],
            "position": {}
          },
          "position": {}
        }
      }
    },
    "parameters_to_parameters_data_clump-./Game-_VGeEE5SbEeWPetZvgdr7ng-_VGfSX5SbEeWPetZvgdr7ng-xyc": {
      "type": "data_clump",
      "key": "parameters_to_parameters_data_clump-./Game-_VGeEE5SbEeWPetZvgdr7ng-_VGfSX5SbEeWPetZvgdr7ng-xyc",
      "probability": 1,
      "from_file_path": "./Game",
      "from_class_or_interface_name": "Game",
      "from_class_or_interface_key": "_VGeEDZSbEeWPetZvgdr7ng",
      "from_method_name": "initBlock",
      "from_method_key": "_VGeEE5SbEeWPetZvgdr7ng",
      "to_file_path": "./Notification",
      "to_class_or_interface_name": "Notification",
      "to_class_or_interface_key": "_VGfSXpSbEeWPetZvgdr7ng",
      "to_method_name": "notify",
      "to_method_key": "_VGfSX5SbEeWPetZvgdr7ng",
      "data_clump_type": "parameters_to_parameters_data_clump",
      "data_clump_data": {
        "_VGeEFJSbEeWPetZvgdr7ng": {
          "key": "_VGeEFJSbEeWPetZvgdr7ng",
          "name": "x",
          "type": null,
          "probability": 1,
          "modifiers": [
            "public"
          ],
          "to_variable": {
            "key": "_VGfSYJSbEeWPetZvgdr7ng",
            "name": "x",
            "type": null,
            "modifiers": [
              "public"
            ],
            "position": {}
          },
          "position": {}
        },
        "_VGeEFZSbEeWPetZvgdr7ng": {
          "key": "_VGeEFZSbEeWPetZvgdr7ng",
          "name": "y",
          "type": null,
          "probability": 1,
          "modifiers": [
            "public"
          ],
          "to_variable": {
            "key": "_VGfSYZSbEeWPetZvgdr7ng",
            "name": "y",
            "type": null,
            "modifiers": [
              "public"
            ],
            "position": {}
          },
          "position": {}
        },
        "_VGeEFpSbEeWPetZvgdr7ng": {
          "key": "_VGeEFpSbEeWPetZvgdr7ng",
          "name": "c",
          "type": null,
          "probability": 1,
          "modifiers": [
            "public"
          ],
          "to_variable": {
            "key": "_VGfSYpSbEeWPetZvgdr7ng",
            "name": "c",
            "type": null,
            "modifiers": [
              "public"
            ],
            "position": {}
          },
          "position": {}
        }
      }
    },
    "parameters_to_parameters_data_clump-./Game-_VGeEE5SbEeWPetZvgdr7ng-_VGggK5SbEeWPetZvgdr7ng-xyc": {
      "type": "data_clump",
      "key": "parameters_to_parameters_data_clump-./Game-_VGeEE5SbEeWPetZvgdr7ng-_VGggK5SbEeWPetZvgdr7ng-xyc",
      "probability": 1,
      "from_file_path": "./Game",
      "from_class_or_interface_name": "Game",
      "from_class_or_interface_key": "_VGeEDZSbEeWPetZvgdr7ng",
      "from_method_name": "initBlock",
      "from_method_key": "_VGeEE5SbEeWPetZvgdr7ng",
      "to_file_path": "./TextView",
      "to_class_or_interface_name": "TextView",
      "to_class_or_interface_key": "_VGggIJSbEeWPetZvgdr7ng",
      "to_method_name": "update",
      "to_method_key": "_VGggK5SbEeWPetZvgdr7ng",
      "data_clump_type": "parameters_to_parameters_data_clump",
      "data_clump_data": {
        "_VGeEFJSbEeWPetZvgdr7ng": {
          "key": "_VGeEFJSbEeWPetZvgdr7ng",
          "name": "x",
          "type": null,
          "probability": 1,
          "modifiers": [
            "public"
          ],
          "to_variable": {
            "key": "_VGggLJSbEeWPetZvgdr7ng",
            "name": "x",
            "type": null,
            "modifiers": [
              "public"
            ],
            "position": {}
          },
          "position": {}
        },
        "_VGeEFZSbEeWPetZvgdr7ng": {
          "key": "_VGeEFZSbEeWPetZvgdr7ng",
          "name": "y",
          "type": null,
          "probability": 1,
          "modifiers": [
            "public"
          ],
          "to_variable": {
            "key": "_VGggLZSbEeWPetZvgdr7ng",
            "name": "y",
            "type": null,
            "modifiers": [
              "public"
            ],
            "position": {}
          },
          "position": {}
        },
        "_VGeEFpSbEeWPetZvgdr7ng": {
          "key": "_VGeEFpSbEeWPetZvgdr7ng",
          "name": "c",
          "type": null,
          "probability": 1,
          "modifiers": [
            "public"
          ],
          "to_variable": {
            "key": "_VGggLpSbEeWPetZvgdr7ng",
            "name": "c",
            "type": null,
            "modifiers": [
              "public"
            ],
            "position": {}
          },
          "position": {}
        }
      }
    },
    "parameters_to_parameters_data_clump-./Notification-_VGfSX5SbEeWPetZvgdr7ng-_VGerT5SbEeWPetZvgdr7ng-xyc": {
      "type": "data_clump",
      "key": "parameters_to_parameters_data_clump-./Notification-_VGfSX5SbEeWPetZvgdr7ng-_VGerT5SbEeWPetZvgdr7ng-xyc",
      "probability": 1,
      "from_file_path": "./Notification",
      "from_class_or_interface_name": "Notification",
      "from_class_or_interface_key": "_VGfSXpSbEeWPetZvgdr7ng",
      "from_method_name": "notify",
      "from_method_key": "_VGfSX5SbEeWPetZvgdr7ng",
      "to_file_path": "./Controller",
      "to_class_or_interface_name": "Controller",
      "to_class_or_interface_key": "_VGerQpSbEeWPetZvgdr7ng",
      "to_method_name": "notify",
      "to_method_key": "_VGerT5SbEeWPetZvgdr7ng",
      "data_clump_type": "parameters_to_parameters_data_clump",
      "data_clump_data": {
        "_VGfSYJSbEeWPetZvgdr7ng": {
          "key": "_VGfSYJSbEeWPetZvgdr7ng",
          "name": "x",
          "type": null,
          "probability": 1,
          "modifiers": [
            "public"
          ],
          "to_variable": {
            "key": "_VGerUJSbEeWPetZvgdr7ng",
            "name": "x",
            "type": null,
            "modifiers": [
              "public"
            ],
            "position": {}
          },
          "position": {}
        },
        "_VGfSYZSbEeWPetZvgdr7ng": {
          "key": "_VGfSYZSbEeWPetZvgdr7ng",
          "name": "y",
          "type": null,
          "probability": 1,
          "modifiers": [
            "public"
          ],
          "to_variable": {
            "key": "_VGerUZSbEeWPetZvgdr7ng",
            "name": "y",
            "type": null,
            "modifiers": [
              "public"
            ],
            "position": {}
          },
          "position": {}
        },
        "_VGfSYpSbEeWPetZvgdr7ng": {
          "key": "_VGfSYpSbEeWPetZvgdr7ng",
          "name": "c",
          "type": null,
          "probability": 1,
          "modifiers": [
            "public"
          ],
          "to_variable": {
            "key": "_VGerUpSbEeWPetZvgdr7ng",
            "name": "c",
            "type": null,
            "modifiers": [
              "public"
            ],
            "position": {}
          },
          "position": {}
        }
      }
    },
    "parameters_to_parameters_data_clump-./Notification-_VGfSX5SbEeWPetZvgdr7ng-_VGeEE5SbEeWPetZvgdr7ng-xyc": {
      "type": "data_clump",
      "key": "parameters_to_parameters_data_clump-./Notification-_VGfSX5SbEeWPetZvgdr7ng-_VGeEE5SbEeWPetZvgdr7ng-xyc",
      "probability": 1,
      "from_file_path": "./Notification",
      "from_class_or_interface_name": "Notification",
      "from_class_or_interface_key": "_VGfSXpSbEeWPetZvgdr7ng",
      "from_method_name": "notify",
      "from_method_key": "_VGfSX5SbEeWPetZvgdr7ng",
      "to_file_path": "./Game",
      "to_class_or_interface_name": "Game",
      "to_class_or_interface_key": "_VGeEDZSbEeWPetZvgdr7ng",
      "to_method_name": "initBlock",
      "to_method_key": "_VGeEE5SbEeWPetZvgdr7ng",
      "data_clump_type": "parameters_to_parameters_data_clump",
      "data_clump_data": {
        "_VGfSYJSbEeWPetZvgdr7ng": {
          "key": "_VGfSYJSbEeWPetZvgdr7ng",
          "name": "x",
          "type": null,
          "probability": 1,
          "modifiers": [
            "public"
          ],
          "to_variable": {
            "key": "_VGeEFJSbEeWPetZvgdr7ng",
            "name": "x",
            "type": null,
            "modifiers": [
              "public"
            ],
            "position": {}
          },
          "position": {}
        },
        "_VGfSYZSbEeWPetZvgdr7ng": {
          "key": "_VGfSYZSbEeWPetZvgdr7ng",
          "name": "y",
          "type": null,
          "probability": 1,
          "modifiers": [
            "public"
          ],
          "to_variable": {
            "key": "_VGeEFZSbEeWPetZvgdr7ng",
            "name": "y",
            "type": null,
            "modifiers": [
              "public"
            ],
            "position": {}
          },
          "position": {}
        },
        "_VGfSYpSbEeWPetZvgdr7ng": {
          "key": "_VGfSYpSbEeWPetZvgdr7ng",
          "name": "c",
          "type": null,
          "probability": 1,
          "modifiers": [
            "public"
          ],
          "to_variable": {
            "key": "_VGeEFpSbEeWPetZvgdr7ng",
            "name": "c",
            "type": null,
            "modifiers": [
              "public"
            ],
            "position": {}
          },
          "position": {}
        }
      }
    },
    "parameters_to_parameters_data_clump-./Notification-_VGfSX5SbEeWPetZvgdr7ng-_VGggK5SbEeWPetZvgdr7ng-xyc": {
      "type": "data_clump",
      "key": "parameters_to_parameters_data_clump-./Notification-_VGfSX5SbEeWPetZvgdr7ng-_VGggK5SbEeWPetZvgdr7ng-xyc",
      "probability": 1,
      "from_file_path": "./Notification",
      "from_class_or_interface_name": "Notification",
      "from_class_or_interface_key": "_VGfSXpSbEeWPetZvgdr7ng",
      "from_method_name": "notify",
      "from_method_key": "_VGfSX5SbEeWPetZvgdr7ng",
      "to_file_path": "./TextView",
      "to_class_or_interface_name": "TextView",
      "to_class_or_interface_key": "_VGggIJSbEeWPetZvgdr7ng",
      "to_method_name": "update",
      "to_method_key": "_VGggK5SbEeWPetZvgdr7ng",
      "data_clump_type": "parameters_to_parameters_data_clump",
      "data_clump_data": {
        "_VGfSYJSbEeWPetZvgdr7ng": {
          "key": "_VGfSYJSbEeWPetZvgdr7ng",
          "name": "x",
          "type": null,
          "probability": 1,
          "modifiers": [
            "public"
          ],
          "to_variable": {
            "key": "_VGggLJSbEeWPetZvgdr7ng",
            "name": "x",
            "type": null,
            "modifiers": [
              "public"
            ],
            "position": {}
          },
          "position": {}
        },
        "_VGfSYZSbEeWPetZvgdr7ng": {
          "key": "_VGfSYZSbEeWPetZvgdr7ng",
          "name": "y",
          "type": null,
          "probability": 1,
          "modifiers": [
            "public"
          ],
          "to_variable": {
            "key": "_VGggLZSbEeWPetZvgdr7ng",
            "name": "y",
            "type": null,
            "modifiers": [
              "public"
            ],
            "position": {}
          },
          "position": {}
        },
        "_VGfSYpSbEeWPetZvgdr7ng": {
          "key": "_VGfSYpSbEeWPetZvgdr7ng",
          "name": "c",
          "type": null,
          "probability": 1,
          "modifiers": [
            "public"
          ],
          "to_variable": {
            "key": "_VGggLpSbEeWPetZvgdr7ng",
            "name": "c",
            "type": null,
            "modifiers": [
              "public"
            ],
            "position": {}
          },
          "position": {}
        }
      }
    },
    "parameters_to_parameters_data_clump-./TextView-_VGggK5SbEeWPetZvgdr7ng-_VGerT5SbEeWPetZvgdr7ng-xyc": {
      "type": "data_clump",
      "key": "parameters_to_parameters_data_clump-./TextView-_VGggK5SbEeWPetZvgdr7ng-_VGerT5SbEeWPetZvgdr7ng-xyc",
      "probability": 1,
      "from_file_path": "./TextView",
      "from_class_or_interface_name": "TextView",
      "from_class_or_interface_key": "_VGggIJSbEeWPetZvgdr7ng",
      "from_method_name": "update",
      "from_method_key": "_VGggK5SbEeWPetZvgdr7ng",
      "to_file_path": "./Controller",
      "to_class_or_interface_name": "Controller",
      "to_class_or_interface_key": "_VGerQpSbEeWPetZvgdr7ng",
      "to_method_name": "notify",
      "to_method_key": "_VGerT5SbEeWPetZvgdr7ng",
      "data_clump_type": "parameters_to_parameters_data_clump",
      "data_clump_data": {
        "_VGggLJSbEeWPetZvgdr7ng": {
          "key": "_VGggLJSbEeWPetZvgdr7ng",
          "name": "x",
          "type": null,
          "probability": 1,
          "modifiers": [
            "public"
          ],
          "to_variable": {
            "key": "_VGerUJSbEeWPetZvgdr7ng",
            "name": "x",
            "type": null,
            "modifiers": [
              "public"
            ],
            "position": {}
          },
          "position": {}
        },
        "_VGggLZSbEeWPetZvgdr7ng": {
          "key": "_VGggLZSbEeWPetZvgdr7ng",
          "name": "y",
          "type": null,
          "probability": 1,
          "modifiers": [
            "public"
          ],
          "to_variable": {
            "key": "_VGerUZSbEeWPetZvgdr7ng",
            "name": "y",
            "type": null,
            "modifiers": [
              "public"
            ],
            "position": {}
          },
          "position": {}
        },
        "_VGggLpSbEeWPetZvgdr7ng": {
          "key": "_VGggLpSbEeWPetZvgdr7ng",
          "name": "c",
          "type": null,
          "probability": 1,
          "modifiers": [
            "public"
          ],
          "to_variable": {
            "key": "_VGerUpSbEeWPetZvgdr7ng",
            "name": "c",
            "type": null,
            "modifiers": [
              "public"
            ],
            "position": {}
          },
          "position": {}
        }
      }
    },
    "parameters_to_parameters_data_clump-./TextView-_VGggK5SbEeWPetZvgdr7ng-_VGeEE5SbEeWPetZvgdr7ng-xyc": {
      "type": "data_clump",
      "key": "parameters_to_parameters_data_clump-./TextView-_VGggK5SbEeWPetZvgdr7ng-_VGeEE5SbEeWPetZvgdr7ng-xyc",
      "probability": 1,
      "from_file_path": "./TextView",
      "from_class_or_interface_name": "TextView",
      "from_class_or_interface_key": "_VGggIJSbEeWPetZvgdr7ng",
      "from_method_name": "update",
      "from_method_key": "_VGggK5SbEeWPetZvgdr7ng",
      "to_file_path": "./Game",
      "to_class_or_interface_name": "Game",
      "to_class_or_interface_key": "_VGeEDZSbEeWPetZvgdr7ng",
      "to_method_name": "initBlock",
      "to_method_key": "_VGeEE5SbEeWPetZvgdr7ng",
      "data_clump_type": "parameters_to_parameters_data_clump",
      "data_clump_data": {
        "_VGggLJSbEeWPetZvgdr7ng": {
          "key": "_VGggLJSbEeWPetZvgdr7ng",
          "name": "x",
          "type": null,
          "probability": 1,
          "modifiers": [
            "public"
          ],
          "to_variable": {
            "key": "_VGeEFJSbEeWPetZvgdr7ng",
            "name": "x",
            "type": null,
            "modifiers": [
              "public"
            ],
            "position": {}
          },
          "position": {}
        },
        "_VGggLZSbEeWPetZvgdr7ng": {
          "key": "_VGggLZSbEeWPetZvgdr7ng",
          "name": "y",
          "type": null,
          "probability": 1,
          "modifiers": [
            "public"
          ],
          "to_variable": {
            "key": "_VGeEFZSbEeWPetZvgdr7ng",
            "name": "y",
            "type": null,
            "modifiers": [
              "public"
            ],
            "position": {}
          },
          "position": {}
        },
        "_VGggLpSbEeWPetZvgdr7ng": {
          "key": "_VGggLpSbEeWPetZvgdr7ng",
          "name": "c",
          "type": null,
          "probability": 1,
          "modifiers": [
            "public"
          ],
          "to_variable": {
            "key": "_VGeEFpSbEeWPetZvgdr7ng",
            "name": "c",
            "type": null,
            "modifiers": [
              "public"
            ],
            "position": {}
          },
          "position": {}
        }
      }
    },
    "parameters_to_parameters_data_clump-./TextView-_VGggK5SbEeWPetZvgdr7ng-_VGfSX5SbEeWPetZvgdr7ng-xyc": {
      "type": "data_clump",
      "key": "parameters_to_parameters_data_clump-./TextView-_VGggK5SbEeWPetZvgdr7ng-_VGfSX5SbEeWPetZvgdr7ng-xyc",
      "probability": 1,
      "from_file_path": "./TextView",
      "from_class_or_interface_name": "TextView",
      "from_class_or_interface_key": "_VGggIJSbEeWPetZvgdr7ng",
      "from_method_name": "update",
      "from_method_key": "_VGggK5SbEeWPetZvgdr7ng",
      "to_file_path": "./Notification",
      "to_class_or_interface_name": "Notification",
      "to_class_or_interface_key": "_VGfSXpSbEeWPetZvgdr7ng",
      "to_method_name": "notify",
      "to_method_key": "_VGfSX5SbEeWPetZvgdr7ng",
      "data_clump_type": "parameters_to_parameters_data_clump",
      "data_clump_data": {
        "_VGggLJSbEeWPetZvgdr7ng": {
          "key": "_VGggLJSbEeWPetZvgdr7ng",
          "name": "x",
          "type": null,
          "probability": 1,
          "modifiers": [
            "public"
          ],
          "to_variable": {
            "key": "_VGfSYJSbEeWPetZvgdr7ng",
            "name": "x",
            "type": null,
            "modifiers": [
              "public"
            ],
            "position": {}
          },
          "position": {}
        },
        "_VGggLZSbEeWPetZvgdr7ng": {
          "key": "_VGggLZSbEeWPetZvgdr7ng",
          "name": "y",
          "type": null,
          "probability": 1,
          "modifiers": [
            "public"
          ],
          "to_variable": {
            "key": "_VGfSYZSbEeWPetZvgdr7ng",
            "name": "y",
            "type": null,
            "modifiers": [
              "public"
            ],
            "position": {}
          },
          "position": {}
        },
        "_VGggLpSbEeWPetZvgdr7ng": {
          "key": "_VGggLpSbEeWPetZvgdr7ng",
          "name": "c",
          "type": null,
          "probability": 1,
          "modifiers": [
            "public"
          ],
          "to_variable": {
            "key": "_VGfSYpSbEeWPetZvgdr7ng",
            "name": "c",
            "type": null,
            "modifiers": [
              "public"
            ],
            "position": {}
          },
          "position": {}
        }
      }
    }
  }
}