{
  "report_version": "unknown",
  "report_timestamp": "2025-03-26T22:19:21.790Z",
  "target_language": "java",
  "report_summary": {
    "additional": null,
    "amount_classes_or_interfaces_with_data_clumps": 2,
    "amount_files_with_data_clumps": 2,
    "amount_methods_with_data_clumps": 0,
    "fields_to_fields_data_clump": 2,
    "parameters_to_fields_data_clump": 0,
    "parameters_to_parameters_data_clump": 0,
    "amount_data_clumps": 2
  },
  "project_info": {
    "project_url": "unknown_project_url",
    "project_name": "d5ca565e-7c9b-4ad4-ace8-12cfbeba26fe",
    "project_version": "unknown_project_version",
    "project_commit_hash": "unknown",
    "project_tag": null,
    "project_commit_date": null,
    "additional": {},
    "number_of_files": 9,
    "number_of_classes_or_interfaces": 9,
    "number_of_methods": 0,
    "number_of_data_fields": 20,
    "number_of_method_parameters": 0
  },
  "detector": {
    "name": "data-clumps-doctor",
    "url": "https://github.com/NilsBaumgartner1994/data-clumps-doctor",
    "version": "0.1.100",
    "options": {
      "typeVariablesConsidered": false,
      "similarityModifierOfVariablesWithUnknownType": 0,
      "fieldsOfClassesWithUnknownHierarchyProbabilityModifier": 0,
      "sharedFieldsToFieldsAmountMinimum": 3,
      "analyseFieldsInClassesOrInterfacesInheritedFromSuperClassesOrInterfaces": false,
      "sharedParametersToParametersAmountMinimum": 3,
      "sharedParametersToFieldsAmountMinimum": 3,
      "methodsOfClassesOrInterfacesWithUnknownHierarchyProbabilityModifier": 0
    }
  },
  "data_clumps": {
    "fields_to_fields_data_clump-./Deelnemer-_sDIJEDq6EDKZirKhDgsKww-_OqfbIDq6EDKZirKhDgsKww-rijksregisternummervoornaamnaam": {
      "type": "data_clump",
      "key": "fields_to_fields_data_clump-./Deelnemer-_sDIJEDq6EDKZirKhDgsKww-_OqfbIDq6EDKZirKhDgsKww-rijksregisternummervoornaamnaam",
      "probability": 1,
      "from_file_path": "./Deelnemer",
      "from_class_or_interface_name": "Deelnemer",
      "from_class_or_interface_key": "_sDIJEDq6EDKZirKhDgsKww",
      "from_method_name": null,
      "from_method_key": null,
      "to_file_path": "./Persoon",
      "to_class_or_interface_key": "_OqfbIDq6EDKZirKhDgsKww",
      "to_class_or_interface_name": "Deelnemer",
      "to_method_key": null,
      "to_method_name": null,
      "data_clump_type": "fields_to_fields_data_clump",
      "data_clump_data": {
        "_udVhsDq6EDKZirKhDgsKww": {
          "key": "_udVhsDq6EDKZirKhDgsKww",
          "name": "rijksregisternummer",
          "type": null,
          "probability": 1,
          "modifiers": [],
          "to_variable": {
            "key": "_Rqtq4Dq6EDKZirKhDgsKww",
            "name": "rijksregisternummer",
            "type": null,
            "modifiers": [],
            "position": {}
          },
          "position": {}
        },
        "_vqHd4Dq6EDKZirKhDgsKww": {
          "key": "_vqHd4Dq6EDKZirKhDgsKww",
          "name": "voornaam",
          "type": null,
          "probability": 1,
          "modifiers": [],
          "to_variable": {
            "key": "_T6OPYDq6EDKZirKhDgsKww",
            "name": "voornaam",
            "type": null,
            "modifiers": [],
            "position": {}
          },
          "position": {}
        },
        "_w-yx0Dq6EDKZirKhDgsKww": {
          "key": "_w-yx0Dq6EDKZirKhDgsKww",
          "name": "naam",
          "type": null,
          "probability": 1,
          "modifiers": [],
          "to_variable": {
            "key": "_WXp7IDq6EDKZirKhDgsKww",
            "name": "naam",
            "type": null,
            "modifiers": [],
            "position": {}
          },
          "position": {}
        }
      }
    },
    "fields_to_fields_data_clump-./Persoon-_OqfbIDq6EDKZirKhDgsKww-_sDIJEDq6EDKZirKhDgsKww-rijksregisternummervoornaamnaam": {
      "type": "data_clump",
      "key": "fields_to_fields_data_clump-./Persoon-_OqfbIDq6EDKZirKhDgsKww-_sDIJEDq6EDKZirKhDgsKww-rijksregisternummervoornaamnaam",
      "probability": 1,
      "from_file_path": "./Persoon",
      "from_class_or_interface_name": "Persoon",
      "from_class_or_interface_key": "_OqfbIDq6EDKZirKhDgsKww",
      "from_method_name": null,
      "from_method_key": null,
      "to_file_path": "./Deelnemer",
      "to_class_or_interface_key": "_sDIJEDq6EDKZirKhDgsKww",
      "to_class_or_interface_name": "Persoon",
      "to_method_key": null,
      "to_method_name": null,
      "data_clump_type": "fields_to_fields_data_clump",
      "data_clump_data": {
        "_Rqtq4Dq6EDKZirKhDgsKww": {
          "key": "_Rqtq4Dq6EDKZirKhDgsKww",
          "name": "rijksregisternummer",
          "type": null,
          "probability": 1,
          "modifiers": [],
          "to_variable": {
            "key": "_udVhsDq6EDKZirKhDgsKww",
            "name": "rijksregisternummer",
            "type": null,
            "modifiers": [],
            "position": {}
          },
          "position": {}
        },
        "_T6OPYDq6EDKZirKhDgsKww": {
          "key": "_T6OPYDq6EDKZirKhDgsKww",
          "name": "voornaam",
          "type": null,
          "probability": 1,
          "modifiers": [],
          "to_variable": {
            "key": "_vqHd4Dq6EDKZirKhDgsKww",
            "name": "voornaam",
            "type": null,
            "modifiers": [],
            "position": {}
          },
          "position": {}
        },
        "_WXp7IDq6EDKZirKhDgsKww": {
          "key": "_WXp7IDq6EDKZirKhDgsKww",
          "name": "naam",
          "type": null,
          "probability": 1,
          "modifiers": [],
          "to_variable": {
            "key": "_w-yx0Dq6EDKZirKhDgsKww",
            "name": "naam",
            "type": null,
            "modifiers": [],
            "position": {}
          },
          "position": {}
        }
      }
    }
  }
}