{
  "report_version": "unknown",
  "report_timestamp": "2025-03-26T21:53:07.130Z",
  "target_language": "java",
  "report_summary": {
    "additional": null,
    "amount_classes_or_interfaces_with_data_clumps": 3,
    "amount_files_with_data_clumps": 3,
    "amount_methods_with_data_clumps": 0,
    "fields_to_fields_data_clump": 6,
    "parameters_to_fields_data_clump": 0,
    "parameters_to_parameters_data_clump": 0,
    "amount_data_clumps": 6
  },
  "project_info": {
    "project_url": "unknown_project_url",
    "project_name": "90d7433c-df8c-4a13-bde7-67c35fa49c01",
    "project_version": "unknown_project_version",
    "project_commit_hash": "unknown",
    "project_tag": null,
    "project_commit_date": null,
    "additional": {},
    "number_of_files": 7,
    "number_of_classes_or_interfaces": 7,
    "number_of_methods": 0,
    "number_of_data_fields": 49,
    "number_of_method_parameters": 0
  },
  "detector": {
    "name": "data-clumps-doctor",
    "url": "https://github.com/NilsBaumgartner1994/data-clumps-doctor",
    "version": "0.1.100",
    "options": {
      "typeVariablesConsidered": false,
      "similarityModifierOfVariablesWithUnknownType": 0,
      "fieldsOfClassesWithUnknownHierarchyProbabilityModifier": 0,
      "sharedFieldsToFieldsAmountMinimum": 3,
      "analyseFieldsInClassesOrInterfacesInheritedFromSuperClassesOrInterfaces": false,
      "sharedParametersToParametersAmountMinimum": 3,
      "sharedParametersToFieldsAmountMinimum": 3,
      "methodsOfClassesOrInterfacesWithUnknownHierarchyProbabilityModifier": 0
    }
  },
  "data_clumps": {
    "fields_to_fields_data_clump-./CBandeImage-_pbPt0J72EDSB27TlJQFKvA-_L6MOQJ73EDSB27TlJQFKvA-appWindowAppWindow()ScaleContent()Update()": {
      "type": "data_clump",
      "key": "fields_to_fields_data_clump-./CBandeImage-_pbPt0J72EDSB27TlJQFKvA-_L6MOQJ73EDSB27TlJQFKvA-appWindowAppWindow()ScaleContent()Update()",
      "probability": 1,
      "from_file_path": "./CBandeImage",
      "from_class_or_interface_name": "CBandeImage",
      "from_class_or_interface_key": "_pbPt0J72EDSB27TlJQFKvA",
      "from_method_name": null,
      "from_method_key": null,
      "to_file_path": "./CDescription",
      "to_class_or_interface_key": "_L6MOQJ73EDSB27TlJQFKvA",
      "to_class_or_interface_name": "CBandeImage",
      "to_method_key": null,
      "to_method_name": null,
      "data_clump_type": "fields_to_fields_data_clump",
      "data_clump_data": {
        "_r9Jp4J72EDSB27TlJQFKvA": {
          "key": "_r9Jp4J72EDSB27TlJQFKvA",
          "name": "appWindow",
          "type": null,
          "probability": 1,
          "modifiers": [
            "private"
          ],
          "to_variable": {
            "key": "_OyDMMJ73EDSB27TlJQFKvA",
            "name": "appWindow",
            "type": null,
            "modifiers": [
              "private"
            ],
            "position": {}
          },
          "position": {}
        },
        "_EWWCUJ73EDSB27TlJQFKvA": {
          "key": "_EWWCUJ73EDSB27TlJQFKvA",
          "name": "AppWindow()",
          "type": null,
          "probability": 1,
          "modifiers": [
            "public"
          ],
          "to_variable": {
            "key": "_kY-4YJ73EDSB27TlJQFKvA",
            "name": "AppWindow()",
            "type": null,
            "modifiers": [
              "public"
            ],
            "position": {}
          },
          "position": {}
        },
        "_Go_aYJ73EDSB27TlJQFKvA": {
          "key": "_Go_aYJ73EDSB27TlJQFKvA",
          "name": "ScaleContent()",
          "type": null,
          "probability": 1,
          "modifiers": [
            "public"
          ],
          "to_variable": {
            "key": "_lliyIJ73EDSB27TlJQFKvA",
            "name": "ScaleContent()",
            "type": null,
            "modifiers": [
              "public"
            ],
            "position": {}
          },
          "position": {}
        },
        "_JWF50J73EDSB27TlJQFKvA": {
          "key": "_JWF50J73EDSB27TlJQFKvA",
          "name": "Update()",
          "type": null,
          "probability": 1,
          "modifiers": [
            "public"
          ],
          "to_variable": {
            "key": "_mIJI4J73EDSB27TlJQFKvA",
            "name": "Update()",
            "type": null,
            "modifiers": [
              "public"
            ],
            "position": {}
          },
          "position": {}
        }
      }
    },
    "fields_to_fields_data_clump-./CBandeImage-_pbPt0J72EDSB27TlJQFKvA-_oGOmMJ73EDSB27TlJQFKvA-appWindowAppWindow()ScaleContent()Update()": {
      "type": "data_clump",
      "key": "fields_to_fields_data_clump-./CBandeImage-_pbPt0J72EDSB27TlJQFKvA-_oGOmMJ73EDSB27TlJQFKvA-appWindowAppWindow()ScaleContent()Update()",
      "probability": 1,
      "from_file_path": "./CBandeImage",
      "from_class_or_interface_name": "CBandeImage",
      "from_class_or_interface_key": "_pbPt0J72EDSB27TlJQFKvA",
      "from_method_name": null,
      "from_method_key": null,
      "to_file_path": "./CImgDiapo",
      "to_class_or_interface_key": "_oGOmMJ73EDSB27TlJQFKvA",
      "to_class_or_interface_name": "CBandeImage",
      "to_method_key": null,
      "to_method_name": null,
      "data_clump_type": "fields_to_fields_data_clump",
      "data_clump_data": {
        "_r9Jp4J72EDSB27TlJQFKvA": {
          "key": "_r9Jp4J72EDSB27TlJQFKvA",
          "name": "appWindow",
          "type": null,
          "probability": 1,
          "modifiers": [
            "private"
          ],
          "to_variable": {
            "key": "_qzuHMJ73EDSB27TlJQFKvA",
            "name": "appWindow",
            "type": null,
            "modifiers": [
              "private"
            ],
            "position": {}
          },
          "position": {}
        },
        "_EWWCUJ73EDSB27TlJQFKvA": {
          "key": "_EWWCUJ73EDSB27TlJQFKvA",
          "name": "AppWindow()",
          "type": null,
          "probability": 1,
          "modifiers": [
            "public"
          ],
          "to_variable": {
            "key": "_xX9QQJ73EDSB27TlJQFKvA",
            "name": "AppWindow()",
            "type": null,
            "modifiers": [
              "public"
            ],
            "position": {}
          },
          "position": {}
        },
        "_Go_aYJ73EDSB27TlJQFKvA": {
          "key": "_Go_aYJ73EDSB27TlJQFKvA",
          "name": "ScaleContent()",
          "type": null,
          "probability": 1,
          "modifiers": [
            "public"
          ],
          "to_variable": {
            "key": "_yHjhMJ73EDSB27TlJQFKvA",
            "name": "ScaleContent()",
            "type": null,
            "modifiers": [
              "public"
            ],
            "position": {}
          },
          "position": {}
        },
        "_JWF50J73EDSB27TlJQFKvA": {
          "key": "_JWF50J73EDSB27TlJQFKvA",
          "name": "Update()",
          "type": null,
          "probability": 1,
          "modifiers": [
            "public"
          ],
          "to_variable": {
            "key": "_yiX08J73EDSB27TlJQFKvA",
            "name": "Update()",
            "type": null,
            "modifiers": [
              "public"
            ],
            "position": {}
          },
          "position": {}
        }
      }
    },
    "fields_to_fields_data_clump-./CDescription-_L6MOQJ73EDSB27TlJQFKvA-_pbPt0J72EDSB27TlJQFKvA-appWindowAppWindow()ScaleContent()Update()": {
      "type": "data_clump",
      "key": "fields_to_fields_data_clump-./CDescription-_L6MOQJ73EDSB27TlJQFKvA-_pbPt0J72EDSB27TlJQFKvA-appWindowAppWindow()ScaleContent()Update()",
      "probability": 1,
      "from_file_path": "./CDescription",
      "from_class_or_interface_name": "CDescription",
      "from_class_or_interface_key": "_L6MOQJ73EDSB27TlJQFKvA",
      "from_method_name": null,
      "from_method_key": null,
      "to_file_path": "./CBandeImage",
      "to_class_or_interface_key": "_pbPt0J72EDSB27TlJQFKvA",
      "to_class_or_interface_name": "CDescription",
      "to_method_key": null,
      "to_method_name": null,
      "data_clump_type": "fields_to_fields_data_clump",
      "data_clump_data": {
        "_OyDMMJ73EDSB27TlJQFKvA": {
          "key": "_OyDMMJ73EDSB27TlJQFKvA",
          "name": "appWindow",
          "type": null,
          "probability": 1,
          "modifiers": [
            "private"
          ],
          "to_variable": {
            "key": "_r9Jp4J72EDSB27TlJQFKvA",
            "name": "appWindow",
            "type": null,
            "modifiers": [
              "private"
            ],
            "position": {}
          },
          "position": {}
        },
        "_kY-4YJ73EDSB27TlJQFKvA": {
          "key": "_kY-4YJ73EDSB27TlJQFKvA",
          "name": "AppWindow()",
          "type": null,
          "probability": 1,
          "modifiers": [
            "public"
          ],
          "to_variable": {
            "key": "_EWWCUJ73EDSB27TlJQFKvA",
            "name": "AppWindow()",
            "type": null,
            "modifiers": [
              "public"
            ],
            "position": {}
          },
          "position": {}
        },
        "_lliyIJ73EDSB27TlJQFKvA": {
          "key": "_lliyIJ73EDSB27TlJQFKvA",
          "name": "ScaleContent()",
          "type": null,
          "probability": 1,
          "modifiers": [
            "public"
          ],
          "to_variable": {
            "key": "_Go_aYJ73EDSB27TlJQFKvA",
            "name": "ScaleContent()",
            "type": null,
            "modifiers": [
              "public"
            ],
            "position": {}
          },
          "position": {}
        },
        "_mIJI4J73EDSB27TlJQFKvA": {
          "key": "_mIJI4J73EDSB27TlJQFKvA",
          "name": "Update()",
          "type": null,
          "probability": 1,
          "modifiers": [
            "public"
          ],
          "to_variable": {
            "key": "_JWF50J73EDSB27TlJQFKvA",
            "name": "Update()",
            "type": null,
            "modifiers": [
              "public"
            ],
            "position": {}
          },
          "position": {}
        }
      }
    },
    "fields_to_fields_data_clump-./CDescription-_L6MOQJ73EDSB27TlJQFKvA-_oGOmMJ73EDSB27TlJQFKvA-appWindowAppWindow()ScaleContent()Update()": {
      "type": "data_clump",
      "key": "fields_to_fields_data_clump-./CDescription-_L6MOQJ73EDSB27TlJQFKvA-_oGOmMJ73EDSB27TlJQFKvA-appWindowAppWindow()ScaleContent()Update()",
      "probability": 1,
      "from_file_path": "./CDescription",
      "from_class_or_interface_name": "CDescription",
      "from_class_or_interface_key": "_L6MOQJ73EDSB27TlJQFKvA",
      "from_method_name": null,
      "from_method_key": null,
      "to_file_path": "./CImgDiapo",
      "to_class_or_interface_key": "_oGOmMJ73EDSB27TlJQFKvA",
      "to_class_or_interface_name": "CDescription",
      "to_method_key": null,
      "to_method_name": null,
      "data_clump_type": "fields_to_fields_data_clump",
      "data_clump_data": {
        "_OyDMMJ73EDSB27TlJQFKvA": {
          "key": "_OyDMMJ73EDSB27TlJQFKvA",
          "name": "appWindow",
          "type": null,
          "probability": 1,
          "modifiers": [
            "private"
          ],
          "to_variable": {
            "key": "_qzuHMJ73EDSB27TlJQFKvA",
            "name": "appWindow",
            "type": null,
            "modifiers": [
              "private"
            ],
            "position": {}
          },
          "position": {}
        },
        "_kY-4YJ73EDSB27TlJQFKvA": {
          "key": "_kY-4YJ73EDSB27TlJQFKvA",
          "name": "AppWindow()",
          "type": null,
          "probability": 1,
          "modifiers": [
            "public"
          ],
          "to_variable": {
            "key": "_xX9QQJ73EDSB27TlJQFKvA",
            "name": "AppWindow()",
            "type": null,
            "modifiers": [
              "public"
            ],
            "position": {}
          },
          "position": {}
        },
        "_lliyIJ73EDSB27TlJQFKvA": {
          "key": "_lliyIJ73EDSB27TlJQFKvA",
          "name": "ScaleContent()",
          "type": null,
          "probability": 1,
          "modifiers": [
            "public"
          ],
          "to_variable": {
            "key": "_yHjhMJ73EDSB27TlJQFKvA",
            "name": "ScaleContent()",
            "type": null,
            "modifiers": [
              "public"
            ],
            "position": {}
          },
          "position": {}
        },
        "_mIJI4J73EDSB27TlJQFKvA": {
          "key": "_mIJI4J73EDSB27TlJQFKvA",
          "name": "Update()",
          "type": null,
          "probability": 1,
          "modifiers": [
            "public"
          ],
          "to_variable": {
            "key": "_yiX08J73EDSB27TlJQFKvA",
            "name": "Update()",
            "type": null,
            "modifiers": [
              "public"
            ],
            "position": {}
          },
          "position": {}
        }
      }
    },
    "fields_to_fields_data_clump-./CImgDiapo-_oGOmMJ73EDSB27TlJQFKvA-_pbPt0J72EDSB27TlJQFKvA-appWindowAppWindow()ScaleContent()Update()": {
      "type": "data_clump",
      "key": "fields_to_fields_data_clump-./CImgDiapo-_oGOmMJ73EDSB27TlJQFKvA-_pbPt0J72EDSB27TlJQFKvA-appWindowAppWindow()ScaleContent()Update()",
      "probability": 1,
      "from_file_path": "./CImgDiapo",
      "from_class_or_interface_name": "CImgDiapo",
      "from_class_or_interface_key": "_oGOmMJ73EDSB27TlJQFKvA",
      "from_method_name": null,
      "from_method_key": null,
      "to_file_path": "./CBandeImage",
      "to_class_or_interface_key": "_pbPt0J72EDSB27TlJQFKvA",
      "to_class_or_interface_name": "CImgDiapo",
      "to_method_key": null,
      "to_method_name": null,
      "data_clump_type": "fields_to_fields_data_clump",
      "data_clump_data": {
        "_qzuHMJ73EDSB27TlJQFKvA": {
          "key": "_qzuHMJ73EDSB27TlJQFKvA",
          "name": "appWindow",
          "type": null,
          "probability": 1,
          "modifiers": [
            "private"
          ],
          "to_variable": {
            "key": "_r9Jp4J72EDSB27TlJQFKvA",
            "name": "appWindow",
            "type": null,
            "modifiers": [
              "private"
            ],
            "position": {}
          },
          "position": {}
        },
        "_xX9QQJ73EDSB27TlJQFKvA": {
          "key": "_xX9QQJ73EDSB27TlJQFKvA",
          "name": "AppWindow()",
          "type": null,
          "probability": 1,
          "modifiers": [
            "public"
          ],
          "to_variable": {
            "key": "_EWWCUJ73EDSB27TlJQFKvA",
            "name": "AppWindow()",
            "type": null,
            "modifiers": [
              "public"
            ],
            "position": {}
          },
          "position": {}
        },
        "_yHjhMJ73EDSB27TlJQFKvA": {
          "key": "_yHjhMJ73EDSB27TlJQFKvA",
          "name": "ScaleContent()",
          "type": null,
          "probability": 1,
          "modifiers": [
            "public"
          ],
          "to_variable": {
            "key": "_Go_aYJ73EDSB27TlJQFKvA",
            "name": "ScaleContent()",
            "type": null,
            "modifiers": [
              "public"
            ],
            "position": {}
          },
          "position": {}
        },
        "_yiX08J73EDSB27TlJQFKvA": {
          "key": "_yiX08J73EDSB27TlJQFKvA",
          "name": "Update()",
          "type": null,
          "probability": 1,
          "modifiers": [
            "public"
          ],
          "to_variable": {
            "key": "_JWF50J73EDSB27TlJQFKvA",
            "name": "Update()",
            "type": null,
            "modifiers": [
              "public"
            ],
            "position": {}
          },
          "position": {}
        }
      }
    },
    "fields_to_fields_data_clump-./CImgDiapo-_oGOmMJ73EDSB27TlJQFKvA-_L6MOQJ73EDSB27TlJQFKvA-appWindowAppWindow()ScaleContent()Update()": {
      "type": "data_clump",
      "key": "fields_to_fields_data_clump-./CImgDiapo-_oGOmMJ73EDSB27TlJQFKvA-_L6MOQJ73EDSB27TlJQFKvA-appWindowAppWindow()ScaleContent()Update()",
      "probability": 1,
      "from_file_path": "./CImgDiapo",
      "from_class_or_interface_name": "CImgDiapo",
      "from_class_or_interface_key": "_oGOmMJ73EDSB27TlJQFKvA",
      "from_method_name": null,
      "from_method_key": null,
      "to_file_path": "./CDescription",
      "to_class_or_interface_key": "_L6MOQJ73EDSB27TlJQFKvA",
      "to_class_or_interface_name": "CImgDiapo",
      "to_method_key": null,
      "to_method_name": null,
      "data_clump_type": "fields_to_fields_data_clump",
      "data_clump_data": {
        "_qzuHMJ73EDSB27TlJQFKvA": {
          "key": "_qzuHMJ73EDSB27TlJQFKvA",
          "name": "appWindow",
          "type": null,
          "probability": 1,
          "modifiers": [
            "private"
          ],
          "to_variable": {
            "key": "_OyDMMJ73EDSB27TlJQFKvA",
            "name": "appWindow",
            "type": null,
            "modifiers": [
              "private"
            ],
            "position": {}
          },
          "position": {}
        },
        "_xX9QQJ73EDSB27TlJQFKvA": {
          "key": "_xX9QQJ73EDSB27TlJQFKvA",
          "name": "AppWindow()",
          "type": null,
          "probability": 1,
          "modifiers": [
            "public"
          ],
          "to_variable": {
            "key": "_kY-4YJ73EDSB27TlJQFKvA",
            "name": "AppWindow()",
            "type": null,
            "modifiers": [
              "public"
            ],
            "position": {}
          },
          "position": {}
        },
        "_yHjhMJ73EDSB27TlJQFKvA": {
          "key": "_yHjhMJ73EDSB27TlJQFKvA",
          "name": "ScaleContent()",
          "type": null,
          "probability": 1,
          "modifiers": [
            "public"
          ],
          "to_variable": {
            "key": "_lliyIJ73EDSB27TlJQFKvA",
            "name": "ScaleContent()",
            "type": null,
            "modifiers": [
              "public"
            ],
            "position": {}
          },
          "position": {}
        },
        "_yiX08J73EDSB27TlJQFKvA": {
          "key": "_yiX08J73EDSB27TlJQFKvA",
          "name": "Update()",
          "type": null,
          "probability": 1,
          "modifiers": [
            "public"
          ],
          "to_variable": {
            "key": "_mIJI4J73EDSB27TlJQFKvA",
            "name": "Update()",
            "type": null,
            "modifiers": [
              "public"
            ],
            "position": {}
          },
          "position": {}
        }
      }
    }
  }
}