{
  "report_version": "unknown",
  "report_timestamp": "2025-03-26T21:37:44.028Z",
  "target_language": "java",
  "report_summary": {
    "additional": null,
    "amount_classes_or_interfaces_with_data_clumps": 2,
    "amount_files_with_data_clumps": 2,
    "amount_methods_with_data_clumps": 0,
    "fields_to_fields_data_clump": 2,
    "parameters_to_fields_data_clump": 0,
    "parameters_to_parameters_data_clump": 0,
    "amount_data_clumps": 2
  },
  "project_info": {
    "project_url": "unknown_project_url",
    "project_name": "_DIrCsA7ZEeSTV6l4790RsQ",
    "project_version": "unknown_project_version",
    "project_commit_hash": "unknown",
    "project_tag": null,
    "project_commit_date": null,
    "additional": {},
    "number_of_files": 32,
    "number_of_classes_or_interfaces": 32,
    "number_of_methods": 0,
    "number_of_data_fields": 68,
    "number_of_method_parameters": 0
  },
  "detector": {
    "name": "data-clumps-doctor",
    "url": "https://github.com/NilsBaumgartner1994/data-clumps-doctor",
    "version": "0.1.100",
    "options": {
      "typeVariablesConsidered": false,
      "similarityModifierOfVariablesWithUnknownType": 0,
      "fieldsOfClassesWithUnknownHierarchyProbabilityModifier": 0,
      "sharedFieldsToFieldsAmountMinimum": 3,
      "analyseFieldsInClassesOrInterfacesInheritedFromSuperClassesOrInterfaces": false,
      "sharedParametersToParametersAmountMinimum": 3,
      "sharedParametersToFieldsAmountMinimum": 3,
      "methodsOfClassesOrInterfacesWithUnknownHierarchyProbabilityModifier": 0
    }
  },
  "data_clumps": {
    "fields_to_fields_data_clump-./_BB_File-_2A8EQP7pEDGQGqSDOnuWmg-_GSLeIP7qEDGQGqSDOnuWmg-filefileNamecontentTypecontentLength": {
      "type": "data_clump",
      "key": "fields_to_fields_data_clump-./_BB_File-_2A8EQP7pEDGQGqSDOnuWmg-_GSLeIP7qEDGQGqSDOnuWmg-filefileNamecontentTypecontentLength",
      "probability": 1,
      "from_file_path": "./_BB_File",
      "from_class_or_interface_name": "_BB_File",
      "from_class_or_interface_key": "_2A8EQP7pEDGQGqSDOnuWmg",
      "from_method_name": null,
      "from_method_key": null,
      "to_file_path": "./_BB_FileAsset",
      "to_class_or_interface_key": "_GSLeIP7qEDGQGqSDOnuWmg",
      "to_class_or_interface_name": "_BB_File",
      "to_method_key": null,
      "to_method_name": null,
      "data_clump_type": "fields_to_fields_data_clump",
      "data_clump_data": {
        "_3k5xYP7pEDGQGqSDOnuWmg": {
          "key": "_3k5xYP7pEDGQGqSDOnuWmg",
          "name": "file",
          "type": null,
          "probability": 1,
          "modifiers": [],
          "to_variable": {
            "key": "_JIs_UP7qEDGQGqSDOnuWmg",
            "name": "file",
            "type": null,
            "modifiers": [],
            "position": {}
          },
          "position": {}
        },
        "_4cLXoP7pEDGQGqSDOnuWmg": {
          "key": "_4cLXoP7pEDGQGqSDOnuWmg",
          "name": "fileName",
          "type": null,
          "probability": 1,
          "modifiers": [],
          "to_variable": {
            "key": "_IV0w4P7qEDGQGqSDOnuWmg",
            "name": "fileName",
            "type": null,
            "modifiers": [],
            "position": {}
          },
          "position": {}
        },
        "_5gXYgP7pEDGQGqSDOnuWmg": {
          "key": "_5gXYgP7pEDGQGqSDOnuWmg",
          "name": "contentType",
          "type": null,
          "probability": 1,
          "modifiers": [],
          "to_variable": {
            "key": "_LYIEQP7qEDGQGqSDOnuWmg",
            "name": "contentType",
            "type": null,
            "modifiers": [],
            "position": {}
          },
          "position": {}
        },
        "_6uG-AP7pEDGQGqSDOnuWmg": {
          "key": "_6uG-AP7pEDGQGqSDOnuWmg",
          "name": "contentLength",
          "type": null,
          "probability": 1,
          "modifiers": [],
          "to_variable": {
            "key": "_KSKhwP7qEDGQGqSDOnuWmg",
            "name": "contentLength",
            "type": null,
            "modifiers": [],
            "position": {}
          },
          "position": {}
        }
      }
    },
    "fields_to_fields_data_clump-./_BB_FileAsset-_GSLeIP7qEDGQGqSDOnuWmg-_2A8EQP7pEDGQGqSDOnuWmg-fileNamefilecontentLengthcontentType": {
      "type": "data_clump",
      "key": "fields_to_fields_data_clump-./_BB_FileAsset-_GSLeIP7qEDGQGqSDOnuWmg-_2A8EQP7pEDGQGqSDOnuWmg-fileNamefilecontentLengthcontentType",
      "probability": 1,
      "from_file_path": "./_BB_FileAsset",
      "from_class_or_interface_name": "_BB_FileAsset",
      "from_class_or_interface_key": "_GSLeIP7qEDGQGqSDOnuWmg",
      "from_method_name": null,
      "from_method_key": null,
      "to_file_path": "./_BB_File",
      "to_class_or_interface_key": "_2A8EQP7pEDGQGqSDOnuWmg",
      "to_class_or_interface_name": "_BB_FileAsset",
      "to_method_key": null,
      "to_method_name": null,
      "data_clump_type": "fields_to_fields_data_clump",
      "data_clump_data": {
        "_IV0w4P7qEDGQGqSDOnuWmg": {
          "key": "_IV0w4P7qEDGQGqSDOnuWmg",
          "name": "fileName",
          "type": null,
          "probability": 1,
          "modifiers": [],
          "to_variable": {
            "key": "_4cLXoP7pEDGQGqSDOnuWmg",
            "name": "fileName",
            "type": null,
            "modifiers": [],
            "position": {}
          },
          "position": {}
        },
        "_JIs_UP7qEDGQGqSDOnuWmg": {
          "key": "_JIs_UP7qEDGQGqSDOnuWmg",
          "name": "file",
          "type": null,
          "probability": 1,
          "modifiers": [],
          "to_variable": {
            "key": "_3k5xYP7pEDGQGqSDOnuWmg",
            "name": "file",
            "type": null,
            "modifiers": [],
            "position": {}
          },
          "position": {}
        },
        "_KSKhwP7qEDGQGqSDOnuWmg": {
          "key": "_KSKhwP7qEDGQGqSDOnuWmg",
          "name": "contentLength",
          "type": null,
          "probability": 1,
          "modifiers": [],
          "to_variable": {
            "key": "_6uG-AP7pEDGQGqSDOnuWmg",
            "name": "contentLength",
            "type": null,
            "modifiers": [],
            "position": {}
          },
          "position": {}
        },
        "_LYIEQP7qEDGQGqSDOnuWmg": {
          "key": "_LYIEQP7qEDGQGqSDOnuWmg",
          "name": "contentType",
          "type": null,
          "probability": 1,
          "modifiers": [],
          "to_variable": {
            "key": "_5gXYgP7pEDGQGqSDOnuWmg",
            "name": "contentType",
            "type": null,
            "modifiers": [],
            "position": {}
          },
          "position": {}
        }
      }
    }
  }
}