{
  "report_version": "unknown",
  "report_timestamp": "2025-03-26T21:56:52.184Z",
  "target_language": "java",
  "report_summary": {
    "additional": null,
    "amount_classes_or_interfaces_with_data_clumps": 2,
    "amount_files_with_data_clumps": 2,
    "amount_methods_with_data_clumps": 0,
    "fields_to_fields_data_clump": 2,
    "parameters_to_fields_data_clump": 0,
    "parameters_to_parameters_data_clump": 0,
    "amount_data_clumps": 2
  },
  "project_info": {
    "project_url": "unknown_project_url",
    "project_name": "_zkcZQPwuEeaaHedTqJctyw",
    "project_version": "unknown_project_version",
    "project_commit_hash": "unknown",
    "project_tag": null,
    "project_commit_date": null,
    "additional": {},
    "number_of_files": 7,
    "number_of_classes_or_interfaces": 7,
    "number_of_methods": 20,
    "number_of_data_fields": 26,
    "number_of_method_parameters": 29
  },
  "detector": {
    "name": "data-clumps-doctor",
    "url": "https://github.com/NilsBaumgartner1994/data-clumps-doctor",
    "version": "0.1.100",
    "options": {
      "typeVariablesConsidered": false,
      "similarityModifierOfVariablesWithUnknownType": 0,
      "fieldsOfClassesWithUnknownHierarchyProbabilityModifier": 0,
      "sharedFieldsToFieldsAmountMinimum": 3,
      "analyseFieldsInClassesOrInterfacesInheritedFromSuperClassesOrInterfaces": false,
      "sharedParametersToParametersAmountMinimum": 3,
      "sharedParametersToFieldsAmountMinimum": 3,
      "methodsOfClassesOrInterfacesWithUnknownHierarchyProbabilityModifier": 0
    }
  },
  "data_clumps": {
    "fields_to_fields_data_clump-./Boys-_D_IW0N5eEDSqPpAmt6Wj3w-_CY4KsN5eEDSqPpAmt6Wj3w-IDcommitintelligencetype": {
      "type": "data_clump",
      "key": "fields_to_fields_data_clump-./Boys-_D_IW0N5eEDSqPpAmt6Wj3w-_CY4KsN5eEDSqPpAmt6Wj3w-IDcommitintelligencetype",
      "probability": 1,
      "from_file_path": "./Boys",
      "from_class_or_interface_name": "Boys",
      "from_class_or_interface_key": "_D_IW0N5eEDSqPpAmt6Wj3w",
      "from_method_name": null,
      "from_method_key": null,
      "to_file_path": "./Girls",
      "to_class_or_interface_key": "_CY4KsN5eEDSqPpAmt6Wj3w",
      "to_class_or_interface_name": "Boys",
      "to_method_key": null,
      "to_method_name": null,
      "data_clump_type": "fields_to_fields_data_clump",
      "data_clump_data": {
        "_YQf24N5hEDSqPpAmt6Wj3w": {
          "key": "_YQf24N5hEDSqPpAmt6Wj3w",
          "name": "ID",
          "type": null,
          "probability": 1,
          "modifiers": [],
          "to_variable": {
            "key": "_Y6C_oN5gEDSqPpAmt6Wj3w",
            "name": "ID",
            "type": null,
            "modifiers": [],
            "position": {}
          },
          "position": {}
        },
        "_cOcTIN5hEDSqPpAmt6Wj3w": {
          "key": "_cOcTIN5hEDSqPpAmt6Wj3w",
          "name": "commit",
          "type": null,
          "probability": 1,
          "modifiers": [],
          "to_variable": {
            "key": "_ozwqUN5gEDSqPpAmt6Wj3w",
            "name": "commit",
            "type": null,
            "modifiers": [],
            "position": {}
          },
          "position": {}
        },
        "_w-rA0N5hEDSqPpAmt6Wj3w": {
          "key": "_w-rA0N5hEDSqPpAmt6Wj3w",
          "name": "intelligence",
          "type": null,
          "probability": 1,
          "modifiers": [],
          "to_variable": {
            "key": "_uO9HsN5gEDSqPpAmt6Wj3w",
            "name": "intelligence",
            "type": null,
            "modifiers": [],
            "position": {}
          },
          "position": {}
        },
        "_28RAoN5hEDSqPpAmt6Wj3w": {
          "key": "_28RAoN5hEDSqPpAmt6Wj3w",
          "name": "type",
          "type": null,
          "probability": 1,
          "modifiers": [],
          "to_variable": {
            "key": "_6rikMN5gEDSqPpAmt6Wj3w",
            "name": "type",
            "type": null,
            "modifiers": [],
            "position": {}
          },
          "position": {}
        }
      }
    },
    "fields_to_fields_data_clump-./Girls-_CY4KsN5eEDSqPpAmt6Wj3w-_D_IW0N5eEDSqPpAmt6Wj3w-IDcommitintelligencetype": {
      "type": "data_clump",
      "key": "fields_to_fields_data_clump-./Girls-_CY4KsN5eEDSqPpAmt6Wj3w-_D_IW0N5eEDSqPpAmt6Wj3w-IDcommitintelligencetype",
      "probability": 1,
      "from_file_path": "./Girls",
      "from_class_or_interface_name": "Girls",
      "from_class_or_interface_key": "_CY4KsN5eEDSqPpAmt6Wj3w",
      "from_method_name": null,
      "from_method_key": null,
      "to_file_path": "./Boys",
      "to_class_or_interface_key": "_D_IW0N5eEDSqPpAmt6Wj3w",
      "to_class_or_interface_name": "Girls",
      "to_method_key": null,
      "to_method_name": null,
      "data_clump_type": "fields_to_fields_data_clump",
      "data_clump_data": {
        "_Y6C_oN5gEDSqPpAmt6Wj3w": {
          "key": "_Y6C_oN5gEDSqPpAmt6Wj3w",
          "name": "ID",
          "type": null,
          "probability": 1,
          "modifiers": [],
          "to_variable": {
            "key": "_YQf24N5hEDSqPpAmt6Wj3w",
            "name": "ID",
            "type": null,
            "modifiers": [],
            "position": {}
          },
          "position": {}
        },
        "_ozwqUN5gEDSqPpAmt6Wj3w": {
          "key": "_ozwqUN5gEDSqPpAmt6Wj3w",
          "name": "commit",
          "type": null,
          "probability": 1,
          "modifiers": [],
          "to_variable": {
            "key": "_cOcTIN5hEDSqPpAmt6Wj3w",
            "name": "commit",
            "type": null,
            "modifiers": [],
            "position": {}
          },
          "position": {}
        },
        "_uO9HsN5gEDSqPpAmt6Wj3w": {
          "key": "_uO9HsN5gEDSqPpAmt6Wj3w",
          "name": "intelligence",
          "type": null,
          "probability": 1,
          "modifiers": [],
          "to_variable": {
            "key": "_w-rA0N5hEDSqPpAmt6Wj3w",
            "name": "intelligence",
            "type": null,
            "modifiers": [],
            "position": {}
          },
          "position": {}
        },
        "_6rikMN5gEDSqPpAmt6Wj3w": {
          "key": "_6rikMN5gEDSqPpAmt6Wj3w",
          "name": "type",
          "type": null,
          "probability": 1,
          "modifiers": [],
          "to_variable": {
            "key": "_28RAoN5hEDSqPpAmt6Wj3w",
            "name": "type",
            "type": null,
            "modifiers": [],
            "position": {}
          },
          "position": {}
        }
      }
    }
  }
}