{
  "report_version": "unknown",
  "report_timestamp": "2025-03-26T22:54:16.064Z",
  "target_language": "java",
  "report_summary": {
    "additional": null,
    "amount_classes_or_interfaces_with_data_clumps": 2,
    "amount_files_with_data_clumps": 2,
    "amount_methods_with_data_clumps": 0,
    "fields_to_fields_data_clump": 2,
    "parameters_to_fields_data_clump": 0,
    "parameters_to_parameters_data_clump": 0,
    "amount_data_clumps": 2
  },
  "project_info": {
    "project_url": "unknown_project_url",
    "project_name": "_-lfJAK5gEee6S77dw3LIvQ",
    "project_version": "unknown_project_version",
    "project_commit_hash": "unknown",
    "project_tag": null,
    "project_commit_date": null,
    "additional": {},
    "number_of_files": 8,
    "number_of_classes_or_interfaces": 8,
    "number_of_methods": 0,
    "number_of_data_fields": 28,
    "number_of_method_parameters": 0
  },
  "detector": {
    "name": "data-clumps-doctor",
    "url": "https://github.com/NilsBaumgartner1994/data-clumps-doctor",
    "version": "0.1.100",
    "options": {
      "typeVariablesConsidered": false,
      "similarityModifierOfVariablesWithUnknownType": 0,
      "fieldsOfClassesWithUnknownHierarchyProbabilityModifier": 0,
      "sharedFieldsToFieldsAmountMinimum": 3,
      "analyseFieldsInClassesOrInterfacesInheritedFromSuperClassesOrInterfaces": false,
      "sharedParametersToParametersAmountMinimum": 3,
      "sharedParametersToFieldsAmountMinimum": 3,
      "methodsOfClassesOrInterfacesWithUnknownHierarchyProbabilityModifier": 0
    }
  },
  "data_clumps": {
    "fields_to_fields_data_clump-./Doctor-_vwohYJCPEDWbO-acAP4bfw-_CUy1kJCPEDWbO-acAP4bfw-namesurnamephone": {
      "type": "data_clump",
      "key": "fields_to_fields_data_clump-./Doctor-_vwohYJCPEDWbO-acAP4bfw-_CUy1kJCPEDWbO-acAP4bfw-namesurnamephone",
      "probability": 1,
      "from_file_path": "./Doctor",
      "from_class_or_interface_name": "Doctor",
      "from_class_or_interface_key": "_vwohYJCPEDWbO-acAP4bfw",
      "from_method_name": null,
      "from_method_key": null,
      "to_file_path": "./Patient",
      "to_class_or_interface_key": "_CUy1kJCPEDWbO-acAP4bfw",
      "to_class_or_interface_name": "Doctor",
      "to_method_key": null,
      "to_method_name": null,
      "data_clump_type": "fields_to_fields_data_clump",
      "data_clump_data": {
        "_xrBKcJCPEDWbO-acAP4bfw": {
          "key": "_xrBKcJCPEDWbO-acAP4bfw",
          "name": "name",
          "type": null,
          "probability": 1,
          "modifiers": [],
          "to_variable": {
            "key": "_IYxxQJCPEDWbO-acAP4bfw",
            "name": "name",
            "type": null,
            "modifiers": [],
            "position": {}
          },
          "position": {}
        },
        "_y7EdEJCPEDWbO-acAP4bfw": {
          "key": "_y7EdEJCPEDWbO-acAP4bfw",
          "name": "surname",
          "type": null,
          "probability": 1,
          "modifiers": [],
          "to_variable": {
            "key": "_GOfrAJCPEDWbO-acAP4bfw",
            "name": "surname",
            "type": null,
            "modifiers": [],
            "position": {}
          },
          "position": {}
        },
        "_sU4PYJCTEDWbO-acAP4bfw": {
          "key": "_sU4PYJCTEDWbO-acAP4bfw",
          "name": "phone",
          "type": null,
          "probability": 1,
          "modifiers": [],
          "to_variable": {
            "key": "_LzqjwJCPEDWbO-acAP4bfw",
            "name": "phone",
            "type": null,
            "modifiers": [],
            "position": {}
          },
          "position": {}
        }
      }
    },
    "fields_to_fields_data_clump-./Patient-_CUy1kJCPEDWbO-acAP4bfw-_vwohYJCPEDWbO-acAP4bfw-surnamenamephone": {
      "type": "data_clump",
      "key": "fields_to_fields_data_clump-./Patient-_CUy1kJCPEDWbO-acAP4bfw-_vwohYJCPEDWbO-acAP4bfw-surnamenamephone",
      "probability": 1,
      "from_file_path": "./Patient",
      "from_class_or_interface_name": "Patient",
      "from_class_or_interface_key": "_CUy1kJCPEDWbO-acAP4bfw",
      "from_method_name": null,
      "from_method_key": null,
      "to_file_path": "./Doctor",
      "to_class_or_interface_key": "_vwohYJCPEDWbO-acAP4bfw",
      "to_class_or_interface_name": "Patient",
      "to_method_key": null,
      "to_method_name": null,
      "data_clump_type": "fields_to_fields_data_clump",
      "data_clump_data": {
        "_GOfrAJCPEDWbO-acAP4bfw": {
          "key": "_GOfrAJCPEDWbO-acAP4bfw",
          "name": "surname",
          "type": null,
          "probability": 1,
          "modifiers": [],
          "to_variable": {
            "key": "_y7EdEJCPEDWbO-acAP4bfw",
            "name": "surname",
            "type": null,
            "modifiers": [],
            "position": {}
          },
          "position": {}
        },
        "_IYxxQJCPEDWbO-acAP4bfw": {
          "key": "_IYxxQJCPEDWbO-acAP4bfw",
          "name": "name",
          "type": null,
          "probability": 1,
          "modifiers": [],
          "to_variable": {
            "key": "_xrBKcJCPEDWbO-acAP4bfw",
            "name": "name",
            "type": null,
            "modifiers": [],
            "position": {}
          },
          "position": {}
        },
        "_LzqjwJCPEDWbO-acAP4bfw": {
          "key": "_LzqjwJCPEDWbO-acAP4bfw",
          "name": "phone",
          "type": null,
          "probability": 1,
          "modifiers": [],
          "to_variable": {
            "key": "_sU4PYJCTEDWbO-acAP4bfw",
            "name": "phone",
            "type": null,
            "modifiers": [],
            "position": {}
          },
          "position": {}
        }
      }
    }
  }
}