{
  "report_version": "unknown",
  "report_timestamp": "2025-03-26T22:32:44.097Z",
  "target_language": "java",
  "report_summary": {
    "additional": null,
    "amount_classes_or_interfaces_with_data_clumps": 5,
    "amount_files_with_data_clumps": 6,
    "amount_methods_with_data_clumps": 1,
    "fields_to_fields_data_clump": 16,
    "parameters_to_fields_data_clump": 1,
    "parameters_to_parameters_data_clump": 0,
    "amount_data_clumps": 17
  },
  "project_info": {
    "project_url": "unknown_project_url",
    "project_name": "_6yzloHAMEe2ck8ytUMEi6A",
    "project_version": "unknown_project_version",
    "project_commit_hash": "unknown",
    "project_tag": null,
    "project_commit_date": null,
    "additional": {},
    "number_of_files": 30,
    "number_of_classes_or_interfaces": 30,
    "number_of_methods": 100,
    "number_of_data_fields": 99,
    "number_of_method_parameters": 60
  },
  "detector": {
    "name": "data-clumps-doctor",
    "url": "https://github.com/NilsBaumgartner1994/data-clumps-doctor",
    "version": "0.1.100",
    "options": {
      "typeVariablesConsidered": false,
      "similarityModifierOfVariablesWithUnknownType": 0,
      "fieldsOfClassesWithUnknownHierarchyProbabilityModifier": 0,
      "sharedFieldsToFieldsAmountMinimum": 3,
      "analyseFieldsInClassesOrInterfacesInheritedFromSuperClassesOrInterfaces": false,
      "sharedParametersToParametersAmountMinimum": 3,
      "sharedParametersToFieldsAmountMinimum": 3,
      "methodsOfClassesOrInterfacesWithUnknownHierarchyProbabilityModifier": 0
    }
  },
  "data_clumps": {
    "parameters_to_fields_data_clump-./Manager-_7sncnlecEDuuC5TNGQIFFQ-_khoEAFeZEDuuC5TNGQIFFQ-nameOfCoursefacultycreditcodeyearperiod": {
      "type": "data_clump",
      "key": "parameters_to_fields_data_clump-./Manager-_7sncnlecEDuuC5TNGQIFFQ-_khoEAFeZEDuuC5TNGQIFFQ-nameOfCoursefacultycreditcodeyearperiod",
      "probability": 1,
      "from_file_path": "./Manager",
      "from_class_or_interface_name": "Manager",
      "from_class_or_interface_key": "_7sm1gFecEDuuC5TNGQIFFQ",
      "from_method_name": "addCourse",
      "from_method_key": "_7sncnlecEDuuC5TNGQIFFQ",
      "to_file_path": "./Course",
      "to_class_or_interface_name": "Course",
      "to_class_or_interface_key": "_khoEAFeZEDuuC5TNGQIFFQ",
      "to_method_name": null,
      "to_method_key": null,
      "data_clump_type": "parameters_to_fields_data_clump",
      "data_clump_data": {
        "_7sncn1ecEDuuC5TNGQIFFQ": {
          "key": "_7sncn1ecEDuuC5TNGQIFFQ",
          "name": "nameOfCourse",
          "type": null,
          "probability": 1,
          "modifiers": [],
          "to_variable": {
            "key": "_khoEAVeZEDuuC5TNGQIFFQ",
            "name": "nameOfCourse",
            "type": null,
            "modifiers": [
              "private"
            ],
            "position": {}
          },
          "position": {}
        },
        "_7sncoFecEDuuC5TNGQIFFQ": {
          "key": "_7sncoFecEDuuC5TNGQIFFQ",
          "name": "faculty",
          "type": null,
          "probability": 1,
          "modifiers": [],
          "to_variable": {
            "key": "_khoEAleZEDuuC5TNGQIFFQ",
            "name": "faculty",
            "type": null,
            "modifiers": [
              "private"
            ],
            "position": {}
          },
          "position": {}
        },
        "_7sncoVecEDuuC5TNGQIFFQ": {
          "key": "_7sncoVecEDuuC5TNGQIFFQ",
          "name": "credit",
          "type": null,
          "probability": 1,
          "modifiers": [],
          "to_variable": {
            "key": "_khoEA1eZEDuuC5TNGQIFFQ",
            "name": "credit",
            "type": null,
            "modifiers": [
              "private"
            ],
            "position": {}
          },
          "position": {}
        },
        "_7soqsFecEDuuC5TNGQIFFQ": {
          "key": "_7soqsFecEDuuC5TNGQIFFQ",
          "name": "code",
          "type": null,
          "probability": 1,
          "modifiers": [],
          "to_variable": {
            "key": "_khorEFeZEDuuC5TNGQIFFQ",
            "name": "code",
            "type": null,
            "modifiers": [
              "private"
            ],
            "position": {}
          },
          "position": {}
        },
        "_7soqslecEDuuC5TNGQIFFQ": {
          "key": "_7soqslecEDuuC5TNGQIFFQ",
          "name": "year",
          "type": null,
          "probability": 1,
          "modifiers": [],
          "to_variable": {
            "key": "_khorF1eZEDuuC5TNGQIFFQ",
            "name": "year",
            "type": null,
            "modifiers": [
              "private"
            ],
            "position": {}
          },
          "position": {}
        },
        "_7soqs1ecEDuuC5TNGQIFFQ": {
          "key": "_7soqs1ecEDuuC5TNGQIFFQ",
          "name": "period",
          "type": null,
          "probability": 1,
          "modifiers": [],
          "to_variable": {
            "key": "_khorE1eZEDuuC5TNGQIFFQ",
            "name": "period",
            "type": null,
            "modifiers": [
              "private"
            ],
            "position": {}
          },
          "position": {}
        }
      }
    },
    "fields_to_fields_data_clump-./Database-_mRZY8FwBEDujt_jBuPQL-A-_7sm1gFecEDuuC5TNGQIFFQ-studentsteachersnewscourses": {
      "type": "data_clump",
      "key": "fields_to_fields_data_clump-./Database-_mRZY8FwBEDujt_jBuPQL-A-_7sm1gFecEDuuC5TNGQIFFQ-studentsteachersnewscourses",
      "probability": 1,
      "from_file_path": "./Database",
      "from_class_or_interface_name": "Database",
      "from_class_or_interface_key": "_mRZY8FwBEDujt_jBuPQL-A",
      "from_method_name": null,
      "from_method_key": null,
      "to_file_path": "./Manager",
      "to_class_or_interface_key": "_7sm1gFecEDuuC5TNGQIFFQ",
      "to_class_or_interface_name": "Database",
      "to_method_key": null,
      "to_method_name": null,
      "data_clump_type": "fields_to_fields_data_clump",
      "data_clump_data": {
        "_z1cz0FwBEDugbfhsHSIC8Q": {
          "key": "_z1cz0FwBEDugbfhsHSIC8Q",
          "name": "students",
          "type": null,
          "probability": 1,
          "modifiers": [
            "private"
          ],
          "to_variable": {
            "key": "_JtkO0FedEDuuC5TNGQIFFQ",
            "name": "students",
            "type": null,
            "modifiers": [
              "private"
            ],
            "position": {}
          },
          "position": {}
        },
        "_6TMTUFwBEDugbfhsHSIC8Q": {
          "key": "_6TMTUFwBEDugbfhsHSIC8Q",
          "name": "teachers",
          "type": null,
          "probability": 1,
          "modifiers": [
            "private"
          ],
          "to_variable": {
            "key": "_PJJGsFedEDuuC5TNGQIFFQ",
            "name": "teachers",
            "type": null,
            "modifiers": [
              "private"
            ],
            "position": {}
          },
          "position": {}
        },
        "_PXbiIFwCEDugbfhsHSIC8Q": {
          "key": "_PXbiIFwCEDugbfhsHSIC8Q",
          "name": "news",
          "type": null,
          "probability": 1,
          "modifiers": [
            "private"
          ],
          "to_variable": {
            "key": "_GiL38FedEDuuC5TNGQIFFQ",
            "name": "news",
            "type": null,
            "modifiers": [
              "private"
            ],
            "position": {}
          },
          "position": {}
        },
        "_aaRn4FwrEDuJntIG8O9mRw": {
          "key": "_aaRn4FwrEDuJntIG8O9mRw",
          "name": "courses",
          "type": null,
          "probability": 1,
          "modifiers": [
            "private"
          ],
          "to_variable": {
            "key": "_CzCFoFedEDuuC5TNGQIFFQ",
            "name": "courses",
            "type": null,
            "modifiers": [
              "private"
            ],
            "position": {}
          },
          "position": {}
        }
      }
    },
    "fields_to_fields_data_clump-./Database-_mRZY8FwBEDujt_jBuPQL-A-_8yPU8FepEDuFWqO8DzsSQg-studentsteachersadminslibrariansnewsuserscourses": {
      "type": "data_clump",
      "key": "fields_to_fields_data_clump-./Database-_mRZY8FwBEDujt_jBuPQL-A-_8yPU8FepEDuFWqO8DzsSQg-studentsteachersadminslibrariansnewsuserscourses",
      "probability": 1,
      "from_file_path": "./Database",
      "from_class_or_interface_name": "Database",
      "from_class_or_interface_key": "_mRZY8FwBEDujt_jBuPQL-A",
      "from_method_name": null,
      "from_method_key": null,
      "to_file_path": "./SystemInformation",
      "to_class_or_interface_key": "_8yPU8FepEDuFWqO8DzsSQg",
      "to_class_or_interface_name": "Database",
      "to_method_key": null,
      "to_method_name": null,
      "data_clump_type": "fields_to_fields_data_clump",
      "data_clump_data": {
        "_z1cz0FwBEDugbfhsHSIC8Q": {
          "key": "_z1cz0FwBEDugbfhsHSIC8Q",
          "name": "students",
          "type": null,
          "probability": 1,
          "modifiers": [
            "private"
          ],
          "to_variable": {
            "key": "_NqC_kFeqEDuM3KEzggy_jg",
            "name": "students",
            "type": null,
            "modifiers": [
              "private"
            ],
            "position": {}
          },
          "position": {}
        },
        "_6TMTUFwBEDugbfhsHSIC8Q": {
          "key": "_6TMTUFwBEDugbfhsHSIC8Q",
          "name": "teachers",
          "type": null,
          "probability": 1,
          "modifiers": [
            "private"
          ],
          "to_variable": {
            "key": "_PaaxAFeqEDuM3KEzggy_jg",
            "name": "teachers",
            "type": null,
            "modifiers": [
              "private"
            ],
            "position": {}
          },
          "position": {}
        },
        "_7a0CsFwBEDugbfhsHSIC8Q": {
          "key": "_7a0CsFwBEDugbfhsHSIC8Q",
          "name": "admins",
          "type": null,
          "probability": 1,
          "modifiers": [
            "private"
          ],
          "to_variable": {
            "key": "_0m7jkFetEDuM3KEzggy_jg",
            "name": "admins",
            "type": null,
            "modifiers": [
              "private"
            ],
            "position": {}
          },
          "position": {}
        },
        "_8z4HYFwBEDugbfhsHSIC8Q": {
          "key": "_8z4HYFwBEDugbfhsHSIC8Q",
          "name": "librarians",
          "type": null,
          "probability": 1,
          "modifiers": [
            "private"
          ],
          "to_variable": {
            "key": "_PofpQFeqEDuM3KEzggy_jg",
            "name": "librarians",
            "type": null,
            "modifiers": [
              "private"
            ],
            "position": {}
          },
          "position": {}
        },
        "_PXbiIFwCEDugbfhsHSIC8Q": {
          "key": "_PXbiIFwCEDugbfhsHSIC8Q",
          "name": "news",
          "type": null,
          "probability": 1,
          "modifiers": [
            "private"
          ],
          "to_variable": {
            "key": "_llJt0FeqEDuM3KEzggy_jg",
            "name": "news",
            "type": null,
            "modifiers": [
              "private"
            ],
            "position": {}
          },
          "position": {}
        },
        "_WfObgFwTEDuJntIG8O9mRw": {
          "key": "_WfObgFwTEDuJntIG8O9mRw",
          "name": "users",
          "type": null,
          "probability": 1,
          "modifiers": [
            "private"
          ],
          "to_variable": {
            "key": "_7ssFUFetEDuM3KEzggy_jg",
            "name": "users",
            "type": null,
            "modifiers": [
              "private"
            ],
            "position": {}
          },
          "position": {}
        },
        "_aaRn4FwrEDuJntIG8O9mRw": {
          "key": "_aaRn4FwrEDuJntIG8O9mRw",
          "name": "courses",
          "type": null,
          "probability": 1,
          "modifiers": [
            "private"
          ],
          "to_variable": {
            "key": "_bL8eUFeqEDuM3KEzggy_jg",
            "name": "courses",
            "type": null,
            "modifiers": [
              "private"
            ],
            "position": {}
          },
          "position": {}
        }
      }
    },
    "fields_to_fields_data_clump-./Database-_mRZY8FwBEDujt_jBuPQL-A-_OPBhcFeVEDu-ady4olX-zg-teachersnewscourses": {
      "type": "data_clump",
      "key": "fields_to_fields_data_clump-./Database-_mRZY8FwBEDujt_jBuPQL-A-_OPBhcFeVEDu-ady4olX-zg-teachersnewscourses",
      "probability": 1,
      "from_file_path": "./Database",
      "from_class_or_interface_name": "Database",
      "from_class_or_interface_key": "_mRZY8FwBEDujt_jBuPQL-A",
      "from_method_name": null,
      "from_method_key": null,
      "to_file_path": "./Teacher",
      "to_class_or_interface_key": "_OPBhcFeVEDu-ady4olX-zg",
      "to_class_or_interface_name": "Database",
      "to_method_key": null,
      "to_method_name": null,
      "data_clump_type": "fields_to_fields_data_clump",
      "data_clump_data": {
        "_6TMTUFwBEDugbfhsHSIC8Q": {
          "key": "_6TMTUFwBEDugbfhsHSIC8Q",
          "name": "teachers",
          "type": null,
          "probability": 1,
          "modifiers": [
            "private"
          ],
          "to_variable": {
            "key": "_eXQgAFmoEDuC2J7Fe_DeAQ",
            "name": "teachers",
            "type": null,
            "modifiers": [
              "private"
            ],
            "position": {}
          },
          "position": {}
        },
        "_PXbiIFwCEDugbfhsHSIC8Q": {
          "key": "_PXbiIFwCEDugbfhsHSIC8Q",
          "name": "news",
          "type": null,
          "probability": 1,
          "modifiers": [
            "private"
          ],
          "to_variable": {
            "key": "_MxV7IFeYEDuuC5TNGQIFFQ",
            "name": "news",
            "type": null,
            "modifiers": [
              "private"
            ],
            "position": {}
          },
          "position": {}
        },
        "_aaRn4FwrEDuJntIG8O9mRw": {
          "key": "_aaRn4FwrEDuJntIG8O9mRw",
          "name": "courses",
          "type": null,
          "probability": 1,
          "modifiers": [
            "private"
          ],
          "to_variable": {
            "key": "_LtIsIFeYEDuuC5TNGQIFFQ",
            "name": "courses",
            "type": null,
            "modifiers": [
              "private"
            ],
            "position": {}
          },
          "position": {}
        }
      }
    },
    "fields_to_fields_data_clump-./Manager-_7sm1gFecEDuuC5TNGQIFFQ-_mRZY8FwBEDujt_jBuPQL-A-coursesnewsstudentsteachers": {
      "type": "data_clump",
      "key": "fields_to_fields_data_clump-./Manager-_7sm1gFecEDuuC5TNGQIFFQ-_mRZY8FwBEDujt_jBuPQL-A-coursesnewsstudentsteachers",
      "probability": 1,
      "from_file_path": "./Manager",
      "from_class_or_interface_name": "Manager",
      "from_class_or_interface_key": "_7sm1gFecEDuuC5TNGQIFFQ",
      "from_method_name": null,
      "from_method_key": null,
      "to_file_path": "./Database",
      "to_class_or_interface_key": "_mRZY8FwBEDujt_jBuPQL-A",
      "to_class_or_interface_name": "Manager",
      "to_method_key": null,
      "to_method_name": null,
      "data_clump_type": "fields_to_fields_data_clump",
      "data_clump_data": {
        "_CzCFoFedEDuuC5TNGQIFFQ": {
          "key": "_CzCFoFedEDuuC5TNGQIFFQ",
          "name": "courses",
          "type": null,
          "probability": 1,
          "modifiers": [
            "private"
          ],
          "to_variable": {
            "key": "_aaRn4FwrEDuJntIG8O9mRw",
            "name": "courses",
            "type": null,
            "modifiers": [
              "private"
            ],
            "position": {}
          },
          "position": {}
        },
        "_GiL38FedEDuuC5TNGQIFFQ": {
          "key": "_GiL38FedEDuuC5TNGQIFFQ",
          "name": "news",
          "type": null,
          "probability": 1,
          "modifiers": [
            "private"
          ],
          "to_variable": {
            "key": "_PXbiIFwCEDugbfhsHSIC8Q",
            "name": "news",
            "type": null,
            "modifiers": [
              "private"
            ],
            "position": {}
          },
          "position": {}
        },
        "_JtkO0FedEDuuC5TNGQIFFQ": {
          "key": "_JtkO0FedEDuuC5TNGQIFFQ",
          "name": "students",
          "type": null,
          "probability": 1,
          "modifiers": [
            "private"
          ],
          "to_variable": {
            "key": "_z1cz0FwBEDugbfhsHSIC8Q",
            "name": "students",
            "type": null,
            "modifiers": [
              "private"
            ],
            "position": {}
          },
          "position": {}
        },
        "_PJJGsFedEDuuC5TNGQIFFQ": {
          "key": "_PJJGsFedEDuuC5TNGQIFFQ",
          "name": "teachers",
          "type": null,
          "probability": 1,
          "modifiers": [
            "private"
          ],
          "to_variable": {
            "key": "_6TMTUFwBEDugbfhsHSIC8Q",
            "name": "teachers",
            "type": null,
            "modifiers": [
              "private"
            ],
            "position": {}
          },
          "position": {}
        }
      }
    },
    "fields_to_fields_data_clump-./Manager-_7sm1gFecEDuuC5TNGQIFFQ-_8yPU8FepEDuFWqO8DzsSQg-coursesnewsstudentsteachersmanagers": {
      "type": "data_clump",
      "key": "fields_to_fields_data_clump-./Manager-_7sm1gFecEDuuC5TNGQIFFQ-_8yPU8FepEDuFWqO8DzsSQg-coursesnewsstudentsteachersmanagers",
      "probability": 1,
      "from_file_path": "./Manager",
      "from_class_or_interface_name": "Manager",
      "from_class_or_interface_key": "_7sm1gFecEDuuC5TNGQIFFQ",
      "from_method_name": null,
      "from_method_key": null,
      "to_file_path": "./SystemInformation",
      "to_class_or_interface_key": "_8yPU8FepEDuFWqO8DzsSQg",
      "to_class_or_interface_name": "Manager",
      "to_method_key": null,
      "to_method_name": null,
      "data_clump_type": "fields_to_fields_data_clump",
      "data_clump_data": {
        "_CzCFoFedEDuuC5TNGQIFFQ": {
          "key": "_CzCFoFedEDuuC5TNGQIFFQ",
          "name": "courses",
          "type": null,
          "probability": 1,
          "modifiers": [
            "private"
          ],
          "to_variable": {
            "key": "_bL8eUFeqEDuM3KEzggy_jg",
            "name": "courses",
            "type": null,
            "modifiers": [
              "private"
            ],
            "position": {}
          },
          "position": {}
        },
        "_GiL38FedEDuuC5TNGQIFFQ": {
          "key": "_GiL38FedEDuuC5TNGQIFFQ",
          "name": "news",
          "type": null,
          "probability": 1,
          "modifiers": [
            "private"
          ],
          "to_variable": {
            "key": "_llJt0FeqEDuM3KEzggy_jg",
            "name": "news",
            "type": null,
            "modifiers": [
              "private"
            ],
            "position": {}
          },
          "position": {}
        },
        "_JtkO0FedEDuuC5TNGQIFFQ": {
          "key": "_JtkO0FedEDuuC5TNGQIFFQ",
          "name": "students",
          "type": null,
          "probability": 1,
          "modifiers": [
            "private"
          ],
          "to_variable": {
            "key": "_NqC_kFeqEDuM3KEzggy_jg",
            "name": "students",
            "type": null,
            "modifiers": [
              "private"
            ],
            "position": {}
          },
          "position": {}
        },
        "_PJJGsFedEDuuC5TNGQIFFQ": {
          "key": "_PJJGsFedEDuuC5TNGQIFFQ",
          "name": "teachers",
          "type": null,
          "probability": 1,
          "modifiers": [
            "private"
          ],
          "to_variable": {
            "key": "_PaaxAFeqEDuM3KEzggy_jg",
            "name": "teachers",
            "type": null,
            "modifiers": [
              "private"
            ],
            "position": {}
          },
          "position": {}
        },
        "_kd6VMFmoEDuC2J7Fe_DeAQ": {
          "key": "_kd6VMFmoEDuC2J7Fe_DeAQ",
          "name": "managers",
          "type": null,
          "probability": 1,
          "modifiers": [
            "private"
          ],
          "to_variable": {
            "key": "_PiCb8FeqEDuM3KEzggy_jg",
            "name": "managers",
            "type": null,
            "modifiers": [
              "private"
            ],
            "position": {}
          },
          "position": {}
        }
      }
    },
    "fields_to_fields_data_clump-./Manager-_7sm1gFecEDuuC5TNGQIFFQ-_OPBhcFeVEDu-ady4olX-zg-coursesnewsteachers": {
      "type": "data_clump",
      "key": "fields_to_fields_data_clump-./Manager-_7sm1gFecEDuuC5TNGQIFFQ-_OPBhcFeVEDu-ady4olX-zg-coursesnewsteachers",
      "probability": 1,
      "from_file_path": "./Manager",
      "from_class_or_interface_name": "Manager",
      "from_class_or_interface_key": "_7sm1gFecEDuuC5TNGQIFFQ",
      "from_method_name": null,
      "from_method_key": null,
      "to_file_path": "./Teacher",
      "to_class_or_interface_key": "_OPBhcFeVEDu-ady4olX-zg",
      "to_class_or_interface_name": "Manager",
      "to_method_key": null,
      "to_method_name": null,
      "data_clump_type": "fields_to_fields_data_clump",
      "data_clump_data": {
        "_CzCFoFedEDuuC5TNGQIFFQ": {
          "key": "_CzCFoFedEDuuC5TNGQIFFQ",
          "name": "courses",
          "type": null,
          "probability": 1,
          "modifiers": [
            "private"
          ],
          "to_variable": {
            "key": "_LtIsIFeYEDuuC5TNGQIFFQ",
            "name": "courses",
            "type": null,
            "modifiers": [
              "private"
            ],
            "position": {}
          },
          "position": {}
        },
        "_GiL38FedEDuuC5TNGQIFFQ": {
          "key": "_GiL38FedEDuuC5TNGQIFFQ",
          "name": "news",
          "type": null,
          "probability": 1,
          "modifiers": [
            "private"
          ],
          "to_variable": {
            "key": "_MxV7IFeYEDuuC5TNGQIFFQ",
            "name": "news",
            "type": null,
            "modifiers": [
              "private"
            ],
            "position": {}
          },
          "position": {}
        },
        "_PJJGsFedEDuuC5TNGQIFFQ": {
          "key": "_PJJGsFedEDuuC5TNGQIFFQ",
          "name": "teachers",
          "type": null,
          "probability": 1,
          "modifiers": [
            "private"
          ],
          "to_variable": {
            "key": "_eXQgAFmoEDuC2J7Fe_DeAQ",
            "name": "teachers",
            "type": null,
            "modifiers": [
              "private"
            ],
            "position": {}
          },
          "position": {}
        }
      }
    },
    "fields_to_fields_data_clump-./Student-_AJenQFeOEDuTTdypYWtLPA-_8yPU8FepEDuFWqO8DzsSQg-coursesmarksstudents": {
      "type": "data_clump",
      "key": "fields_to_fields_data_clump-./Student-_AJenQFeOEDuTTdypYWtLPA-_8yPU8FepEDuFWqO8DzsSQg-coursesmarksstudents",
      "probability": 1,
      "from_file_path": "./Student",
      "from_class_or_interface_name": "Student",
      "from_class_or_interface_key": "_AJenQFeOEDuTTdypYWtLPA",
      "from_method_name": null,
      "from_method_key": null,
      "to_file_path": "./SystemInformation",
      "to_class_or_interface_key": "_8yPU8FepEDuFWqO8DzsSQg",
      "to_class_or_interface_name": "Student",
      "to_method_key": null,
      "to_method_name": null,
      "data_clump_type": "fields_to_fields_data_clump",
      "data_clump_data": {
        "_21OYMFeOEDuTTdypYWtLPA": {
          "key": "_21OYMFeOEDuTTdypYWtLPA",
          "name": "courses",
          "type": null,
          "probability": 1,
          "modifiers": [
            "private"
          ],
          "to_variable": {
            "key": "_bL8eUFeqEDuM3KEzggy_jg",
            "name": "courses",
            "type": null,
            "modifiers": [
              "private"
            ],
            "position": {}
          },
          "position": {}
        },
        "_wEbFUFmoEDuC2J7Fe_DeAQ": {
          "key": "_wEbFUFmoEDuC2J7Fe_DeAQ",
          "name": "marks",
          "type": null,
          "probability": 1,
          "modifiers": [
            "private"
          ],
          "to_variable": {
            "key": "_cGc-wFeqEDuM3KEzggy_jg",
            "name": "marks",
            "type": null,
            "modifiers": [
              "private"
            ],
            "position": {}
          },
          "position": {}
        },
        "_Pj_gAFmoEDuC2J7Fe_DeAQ": {
          "key": "_Pj_gAFmoEDuC2J7Fe_DeAQ",
          "name": "students",
          "type": null,
          "probability": 1,
          "modifiers": [
            "private"
          ],
          "to_variable": {
            "key": "_NqC_kFeqEDuM3KEzggy_jg",
            "name": "students",
            "type": null,
            "modifiers": [
              "private"
            ],
            "position": {}
          },
          "position": {}
        }
      }
    },
    "fields_to_fields_data_clump-./Student-_AJenQFeOEDuTTdypYWtLPA-_OPBhcFeVEDu-ady4olX-zg-facultycoursesschedule": {
      "type": "data_clump",
      "key": "fields_to_fields_data_clump-./Student-_AJenQFeOEDuTTdypYWtLPA-_OPBhcFeVEDu-ady4olX-zg-facultycoursesschedule",
      "probability": 1,
      "from_file_path": "./Student",
      "from_class_or_interface_name": "Student",
      "from_class_or_interface_key": "_AJenQFeOEDuTTdypYWtLPA",
      "from_method_name": null,
      "from_method_key": null,
      "to_file_path": "./Teacher",
      "to_class_or_interface_key": "_OPBhcFeVEDu-ady4olX-zg",
      "to_class_or_interface_name": "Student",
      "to_method_key": null,
      "to_method_name": null,
      "data_clump_type": "fields_to_fields_data_clump",
      "data_clump_data": {
        "_AJfOUleOEDuTTdypYWtLPA": {
          "key": "_AJfOUleOEDuTTdypYWtLPA",
          "name": "faculty",
          "type": null,
          "probability": 1,
          "modifiers": [
            "private"
          ],
          "to_variable": {
            "key": "_E2fkcFeYEDuuC5TNGQIFFQ",
            "name": "faculty",
            "type": null,
            "modifiers": [
              "private"
            ],
            "position": {}
          },
          "position": {}
        },
        "_21OYMFeOEDuTTdypYWtLPA": {
          "key": "_21OYMFeOEDuTTdypYWtLPA",
          "name": "courses",
          "type": null,
          "probability": 1,
          "modifiers": [
            "private"
          ],
          "to_variable": {
            "key": "_LtIsIFeYEDuuC5TNGQIFFQ",
            "name": "courses",
            "type": null,
            "modifiers": [
              "private"
            ],
            "position": {}
          },
          "position": {}
        },
        "_VXu2UFlSEDuX1ITwagYFhQ": {
          "key": "_VXu2UFlSEDuX1ITwagYFhQ",
          "name": "schedule",
          "type": null,
          "probability": 1,
          "modifiers": [
            "private"
          ],
          "to_variable": {
            "key": "_knRioFlSEDuX1ITwagYFhQ",
            "name": "schedule",
            "type": null,
            "modifiers": [
              "private"
            ],
            "position": {}
          },
          "position": {}
        }
      }
    },
    "fields_to_fields_data_clump-./SystemInformation-_8yPU8FepEDuFWqO8DzsSQg-_mRZY8FwBEDujt_jBuPQL-A-studentsadminsteacherslibrarianscoursesnewsusers": {
      "type": "data_clump",
      "key": "fields_to_fields_data_clump-./SystemInformation-_8yPU8FepEDuFWqO8DzsSQg-_mRZY8FwBEDujt_jBuPQL-A-studentsadminsteacherslibrarianscoursesnewsusers",
      "probability": 1,
      "from_file_path": "./SystemInformation",
      "from_class_or_interface_name": "SystemInformation",
      "from_class_or_interface_key": "_8yPU8FepEDuFWqO8DzsSQg",
      "from_method_name": null,
      "from_method_key": null,
      "to_file_path": "./Database",
      "to_class_or_interface_key": "_mRZY8FwBEDujt_jBuPQL-A",
      "to_class_or_interface_name": "SystemInformation",
      "to_method_key": null,
      "to_method_name": null,
      "data_clump_type": "fields_to_fields_data_clump",
      "data_clump_data": {
        "_NqC_kFeqEDuM3KEzggy_jg": {
          "key": "_NqC_kFeqEDuM3KEzggy_jg",
          "name": "students",
          "type": null,
          "probability": 1,
          "modifiers": [
            "private"
          ],
          "to_variable": {
            "key": "_z1cz0FwBEDugbfhsHSIC8Q",
            "name": "students",
            "type": null,
            "modifiers": [
              "private"
            ],
            "position": {}
          },
          "position": {}
        },
        "_0m7jkFetEDuM3KEzggy_jg": {
          "key": "_0m7jkFetEDuM3KEzggy_jg",
          "name": "admins",
          "type": null,
          "probability": 1,
          "modifiers": [
            "private"
          ],
          "to_variable": {
            "key": "_7a0CsFwBEDugbfhsHSIC8Q",
            "name": "admins",
            "type": null,
            "modifiers": [
              "private"
            ],
            "position": {}
          },
          "position": {}
        },
        "_PaaxAFeqEDuM3KEzggy_jg": {
          "key": "_PaaxAFeqEDuM3KEzggy_jg",
          "name": "teachers",
          "type": null,
          "probability": 1,
          "modifiers": [
            "private"
          ],
          "to_variable": {
            "key": "_6TMTUFwBEDugbfhsHSIC8Q",
            "name": "teachers",
            "type": null,
            "modifiers": [
              "private"
            ],
            "position": {}
          },
          "position": {}
        },
        "_PofpQFeqEDuM3KEzggy_jg": {
          "key": "_PofpQFeqEDuM3KEzggy_jg",
          "name": "librarians",
          "type": null,
          "probability": 1,
          "modifiers": [
            "private"
          ],
          "to_variable": {
            "key": "_8z4HYFwBEDugbfhsHSIC8Q",
            "name": "librarians",
            "type": null,
            "modifiers": [
              "private"
            ],
            "position": {}
          },
          "position": {}
        },
        "_bL8eUFeqEDuM3KEzggy_jg": {
          "key": "_bL8eUFeqEDuM3KEzggy_jg",
          "name": "courses",
          "type": null,
          "probability": 1,
          "modifiers": [
            "private"
          ],
          "to_variable": {
            "key": "_aaRn4FwrEDuJntIG8O9mRw",
            "name": "courses",
            "type": null,
            "modifiers": [
              "private"
            ],
            "position": {}
          },
          "position": {}
        },
        "_llJt0FeqEDuM3KEzggy_jg": {
          "key": "_llJt0FeqEDuM3KEzggy_jg",
          "name": "news",
          "type": null,
          "probability": 1,
          "modifiers": [
            "private"
          ],
          "to_variable": {
            "key": "_PXbiIFwCEDugbfhsHSIC8Q",
            "name": "news",
            "type": null,
            "modifiers": [
              "private"
            ],
            "position": {}
          },
          "position": {}
        },
        "_7ssFUFetEDuM3KEzggy_jg": {
          "key": "_7ssFUFetEDuM3KEzggy_jg",
          "name": "users",
          "type": null,
          "probability": 1,
          "modifiers": [
            "private"
          ],
          "to_variable": {
            "key": "_WfObgFwTEDuJntIG8O9mRw",
            "name": "users",
            "type": null,
            "modifiers": [
              "private"
            ],
            "position": {}
          },
          "position": {}
        }
      }
    },
    "fields_to_fields_data_clump-./SystemInformation-_8yPU8FepEDuFWqO8DzsSQg-_7sm1gFecEDuuC5TNGQIFFQ-studentsteachersmanagerscoursesnews": {
      "type": "data_clump",
      "key": "fields_to_fields_data_clump-./SystemInformation-_8yPU8FepEDuFWqO8DzsSQg-_7sm1gFecEDuuC5TNGQIFFQ-studentsteachersmanagerscoursesnews",
      "probability": 1,
      "from_file_path": "./SystemInformation",
      "from_class_or_interface_name": "SystemInformation",
      "from_class_or_interface_key": "_8yPU8FepEDuFWqO8DzsSQg",
      "from_method_name": null,
      "from_method_key": null,
      "to_file_path": "./Manager",
      "to_class_or_interface_key": "_7sm1gFecEDuuC5TNGQIFFQ",
      "to_class_or_interface_name": "SystemInformation",
      "to_method_key": null,
      "to_method_name": null,
      "data_clump_type": "fields_to_fields_data_clump",
      "data_clump_data": {
        "_NqC_kFeqEDuM3KEzggy_jg": {
          "key": "_NqC_kFeqEDuM3KEzggy_jg",
          "name": "students",
          "type": null,
          "probability": 1,
          "modifiers": [
            "private"
          ],
          "to_variable": {
            "key": "_JtkO0FedEDuuC5TNGQIFFQ",
            "name": "students",
            "type": null,
            "modifiers": [
              "private"
            ],
            "position": {}
          },
          "position": {}
        },
        "_PaaxAFeqEDuM3KEzggy_jg": {
          "key": "_PaaxAFeqEDuM3KEzggy_jg",
          "name": "teachers",
          "type": null,
          "probability": 1,
          "modifiers": [
            "private"
          ],
          "to_variable": {
            "key": "_PJJGsFedEDuuC5TNGQIFFQ",
            "name": "teachers",
            "type": null,
            "modifiers": [
              "private"
            ],
            "position": {}
          },
          "position": {}
        },
        "_PiCb8FeqEDuM3KEzggy_jg": {
          "key": "_PiCb8FeqEDuM3KEzggy_jg",
          "name": "managers",
          "type": null,
          "probability": 1,
          "modifiers": [
            "private"
          ],
          "to_variable": {
            "key": "_kd6VMFmoEDuC2J7Fe_DeAQ",
            "name": "managers",
            "type": null,
            "modifiers": [
              "private"
            ],
            "position": {}
          },
          "position": {}
        },
        "_bL8eUFeqEDuM3KEzggy_jg": {
          "key": "_bL8eUFeqEDuM3KEzggy_jg",
          "name": "courses",
          "type": null,
          "probability": 1,
          "modifiers": [
            "private"
          ],
          "to_variable": {
            "key": "_CzCFoFedEDuuC5TNGQIFFQ",
            "name": "courses",
            "type": null,
            "modifiers": [
              "private"
            ],
            "position": {}
          },
          "position": {}
        },
        "_llJt0FeqEDuM3KEzggy_jg": {
          "key": "_llJt0FeqEDuM3KEzggy_jg",
          "name": "news",
          "type": null,
          "probability": 1,
          "modifiers": [
            "private"
          ],
          "to_variable": {
            "key": "_GiL38FedEDuuC5TNGQIFFQ",
            "name": "news",
            "type": null,
            "modifiers": [
              "private"
            ],
            "position": {}
          },
          "position": {}
        }
      }
    },
    "fields_to_fields_data_clump-./SystemInformation-_8yPU8FepEDuFWqO8DzsSQg-_AJenQFeOEDuTTdypYWtLPA-studentscoursesmarks": {
      "type": "data_clump",
      "key": "fields_to_fields_data_clump-./SystemInformation-_8yPU8FepEDuFWqO8DzsSQg-_AJenQFeOEDuTTdypYWtLPA-studentscoursesmarks",
      "probability": 1,
      "from_file_path": "./SystemInformation",
      "from_class_or_interface_name": "SystemInformation",
      "from_class_or_interface_key": "_8yPU8FepEDuFWqO8DzsSQg",
      "from_method_name": null,
      "from_method_key": null,
      "to_file_path": "./Student",
      "to_class_or_interface_key": "_AJenQFeOEDuTTdypYWtLPA",
      "to_class_or_interface_name": "SystemInformation",
      "to_method_key": null,
      "to_method_name": null,
      "data_clump_type": "fields_to_fields_data_clump",
      "data_clump_data": {
        "_NqC_kFeqEDuM3KEzggy_jg": {
          "key": "_NqC_kFeqEDuM3KEzggy_jg",
          "name": "students",
          "type": null,
          "probability": 1,
          "modifiers": [
            "private"
          ],
          "to_variable": {
            "key": "_Pj_gAFmoEDuC2J7Fe_DeAQ",
            "name": "students",
            "type": null,
            "modifiers": [
              "private"
            ],
            "position": {}
          },
          "position": {}
        },
        "_bL8eUFeqEDuM3KEzggy_jg": {
          "key": "_bL8eUFeqEDuM3KEzggy_jg",
          "name": "courses",
          "type": null,
          "probability": 1,
          "modifiers": [
            "private"
          ],
          "to_variable": {
            "key": "_21OYMFeOEDuTTdypYWtLPA",
            "name": "courses",
            "type": null,
            "modifiers": [
              "private"
            ],
            "position": {}
          },
          "position": {}
        },
        "_cGc-wFeqEDuM3KEzggy_jg": {
          "key": "_cGc-wFeqEDuM3KEzggy_jg",
          "name": "marks",
          "type": null,
          "probability": 1,
          "modifiers": [
            "private"
          ],
          "to_variable": {
            "key": "_wEbFUFmoEDuC2J7Fe_DeAQ",
            "name": "marks",
            "type": null,
            "modifiers": [
              "private"
            ],
            "position": {}
          },
          "position": {}
        }
      }
    },
    "fields_to_fields_data_clump-./SystemInformation-_8yPU8FepEDuFWqO8DzsSQg-_OPBhcFeVEDu-ady4olX-zg-teacherscoursesnews": {
      "type": "data_clump",
      "key": "fields_to_fields_data_clump-./SystemInformation-_8yPU8FepEDuFWqO8DzsSQg-_OPBhcFeVEDu-ady4olX-zg-teacherscoursesnews",
      "probability": 1,
      "from_file_path": "./SystemInformation",
      "from_class_or_interface_name": "SystemInformation",
      "from_class_or_interface_key": "_8yPU8FepEDuFWqO8DzsSQg",
      "from_method_name": null,
      "from_method_key": null,
      "to_file_path": "./Teacher",
      "to_class_or_interface_key": "_OPBhcFeVEDu-ady4olX-zg",
      "to_class_or_interface_name": "SystemInformation",
      "to_method_key": null,
      "to_method_name": null,
      "data_clump_type": "fields_to_fields_data_clump",
      "data_clump_data": {
        "_PaaxAFeqEDuM3KEzggy_jg": {
          "key": "_PaaxAFeqEDuM3KEzggy_jg",
          "name": "teachers",
          "type": null,
          "probability": 1,
          "modifiers": [
            "private"
          ],
          "to_variable": {
            "key": "_eXQgAFmoEDuC2J7Fe_DeAQ",
            "name": "teachers",
            "type": null,
            "modifiers": [
              "private"
            ],
            "position": {}
          },
          "position": {}
        },
        "_bL8eUFeqEDuM3KEzggy_jg": {
          "key": "_bL8eUFeqEDuM3KEzggy_jg",
          "name": "courses",
          "type": null,
          "probability": 1,
          "modifiers": [
            "private"
          ],
          "to_variable": {
            "key": "_LtIsIFeYEDuuC5TNGQIFFQ",
            "name": "courses",
            "type": null,
            "modifiers": [
              "private"
            ],
            "position": {}
          },
          "position": {}
        },
        "_llJt0FeqEDuM3KEzggy_jg": {
          "key": "_llJt0FeqEDuM3KEzggy_jg",
          "name": "news",
          "type": null,
          "probability": 1,
          "modifiers": [
            "private"
          ],
          "to_variable": {
            "key": "_MxV7IFeYEDuuC5TNGQIFFQ",
            "name": "news",
            "type": null,
            "modifiers": [
              "private"
            ],
            "position": {}
          },
          "position": {}
        }
      }
    },
    "fields_to_fields_data_clump-./Teacher-_OPBhcFeVEDu-ady4olX-zg-_mRZY8FwBEDujt_jBuPQL-A-coursesnewsteachers": {
      "type": "data_clump",
      "key": "fields_to_fields_data_clump-./Teacher-_OPBhcFeVEDu-ady4olX-zg-_mRZY8FwBEDujt_jBuPQL-A-coursesnewsteachers",
      "probability": 1,
      "from_file_path": "./Teacher",
      "from_class_or_interface_name": "Teacher",
      "from_class_or_interface_key": "_OPBhcFeVEDu-ady4olX-zg",
      "from_method_name": null,
      "from_method_key": null,
      "to_file_path": "./Database",
      "to_class_or_interface_key": "_mRZY8FwBEDujt_jBuPQL-A",
      "to_class_or_interface_name": "Teacher",
      "to_method_key": null,
      "to_method_name": null,
      "data_clump_type": "fields_to_fields_data_clump",
      "data_clump_data": {
        "_LtIsIFeYEDuuC5TNGQIFFQ": {
          "key": "_LtIsIFeYEDuuC5TNGQIFFQ",
          "name": "courses",
          "type": null,
          "probability": 1,
          "modifiers": [
            "private"
          ],
          "to_variable": {
            "key": "_aaRn4FwrEDuJntIG8O9mRw",
            "name": "courses",
            "type": null,
            "modifiers": [
              "private"
            ],
            "position": {}
          },
          "position": {}
        },
        "_MxV7IFeYEDuuC5TNGQIFFQ": {
          "key": "_MxV7IFeYEDuuC5TNGQIFFQ",
          "name": "news",
          "type": null,
          "probability": 1,
          "modifiers": [
            "private"
          ],
          "to_variable": {
            "key": "_PXbiIFwCEDugbfhsHSIC8Q",
            "name": "news",
            "type": null,
            "modifiers": [
              "private"
            ],
            "position": {}
          },
          "position": {}
        },
        "_eXQgAFmoEDuC2J7Fe_DeAQ": {
          "key": "_eXQgAFmoEDuC2J7Fe_DeAQ",
          "name": "teachers",
          "type": null,
          "probability": 1,
          "modifiers": [
            "private"
          ],
          "to_variable": {
            "key": "_6TMTUFwBEDugbfhsHSIC8Q",
            "name": "teachers",
            "type": null,
            "modifiers": [
              "private"
            ],
            "position": {}
          },
          "position": {}
        }
      }
    },
    "fields_to_fields_data_clump-./Teacher-_OPBhcFeVEDu-ady4olX-zg-_7sm1gFecEDuuC5TNGQIFFQ-coursesnewsteachers": {
      "type": "data_clump",
      "key": "fields_to_fields_data_clump-./Teacher-_OPBhcFeVEDu-ady4olX-zg-_7sm1gFecEDuuC5TNGQIFFQ-coursesnewsteachers",
      "probability": 1,
      "from_file_path": "./Teacher",
      "from_class_or_interface_name": "Teacher",
      "from_class_or_interface_key": "_OPBhcFeVEDu-ady4olX-zg",
      "from_method_name": null,
      "from_method_key": null,
      "to_file_path": "./Manager",
      "to_class_or_interface_key": "_7sm1gFecEDuuC5TNGQIFFQ",
      "to_class_or_interface_name": "Teacher",
      "to_method_key": null,
      "to_method_name": null,
      "data_clump_type": "fields_to_fields_data_clump",
      "data_clump_data": {
        "_LtIsIFeYEDuuC5TNGQIFFQ": {
          "key": "_LtIsIFeYEDuuC5TNGQIFFQ",
          "name": "courses",
          "type": null,
          "probability": 1,
          "modifiers": [
            "private"
          ],
          "to_variable": {
            "key": "_CzCFoFedEDuuC5TNGQIFFQ",
            "name": "courses",
            "type": null,
            "modifiers": [
              "private"
            ],
            "position": {}
          },
          "position": {}
        },
        "_MxV7IFeYEDuuC5TNGQIFFQ": {
          "key": "_MxV7IFeYEDuuC5TNGQIFFQ",
          "name": "news",
          "type": null,
          "probability": 1,
          "modifiers": [
            "private"
          ],
          "to_variable": {
            "key": "_GiL38FedEDuuC5TNGQIFFQ",
            "name": "news",
            "type": null,
            "modifiers": [
              "private"
            ],
            "position": {}
          },
          "position": {}
        },
        "_eXQgAFmoEDuC2J7Fe_DeAQ": {
          "key": "_eXQgAFmoEDuC2J7Fe_DeAQ",
          "name": "teachers",
          "type": null,
          "probability": 1,
          "modifiers": [
            "private"
          ],
          "to_variable": {
            "key": "_PJJGsFedEDuuC5TNGQIFFQ",
            "name": "teachers",
            "type": null,
            "modifiers": [
              "private"
            ],
            "position": {}
          },
          "position": {}
        }
      }
    },
    "fields_to_fields_data_clump-./Teacher-_OPBhcFeVEDu-ady4olX-zg-_AJenQFeOEDuTTdypYWtLPA-facultycoursesschedule": {
      "type": "data_clump",
      "key": "fields_to_fields_data_clump-./Teacher-_OPBhcFeVEDu-ady4olX-zg-_AJenQFeOEDuTTdypYWtLPA-facultycoursesschedule",
      "probability": 1,
      "from_file_path": "./Teacher",
      "from_class_or_interface_name": "Teacher",
      "from_class_or_interface_key": "_OPBhcFeVEDu-ady4olX-zg",
      "from_method_name": null,
      "from_method_key": null,
      "to_file_path": "./Student",
      "to_class_or_interface_key": "_AJenQFeOEDuTTdypYWtLPA",
      "to_class_or_interface_name": "Teacher",
      "to_method_key": null,
      "to_method_name": null,
      "data_clump_type": "fields_to_fields_data_clump",
      "data_clump_data": {
        "_E2fkcFeYEDuuC5TNGQIFFQ": {
          "key": "_E2fkcFeYEDuuC5TNGQIFFQ",
          "name": "faculty",
          "type": null,
          "probability": 1,
          "modifiers": [
            "private"
          ],
          "to_variable": {
            "key": "_AJfOUleOEDuTTdypYWtLPA",
            "name": "faculty",
            "type": null,
            "modifiers": [
              "private"
            ],
            "position": {}
          },
          "position": {}
        },
        "_LtIsIFeYEDuuC5TNGQIFFQ": {
          "key": "_LtIsIFeYEDuuC5TNGQIFFQ",
          "name": "courses",
          "type": null,
          "probability": 1,
          "modifiers": [
            "private"
          ],
          "to_variable": {
            "key": "_21OYMFeOEDuTTdypYWtLPA",
            "name": "courses",
            "type": null,
            "modifiers": [
              "private"
            ],
            "position": {}
          },
          "position": {}
        },
        "_knRioFlSEDuX1ITwagYFhQ": {
          "key": "_knRioFlSEDuX1ITwagYFhQ",
          "name": "schedule",
          "type": null,
          "probability": 1,
          "modifiers": [
            "private"
          ],
          "to_variable": {
            "key": "_VXu2UFlSEDuX1ITwagYFhQ",
            "name": "schedule",
            "type": null,
            "modifiers": [
              "private"
            ],
            "position": {}
          },
          "position": {}
        }
      }
    },
    "fields_to_fields_data_clump-./Teacher-_OPBhcFeVEDu-ady4olX-zg-_8yPU8FepEDuFWqO8DzsSQg-coursesnewsteachers": {
      "type": "data_clump",
      "key": "fields_to_fields_data_clump-./Teacher-_OPBhcFeVEDu-ady4olX-zg-_8yPU8FepEDuFWqO8DzsSQg-coursesnewsteachers",
      "probability": 1,
      "from_file_path": "./Teacher",
      "from_class_or_interface_name": "Teacher",
      "from_class_or_interface_key": "_OPBhcFeVEDu-ady4olX-zg",
      "from_method_name": null,
      "from_method_key": null,
      "to_file_path": "./SystemInformation",
      "to_class_or_interface_key": "_8yPU8FepEDuFWqO8DzsSQg",
      "to_class_or_interface_name": "Teacher",
      "to_method_key": null,
      "to_method_name": null,
      "data_clump_type": "fields_to_fields_data_clump",
      "data_clump_data": {
        "_LtIsIFeYEDuuC5TNGQIFFQ": {
          "key": "_LtIsIFeYEDuuC5TNGQIFFQ",
          "name": "courses",
          "type": null,
          "probability": 1,
          "modifiers": [
            "private"
          ],
          "to_variable": {
            "key": "_bL8eUFeqEDuM3KEzggy_jg",
            "name": "courses",
            "type": null,
            "modifiers": [
              "private"
            ],
            "position": {}
          },
          "position": {}
        },
        "_MxV7IFeYEDuuC5TNGQIFFQ": {
          "key": "_MxV7IFeYEDuuC5TNGQIFFQ",
          "name": "news",
          "type": null,
          "probability": 1,
          "modifiers": [
            "private"
          ],
          "to_variable": {
            "key": "_llJt0FeqEDuM3KEzggy_jg",
            "name": "news",
            "type": null,
            "modifiers": [
              "private"
            ],
            "position": {}
          },
          "position": {}
        },
        "_eXQgAFmoEDuC2J7Fe_DeAQ": {
          "key": "_eXQgAFmoEDuC2J7Fe_DeAQ",
          "name": "teachers",
          "type": null,
          "probability": 1,
          "modifiers": [
            "private"
          ],
          "to_variable": {
            "key": "_PaaxAFeqEDuM3KEzggy_jg",
            "name": "teachers",
            "type": null,
            "modifiers": [
              "private"
            ],
            "position": {}
          },
          "position": {}
        }
      }
    }
  }
}