{
  "report_version": "unknown",
  "report_timestamp": "2025-03-26T23:08:34.343Z",
  "target_language": "java",
  "report_summary": {
    "additional": null,
    "amount_classes_or_interfaces_with_data_clumps": 2,
    "amount_files_with_data_clumps": 2,
    "amount_methods_with_data_clumps": 0,
    "fields_to_fields_data_clump": 2,
    "parameters_to_fields_data_clump": 0,
    "parameters_to_parameters_data_clump": 0,
    "amount_data_clumps": 2
  },
  "project_info": {
    "project_url": "unknown_project_url",
    "project_name": "_mQhzcPdbEeSJkrdQR2VoEQ",
    "project_version": "unknown_project_version",
    "project_commit_hash": "unknown",
    "project_tag": null,
    "project_commit_date": null,
    "additional": {},
    "number_of_files": 12,
    "number_of_classes_or_interfaces": 12,
    "number_of_methods": 30,
    "number_of_data_fields": 68,
    "number_of_method_parameters": 20
  },
  "detector": {
    "name": "data-clumps-doctor",
    "url": "https://github.com/NilsBaumgartner1994/data-clumps-doctor",
    "version": "0.1.100",
    "options": {
      "typeVariablesConsidered": false,
      "similarityModifierOfVariablesWithUnknownType": 0,
      "fieldsOfClassesWithUnknownHierarchyProbabilityModifier": 0,
      "sharedFieldsToFieldsAmountMinimum": 3,
      "analyseFieldsInClassesOrInterfacesInheritedFromSuperClassesOrInterfaces": false,
      "sharedParametersToParametersAmountMinimum": 3,
      "sharedParametersToFieldsAmountMinimum": 3,
      "methodsOfClassesOrInterfacesWithUnknownHierarchyProbabilityModifier": 0
    }
  },
  "data_clumps": {
    "fields_to_fields_data_clump-./Responsable-__6xQ0NmKEDKt7YlRoftYWg-_g4SGsO6zEDKtUYgJI7bM5Q-IdentifiantNomPrenom": {
      "type": "data_clump",
      "key": "fields_to_fields_data_clump-./Responsable-__6xQ0NmKEDKt7YlRoftYWg-_g4SGsO6zEDKtUYgJI7bM5Q-IdentifiantNomPrenom",
      "probability": 1,
      "from_file_path": "./Responsable",
      "from_class_or_interface_name": "Responsable",
      "from_class_or_interface_key": "__6xQ0NmKEDKt7YlRoftYWg",
      "from_method_name": null,
      "from_method_key": null,
      "to_file_path": "./Victime",
      "to_class_or_interface_key": "_g4SGsO6zEDKtUYgJI7bM5Q",
      "to_class_or_interface_name": "Responsable",
      "to_method_key": null,
      "to_method_name": null,
      "data_clump_type": "fields_to_fields_data_clump",
      "data_clump_data": {
        "_A4SB8NmLEDKt7YlRoftYWg": {
          "key": "_A4SB8NmLEDKt7YlRoftYWg",
          "name": "Identifiant",
          "type": null,
          "probability": 1,
          "modifiers": [],
          "to_variable": {
            "key": "_g4SGse6zEDKtUYgJI7bM5Q",
            "name": "Identifiant",
            "type": null,
            "modifiers": [],
            "position": {}
          },
          "position": {}
        },
        "_B9rjwNmLEDKt7YlRoftYWg": {
          "key": "_B9rjwNmLEDKt7YlRoftYWg",
          "name": "Nom",
          "type": null,
          "probability": 1,
          "modifiers": [],
          "to_variable": {
            "key": "_g4SGsu6zEDKtUYgJI7bM5Q",
            "name": "Nom",
            "type": null,
            "modifiers": [],
            "position": {}
          },
          "position": {}
        },
        "_C6B3QNmLEDKt7YlRoftYWg": {
          "key": "_C6B3QNmLEDKt7YlRoftYWg",
          "name": "Prenom",
          "type": null,
          "probability": 1,
          "modifiers": [],
          "to_variable": {
            "key": "_g4SGs-6zEDKtUYgJI7bM5Q",
            "name": "Prenom",
            "type": null,
            "modifiers": [],
            "position": {}
          },
          "position": {}
        }
      }
    },
    "fields_to_fields_data_clump-./Victime-_g4SGsO6zEDKtUYgJI7bM5Q-__6xQ0NmKEDKt7YlRoftYWg-IdentifiantNomPrenom": {
      "type": "data_clump",
      "key": "fields_to_fields_data_clump-./Victime-_g4SGsO6zEDKtUYgJI7bM5Q-__6xQ0NmKEDKt7YlRoftYWg-IdentifiantNomPrenom",
      "probability": 1,
      "from_file_path": "./Victime",
      "from_class_or_interface_name": "Victime",
      "from_class_or_interface_key": "_g4SGsO6zEDKtUYgJI7bM5Q",
      "from_method_name": null,
      "from_method_key": null,
      "to_file_path": "./Responsable",
      "to_class_or_interface_key": "__6xQ0NmKEDKt7YlRoftYWg",
      "to_class_or_interface_name": "Victime",
      "to_method_key": null,
      "to_method_name": null,
      "data_clump_type": "fields_to_fields_data_clump",
      "data_clump_data": {
        "_g4SGse6zEDKtUYgJI7bM5Q": {
          "key": "_g4SGse6zEDKtUYgJI7bM5Q",
          "name": "Identifiant",
          "type": null,
          "probability": 1,
          "modifiers": [],
          "to_variable": {
            "key": "_A4SB8NmLEDKt7YlRoftYWg",
            "name": "Identifiant",
            "type": null,
            "modifiers": [],
            "position": {}
          },
          "position": {}
        },
        "_g4SGsu6zEDKtUYgJI7bM5Q": {
          "key": "_g4SGsu6zEDKtUYgJI7bM5Q",
          "name": "Nom",
          "type": null,
          "probability": 1,
          "modifiers": [],
          "to_variable": {
            "key": "_B9rjwNmLEDKt7YlRoftYWg",
            "name": "Nom",
            "type": null,
            "modifiers": [],
            "position": {}
          },
          "position": {}
        },
        "_g4SGs-6zEDKtUYgJI7bM5Q": {
          "key": "_g4SGs-6zEDKtUYgJI7bM5Q",
          "name": "Prenom",
          "type": null,
          "probability": 1,
          "modifiers": [],
          "to_variable": {
            "key": "_C6B3QNmLEDKt7YlRoftYWg",
            "name": "Prenom",
            "type": null,
            "modifiers": [],
            "position": {}
          },
          "position": {}
        }
      }
    }
  }
}