{
  "report_version": "unknown",
  "report_timestamp": "2025-03-26T22:50:01.037Z",
  "target_language": "java",
  "report_summary": {
    "additional": null,
    "amount_classes_or_interfaces_with_data_clumps": 3,
    "amount_files_with_data_clumps": 3,
    "amount_methods_with_data_clumps": 6,
    "fields_to_fields_data_clump": 0,
    "parameters_to_fields_data_clump": 6,
    "parameters_to_parameters_data_clump": 26,
    "amount_data_clumps": 32
  },
  "project_info": {
    "project_url": "unknown_project_url",
    "project_name": "_O7QzUOMQEeyT2eHQCkc07g",
    "project_version": "unknown_project_version",
    "project_commit_hash": "unknown",
    "project_tag": null,
    "project_commit_date": null,
    "additional": {},
    "number_of_files": 3,
    "number_of_classes_or_interfaces": 3,
    "number_of_methods": 24,
    "number_of_data_fields": 9,
    "number_of_method_parameters": 33
  },
  "detector": {
    "name": "data-clumps-doctor",
    "url": "https://github.com/NilsBaumgartner1994/data-clumps-doctor",
    "version": "0.1.100",
    "options": {
      "typeVariablesConsidered": false,
      "similarityModifierOfVariablesWithUnknownType": 0,
      "fieldsOfClassesWithUnknownHierarchyProbabilityModifier": 0,
      "sharedFieldsToFieldsAmountMinimum": 3,
      "analyseFieldsInClassesOrInterfacesInheritedFromSuperClassesOrInterfaces": false,
      "sharedParametersToParametersAmountMinimum": 3,
      "sharedParametersToFieldsAmountMinimum": 3,
      "methodsOfClassesOrInterfacesWithUnknownHierarchyProbabilityModifier": 0
    }
  },
  "data_clumps": {
    "parameters_to_parameters_data_clump-./Empleado-_zpfTQMTWEDqsWpHBw8dixw-_H_cfwMTXEDqsWpHBw8dixw-nifnombrecategoria": {
      "type": "data_clump",
      "key": "parameters_to_parameters_data_clump-./Empleado-_zpfTQMTWEDqsWpHBw8dixw-_H_cfwMTXEDqsWpHBw8dixw-nifnombrecategoria",
      "probability": 1,
      "from_file_path": "./Empleado",
      "from_class_or_interface_name": "Empleado",
      "from_class_or_interface_key": "_cyjXwMTWEDqsWpHBw8dixw",
      "from_method_name": "constructor",
      "from_method_key": "_zpfTQMTWEDqsWpHBw8dixw",
      "to_file_path": "./Empleado",
      "to_class_or_interface_name": "Empleado",
      "to_class_or_interface_key": "_cyjXwMTWEDqsWpHBw8dixw",
      "to_method_name": "constructor2",
      "to_method_key": "_H_cfwMTXEDqsWpHBw8dixw",
      "data_clump_type": "parameters_to_parameters_data_clump",
      "data_clump_data": {
        "_0yuzQMTWEDqsWpHBw8dixw": {
          "key": "_0yuzQMTWEDqsWpHBw8dixw",
          "name": "nif",
          "type": null,
          "probability": 1,
          "modifiers": [],
          "to_variable": {
            "key": "_JDIKUMTXEDqsWpHBw8dixw",
            "name": "nif",
            "type": null,
            "modifiers": [],
            "position": {}
          },
          "position": {}
        },
        "_3AmZAMTWEDqsWpHBw8dixw": {
          "key": "_3AmZAMTWEDqsWpHBw8dixw",
          "name": "nombre",
          "type": null,
          "probability": 1,
          "modifiers": [],
          "to_variable": {
            "key": "_KXbq0MTXEDqsWpHBw8dixw",
            "name": "nombre",
            "type": null,
            "modifiers": [],
            "position": {}
          },
          "position": {}
        },
        "_DaPPMMTXEDqsWpHBw8dixw": {
          "key": "_DaPPMMTXEDqsWpHBw8dixw",
          "name": "categoria",
          "type": null,
          "probability": 1,
          "modifiers": [],
          "to_variable": {
            "key": "_OuULgMTXEDqsWpHBw8dixw",
            "name": "categoria",
            "type": null,
            "modifiers": [],
            "position": {}
          },
          "position": {}
        }
      }
    },
    "parameters_to_parameters_data_clump-./Empleado-_zpfTQMTWEDqsWpHBw8dixw-_J5_y0MTVEDqsWpHBw8dixw-nifnombrefechaAltasalarioBase": {
      "type": "data_clump",
      "key": "parameters_to_parameters_data_clump-./Empleado-_zpfTQMTWEDqsWpHBw8dixw-_J5_y0MTVEDqsWpHBw8dixw-nifnombrefechaAltasalarioBase",
      "probability": 1,
      "from_file_path": "./Empleado",
      "from_class_or_interface_name": "Empleado",
      "from_class_or_interface_key": "_cyjXwMTWEDqsWpHBw8dixw",
      "from_method_name": "constructor",
      "from_method_key": "_zpfTQMTWEDqsWpHBw8dixw",
      "to_file_path": "./Socio",
      "to_class_or_interface_name": "Socio",
      "to_class_or_interface_key": "_wPYOwMTUEDqsWpHBw8dixw",
      "to_method_name": "constructor",
      "to_method_key": "_J5_y0MTVEDqsWpHBw8dixw",
      "data_clump_type": "parameters_to_parameters_data_clump",
      "data_clump_data": {
        "_0yuzQMTWEDqsWpHBw8dixw": {
          "key": "_0yuzQMTWEDqsWpHBw8dixw",
          "name": "nif",
          "type": null,
          "probability": 1,
          "modifiers": [],
          "to_variable": {
            "key": "_PpIf4MTVEDqsWpHBw8dixw",
            "name": "nif",
            "type": null,
            "modifiers": [],
            "position": {}
          },
          "position": {}
        },
        "_3AmZAMTWEDqsWpHBw8dixw": {
          "key": "_3AmZAMTWEDqsWpHBw8dixw",
          "name": "nombre",
          "type": null,
          "probability": 1,
          "modifiers": [],
          "to_variable": {
            "key": "_Qx7T8MTVEDqsWpHBw8dixw",
            "name": "nombre",
            "type": null,
            "modifiers": [],
            "position": {}
          },
          "position": {}
        },
        "_5w-O4MTWEDqsWpHBw8dixw": {
          "key": "_5w-O4MTWEDqsWpHBw8dixw",
          "name": "fechaAlta",
          "type": null,
          "probability": 1,
          "modifiers": [],
          "to_variable": {
            "key": "_SiddcMTVEDqsWpHBw8dixw",
            "name": "fechaAlta",
            "type": null,
            "modifiers": [],
            "position": {}
          },
          "position": {}
        },
        "_-X0eMMTWEDqsWpHBw8dixw": {
          "key": "_-X0eMMTWEDqsWpHBw8dixw",
          "name": "salarioBase",
          "type": null,
          "probability": 1,
          "modifiers": [],
          "to_variable": {
            "key": "_XSpO8MTVEDqsWpHBw8dixw",
            "name": "salarioBase",
            "type": null,
            "modifiers": [],
            "position": {}
          },
          "position": {}
        }
      }
    },
    "parameters_to_parameters_data_clump-./Empleado-_zpfTQMTWEDqsWpHBw8dixw-_VBK0MMTYEDqsWpHBw8dixw-nifnombrefechaAltasalarioBase": {
      "type": "data_clump",
      "key": "parameters_to_parameters_data_clump-./Empleado-_zpfTQMTWEDqsWpHBw8dixw-_VBK0MMTYEDqsWpHBw8dixw-nifnombrefechaAltasalarioBase",
      "probability": 1,
      "from_file_path": "./Empleado",
      "from_class_or_interface_name": "Empleado",
      "from_class_or_interface_key": "_cyjXwMTWEDqsWpHBw8dixw",
      "from_method_name": "constructor",
      "from_method_key": "_zpfTQMTWEDqsWpHBw8dixw",
      "to_file_path": "./Trabajador",
      "to_class_or_interface_name": "Trabajador",
      "to_class_or_interface_key": "_uAQMIMTREDqsWpHBw8dixw",
      "to_method_name": "constructor",
      "to_method_key": "_VBK0MMTYEDqsWpHBw8dixw",
      "data_clump_type": "parameters_to_parameters_data_clump",
      "data_clump_data": {
        "_0yuzQMTWEDqsWpHBw8dixw": {
          "key": "_0yuzQMTWEDqsWpHBw8dixw",
          "name": "nif",
          "type": null,
          "probability": 1,
          "modifiers": [],
          "to_variable": {
            "key": "_WBlvYMTYEDqsWpHBw8dixw",
            "name": "nif",
            "type": null,
            "modifiers": [],
            "position": {}
          },
          "position": {}
        },
        "_3AmZAMTWEDqsWpHBw8dixw": {
          "key": "_3AmZAMTWEDqsWpHBw8dixw",
          "name": "nombre",
          "type": null,
          "probability": 1,
          "modifiers": [],
          "to_variable": {
            "key": "_Xe4z0MTYEDqsWpHBw8dixw",
            "name": "nombre",
            "type": null,
            "modifiers": [],
            "position": {}
          },
          "position": {}
        },
        "_5w-O4MTWEDqsWpHBw8dixw": {
          "key": "_5w-O4MTWEDqsWpHBw8dixw",
          "name": "fechaAlta",
          "type": null,
          "probability": 1,
          "modifiers": [],
          "to_variable": {
            "key": "_dqk6AMTYEDqsWpHBw8dixw",
            "name": "fechaAlta",
            "type": null,
            "modifiers": [],
            "position": {}
          },
          "position": {}
        },
        "_-X0eMMTWEDqsWpHBw8dixw": {
          "key": "_-X0eMMTWEDqsWpHBw8dixw",
          "name": "salarioBase",
          "type": null,
          "probability": 1,
          "modifiers": [],
          "to_variable": {
            "key": "_gpUjEMTYEDqsWpHBw8dixw",
            "name": "salarioBase",
            "type": null,
            "modifiers": [],
            "position": {}
          },
          "position": {}
        }
      }
    },
    "parameters_to_fields_data_clump-./Empleado-_zpfTQMTWEDqsWpHBw8dixw-_uAQMIMTREDqsWpHBw8dixw-nifnombrefechaAltasalarioBase": {
      "type": "data_clump",
      "key": "parameters_to_fields_data_clump-./Empleado-_zpfTQMTWEDqsWpHBw8dixw-_uAQMIMTREDqsWpHBw8dixw-nifnombrefechaAltasalarioBase",
      "probability": 1,
      "from_file_path": "./Empleado",
      "from_class_or_interface_name": "Empleado",
      "from_class_or_interface_key": "_cyjXwMTWEDqsWpHBw8dixw",
      "from_method_name": "constructor",
      "from_method_key": "_zpfTQMTWEDqsWpHBw8dixw",
      "to_file_path": "./Trabajador",
      "to_class_or_interface_name": "Trabajador",
      "to_class_or_interface_key": "_uAQMIMTREDqsWpHBw8dixw",
      "to_method_name": null,
      "to_method_key": null,
      "data_clump_type": "parameters_to_fields_data_clump",
      "data_clump_data": {
        "_0yuzQMTWEDqsWpHBw8dixw": {
          "key": "_0yuzQMTWEDqsWpHBw8dixw",
          "name": "nif",
          "type": null,
          "probability": 1,
          "modifiers": [],
          "to_variable": {
            "key": "_y2zEUMTREDqsWpHBw8dixw",
            "name": "nif",
            "type": null,
            "modifiers": [
              "private"
            ],
            "position": {}
          },
          "position": {}
        },
        "_3AmZAMTWEDqsWpHBw8dixw": {
          "key": "_3AmZAMTWEDqsWpHBw8dixw",
          "name": "nombre",
          "type": null,
          "probability": 1,
          "modifiers": [],
          "to_variable": {
            "key": "_z0OV4MTREDqsWpHBw8dixw",
            "name": "nombre",
            "type": null,
            "modifiers": [
              "protected"
            ],
            "position": {}
          },
          "position": {}
        },
        "_5w-O4MTWEDqsWpHBw8dixw": {
          "key": "_5w-O4MTWEDqsWpHBw8dixw",
          "name": "fechaAlta",
          "type": null,
          "probability": 1,
          "modifiers": [],
          "to_variable": {
            "key": "_3HUeUMTREDqsWpHBw8dixw",
            "name": "fechaAlta",
            "type": null,
            "modifiers": [
              "private"
            ],
            "position": {}
          },
          "position": {}
        },
        "_-X0eMMTWEDqsWpHBw8dixw": {
          "key": "_-X0eMMTWEDqsWpHBw8dixw",
          "name": "salarioBase",
          "type": null,
          "probability": 1,
          "modifiers": [],
          "to_variable": {
            "key": "_4Wve0MTREDqsWpHBw8dixw",
            "name": "salarioBase",
            "type": null,
            "modifiers": [
              "private"
            ],
            "position": {}
          },
          "position": {}
        }
      }
    },
    "parameters_to_parameters_data_clump-./Empleado-_H_cfwMTXEDqsWpHBw8dixw-_zpfTQMTWEDqsWpHBw8dixw-nifnombrecategoria": {
      "type": "data_clump",
      "key": "parameters_to_parameters_data_clump-./Empleado-_H_cfwMTXEDqsWpHBw8dixw-_zpfTQMTWEDqsWpHBw8dixw-nifnombrecategoria",
      "probability": 1,
      "from_file_path": "./Empleado",
      "from_class_or_interface_name": "Empleado",
      "from_class_or_interface_key": "_cyjXwMTWEDqsWpHBw8dixw",
      "from_method_name": "constructor2",
      "from_method_key": "_H_cfwMTXEDqsWpHBw8dixw",
      "to_file_path": "./Empleado",
      "to_class_or_interface_name": "Empleado",
      "to_class_or_interface_key": "_cyjXwMTWEDqsWpHBw8dixw",
      "to_method_name": "constructor",
      "to_method_key": "_zpfTQMTWEDqsWpHBw8dixw",
      "data_clump_type": "parameters_to_parameters_data_clump",
      "data_clump_data": {
        "_JDIKUMTXEDqsWpHBw8dixw": {
          "key": "_JDIKUMTXEDqsWpHBw8dixw",
          "name": "nif",
          "type": null,
          "probability": 1,
          "modifiers": [],
          "to_variable": {
            "key": "_0yuzQMTWEDqsWpHBw8dixw",
            "name": "nif",
            "type": null,
            "modifiers": [],
            "position": {}
          },
          "position": {}
        },
        "_KXbq0MTXEDqsWpHBw8dixw": {
          "key": "_KXbq0MTXEDqsWpHBw8dixw",
          "name": "nombre",
          "type": null,
          "probability": 1,
          "modifiers": [],
          "to_variable": {
            "key": "_3AmZAMTWEDqsWpHBw8dixw",
            "name": "nombre",
            "type": null,
            "modifiers": [],
            "position": {}
          },
          "position": {}
        },
        "_OuULgMTXEDqsWpHBw8dixw": {
          "key": "_OuULgMTXEDqsWpHBw8dixw",
          "name": "categoria",
          "type": null,
          "probability": 1,
          "modifiers": [],
          "to_variable": {
            "key": "_DaPPMMTXEDqsWpHBw8dixw",
            "name": "categoria",
            "type": null,
            "modifiers": [],
            "position": {}
          },
          "position": {}
        }
      }
    },
    "parameters_to_parameters_data_clump-./Empleado-_H_cfwMTXEDqsWpHBw8dixw-_J5_y0MTVEDqsWpHBw8dixw-nifnombreapellidos": {
      "type": "data_clump",
      "key": "parameters_to_parameters_data_clump-./Empleado-_H_cfwMTXEDqsWpHBw8dixw-_J5_y0MTVEDqsWpHBw8dixw-nifnombreapellidos",
      "probability": 1,
      "from_file_path": "./Empleado",
      "from_class_or_interface_name": "Empleado",
      "from_class_or_interface_key": "_cyjXwMTWEDqsWpHBw8dixw",
      "from_method_name": "constructor2",
      "from_method_key": "_H_cfwMTXEDqsWpHBw8dixw",
      "to_file_path": "./Socio",
      "to_class_or_interface_name": "Socio",
      "to_class_or_interface_key": "_wPYOwMTUEDqsWpHBw8dixw",
      "to_method_name": "constructor",
      "to_method_key": "_J5_y0MTVEDqsWpHBw8dixw",
      "data_clump_type": "parameters_to_parameters_data_clump",
      "data_clump_data": {
        "_JDIKUMTXEDqsWpHBw8dixw": {
          "key": "_JDIKUMTXEDqsWpHBw8dixw",
          "name": "nif",
          "type": null,
          "probability": 1,
          "modifiers": [],
          "to_variable": {
            "key": "_PpIf4MTVEDqsWpHBw8dixw",
            "name": "nif",
            "type": null,
            "modifiers": [],
            "position": {}
          },
          "position": {}
        },
        "_KXbq0MTXEDqsWpHBw8dixw": {
          "key": "_KXbq0MTXEDqsWpHBw8dixw",
          "name": "nombre",
          "type": null,
          "probability": 1,
          "modifiers": [],
          "to_variable": {
            "key": "_Qx7T8MTVEDqsWpHBw8dixw",
            "name": "nombre",
            "type": null,
            "modifiers": [],
            "position": {}
          },
          "position": {}
        },
        "_LqhqYMTXEDqsWpHBw8dixw": {
          "key": "_LqhqYMTXEDqsWpHBw8dixw",
          "name": "apellidos",
          "type": null,
          "probability": 1,
          "modifiers": [],
          "to_variable": {
            "key": "_RvDqkMTVEDqsWpHBw8dixw",
            "name": "apellidos",
            "type": null,
            "modifiers": [],
            "position": {}
          },
          "position": {}
        }
      }
    },
    "parameters_to_parameters_data_clump-./Empleado-_H_cfwMTXEDqsWpHBw8dixw-_vazhwMTVEDqsWpHBw8dixw-nifnombreapellidos": {
      "type": "data_clump",
      "key": "parameters_to_parameters_data_clump-./Empleado-_H_cfwMTXEDqsWpHBw8dixw-_vazhwMTVEDqsWpHBw8dixw-nifnombreapellidos",
      "probability": 1,
      "from_file_path": "./Empleado",
      "from_class_or_interface_name": "Empleado",
      "from_class_or_interface_key": "_cyjXwMTWEDqsWpHBw8dixw",
      "from_method_name": "constructor2",
      "from_method_key": "_H_cfwMTXEDqsWpHBw8dixw",
      "to_file_path": "./Socio",
      "to_class_or_interface_name": "Socio",
      "to_class_or_interface_key": "_wPYOwMTUEDqsWpHBw8dixw",
      "to_method_name": "constructor2",
      "to_method_key": "_vazhwMTVEDqsWpHBw8dixw",
      "data_clump_type": "parameters_to_parameters_data_clump",
      "data_clump_data": {
        "_JDIKUMTXEDqsWpHBw8dixw": {
          "key": "_JDIKUMTXEDqsWpHBw8dixw",
          "name": "nif",
          "type": null,
          "probability": 1,
          "modifiers": [],
          "to_variable": {
            "key": "_xeM84MTVEDqsWpHBw8dixw",
            "name": "nif",
            "type": null,
            "modifiers": [],
            "position": {}
          },
          "position": {}
        },
        "_KXbq0MTXEDqsWpHBw8dixw": {
          "key": "_KXbq0MTXEDqsWpHBw8dixw",
          "name": "nombre",
          "type": null,
          "probability": 1,
          "modifiers": [],
          "to_variable": {
            "key": "_y9MDYMTVEDqsWpHBw8dixw",
            "name": "nombre",
            "type": null,
            "modifiers": [],
            "position": {}
          },
          "position": {}
        },
        "_LqhqYMTXEDqsWpHBw8dixw": {
          "key": "_LqhqYMTXEDqsWpHBw8dixw",
          "name": "apellidos",
          "type": null,
          "probability": 1,
          "modifiers": [],
          "to_variable": {
            "key": "_0ICF4MTVEDqsWpHBw8dixw",
            "name": "apellidos",
            "type": null,
            "modifiers": [],
            "position": {}
          },
          "position": {}
        }
      }
    },
    "parameters_to_parameters_data_clump-./Empleado-_H_cfwMTXEDqsWpHBw8dixw-_VBK0MMTYEDqsWpHBw8dixw-nifnombreapellidos": {
      "type": "data_clump",
      "key": "parameters_to_parameters_data_clump-./Empleado-_H_cfwMTXEDqsWpHBw8dixw-_VBK0MMTYEDqsWpHBw8dixw-nifnombreapellidos",
      "probability": 1,
      "from_file_path": "./Empleado",
      "from_class_or_interface_name": "Empleado",
      "from_class_or_interface_key": "_cyjXwMTWEDqsWpHBw8dixw",
      "from_method_name": "constructor2",
      "from_method_key": "_H_cfwMTXEDqsWpHBw8dixw",
      "to_file_path": "./Trabajador",
      "to_class_or_interface_name": "Trabajador",
      "to_class_or_interface_key": "_uAQMIMTREDqsWpHBw8dixw",
      "to_method_name": "constructor",
      "to_method_key": "_VBK0MMTYEDqsWpHBw8dixw",
      "data_clump_type": "parameters_to_parameters_data_clump",
      "data_clump_data": {
        "_JDIKUMTXEDqsWpHBw8dixw": {
          "key": "_JDIKUMTXEDqsWpHBw8dixw",
          "name": "nif",
          "type": null,
          "probability": 1,
          "modifiers": [],
          "to_variable": {
            "key": "_WBlvYMTYEDqsWpHBw8dixw",
            "name": "nif",
            "type": null,
            "modifiers": [],
            "position": {}
          },
          "position": {}
        },
        "_KXbq0MTXEDqsWpHBw8dixw": {
          "key": "_KXbq0MTXEDqsWpHBw8dixw",
          "name": "nombre",
          "type": null,
          "probability": 1,
          "modifiers": [],
          "to_variable": {
            "key": "_Xe4z0MTYEDqsWpHBw8dixw",
            "name": "nombre",
            "type": null,
            "modifiers": [],
            "position": {}
          },
          "position": {}
        },
        "_LqhqYMTXEDqsWpHBw8dixw": {
          "key": "_LqhqYMTXEDqsWpHBw8dixw",
          "name": "apellidos",
          "type": null,
          "probability": 1,
          "modifiers": [],
          "to_variable": {
            "key": "_anUkYMTYEDqsWpHBw8dixw",
            "name": "apellidos",
            "type": null,
            "modifiers": [],
            "position": {}
          },
          "position": {}
        }
      }
    },
    "parameters_to_parameters_data_clump-./Empleado-_H_cfwMTXEDqsWpHBw8dixw-_ubJUMMTYEDqsWpHBw8dixw-nifnombreapellidos": {
      "type": "data_clump",
      "key": "parameters_to_parameters_data_clump-./Empleado-_H_cfwMTXEDqsWpHBw8dixw-_ubJUMMTYEDqsWpHBw8dixw-nifnombreapellidos",
      "probability": 1,
      "from_file_path": "./Empleado",
      "from_class_or_interface_name": "Empleado",
      "from_class_or_interface_key": "_cyjXwMTWEDqsWpHBw8dixw",
      "from_method_name": "constructor2",
      "from_method_key": "_H_cfwMTXEDqsWpHBw8dixw",
      "to_file_path": "./Trabajador",
      "to_class_or_interface_name": "Trabajador",
      "to_class_or_interface_key": "_uAQMIMTREDqsWpHBw8dixw",
      "to_method_name": "constructor2",
      "to_method_key": "_ubJUMMTYEDqsWpHBw8dixw",
      "data_clump_type": "parameters_to_parameters_data_clump",
      "data_clump_data": {
        "_JDIKUMTXEDqsWpHBw8dixw": {
          "key": "_JDIKUMTXEDqsWpHBw8dixw",
          "name": "nif",
          "type": null,
          "probability": 1,
          "modifiers": [],
          "to_variable": {
            "key": "_v5Gf8MTYEDqsWpHBw8dixw",
            "name": "nif",
            "type": null,
            "modifiers": [],
            "position": {}
          },
          "position": {}
        },
        "_KXbq0MTXEDqsWpHBw8dixw": {
          "key": "_KXbq0MTXEDqsWpHBw8dixw",
          "name": "nombre",
          "type": null,
          "probability": 1,
          "modifiers": [],
          "to_variable": {
            "key": "_xJ9D0MTYEDqsWpHBw8dixw",
            "name": "nombre",
            "type": null,
            "modifiers": [],
            "position": {}
          },
          "position": {}
        },
        "_LqhqYMTXEDqsWpHBw8dixw": {
          "key": "_LqhqYMTXEDqsWpHBw8dixw",
          "name": "apellidos",
          "type": null,
          "probability": 1,
          "modifiers": [],
          "to_variable": {
            "key": "_yVMu8MTYEDqsWpHBw8dixw",
            "name": "apellidos",
            "type": null,
            "modifiers": [],
            "position": {}
          },
          "position": {}
        }
      }
    },
    "parameters_to_fields_data_clump-./Empleado-_H_cfwMTXEDqsWpHBw8dixw-_uAQMIMTREDqsWpHBw8dixw-nifnombreapellidos": {
      "type": "data_clump",
      "key": "parameters_to_fields_data_clump-./Empleado-_H_cfwMTXEDqsWpHBw8dixw-_uAQMIMTREDqsWpHBw8dixw-nifnombreapellidos",
      "probability": 1,
      "from_file_path": "./Empleado",
      "from_class_or_interface_name": "Empleado",
      "from_class_or_interface_key": "_cyjXwMTWEDqsWpHBw8dixw",
      "from_method_name": "constructor2",
      "from_method_key": "_H_cfwMTXEDqsWpHBw8dixw",
      "to_file_path": "./Trabajador",
      "to_class_or_interface_name": "Trabajador",
      "to_class_or_interface_key": "_uAQMIMTREDqsWpHBw8dixw",
      "to_method_name": null,
      "to_method_key": null,
      "data_clump_type": "parameters_to_fields_data_clump",
      "data_clump_data": {
        "_JDIKUMTXEDqsWpHBw8dixw": {
          "key": "_JDIKUMTXEDqsWpHBw8dixw",
          "name": "nif",
          "type": null,
          "probability": 1,
          "modifiers": [],
          "to_variable": {
            "key": "_y2zEUMTREDqsWpHBw8dixw",
            "name": "nif",
            "type": null,
            "modifiers": [
              "private"
            ],
            "position": {}
          },
          "position": {}
        },
        "_KXbq0MTXEDqsWpHBw8dixw": {
          "key": "_KXbq0MTXEDqsWpHBw8dixw",
          "name": "nombre",
          "type": null,
          "probability": 1,
          "modifiers": [],
          "to_variable": {
            "key": "_z0OV4MTREDqsWpHBw8dixw",
            "name": "nombre",
            "type": null,
            "modifiers": [
              "protected"
            ],
            "position": {}
          },
          "position": {}
        },
        "_LqhqYMTXEDqsWpHBw8dixw": {
          "key": "_LqhqYMTXEDqsWpHBw8dixw",
          "name": "apellidos",
          "type": null,
          "probability": 1,
          "modifiers": [],
          "to_variable": {
            "key": "_1wvF4MTREDqsWpHBw8dixw",
            "name": "apellidos",
            "type": null,
            "modifiers": [
              "protected"
            ],
            "position": {}
          },
          "position": {}
        }
      }
    },
    "parameters_to_parameters_data_clump-./Socio-_J5_y0MTVEDqsWpHBw8dixw-_zpfTQMTWEDqsWpHBw8dixw-nifnombrefechaAltasalarioBase": {
      "type": "data_clump",
      "key": "parameters_to_parameters_data_clump-./Socio-_J5_y0MTVEDqsWpHBw8dixw-_zpfTQMTWEDqsWpHBw8dixw-nifnombrefechaAltasalarioBase",
      "probability": 1,
      "from_file_path": "./Socio",
      "from_class_or_interface_name": "Socio",
      "from_class_or_interface_key": "_wPYOwMTUEDqsWpHBw8dixw",
      "from_method_name": "constructor",
      "from_method_key": "_J5_y0MTVEDqsWpHBw8dixw",
      "to_file_path": "./Empleado",
      "to_class_or_interface_name": "Empleado",
      "to_class_or_interface_key": "_cyjXwMTWEDqsWpHBw8dixw",
      "to_method_name": "constructor",
      "to_method_key": "_zpfTQMTWEDqsWpHBw8dixw",
      "data_clump_type": "parameters_to_parameters_data_clump",
      "data_clump_data": {
        "_PpIf4MTVEDqsWpHBw8dixw": {
          "key": "_PpIf4MTVEDqsWpHBw8dixw",
          "name": "nif",
          "type": null,
          "probability": 1,
          "modifiers": [],
          "to_variable": {
            "key": "_0yuzQMTWEDqsWpHBw8dixw",
            "name": "nif",
            "type": null,
            "modifiers": [],
            "position": {}
          },
          "position": {}
        },
        "_Qx7T8MTVEDqsWpHBw8dixw": {
          "key": "_Qx7T8MTVEDqsWpHBw8dixw",
          "name": "nombre",
          "type": null,
          "probability": 1,
          "modifiers": [],
          "to_variable": {
            "key": "_3AmZAMTWEDqsWpHBw8dixw",
            "name": "nombre",
            "type": null,
            "modifiers": [],
            "position": {}
          },
          "position": {}
        },
        "_SiddcMTVEDqsWpHBw8dixw": {
          "key": "_SiddcMTVEDqsWpHBw8dixw",
          "name": "fechaAlta",
          "type": null,
          "probability": 1,
          "modifiers": [],
          "to_variable": {
            "key": "_5w-O4MTWEDqsWpHBw8dixw",
            "name": "fechaAlta",
            "type": null,
            "modifiers": [],
            "position": {}
          },
          "position": {}
        },
        "_XSpO8MTVEDqsWpHBw8dixw": {
          "key": "_XSpO8MTVEDqsWpHBw8dixw",
          "name": "salarioBase",
          "type": null,
          "probability": 1,
          "modifiers": [],
          "to_variable": {
            "key": "_-X0eMMTWEDqsWpHBw8dixw",
            "name": "salarioBase",
            "type": null,
            "modifiers": [],
            "position": {}
          },
          "position": {}
        }
      }
    },
    "parameters_to_parameters_data_clump-./Socio-_J5_y0MTVEDqsWpHBw8dixw-_H_cfwMTXEDqsWpHBw8dixw-nifnombreapellidos": {
      "type": "data_clump",
      "key": "parameters_to_parameters_data_clump-./Socio-_J5_y0MTVEDqsWpHBw8dixw-_H_cfwMTXEDqsWpHBw8dixw-nifnombreapellidos",
      "probability": 1,
      "from_file_path": "./Socio",
      "from_class_or_interface_name": "Socio",
      "from_class_or_interface_key": "_wPYOwMTUEDqsWpHBw8dixw",
      "from_method_name": "constructor",
      "from_method_key": "_J5_y0MTVEDqsWpHBw8dixw",
      "to_file_path": "./Empleado",
      "to_class_or_interface_name": "Empleado",
      "to_class_or_interface_key": "_cyjXwMTWEDqsWpHBw8dixw",
      "to_method_name": "constructor2",
      "to_method_key": "_H_cfwMTXEDqsWpHBw8dixw",
      "data_clump_type": "parameters_to_parameters_data_clump",
      "data_clump_data": {
        "_PpIf4MTVEDqsWpHBw8dixw": {
          "key": "_PpIf4MTVEDqsWpHBw8dixw",
          "name": "nif",
          "type": null,
          "probability": 1,
          "modifiers": [],
          "to_variable": {
            "key": "_JDIKUMTXEDqsWpHBw8dixw",
            "name": "nif",
            "type": null,
            "modifiers": [],
            "position": {}
          },
          "position": {}
        },
        "_Qx7T8MTVEDqsWpHBw8dixw": {
          "key": "_Qx7T8MTVEDqsWpHBw8dixw",
          "name": "nombre",
          "type": null,
          "probability": 1,
          "modifiers": [],
          "to_variable": {
            "key": "_KXbq0MTXEDqsWpHBw8dixw",
            "name": "nombre",
            "type": null,
            "modifiers": [],
            "position": {}
          },
          "position": {}
        },
        "_RvDqkMTVEDqsWpHBw8dixw": {
          "key": "_RvDqkMTVEDqsWpHBw8dixw",
          "name": "apellidos",
          "type": null,
          "probability": 1,
          "modifiers": [],
          "to_variable": {
            "key": "_LqhqYMTXEDqsWpHBw8dixw",
            "name": "apellidos",
            "type": null,
            "modifiers": [],
            "position": {}
          },
          "position": {}
        }
      }
    },
    "parameters_to_parameters_data_clump-./Socio-_J5_y0MTVEDqsWpHBw8dixw-_vazhwMTVEDqsWpHBw8dixw-nifnombreapellidosnumeroAcciones": {
      "type": "data_clump",
      "key": "parameters_to_parameters_data_clump-./Socio-_J5_y0MTVEDqsWpHBw8dixw-_vazhwMTVEDqsWpHBw8dixw-nifnombreapellidosnumeroAcciones",
      "probability": 1,
      "from_file_path": "./Socio",
      "from_class_or_interface_name": "Socio",
      "from_class_or_interface_key": "_wPYOwMTUEDqsWpHBw8dixw",
      "from_method_name": "constructor",
      "from_method_key": "_J5_y0MTVEDqsWpHBw8dixw",
      "to_file_path": "./Socio",
      "to_class_or_interface_name": "Socio",
      "to_class_or_interface_key": "_wPYOwMTUEDqsWpHBw8dixw",
      "to_method_name": "constructor2",
      "to_method_key": "_vazhwMTVEDqsWpHBw8dixw",
      "data_clump_type": "parameters_to_parameters_data_clump",
      "data_clump_data": {
        "_PpIf4MTVEDqsWpHBw8dixw": {
          "key": "_PpIf4MTVEDqsWpHBw8dixw",
          "name": "nif",
          "type": null,
          "probability": 1,
          "modifiers": [],
          "to_variable": {
            "key": "_xeM84MTVEDqsWpHBw8dixw",
            "name": "nif",
            "type": null,
            "modifiers": [],
            "position": {}
          },
          "position": {}
        },
        "_Qx7T8MTVEDqsWpHBw8dixw": {
          "key": "_Qx7T8MTVEDqsWpHBw8dixw",
          "name": "nombre",
          "type": null,
          "probability": 1,
          "modifiers": [],
          "to_variable": {
            "key": "_y9MDYMTVEDqsWpHBw8dixw",
            "name": "nombre",
            "type": null,
            "modifiers": [],
            "position": {}
          },
          "position": {}
        },
        "_RvDqkMTVEDqsWpHBw8dixw": {
          "key": "_RvDqkMTVEDqsWpHBw8dixw",
          "name": "apellidos",
          "type": null,
          "probability": 1,
          "modifiers": [],
          "to_variable": {
            "key": "_0ICF4MTVEDqsWpHBw8dixw",
            "name": "apellidos",
            "type": null,
            "modifiers": [],
            "position": {}
          },
          "position": {}
        },
        "_aWRYAMTVEDqsWpHBw8dixw": {
          "key": "_aWRYAMTVEDqsWpHBw8dixw",
          "name": "numeroAcciones",
          "type": null,
          "probability": 1,
          "modifiers": [],
          "to_variable": {
            "key": "_1k5FcMTVEDqsWpHBw8dixw",
            "name": "numeroAcciones",
            "type": null,
            "modifiers": [],
            "position": {}
          },
          "position": {}
        }
      }
    },
    "parameters_to_parameters_data_clump-./Socio-_J5_y0MTVEDqsWpHBw8dixw-_VBK0MMTYEDqsWpHBw8dixw-nifnombreapellidosfechaAltasalarioBase": {
      "type": "data_clump",
      "key": "parameters_to_parameters_data_clump-./Socio-_J5_y0MTVEDqsWpHBw8dixw-_VBK0MMTYEDqsWpHBw8dixw-nifnombreapellidosfechaAltasalarioBase",
      "probability": 1,
      "from_file_path": "./Socio",
      "from_class_or_interface_name": "Socio",
      "from_class_or_interface_key": "_wPYOwMTUEDqsWpHBw8dixw",
      "from_method_name": "constructor",
      "from_method_key": "_J5_y0MTVEDqsWpHBw8dixw",
      "to_file_path": "./Trabajador",
      "to_class_or_interface_name": "Trabajador",
      "to_class_or_interface_key": "_uAQMIMTREDqsWpHBw8dixw",
      "to_method_name": "constructor",
      "to_method_key": "_VBK0MMTYEDqsWpHBw8dixw",
      "data_clump_type": "parameters_to_parameters_data_clump",
      "data_clump_data": {
        "_PpIf4MTVEDqsWpHBw8dixw": {
          "key": "_PpIf4MTVEDqsWpHBw8dixw",
          "name": "nif",
          "type": null,
          "probability": 1,
          "modifiers": [],
          "to_variable": {
            "key": "_WBlvYMTYEDqsWpHBw8dixw",
            "name": "nif",
            "type": null,
            "modifiers": [],
            "position": {}
          },
          "position": {}
        },
        "_Qx7T8MTVEDqsWpHBw8dixw": {
          "key": "_Qx7T8MTVEDqsWpHBw8dixw",
          "name": "nombre",
          "type": null,
          "probability": 1,
          "modifiers": [],
          "to_variable": {
            "key": "_Xe4z0MTYEDqsWpHBw8dixw",
            "name": "nombre",
            "type": null,
            "modifiers": [],
            "position": {}
          },
          "position": {}
        },
        "_RvDqkMTVEDqsWpHBw8dixw": {
          "key": "_RvDqkMTVEDqsWpHBw8dixw",
          "name": "apellidos",
          "type": null,
          "probability": 1,
          "modifiers": [],
          "to_variable": {
            "key": "_anUkYMTYEDqsWpHBw8dixw",
            "name": "apellidos",
            "type": null,
            "modifiers": [],
            "position": {}
          },
          "position": {}
        },
        "_SiddcMTVEDqsWpHBw8dixw": {
          "key": "_SiddcMTVEDqsWpHBw8dixw",
          "name": "fechaAlta",
          "type": null,
          "probability": 1,
          "modifiers": [],
          "to_variable": {
            "key": "_dqk6AMTYEDqsWpHBw8dixw",
            "name": "fechaAlta",
            "type": null,
            "modifiers": [],
            "position": {}
          },
          "position": {}
        },
        "_XSpO8MTVEDqsWpHBw8dixw": {
          "key": "_XSpO8MTVEDqsWpHBw8dixw",
          "name": "salarioBase",
          "type": null,
          "probability": 1,
          "modifiers": [],
          "to_variable": {
            "key": "_gpUjEMTYEDqsWpHBw8dixw",
            "name": "salarioBase",
            "type": null,
            "modifiers": [],
            "position": {}
          },
          "position": {}
        }
      }
    },
    "parameters_to_parameters_data_clump-./Socio-_J5_y0MTVEDqsWpHBw8dixw-_ubJUMMTYEDqsWpHBw8dixw-nifnombreapellidos": {
      "type": "data_clump",
      "key": "parameters_to_parameters_data_clump-./Socio-_J5_y0MTVEDqsWpHBw8dixw-_ubJUMMTYEDqsWpHBw8dixw-nifnombreapellidos",
      "probability": 1,
      "from_file_path": "./Socio",
      "from_class_or_interface_name": "Socio",
      "from_class_or_interface_key": "_wPYOwMTUEDqsWpHBw8dixw",
      "from_method_name": "constructor",
      "from_method_key": "_J5_y0MTVEDqsWpHBw8dixw",
      "to_file_path": "./Trabajador",
      "to_class_or_interface_name": "Trabajador",
      "to_class_or_interface_key": "_uAQMIMTREDqsWpHBw8dixw",
      "to_method_name": "constructor2",
      "to_method_key": "_ubJUMMTYEDqsWpHBw8dixw",
      "data_clump_type": "parameters_to_parameters_data_clump",
      "data_clump_data": {
        "_PpIf4MTVEDqsWpHBw8dixw": {
          "key": "_PpIf4MTVEDqsWpHBw8dixw",
          "name": "nif",
          "type": null,
          "probability": 1,
          "modifiers": [],
          "to_variable": {
            "key": "_v5Gf8MTYEDqsWpHBw8dixw",
            "name": "nif",
            "type": null,
            "modifiers": [],
            "position": {}
          },
          "position": {}
        },
        "_Qx7T8MTVEDqsWpHBw8dixw": {
          "key": "_Qx7T8MTVEDqsWpHBw8dixw",
          "name": "nombre",
          "type": null,
          "probability": 1,
          "modifiers": [],
          "to_variable": {
            "key": "_xJ9D0MTYEDqsWpHBw8dixw",
            "name": "nombre",
            "type": null,
            "modifiers": [],
            "position": {}
          },
          "position": {}
        },
        "_RvDqkMTVEDqsWpHBw8dixw": {
          "key": "_RvDqkMTVEDqsWpHBw8dixw",
          "name": "apellidos",
          "type": null,
          "probability": 1,
          "modifiers": [],
          "to_variable": {
            "key": "_yVMu8MTYEDqsWpHBw8dixw",
            "name": "apellidos",
            "type": null,
            "modifiers": [],
            "position": {}
          },
          "position": {}
        }
      }
    },
    "parameters_to_fields_data_clump-./Socio-_J5_y0MTVEDqsWpHBw8dixw-_uAQMIMTREDqsWpHBw8dixw-nifnombreapellidosfechaAltasalarioBase": {
      "type": "data_clump",
      "key": "parameters_to_fields_data_clump-./Socio-_J5_y0MTVEDqsWpHBw8dixw-_uAQMIMTREDqsWpHBw8dixw-nifnombreapellidosfechaAltasalarioBase",
      "probability": 1,
      "from_file_path": "./Socio",
      "from_class_or_interface_name": "Socio",
      "from_class_or_interface_key": "_wPYOwMTUEDqsWpHBw8dixw",
      "from_method_name": "constructor",
      "from_method_key": "_J5_y0MTVEDqsWpHBw8dixw",
      "to_file_path": "./Trabajador",
      "to_class_or_interface_name": "Trabajador",
      "to_class_or_interface_key": "_uAQMIMTREDqsWpHBw8dixw",
      "to_method_name": null,
      "to_method_key": null,
      "data_clump_type": "parameters_to_fields_data_clump",
      "data_clump_data": {
        "_PpIf4MTVEDqsWpHBw8dixw": {
          "key": "_PpIf4MTVEDqsWpHBw8dixw",
          "name": "nif",
          "type": null,
          "probability": 1,
          "modifiers": [],
          "to_variable": {
            "key": "_y2zEUMTREDqsWpHBw8dixw",
            "name": "nif",
            "type": null,
            "modifiers": [
              "private"
            ],
            "position": {}
          },
          "position": {}
        },
        "_Qx7T8MTVEDqsWpHBw8dixw": {
          "key": "_Qx7T8MTVEDqsWpHBw8dixw",
          "name": "nombre",
          "type": null,
          "probability": 1,
          "modifiers": [],
          "to_variable": {
            "key": "_z0OV4MTREDqsWpHBw8dixw",
            "name": "nombre",
            "type": null,
            "modifiers": [
              "protected"
            ],
            "position": {}
          },
          "position": {}
        },
        "_RvDqkMTVEDqsWpHBw8dixw": {
          "key": "_RvDqkMTVEDqsWpHBw8dixw",
          "name": "apellidos",
          "type": null,
          "probability": 1,
          "modifiers": [],
          "to_variable": {
            "key": "_1wvF4MTREDqsWpHBw8dixw",
            "name": "apellidos",
            "type": null,
            "modifiers": [
              "protected"
            ],
            "position": {}
          },
          "position": {}
        },
        "_SiddcMTVEDqsWpHBw8dixw": {
          "key": "_SiddcMTVEDqsWpHBw8dixw",
          "name": "fechaAlta",
          "type": null,
          "probability": 1,
          "modifiers": [],
          "to_variable": {
            "key": "_3HUeUMTREDqsWpHBw8dixw",
            "name": "fechaAlta",
            "type": null,
            "modifiers": [
              "private"
            ],
            "position": {}
          },
          "position": {}
        },
        "_XSpO8MTVEDqsWpHBw8dixw": {
          "key": "_XSpO8MTVEDqsWpHBw8dixw",
          "name": "salarioBase",
          "type": null,
          "probability": 1,
          "modifiers": [],
          "to_variable": {
            "key": "_4Wve0MTREDqsWpHBw8dixw",
            "name": "salarioBase",
            "type": null,
            "modifiers": [
              "private"
            ],
            "position": {}
          },
          "position": {}
        }
      }
    },
    "parameters_to_parameters_data_clump-./Socio-_vazhwMTVEDqsWpHBw8dixw-_H_cfwMTXEDqsWpHBw8dixw-nifnombreapellidos": {
      "type": "data_clump",
      "key": "parameters_to_parameters_data_clump-./Socio-_vazhwMTVEDqsWpHBw8dixw-_H_cfwMTXEDqsWpHBw8dixw-nifnombreapellidos",
      "probability": 1,
      "from_file_path": "./Socio",
      "from_class_or_interface_name": "Socio",
      "from_class_or_interface_key": "_wPYOwMTUEDqsWpHBw8dixw",
      "from_method_name": "constructor2",
      "from_method_key": "_vazhwMTVEDqsWpHBw8dixw",
      "to_file_path": "./Empleado",
      "to_class_or_interface_name": "Empleado",
      "to_class_or_interface_key": "_cyjXwMTWEDqsWpHBw8dixw",
      "to_method_name": "constructor2",
      "to_method_key": "_H_cfwMTXEDqsWpHBw8dixw",
      "data_clump_type": "parameters_to_parameters_data_clump",
      "data_clump_data": {
        "_xeM84MTVEDqsWpHBw8dixw": {
          "key": "_xeM84MTVEDqsWpHBw8dixw",
          "name": "nif",
          "type": null,
          "probability": 1,
          "modifiers": [],
          "to_variable": {
            "key": "_JDIKUMTXEDqsWpHBw8dixw",
            "name": "nif",
            "type": null,
            "modifiers": [],
            "position": {}
          },
          "position": {}
        },
        "_y9MDYMTVEDqsWpHBw8dixw": {
          "key": "_y9MDYMTVEDqsWpHBw8dixw",
          "name": "nombre",
          "type": null,
          "probability": 1,
          "modifiers": [],
          "to_variable": {
            "key": "_KXbq0MTXEDqsWpHBw8dixw",
            "name": "nombre",
            "type": null,
            "modifiers": [],
            "position": {}
          },
          "position": {}
        },
        "_0ICF4MTVEDqsWpHBw8dixw": {
          "key": "_0ICF4MTVEDqsWpHBw8dixw",
          "name": "apellidos",
          "type": null,
          "probability": 1,
          "modifiers": [],
          "to_variable": {
            "key": "_LqhqYMTXEDqsWpHBw8dixw",
            "name": "apellidos",
            "type": null,
            "modifiers": [],
            "position": {}
          },
          "position": {}
        }
      }
    },
    "parameters_to_parameters_data_clump-./Socio-_vazhwMTVEDqsWpHBw8dixw-_J5_y0MTVEDqsWpHBw8dixw-nifnombreapellidosnumeroAcciones": {
      "type": "data_clump",
      "key": "parameters_to_parameters_data_clump-./Socio-_vazhwMTVEDqsWpHBw8dixw-_J5_y0MTVEDqsWpHBw8dixw-nifnombreapellidosnumeroAcciones",
      "probability": 1,
      "from_file_path": "./Socio",
      "from_class_or_interface_name": "Socio",
      "from_class_or_interface_key": "_wPYOwMTUEDqsWpHBw8dixw",
      "from_method_name": "constructor2",
      "from_method_key": "_vazhwMTVEDqsWpHBw8dixw",
      "to_file_path": "./Socio",
      "to_class_or_interface_name": "Socio",
      "to_class_or_interface_key": "_wPYOwMTUEDqsWpHBw8dixw",
      "to_method_name": "constructor",
      "to_method_key": "_J5_y0MTVEDqsWpHBw8dixw",
      "data_clump_type": "parameters_to_parameters_data_clump",
      "data_clump_data": {
        "_xeM84MTVEDqsWpHBw8dixw": {
          "key": "_xeM84MTVEDqsWpHBw8dixw",
          "name": "nif",
          "type": null,
          "probability": 1,
          "modifiers": [],
          "to_variable": {
            "key": "_PpIf4MTVEDqsWpHBw8dixw",
            "name": "nif",
            "type": null,
            "modifiers": [],
            "position": {}
          },
          "position": {}
        },
        "_y9MDYMTVEDqsWpHBw8dixw": {
          "key": "_y9MDYMTVEDqsWpHBw8dixw",
          "name": "nombre",
          "type": null,
          "probability": 1,
          "modifiers": [],
          "to_variable": {
            "key": "_Qx7T8MTVEDqsWpHBw8dixw",
            "name": "nombre",
            "type": null,
            "modifiers": [],
            "position": {}
          },
          "position": {}
        },
        "_0ICF4MTVEDqsWpHBw8dixw": {
          "key": "_0ICF4MTVEDqsWpHBw8dixw",
          "name": "apellidos",
          "type": null,
          "probability": 1,
          "modifiers": [],
          "to_variable": {
            "key": "_RvDqkMTVEDqsWpHBw8dixw",
            "name": "apellidos",
            "type": null,
            "modifiers": [],
            "position": {}
          },
          "position": {}
        },
        "_1k5FcMTVEDqsWpHBw8dixw": {
          "key": "_1k5FcMTVEDqsWpHBw8dixw",
          "name": "numeroAcciones",
          "type": null,
          "probability": 1,
          "modifiers": [],
          "to_variable": {
            "key": "_aWRYAMTVEDqsWpHBw8dixw",
            "name": "numeroAcciones",
            "type": null,
            "modifiers": [],
            "position": {}
          },
          "position": {}
        }
      }
    },
    "parameters_to_parameters_data_clump-./Socio-_vazhwMTVEDqsWpHBw8dixw-_VBK0MMTYEDqsWpHBw8dixw-nifnombreapellidos": {
      "type": "data_clump",
      "key": "parameters_to_parameters_data_clump-./Socio-_vazhwMTVEDqsWpHBw8dixw-_VBK0MMTYEDqsWpHBw8dixw-nifnombreapellidos",
      "probability": 1,
      "from_file_path": "./Socio",
      "from_class_or_interface_name": "Socio",
      "from_class_or_interface_key": "_wPYOwMTUEDqsWpHBw8dixw",
      "from_method_name": "constructor2",
      "from_method_key": "_vazhwMTVEDqsWpHBw8dixw",
      "to_file_path": "./Trabajador",
      "to_class_or_interface_name": "Trabajador",
      "to_class_or_interface_key": "_uAQMIMTREDqsWpHBw8dixw",
      "to_method_name": "constructor",
      "to_method_key": "_VBK0MMTYEDqsWpHBw8dixw",
      "data_clump_type": "parameters_to_parameters_data_clump",
      "data_clump_data": {
        "_xeM84MTVEDqsWpHBw8dixw": {
          "key": "_xeM84MTVEDqsWpHBw8dixw",
          "name": "nif",
          "type": null,
          "probability": 1,
          "modifiers": [],
          "to_variable": {
            "key": "_WBlvYMTYEDqsWpHBw8dixw",
            "name": "nif",
            "type": null,
            "modifiers": [],
            "position": {}
          },
          "position": {}
        },
        "_y9MDYMTVEDqsWpHBw8dixw": {
          "key": "_y9MDYMTVEDqsWpHBw8dixw",
          "name": "nombre",
          "type": null,
          "probability": 1,
          "modifiers": [],
          "to_variable": {
            "key": "_Xe4z0MTYEDqsWpHBw8dixw",
            "name": "nombre",
            "type": null,
            "modifiers": [],
            "position": {}
          },
          "position": {}
        },
        "_0ICF4MTVEDqsWpHBw8dixw": {
          "key": "_0ICF4MTVEDqsWpHBw8dixw",
          "name": "apellidos",
          "type": null,
          "probability": 1,
          "modifiers": [],
          "to_variable": {
            "key": "_anUkYMTYEDqsWpHBw8dixw",
            "name": "apellidos",
            "type": null,
            "modifiers": [],
            "position": {}
          },
          "position": {}
        }
      }
    },
    "parameters_to_parameters_data_clump-./Socio-_vazhwMTVEDqsWpHBw8dixw-_ubJUMMTYEDqsWpHBw8dixw-nifnombreapellidos": {
      "type": "data_clump",
      "key": "parameters_to_parameters_data_clump-./Socio-_vazhwMTVEDqsWpHBw8dixw-_ubJUMMTYEDqsWpHBw8dixw-nifnombreapellidos",
      "probability": 1,
      "from_file_path": "./Socio",
      "from_class_or_interface_name": "Socio",
      "from_class_or_interface_key": "_wPYOwMTUEDqsWpHBw8dixw",
      "from_method_name": "constructor2",
      "from_method_key": "_vazhwMTVEDqsWpHBw8dixw",
      "to_file_path": "./Trabajador",
      "to_class_or_interface_name": "Trabajador",
      "to_class_or_interface_key": "_uAQMIMTREDqsWpHBw8dixw",
      "to_method_name": "constructor2",
      "to_method_key": "_ubJUMMTYEDqsWpHBw8dixw",
      "data_clump_type": "parameters_to_parameters_data_clump",
      "data_clump_data": {
        "_xeM84MTVEDqsWpHBw8dixw": {
          "key": "_xeM84MTVEDqsWpHBw8dixw",
          "name": "nif",
          "type": null,
          "probability": 1,
          "modifiers": [],
          "to_variable": {
            "key": "_v5Gf8MTYEDqsWpHBw8dixw",
            "name": "nif",
            "type": null,
            "modifiers": [],
            "position": {}
          },
          "position": {}
        },
        "_y9MDYMTVEDqsWpHBw8dixw": {
          "key": "_y9MDYMTVEDqsWpHBw8dixw",
          "name": "nombre",
          "type": null,
          "probability": 1,
          "modifiers": [],
          "to_variable": {
            "key": "_xJ9D0MTYEDqsWpHBw8dixw",
            "name": "nombre",
            "type": null,
            "modifiers": [],
            "position": {}
          },
          "position": {}
        },
        "_0ICF4MTVEDqsWpHBw8dixw": {
          "key": "_0ICF4MTVEDqsWpHBw8dixw",
          "name": "apellidos",
          "type": null,
          "probability": 1,
          "modifiers": [],
          "to_variable": {
            "key": "_yVMu8MTYEDqsWpHBw8dixw",
            "name": "apellidos",
            "type": null,
            "modifiers": [],
            "position": {}
          },
          "position": {}
        }
      }
    },
    "parameters_to_fields_data_clump-./Socio-_vazhwMTVEDqsWpHBw8dixw-_uAQMIMTREDqsWpHBw8dixw-nifnombreapellidos": {
      "type": "data_clump",
      "key": "parameters_to_fields_data_clump-./Socio-_vazhwMTVEDqsWpHBw8dixw-_uAQMIMTREDqsWpHBw8dixw-nifnombreapellidos",
      "probability": 1,
      "from_file_path": "./Socio",
      "from_class_or_interface_name": "Socio",
      "from_class_or_interface_key": "_wPYOwMTUEDqsWpHBw8dixw",
      "from_method_name": "constructor2",
      "from_method_key": "_vazhwMTVEDqsWpHBw8dixw",
      "to_file_path": "./Trabajador",
      "to_class_or_interface_name": "Trabajador",
      "to_class_or_interface_key": "_uAQMIMTREDqsWpHBw8dixw",
      "to_method_name": null,
      "to_method_key": null,
      "data_clump_type": "parameters_to_fields_data_clump",
      "data_clump_data": {
        "_xeM84MTVEDqsWpHBw8dixw": {
          "key": "_xeM84MTVEDqsWpHBw8dixw",
          "name": "nif",
          "type": null,
          "probability": 1,
          "modifiers": [],
          "to_variable": {
            "key": "_y2zEUMTREDqsWpHBw8dixw",
            "name": "nif",
            "type": null,
            "modifiers": [
              "private"
            ],
            "position": {}
          },
          "position": {}
        },
        "_y9MDYMTVEDqsWpHBw8dixw": {
          "key": "_y9MDYMTVEDqsWpHBw8dixw",
          "name": "nombre",
          "type": null,
          "probability": 1,
          "modifiers": [],
          "to_variable": {
            "key": "_z0OV4MTREDqsWpHBw8dixw",
            "name": "nombre",
            "type": null,
            "modifiers": [
              "protected"
            ],
            "position": {}
          },
          "position": {}
        },
        "_0ICF4MTVEDqsWpHBw8dixw": {
          "key": "_0ICF4MTVEDqsWpHBw8dixw",
          "name": "apellidos",
          "type": null,
          "probability": 1,
          "modifiers": [],
          "to_variable": {
            "key": "_1wvF4MTREDqsWpHBw8dixw",
            "name": "apellidos",
            "type": null,
            "modifiers": [
              "protected"
            ],
            "position": {}
          },
          "position": {}
        }
      }
    },
    "parameters_to_parameters_data_clump-./Trabajador-_VBK0MMTYEDqsWpHBw8dixw-_zpfTQMTWEDqsWpHBw8dixw-nifnombrefechaAltasalarioBase": {
      "type": "data_clump",
      "key": "parameters_to_parameters_data_clump-./Trabajador-_VBK0MMTYEDqsWpHBw8dixw-_zpfTQMTWEDqsWpHBw8dixw-nifnombrefechaAltasalarioBase",
      "probability": 1,
      "from_file_path": "./Trabajador",
      "from_class_or_interface_name": "Trabajador",
      "from_class_or_interface_key": "_uAQMIMTREDqsWpHBw8dixw",
      "from_method_name": "constructor",
      "from_method_key": "_VBK0MMTYEDqsWpHBw8dixw",
      "to_file_path": "./Empleado",
      "to_class_or_interface_name": "Empleado",
      "to_class_or_interface_key": "_cyjXwMTWEDqsWpHBw8dixw",
      "to_method_name": "constructor",
      "to_method_key": "_zpfTQMTWEDqsWpHBw8dixw",
      "data_clump_type": "parameters_to_parameters_data_clump",
      "data_clump_data": {
        "_WBlvYMTYEDqsWpHBw8dixw": {
          "key": "_WBlvYMTYEDqsWpHBw8dixw",
          "name": "nif",
          "type": null,
          "probability": 1,
          "modifiers": [],
          "to_variable": {
            "key": "_0yuzQMTWEDqsWpHBw8dixw",
            "name": "nif",
            "type": null,
            "modifiers": [],
            "position": {}
          },
          "position": {}
        },
        "_Xe4z0MTYEDqsWpHBw8dixw": {
          "key": "_Xe4z0MTYEDqsWpHBw8dixw",
          "name": "nombre",
          "type": null,
          "probability": 1,
          "modifiers": [],
          "to_variable": {
            "key": "_3AmZAMTWEDqsWpHBw8dixw",
            "name": "nombre",
            "type": null,
            "modifiers": [],
            "position": {}
          },
          "position": {}
        },
        "_dqk6AMTYEDqsWpHBw8dixw": {
          "key": "_dqk6AMTYEDqsWpHBw8dixw",
          "name": "fechaAlta",
          "type": null,
          "probability": 1,
          "modifiers": [],
          "to_variable": {
            "key": "_5w-O4MTWEDqsWpHBw8dixw",
            "name": "fechaAlta",
            "type": null,
            "modifiers": [],
            "position": {}
          },
          "position": {}
        },
        "_gpUjEMTYEDqsWpHBw8dixw": {
          "key": "_gpUjEMTYEDqsWpHBw8dixw",
          "name": "salarioBase",
          "type": null,
          "probability": 1,
          "modifiers": [],
          "to_variable": {
            "key": "_-X0eMMTWEDqsWpHBw8dixw",
            "name": "salarioBase",
            "type": null,
            "modifiers": [],
            "position": {}
          },
          "position": {}
        }
      }
    },
    "parameters_to_parameters_data_clump-./Trabajador-_VBK0MMTYEDqsWpHBw8dixw-_H_cfwMTXEDqsWpHBw8dixw-nifnombreapellidos": {
      "type": "data_clump",
      "key": "parameters_to_parameters_data_clump-./Trabajador-_VBK0MMTYEDqsWpHBw8dixw-_H_cfwMTXEDqsWpHBw8dixw-nifnombreapellidos",
      "probability": 1,
      "from_file_path": "./Trabajador",
      "from_class_or_interface_name": "Trabajador",
      "from_class_or_interface_key": "_uAQMIMTREDqsWpHBw8dixw",
      "from_method_name": "constructor",
      "from_method_key": "_VBK0MMTYEDqsWpHBw8dixw",
      "to_file_path": "./Empleado",
      "to_class_or_interface_name": "Empleado",
      "to_class_or_interface_key": "_cyjXwMTWEDqsWpHBw8dixw",
      "to_method_name": "constructor2",
      "to_method_key": "_H_cfwMTXEDqsWpHBw8dixw",
      "data_clump_type": "parameters_to_parameters_data_clump",
      "data_clump_data": {
        "_WBlvYMTYEDqsWpHBw8dixw": {
          "key": "_WBlvYMTYEDqsWpHBw8dixw",
          "name": "nif",
          "type": null,
          "probability": 1,
          "modifiers": [],
          "to_variable": {
            "key": "_JDIKUMTXEDqsWpHBw8dixw",
            "name": "nif",
            "type": null,
            "modifiers": [],
            "position": {}
          },
          "position": {}
        },
        "_Xe4z0MTYEDqsWpHBw8dixw": {
          "key": "_Xe4z0MTYEDqsWpHBw8dixw",
          "name": "nombre",
          "type": null,
          "probability": 1,
          "modifiers": [],
          "to_variable": {
            "key": "_KXbq0MTXEDqsWpHBw8dixw",
            "name": "nombre",
            "type": null,
            "modifiers": [],
            "position": {}
          },
          "position": {}
        },
        "_anUkYMTYEDqsWpHBw8dixw": {
          "key": "_anUkYMTYEDqsWpHBw8dixw",
          "name": "apellidos",
          "type": null,
          "probability": 1,
          "modifiers": [],
          "to_variable": {
            "key": "_LqhqYMTXEDqsWpHBw8dixw",
            "name": "apellidos",
            "type": null,
            "modifiers": [],
            "position": {}
          },
          "position": {}
        }
      }
    },
    "parameters_to_parameters_data_clump-./Trabajador-_VBK0MMTYEDqsWpHBw8dixw-_J5_y0MTVEDqsWpHBw8dixw-nifnombreapellidosfechaAltasalarioBase": {
      "type": "data_clump",
      "key": "parameters_to_parameters_data_clump-./Trabajador-_VBK0MMTYEDqsWpHBw8dixw-_J5_y0MTVEDqsWpHBw8dixw-nifnombreapellidosfechaAltasalarioBase",
      "probability": 1,
      "from_file_path": "./Trabajador",
      "from_class_or_interface_name": "Trabajador",
      "from_class_or_interface_key": "_uAQMIMTREDqsWpHBw8dixw",
      "from_method_name": "constructor",
      "from_method_key": "_VBK0MMTYEDqsWpHBw8dixw",
      "to_file_path": "./Socio",
      "to_class_or_interface_name": "Socio",
      "to_class_or_interface_key": "_wPYOwMTUEDqsWpHBw8dixw",
      "to_method_name": "constructor",
      "to_method_key": "_J5_y0MTVEDqsWpHBw8dixw",
      "data_clump_type": "parameters_to_parameters_data_clump",
      "data_clump_data": {
        "_WBlvYMTYEDqsWpHBw8dixw": {
          "key": "_WBlvYMTYEDqsWpHBw8dixw",
          "name": "nif",
          "type": null,
          "probability": 1,
          "modifiers": [],
          "to_variable": {
            "key": "_PpIf4MTVEDqsWpHBw8dixw",
            "name": "nif",
            "type": null,
            "modifiers": [],
            "position": {}
          },
          "position": {}
        },
        "_Xe4z0MTYEDqsWpHBw8dixw": {
          "key": "_Xe4z0MTYEDqsWpHBw8dixw",
          "name": "nombre",
          "type": null,
          "probability": 1,
          "modifiers": [],
          "to_variable": {
            "key": "_Qx7T8MTVEDqsWpHBw8dixw",
            "name": "nombre",
            "type": null,
            "modifiers": [],
            "position": {}
          },
          "position": {}
        },
        "_anUkYMTYEDqsWpHBw8dixw": {
          "key": "_anUkYMTYEDqsWpHBw8dixw",
          "name": "apellidos",
          "type": null,
          "probability": 1,
          "modifiers": [],
          "to_variable": {
            "key": "_RvDqkMTVEDqsWpHBw8dixw",
            "name": "apellidos",
            "type": null,
            "modifiers": [],
            "position": {}
          },
          "position": {}
        },
        "_dqk6AMTYEDqsWpHBw8dixw": {
          "key": "_dqk6AMTYEDqsWpHBw8dixw",
          "name": "fechaAlta",
          "type": null,
          "probability": 1,
          "modifiers": [],
          "to_variable": {
            "key": "_SiddcMTVEDqsWpHBw8dixw",
            "name": "fechaAlta",
            "type": null,
            "modifiers": [],
            "position": {}
          },
          "position": {}
        },
        "_gpUjEMTYEDqsWpHBw8dixw": {
          "key": "_gpUjEMTYEDqsWpHBw8dixw",
          "name": "salarioBase",
          "type": null,
          "probability": 1,
          "modifiers": [],
          "to_variable": {
            "key": "_XSpO8MTVEDqsWpHBw8dixw",
            "name": "salarioBase",
            "type": null,
            "modifiers": [],
            "position": {}
          },
          "position": {}
        }
      }
    },
    "parameters_to_parameters_data_clump-./Trabajador-_VBK0MMTYEDqsWpHBw8dixw-_vazhwMTVEDqsWpHBw8dixw-nifnombreapellidos": {
      "type": "data_clump",
      "key": "parameters_to_parameters_data_clump-./Trabajador-_VBK0MMTYEDqsWpHBw8dixw-_vazhwMTVEDqsWpHBw8dixw-nifnombreapellidos",
      "probability": 1,
      "from_file_path": "./Trabajador",
      "from_class_or_interface_name": "Trabajador",
      "from_class_or_interface_key": "_uAQMIMTREDqsWpHBw8dixw",
      "from_method_name": "constructor",
      "from_method_key": "_VBK0MMTYEDqsWpHBw8dixw",
      "to_file_path": "./Socio",
      "to_class_or_interface_name": "Socio",
      "to_class_or_interface_key": "_wPYOwMTUEDqsWpHBw8dixw",
      "to_method_name": "constructor2",
      "to_method_key": "_vazhwMTVEDqsWpHBw8dixw",
      "data_clump_type": "parameters_to_parameters_data_clump",
      "data_clump_data": {
        "_WBlvYMTYEDqsWpHBw8dixw": {
          "key": "_WBlvYMTYEDqsWpHBw8dixw",
          "name": "nif",
          "type": null,
          "probability": 1,
          "modifiers": [],
          "to_variable": {
            "key": "_xeM84MTVEDqsWpHBw8dixw",
            "name": "nif",
            "type": null,
            "modifiers": [],
            "position": {}
          },
          "position": {}
        },
        "_Xe4z0MTYEDqsWpHBw8dixw": {
          "key": "_Xe4z0MTYEDqsWpHBw8dixw",
          "name": "nombre",
          "type": null,
          "probability": 1,
          "modifiers": [],
          "to_variable": {
            "key": "_y9MDYMTVEDqsWpHBw8dixw",
            "name": "nombre",
            "type": null,
            "modifiers": [],
            "position": {}
          },
          "position": {}
        },
        "_anUkYMTYEDqsWpHBw8dixw": {
          "key": "_anUkYMTYEDqsWpHBw8dixw",
          "name": "apellidos",
          "type": null,
          "probability": 1,
          "modifiers": [],
          "to_variable": {
            "key": "_0ICF4MTVEDqsWpHBw8dixw",
            "name": "apellidos",
            "type": null,
            "modifiers": [],
            "position": {}
          },
          "position": {}
        }
      }
    },
    "parameters_to_parameters_data_clump-./Trabajador-_VBK0MMTYEDqsWpHBw8dixw-_ubJUMMTYEDqsWpHBw8dixw-nifnombreapellidos": {
      "type": "data_clump",
      "key": "parameters_to_parameters_data_clump-./Trabajador-_VBK0MMTYEDqsWpHBw8dixw-_ubJUMMTYEDqsWpHBw8dixw-nifnombreapellidos",
      "probability": 1,
      "from_file_path": "./Trabajador",
      "from_class_or_interface_name": "Trabajador",
      "from_class_or_interface_key": "_uAQMIMTREDqsWpHBw8dixw",
      "from_method_name": "constructor",
      "from_method_key": "_VBK0MMTYEDqsWpHBw8dixw",
      "to_file_path": "./Trabajador",
      "to_class_or_interface_name": "Trabajador",
      "to_class_or_interface_key": "_uAQMIMTREDqsWpHBw8dixw",
      "to_method_name": "constructor2",
      "to_method_key": "_ubJUMMTYEDqsWpHBw8dixw",
      "data_clump_type": "parameters_to_parameters_data_clump",
      "data_clump_data": {
        "_WBlvYMTYEDqsWpHBw8dixw": {
          "key": "_WBlvYMTYEDqsWpHBw8dixw",
          "name": "nif",
          "type": null,
          "probability": 1,
          "modifiers": [],
          "to_variable": {
            "key": "_v5Gf8MTYEDqsWpHBw8dixw",
            "name": "nif",
            "type": null,
            "modifiers": [],
            "position": {}
          },
          "position": {}
        },
        "_Xe4z0MTYEDqsWpHBw8dixw": {
          "key": "_Xe4z0MTYEDqsWpHBw8dixw",
          "name": "nombre",
          "type": null,
          "probability": 1,
          "modifiers": [],
          "to_variable": {
            "key": "_xJ9D0MTYEDqsWpHBw8dixw",
            "name": "nombre",
            "type": null,
            "modifiers": [],
            "position": {}
          },
          "position": {}
        },
        "_anUkYMTYEDqsWpHBw8dixw": {
          "key": "_anUkYMTYEDqsWpHBw8dixw",
          "name": "apellidos",
          "type": null,
          "probability": 1,
          "modifiers": [],
          "to_variable": {
            "key": "_yVMu8MTYEDqsWpHBw8dixw",
            "name": "apellidos",
            "type": null,
            "modifiers": [],
            "position": {}
          },
          "position": {}
        }
      }
    },
    "parameters_to_fields_data_clump-./Trabajador-_VBK0MMTYEDqsWpHBw8dixw-_uAQMIMTREDqsWpHBw8dixw-nifnombreapellidosfechaAltasalarioBase": {
      "type": "data_clump",
      "key": "parameters_to_fields_data_clump-./Trabajador-_VBK0MMTYEDqsWpHBw8dixw-_uAQMIMTREDqsWpHBw8dixw-nifnombreapellidosfechaAltasalarioBase",
      "probability": 1,
      "from_file_path": "./Trabajador",
      "from_class_or_interface_name": "Trabajador",
      "from_class_or_interface_key": "_uAQMIMTREDqsWpHBw8dixw",
      "from_method_name": "constructor",
      "from_method_key": "_VBK0MMTYEDqsWpHBw8dixw",
      "to_file_path": "./Trabajador",
      "to_class_or_interface_name": "Trabajador",
      "to_class_or_interface_key": "_uAQMIMTREDqsWpHBw8dixw",
      "to_method_name": null,
      "to_method_key": null,
      "data_clump_type": "parameters_to_fields_data_clump",
      "data_clump_data": {
        "_WBlvYMTYEDqsWpHBw8dixw": {
          "key": "_WBlvYMTYEDqsWpHBw8dixw",
          "name": "nif",
          "type": null,
          "probability": 1,
          "modifiers": [],
          "to_variable": {
            "key": "_y2zEUMTREDqsWpHBw8dixw",
            "name": "nif",
            "type": null,
            "modifiers": [
              "private"
            ],
            "position": {}
          },
          "position": {}
        },
        "_Xe4z0MTYEDqsWpHBw8dixw": {
          "key": "_Xe4z0MTYEDqsWpHBw8dixw",
          "name": "nombre",
          "type": null,
          "probability": 1,
          "modifiers": [],
          "to_variable": {
            "key": "_z0OV4MTREDqsWpHBw8dixw",
            "name": "nombre",
            "type": null,
            "modifiers": [
              "protected"
            ],
            "position": {}
          },
          "position": {}
        },
        "_anUkYMTYEDqsWpHBw8dixw": {
          "key": "_anUkYMTYEDqsWpHBw8dixw",
          "name": "apellidos",
          "type": null,
          "probability": 1,
          "modifiers": [],
          "to_variable": {
            "key": "_1wvF4MTREDqsWpHBw8dixw",
            "name": "apellidos",
            "type": null,
            "modifiers": [
              "protected"
            ],
            "position": {}
          },
          "position": {}
        },
        "_dqk6AMTYEDqsWpHBw8dixw": {
          "key": "_dqk6AMTYEDqsWpHBw8dixw",
          "name": "fechaAlta",
          "type": null,
          "probability": 1,
          "modifiers": [],
          "to_variable": {
            "key": "_3HUeUMTREDqsWpHBw8dixw",
            "name": "fechaAlta",
            "type": null,
            "modifiers": [
              "private"
            ],
            "position": {}
          },
          "position": {}
        },
        "_gpUjEMTYEDqsWpHBw8dixw": {
          "key": "_gpUjEMTYEDqsWpHBw8dixw",
          "name": "salarioBase",
          "type": null,
          "probability": 1,
          "modifiers": [],
          "to_variable": {
            "key": "_4Wve0MTREDqsWpHBw8dixw",
            "name": "salarioBase",
            "type": null,
            "modifiers": [
              "private"
            ],
            "position": {}
          },
          "position": {}
        }
      }
    },
    "parameters_to_parameters_data_clump-./Trabajador-_ubJUMMTYEDqsWpHBw8dixw-_H_cfwMTXEDqsWpHBw8dixw-nifnombreapellidos": {
      "type": "data_clump",
      "key": "parameters_to_parameters_data_clump-./Trabajador-_ubJUMMTYEDqsWpHBw8dixw-_H_cfwMTXEDqsWpHBw8dixw-nifnombreapellidos",
      "probability": 1,
      "from_file_path": "./Trabajador",
      "from_class_or_interface_name": "Trabajador",
      "from_class_or_interface_key": "_uAQMIMTREDqsWpHBw8dixw",
      "from_method_name": "constructor2",
      "from_method_key": "_ubJUMMTYEDqsWpHBw8dixw",
      "to_file_path": "./Empleado",
      "to_class_or_interface_name": "Empleado",
      "to_class_or_interface_key": "_cyjXwMTWEDqsWpHBw8dixw",
      "to_method_name": "constructor2",
      "to_method_key": "_H_cfwMTXEDqsWpHBw8dixw",
      "data_clump_type": "parameters_to_parameters_data_clump",
      "data_clump_data": {
        "_v5Gf8MTYEDqsWpHBw8dixw": {
          "key": "_v5Gf8MTYEDqsWpHBw8dixw",
          "name": "nif",
          "type": null,
          "probability": 1,
          "modifiers": [],
          "to_variable": {
            "key": "_JDIKUMTXEDqsWpHBw8dixw",
            "name": "nif",
            "type": null,
            "modifiers": [],
            "position": {}
          },
          "position": {}
        },
        "_xJ9D0MTYEDqsWpHBw8dixw": {
          "key": "_xJ9D0MTYEDqsWpHBw8dixw",
          "name": "nombre",
          "type": null,
          "probability": 1,
          "modifiers": [],
          "to_variable": {
            "key": "_KXbq0MTXEDqsWpHBw8dixw",
            "name": "nombre",
            "type": null,
            "modifiers": [],
            "position": {}
          },
          "position": {}
        },
        "_yVMu8MTYEDqsWpHBw8dixw": {
          "key": "_yVMu8MTYEDqsWpHBw8dixw",
          "name": "apellidos",
          "type": null,
          "probability": 1,
          "modifiers": [],
          "to_variable": {
            "key": "_LqhqYMTXEDqsWpHBw8dixw",
            "name": "apellidos",
            "type": null,
            "modifiers": [],
            "position": {}
          },
          "position": {}
        }
      }
    },
    "parameters_to_parameters_data_clump-./Trabajador-_ubJUMMTYEDqsWpHBw8dixw-_J5_y0MTVEDqsWpHBw8dixw-nifnombreapellidos": {
      "type": "data_clump",
      "key": "parameters_to_parameters_data_clump-./Trabajador-_ubJUMMTYEDqsWpHBw8dixw-_J5_y0MTVEDqsWpHBw8dixw-nifnombreapellidos",
      "probability": 1,
      "from_file_path": "./Trabajador",
      "from_class_or_interface_name": "Trabajador",
      "from_class_or_interface_key": "_uAQMIMTREDqsWpHBw8dixw",
      "from_method_name": "constructor2",
      "from_method_key": "_ubJUMMTYEDqsWpHBw8dixw",
      "to_file_path": "./Socio",
      "to_class_or_interface_name": "Socio",
      "to_class_or_interface_key": "_wPYOwMTUEDqsWpHBw8dixw",
      "to_method_name": "constructor",
      "to_method_key": "_J5_y0MTVEDqsWpHBw8dixw",
      "data_clump_type": "parameters_to_parameters_data_clump",
      "data_clump_data": {
        "_v5Gf8MTYEDqsWpHBw8dixw": {
          "key": "_v5Gf8MTYEDqsWpHBw8dixw",
          "name": "nif",
          "type": null,
          "probability": 1,
          "modifiers": [],
          "to_variable": {
            "key": "_PpIf4MTVEDqsWpHBw8dixw",
            "name": "nif",
            "type": null,
            "modifiers": [],
            "position": {}
          },
          "position": {}
        },
        "_xJ9D0MTYEDqsWpHBw8dixw": {
          "key": "_xJ9D0MTYEDqsWpHBw8dixw",
          "name": "nombre",
          "type": null,
          "probability": 1,
          "modifiers": [],
          "to_variable": {
            "key": "_Qx7T8MTVEDqsWpHBw8dixw",
            "name": "nombre",
            "type": null,
            "modifiers": [],
            "position": {}
          },
          "position": {}
        },
        "_yVMu8MTYEDqsWpHBw8dixw": {
          "key": "_yVMu8MTYEDqsWpHBw8dixw",
          "name": "apellidos",
          "type": null,
          "probability": 1,
          "modifiers": [],
          "to_variable": {
            "key": "_RvDqkMTVEDqsWpHBw8dixw",
            "name": "apellidos",
            "type": null,
            "modifiers": [],
            "position": {}
          },
          "position": {}
        }
      }
    },
    "parameters_to_parameters_data_clump-./Trabajador-_ubJUMMTYEDqsWpHBw8dixw-_vazhwMTVEDqsWpHBw8dixw-nifnombreapellidos": {
      "type": "data_clump",
      "key": "parameters_to_parameters_data_clump-./Trabajador-_ubJUMMTYEDqsWpHBw8dixw-_vazhwMTVEDqsWpHBw8dixw-nifnombreapellidos",
      "probability": 1,
      "from_file_path": "./Trabajador",
      "from_class_or_interface_name": "Trabajador",
      "from_class_or_interface_key": "_uAQMIMTREDqsWpHBw8dixw",
      "from_method_name": "constructor2",
      "from_method_key": "_ubJUMMTYEDqsWpHBw8dixw",
      "to_file_path": "./Socio",
      "to_class_or_interface_name": "Socio",
      "to_class_or_interface_key": "_wPYOwMTUEDqsWpHBw8dixw",
      "to_method_name": "constructor2",
      "to_method_key": "_vazhwMTVEDqsWpHBw8dixw",
      "data_clump_type": "parameters_to_parameters_data_clump",
      "data_clump_data": {
        "_v5Gf8MTYEDqsWpHBw8dixw": {
          "key": "_v5Gf8MTYEDqsWpHBw8dixw",
          "name": "nif",
          "type": null,
          "probability": 1,
          "modifiers": [],
          "to_variable": {
            "key": "_xeM84MTVEDqsWpHBw8dixw",
            "name": "nif",
            "type": null,
            "modifiers": [],
            "position": {}
          },
          "position": {}
        },
        "_xJ9D0MTYEDqsWpHBw8dixw": {
          "key": "_xJ9D0MTYEDqsWpHBw8dixw",
          "name": "nombre",
          "type": null,
          "probability": 1,
          "modifiers": [],
          "to_variable": {
            "key": "_y9MDYMTVEDqsWpHBw8dixw",
            "name": "nombre",
            "type": null,
            "modifiers": [],
            "position": {}
          },
          "position": {}
        },
        "_yVMu8MTYEDqsWpHBw8dixw": {
          "key": "_yVMu8MTYEDqsWpHBw8dixw",
          "name": "apellidos",
          "type": null,
          "probability": 1,
          "modifiers": [],
          "to_variable": {
            "key": "_0ICF4MTVEDqsWpHBw8dixw",
            "name": "apellidos",
            "type": null,
            "modifiers": [],
            "position": {}
          },
          "position": {}
        }
      }
    },
    "parameters_to_parameters_data_clump-./Trabajador-_ubJUMMTYEDqsWpHBw8dixw-_VBK0MMTYEDqsWpHBw8dixw-nifnombreapellidos": {
      "type": "data_clump",
      "key": "parameters_to_parameters_data_clump-./Trabajador-_ubJUMMTYEDqsWpHBw8dixw-_VBK0MMTYEDqsWpHBw8dixw-nifnombreapellidos",
      "probability": 1,
      "from_file_path": "./Trabajador",
      "from_class_or_interface_name": "Trabajador",
      "from_class_or_interface_key": "_uAQMIMTREDqsWpHBw8dixw",
      "from_method_name": "constructor2",
      "from_method_key": "_ubJUMMTYEDqsWpHBw8dixw",
      "to_file_path": "./Trabajador",
      "to_class_or_interface_name": "Trabajador",
      "to_class_or_interface_key": "_uAQMIMTREDqsWpHBw8dixw",
      "to_method_name": "constructor",
      "to_method_key": "_VBK0MMTYEDqsWpHBw8dixw",
      "data_clump_type": "parameters_to_parameters_data_clump",
      "data_clump_data": {
        "_v5Gf8MTYEDqsWpHBw8dixw": {
          "key": "_v5Gf8MTYEDqsWpHBw8dixw",
          "name": "nif",
          "type": null,
          "probability": 1,
          "modifiers": [],
          "to_variable": {
            "key": "_WBlvYMTYEDqsWpHBw8dixw",
            "name": "nif",
            "type": null,
            "modifiers": [],
            "position": {}
          },
          "position": {}
        },
        "_xJ9D0MTYEDqsWpHBw8dixw": {
          "key": "_xJ9D0MTYEDqsWpHBw8dixw",
          "name": "nombre",
          "type": null,
          "probability": 1,
          "modifiers": [],
          "to_variable": {
            "key": "_Xe4z0MTYEDqsWpHBw8dixw",
            "name": "nombre",
            "type": null,
            "modifiers": [],
            "position": {}
          },
          "position": {}
        },
        "_yVMu8MTYEDqsWpHBw8dixw": {
          "key": "_yVMu8MTYEDqsWpHBw8dixw",
          "name": "apellidos",
          "type": null,
          "probability": 1,
          "modifiers": [],
          "to_variable": {
            "key": "_anUkYMTYEDqsWpHBw8dixw",
            "name": "apellidos",
            "type": null,
            "modifiers": [],
            "position": {}
          },
          "position": {}
        }
      }
    },
    "parameters_to_fields_data_clump-./Trabajador-_ubJUMMTYEDqsWpHBw8dixw-_uAQMIMTREDqsWpHBw8dixw-nifnombreapellidos": {
      "type": "data_clump",
      "key": "parameters_to_fields_data_clump-./Trabajador-_ubJUMMTYEDqsWpHBw8dixw-_uAQMIMTREDqsWpHBw8dixw-nifnombreapellidos",
      "probability": 1,
      "from_file_path": "./Trabajador",
      "from_class_or_interface_name": "Trabajador",
      "from_class_or_interface_key": "_uAQMIMTREDqsWpHBw8dixw",
      "from_method_name": "constructor2",
      "from_method_key": "_ubJUMMTYEDqsWpHBw8dixw",
      "to_file_path": "./Trabajador",
      "to_class_or_interface_name": "Trabajador",
      "to_class_or_interface_key": "_uAQMIMTREDqsWpHBw8dixw",
      "to_method_name": null,
      "to_method_key": null,
      "data_clump_type": "parameters_to_fields_data_clump",
      "data_clump_data": {
        "_v5Gf8MTYEDqsWpHBw8dixw": {
          "key": "_v5Gf8MTYEDqsWpHBw8dixw",
          "name": "nif",
          "type": null,
          "probability": 1,
          "modifiers": [],
          "to_variable": {
            "key": "_y2zEUMTREDqsWpHBw8dixw",
            "name": "nif",
            "type": null,
            "modifiers": [
              "private"
            ],
            "position": {}
          },
          "position": {}
        },
        "_xJ9D0MTYEDqsWpHBw8dixw": {
          "key": "_xJ9D0MTYEDqsWpHBw8dixw",
          "name": "nombre",
          "type": null,
          "probability": 1,
          "modifiers": [],
          "to_variable": {
            "key": "_z0OV4MTREDqsWpHBw8dixw",
            "name": "nombre",
            "type": null,
            "modifiers": [
              "protected"
            ],
            "position": {}
          },
          "position": {}
        },
        "_yVMu8MTYEDqsWpHBw8dixw": {
          "key": "_yVMu8MTYEDqsWpHBw8dixw",
          "name": "apellidos",
          "type": null,
          "probability": 1,
          "modifiers": [],
          "to_variable": {
            "key": "_1wvF4MTREDqsWpHBw8dixw",
            "name": "apellidos",
            "type": null,
            "modifiers": [
              "protected"
            ],
            "position": {}
          },
          "position": {}
        }
      }
    }
  }
}