{
  "report_version": "unknown",
  "report_timestamp": "2025-03-26T22:36:20.523Z",
  "target_language": "java",
  "report_summary": {
    "additional": null,
    "amount_classes_or_interfaces_with_data_clumps": 2,
    "amount_files_with_data_clumps": 3,
    "amount_methods_with_data_clumps": 2,
    "fields_to_fields_data_clump": 0,
    "parameters_to_fields_data_clump": 2,
    "parameters_to_parameters_data_clump": 0,
    "amount_data_clumps": 2
  },
  "project_info": {
    "project_url": "unknown_project_url",
    "project_name": "_WrmrQHzAEeShroDxTnL5_A",
    "project_version": "unknown_project_version",
    "project_commit_hash": "unknown",
    "project_tag": null,
    "project_commit_date": null,
    "additional": {},
    "number_of_files": 22,
    "number_of_classes_or_interfaces": 22,
    "number_of_methods": 43,
    "number_of_data_fields": 20,
    "number_of_method_parameters": 39
  },
  "detector": {
    "name": "data-clumps-doctor",
    "url": "https://github.com/NilsBaumgartner1994/data-clumps-doctor",
    "version": "0.1.100",
    "options": {
      "typeVariablesConsidered": false,
      "similarityModifierOfVariablesWithUnknownType": 0,
      "fieldsOfClassesWithUnknownHierarchyProbabilityModifier": 0,
      "sharedFieldsToFieldsAmountMinimum": 3,
      "analyseFieldsInClassesOrInterfacesInheritedFromSuperClassesOrInterfaces": false,
      "sharedParametersToParametersAmountMinimum": 3,
      "sharedParametersToFieldsAmountMinimum": 3,
      "methodsOfClassesOrInterfacesWithUnknownHierarchyProbabilityModifier": 0
    }
  },
  "data_clumps": {
    "parameters_to_fields_data_clump-./CurrencyManager-_RfAIkF71EDK0QdBHqWtCPQ-_3VODoF7xEDK0QdBHqWtCPQ-namepluralglobalValue": {
      "type": "data_clump",
      "key": "parameters_to_fields_data_clump-./CurrencyManager-_RfAIkF71EDK0QdBHqWtCPQ-_3VODoF7xEDK0QdBHqWtCPQ-namepluralglobalValue",
      "probability": 1,
      "from_file_path": "./CurrencyManager",
      "from_class_or_interface_name": "CurrencyManager",
      "from_class_or_interface_key": "_iSlP8F70EDK0QdBHqWtCPQ",
      "from_method_name": "createCurrency",
      "from_method_key": "_RfAIkF71EDK0QdBHqWtCPQ",
      "to_file_path": "./Currency",
      "to_class_or_interface_name": "Currency",
      "to_class_or_interface_key": "_3VODoF7xEDK0QdBHqWtCPQ",
      "to_method_name": null,
      "to_method_key": null,
      "data_clump_type": "parameters_to_fields_data_clump",
      "data_clump_data": {
        "_bqZlkF71EDK0QdBHqWtCPQ": {
          "key": "_bqZlkF71EDK0QdBHqWtCPQ",
          "name": "name",
          "type": null,
          "probability": 1,
          "modifiers": [],
          "to_variable": {
            "key": "_W6krUF7zEDK0QdBHqWtCPQ",
            "name": "name",
            "type": null,
            "modifiers": [
              "private"
            ],
            "position": {}
          },
          "position": {}
        },
        "_cir4cF71EDK0QdBHqWtCPQ": {
          "key": "_cir4cF71EDK0QdBHqWtCPQ",
          "name": "plural",
          "type": null,
          "probability": 1,
          "modifiers": [],
          "to_variable": {
            "key": "_cc4dUF7zEDK0QdBHqWtCPQ",
            "name": "plural",
            "type": null,
            "modifiers": [
              "private"
            ],
            "position": {}
          },
          "position": {}
        },
        "_dq4PkF71EDK0QdBHqWtCPQ": {
          "key": "_dq4PkF71EDK0QdBHqWtCPQ",
          "name": "globalValue",
          "type": null,
          "probability": 1,
          "modifiers": [],
          "to_variable": {
            "key": "_kiDNoF7zEDK0QdBHqWtCPQ",
            "name": "globalValue",
            "type": null,
            "modifiers": [
              "private"
            ],
            "position": {}
          },
          "position": {}
        }
      }
    },
    "parameters_to_fields_data_clump-./TeleportResult-_rv1p8V-3EDKzRMsehMWdWQ-_2rk0MF-2EDKzRMsehMWdWQ-fromtosuccessful": {
      "type": "data_clump",
      "key": "parameters_to_fields_data_clump-./TeleportResult-_rv1p8V-3EDKzRMsehMWdWQ-_2rk0MF-2EDKzRMsehMWdWQ-fromtosuccessful",
      "probability": 1,
      "from_file_path": "./TeleportResult",
      "from_class_or_interface_name": "TeleportResult",
      "from_class_or_interface_key": "_2rk0MF-2EDKzRMsehMWdWQ",
      "from_method_name": "TeleportResult",
      "from_method_key": "_rv1p8V-3EDKzRMsehMWdWQ",
      "to_file_path": "./TeleportResult",
      "to_class_or_interface_name": "TeleportResult",
      "to_class_or_interface_key": "_2rk0MF-2EDKzRMsehMWdWQ",
      "to_method_name": null,
      "to_method_key": null,
      "data_clump_type": "parameters_to_fields_data_clump",
      "data_clump_data": {
        "_tyO_gF-3EDKzRMsehMWdWQ": {
          "key": "_tyO_gF-3EDKzRMsehMWdWQ",
          "name": "from",
          "type": null,
          "probability": 1,
          "modifiers": [],
          "to_variable": {
            "key": "_5Y7yUF-2EDKzRMsehMWdWQ",
            "name": "from",
            "type": null,
            "modifiers": [
              "private"
            ],
            "position": {}
          },
          "position": {}
        },
        "_uxhSQF-3EDKzRMsehMWdWQ": {
          "key": "_uxhSQF-3EDKzRMsehMWdWQ",
          "name": "to",
          "type": null,
          "probability": 1,
          "modifiers": [],
          "to_variable": {
            "key": "_7GoDMF-2EDKzRMsehMWdWQ",
            "name": "to",
            "type": null,
            "modifiers": [
              "private"
            ],
            "position": {}
          },
          "position": {}
        },
        "_TITeEF-4EDKzRMsehMWdWQ": {
          "key": "_TITeEF-4EDKzRMsehMWdWQ",
          "name": "successful",
          "type": null,
          "probability": 1,
          "modifiers": [],
          "to_variable": {
            "key": "_KVzGoF-4EDKzRMsehMWdWQ",
            "name": "successful",
            "type": null,
            "modifiers": [
              "private"
            ],
            "position": {}
          },
          "position": {}
        }
      }
    }
  }
}