{
  "report_version": "unknown",
  "report_timestamp": "2025-03-26T23:00:40.979Z",
  "target_language": "java",
  "report_summary": {
    "additional": null,
    "amount_classes_or_interfaces_with_data_clumps": 6,
    "amount_files_with_data_clumps": 6,
    "amount_methods_with_data_clumps": 0,
    "fields_to_fields_data_clump": 6,
    "parameters_to_fields_data_clump": 0,
    "parameters_to_parameters_data_clump": 0,
    "amount_data_clumps": 6
  },
  "project_info": {
    "project_url": "unknown_project_url",
    "project_name": "_uwWdYMs2Eeib_M6EW71F_A",
    "project_version": "unknown_project_version",
    "project_commit_hash": "unknown",
    "project_tag": null,
    "project_commit_date": null,
    "additional": {},
    "number_of_files": 13,
    "number_of_classes_or_interfaces": 13,
    "number_of_methods": 0,
    "number_of_data_fields": 30,
    "number_of_method_parameters": 0
  },
  "detector": {
    "name": "data-clumps-doctor",
    "url": "https://github.com/NilsBaumgartner1994/data-clumps-doctor",
    "version": "0.1.100",
    "options": {
      "typeVariablesConsidered": false,
      "similarityModifierOfVariablesWithUnknownType": 0,
      "fieldsOfClassesWithUnknownHierarchyProbabilityModifier": 0,
      "sharedFieldsToFieldsAmountMinimum": 3,
      "analyseFieldsInClassesOrInterfacesInheritedFromSuperClassesOrInterfaces": false,
      "sharedParametersToParametersAmountMinimum": 3,
      "sharedParametersToFieldsAmountMinimum": 3,
      "methodsOfClassesOrInterfacesWithUnknownHierarchyProbabilityModifier": 0
    }
  },
  "data_clumps": {
    "fields_to_fields_data_clump-./Rahmenprogramm-_azidcK1lEDaEStxDp92ZlQ-_X2ICYq1rEDaEStxDp92ZlQ-bezeichnungdatezeitortkosten": {
      "type": "data_clump",
      "key": "fields_to_fields_data_clump-./Rahmenprogramm-_azidcK1lEDaEStxDp92ZlQ-_X2ICYq1rEDaEStxDp92ZlQ-bezeichnungdatezeitortkosten",
      "probability": 1,
      "from_file_path": "./Rahmenprogramm",
      "from_class_or_interface_name": "Rahmenprogramm",
      "from_class_or_interface_key": "_azidcK1lEDaEStxDp92ZlQ",
      "from_method_name": null,
      "from_method_key": null,
      "to_file_path": "./Rahmenprogramm2",
      "to_class_or_interface_key": "_X2ICYq1rEDaEStxDp92ZlQ",
      "to_class_or_interface_name": "Rahmenprogramm",
      "to_method_key": null,
      "to_method_name": null,
      "data_clump_type": "fields_to_fields_data_clump",
      "data_clump_data": {
        "_ceYOoa1lEDaEStxDp92ZlQ": {
          "key": "_ceYOoa1lEDaEStxDp92ZlQ",
          "name": "bezeichnung",
          "type": null,
          "probability": 1,
          "modifiers": [
            "private"
          ],
          "to_variable": {
            "key": "_X2ICY61rEDaEStxDp92ZlQ",
            "name": "bezeichnung",
            "type": null,
            "modifiers": [
              "private"
            ],
            "position": {}
          },
          "position": {}
        },
        "_ebUccK1lEDaEStxDp92ZlQ": {
          "key": "_ebUccK1lEDaEStxDp92ZlQ",
          "name": "date",
          "type": null,
          "probability": 1,
          "modifiers": [
            "private"
          ],
          "to_variable": {
            "key": "_X2ICZK1rEDaEStxDp92ZlQ",
            "name": "date",
            "type": null,
            "modifiers": [
              "private"
            ],
            "position": {}
          },
          "position": {}
        },
        "_gMiica1lEDaEStxDp92ZlQ": {
          "key": "_gMiica1lEDaEStxDp92ZlQ",
          "name": "zeit",
          "type": null,
          "probability": 1,
          "modifiers": [
            "private"
          ],
          "to_variable": {
            "key": "_X2ICZa1rEDaEStxDp92ZlQ",
            "name": "zeit",
            "type": null,
            "modifiers": [
              "private"
            ],
            "position": {}
          },
          "position": {}
        },
        "_jMz1gK1lEDaEStxDp92ZlQ": {
          "key": "_jMz1gK1lEDaEStxDp92ZlQ",
          "name": "ort",
          "type": null,
          "probability": 1,
          "modifiers": [
            "private"
          ],
          "to_variable": {
            "key": "_X2IpcK1rEDaEStxDp92ZlQ",
            "name": "ort",
            "type": null,
            "modifiers": [
              "private"
            ],
            "position": {}
          },
          "position": {}
        },
        "_k_Z0gK1lEDaEStxDp92ZlQ": {
          "key": "_k_Z0gK1lEDaEStxDp92ZlQ",
          "name": "kosten",
          "type": null,
          "probability": 1,
          "modifiers": [
            "private"
          ],
          "to_variable": {
            "key": "_X2Ipca1rEDaEStxDp92ZlQ",
            "name": "kosten",
            "type": null,
            "modifiers": [
              "private"
            ],
            "position": {}
          },
          "position": {}
        }
      }
    },
    "fields_to_fields_data_clump-./Rahmenprogramm2-_X2ICYq1rEDaEStxDp92ZlQ-_azidcK1lEDaEStxDp92ZlQ-bezeichnungdatezeitortkosten": {
      "type": "data_clump",
      "key": "fields_to_fields_data_clump-./Rahmenprogramm2-_X2ICYq1rEDaEStxDp92ZlQ-_azidcK1lEDaEStxDp92ZlQ-bezeichnungdatezeitortkosten",
      "probability": 1,
      "from_file_path": "./Rahmenprogramm2",
      "from_class_or_interface_name": "Rahmenprogramm2",
      "from_class_or_interface_key": "_X2ICYq1rEDaEStxDp92ZlQ",
      "from_method_name": null,
      "from_method_key": null,
      "to_file_path": "./Rahmenprogramm",
      "to_class_or_interface_key": "_azidcK1lEDaEStxDp92ZlQ",
      "to_class_or_interface_name": "Rahmenprogramm2",
      "to_method_key": null,
      "to_method_name": null,
      "data_clump_type": "fields_to_fields_data_clump",
      "data_clump_data": {
        "_X2ICY61rEDaEStxDp92ZlQ": {
          "key": "_X2ICY61rEDaEStxDp92ZlQ",
          "name": "bezeichnung",
          "type": null,
          "probability": 1,
          "modifiers": [
            "private"
          ],
          "to_variable": {
            "key": "_ceYOoa1lEDaEStxDp92ZlQ",
            "name": "bezeichnung",
            "type": null,
            "modifiers": [
              "private"
            ],
            "position": {}
          },
          "position": {}
        },
        "_X2ICZK1rEDaEStxDp92ZlQ": {
          "key": "_X2ICZK1rEDaEStxDp92ZlQ",
          "name": "date",
          "type": null,
          "probability": 1,
          "modifiers": [
            "private"
          ],
          "to_variable": {
            "key": "_ebUccK1lEDaEStxDp92ZlQ",
            "name": "date",
            "type": null,
            "modifiers": [
              "private"
            ],
            "position": {}
          },
          "position": {}
        },
        "_X2ICZa1rEDaEStxDp92ZlQ": {
          "key": "_X2ICZa1rEDaEStxDp92ZlQ",
          "name": "zeit",
          "type": null,
          "probability": 1,
          "modifiers": [
            "private"
          ],
          "to_variable": {
            "key": "_gMiica1lEDaEStxDp92ZlQ",
            "name": "zeit",
            "type": null,
            "modifiers": [
              "private"
            ],
            "position": {}
          },
          "position": {}
        },
        "_X2IpcK1rEDaEStxDp92ZlQ": {
          "key": "_X2IpcK1rEDaEStxDp92ZlQ",
          "name": "ort",
          "type": null,
          "probability": 1,
          "modifiers": [
            "private"
          ],
          "to_variable": {
            "key": "_jMz1gK1lEDaEStxDp92ZlQ",
            "name": "ort",
            "type": null,
            "modifiers": [
              "private"
            ],
            "position": {}
          },
          "position": {}
        },
        "_X2Ipca1rEDaEStxDp92ZlQ": {
          "key": "_X2Ipca1rEDaEStxDp92ZlQ",
          "name": "kosten",
          "type": null,
          "probability": 1,
          "modifiers": [
            "private"
          ],
          "to_variable": {
            "key": "_k_Z0gK1lEDaEStxDp92ZlQ",
            "name": "kosten",
            "type": null,
            "modifiers": [
              "private"
            ],
            "position": {}
          },
          "position": {}
        }
      }
    },
    "fields_to_fields_data_clump-./Tagung-_uc1NsK1kEDaEStxDp92ZlQ-_X2GNMK1rEDaEStxDp92ZlQ-dateortleiter": {
      "type": "data_clump",
      "key": "fields_to_fields_data_clump-./Tagung-_uc1NsK1kEDaEStxDp92ZlQ-_X2GNMK1rEDaEStxDp92ZlQ-dateortleiter",
      "probability": 1,
      "from_file_path": "./Tagung",
      "from_class_or_interface_name": "Tagung",
      "from_class_or_interface_key": "_uc1NsK1kEDaEStxDp92ZlQ",
      "from_method_name": null,
      "from_method_key": null,
      "to_file_path": "./Tagung2",
      "to_class_or_interface_key": "_X2GNMK1rEDaEStxDp92ZlQ",
      "to_class_or_interface_name": "Tagung",
      "to_method_key": null,
      "to_method_name": null,
      "data_clump_type": "fields_to_fields_data_clump",
      "data_clump_data": {
        "_5RzMIK1kEDaEStxDp92ZlQ": {
          "key": "_5RzMIK1kEDaEStxDp92ZlQ",
          "name": "date",
          "type": null,
          "probability": 1,
          "modifiers": [
            "private"
          ],
          "to_variable": {
            "key": "_X2G0QK1rEDaEStxDp92ZlQ",
            "name": "date",
            "type": null,
            "modifiers": [
              "private"
            ],
            "position": {}
          },
          "position": {}
        },
        "_PDYCEK1lEDaEStxDp92ZlQ": {
          "key": "_PDYCEK1lEDaEStxDp92ZlQ",
          "name": "ort",
          "type": null,
          "probability": 1,
          "modifiers": [
            "private"
          ],
          "to_variable": {
            "key": "_X2G0Qa1rEDaEStxDp92ZlQ",
            "name": "ort",
            "type": null,
            "modifiers": [
              "private"
            ],
            "position": {}
          },
          "position": {}
        },
        "_SUa8EK1lEDaEStxDp92ZlQ": {
          "key": "_SUa8EK1lEDaEStxDp92ZlQ",
          "name": "leiter",
          "type": null,
          "probability": 1,
          "modifiers": [
            "private"
          ],
          "to_variable": {
            "key": "_X2G0Qq1rEDaEStxDp92ZlQ",
            "name": "leiter",
            "type": null,
            "modifiers": [
              "private"
            ],
            "position": {}
          },
          "position": {}
        }
      }
    },
    "fields_to_fields_data_clump-./Tagung2-_X2GNMK1rEDaEStxDp92ZlQ-_uc1NsK1kEDaEStxDp92ZlQ-dateortleiter": {
      "type": "data_clump",
      "key": "fields_to_fields_data_clump-./Tagung2-_X2GNMK1rEDaEStxDp92ZlQ-_uc1NsK1kEDaEStxDp92ZlQ-dateortleiter",
      "probability": 1,
      "from_file_path": "./Tagung2",
      "from_class_or_interface_name": "Tagung2",
      "from_class_or_interface_key": "_X2GNMK1rEDaEStxDp92ZlQ",
      "from_method_name": null,
      "from_method_key": null,
      "to_file_path": "./Tagung",
      "to_class_or_interface_key": "_uc1NsK1kEDaEStxDp92ZlQ",
      "to_class_or_interface_name": "Tagung2",
      "to_method_key": null,
      "to_method_name": null,
      "data_clump_type": "fields_to_fields_data_clump",
      "data_clump_data": {
        "_X2G0QK1rEDaEStxDp92ZlQ": {
          "key": "_X2G0QK1rEDaEStxDp92ZlQ",
          "name": "date",
          "type": null,
          "probability": 1,
          "modifiers": [
            "private"
          ],
          "to_variable": {
            "key": "_5RzMIK1kEDaEStxDp92ZlQ",
            "name": "date",
            "type": null,
            "modifiers": [
              "private"
            ],
            "position": {}
          },
          "position": {}
        },
        "_X2G0Qa1rEDaEStxDp92ZlQ": {
          "key": "_X2G0Qa1rEDaEStxDp92ZlQ",
          "name": "ort",
          "type": null,
          "probability": 1,
          "modifiers": [
            "private"
          ],
          "to_variable": {
            "key": "_PDYCEK1lEDaEStxDp92ZlQ",
            "name": "ort",
            "type": null,
            "modifiers": [
              "private"
            ],
            "position": {}
          },
          "position": {}
        },
        "_X2G0Qq1rEDaEStxDp92ZlQ": {
          "key": "_X2G0Qq1rEDaEStxDp92ZlQ",
          "name": "leiter",
          "type": null,
          "probability": 1,
          "modifiers": [
            "private"
          ],
          "to_variable": {
            "key": "_SUa8EK1lEDaEStxDp92ZlQ",
            "name": "leiter",
            "type": null,
            "modifiers": [
              "private"
            ],
            "position": {}
          },
          "position": {}
        }
      }
    },
    "fields_to_fields_data_clump-./Tutorium-__sT8AK1lEDaEStxDp92ZlQ-_X2Keoa1rEDaEStxDp92ZlQ-nummerbezeichnungdatum": {
      "type": "data_clump",
      "key": "fields_to_fields_data_clump-./Tutorium-__sT8AK1lEDaEStxDp92ZlQ-_X2Keoa1rEDaEStxDp92ZlQ-nummerbezeichnungdatum",
      "probability": 1,
      "from_file_path": "./Tutorium",
      "from_class_or_interface_name": "Tutorium",
      "from_class_or_interface_key": "__sT8AK1lEDaEStxDp92ZlQ",
      "from_method_name": null,
      "from_method_key": null,
      "to_file_path": "./Tutorium2",
      "to_class_or_interface_key": "_X2Keoa1rEDaEStxDp92ZlQ",
      "to_class_or_interface_name": "Tutorium",
      "to_method_key": null,
      "to_method_name": null,
      "data_clump_type": "fields_to_fields_data_clump",
      "data_clump_data": {
        "_BPVN8K1mEDaEStxDp92ZlQ": {
          "key": "_BPVN8K1mEDaEStxDp92ZlQ",
          "name": "nummer",
          "type": null,
          "probability": 1,
          "modifiers": [
            "private"
          ],
          "to_variable": {
            "key": "_X2Keoq1rEDaEStxDp92ZlQ",
            "name": "nummer",
            "type": null,
            "modifiers": [
              "private"
            ],
            "position": {}
          },
          "position": {}
        },
        "_Dew58a1mEDaEStxDp92ZlQ": {
          "key": "_Dew58a1mEDaEStxDp92ZlQ",
          "name": "bezeichnung",
          "type": null,
          "probability": 1,
          "modifiers": [
            "private"
          ],
          "to_variable": {
            "key": "_X2Keo61rEDaEStxDp92ZlQ",
            "name": "bezeichnung",
            "type": null,
            "modifiers": [
              "private"
            ],
            "position": {}
          },
          "position": {}
        },
        "_GEZfcK1mEDaEStxDp92ZlQ": {
          "key": "_GEZfcK1mEDaEStxDp92ZlQ",
          "name": "datum",
          "type": null,
          "probability": 1,
          "modifiers": [
            "private"
          ],
          "to_variable": {
            "key": "_X2LFsK1rEDaEStxDp92ZlQ",
            "name": "datum",
            "type": null,
            "modifiers": [
              "private"
            ],
            "position": {}
          },
          "position": {}
        }
      }
    },
    "fields_to_fields_data_clump-./Tutorium2-_X2Keoa1rEDaEStxDp92ZlQ-__sT8AK1lEDaEStxDp92ZlQ-nummerbezeichnungdatum": {
      "type": "data_clump",
      "key": "fields_to_fields_data_clump-./Tutorium2-_X2Keoa1rEDaEStxDp92ZlQ-__sT8AK1lEDaEStxDp92ZlQ-nummerbezeichnungdatum",
      "probability": 1,
      "from_file_path": "./Tutorium2",
      "from_class_or_interface_name": "Tutorium2",
      "from_class_or_interface_key": "_X2Keoa1rEDaEStxDp92ZlQ",
      "from_method_name": null,
      "from_method_key": null,
      "to_file_path": "./Tutorium",
      "to_class_or_interface_key": "__sT8AK1lEDaEStxDp92ZlQ",
      "to_class_or_interface_name": "Tutorium2",
      "to_method_key": null,
      "to_method_name": null,
      "data_clump_type": "fields_to_fields_data_clump",
      "data_clump_data": {
        "_X2Keoq1rEDaEStxDp92ZlQ": {
          "key": "_X2Keoq1rEDaEStxDp92ZlQ",
          "name": "nummer",
          "type": null,
          "probability": 1,
          "modifiers": [
            "private"
          ],
          "to_variable": {
            "key": "_BPVN8K1mEDaEStxDp92ZlQ",
            "name": "nummer",
            "type": null,
            "modifiers": [
              "private"
            ],
            "position": {}
          },
          "position": {}
        },
        "_X2Keo61rEDaEStxDp92ZlQ": {
          "key": "_X2Keo61rEDaEStxDp92ZlQ",
          "name": "bezeichnung",
          "type": null,
          "probability": 1,
          "modifiers": [
            "private"
          ],
          "to_variable": {
            "key": "_Dew58a1mEDaEStxDp92ZlQ",
            "name": "bezeichnung",
            "type": null,
            "modifiers": [
              "private"
            ],
            "position": {}
          },
          "position": {}
        },
        "_X2LFsK1rEDaEStxDp92ZlQ": {
          "key": "_X2LFsK1rEDaEStxDp92ZlQ",
          "name": "datum",
          "type": null,
          "probability": 1,
          "modifiers": [
            "private"
          ],
          "to_variable": {
            "key": "_GEZfcK1mEDaEStxDp92ZlQ",
            "name": "datum",
            "type": null,
            "modifiers": [
              "private"
            ],
            "position": {}
          },
          "position": {}
        }
      }
    }
  }
}