{
  "report_version": "^0.1.102",
  "report_timestamp": "2025-09-02T21:52:54.239Z",
  "target_language": "NGSI-LD",
  "report_summary": {
    "additional": {
      "invertedIndexSoftwareProjectStatistics": {
        "invertedFieldToClasses": {
          "median": 1,
          "maximum": 7,
          "average": 2.3255813953488373,
          "amountSavedValuesForKeys": 100,
          "amountKeys": 4
        },
        "invertedParameterToMethods": {
          "median": 0,
          "maximum": 0,
          "average": null,
          "amountSavedValuesForKeys": 0,
          "amountKeys": 0
        },
        "invertedParameterToClasses": {
          "median": 1,
          "maximum": 7,
          "average": 2.3255813953488373,
          "amountSavedValuesForKeys": 100,
          "amountKeys": 4
        }
      },
      "timer_information": {
        "ast_generation_time_ms": 9,
        "detection_time_ms": 2,
        "machine_information": {
          "os": "Darwin",
          "os_release": "22.5.0",
          "os_platform": "darwin",
          "os_arch": "x64",
          "os_uptime": 1932368,
          "os_memory_free": 6823137280,
          "os_memory_total": 34359738368,
          "os_cpu_cores": 12,
          "os_cpu_model": "Intel(R) Core(TM) i7-9750H CPU @ 2.60GHz",
          "os_cpu_speed": 2600
        }
      }
    },
    "amount_classes_or_interfaces_with_data_clumps": 4,
    "amount_files_with_data_clumps": 4,
    "amount_methods_with_data_clumps": 0,
    "fields_to_fields_data_clump": 6,
    "parameters_to_fields_data_clump": 0,
    "parameters_to_parameters_data_clump": 0,
    "amount_data_clumps": 6
  },
  "project_info": {
    "project_url": "https://github.com/smart-data-models/dataModel.SatelliteImagery",
    "project_name": "dataModel.SatelliteImagery",
    "project_version": "6ca9cad227ed2d33bd4063d27a72706b3748b46c",
    "project_commit_hash": "6ca9cad227ed2d33bd4063d27a72706b3748b46c",
    "project_tag": null,
    "project_commit_date": "1741252558",
    "additional": {},
    "number_of_files": 7,
    "number_of_classes_or_interfaces": 7,
    "number_of_methods": 0,
    "number_of_data_fields": 100,
    "number_of_method_parameters": 0
  },
  "detector": {
    "name": "data-clumps-doctor",
    "url": "https://github.com/NilsBaumgartner1994/data-clumps-doctor",
    "version": "0.1.101",
    "options": {
      "fastDetection": true,
      "ignorePaths": [],
      "similarityModifierOfVariablesWithUnknownType": 0,
      "fieldsOfClassesWithUnknownHierarchyProbabilityModifier": 0,
      "sharedFieldsToFieldsAmountMinimum": 3,
      "analyseFieldsInClassesOrInterfacesInheritedFromSuperClassesOrInterfaces": false,
      "sharedParametersToParametersAmountMinimum": 3,
      "sharedParametersToFieldsAmountMinimum": 3,
      "methodsOfClassesOrInterfacesWithUnknownHierarchyProbabilityModifier": 0,
      "ignoredVariableNames": [
        "alternateName",
        "dataProvider",
        "dateCreated",
        "dateModified",
        "description",
        "name",
        "source"
      ]
    }
  },
  "data_clumps": {
    "fields_to_fields_data_clump-EOAnalysis/schemaDTDL.json-dtmi:com:ngsi-ld:EOAnalysis;0-dtmi:com:ngsi-ld:EOSatelliteImagery;0-analysisTypeareaServedproviderresultDescription": {
      "type": "data_clump",
      "key": "fields_to_fields_data_clump-EOAnalysis/schemaDTDL.json-dtmi:com:ngsi-ld:EOAnalysis;0-dtmi:com:ngsi-ld:EOSatelliteImagery;0-analysisTypeareaServedproviderresultDescription",
      "probability": 1,
      "from_file_path": "EOAnalysis/schemaDTDL.json",
      "from_class_or_interface_name": "EOAnalysis",
      "from_class_or_interface_key": "dtmi:com:ngsi-ld:EOAnalysis;0",
      "from_method_name": null,
      "from_method_key": null,
      "to_file_path": "EOSatelliteImagery/schemaDTDL.json",
      "to_class_or_interface_key": "dtmi:com:ngsi-ld:EOSatelliteImagery;0",
      "to_class_or_interface_name": "EOAnalysis",
      "to_method_key": null,
      "to_method_name": null,
      "data_clump_type": "fields_to_fields_data_clump",
      "data_clump_data": {
        "dtmi:com:ngsi-ld:EOAnalysis;0/memberField/dtmi:com:ngsi-ld:EOAnalysis;0#analysisType": {
          "key": "dtmi:com:ngsi-ld:EOAnalysis;0/memberField/dtmi:com:ngsi-ld:EOAnalysis;0#analysisType",
          "name": "analysisType",
          "type": "string",
          "probability": 1,
          "modifiers": [],
          "to_variable": {
            "key": "dtmi:com:ngsi-ld:EOSatelliteImagery;0/memberField/dtmi:com:ngsi-ld:EOSatelliteImagery;0#analysisType",
            "name": "analysisType",
            "type": "string",
            "modifiers": [],
            "position": {}
          },
          "position": {}
        },
        "dtmi:com:ngsi-ld:EOAnalysis;0/memberField/dtmi:com:ngsi-ld:EOAnalysis;0#areaServed": {
          "key": "dtmi:com:ngsi-ld:EOAnalysis;0/memberField/dtmi:com:ngsi-ld:EOAnalysis;0#areaServed",
          "name": "areaServed",
          "type": "string",
          "probability": 1,
          "modifiers": [],
          "to_variable": {
            "key": "dtmi:com:ngsi-ld:EOSatelliteImagery;0/memberField/dtmi:com:ngsi-ld:EOSatelliteImagery;0#areaServed",
            "name": "areaServed",
            "type": "string",
            "modifiers": [],
            "position": {}
          },
          "position": {}
        },
        "dtmi:com:ngsi-ld:EOAnalysis;0/memberField/dtmi:com:ngsi-ld:EOAnalysis;0#provider": {
          "key": "dtmi:com:ngsi-ld:EOAnalysis;0/memberField/dtmi:com:ngsi-ld:EOAnalysis;0#provider",
          "name": "provider",
          "type": "string",
          "probability": 1,
          "modifiers": [],
          "to_variable": {
            "key": "dtmi:com:ngsi-ld:EOSatelliteImagery;0/memberField/dtmi:com:ngsi-ld:EOSatelliteImagery;0#provider",
            "name": "provider",
            "type": "string",
            "modifiers": [],
            "position": {}
          },
          "position": {}
        },
        "dtmi:com:ngsi-ld:EOAnalysis;0/memberField/dtmi:com:ngsi-ld:EOAnalysis;0#resultDescription": {
          "key": "dtmi:com:ngsi-ld:EOAnalysis;0/memberField/dtmi:com:ngsi-ld:EOAnalysis;0#resultDescription",
          "name": "resultDescription",
          "type": "string",
          "probability": 1,
          "modifiers": [],
          "to_variable": {
            "key": "dtmi:com:ngsi-ld:EOSatelliteImagery;0/memberField/dtmi:com:ngsi-ld:EOSatelliteImagery;0#resultDescription",
            "name": "resultDescription",
            "type": "string",
            "modifiers": [],
            "position": {}
          },
          "position": {}
        }
      }
    },
    "fields_to_fields_data_clump-EOGeoDataLayer/schemaDTDL.json-dtmi:com:ngsi-ld:EOGeoDataLayer;0-dtmi:com:ngsi-ld:EOSatelliteImagery;0-areaServedlocalServerPathstorageFormat": {
      "type": "data_clump",
      "key": "fields_to_fields_data_clump-EOGeoDataLayer/schemaDTDL.json-dtmi:com:ngsi-ld:EOGeoDataLayer;0-dtmi:com:ngsi-ld:EOSatelliteImagery;0-areaServedlocalServerPathstorageFormat",
      "probability": 1,
      "from_file_path": "EOGeoDataLayer/schemaDTDL.json",
      "from_class_or_interface_name": "EOGeoDataLayer",
      "from_class_or_interface_key": "dtmi:com:ngsi-ld:EOGeoDataLayer;0",
      "from_method_name": null,
      "from_method_key": null,
      "to_file_path": "EOSatelliteImagery/schemaDTDL.json",
      "to_class_or_interface_key": "dtmi:com:ngsi-ld:EOSatelliteImagery;0",
      "to_class_or_interface_name": "EOGeoDataLayer",
      "to_method_key": null,
      "to_method_name": null,
      "data_clump_type": "fields_to_fields_data_clump",
      "data_clump_data": {
        "dtmi:com:ngsi-ld:EOGeoDataLayer;0/memberField/dtmi:com:ngsi-ld:EOGeoDataLayer;0#areaServed": {
          "key": "dtmi:com:ngsi-ld:EOGeoDataLayer;0/memberField/dtmi:com:ngsi-ld:EOGeoDataLayer;0#areaServed",
          "name": "areaServed",
          "type": "string",
          "probability": 1,
          "modifiers": [],
          "to_variable": {
            "key": "dtmi:com:ngsi-ld:EOSatelliteImagery;0/memberField/dtmi:com:ngsi-ld:EOSatelliteImagery;0#areaServed",
            "name": "areaServed",
            "type": "string",
            "modifiers": [],
            "position": {}
          },
          "position": {}
        },
        "dtmi:com:ngsi-ld:EOGeoDataLayer;0/memberField/dtmi:com:ngsi-ld:EOGeoDataLayer;0#localServerPath": {
          "key": "dtmi:com:ngsi-ld:EOGeoDataLayer;0/memberField/dtmi:com:ngsi-ld:EOGeoDataLayer;0#localServerPath",
          "name": "localServerPath",
          "type": "string",
          "probability": 1,
          "modifiers": [],
          "to_variable": {
            "key": "dtmi:com:ngsi-ld:EOSatelliteImagery;0/memberField/dtmi:com:ngsi-ld:EOSatelliteImagery;0#localServerPath",
            "name": "localServerPath",
            "type": "string",
            "modifiers": [],
            "position": {}
          },
          "position": {}
        },
        "dtmi:com:ngsi-ld:EOGeoDataLayer;0/memberField/dtmi:com:ngsi-ld:EOGeoDataLayer;0#storageFormat": {
          "key": "dtmi:com:ngsi-ld:EOGeoDataLayer;0/memberField/dtmi:com:ngsi-ld:EOGeoDataLayer;0#storageFormat",
          "name": "storageFormat",
          "type": "string",
          "probability": 1,
          "modifiers": [],
          "to_variable": {
            "key": "dtmi:com:ngsi-ld:EOSatelliteImagery;0/memberField/dtmi:com:ngsi-ld:EOSatelliteImagery;0#storageFormat",
            "name": "storageFormat",
            "type": "string",
            "modifiers": [],
            "position": {}
          },
          "position": {}
        }
      }
    },
    "fields_to_fields_data_clump-EOProduct/schemaDTDL.json-dtmi:com:ngsi-ld:EOProduct;0-dtmi:com:ngsi-ld:EOSatelliteImagery;0-areaServedorbitNumberproductFormatproductIDproductTypeproductURL": {
      "type": "data_clump",
      "key": "fields_to_fields_data_clump-EOProduct/schemaDTDL.json-dtmi:com:ngsi-ld:EOProduct;0-dtmi:com:ngsi-ld:EOSatelliteImagery;0-areaServedorbitNumberproductFormatproductIDproductTypeproductURL",
      "probability": 1,
      "from_file_path": "EOProduct/schemaDTDL.json",
      "from_class_or_interface_name": "EOProduct",
      "from_class_or_interface_key": "dtmi:com:ngsi-ld:EOProduct;0",
      "from_method_name": null,
      "from_method_key": null,
      "to_file_path": "EOSatelliteImagery/schemaDTDL.json",
      "to_class_or_interface_key": "dtmi:com:ngsi-ld:EOSatelliteImagery;0",
      "to_class_or_interface_name": "EOProduct",
      "to_method_key": null,
      "to_method_name": null,
      "data_clump_type": "fields_to_fields_data_clump",
      "data_clump_data": {
        "dtmi:com:ngsi-ld:EOProduct;0/memberField/dtmi:com:ngsi-ld:EOProduct;0#areaServed": {
          "key": "dtmi:com:ngsi-ld:EOProduct;0/memberField/dtmi:com:ngsi-ld:EOProduct;0#areaServed",
          "name": "areaServed",
          "type": "string",
          "probability": 1,
          "modifiers": [],
          "to_variable": {
            "key": "dtmi:com:ngsi-ld:EOSatelliteImagery;0/memberField/dtmi:com:ngsi-ld:EOSatelliteImagery;0#areaServed",
            "name": "areaServed",
            "type": "string",
            "modifiers": [],
            "position": {}
          },
          "position": {}
        },
        "dtmi:com:ngsi-ld:EOProduct;0/memberField/dtmi:com:ngsi-ld:EOProduct;0#orbitNumber": {
          "key": "dtmi:com:ngsi-ld:EOProduct;0/memberField/dtmi:com:ngsi-ld:EOProduct;0#orbitNumber",
          "name": "orbitNumber",
          "type": "long",
          "probability": 1,
          "modifiers": [],
          "to_variable": {
            "key": "dtmi:com:ngsi-ld:EOSatelliteImagery;0/memberField/dtmi:com:ngsi-ld:EOSatelliteImagery;0#orbitNumber",
            "name": "orbitNumber",
            "type": "long",
            "modifiers": [],
            "position": {}
          },
          "position": {}
        },
        "dtmi:com:ngsi-ld:EOProduct;0/memberField/dtmi:com:ngsi-ld:EOProduct;0#productFormat": {
          "key": "dtmi:com:ngsi-ld:EOProduct;0/memberField/dtmi:com:ngsi-ld:EOProduct;0#productFormat",
          "name": "productFormat",
          "type": "string",
          "probability": 1,
          "modifiers": [],
          "to_variable": {
            "key": "dtmi:com:ngsi-ld:EOSatelliteImagery;0/memberField/dtmi:com:ngsi-ld:EOSatelliteImagery;0#productFormat",
            "name": "productFormat",
            "type": "string",
            "modifiers": [],
            "position": {}
          },
          "position": {}
        },
        "dtmi:com:ngsi-ld:EOProduct;0/memberField/dtmi:com:ngsi-ld:EOProduct;0#productID": {
          "key": "dtmi:com:ngsi-ld:EOProduct;0/memberField/dtmi:com:ngsi-ld:EOProduct;0#productID",
          "name": "productID",
          "type": "string",
          "probability": 1,
          "modifiers": [],
          "to_variable": {
            "key": "dtmi:com:ngsi-ld:EOSatelliteImagery;0/memberField/dtmi:com:ngsi-ld:EOSatelliteImagery;0#productID",
            "name": "productID",
            "type": "string",
            "modifiers": [],
            "position": {}
          },
          "position": {}
        },
        "dtmi:com:ngsi-ld:EOProduct;0/memberField/dtmi:com:ngsi-ld:EOProduct;0#productType": {
          "key": "dtmi:com:ngsi-ld:EOProduct;0/memberField/dtmi:com:ngsi-ld:EOProduct;0#productType",
          "name": "productType",
          "type": "string",
          "probability": 1,
          "modifiers": [],
          "to_variable": {
            "key": "dtmi:com:ngsi-ld:EOSatelliteImagery;0/memberField/dtmi:com:ngsi-ld:EOSatelliteImagery;0#productType",
            "name": "productType",
            "type": "string",
            "modifiers": [],
            "position": {}
          },
          "position": {}
        },
        "dtmi:com:ngsi-ld:EOProduct;0/memberField/dtmi:com:ngsi-ld:EOProduct;0#productURL": {
          "key": "dtmi:com:ngsi-ld:EOProduct;0/memberField/dtmi:com:ngsi-ld:EOProduct;0#productURL",
          "name": "productURL",
          "type": "string",
          "probability": 1,
          "modifiers": [],
          "to_variable": {
            "key": "dtmi:com:ngsi-ld:EOSatelliteImagery;0/memberField/dtmi:com:ngsi-ld:EOSatelliteImagery;0#productURL",
            "name": "productURL",
            "type": "string",
            "modifiers": [],
            "position": {}
          },
          "position": {}
        }
      }
    },
    "fields_to_fields_data_clump-EOSatelliteImagery/schemaDTDL.json-dtmi:com:ngsi-ld:EOSatelliteImagery;0-dtmi:com:ngsi-ld:EOAnalysis;0-analysisTypeareaServedproviderresultDescription": {
      "type": "data_clump",
      "key": "fields_to_fields_data_clump-EOSatelliteImagery/schemaDTDL.json-dtmi:com:ngsi-ld:EOSatelliteImagery;0-dtmi:com:ngsi-ld:EOAnalysis;0-analysisTypeareaServedproviderresultDescription",
      "probability": 1,
      "from_file_path": "EOSatelliteImagery/schemaDTDL.json",
      "from_class_or_interface_name": "EOSatelliteImagery",
      "from_class_or_interface_key": "dtmi:com:ngsi-ld:EOSatelliteImagery;0",
      "from_method_name": null,
      "from_method_key": null,
      "to_file_path": "EOAnalysis/schemaDTDL.json",
      "to_class_or_interface_key": "dtmi:com:ngsi-ld:EOAnalysis;0",
      "to_class_or_interface_name": "EOSatelliteImagery",
      "to_method_key": null,
      "to_method_name": null,
      "data_clump_type": "fields_to_fields_data_clump",
      "data_clump_data": {
        "dtmi:com:ngsi-ld:EOSatelliteImagery;0/memberField/dtmi:com:ngsi-ld:EOSatelliteImagery;0#analysisType": {
          "key": "dtmi:com:ngsi-ld:EOSatelliteImagery;0/memberField/dtmi:com:ngsi-ld:EOSatelliteImagery;0#analysisType",
          "name": "analysisType",
          "type": "string",
          "probability": 1,
          "modifiers": [],
          "to_variable": {
            "key": "dtmi:com:ngsi-ld:EOAnalysis;0/memberField/dtmi:com:ngsi-ld:EOAnalysis;0#analysisType",
            "name": "analysisType",
            "type": "string",
            "modifiers": [],
            "position": {}
          },
          "position": {}
        },
        "dtmi:com:ngsi-ld:EOSatelliteImagery;0/memberField/dtmi:com:ngsi-ld:EOSatelliteImagery;0#areaServed": {
          "key": "dtmi:com:ngsi-ld:EOSatelliteImagery;0/memberField/dtmi:com:ngsi-ld:EOSatelliteImagery;0#areaServed",
          "name": "areaServed",
          "type": "string",
          "probability": 1,
          "modifiers": [],
          "to_variable": {
            "key": "dtmi:com:ngsi-ld:EOAnalysis;0/memberField/dtmi:com:ngsi-ld:EOAnalysis;0#areaServed",
            "name": "areaServed",
            "type": "string",
            "modifiers": [],
            "position": {}
          },
          "position": {}
        },
        "dtmi:com:ngsi-ld:EOSatelliteImagery;0/memberField/dtmi:com:ngsi-ld:EOSatelliteImagery;0#provider": {
          "key": "dtmi:com:ngsi-ld:EOSatelliteImagery;0/memberField/dtmi:com:ngsi-ld:EOSatelliteImagery;0#provider",
          "name": "provider",
          "type": "string",
          "probability": 1,
          "modifiers": [],
          "to_variable": {
            "key": "dtmi:com:ngsi-ld:EOAnalysis;0/memberField/dtmi:com:ngsi-ld:EOAnalysis;0#provider",
            "name": "provider",
            "type": "string",
            "modifiers": [],
            "position": {}
          },
          "position": {}
        },
        "dtmi:com:ngsi-ld:EOSatelliteImagery;0/memberField/dtmi:com:ngsi-ld:EOSatelliteImagery;0#resultDescription": {
          "key": "dtmi:com:ngsi-ld:EOSatelliteImagery;0/memberField/dtmi:com:ngsi-ld:EOSatelliteImagery;0#resultDescription",
          "name": "resultDescription",
          "type": "string",
          "probability": 1,
          "modifiers": [],
          "to_variable": {
            "key": "dtmi:com:ngsi-ld:EOAnalysis;0/memberField/dtmi:com:ngsi-ld:EOAnalysis;0#resultDescription",
            "name": "resultDescription",
            "type": "string",
            "modifiers": [],
            "position": {}
          },
          "position": {}
        }
      }
    },
    "fields_to_fields_data_clump-EOSatelliteImagery/schemaDTDL.json-dtmi:com:ngsi-ld:EOSatelliteImagery;0-dtmi:com:ngsi-ld:EOGeoDataLayer;0-areaServedlocalServerPathstorageFormat": {
      "type": "data_clump",
      "key": "fields_to_fields_data_clump-EOSatelliteImagery/schemaDTDL.json-dtmi:com:ngsi-ld:EOSatelliteImagery;0-dtmi:com:ngsi-ld:EOGeoDataLayer;0-areaServedlocalServerPathstorageFormat",
      "probability": 1,
      "from_file_path": "EOSatelliteImagery/schemaDTDL.json",
      "from_class_or_interface_name": "EOSatelliteImagery",
      "from_class_or_interface_key": "dtmi:com:ngsi-ld:EOSatelliteImagery;0",
      "from_method_name": null,
      "from_method_key": null,
      "to_file_path": "EOGeoDataLayer/schemaDTDL.json",
      "to_class_or_interface_key": "dtmi:com:ngsi-ld:EOGeoDataLayer;0",
      "to_class_or_interface_name": "EOSatelliteImagery",
      "to_method_key": null,
      "to_method_name": null,
      "data_clump_type": "fields_to_fields_data_clump",
      "data_clump_data": {
        "dtmi:com:ngsi-ld:EOSatelliteImagery;0/memberField/dtmi:com:ngsi-ld:EOSatelliteImagery;0#areaServed": {
          "key": "dtmi:com:ngsi-ld:EOSatelliteImagery;0/memberField/dtmi:com:ngsi-ld:EOSatelliteImagery;0#areaServed",
          "name": "areaServed",
          "type": "string",
          "probability": 1,
          "modifiers": [],
          "to_variable": {
            "key": "dtmi:com:ngsi-ld:EOGeoDataLayer;0/memberField/dtmi:com:ngsi-ld:EOGeoDataLayer;0#areaServed",
            "name": "areaServed",
            "type": "string",
            "modifiers": [],
            "position": {}
          },
          "position": {}
        },
        "dtmi:com:ngsi-ld:EOSatelliteImagery;0/memberField/dtmi:com:ngsi-ld:EOSatelliteImagery;0#localServerPath": {
          "key": "dtmi:com:ngsi-ld:EOSatelliteImagery;0/memberField/dtmi:com:ngsi-ld:EOSatelliteImagery;0#localServerPath",
          "name": "localServerPath",
          "type": "string",
          "probability": 1,
          "modifiers": [],
          "to_variable": {
            "key": "dtmi:com:ngsi-ld:EOGeoDataLayer;0/memberField/dtmi:com:ngsi-ld:EOGeoDataLayer;0#localServerPath",
            "name": "localServerPath",
            "type": "string",
            "modifiers": [],
            "position": {}
          },
          "position": {}
        },
        "dtmi:com:ngsi-ld:EOSatelliteImagery;0/memberField/dtmi:com:ngsi-ld:EOSatelliteImagery;0#storageFormat": {
          "key": "dtmi:com:ngsi-ld:EOSatelliteImagery;0/memberField/dtmi:com:ngsi-ld:EOSatelliteImagery;0#storageFormat",
          "name": "storageFormat",
          "type": "string",
          "probability": 1,
          "modifiers": [],
          "to_variable": {
            "key": "dtmi:com:ngsi-ld:EOGeoDataLayer;0/memberField/dtmi:com:ngsi-ld:EOGeoDataLayer;0#storageFormat",
            "name": "storageFormat",
            "type": "string",
            "modifiers": [],
            "position": {}
          },
          "position": {}
        }
      }
    },
    "fields_to_fields_data_clump-EOSatelliteImagery/schemaDTDL.json-dtmi:com:ngsi-ld:EOSatelliteImagery;0-dtmi:com:ngsi-ld:EOProduct;0-areaServedorbitNumberproductFormatproductIDproductTypeproductURL": {
      "type": "data_clump",
      "key": "fields_to_fields_data_clump-EOSatelliteImagery/schemaDTDL.json-dtmi:com:ngsi-ld:EOSatelliteImagery;0-dtmi:com:ngsi-ld:EOProduct;0-areaServedorbitNumberproductFormatproductIDproductTypeproductURL",
      "probability": 1,
      "from_file_path": "EOSatelliteImagery/schemaDTDL.json",
      "from_class_or_interface_name": "EOSatelliteImagery",
      "from_class_or_interface_key": "dtmi:com:ngsi-ld:EOSatelliteImagery;0",
      "from_method_name": null,
      "from_method_key": null,
      "to_file_path": "EOProduct/schemaDTDL.json",
      "to_class_or_interface_key": "dtmi:com:ngsi-ld:EOProduct;0",
      "to_class_or_interface_name": "EOSatelliteImagery",
      "to_method_key": null,
      "to_method_name": null,
      "data_clump_type": "fields_to_fields_data_clump",
      "data_clump_data": {
        "dtmi:com:ngsi-ld:EOSatelliteImagery;0/memberField/dtmi:com:ngsi-ld:EOSatelliteImagery;0#areaServed": {
          "key": "dtmi:com:ngsi-ld:EOSatelliteImagery;0/memberField/dtmi:com:ngsi-ld:EOSatelliteImagery;0#areaServed",
          "name": "areaServed",
          "type": "string",
          "probability": 1,
          "modifiers": [],
          "to_variable": {
            "key": "dtmi:com:ngsi-ld:EOProduct;0/memberField/dtmi:com:ngsi-ld:EOProduct;0#areaServed",
            "name": "areaServed",
            "type": "string",
            "modifiers": [],
            "position": {}
          },
          "position": {}
        },
        "dtmi:com:ngsi-ld:EOSatelliteImagery;0/memberField/dtmi:com:ngsi-ld:EOSatelliteImagery;0#orbitNumber": {
          "key": "dtmi:com:ngsi-ld:EOSatelliteImagery;0/memberField/dtmi:com:ngsi-ld:EOSatelliteImagery;0#orbitNumber",
          "name": "orbitNumber",
          "type": "long",
          "probability": 1,
          "modifiers": [],
          "to_variable": {
            "key": "dtmi:com:ngsi-ld:EOProduct;0/memberField/dtmi:com:ngsi-ld:EOProduct;0#orbitNumber",
            "name": "orbitNumber",
            "type": "long",
            "modifiers": [],
            "position": {}
          },
          "position": {}
        },
        "dtmi:com:ngsi-ld:EOSatelliteImagery;0/memberField/dtmi:com:ngsi-ld:EOSatelliteImagery;0#productFormat": {
          "key": "dtmi:com:ngsi-ld:EOSatelliteImagery;0/memberField/dtmi:com:ngsi-ld:EOSatelliteImagery;0#productFormat",
          "name": "productFormat",
          "type": "string",
          "probability": 1,
          "modifiers": [],
          "to_variable": {
            "key": "dtmi:com:ngsi-ld:EOProduct;0/memberField/dtmi:com:ngsi-ld:EOProduct;0#productFormat",
            "name": "productFormat",
            "type": "string",
            "modifiers": [],
            "position": {}
          },
          "position": {}
        },
        "dtmi:com:ngsi-ld:EOSatelliteImagery;0/memberField/dtmi:com:ngsi-ld:EOSatelliteImagery;0#productID": {
          "key": "dtmi:com:ngsi-ld:EOSatelliteImagery;0/memberField/dtmi:com:ngsi-ld:EOSatelliteImagery;0#productID",
          "name": "productID",
          "type": "string",
          "probability": 1,
          "modifiers": [],
          "to_variable": {
            "key": "dtmi:com:ngsi-ld:EOProduct;0/memberField/dtmi:com:ngsi-ld:EOProduct;0#productID",
            "name": "productID",
            "type": "string",
            "modifiers": [],
            "position": {}
          },
          "position": {}
        },
        "dtmi:com:ngsi-ld:EOSatelliteImagery;0/memberField/dtmi:com:ngsi-ld:EOSatelliteImagery;0#productType": {
          "key": "dtmi:com:ngsi-ld:EOSatelliteImagery;0/memberField/dtmi:com:ngsi-ld:EOSatelliteImagery;0#productType",
          "name": "productType",
          "type": "string",
          "probability": 1,
          "modifiers": [],
          "to_variable": {
            "key": "dtmi:com:ngsi-ld:EOProduct;0/memberField/dtmi:com:ngsi-ld:EOProduct;0#productType",
            "name": "productType",
            "type": "string",
            "modifiers": [],
            "position": {}
          },
          "position": {}
        },
        "dtmi:com:ngsi-ld:EOSatelliteImagery;0/memberField/dtmi:com:ngsi-ld:EOSatelliteImagery;0#productURL": {
          "key": "dtmi:com:ngsi-ld:EOSatelliteImagery;0/memberField/dtmi:com:ngsi-ld:EOSatelliteImagery;0#productURL",
          "name": "productURL",
          "type": "string",
          "probability": 1,
          "modifiers": [],
          "to_variable": {
            "key": "dtmi:com:ngsi-ld:EOProduct;0/memberField/dtmi:com:ngsi-ld:EOProduct;0#productURL",
            "name": "productURL",
            "type": "string",
            "modifiers": [],
            "position": {}
          },
          "position": {}
        }
      }
    }
  }
}