{
  "report_version": "unknown",
  "report_timestamp": "2025-03-26T22:02:07.693Z",
  "target_language": "java",
  "report_summary": {
    "additional": null,
    "amount_classes_or_interfaces_with_data_clumps": 4,
    "amount_files_with_data_clumps": 4,
    "amount_methods_with_data_clumps": 0,
    "fields_to_fields_data_clump": 4,
    "parameters_to_fields_data_clump": 0,
    "parameters_to_parameters_data_clump": 0,
    "amount_data_clumps": 4
  },
  "project_info": {
    "project_url": "unknown_project_url",
    "project_name": "_gJd-QHSPEeyzq6ra3GZCdA",
    "project_version": "unknown_project_version",
    "project_commit_hash": "unknown",
    "project_tag": null,
    "project_commit_date": null,
    "additional": {},
    "number_of_files": 46,
    "number_of_classes_or_interfaces": 46,
    "number_of_methods": 46,
    "number_of_data_fields": 67,
    "number_of_method_parameters": 0
  },
  "detector": {
    "name": "data-clumps-doctor",
    "url": "https://github.com/NilsBaumgartner1994/data-clumps-doctor",
    "version": "0.1.100",
    "options": {
      "typeVariablesConsidered": false,
      "similarityModifierOfVariablesWithUnknownType": 0,
      "fieldsOfClassesWithUnknownHierarchyProbabilityModifier": 0,
      "sharedFieldsToFieldsAmountMinimum": 3,
      "analyseFieldsInClassesOrInterfacesInheritedFromSuperClassesOrInterfaces": false,
      "sharedParametersToParametersAmountMinimum": 3,
      "sharedParametersToFieldsAmountMinimum": 3,
      "methodsOfClassesOrInterfacesWithUnknownHierarchyProbabilityModifier": 0
    }
  },
  "data_clumps": {
    "fields_to_fields_data_clump-./AddProductController-_DV0k2l7zEDqIxetInUndnQ-_GNctsF79EDqIxetInUndnQ-attributeaddCommandmediator": {
      "type": "data_clump",
      "key": "fields_to_fields_data_clump-./AddProductController-_DV0k2l7zEDqIxetInUndnQ-_GNctsF79EDqIxetInUndnQ-attributeaddCommandmediator",
      "probability": 1,
      "from_file_path": "./AddProductController",
      "from_class_or_interface_name": "AddProductController",
      "from_class_or_interface_key": "_DV0k2l7zEDqIxetInUndnQ",
      "from_method_name": null,
      "from_method_key": null,
      "to_file_path": "./GetAllProductController",
      "to_class_or_interface_key": "_GNctsF79EDqIxetInUndnQ",
      "to_class_or_interface_name": "AddProductController",
      "to_method_key": null,
      "to_method_name": null,
      "data_clump_type": "fields_to_fields_data_clump",
      "data_clump_data": {
        "_DV0k217zEDqIxetInUndnQ": {
          "key": "_DV0k217zEDqIxetInUndnQ",
          "name": "attribute",
          "type": null,
          "probability": 1,
          "modifiers": [
            "public"
          ],
          "to_variable": {
            "key": "_GNctsV79EDqIxetInUndnQ",
            "name": "attribute",
            "type": null,
            "modifiers": [
              "public"
            ],
            "position": {}
          },
          "position": {}
        },
        "_DV0k3F7zEDqIxetInUndnQ": {
          "key": "_DV0k3F7zEDqIxetInUndnQ",
          "name": "addCommand",
          "type": null,
          "probability": 1,
          "modifiers": [
            "public"
          ],
          "to_variable": {
            "key": "_GNctsl79EDqIxetInUndnQ",
            "name": "addCommand",
            "type": null,
            "modifiers": [
              "public"
            ],
            "position": {}
          },
          "position": {}
        },
        "_okz04F78EDqIxetInUndnQ": {
          "key": "_okz04F78EDqIxetInUndnQ",
          "name": "mediator",
          "type": null,
          "probability": 1,
          "modifiers": [
            "public"
          ],
          "to_variable": {
            "key": "_GNcts179EDqIxetInUndnQ",
            "name": "mediator",
            "type": null,
            "modifiers": [
              "public"
            ],
            "position": {}
          },
          "position": {}
        }
      }
    },
    "fields_to_fields_data_clump-./GetAllProductController-_GNctsF79EDqIxetInUndnQ-_DV0k2l7zEDqIxetInUndnQ-attributeaddCommandmediator": {
      "type": "data_clump",
      "key": "fields_to_fields_data_clump-./GetAllProductController-_GNctsF79EDqIxetInUndnQ-_DV0k2l7zEDqIxetInUndnQ-attributeaddCommandmediator",
      "probability": 1,
      "from_file_path": "./GetAllProductController",
      "from_class_or_interface_name": "GetAllProductController",
      "from_class_or_interface_key": "_GNctsF79EDqIxetInUndnQ",
      "from_method_name": null,
      "from_method_key": null,
      "to_file_path": "./AddProductController",
      "to_class_or_interface_key": "_DV0k2l7zEDqIxetInUndnQ",
      "to_class_or_interface_name": "GetAllProductController",
      "to_method_key": null,
      "to_method_name": null,
      "data_clump_type": "fields_to_fields_data_clump",
      "data_clump_data": {
        "_GNctsV79EDqIxetInUndnQ": {
          "key": "_GNctsV79EDqIxetInUndnQ",
          "name": "attribute",
          "type": null,
          "probability": 1,
          "modifiers": [
            "public"
          ],
          "to_variable": {
            "key": "_DV0k217zEDqIxetInUndnQ",
            "name": "attribute",
            "type": null,
            "modifiers": [
              "public"
            ],
            "position": {}
          },
          "position": {}
        },
        "_GNctsl79EDqIxetInUndnQ": {
          "key": "_GNctsl79EDqIxetInUndnQ",
          "name": "addCommand",
          "type": null,
          "probability": 1,
          "modifiers": [
            "public"
          ],
          "to_variable": {
            "key": "_DV0k3F7zEDqIxetInUndnQ",
            "name": "addCommand",
            "type": null,
            "modifiers": [
              "public"
            ],
            "position": {}
          },
          "position": {}
        },
        "_GNcts179EDqIxetInUndnQ": {
          "key": "_GNcts179EDqIxetInUndnQ",
          "name": "mediator",
          "type": null,
          "probability": 1,
          "modifiers": [
            "public"
          ],
          "to_variable": {
            "key": "_okz04F78EDqIxetInUndnQ",
            "name": "mediator",
            "type": null,
            "modifiers": [
              "public"
            ],
            "position": {}
          },
          "position": {}
        }
      }
    },
    "fields_to_fields_data_clump-./Product(Abstract)-_DPEHc17xEDqIxetInUndnQ-_gJi2zXSPEeyzq6ra3GZCdA-TitlePublisherYearPrice": {
      "type": "data_clump",
      "key": "fields_to_fields_data_clump-./Product(Abstract)-_DPEHc17xEDqIxetInUndnQ-_gJi2zXSPEeyzq6ra3GZCdA-TitlePublisherYearPrice",
      "probability": 1,
      "from_file_path": "./Product(Abstract)",
      "from_class_or_interface_name": "Product(Abstract)",
      "from_class_or_interface_key": "_DPEHc17xEDqIxetInUndnQ",
      "from_method_name": null,
      "from_method_key": null,
      "to_file_path": "./Products(Abstract)",
      "to_class_or_interface_key": "_gJi2zXSPEeyzq6ra3GZCdA",
      "to_class_or_interface_name": "Product(Abstract)",
      "to_method_key": null,
      "to_method_name": null,
      "data_clump_type": "fields_to_fields_data_clump",
      "data_clump_data": {
        "_DPEHdF7xEDqIxetInUndnQ": {
          "key": "_DPEHdF7xEDqIxetInUndnQ",
          "name": "Title",
          "type": null,
          "probability": 1,
          "modifiers": [],
          "to_variable": {
            "key": "_gJi2znSPEeyzq6ra3GZCdA",
            "name": "Title",
            "type": null,
            "modifiers": [],
            "position": {}
          },
          "position": {}
        },
        "_DPEHdV7xEDqIxetInUndnQ": {
          "key": "_DPEHdV7xEDqIxetInUndnQ",
          "name": "Publisher",
          "type": null,
          "probability": 1,
          "modifiers": [],
          "to_variable": {
            "key": "_gJi2z3SPEeyzq6ra3GZCdA",
            "name": "Publisher",
            "type": null,
            "modifiers": [],
            "position": {}
          },
          "position": {}
        },
        "_DPEHdl7xEDqIxetInUndnQ": {
          "key": "_DPEHdl7xEDqIxetInUndnQ",
          "name": "Year",
          "type": null,
          "probability": 1,
          "modifiers": [],
          "to_variable": {
            "key": "_gJi20HSPEeyzq6ra3GZCdA",
            "name": "Year",
            "type": null,
            "modifiers": [],
            "position": {}
          },
          "position": {}
        },
        "_DPEHd17xEDqIxetInUndnQ": {
          "key": "_DPEHd17xEDqIxetInUndnQ",
          "name": "Price",
          "type": null,
          "probability": 1,
          "modifiers": [],
          "to_variable": {
            "key": "_gJi20XSPEeyzq6ra3GZCdA",
            "name": "Price",
            "type": null,
            "modifiers": [],
            "position": {}
          },
          "position": {}
        }
      }
    },
    "fields_to_fields_data_clump-./Products(Abstract)-_gJi2zXSPEeyzq6ra3GZCdA-_DPEHc17xEDqIxetInUndnQ-TitlePublisherYearPrice": {
      "type": "data_clump",
      "key": "fields_to_fields_data_clump-./Products(Abstract)-_gJi2zXSPEeyzq6ra3GZCdA-_DPEHc17xEDqIxetInUndnQ-TitlePublisherYearPrice",
      "probability": 1,
      "from_file_path": "./Products(Abstract)",
      "from_class_or_interface_name": "Products(Abstract)",
      "from_class_or_interface_key": "_gJi2zXSPEeyzq6ra3GZCdA",
      "from_method_name": null,
      "from_method_key": null,
      "to_file_path": "./Product(Abstract)",
      "to_class_or_interface_key": "_DPEHc17xEDqIxetInUndnQ",
      "to_class_or_interface_name": "Products(Abstract)",
      "to_method_key": null,
      "to_method_name": null,
      "data_clump_type": "fields_to_fields_data_clump",
      "data_clump_data": {
        "_gJi2znSPEeyzq6ra3GZCdA": {
          "key": "_gJi2znSPEeyzq6ra3GZCdA",
          "name": "Title",
          "type": null,
          "probability": 1,
          "modifiers": [],
          "to_variable": {
            "key": "_DPEHdF7xEDqIxetInUndnQ",
            "name": "Title",
            "type": null,
            "modifiers": [],
            "position": {}
          },
          "position": {}
        },
        "_gJi2z3SPEeyzq6ra3GZCdA": {
          "key": "_gJi2z3SPEeyzq6ra3GZCdA",
          "name": "Publisher",
          "type": null,
          "probability": 1,
          "modifiers": [],
          "to_variable": {
            "key": "_DPEHdV7xEDqIxetInUndnQ",
            "name": "Publisher",
            "type": null,
            "modifiers": [],
            "position": {}
          },
          "position": {}
        },
        "_gJi20HSPEeyzq6ra3GZCdA": {
          "key": "_gJi20HSPEeyzq6ra3GZCdA",
          "name": "Year",
          "type": null,
          "probability": 1,
          "modifiers": [],
          "to_variable": {
            "key": "_DPEHdl7xEDqIxetInUndnQ",
            "name": "Year",
            "type": null,
            "modifiers": [],
            "position": {}
          },
          "position": {}
        },
        "_gJi20XSPEeyzq6ra3GZCdA": {
          "key": "_gJi20XSPEeyzq6ra3GZCdA",
          "name": "Price",
          "type": null,
          "probability": 1,
          "modifiers": [],
          "to_variable": {
            "key": "_DPEHd17xEDqIxetInUndnQ",
            "name": "Price",
            "type": null,
            "modifiers": [],
            "position": {}
          },
          "position": {}
        }
      }
    }
  }
}