{
  "report_version": "unknown",
  "report_timestamp": "2025-03-26T22:59:51.324Z",
  "target_language": "java",
  "report_summary": {
    "additional": null,
    "amount_classes_or_interfaces_with_data_clumps": 2,
    "amount_files_with_data_clumps": 2,
    "amount_methods_with_data_clumps": 0,
    "fields_to_fields_data_clump": 2,
    "parameters_to_fields_data_clump": 0,
    "parameters_to_parameters_data_clump": 0,
    "amount_data_clumps": 2
  },
  "project_info": {
    "project_url": "unknown_project_url",
    "project_name": "d7b9d0c6-1a28-4c8f-97ce-32db109641db",
    "project_version": "unknown_project_version",
    "project_commit_hash": "unknown",
    "project_tag": null,
    "project_commit_date": null,
    "additional": {},
    "number_of_files": 13,
    "number_of_classes_or_interfaces": 13,
    "number_of_methods": 0,
    "number_of_data_fields": 40,
    "number_of_method_parameters": 0
  },
  "detector": {
    "name": "data-clumps-doctor",
    "url": "https://github.com/NilsBaumgartner1994/data-clumps-doctor",
    "version": "0.1.100",
    "options": {
      "typeVariablesConsidered": false,
      "similarityModifierOfVariablesWithUnknownType": 0,
      "fieldsOfClassesWithUnknownHierarchyProbabilityModifier": 0,
      "sharedFieldsToFieldsAmountMinimum": 3,
      "analyseFieldsInClassesOrInterfacesInheritedFromSuperClassesOrInterfaces": false,
      "sharedParametersToParametersAmountMinimum": 3,
      "sharedParametersToFieldsAmountMinimum": 3,
      "methodsOfClassesOrInterfacesWithUnknownHierarchyProbabilityModifier": 0
    }
  },
  "data_clumps": {
    "fields_to_fields_data_clump-./City-_7dOmoJ3CEDKYHJzPZZLntw-__qxlIJ3CEDKYHJzPZZLntw-idnamepopulation": {
      "type": "data_clump",
      "key": "fields_to_fields_data_clump-./City-_7dOmoJ3CEDKYHJzPZZLntw-__qxlIJ3CEDKYHJzPZZLntw-idnamepopulation",
      "probability": 1,
      "from_file_path": "./City",
      "from_class_or_interface_name": "City",
      "from_class_or_interface_key": "_7dOmoJ3CEDKYHJzPZZLntw",
      "from_method_name": null,
      "from_method_key": null,
      "to_file_path": "./Country",
      "to_class_or_interface_key": "__qxlIJ3CEDKYHJzPZZLntw",
      "to_class_or_interface_name": "City",
      "to_method_key": null,
      "to_method_name": null,
      "data_clump_type": "fields_to_fields_data_clump",
      "data_clump_data": {
        "_8PbfoJ3CEDKYHJzPZZLntw": {
          "key": "_8PbfoJ3CEDKYHJzPZZLntw",
          "name": "id",
          "type": null,
          "probability": 1,
          "modifiers": [],
          "to_variable": {
            "key": "_ALklEJ3DEDKYHJzPZZLntw",
            "name": "id",
            "type": null,
            "modifiers": [],
            "position": {}
          },
          "position": {}
        },
        "_8yS8IJ3CEDKYHJzPZZLntw": {
          "key": "_8yS8IJ3CEDKYHJzPZZLntw",
          "name": "name",
          "type": null,
          "probability": 1,
          "modifiers": [],
          "to_variable": {
            "key": "_AuvjkJ3DEDKYHJzPZZLntw",
            "name": "name",
            "type": null,
            "modifiers": [],
            "position": {}
          },
          "position": {}
        },
        "_9ZISoJ3CEDKYHJzPZZLntw": {
          "key": "_9ZISoJ3CEDKYHJzPZZLntw",
          "name": "population",
          "type": null,
          "probability": 1,
          "modifiers": [],
          "to_variable": {
            "key": "_BZjbIJ3DEDKYHJzPZZLntw",
            "name": "population",
            "type": null,
            "modifiers": [],
            "position": {}
          },
          "position": {}
        }
      }
    },
    "fields_to_fields_data_clump-./Country-__qxlIJ3CEDKYHJzPZZLntw-_7dOmoJ3CEDKYHJzPZZLntw-idnamepopulation": {
      "type": "data_clump",
      "key": "fields_to_fields_data_clump-./Country-__qxlIJ3CEDKYHJzPZZLntw-_7dOmoJ3CEDKYHJzPZZLntw-idnamepopulation",
      "probability": 1,
      "from_file_path": "./Country",
      "from_class_or_interface_name": "Country",
      "from_class_or_interface_key": "__qxlIJ3CEDKYHJzPZZLntw",
      "from_method_name": null,
      "from_method_key": null,
      "to_file_path": "./City",
      "to_class_or_interface_key": "_7dOmoJ3CEDKYHJzPZZLntw",
      "to_class_or_interface_name": "Country",
      "to_method_key": null,
      "to_method_name": null,
      "data_clump_type": "fields_to_fields_data_clump",
      "data_clump_data": {
        "_ALklEJ3DEDKYHJzPZZLntw": {
          "key": "_ALklEJ3DEDKYHJzPZZLntw",
          "name": "id",
          "type": null,
          "probability": 1,
          "modifiers": [],
          "to_variable": {
            "key": "_8PbfoJ3CEDKYHJzPZZLntw",
            "name": "id",
            "type": null,
            "modifiers": [],
            "position": {}
          },
          "position": {}
        },
        "_AuvjkJ3DEDKYHJzPZZLntw": {
          "key": "_AuvjkJ3DEDKYHJzPZZLntw",
          "name": "name",
          "type": null,
          "probability": 1,
          "modifiers": [],
          "to_variable": {
            "key": "_8yS8IJ3CEDKYHJzPZZLntw",
            "name": "name",
            "type": null,
            "modifiers": [],
            "position": {}
          },
          "position": {}
        },
        "_BZjbIJ3DEDKYHJzPZZLntw": {
          "key": "_BZjbIJ3DEDKYHJzPZZLntw",
          "name": "population",
          "type": null,
          "probability": 1,
          "modifiers": [],
          "to_variable": {
            "key": "_9ZISoJ3CEDKYHJzPZZLntw",
            "name": "population",
            "type": null,
            "modifiers": [],
            "position": {}
          },
          "position": {}
        }
      }
    }
  }
}