{
  "report_version": "unknown",
  "report_timestamp": "2025-03-26T22:38:41.163Z",
  "target_language": "java",
  "report_summary": {
    "additional": null,
    "amount_classes_or_interfaces_with_data_clumps": 2,
    "amount_files_with_data_clumps": 2,
    "amount_methods_with_data_clumps": 0,
    "fields_to_fields_data_clump": 2,
    "parameters_to_fields_data_clump": 0,
    "parameters_to_parameters_data_clump": 0,
    "amount_data_clumps": 2
  },
  "project_info": {
    "project_url": "unknown_project_url",
    "project_name": "486396ac-b5a8-48d0-a59f-df8830e8bfe2",
    "project_version": "unknown_project_version",
    "project_commit_hash": "unknown",
    "project_tag": null,
    "project_commit_date": null,
    "additional": {},
    "number_of_files": 5,
    "number_of_classes_or_interfaces": 5,
    "number_of_methods": 35,
    "number_of_data_fields": 12,
    "number_of_method_parameters": 28
  },
  "detector": {
    "name": "data-clumps-doctor",
    "url": "https://github.com/NilsBaumgartner1994/data-clumps-doctor",
    "version": "0.1.100",
    "options": {
      "typeVariablesConsidered": false,
      "similarityModifierOfVariablesWithUnknownType": 0,
      "fieldsOfClassesWithUnknownHierarchyProbabilityModifier": 0,
      "sharedFieldsToFieldsAmountMinimum": 3,
      "analyseFieldsInClassesOrInterfacesInheritedFromSuperClassesOrInterfaces": false,
      "sharedParametersToParametersAmountMinimum": 3,
      "sharedParametersToFieldsAmountMinimum": 3,
      "methodsOfClassesOrInterfacesWithUnknownHierarchyProbabilityModifier": 0
    }
  },
  "data_clumps": {
    "fields_to_fields_data_clump-./AutoMobile-_E3rfUGzMEDGk9-ujN7-I3Q-_LA-_4GzMEDGk9-ujN7-I3Q-serialVersionUIDnamesize": {
      "type": "data_clump",
      "key": "fields_to_fields_data_clump-./AutoMobile-_E3rfUGzMEDGk9-ujN7-I3Q-_LA-_4GzMEDGk9-ujN7-I3Q-serialVersionUIDnamesize",
      "probability": 1,
      "from_file_path": "./AutoMobile",
      "from_class_or_interface_name": "AutoMobile",
      "from_class_or_interface_key": "_E3rfUGzMEDGk9-ujN7-I3Q",
      "from_method_name": null,
      "from_method_key": null,
      "to_file_path": "./OptionSet",
      "to_class_or_interface_key": "_LA-_4GzMEDGk9-ujN7-I3Q",
      "to_class_or_interface_name": "AutoMobile",
      "to_method_key": null,
      "to_method_name": null,
      "data_clump_type": "fields_to_fields_data_clump",
      "data_clump_data": {
        "_P_5J4GzMEDGk9-ujN7-I3Q": {
          "key": "_P_5J4GzMEDGk9-ujN7-I3Q",
          "name": "serialVersionUID",
          "type": null,
          "probability": 1,
          "modifiers": [
            "private"
          ],
          "to_variable": {
            "key": "_C_HT0GzPEDGk9-ujN7-I3Q",
            "name": "serialVersionUID",
            "type": null,
            "modifiers": [
              "private"
            ],
            "position": {}
          },
          "position": {}
        },
        "_VCEqUGzMEDGk9-ujN7-I3Q": {
          "key": "_VCEqUGzMEDGk9-ujN7-I3Q",
          "name": "name",
          "type": null,
          "probability": 1,
          "modifiers": [
            "private"
          ],
          "to_variable": {
            "key": "_hFvwMGzPEDGk9-ujN7-I3Q",
            "name": "name",
            "type": null,
            "modifiers": [
              "private"
            ],
            "position": {}
          },
          "position": {}
        },
        "_Z4s6sGzPEDGk9-ujN7-I3Q": {
          "key": "_Z4s6sGzPEDGk9-ujN7-I3Q",
          "name": "size",
          "type": null,
          "probability": 1,
          "modifiers": [
            "private"
          ],
          "to_variable": {
            "key": "_pQC4IGzPEDGk9-ujN7-I3Q",
            "name": "size",
            "type": null,
            "modifiers": [
              "private"
            ],
            "position": {}
          },
          "position": {}
        }
      }
    },
    "fields_to_fields_data_clump-./OptionSet-_LA-_4GzMEDGk9-ujN7-I3Q-_E3rfUGzMEDGk9-ujN7-I3Q-serialVersionUIDnamesize": {
      "type": "data_clump",
      "key": "fields_to_fields_data_clump-./OptionSet-_LA-_4GzMEDGk9-ujN7-I3Q-_E3rfUGzMEDGk9-ujN7-I3Q-serialVersionUIDnamesize",
      "probability": 1,
      "from_file_path": "./OptionSet",
      "from_class_or_interface_name": "OptionSet",
      "from_class_or_interface_key": "_LA-_4GzMEDGk9-ujN7-I3Q",
      "from_method_name": null,
      "from_method_key": null,
      "to_file_path": "./AutoMobile",
      "to_class_or_interface_key": "_E3rfUGzMEDGk9-ujN7-I3Q",
      "to_class_or_interface_name": "OptionSet",
      "to_method_key": null,
      "to_method_name": null,
      "data_clump_type": "fields_to_fields_data_clump",
      "data_clump_data": {
        "_C_HT0GzPEDGk9-ujN7-I3Q": {
          "key": "_C_HT0GzPEDGk9-ujN7-I3Q",
          "name": "serialVersionUID",
          "type": null,
          "probability": 1,
          "modifiers": [
            "private"
          ],
          "to_variable": {
            "key": "_P_5J4GzMEDGk9-ujN7-I3Q",
            "name": "serialVersionUID",
            "type": null,
            "modifiers": [
              "private"
            ],
            "position": {}
          },
          "position": {}
        },
        "_hFvwMGzPEDGk9-ujN7-I3Q": {
          "key": "_hFvwMGzPEDGk9-ujN7-I3Q",
          "name": "name",
          "type": null,
          "probability": 1,
          "modifiers": [
            "private"
          ],
          "to_variable": {
            "key": "_VCEqUGzMEDGk9-ujN7-I3Q",
            "name": "name",
            "type": null,
            "modifiers": [
              "private"
            ],
            "position": {}
          },
          "position": {}
        },
        "_pQC4IGzPEDGk9-ujN7-I3Q": {
          "key": "_pQC4IGzPEDGk9-ujN7-I3Q",
          "name": "size",
          "type": null,
          "probability": 1,
          "modifiers": [
            "private"
          ],
          "to_variable": {
            "key": "_Z4s6sGzPEDGk9-ujN7-I3Q",
            "name": "size",
            "type": null,
            "modifiers": [
              "private"
            ],
            "position": {}
          },
          "position": {}
        }
      }
    }
  }
}