{
  "report_version": "unknown",
  "report_timestamp": "2025-03-26T23:09:34.148Z",
  "target_language": "java",
  "report_summary": {
    "additional": null,
    "amount_classes_or_interfaces_with_data_clumps": 5,
    "amount_files_with_data_clumps": 5,
    "amount_methods_with_data_clumps": 0,
    "fields_to_fields_data_clump": 16,
    "parameters_to_fields_data_clump": 0,
    "parameters_to_parameters_data_clump": 0,
    "amount_data_clumps": 16
  },
  "project_info": {
    "project_url": "unknown_project_url",
    "project_name": "_DGQc4BuFEeuxZMUIY-ihGw",
    "project_version": "unknown_project_version",
    "project_commit_hash": "unknown",
    "project_tag": null,
    "project_commit_date": null,
    "additional": {},
    "number_of_files": 6,
    "number_of_classes_or_interfaces": 6,
    "number_of_methods": 0,
    "number_of_data_fields": 26,
    "number_of_method_parameters": 0
  },
  "detector": {
    "name": "data-clumps-doctor",
    "url": "https://github.com/NilsBaumgartner1994/data-clumps-doctor",
    "version": "0.1.100",
    "options": {
      "typeVariablesConsidered": false,
      "similarityModifierOfVariablesWithUnknownType": 0,
      "fieldsOfClassesWithUnknownHierarchyProbabilityModifier": 0,
      "sharedFieldsToFieldsAmountMinimum": 3,
      "analyseFieldsInClassesOrInterfacesInheritedFromSuperClassesOrInterfaces": false,
      "sharedParametersToParametersAmountMinimum": 3,
      "sharedParametersToFieldsAmountMinimum": 3,
      "methodsOfClassesOrInterfacesWithUnknownHierarchyProbabilityModifier": 0
    }
  },
  "data_clumps": {
    "fields_to_fields_data_clump-./BloqueHorario-_DGWjqBuFEeuxZMUIY-ihGw-_DGWjpBuFEeuxZMUIY-ihGw-IdNombreEstado": {
      "type": "data_clump",
      "key": "fields_to_fields_data_clump-./BloqueHorario-_DGWjqBuFEeuxZMUIY-ihGw-_DGWjpBuFEeuxZMUIY-ihGw-IdNombreEstado",
      "probability": 1,
      "from_file_path": "./BloqueHorario",
      "from_class_or_interface_name": "BloqueHorario",
      "from_class_or_interface_key": "_DGWjqBuFEeuxZMUIY-ihGw",
      "from_method_name": null,
      "from_method_key": null,
      "to_file_path": "./ClaseDia",
      "to_class_or_interface_key": "_DGWjpBuFEeuxZMUIY-ihGw",
      "to_class_or_interface_name": "BloqueHorario",
      "to_method_key": null,
      "to_method_name": null,
      "data_clump_type": "fields_to_fields_data_clump",
      "data_clump_data": {
        "_DGWjqRuFEeuxZMUIY-ihGw": {
          "key": "_DGWjqRuFEeuxZMUIY-ihGw",
          "name": "Id",
          "type": null,
          "probability": 1,
          "modifiers": [],
          "to_variable": {
            "key": "_DGWjpRuFEeuxZMUIY-ihGw",
            "name": "Id",
            "type": null,
            "modifiers": [],
            "position": {}
          },
          "position": {}
        },
        "_DGWjqhuFEeuxZMUIY-ihGw": {
          "key": "_DGWjqhuFEeuxZMUIY-ihGw",
          "name": "Nombre",
          "type": null,
          "probability": 1,
          "modifiers": [],
          "to_variable": {
            "key": "_DGWjphuFEeuxZMUIY-ihGw",
            "name": "Nombre",
            "type": null,
            "modifiers": [],
            "position": {}
          },
          "position": {}
        },
        "_DGWjrhuFEeuxZMUIY-ihGw": {
          "key": "_DGWjrhuFEeuxZMUIY-ihGw",
          "name": "Estado",
          "type": null,
          "probability": 1,
          "modifiers": [],
          "to_variable": {
            "key": "_DGWjpxuFEeuxZMUIY-ihGw",
            "name": "Estado",
            "type": null,
            "modifiers": [],
            "position": {}
          },
          "position": {}
        }
      }
    },
    "fields_to_fields_data_clump-./BloqueHorario-_DGWjqBuFEeuxZMUIY-ihGw-_DGWjnxuFEeuxZMUIY-ihGw-IdClaseDiaIdEstado": {
      "type": "data_clump",
      "key": "fields_to_fields_data_clump-./BloqueHorario-_DGWjqBuFEeuxZMUIY-ihGw-_DGWjnxuFEeuxZMUIY-ihGw-IdClaseDiaIdEstado",
      "probability": 1,
      "from_file_path": "./BloqueHorario",
      "from_class_or_interface_name": "BloqueHorario",
      "from_class_or_interface_key": "_DGWjqBuFEeuxZMUIY-ihGw",
      "from_method_name": null,
      "from_method_key": null,
      "to_file_path": "./DiasSemana",
      "to_class_or_interface_key": "_DGWjnxuFEeuxZMUIY-ihGw",
      "to_class_or_interface_name": "BloqueHorario",
      "to_method_key": null,
      "to_method_name": null,
      "data_clump_type": "fields_to_fields_data_clump",
      "data_clump_data": {
        "_DGWjqRuFEeuxZMUIY-ihGw": {
          "key": "_DGWjqRuFEeuxZMUIY-ihGw",
          "name": "Id",
          "type": null,
          "probability": 1,
          "modifiers": [],
          "to_variable": {
            "key": "_DGWjoBuFEeuxZMUIY-ihGw",
            "name": "Id",
            "type": null,
            "modifiers": [],
            "position": {}
          },
          "position": {}
        },
        "_DGWjqxuFEeuxZMUIY-ihGw": {
          "key": "_DGWjqxuFEeuxZMUIY-ihGw",
          "name": "ClaseDiaId",
          "type": null,
          "probability": 1,
          "modifiers": [],
          "to_variable": {
            "key": "_DGWjoRuFEeuxZMUIY-ihGw",
            "name": "ClaseDiaId",
            "type": null,
            "modifiers": [],
            "position": {}
          },
          "position": {}
        },
        "_DGWjrhuFEeuxZMUIY-ihGw": {
          "key": "_DGWjrhuFEeuxZMUIY-ihGw",
          "name": "Estado",
          "type": null,
          "probability": 1,
          "modifiers": [],
          "to_variable": {
            "key": "_DGWjoxuFEeuxZMUIY-ihGw",
            "name": "Estado",
            "type": null,
            "modifiers": [],
            "position": {}
          },
          "position": {}
        }
      }
    },
    "fields_to_fields_data_clump-./BloqueHorario-_DGWjqBuFEeuxZMUIY-ihGw-_DGWjmBuFEeuxZMUIY-ihGw-IdNombreClaseDiaIdEstado": {
      "type": "data_clump",
      "key": "fields_to_fields_data_clump-./BloqueHorario-_DGWjqBuFEeuxZMUIY-ihGw-_DGWjmBuFEeuxZMUIY-ihGw-IdNombreClaseDiaIdEstado",
      "probability": 1,
      "from_file_path": "./BloqueHorario",
      "from_class_or_interface_name": "BloqueHorario",
      "from_class_or_interface_key": "_DGWjqBuFEeuxZMUIY-ihGw",
      "from_method_name": null,
      "from_method_key": null,
      "to_file_path": "./Feriados",
      "to_class_or_interface_key": "_DGWjmBuFEeuxZMUIY-ihGw",
      "to_class_or_interface_name": "BloqueHorario",
      "to_method_key": null,
      "to_method_name": null,
      "data_clump_type": "fields_to_fields_data_clump",
      "data_clump_data": {
        "_DGWjqRuFEeuxZMUIY-ihGw": {
          "key": "_DGWjqRuFEeuxZMUIY-ihGw",
          "name": "Id",
          "type": null,
          "probability": 1,
          "modifiers": [],
          "to_variable": {
            "key": "_DGWjmRuFEeuxZMUIY-ihGw",
            "name": "Id",
            "type": null,
            "modifiers": [],
            "position": {}
          },
          "position": {}
        },
        "_DGWjqhuFEeuxZMUIY-ihGw": {
          "key": "_DGWjqhuFEeuxZMUIY-ihGw",
          "name": "Nombre",
          "type": null,
          "probability": 1,
          "modifiers": [],
          "to_variable": {
            "key": "_DGWjmxuFEeuxZMUIY-ihGw",
            "name": "Nombre",
            "type": null,
            "modifiers": [],
            "position": {}
          },
          "position": {}
        },
        "_DGWjqxuFEeuxZMUIY-ihGw": {
          "key": "_DGWjqxuFEeuxZMUIY-ihGw",
          "name": "ClaseDiaId",
          "type": null,
          "probability": 1,
          "modifiers": [],
          "to_variable": {
            "key": "_DGWjmhuFEeuxZMUIY-ihGw",
            "name": "ClaseDiaId",
            "type": null,
            "modifiers": [],
            "position": {}
          },
          "position": {}
        },
        "_DGWjrhuFEeuxZMUIY-ihGw": {
          "key": "_DGWjrhuFEeuxZMUIY-ihGw",
          "name": "Estado",
          "type": null,
          "probability": 1,
          "modifiers": [],
          "to_variable": {
            "key": "_DGWjnRuFEeuxZMUIY-ihGw",
            "name": "Estado",
            "type": null,
            "modifiers": [],
            "position": {}
          },
          "position": {}
        }
      }
    },
    "fields_to_fields_data_clump-./BloqueHorario-_DGWjqBuFEeuxZMUIY-ihGw-_DGWjlBuFEeuxZMUIY-ihGw-IdNombreEstado": {
      "type": "data_clump",
      "key": "fields_to_fields_data_clump-./BloqueHorario-_DGWjqBuFEeuxZMUIY-ihGw-_DGWjlBuFEeuxZMUIY-ihGw-IdNombreEstado",
      "probability": 1,
      "from_file_path": "./BloqueHorario",
      "from_class_or_interface_name": "BloqueHorario",
      "from_class_or_interface_key": "_DGWjqBuFEeuxZMUIY-ihGw",
      "from_method_name": null,
      "from_method_key": null,
      "to_file_path": "./Periodo",
      "to_class_or_interface_key": "_DGWjlBuFEeuxZMUIY-ihGw",
      "to_class_or_interface_name": "BloqueHorario",
      "to_method_key": null,
      "to_method_name": null,
      "data_clump_type": "fields_to_fields_data_clump",
      "data_clump_data": {
        "_DGWjqRuFEeuxZMUIY-ihGw": {
          "key": "_DGWjqRuFEeuxZMUIY-ihGw",
          "name": "Id",
          "type": null,
          "probability": 1,
          "modifiers": [],
          "to_variable": {
            "key": "_DGWjlRuFEeuxZMUIY-ihGw",
            "name": "Id",
            "type": null,
            "modifiers": [],
            "position": {}
          },
          "position": {}
        },
        "_DGWjqhuFEeuxZMUIY-ihGw": {
          "key": "_DGWjqhuFEeuxZMUIY-ihGw",
          "name": "Nombre",
          "type": null,
          "probability": 1,
          "modifiers": [],
          "to_variable": {
            "key": "_DGWjlhuFEeuxZMUIY-ihGw",
            "name": "Nombre",
            "type": null,
            "modifiers": [],
            "position": {}
          },
          "position": {}
        },
        "_DGWjrhuFEeuxZMUIY-ihGw": {
          "key": "_DGWjrhuFEeuxZMUIY-ihGw",
          "name": "Estado",
          "type": null,
          "probability": 1,
          "modifiers": [],
          "to_variable": {
            "key": "_DGWjlxuFEeuxZMUIY-ihGw",
            "name": "Estado",
            "type": null,
            "modifiers": [],
            "position": {}
          },
          "position": {}
        }
      }
    },
    "fields_to_fields_data_clump-./ClaseDia-_DGWjpBuFEeuxZMUIY-ihGw-_DGWjqBuFEeuxZMUIY-ihGw-IdNombreEstado": {
      "type": "data_clump",
      "key": "fields_to_fields_data_clump-./ClaseDia-_DGWjpBuFEeuxZMUIY-ihGw-_DGWjqBuFEeuxZMUIY-ihGw-IdNombreEstado",
      "probability": 1,
      "from_file_path": "./ClaseDia",
      "from_class_or_interface_name": "ClaseDia",
      "from_class_or_interface_key": "_DGWjpBuFEeuxZMUIY-ihGw",
      "from_method_name": null,
      "from_method_key": null,
      "to_file_path": "./BloqueHorario",
      "to_class_or_interface_key": "_DGWjqBuFEeuxZMUIY-ihGw",
      "to_class_or_interface_name": "ClaseDia",
      "to_method_key": null,
      "to_method_name": null,
      "data_clump_type": "fields_to_fields_data_clump",
      "data_clump_data": {
        "_DGWjpRuFEeuxZMUIY-ihGw": {
          "key": "_DGWjpRuFEeuxZMUIY-ihGw",
          "name": "Id",
          "type": null,
          "probability": 1,
          "modifiers": [],
          "to_variable": {
            "key": "_DGWjqRuFEeuxZMUIY-ihGw",
            "name": "Id",
            "type": null,
            "modifiers": [],
            "position": {}
          },
          "position": {}
        },
        "_DGWjphuFEeuxZMUIY-ihGw": {
          "key": "_DGWjphuFEeuxZMUIY-ihGw",
          "name": "Nombre",
          "type": null,
          "probability": 1,
          "modifiers": [],
          "to_variable": {
            "key": "_DGWjqhuFEeuxZMUIY-ihGw",
            "name": "Nombre",
            "type": null,
            "modifiers": [],
            "position": {}
          },
          "position": {}
        },
        "_DGWjpxuFEeuxZMUIY-ihGw": {
          "key": "_DGWjpxuFEeuxZMUIY-ihGw",
          "name": "Estado",
          "type": null,
          "probability": 1,
          "modifiers": [],
          "to_variable": {
            "key": "_DGWjrhuFEeuxZMUIY-ihGw",
            "name": "Estado",
            "type": null,
            "modifiers": [],
            "position": {}
          },
          "position": {}
        }
      }
    },
    "fields_to_fields_data_clump-./ClaseDia-_DGWjpBuFEeuxZMUIY-ihGw-_DGWjmBuFEeuxZMUIY-ihGw-IdNombreEstado": {
      "type": "data_clump",
      "key": "fields_to_fields_data_clump-./ClaseDia-_DGWjpBuFEeuxZMUIY-ihGw-_DGWjmBuFEeuxZMUIY-ihGw-IdNombreEstado",
      "probability": 1,
      "from_file_path": "./ClaseDia",
      "from_class_or_interface_name": "ClaseDia",
      "from_class_or_interface_key": "_DGWjpBuFEeuxZMUIY-ihGw",
      "from_method_name": null,
      "from_method_key": null,
      "to_file_path": "./Feriados",
      "to_class_or_interface_key": "_DGWjmBuFEeuxZMUIY-ihGw",
      "to_class_or_interface_name": "ClaseDia",
      "to_method_key": null,
      "to_method_name": null,
      "data_clump_type": "fields_to_fields_data_clump",
      "data_clump_data": {
        "_DGWjpRuFEeuxZMUIY-ihGw": {
          "key": "_DGWjpRuFEeuxZMUIY-ihGw",
          "name": "Id",
          "type": null,
          "probability": 1,
          "modifiers": [],
          "to_variable": {
            "key": "_DGWjmRuFEeuxZMUIY-ihGw",
            "name": "Id",
            "type": null,
            "modifiers": [],
            "position": {}
          },
          "position": {}
        },
        "_DGWjphuFEeuxZMUIY-ihGw": {
          "key": "_DGWjphuFEeuxZMUIY-ihGw",
          "name": "Nombre",
          "type": null,
          "probability": 1,
          "modifiers": [],
          "to_variable": {
            "key": "_DGWjmxuFEeuxZMUIY-ihGw",
            "name": "Nombre",
            "type": null,
            "modifiers": [],
            "position": {}
          },
          "position": {}
        },
        "_DGWjpxuFEeuxZMUIY-ihGw": {
          "key": "_DGWjpxuFEeuxZMUIY-ihGw",
          "name": "Estado",
          "type": null,
          "probability": 1,
          "modifiers": [],
          "to_variable": {
            "key": "_DGWjnRuFEeuxZMUIY-ihGw",
            "name": "Estado",
            "type": null,
            "modifiers": [],
            "position": {}
          },
          "position": {}
        }
      }
    },
    "fields_to_fields_data_clump-./ClaseDia-_DGWjpBuFEeuxZMUIY-ihGw-_DGWjlBuFEeuxZMUIY-ihGw-IdNombreEstado": {
      "type": "data_clump",
      "key": "fields_to_fields_data_clump-./ClaseDia-_DGWjpBuFEeuxZMUIY-ihGw-_DGWjlBuFEeuxZMUIY-ihGw-IdNombreEstado",
      "probability": 1,
      "from_file_path": "./ClaseDia",
      "from_class_or_interface_name": "ClaseDia",
      "from_class_or_interface_key": "_DGWjpBuFEeuxZMUIY-ihGw",
      "from_method_name": null,
      "from_method_key": null,
      "to_file_path": "./Periodo",
      "to_class_or_interface_key": "_DGWjlBuFEeuxZMUIY-ihGw",
      "to_class_or_interface_name": "ClaseDia",
      "to_method_key": null,
      "to_method_name": null,
      "data_clump_type": "fields_to_fields_data_clump",
      "data_clump_data": {
        "_DGWjpRuFEeuxZMUIY-ihGw": {
          "key": "_DGWjpRuFEeuxZMUIY-ihGw",
          "name": "Id",
          "type": null,
          "probability": 1,
          "modifiers": [],
          "to_variable": {
            "key": "_DGWjlRuFEeuxZMUIY-ihGw",
            "name": "Id",
            "type": null,
            "modifiers": [],
            "position": {}
          },
          "position": {}
        },
        "_DGWjphuFEeuxZMUIY-ihGw": {
          "key": "_DGWjphuFEeuxZMUIY-ihGw",
          "name": "Nombre",
          "type": null,
          "probability": 1,
          "modifiers": [],
          "to_variable": {
            "key": "_DGWjlhuFEeuxZMUIY-ihGw",
            "name": "Nombre",
            "type": null,
            "modifiers": [],
            "position": {}
          },
          "position": {}
        },
        "_DGWjpxuFEeuxZMUIY-ihGw": {
          "key": "_DGWjpxuFEeuxZMUIY-ihGw",
          "name": "Estado",
          "type": null,
          "probability": 1,
          "modifiers": [],
          "to_variable": {
            "key": "_DGWjlxuFEeuxZMUIY-ihGw",
            "name": "Estado",
            "type": null,
            "modifiers": [],
            "position": {}
          },
          "position": {}
        }
      }
    },
    "fields_to_fields_data_clump-./DiasSemana-_DGWjnxuFEeuxZMUIY-ihGw-_DGWjqBuFEeuxZMUIY-ihGw-IdClaseDiaIdEstado": {
      "type": "data_clump",
      "key": "fields_to_fields_data_clump-./DiasSemana-_DGWjnxuFEeuxZMUIY-ihGw-_DGWjqBuFEeuxZMUIY-ihGw-IdClaseDiaIdEstado",
      "probability": 1,
      "from_file_path": "./DiasSemana",
      "from_class_or_interface_name": "DiasSemana",
      "from_class_or_interface_key": "_DGWjnxuFEeuxZMUIY-ihGw",
      "from_method_name": null,
      "from_method_key": null,
      "to_file_path": "./BloqueHorario",
      "to_class_or_interface_key": "_DGWjqBuFEeuxZMUIY-ihGw",
      "to_class_or_interface_name": "DiasSemana",
      "to_method_key": null,
      "to_method_name": null,
      "data_clump_type": "fields_to_fields_data_clump",
      "data_clump_data": {
        "_DGWjoBuFEeuxZMUIY-ihGw": {
          "key": "_DGWjoBuFEeuxZMUIY-ihGw",
          "name": "Id",
          "type": null,
          "probability": 1,
          "modifiers": [],
          "to_variable": {
            "key": "_DGWjqRuFEeuxZMUIY-ihGw",
            "name": "Id",
            "type": null,
            "modifiers": [],
            "position": {}
          },
          "position": {}
        },
        "_DGWjoRuFEeuxZMUIY-ihGw": {
          "key": "_DGWjoRuFEeuxZMUIY-ihGw",
          "name": "ClaseDiaId",
          "type": null,
          "probability": 1,
          "modifiers": [],
          "to_variable": {
            "key": "_DGWjqxuFEeuxZMUIY-ihGw",
            "name": "ClaseDiaId",
            "type": null,
            "modifiers": [],
            "position": {}
          },
          "position": {}
        },
        "_DGWjoxuFEeuxZMUIY-ihGw": {
          "key": "_DGWjoxuFEeuxZMUIY-ihGw",
          "name": "Estado",
          "type": null,
          "probability": 1,
          "modifiers": [],
          "to_variable": {
            "key": "_DGWjrhuFEeuxZMUIY-ihGw",
            "name": "Estado",
            "type": null,
            "modifiers": [],
            "position": {}
          },
          "position": {}
        }
      }
    },
    "fields_to_fields_data_clump-./DiasSemana-_DGWjnxuFEeuxZMUIY-ihGw-_DGWjmBuFEeuxZMUIY-ihGw-IdClaseDiaIdEstado": {
      "type": "data_clump",
      "key": "fields_to_fields_data_clump-./DiasSemana-_DGWjnxuFEeuxZMUIY-ihGw-_DGWjmBuFEeuxZMUIY-ihGw-IdClaseDiaIdEstado",
      "probability": 1,
      "from_file_path": "./DiasSemana",
      "from_class_or_interface_name": "DiasSemana",
      "from_class_or_interface_key": "_DGWjnxuFEeuxZMUIY-ihGw",
      "from_method_name": null,
      "from_method_key": null,
      "to_file_path": "./Feriados",
      "to_class_or_interface_key": "_DGWjmBuFEeuxZMUIY-ihGw",
      "to_class_or_interface_name": "DiasSemana",
      "to_method_key": null,
      "to_method_name": null,
      "data_clump_type": "fields_to_fields_data_clump",
      "data_clump_data": {
        "_DGWjoBuFEeuxZMUIY-ihGw": {
          "key": "_DGWjoBuFEeuxZMUIY-ihGw",
          "name": "Id",
          "type": null,
          "probability": 1,
          "modifiers": [],
          "to_variable": {
            "key": "_DGWjmRuFEeuxZMUIY-ihGw",
            "name": "Id",
            "type": null,
            "modifiers": [],
            "position": {}
          },
          "position": {}
        },
        "_DGWjoRuFEeuxZMUIY-ihGw": {
          "key": "_DGWjoRuFEeuxZMUIY-ihGw",
          "name": "ClaseDiaId",
          "type": null,
          "probability": 1,
          "modifiers": [],
          "to_variable": {
            "key": "_DGWjmhuFEeuxZMUIY-ihGw",
            "name": "ClaseDiaId",
            "type": null,
            "modifiers": [],
            "position": {}
          },
          "position": {}
        },
        "_DGWjoxuFEeuxZMUIY-ihGw": {
          "key": "_DGWjoxuFEeuxZMUIY-ihGw",
          "name": "Estado",
          "type": null,
          "probability": 1,
          "modifiers": [],
          "to_variable": {
            "key": "_DGWjnRuFEeuxZMUIY-ihGw",
            "name": "Estado",
            "type": null,
            "modifiers": [],
            "position": {}
          },
          "position": {}
        }
      }
    },
    "fields_to_fields_data_clump-./Feriados-_DGWjmBuFEeuxZMUIY-ihGw-_DGWjqBuFEeuxZMUIY-ihGw-IdClaseDiaIdNombreEstado": {
      "type": "data_clump",
      "key": "fields_to_fields_data_clump-./Feriados-_DGWjmBuFEeuxZMUIY-ihGw-_DGWjqBuFEeuxZMUIY-ihGw-IdClaseDiaIdNombreEstado",
      "probability": 1,
      "from_file_path": "./Feriados",
      "from_class_or_interface_name": "Feriados",
      "from_class_or_interface_key": "_DGWjmBuFEeuxZMUIY-ihGw",
      "from_method_name": null,
      "from_method_key": null,
      "to_file_path": "./BloqueHorario",
      "to_class_or_interface_key": "_DGWjqBuFEeuxZMUIY-ihGw",
      "to_class_or_interface_name": "Feriados",
      "to_method_key": null,
      "to_method_name": null,
      "data_clump_type": "fields_to_fields_data_clump",
      "data_clump_data": {
        "_DGWjmRuFEeuxZMUIY-ihGw": {
          "key": "_DGWjmRuFEeuxZMUIY-ihGw",
          "name": "Id",
          "type": null,
          "probability": 1,
          "modifiers": [],
          "to_variable": {
            "key": "_DGWjqRuFEeuxZMUIY-ihGw",
            "name": "Id",
            "type": null,
            "modifiers": [],
            "position": {}
          },
          "position": {}
        },
        "_DGWjmhuFEeuxZMUIY-ihGw": {
          "key": "_DGWjmhuFEeuxZMUIY-ihGw",
          "name": "ClaseDiaId",
          "type": null,
          "probability": 1,
          "modifiers": [],
          "to_variable": {
            "key": "_DGWjqxuFEeuxZMUIY-ihGw",
            "name": "ClaseDiaId",
            "type": null,
            "modifiers": [],
            "position": {}
          },
          "position": {}
        },
        "_DGWjmxuFEeuxZMUIY-ihGw": {
          "key": "_DGWjmxuFEeuxZMUIY-ihGw",
          "name": "Nombre",
          "type": null,
          "probability": 1,
          "modifiers": [],
          "to_variable": {
            "key": "_DGWjqhuFEeuxZMUIY-ihGw",
            "name": "Nombre",
            "type": null,
            "modifiers": [],
            "position": {}
          },
          "position": {}
        },
        "_DGWjnRuFEeuxZMUIY-ihGw": {
          "key": "_DGWjnRuFEeuxZMUIY-ihGw",
          "name": "Estado",
          "type": null,
          "probability": 1,
          "modifiers": [],
          "to_variable": {
            "key": "_DGWjrhuFEeuxZMUIY-ihGw",
            "name": "Estado",
            "type": null,
            "modifiers": [],
            "position": {}
          },
          "position": {}
        }
      }
    },
    "fields_to_fields_data_clump-./Feriados-_DGWjmBuFEeuxZMUIY-ihGw-_DGWjpBuFEeuxZMUIY-ihGw-IdNombreEstado": {
      "type": "data_clump",
      "key": "fields_to_fields_data_clump-./Feriados-_DGWjmBuFEeuxZMUIY-ihGw-_DGWjpBuFEeuxZMUIY-ihGw-IdNombreEstado",
      "probability": 1,
      "from_file_path": "./Feriados",
      "from_class_or_interface_name": "Feriados",
      "from_class_or_interface_key": "_DGWjmBuFEeuxZMUIY-ihGw",
      "from_method_name": null,
      "from_method_key": null,
      "to_file_path": "./ClaseDia",
      "to_class_or_interface_key": "_DGWjpBuFEeuxZMUIY-ihGw",
      "to_class_or_interface_name": "Feriados",
      "to_method_key": null,
      "to_method_name": null,
      "data_clump_type": "fields_to_fields_data_clump",
      "data_clump_data": {
        "_DGWjmRuFEeuxZMUIY-ihGw": {
          "key": "_DGWjmRuFEeuxZMUIY-ihGw",
          "name": "Id",
          "type": null,
          "probability": 1,
          "modifiers": [],
          "to_variable": {
            "key": "_DGWjpRuFEeuxZMUIY-ihGw",
            "name": "Id",
            "type": null,
            "modifiers": [],
            "position": {}
          },
          "position": {}
        },
        "_DGWjmxuFEeuxZMUIY-ihGw": {
          "key": "_DGWjmxuFEeuxZMUIY-ihGw",
          "name": "Nombre",
          "type": null,
          "probability": 1,
          "modifiers": [],
          "to_variable": {
            "key": "_DGWjphuFEeuxZMUIY-ihGw",
            "name": "Nombre",
            "type": null,
            "modifiers": [],
            "position": {}
          },
          "position": {}
        },
        "_DGWjnRuFEeuxZMUIY-ihGw": {
          "key": "_DGWjnRuFEeuxZMUIY-ihGw",
          "name": "Estado",
          "type": null,
          "probability": 1,
          "modifiers": [],
          "to_variable": {
            "key": "_DGWjpxuFEeuxZMUIY-ihGw",
            "name": "Estado",
            "type": null,
            "modifiers": [],
            "position": {}
          },
          "position": {}
        }
      }
    },
    "fields_to_fields_data_clump-./Feriados-_DGWjmBuFEeuxZMUIY-ihGw-_DGWjnxuFEeuxZMUIY-ihGw-IdClaseDiaIdEstado": {
      "type": "data_clump",
      "key": "fields_to_fields_data_clump-./Feriados-_DGWjmBuFEeuxZMUIY-ihGw-_DGWjnxuFEeuxZMUIY-ihGw-IdClaseDiaIdEstado",
      "probability": 1,
      "from_file_path": "./Feriados",
      "from_class_or_interface_name": "Feriados",
      "from_class_or_interface_key": "_DGWjmBuFEeuxZMUIY-ihGw",
      "from_method_name": null,
      "from_method_key": null,
      "to_file_path": "./DiasSemana",
      "to_class_or_interface_key": "_DGWjnxuFEeuxZMUIY-ihGw",
      "to_class_or_interface_name": "Feriados",
      "to_method_key": null,
      "to_method_name": null,
      "data_clump_type": "fields_to_fields_data_clump",
      "data_clump_data": {
        "_DGWjmRuFEeuxZMUIY-ihGw": {
          "key": "_DGWjmRuFEeuxZMUIY-ihGw",
          "name": "Id",
          "type": null,
          "probability": 1,
          "modifiers": [],
          "to_variable": {
            "key": "_DGWjoBuFEeuxZMUIY-ihGw",
            "name": "Id",
            "type": null,
            "modifiers": [],
            "position": {}
          },
          "position": {}
        },
        "_DGWjmhuFEeuxZMUIY-ihGw": {
          "key": "_DGWjmhuFEeuxZMUIY-ihGw",
          "name": "ClaseDiaId",
          "type": null,
          "probability": 1,
          "modifiers": [],
          "to_variable": {
            "key": "_DGWjoRuFEeuxZMUIY-ihGw",
            "name": "ClaseDiaId",
            "type": null,
            "modifiers": [],
            "position": {}
          },
          "position": {}
        },
        "_DGWjnRuFEeuxZMUIY-ihGw": {
          "key": "_DGWjnRuFEeuxZMUIY-ihGw",
          "name": "Estado",
          "type": null,
          "probability": 1,
          "modifiers": [],
          "to_variable": {
            "key": "_DGWjoxuFEeuxZMUIY-ihGw",
            "name": "Estado",
            "type": null,
            "modifiers": [],
            "position": {}
          },
          "position": {}
        }
      }
    },
    "fields_to_fields_data_clump-./Feriados-_DGWjmBuFEeuxZMUIY-ihGw-_DGWjlBuFEeuxZMUIY-ihGw-IdNombreEstado": {
      "type": "data_clump",
      "key": "fields_to_fields_data_clump-./Feriados-_DGWjmBuFEeuxZMUIY-ihGw-_DGWjlBuFEeuxZMUIY-ihGw-IdNombreEstado",
      "probability": 1,
      "from_file_path": "./Feriados",
      "from_class_or_interface_name": "Feriados",
      "from_class_or_interface_key": "_DGWjmBuFEeuxZMUIY-ihGw",
      "from_method_name": null,
      "from_method_key": null,
      "to_file_path": "./Periodo",
      "to_class_or_interface_key": "_DGWjlBuFEeuxZMUIY-ihGw",
      "to_class_or_interface_name": "Feriados",
      "to_method_key": null,
      "to_method_name": null,
      "data_clump_type": "fields_to_fields_data_clump",
      "data_clump_data": {
        "_DGWjmRuFEeuxZMUIY-ihGw": {
          "key": "_DGWjmRuFEeuxZMUIY-ihGw",
          "name": "Id",
          "type": null,
          "probability": 1,
          "modifiers": [],
          "to_variable": {
            "key": "_DGWjlRuFEeuxZMUIY-ihGw",
            "name": "Id",
            "type": null,
            "modifiers": [],
            "position": {}
          },
          "position": {}
        },
        "_DGWjmxuFEeuxZMUIY-ihGw": {
          "key": "_DGWjmxuFEeuxZMUIY-ihGw",
          "name": "Nombre",
          "type": null,
          "probability": 1,
          "modifiers": [],
          "to_variable": {
            "key": "_DGWjlhuFEeuxZMUIY-ihGw",
            "name": "Nombre",
            "type": null,
            "modifiers": [],
            "position": {}
          },
          "position": {}
        },
        "_DGWjnRuFEeuxZMUIY-ihGw": {
          "key": "_DGWjnRuFEeuxZMUIY-ihGw",
          "name": "Estado",
          "type": null,
          "probability": 1,
          "modifiers": [],
          "to_variable": {
            "key": "_DGWjlxuFEeuxZMUIY-ihGw",
            "name": "Estado",
            "type": null,
            "modifiers": [],
            "position": {}
          },
          "position": {}
        }
      }
    },
    "fields_to_fields_data_clump-./Periodo-_DGWjlBuFEeuxZMUIY-ihGw-_DGWjqBuFEeuxZMUIY-ihGw-IdNombreEstado": {
      "type": "data_clump",
      "key": "fields_to_fields_data_clump-./Periodo-_DGWjlBuFEeuxZMUIY-ihGw-_DGWjqBuFEeuxZMUIY-ihGw-IdNombreEstado",
      "probability": 1,
      "from_file_path": "./Periodo",
      "from_class_or_interface_name": "Periodo",
      "from_class_or_interface_key": "_DGWjlBuFEeuxZMUIY-ihGw",
      "from_method_name": null,
      "from_method_key": null,
      "to_file_path": "./BloqueHorario",
      "to_class_or_interface_key": "_DGWjqBuFEeuxZMUIY-ihGw",
      "to_class_or_interface_name": "Periodo",
      "to_method_key": null,
      "to_method_name": null,
      "data_clump_type": "fields_to_fields_data_clump",
      "data_clump_data": {
        "_DGWjlRuFEeuxZMUIY-ihGw": {
          "key": "_DGWjlRuFEeuxZMUIY-ihGw",
          "name": "Id",
          "type": null,
          "probability": 1,
          "modifiers": [],
          "to_variable": {
            "key": "_DGWjqRuFEeuxZMUIY-ihGw",
            "name": "Id",
            "type": null,
            "modifiers": [],
            "position": {}
          },
          "position": {}
        },
        "_DGWjlhuFEeuxZMUIY-ihGw": {
          "key": "_DGWjlhuFEeuxZMUIY-ihGw",
          "name": "Nombre",
          "type": null,
          "probability": 1,
          "modifiers": [],
          "to_variable": {
            "key": "_DGWjqhuFEeuxZMUIY-ihGw",
            "name": "Nombre",
            "type": null,
            "modifiers": [],
            "position": {}
          },
          "position": {}
        },
        "_DGWjlxuFEeuxZMUIY-ihGw": {
          "key": "_DGWjlxuFEeuxZMUIY-ihGw",
          "name": "Estado",
          "type": null,
          "probability": 1,
          "modifiers": [],
          "to_variable": {
            "key": "_DGWjrhuFEeuxZMUIY-ihGw",
            "name": "Estado",
            "type": null,
            "modifiers": [],
            "position": {}
          },
          "position": {}
        }
      }
    },
    "fields_to_fields_data_clump-./Periodo-_DGWjlBuFEeuxZMUIY-ihGw-_DGWjpBuFEeuxZMUIY-ihGw-IdNombreEstado": {
      "type": "data_clump",
      "key": "fields_to_fields_data_clump-./Periodo-_DGWjlBuFEeuxZMUIY-ihGw-_DGWjpBuFEeuxZMUIY-ihGw-IdNombreEstado",
      "probability": 1,
      "from_file_path": "./Periodo",
      "from_class_or_interface_name": "Periodo",
      "from_class_or_interface_key": "_DGWjlBuFEeuxZMUIY-ihGw",
      "from_method_name": null,
      "from_method_key": null,
      "to_file_path": "./ClaseDia",
      "to_class_or_interface_key": "_DGWjpBuFEeuxZMUIY-ihGw",
      "to_class_or_interface_name": "Periodo",
      "to_method_key": null,
      "to_method_name": null,
      "data_clump_type": "fields_to_fields_data_clump",
      "data_clump_data": {
        "_DGWjlRuFEeuxZMUIY-ihGw": {
          "key": "_DGWjlRuFEeuxZMUIY-ihGw",
          "name": "Id",
          "type": null,
          "probability": 1,
          "modifiers": [],
          "to_variable": {
            "key": "_DGWjpRuFEeuxZMUIY-ihGw",
            "name": "Id",
            "type": null,
            "modifiers": [],
            "position": {}
          },
          "position": {}
        },
        "_DGWjlhuFEeuxZMUIY-ihGw": {
          "key": "_DGWjlhuFEeuxZMUIY-ihGw",
          "name": "Nombre",
          "type": null,
          "probability": 1,
          "modifiers": [],
          "to_variable": {
            "key": "_DGWjphuFEeuxZMUIY-ihGw",
            "name": "Nombre",
            "type": null,
            "modifiers": [],
            "position": {}
          },
          "position": {}
        },
        "_DGWjlxuFEeuxZMUIY-ihGw": {
          "key": "_DGWjlxuFEeuxZMUIY-ihGw",
          "name": "Estado",
          "type": null,
          "probability": 1,
          "modifiers": [],
          "to_variable": {
            "key": "_DGWjpxuFEeuxZMUIY-ihGw",
            "name": "Estado",
            "type": null,
            "modifiers": [],
            "position": {}
          },
          "position": {}
        }
      }
    },
    "fields_to_fields_data_clump-./Periodo-_DGWjlBuFEeuxZMUIY-ihGw-_DGWjmBuFEeuxZMUIY-ihGw-IdNombreEstado": {
      "type": "data_clump",
      "key": "fields_to_fields_data_clump-./Periodo-_DGWjlBuFEeuxZMUIY-ihGw-_DGWjmBuFEeuxZMUIY-ihGw-IdNombreEstado",
      "probability": 1,
      "from_file_path": "./Periodo",
      "from_class_or_interface_name": "Periodo",
      "from_class_or_interface_key": "_DGWjlBuFEeuxZMUIY-ihGw",
      "from_method_name": null,
      "from_method_key": null,
      "to_file_path": "./Feriados",
      "to_class_or_interface_key": "_DGWjmBuFEeuxZMUIY-ihGw",
      "to_class_or_interface_name": "Periodo",
      "to_method_key": null,
      "to_method_name": null,
      "data_clump_type": "fields_to_fields_data_clump",
      "data_clump_data": {
        "_DGWjlRuFEeuxZMUIY-ihGw": {
          "key": "_DGWjlRuFEeuxZMUIY-ihGw",
          "name": "Id",
          "type": null,
          "probability": 1,
          "modifiers": [],
          "to_variable": {
            "key": "_DGWjmRuFEeuxZMUIY-ihGw",
            "name": "Id",
            "type": null,
            "modifiers": [],
            "position": {}
          },
          "position": {}
        },
        "_DGWjlhuFEeuxZMUIY-ihGw": {
          "key": "_DGWjlhuFEeuxZMUIY-ihGw",
          "name": "Nombre",
          "type": null,
          "probability": 1,
          "modifiers": [],
          "to_variable": {
            "key": "_DGWjmxuFEeuxZMUIY-ihGw",
            "name": "Nombre",
            "type": null,
            "modifiers": [],
            "position": {}
          },
          "position": {}
        },
        "_DGWjlxuFEeuxZMUIY-ihGw": {
          "key": "_DGWjlxuFEeuxZMUIY-ihGw",
          "name": "Estado",
          "type": null,
          "probability": 1,
          "modifiers": [],
          "to_variable": {
            "key": "_DGWjnRuFEeuxZMUIY-ihGw",
            "name": "Estado",
            "type": null,
            "modifiers": [],
            "position": {}
          },
          "position": {}
        }
      }
    }
  }
}