{
  "report_version": "unknown",
  "report_timestamp": "2025-03-26T21:59:46.845Z",
  "target_language": "java",
  "report_summary": {
    "additional": null,
    "amount_classes_or_interfaces_with_data_clumps": 2,
    "amount_files_with_data_clumps": 2,
    "amount_methods_with_data_clumps": 0,
    "fields_to_fields_data_clump": 2,
    "parameters_to_fields_data_clump": 0,
    "parameters_to_parameters_data_clump": 0,
    "amount_data_clumps": 2
  },
  "project_info": {
    "project_url": "unknown_project_url",
    "project_name": "_QnEQoI1ZEeW2I_OUujANxA",
    "project_version": "unknown_project_version",
    "project_commit_hash": "unknown",
    "project_tag": null,
    "project_commit_date": null,
    "additional": {},
    "number_of_files": 29,
    "number_of_classes_or_interfaces": 29,
    "number_of_methods": 44,
    "number_of_data_fields": 77,
    "number_of_method_parameters": 0
  },
  "detector": {
    "name": "data-clumps-doctor",
    "url": "https://github.com/NilsBaumgartner1994/data-clumps-doctor",
    "version": "0.1.100",
    "options": {
      "typeVariablesConsidered": false,
      "similarityModifierOfVariablesWithUnknownType": 0,
      "fieldsOfClassesWithUnknownHierarchyProbabilityModifier": 0,
      "sharedFieldsToFieldsAmountMinimum": 3,
      "analyseFieldsInClassesOrInterfacesInheritedFromSuperClassesOrInterfaces": false,
      "sharedParametersToParametersAmountMinimum": 3,
      "sharedParametersToFieldsAmountMinimum": 3,
      "methodsOfClassesOrInterfacesWithUnknownHierarchyProbabilityModifier": 0
    }
  },
  "data_clumps": {
    "fields_to_fields_data_clump-./DiagnosedDisease-_iVKhYG-JEDOPG7QG_k1a7g-_RgbAwG-oEDOJg5t34MQteg-DoctorCPFPatientCPFDateTime": {
      "type": "data_clump",
      "key": "fields_to_fields_data_clump-./DiagnosedDisease-_iVKhYG-JEDOPG7QG_k1a7g-_RgbAwG-oEDOJg5t34MQteg-DoctorCPFPatientCPFDateTime",
      "probability": 1,
      "from_file_path": "./DiagnosedDisease",
      "from_class_or_interface_name": "DiagnosedDisease",
      "from_class_or_interface_key": "_iVKhYG-JEDOPG7QG_k1a7g",
      "from_method_name": null,
      "from_method_key": null,
      "to_file_path": "./Prescreve",
      "to_class_or_interface_key": "_RgbAwG-oEDOJg5t34MQteg",
      "to_class_or_interface_name": "DiagnosedDisease",
      "to_method_key": null,
      "to_method_name": null,
      "data_clump_type": "fields_to_fields_data_clump",
      "data_clump_data": {
        "_ngy4wG-JEDOPG7QG_k1a7g": {
          "key": "_ngy4wG-JEDOPG7QG_k1a7g",
          "name": "DoctorCPF",
          "type": null,
          "probability": 1,
          "modifiers": [
            "private"
          ],
          "to_variable": {
            "key": "_URjroG-oEDOJg5t34MQteg",
            "name": "DoctorCPF",
            "type": null,
            "modifiers": [
              "private"
            ],
            "position": {}
          },
          "position": {}
        },
        "_rBVAQG-JEDOPG7QG_k1a7g": {
          "key": "_rBVAQG-JEDOPG7QG_k1a7g",
          "name": "PatientCPF",
          "type": null,
          "probability": 1,
          "modifiers": [
            "private"
          ],
          "to_variable": {
            "key": "_XHog4G-oEDOJg5t34MQteg",
            "name": "PatientCPF",
            "type": null,
            "modifiers": [
              "private"
            ],
            "position": {}
          },
          "position": {}
        },
        "_vFDUYG-JEDOPG7QG_k1a7g": {
          "key": "_vFDUYG-JEDOPG7QG_k1a7g",
          "name": "Date",
          "type": null,
          "probability": 1,
          "modifiers": [
            "private"
          ],
          "to_variable": {
            "key": "_rpMgcG-oEDOJg5t34MQteg",
            "name": "Date",
            "type": null,
            "modifiers": [
              "private"
            ],
            "position": {}
          },
          "position": {}
        },
        "__CKyMW-mEDOJg5t34MQteg": {
          "key": "__CKyMW-mEDOJg5t34MQteg",
          "name": "Time",
          "type": null,
          "probability": 1,
          "modifiers": [
            "private"
          ],
          "to_variable": {
            "key": "_sgWK4G-oEDOJg5t34MQteg",
            "name": "Time",
            "type": null,
            "modifiers": [
              "private"
            ],
            "position": {}
          },
          "position": {}
        }
      }
    },
    "fields_to_fields_data_clump-./Prescreve-_RgbAwG-oEDOJg5t34MQteg-_iVKhYG-JEDOPG7QG_k1a7g-DoctorCPFPatientCPFDateTime": {
      "type": "data_clump",
      "key": "fields_to_fields_data_clump-./Prescreve-_RgbAwG-oEDOJg5t34MQteg-_iVKhYG-JEDOPG7QG_k1a7g-DoctorCPFPatientCPFDateTime",
      "probability": 1,
      "from_file_path": "./Prescreve",
      "from_class_or_interface_name": "Prescreve",
      "from_class_or_interface_key": "_RgbAwG-oEDOJg5t34MQteg",
      "from_method_name": null,
      "from_method_key": null,
      "to_file_path": "./DiagnosedDisease",
      "to_class_or_interface_key": "_iVKhYG-JEDOPG7QG_k1a7g",
      "to_class_or_interface_name": "Prescreve",
      "to_method_key": null,
      "to_method_name": null,
      "data_clump_type": "fields_to_fields_data_clump",
      "data_clump_data": {
        "_URjroG-oEDOJg5t34MQteg": {
          "key": "_URjroG-oEDOJg5t34MQteg",
          "name": "DoctorCPF",
          "type": null,
          "probability": 1,
          "modifiers": [
            "private"
          ],
          "to_variable": {
            "key": "_ngy4wG-JEDOPG7QG_k1a7g",
            "name": "DoctorCPF",
            "type": null,
            "modifiers": [
              "private"
            ],
            "position": {}
          },
          "position": {}
        },
        "_XHog4G-oEDOJg5t34MQteg": {
          "key": "_XHog4G-oEDOJg5t34MQteg",
          "name": "PatientCPF",
          "type": null,
          "probability": 1,
          "modifiers": [
            "private"
          ],
          "to_variable": {
            "key": "_rBVAQG-JEDOPG7QG_k1a7g",
            "name": "PatientCPF",
            "type": null,
            "modifiers": [
              "private"
            ],
            "position": {}
          },
          "position": {}
        },
        "_rpMgcG-oEDOJg5t34MQteg": {
          "key": "_rpMgcG-oEDOJg5t34MQteg",
          "name": "Date",
          "type": null,
          "probability": 1,
          "modifiers": [
            "private"
          ],
          "to_variable": {
            "key": "_vFDUYG-JEDOPG7QG_k1a7g",
            "name": "Date",
            "type": null,
            "modifiers": [
              "private"
            ],
            "position": {}
          },
          "position": {}
        },
        "_sgWK4G-oEDOJg5t34MQteg": {
          "key": "_sgWK4G-oEDOJg5t34MQteg",
          "name": "Time",
          "type": null,
          "probability": 1,
          "modifiers": [
            "private"
          ],
          "to_variable": {
            "key": "__CKyMW-mEDOJg5t34MQteg",
            "name": "Time",
            "type": null,
            "modifiers": [
              "private"
            ],
            "position": {}
          },
          "position": {}
        }
      }
    }
  }
}