{
  "report_version": "unknown",
  "report_timestamp": "2025-03-26T21:52:57.209Z",
  "target_language": "java",
  "report_summary": {
    "additional": null,
    "amount_classes_or_interfaces_with_data_clumps": 3,
    "amount_files_with_data_clumps": 3,
    "amount_methods_with_data_clumps": 0,
    "fields_to_fields_data_clump": 4,
    "parameters_to_fields_data_clump": 0,
    "parameters_to_parameters_data_clump": 0,
    "amount_data_clumps": 4
  },
  "project_info": {
    "project_url": "unknown_project_url",
    "project_name": "_dQHe0AR-Eeyj5cUC8m1erQ",
    "project_version": "unknown_project_version",
    "project_commit_hash": "unknown",
    "project_tag": null,
    "project_commit_date": null,
    "additional": {},
    "number_of_files": 7,
    "number_of_classes_or_interfaces": 7,
    "number_of_methods": 7,
    "number_of_data_fields": 38,
    "number_of_method_parameters": 0
  },
  "detector": {
    "name": "data-clumps-doctor",
    "url": "https://github.com/NilsBaumgartner1994/data-clumps-doctor",
    "version": "0.1.100",
    "options": {
      "typeVariablesConsidered": false,
      "similarityModifierOfVariablesWithUnknownType": 0,
      "fieldsOfClassesWithUnknownHierarchyProbabilityModifier": 0,
      "sharedFieldsToFieldsAmountMinimum": 3,
      "analyseFieldsInClassesOrInterfacesInheritedFromSuperClassesOrInterfaces": false,
      "sharedParametersToParametersAmountMinimum": 3,
      "sharedParametersToFieldsAmountMinimum": 3,
      "methodsOfClassesOrInterfacesWithUnknownHierarchyProbabilityModifier": 0
    }
  },
  "data_clumps": {
    "fields_to_fields_data_clump-./City-_dQPbFwR-Eeyj5cUC8m1erQ-_dQPbJgR-Eeyj5cUC8m1erQ-IDNameLatLng": {
      "type": "data_clump",
      "key": "fields_to_fields_data_clump-./City-_dQPbFwR-Eeyj5cUC8m1erQ-_dQPbJgR-Eeyj5cUC8m1erQ-IDNameLatLng",
      "probability": 1,
      "from_file_path": "./City",
      "from_class_or_interface_name": "City",
      "from_class_or_interface_key": "_dQPbFwR-Eeyj5cUC8m1erQ",
      "from_method_name": null,
      "from_method_key": null,
      "to_file_path": "./Place",
      "to_class_or_interface_key": "_dQPbJgR-Eeyj5cUC8m1erQ",
      "to_class_or_interface_name": "City",
      "to_method_key": null,
      "to_method_name": null,
      "data_clump_type": "fields_to_fields_data_clump",
      "data_clump_data": {
        "_dQPbGAR-Eeyj5cUC8m1erQ": {
          "key": "_dQPbGAR-Eeyj5cUC8m1erQ",
          "name": "ID",
          "type": null,
          "probability": 1,
          "modifiers": [
            "public"
          ],
          "to_variable": {
            "key": "_dQPbJwR-Eeyj5cUC8m1erQ",
            "name": "ID",
            "type": null,
            "modifiers": [
              "public"
            ],
            "position": {}
          },
          "position": {}
        },
        "_dQPbGgR-Eeyj5cUC8m1erQ": {
          "key": "_dQPbGgR-Eeyj5cUC8m1erQ",
          "name": "Name",
          "type": null,
          "probability": 1,
          "modifiers": [
            "public"
          ],
          "to_variable": {
            "key": "_dQPbKAR-Eeyj5cUC8m1erQ",
            "name": "Name",
            "type": null,
            "modifiers": [
              "public"
            ],
            "position": {}
          },
          "position": {}
        },
        "_dQPbGwR-Eeyj5cUC8m1erQ": {
          "key": "_dQPbGwR-Eeyj5cUC8m1erQ",
          "name": "Lat",
          "type": null,
          "probability": 1,
          "modifiers": [
            "public"
          ],
          "to_variable": {
            "key": "_dQPbKwR-Eeyj5cUC8m1erQ",
            "name": "Lat",
            "type": null,
            "modifiers": [
              "public"
            ],
            "position": {}
          },
          "position": {}
        },
        "_dQPbHAR-Eeyj5cUC8m1erQ": {
          "key": "_dQPbHAR-Eeyj5cUC8m1erQ",
          "name": "Lng",
          "type": null,
          "probability": 1,
          "modifiers": [
            "public"
          ],
          "to_variable": {
            "key": "_dQPbLAR-Eeyj5cUC8m1erQ",
            "name": "Lng",
            "type": null,
            "modifiers": [
              "public"
            ],
            "position": {}
          },
          "position": {}
        }
      }
    },
    "fields_to_fields_data_clump-./Place-_dQPbJgR-Eeyj5cUC8m1erQ-_dQPbFwR-Eeyj5cUC8m1erQ-IDNameLatLng": {
      "type": "data_clump",
      "key": "fields_to_fields_data_clump-./Place-_dQPbJgR-Eeyj5cUC8m1erQ-_dQPbFwR-Eeyj5cUC8m1erQ-IDNameLatLng",
      "probability": 1,
      "from_file_path": "./Place",
      "from_class_or_interface_name": "Place",
      "from_class_or_interface_key": "_dQPbJgR-Eeyj5cUC8m1erQ",
      "from_method_name": null,
      "from_method_key": null,
      "to_file_path": "./City",
      "to_class_or_interface_key": "_dQPbFwR-Eeyj5cUC8m1erQ",
      "to_class_or_interface_name": "Place",
      "to_method_key": null,
      "to_method_name": null,
      "data_clump_type": "fields_to_fields_data_clump",
      "data_clump_data": {
        "_dQPbJwR-Eeyj5cUC8m1erQ": {
          "key": "_dQPbJwR-Eeyj5cUC8m1erQ",
          "name": "ID",
          "type": null,
          "probability": 1,
          "modifiers": [
            "public"
          ],
          "to_variable": {
            "key": "_dQPbGAR-Eeyj5cUC8m1erQ",
            "name": "ID",
            "type": null,
            "modifiers": [
              "public"
            ],
            "position": {}
          },
          "position": {}
        },
        "_dQPbKAR-Eeyj5cUC8m1erQ": {
          "key": "_dQPbKAR-Eeyj5cUC8m1erQ",
          "name": "Name",
          "type": null,
          "probability": 1,
          "modifiers": [
            "public"
          ],
          "to_variable": {
            "key": "_dQPbGgR-Eeyj5cUC8m1erQ",
            "name": "Name",
            "type": null,
            "modifiers": [
              "public"
            ],
            "position": {}
          },
          "position": {}
        },
        "_dQPbKwR-Eeyj5cUC8m1erQ": {
          "key": "_dQPbKwR-Eeyj5cUC8m1erQ",
          "name": "Lat",
          "type": null,
          "probability": 1,
          "modifiers": [
            "public"
          ],
          "to_variable": {
            "key": "_dQPbGwR-Eeyj5cUC8m1erQ",
            "name": "Lat",
            "type": null,
            "modifiers": [
              "public"
            ],
            "position": {}
          },
          "position": {}
        },
        "_dQPbLAR-Eeyj5cUC8m1erQ": {
          "key": "_dQPbLAR-Eeyj5cUC8m1erQ",
          "name": "Lng",
          "type": null,
          "probability": 1,
          "modifiers": [
            "public"
          ],
          "to_variable": {
            "key": "_dQPbHAR-Eeyj5cUC8m1erQ",
            "name": "Lng",
            "type": null,
            "modifiers": [
              "public"
            ],
            "position": {}
          },
          "position": {}
        }
      }
    },
    "fields_to_fields_data_clump-./Place-_dQPbJgR-Eeyj5cUC8m1erQ-_dQQBsgR-Eeyj5cUC8m1erQ-IDNameCity": {
      "type": "data_clump",
      "key": "fields_to_fields_data_clump-./Place-_dQPbJgR-Eeyj5cUC8m1erQ-_dQQBsgR-Eeyj5cUC8m1erQ-IDNameCity",
      "probability": 1,
      "from_file_path": "./Place",
      "from_class_or_interface_name": "Place",
      "from_class_or_interface_key": "_dQPbJgR-Eeyj5cUC8m1erQ",
      "from_method_name": null,
      "from_method_key": null,
      "to_file_path": "./User",
      "to_class_or_interface_key": "_dQQBsgR-Eeyj5cUC8m1erQ",
      "to_class_or_interface_name": "Place",
      "to_method_key": null,
      "to_method_name": null,
      "data_clump_type": "fields_to_fields_data_clump",
      "data_clump_data": {
        "_dQPbJwR-Eeyj5cUC8m1erQ": {
          "key": "_dQPbJwR-Eeyj5cUC8m1erQ",
          "name": "ID",
          "type": null,
          "probability": 1,
          "modifiers": [
            "public"
          ],
          "to_variable": {
            "key": "_dQQBswR-Eeyj5cUC8m1erQ",
            "name": "ID",
            "type": null,
            "modifiers": [
              "public"
            ],
            "position": {}
          },
          "position": {}
        },
        "_dQPbKAR-Eeyj5cUC8m1erQ": {
          "key": "_dQPbKAR-Eeyj5cUC8m1erQ",
          "name": "Name",
          "type": null,
          "probability": 1,
          "modifiers": [
            "public"
          ],
          "to_variable": {
            "key": "_dQQBtAR-Eeyj5cUC8m1erQ",
            "name": "Name",
            "type": null,
            "modifiers": [
              "public"
            ],
            "position": {}
          },
          "position": {}
        },
        "_dQPbLQR-Eeyj5cUC8m1erQ": {
          "key": "_dQPbLQR-Eeyj5cUC8m1erQ",
          "name": "City",
          "type": null,
          "probability": 1,
          "modifiers": [
            "public"
          ],
          "to_variable": {
            "key": "_dQQBuQR-Eeyj5cUC8m1erQ",
            "name": "City",
            "type": null,
            "modifiers": [
              "public"
            ],
            "position": {}
          },
          "position": {}
        }
      }
    },
    "fields_to_fields_data_clump-./User-_dQQBsgR-Eeyj5cUC8m1erQ-_dQPbJgR-Eeyj5cUC8m1erQ-IDNameCity": {
      "type": "data_clump",
      "key": "fields_to_fields_data_clump-./User-_dQQBsgR-Eeyj5cUC8m1erQ-_dQPbJgR-Eeyj5cUC8m1erQ-IDNameCity",
      "probability": 1,
      "from_file_path": "./User",
      "from_class_or_interface_name": "User",
      "from_class_or_interface_key": "_dQQBsgR-Eeyj5cUC8m1erQ",
      "from_method_name": null,
      "from_method_key": null,
      "to_file_path": "./Place",
      "to_class_or_interface_key": "_dQPbJgR-Eeyj5cUC8m1erQ",
      "to_class_or_interface_name": "User",
      "to_method_key": null,
      "to_method_name": null,
      "data_clump_type": "fields_to_fields_data_clump",
      "data_clump_data": {
        "_dQQBswR-Eeyj5cUC8m1erQ": {
          "key": "_dQQBswR-Eeyj5cUC8m1erQ",
          "name": "ID",
          "type": null,
          "probability": 1,
          "modifiers": [
            "public"
          ],
          "to_variable": {
            "key": "_dQPbJwR-Eeyj5cUC8m1erQ",
            "name": "ID",
            "type": null,
            "modifiers": [
              "public"
            ],
            "position": {}
          },
          "position": {}
        },
        "_dQQBtAR-Eeyj5cUC8m1erQ": {
          "key": "_dQQBtAR-Eeyj5cUC8m1erQ",
          "name": "Name",
          "type": null,
          "probability": 1,
          "modifiers": [
            "public"
          ],
          "to_variable": {
            "key": "_dQPbKAR-Eeyj5cUC8m1erQ",
            "name": "Name",
            "type": null,
            "modifiers": [
              "public"
            ],
            "position": {}
          },
          "position": {}
        },
        "_dQQBuQR-Eeyj5cUC8m1erQ": {
          "key": "_dQQBuQR-Eeyj5cUC8m1erQ",
          "name": "City",
          "type": null,
          "probability": 1,
          "modifiers": [
            "public"
          ],
          "to_variable": {
            "key": "_dQPbLQR-Eeyj5cUC8m1erQ",
            "name": "City",
            "type": null,
            "modifiers": [
              "public"
            ],
            "position": {}
          },
          "position": {}
        }
      }
    }
  }
}