{
  "report_version": "unknown",
  "report_timestamp": "2025-03-26T22:06:49.404Z",
  "target_language": "java",
  "report_summary": {
    "additional": null,
    "amount_classes_or_interfaces_with_data_clumps": 2,
    "amount_files_with_data_clumps": 2,
    "amount_methods_with_data_clumps": 0,
    "fields_to_fields_data_clump": 2,
    "parameters_to_fields_data_clump": 0,
    "parameters_to_parameters_data_clump": 0,
    "amount_data_clumps": 2
  },
  "project_info": {
    "project_url": "unknown_project_url",
    "project_name": "_Ln0woD9REeyo8oS76GR6Gg",
    "project_version": "unknown_project_version",
    "project_commit_hash": "unknown",
    "project_tag": null,
    "project_commit_date": null,
    "additional": {},
    "number_of_files": 12,
    "number_of_classes_or_interfaces": 12,
    "number_of_methods": 11,
    "number_of_data_fields": 45,
    "number_of_method_parameters": 0
  },
  "detector": {
    "name": "data-clumps-doctor",
    "url": "https://github.com/NilsBaumgartner1994/data-clumps-doctor",
    "version": "0.1.100",
    "options": {
      "typeVariablesConsidered": false,
      "similarityModifierOfVariablesWithUnknownType": 0,
      "fieldsOfClassesWithUnknownHierarchyProbabilityModifier": 0,
      "sharedFieldsToFieldsAmountMinimum": 3,
      "analyseFieldsInClassesOrInterfacesInheritedFromSuperClassesOrInterfaces": false,
      "sharedParametersToParametersAmountMinimum": 3,
      "sharedParametersToFieldsAmountMinimum": 3,
      "methodsOfClassesOrInterfacesWithUnknownHierarchyProbabilityModifier": 0
    }
  },
  "data_clumps": {
    "fields_to_fields_data_clump-./Order-_Ln8tTT9REeyo8oS76GR6Gg-_Ln8tKT9REeyo8oS76GR6Gg-order_idpricecustomer_id": {
      "type": "data_clump",
      "key": "fields_to_fields_data_clump-./Order-_Ln8tTT9REeyo8oS76GR6Gg-_Ln8tKT9REeyo8oS76GR6Gg-order_idpricecustomer_id",
      "probability": 1,
      "from_file_path": "./Order",
      "from_class_or_interface_name": "Order",
      "from_class_or_interface_key": "_Ln8tTT9REeyo8oS76GR6Gg",
      "from_method_name": null,
      "from_method_key": null,
      "to_file_path": "./ShoppingCart",
      "to_class_or_interface_key": "_Ln8tKT9REeyo8oS76GR6Gg",
      "to_class_or_interface_name": "Order",
      "to_method_key": null,
      "to_method_name": null,
      "data_clump_type": "fields_to_fields_data_clump",
      "data_clump_data": {
        "_Ln8tTz9REeyo8oS76GR6Gg": {
          "key": "_Ln8tTz9REeyo8oS76GR6Gg",
          "name": "order_id",
          "type": null,
          "probability": 1,
          "modifiers": [],
          "to_variable": {
            "key": "_Ln8tKj9REeyo8oS76GR6Gg",
            "name": "order_id",
            "type": null,
            "modifiers": [],
            "position": {}
          },
          "position": {}
        },
        "_Ln8tUD9REeyo8oS76GR6Gg": {
          "key": "_Ln8tUD9REeyo8oS76GR6Gg",
          "name": "price",
          "type": null,
          "probability": 1,
          "modifiers": [],
          "to_variable": {
            "key": "_Ln8tKz9REeyo8oS76GR6Gg",
            "name": "price",
            "type": null,
            "modifiers": [],
            "position": {}
          },
          "position": {}
        },
        "_Ln8tUT9REeyo8oS76GR6Gg": {
          "key": "_Ln8tUT9REeyo8oS76GR6Gg",
          "name": "customer_id",
          "type": null,
          "probability": 1,
          "modifiers": [],
          "to_variable": {
            "key": "_Ln8tLD9REeyo8oS76GR6Gg",
            "name": "customer_id",
            "type": null,
            "modifiers": [],
            "position": {}
          },
          "position": {}
        }
      }
    },
    "fields_to_fields_data_clump-./ShoppingCart-_Ln8tKT9REeyo8oS76GR6Gg-_Ln8tTT9REeyo8oS76GR6Gg-order_idpricecustomer_id": {
      "type": "data_clump",
      "key": "fields_to_fields_data_clump-./ShoppingCart-_Ln8tKT9REeyo8oS76GR6Gg-_Ln8tTT9REeyo8oS76GR6Gg-order_idpricecustomer_id",
      "probability": 1,
      "from_file_path": "./ShoppingCart",
      "from_class_or_interface_name": "ShoppingCart",
      "from_class_or_interface_key": "_Ln8tKT9REeyo8oS76GR6Gg",
      "from_method_name": null,
      "from_method_key": null,
      "to_file_path": "./Order",
      "to_class_or_interface_key": "_Ln8tTT9REeyo8oS76GR6Gg",
      "to_class_or_interface_name": "ShoppingCart",
      "to_method_key": null,
      "to_method_name": null,
      "data_clump_type": "fields_to_fields_data_clump",
      "data_clump_data": {
        "_Ln8tKj9REeyo8oS76GR6Gg": {
          "key": "_Ln8tKj9REeyo8oS76GR6Gg",
          "name": "order_id",
          "type": null,
          "probability": 1,
          "modifiers": [],
          "to_variable": {
            "key": "_Ln8tTz9REeyo8oS76GR6Gg",
            "name": "order_id",
            "type": null,
            "modifiers": [],
            "position": {}
          },
          "position": {}
        },
        "_Ln8tKz9REeyo8oS76GR6Gg": {
          "key": "_Ln8tKz9REeyo8oS76GR6Gg",
          "name": "price",
          "type": null,
          "probability": 1,
          "modifiers": [],
          "to_variable": {
            "key": "_Ln8tUD9REeyo8oS76GR6Gg",
            "name": "price",
            "type": null,
            "modifiers": [],
            "position": {}
          },
          "position": {}
        },
        "_Ln8tLD9REeyo8oS76GR6Gg": {
          "key": "_Ln8tLD9REeyo8oS76GR6Gg",
          "name": "customer_id",
          "type": null,
          "probability": 1,
          "modifiers": [],
          "to_variable": {
            "key": "_Ln8tUT9REeyo8oS76GR6Gg",
            "name": "customer_id",
            "type": null,
            "modifiers": [],
            "position": {}
          },
          "position": {}
        }
      }
    }
  }
}