{
  "report_version": "unknown",
  "report_timestamp": "2025-03-26T21:54:57.933Z",
  "target_language": "java",
  "report_summary": {
    "additional": null,
    "amount_classes_or_interfaces_with_data_clumps": 5,
    "amount_files_with_data_clumps": 5,
    "amount_methods_with_data_clumps": 0,
    "fields_to_fields_data_clump": 20,
    "parameters_to_fields_data_clump": 0,
    "parameters_to_parameters_data_clump": 0,
    "amount_data_clumps": 20
  },
  "project_info": {
    "project_url": "unknown_project_url",
    "project_name": "_nHjYwLCVEealN5YbbDMqoA",
    "project_version": "unknown_project_version",
    "project_commit_hash": "unknown",
    "project_tag": null,
    "project_commit_date": null,
    "additional": {},
    "number_of_files": 15,
    "number_of_classes_or_interfaces": 15,
    "number_of_methods": 0,
    "number_of_data_fields": 54,
    "number_of_method_parameters": 0
  },
  "detector": {
    "name": "data-clumps-doctor",
    "url": "https://github.com/NilsBaumgartner1994/data-clumps-doctor",
    "version": "0.1.100",
    "options": {
      "typeVariablesConsidered": false,
      "similarityModifierOfVariablesWithUnknownType": 0,
      "fieldsOfClassesWithUnknownHierarchyProbabilityModifier": 0,
      "sharedFieldsToFieldsAmountMinimum": 3,
      "analyseFieldsInClassesOrInterfacesInheritedFromSuperClassesOrInterfaces": false,
      "sharedParametersToParametersAmountMinimum": 3,
      "sharedParametersToFieldsAmountMinimum": 3,
      "methodsOfClassesOrInterfacesWithUnknownHierarchyProbabilityModifier": 0
    }
  },
  "data_clumps": {
    "fields_to_fields_data_clump-./Commodity-_HcIxwJLGEDSGo4ZzUMWE3w-_LpXe0JLUEDSAUt8l4WaTVg-ImageNameActive": {
      "type": "data_clump",
      "key": "fields_to_fields_data_clump-./Commodity-_HcIxwJLGEDSGo4ZzUMWE3w-_LpXe0JLUEDSAUt8l4WaTVg-ImageNameActive",
      "probability": 1,
      "from_file_path": "./Commodity",
      "from_class_or_interface_name": "Commodity",
      "from_class_or_interface_key": "_HcIxwJLGEDSGo4ZzUMWE3w",
      "from_method_name": null,
      "from_method_key": null,
      "to_file_path": "./Expert",
      "to_class_or_interface_key": "_LpXe0JLUEDSAUt8l4WaTVg",
      "to_class_or_interface_name": "Commodity",
      "to_method_key": null,
      "to_method_name": null,
      "data_clump_type": "fields_to_fields_data_clump",
      "data_clump_data": {
        "_YSDXQJLMEDSAUt8l4WaTVg": {
          "key": "_YSDXQJLMEDSAUt8l4WaTVg",
          "name": "Image",
          "type": null,
          "probability": 1,
          "modifiers": [
            "public"
          ],
          "to_variable": {
            "key": "_vJY9EJaKEDS2wsZEMgVTDg",
            "name": "Image",
            "type": null,
            "modifiers": [
              "public"
            ],
            "position": {}
          },
          "position": {}
        },
        "_XwctwJLGEDSGo4ZzUMWE3w": {
          "key": "_XwctwJLGEDSGo4ZzUMWE3w",
          "name": "Name",
          "type": null,
          "probability": 1,
          "modifiers": [
            "public"
          ],
          "to_variable": {
            "key": "_MW7vcJLUEDSAUt8l4WaTVg",
            "name": "Name",
            "type": null,
            "modifiers": [
              "public"
            ],
            "position": {}
          },
          "position": {}
        },
        "_xYmh8JLtEDSAUt8l4WaTVg": {
          "key": "_xYmh8JLtEDSAUt8l4WaTVg",
          "name": "Active",
          "type": null,
          "probability": 1,
          "modifiers": [
            "private"
          ],
          "to_variable": {
            "key": "_-HI_MJLvEDSAUt8l4WaTVg",
            "name": "Active",
            "type": null,
            "modifiers": [
              "private"
            ],
            "position": {}
          },
          "position": {}
        }
      }
    },
    "fields_to_fields_data_clump-./Commodity-_HcIxwJLGEDSGo4ZzUMWE3w-_jrV40JLOEDSAUt8l4WaTVg-ImageNameActive": {
      "type": "data_clump",
      "key": "fields_to_fields_data_clump-./Commodity-_HcIxwJLGEDSGo4ZzUMWE3w-_jrV40JLOEDSAUt8l4WaTVg-ImageNameActive",
      "probability": 1,
      "from_file_path": "./Commodity",
      "from_class_or_interface_name": "Commodity",
      "from_class_or_interface_key": "_HcIxwJLGEDSGo4ZzUMWE3w",
      "from_method_name": null,
      "from_method_key": null,
      "to_file_path": "./Program",
      "to_class_or_interface_key": "_jrV40JLOEDSAUt8l4WaTVg",
      "to_class_or_interface_name": "Commodity",
      "to_method_key": null,
      "to_method_name": null,
      "data_clump_type": "fields_to_fields_data_clump",
      "data_clump_data": {
        "_YSDXQJLMEDSAUt8l4WaTVg": {
          "key": "_YSDXQJLMEDSAUt8l4WaTVg",
          "name": "Image",
          "type": null,
          "probability": 1,
          "modifiers": [
            "public"
          ],
          "to_variable": {
            "key": "_2IdUYJLOEDSAUt8l4WaTVg",
            "name": "Image",
            "type": null,
            "modifiers": [
              "public"
            ],
            "position": {}
          },
          "position": {}
        },
        "_XwctwJLGEDSGo4ZzUMWE3w": {
          "key": "_XwctwJLGEDSGo4ZzUMWE3w",
          "name": "Name",
          "type": null,
          "probability": 1,
          "modifiers": [
            "public"
          ],
          "to_variable": {
            "key": "_lSrDAJLOEDSAUt8l4WaTVg",
            "name": "Name",
            "type": null,
            "modifiers": [
              "public"
            ],
            "position": {}
          },
          "position": {}
        },
        "_xYmh8JLtEDSAUt8l4WaTVg": {
          "key": "_xYmh8JLtEDSAUt8l4WaTVg",
          "name": "Active",
          "type": null,
          "probability": 1,
          "modifiers": [
            "private"
          ],
          "to_variable": {
            "key": "_y4-vkJLtEDSAUt8l4WaTVg",
            "name": "Active",
            "type": null,
            "modifiers": [
              "private"
            ],
            "position": {}
          },
          "position": {}
        }
      }
    },
    "fields_to_fields_data_clump-./Commodity-_HcIxwJLGEDSGo4ZzUMWE3w-_wJ9EsJLFEDSGo4ZzUMWE3w-ImageNameActive": {
      "type": "data_clump",
      "key": "fields_to_fields_data_clump-./Commodity-_HcIxwJLGEDSGo4ZzUMWE3w-_wJ9EsJLFEDSGo4ZzUMWE3w-ImageNameActive",
      "probability": 1,
      "from_file_path": "./Commodity",
      "from_class_or_interface_name": "Commodity",
      "from_class_or_interface_key": "_HcIxwJLGEDSGo4ZzUMWE3w",
      "from_method_name": null,
      "from_method_key": null,
      "to_file_path": "./Sector",
      "to_class_or_interface_key": "_wJ9EsJLFEDSGo4ZzUMWE3w",
      "to_class_or_interface_name": "Commodity",
      "to_method_key": null,
      "to_method_name": null,
      "data_clump_type": "fields_to_fields_data_clump",
      "data_clump_data": {
        "_YSDXQJLMEDSAUt8l4WaTVg": {
          "key": "_YSDXQJLMEDSAUt8l4WaTVg",
          "name": "Image",
          "type": null,
          "probability": 1,
          "modifiers": [
            "public"
          ],
          "to_variable": {
            "key": "_TRSzIJLMEDSAUt8l4WaTVg",
            "name": "Image",
            "type": null,
            "modifiers": [
              "public"
            ],
            "position": {}
          },
          "position": {}
        },
        "_XwctwJLGEDSGo4ZzUMWE3w": {
          "key": "_XwctwJLGEDSGo4ZzUMWE3w",
          "name": "Name",
          "type": null,
          "probability": 1,
          "modifiers": [
            "public"
          ],
          "to_variable": {
            "key": "_8MAhUJLFEDSGo4ZzUMWE3w",
            "name": "Name",
            "type": null,
            "modifiers": [
              "public"
            ],
            "position": {}
          },
          "position": {}
        },
        "_xYmh8JLtEDSAUt8l4WaTVg": {
          "key": "_xYmh8JLtEDSAUt8l4WaTVg",
          "name": "Active",
          "type": null,
          "probability": 1,
          "modifiers": [
            "private"
          ],
          "to_variable": {
            "key": "_tlxwkJLtEDSAUt8l4WaTVg",
            "name": "Active",
            "type": null,
            "modifiers": [
              "private"
            ],
            "position": {}
          },
          "position": {}
        }
      }
    },
    "fields_to_fields_data_clump-./Commodity-_HcIxwJLGEDSGo4ZzUMWE3w-_dIAoUJLGEDSGo4ZzUMWE3w-ImageNameActive": {
      "type": "data_clump",
      "key": "fields_to_fields_data_clump-./Commodity-_HcIxwJLGEDSGo4ZzUMWE3w-_dIAoUJLGEDSGo4ZzUMWE3w-ImageNameActive",
      "probability": 1,
      "from_file_path": "./Commodity",
      "from_class_or_interface_name": "Commodity",
      "from_class_or_interface_key": "_HcIxwJLGEDSGo4ZzUMWE3w",
      "from_method_name": null,
      "from_method_key": null,
      "to_file_path": "./Technology",
      "to_class_or_interface_key": "_dIAoUJLGEDSGo4ZzUMWE3w",
      "to_class_or_interface_name": "Commodity",
      "to_method_key": null,
      "to_method_name": null,
      "data_clump_type": "fields_to_fields_data_clump",
      "data_clump_data": {
        "_YSDXQJLMEDSAUt8l4WaTVg": {
          "key": "_YSDXQJLMEDSAUt8l4WaTVg",
          "name": "Image",
          "type": null,
          "probability": 1,
          "modifiers": [
            "public"
          ],
          "to_variable": {
            "key": "_Zlq7QJLMEDSAUt8l4WaTVg",
            "name": "Image",
            "type": null,
            "modifiers": [
              "public"
            ],
            "position": {}
          },
          "position": {}
        },
        "_XwctwJLGEDSGo4ZzUMWE3w": {
          "key": "_XwctwJLGEDSGo4ZzUMWE3w",
          "name": "Name",
          "type": null,
          "probability": 1,
          "modifiers": [
            "public"
          ],
          "to_variable": {
            "key": "_jjRbkJLGEDSGo4ZzUMWE3w",
            "name": "Name",
            "type": null,
            "modifiers": [
              "public"
            ],
            "position": {}
          },
          "position": {}
        },
        "_xYmh8JLtEDSAUt8l4WaTVg": {
          "key": "_xYmh8JLtEDSAUt8l4WaTVg",
          "name": "Active",
          "type": null,
          "probability": 1,
          "modifiers": [
            "private"
          ],
          "to_variable": {
            "key": "_xzkmsJLtEDSAUt8l4WaTVg",
            "name": "Active",
            "type": null,
            "modifiers": [
              "private"
            ],
            "position": {}
          },
          "position": {}
        }
      }
    },
    "fields_to_fields_data_clump-./Expert-_LpXe0JLUEDSAUt8l4WaTVg-_HcIxwJLGEDSGo4ZzUMWE3w-ImageNameActive": {
      "type": "data_clump",
      "key": "fields_to_fields_data_clump-./Expert-_LpXe0JLUEDSAUt8l4WaTVg-_HcIxwJLGEDSGo4ZzUMWE3w-ImageNameActive",
      "probability": 1,
      "from_file_path": "./Expert",
      "from_class_or_interface_name": "Expert",
      "from_class_or_interface_key": "_LpXe0JLUEDSAUt8l4WaTVg",
      "from_method_name": null,
      "from_method_key": null,
      "to_file_path": "./Commodity",
      "to_class_or_interface_key": "_HcIxwJLGEDSGo4ZzUMWE3w",
      "to_class_or_interface_name": "Expert",
      "to_method_key": null,
      "to_method_name": null,
      "data_clump_type": "fields_to_fields_data_clump",
      "data_clump_data": {
        "_vJY9EJaKEDS2wsZEMgVTDg": {
          "key": "_vJY9EJaKEDS2wsZEMgVTDg",
          "name": "Image",
          "type": null,
          "probability": 1,
          "modifiers": [
            "public"
          ],
          "to_variable": {
            "key": "_YSDXQJLMEDSAUt8l4WaTVg",
            "name": "Image",
            "type": null,
            "modifiers": [
              "public"
            ],
            "position": {}
          },
          "position": {}
        },
        "_MW7vcJLUEDSAUt8l4WaTVg": {
          "key": "_MW7vcJLUEDSAUt8l4WaTVg",
          "name": "Name",
          "type": null,
          "probability": 1,
          "modifiers": [
            "public"
          ],
          "to_variable": {
            "key": "_XwctwJLGEDSGo4ZzUMWE3w",
            "name": "Name",
            "type": null,
            "modifiers": [
              "public"
            ],
            "position": {}
          },
          "position": {}
        },
        "_-HI_MJLvEDSAUt8l4WaTVg": {
          "key": "_-HI_MJLvEDSAUt8l4WaTVg",
          "name": "Active",
          "type": null,
          "probability": 1,
          "modifiers": [
            "private"
          ],
          "to_variable": {
            "key": "_xYmh8JLtEDSAUt8l4WaTVg",
            "name": "Active",
            "type": null,
            "modifiers": [
              "private"
            ],
            "position": {}
          },
          "position": {}
        }
      }
    },
    "fields_to_fields_data_clump-./Expert-_LpXe0JLUEDSAUt8l4WaTVg-_jrV40JLOEDSAUt8l4WaTVg-ImageNameActive": {
      "type": "data_clump",
      "key": "fields_to_fields_data_clump-./Expert-_LpXe0JLUEDSAUt8l4WaTVg-_jrV40JLOEDSAUt8l4WaTVg-ImageNameActive",
      "probability": 1,
      "from_file_path": "./Expert",
      "from_class_or_interface_name": "Expert",
      "from_class_or_interface_key": "_LpXe0JLUEDSAUt8l4WaTVg",
      "from_method_name": null,
      "from_method_key": null,
      "to_file_path": "./Program",
      "to_class_or_interface_key": "_jrV40JLOEDSAUt8l4WaTVg",
      "to_class_or_interface_name": "Expert",
      "to_method_key": null,
      "to_method_name": null,
      "data_clump_type": "fields_to_fields_data_clump",
      "data_clump_data": {
        "_vJY9EJaKEDS2wsZEMgVTDg": {
          "key": "_vJY9EJaKEDS2wsZEMgVTDg",
          "name": "Image",
          "type": null,
          "probability": 1,
          "modifiers": [
            "public"
          ],
          "to_variable": {
            "key": "_2IdUYJLOEDSAUt8l4WaTVg",
            "name": "Image",
            "type": null,
            "modifiers": [
              "public"
            ],
            "position": {}
          },
          "position": {}
        },
        "_MW7vcJLUEDSAUt8l4WaTVg": {
          "key": "_MW7vcJLUEDSAUt8l4WaTVg",
          "name": "Name",
          "type": null,
          "probability": 1,
          "modifiers": [
            "public"
          ],
          "to_variable": {
            "key": "_lSrDAJLOEDSAUt8l4WaTVg",
            "name": "Name",
            "type": null,
            "modifiers": [
              "public"
            ],
            "position": {}
          },
          "position": {}
        },
        "_-HI_MJLvEDSAUt8l4WaTVg": {
          "key": "_-HI_MJLvEDSAUt8l4WaTVg",
          "name": "Active",
          "type": null,
          "probability": 1,
          "modifiers": [
            "private"
          ],
          "to_variable": {
            "key": "_y4-vkJLtEDSAUt8l4WaTVg",
            "name": "Active",
            "type": null,
            "modifiers": [
              "private"
            ],
            "position": {}
          },
          "position": {}
        }
      }
    },
    "fields_to_fields_data_clump-./Expert-_LpXe0JLUEDSAUt8l4WaTVg-_wJ9EsJLFEDSGo4ZzUMWE3w-ImageNameActive": {
      "type": "data_clump",
      "key": "fields_to_fields_data_clump-./Expert-_LpXe0JLUEDSAUt8l4WaTVg-_wJ9EsJLFEDSGo4ZzUMWE3w-ImageNameActive",
      "probability": 1,
      "from_file_path": "./Expert",
      "from_class_or_interface_name": "Expert",
      "from_class_or_interface_key": "_LpXe0JLUEDSAUt8l4WaTVg",
      "from_method_name": null,
      "from_method_key": null,
      "to_file_path": "./Sector",
      "to_class_or_interface_key": "_wJ9EsJLFEDSGo4ZzUMWE3w",
      "to_class_or_interface_name": "Expert",
      "to_method_key": null,
      "to_method_name": null,
      "data_clump_type": "fields_to_fields_data_clump",
      "data_clump_data": {
        "_vJY9EJaKEDS2wsZEMgVTDg": {
          "key": "_vJY9EJaKEDS2wsZEMgVTDg",
          "name": "Image",
          "type": null,
          "probability": 1,
          "modifiers": [
            "public"
          ],
          "to_variable": {
            "key": "_TRSzIJLMEDSAUt8l4WaTVg",
            "name": "Image",
            "type": null,
            "modifiers": [
              "public"
            ],
            "position": {}
          },
          "position": {}
        },
        "_MW7vcJLUEDSAUt8l4WaTVg": {
          "key": "_MW7vcJLUEDSAUt8l4WaTVg",
          "name": "Name",
          "type": null,
          "probability": 1,
          "modifiers": [
            "public"
          ],
          "to_variable": {
            "key": "_8MAhUJLFEDSGo4ZzUMWE3w",
            "name": "Name",
            "type": null,
            "modifiers": [
              "public"
            ],
            "position": {}
          },
          "position": {}
        },
        "_-HI_MJLvEDSAUt8l4WaTVg": {
          "key": "_-HI_MJLvEDSAUt8l4WaTVg",
          "name": "Active",
          "type": null,
          "probability": 1,
          "modifiers": [
            "private"
          ],
          "to_variable": {
            "key": "_tlxwkJLtEDSAUt8l4WaTVg",
            "name": "Active",
            "type": null,
            "modifiers": [
              "private"
            ],
            "position": {}
          },
          "position": {}
        }
      }
    },
    "fields_to_fields_data_clump-./Expert-_LpXe0JLUEDSAUt8l4WaTVg-_dIAoUJLGEDSGo4ZzUMWE3w-ImageNameActive": {
      "type": "data_clump",
      "key": "fields_to_fields_data_clump-./Expert-_LpXe0JLUEDSAUt8l4WaTVg-_dIAoUJLGEDSGo4ZzUMWE3w-ImageNameActive",
      "probability": 1,
      "from_file_path": "./Expert",
      "from_class_or_interface_name": "Expert",
      "from_class_or_interface_key": "_LpXe0JLUEDSAUt8l4WaTVg",
      "from_method_name": null,
      "from_method_key": null,
      "to_file_path": "./Technology",
      "to_class_or_interface_key": "_dIAoUJLGEDSGo4ZzUMWE3w",
      "to_class_or_interface_name": "Expert",
      "to_method_key": null,
      "to_method_name": null,
      "data_clump_type": "fields_to_fields_data_clump",
      "data_clump_data": {
        "_vJY9EJaKEDS2wsZEMgVTDg": {
          "key": "_vJY9EJaKEDS2wsZEMgVTDg",
          "name": "Image",
          "type": null,
          "probability": 1,
          "modifiers": [
            "public"
          ],
          "to_variable": {
            "key": "_Zlq7QJLMEDSAUt8l4WaTVg",
            "name": "Image",
            "type": null,
            "modifiers": [
              "public"
            ],
            "position": {}
          },
          "position": {}
        },
        "_MW7vcJLUEDSAUt8l4WaTVg": {
          "key": "_MW7vcJLUEDSAUt8l4WaTVg",
          "name": "Name",
          "type": null,
          "probability": 1,
          "modifiers": [
            "public"
          ],
          "to_variable": {
            "key": "_jjRbkJLGEDSGo4ZzUMWE3w",
            "name": "Name",
            "type": null,
            "modifiers": [
              "public"
            ],
            "position": {}
          },
          "position": {}
        },
        "_-HI_MJLvEDSAUt8l4WaTVg": {
          "key": "_-HI_MJLvEDSAUt8l4WaTVg",
          "name": "Active",
          "type": null,
          "probability": 1,
          "modifiers": [
            "private"
          ],
          "to_variable": {
            "key": "_xzkmsJLtEDSAUt8l4WaTVg",
            "name": "Active",
            "type": null,
            "modifiers": [
              "private"
            ],
            "position": {}
          },
          "position": {}
        }
      }
    },
    "fields_to_fields_data_clump-./Program-_jrV40JLOEDSAUt8l4WaTVg-_HcIxwJLGEDSGo4ZzUMWE3w-ImageNameActive": {
      "type": "data_clump",
      "key": "fields_to_fields_data_clump-./Program-_jrV40JLOEDSAUt8l4WaTVg-_HcIxwJLGEDSGo4ZzUMWE3w-ImageNameActive",
      "probability": 1,
      "from_file_path": "./Program",
      "from_class_or_interface_name": "Program",
      "from_class_or_interface_key": "_jrV40JLOEDSAUt8l4WaTVg",
      "from_method_name": null,
      "from_method_key": null,
      "to_file_path": "./Commodity",
      "to_class_or_interface_key": "_HcIxwJLGEDSGo4ZzUMWE3w",
      "to_class_or_interface_name": "Program",
      "to_method_key": null,
      "to_method_name": null,
      "data_clump_type": "fields_to_fields_data_clump",
      "data_clump_data": {
        "_2IdUYJLOEDSAUt8l4WaTVg": {
          "key": "_2IdUYJLOEDSAUt8l4WaTVg",
          "name": "Image",
          "type": null,
          "probability": 1,
          "modifiers": [
            "public"
          ],
          "to_variable": {
            "key": "_YSDXQJLMEDSAUt8l4WaTVg",
            "name": "Image",
            "type": null,
            "modifiers": [
              "public"
            ],
            "position": {}
          },
          "position": {}
        },
        "_lSrDAJLOEDSAUt8l4WaTVg": {
          "key": "_lSrDAJLOEDSAUt8l4WaTVg",
          "name": "Name",
          "type": null,
          "probability": 1,
          "modifiers": [
            "public"
          ],
          "to_variable": {
            "key": "_XwctwJLGEDSGo4ZzUMWE3w",
            "name": "Name",
            "type": null,
            "modifiers": [
              "public"
            ],
            "position": {}
          },
          "position": {}
        },
        "_y4-vkJLtEDSAUt8l4WaTVg": {
          "key": "_y4-vkJLtEDSAUt8l4WaTVg",
          "name": "Active",
          "type": null,
          "probability": 1,
          "modifiers": [
            "private"
          ],
          "to_variable": {
            "key": "_xYmh8JLtEDSAUt8l4WaTVg",
            "name": "Active",
            "type": null,
            "modifiers": [
              "private"
            ],
            "position": {}
          },
          "position": {}
        }
      }
    },
    "fields_to_fields_data_clump-./Program-_jrV40JLOEDSAUt8l4WaTVg-_LpXe0JLUEDSAUt8l4WaTVg-ImageNameActive": {
      "type": "data_clump",
      "key": "fields_to_fields_data_clump-./Program-_jrV40JLOEDSAUt8l4WaTVg-_LpXe0JLUEDSAUt8l4WaTVg-ImageNameActive",
      "probability": 1,
      "from_file_path": "./Program",
      "from_class_or_interface_name": "Program",
      "from_class_or_interface_key": "_jrV40JLOEDSAUt8l4WaTVg",
      "from_method_name": null,
      "from_method_key": null,
      "to_file_path": "./Expert",
      "to_class_or_interface_key": "_LpXe0JLUEDSAUt8l4WaTVg",
      "to_class_or_interface_name": "Program",
      "to_method_key": null,
      "to_method_name": null,
      "data_clump_type": "fields_to_fields_data_clump",
      "data_clump_data": {
        "_2IdUYJLOEDSAUt8l4WaTVg": {
          "key": "_2IdUYJLOEDSAUt8l4WaTVg",
          "name": "Image",
          "type": null,
          "probability": 1,
          "modifiers": [
            "public"
          ],
          "to_variable": {
            "key": "_vJY9EJaKEDS2wsZEMgVTDg",
            "name": "Image",
            "type": null,
            "modifiers": [
              "public"
            ],
            "position": {}
          },
          "position": {}
        },
        "_lSrDAJLOEDSAUt8l4WaTVg": {
          "key": "_lSrDAJLOEDSAUt8l4WaTVg",
          "name": "Name",
          "type": null,
          "probability": 1,
          "modifiers": [
            "public"
          ],
          "to_variable": {
            "key": "_MW7vcJLUEDSAUt8l4WaTVg",
            "name": "Name",
            "type": null,
            "modifiers": [
              "public"
            ],
            "position": {}
          },
          "position": {}
        },
        "_y4-vkJLtEDSAUt8l4WaTVg": {
          "key": "_y4-vkJLtEDSAUt8l4WaTVg",
          "name": "Active",
          "type": null,
          "probability": 1,
          "modifiers": [
            "private"
          ],
          "to_variable": {
            "key": "_-HI_MJLvEDSAUt8l4WaTVg",
            "name": "Active",
            "type": null,
            "modifiers": [
              "private"
            ],
            "position": {}
          },
          "position": {}
        }
      }
    },
    "fields_to_fields_data_clump-./Program-_jrV40JLOEDSAUt8l4WaTVg-_wJ9EsJLFEDSGo4ZzUMWE3w-ImageNameActive": {
      "type": "data_clump",
      "key": "fields_to_fields_data_clump-./Program-_jrV40JLOEDSAUt8l4WaTVg-_wJ9EsJLFEDSGo4ZzUMWE3w-ImageNameActive",
      "probability": 1,
      "from_file_path": "./Program",
      "from_class_or_interface_name": "Program",
      "from_class_or_interface_key": "_jrV40JLOEDSAUt8l4WaTVg",
      "from_method_name": null,
      "from_method_key": null,
      "to_file_path": "./Sector",
      "to_class_or_interface_key": "_wJ9EsJLFEDSGo4ZzUMWE3w",
      "to_class_or_interface_name": "Program",
      "to_method_key": null,
      "to_method_name": null,
      "data_clump_type": "fields_to_fields_data_clump",
      "data_clump_data": {
        "_2IdUYJLOEDSAUt8l4WaTVg": {
          "key": "_2IdUYJLOEDSAUt8l4WaTVg",
          "name": "Image",
          "type": null,
          "probability": 1,
          "modifiers": [
            "public"
          ],
          "to_variable": {
            "key": "_TRSzIJLMEDSAUt8l4WaTVg",
            "name": "Image",
            "type": null,
            "modifiers": [
              "public"
            ],
            "position": {}
          },
          "position": {}
        },
        "_lSrDAJLOEDSAUt8l4WaTVg": {
          "key": "_lSrDAJLOEDSAUt8l4WaTVg",
          "name": "Name",
          "type": null,
          "probability": 1,
          "modifiers": [
            "public"
          ],
          "to_variable": {
            "key": "_8MAhUJLFEDSGo4ZzUMWE3w",
            "name": "Name",
            "type": null,
            "modifiers": [
              "public"
            ],
            "position": {}
          },
          "position": {}
        },
        "_y4-vkJLtEDSAUt8l4WaTVg": {
          "key": "_y4-vkJLtEDSAUt8l4WaTVg",
          "name": "Active",
          "type": null,
          "probability": 1,
          "modifiers": [
            "private"
          ],
          "to_variable": {
            "key": "_tlxwkJLtEDSAUt8l4WaTVg",
            "name": "Active",
            "type": null,
            "modifiers": [
              "private"
            ],
            "position": {}
          },
          "position": {}
        }
      }
    },
    "fields_to_fields_data_clump-./Program-_jrV40JLOEDSAUt8l4WaTVg-_dIAoUJLGEDSGo4ZzUMWE3w-ImageNameDescriptionActive": {
      "type": "data_clump",
      "key": "fields_to_fields_data_clump-./Program-_jrV40JLOEDSAUt8l4WaTVg-_dIAoUJLGEDSGo4ZzUMWE3w-ImageNameDescriptionActive",
      "probability": 1,
      "from_file_path": "./Program",
      "from_class_or_interface_name": "Program",
      "from_class_or_interface_key": "_jrV40JLOEDSAUt8l4WaTVg",
      "from_method_name": null,
      "from_method_key": null,
      "to_file_path": "./Technology",
      "to_class_or_interface_key": "_dIAoUJLGEDSGo4ZzUMWE3w",
      "to_class_or_interface_name": "Program",
      "to_method_key": null,
      "to_method_name": null,
      "data_clump_type": "fields_to_fields_data_clump",
      "data_clump_data": {
        "_2IdUYJLOEDSAUt8l4WaTVg": {
          "key": "_2IdUYJLOEDSAUt8l4WaTVg",
          "name": "Image",
          "type": null,
          "probability": 1,
          "modifiers": [
            "public"
          ],
          "to_variable": {
            "key": "_Zlq7QJLMEDSAUt8l4WaTVg",
            "name": "Image",
            "type": null,
            "modifiers": [
              "public"
            ],
            "position": {}
          },
          "position": {}
        },
        "_lSrDAJLOEDSAUt8l4WaTVg": {
          "key": "_lSrDAJLOEDSAUt8l4WaTVg",
          "name": "Name",
          "type": null,
          "probability": 1,
          "modifiers": [
            "public"
          ],
          "to_variable": {
            "key": "_jjRbkJLGEDSGo4ZzUMWE3w",
            "name": "Name",
            "type": null,
            "modifiers": [
              "public"
            ],
            "position": {}
          },
          "position": {}
        },
        "_21wfQJLOEDSAUt8l4WaTVg": {
          "key": "_21wfQJLOEDSAUt8l4WaTVg",
          "name": "Description",
          "type": null,
          "probability": 1,
          "modifiers": [
            "public"
          ],
          "to_variable": {
            "key": "_nPxigJLGEDSGo4ZzUMWE3w",
            "name": "Description",
            "type": null,
            "modifiers": [
              "public"
            ],
            "position": {}
          },
          "position": {}
        },
        "_y4-vkJLtEDSAUt8l4WaTVg": {
          "key": "_y4-vkJLtEDSAUt8l4WaTVg",
          "name": "Active",
          "type": null,
          "probability": 1,
          "modifiers": [
            "private"
          ],
          "to_variable": {
            "key": "_xzkmsJLtEDSAUt8l4WaTVg",
            "name": "Active",
            "type": null,
            "modifiers": [
              "private"
            ],
            "position": {}
          },
          "position": {}
        }
      }
    },
    "fields_to_fields_data_clump-./Sector-_wJ9EsJLFEDSGo4ZzUMWE3w-_HcIxwJLGEDSGo4ZzUMWE3w-ImageNameActive": {
      "type": "data_clump",
      "key": "fields_to_fields_data_clump-./Sector-_wJ9EsJLFEDSGo4ZzUMWE3w-_HcIxwJLGEDSGo4ZzUMWE3w-ImageNameActive",
      "probability": 1,
      "from_file_path": "./Sector",
      "from_class_or_interface_name": "Sector",
      "from_class_or_interface_key": "_wJ9EsJLFEDSGo4ZzUMWE3w",
      "from_method_name": null,
      "from_method_key": null,
      "to_file_path": "./Commodity",
      "to_class_or_interface_key": "_HcIxwJLGEDSGo4ZzUMWE3w",
      "to_class_or_interface_name": "Sector",
      "to_method_key": null,
      "to_method_name": null,
      "data_clump_type": "fields_to_fields_data_clump",
      "data_clump_data": {
        "_TRSzIJLMEDSAUt8l4WaTVg": {
          "key": "_TRSzIJLMEDSAUt8l4WaTVg",
          "name": "Image",
          "type": null,
          "probability": 1,
          "modifiers": [
            "public"
          ],
          "to_variable": {
            "key": "_YSDXQJLMEDSAUt8l4WaTVg",
            "name": "Image",
            "type": null,
            "modifiers": [
              "public"
            ],
            "position": {}
          },
          "position": {}
        },
        "_8MAhUJLFEDSGo4ZzUMWE3w": {
          "key": "_8MAhUJLFEDSGo4ZzUMWE3w",
          "name": "Name",
          "type": null,
          "probability": 1,
          "modifiers": [
            "public"
          ],
          "to_variable": {
            "key": "_XwctwJLGEDSGo4ZzUMWE3w",
            "name": "Name",
            "type": null,
            "modifiers": [
              "public"
            ],
            "position": {}
          },
          "position": {}
        },
        "_tlxwkJLtEDSAUt8l4WaTVg": {
          "key": "_tlxwkJLtEDSAUt8l4WaTVg",
          "name": "Active",
          "type": null,
          "probability": 1,
          "modifiers": [
            "private"
          ],
          "to_variable": {
            "key": "_xYmh8JLtEDSAUt8l4WaTVg",
            "name": "Active",
            "type": null,
            "modifiers": [
              "private"
            ],
            "position": {}
          },
          "position": {}
        }
      }
    },
    "fields_to_fields_data_clump-./Sector-_wJ9EsJLFEDSGo4ZzUMWE3w-_LpXe0JLUEDSAUt8l4WaTVg-ImageNameActive": {
      "type": "data_clump",
      "key": "fields_to_fields_data_clump-./Sector-_wJ9EsJLFEDSGo4ZzUMWE3w-_LpXe0JLUEDSAUt8l4WaTVg-ImageNameActive",
      "probability": 1,
      "from_file_path": "./Sector",
      "from_class_or_interface_name": "Sector",
      "from_class_or_interface_key": "_wJ9EsJLFEDSGo4ZzUMWE3w",
      "from_method_name": null,
      "from_method_key": null,
      "to_file_path": "./Expert",
      "to_class_or_interface_key": "_LpXe0JLUEDSAUt8l4WaTVg",
      "to_class_or_interface_name": "Sector",
      "to_method_key": null,
      "to_method_name": null,
      "data_clump_type": "fields_to_fields_data_clump",
      "data_clump_data": {
        "_TRSzIJLMEDSAUt8l4WaTVg": {
          "key": "_TRSzIJLMEDSAUt8l4WaTVg",
          "name": "Image",
          "type": null,
          "probability": 1,
          "modifiers": [
            "public"
          ],
          "to_variable": {
            "key": "_vJY9EJaKEDS2wsZEMgVTDg",
            "name": "Image",
            "type": null,
            "modifiers": [
              "public"
            ],
            "position": {}
          },
          "position": {}
        },
        "_8MAhUJLFEDSGo4ZzUMWE3w": {
          "key": "_8MAhUJLFEDSGo4ZzUMWE3w",
          "name": "Name",
          "type": null,
          "probability": 1,
          "modifiers": [
            "public"
          ],
          "to_variable": {
            "key": "_MW7vcJLUEDSAUt8l4WaTVg",
            "name": "Name",
            "type": null,
            "modifiers": [
              "public"
            ],
            "position": {}
          },
          "position": {}
        },
        "_tlxwkJLtEDSAUt8l4WaTVg": {
          "key": "_tlxwkJLtEDSAUt8l4WaTVg",
          "name": "Active",
          "type": null,
          "probability": 1,
          "modifiers": [
            "private"
          ],
          "to_variable": {
            "key": "_-HI_MJLvEDSAUt8l4WaTVg",
            "name": "Active",
            "type": null,
            "modifiers": [
              "private"
            ],
            "position": {}
          },
          "position": {}
        }
      }
    },
    "fields_to_fields_data_clump-./Sector-_wJ9EsJLFEDSGo4ZzUMWE3w-_jrV40JLOEDSAUt8l4WaTVg-ImageNameActive": {
      "type": "data_clump",
      "key": "fields_to_fields_data_clump-./Sector-_wJ9EsJLFEDSGo4ZzUMWE3w-_jrV40JLOEDSAUt8l4WaTVg-ImageNameActive",
      "probability": 1,
      "from_file_path": "./Sector",
      "from_class_or_interface_name": "Sector",
      "from_class_or_interface_key": "_wJ9EsJLFEDSGo4ZzUMWE3w",
      "from_method_name": null,
      "from_method_key": null,
      "to_file_path": "./Program",
      "to_class_or_interface_key": "_jrV40JLOEDSAUt8l4WaTVg",
      "to_class_or_interface_name": "Sector",
      "to_method_key": null,
      "to_method_name": null,
      "data_clump_type": "fields_to_fields_data_clump",
      "data_clump_data": {
        "_TRSzIJLMEDSAUt8l4WaTVg": {
          "key": "_TRSzIJLMEDSAUt8l4WaTVg",
          "name": "Image",
          "type": null,
          "probability": 1,
          "modifiers": [
            "public"
          ],
          "to_variable": {
            "key": "_2IdUYJLOEDSAUt8l4WaTVg",
            "name": "Image",
            "type": null,
            "modifiers": [
              "public"
            ],
            "position": {}
          },
          "position": {}
        },
        "_8MAhUJLFEDSGo4ZzUMWE3w": {
          "key": "_8MAhUJLFEDSGo4ZzUMWE3w",
          "name": "Name",
          "type": null,
          "probability": 1,
          "modifiers": [
            "public"
          ],
          "to_variable": {
            "key": "_lSrDAJLOEDSAUt8l4WaTVg",
            "name": "Name",
            "type": null,
            "modifiers": [
              "public"
            ],
            "position": {}
          },
          "position": {}
        },
        "_tlxwkJLtEDSAUt8l4WaTVg": {
          "key": "_tlxwkJLtEDSAUt8l4WaTVg",
          "name": "Active",
          "type": null,
          "probability": 1,
          "modifiers": [
            "private"
          ],
          "to_variable": {
            "key": "_y4-vkJLtEDSAUt8l4WaTVg",
            "name": "Active",
            "type": null,
            "modifiers": [
              "private"
            ],
            "position": {}
          },
          "position": {}
        }
      }
    },
    "fields_to_fields_data_clump-./Sector-_wJ9EsJLFEDSGo4ZzUMWE3w-_dIAoUJLGEDSGo4ZzUMWE3w-ImageNameActive": {
      "type": "data_clump",
      "key": "fields_to_fields_data_clump-./Sector-_wJ9EsJLFEDSGo4ZzUMWE3w-_dIAoUJLGEDSGo4ZzUMWE3w-ImageNameActive",
      "probability": 1,
      "from_file_path": "./Sector",
      "from_class_or_interface_name": "Sector",
      "from_class_or_interface_key": "_wJ9EsJLFEDSGo4ZzUMWE3w",
      "from_method_name": null,
      "from_method_key": null,
      "to_file_path": "./Technology",
      "to_class_or_interface_key": "_dIAoUJLGEDSGo4ZzUMWE3w",
      "to_class_or_interface_name": "Sector",
      "to_method_key": null,
      "to_method_name": null,
      "data_clump_type": "fields_to_fields_data_clump",
      "data_clump_data": {
        "_TRSzIJLMEDSAUt8l4WaTVg": {
          "key": "_TRSzIJLMEDSAUt8l4WaTVg",
          "name": "Image",
          "type": null,
          "probability": 1,
          "modifiers": [
            "public"
          ],
          "to_variable": {
            "key": "_Zlq7QJLMEDSAUt8l4WaTVg",
            "name": "Image",
            "type": null,
            "modifiers": [
              "public"
            ],
            "position": {}
          },
          "position": {}
        },
        "_8MAhUJLFEDSGo4ZzUMWE3w": {
          "key": "_8MAhUJLFEDSGo4ZzUMWE3w",
          "name": "Name",
          "type": null,
          "probability": 1,
          "modifiers": [
            "public"
          ],
          "to_variable": {
            "key": "_jjRbkJLGEDSGo4ZzUMWE3w",
            "name": "Name",
            "type": null,
            "modifiers": [
              "public"
            ],
            "position": {}
          },
          "position": {}
        },
        "_tlxwkJLtEDSAUt8l4WaTVg": {
          "key": "_tlxwkJLtEDSAUt8l4WaTVg",
          "name": "Active",
          "type": null,
          "probability": 1,
          "modifiers": [
            "private"
          ],
          "to_variable": {
            "key": "_xzkmsJLtEDSAUt8l4WaTVg",
            "name": "Active",
            "type": null,
            "modifiers": [
              "private"
            ],
            "position": {}
          },
          "position": {}
        }
      }
    },
    "fields_to_fields_data_clump-./Technology-_dIAoUJLGEDSGo4ZzUMWE3w-_HcIxwJLGEDSGo4ZzUMWE3w-ImageNameActive": {
      "type": "data_clump",
      "key": "fields_to_fields_data_clump-./Technology-_dIAoUJLGEDSGo4ZzUMWE3w-_HcIxwJLGEDSGo4ZzUMWE3w-ImageNameActive",
      "probability": 1,
      "from_file_path": "./Technology",
      "from_class_or_interface_name": "Technology",
      "from_class_or_interface_key": "_dIAoUJLGEDSGo4ZzUMWE3w",
      "from_method_name": null,
      "from_method_key": null,
      "to_file_path": "./Commodity",
      "to_class_or_interface_key": "_HcIxwJLGEDSGo4ZzUMWE3w",
      "to_class_or_interface_name": "Technology",
      "to_method_key": null,
      "to_method_name": null,
      "data_clump_type": "fields_to_fields_data_clump",
      "data_clump_data": {
        "_Zlq7QJLMEDSAUt8l4WaTVg": {
          "key": "_Zlq7QJLMEDSAUt8l4WaTVg",
          "name": "Image",
          "type": null,
          "probability": 1,
          "modifiers": [
            "public"
          ],
          "to_variable": {
            "key": "_YSDXQJLMEDSAUt8l4WaTVg",
            "name": "Image",
            "type": null,
            "modifiers": [
              "public"
            ],
            "position": {}
          },
          "position": {}
        },
        "_jjRbkJLGEDSGo4ZzUMWE3w": {
          "key": "_jjRbkJLGEDSGo4ZzUMWE3w",
          "name": "Name",
          "type": null,
          "probability": 1,
          "modifiers": [
            "public"
          ],
          "to_variable": {
            "key": "_XwctwJLGEDSGo4ZzUMWE3w",
            "name": "Name",
            "type": null,
            "modifiers": [
              "public"
            ],
            "position": {}
          },
          "position": {}
        },
        "_xzkmsJLtEDSAUt8l4WaTVg": {
          "key": "_xzkmsJLtEDSAUt8l4WaTVg",
          "name": "Active",
          "type": null,
          "probability": 1,
          "modifiers": [
            "private"
          ],
          "to_variable": {
            "key": "_xYmh8JLtEDSAUt8l4WaTVg",
            "name": "Active",
            "type": null,
            "modifiers": [
              "private"
            ],
            "position": {}
          },
          "position": {}
        }
      }
    },
    "fields_to_fields_data_clump-./Technology-_dIAoUJLGEDSGo4ZzUMWE3w-_LpXe0JLUEDSAUt8l4WaTVg-ImageNameActive": {
      "type": "data_clump",
      "key": "fields_to_fields_data_clump-./Technology-_dIAoUJLGEDSGo4ZzUMWE3w-_LpXe0JLUEDSAUt8l4WaTVg-ImageNameActive",
      "probability": 1,
      "from_file_path": "./Technology",
      "from_class_or_interface_name": "Technology",
      "from_class_or_interface_key": "_dIAoUJLGEDSGo4ZzUMWE3w",
      "from_method_name": null,
      "from_method_key": null,
      "to_file_path": "./Expert",
      "to_class_or_interface_key": "_LpXe0JLUEDSAUt8l4WaTVg",
      "to_class_or_interface_name": "Technology",
      "to_method_key": null,
      "to_method_name": null,
      "data_clump_type": "fields_to_fields_data_clump",
      "data_clump_data": {
        "_Zlq7QJLMEDSAUt8l4WaTVg": {
          "key": "_Zlq7QJLMEDSAUt8l4WaTVg",
          "name": "Image",
          "type": null,
          "probability": 1,
          "modifiers": [
            "public"
          ],
          "to_variable": {
            "key": "_vJY9EJaKEDS2wsZEMgVTDg",
            "name": "Image",
            "type": null,
            "modifiers": [
              "public"
            ],
            "position": {}
          },
          "position": {}
        },
        "_jjRbkJLGEDSGo4ZzUMWE3w": {
          "key": "_jjRbkJLGEDSGo4ZzUMWE3w",
          "name": "Name",
          "type": null,
          "probability": 1,
          "modifiers": [
            "public"
          ],
          "to_variable": {
            "key": "_MW7vcJLUEDSAUt8l4WaTVg",
            "name": "Name",
            "type": null,
            "modifiers": [
              "public"
            ],
            "position": {}
          },
          "position": {}
        },
        "_xzkmsJLtEDSAUt8l4WaTVg": {
          "key": "_xzkmsJLtEDSAUt8l4WaTVg",
          "name": "Active",
          "type": null,
          "probability": 1,
          "modifiers": [
            "private"
          ],
          "to_variable": {
            "key": "_-HI_MJLvEDSAUt8l4WaTVg",
            "name": "Active",
            "type": null,
            "modifiers": [
              "private"
            ],
            "position": {}
          },
          "position": {}
        }
      }
    },
    "fields_to_fields_data_clump-./Technology-_dIAoUJLGEDSGo4ZzUMWE3w-_jrV40JLOEDSAUt8l4WaTVg-ImageNameDescriptionActive": {
      "type": "data_clump",
      "key": "fields_to_fields_data_clump-./Technology-_dIAoUJLGEDSGo4ZzUMWE3w-_jrV40JLOEDSAUt8l4WaTVg-ImageNameDescriptionActive",
      "probability": 1,
      "from_file_path": "./Technology",
      "from_class_or_interface_name": "Technology",
      "from_class_or_interface_key": "_dIAoUJLGEDSGo4ZzUMWE3w",
      "from_method_name": null,
      "from_method_key": null,
      "to_file_path": "./Program",
      "to_class_or_interface_key": "_jrV40JLOEDSAUt8l4WaTVg",
      "to_class_or_interface_name": "Technology",
      "to_method_key": null,
      "to_method_name": null,
      "data_clump_type": "fields_to_fields_data_clump",
      "data_clump_data": {
        "_Zlq7QJLMEDSAUt8l4WaTVg": {
          "key": "_Zlq7QJLMEDSAUt8l4WaTVg",
          "name": "Image",
          "type": null,
          "probability": 1,
          "modifiers": [
            "public"
          ],
          "to_variable": {
            "key": "_2IdUYJLOEDSAUt8l4WaTVg",
            "name": "Image",
            "type": null,
            "modifiers": [
              "public"
            ],
            "position": {}
          },
          "position": {}
        },
        "_jjRbkJLGEDSGo4ZzUMWE3w": {
          "key": "_jjRbkJLGEDSGo4ZzUMWE3w",
          "name": "Name",
          "type": null,
          "probability": 1,
          "modifiers": [
            "public"
          ],
          "to_variable": {
            "key": "_lSrDAJLOEDSAUt8l4WaTVg",
            "name": "Name",
            "type": null,
            "modifiers": [
              "public"
            ],
            "position": {}
          },
          "position": {}
        },
        "_nPxigJLGEDSGo4ZzUMWE3w": {
          "key": "_nPxigJLGEDSGo4ZzUMWE3w",
          "name": "Description",
          "type": null,
          "probability": 1,
          "modifiers": [
            "public"
          ],
          "to_variable": {
            "key": "_21wfQJLOEDSAUt8l4WaTVg",
            "name": "Description",
            "type": null,
            "modifiers": [
              "public"
            ],
            "position": {}
          },
          "position": {}
        },
        "_xzkmsJLtEDSAUt8l4WaTVg": {
          "key": "_xzkmsJLtEDSAUt8l4WaTVg",
          "name": "Active",
          "type": null,
          "probability": 1,
          "modifiers": [
            "private"
          ],
          "to_variable": {
            "key": "_y4-vkJLtEDSAUt8l4WaTVg",
            "name": "Active",
            "type": null,
            "modifiers": [
              "private"
            ],
            "position": {}
          },
          "position": {}
        }
      }
    },
    "fields_to_fields_data_clump-./Technology-_dIAoUJLGEDSGo4ZzUMWE3w-_wJ9EsJLFEDSGo4ZzUMWE3w-ImageNameActive": {
      "type": "data_clump",
      "key": "fields_to_fields_data_clump-./Technology-_dIAoUJLGEDSGo4ZzUMWE3w-_wJ9EsJLFEDSGo4ZzUMWE3w-ImageNameActive",
      "probability": 1,
      "from_file_path": "./Technology",
      "from_class_or_interface_name": "Technology",
      "from_class_or_interface_key": "_dIAoUJLGEDSGo4ZzUMWE3w",
      "from_method_name": null,
      "from_method_key": null,
      "to_file_path": "./Sector",
      "to_class_or_interface_key": "_wJ9EsJLFEDSGo4ZzUMWE3w",
      "to_class_or_interface_name": "Technology",
      "to_method_key": null,
      "to_method_name": null,
      "data_clump_type": "fields_to_fields_data_clump",
      "data_clump_data": {
        "_Zlq7QJLMEDSAUt8l4WaTVg": {
          "key": "_Zlq7QJLMEDSAUt8l4WaTVg",
          "name": "Image",
          "type": null,
          "probability": 1,
          "modifiers": [
            "public"
          ],
          "to_variable": {
            "key": "_TRSzIJLMEDSAUt8l4WaTVg",
            "name": "Image",
            "type": null,
            "modifiers": [
              "public"
            ],
            "position": {}
          },
          "position": {}
        },
        "_jjRbkJLGEDSGo4ZzUMWE3w": {
          "key": "_jjRbkJLGEDSGo4ZzUMWE3w",
          "name": "Name",
          "type": null,
          "probability": 1,
          "modifiers": [
            "public"
          ],
          "to_variable": {
            "key": "_8MAhUJLFEDSGo4ZzUMWE3w",
            "name": "Name",
            "type": null,
            "modifiers": [
              "public"
            ],
            "position": {}
          },
          "position": {}
        },
        "_xzkmsJLtEDSAUt8l4WaTVg": {
          "key": "_xzkmsJLtEDSAUt8l4WaTVg",
          "name": "Active",
          "type": null,
          "probability": 1,
          "modifiers": [
            "private"
          ],
          "to_variable": {
            "key": "_tlxwkJLtEDSAUt8l4WaTVg",
            "name": "Active",
            "type": null,
            "modifiers": [
              "private"
            ],
            "position": {}
          },
          "position": {}
        }
      }
    }
  }
}