{
  "report_version": "unknown",
  "report_timestamp": "2025-03-26T22:28:08.063Z",
  "target_language": "java",
  "report_summary": {
    "additional": null,
    "amount_classes_or_interfaces_with_data_clumps": 2,
    "amount_files_with_data_clumps": 2,
    "amount_methods_with_data_clumps": 1,
    "fields_to_fields_data_clump": 2,
    "parameters_to_fields_data_clump": 2,
    "parameters_to_parameters_data_clump": 0,
    "amount_data_clumps": 4
  },
  "project_info": {
    "project_url": "unknown_project_url",
    "project_name": "_ZA2-cGoUEeSmTqqtE6wM_Q",
    "project_version": "unknown_project_version",
    "project_commit_hash": "unknown",
    "project_tag": null,
    "project_commit_date": null,
    "additional": {},
    "number_of_files": 7,
    "number_of_classes_or_interfaces": 7,
    "number_of_methods": 41,
    "number_of_data_fields": 24,
    "number_of_method_parameters": 46
  },
  "detector": {
    "name": "data-clumps-doctor",
    "url": "https://github.com/NilsBaumgartner1994/data-clumps-doctor",
    "version": "0.1.100",
    "options": {
      "typeVariablesConsidered": false,
      "similarityModifierOfVariablesWithUnknownType": 0,
      "fieldsOfClassesWithUnknownHierarchyProbabilityModifier": 0,
      "sharedFieldsToFieldsAmountMinimum": 3,
      "analyseFieldsInClassesOrInterfacesInheritedFromSuperClassesOrInterfaces": false,
      "sharedParametersToParametersAmountMinimum": 3,
      "sharedParametersToFieldsAmountMinimum": 3,
      "methodsOfClassesOrInterfacesWithUnknownHierarchyProbabilityModifier": 0
    }
  },
  "data_clumps": {
    "parameters_to_fields_data_clump-./History-_SltrYUxREDKfR_b-MEaPEw-_F_UyoExREDKfR_b-MEaPEw-identifiertitlethumbnailURL": {
      "type": "data_clump",
      "key": "parameters_to_fields_data_clump-./History-_SltrYUxREDKfR_b-MEaPEw-_F_UyoExREDKfR_b-MEaPEw-identifiertitlethumbnailURL",
      "probability": 1,
      "from_file_path": "./History",
      "from_class_or_interface_name": "History",
      "from_class_or_interface_key": "_F_UyoExREDKfR_b-MEaPEw",
      "from_method_name": "createHistory",
      "from_method_key": "_SltrYUxREDKfR_b-MEaPEw",
      "to_file_path": "./History",
      "to_class_or_interface_name": "History",
      "to_class_or_interface_key": "_F_UyoExREDKfR_b-MEaPEw",
      "to_method_name": null,
      "to_method_key": null,
      "data_clump_type": "parameters_to_fields_data_clump",
      "data_clump_data": {
        "_WjP38ExREDKfR_b-MEaPEw": {
          "key": "_WjP38ExREDKfR_b-MEaPEw",
          "name": "identifier",
          "type": null,
          "probability": 1,
          "modifiers": [],
          "to_variable": {
            "key": "_emri4ExREDKfR_b-MEaPEw",
            "name": "identifier",
            "type": null,
            "modifiers": [],
            "position": {}
          },
          "position": {}
        },
        "_XNegsExREDKfR_b-MEaPEw": {
          "key": "_XNegsExREDKfR_b-MEaPEw",
          "name": "title",
          "type": null,
          "probability": 1,
          "modifiers": [],
          "to_variable": {
            "key": "_fZuwcExREDKfR_b-MEaPEw",
            "name": "title",
            "type": null,
            "modifiers": [],
            "position": {}
          },
          "position": {}
        },
        "_YXmKcExREDKfR_b-MEaPEw": {
          "key": "_YXmKcExREDKfR_b-MEaPEw",
          "name": "thumbnailURL",
          "type": null,
          "probability": 1,
          "modifiers": [],
          "to_variable": {
            "key": "_gir8kExREDKfR_b-MEaPEw",
            "name": "thumbnailURL",
            "type": null,
            "modifiers": [],
            "position": {}
          },
          "position": {}
        }
      }
    },
    "parameters_to_fields_data_clump-./History-_SltrYUxREDKfR_b-MEaPEw-_eGUwMExDEDKfR_b-MEaPEw-identifiertitlethumbnailURL": {
      "type": "data_clump",
      "key": "parameters_to_fields_data_clump-./History-_SltrYUxREDKfR_b-MEaPEw-_eGUwMExDEDKfR_b-MEaPEw-identifiertitlethumbnailURL",
      "probability": 1,
      "from_file_path": "./History",
      "from_class_or_interface_name": "History",
      "from_class_or_interface_key": "_F_UyoExREDKfR_b-MEaPEw",
      "from_method_name": "createHistory",
      "from_method_key": "_SltrYUxREDKfR_b-MEaPEw",
      "to_file_path": "./SongYoutube",
      "to_class_or_interface_name": "SongYoutube",
      "to_class_or_interface_key": "_eGUwMExDEDKfR_b-MEaPEw",
      "to_method_name": null,
      "to_method_key": null,
      "data_clump_type": "parameters_to_fields_data_clump",
      "data_clump_data": {
        "_WjP38ExREDKfR_b-MEaPEw": {
          "key": "_WjP38ExREDKfR_b-MEaPEw",
          "name": "identifier",
          "type": null,
          "probability": 1,
          "modifiers": [],
          "to_variable": {
            "key": "_gDQ-AExDEDKfR_b-MEaPEw",
            "name": "identifier",
            "type": null,
            "modifiers": [],
            "position": {}
          },
          "position": {}
        },
        "_XNegsExREDKfR_b-MEaPEw": {
          "key": "_XNegsExREDKfR_b-MEaPEw",
          "name": "title",
          "type": null,
          "probability": 1,
          "modifiers": [],
          "to_variable": {
            "key": "_g1fFIExDEDKfR_b-MEaPEw",
            "name": "title",
            "type": null,
            "modifiers": [],
            "position": {}
          },
          "position": {}
        },
        "_YXmKcExREDKfR_b-MEaPEw": {
          "key": "_YXmKcExREDKfR_b-MEaPEw",
          "name": "thumbnailURL",
          "type": null,
          "probability": 1,
          "modifiers": [],
          "to_variable": {
            "key": "_hv1NgExDEDKfR_b-MEaPEw",
            "name": "thumbnailURL",
            "type": null,
            "modifiers": [],
            "position": {}
          },
          "position": {}
        }
      }
    },
    "fields_to_fields_data_clump-./History-_F_UyoExREDKfR_b-MEaPEw-_eGUwMExDEDKfR_b-MEaPEw-identifiertitlethumbnailURL": {
      "type": "data_clump",
      "key": "fields_to_fields_data_clump-./History-_F_UyoExREDKfR_b-MEaPEw-_eGUwMExDEDKfR_b-MEaPEw-identifiertitlethumbnailURL",
      "probability": 1,
      "from_file_path": "./History",
      "from_class_or_interface_name": "History",
      "from_class_or_interface_key": "_F_UyoExREDKfR_b-MEaPEw",
      "from_method_name": null,
      "from_method_key": null,
      "to_file_path": "./SongYoutube",
      "to_class_or_interface_key": "_eGUwMExDEDKfR_b-MEaPEw",
      "to_class_or_interface_name": "History",
      "to_method_key": null,
      "to_method_name": null,
      "data_clump_type": "fields_to_fields_data_clump",
      "data_clump_data": {
        "_emri4ExREDKfR_b-MEaPEw": {
          "key": "_emri4ExREDKfR_b-MEaPEw",
          "name": "identifier",
          "type": null,
          "probability": 1,
          "modifiers": [],
          "to_variable": {
            "key": "_gDQ-AExDEDKfR_b-MEaPEw",
            "name": "identifier",
            "type": null,
            "modifiers": [],
            "position": {}
          },
          "position": {}
        },
        "_fZuwcExREDKfR_b-MEaPEw": {
          "key": "_fZuwcExREDKfR_b-MEaPEw",
          "name": "title",
          "type": null,
          "probability": 1,
          "modifiers": [],
          "to_variable": {
            "key": "_g1fFIExDEDKfR_b-MEaPEw",
            "name": "title",
            "type": null,
            "modifiers": [],
            "position": {}
          },
          "position": {}
        },
        "_gir8kExREDKfR_b-MEaPEw": {
          "key": "_gir8kExREDKfR_b-MEaPEw",
          "name": "thumbnailURL",
          "type": null,
          "probability": 1,
          "modifiers": [],
          "to_variable": {
            "key": "_hv1NgExDEDKfR_b-MEaPEw",
            "name": "thumbnailURL",
            "type": null,
            "modifiers": [],
            "position": {}
          },
          "position": {}
        }
      }
    },
    "fields_to_fields_data_clump-./SongYoutube-_eGUwMExDEDKfR_b-MEaPEw-_F_UyoExREDKfR_b-MEaPEw-identifiertitlethumbnailURL": {
      "type": "data_clump",
      "key": "fields_to_fields_data_clump-./SongYoutube-_eGUwMExDEDKfR_b-MEaPEw-_F_UyoExREDKfR_b-MEaPEw-identifiertitlethumbnailURL",
      "probability": 1,
      "from_file_path": "./SongYoutube",
      "from_class_or_interface_name": "SongYoutube",
      "from_class_or_interface_key": "_eGUwMExDEDKfR_b-MEaPEw",
      "from_method_name": null,
      "from_method_key": null,
      "to_file_path": "./History",
      "to_class_or_interface_key": "_F_UyoExREDKfR_b-MEaPEw",
      "to_class_or_interface_name": "SongYoutube",
      "to_method_key": null,
      "to_method_name": null,
      "data_clump_type": "fields_to_fields_data_clump",
      "data_clump_data": {
        "_gDQ-AExDEDKfR_b-MEaPEw": {
          "key": "_gDQ-AExDEDKfR_b-MEaPEw",
          "name": "identifier",
          "type": null,
          "probability": 1,
          "modifiers": [],
          "to_variable": {
            "key": "_emri4ExREDKfR_b-MEaPEw",
            "name": "identifier",
            "type": null,
            "modifiers": [],
            "position": {}
          },
          "position": {}
        },
        "_g1fFIExDEDKfR_b-MEaPEw": {
          "key": "_g1fFIExDEDKfR_b-MEaPEw",
          "name": "title",
          "type": null,
          "probability": 1,
          "modifiers": [],
          "to_variable": {
            "key": "_fZuwcExREDKfR_b-MEaPEw",
            "name": "title",
            "type": null,
            "modifiers": [],
            "position": {}
          },
          "position": {}
        },
        "_hv1NgExDEDKfR_b-MEaPEw": {
          "key": "_hv1NgExDEDKfR_b-MEaPEw",
          "name": "thumbnailURL",
          "type": null,
          "probability": 1,
          "modifiers": [],
          "to_variable": {
            "key": "_gir8kExREDKfR_b-MEaPEw",
            "name": "thumbnailURL",
            "type": null,
            "modifiers": [],
            "position": {}
          },
          "position": {}
        }
      }
    }
  }
}