{
  "report_version": "unknown",
  "report_timestamp": "2025-03-26T22:20:34.626Z",
  "target_language": "java",
  "report_summary": {
    "additional": null,
    "amount_classes_or_interfaces_with_data_clumps": 3,
    "amount_files_with_data_clumps": 3,
    "amount_methods_with_data_clumps": 2,
    "fields_to_fields_data_clump": 4,
    "parameters_to_fields_data_clump": 3,
    "parameters_to_parameters_data_clump": 0,
    "amount_data_clumps": 7
  },
  "project_info": {
    "project_url": "unknown_project_url",
    "project_name": "327f1e0a-1fee-4b23-978c-8df46eb18f34",
    "project_version": "unknown_project_version",
    "project_commit_hash": "unknown",
    "project_tag": null,
    "project_commit_date": null,
    "additional": {},
    "number_of_files": 4,
    "number_of_classes_or_interfaces": 4,
    "number_of_methods": 26,
    "number_of_data_fields": 19,
    "number_of_method_parameters": 16
  },
  "detector": {
    "name": "data-clumps-doctor",
    "url": "https://github.com/NilsBaumgartner1994/data-clumps-doctor",
    "version": "0.1.100",
    "options": {
      "typeVariablesConsidered": false,
      "similarityModifierOfVariablesWithUnknownType": 0,
      "fieldsOfClassesWithUnknownHierarchyProbabilityModifier": 0,
      "sharedFieldsToFieldsAmountMinimum": 3,
      "analyseFieldsInClassesOrInterfacesInheritedFromSuperClassesOrInterfaces": false,
      "sharedParametersToParametersAmountMinimum": 3,
      "sharedParametersToFieldsAmountMinimum": 3,
      "methodsOfClassesOrInterfacesWithUnknownHierarchyProbabilityModifier": 0
    }
  },
  "data_clumps": {
    "parameters_to_fields_data_clump-./ParkedCar-_7pJbsBiMEDKvBLQEikaf8Q-_uaqBIBiMEDKvBLQEikaf8Q-makemodelcolorlicenseNumberminutesParked": {
      "type": "data_clump",
      "key": "parameters_to_fields_data_clump-./ParkedCar-_7pJbsBiMEDKvBLQEikaf8Q-_uaqBIBiMEDKvBLQEikaf8Q-makemodelcolorlicenseNumberminutesParked",
      "probability": 1,
      "from_file_path": "./ParkedCar",
      "from_class_or_interface_name": "ParkedCar",
      "from_class_or_interface_key": "_uaqBIBiMEDKvBLQEikaf8Q",
      "from_method_name": "ParkedCar",
      "from_method_key": "_7pJbsBiMEDKvBLQEikaf8Q",
      "to_file_path": "./ParkedCar",
      "to_class_or_interface_name": "ParkedCar",
      "to_class_or_interface_key": "_uaqBIBiMEDKvBLQEikaf8Q",
      "to_method_name": null,
      "to_method_key": null,
      "data_clump_type": "parameters_to_fields_data_clump",
      "data_clump_data": {
        "_BKchEBiNEDKvBLQEikaf8Q": {
          "key": "_BKchEBiNEDKvBLQEikaf8Q",
          "name": "make",
          "type": null,
          "probability": 1,
          "modifiers": [],
          "to_variable": {
            "key": "_8XXzoBiMEDKvBLQEikaf8Q",
            "name": "make",
            "type": null,
            "modifiers": [
              "private"
            ],
            "position": {}
          },
          "position": {}
        },
        "_BpMSkBiNEDKvBLQEikaf8Q": {
          "key": "_BpMSkBiNEDKvBLQEikaf8Q",
          "name": "model",
          "type": null,
          "probability": 1,
          "modifiers": [],
          "to_variable": {
            "key": "_s84JoBiOEDKvBLQEikaf8Q",
            "name": "model",
            "type": null,
            "modifiers": [
              "private"
            ],
            "position": {}
          },
          "position": {}
        },
        "_BvJJkBiNEDKvBLQEikaf8Q": {
          "key": "_BvJJkBiNEDKvBLQEikaf8Q",
          "name": "color",
          "type": null,
          "probability": 1,
          "modifiers": [],
          "to_variable": {
            "key": "_vB7xoBiOEDKvBLQEikaf8Q",
            "name": "color",
            "type": null,
            "modifiers": [
              "private"
            ],
            "position": {}
          },
          "position": {}
        },
        "_DhkwgBiNEDKvBLQEikaf8Q": {
          "key": "_DhkwgBiNEDKvBLQEikaf8Q",
          "name": "licenseNumber",
          "type": null,
          "probability": 1,
          "modifiers": [],
          "to_variable": {
            "key": "_yxGyEBiOEDKvBLQEikaf8Q",
            "name": "licenseNumber",
            "type": null,
            "modifiers": [
              "private"
            ],
            "position": {}
          },
          "position": {}
        },
        "_EFmDkBiNEDKvBLQEikaf8Q": {
          "key": "_EFmDkBiNEDKvBLQEikaf8Q",
          "name": "minutesParked",
          "type": null,
          "probability": 1,
          "modifiers": [],
          "to_variable": {
            "key": "_1S2WEBiOEDKvBLQEikaf8Q",
            "name": "minutesParked",
            "type": null,
            "modifiers": [
              "private"
            ],
            "position": {}
          },
          "position": {}
        }
      }
    },
    "parameters_to_fields_data_clump-./ParkedCar-_7pJbsBiMEDKvBLQEikaf8Q-_1L8HsBiMEDKvBLQEikaf8Q-makemodelcolorlicenseNumber": {
      "type": "data_clump",
      "key": "parameters_to_fields_data_clump-./ParkedCar-_7pJbsBiMEDKvBLQEikaf8Q-_1L8HsBiMEDKvBLQEikaf8Q-makemodelcolorlicenseNumber",
      "probability": 1,
      "from_file_path": "./ParkedCar",
      "from_class_or_interface_name": "ParkedCar",
      "from_class_or_interface_key": "_uaqBIBiMEDKvBLQEikaf8Q",
      "from_method_name": "ParkedCar",
      "from_method_key": "_7pJbsBiMEDKvBLQEikaf8Q",
      "to_file_path": "./ParkingTicket",
      "to_class_or_interface_name": "ParkingTicket",
      "to_class_or_interface_key": "_1L8HsBiMEDKvBLQEikaf8Q",
      "to_method_name": null,
      "to_method_key": null,
      "data_clump_type": "parameters_to_fields_data_clump",
      "data_clump_data": {
        "_BKchEBiNEDKvBLQEikaf8Q": {
          "key": "_BKchEBiNEDKvBLQEikaf8Q",
          "name": "make",
          "type": null,
          "probability": 1,
          "modifiers": [],
          "to_variable": {
            "key": "_skyH0BiQEDKvBLQEikaf8Q",
            "name": "make",
            "type": null,
            "modifiers": [
              "private"
            ],
            "position": {}
          },
          "position": {}
        },
        "_BpMSkBiNEDKvBLQEikaf8Q": {
          "key": "_BpMSkBiNEDKvBLQEikaf8Q",
          "name": "model",
          "type": null,
          "probability": 1,
          "modifiers": [],
          "to_variable": {
            "key": "_tAl6EBiQEDKvBLQEikaf8Q",
            "name": "model",
            "type": null,
            "modifiers": [
              "private"
            ],
            "position": {}
          },
          "position": {}
        },
        "_BvJJkBiNEDKvBLQEikaf8Q": {
          "key": "_BvJJkBiNEDKvBLQEikaf8Q",
          "name": "color",
          "type": null,
          "probability": 1,
          "modifiers": [],
          "to_variable": {
            "key": "_tcWpABiQEDKvBLQEikaf8Q",
            "name": "color",
            "type": null,
            "modifiers": [
              "private"
            ],
            "position": {}
          },
          "position": {}
        },
        "_DhkwgBiNEDKvBLQEikaf8Q": {
          "key": "_DhkwgBiNEDKvBLQEikaf8Q",
          "name": "licenseNumber",
          "type": null,
          "probability": 1,
          "modifiers": [],
          "to_variable": {
            "key": "_t2TaEBiQEDKvBLQEikaf8Q",
            "name": "licenseNumber",
            "type": null,
            "modifiers": [
              "private"
            ],
            "position": {}
          },
          "position": {}
        }
      }
    },
    "parameters_to_fields_data_clump-./ParkingTicket-_bsXjwBiREDKvBLQEikaf8Q-_ykEtkBiMEDKvBLQEikaf8Q-parkedCarparkingMeterfine": {
      "type": "data_clump",
      "key": "parameters_to_fields_data_clump-./ParkingTicket-_bsXjwBiREDKvBLQEikaf8Q-_ykEtkBiMEDKvBLQEikaf8Q-parkedCarparkingMeterfine",
      "probability": 1,
      "from_file_path": "./ParkingTicket",
      "from_class_or_interface_name": "ParkingTicket",
      "from_class_or_interface_key": "_1L8HsBiMEDKvBLQEikaf8Q",
      "from_method_name": "ParkingTicket",
      "from_method_key": "_bsXjwBiREDKvBLQEikaf8Q",
      "to_file_path": "./ParkingOfficer",
      "to_class_or_interface_name": "ParkingOfficer",
      "to_class_or_interface_key": "_ykEtkBiMEDKvBLQEikaf8Q",
      "to_method_name": null,
      "to_method_key": null,
      "data_clump_type": "parameters_to_fields_data_clump",
      "data_clump_data": {
        "_ebljEBiREDKvBLQEikaf8Q": {
          "key": "_ebljEBiREDKvBLQEikaf8Q",
          "name": "parkedCar",
          "type": null,
          "probability": 1,
          "modifiers": [],
          "to_variable": {
            "key": "_xJdskBiTEDKvBLQEikaf8Q",
            "name": "parkedCar",
            "type": null,
            "modifiers": [
              "private"
            ],
            "position": {}
          },
          "position": {}
        },
        "_elRDgBiREDKvBLQEikaf8Q": {
          "key": "_elRDgBiREDKvBLQEikaf8Q",
          "name": "parkingMeter",
          "type": null,
          "probability": 1,
          "modifiers": [],
          "to_variable": {
            "key": "_zVT5EBiTEDKvBLQEikaf8Q",
            "name": "parkingMeter",
            "type": null,
            "modifiers": [
              "private"
            ],
            "position": {}
          },
          "position": {}
        },
        "_eqwngBiREDKvBLQEikaf8Q": {
          "key": "_eqwngBiREDKvBLQEikaf8Q",
          "name": "fine",
          "type": null,
          "probability": 1,
          "modifiers": [],
          "to_variable": {
            "key": "_2JLH0BiTEDKvBLQEikaf8Q",
            "name": "fine",
            "type": null,
            "modifiers": [
              "private"
            ],
            "position": {}
          },
          "position": {}
        }
      }
    },
    "fields_to_fields_data_clump-./ParkedCar-_uaqBIBiMEDKvBLQEikaf8Q-_1L8HsBiMEDKvBLQEikaf8Q-makemodelcolorlicenseNumber": {
      "type": "data_clump",
      "key": "fields_to_fields_data_clump-./ParkedCar-_uaqBIBiMEDKvBLQEikaf8Q-_1L8HsBiMEDKvBLQEikaf8Q-makemodelcolorlicenseNumber",
      "probability": 1,
      "from_file_path": "./ParkedCar",
      "from_class_or_interface_name": "ParkedCar",
      "from_class_or_interface_key": "_uaqBIBiMEDKvBLQEikaf8Q",
      "from_method_name": null,
      "from_method_key": null,
      "to_file_path": "./ParkingTicket",
      "to_class_or_interface_key": "_1L8HsBiMEDKvBLQEikaf8Q",
      "to_class_or_interface_name": "ParkedCar",
      "to_method_key": null,
      "to_method_name": null,
      "data_clump_type": "fields_to_fields_data_clump",
      "data_clump_data": {
        "_8XXzoBiMEDKvBLQEikaf8Q": {
          "key": "_8XXzoBiMEDKvBLQEikaf8Q",
          "name": "make",
          "type": null,
          "probability": 1,
          "modifiers": [
            "private"
          ],
          "to_variable": {
            "key": "_skyH0BiQEDKvBLQEikaf8Q",
            "name": "make",
            "type": null,
            "modifiers": [
              "private"
            ],
            "position": {}
          },
          "position": {}
        },
        "_s84JoBiOEDKvBLQEikaf8Q": {
          "key": "_s84JoBiOEDKvBLQEikaf8Q",
          "name": "model",
          "type": null,
          "probability": 1,
          "modifiers": [
            "private"
          ],
          "to_variable": {
            "key": "_tAl6EBiQEDKvBLQEikaf8Q",
            "name": "model",
            "type": null,
            "modifiers": [
              "private"
            ],
            "position": {}
          },
          "position": {}
        },
        "_vB7xoBiOEDKvBLQEikaf8Q": {
          "key": "_vB7xoBiOEDKvBLQEikaf8Q",
          "name": "color",
          "type": null,
          "probability": 1,
          "modifiers": [
            "private"
          ],
          "to_variable": {
            "key": "_tcWpABiQEDKvBLQEikaf8Q",
            "name": "color",
            "type": null,
            "modifiers": [
              "private"
            ],
            "position": {}
          },
          "position": {}
        },
        "_yxGyEBiOEDKvBLQEikaf8Q": {
          "key": "_yxGyEBiOEDKvBLQEikaf8Q",
          "name": "licenseNumber",
          "type": null,
          "probability": 1,
          "modifiers": [
            "private"
          ],
          "to_variable": {
            "key": "_t2TaEBiQEDKvBLQEikaf8Q",
            "name": "licenseNumber",
            "type": null,
            "modifiers": [
              "private"
            ],
            "position": {}
          },
          "position": {}
        }
      }
    },
    "fields_to_fields_data_clump-./ParkingOfficer-_ykEtkBiMEDKvBLQEikaf8Q-_1L8HsBiMEDKvBLQEikaf8Q-parkingMeterofficerNameofficerBadgeNumber": {
      "type": "data_clump",
      "key": "fields_to_fields_data_clump-./ParkingOfficer-_ykEtkBiMEDKvBLQEikaf8Q-_1L8HsBiMEDKvBLQEikaf8Q-parkingMeterofficerNameofficerBadgeNumber",
      "probability": 1,
      "from_file_path": "./ParkingOfficer",
      "from_class_or_interface_name": "ParkingOfficer",
      "from_class_or_interface_key": "_ykEtkBiMEDKvBLQEikaf8Q",
      "from_method_name": null,
      "from_method_key": null,
      "to_file_path": "./ParkingTicket",
      "to_class_or_interface_key": "_1L8HsBiMEDKvBLQEikaf8Q",
      "to_class_or_interface_name": "ParkingOfficer",
      "to_method_key": null,
      "to_method_name": null,
      "data_clump_type": "fields_to_fields_data_clump",
      "data_clump_data": {
        "_zVT5EBiTEDKvBLQEikaf8Q": {
          "key": "_zVT5EBiTEDKvBLQEikaf8Q",
          "name": "parkingMeter",
          "type": null,
          "probability": 1,
          "modifiers": [
            "private"
          ],
          "to_variable": {
            "key": "_f9WtQBiQEDKvBLQEikaf8Q",
            "name": "parkingMeter",
            "type": null,
            "modifiers": [
              "private"
            ],
            "position": {}
          },
          "position": {}
        },
        "_1TNJIBiTEDKvBLQEikaf8Q": {
          "key": "_1TNJIBiTEDKvBLQEikaf8Q",
          "name": "officerName",
          "type": null,
          "probability": 1,
          "modifiers": [
            "private"
          ],
          "to_variable": {
            "key": "_xKgVwBiQEDKvBLQEikaf8Q",
            "name": "officerName",
            "type": null,
            "modifiers": [
              "private"
            ],
            "position": {}
          },
          "position": {}
        },
        "_1sekwBiTEDKvBLQEikaf8Q": {
          "key": "_1sekwBiTEDKvBLQEikaf8Q",
          "name": "officerBadgeNumber",
          "type": null,
          "probability": 1,
          "modifiers": [
            "private"
          ],
          "to_variable": {
            "key": "_xvfSIBiQEDKvBLQEikaf8Q",
            "name": "officerBadgeNumber",
            "type": null,
            "modifiers": [
              "private"
            ],
            "position": {}
          },
          "position": {}
        }
      }
    },
    "fields_to_fields_data_clump-./ParkingTicket-_1L8HsBiMEDKvBLQEikaf8Q-_uaqBIBiMEDKvBLQEikaf8Q-makemodelcolorlicenseNumber": {
      "type": "data_clump",
      "key": "fields_to_fields_data_clump-./ParkingTicket-_1L8HsBiMEDKvBLQEikaf8Q-_uaqBIBiMEDKvBLQEikaf8Q-makemodelcolorlicenseNumber",
      "probability": 1,
      "from_file_path": "./ParkingTicket",
      "from_class_or_interface_name": "ParkingTicket",
      "from_class_or_interface_key": "_1L8HsBiMEDKvBLQEikaf8Q",
      "from_method_name": null,
      "from_method_key": null,
      "to_file_path": "./ParkedCar",
      "to_class_or_interface_key": "_uaqBIBiMEDKvBLQEikaf8Q",
      "to_class_or_interface_name": "ParkingTicket",
      "to_method_key": null,
      "to_method_name": null,
      "data_clump_type": "fields_to_fields_data_clump",
      "data_clump_data": {
        "_skyH0BiQEDKvBLQEikaf8Q": {
          "key": "_skyH0BiQEDKvBLQEikaf8Q",
          "name": "make",
          "type": null,
          "probability": 1,
          "modifiers": [
            "private"
          ],
          "to_variable": {
            "key": "_8XXzoBiMEDKvBLQEikaf8Q",
            "name": "make",
            "type": null,
            "modifiers": [
              "private"
            ],
            "position": {}
          },
          "position": {}
        },
        "_tAl6EBiQEDKvBLQEikaf8Q": {
          "key": "_tAl6EBiQEDKvBLQEikaf8Q",
          "name": "model",
          "type": null,
          "probability": 1,
          "modifiers": [
            "private"
          ],
          "to_variable": {
            "key": "_s84JoBiOEDKvBLQEikaf8Q",
            "name": "model",
            "type": null,
            "modifiers": [
              "private"
            ],
            "position": {}
          },
          "position": {}
        },
        "_tcWpABiQEDKvBLQEikaf8Q": {
          "key": "_tcWpABiQEDKvBLQEikaf8Q",
          "name": "color",
          "type": null,
          "probability": 1,
          "modifiers": [
            "private"
          ],
          "to_variable": {
            "key": "_vB7xoBiOEDKvBLQEikaf8Q",
            "name": "color",
            "type": null,
            "modifiers": [
              "private"
            ],
            "position": {}
          },
          "position": {}
        },
        "_t2TaEBiQEDKvBLQEikaf8Q": {
          "key": "_t2TaEBiQEDKvBLQEikaf8Q",
          "name": "licenseNumber",
          "type": null,
          "probability": 1,
          "modifiers": [
            "private"
          ],
          "to_variable": {
            "key": "_yxGyEBiOEDKvBLQEikaf8Q",
            "name": "licenseNumber",
            "type": null,
            "modifiers": [
              "private"
            ],
            "position": {}
          },
          "position": {}
        }
      }
    },
    "fields_to_fields_data_clump-./ParkingTicket-_1L8HsBiMEDKvBLQEikaf8Q-_ykEtkBiMEDKvBLQEikaf8Q-parkingMeterofficerNameofficerBadgeNumber": {
      "type": "data_clump",
      "key": "fields_to_fields_data_clump-./ParkingTicket-_1L8HsBiMEDKvBLQEikaf8Q-_ykEtkBiMEDKvBLQEikaf8Q-parkingMeterofficerNameofficerBadgeNumber",
      "probability": 1,
      "from_file_path": "./ParkingTicket",
      "from_class_or_interface_name": "ParkingTicket",
      "from_class_or_interface_key": "_1L8HsBiMEDKvBLQEikaf8Q",
      "from_method_name": null,
      "from_method_key": null,
      "to_file_path": "./ParkingOfficer",
      "to_class_or_interface_key": "_ykEtkBiMEDKvBLQEikaf8Q",
      "to_class_or_interface_name": "ParkingTicket",
      "to_method_key": null,
      "to_method_name": null,
      "data_clump_type": "fields_to_fields_data_clump",
      "data_clump_data": {
        "_f9WtQBiQEDKvBLQEikaf8Q": {
          "key": "_f9WtQBiQEDKvBLQEikaf8Q",
          "name": "parkingMeter",
          "type": null,
          "probability": 1,
          "modifiers": [
            "private"
          ],
          "to_variable": {
            "key": "_zVT5EBiTEDKvBLQEikaf8Q",
            "name": "parkingMeter",
            "type": null,
            "modifiers": [
              "private"
            ],
            "position": {}
          },
          "position": {}
        },
        "_xKgVwBiQEDKvBLQEikaf8Q": {
          "key": "_xKgVwBiQEDKvBLQEikaf8Q",
          "name": "officerName",
          "type": null,
          "probability": 1,
          "modifiers": [
            "private"
          ],
          "to_variable": {
            "key": "_1TNJIBiTEDKvBLQEikaf8Q",
            "name": "officerName",
            "type": null,
            "modifiers": [
              "private"
            ],
            "position": {}
          },
          "position": {}
        },
        "_xvfSIBiQEDKvBLQEikaf8Q": {
          "key": "_xvfSIBiQEDKvBLQEikaf8Q",
          "name": "officerBadgeNumber",
          "type": null,
          "probability": 1,
          "modifiers": [
            "private"
          ],
          "to_variable": {
            "key": "_1sekwBiTEDKvBLQEikaf8Q",
            "name": "officerBadgeNumber",
            "type": null,
            "modifiers": [
              "private"
            ],
            "position": {}
          },
          "position": {}
        }
      }
    }
  }
}