{
  "report_version": "unknown",
  "report_timestamp": "2025-03-26T22:15:06.023Z",
  "target_language": "java",
  "report_summary": {
    "additional": null,
    "amount_classes_or_interfaces_with_data_clumps": 2,
    "amount_files_with_data_clumps": 2,
    "amount_methods_with_data_clumps": 0,
    "fields_to_fields_data_clump": 2,
    "parameters_to_fields_data_clump": 0,
    "parameters_to_parameters_data_clump": 0,
    "amount_data_clumps": 2
  },
  "project_info": {
    "project_url": "unknown_project_url",
    "project_name": "_Anx80GbJEeS3yOrtnopAkA",
    "project_version": "unknown_project_version",
    "project_commit_hash": "unknown",
    "project_tag": null,
    "project_commit_date": null,
    "additional": {},
    "number_of_files": 27,
    "number_of_classes_or_interfaces": 27,
    "number_of_methods": 0,
    "number_of_data_fields": 73,
    "number_of_method_parameters": 0
  },
  "detector": {
    "name": "data-clumps-doctor",
    "url": "https://github.com/NilsBaumgartner1994/data-clumps-doctor",
    "version": "0.1.100",
    "options": {
      "typeVariablesConsidered": false,
      "similarityModifierOfVariablesWithUnknownType": 0,
      "fieldsOfClassesWithUnknownHierarchyProbabilityModifier": 0,
      "sharedFieldsToFieldsAmountMinimum": 3,
      "analyseFieldsInClassesOrInterfacesInheritedFromSuperClassesOrInterfaces": false,
      "sharedParametersToParametersAmountMinimum": 3,
      "sharedParametersToFieldsAmountMinimum": 3,
      "methodsOfClassesOrInterfacesWithUnknownHierarchyProbabilityModifier": 0
    }
  },
  "data_clumps": {
    "fields_to_fields_data_clump-./LinhaDeCarrinho-_-Gtb4Ep0EDKDo54mGZwhHQ-_xJL1gEp0EDKDo54mGZwhHQ-quantidadeprecoArtigocodigoArt": {
      "type": "data_clump",
      "key": "fields_to_fields_data_clump-./LinhaDeCarrinho-_-Gtb4Ep0EDKDo54mGZwhHQ-_xJL1gEp0EDKDo54mGZwhHQ-quantidadeprecoArtigocodigoArt",
      "probability": 1,
      "from_file_path": "./LinhaDeCarrinho",
      "from_class_or_interface_name": "LinhaDeCarrinho",
      "from_class_or_interface_key": "_-Gtb4Ep0EDKDo54mGZwhHQ",
      "from_method_name": null,
      "from_method_key": null,
      "to_file_path": "./LinhaDeEncomenda",
      "to_class_or_interface_key": "_xJL1gEp0EDKDo54mGZwhHQ",
      "to_class_or_interface_name": "LinhaDeCarrinho",
      "to_method_key": null,
      "to_method_name": null,
      "data_clump_type": "fields_to_fields_data_clump",
      "data_clump_data": {
        "_yvLbkEp3EDKDo54mGZwhHQ": {
          "key": "_yvLbkEp3EDKDo54mGZwhHQ",
          "name": "quantidade",
          "type": null,
          "probability": 1,
          "modifiers": [],
          "to_variable": {
            "key": "_v4ZbsEp3EDKDo54mGZwhHQ",
            "name": "quantidade",
            "type": null,
            "modifiers": [],
            "position": {}
          },
          "position": {}
        },
        "_zPJVEEp3EDKDo54mGZwhHQ": {
          "key": "_zPJVEEp3EDKDo54mGZwhHQ",
          "name": "precoArtigo",
          "type": null,
          "probability": 1,
          "modifiers": [],
          "to_variable": {
            "key": "_xHvjsEp3EDKDo54mGZwhHQ",
            "name": "precoArtigo",
            "type": null,
            "modifiers": [],
            "position": {}
          },
          "position": {}
        },
        "_N8Tj4E2cEDKNqqUKetrw6Q": {
          "key": "_N8Tj4E2cEDKNqqUKetrw6Q",
          "name": "codigoArt",
          "type": null,
          "probability": 1,
          "modifiers": [],
          "to_variable": {
            "key": "_MO8DIE2cEDKNqqUKetrw6Q",
            "name": "codigoArt",
            "type": null,
            "modifiers": [],
            "position": {}
          },
          "position": {}
        }
      }
    },
    "fields_to_fields_data_clump-./LinhaDeEncomenda-_xJL1gEp0EDKDo54mGZwhHQ-_-Gtb4Ep0EDKDo54mGZwhHQ-quantidadeprecoArtigocodigoArt": {
      "type": "data_clump",
      "key": "fields_to_fields_data_clump-./LinhaDeEncomenda-_xJL1gEp0EDKDo54mGZwhHQ-_-Gtb4Ep0EDKDo54mGZwhHQ-quantidadeprecoArtigocodigoArt",
      "probability": 1,
      "from_file_path": "./LinhaDeEncomenda",
      "from_class_or_interface_name": "LinhaDeEncomenda",
      "from_class_or_interface_key": "_xJL1gEp0EDKDo54mGZwhHQ",
      "from_method_name": null,
      "from_method_key": null,
      "to_file_path": "./LinhaDeCarrinho",
      "to_class_or_interface_key": "_-Gtb4Ep0EDKDo54mGZwhHQ",
      "to_class_or_interface_name": "LinhaDeEncomenda",
      "to_method_key": null,
      "to_method_name": null,
      "data_clump_type": "fields_to_fields_data_clump",
      "data_clump_data": {
        "_v4ZbsEp3EDKDo54mGZwhHQ": {
          "key": "_v4ZbsEp3EDKDo54mGZwhHQ",
          "name": "quantidade",
          "type": null,
          "probability": 1,
          "modifiers": [],
          "to_variable": {
            "key": "_yvLbkEp3EDKDo54mGZwhHQ",
            "name": "quantidade",
            "type": null,
            "modifiers": [],
            "position": {}
          },
          "position": {}
        },
        "_xHvjsEp3EDKDo54mGZwhHQ": {
          "key": "_xHvjsEp3EDKDo54mGZwhHQ",
          "name": "precoArtigo",
          "type": null,
          "probability": 1,
          "modifiers": [],
          "to_variable": {
            "key": "_zPJVEEp3EDKDo54mGZwhHQ",
            "name": "precoArtigo",
            "type": null,
            "modifiers": [],
            "position": {}
          },
          "position": {}
        },
        "_MO8DIE2cEDKNqqUKetrw6Q": {
          "key": "_MO8DIE2cEDKNqqUKetrw6Q",
          "name": "codigoArt",
          "type": null,
          "probability": 1,
          "modifiers": [],
          "to_variable": {
            "key": "_N8Tj4E2cEDKNqqUKetrw6Q",
            "name": "codigoArt",
            "type": null,
            "modifiers": [],
            "position": {}
          },
          "position": {}
        }
      }
    }
  }
}