{
  "report_version": "^0.1.102",
  "report_timestamp": "2025-08-29T11:13:56.184Z",
  "target_language": "NGSI-LD",
  "report_summary": {
    "additional": {
      "invertedIndexSoftwareProjectStatistics": {
        "invertedFieldToClasses": {
          "median": null,
          "maximum": 1,
          "average": 1,
          "amountSavedValuesForKeys": 20,
          "amountKeys": 1
        },
        "invertedParameterToMethods": {
          "median": 0,
          "maximum": 0,
          "average": null,
          "amountSavedValuesForKeys": 0,
          "amountKeys": 0
        },
        "invertedParameterToClasses": {
          "median": null,
          "maximum": 1,
          "average": 1,
          "amountSavedValuesForKeys": 20,
          "amountKeys": 1
        }
      },
      "timer_information": {
        "ast_generation_time_ms": 6,
        "detection_time_ms": 4,
        "machine_information": {
          "os": "Darwin",
          "os_release": "22.5.0",
          "os_platform": "darwin",
          "os_arch": "x64",
          "os_uptime": 1548453,
          "os_memory_free": 477880320,
          "os_memory_total": 34359738368,
          "os_cpu_cores": 12,
          "os_cpu_model": "Intel(R) Core(TM) i7-9750H CPU @ 2.60GHz",
          "os_cpu_speed": 2600
        }
      }
    },
    "amount_classes_or_interfaces_with_data_clumps": 0,
    "amount_files_with_data_clumps": 0,
    "amount_methods_with_data_clumps": 0,
    "fields_to_fields_data_clump": 0,
    "parameters_to_fields_data_clump": 0,
    "parameters_to_parameters_data_clump": 0,
    "amount_data_clumps": 0
  },
  "project_info": {
    "project_url": "https://github.com/smart-data-models/dataModel.KeyPerformanceIndicator",
    "project_name": "dataModel.KeyPerformanceIndicator",
    "project_version": "dc3b8217a5293a38bad604002bceb0a96db7fc58",
    "project_commit_hash": "dc3b8217a5293a38bad604002bceb0a96db7fc58",
    "project_tag": null,
    "project_commit_date": "1737107025",
    "additional": {},
    "number_of_files": 1,
    "number_of_classes_or_interfaces": 1,
    "number_of_methods": 0,
    "number_of_data_fields": 20,
    "number_of_method_parameters": 0
  },
  "detector": {
    "name": "data-clumps-doctor",
    "url": "https://github.com/NilsBaumgartner1994/data-clumps-doctor",
    "version": "0.1.100",
    "options": {
      "fastDetection": true,
      "ignorePaths": [],
      "typeVariablesConsidered": false,
      "similarityModifierOfVariablesWithUnknownType": 0,
      "fieldsOfClassesWithUnknownHierarchyProbabilityModifier": 0,
      "sharedFieldsToFieldsAmountMinimum": 3,
      "analyseFieldsInClassesOrInterfacesInheritedFromSuperClassesOrInterfaces": false,
      "sharedParametersToParametersAmountMinimum": 3,
      "sharedParametersToFieldsAmountMinimum": 3,
      "methodsOfClassesOrInterfacesWithUnknownHierarchyProbabilityModifier": 0
    }
  },
  "data_clumps": {}
}