{
  "report_version": "unknown",
  "report_timestamp": "2025-03-26T22:34:24.989Z",
  "target_language": "java",
  "report_summary": {
    "additional": null,
    "amount_classes_or_interfaces_with_data_clumps": 4,
    "amount_files_with_data_clumps": 4,
    "amount_methods_with_data_clumps": 3,
    "fields_to_fields_data_clump": 2,
    "parameters_to_fields_data_clump": 1,
    "parameters_to_parameters_data_clump": 2,
    "amount_data_clumps": 5
  },
  "project_info": {
    "project_url": "unknown_project_url",
    "project_name": "_F3B_oHy9EeW4cd-qm4QbpA",
    "project_version": "unknown_project_version",
    "project_commit_hash": "unknown",
    "project_tag": null,
    "project_commit_date": null,
    "additional": {},
    "number_of_files": 22,
    "number_of_classes_or_interfaces": 22,
    "number_of_methods": 173,
    "number_of_data_fields": 57,
    "number_of_method_parameters": 151
  },
  "detector": {
    "name": "data-clumps-doctor",
    "url": "https://github.com/NilsBaumgartner1994/data-clumps-doctor",
    "version": "0.1.100",
    "options": {
      "typeVariablesConsidered": false,
      "similarityModifierOfVariablesWithUnknownType": 0,
      "fieldsOfClassesWithUnknownHierarchyProbabilityModifier": 0,
      "sharedFieldsToFieldsAmountMinimum": 3,
      "analyseFieldsInClassesOrInterfacesInheritedFromSuperClassesOrInterfaces": false,
      "sharedParametersToParametersAmountMinimum": 3,
      "sharedParametersToFieldsAmountMinimum": 3,
      "methodsOfClassesOrInterfacesWithUnknownHierarchyProbabilityModifier": 0
    }
  },
  "data_clumps": {
    "parameters_to_fields_data_clump-./CourseTaken-_X0i38GN4EDOp9dWtz7TJ_g-_KLoqUGMMEDOwt7rNbDsTCw-gradetermcourse": {
      "type": "data_clump",
      "key": "parameters_to_fields_data_clump-./CourseTaken-_X0i38GN4EDOp9dWtz7TJ_g-_KLoqUGMMEDOwt7rNbDsTCw-gradetermcourse",
      "probability": 1,
      "from_file_path": "./CourseTaken",
      "from_class_or_interface_name": "CourseTaken",
      "from_class_or_interface_key": "_KLoqUGMMEDOwt7rNbDsTCw",
      "from_method_name": "setCourseTaken",
      "from_method_key": "_X0i38GN4EDOp9dWtz7TJ_g",
      "to_file_path": "./CourseTaken",
      "to_class_or_interface_name": "CourseTaken",
      "to_class_or_interface_key": "_KLoqUGMMEDOwt7rNbDsTCw",
      "to_method_name": null,
      "to_method_key": null,
      "data_clump_type": "parameters_to_fields_data_clump",
      "data_clump_data": {
        "_awNX0GN4EDOp9dWtz7TJ_g": {
          "key": "_awNX0GN4EDOp9dWtz7TJ_g",
          "name": "grade",
          "type": null,
          "probability": 1,
          "modifiers": [],
          "to_variable": {
            "key": "_D9hDIGN4EDOp9dWtz7TJ_g",
            "name": "grade",
            "type": null,
            "modifiers": [
              "private"
            ],
            "position": {}
          },
          "position": {}
        },
        "_cw75cGN4EDOp9dWtz7TJ_g": {
          "key": "_cw75cGN4EDOp9dWtz7TJ_g",
          "name": "term",
          "type": null,
          "probability": 1,
          "modifiers": [],
          "to_variable": {
            "key": "_CXybcGN4EDOp9dWtz7TJ_g",
            "name": "term",
            "type": null,
            "modifiers": [
              "private"
            ],
            "position": {}
          },
          "position": {}
        },
        "_j8DcUGN4EDOp9dWtz7TJ_g": {
          "key": "_j8DcUGN4EDOp9dWtz7TJ_g",
          "name": "course",
          "type": null,
          "probability": 1,
          "modifiers": [],
          "to_variable": {
            "key": "_dnk0MHLnEDOU7JX-S1DrBQ",
            "name": "course",
            "type": null,
            "modifiers": [
              "private"
            ],
            "position": {}
          },
          "position": {}
        }
      }
    },
    "parameters_to_parameters_data_clump-./RequirementCheck-_zfdM0HLvEDOU7JX-S1DrBQ-_cZte0GSBEDOVs8T6xGiJcw-recordcoursesTakenvalid700LevelCoursesTakenrequirements": {
      "type": "data_clump",
      "key": "parameters_to_parameters_data_clump-./RequirementCheck-_zfdM0HLvEDOU7JX-S1DrBQ-_cZte0GSBEDOVs8T6xGiJcw-recordcoursesTakenvalid700LevelCoursesTakenrequirements",
      "probability": 1,
      "from_file_path": "./RequirementCheck",
      "from_class_or_interface_name": "RequirementCheck",
      "from_class_or_interface_key": "_yRwbYGMcEDOwt7rNbDsTCw",
      "from_method_name": "getAdditionalCreditsRequirementCheckResults",
      "from_method_key": "_zfdM0HLvEDOU7JX-S1DrBQ",
      "to_file_path": "./RequirementCheck",
      "to_class_or_interface_name": "RequirementCheck",
      "to_class_or_interface_key": "_yRwbYGMcEDOwt7rNbDsTCw",
      "to_method_name": "getDegreeBasedCreditsRequirementCheckResults",
      "to_method_key": "_cZte0GSBEDOVs8T6xGiJcw",
      "data_clump_type": "parameters_to_parameters_data_clump",
      "data_clump_data": {
        "_2WTeIHLvEDOU7JX-S1DrBQ": {
          "key": "_2WTeIHLvEDOU7JX-S1DrBQ",
          "name": "record",
          "type": null,
          "probability": 1,
          "modifiers": [],
          "to_variable": {
            "key": "_fYxQ8GSBEDOVs8T6xGiJcw",
            "name": "record",
            "type": null,
            "modifiers": [],
            "position": {}
          },
          "position": {}
        },
        "_RvF8MHUJEDObotQ0bX6icQ": {
          "key": "_RvF8MHUJEDObotQ0bX6icQ",
          "name": "coursesTaken",
          "type": null,
          "probability": 1,
          "modifiers": [],
          "to_variable": {
            "key": "_A_brgHUKEDObotQ0bX6icQ",
            "name": "coursesTaken",
            "type": null,
            "modifiers": [],
            "position": {}
          },
          "position": {}
        },
        "_VTIqsHUJEDObotQ0bX6icQ": {
          "key": "_VTIqsHUJEDObotQ0bX6icQ",
          "name": "valid700LevelCoursesTaken",
          "type": null,
          "probability": 1,
          "modifiers": [],
          "to_variable": {
            "key": "_D_hYYHUKEDObotQ0bX6icQ",
            "name": "valid700LevelCoursesTaken",
            "type": null,
            "modifiers": [],
            "position": {}
          },
          "position": {}
        },
        "_bY-nkHUJEDObotQ0bX6icQ": {
          "key": "_bY-nkHUJEDObotQ0bX6icQ",
          "name": "requirements",
          "type": null,
          "probability": 1,
          "modifiers": [],
          "to_variable": {
            "key": "_H9bYYHUKEDObotQ0bX6icQ",
            "name": "requirements",
            "type": null,
            "modifiers": [],
            "position": {}
          },
          "position": {}
        }
      }
    },
    "parameters_to_parameters_data_clump-./RequirementCheck-_cZte0GSBEDOVs8T6xGiJcw-_zfdM0HLvEDOU7JX-S1DrBQ-recordcoursesTakenvalid700LevelCoursesTakenrequirements": {
      "type": "data_clump",
      "key": "parameters_to_parameters_data_clump-./RequirementCheck-_cZte0GSBEDOVs8T6xGiJcw-_zfdM0HLvEDOU7JX-S1DrBQ-recordcoursesTakenvalid700LevelCoursesTakenrequirements",
      "probability": 1,
      "from_file_path": "./RequirementCheck",
      "from_class_or_interface_name": "RequirementCheck",
      "from_class_or_interface_key": "_yRwbYGMcEDOwt7rNbDsTCw",
      "from_method_name": "getDegreeBasedCreditsRequirementCheckResults",
      "from_method_key": "_cZte0GSBEDOVs8T6xGiJcw",
      "to_file_path": "./RequirementCheck",
      "to_class_or_interface_name": "RequirementCheck",
      "to_class_or_interface_key": "_yRwbYGMcEDOwt7rNbDsTCw",
      "to_method_name": "getAdditionalCreditsRequirementCheckResults",
      "to_method_key": "_zfdM0HLvEDOU7JX-S1DrBQ",
      "data_clump_type": "parameters_to_parameters_data_clump",
      "data_clump_data": {
        "_fYxQ8GSBEDOVs8T6xGiJcw": {
          "key": "_fYxQ8GSBEDOVs8T6xGiJcw",
          "name": "record",
          "type": null,
          "probability": 1,
          "modifiers": [],
          "to_variable": {
            "key": "_2WTeIHLvEDOU7JX-S1DrBQ",
            "name": "record",
            "type": null,
            "modifiers": [],
            "position": {}
          },
          "position": {}
        },
        "_A_brgHUKEDObotQ0bX6icQ": {
          "key": "_A_brgHUKEDObotQ0bX6icQ",
          "name": "coursesTaken",
          "type": null,
          "probability": 1,
          "modifiers": [],
          "to_variable": {
            "key": "_RvF8MHUJEDObotQ0bX6icQ",
            "name": "coursesTaken",
            "type": null,
            "modifiers": [],
            "position": {}
          },
          "position": {}
        },
        "_D_hYYHUKEDObotQ0bX6icQ": {
          "key": "_D_hYYHUKEDObotQ0bX6icQ",
          "name": "valid700LevelCoursesTaken",
          "type": null,
          "probability": 1,
          "modifiers": [],
          "to_variable": {
            "key": "_VTIqsHUJEDObotQ0bX6icQ",
            "name": "valid700LevelCoursesTaken",
            "type": null,
            "modifiers": [],
            "position": {}
          },
          "position": {}
        },
        "_H9bYYHUKEDObotQ0bX6icQ": {
          "key": "_H9bYYHUKEDObotQ0bX6icQ",
          "name": "requirements",
          "type": null,
          "probability": 1,
          "modifiers": [],
          "to_variable": {
            "key": "_bY-nkHUJEDObotQ0bX6icQ",
            "name": "requirements",
            "type": null,
            "modifiers": [],
            "position": {}
          },
          "position": {}
        }
      }
    },
    "fields_to_fields_data_clump-./ProgressSummary-_LOR_0GMcEDOwt7rNbDsTCw-_spJSQGMKEDOwt7rNbDsTCw-studentdepartmenttermBegandegreeSoughtadvisorscommittee": {
      "type": "data_clump",
      "key": "fields_to_fields_data_clump-./ProgressSummary-_LOR_0GMcEDOwt7rNbDsTCw-_spJSQGMKEDOwt7rNbDsTCw-studentdepartmenttermBegandegreeSoughtadvisorscommittee",
      "probability": 1,
      "from_file_path": "./ProgressSummary",
      "from_class_or_interface_name": "ProgressSummary",
      "from_class_or_interface_key": "_LOR_0GMcEDOwt7rNbDsTCw",
      "from_method_name": null,
      "from_method_key": null,
      "to_file_path": "./StudentRecord",
      "to_class_or_interface_key": "_spJSQGMKEDOwt7rNbDsTCw",
      "to_class_or_interface_name": "ProgressSummary",
      "to_method_key": null,
      "to_method_name": null,
      "data_clump_type": "fields_to_fields_data_clump",
      "data_clump_data": {
        "_2bcpAHUBEDOmEOMgeAHpIA": {
          "key": "_2bcpAHUBEDOmEOMgeAHpIA",
          "name": "student",
          "type": null,
          "probability": 1,
          "modifiers": [
            "private"
          ],
          "to_variable": {
            "key": "_t2f2MGMKEDOwt7rNbDsTCw",
            "name": "student",
            "type": null,
            "modifiers": [
              "private"
            ],
            "position": {}
          },
          "position": {}
        },
        "_cJj0IHUCEDOmEOMgeAHpIA": {
          "key": "_cJj0IHUCEDOmEOMgeAHpIA",
          "name": "department",
          "type": null,
          "probability": 1,
          "modifiers": [
            "private"
          ],
          "to_variable": {
            "key": "_2XpX4GMKEDOwt7rNbDsTCw",
            "name": "department",
            "type": null,
            "modifiers": [
              "private"
            ],
            "position": {}
          },
          "position": {}
        },
        "_S6hRsHUCEDOmEOMgeAHpIA": {
          "key": "_S6hRsHUCEDOmEOMgeAHpIA",
          "name": "termBegan",
          "type": null,
          "probability": 1,
          "modifiers": [
            "private"
          ],
          "to_variable": {
            "key": "_WHGMMGMLEDOwt7rNbDsTCw",
            "name": "termBegan",
            "type": null,
            "modifiers": [
              "private"
            ],
            "position": {}
          },
          "position": {}
        },
        "_PwTYcHUCEDOmEOMgeAHpIA": {
          "key": "_PwTYcHUCEDOmEOMgeAHpIA",
          "name": "degreeSought",
          "type": null,
          "probability": 1,
          "modifiers": [
            "private"
          ],
          "to_variable": {
            "key": "_deNjsGMLEDOwt7rNbDsTCw",
            "name": "degreeSought",
            "type": null,
            "modifiers": [
              "private"
            ],
            "position": {}
          },
          "position": {}
        },
        "_RQ9T8GMcEDOwt7rNbDsTCw": {
          "key": "_RQ9T8GMcEDOwt7rNbDsTCw",
          "name": "advisors",
          "type": null,
          "probability": 1,
          "modifiers": [
            "private"
          ],
          "to_variable": {
            "key": "_oNJyoGMLEDOwt7rNbDsTCw",
            "name": "advisors",
            "type": null,
            "modifiers": [
              "private"
            ],
            "position": {}
          },
          "position": {}
        },
        "_McGd0GMcEDOwt7rNbDsTCw": {
          "key": "_McGd0GMcEDOwt7rNbDsTCw",
          "name": "committee",
          "type": null,
          "probability": 1,
          "modifiers": [
            "private"
          ],
          "to_variable": {
            "key": "_rg3mIGMLEDOwt7rNbDsTCw",
            "name": "committee",
            "type": null,
            "modifiers": [
              "private"
            ],
            "position": {}
          },
          "position": {}
        }
      }
    },
    "fields_to_fields_data_clump-./StudentRecord-_spJSQGMKEDOwt7rNbDsTCw-_LOR_0GMcEDOwt7rNbDsTCw-studentdepartmenttermBegandegreeSoughtadvisorscommittee": {
      "type": "data_clump",
      "key": "fields_to_fields_data_clump-./StudentRecord-_spJSQGMKEDOwt7rNbDsTCw-_LOR_0GMcEDOwt7rNbDsTCw-studentdepartmenttermBegandegreeSoughtadvisorscommittee",
      "probability": 1,
      "from_file_path": "./StudentRecord",
      "from_class_or_interface_name": "StudentRecord",
      "from_class_or_interface_key": "_spJSQGMKEDOwt7rNbDsTCw",
      "from_method_name": null,
      "from_method_key": null,
      "to_file_path": "./ProgressSummary",
      "to_class_or_interface_key": "_LOR_0GMcEDOwt7rNbDsTCw",
      "to_class_or_interface_name": "StudentRecord",
      "to_method_key": null,
      "to_method_name": null,
      "data_clump_type": "fields_to_fields_data_clump",
      "data_clump_data": {
        "_t2f2MGMKEDOwt7rNbDsTCw": {
          "key": "_t2f2MGMKEDOwt7rNbDsTCw",
          "name": "student",
          "type": null,
          "probability": 1,
          "modifiers": [
            "private"
          ],
          "to_variable": {
            "key": "_2bcpAHUBEDOmEOMgeAHpIA",
            "name": "student",
            "type": null,
            "modifiers": [
              "private"
            ],
            "position": {}
          },
          "position": {}
        },
        "_2XpX4GMKEDOwt7rNbDsTCw": {
          "key": "_2XpX4GMKEDOwt7rNbDsTCw",
          "name": "department",
          "type": null,
          "probability": 1,
          "modifiers": [
            "private"
          ],
          "to_variable": {
            "key": "_cJj0IHUCEDOmEOMgeAHpIA",
            "name": "department",
            "type": null,
            "modifiers": [
              "private"
            ],
            "position": {}
          },
          "position": {}
        },
        "_WHGMMGMLEDOwt7rNbDsTCw": {
          "key": "_WHGMMGMLEDOwt7rNbDsTCw",
          "name": "termBegan",
          "type": null,
          "probability": 1,
          "modifiers": [
            "private"
          ],
          "to_variable": {
            "key": "_S6hRsHUCEDOmEOMgeAHpIA",
            "name": "termBegan",
            "type": null,
            "modifiers": [
              "private"
            ],
            "position": {}
          },
          "position": {}
        },
        "_deNjsGMLEDOwt7rNbDsTCw": {
          "key": "_deNjsGMLEDOwt7rNbDsTCw",
          "name": "degreeSought",
          "type": null,
          "probability": 1,
          "modifiers": [
            "private"
          ],
          "to_variable": {
            "key": "_PwTYcHUCEDOmEOMgeAHpIA",
            "name": "degreeSought",
            "type": null,
            "modifiers": [
              "private"
            ],
            "position": {}
          },
          "position": {}
        },
        "_oNJyoGMLEDOwt7rNbDsTCw": {
          "key": "_oNJyoGMLEDOwt7rNbDsTCw",
          "name": "advisors",
          "type": null,
          "probability": 1,
          "modifiers": [
            "private"
          ],
          "to_variable": {
            "key": "_RQ9T8GMcEDOwt7rNbDsTCw",
            "name": "advisors",
            "type": null,
            "modifiers": [
              "private"
            ],
            "position": {}
          },
          "position": {}
        },
        "_rg3mIGMLEDOwt7rNbDsTCw": {
          "key": "_rg3mIGMLEDOwt7rNbDsTCw",
          "name": "committee",
          "type": null,
          "probability": 1,
          "modifiers": [
            "private"
          ],
          "to_variable": {
            "key": "_McGd0GMcEDOwt7rNbDsTCw",
            "name": "committee",
            "type": null,
            "modifiers": [
              "private"
            ],
            "position": {}
          },
          "position": {}
        }
      }
    }
  }
}