{
  "report_version": "unknown",
  "report_timestamp": "2025-03-26T22:38:00.629Z",
  "target_language": "java",
  "report_summary": {
    "additional": null,
    "amount_classes_or_interfaces_with_data_clumps": 2,
    "amount_files_with_data_clumps": 2,
    "amount_methods_with_data_clumps": 0,
    "fields_to_fields_data_clump": 2,
    "parameters_to_fields_data_clump": 0,
    "parameters_to_parameters_data_clump": 0,
    "amount_data_clumps": 2
  },
  "project_info": {
    "project_url": "unknown_project_url",
    "project_name": "_fnVYoMpVEeeM1PgT03-3Vg",
    "project_version": "unknown_project_version",
    "project_commit_hash": "unknown",
    "project_tag": null,
    "project_commit_date": null,
    "additional": {},
    "number_of_files": 6,
    "number_of_classes_or_interfaces": 6,
    "number_of_methods": 21,
    "number_of_data_fields": 19,
    "number_of_method_parameters": 0
  },
  "detector": {
    "name": "data-clumps-doctor",
    "url": "https://github.com/NilsBaumgartner1994/data-clumps-doctor",
    "version": "0.1.100",
    "options": {
      "typeVariablesConsidered": false,
      "similarityModifierOfVariablesWithUnknownType": 0,
      "fieldsOfClassesWithUnknownHierarchyProbabilityModifier": 0,
      "sharedFieldsToFieldsAmountMinimum": 3,
      "analyseFieldsInClassesOrInterfacesInheritedFromSuperClassesOrInterfaces": false,
      "sharedParametersToParametersAmountMinimum": 3,
      "sharedParametersToFieldsAmountMinimum": 3,
      "methodsOfClassesOrInterfacesWithUnknownHierarchyProbabilityModifier": 0
    }
  },
  "data_clumps": {
    "fields_to_fields_data_clump-./Isaac(Player)-_hKunQayDEDW2woNbDKNXGA-_U4AmgKyFEDW2woNbDKNXGA-damageshotSpeedrange": {
      "type": "data_clump",
      "key": "fields_to_fields_data_clump-./Isaac(Player)-_hKunQayDEDW2woNbDKNXGA-_U4AmgKyFEDW2woNbDKNXGA-damageshotSpeedrange",
      "probability": 1,
      "from_file_path": "./Isaac(Player)",
      "from_class_or_interface_name": "Isaac(Player)",
      "from_class_or_interface_key": "_hKunQayDEDW2woNbDKNXGA",
      "from_method_name": null,
      "from_method_key": null,
      "to_file_path": "./Tear(Bullet)",
      "to_class_or_interface_key": "_U4AmgKyFEDW2woNbDKNXGA",
      "to_class_or_interface_name": "Isaac(Player)",
      "to_method_key": null,
      "to_method_name": null,
      "data_clump_type": "fields_to_fields_data_clump",
      "data_clump_data": {
        "_Ln7XsKyEEDW2woNbDKNXGA": {
          "key": "_Ln7XsKyEEDW2woNbDKNXGA",
          "name": "damage",
          "type": null,
          "probability": 1,
          "modifiers": [
            "public"
          ],
          "to_variable": {
            "key": "_i5JmAKyFEDW2woNbDKNXGA",
            "name": "damage",
            "type": null,
            "modifiers": [
              "public"
            ],
            "position": {}
          },
          "position": {}
        },
        "_av9GwKyEEDW2woNbDKNXGA": {
          "key": "_av9GwKyEEDW2woNbDKNXGA",
          "name": "shotSpeed",
          "type": null,
          "probability": 1,
          "modifiers": [
            "public"
          ],
          "to_variable": {
            "key": "_elc8MKyFEDW2woNbDKNXGA",
            "name": "shotSpeed",
            "type": null,
            "modifiers": [
              "public"
            ],
            "position": {}
          },
          "position": {}
        },
        "_lMxD4KyEEDW2woNbDKNXGA": {
          "key": "_lMxD4KyEEDW2woNbDKNXGA",
          "name": "range",
          "type": null,
          "probability": 1,
          "modifiers": [
            "public"
          ],
          "to_variable": {
            "key": "_mdWFgKyFEDW2woNbDKNXGA",
            "name": "range",
            "type": null,
            "modifiers": [
              "public"
            ],
            "position": {}
          },
          "position": {}
        }
      }
    },
    "fields_to_fields_data_clump-./Tear(Bullet)-_U4AmgKyFEDW2woNbDKNXGA-_hKunQayDEDW2woNbDKNXGA-shotSpeeddamagerange": {
      "type": "data_clump",
      "key": "fields_to_fields_data_clump-./Tear(Bullet)-_U4AmgKyFEDW2woNbDKNXGA-_hKunQayDEDW2woNbDKNXGA-shotSpeeddamagerange",
      "probability": 1,
      "from_file_path": "./Tear(Bullet)",
      "from_class_or_interface_name": "Tear(Bullet)",
      "from_class_or_interface_key": "_U4AmgKyFEDW2woNbDKNXGA",
      "from_method_name": null,
      "from_method_key": null,
      "to_file_path": "./Isaac(Player)",
      "to_class_or_interface_key": "_hKunQayDEDW2woNbDKNXGA",
      "to_class_or_interface_name": "Tear(Bullet)",
      "to_method_key": null,
      "to_method_name": null,
      "data_clump_type": "fields_to_fields_data_clump",
      "data_clump_data": {
        "_elc8MKyFEDW2woNbDKNXGA": {
          "key": "_elc8MKyFEDW2woNbDKNXGA",
          "name": "shotSpeed",
          "type": null,
          "probability": 1,
          "modifiers": [
            "public"
          ],
          "to_variable": {
            "key": "_av9GwKyEEDW2woNbDKNXGA",
            "name": "shotSpeed",
            "type": null,
            "modifiers": [
              "public"
            ],
            "position": {}
          },
          "position": {}
        },
        "_i5JmAKyFEDW2woNbDKNXGA": {
          "key": "_i5JmAKyFEDW2woNbDKNXGA",
          "name": "damage",
          "type": null,
          "probability": 1,
          "modifiers": [
            "public"
          ],
          "to_variable": {
            "key": "_Ln7XsKyEEDW2woNbDKNXGA",
            "name": "damage",
            "type": null,
            "modifiers": [
              "public"
            ],
            "position": {}
          },
          "position": {}
        },
        "_mdWFgKyFEDW2woNbDKNXGA": {
          "key": "_mdWFgKyFEDW2woNbDKNXGA",
          "name": "range",
          "type": null,
          "probability": 1,
          "modifiers": [
            "public"
          ],
          "to_variable": {
            "key": "_lMxD4KyEEDW2woNbDKNXGA",
            "name": "range",
            "type": null,
            "modifiers": [
              "public"
            ],
            "position": {}
          },
          "position": {}
        }
      }
    }
  }
}