{
  "report_version": "unknown",
  "report_timestamp": "2025-03-26T21:40:12.342Z",
  "target_language": "java",
  "report_summary": {
    "additional": null,
    "amount_classes_or_interfaces_with_data_clumps": 2,
    "amount_files_with_data_clumps": 2,
    "amount_methods_with_data_clumps": 0,
    "fields_to_fields_data_clump": 2,
    "parameters_to_fields_data_clump": 0,
    "parameters_to_parameters_data_clump": 0,
    "amount_data_clumps": 2
  },
  "project_info": {
    "project_url": "unknown_project_url",
    "project_name": "47d8b1ab-abbc-454c-99ed-4586bef4326c",
    "project_version": "unknown_project_version",
    "project_commit_hash": "unknown",
    "project_tag": null,
    "project_commit_date": null,
    "additional": {},
    "number_of_files": 6,
    "number_of_classes_or_interfaces": 6,
    "number_of_methods": 15,
    "number_of_data_fields": 22,
    "number_of_method_parameters": 0
  },
  "detector": {
    "name": "data-clumps-doctor",
    "url": "https://github.com/NilsBaumgartner1994/data-clumps-doctor",
    "version": "0.1.100",
    "options": {
      "typeVariablesConsidered": false,
      "similarityModifierOfVariablesWithUnknownType": 0,
      "fieldsOfClassesWithUnknownHierarchyProbabilityModifier": 0,
      "sharedFieldsToFieldsAmountMinimum": 3,
      "analyseFieldsInClassesOrInterfacesInheritedFromSuperClassesOrInterfaces": false,
      "sharedParametersToParametersAmountMinimum": 3,
      "sharedParametersToFieldsAmountMinimum": 3,
      "methodsOfClassesOrInterfacesWithUnknownHierarchyProbabilityModifier": 0
    }
  },
  "data_clumps": {
    "fields_to_fields_data_clump-./Projectdirector-_3GvP4AWiEDeqTKDE96jI4w-_oihjEAWjEDeqTKDE96jI4w-useridusernamepasswordnamelastname": {
      "type": "data_clump",
      "key": "fields_to_fields_data_clump-./Projectdirector-_3GvP4AWiEDeqTKDE96jI4w-_oihjEAWjEDeqTKDE96jI4w-useridusernamepasswordnamelastname",
      "probability": 1,
      "from_file_path": "./Projectdirector",
      "from_class_or_interface_name": "Projectdirector",
      "from_class_or_interface_key": "_3GvP4AWiEDeqTKDE96jI4w",
      "from_method_name": null,
      "from_method_key": null,
      "to_file_path": "./Projectmanager",
      "to_class_or_interface_key": "_oihjEAWjEDeqTKDE96jI4w",
      "to_class_or_interface_name": "Projectdirector",
      "to_method_key": null,
      "to_method_name": null,
      "data_clump_type": "fields_to_fields_data_clump",
      "data_clump_data": {
        "_3GvP4QWiEDeqTKDE96jI4w": {
          "key": "_3GvP4QWiEDeqTKDE96jI4w",
          "name": "userid",
          "type": null,
          "probability": 1,
          "modifiers": [],
          "to_variable": {
            "key": "_oihjEQWjEDeqTKDE96jI4w",
            "name": "userid",
            "type": null,
            "modifiers": [],
            "position": {}
          },
          "position": {}
        },
        "_3GvP4gWiEDeqTKDE96jI4w": {
          "key": "_3GvP4gWiEDeqTKDE96jI4w",
          "name": "username",
          "type": null,
          "probability": 1,
          "modifiers": [],
          "to_variable": {
            "key": "_oiiKIAWjEDeqTKDE96jI4w",
            "name": "username",
            "type": null,
            "modifiers": [],
            "position": {}
          },
          "position": {}
        },
        "_3GweAAWiEDeqTKDE96jI4w": {
          "key": "_3GweAAWiEDeqTKDE96jI4w",
          "name": "password",
          "type": null,
          "probability": 1,
          "modifiers": [],
          "to_variable": {
            "key": "_oiiKIQWjEDeqTKDE96jI4w",
            "name": "password",
            "type": null,
            "modifiers": [],
            "position": {}
          },
          "position": {}
        },
        "_3GweAQWiEDeqTKDE96jI4w": {
          "key": "_3GweAQWiEDeqTKDE96jI4w",
          "name": "name",
          "type": null,
          "probability": 1,
          "modifiers": [],
          "to_variable": {
            "key": "_oiiKIgWjEDeqTKDE96jI4w",
            "name": "name",
            "type": null,
            "modifiers": [],
            "position": {}
          },
          "position": {}
        },
        "_3GweAgWiEDeqTKDE96jI4w": {
          "key": "_3GweAgWiEDeqTKDE96jI4w",
          "name": "lastname",
          "type": null,
          "probability": 1,
          "modifiers": [],
          "to_variable": {
            "key": "_oiiKIwWjEDeqTKDE96jI4w",
            "name": "lastname",
            "type": null,
            "modifiers": [],
            "position": {}
          },
          "position": {}
        }
      }
    },
    "fields_to_fields_data_clump-./Projectmanager-_oihjEAWjEDeqTKDE96jI4w-_3GvP4AWiEDeqTKDE96jI4w-useridusernamepasswordnamelastname": {
      "type": "data_clump",
      "key": "fields_to_fields_data_clump-./Projectmanager-_oihjEAWjEDeqTKDE96jI4w-_3GvP4AWiEDeqTKDE96jI4w-useridusernamepasswordnamelastname",
      "probability": 1,
      "from_file_path": "./Projectmanager",
      "from_class_or_interface_name": "Projectmanager",
      "from_class_or_interface_key": "_oihjEAWjEDeqTKDE96jI4w",
      "from_method_name": null,
      "from_method_key": null,
      "to_file_path": "./Projectdirector",
      "to_class_or_interface_key": "_3GvP4AWiEDeqTKDE96jI4w",
      "to_class_or_interface_name": "Projectmanager",
      "to_method_key": null,
      "to_method_name": null,
      "data_clump_type": "fields_to_fields_data_clump",
      "data_clump_data": {
        "_oihjEQWjEDeqTKDE96jI4w": {
          "key": "_oihjEQWjEDeqTKDE96jI4w",
          "name": "userid",
          "type": null,
          "probability": 1,
          "modifiers": [],
          "to_variable": {
            "key": "_3GvP4QWiEDeqTKDE96jI4w",
            "name": "userid",
            "type": null,
            "modifiers": [],
            "position": {}
          },
          "position": {}
        },
        "_oiiKIAWjEDeqTKDE96jI4w": {
          "key": "_oiiKIAWjEDeqTKDE96jI4w",
          "name": "username",
          "type": null,
          "probability": 1,
          "modifiers": [],
          "to_variable": {
            "key": "_3GvP4gWiEDeqTKDE96jI4w",
            "name": "username",
            "type": null,
            "modifiers": [],
            "position": {}
          },
          "position": {}
        },
        "_oiiKIQWjEDeqTKDE96jI4w": {
          "key": "_oiiKIQWjEDeqTKDE96jI4w",
          "name": "password",
          "type": null,
          "probability": 1,
          "modifiers": [],
          "to_variable": {
            "key": "_3GweAAWiEDeqTKDE96jI4w",
            "name": "password",
            "type": null,
            "modifiers": [],
            "position": {}
          },
          "position": {}
        },
        "_oiiKIgWjEDeqTKDE96jI4w": {
          "key": "_oiiKIgWjEDeqTKDE96jI4w",
          "name": "name",
          "type": null,
          "probability": 1,
          "modifiers": [],
          "to_variable": {
            "key": "_3GweAQWiEDeqTKDE96jI4w",
            "name": "name",
            "type": null,
            "modifiers": [],
            "position": {}
          },
          "position": {}
        },
        "_oiiKIwWjEDeqTKDE96jI4w": {
          "key": "_oiiKIwWjEDeqTKDE96jI4w",
          "name": "lastname",
          "type": null,
          "probability": 1,
          "modifiers": [],
          "to_variable": {
            "key": "_3GweAgWiEDeqTKDE96jI4w",
            "name": "lastname",
            "type": null,
            "modifiers": [],
            "position": {}
          },
          "position": {}
        }
      }
    }
  }
}