{
  "report_version": "unknown",
  "report_timestamp": "2025-03-26T22:23:07.580Z",
  "target_language": "java",
  "report_summary": {
    "additional": null,
    "amount_classes_or_interfaces_with_data_clumps": 2,
    "amount_files_with_data_clumps": 2,
    "amount_methods_with_data_clumps": 0,
    "fields_to_fields_data_clump": 2,
    "parameters_to_fields_data_clump": 0,
    "parameters_to_parameters_data_clump": 0,
    "amount_data_clumps": 2
  },
  "project_info": {
    "project_url": "unknown_project_url",
    "project_name": "644a5493-5a92-4e73-9c03-74aeb5676601",
    "project_version": "unknown_project_version",
    "project_commit_hash": "unknown",
    "project_tag": null,
    "project_commit_date": null,
    "additional": {},
    "number_of_files": 8,
    "number_of_classes_or_interfaces": 8,
    "number_of_methods": 9,
    "number_of_data_fields": 15,
    "number_of_method_parameters": 7
  },
  "detector": {
    "name": "data-clumps-doctor",
    "url": "https://github.com/NilsBaumgartner1994/data-clumps-doctor",
    "version": "0.1.100",
    "options": {
      "typeVariablesConsidered": false,
      "similarityModifierOfVariablesWithUnknownType": 0,
      "fieldsOfClassesWithUnknownHierarchyProbabilityModifier": 0,
      "sharedFieldsToFieldsAmountMinimum": 3,
      "analyseFieldsInClassesOrInterfacesInheritedFromSuperClassesOrInterfaces": false,
      "sharedParametersToParametersAmountMinimum": 3,
      "sharedParametersToFieldsAmountMinimum": 3,
      "methodsOfClassesOrInterfacesWithUnknownHierarchyProbabilityModifier": 0
    }
  },
  "data_clumps": {
    "fields_to_fields_data_clump-./AccSample-_qxHJwDXnEDK3Tq62WBNmiw-_opq2oGgwEDKnd_-awOyYaA-xyz": {
      "type": "data_clump",
      "key": "fields_to_fields_data_clump-./AccSample-_qxHJwDXnEDK3Tq62WBNmiw-_opq2oGgwEDKnd_-awOyYaA-xyz",
      "probability": 1,
      "from_file_path": "./AccSample",
      "from_class_or_interface_name": "AccSample",
      "from_class_or_interface_key": "_qxHJwDXnEDK3Tq62WBNmiw",
      "from_method_name": null,
      "from_method_key": null,
      "to_file_path": "./Sample",
      "to_class_or_interface_key": "_opq2oGgwEDKnd_-awOyYaA",
      "to_class_or_interface_name": "AccSample",
      "to_method_key": null,
      "to_method_name": null,
      "data_clump_type": "fields_to_fields_data_clump",
      "data_clump_data": {
        "_2tkCwDXpEDK3Tq62WBNmiw": {
          "key": "_2tkCwDXpEDK3Tq62WBNmiw",
          "name": "x",
          "type": null,
          "probability": 1,
          "modifiers": [],
          "to_variable": {
            "key": "_tYiZgGgwEDKnd_-awOyYaA",
            "name": "x",
            "type": null,
            "modifiers": [],
            "position": {}
          },
          "position": {}
        },
        "_3LlbgDXpEDK3Tq62WBNmiw": {
          "key": "_3LlbgDXpEDK3Tq62WBNmiw",
          "name": "y",
          "type": null,
          "probability": 1,
          "modifiers": [],
          "to_variable": {
            "key": "_uDxu4GgwEDKnd_-awOyYaA",
            "name": "y",
            "type": null,
            "modifiers": [],
            "position": {}
          },
          "position": {}
        },
        "_3l1HgDXpEDK3Tq62WBNmiw": {
          "key": "_3l1HgDXpEDK3Tq62WBNmiw",
          "name": "z",
          "type": null,
          "probability": 1,
          "modifiers": [],
          "to_variable": {
            "key": "_uspswGgwEDKnd_-awOyYaA",
            "name": "z",
            "type": null,
            "modifiers": [],
            "position": {}
          },
          "position": {}
        }
      }
    },
    "fields_to_fields_data_clump-./Sample-_opq2oGgwEDKnd_-awOyYaA-_qxHJwDXnEDK3Tq62WBNmiw-xyz": {
      "type": "data_clump",
      "key": "fields_to_fields_data_clump-./Sample-_opq2oGgwEDKnd_-awOyYaA-_qxHJwDXnEDK3Tq62WBNmiw-xyz",
      "probability": 1,
      "from_file_path": "./Sample",
      "from_class_or_interface_name": "Sample",
      "from_class_or_interface_key": "_opq2oGgwEDKnd_-awOyYaA",
      "from_method_name": null,
      "from_method_key": null,
      "to_file_path": "./AccSample",
      "to_class_or_interface_key": "_qxHJwDXnEDK3Tq62WBNmiw",
      "to_class_or_interface_name": "Sample",
      "to_method_key": null,
      "to_method_name": null,
      "data_clump_type": "fields_to_fields_data_clump",
      "data_clump_data": {
        "_tYiZgGgwEDKnd_-awOyYaA": {
          "key": "_tYiZgGgwEDKnd_-awOyYaA",
          "name": "x",
          "type": null,
          "probability": 1,
          "modifiers": [],
          "to_variable": {
            "key": "_2tkCwDXpEDK3Tq62WBNmiw",
            "name": "x",
            "type": null,
            "modifiers": [],
            "position": {}
          },
          "position": {}
        },
        "_uDxu4GgwEDKnd_-awOyYaA": {
          "key": "_uDxu4GgwEDKnd_-awOyYaA",
          "name": "y",
          "type": null,
          "probability": 1,
          "modifiers": [],
          "to_variable": {
            "key": "_3LlbgDXpEDK3Tq62WBNmiw",
            "name": "y",
            "type": null,
            "modifiers": [],
            "position": {}
          },
          "position": {}
        },
        "_uspswGgwEDKnd_-awOyYaA": {
          "key": "_uspswGgwEDKnd_-awOyYaA",
          "name": "z",
          "type": null,
          "probability": 1,
          "modifiers": [],
          "to_variable": {
            "key": "_3l1HgDXpEDK3Tq62WBNmiw",
            "name": "z",
            "type": null,
            "modifiers": [],
            "position": {}
          },
          "position": {}
        }
      }
    }
  }
}