{
  "report_version": "unknown",
  "report_timestamp": "2025-03-26T22:45:34.243Z",
  "target_language": "java",
  "report_summary": {
    "additional": null,
    "amount_classes_or_interfaces_with_data_clumps": 8,
    "amount_files_with_data_clumps": 8,
    "amount_methods_with_data_clumps": 0,
    "fields_to_fields_data_clump": 16,
    "parameters_to_fields_data_clump": 0,
    "parameters_to_parameters_data_clump": 0,
    "amount_data_clumps": 16
  },
  "project_info": {
    "project_url": "unknown_project_url",
    "project_name": "_FVhJcBG-Ee6XB7IKjUVJvw",
    "project_version": "unknown_project_version",
    "project_commit_hash": "unknown",
    "project_tag": null,
    "project_commit_date": null,
    "additional": {},
    "number_of_files": 19,
    "number_of_classes_or_interfaces": 19,
    "number_of_methods": 0,
    "number_of_data_fields": 82,
    "number_of_method_parameters": 0
  },
  "detector": {
    "name": "data-clumps-doctor",
    "url": "https://github.com/NilsBaumgartner1994/data-clumps-doctor",
    "version": "0.1.100",
    "options": {
      "typeVariablesConsidered": false,
      "similarityModifierOfVariablesWithUnknownType": 0,
      "fieldsOfClassesWithUnknownHierarchyProbabilityModifier": 0,
      "sharedFieldsToFieldsAmountMinimum": 3,
      "analyseFieldsInClassesOrInterfacesInheritedFromSuperClassesOrInterfaces": false,
      "sharedParametersToParametersAmountMinimum": 3,
      "sharedParametersToFieldsAmountMinimum": 3,
      "methodsOfClassesOrInterfacesWithUnknownHierarchyProbabilityModifier": 0
    }
  },
  "data_clumps": {
    "fields_to_fields_data_clump-./Categoria-_FVq7QxG-Ee6XB7IKjUVJvw-_FVq7YBG-Ee6XB7IKjUVJvw-idnomedescrizione": {
      "type": "data_clump",
      "key": "fields_to_fields_data_clump-./Categoria-_FVq7QxG-Ee6XB7IKjUVJvw-_FVq7YBG-Ee6XB7IKjUVJvw-idnomedescrizione",
      "probability": 1,
      "from_file_path": "./Categoria",
      "from_class_or_interface_name": "Categoria",
      "from_class_or_interface_key": "_FVq7QxG-Ee6XB7IKjUVJvw",
      "from_method_name": null,
      "from_method_key": null,
      "to_file_path": "./Feature",
      "to_class_or_interface_key": "_FVq7YBG-Ee6XB7IKjUVJvw",
      "to_class_or_interface_name": "Categoria",
      "to_method_key": null,
      "to_method_name": null,
      "data_clump_type": "fields_to_fields_data_clump",
      "data_clump_data": {
        "_FVq7RBG-Ee6XB7IKjUVJvw": {
          "key": "_FVq7RBG-Ee6XB7IKjUVJvw",
          "name": "id",
          "type": null,
          "probability": 1,
          "modifiers": [
            "private"
          ],
          "to_variable": {
            "key": "_FVq7YRG-Ee6XB7IKjUVJvw",
            "name": "id",
            "type": null,
            "modifiers": [
              "private"
            ],
            "position": {}
          },
          "position": {}
        },
        "_FVq7RRG-Ee6XB7IKjUVJvw": {
          "key": "_FVq7RRG-Ee6XB7IKjUVJvw",
          "name": "nome",
          "type": null,
          "probability": 1,
          "modifiers": [
            "private"
          ],
          "to_variable": {
            "key": "_FVq7YhG-Ee6XB7IKjUVJvw",
            "name": "nome",
            "type": null,
            "modifiers": [
              "private"
            ],
            "position": {}
          },
          "position": {}
        },
        "_FVq7RhG-Ee6XB7IKjUVJvw": {
          "key": "_FVq7RhG-Ee6XB7IKjUVJvw",
          "name": "descrizione",
          "type": null,
          "probability": 1,
          "modifiers": [
            "private"
          ],
          "to_variable": {
            "key": "_FVq7YxG-Ee6XB7IKjUVJvw",
            "name": "descrizione",
            "type": null,
            "modifiers": [
              "private"
            ],
            "position": {}
          },
          "position": {}
        }
      }
    },
    "fields_to_fields_data_clump-./Categoria-_FVq7QxG-Ee6XB7IKjUVJvw-_FVq6_xG-Ee6XB7IKjUVJvw-idnomedescrizione": {
      "type": "data_clump",
      "key": "fields_to_fields_data_clump-./Categoria-_FVq7QxG-Ee6XB7IKjUVJvw-_FVq6_xG-Ee6XB7IKjUVJvw-idnomedescrizione",
      "probability": 1,
      "from_file_path": "./Categoria",
      "from_class_or_interface_name": "Categoria",
      "from_class_or_interface_key": "_FVq7QxG-Ee6XB7IKjUVJvw",
      "from_method_name": null,
      "from_method_key": null,
      "to_file_path": "./Ruolo",
      "to_class_or_interface_key": "_FVq6_xG-Ee6XB7IKjUVJvw",
      "to_class_or_interface_name": "Categoria",
      "to_method_key": null,
      "to_method_name": null,
      "data_clump_type": "fields_to_fields_data_clump",
      "data_clump_data": {
        "_FVq7RBG-Ee6XB7IKjUVJvw": {
          "key": "_FVq7RBG-Ee6XB7IKjUVJvw",
          "name": "id",
          "type": null,
          "probability": 1,
          "modifiers": [
            "private"
          ],
          "to_variable": {
            "key": "_FVq7ABG-Ee6XB7IKjUVJvw",
            "name": "id",
            "type": null,
            "modifiers": [
              "private"
            ],
            "position": {}
          },
          "position": {}
        },
        "_FVq7RRG-Ee6XB7IKjUVJvw": {
          "key": "_FVq7RRG-Ee6XB7IKjUVJvw",
          "name": "nome",
          "type": null,
          "probability": 1,
          "modifiers": [
            "private"
          ],
          "to_variable": {
            "key": "_FVq7ARG-Ee6XB7IKjUVJvw",
            "name": "nome",
            "type": null,
            "modifiers": [
              "private"
            ],
            "position": {}
          },
          "position": {}
        },
        "_FVq7RhG-Ee6XB7IKjUVJvw": {
          "key": "_FVq7RhG-Ee6XB7IKjUVJvw",
          "name": "descrizione",
          "type": null,
          "probability": 1,
          "modifiers": [
            "private"
          ],
          "to_variable": {
            "key": "_FVq7AhG-Ee6XB7IKjUVJvw",
            "name": "descrizione",
            "type": null,
            "modifiers": [
              "private"
            ],
            "position": {}
          },
          "position": {}
        }
      }
    },
    "fields_to_fields_data_clump-./Categoria-_FVq7QxG-Ee6XB7IKjUVJvw-_FVq7ORG-Ee6XB7IKjUVJvw-idnomedescrizione": {
      "type": "data_clump",
      "key": "fields_to_fields_data_clump-./Categoria-_FVq7QxG-Ee6XB7IKjUVJvw-_FVq7ORG-Ee6XB7IKjUVJvw-idnomedescrizione",
      "probability": 1,
      "from_file_path": "./Categoria",
      "from_class_or_interface_name": "Categoria",
      "from_class_or_interface_key": "_FVq7QxG-Ee6XB7IKjUVJvw",
      "from_method_name": null,
      "from_method_key": null,
      "to_file_path": "./Servizio",
      "to_class_or_interface_key": "_FVq7ORG-Ee6XB7IKjUVJvw",
      "to_class_or_interface_name": "Categoria",
      "to_method_key": null,
      "to_method_name": null,
      "data_clump_type": "fields_to_fields_data_clump",
      "data_clump_data": {
        "_FVq7RBG-Ee6XB7IKjUVJvw": {
          "key": "_FVq7RBG-Ee6XB7IKjUVJvw",
          "name": "id",
          "type": null,
          "probability": 1,
          "modifiers": [
            "private"
          ],
          "to_variable": {
            "key": "_FVq7OhG-Ee6XB7IKjUVJvw",
            "name": "id",
            "type": null,
            "modifiers": [
              "private"
            ],
            "position": {}
          },
          "position": {}
        },
        "_FVq7RRG-Ee6XB7IKjUVJvw": {
          "key": "_FVq7RRG-Ee6XB7IKjUVJvw",
          "name": "nome",
          "type": null,
          "probability": 1,
          "modifiers": [
            "private"
          ],
          "to_variable": {
            "key": "_FVq7OxG-Ee6XB7IKjUVJvw",
            "name": "nome",
            "type": null,
            "modifiers": [
              "private"
            ],
            "position": {}
          },
          "position": {}
        },
        "_FVq7RhG-Ee6XB7IKjUVJvw": {
          "key": "_FVq7RhG-Ee6XB7IKjUVJvw",
          "name": "descrizione",
          "type": null,
          "probability": 1,
          "modifiers": [
            "private"
          ],
          "to_variable": {
            "key": "_FVq7PBG-Ee6XB7IKjUVJvw",
            "name": "descrizione",
            "type": null,
            "modifiers": [
              "private"
            ],
            "position": {}
          },
          "position": {}
        }
      }
    },
    "fields_to_fields_data_clump-./Feature-_FVq7YBG-Ee6XB7IKjUVJvw-_FVq7QxG-Ee6XB7IKjUVJvw-idnomedescrizione": {
      "type": "data_clump",
      "key": "fields_to_fields_data_clump-./Feature-_FVq7YBG-Ee6XB7IKjUVJvw-_FVq7QxG-Ee6XB7IKjUVJvw-idnomedescrizione",
      "probability": 1,
      "from_file_path": "./Feature",
      "from_class_or_interface_name": "Feature",
      "from_class_or_interface_key": "_FVq7YBG-Ee6XB7IKjUVJvw",
      "from_method_name": null,
      "from_method_key": null,
      "to_file_path": "./Categoria",
      "to_class_or_interface_key": "_FVq7QxG-Ee6XB7IKjUVJvw",
      "to_class_or_interface_name": "Feature",
      "to_method_key": null,
      "to_method_name": null,
      "data_clump_type": "fields_to_fields_data_clump",
      "data_clump_data": {
        "_FVq7YRG-Ee6XB7IKjUVJvw": {
          "key": "_FVq7YRG-Ee6XB7IKjUVJvw",
          "name": "id",
          "type": null,
          "probability": 1,
          "modifiers": [
            "private"
          ],
          "to_variable": {
            "key": "_FVq7RBG-Ee6XB7IKjUVJvw",
            "name": "id",
            "type": null,
            "modifiers": [
              "private"
            ],
            "position": {}
          },
          "position": {}
        },
        "_FVq7YhG-Ee6XB7IKjUVJvw": {
          "key": "_FVq7YhG-Ee6XB7IKjUVJvw",
          "name": "nome",
          "type": null,
          "probability": 1,
          "modifiers": [
            "private"
          ],
          "to_variable": {
            "key": "_FVq7RRG-Ee6XB7IKjUVJvw",
            "name": "nome",
            "type": null,
            "modifiers": [
              "private"
            ],
            "position": {}
          },
          "position": {}
        },
        "_FVq7YxG-Ee6XB7IKjUVJvw": {
          "key": "_FVq7YxG-Ee6XB7IKjUVJvw",
          "name": "descrizione",
          "type": null,
          "probability": 1,
          "modifiers": [
            "private"
          ],
          "to_variable": {
            "key": "_FVq7RhG-Ee6XB7IKjUVJvw",
            "name": "descrizione",
            "type": null,
            "modifiers": [
              "private"
            ],
            "position": {}
          },
          "position": {}
        }
      }
    },
    "fields_to_fields_data_clump-./Feature-_FVq7YBG-Ee6XB7IKjUVJvw-_FVq6_xG-Ee6XB7IKjUVJvw-idnomedescrizione": {
      "type": "data_clump",
      "key": "fields_to_fields_data_clump-./Feature-_FVq7YBG-Ee6XB7IKjUVJvw-_FVq6_xG-Ee6XB7IKjUVJvw-idnomedescrizione",
      "probability": 1,
      "from_file_path": "./Feature",
      "from_class_or_interface_name": "Feature",
      "from_class_or_interface_key": "_FVq7YBG-Ee6XB7IKjUVJvw",
      "from_method_name": null,
      "from_method_key": null,
      "to_file_path": "./Ruolo",
      "to_class_or_interface_key": "_FVq6_xG-Ee6XB7IKjUVJvw",
      "to_class_or_interface_name": "Feature",
      "to_method_key": null,
      "to_method_name": null,
      "data_clump_type": "fields_to_fields_data_clump",
      "data_clump_data": {
        "_FVq7YRG-Ee6XB7IKjUVJvw": {
          "key": "_FVq7YRG-Ee6XB7IKjUVJvw",
          "name": "id",
          "type": null,
          "probability": 1,
          "modifiers": [
            "private"
          ],
          "to_variable": {
            "key": "_FVq7ABG-Ee6XB7IKjUVJvw",
            "name": "id",
            "type": null,
            "modifiers": [
              "private"
            ],
            "position": {}
          },
          "position": {}
        },
        "_FVq7YhG-Ee6XB7IKjUVJvw": {
          "key": "_FVq7YhG-Ee6XB7IKjUVJvw",
          "name": "nome",
          "type": null,
          "probability": 1,
          "modifiers": [
            "private"
          ],
          "to_variable": {
            "key": "_FVq7ARG-Ee6XB7IKjUVJvw",
            "name": "nome",
            "type": null,
            "modifiers": [
              "private"
            ],
            "position": {}
          },
          "position": {}
        },
        "_FVq7YxG-Ee6XB7IKjUVJvw": {
          "key": "_FVq7YxG-Ee6XB7IKjUVJvw",
          "name": "descrizione",
          "type": null,
          "probability": 1,
          "modifiers": [
            "private"
          ],
          "to_variable": {
            "key": "_FVq7AhG-Ee6XB7IKjUVJvw",
            "name": "descrizione",
            "type": null,
            "modifiers": [
              "private"
            ],
            "position": {}
          },
          "position": {}
        }
      }
    },
    "fields_to_fields_data_clump-./Feature-_FVq7YBG-Ee6XB7IKjUVJvw-_FVq7ORG-Ee6XB7IKjUVJvw-idnomedescrizione": {
      "type": "data_clump",
      "key": "fields_to_fields_data_clump-./Feature-_FVq7YBG-Ee6XB7IKjUVJvw-_FVq7ORG-Ee6XB7IKjUVJvw-idnomedescrizione",
      "probability": 1,
      "from_file_path": "./Feature",
      "from_class_or_interface_name": "Feature",
      "from_class_or_interface_key": "_FVq7YBG-Ee6XB7IKjUVJvw",
      "from_method_name": null,
      "from_method_key": null,
      "to_file_path": "./Servizio",
      "to_class_or_interface_key": "_FVq7ORG-Ee6XB7IKjUVJvw",
      "to_class_or_interface_name": "Feature",
      "to_method_key": null,
      "to_method_name": null,
      "data_clump_type": "fields_to_fields_data_clump",
      "data_clump_data": {
        "_FVq7YRG-Ee6XB7IKjUVJvw": {
          "key": "_FVq7YRG-Ee6XB7IKjUVJvw",
          "name": "id",
          "type": null,
          "probability": 1,
          "modifiers": [
            "private"
          ],
          "to_variable": {
            "key": "_FVq7OhG-Ee6XB7IKjUVJvw",
            "name": "id",
            "type": null,
            "modifiers": [
              "private"
            ],
            "position": {}
          },
          "position": {}
        },
        "_FVq7YhG-Ee6XB7IKjUVJvw": {
          "key": "_FVq7YhG-Ee6XB7IKjUVJvw",
          "name": "nome",
          "type": null,
          "probability": 1,
          "modifiers": [
            "private"
          ],
          "to_variable": {
            "key": "_FVq7OxG-Ee6XB7IKjUVJvw",
            "name": "nome",
            "type": null,
            "modifiers": [
              "private"
            ],
            "position": {}
          },
          "position": {}
        },
        "_FVq7YxG-Ee6XB7IKjUVJvw": {
          "key": "_FVq7YxG-Ee6XB7IKjUVJvw",
          "name": "descrizione",
          "type": null,
          "probability": 1,
          "modifiers": [
            "private"
          ],
          "to_variable": {
            "key": "_FVq7PBG-Ee6XB7IKjUVJvw",
            "name": "descrizione",
            "type": null,
            "modifiers": [
              "private"
            ],
            "position": {}
          },
          "position": {}
        }
      }
    },
    "fields_to_fields_data_clump-./Feedback-_FVq7JhG-Ee6XB7IKjUVJvw-_FVq7HBG-Ee6XB7IKjUVJvw-idid_utenteid_veicolo": {
      "type": "data_clump",
      "key": "fields_to_fields_data_clump-./Feedback-_FVq7JhG-Ee6XB7IKjUVJvw-_FVq7HBG-Ee6XB7IKjUVJvw-idid_utenteid_veicolo",
      "probability": 1,
      "from_file_path": "./Feedback",
      "from_class_or_interface_name": "Feedback",
      "from_class_or_interface_key": "_FVq7JhG-Ee6XB7IKjUVJvw",
      "from_method_name": null,
      "from_method_key": null,
      "to_file_path": "./Noleggio",
      "to_class_or_interface_key": "_FVq7HBG-Ee6XB7IKjUVJvw",
      "to_class_or_interface_name": "Feedback",
      "to_method_key": null,
      "to_method_name": null,
      "data_clump_type": "fields_to_fields_data_clump",
      "data_clump_data": {
        "_FVq7JxG-Ee6XB7IKjUVJvw": {
          "key": "_FVq7JxG-Ee6XB7IKjUVJvw",
          "name": "id",
          "type": null,
          "probability": 1,
          "modifiers": [
            "private"
          ],
          "to_variable": {
            "key": "_FVq7HRG-Ee6XB7IKjUVJvw",
            "name": "id",
            "type": null,
            "modifiers": [
              "private"
            ],
            "position": {}
          },
          "position": {}
        },
        "_FVq7KBG-Ee6XB7IKjUVJvw": {
          "key": "_FVq7KBG-Ee6XB7IKjUVJvw",
          "name": "id_utente",
          "type": null,
          "probability": 1,
          "modifiers": [
            "private"
          ],
          "to_variable": {
            "key": "_FVq7HhG-Ee6XB7IKjUVJvw",
            "name": "id_utente",
            "type": null,
            "modifiers": [
              "private"
            ],
            "position": {}
          },
          "position": {}
        },
        "_FVq7KRG-Ee6XB7IKjUVJvw": {
          "key": "_FVq7KRG-Ee6XB7IKjUVJvw",
          "name": "id_veicolo",
          "type": null,
          "probability": 1,
          "modifiers": [
            "private"
          ],
          "to_variable": {
            "key": "_FVq7HxG-Ee6XB7IKjUVJvw",
            "name": "id_veicolo",
            "type": null,
            "modifiers": [
              "private"
            ],
            "position": {}
          },
          "position": {}
        }
      }
    },
    "fields_to_fields_data_clump-./Messaggio-_FVq7MRG-Ee6XB7IKjUVJvw-_FVq6-BG-Ee6XB7IKjUVJvw-idemailnomecognome": {
      "type": "data_clump",
      "key": "fields_to_fields_data_clump-./Messaggio-_FVq7MRG-Ee6XB7IKjUVJvw-_FVq6-BG-Ee6XB7IKjUVJvw-idemailnomecognome",
      "probability": 1,
      "from_file_path": "./Messaggio",
      "from_class_or_interface_name": "Messaggio",
      "from_class_or_interface_key": "_FVq7MRG-Ee6XB7IKjUVJvw",
      "from_method_name": null,
      "from_method_key": null,
      "to_file_path": "./Utente",
      "to_class_or_interface_key": "_FVq6-BG-Ee6XB7IKjUVJvw",
      "to_class_or_interface_name": "Messaggio",
      "to_method_key": null,
      "to_method_name": null,
      "data_clump_type": "fields_to_fields_data_clump",
      "data_clump_data": {
        "_FVq7MhG-Ee6XB7IKjUVJvw": {
          "key": "_FVq7MhG-Ee6XB7IKjUVJvw",
          "name": "id",
          "type": null,
          "probability": 1,
          "modifiers": [
            "private"
          ],
          "to_variable": {
            "key": "_FVq6-RG-Ee6XB7IKjUVJvw",
            "name": "id",
            "type": null,
            "modifiers": [
              "private"
            ],
            "position": {}
          },
          "position": {}
        },
        "_FVq7MxG-Ee6XB7IKjUVJvw": {
          "key": "_FVq7MxG-Ee6XB7IKjUVJvw",
          "name": "email",
          "type": null,
          "probability": 1,
          "modifiers": [
            "private"
          ],
          "to_variable": {
            "key": "_FVq6_BG-Ee6XB7IKjUVJvw",
            "name": "email",
            "type": null,
            "modifiers": [
              "private"
            ],
            "position": {}
          },
          "position": {}
        },
        "_FVq7NhG-Ee6XB7IKjUVJvw": {
          "key": "_FVq7NhG-Ee6XB7IKjUVJvw",
          "name": "nome",
          "type": null,
          "probability": 1,
          "modifiers": [
            "private"
          ],
          "to_variable": {
            "key": "_FVq6-hG-Ee6XB7IKjUVJvw",
            "name": "nome",
            "type": null,
            "modifiers": [
              "private"
            ],
            "position": {}
          },
          "position": {}
        },
        "_FVq7NxG-Ee6XB7IKjUVJvw": {
          "key": "_FVq7NxG-Ee6XB7IKjUVJvw",
          "name": "cognome",
          "type": null,
          "probability": 1,
          "modifiers": [
            "private"
          ],
          "to_variable": {
            "key": "_FVq6-xG-Ee6XB7IKjUVJvw",
            "name": "cognome",
            "type": null,
            "modifiers": [
              "private"
            ],
            "position": {}
          },
          "position": {}
        }
      }
    },
    "fields_to_fields_data_clump-./Noleggio-_FVq7HBG-Ee6XB7IKjUVJvw-_FVq7JhG-Ee6XB7IKjUVJvw-idid_utenteid_veicolo": {
      "type": "data_clump",
      "key": "fields_to_fields_data_clump-./Noleggio-_FVq7HBG-Ee6XB7IKjUVJvw-_FVq7JhG-Ee6XB7IKjUVJvw-idid_utenteid_veicolo",
      "probability": 1,
      "from_file_path": "./Noleggio",
      "from_class_or_interface_name": "Noleggio",
      "from_class_or_interface_key": "_FVq7HBG-Ee6XB7IKjUVJvw",
      "from_method_name": null,
      "from_method_key": null,
      "to_file_path": "./Feedback",
      "to_class_or_interface_key": "_FVq7JhG-Ee6XB7IKjUVJvw",
      "to_class_or_interface_name": "Noleggio",
      "to_method_key": null,
      "to_method_name": null,
      "data_clump_type": "fields_to_fields_data_clump",
      "data_clump_data": {
        "_FVq7HRG-Ee6XB7IKjUVJvw": {
          "key": "_FVq7HRG-Ee6XB7IKjUVJvw",
          "name": "id",
          "type": null,
          "probability": 1,
          "modifiers": [
            "private"
          ],
          "to_variable": {
            "key": "_FVq7JxG-Ee6XB7IKjUVJvw",
            "name": "id",
            "type": null,
            "modifiers": [
              "private"
            ],
            "position": {}
          },
          "position": {}
        },
        "_FVq7HhG-Ee6XB7IKjUVJvw": {
          "key": "_FVq7HhG-Ee6XB7IKjUVJvw",
          "name": "id_utente",
          "type": null,
          "probability": 1,
          "modifiers": [
            "private"
          ],
          "to_variable": {
            "key": "_FVq7KBG-Ee6XB7IKjUVJvw",
            "name": "id_utente",
            "type": null,
            "modifiers": [
              "private"
            ],
            "position": {}
          },
          "position": {}
        },
        "_FVq7HxG-Ee6XB7IKjUVJvw": {
          "key": "_FVq7HxG-Ee6XB7IKjUVJvw",
          "name": "id_veicolo",
          "type": null,
          "probability": 1,
          "modifiers": [
            "private"
          ],
          "to_variable": {
            "key": "_FVq7KRG-Ee6XB7IKjUVJvw",
            "name": "id_veicolo",
            "type": null,
            "modifiers": [
              "private"
            ],
            "position": {}
          },
          "position": {}
        }
      }
    },
    "fields_to_fields_data_clump-./Ruolo-_FVq6_xG-Ee6XB7IKjUVJvw-_FVq7QxG-Ee6XB7IKjUVJvw-idnomedescrizione": {
      "type": "data_clump",
      "key": "fields_to_fields_data_clump-./Ruolo-_FVq6_xG-Ee6XB7IKjUVJvw-_FVq7QxG-Ee6XB7IKjUVJvw-idnomedescrizione",
      "probability": 1,
      "from_file_path": "./Ruolo",
      "from_class_or_interface_name": "Ruolo",
      "from_class_or_interface_key": "_FVq6_xG-Ee6XB7IKjUVJvw",
      "from_method_name": null,
      "from_method_key": null,
      "to_file_path": "./Categoria",
      "to_class_or_interface_key": "_FVq7QxG-Ee6XB7IKjUVJvw",
      "to_class_or_interface_name": "Ruolo",
      "to_method_key": null,
      "to_method_name": null,
      "data_clump_type": "fields_to_fields_data_clump",
      "data_clump_data": {
        "_FVq7ABG-Ee6XB7IKjUVJvw": {
          "key": "_FVq7ABG-Ee6XB7IKjUVJvw",
          "name": "id",
          "type": null,
          "probability": 1,
          "modifiers": [
            "private"
          ],
          "to_variable": {
            "key": "_FVq7RBG-Ee6XB7IKjUVJvw",
            "name": "id",
            "type": null,
            "modifiers": [
              "private"
            ],
            "position": {}
          },
          "position": {}
        },
        "_FVq7ARG-Ee6XB7IKjUVJvw": {
          "key": "_FVq7ARG-Ee6XB7IKjUVJvw",
          "name": "nome",
          "type": null,
          "probability": 1,
          "modifiers": [
            "private"
          ],
          "to_variable": {
            "key": "_FVq7RRG-Ee6XB7IKjUVJvw",
            "name": "nome",
            "type": null,
            "modifiers": [
              "private"
            ],
            "position": {}
          },
          "position": {}
        },
        "_FVq7AhG-Ee6XB7IKjUVJvw": {
          "key": "_FVq7AhG-Ee6XB7IKjUVJvw",
          "name": "descrizione",
          "type": null,
          "probability": 1,
          "modifiers": [
            "private"
          ],
          "to_variable": {
            "key": "_FVq7RhG-Ee6XB7IKjUVJvw",
            "name": "descrizione",
            "type": null,
            "modifiers": [
              "private"
            ],
            "position": {}
          },
          "position": {}
        }
      }
    },
    "fields_to_fields_data_clump-./Ruolo-_FVq6_xG-Ee6XB7IKjUVJvw-_FVq7YBG-Ee6XB7IKjUVJvw-idnomedescrizione": {
      "type": "data_clump",
      "key": "fields_to_fields_data_clump-./Ruolo-_FVq6_xG-Ee6XB7IKjUVJvw-_FVq7YBG-Ee6XB7IKjUVJvw-idnomedescrizione",
      "probability": 1,
      "from_file_path": "./Ruolo",
      "from_class_or_interface_name": "Ruolo",
      "from_class_or_interface_key": "_FVq6_xG-Ee6XB7IKjUVJvw",
      "from_method_name": null,
      "from_method_key": null,
      "to_file_path": "./Feature",
      "to_class_or_interface_key": "_FVq7YBG-Ee6XB7IKjUVJvw",
      "to_class_or_interface_name": "Ruolo",
      "to_method_key": null,
      "to_method_name": null,
      "data_clump_type": "fields_to_fields_data_clump",
      "data_clump_data": {
        "_FVq7ABG-Ee6XB7IKjUVJvw": {
          "key": "_FVq7ABG-Ee6XB7IKjUVJvw",
          "name": "id",
          "type": null,
          "probability": 1,
          "modifiers": [
            "private"
          ],
          "to_variable": {
            "key": "_FVq7YRG-Ee6XB7IKjUVJvw",
            "name": "id",
            "type": null,
            "modifiers": [
              "private"
            ],
            "position": {}
          },
          "position": {}
        },
        "_FVq7ARG-Ee6XB7IKjUVJvw": {
          "key": "_FVq7ARG-Ee6XB7IKjUVJvw",
          "name": "nome",
          "type": null,
          "probability": 1,
          "modifiers": [
            "private"
          ],
          "to_variable": {
            "key": "_FVq7YhG-Ee6XB7IKjUVJvw",
            "name": "nome",
            "type": null,
            "modifiers": [
              "private"
            ],
            "position": {}
          },
          "position": {}
        },
        "_FVq7AhG-Ee6XB7IKjUVJvw": {
          "key": "_FVq7AhG-Ee6XB7IKjUVJvw",
          "name": "descrizione",
          "type": null,
          "probability": 1,
          "modifiers": [
            "private"
          ],
          "to_variable": {
            "key": "_FVq7YxG-Ee6XB7IKjUVJvw",
            "name": "descrizione",
            "type": null,
            "modifiers": [
              "private"
            ],
            "position": {}
          },
          "position": {}
        }
      }
    },
    "fields_to_fields_data_clump-./Ruolo-_FVq6_xG-Ee6XB7IKjUVJvw-_FVq7ORG-Ee6XB7IKjUVJvw-idnomedescrizione": {
      "type": "data_clump",
      "key": "fields_to_fields_data_clump-./Ruolo-_FVq6_xG-Ee6XB7IKjUVJvw-_FVq7ORG-Ee6XB7IKjUVJvw-idnomedescrizione",
      "probability": 1,
      "from_file_path": "./Ruolo",
      "from_class_or_interface_name": "Ruolo",
      "from_class_or_interface_key": "_FVq6_xG-Ee6XB7IKjUVJvw",
      "from_method_name": null,
      "from_method_key": null,
      "to_file_path": "./Servizio",
      "to_class_or_interface_key": "_FVq7ORG-Ee6XB7IKjUVJvw",
      "to_class_or_interface_name": "Ruolo",
      "to_method_key": null,
      "to_method_name": null,
      "data_clump_type": "fields_to_fields_data_clump",
      "data_clump_data": {
        "_FVq7ABG-Ee6XB7IKjUVJvw": {
          "key": "_FVq7ABG-Ee6XB7IKjUVJvw",
          "name": "id",
          "type": null,
          "probability": 1,
          "modifiers": [
            "private"
          ],
          "to_variable": {
            "key": "_FVq7OhG-Ee6XB7IKjUVJvw",
            "name": "id",
            "type": null,
            "modifiers": [
              "private"
            ],
            "position": {}
          },
          "position": {}
        },
        "_FVq7ARG-Ee6XB7IKjUVJvw": {
          "key": "_FVq7ARG-Ee6XB7IKjUVJvw",
          "name": "nome",
          "type": null,
          "probability": 1,
          "modifiers": [
            "private"
          ],
          "to_variable": {
            "key": "_FVq7OxG-Ee6XB7IKjUVJvw",
            "name": "nome",
            "type": null,
            "modifiers": [
              "private"
            ],
            "position": {}
          },
          "position": {}
        },
        "_FVq7AhG-Ee6XB7IKjUVJvw": {
          "key": "_FVq7AhG-Ee6XB7IKjUVJvw",
          "name": "descrizione",
          "type": null,
          "probability": 1,
          "modifiers": [
            "private"
          ],
          "to_variable": {
            "key": "_FVq7PBG-Ee6XB7IKjUVJvw",
            "name": "descrizione",
            "type": null,
            "modifiers": [
              "private"
            ],
            "position": {}
          },
          "position": {}
        }
      }
    },
    "fields_to_fields_data_clump-./Servizio-_FVq7ORG-Ee6XB7IKjUVJvw-_FVq7QxG-Ee6XB7IKjUVJvw-idnomedescrizione": {
      "type": "data_clump",
      "key": "fields_to_fields_data_clump-./Servizio-_FVq7ORG-Ee6XB7IKjUVJvw-_FVq7QxG-Ee6XB7IKjUVJvw-idnomedescrizione",
      "probability": 1,
      "from_file_path": "./Servizio",
      "from_class_or_interface_name": "Servizio",
      "from_class_or_interface_key": "_FVq7ORG-Ee6XB7IKjUVJvw",
      "from_method_name": null,
      "from_method_key": null,
      "to_file_path": "./Categoria",
      "to_class_or_interface_key": "_FVq7QxG-Ee6XB7IKjUVJvw",
      "to_class_or_interface_name": "Servizio",
      "to_method_key": null,
      "to_method_name": null,
      "data_clump_type": "fields_to_fields_data_clump",
      "data_clump_data": {
        "_FVq7OhG-Ee6XB7IKjUVJvw": {
          "key": "_FVq7OhG-Ee6XB7IKjUVJvw",
          "name": "id",
          "type": null,
          "probability": 1,
          "modifiers": [
            "private"
          ],
          "to_variable": {
            "key": "_FVq7RBG-Ee6XB7IKjUVJvw",
            "name": "id",
            "type": null,
            "modifiers": [
              "private"
            ],
            "position": {}
          },
          "position": {}
        },
        "_FVq7OxG-Ee6XB7IKjUVJvw": {
          "key": "_FVq7OxG-Ee6XB7IKjUVJvw",
          "name": "nome",
          "type": null,
          "probability": 1,
          "modifiers": [
            "private"
          ],
          "to_variable": {
            "key": "_FVq7RRG-Ee6XB7IKjUVJvw",
            "name": "nome",
            "type": null,
            "modifiers": [
              "private"
            ],
            "position": {}
          },
          "position": {}
        },
        "_FVq7PBG-Ee6XB7IKjUVJvw": {
          "key": "_FVq7PBG-Ee6XB7IKjUVJvw",
          "name": "descrizione",
          "type": null,
          "probability": 1,
          "modifiers": [
            "private"
          ],
          "to_variable": {
            "key": "_FVq7RhG-Ee6XB7IKjUVJvw",
            "name": "descrizione",
            "type": null,
            "modifiers": [
              "private"
            ],
            "position": {}
          },
          "position": {}
        }
      }
    },
    "fields_to_fields_data_clump-./Servizio-_FVq7ORG-Ee6XB7IKjUVJvw-_FVq7YBG-Ee6XB7IKjUVJvw-idnomedescrizione": {
      "type": "data_clump",
      "key": "fields_to_fields_data_clump-./Servizio-_FVq7ORG-Ee6XB7IKjUVJvw-_FVq7YBG-Ee6XB7IKjUVJvw-idnomedescrizione",
      "probability": 1,
      "from_file_path": "./Servizio",
      "from_class_or_interface_name": "Servizio",
      "from_class_or_interface_key": "_FVq7ORG-Ee6XB7IKjUVJvw",
      "from_method_name": null,
      "from_method_key": null,
      "to_file_path": "./Feature",
      "to_class_or_interface_key": "_FVq7YBG-Ee6XB7IKjUVJvw",
      "to_class_or_interface_name": "Servizio",
      "to_method_key": null,
      "to_method_name": null,
      "data_clump_type": "fields_to_fields_data_clump",
      "data_clump_data": {
        "_FVq7OhG-Ee6XB7IKjUVJvw": {
          "key": "_FVq7OhG-Ee6XB7IKjUVJvw",
          "name": "id",
          "type": null,
          "probability": 1,
          "modifiers": [
            "private"
          ],
          "to_variable": {
            "key": "_FVq7YRG-Ee6XB7IKjUVJvw",
            "name": "id",
            "type": null,
            "modifiers": [
              "private"
            ],
            "position": {}
          },
          "position": {}
        },
        "_FVq7OxG-Ee6XB7IKjUVJvw": {
          "key": "_FVq7OxG-Ee6XB7IKjUVJvw",
          "name": "nome",
          "type": null,
          "probability": 1,
          "modifiers": [
            "private"
          ],
          "to_variable": {
            "key": "_FVq7YhG-Ee6XB7IKjUVJvw",
            "name": "nome",
            "type": null,
            "modifiers": [
              "private"
            ],
            "position": {}
          },
          "position": {}
        },
        "_FVq7PBG-Ee6XB7IKjUVJvw": {
          "key": "_FVq7PBG-Ee6XB7IKjUVJvw",
          "name": "descrizione",
          "type": null,
          "probability": 1,
          "modifiers": [
            "private"
          ],
          "to_variable": {
            "key": "_FVq7YxG-Ee6XB7IKjUVJvw",
            "name": "descrizione",
            "type": null,
            "modifiers": [
              "private"
            ],
            "position": {}
          },
          "position": {}
        }
      }
    },
    "fields_to_fields_data_clump-./Servizio-_FVq7ORG-Ee6XB7IKjUVJvw-_FVq6_xG-Ee6XB7IKjUVJvw-idnomedescrizione": {
      "type": "data_clump",
      "key": "fields_to_fields_data_clump-./Servizio-_FVq7ORG-Ee6XB7IKjUVJvw-_FVq6_xG-Ee6XB7IKjUVJvw-idnomedescrizione",
      "probability": 1,
      "from_file_path": "./Servizio",
      "from_class_or_interface_name": "Servizio",
      "from_class_or_interface_key": "_FVq7ORG-Ee6XB7IKjUVJvw",
      "from_method_name": null,
      "from_method_key": null,
      "to_file_path": "./Ruolo",
      "to_class_or_interface_key": "_FVq6_xG-Ee6XB7IKjUVJvw",
      "to_class_or_interface_name": "Servizio",
      "to_method_key": null,
      "to_method_name": null,
      "data_clump_type": "fields_to_fields_data_clump",
      "data_clump_data": {
        "_FVq7OhG-Ee6XB7IKjUVJvw": {
          "key": "_FVq7OhG-Ee6XB7IKjUVJvw",
          "name": "id",
          "type": null,
          "probability": 1,
          "modifiers": [
            "private"
          ],
          "to_variable": {
            "key": "_FVq7ABG-Ee6XB7IKjUVJvw",
            "name": "id",
            "type": null,
            "modifiers": [
              "private"
            ],
            "position": {}
          },
          "position": {}
        },
        "_FVq7OxG-Ee6XB7IKjUVJvw": {
          "key": "_FVq7OxG-Ee6XB7IKjUVJvw",
          "name": "nome",
          "type": null,
          "probability": 1,
          "modifiers": [
            "private"
          ],
          "to_variable": {
            "key": "_FVq7ARG-Ee6XB7IKjUVJvw",
            "name": "nome",
            "type": null,
            "modifiers": [
              "private"
            ],
            "position": {}
          },
          "position": {}
        },
        "_FVq7PBG-Ee6XB7IKjUVJvw": {
          "key": "_FVq7PBG-Ee6XB7IKjUVJvw",
          "name": "descrizione",
          "type": null,
          "probability": 1,
          "modifiers": [
            "private"
          ],
          "to_variable": {
            "key": "_FVq7AhG-Ee6XB7IKjUVJvw",
            "name": "descrizione",
            "type": null,
            "modifiers": [
              "private"
            ],
            "position": {}
          },
          "position": {}
        }
      }
    },
    "fields_to_fields_data_clump-./Utente-_FVq6-BG-Ee6XB7IKjUVJvw-_FVq7MRG-Ee6XB7IKjUVJvw-idnomecognomeemail": {
      "type": "data_clump",
      "key": "fields_to_fields_data_clump-./Utente-_FVq6-BG-Ee6XB7IKjUVJvw-_FVq7MRG-Ee6XB7IKjUVJvw-idnomecognomeemail",
      "probability": 1,
      "from_file_path": "./Utente",
      "from_class_or_interface_name": "Utente",
      "from_class_or_interface_key": "_FVq6-BG-Ee6XB7IKjUVJvw",
      "from_method_name": null,
      "from_method_key": null,
      "to_file_path": "./Messaggio",
      "to_class_or_interface_key": "_FVq7MRG-Ee6XB7IKjUVJvw",
      "to_class_or_interface_name": "Utente",
      "to_method_key": null,
      "to_method_name": null,
      "data_clump_type": "fields_to_fields_data_clump",
      "data_clump_data": {
        "_FVq6-RG-Ee6XB7IKjUVJvw": {
          "key": "_FVq6-RG-Ee6XB7IKjUVJvw",
          "name": "id",
          "type": null,
          "probability": 1,
          "modifiers": [
            "private"
          ],
          "to_variable": {
            "key": "_FVq7MhG-Ee6XB7IKjUVJvw",
            "name": "id",
            "type": null,
            "modifiers": [
              "private"
            ],
            "position": {}
          },
          "position": {}
        },
        "_FVq6-hG-Ee6XB7IKjUVJvw": {
          "key": "_FVq6-hG-Ee6XB7IKjUVJvw",
          "name": "nome",
          "type": null,
          "probability": 1,
          "modifiers": [
            "private"
          ],
          "to_variable": {
            "key": "_FVq7NhG-Ee6XB7IKjUVJvw",
            "name": "nome",
            "type": null,
            "modifiers": [
              "private"
            ],
            "position": {}
          },
          "position": {}
        },
        "_FVq6-xG-Ee6XB7IKjUVJvw": {
          "key": "_FVq6-xG-Ee6XB7IKjUVJvw",
          "name": "cognome",
          "type": null,
          "probability": 1,
          "modifiers": [
            "private"
          ],
          "to_variable": {
            "key": "_FVq7NxG-Ee6XB7IKjUVJvw",
            "name": "cognome",
            "type": null,
            "modifiers": [
              "private"
            ],
            "position": {}
          },
          "position": {}
        },
        "_FVq6_BG-Ee6XB7IKjUVJvw": {
          "key": "_FVq6_BG-Ee6XB7IKjUVJvw",
          "name": "email",
          "type": null,
          "probability": 1,
          "modifiers": [
            "private"
          ],
          "to_variable": {
            "key": "_FVq7MxG-Ee6XB7IKjUVJvw",
            "name": "email",
            "type": null,
            "modifiers": [
              "private"
            ],
            "position": {}
          },
          "position": {}
        }
      }
    }
  }
}