{
  "report_version": "unknown",
  "report_timestamp": "2025-03-26T23:02:56.593Z",
  "target_language": "java",
  "report_summary": {
    "additional": null,
    "amount_classes_or_interfaces_with_data_clumps": 3,
    "amount_files_with_data_clumps": 3,
    "amount_methods_with_data_clumps": 0,
    "fields_to_fields_data_clump": 6,
    "parameters_to_fields_data_clump": 0,
    "parameters_to_parameters_data_clump": 0,
    "amount_data_clumps": 6
  },
  "project_info": {
    "project_url": "unknown_project_url",
    "project_name": "_PmdkMNgrEe2JhIahQQsnAA",
    "project_version": "unknown_project_version",
    "project_commit_hash": "unknown",
    "project_tag": null,
    "project_commit_date": null,
    "additional": {},
    "number_of_files": 6,
    "number_of_classes_or_interfaces": 6,
    "number_of_methods": 4,
    "number_of_data_fields": 36,
    "number_of_method_parameters": 0
  },
  "detector": {
    "name": "data-clumps-doctor",
    "url": "https://github.com/NilsBaumgartner1994/data-clumps-doctor",
    "version": "0.1.100",
    "options": {
      "typeVariablesConsidered": false,
      "similarityModifierOfVariablesWithUnknownType": 0,
      "fieldsOfClassesWithUnknownHierarchyProbabilityModifier": 0,
      "sharedFieldsToFieldsAmountMinimum": 3,
      "analyseFieldsInClassesOrInterfacesInheritedFromSuperClassesOrInterfaces": false,
      "sharedParametersToParametersAmountMinimum": 3,
      "sharedParametersToFieldsAmountMinimum": 3,
      "methodsOfClassesOrInterfacesWithUnknownHierarchyProbabilityModifier": 0
    }
  },
  "data_clumps": {
    "fields_to_fields_data_clump-./Customer-_Pmh1_NgrEe2JhIahQQsnAA-_TqXJkMezEDuRfOa4yGH7HQ-IdEmailPhoneNumber": {
      "type": "data_clump",
      "key": "fields_to_fields_data_clump-./Customer-_Pmh1_NgrEe2JhIahQQsnAA-_TqXJkMezEDuRfOa4yGH7HQ-IdEmailPhoneNumber",
      "probability": 1,
      "from_file_path": "./Customer",
      "from_class_or_interface_name": "Customer",
      "from_class_or_interface_key": "_Pmh1_NgrEe2JhIahQQsnAA",
      "from_method_name": null,
      "from_method_key": null,
      "to_file_path": "./User",
      "to_class_or_interface_key": "_TqXJkMezEDuRfOa4yGH7HQ",
      "to_class_or_interface_name": "Customer",
      "to_method_key": null,
      "to_method_name": null,
      "data_clump_type": "fields_to_fields_data_clump",
      "data_clump_data": {
        "_Pmh1_dgrEe2JhIahQQsnAA": {
          "key": "_Pmh1_dgrEe2JhIahQQsnAA",
          "name": "Id",
          "type": null,
          "probability": 1,
          "modifiers": [
            "public"
          ],
          "to_variable": {
            "key": "_TqXwoMezEDuRfOa4yGH7HQ",
            "name": "Id",
            "type": null,
            "modifiers": [
              "public"
            ],
            "position": {}
          },
          "position": {}
        },
        "_QKYn8LpbEDumn9BGNq7MjA": {
          "key": "_QKYn8LpbEDumn9BGNq7MjA",
          "name": "Email",
          "type": null,
          "probability": 1,
          "modifiers": [
            "public"
          ],
          "to_variable": {
            "key": "_TqXwosezEDuRfOa4yGH7HQ",
            "name": "Email",
            "type": null,
            "modifiers": [
              "public"
            ],
            "position": {}
          },
          "position": {}
        },
        "_SuMBcLpbEDumn9BGNq7MjA": {
          "key": "_SuMBcLpbEDumn9BGNq7MjA",
          "name": "PhoneNumber",
          "type": null,
          "probability": 1,
          "modifiers": [
            "public"
          ],
          "to_variable": {
            "key": "_TqXwo8ezEDuRfOa4yGH7HQ",
            "name": "PhoneNumber",
            "type": null,
            "modifiers": [
              "public"
            ],
            "position": {}
          },
          "position": {}
        }
      }
    },
    "fields_to_fields_data_clump-./Customer-_Pmh1_NgrEe2JhIahQQsnAA-_XXBH4Me7EDuRfOa4yGH7HQ-IdEmailPhoneNumberPassword": {
      "type": "data_clump",
      "key": "fields_to_fields_data_clump-./Customer-_Pmh1_NgrEe2JhIahQQsnAA-_XXBH4Me7EDuRfOa4yGH7HQ-IdEmailPhoneNumberPassword",
      "probability": 1,
      "from_file_path": "./Customer",
      "from_class_or_interface_name": "Customer",
      "from_class_or_interface_key": "_Pmh1_NgrEe2JhIahQQsnAA",
      "from_method_name": null,
      "from_method_key": null,
      "to_file_path": "./]p",
      "to_class_or_interface_key": "_XXBH4Me7EDuRfOa4yGH7HQ",
      "to_class_or_interface_name": "Customer",
      "to_method_key": null,
      "to_method_name": null,
      "data_clump_type": "fields_to_fields_data_clump",
      "data_clump_data": {
        "_Pmh1_dgrEe2JhIahQQsnAA": {
          "key": "_Pmh1_dgrEe2JhIahQQsnAA",
          "name": "Id",
          "type": null,
          "probability": 1,
          "modifiers": [
            "public"
          ],
          "to_variable": {
            "key": "_XXBu8Me7EDuRfOa4yGH7HQ",
            "name": "Id",
            "type": null,
            "modifiers": [
              "public"
            ],
            "position": {}
          },
          "position": {}
        },
        "_QKYn8LpbEDumn9BGNq7MjA": {
          "key": "_QKYn8LpbEDumn9BGNq7MjA",
          "name": "Email",
          "type": null,
          "probability": 1,
          "modifiers": [
            "public"
          ],
          "to_variable": {
            "key": "_XXBu8se7EDuRfOa4yGH7HQ",
            "name": "Email",
            "type": null,
            "modifiers": [
              "public"
            ],
            "position": {}
          },
          "position": {}
        },
        "_SuMBcLpbEDumn9BGNq7MjA": {
          "key": "_SuMBcLpbEDumn9BGNq7MjA",
          "name": "PhoneNumber",
          "type": null,
          "probability": 1,
          "modifiers": [
            "public"
          ],
          "to_variable": {
            "key": "_XXCWAMe7EDuRfOa4yGH7HQ",
            "name": "PhoneNumber",
            "type": null,
            "modifiers": [
              "public"
            ],
            "position": {}
          },
          "position": {}
        },
        "_UrKEcLpbEDumn9BGNq7MjA": {
          "key": "_UrKEcLpbEDumn9BGNq7MjA",
          "name": "Password",
          "type": null,
          "probability": 1,
          "modifiers": [
            "public"
          ],
          "to_variable": {
            "key": "_XXCWAce7EDuRfOa4yGH7HQ",
            "name": "Password",
            "type": null,
            "modifiers": [
              "public"
            ],
            "position": {}
          },
          "position": {}
        }
      }
    },
    "fields_to_fields_data_clump-./User-_TqXJkMezEDuRfOa4yGH7HQ-_Pmh1_NgrEe2JhIahQQsnAA-IdEmailPhoneNumber": {
      "type": "data_clump",
      "key": "fields_to_fields_data_clump-./User-_TqXJkMezEDuRfOa4yGH7HQ-_Pmh1_NgrEe2JhIahQQsnAA-IdEmailPhoneNumber",
      "probability": 1,
      "from_file_path": "./User",
      "from_class_or_interface_name": "User",
      "from_class_or_interface_key": "_TqXJkMezEDuRfOa4yGH7HQ",
      "from_method_name": null,
      "from_method_key": null,
      "to_file_path": "./Customer",
      "to_class_or_interface_key": "_Pmh1_NgrEe2JhIahQQsnAA",
      "to_class_or_interface_name": "User",
      "to_method_key": null,
      "to_method_name": null,
      "data_clump_type": "fields_to_fields_data_clump",
      "data_clump_data": {
        "_TqXwoMezEDuRfOa4yGH7HQ": {
          "key": "_TqXwoMezEDuRfOa4yGH7HQ",
          "name": "Id",
          "type": null,
          "probability": 1,
          "modifiers": [
            "public"
          ],
          "to_variable": {
            "key": "_Pmh1_dgrEe2JhIahQQsnAA",
            "name": "Id",
            "type": null,
            "modifiers": [
              "public"
            ],
            "position": {}
          },
          "position": {}
        },
        "_TqXwosezEDuRfOa4yGH7HQ": {
          "key": "_TqXwosezEDuRfOa4yGH7HQ",
          "name": "Email",
          "type": null,
          "probability": 1,
          "modifiers": [
            "public"
          ],
          "to_variable": {
            "key": "_QKYn8LpbEDumn9BGNq7MjA",
            "name": "Email",
            "type": null,
            "modifiers": [
              "public"
            ],
            "position": {}
          },
          "position": {}
        },
        "_TqXwo8ezEDuRfOa4yGH7HQ": {
          "key": "_TqXwo8ezEDuRfOa4yGH7HQ",
          "name": "PhoneNumber",
          "type": null,
          "probability": 1,
          "modifiers": [
            "public"
          ],
          "to_variable": {
            "key": "_SuMBcLpbEDumn9BGNq7MjA",
            "name": "PhoneNumber",
            "type": null,
            "modifiers": [
              "public"
            ],
            "position": {}
          },
          "position": {}
        }
      }
    },
    "fields_to_fields_data_clump-./User-_TqXJkMezEDuRfOa4yGH7HQ-_XXBH4Me7EDuRfOa4yGH7HQ-IdUserRoleIdUserNameEmailPhoneNumber": {
      "type": "data_clump",
      "key": "fields_to_fields_data_clump-./User-_TqXJkMezEDuRfOa4yGH7HQ-_XXBH4Me7EDuRfOa4yGH7HQ-IdUserRoleIdUserNameEmailPhoneNumber",
      "probability": 1,
      "from_file_path": "./User",
      "from_class_or_interface_name": "User",
      "from_class_or_interface_key": "_TqXJkMezEDuRfOa4yGH7HQ",
      "from_method_name": null,
      "from_method_key": null,
      "to_file_path": "./]p",
      "to_class_or_interface_key": "_XXBH4Me7EDuRfOa4yGH7HQ",
      "to_class_or_interface_name": "User",
      "to_method_key": null,
      "to_method_name": null,
      "data_clump_type": "fields_to_fields_data_clump",
      "data_clump_data": {
        "_TqXwoMezEDuRfOa4yGH7HQ": {
          "key": "_TqXwoMezEDuRfOa4yGH7HQ",
          "name": "Id",
          "type": null,
          "probability": 1,
          "modifiers": [
            "public"
          ],
          "to_variable": {
            "key": "_XXBu8Me7EDuRfOa4yGH7HQ",
            "name": "Id",
            "type": null,
            "modifiers": [
              "public"
            ],
            "position": {}
          },
          "position": {}
        },
        "_TqXwocezEDuRfOa4yGH7HQ": {
          "key": "_TqXwocezEDuRfOa4yGH7HQ",
          "name": "UserRoleId",
          "type": null,
          "probability": 1,
          "modifiers": [
            "public"
          ],
          "to_variable": {
            "key": "_XXBu8ce7EDuRfOa4yGH7HQ",
            "name": "UserRoleId",
            "type": null,
            "modifiers": [
              "public"
            ],
            "position": {}
          },
          "position": {}
        },
        "_R4gNkMe3EDuRfOa4yGH7HQ": {
          "key": "_R4gNkMe3EDuRfOa4yGH7HQ",
          "name": "UserName",
          "type": null,
          "probability": 1,
          "modifiers": [
            "public"
          ],
          "to_variable": {
            "key": "_XXCWAse7EDuRfOa4yGH7HQ",
            "name": "UserName",
            "type": null,
            "modifiers": [
              "public"
            ],
            "position": {}
          },
          "position": {}
        },
        "_TqXwosezEDuRfOa4yGH7HQ": {
          "key": "_TqXwosezEDuRfOa4yGH7HQ",
          "name": "Email",
          "type": null,
          "probability": 1,
          "modifiers": [
            "public"
          ],
          "to_variable": {
            "key": "_XXBu8se7EDuRfOa4yGH7HQ",
            "name": "Email",
            "type": null,
            "modifiers": [
              "public"
            ],
            "position": {}
          },
          "position": {}
        },
        "_TqXwo8ezEDuRfOa4yGH7HQ": {
          "key": "_TqXwo8ezEDuRfOa4yGH7HQ",
          "name": "PhoneNumber",
          "type": null,
          "probability": 1,
          "modifiers": [
            "public"
          ],
          "to_variable": {
            "key": "_XXCWAMe7EDuRfOa4yGH7HQ",
            "name": "PhoneNumber",
            "type": null,
            "modifiers": [
              "public"
            ],
            "position": {}
          },
          "position": {}
        }
      }
    },
    "fields_to_fields_data_clump-./]p-_XXBH4Me7EDuRfOa4yGH7HQ-_Pmh1_NgrEe2JhIahQQsnAA-IdEmailPhoneNumberPassword": {
      "type": "data_clump",
      "key": "fields_to_fields_data_clump-./]p-_XXBH4Me7EDuRfOa4yGH7HQ-_Pmh1_NgrEe2JhIahQQsnAA-IdEmailPhoneNumberPassword",
      "probability": 1,
      "from_file_path": "./]p",
      "from_class_or_interface_name": "]p",
      "from_class_or_interface_key": "_XXBH4Me7EDuRfOa4yGH7HQ",
      "from_method_name": null,
      "from_method_key": null,
      "to_file_path": "./Customer",
      "to_class_or_interface_key": "_Pmh1_NgrEe2JhIahQQsnAA",
      "to_class_or_interface_name": "]p",
      "to_method_key": null,
      "to_method_name": null,
      "data_clump_type": "fields_to_fields_data_clump",
      "data_clump_data": {
        "_XXBu8Me7EDuRfOa4yGH7HQ": {
          "key": "_XXBu8Me7EDuRfOa4yGH7HQ",
          "name": "Id",
          "type": null,
          "probability": 1,
          "modifiers": [
            "public"
          ],
          "to_variable": {
            "key": "_Pmh1_dgrEe2JhIahQQsnAA",
            "name": "Id",
            "type": null,
            "modifiers": [
              "public"
            ],
            "position": {}
          },
          "position": {}
        },
        "_XXBu8se7EDuRfOa4yGH7HQ": {
          "key": "_XXBu8se7EDuRfOa4yGH7HQ",
          "name": "Email",
          "type": null,
          "probability": 1,
          "modifiers": [
            "public"
          ],
          "to_variable": {
            "key": "_QKYn8LpbEDumn9BGNq7MjA",
            "name": "Email",
            "type": null,
            "modifiers": [
              "public"
            ],
            "position": {}
          },
          "position": {}
        },
        "_XXCWAMe7EDuRfOa4yGH7HQ": {
          "key": "_XXCWAMe7EDuRfOa4yGH7HQ",
          "name": "PhoneNumber",
          "type": null,
          "probability": 1,
          "modifiers": [
            "public"
          ],
          "to_variable": {
            "key": "_SuMBcLpbEDumn9BGNq7MjA",
            "name": "PhoneNumber",
            "type": null,
            "modifiers": [
              "public"
            ],
            "position": {}
          },
          "position": {}
        },
        "_XXCWAce7EDuRfOa4yGH7HQ": {
          "key": "_XXCWAce7EDuRfOa4yGH7HQ",
          "name": "Password",
          "type": null,
          "probability": 1,
          "modifiers": [
            "public"
          ],
          "to_variable": {
            "key": "_UrKEcLpbEDumn9BGNq7MjA",
            "name": "Password",
            "type": null,
            "modifiers": [
              "public"
            ],
            "position": {}
          },
          "position": {}
        }
      }
    },
    "fields_to_fields_data_clump-./]p-_XXBH4Me7EDuRfOa4yGH7HQ-_TqXJkMezEDuRfOa4yGH7HQ-IdUserRoleIdEmailPhoneNumberUserName": {
      "type": "data_clump",
      "key": "fields_to_fields_data_clump-./]p-_XXBH4Me7EDuRfOa4yGH7HQ-_TqXJkMezEDuRfOa4yGH7HQ-IdUserRoleIdEmailPhoneNumberUserName",
      "probability": 1,
      "from_file_path": "./]p",
      "from_class_or_interface_name": "]p",
      "from_class_or_interface_key": "_XXBH4Me7EDuRfOa4yGH7HQ",
      "from_method_name": null,
      "from_method_key": null,
      "to_file_path": "./User",
      "to_class_or_interface_key": "_TqXJkMezEDuRfOa4yGH7HQ",
      "to_class_or_interface_name": "]p",
      "to_method_key": null,
      "to_method_name": null,
      "data_clump_type": "fields_to_fields_data_clump",
      "data_clump_data": {
        "_XXBu8Me7EDuRfOa4yGH7HQ": {
          "key": "_XXBu8Me7EDuRfOa4yGH7HQ",
          "name": "Id",
          "type": null,
          "probability": 1,
          "modifiers": [
            "public"
          ],
          "to_variable": {
            "key": "_TqXwoMezEDuRfOa4yGH7HQ",
            "name": "Id",
            "type": null,
            "modifiers": [
              "public"
            ],
            "position": {}
          },
          "position": {}
        },
        "_XXBu8ce7EDuRfOa4yGH7HQ": {
          "key": "_XXBu8ce7EDuRfOa4yGH7HQ",
          "name": "UserRoleId",
          "type": null,
          "probability": 1,
          "modifiers": [
            "public"
          ],
          "to_variable": {
            "key": "_TqXwocezEDuRfOa4yGH7HQ",
            "name": "UserRoleId",
            "type": null,
            "modifiers": [
              "public"
            ],
            "position": {}
          },
          "position": {}
        },
        "_XXBu8se7EDuRfOa4yGH7HQ": {
          "key": "_XXBu8se7EDuRfOa4yGH7HQ",
          "name": "Email",
          "type": null,
          "probability": 1,
          "modifiers": [
            "public"
          ],
          "to_variable": {
            "key": "_TqXwosezEDuRfOa4yGH7HQ",
            "name": "Email",
            "type": null,
            "modifiers": [
              "public"
            ],
            "position": {}
          },
          "position": {}
        },
        "_XXCWAMe7EDuRfOa4yGH7HQ": {
          "key": "_XXCWAMe7EDuRfOa4yGH7HQ",
          "name": "PhoneNumber",
          "type": null,
          "probability": 1,
          "modifiers": [
            "public"
          ],
          "to_variable": {
            "key": "_TqXwo8ezEDuRfOa4yGH7HQ",
            "name": "PhoneNumber",
            "type": null,
            "modifiers": [
              "public"
            ],
            "position": {}
          },
          "position": {}
        },
        "_XXCWAse7EDuRfOa4yGH7HQ": {
          "key": "_XXCWAse7EDuRfOa4yGH7HQ",
          "name": "UserName",
          "type": null,
          "probability": 1,
          "modifiers": [
            "public"
          ],
          "to_variable": {
            "key": "_R4gNkMe3EDuRfOa4yGH7HQ",
            "name": "UserName",
            "type": null,
            "modifiers": [
              "public"
            ],
            "position": {}
          },
          "position": {}
        }
      }
    }
  }
}