{
  "report_version": "unknown",
  "report_timestamp": "2025-03-26T22:33:23.340Z",
  "target_language": "java",
  "report_summary": {
    "additional": null,
    "amount_classes_or_interfaces_with_data_clumps": 1,
    "amount_files_with_data_clumps": 1,
    "amount_methods_with_data_clumps": 2,
    "fields_to_fields_data_clump": 0,
    "parameters_to_fields_data_clump": 0,
    "parameters_to_parameters_data_clump": 2,
    "amount_data_clumps": 2
  },
  "project_info": {
    "project_url": "unknown_project_url",
    "project_name": "_dI9LQARFEeSc6-5ILiz_HQ",
    "project_version": "unknown_project_version",
    "project_commit_hash": "unknown",
    "project_tag": null,
    "project_commit_date": null,
    "additional": {},
    "number_of_files": 3,
    "number_of_classes_or_interfaces": 3,
    "number_of_methods": 15,
    "number_of_data_fields": 7,
    "number_of_method_parameters": 22
  },
  "detector": {
    "name": "data-clumps-doctor",
    "url": "https://github.com/NilsBaumgartner1994/data-clumps-doctor",
    "version": "0.1.100",
    "options": {
      "typeVariablesConsidered": false,
      "similarityModifierOfVariablesWithUnknownType": 0,
      "fieldsOfClassesWithUnknownHierarchyProbabilityModifier": 0,
      "sharedFieldsToFieldsAmountMinimum": 3,
      "analyseFieldsInClassesOrInterfacesInheritedFromSuperClassesOrInterfaces": false,
      "sharedParametersToParametersAmountMinimum": 3,
      "sharedParametersToFieldsAmountMinimum": 3,
      "methodsOfClassesOrInterfacesWithUnknownHierarchyProbabilityModifier": 0
    }
  },
  "data_clumps": {
    "parameters_to_parameters_data_clump-./Slave-_W8WEcOZ3EDG2GfQ0V0kPfw-_3CKKUeZ3EDG2GfQ0V0kPfw-enderecoInicialenderecoFinalvalores": {
      "type": "data_clump",
      "key": "parameters_to_parameters_data_clump-./Slave-_W8WEcOZ3EDG2GfQ0V0kPfw-_3CKKUeZ3EDG2GfQ0V0kPfw-enderecoInicialenderecoFinalvalores",
      "probability": 1,
      "from_file_path": "./Slave",
      "from_class_or_interface_name": "Slave",
      "from_class_or_interface_key": "_n0LroOZ0EDG2GfQ0V0kPfw",
      "from_method_name": "writeMultipleDiscreteOutput",
      "from_method_key": "_W8WEcOZ3EDG2GfQ0V0kPfw",
      "to_file_path": "./Slave",
      "to_class_or_interface_name": "Slave",
      "to_class_or_interface_key": "_n0LroOZ0EDG2GfQ0V0kPfw",
      "to_method_name": "writeMultipleAnalogOutput",
      "to_method_key": "_3CKKUeZ3EDG2GfQ0V0kPfw",
      "data_clump_type": "parameters_to_parameters_data_clump",
      "data_clump_data": {
        "_Z904cOZ3EDG2GfQ0V0kPfw": {
          "key": "_Z904cOZ3EDG2GfQ0V0kPfw",
          "name": "enderecoInicial",
          "type": null,
          "probability": 1,
          "modifiers": [],
          "to_variable": {
            "key": "_PlDRUOZ4EDG2GfQ0V0kPfw",
            "name": "enderecoInicial",
            "type": null,
            "modifiers": [],
            "position": {}
          },
          "position": {}
        },
        "_aKVqcOZ3EDG2GfQ0V0kPfw": {
          "key": "_aKVqcOZ3EDG2GfQ0V0kPfw",
          "name": "enderecoFinal",
          "type": null,
          "probability": 1,
          "modifiers": [],
          "to_variable": {
            "key": "_P2mUUOZ4EDG2GfQ0V0kPfw",
            "name": "enderecoFinal",
            "type": null,
            "modifiers": [],
            "position": {}
          },
          "position": {}
        },
        "_KCTacOZ4EDG2GfQ0V0kPfw": {
          "key": "_KCTacOZ4EDG2GfQ0V0kPfw",
          "name": "valores",
          "type": null,
          "probability": 1,
          "modifiers": [],
          "to_variable": {
            "key": "_P63wUOZ4EDG2GfQ0V0kPfw",
            "name": "valores",
            "type": null,
            "modifiers": [],
            "position": {}
          },
          "position": {}
        }
      }
    },
    "parameters_to_parameters_data_clump-./Slave-_3CKKUeZ3EDG2GfQ0V0kPfw-_W8WEcOZ3EDG2GfQ0V0kPfw-enderecoInicialenderecoFinalvalores": {
      "type": "data_clump",
      "key": "parameters_to_parameters_data_clump-./Slave-_3CKKUeZ3EDG2GfQ0V0kPfw-_W8WEcOZ3EDG2GfQ0V0kPfw-enderecoInicialenderecoFinalvalores",
      "probability": 1,
      "from_file_path": "./Slave",
      "from_class_or_interface_name": "Slave",
      "from_class_or_interface_key": "_n0LroOZ0EDG2GfQ0V0kPfw",
      "from_method_name": "writeMultipleAnalogOutput",
      "from_method_key": "_3CKKUeZ3EDG2GfQ0V0kPfw",
      "to_file_path": "./Slave",
      "to_class_or_interface_name": "Slave",
      "to_class_or_interface_key": "_n0LroOZ0EDG2GfQ0V0kPfw",
      "to_method_name": "writeMultipleDiscreteOutput",
      "to_method_key": "_W8WEcOZ3EDG2GfQ0V0kPfw",
      "data_clump_type": "parameters_to_parameters_data_clump",
      "data_clump_data": {
        "_PlDRUOZ4EDG2GfQ0V0kPfw": {
          "key": "_PlDRUOZ4EDG2GfQ0V0kPfw",
          "name": "enderecoInicial",
          "type": null,
          "probability": 1,
          "modifiers": [],
          "to_variable": {
            "key": "_Z904cOZ3EDG2GfQ0V0kPfw",
            "name": "enderecoInicial",
            "type": null,
            "modifiers": [],
            "position": {}
          },
          "position": {}
        },
        "_P2mUUOZ4EDG2GfQ0V0kPfw": {
          "key": "_P2mUUOZ4EDG2GfQ0V0kPfw",
          "name": "enderecoFinal",
          "type": null,
          "probability": 1,
          "modifiers": [],
          "to_variable": {
            "key": "_aKVqcOZ3EDG2GfQ0V0kPfw",
            "name": "enderecoFinal",
            "type": null,
            "modifiers": [],
            "position": {}
          },
          "position": {}
        },
        "_P63wUOZ4EDG2GfQ0V0kPfw": {
          "key": "_P63wUOZ4EDG2GfQ0V0kPfw",
          "name": "valores",
          "type": null,
          "probability": 1,
          "modifiers": [],
          "to_variable": {
            "key": "_KCTacOZ4EDG2GfQ0V0kPfw",
            "name": "valores",
            "type": null,
            "modifiers": [],
            "position": {}
          },
          "position": {}
        }
      }
    }
  }
}