{
  "report_version": "unknown",
  "report_timestamp": "2025-03-26T22:57:02.542Z",
  "target_language": "java",
  "report_summary": {
    "additional": null,
    "amount_classes_or_interfaces_with_data_clumps": 4,
    "amount_files_with_data_clumps": 4,
    "amount_methods_with_data_clumps": 0,
    "fields_to_fields_data_clump": 4,
    "parameters_to_fields_data_clump": 0,
    "parameters_to_parameters_data_clump": 0,
    "amount_data_clumps": 4
  },
  "project_info": {
    "project_url": "unknown_project_url",
    "project_name": "_jeHIELGjEeie5eCRSnD_uQ",
    "project_version": "unknown_project_version",
    "project_commit_hash": "unknown",
    "project_tag": null,
    "project_commit_date": null,
    "additional": {},
    "number_of_files": 45,
    "number_of_classes_or_interfaces": 45,
    "number_of_methods": 0,
    "number_of_data_fields": 55,
    "number_of_method_parameters": 0
  },
  "detector": {
    "name": "data-clumps-doctor",
    "url": "https://github.com/NilsBaumgartner1994/data-clumps-doctor",
    "version": "0.1.100",
    "options": {
      "typeVariablesConsidered": false,
      "similarityModifierOfVariablesWithUnknownType": 0,
      "fieldsOfClassesWithUnknownHierarchyProbabilityModifier": 0,
      "sharedFieldsToFieldsAmountMinimum": 3,
      "analyseFieldsInClassesOrInterfacesInheritedFromSuperClassesOrInterfaces": false,
      "sharedParametersToParametersAmountMinimum": 3,
      "sharedParametersToFieldsAmountMinimum": 3,
      "methodsOfClassesOrInterfacesWithUnknownHierarchyProbabilityModifier": 0
    }
  },
  "data_clumps": {
    "fields_to_fields_data_clump-./Contract-_n-O_ZtFPEDaysqi-GXARGw-_FO5uoKUSEDaUzPwH3WnIag-FahrplanStundenImVertragBisImVertragAb": {
      "type": "data_clump",
      "key": "fields_to_fields_data_clump-./Contract-_n-O_ZtFPEDaysqi-GXARGw-_FO5uoKUSEDaUzPwH3WnIag-FahrplanStundenImVertragBisImVertragAb",
      "probability": 1,
      "from_file_path": "./Contract",
      "from_class_or_interface_name": "Contract",
      "from_class_or_interface_key": "_n-O_ZtFPEDaysqi-GXARGw",
      "from_method_name": null,
      "from_method_key": null,
      "to_file_path": "./LininenBuendel",
      "to_class_or_interface_key": "_FO5uoKUSEDaUzPwH3WnIag",
      "to_class_or_interface_name": "Contract",
      "to_method_key": null,
      "to_method_name": null,
      "data_clump_type": "fields_to_fields_data_clump",
      "data_clump_data": {
        "_n-PmddFPEDaysqi-GXARGw": {
          "key": "_n-PmddFPEDaysqi-GXARGw",
          "name": "FahrplanStunden",
          "type": null,
          "probability": 1,
          "modifiers": [
            "public"
          ],
          "to_variable": {
            "key": "_PoagIKUSEDaUzPwH3WnIag",
            "name": "FahrplanStunden",
            "type": null,
            "modifiers": [
              "public"
            ],
            "position": {}
          },
          "position": {}
        },
        "_n-Q0kNFPEDaysqi-GXARGw": {
          "key": "_n-Q0kNFPEDaysqi-GXARGw",
          "name": "ImVertragBis",
          "type": null,
          "probability": 1,
          "modifiers": [
            "public"
          ],
          "to_variable": {
            "key": "_WxbKMaUSEDaUzPwH3WnIag",
            "name": "ImVertragBis",
            "type": null,
            "modifiers": [
              "public"
            ],
            "position": {}
          },
          "position": {}
        },
        "_n-PmdtFPEDaysqi-GXARGw": {
          "key": "_n-PmdtFPEDaysqi-GXARGw",
          "name": "ImVertragAb",
          "type": null,
          "probability": 1,
          "modifiers": [
            "public"
          ],
          "to_variable": {
            "key": "_UWqX8KUSEDaUzPwH3WnIag",
            "name": "ImVertragAb",
            "type": null,
            "modifiers": [
              "public"
            ],
            "position": {}
          },
          "position": {}
        }
      }
    },
    "fields_to_fields_data_clump-./Employment-_n-OYU9FPEDaysqi-GXARGw-_6ALwEZPREDaS_K_quZDUbg-vonbisWochenStunden": {
      "type": "data_clump",
      "key": "fields_to_fields_data_clump-./Employment-_n-OYU9FPEDaysqi-GXARGw-_6ALwEZPREDaS_K_quZDUbg-vonbisWochenStunden",
      "probability": 1,
      "from_file_path": "./Employment",
      "from_class_or_interface_name": "Employment",
      "from_class_or_interface_key": "_n-OYU9FPEDaysqi-GXARGw",
      "from_method_name": null,
      "from_method_key": null,
      "to_file_path": "./FachtrainerAnstellung",
      "to_class_or_interface_key": "_6ALwEZPREDaS_K_quZDUbg",
      "to_class_or_interface_name": "Employment",
      "to_method_key": null,
      "to_method_name": null,
      "data_clump_type": "fields_to_fields_data_clump",
      "data_clump_data": {
        "_n-OYVNFPEDaysqi-GXARGw": {
          "key": "_n-OYVNFPEDaysqi-GXARGw",
          "name": "von",
          "type": null,
          "probability": 1,
          "modifiers": [
            "public"
          ],
          "to_variable": {
            "key": "_Q1kzcZPSEDaS_K_quZDUbg",
            "name": "von",
            "type": null,
            "modifiers": [
              "public"
            ],
            "position": {}
          },
          "position": {}
        },
        "_n-OYVdFPEDaysqi-GXARGw": {
          "key": "_n-OYVdFPEDaysqi-GXARGw",
          "name": "bis",
          "type": null,
          "probability": 1,
          "modifiers": [
            "public"
          ],
          "to_variable": {
            "key": "_Tg_Q0JPSEDaS_K_quZDUbg",
            "name": "bis",
            "type": null,
            "modifiers": [
              "public"
            ],
            "position": {}
          },
          "position": {}
        },
        "_n-OYVtFPEDaysqi-GXARGw": {
          "key": "_n-OYVtFPEDaysqi-GXARGw",
          "name": "WochenStunden",
          "type": null,
          "probability": 1,
          "modifiers": [
            "public"
          ],
          "to_variable": {
            "key": "_yWEK8aUSEDaUzPwH3WnIag",
            "name": "WochenStunden",
            "type": null,
            "modifiers": [
              "public"
            ],
            "position": {}
          },
          "position": {}
        }
      }
    },
    "fields_to_fields_data_clump-./FachtrainerAnstellung-_6ALwEZPREDaS_K_quZDUbg-_n-OYU9FPEDaysqi-GXARGw-vonbisWochenStunden": {
      "type": "data_clump",
      "key": "fields_to_fields_data_clump-./FachtrainerAnstellung-_6ALwEZPREDaS_K_quZDUbg-_n-OYU9FPEDaysqi-GXARGw-vonbisWochenStunden",
      "probability": 1,
      "from_file_path": "./FachtrainerAnstellung",
      "from_class_or_interface_name": "FachtrainerAnstellung",
      "from_class_or_interface_key": "_6ALwEZPREDaS_K_quZDUbg",
      "from_method_name": null,
      "from_method_key": null,
      "to_file_path": "./Employment",
      "to_class_or_interface_key": "_n-OYU9FPEDaysqi-GXARGw",
      "to_class_or_interface_name": "FachtrainerAnstellung",
      "to_method_key": null,
      "to_method_name": null,
      "data_clump_type": "fields_to_fields_data_clump",
      "data_clump_data": {
        "_Q1kzcZPSEDaS_K_quZDUbg": {
          "key": "_Q1kzcZPSEDaS_K_quZDUbg",
          "name": "von",
          "type": null,
          "probability": 1,
          "modifiers": [
            "public"
          ],
          "to_variable": {
            "key": "_n-OYVNFPEDaysqi-GXARGw",
            "name": "von",
            "type": null,
            "modifiers": [
              "public"
            ],
            "position": {}
          },
          "position": {}
        },
        "_Tg_Q0JPSEDaS_K_quZDUbg": {
          "key": "_Tg_Q0JPSEDaS_K_quZDUbg",
          "name": "bis",
          "type": null,
          "probability": 1,
          "modifiers": [
            "public"
          ],
          "to_variable": {
            "key": "_n-OYVdFPEDaysqi-GXARGw",
            "name": "bis",
            "type": null,
            "modifiers": [
              "public"
            ],
            "position": {}
          },
          "position": {}
        },
        "_yWEK8aUSEDaUzPwH3WnIag": {
          "key": "_yWEK8aUSEDaUzPwH3WnIag",
          "name": "WochenStunden",
          "type": null,
          "probability": 1,
          "modifiers": [
            "public"
          ],
          "to_variable": {
            "key": "_n-OYVtFPEDaysqi-GXARGw",
            "name": "WochenStunden",
            "type": null,
            "modifiers": [
              "public"
            ],
            "position": {}
          },
          "position": {}
        }
      }
    },
    "fields_to_fields_data_clump-./LininenBuendel-_FO5uoKUSEDaUzPwH3WnIag-_n-O_ZtFPEDaysqi-GXARGw-FahrplanStundenImVertragAbImVertragBis": {
      "type": "data_clump",
      "key": "fields_to_fields_data_clump-./LininenBuendel-_FO5uoKUSEDaUzPwH3WnIag-_n-O_ZtFPEDaysqi-GXARGw-FahrplanStundenImVertragAbImVertragBis",
      "probability": 1,
      "from_file_path": "./LininenBuendel",
      "from_class_or_interface_name": "LininenBuendel",
      "from_class_or_interface_key": "_FO5uoKUSEDaUzPwH3WnIag",
      "from_method_name": null,
      "from_method_key": null,
      "to_file_path": "./Contract",
      "to_class_or_interface_key": "_n-O_ZtFPEDaysqi-GXARGw",
      "to_class_or_interface_name": "LininenBuendel",
      "to_method_key": null,
      "to_method_name": null,
      "data_clump_type": "fields_to_fields_data_clump",
      "data_clump_data": {
        "_PoagIKUSEDaUzPwH3WnIag": {
          "key": "_PoagIKUSEDaUzPwH3WnIag",
          "name": "FahrplanStunden",
          "type": null,
          "probability": 1,
          "modifiers": [
            "public"
          ],
          "to_variable": {
            "key": "_n-PmddFPEDaysqi-GXARGw",
            "name": "FahrplanStunden",
            "type": null,
            "modifiers": [
              "public"
            ],
            "position": {}
          },
          "position": {}
        },
        "_UWqX8KUSEDaUzPwH3WnIag": {
          "key": "_UWqX8KUSEDaUzPwH3WnIag",
          "name": "ImVertragAb",
          "type": null,
          "probability": 1,
          "modifiers": [
            "public"
          ],
          "to_variable": {
            "key": "_n-PmdtFPEDaysqi-GXARGw",
            "name": "ImVertragAb",
            "type": null,
            "modifiers": [
              "public"
            ],
            "position": {}
          },
          "position": {}
        },
        "_WxbKMaUSEDaUzPwH3WnIag": {
          "key": "_WxbKMaUSEDaUzPwH3WnIag",
          "name": "ImVertragBis",
          "type": null,
          "probability": 1,
          "modifiers": [
            "public"
          ],
          "to_variable": {
            "key": "_n-Q0kNFPEDaysqi-GXARGw",
            "name": "ImVertragBis",
            "type": null,
            "modifiers": [
              "public"
            ],
            "position": {}
          },
          "position": {}
        }
      }
    }
  }
}