{
  "report_version": "unknown",
  "report_timestamp": "2025-03-26T22:58:10.794Z",
  "target_language": "java",
  "report_summary": {
    "additional": null,
    "amount_classes_or_interfaces_with_data_clumps": 2,
    "amount_files_with_data_clumps": 2,
    "amount_methods_with_data_clumps": 0,
    "fields_to_fields_data_clump": 2,
    "parameters_to_fields_data_clump": 0,
    "parameters_to_parameters_data_clump": 0,
    "amount_data_clumps": 2
  },
  "project_info": {
    "project_url": "unknown_project_url",
    "project_name": "d2d4278f-95b4-4094-ac0a-3fc66b358bd7",
    "project_version": "unknown_project_version",
    "project_commit_hash": "unknown",
    "project_tag": null,
    "project_commit_date": null,
    "additional": {},
    "number_of_files": 7,
    "number_of_classes_or_interfaces": 7,
    "number_of_methods": 14,
    "number_of_data_fields": 22,
    "number_of_method_parameters": 0
  },
  "detector": {
    "name": "data-clumps-doctor",
    "url": "https://github.com/NilsBaumgartner1994/data-clumps-doctor",
    "version": "0.1.100",
    "options": {
      "typeVariablesConsidered": false,
      "similarityModifierOfVariablesWithUnknownType": 0,
      "fieldsOfClassesWithUnknownHierarchyProbabilityModifier": 0,
      "sharedFieldsToFieldsAmountMinimum": 3,
      "analyseFieldsInClassesOrInterfacesInheritedFromSuperClassesOrInterfaces": false,
      "sharedParametersToParametersAmountMinimum": 3,
      "sharedParametersToFieldsAmountMinimum": 3,
      "methodsOfClassesOrInterfacesWithUnknownHierarchyProbabilityModifier": 0
    }
  },
  "data_clumps": {
    "fields_to_fields_data_clump-./Manager-_dl8bEMcgEDWez-MsXfQx5g-_ITls8Me-EDWez-MsXfQx5g-NameaddressPhoneNo": {
      "type": "data_clump",
      "key": "fields_to_fields_data_clump-./Manager-_dl8bEMcgEDWez-MsXfQx5g-_ITls8Me-EDWez-MsXfQx5g-NameaddressPhoneNo",
      "probability": 1,
      "from_file_path": "./Manager",
      "from_class_or_interface_name": "Manager",
      "from_class_or_interface_key": "_dl8bEMcgEDWez-MsXfQx5g",
      "from_method_name": null,
      "from_method_key": null,
      "to_file_path": "./Visitors",
      "to_class_or_interface_key": "_ITls8Me-EDWez-MsXfQx5g",
      "to_class_or_interface_name": "Manager",
      "to_method_key": null,
      "to_method_name": null,
      "data_clump_type": "fields_to_fields_data_clump",
      "data_clump_data": {
        "_LlZvEMfWEDWez-MsXfQx5g": {
          "key": "_LlZvEMfWEDWez-MsXfQx5g",
          "name": "Name",
          "type": null,
          "probability": 1,
          "modifiers": [
            "private"
          ],
          "to_variable": {
            "key": "_qVLZoMfXEDWez-MsXfQx5g",
            "name": "Name",
            "type": null,
            "modifiers": [
              "private"
            ],
            "position": {}
          },
          "position": {}
        },
        "_MSWUoMfWEDWez-MsXfQx5g": {
          "key": "_MSWUoMfWEDWez-MsXfQx5g",
          "name": "address",
          "type": null,
          "probability": 1,
          "modifiers": [
            "private"
          ],
          "to_variable": {
            "key": "_rDDzUcfXEDWez-MsXfQx5g",
            "name": "address",
            "type": null,
            "modifiers": [
              "private"
            ],
            "position": {}
          },
          "position": {}
        },
        "_MZ_NsMfWEDWez-MsXfQx5g": {
          "key": "_MZ_NsMfWEDWez-MsXfQx5g",
          "name": "PhoneNo",
          "type": null,
          "probability": 1,
          "modifiers": [
            "private"
          ],
          "to_variable": {
            "key": "_rMnX8cfXEDWez-MsXfQx5g",
            "name": "PhoneNo",
            "type": null,
            "modifiers": [
              "private"
            ],
            "position": {}
          },
          "position": {}
        }
      }
    },
    "fields_to_fields_data_clump-./Visitors-_ITls8Me-EDWez-MsXfQx5g-_dl8bEMcgEDWez-MsXfQx5g-NameaddressPhoneNo": {
      "type": "data_clump",
      "key": "fields_to_fields_data_clump-./Visitors-_ITls8Me-EDWez-MsXfQx5g-_dl8bEMcgEDWez-MsXfQx5g-NameaddressPhoneNo",
      "probability": 1,
      "from_file_path": "./Visitors",
      "from_class_or_interface_name": "Visitors",
      "from_class_or_interface_key": "_ITls8Me-EDWez-MsXfQx5g",
      "from_method_name": null,
      "from_method_key": null,
      "to_file_path": "./Manager",
      "to_class_or_interface_key": "_dl8bEMcgEDWez-MsXfQx5g",
      "to_class_or_interface_name": "Visitors",
      "to_method_key": null,
      "to_method_name": null,
      "data_clump_type": "fields_to_fields_data_clump",
      "data_clump_data": {
        "_qVLZoMfXEDWez-MsXfQx5g": {
          "key": "_qVLZoMfXEDWez-MsXfQx5g",
          "name": "Name",
          "type": null,
          "probability": 1,
          "modifiers": [
            "private"
          ],
          "to_variable": {
            "key": "_LlZvEMfWEDWez-MsXfQx5g",
            "name": "Name",
            "type": null,
            "modifiers": [
              "private"
            ],
            "position": {}
          },
          "position": {}
        },
        "_rDDzUcfXEDWez-MsXfQx5g": {
          "key": "_rDDzUcfXEDWez-MsXfQx5g",
          "name": "address",
          "type": null,
          "probability": 1,
          "modifiers": [
            "private"
          ],
          "to_variable": {
            "key": "_MSWUoMfWEDWez-MsXfQx5g",
            "name": "address",
            "type": null,
            "modifiers": [
              "private"
            ],
            "position": {}
          },
          "position": {}
        },
        "_rMnX8cfXEDWez-MsXfQx5g": {
          "key": "_rMnX8cfXEDWez-MsXfQx5g",
          "name": "PhoneNo",
          "type": null,
          "probability": 1,
          "modifiers": [
            "private"
          ],
          "to_variable": {
            "key": "_MZ_NsMfWEDWez-MsXfQx5g",
            "name": "PhoneNo",
            "type": null,
            "modifiers": [
              "private"
            ],
            "position": {}
          },
          "position": {}
        }
      }
    }
  }
}