{
  "report_version": "unknown",
  "report_timestamp": "2025-03-26T21:37:49.985Z",
  "target_language": "java",
  "report_summary": {
    "additional": null,
    "amount_classes_or_interfaces_with_data_clumps": 3,
    "amount_files_with_data_clumps": 3,
    "amount_methods_with_data_clumps": 0,
    "fields_to_fields_data_clump": 6,
    "parameters_to_fields_data_clump": 0,
    "parameters_to_parameters_data_clump": 0,
    "amount_data_clumps": 6
  },
  "project_info": {
    "project_url": "unknown_project_url",
    "project_name": "34287660-e5ba-4b41-85c5-6dd3edd8be9e",
    "project_version": "unknown_project_version",
    "project_commit_hash": "unknown",
    "project_tag": null,
    "project_commit_date": null,
    "additional": {},
    "number_of_files": 4,
    "number_of_classes_or_interfaces": 4,
    "number_of_methods": 10,
    "number_of_data_fields": 12,
    "number_of_method_parameters": 0
  },
  "detector": {
    "name": "data-clumps-doctor",
    "url": "https://github.com/NilsBaumgartner1994/data-clumps-doctor",
    "version": "0.1.100",
    "options": {
      "typeVariablesConsidered": false,
      "similarityModifierOfVariablesWithUnknownType": 0,
      "fieldsOfClassesWithUnknownHierarchyProbabilityModifier": 0,
      "sharedFieldsToFieldsAmountMinimum": 3,
      "analyseFieldsInClassesOrInterfacesInheritedFromSuperClassesOrInterfaces": false,
      "sharedParametersToParametersAmountMinimum": 3,
      "sharedParametersToFieldsAmountMinimum": 3,
      "methodsOfClassesOrInterfacesWithUnknownHierarchyProbabilityModifier": 0
    }
  },
  "data_clumps": {
    "fields_to_fields_data_clump-./Client-_pub_UDBWEDK1BaHdTTb3eg-_B2HxADBXEDK1BaHdTTb3eg-NameAddressPhoneNumber": {
      "type": "data_clump",
      "key": "fields_to_fields_data_clump-./Client-_pub_UDBWEDK1BaHdTTb3eg-_B2HxADBXEDK1BaHdTTb3eg-NameAddressPhoneNumber",
      "probability": 1,
      "from_file_path": "./Client",
      "from_class_or_interface_name": "Client",
      "from_class_or_interface_key": "_pub_UDBWEDK1BaHdTTb3eg",
      "from_method_name": null,
      "from_method_key": null,
      "to_file_path": "./Employees",
      "to_class_or_interface_key": "_B2HxADBXEDK1BaHdTTb3eg",
      "to_class_or_interface_name": "Client",
      "to_method_key": null,
      "to_method_name": null,
      "data_clump_type": "fields_to_fields_data_clump",
      "data_clump_data": {
        "_shZ2MDBWEDK1BaHdTTb3eg": {
          "key": "_shZ2MDBWEDK1BaHdTTb3eg",
          "name": "Name",
          "type": null,
          "probability": 1,
          "modifiers": [],
          "to_variable": {
            "key": "_FEWnkDBXEDK1BaHdTTb3eg",
            "name": "Name",
            "type": null,
            "modifiers": [],
            "position": {}
          },
          "position": {}
        },
        "_zdgssDBWEDK1BaHdTTb3eg": {
          "key": "_zdgssDBWEDK1BaHdTTb3eg",
          "name": "Address",
          "type": null,
          "probability": 1,
          "modifiers": [],
          "to_variable": {
            "key": "_ITVFADBXEDK1BaHdTTb3eg",
            "name": "Address",
            "type": null,
            "modifiers": [],
            "position": {}
          },
          "position": {}
        },
        "_2bEqADBWEDK1BaHdTTb3eg": {
          "key": "_2bEqADBWEDK1BaHdTTb3eg",
          "name": "PhoneNumber",
          "type": null,
          "probability": 1,
          "modifiers": [],
          "to_variable": {
            "key": "_MF7z8DBXEDK1BaHdTTb3eg",
            "name": "PhoneNumber",
            "type": null,
            "modifiers": [],
            "position": {}
          },
          "position": {}
        }
      }
    },
    "fields_to_fields_data_clump-./Client-_pub_UDBWEDK1BaHdTTb3eg-_6xgbkDBSEDKqrcBDIaV5Sg-NameAddressPhoneNumber": {
      "type": "data_clump",
      "key": "fields_to_fields_data_clump-./Client-_pub_UDBWEDK1BaHdTTb3eg-_6xgbkDBSEDKqrcBDIaV5Sg-NameAddressPhoneNumber",
      "probability": 1,
      "from_file_path": "./Client",
      "from_class_or_interface_name": "Client",
      "from_class_or_interface_key": "_pub_UDBWEDK1BaHdTTb3eg",
      "from_method_name": null,
      "from_method_key": null,
      "to_file_path": "./Owner",
      "to_class_or_interface_key": "_6xgbkDBSEDKqrcBDIaV5Sg",
      "to_class_or_interface_name": "Client",
      "to_method_key": null,
      "to_method_name": null,
      "data_clump_type": "fields_to_fields_data_clump",
      "data_clump_data": {
        "_shZ2MDBWEDK1BaHdTTb3eg": {
          "key": "_shZ2MDBWEDK1BaHdTTb3eg",
          "name": "Name",
          "type": null,
          "probability": 1,
          "modifiers": [],
          "to_variable": {
            "key": "_EOawADBVEDKfsJ_h9CaI3w",
            "name": "Name",
            "type": null,
            "modifiers": [],
            "position": {}
          },
          "position": {}
        },
        "_zdgssDBWEDK1BaHdTTb3eg": {
          "key": "_zdgssDBWEDK1BaHdTTb3eg",
          "name": "Address",
          "type": null,
          "probability": 1,
          "modifiers": [],
          "to_variable": {
            "key": "_NAuTIDBVEDKfsJ_h9CaI3w",
            "name": "Address",
            "type": null,
            "modifiers": [],
            "position": {}
          },
          "position": {}
        },
        "_2bEqADBWEDK1BaHdTTb3eg": {
          "key": "_2bEqADBWEDK1BaHdTTb3eg",
          "name": "PhoneNumber",
          "type": null,
          "probability": 1,
          "modifiers": [],
          "to_variable": {
            "key": "_Y799IDBVEDKjaPvv9Eb_EQ",
            "name": "PhoneNumber",
            "type": null,
            "modifiers": [],
            "position": {}
          },
          "position": {}
        }
      }
    },
    "fields_to_fields_data_clump-./Employees-_B2HxADBXEDK1BaHdTTb3eg-_pub_UDBWEDK1BaHdTTb3eg-NameAddressPhoneNumber": {
      "type": "data_clump",
      "key": "fields_to_fields_data_clump-./Employees-_B2HxADBXEDK1BaHdTTb3eg-_pub_UDBWEDK1BaHdTTb3eg-NameAddressPhoneNumber",
      "probability": 1,
      "from_file_path": "./Employees",
      "from_class_or_interface_name": "Employees",
      "from_class_or_interface_key": "_B2HxADBXEDK1BaHdTTb3eg",
      "from_method_name": null,
      "from_method_key": null,
      "to_file_path": "./Client",
      "to_class_or_interface_key": "_pub_UDBWEDK1BaHdTTb3eg",
      "to_class_or_interface_name": "Employees",
      "to_method_key": null,
      "to_method_name": null,
      "data_clump_type": "fields_to_fields_data_clump",
      "data_clump_data": {
        "_FEWnkDBXEDK1BaHdTTb3eg": {
          "key": "_FEWnkDBXEDK1BaHdTTb3eg",
          "name": "Name",
          "type": null,
          "probability": 1,
          "modifiers": [],
          "to_variable": {
            "key": "_shZ2MDBWEDK1BaHdTTb3eg",
            "name": "Name",
            "type": null,
            "modifiers": [],
            "position": {}
          },
          "position": {}
        },
        "_ITVFADBXEDK1BaHdTTb3eg": {
          "key": "_ITVFADBXEDK1BaHdTTb3eg",
          "name": "Address",
          "type": null,
          "probability": 1,
          "modifiers": [],
          "to_variable": {
            "key": "_zdgssDBWEDK1BaHdTTb3eg",
            "name": "Address",
            "type": null,
            "modifiers": [],
            "position": {}
          },
          "position": {}
        },
        "_MF7z8DBXEDK1BaHdTTb3eg": {
          "key": "_MF7z8DBXEDK1BaHdTTb3eg",
          "name": "PhoneNumber",
          "type": null,
          "probability": 1,
          "modifiers": [],
          "to_variable": {
            "key": "_2bEqADBWEDK1BaHdTTb3eg",
            "name": "PhoneNumber",
            "type": null,
            "modifiers": [],
            "position": {}
          },
          "position": {}
        }
      }
    },
    "fields_to_fields_data_clump-./Employees-_B2HxADBXEDK1BaHdTTb3eg-_6xgbkDBSEDKqrcBDIaV5Sg-NameAddressPhoneNumber": {
      "type": "data_clump",
      "key": "fields_to_fields_data_clump-./Employees-_B2HxADBXEDK1BaHdTTb3eg-_6xgbkDBSEDKqrcBDIaV5Sg-NameAddressPhoneNumber",
      "probability": 1,
      "from_file_path": "./Employees",
      "from_class_or_interface_name": "Employees",
      "from_class_or_interface_key": "_B2HxADBXEDK1BaHdTTb3eg",
      "from_method_name": null,
      "from_method_key": null,
      "to_file_path": "./Owner",
      "to_class_or_interface_key": "_6xgbkDBSEDKqrcBDIaV5Sg",
      "to_class_or_interface_name": "Employees",
      "to_method_key": null,
      "to_method_name": null,
      "data_clump_type": "fields_to_fields_data_clump",
      "data_clump_data": {
        "_FEWnkDBXEDK1BaHdTTb3eg": {
          "key": "_FEWnkDBXEDK1BaHdTTb3eg",
          "name": "Name",
          "type": null,
          "probability": 1,
          "modifiers": [],
          "to_variable": {
            "key": "_EOawADBVEDKfsJ_h9CaI3w",
            "name": "Name",
            "type": null,
            "modifiers": [],
            "position": {}
          },
          "position": {}
        },
        "_ITVFADBXEDK1BaHdTTb3eg": {
          "key": "_ITVFADBXEDK1BaHdTTb3eg",
          "name": "Address",
          "type": null,
          "probability": 1,
          "modifiers": [],
          "to_variable": {
            "key": "_NAuTIDBVEDKfsJ_h9CaI3w",
            "name": "Address",
            "type": null,
            "modifiers": [],
            "position": {}
          },
          "position": {}
        },
        "_MF7z8DBXEDK1BaHdTTb3eg": {
          "key": "_MF7z8DBXEDK1BaHdTTb3eg",
          "name": "PhoneNumber",
          "type": null,
          "probability": 1,
          "modifiers": [],
          "to_variable": {
            "key": "_Y799IDBVEDKjaPvv9Eb_EQ",
            "name": "PhoneNumber",
            "type": null,
            "modifiers": [],
            "position": {}
          },
          "position": {}
        }
      }
    },
    "fields_to_fields_data_clump-./Owner-_6xgbkDBSEDKqrcBDIaV5Sg-_pub_UDBWEDK1BaHdTTb3eg-NameAddressPhoneNumber": {
      "type": "data_clump",
      "key": "fields_to_fields_data_clump-./Owner-_6xgbkDBSEDKqrcBDIaV5Sg-_pub_UDBWEDK1BaHdTTb3eg-NameAddressPhoneNumber",
      "probability": 1,
      "from_file_path": "./Owner",
      "from_class_or_interface_name": "Owner",
      "from_class_or_interface_key": "_6xgbkDBSEDKqrcBDIaV5Sg",
      "from_method_name": null,
      "from_method_key": null,
      "to_file_path": "./Client",
      "to_class_or_interface_key": "_pub_UDBWEDK1BaHdTTb3eg",
      "to_class_or_interface_name": "Owner",
      "to_method_key": null,
      "to_method_name": null,
      "data_clump_type": "fields_to_fields_data_clump",
      "data_clump_data": {
        "_EOawADBVEDKfsJ_h9CaI3w": {
          "key": "_EOawADBVEDKfsJ_h9CaI3w",
          "name": "Name",
          "type": null,
          "probability": 1,
          "modifiers": [],
          "to_variable": {
            "key": "_shZ2MDBWEDK1BaHdTTb3eg",
            "name": "Name",
            "type": null,
            "modifiers": [],
            "position": {}
          },
          "position": {}
        },
        "_NAuTIDBVEDKfsJ_h9CaI3w": {
          "key": "_NAuTIDBVEDKfsJ_h9CaI3w",
          "name": "Address",
          "type": null,
          "probability": 1,
          "modifiers": [],
          "to_variable": {
            "key": "_zdgssDBWEDK1BaHdTTb3eg",
            "name": "Address",
            "type": null,
            "modifiers": [],
            "position": {}
          },
          "position": {}
        },
        "_Y799IDBVEDKjaPvv9Eb_EQ": {
          "key": "_Y799IDBVEDKjaPvv9Eb_EQ",
          "name": "PhoneNumber",
          "type": null,
          "probability": 1,
          "modifiers": [],
          "to_variable": {
            "key": "_2bEqADBWEDK1BaHdTTb3eg",
            "name": "PhoneNumber",
            "type": null,
            "modifiers": [],
            "position": {}
          },
          "position": {}
        }
      }
    },
    "fields_to_fields_data_clump-./Owner-_6xgbkDBSEDKqrcBDIaV5Sg-_B2HxADBXEDK1BaHdTTb3eg-NameAddressPhoneNumber": {
      "type": "data_clump",
      "key": "fields_to_fields_data_clump-./Owner-_6xgbkDBSEDKqrcBDIaV5Sg-_B2HxADBXEDK1BaHdTTb3eg-NameAddressPhoneNumber",
      "probability": 1,
      "from_file_path": "./Owner",
      "from_class_or_interface_name": "Owner",
      "from_class_or_interface_key": "_6xgbkDBSEDKqrcBDIaV5Sg",
      "from_method_name": null,
      "from_method_key": null,
      "to_file_path": "./Employees",
      "to_class_or_interface_key": "_B2HxADBXEDK1BaHdTTb3eg",
      "to_class_or_interface_name": "Owner",
      "to_method_key": null,
      "to_method_name": null,
      "data_clump_type": "fields_to_fields_data_clump",
      "data_clump_data": {
        "_EOawADBVEDKfsJ_h9CaI3w": {
          "key": "_EOawADBVEDKfsJ_h9CaI3w",
          "name": "Name",
          "type": null,
          "probability": 1,
          "modifiers": [],
          "to_variable": {
            "key": "_FEWnkDBXEDK1BaHdTTb3eg",
            "name": "Name",
            "type": null,
            "modifiers": [],
            "position": {}
          },
          "position": {}
        },
        "_NAuTIDBVEDKfsJ_h9CaI3w": {
          "key": "_NAuTIDBVEDKfsJ_h9CaI3w",
          "name": "Address",
          "type": null,
          "probability": 1,
          "modifiers": [],
          "to_variable": {
            "key": "_ITVFADBXEDK1BaHdTTb3eg",
            "name": "Address",
            "type": null,
            "modifiers": [],
            "position": {}
          },
          "position": {}
        },
        "_Y799IDBVEDKjaPvv9Eb_EQ": {
          "key": "_Y799IDBVEDKjaPvv9Eb_EQ",
          "name": "PhoneNumber",
          "type": null,
          "probability": 1,
          "modifiers": [],
          "to_variable": {
            "key": "_MF7z8DBXEDK1BaHdTTb3eg",
            "name": "PhoneNumber",
            "type": null,
            "modifiers": [],
            "position": {}
          },
          "position": {}
        }
      }
    }
  }
}