{
  "report_version": "unknown",
  "report_timestamp": "2025-03-26T21:54:17.343Z",
  "target_language": "java",
  "report_summary": {
    "additional": null,
    "amount_classes_or_interfaces_with_data_clumps": 4,
    "amount_files_with_data_clumps": 5,
    "amount_methods_with_data_clumps": 6,
    "fields_to_fields_data_clump": 0,
    "parameters_to_fields_data_clump": 6,
    "parameters_to_parameters_data_clump": 4,
    "amount_data_clumps": 10
  },
  "project_info": {
    "project_url": "unknown_project_url",
    "project_name": "_CvOs4C8hEeuxZMUIY-ihGw",
    "project_version": "unknown_project_version",
    "project_commit_hash": "unknown",
    "project_tag": null,
    "project_commit_date": null,
    "additional": {},
    "number_of_files": 7,
    "number_of_classes_or_interfaces": 7,
    "number_of_methods": 29,
    "number_of_data_fields": 30,
    "number_of_method_parameters": 46
  },
  "detector": {
    "name": "data-clumps-doctor",
    "url": "https://github.com/NilsBaumgartner1994/data-clumps-doctor",
    "version": "0.1.100",
    "options": {
      "typeVariablesConsidered": false,
      "similarityModifierOfVariablesWithUnknownType": 0,
      "fieldsOfClassesWithUnknownHierarchyProbabilityModifier": 0,
      "sharedFieldsToFieldsAmountMinimum": 3,
      "analyseFieldsInClassesOrInterfacesInheritedFromSuperClassesOrInterfaces": false,
      "sharedParametersToParametersAmountMinimum": 3,
      "sharedParametersToFieldsAmountMinimum": 3,
      "methodsOfClassesOrInterfacesWithUnknownHierarchyProbabilityModifier": 0
    }
  },
  "data_clumps": {
    "parameters_to_fields_data_clump-./Database-_SsvN4BR_EDmBvZbKrfwxmA-_N6MzUBR8EDmBvZbKrfwxmA-imageIDessaiIDx,y,NnumN/essai": {
      "type": "data_clump",
      "key": "parameters_to_fields_data_clump-./Database-_SsvN4BR_EDmBvZbKrfwxmA-_N6MzUBR8EDmBvZbKrfwxmA-imageIDessaiIDx,y,NnumN/essai",
      "probability": 1,
      "from_file_path": "./Database",
      "from_class_or_interface_name": "Database",
      "from_class_or_interface_key": "_0rRzYBPkEDmr36hVH1jkFg",
      "from_method_name": "ExportToTableur",
      "from_method_key": "_SsvN4BR_EDmBvZbKrfwxmA",
      "to_file_path": "./CalculStats",
      "to_class_or_interface_name": "CalculStats",
      "to_class_or_interface_key": "_N6MzUBR8EDmBvZbKrfwxmA",
      "to_method_name": null,
      "to_method_key": null,
      "data_clump_type": "parameters_to_fields_data_clump",
      "data_clump_data": {
        "_KjdkMBSAEDmBvZbKrfwxmA": {
          "key": "_KjdkMBSAEDmBvZbKrfwxmA",
          "name": "imageID",
          "type": null,
          "probability": 1,
          "modifiers": [],
          "to_variable": {
            "key": "_qI194RR9EDmBvZbKrfwxmA",
            "name": "imageID",
            "type": null,
            "modifiers": [],
            "position": {}
          },
          "position": {}
        },
        "_MTjo0BSAEDmBvZbKrfwxmA": {
          "key": "_MTjo0BSAEDmBvZbKrfwxmA",
          "name": "essaiID",
          "type": null,
          "probability": 1,
          "modifiers": [],
          "to_variable": {
            "key": "_sGgkcRR9EDmBvZbKrfwxmA",
            "name": "essaiID",
            "type": null,
            "modifiers": [],
            "position": {}
          },
          "position": {}
        },
        "_O7IIABSAEDmBvZbKrfwxmA": {
          "key": "_O7IIABSAEDmBvZbKrfwxmA",
          "name": "x,y,N",
          "type": null,
          "probability": 1,
          "modifiers": [],
          "to_variable": {
            "key": "_QAvzoBR9EDmBvZbKrfwxmA",
            "name": "x,y,N",
            "type": null,
            "modifiers": [],
            "position": {}
          },
          "position": {}
        },
        "_Sy1ZYBSAEDmBvZbKrfwxmA": {
          "key": "_Sy1ZYBSAEDmBvZbKrfwxmA",
          "name": "numN/essai",
          "type": null,
          "probability": 1,
          "modifiers": [],
          "to_variable": {
            "key": "_h2BMERR9EDmBvZbKrfwxmA",
            "name": "numN/essai",
            "type": null,
            "modifiers": [],
            "position": {}
          },
          "position": {}
        }
      }
    },
    "parameters_to_fields_data_clump-./Database-_SsvN4BR_EDmBvZbKrfwxmA-_YVLCsBLiEDmICZtZapjYtA-imageIDx,y,NusedAlgo": {
      "type": "data_clump",
      "key": "parameters_to_fields_data_clump-./Database-_SsvN4BR_EDmBvZbKrfwxmA-_YVLCsBLiEDmICZtZapjYtA-imageIDx,y,NusedAlgo",
      "probability": 1,
      "from_file_path": "./Database",
      "from_class_or_interface_name": "Database",
      "from_class_or_interface_key": "_0rRzYBPkEDmr36hVH1jkFg",
      "from_method_name": "ExportToTableur",
      "from_method_key": "_SsvN4BR_EDmBvZbKrfwxmA",
      "to_file_path": "./Image",
      "to_class_or_interface_name": "Image",
      "to_class_or_interface_key": "_YVLCsBLiEDmICZtZapjYtA",
      "to_method_name": null,
      "to_method_key": null,
      "data_clump_type": "parameters_to_fields_data_clump",
      "data_clump_data": {
        "_KjdkMBSAEDmBvZbKrfwxmA": {
          "key": "_KjdkMBSAEDmBvZbKrfwxmA",
          "name": "imageID",
          "type": null,
          "probability": 1,
          "modifiers": [],
          "to_variable": {
            "key": "_gPqNARLiEDmICZtZapjYtA",
            "name": "imageID",
            "type": null,
            "modifiers": [],
            "position": {}
          },
          "position": {}
        },
        "_O7IIABSAEDmBvZbKrfwxmA": {
          "key": "_O7IIABSAEDmBvZbKrfwxmA",
          "name": "x,y,N",
          "type": null,
          "probability": 1,
          "modifiers": [],
          "to_variable": {
            "key": "_q41uABLpEDmICZtZapjYtA",
            "name": "x,y,N",
            "type": null,
            "modifiers": [],
            "position": {}
          },
          "position": {}
        },
        "__wkz8BSAEDmBvZbKrfwxmA": {
          "key": "__wkz8BSAEDmBvZbKrfwxmA",
          "name": "usedAlgo",
          "type": null,
          "probability": 1,
          "modifiers": [],
          "to_variable": {
            "key": "_WMKbARPjEDmr36hVH1jkFg",
            "name": "usedAlgo",
            "type": null,
            "modifiers": [],
            "position": {}
          },
          "position": {}
        }
      }
    },
    "parameters_to_parameters_data_clump-./Essai-_dhH4QBLkEDmICZtZapjYtA-_sPbxsRLiEDmICZtZapjYtA-datedescriptionUser.isAdmin": {
      "type": "data_clump",
      "key": "parameters_to_parameters_data_clump-./Essai-_dhH4QBLkEDmICZtZapjYtA-_sPbxsRLiEDmICZtZapjYtA-datedescriptionUser.isAdmin",
      "probability": 1,
      "from_file_path": "./Essai",
      "from_class_or_interface_name": "Essai",
      "from_class_or_interface_key": "_LACYIBLjEDmICZtZapjYtA",
      "from_method_name": "ModifyEssai",
      "from_method_key": "_dhH4QBLkEDmICZtZapjYtA",
      "to_file_path": "./Image",
      "to_class_or_interface_name": "Image",
      "to_class_or_interface_key": "_YVLCsBLiEDmICZtZapjYtA",
      "to_method_name": "ModifyImage",
      "to_method_key": "_sPbxsRLiEDmICZtZapjYtA",
      "data_clump_type": "parameters_to_parameters_data_clump",
      "data_clump_data": {
        "_3opawBLkEDmICZtZapjYtA": {
          "key": "_3opawBLkEDmICZtZapjYtA",
          "name": "date",
          "type": null,
          "probability": 1,
          "modifiers": [],
          "to_variable": {
            "key": "_1TvDwBLiEDmICZtZapjYtA",
            "name": "date",
            "type": null,
            "modifiers": [],
            "position": {}
          },
          "position": {}
        },
        "_5Ifc4BLkEDmICZtZapjYtA": {
          "key": "_5Ifc4BLkEDmICZtZapjYtA",
          "name": "description",
          "type": null,
          "probability": 1,
          "modifiers": [],
          "to_variable": {
            "key": "_401zABLiEDmICZtZapjYtA",
            "name": "description",
            "type": null,
            "modifiers": [],
            "position": {}
          },
          "position": {}
        },
        "_DQvdYBPkEDmr36hVH1jkFg": {
          "key": "_DQvdYBPkEDmr36hVH1jkFg",
          "name": "User.isAdmin",
          "type": null,
          "probability": 1,
          "modifiers": [],
          "to_variable": {
            "key": "_DJsfQBLpEDmICZtZapjYtA",
            "name": "User.isAdmin",
            "type": null,
            "modifiers": [],
            "position": {}
          },
          "position": {}
        }
      }
    },
    "parameters_to_fields_data_clump-./Essai-_dhH4QBLkEDmICZtZapjYtA-_LACYIBLjEDmICZtZapjYtA-essaiIDdatedescription": {
      "type": "data_clump",
      "key": "parameters_to_fields_data_clump-./Essai-_dhH4QBLkEDmICZtZapjYtA-_LACYIBLjEDmICZtZapjYtA-essaiIDdatedescription",
      "probability": 1,
      "from_file_path": "./Essai",
      "from_class_or_interface_name": "Essai",
      "from_class_or_interface_key": "_LACYIBLjEDmICZtZapjYtA",
      "from_method_name": "ModifyEssai",
      "from_method_key": "_dhH4QBLkEDmICZtZapjYtA",
      "to_file_path": "./Essai",
      "to_class_or_interface_name": "Essai",
      "to_class_or_interface_key": "_LACYIBLjEDmICZtZapjYtA",
      "to_method_name": null,
      "to_method_key": null,
      "data_clump_type": "parameters_to_fields_data_clump",
      "data_clump_data": {
        "_1wsaoBLkEDmICZtZapjYtA": {
          "key": "_1wsaoBLkEDmICZtZapjYtA",
          "name": "essaiID",
          "type": null,
          "probability": 1,
          "modifiers": [],
          "to_variable": {
            "key": "_MAH8IRLjEDmICZtZapjYtA",
            "name": "essaiID",
            "type": null,
            "modifiers": [],
            "position": {}
          },
          "position": {}
        },
        "_3opawBLkEDmICZtZapjYtA": {
          "key": "_3opawBLkEDmICZtZapjYtA",
          "name": "date",
          "type": null,
          "probability": 1,
          "modifiers": [],
          "to_variable": {
            "key": "_VCAMUBLjEDmICZtZapjYtA",
            "name": "date",
            "type": null,
            "modifiers": [],
            "position": {}
          },
          "position": {}
        },
        "_5Ifc4BLkEDmICZtZapjYtA": {
          "key": "_5Ifc4BLkEDmICZtZapjYtA",
          "name": "description",
          "type": null,
          "probability": 1,
          "modifiers": [],
          "to_variable": {
            "key": "_ppGzMRLjEDmICZtZapjYtA",
            "name": "description",
            "type": null,
            "modifiers": [],
            "position": {}
          },
          "position": {}
        }
      }
    },
    "parameters_to_fields_data_clump-./Essai-_NYImABLlEDmICZtZapjYtA-_LACYIBLjEDmICZtZapjYtA-datedescriptionimagesContenues": {
      "type": "data_clump",
      "key": "parameters_to_fields_data_clump-./Essai-_NYImABLlEDmICZtZapjYtA-_LACYIBLjEDmICZtZapjYtA-datedescriptionimagesContenues",
      "probability": 1,
      "from_file_path": "./Essai",
      "from_class_or_interface_name": "Essai",
      "from_class_or_interface_key": "_LACYIBLjEDmICZtZapjYtA",
      "from_method_name": "CreateEssai",
      "from_method_key": "_NYImABLlEDmICZtZapjYtA",
      "to_file_path": "./Essai",
      "to_class_or_interface_name": "Essai",
      "to_class_or_interface_key": "_LACYIBLjEDmICZtZapjYtA",
      "to_method_name": null,
      "to_method_key": null,
      "data_clump_type": "parameters_to_fields_data_clump",
      "data_clump_data": {
        "_QRmtgBLlEDmICZtZapjYtA": {
          "key": "_QRmtgBLlEDmICZtZapjYtA",
          "name": "date",
          "type": null,
          "probability": 1,
          "modifiers": [],
          "to_variable": {
            "key": "_VCAMUBLjEDmICZtZapjYtA",
            "name": "date",
            "type": null,
            "modifiers": [],
            "position": {}
          },
          "position": {}
        },
        "_SZiqYBLlEDmICZtZapjYtA": {
          "key": "_SZiqYBLlEDmICZtZapjYtA",
          "name": "description",
          "type": null,
          "probability": 1,
          "modifiers": [],
          "to_variable": {
            "key": "_ppGzMRLjEDmICZtZapjYtA",
            "name": "description",
            "type": null,
            "modifiers": [],
            "position": {}
          },
          "position": {}
        },
        "_T9Qf4BLlEDmICZtZapjYtA": {
          "key": "_T9Qf4BLlEDmICZtZapjYtA",
          "name": "imagesContenues",
          "type": null,
          "probability": 1,
          "modifiers": [],
          "to_variable": {
            "key": "_WYbMsBLjEDmICZtZapjYtA",
            "name": "imagesContenues",
            "type": null,
            "modifiers": [],
            "position": {}
          },
          "position": {}
        }
      }
    },
    "parameters_to_parameters_data_clump-./Image-_sPbxsRLiEDmICZtZapjYtA-_dhH4QBLkEDmICZtZapjYtA-datedescriptionUser.isAdmin": {
      "type": "data_clump",
      "key": "parameters_to_parameters_data_clump-./Image-_sPbxsRLiEDmICZtZapjYtA-_dhH4QBLkEDmICZtZapjYtA-datedescriptionUser.isAdmin",
      "probability": 1,
      "from_file_path": "./Image",
      "from_class_or_interface_name": "Image",
      "from_class_or_interface_key": "_YVLCsBLiEDmICZtZapjYtA",
      "from_method_name": "ModifyImage",
      "from_method_key": "_sPbxsRLiEDmICZtZapjYtA",
      "to_file_path": "./Essai",
      "to_class_or_interface_name": "Essai",
      "to_class_or_interface_key": "_LACYIBLjEDmICZtZapjYtA",
      "to_method_name": "ModifyEssai",
      "to_method_key": "_dhH4QBLkEDmICZtZapjYtA",
      "data_clump_type": "parameters_to_parameters_data_clump",
      "data_clump_data": {
        "_1TvDwBLiEDmICZtZapjYtA": {
          "key": "_1TvDwBLiEDmICZtZapjYtA",
          "name": "date",
          "type": null,
          "probability": 1,
          "modifiers": [],
          "to_variable": {
            "key": "_3opawBLkEDmICZtZapjYtA",
            "name": "date",
            "type": null,
            "modifiers": [],
            "position": {}
          },
          "position": {}
        },
        "_401zABLiEDmICZtZapjYtA": {
          "key": "_401zABLiEDmICZtZapjYtA",
          "name": "description",
          "type": null,
          "probability": 1,
          "modifiers": [],
          "to_variable": {
            "key": "_5Ifc4BLkEDmICZtZapjYtA",
            "name": "description",
            "type": null,
            "modifiers": [],
            "position": {}
          },
          "position": {}
        },
        "_DJsfQBLpEDmICZtZapjYtA": {
          "key": "_DJsfQBLpEDmICZtZapjYtA",
          "name": "User.isAdmin",
          "type": null,
          "probability": 1,
          "modifiers": [],
          "to_variable": {
            "key": "_DQvdYBPkEDmr36hVH1jkFg",
            "name": "User.isAdmin",
            "type": null,
            "modifiers": [],
            "position": {}
          },
          "position": {}
        }
      }
    },
    "parameters_to_fields_data_clump-./Image-_sPbxsRLiEDmICZtZapjYtA-_YVLCsBLiEDmICZtZapjYtA-imageIDdateheuredescription": {
      "type": "data_clump",
      "key": "parameters_to_fields_data_clump-./Image-_sPbxsRLiEDmICZtZapjYtA-_YVLCsBLiEDmICZtZapjYtA-imageIDdateheuredescription",
      "probability": 1,
      "from_file_path": "./Image",
      "from_class_or_interface_name": "Image",
      "from_class_or_interface_key": "_YVLCsBLiEDmICZtZapjYtA",
      "from_method_name": "ModifyImage",
      "from_method_key": "_sPbxsRLiEDmICZtZapjYtA",
      "to_file_path": "./Image",
      "to_class_or_interface_name": "Image",
      "to_class_or_interface_key": "_YVLCsBLiEDmICZtZapjYtA",
      "to_method_name": null,
      "to_method_key": null,
      "data_clump_type": "parameters_to_fields_data_clump",
      "data_clump_data": {
        "_wvD-sBLiEDmICZtZapjYtA": {
          "key": "_wvD-sBLiEDmICZtZapjYtA",
          "name": "imageID",
          "type": null,
          "probability": 1,
          "modifiers": [],
          "to_variable": {
            "key": "_gPqNARLiEDmICZtZapjYtA",
            "name": "imageID",
            "type": null,
            "modifiers": [],
            "position": {}
          },
          "position": {}
        },
        "_1TvDwBLiEDmICZtZapjYtA": {
          "key": "_1TvDwBLiEDmICZtZapjYtA",
          "name": "date",
          "type": null,
          "probability": 1,
          "modifiers": [],
          "to_variable": {
            "key": "_ZGwQoRLiEDmICZtZapjYtA",
            "name": "date",
            "type": null,
            "modifiers": [],
            "position": {}
          },
          "position": {}
        },
        "_3S4RABLiEDmICZtZapjYtA": {
          "key": "_3S4RABLiEDmICZtZapjYtA",
          "name": "heure",
          "type": null,
          "probability": 1,
          "modifiers": [],
          "to_variable": {
            "key": "_cfo4ABLiEDmICZtZapjYtA",
            "name": "heure",
            "type": null,
            "modifiers": [],
            "position": {}
          },
          "position": {}
        },
        "_401zABLiEDmICZtZapjYtA": {
          "key": "_401zABLiEDmICZtZapjYtA",
          "name": "description",
          "type": null,
          "probability": 1,
          "modifiers": [],
          "to_variable": {
            "key": "_eMe0URLiEDmICZtZapjYtA",
            "name": "description",
            "type": null,
            "modifiers": [],
            "position": {}
          },
          "position": {}
        }
      }
    },
    "parameters_to_parameters_data_clump-./User-_UqiLsBLcEDmICZtZapjYtA-_X_eHMRLcEDmICZtZapjYtA-loginpasswordisAdmin": {
      "type": "data_clump",
      "key": "parameters_to_parameters_data_clump-./User-_UqiLsBLcEDmICZtZapjYtA-_X_eHMRLcEDmICZtZapjYtA-loginpasswordisAdmin",
      "probability": 1,
      "from_file_path": "./User",
      "from_class_or_interface_name": "User",
      "from_class_or_interface_key": "_Bp9dwBLcEDmICZtZapjYtA",
      "from_method_name": "CreateUser",
      "from_method_key": "_UqiLsBLcEDmICZtZapjYtA",
      "to_file_path": "./User",
      "to_class_or_interface_name": "User",
      "to_class_or_interface_key": "_Bp9dwBLcEDmICZtZapjYtA",
      "to_method_name": "ModifyUser",
      "to_method_key": "_X_eHMRLcEDmICZtZapjYtA",
      "data_clump_type": "parameters_to_parameters_data_clump",
      "data_clump_data": {
        "_CEi5QBLiEDmICZtZapjYtA": {
          "key": "_CEi5QBLiEDmICZtZapjYtA",
          "name": "login",
          "type": null,
          "probability": 1,
          "modifiers": [],
          "to_variable": {
            "key": "_UypsQBLkEDmICZtZapjYtA",
            "name": "login",
            "type": null,
            "modifiers": [],
            "position": {}
          },
          "position": {}
        },
        "_EyTgABLiEDmICZtZapjYtA": {
          "key": "_EyTgABLiEDmICZtZapjYtA",
          "name": "password",
          "type": null,
          "probability": 1,
          "modifiers": [],
          "to_variable": {
            "key": "_XXTaUBLkEDmICZtZapjYtA",
            "name": "password",
            "type": null,
            "modifiers": [],
            "position": {}
          },
          "position": {}
        },
        "_GhgMwBLiEDmICZtZapjYtA": {
          "key": "_GhgMwBLiEDmICZtZapjYtA",
          "name": "isAdmin",
          "type": null,
          "probability": 1,
          "modifiers": [],
          "to_variable": {
            "key": "_YsFb8BLkEDmICZtZapjYtA",
            "name": "isAdmin",
            "type": null,
            "modifiers": [],
            "position": {}
          },
          "position": {}
        }
      }
    },
    "parameters_to_parameters_data_clump-./User-_X_eHMRLcEDmICZtZapjYtA-_UqiLsBLcEDmICZtZapjYtA-loginpasswordisAdmin": {
      "type": "data_clump",
      "key": "parameters_to_parameters_data_clump-./User-_X_eHMRLcEDmICZtZapjYtA-_UqiLsBLcEDmICZtZapjYtA-loginpasswordisAdmin",
      "probability": 1,
      "from_file_path": "./User",
      "from_class_or_interface_name": "User",
      "from_class_or_interface_key": "_Bp9dwBLcEDmICZtZapjYtA",
      "from_method_name": "ModifyUser",
      "from_method_key": "_X_eHMRLcEDmICZtZapjYtA",
      "to_file_path": "./User",
      "to_class_or_interface_name": "User",
      "to_class_or_interface_key": "_Bp9dwBLcEDmICZtZapjYtA",
      "to_method_name": "CreateUser",
      "to_method_key": "_UqiLsBLcEDmICZtZapjYtA",
      "data_clump_type": "parameters_to_parameters_data_clump",
      "data_clump_data": {
        "_UypsQBLkEDmICZtZapjYtA": {
          "key": "_UypsQBLkEDmICZtZapjYtA",
          "name": "login",
          "type": null,
          "probability": 1,
          "modifiers": [],
          "to_variable": {
            "key": "_CEi5QBLiEDmICZtZapjYtA",
            "name": "login",
            "type": null,
            "modifiers": [],
            "position": {}
          },
          "position": {}
        },
        "_XXTaUBLkEDmICZtZapjYtA": {
          "key": "_XXTaUBLkEDmICZtZapjYtA",
          "name": "password",
          "type": null,
          "probability": 1,
          "modifiers": [],
          "to_variable": {
            "key": "_EyTgABLiEDmICZtZapjYtA",
            "name": "password",
            "type": null,
            "modifiers": [],
            "position": {}
          },
          "position": {}
        },
        "_YsFb8BLkEDmICZtZapjYtA": {
          "key": "_YsFb8BLkEDmICZtZapjYtA",
          "name": "isAdmin",
          "type": null,
          "probability": 1,
          "modifiers": [],
          "to_variable": {
            "key": "_GhgMwBLiEDmICZtZapjYtA",
            "name": "isAdmin",
            "type": null,
            "modifiers": [],
            "position": {}
          },
          "position": {}
        }
      }
    },
    "parameters_to_fields_data_clump-./User-_X_eHMRLcEDmICZtZapjYtA-_Bp9dwBLcEDmICZtZapjYtA-userIDloginpassword": {
      "type": "data_clump",
      "key": "parameters_to_fields_data_clump-./User-_X_eHMRLcEDmICZtZapjYtA-_Bp9dwBLcEDmICZtZapjYtA-userIDloginpassword",
      "probability": 1,
      "from_file_path": "./User",
      "from_class_or_interface_name": "User",
      "from_class_or_interface_key": "_Bp9dwBLcEDmICZtZapjYtA",
      "from_method_name": "ModifyUser",
      "from_method_key": "_X_eHMRLcEDmICZtZapjYtA",
      "to_file_path": "./User",
      "to_class_or_interface_name": "User",
      "to_class_or_interface_key": "_Bp9dwBLcEDmICZtZapjYtA",
      "to_method_name": null,
      "to_method_key": null,
      "data_clump_type": "parameters_to_fields_data_clump",
      "data_clump_data": {
        "_JWeZUBLjEDmICZtZapjYtA": {
          "key": "_JWeZUBLjEDmICZtZapjYtA",
          "name": "userID",
          "type": null,
          "probability": 1,
          "modifiers": [],
          "to_variable": {
            "key": "_9kaV8BLhEDmICZtZapjYtA",
            "name": "userID",
            "type": null,
            "modifiers": [],
            "position": {}
          },
          "position": {}
        },
        "_UypsQBLkEDmICZtZapjYtA": {
          "key": "_UypsQBLkEDmICZtZapjYtA",
          "name": "login",
          "type": null,
          "probability": 1,
          "modifiers": [],
          "to_variable": {
            "key": "_DFCUoRLcEDmICZtZapjYtA",
            "name": "login",
            "type": null,
            "modifiers": [],
            "position": {}
          },
          "position": {}
        },
        "_XXTaUBLkEDmICZtZapjYtA": {
          "key": "_XXTaUBLkEDmICZtZapjYtA",
          "name": "password",
          "type": null,
          "probability": 1,
          "modifiers": [],
          "to_variable": {
            "key": "_E74hgRLcEDmICZtZapjYtA",
            "name": "password",
            "type": null,
            "modifiers": [],
            "position": {}
          },
          "position": {}
        }
      }
    }
  }
}