{
  "report_version": "unknown",
  "report_timestamp": "2025-03-26T22:03:27.076Z",
  "target_language": "java",
  "report_summary": {
    "additional": null,
    "amount_classes_or_interfaces_with_data_clumps": 2,
    "amount_files_with_data_clumps": 2,
    "amount_methods_with_data_clumps": 0,
    "fields_to_fields_data_clump": 2,
    "parameters_to_fields_data_clump": 0,
    "parameters_to_parameters_data_clump": 0,
    "amount_data_clumps": 2
  },
  "project_info": {
    "project_url": "unknown_project_url",
    "project_name": "_OqHAMF3xEeeJB7TzzxqmtA",
    "project_version": "unknown_project_version",
    "project_commit_hash": "unknown",
    "project_tag": null,
    "project_commit_date": null,
    "additional": {},
    "number_of_files": 15,
    "number_of_classes_or_interfaces": 15,
    "number_of_methods": 0,
    "number_of_data_fields": 35,
    "number_of_method_parameters": 0
  },
  "detector": {
    "name": "data-clumps-doctor",
    "url": "https://github.com/NilsBaumgartner1994/data-clumps-doctor",
    "version": "0.1.100",
    "options": {
      "typeVariablesConsidered": false,
      "similarityModifierOfVariablesWithUnknownType": 0,
      "fieldsOfClassesWithUnknownHierarchyProbabilityModifier": 0,
      "sharedFieldsToFieldsAmountMinimum": 3,
      "analyseFieldsInClassesOrInterfacesInheritedFromSuperClassesOrInterfaces": false,
      "sharedParametersToParametersAmountMinimum": 3,
      "sharedParametersToFieldsAmountMinimum": 3,
      "methodsOfClassesOrInterfacesWithUnknownHierarchyProbabilityModifier": 0
    }
  },
  "data_clumps": {
    "fields_to_fields_data_clump-./Lista_Busca-_ypeTwEAfEDWYOOBXV3CrSg-_wgem8EAfEDWYOOBXV3CrSg-idid_pecasid_receptaculo": {
      "type": "data_clump",
      "key": "fields_to_fields_data_clump-./Lista_Busca-_ypeTwEAfEDWYOOBXV3CrSg-_wgem8EAfEDWYOOBXV3CrSg-idid_pecasid_receptaculo",
      "probability": 1,
      "from_file_path": "./Lista_Busca",
      "from_class_or_interface_name": "Lista_Busca",
      "from_class_or_interface_key": "_ypeTwEAfEDWYOOBXV3CrSg",
      "from_method_name": null,
      "from_method_key": null,
      "to_file_path": "./Lista_Distribuicao",
      "to_class_or_interface_key": "_wgem8EAfEDWYOOBXV3CrSg",
      "to_class_or_interface_name": "Lista_Busca",
      "to_method_key": null,
      "to_method_name": null,
      "data_clump_type": "fields_to_fields_data_clump",
      "data_clump_data": {
        "_wsXmgEAiEDWYOOBXV3CrSg": {
          "key": "_wsXmgEAiEDWYOOBXV3CrSg",
          "name": "id",
          "type": null,
          "probability": 1,
          "modifiers": [
            "public"
          ],
          "to_variable": {
            "key": "_uRXZIEAhEDWYOOBXV3CrSg",
            "name": "id",
            "type": null,
            "modifiers": [
              "public"
            ],
            "position": {}
          },
          "position": {}
        },
        "_yeUFQEAiEDWYOOBXV3CrSg": {
          "key": "_yeUFQEAiEDWYOOBXV3CrSg",
          "name": "id_pecas",
          "type": null,
          "probability": 1,
          "modifiers": [
            "public"
          ],
          "to_variable": {
            "key": "_IjMHIEAiEDWYOOBXV3CrSg",
            "name": "id_pecas",
            "type": null,
            "modifiers": [
              "public"
            ],
            "position": {}
          },
          "position": {}
        },
        "_ziSqwEAiEDWYOOBXV3CrSg": {
          "key": "_ziSqwEAiEDWYOOBXV3CrSg",
          "name": "id_receptaculo",
          "type": null,
          "probability": 1,
          "modifiers": [
            "public"
          ],
          "to_variable": {
            "key": "_w_hogEAhEDWYOOBXV3CrSg",
            "name": "id_receptaculo",
            "type": null,
            "modifiers": [
              "public"
            ],
            "position": {}
          },
          "position": {}
        }
      }
    },
    "fields_to_fields_data_clump-./Lista_Distribuicao-_wgem8EAfEDWYOOBXV3CrSg-_ypeTwEAfEDWYOOBXV3CrSg-idid_receptaculoid_pecas": {
      "type": "data_clump",
      "key": "fields_to_fields_data_clump-./Lista_Distribuicao-_wgem8EAfEDWYOOBXV3CrSg-_ypeTwEAfEDWYOOBXV3CrSg-idid_receptaculoid_pecas",
      "probability": 1,
      "from_file_path": "./Lista_Distribuicao",
      "from_class_or_interface_name": "Lista_Distribuicao",
      "from_class_or_interface_key": "_wgem8EAfEDWYOOBXV3CrSg",
      "from_method_name": null,
      "from_method_key": null,
      "to_file_path": "./Lista_Busca",
      "to_class_or_interface_key": "_ypeTwEAfEDWYOOBXV3CrSg",
      "to_class_or_interface_name": "Lista_Distribuicao",
      "to_method_key": null,
      "to_method_name": null,
      "data_clump_type": "fields_to_fields_data_clump",
      "data_clump_data": {
        "_uRXZIEAhEDWYOOBXV3CrSg": {
          "key": "_uRXZIEAhEDWYOOBXV3CrSg",
          "name": "id",
          "type": null,
          "probability": 1,
          "modifiers": [
            "public"
          ],
          "to_variable": {
            "key": "_wsXmgEAiEDWYOOBXV3CrSg",
            "name": "id",
            "type": null,
            "modifiers": [
              "public"
            ],
            "position": {}
          },
          "position": {}
        },
        "_w_hogEAhEDWYOOBXV3CrSg": {
          "key": "_w_hogEAhEDWYOOBXV3CrSg",
          "name": "id_receptaculo",
          "type": null,
          "probability": 1,
          "modifiers": [
            "public"
          ],
          "to_variable": {
            "key": "_ziSqwEAiEDWYOOBXV3CrSg",
            "name": "id_receptaculo",
            "type": null,
            "modifiers": [
              "public"
            ],
            "position": {}
          },
          "position": {}
        },
        "_IjMHIEAiEDWYOOBXV3CrSg": {
          "key": "_IjMHIEAiEDWYOOBXV3CrSg",
          "name": "id_pecas",
          "type": null,
          "probability": 1,
          "modifiers": [
            "public"
          ],
          "to_variable": {
            "key": "_yeUFQEAiEDWYOOBXV3CrSg",
            "name": "id_pecas",
            "type": null,
            "modifiers": [
              "public"
            ],
            "position": {}
          },
          "position": {}
        }
      }
    }
  }
}