{
  "report_version": "unknown",
  "report_timestamp": "2025-03-26T22:45:41.431Z",
  "target_language": "java",
  "report_summary": {
    "additional": null,
    "amount_classes_or_interfaces_with_data_clumps": 6,
    "amount_files_with_data_clumps": 6,
    "amount_methods_with_data_clumps": 0,
    "fields_to_fields_data_clump": 10,
    "parameters_to_fields_data_clump": 0,
    "parameters_to_parameters_data_clump": 0,
    "amount_data_clumps": 10
  },
  "project_info": {
    "project_url": "unknown_project_url",
    "project_name": "_8S790JZ5EeuzROqeHhotPw",
    "project_version": "unknown_project_version",
    "project_commit_hash": "unknown",
    "project_tag": null,
    "project_commit_date": null,
    "additional": {},
    "number_of_files": 14,
    "number_of_classes_or_interfaces": 14,
    "number_of_methods": 0,
    "number_of_data_fields": 86,
    "number_of_method_parameters": 0
  },
  "detector": {
    "name": "data-clumps-doctor",
    "url": "https://github.com/NilsBaumgartner1994/data-clumps-doctor",
    "version": "0.1.100",
    "options": {
      "typeVariablesConsidered": false,
      "similarityModifierOfVariablesWithUnknownType": 0,
      "fieldsOfClassesWithUnknownHierarchyProbabilityModifier": 0,
      "sharedFieldsToFieldsAmountMinimum": 3,
      "analyseFieldsInClassesOrInterfacesInheritedFromSuperClassesOrInterfaces": false,
      "sharedParametersToParametersAmountMinimum": 3,
      "sharedParametersToFieldsAmountMinimum": 3,
      "methodsOfClassesOrInterfacesWithUnknownHierarchyProbabilityModifier": 0
    }
  },
  "data_clumps": {
    "fields_to_fields_data_clump-./Company-_-Zzs8HinEDmy4JjRduU4Fw-_YsTv4IE5EDm3NPEvrR8MFA-nitaddresscity": {
      "type": "data_clump",
      "key": "fields_to_fields_data_clump-./Company-_-Zzs8HinEDmy4JjRduU4Fw-_YsTv4IE5EDm3NPEvrR8MFA-nitaddresscity",
      "probability": 1,
      "from_file_path": "./Company",
      "from_class_or_interface_name": "Company",
      "from_class_or_interface_key": "_-Zzs8HinEDmy4JjRduU4Fw",
      "from_method_name": null,
      "from_method_key": null,
      "to_file_path": "./InventoryWarehouse",
      "to_class_or_interface_key": "_YsTv4IE5EDm3NPEvrR8MFA",
      "to_class_or_interface_name": "Company",
      "to_method_key": null,
      "to_method_name": null,
      "data_clump_type": "fields_to_fields_data_clump",
      "data_clump_data": {
        "_CoOOIXioEDmy4JjRduU4Fw": {
          "key": "_CoOOIXioEDmy4JjRduU4Fw",
          "name": "nit",
          "type": null,
          "probability": 1,
          "modifiers": [
            "public"
          ],
          "to_variable": {
            "key": "_YsUW8IE5EDm3NPEvrR8MFA",
            "name": "nit",
            "type": null,
            "modifiers": [
              "public"
            ],
            "position": {}
          },
          "position": {}
        },
        "_QG6n4XioEDmy4JjRduU4Fw": {
          "key": "_QG6n4XioEDmy4JjRduU4Fw",
          "name": "address",
          "type": null,
          "probability": 1,
          "modifiers": [
            "public"
          ],
          "to_variable": {
            "key": "_YsUW9IE5EDm3NPEvrR8MFA",
            "name": "address",
            "type": null,
            "modifiers": [
              "public"
            ],
            "position": {}
          },
          "position": {}
        },
        "_Uj2tQXioEDmy4JjRduU4Fw": {
          "key": "_Uj2tQXioEDmy4JjRduU4Fw",
          "name": "city",
          "type": null,
          "probability": 1,
          "modifiers": [
            "public"
          ],
          "to_variable": {
            "key": "_YsUW9YE5EDm3NPEvrR8MFA",
            "name": "city",
            "type": null,
            "modifiers": [
              "public"
            ],
            "position": {}
          },
          "position": {}
        }
      }
    },
    "fields_to_fields_data_clump-./InventoryWarehouse-_YsTv4IE5EDm3NPEvrR8MFA-_-Zzs8HinEDmy4JjRduU4Fw-nitaddresscity": {
      "type": "data_clump",
      "key": "fields_to_fields_data_clump-./InventoryWarehouse-_YsTv4IE5EDm3NPEvrR8MFA-_-Zzs8HinEDmy4JjRduU4Fw-nitaddresscity",
      "probability": 1,
      "from_file_path": "./InventoryWarehouse",
      "from_class_or_interface_name": "InventoryWarehouse",
      "from_class_or_interface_key": "_YsTv4IE5EDm3NPEvrR8MFA",
      "from_method_name": null,
      "from_method_key": null,
      "to_file_path": "./Company",
      "to_class_or_interface_key": "_-Zzs8HinEDmy4JjRduU4Fw",
      "to_class_or_interface_name": "InventoryWarehouse",
      "to_method_key": null,
      "to_method_name": null,
      "data_clump_type": "fields_to_fields_data_clump",
      "data_clump_data": {
        "_YsUW8IE5EDm3NPEvrR8MFA": {
          "key": "_YsUW8IE5EDm3NPEvrR8MFA",
          "name": "nit",
          "type": null,
          "probability": 1,
          "modifiers": [
            "public"
          ],
          "to_variable": {
            "key": "_CoOOIXioEDmy4JjRduU4Fw",
            "name": "nit",
            "type": null,
            "modifiers": [
              "public"
            ],
            "position": {}
          },
          "position": {}
        },
        "_YsUW9IE5EDm3NPEvrR8MFA": {
          "key": "_YsUW9IE5EDm3NPEvrR8MFA",
          "name": "address",
          "type": null,
          "probability": 1,
          "modifiers": [
            "public"
          ],
          "to_variable": {
            "key": "_QG6n4XioEDmy4JjRduU4Fw",
            "name": "address",
            "type": null,
            "modifiers": [
              "public"
            ],
            "position": {}
          },
          "position": {}
        },
        "_YsUW9YE5EDm3NPEvrR8MFA": {
          "key": "_YsUW9YE5EDm3NPEvrR8MFA",
          "name": "city",
          "type": null,
          "probability": 1,
          "modifiers": [
            "public"
          ],
          "to_variable": {
            "key": "_Uj2tQXioEDmy4JjRduU4Fw",
            "name": "city",
            "type": null,
            "modifiers": [
              "public"
            ],
            "position": {}
          },
          "position": {}
        }
      }
    },
    "fields_to_fields_data_clump-./InventoryWarehouse-_YsTv4IE5EDm3NPEvrR8MFA-_boLroHioEDmy4JjRduU4Fw-nitidname": {
      "type": "data_clump",
      "key": "fields_to_fields_data_clump-./InventoryWarehouse-_YsTv4IE5EDm3NPEvrR8MFA-_boLroHioEDmy4JjRduU4Fw-nitidname",
      "probability": 1,
      "from_file_path": "./InventoryWarehouse",
      "from_class_or_interface_name": "InventoryWarehouse",
      "from_class_or_interface_key": "_YsTv4IE5EDm3NPEvrR8MFA",
      "from_method_name": null,
      "from_method_key": null,
      "to_file_path": "./SourceCompany",
      "to_class_or_interface_key": "_boLroHioEDmy4JjRduU4Fw",
      "to_class_or_interface_name": "InventoryWarehouse",
      "to_method_key": null,
      "to_method_name": null,
      "data_clump_type": "fields_to_fields_data_clump",
      "data_clump_data": {
        "_YsUW8IE5EDm3NPEvrR8MFA": {
          "key": "_YsUW8IE5EDm3NPEvrR8MFA",
          "name": "nit",
          "type": null,
          "probability": 1,
          "modifiers": [
            "public"
          ],
          "to_variable": {
            "key": "_e70moHioEDmy4JjRduU4Fw",
            "name": "nit",
            "type": null,
            "modifiers": [
              "public"
            ],
            "position": {}
          },
          "position": {}
        },
        "_YsUW8YE5EDm3NPEvrR8MFA": {
          "key": "_YsUW8YE5EDm3NPEvrR8MFA",
          "name": "id",
          "type": null,
          "probability": 1,
          "modifiers": [
            "public"
          ],
          "to_variable": {
            "key": "_f3dIcXioEDmy4JjRduU4Fw",
            "name": "id",
            "type": null,
            "modifiers": [
              "public"
            ],
            "position": {}
          },
          "position": {}
        },
        "_YsUW8oE5EDm3NPEvrR8MFA": {
          "key": "_YsUW8oE5EDm3NPEvrR8MFA",
          "name": "name",
          "type": null,
          "probability": 1,
          "modifiers": [
            "public"
          ],
          "to_variable": {
            "key": "_hMXs8XioEDmy4JjRduU4Fw",
            "name": "name",
            "type": null,
            "modifiers": [
              "public"
            ],
            "position": {}
          },
          "position": {}
        }
      }
    },
    "fields_to_fields_data_clump-./InventoryWarehouse-_YsTv4IE5EDm3NPEvrR8MFA-_v03AUHioEDmy4JjRduU4Fw-nitidname": {
      "type": "data_clump",
      "key": "fields_to_fields_data_clump-./InventoryWarehouse-_YsTv4IE5EDm3NPEvrR8MFA-_v03AUHioEDmy4JjRduU4Fw-nitidname",
      "probability": 1,
      "from_file_path": "./InventoryWarehouse",
      "from_class_or_interface_name": "InventoryWarehouse",
      "from_class_or_interface_key": "_YsTv4IE5EDm3NPEvrR8MFA",
      "from_method_name": null,
      "from_method_key": null,
      "to_file_path": "./planCompany",
      "to_class_or_interface_key": "_v03AUHioEDmy4JjRduU4Fw",
      "to_class_or_interface_name": "InventoryWarehouse",
      "to_method_key": null,
      "to_method_name": null,
      "data_clump_type": "fields_to_fields_data_clump",
      "data_clump_data": {
        "_YsUW8IE5EDm3NPEvrR8MFA": {
          "key": "_YsUW8IE5EDm3NPEvrR8MFA",
          "name": "nit",
          "type": null,
          "probability": 1,
          "modifiers": [
            "public"
          ],
          "to_variable": {
            "key": "_yoeXcHioEDmy4JjRduU4Fw",
            "name": "nit",
            "type": null,
            "modifiers": [
              "public"
            ],
            "position": {}
          },
          "position": {}
        },
        "_YsUW8YE5EDm3NPEvrR8MFA": {
          "key": "_YsUW8YE5EDm3NPEvrR8MFA",
          "name": "id",
          "type": null,
          "probability": 1,
          "modifiers": [
            "public"
          ],
          "to_variable": {
            "key": "_zjMTQHioEDmy4JjRduU4Fw",
            "name": "id",
            "type": null,
            "modifiers": [
              "public"
            ],
            "position": {}
          },
          "position": {}
        },
        "_YsUW8oE5EDm3NPEvrR8MFA": {
          "key": "_YsUW8oE5EDm3NPEvrR8MFA",
          "name": "name",
          "type": null,
          "probability": 1,
          "modifiers": [
            "public"
          ],
          "to_variable": {
            "key": "_1O0uoXioEDmy4JjRduU4Fw",
            "name": "name",
            "type": null,
            "modifiers": [
              "public"
            ],
            "position": {}
          },
          "position": {}
        }
      }
    },
    "fields_to_fields_data_clump-./SourceCompany-_boLroHioEDmy4JjRduU4Fw-_YsTv4IE5EDm3NPEvrR8MFA-nitidname": {
      "type": "data_clump",
      "key": "fields_to_fields_data_clump-./SourceCompany-_boLroHioEDmy4JjRduU4Fw-_YsTv4IE5EDm3NPEvrR8MFA-nitidname",
      "probability": 1,
      "from_file_path": "./SourceCompany",
      "from_class_or_interface_name": "SourceCompany",
      "from_class_or_interface_key": "_boLroHioEDmy4JjRduU4Fw",
      "from_method_name": null,
      "from_method_key": null,
      "to_file_path": "./InventoryWarehouse",
      "to_class_or_interface_key": "_YsTv4IE5EDm3NPEvrR8MFA",
      "to_class_or_interface_name": "SourceCompany",
      "to_method_key": null,
      "to_method_name": null,
      "data_clump_type": "fields_to_fields_data_clump",
      "data_clump_data": {
        "_e70moHioEDmy4JjRduU4Fw": {
          "key": "_e70moHioEDmy4JjRduU4Fw",
          "name": "nit",
          "type": null,
          "probability": 1,
          "modifiers": [
            "public"
          ],
          "to_variable": {
            "key": "_YsUW8IE5EDm3NPEvrR8MFA",
            "name": "nit",
            "type": null,
            "modifiers": [
              "public"
            ],
            "position": {}
          },
          "position": {}
        },
        "_f3dIcXioEDmy4JjRduU4Fw": {
          "key": "_f3dIcXioEDmy4JjRduU4Fw",
          "name": "id",
          "type": null,
          "probability": 1,
          "modifiers": [
            "public"
          ],
          "to_variable": {
            "key": "_YsUW8YE5EDm3NPEvrR8MFA",
            "name": "id",
            "type": null,
            "modifiers": [
              "public"
            ],
            "position": {}
          },
          "position": {}
        },
        "_hMXs8XioEDmy4JjRduU4Fw": {
          "key": "_hMXs8XioEDmy4JjRduU4Fw",
          "name": "name",
          "type": null,
          "probability": 1,
          "modifiers": [
            "public"
          ],
          "to_variable": {
            "key": "_YsUW8oE5EDm3NPEvrR8MFA",
            "name": "name",
            "type": null,
            "modifiers": [
              "public"
            ],
            "position": {}
          },
          "position": {}
        }
      }
    },
    "fields_to_fields_data_clump-./SourceCompany-_boLroHioEDmy4JjRduU4Fw-_v03AUHioEDmy4JjRduU4Fw-nitidnamemodifyDate": {
      "type": "data_clump",
      "key": "fields_to_fields_data_clump-./SourceCompany-_boLroHioEDmy4JjRduU4Fw-_v03AUHioEDmy4JjRduU4Fw-nitidnamemodifyDate",
      "probability": 1,
      "from_file_path": "./SourceCompany",
      "from_class_or_interface_name": "SourceCompany",
      "from_class_or_interface_key": "_boLroHioEDmy4JjRduU4Fw",
      "from_method_name": null,
      "from_method_key": null,
      "to_file_path": "./planCompany",
      "to_class_or_interface_key": "_v03AUHioEDmy4JjRduU4Fw",
      "to_class_or_interface_name": "SourceCompany",
      "to_method_key": null,
      "to_method_name": null,
      "data_clump_type": "fields_to_fields_data_clump",
      "data_clump_data": {
        "_e70moHioEDmy4JjRduU4Fw": {
          "key": "_e70moHioEDmy4JjRduU4Fw",
          "name": "nit",
          "type": null,
          "probability": 1,
          "modifiers": [
            "public"
          ],
          "to_variable": {
            "key": "_yoeXcHioEDmy4JjRduU4Fw",
            "name": "nit",
            "type": null,
            "modifiers": [
              "public"
            ],
            "position": {}
          },
          "position": {}
        },
        "_f3dIcXioEDmy4JjRduU4Fw": {
          "key": "_f3dIcXioEDmy4JjRduU4Fw",
          "name": "id",
          "type": null,
          "probability": 1,
          "modifiers": [
            "public"
          ],
          "to_variable": {
            "key": "_zjMTQHioEDmy4JjRduU4Fw",
            "name": "id",
            "type": null,
            "modifiers": [
              "public"
            ],
            "position": {}
          },
          "position": {}
        },
        "_hMXs8XioEDmy4JjRduU4Fw": {
          "key": "_hMXs8XioEDmy4JjRduU4Fw",
          "name": "name",
          "type": null,
          "probability": 1,
          "modifiers": [
            "public"
          ],
          "to_variable": {
            "key": "_1O0uoXioEDmy4JjRduU4Fw",
            "name": "name",
            "type": null,
            "modifiers": [
              "public"
            ],
            "position": {}
          },
          "position": {}
        },
        "_jWR_wXioEDmy4JjRduU4Fw": {
          "key": "_jWR_wXioEDmy4JjRduU4Fw",
          "name": "modifyDate",
          "type": null,
          "probability": 1,
          "modifiers": [
            "public"
          ],
          "to_variable": {
            "key": "_gYIa8H06EDmIMMhKnZu4IA",
            "name": "modifyDate",
            "type": null,
            "modifiers": [
              "public"
            ],
            "position": {}
          },
          "position": {}
        }
      }
    },
    "fields_to_fields_data_clump-./StatisticsItems-_YsWMJoE5EDm3NPEvrR8MFA-_YsUW-IE5EDm3NPEvrR8MFA-modifyDateuserIdpercenttype": {
      "type": "data_clump",
      "key": "fields_to_fields_data_clump-./StatisticsItems-_YsWMJoE5EDm3NPEvrR8MFA-_YsUW-IE5EDm3NPEvrR8MFA-modifyDateuserIdpercenttype",
      "probability": 1,
      "from_file_path": "./StatisticsItems",
      "from_class_or_interface_name": "StatisticsItems",
      "from_class_or_interface_key": "_YsWMJoE5EDm3NPEvrR8MFA",
      "from_method_name": null,
      "from_method_key": null,
      "to_file_path": "./StatisticsWarehouse",
      "to_class_or_interface_key": "_YsUW-IE5EDm3NPEvrR8MFA",
      "to_class_or_interface_name": "StatisticsItems",
      "to_method_key": null,
      "to_method_name": null,
      "data_clump_type": "fields_to_fields_data_clump",
      "data_clump_data": {
        "_YsWMKIE5EDm3NPEvrR8MFA": {
          "key": "_YsWMKIE5EDm3NPEvrR8MFA",
          "name": "modifyDate",
          "type": null,
          "probability": 1,
          "modifiers": [
            "public"
          ],
          "to_variable": {
            "key": "_YsU-AYE5EDm3NPEvrR8MFA",
            "name": "modifyDate",
            "type": null,
            "modifiers": [
              "public"
            ],
            "position": {}
          },
          "position": {}
        },
        "_YsWzMIE5EDm3NPEvrR8MFA": {
          "key": "_YsWzMIE5EDm3NPEvrR8MFA",
          "name": "userId",
          "type": null,
          "probability": 1,
          "modifiers": [
            "public"
          ],
          "to_variable": {
            "key": "_YsU-A4E5EDm3NPEvrR8MFA",
            "name": "userId",
            "type": null,
            "modifiers": [
              "public"
            ],
            "position": {}
          },
          "position": {}
        },
        "_YsWzMYE5EDm3NPEvrR8MFA": {
          "key": "_YsWzMYE5EDm3NPEvrR8MFA",
          "name": "percent",
          "type": null,
          "probability": 1,
          "modifiers": [
            "public"
          ],
          "to_variable": {
            "key": "_YsU-BIE5EDm3NPEvrR8MFA",
            "name": "percent",
            "type": null,
            "modifiers": [
              "public"
            ],
            "position": {}
          },
          "position": {}
        },
        "_YsWzMoE5EDm3NPEvrR8MFA": {
          "key": "_YsWzMoE5EDm3NPEvrR8MFA",
          "name": "type",
          "type": null,
          "probability": 1,
          "modifiers": [
            "public"
          ],
          "to_variable": {
            "key": "_YsU-BYE5EDm3NPEvrR8MFA",
            "name": "type",
            "type": null,
            "modifiers": [
              "public"
            ],
            "position": {}
          },
          "position": {}
        }
      }
    },
    "fields_to_fields_data_clump-./StatisticsWarehouse-_YsUW-IE5EDm3NPEvrR8MFA-_YsWMJoE5EDm3NPEvrR8MFA-modifyDateuserIdpercenttype": {
      "type": "data_clump",
      "key": "fields_to_fields_data_clump-./StatisticsWarehouse-_YsUW-IE5EDm3NPEvrR8MFA-_YsWMJoE5EDm3NPEvrR8MFA-modifyDateuserIdpercenttype",
      "probability": 1,
      "from_file_path": "./StatisticsWarehouse",
      "from_class_or_interface_name": "StatisticsWarehouse",
      "from_class_or_interface_key": "_YsUW-IE5EDm3NPEvrR8MFA",
      "from_method_name": null,
      "from_method_key": null,
      "to_file_path": "./StatisticsItems",
      "to_class_or_interface_key": "_YsWMJoE5EDm3NPEvrR8MFA",
      "to_class_or_interface_name": "StatisticsWarehouse",
      "to_method_key": null,
      "to_method_name": null,
      "data_clump_type": "fields_to_fields_data_clump",
      "data_clump_data": {
        "_YsU-AYE5EDm3NPEvrR8MFA": {
          "key": "_YsU-AYE5EDm3NPEvrR8MFA",
          "name": "modifyDate",
          "type": null,
          "probability": 1,
          "modifiers": [
            "public"
          ],
          "to_variable": {
            "key": "_YsWMKIE5EDm3NPEvrR8MFA",
            "name": "modifyDate",
            "type": null,
            "modifiers": [
              "public"
            ],
            "position": {}
          },
          "position": {}
        },
        "_YsU-A4E5EDm3NPEvrR8MFA": {
          "key": "_YsU-A4E5EDm3NPEvrR8MFA",
          "name": "userId",
          "type": null,
          "probability": 1,
          "modifiers": [
            "public"
          ],
          "to_variable": {
            "key": "_YsWzMIE5EDm3NPEvrR8MFA",
            "name": "userId",
            "type": null,
            "modifiers": [
              "public"
            ],
            "position": {}
          },
          "position": {}
        },
        "_YsU-BIE5EDm3NPEvrR8MFA": {
          "key": "_YsU-BIE5EDm3NPEvrR8MFA",
          "name": "percent",
          "type": null,
          "probability": 1,
          "modifiers": [
            "public"
          ],
          "to_variable": {
            "key": "_YsWzMYE5EDm3NPEvrR8MFA",
            "name": "percent",
            "type": null,
            "modifiers": [
              "public"
            ],
            "position": {}
          },
          "position": {}
        },
        "_YsU-BYE5EDm3NPEvrR8MFA": {
          "key": "_YsU-BYE5EDm3NPEvrR8MFA",
          "name": "type",
          "type": null,
          "probability": 1,
          "modifiers": [
            "public"
          ],
          "to_variable": {
            "key": "_YsWzMoE5EDm3NPEvrR8MFA",
            "name": "type",
            "type": null,
            "modifiers": [
              "public"
            ],
            "position": {}
          },
          "position": {}
        }
      }
    },
    "fields_to_fields_data_clump-./planCompany-_v03AUHioEDmy4JjRduU4Fw-_YsTv4IE5EDm3NPEvrR8MFA-nitidname": {
      "type": "data_clump",
      "key": "fields_to_fields_data_clump-./planCompany-_v03AUHioEDmy4JjRduU4Fw-_YsTv4IE5EDm3NPEvrR8MFA-nitidname",
      "probability": 1,
      "from_file_path": "./planCompany",
      "from_class_or_interface_name": "planCompany",
      "from_class_or_interface_key": "_v03AUHioEDmy4JjRduU4Fw",
      "from_method_name": null,
      "from_method_key": null,
      "to_file_path": "./InventoryWarehouse",
      "to_class_or_interface_key": "_YsTv4IE5EDm3NPEvrR8MFA",
      "to_class_or_interface_name": "planCompany",
      "to_method_key": null,
      "to_method_name": null,
      "data_clump_type": "fields_to_fields_data_clump",
      "data_clump_data": {
        "_yoeXcHioEDmy4JjRduU4Fw": {
          "key": "_yoeXcHioEDmy4JjRduU4Fw",
          "name": "nit",
          "type": null,
          "probability": 1,
          "modifiers": [
            "public"
          ],
          "to_variable": {
            "key": "_YsUW8IE5EDm3NPEvrR8MFA",
            "name": "nit",
            "type": null,
            "modifiers": [
              "public"
            ],
            "position": {}
          },
          "position": {}
        },
        "_zjMTQHioEDmy4JjRduU4Fw": {
          "key": "_zjMTQHioEDmy4JjRduU4Fw",
          "name": "id",
          "type": null,
          "probability": 1,
          "modifiers": [
            "public"
          ],
          "to_variable": {
            "key": "_YsUW8YE5EDm3NPEvrR8MFA",
            "name": "id",
            "type": null,
            "modifiers": [
              "public"
            ],
            "position": {}
          },
          "position": {}
        },
        "_1O0uoXioEDmy4JjRduU4Fw": {
          "key": "_1O0uoXioEDmy4JjRduU4Fw",
          "name": "name",
          "type": null,
          "probability": 1,
          "modifiers": [
            "public"
          ],
          "to_variable": {
            "key": "_YsUW8oE5EDm3NPEvrR8MFA",
            "name": "name",
            "type": null,
            "modifiers": [
              "public"
            ],
            "position": {}
          },
          "position": {}
        }
      }
    },
    "fields_to_fields_data_clump-./planCompany-_v03AUHioEDmy4JjRduU4Fw-_boLroHioEDmy4JjRduU4Fw-nitidnamemodifyDate": {
      "type": "data_clump",
      "key": "fields_to_fields_data_clump-./planCompany-_v03AUHioEDmy4JjRduU4Fw-_boLroHioEDmy4JjRduU4Fw-nitidnamemodifyDate",
      "probability": 1,
      "from_file_path": "./planCompany",
      "from_class_or_interface_name": "planCompany",
      "from_class_or_interface_key": "_v03AUHioEDmy4JjRduU4Fw",
      "from_method_name": null,
      "from_method_key": null,
      "to_file_path": "./SourceCompany",
      "to_class_or_interface_key": "_boLroHioEDmy4JjRduU4Fw",
      "to_class_or_interface_name": "planCompany",
      "to_method_key": null,
      "to_method_name": null,
      "data_clump_type": "fields_to_fields_data_clump",
      "data_clump_data": {
        "_yoeXcHioEDmy4JjRduU4Fw": {
          "key": "_yoeXcHioEDmy4JjRduU4Fw",
          "name": "nit",
          "type": null,
          "probability": 1,
          "modifiers": [
            "public"
          ],
          "to_variable": {
            "key": "_e70moHioEDmy4JjRduU4Fw",
            "name": "nit",
            "type": null,
            "modifiers": [
              "public"
            ],
            "position": {}
          },
          "position": {}
        },
        "_zjMTQHioEDmy4JjRduU4Fw": {
          "key": "_zjMTQHioEDmy4JjRduU4Fw",
          "name": "id",
          "type": null,
          "probability": 1,
          "modifiers": [
            "public"
          ],
          "to_variable": {
            "key": "_f3dIcXioEDmy4JjRduU4Fw",
            "name": "id",
            "type": null,
            "modifiers": [
              "public"
            ],
            "position": {}
          },
          "position": {}
        },
        "_1O0uoXioEDmy4JjRduU4Fw": {
          "key": "_1O0uoXioEDmy4JjRduU4Fw",
          "name": "name",
          "type": null,
          "probability": 1,
          "modifiers": [
            "public"
          ],
          "to_variable": {
            "key": "_hMXs8XioEDmy4JjRduU4Fw",
            "name": "name",
            "type": null,
            "modifiers": [
              "public"
            ],
            "position": {}
          },
          "position": {}
        },
        "_gYIa8H06EDmIMMhKnZu4IA": {
          "key": "_gYIa8H06EDmIMMhKnZu4IA",
          "name": "modifyDate",
          "type": null,
          "probability": 1,
          "modifiers": [
            "public"
          ],
          "to_variable": {
            "key": "_jWR_wXioEDmy4JjRduU4Fw",
            "name": "modifyDate",
            "type": null,
            "modifiers": [
              "public"
            ],
            "position": {}
          },
          "position": {}
        }
      }
    }
  }
}