{
  "report_version": "unknown",
  "report_timestamp": "2025-03-26T22:09:28.013Z",
  "target_language": "java",
  "report_summary": {
    "additional": null,
    "amount_classes_or_interfaces_with_data_clumps": 3,
    "amount_files_with_data_clumps": 3,
    "amount_methods_with_data_clumps": 0,
    "fields_to_fields_data_clump": 6,
    "parameters_to_fields_data_clump": 0,
    "parameters_to_parameters_data_clump": 0,
    "amount_data_clumps": 6
  },
  "project_info": {
    "project_url": "unknown_project_url",
    "project_name": "_eoEdoOj_Ee2WPKO9eknDFA",
    "project_version": "unknown_project_version",
    "project_commit_hash": "unknown",
    "project_tag": null,
    "project_commit_date": null,
    "additional": {},
    "number_of_files": 5,
    "number_of_classes_or_interfaces": 5,
    "number_of_methods": 8,
    "number_of_data_fields": 24,
    "number_of_method_parameters": 0
  },
  "detector": {
    "name": "data-clumps-doctor",
    "url": "https://github.com/NilsBaumgartner1994/data-clumps-doctor",
    "version": "0.1.100",
    "options": {
      "typeVariablesConsidered": false,
      "similarityModifierOfVariablesWithUnknownType": 0,
      "fieldsOfClassesWithUnknownHierarchyProbabilityModifier": 0,
      "sharedFieldsToFieldsAmountMinimum": 3,
      "analyseFieldsInClassesOrInterfacesInheritedFromSuperClassesOrInterfaces": false,
      "sharedParametersToParametersAmountMinimum": 3,
      "sharedParametersToFieldsAmountMinimum": 3,
      "methodsOfClassesOrInterfacesWithUnknownHierarchyProbabilityModifier": 0
    }
  },
  "data_clumps": {
    "fields_to_fields_data_clump-./Administrativniradnik-_rdVzsMsuEDuKJPuETAK8yw-_sNtgsMsuEDuKJPuETAK8yw-imeprezimetelefon": {
      "type": "data_clump",
      "key": "fields_to_fields_data_clump-./Administrativniradnik-_rdVzsMsuEDuKJPuETAK8yw-_sNtgsMsuEDuKJPuETAK8yw-imeprezimetelefon",
      "probability": 1,
      "from_file_path": "./Administrativniradnik",
      "from_class_or_interface_name": "Administrativniradnik",
      "from_class_or_interface_key": "_rdVzsMsuEDuKJPuETAK8yw",
      "from_method_name": null,
      "from_method_key": null,
      "to_file_path": "./Klijent",
      "to_class_or_interface_key": "_sNtgsMsuEDuKJPuETAK8yw",
      "to_class_or_interface_name": "Administrativniradnik",
      "to_method_key": null,
      "to_method_name": null,
      "data_clump_type": "fields_to_fields_data_clump",
      "data_clump_data": {
        "_Nq3M8MsvEDuKJPuETAK8yw": {
          "key": "_Nq3M8MsvEDuKJPuETAK8yw",
          "name": "ime",
          "type": null,
          "probability": 1,
          "modifiers": [
            "public"
          ],
          "to_variable": {
            "key": "_X6tFEMsvEDuKJPuETAK8yw",
            "name": "ime",
            "type": null,
            "modifiers": [
              "public"
            ],
            "position": {}
          },
          "position": {}
        },
        "_N4cV8MsvEDuKJPuETAK8yw": {
          "key": "_N4cV8MsvEDuKJPuETAK8yw",
          "name": "prezime",
          "type": null,
          "probability": 1,
          "modifiers": [
            "public"
          ],
          "to_variable": {
            "key": "_YKRLEMsvEDuKJPuETAK8yw",
            "name": "prezime",
            "type": null,
            "modifiers": [
              "public"
            ],
            "position": {}
          },
          "position": {}
        },
        "_OQebcMsvEDuKJPuETAK8yw": {
          "key": "_OQebcMsvEDuKJPuETAK8yw",
          "name": "telefon",
          "type": null,
          "probability": 1,
          "modifiers": [
            "public"
          ],
          "to_variable": {
            "key": "_YzPPkMsvEDuKJPuETAK8yw",
            "name": "telefon",
            "type": null,
            "modifiers": [
              "public"
            ],
            "position": {}
          },
          "position": {}
        }
      }
    },
    "fields_to_fields_data_clump-./Administrativniradnik-_rdVzsMsuEDuKJPuETAK8yw-_zhP_wMsuEDuKJPuETAK8yw-imeprezimetelefon": {
      "type": "data_clump",
      "key": "fields_to_fields_data_clump-./Administrativniradnik-_rdVzsMsuEDuKJPuETAK8yw-_zhP_wMsuEDuKJPuETAK8yw-imeprezimetelefon",
      "probability": 1,
      "from_file_path": "./Administrativniradnik",
      "from_class_or_interface_name": "Administrativniradnik",
      "from_class_or_interface_key": "_rdVzsMsuEDuKJPuETAK8yw",
      "from_method_name": null,
      "from_method_key": null,
      "to_file_path": "./Personalnitrener",
      "to_class_or_interface_key": "_zhP_wMsuEDuKJPuETAK8yw",
      "to_class_or_interface_name": "Administrativniradnik",
      "to_method_key": null,
      "to_method_name": null,
      "data_clump_type": "fields_to_fields_data_clump",
      "data_clump_data": {
        "_Nq3M8MsvEDuKJPuETAK8yw": {
          "key": "_Nq3M8MsvEDuKJPuETAK8yw",
          "name": "ime",
          "type": null,
          "probability": 1,
          "modifiers": [
            "public"
          ],
          "to_variable": {
            "key": "_MnkugMswEDuKJPuETAK8yw",
            "name": "ime",
            "type": null,
            "modifiers": [
              "public"
            ],
            "position": {}
          },
          "position": {}
        },
        "_N4cV8MsvEDuKJPuETAK8yw": {
          "key": "_N4cV8MsvEDuKJPuETAK8yw",
          "name": "prezime",
          "type": null,
          "probability": 1,
          "modifiers": [
            "public"
          ],
          "to_variable": {
            "key": "_M0izgMswEDuKJPuETAK8yw",
            "name": "prezime",
            "type": null,
            "modifiers": [
              "public"
            ],
            "position": {}
          },
          "position": {}
        },
        "_OQebcMsvEDuKJPuETAK8yw": {
          "key": "_OQebcMsvEDuKJPuETAK8yw",
          "name": "telefon",
          "type": null,
          "probability": 1,
          "modifiers": [
            "public"
          ],
          "to_variable": {
            "key": "_NC9C8MswEDuKJPuETAK8yw",
            "name": "telefon",
            "type": null,
            "modifiers": [
              "public"
            ],
            "position": {}
          },
          "position": {}
        }
      }
    },
    "fields_to_fields_data_clump-./Klijent-_sNtgsMsuEDuKJPuETAK8yw-_rdVzsMsuEDuKJPuETAK8yw-imeprezimetelefon": {
      "type": "data_clump",
      "key": "fields_to_fields_data_clump-./Klijent-_sNtgsMsuEDuKJPuETAK8yw-_rdVzsMsuEDuKJPuETAK8yw-imeprezimetelefon",
      "probability": 1,
      "from_file_path": "./Klijent",
      "from_class_or_interface_name": "Klijent",
      "from_class_or_interface_key": "_sNtgsMsuEDuKJPuETAK8yw",
      "from_method_name": null,
      "from_method_key": null,
      "to_file_path": "./Administrativniradnik",
      "to_class_or_interface_key": "_rdVzsMsuEDuKJPuETAK8yw",
      "to_class_or_interface_name": "Klijent",
      "to_method_key": null,
      "to_method_name": null,
      "data_clump_type": "fields_to_fields_data_clump",
      "data_clump_data": {
        "_X6tFEMsvEDuKJPuETAK8yw": {
          "key": "_X6tFEMsvEDuKJPuETAK8yw",
          "name": "ime",
          "type": null,
          "probability": 1,
          "modifiers": [
            "public"
          ],
          "to_variable": {
            "key": "_Nq3M8MsvEDuKJPuETAK8yw",
            "name": "ime",
            "type": null,
            "modifiers": [
              "public"
            ],
            "position": {}
          },
          "position": {}
        },
        "_YKRLEMsvEDuKJPuETAK8yw": {
          "key": "_YKRLEMsvEDuKJPuETAK8yw",
          "name": "prezime",
          "type": null,
          "probability": 1,
          "modifiers": [
            "public"
          ],
          "to_variable": {
            "key": "_N4cV8MsvEDuKJPuETAK8yw",
            "name": "prezime",
            "type": null,
            "modifiers": [
              "public"
            ],
            "position": {}
          },
          "position": {}
        },
        "_YzPPkMsvEDuKJPuETAK8yw": {
          "key": "_YzPPkMsvEDuKJPuETAK8yw",
          "name": "telefon",
          "type": null,
          "probability": 1,
          "modifiers": [
            "public"
          ],
          "to_variable": {
            "key": "_OQebcMsvEDuKJPuETAK8yw",
            "name": "telefon",
            "type": null,
            "modifiers": [
              "public"
            ],
            "position": {}
          },
          "position": {}
        }
      }
    },
    "fields_to_fields_data_clump-./Klijent-_sNtgsMsuEDuKJPuETAK8yw-_zhP_wMsuEDuKJPuETAK8yw-imeprezimetelefon": {
      "type": "data_clump",
      "key": "fields_to_fields_data_clump-./Klijent-_sNtgsMsuEDuKJPuETAK8yw-_zhP_wMsuEDuKJPuETAK8yw-imeprezimetelefon",
      "probability": 1,
      "from_file_path": "./Klijent",
      "from_class_or_interface_name": "Klijent",
      "from_class_or_interface_key": "_sNtgsMsuEDuKJPuETAK8yw",
      "from_method_name": null,
      "from_method_key": null,
      "to_file_path": "./Personalnitrener",
      "to_class_or_interface_key": "_zhP_wMsuEDuKJPuETAK8yw",
      "to_class_or_interface_name": "Klijent",
      "to_method_key": null,
      "to_method_name": null,
      "data_clump_type": "fields_to_fields_data_clump",
      "data_clump_data": {
        "_X6tFEMsvEDuKJPuETAK8yw": {
          "key": "_X6tFEMsvEDuKJPuETAK8yw",
          "name": "ime",
          "type": null,
          "probability": 1,
          "modifiers": [
            "public"
          ],
          "to_variable": {
            "key": "_MnkugMswEDuKJPuETAK8yw",
            "name": "ime",
            "type": null,
            "modifiers": [
              "public"
            ],
            "position": {}
          },
          "position": {}
        },
        "_YKRLEMsvEDuKJPuETAK8yw": {
          "key": "_YKRLEMsvEDuKJPuETAK8yw",
          "name": "prezime",
          "type": null,
          "probability": 1,
          "modifiers": [
            "public"
          ],
          "to_variable": {
            "key": "_M0izgMswEDuKJPuETAK8yw",
            "name": "prezime",
            "type": null,
            "modifiers": [
              "public"
            ],
            "position": {}
          },
          "position": {}
        },
        "_YzPPkMsvEDuKJPuETAK8yw": {
          "key": "_YzPPkMsvEDuKJPuETAK8yw",
          "name": "telefon",
          "type": null,
          "probability": 1,
          "modifiers": [
            "public"
          ],
          "to_variable": {
            "key": "_NC9C8MswEDuKJPuETAK8yw",
            "name": "telefon",
            "type": null,
            "modifiers": [
              "public"
            ],
            "position": {}
          },
          "position": {}
        }
      }
    },
    "fields_to_fields_data_clump-./Personalnitrener-_zhP_wMsuEDuKJPuETAK8yw-_rdVzsMsuEDuKJPuETAK8yw-imeprezimetelefon": {
      "type": "data_clump",
      "key": "fields_to_fields_data_clump-./Personalnitrener-_zhP_wMsuEDuKJPuETAK8yw-_rdVzsMsuEDuKJPuETAK8yw-imeprezimetelefon",
      "probability": 1,
      "from_file_path": "./Personalnitrener",
      "from_class_or_interface_name": "Personalnitrener",
      "from_class_or_interface_key": "_zhP_wMsuEDuKJPuETAK8yw",
      "from_method_name": null,
      "from_method_key": null,
      "to_file_path": "./Administrativniradnik",
      "to_class_or_interface_key": "_rdVzsMsuEDuKJPuETAK8yw",
      "to_class_or_interface_name": "Personalnitrener",
      "to_method_key": null,
      "to_method_name": null,
      "data_clump_type": "fields_to_fields_data_clump",
      "data_clump_data": {
        "_MnkugMswEDuKJPuETAK8yw": {
          "key": "_MnkugMswEDuKJPuETAK8yw",
          "name": "ime",
          "type": null,
          "probability": 1,
          "modifiers": [
            "public"
          ],
          "to_variable": {
            "key": "_Nq3M8MsvEDuKJPuETAK8yw",
            "name": "ime",
            "type": null,
            "modifiers": [
              "public"
            ],
            "position": {}
          },
          "position": {}
        },
        "_M0izgMswEDuKJPuETAK8yw": {
          "key": "_M0izgMswEDuKJPuETAK8yw",
          "name": "prezime",
          "type": null,
          "probability": 1,
          "modifiers": [
            "public"
          ],
          "to_variable": {
            "key": "_N4cV8MsvEDuKJPuETAK8yw",
            "name": "prezime",
            "type": null,
            "modifiers": [
              "public"
            ],
            "position": {}
          },
          "position": {}
        },
        "_NC9C8MswEDuKJPuETAK8yw": {
          "key": "_NC9C8MswEDuKJPuETAK8yw",
          "name": "telefon",
          "type": null,
          "probability": 1,
          "modifiers": [
            "public"
          ],
          "to_variable": {
            "key": "_OQebcMsvEDuKJPuETAK8yw",
            "name": "telefon",
            "type": null,
            "modifiers": [
              "public"
            ],
            "position": {}
          },
          "position": {}
        }
      }
    },
    "fields_to_fields_data_clump-./Personalnitrener-_zhP_wMsuEDuKJPuETAK8yw-_sNtgsMsuEDuKJPuETAK8yw-imeprezimetelefon": {
      "type": "data_clump",
      "key": "fields_to_fields_data_clump-./Personalnitrener-_zhP_wMsuEDuKJPuETAK8yw-_sNtgsMsuEDuKJPuETAK8yw-imeprezimetelefon",
      "probability": 1,
      "from_file_path": "./Personalnitrener",
      "from_class_or_interface_name": "Personalnitrener",
      "from_class_or_interface_key": "_zhP_wMsuEDuKJPuETAK8yw",
      "from_method_name": null,
      "from_method_key": null,
      "to_file_path": "./Klijent",
      "to_class_or_interface_key": "_sNtgsMsuEDuKJPuETAK8yw",
      "to_class_or_interface_name": "Personalnitrener",
      "to_method_key": null,
      "to_method_name": null,
      "data_clump_type": "fields_to_fields_data_clump",
      "data_clump_data": {
        "_MnkugMswEDuKJPuETAK8yw": {
          "key": "_MnkugMswEDuKJPuETAK8yw",
          "name": "ime",
          "type": null,
          "probability": 1,
          "modifiers": [
            "public"
          ],
          "to_variable": {
            "key": "_X6tFEMsvEDuKJPuETAK8yw",
            "name": "ime",
            "type": null,
            "modifiers": [
              "public"
            ],
            "position": {}
          },
          "position": {}
        },
        "_M0izgMswEDuKJPuETAK8yw": {
          "key": "_M0izgMswEDuKJPuETAK8yw",
          "name": "prezime",
          "type": null,
          "probability": 1,
          "modifiers": [
            "public"
          ],
          "to_variable": {
            "key": "_YKRLEMsvEDuKJPuETAK8yw",
            "name": "prezime",
            "type": null,
            "modifiers": [
              "public"
            ],
            "position": {}
          },
          "position": {}
        },
        "_NC9C8MswEDuKJPuETAK8yw": {
          "key": "_NC9C8MswEDuKJPuETAK8yw",
          "name": "telefon",
          "type": null,
          "probability": 1,
          "modifiers": [
            "public"
          ],
          "to_variable": {
            "key": "_YzPPkMsvEDuKJPuETAK8yw",
            "name": "telefon",
            "type": null,
            "modifiers": [
              "public"
            ],
            "position": {}
          },
          "position": {}
        }
      }
    }
  }
}