{
  "report_version": "unknown",
  "report_timestamp": "2025-03-26T22:57:11.512Z",
  "target_language": "java",
  "report_summary": {
    "additional": null,
    "amount_classes_or_interfaces_with_data_clumps": 2,
    "amount_files_with_data_clumps": 2,
    "amount_methods_with_data_clumps": 0,
    "fields_to_fields_data_clump": 2,
    "parameters_to_fields_data_clump": 0,
    "parameters_to_parameters_data_clump": 0,
    "amount_data_clumps": 2
  },
  "project_info": {
    "project_url": "unknown_project_url",
    "project_name": "_MnA9cCQREeebMd4KpxnGEA",
    "project_version": "unknown_project_version",
    "project_commit_hash": "unknown",
    "project_tag": null,
    "project_commit_date": null,
    "additional": {},
    "number_of_files": 7,
    "number_of_classes_or_interfaces": 7,
    "number_of_methods": 0,
    "number_of_data_fields": 63,
    "number_of_method_parameters": 0
  },
  "detector": {
    "name": "data-clumps-doctor",
    "url": "https://github.com/NilsBaumgartner1994/data-clumps-doctor",
    "version": "0.1.100",
    "options": {
      "typeVariablesConsidered": false,
      "similarityModifierOfVariablesWithUnknownType": 0,
      "fieldsOfClassesWithUnknownHierarchyProbabilityModifier": 0,
      "sharedFieldsToFieldsAmountMinimum": 3,
      "analyseFieldsInClassesOrInterfacesInheritedFromSuperClassesOrInterfaces": false,
      "sharedParametersToParametersAmountMinimum": 3,
      "sharedParametersToFieldsAmountMinimum": 3,
      "methodsOfClassesOrInterfacesWithUnknownHierarchyProbabilityModifier": 0
    }
  },
  "data_clumps": {
    "fields_to_fields_data_clump-./Order-_5X5moAZjEDW_K7iRAYE0rw-_GWI0IAZjEDW_K7iRAYE0rw-ScheduleNumDriverNumLicensePlate": {
      "type": "data_clump",
      "key": "fields_to_fields_data_clump-./Order-_5X5moAZjEDW_K7iRAYE0rw-_GWI0IAZjEDW_K7iRAYE0rw-ScheduleNumDriverNumLicensePlate",
      "probability": 1,
      "from_file_path": "./Order",
      "from_class_or_interface_name": "Order",
      "from_class_or_interface_key": "_5X5moAZjEDW_K7iRAYE0rw",
      "from_method_name": null,
      "from_method_key": null,
      "to_file_path": "./Schedule",
      "to_class_or_interface_key": "_GWI0IAZjEDW_K7iRAYE0rw",
      "to_class_or_interface_name": "Order",
      "to_method_key": null,
      "to_method_name": null,
      "data_clump_type": "fields_to_fields_data_clump",
      "data_clump_data": {
        "_5X6NsAZjEDW_K7iRAYE0rw": {
          "key": "_5X6NsAZjEDW_K7iRAYE0rw",
          "name": "ScheduleNum",
          "type": null,
          "probability": 1,
          "modifiers": [
            "public"
          ],
          "to_variable": {
            "key": "_GWI0IgZjEDW_K7iRAYE0rw",
            "name": "ScheduleNum",
            "type": null,
            "modifiers": [
              "public"
            ],
            "position": {}
          },
          "position": {}
        },
        "_5X6NsQZjEDW_K7iRAYE0rw": {
          "key": "_5X6NsQZjEDW_K7iRAYE0rw",
          "name": "DriverNum",
          "type": null,
          "probability": 1,
          "modifiers": [
            "public"
          ],
          "to_variable": {
            "key": "_GWI0JAZjEDW_K7iRAYE0rw",
            "name": "DriverNum",
            "type": null,
            "modifiers": [
              "public"
            ],
            "position": {}
          },
          "position": {}
        },
        "_5X6NsgZjEDW_K7iRAYE0rw": {
          "key": "_5X6NsgZjEDW_K7iRAYE0rw",
          "name": "LicensePlate",
          "type": null,
          "probability": 1,
          "modifiers": [
            "public"
          ],
          "to_variable": {
            "key": "_GWI0JQZjEDW_K7iRAYE0rw",
            "name": "LicensePlate",
            "type": null,
            "modifiers": [
              "public"
            ],
            "position": {}
          },
          "position": {}
        }
      }
    },
    "fields_to_fields_data_clump-./Schedule-_GWI0IAZjEDW_K7iRAYE0rw-_5X5moAZjEDW_K7iRAYE0rw-ScheduleNumDriverNumLicensePlate": {
      "type": "data_clump",
      "key": "fields_to_fields_data_clump-./Schedule-_GWI0IAZjEDW_K7iRAYE0rw-_5X5moAZjEDW_K7iRAYE0rw-ScheduleNumDriverNumLicensePlate",
      "probability": 1,
      "from_file_path": "./Schedule",
      "from_class_or_interface_name": "Schedule",
      "from_class_or_interface_key": "_GWI0IAZjEDW_K7iRAYE0rw",
      "from_method_name": null,
      "from_method_key": null,
      "to_file_path": "./Order",
      "to_class_or_interface_key": "_5X5moAZjEDW_K7iRAYE0rw",
      "to_class_or_interface_name": "Schedule",
      "to_method_key": null,
      "to_method_name": null,
      "data_clump_type": "fields_to_fields_data_clump",
      "data_clump_data": {
        "_GWI0IgZjEDW_K7iRAYE0rw": {
          "key": "_GWI0IgZjEDW_K7iRAYE0rw",
          "name": "ScheduleNum",
          "type": null,
          "probability": 1,
          "modifiers": [
            "public"
          ],
          "to_variable": {
            "key": "_5X6NsAZjEDW_K7iRAYE0rw",
            "name": "ScheduleNum",
            "type": null,
            "modifiers": [
              "public"
            ],
            "position": {}
          },
          "position": {}
        },
        "_GWI0JAZjEDW_K7iRAYE0rw": {
          "key": "_GWI0JAZjEDW_K7iRAYE0rw",
          "name": "DriverNum",
          "type": null,
          "probability": 1,
          "modifiers": [
            "public"
          ],
          "to_variable": {
            "key": "_5X6NsQZjEDW_K7iRAYE0rw",
            "name": "DriverNum",
            "type": null,
            "modifiers": [
              "public"
            ],
            "position": {}
          },
          "position": {}
        },
        "_GWI0JQZjEDW_K7iRAYE0rw": {
          "key": "_GWI0JQZjEDW_K7iRAYE0rw",
          "name": "LicensePlate",
          "type": null,
          "probability": 1,
          "modifiers": [
            "public"
          ],
          "to_variable": {
            "key": "_5X6NsgZjEDW_K7iRAYE0rw",
            "name": "LicensePlate",
            "type": null,
            "modifiers": [
              "public"
            ],
            "position": {}
          },
          "position": {}
        }
      }
    }
  }
}