{
  "report_version": "unknown",
  "report_timestamp": "2025-03-26T22:37:56.326Z",
  "target_language": "java",
  "report_summary": {
    "additional": null,
    "amount_classes_or_interfaces_with_data_clumps": 2,
    "amount_files_with_data_clumps": 2,
    "amount_methods_with_data_clumps": 0,
    "fields_to_fields_data_clump": 2,
    "parameters_to_fields_data_clump": 0,
    "parameters_to_parameters_data_clump": 0,
    "amount_data_clumps": 2
  },
  "project_info": {
    "project_url": "unknown_project_url",
    "project_name": "_NQNKsBx_EeSCHNJdddddKw",
    "project_version": "unknown_project_version",
    "project_commit_hash": "unknown",
    "project_tag": null,
    "project_commit_date": null,
    "additional": {},
    "number_of_files": 4,
    "number_of_classes_or_interfaces": 4,
    "number_of_methods": 19,
    "number_of_data_fields": 10,
    "number_of_method_parameters": 1
  },
  "detector": {
    "name": "data-clumps-doctor",
    "url": "https://github.com/NilsBaumgartner1994/data-clumps-doctor",
    "version": "0.1.100",
    "options": {
      "typeVariablesConsidered": false,
      "similarityModifierOfVariablesWithUnknownType": 0,
      "fieldsOfClassesWithUnknownHierarchyProbabilityModifier": 0,
      "sharedFieldsToFieldsAmountMinimum": 3,
      "analyseFieldsInClassesOrInterfacesInheritedFromSuperClassesOrInterfaces": false,
      "sharedParametersToParametersAmountMinimum": 3,
      "sharedParametersToFieldsAmountMinimum": 3,
      "methodsOfClassesOrInterfacesWithUnknownHierarchyProbabilityModifier": 0
    }
  },
  "data_clumps": {
    "fields_to_fields_data_clump-./HigherAuthorities-_0uDBMP62EDG9XOb_ToxTHA-_whp5QP62EDG9XOb_ToxTHA-passwordusernameattribute": {
      "type": "data_clump",
      "key": "fields_to_fields_data_clump-./HigherAuthorities-_0uDBMP62EDG9XOb_ToxTHA-_whp5QP62EDG9XOb_ToxTHA-passwordusernameattribute",
      "probability": 1,
      "from_file_path": "./HigherAuthorities",
      "from_class_or_interface_name": "HigherAuthorities",
      "from_class_or_interface_key": "_0uDBMP62EDG9XOb_ToxTHA",
      "from_method_name": null,
      "from_method_key": null,
      "to_file_path": "./Student",
      "to_class_or_interface_key": "_whp5QP62EDG9XOb_ToxTHA",
      "to_class_or_interface_name": "HigherAuthorities",
      "to_method_key": null,
      "to_method_name": null,
      "data_clump_type": "fields_to_fields_data_clump",
      "data_clump_data": {
        "_tMzn4P63EDG7L6gKlpa2Gg": {
          "key": "_tMzn4P63EDG7L6gKlpa2Gg",
          "name": "password",
          "type": null,
          "probability": 1,
          "modifiers": [],
          "to_variable": {
            "key": "_AKZvwP63EDG9XOb_ToxTHA",
            "name": "password",
            "type": null,
            "modifiers": [],
            "position": {}
          },
          "position": {}
        },
        "_qABi0P63EDG7L6gKlpa2Gg": {
          "key": "_qABi0P63EDG7L6gKlpa2Gg",
          "name": "username",
          "type": null,
          "probability": 1,
          "modifiers": [],
          "to_variable": {
            "key": "_-y6YYP62EDG9XOb_ToxTHA",
            "name": "username",
            "type": null,
            "modifiers": [],
            "position": {}
          },
          "position": {}
        },
        "_wwM2IP63EDG7L6gKlpa2Gg": {
          "key": "_wwM2IP63EDG7L6gKlpa2Gg",
          "name": "attribute",
          "type": null,
          "probability": 1,
          "modifiers": [],
          "to_variable": {
            "key": "_IagkwP63EDG9XOb_ToxTHA",
            "name": "attribute",
            "type": null,
            "modifiers": [],
            "position": {}
          },
          "position": {}
        }
      }
    },
    "fields_to_fields_data_clump-./Student-_whp5QP62EDG9XOb_ToxTHA-_0uDBMP62EDG9XOb_ToxTHA-usernamepasswordattribute": {
      "type": "data_clump",
      "key": "fields_to_fields_data_clump-./Student-_whp5QP62EDG9XOb_ToxTHA-_0uDBMP62EDG9XOb_ToxTHA-usernamepasswordattribute",
      "probability": 1,
      "from_file_path": "./Student",
      "from_class_or_interface_name": "Student",
      "from_class_or_interface_key": "_whp5QP62EDG9XOb_ToxTHA",
      "from_method_name": null,
      "from_method_key": null,
      "to_file_path": "./HigherAuthorities",
      "to_class_or_interface_key": "_0uDBMP62EDG9XOb_ToxTHA",
      "to_class_or_interface_name": "Student",
      "to_method_key": null,
      "to_method_name": null,
      "data_clump_type": "fields_to_fields_data_clump",
      "data_clump_data": {
        "_-y6YYP62EDG9XOb_ToxTHA": {
          "key": "_-y6YYP62EDG9XOb_ToxTHA",
          "name": "username",
          "type": null,
          "probability": 1,
          "modifiers": [],
          "to_variable": {
            "key": "_qABi0P63EDG7L6gKlpa2Gg",
            "name": "username",
            "type": null,
            "modifiers": [],
            "position": {}
          },
          "position": {}
        },
        "_AKZvwP63EDG9XOb_ToxTHA": {
          "key": "_AKZvwP63EDG9XOb_ToxTHA",
          "name": "password",
          "type": null,
          "probability": 1,
          "modifiers": [],
          "to_variable": {
            "key": "_tMzn4P63EDG7L6gKlpa2Gg",
            "name": "password",
            "type": null,
            "modifiers": [],
            "position": {}
          },
          "position": {}
        },
        "_IagkwP63EDG9XOb_ToxTHA": {
          "key": "_IagkwP63EDG9XOb_ToxTHA",
          "name": "attribute",
          "type": null,
          "probability": 1,
          "modifiers": [],
          "to_variable": {
            "key": "_wwM2IP63EDG7L6gKlpa2Gg",
            "name": "attribute",
            "type": null,
            "modifiers": [],
            "position": {}
          },
          "position": {}
        }
      }
    }
  }
}