{
  "report_version": "unknown",
  "report_timestamp": "2025-03-26T22:29:13.427Z",
  "target_language": "java",
  "report_summary": {
    "additional": null,
    "amount_classes_or_interfaces_with_data_clumps": 2,
    "amount_files_with_data_clumps": 2,
    "amount_methods_with_data_clumps": 0,
    "fields_to_fields_data_clump": 2,
    "parameters_to_fields_data_clump": 0,
    "parameters_to_parameters_data_clump": 0,
    "amount_data_clumps": 2
  },
  "project_info": {
    "project_url": "unknown_project_url",
    "project_name": "_VDkyYLfzEee7sYPkE4-GPA",
    "project_version": "unknown_project_version",
    "project_commit_hash": "unknown",
    "project_tag": null,
    "project_commit_date": null,
    "additional": {},
    "number_of_files": 5,
    "number_of_classes_or_interfaces": 5,
    "number_of_methods": 0,
    "number_of_data_fields": 12,
    "number_of_method_parameters": 0
  },
  "detector": {
    "name": "data-clumps-doctor",
    "url": "https://github.com/NilsBaumgartner1994/data-clumps-doctor",
    "version": "0.1.100",
    "options": {
      "typeVariablesConsidered": false,
      "similarityModifierOfVariablesWithUnknownType": 0,
      "fieldsOfClassesWithUnknownHierarchyProbabilityModifier": 0,
      "sharedFieldsToFieldsAmountMinimum": 3,
      "analyseFieldsInClassesOrInterfacesInheritedFromSuperClassesOrInterfaces": false,
      "sharedParametersToParametersAmountMinimum": 3,
      "sharedParametersToFieldsAmountMinimum": 3,
      "methodsOfClassesOrInterfacesWithUnknownHierarchyProbabilityModifier": 0
    }
  },
  "data_clumps": {
    "fields_to_fields_data_clump-./сlassChannel-_BkkTUJojEDWWbae62VzQTA-_3ObekJolEDWWbae62VzQTA-CreatorMembersAdmins": {
      "type": "data_clump",
      "key": "fields_to_fields_data_clump-./сlassChannel-_BkkTUJojEDWWbae62VzQTA-_3ObekJolEDWWbae62VzQTA-CreatorMembersAdmins",
      "probability": 1,
      "from_file_path": "./сlassChannel",
      "from_class_or_interface_name": "сlassChannel",
      "from_class_or_interface_key": "_BkkTUJojEDWWbae62VzQTA",
      "from_method_name": null,
      "from_method_key": null,
      "to_file_path": "./сlassGroup",
      "to_class_or_interface_key": "_3ObekJolEDWWbae62VzQTA",
      "to_class_or_interface_name": "сlassChannel",
      "to_method_key": null,
      "to_method_name": null,
      "data_clump_type": "fields_to_fields_data_clump",
      "data_clump_data": {
        "_eO6F8JolEDWWbae62VzQTA": {
          "key": "_eO6F8JolEDWWbae62VzQTA",
          "name": "Creator",
          "type": null,
          "probability": 1,
          "modifiers": [],
          "to_variable": {
            "key": "_3ObekZolEDWWbae62VzQTA",
            "name": "Creator",
            "type": null,
            "modifiers": [],
            "position": {}
          },
          "position": {}
        },
        "_xzSEgJolEDWWbae62VzQTA": {
          "key": "_xzSEgJolEDWWbae62VzQTA",
          "name": "Members",
          "type": null,
          "probability": 1,
          "modifiers": [],
          "to_variable": {
            "key": "_3ObekpolEDWWbae62VzQTA",
            "name": "Members",
            "type": null,
            "modifiers": [],
            "position": {}
          },
          "position": {}
        },
        "_T3voYJomEDWWbae62VzQTA": {
          "key": "_T3voYJomEDWWbae62VzQTA",
          "name": "Admins",
          "type": null,
          "probability": 1,
          "modifiers": [],
          "to_variable": {
            "key": "_eS8b8JomEDWWbae62VzQTA",
            "name": "Admins",
            "type": null,
            "modifiers": [],
            "position": {}
          },
          "position": {}
        }
      }
    },
    "fields_to_fields_data_clump-./сlassGroup-_3ObekJolEDWWbae62VzQTA-_BkkTUJojEDWWbae62VzQTA-CreatorMembersAdmins": {
      "type": "data_clump",
      "key": "fields_to_fields_data_clump-./сlassGroup-_3ObekJolEDWWbae62VzQTA-_BkkTUJojEDWWbae62VzQTA-CreatorMembersAdmins",
      "probability": 1,
      "from_file_path": "./сlassGroup",
      "from_class_or_interface_name": "сlassGroup",
      "from_class_or_interface_key": "_3ObekJolEDWWbae62VzQTA",
      "from_method_name": null,
      "from_method_key": null,
      "to_file_path": "./сlassChannel",
      "to_class_or_interface_key": "_BkkTUJojEDWWbae62VzQTA",
      "to_class_or_interface_name": "сlassGroup",
      "to_method_key": null,
      "to_method_name": null,
      "data_clump_type": "fields_to_fields_data_clump",
      "data_clump_data": {
        "_3ObekZolEDWWbae62VzQTA": {
          "key": "_3ObekZolEDWWbae62VzQTA",
          "name": "Creator",
          "type": null,
          "probability": 1,
          "modifiers": [],
          "to_variable": {
            "key": "_eO6F8JolEDWWbae62VzQTA",
            "name": "Creator",
            "type": null,
            "modifiers": [],
            "position": {}
          },
          "position": {}
        },
        "_3ObekpolEDWWbae62VzQTA": {
          "key": "_3ObekpolEDWWbae62VzQTA",
          "name": "Members",
          "type": null,
          "probability": 1,
          "modifiers": [],
          "to_variable": {
            "key": "_xzSEgJolEDWWbae62VzQTA",
            "name": "Members",
            "type": null,
            "modifiers": [],
            "position": {}
          },
          "position": {}
        },
        "_eS8b8JomEDWWbae62VzQTA": {
          "key": "_eS8b8JomEDWWbae62VzQTA",
          "name": "Admins",
          "type": null,
          "probability": 1,
          "modifiers": [],
          "to_variable": {
            "key": "_T3voYJomEDWWbae62VzQTA",
            "name": "Admins",
            "type": null,
            "modifiers": [],
            "position": {}
          },
          "position": {}
        }
      }
    }
  }
}