{
  "report_version": "unknown",
  "report_timestamp": "2025-03-26T22:01:36.108Z",
  "target_language": "java",
  "report_summary": {
    "additional": null,
    "amount_classes_or_interfaces_with_data_clumps": 2,
    "amount_files_with_data_clumps": 2,
    "amount_methods_with_data_clumps": 0,
    "fields_to_fields_data_clump": 2,
    "parameters_to_fields_data_clump": 0,
    "parameters_to_parameters_data_clump": 0,
    "amount_data_clumps": 2
  },
  "project_info": {
    "project_url": "unknown_project_url",
    "project_name": "_8ev-0H20EeeEVMtrU1Znfg",
    "project_version": "unknown_project_version",
    "project_commit_hash": "unknown",
    "project_tag": null,
    "project_commit_date": null,
    "additional": {},
    "number_of_files": 5,
    "number_of_classes_or_interfaces": 5,
    "number_of_methods": 7,
    "number_of_data_fields": 16,
    "number_of_method_parameters": 0
  },
  "detector": {
    "name": "data-clumps-doctor",
    "url": "https://github.com/NilsBaumgartner1994/data-clumps-doctor",
    "version": "0.1.100",
    "options": {
      "typeVariablesConsidered": false,
      "similarityModifierOfVariablesWithUnknownType": 0,
      "fieldsOfClassesWithUnknownHierarchyProbabilityModifier": 0,
      "sharedFieldsToFieldsAmountMinimum": 3,
      "analyseFieldsInClassesOrInterfacesInheritedFromSuperClassesOrInterfaces": false,
      "sharedParametersToParametersAmountMinimum": 3,
      "sharedParametersToFieldsAmountMinimum": 3,
      "methodsOfClassesOrInterfacesWithUnknownHierarchyProbabilityModifier": 0
    }
  },
  "data_clumps": {
    "fields_to_fields_data_clump-./Student-_BfKt8F_jEDWGc_HB2qP6Xg-_End7oF_jEDWGc_HB2qP6Xg-NameAddressPhoneNumber": {
      "type": "data_clump",
      "key": "fields_to_fields_data_clump-./Student-_BfKt8F_jEDWGc_HB2qP6Xg-_End7oF_jEDWGc_HB2qP6Xg-NameAddressPhoneNumber",
      "probability": 1,
      "from_file_path": "./Student",
      "from_class_or_interface_name": "Student",
      "from_class_or_interface_key": "_BfKt8F_jEDWGc_HB2qP6Xg",
      "from_method_name": null,
      "from_method_key": null,
      "to_file_path": "./User",
      "to_class_or_interface_key": "_End7oF_jEDWGc_HB2qP6Xg",
      "to_class_or_interface_name": "Student",
      "to_method_key": null,
      "to_method_name": null,
      "data_clump_type": "fields_to_fields_data_clump",
      "data_clump_data": {
        "_nurggF_kEDWGc_HB2qP6Xg": {
          "key": "_nurggF_kEDWGc_HB2qP6Xg",
          "name": "Name",
          "type": null,
          "probability": 1,
          "modifiers": [
            "public"
          ],
          "to_variable": {
            "key": "_GSw4cF_mEDWGc_HB2qP6Xg",
            "name": "Name",
            "type": null,
            "modifiers": [
              "public"
            ],
            "position": {}
          },
          "position": {}
        },
        "_ociFAF_kEDWGc_HB2qP6Xg": {
          "key": "_ociFAF_kEDWGc_HB2qP6Xg",
          "name": "Address",
          "type": null,
          "probability": 1,
          "modifiers": [
            "public"
          ],
          "to_variable": {
            "key": "_f11ekGGdEDWGc_HB2qP6Xg",
            "name": "Address",
            "type": null,
            "modifiers": [
              "public"
            ],
            "position": {}
          },
          "position": {}
        },
        "_o23QkF_kEDWGc_HB2qP6Xg": {
          "key": "_o23QkF_kEDWGc_HB2qP6Xg",
          "name": "PhoneNumber",
          "type": null,
          "probability": 1,
          "modifiers": [
            "public"
          ],
          "to_variable": {
            "key": "_MGGJAF_mEDWGc_HB2qP6Xg",
            "name": "PhoneNumber",
            "type": null,
            "modifiers": [
              "public"
            ],
            "position": {}
          },
          "position": {}
        }
      }
    },
    "fields_to_fields_data_clump-./User-_End7oF_jEDWGc_HB2qP6Xg-_BfKt8F_jEDWGc_HB2qP6Xg-NamePhoneNumberAddress": {
      "type": "data_clump",
      "key": "fields_to_fields_data_clump-./User-_End7oF_jEDWGc_HB2qP6Xg-_BfKt8F_jEDWGc_HB2qP6Xg-NamePhoneNumberAddress",
      "probability": 1,
      "from_file_path": "./User",
      "from_class_or_interface_name": "User",
      "from_class_or_interface_key": "_End7oF_jEDWGc_HB2qP6Xg",
      "from_method_name": null,
      "from_method_key": null,
      "to_file_path": "./Student",
      "to_class_or_interface_key": "_BfKt8F_jEDWGc_HB2qP6Xg",
      "to_class_or_interface_name": "User",
      "to_method_key": null,
      "to_method_name": null,
      "data_clump_type": "fields_to_fields_data_clump",
      "data_clump_data": {
        "_GSw4cF_mEDWGc_HB2qP6Xg": {
          "key": "_GSw4cF_mEDWGc_HB2qP6Xg",
          "name": "Name",
          "type": null,
          "probability": 1,
          "modifiers": [
            "public"
          ],
          "to_variable": {
            "key": "_nurggF_kEDWGc_HB2qP6Xg",
            "name": "Name",
            "type": null,
            "modifiers": [
              "public"
            ],
            "position": {}
          },
          "position": {}
        },
        "_MGGJAF_mEDWGc_HB2qP6Xg": {
          "key": "_MGGJAF_mEDWGc_HB2qP6Xg",
          "name": "PhoneNumber",
          "type": null,
          "probability": 1,
          "modifiers": [
            "public"
          ],
          "to_variable": {
            "key": "_o23QkF_kEDWGc_HB2qP6Xg",
            "name": "PhoneNumber",
            "type": null,
            "modifiers": [
              "public"
            ],
            "position": {}
          },
          "position": {}
        },
        "_f11ekGGdEDWGc_HB2qP6Xg": {
          "key": "_f11ekGGdEDWGc_HB2qP6Xg",
          "name": "Address",
          "type": null,
          "probability": 1,
          "modifiers": [
            "public"
          ],
          "to_variable": {
            "key": "_ociFAF_kEDWGc_HB2qP6Xg",
            "name": "Address",
            "type": null,
            "modifiers": [
              "public"
            ],
            "position": {}
          },
          "position": {}
        }
      }
    }
  }
}