{
  "report_version": "unknown",
  "report_timestamp": "2025-03-26T22:02:19.448Z",
  "target_language": "java",
  "report_summary": {
    "additional": null,
    "amount_classes_or_interfaces_with_data_clumps": 1,
    "amount_files_with_data_clumps": 1,
    "amount_methods_with_data_clumps": 1,
    "fields_to_fields_data_clump": 0,
    "parameters_to_fields_data_clump": 1,
    "parameters_to_parameters_data_clump": 0,
    "amount_data_clumps": 1
  },
  "project_info": {
    "project_url": "unknown_project_url",
    "project_name": "_h5Y-0BR0EeSTV6l4790RsQ",
    "project_version": "unknown_project_version",
    "project_commit_hash": "unknown",
    "project_tag": null,
    "project_commit_date": null,
    "additional": {},
    "number_of_files": 13,
    "number_of_classes_or_interfaces": 13,
    "number_of_methods": 36,
    "number_of_data_fields": 36,
    "number_of_method_parameters": 13
  },
  "detector": {
    "name": "data-clumps-doctor",
    "url": "https://github.com/NilsBaumgartner1994/data-clumps-doctor",
    "version": "0.1.100",
    "options": {
      "typeVariablesConsidered": false,
      "similarityModifierOfVariablesWithUnknownType": 0,
      "fieldsOfClassesWithUnknownHierarchyProbabilityModifier": 0,
      "sharedFieldsToFieldsAmountMinimum": 3,
      "analyseFieldsInClassesOrInterfacesInheritedFromSuperClassesOrInterfaces": false,
      "sharedParametersToParametersAmountMinimum": 3,
      "sharedParametersToFieldsAmountMinimum": 3,
      "methodsOfClassesOrInterfacesWithUnknownHierarchyProbabilityModifier": 0
    }
  },
  "data_clumps": {
    "parameters_to_fields_data_clump-./Transaction-_9VnaIAEKEDKFH_zuOH6_Rg-_mEFNUAEKEDKFH_zuOH6_Rg-iddateamountdetails": {
      "type": "data_clump",
      "key": "parameters_to_fields_data_clump-./Transaction-_9VnaIAEKEDKFH_zuOH6_Rg-_mEFNUAEKEDKFH_zuOH6_Rg-iddateamountdetails",
      "probability": 1,
      "from_file_path": "./Transaction",
      "from_class_or_interface_name": "Transaction",
      "from_class_or_interface_key": "_mEFNUAEKEDKFH_zuOH6_Rg",
      "from_method_name": "Transaction",
      "from_method_key": "_9VnaIAEKEDKFH_zuOH6_Rg",
      "to_file_path": "./Transaction",
      "to_class_or_interface_name": "Transaction",
      "to_class_or_interface_key": "_mEFNUAEKEDKFH_zuOH6_Rg",
      "to_method_name": null,
      "to_method_key": null,
      "data_clump_type": "parameters_to_fields_data_clump",
      "data_clump_data": {
        "_Xfdh8BcyEDKuWseNpxlkdQ": {
          "key": "_Xfdh8BcyEDKuWseNpxlkdQ",
          "name": "id",
          "type": null,
          "probability": 1,
          "modifiers": [],
          "to_variable": {
            "key": "_SSDo8BcyEDKuWseNpxlkdQ",
            "name": "id",
            "type": null,
            "modifiers": [
              "private"
            ],
            "position": {}
          },
          "position": {}
        },
        "_ENJSoAELEDKFH_zuOH6_Rg": {
          "key": "_ENJSoAELEDKFH_zuOH6_Rg",
          "name": "date",
          "type": null,
          "probability": 1,
          "modifiers": [],
          "to_variable": {
            "key": "_s1X68AEKEDKFH_zuOH6_Rg",
            "name": "date",
            "type": null,
            "modifiers": [
              "private"
            ],
            "position": {}
          },
          "position": {}
        },
        "_HMtbEAELEDKFH_zuOH6_Rg": {
          "key": "_HMtbEAELEDKFH_zuOH6_Rg",
          "name": "amount",
          "type": null,
          "probability": 1,
          "modifiers": [],
          "to_variable": {
            "key": "_1R2_EAEKEDKFH_zuOH6_Rg",
            "name": "amount",
            "type": null,
            "modifiers": [
              "private"
            ],
            "position": {}
          },
          "position": {}
        },
        "_aFAhUAEMEDKFH_zuOH6_Rg": {
          "key": "_aFAhUAEMEDKFH_zuOH6_Rg",
          "name": "details",
          "type": null,
          "probability": 1,
          "modifiers": [],
          "to_variable": {
            "key": "_R1p6QAEMEDKFH_zuOH6_Rg",
            "name": "details",
            "type": null,
            "modifiers": [
              "private"
            ],
            "position": {}
          },
          "position": {}
        }
      }
    }
  }
}