{
  "report_version": "unknown",
  "report_timestamp": "2025-03-26T22:35:00.668Z",
  "target_language": "java",
  "report_summary": {
    "additional": null,
    "amount_classes_or_interfaces_with_data_clumps": 3,
    "amount_files_with_data_clumps": 3,
    "amount_methods_with_data_clumps": 3,
    "fields_to_fields_data_clump": 0,
    "parameters_to_fields_data_clump": 0,
    "parameters_to_parameters_data_clump": 6,
    "amount_data_clumps": 6
  },
  "project_info": {
    "project_url": "unknown_project_url",
    "project_name": "_iNqO0A1GEe2TQ77rRj9fOQ",
    "project_version": "unknown_project_version",
    "project_commit_hash": "unknown",
    "project_tag": null,
    "project_commit_date": null,
    "additional": {},
    "number_of_files": 8,
    "number_of_classes_or_interfaces": 8,
    "number_of_methods": 26,
    "number_of_data_fields": 12,
    "number_of_method_parameters": 24
  },
  "detector": {
    "name": "data-clumps-doctor",
    "url": "https://github.com/NilsBaumgartner1994/data-clumps-doctor",
    "version": "0.1.100",
    "options": {
      "typeVariablesConsidered": false,
      "similarityModifierOfVariablesWithUnknownType": 0,
      "fieldsOfClassesWithUnknownHierarchyProbabilityModifier": 0,
      "sharedFieldsToFieldsAmountMinimum": 3,
      "analyseFieldsInClassesOrInterfacesInheritedFromSuperClassesOrInterfaces": false,
      "sharedParametersToParametersAmountMinimum": 3,
      "sharedParametersToFieldsAmountMinimum": 3,
      "methodsOfClassesOrInterfacesWithUnknownHierarchyProbabilityModifier": 0
    }
  },
  "data_clumps": {
    "parameters_to_parameters_data_clump-./Cilindro-_bNys0O99EDqvXbf-FmwK0Q-_g6gNcO98EDqvXbf-FmwK0Q-ran": {
      "type": "data_clump",
      "key": "parameters_to_parameters_data_clump-./Cilindro-_bNys0O99EDqvXbf-FmwK0Q-_g6gNcO98EDqvXbf-FmwK0Q-ran",
      "probability": 1,
      "from_file_path": "./Cilindro",
      "from_class_or_interface_name": "Cilindro",
      "from_class_or_interface_key": "_cGvOYO96EDqvXbf-FmwK0Q",
      "from_method_name": "Cilindro",
      "from_method_key": "_bNys0O99EDqvXbf-FmwK0Q",
      "to_file_path": "./Cono",
      "to_class_or_interface_name": "Cono",
      "to_class_or_interface_key": "_aqxmsO96EDqvXbf-FmwK0Q",
      "to_method_name": "Cono",
      "to_method_key": "_g6gNcO98EDqvXbf-FmwK0Q",
      "data_clump_type": "parameters_to_parameters_data_clump",
      "data_clump_data": {
        "_bNzT4O99EDqvXbf-FmwK0Q": {
          "key": "_bNzT4O99EDqvXbf-FmwK0Q",
          "name": "r",
          "type": null,
          "probability": 1,
          "modifiers": [],
          "to_variable": {
            "key": "_i5S1YO98EDqvXbf-FmwK0Q",
            "name": "r",
            "type": null,
            "modifiers": [],
            "position": {}
          },
          "position": {}
        },
        "_bNzT4e99EDqvXbf-FmwK0Q": {
          "key": "_bNzT4e99EDqvXbf-FmwK0Q",
          "name": "a",
          "type": null,
          "probability": 1,
          "modifiers": [],
          "to_variable": {
            "key": "_z-hQ8O98EDqvXbf-FmwK0Q",
            "name": "a",
            "type": null,
            "modifiers": [],
            "position": {}
          },
          "position": {}
        },
        "_bNzT4u99EDqvXbf-FmwK0Q": {
          "key": "_bNzT4u99EDqvXbf-FmwK0Q",
          "name": "n",
          "type": null,
          "probability": 1,
          "modifiers": [],
          "to_variable": {
            "key": "_2CMY4O98EDqvXbf-FmwK0Q",
            "name": "n",
            "type": null,
            "modifiers": [],
            "position": {}
          },
          "position": {}
        }
      }
    },
    "parameters_to_parameters_data_clump-./Cilindro-_bNys0O99EDqvXbf-FmwK0Q-_pJ7xMO91EDqvXbf-FmwK0Q-ran": {
      "type": "data_clump",
      "key": "parameters_to_parameters_data_clump-./Cilindro-_bNys0O99EDqvXbf-FmwK0Q-_pJ7xMO91EDqvXbf-FmwK0Q-ran",
      "probability": 1,
      "from_file_path": "./Cilindro",
      "from_class_or_interface_name": "Cilindro",
      "from_class_or_interface_key": "_cGvOYO96EDqvXbf-FmwK0Q",
      "from_method_name": "Cilindro",
      "from_method_key": "_bNys0O99EDqvXbf-FmwK0Q",
      "to_file_path": "./Figura",
      "to_class_or_interface_name": "Figura",
      "to_class_or_interface_key": "_mKmHsO90EDqvXbf-FmwK0Q",
      "to_method_name": "Figura",
      "to_method_key": "_pJ7xMO91EDqvXbf-FmwK0Q",
      "data_clump_type": "parameters_to_parameters_data_clump",
      "data_clump_data": {
        "_bNzT4O99EDqvXbf-FmwK0Q": {
          "key": "_bNzT4O99EDqvXbf-FmwK0Q",
          "name": "r",
          "type": null,
          "probability": 1,
          "modifiers": [],
          "to_variable": {
            "key": "_5D4FYO91EDqvXbf-FmwK0Q",
            "name": "r",
            "type": null,
            "modifiers": [],
            "position": {}
          },
          "position": {}
        },
        "_bNzT4e99EDqvXbf-FmwK0Q": {
          "key": "_bNzT4e99EDqvXbf-FmwK0Q",
          "name": "a",
          "type": null,
          "probability": 1,
          "modifiers": [],
          "to_variable": {
            "key": "_8DtTkO91EDqvXbf-FmwK0Q",
            "name": "a",
            "type": null,
            "modifiers": [],
            "position": {}
          },
          "position": {}
        },
        "_bNzT4u99EDqvXbf-FmwK0Q": {
          "key": "_bNzT4u99EDqvXbf-FmwK0Q",
          "name": "n",
          "type": null,
          "probability": 1,
          "modifiers": [],
          "to_variable": {
            "key": "_qxOfIO91EDqvXbf-FmwK0Q",
            "name": "n",
            "type": null,
            "modifiers": [],
            "position": {}
          },
          "position": {}
        }
      }
    },
    "parameters_to_parameters_data_clump-./Cono-_g6gNcO98EDqvXbf-FmwK0Q-_bNys0O99EDqvXbf-FmwK0Q-ran": {
      "type": "data_clump",
      "key": "parameters_to_parameters_data_clump-./Cono-_g6gNcO98EDqvXbf-FmwK0Q-_bNys0O99EDqvXbf-FmwK0Q-ran",
      "probability": 1,
      "from_file_path": "./Cono",
      "from_class_or_interface_name": "Cono",
      "from_class_or_interface_key": "_aqxmsO96EDqvXbf-FmwK0Q",
      "from_method_name": "Cono",
      "from_method_key": "_g6gNcO98EDqvXbf-FmwK0Q",
      "to_file_path": "./Cilindro",
      "to_class_or_interface_name": "Cilindro",
      "to_class_or_interface_key": "_cGvOYO96EDqvXbf-FmwK0Q",
      "to_method_name": "Cilindro",
      "to_method_key": "_bNys0O99EDqvXbf-FmwK0Q",
      "data_clump_type": "parameters_to_parameters_data_clump",
      "data_clump_data": {
        "_i5S1YO98EDqvXbf-FmwK0Q": {
          "key": "_i5S1YO98EDqvXbf-FmwK0Q",
          "name": "r",
          "type": null,
          "probability": 1,
          "modifiers": [],
          "to_variable": {
            "key": "_bNzT4O99EDqvXbf-FmwK0Q",
            "name": "r",
            "type": null,
            "modifiers": [],
            "position": {}
          },
          "position": {}
        },
        "_z-hQ8O98EDqvXbf-FmwK0Q": {
          "key": "_z-hQ8O98EDqvXbf-FmwK0Q",
          "name": "a",
          "type": null,
          "probability": 1,
          "modifiers": [],
          "to_variable": {
            "key": "_bNzT4e99EDqvXbf-FmwK0Q",
            "name": "a",
            "type": null,
            "modifiers": [],
            "position": {}
          },
          "position": {}
        },
        "_2CMY4O98EDqvXbf-FmwK0Q": {
          "key": "_2CMY4O98EDqvXbf-FmwK0Q",
          "name": "n",
          "type": null,
          "probability": 1,
          "modifiers": [],
          "to_variable": {
            "key": "_bNzT4u99EDqvXbf-FmwK0Q",
            "name": "n",
            "type": null,
            "modifiers": [],
            "position": {}
          },
          "position": {}
        }
      }
    },
    "parameters_to_parameters_data_clump-./Cono-_g6gNcO98EDqvXbf-FmwK0Q-_pJ7xMO91EDqvXbf-FmwK0Q-ran": {
      "type": "data_clump",
      "key": "parameters_to_parameters_data_clump-./Cono-_g6gNcO98EDqvXbf-FmwK0Q-_pJ7xMO91EDqvXbf-FmwK0Q-ran",
      "probability": 1,
      "from_file_path": "./Cono",
      "from_class_or_interface_name": "Cono",
      "from_class_or_interface_key": "_aqxmsO96EDqvXbf-FmwK0Q",
      "from_method_name": "Cono",
      "from_method_key": "_g6gNcO98EDqvXbf-FmwK0Q",
      "to_file_path": "./Figura",
      "to_class_or_interface_name": "Figura",
      "to_class_or_interface_key": "_mKmHsO90EDqvXbf-FmwK0Q",
      "to_method_name": "Figura",
      "to_method_key": "_pJ7xMO91EDqvXbf-FmwK0Q",
      "data_clump_type": "parameters_to_parameters_data_clump",
      "data_clump_data": {
        "_i5S1YO98EDqvXbf-FmwK0Q": {
          "key": "_i5S1YO98EDqvXbf-FmwK0Q",
          "name": "r",
          "type": null,
          "probability": 1,
          "modifiers": [],
          "to_variable": {
            "key": "_5D4FYO91EDqvXbf-FmwK0Q",
            "name": "r",
            "type": null,
            "modifiers": [],
            "position": {}
          },
          "position": {}
        },
        "_z-hQ8O98EDqvXbf-FmwK0Q": {
          "key": "_z-hQ8O98EDqvXbf-FmwK0Q",
          "name": "a",
          "type": null,
          "probability": 1,
          "modifiers": [],
          "to_variable": {
            "key": "_8DtTkO91EDqvXbf-FmwK0Q",
            "name": "a",
            "type": null,
            "modifiers": [],
            "position": {}
          },
          "position": {}
        },
        "_2CMY4O98EDqvXbf-FmwK0Q": {
          "key": "_2CMY4O98EDqvXbf-FmwK0Q",
          "name": "n",
          "type": null,
          "probability": 1,
          "modifiers": [],
          "to_variable": {
            "key": "_qxOfIO91EDqvXbf-FmwK0Q",
            "name": "n",
            "type": null,
            "modifiers": [],
            "position": {}
          },
          "position": {}
        }
      }
    },
    "parameters_to_parameters_data_clump-./Figura-_pJ7xMO91EDqvXbf-FmwK0Q-_bNys0O99EDqvXbf-FmwK0Q-nra": {
      "type": "data_clump",
      "key": "parameters_to_parameters_data_clump-./Figura-_pJ7xMO91EDqvXbf-FmwK0Q-_bNys0O99EDqvXbf-FmwK0Q-nra",
      "probability": 1,
      "from_file_path": "./Figura",
      "from_class_or_interface_name": "Figura",
      "from_class_or_interface_key": "_mKmHsO90EDqvXbf-FmwK0Q",
      "from_method_name": "Figura",
      "from_method_key": "_pJ7xMO91EDqvXbf-FmwK0Q",
      "to_file_path": "./Cilindro",
      "to_class_or_interface_name": "Cilindro",
      "to_class_or_interface_key": "_cGvOYO96EDqvXbf-FmwK0Q",
      "to_method_name": "Cilindro",
      "to_method_key": "_bNys0O99EDqvXbf-FmwK0Q",
      "data_clump_type": "parameters_to_parameters_data_clump",
      "data_clump_data": {
        "_qxOfIO91EDqvXbf-FmwK0Q": {
          "key": "_qxOfIO91EDqvXbf-FmwK0Q",
          "name": "n",
          "type": null,
          "probability": 1,
          "modifiers": [],
          "to_variable": {
            "key": "_bNzT4u99EDqvXbf-FmwK0Q",
            "name": "n",
            "type": null,
            "modifiers": [],
            "position": {}
          },
          "position": {}
        },
        "_5D4FYO91EDqvXbf-FmwK0Q": {
          "key": "_5D4FYO91EDqvXbf-FmwK0Q",
          "name": "r",
          "type": null,
          "probability": 1,
          "modifiers": [],
          "to_variable": {
            "key": "_bNzT4O99EDqvXbf-FmwK0Q",
            "name": "r",
            "type": null,
            "modifiers": [],
            "position": {}
          },
          "position": {}
        },
        "_8DtTkO91EDqvXbf-FmwK0Q": {
          "key": "_8DtTkO91EDqvXbf-FmwK0Q",
          "name": "a",
          "type": null,
          "probability": 1,
          "modifiers": [],
          "to_variable": {
            "key": "_bNzT4e99EDqvXbf-FmwK0Q",
            "name": "a",
            "type": null,
            "modifiers": [],
            "position": {}
          },
          "position": {}
        }
      }
    },
    "parameters_to_parameters_data_clump-./Figura-_pJ7xMO91EDqvXbf-FmwK0Q-_g6gNcO98EDqvXbf-FmwK0Q-nra": {
      "type": "data_clump",
      "key": "parameters_to_parameters_data_clump-./Figura-_pJ7xMO91EDqvXbf-FmwK0Q-_g6gNcO98EDqvXbf-FmwK0Q-nra",
      "probability": 1,
      "from_file_path": "./Figura",
      "from_class_or_interface_name": "Figura",
      "from_class_or_interface_key": "_mKmHsO90EDqvXbf-FmwK0Q",
      "from_method_name": "Figura",
      "from_method_key": "_pJ7xMO91EDqvXbf-FmwK0Q",
      "to_file_path": "./Cono",
      "to_class_or_interface_name": "Cono",
      "to_class_or_interface_key": "_aqxmsO96EDqvXbf-FmwK0Q",
      "to_method_name": "Cono",
      "to_method_key": "_g6gNcO98EDqvXbf-FmwK0Q",
      "data_clump_type": "parameters_to_parameters_data_clump",
      "data_clump_data": {
        "_qxOfIO91EDqvXbf-FmwK0Q": {
          "key": "_qxOfIO91EDqvXbf-FmwK0Q",
          "name": "n",
          "type": null,
          "probability": 1,
          "modifiers": [],
          "to_variable": {
            "key": "_2CMY4O98EDqvXbf-FmwK0Q",
            "name": "n",
            "type": null,
            "modifiers": [],
            "position": {}
          },
          "position": {}
        },
        "_5D4FYO91EDqvXbf-FmwK0Q": {
          "key": "_5D4FYO91EDqvXbf-FmwK0Q",
          "name": "r",
          "type": null,
          "probability": 1,
          "modifiers": [],
          "to_variable": {
            "key": "_i5S1YO98EDqvXbf-FmwK0Q",
            "name": "r",
            "type": null,
            "modifiers": [],
            "position": {}
          },
          "position": {}
        },
        "_8DtTkO91EDqvXbf-FmwK0Q": {
          "key": "_8DtTkO91EDqvXbf-FmwK0Q",
          "name": "a",
          "type": null,
          "probability": 1,
          "modifiers": [],
          "to_variable": {
            "key": "_z-hQ8O98EDqvXbf-FmwK0Q",
            "name": "a",
            "type": null,
            "modifiers": [],
            "position": {}
          },
          "position": {}
        }
      }
    }
  }
}