{
  "report_version": "unknown",
  "report_timestamp": "2025-03-26T21:41:45.300Z",
  "target_language": "java",
  "report_summary": {
    "additional": null,
    "amount_classes_or_interfaces_with_data_clumps": 2,
    "amount_files_with_data_clumps": 2,
    "amount_methods_with_data_clumps": 2,
    "fields_to_fields_data_clump": 0,
    "parameters_to_fields_data_clump": 0,
    "parameters_to_parameters_data_clump": 2,
    "amount_data_clumps": 2
  },
  "project_info": {
    "project_url": "unknown_project_url",
    "project_name": "_SZkDUBqEEeig8qiayYYCew",
    "project_version": "unknown_project_version",
    "project_commit_hash": "unknown",
    "project_tag": null,
    "project_commit_date": null,
    "additional": {},
    "number_of_files": 7,
    "number_of_classes_or_interfaces": 7,
    "number_of_methods": 34,
    "number_of_data_fields": 18,
    "number_of_method_parameters": 16
  },
  "detector": {
    "name": "data-clumps-doctor",
    "url": "https://github.com/NilsBaumgartner1994/data-clumps-doctor",
    "version": "0.1.100",
    "options": {
      "typeVariablesConsidered": false,
      "similarityModifierOfVariablesWithUnknownType": 0,
      "fieldsOfClassesWithUnknownHierarchyProbabilityModifier": 0,
      "sharedFieldsToFieldsAmountMinimum": 3,
      "analyseFieldsInClassesOrInterfacesInheritedFromSuperClassesOrInterfaces": false,
      "sharedParametersToParametersAmountMinimum": 3,
      "sharedParametersToFieldsAmountMinimum": 3,
      "methodsOfClassesOrInterfacesWithUnknownHierarchyProbabilityModifier": 0
    }
  },
  "data_clumps": {
    "parameters_to_parameters_data_clump-./Customer-_8PSBEPzEEDWeM-A3q0Peng-_kG4y0PzGEDWeM-A3q0Peng-parameterparameter2parameter3parameter4": {
      "type": "data_clump",
      "key": "parameters_to_parameters_data_clump-./Customer-_8PSBEPzEEDWeM-A3q0Peng-_kG4y0PzGEDWeM-A3q0Peng-parameterparameter2parameter3parameter4",
      "probability": 1,
      "from_file_path": "./Customer",
      "from_class_or_interface_name": "Customer",
      "from_class_or_interface_key": "_jbqy8PzDEDWeM-A3q0Peng",
      "from_method_name": "Customer",
      "from_method_key": "_8PSBEPzEEDWeM-A3q0Peng",
      "to_file_path": "./Vehicle",
      "to_class_or_interface_name": "Vehicle",
      "to_class_or_interface_key": "_lM9fgPzFEDWeM-A3q0Peng",
      "to_method_name": "Vehicle",
      "to_method_key": "_kG4y0PzGEDWeM-A3q0Peng",
      "data_clump_type": "parameters_to_parameters_data_clump",
      "data_clump_data": {
        "_-Xx-oPzEEDWeM-A3q0Peng": {
          "key": "_-Xx-oPzEEDWeM-A3q0Peng",
          "name": "parameter",
          "type": null,
          "probability": 1,
          "modifiers": [],
          "to_variable": {
            "key": "_kG5Z4PzGEDWeM-A3q0Peng",
            "name": "parameter",
            "type": null,
            "modifiers": [],
            "position": {}
          },
          "position": {}
        },
        "_-eWgsPzEEDWeM-A3q0Peng": {
          "key": "_-eWgsPzEEDWeM-A3q0Peng",
          "name": "parameter2",
          "type": null,
          "probability": 1,
          "modifiers": [],
          "to_variable": {
            "key": "_kG5Z4fzGEDWeM-A3q0Peng",
            "name": "parameter2",
            "type": null,
            "modifiers": [],
            "position": {}
          },
          "position": {}
        },
        "_-jffYPzEEDWeM-A3q0Peng": {
          "key": "_-jffYPzEEDWeM-A3q0Peng",
          "name": "parameter3",
          "type": null,
          "probability": 1,
          "modifiers": [],
          "to_variable": {
            "key": "_kG5Z4vzGEDWeM-A3q0Peng",
            "name": "parameter3",
            "type": null,
            "modifiers": [],
            "position": {}
          },
          "position": {}
        },
        "_-nZvAPzEEDWeM-A3q0Peng": {
          "key": "_-nZvAPzEEDWeM-A3q0Peng",
          "name": "parameter4",
          "type": null,
          "probability": 1,
          "modifiers": [],
          "to_variable": {
            "key": "_kG5Z4_zGEDWeM-A3q0Peng",
            "name": "parameter4",
            "type": null,
            "modifiers": [],
            "position": {}
          },
          "position": {}
        }
      }
    },
    "parameters_to_parameters_data_clump-./Vehicle-_kG4y0PzGEDWeM-A3q0Peng-_8PSBEPzEEDWeM-A3q0Peng-parameterparameter2parameter3parameter4": {
      "type": "data_clump",
      "key": "parameters_to_parameters_data_clump-./Vehicle-_kG4y0PzGEDWeM-A3q0Peng-_8PSBEPzEEDWeM-A3q0Peng-parameterparameter2parameter3parameter4",
      "probability": 1,
      "from_file_path": "./Vehicle",
      "from_class_or_interface_name": "Vehicle",
      "from_class_or_interface_key": "_lM9fgPzFEDWeM-A3q0Peng",
      "from_method_name": "Vehicle",
      "from_method_key": "_kG4y0PzGEDWeM-A3q0Peng",
      "to_file_path": "./Customer",
      "to_class_or_interface_name": "Customer",
      "to_class_or_interface_key": "_jbqy8PzDEDWeM-A3q0Peng",
      "to_method_name": "Customer",
      "to_method_key": "_8PSBEPzEEDWeM-A3q0Peng",
      "data_clump_type": "parameters_to_parameters_data_clump",
      "data_clump_data": {
        "_kG5Z4PzGEDWeM-A3q0Peng": {
          "key": "_kG5Z4PzGEDWeM-A3q0Peng",
          "name": "parameter",
          "type": null,
          "probability": 1,
          "modifiers": [],
          "to_variable": {
            "key": "_-Xx-oPzEEDWeM-A3q0Peng",
            "name": "parameter",
            "type": null,
            "modifiers": [],
            "position": {}
          },
          "position": {}
        },
        "_kG5Z4fzGEDWeM-A3q0Peng": {
          "key": "_kG5Z4fzGEDWeM-A3q0Peng",
          "name": "parameter2",
          "type": null,
          "probability": 1,
          "modifiers": [],
          "to_variable": {
            "key": "_-eWgsPzEEDWeM-A3q0Peng",
            "name": "parameter2",
            "type": null,
            "modifiers": [],
            "position": {}
          },
          "position": {}
        },
        "_kG5Z4vzGEDWeM-A3q0Peng": {
          "key": "_kG5Z4vzGEDWeM-A3q0Peng",
          "name": "parameter3",
          "type": null,
          "probability": 1,
          "modifiers": [],
          "to_variable": {
            "key": "_-jffYPzEEDWeM-A3q0Peng",
            "name": "parameter3",
            "type": null,
            "modifiers": [],
            "position": {}
          },
          "position": {}
        },
        "_kG5Z4_zGEDWeM-A3q0Peng": {
          "key": "_kG5Z4_zGEDWeM-A3q0Peng",
          "name": "parameter4",
          "type": null,
          "probability": 1,
          "modifiers": [],
          "to_variable": {
            "key": "_-nZvAPzEEDWeM-A3q0Peng",
            "name": "parameter4",
            "type": null,
            "modifiers": [],
            "position": {}
          },
          "position": {}
        }
      }
    }
  }
}