{
  "report_version": "unknown",
  "report_timestamp": "2025-03-26T22:53:09.704Z",
  "target_language": "java",
  "report_summary": {
    "additional": null,
    "amount_classes_or_interfaces_with_data_clumps": 2,
    "amount_files_with_data_clumps": 2,
    "amount_methods_with_data_clumps": 0,
    "fields_to_fields_data_clump": 2,
    "parameters_to_fields_data_clump": 0,
    "parameters_to_parameters_data_clump": 0,
    "amount_data_clumps": 2
  },
  "project_info": {
    "project_url": "unknown_project_url",
    "project_name": "_wOClgGhJEemNlbg3QBOQDg",
    "project_version": "unknown_project_version",
    "project_commit_hash": "unknown",
    "project_tag": null,
    "project_commit_date": null,
    "additional": {},
    "number_of_files": 15,
    "number_of_classes_or_interfaces": 15,
    "number_of_methods": 22,
    "number_of_data_fields": 23,
    "number_of_method_parameters": 0
  },
  "detector": {
    "name": "data-clumps-doctor",
    "url": "https://github.com/NilsBaumgartner1994/data-clumps-doctor",
    "version": "0.1.100",
    "options": {
      "typeVariablesConsidered": false,
      "similarityModifierOfVariablesWithUnknownType": 0,
      "fieldsOfClassesWithUnknownHierarchyProbabilityModifier": 0,
      "sharedFieldsToFieldsAmountMinimum": 3,
      "analyseFieldsInClassesOrInterfacesInheritedFromSuperClassesOrInterfaces": false,
      "sharedParametersToParametersAmountMinimum": 3,
      "sharedParametersToFieldsAmountMinimum": 3,
      "methodsOfClassesOrInterfacesWithUnknownHierarchyProbabilityModifier": 0
    }
  },
  "data_clumps": {
    "fields_to_fields_data_clump-./LIBRAINAN-_efoE4Ep6EDeSV_3_M-Kr4g-_VaPNsUp6EDeSV_3_M-Kr4g-namepasswordemailcityaddresscontactno": {
      "type": "data_clump",
      "key": "fields_to_fields_data_clump-./LIBRAINAN-_efoE4Ep6EDeSV_3_M-Kr4g-_VaPNsUp6EDeSV_3_M-Kr4g-namepasswordemailcityaddresscontactno",
      "probability": 1,
      "from_file_path": "./LIBRAINAN",
      "from_class_or_interface_name": "LIBRAINAN",
      "from_class_or_interface_key": "_efoE4Ep6EDeSV_3_M-Kr4g",
      "from_method_name": null,
      "from_method_key": null,
      "to_file_path": "./STUDENT",
      "to_class_or_interface_key": "_VaPNsUp6EDeSV_3_M-Kr4g",
      "to_class_or_interface_name": "LIBRAINAN",
      "to_method_key": null,
      "to_method_name": null,
      "data_clump_type": "fields_to_fields_data_clump",
      "data_clump_data": {
        "_4N-5oEqfEDeSV_3_M-Kr4g": {
          "key": "_4N-5oEqfEDeSV_3_M-Kr4g",
          "name": "name",
          "type": null,
          "probability": 1,
          "modifiers": [
            "public"
          ],
          "to_variable": {
            "key": "_Mg9OIUqhEDeSV_3_M-Kr4g",
            "name": "name",
            "type": null,
            "modifiers": [
              "public"
            ],
            "position": {}
          },
          "position": {}
        },
        "_5OHg8EqfEDeSV_3_M-Kr4g": {
          "key": "_5OHg8EqfEDeSV_3_M-Kr4g",
          "name": "password",
          "type": null,
          "probability": 1,
          "modifiers": [
            "public"
          ],
          "to_variable": {
            "key": "_Mg9OIEqhEDeSV_3_M-Kr4g",
            "name": "password",
            "type": null,
            "modifiers": [
              "public"
            ],
            "position": {}
          },
          "position": {}
        },
        "_6wD00EqfEDeSV_3_M-Kr4g": {
          "key": "_6wD00EqfEDeSV_3_M-Kr4g",
          "name": "email",
          "type": null,
          "probability": 1,
          "modifiers": [
            "public"
          ],
          "to_variable": {
            "key": "_Mg8nEEqhEDeSV_3_M-Kr4g",
            "name": "email",
            "type": null,
            "modifiers": [
              "public"
            ],
            "position": {}
          },
          "position": {}
        },
        "_8I5QAEqfEDeSV_3_M-Kr4g": {
          "key": "_8I5QAEqfEDeSV_3_M-Kr4g",
          "name": "city",
          "type": null,
          "probability": 1,
          "modifiers": [
            "public"
          ],
          "to_variable": {
            "key": "_Mg8AAUqhEDeSV_3_M-Kr4g",
            "name": "city",
            "type": null,
            "modifiers": [
              "public"
            ],
            "position": {}
          },
          "position": {}
        },
        "_-PDrQEqfEDeSV_3_M-Kr4g": {
          "key": "_-PDrQEqfEDeSV_3_M-Kr4g",
          "name": "address",
          "type": null,
          "probability": 1,
          "modifiers": [
            "public"
          ],
          "to_variable": {
            "key": "_Mg6x4EqhEDeSV_3_M-Kr4g",
            "name": "address",
            "type": null,
            "modifiers": [
              "public"
            ],
            "position": {}
          },
          "position": {}
        },
        "__hdHQEqfEDeSV_3_M-Kr4g": {
          "key": "__hdHQEqfEDeSV_3_M-Kr4g",
          "name": "contactno",
          "type": null,
          "probability": 1,
          "modifiers": [
            "public"
          ],
          "to_variable": {
            "key": "_Mg8AAEqhEDeSV_3_M-Kr4g",
            "name": "contactno",
            "type": null,
            "modifiers": [
              "public"
            ],
            "position": {}
          },
          "position": {}
        }
      }
    },
    "fields_to_fields_data_clump-./STUDENT-_VaPNsUp6EDeSV_3_M-Kr4g-_efoE4Ep6EDeSV_3_M-Kr4g-namepasswordaddresscontactnocityemail": {
      "type": "data_clump",
      "key": "fields_to_fields_data_clump-./STUDENT-_VaPNsUp6EDeSV_3_M-Kr4g-_efoE4Ep6EDeSV_3_M-Kr4g-namepasswordaddresscontactnocityemail",
      "probability": 1,
      "from_file_path": "./STUDENT",
      "from_class_or_interface_name": "STUDENT",
      "from_class_or_interface_key": "_VaPNsUp6EDeSV_3_M-Kr4g",
      "from_method_name": null,
      "from_method_key": null,
      "to_file_path": "./LIBRAINAN",
      "to_class_or_interface_key": "_efoE4Ep6EDeSV_3_M-Kr4g",
      "to_class_or_interface_name": "STUDENT",
      "to_method_key": null,
      "to_method_name": null,
      "data_clump_type": "fields_to_fields_data_clump",
      "data_clump_data": {
        "_Mg9OIUqhEDeSV_3_M-Kr4g": {
          "key": "_Mg9OIUqhEDeSV_3_M-Kr4g",
          "name": "name",
          "type": null,
          "probability": 1,
          "modifiers": [
            "public"
          ],
          "to_variable": {
            "key": "_4N-5oEqfEDeSV_3_M-Kr4g",
            "name": "name",
            "type": null,
            "modifiers": [
              "public"
            ],
            "position": {}
          },
          "position": {}
        },
        "_Mg9OIEqhEDeSV_3_M-Kr4g": {
          "key": "_Mg9OIEqhEDeSV_3_M-Kr4g",
          "name": "password",
          "type": null,
          "probability": 1,
          "modifiers": [
            "public"
          ],
          "to_variable": {
            "key": "_5OHg8EqfEDeSV_3_M-Kr4g",
            "name": "password",
            "type": null,
            "modifiers": [
              "public"
            ],
            "position": {}
          },
          "position": {}
        },
        "_Mg6x4EqhEDeSV_3_M-Kr4g": {
          "key": "_Mg6x4EqhEDeSV_3_M-Kr4g",
          "name": "address",
          "type": null,
          "probability": 1,
          "modifiers": [
            "public"
          ],
          "to_variable": {
            "key": "_-PDrQEqfEDeSV_3_M-Kr4g",
            "name": "address",
            "type": null,
            "modifiers": [
              "public"
            ],
            "position": {}
          },
          "position": {}
        },
        "_Mg8AAEqhEDeSV_3_M-Kr4g": {
          "key": "_Mg8AAEqhEDeSV_3_M-Kr4g",
          "name": "contactno",
          "type": null,
          "probability": 1,
          "modifiers": [
            "public"
          ],
          "to_variable": {
            "key": "__hdHQEqfEDeSV_3_M-Kr4g",
            "name": "contactno",
            "type": null,
            "modifiers": [
              "public"
            ],
            "position": {}
          },
          "position": {}
        },
        "_Mg8AAUqhEDeSV_3_M-Kr4g": {
          "key": "_Mg8AAUqhEDeSV_3_M-Kr4g",
          "name": "city",
          "type": null,
          "probability": 1,
          "modifiers": [
            "public"
          ],
          "to_variable": {
            "key": "_8I5QAEqfEDeSV_3_M-Kr4g",
            "name": "city",
            "type": null,
            "modifiers": [
              "public"
            ],
            "position": {}
          },
          "position": {}
        },
        "_Mg8nEEqhEDeSV_3_M-Kr4g": {
          "key": "_Mg8nEEqhEDeSV_3_M-Kr4g",
          "name": "email",
          "type": null,
          "probability": 1,
          "modifiers": [
            "public"
          ],
          "to_variable": {
            "key": "_6wD00EqfEDeSV_3_M-Kr4g",
            "name": "email",
            "type": null,
            "modifiers": [
              "public"
            ],
            "position": {}
          },
          "position": {}
        }
      }
    }
  }
}