{
  "report_version": "unknown",
  "report_timestamp": "2025-03-26T21:53:03.128Z",
  "target_language": "java",
  "report_summary": {
    "additional": null,
    "amount_classes_or_interfaces_with_data_clumps": 2,
    "amount_files_with_data_clumps": 2,
    "amount_methods_with_data_clumps": 0,
    "fields_to_fields_data_clump": 2,
    "parameters_to_fields_data_clump": 0,
    "parameters_to_parameters_data_clump": 0,
    "amount_data_clumps": 2
  },
  "project_info": {
    "project_url": "unknown_project_url",
    "project_name": "1ca1be41-d9fe-4a5f-839b-3d3f5189ce89",
    "project_version": "unknown_project_version",
    "project_commit_hash": "unknown",
    "project_tag": null,
    "project_commit_date": null,
    "additional": {},
    "number_of_files": 7,
    "number_of_classes_or_interfaces": 7,
    "number_of_methods": 0,
    "number_of_data_fields": 14,
    "number_of_method_parameters": 0
  },
  "detector": {
    "name": "data-clumps-doctor",
    "url": "https://github.com/NilsBaumgartner1994/data-clumps-doctor",
    "version": "0.1.100",
    "options": {
      "typeVariablesConsidered": false,
      "similarityModifierOfVariablesWithUnknownType": 0,
      "fieldsOfClassesWithUnknownHierarchyProbabilityModifier": 0,
      "sharedFieldsToFieldsAmountMinimum": 3,
      "analyseFieldsInClassesOrInterfacesInheritedFromSuperClassesOrInterfaces": false,
      "sharedParametersToParametersAmountMinimum": 3,
      "sharedParametersToFieldsAmountMinimum": 3,
      "methodsOfClassesOrInterfacesWithUnknownHierarchyProbabilityModifier": 0
    }
  },
  "data_clumps": {
    "fields_to_fields_data_clump-./Members-_UHXBIL6zEDGadNh03vAOPg-_7e4aEL6zEDGadNh03vAOPg-NameAddressMobileNo.": {
      "type": "data_clump",
      "key": "fields_to_fields_data_clump-./Members-_UHXBIL6zEDGadNh03vAOPg-_7e4aEL6zEDGadNh03vAOPg-NameAddressMobileNo.",
      "probability": 1,
      "from_file_path": "./Members",
      "from_class_or_interface_name": "Members",
      "from_class_or_interface_key": "_UHXBIL6zEDGadNh03vAOPg",
      "from_method_name": null,
      "from_method_key": null,
      "to_file_path": "./MyClass",
      "to_class_or_interface_key": "_7e4aEL6zEDGadNh03vAOPg",
      "to_class_or_interface_name": "Members",
      "to_method_key": null,
      "to_method_name": null,
      "data_clump_type": "fields_to_fields_data_clump",
      "data_clump_data": {
        "_6b-WIL60EDGadNh03vAOPg": {
          "key": "_6b-WIL60EDGadNh03vAOPg",
          "name": "Name",
          "type": null,
          "probability": 1,
          "modifiers": [],
          "to_variable": {
            "key": "_NpzSYL60EDGadNh03vAOPg",
            "name": "Name",
            "type": null,
            "modifiers": [],
            "position": {}
          },
          "position": {}
        },
        "_CtNMgL61EDGadNh03vAOPg": {
          "key": "_CtNMgL61EDGadNh03vAOPg",
          "name": "Address",
          "type": null,
          "probability": 1,
          "modifiers": [],
          "to_variable": {
            "key": "_P-pC0L60EDGadNh03vAOPg",
            "name": "Address",
            "type": null,
            "modifiers": [],
            "position": {}
          },
          "position": {}
        },
        "_FL41cL61EDGadNh03vAOPg": {
          "key": "_FL41cL61EDGadNh03vAOPg",
          "name": "MobileNo.",
          "type": null,
          "probability": 1,
          "modifiers": [],
          "to_variable": {
            "key": "_RoTvUL60EDGadNh03vAOPg",
            "name": "MobileNo.",
            "type": null,
            "modifiers": [],
            "position": {}
          },
          "position": {}
        }
      }
    },
    "fields_to_fields_data_clump-./MyClass-_7e4aEL6zEDGadNh03vAOPg-_UHXBIL6zEDGadNh03vAOPg-NameAddressMobileNo.": {
      "type": "data_clump",
      "key": "fields_to_fields_data_clump-./MyClass-_7e4aEL6zEDGadNh03vAOPg-_UHXBIL6zEDGadNh03vAOPg-NameAddressMobileNo.",
      "probability": 1,
      "from_file_path": "./MyClass",
      "from_class_or_interface_name": "MyClass",
      "from_class_or_interface_key": "_7e4aEL6zEDGadNh03vAOPg",
      "from_method_name": null,
      "from_method_key": null,
      "to_file_path": "./Members",
      "to_class_or_interface_key": "_UHXBIL6zEDGadNh03vAOPg",
      "to_class_or_interface_name": "MyClass",
      "to_method_key": null,
      "to_method_name": null,
      "data_clump_type": "fields_to_fields_data_clump",
      "data_clump_data": {
        "_NpzSYL60EDGadNh03vAOPg": {
          "key": "_NpzSYL60EDGadNh03vAOPg",
          "name": "Name",
          "type": null,
          "probability": 1,
          "modifiers": [],
          "to_variable": {
            "key": "_6b-WIL60EDGadNh03vAOPg",
            "name": "Name",
            "type": null,
            "modifiers": [],
            "position": {}
          },
          "position": {}
        },
        "_P-pC0L60EDGadNh03vAOPg": {
          "key": "_P-pC0L60EDGadNh03vAOPg",
          "name": "Address",
          "type": null,
          "probability": 1,
          "modifiers": [],
          "to_variable": {
            "key": "_CtNMgL61EDGadNh03vAOPg",
            "name": "Address",
            "type": null,
            "modifiers": [],
            "position": {}
          },
          "position": {}
        },
        "_RoTvUL60EDGadNh03vAOPg": {
          "key": "_RoTvUL60EDGadNh03vAOPg",
          "name": "MobileNo.",
          "type": null,
          "probability": 1,
          "modifiers": [],
          "to_variable": {
            "key": "_FL41cL61EDGadNh03vAOPg",
            "name": "MobileNo.",
            "type": null,
            "modifiers": [],
            "position": {}
          },
          "position": {}
        }
      }
    }
  }
}