{
  "report_version": "unknown",
  "report_timestamp": "2025-03-26T21:37:56.925Z",
  "target_language": "java",
  "report_summary": {
    "additional": null,
    "amount_classes_or_interfaces_with_data_clumps": 6,
    "amount_files_with_data_clumps": 6,
    "amount_methods_with_data_clumps": 6,
    "fields_to_fields_data_clump": 0,
    "parameters_to_fields_data_clump": 0,
    "parameters_to_parameters_data_clump": 30,
    "amount_data_clumps": 30
  },
  "project_info": {
    "project_url": "unknown_project_url",
    "project_name": "e0e921c1-95b7-45b2-882e-b510277bdb2b",
    "project_version": "unknown_project_version",
    "project_commit_hash": "unknown",
    "project_tag": null,
    "project_commit_date": null,
    "additional": {},
    "number_of_files": 7,
    "number_of_classes_or_interfaces": 7,
    "number_of_methods": 33,
    "number_of_data_fields": 3,
    "number_of_method_parameters": 21
  },
  "detector": {
    "name": "data-clumps-doctor",
    "url": "https://github.com/NilsBaumgartner1994/data-clumps-doctor",
    "version": "0.1.100",
    "options": {
      "typeVariablesConsidered": false,
      "similarityModifierOfVariablesWithUnknownType": 0,
      "fieldsOfClassesWithUnknownHierarchyProbabilityModifier": 0,
      "sharedFieldsToFieldsAmountMinimum": 3,
      "analyseFieldsInClassesOrInterfacesInheritedFromSuperClassesOrInterfaces": false,
      "sharedParametersToParametersAmountMinimum": 3,
      "sharedParametersToFieldsAmountMinimum": 3,
      "methodsOfClassesOrInterfacesWithUnknownHierarchyProbabilityModifier": 0
    }
  },
  "data_clumps": {
    "parameters_to_parameters_data_clump-./CartStacker-_RC1kIY-CEDS-n8jWIRsr0g-_Wh3VcY9-EDS-n8jWIRsr0g-parameterparameter2parameter3": {
      "type": "data_clump",
      "key": "parameters_to_parameters_data_clump-./CartStacker-_RC1kIY-CEDS-n8jWIRsr0g-_Wh3VcY9-EDS-n8jWIRsr0g-parameterparameter2parameter3",
      "probability": 1,
      "from_file_path": "./CartStacker",
      "from_class_or_interface_name": "CartStacker",
      "from_class_or_interface_key": "_9j9woI-BEDS-n8jWIRsr0g",
      "from_method_name": "CartStacker",
      "from_method_key": "_RC1kIY-CEDS-n8jWIRsr0g",
      "to_file_path": "./FloorAssociate",
      "to_class_or_interface_name": "FloorAssociate",
      "to_class_or_interface_key": "_c0L6AI98EDS-n8jWIRsr0g",
      "to_method_name": "FloorAssociate",
      "to_method_key": "_Wh3VcY9-EDS-n8jWIRsr0g",
      "data_clump_type": "parameters_to_parameters_data_clump",
      "data_clump_data": {
        "_eSBiQI-CEDS-n8jWIRsr0g": {
          "key": "_eSBiQI-CEDS-n8jWIRsr0g",
          "name": "parameter",
          "type": null,
          "probability": 1,
          "modifiers": [],
          "to_variable": {
            "key": "_Yp6AAI9-EDS-n8jWIRsr0g",
            "name": "parameter",
            "type": null,
            "modifiers": [],
            "position": {}
          },
          "position": {}
        },
        "_gagRsI-CEDS-n8jWIRsr0g": {
          "key": "_gagRsI-CEDS-n8jWIRsr0g",
          "name": "parameter2",
          "type": null,
          "probability": 1,
          "modifiers": [],
          "to_variable": {
            "key": "_b2G2QI9-EDS-n8jWIRsr0g",
            "name": "parameter2",
            "type": null,
            "modifiers": [],
            "position": {}
          },
          "position": {}
        },
        "_ibrfQI-CEDS-n8jWIRsr0g": {
          "key": "_ibrfQI-CEDS-n8jWIRsr0g",
          "name": "parameter3",
          "type": null,
          "probability": 1,
          "modifiers": [],
          "to_variable": {
            "key": "_fk6qUI9-EDS-n8jWIRsr0g",
            "name": "parameter3",
            "type": null,
            "modifiers": [],
            "position": {}
          },
          "position": {}
        }
      }
    },
    "parameters_to_parameters_data_clump-./CartStacker-_RC1kIY-CEDS-n8jWIRsr0g-_T2MckI-CEDS-n8jWIRsr0g-parameterparameter2parameter3": {
      "type": "data_clump",
      "key": "parameters_to_parameters_data_clump-./CartStacker-_RC1kIY-CEDS-n8jWIRsr0g-_T2MckI-CEDS-n8jWIRsr0g-parameterparameter2parameter3",
      "probability": 1,
      "from_file_path": "./CartStacker",
      "from_class_or_interface_name": "CartStacker",
      "from_class_or_interface_key": "_9j9woI-BEDS-n8jWIRsr0g",
      "from_method_name": "CartStacker",
      "from_method_key": "_RC1kIY-CEDS-n8jWIRsr0g",
      "to_file_path": "./Janitor",
      "to_class_or_interface_name": "Janitor",
      "to_class_or_interface_key": "_-u9kII-BEDS-n8jWIRsr0g",
      "to_method_name": "Janitor",
      "to_method_key": "_T2MckI-CEDS-n8jWIRsr0g",
      "data_clump_type": "parameters_to_parameters_data_clump",
      "data_clump_data": {
        "_eSBiQI-CEDS-n8jWIRsr0g": {
          "key": "_eSBiQI-CEDS-n8jWIRsr0g",
          "name": "parameter",
          "type": null,
          "probability": 1,
          "modifiers": [],
          "to_variable": {
            "key": "_BJIrEI-DEDS-n8jWIRsr0g",
            "name": "parameter",
            "type": null,
            "modifiers": [],
            "position": {}
          },
          "position": {}
        },
        "_gagRsI-CEDS-n8jWIRsr0g": {
          "key": "_gagRsI-CEDS-n8jWIRsr0g",
          "name": "parameter2",
          "type": null,
          "probability": 1,
          "modifiers": [],
          "to_variable": {
            "key": "_CnT5QI-DEDS-n8jWIRsr0g",
            "name": "parameter2",
            "type": null,
            "modifiers": [],
            "position": {}
          },
          "position": {}
        },
        "_ibrfQI-CEDS-n8jWIRsr0g": {
          "key": "_ibrfQI-CEDS-n8jWIRsr0g",
          "name": "parameter3",
          "type": null,
          "probability": 1,
          "modifiers": [],
          "to_variable": {
            "key": "_E_QoEI-DEDS-n8jWIRsr0g",
            "name": "parameter3",
            "type": null,
            "modifiers": [],
            "position": {}
          },
          "position": {}
        }
      }
    },
    "parameters_to_parameters_data_clump-./CartStacker-_RC1kIY-CEDS-n8jWIRsr0g-_AEL5YY98EDS-n8jWIRsr0g-parameterparameter2parameter3": {
      "type": "data_clump",
      "key": "parameters_to_parameters_data_clump-./CartStacker-_RC1kIY-CEDS-n8jWIRsr0g-_AEL5YY98EDS-n8jWIRsr0g-parameterparameter2parameter3",
      "probability": 1,
      "from_file_path": "./CartStacker",
      "from_class_or_interface_name": "CartStacker",
      "from_class_or_interface_key": "_9j9woI-BEDS-n8jWIRsr0g",
      "from_method_name": "CartStacker",
      "from_method_key": "_RC1kIY-CEDS-n8jWIRsr0g",
      "to_file_path": "./Manager",
      "to_class_or_interface_name": "Manager",
      "to_class_or_interface_key": "_-GSpUI97EDS-n8jWIRsr0g",
      "to_method_name": "Manager",
      "to_method_key": "_AEL5YY98EDS-n8jWIRsr0g",
      "data_clump_type": "parameters_to_parameters_data_clump",
      "data_clump_data": {
        "_eSBiQI-CEDS-n8jWIRsr0g": {
          "key": "_eSBiQI-CEDS-n8jWIRsr0g",
          "name": "parameter",
          "type": null,
          "probability": 1,
          "modifiers": [],
          "to_variable": {
            "key": "_DFOBcI98EDS-n8jWIRsr0g",
            "name": "parameter",
            "type": null,
            "modifiers": [],
            "position": {}
          },
          "position": {}
        },
        "_gagRsI-CEDS-n8jWIRsr0g": {
          "key": "_gagRsI-CEDS-n8jWIRsr0g",
          "name": "parameter2",
          "type": null,
          "probability": 1,
          "modifiers": [],
          "to_variable": {
            "key": "_JhaBwI98EDS-n8jWIRsr0g",
            "name": "parameter2",
            "type": null,
            "modifiers": [],
            "position": {}
          },
          "position": {}
        },
        "_ibrfQI-CEDS-n8jWIRsr0g": {
          "key": "_ibrfQI-CEDS-n8jWIRsr0g",
          "name": "parameter3",
          "type": null,
          "probability": 1,
          "modifiers": [],
          "to_variable": {
            "key": "_LL_UQI98EDS-n8jWIRsr0g",
            "name": "parameter3",
            "type": null,
            "modifiers": [],
            "position": {}
          },
          "position": {}
        }
      }
    },
    "parameters_to_parameters_data_clump-./CartStacker-_RC1kIY-CEDS-n8jWIRsr0g-_YM-PkY-CEDS-n8jWIRsr0g-parameterparameter2parameter3": {
      "type": "data_clump",
      "key": "parameters_to_parameters_data_clump-./CartStacker-_RC1kIY-CEDS-n8jWIRsr0g-_YM-PkY-CEDS-n8jWIRsr0g-parameterparameter2parameter3",
      "probability": 1,
      "from_file_path": "./CartStacker",
      "from_class_or_interface_name": "CartStacker",
      "from_class_or_interface_key": "_9j9woI-BEDS-n8jWIRsr0g",
      "from_method_name": "CartStacker",
      "from_method_key": "_RC1kIY-CEDS-n8jWIRsr0g",
      "to_file_path": "./SalesAssociate",
      "to_class_or_interface_name": "SalesAssociate",
      "to_class_or_interface_key": "__YlI4I-BEDS-n8jWIRsr0g",
      "to_method_name": "SalesAssociate",
      "to_method_key": "_YM-PkY-CEDS-n8jWIRsr0g",
      "data_clump_type": "parameters_to_parameters_data_clump",
      "data_clump_data": {
        "_eSBiQI-CEDS-n8jWIRsr0g": {
          "key": "_eSBiQI-CEDS-n8jWIRsr0g",
          "name": "parameter",
          "type": null,
          "probability": 1,
          "modifiers": [],
          "to_variable": {
            "key": "_Z0i04I-DEDS-n8jWIRsr0g",
            "name": "parameter",
            "type": null,
            "modifiers": [],
            "position": {}
          },
          "position": {}
        },
        "_gagRsI-CEDS-n8jWIRsr0g": {
          "key": "_gagRsI-CEDS-n8jWIRsr0g",
          "name": "parameter2",
          "type": null,
          "probability": 1,
          "modifiers": [],
          "to_variable": {
            "key": "_bbXBsI-DEDS-n8jWIRsr0g",
            "name": "parameter2",
            "type": null,
            "modifiers": [],
            "position": {}
          },
          "position": {}
        },
        "_ibrfQI-CEDS-n8jWIRsr0g": {
          "key": "_ibrfQI-CEDS-n8jWIRsr0g",
          "name": "parameter3",
          "type": null,
          "probability": 1,
          "modifiers": [],
          "to_variable": {
            "key": "_cFY2II-DEDS-n8jWIRsr0g",
            "name": "parameter3",
            "type": null,
            "modifiers": [],
            "position": {}
          },
          "position": {}
        }
      }
    },
    "parameters_to_parameters_data_clump-./CartStacker-_RC1kIY-CEDS-n8jWIRsr0g-_ywqDQY96EDS-n8jWIRsr0g-parameterparameter2parameter3": {
      "type": "data_clump",
      "key": "parameters_to_parameters_data_clump-./CartStacker-_RC1kIY-CEDS-n8jWIRsr0g-_ywqDQY96EDS-n8jWIRsr0g-parameterparameter2parameter3",
      "probability": 1,
      "from_file_path": "./CartStacker",
      "from_class_or_interface_name": "CartStacker",
      "from_class_or_interface_key": "_9j9woI-BEDS-n8jWIRsr0g",
      "from_method_name": "CartStacker",
      "from_method_key": "_RC1kIY-CEDS-n8jWIRsr0g",
      "to_file_path": "./StoreEmployee",
      "to_class_or_interface_name": "StoreEmployee",
      "to_class_or_interface_key": "_i1LnAI8XEDSU9b2Y3gf9PQ",
      "to_method_name": "StoreEmployee",
      "to_method_key": "_ywqDQY96EDS-n8jWIRsr0g",
      "data_clump_type": "parameters_to_parameters_data_clump",
      "data_clump_data": {
        "_eSBiQI-CEDS-n8jWIRsr0g": {
          "key": "_eSBiQI-CEDS-n8jWIRsr0g",
          "name": "parameter",
          "type": null,
          "probability": 1,
          "modifiers": [],
          "to_variable": {
            "key": "_1OGWEI96EDS-n8jWIRsr0g",
            "name": "parameter",
            "type": null,
            "modifiers": [],
            "position": {}
          },
          "position": {}
        },
        "_gagRsI-CEDS-n8jWIRsr0g": {
          "key": "_gagRsI-CEDS-n8jWIRsr0g",
          "name": "parameter2",
          "type": null,
          "probability": 1,
          "modifiers": [],
          "to_variable": {
            "key": "__SX3YI96EDS-n8jWIRsr0g",
            "name": "parameter2",
            "type": null,
            "modifiers": [],
            "position": {}
          },
          "position": {}
        },
        "_ibrfQI-CEDS-n8jWIRsr0g": {
          "key": "_ibrfQI-CEDS-n8jWIRsr0g",
          "name": "parameter3",
          "type": null,
          "probability": 1,
          "modifiers": [],
          "to_variable": {
            "key": "_DVBNcI97EDS-n8jWIRsr0g",
            "name": "parameter3",
            "type": null,
            "modifiers": [],
            "position": {}
          },
          "position": {}
        }
      }
    },
    "parameters_to_parameters_data_clump-./FloorAssociate-_Wh3VcY9-EDS-n8jWIRsr0g-_RC1kIY-CEDS-n8jWIRsr0g-parameterparameter2parameter3": {
      "type": "data_clump",
      "key": "parameters_to_parameters_data_clump-./FloorAssociate-_Wh3VcY9-EDS-n8jWIRsr0g-_RC1kIY-CEDS-n8jWIRsr0g-parameterparameter2parameter3",
      "probability": 1,
      "from_file_path": "./FloorAssociate",
      "from_class_or_interface_name": "FloorAssociate",
      "from_class_or_interface_key": "_c0L6AI98EDS-n8jWIRsr0g",
      "from_method_name": "FloorAssociate",
      "from_method_key": "_Wh3VcY9-EDS-n8jWIRsr0g",
      "to_file_path": "./CartStacker",
      "to_class_or_interface_name": "CartStacker",
      "to_class_or_interface_key": "_9j9woI-BEDS-n8jWIRsr0g",
      "to_method_name": "CartStacker",
      "to_method_key": "_RC1kIY-CEDS-n8jWIRsr0g",
      "data_clump_type": "parameters_to_parameters_data_clump",
      "data_clump_data": {
        "_Yp6AAI9-EDS-n8jWIRsr0g": {
          "key": "_Yp6AAI9-EDS-n8jWIRsr0g",
          "name": "parameter",
          "type": null,
          "probability": 1,
          "modifiers": [],
          "to_variable": {
            "key": "_eSBiQI-CEDS-n8jWIRsr0g",
            "name": "parameter",
            "type": null,
            "modifiers": [],
            "position": {}
          },
          "position": {}
        },
        "_b2G2QI9-EDS-n8jWIRsr0g": {
          "key": "_b2G2QI9-EDS-n8jWIRsr0g",
          "name": "parameter2",
          "type": null,
          "probability": 1,
          "modifiers": [],
          "to_variable": {
            "key": "_gagRsI-CEDS-n8jWIRsr0g",
            "name": "parameter2",
            "type": null,
            "modifiers": [],
            "position": {}
          },
          "position": {}
        },
        "_fk6qUI9-EDS-n8jWIRsr0g": {
          "key": "_fk6qUI9-EDS-n8jWIRsr0g",
          "name": "parameter3",
          "type": null,
          "probability": 1,
          "modifiers": [],
          "to_variable": {
            "key": "_ibrfQI-CEDS-n8jWIRsr0g",
            "name": "parameter3",
            "type": null,
            "modifiers": [],
            "position": {}
          },
          "position": {}
        }
      }
    },
    "parameters_to_parameters_data_clump-./FloorAssociate-_Wh3VcY9-EDS-n8jWIRsr0g-_T2MckI-CEDS-n8jWIRsr0g-parameterparameter2parameter3": {
      "type": "data_clump",
      "key": "parameters_to_parameters_data_clump-./FloorAssociate-_Wh3VcY9-EDS-n8jWIRsr0g-_T2MckI-CEDS-n8jWIRsr0g-parameterparameter2parameter3",
      "probability": 1,
      "from_file_path": "./FloorAssociate",
      "from_class_or_interface_name": "FloorAssociate",
      "from_class_or_interface_key": "_c0L6AI98EDS-n8jWIRsr0g",
      "from_method_name": "FloorAssociate",
      "from_method_key": "_Wh3VcY9-EDS-n8jWIRsr0g",
      "to_file_path": "./Janitor",
      "to_class_or_interface_name": "Janitor",
      "to_class_or_interface_key": "_-u9kII-BEDS-n8jWIRsr0g",
      "to_method_name": "Janitor",
      "to_method_key": "_T2MckI-CEDS-n8jWIRsr0g",
      "data_clump_type": "parameters_to_parameters_data_clump",
      "data_clump_data": {
        "_Yp6AAI9-EDS-n8jWIRsr0g": {
          "key": "_Yp6AAI9-EDS-n8jWIRsr0g",
          "name": "parameter",
          "type": null,
          "probability": 1,
          "modifiers": [],
          "to_variable": {
            "key": "_BJIrEI-DEDS-n8jWIRsr0g",
            "name": "parameter",
            "type": null,
            "modifiers": [],
            "position": {}
          },
          "position": {}
        },
        "_b2G2QI9-EDS-n8jWIRsr0g": {
          "key": "_b2G2QI9-EDS-n8jWIRsr0g",
          "name": "parameter2",
          "type": null,
          "probability": 1,
          "modifiers": [],
          "to_variable": {
            "key": "_CnT5QI-DEDS-n8jWIRsr0g",
            "name": "parameter2",
            "type": null,
            "modifiers": [],
            "position": {}
          },
          "position": {}
        },
        "_fk6qUI9-EDS-n8jWIRsr0g": {
          "key": "_fk6qUI9-EDS-n8jWIRsr0g",
          "name": "parameter3",
          "type": null,
          "probability": 1,
          "modifiers": [],
          "to_variable": {
            "key": "_E_QoEI-DEDS-n8jWIRsr0g",
            "name": "parameter3",
            "type": null,
            "modifiers": [],
            "position": {}
          },
          "position": {}
        }
      }
    },
    "parameters_to_parameters_data_clump-./FloorAssociate-_Wh3VcY9-EDS-n8jWIRsr0g-_AEL5YY98EDS-n8jWIRsr0g-parameterparameter2parameter3": {
      "type": "data_clump",
      "key": "parameters_to_parameters_data_clump-./FloorAssociate-_Wh3VcY9-EDS-n8jWIRsr0g-_AEL5YY98EDS-n8jWIRsr0g-parameterparameter2parameter3",
      "probability": 1,
      "from_file_path": "./FloorAssociate",
      "from_class_or_interface_name": "FloorAssociate",
      "from_class_or_interface_key": "_c0L6AI98EDS-n8jWIRsr0g",
      "from_method_name": "FloorAssociate",
      "from_method_key": "_Wh3VcY9-EDS-n8jWIRsr0g",
      "to_file_path": "./Manager",
      "to_class_or_interface_name": "Manager",
      "to_class_or_interface_key": "_-GSpUI97EDS-n8jWIRsr0g",
      "to_method_name": "Manager",
      "to_method_key": "_AEL5YY98EDS-n8jWIRsr0g",
      "data_clump_type": "parameters_to_parameters_data_clump",
      "data_clump_data": {
        "_Yp6AAI9-EDS-n8jWIRsr0g": {
          "key": "_Yp6AAI9-EDS-n8jWIRsr0g",
          "name": "parameter",
          "type": null,
          "probability": 1,
          "modifiers": [],
          "to_variable": {
            "key": "_DFOBcI98EDS-n8jWIRsr0g",
            "name": "parameter",
            "type": null,
            "modifiers": [],
            "position": {}
          },
          "position": {}
        },
        "_b2G2QI9-EDS-n8jWIRsr0g": {
          "key": "_b2G2QI9-EDS-n8jWIRsr0g",
          "name": "parameter2",
          "type": null,
          "probability": 1,
          "modifiers": [],
          "to_variable": {
            "key": "_JhaBwI98EDS-n8jWIRsr0g",
            "name": "parameter2",
            "type": null,
            "modifiers": [],
            "position": {}
          },
          "position": {}
        },
        "_fk6qUI9-EDS-n8jWIRsr0g": {
          "key": "_fk6qUI9-EDS-n8jWIRsr0g",
          "name": "parameter3",
          "type": null,
          "probability": 1,
          "modifiers": [],
          "to_variable": {
            "key": "_LL_UQI98EDS-n8jWIRsr0g",
            "name": "parameter3",
            "type": null,
            "modifiers": [],
            "position": {}
          },
          "position": {}
        }
      }
    },
    "parameters_to_parameters_data_clump-./FloorAssociate-_Wh3VcY9-EDS-n8jWIRsr0g-_YM-PkY-CEDS-n8jWIRsr0g-parameterparameter2parameter3": {
      "type": "data_clump",
      "key": "parameters_to_parameters_data_clump-./FloorAssociate-_Wh3VcY9-EDS-n8jWIRsr0g-_YM-PkY-CEDS-n8jWIRsr0g-parameterparameter2parameter3",
      "probability": 1,
      "from_file_path": "./FloorAssociate",
      "from_class_or_interface_name": "FloorAssociate",
      "from_class_or_interface_key": "_c0L6AI98EDS-n8jWIRsr0g",
      "from_method_name": "FloorAssociate",
      "from_method_key": "_Wh3VcY9-EDS-n8jWIRsr0g",
      "to_file_path": "./SalesAssociate",
      "to_class_or_interface_name": "SalesAssociate",
      "to_class_or_interface_key": "__YlI4I-BEDS-n8jWIRsr0g",
      "to_method_name": "SalesAssociate",
      "to_method_key": "_YM-PkY-CEDS-n8jWIRsr0g",
      "data_clump_type": "parameters_to_parameters_data_clump",
      "data_clump_data": {
        "_Yp6AAI9-EDS-n8jWIRsr0g": {
          "key": "_Yp6AAI9-EDS-n8jWIRsr0g",
          "name": "parameter",
          "type": null,
          "probability": 1,
          "modifiers": [],
          "to_variable": {
            "key": "_Z0i04I-DEDS-n8jWIRsr0g",
            "name": "parameter",
            "type": null,
            "modifiers": [],
            "position": {}
          },
          "position": {}
        },
        "_b2G2QI9-EDS-n8jWIRsr0g": {
          "key": "_b2G2QI9-EDS-n8jWIRsr0g",
          "name": "parameter2",
          "type": null,
          "probability": 1,
          "modifiers": [],
          "to_variable": {
            "key": "_bbXBsI-DEDS-n8jWIRsr0g",
            "name": "parameter2",
            "type": null,
            "modifiers": [],
            "position": {}
          },
          "position": {}
        },
        "_fk6qUI9-EDS-n8jWIRsr0g": {
          "key": "_fk6qUI9-EDS-n8jWIRsr0g",
          "name": "parameter3",
          "type": null,
          "probability": 1,
          "modifiers": [],
          "to_variable": {
            "key": "_cFY2II-DEDS-n8jWIRsr0g",
            "name": "parameter3",
            "type": null,
            "modifiers": [],
            "position": {}
          },
          "position": {}
        }
      }
    },
    "parameters_to_parameters_data_clump-./FloorAssociate-_Wh3VcY9-EDS-n8jWIRsr0g-_ywqDQY96EDS-n8jWIRsr0g-parameterparameter2parameter3": {
      "type": "data_clump",
      "key": "parameters_to_parameters_data_clump-./FloorAssociate-_Wh3VcY9-EDS-n8jWIRsr0g-_ywqDQY96EDS-n8jWIRsr0g-parameterparameter2parameter3",
      "probability": 1,
      "from_file_path": "./FloorAssociate",
      "from_class_or_interface_name": "FloorAssociate",
      "from_class_or_interface_key": "_c0L6AI98EDS-n8jWIRsr0g",
      "from_method_name": "FloorAssociate",
      "from_method_key": "_Wh3VcY9-EDS-n8jWIRsr0g",
      "to_file_path": "./StoreEmployee",
      "to_class_or_interface_name": "StoreEmployee",
      "to_class_or_interface_key": "_i1LnAI8XEDSU9b2Y3gf9PQ",
      "to_method_name": "StoreEmployee",
      "to_method_key": "_ywqDQY96EDS-n8jWIRsr0g",
      "data_clump_type": "parameters_to_parameters_data_clump",
      "data_clump_data": {
        "_Yp6AAI9-EDS-n8jWIRsr0g": {
          "key": "_Yp6AAI9-EDS-n8jWIRsr0g",
          "name": "parameter",
          "type": null,
          "probability": 1,
          "modifiers": [],
          "to_variable": {
            "key": "_1OGWEI96EDS-n8jWIRsr0g",
            "name": "parameter",
            "type": null,
            "modifiers": [],
            "position": {}
          },
          "position": {}
        },
        "_b2G2QI9-EDS-n8jWIRsr0g": {
          "key": "_b2G2QI9-EDS-n8jWIRsr0g",
          "name": "parameter2",
          "type": null,
          "probability": 1,
          "modifiers": [],
          "to_variable": {
            "key": "__SX3YI96EDS-n8jWIRsr0g",
            "name": "parameter2",
            "type": null,
            "modifiers": [],
            "position": {}
          },
          "position": {}
        },
        "_fk6qUI9-EDS-n8jWIRsr0g": {
          "key": "_fk6qUI9-EDS-n8jWIRsr0g",
          "name": "parameter3",
          "type": null,
          "probability": 1,
          "modifiers": [],
          "to_variable": {
            "key": "_DVBNcI97EDS-n8jWIRsr0g",
            "name": "parameter3",
            "type": null,
            "modifiers": [],
            "position": {}
          },
          "position": {}
        }
      }
    },
    "parameters_to_parameters_data_clump-./Janitor-_T2MckI-CEDS-n8jWIRsr0g-_RC1kIY-CEDS-n8jWIRsr0g-parameterparameter2parameter3": {
      "type": "data_clump",
      "key": "parameters_to_parameters_data_clump-./Janitor-_T2MckI-CEDS-n8jWIRsr0g-_RC1kIY-CEDS-n8jWIRsr0g-parameterparameter2parameter3",
      "probability": 1,
      "from_file_path": "./Janitor",
      "from_class_or_interface_name": "Janitor",
      "from_class_or_interface_key": "_-u9kII-BEDS-n8jWIRsr0g",
      "from_method_name": "Janitor",
      "from_method_key": "_T2MckI-CEDS-n8jWIRsr0g",
      "to_file_path": "./CartStacker",
      "to_class_or_interface_name": "CartStacker",
      "to_class_or_interface_key": "_9j9woI-BEDS-n8jWIRsr0g",
      "to_method_name": "CartStacker",
      "to_method_key": "_RC1kIY-CEDS-n8jWIRsr0g",
      "data_clump_type": "parameters_to_parameters_data_clump",
      "data_clump_data": {
        "_BJIrEI-DEDS-n8jWIRsr0g": {
          "key": "_BJIrEI-DEDS-n8jWIRsr0g",
          "name": "parameter",
          "type": null,
          "probability": 1,
          "modifiers": [],
          "to_variable": {
            "key": "_eSBiQI-CEDS-n8jWIRsr0g",
            "name": "parameter",
            "type": null,
            "modifiers": [],
            "position": {}
          },
          "position": {}
        },
        "_CnT5QI-DEDS-n8jWIRsr0g": {
          "key": "_CnT5QI-DEDS-n8jWIRsr0g",
          "name": "parameter2",
          "type": null,
          "probability": 1,
          "modifiers": [],
          "to_variable": {
            "key": "_gagRsI-CEDS-n8jWIRsr0g",
            "name": "parameter2",
            "type": null,
            "modifiers": [],
            "position": {}
          },
          "position": {}
        },
        "_E_QoEI-DEDS-n8jWIRsr0g": {
          "key": "_E_QoEI-DEDS-n8jWIRsr0g",
          "name": "parameter3",
          "type": null,
          "probability": 1,
          "modifiers": [],
          "to_variable": {
            "key": "_ibrfQI-CEDS-n8jWIRsr0g",
            "name": "parameter3",
            "type": null,
            "modifiers": [],
            "position": {}
          },
          "position": {}
        }
      }
    },
    "parameters_to_parameters_data_clump-./Janitor-_T2MckI-CEDS-n8jWIRsr0g-_Wh3VcY9-EDS-n8jWIRsr0g-parameterparameter2parameter3": {
      "type": "data_clump",
      "key": "parameters_to_parameters_data_clump-./Janitor-_T2MckI-CEDS-n8jWIRsr0g-_Wh3VcY9-EDS-n8jWIRsr0g-parameterparameter2parameter3",
      "probability": 1,
      "from_file_path": "./Janitor",
      "from_class_or_interface_name": "Janitor",
      "from_class_or_interface_key": "_-u9kII-BEDS-n8jWIRsr0g",
      "from_method_name": "Janitor",
      "from_method_key": "_T2MckI-CEDS-n8jWIRsr0g",
      "to_file_path": "./FloorAssociate",
      "to_class_or_interface_name": "FloorAssociate",
      "to_class_or_interface_key": "_c0L6AI98EDS-n8jWIRsr0g",
      "to_method_name": "FloorAssociate",
      "to_method_key": "_Wh3VcY9-EDS-n8jWIRsr0g",
      "data_clump_type": "parameters_to_parameters_data_clump",
      "data_clump_data": {
        "_BJIrEI-DEDS-n8jWIRsr0g": {
          "key": "_BJIrEI-DEDS-n8jWIRsr0g",
          "name": "parameter",
          "type": null,
          "probability": 1,
          "modifiers": [],
          "to_variable": {
            "key": "_Yp6AAI9-EDS-n8jWIRsr0g",
            "name": "parameter",
            "type": null,
            "modifiers": [],
            "position": {}
          },
          "position": {}
        },
        "_CnT5QI-DEDS-n8jWIRsr0g": {
          "key": "_CnT5QI-DEDS-n8jWIRsr0g",
          "name": "parameter2",
          "type": null,
          "probability": 1,
          "modifiers": [],
          "to_variable": {
            "key": "_b2G2QI9-EDS-n8jWIRsr0g",
            "name": "parameter2",
            "type": null,
            "modifiers": [],
            "position": {}
          },
          "position": {}
        },
        "_E_QoEI-DEDS-n8jWIRsr0g": {
          "key": "_E_QoEI-DEDS-n8jWIRsr0g",
          "name": "parameter3",
          "type": null,
          "probability": 1,
          "modifiers": [],
          "to_variable": {
            "key": "_fk6qUI9-EDS-n8jWIRsr0g",
            "name": "parameter3",
            "type": null,
            "modifiers": [],
            "position": {}
          },
          "position": {}
        }
      }
    },
    "parameters_to_parameters_data_clump-./Janitor-_T2MckI-CEDS-n8jWIRsr0g-_AEL5YY98EDS-n8jWIRsr0g-parameterparameter2parameter3": {
      "type": "data_clump",
      "key": "parameters_to_parameters_data_clump-./Janitor-_T2MckI-CEDS-n8jWIRsr0g-_AEL5YY98EDS-n8jWIRsr0g-parameterparameter2parameter3",
      "probability": 1,
      "from_file_path": "./Janitor",
      "from_class_or_interface_name": "Janitor",
      "from_class_or_interface_key": "_-u9kII-BEDS-n8jWIRsr0g",
      "from_method_name": "Janitor",
      "from_method_key": "_T2MckI-CEDS-n8jWIRsr0g",
      "to_file_path": "./Manager",
      "to_class_or_interface_name": "Manager",
      "to_class_or_interface_key": "_-GSpUI97EDS-n8jWIRsr0g",
      "to_method_name": "Manager",
      "to_method_key": "_AEL5YY98EDS-n8jWIRsr0g",
      "data_clump_type": "parameters_to_parameters_data_clump",
      "data_clump_data": {
        "_BJIrEI-DEDS-n8jWIRsr0g": {
          "key": "_BJIrEI-DEDS-n8jWIRsr0g",
          "name": "parameter",
          "type": null,
          "probability": 1,
          "modifiers": [],
          "to_variable": {
            "key": "_DFOBcI98EDS-n8jWIRsr0g",
            "name": "parameter",
            "type": null,
            "modifiers": [],
            "position": {}
          },
          "position": {}
        },
        "_CnT5QI-DEDS-n8jWIRsr0g": {
          "key": "_CnT5QI-DEDS-n8jWIRsr0g",
          "name": "parameter2",
          "type": null,
          "probability": 1,
          "modifiers": [],
          "to_variable": {
            "key": "_JhaBwI98EDS-n8jWIRsr0g",
            "name": "parameter2",
            "type": null,
            "modifiers": [],
            "position": {}
          },
          "position": {}
        },
        "_E_QoEI-DEDS-n8jWIRsr0g": {
          "key": "_E_QoEI-DEDS-n8jWIRsr0g",
          "name": "parameter3",
          "type": null,
          "probability": 1,
          "modifiers": [],
          "to_variable": {
            "key": "_LL_UQI98EDS-n8jWIRsr0g",
            "name": "parameter3",
            "type": null,
            "modifiers": [],
            "position": {}
          },
          "position": {}
        }
      }
    },
    "parameters_to_parameters_data_clump-./Janitor-_T2MckI-CEDS-n8jWIRsr0g-_YM-PkY-CEDS-n8jWIRsr0g-parameterparameter2parameter3": {
      "type": "data_clump",
      "key": "parameters_to_parameters_data_clump-./Janitor-_T2MckI-CEDS-n8jWIRsr0g-_YM-PkY-CEDS-n8jWIRsr0g-parameterparameter2parameter3",
      "probability": 1,
      "from_file_path": "./Janitor",
      "from_class_or_interface_name": "Janitor",
      "from_class_or_interface_key": "_-u9kII-BEDS-n8jWIRsr0g",
      "from_method_name": "Janitor",
      "from_method_key": "_T2MckI-CEDS-n8jWIRsr0g",
      "to_file_path": "./SalesAssociate",
      "to_class_or_interface_name": "SalesAssociate",
      "to_class_or_interface_key": "__YlI4I-BEDS-n8jWIRsr0g",
      "to_method_name": "SalesAssociate",
      "to_method_key": "_YM-PkY-CEDS-n8jWIRsr0g",
      "data_clump_type": "parameters_to_parameters_data_clump",
      "data_clump_data": {
        "_BJIrEI-DEDS-n8jWIRsr0g": {
          "key": "_BJIrEI-DEDS-n8jWIRsr0g",
          "name": "parameter",
          "type": null,
          "probability": 1,
          "modifiers": [],
          "to_variable": {
            "key": "_Z0i04I-DEDS-n8jWIRsr0g",
            "name": "parameter",
            "type": null,
            "modifiers": [],
            "position": {}
          },
          "position": {}
        },
        "_CnT5QI-DEDS-n8jWIRsr0g": {
          "key": "_CnT5QI-DEDS-n8jWIRsr0g",
          "name": "parameter2",
          "type": null,
          "probability": 1,
          "modifiers": [],
          "to_variable": {
            "key": "_bbXBsI-DEDS-n8jWIRsr0g",
            "name": "parameter2",
            "type": null,
            "modifiers": [],
            "position": {}
          },
          "position": {}
        },
        "_E_QoEI-DEDS-n8jWIRsr0g": {
          "key": "_E_QoEI-DEDS-n8jWIRsr0g",
          "name": "parameter3",
          "type": null,
          "probability": 1,
          "modifiers": [],
          "to_variable": {
            "key": "_cFY2II-DEDS-n8jWIRsr0g",
            "name": "parameter3",
            "type": null,
            "modifiers": [],
            "position": {}
          },
          "position": {}
        }
      }
    },
    "parameters_to_parameters_data_clump-./Janitor-_T2MckI-CEDS-n8jWIRsr0g-_ywqDQY96EDS-n8jWIRsr0g-parameterparameter2parameter3": {
      "type": "data_clump",
      "key": "parameters_to_parameters_data_clump-./Janitor-_T2MckI-CEDS-n8jWIRsr0g-_ywqDQY96EDS-n8jWIRsr0g-parameterparameter2parameter3",
      "probability": 1,
      "from_file_path": "./Janitor",
      "from_class_or_interface_name": "Janitor",
      "from_class_or_interface_key": "_-u9kII-BEDS-n8jWIRsr0g",
      "from_method_name": "Janitor",
      "from_method_key": "_T2MckI-CEDS-n8jWIRsr0g",
      "to_file_path": "./StoreEmployee",
      "to_class_or_interface_name": "StoreEmployee",
      "to_class_or_interface_key": "_i1LnAI8XEDSU9b2Y3gf9PQ",
      "to_method_name": "StoreEmployee",
      "to_method_key": "_ywqDQY96EDS-n8jWIRsr0g",
      "data_clump_type": "parameters_to_parameters_data_clump",
      "data_clump_data": {
        "_BJIrEI-DEDS-n8jWIRsr0g": {
          "key": "_BJIrEI-DEDS-n8jWIRsr0g",
          "name": "parameter",
          "type": null,
          "probability": 1,
          "modifiers": [],
          "to_variable": {
            "key": "_1OGWEI96EDS-n8jWIRsr0g",
            "name": "parameter",
            "type": null,
            "modifiers": [],
            "position": {}
          },
          "position": {}
        },
        "_CnT5QI-DEDS-n8jWIRsr0g": {
          "key": "_CnT5QI-DEDS-n8jWIRsr0g",
          "name": "parameter2",
          "type": null,
          "probability": 1,
          "modifiers": [],
          "to_variable": {
            "key": "__SX3YI96EDS-n8jWIRsr0g",
            "name": "parameter2",
            "type": null,
            "modifiers": [],
            "position": {}
          },
          "position": {}
        },
        "_E_QoEI-DEDS-n8jWIRsr0g": {
          "key": "_E_QoEI-DEDS-n8jWIRsr0g",
          "name": "parameter3",
          "type": null,
          "probability": 1,
          "modifiers": [],
          "to_variable": {
            "key": "_DVBNcI97EDS-n8jWIRsr0g",
            "name": "parameter3",
            "type": null,
            "modifiers": [],
            "position": {}
          },
          "position": {}
        }
      }
    },
    "parameters_to_parameters_data_clump-./Manager-_AEL5YY98EDS-n8jWIRsr0g-_RC1kIY-CEDS-n8jWIRsr0g-parameterparameter2parameter3": {
      "type": "data_clump",
      "key": "parameters_to_parameters_data_clump-./Manager-_AEL5YY98EDS-n8jWIRsr0g-_RC1kIY-CEDS-n8jWIRsr0g-parameterparameter2parameter3",
      "probability": 1,
      "from_file_path": "./Manager",
      "from_class_or_interface_name": "Manager",
      "from_class_or_interface_key": "_-GSpUI97EDS-n8jWIRsr0g",
      "from_method_name": "Manager",
      "from_method_key": "_AEL5YY98EDS-n8jWIRsr0g",
      "to_file_path": "./CartStacker",
      "to_class_or_interface_name": "CartStacker",
      "to_class_or_interface_key": "_9j9woI-BEDS-n8jWIRsr0g",
      "to_method_name": "CartStacker",
      "to_method_key": "_RC1kIY-CEDS-n8jWIRsr0g",
      "data_clump_type": "parameters_to_parameters_data_clump",
      "data_clump_data": {
        "_DFOBcI98EDS-n8jWIRsr0g": {
          "key": "_DFOBcI98EDS-n8jWIRsr0g",
          "name": "parameter",
          "type": null,
          "probability": 1,
          "modifiers": [],
          "to_variable": {
            "key": "_eSBiQI-CEDS-n8jWIRsr0g",
            "name": "parameter",
            "type": null,
            "modifiers": [],
            "position": {}
          },
          "position": {}
        },
        "_JhaBwI98EDS-n8jWIRsr0g": {
          "key": "_JhaBwI98EDS-n8jWIRsr0g",
          "name": "parameter2",
          "type": null,
          "probability": 1,
          "modifiers": [],
          "to_variable": {
            "key": "_gagRsI-CEDS-n8jWIRsr0g",
            "name": "parameter2",
            "type": null,
            "modifiers": [],
            "position": {}
          },
          "position": {}
        },
        "_LL_UQI98EDS-n8jWIRsr0g": {
          "key": "_LL_UQI98EDS-n8jWIRsr0g",
          "name": "parameter3",
          "type": null,
          "probability": 1,
          "modifiers": [],
          "to_variable": {
            "key": "_ibrfQI-CEDS-n8jWIRsr0g",
            "name": "parameter3",
            "type": null,
            "modifiers": [],
            "position": {}
          },
          "position": {}
        }
      }
    },
    "parameters_to_parameters_data_clump-./Manager-_AEL5YY98EDS-n8jWIRsr0g-_Wh3VcY9-EDS-n8jWIRsr0g-parameterparameter2parameter3": {
      "type": "data_clump",
      "key": "parameters_to_parameters_data_clump-./Manager-_AEL5YY98EDS-n8jWIRsr0g-_Wh3VcY9-EDS-n8jWIRsr0g-parameterparameter2parameter3",
      "probability": 1,
      "from_file_path": "./Manager",
      "from_class_or_interface_name": "Manager",
      "from_class_or_interface_key": "_-GSpUI97EDS-n8jWIRsr0g",
      "from_method_name": "Manager",
      "from_method_key": "_AEL5YY98EDS-n8jWIRsr0g",
      "to_file_path": "./FloorAssociate",
      "to_class_or_interface_name": "FloorAssociate",
      "to_class_or_interface_key": "_c0L6AI98EDS-n8jWIRsr0g",
      "to_method_name": "FloorAssociate",
      "to_method_key": "_Wh3VcY9-EDS-n8jWIRsr0g",
      "data_clump_type": "parameters_to_parameters_data_clump",
      "data_clump_data": {
        "_DFOBcI98EDS-n8jWIRsr0g": {
          "key": "_DFOBcI98EDS-n8jWIRsr0g",
          "name": "parameter",
          "type": null,
          "probability": 1,
          "modifiers": [],
          "to_variable": {
            "key": "_Yp6AAI9-EDS-n8jWIRsr0g",
            "name": "parameter",
            "type": null,
            "modifiers": [],
            "position": {}
          },
          "position": {}
        },
        "_JhaBwI98EDS-n8jWIRsr0g": {
          "key": "_JhaBwI98EDS-n8jWIRsr0g",
          "name": "parameter2",
          "type": null,
          "probability": 1,
          "modifiers": [],
          "to_variable": {
            "key": "_b2G2QI9-EDS-n8jWIRsr0g",
            "name": "parameter2",
            "type": null,
            "modifiers": [],
            "position": {}
          },
          "position": {}
        },
        "_LL_UQI98EDS-n8jWIRsr0g": {
          "key": "_LL_UQI98EDS-n8jWIRsr0g",
          "name": "parameter3",
          "type": null,
          "probability": 1,
          "modifiers": [],
          "to_variable": {
            "key": "_fk6qUI9-EDS-n8jWIRsr0g",
            "name": "parameter3",
            "type": null,
            "modifiers": [],
            "position": {}
          },
          "position": {}
        }
      }
    },
    "parameters_to_parameters_data_clump-./Manager-_AEL5YY98EDS-n8jWIRsr0g-_T2MckI-CEDS-n8jWIRsr0g-parameterparameter2parameter3": {
      "type": "data_clump",
      "key": "parameters_to_parameters_data_clump-./Manager-_AEL5YY98EDS-n8jWIRsr0g-_T2MckI-CEDS-n8jWIRsr0g-parameterparameter2parameter3",
      "probability": 1,
      "from_file_path": "./Manager",
      "from_class_or_interface_name": "Manager",
      "from_class_or_interface_key": "_-GSpUI97EDS-n8jWIRsr0g",
      "from_method_name": "Manager",
      "from_method_key": "_AEL5YY98EDS-n8jWIRsr0g",
      "to_file_path": "./Janitor",
      "to_class_or_interface_name": "Janitor",
      "to_class_or_interface_key": "_-u9kII-BEDS-n8jWIRsr0g",
      "to_method_name": "Janitor",
      "to_method_key": "_T2MckI-CEDS-n8jWIRsr0g",
      "data_clump_type": "parameters_to_parameters_data_clump",
      "data_clump_data": {
        "_DFOBcI98EDS-n8jWIRsr0g": {
          "key": "_DFOBcI98EDS-n8jWIRsr0g",
          "name": "parameter",
          "type": null,
          "probability": 1,
          "modifiers": [],
          "to_variable": {
            "key": "_BJIrEI-DEDS-n8jWIRsr0g",
            "name": "parameter",
            "type": null,
            "modifiers": [],
            "position": {}
          },
          "position": {}
        },
        "_JhaBwI98EDS-n8jWIRsr0g": {
          "key": "_JhaBwI98EDS-n8jWIRsr0g",
          "name": "parameter2",
          "type": null,
          "probability": 1,
          "modifiers": [],
          "to_variable": {
            "key": "_CnT5QI-DEDS-n8jWIRsr0g",
            "name": "parameter2",
            "type": null,
            "modifiers": [],
            "position": {}
          },
          "position": {}
        },
        "_LL_UQI98EDS-n8jWIRsr0g": {
          "key": "_LL_UQI98EDS-n8jWIRsr0g",
          "name": "parameter3",
          "type": null,
          "probability": 1,
          "modifiers": [],
          "to_variable": {
            "key": "_E_QoEI-DEDS-n8jWIRsr0g",
            "name": "parameter3",
            "type": null,
            "modifiers": [],
            "position": {}
          },
          "position": {}
        }
      }
    },
    "parameters_to_parameters_data_clump-./Manager-_AEL5YY98EDS-n8jWIRsr0g-_YM-PkY-CEDS-n8jWIRsr0g-parameterparameter2parameter3": {
      "type": "data_clump",
      "key": "parameters_to_parameters_data_clump-./Manager-_AEL5YY98EDS-n8jWIRsr0g-_YM-PkY-CEDS-n8jWIRsr0g-parameterparameter2parameter3",
      "probability": 1,
      "from_file_path": "./Manager",
      "from_class_or_interface_name": "Manager",
      "from_class_or_interface_key": "_-GSpUI97EDS-n8jWIRsr0g",
      "from_method_name": "Manager",
      "from_method_key": "_AEL5YY98EDS-n8jWIRsr0g",
      "to_file_path": "./SalesAssociate",
      "to_class_or_interface_name": "SalesAssociate",
      "to_class_or_interface_key": "__YlI4I-BEDS-n8jWIRsr0g",
      "to_method_name": "SalesAssociate",
      "to_method_key": "_YM-PkY-CEDS-n8jWIRsr0g",
      "data_clump_type": "parameters_to_parameters_data_clump",
      "data_clump_data": {
        "_DFOBcI98EDS-n8jWIRsr0g": {
          "key": "_DFOBcI98EDS-n8jWIRsr0g",
          "name": "parameter",
          "type": null,
          "probability": 1,
          "modifiers": [],
          "to_variable": {
            "key": "_Z0i04I-DEDS-n8jWIRsr0g",
            "name": "parameter",
            "type": null,
            "modifiers": [],
            "position": {}
          },
          "position": {}
        },
        "_JhaBwI98EDS-n8jWIRsr0g": {
          "key": "_JhaBwI98EDS-n8jWIRsr0g",
          "name": "parameter2",
          "type": null,
          "probability": 1,
          "modifiers": [],
          "to_variable": {
            "key": "_bbXBsI-DEDS-n8jWIRsr0g",
            "name": "parameter2",
            "type": null,
            "modifiers": [],
            "position": {}
          },
          "position": {}
        },
        "_LL_UQI98EDS-n8jWIRsr0g": {
          "key": "_LL_UQI98EDS-n8jWIRsr0g",
          "name": "parameter3",
          "type": null,
          "probability": 1,
          "modifiers": [],
          "to_variable": {
            "key": "_cFY2II-DEDS-n8jWIRsr0g",
            "name": "parameter3",
            "type": null,
            "modifiers": [],
            "position": {}
          },
          "position": {}
        }
      }
    },
    "parameters_to_parameters_data_clump-./Manager-_AEL5YY98EDS-n8jWIRsr0g-_ywqDQY96EDS-n8jWIRsr0g-parameterparameter2parameter3": {
      "type": "data_clump",
      "key": "parameters_to_parameters_data_clump-./Manager-_AEL5YY98EDS-n8jWIRsr0g-_ywqDQY96EDS-n8jWIRsr0g-parameterparameter2parameter3",
      "probability": 1,
      "from_file_path": "./Manager",
      "from_class_or_interface_name": "Manager",
      "from_class_or_interface_key": "_-GSpUI97EDS-n8jWIRsr0g",
      "from_method_name": "Manager",
      "from_method_key": "_AEL5YY98EDS-n8jWIRsr0g",
      "to_file_path": "./StoreEmployee",
      "to_class_or_interface_name": "StoreEmployee",
      "to_class_or_interface_key": "_i1LnAI8XEDSU9b2Y3gf9PQ",
      "to_method_name": "StoreEmployee",
      "to_method_key": "_ywqDQY96EDS-n8jWIRsr0g",
      "data_clump_type": "parameters_to_parameters_data_clump",
      "data_clump_data": {
        "_DFOBcI98EDS-n8jWIRsr0g": {
          "key": "_DFOBcI98EDS-n8jWIRsr0g",
          "name": "parameter",
          "type": null,
          "probability": 1,
          "modifiers": [],
          "to_variable": {
            "key": "_1OGWEI96EDS-n8jWIRsr0g",
            "name": "parameter",
            "type": null,
            "modifiers": [],
            "position": {}
          },
          "position": {}
        },
        "_JhaBwI98EDS-n8jWIRsr0g": {
          "key": "_JhaBwI98EDS-n8jWIRsr0g",
          "name": "parameter2",
          "type": null,
          "probability": 1,
          "modifiers": [],
          "to_variable": {
            "key": "__SX3YI96EDS-n8jWIRsr0g",
            "name": "parameter2",
            "type": null,
            "modifiers": [],
            "position": {}
          },
          "position": {}
        },
        "_LL_UQI98EDS-n8jWIRsr0g": {
          "key": "_LL_UQI98EDS-n8jWIRsr0g",
          "name": "parameter3",
          "type": null,
          "probability": 1,
          "modifiers": [],
          "to_variable": {
            "key": "_DVBNcI97EDS-n8jWIRsr0g",
            "name": "parameter3",
            "type": null,
            "modifiers": [],
            "position": {}
          },
          "position": {}
        }
      }
    },
    "parameters_to_parameters_data_clump-./SalesAssociate-_YM-PkY-CEDS-n8jWIRsr0g-_RC1kIY-CEDS-n8jWIRsr0g-parameterparameter2parameter3": {
      "type": "data_clump",
      "key": "parameters_to_parameters_data_clump-./SalesAssociate-_YM-PkY-CEDS-n8jWIRsr0g-_RC1kIY-CEDS-n8jWIRsr0g-parameterparameter2parameter3",
      "probability": 1,
      "from_file_path": "./SalesAssociate",
      "from_class_or_interface_name": "SalesAssociate",
      "from_class_or_interface_key": "__YlI4I-BEDS-n8jWIRsr0g",
      "from_method_name": "SalesAssociate",
      "from_method_key": "_YM-PkY-CEDS-n8jWIRsr0g",
      "to_file_path": "./CartStacker",
      "to_class_or_interface_name": "CartStacker",
      "to_class_or_interface_key": "_9j9woI-BEDS-n8jWIRsr0g",
      "to_method_name": "CartStacker",
      "to_method_key": "_RC1kIY-CEDS-n8jWIRsr0g",
      "data_clump_type": "parameters_to_parameters_data_clump",
      "data_clump_data": {
        "_Z0i04I-DEDS-n8jWIRsr0g": {
          "key": "_Z0i04I-DEDS-n8jWIRsr0g",
          "name": "parameter",
          "type": null,
          "probability": 1,
          "modifiers": [],
          "to_variable": {
            "key": "_eSBiQI-CEDS-n8jWIRsr0g",
            "name": "parameter",
            "type": null,
            "modifiers": [],
            "position": {}
          },
          "position": {}
        },
        "_bbXBsI-DEDS-n8jWIRsr0g": {
          "key": "_bbXBsI-DEDS-n8jWIRsr0g",
          "name": "parameter2",
          "type": null,
          "probability": 1,
          "modifiers": [],
          "to_variable": {
            "key": "_gagRsI-CEDS-n8jWIRsr0g",
            "name": "parameter2",
            "type": null,
            "modifiers": [],
            "position": {}
          },
          "position": {}
        },
        "_cFY2II-DEDS-n8jWIRsr0g": {
          "key": "_cFY2II-DEDS-n8jWIRsr0g",
          "name": "parameter3",
          "type": null,
          "probability": 1,
          "modifiers": [],
          "to_variable": {
            "key": "_ibrfQI-CEDS-n8jWIRsr0g",
            "name": "parameter3",
            "type": null,
            "modifiers": [],
            "position": {}
          },
          "position": {}
        }
      }
    },
    "parameters_to_parameters_data_clump-./SalesAssociate-_YM-PkY-CEDS-n8jWIRsr0g-_Wh3VcY9-EDS-n8jWIRsr0g-parameterparameter2parameter3": {
      "type": "data_clump",
      "key": "parameters_to_parameters_data_clump-./SalesAssociate-_YM-PkY-CEDS-n8jWIRsr0g-_Wh3VcY9-EDS-n8jWIRsr0g-parameterparameter2parameter3",
      "probability": 1,
      "from_file_path": "./SalesAssociate",
      "from_class_or_interface_name": "SalesAssociate",
      "from_class_or_interface_key": "__YlI4I-BEDS-n8jWIRsr0g",
      "from_method_name": "SalesAssociate",
      "from_method_key": "_YM-PkY-CEDS-n8jWIRsr0g",
      "to_file_path": "./FloorAssociate",
      "to_class_or_interface_name": "FloorAssociate",
      "to_class_or_interface_key": "_c0L6AI98EDS-n8jWIRsr0g",
      "to_method_name": "FloorAssociate",
      "to_method_key": "_Wh3VcY9-EDS-n8jWIRsr0g",
      "data_clump_type": "parameters_to_parameters_data_clump",
      "data_clump_data": {
        "_Z0i04I-DEDS-n8jWIRsr0g": {
          "key": "_Z0i04I-DEDS-n8jWIRsr0g",
          "name": "parameter",
          "type": null,
          "probability": 1,
          "modifiers": [],
          "to_variable": {
            "key": "_Yp6AAI9-EDS-n8jWIRsr0g",
            "name": "parameter",
            "type": null,
            "modifiers": [],
            "position": {}
          },
          "position": {}
        },
        "_bbXBsI-DEDS-n8jWIRsr0g": {
          "key": "_bbXBsI-DEDS-n8jWIRsr0g",
          "name": "parameter2",
          "type": null,
          "probability": 1,
          "modifiers": [],
          "to_variable": {
            "key": "_b2G2QI9-EDS-n8jWIRsr0g",
            "name": "parameter2",
            "type": null,
            "modifiers": [],
            "position": {}
          },
          "position": {}
        },
        "_cFY2II-DEDS-n8jWIRsr0g": {
          "key": "_cFY2II-DEDS-n8jWIRsr0g",
          "name": "parameter3",
          "type": null,
          "probability": 1,
          "modifiers": [],
          "to_variable": {
            "key": "_fk6qUI9-EDS-n8jWIRsr0g",
            "name": "parameter3",
            "type": null,
            "modifiers": [],
            "position": {}
          },
          "position": {}
        }
      }
    },
    "parameters_to_parameters_data_clump-./SalesAssociate-_YM-PkY-CEDS-n8jWIRsr0g-_T2MckI-CEDS-n8jWIRsr0g-parameterparameter2parameter3": {
      "type": "data_clump",
      "key": "parameters_to_parameters_data_clump-./SalesAssociate-_YM-PkY-CEDS-n8jWIRsr0g-_T2MckI-CEDS-n8jWIRsr0g-parameterparameter2parameter3",
      "probability": 1,
      "from_file_path": "./SalesAssociate",
      "from_class_or_interface_name": "SalesAssociate",
      "from_class_or_interface_key": "__YlI4I-BEDS-n8jWIRsr0g",
      "from_method_name": "SalesAssociate",
      "from_method_key": "_YM-PkY-CEDS-n8jWIRsr0g",
      "to_file_path": "./Janitor",
      "to_class_or_interface_name": "Janitor",
      "to_class_or_interface_key": "_-u9kII-BEDS-n8jWIRsr0g",
      "to_method_name": "Janitor",
      "to_method_key": "_T2MckI-CEDS-n8jWIRsr0g",
      "data_clump_type": "parameters_to_parameters_data_clump",
      "data_clump_data": {
        "_Z0i04I-DEDS-n8jWIRsr0g": {
          "key": "_Z0i04I-DEDS-n8jWIRsr0g",
          "name": "parameter",
          "type": null,
          "probability": 1,
          "modifiers": [],
          "to_variable": {
            "key": "_BJIrEI-DEDS-n8jWIRsr0g",
            "name": "parameter",
            "type": null,
            "modifiers": [],
            "position": {}
          },
          "position": {}
        },
        "_bbXBsI-DEDS-n8jWIRsr0g": {
          "key": "_bbXBsI-DEDS-n8jWIRsr0g",
          "name": "parameter2",
          "type": null,
          "probability": 1,
          "modifiers": [],
          "to_variable": {
            "key": "_CnT5QI-DEDS-n8jWIRsr0g",
            "name": "parameter2",
            "type": null,
            "modifiers": [],
            "position": {}
          },
          "position": {}
        },
        "_cFY2II-DEDS-n8jWIRsr0g": {
          "key": "_cFY2II-DEDS-n8jWIRsr0g",
          "name": "parameter3",
          "type": null,
          "probability": 1,
          "modifiers": [],
          "to_variable": {
            "key": "_E_QoEI-DEDS-n8jWIRsr0g",
            "name": "parameter3",
            "type": null,
            "modifiers": [],
            "position": {}
          },
          "position": {}
        }
      }
    },
    "parameters_to_parameters_data_clump-./SalesAssociate-_YM-PkY-CEDS-n8jWIRsr0g-_AEL5YY98EDS-n8jWIRsr0g-parameterparameter2parameter3": {
      "type": "data_clump",
      "key": "parameters_to_parameters_data_clump-./SalesAssociate-_YM-PkY-CEDS-n8jWIRsr0g-_AEL5YY98EDS-n8jWIRsr0g-parameterparameter2parameter3",
      "probability": 1,
      "from_file_path": "./SalesAssociate",
      "from_class_or_interface_name": "SalesAssociate",
      "from_class_or_interface_key": "__YlI4I-BEDS-n8jWIRsr0g",
      "from_method_name": "SalesAssociate",
      "from_method_key": "_YM-PkY-CEDS-n8jWIRsr0g",
      "to_file_path": "./Manager",
      "to_class_or_interface_name": "Manager",
      "to_class_or_interface_key": "_-GSpUI97EDS-n8jWIRsr0g",
      "to_method_name": "Manager",
      "to_method_key": "_AEL5YY98EDS-n8jWIRsr0g",
      "data_clump_type": "parameters_to_parameters_data_clump",
      "data_clump_data": {
        "_Z0i04I-DEDS-n8jWIRsr0g": {
          "key": "_Z0i04I-DEDS-n8jWIRsr0g",
          "name": "parameter",
          "type": null,
          "probability": 1,
          "modifiers": [],
          "to_variable": {
            "key": "_DFOBcI98EDS-n8jWIRsr0g",
            "name": "parameter",
            "type": null,
            "modifiers": [],
            "position": {}
          },
          "position": {}
        },
        "_bbXBsI-DEDS-n8jWIRsr0g": {
          "key": "_bbXBsI-DEDS-n8jWIRsr0g",
          "name": "parameter2",
          "type": null,
          "probability": 1,
          "modifiers": [],
          "to_variable": {
            "key": "_JhaBwI98EDS-n8jWIRsr0g",
            "name": "parameter2",
            "type": null,
            "modifiers": [],
            "position": {}
          },
          "position": {}
        },
        "_cFY2II-DEDS-n8jWIRsr0g": {
          "key": "_cFY2II-DEDS-n8jWIRsr0g",
          "name": "parameter3",
          "type": null,
          "probability": 1,
          "modifiers": [],
          "to_variable": {
            "key": "_LL_UQI98EDS-n8jWIRsr0g",
            "name": "parameter3",
            "type": null,
            "modifiers": [],
            "position": {}
          },
          "position": {}
        }
      }
    },
    "parameters_to_parameters_data_clump-./SalesAssociate-_YM-PkY-CEDS-n8jWIRsr0g-_ywqDQY96EDS-n8jWIRsr0g-parameterparameter2parameter3": {
      "type": "data_clump",
      "key": "parameters_to_parameters_data_clump-./SalesAssociate-_YM-PkY-CEDS-n8jWIRsr0g-_ywqDQY96EDS-n8jWIRsr0g-parameterparameter2parameter3",
      "probability": 1,
      "from_file_path": "./SalesAssociate",
      "from_class_or_interface_name": "SalesAssociate",
      "from_class_or_interface_key": "__YlI4I-BEDS-n8jWIRsr0g",
      "from_method_name": "SalesAssociate",
      "from_method_key": "_YM-PkY-CEDS-n8jWIRsr0g",
      "to_file_path": "./StoreEmployee",
      "to_class_or_interface_name": "StoreEmployee",
      "to_class_or_interface_key": "_i1LnAI8XEDSU9b2Y3gf9PQ",
      "to_method_name": "StoreEmployee",
      "to_method_key": "_ywqDQY96EDS-n8jWIRsr0g",
      "data_clump_type": "parameters_to_parameters_data_clump",
      "data_clump_data": {
        "_Z0i04I-DEDS-n8jWIRsr0g": {
          "key": "_Z0i04I-DEDS-n8jWIRsr0g",
          "name": "parameter",
          "type": null,
          "probability": 1,
          "modifiers": [],
          "to_variable": {
            "key": "_1OGWEI96EDS-n8jWIRsr0g",
            "name": "parameter",
            "type": null,
            "modifiers": [],
            "position": {}
          },
          "position": {}
        },
        "_bbXBsI-DEDS-n8jWIRsr0g": {
          "key": "_bbXBsI-DEDS-n8jWIRsr0g",
          "name": "parameter2",
          "type": null,
          "probability": 1,
          "modifiers": [],
          "to_variable": {
            "key": "__SX3YI96EDS-n8jWIRsr0g",
            "name": "parameter2",
            "type": null,
            "modifiers": [],
            "position": {}
          },
          "position": {}
        },
        "_cFY2II-DEDS-n8jWIRsr0g": {
          "key": "_cFY2II-DEDS-n8jWIRsr0g",
          "name": "parameter3",
          "type": null,
          "probability": 1,
          "modifiers": [],
          "to_variable": {
            "key": "_DVBNcI97EDS-n8jWIRsr0g",
            "name": "parameter3",
            "type": null,
            "modifiers": [],
            "position": {}
          },
          "position": {}
        }
      }
    },
    "parameters_to_parameters_data_clump-./StoreEmployee-_ywqDQY96EDS-n8jWIRsr0g-_RC1kIY-CEDS-n8jWIRsr0g-parameterparameter2parameter3": {
      "type": "data_clump",
      "key": "parameters_to_parameters_data_clump-./StoreEmployee-_ywqDQY96EDS-n8jWIRsr0g-_RC1kIY-CEDS-n8jWIRsr0g-parameterparameter2parameter3",
      "probability": 1,
      "from_file_path": "./StoreEmployee",
      "from_class_or_interface_name": "StoreEmployee",
      "from_class_or_interface_key": "_i1LnAI8XEDSU9b2Y3gf9PQ",
      "from_method_name": "StoreEmployee",
      "from_method_key": "_ywqDQY96EDS-n8jWIRsr0g",
      "to_file_path": "./CartStacker",
      "to_class_or_interface_name": "CartStacker",
      "to_class_or_interface_key": "_9j9woI-BEDS-n8jWIRsr0g",
      "to_method_name": "CartStacker",
      "to_method_key": "_RC1kIY-CEDS-n8jWIRsr0g",
      "data_clump_type": "parameters_to_parameters_data_clump",
      "data_clump_data": {
        "_1OGWEI96EDS-n8jWIRsr0g": {
          "key": "_1OGWEI96EDS-n8jWIRsr0g",
          "name": "parameter",
          "type": null,
          "probability": 1,
          "modifiers": [],
          "to_variable": {
            "key": "_eSBiQI-CEDS-n8jWIRsr0g",
            "name": "parameter",
            "type": null,
            "modifiers": [],
            "position": {}
          },
          "position": {}
        },
        "__SX3YI96EDS-n8jWIRsr0g": {
          "key": "__SX3YI96EDS-n8jWIRsr0g",
          "name": "parameter2",
          "type": null,
          "probability": 1,
          "modifiers": [],
          "to_variable": {
            "key": "_gagRsI-CEDS-n8jWIRsr0g",
            "name": "parameter2",
            "type": null,
            "modifiers": [],
            "position": {}
          },
          "position": {}
        },
        "_DVBNcI97EDS-n8jWIRsr0g": {
          "key": "_DVBNcI97EDS-n8jWIRsr0g",
          "name": "parameter3",
          "type": null,
          "probability": 1,
          "modifiers": [],
          "to_variable": {
            "key": "_ibrfQI-CEDS-n8jWIRsr0g",
            "name": "parameter3",
            "type": null,
            "modifiers": [],
            "position": {}
          },
          "position": {}
        }
      }
    },
    "parameters_to_parameters_data_clump-./StoreEmployee-_ywqDQY96EDS-n8jWIRsr0g-_Wh3VcY9-EDS-n8jWIRsr0g-parameterparameter2parameter3": {
      "type": "data_clump",
      "key": "parameters_to_parameters_data_clump-./StoreEmployee-_ywqDQY96EDS-n8jWIRsr0g-_Wh3VcY9-EDS-n8jWIRsr0g-parameterparameter2parameter3",
      "probability": 1,
      "from_file_path": "./StoreEmployee",
      "from_class_or_interface_name": "StoreEmployee",
      "from_class_or_interface_key": "_i1LnAI8XEDSU9b2Y3gf9PQ",
      "from_method_name": "StoreEmployee",
      "from_method_key": "_ywqDQY96EDS-n8jWIRsr0g",
      "to_file_path": "./FloorAssociate",
      "to_class_or_interface_name": "FloorAssociate",
      "to_class_or_interface_key": "_c0L6AI98EDS-n8jWIRsr0g",
      "to_method_name": "FloorAssociate",
      "to_method_key": "_Wh3VcY9-EDS-n8jWIRsr0g",
      "data_clump_type": "parameters_to_parameters_data_clump",
      "data_clump_data": {
        "_1OGWEI96EDS-n8jWIRsr0g": {
          "key": "_1OGWEI96EDS-n8jWIRsr0g",
          "name": "parameter",
          "type": null,
          "probability": 1,
          "modifiers": [],
          "to_variable": {
            "key": "_Yp6AAI9-EDS-n8jWIRsr0g",
            "name": "parameter",
            "type": null,
            "modifiers": [],
            "position": {}
          },
          "position": {}
        },
        "__SX3YI96EDS-n8jWIRsr0g": {
          "key": "__SX3YI96EDS-n8jWIRsr0g",
          "name": "parameter2",
          "type": null,
          "probability": 1,
          "modifiers": [],
          "to_variable": {
            "key": "_b2G2QI9-EDS-n8jWIRsr0g",
            "name": "parameter2",
            "type": null,
            "modifiers": [],
            "position": {}
          },
          "position": {}
        },
        "_DVBNcI97EDS-n8jWIRsr0g": {
          "key": "_DVBNcI97EDS-n8jWIRsr0g",
          "name": "parameter3",
          "type": null,
          "probability": 1,
          "modifiers": [],
          "to_variable": {
            "key": "_fk6qUI9-EDS-n8jWIRsr0g",
            "name": "parameter3",
            "type": null,
            "modifiers": [],
            "position": {}
          },
          "position": {}
        }
      }
    },
    "parameters_to_parameters_data_clump-./StoreEmployee-_ywqDQY96EDS-n8jWIRsr0g-_T2MckI-CEDS-n8jWIRsr0g-parameterparameter2parameter3": {
      "type": "data_clump",
      "key": "parameters_to_parameters_data_clump-./StoreEmployee-_ywqDQY96EDS-n8jWIRsr0g-_T2MckI-CEDS-n8jWIRsr0g-parameterparameter2parameter3",
      "probability": 1,
      "from_file_path": "./StoreEmployee",
      "from_class_or_interface_name": "StoreEmployee",
      "from_class_or_interface_key": "_i1LnAI8XEDSU9b2Y3gf9PQ",
      "from_method_name": "StoreEmployee",
      "from_method_key": "_ywqDQY96EDS-n8jWIRsr0g",
      "to_file_path": "./Janitor",
      "to_class_or_interface_name": "Janitor",
      "to_class_or_interface_key": "_-u9kII-BEDS-n8jWIRsr0g",
      "to_method_name": "Janitor",
      "to_method_key": "_T2MckI-CEDS-n8jWIRsr0g",
      "data_clump_type": "parameters_to_parameters_data_clump",
      "data_clump_data": {
        "_1OGWEI96EDS-n8jWIRsr0g": {
          "key": "_1OGWEI96EDS-n8jWIRsr0g",
          "name": "parameter",
          "type": null,
          "probability": 1,
          "modifiers": [],
          "to_variable": {
            "key": "_BJIrEI-DEDS-n8jWIRsr0g",
            "name": "parameter",
            "type": null,
            "modifiers": [],
            "position": {}
          },
          "position": {}
        },
        "__SX3YI96EDS-n8jWIRsr0g": {
          "key": "__SX3YI96EDS-n8jWIRsr0g",
          "name": "parameter2",
          "type": null,
          "probability": 1,
          "modifiers": [],
          "to_variable": {
            "key": "_CnT5QI-DEDS-n8jWIRsr0g",
            "name": "parameter2",
            "type": null,
            "modifiers": [],
            "position": {}
          },
          "position": {}
        },
        "_DVBNcI97EDS-n8jWIRsr0g": {
          "key": "_DVBNcI97EDS-n8jWIRsr0g",
          "name": "parameter3",
          "type": null,
          "probability": 1,
          "modifiers": [],
          "to_variable": {
            "key": "_E_QoEI-DEDS-n8jWIRsr0g",
            "name": "parameter3",
            "type": null,
            "modifiers": [],
            "position": {}
          },
          "position": {}
        }
      }
    },
    "parameters_to_parameters_data_clump-./StoreEmployee-_ywqDQY96EDS-n8jWIRsr0g-_AEL5YY98EDS-n8jWIRsr0g-parameterparameter2parameter3": {
      "type": "data_clump",
      "key": "parameters_to_parameters_data_clump-./StoreEmployee-_ywqDQY96EDS-n8jWIRsr0g-_AEL5YY98EDS-n8jWIRsr0g-parameterparameter2parameter3",
      "probability": 1,
      "from_file_path": "./StoreEmployee",
      "from_class_or_interface_name": "StoreEmployee",
      "from_class_or_interface_key": "_i1LnAI8XEDSU9b2Y3gf9PQ",
      "from_method_name": "StoreEmployee",
      "from_method_key": "_ywqDQY96EDS-n8jWIRsr0g",
      "to_file_path": "./Manager",
      "to_class_or_interface_name": "Manager",
      "to_class_or_interface_key": "_-GSpUI97EDS-n8jWIRsr0g",
      "to_method_name": "Manager",
      "to_method_key": "_AEL5YY98EDS-n8jWIRsr0g",
      "data_clump_type": "parameters_to_parameters_data_clump",
      "data_clump_data": {
        "_1OGWEI96EDS-n8jWIRsr0g": {
          "key": "_1OGWEI96EDS-n8jWIRsr0g",
          "name": "parameter",
          "type": null,
          "probability": 1,
          "modifiers": [],
          "to_variable": {
            "key": "_DFOBcI98EDS-n8jWIRsr0g",
            "name": "parameter",
            "type": null,
            "modifiers": [],
            "position": {}
          },
          "position": {}
        },
        "__SX3YI96EDS-n8jWIRsr0g": {
          "key": "__SX3YI96EDS-n8jWIRsr0g",
          "name": "parameter2",
          "type": null,
          "probability": 1,
          "modifiers": [],
          "to_variable": {
            "key": "_JhaBwI98EDS-n8jWIRsr0g",
            "name": "parameter2",
            "type": null,
            "modifiers": [],
            "position": {}
          },
          "position": {}
        },
        "_DVBNcI97EDS-n8jWIRsr0g": {
          "key": "_DVBNcI97EDS-n8jWIRsr0g",
          "name": "parameter3",
          "type": null,
          "probability": 1,
          "modifiers": [],
          "to_variable": {
            "key": "_LL_UQI98EDS-n8jWIRsr0g",
            "name": "parameter3",
            "type": null,
            "modifiers": [],
            "position": {}
          },
          "position": {}
        }
      }
    },
    "parameters_to_parameters_data_clump-./StoreEmployee-_ywqDQY96EDS-n8jWIRsr0g-_YM-PkY-CEDS-n8jWIRsr0g-parameterparameter2parameter3": {
      "type": "data_clump",
      "key": "parameters_to_parameters_data_clump-./StoreEmployee-_ywqDQY96EDS-n8jWIRsr0g-_YM-PkY-CEDS-n8jWIRsr0g-parameterparameter2parameter3",
      "probability": 1,
      "from_file_path": "./StoreEmployee",
      "from_class_or_interface_name": "StoreEmployee",
      "from_class_or_interface_key": "_i1LnAI8XEDSU9b2Y3gf9PQ",
      "from_method_name": "StoreEmployee",
      "from_method_key": "_ywqDQY96EDS-n8jWIRsr0g",
      "to_file_path": "./SalesAssociate",
      "to_class_or_interface_name": "SalesAssociate",
      "to_class_or_interface_key": "__YlI4I-BEDS-n8jWIRsr0g",
      "to_method_name": "SalesAssociate",
      "to_method_key": "_YM-PkY-CEDS-n8jWIRsr0g",
      "data_clump_type": "parameters_to_parameters_data_clump",
      "data_clump_data": {
        "_1OGWEI96EDS-n8jWIRsr0g": {
          "key": "_1OGWEI96EDS-n8jWIRsr0g",
          "name": "parameter",
          "type": null,
          "probability": 1,
          "modifiers": [],
          "to_variable": {
            "key": "_Z0i04I-DEDS-n8jWIRsr0g",
            "name": "parameter",
            "type": null,
            "modifiers": [],
            "position": {}
          },
          "position": {}
        },
        "__SX3YI96EDS-n8jWIRsr0g": {
          "key": "__SX3YI96EDS-n8jWIRsr0g",
          "name": "parameter2",
          "type": null,
          "probability": 1,
          "modifiers": [],
          "to_variable": {
            "key": "_bbXBsI-DEDS-n8jWIRsr0g",
            "name": "parameter2",
            "type": null,
            "modifiers": [],
            "position": {}
          },
          "position": {}
        },
        "_DVBNcI97EDS-n8jWIRsr0g": {
          "key": "_DVBNcI97EDS-n8jWIRsr0g",
          "name": "parameter3",
          "type": null,
          "probability": 1,
          "modifiers": [],
          "to_variable": {
            "key": "_cFY2II-DEDS-n8jWIRsr0g",
            "name": "parameter3",
            "type": null,
            "modifiers": [],
            "position": {}
          },
          "position": {}
        }
      }
    }
  }
}