{
  "report_version": "unknown",
  "report_timestamp": "2025-03-26T22:02:45.693Z",
  "target_language": "java",
  "report_summary": {
    "additional": null,
    "amount_classes_or_interfaces_with_data_clumps": 2,
    "amount_files_with_data_clumps": 2,
    "amount_methods_with_data_clumps": 2,
    "fields_to_fields_data_clump": 0,
    "parameters_to_fields_data_clump": 0,
    "parameters_to_parameters_data_clump": 2,
    "amount_data_clumps": 2
  },
  "project_info": {
    "project_url": "unknown_project_url",
    "project_name": "_E4QR8FVOEeSu48YT12vqpQ",
    "project_version": "unknown_project_version",
    "project_commit_hash": "unknown",
    "project_tag": null,
    "project_commit_date": null,
    "additional": {},
    "number_of_files": 9,
    "number_of_classes_or_interfaces": 9,
    "number_of_methods": 2,
    "number_of_data_fields": 0,
    "number_of_method_parameters": 8
  },
  "detector": {
    "name": "data-clumps-doctor",
    "url": "https://github.com/NilsBaumgartner1994/data-clumps-doctor",
    "version": "0.1.100",
    "options": {
      "typeVariablesConsidered": false,
      "similarityModifierOfVariablesWithUnknownType": 0,
      "fieldsOfClassesWithUnknownHierarchyProbabilityModifier": 0,
      "sharedFieldsToFieldsAmountMinimum": 3,
      "analyseFieldsInClassesOrInterfacesInheritedFromSuperClassesOrInterfaces": false,
      "sharedParametersToParametersAmountMinimum": 3,
      "sharedParametersToFieldsAmountMinimum": 3,
      "methodsOfClassesOrInterfacesWithUnknownHierarchyProbabilityModifier": 0
    }
  },
  "data_clumps": {
    "parameters_to_parameters_data_clump-./ConfigurationErrorsDetectorController-_U_m3QC4nEDOM8q-pNNdLXw-_ySPY8C4pEDOM8q-pNNdLXw-parameterparameter2parameter3parameter4": {
      "type": "data_clump",
      "key": "parameters_to_parameters_data_clump-./ConfigurationErrorsDetectorController-_U_m3QC4nEDOM8q-pNNdLXw-_ySPY8C4pEDOM8q-pNNdLXw-parameterparameter2parameter3parameter4",
      "probability": 1,
      "from_file_path": "./ConfigurationErrorsDetectorController",
      "from_class_or_interface_name": "ConfigurationErrorsDetectorController",
      "from_class_or_interface_key": "_PL6aUC4nEDOM8q-pNNdLXw",
      "from_method_name": "findAllErrors",
      "from_method_key": "_U_m3QC4nEDOM8q-pNNdLXw",
      "to_file_path": "./ConfigurationErrorsDetectorService",
      "to_class_or_interface_name": "ConfigurationErrorsDetectorService",
      "to_class_or_interface_key": "_3-3PcC4nEDOM8q-pNNdLXw",
      "to_method_name": "findAllErrors",
      "to_method_key": "_ySPY8C4pEDOM8q-pNNdLXw",
      "data_clump_type": "parameters_to_parameters_data_clump",
      "data_clump_data": {
        "_tI9c4C4nEDOM8q-pNNdLXw": {
          "key": "_tI9c4C4nEDOM8q-pNNdLXw",
          "name": "parameter",
          "type": null,
          "probability": 1,
          "modifiers": [],
          "to_variable": {
            "key": "_3wDsgC4pEDOM8q-pNNdLXw",
            "name": "parameter",
            "type": null,
            "modifiers": [],
            "position": {}
          },
          "position": {}
        },
        "_xDh1AC4nEDOM8q-pNNdLXw": {
          "key": "_xDh1AC4nEDOM8q-pNNdLXw",
          "name": "parameter2",
          "type": null,
          "probability": 1,
          "modifiers": [],
          "to_variable": {
            "key": "_4lkYMC4pEDOM8q-pNNdLXw",
            "name": "parameter2",
            "type": null,
            "modifiers": [],
            "position": {}
          },
          "position": {}
        },
        "_zNKbAC4nEDOM8q-pNNdLXw": {
          "key": "_zNKbAC4nEDOM8q-pNNdLXw",
          "name": "parameter3",
          "type": null,
          "probability": 1,
          "modifiers": [],
          "to_variable": {
            "key": "_5K4EsC4pEDOM8q-pNNdLXw",
            "name": "parameter3",
            "type": null,
            "modifiers": [],
            "position": {}
          },
          "position": {}
        },
        "_0RmTgC4nEDOM8q-pNNdLXw": {
          "key": "_0RmTgC4nEDOM8q-pNNdLXw",
          "name": "parameter4",
          "type": null,
          "probability": 1,
          "modifiers": [],
          "to_variable": {
            "key": "_6D2UEC4pEDOM8q-pNNdLXw",
            "name": "parameter4",
            "type": null,
            "modifiers": [],
            "position": {}
          },
          "position": {}
        }
      }
    },
    "parameters_to_parameters_data_clump-./ConfigurationErrorsDetectorService-_ySPY8C4pEDOM8q-pNNdLXw-_U_m3QC4nEDOM8q-pNNdLXw-parameterparameter2parameter3parameter4": {
      "type": "data_clump",
      "key": "parameters_to_parameters_data_clump-./ConfigurationErrorsDetectorService-_ySPY8C4pEDOM8q-pNNdLXw-_U_m3QC4nEDOM8q-pNNdLXw-parameterparameter2parameter3parameter4",
      "probability": 1,
      "from_file_path": "./ConfigurationErrorsDetectorService",
      "from_class_or_interface_name": "ConfigurationErrorsDetectorService",
      "from_class_or_interface_key": "_3-3PcC4nEDOM8q-pNNdLXw",
      "from_method_name": "findAllErrors",
      "from_method_key": "_ySPY8C4pEDOM8q-pNNdLXw",
      "to_file_path": "./ConfigurationErrorsDetectorController",
      "to_class_or_interface_name": "ConfigurationErrorsDetectorController",
      "to_class_or_interface_key": "_PL6aUC4nEDOM8q-pNNdLXw",
      "to_method_name": "findAllErrors",
      "to_method_key": "_U_m3QC4nEDOM8q-pNNdLXw",
      "data_clump_type": "parameters_to_parameters_data_clump",
      "data_clump_data": {
        "_3wDsgC4pEDOM8q-pNNdLXw": {
          "key": "_3wDsgC4pEDOM8q-pNNdLXw",
          "name": "parameter",
          "type": null,
          "probability": 1,
          "modifiers": [],
          "to_variable": {
            "key": "_tI9c4C4nEDOM8q-pNNdLXw",
            "name": "parameter",
            "type": null,
            "modifiers": [],
            "position": {}
          },
          "position": {}
        },
        "_4lkYMC4pEDOM8q-pNNdLXw": {
          "key": "_4lkYMC4pEDOM8q-pNNdLXw",
          "name": "parameter2",
          "type": null,
          "probability": 1,
          "modifiers": [],
          "to_variable": {
            "key": "_xDh1AC4nEDOM8q-pNNdLXw",
            "name": "parameter2",
            "type": null,
            "modifiers": [],
            "position": {}
          },
          "position": {}
        },
        "_5K4EsC4pEDOM8q-pNNdLXw": {
          "key": "_5K4EsC4pEDOM8q-pNNdLXw",
          "name": "parameter3",
          "type": null,
          "probability": 1,
          "modifiers": [],
          "to_variable": {
            "key": "_zNKbAC4nEDOM8q-pNNdLXw",
            "name": "parameter3",
            "type": null,
            "modifiers": [],
            "position": {}
          },
          "position": {}
        },
        "_6D2UEC4pEDOM8q-pNNdLXw": {
          "key": "_6D2UEC4pEDOM8q-pNNdLXw",
          "name": "parameter4",
          "type": null,
          "probability": 1,
          "modifiers": [],
          "to_variable": {
            "key": "_0RmTgC4nEDOM8q-pNNdLXw",
            "name": "parameter4",
            "type": null,
            "modifiers": [],
            "position": {}
          },
          "position": {}
        }
      }
    }
  }
}