{
  "report_version": "unknown",
  "report_timestamp": "2025-03-26T22:07:28.623Z",
  "target_language": "java",
  "report_summary": {
    "additional": null,
    "amount_classes_or_interfaces_with_data_clumps": 2,
    "amount_files_with_data_clumps": 2,
    "amount_methods_with_data_clumps": 0,
    "fields_to_fields_data_clump": 2,
    "parameters_to_fields_data_clump": 0,
    "parameters_to_parameters_data_clump": 0,
    "amount_data_clumps": 2
  },
  "project_info": {
    "project_url": "unknown_project_url",
    "project_name": "_M_FbgEtzEDGOcZInQsF8GQ",
    "project_version": "unknown_project_version",
    "project_commit_hash": "unknown",
    "project_tag": null,
    "project_commit_date": null,
    "additional": {},
    "number_of_files": 6,
    "number_of_classes_or_interfaces": 6,
    "number_of_methods": 9,
    "number_of_data_fields": 38,
    "number_of_method_parameters": 1
  },
  "detector": {
    "name": "data-clumps-doctor",
    "url": "https://github.com/NilsBaumgartner1994/data-clumps-doctor",
    "version": "0.1.100",
    "options": {
      "typeVariablesConsidered": false,
      "similarityModifierOfVariablesWithUnknownType": 0,
      "fieldsOfClassesWithUnknownHierarchyProbabilityModifier": 0,
      "sharedFieldsToFieldsAmountMinimum": 3,
      "analyseFieldsInClassesOrInterfacesInheritedFromSuperClassesOrInterfaces": false,
      "sharedParametersToParametersAmountMinimum": 3,
      "sharedParametersToFieldsAmountMinimum": 3,
      "methodsOfClassesOrInterfacesWithUnknownHierarchyProbabilityModifier": 0
    }
  },
  "data_clumps": {
    "fields_to_fields_data_clump-./Media-_epjnQEt1EDGH2e7EcVhYdQ-_KNzmsEtzEDGH2e7EcVhYdQ-idcreated_atupdated_at": {
      "type": "data_clump",
      "key": "fields_to_fields_data_clump-./Media-_epjnQEt1EDGH2e7EcVhYdQ-_KNzmsEtzEDGH2e7EcVhYdQ-idcreated_atupdated_at",
      "probability": 1,
      "from_file_path": "./Media",
      "from_class_or_interface_name": "Media",
      "from_class_or_interface_key": "_epjnQEt1EDGH2e7EcVhYdQ",
      "from_method_name": null,
      "from_method_key": null,
      "to_file_path": "./User",
      "to_class_or_interface_key": "_KNzmsEtzEDGH2e7EcVhYdQ",
      "to_class_or_interface_name": "Media",
      "to_method_key": null,
      "to_method_name": null,
      "data_clump_type": "fields_to_fields_data_clump",
      "data_clump_data": {
        "_gLcQwEt1EDGH2e7EcVhYdQ": {
          "key": "_gLcQwEt1EDGH2e7EcVhYdQ",
          "name": "id",
          "type": null,
          "probability": 1,
          "modifiers": [],
          "to_variable": {
            "key": "_WUNX0EtzEDGH2e7EcVhYdQ",
            "name": "id",
            "type": null,
            "modifiers": [],
            "position": {}
          },
          "position": {}
        },
        "_1fk8wEt1EDGH2e7EcVhYdQ": {
          "key": "_1fk8wEt1EDGH2e7EcVhYdQ",
          "name": "created_at",
          "type": null,
          "probability": 1,
          "modifiers": [],
          "to_variable": {
            "key": "_1FtWIEtzEDGH2e7EcVhYdQ",
            "name": "created_at",
            "type": null,
            "modifiers": [],
            "position": {}
          },
          "position": {}
        },
        "_32OEAEt1EDGH2e7EcVhYdQ": {
          "key": "_32OEAEt1EDGH2e7EcVhYdQ",
          "name": "updated_at",
          "type": null,
          "probability": 1,
          "modifiers": [],
          "to_variable": {
            "key": "_3LBc0EtzEDGH2e7EcVhYdQ",
            "name": "updated_at",
            "type": null,
            "modifiers": [],
            "position": {}
          },
          "position": {}
        }
      }
    },
    "fields_to_fields_data_clump-./User-_KNzmsEtzEDGH2e7EcVhYdQ-_epjnQEt1EDGH2e7EcVhYdQ-idcreated_atupdated_at": {
      "type": "data_clump",
      "key": "fields_to_fields_data_clump-./User-_KNzmsEtzEDGH2e7EcVhYdQ-_epjnQEt1EDGH2e7EcVhYdQ-idcreated_atupdated_at",
      "probability": 1,
      "from_file_path": "./User",
      "from_class_or_interface_name": "User",
      "from_class_or_interface_key": "_KNzmsEtzEDGH2e7EcVhYdQ",
      "from_method_name": null,
      "from_method_key": null,
      "to_file_path": "./Media",
      "to_class_or_interface_key": "_epjnQEt1EDGH2e7EcVhYdQ",
      "to_class_or_interface_name": "User",
      "to_method_key": null,
      "to_method_name": null,
      "data_clump_type": "fields_to_fields_data_clump",
      "data_clump_data": {
        "_WUNX0EtzEDGH2e7EcVhYdQ": {
          "key": "_WUNX0EtzEDGH2e7EcVhYdQ",
          "name": "id",
          "type": null,
          "probability": 1,
          "modifiers": [],
          "to_variable": {
            "key": "_gLcQwEt1EDGH2e7EcVhYdQ",
            "name": "id",
            "type": null,
            "modifiers": [],
            "position": {}
          },
          "position": {}
        },
        "_1FtWIEtzEDGH2e7EcVhYdQ": {
          "key": "_1FtWIEtzEDGH2e7EcVhYdQ",
          "name": "created_at",
          "type": null,
          "probability": 1,
          "modifiers": [],
          "to_variable": {
            "key": "_1fk8wEt1EDGH2e7EcVhYdQ",
            "name": "created_at",
            "type": null,
            "modifiers": [],
            "position": {}
          },
          "position": {}
        },
        "_3LBc0EtzEDGH2e7EcVhYdQ": {
          "key": "_3LBc0EtzEDGH2e7EcVhYdQ",
          "name": "updated_at",
          "type": null,
          "probability": 1,
          "modifiers": [],
          "to_variable": {
            "key": "_32OEAEt1EDGH2e7EcVhYdQ",
            "name": "updated_at",
            "type": null,
            "modifiers": [],
            "position": {}
          },
          "position": {}
        }
      }
    }
  }
}