{
  "report_version": "unknown",
  "report_timestamp": "2025-03-26T22:02:29.417Z",
  "target_language": "java",
  "report_summary": {
    "additional": null,
    "amount_classes_or_interfaces_with_data_clumps": 2,
    "amount_files_with_data_clumps": 2,
    "amount_methods_with_data_clumps": 0,
    "fields_to_fields_data_clump": 2,
    "parameters_to_fields_data_clump": 0,
    "parameters_to_parameters_data_clump": 0,
    "amount_data_clumps": 2
  },
  "project_info": {
    "project_url": "unknown_project_url",
    "project_name": "_RvM4oAdcEeeoBvzX9wJhsQ",
    "project_version": "unknown_project_version",
    "project_commit_hash": "unknown",
    "project_tag": null,
    "project_commit_date": null,
    "additional": {},
    "number_of_files": 8,
    "number_of_classes_or_interfaces": 8,
    "number_of_methods": 0,
    "number_of_data_fields": 26,
    "number_of_method_parameters": 0
  },
  "detector": {
    "name": "data-clumps-doctor",
    "url": "https://github.com/NilsBaumgartner1994/data-clumps-doctor",
    "version": "0.1.100",
    "options": {
      "typeVariablesConsidered": false,
      "similarityModifierOfVariablesWithUnknownType": 0,
      "fieldsOfClassesWithUnknownHierarchyProbabilityModifier": 0,
      "sharedFieldsToFieldsAmountMinimum": 3,
      "analyseFieldsInClassesOrInterfacesInheritedFromSuperClassesOrInterfaces": false,
      "sharedParametersToParametersAmountMinimum": 3,
      "sharedParametersToFieldsAmountMinimum": 3,
      "methodsOfClassesOrInterfacesWithUnknownHierarchyProbabilityModifier": 0
    }
  },
  "data_clumps": {
    "fields_to_fields_data_clump-./customer-_F1lywOmOEDSzvYbOwQS6Tw-_iuUOYemKEDSzvYbOwQS6Tw-idemailpasswordname": {
      "type": "data_clump",
      "key": "fields_to_fields_data_clump-./customer-_F1lywOmOEDSzvYbOwQS6Tw-_iuUOYemKEDSzvYbOwQS6Tw-idemailpasswordname",
      "probability": 1,
      "from_file_path": "./customer",
      "from_class_or_interface_name": "customer",
      "from_class_or_interface_key": "_F1lywOmOEDSzvYbOwQS6Tw",
      "from_method_name": null,
      "from_method_key": null,
      "to_file_path": "./merchant",
      "to_class_or_interface_key": "_iuUOYemKEDSzvYbOwQS6Tw",
      "to_class_or_interface_name": "customer",
      "to_method_key": null,
      "to_method_name": null,
      "data_clump_type": "fields_to_fields_data_clump",
      "data_clump_data": {
        "_G6XCcOmOEDSzvYbOwQS6Tw": {
          "key": "_G6XCcOmOEDSzvYbOwQS6Tw",
          "name": "id",
          "type": null,
          "probability": 1,
          "modifiers": [
            "public"
          ],
          "to_variable": {
            "key": "_nLmSAOmKEDSzvYbOwQS6Tw",
            "name": "id",
            "type": null,
            "modifiers": [
              "public"
            ],
            "position": {}
          },
          "position": {}
        },
        "_HjeQ4OmOEDSzvYbOwQS6Tw": {
          "key": "_HjeQ4OmOEDSzvYbOwQS6Tw",
          "name": "email",
          "type": null,
          "probability": 1,
          "modifiers": [
            "public"
          ],
          "to_variable": {
            "key": "_qnme0OmKEDSzvYbOwQS6Tw",
            "name": "email",
            "type": null,
            "modifiers": [
              "public"
            ],
            "position": {}
          },
          "position": {}
        },
        "_JPfGwOmOEDSzvYbOwQS6Tw": {
          "key": "_JPfGwOmOEDSzvYbOwQS6Tw",
          "name": "password",
          "type": null,
          "probability": 1,
          "modifiers": [
            "public"
          ],
          "to_variable": {
            "key": "_Mc3BsOmOEDSzvYbOwQS6Tw",
            "name": "password",
            "type": null,
            "modifiers": [
              "public"
            ],
            "position": {}
          },
          "position": {}
        },
        "_LNENwOmOEDSzvYbOwQS6Tw": {
          "key": "_LNENwOmOEDSzvYbOwQS6Tw",
          "name": "name",
          "type": null,
          "probability": 1,
          "modifiers": [
            "public"
          ],
          "to_variable": {
            "key": "_yszEUOmKEDSzvYbOwQS6Tw",
            "name": "name",
            "type": null,
            "modifiers": [
              "public"
            ],
            "position": {}
          },
          "position": {}
        }
      }
    },
    "fields_to_fields_data_clump-./merchant-_iuUOYemKEDSzvYbOwQS6Tw-_F1lywOmOEDSzvYbOwQS6Tw-idemailpasswordname": {
      "type": "data_clump",
      "key": "fields_to_fields_data_clump-./merchant-_iuUOYemKEDSzvYbOwQS6Tw-_F1lywOmOEDSzvYbOwQS6Tw-idemailpasswordname",
      "probability": 1,
      "from_file_path": "./merchant",
      "from_class_or_interface_name": "merchant",
      "from_class_or_interface_key": "_iuUOYemKEDSzvYbOwQS6Tw",
      "from_method_name": null,
      "from_method_key": null,
      "to_file_path": "./customer",
      "to_class_or_interface_key": "_F1lywOmOEDSzvYbOwQS6Tw",
      "to_class_or_interface_name": "merchant",
      "to_method_key": null,
      "to_method_name": null,
      "data_clump_type": "fields_to_fields_data_clump",
      "data_clump_data": {
        "_nLmSAOmKEDSzvYbOwQS6Tw": {
          "key": "_nLmSAOmKEDSzvYbOwQS6Tw",
          "name": "id",
          "type": null,
          "probability": 1,
          "modifiers": [
            "public"
          ],
          "to_variable": {
            "key": "_G6XCcOmOEDSzvYbOwQS6Tw",
            "name": "id",
            "type": null,
            "modifiers": [
              "public"
            ],
            "position": {}
          },
          "position": {}
        },
        "_qnme0OmKEDSzvYbOwQS6Tw": {
          "key": "_qnme0OmKEDSzvYbOwQS6Tw",
          "name": "email",
          "type": null,
          "probability": 1,
          "modifiers": [
            "public"
          ],
          "to_variable": {
            "key": "_HjeQ4OmOEDSzvYbOwQS6Tw",
            "name": "email",
            "type": null,
            "modifiers": [
              "public"
            ],
            "position": {}
          },
          "position": {}
        },
        "_Mc3BsOmOEDSzvYbOwQS6Tw": {
          "key": "_Mc3BsOmOEDSzvYbOwQS6Tw",
          "name": "password",
          "type": null,
          "probability": 1,
          "modifiers": [
            "public"
          ],
          "to_variable": {
            "key": "_JPfGwOmOEDSzvYbOwQS6Tw",
            "name": "password",
            "type": null,
            "modifiers": [
              "public"
            ],
            "position": {}
          },
          "position": {}
        },
        "_yszEUOmKEDSzvYbOwQS6Tw": {
          "key": "_yszEUOmKEDSzvYbOwQS6Tw",
          "name": "name",
          "type": null,
          "probability": 1,
          "modifiers": [
            "public"
          ],
          "to_variable": {
            "key": "_LNENwOmOEDSzvYbOwQS6Tw",
            "name": "name",
            "type": null,
            "modifiers": [
              "public"
            ],
            "position": {}
          },
          "position": {}
        }
      }
    }
  }
}