{
  "report_version": "unknown",
  "report_timestamp": "2025-03-26T21:41:57.009Z",
  "target_language": "java",
  "report_summary": {
    "additional": null,
    "amount_classes_or_interfaces_with_data_clumps": 2,
    "amount_files_with_data_clumps": 2,
    "amount_methods_with_data_clumps": 3,
    "fields_to_fields_data_clump": 0,
    "parameters_to_fields_data_clump": 1,
    "parameters_to_parameters_data_clump": 2,
    "amount_data_clumps": 3
  },
  "project_info": {
    "project_url": "unknown_project_url",
    "project_name": "_8H7UwM8IEeWPJPZdFHJFGg",
    "project_version": "unknown_project_version",
    "project_commit_hash": "unknown",
    "project_tag": null,
    "project_commit_date": null,
    "additional": {},
    "number_of_files": 12,
    "number_of_classes_or_interfaces": 12,
    "number_of_methods": 37,
    "number_of_data_fields": 24,
    "number_of_method_parameters": 33
  },
  "detector": {
    "name": "data-clumps-doctor",
    "url": "https://github.com/NilsBaumgartner1994/data-clumps-doctor",
    "version": "0.1.100",
    "options": {
      "typeVariablesConsidered": false,
      "similarityModifierOfVariablesWithUnknownType": 0,
      "fieldsOfClassesWithUnknownHierarchyProbabilityModifier": 0,
      "sharedFieldsToFieldsAmountMinimum": 3,
      "analyseFieldsInClassesOrInterfacesInheritedFromSuperClassesOrInterfaces": false,
      "sharedParametersToParametersAmountMinimum": 3,
      "sharedParametersToFieldsAmountMinimum": 3,
      "methodsOfClassesOrInterfacesWithUnknownHierarchyProbabilityModifier": 0
    }
  },
  "data_clumps": {
    "parameters_to_fields_data_clump-./Agent-__dMh9LE8EDOQKqdHmRNu3Q-__dL64LE8EDOQKqdHmRNu3Q-typecolorshape": {
      "type": "data_clump",
      "key": "parameters_to_fields_data_clump-./Agent-__dMh9LE8EDOQKqdHmRNu3Q-__dL64LE8EDOQKqdHmRNu3Q-typecolorshape",
      "probability": 1,
      "from_file_path": "./Agent",
      "from_class_or_interface_name": "Agent",
      "from_class_or_interface_key": "__dL64LE8EDOQKqdHmRNu3Q",
      "from_method_name": "Agent",
      "from_method_key": "__dMh9LE8EDOQKqdHmRNu3Q",
      "to_file_path": "./Agent",
      "to_class_or_interface_name": "Agent",
      "to_class_or_interface_key": "__dL64LE8EDOQKqdHmRNu3Q",
      "to_method_name": null,
      "to_method_key": null,
      "data_clump_type": "parameters_to_fields_data_clump",
      "data_clump_data": {
        "__dNJALE8EDOQKqdHmRNu3Q": {
          "key": "__dNJALE8EDOQKqdHmRNu3Q",
          "name": "type",
          "type": null,
          "probability": 1,
          "modifiers": [],
          "to_variable": {
            "key": "__dMh8LE8EDOQKqdHmRNu3Q",
            "name": "type",
            "type": null,
            "modifiers": [],
            "position": {}
          },
          "position": {}
        },
        "__dNJAbE8EDOQKqdHmRNu3Q": {
          "key": "__dNJAbE8EDOQKqdHmRNu3Q",
          "name": "color",
          "type": null,
          "probability": 1,
          "modifiers": [],
          "to_variable": {
            "key": "__dMh8bE8EDOQKqdHmRNu3Q",
            "name": "color",
            "type": null,
            "modifiers": [],
            "position": {}
          },
          "position": {}
        },
        "__dNJArE8EDOQKqdHmRNu3Q": {
          "key": "__dNJArE8EDOQKqdHmRNu3Q",
          "name": "shape",
          "type": null,
          "probability": 1,
          "modifiers": [],
          "to_variable": {
            "key": "__dMh8rE8EDOQKqdHmRNu3Q",
            "name": "shape",
            "type": null,
            "modifiers": [],
            "position": {}
          },
          "position": {}
        }
      }
    },
    "parameters_to_parameters_data_clump-./Environment-_TA_D8bE4EDOiXYbJUXgE4w-_YcnmMLE4EDOiXYbJUXgE4w-agentxy": {
      "type": "data_clump",
      "key": "parameters_to_parameters_data_clump-./Environment-_TA_D8bE4EDOiXYbJUXgE4w-_YcnmMLE4EDOiXYbJUXgE4w-agentxy",
      "probability": 1,
      "from_file_path": "./Environment",
      "from_class_or_interface_name": "Environment",
      "from_class_or_interface_key": "_ReZFQLE3EDOiXYbJUXgE4w",
      "from_method_name": "moveAgent",
      "from_method_key": "_TA_D8bE4EDOiXYbJUXgE4w",
      "to_file_path": "./Environment",
      "to_class_or_interface_name": "Environment",
      "to_class_or_interface_key": "_ReZFQLE3EDOiXYbJUXgE4w",
      "to_method_name": "addAgent",
      "to_method_key": "_YcnmMLE4EDOiXYbJUXgE4w",
      "data_clump_type": "parameters_to_parameters_data_clump",
      "data_clump_data": {
        "_UxcU8LE4EDOiXYbJUXgE4w": {
          "key": "_UxcU8LE4EDOiXYbJUXgE4w",
          "name": "agent",
          "type": null,
          "probability": 1,
          "modifiers": [],
          "to_variable": {
            "key": "_YcoNQLE4EDOiXYbJUXgE4w",
            "name": "agent",
            "type": null,
            "modifiers": [],
            "position": {}
          },
          "position": {}
        },
        "_Vpf-ULE4EDOiXYbJUXgE4w": {
          "key": "_Vpf-ULE4EDOiXYbJUXgE4w",
          "name": "x",
          "type": null,
          "probability": 1,
          "modifiers": [],
          "to_variable": {
            "key": "_Yco0ULE4EDOiXYbJUXgE4w",
            "name": "x",
            "type": null,
            "modifiers": [],
            "position": {}
          },
          "position": {}
        },
        "_WTy4gLE4EDOiXYbJUXgE4w": {
          "key": "_WTy4gLE4EDOiXYbJUXgE4w",
          "name": "y",
          "type": null,
          "probability": 1,
          "modifiers": [],
          "to_variable": {
            "key": "_Yco0UbE4EDOiXYbJUXgE4w",
            "name": "y",
            "type": null,
            "modifiers": [],
            "position": {}
          },
          "position": {}
        }
      }
    },
    "parameters_to_parameters_data_clump-./Environment-_YcnmMLE4EDOiXYbJUXgE4w-_TA_D8bE4EDOiXYbJUXgE4w-agentxy": {
      "type": "data_clump",
      "key": "parameters_to_parameters_data_clump-./Environment-_YcnmMLE4EDOiXYbJUXgE4w-_TA_D8bE4EDOiXYbJUXgE4w-agentxy",
      "probability": 1,
      "from_file_path": "./Environment",
      "from_class_or_interface_name": "Environment",
      "from_class_or_interface_key": "_ReZFQLE3EDOiXYbJUXgE4w",
      "from_method_name": "addAgent",
      "from_method_key": "_YcnmMLE4EDOiXYbJUXgE4w",
      "to_file_path": "./Environment",
      "to_class_or_interface_name": "Environment",
      "to_class_or_interface_key": "_ReZFQLE3EDOiXYbJUXgE4w",
      "to_method_name": "moveAgent",
      "to_method_key": "_TA_D8bE4EDOiXYbJUXgE4w",
      "data_clump_type": "parameters_to_parameters_data_clump",
      "data_clump_data": {
        "_YcoNQLE4EDOiXYbJUXgE4w": {
          "key": "_YcoNQLE4EDOiXYbJUXgE4w",
          "name": "agent",
          "type": null,
          "probability": 1,
          "modifiers": [],
          "to_variable": {
            "key": "_UxcU8LE4EDOiXYbJUXgE4w",
            "name": "agent",
            "type": null,
            "modifiers": [],
            "position": {}
          },
          "position": {}
        },
        "_Yco0ULE4EDOiXYbJUXgE4w": {
          "key": "_Yco0ULE4EDOiXYbJUXgE4w",
          "name": "x",
          "type": null,
          "probability": 1,
          "modifiers": [],
          "to_variable": {
            "key": "_Vpf-ULE4EDOiXYbJUXgE4w",
            "name": "x",
            "type": null,
            "modifiers": [],
            "position": {}
          },
          "position": {}
        },
        "_Yco0UbE4EDOiXYbJUXgE4w": {
          "key": "_Yco0UbE4EDOiXYbJUXgE4w",
          "name": "y",
          "type": null,
          "probability": 1,
          "modifiers": [],
          "to_variable": {
            "key": "_WTy4gLE4EDOiXYbJUXgE4w",
            "name": "y",
            "type": null,
            "modifiers": [],
            "position": {}
          },
          "position": {}
        }
      }
    }
  }
}