{
  "report_version": "unknown",
  "report_timestamp": "2025-03-26T22:40:20.122Z",
  "target_language": "java",
  "report_summary": {
    "additional": null,
    "amount_classes_or_interfaces_with_data_clumps": 2,
    "amount_files_with_data_clumps": 2,
    "amount_methods_with_data_clumps": 0,
    "fields_to_fields_data_clump": 2,
    "parameters_to_fields_data_clump": 0,
    "parameters_to_parameters_data_clump": 0,
    "amount_data_clumps": 2
  },
  "project_info": {
    "project_url": "unknown_project_url",
    "project_name": "_mUDgQEV3EeeTJ_4Vl2J2rQ",
    "project_version": "unknown_project_version",
    "project_commit_hash": "unknown",
    "project_tag": null,
    "project_commit_date": null,
    "additional": {},
    "number_of_files": 3,
    "number_of_classes_or_interfaces": 3,
    "number_of_methods": 29,
    "number_of_data_fields": 60,
    "number_of_method_parameters": 0
  },
  "detector": {
    "name": "data-clumps-doctor",
    "url": "https://github.com/NilsBaumgartner1994/data-clumps-doctor",
    "version": "0.1.100",
    "options": {
      "typeVariablesConsidered": false,
      "similarityModifierOfVariablesWithUnknownType": 0,
      "fieldsOfClassesWithUnknownHierarchyProbabilityModifier": 0,
      "sharedFieldsToFieldsAmountMinimum": 3,
      "analyseFieldsInClassesOrInterfacesInheritedFromSuperClassesOrInterfaces": false,
      "sharedParametersToParametersAmountMinimum": 3,
      "sharedParametersToFieldsAmountMinimum": 3,
      "methodsOfClassesOrInterfacesWithUnknownHierarchyProbabilityModifier": 0
    }
  },
  "data_clumps": {
    "fields_to_fields_data_clump-./PlayerActions-_k6iR0CelEDWAH7nVywrO6Q-_-fGRMCelEDWAH7nVywrO6Q-aliveanjoreadyidescolhawatchalvokillDoRoundvote": {
      "type": "data_clump",
      "key": "fields_to_fields_data_clump-./PlayerActions-_k6iR0CelEDWAH7nVywrO6Q-_-fGRMCelEDWAH7nVywrO6Q-aliveanjoreadyidescolhawatchalvokillDoRoundvote",
      "probability": 1,
      "from_file_path": "./PlayerActions",
      "from_class_or_interface_name": "PlayerActions",
      "from_class_or_interface_key": "_k6iR0CelEDWAH7nVywrO6Q",
      "from_method_name": null,
      "from_method_key": null,
      "to_file_path": "./ViewUI",
      "to_class_or_interface_key": "_-fGRMCelEDWAH7nVywrO6Q",
      "to_class_or_interface_name": "PlayerActions",
      "to_method_key": null,
      "to_method_name": null,
      "data_clump_type": "fields_to_fields_data_clump",
      "data_clump_data": {
        "_stVi8CepEDWAH7nVywrO6Q": {
          "key": "_stVi8CepEDWAH7nVywrO6Q",
          "name": "alive",
          "type": null,
          "probability": 1,
          "modifiers": [
            "public"
          ],
          "to_variable": {
            "key": "_XnZyYCemEDWAH7nVywrO6Q",
            "name": "alive",
            "type": null,
            "modifiers": [
              "public"
            ],
            "position": {}
          },
          "position": {}
        },
        "_wSBxsCepEDWAH7nVywrO6Q": {
          "key": "_wSBxsCepEDWAH7nVywrO6Q",
          "name": "anjo",
          "type": null,
          "probability": 1,
          "modifiers": [
            "public"
          ],
          "to_variable": {
            "key": "_ejsPECemEDWAH7nVywrO6Q",
            "name": "anjo",
            "type": null,
            "modifiers": [
              "public"
            ],
            "position": {}
          },
          "position": {}
        },
        "_1sSa8CepEDWAH7nVywrO6Q": {
          "key": "_1sSa8CepEDWAH7nVywrO6Q",
          "name": "ready",
          "type": null,
          "probability": 1,
          "modifiers": [
            "public"
          ],
          "to_variable": {
            "key": "_xRa5gCemEDWAH7nVywrO6Q",
            "name": "ready",
            "type": null,
            "modifiers": [
              "public"
            ],
            "position": {}
          },
          "position": {}
        },
        "_1_Mv4CepEDWAH7nVywrO6Q": {
          "key": "_1_Mv4CepEDWAH7nVywrO6Q",
          "name": "id",
          "type": null,
          "probability": 1,
          "modifiers": [
            "public"
          ],
          "to_variable": {
            "key": "_vvGLICemEDWAH7nVywrO6Q",
            "name": "id",
            "type": null,
            "modifiers": [
              "public"
            ],
            "position": {}
          },
          "position": {}
        },
        "_2A6nICepEDWAH7nVywrO6Q": {
          "key": "_2A6nICepEDWAH7nVywrO6Q",
          "name": "escolha",
          "type": null,
          "probability": 1,
          "modifiers": [
            "public"
          ],
          "to_variable": {
            "key": "_PbuxcCemEDWAH7nVywrO6Q",
            "name": "escolha",
            "type": null,
            "modifiers": [
              "public"
            ],
            "position": {}
          },
          "position": {}
        },
        "_-ILCICepEDWAH7nVywrO6Q": {
          "key": "_-ILCICepEDWAH7nVywrO6Q",
          "name": "watch",
          "type": null,
          "probability": 1,
          "modifiers": [
            "public"
          ],
          "to_variable": {
            "key": "_ZCJSECemEDWAH7nVywrO6Q",
            "name": "watch",
            "type": null,
            "modifiers": [
              "public"
            ],
            "position": {}
          },
          "position": {}
        },
        "_-LZ8UCepEDWAH7nVywrO6Q": {
          "key": "_-LZ8UCepEDWAH7nVywrO6Q",
          "name": "alvo",
          "type": null,
          "probability": 1,
          "modifiers": [
            "public"
          ],
          "to_variable": {
            "key": "_UG7VQCemEDWAH7nVywrO6Q",
            "name": "alvo",
            "type": null,
            "modifiers": [
              "public"
            ],
            "position": {}
          },
          "position": {}
        },
        "_-OGrACepEDWAH7nVywrO6Q": {
          "key": "_-OGrACepEDWAH7nVywrO6Q",
          "name": "killDoRound",
          "type": null,
          "probability": 1,
          "modifiers": [
            "public"
          ],
          "to_variable": {
            "key": "_gbTQ8CemEDWAH7nVywrO6Q",
            "name": "killDoRound",
            "type": null,
            "modifiers": [
              "public"
            ],
            "position": {}
          },
          "position": {}
        },
        "_-PcHwCepEDWAH7nVywrO6Q": {
          "key": "_-PcHwCepEDWAH7nVywrO6Q",
          "name": "vote",
          "type": null,
          "probability": 1,
          "modifiers": [
            "public"
          ],
          "to_variable": {
            "key": "_kaax4CemEDWAH7nVywrO6Q",
            "name": "vote",
            "type": null,
            "modifiers": [
              "public"
            ],
            "position": {}
          },
          "position": {}
        }
      }
    },
    "fields_to_fields_data_clump-./ViewUI-_-fGRMCelEDWAH7nVywrO6Q-_k6iR0CelEDWAH7nVywrO6Q-escolhaalvowatchaliveanjokillDoRoundvoteidready": {
      "type": "data_clump",
      "key": "fields_to_fields_data_clump-./ViewUI-_-fGRMCelEDWAH7nVywrO6Q-_k6iR0CelEDWAH7nVywrO6Q-escolhaalvowatchaliveanjokillDoRoundvoteidready",
      "probability": 1,
      "from_file_path": "./ViewUI",
      "from_class_or_interface_name": "ViewUI",
      "from_class_or_interface_key": "_-fGRMCelEDWAH7nVywrO6Q",
      "from_method_name": null,
      "from_method_key": null,
      "to_file_path": "./PlayerActions",
      "to_class_or_interface_key": "_k6iR0CelEDWAH7nVywrO6Q",
      "to_class_or_interface_name": "ViewUI",
      "to_method_key": null,
      "to_method_name": null,
      "data_clump_type": "fields_to_fields_data_clump",
      "data_clump_data": {
        "_PbuxcCemEDWAH7nVywrO6Q": {
          "key": "_PbuxcCemEDWAH7nVywrO6Q",
          "name": "escolha",
          "type": null,
          "probability": 1,
          "modifiers": [
            "public"
          ],
          "to_variable": {
            "key": "_2A6nICepEDWAH7nVywrO6Q",
            "name": "escolha",
            "type": null,
            "modifiers": [
              "public"
            ],
            "position": {}
          },
          "position": {}
        },
        "_UG7VQCemEDWAH7nVywrO6Q": {
          "key": "_UG7VQCemEDWAH7nVywrO6Q",
          "name": "alvo",
          "type": null,
          "probability": 1,
          "modifiers": [
            "public"
          ],
          "to_variable": {
            "key": "_-LZ8UCepEDWAH7nVywrO6Q",
            "name": "alvo",
            "type": null,
            "modifiers": [
              "public"
            ],
            "position": {}
          },
          "position": {}
        },
        "_ZCJSECemEDWAH7nVywrO6Q": {
          "key": "_ZCJSECemEDWAH7nVywrO6Q",
          "name": "watch",
          "type": null,
          "probability": 1,
          "modifiers": [
            "public"
          ],
          "to_variable": {
            "key": "_-ILCICepEDWAH7nVywrO6Q",
            "name": "watch",
            "type": null,
            "modifiers": [
              "public"
            ],
            "position": {}
          },
          "position": {}
        },
        "_XnZyYCemEDWAH7nVywrO6Q": {
          "key": "_XnZyYCemEDWAH7nVywrO6Q",
          "name": "alive",
          "type": null,
          "probability": 1,
          "modifiers": [
            "public"
          ],
          "to_variable": {
            "key": "_stVi8CepEDWAH7nVywrO6Q",
            "name": "alive",
            "type": null,
            "modifiers": [
              "public"
            ],
            "position": {}
          },
          "position": {}
        },
        "_ejsPECemEDWAH7nVywrO6Q": {
          "key": "_ejsPECemEDWAH7nVywrO6Q",
          "name": "anjo",
          "type": null,
          "probability": 1,
          "modifiers": [
            "public"
          ],
          "to_variable": {
            "key": "_wSBxsCepEDWAH7nVywrO6Q",
            "name": "anjo",
            "type": null,
            "modifiers": [
              "public"
            ],
            "position": {}
          },
          "position": {}
        },
        "_gbTQ8CemEDWAH7nVywrO6Q": {
          "key": "_gbTQ8CemEDWAH7nVywrO6Q",
          "name": "killDoRound",
          "type": null,
          "probability": 1,
          "modifiers": [
            "public"
          ],
          "to_variable": {
            "key": "_-OGrACepEDWAH7nVywrO6Q",
            "name": "killDoRound",
            "type": null,
            "modifiers": [
              "public"
            ],
            "position": {}
          },
          "position": {}
        },
        "_kaax4CemEDWAH7nVywrO6Q": {
          "key": "_kaax4CemEDWAH7nVywrO6Q",
          "name": "vote",
          "type": null,
          "probability": 1,
          "modifiers": [
            "public"
          ],
          "to_variable": {
            "key": "_-PcHwCepEDWAH7nVywrO6Q",
            "name": "vote",
            "type": null,
            "modifiers": [
              "public"
            ],
            "position": {}
          },
          "position": {}
        },
        "_vvGLICemEDWAH7nVywrO6Q": {
          "key": "_vvGLICemEDWAH7nVywrO6Q",
          "name": "id",
          "type": null,
          "probability": 1,
          "modifiers": [
            "public"
          ],
          "to_variable": {
            "key": "_1_Mv4CepEDWAH7nVywrO6Q",
            "name": "id",
            "type": null,
            "modifiers": [
              "public"
            ],
            "position": {}
          },
          "position": {}
        },
        "_xRa5gCemEDWAH7nVywrO6Q": {
          "key": "_xRa5gCemEDWAH7nVywrO6Q",
          "name": "ready",
          "type": null,
          "probability": 1,
          "modifiers": [
            "public"
          ],
          "to_variable": {
            "key": "_1sSa8CepEDWAH7nVywrO6Q",
            "name": "ready",
            "type": null,
            "modifiers": [
              "public"
            ],
            "position": {}
          },
          "position": {}
        }
      }
    }
  }
}