{
  "report_version": "unknown",
  "report_timestamp": "2025-03-26T23:00:06.130Z",
  "target_language": "java",
  "report_summary": {
    "additional": null,
    "amount_classes_or_interfaces_with_data_clumps": 2,
    "amount_files_with_data_clumps": 2,
    "amount_methods_with_data_clumps": 0,
    "fields_to_fields_data_clump": 2,
    "parameters_to_fields_data_clump": 0,
    "parameters_to_parameters_data_clump": 0,
    "amount_data_clumps": 2
  },
  "project_info": {
    "project_url": "unknown_project_url",
    "project_name": "_l8OMkL1hEeSvIovPojnUsw",
    "project_version": "unknown_project_version",
    "project_commit_hash": "unknown",
    "project_tag": null,
    "project_commit_date": null,
    "additional": {},
    "number_of_files": 10,
    "number_of_classes_or_interfaces": 10,
    "number_of_methods": 0,
    "number_of_data_fields": 23,
    "number_of_method_parameters": 0
  },
  "detector": {
    "name": "data-clumps-doctor",
    "url": "https://github.com/NilsBaumgartner1994/data-clumps-doctor",
    "version": "0.1.100",
    "options": {
      "typeVariablesConsidered": false,
      "similarityModifierOfVariablesWithUnknownType": 0,
      "fieldsOfClassesWithUnknownHierarchyProbabilityModifier": 0,
      "sharedFieldsToFieldsAmountMinimum": 3,
      "analyseFieldsInClassesOrInterfacesInheritedFromSuperClassesOrInterfaces": false,
      "sharedParametersToParametersAmountMinimum": 3,
      "sharedParametersToFieldsAmountMinimum": 3,
      "methodsOfClassesOrInterfacesWithUnknownHierarchyProbabilityModifier": 0
    }
  },
  "data_clumps": {
    "fields_to_fields_data_clump-./CorporateClients-_JG-MUJ-QEDKJ5cnwdOttNg-_IG-u8J-QEDKJ5cnwdOttNg-namehistorycreditCardNumber": {
      "type": "data_clump",
      "key": "fields_to_fields_data_clump-./CorporateClients-_JG-MUJ-QEDKJ5cnwdOttNg-_IG-u8J-QEDKJ5cnwdOttNg-namehistorycreditCardNumber",
      "probability": 1,
      "from_file_path": "./CorporateClients",
      "from_class_or_interface_name": "CorporateClients",
      "from_class_or_interface_key": "_JG-MUJ-QEDKJ5cnwdOttNg",
      "from_method_name": null,
      "from_method_key": null,
      "to_file_path": "./IndividualClients",
      "to_class_or_interface_key": "_IG-u8J-QEDKJ5cnwdOttNg",
      "to_class_or_interface_name": "CorporateClients",
      "to_method_key": null,
      "to_method_name": null,
      "data_clump_type": "fields_to_fields_data_clump",
      "data_clump_data": {
        "_3a9LoJ-REDKJ5cnwdOttNg": {
          "key": "_3a9LoJ-REDKJ5cnwdOttNg",
          "name": "name",
          "type": null,
          "probability": 1,
          "modifiers": [],
          "to_variable": {
            "key": "_OkHNoJ-UEDKrYYFjNgYgbg",
            "name": "name",
            "type": null,
            "modifiers": [],
            "position": {}
          },
          "position": {}
        },
        "_bIUnAJ-SEDKJ5cnwdOttNg": {
          "key": "_bIUnAJ-SEDKJ5cnwdOttNg",
          "name": "history",
          "type": null,
          "probability": 1,
          "modifiers": [],
          "to_variable": {
            "key": "_QllWIJ-UEDKrYYFjNgYgbg",
            "name": "history",
            "type": null,
            "modifiers": [],
            "position": {}
          },
          "position": {}
        },
        "_NM1RoJ-UEDKrYYFjNgYgbg": {
          "key": "_NM1RoJ-UEDKrYYFjNgYgbg",
          "name": "creditCardNumber",
          "type": null,
          "probability": 1,
          "modifiers": [],
          "to_variable": {
            "key": "_PeUzIJ-UEDKrYYFjNgYgbg",
            "name": "creditCardNumber",
            "type": null,
            "modifiers": [],
            "position": {}
          },
          "position": {}
        }
      }
    },
    "fields_to_fields_data_clump-./IndividualClients-_IG-u8J-QEDKJ5cnwdOttNg-_JG-MUJ-QEDKJ5cnwdOttNg-namecreditCardNumberhistory": {
      "type": "data_clump",
      "key": "fields_to_fields_data_clump-./IndividualClients-_IG-u8J-QEDKJ5cnwdOttNg-_JG-MUJ-QEDKJ5cnwdOttNg-namecreditCardNumberhistory",
      "probability": 1,
      "from_file_path": "./IndividualClients",
      "from_class_or_interface_name": "IndividualClients",
      "from_class_or_interface_key": "_IG-u8J-QEDKJ5cnwdOttNg",
      "from_method_name": null,
      "from_method_key": null,
      "to_file_path": "./CorporateClients",
      "to_class_or_interface_key": "_JG-MUJ-QEDKJ5cnwdOttNg",
      "to_class_or_interface_name": "IndividualClients",
      "to_method_key": null,
      "to_method_name": null,
      "data_clump_type": "fields_to_fields_data_clump",
      "data_clump_data": {
        "_OkHNoJ-UEDKrYYFjNgYgbg": {
          "key": "_OkHNoJ-UEDKrYYFjNgYgbg",
          "name": "name",
          "type": null,
          "probability": 1,
          "modifiers": [],
          "to_variable": {
            "key": "_3a9LoJ-REDKJ5cnwdOttNg",
            "name": "name",
            "type": null,
            "modifiers": [],
            "position": {}
          },
          "position": {}
        },
        "_PeUzIJ-UEDKrYYFjNgYgbg": {
          "key": "_PeUzIJ-UEDKrYYFjNgYgbg",
          "name": "creditCardNumber",
          "type": null,
          "probability": 1,
          "modifiers": [],
          "to_variable": {
            "key": "_NM1RoJ-UEDKrYYFjNgYgbg",
            "name": "creditCardNumber",
            "type": null,
            "modifiers": [],
            "position": {}
          },
          "position": {}
        },
        "_QllWIJ-UEDKrYYFjNgYgbg": {
          "key": "_QllWIJ-UEDKrYYFjNgYgbg",
          "name": "history",
          "type": null,
          "probability": 1,
          "modifiers": [],
          "to_variable": {
            "key": "_bIUnAJ-SEDKJ5cnwdOttNg",
            "name": "history",
            "type": null,
            "modifiers": [],
            "position": {}
          },
          "position": {}
        }
      }
    }
  }
}