{
  "report_version": "unknown",
  "report_timestamp": "2025-03-26T21:51:42.653Z",
  "target_language": "java",
  "report_summary": {
    "additional": null,
    "amount_classes_or_interfaces_with_data_clumps": 2,
    "amount_files_with_data_clumps": 2,
    "amount_methods_with_data_clumps": 12,
    "fields_to_fields_data_clump": 0,
    "parameters_to_fields_data_clump": 0,
    "parameters_to_parameters_data_clump": 32,
    "amount_data_clumps": 32
  },
  "project_info": {
    "project_url": "unknown_project_url",
    "project_name": "_qg9XkNZ1EeiRsZPYq94rUg",
    "project_version": "unknown_project_version",
    "project_commit_hash": "unknown",
    "project_tag": null,
    "project_commit_date": null,
    "additional": {},
    "number_of_files": 25,
    "number_of_classes_or_interfaces": 25,
    "number_of_methods": 145,
    "number_of_data_fields": 56,
    "number_of_method_parameters": 118
  },
  "detector": {
    "name": "data-clumps-doctor",
    "url": "https://github.com/NilsBaumgartner1994/data-clumps-doctor",
    "version": "0.1.100",
    "options": {
      "typeVariablesConsidered": false,
      "similarityModifierOfVariablesWithUnknownType": 0,
      "fieldsOfClassesWithUnknownHierarchyProbabilityModifier": 0,
      "sharedFieldsToFieldsAmountMinimum": 3,
      "analyseFieldsInClassesOrInterfacesInheritedFromSuperClassesOrInterfaces": false,
      "sharedParametersToParametersAmountMinimum": 3,
      "sharedParametersToFieldsAmountMinimum": 3,
      "methodsOfClassesOrInterfacesWithUnknownHierarchyProbabilityModifier": 0
    }
  },
  "data_clumps": {
    "parameters_to_parameters_data_clump-./Data-_q2XnJdZ1Eei3Gv3T4rBBnQ-_q2XnMtZ1Eei3Gv3T4rBBnQ-mapoldKeynewKey": {
      "type": "data_clump",
      "key": "parameters_to_parameters_data_clump-./Data-_q2XnJdZ1Eei3Gv3T4rBBnQ-_q2XnMtZ1Eei3Gv3T4rBBnQ-mapoldKeynewKey",
      "probability": 1,
      "from_file_path": "./Data",
      "from_class_or_interface_name": "Data",
      "from_class_or_interface_key": "_q2Xm4dZ1Eei3Gv3T4rBBnQ",
      "from_method_name": "replaceVMKey",
      "from_method_key": "_q2XnJdZ1Eei3Gv3T4rBBnQ",
      "to_file_path": "./Data",
      "to_class_or_interface_name": "Data",
      "to_class_or_interface_key": "_q2Xm4dZ1Eei3Gv3T4rBBnQ",
      "to_method_name": "replaceHUBKey",
      "to_method_key": "_q2XnMtZ1Eei3Gv3T4rBBnQ",
      "data_clump_type": "parameters_to_parameters_data_clump",
      "data_clump_data": {
        "_q2XnKdZ1Eei3Gv3T4rBBnQ": {
          "key": "_q2XnKdZ1Eei3Gv3T4rBBnQ",
          "name": "map",
          "type": null,
          "probability": 1,
          "modifiers": [],
          "to_variable": {
            "key": "_q2XnNtZ1Eei3Gv3T4rBBnQ",
            "name": "map",
            "type": null,
            "modifiers": [],
            "position": {}
          },
          "position": {}
        },
        "_q2XnLNZ1Eei3Gv3T4rBBnQ": {
          "key": "_q2XnLNZ1Eei3Gv3T4rBBnQ",
          "name": "oldKey",
          "type": null,
          "probability": 1,
          "modifiers": [],
          "to_variable": {
            "key": "_q2XnOdZ1Eei3Gv3T4rBBnQ",
            "name": "oldKey",
            "type": null,
            "modifiers": [],
            "position": {}
          },
          "position": {}
        },
        "_q2XnL9Z1Eei3Gv3T4rBBnQ": {
          "key": "_q2XnL9Z1Eei3Gv3T4rBBnQ",
          "name": "newKey",
          "type": null,
          "probability": 1,
          "modifiers": [],
          "to_variable": {
            "key": "_q2XnPNZ1Eei3Gv3T4rBBnQ",
            "name": "newKey",
            "type": null,
            "modifiers": [],
            "position": {}
          },
          "position": {}
        }
      }
    },
    "parameters_to_parameters_data_clump-./Data-_q2XnMtZ1Eei3Gv3T4rBBnQ-_q2XnJdZ1Eei3Gv3T4rBBnQ-mapoldKeynewKey": {
      "type": "data_clump",
      "key": "parameters_to_parameters_data_clump-./Data-_q2XnMtZ1Eei3Gv3T4rBBnQ-_q2XnJdZ1Eei3Gv3T4rBBnQ-mapoldKeynewKey",
      "probability": 1,
      "from_file_path": "./Data",
      "from_class_or_interface_name": "Data",
      "from_class_or_interface_key": "_q2Xm4dZ1Eei3Gv3T4rBBnQ",
      "from_method_name": "replaceHUBKey",
      "from_method_key": "_q2XnMtZ1Eei3Gv3T4rBBnQ",
      "to_file_path": "./Data",
      "to_class_or_interface_name": "Data",
      "to_class_or_interface_key": "_q2Xm4dZ1Eei3Gv3T4rBBnQ",
      "to_method_name": "replaceVMKey",
      "to_method_key": "_q2XnJdZ1Eei3Gv3T4rBBnQ",
      "data_clump_type": "parameters_to_parameters_data_clump",
      "data_clump_data": {
        "_q2XnNtZ1Eei3Gv3T4rBBnQ": {
          "key": "_q2XnNtZ1Eei3Gv3T4rBBnQ",
          "name": "map",
          "type": null,
          "probability": 1,
          "modifiers": [],
          "to_variable": {
            "key": "_q2XnKdZ1Eei3Gv3T4rBBnQ",
            "name": "map",
            "type": null,
            "modifiers": [],
            "position": {}
          },
          "position": {}
        },
        "_q2XnOdZ1Eei3Gv3T4rBBnQ": {
          "key": "_q2XnOdZ1Eei3Gv3T4rBBnQ",
          "name": "oldKey",
          "type": null,
          "probability": 1,
          "modifiers": [],
          "to_variable": {
            "key": "_q2XnLNZ1Eei3Gv3T4rBBnQ",
            "name": "oldKey",
            "type": null,
            "modifiers": [],
            "position": {}
          },
          "position": {}
        },
        "_q2XnPNZ1Eei3Gv3T4rBBnQ": {
          "key": "_q2XnPNZ1Eei3Gv3T4rBBnQ",
          "name": "newKey",
          "type": null,
          "probability": 1,
          "modifiers": [],
          "to_variable": {
            "key": "_q2XnL9Z1Eei3Gv3T4rBBnQ",
            "name": "newKey",
            "type": null,
            "modifiers": [],
            "position": {}
          },
          "position": {}
        }
      }
    },
    "parameters_to_parameters_data_clump-./Graphics-_q2YOVdZ1Eei3Gv3T4rBBnQ-_q2Y1Y9Z1Eei3Gv3T4rBBnQ-hubObjectcanvascontextMenu": {
      "type": "data_clump",
      "key": "parameters_to_parameters_data_clump-./Graphics-_q2YOVdZ1Eei3Gv3T4rBBnQ-_q2Y1Y9Z1Eei3Gv3T4rBBnQ-hubObjectcanvascontextMenu",
      "probability": 1,
      "from_file_path": "./Graphics",
      "from_class_or_interface_name": "Graphics",
      "from_class_or_interface_key": "_q2YOVNZ1Eei3Gv3T4rBBnQ",
      "from_method_name": "createHUBNode",
      "from_method_key": "_q2YOVdZ1Eei3Gv3T4rBBnQ",
      "to_file_path": "./Graphics",
      "to_class_or_interface_name": "Graphics",
      "to_class_or_interface_key": "_q2YOVNZ1Eei3Gv3T4rBBnQ",
      "to_method_name": "hubBtnListener",
      "to_method_key": "_q2Y1Y9Z1Eei3Gv3T4rBBnQ",
      "data_clump_type": "parameters_to_parameters_data_clump",
      "data_clump_data": {
        "_q2YOWdZ1Eei3Gv3T4rBBnQ": {
          "key": "_q2YOWdZ1Eei3Gv3T4rBBnQ",
          "name": "hubObject",
          "type": null,
          "probability": 1,
          "modifiers": [],
          "to_variable": {
            "key": "_q2Y1aNZ1Eei3Gv3T4rBBnQ",
            "name": "hubObject",
            "type": null,
            "modifiers": [],
            "position": {}
          },
          "position": {}
        },
        "_q2YOXNZ1Eei3Gv3T4rBBnQ": {
          "key": "_q2YOXNZ1Eei3Gv3T4rBBnQ",
          "name": "canvas",
          "type": null,
          "probability": 1,
          "modifiers": [],
          "to_variable": {
            "key": "_q2Y1a9Z1Eei3Gv3T4rBBnQ",
            "name": "canvas",
            "type": null,
            "modifiers": [],
            "position": {}
          },
          "position": {}
        },
        "_q2YOX9Z1Eei3Gv3T4rBBnQ": {
          "key": "_q2YOX9Z1Eei3Gv3T4rBBnQ",
          "name": "contextMenu",
          "type": null,
          "probability": 1,
          "modifiers": [],
          "to_variable": {
            "key": "_q2Y1btZ1Eei3Gv3T4rBBnQ",
            "name": "contextMenu",
            "type": null,
            "modifiers": [],
            "position": {}
          },
          "position": {}
        }
      }
    },
    "parameters_to_parameters_data_clump-./Graphics-_q2YOVdZ1Eei3Gv3T4rBBnQ-_q2Y1cdZ1Eei3Gv3T4rBBnQ-hubObjectcanvascontextMenu": {
      "type": "data_clump",
      "key": "parameters_to_parameters_data_clump-./Graphics-_q2YOVdZ1Eei3Gv3T4rBBnQ-_q2Y1cdZ1Eei3Gv3T4rBBnQ-hubObjectcanvascontextMenu",
      "probability": 1,
      "from_file_path": "./Graphics",
      "from_class_or_interface_name": "Graphics",
      "from_class_or_interface_key": "_q2YOVNZ1Eei3Gv3T4rBBnQ",
      "from_method_name": "createHUBNode",
      "from_method_key": "_q2YOVdZ1Eei3Gv3T4rBBnQ",
      "to_file_path": "./Graphics",
      "to_class_or_interface_name": "Graphics",
      "to_class_or_interface_key": "_q2YOVNZ1Eei3Gv3T4rBBnQ",
      "to_method_name": "hubNodeHidingListener",
      "to_method_key": "_q2Y1cdZ1Eei3Gv3T4rBBnQ",
      "data_clump_type": "parameters_to_parameters_data_clump",
      "data_clump_data": {
        "_q2YOWdZ1Eei3Gv3T4rBBnQ": {
          "key": "_q2YOWdZ1Eei3Gv3T4rBBnQ",
          "name": "hubObject",
          "type": null,
          "probability": 1,
          "modifiers": [],
          "to_variable": {
            "key": "_q2Y1dtZ1Eei3Gv3T4rBBnQ",
            "name": "hubObject",
            "type": null,
            "modifiers": [],
            "position": {}
          },
          "position": {}
        },
        "_q2YOXNZ1Eei3Gv3T4rBBnQ": {
          "key": "_q2YOXNZ1Eei3Gv3T4rBBnQ",
          "name": "canvas",
          "type": null,
          "probability": 1,
          "modifiers": [],
          "to_variable": {
            "key": "_q2Y1edZ1Eei3Gv3T4rBBnQ",
            "name": "canvas",
            "type": null,
            "modifiers": [],
            "position": {}
          },
          "position": {}
        },
        "_q2YOX9Z1Eei3Gv3T4rBBnQ": {
          "key": "_q2YOX9Z1Eei3Gv3T4rBBnQ",
          "name": "contextMenu",
          "type": null,
          "probability": 1,
          "modifiers": [],
          "to_variable": {
            "key": "_q2Y1fNZ1Eei3Gv3T4rBBnQ",
            "name": "contextMenu",
            "type": null,
            "modifiers": [],
            "position": {}
          },
          "position": {}
        }
      }
    },
    "parameters_to_parameters_data_clump-./Graphics-_q2YOVdZ1Eei3Gv3T4rBBnQ-_q2ZcENZ1Eei3Gv3T4rBBnQ-hubObjectcanvascontextMenu": {
      "type": "data_clump",
      "key": "parameters_to_parameters_data_clump-./Graphics-_q2YOVdZ1Eei3Gv3T4rBBnQ-_q2ZcENZ1Eei3Gv3T4rBBnQ-hubObjectcanvascontextMenu",
      "probability": 1,
      "from_file_path": "./Graphics",
      "from_class_or_interface_name": "Graphics",
      "from_class_or_interface_key": "_q2YOVNZ1Eei3Gv3T4rBBnQ",
      "from_method_name": "createHUBNode",
      "from_method_key": "_q2YOVdZ1Eei3Gv3T4rBBnQ",
      "to_file_path": "./Graphics",
      "to_class_or_interface_name": "Graphics",
      "to_class_or_interface_key": "_q2YOVNZ1Eei3Gv3T4rBBnQ",
      "to_method_name": "createHUBPopOverContent",
      "to_method_key": "_q2ZcENZ1Eei3Gv3T4rBBnQ",
      "data_clump_type": "parameters_to_parameters_data_clump",
      "data_clump_data": {
        "_q2YOWdZ1Eei3Gv3T4rBBnQ": {
          "key": "_q2YOWdZ1Eei3Gv3T4rBBnQ",
          "name": "hubObject",
          "type": null,
          "probability": 1,
          "modifiers": [],
          "to_variable": {
            "key": "_q2ZcFNZ1Eei3Gv3T4rBBnQ",
            "name": "hubObject",
            "type": null,
            "modifiers": [],
            "position": {}
          },
          "position": {}
        },
        "_q2YOXNZ1Eei3Gv3T4rBBnQ": {
          "key": "_q2YOXNZ1Eei3Gv3T4rBBnQ",
          "name": "canvas",
          "type": null,
          "probability": 1,
          "modifiers": [],
          "to_variable": {
            "key": "_q2ZcF9Z1Eei3Gv3T4rBBnQ",
            "name": "canvas",
            "type": null,
            "modifiers": [],
            "position": {}
          },
          "position": {}
        },
        "_q2YOX9Z1Eei3Gv3T4rBBnQ": {
          "key": "_q2YOX9Z1Eei3Gv3T4rBBnQ",
          "name": "contextMenu",
          "type": null,
          "probability": 1,
          "modifiers": [],
          "to_variable": {
            "key": "_q2ZcGtZ1Eei3Gv3T4rBBnQ",
            "name": "contextMenu",
            "type": null,
            "modifiers": [],
            "position": {}
          },
          "position": {}
        }
      }
    },
    "parameters_to_parameters_data_clump-./Graphics-_q2YOYtZ1Eei3Gv3T4rBBnQ-_q2Y1R9Z1Eei3Gv3T4rBBnQ-vmObjectcanvascontextMenu": {
      "type": "data_clump",
      "key": "parameters_to_parameters_data_clump-./Graphics-_q2YOYtZ1Eei3Gv3T4rBBnQ-_q2Y1R9Z1Eei3Gv3T4rBBnQ-vmObjectcanvascontextMenu",
      "probability": 1,
      "from_file_path": "./Graphics",
      "from_class_or_interface_name": "Graphics",
      "from_class_or_interface_key": "_q2YOVNZ1Eei3Gv3T4rBBnQ",
      "from_method_name": "createVMNode",
      "from_method_key": "_q2YOYtZ1Eei3Gv3T4rBBnQ",
      "to_file_path": "./Graphics",
      "to_class_or_interface_name": "Graphics",
      "to_class_or_interface_key": "_q2YOVNZ1Eei3Gv3T4rBBnQ",
      "to_method_name": "vmBtnListener",
      "to_method_key": "_q2Y1R9Z1Eei3Gv3T4rBBnQ",
      "data_clump_type": "parameters_to_parameters_data_clump",
      "data_clump_data": {
        "_q2YOZtZ1Eei3Gv3T4rBBnQ": {
          "key": "_q2YOZtZ1Eei3Gv3T4rBBnQ",
          "name": "vmObject",
          "type": null,
          "probability": 1,
          "modifiers": [],
          "to_variable": {
            "key": "_q2Y1TNZ1Eei3Gv3T4rBBnQ",
            "name": "vmObject",
            "type": null,
            "modifiers": [],
            "position": {}
          },
          "position": {}
        },
        "_q2YOadZ1Eei3Gv3T4rBBnQ": {
          "key": "_q2YOadZ1Eei3Gv3T4rBBnQ",
          "name": "canvas",
          "type": null,
          "probability": 1,
          "modifiers": [],
          "to_variable": {
            "key": "_q2Y1T9Z1Eei3Gv3T4rBBnQ",
            "name": "canvas",
            "type": null,
            "modifiers": [],
            "position": {}
          },
          "position": {}
        },
        "_q2YObNZ1Eei3Gv3T4rBBnQ": {
          "key": "_q2YObNZ1Eei3Gv3T4rBBnQ",
          "name": "contextMenu",
          "type": null,
          "probability": 1,
          "modifiers": [],
          "to_variable": {
            "key": "_q2Y1UtZ1Eei3Gv3T4rBBnQ",
            "name": "contextMenu",
            "type": null,
            "modifiers": [],
            "position": {}
          },
          "position": {}
        }
      }
    },
    "parameters_to_parameters_data_clump-./Graphics-_q2YOYtZ1Eei3Gv3T4rBBnQ-_q2Y1VdZ1Eei3Gv3T4rBBnQ-vmObjectcanvascontextMenu": {
      "type": "data_clump",
      "key": "parameters_to_parameters_data_clump-./Graphics-_q2YOYtZ1Eei3Gv3T4rBBnQ-_q2Y1VdZ1Eei3Gv3T4rBBnQ-vmObjectcanvascontextMenu",
      "probability": 1,
      "from_file_path": "./Graphics",
      "from_class_or_interface_name": "Graphics",
      "from_class_or_interface_key": "_q2YOVNZ1Eei3Gv3T4rBBnQ",
      "from_method_name": "createVMNode",
      "from_method_key": "_q2YOYtZ1Eei3Gv3T4rBBnQ",
      "to_file_path": "./Graphics",
      "to_class_or_interface_name": "Graphics",
      "to_class_or_interface_key": "_q2YOVNZ1Eei3Gv3T4rBBnQ",
      "to_method_name": "vmNodeHidingListener",
      "to_method_key": "_q2Y1VdZ1Eei3Gv3T4rBBnQ",
      "data_clump_type": "parameters_to_parameters_data_clump",
      "data_clump_data": {
        "_q2YOZtZ1Eei3Gv3T4rBBnQ": {
          "key": "_q2YOZtZ1Eei3Gv3T4rBBnQ",
          "name": "vmObject",
          "type": null,
          "probability": 1,
          "modifiers": [],
          "to_variable": {
            "key": "_q2Y1WtZ1Eei3Gv3T4rBBnQ",
            "name": "vmObject",
            "type": null,
            "modifiers": [],
            "position": {}
          },
          "position": {}
        },
        "_q2YOadZ1Eei3Gv3T4rBBnQ": {
          "key": "_q2YOadZ1Eei3Gv3T4rBBnQ",
          "name": "canvas",
          "type": null,
          "probability": 1,
          "modifiers": [],
          "to_variable": {
            "key": "_q2Y1XdZ1Eei3Gv3T4rBBnQ",
            "name": "canvas",
            "type": null,
            "modifiers": [],
            "position": {}
          },
          "position": {}
        },
        "_q2YObNZ1Eei3Gv3T4rBBnQ": {
          "key": "_q2YObNZ1Eei3Gv3T4rBBnQ",
          "name": "contextMenu",
          "type": null,
          "probability": 1,
          "modifiers": [],
          "to_variable": {
            "key": "_q2Y1YNZ1Eei3Gv3T4rBBnQ",
            "name": "contextMenu",
            "type": null,
            "modifiers": [],
            "position": {}
          },
          "position": {}
        }
      }
    },
    "parameters_to_parameters_data_clump-./Graphics-_q2YOYtZ1Eei3Gv3T4rBBnQ-_q2ZcHdZ1Eei3Gv3T4rBBnQ-vmObjectcanvascontextMenu": {
      "type": "data_clump",
      "key": "parameters_to_parameters_data_clump-./Graphics-_q2YOYtZ1Eei3Gv3T4rBBnQ-_q2ZcHdZ1Eei3Gv3T4rBBnQ-vmObjectcanvascontextMenu",
      "probability": 1,
      "from_file_path": "./Graphics",
      "from_class_or_interface_name": "Graphics",
      "from_class_or_interface_key": "_q2YOVNZ1Eei3Gv3T4rBBnQ",
      "from_method_name": "createVMNode",
      "from_method_key": "_q2YOYtZ1Eei3Gv3T4rBBnQ",
      "to_file_path": "./Graphics",
      "to_class_or_interface_name": "Graphics",
      "to_class_or_interface_key": "_q2YOVNZ1Eei3Gv3T4rBBnQ",
      "to_method_name": "createVMPopOverContent",
      "to_method_key": "_q2ZcHdZ1Eei3Gv3T4rBBnQ",
      "data_clump_type": "parameters_to_parameters_data_clump",
      "data_clump_data": {
        "_q2YOZtZ1Eei3Gv3T4rBBnQ": {
          "key": "_q2YOZtZ1Eei3Gv3T4rBBnQ",
          "name": "vmObject",
          "type": null,
          "probability": 1,
          "modifiers": [],
          "to_variable": {
            "key": "_q2ZcIdZ1Eei3Gv3T4rBBnQ",
            "name": "vmObject",
            "type": null,
            "modifiers": [],
            "position": {}
          },
          "position": {}
        },
        "_q2YOadZ1Eei3Gv3T4rBBnQ": {
          "key": "_q2YOadZ1Eei3Gv3T4rBBnQ",
          "name": "canvas",
          "type": null,
          "probability": 1,
          "modifiers": [],
          "to_variable": {
            "key": "_q2ZcJNZ1Eei3Gv3T4rBBnQ",
            "name": "canvas",
            "type": null,
            "modifiers": [],
            "position": {}
          },
          "position": {}
        },
        "_q2YObNZ1Eei3Gv3T4rBBnQ": {
          "key": "_q2YObNZ1Eei3Gv3T4rBBnQ",
          "name": "contextMenu",
          "type": null,
          "probability": 1,
          "modifiers": [],
          "to_variable": {
            "key": "_q2ZcJ9Z1Eei3Gv3T4rBBnQ",
            "name": "contextMenu",
            "type": null,
            "modifiers": [],
            "position": {}
          },
          "position": {}
        }
      }
    },
    "parameters_to_parameters_data_clump-./Graphics-_q2Y1D9Z1Eei3Gv3T4rBBnQ-_q2Y1INZ1Eei3Gv3T4rBBnQ-labelTextsizecontent": {
      "type": "data_clump",
      "key": "parameters_to_parameters_data_clump-./Graphics-_q2Y1D9Z1Eei3Gv3T4rBBnQ-_q2Y1INZ1Eei3Gv3T4rBBnQ-labelTextsizecontent",
      "probability": 1,
      "from_file_path": "./Graphics",
      "from_class_or_interface_name": "Graphics",
      "from_class_or_interface_key": "_q2YOVNZ1Eei3Gv3T4rBBnQ",
      "from_method_name": "addRow",
      "from_method_key": "_q2Y1D9Z1Eei3Gv3T4rBBnQ",
      "to_file_path": "./Graphics",
      "to_class_or_interface_name": "Graphics",
      "to_class_or_interface_key": "_q2YOVNZ1Eei3Gv3T4rBBnQ",
      "to_method_name": "addHeader",
      "to_method_key": "_q2Y1INZ1Eei3Gv3T4rBBnQ",
      "data_clump_type": "parameters_to_parameters_data_clump",
      "data_clump_data": {
        "_q2Y1EdZ1Eei3Gv3T4rBBnQ": {
          "key": "_q2Y1EdZ1Eei3Gv3T4rBBnQ",
          "name": "labelText",
          "type": null,
          "probability": 1,
          "modifiers": [],
          "to_variable": {
            "key": "_q2Y1ItZ1Eei3Gv3T4rBBnQ",
            "name": "labelText",
            "type": null,
            "modifiers": [],
            "position": {}
          },
          "position": {}
        },
        "_q2Y1F9Z1Eei3Gv3T4rBBnQ": {
          "key": "_q2Y1F9Z1Eei3Gv3T4rBBnQ",
          "name": "size",
          "type": null,
          "probability": 1,
          "modifiers": [],
          "to_variable": {
            "key": "_q2Y1KNZ1Eei3Gv3T4rBBnQ",
            "name": "size",
            "type": null,
            "modifiers": [],
            "position": {}
          },
          "position": {}
        },
        "_q2Y1GtZ1Eei3Gv3T4rBBnQ": {
          "key": "_q2Y1GtZ1Eei3Gv3T4rBBnQ",
          "name": "content",
          "type": null,
          "probability": 1,
          "modifiers": [],
          "to_variable": {
            "key": "_q2Y1K9Z1Eei3Gv3T4rBBnQ",
            "name": "content",
            "type": null,
            "modifiers": [],
            "position": {}
          },
          "position": {}
        }
      }
    },
    "parameters_to_parameters_data_clump-./Graphics-_q2Y1INZ1Eei3Gv3T4rBBnQ-_q2Y1D9Z1Eei3Gv3T4rBBnQ-labelTextsizecontent": {
      "type": "data_clump",
      "key": "parameters_to_parameters_data_clump-./Graphics-_q2Y1INZ1Eei3Gv3T4rBBnQ-_q2Y1D9Z1Eei3Gv3T4rBBnQ-labelTextsizecontent",
      "probability": 1,
      "from_file_path": "./Graphics",
      "from_class_or_interface_name": "Graphics",
      "from_class_or_interface_key": "_q2YOVNZ1Eei3Gv3T4rBBnQ",
      "from_method_name": "addHeader",
      "from_method_key": "_q2Y1INZ1Eei3Gv3T4rBBnQ",
      "to_file_path": "./Graphics",
      "to_class_or_interface_name": "Graphics",
      "to_class_or_interface_key": "_q2YOVNZ1Eei3Gv3T4rBBnQ",
      "to_method_name": "addRow",
      "to_method_key": "_q2Y1D9Z1Eei3Gv3T4rBBnQ",
      "data_clump_type": "parameters_to_parameters_data_clump",
      "data_clump_data": {
        "_q2Y1ItZ1Eei3Gv3T4rBBnQ": {
          "key": "_q2Y1ItZ1Eei3Gv3T4rBBnQ",
          "name": "labelText",
          "type": null,
          "probability": 1,
          "modifiers": [],
          "to_variable": {
            "key": "_q2Y1EdZ1Eei3Gv3T4rBBnQ",
            "name": "labelText",
            "type": null,
            "modifiers": [],
            "position": {}
          },
          "position": {}
        },
        "_q2Y1KNZ1Eei3Gv3T4rBBnQ": {
          "key": "_q2Y1KNZ1Eei3Gv3T4rBBnQ",
          "name": "size",
          "type": null,
          "probability": 1,
          "modifiers": [],
          "to_variable": {
            "key": "_q2Y1F9Z1Eei3Gv3T4rBBnQ",
            "name": "size",
            "type": null,
            "modifiers": [],
            "position": {}
          },
          "position": {}
        },
        "_q2Y1K9Z1Eei3Gv3T4rBBnQ": {
          "key": "_q2Y1K9Z1Eei3Gv3T4rBBnQ",
          "name": "content",
          "type": null,
          "probability": 1,
          "modifiers": [],
          "to_variable": {
            "key": "_q2Y1GtZ1Eei3Gv3T4rBBnQ",
            "name": "content",
            "type": null,
            "modifiers": [],
            "position": {}
          },
          "position": {}
        }
      }
    },
    "parameters_to_parameters_data_clump-./Graphics-_q2Y1R9Z1Eei3Gv3T4rBBnQ-_q2YOYtZ1Eei3Gv3T4rBBnQ-vmObjectcanvascontextMenu": {
      "type": "data_clump",
      "key": "parameters_to_parameters_data_clump-./Graphics-_q2Y1R9Z1Eei3Gv3T4rBBnQ-_q2YOYtZ1Eei3Gv3T4rBBnQ-vmObjectcanvascontextMenu",
      "probability": 1,
      "from_file_path": "./Graphics",
      "from_class_or_interface_name": "Graphics",
      "from_class_or_interface_key": "_q2YOVNZ1Eei3Gv3T4rBBnQ",
      "from_method_name": "vmBtnListener",
      "from_method_key": "_q2Y1R9Z1Eei3Gv3T4rBBnQ",
      "to_file_path": "./Graphics",
      "to_class_or_interface_name": "Graphics",
      "to_class_or_interface_key": "_q2YOVNZ1Eei3Gv3T4rBBnQ",
      "to_method_name": "createVMNode",
      "to_method_key": "_q2YOYtZ1Eei3Gv3T4rBBnQ",
      "data_clump_type": "parameters_to_parameters_data_clump",
      "data_clump_data": {
        "_q2Y1TNZ1Eei3Gv3T4rBBnQ": {
          "key": "_q2Y1TNZ1Eei3Gv3T4rBBnQ",
          "name": "vmObject",
          "type": null,
          "probability": 1,
          "modifiers": [],
          "to_variable": {
            "key": "_q2YOZtZ1Eei3Gv3T4rBBnQ",
            "name": "vmObject",
            "type": null,
            "modifiers": [],
            "position": {}
          },
          "position": {}
        },
        "_q2Y1T9Z1Eei3Gv3T4rBBnQ": {
          "key": "_q2Y1T9Z1Eei3Gv3T4rBBnQ",
          "name": "canvas",
          "type": null,
          "probability": 1,
          "modifiers": [],
          "to_variable": {
            "key": "_q2YOadZ1Eei3Gv3T4rBBnQ",
            "name": "canvas",
            "type": null,
            "modifiers": [],
            "position": {}
          },
          "position": {}
        },
        "_q2Y1UtZ1Eei3Gv3T4rBBnQ": {
          "key": "_q2Y1UtZ1Eei3Gv3T4rBBnQ",
          "name": "contextMenu",
          "type": null,
          "probability": 1,
          "modifiers": [],
          "to_variable": {
            "key": "_q2YObNZ1Eei3Gv3T4rBBnQ",
            "name": "contextMenu",
            "type": null,
            "modifiers": [],
            "position": {}
          },
          "position": {}
        }
      }
    },
    "parameters_to_parameters_data_clump-./Graphics-_q2Y1R9Z1Eei3Gv3T4rBBnQ-_q2Y1VdZ1Eei3Gv3T4rBBnQ-vmObjectcanvascontextMenu": {
      "type": "data_clump",
      "key": "parameters_to_parameters_data_clump-./Graphics-_q2Y1R9Z1Eei3Gv3T4rBBnQ-_q2Y1VdZ1Eei3Gv3T4rBBnQ-vmObjectcanvascontextMenu",
      "probability": 1,
      "from_file_path": "./Graphics",
      "from_class_or_interface_name": "Graphics",
      "from_class_or_interface_key": "_q2YOVNZ1Eei3Gv3T4rBBnQ",
      "from_method_name": "vmBtnListener",
      "from_method_key": "_q2Y1R9Z1Eei3Gv3T4rBBnQ",
      "to_file_path": "./Graphics",
      "to_class_or_interface_name": "Graphics",
      "to_class_or_interface_key": "_q2YOVNZ1Eei3Gv3T4rBBnQ",
      "to_method_name": "vmNodeHidingListener",
      "to_method_key": "_q2Y1VdZ1Eei3Gv3T4rBBnQ",
      "data_clump_type": "parameters_to_parameters_data_clump",
      "data_clump_data": {
        "_q2Y1TNZ1Eei3Gv3T4rBBnQ": {
          "key": "_q2Y1TNZ1Eei3Gv3T4rBBnQ",
          "name": "vmObject",
          "type": null,
          "probability": 1,
          "modifiers": [],
          "to_variable": {
            "key": "_q2Y1WtZ1Eei3Gv3T4rBBnQ",
            "name": "vmObject",
            "type": null,
            "modifiers": [],
            "position": {}
          },
          "position": {}
        },
        "_q2Y1T9Z1Eei3Gv3T4rBBnQ": {
          "key": "_q2Y1T9Z1Eei3Gv3T4rBBnQ",
          "name": "canvas",
          "type": null,
          "probability": 1,
          "modifiers": [],
          "to_variable": {
            "key": "_q2Y1XdZ1Eei3Gv3T4rBBnQ",
            "name": "canvas",
            "type": null,
            "modifiers": [],
            "position": {}
          },
          "position": {}
        },
        "_q2Y1UtZ1Eei3Gv3T4rBBnQ": {
          "key": "_q2Y1UtZ1Eei3Gv3T4rBBnQ",
          "name": "contextMenu",
          "type": null,
          "probability": 1,
          "modifiers": [],
          "to_variable": {
            "key": "_q2Y1YNZ1Eei3Gv3T4rBBnQ",
            "name": "contextMenu",
            "type": null,
            "modifiers": [],
            "position": {}
          },
          "position": {}
        }
      }
    },
    "parameters_to_parameters_data_clump-./Graphics-_q2Y1R9Z1Eei3Gv3T4rBBnQ-_q2Y1Y9Z1Eei3Gv3T4rBBnQ-contentcanvascontextMenu": {
      "type": "data_clump",
      "key": "parameters_to_parameters_data_clump-./Graphics-_q2Y1R9Z1Eei3Gv3T4rBBnQ-_q2Y1Y9Z1Eei3Gv3T4rBBnQ-contentcanvascontextMenu",
      "probability": 1,
      "from_file_path": "./Graphics",
      "from_class_or_interface_name": "Graphics",
      "from_class_or_interface_key": "_q2YOVNZ1Eei3Gv3T4rBBnQ",
      "from_method_name": "vmBtnListener",
      "from_method_key": "_q2Y1R9Z1Eei3Gv3T4rBBnQ",
      "to_file_path": "./Graphics",
      "to_class_or_interface_name": "Graphics",
      "to_class_or_interface_key": "_q2YOVNZ1Eei3Gv3T4rBBnQ",
      "to_method_name": "hubBtnListener",
      "to_method_key": "_q2Y1Y9Z1Eei3Gv3T4rBBnQ",
      "data_clump_type": "parameters_to_parameters_data_clump",
      "data_clump_data": {
        "_q2Y1SdZ1Eei3Gv3T4rBBnQ": {
          "key": "_q2Y1SdZ1Eei3Gv3T4rBBnQ",
          "name": "content",
          "type": null,
          "probability": 1,
          "modifiers": [],
          "to_variable": {
            "key": "_q2Y1ZdZ1Eei3Gv3T4rBBnQ",
            "name": "content",
            "type": null,
            "modifiers": [],
            "position": {}
          },
          "position": {}
        },
        "_q2Y1T9Z1Eei3Gv3T4rBBnQ": {
          "key": "_q2Y1T9Z1Eei3Gv3T4rBBnQ",
          "name": "canvas",
          "type": null,
          "probability": 1,
          "modifiers": [],
          "to_variable": {
            "key": "_q2Y1a9Z1Eei3Gv3T4rBBnQ",
            "name": "canvas",
            "type": null,
            "modifiers": [],
            "position": {}
          },
          "position": {}
        },
        "_q2Y1UtZ1Eei3Gv3T4rBBnQ": {
          "key": "_q2Y1UtZ1Eei3Gv3T4rBBnQ",
          "name": "contextMenu",
          "type": null,
          "probability": 1,
          "modifiers": [],
          "to_variable": {
            "key": "_q2Y1btZ1Eei3Gv3T4rBBnQ",
            "name": "contextMenu",
            "type": null,
            "modifiers": [],
            "position": {}
          },
          "position": {}
        }
      }
    },
    "parameters_to_parameters_data_clump-./Graphics-_q2Y1R9Z1Eei3Gv3T4rBBnQ-_q2ZcHdZ1Eei3Gv3T4rBBnQ-vmObjectcanvascontextMenu": {
      "type": "data_clump",
      "key": "parameters_to_parameters_data_clump-./Graphics-_q2Y1R9Z1Eei3Gv3T4rBBnQ-_q2ZcHdZ1Eei3Gv3T4rBBnQ-vmObjectcanvascontextMenu",
      "probability": 1,
      "from_file_path": "./Graphics",
      "from_class_or_interface_name": "Graphics",
      "from_class_or_interface_key": "_q2YOVNZ1Eei3Gv3T4rBBnQ",
      "from_method_name": "vmBtnListener",
      "from_method_key": "_q2Y1R9Z1Eei3Gv3T4rBBnQ",
      "to_file_path": "./Graphics",
      "to_class_or_interface_name": "Graphics",
      "to_class_or_interface_key": "_q2YOVNZ1Eei3Gv3T4rBBnQ",
      "to_method_name": "createVMPopOverContent",
      "to_method_key": "_q2ZcHdZ1Eei3Gv3T4rBBnQ",
      "data_clump_type": "parameters_to_parameters_data_clump",
      "data_clump_data": {
        "_q2Y1TNZ1Eei3Gv3T4rBBnQ": {
          "key": "_q2Y1TNZ1Eei3Gv3T4rBBnQ",
          "name": "vmObject",
          "type": null,
          "probability": 1,
          "modifiers": [],
          "to_variable": {
            "key": "_q2ZcIdZ1Eei3Gv3T4rBBnQ",
            "name": "vmObject",
            "type": null,
            "modifiers": [],
            "position": {}
          },
          "position": {}
        },
        "_q2Y1T9Z1Eei3Gv3T4rBBnQ": {
          "key": "_q2Y1T9Z1Eei3Gv3T4rBBnQ",
          "name": "canvas",
          "type": null,
          "probability": 1,
          "modifiers": [],
          "to_variable": {
            "key": "_q2ZcJNZ1Eei3Gv3T4rBBnQ",
            "name": "canvas",
            "type": null,
            "modifiers": [],
            "position": {}
          },
          "position": {}
        },
        "_q2Y1UtZ1Eei3Gv3T4rBBnQ": {
          "key": "_q2Y1UtZ1Eei3Gv3T4rBBnQ",
          "name": "contextMenu",
          "type": null,
          "probability": 1,
          "modifiers": [],
          "to_variable": {
            "key": "_q2ZcJ9Z1Eei3Gv3T4rBBnQ",
            "name": "contextMenu",
            "type": null,
            "modifiers": [],
            "position": {}
          },
          "position": {}
        }
      }
    },
    "parameters_to_parameters_data_clump-./Graphics-_q2Y1VdZ1Eei3Gv3T4rBBnQ-_q2YOYtZ1Eei3Gv3T4rBBnQ-vmObjectcanvascontextMenu": {
      "type": "data_clump",
      "key": "parameters_to_parameters_data_clump-./Graphics-_q2Y1VdZ1Eei3Gv3T4rBBnQ-_q2YOYtZ1Eei3Gv3T4rBBnQ-vmObjectcanvascontextMenu",
      "probability": 1,
      "from_file_path": "./Graphics",
      "from_class_or_interface_name": "Graphics",
      "from_class_or_interface_key": "_q2YOVNZ1Eei3Gv3T4rBBnQ",
      "from_method_name": "vmNodeHidingListener",
      "from_method_key": "_q2Y1VdZ1Eei3Gv3T4rBBnQ",
      "to_file_path": "./Graphics",
      "to_class_or_interface_name": "Graphics",
      "to_class_or_interface_key": "_q2YOVNZ1Eei3Gv3T4rBBnQ",
      "to_method_name": "createVMNode",
      "to_method_key": "_q2YOYtZ1Eei3Gv3T4rBBnQ",
      "data_clump_type": "parameters_to_parameters_data_clump",
      "data_clump_data": {
        "_q2Y1WtZ1Eei3Gv3T4rBBnQ": {
          "key": "_q2Y1WtZ1Eei3Gv3T4rBBnQ",
          "name": "vmObject",
          "type": null,
          "probability": 1,
          "modifiers": [],
          "to_variable": {
            "key": "_q2YOZtZ1Eei3Gv3T4rBBnQ",
            "name": "vmObject",
            "type": null,
            "modifiers": [],
            "position": {}
          },
          "position": {}
        },
        "_q2Y1XdZ1Eei3Gv3T4rBBnQ": {
          "key": "_q2Y1XdZ1Eei3Gv3T4rBBnQ",
          "name": "canvas",
          "type": null,
          "probability": 1,
          "modifiers": [],
          "to_variable": {
            "key": "_q2YOadZ1Eei3Gv3T4rBBnQ",
            "name": "canvas",
            "type": null,
            "modifiers": [],
            "position": {}
          },
          "position": {}
        },
        "_q2Y1YNZ1Eei3Gv3T4rBBnQ": {
          "key": "_q2Y1YNZ1Eei3Gv3T4rBBnQ",
          "name": "contextMenu",
          "type": null,
          "probability": 1,
          "modifiers": [],
          "to_variable": {
            "key": "_q2YObNZ1Eei3Gv3T4rBBnQ",
            "name": "contextMenu",
            "type": null,
            "modifiers": [],
            "position": {}
          },
          "position": {}
        }
      }
    },
    "parameters_to_parameters_data_clump-./Graphics-_q2Y1VdZ1Eei3Gv3T4rBBnQ-_q2Y1R9Z1Eei3Gv3T4rBBnQ-vmObjectcanvascontextMenu": {
      "type": "data_clump",
      "key": "parameters_to_parameters_data_clump-./Graphics-_q2Y1VdZ1Eei3Gv3T4rBBnQ-_q2Y1R9Z1Eei3Gv3T4rBBnQ-vmObjectcanvascontextMenu",
      "probability": 1,
      "from_file_path": "./Graphics",
      "from_class_or_interface_name": "Graphics",
      "from_class_or_interface_key": "_q2YOVNZ1Eei3Gv3T4rBBnQ",
      "from_method_name": "vmNodeHidingListener",
      "from_method_key": "_q2Y1VdZ1Eei3Gv3T4rBBnQ",
      "to_file_path": "./Graphics",
      "to_class_or_interface_name": "Graphics",
      "to_class_or_interface_key": "_q2YOVNZ1Eei3Gv3T4rBBnQ",
      "to_method_name": "vmBtnListener",
      "to_method_key": "_q2Y1R9Z1Eei3Gv3T4rBBnQ",
      "data_clump_type": "parameters_to_parameters_data_clump",
      "data_clump_data": {
        "_q2Y1WtZ1Eei3Gv3T4rBBnQ": {
          "key": "_q2Y1WtZ1Eei3Gv3T4rBBnQ",
          "name": "vmObject",
          "type": null,
          "probability": 1,
          "modifiers": [],
          "to_variable": {
            "key": "_q2Y1TNZ1Eei3Gv3T4rBBnQ",
            "name": "vmObject",
            "type": null,
            "modifiers": [],
            "position": {}
          },
          "position": {}
        },
        "_q2Y1XdZ1Eei3Gv3T4rBBnQ": {
          "key": "_q2Y1XdZ1Eei3Gv3T4rBBnQ",
          "name": "canvas",
          "type": null,
          "probability": 1,
          "modifiers": [],
          "to_variable": {
            "key": "_q2Y1T9Z1Eei3Gv3T4rBBnQ",
            "name": "canvas",
            "type": null,
            "modifiers": [],
            "position": {}
          },
          "position": {}
        },
        "_q2Y1YNZ1Eei3Gv3T4rBBnQ": {
          "key": "_q2Y1YNZ1Eei3Gv3T4rBBnQ",
          "name": "contextMenu",
          "type": null,
          "probability": 1,
          "modifiers": [],
          "to_variable": {
            "key": "_q2Y1UtZ1Eei3Gv3T4rBBnQ",
            "name": "contextMenu",
            "type": null,
            "modifiers": [],
            "position": {}
          },
          "position": {}
        }
      }
    },
    "parameters_to_parameters_data_clump-./Graphics-_q2Y1VdZ1Eei3Gv3T4rBBnQ-_q2Y1cdZ1Eei3Gv3T4rBBnQ-popovercanvascontextMenu": {
      "type": "data_clump",
      "key": "parameters_to_parameters_data_clump-./Graphics-_q2Y1VdZ1Eei3Gv3T4rBBnQ-_q2Y1cdZ1Eei3Gv3T4rBBnQ-popovercanvascontextMenu",
      "probability": 1,
      "from_file_path": "./Graphics",
      "from_class_or_interface_name": "Graphics",
      "from_class_or_interface_key": "_q2YOVNZ1Eei3Gv3T4rBBnQ",
      "from_method_name": "vmNodeHidingListener",
      "from_method_key": "_q2Y1VdZ1Eei3Gv3T4rBBnQ",
      "to_file_path": "./Graphics",
      "to_class_or_interface_name": "Graphics",
      "to_class_or_interface_key": "_q2YOVNZ1Eei3Gv3T4rBBnQ",
      "to_method_name": "hubNodeHidingListener",
      "to_method_key": "_q2Y1cdZ1Eei3Gv3T4rBBnQ",
      "data_clump_type": "parameters_to_parameters_data_clump",
      "data_clump_data": {
        "_q2Y1V9Z1Eei3Gv3T4rBBnQ": {
          "key": "_q2Y1V9Z1Eei3Gv3T4rBBnQ",
          "name": "popover",
          "type": null,
          "probability": 1,
          "modifiers": [],
          "to_variable": {
            "key": "_q2Y1c9Z1Eei3Gv3T4rBBnQ",
            "name": "popover",
            "type": null,
            "modifiers": [],
            "position": {}
          },
          "position": {}
        },
        "_q2Y1XdZ1Eei3Gv3T4rBBnQ": {
          "key": "_q2Y1XdZ1Eei3Gv3T4rBBnQ",
          "name": "canvas",
          "type": null,
          "probability": 1,
          "modifiers": [],
          "to_variable": {
            "key": "_q2Y1edZ1Eei3Gv3T4rBBnQ",
            "name": "canvas",
            "type": null,
            "modifiers": [],
            "position": {}
          },
          "position": {}
        },
        "_q2Y1YNZ1Eei3Gv3T4rBBnQ": {
          "key": "_q2Y1YNZ1Eei3Gv3T4rBBnQ",
          "name": "contextMenu",
          "type": null,
          "probability": 1,
          "modifiers": [],
          "to_variable": {
            "key": "_q2Y1fNZ1Eei3Gv3T4rBBnQ",
            "name": "contextMenu",
            "type": null,
            "modifiers": [],
            "position": {}
          },
          "position": {}
        }
      }
    },
    "parameters_to_parameters_data_clump-./Graphics-_q2Y1VdZ1Eei3Gv3T4rBBnQ-_q2ZcHdZ1Eei3Gv3T4rBBnQ-vmObjectcanvascontextMenu": {
      "type": "data_clump",
      "key": "parameters_to_parameters_data_clump-./Graphics-_q2Y1VdZ1Eei3Gv3T4rBBnQ-_q2ZcHdZ1Eei3Gv3T4rBBnQ-vmObjectcanvascontextMenu",
      "probability": 1,
      "from_file_path": "./Graphics",
      "from_class_or_interface_name": "Graphics",
      "from_class_or_interface_key": "_q2YOVNZ1Eei3Gv3T4rBBnQ",
      "from_method_name": "vmNodeHidingListener",
      "from_method_key": "_q2Y1VdZ1Eei3Gv3T4rBBnQ",
      "to_file_path": "./Graphics",
      "to_class_or_interface_name": "Graphics",
      "to_class_or_interface_key": "_q2YOVNZ1Eei3Gv3T4rBBnQ",
      "to_method_name": "createVMPopOverContent",
      "to_method_key": "_q2ZcHdZ1Eei3Gv3T4rBBnQ",
      "data_clump_type": "parameters_to_parameters_data_clump",
      "data_clump_data": {
        "_q2Y1WtZ1Eei3Gv3T4rBBnQ": {
          "key": "_q2Y1WtZ1Eei3Gv3T4rBBnQ",
          "name": "vmObject",
          "type": null,
          "probability": 1,
          "modifiers": [],
          "to_variable": {
            "key": "_q2ZcIdZ1Eei3Gv3T4rBBnQ",
            "name": "vmObject",
            "type": null,
            "modifiers": [],
            "position": {}
          },
          "position": {}
        },
        "_q2Y1XdZ1Eei3Gv3T4rBBnQ": {
          "key": "_q2Y1XdZ1Eei3Gv3T4rBBnQ",
          "name": "canvas",
          "type": null,
          "probability": 1,
          "modifiers": [],
          "to_variable": {
            "key": "_q2ZcJNZ1Eei3Gv3T4rBBnQ",
            "name": "canvas",
            "type": null,
            "modifiers": [],
            "position": {}
          },
          "position": {}
        },
        "_q2Y1YNZ1Eei3Gv3T4rBBnQ": {
          "key": "_q2Y1YNZ1Eei3Gv3T4rBBnQ",
          "name": "contextMenu",
          "type": null,
          "probability": 1,
          "modifiers": [],
          "to_variable": {
            "key": "_q2ZcJ9Z1Eei3Gv3T4rBBnQ",
            "name": "contextMenu",
            "type": null,
            "modifiers": [],
            "position": {}
          },
          "position": {}
        }
      }
    },
    "parameters_to_parameters_data_clump-./Graphics-_q2Y1Y9Z1Eei3Gv3T4rBBnQ-_q2YOVdZ1Eei3Gv3T4rBBnQ-hubObjectcanvascontextMenu": {
      "type": "data_clump",
      "key": "parameters_to_parameters_data_clump-./Graphics-_q2Y1Y9Z1Eei3Gv3T4rBBnQ-_q2YOVdZ1Eei3Gv3T4rBBnQ-hubObjectcanvascontextMenu",
      "probability": 1,
      "from_file_path": "./Graphics",
      "from_class_or_interface_name": "Graphics",
      "from_class_or_interface_key": "_q2YOVNZ1Eei3Gv3T4rBBnQ",
      "from_method_name": "hubBtnListener",
      "from_method_key": "_q2Y1Y9Z1Eei3Gv3T4rBBnQ",
      "to_file_path": "./Graphics",
      "to_class_or_interface_name": "Graphics",
      "to_class_or_interface_key": "_q2YOVNZ1Eei3Gv3T4rBBnQ",
      "to_method_name": "createHUBNode",
      "to_method_key": "_q2YOVdZ1Eei3Gv3T4rBBnQ",
      "data_clump_type": "parameters_to_parameters_data_clump",
      "data_clump_data": {
        "_q2Y1aNZ1Eei3Gv3T4rBBnQ": {
          "key": "_q2Y1aNZ1Eei3Gv3T4rBBnQ",
          "name": "hubObject",
          "type": null,
          "probability": 1,
          "modifiers": [],
          "to_variable": {
            "key": "_q2YOWdZ1Eei3Gv3T4rBBnQ",
            "name": "hubObject",
            "type": null,
            "modifiers": [],
            "position": {}
          },
          "position": {}
        },
        "_q2Y1a9Z1Eei3Gv3T4rBBnQ": {
          "key": "_q2Y1a9Z1Eei3Gv3T4rBBnQ",
          "name": "canvas",
          "type": null,
          "probability": 1,
          "modifiers": [],
          "to_variable": {
            "key": "_q2YOXNZ1Eei3Gv3T4rBBnQ",
            "name": "canvas",
            "type": null,
            "modifiers": [],
            "position": {}
          },
          "position": {}
        },
        "_q2Y1btZ1Eei3Gv3T4rBBnQ": {
          "key": "_q2Y1btZ1Eei3Gv3T4rBBnQ",
          "name": "contextMenu",
          "type": null,
          "probability": 1,
          "modifiers": [],
          "to_variable": {
            "key": "_q2YOX9Z1Eei3Gv3T4rBBnQ",
            "name": "contextMenu",
            "type": null,
            "modifiers": [],
            "position": {}
          },
          "position": {}
        }
      }
    },
    "parameters_to_parameters_data_clump-./Graphics-_q2Y1Y9Z1Eei3Gv3T4rBBnQ-_q2Y1R9Z1Eei3Gv3T4rBBnQ-contentcanvascontextMenu": {
      "type": "data_clump",
      "key": "parameters_to_parameters_data_clump-./Graphics-_q2Y1Y9Z1Eei3Gv3T4rBBnQ-_q2Y1R9Z1Eei3Gv3T4rBBnQ-contentcanvascontextMenu",
      "probability": 1,
      "from_file_path": "./Graphics",
      "from_class_or_interface_name": "Graphics",
      "from_class_or_interface_key": "_q2YOVNZ1Eei3Gv3T4rBBnQ",
      "from_method_name": "hubBtnListener",
      "from_method_key": "_q2Y1Y9Z1Eei3Gv3T4rBBnQ",
      "to_file_path": "./Graphics",
      "to_class_or_interface_name": "Graphics",
      "to_class_or_interface_key": "_q2YOVNZ1Eei3Gv3T4rBBnQ",
      "to_method_name": "vmBtnListener",
      "to_method_key": "_q2Y1R9Z1Eei3Gv3T4rBBnQ",
      "data_clump_type": "parameters_to_parameters_data_clump",
      "data_clump_data": {
        "_q2Y1ZdZ1Eei3Gv3T4rBBnQ": {
          "key": "_q2Y1ZdZ1Eei3Gv3T4rBBnQ",
          "name": "content",
          "type": null,
          "probability": 1,
          "modifiers": [],
          "to_variable": {
            "key": "_q2Y1SdZ1Eei3Gv3T4rBBnQ",
            "name": "content",
            "type": null,
            "modifiers": [],
            "position": {}
          },
          "position": {}
        },
        "_q2Y1a9Z1Eei3Gv3T4rBBnQ": {
          "key": "_q2Y1a9Z1Eei3Gv3T4rBBnQ",
          "name": "canvas",
          "type": null,
          "probability": 1,
          "modifiers": [],
          "to_variable": {
            "key": "_q2Y1T9Z1Eei3Gv3T4rBBnQ",
            "name": "canvas",
            "type": null,
            "modifiers": [],
            "position": {}
          },
          "position": {}
        },
        "_q2Y1btZ1Eei3Gv3T4rBBnQ": {
          "key": "_q2Y1btZ1Eei3Gv3T4rBBnQ",
          "name": "contextMenu",
          "type": null,
          "probability": 1,
          "modifiers": [],
          "to_variable": {
            "key": "_q2Y1UtZ1Eei3Gv3T4rBBnQ",
            "name": "contextMenu",
            "type": null,
            "modifiers": [],
            "position": {}
          },
          "position": {}
        }
      }
    },
    "parameters_to_parameters_data_clump-./Graphics-_q2Y1Y9Z1Eei3Gv3T4rBBnQ-_q2Y1cdZ1Eei3Gv3T4rBBnQ-hubObjectcanvascontextMenu": {
      "type": "data_clump",
      "key": "parameters_to_parameters_data_clump-./Graphics-_q2Y1Y9Z1Eei3Gv3T4rBBnQ-_q2Y1cdZ1Eei3Gv3T4rBBnQ-hubObjectcanvascontextMenu",
      "probability": 1,
      "from_file_path": "./Graphics",
      "from_class_or_interface_name": "Graphics",
      "from_class_or_interface_key": "_q2YOVNZ1Eei3Gv3T4rBBnQ",
      "from_method_name": "hubBtnListener",
      "from_method_key": "_q2Y1Y9Z1Eei3Gv3T4rBBnQ",
      "to_file_path": "./Graphics",
      "to_class_or_interface_name": "Graphics",
      "to_class_or_interface_key": "_q2YOVNZ1Eei3Gv3T4rBBnQ",
      "to_method_name": "hubNodeHidingListener",
      "to_method_key": "_q2Y1cdZ1Eei3Gv3T4rBBnQ",
      "data_clump_type": "parameters_to_parameters_data_clump",
      "data_clump_data": {
        "_q2Y1aNZ1Eei3Gv3T4rBBnQ": {
          "key": "_q2Y1aNZ1Eei3Gv3T4rBBnQ",
          "name": "hubObject",
          "type": null,
          "probability": 1,
          "modifiers": [],
          "to_variable": {
            "key": "_q2Y1dtZ1Eei3Gv3T4rBBnQ",
            "name": "hubObject",
            "type": null,
            "modifiers": [],
            "position": {}
          },
          "position": {}
        },
        "_q2Y1a9Z1Eei3Gv3T4rBBnQ": {
          "key": "_q2Y1a9Z1Eei3Gv3T4rBBnQ",
          "name": "canvas",
          "type": null,
          "probability": 1,
          "modifiers": [],
          "to_variable": {
            "key": "_q2Y1edZ1Eei3Gv3T4rBBnQ",
            "name": "canvas",
            "type": null,
            "modifiers": [],
            "position": {}
          },
          "position": {}
        },
        "_q2Y1btZ1Eei3Gv3T4rBBnQ": {
          "key": "_q2Y1btZ1Eei3Gv3T4rBBnQ",
          "name": "contextMenu",
          "type": null,
          "probability": 1,
          "modifiers": [],
          "to_variable": {
            "key": "_q2Y1fNZ1Eei3Gv3T4rBBnQ",
            "name": "contextMenu",
            "type": null,
            "modifiers": [],
            "position": {}
          },
          "position": {}
        }
      }
    },
    "parameters_to_parameters_data_clump-./Graphics-_q2Y1Y9Z1Eei3Gv3T4rBBnQ-_q2ZcENZ1Eei3Gv3T4rBBnQ-hubObjectcanvascontextMenu": {
      "type": "data_clump",
      "key": "parameters_to_parameters_data_clump-./Graphics-_q2Y1Y9Z1Eei3Gv3T4rBBnQ-_q2ZcENZ1Eei3Gv3T4rBBnQ-hubObjectcanvascontextMenu",
      "probability": 1,
      "from_file_path": "./Graphics",
      "from_class_or_interface_name": "Graphics",
      "from_class_or_interface_key": "_q2YOVNZ1Eei3Gv3T4rBBnQ",
      "from_method_name": "hubBtnListener",
      "from_method_key": "_q2Y1Y9Z1Eei3Gv3T4rBBnQ",
      "to_file_path": "./Graphics",
      "to_class_or_interface_name": "Graphics",
      "to_class_or_interface_key": "_q2YOVNZ1Eei3Gv3T4rBBnQ",
      "to_method_name": "createHUBPopOverContent",
      "to_method_key": "_q2ZcENZ1Eei3Gv3T4rBBnQ",
      "data_clump_type": "parameters_to_parameters_data_clump",
      "data_clump_data": {
        "_q2Y1aNZ1Eei3Gv3T4rBBnQ": {
          "key": "_q2Y1aNZ1Eei3Gv3T4rBBnQ",
          "name": "hubObject",
          "type": null,
          "probability": 1,
          "modifiers": [],
          "to_variable": {
            "key": "_q2ZcFNZ1Eei3Gv3T4rBBnQ",
            "name": "hubObject",
            "type": null,
            "modifiers": [],
            "position": {}
          },
          "position": {}
        },
        "_q2Y1a9Z1Eei3Gv3T4rBBnQ": {
          "key": "_q2Y1a9Z1Eei3Gv3T4rBBnQ",
          "name": "canvas",
          "type": null,
          "probability": 1,
          "modifiers": [],
          "to_variable": {
            "key": "_q2ZcF9Z1Eei3Gv3T4rBBnQ",
            "name": "canvas",
            "type": null,
            "modifiers": [],
            "position": {}
          },
          "position": {}
        },
        "_q2Y1btZ1Eei3Gv3T4rBBnQ": {
          "key": "_q2Y1btZ1Eei3Gv3T4rBBnQ",
          "name": "contextMenu",
          "type": null,
          "probability": 1,
          "modifiers": [],
          "to_variable": {
            "key": "_q2ZcGtZ1Eei3Gv3T4rBBnQ",
            "name": "contextMenu",
            "type": null,
            "modifiers": [],
            "position": {}
          },
          "position": {}
        }
      }
    },
    "parameters_to_parameters_data_clump-./Graphics-_q2Y1cdZ1Eei3Gv3T4rBBnQ-_q2YOVdZ1Eei3Gv3T4rBBnQ-hubObjectcanvascontextMenu": {
      "type": "data_clump",
      "key": "parameters_to_parameters_data_clump-./Graphics-_q2Y1cdZ1Eei3Gv3T4rBBnQ-_q2YOVdZ1Eei3Gv3T4rBBnQ-hubObjectcanvascontextMenu",
      "probability": 1,
      "from_file_path": "./Graphics",
      "from_class_or_interface_name": "Graphics",
      "from_class_or_interface_key": "_q2YOVNZ1Eei3Gv3T4rBBnQ",
      "from_method_name": "hubNodeHidingListener",
      "from_method_key": "_q2Y1cdZ1Eei3Gv3T4rBBnQ",
      "to_file_path": "./Graphics",
      "to_class_or_interface_name": "Graphics",
      "to_class_or_interface_key": "_q2YOVNZ1Eei3Gv3T4rBBnQ",
      "to_method_name": "createHUBNode",
      "to_method_key": "_q2YOVdZ1Eei3Gv3T4rBBnQ",
      "data_clump_type": "parameters_to_parameters_data_clump",
      "data_clump_data": {
        "_q2Y1dtZ1Eei3Gv3T4rBBnQ": {
          "key": "_q2Y1dtZ1Eei3Gv3T4rBBnQ",
          "name": "hubObject",
          "type": null,
          "probability": 1,
          "modifiers": [],
          "to_variable": {
            "key": "_q2YOWdZ1Eei3Gv3T4rBBnQ",
            "name": "hubObject",
            "type": null,
            "modifiers": [],
            "position": {}
          },
          "position": {}
        },
        "_q2Y1edZ1Eei3Gv3T4rBBnQ": {
          "key": "_q2Y1edZ1Eei3Gv3T4rBBnQ",
          "name": "canvas",
          "type": null,
          "probability": 1,
          "modifiers": [],
          "to_variable": {
            "key": "_q2YOXNZ1Eei3Gv3T4rBBnQ",
            "name": "canvas",
            "type": null,
            "modifiers": [],
            "position": {}
          },
          "position": {}
        },
        "_q2Y1fNZ1Eei3Gv3T4rBBnQ": {
          "key": "_q2Y1fNZ1Eei3Gv3T4rBBnQ",
          "name": "contextMenu",
          "type": null,
          "probability": 1,
          "modifiers": [],
          "to_variable": {
            "key": "_q2YOX9Z1Eei3Gv3T4rBBnQ",
            "name": "contextMenu",
            "type": null,
            "modifiers": [],
            "position": {}
          },
          "position": {}
        }
      }
    },
    "parameters_to_parameters_data_clump-./Graphics-_q2Y1cdZ1Eei3Gv3T4rBBnQ-_q2Y1VdZ1Eei3Gv3T4rBBnQ-popovercanvascontextMenu": {
      "type": "data_clump",
      "key": "parameters_to_parameters_data_clump-./Graphics-_q2Y1cdZ1Eei3Gv3T4rBBnQ-_q2Y1VdZ1Eei3Gv3T4rBBnQ-popovercanvascontextMenu",
      "probability": 1,
      "from_file_path": "./Graphics",
      "from_class_or_interface_name": "Graphics",
      "from_class_or_interface_key": "_q2YOVNZ1Eei3Gv3T4rBBnQ",
      "from_method_name": "hubNodeHidingListener",
      "from_method_key": "_q2Y1cdZ1Eei3Gv3T4rBBnQ",
      "to_file_path": "./Graphics",
      "to_class_or_interface_name": "Graphics",
      "to_class_or_interface_key": "_q2YOVNZ1Eei3Gv3T4rBBnQ",
      "to_method_name": "vmNodeHidingListener",
      "to_method_key": "_q2Y1VdZ1Eei3Gv3T4rBBnQ",
      "data_clump_type": "parameters_to_parameters_data_clump",
      "data_clump_data": {
        "_q2Y1c9Z1Eei3Gv3T4rBBnQ": {
          "key": "_q2Y1c9Z1Eei3Gv3T4rBBnQ",
          "name": "popover",
          "type": null,
          "probability": 1,
          "modifiers": [],
          "to_variable": {
            "key": "_q2Y1V9Z1Eei3Gv3T4rBBnQ",
            "name": "popover",
            "type": null,
            "modifiers": [],
            "position": {}
          },
          "position": {}
        },
        "_q2Y1edZ1Eei3Gv3T4rBBnQ": {
          "key": "_q2Y1edZ1Eei3Gv3T4rBBnQ",
          "name": "canvas",
          "type": null,
          "probability": 1,
          "modifiers": [],
          "to_variable": {
            "key": "_q2Y1XdZ1Eei3Gv3T4rBBnQ",
            "name": "canvas",
            "type": null,
            "modifiers": [],
            "position": {}
          },
          "position": {}
        },
        "_q2Y1fNZ1Eei3Gv3T4rBBnQ": {
          "key": "_q2Y1fNZ1Eei3Gv3T4rBBnQ",
          "name": "contextMenu",
          "type": null,
          "probability": 1,
          "modifiers": [],
          "to_variable": {
            "key": "_q2Y1YNZ1Eei3Gv3T4rBBnQ",
            "name": "contextMenu",
            "type": null,
            "modifiers": [],
            "position": {}
          },
          "position": {}
        }
      }
    },
    "parameters_to_parameters_data_clump-./Graphics-_q2Y1cdZ1Eei3Gv3T4rBBnQ-_q2Y1Y9Z1Eei3Gv3T4rBBnQ-hubObjectcanvascontextMenu": {
      "type": "data_clump",
      "key": "parameters_to_parameters_data_clump-./Graphics-_q2Y1cdZ1Eei3Gv3T4rBBnQ-_q2Y1Y9Z1Eei3Gv3T4rBBnQ-hubObjectcanvascontextMenu",
      "probability": 1,
      "from_file_path": "./Graphics",
      "from_class_or_interface_name": "Graphics",
      "from_class_or_interface_key": "_q2YOVNZ1Eei3Gv3T4rBBnQ",
      "from_method_name": "hubNodeHidingListener",
      "from_method_key": "_q2Y1cdZ1Eei3Gv3T4rBBnQ",
      "to_file_path": "./Graphics",
      "to_class_or_interface_name": "Graphics",
      "to_class_or_interface_key": "_q2YOVNZ1Eei3Gv3T4rBBnQ",
      "to_method_name": "hubBtnListener",
      "to_method_key": "_q2Y1Y9Z1Eei3Gv3T4rBBnQ",
      "data_clump_type": "parameters_to_parameters_data_clump",
      "data_clump_data": {
        "_q2Y1dtZ1Eei3Gv3T4rBBnQ": {
          "key": "_q2Y1dtZ1Eei3Gv3T4rBBnQ",
          "name": "hubObject",
          "type": null,
          "probability": 1,
          "modifiers": [],
          "to_variable": {
            "key": "_q2Y1aNZ1Eei3Gv3T4rBBnQ",
            "name": "hubObject",
            "type": null,
            "modifiers": [],
            "position": {}
          },
          "position": {}
        },
        "_q2Y1edZ1Eei3Gv3T4rBBnQ": {
          "key": "_q2Y1edZ1Eei3Gv3T4rBBnQ",
          "name": "canvas",
          "type": null,
          "probability": 1,
          "modifiers": [],
          "to_variable": {
            "key": "_q2Y1a9Z1Eei3Gv3T4rBBnQ",
            "name": "canvas",
            "type": null,
            "modifiers": [],
            "position": {}
          },
          "position": {}
        },
        "_q2Y1fNZ1Eei3Gv3T4rBBnQ": {
          "key": "_q2Y1fNZ1Eei3Gv3T4rBBnQ",
          "name": "contextMenu",
          "type": null,
          "probability": 1,
          "modifiers": [],
          "to_variable": {
            "key": "_q2Y1btZ1Eei3Gv3T4rBBnQ",
            "name": "contextMenu",
            "type": null,
            "modifiers": [],
            "position": {}
          },
          "position": {}
        }
      }
    },
    "parameters_to_parameters_data_clump-./Graphics-_q2Y1cdZ1Eei3Gv3T4rBBnQ-_q2ZcENZ1Eei3Gv3T4rBBnQ-hubObjectcanvascontextMenu": {
      "type": "data_clump",
      "key": "parameters_to_parameters_data_clump-./Graphics-_q2Y1cdZ1Eei3Gv3T4rBBnQ-_q2ZcENZ1Eei3Gv3T4rBBnQ-hubObjectcanvascontextMenu",
      "probability": 1,
      "from_file_path": "./Graphics",
      "from_class_or_interface_name": "Graphics",
      "from_class_or_interface_key": "_q2YOVNZ1Eei3Gv3T4rBBnQ",
      "from_method_name": "hubNodeHidingListener",
      "from_method_key": "_q2Y1cdZ1Eei3Gv3T4rBBnQ",
      "to_file_path": "./Graphics",
      "to_class_or_interface_name": "Graphics",
      "to_class_or_interface_key": "_q2YOVNZ1Eei3Gv3T4rBBnQ",
      "to_method_name": "createHUBPopOverContent",
      "to_method_key": "_q2ZcENZ1Eei3Gv3T4rBBnQ",
      "data_clump_type": "parameters_to_parameters_data_clump",
      "data_clump_data": {
        "_q2Y1dtZ1Eei3Gv3T4rBBnQ": {
          "key": "_q2Y1dtZ1Eei3Gv3T4rBBnQ",
          "name": "hubObject",
          "type": null,
          "probability": 1,
          "modifiers": [],
          "to_variable": {
            "key": "_q2ZcFNZ1Eei3Gv3T4rBBnQ",
            "name": "hubObject",
            "type": null,
            "modifiers": [],
            "position": {}
          },
          "position": {}
        },
        "_q2Y1edZ1Eei3Gv3T4rBBnQ": {
          "key": "_q2Y1edZ1Eei3Gv3T4rBBnQ",
          "name": "canvas",
          "type": null,
          "probability": 1,
          "modifiers": [],
          "to_variable": {
            "key": "_q2ZcF9Z1Eei3Gv3T4rBBnQ",
            "name": "canvas",
            "type": null,
            "modifiers": [],
            "position": {}
          },
          "position": {}
        },
        "_q2Y1fNZ1Eei3Gv3T4rBBnQ": {
          "key": "_q2Y1fNZ1Eei3Gv3T4rBBnQ",
          "name": "contextMenu",
          "type": null,
          "probability": 1,
          "modifiers": [],
          "to_variable": {
            "key": "_q2ZcGtZ1Eei3Gv3T4rBBnQ",
            "name": "contextMenu",
            "type": null,
            "modifiers": [],
            "position": {}
          },
          "position": {}
        }
      }
    },
    "parameters_to_parameters_data_clump-./Graphics-_q2ZcENZ1Eei3Gv3T4rBBnQ-_q2YOVdZ1Eei3Gv3T4rBBnQ-hubObjectcanvascontextMenu": {
      "type": "data_clump",
      "key": "parameters_to_parameters_data_clump-./Graphics-_q2ZcENZ1Eei3Gv3T4rBBnQ-_q2YOVdZ1Eei3Gv3T4rBBnQ-hubObjectcanvascontextMenu",
      "probability": 1,
      "from_file_path": "./Graphics",
      "from_class_or_interface_name": "Graphics",
      "from_class_or_interface_key": "_q2YOVNZ1Eei3Gv3T4rBBnQ",
      "from_method_name": "createHUBPopOverContent",
      "from_method_key": "_q2ZcENZ1Eei3Gv3T4rBBnQ",
      "to_file_path": "./Graphics",
      "to_class_or_interface_name": "Graphics",
      "to_class_or_interface_key": "_q2YOVNZ1Eei3Gv3T4rBBnQ",
      "to_method_name": "createHUBNode",
      "to_method_key": "_q2YOVdZ1Eei3Gv3T4rBBnQ",
      "data_clump_type": "parameters_to_parameters_data_clump",
      "data_clump_data": {
        "_q2ZcFNZ1Eei3Gv3T4rBBnQ": {
          "key": "_q2ZcFNZ1Eei3Gv3T4rBBnQ",
          "name": "hubObject",
          "type": null,
          "probability": 1,
          "modifiers": [],
          "to_variable": {
            "key": "_q2YOWdZ1Eei3Gv3T4rBBnQ",
            "name": "hubObject",
            "type": null,
            "modifiers": [],
            "position": {}
          },
          "position": {}
        },
        "_q2ZcF9Z1Eei3Gv3T4rBBnQ": {
          "key": "_q2ZcF9Z1Eei3Gv3T4rBBnQ",
          "name": "canvas",
          "type": null,
          "probability": 1,
          "modifiers": [],
          "to_variable": {
            "key": "_q2YOXNZ1Eei3Gv3T4rBBnQ",
            "name": "canvas",
            "type": null,
            "modifiers": [],
            "position": {}
          },
          "position": {}
        },
        "_q2ZcGtZ1Eei3Gv3T4rBBnQ": {
          "key": "_q2ZcGtZ1Eei3Gv3T4rBBnQ",
          "name": "contextMenu",
          "type": null,
          "probability": 1,
          "modifiers": [],
          "to_variable": {
            "key": "_q2YOX9Z1Eei3Gv3T4rBBnQ",
            "name": "contextMenu",
            "type": null,
            "modifiers": [],
            "position": {}
          },
          "position": {}
        }
      }
    },
    "parameters_to_parameters_data_clump-./Graphics-_q2ZcENZ1Eei3Gv3T4rBBnQ-_q2Y1Y9Z1Eei3Gv3T4rBBnQ-hubObjectcanvascontextMenu": {
      "type": "data_clump",
      "key": "parameters_to_parameters_data_clump-./Graphics-_q2ZcENZ1Eei3Gv3T4rBBnQ-_q2Y1Y9Z1Eei3Gv3T4rBBnQ-hubObjectcanvascontextMenu",
      "probability": 1,
      "from_file_path": "./Graphics",
      "from_class_or_interface_name": "Graphics",
      "from_class_or_interface_key": "_q2YOVNZ1Eei3Gv3T4rBBnQ",
      "from_method_name": "createHUBPopOverContent",
      "from_method_key": "_q2ZcENZ1Eei3Gv3T4rBBnQ",
      "to_file_path": "./Graphics",
      "to_class_or_interface_name": "Graphics",
      "to_class_or_interface_key": "_q2YOVNZ1Eei3Gv3T4rBBnQ",
      "to_method_name": "hubBtnListener",
      "to_method_key": "_q2Y1Y9Z1Eei3Gv3T4rBBnQ",
      "data_clump_type": "parameters_to_parameters_data_clump",
      "data_clump_data": {
        "_q2ZcFNZ1Eei3Gv3T4rBBnQ": {
          "key": "_q2ZcFNZ1Eei3Gv3T4rBBnQ",
          "name": "hubObject",
          "type": null,
          "probability": 1,
          "modifiers": [],
          "to_variable": {
            "key": "_q2Y1aNZ1Eei3Gv3T4rBBnQ",
            "name": "hubObject",
            "type": null,
            "modifiers": [],
            "position": {}
          },
          "position": {}
        },
        "_q2ZcF9Z1Eei3Gv3T4rBBnQ": {
          "key": "_q2ZcF9Z1Eei3Gv3T4rBBnQ",
          "name": "canvas",
          "type": null,
          "probability": 1,
          "modifiers": [],
          "to_variable": {
            "key": "_q2Y1a9Z1Eei3Gv3T4rBBnQ",
            "name": "canvas",
            "type": null,
            "modifiers": [],
            "position": {}
          },
          "position": {}
        },
        "_q2ZcGtZ1Eei3Gv3T4rBBnQ": {
          "key": "_q2ZcGtZ1Eei3Gv3T4rBBnQ",
          "name": "contextMenu",
          "type": null,
          "probability": 1,
          "modifiers": [],
          "to_variable": {
            "key": "_q2Y1btZ1Eei3Gv3T4rBBnQ",
            "name": "contextMenu",
            "type": null,
            "modifiers": [],
            "position": {}
          },
          "position": {}
        }
      }
    },
    "parameters_to_parameters_data_clump-./Graphics-_q2ZcENZ1Eei3Gv3T4rBBnQ-_q2Y1cdZ1Eei3Gv3T4rBBnQ-hubObjectcanvascontextMenu": {
      "type": "data_clump",
      "key": "parameters_to_parameters_data_clump-./Graphics-_q2ZcENZ1Eei3Gv3T4rBBnQ-_q2Y1cdZ1Eei3Gv3T4rBBnQ-hubObjectcanvascontextMenu",
      "probability": 1,
      "from_file_path": "./Graphics",
      "from_class_or_interface_name": "Graphics",
      "from_class_or_interface_key": "_q2YOVNZ1Eei3Gv3T4rBBnQ",
      "from_method_name": "createHUBPopOverContent",
      "from_method_key": "_q2ZcENZ1Eei3Gv3T4rBBnQ",
      "to_file_path": "./Graphics",
      "to_class_or_interface_name": "Graphics",
      "to_class_or_interface_key": "_q2YOVNZ1Eei3Gv3T4rBBnQ",
      "to_method_name": "hubNodeHidingListener",
      "to_method_key": "_q2Y1cdZ1Eei3Gv3T4rBBnQ",
      "data_clump_type": "parameters_to_parameters_data_clump",
      "data_clump_data": {
        "_q2ZcFNZ1Eei3Gv3T4rBBnQ": {
          "key": "_q2ZcFNZ1Eei3Gv3T4rBBnQ",
          "name": "hubObject",
          "type": null,
          "probability": 1,
          "modifiers": [],
          "to_variable": {
            "key": "_q2Y1dtZ1Eei3Gv3T4rBBnQ",
            "name": "hubObject",
            "type": null,
            "modifiers": [],
            "position": {}
          },
          "position": {}
        },
        "_q2ZcF9Z1Eei3Gv3T4rBBnQ": {
          "key": "_q2ZcF9Z1Eei3Gv3T4rBBnQ",
          "name": "canvas",
          "type": null,
          "probability": 1,
          "modifiers": [],
          "to_variable": {
            "key": "_q2Y1edZ1Eei3Gv3T4rBBnQ",
            "name": "canvas",
            "type": null,
            "modifiers": [],
            "position": {}
          },
          "position": {}
        },
        "_q2ZcGtZ1Eei3Gv3T4rBBnQ": {
          "key": "_q2ZcGtZ1Eei3Gv3T4rBBnQ",
          "name": "contextMenu",
          "type": null,
          "probability": 1,
          "modifiers": [],
          "to_variable": {
            "key": "_q2Y1fNZ1Eei3Gv3T4rBBnQ",
            "name": "contextMenu",
            "type": null,
            "modifiers": [],
            "position": {}
          },
          "position": {}
        }
      }
    },
    "parameters_to_parameters_data_clump-./Graphics-_q2ZcHdZ1Eei3Gv3T4rBBnQ-_q2YOYtZ1Eei3Gv3T4rBBnQ-vmObjectcanvascontextMenu": {
      "type": "data_clump",
      "key": "parameters_to_parameters_data_clump-./Graphics-_q2ZcHdZ1Eei3Gv3T4rBBnQ-_q2YOYtZ1Eei3Gv3T4rBBnQ-vmObjectcanvascontextMenu",
      "probability": 1,
      "from_file_path": "./Graphics",
      "from_class_or_interface_name": "Graphics",
      "from_class_or_interface_key": "_q2YOVNZ1Eei3Gv3T4rBBnQ",
      "from_method_name": "createVMPopOverContent",
      "from_method_key": "_q2ZcHdZ1Eei3Gv3T4rBBnQ",
      "to_file_path": "./Graphics",
      "to_class_or_interface_name": "Graphics",
      "to_class_or_interface_key": "_q2YOVNZ1Eei3Gv3T4rBBnQ",
      "to_method_name": "createVMNode",
      "to_method_key": "_q2YOYtZ1Eei3Gv3T4rBBnQ",
      "data_clump_type": "parameters_to_parameters_data_clump",
      "data_clump_data": {
        "_q2ZcIdZ1Eei3Gv3T4rBBnQ": {
          "key": "_q2ZcIdZ1Eei3Gv3T4rBBnQ",
          "name": "vmObject",
          "type": null,
          "probability": 1,
          "modifiers": [],
          "to_variable": {
            "key": "_q2YOZtZ1Eei3Gv3T4rBBnQ",
            "name": "vmObject",
            "type": null,
            "modifiers": [],
            "position": {}
          },
          "position": {}
        },
        "_q2ZcJNZ1Eei3Gv3T4rBBnQ": {
          "key": "_q2ZcJNZ1Eei3Gv3T4rBBnQ",
          "name": "canvas",
          "type": null,
          "probability": 1,
          "modifiers": [],
          "to_variable": {
            "key": "_q2YOadZ1Eei3Gv3T4rBBnQ",
            "name": "canvas",
            "type": null,
            "modifiers": [],
            "position": {}
          },
          "position": {}
        },
        "_q2ZcJ9Z1Eei3Gv3T4rBBnQ": {
          "key": "_q2ZcJ9Z1Eei3Gv3T4rBBnQ",
          "name": "contextMenu",
          "type": null,
          "probability": 1,
          "modifiers": [],
          "to_variable": {
            "key": "_q2YObNZ1Eei3Gv3T4rBBnQ",
            "name": "contextMenu",
            "type": null,
            "modifiers": [],
            "position": {}
          },
          "position": {}
        }
      }
    },
    "parameters_to_parameters_data_clump-./Graphics-_q2ZcHdZ1Eei3Gv3T4rBBnQ-_q2Y1R9Z1Eei3Gv3T4rBBnQ-vmObjectcanvascontextMenu": {
      "type": "data_clump",
      "key": "parameters_to_parameters_data_clump-./Graphics-_q2ZcHdZ1Eei3Gv3T4rBBnQ-_q2Y1R9Z1Eei3Gv3T4rBBnQ-vmObjectcanvascontextMenu",
      "probability": 1,
      "from_file_path": "./Graphics",
      "from_class_or_interface_name": "Graphics",
      "from_class_or_interface_key": "_q2YOVNZ1Eei3Gv3T4rBBnQ",
      "from_method_name": "createVMPopOverContent",
      "from_method_key": "_q2ZcHdZ1Eei3Gv3T4rBBnQ",
      "to_file_path": "./Graphics",
      "to_class_or_interface_name": "Graphics",
      "to_class_or_interface_key": "_q2YOVNZ1Eei3Gv3T4rBBnQ",
      "to_method_name": "vmBtnListener",
      "to_method_key": "_q2Y1R9Z1Eei3Gv3T4rBBnQ",
      "data_clump_type": "parameters_to_parameters_data_clump",
      "data_clump_data": {
        "_q2ZcIdZ1Eei3Gv3T4rBBnQ": {
          "key": "_q2ZcIdZ1Eei3Gv3T4rBBnQ",
          "name": "vmObject",
          "type": null,
          "probability": 1,
          "modifiers": [],
          "to_variable": {
            "key": "_q2Y1TNZ1Eei3Gv3T4rBBnQ",
            "name": "vmObject",
            "type": null,
            "modifiers": [],
            "position": {}
          },
          "position": {}
        },
        "_q2ZcJNZ1Eei3Gv3T4rBBnQ": {
          "key": "_q2ZcJNZ1Eei3Gv3T4rBBnQ",
          "name": "canvas",
          "type": null,
          "probability": 1,
          "modifiers": [],
          "to_variable": {
            "key": "_q2Y1T9Z1Eei3Gv3T4rBBnQ",
            "name": "canvas",
            "type": null,
            "modifiers": [],
            "position": {}
          },
          "position": {}
        },
        "_q2ZcJ9Z1Eei3Gv3T4rBBnQ": {
          "key": "_q2ZcJ9Z1Eei3Gv3T4rBBnQ",
          "name": "contextMenu",
          "type": null,
          "probability": 1,
          "modifiers": [],
          "to_variable": {
            "key": "_q2Y1UtZ1Eei3Gv3T4rBBnQ",
            "name": "contextMenu",
            "type": null,
            "modifiers": [],
            "position": {}
          },
          "position": {}
        }
      }
    },
    "parameters_to_parameters_data_clump-./Graphics-_q2ZcHdZ1Eei3Gv3T4rBBnQ-_q2Y1VdZ1Eei3Gv3T4rBBnQ-vmObjectcanvascontextMenu": {
      "type": "data_clump",
      "key": "parameters_to_parameters_data_clump-./Graphics-_q2ZcHdZ1Eei3Gv3T4rBBnQ-_q2Y1VdZ1Eei3Gv3T4rBBnQ-vmObjectcanvascontextMenu",
      "probability": 1,
      "from_file_path": "./Graphics",
      "from_class_or_interface_name": "Graphics",
      "from_class_or_interface_key": "_q2YOVNZ1Eei3Gv3T4rBBnQ",
      "from_method_name": "createVMPopOverContent",
      "from_method_key": "_q2ZcHdZ1Eei3Gv3T4rBBnQ",
      "to_file_path": "./Graphics",
      "to_class_or_interface_name": "Graphics",
      "to_class_or_interface_key": "_q2YOVNZ1Eei3Gv3T4rBBnQ",
      "to_method_name": "vmNodeHidingListener",
      "to_method_key": "_q2Y1VdZ1Eei3Gv3T4rBBnQ",
      "data_clump_type": "parameters_to_parameters_data_clump",
      "data_clump_data": {
        "_q2ZcIdZ1Eei3Gv3T4rBBnQ": {
          "key": "_q2ZcIdZ1Eei3Gv3T4rBBnQ",
          "name": "vmObject",
          "type": null,
          "probability": 1,
          "modifiers": [],
          "to_variable": {
            "key": "_q2Y1WtZ1Eei3Gv3T4rBBnQ",
            "name": "vmObject",
            "type": null,
            "modifiers": [],
            "position": {}
          },
          "position": {}
        },
        "_q2ZcJNZ1Eei3Gv3T4rBBnQ": {
          "key": "_q2ZcJNZ1Eei3Gv3T4rBBnQ",
          "name": "canvas",
          "type": null,
          "probability": 1,
          "modifiers": [],
          "to_variable": {
            "key": "_q2Y1XdZ1Eei3Gv3T4rBBnQ",
            "name": "canvas",
            "type": null,
            "modifiers": [],
            "position": {}
          },
          "position": {}
        },
        "_q2ZcJ9Z1Eei3Gv3T4rBBnQ": {
          "key": "_q2ZcJ9Z1Eei3Gv3T4rBBnQ",
          "name": "contextMenu",
          "type": null,
          "probability": 1,
          "modifiers": [],
          "to_variable": {
            "key": "_q2Y1YNZ1Eei3Gv3T4rBBnQ",
            "name": "contextMenu",
            "type": null,
            "modifiers": [],
            "position": {}
          },
          "position": {}
        }
      }
    }
  }
}