{
  "report_version": "unknown",
  "report_timestamp": "2025-03-26T22:56:20.664Z",
  "target_language": "java",
  "report_summary": {
    "additional": null,
    "amount_classes_or_interfaces_with_data_clumps": 5,
    "amount_files_with_data_clumps": 5,
    "amount_methods_with_data_clumps": 0,
    "fields_to_fields_data_clump": 8,
    "parameters_to_fields_data_clump": 0,
    "parameters_to_parameters_data_clump": 0,
    "amount_data_clumps": 8
  },
  "project_info": {
    "project_url": "unknown_project_url",
    "project_name": "e23a17ee-d688-4879-890e-1199cc7e384f",
    "project_version": "unknown_project_version",
    "project_commit_hash": "unknown",
    "project_tag": null,
    "project_commit_date": null,
    "additional": {},
    "number_of_files": 29,
    "number_of_classes_or_interfaces": 29,
    "number_of_methods": 96,
    "number_of_data_fields": 114,
    "number_of_method_parameters": 0
  },
  "detector": {
    "name": "data-clumps-doctor",
    "url": "https://github.com/NilsBaumgartner1994/data-clumps-doctor",
    "version": "0.1.100",
    "options": {
      "typeVariablesConsidered": false,
      "similarityModifierOfVariablesWithUnknownType": 0,
      "fieldsOfClassesWithUnknownHierarchyProbabilityModifier": 0,
      "sharedFieldsToFieldsAmountMinimum": 3,
      "analyseFieldsInClassesOrInterfacesInheritedFromSuperClassesOrInterfaces": false,
      "sharedParametersToParametersAmountMinimum": 3,
      "sharedParametersToFieldsAmountMinimum": 3,
      "methodsOfClassesOrInterfacesWithUnknownHierarchyProbabilityModifier": 0
    }
  },
  "data_clumps": {
    "fields_to_fields_data_clump-./BillDetails-_8EnUMTq0EDamBqTfbPa2bA-_y9MtgDnUEDamBqTfbPa2bA-datepaidservicesumvattotal": {
      "type": "data_clump",
      "key": "fields_to_fields_data_clump-./BillDetails-_8EnUMTq0EDamBqTfbPa2bA-_y9MtgDnUEDamBqTfbPa2bA-datepaidservicesumvattotal",
      "probability": 1,
      "from_file_path": "./BillDetails",
      "from_class_or_interface_name": "BillDetails",
      "from_class_or_interface_key": "_8EnUMTq0EDamBqTfbPa2bA",
      "from_method_name": null,
      "from_method_key": null,
      "to_file_path": "./Bills",
      "to_class_or_interface_key": "_y9MtgDnUEDamBqTfbPa2bA",
      "to_class_or_interface_name": "BillDetails",
      "to_method_key": null,
      "to_method_name": null,
      "data_clump_type": "fields_to_fields_data_clump",
      "data_clump_data": {
        "_-7y8sDq0EDamBqTfbPa2bA": {
          "key": "_-7y8sDq0EDamBqTfbPa2bA",
          "name": "date",
          "type": null,
          "probability": 1,
          "modifiers": [
            "protected"
          ],
          "to_variable": {
            "key": "_0lWXETnUEDamBqTfbPa2bA",
            "name": "date",
            "type": null,
            "modifiers": [
              "protected"
            ],
            "position": {}
          },
          "position": {}
        },
        "_BY6fYDq1EDamBqTfbPa2bA": {
          "key": "_BY6fYDq1EDamBqTfbPa2bA",
          "name": "paid",
          "type": null,
          "probability": 1,
          "modifiers": [
            "protected"
          ],
          "to_variable": {
            "key": "_1o8iETnUEDamBqTfbPa2bA",
            "name": "paid",
            "type": null,
            "modifiers": [
              "protected"
            ],
            "position": {}
          },
          "position": {}
        },
        "_DF4-kTq1EDamBqTfbPa2bA": {
          "key": "_DF4-kTq1EDamBqTfbPa2bA",
          "name": "service",
          "type": null,
          "probability": 1,
          "modifiers": [
            "protected"
          ],
          "to_variable": {
            "key": "_25EGITnUEDamBqTfbPa2bA",
            "name": "service",
            "type": null,
            "modifiers": [
              "protected"
            ],
            "position": {}
          },
          "position": {}
        },
        "_Fp82wDq1EDamBqTfbPa2bA": {
          "key": "_Fp82wDq1EDamBqTfbPa2bA",
          "name": "sum",
          "type": null,
          "probability": 1,
          "modifiers": [
            "protected"
          ],
          "to_variable": {
            "key": "_7DEocTnUEDamBqTfbPa2bA",
            "name": "sum",
            "type": null,
            "modifiers": [
              "protected"
            ],
            "position": {}
          },
          "position": {}
        },
        "_GxjYATq1EDamBqTfbPa2bA": {
          "key": "_GxjYATq1EDamBqTfbPa2bA",
          "name": "vat",
          "type": null,
          "probability": 1,
          "modifiers": [
            "protected"
          ],
          "to_variable": {
            "key": "_8CQ0kTnUEDamBqTfbPa2bA",
            "name": "vat",
            "type": null,
            "modifiers": [
              "protected"
            ],
            "position": {}
          },
          "position": {}
        },
        "_eabt0Tq1EDamBqTfbPa2bA": {
          "key": "_eabt0Tq1EDamBqTfbPa2bA",
          "name": "total",
          "type": null,
          "probability": 1,
          "modifiers": [
            "protected"
          ],
          "to_variable": {
            "key": "_85VmgTnUEDamBqTfbPa2bA",
            "name": "total",
            "type": null,
            "modifiers": [
              "protected"
            ],
            "position": {}
          },
          "position": {}
        }
      }
    },
    "fields_to_fields_data_clump-./BillDetails-_8EnUMTq0EDamBqTfbPa2bA-_vmgCATnVEDamBqTfbPa2bA-datepaidservicestudyYearsumvattotal": {
      "type": "data_clump",
      "key": "fields_to_fields_data_clump-./BillDetails-_8EnUMTq0EDamBqTfbPa2bA-_vmgCATnVEDamBqTfbPa2bA-datepaidservicestudyYearsumvattotal",
      "probability": 1,
      "from_file_path": "./BillDetails",
      "from_class_or_interface_name": "BillDetails",
      "from_class_or_interface_key": "_8EnUMTq0EDamBqTfbPa2bA",
      "from_method_name": null,
      "from_method_key": null,
      "to_file_path": "./PersonalBill",
      "to_class_or_interface_key": "_vmgCATnVEDamBqTfbPa2bA",
      "to_class_or_interface_name": "BillDetails",
      "to_method_key": null,
      "to_method_name": null,
      "data_clump_type": "fields_to_fields_data_clump",
      "data_clump_data": {
        "_-7y8sDq0EDamBqTfbPa2bA": {
          "key": "_-7y8sDq0EDamBqTfbPa2bA",
          "name": "date",
          "type": null,
          "probability": 1,
          "modifiers": [
            "protected"
          ],
          "to_variable": {
            "key": "_yAEhcTnVEDamBqTfbPa2bA",
            "name": "date",
            "type": null,
            "modifiers": [
              "protected"
            ],
            "position": {}
          },
          "position": {}
        },
        "_BY6fYDq1EDamBqTfbPa2bA": {
          "key": "_BY6fYDq1EDamBqTfbPa2bA",
          "name": "paid",
          "type": null,
          "probability": 1,
          "modifiers": [
            "protected"
          ],
          "to_variable": {
            "key": "_0Hoq4TnVEDamBqTfbPa2bA",
            "name": "paid",
            "type": null,
            "modifiers": [
              "protected"
            ],
            "position": {}
          },
          "position": {}
        },
        "_DF4-kTq1EDamBqTfbPa2bA": {
          "key": "_DF4-kTq1EDamBqTfbPa2bA",
          "name": "service",
          "type": null,
          "probability": 1,
          "modifiers": [
            "protected"
          ],
          "to_variable": {
            "key": "_1UPn8TnVEDamBqTfbPa2bA",
            "name": "service",
            "type": null,
            "modifiers": [
              "protected"
            ],
            "position": {}
          },
          "position": {}
        },
        "_ESUVcTq1EDamBqTfbPa2bA": {
          "key": "_ESUVcTq1EDamBqTfbPa2bA",
          "name": "studyYear",
          "type": null,
          "probability": 1,
          "modifiers": [
            "protected"
          ],
          "to_variable": {
            "key": "_2WsjcDnVEDamBqTfbPa2bA",
            "name": "studyYear",
            "type": null,
            "modifiers": [
              "protected"
            ],
            "position": {}
          },
          "position": {}
        },
        "_Fp82wDq1EDamBqTfbPa2bA": {
          "key": "_Fp82wDq1EDamBqTfbPa2bA",
          "name": "sum",
          "type": null,
          "probability": 1,
          "modifiers": [
            "protected"
          ],
          "to_variable": {
            "key": "_4ARwYDnVEDamBqTfbPa2bA",
            "name": "sum",
            "type": null,
            "modifiers": [
              "protected"
            ],
            "position": {}
          },
          "position": {}
        },
        "_GxjYATq1EDamBqTfbPa2bA": {
          "key": "_GxjYATq1EDamBqTfbPa2bA",
          "name": "vat",
          "type": null,
          "probability": 1,
          "modifiers": [
            "protected"
          ],
          "to_variable": {
            "key": "_5F-0MTnVEDamBqTfbPa2bA",
            "name": "vat",
            "type": null,
            "modifiers": [
              "protected"
            ],
            "position": {}
          },
          "position": {}
        },
        "_eabt0Tq1EDamBqTfbPa2bA": {
          "key": "_eabt0Tq1EDamBqTfbPa2bA",
          "name": "total",
          "type": null,
          "probability": 1,
          "modifiers": [
            "protected"
          ],
          "to_variable": {
            "key": "_5-yEcTnVEDamBqTfbPa2bA",
            "name": "total",
            "type": null,
            "modifiers": [
              "protected"
            ],
            "position": {}
          },
          "position": {}
        }
      }
    },
    "fields_to_fields_data_clump-./Bills-_y9MtgDnUEDamBqTfbPa2bA-_8EnUMTq0EDamBqTfbPa2bA-datepaidservicesumvattotal": {
      "type": "data_clump",
      "key": "fields_to_fields_data_clump-./Bills-_y9MtgDnUEDamBqTfbPa2bA-_8EnUMTq0EDamBqTfbPa2bA-datepaidservicesumvattotal",
      "probability": 1,
      "from_file_path": "./Bills",
      "from_class_or_interface_name": "Bills",
      "from_class_or_interface_key": "_y9MtgDnUEDamBqTfbPa2bA",
      "from_method_name": null,
      "from_method_key": null,
      "to_file_path": "./BillDetails",
      "to_class_or_interface_key": "_8EnUMTq0EDamBqTfbPa2bA",
      "to_class_or_interface_name": "Bills",
      "to_method_key": null,
      "to_method_name": null,
      "data_clump_type": "fields_to_fields_data_clump",
      "data_clump_data": {
        "_0lWXETnUEDamBqTfbPa2bA": {
          "key": "_0lWXETnUEDamBqTfbPa2bA",
          "name": "date",
          "type": null,
          "probability": 1,
          "modifiers": [
            "protected"
          ],
          "to_variable": {
            "key": "_-7y8sDq0EDamBqTfbPa2bA",
            "name": "date",
            "type": null,
            "modifiers": [
              "protected"
            ],
            "position": {}
          },
          "position": {}
        },
        "_1o8iETnUEDamBqTfbPa2bA": {
          "key": "_1o8iETnUEDamBqTfbPa2bA",
          "name": "paid",
          "type": null,
          "probability": 1,
          "modifiers": [
            "protected"
          ],
          "to_variable": {
            "key": "_BY6fYDq1EDamBqTfbPa2bA",
            "name": "paid",
            "type": null,
            "modifiers": [
              "protected"
            ],
            "position": {}
          },
          "position": {}
        },
        "_25EGITnUEDamBqTfbPa2bA": {
          "key": "_25EGITnUEDamBqTfbPa2bA",
          "name": "service",
          "type": null,
          "probability": 1,
          "modifiers": [
            "protected"
          ],
          "to_variable": {
            "key": "_DF4-kTq1EDamBqTfbPa2bA",
            "name": "service",
            "type": null,
            "modifiers": [
              "protected"
            ],
            "position": {}
          },
          "position": {}
        },
        "_7DEocTnUEDamBqTfbPa2bA": {
          "key": "_7DEocTnUEDamBqTfbPa2bA",
          "name": "sum",
          "type": null,
          "probability": 1,
          "modifiers": [
            "protected"
          ],
          "to_variable": {
            "key": "_Fp82wDq1EDamBqTfbPa2bA",
            "name": "sum",
            "type": null,
            "modifiers": [
              "protected"
            ],
            "position": {}
          },
          "position": {}
        },
        "_8CQ0kTnUEDamBqTfbPa2bA": {
          "key": "_8CQ0kTnUEDamBqTfbPa2bA",
          "name": "vat",
          "type": null,
          "probability": 1,
          "modifiers": [
            "protected"
          ],
          "to_variable": {
            "key": "_GxjYATq1EDamBqTfbPa2bA",
            "name": "vat",
            "type": null,
            "modifiers": [
              "protected"
            ],
            "position": {}
          },
          "position": {}
        },
        "_85VmgTnUEDamBqTfbPa2bA": {
          "key": "_85VmgTnUEDamBqTfbPa2bA",
          "name": "total",
          "type": null,
          "probability": 1,
          "modifiers": [
            "protected"
          ],
          "to_variable": {
            "key": "_eabt0Tq1EDamBqTfbPa2bA",
            "name": "total",
            "type": null,
            "modifiers": [
              "protected"
            ],
            "position": {}
          },
          "position": {}
        }
      }
    },
    "fields_to_fields_data_clump-./Bills-_y9MtgDnUEDamBqTfbPa2bA-_vmgCATnVEDamBqTfbPa2bA-datepaidservicesumvattotal": {
      "type": "data_clump",
      "key": "fields_to_fields_data_clump-./Bills-_y9MtgDnUEDamBqTfbPa2bA-_vmgCATnVEDamBqTfbPa2bA-datepaidservicesumvattotal",
      "probability": 1,
      "from_file_path": "./Bills",
      "from_class_or_interface_name": "Bills",
      "from_class_or_interface_key": "_y9MtgDnUEDamBqTfbPa2bA",
      "from_method_name": null,
      "from_method_key": null,
      "to_file_path": "./PersonalBill",
      "to_class_or_interface_key": "_vmgCATnVEDamBqTfbPa2bA",
      "to_class_or_interface_name": "Bills",
      "to_method_key": null,
      "to_method_name": null,
      "data_clump_type": "fields_to_fields_data_clump",
      "data_clump_data": {
        "_0lWXETnUEDamBqTfbPa2bA": {
          "key": "_0lWXETnUEDamBqTfbPa2bA",
          "name": "date",
          "type": null,
          "probability": 1,
          "modifiers": [
            "protected"
          ],
          "to_variable": {
            "key": "_yAEhcTnVEDamBqTfbPa2bA",
            "name": "date",
            "type": null,
            "modifiers": [
              "protected"
            ],
            "position": {}
          },
          "position": {}
        },
        "_1o8iETnUEDamBqTfbPa2bA": {
          "key": "_1o8iETnUEDamBqTfbPa2bA",
          "name": "paid",
          "type": null,
          "probability": 1,
          "modifiers": [
            "protected"
          ],
          "to_variable": {
            "key": "_0Hoq4TnVEDamBqTfbPa2bA",
            "name": "paid",
            "type": null,
            "modifiers": [
              "protected"
            ],
            "position": {}
          },
          "position": {}
        },
        "_25EGITnUEDamBqTfbPa2bA": {
          "key": "_25EGITnUEDamBqTfbPa2bA",
          "name": "service",
          "type": null,
          "probability": 1,
          "modifiers": [
            "protected"
          ],
          "to_variable": {
            "key": "_1UPn8TnVEDamBqTfbPa2bA",
            "name": "service",
            "type": null,
            "modifiers": [
              "protected"
            ],
            "position": {}
          },
          "position": {}
        },
        "_7DEocTnUEDamBqTfbPa2bA": {
          "key": "_7DEocTnUEDamBqTfbPa2bA",
          "name": "sum",
          "type": null,
          "probability": 1,
          "modifiers": [
            "protected"
          ],
          "to_variable": {
            "key": "_4ARwYDnVEDamBqTfbPa2bA",
            "name": "sum",
            "type": null,
            "modifiers": [
              "protected"
            ],
            "position": {}
          },
          "position": {}
        },
        "_8CQ0kTnUEDamBqTfbPa2bA": {
          "key": "_8CQ0kTnUEDamBqTfbPa2bA",
          "name": "vat",
          "type": null,
          "probability": 1,
          "modifiers": [
            "protected"
          ],
          "to_variable": {
            "key": "_5F-0MTnVEDamBqTfbPa2bA",
            "name": "vat",
            "type": null,
            "modifiers": [
              "protected"
            ],
            "position": {}
          },
          "position": {}
        },
        "_85VmgTnUEDamBqTfbPa2bA": {
          "key": "_85VmgTnUEDamBqTfbPa2bA",
          "name": "total",
          "type": null,
          "probability": 1,
          "modifiers": [
            "protected"
          ],
          "to_variable": {
            "key": "_5-yEcTnVEDamBqTfbPa2bA",
            "name": "total",
            "type": null,
            "modifiers": [
              "protected"
            ],
            "position": {}
          },
          "position": {}
        }
      }
    },
    "fields_to_fields_data_clump-./ContactList-_o8byUTrIEDamBqTfbPa2bA-_UC1tQDrIEDamBqTfbPa2bA-streetcitycountryinfoPhfaxemailskype": {
      "type": "data_clump",
      "key": "fields_to_fields_data_clump-./ContactList-_o8byUTrIEDamBqTfbPa2bA-_UC1tQDrIEDamBqTfbPa2bA-streetcitycountryinfoPhfaxemailskype",
      "probability": 1,
      "from_file_path": "./ContactList",
      "from_class_or_interface_name": "ContactList",
      "from_class_or_interface_key": "_o8byUTrIEDamBqTfbPa2bA",
      "from_method_name": null,
      "from_method_key": null,
      "to_file_path": "./Contacts",
      "to_class_or_interface_key": "_UC1tQDrIEDamBqTfbPa2bA",
      "to_class_or_interface_name": "ContactList",
      "to_method_key": null,
      "to_method_name": null,
      "data_clump_type": "fields_to_fields_data_clump",
      "data_clump_data": {
        "_6FlEkTrIEDamBqTfbPa2bA": {
          "key": "_6FlEkTrIEDamBqTfbPa2bA",
          "name": "street",
          "type": null,
          "probability": 1,
          "modifiers": [
            "protected"
          ],
          "to_variable": {
            "key": "_V_9hQTrIEDamBqTfbPa2bA",
            "name": "street",
            "type": null,
            "modifiers": [
              "protected"
            ],
            "position": {}
          },
          "position": {}
        },
        "_OaKYETrJEDamBqTfbPa2bA": {
          "key": "_OaKYETrJEDamBqTfbPa2bA",
          "name": "city",
          "type": null,
          "probability": 1,
          "modifiers": [
            "protected"
          ],
          "to_variable": {
            "key": "_W9xNUTrIEDamBqTfbPa2bA",
            "name": "city",
            "type": null,
            "modifiers": [
              "protected"
            ],
            "position": {}
          },
          "position": {}
        },
        "_Pd-lgTrJEDamBqTfbPa2bA": {
          "key": "_Pd-lgTrJEDamBqTfbPa2bA",
          "name": "country",
          "type": null,
          "probability": 1,
          "modifiers": [
            "protected"
          ],
          "to_variable": {
            "key": "_YNLmwTrIEDamBqTfbPa2bA",
            "name": "country",
            "type": null,
            "modifiers": [
              "protected"
            ],
            "position": {}
          },
          "position": {}
        },
        "_QmJugDrJEDamBqTfbPa2bA": {
          "key": "_QmJugDrJEDamBqTfbPa2bA",
          "name": "infoPh",
          "type": null,
          "probability": 1,
          "modifiers": [
            "protected"
          ],
          "to_variable": {
            "key": "_ZEAhETrIEDamBqTfbPa2bA",
            "name": "infoPh",
            "type": null,
            "modifiers": [
              "protected"
            ],
            "position": {}
          },
          "position": {}
        },
        "_SLfUoTrJEDamBqTfbPa2bA": {
          "key": "_SLfUoTrJEDamBqTfbPa2bA",
          "name": "fax",
          "type": null,
          "probability": 1,
          "modifiers": [
            "protected"
          ],
          "to_variable": {
            "key": "_a7cj0TrIEDamBqTfbPa2bA",
            "name": "fax",
            "type": null,
            "modifiers": [
              "protected"
            ],
            "position": {}
          },
          "position": {}
        },
        "_TGhZgTrJEDamBqTfbPa2bA": {
          "key": "_TGhZgTrJEDamBqTfbPa2bA",
          "name": "email",
          "type": null,
          "probability": 1,
          "modifiers": [
            "protected"
          ],
          "to_variable": {
            "key": "_b5zCcTrIEDamBqTfbPa2bA",
            "name": "email",
            "type": null,
            "modifiers": [
              "protected"
            ],
            "position": {}
          },
          "position": {}
        },
        "_V6RTgTrJEDamBqTfbPa2bA": {
          "key": "_V6RTgTrJEDamBqTfbPa2bA",
          "name": "skype",
          "type": null,
          "probability": 1,
          "modifiers": [
            "protected"
          ],
          "to_variable": {
            "key": "_dfa8cTrIEDamBqTfbPa2bA",
            "name": "skype",
            "type": null,
            "modifiers": [
              "protected"
            ],
            "position": {}
          },
          "position": {}
        }
      }
    },
    "fields_to_fields_data_clump-./Contacts-_UC1tQDrIEDamBqTfbPa2bA-_o8byUTrIEDamBqTfbPa2bA-streetcitycountryinfoPhfaxemailskype": {
      "type": "data_clump",
      "key": "fields_to_fields_data_clump-./Contacts-_UC1tQDrIEDamBqTfbPa2bA-_o8byUTrIEDamBqTfbPa2bA-streetcitycountryinfoPhfaxemailskype",
      "probability": 1,
      "from_file_path": "./Contacts",
      "from_class_or_interface_name": "Contacts",
      "from_class_or_interface_key": "_UC1tQDrIEDamBqTfbPa2bA",
      "from_method_name": null,
      "from_method_key": null,
      "to_file_path": "./ContactList",
      "to_class_or_interface_key": "_o8byUTrIEDamBqTfbPa2bA",
      "to_class_or_interface_name": "Contacts",
      "to_method_key": null,
      "to_method_name": null,
      "data_clump_type": "fields_to_fields_data_clump",
      "data_clump_data": {
        "_V_9hQTrIEDamBqTfbPa2bA": {
          "key": "_V_9hQTrIEDamBqTfbPa2bA",
          "name": "street",
          "type": null,
          "probability": 1,
          "modifiers": [
            "protected"
          ],
          "to_variable": {
            "key": "_6FlEkTrIEDamBqTfbPa2bA",
            "name": "street",
            "type": null,
            "modifiers": [
              "protected"
            ],
            "position": {}
          },
          "position": {}
        },
        "_W9xNUTrIEDamBqTfbPa2bA": {
          "key": "_W9xNUTrIEDamBqTfbPa2bA",
          "name": "city",
          "type": null,
          "probability": 1,
          "modifiers": [
            "protected"
          ],
          "to_variable": {
            "key": "_OaKYETrJEDamBqTfbPa2bA",
            "name": "city",
            "type": null,
            "modifiers": [
              "protected"
            ],
            "position": {}
          },
          "position": {}
        },
        "_YNLmwTrIEDamBqTfbPa2bA": {
          "key": "_YNLmwTrIEDamBqTfbPa2bA",
          "name": "country",
          "type": null,
          "probability": 1,
          "modifiers": [
            "protected"
          ],
          "to_variable": {
            "key": "_Pd-lgTrJEDamBqTfbPa2bA",
            "name": "country",
            "type": null,
            "modifiers": [
              "protected"
            ],
            "position": {}
          },
          "position": {}
        },
        "_ZEAhETrIEDamBqTfbPa2bA": {
          "key": "_ZEAhETrIEDamBqTfbPa2bA",
          "name": "infoPh",
          "type": null,
          "probability": 1,
          "modifiers": [
            "protected"
          ],
          "to_variable": {
            "key": "_QmJugDrJEDamBqTfbPa2bA",
            "name": "infoPh",
            "type": null,
            "modifiers": [
              "protected"
            ],
            "position": {}
          },
          "position": {}
        },
        "_a7cj0TrIEDamBqTfbPa2bA": {
          "key": "_a7cj0TrIEDamBqTfbPa2bA",
          "name": "fax",
          "type": null,
          "probability": 1,
          "modifiers": [
            "protected"
          ],
          "to_variable": {
            "key": "_SLfUoTrJEDamBqTfbPa2bA",
            "name": "fax",
            "type": null,
            "modifiers": [
              "protected"
            ],
            "position": {}
          },
          "position": {}
        },
        "_b5zCcTrIEDamBqTfbPa2bA": {
          "key": "_b5zCcTrIEDamBqTfbPa2bA",
          "name": "email",
          "type": null,
          "probability": 1,
          "modifiers": [
            "protected"
          ],
          "to_variable": {
            "key": "_TGhZgTrJEDamBqTfbPa2bA",
            "name": "email",
            "type": null,
            "modifiers": [
              "protected"
            ],
            "position": {}
          },
          "position": {}
        },
        "_dfa8cTrIEDamBqTfbPa2bA": {
          "key": "_dfa8cTrIEDamBqTfbPa2bA",
          "name": "skype",
          "type": null,
          "probability": 1,
          "modifiers": [
            "protected"
          ],
          "to_variable": {
            "key": "_V6RTgTrJEDamBqTfbPa2bA",
            "name": "skype",
            "type": null,
            "modifiers": [
              "protected"
            ],
            "position": {}
          },
          "position": {}
        }
      }
    },
    "fields_to_fields_data_clump-./PersonalBill-_vmgCATnVEDamBqTfbPa2bA-_8EnUMTq0EDamBqTfbPa2bA-datepaidservicestudyYearsumvattotal": {
      "type": "data_clump",
      "key": "fields_to_fields_data_clump-./PersonalBill-_vmgCATnVEDamBqTfbPa2bA-_8EnUMTq0EDamBqTfbPa2bA-datepaidservicestudyYearsumvattotal",
      "probability": 1,
      "from_file_path": "./PersonalBill",
      "from_class_or_interface_name": "PersonalBill",
      "from_class_or_interface_key": "_vmgCATnVEDamBqTfbPa2bA",
      "from_method_name": null,
      "from_method_key": null,
      "to_file_path": "./BillDetails",
      "to_class_or_interface_key": "_8EnUMTq0EDamBqTfbPa2bA",
      "to_class_or_interface_name": "PersonalBill",
      "to_method_key": null,
      "to_method_name": null,
      "data_clump_type": "fields_to_fields_data_clump",
      "data_clump_data": {
        "_yAEhcTnVEDamBqTfbPa2bA": {
          "key": "_yAEhcTnVEDamBqTfbPa2bA",
          "name": "date",
          "type": null,
          "probability": 1,
          "modifiers": [
            "protected"
          ],
          "to_variable": {
            "key": "_-7y8sDq0EDamBqTfbPa2bA",
            "name": "date",
            "type": null,
            "modifiers": [
              "protected"
            ],
            "position": {}
          },
          "position": {}
        },
        "_0Hoq4TnVEDamBqTfbPa2bA": {
          "key": "_0Hoq4TnVEDamBqTfbPa2bA",
          "name": "paid",
          "type": null,
          "probability": 1,
          "modifiers": [
            "protected"
          ],
          "to_variable": {
            "key": "_BY6fYDq1EDamBqTfbPa2bA",
            "name": "paid",
            "type": null,
            "modifiers": [
              "protected"
            ],
            "position": {}
          },
          "position": {}
        },
        "_1UPn8TnVEDamBqTfbPa2bA": {
          "key": "_1UPn8TnVEDamBqTfbPa2bA",
          "name": "service",
          "type": null,
          "probability": 1,
          "modifiers": [
            "protected"
          ],
          "to_variable": {
            "key": "_DF4-kTq1EDamBqTfbPa2bA",
            "name": "service",
            "type": null,
            "modifiers": [
              "protected"
            ],
            "position": {}
          },
          "position": {}
        },
        "_2WsjcDnVEDamBqTfbPa2bA": {
          "key": "_2WsjcDnVEDamBqTfbPa2bA",
          "name": "studyYear",
          "type": null,
          "probability": 1,
          "modifiers": [
            "protected"
          ],
          "to_variable": {
            "key": "_ESUVcTq1EDamBqTfbPa2bA",
            "name": "studyYear",
            "type": null,
            "modifiers": [
              "protected"
            ],
            "position": {}
          },
          "position": {}
        },
        "_4ARwYDnVEDamBqTfbPa2bA": {
          "key": "_4ARwYDnVEDamBqTfbPa2bA",
          "name": "sum",
          "type": null,
          "probability": 1,
          "modifiers": [
            "protected"
          ],
          "to_variable": {
            "key": "_Fp82wDq1EDamBqTfbPa2bA",
            "name": "sum",
            "type": null,
            "modifiers": [
              "protected"
            ],
            "position": {}
          },
          "position": {}
        },
        "_5F-0MTnVEDamBqTfbPa2bA": {
          "key": "_5F-0MTnVEDamBqTfbPa2bA",
          "name": "vat",
          "type": null,
          "probability": 1,
          "modifiers": [
            "protected"
          ],
          "to_variable": {
            "key": "_GxjYATq1EDamBqTfbPa2bA",
            "name": "vat",
            "type": null,
            "modifiers": [
              "protected"
            ],
            "position": {}
          },
          "position": {}
        },
        "_5-yEcTnVEDamBqTfbPa2bA": {
          "key": "_5-yEcTnVEDamBqTfbPa2bA",
          "name": "total",
          "type": null,
          "probability": 1,
          "modifiers": [
            "protected"
          ],
          "to_variable": {
            "key": "_eabt0Tq1EDamBqTfbPa2bA",
            "name": "total",
            "type": null,
            "modifiers": [
              "protected"
            ],
            "position": {}
          },
          "position": {}
        }
      }
    },
    "fields_to_fields_data_clump-./PersonalBill-_vmgCATnVEDamBqTfbPa2bA-_y9MtgDnUEDamBqTfbPa2bA-datepaidservicesumvattotal": {
      "type": "data_clump",
      "key": "fields_to_fields_data_clump-./PersonalBill-_vmgCATnVEDamBqTfbPa2bA-_y9MtgDnUEDamBqTfbPa2bA-datepaidservicesumvattotal",
      "probability": 1,
      "from_file_path": "./PersonalBill",
      "from_class_or_interface_name": "PersonalBill",
      "from_class_or_interface_key": "_vmgCATnVEDamBqTfbPa2bA",
      "from_method_name": null,
      "from_method_key": null,
      "to_file_path": "./Bills",
      "to_class_or_interface_key": "_y9MtgDnUEDamBqTfbPa2bA",
      "to_class_or_interface_name": "PersonalBill",
      "to_method_key": null,
      "to_method_name": null,
      "data_clump_type": "fields_to_fields_data_clump",
      "data_clump_data": {
        "_yAEhcTnVEDamBqTfbPa2bA": {
          "key": "_yAEhcTnVEDamBqTfbPa2bA",
          "name": "date",
          "type": null,
          "probability": 1,
          "modifiers": [
            "protected"
          ],
          "to_variable": {
            "key": "_0lWXETnUEDamBqTfbPa2bA",
            "name": "date",
            "type": null,
            "modifiers": [
              "protected"
            ],
            "position": {}
          },
          "position": {}
        },
        "_0Hoq4TnVEDamBqTfbPa2bA": {
          "key": "_0Hoq4TnVEDamBqTfbPa2bA",
          "name": "paid",
          "type": null,
          "probability": 1,
          "modifiers": [
            "protected"
          ],
          "to_variable": {
            "key": "_1o8iETnUEDamBqTfbPa2bA",
            "name": "paid",
            "type": null,
            "modifiers": [
              "protected"
            ],
            "position": {}
          },
          "position": {}
        },
        "_1UPn8TnVEDamBqTfbPa2bA": {
          "key": "_1UPn8TnVEDamBqTfbPa2bA",
          "name": "service",
          "type": null,
          "probability": 1,
          "modifiers": [
            "protected"
          ],
          "to_variable": {
            "key": "_25EGITnUEDamBqTfbPa2bA",
            "name": "service",
            "type": null,
            "modifiers": [
              "protected"
            ],
            "position": {}
          },
          "position": {}
        },
        "_4ARwYDnVEDamBqTfbPa2bA": {
          "key": "_4ARwYDnVEDamBqTfbPa2bA",
          "name": "sum",
          "type": null,
          "probability": 1,
          "modifiers": [
            "protected"
          ],
          "to_variable": {
            "key": "_7DEocTnUEDamBqTfbPa2bA",
            "name": "sum",
            "type": null,
            "modifiers": [
              "protected"
            ],
            "position": {}
          },
          "position": {}
        },
        "_5F-0MTnVEDamBqTfbPa2bA": {
          "key": "_5F-0MTnVEDamBqTfbPa2bA",
          "name": "vat",
          "type": null,
          "probability": 1,
          "modifiers": [
            "protected"
          ],
          "to_variable": {
            "key": "_8CQ0kTnUEDamBqTfbPa2bA",
            "name": "vat",
            "type": null,
            "modifiers": [
              "protected"
            ],
            "position": {}
          },
          "position": {}
        },
        "_5-yEcTnVEDamBqTfbPa2bA": {
          "key": "_5-yEcTnVEDamBqTfbPa2bA",
          "name": "total",
          "type": null,
          "probability": 1,
          "modifiers": [
            "protected"
          ],
          "to_variable": {
            "key": "_85VmgTnUEDamBqTfbPa2bA",
            "name": "total",
            "type": null,
            "modifiers": [
              "protected"
            ],
            "position": {}
          },
          "position": {}
        }
      }
    }
  }
}