{
  "report_version": "unknown",
  "report_timestamp": "2025-03-26T21:58:52.980Z",
  "target_language": "java",
  "report_summary": {
    "additional": null,
    "amount_classes_or_interfaces_with_data_clumps": 2,
    "amount_files_with_data_clumps": 2,
    "amount_methods_with_data_clumps": 0,
    "fields_to_fields_data_clump": 2,
    "parameters_to_fields_data_clump": 0,
    "parameters_to_parameters_data_clump": 0,
    "amount_data_clumps": 2
  },
  "project_info": {
    "project_url": "unknown_project_url",
    "project_name": "f5bdd765-d7c2-493d-a0d9-01b2d57644b6",
    "project_version": "unknown_project_version",
    "project_commit_hash": "unknown",
    "project_tag": null,
    "project_commit_date": null,
    "additional": {},
    "number_of_files": 19,
    "number_of_classes_or_interfaces": 19,
    "number_of_methods": 0,
    "number_of_data_fields": 108,
    "number_of_method_parameters": 0
  },
  "detector": {
    "name": "data-clumps-doctor",
    "url": "https://github.com/NilsBaumgartner1994/data-clumps-doctor",
    "version": "0.1.100",
    "options": {
      "typeVariablesConsidered": false,
      "similarityModifierOfVariablesWithUnknownType": 0,
      "fieldsOfClassesWithUnknownHierarchyProbabilityModifier": 0,
      "sharedFieldsToFieldsAmountMinimum": 3,
      "analyseFieldsInClassesOrInterfacesInheritedFromSuperClassesOrInterfaces": false,
      "sharedParametersToParametersAmountMinimum": 3,
      "sharedParametersToFieldsAmountMinimum": 3,
      "methodsOfClassesOrInterfacesWithUnknownHierarchyProbabilityModifier": 0
    }
  },
  "data_clumps": {
    "fields_to_fields_data_clump-./Cours-_iiwegFH1EDaO364euD_KZA-_rDEMUVHtEDaO364euD_KZA-pathcourtypecourdatecour": {
      "type": "data_clump",
      "key": "fields_to_fields_data_clump-./Cours-_iiwegFH1EDaO364euD_KZA-_rDEMUVHtEDaO364euD_KZA-pathcourtypecourdatecour",
      "probability": 1,
      "from_file_path": "./Cours",
      "from_class_or_interface_name": "Cours",
      "from_class_or_interface_key": "_iiwegFH1EDaO364euD_KZA",
      "from_method_name": null,
      "from_method_key": null,
      "to_file_path": "./CoursOuvert",
      "to_class_or_interface_key": "_rDEMUVHtEDaO364euD_KZA",
      "to_class_or_interface_name": "Cours",
      "to_method_key": null,
      "to_method_name": null,
      "data_clump_type": "fields_to_fields_data_clump",
      "data_clump_data": {
        "_6qn2YFH1EDaO364euD_KZA": {
          "key": "_6qn2YFH1EDaO364euD_KZA",
          "name": "pathcour",
          "type": null,
          "probability": 1,
          "modifiers": [
            "public"
          ],
          "to_variable": {
            "key": "_craU0VHuEDaO364euD_KZA",
            "name": "pathcour",
            "type": null,
            "modifiers": [
              "public"
            ],
            "position": {}
          },
          "position": {}
        },
        "_9AwnUFH1EDaO364euD_KZA": {
          "key": "_9AwnUFH1EDaO364euD_KZA",
          "name": "typecour",
          "type": null,
          "probability": 1,
          "modifiers": [
            "public"
          ],
          "to_variable": {
            "key": "_XeKz4VHuEDaO364euD_KZA",
            "name": "typecour",
            "type": null,
            "modifiers": [
              "public"
            ],
            "position": {}
          },
          "position": {}
        },
        "_A-jSkFH2EDaO364euD_KZA": {
          "key": "_A-jSkFH2EDaO364euD_KZA",
          "name": "datecour",
          "type": null,
          "probability": 1,
          "modifiers": [
            "public"
          ],
          "to_variable": {
            "key": "_bf0EYFHuEDaO364euD_KZA",
            "name": "datecour",
            "type": null,
            "modifiers": [
              "public"
            ],
            "position": {}
          },
          "position": {}
        }
      }
    },
    "fields_to_fields_data_clump-./CoursOuvert-_rDEMUVHtEDaO364euD_KZA-_iiwegFH1EDaO364euD_KZA-typecourpathcourdatecour": {
      "type": "data_clump",
      "key": "fields_to_fields_data_clump-./CoursOuvert-_rDEMUVHtEDaO364euD_KZA-_iiwegFH1EDaO364euD_KZA-typecourpathcourdatecour",
      "probability": 1,
      "from_file_path": "./CoursOuvert",
      "from_class_or_interface_name": "CoursOuvert",
      "from_class_or_interface_key": "_rDEMUVHtEDaO364euD_KZA",
      "from_method_name": null,
      "from_method_key": null,
      "to_file_path": "./Cours",
      "to_class_or_interface_key": "_iiwegFH1EDaO364euD_KZA",
      "to_class_or_interface_name": "CoursOuvert",
      "to_method_key": null,
      "to_method_name": null,
      "data_clump_type": "fields_to_fields_data_clump",
      "data_clump_data": {
        "_XeKz4VHuEDaO364euD_KZA": {
          "key": "_XeKz4VHuEDaO364euD_KZA",
          "name": "typecour",
          "type": null,
          "probability": 1,
          "modifiers": [
            "public"
          ],
          "to_variable": {
            "key": "_9AwnUFH1EDaO364euD_KZA",
            "name": "typecour",
            "type": null,
            "modifiers": [
              "public"
            ],
            "position": {}
          },
          "position": {}
        },
        "_craU0VHuEDaO364euD_KZA": {
          "key": "_craU0VHuEDaO364euD_KZA",
          "name": "pathcour",
          "type": null,
          "probability": 1,
          "modifiers": [
            "public"
          ],
          "to_variable": {
            "key": "_6qn2YFH1EDaO364euD_KZA",
            "name": "pathcour",
            "type": null,
            "modifiers": [
              "public"
            ],
            "position": {}
          },
          "position": {}
        },
        "_bf0EYFHuEDaO364euD_KZA": {
          "key": "_bf0EYFHuEDaO364euD_KZA",
          "name": "datecour",
          "type": null,
          "probability": 1,
          "modifiers": [
            "public"
          ],
          "to_variable": {
            "key": "_A-jSkFH2EDaO364euD_KZA",
            "name": "datecour",
            "type": null,
            "modifiers": [
              "public"
            ],
            "position": {}
          },
          "position": {}
        }
      }
    }
  }
}