{
  "report_version": "unknown",
  "report_timestamp": "2025-03-26T22:56:23.821Z",
  "target_language": "java",
  "report_summary": {
    "additional": null,
    "amount_classes_or_interfaces_with_data_clumps": 2,
    "amount_files_with_data_clumps": 2,
    "amount_methods_with_data_clumps": 0,
    "fields_to_fields_data_clump": 2,
    "parameters_to_fields_data_clump": 0,
    "parameters_to_parameters_data_clump": 0,
    "amount_data_clumps": 2
  },
  "project_info": {
    "project_url": "unknown_project_url",
    "project_name": "_8tmoEAJyEeu_35Z1GKTxtw",
    "project_version": "unknown_project_version",
    "project_commit_hash": "unknown",
    "project_tag": null,
    "project_commit_date": null,
    "additional": {},
    "number_of_files": 14,
    "number_of_classes_or_interfaces": 14,
    "number_of_methods": 0,
    "number_of_data_fields": 23,
    "number_of_method_parameters": 0
  },
  "detector": {
    "name": "data-clumps-doctor",
    "url": "https://github.com/NilsBaumgartner1994/data-clumps-doctor",
    "version": "0.1.100",
    "options": {
      "typeVariablesConsidered": false,
      "similarityModifierOfVariablesWithUnknownType": 0,
      "fieldsOfClassesWithUnknownHierarchyProbabilityModifier": 0,
      "sharedFieldsToFieldsAmountMinimum": 3,
      "analyseFieldsInClassesOrInterfacesInheritedFromSuperClassesOrInterfaces": false,
      "sharedParametersToParametersAmountMinimum": 3,
      "sharedParametersToFieldsAmountMinimum": 3,
      "methodsOfClassesOrInterfacesWithUnknownHierarchyProbabilityModifier": 0
    }
  },
  "data_clumps": {
    "fields_to_fields_data_clump-./Cliente-_AnJZQOSiEDi-aqWPe-NEZA-__rwIAOShEDi-aqWPe-NEZA-nombrecorreocontraseña": {
      "type": "data_clump",
      "key": "fields_to_fields_data_clump-./Cliente-_AnJZQOSiEDi-aqWPe-NEZA-__rwIAOShEDi-aqWPe-NEZA-nombrecorreocontraseña",
      "probability": 1,
      "from_file_path": "./Cliente",
      "from_class_or_interface_name": "Cliente",
      "from_class_or_interface_key": "_AnJZQOSiEDi-aqWPe-NEZA",
      "from_method_name": null,
      "from_method_key": null,
      "to_file_path": "./Diseñador",
      "to_class_or_interface_key": "__rwIAOShEDi-aqWPe-NEZA",
      "to_class_or_interface_name": "Cliente",
      "to_method_key": null,
      "to_method_name": null,
      "data_clump_type": "fields_to_fields_data_clump",
      "data_clump_data": {
        "_wH7i4OSjEDi-aqWPe-NEZA": {
          "key": "_wH7i4OSjEDi-aqWPe-NEZA",
          "name": "nombre",
          "type": null,
          "probability": 1,
          "modifiers": [
            "private"
          ],
          "to_variable": {
            "key": "_5CQPAOSiEDi-aqWPe-NEZA",
            "name": "nombre",
            "type": null,
            "modifiers": [
              "private"
            ],
            "position": {}
          },
          "position": {}
        },
        "_wdY1gOSjEDi-aqWPe-NEZA": {
          "key": "_wdY1gOSjEDi-aqWPe-NEZA",
          "name": "correo",
          "type": null,
          "probability": 1,
          "modifiers": [
            "private"
          ],
          "to_variable": {
            "key": "_5PwfgOSiEDi-aqWPe-NEZA",
            "name": "correo",
            "type": null,
            "modifiers": [
              "private"
            ],
            "position": {}
          },
          "position": {}
        },
        "_y_lsgOSjEDi-aqWPe-NEZA": {
          "key": "_y_lsgOSjEDi-aqWPe-NEZA",
          "name": "contraseña",
          "type": null,
          "probability": 1,
          "modifiers": [
            "private"
          ],
          "to_variable": {
            "key": "_00bHMOSjEDi-aqWPe-NEZA",
            "name": "contraseña",
            "type": null,
            "modifiers": [
              "private"
            ],
            "position": {}
          },
          "position": {}
        }
      }
    },
    "fields_to_fields_data_clump-./Diseñador-__rwIAOShEDi-aqWPe-NEZA-_AnJZQOSiEDi-aqWPe-NEZA-nombrecorreocontraseña": {
      "type": "data_clump",
      "key": "fields_to_fields_data_clump-./Diseñador-__rwIAOShEDi-aqWPe-NEZA-_AnJZQOSiEDi-aqWPe-NEZA-nombrecorreocontraseña",
      "probability": 1,
      "from_file_path": "./Diseñador",
      "from_class_or_interface_name": "Diseñador",
      "from_class_or_interface_key": "__rwIAOShEDi-aqWPe-NEZA",
      "from_method_name": null,
      "from_method_key": null,
      "to_file_path": "./Cliente",
      "to_class_or_interface_key": "_AnJZQOSiEDi-aqWPe-NEZA",
      "to_class_or_interface_name": "Diseñador",
      "to_method_key": null,
      "to_method_name": null,
      "data_clump_type": "fields_to_fields_data_clump",
      "data_clump_data": {
        "_5CQPAOSiEDi-aqWPe-NEZA": {
          "key": "_5CQPAOSiEDi-aqWPe-NEZA",
          "name": "nombre",
          "type": null,
          "probability": 1,
          "modifiers": [
            "private"
          ],
          "to_variable": {
            "key": "_wH7i4OSjEDi-aqWPe-NEZA",
            "name": "nombre",
            "type": null,
            "modifiers": [
              "private"
            ],
            "position": {}
          },
          "position": {}
        },
        "_5PwfgOSiEDi-aqWPe-NEZA": {
          "key": "_5PwfgOSiEDi-aqWPe-NEZA",
          "name": "correo",
          "type": null,
          "probability": 1,
          "modifiers": [
            "private"
          ],
          "to_variable": {
            "key": "_wdY1gOSjEDi-aqWPe-NEZA",
            "name": "correo",
            "type": null,
            "modifiers": [
              "private"
            ],
            "position": {}
          },
          "position": {}
        },
        "_00bHMOSjEDi-aqWPe-NEZA": {
          "key": "_00bHMOSjEDi-aqWPe-NEZA",
          "name": "contraseña",
          "type": null,
          "probability": 1,
          "modifiers": [
            "private"
          ],
          "to_variable": {
            "key": "_y_lsgOSjEDi-aqWPe-NEZA",
            "name": "contraseña",
            "type": null,
            "modifiers": [
              "private"
            ],
            "position": {}
          },
          "position": {}
        }
      }
    }
  }
}