{
  "report_version": "unknown",
  "report_timestamp": "2025-03-26T21:43:16.808Z",
  "target_language": "java",
  "report_summary": {
    "additional": null,
    "amount_classes_or_interfaces_with_data_clumps": 2,
    "amount_files_with_data_clumps": 2,
    "amount_methods_with_data_clumps": 0,
    "fields_to_fields_data_clump": 2,
    "parameters_to_fields_data_clump": 0,
    "parameters_to_parameters_data_clump": 0,
    "amount_data_clumps": 2
  },
  "project_info": {
    "project_url": "unknown_project_url",
    "project_name": "_aM6aQCaxEey-A40W5C_9dw",
    "project_version": "unknown_project_version",
    "project_commit_hash": "unknown",
    "project_tag": null,
    "project_commit_date": null,
    "additional": {},
    "number_of_files": 5,
    "number_of_classes_or_interfaces": 5,
    "number_of_methods": 14,
    "number_of_data_fields": 15,
    "number_of_method_parameters": 0
  },
  "detector": {
    "name": "data-clumps-doctor",
    "url": "https://github.com/NilsBaumgartner1994/data-clumps-doctor",
    "version": "0.1.100",
    "options": {
      "typeVariablesConsidered": false,
      "similarityModifierOfVariablesWithUnknownType": 0,
      "fieldsOfClassesWithUnknownHierarchyProbabilityModifier": 0,
      "sharedFieldsToFieldsAmountMinimum": 3,
      "analyseFieldsInClassesOrInterfacesInheritedFromSuperClassesOrInterfaces": false,
      "sharedParametersToParametersAmountMinimum": 3,
      "sharedParametersToFieldsAmountMinimum": 3,
      "methodsOfClassesOrInterfacesWithUnknownHierarchyProbabilityModifier": 0
    }
  },
  "data_clumps": {
    "fields_to_fields_data_clump-./Anemometer-_kd-4wAjhEDqWc92EtfglmA-_zOb1UAjhEDqWc92EtfglmA-an_identwindSpeedwindDirection": {
      "type": "data_clump",
      "key": "fields_to_fields_data_clump-./Anemometer-_kd-4wAjhEDqWc92EtfglmA-_zOb1UAjhEDqWc92EtfglmA-an_identwindSpeedwindDirection",
      "probability": 1,
      "from_file_path": "./Anemometer",
      "from_class_or_interface_name": "Anemometer",
      "from_class_or_interface_key": "_kd-4wAjhEDqWc92EtfglmA",
      "from_method_name": null,
      "from_method_key": null,
      "to_file_path": "./Barometer",
      "to_class_or_interface_key": "_zOb1UAjhEDqWc92EtfglmA",
      "to_class_or_interface_name": "Anemometer",
      "to_method_key": null,
      "to_method_name": null,
      "data_clump_type": "fields_to_fields_data_clump",
      "data_clump_data": {
        "_negqgQjhEDqWc92EtfglmA": {
          "key": "_negqgQjhEDqWc92EtfglmA",
          "name": "an_ident",
          "type": null,
          "probability": 1,
          "modifiers": [],
          "to_variable": {
            "key": "_1C-VEAjhEDqWc92EtfglmA",
            "name": "an_ident",
            "type": null,
            "modifiers": [],
            "position": {}
          },
          "position": {}
        },
        "_oEGq4QjhEDqWc92EtfglmA": {
          "key": "_oEGq4QjhEDqWc92EtfglmA",
          "name": "windSpeed",
          "type": null,
          "probability": 1,
          "modifiers": [],
          "to_variable": {
            "key": "_1Rq4YQjhEDqWc92EtfglmA",
            "name": "windSpeed",
            "type": null,
            "modifiers": [],
            "position": {}
          },
          "position": {}
        },
        "_onH4YQjhEDqWc92EtfglmA": {
          "key": "_onH4YQjhEDqWc92EtfglmA",
          "name": "windDirection",
          "type": null,
          "probability": 1,
          "modifiers": [],
          "to_variable": {
            "key": "_2017UQjhEDqWc92EtfglmA",
            "name": "windDirection",
            "type": null,
            "modifiers": [],
            "position": {}
          },
          "position": {}
        }
      }
    },
    "fields_to_fields_data_clump-./Barometer-_zOb1UAjhEDqWc92EtfglmA-_kd-4wAjhEDqWc92EtfglmA-an_identwindSpeedwindDirection": {
      "type": "data_clump",
      "key": "fields_to_fields_data_clump-./Barometer-_zOb1UAjhEDqWc92EtfglmA-_kd-4wAjhEDqWc92EtfglmA-an_identwindSpeedwindDirection",
      "probability": 1,
      "from_file_path": "./Barometer",
      "from_class_or_interface_name": "Barometer",
      "from_class_or_interface_key": "_zOb1UAjhEDqWc92EtfglmA",
      "from_method_name": null,
      "from_method_key": null,
      "to_file_path": "./Anemometer",
      "to_class_or_interface_key": "_kd-4wAjhEDqWc92EtfglmA",
      "to_class_or_interface_name": "Barometer",
      "to_method_key": null,
      "to_method_name": null,
      "data_clump_type": "fields_to_fields_data_clump",
      "data_clump_data": {
        "_1C-VEAjhEDqWc92EtfglmA": {
          "key": "_1C-VEAjhEDqWc92EtfglmA",
          "name": "an_ident",
          "type": null,
          "probability": 1,
          "modifiers": [],
          "to_variable": {
            "key": "_negqgQjhEDqWc92EtfglmA",
            "name": "an_ident",
            "type": null,
            "modifiers": [],
            "position": {}
          },
          "position": {}
        },
        "_1Rq4YQjhEDqWc92EtfglmA": {
          "key": "_1Rq4YQjhEDqWc92EtfglmA",
          "name": "windSpeed",
          "type": null,
          "probability": 1,
          "modifiers": [],
          "to_variable": {
            "key": "_oEGq4QjhEDqWc92EtfglmA",
            "name": "windSpeed",
            "type": null,
            "modifiers": [],
            "position": {}
          },
          "position": {}
        },
        "_2017UQjhEDqWc92EtfglmA": {
          "key": "_2017UQjhEDqWc92EtfglmA",
          "name": "windDirection",
          "type": null,
          "probability": 1,
          "modifiers": [],
          "to_variable": {
            "key": "_onH4YQjhEDqWc92EtfglmA",
            "name": "windDirection",
            "type": null,
            "modifiers": [],
            "position": {}
          },
          "position": {}
        }
      }
    }
  }
}