{
  "report_version": "unknown",
  "report_timestamp": "2025-03-26T23:00:22.059Z",
  "target_language": "java",
  "report_summary": {
    "additional": null,
    "amount_classes_or_interfaces_with_data_clumps": 2,
    "amount_files_with_data_clumps": 2,
    "amount_methods_with_data_clumps": 0,
    "fields_to_fields_data_clump": 2,
    "parameters_to_fields_data_clump": 0,
    "parameters_to_parameters_data_clump": 0,
    "amount_data_clumps": 2
  },
  "project_info": {
    "project_url": "unknown_project_url",
    "project_name": "_bGV7wIGjEeSTZuCgwhAh2A",
    "project_version": "unknown_project_version",
    "project_commit_hash": "unknown",
    "project_tag": null,
    "project_commit_date": null,
    "additional": {},
    "number_of_files": 7,
    "number_of_classes_or_interfaces": 7,
    "number_of_methods": 4,
    "number_of_data_fields": 20,
    "number_of_method_parameters": 6
  },
  "detector": {
    "name": "data-clumps-doctor",
    "url": "https://github.com/NilsBaumgartner1994/data-clumps-doctor",
    "version": "0.1.100",
    "options": {
      "typeVariablesConsidered": false,
      "similarityModifierOfVariablesWithUnknownType": 0,
      "fieldsOfClassesWithUnknownHierarchyProbabilityModifier": 0,
      "sharedFieldsToFieldsAmountMinimum": 3,
      "analyseFieldsInClassesOrInterfacesInheritedFromSuperClassesOrInterfaces": false,
      "sharedParametersToParametersAmountMinimum": 3,
      "sharedParametersToFieldsAmountMinimum": 3,
      "methodsOfClassesOrInterfacesWithUnknownHierarchyProbabilityModifier": 0
    }
  },
  "data_clumps": {
    "fields_to_fields_data_clump-./Business-_jEGlwGPREDK1DcOyIdSbgQ-_lOG_MGPREDK1DcOyIdSbgQ-idnamedescription": {
      "type": "data_clump",
      "key": "fields_to_fields_data_clump-./Business-_jEGlwGPREDK1DcOyIdSbgQ-_lOG_MGPREDK1DcOyIdSbgQ-idnamedescription",
      "probability": 1,
      "from_file_path": "./Business",
      "from_class_or_interface_name": "Business",
      "from_class_or_interface_key": "_jEGlwGPREDK1DcOyIdSbgQ",
      "from_method_name": null,
      "from_method_key": null,
      "to_file_path": "./Service",
      "to_class_or_interface_key": "_lOG_MGPREDK1DcOyIdSbgQ",
      "to_class_or_interface_name": "Business",
      "to_method_key": null,
      "to_method_name": null,
      "data_clump_type": "fields_to_fields_data_clump",
      "data_clump_data": {
        "_aFxmkGPWEDK1DcOyIdSbgQ": {
          "key": "_aFxmkGPWEDK1DcOyIdSbgQ",
          "name": "id",
          "type": null,
          "probability": 1,
          "modifiers": [
            "private"
          ],
          "to_variable": {
            "key": "_0Yae0GPUEDK1DcOyIdSbgQ",
            "name": "id",
            "type": null,
            "modifiers": [
              "private"
            ],
            "position": {}
          },
          "position": {}
        },
        "_dzcLIGPWEDK1DcOyIdSbgQ": {
          "key": "_dzcLIGPWEDK1DcOyIdSbgQ",
          "name": "name",
          "type": null,
          "probability": 1,
          "modifiers": [
            "private"
          ],
          "to_variable": {
            "key": "_H40OQGPTEDK1DcOyIdSbgQ",
            "name": "name",
            "type": null,
            "modifiers": [
              "private"
            ],
            "position": {}
          },
          "position": {}
        },
        "_iv2awGPWEDK1DcOyIdSbgQ": {
          "key": "_iv2awGPWEDK1DcOyIdSbgQ",
          "name": "description",
          "type": null,
          "probability": 1,
          "modifiers": [
            "private"
          ],
          "to_variable": {
            "key": "_loLIMGPVEDK1DcOyIdSbgQ",
            "name": "description",
            "type": null,
            "modifiers": [
              "private"
            ],
            "position": {}
          },
          "position": {}
        }
      }
    },
    "fields_to_fields_data_clump-./Service-_lOG_MGPREDK1DcOyIdSbgQ-_jEGlwGPREDK1DcOyIdSbgQ-idnamedescription": {
      "type": "data_clump",
      "key": "fields_to_fields_data_clump-./Service-_lOG_MGPREDK1DcOyIdSbgQ-_jEGlwGPREDK1DcOyIdSbgQ-idnamedescription",
      "probability": 1,
      "from_file_path": "./Service",
      "from_class_or_interface_name": "Service",
      "from_class_or_interface_key": "_lOG_MGPREDK1DcOyIdSbgQ",
      "from_method_name": null,
      "from_method_key": null,
      "to_file_path": "./Business",
      "to_class_or_interface_key": "_jEGlwGPREDK1DcOyIdSbgQ",
      "to_class_or_interface_name": "Service",
      "to_method_key": null,
      "to_method_name": null,
      "data_clump_type": "fields_to_fields_data_clump",
      "data_clump_data": {
        "_0Yae0GPUEDK1DcOyIdSbgQ": {
          "key": "_0Yae0GPUEDK1DcOyIdSbgQ",
          "name": "id",
          "type": null,
          "probability": 1,
          "modifiers": [
            "private"
          ],
          "to_variable": {
            "key": "_aFxmkGPWEDK1DcOyIdSbgQ",
            "name": "id",
            "type": null,
            "modifiers": [
              "private"
            ],
            "position": {}
          },
          "position": {}
        },
        "_H40OQGPTEDK1DcOyIdSbgQ": {
          "key": "_H40OQGPTEDK1DcOyIdSbgQ",
          "name": "name",
          "type": null,
          "probability": 1,
          "modifiers": [
            "private"
          ],
          "to_variable": {
            "key": "_dzcLIGPWEDK1DcOyIdSbgQ",
            "name": "name",
            "type": null,
            "modifiers": [
              "private"
            ],
            "position": {}
          },
          "position": {}
        },
        "_loLIMGPVEDK1DcOyIdSbgQ": {
          "key": "_loLIMGPVEDK1DcOyIdSbgQ",
          "name": "description",
          "type": null,
          "probability": 1,
          "modifiers": [
            "private"
          ],
          "to_variable": {
            "key": "_iv2awGPWEDK1DcOyIdSbgQ",
            "name": "description",
            "type": null,
            "modifiers": [
              "private"
            ],
            "position": {}
          },
          "position": {}
        }
      }
    }
  }
}