{
  "report_version": "unknown",
  "report_timestamp": "2025-03-26T22:33:07.488Z",
  "target_language": "java",
  "report_summary": {
    "additional": null,
    "amount_classes_or_interfaces_with_data_clumps": 1,
    "amount_files_with_data_clumps": 1,
    "amount_methods_with_data_clumps": 3,
    "fields_to_fields_data_clump": 0,
    "parameters_to_fields_data_clump": 0,
    "parameters_to_parameters_data_clump": 6,
    "amount_data_clumps": 6
  },
  "project_info": {
    "project_url": "unknown_project_url",
    "project_name": "_duipILfMEee7sYPkE4-GPA",
    "project_version": "unknown_project_version",
    "project_commit_hash": "unknown",
    "project_tag": null,
    "project_commit_date": null,
    "additional": {},
    "number_of_files": 13,
    "number_of_classes_or_interfaces": 13,
    "number_of_methods": 8,
    "number_of_data_fields": 27,
    "number_of_method_parameters": 13
  },
  "detector": {
    "name": "data-clumps-doctor",
    "url": "https://github.com/NilsBaumgartner1994/data-clumps-doctor",
    "version": "0.1.100",
    "options": {
      "typeVariablesConsidered": false,
      "similarityModifierOfVariablesWithUnknownType": 0,
      "fieldsOfClassesWithUnknownHierarchyProbabilityModifier": 0,
      "sharedFieldsToFieldsAmountMinimum": 3,
      "analyseFieldsInClassesOrInterfacesInheritedFromSuperClassesOrInterfaces": false,
      "sharedParametersToParametersAmountMinimum": 3,
      "sharedParametersToFieldsAmountMinimum": 3,
      "methodsOfClassesOrInterfacesWithUnknownHierarchyProbabilityModifier": 0
    }
  },
  "data_clumps": {
    "parameters_to_parameters_data_clump-./VOViaje-_ZKq9kJoFEDWJnMIBQ40AHQ-_aWpBcJoFEDWJnMIBQ40AHQ-parameterparameter2parameter3parameter4": {
      "type": "data_clump",
      "key": "parameters_to_parameters_data_clump-./VOViaje-_ZKq9kJoFEDWJnMIBQ40AHQ-_aWpBcJoFEDWJnMIBQ40AHQ-parameterparameter2parameter3parameter4",
      "probability": 1,
      "from_file_path": "./VOViaje",
      "from_class_or_interface_name": "VOViaje",
      "from_class_or_interface_key": "_ld6GQJoEEDWJnMIBQ40AHQ",
      "from_method_name": "horaCercaUnaParada21",
      "from_method_key": "_ZKq9kJoFEDWJnMIBQ40AHQ",
      "to_file_path": "./VOViaje",
      "to_class_or_interface_name": "VOViaje",
      "to_class_or_interface_key": "_ld6GQJoEEDWJnMIBQ40AHQ",
      "to_method_name": "horaCercaUnaParada22",
      "to_method_key": "_aWpBcJoFEDWJnMIBQ40AHQ",
      "data_clump_type": "parameters_to_parameters_data_clump",
      "data_clump_data": {
        "_z0Ly0JoFEDWJnMIBQ40AHQ": {
          "key": "_z0Ly0JoFEDWJnMIBQ40AHQ",
          "name": "parameter",
          "type": null,
          "probability": 1,
          "modifiers": [],
          "to_variable": {
            "key": "_3LyAwJoFEDWJnMIBQ40AHQ",
            "name": "parameter",
            "type": null,
            "modifiers": [],
            "position": {}
          },
          "position": {}
        },
        "_0sCA0JoFEDWJnMIBQ40AHQ": {
          "key": "_0sCA0JoFEDWJnMIBQ40AHQ",
          "name": "parameter2",
          "type": null,
          "probability": 1,
          "modifiers": [],
          "to_variable": {
            "key": "_3sN0UJoFEDWJnMIBQ40AHQ",
            "name": "parameter2",
            "type": null,
            "modifiers": [],
            "position": {}
          },
          "position": {}
        },
        "_1VBTcJoFEDWJnMIBQ40AHQ": {
          "key": "_1VBTcJoFEDWJnMIBQ40AHQ",
          "name": "parameter3",
          "type": null,
          "probability": 1,
          "modifiers": [],
          "to_variable": {
            "key": "_4J7rEJoFEDWJnMIBQ40AHQ",
            "name": "parameter3",
            "type": null,
            "modifiers": [],
            "position": {}
          },
          "position": {}
        },
        "_2NfMgJoFEDWJnMIBQ40AHQ": {
          "key": "_2NfMgJoFEDWJnMIBQ40AHQ",
          "name": "parameter4",
          "type": null,
          "probability": 1,
          "modifiers": [],
          "to_variable": {
            "key": "_4t0bQJoFEDWJnMIBQ40AHQ",
            "name": "parameter4",
            "type": null,
            "modifiers": [],
            "position": {}
          },
          "position": {}
        }
      }
    },
    "parameters_to_parameters_data_clump-./VOViaje-_ZKq9kJoFEDWJnMIBQ40AHQ-_dyTQAZoFEDWJnMIBQ40AHQ-parameterparameter2parameter3parameter4": {
      "type": "data_clump",
      "key": "parameters_to_parameters_data_clump-./VOViaje-_ZKq9kJoFEDWJnMIBQ40AHQ-_dyTQAZoFEDWJnMIBQ40AHQ-parameterparameter2parameter3parameter4",
      "probability": 1,
      "from_file_path": "./VOViaje",
      "from_class_or_interface_name": "VOViaje",
      "from_class_or_interface_key": "_ld6GQJoEEDWJnMIBQ40AHQ",
      "from_method_name": "horaCercaUnaParada21",
      "from_method_key": "_ZKq9kJoFEDWJnMIBQ40AHQ",
      "to_file_path": "./VOViaje",
      "to_class_or_interface_name": "VOViaje",
      "to_class_or_interface_key": "_ld6GQJoEEDWJnMIBQ40AHQ",
      "to_method_name": "recorrerPosHastaCercaParada",
      "to_method_key": "_dyTQAZoFEDWJnMIBQ40AHQ",
      "data_clump_type": "parameters_to_parameters_data_clump",
      "data_clump_data": {
        "_z0Ly0JoFEDWJnMIBQ40AHQ": {
          "key": "_z0Ly0JoFEDWJnMIBQ40AHQ",
          "name": "parameter",
          "type": null,
          "probability": 1,
          "modifiers": [],
          "to_variable": {
            "key": "_73Y0QJoFEDWJnMIBQ40AHQ",
            "name": "parameter",
            "type": null,
            "modifiers": [],
            "position": {}
          },
          "position": {}
        },
        "_0sCA0JoFEDWJnMIBQ40AHQ": {
          "key": "_0sCA0JoFEDWJnMIBQ40AHQ",
          "name": "parameter2",
          "type": null,
          "probability": 1,
          "modifiers": [],
          "to_variable": {
            "key": "__SXtYJoFEDWJnMIBQ40AHQ",
            "name": "parameter2",
            "type": null,
            "modifiers": [],
            "position": {}
          },
          "position": {}
        },
        "_1VBTcJoFEDWJnMIBQ40AHQ": {
          "key": "_1VBTcJoFEDWJnMIBQ40AHQ",
          "name": "parameter3",
          "type": null,
          "probability": 1,
          "modifiers": [],
          "to_variable": {
            "key": "_Awt6sJoGEDWJnMIBQ40AHQ",
            "name": "parameter3",
            "type": null,
            "modifiers": [],
            "position": {}
          },
          "position": {}
        },
        "_2NfMgJoFEDWJnMIBQ40AHQ": {
          "key": "_2NfMgJoFEDWJnMIBQ40AHQ",
          "name": "parameter4",
          "type": null,
          "probability": 1,
          "modifiers": [],
          "to_variable": {
            "key": "_BSMQEJoGEDWJnMIBQ40AHQ",
            "name": "parameter4",
            "type": null,
            "modifiers": [],
            "position": {}
          },
          "position": {}
        }
      }
    },
    "parameters_to_parameters_data_clump-./VOViaje-_aWpBcJoFEDWJnMIBQ40AHQ-_ZKq9kJoFEDWJnMIBQ40AHQ-parameterparameter2parameter3parameter4": {
      "type": "data_clump",
      "key": "parameters_to_parameters_data_clump-./VOViaje-_aWpBcJoFEDWJnMIBQ40AHQ-_ZKq9kJoFEDWJnMIBQ40AHQ-parameterparameter2parameter3parameter4",
      "probability": 1,
      "from_file_path": "./VOViaje",
      "from_class_or_interface_name": "VOViaje",
      "from_class_or_interface_key": "_ld6GQJoEEDWJnMIBQ40AHQ",
      "from_method_name": "horaCercaUnaParada22",
      "from_method_key": "_aWpBcJoFEDWJnMIBQ40AHQ",
      "to_file_path": "./VOViaje",
      "to_class_or_interface_name": "VOViaje",
      "to_class_or_interface_key": "_ld6GQJoEEDWJnMIBQ40AHQ",
      "to_method_name": "horaCercaUnaParada21",
      "to_method_key": "_ZKq9kJoFEDWJnMIBQ40AHQ",
      "data_clump_type": "parameters_to_parameters_data_clump",
      "data_clump_data": {
        "_3LyAwJoFEDWJnMIBQ40AHQ": {
          "key": "_3LyAwJoFEDWJnMIBQ40AHQ",
          "name": "parameter",
          "type": null,
          "probability": 1,
          "modifiers": [],
          "to_variable": {
            "key": "_z0Ly0JoFEDWJnMIBQ40AHQ",
            "name": "parameter",
            "type": null,
            "modifiers": [],
            "position": {}
          },
          "position": {}
        },
        "_3sN0UJoFEDWJnMIBQ40AHQ": {
          "key": "_3sN0UJoFEDWJnMIBQ40AHQ",
          "name": "parameter2",
          "type": null,
          "probability": 1,
          "modifiers": [],
          "to_variable": {
            "key": "_0sCA0JoFEDWJnMIBQ40AHQ",
            "name": "parameter2",
            "type": null,
            "modifiers": [],
            "position": {}
          },
          "position": {}
        },
        "_4J7rEJoFEDWJnMIBQ40AHQ": {
          "key": "_4J7rEJoFEDWJnMIBQ40AHQ",
          "name": "parameter3",
          "type": null,
          "probability": 1,
          "modifiers": [],
          "to_variable": {
            "key": "_1VBTcJoFEDWJnMIBQ40AHQ",
            "name": "parameter3",
            "type": null,
            "modifiers": [],
            "position": {}
          },
          "position": {}
        },
        "_4t0bQJoFEDWJnMIBQ40AHQ": {
          "key": "_4t0bQJoFEDWJnMIBQ40AHQ",
          "name": "parameter4",
          "type": null,
          "probability": 1,
          "modifiers": [],
          "to_variable": {
            "key": "_2NfMgJoFEDWJnMIBQ40AHQ",
            "name": "parameter4",
            "type": null,
            "modifiers": [],
            "position": {}
          },
          "position": {}
        }
      }
    },
    "parameters_to_parameters_data_clump-./VOViaje-_aWpBcJoFEDWJnMIBQ40AHQ-_dyTQAZoFEDWJnMIBQ40AHQ-parameterparameter2parameter3parameter4": {
      "type": "data_clump",
      "key": "parameters_to_parameters_data_clump-./VOViaje-_aWpBcJoFEDWJnMIBQ40AHQ-_dyTQAZoFEDWJnMIBQ40AHQ-parameterparameter2parameter3parameter4",
      "probability": 1,
      "from_file_path": "./VOViaje",
      "from_class_or_interface_name": "VOViaje",
      "from_class_or_interface_key": "_ld6GQJoEEDWJnMIBQ40AHQ",
      "from_method_name": "horaCercaUnaParada22",
      "from_method_key": "_aWpBcJoFEDWJnMIBQ40AHQ",
      "to_file_path": "./VOViaje",
      "to_class_or_interface_name": "VOViaje",
      "to_class_or_interface_key": "_ld6GQJoEEDWJnMIBQ40AHQ",
      "to_method_name": "recorrerPosHastaCercaParada",
      "to_method_key": "_dyTQAZoFEDWJnMIBQ40AHQ",
      "data_clump_type": "parameters_to_parameters_data_clump",
      "data_clump_data": {
        "_3LyAwJoFEDWJnMIBQ40AHQ": {
          "key": "_3LyAwJoFEDWJnMIBQ40AHQ",
          "name": "parameter",
          "type": null,
          "probability": 1,
          "modifiers": [],
          "to_variable": {
            "key": "_73Y0QJoFEDWJnMIBQ40AHQ",
            "name": "parameter",
            "type": null,
            "modifiers": [],
            "position": {}
          },
          "position": {}
        },
        "_3sN0UJoFEDWJnMIBQ40AHQ": {
          "key": "_3sN0UJoFEDWJnMIBQ40AHQ",
          "name": "parameter2",
          "type": null,
          "probability": 1,
          "modifiers": [],
          "to_variable": {
            "key": "__SXtYJoFEDWJnMIBQ40AHQ",
            "name": "parameter2",
            "type": null,
            "modifiers": [],
            "position": {}
          },
          "position": {}
        },
        "_4J7rEJoFEDWJnMIBQ40AHQ": {
          "key": "_4J7rEJoFEDWJnMIBQ40AHQ",
          "name": "parameter3",
          "type": null,
          "probability": 1,
          "modifiers": [],
          "to_variable": {
            "key": "_Awt6sJoGEDWJnMIBQ40AHQ",
            "name": "parameter3",
            "type": null,
            "modifiers": [],
            "position": {}
          },
          "position": {}
        },
        "_4t0bQJoFEDWJnMIBQ40AHQ": {
          "key": "_4t0bQJoFEDWJnMIBQ40AHQ",
          "name": "parameter4",
          "type": null,
          "probability": 1,
          "modifiers": [],
          "to_variable": {
            "key": "_BSMQEJoGEDWJnMIBQ40AHQ",
            "name": "parameter4",
            "type": null,
            "modifiers": [],
            "position": {}
          },
          "position": {}
        }
      }
    },
    "parameters_to_parameters_data_clump-./VOViaje-_dyTQAZoFEDWJnMIBQ40AHQ-_ZKq9kJoFEDWJnMIBQ40AHQ-parameterparameter2parameter3parameter4": {
      "type": "data_clump",
      "key": "parameters_to_parameters_data_clump-./VOViaje-_dyTQAZoFEDWJnMIBQ40AHQ-_ZKq9kJoFEDWJnMIBQ40AHQ-parameterparameter2parameter3parameter4",
      "probability": 1,
      "from_file_path": "./VOViaje",
      "from_class_or_interface_name": "VOViaje",
      "from_class_or_interface_key": "_ld6GQJoEEDWJnMIBQ40AHQ",
      "from_method_name": "recorrerPosHastaCercaParada",
      "from_method_key": "_dyTQAZoFEDWJnMIBQ40AHQ",
      "to_file_path": "./VOViaje",
      "to_class_or_interface_name": "VOViaje",
      "to_class_or_interface_key": "_ld6GQJoEEDWJnMIBQ40AHQ",
      "to_method_name": "horaCercaUnaParada21",
      "to_method_key": "_ZKq9kJoFEDWJnMIBQ40AHQ",
      "data_clump_type": "parameters_to_parameters_data_clump",
      "data_clump_data": {
        "_73Y0QJoFEDWJnMIBQ40AHQ": {
          "key": "_73Y0QJoFEDWJnMIBQ40AHQ",
          "name": "parameter",
          "type": null,
          "probability": 1,
          "modifiers": [],
          "to_variable": {
            "key": "_z0Ly0JoFEDWJnMIBQ40AHQ",
            "name": "parameter",
            "type": null,
            "modifiers": [],
            "position": {}
          },
          "position": {}
        },
        "__SXtYJoFEDWJnMIBQ40AHQ": {
          "key": "__SXtYJoFEDWJnMIBQ40AHQ",
          "name": "parameter2",
          "type": null,
          "probability": 1,
          "modifiers": [],
          "to_variable": {
            "key": "_0sCA0JoFEDWJnMIBQ40AHQ",
            "name": "parameter2",
            "type": null,
            "modifiers": [],
            "position": {}
          },
          "position": {}
        },
        "_Awt6sJoGEDWJnMIBQ40AHQ": {
          "key": "_Awt6sJoGEDWJnMIBQ40AHQ",
          "name": "parameter3",
          "type": null,
          "probability": 1,
          "modifiers": [],
          "to_variable": {
            "key": "_1VBTcJoFEDWJnMIBQ40AHQ",
            "name": "parameter3",
            "type": null,
            "modifiers": [],
            "position": {}
          },
          "position": {}
        },
        "_BSMQEJoGEDWJnMIBQ40AHQ": {
          "key": "_BSMQEJoGEDWJnMIBQ40AHQ",
          "name": "parameter4",
          "type": null,
          "probability": 1,
          "modifiers": [],
          "to_variable": {
            "key": "_2NfMgJoFEDWJnMIBQ40AHQ",
            "name": "parameter4",
            "type": null,
            "modifiers": [],
            "position": {}
          },
          "position": {}
        }
      }
    },
    "parameters_to_parameters_data_clump-./VOViaje-_dyTQAZoFEDWJnMIBQ40AHQ-_aWpBcJoFEDWJnMIBQ40AHQ-parameterparameter2parameter3parameter4": {
      "type": "data_clump",
      "key": "parameters_to_parameters_data_clump-./VOViaje-_dyTQAZoFEDWJnMIBQ40AHQ-_aWpBcJoFEDWJnMIBQ40AHQ-parameterparameter2parameter3parameter4",
      "probability": 1,
      "from_file_path": "./VOViaje",
      "from_class_or_interface_name": "VOViaje",
      "from_class_or_interface_key": "_ld6GQJoEEDWJnMIBQ40AHQ",
      "from_method_name": "recorrerPosHastaCercaParada",
      "from_method_key": "_dyTQAZoFEDWJnMIBQ40AHQ",
      "to_file_path": "./VOViaje",
      "to_class_or_interface_name": "VOViaje",
      "to_class_or_interface_key": "_ld6GQJoEEDWJnMIBQ40AHQ",
      "to_method_name": "horaCercaUnaParada22",
      "to_method_key": "_aWpBcJoFEDWJnMIBQ40AHQ",
      "data_clump_type": "parameters_to_parameters_data_clump",
      "data_clump_data": {
        "_73Y0QJoFEDWJnMIBQ40AHQ": {
          "key": "_73Y0QJoFEDWJnMIBQ40AHQ",
          "name": "parameter",
          "type": null,
          "probability": 1,
          "modifiers": [],
          "to_variable": {
            "key": "_3LyAwJoFEDWJnMIBQ40AHQ",
            "name": "parameter",
            "type": null,
            "modifiers": [],
            "position": {}
          },
          "position": {}
        },
        "__SXtYJoFEDWJnMIBQ40AHQ": {
          "key": "__SXtYJoFEDWJnMIBQ40AHQ",
          "name": "parameter2",
          "type": null,
          "probability": 1,
          "modifiers": [],
          "to_variable": {
            "key": "_3sN0UJoFEDWJnMIBQ40AHQ",
            "name": "parameter2",
            "type": null,
            "modifiers": [],
            "position": {}
          },
          "position": {}
        },
        "_Awt6sJoGEDWJnMIBQ40AHQ": {
          "key": "_Awt6sJoGEDWJnMIBQ40AHQ",
          "name": "parameter3",
          "type": null,
          "probability": 1,
          "modifiers": [],
          "to_variable": {
            "key": "_4J7rEJoFEDWJnMIBQ40AHQ",
            "name": "parameter3",
            "type": null,
            "modifiers": [],
            "position": {}
          },
          "position": {}
        },
        "_BSMQEJoGEDWJnMIBQ40AHQ": {
          "key": "_BSMQEJoGEDWJnMIBQ40AHQ",
          "name": "parameter4",
          "type": null,
          "probability": 1,
          "modifiers": [],
          "to_variable": {
            "key": "_4t0bQJoFEDWJnMIBQ40AHQ",
            "name": "parameter4",
            "type": null,
            "modifiers": [],
            "position": {}
          },
          "position": {}
        }
      }
    }
  }
}