{
  "report_version": "unknown",
  "report_timestamp": "2025-03-26T22:49:05.585Z",
  "target_language": "java",
  "report_summary": {
    "additional": null,
    "amount_classes_or_interfaces_with_data_clumps": 3,
    "amount_files_with_data_clumps": 3,
    "amount_methods_with_data_clumps": 0,
    "fields_to_fields_data_clump": 6,
    "parameters_to_fields_data_clump": 0,
    "parameters_to_parameters_data_clump": 0,
    "amount_data_clumps": 6
  },
  "project_info": {
    "project_url": "unknown_project_url",
    "project_name": "_NQrd4HHIEeSxHp9pHOThjg",
    "project_version": "unknown_project_version",
    "project_commit_hash": "unknown",
    "project_tag": null,
    "project_commit_date": null,
    "additional": {},
    "number_of_files": 16,
    "number_of_classes_or_interfaces": 16,
    "number_of_methods": 0,
    "number_of_data_fields": 74,
    "number_of_method_parameters": 0
  },
  "detector": {
    "name": "data-clumps-doctor",
    "url": "https://github.com/NilsBaumgartner1994/data-clumps-doctor",
    "version": "0.1.100",
    "options": {
      "typeVariablesConsidered": false,
      "similarityModifierOfVariablesWithUnknownType": 0,
      "fieldsOfClassesWithUnknownHierarchyProbabilityModifier": 0,
      "sharedFieldsToFieldsAmountMinimum": 3,
      "analyseFieldsInClassesOrInterfacesInheritedFromSuperClassesOrInterfaces": false,
      "sharedParametersToParametersAmountMinimum": 3,
      "sharedParametersToFieldsAmountMinimum": 3,
      "methodsOfClassesOrInterfacesWithUnknownHierarchyProbabilityModifier": 0
    }
  },
  "data_clumps": {
    "fields_to_fields_data_clump-./ClubType-_lQ1tIFP5EDK29_vtJwfI6A-_yHdoAFP-EDKZfN5JdIADWQ-TypeId*TypeNameTypeImage": {
      "type": "data_clump",
      "key": "fields_to_fields_data_clump-./ClubType-_lQ1tIFP5EDK29_vtJwfI6A-_yHdoAFP-EDKZfN5JdIADWQ-TypeId*TypeNameTypeImage",
      "probability": 1,
      "from_file_path": "./ClubType",
      "from_class_or_interface_name": "ClubType",
      "from_class_or_interface_key": "_lQ1tIFP5EDK29_vtJwfI6A",
      "from_method_name": null,
      "from_method_key": null,
      "to_file_path": "./PartyType",
      "to_class_or_interface_key": "_yHdoAFP-EDKZfN5JdIADWQ",
      "to_class_or_interface_name": "ClubType",
      "to_method_key": null,
      "to_method_name": null,
      "data_clump_type": "fields_to_fields_data_clump",
      "data_clump_data": {
        "_qcTscFP5EDK29_vtJwfI6A": {
          "key": "_qcTscFP5EDK29_vtJwfI6A",
          "name": "TypeId*",
          "type": null,
          "probability": 1,
          "modifiers": [],
          "to_variable": {
            "key": "_4eoI8FP_EDKZfN5JdIADWQ",
            "name": "TypeId*",
            "type": null,
            "modifiers": [],
            "position": {}
          },
          "position": {}
        },
        "_zoGGkFP5EDK29_vtJwfI6A": {
          "key": "_zoGGkFP5EDK29_vtJwfI6A",
          "name": "TypeName",
          "type": null,
          "probability": 1,
          "modifiers": [],
          "to_variable": {
            "key": "_9pkj0FP_EDKZfN5JdIADWQ",
            "name": "TypeName",
            "type": null,
            "modifiers": [],
            "position": {}
          },
          "position": {}
        },
        "_20gYMFP5EDK29_vtJwfI6A": {
          "key": "_20gYMFP5EDK29_vtJwfI6A",
          "name": "TypeImage",
          "type": null,
          "probability": 1,
          "modifiers": [],
          "to_variable": {
            "key": "_UjEH0FRzEDKljPSIvW5Z3A",
            "name": "TypeImage",
            "type": null,
            "modifiers": [],
            "position": {}
          },
          "position": {}
        }
      }
    },
    "fields_to_fields_data_clump-./ClubType-_lQ1tIFP5EDK29_vtJwfI6A-_ozJywFP4EDKZfN5JdIADWQ-TypeId*TypeNameTypeImage": {
      "type": "data_clump",
      "key": "fields_to_fields_data_clump-./ClubType-_lQ1tIFP5EDK29_vtJwfI6A-_ozJywFP4EDKZfN5JdIADWQ-TypeId*TypeNameTypeImage",
      "probability": 1,
      "from_file_path": "./ClubType",
      "from_class_or_interface_name": "ClubType",
      "from_class_or_interface_key": "_lQ1tIFP5EDK29_vtJwfI6A",
      "from_method_name": null,
      "from_method_key": null,
      "to_file_path": "./Type",
      "to_class_or_interface_key": "_ozJywFP4EDKZfN5JdIADWQ",
      "to_class_or_interface_name": "ClubType",
      "to_method_key": null,
      "to_method_name": null,
      "data_clump_type": "fields_to_fields_data_clump",
      "data_clump_data": {
        "_qcTscFP5EDK29_vtJwfI6A": {
          "key": "_qcTscFP5EDK29_vtJwfI6A",
          "name": "TypeId*",
          "type": null,
          "probability": 1,
          "modifiers": [],
          "to_variable": {
            "key": "_tstisFP4EDKZfN5JdIADWQ",
            "name": "TypeId*",
            "type": null,
            "modifiers": [],
            "position": {}
          },
          "position": {}
        },
        "_zoGGkFP5EDK29_vtJwfI6A": {
          "key": "_zoGGkFP5EDK29_vtJwfI6A",
          "name": "TypeName",
          "type": null,
          "probability": 1,
          "modifiers": [],
          "to_variable": {
            "key": "_vj6U4FP4EDKZfN5JdIADWQ",
            "name": "TypeName",
            "type": null,
            "modifiers": [],
            "position": {}
          },
          "position": {}
        },
        "_20gYMFP5EDK29_vtJwfI6A": {
          "key": "_20gYMFP5EDK29_vtJwfI6A",
          "name": "TypeImage",
          "type": null,
          "probability": 1,
          "modifiers": [],
          "to_variable": {
            "key": "_xIJu0FP4EDKZfN5JdIADWQ",
            "name": "TypeImage",
            "type": null,
            "modifiers": [],
            "position": {}
          },
          "position": {}
        }
      }
    },
    "fields_to_fields_data_clump-./PartyType-_yHdoAFP-EDKZfN5JdIADWQ-_lQ1tIFP5EDK29_vtJwfI6A-TypeId*TypeNameTypeImage": {
      "type": "data_clump",
      "key": "fields_to_fields_data_clump-./PartyType-_yHdoAFP-EDKZfN5JdIADWQ-_lQ1tIFP5EDK29_vtJwfI6A-TypeId*TypeNameTypeImage",
      "probability": 1,
      "from_file_path": "./PartyType",
      "from_class_or_interface_name": "PartyType",
      "from_class_or_interface_key": "_yHdoAFP-EDKZfN5JdIADWQ",
      "from_method_name": null,
      "from_method_key": null,
      "to_file_path": "./ClubType",
      "to_class_or_interface_key": "_lQ1tIFP5EDK29_vtJwfI6A",
      "to_class_or_interface_name": "PartyType",
      "to_method_key": null,
      "to_method_name": null,
      "data_clump_type": "fields_to_fields_data_clump",
      "data_clump_data": {
        "_4eoI8FP_EDKZfN5JdIADWQ": {
          "key": "_4eoI8FP_EDKZfN5JdIADWQ",
          "name": "TypeId*",
          "type": null,
          "probability": 1,
          "modifiers": [],
          "to_variable": {
            "key": "_qcTscFP5EDK29_vtJwfI6A",
            "name": "TypeId*",
            "type": null,
            "modifiers": [],
            "position": {}
          },
          "position": {}
        },
        "_9pkj0FP_EDKZfN5JdIADWQ": {
          "key": "_9pkj0FP_EDKZfN5JdIADWQ",
          "name": "TypeName",
          "type": null,
          "probability": 1,
          "modifiers": [],
          "to_variable": {
            "key": "_zoGGkFP5EDK29_vtJwfI6A",
            "name": "TypeName",
            "type": null,
            "modifiers": [],
            "position": {}
          },
          "position": {}
        },
        "_UjEH0FRzEDKljPSIvW5Z3A": {
          "key": "_UjEH0FRzEDKljPSIvW5Z3A",
          "name": "TypeImage",
          "type": null,
          "probability": 1,
          "modifiers": [],
          "to_variable": {
            "key": "_20gYMFP5EDK29_vtJwfI6A",
            "name": "TypeImage",
            "type": null,
            "modifiers": [],
            "position": {}
          },
          "position": {}
        }
      }
    },
    "fields_to_fields_data_clump-./PartyType-_yHdoAFP-EDKZfN5JdIADWQ-_ozJywFP4EDKZfN5JdIADWQ-TypeId*TypeNameTypeImage": {
      "type": "data_clump",
      "key": "fields_to_fields_data_clump-./PartyType-_yHdoAFP-EDKZfN5JdIADWQ-_ozJywFP4EDKZfN5JdIADWQ-TypeId*TypeNameTypeImage",
      "probability": 1,
      "from_file_path": "./PartyType",
      "from_class_or_interface_name": "PartyType",
      "from_class_or_interface_key": "_yHdoAFP-EDKZfN5JdIADWQ",
      "from_method_name": null,
      "from_method_key": null,
      "to_file_path": "./Type",
      "to_class_or_interface_key": "_ozJywFP4EDKZfN5JdIADWQ",
      "to_class_or_interface_name": "PartyType",
      "to_method_key": null,
      "to_method_name": null,
      "data_clump_type": "fields_to_fields_data_clump",
      "data_clump_data": {
        "_4eoI8FP_EDKZfN5JdIADWQ": {
          "key": "_4eoI8FP_EDKZfN5JdIADWQ",
          "name": "TypeId*",
          "type": null,
          "probability": 1,
          "modifiers": [],
          "to_variable": {
            "key": "_tstisFP4EDKZfN5JdIADWQ",
            "name": "TypeId*",
            "type": null,
            "modifiers": [],
            "position": {}
          },
          "position": {}
        },
        "_9pkj0FP_EDKZfN5JdIADWQ": {
          "key": "_9pkj0FP_EDKZfN5JdIADWQ",
          "name": "TypeName",
          "type": null,
          "probability": 1,
          "modifiers": [],
          "to_variable": {
            "key": "_vj6U4FP4EDKZfN5JdIADWQ",
            "name": "TypeName",
            "type": null,
            "modifiers": [],
            "position": {}
          },
          "position": {}
        },
        "_UjEH0FRzEDKljPSIvW5Z3A": {
          "key": "_UjEH0FRzEDKljPSIvW5Z3A",
          "name": "TypeImage",
          "type": null,
          "probability": 1,
          "modifiers": [],
          "to_variable": {
            "key": "_xIJu0FP4EDKZfN5JdIADWQ",
            "name": "TypeImage",
            "type": null,
            "modifiers": [],
            "position": {}
          },
          "position": {}
        }
      }
    },
    "fields_to_fields_data_clump-./Type-_ozJywFP4EDKZfN5JdIADWQ-_lQ1tIFP5EDK29_vtJwfI6A-TypeId*TypeNameTypeImage": {
      "type": "data_clump",
      "key": "fields_to_fields_data_clump-./Type-_ozJywFP4EDKZfN5JdIADWQ-_lQ1tIFP5EDK29_vtJwfI6A-TypeId*TypeNameTypeImage",
      "probability": 1,
      "from_file_path": "./Type",
      "from_class_or_interface_name": "Type",
      "from_class_or_interface_key": "_ozJywFP4EDKZfN5JdIADWQ",
      "from_method_name": null,
      "from_method_key": null,
      "to_file_path": "./ClubType",
      "to_class_or_interface_key": "_lQ1tIFP5EDK29_vtJwfI6A",
      "to_class_or_interface_name": "Type",
      "to_method_key": null,
      "to_method_name": null,
      "data_clump_type": "fields_to_fields_data_clump",
      "data_clump_data": {
        "_tstisFP4EDKZfN5JdIADWQ": {
          "key": "_tstisFP4EDKZfN5JdIADWQ",
          "name": "TypeId*",
          "type": null,
          "probability": 1,
          "modifiers": [],
          "to_variable": {
            "key": "_qcTscFP5EDK29_vtJwfI6A",
            "name": "TypeId*",
            "type": null,
            "modifiers": [],
            "position": {}
          },
          "position": {}
        },
        "_vj6U4FP4EDKZfN5JdIADWQ": {
          "key": "_vj6U4FP4EDKZfN5JdIADWQ",
          "name": "TypeName",
          "type": null,
          "probability": 1,
          "modifiers": [],
          "to_variable": {
            "key": "_zoGGkFP5EDK29_vtJwfI6A",
            "name": "TypeName",
            "type": null,
            "modifiers": [],
            "position": {}
          },
          "position": {}
        },
        "_xIJu0FP4EDKZfN5JdIADWQ": {
          "key": "_xIJu0FP4EDKZfN5JdIADWQ",
          "name": "TypeImage",
          "type": null,
          "probability": 1,
          "modifiers": [],
          "to_variable": {
            "key": "_20gYMFP5EDK29_vtJwfI6A",
            "name": "TypeImage",
            "type": null,
            "modifiers": [],
            "position": {}
          },
          "position": {}
        }
      }
    },
    "fields_to_fields_data_clump-./Type-_ozJywFP4EDKZfN5JdIADWQ-_yHdoAFP-EDKZfN5JdIADWQ-TypeId*TypeNameTypeImage": {
      "type": "data_clump",
      "key": "fields_to_fields_data_clump-./Type-_ozJywFP4EDKZfN5JdIADWQ-_yHdoAFP-EDKZfN5JdIADWQ-TypeId*TypeNameTypeImage",
      "probability": 1,
      "from_file_path": "./Type",
      "from_class_or_interface_name": "Type",
      "from_class_or_interface_key": "_ozJywFP4EDKZfN5JdIADWQ",
      "from_method_name": null,
      "from_method_key": null,
      "to_file_path": "./PartyType",
      "to_class_or_interface_key": "_yHdoAFP-EDKZfN5JdIADWQ",
      "to_class_or_interface_name": "Type",
      "to_method_key": null,
      "to_method_name": null,
      "data_clump_type": "fields_to_fields_data_clump",
      "data_clump_data": {
        "_tstisFP4EDKZfN5JdIADWQ": {
          "key": "_tstisFP4EDKZfN5JdIADWQ",
          "name": "TypeId*",
          "type": null,
          "probability": 1,
          "modifiers": [],
          "to_variable": {
            "key": "_4eoI8FP_EDKZfN5JdIADWQ",
            "name": "TypeId*",
            "type": null,
            "modifiers": [],
            "position": {}
          },
          "position": {}
        },
        "_vj6U4FP4EDKZfN5JdIADWQ": {
          "key": "_vj6U4FP4EDKZfN5JdIADWQ",
          "name": "TypeName",
          "type": null,
          "probability": 1,
          "modifiers": [],
          "to_variable": {
            "key": "_9pkj0FP_EDKZfN5JdIADWQ",
            "name": "TypeName",
            "type": null,
            "modifiers": [],
            "position": {}
          },
          "position": {}
        },
        "_xIJu0FP4EDKZfN5JdIADWQ": {
          "key": "_xIJu0FP4EDKZfN5JdIADWQ",
          "name": "TypeImage",
          "type": null,
          "probability": 1,
          "modifiers": [],
          "to_variable": {
            "key": "_UjEH0FRzEDKljPSIvW5Z3A",
            "name": "TypeImage",
            "type": null,
            "modifiers": [],
            "position": {}
          },
          "position": {}
        }
      }
    }
  }
}