{
  "report_version": "unknown",
  "report_timestamp": "2025-03-26T22:30:35.712Z",
  "target_language": "java",
  "report_summary": {
    "additional": null,
    "amount_classes_or_interfaces_with_data_clumps": 4,
    "amount_files_with_data_clumps": 4,
    "amount_methods_with_data_clumps": 5,
    "fields_to_fields_data_clump": 2,
    "parameters_to_fields_data_clump": 9,
    "parameters_to_parameters_data_clump": 12,
    "amount_data_clumps": 23
  },
  "project_info": {
    "project_url": "unknown_project_url",
    "project_name": "_CCwhYNkAEeyrwKsD8J5mAw",
    "project_version": "unknown_project_version",
    "project_commit_hash": "unknown",
    "project_tag": null,
    "project_commit_date": null,
    "additional": {},
    "number_of_files": 4,
    "number_of_classes_or_interfaces": 4,
    "number_of_methods": 50,
    "number_of_data_fields": 13,
    "number_of_method_parameters": 40
  },
  "detector": {
    "name": "data-clumps-doctor",
    "url": "https://github.com/NilsBaumgartner1994/data-clumps-doctor",
    "version": "0.1.100",
    "options": {
      "typeVariablesConsidered": false,
      "similarityModifierOfVariablesWithUnknownType": 0,
      "fieldsOfClassesWithUnknownHierarchyProbabilityModifier": 0,
      "sharedFieldsToFieldsAmountMinimum": 3,
      "analyseFieldsInClassesOrInterfacesInheritedFromSuperClassesOrInterfaces": false,
      "sharedParametersToParametersAmountMinimum": 3,
      "sharedParametersToFieldsAmountMinimum": 3,
      "methodsOfClassesOrInterfacesWithUnknownHierarchyProbabilityModifier": 0
    }
  },
  "data_clumps": {
    "parameters_to_parameters_data_clump-./Animal-_8tr0orszEDqFNbDIg8XJIA-_3aYkc7syEDqqh4fojmkT1g-codigofechaNacimientosexopeso": {
      "type": "data_clump",
      "key": "parameters_to_parameters_data_clump-./Animal-_8tr0orszEDqFNbDIg8XJIA-_3aYkc7syEDqqh4fojmkT1g-codigofechaNacimientosexopeso",
      "probability": 1,
      "from_file_path": "./Animal",
      "from_class_or_interface_name": "Animal",
      "from_class_or_interface_key": "_12PbsLszEDqFNbDIg8XJIA",
      "from_method_name": "Animal",
      "from_method_key": "_8tr0orszEDqFNbDIg8XJIA",
      "to_file_path": "./Gato",
      "to_class_or_interface_name": "Gato",
      "to_class_or_interface_key": "_3aYkcLsyEDqqh4fojmkT1g",
      "to_method_name": "Gato",
      "to_method_key": "_3aYkc7syEDqqh4fojmkT1g",
      "data_clump_type": "parameters_to_parameters_data_clump",
      "data_clump_data": {
        "_8tr0o7szEDqFNbDIg8XJIA": {
          "key": "_8tr0o7szEDqFNbDIg8XJIA",
          "name": "codigo",
          "type": null,
          "probability": 1,
          "modifiers": [],
          "to_variable": {
            "key": "_3aYkdLsyEDqqh4fojmkT1g",
            "name": "codigo",
            "type": null,
            "modifiers": [],
            "position": {}
          },
          "position": {}
        },
        "_8tr0pLszEDqFNbDIg8XJIA": {
          "key": "_8tr0pLszEDqFNbDIg8XJIA",
          "name": "fechaNacimiento",
          "type": null,
          "probability": 1,
          "modifiers": [],
          "to_variable": {
            "key": "_3aYkdbsyEDqqh4fojmkT1g",
            "name": "fechaNacimiento",
            "type": null,
            "modifiers": [],
            "position": {}
          },
          "position": {}
        },
        "_8tr0pbszEDqFNbDIg8XJIA": {
          "key": "_8tr0pbszEDqFNbDIg8XJIA",
          "name": "sexo",
          "type": null,
          "probability": 1,
          "modifiers": [],
          "to_variable": {
            "key": "_3aYkdrsyEDqqh4fojmkT1g",
            "name": "sexo",
            "type": null,
            "modifiers": [],
            "position": {}
          },
          "position": {}
        },
        "_8tr0prszEDqFNbDIg8XJIA": {
          "key": "_8tr0prszEDqFNbDIg8XJIA",
          "name": "peso",
          "type": null,
          "probability": 1,
          "modifiers": [],
          "to_variable": {
            "key": "_3aYkd7syEDqqh4fojmkT1g",
            "name": "peso",
            "type": null,
            "modifiers": [],
            "position": {}
          },
          "position": {}
        }
      }
    },
    "parameters_to_parameters_data_clump-./Animal-_8tr0orszEDqFNbDIg8XJIA-_KjMoY7szEDqqh4fojmkT1g-codigofechaNacimientosexopeso": {
      "type": "data_clump",
      "key": "parameters_to_parameters_data_clump-./Animal-_8tr0orszEDqFNbDIg8XJIA-_KjMoY7szEDqqh4fojmkT1g-codigofechaNacimientosexopeso",
      "probability": 1,
      "from_file_path": "./Animal",
      "from_class_or_interface_name": "Animal",
      "from_class_or_interface_key": "_12PbsLszEDqFNbDIg8XJIA",
      "from_method_name": "Animal",
      "from_method_key": "_8tr0orszEDqFNbDIg8XJIA",
      "to_file_path": "./Perro",
      "to_class_or_interface_name": "Perro",
      "to_class_or_interface_key": "_aFH6oLsyEDqqh4fojmkT1g",
      "to_method_name": "Perro",
      "to_method_key": "_KjMoY7szEDqqh4fojmkT1g",
      "data_clump_type": "parameters_to_parameters_data_clump",
      "data_clump_data": {
        "_8tr0o7szEDqFNbDIg8XJIA": {
          "key": "_8tr0o7szEDqFNbDIg8XJIA",
          "name": "codigo",
          "type": null,
          "probability": 1,
          "modifiers": [],
          "to_variable": {
            "key": "_KjMoZLszEDqqh4fojmkT1g",
            "name": "codigo",
            "type": null,
            "modifiers": [],
            "position": {}
          },
          "position": {}
        },
        "_8tr0pLszEDqFNbDIg8XJIA": {
          "key": "_8tr0pLszEDqFNbDIg8XJIA",
          "name": "fechaNacimiento",
          "type": null,
          "probability": 1,
          "modifiers": [],
          "to_variable": {
            "key": "_KjMoZbszEDqqh4fojmkT1g",
            "name": "fechaNacimiento",
            "type": null,
            "modifiers": [],
            "position": {}
          },
          "position": {}
        },
        "_8tr0pbszEDqFNbDIg8XJIA": {
          "key": "_8tr0pbszEDqFNbDIg8XJIA",
          "name": "sexo",
          "type": null,
          "probability": 1,
          "modifiers": [],
          "to_variable": {
            "key": "_KjNPcLszEDqqh4fojmkT1g",
            "name": "sexo",
            "type": null,
            "modifiers": [],
            "position": {}
          },
          "position": {}
        },
        "_8tr0prszEDqFNbDIg8XJIA": {
          "key": "_8tr0prszEDqFNbDIg8XJIA",
          "name": "peso",
          "type": null,
          "probability": 1,
          "modifiers": [],
          "to_variable": {
            "key": "_KjNPcbszEDqqh4fojmkT1g",
            "name": "peso",
            "type": null,
            "modifiers": [],
            "position": {}
          },
          "position": {}
        }
      }
    },
    "parameters_to_parameters_data_clump-./Animal-_8tr0orszEDqFNbDIg8XJIA-_RgzbELswEDqqh4fojmkT1g-codigofechaNacimientosexopeso": {
      "type": "data_clump",
      "key": "parameters_to_parameters_data_clump-./Animal-_8tr0orszEDqFNbDIg8XJIA-_RgzbELswEDqqh4fojmkT1g-codigofechaNacimientosexopeso",
      "probability": 1,
      "from_file_path": "./Animal",
      "from_class_or_interface_name": "Animal",
      "from_class_or_interface_key": "_12PbsLszEDqFNbDIg8XJIA",
      "from_method_name": "Animal",
      "from_method_key": "_8tr0orszEDqFNbDIg8XJIA",
      "to_file_path": "./Perro",
      "to_class_or_interface_name": "Perro",
      "to_class_or_interface_key": "_aFH6oLsyEDqqh4fojmkT1g",
      "to_method_name": "Animal",
      "to_method_key": "_RgzbELswEDqqh4fojmkT1g",
      "data_clump_type": "parameters_to_parameters_data_clump",
      "data_clump_data": {
        "_8tr0o7szEDqFNbDIg8XJIA": {
          "key": "_8tr0o7szEDqFNbDIg8XJIA",
          "name": "codigo",
          "type": null,
          "probability": 1,
          "modifiers": [],
          "to_variable": {
            "key": "_TJdlgLsxEDqqh4fojmkT1g",
            "name": "codigo",
            "type": null,
            "modifiers": [],
            "position": {}
          },
          "position": {}
        },
        "_8tr0pLszEDqFNbDIg8XJIA": {
          "key": "_8tr0pLszEDqFNbDIg8XJIA",
          "name": "fechaNacimiento",
          "type": null,
          "probability": 1,
          "modifiers": [],
          "to_variable": {
            "key": "_YRHb0LsxEDqqh4fojmkT1g",
            "name": "fechaNacimiento",
            "type": null,
            "modifiers": [],
            "position": {}
          },
          "position": {}
        },
        "_8tr0pbszEDqFNbDIg8XJIA": {
          "key": "_8tr0pbszEDqFNbDIg8XJIA",
          "name": "sexo",
          "type": null,
          "probability": 1,
          "modifiers": [],
          "to_variable": {
            "key": "_Ym_lMLsxEDqqh4fojmkT1g",
            "name": "sexo",
            "type": null,
            "modifiers": [],
            "position": {}
          },
          "position": {}
        },
        "_8tr0prszEDqFNbDIg8XJIA": {
          "key": "_8tr0prszEDqFNbDIg8XJIA",
          "name": "peso",
          "type": null,
          "probability": 1,
          "modifiers": [],
          "to_variable": {
            "key": "_ecZ5YLsxEDqqh4fojmkT1g",
            "name": "peso",
            "type": null,
            "modifiers": [],
            "position": {}
          },
          "position": {}
        }
      }
    },
    "parameters_to_fields_data_clump-./Animal-_8tr0orszEDqFNbDIg8XJIA-_12PbsLszEDqFNbDIg8XJIA-codigofechaNacimientosexopeso": {
      "type": "data_clump",
      "key": "parameters_to_fields_data_clump-./Animal-_8tr0orszEDqFNbDIg8XJIA-_12PbsLszEDqFNbDIg8XJIA-codigofechaNacimientosexopeso",
      "probability": 1,
      "from_file_path": "./Animal",
      "from_class_or_interface_name": "Animal",
      "from_class_or_interface_key": "_12PbsLszEDqFNbDIg8XJIA",
      "from_method_name": "Animal",
      "from_method_key": "_8tr0orszEDqFNbDIg8XJIA",
      "to_file_path": "./Animal",
      "to_class_or_interface_name": "Animal",
      "to_class_or_interface_key": "_12PbsLszEDqFNbDIg8XJIA",
      "to_method_name": null,
      "to_method_key": null,
      "data_clump_type": "parameters_to_fields_data_clump",
      "data_clump_data": {
        "_8tr0o7szEDqFNbDIg8XJIA": {
          "key": "_8tr0o7szEDqFNbDIg8XJIA",
          "name": "codigo",
          "type": null,
          "probability": 1,
          "modifiers": [],
          "to_variable": {
            "key": "_12QCwLszEDqFNbDIg8XJIA",
            "name": "codigo",
            "type": null,
            "modifiers": [
              "protected"
            ],
            "position": {}
          },
          "position": {}
        },
        "_8tr0pLszEDqFNbDIg8XJIA": {
          "key": "_8tr0pLszEDqFNbDIg8XJIA",
          "name": "fechaNacimiento",
          "type": null,
          "probability": 1,
          "modifiers": [],
          "to_variable": {
            "key": "_12QCwbszEDqFNbDIg8XJIA",
            "name": "fechaNacimiento",
            "type": null,
            "modifiers": [
              "private"
            ],
            "position": {}
          },
          "position": {}
        },
        "_8tr0pbszEDqFNbDIg8XJIA": {
          "key": "_8tr0pbszEDqFNbDIg8XJIA",
          "name": "sexo",
          "type": null,
          "probability": 1,
          "modifiers": [],
          "to_variable": {
            "key": "_12QCwrszEDqFNbDIg8XJIA",
            "name": "sexo",
            "type": null,
            "modifiers": [
              "private"
            ],
            "position": {}
          },
          "position": {}
        },
        "_8tr0prszEDqFNbDIg8XJIA": {
          "key": "_8tr0prszEDqFNbDIg8XJIA",
          "name": "peso",
          "type": null,
          "probability": 1,
          "modifiers": [],
          "to_variable": {
            "key": "_12QCw7szEDqFNbDIg8XJIA",
            "name": "peso",
            "type": null,
            "modifiers": [
              "private"
            ],
            "position": {}
          },
          "position": {}
        }
      }
    },
    "parameters_to_fields_data_clump-./Animal-_8tr0orszEDqFNbDIg8XJIA-_aFH6oLsyEDqqh4fojmkT1g-codigofechaNacimientosexopeso": {
      "type": "data_clump",
      "key": "parameters_to_fields_data_clump-./Animal-_8tr0orszEDqFNbDIg8XJIA-_aFH6oLsyEDqqh4fojmkT1g-codigofechaNacimientosexopeso",
      "probability": 1,
      "from_file_path": "./Animal",
      "from_class_or_interface_name": "Animal",
      "from_class_or_interface_key": "_12PbsLszEDqFNbDIg8XJIA",
      "from_method_name": "Animal",
      "from_method_key": "_8tr0orszEDqFNbDIg8XJIA",
      "to_file_path": "./Perro",
      "to_class_or_interface_name": "Perro",
      "to_class_or_interface_key": "_aFH6oLsyEDqqh4fojmkT1g",
      "to_method_name": null,
      "to_method_key": null,
      "data_clump_type": "parameters_to_fields_data_clump",
      "data_clump_data": {
        "_8tr0o7szEDqFNbDIg8XJIA": {
          "key": "_8tr0o7szEDqFNbDIg8XJIA",
          "name": "codigo",
          "type": null,
          "probability": 1,
          "modifiers": [],
          "to_variable": {
            "key": "_U_lPELswEDqqh4fojmkT1g",
            "name": "codigo",
            "type": null,
            "modifiers": [
              "protected"
            ],
            "position": {}
          },
          "position": {}
        },
        "_8tr0pLszEDqFNbDIg8XJIA": {
          "key": "_8tr0pLszEDqFNbDIg8XJIA",
          "name": "fechaNacimiento",
          "type": null,
          "probability": 1,
          "modifiers": [],
          "to_variable": {
            "key": "_aq82cLswEDqqh4fojmkT1g",
            "name": "fechaNacimiento",
            "type": null,
            "modifiers": [
              "private"
            ],
            "position": {}
          },
          "position": {}
        },
        "_8tr0pbszEDqFNbDIg8XJIA": {
          "key": "_8tr0pbszEDqFNbDIg8XJIA",
          "name": "sexo",
          "type": null,
          "probability": 1,
          "modifiers": [],
          "to_variable": {
            "key": "_bLQuMLswEDqqh4fojmkT1g",
            "name": "sexo",
            "type": null,
            "modifiers": [
              "private"
            ],
            "position": {}
          },
          "position": {}
        },
        "_8tr0prszEDqFNbDIg8XJIA": {
          "key": "_8tr0prszEDqFNbDIg8XJIA",
          "name": "peso",
          "type": null,
          "probability": 1,
          "modifiers": [],
          "to_variable": {
            "key": "_bQIAELswEDqqh4fojmkT1g",
            "name": "peso",
            "type": null,
            "modifiers": [
              "private"
            ],
            "position": {}
          },
          "position": {}
        }
      }
    },
    "parameters_to_fields_data_clump-./Fecha-_CCy9zNkAEeyrwKsD8J5mAw-_CCy9uNkAEeyrwKsD8J5mAw-diamesanio": {
      "type": "data_clump",
      "key": "parameters_to_fields_data_clump-./Fecha-_CCy9zNkAEeyrwKsD8J5mAw-_CCy9uNkAEeyrwKsD8J5mAw-diamesanio",
      "probability": 1,
      "from_file_path": "./Fecha",
      "from_class_or_interface_name": "Fecha",
      "from_class_or_interface_key": "_CCy9uNkAEeyrwKsD8J5mAw",
      "from_method_name": "esFechaCorrecta",
      "from_method_key": "_CCy9zNkAEeyrwKsD8J5mAw",
      "to_file_path": "./Fecha",
      "to_class_or_interface_name": "Fecha",
      "to_class_or_interface_key": "_CCy9uNkAEeyrwKsD8J5mAw",
      "to_method_name": null,
      "to_method_key": null,
      "data_clump_type": "parameters_to_fields_data_clump",
      "data_clump_data": {
        "_CCy9zdkAEeyrwKsD8J5mAw": {
          "key": "_CCy9zdkAEeyrwKsD8J5mAw",
          "name": "dia",
          "type": null,
          "probability": 1,
          "modifiers": [],
          "to_variable": {
            "key": "_CCy9udkAEeyrwKsD8J5mAw",
            "name": "dia",
            "type": null,
            "modifiers": [
              "private"
            ],
            "position": {}
          },
          "position": {}
        },
        "_CCy9ztkAEeyrwKsD8J5mAw": {
          "key": "_CCy9ztkAEeyrwKsD8J5mAw",
          "name": "mes",
          "type": null,
          "probability": 1,
          "modifiers": [],
          "to_variable": {
            "key": "_CCy9utkAEeyrwKsD8J5mAw",
            "name": "mes",
            "type": null,
            "modifiers": [
              "private"
            ],
            "position": {}
          },
          "position": {}
        },
        "_CCy9z9kAEeyrwKsD8J5mAw": {
          "key": "_CCy9z9kAEeyrwKsD8J5mAw",
          "name": "anio",
          "type": null,
          "probability": 1,
          "modifiers": [],
          "to_variable": {
            "key": "_CCy9u9kAEeyrwKsD8J5mAw",
            "name": "anio",
            "type": null,
            "modifiers": [
              "private"
            ],
            "position": {}
          },
          "position": {}
        }
      }
    },
    "parameters_to_parameters_data_clump-./Gato-_3aYkc7syEDqqh4fojmkT1g-_8tr0orszEDqFNbDIg8XJIA-codigofechaNacimientosexopeso": {
      "type": "data_clump",
      "key": "parameters_to_parameters_data_clump-./Gato-_3aYkc7syEDqqh4fojmkT1g-_8tr0orszEDqFNbDIg8XJIA-codigofechaNacimientosexopeso",
      "probability": 1,
      "from_file_path": "./Gato",
      "from_class_or_interface_name": "Gato",
      "from_class_or_interface_key": "_3aYkcLsyEDqqh4fojmkT1g",
      "from_method_name": "Gato",
      "from_method_key": "_3aYkc7syEDqqh4fojmkT1g",
      "to_file_path": "./Animal",
      "to_class_or_interface_name": "Animal",
      "to_class_or_interface_key": "_12PbsLszEDqFNbDIg8XJIA",
      "to_method_name": "Animal",
      "to_method_key": "_8tr0orszEDqFNbDIg8XJIA",
      "data_clump_type": "parameters_to_parameters_data_clump",
      "data_clump_data": {
        "_3aYkdLsyEDqqh4fojmkT1g": {
          "key": "_3aYkdLsyEDqqh4fojmkT1g",
          "name": "codigo",
          "type": null,
          "probability": 1,
          "modifiers": [],
          "to_variable": {
            "key": "_8tr0o7szEDqFNbDIg8XJIA",
            "name": "codigo",
            "type": null,
            "modifiers": [],
            "position": {}
          },
          "position": {}
        },
        "_3aYkdbsyEDqqh4fojmkT1g": {
          "key": "_3aYkdbsyEDqqh4fojmkT1g",
          "name": "fechaNacimiento",
          "type": null,
          "probability": 1,
          "modifiers": [],
          "to_variable": {
            "key": "_8tr0pLszEDqFNbDIg8XJIA",
            "name": "fechaNacimiento",
            "type": null,
            "modifiers": [],
            "position": {}
          },
          "position": {}
        },
        "_3aYkdrsyEDqqh4fojmkT1g": {
          "key": "_3aYkdrsyEDqqh4fojmkT1g",
          "name": "sexo",
          "type": null,
          "probability": 1,
          "modifiers": [],
          "to_variable": {
            "key": "_8tr0pbszEDqFNbDIg8XJIA",
            "name": "sexo",
            "type": null,
            "modifiers": [],
            "position": {}
          },
          "position": {}
        },
        "_3aYkd7syEDqqh4fojmkT1g": {
          "key": "_3aYkd7syEDqqh4fojmkT1g",
          "name": "peso",
          "type": null,
          "probability": 1,
          "modifiers": [],
          "to_variable": {
            "key": "_8tr0prszEDqFNbDIg8XJIA",
            "name": "peso",
            "type": null,
            "modifiers": [],
            "position": {}
          },
          "position": {}
        }
      }
    },
    "parameters_to_parameters_data_clump-./Gato-_3aYkc7syEDqqh4fojmkT1g-_KjMoY7szEDqqh4fojmkT1g-codigofechaNacimientosexopesoraza": {
      "type": "data_clump",
      "key": "parameters_to_parameters_data_clump-./Gato-_3aYkc7syEDqqh4fojmkT1g-_KjMoY7szEDqqh4fojmkT1g-codigofechaNacimientosexopesoraza",
      "probability": 1,
      "from_file_path": "./Gato",
      "from_class_or_interface_name": "Gato",
      "from_class_or_interface_key": "_3aYkcLsyEDqqh4fojmkT1g",
      "from_method_name": "Gato",
      "from_method_key": "_3aYkc7syEDqqh4fojmkT1g",
      "to_file_path": "./Perro",
      "to_class_or_interface_name": "Perro",
      "to_class_or_interface_key": "_aFH6oLsyEDqqh4fojmkT1g",
      "to_method_name": "Perro",
      "to_method_key": "_KjMoY7szEDqqh4fojmkT1g",
      "data_clump_type": "parameters_to_parameters_data_clump",
      "data_clump_data": {
        "_3aYkdLsyEDqqh4fojmkT1g": {
          "key": "_3aYkdLsyEDqqh4fojmkT1g",
          "name": "codigo",
          "type": null,
          "probability": 1,
          "modifiers": [],
          "to_variable": {
            "key": "_KjMoZLszEDqqh4fojmkT1g",
            "name": "codigo",
            "type": null,
            "modifiers": [],
            "position": {}
          },
          "position": {}
        },
        "_3aYkdbsyEDqqh4fojmkT1g": {
          "key": "_3aYkdbsyEDqqh4fojmkT1g",
          "name": "fechaNacimiento",
          "type": null,
          "probability": 1,
          "modifiers": [],
          "to_variable": {
            "key": "_KjMoZbszEDqqh4fojmkT1g",
            "name": "fechaNacimiento",
            "type": null,
            "modifiers": [],
            "position": {}
          },
          "position": {}
        },
        "_3aYkdrsyEDqqh4fojmkT1g": {
          "key": "_3aYkdrsyEDqqh4fojmkT1g",
          "name": "sexo",
          "type": null,
          "probability": 1,
          "modifiers": [],
          "to_variable": {
            "key": "_KjNPcLszEDqqh4fojmkT1g",
            "name": "sexo",
            "type": null,
            "modifiers": [],
            "position": {}
          },
          "position": {}
        },
        "_3aYkd7syEDqqh4fojmkT1g": {
          "key": "_3aYkd7syEDqqh4fojmkT1g",
          "name": "peso",
          "type": null,
          "probability": 1,
          "modifiers": [],
          "to_variable": {
            "key": "_KjNPcbszEDqqh4fojmkT1g",
            "name": "peso",
            "type": null,
            "modifiers": [],
            "position": {}
          },
          "position": {}
        },
        "_3aYkeLsyEDqqh4fojmkT1g": {
          "key": "_3aYkeLsyEDqqh4fojmkT1g",
          "name": "raza",
          "type": null,
          "probability": 1,
          "modifiers": [],
          "to_variable": {
            "key": "_KjNPcrszEDqqh4fojmkT1g",
            "name": "raza",
            "type": null,
            "modifiers": [],
            "position": {}
          },
          "position": {}
        }
      }
    },
    "parameters_to_parameters_data_clump-./Gato-_3aYkc7syEDqqh4fojmkT1g-_RgzbELswEDqqh4fojmkT1g-codigofechaNacimientosexopeso": {
      "type": "data_clump",
      "key": "parameters_to_parameters_data_clump-./Gato-_3aYkc7syEDqqh4fojmkT1g-_RgzbELswEDqqh4fojmkT1g-codigofechaNacimientosexopeso",
      "probability": 1,
      "from_file_path": "./Gato",
      "from_class_or_interface_name": "Gato",
      "from_class_or_interface_key": "_3aYkcLsyEDqqh4fojmkT1g",
      "from_method_name": "Gato",
      "from_method_key": "_3aYkc7syEDqqh4fojmkT1g",
      "to_file_path": "./Perro",
      "to_class_or_interface_name": "Perro",
      "to_class_or_interface_key": "_aFH6oLsyEDqqh4fojmkT1g",
      "to_method_name": "Animal",
      "to_method_key": "_RgzbELswEDqqh4fojmkT1g",
      "data_clump_type": "parameters_to_parameters_data_clump",
      "data_clump_data": {
        "_3aYkdLsyEDqqh4fojmkT1g": {
          "key": "_3aYkdLsyEDqqh4fojmkT1g",
          "name": "codigo",
          "type": null,
          "probability": 1,
          "modifiers": [],
          "to_variable": {
            "key": "_TJdlgLsxEDqqh4fojmkT1g",
            "name": "codigo",
            "type": null,
            "modifiers": [],
            "position": {}
          },
          "position": {}
        },
        "_3aYkdbsyEDqqh4fojmkT1g": {
          "key": "_3aYkdbsyEDqqh4fojmkT1g",
          "name": "fechaNacimiento",
          "type": null,
          "probability": 1,
          "modifiers": [],
          "to_variable": {
            "key": "_YRHb0LsxEDqqh4fojmkT1g",
            "name": "fechaNacimiento",
            "type": null,
            "modifiers": [],
            "position": {}
          },
          "position": {}
        },
        "_3aYkdrsyEDqqh4fojmkT1g": {
          "key": "_3aYkdrsyEDqqh4fojmkT1g",
          "name": "sexo",
          "type": null,
          "probability": 1,
          "modifiers": [],
          "to_variable": {
            "key": "_Ym_lMLsxEDqqh4fojmkT1g",
            "name": "sexo",
            "type": null,
            "modifiers": [],
            "position": {}
          },
          "position": {}
        },
        "_3aYkd7syEDqqh4fojmkT1g": {
          "key": "_3aYkd7syEDqqh4fojmkT1g",
          "name": "peso",
          "type": null,
          "probability": 1,
          "modifiers": [],
          "to_variable": {
            "key": "_ecZ5YLsxEDqqh4fojmkT1g",
            "name": "peso",
            "type": null,
            "modifiers": [],
            "position": {}
          },
          "position": {}
        }
      }
    },
    "parameters_to_fields_data_clump-./Gato-_3aYkc7syEDqqh4fojmkT1g-_12PbsLszEDqFNbDIg8XJIA-codigofechaNacimientosexopeso": {
      "type": "data_clump",
      "key": "parameters_to_fields_data_clump-./Gato-_3aYkc7syEDqqh4fojmkT1g-_12PbsLszEDqFNbDIg8XJIA-codigofechaNacimientosexopeso",
      "probability": 1,
      "from_file_path": "./Gato",
      "from_class_or_interface_name": "Gato",
      "from_class_or_interface_key": "_3aYkcLsyEDqqh4fojmkT1g",
      "from_method_name": "Gato",
      "from_method_key": "_3aYkc7syEDqqh4fojmkT1g",
      "to_file_path": "./Animal",
      "to_class_or_interface_name": "Animal",
      "to_class_or_interface_key": "_12PbsLszEDqFNbDIg8XJIA",
      "to_method_name": null,
      "to_method_key": null,
      "data_clump_type": "parameters_to_fields_data_clump",
      "data_clump_data": {
        "_3aYkdLsyEDqqh4fojmkT1g": {
          "key": "_3aYkdLsyEDqqh4fojmkT1g",
          "name": "codigo",
          "type": null,
          "probability": 1,
          "modifiers": [],
          "to_variable": {
            "key": "_12QCwLszEDqFNbDIg8XJIA",
            "name": "codigo",
            "type": null,
            "modifiers": [
              "protected"
            ],
            "position": {}
          },
          "position": {}
        },
        "_3aYkdbsyEDqqh4fojmkT1g": {
          "key": "_3aYkdbsyEDqqh4fojmkT1g",
          "name": "fechaNacimiento",
          "type": null,
          "probability": 1,
          "modifiers": [],
          "to_variable": {
            "key": "_12QCwbszEDqFNbDIg8XJIA",
            "name": "fechaNacimiento",
            "type": null,
            "modifiers": [
              "private"
            ],
            "position": {}
          },
          "position": {}
        },
        "_3aYkdrsyEDqqh4fojmkT1g": {
          "key": "_3aYkdrsyEDqqh4fojmkT1g",
          "name": "sexo",
          "type": null,
          "probability": 1,
          "modifiers": [],
          "to_variable": {
            "key": "_12QCwrszEDqFNbDIg8XJIA",
            "name": "sexo",
            "type": null,
            "modifiers": [
              "private"
            ],
            "position": {}
          },
          "position": {}
        },
        "_3aYkd7syEDqqh4fojmkT1g": {
          "key": "_3aYkd7syEDqqh4fojmkT1g",
          "name": "peso",
          "type": null,
          "probability": 1,
          "modifiers": [],
          "to_variable": {
            "key": "_12QCw7szEDqFNbDIg8XJIA",
            "name": "peso",
            "type": null,
            "modifiers": [
              "private"
            ],
            "position": {}
          },
          "position": {}
        }
      }
    },
    "parameters_to_fields_data_clump-./Gato-_3aYkc7syEDqqh4fojmkT1g-_aFH6oLsyEDqqh4fojmkT1g-codigofechaNacimientosexopesoraza": {
      "type": "data_clump",
      "key": "parameters_to_fields_data_clump-./Gato-_3aYkc7syEDqqh4fojmkT1g-_aFH6oLsyEDqqh4fojmkT1g-codigofechaNacimientosexopesoraza",
      "probability": 1,
      "from_file_path": "./Gato",
      "from_class_or_interface_name": "Gato",
      "from_class_or_interface_key": "_3aYkcLsyEDqqh4fojmkT1g",
      "from_method_name": "Gato",
      "from_method_key": "_3aYkc7syEDqqh4fojmkT1g",
      "to_file_path": "./Perro",
      "to_class_or_interface_name": "Perro",
      "to_class_or_interface_key": "_aFH6oLsyEDqqh4fojmkT1g",
      "to_method_name": null,
      "to_method_key": null,
      "data_clump_type": "parameters_to_fields_data_clump",
      "data_clump_data": {
        "_3aYkdLsyEDqqh4fojmkT1g": {
          "key": "_3aYkdLsyEDqqh4fojmkT1g",
          "name": "codigo",
          "type": null,
          "probability": 1,
          "modifiers": [],
          "to_variable": {
            "key": "_U_lPELswEDqqh4fojmkT1g",
            "name": "codigo",
            "type": null,
            "modifiers": [
              "protected"
            ],
            "position": {}
          },
          "position": {}
        },
        "_3aYkdbsyEDqqh4fojmkT1g": {
          "key": "_3aYkdbsyEDqqh4fojmkT1g",
          "name": "fechaNacimiento",
          "type": null,
          "probability": 1,
          "modifiers": [],
          "to_variable": {
            "key": "_aq82cLswEDqqh4fojmkT1g",
            "name": "fechaNacimiento",
            "type": null,
            "modifiers": [
              "private"
            ],
            "position": {}
          },
          "position": {}
        },
        "_3aYkdrsyEDqqh4fojmkT1g": {
          "key": "_3aYkdrsyEDqqh4fojmkT1g",
          "name": "sexo",
          "type": null,
          "probability": 1,
          "modifiers": [],
          "to_variable": {
            "key": "_bLQuMLswEDqqh4fojmkT1g",
            "name": "sexo",
            "type": null,
            "modifiers": [
              "private"
            ],
            "position": {}
          },
          "position": {}
        },
        "_3aYkd7syEDqqh4fojmkT1g": {
          "key": "_3aYkd7syEDqqh4fojmkT1g",
          "name": "peso",
          "type": null,
          "probability": 1,
          "modifiers": [],
          "to_variable": {
            "key": "_bQIAELswEDqqh4fojmkT1g",
            "name": "peso",
            "type": null,
            "modifiers": [
              "private"
            ],
            "position": {}
          },
          "position": {}
        },
        "_3aYkeLsyEDqqh4fojmkT1g": {
          "key": "_3aYkeLsyEDqqh4fojmkT1g",
          "name": "raza",
          "type": null,
          "probability": 1,
          "modifiers": [],
          "to_variable": {
            "key": "_KjMoYrszEDqqh4fojmkT1g",
            "name": "raza",
            "type": null,
            "modifiers": [
              "private"
            ],
            "position": {}
          },
          "position": {}
        }
      }
    },
    "parameters_to_parameters_data_clump-./Perro-_KjMoY7szEDqqh4fojmkT1g-_8tr0orszEDqFNbDIg8XJIA-codigofechaNacimientosexopeso": {
      "type": "data_clump",
      "key": "parameters_to_parameters_data_clump-./Perro-_KjMoY7szEDqqh4fojmkT1g-_8tr0orszEDqFNbDIg8XJIA-codigofechaNacimientosexopeso",
      "probability": 1,
      "from_file_path": "./Perro",
      "from_class_or_interface_name": "Perro",
      "from_class_or_interface_key": "_aFH6oLsyEDqqh4fojmkT1g",
      "from_method_name": "Perro",
      "from_method_key": "_KjMoY7szEDqqh4fojmkT1g",
      "to_file_path": "./Animal",
      "to_class_or_interface_name": "Animal",
      "to_class_or_interface_key": "_12PbsLszEDqFNbDIg8XJIA",
      "to_method_name": "Animal",
      "to_method_key": "_8tr0orszEDqFNbDIg8XJIA",
      "data_clump_type": "parameters_to_parameters_data_clump",
      "data_clump_data": {
        "_KjMoZLszEDqqh4fojmkT1g": {
          "key": "_KjMoZLszEDqqh4fojmkT1g",
          "name": "codigo",
          "type": null,
          "probability": 1,
          "modifiers": [],
          "to_variable": {
            "key": "_8tr0o7szEDqFNbDIg8XJIA",
            "name": "codigo",
            "type": null,
            "modifiers": [],
            "position": {}
          },
          "position": {}
        },
        "_KjMoZbszEDqqh4fojmkT1g": {
          "key": "_KjMoZbszEDqqh4fojmkT1g",
          "name": "fechaNacimiento",
          "type": null,
          "probability": 1,
          "modifiers": [],
          "to_variable": {
            "key": "_8tr0pLszEDqFNbDIg8XJIA",
            "name": "fechaNacimiento",
            "type": null,
            "modifiers": [],
            "position": {}
          },
          "position": {}
        },
        "_KjNPcLszEDqqh4fojmkT1g": {
          "key": "_KjNPcLszEDqqh4fojmkT1g",
          "name": "sexo",
          "type": null,
          "probability": 1,
          "modifiers": [],
          "to_variable": {
            "key": "_8tr0pbszEDqFNbDIg8XJIA",
            "name": "sexo",
            "type": null,
            "modifiers": [],
            "position": {}
          },
          "position": {}
        },
        "_KjNPcbszEDqqh4fojmkT1g": {
          "key": "_KjNPcbszEDqqh4fojmkT1g",
          "name": "peso",
          "type": null,
          "probability": 1,
          "modifiers": [],
          "to_variable": {
            "key": "_8tr0prszEDqFNbDIg8XJIA",
            "name": "peso",
            "type": null,
            "modifiers": [],
            "position": {}
          },
          "position": {}
        }
      }
    },
    "parameters_to_parameters_data_clump-./Perro-_KjMoY7szEDqqh4fojmkT1g-_3aYkc7syEDqqh4fojmkT1g-codigofechaNacimientosexopesoraza": {
      "type": "data_clump",
      "key": "parameters_to_parameters_data_clump-./Perro-_KjMoY7szEDqqh4fojmkT1g-_3aYkc7syEDqqh4fojmkT1g-codigofechaNacimientosexopesoraza",
      "probability": 1,
      "from_file_path": "./Perro",
      "from_class_or_interface_name": "Perro",
      "from_class_or_interface_key": "_aFH6oLsyEDqqh4fojmkT1g",
      "from_method_name": "Perro",
      "from_method_key": "_KjMoY7szEDqqh4fojmkT1g",
      "to_file_path": "./Gato",
      "to_class_or_interface_name": "Gato",
      "to_class_or_interface_key": "_3aYkcLsyEDqqh4fojmkT1g",
      "to_method_name": "Gato",
      "to_method_key": "_3aYkc7syEDqqh4fojmkT1g",
      "data_clump_type": "parameters_to_parameters_data_clump",
      "data_clump_data": {
        "_KjMoZLszEDqqh4fojmkT1g": {
          "key": "_KjMoZLszEDqqh4fojmkT1g",
          "name": "codigo",
          "type": null,
          "probability": 1,
          "modifiers": [],
          "to_variable": {
            "key": "_3aYkdLsyEDqqh4fojmkT1g",
            "name": "codigo",
            "type": null,
            "modifiers": [],
            "position": {}
          },
          "position": {}
        },
        "_KjMoZbszEDqqh4fojmkT1g": {
          "key": "_KjMoZbszEDqqh4fojmkT1g",
          "name": "fechaNacimiento",
          "type": null,
          "probability": 1,
          "modifiers": [],
          "to_variable": {
            "key": "_3aYkdbsyEDqqh4fojmkT1g",
            "name": "fechaNacimiento",
            "type": null,
            "modifiers": [],
            "position": {}
          },
          "position": {}
        },
        "_KjNPcLszEDqqh4fojmkT1g": {
          "key": "_KjNPcLszEDqqh4fojmkT1g",
          "name": "sexo",
          "type": null,
          "probability": 1,
          "modifiers": [],
          "to_variable": {
            "key": "_3aYkdrsyEDqqh4fojmkT1g",
            "name": "sexo",
            "type": null,
            "modifiers": [],
            "position": {}
          },
          "position": {}
        },
        "_KjNPcbszEDqqh4fojmkT1g": {
          "key": "_KjNPcbszEDqqh4fojmkT1g",
          "name": "peso",
          "type": null,
          "probability": 1,
          "modifiers": [],
          "to_variable": {
            "key": "_3aYkd7syEDqqh4fojmkT1g",
            "name": "peso",
            "type": null,
            "modifiers": [],
            "position": {}
          },
          "position": {}
        },
        "_KjNPcrszEDqqh4fojmkT1g": {
          "key": "_KjNPcrszEDqqh4fojmkT1g",
          "name": "raza",
          "type": null,
          "probability": 1,
          "modifiers": [],
          "to_variable": {
            "key": "_3aYkeLsyEDqqh4fojmkT1g",
            "name": "raza",
            "type": null,
            "modifiers": [],
            "position": {}
          },
          "position": {}
        }
      }
    },
    "parameters_to_parameters_data_clump-./Perro-_KjMoY7szEDqqh4fojmkT1g-_RgzbELswEDqqh4fojmkT1g-codigofechaNacimientosexopeso": {
      "type": "data_clump",
      "key": "parameters_to_parameters_data_clump-./Perro-_KjMoY7szEDqqh4fojmkT1g-_RgzbELswEDqqh4fojmkT1g-codigofechaNacimientosexopeso",
      "probability": 1,
      "from_file_path": "./Perro",
      "from_class_or_interface_name": "Perro",
      "from_class_or_interface_key": "_aFH6oLsyEDqqh4fojmkT1g",
      "from_method_name": "Perro",
      "from_method_key": "_KjMoY7szEDqqh4fojmkT1g",
      "to_file_path": "./Perro",
      "to_class_or_interface_name": "Perro",
      "to_class_or_interface_key": "_aFH6oLsyEDqqh4fojmkT1g",
      "to_method_name": "Animal",
      "to_method_key": "_RgzbELswEDqqh4fojmkT1g",
      "data_clump_type": "parameters_to_parameters_data_clump",
      "data_clump_data": {
        "_KjMoZLszEDqqh4fojmkT1g": {
          "key": "_KjMoZLszEDqqh4fojmkT1g",
          "name": "codigo",
          "type": null,
          "probability": 1,
          "modifiers": [],
          "to_variable": {
            "key": "_TJdlgLsxEDqqh4fojmkT1g",
            "name": "codigo",
            "type": null,
            "modifiers": [],
            "position": {}
          },
          "position": {}
        },
        "_KjMoZbszEDqqh4fojmkT1g": {
          "key": "_KjMoZbszEDqqh4fojmkT1g",
          "name": "fechaNacimiento",
          "type": null,
          "probability": 1,
          "modifiers": [],
          "to_variable": {
            "key": "_YRHb0LsxEDqqh4fojmkT1g",
            "name": "fechaNacimiento",
            "type": null,
            "modifiers": [],
            "position": {}
          },
          "position": {}
        },
        "_KjNPcLszEDqqh4fojmkT1g": {
          "key": "_KjNPcLszEDqqh4fojmkT1g",
          "name": "sexo",
          "type": null,
          "probability": 1,
          "modifiers": [],
          "to_variable": {
            "key": "_Ym_lMLsxEDqqh4fojmkT1g",
            "name": "sexo",
            "type": null,
            "modifiers": [],
            "position": {}
          },
          "position": {}
        },
        "_KjNPcbszEDqqh4fojmkT1g": {
          "key": "_KjNPcbszEDqqh4fojmkT1g",
          "name": "peso",
          "type": null,
          "probability": 1,
          "modifiers": [],
          "to_variable": {
            "key": "_ecZ5YLsxEDqqh4fojmkT1g",
            "name": "peso",
            "type": null,
            "modifiers": [],
            "position": {}
          },
          "position": {}
        }
      }
    },
    "parameters_to_fields_data_clump-./Perro-_KjMoY7szEDqqh4fojmkT1g-_12PbsLszEDqFNbDIg8XJIA-codigofechaNacimientosexopeso": {
      "type": "data_clump",
      "key": "parameters_to_fields_data_clump-./Perro-_KjMoY7szEDqqh4fojmkT1g-_12PbsLszEDqFNbDIg8XJIA-codigofechaNacimientosexopeso",
      "probability": 1,
      "from_file_path": "./Perro",
      "from_class_or_interface_name": "Perro",
      "from_class_or_interface_key": "_aFH6oLsyEDqqh4fojmkT1g",
      "from_method_name": "Perro",
      "from_method_key": "_KjMoY7szEDqqh4fojmkT1g",
      "to_file_path": "./Animal",
      "to_class_or_interface_name": "Animal",
      "to_class_or_interface_key": "_12PbsLszEDqFNbDIg8XJIA",
      "to_method_name": null,
      "to_method_key": null,
      "data_clump_type": "parameters_to_fields_data_clump",
      "data_clump_data": {
        "_KjMoZLszEDqqh4fojmkT1g": {
          "key": "_KjMoZLszEDqqh4fojmkT1g",
          "name": "codigo",
          "type": null,
          "probability": 1,
          "modifiers": [],
          "to_variable": {
            "key": "_12QCwLszEDqFNbDIg8XJIA",
            "name": "codigo",
            "type": null,
            "modifiers": [
              "protected"
            ],
            "position": {}
          },
          "position": {}
        },
        "_KjMoZbszEDqqh4fojmkT1g": {
          "key": "_KjMoZbszEDqqh4fojmkT1g",
          "name": "fechaNacimiento",
          "type": null,
          "probability": 1,
          "modifiers": [],
          "to_variable": {
            "key": "_12QCwbszEDqFNbDIg8XJIA",
            "name": "fechaNacimiento",
            "type": null,
            "modifiers": [
              "private"
            ],
            "position": {}
          },
          "position": {}
        },
        "_KjNPcLszEDqqh4fojmkT1g": {
          "key": "_KjNPcLszEDqqh4fojmkT1g",
          "name": "sexo",
          "type": null,
          "probability": 1,
          "modifiers": [],
          "to_variable": {
            "key": "_12QCwrszEDqFNbDIg8XJIA",
            "name": "sexo",
            "type": null,
            "modifiers": [
              "private"
            ],
            "position": {}
          },
          "position": {}
        },
        "_KjNPcbszEDqqh4fojmkT1g": {
          "key": "_KjNPcbszEDqqh4fojmkT1g",
          "name": "peso",
          "type": null,
          "probability": 1,
          "modifiers": [],
          "to_variable": {
            "key": "_12QCw7szEDqFNbDIg8XJIA",
            "name": "peso",
            "type": null,
            "modifiers": [
              "private"
            ],
            "position": {}
          },
          "position": {}
        }
      }
    },
    "parameters_to_fields_data_clump-./Perro-_KjMoY7szEDqqh4fojmkT1g-_aFH6oLsyEDqqh4fojmkT1g-codigofechaNacimientosexopesoraza": {
      "type": "data_clump",
      "key": "parameters_to_fields_data_clump-./Perro-_KjMoY7szEDqqh4fojmkT1g-_aFH6oLsyEDqqh4fojmkT1g-codigofechaNacimientosexopesoraza",
      "probability": 1,
      "from_file_path": "./Perro",
      "from_class_or_interface_name": "Perro",
      "from_class_or_interface_key": "_aFH6oLsyEDqqh4fojmkT1g",
      "from_method_name": "Perro",
      "from_method_key": "_KjMoY7szEDqqh4fojmkT1g",
      "to_file_path": "./Perro",
      "to_class_or_interface_name": "Perro",
      "to_class_or_interface_key": "_aFH6oLsyEDqqh4fojmkT1g",
      "to_method_name": null,
      "to_method_key": null,
      "data_clump_type": "parameters_to_fields_data_clump",
      "data_clump_data": {
        "_KjMoZLszEDqqh4fojmkT1g": {
          "key": "_KjMoZLszEDqqh4fojmkT1g",
          "name": "codigo",
          "type": null,
          "probability": 1,
          "modifiers": [],
          "to_variable": {
            "key": "_U_lPELswEDqqh4fojmkT1g",
            "name": "codigo",
            "type": null,
            "modifiers": [
              "protected"
            ],
            "position": {}
          },
          "position": {}
        },
        "_KjMoZbszEDqqh4fojmkT1g": {
          "key": "_KjMoZbszEDqqh4fojmkT1g",
          "name": "fechaNacimiento",
          "type": null,
          "probability": 1,
          "modifiers": [],
          "to_variable": {
            "key": "_aq82cLswEDqqh4fojmkT1g",
            "name": "fechaNacimiento",
            "type": null,
            "modifiers": [
              "private"
            ],
            "position": {}
          },
          "position": {}
        },
        "_KjNPcLszEDqqh4fojmkT1g": {
          "key": "_KjNPcLszEDqqh4fojmkT1g",
          "name": "sexo",
          "type": null,
          "probability": 1,
          "modifiers": [],
          "to_variable": {
            "key": "_bLQuMLswEDqqh4fojmkT1g",
            "name": "sexo",
            "type": null,
            "modifiers": [
              "private"
            ],
            "position": {}
          },
          "position": {}
        },
        "_KjNPcbszEDqqh4fojmkT1g": {
          "key": "_KjNPcbszEDqqh4fojmkT1g",
          "name": "peso",
          "type": null,
          "probability": 1,
          "modifiers": [],
          "to_variable": {
            "key": "_bQIAELswEDqqh4fojmkT1g",
            "name": "peso",
            "type": null,
            "modifiers": [
              "private"
            ],
            "position": {}
          },
          "position": {}
        },
        "_KjNPcrszEDqqh4fojmkT1g": {
          "key": "_KjNPcrszEDqqh4fojmkT1g",
          "name": "raza",
          "type": null,
          "probability": 1,
          "modifiers": [],
          "to_variable": {
            "key": "_KjMoYrszEDqqh4fojmkT1g",
            "name": "raza",
            "type": null,
            "modifiers": [
              "private"
            ],
            "position": {}
          },
          "position": {}
        }
      }
    },
    "parameters_to_parameters_data_clump-./Perro-_RgzbELswEDqqh4fojmkT1g-_8tr0orszEDqFNbDIg8XJIA-codigofechaNacimientosexopeso": {
      "type": "data_clump",
      "key": "parameters_to_parameters_data_clump-./Perro-_RgzbELswEDqqh4fojmkT1g-_8tr0orszEDqFNbDIg8XJIA-codigofechaNacimientosexopeso",
      "probability": 1,
      "from_file_path": "./Perro",
      "from_class_or_interface_name": "Perro",
      "from_class_or_interface_key": "_aFH6oLsyEDqqh4fojmkT1g",
      "from_method_name": "Animal",
      "from_method_key": "_RgzbELswEDqqh4fojmkT1g",
      "to_file_path": "./Animal",
      "to_class_or_interface_name": "Animal",
      "to_class_or_interface_key": "_12PbsLszEDqFNbDIg8XJIA",
      "to_method_name": "Animal",
      "to_method_key": "_8tr0orszEDqFNbDIg8XJIA",
      "data_clump_type": "parameters_to_parameters_data_clump",
      "data_clump_data": {
        "_TJdlgLsxEDqqh4fojmkT1g": {
          "key": "_TJdlgLsxEDqqh4fojmkT1g",
          "name": "codigo",
          "type": null,
          "probability": 1,
          "modifiers": [],
          "to_variable": {
            "key": "_8tr0o7szEDqFNbDIg8XJIA",
            "name": "codigo",
            "type": null,
            "modifiers": [],
            "position": {}
          },
          "position": {}
        },
        "_YRHb0LsxEDqqh4fojmkT1g": {
          "key": "_YRHb0LsxEDqqh4fojmkT1g",
          "name": "fechaNacimiento",
          "type": null,
          "probability": 1,
          "modifiers": [],
          "to_variable": {
            "key": "_8tr0pLszEDqFNbDIg8XJIA",
            "name": "fechaNacimiento",
            "type": null,
            "modifiers": [],
            "position": {}
          },
          "position": {}
        },
        "_Ym_lMLsxEDqqh4fojmkT1g": {
          "key": "_Ym_lMLsxEDqqh4fojmkT1g",
          "name": "sexo",
          "type": null,
          "probability": 1,
          "modifiers": [],
          "to_variable": {
            "key": "_8tr0pbszEDqFNbDIg8XJIA",
            "name": "sexo",
            "type": null,
            "modifiers": [],
            "position": {}
          },
          "position": {}
        },
        "_ecZ5YLsxEDqqh4fojmkT1g": {
          "key": "_ecZ5YLsxEDqqh4fojmkT1g",
          "name": "peso",
          "type": null,
          "probability": 1,
          "modifiers": [],
          "to_variable": {
            "key": "_8tr0prszEDqFNbDIg8XJIA",
            "name": "peso",
            "type": null,
            "modifiers": [],
            "position": {}
          },
          "position": {}
        }
      }
    },
    "parameters_to_parameters_data_clump-./Perro-_RgzbELswEDqqh4fojmkT1g-_3aYkc7syEDqqh4fojmkT1g-codigofechaNacimientosexopeso": {
      "type": "data_clump",
      "key": "parameters_to_parameters_data_clump-./Perro-_RgzbELswEDqqh4fojmkT1g-_3aYkc7syEDqqh4fojmkT1g-codigofechaNacimientosexopeso",
      "probability": 1,
      "from_file_path": "./Perro",
      "from_class_or_interface_name": "Perro",
      "from_class_or_interface_key": "_aFH6oLsyEDqqh4fojmkT1g",
      "from_method_name": "Animal",
      "from_method_key": "_RgzbELswEDqqh4fojmkT1g",
      "to_file_path": "./Gato",
      "to_class_or_interface_name": "Gato",
      "to_class_or_interface_key": "_3aYkcLsyEDqqh4fojmkT1g",
      "to_method_name": "Gato",
      "to_method_key": "_3aYkc7syEDqqh4fojmkT1g",
      "data_clump_type": "parameters_to_parameters_data_clump",
      "data_clump_data": {
        "_TJdlgLsxEDqqh4fojmkT1g": {
          "key": "_TJdlgLsxEDqqh4fojmkT1g",
          "name": "codigo",
          "type": null,
          "probability": 1,
          "modifiers": [],
          "to_variable": {
            "key": "_3aYkdLsyEDqqh4fojmkT1g",
            "name": "codigo",
            "type": null,
            "modifiers": [],
            "position": {}
          },
          "position": {}
        },
        "_YRHb0LsxEDqqh4fojmkT1g": {
          "key": "_YRHb0LsxEDqqh4fojmkT1g",
          "name": "fechaNacimiento",
          "type": null,
          "probability": 1,
          "modifiers": [],
          "to_variable": {
            "key": "_3aYkdbsyEDqqh4fojmkT1g",
            "name": "fechaNacimiento",
            "type": null,
            "modifiers": [],
            "position": {}
          },
          "position": {}
        },
        "_Ym_lMLsxEDqqh4fojmkT1g": {
          "key": "_Ym_lMLsxEDqqh4fojmkT1g",
          "name": "sexo",
          "type": null,
          "probability": 1,
          "modifiers": [],
          "to_variable": {
            "key": "_3aYkdrsyEDqqh4fojmkT1g",
            "name": "sexo",
            "type": null,
            "modifiers": [],
            "position": {}
          },
          "position": {}
        },
        "_ecZ5YLsxEDqqh4fojmkT1g": {
          "key": "_ecZ5YLsxEDqqh4fojmkT1g",
          "name": "peso",
          "type": null,
          "probability": 1,
          "modifiers": [],
          "to_variable": {
            "key": "_3aYkd7syEDqqh4fojmkT1g",
            "name": "peso",
            "type": null,
            "modifiers": [],
            "position": {}
          },
          "position": {}
        }
      }
    },
    "parameters_to_parameters_data_clump-./Perro-_RgzbELswEDqqh4fojmkT1g-_KjMoY7szEDqqh4fojmkT1g-codigofechaNacimientosexopeso": {
      "type": "data_clump",
      "key": "parameters_to_parameters_data_clump-./Perro-_RgzbELswEDqqh4fojmkT1g-_KjMoY7szEDqqh4fojmkT1g-codigofechaNacimientosexopeso",
      "probability": 1,
      "from_file_path": "./Perro",
      "from_class_or_interface_name": "Perro",
      "from_class_or_interface_key": "_aFH6oLsyEDqqh4fojmkT1g",
      "from_method_name": "Animal",
      "from_method_key": "_RgzbELswEDqqh4fojmkT1g",
      "to_file_path": "./Perro",
      "to_class_or_interface_name": "Perro",
      "to_class_or_interface_key": "_aFH6oLsyEDqqh4fojmkT1g",
      "to_method_name": "Perro",
      "to_method_key": "_KjMoY7szEDqqh4fojmkT1g",
      "data_clump_type": "parameters_to_parameters_data_clump",
      "data_clump_data": {
        "_TJdlgLsxEDqqh4fojmkT1g": {
          "key": "_TJdlgLsxEDqqh4fojmkT1g",
          "name": "codigo",
          "type": null,
          "probability": 1,
          "modifiers": [],
          "to_variable": {
            "key": "_KjMoZLszEDqqh4fojmkT1g",
            "name": "codigo",
            "type": null,
            "modifiers": [],
            "position": {}
          },
          "position": {}
        },
        "_YRHb0LsxEDqqh4fojmkT1g": {
          "key": "_YRHb0LsxEDqqh4fojmkT1g",
          "name": "fechaNacimiento",
          "type": null,
          "probability": 1,
          "modifiers": [],
          "to_variable": {
            "key": "_KjMoZbszEDqqh4fojmkT1g",
            "name": "fechaNacimiento",
            "type": null,
            "modifiers": [],
            "position": {}
          },
          "position": {}
        },
        "_Ym_lMLsxEDqqh4fojmkT1g": {
          "key": "_Ym_lMLsxEDqqh4fojmkT1g",
          "name": "sexo",
          "type": null,
          "probability": 1,
          "modifiers": [],
          "to_variable": {
            "key": "_KjNPcLszEDqqh4fojmkT1g",
            "name": "sexo",
            "type": null,
            "modifiers": [],
            "position": {}
          },
          "position": {}
        },
        "_ecZ5YLsxEDqqh4fojmkT1g": {
          "key": "_ecZ5YLsxEDqqh4fojmkT1g",
          "name": "peso",
          "type": null,
          "probability": 1,
          "modifiers": [],
          "to_variable": {
            "key": "_KjNPcbszEDqqh4fojmkT1g",
            "name": "peso",
            "type": null,
            "modifiers": [],
            "position": {}
          },
          "position": {}
        }
      }
    },
    "parameters_to_fields_data_clump-./Perro-_RgzbELswEDqqh4fojmkT1g-_12PbsLszEDqFNbDIg8XJIA-codigofechaNacimientosexopeso": {
      "type": "data_clump",
      "key": "parameters_to_fields_data_clump-./Perro-_RgzbELswEDqqh4fojmkT1g-_12PbsLszEDqFNbDIg8XJIA-codigofechaNacimientosexopeso",
      "probability": 1,
      "from_file_path": "./Perro",
      "from_class_or_interface_name": "Perro",
      "from_class_or_interface_key": "_aFH6oLsyEDqqh4fojmkT1g",
      "from_method_name": "Animal",
      "from_method_key": "_RgzbELswEDqqh4fojmkT1g",
      "to_file_path": "./Animal",
      "to_class_or_interface_name": "Animal",
      "to_class_or_interface_key": "_12PbsLszEDqFNbDIg8XJIA",
      "to_method_name": null,
      "to_method_key": null,
      "data_clump_type": "parameters_to_fields_data_clump",
      "data_clump_data": {
        "_TJdlgLsxEDqqh4fojmkT1g": {
          "key": "_TJdlgLsxEDqqh4fojmkT1g",
          "name": "codigo",
          "type": null,
          "probability": 1,
          "modifiers": [],
          "to_variable": {
            "key": "_12QCwLszEDqFNbDIg8XJIA",
            "name": "codigo",
            "type": null,
            "modifiers": [
              "protected"
            ],
            "position": {}
          },
          "position": {}
        },
        "_YRHb0LsxEDqqh4fojmkT1g": {
          "key": "_YRHb0LsxEDqqh4fojmkT1g",
          "name": "fechaNacimiento",
          "type": null,
          "probability": 1,
          "modifiers": [],
          "to_variable": {
            "key": "_12QCwbszEDqFNbDIg8XJIA",
            "name": "fechaNacimiento",
            "type": null,
            "modifiers": [
              "private"
            ],
            "position": {}
          },
          "position": {}
        },
        "_Ym_lMLsxEDqqh4fojmkT1g": {
          "key": "_Ym_lMLsxEDqqh4fojmkT1g",
          "name": "sexo",
          "type": null,
          "probability": 1,
          "modifiers": [],
          "to_variable": {
            "key": "_12QCwrszEDqFNbDIg8XJIA",
            "name": "sexo",
            "type": null,
            "modifiers": [
              "private"
            ],
            "position": {}
          },
          "position": {}
        },
        "_ecZ5YLsxEDqqh4fojmkT1g": {
          "key": "_ecZ5YLsxEDqqh4fojmkT1g",
          "name": "peso",
          "type": null,
          "probability": 1,
          "modifiers": [],
          "to_variable": {
            "key": "_12QCw7szEDqFNbDIg8XJIA",
            "name": "peso",
            "type": null,
            "modifiers": [
              "private"
            ],
            "position": {}
          },
          "position": {}
        }
      }
    },
    "parameters_to_fields_data_clump-./Perro-_RgzbELswEDqqh4fojmkT1g-_aFH6oLsyEDqqh4fojmkT1g-codigofechaNacimientosexopeso": {
      "type": "data_clump",
      "key": "parameters_to_fields_data_clump-./Perro-_RgzbELswEDqqh4fojmkT1g-_aFH6oLsyEDqqh4fojmkT1g-codigofechaNacimientosexopeso",
      "probability": 1,
      "from_file_path": "./Perro",
      "from_class_or_interface_name": "Perro",
      "from_class_or_interface_key": "_aFH6oLsyEDqqh4fojmkT1g",
      "from_method_name": "Animal",
      "from_method_key": "_RgzbELswEDqqh4fojmkT1g",
      "to_file_path": "./Perro",
      "to_class_or_interface_name": "Perro",
      "to_class_or_interface_key": "_aFH6oLsyEDqqh4fojmkT1g",
      "to_method_name": null,
      "to_method_key": null,
      "data_clump_type": "parameters_to_fields_data_clump",
      "data_clump_data": {
        "_TJdlgLsxEDqqh4fojmkT1g": {
          "key": "_TJdlgLsxEDqqh4fojmkT1g",
          "name": "codigo",
          "type": null,
          "probability": 1,
          "modifiers": [],
          "to_variable": {
            "key": "_U_lPELswEDqqh4fojmkT1g",
            "name": "codigo",
            "type": null,
            "modifiers": [
              "protected"
            ],
            "position": {}
          },
          "position": {}
        },
        "_YRHb0LsxEDqqh4fojmkT1g": {
          "key": "_YRHb0LsxEDqqh4fojmkT1g",
          "name": "fechaNacimiento",
          "type": null,
          "probability": 1,
          "modifiers": [],
          "to_variable": {
            "key": "_aq82cLswEDqqh4fojmkT1g",
            "name": "fechaNacimiento",
            "type": null,
            "modifiers": [
              "private"
            ],
            "position": {}
          },
          "position": {}
        },
        "_Ym_lMLsxEDqqh4fojmkT1g": {
          "key": "_Ym_lMLsxEDqqh4fojmkT1g",
          "name": "sexo",
          "type": null,
          "probability": 1,
          "modifiers": [],
          "to_variable": {
            "key": "_bLQuMLswEDqqh4fojmkT1g",
            "name": "sexo",
            "type": null,
            "modifiers": [
              "private"
            ],
            "position": {}
          },
          "position": {}
        },
        "_ecZ5YLsxEDqqh4fojmkT1g": {
          "key": "_ecZ5YLsxEDqqh4fojmkT1g",
          "name": "peso",
          "type": null,
          "probability": 1,
          "modifiers": [],
          "to_variable": {
            "key": "_bQIAELswEDqqh4fojmkT1g",
            "name": "peso",
            "type": null,
            "modifiers": [
              "private"
            ],
            "position": {}
          },
          "position": {}
        }
      }
    },
    "fields_to_fields_data_clump-./Animal-_12PbsLszEDqFNbDIg8XJIA-_aFH6oLsyEDqqh4fojmkT1g-codigofechaNacimientosexopeso": {
      "type": "data_clump",
      "key": "fields_to_fields_data_clump-./Animal-_12PbsLszEDqFNbDIg8XJIA-_aFH6oLsyEDqqh4fojmkT1g-codigofechaNacimientosexopeso",
      "probability": 1,
      "from_file_path": "./Animal",
      "from_class_or_interface_name": "Animal",
      "from_class_or_interface_key": "_12PbsLszEDqFNbDIg8XJIA",
      "from_method_name": null,
      "from_method_key": null,
      "to_file_path": "./Perro",
      "to_class_or_interface_key": "_aFH6oLsyEDqqh4fojmkT1g",
      "to_class_or_interface_name": "Animal",
      "to_method_key": null,
      "to_method_name": null,
      "data_clump_type": "fields_to_fields_data_clump",
      "data_clump_data": {
        "_12QCwLszEDqFNbDIg8XJIA": {
          "key": "_12QCwLszEDqFNbDIg8XJIA",
          "name": "codigo",
          "type": null,
          "probability": 1,
          "modifiers": [
            "protected"
          ],
          "to_variable": {
            "key": "_U_lPELswEDqqh4fojmkT1g",
            "name": "codigo",
            "type": null,
            "modifiers": [
              "protected"
            ],
            "position": {}
          },
          "position": {}
        },
        "_12QCwbszEDqFNbDIg8XJIA": {
          "key": "_12QCwbszEDqFNbDIg8XJIA",
          "name": "fechaNacimiento",
          "type": null,
          "probability": 1,
          "modifiers": [
            "private"
          ],
          "to_variable": {
            "key": "_aq82cLswEDqqh4fojmkT1g",
            "name": "fechaNacimiento",
            "type": null,
            "modifiers": [
              "private"
            ],
            "position": {}
          },
          "position": {}
        },
        "_12QCwrszEDqFNbDIg8XJIA": {
          "key": "_12QCwrszEDqFNbDIg8XJIA",
          "name": "sexo",
          "type": null,
          "probability": 1,
          "modifiers": [
            "private"
          ],
          "to_variable": {
            "key": "_bLQuMLswEDqqh4fojmkT1g",
            "name": "sexo",
            "type": null,
            "modifiers": [
              "private"
            ],
            "position": {}
          },
          "position": {}
        },
        "_12QCw7szEDqFNbDIg8XJIA": {
          "key": "_12QCw7szEDqFNbDIg8XJIA",
          "name": "peso",
          "type": null,
          "probability": 1,
          "modifiers": [
            "private"
          ],
          "to_variable": {
            "key": "_bQIAELswEDqqh4fojmkT1g",
            "name": "peso",
            "type": null,
            "modifiers": [
              "private"
            ],
            "position": {}
          },
          "position": {}
        }
      }
    },
    "fields_to_fields_data_clump-./Perro-_aFH6oLsyEDqqh4fojmkT1g-_12PbsLszEDqFNbDIg8XJIA-codigofechaNacimientosexopeso": {
      "type": "data_clump",
      "key": "fields_to_fields_data_clump-./Perro-_aFH6oLsyEDqqh4fojmkT1g-_12PbsLszEDqFNbDIg8XJIA-codigofechaNacimientosexopeso",
      "probability": 1,
      "from_file_path": "./Perro",
      "from_class_or_interface_name": "Perro",
      "from_class_or_interface_key": "_aFH6oLsyEDqqh4fojmkT1g",
      "from_method_name": null,
      "from_method_key": null,
      "to_file_path": "./Animal",
      "to_class_or_interface_key": "_12PbsLszEDqFNbDIg8XJIA",
      "to_class_or_interface_name": "Perro",
      "to_method_key": null,
      "to_method_name": null,
      "data_clump_type": "fields_to_fields_data_clump",
      "data_clump_data": {
        "_U_lPELswEDqqh4fojmkT1g": {
          "key": "_U_lPELswEDqqh4fojmkT1g",
          "name": "codigo",
          "type": null,
          "probability": 1,
          "modifiers": [
            "protected"
          ],
          "to_variable": {
            "key": "_12QCwLszEDqFNbDIg8XJIA",
            "name": "codigo",
            "type": null,
            "modifiers": [
              "protected"
            ],
            "position": {}
          },
          "position": {}
        },
        "_aq82cLswEDqqh4fojmkT1g": {
          "key": "_aq82cLswEDqqh4fojmkT1g",
          "name": "fechaNacimiento",
          "type": null,
          "probability": 1,
          "modifiers": [
            "private"
          ],
          "to_variable": {
            "key": "_12QCwbszEDqFNbDIg8XJIA",
            "name": "fechaNacimiento",
            "type": null,
            "modifiers": [
              "private"
            ],
            "position": {}
          },
          "position": {}
        },
        "_bLQuMLswEDqqh4fojmkT1g": {
          "key": "_bLQuMLswEDqqh4fojmkT1g",
          "name": "sexo",
          "type": null,
          "probability": 1,
          "modifiers": [
            "private"
          ],
          "to_variable": {
            "key": "_12QCwrszEDqFNbDIg8XJIA",
            "name": "sexo",
            "type": null,
            "modifiers": [
              "private"
            ],
            "position": {}
          },
          "position": {}
        },
        "_bQIAELswEDqqh4fojmkT1g": {
          "key": "_bQIAELswEDqqh4fojmkT1g",
          "name": "peso",
          "type": null,
          "probability": 1,
          "modifiers": [
            "private"
          ],
          "to_variable": {
            "key": "_12QCw7szEDqFNbDIg8XJIA",
            "name": "peso",
            "type": null,
            "modifiers": [
              "private"
            ],
            "position": {}
          },
          "position": {}
        }
      }
    }
  }
}