{
  "report_version": "unknown",
  "report_timestamp": "2025-03-26T21:54:48.392Z",
  "target_language": "java",
  "report_summary": {
    "additional": null,
    "amount_classes_or_interfaces_with_data_clumps": 2,
    "amount_files_with_data_clumps": 2,
    "amount_methods_with_data_clumps": 0,
    "fields_to_fields_data_clump": 2,
    "parameters_to_fields_data_clump": 0,
    "parameters_to_parameters_data_clump": 0,
    "amount_data_clumps": 2
  },
  "project_info": {
    "project_url": "unknown_project_url",
    "project_name": "_Zqme8E_7Eeu9ts3EO9yYXg",
    "project_version": "unknown_project_version",
    "project_commit_hash": "unknown",
    "project_tag": null,
    "project_commit_date": null,
    "additional": {},
    "number_of_files": 16,
    "number_of_classes_or_interfaces": 16,
    "number_of_methods": 0,
    "number_of_data_fields": 57,
    "number_of_method_parameters": 0
  },
  "detector": {
    "name": "data-clumps-doctor",
    "url": "https://github.com/NilsBaumgartner1994/data-clumps-doctor",
    "version": "0.1.100",
    "options": {
      "typeVariablesConsidered": false,
      "similarityModifierOfVariablesWithUnknownType": 0,
      "fieldsOfClassesWithUnknownHierarchyProbabilityModifier": 0,
      "sharedFieldsToFieldsAmountMinimum": 3,
      "analyseFieldsInClassesOrInterfacesInheritedFromSuperClassesOrInterfaces": false,
      "sharedParametersToParametersAmountMinimum": 3,
      "sharedParametersToFieldsAmountMinimum": 3,
      "methodsOfClassesOrInterfacesWithUnknownHierarchyProbabilityModifier": 0
    }
  },
  "data_clumps": {
    "fields_to_fields_data_clump-./Localizzazione-_WVCTYDJREDm6Xa7R5GDL_A-_HnJ-8DIrEDmlkIBWn1jRMA-idlatitudinelongitude": {
      "type": "data_clump",
      "key": "fields_to_fields_data_clump-./Localizzazione-_WVCTYDJREDm6Xa7R5GDL_A-_HnJ-8DIrEDmlkIBWn1jRMA-idlatitudinelongitude",
      "probability": 1,
      "from_file_path": "./Localizzazione",
      "from_class_or_interface_name": "Localizzazione",
      "from_class_or_interface_key": "_WVCTYDJREDm6Xa7R5GDL_A",
      "from_method_name": null,
      "from_method_key": null,
      "to_file_path": "./PSerr",
      "to_class_or_interface_key": "_HnJ-8DIrEDmlkIBWn1jRMA",
      "to_class_or_interface_name": "Localizzazione",
      "to_method_key": null,
      "to_method_name": null,
      "data_clump_type": "fields_to_fields_data_clump",
      "data_clump_data": {
        "_ekrOgTJ2EDm6Xa7R5GDL_A": {
          "key": "_ekrOgTJ2EDm6Xa7R5GDL_A",
          "name": "id",
          "type": null,
          "probability": 1,
          "modifiers": [
            "private"
          ],
          "to_variable": {
            "key": "_lD4toDJ2EDm6Xa7R5GDL_A",
            "name": "id",
            "type": null,
            "modifiers": [
              "private"
            ],
            "position": {}
          },
          "position": {}
        },
        "_WVC6cTJREDm6Xa7R5GDL_A": {
          "key": "_WVC6cTJREDm6Xa7R5GDL_A",
          "name": "latitudine",
          "type": null,
          "probability": 1,
          "modifiers": [
            "private"
          ],
          "to_variable": {
            "key": "_VUVEIDIsEDmlkIBWn1jRMA",
            "name": "latitudine",
            "type": null,
            "modifiers": [
              "private"
            ],
            "position": {}
          },
          "position": {}
        },
        "_WVC6cjJREDm6Xa7R5GDL_A": {
          "key": "_WVC6cjJREDm6Xa7R5GDL_A",
          "name": "longitude",
          "type": null,
          "probability": 1,
          "modifiers": [
            "private"
          ],
          "to_variable": {
            "key": "_XZHmYDIsEDmlkIBWn1jRMA",
            "name": "longitude",
            "type": null,
            "modifiers": [
              "private"
            ],
            "position": {}
          },
          "position": {}
        }
      }
    },
    "fields_to_fields_data_clump-./PSerr-_HnJ-8DIrEDmlkIBWn1jRMA-_WVCTYDJREDm6Xa7R5GDL_A-idlatitudinelongitude": {
      "type": "data_clump",
      "key": "fields_to_fields_data_clump-./PSerr-_HnJ-8DIrEDmlkIBWn1jRMA-_WVCTYDJREDm6Xa7R5GDL_A-idlatitudinelongitude",
      "probability": 1,
      "from_file_path": "./PSerr",
      "from_class_or_interface_name": "PSerr",
      "from_class_or_interface_key": "_HnJ-8DIrEDmlkIBWn1jRMA",
      "from_method_name": null,
      "from_method_key": null,
      "to_file_path": "./Localizzazione",
      "to_class_or_interface_key": "_WVCTYDJREDm6Xa7R5GDL_A",
      "to_class_or_interface_name": "PSerr",
      "to_method_key": null,
      "to_method_name": null,
      "data_clump_type": "fields_to_fields_data_clump",
      "data_clump_data": {
        "_lD4toDJ2EDm6Xa7R5GDL_A": {
          "key": "_lD4toDJ2EDm6Xa7R5GDL_A",
          "name": "id",
          "type": null,
          "probability": 1,
          "modifiers": [
            "private"
          ],
          "to_variable": {
            "key": "_ekrOgTJ2EDm6Xa7R5GDL_A",
            "name": "id",
            "type": null,
            "modifiers": [
              "private"
            ],
            "position": {}
          },
          "position": {}
        },
        "_VUVEIDIsEDmlkIBWn1jRMA": {
          "key": "_VUVEIDIsEDmlkIBWn1jRMA",
          "name": "latitudine",
          "type": null,
          "probability": 1,
          "modifiers": [
            "private"
          ],
          "to_variable": {
            "key": "_WVC6cTJREDm6Xa7R5GDL_A",
            "name": "latitudine",
            "type": null,
            "modifiers": [
              "private"
            ],
            "position": {}
          },
          "position": {}
        },
        "_XZHmYDIsEDmlkIBWn1jRMA": {
          "key": "_XZHmYDIsEDmlkIBWn1jRMA",
          "name": "longitude",
          "type": null,
          "probability": 1,
          "modifiers": [
            "private"
          ],
          "to_variable": {
            "key": "_WVC6cjJREDm6Xa7R5GDL_A",
            "name": "longitude",
            "type": null,
            "modifiers": [
              "private"
            ],
            "position": {}
          },
          "position": {}
        }
      }
    }
  }
}