{
  "report_version": "unknown",
  "report_timestamp": "2025-03-26T23:07:14.982Z",
  "target_language": "java",
  "report_summary": {
    "additional": null,
    "amount_classes_or_interfaces_with_data_clumps": 2,
    "amount_files_with_data_clumps": 2,
    "amount_methods_with_data_clumps": 0,
    "fields_to_fields_data_clump": 2,
    "parameters_to_fields_data_clump": 0,
    "parameters_to_parameters_data_clump": 0,
    "amount_data_clumps": 2
  },
  "project_info": {
    "project_url": "unknown_project_url",
    "project_name": "cd3adde5-0c93-485c-a229-039a8c5396a7",
    "project_version": "unknown_project_version",
    "project_commit_hash": "unknown",
    "project_tag": null,
    "project_commit_date": null,
    "additional": {},
    "number_of_files": 7,
    "number_of_classes_or_interfaces": 7,
    "number_of_methods": 35,
    "number_of_data_fields": 22,
    "number_of_method_parameters": 0
  },
  "detector": {
    "name": "data-clumps-doctor",
    "url": "https://github.com/NilsBaumgartner1994/data-clumps-doctor",
    "version": "0.1.100",
    "options": {
      "typeVariablesConsidered": false,
      "similarityModifierOfVariablesWithUnknownType": 0,
      "fieldsOfClassesWithUnknownHierarchyProbabilityModifier": 0,
      "sharedFieldsToFieldsAmountMinimum": 3,
      "analyseFieldsInClassesOrInterfacesInheritedFromSuperClassesOrInterfaces": false,
      "sharedParametersToParametersAmountMinimum": 3,
      "sharedParametersToFieldsAmountMinimum": 3,
      "methodsOfClassesOrInterfacesWithUnknownHierarchyProbabilityModifier": 0
    }
  },
  "data_clumps": {
    "fields_to_fields_data_clump-./Employee-_5CSrQHB_EDSZBvQ7eHXm5Q-_vwU7MHCAEDSZBvQ7eHXm5Q-NameAdgeGenderSsn": {
      "type": "data_clump",
      "key": "fields_to_fields_data_clump-./Employee-_5CSrQHB_EDSZBvQ7eHXm5Q-_vwU7MHCAEDSZBvQ7eHXm5Q-NameAdgeGenderSsn",
      "probability": 1,
      "from_file_path": "./Employee",
      "from_class_or_interface_name": "Employee",
      "from_class_or_interface_key": "_5CSrQHB_EDSZBvQ7eHXm5Q",
      "from_method_name": null,
      "from_method_key": null,
      "to_file_path": "./patient",
      "to_class_or_interface_key": "_vwU7MHCAEDSZBvQ7eHXm5Q",
      "to_class_or_interface_name": "Employee",
      "to_method_key": null,
      "to_method_name": null,
      "data_clump_type": "fields_to_fields_data_clump",
      "data_clump_data": {
        "_WMQV8HB-EDSZBvQ7eHXm5Q": {
          "key": "_WMQV8HB-EDSZBvQ7eHXm5Q",
          "name": "Name",
          "type": null,
          "probability": 1,
          "modifiers": [],
          "to_variable": {
            "key": "_2GWpIHCAEDSZBvQ7eHXm5Q",
            "name": "Name",
            "type": null,
            "modifiers": [],
            "position": {}
          },
          "position": {}
        },
        "_ZMX4AHB-EDSZBvQ7eHXm5Q": {
          "key": "_ZMX4AHB-EDSZBvQ7eHXm5Q",
          "name": "Adge",
          "type": null,
          "probability": 1,
          "modifiers": [],
          "to_variable": {
            "key": "_4sTXsHCAEDSZBvQ7eHXm5Q",
            "name": "Adge",
            "type": null,
            "modifiers": [],
            "position": {}
          },
          "position": {}
        },
        "_qrgoYHB-EDSZBvQ7eHXm5Q": {
          "key": "_qrgoYHB-EDSZBvQ7eHXm5Q",
          "name": "Gender",
          "type": null,
          "probability": 1,
          "modifiers": [],
          "to_variable": {
            "key": "_6guisHCAEDSZBvQ7eHXm5Q",
            "name": "Gender",
            "type": null,
            "modifiers": [],
            "position": {}
          },
          "position": {}
        },
        "_ETnD8HB_EDSZBvQ7eHXm5Q": {
          "key": "_ETnD8HB_EDSZBvQ7eHXm5Q",
          "name": "Ssn",
          "type": null,
          "probability": 1,
          "modifiers": [],
          "to_variable": {
            "key": "__mCPoHCAEDSZBvQ7eHXm5Q",
            "name": "Ssn",
            "type": null,
            "modifiers": [],
            "position": {}
          },
          "position": {}
        }
      }
    },
    "fields_to_fields_data_clump-./patient-_vwU7MHCAEDSZBvQ7eHXm5Q-_5CSrQHB_EDSZBvQ7eHXm5Q-NameAdgeGenderSsn": {
      "type": "data_clump",
      "key": "fields_to_fields_data_clump-./patient-_vwU7MHCAEDSZBvQ7eHXm5Q-_5CSrQHB_EDSZBvQ7eHXm5Q-NameAdgeGenderSsn",
      "probability": 1,
      "from_file_path": "./patient",
      "from_class_or_interface_name": "patient",
      "from_class_or_interface_key": "_vwU7MHCAEDSZBvQ7eHXm5Q",
      "from_method_name": null,
      "from_method_key": null,
      "to_file_path": "./Employee",
      "to_class_or_interface_key": "_5CSrQHB_EDSZBvQ7eHXm5Q",
      "to_class_or_interface_name": "patient",
      "to_method_key": null,
      "to_method_name": null,
      "data_clump_type": "fields_to_fields_data_clump",
      "data_clump_data": {
        "_2GWpIHCAEDSZBvQ7eHXm5Q": {
          "key": "_2GWpIHCAEDSZBvQ7eHXm5Q",
          "name": "Name",
          "type": null,
          "probability": 1,
          "modifiers": [],
          "to_variable": {
            "key": "_WMQV8HB-EDSZBvQ7eHXm5Q",
            "name": "Name",
            "type": null,
            "modifiers": [],
            "position": {}
          },
          "position": {}
        },
        "_4sTXsHCAEDSZBvQ7eHXm5Q": {
          "key": "_4sTXsHCAEDSZBvQ7eHXm5Q",
          "name": "Adge",
          "type": null,
          "probability": 1,
          "modifiers": [],
          "to_variable": {
            "key": "_ZMX4AHB-EDSZBvQ7eHXm5Q",
            "name": "Adge",
            "type": null,
            "modifiers": [],
            "position": {}
          },
          "position": {}
        },
        "_6guisHCAEDSZBvQ7eHXm5Q": {
          "key": "_6guisHCAEDSZBvQ7eHXm5Q",
          "name": "Gender",
          "type": null,
          "probability": 1,
          "modifiers": [],
          "to_variable": {
            "key": "_qrgoYHB-EDSZBvQ7eHXm5Q",
            "name": "Gender",
            "type": null,
            "modifiers": [],
            "position": {}
          },
          "position": {}
        },
        "__mCPoHCAEDSZBvQ7eHXm5Q": {
          "key": "__mCPoHCAEDSZBvQ7eHXm5Q",
          "name": "Ssn",
          "type": null,
          "probability": 1,
          "modifiers": [],
          "to_variable": {
            "key": "_ETnD8HB_EDSZBvQ7eHXm5Q",
            "name": "Ssn",
            "type": null,
            "modifiers": [],
            "position": {}
          },
          "position": {}
        }
      }
    }
  }
}