{
  "report_version": "unknown",
  "report_timestamp": "2025-03-26T23:08:11.170Z",
  "target_language": "java",
  "report_summary": {
    "additional": null,
    "amount_classes_or_interfaces_with_data_clumps": 2,
    "amount_files_with_data_clumps": 2,
    "amount_methods_with_data_clumps": 0,
    "fields_to_fields_data_clump": 2,
    "parameters_to_fields_data_clump": 0,
    "parameters_to_parameters_data_clump": 0,
    "amount_data_clumps": 2
  },
  "project_info": {
    "project_url": "unknown_project_url",
    "project_name": "44d29e14-f5a7-4f5b-be4c-5d42dbdba864",
    "project_version": "unknown_project_version",
    "project_commit_hash": "unknown",
    "project_tag": null,
    "project_commit_date": null,
    "additional": {},
    "number_of_files": 6,
    "number_of_classes_or_interfaces": 6,
    "number_of_methods": 39,
    "number_of_data_fields": 23,
    "number_of_method_parameters": 0
  },
  "detector": {
    "name": "data-clumps-doctor",
    "url": "https://github.com/NilsBaumgartner1994/data-clumps-doctor",
    "version": "0.1.100",
    "options": {
      "typeVariablesConsidered": false,
      "similarityModifierOfVariablesWithUnknownType": 0,
      "fieldsOfClassesWithUnknownHierarchyProbabilityModifier": 0,
      "sharedFieldsToFieldsAmountMinimum": 3,
      "analyseFieldsInClassesOrInterfacesInheritedFromSuperClassesOrInterfaces": false,
      "sharedParametersToParametersAmountMinimum": 3,
      "sharedParametersToFieldsAmountMinimum": 3,
      "methodsOfClassesOrInterfacesWithUnknownHierarchyProbabilityModifier": 0
    }
  },
  "data_clumps": {
    "fields_to_fields_data_clump-./LMS-_E8EhYBznEDKee41kEiN4Hw-_LjT38BzjEDKee41kEiN4Hw-addressphoneemail": {
      "type": "data_clump",
      "key": "fields_to_fields_data_clump-./LMS-_E8EhYBznEDKee41kEiN4Hw-_LjT38BzjEDKee41kEiN4Hw-addressphoneemail",
      "probability": 1,
      "from_file_path": "./LMS",
      "from_class_or_interface_name": "LMS",
      "from_class_or_interface_key": "_E8EhYBznEDKee41kEiN4Hw",
      "from_method_name": null,
      "from_method_key": null,
      "to_file_path": "./Patron",
      "to_class_or_interface_key": "_LjT38BzjEDKee41kEiN4Hw",
      "to_class_or_interface_name": "LMS",
      "to_method_key": null,
      "to_method_name": null,
      "data_clump_type": "fields_to_fields_data_clump",
      "data_clump_data": {
        "_GhN6QBznEDKee41kEiN4Hw": {
          "key": "_GhN6QBznEDKee41kEiN4Hw",
          "name": "address",
          "type": null,
          "probability": 1,
          "modifiers": [],
          "to_variable": {
            "key": "_ugYJsBzhEDKee41kEiN4Hw",
            "name": "address",
            "type": null,
            "modifiers": [],
            "position": {}
          },
          "position": {}
        },
        "_IwCiQBznEDKee41kEiN4Hw": {
          "key": "_IwCiQBznEDKee41kEiN4Hw",
          "name": "phone",
          "type": null,
          "probability": 1,
          "modifiers": [],
          "to_variable": {
            "key": "_yg5_4BzhEDKee41kEiN4Hw",
            "name": "phone",
            "type": null,
            "modifiers": [],
            "position": {}
          },
          "position": {}
        },
        "_M_V0QBznEDKee41kEiN4Hw": {
          "key": "_M_V0QBznEDKee41kEiN4Hw",
          "name": "email",
          "type": null,
          "probability": 1,
          "modifiers": [],
          "to_variable": {
            "key": "_zuTnIBzhEDKee41kEiN4Hw",
            "name": "email",
            "type": null,
            "modifiers": [],
            "position": {}
          },
          "position": {}
        }
      }
    },
    "fields_to_fields_data_clump-./Patron-_LjT38BzjEDKee41kEiN4Hw-_E8EhYBznEDKee41kEiN4Hw-addressphoneemail": {
      "type": "data_clump",
      "key": "fields_to_fields_data_clump-./Patron-_LjT38BzjEDKee41kEiN4Hw-_E8EhYBznEDKee41kEiN4Hw-addressphoneemail",
      "probability": 1,
      "from_file_path": "./Patron",
      "from_class_or_interface_name": "Patron",
      "from_class_or_interface_key": "_LjT38BzjEDKee41kEiN4Hw",
      "from_method_name": null,
      "from_method_key": null,
      "to_file_path": "./LMS",
      "to_class_or_interface_key": "_E8EhYBznEDKee41kEiN4Hw",
      "to_class_or_interface_name": "Patron",
      "to_method_key": null,
      "to_method_name": null,
      "data_clump_type": "fields_to_fields_data_clump",
      "data_clump_data": {
        "_ugYJsBzhEDKee41kEiN4Hw": {
          "key": "_ugYJsBzhEDKee41kEiN4Hw",
          "name": "address",
          "type": null,
          "probability": 1,
          "modifiers": [],
          "to_variable": {
            "key": "_GhN6QBznEDKee41kEiN4Hw",
            "name": "address",
            "type": null,
            "modifiers": [],
            "position": {}
          },
          "position": {}
        },
        "_yg5_4BzhEDKee41kEiN4Hw": {
          "key": "_yg5_4BzhEDKee41kEiN4Hw",
          "name": "phone",
          "type": null,
          "probability": 1,
          "modifiers": [],
          "to_variable": {
            "key": "_IwCiQBznEDKee41kEiN4Hw",
            "name": "phone",
            "type": null,
            "modifiers": [],
            "position": {}
          },
          "position": {}
        },
        "_zuTnIBzhEDKee41kEiN4Hw": {
          "key": "_zuTnIBzhEDKee41kEiN4Hw",
          "name": "email",
          "type": null,
          "probability": 1,
          "modifiers": [],
          "to_variable": {
            "key": "_M_V0QBznEDKee41kEiN4Hw",
            "name": "email",
            "type": null,
            "modifiers": [],
            "position": {}
          },
          "position": {}
        }
      }
    }
  }
}