{
  "report_version": "unknown",
  "report_timestamp": "2025-03-26T22:27:09.699Z",
  "target_language": "java",
  "report_summary": {
    "additional": null,
    "amount_classes_or_interfaces_with_data_clumps": 5,
    "amount_files_with_data_clumps": 5,
    "amount_methods_with_data_clumps": 0,
    "fields_to_fields_data_clump": 20,
    "parameters_to_fields_data_clump": 0,
    "parameters_to_parameters_data_clump": 0,
    "amount_data_clumps": 20
  },
  "project_info": {
    "project_url": "unknown_project_url",
    "project_name": "9ffbdc4b-1d3e-458e-93c4-953491ac1e54",
    "project_version": "unknown_project_version",
    "project_commit_hash": "unknown",
    "project_tag": null,
    "project_commit_date": null,
    "additional": {},
    "number_of_files": 6,
    "number_of_classes_or_interfaces": 6,
    "number_of_methods": 0,
    "number_of_data_fields": 31,
    "number_of_method_parameters": 0
  },
  "detector": {
    "name": "data-clumps-doctor",
    "url": "https://github.com/NilsBaumgartner1994/data-clumps-doctor",
    "version": "0.1.100",
    "options": {
      "typeVariablesConsidered": false,
      "similarityModifierOfVariablesWithUnknownType": 0,
      "fieldsOfClassesWithUnknownHierarchyProbabilityModifier": 0,
      "sharedFieldsToFieldsAmountMinimum": 3,
      "analyseFieldsInClassesOrInterfacesInheritedFromSuperClassesOrInterfaces": false,
      "sharedParametersToParametersAmountMinimum": 3,
      "sharedParametersToFieldsAmountMinimum": 3,
      "methodsOfClassesOrInterfacesWithUnknownHierarchyProbabilityModifier": 0
    }
  },
  "data_clumps": {
    "fields_to_fields_data_clump-./FIGO-_j0Lw8eGOEDaZKf-ch0P_Sw-_5CZlsOGPEDaZKf-ch0P_Sw-OnedayamountSeatsAvailableMileageColourNo.ofDaysTotalAmount": {
      "type": "data_clump",
      "key": "fields_to_fields_data_clump-./FIGO-_j0Lw8eGOEDaZKf-ch0P_Sw-_5CZlsOGPEDaZKf-ch0P_Sw-OnedayamountSeatsAvailableMileageColourNo.ofDaysTotalAmount",
      "probability": 1,
      "from_file_path": "./FIGO",
      "from_class_or_interface_name": "FIGO",
      "from_class_or_interface_key": "_j0Lw8eGOEDaZKf-ch0P_Sw",
      "from_method_name": null,
      "from_method_key": null,
      "to_file_path": "./I20",
      "to_class_or_interface_key": "_5CZlsOGPEDaZKf-ch0P_Sw",
      "to_class_or_interface_name": "FIGO",
      "to_method_key": null,
      "to_method_name": null,
      "data_clump_type": "fields_to_fields_data_clump",
      "data_clump_data": {
        "_3pWkkOGOEDaZKf-ch0P_Sw": {
          "key": "_3pWkkOGOEDaZKf-ch0P_Sw",
          "name": "Onedayamount",
          "type": null,
          "probability": 1,
          "modifiers": [
            "public"
          ],
          "to_variable": {
            "key": "_5CZls-GPEDaZKf-ch0P_Sw",
            "name": "Onedayamount",
            "type": null,
            "modifiers": [
              "public"
            ],
            "position": {}
          },
          "position": {}
        },
        "_8ftPgOGOEDaZKf-ch0P_Sw": {
          "key": "_8ftPgOGOEDaZKf-ch0P_Sw",
          "name": "SeatsAvailable",
          "type": null,
          "probability": 1,
          "modifiers": [
            "public"
          ],
          "to_variable": {
            "key": "_5CZlsuGPEDaZKf-ch0P_Sw",
            "name": "SeatsAvailable",
            "type": null,
            "modifiers": [
              "public"
            ],
            "position": {}
          },
          "position": {}
        },
        "_JJZ68eGPEDaZKf-ch0P_Sw": {
          "key": "_JJZ68eGPEDaZKf-ch0P_Sw",
          "name": "Mileage",
          "type": null,
          "probability": 1,
          "modifiers": [
            "public"
          ],
          "to_variable": {
            "key": "_5CZlseGPEDaZKf-ch0P_Sw",
            "name": "Mileage",
            "type": null,
            "modifiers": [
              "public"
            ],
            "position": {}
          },
          "position": {}
        },
        "_LtS0AeGPEDaZKf-ch0P_Sw": {
          "key": "_LtS0AeGPEDaZKf-ch0P_Sw",
          "name": "Colour",
          "type": null,
          "probability": 1,
          "modifiers": [
            "public"
          ],
          "to_variable": {
            "key": "_5CZltOGPEDaZKf-ch0P_Sw",
            "name": "Colour",
            "type": null,
            "modifiers": [
              "public"
            ],
            "position": {}
          },
          "position": {}
        },
        "_OxI_geGPEDaZKf-ch0P_Sw": {
          "key": "_OxI_geGPEDaZKf-ch0P_Sw",
          "name": "No.ofDays",
          "type": null,
          "probability": 1,
          "modifiers": [
            "public"
          ],
          "to_variable": {
            "key": "_5CZlteGPEDaZKf-ch0P_Sw",
            "name": "No.ofDays",
            "type": null,
            "modifiers": [
              "public"
            ],
            "position": {}
          },
          "position": {}
        },
        "_U1kAEeGPEDaZKf-ch0P_Sw": {
          "key": "_U1kAEeGPEDaZKf-ch0P_Sw",
          "name": "TotalAmount",
          "type": null,
          "probability": 1,
          "modifiers": [
            "public"
          ],
          "to_variable": {
            "key": "_5CZltuGPEDaZKf-ch0P_Sw",
            "name": "TotalAmount",
            "type": null,
            "modifiers": [
              "public"
            ],
            "position": {}
          },
          "position": {}
        }
      }
    },
    "fields_to_fields_data_clump-./FIGO-_j0Lw8eGOEDaZKf-ch0P_Sw-_X0w8IOGPEDaZKf-ch0P_Sw-OnedayamountSeatsAvailableMileageColourNo.ofDaysTotalAmount": {
      "type": "data_clump",
      "key": "fields_to_fields_data_clump-./FIGO-_j0Lw8eGOEDaZKf-ch0P_Sw-_X0w8IOGPEDaZKf-ch0P_Sw-OnedayamountSeatsAvailableMileageColourNo.ofDaysTotalAmount",
      "probability": 1,
      "from_file_path": "./FIGO",
      "from_class_or_interface_name": "FIGO",
      "from_class_or_interface_key": "_j0Lw8eGOEDaZKf-ch0P_Sw",
      "from_method_name": null,
      "from_method_key": null,
      "to_file_path": "./SCORPIO",
      "to_class_or_interface_key": "_X0w8IOGPEDaZKf-ch0P_Sw",
      "to_class_or_interface_name": "FIGO",
      "to_method_key": null,
      "to_method_name": null,
      "data_clump_type": "fields_to_fields_data_clump",
      "data_clump_data": {
        "_3pWkkOGOEDaZKf-ch0P_Sw": {
          "key": "_3pWkkOGOEDaZKf-ch0P_Sw",
          "name": "Onedayamount",
          "type": null,
          "probability": 1,
          "modifiers": [
            "public"
          ],
          "to_variable": {
            "key": "_X0w8IeGPEDaZKf-ch0P_Sw",
            "name": "Onedayamount",
            "type": null,
            "modifiers": [
              "public"
            ],
            "position": {}
          },
          "position": {}
        },
        "_8ftPgOGOEDaZKf-ch0P_Sw": {
          "key": "_8ftPgOGOEDaZKf-ch0P_Sw",
          "name": "SeatsAvailable",
          "type": null,
          "probability": 1,
          "modifiers": [
            "public"
          ],
          "to_variable": {
            "key": "_X0w8IuGPEDaZKf-ch0P_Sw",
            "name": "SeatsAvailable",
            "type": null,
            "modifiers": [
              "public"
            ],
            "position": {}
          },
          "position": {}
        },
        "_JJZ68eGPEDaZKf-ch0P_Sw": {
          "key": "_JJZ68eGPEDaZKf-ch0P_Sw",
          "name": "Mileage",
          "type": null,
          "probability": 1,
          "modifiers": [
            "public"
          ],
          "to_variable": {
            "key": "_X0w8I-GPEDaZKf-ch0P_Sw",
            "name": "Mileage",
            "type": null,
            "modifiers": [
              "public"
            ],
            "position": {}
          },
          "position": {}
        },
        "_LtS0AeGPEDaZKf-ch0P_Sw": {
          "key": "_LtS0AeGPEDaZKf-ch0P_Sw",
          "name": "Colour",
          "type": null,
          "probability": 1,
          "modifiers": [
            "public"
          ],
          "to_variable": {
            "key": "_X0w8JOGPEDaZKf-ch0P_Sw",
            "name": "Colour",
            "type": null,
            "modifiers": [
              "public"
            ],
            "position": {}
          },
          "position": {}
        },
        "_OxI_geGPEDaZKf-ch0P_Sw": {
          "key": "_OxI_geGPEDaZKf-ch0P_Sw",
          "name": "No.ofDays",
          "type": null,
          "probability": 1,
          "modifiers": [
            "public"
          ],
          "to_variable": {
            "key": "_X0w8JeGPEDaZKf-ch0P_Sw",
            "name": "No.ofDays",
            "type": null,
            "modifiers": [
              "public"
            ],
            "position": {}
          },
          "position": {}
        },
        "_U1kAEeGPEDaZKf-ch0P_Sw": {
          "key": "_U1kAEeGPEDaZKf-ch0P_Sw",
          "name": "TotalAmount",
          "type": null,
          "probability": 1,
          "modifiers": [
            "public"
          ],
          "to_variable": {
            "key": "_X0w8JuGPEDaZKf-ch0P_Sw",
            "name": "TotalAmount",
            "type": null,
            "modifiers": [
              "public"
            ],
            "position": {}
          },
          "position": {}
        }
      }
    },
    "fields_to_fields_data_clump-./FIGO-_j0Lw8eGOEDaZKf-ch0P_Sw-_wl-L8OGPEDaZKf-ch0P_Sw-OnedayamountSeatsAvailableMileageColourNo.ofDaysTotalAmount": {
      "type": "data_clump",
      "key": "fields_to_fields_data_clump-./FIGO-_j0Lw8eGOEDaZKf-ch0P_Sw-_wl-L8OGPEDaZKf-ch0P_Sw-OnedayamountSeatsAvailableMileageColourNo.ofDaysTotalAmount",
      "probability": 1,
      "from_file_path": "./FIGO",
      "from_class_or_interface_name": "FIGO",
      "from_class_or_interface_key": "_j0Lw8eGOEDaZKf-ch0P_Sw",
      "from_method_name": null,
      "from_method_key": null,
      "to_file_path": "./SCORPIO2",
      "to_class_or_interface_key": "_wl-L8OGPEDaZKf-ch0P_Sw",
      "to_class_or_interface_name": "FIGO",
      "to_method_key": null,
      "to_method_name": null,
      "data_clump_type": "fields_to_fields_data_clump",
      "data_clump_data": {
        "_3pWkkOGOEDaZKf-ch0P_Sw": {
          "key": "_3pWkkOGOEDaZKf-ch0P_Sw",
          "name": "Onedayamount",
          "type": null,
          "probability": 1,
          "modifiers": [
            "public"
          ],
          "to_variable": {
            "key": "_wl-zAOGPEDaZKf-ch0P_Sw",
            "name": "Onedayamount",
            "type": null,
            "modifiers": [
              "public"
            ],
            "position": {}
          },
          "position": {}
        },
        "_8ftPgOGOEDaZKf-ch0P_Sw": {
          "key": "_8ftPgOGOEDaZKf-ch0P_Sw",
          "name": "SeatsAvailable",
          "type": null,
          "probability": 1,
          "modifiers": [
            "public"
          ],
          "to_variable": {
            "key": "_wl-L8uGPEDaZKf-ch0P_Sw",
            "name": "SeatsAvailable",
            "type": null,
            "modifiers": [
              "public"
            ],
            "position": {}
          },
          "position": {}
        },
        "_JJZ68eGPEDaZKf-ch0P_Sw": {
          "key": "_JJZ68eGPEDaZKf-ch0P_Sw",
          "name": "Mileage",
          "type": null,
          "probability": 1,
          "modifiers": [
            "public"
          ],
          "to_variable": {
            "key": "_wl-L8eGPEDaZKf-ch0P_Sw",
            "name": "Mileage",
            "type": null,
            "modifiers": [
              "public"
            ],
            "position": {}
          },
          "position": {}
        },
        "_LtS0AeGPEDaZKf-ch0P_Sw": {
          "key": "_LtS0AeGPEDaZKf-ch0P_Sw",
          "name": "Colour",
          "type": null,
          "probability": 1,
          "modifiers": [
            "public"
          ],
          "to_variable": {
            "key": "_wl-zAeGPEDaZKf-ch0P_Sw",
            "name": "Colour",
            "type": null,
            "modifiers": [
              "public"
            ],
            "position": {}
          },
          "position": {}
        },
        "_OxI_geGPEDaZKf-ch0P_Sw": {
          "key": "_OxI_geGPEDaZKf-ch0P_Sw",
          "name": "No.ofDays",
          "type": null,
          "probability": 1,
          "modifiers": [
            "public"
          ],
          "to_variable": {
            "key": "_wl-zAuGPEDaZKf-ch0P_Sw",
            "name": "No.ofDays",
            "type": null,
            "modifiers": [
              "public"
            ],
            "position": {}
          },
          "position": {}
        },
        "_U1kAEeGPEDaZKf-ch0P_Sw": {
          "key": "_U1kAEeGPEDaZKf-ch0P_Sw",
          "name": "TotalAmount",
          "type": null,
          "probability": 1,
          "modifiers": [
            "public"
          ],
          "to_variable": {
            "key": "_wl-zA-GPEDaZKf-ch0P_Sw",
            "name": "TotalAmount",
            "type": null,
            "modifiers": [
              "public"
            ],
            "position": {}
          },
          "position": {}
        }
      }
    },
    "fields_to_fields_data_clump-./FIGO-_j0Lw8eGOEDaZKf-ch0P_Sw-_jUS6gOGPEDaZKf-ch0P_Sw-OnedayamountSeatsAvailableMileageColourNo.ofDaysTotalAmount": {
      "type": "data_clump",
      "key": "fields_to_fields_data_clump-./FIGO-_j0Lw8eGOEDaZKf-ch0P_Sw-_jUS6gOGPEDaZKf-ch0P_Sw-OnedayamountSeatsAvailableMileageColourNo.ofDaysTotalAmount",
      "probability": 1,
      "from_file_path": "./FIGO",
      "from_class_or_interface_name": "FIGO",
      "from_class_or_interface_key": "_j0Lw8eGOEDaZKf-ch0P_Sw",
      "from_method_name": null,
      "from_method_key": null,
      "to_file_path": "./SWIFT",
      "to_class_or_interface_key": "_jUS6gOGPEDaZKf-ch0P_Sw",
      "to_class_or_interface_name": "FIGO",
      "to_method_key": null,
      "to_method_name": null,
      "data_clump_type": "fields_to_fields_data_clump",
      "data_clump_data": {
        "_3pWkkOGOEDaZKf-ch0P_Sw": {
          "key": "_3pWkkOGOEDaZKf-ch0P_Sw",
          "name": "Onedayamount",
          "type": null,
          "probability": 1,
          "modifiers": [
            "public"
          ],
          "to_variable": {
            "key": "_jUS6g-GPEDaZKf-ch0P_Sw",
            "name": "Onedayamount",
            "type": null,
            "modifiers": [
              "public"
            ],
            "position": {}
          },
          "position": {}
        },
        "_8ftPgOGOEDaZKf-ch0P_Sw": {
          "key": "_8ftPgOGOEDaZKf-ch0P_Sw",
          "name": "SeatsAvailable",
          "type": null,
          "probability": 1,
          "modifiers": [
            "public"
          ],
          "to_variable": {
            "key": "_jUS6guGPEDaZKf-ch0P_Sw",
            "name": "SeatsAvailable",
            "type": null,
            "modifiers": [
              "public"
            ],
            "position": {}
          },
          "position": {}
        },
        "_JJZ68eGPEDaZKf-ch0P_Sw": {
          "key": "_JJZ68eGPEDaZKf-ch0P_Sw",
          "name": "Mileage",
          "type": null,
          "probability": 1,
          "modifiers": [
            "public"
          ],
          "to_variable": {
            "key": "_jUS6geGPEDaZKf-ch0P_Sw",
            "name": "Mileage",
            "type": null,
            "modifiers": [
              "public"
            ],
            "position": {}
          },
          "position": {}
        },
        "_LtS0AeGPEDaZKf-ch0P_Sw": {
          "key": "_LtS0AeGPEDaZKf-ch0P_Sw",
          "name": "Colour",
          "type": null,
          "probability": 1,
          "modifiers": [
            "public"
          ],
          "to_variable": {
            "key": "_jUS6hOGPEDaZKf-ch0P_Sw",
            "name": "Colour",
            "type": null,
            "modifiers": [
              "public"
            ],
            "position": {}
          },
          "position": {}
        },
        "_OxI_geGPEDaZKf-ch0P_Sw": {
          "key": "_OxI_geGPEDaZKf-ch0P_Sw",
          "name": "No.ofDays",
          "type": null,
          "probability": 1,
          "modifiers": [
            "public"
          ],
          "to_variable": {
            "key": "_jUS6heGPEDaZKf-ch0P_Sw",
            "name": "No.ofDays",
            "type": null,
            "modifiers": [
              "public"
            ],
            "position": {}
          },
          "position": {}
        },
        "_U1kAEeGPEDaZKf-ch0P_Sw": {
          "key": "_U1kAEeGPEDaZKf-ch0P_Sw",
          "name": "TotalAmount",
          "type": null,
          "probability": 1,
          "modifiers": [
            "public"
          ],
          "to_variable": {
            "key": "_jUS6huGPEDaZKf-ch0P_Sw",
            "name": "TotalAmount",
            "type": null,
            "modifiers": [
              "public"
            ],
            "position": {}
          },
          "position": {}
        }
      }
    },
    "fields_to_fields_data_clump-./I20-_5CZlsOGPEDaZKf-ch0P_Sw-_j0Lw8eGOEDaZKf-ch0P_Sw-MileageSeatsAvailableOnedayamountColourNo.ofDaysTotalAmount": {
      "type": "data_clump",
      "key": "fields_to_fields_data_clump-./I20-_5CZlsOGPEDaZKf-ch0P_Sw-_j0Lw8eGOEDaZKf-ch0P_Sw-MileageSeatsAvailableOnedayamountColourNo.ofDaysTotalAmount",
      "probability": 1,
      "from_file_path": "./I20",
      "from_class_or_interface_name": "I20",
      "from_class_or_interface_key": "_5CZlsOGPEDaZKf-ch0P_Sw",
      "from_method_name": null,
      "from_method_key": null,
      "to_file_path": "./FIGO",
      "to_class_or_interface_key": "_j0Lw8eGOEDaZKf-ch0P_Sw",
      "to_class_or_interface_name": "I20",
      "to_method_key": null,
      "to_method_name": null,
      "data_clump_type": "fields_to_fields_data_clump",
      "data_clump_data": {
        "_5CZlseGPEDaZKf-ch0P_Sw": {
          "key": "_5CZlseGPEDaZKf-ch0P_Sw",
          "name": "Mileage",
          "type": null,
          "probability": 1,
          "modifiers": [
            "public"
          ],
          "to_variable": {
            "key": "_JJZ68eGPEDaZKf-ch0P_Sw",
            "name": "Mileage",
            "type": null,
            "modifiers": [
              "public"
            ],
            "position": {}
          },
          "position": {}
        },
        "_5CZlsuGPEDaZKf-ch0P_Sw": {
          "key": "_5CZlsuGPEDaZKf-ch0P_Sw",
          "name": "SeatsAvailable",
          "type": null,
          "probability": 1,
          "modifiers": [
            "public"
          ],
          "to_variable": {
            "key": "_8ftPgOGOEDaZKf-ch0P_Sw",
            "name": "SeatsAvailable",
            "type": null,
            "modifiers": [
              "public"
            ],
            "position": {}
          },
          "position": {}
        },
        "_5CZls-GPEDaZKf-ch0P_Sw": {
          "key": "_5CZls-GPEDaZKf-ch0P_Sw",
          "name": "Onedayamount",
          "type": null,
          "probability": 1,
          "modifiers": [
            "public"
          ],
          "to_variable": {
            "key": "_3pWkkOGOEDaZKf-ch0P_Sw",
            "name": "Onedayamount",
            "type": null,
            "modifiers": [
              "public"
            ],
            "position": {}
          },
          "position": {}
        },
        "_5CZltOGPEDaZKf-ch0P_Sw": {
          "key": "_5CZltOGPEDaZKf-ch0P_Sw",
          "name": "Colour",
          "type": null,
          "probability": 1,
          "modifiers": [
            "public"
          ],
          "to_variable": {
            "key": "_LtS0AeGPEDaZKf-ch0P_Sw",
            "name": "Colour",
            "type": null,
            "modifiers": [
              "public"
            ],
            "position": {}
          },
          "position": {}
        },
        "_5CZlteGPEDaZKf-ch0P_Sw": {
          "key": "_5CZlteGPEDaZKf-ch0P_Sw",
          "name": "No.ofDays",
          "type": null,
          "probability": 1,
          "modifiers": [
            "public"
          ],
          "to_variable": {
            "key": "_OxI_geGPEDaZKf-ch0P_Sw",
            "name": "No.ofDays",
            "type": null,
            "modifiers": [
              "public"
            ],
            "position": {}
          },
          "position": {}
        },
        "_5CZltuGPEDaZKf-ch0P_Sw": {
          "key": "_5CZltuGPEDaZKf-ch0P_Sw",
          "name": "TotalAmount",
          "type": null,
          "probability": 1,
          "modifiers": [
            "public"
          ],
          "to_variable": {
            "key": "_U1kAEeGPEDaZKf-ch0P_Sw",
            "name": "TotalAmount",
            "type": null,
            "modifiers": [
              "public"
            ],
            "position": {}
          },
          "position": {}
        }
      }
    },
    "fields_to_fields_data_clump-./I20-_5CZlsOGPEDaZKf-ch0P_Sw-_X0w8IOGPEDaZKf-ch0P_Sw-MileageSeatsAvailableOnedayamountColourNo.ofDaysTotalAmount": {
      "type": "data_clump",
      "key": "fields_to_fields_data_clump-./I20-_5CZlsOGPEDaZKf-ch0P_Sw-_X0w8IOGPEDaZKf-ch0P_Sw-MileageSeatsAvailableOnedayamountColourNo.ofDaysTotalAmount",
      "probability": 1,
      "from_file_path": "./I20",
      "from_class_or_interface_name": "I20",
      "from_class_or_interface_key": "_5CZlsOGPEDaZKf-ch0P_Sw",
      "from_method_name": null,
      "from_method_key": null,
      "to_file_path": "./SCORPIO",
      "to_class_or_interface_key": "_X0w8IOGPEDaZKf-ch0P_Sw",
      "to_class_or_interface_name": "I20",
      "to_method_key": null,
      "to_method_name": null,
      "data_clump_type": "fields_to_fields_data_clump",
      "data_clump_data": {
        "_5CZlseGPEDaZKf-ch0P_Sw": {
          "key": "_5CZlseGPEDaZKf-ch0P_Sw",
          "name": "Mileage",
          "type": null,
          "probability": 1,
          "modifiers": [
            "public"
          ],
          "to_variable": {
            "key": "_X0w8I-GPEDaZKf-ch0P_Sw",
            "name": "Mileage",
            "type": null,
            "modifiers": [
              "public"
            ],
            "position": {}
          },
          "position": {}
        },
        "_5CZlsuGPEDaZKf-ch0P_Sw": {
          "key": "_5CZlsuGPEDaZKf-ch0P_Sw",
          "name": "SeatsAvailable",
          "type": null,
          "probability": 1,
          "modifiers": [
            "public"
          ],
          "to_variable": {
            "key": "_X0w8IuGPEDaZKf-ch0P_Sw",
            "name": "SeatsAvailable",
            "type": null,
            "modifiers": [
              "public"
            ],
            "position": {}
          },
          "position": {}
        },
        "_5CZls-GPEDaZKf-ch0P_Sw": {
          "key": "_5CZls-GPEDaZKf-ch0P_Sw",
          "name": "Onedayamount",
          "type": null,
          "probability": 1,
          "modifiers": [
            "public"
          ],
          "to_variable": {
            "key": "_X0w8IeGPEDaZKf-ch0P_Sw",
            "name": "Onedayamount",
            "type": null,
            "modifiers": [
              "public"
            ],
            "position": {}
          },
          "position": {}
        },
        "_5CZltOGPEDaZKf-ch0P_Sw": {
          "key": "_5CZltOGPEDaZKf-ch0P_Sw",
          "name": "Colour",
          "type": null,
          "probability": 1,
          "modifiers": [
            "public"
          ],
          "to_variable": {
            "key": "_X0w8JOGPEDaZKf-ch0P_Sw",
            "name": "Colour",
            "type": null,
            "modifiers": [
              "public"
            ],
            "position": {}
          },
          "position": {}
        },
        "_5CZlteGPEDaZKf-ch0P_Sw": {
          "key": "_5CZlteGPEDaZKf-ch0P_Sw",
          "name": "No.ofDays",
          "type": null,
          "probability": 1,
          "modifiers": [
            "public"
          ],
          "to_variable": {
            "key": "_X0w8JeGPEDaZKf-ch0P_Sw",
            "name": "No.ofDays",
            "type": null,
            "modifiers": [
              "public"
            ],
            "position": {}
          },
          "position": {}
        },
        "_5CZltuGPEDaZKf-ch0P_Sw": {
          "key": "_5CZltuGPEDaZKf-ch0P_Sw",
          "name": "TotalAmount",
          "type": null,
          "probability": 1,
          "modifiers": [
            "public"
          ],
          "to_variable": {
            "key": "_X0w8JuGPEDaZKf-ch0P_Sw",
            "name": "TotalAmount",
            "type": null,
            "modifiers": [
              "public"
            ],
            "position": {}
          },
          "position": {}
        }
      }
    },
    "fields_to_fields_data_clump-./I20-_5CZlsOGPEDaZKf-ch0P_Sw-_wl-L8OGPEDaZKf-ch0P_Sw-MileageSeatsAvailableOnedayamountColourNo.ofDaysTotalAmount": {
      "type": "data_clump",
      "key": "fields_to_fields_data_clump-./I20-_5CZlsOGPEDaZKf-ch0P_Sw-_wl-L8OGPEDaZKf-ch0P_Sw-MileageSeatsAvailableOnedayamountColourNo.ofDaysTotalAmount",
      "probability": 1,
      "from_file_path": "./I20",
      "from_class_or_interface_name": "I20",
      "from_class_or_interface_key": "_5CZlsOGPEDaZKf-ch0P_Sw",
      "from_method_name": null,
      "from_method_key": null,
      "to_file_path": "./SCORPIO2",
      "to_class_or_interface_key": "_wl-L8OGPEDaZKf-ch0P_Sw",
      "to_class_or_interface_name": "I20",
      "to_method_key": null,
      "to_method_name": null,
      "data_clump_type": "fields_to_fields_data_clump",
      "data_clump_data": {
        "_5CZlseGPEDaZKf-ch0P_Sw": {
          "key": "_5CZlseGPEDaZKf-ch0P_Sw",
          "name": "Mileage",
          "type": null,
          "probability": 1,
          "modifiers": [
            "public"
          ],
          "to_variable": {
            "key": "_wl-L8eGPEDaZKf-ch0P_Sw",
            "name": "Mileage",
            "type": null,
            "modifiers": [
              "public"
            ],
            "position": {}
          },
          "position": {}
        },
        "_5CZlsuGPEDaZKf-ch0P_Sw": {
          "key": "_5CZlsuGPEDaZKf-ch0P_Sw",
          "name": "SeatsAvailable",
          "type": null,
          "probability": 1,
          "modifiers": [
            "public"
          ],
          "to_variable": {
            "key": "_wl-L8uGPEDaZKf-ch0P_Sw",
            "name": "SeatsAvailable",
            "type": null,
            "modifiers": [
              "public"
            ],
            "position": {}
          },
          "position": {}
        },
        "_5CZls-GPEDaZKf-ch0P_Sw": {
          "key": "_5CZls-GPEDaZKf-ch0P_Sw",
          "name": "Onedayamount",
          "type": null,
          "probability": 1,
          "modifiers": [
            "public"
          ],
          "to_variable": {
            "key": "_wl-zAOGPEDaZKf-ch0P_Sw",
            "name": "Onedayamount",
            "type": null,
            "modifiers": [
              "public"
            ],
            "position": {}
          },
          "position": {}
        },
        "_5CZltOGPEDaZKf-ch0P_Sw": {
          "key": "_5CZltOGPEDaZKf-ch0P_Sw",
          "name": "Colour",
          "type": null,
          "probability": 1,
          "modifiers": [
            "public"
          ],
          "to_variable": {
            "key": "_wl-zAeGPEDaZKf-ch0P_Sw",
            "name": "Colour",
            "type": null,
            "modifiers": [
              "public"
            ],
            "position": {}
          },
          "position": {}
        },
        "_5CZlteGPEDaZKf-ch0P_Sw": {
          "key": "_5CZlteGPEDaZKf-ch0P_Sw",
          "name": "No.ofDays",
          "type": null,
          "probability": 1,
          "modifiers": [
            "public"
          ],
          "to_variable": {
            "key": "_wl-zAuGPEDaZKf-ch0P_Sw",
            "name": "No.ofDays",
            "type": null,
            "modifiers": [
              "public"
            ],
            "position": {}
          },
          "position": {}
        },
        "_5CZltuGPEDaZKf-ch0P_Sw": {
          "key": "_5CZltuGPEDaZKf-ch0P_Sw",
          "name": "TotalAmount",
          "type": null,
          "probability": 1,
          "modifiers": [
            "public"
          ],
          "to_variable": {
            "key": "_wl-zA-GPEDaZKf-ch0P_Sw",
            "name": "TotalAmount",
            "type": null,
            "modifiers": [
              "public"
            ],
            "position": {}
          },
          "position": {}
        }
      }
    },
    "fields_to_fields_data_clump-./I20-_5CZlsOGPEDaZKf-ch0P_Sw-_jUS6gOGPEDaZKf-ch0P_Sw-MileageSeatsAvailableOnedayamountColourNo.ofDaysTotalAmount": {
      "type": "data_clump",
      "key": "fields_to_fields_data_clump-./I20-_5CZlsOGPEDaZKf-ch0P_Sw-_jUS6gOGPEDaZKf-ch0P_Sw-MileageSeatsAvailableOnedayamountColourNo.ofDaysTotalAmount",
      "probability": 1,
      "from_file_path": "./I20",
      "from_class_or_interface_name": "I20",
      "from_class_or_interface_key": "_5CZlsOGPEDaZKf-ch0P_Sw",
      "from_method_name": null,
      "from_method_key": null,
      "to_file_path": "./SWIFT",
      "to_class_or_interface_key": "_jUS6gOGPEDaZKf-ch0P_Sw",
      "to_class_or_interface_name": "I20",
      "to_method_key": null,
      "to_method_name": null,
      "data_clump_type": "fields_to_fields_data_clump",
      "data_clump_data": {
        "_5CZlseGPEDaZKf-ch0P_Sw": {
          "key": "_5CZlseGPEDaZKf-ch0P_Sw",
          "name": "Mileage",
          "type": null,
          "probability": 1,
          "modifiers": [
            "public"
          ],
          "to_variable": {
            "key": "_jUS6geGPEDaZKf-ch0P_Sw",
            "name": "Mileage",
            "type": null,
            "modifiers": [
              "public"
            ],
            "position": {}
          },
          "position": {}
        },
        "_5CZlsuGPEDaZKf-ch0P_Sw": {
          "key": "_5CZlsuGPEDaZKf-ch0P_Sw",
          "name": "SeatsAvailable",
          "type": null,
          "probability": 1,
          "modifiers": [
            "public"
          ],
          "to_variable": {
            "key": "_jUS6guGPEDaZKf-ch0P_Sw",
            "name": "SeatsAvailable",
            "type": null,
            "modifiers": [
              "public"
            ],
            "position": {}
          },
          "position": {}
        },
        "_5CZls-GPEDaZKf-ch0P_Sw": {
          "key": "_5CZls-GPEDaZKf-ch0P_Sw",
          "name": "Onedayamount",
          "type": null,
          "probability": 1,
          "modifiers": [
            "public"
          ],
          "to_variable": {
            "key": "_jUS6g-GPEDaZKf-ch0P_Sw",
            "name": "Onedayamount",
            "type": null,
            "modifiers": [
              "public"
            ],
            "position": {}
          },
          "position": {}
        },
        "_5CZltOGPEDaZKf-ch0P_Sw": {
          "key": "_5CZltOGPEDaZKf-ch0P_Sw",
          "name": "Colour",
          "type": null,
          "probability": 1,
          "modifiers": [
            "public"
          ],
          "to_variable": {
            "key": "_jUS6hOGPEDaZKf-ch0P_Sw",
            "name": "Colour",
            "type": null,
            "modifiers": [
              "public"
            ],
            "position": {}
          },
          "position": {}
        },
        "_5CZlteGPEDaZKf-ch0P_Sw": {
          "key": "_5CZlteGPEDaZKf-ch0P_Sw",
          "name": "No.ofDays",
          "type": null,
          "probability": 1,
          "modifiers": [
            "public"
          ],
          "to_variable": {
            "key": "_jUS6heGPEDaZKf-ch0P_Sw",
            "name": "No.ofDays",
            "type": null,
            "modifiers": [
              "public"
            ],
            "position": {}
          },
          "position": {}
        },
        "_5CZltuGPEDaZKf-ch0P_Sw": {
          "key": "_5CZltuGPEDaZKf-ch0P_Sw",
          "name": "TotalAmount",
          "type": null,
          "probability": 1,
          "modifiers": [
            "public"
          ],
          "to_variable": {
            "key": "_jUS6huGPEDaZKf-ch0P_Sw",
            "name": "TotalAmount",
            "type": null,
            "modifiers": [
              "public"
            ],
            "position": {}
          },
          "position": {}
        }
      }
    },
    "fields_to_fields_data_clump-./SCORPIO-_X0w8IOGPEDaZKf-ch0P_Sw-_j0Lw8eGOEDaZKf-ch0P_Sw-MileageSeatsAvailableOnedayamountColourNo.ofDaysTotalAmount": {
      "type": "data_clump",
      "key": "fields_to_fields_data_clump-./SCORPIO-_X0w8IOGPEDaZKf-ch0P_Sw-_j0Lw8eGOEDaZKf-ch0P_Sw-MileageSeatsAvailableOnedayamountColourNo.ofDaysTotalAmount",
      "probability": 1,
      "from_file_path": "./SCORPIO",
      "from_class_or_interface_name": "SCORPIO",
      "from_class_or_interface_key": "_X0w8IOGPEDaZKf-ch0P_Sw",
      "from_method_name": null,
      "from_method_key": null,
      "to_file_path": "./FIGO",
      "to_class_or_interface_key": "_j0Lw8eGOEDaZKf-ch0P_Sw",
      "to_class_or_interface_name": "SCORPIO",
      "to_method_key": null,
      "to_method_name": null,
      "data_clump_type": "fields_to_fields_data_clump",
      "data_clump_data": {
        "_X0w8I-GPEDaZKf-ch0P_Sw": {
          "key": "_X0w8I-GPEDaZKf-ch0P_Sw",
          "name": "Mileage",
          "type": null,
          "probability": 1,
          "modifiers": [
            "public"
          ],
          "to_variable": {
            "key": "_JJZ68eGPEDaZKf-ch0P_Sw",
            "name": "Mileage",
            "type": null,
            "modifiers": [
              "public"
            ],
            "position": {}
          },
          "position": {}
        },
        "_X0w8IuGPEDaZKf-ch0P_Sw": {
          "key": "_X0w8IuGPEDaZKf-ch0P_Sw",
          "name": "SeatsAvailable",
          "type": null,
          "probability": 1,
          "modifiers": [
            "public"
          ],
          "to_variable": {
            "key": "_8ftPgOGOEDaZKf-ch0P_Sw",
            "name": "SeatsAvailable",
            "type": null,
            "modifiers": [
              "public"
            ],
            "position": {}
          },
          "position": {}
        },
        "_X0w8IeGPEDaZKf-ch0P_Sw": {
          "key": "_X0w8IeGPEDaZKf-ch0P_Sw",
          "name": "Onedayamount",
          "type": null,
          "probability": 1,
          "modifiers": [
            "public"
          ],
          "to_variable": {
            "key": "_3pWkkOGOEDaZKf-ch0P_Sw",
            "name": "Onedayamount",
            "type": null,
            "modifiers": [
              "public"
            ],
            "position": {}
          },
          "position": {}
        },
        "_X0w8JOGPEDaZKf-ch0P_Sw": {
          "key": "_X0w8JOGPEDaZKf-ch0P_Sw",
          "name": "Colour",
          "type": null,
          "probability": 1,
          "modifiers": [
            "public"
          ],
          "to_variable": {
            "key": "_LtS0AeGPEDaZKf-ch0P_Sw",
            "name": "Colour",
            "type": null,
            "modifiers": [
              "public"
            ],
            "position": {}
          },
          "position": {}
        },
        "_X0w8JeGPEDaZKf-ch0P_Sw": {
          "key": "_X0w8JeGPEDaZKf-ch0P_Sw",
          "name": "No.ofDays",
          "type": null,
          "probability": 1,
          "modifiers": [
            "public"
          ],
          "to_variable": {
            "key": "_OxI_geGPEDaZKf-ch0P_Sw",
            "name": "No.ofDays",
            "type": null,
            "modifiers": [
              "public"
            ],
            "position": {}
          },
          "position": {}
        },
        "_X0w8JuGPEDaZKf-ch0P_Sw": {
          "key": "_X0w8JuGPEDaZKf-ch0P_Sw",
          "name": "TotalAmount",
          "type": null,
          "probability": 1,
          "modifiers": [
            "public"
          ],
          "to_variable": {
            "key": "_U1kAEeGPEDaZKf-ch0P_Sw",
            "name": "TotalAmount",
            "type": null,
            "modifiers": [
              "public"
            ],
            "position": {}
          },
          "position": {}
        }
      }
    },
    "fields_to_fields_data_clump-./SCORPIO-_X0w8IOGPEDaZKf-ch0P_Sw-_5CZlsOGPEDaZKf-ch0P_Sw-MileageSeatsAvailableOnedayamountColourNo.ofDaysTotalAmount": {
      "type": "data_clump",
      "key": "fields_to_fields_data_clump-./SCORPIO-_X0w8IOGPEDaZKf-ch0P_Sw-_5CZlsOGPEDaZKf-ch0P_Sw-MileageSeatsAvailableOnedayamountColourNo.ofDaysTotalAmount",
      "probability": 1,
      "from_file_path": "./SCORPIO",
      "from_class_or_interface_name": "SCORPIO",
      "from_class_or_interface_key": "_X0w8IOGPEDaZKf-ch0P_Sw",
      "from_method_name": null,
      "from_method_key": null,
      "to_file_path": "./I20",
      "to_class_or_interface_key": "_5CZlsOGPEDaZKf-ch0P_Sw",
      "to_class_or_interface_name": "SCORPIO",
      "to_method_key": null,
      "to_method_name": null,
      "data_clump_type": "fields_to_fields_data_clump",
      "data_clump_data": {
        "_X0w8I-GPEDaZKf-ch0P_Sw": {
          "key": "_X0w8I-GPEDaZKf-ch0P_Sw",
          "name": "Mileage",
          "type": null,
          "probability": 1,
          "modifiers": [
            "public"
          ],
          "to_variable": {
            "key": "_5CZlseGPEDaZKf-ch0P_Sw",
            "name": "Mileage",
            "type": null,
            "modifiers": [
              "public"
            ],
            "position": {}
          },
          "position": {}
        },
        "_X0w8IuGPEDaZKf-ch0P_Sw": {
          "key": "_X0w8IuGPEDaZKf-ch0P_Sw",
          "name": "SeatsAvailable",
          "type": null,
          "probability": 1,
          "modifiers": [
            "public"
          ],
          "to_variable": {
            "key": "_5CZlsuGPEDaZKf-ch0P_Sw",
            "name": "SeatsAvailable",
            "type": null,
            "modifiers": [
              "public"
            ],
            "position": {}
          },
          "position": {}
        },
        "_X0w8IeGPEDaZKf-ch0P_Sw": {
          "key": "_X0w8IeGPEDaZKf-ch0P_Sw",
          "name": "Onedayamount",
          "type": null,
          "probability": 1,
          "modifiers": [
            "public"
          ],
          "to_variable": {
            "key": "_5CZls-GPEDaZKf-ch0P_Sw",
            "name": "Onedayamount",
            "type": null,
            "modifiers": [
              "public"
            ],
            "position": {}
          },
          "position": {}
        },
        "_X0w8JOGPEDaZKf-ch0P_Sw": {
          "key": "_X0w8JOGPEDaZKf-ch0P_Sw",
          "name": "Colour",
          "type": null,
          "probability": 1,
          "modifiers": [
            "public"
          ],
          "to_variable": {
            "key": "_5CZltOGPEDaZKf-ch0P_Sw",
            "name": "Colour",
            "type": null,
            "modifiers": [
              "public"
            ],
            "position": {}
          },
          "position": {}
        },
        "_X0w8JeGPEDaZKf-ch0P_Sw": {
          "key": "_X0w8JeGPEDaZKf-ch0P_Sw",
          "name": "No.ofDays",
          "type": null,
          "probability": 1,
          "modifiers": [
            "public"
          ],
          "to_variable": {
            "key": "_5CZlteGPEDaZKf-ch0P_Sw",
            "name": "No.ofDays",
            "type": null,
            "modifiers": [
              "public"
            ],
            "position": {}
          },
          "position": {}
        },
        "_X0w8JuGPEDaZKf-ch0P_Sw": {
          "key": "_X0w8JuGPEDaZKf-ch0P_Sw",
          "name": "TotalAmount",
          "type": null,
          "probability": 1,
          "modifiers": [
            "public"
          ],
          "to_variable": {
            "key": "_5CZltuGPEDaZKf-ch0P_Sw",
            "name": "TotalAmount",
            "type": null,
            "modifiers": [
              "public"
            ],
            "position": {}
          },
          "position": {}
        }
      }
    },
    "fields_to_fields_data_clump-./SCORPIO-_X0w8IOGPEDaZKf-ch0P_Sw-_wl-L8OGPEDaZKf-ch0P_Sw-MileageSeatsAvailableOnedayamountColourNo.ofDaysTotalAmount": {
      "type": "data_clump",
      "key": "fields_to_fields_data_clump-./SCORPIO-_X0w8IOGPEDaZKf-ch0P_Sw-_wl-L8OGPEDaZKf-ch0P_Sw-MileageSeatsAvailableOnedayamountColourNo.ofDaysTotalAmount",
      "probability": 1,
      "from_file_path": "./SCORPIO",
      "from_class_or_interface_name": "SCORPIO",
      "from_class_or_interface_key": "_X0w8IOGPEDaZKf-ch0P_Sw",
      "from_method_name": null,
      "from_method_key": null,
      "to_file_path": "./SCORPIO2",
      "to_class_or_interface_key": "_wl-L8OGPEDaZKf-ch0P_Sw",
      "to_class_or_interface_name": "SCORPIO",
      "to_method_key": null,
      "to_method_name": null,
      "data_clump_type": "fields_to_fields_data_clump",
      "data_clump_data": {
        "_X0w8I-GPEDaZKf-ch0P_Sw": {
          "key": "_X0w8I-GPEDaZKf-ch0P_Sw",
          "name": "Mileage",
          "type": null,
          "probability": 1,
          "modifiers": [
            "public"
          ],
          "to_variable": {
            "key": "_wl-L8eGPEDaZKf-ch0P_Sw",
            "name": "Mileage",
            "type": null,
            "modifiers": [
              "public"
            ],
            "position": {}
          },
          "position": {}
        },
        "_X0w8IuGPEDaZKf-ch0P_Sw": {
          "key": "_X0w8IuGPEDaZKf-ch0P_Sw",
          "name": "SeatsAvailable",
          "type": null,
          "probability": 1,
          "modifiers": [
            "public"
          ],
          "to_variable": {
            "key": "_wl-L8uGPEDaZKf-ch0P_Sw",
            "name": "SeatsAvailable",
            "type": null,
            "modifiers": [
              "public"
            ],
            "position": {}
          },
          "position": {}
        },
        "_X0w8IeGPEDaZKf-ch0P_Sw": {
          "key": "_X0w8IeGPEDaZKf-ch0P_Sw",
          "name": "Onedayamount",
          "type": null,
          "probability": 1,
          "modifiers": [
            "public"
          ],
          "to_variable": {
            "key": "_wl-zAOGPEDaZKf-ch0P_Sw",
            "name": "Onedayamount",
            "type": null,
            "modifiers": [
              "public"
            ],
            "position": {}
          },
          "position": {}
        },
        "_X0w8JOGPEDaZKf-ch0P_Sw": {
          "key": "_X0w8JOGPEDaZKf-ch0P_Sw",
          "name": "Colour",
          "type": null,
          "probability": 1,
          "modifiers": [
            "public"
          ],
          "to_variable": {
            "key": "_wl-zAeGPEDaZKf-ch0P_Sw",
            "name": "Colour",
            "type": null,
            "modifiers": [
              "public"
            ],
            "position": {}
          },
          "position": {}
        },
        "_X0w8JeGPEDaZKf-ch0P_Sw": {
          "key": "_X0w8JeGPEDaZKf-ch0P_Sw",
          "name": "No.ofDays",
          "type": null,
          "probability": 1,
          "modifiers": [
            "public"
          ],
          "to_variable": {
            "key": "_wl-zAuGPEDaZKf-ch0P_Sw",
            "name": "No.ofDays",
            "type": null,
            "modifiers": [
              "public"
            ],
            "position": {}
          },
          "position": {}
        },
        "_X0w8JuGPEDaZKf-ch0P_Sw": {
          "key": "_X0w8JuGPEDaZKf-ch0P_Sw",
          "name": "TotalAmount",
          "type": null,
          "probability": 1,
          "modifiers": [
            "public"
          ],
          "to_variable": {
            "key": "_wl-zA-GPEDaZKf-ch0P_Sw",
            "name": "TotalAmount",
            "type": null,
            "modifiers": [
              "public"
            ],
            "position": {}
          },
          "position": {}
        }
      }
    },
    "fields_to_fields_data_clump-./SCORPIO-_X0w8IOGPEDaZKf-ch0P_Sw-_jUS6gOGPEDaZKf-ch0P_Sw-MileageSeatsAvailableOnedayamountColourNo.ofDaysTotalAmount": {
      "type": "data_clump",
      "key": "fields_to_fields_data_clump-./SCORPIO-_X0w8IOGPEDaZKf-ch0P_Sw-_jUS6gOGPEDaZKf-ch0P_Sw-MileageSeatsAvailableOnedayamountColourNo.ofDaysTotalAmount",
      "probability": 1,
      "from_file_path": "./SCORPIO",
      "from_class_or_interface_name": "SCORPIO",
      "from_class_or_interface_key": "_X0w8IOGPEDaZKf-ch0P_Sw",
      "from_method_name": null,
      "from_method_key": null,
      "to_file_path": "./SWIFT",
      "to_class_or_interface_key": "_jUS6gOGPEDaZKf-ch0P_Sw",
      "to_class_or_interface_name": "SCORPIO",
      "to_method_key": null,
      "to_method_name": null,
      "data_clump_type": "fields_to_fields_data_clump",
      "data_clump_data": {
        "_X0w8I-GPEDaZKf-ch0P_Sw": {
          "key": "_X0w8I-GPEDaZKf-ch0P_Sw",
          "name": "Mileage",
          "type": null,
          "probability": 1,
          "modifiers": [
            "public"
          ],
          "to_variable": {
            "key": "_jUS6geGPEDaZKf-ch0P_Sw",
            "name": "Mileage",
            "type": null,
            "modifiers": [
              "public"
            ],
            "position": {}
          },
          "position": {}
        },
        "_X0w8IuGPEDaZKf-ch0P_Sw": {
          "key": "_X0w8IuGPEDaZKf-ch0P_Sw",
          "name": "SeatsAvailable",
          "type": null,
          "probability": 1,
          "modifiers": [
            "public"
          ],
          "to_variable": {
            "key": "_jUS6guGPEDaZKf-ch0P_Sw",
            "name": "SeatsAvailable",
            "type": null,
            "modifiers": [
              "public"
            ],
            "position": {}
          },
          "position": {}
        },
        "_X0w8IeGPEDaZKf-ch0P_Sw": {
          "key": "_X0w8IeGPEDaZKf-ch0P_Sw",
          "name": "Onedayamount",
          "type": null,
          "probability": 1,
          "modifiers": [
            "public"
          ],
          "to_variable": {
            "key": "_jUS6g-GPEDaZKf-ch0P_Sw",
            "name": "Onedayamount",
            "type": null,
            "modifiers": [
              "public"
            ],
            "position": {}
          },
          "position": {}
        },
        "_X0w8JOGPEDaZKf-ch0P_Sw": {
          "key": "_X0w8JOGPEDaZKf-ch0P_Sw",
          "name": "Colour",
          "type": null,
          "probability": 1,
          "modifiers": [
            "public"
          ],
          "to_variable": {
            "key": "_jUS6hOGPEDaZKf-ch0P_Sw",
            "name": "Colour",
            "type": null,
            "modifiers": [
              "public"
            ],
            "position": {}
          },
          "position": {}
        },
        "_X0w8JeGPEDaZKf-ch0P_Sw": {
          "key": "_X0w8JeGPEDaZKf-ch0P_Sw",
          "name": "No.ofDays",
          "type": null,
          "probability": 1,
          "modifiers": [
            "public"
          ],
          "to_variable": {
            "key": "_jUS6heGPEDaZKf-ch0P_Sw",
            "name": "No.ofDays",
            "type": null,
            "modifiers": [
              "public"
            ],
            "position": {}
          },
          "position": {}
        },
        "_X0w8JuGPEDaZKf-ch0P_Sw": {
          "key": "_X0w8JuGPEDaZKf-ch0P_Sw",
          "name": "TotalAmount",
          "type": null,
          "probability": 1,
          "modifiers": [
            "public"
          ],
          "to_variable": {
            "key": "_jUS6huGPEDaZKf-ch0P_Sw",
            "name": "TotalAmount",
            "type": null,
            "modifiers": [
              "public"
            ],
            "position": {}
          },
          "position": {}
        }
      }
    },
    "fields_to_fields_data_clump-./SCORPIO2-_wl-L8OGPEDaZKf-ch0P_Sw-_j0Lw8eGOEDaZKf-ch0P_Sw-MileageSeatsAvailableOnedayamountColourNo.ofDaysTotalAmount": {
      "type": "data_clump",
      "key": "fields_to_fields_data_clump-./SCORPIO2-_wl-L8OGPEDaZKf-ch0P_Sw-_j0Lw8eGOEDaZKf-ch0P_Sw-MileageSeatsAvailableOnedayamountColourNo.ofDaysTotalAmount",
      "probability": 1,
      "from_file_path": "./SCORPIO2",
      "from_class_or_interface_name": "SCORPIO2",
      "from_class_or_interface_key": "_wl-L8OGPEDaZKf-ch0P_Sw",
      "from_method_name": null,
      "from_method_key": null,
      "to_file_path": "./FIGO",
      "to_class_or_interface_key": "_j0Lw8eGOEDaZKf-ch0P_Sw",
      "to_class_or_interface_name": "SCORPIO2",
      "to_method_key": null,
      "to_method_name": null,
      "data_clump_type": "fields_to_fields_data_clump",
      "data_clump_data": {
        "_wl-L8eGPEDaZKf-ch0P_Sw": {
          "key": "_wl-L8eGPEDaZKf-ch0P_Sw",
          "name": "Mileage",
          "type": null,
          "probability": 1,
          "modifiers": [
            "public"
          ],
          "to_variable": {
            "key": "_JJZ68eGPEDaZKf-ch0P_Sw",
            "name": "Mileage",
            "type": null,
            "modifiers": [
              "public"
            ],
            "position": {}
          },
          "position": {}
        },
        "_wl-L8uGPEDaZKf-ch0P_Sw": {
          "key": "_wl-L8uGPEDaZKf-ch0P_Sw",
          "name": "SeatsAvailable",
          "type": null,
          "probability": 1,
          "modifiers": [
            "public"
          ],
          "to_variable": {
            "key": "_8ftPgOGOEDaZKf-ch0P_Sw",
            "name": "SeatsAvailable",
            "type": null,
            "modifiers": [
              "public"
            ],
            "position": {}
          },
          "position": {}
        },
        "_wl-zAOGPEDaZKf-ch0P_Sw": {
          "key": "_wl-zAOGPEDaZKf-ch0P_Sw",
          "name": "Onedayamount",
          "type": null,
          "probability": 1,
          "modifiers": [
            "public"
          ],
          "to_variable": {
            "key": "_3pWkkOGOEDaZKf-ch0P_Sw",
            "name": "Onedayamount",
            "type": null,
            "modifiers": [
              "public"
            ],
            "position": {}
          },
          "position": {}
        },
        "_wl-zAeGPEDaZKf-ch0P_Sw": {
          "key": "_wl-zAeGPEDaZKf-ch0P_Sw",
          "name": "Colour",
          "type": null,
          "probability": 1,
          "modifiers": [
            "public"
          ],
          "to_variable": {
            "key": "_LtS0AeGPEDaZKf-ch0P_Sw",
            "name": "Colour",
            "type": null,
            "modifiers": [
              "public"
            ],
            "position": {}
          },
          "position": {}
        },
        "_wl-zAuGPEDaZKf-ch0P_Sw": {
          "key": "_wl-zAuGPEDaZKf-ch0P_Sw",
          "name": "No.ofDays",
          "type": null,
          "probability": 1,
          "modifiers": [
            "public"
          ],
          "to_variable": {
            "key": "_OxI_geGPEDaZKf-ch0P_Sw",
            "name": "No.ofDays",
            "type": null,
            "modifiers": [
              "public"
            ],
            "position": {}
          },
          "position": {}
        },
        "_wl-zA-GPEDaZKf-ch0P_Sw": {
          "key": "_wl-zA-GPEDaZKf-ch0P_Sw",
          "name": "TotalAmount",
          "type": null,
          "probability": 1,
          "modifiers": [
            "public"
          ],
          "to_variable": {
            "key": "_U1kAEeGPEDaZKf-ch0P_Sw",
            "name": "TotalAmount",
            "type": null,
            "modifiers": [
              "public"
            ],
            "position": {}
          },
          "position": {}
        }
      }
    },
    "fields_to_fields_data_clump-./SCORPIO2-_wl-L8OGPEDaZKf-ch0P_Sw-_5CZlsOGPEDaZKf-ch0P_Sw-MileageSeatsAvailableOnedayamountColourNo.ofDaysTotalAmount": {
      "type": "data_clump",
      "key": "fields_to_fields_data_clump-./SCORPIO2-_wl-L8OGPEDaZKf-ch0P_Sw-_5CZlsOGPEDaZKf-ch0P_Sw-MileageSeatsAvailableOnedayamountColourNo.ofDaysTotalAmount",
      "probability": 1,
      "from_file_path": "./SCORPIO2",
      "from_class_or_interface_name": "SCORPIO2",
      "from_class_or_interface_key": "_wl-L8OGPEDaZKf-ch0P_Sw",
      "from_method_name": null,
      "from_method_key": null,
      "to_file_path": "./I20",
      "to_class_or_interface_key": "_5CZlsOGPEDaZKf-ch0P_Sw",
      "to_class_or_interface_name": "SCORPIO2",
      "to_method_key": null,
      "to_method_name": null,
      "data_clump_type": "fields_to_fields_data_clump",
      "data_clump_data": {
        "_wl-L8eGPEDaZKf-ch0P_Sw": {
          "key": "_wl-L8eGPEDaZKf-ch0P_Sw",
          "name": "Mileage",
          "type": null,
          "probability": 1,
          "modifiers": [
            "public"
          ],
          "to_variable": {
            "key": "_5CZlseGPEDaZKf-ch0P_Sw",
            "name": "Mileage",
            "type": null,
            "modifiers": [
              "public"
            ],
            "position": {}
          },
          "position": {}
        },
        "_wl-L8uGPEDaZKf-ch0P_Sw": {
          "key": "_wl-L8uGPEDaZKf-ch0P_Sw",
          "name": "SeatsAvailable",
          "type": null,
          "probability": 1,
          "modifiers": [
            "public"
          ],
          "to_variable": {
            "key": "_5CZlsuGPEDaZKf-ch0P_Sw",
            "name": "SeatsAvailable",
            "type": null,
            "modifiers": [
              "public"
            ],
            "position": {}
          },
          "position": {}
        },
        "_wl-zAOGPEDaZKf-ch0P_Sw": {
          "key": "_wl-zAOGPEDaZKf-ch0P_Sw",
          "name": "Onedayamount",
          "type": null,
          "probability": 1,
          "modifiers": [
            "public"
          ],
          "to_variable": {
            "key": "_5CZls-GPEDaZKf-ch0P_Sw",
            "name": "Onedayamount",
            "type": null,
            "modifiers": [
              "public"
            ],
            "position": {}
          },
          "position": {}
        },
        "_wl-zAeGPEDaZKf-ch0P_Sw": {
          "key": "_wl-zAeGPEDaZKf-ch0P_Sw",
          "name": "Colour",
          "type": null,
          "probability": 1,
          "modifiers": [
            "public"
          ],
          "to_variable": {
            "key": "_5CZltOGPEDaZKf-ch0P_Sw",
            "name": "Colour",
            "type": null,
            "modifiers": [
              "public"
            ],
            "position": {}
          },
          "position": {}
        },
        "_wl-zAuGPEDaZKf-ch0P_Sw": {
          "key": "_wl-zAuGPEDaZKf-ch0P_Sw",
          "name": "No.ofDays",
          "type": null,
          "probability": 1,
          "modifiers": [
            "public"
          ],
          "to_variable": {
            "key": "_5CZlteGPEDaZKf-ch0P_Sw",
            "name": "No.ofDays",
            "type": null,
            "modifiers": [
              "public"
            ],
            "position": {}
          },
          "position": {}
        },
        "_wl-zA-GPEDaZKf-ch0P_Sw": {
          "key": "_wl-zA-GPEDaZKf-ch0P_Sw",
          "name": "TotalAmount",
          "type": null,
          "probability": 1,
          "modifiers": [
            "public"
          ],
          "to_variable": {
            "key": "_5CZltuGPEDaZKf-ch0P_Sw",
            "name": "TotalAmount",
            "type": null,
            "modifiers": [
              "public"
            ],
            "position": {}
          },
          "position": {}
        }
      }
    },
    "fields_to_fields_data_clump-./SCORPIO2-_wl-L8OGPEDaZKf-ch0P_Sw-_X0w8IOGPEDaZKf-ch0P_Sw-MileageSeatsAvailableOnedayamountColourNo.ofDaysTotalAmount": {
      "type": "data_clump",
      "key": "fields_to_fields_data_clump-./SCORPIO2-_wl-L8OGPEDaZKf-ch0P_Sw-_X0w8IOGPEDaZKf-ch0P_Sw-MileageSeatsAvailableOnedayamountColourNo.ofDaysTotalAmount",
      "probability": 1,
      "from_file_path": "./SCORPIO2",
      "from_class_or_interface_name": "SCORPIO2",
      "from_class_or_interface_key": "_wl-L8OGPEDaZKf-ch0P_Sw",
      "from_method_name": null,
      "from_method_key": null,
      "to_file_path": "./SCORPIO",
      "to_class_or_interface_key": "_X0w8IOGPEDaZKf-ch0P_Sw",
      "to_class_or_interface_name": "SCORPIO2",
      "to_method_key": null,
      "to_method_name": null,
      "data_clump_type": "fields_to_fields_data_clump",
      "data_clump_data": {
        "_wl-L8eGPEDaZKf-ch0P_Sw": {
          "key": "_wl-L8eGPEDaZKf-ch0P_Sw",
          "name": "Mileage",
          "type": null,
          "probability": 1,
          "modifiers": [
            "public"
          ],
          "to_variable": {
            "key": "_X0w8I-GPEDaZKf-ch0P_Sw",
            "name": "Mileage",
            "type": null,
            "modifiers": [
              "public"
            ],
            "position": {}
          },
          "position": {}
        },
        "_wl-L8uGPEDaZKf-ch0P_Sw": {
          "key": "_wl-L8uGPEDaZKf-ch0P_Sw",
          "name": "SeatsAvailable",
          "type": null,
          "probability": 1,
          "modifiers": [
            "public"
          ],
          "to_variable": {
            "key": "_X0w8IuGPEDaZKf-ch0P_Sw",
            "name": "SeatsAvailable",
            "type": null,
            "modifiers": [
              "public"
            ],
            "position": {}
          },
          "position": {}
        },
        "_wl-zAOGPEDaZKf-ch0P_Sw": {
          "key": "_wl-zAOGPEDaZKf-ch0P_Sw",
          "name": "Onedayamount",
          "type": null,
          "probability": 1,
          "modifiers": [
            "public"
          ],
          "to_variable": {
            "key": "_X0w8IeGPEDaZKf-ch0P_Sw",
            "name": "Onedayamount",
            "type": null,
            "modifiers": [
              "public"
            ],
            "position": {}
          },
          "position": {}
        },
        "_wl-zAeGPEDaZKf-ch0P_Sw": {
          "key": "_wl-zAeGPEDaZKf-ch0P_Sw",
          "name": "Colour",
          "type": null,
          "probability": 1,
          "modifiers": [
            "public"
          ],
          "to_variable": {
            "key": "_X0w8JOGPEDaZKf-ch0P_Sw",
            "name": "Colour",
            "type": null,
            "modifiers": [
              "public"
            ],
            "position": {}
          },
          "position": {}
        },
        "_wl-zAuGPEDaZKf-ch0P_Sw": {
          "key": "_wl-zAuGPEDaZKf-ch0P_Sw",
          "name": "No.ofDays",
          "type": null,
          "probability": 1,
          "modifiers": [
            "public"
          ],
          "to_variable": {
            "key": "_X0w8JeGPEDaZKf-ch0P_Sw",
            "name": "No.ofDays",
            "type": null,
            "modifiers": [
              "public"
            ],
            "position": {}
          },
          "position": {}
        },
        "_wl-zA-GPEDaZKf-ch0P_Sw": {
          "key": "_wl-zA-GPEDaZKf-ch0P_Sw",
          "name": "TotalAmount",
          "type": null,
          "probability": 1,
          "modifiers": [
            "public"
          ],
          "to_variable": {
            "key": "_X0w8JuGPEDaZKf-ch0P_Sw",
            "name": "TotalAmount",
            "type": null,
            "modifiers": [
              "public"
            ],
            "position": {}
          },
          "position": {}
        }
      }
    },
    "fields_to_fields_data_clump-./SCORPIO2-_wl-L8OGPEDaZKf-ch0P_Sw-_jUS6gOGPEDaZKf-ch0P_Sw-MileageSeatsAvailableOnedayamountColourNo.ofDaysTotalAmount": {
      "type": "data_clump",
      "key": "fields_to_fields_data_clump-./SCORPIO2-_wl-L8OGPEDaZKf-ch0P_Sw-_jUS6gOGPEDaZKf-ch0P_Sw-MileageSeatsAvailableOnedayamountColourNo.ofDaysTotalAmount",
      "probability": 1,
      "from_file_path": "./SCORPIO2",
      "from_class_or_interface_name": "SCORPIO2",
      "from_class_or_interface_key": "_wl-L8OGPEDaZKf-ch0P_Sw",
      "from_method_name": null,
      "from_method_key": null,
      "to_file_path": "./SWIFT",
      "to_class_or_interface_key": "_jUS6gOGPEDaZKf-ch0P_Sw",
      "to_class_or_interface_name": "SCORPIO2",
      "to_method_key": null,
      "to_method_name": null,
      "data_clump_type": "fields_to_fields_data_clump",
      "data_clump_data": {
        "_wl-L8eGPEDaZKf-ch0P_Sw": {
          "key": "_wl-L8eGPEDaZKf-ch0P_Sw",
          "name": "Mileage",
          "type": null,
          "probability": 1,
          "modifiers": [
            "public"
          ],
          "to_variable": {
            "key": "_jUS6geGPEDaZKf-ch0P_Sw",
            "name": "Mileage",
            "type": null,
            "modifiers": [
              "public"
            ],
            "position": {}
          },
          "position": {}
        },
        "_wl-L8uGPEDaZKf-ch0P_Sw": {
          "key": "_wl-L8uGPEDaZKf-ch0P_Sw",
          "name": "SeatsAvailable",
          "type": null,
          "probability": 1,
          "modifiers": [
            "public"
          ],
          "to_variable": {
            "key": "_jUS6guGPEDaZKf-ch0P_Sw",
            "name": "SeatsAvailable",
            "type": null,
            "modifiers": [
              "public"
            ],
            "position": {}
          },
          "position": {}
        },
        "_wl-zAOGPEDaZKf-ch0P_Sw": {
          "key": "_wl-zAOGPEDaZKf-ch0P_Sw",
          "name": "Onedayamount",
          "type": null,
          "probability": 1,
          "modifiers": [
            "public"
          ],
          "to_variable": {
            "key": "_jUS6g-GPEDaZKf-ch0P_Sw",
            "name": "Onedayamount",
            "type": null,
            "modifiers": [
              "public"
            ],
            "position": {}
          },
          "position": {}
        },
        "_wl-zAeGPEDaZKf-ch0P_Sw": {
          "key": "_wl-zAeGPEDaZKf-ch0P_Sw",
          "name": "Colour",
          "type": null,
          "probability": 1,
          "modifiers": [
            "public"
          ],
          "to_variable": {
            "key": "_jUS6hOGPEDaZKf-ch0P_Sw",
            "name": "Colour",
            "type": null,
            "modifiers": [
              "public"
            ],
            "position": {}
          },
          "position": {}
        },
        "_wl-zAuGPEDaZKf-ch0P_Sw": {
          "key": "_wl-zAuGPEDaZKf-ch0P_Sw",
          "name": "No.ofDays",
          "type": null,
          "probability": 1,
          "modifiers": [
            "public"
          ],
          "to_variable": {
            "key": "_jUS6heGPEDaZKf-ch0P_Sw",
            "name": "No.ofDays",
            "type": null,
            "modifiers": [
              "public"
            ],
            "position": {}
          },
          "position": {}
        },
        "_wl-zA-GPEDaZKf-ch0P_Sw": {
          "key": "_wl-zA-GPEDaZKf-ch0P_Sw",
          "name": "TotalAmount",
          "type": null,
          "probability": 1,
          "modifiers": [
            "public"
          ],
          "to_variable": {
            "key": "_jUS6huGPEDaZKf-ch0P_Sw",
            "name": "TotalAmount",
            "type": null,
            "modifiers": [
              "public"
            ],
            "position": {}
          },
          "position": {}
        }
      }
    },
    "fields_to_fields_data_clump-./SWIFT-_jUS6gOGPEDaZKf-ch0P_Sw-_j0Lw8eGOEDaZKf-ch0P_Sw-MileageSeatsAvailableOnedayamountColourNo.ofDaysTotalAmount": {
      "type": "data_clump",
      "key": "fields_to_fields_data_clump-./SWIFT-_jUS6gOGPEDaZKf-ch0P_Sw-_j0Lw8eGOEDaZKf-ch0P_Sw-MileageSeatsAvailableOnedayamountColourNo.ofDaysTotalAmount",
      "probability": 1,
      "from_file_path": "./SWIFT",
      "from_class_or_interface_name": "SWIFT",
      "from_class_or_interface_key": "_jUS6gOGPEDaZKf-ch0P_Sw",
      "from_method_name": null,
      "from_method_key": null,
      "to_file_path": "./FIGO",
      "to_class_or_interface_key": "_j0Lw8eGOEDaZKf-ch0P_Sw",
      "to_class_or_interface_name": "SWIFT",
      "to_method_key": null,
      "to_method_name": null,
      "data_clump_type": "fields_to_fields_data_clump",
      "data_clump_data": {
        "_jUS6geGPEDaZKf-ch0P_Sw": {
          "key": "_jUS6geGPEDaZKf-ch0P_Sw",
          "name": "Mileage",
          "type": null,
          "probability": 1,
          "modifiers": [
            "public"
          ],
          "to_variable": {
            "key": "_JJZ68eGPEDaZKf-ch0P_Sw",
            "name": "Mileage",
            "type": null,
            "modifiers": [
              "public"
            ],
            "position": {}
          },
          "position": {}
        },
        "_jUS6guGPEDaZKf-ch0P_Sw": {
          "key": "_jUS6guGPEDaZKf-ch0P_Sw",
          "name": "SeatsAvailable",
          "type": null,
          "probability": 1,
          "modifiers": [
            "public"
          ],
          "to_variable": {
            "key": "_8ftPgOGOEDaZKf-ch0P_Sw",
            "name": "SeatsAvailable",
            "type": null,
            "modifiers": [
              "public"
            ],
            "position": {}
          },
          "position": {}
        },
        "_jUS6g-GPEDaZKf-ch0P_Sw": {
          "key": "_jUS6g-GPEDaZKf-ch0P_Sw",
          "name": "Onedayamount",
          "type": null,
          "probability": 1,
          "modifiers": [
            "public"
          ],
          "to_variable": {
            "key": "_3pWkkOGOEDaZKf-ch0P_Sw",
            "name": "Onedayamount",
            "type": null,
            "modifiers": [
              "public"
            ],
            "position": {}
          },
          "position": {}
        },
        "_jUS6hOGPEDaZKf-ch0P_Sw": {
          "key": "_jUS6hOGPEDaZKf-ch0P_Sw",
          "name": "Colour",
          "type": null,
          "probability": 1,
          "modifiers": [
            "public"
          ],
          "to_variable": {
            "key": "_LtS0AeGPEDaZKf-ch0P_Sw",
            "name": "Colour",
            "type": null,
            "modifiers": [
              "public"
            ],
            "position": {}
          },
          "position": {}
        },
        "_jUS6heGPEDaZKf-ch0P_Sw": {
          "key": "_jUS6heGPEDaZKf-ch0P_Sw",
          "name": "No.ofDays",
          "type": null,
          "probability": 1,
          "modifiers": [
            "public"
          ],
          "to_variable": {
            "key": "_OxI_geGPEDaZKf-ch0P_Sw",
            "name": "No.ofDays",
            "type": null,
            "modifiers": [
              "public"
            ],
            "position": {}
          },
          "position": {}
        },
        "_jUS6huGPEDaZKf-ch0P_Sw": {
          "key": "_jUS6huGPEDaZKf-ch0P_Sw",
          "name": "TotalAmount",
          "type": null,
          "probability": 1,
          "modifiers": [
            "public"
          ],
          "to_variable": {
            "key": "_U1kAEeGPEDaZKf-ch0P_Sw",
            "name": "TotalAmount",
            "type": null,
            "modifiers": [
              "public"
            ],
            "position": {}
          },
          "position": {}
        }
      }
    },
    "fields_to_fields_data_clump-./SWIFT-_jUS6gOGPEDaZKf-ch0P_Sw-_5CZlsOGPEDaZKf-ch0P_Sw-MileageSeatsAvailableOnedayamountColourNo.ofDaysTotalAmount": {
      "type": "data_clump",
      "key": "fields_to_fields_data_clump-./SWIFT-_jUS6gOGPEDaZKf-ch0P_Sw-_5CZlsOGPEDaZKf-ch0P_Sw-MileageSeatsAvailableOnedayamountColourNo.ofDaysTotalAmount",
      "probability": 1,
      "from_file_path": "./SWIFT",
      "from_class_or_interface_name": "SWIFT",
      "from_class_or_interface_key": "_jUS6gOGPEDaZKf-ch0P_Sw",
      "from_method_name": null,
      "from_method_key": null,
      "to_file_path": "./I20",
      "to_class_or_interface_key": "_5CZlsOGPEDaZKf-ch0P_Sw",
      "to_class_or_interface_name": "SWIFT",
      "to_method_key": null,
      "to_method_name": null,
      "data_clump_type": "fields_to_fields_data_clump",
      "data_clump_data": {
        "_jUS6geGPEDaZKf-ch0P_Sw": {
          "key": "_jUS6geGPEDaZKf-ch0P_Sw",
          "name": "Mileage",
          "type": null,
          "probability": 1,
          "modifiers": [
            "public"
          ],
          "to_variable": {
            "key": "_5CZlseGPEDaZKf-ch0P_Sw",
            "name": "Mileage",
            "type": null,
            "modifiers": [
              "public"
            ],
            "position": {}
          },
          "position": {}
        },
        "_jUS6guGPEDaZKf-ch0P_Sw": {
          "key": "_jUS6guGPEDaZKf-ch0P_Sw",
          "name": "SeatsAvailable",
          "type": null,
          "probability": 1,
          "modifiers": [
            "public"
          ],
          "to_variable": {
            "key": "_5CZlsuGPEDaZKf-ch0P_Sw",
            "name": "SeatsAvailable",
            "type": null,
            "modifiers": [
              "public"
            ],
            "position": {}
          },
          "position": {}
        },
        "_jUS6g-GPEDaZKf-ch0P_Sw": {
          "key": "_jUS6g-GPEDaZKf-ch0P_Sw",
          "name": "Onedayamount",
          "type": null,
          "probability": 1,
          "modifiers": [
            "public"
          ],
          "to_variable": {
            "key": "_5CZls-GPEDaZKf-ch0P_Sw",
            "name": "Onedayamount",
            "type": null,
            "modifiers": [
              "public"
            ],
            "position": {}
          },
          "position": {}
        },
        "_jUS6hOGPEDaZKf-ch0P_Sw": {
          "key": "_jUS6hOGPEDaZKf-ch0P_Sw",
          "name": "Colour",
          "type": null,
          "probability": 1,
          "modifiers": [
            "public"
          ],
          "to_variable": {
            "key": "_5CZltOGPEDaZKf-ch0P_Sw",
            "name": "Colour",
            "type": null,
            "modifiers": [
              "public"
            ],
            "position": {}
          },
          "position": {}
        },
        "_jUS6heGPEDaZKf-ch0P_Sw": {
          "key": "_jUS6heGPEDaZKf-ch0P_Sw",
          "name": "No.ofDays",
          "type": null,
          "probability": 1,
          "modifiers": [
            "public"
          ],
          "to_variable": {
            "key": "_5CZlteGPEDaZKf-ch0P_Sw",
            "name": "No.ofDays",
            "type": null,
            "modifiers": [
              "public"
            ],
            "position": {}
          },
          "position": {}
        },
        "_jUS6huGPEDaZKf-ch0P_Sw": {
          "key": "_jUS6huGPEDaZKf-ch0P_Sw",
          "name": "TotalAmount",
          "type": null,
          "probability": 1,
          "modifiers": [
            "public"
          ],
          "to_variable": {
            "key": "_5CZltuGPEDaZKf-ch0P_Sw",
            "name": "TotalAmount",
            "type": null,
            "modifiers": [
              "public"
            ],
            "position": {}
          },
          "position": {}
        }
      }
    },
    "fields_to_fields_data_clump-./SWIFT-_jUS6gOGPEDaZKf-ch0P_Sw-_X0w8IOGPEDaZKf-ch0P_Sw-MileageSeatsAvailableOnedayamountColourNo.ofDaysTotalAmount": {
      "type": "data_clump",
      "key": "fields_to_fields_data_clump-./SWIFT-_jUS6gOGPEDaZKf-ch0P_Sw-_X0w8IOGPEDaZKf-ch0P_Sw-MileageSeatsAvailableOnedayamountColourNo.ofDaysTotalAmount",
      "probability": 1,
      "from_file_path": "./SWIFT",
      "from_class_or_interface_name": "SWIFT",
      "from_class_or_interface_key": "_jUS6gOGPEDaZKf-ch0P_Sw",
      "from_method_name": null,
      "from_method_key": null,
      "to_file_path": "./SCORPIO",
      "to_class_or_interface_key": "_X0w8IOGPEDaZKf-ch0P_Sw",
      "to_class_or_interface_name": "SWIFT",
      "to_method_key": null,
      "to_method_name": null,
      "data_clump_type": "fields_to_fields_data_clump",
      "data_clump_data": {
        "_jUS6geGPEDaZKf-ch0P_Sw": {
          "key": "_jUS6geGPEDaZKf-ch0P_Sw",
          "name": "Mileage",
          "type": null,
          "probability": 1,
          "modifiers": [
            "public"
          ],
          "to_variable": {
            "key": "_X0w8I-GPEDaZKf-ch0P_Sw",
            "name": "Mileage",
            "type": null,
            "modifiers": [
              "public"
            ],
            "position": {}
          },
          "position": {}
        },
        "_jUS6guGPEDaZKf-ch0P_Sw": {
          "key": "_jUS6guGPEDaZKf-ch0P_Sw",
          "name": "SeatsAvailable",
          "type": null,
          "probability": 1,
          "modifiers": [
            "public"
          ],
          "to_variable": {
            "key": "_X0w8IuGPEDaZKf-ch0P_Sw",
            "name": "SeatsAvailable",
            "type": null,
            "modifiers": [
              "public"
            ],
            "position": {}
          },
          "position": {}
        },
        "_jUS6g-GPEDaZKf-ch0P_Sw": {
          "key": "_jUS6g-GPEDaZKf-ch0P_Sw",
          "name": "Onedayamount",
          "type": null,
          "probability": 1,
          "modifiers": [
            "public"
          ],
          "to_variable": {
            "key": "_X0w8IeGPEDaZKf-ch0P_Sw",
            "name": "Onedayamount",
            "type": null,
            "modifiers": [
              "public"
            ],
            "position": {}
          },
          "position": {}
        },
        "_jUS6hOGPEDaZKf-ch0P_Sw": {
          "key": "_jUS6hOGPEDaZKf-ch0P_Sw",
          "name": "Colour",
          "type": null,
          "probability": 1,
          "modifiers": [
            "public"
          ],
          "to_variable": {
            "key": "_X0w8JOGPEDaZKf-ch0P_Sw",
            "name": "Colour",
            "type": null,
            "modifiers": [
              "public"
            ],
            "position": {}
          },
          "position": {}
        },
        "_jUS6heGPEDaZKf-ch0P_Sw": {
          "key": "_jUS6heGPEDaZKf-ch0P_Sw",
          "name": "No.ofDays",
          "type": null,
          "probability": 1,
          "modifiers": [
            "public"
          ],
          "to_variable": {
            "key": "_X0w8JeGPEDaZKf-ch0P_Sw",
            "name": "No.ofDays",
            "type": null,
            "modifiers": [
              "public"
            ],
            "position": {}
          },
          "position": {}
        },
        "_jUS6huGPEDaZKf-ch0P_Sw": {
          "key": "_jUS6huGPEDaZKf-ch0P_Sw",
          "name": "TotalAmount",
          "type": null,
          "probability": 1,
          "modifiers": [
            "public"
          ],
          "to_variable": {
            "key": "_X0w8JuGPEDaZKf-ch0P_Sw",
            "name": "TotalAmount",
            "type": null,
            "modifiers": [
              "public"
            ],
            "position": {}
          },
          "position": {}
        }
      }
    },
    "fields_to_fields_data_clump-./SWIFT-_jUS6gOGPEDaZKf-ch0P_Sw-_wl-L8OGPEDaZKf-ch0P_Sw-MileageSeatsAvailableOnedayamountColourNo.ofDaysTotalAmount": {
      "type": "data_clump",
      "key": "fields_to_fields_data_clump-./SWIFT-_jUS6gOGPEDaZKf-ch0P_Sw-_wl-L8OGPEDaZKf-ch0P_Sw-MileageSeatsAvailableOnedayamountColourNo.ofDaysTotalAmount",
      "probability": 1,
      "from_file_path": "./SWIFT",
      "from_class_or_interface_name": "SWIFT",
      "from_class_or_interface_key": "_jUS6gOGPEDaZKf-ch0P_Sw",
      "from_method_name": null,
      "from_method_key": null,
      "to_file_path": "./SCORPIO2",
      "to_class_or_interface_key": "_wl-L8OGPEDaZKf-ch0P_Sw",
      "to_class_or_interface_name": "SWIFT",
      "to_method_key": null,
      "to_method_name": null,
      "data_clump_type": "fields_to_fields_data_clump",
      "data_clump_data": {
        "_jUS6geGPEDaZKf-ch0P_Sw": {
          "key": "_jUS6geGPEDaZKf-ch0P_Sw",
          "name": "Mileage",
          "type": null,
          "probability": 1,
          "modifiers": [
            "public"
          ],
          "to_variable": {
            "key": "_wl-L8eGPEDaZKf-ch0P_Sw",
            "name": "Mileage",
            "type": null,
            "modifiers": [
              "public"
            ],
            "position": {}
          },
          "position": {}
        },
        "_jUS6guGPEDaZKf-ch0P_Sw": {
          "key": "_jUS6guGPEDaZKf-ch0P_Sw",
          "name": "SeatsAvailable",
          "type": null,
          "probability": 1,
          "modifiers": [
            "public"
          ],
          "to_variable": {
            "key": "_wl-L8uGPEDaZKf-ch0P_Sw",
            "name": "SeatsAvailable",
            "type": null,
            "modifiers": [
              "public"
            ],
            "position": {}
          },
          "position": {}
        },
        "_jUS6g-GPEDaZKf-ch0P_Sw": {
          "key": "_jUS6g-GPEDaZKf-ch0P_Sw",
          "name": "Onedayamount",
          "type": null,
          "probability": 1,
          "modifiers": [
            "public"
          ],
          "to_variable": {
            "key": "_wl-zAOGPEDaZKf-ch0P_Sw",
            "name": "Onedayamount",
            "type": null,
            "modifiers": [
              "public"
            ],
            "position": {}
          },
          "position": {}
        },
        "_jUS6hOGPEDaZKf-ch0P_Sw": {
          "key": "_jUS6hOGPEDaZKf-ch0P_Sw",
          "name": "Colour",
          "type": null,
          "probability": 1,
          "modifiers": [
            "public"
          ],
          "to_variable": {
            "key": "_wl-zAeGPEDaZKf-ch0P_Sw",
            "name": "Colour",
            "type": null,
            "modifiers": [
              "public"
            ],
            "position": {}
          },
          "position": {}
        },
        "_jUS6heGPEDaZKf-ch0P_Sw": {
          "key": "_jUS6heGPEDaZKf-ch0P_Sw",
          "name": "No.ofDays",
          "type": null,
          "probability": 1,
          "modifiers": [
            "public"
          ],
          "to_variable": {
            "key": "_wl-zAuGPEDaZKf-ch0P_Sw",
            "name": "No.ofDays",
            "type": null,
            "modifiers": [
              "public"
            ],
            "position": {}
          },
          "position": {}
        },
        "_jUS6huGPEDaZKf-ch0P_Sw": {
          "key": "_jUS6huGPEDaZKf-ch0P_Sw",
          "name": "TotalAmount",
          "type": null,
          "probability": 1,
          "modifiers": [
            "public"
          ],
          "to_variable": {
            "key": "_wl-zA-GPEDaZKf-ch0P_Sw",
            "name": "TotalAmount",
            "type": null,
            "modifiers": [
              "public"
            ],
            "position": {}
          },
          "position": {}
        }
      }
    }
  }
}