{
  "report_version": "unknown",
  "report_timestamp": "2025-03-26T22:31:43.362Z",
  "target_language": "java",
  "report_summary": {
    "additional": null,
    "amount_classes_or_interfaces_with_data_clumps": 2,
    "amount_files_with_data_clumps": 2,
    "amount_methods_with_data_clumps": 0,
    "fields_to_fields_data_clump": 2,
    "parameters_to_fields_data_clump": 0,
    "parameters_to_parameters_data_clump": 0,
    "amount_data_clumps": 2
  },
  "project_info": {
    "project_url": "unknown_project_url",
    "project_name": "_FkJpsMjkEeiZ3fREAmKE6g",
    "project_version": "unknown_project_version",
    "project_commit_hash": "unknown",
    "project_tag": null,
    "project_commit_date": null,
    "additional": {},
    "number_of_files": 6,
    "number_of_classes_or_interfaces": 6,
    "number_of_methods": 13,
    "number_of_data_fields": 26,
    "number_of_method_parameters": 0
  },
  "detector": {
    "name": "data-clumps-doctor",
    "url": "https://github.com/NilsBaumgartner1994/data-clumps-doctor",
    "version": "0.1.100",
    "options": {
      "typeVariablesConsidered": false,
      "similarityModifierOfVariablesWithUnknownType": 0,
      "fieldsOfClassesWithUnknownHierarchyProbabilityModifier": 0,
      "sharedFieldsToFieldsAmountMinimum": 3,
      "analyseFieldsInClassesOrInterfacesInheritedFromSuperClassesOrInterfaces": false,
      "sharedParametersToParametersAmountMinimum": 3,
      "sharedParametersToFieldsAmountMinimum": 3,
      "methodsOfClassesOrInterfacesWithUnknownHierarchyProbabilityModifier": 0
    }
  },
  "data_clumps": {
    "fields_to_fields_data_clump-./OPERADOR-_MSXQAKsVEDauqs7b6ePYEw-_JCGEAasTEDauqs7b6ePYEw-nombreapellidoscorreoelectronico": {
      "type": "data_clump",
      "key": "fields_to_fields_data_clump-./OPERADOR-_MSXQAKsVEDauqs7b6ePYEw-_JCGEAasTEDauqs7b6ePYEw-nombreapellidoscorreoelectronico",
      "probability": 1,
      "from_file_path": "./OPERADOR",
      "from_class_or_interface_name": "OPERADOR",
      "from_class_or_interface_key": "_MSXQAKsVEDauqs7b6ePYEw",
      "from_method_name": null,
      "from_method_key": null,
      "to_file_path": "./USUARIOS",
      "to_class_or_interface_key": "_JCGEAasTEDauqs7b6ePYEw",
      "to_class_or_interface_name": "OPERADOR",
      "to_method_key": null,
      "to_method_name": null,
      "data_clump_type": "fields_to_fields_data_clump",
      "data_clump_data": {
        "_Oxp88KsVEDauqs7b6ePYEw": {
          "key": "_Oxp88KsVEDauqs7b6ePYEw",
          "name": "nombre",
          "type": null,
          "probability": 1,
          "modifiers": [],
          "to_variable": {
            "key": "_L9SCwasTEDauqs7b6ePYEw",
            "name": "nombre",
            "type": null,
            "modifiers": [],
            "position": {}
          },
          "position": {}
        },
        "_PCSZ8KsVEDauqs7b6ePYEw": {
          "key": "_PCSZ8KsVEDauqs7b6ePYEw",
          "name": "apellidos",
          "type": null,
          "probability": 1,
          "modifiers": [],
          "to_variable": {
            "key": "_MUGAQKsTEDauqs7b6ePYEw",
            "name": "apellidos",
            "type": null,
            "modifiers": [],
            "position": {}
          },
          "position": {}
        },
        "_kG-UsKsVEDauqs7b6ePYEw": {
          "key": "_kG-UsKsVEDauqs7b6ePYEw",
          "name": "correoelectronico",
          "type": null,
          "probability": 1,
          "modifiers": [],
          "to_variable": {
            "key": "_NK8vwasTEDauqs7b6ePYEw",
            "name": "correoelectronico",
            "type": null,
            "modifiers": [],
            "position": {}
          },
          "position": {}
        }
      }
    },
    "fields_to_fields_data_clump-./USUARIOS-_JCGEAasTEDauqs7b6ePYEw-_MSXQAKsVEDauqs7b6ePYEw-nombreapellidoscorreoelectronico": {
      "type": "data_clump",
      "key": "fields_to_fields_data_clump-./USUARIOS-_JCGEAasTEDauqs7b6ePYEw-_MSXQAKsVEDauqs7b6ePYEw-nombreapellidoscorreoelectronico",
      "probability": 1,
      "from_file_path": "./USUARIOS",
      "from_class_or_interface_name": "USUARIOS",
      "from_class_or_interface_key": "_JCGEAasTEDauqs7b6ePYEw",
      "from_method_name": null,
      "from_method_key": null,
      "to_file_path": "./OPERADOR",
      "to_class_or_interface_key": "_MSXQAKsVEDauqs7b6ePYEw",
      "to_class_or_interface_name": "USUARIOS",
      "to_method_key": null,
      "to_method_name": null,
      "data_clump_type": "fields_to_fields_data_clump",
      "data_clump_data": {
        "_L9SCwasTEDauqs7b6ePYEw": {
          "key": "_L9SCwasTEDauqs7b6ePYEw",
          "name": "nombre",
          "type": null,
          "probability": 1,
          "modifiers": [],
          "to_variable": {
            "key": "_Oxp88KsVEDauqs7b6ePYEw",
            "name": "nombre",
            "type": null,
            "modifiers": [],
            "position": {}
          },
          "position": {}
        },
        "_MUGAQKsTEDauqs7b6ePYEw": {
          "key": "_MUGAQKsTEDauqs7b6ePYEw",
          "name": "apellidos",
          "type": null,
          "probability": 1,
          "modifiers": [],
          "to_variable": {
            "key": "_PCSZ8KsVEDauqs7b6ePYEw",
            "name": "apellidos",
            "type": null,
            "modifiers": [],
            "position": {}
          },
          "position": {}
        },
        "_NK8vwasTEDauqs7b6ePYEw": {
          "key": "_NK8vwasTEDauqs7b6ePYEw",
          "name": "correoelectronico",
          "type": null,
          "probability": 1,
          "modifiers": [],
          "to_variable": {
            "key": "_kG-UsKsVEDauqs7b6ePYEw",
            "name": "correoelectronico",
            "type": null,
            "modifiers": [],
            "position": {}
          },
          "position": {}
        }
      }
    }
  }
}