{
  "report_version": "unknown",
  "report_timestamp": "2025-03-26T22:46:06.162Z",
  "target_language": "java",
  "report_summary": {
    "additional": null,
    "amount_classes_or_interfaces_with_data_clumps": 6,
    "amount_files_with_data_clumps": 6,
    "amount_methods_with_data_clumps": 6,
    "fields_to_fields_data_clump": 2,
    "parameters_to_fields_data_clump": 0,
    "parameters_to_parameters_data_clump": 30,
    "amount_data_clumps": 32
  },
  "project_info": {
    "project_url": "unknown_project_url",
    "project_name": "_ICQbICjeEeuxZMUIY-ihGw",
    "project_version": "unknown_project_version",
    "project_commit_hash": "unknown",
    "project_tag": null,
    "project_commit_date": null,
    "additional": {},
    "number_of_files": 23,
    "number_of_classes_or_interfaces": 23,
    "number_of_methods": 67,
    "number_of_data_fields": 35,
    "number_of_method_parameters": 79
  },
  "detector": {
    "name": "data-clumps-doctor",
    "url": "https://github.com/NilsBaumgartner1994/data-clumps-doctor",
    "version": "0.1.100",
    "options": {
      "typeVariablesConsidered": false,
      "similarityModifierOfVariablesWithUnknownType": 0,
      "fieldsOfClassesWithUnknownHierarchyProbabilityModifier": 0,
      "sharedFieldsToFieldsAmountMinimum": 3,
      "analyseFieldsInClassesOrInterfacesInheritedFromSuperClassesOrInterfaces": false,
      "sharedParametersToParametersAmountMinimum": 3,
      "sharedParametersToFieldsAmountMinimum": 3,
      "methodsOfClassesOrInterfacesWithUnknownHierarchyProbabilityModifier": 0
    }
  },
  "data_clumps": {
    "parameters_to_parameters_data_clump-./BombermanConfiguration-_IClylijeEeuxZMUIY-ihGw-_IClynijeEeuxZMUIY-ihGw-parameterparameter2parameter3": {
      "type": "data_clump",
      "key": "parameters_to_parameters_data_clump-./BombermanConfiguration-_IClylijeEeuxZMUIY-ihGw-_IClynijeEeuxZMUIY-ihGw-parameterparameter2parameter3",
      "probability": 1,
      "from_file_path": "./BombermanConfiguration",
      "from_class_or_interface_name": "BombermanConfiguration",
      "from_class_or_interface_key": "_IClylSjeEeuxZMUIY-ihGw",
      "from_method_name": "BombermanConfiguration",
      "from_method_key": "_IClylijeEeuxZMUIY-ihGw",
      "to_file_path": "./BombermanMoveStrategy",
      "to_class_or_interface_name": "BombermanMoveStrategy",
      "to_class_or_interface_key": "_IClynSjeEeuxZMUIY-ihGw",
      "to_method_name": "BombermanMoveStrategy",
      "to_method_key": "_IClynijeEeuxZMUIY-ihGw",
      "data_clump_type": "parameters_to_parameters_data_clump",
      "data_clump_data": {
        "_IClymCjeEeuxZMUIY-ihGw": {
          "key": "_IClymCjeEeuxZMUIY-ihGw",
          "name": "parameter",
          "type": null,
          "probability": 1,
          "modifiers": [],
          "to_variable": {
            "key": "_IClyoCjeEeuxZMUIY-ihGw",
            "name": "parameter",
            "type": null,
            "modifiers": [],
            "position": {}
          },
          "position": {}
        },
        "_IClymSjeEeuxZMUIY-ihGw": {
          "key": "_IClymSjeEeuxZMUIY-ihGw",
          "name": "parameter2",
          "type": null,
          "probability": 1,
          "modifiers": [],
          "to_variable": {
            "key": "_IClyoSjeEeuxZMUIY-ihGw",
            "name": "parameter2",
            "type": null,
            "modifiers": [],
            "position": {}
          },
          "position": {}
        },
        "_IClymijeEeuxZMUIY-ihGw": {
          "key": "_IClymijeEeuxZMUIY-ihGw",
          "name": "parameter3",
          "type": null,
          "probability": 1,
          "modifiers": [],
          "to_variable": {
            "key": "_IClyoijeEeuxZMUIY-ihGw",
            "name": "parameter3",
            "type": null,
            "modifiers": [],
            "position": {}
          },
          "position": {}
        }
      }
    },
    "parameters_to_parameters_data_clump-./BombermanConfiguration-_IClylijeEeuxZMUIY-ihGw-_IClMOyjeEeuxZMUIY-ihGw-parameterparameter2parameter3": {
      "type": "data_clump",
      "key": "parameters_to_parameters_data_clump-./BombermanConfiguration-_IClylijeEeuxZMUIY-ihGw-_IClMOyjeEeuxZMUIY-ihGw-parameterparameter2parameter3",
      "probability": 1,
      "from_file_path": "./BombermanConfiguration",
      "from_class_or_interface_name": "BombermanConfiguration",
      "from_class_or_interface_key": "_IClylSjeEeuxZMUIY-ihGw",
      "from_method_name": "BombermanConfiguration",
      "from_method_key": "_IClylijeEeuxZMUIY-ihGw",
      "to_file_path": "./Bonus",
      "to_class_or_interface_name": "Bonus",
      "to_class_or_interface_key": "_IClMOSjeEeuxZMUIY-ihGw",
      "to_method_name": "Bonus",
      "to_method_key": "_IClMOyjeEeuxZMUIY-ihGw",
      "data_clump_type": "parameters_to_parameters_data_clump",
      "data_clump_data": {
        "_IClymCjeEeuxZMUIY-ihGw": {
          "key": "_IClymCjeEeuxZMUIY-ihGw",
          "name": "parameter",
          "type": null,
          "probability": 1,
          "modifiers": [],
          "to_variable": {
            "key": "_IClMPSjeEeuxZMUIY-ihGw",
            "name": "parameter",
            "type": null,
            "modifiers": [],
            "position": {}
          },
          "position": {}
        },
        "_IClymSjeEeuxZMUIY-ihGw": {
          "key": "_IClymSjeEeuxZMUIY-ihGw",
          "name": "parameter2",
          "type": null,
          "probability": 1,
          "modifiers": [],
          "to_variable": {
            "key": "_IClMPijeEeuxZMUIY-ihGw",
            "name": "parameter2",
            "type": null,
            "modifiers": [],
            "position": {}
          },
          "position": {}
        },
        "_IClymijeEeuxZMUIY-ihGw": {
          "key": "_IClymijeEeuxZMUIY-ihGw",
          "name": "parameter3",
          "type": null,
          "probability": 1,
          "modifiers": [],
          "to_variable": {
            "key": "_IClMPyjeEeuxZMUIY-ihGw",
            "name": "parameter3",
            "type": null,
            "modifiers": [],
            "position": {}
          },
          "position": {}
        }
      }
    },
    "parameters_to_parameters_data_clump-./BombermanConfiguration-_IClylijeEeuxZMUIY-ihGw-_IClL2SjeEeuxZMUIY-ihGw-parameterparameter2parameter3": {
      "type": "data_clump",
      "key": "parameters_to_parameters_data_clump-./BombermanConfiguration-_IClylijeEeuxZMUIY-ihGw-_IClL2SjeEeuxZMUIY-ihGw-parameterparameter2parameter3",
      "probability": 1,
      "from_file_path": "./BombermanConfiguration",
      "from_class_or_interface_name": "BombermanConfiguration",
      "from_class_or_interface_key": "_IClylSjeEeuxZMUIY-ihGw",
      "from_method_name": "BombermanConfiguration",
      "from_method_key": "_IClylijeEeuxZMUIY-ihGw",
      "to_file_path": "./Flame",
      "to_class_or_interface_name": "Flame",
      "to_class_or_interface_key": "_IClL1SjeEeuxZMUIY-ihGw",
      "to_method_name": "Flame",
      "to_method_key": "_IClL2SjeEeuxZMUIY-ihGw",
      "data_clump_type": "parameters_to_parameters_data_clump",
      "data_clump_data": {
        "_IClymCjeEeuxZMUIY-ihGw": {
          "key": "_IClymCjeEeuxZMUIY-ihGw",
          "name": "parameter",
          "type": null,
          "probability": 1,
          "modifiers": [],
          "to_variable": {
            "key": "_IClL2yjeEeuxZMUIY-ihGw",
            "name": "parameter",
            "type": null,
            "modifiers": [],
            "position": {}
          },
          "position": {}
        },
        "_IClymSjeEeuxZMUIY-ihGw": {
          "key": "_IClymSjeEeuxZMUIY-ihGw",
          "name": "parameter2",
          "type": null,
          "probability": 1,
          "modifiers": [],
          "to_variable": {
            "key": "_IClL3CjeEeuxZMUIY-ihGw",
            "name": "parameter2",
            "type": null,
            "modifiers": [],
            "position": {}
          },
          "position": {}
        },
        "_IClymijeEeuxZMUIY-ihGw": {
          "key": "_IClymijeEeuxZMUIY-ihGw",
          "name": "parameter3",
          "type": null,
          "probability": 1,
          "modifiers": [],
          "to_variable": {
            "key": "_IClL3SjeEeuxZMUIY-ihGw",
            "name": "parameter3",
            "type": null,
            "modifiers": [],
            "position": {}
          },
          "position": {}
        }
      }
    },
    "parameters_to_parameters_data_clump-./BombermanConfiguration-_IClylijeEeuxZMUIY-ihGw-_IClLeijeEeuxZMUIY-ihGw-parameterparameter2parameter3": {
      "type": "data_clump",
      "key": "parameters_to_parameters_data_clump-./BombermanConfiguration-_IClylijeEeuxZMUIY-ihGw-_IClLeijeEeuxZMUIY-ihGw-parameterparameter2parameter3",
      "probability": 1,
      "from_file_path": "./BombermanConfiguration",
      "from_class_or_interface_name": "BombermanConfiguration",
      "from_class_or_interface_key": "_IClylSjeEeuxZMUIY-ihGw",
      "from_method_name": "BombermanConfiguration",
      "from_method_key": "_IClylijeEeuxZMUIY-ihGw",
      "to_file_path": "./MovableEntity",
      "to_class_or_interface_name": "MovableEntity",
      "to_class_or_interface_key": "_IClLdSjeEeuxZMUIY-ihGw",
      "to_method_name": "MovableEntity",
      "to_method_key": "_IClLeijeEeuxZMUIY-ihGw",
      "data_clump_type": "parameters_to_parameters_data_clump",
      "data_clump_data": {
        "_IClymCjeEeuxZMUIY-ihGw": {
          "key": "_IClymCjeEeuxZMUIY-ihGw",
          "name": "parameter",
          "type": null,
          "probability": 1,
          "modifiers": [],
          "to_variable": {
            "key": "_IClLfCjeEeuxZMUIY-ihGw",
            "name": "parameter",
            "type": null,
            "modifiers": [],
            "position": {}
          },
          "position": {}
        },
        "_IClymSjeEeuxZMUIY-ihGw": {
          "key": "_IClymSjeEeuxZMUIY-ihGw",
          "name": "parameter2",
          "type": null,
          "probability": 1,
          "modifiers": [],
          "to_variable": {
            "key": "_IClLfSjeEeuxZMUIY-ihGw",
            "name": "parameter2",
            "type": null,
            "modifiers": [],
            "position": {}
          },
          "position": {}
        },
        "_IClymijeEeuxZMUIY-ihGw": {
          "key": "_IClymijeEeuxZMUIY-ihGw",
          "name": "parameter3",
          "type": null,
          "probability": 1,
          "modifiers": [],
          "to_variable": {
            "key": "_IClLfijeEeuxZMUIY-ihGw",
            "name": "parameter3",
            "type": null,
            "modifiers": [],
            "position": {}
          },
          "position": {}
        }
      }
    },
    "parameters_to_parameters_data_clump-./BombermanConfiguration-_IClylijeEeuxZMUIY-ihGw-_IClLiijeEeuxZMUIY-ihGw-parameterparameter2parameter3": {
      "type": "data_clump",
      "key": "parameters_to_parameters_data_clump-./BombermanConfiguration-_IClylijeEeuxZMUIY-ihGw-_IClLiijeEeuxZMUIY-ihGw-parameterparameter2parameter3",
      "probability": 1,
      "from_file_path": "./BombermanConfiguration",
      "from_class_or_interface_name": "BombermanConfiguration",
      "from_class_or_interface_key": "_IClylSjeEeuxZMUIY-ihGw",
      "from_method_name": "BombermanConfiguration",
      "from_method_key": "_IClylijeEeuxZMUIY-ihGw",
      "to_file_path": "./UnmovableEntity",
      "to_class_or_interface_name": "UnmovableEntity",
      "to_class_or_interface_key": "_IClLhCjeEeuxZMUIY-ihGw",
      "to_method_name": "UnmovableEntity",
      "to_method_key": "_IClLiijeEeuxZMUIY-ihGw",
      "data_clump_type": "parameters_to_parameters_data_clump",
      "data_clump_data": {
        "_IClymCjeEeuxZMUIY-ihGw": {
          "key": "_IClymCjeEeuxZMUIY-ihGw",
          "name": "parameter",
          "type": null,
          "probability": 1,
          "modifiers": [],
          "to_variable": {
            "key": "_IClLjCjeEeuxZMUIY-ihGw",
            "name": "parameter",
            "type": null,
            "modifiers": [],
            "position": {}
          },
          "position": {}
        },
        "_IClymSjeEeuxZMUIY-ihGw": {
          "key": "_IClymSjeEeuxZMUIY-ihGw",
          "name": "parameter2",
          "type": null,
          "probability": 1,
          "modifiers": [],
          "to_variable": {
            "key": "_IClLjSjeEeuxZMUIY-ihGw",
            "name": "parameter2",
            "type": null,
            "modifiers": [],
            "position": {}
          },
          "position": {}
        },
        "_IClymijeEeuxZMUIY-ihGw": {
          "key": "_IClymijeEeuxZMUIY-ihGw",
          "name": "parameter3",
          "type": null,
          "probability": 1,
          "modifiers": [],
          "to_variable": {
            "key": "_IClLjijeEeuxZMUIY-ihGw",
            "name": "parameter3",
            "type": null,
            "modifiers": [],
            "position": {}
          },
          "position": {}
        }
      }
    },
    "parameters_to_parameters_data_clump-./BombermanMoveStrategy-_IClynijeEeuxZMUIY-ihGw-_IClylijeEeuxZMUIY-ihGw-parameterparameter2parameter3": {
      "type": "data_clump",
      "key": "parameters_to_parameters_data_clump-./BombermanMoveStrategy-_IClynijeEeuxZMUIY-ihGw-_IClylijeEeuxZMUIY-ihGw-parameterparameter2parameter3",
      "probability": 1,
      "from_file_path": "./BombermanMoveStrategy",
      "from_class_or_interface_name": "BombermanMoveStrategy",
      "from_class_or_interface_key": "_IClynSjeEeuxZMUIY-ihGw",
      "from_method_name": "BombermanMoveStrategy",
      "from_method_key": "_IClynijeEeuxZMUIY-ihGw",
      "to_file_path": "./BombermanConfiguration",
      "to_class_or_interface_name": "BombermanConfiguration",
      "to_class_or_interface_key": "_IClylSjeEeuxZMUIY-ihGw",
      "to_method_name": "BombermanConfiguration",
      "to_method_key": "_IClylijeEeuxZMUIY-ihGw",
      "data_clump_type": "parameters_to_parameters_data_clump",
      "data_clump_data": {
        "_IClyoCjeEeuxZMUIY-ihGw": {
          "key": "_IClyoCjeEeuxZMUIY-ihGw",
          "name": "parameter",
          "type": null,
          "probability": 1,
          "modifiers": [],
          "to_variable": {
            "key": "_IClymCjeEeuxZMUIY-ihGw",
            "name": "parameter",
            "type": null,
            "modifiers": [],
            "position": {}
          },
          "position": {}
        },
        "_IClyoSjeEeuxZMUIY-ihGw": {
          "key": "_IClyoSjeEeuxZMUIY-ihGw",
          "name": "parameter2",
          "type": null,
          "probability": 1,
          "modifiers": [],
          "to_variable": {
            "key": "_IClymSjeEeuxZMUIY-ihGw",
            "name": "parameter2",
            "type": null,
            "modifiers": [],
            "position": {}
          },
          "position": {}
        },
        "_IClyoijeEeuxZMUIY-ihGw": {
          "key": "_IClyoijeEeuxZMUIY-ihGw",
          "name": "parameter3",
          "type": null,
          "probability": 1,
          "modifiers": [],
          "to_variable": {
            "key": "_IClymijeEeuxZMUIY-ihGw",
            "name": "parameter3",
            "type": null,
            "modifiers": [],
            "position": {}
          },
          "position": {}
        }
      }
    },
    "parameters_to_parameters_data_clump-./BombermanMoveStrategy-_IClynijeEeuxZMUIY-ihGw-_IClMOyjeEeuxZMUIY-ihGw-parameterparameter2parameter3": {
      "type": "data_clump",
      "key": "parameters_to_parameters_data_clump-./BombermanMoveStrategy-_IClynijeEeuxZMUIY-ihGw-_IClMOyjeEeuxZMUIY-ihGw-parameterparameter2parameter3",
      "probability": 1,
      "from_file_path": "./BombermanMoveStrategy",
      "from_class_or_interface_name": "BombermanMoveStrategy",
      "from_class_or_interface_key": "_IClynSjeEeuxZMUIY-ihGw",
      "from_method_name": "BombermanMoveStrategy",
      "from_method_key": "_IClynijeEeuxZMUIY-ihGw",
      "to_file_path": "./Bonus",
      "to_class_or_interface_name": "Bonus",
      "to_class_or_interface_key": "_IClMOSjeEeuxZMUIY-ihGw",
      "to_method_name": "Bonus",
      "to_method_key": "_IClMOyjeEeuxZMUIY-ihGw",
      "data_clump_type": "parameters_to_parameters_data_clump",
      "data_clump_data": {
        "_IClyoCjeEeuxZMUIY-ihGw": {
          "key": "_IClyoCjeEeuxZMUIY-ihGw",
          "name": "parameter",
          "type": null,
          "probability": 1,
          "modifiers": [],
          "to_variable": {
            "key": "_IClMPSjeEeuxZMUIY-ihGw",
            "name": "parameter",
            "type": null,
            "modifiers": [],
            "position": {}
          },
          "position": {}
        },
        "_IClyoSjeEeuxZMUIY-ihGw": {
          "key": "_IClyoSjeEeuxZMUIY-ihGw",
          "name": "parameter2",
          "type": null,
          "probability": 1,
          "modifiers": [],
          "to_variable": {
            "key": "_IClMPijeEeuxZMUIY-ihGw",
            "name": "parameter2",
            "type": null,
            "modifiers": [],
            "position": {}
          },
          "position": {}
        },
        "_IClyoijeEeuxZMUIY-ihGw": {
          "key": "_IClyoijeEeuxZMUIY-ihGw",
          "name": "parameter3",
          "type": null,
          "probability": 1,
          "modifiers": [],
          "to_variable": {
            "key": "_IClMPyjeEeuxZMUIY-ihGw",
            "name": "parameter3",
            "type": null,
            "modifiers": [],
            "position": {}
          },
          "position": {}
        }
      }
    },
    "parameters_to_parameters_data_clump-./BombermanMoveStrategy-_IClynijeEeuxZMUIY-ihGw-_IClL2SjeEeuxZMUIY-ihGw-parameterparameter2parameter3parameter4": {
      "type": "data_clump",
      "key": "parameters_to_parameters_data_clump-./BombermanMoveStrategy-_IClynijeEeuxZMUIY-ihGw-_IClL2SjeEeuxZMUIY-ihGw-parameterparameter2parameter3parameter4",
      "probability": 1,
      "from_file_path": "./BombermanMoveStrategy",
      "from_class_or_interface_name": "BombermanMoveStrategy",
      "from_class_or_interface_key": "_IClynSjeEeuxZMUIY-ihGw",
      "from_method_name": "BombermanMoveStrategy",
      "from_method_key": "_IClynijeEeuxZMUIY-ihGw",
      "to_file_path": "./Flame",
      "to_class_or_interface_name": "Flame",
      "to_class_or_interface_key": "_IClL1SjeEeuxZMUIY-ihGw",
      "to_method_name": "Flame",
      "to_method_key": "_IClL2SjeEeuxZMUIY-ihGw",
      "data_clump_type": "parameters_to_parameters_data_clump",
      "data_clump_data": {
        "_IClyoCjeEeuxZMUIY-ihGw": {
          "key": "_IClyoCjeEeuxZMUIY-ihGw",
          "name": "parameter",
          "type": null,
          "probability": 1,
          "modifiers": [],
          "to_variable": {
            "key": "_IClL2yjeEeuxZMUIY-ihGw",
            "name": "parameter",
            "type": null,
            "modifiers": [],
            "position": {}
          },
          "position": {}
        },
        "_IClyoSjeEeuxZMUIY-ihGw": {
          "key": "_IClyoSjeEeuxZMUIY-ihGw",
          "name": "parameter2",
          "type": null,
          "probability": 1,
          "modifiers": [],
          "to_variable": {
            "key": "_IClL3CjeEeuxZMUIY-ihGw",
            "name": "parameter2",
            "type": null,
            "modifiers": [],
            "position": {}
          },
          "position": {}
        },
        "_IClyoijeEeuxZMUIY-ihGw": {
          "key": "_IClyoijeEeuxZMUIY-ihGw",
          "name": "parameter3",
          "type": null,
          "probability": 1,
          "modifiers": [],
          "to_variable": {
            "key": "_IClL3SjeEeuxZMUIY-ihGw",
            "name": "parameter3",
            "type": null,
            "modifiers": [],
            "position": {}
          },
          "position": {}
        },
        "_IClyoyjeEeuxZMUIY-ihGw": {
          "key": "_IClyoyjeEeuxZMUIY-ihGw",
          "name": "parameter4",
          "type": null,
          "probability": 1,
          "modifiers": [],
          "to_variable": {
            "key": "_IClL3ijeEeuxZMUIY-ihGw",
            "name": "parameter4",
            "type": null,
            "modifiers": [],
            "position": {}
          },
          "position": {}
        }
      }
    },
    "parameters_to_parameters_data_clump-./BombermanMoveStrategy-_IClynijeEeuxZMUIY-ihGw-_IClLeijeEeuxZMUIY-ihGw-parameterparameter2parameter3": {
      "type": "data_clump",
      "key": "parameters_to_parameters_data_clump-./BombermanMoveStrategy-_IClynijeEeuxZMUIY-ihGw-_IClLeijeEeuxZMUIY-ihGw-parameterparameter2parameter3",
      "probability": 1,
      "from_file_path": "./BombermanMoveStrategy",
      "from_class_or_interface_name": "BombermanMoveStrategy",
      "from_class_or_interface_key": "_IClynSjeEeuxZMUIY-ihGw",
      "from_method_name": "BombermanMoveStrategy",
      "from_method_key": "_IClynijeEeuxZMUIY-ihGw",
      "to_file_path": "./MovableEntity",
      "to_class_or_interface_name": "MovableEntity",
      "to_class_or_interface_key": "_IClLdSjeEeuxZMUIY-ihGw",
      "to_method_name": "MovableEntity",
      "to_method_key": "_IClLeijeEeuxZMUIY-ihGw",
      "data_clump_type": "parameters_to_parameters_data_clump",
      "data_clump_data": {
        "_IClyoCjeEeuxZMUIY-ihGw": {
          "key": "_IClyoCjeEeuxZMUIY-ihGw",
          "name": "parameter",
          "type": null,
          "probability": 1,
          "modifiers": [],
          "to_variable": {
            "key": "_IClLfCjeEeuxZMUIY-ihGw",
            "name": "parameter",
            "type": null,
            "modifiers": [],
            "position": {}
          },
          "position": {}
        },
        "_IClyoSjeEeuxZMUIY-ihGw": {
          "key": "_IClyoSjeEeuxZMUIY-ihGw",
          "name": "parameter2",
          "type": null,
          "probability": 1,
          "modifiers": [],
          "to_variable": {
            "key": "_IClLfSjeEeuxZMUIY-ihGw",
            "name": "parameter2",
            "type": null,
            "modifiers": [],
            "position": {}
          },
          "position": {}
        },
        "_IClyoijeEeuxZMUIY-ihGw": {
          "key": "_IClyoijeEeuxZMUIY-ihGw",
          "name": "parameter3",
          "type": null,
          "probability": 1,
          "modifiers": [],
          "to_variable": {
            "key": "_IClLfijeEeuxZMUIY-ihGw",
            "name": "parameter3",
            "type": null,
            "modifiers": [],
            "position": {}
          },
          "position": {}
        }
      }
    },
    "parameters_to_parameters_data_clump-./BombermanMoveStrategy-_IClynijeEeuxZMUIY-ihGw-_IClLiijeEeuxZMUIY-ihGw-parameterparameter2parameter3": {
      "type": "data_clump",
      "key": "parameters_to_parameters_data_clump-./BombermanMoveStrategy-_IClynijeEeuxZMUIY-ihGw-_IClLiijeEeuxZMUIY-ihGw-parameterparameter2parameter3",
      "probability": 1,
      "from_file_path": "./BombermanMoveStrategy",
      "from_class_or_interface_name": "BombermanMoveStrategy",
      "from_class_or_interface_key": "_IClynSjeEeuxZMUIY-ihGw",
      "from_method_name": "BombermanMoveStrategy",
      "from_method_key": "_IClynijeEeuxZMUIY-ihGw",
      "to_file_path": "./UnmovableEntity",
      "to_class_or_interface_name": "UnmovableEntity",
      "to_class_or_interface_key": "_IClLhCjeEeuxZMUIY-ihGw",
      "to_method_name": "UnmovableEntity",
      "to_method_key": "_IClLiijeEeuxZMUIY-ihGw",
      "data_clump_type": "parameters_to_parameters_data_clump",
      "data_clump_data": {
        "_IClyoCjeEeuxZMUIY-ihGw": {
          "key": "_IClyoCjeEeuxZMUIY-ihGw",
          "name": "parameter",
          "type": null,
          "probability": 1,
          "modifiers": [],
          "to_variable": {
            "key": "_IClLjCjeEeuxZMUIY-ihGw",
            "name": "parameter",
            "type": null,
            "modifiers": [],
            "position": {}
          },
          "position": {}
        },
        "_IClyoSjeEeuxZMUIY-ihGw": {
          "key": "_IClyoSjeEeuxZMUIY-ihGw",
          "name": "parameter2",
          "type": null,
          "probability": 1,
          "modifiers": [],
          "to_variable": {
            "key": "_IClLjSjeEeuxZMUIY-ihGw",
            "name": "parameter2",
            "type": null,
            "modifiers": [],
            "position": {}
          },
          "position": {}
        },
        "_IClyoijeEeuxZMUIY-ihGw": {
          "key": "_IClyoijeEeuxZMUIY-ihGw",
          "name": "parameter3",
          "type": null,
          "probability": 1,
          "modifiers": [],
          "to_variable": {
            "key": "_IClLjijeEeuxZMUIY-ihGw",
            "name": "parameter3",
            "type": null,
            "modifiers": [],
            "position": {}
          },
          "position": {}
        }
      }
    },
    "parameters_to_parameters_data_clump-./Bonus-_IClMOyjeEeuxZMUIY-ihGw-_IClylijeEeuxZMUIY-ihGw-parameterparameter2parameter3": {
      "type": "data_clump",
      "key": "parameters_to_parameters_data_clump-./Bonus-_IClMOyjeEeuxZMUIY-ihGw-_IClylijeEeuxZMUIY-ihGw-parameterparameter2parameter3",
      "probability": 1,
      "from_file_path": "./Bonus",
      "from_class_or_interface_name": "Bonus",
      "from_class_or_interface_key": "_IClMOSjeEeuxZMUIY-ihGw",
      "from_method_name": "Bonus",
      "from_method_key": "_IClMOyjeEeuxZMUIY-ihGw",
      "to_file_path": "./BombermanConfiguration",
      "to_class_or_interface_name": "BombermanConfiguration",
      "to_class_or_interface_key": "_IClylSjeEeuxZMUIY-ihGw",
      "to_method_name": "BombermanConfiguration",
      "to_method_key": "_IClylijeEeuxZMUIY-ihGw",
      "data_clump_type": "parameters_to_parameters_data_clump",
      "data_clump_data": {
        "_IClMPSjeEeuxZMUIY-ihGw": {
          "key": "_IClMPSjeEeuxZMUIY-ihGw",
          "name": "parameter",
          "type": null,
          "probability": 1,
          "modifiers": [],
          "to_variable": {
            "key": "_IClymCjeEeuxZMUIY-ihGw",
            "name": "parameter",
            "type": null,
            "modifiers": [],
            "position": {}
          },
          "position": {}
        },
        "_IClMPijeEeuxZMUIY-ihGw": {
          "key": "_IClMPijeEeuxZMUIY-ihGw",
          "name": "parameter2",
          "type": null,
          "probability": 1,
          "modifiers": [],
          "to_variable": {
            "key": "_IClymSjeEeuxZMUIY-ihGw",
            "name": "parameter2",
            "type": null,
            "modifiers": [],
            "position": {}
          },
          "position": {}
        },
        "_IClMPyjeEeuxZMUIY-ihGw": {
          "key": "_IClMPyjeEeuxZMUIY-ihGw",
          "name": "parameter3",
          "type": null,
          "probability": 1,
          "modifiers": [],
          "to_variable": {
            "key": "_IClymijeEeuxZMUIY-ihGw",
            "name": "parameter3",
            "type": null,
            "modifiers": [],
            "position": {}
          },
          "position": {}
        }
      }
    },
    "parameters_to_parameters_data_clump-./Bonus-_IClMOyjeEeuxZMUIY-ihGw-_IClynijeEeuxZMUIY-ihGw-parameterparameter2parameter3": {
      "type": "data_clump",
      "key": "parameters_to_parameters_data_clump-./Bonus-_IClMOyjeEeuxZMUIY-ihGw-_IClynijeEeuxZMUIY-ihGw-parameterparameter2parameter3",
      "probability": 1,
      "from_file_path": "./Bonus",
      "from_class_or_interface_name": "Bonus",
      "from_class_or_interface_key": "_IClMOSjeEeuxZMUIY-ihGw",
      "from_method_name": "Bonus",
      "from_method_key": "_IClMOyjeEeuxZMUIY-ihGw",
      "to_file_path": "./BombermanMoveStrategy",
      "to_class_or_interface_name": "BombermanMoveStrategy",
      "to_class_or_interface_key": "_IClynSjeEeuxZMUIY-ihGw",
      "to_method_name": "BombermanMoveStrategy",
      "to_method_key": "_IClynijeEeuxZMUIY-ihGw",
      "data_clump_type": "parameters_to_parameters_data_clump",
      "data_clump_data": {
        "_IClMPSjeEeuxZMUIY-ihGw": {
          "key": "_IClMPSjeEeuxZMUIY-ihGw",
          "name": "parameter",
          "type": null,
          "probability": 1,
          "modifiers": [],
          "to_variable": {
            "key": "_IClyoCjeEeuxZMUIY-ihGw",
            "name": "parameter",
            "type": null,
            "modifiers": [],
            "position": {}
          },
          "position": {}
        },
        "_IClMPijeEeuxZMUIY-ihGw": {
          "key": "_IClMPijeEeuxZMUIY-ihGw",
          "name": "parameter2",
          "type": null,
          "probability": 1,
          "modifiers": [],
          "to_variable": {
            "key": "_IClyoSjeEeuxZMUIY-ihGw",
            "name": "parameter2",
            "type": null,
            "modifiers": [],
            "position": {}
          },
          "position": {}
        },
        "_IClMPyjeEeuxZMUIY-ihGw": {
          "key": "_IClMPyjeEeuxZMUIY-ihGw",
          "name": "parameter3",
          "type": null,
          "probability": 1,
          "modifiers": [],
          "to_variable": {
            "key": "_IClyoijeEeuxZMUIY-ihGw",
            "name": "parameter3",
            "type": null,
            "modifiers": [],
            "position": {}
          },
          "position": {}
        }
      }
    },
    "parameters_to_parameters_data_clump-./Bonus-_IClMOyjeEeuxZMUIY-ihGw-_IClL2SjeEeuxZMUIY-ihGw-parameterparameter2parameter3": {
      "type": "data_clump",
      "key": "parameters_to_parameters_data_clump-./Bonus-_IClMOyjeEeuxZMUIY-ihGw-_IClL2SjeEeuxZMUIY-ihGw-parameterparameter2parameter3",
      "probability": 1,
      "from_file_path": "./Bonus",
      "from_class_or_interface_name": "Bonus",
      "from_class_or_interface_key": "_IClMOSjeEeuxZMUIY-ihGw",
      "from_method_name": "Bonus",
      "from_method_key": "_IClMOyjeEeuxZMUIY-ihGw",
      "to_file_path": "./Flame",
      "to_class_or_interface_name": "Flame",
      "to_class_or_interface_key": "_IClL1SjeEeuxZMUIY-ihGw",
      "to_method_name": "Flame",
      "to_method_key": "_IClL2SjeEeuxZMUIY-ihGw",
      "data_clump_type": "parameters_to_parameters_data_clump",
      "data_clump_data": {
        "_IClMPSjeEeuxZMUIY-ihGw": {
          "key": "_IClMPSjeEeuxZMUIY-ihGw",
          "name": "parameter",
          "type": null,
          "probability": 1,
          "modifiers": [],
          "to_variable": {
            "key": "_IClL2yjeEeuxZMUIY-ihGw",
            "name": "parameter",
            "type": null,
            "modifiers": [],
            "position": {}
          },
          "position": {}
        },
        "_IClMPijeEeuxZMUIY-ihGw": {
          "key": "_IClMPijeEeuxZMUIY-ihGw",
          "name": "parameter2",
          "type": null,
          "probability": 1,
          "modifiers": [],
          "to_variable": {
            "key": "_IClL3CjeEeuxZMUIY-ihGw",
            "name": "parameter2",
            "type": null,
            "modifiers": [],
            "position": {}
          },
          "position": {}
        },
        "_IClMPyjeEeuxZMUIY-ihGw": {
          "key": "_IClMPyjeEeuxZMUIY-ihGw",
          "name": "parameter3",
          "type": null,
          "probability": 1,
          "modifiers": [],
          "to_variable": {
            "key": "_IClL3SjeEeuxZMUIY-ihGw",
            "name": "parameter3",
            "type": null,
            "modifiers": [],
            "position": {}
          },
          "position": {}
        }
      }
    },
    "parameters_to_parameters_data_clump-./Bonus-_IClMOyjeEeuxZMUIY-ihGw-_IClLeijeEeuxZMUIY-ihGw-parameterparameter2parameter3": {
      "type": "data_clump",
      "key": "parameters_to_parameters_data_clump-./Bonus-_IClMOyjeEeuxZMUIY-ihGw-_IClLeijeEeuxZMUIY-ihGw-parameterparameter2parameter3",
      "probability": 1,
      "from_file_path": "./Bonus",
      "from_class_or_interface_name": "Bonus",
      "from_class_or_interface_key": "_IClMOSjeEeuxZMUIY-ihGw",
      "from_method_name": "Bonus",
      "from_method_key": "_IClMOyjeEeuxZMUIY-ihGw",
      "to_file_path": "./MovableEntity",
      "to_class_or_interface_name": "MovableEntity",
      "to_class_or_interface_key": "_IClLdSjeEeuxZMUIY-ihGw",
      "to_method_name": "MovableEntity",
      "to_method_key": "_IClLeijeEeuxZMUIY-ihGw",
      "data_clump_type": "parameters_to_parameters_data_clump",
      "data_clump_data": {
        "_IClMPSjeEeuxZMUIY-ihGw": {
          "key": "_IClMPSjeEeuxZMUIY-ihGw",
          "name": "parameter",
          "type": null,
          "probability": 1,
          "modifiers": [],
          "to_variable": {
            "key": "_IClLfCjeEeuxZMUIY-ihGw",
            "name": "parameter",
            "type": null,
            "modifiers": [],
            "position": {}
          },
          "position": {}
        },
        "_IClMPijeEeuxZMUIY-ihGw": {
          "key": "_IClMPijeEeuxZMUIY-ihGw",
          "name": "parameter2",
          "type": null,
          "probability": 1,
          "modifiers": [],
          "to_variable": {
            "key": "_IClLfSjeEeuxZMUIY-ihGw",
            "name": "parameter2",
            "type": null,
            "modifiers": [],
            "position": {}
          },
          "position": {}
        },
        "_IClMPyjeEeuxZMUIY-ihGw": {
          "key": "_IClMPyjeEeuxZMUIY-ihGw",
          "name": "parameter3",
          "type": null,
          "probability": 1,
          "modifiers": [],
          "to_variable": {
            "key": "_IClLfijeEeuxZMUIY-ihGw",
            "name": "parameter3",
            "type": null,
            "modifiers": [],
            "position": {}
          },
          "position": {}
        }
      }
    },
    "parameters_to_parameters_data_clump-./Bonus-_IClMOyjeEeuxZMUIY-ihGw-_IClLiijeEeuxZMUIY-ihGw-parameterparameter2parameter3": {
      "type": "data_clump",
      "key": "parameters_to_parameters_data_clump-./Bonus-_IClMOyjeEeuxZMUIY-ihGw-_IClLiijeEeuxZMUIY-ihGw-parameterparameter2parameter3",
      "probability": 1,
      "from_file_path": "./Bonus",
      "from_class_or_interface_name": "Bonus",
      "from_class_or_interface_key": "_IClMOSjeEeuxZMUIY-ihGw",
      "from_method_name": "Bonus",
      "from_method_key": "_IClMOyjeEeuxZMUIY-ihGw",
      "to_file_path": "./UnmovableEntity",
      "to_class_or_interface_name": "UnmovableEntity",
      "to_class_or_interface_key": "_IClLhCjeEeuxZMUIY-ihGw",
      "to_method_name": "UnmovableEntity",
      "to_method_key": "_IClLiijeEeuxZMUIY-ihGw",
      "data_clump_type": "parameters_to_parameters_data_clump",
      "data_clump_data": {
        "_IClMPSjeEeuxZMUIY-ihGw": {
          "key": "_IClMPSjeEeuxZMUIY-ihGw",
          "name": "parameter",
          "type": null,
          "probability": 1,
          "modifiers": [],
          "to_variable": {
            "key": "_IClLjCjeEeuxZMUIY-ihGw",
            "name": "parameter",
            "type": null,
            "modifiers": [],
            "position": {}
          },
          "position": {}
        },
        "_IClMPijeEeuxZMUIY-ihGw": {
          "key": "_IClMPijeEeuxZMUIY-ihGw",
          "name": "parameter2",
          "type": null,
          "probability": 1,
          "modifiers": [],
          "to_variable": {
            "key": "_IClLjSjeEeuxZMUIY-ihGw",
            "name": "parameter2",
            "type": null,
            "modifiers": [],
            "position": {}
          },
          "position": {}
        },
        "_IClMPyjeEeuxZMUIY-ihGw": {
          "key": "_IClMPyjeEeuxZMUIY-ihGw",
          "name": "parameter3",
          "type": null,
          "probability": 1,
          "modifiers": [],
          "to_variable": {
            "key": "_IClLjijeEeuxZMUIY-ihGw",
            "name": "parameter3",
            "type": null,
            "modifiers": [],
            "position": {}
          },
          "position": {}
        }
      }
    },
    "parameters_to_parameters_data_clump-./Flame-_IClL2SjeEeuxZMUIY-ihGw-_IClylijeEeuxZMUIY-ihGw-parameterparameter2parameter3": {
      "type": "data_clump",
      "key": "parameters_to_parameters_data_clump-./Flame-_IClL2SjeEeuxZMUIY-ihGw-_IClylijeEeuxZMUIY-ihGw-parameterparameter2parameter3",
      "probability": 1,
      "from_file_path": "./Flame",
      "from_class_or_interface_name": "Flame",
      "from_class_or_interface_key": "_IClL1SjeEeuxZMUIY-ihGw",
      "from_method_name": "Flame",
      "from_method_key": "_IClL2SjeEeuxZMUIY-ihGw",
      "to_file_path": "./BombermanConfiguration",
      "to_class_or_interface_name": "BombermanConfiguration",
      "to_class_or_interface_key": "_IClylSjeEeuxZMUIY-ihGw",
      "to_method_name": "BombermanConfiguration",
      "to_method_key": "_IClylijeEeuxZMUIY-ihGw",
      "data_clump_type": "parameters_to_parameters_data_clump",
      "data_clump_data": {
        "_IClL2yjeEeuxZMUIY-ihGw": {
          "key": "_IClL2yjeEeuxZMUIY-ihGw",
          "name": "parameter",
          "type": null,
          "probability": 1,
          "modifiers": [],
          "to_variable": {
            "key": "_IClymCjeEeuxZMUIY-ihGw",
            "name": "parameter",
            "type": null,
            "modifiers": [],
            "position": {}
          },
          "position": {}
        },
        "_IClL3CjeEeuxZMUIY-ihGw": {
          "key": "_IClL3CjeEeuxZMUIY-ihGw",
          "name": "parameter2",
          "type": null,
          "probability": 1,
          "modifiers": [],
          "to_variable": {
            "key": "_IClymSjeEeuxZMUIY-ihGw",
            "name": "parameter2",
            "type": null,
            "modifiers": [],
            "position": {}
          },
          "position": {}
        },
        "_IClL3SjeEeuxZMUIY-ihGw": {
          "key": "_IClL3SjeEeuxZMUIY-ihGw",
          "name": "parameter3",
          "type": null,
          "probability": 1,
          "modifiers": [],
          "to_variable": {
            "key": "_IClymijeEeuxZMUIY-ihGw",
            "name": "parameter3",
            "type": null,
            "modifiers": [],
            "position": {}
          },
          "position": {}
        }
      }
    },
    "parameters_to_parameters_data_clump-./Flame-_IClL2SjeEeuxZMUIY-ihGw-_IClynijeEeuxZMUIY-ihGw-parameterparameter2parameter3parameter4": {
      "type": "data_clump",
      "key": "parameters_to_parameters_data_clump-./Flame-_IClL2SjeEeuxZMUIY-ihGw-_IClynijeEeuxZMUIY-ihGw-parameterparameter2parameter3parameter4",
      "probability": 1,
      "from_file_path": "./Flame",
      "from_class_or_interface_name": "Flame",
      "from_class_or_interface_key": "_IClL1SjeEeuxZMUIY-ihGw",
      "from_method_name": "Flame",
      "from_method_key": "_IClL2SjeEeuxZMUIY-ihGw",
      "to_file_path": "./BombermanMoveStrategy",
      "to_class_or_interface_name": "BombermanMoveStrategy",
      "to_class_or_interface_key": "_IClynSjeEeuxZMUIY-ihGw",
      "to_method_name": "BombermanMoveStrategy",
      "to_method_key": "_IClynijeEeuxZMUIY-ihGw",
      "data_clump_type": "parameters_to_parameters_data_clump",
      "data_clump_data": {
        "_IClL2yjeEeuxZMUIY-ihGw": {
          "key": "_IClL2yjeEeuxZMUIY-ihGw",
          "name": "parameter",
          "type": null,
          "probability": 1,
          "modifiers": [],
          "to_variable": {
            "key": "_IClyoCjeEeuxZMUIY-ihGw",
            "name": "parameter",
            "type": null,
            "modifiers": [],
            "position": {}
          },
          "position": {}
        },
        "_IClL3CjeEeuxZMUIY-ihGw": {
          "key": "_IClL3CjeEeuxZMUIY-ihGw",
          "name": "parameter2",
          "type": null,
          "probability": 1,
          "modifiers": [],
          "to_variable": {
            "key": "_IClyoSjeEeuxZMUIY-ihGw",
            "name": "parameter2",
            "type": null,
            "modifiers": [],
            "position": {}
          },
          "position": {}
        },
        "_IClL3SjeEeuxZMUIY-ihGw": {
          "key": "_IClL3SjeEeuxZMUIY-ihGw",
          "name": "parameter3",
          "type": null,
          "probability": 1,
          "modifiers": [],
          "to_variable": {
            "key": "_IClyoijeEeuxZMUIY-ihGw",
            "name": "parameter3",
            "type": null,
            "modifiers": [],
            "position": {}
          },
          "position": {}
        },
        "_IClL3ijeEeuxZMUIY-ihGw": {
          "key": "_IClL3ijeEeuxZMUIY-ihGw",
          "name": "parameter4",
          "type": null,
          "probability": 1,
          "modifiers": [],
          "to_variable": {
            "key": "_IClyoyjeEeuxZMUIY-ihGw",
            "name": "parameter4",
            "type": null,
            "modifiers": [],
            "position": {}
          },
          "position": {}
        }
      }
    },
    "parameters_to_parameters_data_clump-./Flame-_IClL2SjeEeuxZMUIY-ihGw-_IClMOyjeEeuxZMUIY-ihGw-parameterparameter2parameter3": {
      "type": "data_clump",
      "key": "parameters_to_parameters_data_clump-./Flame-_IClL2SjeEeuxZMUIY-ihGw-_IClMOyjeEeuxZMUIY-ihGw-parameterparameter2parameter3",
      "probability": 1,
      "from_file_path": "./Flame",
      "from_class_or_interface_name": "Flame",
      "from_class_or_interface_key": "_IClL1SjeEeuxZMUIY-ihGw",
      "from_method_name": "Flame",
      "from_method_key": "_IClL2SjeEeuxZMUIY-ihGw",
      "to_file_path": "./Bonus",
      "to_class_or_interface_name": "Bonus",
      "to_class_or_interface_key": "_IClMOSjeEeuxZMUIY-ihGw",
      "to_method_name": "Bonus",
      "to_method_key": "_IClMOyjeEeuxZMUIY-ihGw",
      "data_clump_type": "parameters_to_parameters_data_clump",
      "data_clump_data": {
        "_IClL2yjeEeuxZMUIY-ihGw": {
          "key": "_IClL2yjeEeuxZMUIY-ihGw",
          "name": "parameter",
          "type": null,
          "probability": 1,
          "modifiers": [],
          "to_variable": {
            "key": "_IClMPSjeEeuxZMUIY-ihGw",
            "name": "parameter",
            "type": null,
            "modifiers": [],
            "position": {}
          },
          "position": {}
        },
        "_IClL3CjeEeuxZMUIY-ihGw": {
          "key": "_IClL3CjeEeuxZMUIY-ihGw",
          "name": "parameter2",
          "type": null,
          "probability": 1,
          "modifiers": [],
          "to_variable": {
            "key": "_IClMPijeEeuxZMUIY-ihGw",
            "name": "parameter2",
            "type": null,
            "modifiers": [],
            "position": {}
          },
          "position": {}
        },
        "_IClL3SjeEeuxZMUIY-ihGw": {
          "key": "_IClL3SjeEeuxZMUIY-ihGw",
          "name": "parameter3",
          "type": null,
          "probability": 1,
          "modifiers": [],
          "to_variable": {
            "key": "_IClMPyjeEeuxZMUIY-ihGw",
            "name": "parameter3",
            "type": null,
            "modifiers": [],
            "position": {}
          },
          "position": {}
        }
      }
    },
    "parameters_to_parameters_data_clump-./Flame-_IClL2SjeEeuxZMUIY-ihGw-_IClLeijeEeuxZMUIY-ihGw-parameterparameter2parameter3": {
      "type": "data_clump",
      "key": "parameters_to_parameters_data_clump-./Flame-_IClL2SjeEeuxZMUIY-ihGw-_IClLeijeEeuxZMUIY-ihGw-parameterparameter2parameter3",
      "probability": 1,
      "from_file_path": "./Flame",
      "from_class_or_interface_name": "Flame",
      "from_class_or_interface_key": "_IClL1SjeEeuxZMUIY-ihGw",
      "from_method_name": "Flame",
      "from_method_key": "_IClL2SjeEeuxZMUIY-ihGw",
      "to_file_path": "./MovableEntity",
      "to_class_or_interface_name": "MovableEntity",
      "to_class_or_interface_key": "_IClLdSjeEeuxZMUIY-ihGw",
      "to_method_name": "MovableEntity",
      "to_method_key": "_IClLeijeEeuxZMUIY-ihGw",
      "data_clump_type": "parameters_to_parameters_data_clump",
      "data_clump_data": {
        "_IClL2yjeEeuxZMUIY-ihGw": {
          "key": "_IClL2yjeEeuxZMUIY-ihGw",
          "name": "parameter",
          "type": null,
          "probability": 1,
          "modifiers": [],
          "to_variable": {
            "key": "_IClLfCjeEeuxZMUIY-ihGw",
            "name": "parameter",
            "type": null,
            "modifiers": [],
            "position": {}
          },
          "position": {}
        },
        "_IClL3CjeEeuxZMUIY-ihGw": {
          "key": "_IClL3CjeEeuxZMUIY-ihGw",
          "name": "parameter2",
          "type": null,
          "probability": 1,
          "modifiers": [],
          "to_variable": {
            "key": "_IClLfSjeEeuxZMUIY-ihGw",
            "name": "parameter2",
            "type": null,
            "modifiers": [],
            "position": {}
          },
          "position": {}
        },
        "_IClL3SjeEeuxZMUIY-ihGw": {
          "key": "_IClL3SjeEeuxZMUIY-ihGw",
          "name": "parameter3",
          "type": null,
          "probability": 1,
          "modifiers": [],
          "to_variable": {
            "key": "_IClLfijeEeuxZMUIY-ihGw",
            "name": "parameter3",
            "type": null,
            "modifiers": [],
            "position": {}
          },
          "position": {}
        }
      }
    },
    "parameters_to_parameters_data_clump-./Flame-_IClL2SjeEeuxZMUIY-ihGw-_IClLiijeEeuxZMUIY-ihGw-parameterparameter2parameter3": {
      "type": "data_clump",
      "key": "parameters_to_parameters_data_clump-./Flame-_IClL2SjeEeuxZMUIY-ihGw-_IClLiijeEeuxZMUIY-ihGw-parameterparameter2parameter3",
      "probability": 1,
      "from_file_path": "./Flame",
      "from_class_or_interface_name": "Flame",
      "from_class_or_interface_key": "_IClL1SjeEeuxZMUIY-ihGw",
      "from_method_name": "Flame",
      "from_method_key": "_IClL2SjeEeuxZMUIY-ihGw",
      "to_file_path": "./UnmovableEntity",
      "to_class_or_interface_name": "UnmovableEntity",
      "to_class_or_interface_key": "_IClLhCjeEeuxZMUIY-ihGw",
      "to_method_name": "UnmovableEntity",
      "to_method_key": "_IClLiijeEeuxZMUIY-ihGw",
      "data_clump_type": "parameters_to_parameters_data_clump",
      "data_clump_data": {
        "_IClL2yjeEeuxZMUIY-ihGw": {
          "key": "_IClL2yjeEeuxZMUIY-ihGw",
          "name": "parameter",
          "type": null,
          "probability": 1,
          "modifiers": [],
          "to_variable": {
            "key": "_IClLjCjeEeuxZMUIY-ihGw",
            "name": "parameter",
            "type": null,
            "modifiers": [],
            "position": {}
          },
          "position": {}
        },
        "_IClL3CjeEeuxZMUIY-ihGw": {
          "key": "_IClL3CjeEeuxZMUIY-ihGw",
          "name": "parameter2",
          "type": null,
          "probability": 1,
          "modifiers": [],
          "to_variable": {
            "key": "_IClLjSjeEeuxZMUIY-ihGw",
            "name": "parameter2",
            "type": null,
            "modifiers": [],
            "position": {}
          },
          "position": {}
        },
        "_IClL3SjeEeuxZMUIY-ihGw": {
          "key": "_IClL3SjeEeuxZMUIY-ihGw",
          "name": "parameter3",
          "type": null,
          "probability": 1,
          "modifiers": [],
          "to_variable": {
            "key": "_IClLjijeEeuxZMUIY-ihGw",
            "name": "parameter3",
            "type": null,
            "modifiers": [],
            "position": {}
          },
          "position": {}
        }
      }
    },
    "parameters_to_parameters_data_clump-./MovableEntity-_IClLeijeEeuxZMUIY-ihGw-_IClylijeEeuxZMUIY-ihGw-parameterparameter2parameter3": {
      "type": "data_clump",
      "key": "parameters_to_parameters_data_clump-./MovableEntity-_IClLeijeEeuxZMUIY-ihGw-_IClylijeEeuxZMUIY-ihGw-parameterparameter2parameter3",
      "probability": 1,
      "from_file_path": "./MovableEntity",
      "from_class_or_interface_name": "MovableEntity",
      "from_class_or_interface_key": "_IClLdSjeEeuxZMUIY-ihGw",
      "from_method_name": "MovableEntity",
      "from_method_key": "_IClLeijeEeuxZMUIY-ihGw",
      "to_file_path": "./BombermanConfiguration",
      "to_class_or_interface_name": "BombermanConfiguration",
      "to_class_or_interface_key": "_IClylSjeEeuxZMUIY-ihGw",
      "to_method_name": "BombermanConfiguration",
      "to_method_key": "_IClylijeEeuxZMUIY-ihGw",
      "data_clump_type": "parameters_to_parameters_data_clump",
      "data_clump_data": {
        "_IClLfCjeEeuxZMUIY-ihGw": {
          "key": "_IClLfCjeEeuxZMUIY-ihGw",
          "name": "parameter",
          "type": null,
          "probability": 1,
          "modifiers": [],
          "to_variable": {
            "key": "_IClymCjeEeuxZMUIY-ihGw",
            "name": "parameter",
            "type": null,
            "modifiers": [],
            "position": {}
          },
          "position": {}
        },
        "_IClLfSjeEeuxZMUIY-ihGw": {
          "key": "_IClLfSjeEeuxZMUIY-ihGw",
          "name": "parameter2",
          "type": null,
          "probability": 1,
          "modifiers": [],
          "to_variable": {
            "key": "_IClymSjeEeuxZMUIY-ihGw",
            "name": "parameter2",
            "type": null,
            "modifiers": [],
            "position": {}
          },
          "position": {}
        },
        "_IClLfijeEeuxZMUIY-ihGw": {
          "key": "_IClLfijeEeuxZMUIY-ihGw",
          "name": "parameter3",
          "type": null,
          "probability": 1,
          "modifiers": [],
          "to_variable": {
            "key": "_IClymijeEeuxZMUIY-ihGw",
            "name": "parameter3",
            "type": null,
            "modifiers": [],
            "position": {}
          },
          "position": {}
        }
      }
    },
    "parameters_to_parameters_data_clump-./MovableEntity-_IClLeijeEeuxZMUIY-ihGw-_IClynijeEeuxZMUIY-ihGw-parameterparameter2parameter3": {
      "type": "data_clump",
      "key": "parameters_to_parameters_data_clump-./MovableEntity-_IClLeijeEeuxZMUIY-ihGw-_IClynijeEeuxZMUIY-ihGw-parameterparameter2parameter3",
      "probability": 1,
      "from_file_path": "./MovableEntity",
      "from_class_or_interface_name": "MovableEntity",
      "from_class_or_interface_key": "_IClLdSjeEeuxZMUIY-ihGw",
      "from_method_name": "MovableEntity",
      "from_method_key": "_IClLeijeEeuxZMUIY-ihGw",
      "to_file_path": "./BombermanMoveStrategy",
      "to_class_or_interface_name": "BombermanMoveStrategy",
      "to_class_or_interface_key": "_IClynSjeEeuxZMUIY-ihGw",
      "to_method_name": "BombermanMoveStrategy",
      "to_method_key": "_IClynijeEeuxZMUIY-ihGw",
      "data_clump_type": "parameters_to_parameters_data_clump",
      "data_clump_data": {
        "_IClLfCjeEeuxZMUIY-ihGw": {
          "key": "_IClLfCjeEeuxZMUIY-ihGw",
          "name": "parameter",
          "type": null,
          "probability": 1,
          "modifiers": [],
          "to_variable": {
            "key": "_IClyoCjeEeuxZMUIY-ihGw",
            "name": "parameter",
            "type": null,
            "modifiers": [],
            "position": {}
          },
          "position": {}
        },
        "_IClLfSjeEeuxZMUIY-ihGw": {
          "key": "_IClLfSjeEeuxZMUIY-ihGw",
          "name": "parameter2",
          "type": null,
          "probability": 1,
          "modifiers": [],
          "to_variable": {
            "key": "_IClyoSjeEeuxZMUIY-ihGw",
            "name": "parameter2",
            "type": null,
            "modifiers": [],
            "position": {}
          },
          "position": {}
        },
        "_IClLfijeEeuxZMUIY-ihGw": {
          "key": "_IClLfijeEeuxZMUIY-ihGw",
          "name": "parameter3",
          "type": null,
          "probability": 1,
          "modifiers": [],
          "to_variable": {
            "key": "_IClyoijeEeuxZMUIY-ihGw",
            "name": "parameter3",
            "type": null,
            "modifiers": [],
            "position": {}
          },
          "position": {}
        }
      }
    },
    "parameters_to_parameters_data_clump-./MovableEntity-_IClLeijeEeuxZMUIY-ihGw-_IClMOyjeEeuxZMUIY-ihGw-parameterparameter2parameter3": {
      "type": "data_clump",
      "key": "parameters_to_parameters_data_clump-./MovableEntity-_IClLeijeEeuxZMUIY-ihGw-_IClMOyjeEeuxZMUIY-ihGw-parameterparameter2parameter3",
      "probability": 1,
      "from_file_path": "./MovableEntity",
      "from_class_or_interface_name": "MovableEntity",
      "from_class_or_interface_key": "_IClLdSjeEeuxZMUIY-ihGw",
      "from_method_name": "MovableEntity",
      "from_method_key": "_IClLeijeEeuxZMUIY-ihGw",
      "to_file_path": "./Bonus",
      "to_class_or_interface_name": "Bonus",
      "to_class_or_interface_key": "_IClMOSjeEeuxZMUIY-ihGw",
      "to_method_name": "Bonus",
      "to_method_key": "_IClMOyjeEeuxZMUIY-ihGw",
      "data_clump_type": "parameters_to_parameters_data_clump",
      "data_clump_data": {
        "_IClLfCjeEeuxZMUIY-ihGw": {
          "key": "_IClLfCjeEeuxZMUIY-ihGw",
          "name": "parameter",
          "type": null,
          "probability": 1,
          "modifiers": [],
          "to_variable": {
            "key": "_IClMPSjeEeuxZMUIY-ihGw",
            "name": "parameter",
            "type": null,
            "modifiers": [],
            "position": {}
          },
          "position": {}
        },
        "_IClLfSjeEeuxZMUIY-ihGw": {
          "key": "_IClLfSjeEeuxZMUIY-ihGw",
          "name": "parameter2",
          "type": null,
          "probability": 1,
          "modifiers": [],
          "to_variable": {
            "key": "_IClMPijeEeuxZMUIY-ihGw",
            "name": "parameter2",
            "type": null,
            "modifiers": [],
            "position": {}
          },
          "position": {}
        },
        "_IClLfijeEeuxZMUIY-ihGw": {
          "key": "_IClLfijeEeuxZMUIY-ihGw",
          "name": "parameter3",
          "type": null,
          "probability": 1,
          "modifiers": [],
          "to_variable": {
            "key": "_IClMPyjeEeuxZMUIY-ihGw",
            "name": "parameter3",
            "type": null,
            "modifiers": [],
            "position": {}
          },
          "position": {}
        }
      }
    },
    "parameters_to_parameters_data_clump-./MovableEntity-_IClLeijeEeuxZMUIY-ihGw-_IClL2SjeEeuxZMUIY-ihGw-parameterparameter2parameter3": {
      "type": "data_clump",
      "key": "parameters_to_parameters_data_clump-./MovableEntity-_IClLeijeEeuxZMUIY-ihGw-_IClL2SjeEeuxZMUIY-ihGw-parameterparameter2parameter3",
      "probability": 1,
      "from_file_path": "./MovableEntity",
      "from_class_or_interface_name": "MovableEntity",
      "from_class_or_interface_key": "_IClLdSjeEeuxZMUIY-ihGw",
      "from_method_name": "MovableEntity",
      "from_method_key": "_IClLeijeEeuxZMUIY-ihGw",
      "to_file_path": "./Flame",
      "to_class_or_interface_name": "Flame",
      "to_class_or_interface_key": "_IClL1SjeEeuxZMUIY-ihGw",
      "to_method_name": "Flame",
      "to_method_key": "_IClL2SjeEeuxZMUIY-ihGw",
      "data_clump_type": "parameters_to_parameters_data_clump",
      "data_clump_data": {
        "_IClLfCjeEeuxZMUIY-ihGw": {
          "key": "_IClLfCjeEeuxZMUIY-ihGw",
          "name": "parameter",
          "type": null,
          "probability": 1,
          "modifiers": [],
          "to_variable": {
            "key": "_IClL2yjeEeuxZMUIY-ihGw",
            "name": "parameter",
            "type": null,
            "modifiers": [],
            "position": {}
          },
          "position": {}
        },
        "_IClLfSjeEeuxZMUIY-ihGw": {
          "key": "_IClLfSjeEeuxZMUIY-ihGw",
          "name": "parameter2",
          "type": null,
          "probability": 1,
          "modifiers": [],
          "to_variable": {
            "key": "_IClL3CjeEeuxZMUIY-ihGw",
            "name": "parameter2",
            "type": null,
            "modifiers": [],
            "position": {}
          },
          "position": {}
        },
        "_IClLfijeEeuxZMUIY-ihGw": {
          "key": "_IClLfijeEeuxZMUIY-ihGw",
          "name": "parameter3",
          "type": null,
          "probability": 1,
          "modifiers": [],
          "to_variable": {
            "key": "_IClL3SjeEeuxZMUIY-ihGw",
            "name": "parameter3",
            "type": null,
            "modifiers": [],
            "position": {}
          },
          "position": {}
        }
      }
    },
    "parameters_to_parameters_data_clump-./MovableEntity-_IClLeijeEeuxZMUIY-ihGw-_IClLiijeEeuxZMUIY-ihGw-parameterparameter2parameter3": {
      "type": "data_clump",
      "key": "parameters_to_parameters_data_clump-./MovableEntity-_IClLeijeEeuxZMUIY-ihGw-_IClLiijeEeuxZMUIY-ihGw-parameterparameter2parameter3",
      "probability": 1,
      "from_file_path": "./MovableEntity",
      "from_class_or_interface_name": "MovableEntity",
      "from_class_or_interface_key": "_IClLdSjeEeuxZMUIY-ihGw",
      "from_method_name": "MovableEntity",
      "from_method_key": "_IClLeijeEeuxZMUIY-ihGw",
      "to_file_path": "./UnmovableEntity",
      "to_class_or_interface_name": "UnmovableEntity",
      "to_class_or_interface_key": "_IClLhCjeEeuxZMUIY-ihGw",
      "to_method_name": "UnmovableEntity",
      "to_method_key": "_IClLiijeEeuxZMUIY-ihGw",
      "data_clump_type": "parameters_to_parameters_data_clump",
      "data_clump_data": {
        "_IClLfCjeEeuxZMUIY-ihGw": {
          "key": "_IClLfCjeEeuxZMUIY-ihGw",
          "name": "parameter",
          "type": null,
          "probability": 1,
          "modifiers": [],
          "to_variable": {
            "key": "_IClLjCjeEeuxZMUIY-ihGw",
            "name": "parameter",
            "type": null,
            "modifiers": [],
            "position": {}
          },
          "position": {}
        },
        "_IClLfSjeEeuxZMUIY-ihGw": {
          "key": "_IClLfSjeEeuxZMUIY-ihGw",
          "name": "parameter2",
          "type": null,
          "probability": 1,
          "modifiers": [],
          "to_variable": {
            "key": "_IClLjSjeEeuxZMUIY-ihGw",
            "name": "parameter2",
            "type": null,
            "modifiers": [],
            "position": {}
          },
          "position": {}
        },
        "_IClLfijeEeuxZMUIY-ihGw": {
          "key": "_IClLfijeEeuxZMUIY-ihGw",
          "name": "parameter3",
          "type": null,
          "probability": 1,
          "modifiers": [],
          "to_variable": {
            "key": "_IClLjijeEeuxZMUIY-ihGw",
            "name": "parameter3",
            "type": null,
            "modifiers": [],
            "position": {}
          },
          "position": {}
        }
      }
    },
    "parameters_to_parameters_data_clump-./UnmovableEntity-_IClLiijeEeuxZMUIY-ihGw-_IClylijeEeuxZMUIY-ihGw-parameterparameter2parameter3": {
      "type": "data_clump",
      "key": "parameters_to_parameters_data_clump-./UnmovableEntity-_IClLiijeEeuxZMUIY-ihGw-_IClylijeEeuxZMUIY-ihGw-parameterparameter2parameter3",
      "probability": 1,
      "from_file_path": "./UnmovableEntity",
      "from_class_or_interface_name": "UnmovableEntity",
      "from_class_or_interface_key": "_IClLhCjeEeuxZMUIY-ihGw",
      "from_method_name": "UnmovableEntity",
      "from_method_key": "_IClLiijeEeuxZMUIY-ihGw",
      "to_file_path": "./BombermanConfiguration",
      "to_class_or_interface_name": "BombermanConfiguration",
      "to_class_or_interface_key": "_IClylSjeEeuxZMUIY-ihGw",
      "to_method_name": "BombermanConfiguration",
      "to_method_key": "_IClylijeEeuxZMUIY-ihGw",
      "data_clump_type": "parameters_to_parameters_data_clump",
      "data_clump_data": {
        "_IClLjCjeEeuxZMUIY-ihGw": {
          "key": "_IClLjCjeEeuxZMUIY-ihGw",
          "name": "parameter",
          "type": null,
          "probability": 1,
          "modifiers": [],
          "to_variable": {
            "key": "_IClymCjeEeuxZMUIY-ihGw",
            "name": "parameter",
            "type": null,
            "modifiers": [],
            "position": {}
          },
          "position": {}
        },
        "_IClLjSjeEeuxZMUIY-ihGw": {
          "key": "_IClLjSjeEeuxZMUIY-ihGw",
          "name": "parameter2",
          "type": null,
          "probability": 1,
          "modifiers": [],
          "to_variable": {
            "key": "_IClymSjeEeuxZMUIY-ihGw",
            "name": "parameter2",
            "type": null,
            "modifiers": [],
            "position": {}
          },
          "position": {}
        },
        "_IClLjijeEeuxZMUIY-ihGw": {
          "key": "_IClLjijeEeuxZMUIY-ihGw",
          "name": "parameter3",
          "type": null,
          "probability": 1,
          "modifiers": [],
          "to_variable": {
            "key": "_IClymijeEeuxZMUIY-ihGw",
            "name": "parameter3",
            "type": null,
            "modifiers": [],
            "position": {}
          },
          "position": {}
        }
      }
    },
    "parameters_to_parameters_data_clump-./UnmovableEntity-_IClLiijeEeuxZMUIY-ihGw-_IClynijeEeuxZMUIY-ihGw-parameterparameter2parameter3": {
      "type": "data_clump",
      "key": "parameters_to_parameters_data_clump-./UnmovableEntity-_IClLiijeEeuxZMUIY-ihGw-_IClynijeEeuxZMUIY-ihGw-parameterparameter2parameter3",
      "probability": 1,
      "from_file_path": "./UnmovableEntity",
      "from_class_or_interface_name": "UnmovableEntity",
      "from_class_or_interface_key": "_IClLhCjeEeuxZMUIY-ihGw",
      "from_method_name": "UnmovableEntity",
      "from_method_key": "_IClLiijeEeuxZMUIY-ihGw",
      "to_file_path": "./BombermanMoveStrategy",
      "to_class_or_interface_name": "BombermanMoveStrategy",
      "to_class_or_interface_key": "_IClynSjeEeuxZMUIY-ihGw",
      "to_method_name": "BombermanMoveStrategy",
      "to_method_key": "_IClynijeEeuxZMUIY-ihGw",
      "data_clump_type": "parameters_to_parameters_data_clump",
      "data_clump_data": {
        "_IClLjCjeEeuxZMUIY-ihGw": {
          "key": "_IClLjCjeEeuxZMUIY-ihGw",
          "name": "parameter",
          "type": null,
          "probability": 1,
          "modifiers": [],
          "to_variable": {
            "key": "_IClyoCjeEeuxZMUIY-ihGw",
            "name": "parameter",
            "type": null,
            "modifiers": [],
            "position": {}
          },
          "position": {}
        },
        "_IClLjSjeEeuxZMUIY-ihGw": {
          "key": "_IClLjSjeEeuxZMUIY-ihGw",
          "name": "parameter2",
          "type": null,
          "probability": 1,
          "modifiers": [],
          "to_variable": {
            "key": "_IClyoSjeEeuxZMUIY-ihGw",
            "name": "parameter2",
            "type": null,
            "modifiers": [],
            "position": {}
          },
          "position": {}
        },
        "_IClLjijeEeuxZMUIY-ihGw": {
          "key": "_IClLjijeEeuxZMUIY-ihGw",
          "name": "parameter3",
          "type": null,
          "probability": 1,
          "modifiers": [],
          "to_variable": {
            "key": "_IClyoijeEeuxZMUIY-ihGw",
            "name": "parameter3",
            "type": null,
            "modifiers": [],
            "position": {}
          },
          "position": {}
        }
      }
    },
    "parameters_to_parameters_data_clump-./UnmovableEntity-_IClLiijeEeuxZMUIY-ihGw-_IClMOyjeEeuxZMUIY-ihGw-parameterparameter2parameter3": {
      "type": "data_clump",
      "key": "parameters_to_parameters_data_clump-./UnmovableEntity-_IClLiijeEeuxZMUIY-ihGw-_IClMOyjeEeuxZMUIY-ihGw-parameterparameter2parameter3",
      "probability": 1,
      "from_file_path": "./UnmovableEntity",
      "from_class_or_interface_name": "UnmovableEntity",
      "from_class_or_interface_key": "_IClLhCjeEeuxZMUIY-ihGw",
      "from_method_name": "UnmovableEntity",
      "from_method_key": "_IClLiijeEeuxZMUIY-ihGw",
      "to_file_path": "./Bonus",
      "to_class_or_interface_name": "Bonus",
      "to_class_or_interface_key": "_IClMOSjeEeuxZMUIY-ihGw",
      "to_method_name": "Bonus",
      "to_method_key": "_IClMOyjeEeuxZMUIY-ihGw",
      "data_clump_type": "parameters_to_parameters_data_clump",
      "data_clump_data": {
        "_IClLjCjeEeuxZMUIY-ihGw": {
          "key": "_IClLjCjeEeuxZMUIY-ihGw",
          "name": "parameter",
          "type": null,
          "probability": 1,
          "modifiers": [],
          "to_variable": {
            "key": "_IClMPSjeEeuxZMUIY-ihGw",
            "name": "parameter",
            "type": null,
            "modifiers": [],
            "position": {}
          },
          "position": {}
        },
        "_IClLjSjeEeuxZMUIY-ihGw": {
          "key": "_IClLjSjeEeuxZMUIY-ihGw",
          "name": "parameter2",
          "type": null,
          "probability": 1,
          "modifiers": [],
          "to_variable": {
            "key": "_IClMPijeEeuxZMUIY-ihGw",
            "name": "parameter2",
            "type": null,
            "modifiers": [],
            "position": {}
          },
          "position": {}
        },
        "_IClLjijeEeuxZMUIY-ihGw": {
          "key": "_IClLjijeEeuxZMUIY-ihGw",
          "name": "parameter3",
          "type": null,
          "probability": 1,
          "modifiers": [],
          "to_variable": {
            "key": "_IClMPyjeEeuxZMUIY-ihGw",
            "name": "parameter3",
            "type": null,
            "modifiers": [],
            "position": {}
          },
          "position": {}
        }
      }
    },
    "parameters_to_parameters_data_clump-./UnmovableEntity-_IClLiijeEeuxZMUIY-ihGw-_IClL2SjeEeuxZMUIY-ihGw-parameterparameter2parameter3": {
      "type": "data_clump",
      "key": "parameters_to_parameters_data_clump-./UnmovableEntity-_IClLiijeEeuxZMUIY-ihGw-_IClL2SjeEeuxZMUIY-ihGw-parameterparameter2parameter3",
      "probability": 1,
      "from_file_path": "./UnmovableEntity",
      "from_class_or_interface_name": "UnmovableEntity",
      "from_class_or_interface_key": "_IClLhCjeEeuxZMUIY-ihGw",
      "from_method_name": "UnmovableEntity",
      "from_method_key": "_IClLiijeEeuxZMUIY-ihGw",
      "to_file_path": "./Flame",
      "to_class_or_interface_name": "Flame",
      "to_class_or_interface_key": "_IClL1SjeEeuxZMUIY-ihGw",
      "to_method_name": "Flame",
      "to_method_key": "_IClL2SjeEeuxZMUIY-ihGw",
      "data_clump_type": "parameters_to_parameters_data_clump",
      "data_clump_data": {
        "_IClLjCjeEeuxZMUIY-ihGw": {
          "key": "_IClLjCjeEeuxZMUIY-ihGw",
          "name": "parameter",
          "type": null,
          "probability": 1,
          "modifiers": [],
          "to_variable": {
            "key": "_IClL2yjeEeuxZMUIY-ihGw",
            "name": "parameter",
            "type": null,
            "modifiers": [],
            "position": {}
          },
          "position": {}
        },
        "_IClLjSjeEeuxZMUIY-ihGw": {
          "key": "_IClLjSjeEeuxZMUIY-ihGw",
          "name": "parameter2",
          "type": null,
          "probability": 1,
          "modifiers": [],
          "to_variable": {
            "key": "_IClL3CjeEeuxZMUIY-ihGw",
            "name": "parameter2",
            "type": null,
            "modifiers": [],
            "position": {}
          },
          "position": {}
        },
        "_IClLjijeEeuxZMUIY-ihGw": {
          "key": "_IClLjijeEeuxZMUIY-ihGw",
          "name": "parameter3",
          "type": null,
          "probability": 1,
          "modifiers": [],
          "to_variable": {
            "key": "_IClL3SjeEeuxZMUIY-ihGw",
            "name": "parameter3",
            "type": null,
            "modifiers": [],
            "position": {}
          },
          "position": {}
        }
      }
    },
    "parameters_to_parameters_data_clump-./UnmovableEntity-_IClLiijeEeuxZMUIY-ihGw-_IClLeijeEeuxZMUIY-ihGw-parameterparameter2parameter3": {
      "type": "data_clump",
      "key": "parameters_to_parameters_data_clump-./UnmovableEntity-_IClLiijeEeuxZMUIY-ihGw-_IClLeijeEeuxZMUIY-ihGw-parameterparameter2parameter3",
      "probability": 1,
      "from_file_path": "./UnmovableEntity",
      "from_class_or_interface_name": "UnmovableEntity",
      "from_class_or_interface_key": "_IClLhCjeEeuxZMUIY-ihGw",
      "from_method_name": "UnmovableEntity",
      "from_method_key": "_IClLiijeEeuxZMUIY-ihGw",
      "to_file_path": "./MovableEntity",
      "to_class_or_interface_name": "MovableEntity",
      "to_class_or_interface_key": "_IClLdSjeEeuxZMUIY-ihGw",
      "to_method_name": "MovableEntity",
      "to_method_key": "_IClLeijeEeuxZMUIY-ihGw",
      "data_clump_type": "parameters_to_parameters_data_clump",
      "data_clump_data": {
        "_IClLjCjeEeuxZMUIY-ihGw": {
          "key": "_IClLjCjeEeuxZMUIY-ihGw",
          "name": "parameter",
          "type": null,
          "probability": 1,
          "modifiers": [],
          "to_variable": {
            "key": "_IClLfCjeEeuxZMUIY-ihGw",
            "name": "parameter",
            "type": null,
            "modifiers": [],
            "position": {}
          },
          "position": {}
        },
        "_IClLjSjeEeuxZMUIY-ihGw": {
          "key": "_IClLjSjeEeuxZMUIY-ihGw",
          "name": "parameter2",
          "type": null,
          "probability": 1,
          "modifiers": [],
          "to_variable": {
            "key": "_IClLfSjeEeuxZMUIY-ihGw",
            "name": "parameter2",
            "type": null,
            "modifiers": [],
            "position": {}
          },
          "position": {}
        },
        "_IClLjijeEeuxZMUIY-ihGw": {
          "key": "_IClLjijeEeuxZMUIY-ihGw",
          "name": "parameter3",
          "type": null,
          "probability": 1,
          "modifiers": [],
          "to_variable": {
            "key": "_IClLfijeEeuxZMUIY-ihGw",
            "name": "parameter3",
            "type": null,
            "modifiers": [],
            "position": {}
          },
          "position": {}
        }
      }
    },
    "fields_to_fields_data_clump-./MovableEntity-_IClLdSjeEeuxZMUIY-ihGw-_IClLhCjeEeuxZMUIY-ihGw-datacanvasimage": {
      "type": "data_clump",
      "key": "fields_to_fields_data_clump-./MovableEntity-_IClLdSjeEeuxZMUIY-ihGw-_IClLhCjeEeuxZMUIY-ihGw-datacanvasimage",
      "probability": 1,
      "from_file_path": "./MovableEntity",
      "from_class_or_interface_name": "MovableEntity",
      "from_class_or_interface_key": "_IClLdSjeEeuxZMUIY-ihGw",
      "from_method_name": null,
      "from_method_key": null,
      "to_file_path": "./UnmovableEntity",
      "to_class_or_interface_key": "_IClLhCjeEeuxZMUIY-ihGw",
      "to_class_or_interface_name": "MovableEntity",
      "to_method_key": null,
      "to_method_name": null,
      "data_clump_type": "fields_to_fields_data_clump",
      "data_clump_data": {
        "_IClLdijeEeuxZMUIY-ihGw": {
          "key": "_IClLdijeEeuxZMUIY-ihGw",
          "name": "data",
          "type": null,
          "probability": 1,
          "modifiers": [
            "protected"
          ],
          "to_variable": {
            "key": "_IClLhSjeEeuxZMUIY-ihGw",
            "name": "data",
            "type": null,
            "modifiers": [
              "protected"
            ],
            "position": {}
          },
          "position": {}
        },
        "_IClLdyjeEeuxZMUIY-ihGw": {
          "key": "_IClLdyjeEeuxZMUIY-ihGw",
          "name": "canvas",
          "type": null,
          "probability": 1,
          "modifiers": [
            "protected"
          ],
          "to_variable": {
            "key": "_IClLhijeEeuxZMUIY-ihGw",
            "name": "canvas",
            "type": null,
            "modifiers": [
              "protected"
            ],
            "position": {}
          },
          "position": {}
        },
        "_IClLeCjeEeuxZMUIY-ihGw": {
          "key": "_IClLeCjeEeuxZMUIY-ihGw",
          "name": "image",
          "type": null,
          "probability": 1,
          "modifiers": [
            "protected"
          ],
          "to_variable": {
            "key": "_IClLhyjeEeuxZMUIY-ihGw",
            "name": "image",
            "type": null,
            "modifiers": [
              "protected"
            ],
            "position": {}
          },
          "position": {}
        }
      }
    },
    "fields_to_fields_data_clump-./UnmovableEntity-_IClLhCjeEeuxZMUIY-ihGw-_IClLdSjeEeuxZMUIY-ihGw-datacanvasimage": {
      "type": "data_clump",
      "key": "fields_to_fields_data_clump-./UnmovableEntity-_IClLhCjeEeuxZMUIY-ihGw-_IClLdSjeEeuxZMUIY-ihGw-datacanvasimage",
      "probability": 1,
      "from_file_path": "./UnmovableEntity",
      "from_class_or_interface_name": "UnmovableEntity",
      "from_class_or_interface_key": "_IClLhCjeEeuxZMUIY-ihGw",
      "from_method_name": null,
      "from_method_key": null,
      "to_file_path": "./MovableEntity",
      "to_class_or_interface_key": "_IClLdSjeEeuxZMUIY-ihGw",
      "to_class_or_interface_name": "UnmovableEntity",
      "to_method_key": null,
      "to_method_name": null,
      "data_clump_type": "fields_to_fields_data_clump",
      "data_clump_data": {
        "_IClLhSjeEeuxZMUIY-ihGw": {
          "key": "_IClLhSjeEeuxZMUIY-ihGw",
          "name": "data",
          "type": null,
          "probability": 1,
          "modifiers": [
            "protected"
          ],
          "to_variable": {
            "key": "_IClLdijeEeuxZMUIY-ihGw",
            "name": "data",
            "type": null,
            "modifiers": [
              "protected"
            ],
            "position": {}
          },
          "position": {}
        },
        "_IClLhijeEeuxZMUIY-ihGw": {
          "key": "_IClLhijeEeuxZMUIY-ihGw",
          "name": "canvas",
          "type": null,
          "probability": 1,
          "modifiers": [
            "protected"
          ],
          "to_variable": {
            "key": "_IClLdyjeEeuxZMUIY-ihGw",
            "name": "canvas",
            "type": null,
            "modifiers": [
              "protected"
            ],
            "position": {}
          },
          "position": {}
        },
        "_IClLhyjeEeuxZMUIY-ihGw": {
          "key": "_IClLhyjeEeuxZMUIY-ihGw",
          "name": "image",
          "type": null,
          "probability": 1,
          "modifiers": [
            "protected"
          ],
          "to_variable": {
            "key": "_IClLeCjeEeuxZMUIY-ihGw",
            "name": "image",
            "type": null,
            "modifiers": [
              "protected"
            ],
            "position": {}
          },
          "position": {}
        }
      }
    }
  }
}