{
  "report_version": "unknown",
  "report_timestamp": "2025-03-26T22:28:37.077Z",
  "target_language": "java",
  "report_summary": {
    "additional": null,
    "amount_classes_or_interfaces_with_data_clumps": 2,
    "amount_files_with_data_clumps": 2,
    "amount_methods_with_data_clumps": 0,
    "fields_to_fields_data_clump": 2,
    "parameters_to_fields_data_clump": 0,
    "parameters_to_parameters_data_clump": 0,
    "amount_data_clumps": 2
  },
  "project_info": {
    "project_url": "unknown_project_url",
    "project_name": "_Sm5CQLp1EeiBfp11hItRuw",
    "project_version": "unknown_project_version",
    "project_commit_hash": "unknown",
    "project_tag": null,
    "project_commit_date": null,
    "additional": {},
    "number_of_files": 6,
    "number_of_classes_or_interfaces": 6,
    "number_of_methods": 0,
    "number_of_data_fields": 44,
    "number_of_method_parameters": 0
  },
  "detector": {
    "name": "data-clumps-doctor",
    "url": "https://github.com/NilsBaumgartner1994/data-clumps-doctor",
    "version": "0.1.100",
    "options": {
      "typeVariablesConsidered": false,
      "similarityModifierOfVariablesWithUnknownType": 0,
      "fieldsOfClassesWithUnknownHierarchyProbabilityModifier": 0,
      "sharedFieldsToFieldsAmountMinimum": 3,
      "analyseFieldsInClassesOrInterfacesInheritedFromSuperClassesOrInterfaces": false,
      "sharedParametersToParametersAmountMinimum": 3,
      "sharedParametersToFieldsAmountMinimum": 3,
      "methodsOfClassesOrInterfacesWithUnknownHierarchyProbabilityModifier": 0
    }
  },
  "data_clumps": {
    "fields_to_fields_data_clump-./Enquiry-_hCC0MZyoEDaLVKdUoeu26Q-_n_cgoZynEDaLVKdUoeu26Q-idfullnameemailidmobileno": {
      "type": "data_clump",
      "key": "fields_to_fields_data_clump-./Enquiry-_hCC0MZyoEDaLVKdUoeu26Q-_n_cgoZynEDaLVKdUoeu26Q-idfullnameemailidmobileno",
      "probability": 1,
      "from_file_path": "./Enquiry",
      "from_class_or_interface_name": "Enquiry",
      "from_class_or_interface_key": "_hCC0MZyoEDaLVKdUoeu26Q",
      "from_method_name": null,
      "from_method_key": null,
      "to_file_path": "./User",
      "to_class_or_interface_key": "_n_cgoZynEDaLVKdUoeu26Q",
      "to_class_or_interface_name": "Enquiry",
      "to_method_key": null,
      "to_method_name": null,
      "data_clump_type": "fields_to_fields_data_clump",
      "data_clump_data": {
        "_jC__UZyoEDaLVKdUoeu26Q": {
          "key": "_jC__UZyoEDaLVKdUoeu26Q",
          "name": "id",
          "type": null,
          "probability": 1,
          "modifiers": [
            "public"
          ],
          "to_variable": {
            "key": "_p5B4cZynEDaLVKdUoeu26Q",
            "name": "id",
            "type": null,
            "modifiers": [
              "public"
            ],
            "position": {}
          },
          "position": {}
        },
        "_keVU4JyoEDaLVKdUoeu26Q": {
          "key": "_keVU4JyoEDaLVKdUoeu26Q",
          "name": "fullname",
          "type": null,
          "probability": 1,
          "modifiers": [
            "public"
          ],
          "to_variable": {
            "key": "_rdNA8JynEDaLVKdUoeu26Q",
            "name": "fullname",
            "type": null,
            "modifiers": [
              "public"
            ],
            "position": {}
          },
          "position": {}
        },
        "_oID0oJyoEDaLVKdUoeu26Q": {
          "key": "_oID0oJyoEDaLVKdUoeu26Q",
          "name": "emailid",
          "type": null,
          "probability": 1,
          "modifiers": [
            "public"
          ],
          "to_variable": {
            "key": "_1AzeIJynEDaLVKdUoeu26Q",
            "name": "emailid",
            "type": null,
            "modifiers": [
              "public"
            ],
            "position": {}
          },
          "position": {}
        },
        "_rcBfwJyoEDaLVKdUoeu26Q": {
          "key": "_rcBfwJyoEDaLVKdUoeu26Q",
          "name": "mobileno",
          "type": null,
          "probability": 1,
          "modifiers": [
            "public"
          ],
          "to_variable": {
            "key": "_vH-pkJynEDaLVKdUoeu26Q",
            "name": "mobileno",
            "type": null,
            "modifiers": [
              "public"
            ],
            "position": {}
          },
          "position": {}
        }
      }
    },
    "fields_to_fields_data_clump-./User-_n_cgoZynEDaLVKdUoeu26Q-_hCC0MZyoEDaLVKdUoeu26Q-idfullnamemobilenoemailid": {
      "type": "data_clump",
      "key": "fields_to_fields_data_clump-./User-_n_cgoZynEDaLVKdUoeu26Q-_hCC0MZyoEDaLVKdUoeu26Q-idfullnamemobilenoemailid",
      "probability": 1,
      "from_file_path": "./User",
      "from_class_or_interface_name": "User",
      "from_class_or_interface_key": "_n_cgoZynEDaLVKdUoeu26Q",
      "from_method_name": null,
      "from_method_key": null,
      "to_file_path": "./Enquiry",
      "to_class_or_interface_key": "_hCC0MZyoEDaLVKdUoeu26Q",
      "to_class_or_interface_name": "User",
      "to_method_key": null,
      "to_method_name": null,
      "data_clump_type": "fields_to_fields_data_clump",
      "data_clump_data": {
        "_p5B4cZynEDaLVKdUoeu26Q": {
          "key": "_p5B4cZynEDaLVKdUoeu26Q",
          "name": "id",
          "type": null,
          "probability": 1,
          "modifiers": [
            "public"
          ],
          "to_variable": {
            "key": "_jC__UZyoEDaLVKdUoeu26Q",
            "name": "id",
            "type": null,
            "modifiers": [
              "public"
            ],
            "position": {}
          },
          "position": {}
        },
        "_rdNA8JynEDaLVKdUoeu26Q": {
          "key": "_rdNA8JynEDaLVKdUoeu26Q",
          "name": "fullname",
          "type": null,
          "probability": 1,
          "modifiers": [
            "public"
          ],
          "to_variable": {
            "key": "_keVU4JyoEDaLVKdUoeu26Q",
            "name": "fullname",
            "type": null,
            "modifiers": [
              "public"
            ],
            "position": {}
          },
          "position": {}
        },
        "_vH-pkJynEDaLVKdUoeu26Q": {
          "key": "_vH-pkJynEDaLVKdUoeu26Q",
          "name": "mobileno",
          "type": null,
          "probability": 1,
          "modifiers": [
            "public"
          ],
          "to_variable": {
            "key": "_rcBfwJyoEDaLVKdUoeu26Q",
            "name": "mobileno",
            "type": null,
            "modifiers": [
              "public"
            ],
            "position": {}
          },
          "position": {}
        },
        "_1AzeIJynEDaLVKdUoeu26Q": {
          "key": "_1AzeIJynEDaLVKdUoeu26Q",
          "name": "emailid",
          "type": null,
          "probability": 1,
          "modifiers": [
            "public"
          ],
          "to_variable": {
            "key": "_oID0oJyoEDaLVKdUoeu26Q",
            "name": "emailid",
            "type": null,
            "modifiers": [
              "public"
            ],
            "position": {}
          },
          "position": {}
        }
      }
    }
  }
}