{
  "report_version": "unknown",
  "report_timestamp": "2025-03-26T22:59:12.238Z",
  "target_language": "java",
  "report_summary": {
    "additional": null,
    "amount_classes_or_interfaces_with_data_clumps": 3,
    "amount_files_with_data_clumps": 3,
    "amount_methods_with_data_clumps": 0,
    "fields_to_fields_data_clump": 6,
    "parameters_to_fields_data_clump": 0,
    "parameters_to_parameters_data_clump": 0,
    "amount_data_clumps": 6
  },
  "project_info": {
    "project_url": "unknown_project_url",
    "project_name": "_WlB8oNiOEeiA5M_nJapEiA",
    "project_version": "unknown_project_version",
    "project_commit_hash": "unknown",
    "project_tag": null,
    "project_commit_date": null,
    "additional": {},
    "number_of_files": 14,
    "number_of_classes_or_interfaces": 14,
    "number_of_methods": 12,
    "number_of_data_fields": 44,
    "number_of_method_parameters": 0
  },
  "detector": {
    "name": "data-clumps-doctor",
    "url": "https://github.com/NilsBaumgartner1994/data-clumps-doctor",
    "version": "0.1.100",
    "options": {
      "typeVariablesConsidered": false,
      "similarityModifierOfVariablesWithUnknownType": 0,
      "fieldsOfClassesWithUnknownHierarchyProbabilityModifier": 0,
      "sharedFieldsToFieldsAmountMinimum": 3,
      "analyseFieldsInClassesOrInterfacesInheritedFromSuperClassesOrInterfaces": false,
      "sharedParametersToParametersAmountMinimum": 3,
      "sharedParametersToFieldsAmountMinimum": 3,
      "methodsOfClassesOrInterfacesWithUnknownHierarchyProbabilityModifier": 0
    }
  },
  "data_clumps": {
    "fields_to_fields_data_clump-./Integralidad-_oKc_0b2uEDagvJ9K2SKheA-_P-LJYb2rEDagvJ9K2SKheA-PeriodoID_PGCID_Comercial_DescID_Sucursal": {
      "type": "data_clump",
      "key": "fields_to_fields_data_clump-./Integralidad-_oKc_0b2uEDagvJ9K2SKheA-_P-LJYb2rEDagvJ9K2SKheA-PeriodoID_PGCID_Comercial_DescID_Sucursal",
      "probability": 1,
      "from_file_path": "./Integralidad",
      "from_class_or_interface_name": "Integralidad",
      "from_class_or_interface_key": "_oKc_0b2uEDagvJ9K2SKheA",
      "from_method_name": null,
      "from_method_key": null,
      "to_file_path": "./Resultados_Familias",
      "to_class_or_interface_key": "_P-LJYb2rEDagvJ9K2SKheA",
      "to_class_or_interface_name": "Integralidad",
      "to_method_key": null,
      "to_method_name": null,
      "data_clump_type": "fields_to_fields_data_clump",
      "data_clump_data": {
        "_qwTAsL2uEDagvJ9K2SKheA": {
          "key": "_qwTAsL2uEDagvJ9K2SKheA",
          "name": "Periodo",
          "type": null,
          "probability": 1,
          "modifiers": [],
          "to_variable": {
            "key": "_T_mXcb2rEDagvJ9K2SKheA",
            "name": "Periodo",
            "type": null,
            "modifiers": [],
            "position": {}
          },
          "position": {}
        },
        "_rcszsL2uEDagvJ9K2SKheA": {
          "key": "_rcszsL2uEDagvJ9K2SKheA",
          "name": "ID_PGC",
          "type": null,
          "probability": 1,
          "modifiers": [],
          "to_variable": {
            "key": "_WR9boL2rEDagvJ9K2SKheA",
            "name": "ID_PGC",
            "type": null,
            "modifiers": [],
            "position": {}
          },
          "position": {}
        },
        "_sKIhcL2uEDagvJ9K2SKheA": {
          "key": "_sKIhcL2uEDagvJ9K2SKheA",
          "name": "ID_Comercial_Desc",
          "type": null,
          "probability": 1,
          "modifiers": [],
          "to_variable": {
            "key": "_c2xMcL2rEDagvJ9K2SKheA",
            "name": "ID_Comercial_Desc",
            "type": null,
            "modifiers": [],
            "position": {}
          },
          "position": {}
        },
        "_IWTcQL2vEDagvJ9K2SKheA": {
          "key": "_IWTcQL2vEDagvJ9K2SKheA",
          "name": "ID_Sucursal",
          "type": null,
          "probability": 1,
          "modifiers": [],
          "to_variable": {
            "key": "_eJKocL2rEDagvJ9K2SKheA",
            "name": "ID_Sucursal",
            "type": null,
            "modifiers": [],
            "position": {}
          },
          "position": {}
        }
      }
    },
    "fields_to_fields_data_clump-./Integralidad-_oKc_0b2uEDagvJ9K2SKheA-_npkysLrBEDa9y_YmWrDfaQ-PeriodoID_PGCID_Comercial_Desc": {
      "type": "data_clump",
      "key": "fields_to_fields_data_clump-./Integralidad-_oKc_0b2uEDagvJ9K2SKheA-_npkysLrBEDa9y_YmWrDfaQ-PeriodoID_PGCID_Comercial_Desc",
      "probability": 1,
      "from_file_path": "./Integralidad",
      "from_class_or_interface_name": "Integralidad",
      "from_class_or_interface_key": "_oKc_0b2uEDagvJ9K2SKheA",
      "from_method_name": null,
      "from_method_key": null,
      "to_file_path": "./Resultados_Variables",
      "to_class_or_interface_key": "_npkysLrBEDa9y_YmWrDfaQ",
      "to_class_or_interface_name": "Integralidad",
      "to_method_key": null,
      "to_method_name": null,
      "data_clump_type": "fields_to_fields_data_clump",
      "data_clump_data": {
        "_qwTAsL2uEDagvJ9K2SKheA": {
          "key": "_qwTAsL2uEDagvJ9K2SKheA",
          "name": "Periodo",
          "type": null,
          "probability": 1,
          "modifiers": [],
          "to_variable": {
            "key": "_0qx_MbrBEDa9y_YmWrDfaQ",
            "name": "Periodo",
            "type": null,
            "modifiers": [],
            "position": {}
          },
          "position": {}
        },
        "_rcszsL2uEDagvJ9K2SKheA": {
          "key": "_rcszsL2uEDagvJ9K2SKheA",
          "name": "ID_PGC",
          "type": null,
          "probability": 1,
          "modifiers": [],
          "to_variable": {
            "key": "_tLpUIbrBEDa9y_YmWrDfaQ",
            "name": "ID_PGC",
            "type": null,
            "modifiers": [],
            "position": {}
          },
          "position": {}
        },
        "_sKIhcL2uEDagvJ9K2SKheA": {
          "key": "_sKIhcL2uEDagvJ9K2SKheA",
          "name": "ID_Comercial_Desc",
          "type": null,
          "probability": 1,
          "modifiers": [],
          "to_variable": {
            "key": "_p1LHkbrBEDa9y_YmWrDfaQ",
            "name": "ID_Comercial_Desc",
            "type": null,
            "modifiers": [],
            "position": {}
          },
          "position": {}
        }
      }
    },
    "fields_to_fields_data_clump-./Resultados_Familias-_P-LJYb2rEDagvJ9K2SKheA-_oKc_0b2uEDagvJ9K2SKheA-PeriodoID_PGCID_Comercial_DescID_Sucursal": {
      "type": "data_clump",
      "key": "fields_to_fields_data_clump-./Resultados_Familias-_P-LJYb2rEDagvJ9K2SKheA-_oKc_0b2uEDagvJ9K2SKheA-PeriodoID_PGCID_Comercial_DescID_Sucursal",
      "probability": 1,
      "from_file_path": "./Resultados_Familias",
      "from_class_or_interface_name": "Resultados_Familias",
      "from_class_or_interface_key": "_P-LJYb2rEDagvJ9K2SKheA",
      "from_method_name": null,
      "from_method_key": null,
      "to_file_path": "./Integralidad",
      "to_class_or_interface_key": "_oKc_0b2uEDagvJ9K2SKheA",
      "to_class_or_interface_name": "Resultados_Familias",
      "to_method_key": null,
      "to_method_name": null,
      "data_clump_type": "fields_to_fields_data_clump",
      "data_clump_data": {
        "_T_mXcb2rEDagvJ9K2SKheA": {
          "key": "_T_mXcb2rEDagvJ9K2SKheA",
          "name": "Periodo",
          "type": null,
          "probability": 1,
          "modifiers": [],
          "to_variable": {
            "key": "_qwTAsL2uEDagvJ9K2SKheA",
            "name": "Periodo",
            "type": null,
            "modifiers": [],
            "position": {}
          },
          "position": {}
        },
        "_WR9boL2rEDagvJ9K2SKheA": {
          "key": "_WR9boL2rEDagvJ9K2SKheA",
          "name": "ID_PGC",
          "type": null,
          "probability": 1,
          "modifiers": [],
          "to_variable": {
            "key": "_rcszsL2uEDagvJ9K2SKheA",
            "name": "ID_PGC",
            "type": null,
            "modifiers": [],
            "position": {}
          },
          "position": {}
        },
        "_c2xMcL2rEDagvJ9K2SKheA": {
          "key": "_c2xMcL2rEDagvJ9K2SKheA",
          "name": "ID_Comercial_Desc",
          "type": null,
          "probability": 1,
          "modifiers": [],
          "to_variable": {
            "key": "_sKIhcL2uEDagvJ9K2SKheA",
            "name": "ID_Comercial_Desc",
            "type": null,
            "modifiers": [],
            "position": {}
          },
          "position": {}
        },
        "_eJKocL2rEDagvJ9K2SKheA": {
          "key": "_eJKocL2rEDagvJ9K2SKheA",
          "name": "ID_Sucursal",
          "type": null,
          "probability": 1,
          "modifiers": [],
          "to_variable": {
            "key": "_IWTcQL2vEDagvJ9K2SKheA",
            "name": "ID_Sucursal",
            "type": null,
            "modifiers": [],
            "position": {}
          },
          "position": {}
        }
      }
    },
    "fields_to_fields_data_clump-./Resultados_Familias-_P-LJYb2rEDagvJ9K2SKheA-_npkysLrBEDa9y_YmWrDfaQ-PeriodoID_PGCID_Comercial_Desc": {
      "type": "data_clump",
      "key": "fields_to_fields_data_clump-./Resultados_Familias-_P-LJYb2rEDagvJ9K2SKheA-_npkysLrBEDa9y_YmWrDfaQ-PeriodoID_PGCID_Comercial_Desc",
      "probability": 1,
      "from_file_path": "./Resultados_Familias",
      "from_class_or_interface_name": "Resultados_Familias",
      "from_class_or_interface_key": "_P-LJYb2rEDagvJ9K2SKheA",
      "from_method_name": null,
      "from_method_key": null,
      "to_file_path": "./Resultados_Variables",
      "to_class_or_interface_key": "_npkysLrBEDa9y_YmWrDfaQ",
      "to_class_or_interface_name": "Resultados_Familias",
      "to_method_key": null,
      "to_method_name": null,
      "data_clump_type": "fields_to_fields_data_clump",
      "data_clump_data": {
        "_T_mXcb2rEDagvJ9K2SKheA": {
          "key": "_T_mXcb2rEDagvJ9K2SKheA",
          "name": "Periodo",
          "type": null,
          "probability": 1,
          "modifiers": [],
          "to_variable": {
            "key": "_0qx_MbrBEDa9y_YmWrDfaQ",
            "name": "Periodo",
            "type": null,
            "modifiers": [],
            "position": {}
          },
          "position": {}
        },
        "_WR9boL2rEDagvJ9K2SKheA": {
          "key": "_WR9boL2rEDagvJ9K2SKheA",
          "name": "ID_PGC",
          "type": null,
          "probability": 1,
          "modifiers": [],
          "to_variable": {
            "key": "_tLpUIbrBEDa9y_YmWrDfaQ",
            "name": "ID_PGC",
            "type": null,
            "modifiers": [],
            "position": {}
          },
          "position": {}
        },
        "_c2xMcL2rEDagvJ9K2SKheA": {
          "key": "_c2xMcL2rEDagvJ9K2SKheA",
          "name": "ID_Comercial_Desc",
          "type": null,
          "probability": 1,
          "modifiers": [],
          "to_variable": {
            "key": "_p1LHkbrBEDa9y_YmWrDfaQ",
            "name": "ID_Comercial_Desc",
            "type": null,
            "modifiers": [],
            "position": {}
          },
          "position": {}
        }
      }
    },
    "fields_to_fields_data_clump-./Resultados_Variables-_npkysLrBEDa9y_YmWrDfaQ-_oKc_0b2uEDagvJ9K2SKheA-PeriodoID_PGCID_Comercial_Desc": {
      "type": "data_clump",
      "key": "fields_to_fields_data_clump-./Resultados_Variables-_npkysLrBEDa9y_YmWrDfaQ-_oKc_0b2uEDagvJ9K2SKheA-PeriodoID_PGCID_Comercial_Desc",
      "probability": 1,
      "from_file_path": "./Resultados_Variables",
      "from_class_or_interface_name": "Resultados_Variables",
      "from_class_or_interface_key": "_npkysLrBEDa9y_YmWrDfaQ",
      "from_method_name": null,
      "from_method_key": null,
      "to_file_path": "./Integralidad",
      "to_class_or_interface_key": "_oKc_0b2uEDagvJ9K2SKheA",
      "to_class_or_interface_name": "Resultados_Variables",
      "to_method_key": null,
      "to_method_name": null,
      "data_clump_type": "fields_to_fields_data_clump",
      "data_clump_data": {
        "_0qx_MbrBEDa9y_YmWrDfaQ": {
          "key": "_0qx_MbrBEDa9y_YmWrDfaQ",
          "name": "Periodo",
          "type": null,
          "probability": 1,
          "modifiers": [],
          "to_variable": {
            "key": "_qwTAsL2uEDagvJ9K2SKheA",
            "name": "Periodo",
            "type": null,
            "modifiers": [],
            "position": {}
          },
          "position": {}
        },
        "_tLpUIbrBEDa9y_YmWrDfaQ": {
          "key": "_tLpUIbrBEDa9y_YmWrDfaQ",
          "name": "ID_PGC",
          "type": null,
          "probability": 1,
          "modifiers": [],
          "to_variable": {
            "key": "_rcszsL2uEDagvJ9K2SKheA",
            "name": "ID_PGC",
            "type": null,
            "modifiers": [],
            "position": {}
          },
          "position": {}
        },
        "_p1LHkbrBEDa9y_YmWrDfaQ": {
          "key": "_p1LHkbrBEDa9y_YmWrDfaQ",
          "name": "ID_Comercial_Desc",
          "type": null,
          "probability": 1,
          "modifiers": [],
          "to_variable": {
            "key": "_sKIhcL2uEDagvJ9K2SKheA",
            "name": "ID_Comercial_Desc",
            "type": null,
            "modifiers": [],
            "position": {}
          },
          "position": {}
        }
      }
    },
    "fields_to_fields_data_clump-./Resultados_Variables-_npkysLrBEDa9y_YmWrDfaQ-_P-LJYb2rEDagvJ9K2SKheA-PeriodoID_PGCID_Comercial_Desc": {
      "type": "data_clump",
      "key": "fields_to_fields_data_clump-./Resultados_Variables-_npkysLrBEDa9y_YmWrDfaQ-_P-LJYb2rEDagvJ9K2SKheA-PeriodoID_PGCID_Comercial_Desc",
      "probability": 1,
      "from_file_path": "./Resultados_Variables",
      "from_class_or_interface_name": "Resultados_Variables",
      "from_class_or_interface_key": "_npkysLrBEDa9y_YmWrDfaQ",
      "from_method_name": null,
      "from_method_key": null,
      "to_file_path": "./Resultados_Familias",
      "to_class_or_interface_key": "_P-LJYb2rEDagvJ9K2SKheA",
      "to_class_or_interface_name": "Resultados_Variables",
      "to_method_key": null,
      "to_method_name": null,
      "data_clump_type": "fields_to_fields_data_clump",
      "data_clump_data": {
        "_0qx_MbrBEDa9y_YmWrDfaQ": {
          "key": "_0qx_MbrBEDa9y_YmWrDfaQ",
          "name": "Periodo",
          "type": null,
          "probability": 1,
          "modifiers": [],
          "to_variable": {
            "key": "_T_mXcb2rEDagvJ9K2SKheA",
            "name": "Periodo",
            "type": null,
            "modifiers": [],
            "position": {}
          },
          "position": {}
        },
        "_tLpUIbrBEDa9y_YmWrDfaQ": {
          "key": "_tLpUIbrBEDa9y_YmWrDfaQ",
          "name": "ID_PGC",
          "type": null,
          "probability": 1,
          "modifiers": [],
          "to_variable": {
            "key": "_WR9boL2rEDagvJ9K2SKheA",
            "name": "ID_PGC",
            "type": null,
            "modifiers": [],
            "position": {}
          },
          "position": {}
        },
        "_p1LHkbrBEDa9y_YmWrDfaQ": {
          "key": "_p1LHkbrBEDa9y_YmWrDfaQ",
          "name": "ID_Comercial_Desc",
          "type": null,
          "probability": 1,
          "modifiers": [],
          "to_variable": {
            "key": "_c2xMcL2rEDagvJ9K2SKheA",
            "name": "ID_Comercial_Desc",
            "type": null,
            "modifiers": [],
            "position": {}
          },
          "position": {}
        }
      }
    }
  }
}