{
  "report_version": "unknown",
  "report_timestamp": "2025-03-26T22:48:15.843Z",
  "target_language": "java",
  "report_summary": {
    "additional": null,
    "amount_classes_or_interfaces_with_data_clumps": 1,
    "amount_files_with_data_clumps": 1,
    "amount_methods_with_data_clumps": 2,
    "fields_to_fields_data_clump": 0,
    "parameters_to_fields_data_clump": 0,
    "parameters_to_parameters_data_clump": 2,
    "amount_data_clumps": 2
  },
  "project_info": {
    "project_url": "unknown_project_url",
    "project_name": "__e5P4LJ6EeuARqq-icHx7Q",
    "project_version": "unknown_project_version",
    "project_commit_hash": "unknown",
    "project_tag": null,
    "project_commit_date": null,
    "additional": {},
    "number_of_files": 2,
    "number_of_classes_or_interfaces": 2,
    "number_of_methods": 21,
    "number_of_data_fields": 9,
    "number_of_method_parameters": 15
  },
  "detector": {
    "name": "data-clumps-doctor",
    "url": "https://github.com/NilsBaumgartner1994/data-clumps-doctor",
    "version": "0.1.100",
    "options": {
      "typeVariablesConsidered": false,
      "similarityModifierOfVariablesWithUnknownType": 0,
      "fieldsOfClassesWithUnknownHierarchyProbabilityModifier": 0,
      "sharedFieldsToFieldsAmountMinimum": 3,
      "analyseFieldsInClassesOrInterfacesInheritedFromSuperClassesOrInterfaces": false,
      "sharedParametersToParametersAmountMinimum": 3,
      "sharedParametersToFieldsAmountMinimum": 3,
      "methodsOfClassesOrInterfacesWithUnknownHierarchyProbabilityModifier": 0
    }
  },
  "data_clumps": {
    "parameters_to_parameters_data_clump-./curso-_I77-gZStEDmxNu_l2q1tYA-_X0HeQJSuEDmxNu_l2q1tYA-pcodigopnombrepdepartamentopcantidadDeC": {
      "type": "data_clump",
      "key": "parameters_to_parameters_data_clump-./curso-_I77-gZStEDmxNu_l2q1tYA-_X0HeQJSuEDmxNu_l2q1tYA-pcodigopnombrepdepartamentopcantidadDeC",
      "probability": 1,
      "from_file_path": "./curso",
      "from_class_or_interface_name": "curso",
      "from_class_or_interface_key": "_BoqiAJSpEDmxNu_l2q1tYA",
      "from_method_name": "CCurso",
      "from_method_key": "_I77-gZStEDmxNu_l2q1tYA",
      "to_file_path": "./curso",
      "to_class_or_interface_name": "curso",
      "to_class_or_interface_key": "_BoqiAJSpEDmxNu_l2q1tYA",
      "to_method_name": "modificarInfo",
      "to_method_key": "_X0HeQJSuEDmxNu_l2q1tYA",
      "data_clump_type": "parameters_to_parameters_data_clump",
      "data_clump_data": {
        "__a7F0JStEDmxNu_l2q1tYA": {
          "key": "__a7F0JStEDmxNu_l2q1tYA",
          "name": "pcodigo",
          "type": null,
          "probability": 1,
          "modifiers": [],
          "to_variable": {
            "key": "_jGZDwJSuEDmxNu_l2q1tYA",
            "name": "pcodigo",
            "type": null,
            "modifiers": [],
            "position": {}
          },
          "position": {}
        },
        "__g7AIJStEDmxNu_l2q1tYA": {
          "key": "__g7AIJStEDmxNu_l2q1tYA",
          "name": "pnombre",
          "type": null,
          "probability": 1,
          "modifiers": [],
          "to_variable": {
            "key": "_jBYn8JSuEDmxNu_l2q1tYA",
            "name": "pnombre",
            "type": null,
            "modifiers": [],
            "position": {}
          },
          "position": {}
        },
        "__ptIsJStEDmxNu_l2q1tYA": {
          "key": "__ptIsJStEDmxNu_l2q1tYA",
          "name": "pdepartamento",
          "type": null,
          "probability": 1,
          "modifiers": [],
          "to_variable": {
            "key": "_jMEN8JSuEDmxNu_l2q1tYA",
            "name": "pdepartamento",
            "type": null,
            "modifiers": [],
            "position": {}
          },
          "position": {}
        },
        "__tSBIJStEDmxNu_l2q1tYA": {
          "key": "__tSBIJStEDmxNu_l2q1tYA",
          "name": "pcantidadDeC",
          "type": null,
          "probability": 1,
          "modifiers": [],
          "to_variable": {
            "key": "_jTCYoJSuEDmxNu_l2q1tYA",
            "name": "pcantidadDeC",
            "type": null,
            "modifiers": [],
            "position": {}
          },
          "position": {}
        }
      }
    },
    "parameters_to_parameters_data_clump-./curso-_X0HeQJSuEDmxNu_l2q1tYA-_I77-gZStEDmxNu_l2q1tYA-pnombrepcodigopdepartamentopcantidadDeC": {
      "type": "data_clump",
      "key": "parameters_to_parameters_data_clump-./curso-_X0HeQJSuEDmxNu_l2q1tYA-_I77-gZStEDmxNu_l2q1tYA-pnombrepcodigopdepartamentopcantidadDeC",
      "probability": 1,
      "from_file_path": "./curso",
      "from_class_or_interface_name": "curso",
      "from_class_or_interface_key": "_BoqiAJSpEDmxNu_l2q1tYA",
      "from_method_name": "modificarInfo",
      "from_method_key": "_X0HeQJSuEDmxNu_l2q1tYA",
      "to_file_path": "./curso",
      "to_class_or_interface_name": "curso",
      "to_class_or_interface_key": "_BoqiAJSpEDmxNu_l2q1tYA",
      "to_method_name": "CCurso",
      "to_method_key": "_I77-gZStEDmxNu_l2q1tYA",
      "data_clump_type": "parameters_to_parameters_data_clump",
      "data_clump_data": {
        "_jBYn8JSuEDmxNu_l2q1tYA": {
          "key": "_jBYn8JSuEDmxNu_l2q1tYA",
          "name": "pnombre",
          "type": null,
          "probability": 1,
          "modifiers": [],
          "to_variable": {
            "key": "__g7AIJStEDmxNu_l2q1tYA",
            "name": "pnombre",
            "type": null,
            "modifiers": [],
            "position": {}
          },
          "position": {}
        },
        "_jGZDwJSuEDmxNu_l2q1tYA": {
          "key": "_jGZDwJSuEDmxNu_l2q1tYA",
          "name": "pcodigo",
          "type": null,
          "probability": 1,
          "modifiers": [],
          "to_variable": {
            "key": "__a7F0JStEDmxNu_l2q1tYA",
            "name": "pcodigo",
            "type": null,
            "modifiers": [],
            "position": {}
          },
          "position": {}
        },
        "_jMEN8JSuEDmxNu_l2q1tYA": {
          "key": "_jMEN8JSuEDmxNu_l2q1tYA",
          "name": "pdepartamento",
          "type": null,
          "probability": 1,
          "modifiers": [],
          "to_variable": {
            "key": "__ptIsJStEDmxNu_l2q1tYA",
            "name": "pdepartamento",
            "type": null,
            "modifiers": [],
            "position": {}
          },
          "position": {}
        },
        "_jTCYoJSuEDmxNu_l2q1tYA": {
          "key": "_jTCYoJSuEDmxNu_l2q1tYA",
          "name": "pcantidadDeC",
          "type": null,
          "probability": 1,
          "modifiers": [],
          "to_variable": {
            "key": "__tSBIJStEDmxNu_l2q1tYA",
            "name": "pcantidadDeC",
            "type": null,
            "modifiers": [],
            "position": {}
          },
          "position": {}
        }
      }
    }
  }
}