{
  "report_version": "unknown",
  "report_timestamp": "2025-03-26T21:58:19.984Z",
  "target_language": "java",
  "report_summary": {
    "additional": null,
    "amount_classes_or_interfaces_with_data_clumps": 2,
    "amount_files_with_data_clumps": 2,
    "amount_methods_with_data_clumps": 0,
    "fields_to_fields_data_clump": 2,
    "parameters_to_fields_data_clump": 0,
    "parameters_to_parameters_data_clump": 0,
    "amount_data_clumps": 2
  },
  "project_info": {
    "project_url": "unknown_project_url",
    "project_name": "25d53db0-57a3-4d34-af26-1ebdff6f3c2c",
    "project_version": "unknown_project_version",
    "project_commit_hash": "unknown",
    "project_tag": null,
    "project_commit_date": null,
    "additional": {},
    "number_of_files": 22,
    "number_of_classes_or_interfaces": 22,
    "number_of_methods": 0,
    "number_of_data_fields": 58,
    "number_of_method_parameters": 0
  },
  "detector": {
    "name": "data-clumps-doctor",
    "url": "https://github.com/NilsBaumgartner1994/data-clumps-doctor",
    "version": "0.1.100",
    "options": {
      "typeVariablesConsidered": false,
      "similarityModifierOfVariablesWithUnknownType": 0,
      "fieldsOfClassesWithUnknownHierarchyProbabilityModifier": 0,
      "sharedFieldsToFieldsAmountMinimum": 3,
      "analyseFieldsInClassesOrInterfacesInheritedFromSuperClassesOrInterfaces": false,
      "sharedParametersToParametersAmountMinimum": 3,
      "sharedParametersToFieldsAmountMinimum": 3,
      "methodsOfClassesOrInterfacesWithUnknownHierarchyProbabilityModifier": 0
    }
  },
  "data_clumps": {
    "fields_to_fields_data_clump-./Employee-_AYT9MEW2EDKWC9RPn2Itdg-_IFBtEEW9EDKWC9RPn2Itdg-AgeAddressMOB": {
      "type": "data_clump",
      "key": "fields_to_fields_data_clump-./Employee-_AYT9MEW2EDKWC9RPn2Itdg-_IFBtEEW9EDKWC9RPn2Itdg-AgeAddressMOB",
      "probability": 1,
      "from_file_path": "./Employee",
      "from_class_or_interface_name": "Employee",
      "from_class_or_interface_key": "_AYT9MEW2EDKWC9RPn2Itdg",
      "from_method_name": null,
      "from_method_key": null,
      "to_file_path": "./patient",
      "to_class_or_interface_key": "_IFBtEEW9EDKWC9RPn2Itdg",
      "to_class_or_interface_name": "Employee",
      "to_method_key": null,
      "to_method_name": null,
      "data_clump_type": "fields_to_fields_data_clump",
      "data_clump_data": {
        "_cAO7cEW2EDKWC9RPn2Itdg": {
          "key": "_cAO7cEW2EDKWC9RPn2Itdg",
          "name": "Age",
          "type": null,
          "probability": 1,
          "modifiers": [],
          "to_variable": {
            "key": "_Nxrt4EW9EDKWC9RPn2Itdg",
            "name": "Age",
            "type": null,
            "modifiers": [],
            "position": {}
          },
          "position": {}
        },
        "_de7HAEW2EDKWC9RPn2Itdg": {
          "key": "_de7HAEW2EDKWC9RPn2Itdg",
          "name": "Address",
          "type": null,
          "probability": 1,
          "modifiers": [],
          "to_variable": {
            "key": "_PoZ-8EW9EDKWC9RPn2Itdg",
            "name": "Address",
            "type": null,
            "modifiers": [],
            "position": {}
          },
          "position": {}
        },
        "_fehnQEW2EDKWC9RPn2Itdg": {
          "key": "_fehnQEW2EDKWC9RPn2Itdg",
          "name": "MOB",
          "type": null,
          "probability": 1,
          "modifiers": [],
          "to_variable": {
            "key": "_SdLzsEW9EDKWC9RPn2Itdg",
            "name": "MOB",
            "type": null,
            "modifiers": [],
            "position": {}
          },
          "position": {}
        }
      }
    },
    "fields_to_fields_data_clump-./patient-_IFBtEEW9EDKWC9RPn2Itdg-_AYT9MEW2EDKWC9RPn2Itdg-AgeAddressMOB": {
      "type": "data_clump",
      "key": "fields_to_fields_data_clump-./patient-_IFBtEEW9EDKWC9RPn2Itdg-_AYT9MEW2EDKWC9RPn2Itdg-AgeAddressMOB",
      "probability": 1,
      "from_file_path": "./patient",
      "from_class_or_interface_name": "patient",
      "from_class_or_interface_key": "_IFBtEEW9EDKWC9RPn2Itdg",
      "from_method_name": null,
      "from_method_key": null,
      "to_file_path": "./Employee",
      "to_class_or_interface_key": "_AYT9MEW2EDKWC9RPn2Itdg",
      "to_class_or_interface_name": "patient",
      "to_method_key": null,
      "to_method_name": null,
      "data_clump_type": "fields_to_fields_data_clump",
      "data_clump_data": {
        "_Nxrt4EW9EDKWC9RPn2Itdg": {
          "key": "_Nxrt4EW9EDKWC9RPn2Itdg",
          "name": "Age",
          "type": null,
          "probability": 1,
          "modifiers": [],
          "to_variable": {
            "key": "_cAO7cEW2EDKWC9RPn2Itdg",
            "name": "Age",
            "type": null,
            "modifiers": [],
            "position": {}
          },
          "position": {}
        },
        "_PoZ-8EW9EDKWC9RPn2Itdg": {
          "key": "_PoZ-8EW9EDKWC9RPn2Itdg",
          "name": "Address",
          "type": null,
          "probability": 1,
          "modifiers": [],
          "to_variable": {
            "key": "_de7HAEW2EDKWC9RPn2Itdg",
            "name": "Address",
            "type": null,
            "modifiers": [],
            "position": {}
          },
          "position": {}
        },
        "_SdLzsEW9EDKWC9RPn2Itdg": {
          "key": "_SdLzsEW9EDKWC9RPn2Itdg",
          "name": "MOB",
          "type": null,
          "probability": 1,
          "modifiers": [],
          "to_variable": {
            "key": "_fehnQEW2EDKWC9RPn2Itdg",
            "name": "MOB",
            "type": null,
            "modifiers": [],
            "position": {}
          },
          "position": {}
        }
      }
    }
  }
}