{
  "report_version": "unknown",
  "report_timestamp": "2025-03-26T22:52:14.069Z",
  "target_language": "java",
  "report_summary": {
    "additional": null,
    "amount_classes_or_interfaces_with_data_clumps": 4,
    "amount_files_with_data_clumps": 4,
    "amount_methods_with_data_clumps": 4,
    "fields_to_fields_data_clump": 0,
    "parameters_to_fields_data_clump": 4,
    "parameters_to_parameters_data_clump": 0,
    "amount_data_clumps": 4
  },
  "project_info": {
    "project_url": "unknown_project_url",
    "project_name": "_at6YcF1vEe6bquaTqFURaQ",
    "project_version": "unknown_project_version",
    "project_commit_hash": "unknown",
    "project_tag": null,
    "project_commit_date": null,
    "additional": {},
    "number_of_files": 14,
    "number_of_classes_or_interfaces": 14,
    "number_of_methods": 95,
    "number_of_data_fields": 28,
    "number_of_method_parameters": 61
  },
  "detector": {
    "name": "data-clumps-doctor",
    "url": "https://github.com/NilsBaumgartner1994/data-clumps-doctor",
    "version": "0.1.100",
    "options": {
      "typeVariablesConsidered": false,
      "similarityModifierOfVariablesWithUnknownType": 0,
      "fieldsOfClassesWithUnknownHierarchyProbabilityModifier": 0,
      "sharedFieldsToFieldsAmountMinimum": 3,
      "analyseFieldsInClassesOrInterfacesInheritedFromSuperClassesOrInterfaces": false,
      "sharedParametersToParametersAmountMinimum": 3,
      "sharedParametersToFieldsAmountMinimum": 3,
      "methodsOfClassesOrInterfacesWithUnknownHierarchyProbabilityModifier": 0
    }
  },
  "data_clumps": {
    "parameters_to_fields_data_clump-./Coche-_vclDgEntEDyAv4gWpdu-9w-_tQIaEEntEDyAv4gWpdu-9w-matriculamarcamodelo": {
      "type": "data_clump",
      "key": "parameters_to_fields_data_clump-./Coche-_vclDgEntEDyAv4gWpdu-9w-_tQIaEEntEDyAv4gWpdu-9w-matriculamarcamodelo",
      "probability": 1,
      "from_file_path": "./Coche",
      "from_class_or_interface_name": "Coche",
      "from_class_or_interface_key": "_tQIaEEntEDyAv4gWpdu-9w",
      "from_method_name": "Coche",
      "from_method_key": "_vclDgEntEDyAv4gWpdu-9w",
      "to_file_path": "./Coche",
      "to_class_or_interface_name": "Coche",
      "to_class_or_interface_key": "_tQIaEEntEDyAv4gWpdu-9w",
      "to_method_name": null,
      "to_method_key": null,
      "data_clump_type": "parameters_to_fields_data_clump",
      "data_clump_data": {
        "_7ajRYEntEDyAv4gWpdu-9w": {
          "key": "_7ajRYEntEDyAv4gWpdu-9w",
          "name": "matricula",
          "type": null,
          "probability": 1,
          "modifiers": [],
          "to_variable": {
            "key": "_uS764EntEDyAv4gWpdu-9w",
            "name": "matricula",
            "type": null,
            "modifiers": [
              "private"
            ],
            "position": {}
          },
          "position": {}
        },
        "_7d2dAEntEDyAv4gWpdu-9w": {
          "key": "_7d2dAEntEDyAv4gWpdu-9w",
          "name": "marca",
          "type": null,
          "probability": 1,
          "modifiers": [],
          "to_variable": {
            "key": "_uhQDsEntEDyAv4gWpdu-9w",
            "name": "marca",
            "type": null,
            "modifiers": [
              "private"
            ],
            "position": {}
          },
          "position": {}
        },
        "_7g7mMEntEDyAv4gWpdu-9w": {
          "key": "_7g7mMEntEDyAv4gWpdu-9w",
          "name": "modelo",
          "type": null,
          "probability": 1,
          "modifiers": [],
          "to_variable": {
            "key": "_umvnsEntEDyAv4gWpdu-9w",
            "name": "modelo",
            "type": null,
            "modifiers": [
              "private"
            ],
            "position": {}
          },
          "position": {}
        }
      }
    },
    "parameters_to_fields_data_clump-./Persona-_TTgmYEn1EDyAv4gWpdu-9w-_I1aP0En1EDyAv4gWpdu-9w-nombreapellidosestadoCivilDNI": {
      "type": "data_clump",
      "key": "parameters_to_fields_data_clump-./Persona-_TTgmYEn1EDyAv4gWpdu-9w-_I1aP0En1EDyAv4gWpdu-9w-nombreapellidosestadoCivilDNI",
      "probability": 1,
      "from_file_path": "./Persona",
      "from_class_or_interface_name": "Persona",
      "from_class_or_interface_key": "_I1aP0En1EDyAv4gWpdu-9w",
      "from_method_name": "Persona",
      "from_method_key": "_TTgmYEn1EDyAv4gWpdu-9w",
      "to_file_path": "./Persona",
      "to_class_or_interface_name": "Persona",
      "to_class_or_interface_key": "_I1aP0En1EDyAv4gWpdu-9w",
      "to_method_name": null,
      "to_method_key": null,
      "data_clump_type": "parameters_to_fields_data_clump",
      "data_clump_data": {
        "_wVJwoEn1EDyAv4gWpdu-9w": {
          "key": "_wVJwoEn1EDyAv4gWpdu-9w",
          "name": "nombre",
          "type": null,
          "probability": 1,
          "modifiers": [],
          "to_variable": {
            "key": "_MkES4En1EDyAv4gWpdu-9w",
            "name": "nombre",
            "type": null,
            "modifiers": [
              "private"
            ],
            "position": {}
          },
          "position": {}
        },
        "_wuoAkEn1EDyAv4gWpdu-9w": {
          "key": "_wuoAkEn1EDyAv4gWpdu-9w",
          "name": "apellidos",
          "type": null,
          "probability": 1,
          "modifiers": [],
          "to_variable": {
            "key": "_MyM1gEn1EDyAv4gWpdu-9w",
            "name": "apellidos",
            "type": null,
            "modifiers": [
              "private"
            ],
            "position": {}
          },
          "position": {}
        },
        "_wyOHIEn1EDyAv4gWpdu-9w": {
          "key": "_wyOHIEn1EDyAv4gWpdu-9w",
          "name": "estadoCivil",
          "type": null,
          "probability": 1,
          "modifiers": [],
          "to_variable": {
            "key": "_M2bOMEn1EDyAv4gWpdu-9w",
            "name": "estadoCivil",
            "type": null,
            "modifiers": [
              "private"
            ],
            "position": {}
          },
          "position": {}
        },
        "_w1FN4En1EDyAv4gWpdu-9w": {
          "key": "_w1FN4En1EDyAv4gWpdu-9w",
          "name": "DNI",
          "type": null,
          "probability": 1,
          "modifiers": [],
          "to_variable": {
            "key": "_M5AoIEn1EDyAv4gWpdu-9w",
            "name": "DNI",
            "type": null,
            "modifiers": [
              "private"
            ],
            "position": {}
          },
          "position": {}
        }
      }
    },
    "parameters_to_fields_data_clump-./Vendedor-_jFT2wEnrEDyAv4gWpdu-9w-_9dNNAEnqEDyAv4gWpdu-9w-CocheMovilareaVentalistaClientes": {
      "type": "data_clump",
      "key": "parameters_to_fields_data_clump-./Vendedor-_jFT2wEnrEDyAv4gWpdu-9w-_9dNNAEnqEDyAv4gWpdu-9w-CocheMovilareaVentalistaClientes",
      "probability": 1,
      "from_file_path": "./Vendedor",
      "from_class_or_interface_name": "Vendedor",
      "from_class_or_interface_key": "_9dNNAEnqEDyAv4gWpdu-9w",
      "from_method_name": "Vendedor",
      "from_method_key": "_jFT2wEnrEDyAv4gWpdu-9w",
      "to_file_path": "./Vendedor",
      "to_class_or_interface_name": "Vendedor",
      "to_class_or_interface_key": "_9dNNAEnqEDyAv4gWpdu-9w",
      "to_method_name": null,
      "to_method_key": null,
      "data_clump_type": "parameters_to_fields_data_clump",
      "data_clump_data": {
        "_p6wEkEnrEDyAv4gWpdu-9w": {
          "key": "_p6wEkEnrEDyAv4gWpdu-9w",
          "name": "Coche",
          "type": null,
          "probability": 1,
          "modifiers": [],
          "to_variable": {
            "key": "_AaGb8EnrEDyAv4gWpdu-9w",
            "name": "Coche",
            "type": null,
            "modifiers": [
              "private"
            ],
            "position": {}
          },
          "position": {}
        },
        "_p_VCkEnrEDyAv4gWpdu-9w": {
          "key": "_p_VCkEnrEDyAv4gWpdu-9w",
          "name": "Movil",
          "type": null,
          "probability": 1,
          "modifiers": [],
          "to_variable": {
            "key": "_AkcqwEnrEDyAv4gWpdu-9w",
            "name": "Movil",
            "type": null,
            "modifiers": [
              "private"
            ],
            "position": {}
          },
          "position": {}
        },
        "_qCcoAEnrEDyAv4gWpdu-9w": {
          "key": "_qCcoAEnrEDyAv4gWpdu-9w",
          "name": "areaVenta",
          "type": null,
          "probability": 1,
          "modifiers": [],
          "to_variable": {
            "key": "_ApydwEnrEDyAv4gWpdu-9w",
            "name": "areaVenta",
            "type": null,
            "modifiers": [
              "private"
            ],
            "position": {}
          },
          "position": {}
        },
        "_qGGY8EnrEDyAv4gWpdu-9w": {
          "key": "_qGGY8EnrEDyAv4gWpdu-9w",
          "name": "listaClientes",
          "type": null,
          "probability": 1,
          "modifiers": [],
          "to_variable": {
            "key": "_AtVhAEnrEDyAv4gWpdu-9w",
            "name": "listaClientes",
            "type": null,
            "modifiers": [
              "private"
            ],
            "position": {}
          },
          "position": {}
        }
      }
    },
    "parameters_to_fields_data_clump-./jefeZona-_xQUAEEnvEDyAv4gWpdu-9w-_iVu3IEnvEDyAv4gWpdu-9w-despachosecretariovendedorcoche": {
      "type": "data_clump",
      "key": "parameters_to_fields_data_clump-./jefeZona-_xQUAEEnvEDyAv4gWpdu-9w-_iVu3IEnvEDyAv4gWpdu-9w-despachosecretariovendedorcoche",
      "probability": 1,
      "from_file_path": "./jefeZona",
      "from_class_or_interface_name": "jefeZona",
      "from_class_or_interface_key": "_iVu3IEnvEDyAv4gWpdu-9w",
      "from_method_name": "jefeZona",
      "from_method_key": "_xQUAEEnvEDyAv4gWpdu-9w",
      "to_file_path": "./jefeZona",
      "to_class_or_interface_name": "jefeZona",
      "to_class_or_interface_key": "_iVu3IEnvEDyAv4gWpdu-9w",
      "to_method_name": null,
      "to_method_key": null,
      "data_clump_type": "parameters_to_fields_data_clump",
      "data_clump_data": {
        "_6sqlwEnvEDyAv4gWpdu-9w": {
          "key": "_6sqlwEnvEDyAv4gWpdu-9w",
          "name": "despacho",
          "type": null,
          "probability": 1,
          "modifiers": [],
          "to_variable": {
            "key": "_qLcPIEnvEDyAv4gWpdu-9w",
            "name": "despacho",
            "type": null,
            "modifiers": [
              "private"
            ],
            "position": {}
          },
          "position": {}
        },
        "_6umfcEnvEDyAv4gWpdu-9w": {
          "key": "_6umfcEnvEDyAv4gWpdu-9w",
          "name": "secretario",
          "type": null,
          "probability": 1,
          "modifiers": [],
          "to_variable": {
            "key": "_qW_-4EnvEDyAv4gWpdu-9w",
            "name": "secretario",
            "type": null,
            "modifiers": [
              "private"
            ],
            "position": {}
          },
          "position": {}
        },
        "_6x8uYEnvEDyAv4gWpdu-9w": {
          "key": "_6x8uYEnvEDyAv4gWpdu-9w",
          "name": "vendedor",
          "type": null,
          "probability": 1,
          "modifiers": [],
          "to_variable": {
            "key": "_qer7QEnvEDyAv4gWpdu-9w",
            "name": "vendedor",
            "type": null,
            "modifiers": [
              "private"
            ],
            "position": {}
          },
          "position": {}
        },
        "_61TkYEnvEDyAv4gWpdu-9w": {
          "key": "_61TkYEnvEDyAv4gWpdu-9w",
          "name": "coche",
          "type": null,
          "probability": 1,
          "modifiers": [],
          "to_variable": {
            "key": "_qh5nUEnvEDyAv4gWpdu-9w",
            "name": "coche",
            "type": null,
            "modifiers": [
              "private"
            ],
            "position": {}
          },
          "position": {}
        }
      }
    }
  }
}