{
  "report_version": "unknown",
  "report_timestamp": "2025-03-26T22:47:52.603Z",
  "target_language": "java",
  "report_summary": {
    "additional": null,
    "amount_classes_or_interfaces_with_data_clumps": 2,
    "amount_files_with_data_clumps": 2,
    "amount_methods_with_data_clumps": 0,
    "fields_to_fields_data_clump": 2,
    "parameters_to_fields_data_clump": 0,
    "parameters_to_parameters_data_clump": 0,
    "amount_data_clumps": 2
  },
  "project_info": {
    "project_url": "unknown_project_url",
    "project_name": "20c232d9-fab7-4bb6-bd98-173e37ddcac9",
    "project_version": "unknown_project_version",
    "project_commit_hash": "unknown",
    "project_tag": null,
    "project_commit_date": null,
    "additional": {},
    "number_of_files": 12,
    "number_of_classes_or_interfaces": 12,
    "number_of_methods": 39,
    "number_of_data_fields": 42,
    "number_of_method_parameters": 25
  },
  "detector": {
    "name": "data-clumps-doctor",
    "url": "https://github.com/NilsBaumgartner1994/data-clumps-doctor",
    "version": "0.1.100",
    "options": {
      "typeVariablesConsidered": false,
      "similarityModifierOfVariablesWithUnknownType": 0,
      "fieldsOfClassesWithUnknownHierarchyProbabilityModifier": 0,
      "sharedFieldsToFieldsAmountMinimum": 3,
      "analyseFieldsInClassesOrInterfacesInheritedFromSuperClassesOrInterfaces": false,
      "sharedParametersToParametersAmountMinimum": 3,
      "sharedParametersToFieldsAmountMinimum": 3,
      "methodsOfClassesOrInterfacesWithUnknownHierarchyProbabilityModifier": 0
    }
  },
  "data_clumps": {
    "fields_to_fields_data_clump-./Cliente-_UDwecEBjEDK53oFm7Gn_TA-__D6VgEBkEDK53oFm7Gn_TA-nomeenderecotelefone": {
      "type": "data_clump",
      "key": "fields_to_fields_data_clump-./Cliente-_UDwecEBjEDK53oFm7Gn_TA-__D6VgEBkEDK53oFm7Gn_TA-nomeenderecotelefone",
      "probability": 1,
      "from_file_path": "./Cliente",
      "from_class_or_interface_name": "Cliente",
      "from_class_or_interface_key": "_UDwecEBjEDK53oFm7Gn_TA",
      "from_method_name": null,
      "from_method_key": null,
      "to_file_path": "./Loja",
      "to_class_or_interface_key": "__D6VgEBkEDK53oFm7Gn_TA",
      "to_class_or_interface_name": "Cliente",
      "to_method_key": null,
      "to_method_name": null,
      "data_clump_type": "fields_to_fields_data_clump",
      "data_clump_data": {
        "_X8xFcEBlEDK53oFm7Gn_TA": {
          "key": "_X8xFcEBlEDK53oFm7Gn_TA",
          "name": "nome",
          "type": null,
          "probability": 1,
          "modifiers": [
            "private"
          ],
          "to_variable": {
            "key": "_TVIL8EBlEDK53oFm7Gn_TA",
            "name": "nome",
            "type": null,
            "modifiers": [
              "private"
            ],
            "position": {}
          },
          "position": {}
        },
        "_eX_ccEBlEDK53oFm7Gn_TA": {
          "key": "_eX_ccEBlEDK53oFm7Gn_TA",
          "name": "endereco",
          "type": null,
          "probability": 1,
          "modifiers": [
            "private"
          ],
          "to_variable": {
            "key": "_VtRvEEBlEDK53oFm7Gn_TA",
            "name": "endereco",
            "type": null,
            "modifiers": [
              "private"
            ],
            "position": {}
          },
          "position": {}
        },
        "_gW284EBlEDK53oFm7Gn_TA": {
          "key": "_gW284EBlEDK53oFm7Gn_TA",
          "name": "telefone",
          "type": null,
          "probability": 1,
          "modifiers": [
            "private"
          ],
          "to_variable": {
            "key": "_bLCxAEJiEDK-wNs29AUBDQ",
            "name": "telefone",
            "type": null,
            "modifiers": [
              "private"
            ],
            "position": {}
          },
          "position": {}
        }
      }
    },
    "fields_to_fields_data_clump-./Loja-__D6VgEBkEDK53oFm7Gn_TA-_UDwecEBjEDK53oFm7Gn_TA-nomeenderecotelefone": {
      "type": "data_clump",
      "key": "fields_to_fields_data_clump-./Loja-__D6VgEBkEDK53oFm7Gn_TA-_UDwecEBjEDK53oFm7Gn_TA-nomeenderecotelefone",
      "probability": 1,
      "from_file_path": "./Loja",
      "from_class_or_interface_name": "Loja",
      "from_class_or_interface_key": "__D6VgEBkEDK53oFm7Gn_TA",
      "from_method_name": null,
      "from_method_key": null,
      "to_file_path": "./Cliente",
      "to_class_or_interface_key": "_UDwecEBjEDK53oFm7Gn_TA",
      "to_class_or_interface_name": "Loja",
      "to_method_key": null,
      "to_method_name": null,
      "data_clump_type": "fields_to_fields_data_clump",
      "data_clump_data": {
        "_TVIL8EBlEDK53oFm7Gn_TA": {
          "key": "_TVIL8EBlEDK53oFm7Gn_TA",
          "name": "nome",
          "type": null,
          "probability": 1,
          "modifiers": [
            "private"
          ],
          "to_variable": {
            "key": "_X8xFcEBlEDK53oFm7Gn_TA",
            "name": "nome",
            "type": null,
            "modifiers": [
              "private"
            ],
            "position": {}
          },
          "position": {}
        },
        "_VtRvEEBlEDK53oFm7Gn_TA": {
          "key": "_VtRvEEBlEDK53oFm7Gn_TA",
          "name": "endereco",
          "type": null,
          "probability": 1,
          "modifiers": [
            "private"
          ],
          "to_variable": {
            "key": "_eX_ccEBlEDK53oFm7Gn_TA",
            "name": "endereco",
            "type": null,
            "modifiers": [
              "private"
            ],
            "position": {}
          },
          "position": {}
        },
        "_bLCxAEJiEDK-wNs29AUBDQ": {
          "key": "_bLCxAEJiEDK-wNs29AUBDQ",
          "name": "telefone",
          "type": null,
          "probability": 1,
          "modifiers": [
            "private"
          ],
          "to_variable": {
            "key": "_gW284EBlEDK53oFm7Gn_TA",
            "name": "telefone",
            "type": null,
            "modifiers": [
              "private"
            ],
            "position": {}
          },
          "position": {}
        }
      }
    }
  }
}