{
  "report_version": "unknown",
  "report_timestamp": "2025-03-26T22:21:11.782Z",
  "target_language": "java",
  "report_summary": {
    "additional": null,
    "amount_classes_or_interfaces_with_data_clumps": 2,
    "amount_files_with_data_clumps": 2,
    "amount_methods_with_data_clumps": 0,
    "fields_to_fields_data_clump": 2,
    "parameters_to_fields_data_clump": 0,
    "parameters_to_parameters_data_clump": 0,
    "amount_data_clumps": 2
  },
  "project_info": {
    "project_url": "unknown_project_url",
    "project_name": "__884UPY5EemEXt2Xl4w-3Q",
    "project_version": "unknown_project_version",
    "project_commit_hash": "unknown",
    "project_tag": null,
    "project_commit_date": null,
    "additional": {},
    "number_of_files": 7,
    "number_of_classes_or_interfaces": 7,
    "number_of_methods": 23,
    "number_of_data_fields": 24,
    "number_of_method_parameters": 0
  },
  "detector": {
    "name": "data-clumps-doctor",
    "url": "https://github.com/NilsBaumgartner1994/data-clumps-doctor",
    "version": "0.1.100",
    "options": {
      "typeVariablesConsidered": false,
      "similarityModifierOfVariablesWithUnknownType": 0,
      "fieldsOfClassesWithUnknownHierarchyProbabilityModifier": 0,
      "sharedFieldsToFieldsAmountMinimum": 3,
      "analyseFieldsInClassesOrInterfacesInheritedFromSuperClassesOrInterfaces": false,
      "sharedParametersToParametersAmountMinimum": 3,
      "sharedParametersToFieldsAmountMinimum": 3,
      "methodsOfClassesOrInterfacesWithUnknownHierarchyProbabilityModifier": 0
    }
  },
  "data_clumps": {
    "fields_to_fields_data_clump-./examen-_HD4A8NhoEDexkO749H7DQw-_rqr30NlPEDeczJsRyjT1cw-datedebutfin": {
      "type": "data_clump",
      "key": "fields_to_fields_data_clump-./examen-_HD4A8NhoEDexkO749H7DQw-_rqr30NlPEDeczJsRyjT1cw-datedebutfin",
      "probability": 1,
      "from_file_path": "./examen",
      "from_class_or_interface_name": "examen",
      "from_class_or_interface_key": "_HD4A8NhoEDexkO749H7DQw",
      "from_method_name": null,
      "from_method_key": null,
      "to_file_path": "./niveau",
      "to_class_or_interface_key": "_rqr30NlPEDeczJsRyjT1cw",
      "to_class_or_interface_name": "examen",
      "to_method_key": null,
      "to_method_name": null,
      "data_clump_type": "fields_to_fields_data_clump",
      "data_clump_data": {
        "_gHy78NhpEDexkO749H7DQw": {
          "key": "_gHy78NhpEDexkO749H7DQw",
          "name": "date",
          "type": null,
          "probability": 1,
          "modifiers": [
            "private"
          ],
          "to_variable": {
            "key": "_dZipQNlWEDeczJsRyjT1cw",
            "name": "date",
            "type": null,
            "modifiers": [
              "private"
            ],
            "position": {}
          },
          "position": {}
        },
        "_Lg5QIP_LEDe-LYVp5WAc9g": {
          "key": "_Lg5QIP_LEDe-LYVp5WAc9g",
          "name": "debut",
          "type": null,
          "probability": 1,
          "modifiers": [
            "private"
          ],
          "to_variable": {
            "key": "_fhplQNlWEDeczJsRyjT1cw",
            "name": "debut",
            "type": null,
            "modifiers": [
              "private"
            ],
            "position": {}
          },
          "position": {}
        },
        "_4eCDMP_KEDe-LYVp5WAc9g": {
          "key": "_4eCDMP_KEDe-LYVp5WAc9g",
          "name": "fin",
          "type": null,
          "probability": 1,
          "modifiers": [
            "private"
          ],
          "to_variable": {
            "key": "_hJJHgNlWEDeczJsRyjT1cw",
            "name": "fin",
            "type": null,
            "modifiers": [
              "private"
            ],
            "position": {}
          },
          "position": {}
        }
      }
    },
    "fields_to_fields_data_clump-./niveau-_rqr30NlPEDeczJsRyjT1cw-_HD4A8NhoEDexkO749H7DQw-datedebutfin": {
      "type": "data_clump",
      "key": "fields_to_fields_data_clump-./niveau-_rqr30NlPEDeczJsRyjT1cw-_HD4A8NhoEDexkO749H7DQw-datedebutfin",
      "probability": 1,
      "from_file_path": "./niveau",
      "from_class_or_interface_name": "niveau",
      "from_class_or_interface_key": "_rqr30NlPEDeczJsRyjT1cw",
      "from_method_name": null,
      "from_method_key": null,
      "to_file_path": "./examen",
      "to_class_or_interface_key": "_HD4A8NhoEDexkO749H7DQw",
      "to_class_or_interface_name": "niveau",
      "to_method_key": null,
      "to_method_name": null,
      "data_clump_type": "fields_to_fields_data_clump",
      "data_clump_data": {
        "_dZipQNlWEDeczJsRyjT1cw": {
          "key": "_dZipQNlWEDeczJsRyjT1cw",
          "name": "date",
          "type": null,
          "probability": 1,
          "modifiers": [
            "private"
          ],
          "to_variable": {
            "key": "_gHy78NhpEDexkO749H7DQw",
            "name": "date",
            "type": null,
            "modifiers": [
              "private"
            ],
            "position": {}
          },
          "position": {}
        },
        "_fhplQNlWEDeczJsRyjT1cw": {
          "key": "_fhplQNlWEDeczJsRyjT1cw",
          "name": "debut",
          "type": null,
          "probability": 1,
          "modifiers": [
            "private"
          ],
          "to_variable": {
            "key": "_Lg5QIP_LEDe-LYVp5WAc9g",
            "name": "debut",
            "type": null,
            "modifiers": [
              "private"
            ],
            "position": {}
          },
          "position": {}
        },
        "_hJJHgNlWEDeczJsRyjT1cw": {
          "key": "_hJJHgNlWEDeczJsRyjT1cw",
          "name": "fin",
          "type": null,
          "probability": 1,
          "modifiers": [
            "private"
          ],
          "to_variable": {
            "key": "_4eCDMP_KEDe-LYVp5WAc9g",
            "name": "fin",
            "type": null,
            "modifiers": [
              "private"
            ],
            "position": {}
          },
          "position": {}
        }
      }
    }
  }
}