{
  "report_version": "unknown",
  "report_timestamp": "2025-03-26T23:00:12.549Z",
  "target_language": "java",
  "report_summary": {
    "additional": null,
    "amount_classes_or_interfaces_with_data_clumps": 7,
    "amount_files_with_data_clumps": 7,
    "amount_methods_with_data_clumps": 0,
    "fields_to_fields_data_clump": 26,
    "parameters_to_fields_data_clump": 0,
    "parameters_to_parameters_data_clump": 0,
    "amount_data_clumps": 26
  },
  "project_info": {
    "project_url": "unknown_project_url",
    "project_name": "_q98hkP_FEey7kb_kJkmVqw",
    "project_version": "unknown_project_version",
    "project_commit_hash": "unknown",
    "project_tag": null,
    "project_commit_date": null,
    "additional": {},
    "number_of_files": 52,
    "number_of_classes_or_interfaces": 52,
    "number_of_methods": 9,
    "number_of_data_fields": 100,
    "number_of_method_parameters": 4
  },
  "detector": {
    "name": "data-clumps-doctor",
    "url": "https://github.com/NilsBaumgartner1994/data-clumps-doctor",
    "version": "0.1.100",
    "options": {
      "typeVariablesConsidered": false,
      "similarityModifierOfVariablesWithUnknownType": 0,
      "fieldsOfClassesWithUnknownHierarchyProbabilityModifier": 0,
      "sharedFieldsToFieldsAmountMinimum": 3,
      "analyseFieldsInClassesOrInterfacesInheritedFromSuperClassesOrInterfaces": false,
      "sharedParametersToParametersAmountMinimum": 3,
      "sharedParametersToFieldsAmountMinimum": 3,
      "methodsOfClassesOrInterfacesWithUnknownHierarchyProbabilityModifier": 0
    }
  },
  "data_clumps": {
    "fields_to_fields_data_clump-./Device-_q_W23P_FEey7kb_kJkmVqw-_q_XeSv_FEey7kb_kJkmVqw-idfcmTokendeviceTypedescriptionactiveuserIdregistedAt": {
      "type": "data_clump",
      "key": "fields_to_fields_data_clump-./Device-_q_W23P_FEey7kb_kJkmVqw-_q_XeSv_FEey7kb_kJkmVqw-idfcmTokendeviceTypedescriptionactiveuserIdregistedAt",
      "probability": 1,
      "from_file_path": "./Device",
      "from_class_or_interface_name": "Device",
      "from_class_or_interface_key": "_q_W23P_FEey7kb_kJkmVqw",
      "from_method_name": null,
      "from_method_key": null,
      "to_file_path": "./DeviceInfo",
      "to_class_or_interface_key": "_q_XeSv_FEey7kb_kJkmVqw",
      "to_class_or_interface_name": "Device",
      "to_method_key": null,
      "to_method_name": null,
      "data_clump_type": "fields_to_fields_data_clump",
      "data_clump_data": {
        "_q_W24P_FEey7kb_kJkmVqw": {
          "key": "_q_W24P_FEey7kb_kJkmVqw",
          "name": "id",
          "type": null,
          "probability": 1,
          "modifiers": [
            "private"
          ],
          "to_variable": {
            "key": "_q_XeS__FEey7kb_kJkmVqw",
            "name": "id",
            "type": null,
            "modifiers": [
              "private"
            ],
            "position": {}
          },
          "position": {}
        },
        "_q_W24f_FEey7kb_kJkmVqw": {
          "key": "_q_W24f_FEey7kb_kJkmVqw",
          "name": "fcmToken",
          "type": null,
          "probability": 1,
          "modifiers": [
            "private"
          ],
          "to_variable": {
            "key": "_q_XeTP_FEey7kb_kJkmVqw",
            "name": "fcmToken",
            "type": null,
            "modifiers": [
              "private"
            ],
            "position": {}
          },
          "position": {}
        },
        "_q_W24v_FEey7kb_kJkmVqw": {
          "key": "_q_W24v_FEey7kb_kJkmVqw",
          "name": "deviceType",
          "type": null,
          "probability": 1,
          "modifiers": [
            "private"
          ],
          "to_variable": {
            "key": "_q_XeTf_FEey7kb_kJkmVqw",
            "name": "deviceType",
            "type": null,
            "modifiers": [
              "private"
            ],
            "position": {}
          },
          "position": {}
        },
        "_q_W24__FEey7kb_kJkmVqw": {
          "key": "_q_W24__FEey7kb_kJkmVqw",
          "name": "description",
          "type": null,
          "probability": 1,
          "modifiers": [
            "private"
          ],
          "to_variable": {
            "key": "_q_YE8P_FEey7kb_kJkmVqw",
            "name": "description",
            "type": null,
            "modifiers": [
              "private"
            ],
            "position": {}
          },
          "position": {}
        },
        "_q_W25P_FEey7kb_kJkmVqw": {
          "key": "_q_W25P_FEey7kb_kJkmVqw",
          "name": "active",
          "type": null,
          "probability": 1,
          "modifiers": [
            "private"
          ],
          "to_variable": {
            "key": "_q_YE8f_FEey7kb_kJkmVqw",
            "name": "active",
            "type": null,
            "modifiers": [
              "private"
            ],
            "position": {}
          },
          "position": {}
        },
        "_q_W25f_FEey7kb_kJkmVqw": {
          "key": "_q_W25f_FEey7kb_kJkmVqw",
          "name": "userId",
          "type": null,
          "probability": 1,
          "modifiers": [
            "private"
          ],
          "to_variable": {
            "key": "_q_YE8v_FEey7kb_kJkmVqw",
            "name": "userId",
            "type": null,
            "modifiers": [
              "private"
            ],
            "position": {}
          },
          "position": {}
        },
        "_q_W25v_FEey7kb_kJkmVqw": {
          "key": "_q_W25v_FEey7kb_kJkmVqw",
          "name": "registedAt",
          "type": null,
          "probability": 1,
          "modifiers": [
            "private"
          ],
          "to_variable": {
            "key": "_q_YE8__FEey7kb_kJkmVqw",
            "name": "registedAt",
            "type": null,
            "modifiers": [
              "private"
            ],
            "position": {}
          },
          "position": {}
        }
      }
    },
    "fields_to_fields_data_clump-./Device-_q_W23P_FEey7kb_kJkmVqw-_q_YFAP_FEey7kb_kJkmVqw-fcmTokendeviceTypedescriptionactiveuserId": {
      "type": "data_clump",
      "key": "fields_to_fields_data_clump-./Device-_q_W23P_FEey7kb_kJkmVqw-_q_YFAP_FEey7kb_kJkmVqw-fcmTokendeviceTypedescriptionactiveuserId",
      "probability": 1,
      "from_file_path": "./Device",
      "from_class_or_interface_name": "Device",
      "from_class_or_interface_key": "_q_W23P_FEey7kb_kJkmVqw",
      "from_method_name": null,
      "from_method_key": null,
      "to_file_path": "./RegisterDeviceCmd",
      "to_class_or_interface_key": "_q_YFAP_FEey7kb_kJkmVqw",
      "to_class_or_interface_name": "Device",
      "to_method_key": null,
      "to_method_name": null,
      "data_clump_type": "fields_to_fields_data_clump",
      "data_clump_data": {
        "_q_W24f_FEey7kb_kJkmVqw": {
          "key": "_q_W24f_FEey7kb_kJkmVqw",
          "name": "fcmToken",
          "type": null,
          "probability": 1,
          "modifiers": [
            "private"
          ],
          "to_variable": {
            "key": "_q_YFAf_FEey7kb_kJkmVqw",
            "name": "fcmToken",
            "type": null,
            "modifiers": [
              "private"
            ],
            "position": {}
          },
          "position": {}
        },
        "_q_W24v_FEey7kb_kJkmVqw": {
          "key": "_q_W24v_FEey7kb_kJkmVqw",
          "name": "deviceType",
          "type": null,
          "probability": 1,
          "modifiers": [
            "private"
          ],
          "to_variable": {
            "key": "_q_YFAv_FEey7kb_kJkmVqw",
            "name": "deviceType",
            "type": null,
            "modifiers": [
              "private"
            ],
            "position": {}
          },
          "position": {}
        },
        "_q_W24__FEey7kb_kJkmVqw": {
          "key": "_q_W24__FEey7kb_kJkmVqw",
          "name": "description",
          "type": null,
          "probability": 1,
          "modifiers": [
            "private"
          ],
          "to_variable": {
            "key": "_q_YFA__FEey7kb_kJkmVqw",
            "name": "description",
            "type": null,
            "modifiers": [
              "private"
            ],
            "position": {}
          },
          "position": {}
        },
        "_q_W25P_FEey7kb_kJkmVqw": {
          "key": "_q_W25P_FEey7kb_kJkmVqw",
          "name": "active",
          "type": null,
          "probability": 1,
          "modifiers": [
            "private"
          ],
          "to_variable": {
            "key": "_q_YFBP_FEey7kb_kJkmVqw",
            "name": "active",
            "type": null,
            "modifiers": [
              "private"
            ],
            "position": {}
          },
          "position": {}
        },
        "_q_W25f_FEey7kb_kJkmVqw": {
          "key": "_q_W25f_FEey7kb_kJkmVqw",
          "name": "userId",
          "type": null,
          "probability": 1,
          "modifiers": [
            "private"
          ],
          "to_variable": {
            "key": "_q_YFBf_FEey7kb_kJkmVqw",
            "name": "userId",
            "type": null,
            "modifiers": [
              "private"
            ],
            "position": {}
          },
          "position": {}
        }
      }
    },
    "fields_to_fields_data_clump-./Device-_q_W23P_FEey7kb_kJkmVqw-_q_W3Dv_FEey7kb_kJkmVqw-iddescriptionactive": {
      "type": "data_clump",
      "key": "fields_to_fields_data_clump-./Device-_q_W23P_FEey7kb_kJkmVqw-_q_W3Dv_FEey7kb_kJkmVqw-iddescriptionactive",
      "probability": 1,
      "from_file_path": "./Device",
      "from_class_or_interface_name": "Device",
      "from_class_or_interface_key": "_q_W23P_FEey7kb_kJkmVqw",
      "from_method_name": null,
      "from_method_key": null,
      "to_file_path": "./Template",
      "to_class_or_interface_key": "_q_W3Dv_FEey7kb_kJkmVqw",
      "to_class_or_interface_name": "Device",
      "to_method_key": null,
      "to_method_name": null,
      "data_clump_type": "fields_to_fields_data_clump",
      "data_clump_data": {
        "_q_W24P_FEey7kb_kJkmVqw": {
          "key": "_q_W24P_FEey7kb_kJkmVqw",
          "name": "id",
          "type": null,
          "probability": 1,
          "modifiers": [
            "private"
          ],
          "to_variable": {
            "key": "_q_W3Ev_FEey7kb_kJkmVqw",
            "name": "id",
            "type": null,
            "modifiers": [
              "private"
            ],
            "position": {}
          },
          "position": {}
        },
        "_q_W24__FEey7kb_kJkmVqw": {
          "key": "_q_W24__FEey7kb_kJkmVqw",
          "name": "description",
          "type": null,
          "probability": 1,
          "modifiers": [
            "private"
          ],
          "to_variable": {
            "key": "_q_W3Fv_FEey7kb_kJkmVqw",
            "name": "description",
            "type": null,
            "modifiers": [
              "private"
            ],
            "position": {}
          },
          "position": {}
        },
        "_q_W25P_FEey7kb_kJkmVqw": {
          "key": "_q_W25P_FEey7kb_kJkmVqw",
          "name": "active",
          "type": null,
          "probability": 1,
          "modifiers": [
            "private"
          ],
          "to_variable": {
            "key": "_q_W3Hv_FEey7kb_kJkmVqw",
            "name": "active",
            "type": null,
            "modifiers": [
              "private"
            ],
            "position": {}
          },
          "position": {}
        }
      }
    },
    "fields_to_fields_data_clump-./Device-_q_W23P_FEey7kb_kJkmVqw-_q_YFL__FEey7kb_kJkmVqw-iddescriptionactive": {
      "type": "data_clump",
      "key": "fields_to_fields_data_clump-./Device-_q_W23P_FEey7kb_kJkmVqw-_q_YFL__FEey7kb_kJkmVqw-iddescriptionactive",
      "probability": 1,
      "from_file_path": "./Device",
      "from_class_or_interface_name": "Device",
      "from_class_or_interface_key": "_q_W23P_FEey7kb_kJkmVqw",
      "from_method_name": null,
      "from_method_key": null,
      "to_file_path": "./TemplateInfo",
      "to_class_or_interface_key": "_q_YFL__FEey7kb_kJkmVqw",
      "to_class_or_interface_name": "Device",
      "to_method_key": null,
      "to_method_name": null,
      "data_clump_type": "fields_to_fields_data_clump",
      "data_clump_data": {
        "_q_W24P_FEey7kb_kJkmVqw": {
          "key": "_q_W24P_FEey7kb_kJkmVqw",
          "name": "id",
          "type": null,
          "probability": 1,
          "modifiers": [
            "private"
          ],
          "to_variable": {
            "key": "_q_YFMP_FEey7kb_kJkmVqw",
            "name": "id",
            "type": null,
            "modifiers": [
              "private"
            ],
            "position": {}
          },
          "position": {}
        },
        "_q_W24__FEey7kb_kJkmVqw": {
          "key": "_q_W24__FEey7kb_kJkmVqw",
          "name": "description",
          "type": null,
          "probability": 1,
          "modifiers": [
            "private"
          ],
          "to_variable": {
            "key": "_q_YFNP_FEey7kb_kJkmVqw",
            "name": "description",
            "type": null,
            "modifiers": [
              "private"
            ],
            "position": {}
          },
          "position": {}
        },
        "_q_W25P_FEey7kb_kJkmVqw": {
          "key": "_q_W25P_FEey7kb_kJkmVqw",
          "name": "active",
          "type": null,
          "probability": 1,
          "modifiers": [
            "private"
          ],
          "to_variable": {
            "key": "_q_YFPP_FEey7kb_kJkmVqw",
            "name": "active",
            "type": null,
            "modifiers": [
              "private"
            ],
            "position": {}
          },
          "position": {}
        }
      }
    },
    "fields_to_fields_data_clump-./DeviceInfo-_q_XeSv_FEey7kb_kJkmVqw-_q_W23P_FEey7kb_kJkmVqw-idfcmTokendeviceTypedescriptionactiveuserIdregistedAt": {
      "type": "data_clump",
      "key": "fields_to_fields_data_clump-./DeviceInfo-_q_XeSv_FEey7kb_kJkmVqw-_q_W23P_FEey7kb_kJkmVqw-idfcmTokendeviceTypedescriptionactiveuserIdregistedAt",
      "probability": 1,
      "from_file_path": "./DeviceInfo",
      "from_class_or_interface_name": "DeviceInfo",
      "from_class_or_interface_key": "_q_XeSv_FEey7kb_kJkmVqw",
      "from_method_name": null,
      "from_method_key": null,
      "to_file_path": "./Device",
      "to_class_or_interface_key": "_q_W23P_FEey7kb_kJkmVqw",
      "to_class_or_interface_name": "DeviceInfo",
      "to_method_key": null,
      "to_method_name": null,
      "data_clump_type": "fields_to_fields_data_clump",
      "data_clump_data": {
        "_q_XeS__FEey7kb_kJkmVqw": {
          "key": "_q_XeS__FEey7kb_kJkmVqw",
          "name": "id",
          "type": null,
          "probability": 1,
          "modifiers": [
            "private"
          ],
          "to_variable": {
            "key": "_q_W24P_FEey7kb_kJkmVqw",
            "name": "id",
            "type": null,
            "modifiers": [
              "private"
            ],
            "position": {}
          },
          "position": {}
        },
        "_q_XeTP_FEey7kb_kJkmVqw": {
          "key": "_q_XeTP_FEey7kb_kJkmVqw",
          "name": "fcmToken",
          "type": null,
          "probability": 1,
          "modifiers": [
            "private"
          ],
          "to_variable": {
            "key": "_q_W24f_FEey7kb_kJkmVqw",
            "name": "fcmToken",
            "type": null,
            "modifiers": [
              "private"
            ],
            "position": {}
          },
          "position": {}
        },
        "_q_XeTf_FEey7kb_kJkmVqw": {
          "key": "_q_XeTf_FEey7kb_kJkmVqw",
          "name": "deviceType",
          "type": null,
          "probability": 1,
          "modifiers": [
            "private"
          ],
          "to_variable": {
            "key": "_q_W24v_FEey7kb_kJkmVqw",
            "name": "deviceType",
            "type": null,
            "modifiers": [
              "private"
            ],
            "position": {}
          },
          "position": {}
        },
        "_q_YE8P_FEey7kb_kJkmVqw": {
          "key": "_q_YE8P_FEey7kb_kJkmVqw",
          "name": "description",
          "type": null,
          "probability": 1,
          "modifiers": [
            "private"
          ],
          "to_variable": {
            "key": "_q_W24__FEey7kb_kJkmVqw",
            "name": "description",
            "type": null,
            "modifiers": [
              "private"
            ],
            "position": {}
          },
          "position": {}
        },
        "_q_YE8f_FEey7kb_kJkmVqw": {
          "key": "_q_YE8f_FEey7kb_kJkmVqw",
          "name": "active",
          "type": null,
          "probability": 1,
          "modifiers": [
            "private"
          ],
          "to_variable": {
            "key": "_q_W25P_FEey7kb_kJkmVqw",
            "name": "active",
            "type": null,
            "modifiers": [
              "private"
            ],
            "position": {}
          },
          "position": {}
        },
        "_q_YE8v_FEey7kb_kJkmVqw": {
          "key": "_q_YE8v_FEey7kb_kJkmVqw",
          "name": "userId",
          "type": null,
          "probability": 1,
          "modifiers": [
            "private"
          ],
          "to_variable": {
            "key": "_q_W25f_FEey7kb_kJkmVqw",
            "name": "userId",
            "type": null,
            "modifiers": [
              "private"
            ],
            "position": {}
          },
          "position": {}
        },
        "_q_YE8__FEey7kb_kJkmVqw": {
          "key": "_q_YE8__FEey7kb_kJkmVqw",
          "name": "registedAt",
          "type": null,
          "probability": 1,
          "modifiers": [
            "private"
          ],
          "to_variable": {
            "key": "_q_W25v_FEey7kb_kJkmVqw",
            "name": "registedAt",
            "type": null,
            "modifiers": [
              "private"
            ],
            "position": {}
          },
          "position": {}
        }
      }
    },
    "fields_to_fields_data_clump-./DeviceInfo-_q_XeSv_FEey7kb_kJkmVqw-_q_YFAP_FEey7kb_kJkmVqw-fcmTokendeviceTypedescriptionactiveuserId": {
      "type": "data_clump",
      "key": "fields_to_fields_data_clump-./DeviceInfo-_q_XeSv_FEey7kb_kJkmVqw-_q_YFAP_FEey7kb_kJkmVqw-fcmTokendeviceTypedescriptionactiveuserId",
      "probability": 1,
      "from_file_path": "./DeviceInfo",
      "from_class_or_interface_name": "DeviceInfo",
      "from_class_or_interface_key": "_q_XeSv_FEey7kb_kJkmVqw",
      "from_method_name": null,
      "from_method_key": null,
      "to_file_path": "./RegisterDeviceCmd",
      "to_class_or_interface_key": "_q_YFAP_FEey7kb_kJkmVqw",
      "to_class_or_interface_name": "DeviceInfo",
      "to_method_key": null,
      "to_method_name": null,
      "data_clump_type": "fields_to_fields_data_clump",
      "data_clump_data": {
        "_q_XeTP_FEey7kb_kJkmVqw": {
          "key": "_q_XeTP_FEey7kb_kJkmVqw",
          "name": "fcmToken",
          "type": null,
          "probability": 1,
          "modifiers": [
            "private"
          ],
          "to_variable": {
            "key": "_q_YFAf_FEey7kb_kJkmVqw",
            "name": "fcmToken",
            "type": null,
            "modifiers": [
              "private"
            ],
            "position": {}
          },
          "position": {}
        },
        "_q_XeTf_FEey7kb_kJkmVqw": {
          "key": "_q_XeTf_FEey7kb_kJkmVqw",
          "name": "deviceType",
          "type": null,
          "probability": 1,
          "modifiers": [
            "private"
          ],
          "to_variable": {
            "key": "_q_YFAv_FEey7kb_kJkmVqw",
            "name": "deviceType",
            "type": null,
            "modifiers": [
              "private"
            ],
            "position": {}
          },
          "position": {}
        },
        "_q_YE8P_FEey7kb_kJkmVqw": {
          "key": "_q_YE8P_FEey7kb_kJkmVqw",
          "name": "description",
          "type": null,
          "probability": 1,
          "modifiers": [
            "private"
          ],
          "to_variable": {
            "key": "_q_YFA__FEey7kb_kJkmVqw",
            "name": "description",
            "type": null,
            "modifiers": [
              "private"
            ],
            "position": {}
          },
          "position": {}
        },
        "_q_YE8f_FEey7kb_kJkmVqw": {
          "key": "_q_YE8f_FEey7kb_kJkmVqw",
          "name": "active",
          "type": null,
          "probability": 1,
          "modifiers": [
            "private"
          ],
          "to_variable": {
            "key": "_q_YFBP_FEey7kb_kJkmVqw",
            "name": "active",
            "type": null,
            "modifiers": [
              "private"
            ],
            "position": {}
          },
          "position": {}
        },
        "_q_YE8v_FEey7kb_kJkmVqw": {
          "key": "_q_YE8v_FEey7kb_kJkmVqw",
          "name": "userId",
          "type": null,
          "probability": 1,
          "modifiers": [
            "private"
          ],
          "to_variable": {
            "key": "_q_YFBf_FEey7kb_kJkmVqw",
            "name": "userId",
            "type": null,
            "modifiers": [
              "private"
            ],
            "position": {}
          },
          "position": {}
        }
      }
    },
    "fields_to_fields_data_clump-./DeviceInfo-_q_XeSv_FEey7kb_kJkmVqw-_q_W3Dv_FEey7kb_kJkmVqw-iddescriptionactive": {
      "type": "data_clump",
      "key": "fields_to_fields_data_clump-./DeviceInfo-_q_XeSv_FEey7kb_kJkmVqw-_q_W3Dv_FEey7kb_kJkmVqw-iddescriptionactive",
      "probability": 1,
      "from_file_path": "./DeviceInfo",
      "from_class_or_interface_name": "DeviceInfo",
      "from_class_or_interface_key": "_q_XeSv_FEey7kb_kJkmVqw",
      "from_method_name": null,
      "from_method_key": null,
      "to_file_path": "./Template",
      "to_class_or_interface_key": "_q_W3Dv_FEey7kb_kJkmVqw",
      "to_class_or_interface_name": "DeviceInfo",
      "to_method_key": null,
      "to_method_name": null,
      "data_clump_type": "fields_to_fields_data_clump",
      "data_clump_data": {
        "_q_XeS__FEey7kb_kJkmVqw": {
          "key": "_q_XeS__FEey7kb_kJkmVqw",
          "name": "id",
          "type": null,
          "probability": 1,
          "modifiers": [
            "private"
          ],
          "to_variable": {
            "key": "_q_W3Ev_FEey7kb_kJkmVqw",
            "name": "id",
            "type": null,
            "modifiers": [
              "private"
            ],
            "position": {}
          },
          "position": {}
        },
        "_q_YE8P_FEey7kb_kJkmVqw": {
          "key": "_q_YE8P_FEey7kb_kJkmVqw",
          "name": "description",
          "type": null,
          "probability": 1,
          "modifiers": [
            "private"
          ],
          "to_variable": {
            "key": "_q_W3Fv_FEey7kb_kJkmVqw",
            "name": "description",
            "type": null,
            "modifiers": [
              "private"
            ],
            "position": {}
          },
          "position": {}
        },
        "_q_YE8f_FEey7kb_kJkmVqw": {
          "key": "_q_YE8f_FEey7kb_kJkmVqw",
          "name": "active",
          "type": null,
          "probability": 1,
          "modifiers": [
            "private"
          ],
          "to_variable": {
            "key": "_q_W3Hv_FEey7kb_kJkmVqw",
            "name": "active",
            "type": null,
            "modifiers": [
              "private"
            ],
            "position": {}
          },
          "position": {}
        }
      }
    },
    "fields_to_fields_data_clump-./DeviceInfo-_q_XeSv_FEey7kb_kJkmVqw-_q_YFL__FEey7kb_kJkmVqw-iddescriptionactive": {
      "type": "data_clump",
      "key": "fields_to_fields_data_clump-./DeviceInfo-_q_XeSv_FEey7kb_kJkmVqw-_q_YFL__FEey7kb_kJkmVqw-iddescriptionactive",
      "probability": 1,
      "from_file_path": "./DeviceInfo",
      "from_class_or_interface_name": "DeviceInfo",
      "from_class_or_interface_key": "_q_XeSv_FEey7kb_kJkmVqw",
      "from_method_name": null,
      "from_method_key": null,
      "to_file_path": "./TemplateInfo",
      "to_class_or_interface_key": "_q_YFL__FEey7kb_kJkmVqw",
      "to_class_or_interface_name": "DeviceInfo",
      "to_method_key": null,
      "to_method_name": null,
      "data_clump_type": "fields_to_fields_data_clump",
      "data_clump_data": {
        "_q_XeS__FEey7kb_kJkmVqw": {
          "key": "_q_XeS__FEey7kb_kJkmVqw",
          "name": "id",
          "type": null,
          "probability": 1,
          "modifiers": [
            "private"
          ],
          "to_variable": {
            "key": "_q_YFMP_FEey7kb_kJkmVqw",
            "name": "id",
            "type": null,
            "modifiers": [
              "private"
            ],
            "position": {}
          },
          "position": {}
        },
        "_q_YE8P_FEey7kb_kJkmVqw": {
          "key": "_q_YE8P_FEey7kb_kJkmVqw",
          "name": "description",
          "type": null,
          "probability": 1,
          "modifiers": [
            "private"
          ],
          "to_variable": {
            "key": "_q_YFNP_FEey7kb_kJkmVqw",
            "name": "description",
            "type": null,
            "modifiers": [
              "private"
            ],
            "position": {}
          },
          "position": {}
        },
        "_q_YE8f_FEey7kb_kJkmVqw": {
          "key": "_q_YE8f_FEey7kb_kJkmVqw",
          "name": "active",
          "type": null,
          "probability": 1,
          "modifiers": [
            "private"
          ],
          "to_variable": {
            "key": "_q_YFPP_FEey7kb_kJkmVqw",
            "name": "active",
            "type": null,
            "modifiers": [
              "private"
            ],
            "position": {}
          },
          "position": {}
        }
      }
    },
    "fields_to_fields_data_clump-./Notification-_q_W26f_FEey7kb_kJkmVqw-_q_ZTVf_FEey7kb_kJkmVqw-idtitlemessageimageicontopictemplateCodedataserviceCodewebPushandroidPushapnsPush": {
      "type": "data_clump",
      "key": "fields_to_fields_data_clump-./Notification-_q_W26f_FEey7kb_kJkmVqw-_q_ZTVf_FEey7kb_kJkmVqw-idtitlemessageimageicontopictemplateCodedataserviceCodewebPushandroidPushapnsPush",
      "probability": 1,
      "from_file_path": "./Notification",
      "from_class_or_interface_name": "Notification",
      "from_class_or_interface_key": "_q_W26f_FEey7kb_kJkmVqw",
      "from_method_name": null,
      "from_method_key": null,
      "to_file_path": "./NotificationInfo",
      "to_class_or_interface_key": "_q_ZTVf_FEey7kb_kJkmVqw",
      "to_class_or_interface_name": "Notification",
      "to_method_key": null,
      "to_method_name": null,
      "data_clump_type": "fields_to_fields_data_clump",
      "data_clump_data": {
        "_q_W27f_FEey7kb_kJkmVqw": {
          "key": "_q_W27f_FEey7kb_kJkmVqw",
          "name": "id",
          "type": null,
          "probability": 1,
          "modifiers": [
            "private"
          ],
          "to_variable": {
            "key": "_q_ZTVv_FEey7kb_kJkmVqw",
            "name": "id",
            "type": null,
            "modifiers": [
              "private"
            ],
            "position": {}
          },
          "position": {}
        },
        "_q_W27v_FEey7kb_kJkmVqw": {
          "key": "_q_W27v_FEey7kb_kJkmVqw",
          "name": "title",
          "type": null,
          "probability": 1,
          "modifiers": [
            "private"
          ],
          "to_variable": {
            "key": "_q_ZTV__FEey7kb_kJkmVqw",
            "name": "title",
            "type": null,
            "modifiers": [
              "private"
            ],
            "position": {}
          },
          "position": {}
        },
        "_q_W27__FEey7kb_kJkmVqw": {
          "key": "_q_W27__FEey7kb_kJkmVqw",
          "name": "message",
          "type": null,
          "probability": 1,
          "modifiers": [
            "private"
          ],
          "to_variable": {
            "key": "_q_ZTWP_FEey7kb_kJkmVqw",
            "name": "message",
            "type": null,
            "modifiers": [
              "private"
            ],
            "position": {}
          },
          "position": {}
        },
        "_q_W28P_FEey7kb_kJkmVqw": {
          "key": "_q_W28P_FEey7kb_kJkmVqw",
          "name": "image",
          "type": null,
          "probability": 1,
          "modifiers": [
            "private"
          ],
          "to_variable": {
            "key": "_q_ZTWf_FEey7kb_kJkmVqw",
            "name": "image",
            "type": null,
            "modifiers": [
              "private"
            ],
            "position": {}
          },
          "position": {}
        },
        "_q_W28f_FEey7kb_kJkmVqw": {
          "key": "_q_W28f_FEey7kb_kJkmVqw",
          "name": "icon",
          "type": null,
          "probability": 1,
          "modifiers": [
            "private"
          ],
          "to_variable": {
            "key": "_q_ZTWv_FEey7kb_kJkmVqw",
            "name": "icon",
            "type": null,
            "modifiers": [
              "private"
            ],
            "position": {}
          },
          "position": {}
        },
        "_q_W28v_FEey7kb_kJkmVqw": {
          "key": "_q_W28v_FEey7kb_kJkmVqw",
          "name": "topic",
          "type": null,
          "probability": 1,
          "modifiers": [
            "private"
          ],
          "to_variable": {
            "key": "_q_ZTW__FEey7kb_kJkmVqw",
            "name": "topic",
            "type": null,
            "modifiers": [
              "private"
            ],
            "position": {}
          },
          "position": {}
        },
        "_q_W28__FEey7kb_kJkmVqw": {
          "key": "_q_W28__FEey7kb_kJkmVqw",
          "name": "templateCode",
          "type": null,
          "probability": 1,
          "modifiers": [
            "private"
          ],
          "to_variable": {
            "key": "_q_ZTXP_FEey7kb_kJkmVqw",
            "name": "templateCode",
            "type": null,
            "modifiers": [
              "private"
            ],
            "position": {}
          },
          "position": {}
        },
        "_q_W29P_FEey7kb_kJkmVqw": {
          "key": "_q_W29P_FEey7kb_kJkmVqw",
          "name": "data",
          "type": null,
          "probability": 1,
          "modifiers": [
            "private"
          ],
          "to_variable": {
            "key": "_q_ZTXf_FEey7kb_kJkmVqw",
            "name": "data",
            "type": null,
            "modifiers": [
              "private"
            ],
            "position": {}
          },
          "position": {}
        },
        "_q_W29f_FEey7kb_kJkmVqw": {
          "key": "_q_W29f_FEey7kb_kJkmVqw",
          "name": "serviceCode",
          "type": null,
          "probability": 1,
          "modifiers": [
            "private"
          ],
          "to_variable": {
            "key": "_q_ZTXv_FEey7kb_kJkmVqw",
            "name": "serviceCode",
            "type": null,
            "modifiers": [
              "private"
            ],
            "position": {}
          },
          "position": {}
        },
        "_q_W29v_FEey7kb_kJkmVqw": {
          "key": "_q_W29v_FEey7kb_kJkmVqw",
          "name": "webPush",
          "type": null,
          "probability": 1,
          "modifiers": [
            "private"
          ],
          "to_variable": {
            "key": "_q_ZTX__FEey7kb_kJkmVqw",
            "name": "webPush",
            "type": null,
            "modifiers": [
              "private"
            ],
            "position": {}
          },
          "position": {}
        },
        "_q_W2-P_FEey7kb_kJkmVqw": {
          "key": "_q_W2-P_FEey7kb_kJkmVqw",
          "name": "androidPush",
          "type": null,
          "probability": 1,
          "modifiers": [
            "private"
          ],
          "to_variable": {
            "key": "_q_ZTYf_FEey7kb_kJkmVqw",
            "name": "androidPush",
            "type": null,
            "modifiers": [
              "private"
            ],
            "position": {}
          },
          "position": {}
        },
        "_q_W2-v_FEey7kb_kJkmVqw": {
          "key": "_q_W2-v_FEey7kb_kJkmVqw",
          "name": "apnsPush",
          "type": null,
          "probability": 1,
          "modifiers": [
            "private"
          ],
          "to_variable": {
            "key": "_q_ZTY__FEey7kb_kJkmVqw",
            "name": "apnsPush",
            "type": null,
            "modifiers": [
              "private"
            ],
            "position": {}
          },
          "position": {}
        }
      }
    },
    "fields_to_fields_data_clump-./Notification-_q_W26f_FEey7kb_kJkmVqw-_q_W3Dv_FEey7kb_kJkmVqw-idserviceCodewebPushandroidPushapnsPush": {
      "type": "data_clump",
      "key": "fields_to_fields_data_clump-./Notification-_q_W26f_FEey7kb_kJkmVqw-_q_W3Dv_FEey7kb_kJkmVqw-idserviceCodewebPushandroidPushapnsPush",
      "probability": 1,
      "from_file_path": "./Notification",
      "from_class_or_interface_name": "Notification",
      "from_class_or_interface_key": "_q_W26f_FEey7kb_kJkmVqw",
      "from_method_name": null,
      "from_method_key": null,
      "to_file_path": "./Template",
      "to_class_or_interface_key": "_q_W3Dv_FEey7kb_kJkmVqw",
      "to_class_or_interface_name": "Notification",
      "to_method_key": null,
      "to_method_name": null,
      "data_clump_type": "fields_to_fields_data_clump",
      "data_clump_data": {
        "_q_W27f_FEey7kb_kJkmVqw": {
          "key": "_q_W27f_FEey7kb_kJkmVqw",
          "name": "id",
          "type": null,
          "probability": 1,
          "modifiers": [
            "private"
          ],
          "to_variable": {
            "key": "_q_W3Ev_FEey7kb_kJkmVqw",
            "name": "id",
            "type": null,
            "modifiers": [
              "private"
            ],
            "position": {}
          },
          "position": {}
        },
        "_q_W29f_FEey7kb_kJkmVqw": {
          "key": "_q_W29f_FEey7kb_kJkmVqw",
          "name": "serviceCode",
          "type": null,
          "probability": 1,
          "modifiers": [
            "private"
          ],
          "to_variable": {
            "key": "_q_W3F__FEey7kb_kJkmVqw",
            "name": "serviceCode",
            "type": null,
            "modifiers": [
              "private"
            ],
            "position": {}
          },
          "position": {}
        },
        "_q_W29v_FEey7kb_kJkmVqw": {
          "key": "_q_W29v_FEey7kb_kJkmVqw",
          "name": "webPush",
          "type": null,
          "probability": 1,
          "modifiers": [
            "private"
          ],
          "to_variable": {
            "key": "_q_W3GP_FEey7kb_kJkmVqw",
            "name": "webPush",
            "type": null,
            "modifiers": [
              "private"
            ],
            "position": {}
          },
          "position": {}
        },
        "_q_W2-P_FEey7kb_kJkmVqw": {
          "key": "_q_W2-P_FEey7kb_kJkmVqw",
          "name": "androidPush",
          "type": null,
          "probability": 1,
          "modifiers": [
            "private"
          ],
          "to_variable": {
            "key": "_q_W3Gv_FEey7kb_kJkmVqw",
            "name": "androidPush",
            "type": null,
            "modifiers": [
              "private"
            ],
            "position": {}
          },
          "position": {}
        },
        "_q_W2-v_FEey7kb_kJkmVqw": {
          "key": "_q_W2-v_FEey7kb_kJkmVqw",
          "name": "apnsPush",
          "type": null,
          "probability": 1,
          "modifiers": [
            "private"
          ],
          "to_variable": {
            "key": "_q_W3HP_FEey7kb_kJkmVqw",
            "name": "apnsPush",
            "type": null,
            "modifiers": [
              "private"
            ],
            "position": {}
          },
          "position": {}
        }
      }
    },
    "fields_to_fields_data_clump-./Notification-_q_W26f_FEey7kb_kJkmVqw-_q_YFL__FEey7kb_kJkmVqw-idserviceCodewebPushandroidPushapnsPush": {
      "type": "data_clump",
      "key": "fields_to_fields_data_clump-./Notification-_q_W26f_FEey7kb_kJkmVqw-_q_YFL__FEey7kb_kJkmVqw-idserviceCodewebPushandroidPushapnsPush",
      "probability": 1,
      "from_file_path": "./Notification",
      "from_class_or_interface_name": "Notification",
      "from_class_or_interface_key": "_q_W26f_FEey7kb_kJkmVqw",
      "from_method_name": null,
      "from_method_key": null,
      "to_file_path": "./TemplateInfo",
      "to_class_or_interface_key": "_q_YFL__FEey7kb_kJkmVqw",
      "to_class_or_interface_name": "Notification",
      "to_method_key": null,
      "to_method_name": null,
      "data_clump_type": "fields_to_fields_data_clump",
      "data_clump_data": {
        "_q_W27f_FEey7kb_kJkmVqw": {
          "key": "_q_W27f_FEey7kb_kJkmVqw",
          "name": "id",
          "type": null,
          "probability": 1,
          "modifiers": [
            "private"
          ],
          "to_variable": {
            "key": "_q_YFMP_FEey7kb_kJkmVqw",
            "name": "id",
            "type": null,
            "modifiers": [
              "private"
            ],
            "position": {}
          },
          "position": {}
        },
        "_q_W29f_FEey7kb_kJkmVqw": {
          "key": "_q_W29f_FEey7kb_kJkmVqw",
          "name": "serviceCode",
          "type": null,
          "probability": 1,
          "modifiers": [
            "private"
          ],
          "to_variable": {
            "key": "_q_YFNf_FEey7kb_kJkmVqw",
            "name": "serviceCode",
            "type": null,
            "modifiers": [
              "private"
            ],
            "position": {}
          },
          "position": {}
        },
        "_q_W29v_FEey7kb_kJkmVqw": {
          "key": "_q_W29v_FEey7kb_kJkmVqw",
          "name": "webPush",
          "type": null,
          "probability": 1,
          "modifiers": [
            "private"
          ],
          "to_variable": {
            "key": "_q_YFNv_FEey7kb_kJkmVqw",
            "name": "webPush",
            "type": null,
            "modifiers": [
              "private"
            ],
            "position": {}
          },
          "position": {}
        },
        "_q_W2-P_FEey7kb_kJkmVqw": {
          "key": "_q_W2-P_FEey7kb_kJkmVqw",
          "name": "androidPush",
          "type": null,
          "probability": 1,
          "modifiers": [
            "private"
          ],
          "to_variable": {
            "key": "_q_YFOP_FEey7kb_kJkmVqw",
            "name": "androidPush",
            "type": null,
            "modifiers": [
              "private"
            ],
            "position": {}
          },
          "position": {}
        },
        "_q_W2-v_FEey7kb_kJkmVqw": {
          "key": "_q_W2-v_FEey7kb_kJkmVqw",
          "name": "apnsPush",
          "type": null,
          "probability": 1,
          "modifiers": [
            "private"
          ],
          "to_variable": {
            "key": "_q_YFOv_FEey7kb_kJkmVqw",
            "name": "apnsPush",
            "type": null,
            "modifiers": [
              "private"
            ],
            "position": {}
          },
          "position": {}
        }
      }
    },
    "fields_to_fields_data_clump-./NotificationInfo-_q_ZTVf_FEey7kb_kJkmVqw-_q_W26f_FEey7kb_kJkmVqw-idtitlemessageimageicontopictemplateCodedataserviceCodewebPushandroidPushapnsPush": {
      "type": "data_clump",
      "key": "fields_to_fields_data_clump-./NotificationInfo-_q_ZTVf_FEey7kb_kJkmVqw-_q_W26f_FEey7kb_kJkmVqw-idtitlemessageimageicontopictemplateCodedataserviceCodewebPushandroidPushapnsPush",
      "probability": 1,
      "from_file_path": "./NotificationInfo",
      "from_class_or_interface_name": "NotificationInfo",
      "from_class_or_interface_key": "_q_ZTVf_FEey7kb_kJkmVqw",
      "from_method_name": null,
      "from_method_key": null,
      "to_file_path": "./Notification",
      "to_class_or_interface_key": "_q_W26f_FEey7kb_kJkmVqw",
      "to_class_or_interface_name": "NotificationInfo",
      "to_method_key": null,
      "to_method_name": null,
      "data_clump_type": "fields_to_fields_data_clump",
      "data_clump_data": {
        "_q_ZTVv_FEey7kb_kJkmVqw": {
          "key": "_q_ZTVv_FEey7kb_kJkmVqw",
          "name": "id",
          "type": null,
          "probability": 1,
          "modifiers": [
            "private"
          ],
          "to_variable": {
            "key": "_q_W27f_FEey7kb_kJkmVqw",
            "name": "id",
            "type": null,
            "modifiers": [
              "private"
            ],
            "position": {}
          },
          "position": {}
        },
        "_q_ZTV__FEey7kb_kJkmVqw": {
          "key": "_q_ZTV__FEey7kb_kJkmVqw",
          "name": "title",
          "type": null,
          "probability": 1,
          "modifiers": [
            "private"
          ],
          "to_variable": {
            "key": "_q_W27v_FEey7kb_kJkmVqw",
            "name": "title",
            "type": null,
            "modifiers": [
              "private"
            ],
            "position": {}
          },
          "position": {}
        },
        "_q_ZTWP_FEey7kb_kJkmVqw": {
          "key": "_q_ZTWP_FEey7kb_kJkmVqw",
          "name": "message",
          "type": null,
          "probability": 1,
          "modifiers": [
            "private"
          ],
          "to_variable": {
            "key": "_q_W27__FEey7kb_kJkmVqw",
            "name": "message",
            "type": null,
            "modifiers": [
              "private"
            ],
            "position": {}
          },
          "position": {}
        },
        "_q_ZTWf_FEey7kb_kJkmVqw": {
          "key": "_q_ZTWf_FEey7kb_kJkmVqw",
          "name": "image",
          "type": null,
          "probability": 1,
          "modifiers": [
            "private"
          ],
          "to_variable": {
            "key": "_q_W28P_FEey7kb_kJkmVqw",
            "name": "image",
            "type": null,
            "modifiers": [
              "private"
            ],
            "position": {}
          },
          "position": {}
        },
        "_q_ZTWv_FEey7kb_kJkmVqw": {
          "key": "_q_ZTWv_FEey7kb_kJkmVqw",
          "name": "icon",
          "type": null,
          "probability": 1,
          "modifiers": [
            "private"
          ],
          "to_variable": {
            "key": "_q_W28f_FEey7kb_kJkmVqw",
            "name": "icon",
            "type": null,
            "modifiers": [
              "private"
            ],
            "position": {}
          },
          "position": {}
        },
        "_q_ZTW__FEey7kb_kJkmVqw": {
          "key": "_q_ZTW__FEey7kb_kJkmVqw",
          "name": "topic",
          "type": null,
          "probability": 1,
          "modifiers": [
            "private"
          ],
          "to_variable": {
            "key": "_q_W28v_FEey7kb_kJkmVqw",
            "name": "topic",
            "type": null,
            "modifiers": [
              "private"
            ],
            "position": {}
          },
          "position": {}
        },
        "_q_ZTXP_FEey7kb_kJkmVqw": {
          "key": "_q_ZTXP_FEey7kb_kJkmVqw",
          "name": "templateCode",
          "type": null,
          "probability": 1,
          "modifiers": [
            "private"
          ],
          "to_variable": {
            "key": "_q_W28__FEey7kb_kJkmVqw",
            "name": "templateCode",
            "type": null,
            "modifiers": [
              "private"
            ],
            "position": {}
          },
          "position": {}
        },
        "_q_ZTXf_FEey7kb_kJkmVqw": {
          "key": "_q_ZTXf_FEey7kb_kJkmVqw",
          "name": "data",
          "type": null,
          "probability": 1,
          "modifiers": [
            "private"
          ],
          "to_variable": {
            "key": "_q_W29P_FEey7kb_kJkmVqw",
            "name": "data",
            "type": null,
            "modifiers": [
              "private"
            ],
            "position": {}
          },
          "position": {}
        },
        "_q_ZTXv_FEey7kb_kJkmVqw": {
          "key": "_q_ZTXv_FEey7kb_kJkmVqw",
          "name": "serviceCode",
          "type": null,
          "probability": 1,
          "modifiers": [
            "private"
          ],
          "to_variable": {
            "key": "_q_W29f_FEey7kb_kJkmVqw",
            "name": "serviceCode",
            "type": null,
            "modifiers": [
              "private"
            ],
            "position": {}
          },
          "position": {}
        },
        "_q_ZTX__FEey7kb_kJkmVqw": {
          "key": "_q_ZTX__FEey7kb_kJkmVqw",
          "name": "webPush",
          "type": null,
          "probability": 1,
          "modifiers": [
            "private"
          ],
          "to_variable": {
            "key": "_q_W29v_FEey7kb_kJkmVqw",
            "name": "webPush",
            "type": null,
            "modifiers": [
              "private"
            ],
            "position": {}
          },
          "position": {}
        },
        "_q_ZTYf_FEey7kb_kJkmVqw": {
          "key": "_q_ZTYf_FEey7kb_kJkmVqw",
          "name": "androidPush",
          "type": null,
          "probability": 1,
          "modifiers": [
            "private"
          ],
          "to_variable": {
            "key": "_q_W2-P_FEey7kb_kJkmVqw",
            "name": "androidPush",
            "type": null,
            "modifiers": [
              "private"
            ],
            "position": {}
          },
          "position": {}
        },
        "_q_ZTY__FEey7kb_kJkmVqw": {
          "key": "_q_ZTY__FEey7kb_kJkmVqw",
          "name": "apnsPush",
          "type": null,
          "probability": 1,
          "modifiers": [
            "private"
          ],
          "to_variable": {
            "key": "_q_W2-v_FEey7kb_kJkmVqw",
            "name": "apnsPush",
            "type": null,
            "modifiers": [
              "private"
            ],
            "position": {}
          },
          "position": {}
        }
      }
    },
    "fields_to_fields_data_clump-./NotificationInfo-_q_ZTVf_FEey7kb_kJkmVqw-_q_W3Dv_FEey7kb_kJkmVqw-idserviceCodewebPushandroidPushapnsPush": {
      "type": "data_clump",
      "key": "fields_to_fields_data_clump-./NotificationInfo-_q_ZTVf_FEey7kb_kJkmVqw-_q_W3Dv_FEey7kb_kJkmVqw-idserviceCodewebPushandroidPushapnsPush",
      "probability": 1,
      "from_file_path": "./NotificationInfo",
      "from_class_or_interface_name": "NotificationInfo",
      "from_class_or_interface_key": "_q_ZTVf_FEey7kb_kJkmVqw",
      "from_method_name": null,
      "from_method_key": null,
      "to_file_path": "./Template",
      "to_class_or_interface_key": "_q_W3Dv_FEey7kb_kJkmVqw",
      "to_class_or_interface_name": "NotificationInfo",
      "to_method_key": null,
      "to_method_name": null,
      "data_clump_type": "fields_to_fields_data_clump",
      "data_clump_data": {
        "_q_ZTVv_FEey7kb_kJkmVqw": {
          "key": "_q_ZTVv_FEey7kb_kJkmVqw",
          "name": "id",
          "type": null,
          "probability": 1,
          "modifiers": [
            "private"
          ],
          "to_variable": {
            "key": "_q_W3Ev_FEey7kb_kJkmVqw",
            "name": "id",
            "type": null,
            "modifiers": [
              "private"
            ],
            "position": {}
          },
          "position": {}
        },
        "_q_ZTXv_FEey7kb_kJkmVqw": {
          "key": "_q_ZTXv_FEey7kb_kJkmVqw",
          "name": "serviceCode",
          "type": null,
          "probability": 1,
          "modifiers": [
            "private"
          ],
          "to_variable": {
            "key": "_q_W3F__FEey7kb_kJkmVqw",
            "name": "serviceCode",
            "type": null,
            "modifiers": [
              "private"
            ],
            "position": {}
          },
          "position": {}
        },
        "_q_ZTX__FEey7kb_kJkmVqw": {
          "key": "_q_ZTX__FEey7kb_kJkmVqw",
          "name": "webPush",
          "type": null,
          "probability": 1,
          "modifiers": [
            "private"
          ],
          "to_variable": {
            "key": "_q_W3GP_FEey7kb_kJkmVqw",
            "name": "webPush",
            "type": null,
            "modifiers": [
              "private"
            ],
            "position": {}
          },
          "position": {}
        },
        "_q_ZTYf_FEey7kb_kJkmVqw": {
          "key": "_q_ZTYf_FEey7kb_kJkmVqw",
          "name": "androidPush",
          "type": null,
          "probability": 1,
          "modifiers": [
            "private"
          ],
          "to_variable": {
            "key": "_q_W3Gv_FEey7kb_kJkmVqw",
            "name": "androidPush",
            "type": null,
            "modifiers": [
              "private"
            ],
            "position": {}
          },
          "position": {}
        },
        "_q_ZTY__FEey7kb_kJkmVqw": {
          "key": "_q_ZTY__FEey7kb_kJkmVqw",
          "name": "apnsPush",
          "type": null,
          "probability": 1,
          "modifiers": [
            "private"
          ],
          "to_variable": {
            "key": "_q_W3HP_FEey7kb_kJkmVqw",
            "name": "apnsPush",
            "type": null,
            "modifiers": [
              "private"
            ],
            "position": {}
          },
          "position": {}
        }
      }
    },
    "fields_to_fields_data_clump-./NotificationInfo-_q_ZTVf_FEey7kb_kJkmVqw-_q_YFL__FEey7kb_kJkmVqw-idserviceCodewebPushandroidPushapnsPush": {
      "type": "data_clump",
      "key": "fields_to_fields_data_clump-./NotificationInfo-_q_ZTVf_FEey7kb_kJkmVqw-_q_YFL__FEey7kb_kJkmVqw-idserviceCodewebPushandroidPushapnsPush",
      "probability": 1,
      "from_file_path": "./NotificationInfo",
      "from_class_or_interface_name": "NotificationInfo",
      "from_class_or_interface_key": "_q_ZTVf_FEey7kb_kJkmVqw",
      "from_method_name": null,
      "from_method_key": null,
      "to_file_path": "./TemplateInfo",
      "to_class_or_interface_key": "_q_YFL__FEey7kb_kJkmVqw",
      "to_class_or_interface_name": "NotificationInfo",
      "to_method_key": null,
      "to_method_name": null,
      "data_clump_type": "fields_to_fields_data_clump",
      "data_clump_data": {
        "_q_ZTVv_FEey7kb_kJkmVqw": {
          "key": "_q_ZTVv_FEey7kb_kJkmVqw",
          "name": "id",
          "type": null,
          "probability": 1,
          "modifiers": [
            "private"
          ],
          "to_variable": {
            "key": "_q_YFMP_FEey7kb_kJkmVqw",
            "name": "id",
            "type": null,
            "modifiers": [
              "private"
            ],
            "position": {}
          },
          "position": {}
        },
        "_q_ZTXv_FEey7kb_kJkmVqw": {
          "key": "_q_ZTXv_FEey7kb_kJkmVqw",
          "name": "serviceCode",
          "type": null,
          "probability": 1,
          "modifiers": [
            "private"
          ],
          "to_variable": {
            "key": "_q_YFNf_FEey7kb_kJkmVqw",
            "name": "serviceCode",
            "type": null,
            "modifiers": [
              "private"
            ],
            "position": {}
          },
          "position": {}
        },
        "_q_ZTX__FEey7kb_kJkmVqw": {
          "key": "_q_ZTX__FEey7kb_kJkmVqw",
          "name": "webPush",
          "type": null,
          "probability": 1,
          "modifiers": [
            "private"
          ],
          "to_variable": {
            "key": "_q_YFNv_FEey7kb_kJkmVqw",
            "name": "webPush",
            "type": null,
            "modifiers": [
              "private"
            ],
            "position": {}
          },
          "position": {}
        },
        "_q_ZTYf_FEey7kb_kJkmVqw": {
          "key": "_q_ZTYf_FEey7kb_kJkmVqw",
          "name": "androidPush",
          "type": null,
          "probability": 1,
          "modifiers": [
            "private"
          ],
          "to_variable": {
            "key": "_q_YFOP_FEey7kb_kJkmVqw",
            "name": "androidPush",
            "type": null,
            "modifiers": [
              "private"
            ],
            "position": {}
          },
          "position": {}
        },
        "_q_ZTY__FEey7kb_kJkmVqw": {
          "key": "_q_ZTY__FEey7kb_kJkmVqw",
          "name": "apnsPush",
          "type": null,
          "probability": 1,
          "modifiers": [
            "private"
          ],
          "to_variable": {
            "key": "_q_YFOv_FEey7kb_kJkmVqw",
            "name": "apnsPush",
            "type": null,
            "modifiers": [
              "private"
            ],
            "position": {}
          },
          "position": {}
        }
      }
    },
    "fields_to_fields_data_clump-./RegisterDeviceCmd-_q_YFAP_FEey7kb_kJkmVqw-_q_W23P_FEey7kb_kJkmVqw-fcmTokendeviceTypedescriptionactiveuserId": {
      "type": "data_clump",
      "key": "fields_to_fields_data_clump-./RegisterDeviceCmd-_q_YFAP_FEey7kb_kJkmVqw-_q_W23P_FEey7kb_kJkmVqw-fcmTokendeviceTypedescriptionactiveuserId",
      "probability": 1,
      "from_file_path": "./RegisterDeviceCmd",
      "from_class_or_interface_name": "RegisterDeviceCmd",
      "from_class_or_interface_key": "_q_YFAP_FEey7kb_kJkmVqw",
      "from_method_name": null,
      "from_method_key": null,
      "to_file_path": "./Device",
      "to_class_or_interface_key": "_q_W23P_FEey7kb_kJkmVqw",
      "to_class_or_interface_name": "RegisterDeviceCmd",
      "to_method_key": null,
      "to_method_name": null,
      "data_clump_type": "fields_to_fields_data_clump",
      "data_clump_data": {
        "_q_YFAf_FEey7kb_kJkmVqw": {
          "key": "_q_YFAf_FEey7kb_kJkmVqw",
          "name": "fcmToken",
          "type": null,
          "probability": 1,
          "modifiers": [
            "private"
          ],
          "to_variable": {
            "key": "_q_W24f_FEey7kb_kJkmVqw",
            "name": "fcmToken",
            "type": null,
            "modifiers": [
              "private"
            ],
            "position": {}
          },
          "position": {}
        },
        "_q_YFAv_FEey7kb_kJkmVqw": {
          "key": "_q_YFAv_FEey7kb_kJkmVqw",
          "name": "deviceType",
          "type": null,
          "probability": 1,
          "modifiers": [
            "private"
          ],
          "to_variable": {
            "key": "_q_W24v_FEey7kb_kJkmVqw",
            "name": "deviceType",
            "type": null,
            "modifiers": [
              "private"
            ],
            "position": {}
          },
          "position": {}
        },
        "_q_YFA__FEey7kb_kJkmVqw": {
          "key": "_q_YFA__FEey7kb_kJkmVqw",
          "name": "description",
          "type": null,
          "probability": 1,
          "modifiers": [
            "private"
          ],
          "to_variable": {
            "key": "_q_W24__FEey7kb_kJkmVqw",
            "name": "description",
            "type": null,
            "modifiers": [
              "private"
            ],
            "position": {}
          },
          "position": {}
        },
        "_q_YFBP_FEey7kb_kJkmVqw": {
          "key": "_q_YFBP_FEey7kb_kJkmVqw",
          "name": "active",
          "type": null,
          "probability": 1,
          "modifiers": [
            "private"
          ],
          "to_variable": {
            "key": "_q_W25P_FEey7kb_kJkmVqw",
            "name": "active",
            "type": null,
            "modifiers": [
              "private"
            ],
            "position": {}
          },
          "position": {}
        },
        "_q_YFBf_FEey7kb_kJkmVqw": {
          "key": "_q_YFBf_FEey7kb_kJkmVqw",
          "name": "userId",
          "type": null,
          "probability": 1,
          "modifiers": [
            "private"
          ],
          "to_variable": {
            "key": "_q_W25f_FEey7kb_kJkmVqw",
            "name": "userId",
            "type": null,
            "modifiers": [
              "private"
            ],
            "position": {}
          },
          "position": {}
        }
      }
    },
    "fields_to_fields_data_clump-./RegisterDeviceCmd-_q_YFAP_FEey7kb_kJkmVqw-_q_XeSv_FEey7kb_kJkmVqw-fcmTokendeviceTypedescriptionactiveuserId": {
      "type": "data_clump",
      "key": "fields_to_fields_data_clump-./RegisterDeviceCmd-_q_YFAP_FEey7kb_kJkmVqw-_q_XeSv_FEey7kb_kJkmVqw-fcmTokendeviceTypedescriptionactiveuserId",
      "probability": 1,
      "from_file_path": "./RegisterDeviceCmd",
      "from_class_or_interface_name": "RegisterDeviceCmd",
      "from_class_or_interface_key": "_q_YFAP_FEey7kb_kJkmVqw",
      "from_method_name": null,
      "from_method_key": null,
      "to_file_path": "./DeviceInfo",
      "to_class_or_interface_key": "_q_XeSv_FEey7kb_kJkmVqw",
      "to_class_or_interface_name": "RegisterDeviceCmd",
      "to_method_key": null,
      "to_method_name": null,
      "data_clump_type": "fields_to_fields_data_clump",
      "data_clump_data": {
        "_q_YFAf_FEey7kb_kJkmVqw": {
          "key": "_q_YFAf_FEey7kb_kJkmVqw",
          "name": "fcmToken",
          "type": null,
          "probability": 1,
          "modifiers": [
            "private"
          ],
          "to_variable": {
            "key": "_q_XeTP_FEey7kb_kJkmVqw",
            "name": "fcmToken",
            "type": null,
            "modifiers": [
              "private"
            ],
            "position": {}
          },
          "position": {}
        },
        "_q_YFAv_FEey7kb_kJkmVqw": {
          "key": "_q_YFAv_FEey7kb_kJkmVqw",
          "name": "deviceType",
          "type": null,
          "probability": 1,
          "modifiers": [
            "private"
          ],
          "to_variable": {
            "key": "_q_XeTf_FEey7kb_kJkmVqw",
            "name": "deviceType",
            "type": null,
            "modifiers": [
              "private"
            ],
            "position": {}
          },
          "position": {}
        },
        "_q_YFA__FEey7kb_kJkmVqw": {
          "key": "_q_YFA__FEey7kb_kJkmVqw",
          "name": "description",
          "type": null,
          "probability": 1,
          "modifiers": [
            "private"
          ],
          "to_variable": {
            "key": "_q_YE8P_FEey7kb_kJkmVqw",
            "name": "description",
            "type": null,
            "modifiers": [
              "private"
            ],
            "position": {}
          },
          "position": {}
        },
        "_q_YFBP_FEey7kb_kJkmVqw": {
          "key": "_q_YFBP_FEey7kb_kJkmVqw",
          "name": "active",
          "type": null,
          "probability": 1,
          "modifiers": [
            "private"
          ],
          "to_variable": {
            "key": "_q_YE8f_FEey7kb_kJkmVqw",
            "name": "active",
            "type": null,
            "modifiers": [
              "private"
            ],
            "position": {}
          },
          "position": {}
        },
        "_q_YFBf_FEey7kb_kJkmVqw": {
          "key": "_q_YFBf_FEey7kb_kJkmVqw",
          "name": "userId",
          "type": null,
          "probability": 1,
          "modifiers": [
            "private"
          ],
          "to_variable": {
            "key": "_q_YE8v_FEey7kb_kJkmVqw",
            "name": "userId",
            "type": null,
            "modifiers": [
              "private"
            ],
            "position": {}
          },
          "position": {}
        }
      }
    },
    "fields_to_fields_data_clump-./Template-_q_W3Dv_FEey7kb_kJkmVqw-_q_W23P_FEey7kb_kJkmVqw-iddescriptionactive": {
      "type": "data_clump",
      "key": "fields_to_fields_data_clump-./Template-_q_W3Dv_FEey7kb_kJkmVqw-_q_W23P_FEey7kb_kJkmVqw-iddescriptionactive",
      "probability": 1,
      "from_file_path": "./Template",
      "from_class_or_interface_name": "Template",
      "from_class_or_interface_key": "_q_W3Dv_FEey7kb_kJkmVqw",
      "from_method_name": null,
      "from_method_key": null,
      "to_file_path": "./Device",
      "to_class_or_interface_key": "_q_W23P_FEey7kb_kJkmVqw",
      "to_class_or_interface_name": "Template",
      "to_method_key": null,
      "to_method_name": null,
      "data_clump_type": "fields_to_fields_data_clump",
      "data_clump_data": {
        "_q_W3Ev_FEey7kb_kJkmVqw": {
          "key": "_q_W3Ev_FEey7kb_kJkmVqw",
          "name": "id",
          "type": null,
          "probability": 1,
          "modifiers": [
            "private"
          ],
          "to_variable": {
            "key": "_q_W24P_FEey7kb_kJkmVqw",
            "name": "id",
            "type": null,
            "modifiers": [
              "private"
            ],
            "position": {}
          },
          "position": {}
        },
        "_q_W3Fv_FEey7kb_kJkmVqw": {
          "key": "_q_W3Fv_FEey7kb_kJkmVqw",
          "name": "description",
          "type": null,
          "probability": 1,
          "modifiers": [
            "private"
          ],
          "to_variable": {
            "key": "_q_W24__FEey7kb_kJkmVqw",
            "name": "description",
            "type": null,
            "modifiers": [
              "private"
            ],
            "position": {}
          },
          "position": {}
        },
        "_q_W3Hv_FEey7kb_kJkmVqw": {
          "key": "_q_W3Hv_FEey7kb_kJkmVqw",
          "name": "active",
          "type": null,
          "probability": 1,
          "modifiers": [
            "private"
          ],
          "to_variable": {
            "key": "_q_W25P_FEey7kb_kJkmVqw",
            "name": "active",
            "type": null,
            "modifiers": [
              "private"
            ],
            "position": {}
          },
          "position": {}
        }
      }
    },
    "fields_to_fields_data_clump-./Template-_q_W3Dv_FEey7kb_kJkmVqw-_q_XeSv_FEey7kb_kJkmVqw-iddescriptionactive": {
      "type": "data_clump",
      "key": "fields_to_fields_data_clump-./Template-_q_W3Dv_FEey7kb_kJkmVqw-_q_XeSv_FEey7kb_kJkmVqw-iddescriptionactive",
      "probability": 1,
      "from_file_path": "./Template",
      "from_class_or_interface_name": "Template",
      "from_class_or_interface_key": "_q_W3Dv_FEey7kb_kJkmVqw",
      "from_method_name": null,
      "from_method_key": null,
      "to_file_path": "./DeviceInfo",
      "to_class_or_interface_key": "_q_XeSv_FEey7kb_kJkmVqw",
      "to_class_or_interface_name": "Template",
      "to_method_key": null,
      "to_method_name": null,
      "data_clump_type": "fields_to_fields_data_clump",
      "data_clump_data": {
        "_q_W3Ev_FEey7kb_kJkmVqw": {
          "key": "_q_W3Ev_FEey7kb_kJkmVqw",
          "name": "id",
          "type": null,
          "probability": 1,
          "modifiers": [
            "private"
          ],
          "to_variable": {
            "key": "_q_XeS__FEey7kb_kJkmVqw",
            "name": "id",
            "type": null,
            "modifiers": [
              "private"
            ],
            "position": {}
          },
          "position": {}
        },
        "_q_W3Fv_FEey7kb_kJkmVqw": {
          "key": "_q_W3Fv_FEey7kb_kJkmVqw",
          "name": "description",
          "type": null,
          "probability": 1,
          "modifiers": [
            "private"
          ],
          "to_variable": {
            "key": "_q_YE8P_FEey7kb_kJkmVqw",
            "name": "description",
            "type": null,
            "modifiers": [
              "private"
            ],
            "position": {}
          },
          "position": {}
        },
        "_q_W3Hv_FEey7kb_kJkmVqw": {
          "key": "_q_W3Hv_FEey7kb_kJkmVqw",
          "name": "active",
          "type": null,
          "probability": 1,
          "modifiers": [
            "private"
          ],
          "to_variable": {
            "key": "_q_YE8f_FEey7kb_kJkmVqw",
            "name": "active",
            "type": null,
            "modifiers": [
              "private"
            ],
            "position": {}
          },
          "position": {}
        }
      }
    },
    "fields_to_fields_data_clump-./Template-_q_W3Dv_FEey7kb_kJkmVqw-_q_W26f_FEey7kb_kJkmVqw-idserviceCodewebPushandroidPushapnsPush": {
      "type": "data_clump",
      "key": "fields_to_fields_data_clump-./Template-_q_W3Dv_FEey7kb_kJkmVqw-_q_W26f_FEey7kb_kJkmVqw-idserviceCodewebPushandroidPushapnsPush",
      "probability": 1,
      "from_file_path": "./Template",
      "from_class_or_interface_name": "Template",
      "from_class_or_interface_key": "_q_W3Dv_FEey7kb_kJkmVqw",
      "from_method_name": null,
      "from_method_key": null,
      "to_file_path": "./Notification",
      "to_class_or_interface_key": "_q_W26f_FEey7kb_kJkmVqw",
      "to_class_or_interface_name": "Template",
      "to_method_key": null,
      "to_method_name": null,
      "data_clump_type": "fields_to_fields_data_clump",
      "data_clump_data": {
        "_q_W3Ev_FEey7kb_kJkmVqw": {
          "key": "_q_W3Ev_FEey7kb_kJkmVqw",
          "name": "id",
          "type": null,
          "probability": 1,
          "modifiers": [
            "private"
          ],
          "to_variable": {
            "key": "_q_W27f_FEey7kb_kJkmVqw",
            "name": "id",
            "type": null,
            "modifiers": [
              "private"
            ],
            "position": {}
          },
          "position": {}
        },
        "_q_W3F__FEey7kb_kJkmVqw": {
          "key": "_q_W3F__FEey7kb_kJkmVqw",
          "name": "serviceCode",
          "type": null,
          "probability": 1,
          "modifiers": [
            "private"
          ],
          "to_variable": {
            "key": "_q_W29f_FEey7kb_kJkmVqw",
            "name": "serviceCode",
            "type": null,
            "modifiers": [
              "private"
            ],
            "position": {}
          },
          "position": {}
        },
        "_q_W3GP_FEey7kb_kJkmVqw": {
          "key": "_q_W3GP_FEey7kb_kJkmVqw",
          "name": "webPush",
          "type": null,
          "probability": 1,
          "modifiers": [
            "private"
          ],
          "to_variable": {
            "key": "_q_W29v_FEey7kb_kJkmVqw",
            "name": "webPush",
            "type": null,
            "modifiers": [
              "private"
            ],
            "position": {}
          },
          "position": {}
        },
        "_q_W3Gv_FEey7kb_kJkmVqw": {
          "key": "_q_W3Gv_FEey7kb_kJkmVqw",
          "name": "androidPush",
          "type": null,
          "probability": 1,
          "modifiers": [
            "private"
          ],
          "to_variable": {
            "key": "_q_W2-P_FEey7kb_kJkmVqw",
            "name": "androidPush",
            "type": null,
            "modifiers": [
              "private"
            ],
            "position": {}
          },
          "position": {}
        },
        "_q_W3HP_FEey7kb_kJkmVqw": {
          "key": "_q_W3HP_FEey7kb_kJkmVqw",
          "name": "apnsPush",
          "type": null,
          "probability": 1,
          "modifiers": [
            "private"
          ],
          "to_variable": {
            "key": "_q_W2-v_FEey7kb_kJkmVqw",
            "name": "apnsPush",
            "type": null,
            "modifiers": [
              "private"
            ],
            "position": {}
          },
          "position": {}
        }
      }
    },
    "fields_to_fields_data_clump-./Template-_q_W3Dv_FEey7kb_kJkmVqw-_q_ZTVf_FEey7kb_kJkmVqw-idserviceCodewebPushandroidPushapnsPush": {
      "type": "data_clump",
      "key": "fields_to_fields_data_clump-./Template-_q_W3Dv_FEey7kb_kJkmVqw-_q_ZTVf_FEey7kb_kJkmVqw-idserviceCodewebPushandroidPushapnsPush",
      "probability": 1,
      "from_file_path": "./Template",
      "from_class_or_interface_name": "Template",
      "from_class_or_interface_key": "_q_W3Dv_FEey7kb_kJkmVqw",
      "from_method_name": null,
      "from_method_key": null,
      "to_file_path": "./NotificationInfo",
      "to_class_or_interface_key": "_q_ZTVf_FEey7kb_kJkmVqw",
      "to_class_or_interface_name": "Template",
      "to_method_key": null,
      "to_method_name": null,
      "data_clump_type": "fields_to_fields_data_clump",
      "data_clump_data": {
        "_q_W3Ev_FEey7kb_kJkmVqw": {
          "key": "_q_W3Ev_FEey7kb_kJkmVqw",
          "name": "id",
          "type": null,
          "probability": 1,
          "modifiers": [
            "private"
          ],
          "to_variable": {
            "key": "_q_ZTVv_FEey7kb_kJkmVqw",
            "name": "id",
            "type": null,
            "modifiers": [
              "private"
            ],
            "position": {}
          },
          "position": {}
        },
        "_q_W3F__FEey7kb_kJkmVqw": {
          "key": "_q_W3F__FEey7kb_kJkmVqw",
          "name": "serviceCode",
          "type": null,
          "probability": 1,
          "modifiers": [
            "private"
          ],
          "to_variable": {
            "key": "_q_ZTXv_FEey7kb_kJkmVqw",
            "name": "serviceCode",
            "type": null,
            "modifiers": [
              "private"
            ],
            "position": {}
          },
          "position": {}
        },
        "_q_W3GP_FEey7kb_kJkmVqw": {
          "key": "_q_W3GP_FEey7kb_kJkmVqw",
          "name": "webPush",
          "type": null,
          "probability": 1,
          "modifiers": [
            "private"
          ],
          "to_variable": {
            "key": "_q_ZTX__FEey7kb_kJkmVqw",
            "name": "webPush",
            "type": null,
            "modifiers": [
              "private"
            ],
            "position": {}
          },
          "position": {}
        },
        "_q_W3Gv_FEey7kb_kJkmVqw": {
          "key": "_q_W3Gv_FEey7kb_kJkmVqw",
          "name": "androidPush",
          "type": null,
          "probability": 1,
          "modifiers": [
            "private"
          ],
          "to_variable": {
            "key": "_q_ZTYf_FEey7kb_kJkmVqw",
            "name": "androidPush",
            "type": null,
            "modifiers": [
              "private"
            ],
            "position": {}
          },
          "position": {}
        },
        "_q_W3HP_FEey7kb_kJkmVqw": {
          "key": "_q_W3HP_FEey7kb_kJkmVqw",
          "name": "apnsPush",
          "type": null,
          "probability": 1,
          "modifiers": [
            "private"
          ],
          "to_variable": {
            "key": "_q_ZTY__FEey7kb_kJkmVqw",
            "name": "apnsPush",
            "type": null,
            "modifiers": [
              "private"
            ],
            "position": {}
          },
          "position": {}
        }
      }
    },
    "fields_to_fields_data_clump-./Template-_q_W3Dv_FEey7kb_kJkmVqw-_q_YFL__FEey7kb_kJkmVqw-idcodetemplatepathdescriptionserviceCodewebPushandroidPushapnsPushactive": {
      "type": "data_clump",
      "key": "fields_to_fields_data_clump-./Template-_q_W3Dv_FEey7kb_kJkmVqw-_q_YFL__FEey7kb_kJkmVqw-idcodetemplatepathdescriptionserviceCodewebPushandroidPushapnsPushactive",
      "probability": 1,
      "from_file_path": "./Template",
      "from_class_or_interface_name": "Template",
      "from_class_or_interface_key": "_q_W3Dv_FEey7kb_kJkmVqw",
      "from_method_name": null,
      "from_method_key": null,
      "to_file_path": "./TemplateInfo",
      "to_class_or_interface_key": "_q_YFL__FEey7kb_kJkmVqw",
      "to_class_or_interface_name": "Template",
      "to_method_key": null,
      "to_method_name": null,
      "data_clump_type": "fields_to_fields_data_clump",
      "data_clump_data": {
        "_q_W3Ev_FEey7kb_kJkmVqw": {
          "key": "_q_W3Ev_FEey7kb_kJkmVqw",
          "name": "id",
          "type": null,
          "probability": 1,
          "modifiers": [
            "private"
          ],
          "to_variable": {
            "key": "_q_YFMP_FEey7kb_kJkmVqw",
            "name": "id",
            "type": null,
            "modifiers": [
              "private"
            ],
            "position": {}
          },
          "position": {}
        },
        "_q_W3E__FEey7kb_kJkmVqw": {
          "key": "_q_W3E__FEey7kb_kJkmVqw",
          "name": "code",
          "type": null,
          "probability": 1,
          "modifiers": [
            "private"
          ],
          "to_variable": {
            "key": "_q_YFMf_FEey7kb_kJkmVqw",
            "name": "code",
            "type": null,
            "modifiers": [
              "private"
            ],
            "position": {}
          },
          "position": {}
        },
        "_q_W3FP_FEey7kb_kJkmVqw": {
          "key": "_q_W3FP_FEey7kb_kJkmVqw",
          "name": "template",
          "type": null,
          "probability": 1,
          "modifiers": [
            "private"
          ],
          "to_variable": {
            "key": "_q_YFMv_FEey7kb_kJkmVqw",
            "name": "template",
            "type": null,
            "modifiers": [
              "private"
            ],
            "position": {}
          },
          "position": {}
        },
        "_q_W3Ff_FEey7kb_kJkmVqw": {
          "key": "_q_W3Ff_FEey7kb_kJkmVqw",
          "name": "path",
          "type": null,
          "probability": 1,
          "modifiers": [
            "private"
          ],
          "to_variable": {
            "key": "_q_YFM__FEey7kb_kJkmVqw",
            "name": "path",
            "type": null,
            "modifiers": [
              "private"
            ],
            "position": {}
          },
          "position": {}
        },
        "_q_W3Fv_FEey7kb_kJkmVqw": {
          "key": "_q_W3Fv_FEey7kb_kJkmVqw",
          "name": "description",
          "type": null,
          "probability": 1,
          "modifiers": [
            "private"
          ],
          "to_variable": {
            "key": "_q_YFNP_FEey7kb_kJkmVqw",
            "name": "description",
            "type": null,
            "modifiers": [
              "private"
            ],
            "position": {}
          },
          "position": {}
        },
        "_q_W3F__FEey7kb_kJkmVqw": {
          "key": "_q_W3F__FEey7kb_kJkmVqw",
          "name": "serviceCode",
          "type": null,
          "probability": 1,
          "modifiers": [
            "private"
          ],
          "to_variable": {
            "key": "_q_YFNf_FEey7kb_kJkmVqw",
            "name": "serviceCode",
            "type": null,
            "modifiers": [
              "private"
            ],
            "position": {}
          },
          "position": {}
        },
        "_q_W3GP_FEey7kb_kJkmVqw": {
          "key": "_q_W3GP_FEey7kb_kJkmVqw",
          "name": "webPush",
          "type": null,
          "probability": 1,
          "modifiers": [
            "private"
          ],
          "to_variable": {
            "key": "_q_YFNv_FEey7kb_kJkmVqw",
            "name": "webPush",
            "type": null,
            "modifiers": [
              "private"
            ],
            "position": {}
          },
          "position": {}
        },
        "_q_W3Gv_FEey7kb_kJkmVqw": {
          "key": "_q_W3Gv_FEey7kb_kJkmVqw",
          "name": "androidPush",
          "type": null,
          "probability": 1,
          "modifiers": [
            "private"
          ],
          "to_variable": {
            "key": "_q_YFOP_FEey7kb_kJkmVqw",
            "name": "androidPush",
            "type": null,
            "modifiers": [
              "private"
            ],
            "position": {}
          },
          "position": {}
        },
        "_q_W3HP_FEey7kb_kJkmVqw": {
          "key": "_q_W3HP_FEey7kb_kJkmVqw",
          "name": "apnsPush",
          "type": null,
          "probability": 1,
          "modifiers": [
            "private"
          ],
          "to_variable": {
            "key": "_q_YFOv_FEey7kb_kJkmVqw",
            "name": "apnsPush",
            "type": null,
            "modifiers": [
              "private"
            ],
            "position": {}
          },
          "position": {}
        },
        "_q_W3Hv_FEey7kb_kJkmVqw": {
          "key": "_q_W3Hv_FEey7kb_kJkmVqw",
          "name": "active",
          "type": null,
          "probability": 1,
          "modifiers": [
            "private"
          ],
          "to_variable": {
            "key": "_q_YFPP_FEey7kb_kJkmVqw",
            "name": "active",
            "type": null,
            "modifiers": [
              "private"
            ],
            "position": {}
          },
          "position": {}
        }
      }
    },
    "fields_to_fields_data_clump-./TemplateInfo-_q_YFL__FEey7kb_kJkmVqw-_q_W23P_FEey7kb_kJkmVqw-iddescriptionactive": {
      "type": "data_clump",
      "key": "fields_to_fields_data_clump-./TemplateInfo-_q_YFL__FEey7kb_kJkmVqw-_q_W23P_FEey7kb_kJkmVqw-iddescriptionactive",
      "probability": 1,
      "from_file_path": "./TemplateInfo",
      "from_class_or_interface_name": "TemplateInfo",
      "from_class_or_interface_key": "_q_YFL__FEey7kb_kJkmVqw",
      "from_method_name": null,
      "from_method_key": null,
      "to_file_path": "./Device",
      "to_class_or_interface_key": "_q_W23P_FEey7kb_kJkmVqw",
      "to_class_or_interface_name": "TemplateInfo",
      "to_method_key": null,
      "to_method_name": null,
      "data_clump_type": "fields_to_fields_data_clump",
      "data_clump_data": {
        "_q_YFMP_FEey7kb_kJkmVqw": {
          "key": "_q_YFMP_FEey7kb_kJkmVqw",
          "name": "id",
          "type": null,
          "probability": 1,
          "modifiers": [
            "private"
          ],
          "to_variable": {
            "key": "_q_W24P_FEey7kb_kJkmVqw",
            "name": "id",
            "type": null,
            "modifiers": [
              "private"
            ],
            "position": {}
          },
          "position": {}
        },
        "_q_YFNP_FEey7kb_kJkmVqw": {
          "key": "_q_YFNP_FEey7kb_kJkmVqw",
          "name": "description",
          "type": null,
          "probability": 1,
          "modifiers": [
            "private"
          ],
          "to_variable": {
            "key": "_q_W24__FEey7kb_kJkmVqw",
            "name": "description",
            "type": null,
            "modifiers": [
              "private"
            ],
            "position": {}
          },
          "position": {}
        },
        "_q_YFPP_FEey7kb_kJkmVqw": {
          "key": "_q_YFPP_FEey7kb_kJkmVqw",
          "name": "active",
          "type": null,
          "probability": 1,
          "modifiers": [
            "private"
          ],
          "to_variable": {
            "key": "_q_W25P_FEey7kb_kJkmVqw",
            "name": "active",
            "type": null,
            "modifiers": [
              "private"
            ],
            "position": {}
          },
          "position": {}
        }
      }
    },
    "fields_to_fields_data_clump-./TemplateInfo-_q_YFL__FEey7kb_kJkmVqw-_q_XeSv_FEey7kb_kJkmVqw-iddescriptionactive": {
      "type": "data_clump",
      "key": "fields_to_fields_data_clump-./TemplateInfo-_q_YFL__FEey7kb_kJkmVqw-_q_XeSv_FEey7kb_kJkmVqw-iddescriptionactive",
      "probability": 1,
      "from_file_path": "./TemplateInfo",
      "from_class_or_interface_name": "TemplateInfo",
      "from_class_or_interface_key": "_q_YFL__FEey7kb_kJkmVqw",
      "from_method_name": null,
      "from_method_key": null,
      "to_file_path": "./DeviceInfo",
      "to_class_or_interface_key": "_q_XeSv_FEey7kb_kJkmVqw",
      "to_class_or_interface_name": "TemplateInfo",
      "to_method_key": null,
      "to_method_name": null,
      "data_clump_type": "fields_to_fields_data_clump",
      "data_clump_data": {
        "_q_YFMP_FEey7kb_kJkmVqw": {
          "key": "_q_YFMP_FEey7kb_kJkmVqw",
          "name": "id",
          "type": null,
          "probability": 1,
          "modifiers": [
            "private"
          ],
          "to_variable": {
            "key": "_q_XeS__FEey7kb_kJkmVqw",
            "name": "id",
            "type": null,
            "modifiers": [
              "private"
            ],
            "position": {}
          },
          "position": {}
        },
        "_q_YFNP_FEey7kb_kJkmVqw": {
          "key": "_q_YFNP_FEey7kb_kJkmVqw",
          "name": "description",
          "type": null,
          "probability": 1,
          "modifiers": [
            "private"
          ],
          "to_variable": {
            "key": "_q_YE8P_FEey7kb_kJkmVqw",
            "name": "description",
            "type": null,
            "modifiers": [
              "private"
            ],
            "position": {}
          },
          "position": {}
        },
        "_q_YFPP_FEey7kb_kJkmVqw": {
          "key": "_q_YFPP_FEey7kb_kJkmVqw",
          "name": "active",
          "type": null,
          "probability": 1,
          "modifiers": [
            "private"
          ],
          "to_variable": {
            "key": "_q_YE8f_FEey7kb_kJkmVqw",
            "name": "active",
            "type": null,
            "modifiers": [
              "private"
            ],
            "position": {}
          },
          "position": {}
        }
      }
    },
    "fields_to_fields_data_clump-./TemplateInfo-_q_YFL__FEey7kb_kJkmVqw-_q_W26f_FEey7kb_kJkmVqw-idserviceCodewebPushandroidPushapnsPush": {
      "type": "data_clump",
      "key": "fields_to_fields_data_clump-./TemplateInfo-_q_YFL__FEey7kb_kJkmVqw-_q_W26f_FEey7kb_kJkmVqw-idserviceCodewebPushandroidPushapnsPush",
      "probability": 1,
      "from_file_path": "./TemplateInfo",
      "from_class_or_interface_name": "TemplateInfo",
      "from_class_or_interface_key": "_q_YFL__FEey7kb_kJkmVqw",
      "from_method_name": null,
      "from_method_key": null,
      "to_file_path": "./Notification",
      "to_class_or_interface_key": "_q_W26f_FEey7kb_kJkmVqw",
      "to_class_or_interface_name": "TemplateInfo",
      "to_method_key": null,
      "to_method_name": null,
      "data_clump_type": "fields_to_fields_data_clump",
      "data_clump_data": {
        "_q_YFMP_FEey7kb_kJkmVqw": {
          "key": "_q_YFMP_FEey7kb_kJkmVqw",
          "name": "id",
          "type": null,
          "probability": 1,
          "modifiers": [
            "private"
          ],
          "to_variable": {
            "key": "_q_W27f_FEey7kb_kJkmVqw",
            "name": "id",
            "type": null,
            "modifiers": [
              "private"
            ],
            "position": {}
          },
          "position": {}
        },
        "_q_YFNf_FEey7kb_kJkmVqw": {
          "key": "_q_YFNf_FEey7kb_kJkmVqw",
          "name": "serviceCode",
          "type": null,
          "probability": 1,
          "modifiers": [
            "private"
          ],
          "to_variable": {
            "key": "_q_W29f_FEey7kb_kJkmVqw",
            "name": "serviceCode",
            "type": null,
            "modifiers": [
              "private"
            ],
            "position": {}
          },
          "position": {}
        },
        "_q_YFNv_FEey7kb_kJkmVqw": {
          "key": "_q_YFNv_FEey7kb_kJkmVqw",
          "name": "webPush",
          "type": null,
          "probability": 1,
          "modifiers": [
            "private"
          ],
          "to_variable": {
            "key": "_q_W29v_FEey7kb_kJkmVqw",
            "name": "webPush",
            "type": null,
            "modifiers": [
              "private"
            ],
            "position": {}
          },
          "position": {}
        },
        "_q_YFOP_FEey7kb_kJkmVqw": {
          "key": "_q_YFOP_FEey7kb_kJkmVqw",
          "name": "androidPush",
          "type": null,
          "probability": 1,
          "modifiers": [
            "private"
          ],
          "to_variable": {
            "key": "_q_W2-P_FEey7kb_kJkmVqw",
            "name": "androidPush",
            "type": null,
            "modifiers": [
              "private"
            ],
            "position": {}
          },
          "position": {}
        },
        "_q_YFOv_FEey7kb_kJkmVqw": {
          "key": "_q_YFOv_FEey7kb_kJkmVqw",
          "name": "apnsPush",
          "type": null,
          "probability": 1,
          "modifiers": [
            "private"
          ],
          "to_variable": {
            "key": "_q_W2-v_FEey7kb_kJkmVqw",
            "name": "apnsPush",
            "type": null,
            "modifiers": [
              "private"
            ],
            "position": {}
          },
          "position": {}
        }
      }
    },
    "fields_to_fields_data_clump-./TemplateInfo-_q_YFL__FEey7kb_kJkmVqw-_q_ZTVf_FEey7kb_kJkmVqw-idserviceCodewebPushandroidPushapnsPush": {
      "type": "data_clump",
      "key": "fields_to_fields_data_clump-./TemplateInfo-_q_YFL__FEey7kb_kJkmVqw-_q_ZTVf_FEey7kb_kJkmVqw-idserviceCodewebPushandroidPushapnsPush",
      "probability": 1,
      "from_file_path": "./TemplateInfo",
      "from_class_or_interface_name": "TemplateInfo",
      "from_class_or_interface_key": "_q_YFL__FEey7kb_kJkmVqw",
      "from_method_name": null,
      "from_method_key": null,
      "to_file_path": "./NotificationInfo",
      "to_class_or_interface_key": "_q_ZTVf_FEey7kb_kJkmVqw",
      "to_class_or_interface_name": "TemplateInfo",
      "to_method_key": null,
      "to_method_name": null,
      "data_clump_type": "fields_to_fields_data_clump",
      "data_clump_data": {
        "_q_YFMP_FEey7kb_kJkmVqw": {
          "key": "_q_YFMP_FEey7kb_kJkmVqw",
          "name": "id",
          "type": null,
          "probability": 1,
          "modifiers": [
            "private"
          ],
          "to_variable": {
            "key": "_q_ZTVv_FEey7kb_kJkmVqw",
            "name": "id",
            "type": null,
            "modifiers": [
              "private"
            ],
            "position": {}
          },
          "position": {}
        },
        "_q_YFNf_FEey7kb_kJkmVqw": {
          "key": "_q_YFNf_FEey7kb_kJkmVqw",
          "name": "serviceCode",
          "type": null,
          "probability": 1,
          "modifiers": [
            "private"
          ],
          "to_variable": {
            "key": "_q_ZTXv_FEey7kb_kJkmVqw",
            "name": "serviceCode",
            "type": null,
            "modifiers": [
              "private"
            ],
            "position": {}
          },
          "position": {}
        },
        "_q_YFNv_FEey7kb_kJkmVqw": {
          "key": "_q_YFNv_FEey7kb_kJkmVqw",
          "name": "webPush",
          "type": null,
          "probability": 1,
          "modifiers": [
            "private"
          ],
          "to_variable": {
            "key": "_q_ZTX__FEey7kb_kJkmVqw",
            "name": "webPush",
            "type": null,
            "modifiers": [
              "private"
            ],
            "position": {}
          },
          "position": {}
        },
        "_q_YFOP_FEey7kb_kJkmVqw": {
          "key": "_q_YFOP_FEey7kb_kJkmVqw",
          "name": "androidPush",
          "type": null,
          "probability": 1,
          "modifiers": [
            "private"
          ],
          "to_variable": {
            "key": "_q_ZTYf_FEey7kb_kJkmVqw",
            "name": "androidPush",
            "type": null,
            "modifiers": [
              "private"
            ],
            "position": {}
          },
          "position": {}
        },
        "_q_YFOv_FEey7kb_kJkmVqw": {
          "key": "_q_YFOv_FEey7kb_kJkmVqw",
          "name": "apnsPush",
          "type": null,
          "probability": 1,
          "modifiers": [
            "private"
          ],
          "to_variable": {
            "key": "_q_ZTY__FEey7kb_kJkmVqw",
            "name": "apnsPush",
            "type": null,
            "modifiers": [
              "private"
            ],
            "position": {}
          },
          "position": {}
        }
      }
    },
    "fields_to_fields_data_clump-./TemplateInfo-_q_YFL__FEey7kb_kJkmVqw-_q_W3Dv_FEey7kb_kJkmVqw-idcodetemplatepathdescriptionserviceCodewebPushandroidPushapnsPushactive": {
      "type": "data_clump",
      "key": "fields_to_fields_data_clump-./TemplateInfo-_q_YFL__FEey7kb_kJkmVqw-_q_W3Dv_FEey7kb_kJkmVqw-idcodetemplatepathdescriptionserviceCodewebPushandroidPushapnsPushactive",
      "probability": 1,
      "from_file_path": "./TemplateInfo",
      "from_class_or_interface_name": "TemplateInfo",
      "from_class_or_interface_key": "_q_YFL__FEey7kb_kJkmVqw",
      "from_method_name": null,
      "from_method_key": null,
      "to_file_path": "./Template",
      "to_class_or_interface_key": "_q_W3Dv_FEey7kb_kJkmVqw",
      "to_class_or_interface_name": "TemplateInfo",
      "to_method_key": null,
      "to_method_name": null,
      "data_clump_type": "fields_to_fields_data_clump",
      "data_clump_data": {
        "_q_YFMP_FEey7kb_kJkmVqw": {
          "key": "_q_YFMP_FEey7kb_kJkmVqw",
          "name": "id",
          "type": null,
          "probability": 1,
          "modifiers": [
            "private"
          ],
          "to_variable": {
            "key": "_q_W3Ev_FEey7kb_kJkmVqw",
            "name": "id",
            "type": null,
            "modifiers": [
              "private"
            ],
            "position": {}
          },
          "position": {}
        },
        "_q_YFMf_FEey7kb_kJkmVqw": {
          "key": "_q_YFMf_FEey7kb_kJkmVqw",
          "name": "code",
          "type": null,
          "probability": 1,
          "modifiers": [
            "private"
          ],
          "to_variable": {
            "key": "_q_W3E__FEey7kb_kJkmVqw",
            "name": "code",
            "type": null,
            "modifiers": [
              "private"
            ],
            "position": {}
          },
          "position": {}
        },
        "_q_YFMv_FEey7kb_kJkmVqw": {
          "key": "_q_YFMv_FEey7kb_kJkmVqw",
          "name": "template",
          "type": null,
          "probability": 1,
          "modifiers": [
            "private"
          ],
          "to_variable": {
            "key": "_q_W3FP_FEey7kb_kJkmVqw",
            "name": "template",
            "type": null,
            "modifiers": [
              "private"
            ],
            "position": {}
          },
          "position": {}
        },
        "_q_YFM__FEey7kb_kJkmVqw": {
          "key": "_q_YFM__FEey7kb_kJkmVqw",
          "name": "path",
          "type": null,
          "probability": 1,
          "modifiers": [
            "private"
          ],
          "to_variable": {
            "key": "_q_W3Ff_FEey7kb_kJkmVqw",
            "name": "path",
            "type": null,
            "modifiers": [
              "private"
            ],
            "position": {}
          },
          "position": {}
        },
        "_q_YFNP_FEey7kb_kJkmVqw": {
          "key": "_q_YFNP_FEey7kb_kJkmVqw",
          "name": "description",
          "type": null,
          "probability": 1,
          "modifiers": [
            "private"
          ],
          "to_variable": {
            "key": "_q_W3Fv_FEey7kb_kJkmVqw",
            "name": "description",
            "type": null,
            "modifiers": [
              "private"
            ],
            "position": {}
          },
          "position": {}
        },
        "_q_YFNf_FEey7kb_kJkmVqw": {
          "key": "_q_YFNf_FEey7kb_kJkmVqw",
          "name": "serviceCode",
          "type": null,
          "probability": 1,
          "modifiers": [
            "private"
          ],
          "to_variable": {
            "key": "_q_W3F__FEey7kb_kJkmVqw",
            "name": "serviceCode",
            "type": null,
            "modifiers": [
              "private"
            ],
            "position": {}
          },
          "position": {}
        },
        "_q_YFNv_FEey7kb_kJkmVqw": {
          "key": "_q_YFNv_FEey7kb_kJkmVqw",
          "name": "webPush",
          "type": null,
          "probability": 1,
          "modifiers": [
            "private"
          ],
          "to_variable": {
            "key": "_q_W3GP_FEey7kb_kJkmVqw",
            "name": "webPush",
            "type": null,
            "modifiers": [
              "private"
            ],
            "position": {}
          },
          "position": {}
        },
        "_q_YFOP_FEey7kb_kJkmVqw": {
          "key": "_q_YFOP_FEey7kb_kJkmVqw",
          "name": "androidPush",
          "type": null,
          "probability": 1,
          "modifiers": [
            "private"
          ],
          "to_variable": {
            "key": "_q_W3Gv_FEey7kb_kJkmVqw",
            "name": "androidPush",
            "type": null,
            "modifiers": [
              "private"
            ],
            "position": {}
          },
          "position": {}
        },
        "_q_YFOv_FEey7kb_kJkmVqw": {
          "key": "_q_YFOv_FEey7kb_kJkmVqw",
          "name": "apnsPush",
          "type": null,
          "probability": 1,
          "modifiers": [
            "private"
          ],
          "to_variable": {
            "key": "_q_W3HP_FEey7kb_kJkmVqw",
            "name": "apnsPush",
            "type": null,
            "modifiers": [
              "private"
            ],
            "position": {}
          },
          "position": {}
        },
        "_q_YFPP_FEey7kb_kJkmVqw": {
          "key": "_q_YFPP_FEey7kb_kJkmVqw",
          "name": "active",
          "type": null,
          "probability": 1,
          "modifiers": [
            "private"
          ],
          "to_variable": {
            "key": "_q_W3Hv_FEey7kb_kJkmVqw",
            "name": "active",
            "type": null,
            "modifiers": [
              "private"
            ],
            "position": {}
          },
          "position": {}
        }
      }
    }
  }
}