{
  "report_version": "unknown",
  "report_timestamp": "2025-03-26T22:55:25.698Z",
  "target_language": "java",
  "report_summary": {
    "additional": null,
    "amount_classes_or_interfaces_with_data_clumps": 2,
    "amount_files_with_data_clumps": 2,
    "amount_methods_with_data_clumps": 0,
    "fields_to_fields_data_clump": 2,
    "parameters_to_fields_data_clump": 0,
    "parameters_to_parameters_data_clump": 0,
    "amount_data_clumps": 2
  },
  "project_info": {
    "project_url": "unknown_project_url",
    "project_name": "_31NXkIVbEemg3PWSmqBV3A",
    "project_version": "unknown_project_version",
    "project_commit_hash": "unknown",
    "project_tag": null,
    "project_commit_date": null,
    "additional": {},
    "number_of_files": 39,
    "number_of_classes_or_interfaces": 39,
    "number_of_methods": 46,
    "number_of_data_fields": 80,
    "number_of_method_parameters": 34
  },
  "detector": {
    "name": "data-clumps-doctor",
    "url": "https://github.com/NilsBaumgartner1994/data-clumps-doctor",
    "version": "0.1.100",
    "options": {
      "typeVariablesConsidered": false,
      "similarityModifierOfVariablesWithUnknownType": 0,
      "fieldsOfClassesWithUnknownHierarchyProbabilityModifier": 0,
      "sharedFieldsToFieldsAmountMinimum": 3,
      "analyseFieldsInClassesOrInterfacesInheritedFromSuperClassesOrInterfaces": false,
      "sharedParametersToParametersAmountMinimum": 3,
      "sharedParametersToFieldsAmountMinimum": 3,
      "methodsOfClassesOrInterfacesWithUnknownHierarchyProbabilityModifier": 0
    }
  },
  "data_clumps": {
    "fields_to_fields_data_clump-./SRPK_FormLogin-_-LDlgWhuEDeHbr1XR8oYVQ-_AUTJ8WhvEDeHbr1XR8oYVQ-GCDEncryptorIC": {
      "type": "data_clump",
      "key": "fields_to_fields_data_clump-./SRPK_FormLogin-_-LDlgWhuEDeHbr1XR8oYVQ-_AUTJ8WhvEDeHbr1XR8oYVQ-GCDEncryptorIC",
      "probability": 1,
      "from_file_path": "./SRPK_FormLogin",
      "from_class_or_interface_name": "SRPK_FormLogin",
      "from_class_or_interface_key": "_-LDlgWhuEDeHbr1XR8oYVQ",
      "from_method_name": null,
      "from_method_key": null,
      "to_file_path": "./SRPK_FormMain",
      "to_class_or_interface_key": "_AUTJ8WhvEDeHbr1XR8oYVQ",
      "to_class_or_interface_name": "SRPK_FormLogin",
      "to_method_key": null,
      "to_method_name": null,
      "data_clump_type": "fields_to_fields_data_clump",
      "data_clump_data": {
        "_WXAgQGh8EDeHbr1XR8oYVQ": {
          "key": "_WXAgQGh8EDeHbr1XR8oYVQ",
          "name": "GCD",
          "type": null,
          "probability": 1,
          "modifiers": [],
          "to_variable": {
            "key": "__vQa0Wh8EDeHbr1XR8oYVQ",
            "name": "GCD",
            "type": null,
            "modifiers": [],
            "position": {}
          },
          "position": {}
        },
        "_cM1rMGh8EDeHbr1XR8oYVQ": {
          "key": "_cM1rMGh8EDeHbr1XR8oYVQ",
          "name": "Encryptor",
          "type": null,
          "probability": 1,
          "modifiers": [],
          "to_variable": {
            "key": "_E0P-sWh9EDeHbr1XR8oYVQ",
            "name": "Encryptor",
            "type": null,
            "modifiers": [],
            "position": {}
          },
          "position": {}
        },
        "_eH5psGh8EDeHbr1XR8oYVQ": {
          "key": "_eH5psGh8EDeHbr1XR8oYVQ",
          "name": "IC",
          "type": null,
          "probability": 1,
          "modifiers": [],
          "to_variable": {
            "key": "_LpCsQGh9EDeHbr1XR8oYVQ",
            "name": "IC",
            "type": null,
            "modifiers": [],
            "position": {}
          },
          "position": {}
        }
      }
    },
    "fields_to_fields_data_clump-./SRPK_FormMain-_AUTJ8WhvEDeHbr1XR8oYVQ-_-LDlgWhuEDeHbr1XR8oYVQ-GCDEncryptorIC": {
      "type": "data_clump",
      "key": "fields_to_fields_data_clump-./SRPK_FormMain-_AUTJ8WhvEDeHbr1XR8oYVQ-_-LDlgWhuEDeHbr1XR8oYVQ-GCDEncryptorIC",
      "probability": 1,
      "from_file_path": "./SRPK_FormMain",
      "from_class_or_interface_name": "SRPK_FormMain",
      "from_class_or_interface_key": "_AUTJ8WhvEDeHbr1XR8oYVQ",
      "from_method_name": null,
      "from_method_key": null,
      "to_file_path": "./SRPK_FormLogin",
      "to_class_or_interface_key": "_-LDlgWhuEDeHbr1XR8oYVQ",
      "to_class_or_interface_name": "SRPK_FormMain",
      "to_method_key": null,
      "to_method_name": null,
      "data_clump_type": "fields_to_fields_data_clump",
      "data_clump_data": {
        "__vQa0Wh8EDeHbr1XR8oYVQ": {
          "key": "__vQa0Wh8EDeHbr1XR8oYVQ",
          "name": "GCD",
          "type": null,
          "probability": 1,
          "modifiers": [],
          "to_variable": {
            "key": "_WXAgQGh8EDeHbr1XR8oYVQ",
            "name": "GCD",
            "type": null,
            "modifiers": [],
            "position": {}
          },
          "position": {}
        },
        "_E0P-sWh9EDeHbr1XR8oYVQ": {
          "key": "_E0P-sWh9EDeHbr1XR8oYVQ",
          "name": "Encryptor",
          "type": null,
          "probability": 1,
          "modifiers": [],
          "to_variable": {
            "key": "_cM1rMGh8EDeHbr1XR8oYVQ",
            "name": "Encryptor",
            "type": null,
            "modifiers": [],
            "position": {}
          },
          "position": {}
        },
        "_LpCsQGh9EDeHbr1XR8oYVQ": {
          "key": "_LpCsQGh9EDeHbr1XR8oYVQ",
          "name": "IC",
          "type": null,
          "probability": 1,
          "modifiers": [],
          "to_variable": {
            "key": "_eH5psGh8EDeHbr1XR8oYVQ",
            "name": "IC",
            "type": null,
            "modifiers": [],
            "position": {}
          },
          "position": {}
        }
      }
    }
  }
}