{
  "report_version": "unknown",
  "report_timestamp": "2025-03-26T22:08:56.793Z",
  "target_language": "java",
  "report_summary": {
    "additional": null,
    "amount_classes_or_interfaces_with_data_clumps": 2,
    "amount_files_with_data_clumps": 2,
    "amount_methods_with_data_clumps": 0,
    "fields_to_fields_data_clump": 2,
    "parameters_to_fields_data_clump": 0,
    "parameters_to_parameters_data_clump": 0,
    "amount_data_clumps": 2
  },
  "project_info": {
    "project_url": "unknown_project_url",
    "project_name": "_aRUC0ODVEee1VcqWCkiVQg",
    "project_version": "unknown_project_version",
    "project_commit_hash": "unknown",
    "project_tag": null,
    "project_commit_date": null,
    "additional": {},
    "number_of_files": 14,
    "number_of_classes_or_interfaces": 14,
    "number_of_methods": 0,
    "number_of_data_fields": 28,
    "number_of_method_parameters": 0
  },
  "detector": {
    "name": "data-clumps-doctor",
    "url": "https://github.com/NilsBaumgartner1994/data-clumps-doctor",
    "version": "0.1.100",
    "options": {
      "typeVariablesConsidered": false,
      "similarityModifierOfVariablesWithUnknownType": 0,
      "fieldsOfClassesWithUnknownHierarchyProbabilityModifier": 0,
      "sharedFieldsToFieldsAmountMinimum": 3,
      "analyseFieldsInClassesOrInterfacesInheritedFromSuperClassesOrInterfaces": false,
      "sharedParametersToParametersAmountMinimum": 3,
      "sharedParametersToFieldsAmountMinimum": 3,
      "methodsOfClassesOrInterfacesWithUnknownHierarchyProbabilityModifier": 0
    }
  },
  "data_clumps": {
    "fields_to_fields_data_clump-./Patient-_6eBuscMEEDWtPKEK8susVA-_7pEa8MMDEDWtPKEK8susVA-namegenderbirthDate": {
      "type": "data_clump",
      "key": "fields_to_fields_data_clump-./Patient-_6eBuscMEEDWtPKEK8susVA-_7pEa8MMDEDWtPKEK8susVA-namegenderbirthDate",
      "probability": 1,
      "from_file_path": "./Patient",
      "from_class_or_interface_name": "Patient",
      "from_class_or_interface_key": "_6eBuscMEEDWtPKEK8susVA",
      "from_method_name": null,
      "from_method_key": null,
      "to_file_path": "./Person",
      "to_class_or_interface_key": "_7pEa8MMDEDWtPKEK8susVA",
      "to_class_or_interface_name": "Patient",
      "to_method_key": null,
      "to_method_name": null,
      "data_clump_type": "fields_to_fields_data_clump",
      "data_clump_data": {
        "__M3cYMMEEDWtPKEK8susVA": {
          "key": "__M3cYMMEEDWtPKEK8susVA",
          "name": "name",
          "type": null,
          "probability": 1,
          "modifiers": [
            "public"
          ],
          "to_variable": {
            "key": "_geMIkMMEEDWtPKEK8susVA",
            "name": "name",
            "type": null,
            "modifiers": [
              "public"
            ],
            "position": {}
          },
          "position": {}
        },
        "__sjCAMMEEDWtPKEK8susVA": {
          "key": "__sjCAMMEEDWtPKEK8susVA",
          "name": "gender",
          "type": null,
          "probability": 1,
          "modifiers": [
            "public"
          ],
          "to_variable": {
            "key": "_giG_QMMEEDWtPKEK8susVA",
            "name": "gender",
            "type": null,
            "modifiers": [
              "public"
            ],
            "position": {}
          },
          "position": {}
        },
        "_AJ9WwMMFEDWtPKEK8susVA": {
          "key": "_AJ9WwMMFEDWtPKEK8susVA",
          "name": "birthDate",
          "type": null,
          "probability": 1,
          "modifiers": [
            "public"
          ],
          "to_variable": {
            "key": "_ggiR8MMEEDWtPKEK8susVA",
            "name": "birthDate",
            "type": null,
            "modifiers": [
              "public"
            ],
            "position": {}
          },
          "position": {}
        }
      }
    },
    "fields_to_fields_data_clump-./Person-_7pEa8MMDEDWtPKEK8susVA-_6eBuscMEEDWtPKEK8susVA-namebirthDategender": {
      "type": "data_clump",
      "key": "fields_to_fields_data_clump-./Person-_7pEa8MMDEDWtPKEK8susVA-_6eBuscMEEDWtPKEK8susVA-namebirthDategender",
      "probability": 1,
      "from_file_path": "./Person",
      "from_class_or_interface_name": "Person",
      "from_class_or_interface_key": "_7pEa8MMDEDWtPKEK8susVA",
      "from_method_name": null,
      "from_method_key": null,
      "to_file_path": "./Patient",
      "to_class_or_interface_key": "_6eBuscMEEDWtPKEK8susVA",
      "to_class_or_interface_name": "Person",
      "to_method_key": null,
      "to_method_name": null,
      "data_clump_type": "fields_to_fields_data_clump",
      "data_clump_data": {
        "_geMIkMMEEDWtPKEK8susVA": {
          "key": "_geMIkMMEEDWtPKEK8susVA",
          "name": "name",
          "type": null,
          "probability": 1,
          "modifiers": [
            "public"
          ],
          "to_variable": {
            "key": "__M3cYMMEEDWtPKEK8susVA",
            "name": "name",
            "type": null,
            "modifiers": [
              "public"
            ],
            "position": {}
          },
          "position": {}
        },
        "_ggiR8MMEEDWtPKEK8susVA": {
          "key": "_ggiR8MMEEDWtPKEK8susVA",
          "name": "birthDate",
          "type": null,
          "probability": 1,
          "modifiers": [
            "public"
          ],
          "to_variable": {
            "key": "_AJ9WwMMFEDWtPKEK8susVA",
            "name": "birthDate",
            "type": null,
            "modifiers": [
              "public"
            ],
            "position": {}
          },
          "position": {}
        },
        "_giG_QMMEEDWtPKEK8susVA": {
          "key": "_giG_QMMEEDWtPKEK8susVA",
          "name": "gender",
          "type": null,
          "probability": 1,
          "modifiers": [
            "public"
          ],
          "to_variable": {
            "key": "__sjCAMMEEDWtPKEK8susVA",
            "name": "gender",
            "type": null,
            "modifiers": [
              "public"
            ],
            "position": {}
          },
          "position": {}
        }
      }
    }
  }
}