{
  "report_version": "unknown",
  "report_timestamp": "2025-03-26T21:43:18.769Z",
  "target_language": "java",
  "report_summary": {
    "additional": null,
    "amount_classes_or_interfaces_with_data_clumps": 1,
    "amount_files_with_data_clumps": 1,
    "amount_methods_with_data_clumps": 3,
    "fields_to_fields_data_clump": 0,
    "parameters_to_fields_data_clump": 0,
    "parameters_to_parameters_data_clump": 6,
    "amount_data_clumps": 6
  },
  "project_info": {
    "project_url": "unknown_project_url",
    "project_name": "_N_1uwHeyEeiFX4HwoivBqg",
    "project_version": "unknown_project_version",
    "project_commit_hash": "unknown",
    "project_tag": null,
    "project_commit_date": null,
    "additional": {},
    "number_of_files": 5,
    "number_of_classes_or_interfaces": 5,
    "number_of_methods": 31,
    "number_of_data_fields": 16,
    "number_of_method_parameters": 32
  },
  "detector": {
    "name": "data-clumps-doctor",
    "url": "https://github.com/NilsBaumgartner1994/data-clumps-doctor",
    "version": "0.1.100",
    "options": {
      "typeVariablesConsidered": false,
      "similarityModifierOfVariablesWithUnknownType": 0,
      "fieldsOfClassesWithUnknownHierarchyProbabilityModifier": 0,
      "sharedFieldsToFieldsAmountMinimum": 3,
      "analyseFieldsInClassesOrInterfacesInheritedFromSuperClassesOrInterfaces": false,
      "sharedParametersToParametersAmountMinimum": 3,
      "sharedParametersToFieldsAmountMinimum": 3,
      "methodsOfClassesOrInterfacesWithUnknownHierarchyProbabilityModifier": 0
    }
  },
  "data_clumps": {
    "parameters_to_parameters_data_clump-./Simulation-_0HZu0VnpEDaWrO58RLtUIA-_H6D2cVnpEDaWrO58RLtUIA-parameterparameter2parameter3parameter4": {
      "type": "data_clump",
      "key": "parameters_to_parameters_data_clump-./Simulation-_0HZu0VnpEDaWrO58RLtUIA-_H6D2cVnpEDaWrO58RLtUIA-parameterparameter2parameter3parameter4",
      "probability": 1,
      "from_file_path": "./Simulation",
      "from_class_or_interface_name": "Simulation",
      "from_class_or_interface_key": "_HEIwgFnoEDaWrO58RLtUIA",
      "from_method_name": "FirstStep",
      "from_method_key": "_0HZu0VnpEDaWrO58RLtUIA",
      "to_file_path": "./Simulation",
      "to_class_or_interface_name": "Simulation",
      "to_class_or_interface_key": "_HEIwgFnoEDaWrO58RLtUIA",
      "to_method_name": "Update",
      "to_method_key": "_H6D2cVnpEDaWrO58RLtUIA",
      "data_clump_type": "parameters_to_parameters_data_clump",
      "data_clump_data": {
        "_1xi8cFnpEDaWrO58RLtUIA": {
          "key": "_1xi8cFnpEDaWrO58RLtUIA",
          "name": "parameter",
          "type": null,
          "probability": 1,
          "modifiers": [],
          "to_variable": {
            "key": "_LaCkUFnpEDaWrO58RLtUIA",
            "name": "parameter",
            "type": null,
            "modifiers": [],
            "position": {}
          },
          "position": {}
        },
        "_4GbwMFnpEDaWrO58RLtUIA": {
          "key": "_4GbwMFnpEDaWrO58RLtUIA",
          "name": "parameter2",
          "type": null,
          "probability": 1,
          "modifiers": [],
          "to_variable": {
            "key": "_NTXdcFnpEDaWrO58RLtUIA",
            "name": "parameter2",
            "type": null,
            "modifiers": [],
            "position": {}
          },
          "position": {}
        },
        "_wiQ1UFoDEDaWrO58RLtUIA": {
          "key": "_wiQ1UFoDEDaWrO58RLtUIA",
          "name": "parameter3",
          "type": null,
          "probability": 1,
          "modifiers": [],
          "to_variable": {
            "key": "_t3XVUFoDEDaWrO58RLtUIA",
            "name": "parameter3",
            "type": null,
            "modifiers": [],
            "position": {}
          },
          "position": {}
        },
        "_yAqF8FoDEDaWrO58RLtUIA": {
          "key": "_yAqF8FoDEDaWrO58RLtUIA",
          "name": "parameter4",
          "type": null,
          "probability": 1,
          "modifiers": [],
          "to_variable": {
            "key": "_vRqJEFoDEDaWrO58RLtUIA",
            "name": "parameter4",
            "type": null,
            "modifiers": [],
            "position": {}
          },
          "position": {}
        }
      }
    },
    "parameters_to_parameters_data_clump-./Simulation-_0HZu0VnpEDaWrO58RLtUIA-_rxD-4Vn9EDaWrO58RLtUIA-parameterparameter2parameter3parameter4": {
      "type": "data_clump",
      "key": "parameters_to_parameters_data_clump-./Simulation-_0HZu0VnpEDaWrO58RLtUIA-_rxD-4Vn9EDaWrO58RLtUIA-parameterparameter2parameter3parameter4",
      "probability": 1,
      "from_file_path": "./Simulation",
      "from_class_or_interface_name": "Simulation",
      "from_class_or_interface_key": "_HEIwgFnoEDaWrO58RLtUIA",
      "from_method_name": "FirstStep",
      "from_method_key": "_0HZu0VnpEDaWrO58RLtUIA",
      "to_file_path": "./Simulation",
      "to_class_or_interface_name": "Simulation",
      "to_class_or_interface_key": "_HEIwgFnoEDaWrO58RLtUIA",
      "to_method_name": "RunSimulation",
      "to_method_key": "_rxD-4Vn9EDaWrO58RLtUIA",
      "data_clump_type": "parameters_to_parameters_data_clump",
      "data_clump_data": {
        "_1xi8cFnpEDaWrO58RLtUIA": {
          "key": "_1xi8cFnpEDaWrO58RLtUIA",
          "name": "parameter",
          "type": null,
          "probability": 1,
          "modifiers": [],
          "to_variable": {
            "key": "_ttdaIFn9EDaWrO58RLtUIA",
            "name": "parameter",
            "type": null,
            "modifiers": [],
            "position": {}
          },
          "position": {}
        },
        "_4GbwMFnpEDaWrO58RLtUIA": {
          "key": "_4GbwMFnpEDaWrO58RLtUIA",
          "name": "parameter2",
          "type": null,
          "probability": 1,
          "modifiers": [],
          "to_variable": {
            "key": "_vAgWYFn9EDaWrO58RLtUIA",
            "name": "parameter2",
            "type": null,
            "modifiers": [],
            "position": {}
          },
          "position": {}
        },
        "_wiQ1UFoDEDaWrO58RLtUIA": {
          "key": "_wiQ1UFoDEDaWrO58RLtUIA",
          "name": "parameter3",
          "type": null,
          "probability": 1,
          "modifiers": [],
          "to_variable": {
            "key": "_wqWCAFn9EDaWrO58RLtUIA",
            "name": "parameter3",
            "type": null,
            "modifiers": [],
            "position": {}
          },
          "position": {}
        },
        "_yAqF8FoDEDaWrO58RLtUIA": {
          "key": "_yAqF8FoDEDaWrO58RLtUIA",
          "name": "parameter4",
          "type": null,
          "probability": 1,
          "modifiers": [],
          "to_variable": {
            "key": "_yicMEFn9EDaWrO58RLtUIA",
            "name": "parameter4",
            "type": null,
            "modifiers": [],
            "position": {}
          },
          "position": {}
        }
      }
    },
    "parameters_to_parameters_data_clump-./Simulation-_H6D2cVnpEDaWrO58RLtUIA-_0HZu0VnpEDaWrO58RLtUIA-parameterparameter2parameter3parameter4": {
      "type": "data_clump",
      "key": "parameters_to_parameters_data_clump-./Simulation-_H6D2cVnpEDaWrO58RLtUIA-_0HZu0VnpEDaWrO58RLtUIA-parameterparameter2parameter3parameter4",
      "probability": 1,
      "from_file_path": "./Simulation",
      "from_class_or_interface_name": "Simulation",
      "from_class_or_interface_key": "_HEIwgFnoEDaWrO58RLtUIA",
      "from_method_name": "Update",
      "from_method_key": "_H6D2cVnpEDaWrO58RLtUIA",
      "to_file_path": "./Simulation",
      "to_class_or_interface_name": "Simulation",
      "to_class_or_interface_key": "_HEIwgFnoEDaWrO58RLtUIA",
      "to_method_name": "FirstStep",
      "to_method_key": "_0HZu0VnpEDaWrO58RLtUIA",
      "data_clump_type": "parameters_to_parameters_data_clump",
      "data_clump_data": {
        "_LaCkUFnpEDaWrO58RLtUIA": {
          "key": "_LaCkUFnpEDaWrO58RLtUIA",
          "name": "parameter",
          "type": null,
          "probability": 1,
          "modifiers": [],
          "to_variable": {
            "key": "_1xi8cFnpEDaWrO58RLtUIA",
            "name": "parameter",
            "type": null,
            "modifiers": [],
            "position": {}
          },
          "position": {}
        },
        "_NTXdcFnpEDaWrO58RLtUIA": {
          "key": "_NTXdcFnpEDaWrO58RLtUIA",
          "name": "parameter2",
          "type": null,
          "probability": 1,
          "modifiers": [],
          "to_variable": {
            "key": "_4GbwMFnpEDaWrO58RLtUIA",
            "name": "parameter2",
            "type": null,
            "modifiers": [],
            "position": {}
          },
          "position": {}
        },
        "_t3XVUFoDEDaWrO58RLtUIA": {
          "key": "_t3XVUFoDEDaWrO58RLtUIA",
          "name": "parameter3",
          "type": null,
          "probability": 1,
          "modifiers": [],
          "to_variable": {
            "key": "_wiQ1UFoDEDaWrO58RLtUIA",
            "name": "parameter3",
            "type": null,
            "modifiers": [],
            "position": {}
          },
          "position": {}
        },
        "_vRqJEFoDEDaWrO58RLtUIA": {
          "key": "_vRqJEFoDEDaWrO58RLtUIA",
          "name": "parameter4",
          "type": null,
          "probability": 1,
          "modifiers": [],
          "to_variable": {
            "key": "_yAqF8FoDEDaWrO58RLtUIA",
            "name": "parameter4",
            "type": null,
            "modifiers": [],
            "position": {}
          },
          "position": {}
        }
      }
    },
    "parameters_to_parameters_data_clump-./Simulation-_H6D2cVnpEDaWrO58RLtUIA-_rxD-4Vn9EDaWrO58RLtUIA-parameterparameter2parameter3parameter4": {
      "type": "data_clump",
      "key": "parameters_to_parameters_data_clump-./Simulation-_H6D2cVnpEDaWrO58RLtUIA-_rxD-4Vn9EDaWrO58RLtUIA-parameterparameter2parameter3parameter4",
      "probability": 1,
      "from_file_path": "./Simulation",
      "from_class_or_interface_name": "Simulation",
      "from_class_or_interface_key": "_HEIwgFnoEDaWrO58RLtUIA",
      "from_method_name": "Update",
      "from_method_key": "_H6D2cVnpEDaWrO58RLtUIA",
      "to_file_path": "./Simulation",
      "to_class_or_interface_name": "Simulation",
      "to_class_or_interface_key": "_HEIwgFnoEDaWrO58RLtUIA",
      "to_method_name": "RunSimulation",
      "to_method_key": "_rxD-4Vn9EDaWrO58RLtUIA",
      "data_clump_type": "parameters_to_parameters_data_clump",
      "data_clump_data": {
        "_LaCkUFnpEDaWrO58RLtUIA": {
          "key": "_LaCkUFnpEDaWrO58RLtUIA",
          "name": "parameter",
          "type": null,
          "probability": 1,
          "modifiers": [],
          "to_variable": {
            "key": "_ttdaIFn9EDaWrO58RLtUIA",
            "name": "parameter",
            "type": null,
            "modifiers": [],
            "position": {}
          },
          "position": {}
        },
        "_NTXdcFnpEDaWrO58RLtUIA": {
          "key": "_NTXdcFnpEDaWrO58RLtUIA",
          "name": "parameter2",
          "type": null,
          "probability": 1,
          "modifiers": [],
          "to_variable": {
            "key": "_vAgWYFn9EDaWrO58RLtUIA",
            "name": "parameter2",
            "type": null,
            "modifiers": [],
            "position": {}
          },
          "position": {}
        },
        "_t3XVUFoDEDaWrO58RLtUIA": {
          "key": "_t3XVUFoDEDaWrO58RLtUIA",
          "name": "parameter3",
          "type": null,
          "probability": 1,
          "modifiers": [],
          "to_variable": {
            "key": "_wqWCAFn9EDaWrO58RLtUIA",
            "name": "parameter3",
            "type": null,
            "modifiers": [],
            "position": {}
          },
          "position": {}
        },
        "_vRqJEFoDEDaWrO58RLtUIA": {
          "key": "_vRqJEFoDEDaWrO58RLtUIA",
          "name": "parameter4",
          "type": null,
          "probability": 1,
          "modifiers": [],
          "to_variable": {
            "key": "_yicMEFn9EDaWrO58RLtUIA",
            "name": "parameter4",
            "type": null,
            "modifiers": [],
            "position": {}
          },
          "position": {}
        }
      }
    },
    "parameters_to_parameters_data_clump-./Simulation-_rxD-4Vn9EDaWrO58RLtUIA-_0HZu0VnpEDaWrO58RLtUIA-parameterparameter2parameter3parameter4": {
      "type": "data_clump",
      "key": "parameters_to_parameters_data_clump-./Simulation-_rxD-4Vn9EDaWrO58RLtUIA-_0HZu0VnpEDaWrO58RLtUIA-parameterparameter2parameter3parameter4",
      "probability": 1,
      "from_file_path": "./Simulation",
      "from_class_or_interface_name": "Simulation",
      "from_class_or_interface_key": "_HEIwgFnoEDaWrO58RLtUIA",
      "from_method_name": "RunSimulation",
      "from_method_key": "_rxD-4Vn9EDaWrO58RLtUIA",
      "to_file_path": "./Simulation",
      "to_class_or_interface_name": "Simulation",
      "to_class_or_interface_key": "_HEIwgFnoEDaWrO58RLtUIA",
      "to_method_name": "FirstStep",
      "to_method_key": "_0HZu0VnpEDaWrO58RLtUIA",
      "data_clump_type": "parameters_to_parameters_data_clump",
      "data_clump_data": {
        "_ttdaIFn9EDaWrO58RLtUIA": {
          "key": "_ttdaIFn9EDaWrO58RLtUIA",
          "name": "parameter",
          "type": null,
          "probability": 1,
          "modifiers": [],
          "to_variable": {
            "key": "_1xi8cFnpEDaWrO58RLtUIA",
            "name": "parameter",
            "type": null,
            "modifiers": [],
            "position": {}
          },
          "position": {}
        },
        "_vAgWYFn9EDaWrO58RLtUIA": {
          "key": "_vAgWYFn9EDaWrO58RLtUIA",
          "name": "parameter2",
          "type": null,
          "probability": 1,
          "modifiers": [],
          "to_variable": {
            "key": "_4GbwMFnpEDaWrO58RLtUIA",
            "name": "parameter2",
            "type": null,
            "modifiers": [],
            "position": {}
          },
          "position": {}
        },
        "_wqWCAFn9EDaWrO58RLtUIA": {
          "key": "_wqWCAFn9EDaWrO58RLtUIA",
          "name": "parameter3",
          "type": null,
          "probability": 1,
          "modifiers": [],
          "to_variable": {
            "key": "_wiQ1UFoDEDaWrO58RLtUIA",
            "name": "parameter3",
            "type": null,
            "modifiers": [],
            "position": {}
          },
          "position": {}
        },
        "_yicMEFn9EDaWrO58RLtUIA": {
          "key": "_yicMEFn9EDaWrO58RLtUIA",
          "name": "parameter4",
          "type": null,
          "probability": 1,
          "modifiers": [],
          "to_variable": {
            "key": "_yAqF8FoDEDaWrO58RLtUIA",
            "name": "parameter4",
            "type": null,
            "modifiers": [],
            "position": {}
          },
          "position": {}
        }
      }
    },
    "parameters_to_parameters_data_clump-./Simulation-_rxD-4Vn9EDaWrO58RLtUIA-_H6D2cVnpEDaWrO58RLtUIA-parameterparameter2parameter3parameter4": {
      "type": "data_clump",
      "key": "parameters_to_parameters_data_clump-./Simulation-_rxD-4Vn9EDaWrO58RLtUIA-_H6D2cVnpEDaWrO58RLtUIA-parameterparameter2parameter3parameter4",
      "probability": 1,
      "from_file_path": "./Simulation",
      "from_class_or_interface_name": "Simulation",
      "from_class_or_interface_key": "_HEIwgFnoEDaWrO58RLtUIA",
      "from_method_name": "RunSimulation",
      "from_method_key": "_rxD-4Vn9EDaWrO58RLtUIA",
      "to_file_path": "./Simulation",
      "to_class_or_interface_name": "Simulation",
      "to_class_or_interface_key": "_HEIwgFnoEDaWrO58RLtUIA",
      "to_method_name": "Update",
      "to_method_key": "_H6D2cVnpEDaWrO58RLtUIA",
      "data_clump_type": "parameters_to_parameters_data_clump",
      "data_clump_data": {
        "_ttdaIFn9EDaWrO58RLtUIA": {
          "key": "_ttdaIFn9EDaWrO58RLtUIA",
          "name": "parameter",
          "type": null,
          "probability": 1,
          "modifiers": [],
          "to_variable": {
            "key": "_LaCkUFnpEDaWrO58RLtUIA",
            "name": "parameter",
            "type": null,
            "modifiers": [],
            "position": {}
          },
          "position": {}
        },
        "_vAgWYFn9EDaWrO58RLtUIA": {
          "key": "_vAgWYFn9EDaWrO58RLtUIA",
          "name": "parameter2",
          "type": null,
          "probability": 1,
          "modifiers": [],
          "to_variable": {
            "key": "_NTXdcFnpEDaWrO58RLtUIA",
            "name": "parameter2",
            "type": null,
            "modifiers": [],
            "position": {}
          },
          "position": {}
        },
        "_wqWCAFn9EDaWrO58RLtUIA": {
          "key": "_wqWCAFn9EDaWrO58RLtUIA",
          "name": "parameter3",
          "type": null,
          "probability": 1,
          "modifiers": [],
          "to_variable": {
            "key": "_t3XVUFoDEDaWrO58RLtUIA",
            "name": "parameter3",
            "type": null,
            "modifiers": [],
            "position": {}
          },
          "position": {}
        },
        "_yicMEFn9EDaWrO58RLtUIA": {
          "key": "_yicMEFn9EDaWrO58RLtUIA",
          "name": "parameter4",
          "type": null,
          "probability": 1,
          "modifiers": [],
          "to_variable": {
            "key": "_vRqJEFoDEDaWrO58RLtUIA",
            "name": "parameter4",
            "type": null,
            "modifiers": [],
            "position": {}
          },
          "position": {}
        }
      }
    }
  }
}