{
  "report_version": "unknown",
  "report_timestamp": "2025-03-26T22:38:03.501Z",
  "target_language": "java",
  "report_summary": {
    "additional": null,
    "amount_classes_or_interfaces_with_data_clumps": 3,
    "amount_files_with_data_clumps": 3,
    "amount_methods_with_data_clumps": 0,
    "fields_to_fields_data_clump": 4,
    "parameters_to_fields_data_clump": 0,
    "parameters_to_parameters_data_clump": 0,
    "amount_data_clumps": 4
  },
  "project_info": {
    "project_url": "unknown_project_url",
    "project_name": "_zPxvkEYWEeeTJ_4Vl2J2rQ",
    "project_version": "unknown_project_version",
    "project_commit_hash": "unknown",
    "project_tag": null,
    "project_commit_date": null,
    "additional": {},
    "number_of_files": 5,
    "number_of_classes_or_interfaces": 5,
    "number_of_methods": 0,
    "number_of_data_fields": 111,
    "number_of_method_parameters": 0
  },
  "detector": {
    "name": "data-clumps-doctor",
    "url": "https://github.com/NilsBaumgartner1994/data-clumps-doctor",
    "version": "0.1.100",
    "options": {
      "typeVariablesConsidered": false,
      "similarityModifierOfVariablesWithUnknownType": 0,
      "fieldsOfClassesWithUnknownHierarchyProbabilityModifier": 0,
      "sharedFieldsToFieldsAmountMinimum": 3,
      "analyseFieldsInClassesOrInterfacesInheritedFromSuperClassesOrInterfaces": false,
      "sharedParametersToParametersAmountMinimum": 3,
      "sharedParametersToFieldsAmountMinimum": 3,
      "methodsOfClassesOrInterfacesWithUnknownHierarchyProbabilityModifier": 0
    }
  },
  "data_clumps": {
    "fields_to_fields_data_clump-./Diver-_pwXtMChGEDWYv-isDGJ9FA-_S_bkoChJEDWYv-isDGJ9FA-IdleftSurfacereachedBottommaxDepthreachedSurfacetotalDivingTimeN2GroupAfterDive": {
      "type": "data_clump",
      "key": "fields_to_fields_data_clump-./Diver-_pwXtMChGEDWYv-isDGJ9FA-_S_bkoChJEDWYv-isDGJ9FA-IdleftSurfacereachedBottommaxDepthreachedSurfacetotalDivingTimeN2GroupAfterDive",
      "probability": 1,
      "from_file_path": "./Diver",
      "from_class_or_interface_name": "Diver",
      "from_class_or_interface_key": "_pwXtMChGEDWYv-isDGJ9FA",
      "from_method_name": null,
      "from_method_key": null,
      "to_file_path": "./Journal_Pressurechamber",
      "to_class_or_interface_key": "_S_bkoChJEDWYv-isDGJ9FA",
      "to_class_or_interface_name": "Diver",
      "to_method_key": null,
      "to_method_name": null,
      "data_clump_type": "fields_to_fields_data_clump",
      "data_clump_data": {
        "_pwXtMShGEDWYv-isDGJ9FA": {
          "key": "_pwXtMShGEDWYv-isDGJ9FA",
          "name": "Id",
          "type": null,
          "probability": 1,
          "modifiers": [
            "public"
          ],
          "to_variable": {
            "key": "_S_bkoShJEDWYv-isDGJ9FA",
            "name": "Id",
            "type": null,
            "modifiers": [
              "public"
            ],
            "position": {}
          },
          "position": {}
        },
        "_pwXtQChGEDWYv-isDGJ9FA": {
          "key": "_pwXtQChGEDWYv-isDGJ9FA",
          "name": "leftSurface",
          "type": null,
          "probability": 1,
          "modifiers": [
            "public"
          ],
          "to_variable": {
            "key": "_S_bkuyhJEDWYv-isDGJ9FA",
            "name": "leftSurface",
            "type": null,
            "modifiers": [
              "public"
            ],
            "position": {}
          },
          "position": {}
        },
        "_pwXtQShGEDWYv-isDGJ9FA": {
          "key": "_pwXtQShGEDWYv-isDGJ9FA",
          "name": "reachedBottom",
          "type": null,
          "probability": 1,
          "modifiers": [
            "public"
          ],
          "to_variable": {
            "key": "_S_bkvChJEDWYv-isDGJ9FA",
            "name": "reachedBottom",
            "type": null,
            "modifiers": [
              "public"
            ],
            "position": {}
          },
          "position": {}
        },
        "_pwXtRShGEDWYv-isDGJ9FA": {
          "key": "_pwXtRShGEDWYv-isDGJ9FA",
          "name": "maxDepth",
          "type": null,
          "probability": 1,
          "modifiers": [
            "public"
          ],
          "to_variable": {
            "key": "_DiW9MChKEDWYv-isDGJ9FA",
            "name": "maxDepth",
            "type": null,
            "modifiers": [
              "public"
            ],
            "position": {}
          },
          "position": {}
        },
        "_pwXtTChGEDWYv-isDGJ9FA": {
          "key": "_pwXtTChGEDWYv-isDGJ9FA",
          "name": "reachedSurface",
          "type": null,
          "probability": 1,
          "modifiers": [
            "public"
          ],
          "to_variable": {
            "key": "_DjsZ8ChKEDWYv-isDGJ9FA",
            "name": "reachedSurface",
            "type": null,
            "modifiers": [
              "public"
            ],
            "position": {}
          },
          "position": {}
        },
        "_ce5lMChIEDWYv-isDGJ9FA": {
          "key": "_ce5lMChIEDWYv-isDGJ9FA",
          "name": "totalDivingTime",
          "type": null,
          "probability": 1,
          "modifiers": [
            "public"
          ],
          "to_variable": {
            "key": "_Dk8XIChKEDWYv-isDGJ9FA",
            "name": "totalDivingTime",
            "type": null,
            "modifiers": [
              "public"
            ],
            "position": {}
          },
          "position": {}
        },
        "_cvSKkChIEDWYv-isDGJ9FA": {
          "key": "_cvSKkChIEDWYv-isDGJ9FA",
          "name": "N2GroupAfterDive",
          "type": null,
          "probability": 1,
          "modifiers": [
            "public"
          ],
          "to_variable": {
            "key": "_DnbDYChKEDWYv-isDGJ9FA",
            "name": "N2GroupAfterDive",
            "type": null,
            "modifiers": [
              "public"
            ],
            "position": {}
          },
          "position": {}
        }
      }
    },
    "fields_to_fields_data_clump-./Journal-_6hGxYChEEDWYv-isDGJ9FA-_S_bkoChJEDWYv-isDGJ9FA-Iddatelocationdivingchiefairsystem_mainairsystem_secondaryoxygenForChamber_inUseoxygenForChamber_readyForUsenoteschangelog": {
      "type": "data_clump",
      "key": "fields_to_fields_data_clump-./Journal-_6hGxYChEEDWYv-isDGJ9FA-_S_bkoChJEDWYv-isDGJ9FA-Iddatelocationdivingchiefairsystem_mainairsystem_secondaryoxygenForChamber_inUseoxygenForChamber_readyForUsenoteschangelog",
      "probability": 1,
      "from_file_path": "./Journal",
      "from_class_or_interface_name": "Journal",
      "from_class_or_interface_key": "_6hGxYChEEDWYv-isDGJ9FA",
      "from_method_name": null,
      "from_method_key": null,
      "to_file_path": "./Journal_Pressurechamber",
      "to_class_or_interface_key": "_S_bkoChJEDWYv-isDGJ9FA",
      "to_class_or_interface_name": "Journal",
      "to_method_key": null,
      "to_method_name": null,
      "data_clump_type": "fields_to_fields_data_clump",
      "data_clump_data": {
        "_Cr3MUChFEDWYv-isDGJ9FA": {
          "key": "_Cr3MUChFEDWYv-isDGJ9FA",
          "name": "Id",
          "type": null,
          "probability": 1,
          "modifiers": [
            "public"
          ],
          "to_variable": {
            "key": "_S_bkoShJEDWYv-isDGJ9FA",
            "name": "Id",
            "type": null,
            "modifiers": [
              "public"
            ],
            "position": {}
          },
          "position": {}
        },
        "_JD0M4ChFEDWYv-isDGJ9FA": {
          "key": "_JD0M4ChFEDWYv-isDGJ9FA",
          "name": "date",
          "type": null,
          "probability": 1,
          "modifiers": [
            "public"
          ],
          "to_variable": {
            "key": "_S_bkoihJEDWYv-isDGJ9FA",
            "name": "date",
            "type": null,
            "modifiers": [
              "public"
            ],
            "position": {}
          },
          "position": {}
        },
        "_JFRlcChFEDWYv-isDGJ9FA": {
          "key": "_JFRlcChFEDWYv-isDGJ9FA",
          "name": "location",
          "type": null,
          "probability": 1,
          "modifiers": [
            "public"
          ],
          "to_variable": {
            "key": "_S_bkoyhJEDWYv-isDGJ9FA",
            "name": "location",
            "type": null,
            "modifiers": [
              "public"
            ],
            "position": {}
          },
          "position": {}
        },
        "_JIFo4ChFEDWYv-isDGJ9FA": {
          "key": "_JIFo4ChFEDWYv-isDGJ9FA",
          "name": "divingchief",
          "type": null,
          "probability": 1,
          "modifiers": [
            "public"
          ],
          "to_variable": {
            "key": "_S_bkpihJEDWYv-isDGJ9FA",
            "name": "divingchief",
            "type": null,
            "modifiers": [
              "public"
            ],
            "position": {}
          },
          "position": {}
        },
        "_Hx4OcChGEDWYv-isDGJ9FA": {
          "key": "_Hx4OcChGEDWYv-isDGJ9FA",
          "name": "airsystem_main",
          "type": null,
          "probability": 1,
          "modifiers": [
            "public"
          ],
          "to_variable": {
            "key": "_S_bktShJEDWYv-isDGJ9FA",
            "name": "airsystem_main",
            "type": null,
            "modifiers": [
              "public"
            ],
            "position": {}
          },
          "position": {}
        },
        "_HzeJ4ChGEDWYv-isDGJ9FA": {
          "key": "_HzeJ4ChGEDWYv-isDGJ9FA",
          "name": "airsystem_secondary",
          "type": null,
          "probability": 1,
          "modifiers": [
            "public"
          ],
          "to_variable": {
            "key": "_S_bktihJEDWYv-isDGJ9FA",
            "name": "airsystem_secondary",
            "type": null,
            "modifiers": [
              "public"
            ],
            "position": {}
          },
          "position": {}
        },
        "_H06UUChGEDWYv-isDGJ9FA": {
          "key": "_H06UUChGEDWYv-isDGJ9FA",
          "name": "oxygenForChamber_inUse",
          "type": null,
          "probability": 1,
          "modifiers": [
            "public"
          ],
          "to_variable": {
            "key": "_S_bktyhJEDWYv-isDGJ9FA",
            "name": "oxygenForChamber_inUse",
            "type": null,
            "modifiers": [
              "public"
            ],
            "position": {}
          },
          "position": {}
        },
        "_H3xbEChGEDWYv-isDGJ9FA": {
          "key": "_H3xbEChGEDWYv-isDGJ9FA",
          "name": "oxygenForChamber_readyForUse",
          "type": null,
          "probability": 1,
          "modifiers": [
            "public"
          ],
          "to_variable": {
            "key": "_S_bkuChJEDWYv-isDGJ9FA",
            "name": "oxygenForChamber_readyForUse",
            "type": null,
            "modifiers": [
              "public"
            ],
            "position": {}
          },
          "position": {}
        },
        "_H76UMChGEDWYv-isDGJ9FA": {
          "key": "_H76UMChGEDWYv-isDGJ9FA",
          "name": "notes",
          "type": null,
          "probability": 1,
          "modifiers": [
            "public"
          ],
          "to_variable": {
            "key": "_Dq8RcChKEDWYv-isDGJ9FA",
            "name": "notes",
            "type": null,
            "modifiers": [
              "public"
            ],
            "position": {}
          },
          "position": {}
        },
        "_H9wHQChGEDWYv-isDGJ9FA": {
          "key": "_H9wHQChGEDWYv-isDGJ9FA",
          "name": "changelog",
          "type": null,
          "probability": 1,
          "modifiers": [
            "public"
          ],
          "to_variable": {
            "key": "_DtaWoChKEDWYv-isDGJ9FA",
            "name": "changelog",
            "type": null,
            "modifiers": [
              "public"
            ],
            "position": {}
          },
          "position": {}
        }
      }
    },
    "fields_to_fields_data_clump-./Journal_Pressurechamber-_S_bkoChJEDWYv-isDGJ9FA-_pwXtMChGEDWYv-isDGJ9FA-IdleftSurfacereachedBottommaxDepthreachedSurfacetotalDivingTimeN2GroupAfterDive": {
      "type": "data_clump",
      "key": "fields_to_fields_data_clump-./Journal_Pressurechamber-_S_bkoChJEDWYv-isDGJ9FA-_pwXtMChGEDWYv-isDGJ9FA-IdleftSurfacereachedBottommaxDepthreachedSurfacetotalDivingTimeN2GroupAfterDive",
      "probability": 1,
      "from_file_path": "./Journal_Pressurechamber",
      "from_class_or_interface_name": "Journal_Pressurechamber",
      "from_class_or_interface_key": "_S_bkoChJEDWYv-isDGJ9FA",
      "from_method_name": null,
      "from_method_key": null,
      "to_file_path": "./Diver",
      "to_class_or_interface_key": "_pwXtMChGEDWYv-isDGJ9FA",
      "to_class_or_interface_name": "Journal_Pressurechamber",
      "to_method_key": null,
      "to_method_name": null,
      "data_clump_type": "fields_to_fields_data_clump",
      "data_clump_data": {
        "_S_bkoShJEDWYv-isDGJ9FA": {
          "key": "_S_bkoShJEDWYv-isDGJ9FA",
          "name": "Id",
          "type": null,
          "probability": 1,
          "modifiers": [
            "public"
          ],
          "to_variable": {
            "key": "_pwXtMShGEDWYv-isDGJ9FA",
            "name": "Id",
            "type": null,
            "modifiers": [
              "public"
            ],
            "position": {}
          },
          "position": {}
        },
        "_S_bkuyhJEDWYv-isDGJ9FA": {
          "key": "_S_bkuyhJEDWYv-isDGJ9FA",
          "name": "leftSurface",
          "type": null,
          "probability": 1,
          "modifiers": [
            "public"
          ],
          "to_variable": {
            "key": "_pwXtQChGEDWYv-isDGJ9FA",
            "name": "leftSurface",
            "type": null,
            "modifiers": [
              "public"
            ],
            "position": {}
          },
          "position": {}
        },
        "_S_bkvChJEDWYv-isDGJ9FA": {
          "key": "_S_bkvChJEDWYv-isDGJ9FA",
          "name": "reachedBottom",
          "type": null,
          "probability": 1,
          "modifiers": [
            "public"
          ],
          "to_variable": {
            "key": "_pwXtQShGEDWYv-isDGJ9FA",
            "name": "reachedBottom",
            "type": null,
            "modifiers": [
              "public"
            ],
            "position": {}
          },
          "position": {}
        },
        "_DiW9MChKEDWYv-isDGJ9FA": {
          "key": "_DiW9MChKEDWYv-isDGJ9FA",
          "name": "maxDepth",
          "type": null,
          "probability": 1,
          "modifiers": [
            "public"
          ],
          "to_variable": {
            "key": "_pwXtRShGEDWYv-isDGJ9FA",
            "name": "maxDepth",
            "type": null,
            "modifiers": [
              "public"
            ],
            "position": {}
          },
          "position": {}
        },
        "_DjsZ8ChKEDWYv-isDGJ9FA": {
          "key": "_DjsZ8ChKEDWYv-isDGJ9FA",
          "name": "reachedSurface",
          "type": null,
          "probability": 1,
          "modifiers": [
            "public"
          ],
          "to_variable": {
            "key": "_pwXtTChGEDWYv-isDGJ9FA",
            "name": "reachedSurface",
            "type": null,
            "modifiers": [
              "public"
            ],
            "position": {}
          },
          "position": {}
        },
        "_Dk8XIChKEDWYv-isDGJ9FA": {
          "key": "_Dk8XIChKEDWYv-isDGJ9FA",
          "name": "totalDivingTime",
          "type": null,
          "probability": 1,
          "modifiers": [
            "public"
          ],
          "to_variable": {
            "key": "_ce5lMChIEDWYv-isDGJ9FA",
            "name": "totalDivingTime",
            "type": null,
            "modifiers": [
              "public"
            ],
            "position": {}
          },
          "position": {}
        },
        "_DnbDYChKEDWYv-isDGJ9FA": {
          "key": "_DnbDYChKEDWYv-isDGJ9FA",
          "name": "N2GroupAfterDive",
          "type": null,
          "probability": 1,
          "modifiers": [
            "public"
          ],
          "to_variable": {
            "key": "_cvSKkChIEDWYv-isDGJ9FA",
            "name": "N2GroupAfterDive",
            "type": null,
            "modifiers": [
              "public"
            ],
            "position": {}
          },
          "position": {}
        }
      }
    },
    "fields_to_fields_data_clump-./Journal_Pressurechamber-_S_bkoChJEDWYv-isDGJ9FA-_6hGxYChEEDWYv-isDGJ9FA-Iddatelocationdivingchiefairsystem_mainairsystem_secondaryoxygenForChamber_inUseoxygenForChamber_readyForUsenoteschangelog": {
      "type": "data_clump",
      "key": "fields_to_fields_data_clump-./Journal_Pressurechamber-_S_bkoChJEDWYv-isDGJ9FA-_6hGxYChEEDWYv-isDGJ9FA-Iddatelocationdivingchiefairsystem_mainairsystem_secondaryoxygenForChamber_inUseoxygenForChamber_readyForUsenoteschangelog",
      "probability": 1,
      "from_file_path": "./Journal_Pressurechamber",
      "from_class_or_interface_name": "Journal_Pressurechamber",
      "from_class_or_interface_key": "_S_bkoChJEDWYv-isDGJ9FA",
      "from_method_name": null,
      "from_method_key": null,
      "to_file_path": "./Journal",
      "to_class_or_interface_key": "_6hGxYChEEDWYv-isDGJ9FA",
      "to_class_or_interface_name": "Journal_Pressurechamber",
      "to_method_key": null,
      "to_method_name": null,
      "data_clump_type": "fields_to_fields_data_clump",
      "data_clump_data": {
        "_S_bkoShJEDWYv-isDGJ9FA": {
          "key": "_S_bkoShJEDWYv-isDGJ9FA",
          "name": "Id",
          "type": null,
          "probability": 1,
          "modifiers": [
            "public"
          ],
          "to_variable": {
            "key": "_Cr3MUChFEDWYv-isDGJ9FA",
            "name": "Id",
            "type": null,
            "modifiers": [
              "public"
            ],
            "position": {}
          },
          "position": {}
        },
        "_S_bkoihJEDWYv-isDGJ9FA": {
          "key": "_S_bkoihJEDWYv-isDGJ9FA",
          "name": "date",
          "type": null,
          "probability": 1,
          "modifiers": [
            "public"
          ],
          "to_variable": {
            "key": "_JD0M4ChFEDWYv-isDGJ9FA",
            "name": "date",
            "type": null,
            "modifiers": [
              "public"
            ],
            "position": {}
          },
          "position": {}
        },
        "_S_bkoyhJEDWYv-isDGJ9FA": {
          "key": "_S_bkoyhJEDWYv-isDGJ9FA",
          "name": "location",
          "type": null,
          "probability": 1,
          "modifiers": [
            "public"
          ],
          "to_variable": {
            "key": "_JFRlcChFEDWYv-isDGJ9FA",
            "name": "location",
            "type": null,
            "modifiers": [
              "public"
            ],
            "position": {}
          },
          "position": {}
        },
        "_S_bkpihJEDWYv-isDGJ9FA": {
          "key": "_S_bkpihJEDWYv-isDGJ9FA",
          "name": "divingchief",
          "type": null,
          "probability": 1,
          "modifiers": [
            "public"
          ],
          "to_variable": {
            "key": "_JIFo4ChFEDWYv-isDGJ9FA",
            "name": "divingchief",
            "type": null,
            "modifiers": [
              "public"
            ],
            "position": {}
          },
          "position": {}
        },
        "_S_bktShJEDWYv-isDGJ9FA": {
          "key": "_S_bktShJEDWYv-isDGJ9FA",
          "name": "airsystem_main",
          "type": null,
          "probability": 1,
          "modifiers": [
            "public"
          ],
          "to_variable": {
            "key": "_Hx4OcChGEDWYv-isDGJ9FA",
            "name": "airsystem_main",
            "type": null,
            "modifiers": [
              "public"
            ],
            "position": {}
          },
          "position": {}
        },
        "_S_bktihJEDWYv-isDGJ9FA": {
          "key": "_S_bktihJEDWYv-isDGJ9FA",
          "name": "airsystem_secondary",
          "type": null,
          "probability": 1,
          "modifiers": [
            "public"
          ],
          "to_variable": {
            "key": "_HzeJ4ChGEDWYv-isDGJ9FA",
            "name": "airsystem_secondary",
            "type": null,
            "modifiers": [
              "public"
            ],
            "position": {}
          },
          "position": {}
        },
        "_S_bktyhJEDWYv-isDGJ9FA": {
          "key": "_S_bktyhJEDWYv-isDGJ9FA",
          "name": "oxygenForChamber_inUse",
          "type": null,
          "probability": 1,
          "modifiers": [
            "public"
          ],
          "to_variable": {
            "key": "_H06UUChGEDWYv-isDGJ9FA",
            "name": "oxygenForChamber_inUse",
            "type": null,
            "modifiers": [
              "public"
            ],
            "position": {}
          },
          "position": {}
        },
        "_S_bkuChJEDWYv-isDGJ9FA": {
          "key": "_S_bkuChJEDWYv-isDGJ9FA",
          "name": "oxygenForChamber_readyForUse",
          "type": null,
          "probability": 1,
          "modifiers": [
            "public"
          ],
          "to_variable": {
            "key": "_H3xbEChGEDWYv-isDGJ9FA",
            "name": "oxygenForChamber_readyForUse",
            "type": null,
            "modifiers": [
              "public"
            ],
            "position": {}
          },
          "position": {}
        },
        "_Dq8RcChKEDWYv-isDGJ9FA": {
          "key": "_Dq8RcChKEDWYv-isDGJ9FA",
          "name": "notes",
          "type": null,
          "probability": 1,
          "modifiers": [
            "public"
          ],
          "to_variable": {
            "key": "_H76UMChGEDWYv-isDGJ9FA",
            "name": "notes",
            "type": null,
            "modifiers": [
              "public"
            ],
            "position": {}
          },
          "position": {}
        },
        "_DtaWoChKEDWYv-isDGJ9FA": {
          "key": "_DtaWoChKEDWYv-isDGJ9FA",
          "name": "changelog",
          "type": null,
          "probability": 1,
          "modifiers": [
            "public"
          ],
          "to_variable": {
            "key": "_H9wHQChGEDWYv-isDGJ9FA",
            "name": "changelog",
            "type": null,
            "modifiers": [
              "public"
            ],
            "position": {}
          },
          "position": {}
        }
      }
    }
  }
}