{
  "report_version": "unknown",
  "report_timestamp": "2025-03-26T22:12:46.960Z",
  "target_language": "java",
  "report_summary": {
    "additional": null,
    "amount_classes_or_interfaces_with_data_clumps": 2,
    "amount_files_with_data_clumps": 2,
    "amount_methods_with_data_clumps": 0,
    "fields_to_fields_data_clump": 2,
    "parameters_to_fields_data_clump": 0,
    "parameters_to_parameters_data_clump": 0,
    "amount_data_clumps": 2
  },
  "project_info": {
    "project_url": "unknown_project_url",
    "project_name": "_MNKnQCKWEeebMd4KpxnGEA",
    "project_version": "unknown_project_version",
    "project_commit_hash": "unknown",
    "project_tag": null,
    "project_commit_date": null,
    "additional": {},
    "number_of_files": 6,
    "number_of_classes_or_interfaces": 6,
    "number_of_methods": 4,
    "number_of_data_fields": 27,
    "number_of_method_parameters": 4
  },
  "detector": {
    "name": "data-clumps-doctor",
    "url": "https://github.com/NilsBaumgartner1994/data-clumps-doctor",
    "version": "0.1.100",
    "options": {
      "typeVariablesConsidered": false,
      "similarityModifierOfVariablesWithUnknownType": 0,
      "fieldsOfClassesWithUnknownHierarchyProbabilityModifier": 0,
      "sharedFieldsToFieldsAmountMinimum": 3,
      "analyseFieldsInClassesOrInterfacesInheritedFromSuperClassesOrInterfaces": false,
      "sharedParametersToParametersAmountMinimum": 3,
      "sharedParametersToFieldsAmountMinimum": 3,
      "methodsOfClassesOrInterfacesWithUnknownHierarchyProbabilityModifier": 0
    }
  },
  "data_clumps": {
    "fields_to_fields_data_clump-./Product-_P_vDMQTEEDW7mM0wnS6Vhw-_4J1BMATHEDW7mM0wnS6Vhw-urlimagecategory": {
      "type": "data_clump",
      "key": "fields_to_fields_data_clump-./Product-_P_vDMQTEEDW7mM0wnS6Vhw-_4J1BMATHEDW7mM0wnS6Vhw-urlimagecategory",
      "probability": 1,
      "from_file_path": "./Product",
      "from_class_or_interface_name": "Product",
      "from_class_or_interface_key": "_P_vDMQTEEDW7mM0wnS6Vhw",
      "from_method_name": null,
      "from_method_key": null,
      "to_file_path": "./Recommended",
      "to_class_or_interface_key": "_4J1BMATHEDW7mM0wnS6Vhw",
      "to_class_or_interface_name": "Product",
      "to_method_key": null,
      "to_method_name": null,
      "data_clump_type": "fields_to_fields_data_clump",
      "data_clump_data": {
        "_he5owATEEDW7mM0wnS6Vhw": {
          "key": "_he5owATEEDW7mM0wnS6Vhw",
          "name": "url",
          "type": null,
          "probability": 1,
          "modifiers": [
            "public"
          ],
          "to_variable": {
            "key": "_O0W4YATIEDW7mM0wnS6Vhw",
            "name": "url",
            "type": null,
            "modifiers": [
              "public"
            ],
            "position": {}
          },
          "position": {}
        },
        "_jtJB8ATEEDW7mM0wnS6Vhw": {
          "key": "_jtJB8ATEEDW7mM0wnS6Vhw",
          "name": "image",
          "type": null,
          "probability": 1,
          "modifiers": [
            "public"
          ],
          "to_variable": {
            "key": "_FqABoATIEDW7mM0wnS6Vhw",
            "name": "image",
            "type": null,
            "modifiers": [
              "public"
            ],
            "position": {}
          },
          "position": {}
        },
        "_KCKKIATHEDW7mM0wnS6Vhw": {
          "key": "_KCKKIATHEDW7mM0wnS6Vhw",
          "name": "category",
          "type": null,
          "probability": 1,
          "modifiers": [
            "public"
          ],
          "to_variable": {
            "key": "_IcfXYATIEDW7mM0wnS6Vhw",
            "name": "category",
            "type": null,
            "modifiers": [
              "public"
            ],
            "position": {}
          },
          "position": {}
        }
      }
    },
    "fields_to_fields_data_clump-./Recommended-_4J1BMATHEDW7mM0wnS6Vhw-_P_vDMQTEEDW7mM0wnS6Vhw-imagecategoryurl": {
      "type": "data_clump",
      "key": "fields_to_fields_data_clump-./Recommended-_4J1BMATHEDW7mM0wnS6Vhw-_P_vDMQTEEDW7mM0wnS6Vhw-imagecategoryurl",
      "probability": 1,
      "from_file_path": "./Recommended",
      "from_class_or_interface_name": "Recommended",
      "from_class_or_interface_key": "_4J1BMATHEDW7mM0wnS6Vhw",
      "from_method_name": null,
      "from_method_key": null,
      "to_file_path": "./Product",
      "to_class_or_interface_key": "_P_vDMQTEEDW7mM0wnS6Vhw",
      "to_class_or_interface_name": "Recommended",
      "to_method_key": null,
      "to_method_name": null,
      "data_clump_type": "fields_to_fields_data_clump",
      "data_clump_data": {
        "_FqABoATIEDW7mM0wnS6Vhw": {
          "key": "_FqABoATIEDW7mM0wnS6Vhw",
          "name": "image",
          "type": null,
          "probability": 1,
          "modifiers": [
            "public"
          ],
          "to_variable": {
            "key": "_jtJB8ATEEDW7mM0wnS6Vhw",
            "name": "image",
            "type": null,
            "modifiers": [
              "public"
            ],
            "position": {}
          },
          "position": {}
        },
        "_IcfXYATIEDW7mM0wnS6Vhw": {
          "key": "_IcfXYATIEDW7mM0wnS6Vhw",
          "name": "category",
          "type": null,
          "probability": 1,
          "modifiers": [
            "public"
          ],
          "to_variable": {
            "key": "_KCKKIATHEDW7mM0wnS6Vhw",
            "name": "category",
            "type": null,
            "modifiers": [
              "public"
            ],
            "position": {}
          },
          "position": {}
        },
        "_O0W4YATIEDW7mM0wnS6Vhw": {
          "key": "_O0W4YATIEDW7mM0wnS6Vhw",
          "name": "url",
          "type": null,
          "probability": 1,
          "modifiers": [
            "public"
          ],
          "to_variable": {
            "key": "_he5owATEEDW7mM0wnS6Vhw",
            "name": "url",
            "type": null,
            "modifiers": [
              "public"
            ],
            "position": {}
          },
          "position": {}
        }
      }
    }
  }
}