{
  "report_version": "unknown",
  "report_timestamp": "2025-03-26T21:44:55.144Z",
  "target_language": "java",
  "report_summary": {
    "additional": null,
    "amount_classes_or_interfaces_with_data_clumps": 2,
    "amount_files_with_data_clumps": 2,
    "amount_methods_with_data_clumps": 0,
    "fields_to_fields_data_clump": 2,
    "parameters_to_fields_data_clump": 0,
    "parameters_to_parameters_data_clump": 0,
    "amount_data_clumps": 2
  },
  "project_info": {
    "project_url": "unknown_project_url",
    "project_name": "_7Yyg8AMhEeeIELdXub6nbA",
    "project_version": "unknown_project_version",
    "project_commit_hash": "unknown",
    "project_tag": null,
    "project_commit_date": null,
    "additional": {},
    "number_of_files": 3,
    "number_of_classes_or_interfaces": 3,
    "number_of_methods": 22,
    "number_of_data_fields": 22,
    "number_of_method_parameters": 0
  },
  "detector": {
    "name": "data-clumps-doctor",
    "url": "https://github.com/NilsBaumgartner1994/data-clumps-doctor",
    "version": "0.1.100",
    "options": {
      "typeVariablesConsidered": false,
      "similarityModifierOfVariablesWithUnknownType": 0,
      "fieldsOfClassesWithUnknownHierarchyProbabilityModifier": 0,
      "sharedFieldsToFieldsAmountMinimum": 3,
      "analyseFieldsInClassesOrInterfacesInheritedFromSuperClassesOrInterfaces": false,
      "sharedParametersToParametersAmountMinimum": 3,
      "sharedParametersToFieldsAmountMinimum": 3,
      "methodsOfClassesOrInterfacesWithUnknownHierarchyProbabilityModifier": 0
    }
  },
  "data_clumps": {
    "fields_to_fields_data_clump-./company-_N9tPgOVTEDS4D9-3KhFqJQ-_W5vBQOVREDS4D9-3KhFqJQ-loginidemailidcontactnoaddress": {
      "type": "data_clump",
      "key": "fields_to_fields_data_clump-./company-_N9tPgOVTEDS4D9-3KhFqJQ-_W5vBQOVREDS4D9-3KhFqJQ-loginidemailidcontactnoaddress",
      "probability": 1,
      "from_file_path": "./company",
      "from_class_or_interface_name": "company",
      "from_class_or_interface_key": "_N9tPgOVTEDS4D9-3KhFqJQ",
      "from_method_name": null,
      "from_method_key": null,
      "to_file_path": "./placementcell",
      "to_class_or_interface_key": "_W5vBQOVREDS4D9-3KhFqJQ",
      "to_class_or_interface_name": "company",
      "to_method_key": null,
      "to_method_name": null,
      "data_clump_type": "fields_to_fields_data_clump",
      "data_clump_data": {
        "_ZoNu0OVTEDS4D9-3KhFqJQ": {
          "key": "_ZoNu0OVTEDS4D9-3KhFqJQ",
          "name": "loginid",
          "type": null,
          "probability": 1,
          "modifiers": [
            "public"
          ],
          "to_variable": {
            "key": "_o0RUMOVREDS4D9-3KhFqJQ",
            "name": "loginid",
            "type": null,
            "modifiers": [
              "public"
            ],
            "position": {}
          },
          "position": {}
        },
        "_j9gusOVTEDS4D9-3KhFqJQ": {
          "key": "_j9gusOVTEDS4D9-3KhFqJQ",
          "name": "emailid",
          "type": null,
          "probability": 1,
          "modifiers": [
            "public"
          ],
          "to_variable": {
            "key": "_8y17cOVREDS4D9-3KhFqJQ",
            "name": "emailid",
            "type": null,
            "modifiers": [
              "public"
            ],
            "position": {}
          },
          "position": {}
        },
        "_oEdV8OVTEDS4D9-3KhFqJQ": {
          "key": "_oEdV8OVTEDS4D9-3KhFqJQ",
          "name": "contactno",
          "type": null,
          "probability": 1,
          "modifiers": [
            "public"
          ],
          "to_variable": {
            "key": "_5NT_MOVREDS4D9-3KhFqJQ",
            "name": "contactno",
            "type": null,
            "modifiers": [
              "public"
            ],
            "position": {}
          },
          "position": {}
        },
        "_s6sFEOVTEDS4D9-3KhFqJQ": {
          "key": "_s6sFEOVTEDS4D9-3KhFqJQ",
          "name": "address",
          "type": null,
          "probability": 1,
          "modifiers": [
            "public"
          ],
          "to_variable": {
            "key": "_-N1SwOVREDS4D9-3KhFqJQ",
            "name": "address",
            "type": null,
            "modifiers": [
              "public"
            ],
            "position": {}
          },
          "position": {}
        }
      }
    },
    "fields_to_fields_data_clump-./placementcell-_W5vBQOVREDS4D9-3KhFqJQ-_N9tPgOVTEDS4D9-3KhFqJQ-loginidcontactnoemailidaddress": {
      "type": "data_clump",
      "key": "fields_to_fields_data_clump-./placementcell-_W5vBQOVREDS4D9-3KhFqJQ-_N9tPgOVTEDS4D9-3KhFqJQ-loginidcontactnoemailidaddress",
      "probability": 1,
      "from_file_path": "./placementcell",
      "from_class_or_interface_name": "placementcell",
      "from_class_or_interface_key": "_W5vBQOVREDS4D9-3KhFqJQ",
      "from_method_name": null,
      "from_method_key": null,
      "to_file_path": "./company",
      "to_class_or_interface_key": "_N9tPgOVTEDS4D9-3KhFqJQ",
      "to_class_or_interface_name": "placementcell",
      "to_method_key": null,
      "to_method_name": null,
      "data_clump_type": "fields_to_fields_data_clump",
      "data_clump_data": {
        "_o0RUMOVREDS4D9-3KhFqJQ": {
          "key": "_o0RUMOVREDS4D9-3KhFqJQ",
          "name": "loginid",
          "type": null,
          "probability": 1,
          "modifiers": [
            "public"
          ],
          "to_variable": {
            "key": "_ZoNu0OVTEDS4D9-3KhFqJQ",
            "name": "loginid",
            "type": null,
            "modifiers": [
              "public"
            ],
            "position": {}
          },
          "position": {}
        },
        "_5NT_MOVREDS4D9-3KhFqJQ": {
          "key": "_5NT_MOVREDS4D9-3KhFqJQ",
          "name": "contactno",
          "type": null,
          "probability": 1,
          "modifiers": [
            "public"
          ],
          "to_variable": {
            "key": "_oEdV8OVTEDS4D9-3KhFqJQ",
            "name": "contactno",
            "type": null,
            "modifiers": [
              "public"
            ],
            "position": {}
          },
          "position": {}
        },
        "_8y17cOVREDS4D9-3KhFqJQ": {
          "key": "_8y17cOVREDS4D9-3KhFqJQ",
          "name": "emailid",
          "type": null,
          "probability": 1,
          "modifiers": [
            "public"
          ],
          "to_variable": {
            "key": "_j9gusOVTEDS4D9-3KhFqJQ",
            "name": "emailid",
            "type": null,
            "modifiers": [
              "public"
            ],
            "position": {}
          },
          "position": {}
        },
        "_-N1SwOVREDS4D9-3KhFqJQ": {
          "key": "_-N1SwOVREDS4D9-3KhFqJQ",
          "name": "address",
          "type": null,
          "probability": 1,
          "modifiers": [
            "public"
          ],
          "to_variable": {
            "key": "_s6sFEOVTEDS4D9-3KhFqJQ",
            "name": "address",
            "type": null,
            "modifiers": [
              "public"
            ],
            "position": {}
          },
          "position": {}
        }
      }
    }
  }
}