{
  "report_version": "unknown",
  "report_timestamp": "2025-03-26T23:07:50.583Z",
  "target_language": "java",
  "report_summary": {
    "additional": null,
    "amount_classes_or_interfaces_with_data_clumps": 2,
    "amount_files_with_data_clumps": 2,
    "amount_methods_with_data_clumps": 0,
    "fields_to_fields_data_clump": 2,
    "parameters_to_fields_data_clump": 0,
    "parameters_to_parameters_data_clump": 0,
    "amount_data_clumps": 2
  },
  "project_info": {
    "project_url": "unknown_project_url",
    "project_name": "_l4JEkHvGEeuCM8KqVoRWiA",
    "project_version": "unknown_project_version",
    "project_commit_hash": "unknown",
    "project_tag": null,
    "project_commit_date": null,
    "additional": {},
    "number_of_files": 4,
    "number_of_classes_or_interfaces": 4,
    "number_of_methods": 32,
    "number_of_data_fields": 17,
    "number_of_method_parameters": 13
  },
  "detector": {
    "name": "data-clumps-doctor",
    "url": "https://github.com/NilsBaumgartner1994/data-clumps-doctor",
    "version": "0.1.100",
    "options": {
      "typeVariablesConsidered": false,
      "similarityModifierOfVariablesWithUnknownType": 0,
      "fieldsOfClassesWithUnknownHierarchyProbabilityModifier": 0,
      "sharedFieldsToFieldsAmountMinimum": 3,
      "analyseFieldsInClassesOrInterfacesInheritedFromSuperClassesOrInterfaces": false,
      "sharedParametersToParametersAmountMinimum": 3,
      "sharedParametersToFieldsAmountMinimum": 3,
      "methodsOfClassesOrInterfacesWithUnknownHierarchyProbabilityModifier": 0
    }
  },
  "data_clumps": {
    "fields_to_fields_data_clump-./chef-_AFA40F5BEDmwwudLp9pd7g-_aSpzkF4DEDmwwudLp9pd7g-IDnamenlist": {
      "type": "data_clump",
      "key": "fields_to_fields_data_clump-./chef-_AFA40F5BEDmwwudLp9pd7g-_aSpzkF4DEDmwwudLp9pd7g-IDnamenlist",
      "probability": 1,
      "from_file_path": "./chef",
      "from_class_or_interface_name": "chef",
      "from_class_or_interface_key": "_AFA40F5BEDmwwudLp9pd7g",
      "from_method_name": null,
      "from_method_key": null,
      "to_file_path": "./waiter",
      "to_class_or_interface_key": "_aSpzkF4DEDmwwudLp9pd7g",
      "to_class_or_interface_name": "chef",
      "to_method_key": null,
      "to_method_name": null,
      "data_clump_type": "fields_to_fields_data_clump",
      "data_clump_data": {
        "_DU-0wF5BEDmwwudLp9pd7g": {
          "key": "_DU-0wF5BEDmwwudLp9pd7g",
          "name": "ID",
          "type": null,
          "probability": 1,
          "modifiers": [],
          "to_variable": {
            "key": "_3DapMF4DEDmwwudLp9pd7g",
            "name": "ID",
            "type": null,
            "modifiers": [],
            "position": {}
          },
          "position": {}
        },
        "_Ehcn4F5BEDmwwudLp9pd7g": {
          "key": "_Ehcn4F5BEDmwwudLp9pd7g",
          "name": "name",
          "type": null,
          "probability": 1,
          "modifiers": [],
          "to_variable": {
            "key": "_0rXMsF4DEDmwwudLp9pd7g",
            "name": "name",
            "type": null,
            "modifiers": [],
            "position": {}
          },
          "position": {}
        },
        "_HLRJ0F5BEDmwwudLp9pd7g": {
          "key": "_HLRJ0F5BEDmwwudLp9pd7g",
          "name": "n",
          "type": null,
          "probability": 1,
          "modifiers": [],
          "to_variable": {
            "key": "_4yk5sF4DEDmwwudLp9pd7g",
            "name": "n",
            "type": null,
            "modifiers": [],
            "position": {}
          },
          "position": {}
        },
        "_Iq7lwF5BEDmwwudLp9pd7g": {
          "key": "_Iq7lwF5BEDmwwudLp9pd7g",
          "name": "list",
          "type": null,
          "probability": 1,
          "modifiers": [],
          "to_variable": {
            "key": "_6YzQoV4DEDmwwudLp9pd7g",
            "name": "list",
            "type": null,
            "modifiers": [],
            "position": {}
          },
          "position": {}
        }
      }
    },
    "fields_to_fields_data_clump-./waiter-_aSpzkF4DEDmwwudLp9pd7g-_AFA40F5BEDmwwudLp9pd7g-nameIDnlist": {
      "type": "data_clump",
      "key": "fields_to_fields_data_clump-./waiter-_aSpzkF4DEDmwwudLp9pd7g-_AFA40F5BEDmwwudLp9pd7g-nameIDnlist",
      "probability": 1,
      "from_file_path": "./waiter",
      "from_class_or_interface_name": "waiter",
      "from_class_or_interface_key": "_aSpzkF4DEDmwwudLp9pd7g",
      "from_method_name": null,
      "from_method_key": null,
      "to_file_path": "./chef",
      "to_class_or_interface_key": "_AFA40F5BEDmwwudLp9pd7g",
      "to_class_or_interface_name": "waiter",
      "to_method_key": null,
      "to_method_name": null,
      "data_clump_type": "fields_to_fields_data_clump",
      "data_clump_data": {
        "_0rXMsF4DEDmwwudLp9pd7g": {
          "key": "_0rXMsF4DEDmwwudLp9pd7g",
          "name": "name",
          "type": null,
          "probability": 1,
          "modifiers": [],
          "to_variable": {
            "key": "_Ehcn4F5BEDmwwudLp9pd7g",
            "name": "name",
            "type": null,
            "modifiers": [],
            "position": {}
          },
          "position": {}
        },
        "_3DapMF4DEDmwwudLp9pd7g": {
          "key": "_3DapMF4DEDmwwudLp9pd7g",
          "name": "ID",
          "type": null,
          "probability": 1,
          "modifiers": [],
          "to_variable": {
            "key": "_DU-0wF5BEDmwwudLp9pd7g",
            "name": "ID",
            "type": null,
            "modifiers": [],
            "position": {}
          },
          "position": {}
        },
        "_4yk5sF4DEDmwwudLp9pd7g": {
          "key": "_4yk5sF4DEDmwwudLp9pd7g",
          "name": "n",
          "type": null,
          "probability": 1,
          "modifiers": [],
          "to_variable": {
            "key": "_HLRJ0F5BEDmwwudLp9pd7g",
            "name": "n",
            "type": null,
            "modifiers": [],
            "position": {}
          },
          "position": {}
        },
        "_6YzQoV4DEDmwwudLp9pd7g": {
          "key": "_6YzQoV4DEDmwwudLp9pd7g",
          "name": "list",
          "type": null,
          "probability": 1,
          "modifiers": [],
          "to_variable": {
            "key": "_Iq7lwF5BEDmwwudLp9pd7g",
            "name": "list",
            "type": null,
            "modifiers": [],
            "position": {}
          },
          "position": {}
        }
      }
    }
  }
}