{
  "report_version": "unknown",
  "report_timestamp": "2025-03-26T22:01:05.709Z",
  "target_language": "java",
  "report_summary": {
    "additional": null,
    "amount_classes_or_interfaces_with_data_clumps": 2,
    "amount_files_with_data_clumps": 2,
    "amount_methods_with_data_clumps": 0,
    "fields_to_fields_data_clump": 2,
    "parameters_to_fields_data_clump": 0,
    "parameters_to_parameters_data_clump": 0,
    "amount_data_clumps": 2
  },
  "project_info": {
    "project_url": "unknown_project_url",
    "project_name": "_55GvENwzEeyR_KDGOPNL5w",
    "project_version": "unknown_project_version",
    "project_commit_hash": "unknown",
    "project_tag": null,
    "project_commit_date": null,
    "additional": {},
    "number_of_files": 51,
    "number_of_classes_or_interfaces": 51,
    "number_of_methods": 52,
    "number_of_data_fields": 50,
    "number_of_method_parameters": 3
  },
  "detector": {
    "name": "data-clumps-doctor",
    "url": "https://github.com/NilsBaumgartner1994/data-clumps-doctor",
    "version": "0.1.100",
    "options": {
      "typeVariablesConsidered": false,
      "similarityModifierOfVariablesWithUnknownType": 0,
      "fieldsOfClassesWithUnknownHierarchyProbabilityModifier": 0,
      "sharedFieldsToFieldsAmountMinimum": 3,
      "analyseFieldsInClassesOrInterfacesInheritedFromSuperClassesOrInterfaces": false,
      "sharedParametersToParametersAmountMinimum": 3,
      "sharedParametersToFieldsAmountMinimum": 3,
      "methodsOfClassesOrInterfacesWithUnknownHierarchyProbabilityModifier": 0
    }
  },
  "data_clumps": {
    "fields_to_fields_data_clump-./User-_55gYodwzEeyR_KDGOPNL5w-_55fw39wzEeyR_KDGOPNL5w-emailPasswordName": {
      "type": "data_clump",
      "key": "fields_to_fields_data_clump-./User-_55gYodwzEeyR_KDGOPNL5w-_55fw39wzEeyR_KDGOPNL5w-emailPasswordName",
      "probability": 1,
      "from_file_path": "./User",
      "from_class_or_interface_name": "User",
      "from_class_or_interface_key": "_55gYodwzEeyR_KDGOPNL5w",
      "from_method_name": null,
      "from_method_key": null,
      "to_file_path": "./UserModel",
      "to_class_or_interface_key": "_55fw39wzEeyR_KDGOPNL5w",
      "to_class_or_interface_name": "User",
      "to_method_key": null,
      "to_method_name": null,
      "data_clump_type": "fields_to_fields_data_clump",
      "data_clump_data": {
        "_55gYotwzEeyR_KDGOPNL5w": {
          "key": "_55gYotwzEeyR_KDGOPNL5w",
          "name": "email",
          "type": null,
          "probability": 1,
          "modifiers": [
            "private"
          ],
          "to_variable": {
            "key": "_55fw4NwzEeyR_KDGOPNL5w",
            "name": "email",
            "type": null,
            "modifiers": [
              "private"
            ],
            "position": {}
          },
          "position": {}
        },
        "_55gYo9wzEeyR_KDGOPNL5w": {
          "key": "_55gYo9wzEeyR_KDGOPNL5w",
          "name": "Password",
          "type": null,
          "probability": 1,
          "modifiers": [
            "private"
          ],
          "to_variable": {
            "key": "_55fw4dwzEeyR_KDGOPNL5w",
            "name": "Password",
            "type": null,
            "modifiers": [
              "private"
            ],
            "position": {}
          },
          "position": {}
        },
        "_55gYpNwzEeyR_KDGOPNL5w": {
          "key": "_55gYpNwzEeyR_KDGOPNL5w",
          "name": "Name",
          "type": null,
          "probability": 1,
          "modifiers": [
            "private"
          ],
          "to_variable": {
            "key": "_55fw4twzEeyR_KDGOPNL5w",
            "name": "Name",
            "type": null,
            "modifiers": [
              "private"
            ],
            "position": {}
          },
          "position": {}
        }
      }
    },
    "fields_to_fields_data_clump-./UserModel-_55fw39wzEeyR_KDGOPNL5w-_55gYodwzEeyR_KDGOPNL5w-emailPasswordName": {
      "type": "data_clump",
      "key": "fields_to_fields_data_clump-./UserModel-_55fw39wzEeyR_KDGOPNL5w-_55gYodwzEeyR_KDGOPNL5w-emailPasswordName",
      "probability": 1,
      "from_file_path": "./UserModel",
      "from_class_or_interface_name": "UserModel",
      "from_class_or_interface_key": "_55fw39wzEeyR_KDGOPNL5w",
      "from_method_name": null,
      "from_method_key": null,
      "to_file_path": "./User",
      "to_class_or_interface_key": "_55gYodwzEeyR_KDGOPNL5w",
      "to_class_or_interface_name": "UserModel",
      "to_method_key": null,
      "to_method_name": null,
      "data_clump_type": "fields_to_fields_data_clump",
      "data_clump_data": {
        "_55fw4NwzEeyR_KDGOPNL5w": {
          "key": "_55fw4NwzEeyR_KDGOPNL5w",
          "name": "email",
          "type": null,
          "probability": 1,
          "modifiers": [
            "private"
          ],
          "to_variable": {
            "key": "_55gYotwzEeyR_KDGOPNL5w",
            "name": "email",
            "type": null,
            "modifiers": [
              "private"
            ],
            "position": {}
          },
          "position": {}
        },
        "_55fw4dwzEeyR_KDGOPNL5w": {
          "key": "_55fw4dwzEeyR_KDGOPNL5w",
          "name": "Password",
          "type": null,
          "probability": 1,
          "modifiers": [
            "private"
          ],
          "to_variable": {
            "key": "_55gYo9wzEeyR_KDGOPNL5w",
            "name": "Password",
            "type": null,
            "modifiers": [
              "private"
            ],
            "position": {}
          },
          "position": {}
        },
        "_55fw4twzEeyR_KDGOPNL5w": {
          "key": "_55fw4twzEeyR_KDGOPNL5w",
          "name": "Name",
          "type": null,
          "probability": 1,
          "modifiers": [
            "private"
          ],
          "to_variable": {
            "key": "_55gYpNwzEeyR_KDGOPNL5w",
            "name": "Name",
            "type": null,
            "modifiers": [
              "private"
            ],
            "position": {}
          },
          "position": {}
        }
      }
    }
  }
}