{
  "report_version": "unknown",
  "report_timestamp": "2025-03-26T21:59:29.064Z",
  "target_language": "java",
  "report_summary": {
    "additional": null,
    "amount_classes_or_interfaces_with_data_clumps": 2,
    "amount_files_with_data_clumps": 2,
    "amount_methods_with_data_clumps": 0,
    "fields_to_fields_data_clump": 2,
    "parameters_to_fields_data_clump": 0,
    "parameters_to_parameters_data_clump": 0,
    "amount_data_clumps": 2
  },
  "project_info": {
    "project_url": "unknown_project_url",
    "project_name": "__SOBAPbbEeOTCK1Mp6laew",
    "project_version": "unknown_project_version",
    "project_commit_hash": "unknown",
    "project_tag": null,
    "project_commit_date": null,
    "additional": {},
    "number_of_files": 5,
    "number_of_classes_or_interfaces": 5,
    "number_of_methods": 9,
    "number_of_data_fields": 12,
    "number_of_method_parameters": 5
  },
  "detector": {
    "name": "data-clumps-doctor",
    "url": "https://github.com/NilsBaumgartner1994/data-clumps-doctor",
    "version": "0.1.100",
    "options": {
      "typeVariablesConsidered": false,
      "similarityModifierOfVariablesWithUnknownType": 0,
      "fieldsOfClassesWithUnknownHierarchyProbabilityModifier": 0,
      "sharedFieldsToFieldsAmountMinimum": 3,
      "analyseFieldsInClassesOrInterfacesInheritedFromSuperClassesOrInterfaces": false,
      "sharedParametersToParametersAmountMinimum": 3,
      "sharedParametersToFieldsAmountMinimum": 3,
      "methodsOfClassesOrInterfacesWithUnknownHierarchyProbabilityModifier": 0
    }
  },
  "data_clumps": {
    "fields_to_fields_data_clump-./Kommentar-_MHF5ANkMEDGsId1hegMSyA-_FqISENkLEDGsId1hegMSyA-TextdateTimeNachrichtId": {
      "type": "data_clump",
      "key": "fields_to_fields_data_clump-./Kommentar-_MHF5ANkMEDGsId1hegMSyA-_FqISENkLEDGsId1hegMSyA-TextdateTimeNachrichtId",
      "probability": 1,
      "from_file_path": "./Kommentar",
      "from_class_or_interface_name": "Kommentar",
      "from_class_or_interface_key": "_MHF5ANkMEDGsId1hegMSyA",
      "from_method_name": null,
      "from_method_key": null,
      "to_file_path": "./Nachricht",
      "to_class_or_interface_key": "_FqISENkLEDGsId1hegMSyA",
      "to_class_or_interface_name": "Kommentar",
      "to_method_key": null,
      "to_method_name": null,
      "data_clump_type": "fields_to_fields_data_clump",
      "data_clump_data": {
        "_47ETkNkMEDGsId1hegMSyA": {
          "key": "_47ETkNkMEDGsId1hegMSyA",
          "name": "Text",
          "type": null,
          "probability": 1,
          "modifiers": [],
          "to_variable": {
            "key": "_H-mPENkLEDGsId1hegMSyA",
            "name": "Text",
            "type": null,
            "modifiers": [],
            "position": {}
          },
          "position": {}
        },
        "_5iLW4NkMEDGsId1hegMSyA": {
          "key": "_5iLW4NkMEDGsId1hegMSyA",
          "name": "dateTime",
          "type": null,
          "probability": 1,
          "modifiers": [],
          "to_variable": {
            "key": "_JgKvgNkLEDGsId1hegMSyA",
            "name": "dateTime",
            "type": null,
            "modifiers": [],
            "position": {}
          },
          "position": {}
        },
        "_9_JRcNkMEDGsId1hegMSyA": {
          "key": "_9_JRcNkMEDGsId1hegMSyA",
          "name": "NachrichtId",
          "type": null,
          "probability": 1,
          "modifiers": [],
          "to_variable": {
            "key": "_8YOW8NkMEDGsId1hegMSyA",
            "name": "NachrichtId",
            "type": null,
            "modifiers": [],
            "position": {}
          },
          "position": {}
        }
      }
    },
    "fields_to_fields_data_clump-./Nachricht-_FqISENkLEDGsId1hegMSyA-_MHF5ANkMEDGsId1hegMSyA-TextdateTimeNachrichtId": {
      "type": "data_clump",
      "key": "fields_to_fields_data_clump-./Nachricht-_FqISENkLEDGsId1hegMSyA-_MHF5ANkMEDGsId1hegMSyA-TextdateTimeNachrichtId",
      "probability": 1,
      "from_file_path": "./Nachricht",
      "from_class_or_interface_name": "Nachricht",
      "from_class_or_interface_key": "_FqISENkLEDGsId1hegMSyA",
      "from_method_name": null,
      "from_method_key": null,
      "to_file_path": "./Kommentar",
      "to_class_or_interface_key": "_MHF5ANkMEDGsId1hegMSyA",
      "to_class_or_interface_name": "Nachricht",
      "to_method_key": null,
      "to_method_name": null,
      "data_clump_type": "fields_to_fields_data_clump",
      "data_clump_data": {
        "_H-mPENkLEDGsId1hegMSyA": {
          "key": "_H-mPENkLEDGsId1hegMSyA",
          "name": "Text",
          "type": null,
          "probability": 1,
          "modifiers": [],
          "to_variable": {
            "key": "_47ETkNkMEDGsId1hegMSyA",
            "name": "Text",
            "type": null,
            "modifiers": [],
            "position": {}
          },
          "position": {}
        },
        "_JgKvgNkLEDGsId1hegMSyA": {
          "key": "_JgKvgNkLEDGsId1hegMSyA",
          "name": "dateTime",
          "type": null,
          "probability": 1,
          "modifiers": [],
          "to_variable": {
            "key": "_5iLW4NkMEDGsId1hegMSyA",
            "name": "dateTime",
            "type": null,
            "modifiers": [],
            "position": {}
          },
          "position": {}
        },
        "_8YOW8NkMEDGsId1hegMSyA": {
          "key": "_8YOW8NkMEDGsId1hegMSyA",
          "name": "NachrichtId",
          "type": null,
          "probability": 1,
          "modifiers": [],
          "to_variable": {
            "key": "_9_JRcNkMEDGsId1hegMSyA",
            "name": "NachrichtId",
            "type": null,
            "modifiers": [],
            "position": {}
          },
          "position": {}
        }
      }
    }
  }
}