{
  "report_version": "unknown",
  "report_timestamp": "2025-03-26T22:06:28.855Z",
  "target_language": "java",
  "report_summary": {
    "additional": null,
    "amount_classes_or_interfaces_with_data_clumps": 4,
    "amount_files_with_data_clumps": 4,
    "amount_methods_with_data_clumps": 5,
    "fields_to_fields_data_clump": 0,
    "parameters_to_fields_data_clump": 0,
    "parameters_to_parameters_data_clump": 8,
    "amount_data_clumps": 8
  },
  "project_info": {
    "project_url": "unknown_project_url",
    "project_name": "_jUzioObJEeaxX-hhh48EHA",
    "project_version": "unknown_project_version",
    "project_commit_hash": "unknown",
    "project_tag": null,
    "project_commit_date": null,
    "additional": {},
    "number_of_files": 17,
    "number_of_classes_or_interfaces": 17,
    "number_of_methods": 83,
    "number_of_data_fields": 27,
    "number_of_method_parameters": 86
  },
  "detector": {
    "name": "data-clumps-doctor",
    "url": "https://github.com/NilsBaumgartner1994/data-clumps-doctor",
    "version": "0.1.100",
    "options": {
      "typeVariablesConsidered": false,
      "similarityModifierOfVariablesWithUnknownType": 0,
      "fieldsOfClassesWithUnknownHierarchyProbabilityModifier": 0,
      "sharedFieldsToFieldsAmountMinimum": 3,
      "analyseFieldsInClassesOrInterfacesInheritedFromSuperClassesOrInterfaces": false,
      "sharedParametersToParametersAmountMinimum": 3,
      "sharedParametersToFieldsAmountMinimum": 3,
      "methodsOfClassesOrInterfacesWithUnknownHierarchyProbabilityModifier": 0
    }
  },
  "data_clumps": {
    "parameters_to_parameters_data_clump-./Compagnie-_jiYE1ObJEeasy_m7pNYUIg-_jiYrpubJEeasy_m7pNYUIg-nomnumpljg": {
      "type": "data_clump",
      "key": "parameters_to_parameters_data_clump-./Compagnie-_jiYE1ObJEeasy_m7pNYUIg-_jiYrpubJEeasy_m7pNYUIg-nomnumpljg",
      "probability": 1,
      "from_file_path": "./Compagnie",
      "from_class_or_interface_name": "Compagnie",
      "from_class_or_interface_key": "_jiYEzObJEeasy_m7pNYUIg",
      "from_method_name": "Compagnie",
      "from_method_key": "_jiYE1ObJEeasy_m7pNYUIg",
      "to_file_path": "./Gare",
      "to_class_or_interface_name": "Gare",
      "to_class_or_interface_key": "_jiYFCubJEeasy_m7pNYUIg",
      "to_method_name": "Gare",
      "to_method_key": "_jiYrpubJEeasy_m7pNYUIg",
      "data_clump_type": "parameters_to_parameters_data_clump",
      "data_clump_data": {
        "_jiYE1ebJEeasy_m7pNYUIg": {
          "key": "_jiYE1ebJEeasy_m7pNYUIg",
          "name": "nom",
          "type": null,
          "probability": 1,
          "modifiers": [],
          "to_variable": {
            "key": "_jiYrp-bJEeasy_m7pNYUIg",
            "name": "nom",
            "type": null,
            "modifiers": [],
            "position": {}
          },
          "position": {}
        },
        "_jiYE2ObJEeasy_m7pNYUIg": {
          "key": "_jiYE2ObJEeasy_m7pNYUIg",
          "name": "num",
          "type": null,
          "probability": 1,
          "modifiers": [],
          "to_variable": {
            "key": "_jiYrqubJEeasy_m7pNYUIg",
            "name": "num",
            "type": null,
            "modifiers": [],
            "position": {}
          },
          "position": {}
        },
        "_jiYE2-bJEeasy_m7pNYUIg": {
          "key": "_jiYE2-bJEeasy_m7pNYUIg",
          "name": "p",
          "type": null,
          "probability": 1,
          "modifiers": [],
          "to_variable": {
            "key": "_jiYrrebJEeasy_m7pNYUIg",
            "name": "p",
            "type": null,
            "modifiers": [],
            "position": {}
          },
          "position": {}
        },
        "_jiYE3ubJEeasy_m7pNYUIg": {
          "key": "_jiYE3ubJEeasy_m7pNYUIg",
          "name": "l",
          "type": null,
          "probability": 1,
          "modifiers": [],
          "to_variable": {
            "key": "_jiYrsObJEeasy_m7pNYUIg",
            "name": "l",
            "type": null,
            "modifiers": [],
            "position": {}
          },
          "position": {}
        },
        "_jiYE4ebJEeasy_m7pNYUIg": {
          "key": "_jiYE4ebJEeasy_m7pNYUIg",
          "name": "j",
          "type": null,
          "probability": 1,
          "modifiers": [],
          "to_variable": {
            "key": "_jiYrs-bJEeasy_m7pNYUIg",
            "name": "j",
            "type": null,
            "modifiers": [],
            "position": {}
          },
          "position": {}
        },
        "_jiYE5ObJEeasy_m7pNYUIg": {
          "key": "_jiYE5ObJEeasy_m7pNYUIg",
          "name": "g",
          "type": null,
          "probability": 1,
          "modifiers": [],
          "to_variable": {
            "key": "_jiYrtubJEeasy_m7pNYUIg",
            "name": "g",
            "type": null,
            "modifiers": [],
            "position": {}
          },
          "position": {}
        }
      }
    },
    "parameters_to_parameters_data_clump-./Compagnie-_jiYE1ObJEeasy_m7pNYUIg-_jiZTBebJEeasy_m7pNYUIg-nomnumplj": {
      "type": "data_clump",
      "key": "parameters_to_parameters_data_clump-./Compagnie-_jiYE1ObJEeasy_m7pNYUIg-_jiZTBebJEeasy_m7pNYUIg-nomnumplj",
      "probability": 1,
      "from_file_path": "./Compagnie",
      "from_class_or_interface_name": "Compagnie",
      "from_class_or_interface_key": "_jiYEzObJEeasy_m7pNYUIg",
      "from_method_name": "Compagnie",
      "from_method_key": "_jiYE1ObJEeasy_m7pNYUIg",
      "to_file_path": "./Terrain",
      "to_class_or_interface_name": "Terrain",
      "to_class_or_interface_key": "_jiZS9-bJEeasy_m7pNYUIg",
      "to_method_name": "Terrain",
      "to_method_key": "_jiZTBebJEeasy_m7pNYUIg",
      "data_clump_type": "parameters_to_parameters_data_clump",
      "data_clump_data": {
        "_jiYE1ebJEeasy_m7pNYUIg": {
          "key": "_jiYE1ebJEeasy_m7pNYUIg",
          "name": "nom",
          "type": null,
          "probability": 1,
          "modifiers": [],
          "to_variable": {
            "key": "_jiZTBubJEeasy_m7pNYUIg",
            "name": "nom",
            "type": null,
            "modifiers": [],
            "position": {}
          },
          "position": {}
        },
        "_jiYE2ObJEeasy_m7pNYUIg": {
          "key": "_jiYE2ObJEeasy_m7pNYUIg",
          "name": "num",
          "type": null,
          "probability": 1,
          "modifiers": [],
          "to_variable": {
            "key": "_jiZTCebJEeasy_m7pNYUIg",
            "name": "num",
            "type": null,
            "modifiers": [],
            "position": {}
          },
          "position": {}
        },
        "_jiYE2-bJEeasy_m7pNYUIg": {
          "key": "_jiYE2-bJEeasy_m7pNYUIg",
          "name": "p",
          "type": null,
          "probability": 1,
          "modifiers": [],
          "to_variable": {
            "key": "_jiZTDObJEeasy_m7pNYUIg",
            "name": "p",
            "type": null,
            "modifiers": [],
            "position": {}
          },
          "position": {}
        },
        "_jiYE3ubJEeasy_m7pNYUIg": {
          "key": "_jiYE3ubJEeasy_m7pNYUIg",
          "name": "l",
          "type": null,
          "probability": 1,
          "modifiers": [],
          "to_variable": {
            "key": "_jiZTD-bJEeasy_m7pNYUIg",
            "name": "l",
            "type": null,
            "modifiers": [],
            "position": {}
          },
          "position": {}
        },
        "_jiYE4ebJEeasy_m7pNYUIg": {
          "key": "_jiYE4ebJEeasy_m7pNYUIg",
          "name": "j",
          "type": null,
          "probability": 1,
          "modifiers": [],
          "to_variable": {
            "key": "_jiZTJObJEeasy_m7pNYUIg",
            "name": "j",
            "type": null,
            "modifiers": [],
            "position": {}
          },
          "position": {}
        }
      }
    },
    "parameters_to_parameters_data_clump-./Gare-_jiYrpubJEeasy_m7pNYUIg-_jiYE1ObJEeasy_m7pNYUIg-nomnumpljg": {
      "type": "data_clump",
      "key": "parameters_to_parameters_data_clump-./Gare-_jiYrpubJEeasy_m7pNYUIg-_jiYE1ObJEeasy_m7pNYUIg-nomnumpljg",
      "probability": 1,
      "from_file_path": "./Gare",
      "from_class_or_interface_name": "Gare",
      "from_class_or_interface_key": "_jiYFCubJEeasy_m7pNYUIg",
      "from_method_name": "Gare",
      "from_method_key": "_jiYrpubJEeasy_m7pNYUIg",
      "to_file_path": "./Compagnie",
      "to_class_or_interface_name": "Compagnie",
      "to_class_or_interface_key": "_jiYEzObJEeasy_m7pNYUIg",
      "to_method_name": "Compagnie",
      "to_method_key": "_jiYE1ObJEeasy_m7pNYUIg",
      "data_clump_type": "parameters_to_parameters_data_clump",
      "data_clump_data": {
        "_jiYrp-bJEeasy_m7pNYUIg": {
          "key": "_jiYrp-bJEeasy_m7pNYUIg",
          "name": "nom",
          "type": null,
          "probability": 1,
          "modifiers": [],
          "to_variable": {
            "key": "_jiYE1ebJEeasy_m7pNYUIg",
            "name": "nom",
            "type": null,
            "modifiers": [],
            "position": {}
          },
          "position": {}
        },
        "_jiYrqubJEeasy_m7pNYUIg": {
          "key": "_jiYrqubJEeasy_m7pNYUIg",
          "name": "num",
          "type": null,
          "probability": 1,
          "modifiers": [],
          "to_variable": {
            "key": "_jiYE2ObJEeasy_m7pNYUIg",
            "name": "num",
            "type": null,
            "modifiers": [],
            "position": {}
          },
          "position": {}
        },
        "_jiYrrebJEeasy_m7pNYUIg": {
          "key": "_jiYrrebJEeasy_m7pNYUIg",
          "name": "p",
          "type": null,
          "probability": 1,
          "modifiers": [],
          "to_variable": {
            "key": "_jiYE2-bJEeasy_m7pNYUIg",
            "name": "p",
            "type": null,
            "modifiers": [],
            "position": {}
          },
          "position": {}
        },
        "_jiYrsObJEeasy_m7pNYUIg": {
          "key": "_jiYrsObJEeasy_m7pNYUIg",
          "name": "l",
          "type": null,
          "probability": 1,
          "modifiers": [],
          "to_variable": {
            "key": "_jiYE3ubJEeasy_m7pNYUIg",
            "name": "l",
            "type": null,
            "modifiers": [],
            "position": {}
          },
          "position": {}
        },
        "_jiYrs-bJEeasy_m7pNYUIg": {
          "key": "_jiYrs-bJEeasy_m7pNYUIg",
          "name": "j",
          "type": null,
          "probability": 1,
          "modifiers": [],
          "to_variable": {
            "key": "_jiYE4ebJEeasy_m7pNYUIg",
            "name": "j",
            "type": null,
            "modifiers": [],
            "position": {}
          },
          "position": {}
        },
        "_jiYrtubJEeasy_m7pNYUIg": {
          "key": "_jiYrtubJEeasy_m7pNYUIg",
          "name": "g",
          "type": null,
          "probability": 1,
          "modifiers": [],
          "to_variable": {
            "key": "_jiYE5ObJEeasy_m7pNYUIg",
            "name": "g",
            "type": null,
            "modifiers": [],
            "position": {}
          },
          "position": {}
        }
      }
    },
    "parameters_to_parameters_data_clump-./Gare-_jiYrpubJEeasy_m7pNYUIg-_jiZTBebJEeasy_m7pNYUIg-nomnumplj": {
      "type": "data_clump",
      "key": "parameters_to_parameters_data_clump-./Gare-_jiYrpubJEeasy_m7pNYUIg-_jiZTBebJEeasy_m7pNYUIg-nomnumplj",
      "probability": 1,
      "from_file_path": "./Gare",
      "from_class_or_interface_name": "Gare",
      "from_class_or_interface_key": "_jiYFCubJEeasy_m7pNYUIg",
      "from_method_name": "Gare",
      "from_method_key": "_jiYrpubJEeasy_m7pNYUIg",
      "to_file_path": "./Terrain",
      "to_class_or_interface_name": "Terrain",
      "to_class_or_interface_key": "_jiZS9-bJEeasy_m7pNYUIg",
      "to_method_name": "Terrain",
      "to_method_key": "_jiZTBebJEeasy_m7pNYUIg",
      "data_clump_type": "parameters_to_parameters_data_clump",
      "data_clump_data": {
        "_jiYrp-bJEeasy_m7pNYUIg": {
          "key": "_jiYrp-bJEeasy_m7pNYUIg",
          "name": "nom",
          "type": null,
          "probability": 1,
          "modifiers": [],
          "to_variable": {
            "key": "_jiZTBubJEeasy_m7pNYUIg",
            "name": "nom",
            "type": null,
            "modifiers": [],
            "position": {}
          },
          "position": {}
        },
        "_jiYrqubJEeasy_m7pNYUIg": {
          "key": "_jiYrqubJEeasy_m7pNYUIg",
          "name": "num",
          "type": null,
          "probability": 1,
          "modifiers": [],
          "to_variable": {
            "key": "_jiZTCebJEeasy_m7pNYUIg",
            "name": "num",
            "type": null,
            "modifiers": [],
            "position": {}
          },
          "position": {}
        },
        "_jiYrrebJEeasy_m7pNYUIg": {
          "key": "_jiYrrebJEeasy_m7pNYUIg",
          "name": "p",
          "type": null,
          "probability": 1,
          "modifiers": [],
          "to_variable": {
            "key": "_jiZTDObJEeasy_m7pNYUIg",
            "name": "p",
            "type": null,
            "modifiers": [],
            "position": {}
          },
          "position": {}
        },
        "_jiYrsObJEeasy_m7pNYUIg": {
          "key": "_jiYrsObJEeasy_m7pNYUIg",
          "name": "l",
          "type": null,
          "probability": 1,
          "modifiers": [],
          "to_variable": {
            "key": "_jiZTD-bJEeasy_m7pNYUIg",
            "name": "l",
            "type": null,
            "modifiers": [],
            "position": {}
          },
          "position": {}
        },
        "_jiYrs-bJEeasy_m7pNYUIg": {
          "key": "_jiYrs-bJEeasy_m7pNYUIg",
          "name": "j",
          "type": null,
          "probability": 1,
          "modifiers": [],
          "to_variable": {
            "key": "_jiZTJObJEeasy_m7pNYUIg",
            "name": "j",
            "type": null,
            "modifiers": [],
            "position": {}
          },
          "position": {}
        }
      }
    },
    "parameters_to_parameters_data_clump-./Joueur-_jiW23ebJEeasy_m7pNYUIg-_jiW26ObJEeasy_m7pNYUIg-D1D2D": {
      "type": "data_clump",
      "key": "parameters_to_parameters_data_clump-./Joueur-_jiW23ebJEeasy_m7pNYUIg-_jiW26ObJEeasy_m7pNYUIg-D1D2D",
      "probability": 1,
      "from_file_path": "./Joueur",
      "from_class_or_interface_name": "Joueur",
      "from_class_or_interface_key": "_jiW2jebJEeasy_m7pNYUIg",
      "from_method_name": "seDeplace",
      "from_method_key": "_jiW23ebJEeasy_m7pNYUIg",
      "to_file_path": "./Joueur",
      "to_class_or_interface_name": "Joueur",
      "to_class_or_interface_key": "_jiW2jebJEeasy_m7pNYUIg",
      "to_method_name": "deroulementPrison",
      "to_method_key": "_jiW26ObJEeasy_m7pNYUIg",
      "data_clump_type": "parameters_to_parameters_data_clump",
      "data_clump_data": {
        "_jiW23-bJEeasy_m7pNYUIg": {
          "key": "_jiW23-bJEeasy_m7pNYUIg",
          "name": "D1",
          "type": null,
          "probability": 1,
          "modifiers": [],
          "to_variable": {
            "key": "_jiXdg-bJEeasy_m7pNYUIg",
            "name": "D1",
            "type": null,
            "modifiers": [],
            "position": {}
          },
          "position": {}
        },
        "_jiW24ubJEeasy_m7pNYUIg": {
          "key": "_jiW24ubJEeasy_m7pNYUIg",
          "name": "D2",
          "type": null,
          "probability": 1,
          "modifiers": [],
          "to_variable": {
            "key": "_jiXdhubJEeasy_m7pNYUIg",
            "name": "D2",
            "type": null,
            "modifiers": [],
            "position": {}
          },
          "position": {}
        },
        "_jiW25ebJEeasy_m7pNYUIg": {
          "key": "_jiW25ebJEeasy_m7pNYUIg",
          "name": "D",
          "type": null,
          "probability": 1,
          "modifiers": [],
          "to_variable": {
            "key": "_jiXdiebJEeasy_m7pNYUIg",
            "name": "D",
            "type": null,
            "modifiers": [],
            "position": {}
          },
          "position": {}
        }
      }
    },
    "parameters_to_parameters_data_clump-./Joueur-_jiW26ObJEeasy_m7pNYUIg-_jiW23ebJEeasy_m7pNYUIg-D1D2D": {
      "type": "data_clump",
      "key": "parameters_to_parameters_data_clump-./Joueur-_jiW26ObJEeasy_m7pNYUIg-_jiW23ebJEeasy_m7pNYUIg-D1D2D",
      "probability": 1,
      "from_file_path": "./Joueur",
      "from_class_or_interface_name": "Joueur",
      "from_class_or_interface_key": "_jiW2jebJEeasy_m7pNYUIg",
      "from_method_name": "deroulementPrison",
      "from_method_key": "_jiW26ObJEeasy_m7pNYUIg",
      "to_file_path": "./Joueur",
      "to_class_or_interface_name": "Joueur",
      "to_class_or_interface_key": "_jiW2jebJEeasy_m7pNYUIg",
      "to_method_name": "seDeplace",
      "to_method_key": "_jiW23ebJEeasy_m7pNYUIg",
      "data_clump_type": "parameters_to_parameters_data_clump",
      "data_clump_data": {
        "_jiXdg-bJEeasy_m7pNYUIg": {
          "key": "_jiXdg-bJEeasy_m7pNYUIg",
          "name": "D1",
          "type": null,
          "probability": 1,
          "modifiers": [],
          "to_variable": {
            "key": "_jiW23-bJEeasy_m7pNYUIg",
            "name": "D1",
            "type": null,
            "modifiers": [],
            "position": {}
          },
          "position": {}
        },
        "_jiXdhubJEeasy_m7pNYUIg": {
          "key": "_jiXdhubJEeasy_m7pNYUIg",
          "name": "D2",
          "type": null,
          "probability": 1,
          "modifiers": [],
          "to_variable": {
            "key": "_jiW24ubJEeasy_m7pNYUIg",
            "name": "D2",
            "type": null,
            "modifiers": [],
            "position": {}
          },
          "position": {}
        },
        "_jiXdiebJEeasy_m7pNYUIg": {
          "key": "_jiXdiebJEeasy_m7pNYUIg",
          "name": "D",
          "type": null,
          "probability": 1,
          "modifiers": [],
          "to_variable": {
            "key": "_jiW25ebJEeasy_m7pNYUIg",
            "name": "D",
            "type": null,
            "modifiers": [],
            "position": {}
          },
          "position": {}
        }
      }
    },
    "parameters_to_parameters_data_clump-./Terrain-_jiZTBebJEeasy_m7pNYUIg-_jiYE1ObJEeasy_m7pNYUIg-nomnumplj": {
      "type": "data_clump",
      "key": "parameters_to_parameters_data_clump-./Terrain-_jiZTBebJEeasy_m7pNYUIg-_jiYE1ObJEeasy_m7pNYUIg-nomnumplj",
      "probability": 1,
      "from_file_path": "./Terrain",
      "from_class_or_interface_name": "Terrain",
      "from_class_or_interface_key": "_jiZS9-bJEeasy_m7pNYUIg",
      "from_method_name": "Terrain",
      "from_method_key": "_jiZTBebJEeasy_m7pNYUIg",
      "to_file_path": "./Compagnie",
      "to_class_or_interface_name": "Compagnie",
      "to_class_or_interface_key": "_jiYEzObJEeasy_m7pNYUIg",
      "to_method_name": "Compagnie",
      "to_method_key": "_jiYE1ObJEeasy_m7pNYUIg",
      "data_clump_type": "parameters_to_parameters_data_clump",
      "data_clump_data": {
        "_jiZTBubJEeasy_m7pNYUIg": {
          "key": "_jiZTBubJEeasy_m7pNYUIg",
          "name": "nom",
          "type": null,
          "probability": 1,
          "modifiers": [],
          "to_variable": {
            "key": "_jiYE1ebJEeasy_m7pNYUIg",
            "name": "nom",
            "type": null,
            "modifiers": [],
            "position": {}
          },
          "position": {}
        },
        "_jiZTCebJEeasy_m7pNYUIg": {
          "key": "_jiZTCebJEeasy_m7pNYUIg",
          "name": "num",
          "type": null,
          "probability": 1,
          "modifiers": [],
          "to_variable": {
            "key": "_jiYE2ObJEeasy_m7pNYUIg",
            "name": "num",
            "type": null,
            "modifiers": [],
            "position": {}
          },
          "position": {}
        },
        "_jiZTDObJEeasy_m7pNYUIg": {
          "key": "_jiZTDObJEeasy_m7pNYUIg",
          "name": "p",
          "type": null,
          "probability": 1,
          "modifiers": [],
          "to_variable": {
            "key": "_jiYE2-bJEeasy_m7pNYUIg",
            "name": "p",
            "type": null,
            "modifiers": [],
            "position": {}
          },
          "position": {}
        },
        "_jiZTD-bJEeasy_m7pNYUIg": {
          "key": "_jiZTD-bJEeasy_m7pNYUIg",
          "name": "l",
          "type": null,
          "probability": 1,
          "modifiers": [],
          "to_variable": {
            "key": "_jiYE3ubJEeasy_m7pNYUIg",
            "name": "l",
            "type": null,
            "modifiers": [],
            "position": {}
          },
          "position": {}
        },
        "_jiZTJObJEeasy_m7pNYUIg": {
          "key": "_jiZTJObJEeasy_m7pNYUIg",
          "name": "j",
          "type": null,
          "probability": 1,
          "modifiers": [],
          "to_variable": {
            "key": "_jiYE4ebJEeasy_m7pNYUIg",
            "name": "j",
            "type": null,
            "modifiers": [],
            "position": {}
          },
          "position": {}
        }
      }
    },
    "parameters_to_parameters_data_clump-./Terrain-_jiZTBebJEeasy_m7pNYUIg-_jiYrpubJEeasy_m7pNYUIg-nomnumplj": {
      "type": "data_clump",
      "key": "parameters_to_parameters_data_clump-./Terrain-_jiZTBebJEeasy_m7pNYUIg-_jiYrpubJEeasy_m7pNYUIg-nomnumplj",
      "probability": 1,
      "from_file_path": "./Terrain",
      "from_class_or_interface_name": "Terrain",
      "from_class_or_interface_key": "_jiZS9-bJEeasy_m7pNYUIg",
      "from_method_name": "Terrain",
      "from_method_key": "_jiZTBebJEeasy_m7pNYUIg",
      "to_file_path": "./Gare",
      "to_class_or_interface_name": "Gare",
      "to_class_or_interface_key": "_jiYFCubJEeasy_m7pNYUIg",
      "to_method_name": "Gare",
      "to_method_key": "_jiYrpubJEeasy_m7pNYUIg",
      "data_clump_type": "parameters_to_parameters_data_clump",
      "data_clump_data": {
        "_jiZTBubJEeasy_m7pNYUIg": {
          "key": "_jiZTBubJEeasy_m7pNYUIg",
          "name": "nom",
          "type": null,
          "probability": 1,
          "modifiers": [],
          "to_variable": {
            "key": "_jiYrp-bJEeasy_m7pNYUIg",
            "name": "nom",
            "type": null,
            "modifiers": [],
            "position": {}
          },
          "position": {}
        },
        "_jiZTCebJEeasy_m7pNYUIg": {
          "key": "_jiZTCebJEeasy_m7pNYUIg",
          "name": "num",
          "type": null,
          "probability": 1,
          "modifiers": [],
          "to_variable": {
            "key": "_jiYrqubJEeasy_m7pNYUIg",
            "name": "num",
            "type": null,
            "modifiers": [],
            "position": {}
          },
          "position": {}
        },
        "_jiZTDObJEeasy_m7pNYUIg": {
          "key": "_jiZTDObJEeasy_m7pNYUIg",
          "name": "p",
          "type": null,
          "probability": 1,
          "modifiers": [],
          "to_variable": {
            "key": "_jiYrrebJEeasy_m7pNYUIg",
            "name": "p",
            "type": null,
            "modifiers": [],
            "position": {}
          },
          "position": {}
        },
        "_jiZTD-bJEeasy_m7pNYUIg": {
          "key": "_jiZTD-bJEeasy_m7pNYUIg",
          "name": "l",
          "type": null,
          "probability": 1,
          "modifiers": [],
          "to_variable": {
            "key": "_jiYrsObJEeasy_m7pNYUIg",
            "name": "l",
            "type": null,
            "modifiers": [],
            "position": {}
          },
          "position": {}
        },
        "_jiZTJObJEeasy_m7pNYUIg": {
          "key": "_jiZTJObJEeasy_m7pNYUIg",
          "name": "j",
          "type": null,
          "probability": 1,
          "modifiers": [],
          "to_variable": {
            "key": "_jiYrs-bJEeasy_m7pNYUIg",
            "name": "j",
            "type": null,
            "modifiers": [],
            "position": {}
          },
          "position": {}
        }
      }
    }
  }
}