{
  "report_version": "unknown",
  "report_timestamp": "2025-03-26T22:53:44.536Z",
  "target_language": "java",
  "report_summary": {
    "additional": null,
    "amount_classes_or_interfaces_with_data_clumps": 1,
    "amount_files_with_data_clumps": 1,
    "amount_methods_with_data_clumps": 3,
    "fields_to_fields_data_clump": 0,
    "parameters_to_fields_data_clump": 0,
    "parameters_to_parameters_data_clump": 6,
    "amount_data_clumps": 6
  },
  "project_info": {
    "project_url": "unknown_project_url",
    "project_name": "_rc2DwGztEe6A45N60iXn8g",
    "project_version": "unknown_project_version",
    "project_commit_hash": "unknown",
    "project_tag": null,
    "project_commit_date": null,
    "additional": {},
    "number_of_files": 22,
    "number_of_classes_or_interfaces": 22,
    "number_of_methods": 37,
    "number_of_data_fields": 91,
    "number_of_method_parameters": 32
  },
  "detector": {
    "name": "data-clumps-doctor",
    "url": "https://github.com/NilsBaumgartner1994/data-clumps-doctor",
    "version": "0.1.100",
    "options": {
      "typeVariablesConsidered": false,
      "similarityModifierOfVariablesWithUnknownType": 0,
      "fieldsOfClassesWithUnknownHierarchyProbabilityModifier": 0,
      "sharedFieldsToFieldsAmountMinimum": 3,
      "analyseFieldsInClassesOrInterfacesInheritedFromSuperClassesOrInterfaces": false,
      "sharedParametersToParametersAmountMinimum": 3,
      "sharedParametersToFieldsAmountMinimum": 3,
      "methodsOfClassesOrInterfacesWithUnknownHierarchyProbabilityModifier": 0
    }
  },
  "data_clumps": {
    "parameters_to_parameters_data_clump-./Manager_Account-_rdEuTWztEe6A45N60iXn8g-_rdEub2ztEe6A45N60iXn8g-parameterparameter2parameter3": {
      "type": "data_clump",
      "key": "parameters_to_parameters_data_clump-./Manager_Account-_rdEuTWztEe6A45N60iXn8g-_rdEub2ztEe6A45N60iXn8g-parameterparameter2parameter3",
      "probability": 1,
      "from_file_path": "./Manager_Account",
      "from_class_or_interface_name": "Manager_Account",
      "from_class_or_interface_key": "_rdEuSmztEe6A45N60iXn8g",
      "from_method_name": "suspendAccount",
      "from_method_key": "_rdEuTWztEe6A45N60iXn8g",
      "to_file_path": "./Manager_Account",
      "to_class_or_interface_name": "Manager_Account",
      "to_class_or_interface_key": "_rdEuSmztEe6A45N60iXn8g",
      "to_method_name": "rejectVehicle",
      "to_method_key": "_rdEub2ztEe6A45N60iXn8g",
      "data_clump_type": "parameters_to_parameters_data_clump",
      "data_clump_data": {
        "_rdEuT2ztEe6A45N60iXn8g": {
          "key": "_rdEuT2ztEe6A45N60iXn8g",
          "name": "parameter",
          "type": null,
          "probability": 1,
          "modifiers": [],
          "to_variable": {
            "key": "_rdEucGztEe6A45N60iXn8g",
            "name": "parameter",
            "type": null,
            "modifiers": [],
            "position": {}
          },
          "position": {}
        },
        "_rdEuUGztEe6A45N60iXn8g": {
          "key": "_rdEuUGztEe6A45N60iXn8g",
          "name": "parameter2",
          "type": null,
          "probability": 1,
          "modifiers": [],
          "to_variable": {
            "key": "_rdEucWztEe6A45N60iXn8g",
            "name": "parameter2",
            "type": null,
            "modifiers": [],
            "position": {}
          },
          "position": {}
        },
        "_rdEuUWztEe6A45N60iXn8g": {
          "key": "_rdEuUWztEe6A45N60iXn8g",
          "name": "parameter3",
          "type": null,
          "probability": 1,
          "modifiers": [],
          "to_variable": {
            "key": "_rdEucmztEe6A45N60iXn8g",
            "name": "parameter3",
            "type": null,
            "modifiers": [],
            "position": {}
          },
          "position": {}
        }
      }
    },
    "parameters_to_parameters_data_clump-./Manager_Account-_rdEuTWztEe6A45N60iXn8g-_rdEudGztEe6A45N60iXn8g-parameterparameter2parameter3": {
      "type": "data_clump",
      "key": "parameters_to_parameters_data_clump-./Manager_Account-_rdEuTWztEe6A45N60iXn8g-_rdEudGztEe6A45N60iXn8g-parameterparameter2parameter3",
      "probability": 1,
      "from_file_path": "./Manager_Account",
      "from_class_or_interface_name": "Manager_Account",
      "from_class_or_interface_key": "_rdEuSmztEe6A45N60iXn8g",
      "from_method_name": "suspendAccount",
      "from_method_key": "_rdEuTWztEe6A45N60iXn8g",
      "to_file_path": "./Manager_Account",
      "to_class_or_interface_name": "Manager_Account",
      "to_class_or_interface_key": "_rdEuSmztEe6A45N60iXn8g",
      "to_method_name": "acceptVehicle",
      "to_method_key": "_rdEudGztEe6A45N60iXn8g",
      "data_clump_type": "parameters_to_parameters_data_clump",
      "data_clump_data": {
        "_rdEuT2ztEe6A45N60iXn8g": {
          "key": "_rdEuT2ztEe6A45N60iXn8g",
          "name": "parameter",
          "type": null,
          "probability": 1,
          "modifiers": [],
          "to_variable": {
            "key": "_rdEudWztEe6A45N60iXn8g",
            "name": "parameter",
            "type": null,
            "modifiers": [],
            "position": {}
          },
          "position": {}
        },
        "_rdEuUGztEe6A45N60iXn8g": {
          "key": "_rdEuUGztEe6A45N60iXn8g",
          "name": "parameter2",
          "type": null,
          "probability": 1,
          "modifiers": [],
          "to_variable": {
            "key": "_rdEudmztEe6A45N60iXn8g",
            "name": "parameter2",
            "type": null,
            "modifiers": [],
            "position": {}
          },
          "position": {}
        },
        "_rdEuUWztEe6A45N60iXn8g": {
          "key": "_rdEuUWztEe6A45N60iXn8g",
          "name": "parameter3",
          "type": null,
          "probability": 1,
          "modifiers": [],
          "to_variable": {
            "key": "_rdEud2ztEe6A45N60iXn8g",
            "name": "parameter3",
            "type": null,
            "modifiers": [],
            "position": {}
          },
          "position": {}
        }
      }
    },
    "parameters_to_parameters_data_clump-./Manager_Account-_rdEub2ztEe6A45N60iXn8g-_rdEuTWztEe6A45N60iXn8g-parameterparameter2parameter3": {
      "type": "data_clump",
      "key": "parameters_to_parameters_data_clump-./Manager_Account-_rdEub2ztEe6A45N60iXn8g-_rdEuTWztEe6A45N60iXn8g-parameterparameter2parameter3",
      "probability": 1,
      "from_file_path": "./Manager_Account",
      "from_class_or_interface_name": "Manager_Account",
      "from_class_or_interface_key": "_rdEuSmztEe6A45N60iXn8g",
      "from_method_name": "rejectVehicle",
      "from_method_key": "_rdEub2ztEe6A45N60iXn8g",
      "to_file_path": "./Manager_Account",
      "to_class_or_interface_name": "Manager_Account",
      "to_class_or_interface_key": "_rdEuSmztEe6A45N60iXn8g",
      "to_method_name": "suspendAccount",
      "to_method_key": "_rdEuTWztEe6A45N60iXn8g",
      "data_clump_type": "parameters_to_parameters_data_clump",
      "data_clump_data": {
        "_rdEucGztEe6A45N60iXn8g": {
          "key": "_rdEucGztEe6A45N60iXn8g",
          "name": "parameter",
          "type": null,
          "probability": 1,
          "modifiers": [],
          "to_variable": {
            "key": "_rdEuT2ztEe6A45N60iXn8g",
            "name": "parameter",
            "type": null,
            "modifiers": [],
            "position": {}
          },
          "position": {}
        },
        "_rdEucWztEe6A45N60iXn8g": {
          "key": "_rdEucWztEe6A45N60iXn8g",
          "name": "parameter2",
          "type": null,
          "probability": 1,
          "modifiers": [],
          "to_variable": {
            "key": "_rdEuUGztEe6A45N60iXn8g",
            "name": "parameter2",
            "type": null,
            "modifiers": [],
            "position": {}
          },
          "position": {}
        },
        "_rdEucmztEe6A45N60iXn8g": {
          "key": "_rdEucmztEe6A45N60iXn8g",
          "name": "parameter3",
          "type": null,
          "probability": 1,
          "modifiers": [],
          "to_variable": {
            "key": "_rdEuUWztEe6A45N60iXn8g",
            "name": "parameter3",
            "type": null,
            "modifiers": [],
            "position": {}
          },
          "position": {}
        }
      }
    },
    "parameters_to_parameters_data_clump-./Manager_Account-_rdEub2ztEe6A45N60iXn8g-_rdEudGztEe6A45N60iXn8g-parameterparameter2parameter3": {
      "type": "data_clump",
      "key": "parameters_to_parameters_data_clump-./Manager_Account-_rdEub2ztEe6A45N60iXn8g-_rdEudGztEe6A45N60iXn8g-parameterparameter2parameter3",
      "probability": 1,
      "from_file_path": "./Manager_Account",
      "from_class_or_interface_name": "Manager_Account",
      "from_class_or_interface_key": "_rdEuSmztEe6A45N60iXn8g",
      "from_method_name": "rejectVehicle",
      "from_method_key": "_rdEub2ztEe6A45N60iXn8g",
      "to_file_path": "./Manager_Account",
      "to_class_or_interface_name": "Manager_Account",
      "to_class_or_interface_key": "_rdEuSmztEe6A45N60iXn8g",
      "to_method_name": "acceptVehicle",
      "to_method_key": "_rdEudGztEe6A45N60iXn8g",
      "data_clump_type": "parameters_to_parameters_data_clump",
      "data_clump_data": {
        "_rdEucGztEe6A45N60iXn8g": {
          "key": "_rdEucGztEe6A45N60iXn8g",
          "name": "parameter",
          "type": null,
          "probability": 1,
          "modifiers": [],
          "to_variable": {
            "key": "_rdEudWztEe6A45N60iXn8g",
            "name": "parameter",
            "type": null,
            "modifiers": [],
            "position": {}
          },
          "position": {}
        },
        "_rdEucWztEe6A45N60iXn8g": {
          "key": "_rdEucWztEe6A45N60iXn8g",
          "name": "parameter2",
          "type": null,
          "probability": 1,
          "modifiers": [],
          "to_variable": {
            "key": "_rdEudmztEe6A45N60iXn8g",
            "name": "parameter2",
            "type": null,
            "modifiers": [],
            "position": {}
          },
          "position": {}
        },
        "_rdEucmztEe6A45N60iXn8g": {
          "key": "_rdEucmztEe6A45N60iXn8g",
          "name": "parameter3",
          "type": null,
          "probability": 1,
          "modifiers": [],
          "to_variable": {
            "key": "_rdEud2ztEe6A45N60iXn8g",
            "name": "parameter3",
            "type": null,
            "modifiers": [],
            "position": {}
          },
          "position": {}
        }
      }
    },
    "parameters_to_parameters_data_clump-./Manager_Account-_rdEudGztEe6A45N60iXn8g-_rdEuTWztEe6A45N60iXn8g-parameterparameter2parameter3": {
      "type": "data_clump",
      "key": "parameters_to_parameters_data_clump-./Manager_Account-_rdEudGztEe6A45N60iXn8g-_rdEuTWztEe6A45N60iXn8g-parameterparameter2parameter3",
      "probability": 1,
      "from_file_path": "./Manager_Account",
      "from_class_or_interface_name": "Manager_Account",
      "from_class_or_interface_key": "_rdEuSmztEe6A45N60iXn8g",
      "from_method_name": "acceptVehicle",
      "from_method_key": "_rdEudGztEe6A45N60iXn8g",
      "to_file_path": "./Manager_Account",
      "to_class_or_interface_name": "Manager_Account",
      "to_class_or_interface_key": "_rdEuSmztEe6A45N60iXn8g",
      "to_method_name": "suspendAccount",
      "to_method_key": "_rdEuTWztEe6A45N60iXn8g",
      "data_clump_type": "parameters_to_parameters_data_clump",
      "data_clump_data": {
        "_rdEudWztEe6A45N60iXn8g": {
          "key": "_rdEudWztEe6A45N60iXn8g",
          "name": "parameter",
          "type": null,
          "probability": 1,
          "modifiers": [],
          "to_variable": {
            "key": "_rdEuT2ztEe6A45N60iXn8g",
            "name": "parameter",
            "type": null,
            "modifiers": [],
            "position": {}
          },
          "position": {}
        },
        "_rdEudmztEe6A45N60iXn8g": {
          "key": "_rdEudmztEe6A45N60iXn8g",
          "name": "parameter2",
          "type": null,
          "probability": 1,
          "modifiers": [],
          "to_variable": {
            "key": "_rdEuUGztEe6A45N60iXn8g",
            "name": "parameter2",
            "type": null,
            "modifiers": [],
            "position": {}
          },
          "position": {}
        },
        "_rdEud2ztEe6A45N60iXn8g": {
          "key": "_rdEud2ztEe6A45N60iXn8g",
          "name": "parameter3",
          "type": null,
          "probability": 1,
          "modifiers": [],
          "to_variable": {
            "key": "_rdEuUWztEe6A45N60iXn8g",
            "name": "parameter3",
            "type": null,
            "modifiers": [],
            "position": {}
          },
          "position": {}
        }
      }
    },
    "parameters_to_parameters_data_clump-./Manager_Account-_rdEudGztEe6A45N60iXn8g-_rdEub2ztEe6A45N60iXn8g-parameterparameter2parameter3": {
      "type": "data_clump",
      "key": "parameters_to_parameters_data_clump-./Manager_Account-_rdEudGztEe6A45N60iXn8g-_rdEub2ztEe6A45N60iXn8g-parameterparameter2parameter3",
      "probability": 1,
      "from_file_path": "./Manager_Account",
      "from_class_or_interface_name": "Manager_Account",
      "from_class_or_interface_key": "_rdEuSmztEe6A45N60iXn8g",
      "from_method_name": "acceptVehicle",
      "from_method_key": "_rdEudGztEe6A45N60iXn8g",
      "to_file_path": "./Manager_Account",
      "to_class_or_interface_name": "Manager_Account",
      "to_class_or_interface_key": "_rdEuSmztEe6A45N60iXn8g",
      "to_method_name": "rejectVehicle",
      "to_method_key": "_rdEub2ztEe6A45N60iXn8g",
      "data_clump_type": "parameters_to_parameters_data_clump",
      "data_clump_data": {
        "_rdEudWztEe6A45N60iXn8g": {
          "key": "_rdEudWztEe6A45N60iXn8g",
          "name": "parameter",
          "type": null,
          "probability": 1,
          "modifiers": [],
          "to_variable": {
            "key": "_rdEucGztEe6A45N60iXn8g",
            "name": "parameter",
            "type": null,
            "modifiers": [],
            "position": {}
          },
          "position": {}
        },
        "_rdEudmztEe6A45N60iXn8g": {
          "key": "_rdEudmztEe6A45N60iXn8g",
          "name": "parameter2",
          "type": null,
          "probability": 1,
          "modifiers": [],
          "to_variable": {
            "key": "_rdEucWztEe6A45N60iXn8g",
            "name": "parameter2",
            "type": null,
            "modifiers": [],
            "position": {}
          },
          "position": {}
        },
        "_rdEud2ztEe6A45N60iXn8g": {
          "key": "_rdEud2ztEe6A45N60iXn8g",
          "name": "parameter3",
          "type": null,
          "probability": 1,
          "modifiers": [],
          "to_variable": {
            "key": "_rdEucmztEe6A45N60iXn8g",
            "name": "parameter3",
            "type": null,
            "modifiers": [],
            "position": {}
          },
          "position": {}
        }
      }
    }
  }
}