{
  "report_version": "unknown",
  "report_timestamp": "2025-03-26T22:04:22.090Z",
  "target_language": "java",
  "report_summary": {
    "additional": null,
    "amount_classes_or_interfaces_with_data_clumps": 4,
    "amount_files_with_data_clumps": 4,
    "amount_methods_with_data_clumps": 0,
    "fields_to_fields_data_clump": 4,
    "parameters_to_fields_data_clump": 0,
    "parameters_to_parameters_data_clump": 0,
    "amount_data_clumps": 4
  },
  "project_info": {
    "project_url": "unknown_project_url",
    "project_name": "bbdbb7d0-5791-4a88-a5a4-e5bd2f518d56",
    "project_version": "unknown_project_version",
    "project_commit_hash": "unknown",
    "project_tag": null,
    "project_commit_date": null,
    "additional": {},
    "number_of_files": 10,
    "number_of_classes_or_interfaces": 10,
    "number_of_methods": 13,
    "number_of_data_fields": 33,
    "number_of_method_parameters": 0
  },
  "detector": {
    "name": "data-clumps-doctor",
    "url": "https://github.com/NilsBaumgartner1994/data-clumps-doctor",
    "version": "0.1.100",
    "options": {
      "typeVariablesConsidered": false,
      "similarityModifierOfVariablesWithUnknownType": 0,
      "fieldsOfClassesWithUnknownHierarchyProbabilityModifier": 0,
      "sharedFieldsToFieldsAmountMinimum": 3,
      "analyseFieldsInClassesOrInterfacesInheritedFromSuperClassesOrInterfaces": false,
      "sharedParametersToParametersAmountMinimum": 3,
      "sharedParametersToFieldsAmountMinimum": 3,
      "methodsOfClassesOrInterfacesWithUnknownHierarchyProbabilityModifier": 0
    }
  },
  "data_clumps": {
    "fields_to_fields_data_clump-./Costumer-_TC6aoJXGEDSt79waHCXxEQ-_rSMMoJXHEDSt79waHCXxEQ-IDNameTelNoAddress": {
      "type": "data_clump",
      "key": "fields_to_fields_data_clump-./Costumer-_TC6aoJXGEDSt79waHCXxEQ-_rSMMoJXHEDSt79waHCXxEQ-IDNameTelNoAddress",
      "probability": 1,
      "from_file_path": "./Costumer",
      "from_class_or_interface_name": "Costumer",
      "from_class_or_interface_key": "_TC6aoJXGEDSt79waHCXxEQ",
      "from_method_name": null,
      "from_method_key": null,
      "to_file_path": "./Receptionist",
      "to_class_or_interface_key": "_rSMMoJXHEDSt79waHCXxEQ",
      "to_class_or_interface_name": "Costumer",
      "to_method_key": null,
      "to_method_name": null,
      "data_clump_type": "fields_to_fields_data_clump",
      "data_clump_data": {
        "_lpUVEJXGEDSt79waHCXxEQ": {
          "key": "_lpUVEJXGEDSt79waHCXxEQ",
          "name": "ID",
          "type": null,
          "probability": 1,
          "modifiers": [
            "public"
          ],
          "to_variable": {
            "key": "_4OiuUJXHEDSt79waHCXxEQ",
            "name": "ID",
            "type": null,
            "modifiers": [
              "public"
            ],
            "position": {}
          },
          "position": {}
        },
        "_pBGJMJXGEDSt79waHCXxEQ": {
          "key": "_pBGJMJXGEDSt79waHCXxEQ",
          "name": "Name",
          "type": null,
          "probability": 1,
          "modifiers": [
            "public"
          ],
          "to_variable": {
            "key": "_6YCKYJXHEDSt79waHCXxEQ",
            "name": "Name",
            "type": null,
            "modifiers": [
              "public"
            ],
            "position": {}
          },
          "position": {}
        },
        "_0T6hQJXGEDSt79waHCXxEQ": {
          "key": "_0T6hQJXGEDSt79waHCXxEQ",
          "name": "TelNo",
          "type": null,
          "probability": 1,
          "modifiers": [
            "public"
          ],
          "to_variable": {
            "key": "_9AWQcJXHEDSt79waHCXxEQ",
            "name": "TelNo",
            "type": null,
            "modifiers": [
              "public"
            ],
            "position": {}
          },
          "position": {}
        },
        "_3WceIJXGEDSt79waHCXxEQ": {
          "key": "_3WceIJXGEDSt79waHCXxEQ",
          "name": "Address",
          "type": null,
          "probability": 1,
          "modifiers": [
            "public"
          ],
          "to_variable": {
            "key": "_-l-KcJXHEDSt79waHCXxEQ",
            "name": "Address",
            "type": null,
            "modifiers": [
              "public"
            ],
            "position": {}
          },
          "position": {}
        }
      }
    },
    "fields_to_fields_data_clump-./HouseKeeping-_BgOqMJXKEDSt79waHCXxEQ-_WJBlEJXIEDSt79waHCXxEQ-NameIDLocation": {
      "type": "data_clump",
      "key": "fields_to_fields_data_clump-./HouseKeeping-_BgOqMJXKEDSt79waHCXxEQ-_WJBlEJXIEDSt79waHCXxEQ-NameIDLocation",
      "probability": 1,
      "from_file_path": "./HouseKeeping",
      "from_class_or_interface_name": "HouseKeeping",
      "from_class_or_interface_key": "_BgOqMJXKEDSt79waHCXxEQ",
      "from_method_name": null,
      "from_method_key": null,
      "to_file_path": "./Manager",
      "to_class_or_interface_key": "_WJBlEJXIEDSt79waHCXxEQ",
      "to_class_or_interface_name": "HouseKeeping",
      "to_method_key": null,
      "to_method_name": null,
      "data_clump_type": "fields_to_fields_data_clump",
      "data_clump_data": {
        "_FpMDoJXKEDSt79waHCXxEQ": {
          "key": "_FpMDoJXKEDSt79waHCXxEQ",
          "name": "Name",
          "type": null,
          "probability": 1,
          "modifiers": [
            "public"
          ],
          "to_variable": {
            "key": "_sLD44JXIEDSt79waHCXxEQ",
            "name": "Name",
            "type": null,
            "modifiers": [
              "public"
            ],
            "position": {}
          },
          "position": {}
        },
        "_H326oJXKEDSt79waHCXxEQ": {
          "key": "_H326oJXKEDSt79waHCXxEQ",
          "name": "ID",
          "type": null,
          "probability": 1,
          "modifiers": [
            "public"
          ],
          "to_variable": {
            "key": "_uDuDoJXIEDSt79waHCXxEQ",
            "name": "ID",
            "type": null,
            "modifiers": [
              "public"
            ],
            "position": {}
          },
          "position": {}
        },
        "_JK4owJXKEDSt79waHCXxEQ": {
          "key": "_JK4owJXKEDSt79waHCXxEQ",
          "name": "Location",
          "type": null,
          "probability": 1,
          "modifiers": [
            "public"
          ],
          "to_variable": {
            "key": "_6c0HQJXIEDSt79waHCXxEQ",
            "name": "Location",
            "type": null,
            "modifiers": [
              "public"
            ],
            "position": {}
          },
          "position": {}
        }
      }
    },
    "fields_to_fields_data_clump-./Manager-_WJBlEJXIEDSt79waHCXxEQ-_BgOqMJXKEDSt79waHCXxEQ-NameIDLocation": {
      "type": "data_clump",
      "key": "fields_to_fields_data_clump-./Manager-_WJBlEJXIEDSt79waHCXxEQ-_BgOqMJXKEDSt79waHCXxEQ-NameIDLocation",
      "probability": 1,
      "from_file_path": "./Manager",
      "from_class_or_interface_name": "Manager",
      "from_class_or_interface_key": "_WJBlEJXIEDSt79waHCXxEQ",
      "from_method_name": null,
      "from_method_key": null,
      "to_file_path": "./HouseKeeping",
      "to_class_or_interface_key": "_BgOqMJXKEDSt79waHCXxEQ",
      "to_class_or_interface_name": "Manager",
      "to_method_key": null,
      "to_method_name": null,
      "data_clump_type": "fields_to_fields_data_clump",
      "data_clump_data": {
        "_sLD44JXIEDSt79waHCXxEQ": {
          "key": "_sLD44JXIEDSt79waHCXxEQ",
          "name": "Name",
          "type": null,
          "probability": 1,
          "modifiers": [
            "public"
          ],
          "to_variable": {
            "key": "_FpMDoJXKEDSt79waHCXxEQ",
            "name": "Name",
            "type": null,
            "modifiers": [
              "public"
            ],
            "position": {}
          },
          "position": {}
        },
        "_uDuDoJXIEDSt79waHCXxEQ": {
          "key": "_uDuDoJXIEDSt79waHCXxEQ",
          "name": "ID",
          "type": null,
          "probability": 1,
          "modifiers": [
            "public"
          ],
          "to_variable": {
            "key": "_H326oJXKEDSt79waHCXxEQ",
            "name": "ID",
            "type": null,
            "modifiers": [
              "public"
            ],
            "position": {}
          },
          "position": {}
        },
        "_6c0HQJXIEDSt79waHCXxEQ": {
          "key": "_6c0HQJXIEDSt79waHCXxEQ",
          "name": "Location",
          "type": null,
          "probability": 1,
          "modifiers": [
            "public"
          ],
          "to_variable": {
            "key": "_JK4owJXKEDSt79waHCXxEQ",
            "name": "Location",
            "type": null,
            "modifiers": [
              "public"
            ],
            "position": {}
          },
          "position": {}
        }
      }
    },
    "fields_to_fields_data_clump-./Receptionist-_rSMMoJXHEDSt79waHCXxEQ-_TC6aoJXGEDSt79waHCXxEQ-IDNameTelNoAddress": {
      "type": "data_clump",
      "key": "fields_to_fields_data_clump-./Receptionist-_rSMMoJXHEDSt79waHCXxEQ-_TC6aoJXGEDSt79waHCXxEQ-IDNameTelNoAddress",
      "probability": 1,
      "from_file_path": "./Receptionist",
      "from_class_or_interface_name": "Receptionist",
      "from_class_or_interface_key": "_rSMMoJXHEDSt79waHCXxEQ",
      "from_method_name": null,
      "from_method_key": null,
      "to_file_path": "./Costumer",
      "to_class_or_interface_key": "_TC6aoJXGEDSt79waHCXxEQ",
      "to_class_or_interface_name": "Receptionist",
      "to_method_key": null,
      "to_method_name": null,
      "data_clump_type": "fields_to_fields_data_clump",
      "data_clump_data": {
        "_4OiuUJXHEDSt79waHCXxEQ": {
          "key": "_4OiuUJXHEDSt79waHCXxEQ",
          "name": "ID",
          "type": null,
          "probability": 1,
          "modifiers": [
            "public"
          ],
          "to_variable": {
            "key": "_lpUVEJXGEDSt79waHCXxEQ",
            "name": "ID",
            "type": null,
            "modifiers": [
              "public"
            ],
            "position": {}
          },
          "position": {}
        },
        "_6YCKYJXHEDSt79waHCXxEQ": {
          "key": "_6YCKYJXHEDSt79waHCXxEQ",
          "name": "Name",
          "type": null,
          "probability": 1,
          "modifiers": [
            "public"
          ],
          "to_variable": {
            "key": "_pBGJMJXGEDSt79waHCXxEQ",
            "name": "Name",
            "type": null,
            "modifiers": [
              "public"
            ],
            "position": {}
          },
          "position": {}
        },
        "_9AWQcJXHEDSt79waHCXxEQ": {
          "key": "_9AWQcJXHEDSt79waHCXxEQ",
          "name": "TelNo",
          "type": null,
          "probability": 1,
          "modifiers": [
            "public"
          ],
          "to_variable": {
            "key": "_0T6hQJXGEDSt79waHCXxEQ",
            "name": "TelNo",
            "type": null,
            "modifiers": [
              "public"
            ],
            "position": {}
          },
          "position": {}
        },
        "_-l-KcJXHEDSt79waHCXxEQ": {
          "key": "_-l-KcJXHEDSt79waHCXxEQ",
          "name": "Address",
          "type": null,
          "probability": 1,
          "modifiers": [
            "public"
          ],
          "to_variable": {
            "key": "_3WceIJXGEDSt79waHCXxEQ",
            "name": "Address",
            "type": null,
            "modifiers": [
              "public"
            ],
            "position": {}
          },
          "position": {}
        }
      }
    }
  }
}