{
  "report_version": "unknown",
  "report_timestamp": "2025-03-26T21:39:04.584Z",
  "target_language": "java",
  "report_summary": {
    "additional": null,
    "amount_classes_or_interfaces_with_data_clumps": 2,
    "amount_files_with_data_clumps": 2,
    "amount_methods_with_data_clumps": 0,
    "fields_to_fields_data_clump": 2,
    "parameters_to_fields_data_clump": 0,
    "parameters_to_parameters_data_clump": 0,
    "amount_data_clumps": 2
  },
  "project_info": {
    "project_url": "unknown_project_url",
    "project_name": "_tuLscEF6EeeTJ_4Vl2J2rQ",
    "project_version": "unknown_project_version",
    "project_commit_hash": "unknown",
    "project_tag": null,
    "project_commit_date": null,
    "additional": {},
    "number_of_files": 6,
    "number_of_classes_or_interfaces": 6,
    "number_of_methods": 2,
    "number_of_data_fields": 21,
    "number_of_method_parameters": 0
  },
  "detector": {
    "name": "data-clumps-doctor",
    "url": "https://github.com/NilsBaumgartner1994/data-clumps-doctor",
    "version": "0.1.100",
    "options": {
      "typeVariablesConsidered": false,
      "similarityModifierOfVariablesWithUnknownType": 0,
      "fieldsOfClassesWithUnknownHierarchyProbabilityModifier": 0,
      "sharedFieldsToFieldsAmountMinimum": 3,
      "analyseFieldsInClassesOrInterfacesInheritedFromSuperClassesOrInterfaces": false,
      "sharedParametersToParametersAmountMinimum": 3,
      "sharedParametersToFieldsAmountMinimum": 3,
      "methodsOfClassesOrInterfacesWithUnknownHierarchyProbabilityModifier": 0
    }
  },
  "data_clumps": {
    "fields_to_fields_data_clump-./ResultFileContent-_SSnKACOrEDWXCNbXHKe44Q-_DGmIQSOqEDWXCNbXHKe44Q-FlagsSamplesDiHeader": {
      "type": "data_clump",
      "key": "fields_to_fields_data_clump-./ResultFileContent-_SSnKACOrEDWXCNbXHKe44Q-_DGmIQSOqEDWXCNbXHKe44Q-FlagsSamplesDiHeader",
      "probability": 1,
      "from_file_path": "./ResultFileContent",
      "from_class_or_interface_name": "ResultFileContent",
      "from_class_or_interface_key": "_SSnKACOrEDWXCNbXHKe44Q",
      "from_method_name": null,
      "from_method_key": null,
      "to_file_path": "./ResultFileId",
      "to_class_or_interface_key": "_DGmIQSOqEDWXCNbXHKe44Q",
      "to_class_or_interface_name": "ResultFileContent",
      "to_method_key": null,
      "to_method_name": null,
      "data_clump_type": "fields_to_fields_data_clump",
      "data_clump_data": {
        "_D4jpUCOtEDWXCNbXHKe44Q": {
          "key": "_D4jpUCOtEDWXCNbXHKe44Q",
          "name": "Flags",
          "type": null,
          "probability": 1,
          "modifiers": [
            "public"
          ],
          "to_variable": {
            "key": "_Fk6k0COqEDWXCNbXHKe44Q",
            "name": "Flags",
            "type": null,
            "modifiers": [
              "public"
            ],
            "position": {}
          },
          "position": {}
        },
        "_F6AjsCOtEDWXCNbXHKe44Q": {
          "key": "_F6AjsCOtEDWXCNbXHKe44Q",
          "name": "Samples",
          "type": null,
          "probability": 1,
          "modifiers": [
            "public"
          ],
          "to_variable": {
            "key": "_L9epYCOqEDWXCNbXHKe44Q",
            "name": "Samples",
            "type": null,
            "modifiers": [
              "public"
            ],
            "position": {}
          },
          "position": {}
        },
        "_HMKvICOtEDWXCNbXHKe44Q": {
          "key": "_HMKvICOtEDWXCNbXHKe44Q",
          "name": "DiHeader",
          "type": null,
          "probability": 1,
          "modifiers": [
            "public"
          ],
          "to_variable": {
            "key": "_VKVagCOqEDWXCNbXHKe44Q",
            "name": "DiHeader",
            "type": null,
            "modifiers": [
              "public"
            ],
            "position": {}
          },
          "position": {}
        }
      }
    },
    "fields_to_fields_data_clump-./ResultFileId-_DGmIQSOqEDWXCNbXHKe44Q-_SSnKACOrEDWXCNbXHKe44Q-FlagsSamplesDiHeader": {
      "type": "data_clump",
      "key": "fields_to_fields_data_clump-./ResultFileId-_DGmIQSOqEDWXCNbXHKe44Q-_SSnKACOrEDWXCNbXHKe44Q-FlagsSamplesDiHeader",
      "probability": 1,
      "from_file_path": "./ResultFileId",
      "from_class_or_interface_name": "ResultFileId",
      "from_class_or_interface_key": "_DGmIQSOqEDWXCNbXHKe44Q",
      "from_method_name": null,
      "from_method_key": null,
      "to_file_path": "./ResultFileContent",
      "to_class_or_interface_key": "_SSnKACOrEDWXCNbXHKe44Q",
      "to_class_or_interface_name": "ResultFileId",
      "to_method_key": null,
      "to_method_name": null,
      "data_clump_type": "fields_to_fields_data_clump",
      "data_clump_data": {
        "_Fk6k0COqEDWXCNbXHKe44Q": {
          "key": "_Fk6k0COqEDWXCNbXHKe44Q",
          "name": "Flags",
          "type": null,
          "probability": 1,
          "modifiers": [
            "public"
          ],
          "to_variable": {
            "key": "_D4jpUCOtEDWXCNbXHKe44Q",
            "name": "Flags",
            "type": null,
            "modifiers": [
              "public"
            ],
            "position": {}
          },
          "position": {}
        },
        "_L9epYCOqEDWXCNbXHKe44Q": {
          "key": "_L9epYCOqEDWXCNbXHKe44Q",
          "name": "Samples",
          "type": null,
          "probability": 1,
          "modifiers": [
            "public"
          ],
          "to_variable": {
            "key": "_F6AjsCOtEDWXCNbXHKe44Q",
            "name": "Samples",
            "type": null,
            "modifiers": [
              "public"
            ],
            "position": {}
          },
          "position": {}
        },
        "_VKVagCOqEDWXCNbXHKe44Q": {
          "key": "_VKVagCOqEDWXCNbXHKe44Q",
          "name": "DiHeader",
          "type": null,
          "probability": 1,
          "modifiers": [
            "public"
          ],
          "to_variable": {
            "key": "_HMKvICOtEDWXCNbXHKe44Q",
            "name": "DiHeader",
            "type": null,
            "modifiers": [
              "public"
            ],
            "position": {}
          },
          "position": {}
        }
      }
    }
  }
}