{
  "report_version": "unknown",
  "report_timestamp": "2025-03-26T22:28:59.123Z",
  "target_language": "java",
  "report_summary": {
    "additional": null,
    "amount_classes_or_interfaces_with_data_clumps": 3,
    "amount_files_with_data_clumps": 3,
    "amount_methods_with_data_clumps": 0,
    "fields_to_fields_data_clump": 6,
    "parameters_to_fields_data_clump": 0,
    "parameters_to_parameters_data_clump": 0,
    "amount_data_clumps": 6
  },
  "project_info": {
    "project_url": "unknown_project_url",
    "project_name": "_AdSZ0HDmEemkSo3PkdMxbg",
    "project_version": "unknown_project_version",
    "project_commit_hash": "unknown",
    "project_tag": null,
    "project_commit_date": null,
    "additional": {},
    "number_of_files": 9,
    "number_of_classes_or_interfaces": 9,
    "number_of_methods": 10,
    "number_of_data_fields": 34,
    "number_of_method_parameters": 0
  },
  "detector": {
    "name": "data-clumps-doctor",
    "url": "https://github.com/NilsBaumgartner1994/data-clumps-doctor",
    "version": "0.1.100",
    "options": {
      "typeVariablesConsidered": false,
      "similarityModifierOfVariablesWithUnknownType": 0,
      "fieldsOfClassesWithUnknownHierarchyProbabilityModifier": 0,
      "sharedFieldsToFieldsAmountMinimum": 3,
      "analyseFieldsInClassesOrInterfacesInheritedFromSuperClassesOrInterfaces": false,
      "sharedParametersToParametersAmountMinimum": 3,
      "sharedParametersToFieldsAmountMinimum": 3,
      "methodsOfClassesOrInterfacesWithUnknownHierarchyProbabilityModifier": 0
    }
  },
  "data_clumps": {
    "fields_to_fields_data_clump-./librarian-_yirLcVOZEDe9yNEySTAiQQ-_dqjbIVObEDe9yNEySTAiQQ-idnameaddressemail": {
      "type": "data_clump",
      "key": "fields_to_fields_data_clump-./librarian-_yirLcVOZEDe9yNEySTAiQQ-_dqjbIVObEDe9yNEySTAiQQ-idnameaddressemail",
      "probability": 1,
      "from_file_path": "./librarian",
      "from_class_or_interface_name": "librarian",
      "from_class_or_interface_key": "_yirLcVOZEDe9yNEySTAiQQ",
      "from_method_name": null,
      "from_method_key": null,
      "to_file_path": "./publisher",
      "to_class_or_interface_key": "_dqjbIVObEDe9yNEySTAiQQ",
      "to_class_or_interface_name": "librarian",
      "to_method_key": null,
      "to_method_name": null,
      "data_clump_type": "fields_to_fields_data_clump",
      "data_clump_data": {
        "_0BVh0FOZEDe9yNEySTAiQQ": {
          "key": "_0BVh0FOZEDe9yNEySTAiQQ",
          "name": "id",
          "type": null,
          "probability": 1,
          "modifiers": [
            "public"
          ],
          "to_variable": {
            "key": "_f3MR0FObEDe9yNEySTAiQQ",
            "name": "id",
            "type": null,
            "modifiers": [
              "public"
            ],
            "position": {}
          },
          "position": {}
        },
        "_0VGLUFOZEDe9yNEySTAiQQ": {
          "key": "_0VGLUFOZEDe9yNEySTAiQQ",
          "name": "name",
          "type": null,
          "probability": 1,
          "modifiers": [
            "public"
          ],
          "to_variable": {
            "key": "_gdy-0VObEDe9yNEySTAiQQ",
            "name": "name",
            "type": null,
            "modifiers": [
              "public"
            ],
            "position": {}
          },
          "position": {}
        },
        "_0pEQMFOZEDe9yNEySTAiQQ": {
          "key": "_0pEQMFOZEDe9yNEySTAiQQ",
          "name": "address",
          "type": null,
          "probability": 1,
          "modifiers": [
            "public"
          ],
          "to_variable": {
            "key": "_gsYNYFObEDe9yNEySTAiQQ",
            "name": "address",
            "type": null,
            "modifiers": [
              "public"
            ],
            "position": {}
          },
          "position": {}
        },
        "_0wwzoFOZEDe9yNEySTAiQQ": {
          "key": "_0wwzoFOZEDe9yNEySTAiQQ",
          "name": "email",
          "type": null,
          "probability": 1,
          "modifiers": [
            "public"
          ],
          "to_variable": {
            "key": "_g4Wz4FObEDe9yNEySTAiQQ",
            "name": "email",
            "type": null,
            "modifiers": [
              "public"
            ],
            "position": {}
          },
          "position": {}
        }
      }
    },
    "fields_to_fields_data_clump-./librarian-_yirLcVOZEDe9yNEySTAiQQ-_NgVMEFOXEDe9yNEySTAiQQ-idaddressemail": {
      "type": "data_clump",
      "key": "fields_to_fields_data_clump-./librarian-_yirLcVOZEDe9yNEySTAiQQ-_NgVMEFOXEDe9yNEySTAiQQ-idaddressemail",
      "probability": 1,
      "from_file_path": "./librarian",
      "from_class_or_interface_name": "librarian",
      "from_class_or_interface_key": "_yirLcVOZEDe9yNEySTAiQQ",
      "from_method_name": null,
      "from_method_key": null,
      "to_file_path": "./user",
      "to_class_or_interface_key": "_NgVMEFOXEDe9yNEySTAiQQ",
      "to_class_or_interface_name": "librarian",
      "to_method_key": null,
      "to_method_name": null,
      "data_clump_type": "fields_to_fields_data_clump",
      "data_clump_data": {
        "_0BVh0FOZEDe9yNEySTAiQQ": {
          "key": "_0BVh0FOZEDe9yNEySTAiQQ",
          "name": "id",
          "type": null,
          "probability": 1,
          "modifiers": [
            "public"
          ],
          "to_variable": {
            "key": "_eDdKsVOYEDe9yNEySTAiQQ",
            "name": "id",
            "type": null,
            "modifiers": [
              "public"
            ],
            "position": {}
          },
          "position": {}
        },
        "_0pEQMFOZEDe9yNEySTAiQQ": {
          "key": "_0pEQMFOZEDe9yNEySTAiQQ",
          "name": "address",
          "type": null,
          "probability": 1,
          "modifiers": [
            "public"
          ],
          "to_variable": {
            "key": "_9H2P0FOYEDe9yNEySTAiQQ",
            "name": "address",
            "type": null,
            "modifiers": [
              "public"
            ],
            "position": {}
          },
          "position": {}
        },
        "_0wwzoFOZEDe9yNEySTAiQQ": {
          "key": "_0wwzoFOZEDe9yNEySTAiQQ",
          "name": "email",
          "type": null,
          "probability": 1,
          "modifiers": [
            "public"
          ],
          "to_variable": {
            "key": "_C3jkoFOZEDe9yNEySTAiQQ",
            "name": "email",
            "type": null,
            "modifiers": [
              "public"
            ],
            "position": {}
          },
          "position": {}
        }
      }
    },
    "fields_to_fields_data_clump-./publisher-_dqjbIVObEDe9yNEySTAiQQ-_yirLcVOZEDe9yNEySTAiQQ-idnameaddressemail": {
      "type": "data_clump",
      "key": "fields_to_fields_data_clump-./publisher-_dqjbIVObEDe9yNEySTAiQQ-_yirLcVOZEDe9yNEySTAiQQ-idnameaddressemail",
      "probability": 1,
      "from_file_path": "./publisher",
      "from_class_or_interface_name": "publisher",
      "from_class_or_interface_key": "_dqjbIVObEDe9yNEySTAiQQ",
      "from_method_name": null,
      "from_method_key": null,
      "to_file_path": "./librarian",
      "to_class_or_interface_key": "_yirLcVOZEDe9yNEySTAiQQ",
      "to_class_or_interface_name": "publisher",
      "to_method_key": null,
      "to_method_name": null,
      "data_clump_type": "fields_to_fields_data_clump",
      "data_clump_data": {
        "_f3MR0FObEDe9yNEySTAiQQ": {
          "key": "_f3MR0FObEDe9yNEySTAiQQ",
          "name": "id",
          "type": null,
          "probability": 1,
          "modifiers": [
            "public"
          ],
          "to_variable": {
            "key": "_0BVh0FOZEDe9yNEySTAiQQ",
            "name": "id",
            "type": null,
            "modifiers": [
              "public"
            ],
            "position": {}
          },
          "position": {}
        },
        "_gdy-0VObEDe9yNEySTAiQQ": {
          "key": "_gdy-0VObEDe9yNEySTAiQQ",
          "name": "name",
          "type": null,
          "probability": 1,
          "modifiers": [
            "public"
          ],
          "to_variable": {
            "key": "_0VGLUFOZEDe9yNEySTAiQQ",
            "name": "name",
            "type": null,
            "modifiers": [
              "public"
            ],
            "position": {}
          },
          "position": {}
        },
        "_gsYNYFObEDe9yNEySTAiQQ": {
          "key": "_gsYNYFObEDe9yNEySTAiQQ",
          "name": "address",
          "type": null,
          "probability": 1,
          "modifiers": [
            "public"
          ],
          "to_variable": {
            "key": "_0pEQMFOZEDe9yNEySTAiQQ",
            "name": "address",
            "type": null,
            "modifiers": [
              "public"
            ],
            "position": {}
          },
          "position": {}
        },
        "_g4Wz4FObEDe9yNEySTAiQQ": {
          "key": "_g4Wz4FObEDe9yNEySTAiQQ",
          "name": "email",
          "type": null,
          "probability": 1,
          "modifiers": [
            "public"
          ],
          "to_variable": {
            "key": "_0wwzoFOZEDe9yNEySTAiQQ",
            "name": "email",
            "type": null,
            "modifiers": [
              "public"
            ],
            "position": {}
          },
          "position": {}
        }
      }
    },
    "fields_to_fields_data_clump-./publisher-_dqjbIVObEDe9yNEySTAiQQ-_NgVMEFOXEDe9yNEySTAiQQ-idaddressemail": {
      "type": "data_clump",
      "key": "fields_to_fields_data_clump-./publisher-_dqjbIVObEDe9yNEySTAiQQ-_NgVMEFOXEDe9yNEySTAiQQ-idaddressemail",
      "probability": 1,
      "from_file_path": "./publisher",
      "from_class_or_interface_name": "publisher",
      "from_class_or_interface_key": "_dqjbIVObEDe9yNEySTAiQQ",
      "from_method_name": null,
      "from_method_key": null,
      "to_file_path": "./user",
      "to_class_or_interface_key": "_NgVMEFOXEDe9yNEySTAiQQ",
      "to_class_or_interface_name": "publisher",
      "to_method_key": null,
      "to_method_name": null,
      "data_clump_type": "fields_to_fields_data_clump",
      "data_clump_data": {
        "_f3MR0FObEDe9yNEySTAiQQ": {
          "key": "_f3MR0FObEDe9yNEySTAiQQ",
          "name": "id",
          "type": null,
          "probability": 1,
          "modifiers": [
            "public"
          ],
          "to_variable": {
            "key": "_eDdKsVOYEDe9yNEySTAiQQ",
            "name": "id",
            "type": null,
            "modifiers": [
              "public"
            ],
            "position": {}
          },
          "position": {}
        },
        "_gsYNYFObEDe9yNEySTAiQQ": {
          "key": "_gsYNYFObEDe9yNEySTAiQQ",
          "name": "address",
          "type": null,
          "probability": 1,
          "modifiers": [
            "public"
          ],
          "to_variable": {
            "key": "_9H2P0FOYEDe9yNEySTAiQQ",
            "name": "address",
            "type": null,
            "modifiers": [
              "public"
            ],
            "position": {}
          },
          "position": {}
        },
        "_g4Wz4FObEDe9yNEySTAiQQ": {
          "key": "_g4Wz4FObEDe9yNEySTAiQQ",
          "name": "email",
          "type": null,
          "probability": 1,
          "modifiers": [
            "public"
          ],
          "to_variable": {
            "key": "_C3jkoFOZEDe9yNEySTAiQQ",
            "name": "email",
            "type": null,
            "modifiers": [
              "public"
            ],
            "position": {}
          },
          "position": {}
        }
      }
    },
    "fields_to_fields_data_clump-./user-_NgVMEFOXEDe9yNEySTAiQQ-_yirLcVOZEDe9yNEySTAiQQ-idaddressemail": {
      "type": "data_clump",
      "key": "fields_to_fields_data_clump-./user-_NgVMEFOXEDe9yNEySTAiQQ-_yirLcVOZEDe9yNEySTAiQQ-idaddressemail",
      "probability": 1,
      "from_file_path": "./user",
      "from_class_or_interface_name": "user",
      "from_class_or_interface_key": "_NgVMEFOXEDe9yNEySTAiQQ",
      "from_method_name": null,
      "from_method_key": null,
      "to_file_path": "./librarian",
      "to_class_or_interface_key": "_yirLcVOZEDe9yNEySTAiQQ",
      "to_class_or_interface_name": "user",
      "to_method_key": null,
      "to_method_name": null,
      "data_clump_type": "fields_to_fields_data_clump",
      "data_clump_data": {
        "_eDdKsVOYEDe9yNEySTAiQQ": {
          "key": "_eDdKsVOYEDe9yNEySTAiQQ",
          "name": "id",
          "type": null,
          "probability": 1,
          "modifiers": [
            "public"
          ],
          "to_variable": {
            "key": "_0BVh0FOZEDe9yNEySTAiQQ",
            "name": "id",
            "type": null,
            "modifiers": [
              "public"
            ],
            "position": {}
          },
          "position": {}
        },
        "_9H2P0FOYEDe9yNEySTAiQQ": {
          "key": "_9H2P0FOYEDe9yNEySTAiQQ",
          "name": "address",
          "type": null,
          "probability": 1,
          "modifiers": [
            "public"
          ],
          "to_variable": {
            "key": "_0pEQMFOZEDe9yNEySTAiQQ",
            "name": "address",
            "type": null,
            "modifiers": [
              "public"
            ],
            "position": {}
          },
          "position": {}
        },
        "_C3jkoFOZEDe9yNEySTAiQQ": {
          "key": "_C3jkoFOZEDe9yNEySTAiQQ",
          "name": "email",
          "type": null,
          "probability": 1,
          "modifiers": [
            "public"
          ],
          "to_variable": {
            "key": "_0wwzoFOZEDe9yNEySTAiQQ",
            "name": "email",
            "type": null,
            "modifiers": [
              "public"
            ],
            "position": {}
          },
          "position": {}
        }
      }
    },
    "fields_to_fields_data_clump-./user-_NgVMEFOXEDe9yNEySTAiQQ-_dqjbIVObEDe9yNEySTAiQQ-idaddressemail": {
      "type": "data_clump",
      "key": "fields_to_fields_data_clump-./user-_NgVMEFOXEDe9yNEySTAiQQ-_dqjbIVObEDe9yNEySTAiQQ-idaddressemail",
      "probability": 1,
      "from_file_path": "./user",
      "from_class_or_interface_name": "user",
      "from_class_or_interface_key": "_NgVMEFOXEDe9yNEySTAiQQ",
      "from_method_name": null,
      "from_method_key": null,
      "to_file_path": "./publisher",
      "to_class_or_interface_key": "_dqjbIVObEDe9yNEySTAiQQ",
      "to_class_or_interface_name": "user",
      "to_method_key": null,
      "to_method_name": null,
      "data_clump_type": "fields_to_fields_data_clump",
      "data_clump_data": {
        "_eDdKsVOYEDe9yNEySTAiQQ": {
          "key": "_eDdKsVOYEDe9yNEySTAiQQ",
          "name": "id",
          "type": null,
          "probability": 1,
          "modifiers": [
            "public"
          ],
          "to_variable": {
            "key": "_f3MR0FObEDe9yNEySTAiQQ",
            "name": "id",
            "type": null,
            "modifiers": [
              "public"
            ],
            "position": {}
          },
          "position": {}
        },
        "_9H2P0FOYEDe9yNEySTAiQQ": {
          "key": "_9H2P0FOYEDe9yNEySTAiQQ",
          "name": "address",
          "type": null,
          "probability": 1,
          "modifiers": [
            "public"
          ],
          "to_variable": {
            "key": "_gsYNYFObEDe9yNEySTAiQQ",
            "name": "address",
            "type": null,
            "modifiers": [
              "public"
            ],
            "position": {}
          },
          "position": {}
        },
        "_C3jkoFOZEDe9yNEySTAiQQ": {
          "key": "_C3jkoFOZEDe9yNEySTAiQQ",
          "name": "email",
          "type": null,
          "probability": 1,
          "modifiers": [
            "public"
          ],
          "to_variable": {
            "key": "_g4Wz4FObEDe9yNEySTAiQQ",
            "name": "email",
            "type": null,
            "modifiers": [
              "public"
            ],
            "position": {}
          },
          "position": {}
        }
      }
    }
  }
}