{
  "report_version": "unknown",
  "report_timestamp": "2025-03-26T22:27:08.503Z",
  "target_language": "java",
  "report_summary": {
    "additional": null,
    "amount_classes_or_interfaces_with_data_clumps": 6,
    "amount_files_with_data_clumps": 6,
    "amount_methods_with_data_clumps": 0,
    "fields_to_fields_data_clump": 14,
    "parameters_to_fields_data_clump": 0,
    "parameters_to_parameters_data_clump": 0,
    "amount_data_clumps": 14
  },
  "project_info": {
    "project_url": "unknown_project_url",
    "project_name": "e5cc7bae-dce9-492a-a4f4-c014e5e8cffd",
    "project_version": "unknown_project_version",
    "project_commit_hash": "unknown",
    "project_tag": null,
    "project_commit_date": null,
    "additional": {},
    "number_of_files": 23,
    "number_of_classes_or_interfaces": 23,
    "number_of_methods": 0,
    "number_of_data_fields": 85,
    "number_of_method_parameters": 0
  },
  "detector": {
    "name": "data-clumps-doctor",
    "url": "https://github.com/NilsBaumgartner1994/data-clumps-doctor",
    "version": "0.1.100",
    "options": {
      "typeVariablesConsidered": false,
      "similarityModifierOfVariablesWithUnknownType": 0,
      "fieldsOfClassesWithUnknownHierarchyProbabilityModifier": 0,
      "sharedFieldsToFieldsAmountMinimum": 3,
      "analyseFieldsInClassesOrInterfacesInheritedFromSuperClassesOrInterfaces": false,
      "sharedParametersToParametersAmountMinimum": 3,
      "sharedParametersToFieldsAmountMinimum": 3,
      "methodsOfClassesOrInterfacesWithUnknownHierarchyProbabilityModifier": 0
    }
  },
  "data_clumps": {
    "fields_to_fields_data_clump-./Department-_NLpIAN0REDSrWoA4_ZyF-Q-_3gf8IN0OEDSRr6RQEXUPzA-idnamecostCenterId": {
      "type": "data_clump",
      "key": "fields_to_fields_data_clump-./Department-_NLpIAN0REDSrWoA4_ZyF-Q-_3gf8IN0OEDSRr6RQEXUPzA-idnamecostCenterId",
      "probability": 1,
      "from_file_path": "./Department",
      "from_class_or_interface_name": "Department",
      "from_class_or_interface_key": "_NLpIAN0REDSrWoA4_ZyF-Q",
      "from_method_name": null,
      "from_method_key": null,
      "to_file_path": "./StakeHolder",
      "to_class_or_interface_key": "_3gf8IN0OEDSRr6RQEXUPzA",
      "to_class_or_interface_name": "Department",
      "to_method_key": null,
      "to_method_name": null,
      "data_clump_type": "fields_to_fields_data_clump",
      "data_clump_data": {
        "_OzYh4N0REDSrWoA4_ZyF-Q": {
          "key": "_OzYh4N0REDSrWoA4_ZyF-Q",
          "name": "id",
          "type": null,
          "probability": 1,
          "modifiers": [
            "private"
          ],
          "to_variable": {
            "key": "_9Y4r0N0OEDSRr6RQEXUPzA",
            "name": "id",
            "type": null,
            "modifiers": [
              "private"
            ],
            "position": {}
          },
          "position": {}
        },
        "_RAt8IN0REDSrWoA4_ZyF-Q": {
          "key": "_RAt8IN0REDSrWoA4_ZyF-Q",
          "name": "name",
          "type": null,
          "probability": 1,
          "modifiers": [
            "private"
          ],
          "to_variable": {
            "key": "__MILEN0OEDSRr6RQEXUPzA",
            "name": "name",
            "type": null,
            "modifiers": [
              "private"
            ],
            "position": {}
          },
          "position": {}
        },
        "_Ahl-QN81EDSrWoA4_ZyF-Q": {
          "key": "_Ahl-QN81EDSrWoA4_ZyF-Q",
          "name": "costCenterId",
          "type": null,
          "probability": 1,
          "modifiers": [
            "private"
          ],
          "to_variable": {
            "key": "_DI5GIN0QEDSRr6RQEXUPzA",
            "name": "costCenterId",
            "type": null,
            "modifiers": [
              "private"
            ],
            "position": {}
          },
          "position": {}
        }
      }
    },
    "fields_to_fields_data_clump-./Position-_W-ZV8LDnEDSFqdNLWc2pxA-_2ztuQN81EDSrWoA4_ZyF-Q-idnamedescription": {
      "type": "data_clump",
      "key": "fields_to_fields_data_clump-./Position-_W-ZV8LDnEDSFqdNLWc2pxA-_2ztuQN81EDSrWoA4_ZyF-Q-idnamedescription",
      "probability": 1,
      "from_file_path": "./Position",
      "from_class_or_interface_name": "Position",
      "from_class_or_interface_key": "_W-ZV8LDnEDSFqdNLWc2pxA",
      "from_method_name": null,
      "from_method_key": null,
      "to_file_path": "./ServiceUnit",
      "to_class_or_interface_key": "_2ztuQN81EDSrWoA4_ZyF-Q",
      "to_class_or_interface_name": "Position",
      "to_method_key": null,
      "to_method_name": null,
      "data_clump_type": "fields_to_fields_data_clump",
      "data_clump_data": {
        "_ZRtcYLDnEDSFqdNLWc2pxA": {
          "key": "_ZRtcYLDnEDSFqdNLWc2pxA",
          "name": "id",
          "type": null,
          "probability": 1,
          "modifiers": [
            "private"
          ],
          "to_variable": {
            "key": "_5i4DMN81EDSrWoA4_ZyF-Q",
            "name": "id",
            "type": null,
            "modifiers": [
              "private"
            ],
            "position": {}
          },
          "position": {}
        },
        "_f-7iULDnEDSFqdNLWc2pxA": {
          "key": "_f-7iULDnEDSFqdNLWc2pxA",
          "name": "name",
          "type": null,
          "probability": 1,
          "modifiers": [
            "private"
          ],
          "to_variable": {
            "key": "_AiYzAN82EDSrWoA4_ZyF-Q",
            "name": "name",
            "type": null,
            "modifiers": [
              "private"
            ],
            "position": {}
          },
          "position": {}
        },
        "_XB3BQMFcEDSu9uOPFdZhpQ": {
          "key": "_XB3BQMFcEDSu9uOPFdZhpQ",
          "name": "description",
          "type": null,
          "probability": 1,
          "modifiers": [
            "private"
          ],
          "to_variable": {
            "key": "_nn_8kN82EDSrWoA4_ZyF-Q",
            "name": "description",
            "type": null,
            "modifiers": [
              "private"
            ],
            "position": {}
          },
          "position": {}
        }
      }
    },
    "fields_to_fields_data_clump-./Position-_W-ZV8LDnEDSFqdNLWc2pxA-_ykSWgAENEDWP5K4cn-lnPg-idnamedescription": {
      "type": "data_clump",
      "key": "fields_to_fields_data_clump-./Position-_W-ZV8LDnEDSFqdNLWc2pxA-_ykSWgAENEDWP5K4cn-lnPg-idnamedescription",
      "probability": 1,
      "from_file_path": "./Position",
      "from_class_or_interface_name": "Position",
      "from_class_or_interface_key": "_W-ZV8LDnEDSFqdNLWc2pxA",
      "from_method_name": null,
      "from_method_key": null,
      "to_file_path": "./TicketQueue",
      "to_class_or_interface_key": "_ykSWgAENEDWP5K4cn-lnPg",
      "to_class_or_interface_name": "Position",
      "to_method_key": null,
      "to_method_name": null,
      "data_clump_type": "fields_to_fields_data_clump",
      "data_clump_data": {
        "_ZRtcYLDnEDSFqdNLWc2pxA": {
          "key": "_ZRtcYLDnEDSFqdNLWc2pxA",
          "name": "id",
          "type": null,
          "probability": 1,
          "modifiers": [
            "private"
          ],
          "to_variable": {
            "key": "_y7PPQALAEDW8-coC2whBpQ",
            "name": "id",
            "type": null,
            "modifiers": [
              "private"
            ],
            "position": {}
          },
          "position": {}
        },
        "_f-7iULDnEDSFqdNLWc2pxA": {
          "key": "_f-7iULDnEDSFqdNLWc2pxA",
          "name": "name",
          "type": null,
          "probability": 1,
          "modifiers": [
            "private"
          ],
          "to_variable": {
            "key": "_0PsgwALAEDW8-coC2whBpQ",
            "name": "name",
            "type": null,
            "modifiers": [
              "private"
            ],
            "position": {}
          },
          "position": {}
        },
        "_XB3BQMFcEDSu9uOPFdZhpQ": {
          "key": "_XB3BQMFcEDSu9uOPFdZhpQ",
          "name": "description",
          "type": null,
          "probability": 1,
          "modifiers": [
            "private"
          ],
          "to_variable": {
            "key": "_B2qFsALBEDW8-coC2whBpQ",
            "name": "description",
            "type": null,
            "modifiers": [
              "private"
            ],
            "position": {}
          },
          "position": {}
        }
      }
    },
    "fields_to_fields_data_clump-./Position-_W-ZV8LDnEDSFqdNLWc2pxA-_ZegLoAK_EDW8-coC2whBpQ-idnamedescription": {
      "type": "data_clump",
      "key": "fields_to_fields_data_clump-./Position-_W-ZV8LDnEDSFqdNLWc2pxA-_ZegLoAK_EDW8-coC2whBpQ-idnamedescription",
      "probability": 1,
      "from_file_path": "./Position",
      "from_class_or_interface_name": "Position",
      "from_class_or_interface_key": "_W-ZV8LDnEDSFqdNLWc2pxA",
      "from_method_name": null,
      "from_method_key": null,
      "to_file_path": "./UserGroup",
      "to_class_or_interface_key": "_ZegLoAK_EDW8-coC2whBpQ",
      "to_class_or_interface_name": "Position",
      "to_method_key": null,
      "to_method_name": null,
      "data_clump_type": "fields_to_fields_data_clump",
      "data_clump_data": {
        "_ZRtcYLDnEDSFqdNLWc2pxA": {
          "key": "_ZRtcYLDnEDSFqdNLWc2pxA",
          "name": "id",
          "type": null,
          "probability": 1,
          "modifiers": [
            "private"
          ],
          "to_variable": {
            "key": "_trQ_4AK_EDW8-coC2whBpQ",
            "name": "id",
            "type": null,
            "modifiers": [
              "private"
            ],
            "position": {}
          },
          "position": {}
        },
        "_f-7iULDnEDSFqdNLWc2pxA": {
          "key": "_f-7iULDnEDSFqdNLWc2pxA",
          "name": "name",
          "type": null,
          "probability": 1,
          "modifiers": [
            "private"
          ],
          "to_variable": {
            "key": "_l3sV4AK_EDW8-coC2whBpQ",
            "name": "name",
            "type": null,
            "modifiers": [
              "private"
            ],
            "position": {}
          },
          "position": {}
        },
        "_XB3BQMFcEDSu9uOPFdZhpQ": {
          "key": "_XB3BQMFcEDSu9uOPFdZhpQ",
          "name": "description",
          "type": null,
          "probability": 1,
          "modifiers": [
            "private"
          ],
          "to_variable": {
            "key": "_viN6cAK_EDW8-coC2whBpQ",
            "name": "description",
            "type": null,
            "modifiers": [
              "private"
            ],
            "position": {}
          },
          "position": {}
        }
      }
    },
    "fields_to_fields_data_clump-./ServiceUnit-_2ztuQN81EDSrWoA4_ZyF-Q-_W-ZV8LDnEDSFqdNLWc2pxA-idnamedescription": {
      "type": "data_clump",
      "key": "fields_to_fields_data_clump-./ServiceUnit-_2ztuQN81EDSrWoA4_ZyF-Q-_W-ZV8LDnEDSFqdNLWc2pxA-idnamedescription",
      "probability": 1,
      "from_file_path": "./ServiceUnit",
      "from_class_or_interface_name": "ServiceUnit",
      "from_class_or_interface_key": "_2ztuQN81EDSrWoA4_ZyF-Q",
      "from_method_name": null,
      "from_method_key": null,
      "to_file_path": "./Position",
      "to_class_or_interface_key": "_W-ZV8LDnEDSFqdNLWc2pxA",
      "to_class_or_interface_name": "ServiceUnit",
      "to_method_key": null,
      "to_method_name": null,
      "data_clump_type": "fields_to_fields_data_clump",
      "data_clump_data": {
        "_5i4DMN81EDSrWoA4_ZyF-Q": {
          "key": "_5i4DMN81EDSrWoA4_ZyF-Q",
          "name": "id",
          "type": null,
          "probability": 1,
          "modifiers": [
            "private"
          ],
          "to_variable": {
            "key": "_ZRtcYLDnEDSFqdNLWc2pxA",
            "name": "id",
            "type": null,
            "modifiers": [
              "private"
            ],
            "position": {}
          },
          "position": {}
        },
        "_AiYzAN82EDSrWoA4_ZyF-Q": {
          "key": "_AiYzAN82EDSrWoA4_ZyF-Q",
          "name": "name",
          "type": null,
          "probability": 1,
          "modifiers": [
            "private"
          ],
          "to_variable": {
            "key": "_f-7iULDnEDSFqdNLWc2pxA",
            "name": "name",
            "type": null,
            "modifiers": [
              "private"
            ],
            "position": {}
          },
          "position": {}
        },
        "_nn_8kN82EDSrWoA4_ZyF-Q": {
          "key": "_nn_8kN82EDSrWoA4_ZyF-Q",
          "name": "description",
          "type": null,
          "probability": 1,
          "modifiers": [
            "private"
          ],
          "to_variable": {
            "key": "_XB3BQMFcEDSu9uOPFdZhpQ",
            "name": "description",
            "type": null,
            "modifiers": [
              "private"
            ],
            "position": {}
          },
          "position": {}
        }
      }
    },
    "fields_to_fields_data_clump-./ServiceUnit-_2ztuQN81EDSrWoA4_ZyF-Q-_ykSWgAENEDWP5K4cn-lnPg-idnamedescription": {
      "type": "data_clump",
      "key": "fields_to_fields_data_clump-./ServiceUnit-_2ztuQN81EDSrWoA4_ZyF-Q-_ykSWgAENEDWP5K4cn-lnPg-idnamedescription",
      "probability": 1,
      "from_file_path": "./ServiceUnit",
      "from_class_or_interface_name": "ServiceUnit",
      "from_class_or_interface_key": "_2ztuQN81EDSrWoA4_ZyF-Q",
      "from_method_name": null,
      "from_method_key": null,
      "to_file_path": "./TicketQueue",
      "to_class_or_interface_key": "_ykSWgAENEDWP5K4cn-lnPg",
      "to_class_or_interface_name": "ServiceUnit",
      "to_method_key": null,
      "to_method_name": null,
      "data_clump_type": "fields_to_fields_data_clump",
      "data_clump_data": {
        "_5i4DMN81EDSrWoA4_ZyF-Q": {
          "key": "_5i4DMN81EDSrWoA4_ZyF-Q",
          "name": "id",
          "type": null,
          "probability": 1,
          "modifiers": [
            "private"
          ],
          "to_variable": {
            "key": "_y7PPQALAEDW8-coC2whBpQ",
            "name": "id",
            "type": null,
            "modifiers": [
              "private"
            ],
            "position": {}
          },
          "position": {}
        },
        "_AiYzAN82EDSrWoA4_ZyF-Q": {
          "key": "_AiYzAN82EDSrWoA4_ZyF-Q",
          "name": "name",
          "type": null,
          "probability": 1,
          "modifiers": [
            "private"
          ],
          "to_variable": {
            "key": "_0PsgwALAEDW8-coC2whBpQ",
            "name": "name",
            "type": null,
            "modifiers": [
              "private"
            ],
            "position": {}
          },
          "position": {}
        },
        "_nn_8kN82EDSrWoA4_ZyF-Q": {
          "key": "_nn_8kN82EDSrWoA4_ZyF-Q",
          "name": "description",
          "type": null,
          "probability": 1,
          "modifiers": [
            "private"
          ],
          "to_variable": {
            "key": "_B2qFsALBEDW8-coC2whBpQ",
            "name": "description",
            "type": null,
            "modifiers": [
              "private"
            ],
            "position": {}
          },
          "position": {}
        }
      }
    },
    "fields_to_fields_data_clump-./ServiceUnit-_2ztuQN81EDSrWoA4_ZyF-Q-_ZegLoAK_EDW8-coC2whBpQ-idnamedescription": {
      "type": "data_clump",
      "key": "fields_to_fields_data_clump-./ServiceUnit-_2ztuQN81EDSrWoA4_ZyF-Q-_ZegLoAK_EDW8-coC2whBpQ-idnamedescription",
      "probability": 1,
      "from_file_path": "./ServiceUnit",
      "from_class_or_interface_name": "ServiceUnit",
      "from_class_or_interface_key": "_2ztuQN81EDSrWoA4_ZyF-Q",
      "from_method_name": null,
      "from_method_key": null,
      "to_file_path": "./UserGroup",
      "to_class_or_interface_key": "_ZegLoAK_EDW8-coC2whBpQ",
      "to_class_or_interface_name": "ServiceUnit",
      "to_method_key": null,
      "to_method_name": null,
      "data_clump_type": "fields_to_fields_data_clump",
      "data_clump_data": {
        "_5i4DMN81EDSrWoA4_ZyF-Q": {
          "key": "_5i4DMN81EDSrWoA4_ZyF-Q",
          "name": "id",
          "type": null,
          "probability": 1,
          "modifiers": [
            "private"
          ],
          "to_variable": {
            "key": "_trQ_4AK_EDW8-coC2whBpQ",
            "name": "id",
            "type": null,
            "modifiers": [
              "private"
            ],
            "position": {}
          },
          "position": {}
        },
        "_AiYzAN82EDSrWoA4_ZyF-Q": {
          "key": "_AiYzAN82EDSrWoA4_ZyF-Q",
          "name": "name",
          "type": null,
          "probability": 1,
          "modifiers": [
            "private"
          ],
          "to_variable": {
            "key": "_l3sV4AK_EDW8-coC2whBpQ",
            "name": "name",
            "type": null,
            "modifiers": [
              "private"
            ],
            "position": {}
          },
          "position": {}
        },
        "_nn_8kN82EDSrWoA4_ZyF-Q": {
          "key": "_nn_8kN82EDSrWoA4_ZyF-Q",
          "name": "description",
          "type": null,
          "probability": 1,
          "modifiers": [
            "private"
          ],
          "to_variable": {
            "key": "_viN6cAK_EDW8-coC2whBpQ",
            "name": "description",
            "type": null,
            "modifiers": [
              "private"
            ],
            "position": {}
          },
          "position": {}
        }
      }
    },
    "fields_to_fields_data_clump-./StakeHolder-_3gf8IN0OEDSRr6RQEXUPzA-_NLpIAN0REDSrWoA4_ZyF-Q-idnamecostCenterId": {
      "type": "data_clump",
      "key": "fields_to_fields_data_clump-./StakeHolder-_3gf8IN0OEDSRr6RQEXUPzA-_NLpIAN0REDSrWoA4_ZyF-Q-idnamecostCenterId",
      "probability": 1,
      "from_file_path": "./StakeHolder",
      "from_class_or_interface_name": "StakeHolder",
      "from_class_or_interface_key": "_3gf8IN0OEDSRr6RQEXUPzA",
      "from_method_name": null,
      "from_method_key": null,
      "to_file_path": "./Department",
      "to_class_or_interface_key": "_NLpIAN0REDSrWoA4_ZyF-Q",
      "to_class_or_interface_name": "StakeHolder",
      "to_method_key": null,
      "to_method_name": null,
      "data_clump_type": "fields_to_fields_data_clump",
      "data_clump_data": {
        "_9Y4r0N0OEDSRr6RQEXUPzA": {
          "key": "_9Y4r0N0OEDSRr6RQEXUPzA",
          "name": "id",
          "type": null,
          "probability": 1,
          "modifiers": [
            "private"
          ],
          "to_variable": {
            "key": "_OzYh4N0REDSrWoA4_ZyF-Q",
            "name": "id",
            "type": null,
            "modifiers": [
              "private"
            ],
            "position": {}
          },
          "position": {}
        },
        "__MILEN0OEDSRr6RQEXUPzA": {
          "key": "__MILEN0OEDSRr6RQEXUPzA",
          "name": "name",
          "type": null,
          "probability": 1,
          "modifiers": [
            "private"
          ],
          "to_variable": {
            "key": "_RAt8IN0REDSrWoA4_ZyF-Q",
            "name": "name",
            "type": null,
            "modifiers": [
              "private"
            ],
            "position": {}
          },
          "position": {}
        },
        "_DI5GIN0QEDSRr6RQEXUPzA": {
          "key": "_DI5GIN0QEDSRr6RQEXUPzA",
          "name": "costCenterId",
          "type": null,
          "probability": 1,
          "modifiers": [
            "private"
          ],
          "to_variable": {
            "key": "_Ahl-QN81EDSrWoA4_ZyF-Q",
            "name": "costCenterId",
            "type": null,
            "modifiers": [
              "private"
            ],
            "position": {}
          },
          "position": {}
        }
      }
    },
    "fields_to_fields_data_clump-./TicketQueue-_ykSWgAENEDWP5K4cn-lnPg-_W-ZV8LDnEDSFqdNLWc2pxA-idnamedescription": {
      "type": "data_clump",
      "key": "fields_to_fields_data_clump-./TicketQueue-_ykSWgAENEDWP5K4cn-lnPg-_W-ZV8LDnEDSFqdNLWc2pxA-idnamedescription",
      "probability": 1,
      "from_file_path": "./TicketQueue",
      "from_class_or_interface_name": "TicketQueue",
      "from_class_or_interface_key": "_ykSWgAENEDWP5K4cn-lnPg",
      "from_method_name": null,
      "from_method_key": null,
      "to_file_path": "./Position",
      "to_class_or_interface_key": "_W-ZV8LDnEDSFqdNLWc2pxA",
      "to_class_or_interface_name": "TicketQueue",
      "to_method_key": null,
      "to_method_name": null,
      "data_clump_type": "fields_to_fields_data_clump",
      "data_clump_data": {
        "_y7PPQALAEDW8-coC2whBpQ": {
          "key": "_y7PPQALAEDW8-coC2whBpQ",
          "name": "id",
          "type": null,
          "probability": 1,
          "modifiers": [
            "private"
          ],
          "to_variable": {
            "key": "_ZRtcYLDnEDSFqdNLWc2pxA",
            "name": "id",
            "type": null,
            "modifiers": [
              "private"
            ],
            "position": {}
          },
          "position": {}
        },
        "_0PsgwALAEDW8-coC2whBpQ": {
          "key": "_0PsgwALAEDW8-coC2whBpQ",
          "name": "name",
          "type": null,
          "probability": 1,
          "modifiers": [
            "private"
          ],
          "to_variable": {
            "key": "_f-7iULDnEDSFqdNLWc2pxA",
            "name": "name",
            "type": null,
            "modifiers": [
              "private"
            ],
            "position": {}
          },
          "position": {}
        },
        "_B2qFsALBEDW8-coC2whBpQ": {
          "key": "_B2qFsALBEDW8-coC2whBpQ",
          "name": "description",
          "type": null,
          "probability": 1,
          "modifiers": [
            "private"
          ],
          "to_variable": {
            "key": "_XB3BQMFcEDSu9uOPFdZhpQ",
            "name": "description",
            "type": null,
            "modifiers": [
              "private"
            ],
            "position": {}
          },
          "position": {}
        }
      }
    },
    "fields_to_fields_data_clump-./TicketQueue-_ykSWgAENEDWP5K4cn-lnPg-_2ztuQN81EDSrWoA4_ZyF-Q-idnamedescription": {
      "type": "data_clump",
      "key": "fields_to_fields_data_clump-./TicketQueue-_ykSWgAENEDWP5K4cn-lnPg-_2ztuQN81EDSrWoA4_ZyF-Q-idnamedescription",
      "probability": 1,
      "from_file_path": "./TicketQueue",
      "from_class_or_interface_name": "TicketQueue",
      "from_class_or_interface_key": "_ykSWgAENEDWP5K4cn-lnPg",
      "from_method_name": null,
      "from_method_key": null,
      "to_file_path": "./ServiceUnit",
      "to_class_or_interface_key": "_2ztuQN81EDSrWoA4_ZyF-Q",
      "to_class_or_interface_name": "TicketQueue",
      "to_method_key": null,
      "to_method_name": null,
      "data_clump_type": "fields_to_fields_data_clump",
      "data_clump_data": {
        "_y7PPQALAEDW8-coC2whBpQ": {
          "key": "_y7PPQALAEDW8-coC2whBpQ",
          "name": "id",
          "type": null,
          "probability": 1,
          "modifiers": [
            "private"
          ],
          "to_variable": {
            "key": "_5i4DMN81EDSrWoA4_ZyF-Q",
            "name": "id",
            "type": null,
            "modifiers": [
              "private"
            ],
            "position": {}
          },
          "position": {}
        },
        "_0PsgwALAEDW8-coC2whBpQ": {
          "key": "_0PsgwALAEDW8-coC2whBpQ",
          "name": "name",
          "type": null,
          "probability": 1,
          "modifiers": [
            "private"
          ],
          "to_variable": {
            "key": "_AiYzAN82EDSrWoA4_ZyF-Q",
            "name": "name",
            "type": null,
            "modifiers": [
              "private"
            ],
            "position": {}
          },
          "position": {}
        },
        "_B2qFsALBEDW8-coC2whBpQ": {
          "key": "_B2qFsALBEDW8-coC2whBpQ",
          "name": "description",
          "type": null,
          "probability": 1,
          "modifiers": [
            "private"
          ],
          "to_variable": {
            "key": "_nn_8kN82EDSrWoA4_ZyF-Q",
            "name": "description",
            "type": null,
            "modifiers": [
              "private"
            ],
            "position": {}
          },
          "position": {}
        }
      }
    },
    "fields_to_fields_data_clump-./TicketQueue-_ykSWgAENEDWP5K4cn-lnPg-_ZegLoAK_EDW8-coC2whBpQ-idnamedescription": {
      "type": "data_clump",
      "key": "fields_to_fields_data_clump-./TicketQueue-_ykSWgAENEDWP5K4cn-lnPg-_ZegLoAK_EDW8-coC2whBpQ-idnamedescription",
      "probability": 1,
      "from_file_path": "./TicketQueue",
      "from_class_or_interface_name": "TicketQueue",
      "from_class_or_interface_key": "_ykSWgAENEDWP5K4cn-lnPg",
      "from_method_name": null,
      "from_method_key": null,
      "to_file_path": "./UserGroup",
      "to_class_or_interface_key": "_ZegLoAK_EDW8-coC2whBpQ",
      "to_class_or_interface_name": "TicketQueue",
      "to_method_key": null,
      "to_method_name": null,
      "data_clump_type": "fields_to_fields_data_clump",
      "data_clump_data": {
        "_y7PPQALAEDW8-coC2whBpQ": {
          "key": "_y7PPQALAEDW8-coC2whBpQ",
          "name": "id",
          "type": null,
          "probability": 1,
          "modifiers": [
            "private"
          ],
          "to_variable": {
            "key": "_trQ_4AK_EDW8-coC2whBpQ",
            "name": "id",
            "type": null,
            "modifiers": [
              "private"
            ],
            "position": {}
          },
          "position": {}
        },
        "_0PsgwALAEDW8-coC2whBpQ": {
          "key": "_0PsgwALAEDW8-coC2whBpQ",
          "name": "name",
          "type": null,
          "probability": 1,
          "modifiers": [
            "private"
          ],
          "to_variable": {
            "key": "_l3sV4AK_EDW8-coC2whBpQ",
            "name": "name",
            "type": null,
            "modifiers": [
              "private"
            ],
            "position": {}
          },
          "position": {}
        },
        "_B2qFsALBEDW8-coC2whBpQ": {
          "key": "_B2qFsALBEDW8-coC2whBpQ",
          "name": "description",
          "type": null,
          "probability": 1,
          "modifiers": [
            "private"
          ],
          "to_variable": {
            "key": "_viN6cAK_EDW8-coC2whBpQ",
            "name": "description",
            "type": null,
            "modifiers": [
              "private"
            ],
            "position": {}
          },
          "position": {}
        }
      }
    },
    "fields_to_fields_data_clump-./UserGroup-_ZegLoAK_EDW8-coC2whBpQ-_W-ZV8LDnEDSFqdNLWc2pxA-idnamedescription": {
      "type": "data_clump",
      "key": "fields_to_fields_data_clump-./UserGroup-_ZegLoAK_EDW8-coC2whBpQ-_W-ZV8LDnEDSFqdNLWc2pxA-idnamedescription",
      "probability": 1,
      "from_file_path": "./UserGroup",
      "from_class_or_interface_name": "UserGroup",
      "from_class_or_interface_key": "_ZegLoAK_EDW8-coC2whBpQ",
      "from_method_name": null,
      "from_method_key": null,
      "to_file_path": "./Position",
      "to_class_or_interface_key": "_W-ZV8LDnEDSFqdNLWc2pxA",
      "to_class_or_interface_name": "UserGroup",
      "to_method_key": null,
      "to_method_name": null,
      "data_clump_type": "fields_to_fields_data_clump",
      "data_clump_data": {
        "_trQ_4AK_EDW8-coC2whBpQ": {
          "key": "_trQ_4AK_EDW8-coC2whBpQ",
          "name": "id",
          "type": null,
          "probability": 1,
          "modifiers": [
            "private"
          ],
          "to_variable": {
            "key": "_ZRtcYLDnEDSFqdNLWc2pxA",
            "name": "id",
            "type": null,
            "modifiers": [
              "private"
            ],
            "position": {}
          },
          "position": {}
        },
        "_l3sV4AK_EDW8-coC2whBpQ": {
          "key": "_l3sV4AK_EDW8-coC2whBpQ",
          "name": "name",
          "type": null,
          "probability": 1,
          "modifiers": [
            "private"
          ],
          "to_variable": {
            "key": "_f-7iULDnEDSFqdNLWc2pxA",
            "name": "name",
            "type": null,
            "modifiers": [
              "private"
            ],
            "position": {}
          },
          "position": {}
        },
        "_viN6cAK_EDW8-coC2whBpQ": {
          "key": "_viN6cAK_EDW8-coC2whBpQ",
          "name": "description",
          "type": null,
          "probability": 1,
          "modifiers": [
            "private"
          ],
          "to_variable": {
            "key": "_XB3BQMFcEDSu9uOPFdZhpQ",
            "name": "description",
            "type": null,
            "modifiers": [
              "private"
            ],
            "position": {}
          },
          "position": {}
        }
      }
    },
    "fields_to_fields_data_clump-./UserGroup-_ZegLoAK_EDW8-coC2whBpQ-_2ztuQN81EDSrWoA4_ZyF-Q-idnamedescription": {
      "type": "data_clump",
      "key": "fields_to_fields_data_clump-./UserGroup-_ZegLoAK_EDW8-coC2whBpQ-_2ztuQN81EDSrWoA4_ZyF-Q-idnamedescription",
      "probability": 1,
      "from_file_path": "./UserGroup",
      "from_class_or_interface_name": "UserGroup",
      "from_class_or_interface_key": "_ZegLoAK_EDW8-coC2whBpQ",
      "from_method_name": null,
      "from_method_key": null,
      "to_file_path": "./ServiceUnit",
      "to_class_or_interface_key": "_2ztuQN81EDSrWoA4_ZyF-Q",
      "to_class_or_interface_name": "UserGroup",
      "to_method_key": null,
      "to_method_name": null,
      "data_clump_type": "fields_to_fields_data_clump",
      "data_clump_data": {
        "_trQ_4AK_EDW8-coC2whBpQ": {
          "key": "_trQ_4AK_EDW8-coC2whBpQ",
          "name": "id",
          "type": null,
          "probability": 1,
          "modifiers": [
            "private"
          ],
          "to_variable": {
            "key": "_5i4DMN81EDSrWoA4_ZyF-Q",
            "name": "id",
            "type": null,
            "modifiers": [
              "private"
            ],
            "position": {}
          },
          "position": {}
        },
        "_l3sV4AK_EDW8-coC2whBpQ": {
          "key": "_l3sV4AK_EDW8-coC2whBpQ",
          "name": "name",
          "type": null,
          "probability": 1,
          "modifiers": [
            "private"
          ],
          "to_variable": {
            "key": "_AiYzAN82EDSrWoA4_ZyF-Q",
            "name": "name",
            "type": null,
            "modifiers": [
              "private"
            ],
            "position": {}
          },
          "position": {}
        },
        "_viN6cAK_EDW8-coC2whBpQ": {
          "key": "_viN6cAK_EDW8-coC2whBpQ",
          "name": "description",
          "type": null,
          "probability": 1,
          "modifiers": [
            "private"
          ],
          "to_variable": {
            "key": "_nn_8kN82EDSrWoA4_ZyF-Q",
            "name": "description",
            "type": null,
            "modifiers": [
              "private"
            ],
            "position": {}
          },
          "position": {}
        }
      }
    },
    "fields_to_fields_data_clump-./UserGroup-_ZegLoAK_EDW8-coC2whBpQ-_ykSWgAENEDWP5K4cn-lnPg-idnamedescription": {
      "type": "data_clump",
      "key": "fields_to_fields_data_clump-./UserGroup-_ZegLoAK_EDW8-coC2whBpQ-_ykSWgAENEDWP5K4cn-lnPg-idnamedescription",
      "probability": 1,
      "from_file_path": "./UserGroup",
      "from_class_or_interface_name": "UserGroup",
      "from_class_or_interface_key": "_ZegLoAK_EDW8-coC2whBpQ",
      "from_method_name": null,
      "from_method_key": null,
      "to_file_path": "./TicketQueue",
      "to_class_or_interface_key": "_ykSWgAENEDWP5K4cn-lnPg",
      "to_class_or_interface_name": "UserGroup",
      "to_method_key": null,
      "to_method_name": null,
      "data_clump_type": "fields_to_fields_data_clump",
      "data_clump_data": {
        "_trQ_4AK_EDW8-coC2whBpQ": {
          "key": "_trQ_4AK_EDW8-coC2whBpQ",
          "name": "id",
          "type": null,
          "probability": 1,
          "modifiers": [
            "private"
          ],
          "to_variable": {
            "key": "_y7PPQALAEDW8-coC2whBpQ",
            "name": "id",
            "type": null,
            "modifiers": [
              "private"
            ],
            "position": {}
          },
          "position": {}
        },
        "_l3sV4AK_EDW8-coC2whBpQ": {
          "key": "_l3sV4AK_EDW8-coC2whBpQ",
          "name": "name",
          "type": null,
          "probability": 1,
          "modifiers": [
            "private"
          ],
          "to_variable": {
            "key": "_0PsgwALAEDW8-coC2whBpQ",
            "name": "name",
            "type": null,
            "modifiers": [
              "private"
            ],
            "position": {}
          },
          "position": {}
        },
        "_viN6cAK_EDW8-coC2whBpQ": {
          "key": "_viN6cAK_EDW8-coC2whBpQ",
          "name": "description",
          "type": null,
          "probability": 1,
          "modifiers": [
            "private"
          ],
          "to_variable": {
            "key": "_B2qFsALBEDW8-coC2whBpQ",
            "name": "description",
            "type": null,
            "modifiers": [
              "private"
            ],
            "position": {}
          },
          "position": {}
        }
      }
    }
  }
}