{
  "report_version": "unknown",
  "report_timestamp": "2025-03-26T21:57:27.406Z",
  "target_language": "java",
  "report_summary": {
    "additional": null,
    "amount_classes_or_interfaces_with_data_clumps": 6,
    "amount_files_with_data_clumps": 6,
    "amount_methods_with_data_clumps": 0,
    "fields_to_fields_data_clump": 6,
    "parameters_to_fields_data_clump": 0,
    "parameters_to_parameters_data_clump": 0,
    "amount_data_clumps": 6
  },
  "project_info": {
    "project_url": "unknown_project_url",
    "project_name": "_IdjvsO5JEeqygJczXaaxEQ",
    "project_version": "unknown_project_version",
    "project_commit_hash": "unknown",
    "project_tag": null,
    "project_commit_date": null,
    "additional": {},
    "number_of_files": 83,
    "number_of_classes_or_interfaces": 83,
    "number_of_methods": 0,
    "number_of_data_fields": 117,
    "number_of_method_parameters": 0
  },
  "detector": {
    "name": "data-clumps-doctor",
    "url": "https://github.com/NilsBaumgartner1994/data-clumps-doctor",
    "version": "0.1.100",
    "options": {
      "typeVariablesConsidered": false,
      "similarityModifierOfVariablesWithUnknownType": 0,
      "fieldsOfClassesWithUnknownHierarchyProbabilityModifier": 0,
      "sharedFieldsToFieldsAmountMinimum": 3,
      "analyseFieldsInClassesOrInterfacesInheritedFromSuperClassesOrInterfaces": false,
      "sharedParametersToParametersAmountMinimum": 3,
      "sharedParametersToFieldsAmountMinimum": 3,
      "methodsOfClassesOrInterfacesWithUnknownHierarchyProbabilityModifier": 0
    }
  },
  "data_clumps": {
    "fields_to_fields_data_clump-./Institution-_Id8K0e5JEeqygJczXaaxEQ-_Id8yD-5JEeqygJczXaaxEQ-namecountrydomainwebsite": {
      "type": "data_clump",
      "key": "fields_to_fields_data_clump-./Institution-_Id8K0e5JEeqygJczXaaxEQ-_Id8yD-5JEeqygJczXaaxEQ-namecountrydomainwebsite",
      "probability": 1,
      "from_file_path": "./Institution",
      "from_class_or_interface_name": "Institution",
      "from_class_or_interface_key": "_Id8K0e5JEeqygJczXaaxEQ",
      "from_method_name": null,
      "from_method_key": null,
      "to_file_path": "./Provider",
      "to_class_or_interface_key": "_Id8yD-5JEeqygJczXaaxEQ",
      "to_class_or_interface_name": "Institution",
      "to_method_key": null,
      "to_method_name": null,
      "data_clump_type": "fields_to_fields_data_clump",
      "data_clump_data": {
        "_Id8K0u5JEeqygJczXaaxEQ": {
          "key": "_Id8K0u5JEeqygJczXaaxEQ",
          "name": "name",
          "type": null,
          "probability": 1,
          "modifiers": [
            "private"
          ],
          "to_variable": {
            "key": "_Id8yEO5JEeqygJczXaaxEQ",
            "name": "name",
            "type": null,
            "modifiers": [
              "private"
            ],
            "position": {}
          },
          "position": {}
        },
        "_Id8K1O5JEeqygJczXaaxEQ": {
          "key": "_Id8K1O5JEeqygJczXaaxEQ",
          "name": "country",
          "type": null,
          "probability": 1,
          "modifiers": [
            "private"
          ],
          "to_variable": {
            "key": "_Id8yFO5JEeqygJczXaaxEQ",
            "name": "country",
            "type": null,
            "modifiers": [
              "private"
            ],
            "position": {}
          },
          "position": {}
        },
        "_Id8K1e5JEeqygJczXaaxEQ": {
          "key": "_Id8K1e5JEeqygJczXaaxEQ",
          "name": "domain",
          "type": null,
          "probability": 1,
          "modifiers": [
            "private"
          ],
          "to_variable": {
            "key": "_Id8yEu5JEeqygJczXaaxEQ",
            "name": "domain",
            "type": null,
            "modifiers": [
              "private"
            ],
            "position": {}
          },
          "position": {}
        },
        "_Id8K1u5JEeqygJczXaaxEQ": {
          "key": "_Id8K1u5JEeqygJczXaaxEQ",
          "name": "website",
          "type": null,
          "probability": 1,
          "modifiers": [
            "private"
          ],
          "to_variable": {
            "key": "_Id8yE-5JEeqygJczXaaxEQ",
            "name": "website",
            "type": null,
            "modifiers": [
              "private"
            ],
            "position": {}
          },
          "position": {}
        }
      }
    },
    "fields_to_fields_data_clump-./Podcast-_Id9YX-5JEeqygJczXaaxEQ-_Id9YUO5JEeqygJczXaaxEQ-formatdurationsizedescriptionimage": {
      "type": "data_clump",
      "key": "fields_to_fields_data_clump-./Podcast-_Id9YX-5JEeqygJczXaaxEQ-_Id9YUO5JEeqygJczXaaxEQ-formatdurationsizedescriptionimage",
      "probability": 1,
      "from_file_path": "./Podcast",
      "from_class_or_interface_name": "Podcast",
      "from_class_or_interface_key": "_Id9YX-5JEeqygJczXaaxEQ",
      "from_method_name": null,
      "from_method_key": null,
      "to_file_path": "./Video",
      "to_class_or_interface_key": "_Id9YUO5JEeqygJczXaaxEQ",
      "to_class_or_interface_name": "Podcast",
      "to_method_key": null,
      "to_method_name": null,
      "data_clump_type": "fields_to_fields_data_clump",
      "data_clump_data": {
        "_Id9YYe5JEeqygJczXaaxEQ": {
          "key": "_Id9YYe5JEeqygJczXaaxEQ",
          "name": "format",
          "type": null,
          "probability": 1,
          "modifiers": [
            "private"
          ],
          "to_variable": {
            "key": "_Id9YVO5JEeqygJczXaaxEQ",
            "name": "format",
            "type": null,
            "modifiers": [
              "private"
            ],
            "position": {}
          },
          "position": {}
        },
        "_Id9YYu5JEeqygJczXaaxEQ": {
          "key": "_Id9YYu5JEeqygJczXaaxEQ",
          "name": "duration",
          "type": null,
          "probability": 1,
          "modifiers": [
            "private"
          ],
          "to_variable": {
            "key": "_Id9YVu5JEeqygJczXaaxEQ",
            "name": "duration",
            "type": null,
            "modifiers": [
              "private"
            ],
            "position": {}
          },
          "position": {}
        },
        "_Id9YY-5JEeqygJczXaaxEQ": {
          "key": "_Id9YY-5JEeqygJczXaaxEQ",
          "name": "size",
          "type": null,
          "probability": 1,
          "modifiers": [
            "private"
          ],
          "to_variable": {
            "key": "_Id9YVe5JEeqygJczXaaxEQ",
            "name": "size",
            "type": null,
            "modifiers": [
              "private"
            ],
            "position": {}
          },
          "position": {}
        },
        "_Id9YZO5JEeqygJczXaaxEQ": {
          "key": "_Id9YZO5JEeqygJczXaaxEQ",
          "name": "description",
          "type": null,
          "probability": 1,
          "modifiers": [
            "private"
          ],
          "to_variable": {
            "key": "_Id9YUu5JEeqygJczXaaxEQ",
            "name": "description",
            "type": null,
            "modifiers": [
              "private"
            ],
            "position": {}
          },
          "position": {}
        },
        "_Id9YZu5JEeqygJczXaaxEQ": {
          "key": "_Id9YZu5JEeqygJczXaaxEQ",
          "name": "image",
          "type": null,
          "probability": 1,
          "modifiers": [
            "private"
          ],
          "to_variable": {
            "key": "_Id9YU-5JEeqygJczXaaxEQ",
            "name": "image",
            "type": null,
            "modifiers": [
              "private"
            ],
            "position": {}
          },
          "position": {}
        }
      }
    },
    "fields_to_fields_data_clump-./Provider-_Id8yD-5JEeqygJczXaaxEQ-_Id8K0e5JEeqygJczXaaxEQ-namedomainwebsitecountry": {
      "type": "data_clump",
      "key": "fields_to_fields_data_clump-./Provider-_Id8yD-5JEeqygJczXaaxEQ-_Id8K0e5JEeqygJczXaaxEQ-namedomainwebsitecountry",
      "probability": 1,
      "from_file_path": "./Provider",
      "from_class_or_interface_name": "Provider",
      "from_class_or_interface_key": "_Id8yD-5JEeqygJczXaaxEQ",
      "from_method_name": null,
      "from_method_key": null,
      "to_file_path": "./Institution",
      "to_class_or_interface_key": "_Id8K0e5JEeqygJczXaaxEQ",
      "to_class_or_interface_name": "Provider",
      "to_method_key": null,
      "to_method_name": null,
      "data_clump_type": "fields_to_fields_data_clump",
      "data_clump_data": {
        "_Id8yEO5JEeqygJczXaaxEQ": {
          "key": "_Id8yEO5JEeqygJczXaaxEQ",
          "name": "name",
          "type": null,
          "probability": 1,
          "modifiers": [
            "private"
          ],
          "to_variable": {
            "key": "_Id8K0u5JEeqygJczXaaxEQ",
            "name": "name",
            "type": null,
            "modifiers": [
              "private"
            ],
            "position": {}
          },
          "position": {}
        },
        "_Id8yEu5JEeqygJczXaaxEQ": {
          "key": "_Id8yEu5JEeqygJczXaaxEQ",
          "name": "domain",
          "type": null,
          "probability": 1,
          "modifiers": [
            "private"
          ],
          "to_variable": {
            "key": "_Id8K1e5JEeqygJczXaaxEQ",
            "name": "domain",
            "type": null,
            "modifiers": [
              "private"
            ],
            "position": {}
          },
          "position": {}
        },
        "_Id8yE-5JEeqygJczXaaxEQ": {
          "key": "_Id8yE-5JEeqygJczXaaxEQ",
          "name": "website",
          "type": null,
          "probability": 1,
          "modifiers": [
            "private"
          ],
          "to_variable": {
            "key": "_Id8K1u5JEeqygJczXaaxEQ",
            "name": "website",
            "type": null,
            "modifiers": [
              "private"
            ],
            "position": {}
          },
          "position": {}
        },
        "_Id8yFO5JEeqygJczXaaxEQ": {
          "key": "_Id8yFO5JEeqygJczXaaxEQ",
          "name": "country",
          "type": null,
          "probability": 1,
          "modifiers": [
            "private"
          ],
          "to_variable": {
            "key": "_Id8K1O5JEeqygJczXaaxEQ",
            "name": "country",
            "type": null,
            "modifiers": [
              "private"
            ],
            "position": {}
          },
          "position": {}
        }
      }
    },
    "fields_to_fields_data_clump-./User-_Id7kIO5JEeqygJczXaaxEQ-_Id7kA-5JEeqygJczXaaxEQ-emaildescriptionpicturename": {
      "type": "data_clump",
      "key": "fields_to_fields_data_clump-./User-_Id7kIO5JEeqygJczXaaxEQ-_Id7kA-5JEeqygJczXaaxEQ-emaildescriptionpicturename",
      "probability": 1,
      "from_file_path": "./User",
      "from_class_or_interface_name": "User",
      "from_class_or_interface_key": "_Id7kIO5JEeqygJczXaaxEQ",
      "from_method_name": null,
      "from_method_key": null,
      "to_file_path": "./User2",
      "to_class_or_interface_key": "_Id7kA-5JEeqygJczXaaxEQ",
      "to_class_or_interface_name": "User",
      "to_method_key": null,
      "to_method_name": null,
      "data_clump_type": "fields_to_fields_data_clump",
      "data_clump_data": {
        "_Id7kIe5JEeqygJczXaaxEQ": {
          "key": "_Id7kIe5JEeqygJczXaaxEQ",
          "name": "email",
          "type": null,
          "probability": 1,
          "modifiers": [
            "private"
          ],
          "to_variable": {
            "key": "_Id7kBe5JEeqygJczXaaxEQ",
            "name": "email",
            "type": null,
            "modifiers": [
              "private"
            ],
            "position": {}
          },
          "position": {}
        },
        "_Id7kIu5JEeqygJczXaaxEQ": {
          "key": "_Id7kIu5JEeqygJczXaaxEQ",
          "name": "description",
          "type": null,
          "probability": 1,
          "modifiers": [
            "private"
          ],
          "to_variable": {
            "key": "_Id7kBu5JEeqygJczXaaxEQ",
            "name": "description",
            "type": null,
            "modifiers": [
              "private"
            ],
            "position": {}
          },
          "position": {}
        },
        "_Id7kI-5JEeqygJczXaaxEQ": {
          "key": "_Id7kI-5JEeqygJczXaaxEQ",
          "name": "picture",
          "type": null,
          "probability": 1,
          "modifiers": [
            "private"
          ],
          "to_variable": {
            "key": "_Id7kB-5JEeqygJczXaaxEQ",
            "name": "picture",
            "type": null,
            "modifiers": [
              "private"
            ],
            "position": {}
          },
          "position": {}
        },
        "_Id7kJe5JEeqygJczXaaxEQ": {
          "key": "_Id7kJe5JEeqygJczXaaxEQ",
          "name": "name",
          "type": null,
          "probability": 1,
          "modifiers": [
            "private"
          ],
          "to_variable": {
            "key": "_Id7kBO5JEeqygJczXaaxEQ",
            "name": "name",
            "type": null,
            "modifiers": [
              "private"
            ],
            "position": {}
          },
          "position": {}
        }
      }
    },
    "fields_to_fields_data_clump-./User2-_Id7kA-5JEeqygJczXaaxEQ-_Id7kIO5JEeqygJczXaaxEQ-nameemaildescriptionpicture": {
      "type": "data_clump",
      "key": "fields_to_fields_data_clump-./User2-_Id7kA-5JEeqygJczXaaxEQ-_Id7kIO5JEeqygJczXaaxEQ-nameemaildescriptionpicture",
      "probability": 1,
      "from_file_path": "./User2",
      "from_class_or_interface_name": "User2",
      "from_class_or_interface_key": "_Id7kA-5JEeqygJczXaaxEQ",
      "from_method_name": null,
      "from_method_key": null,
      "to_file_path": "./User",
      "to_class_or_interface_key": "_Id7kIO5JEeqygJczXaaxEQ",
      "to_class_or_interface_name": "User2",
      "to_method_key": null,
      "to_method_name": null,
      "data_clump_type": "fields_to_fields_data_clump",
      "data_clump_data": {
        "_Id7kBO5JEeqygJczXaaxEQ": {
          "key": "_Id7kBO5JEeqygJczXaaxEQ",
          "name": "name",
          "type": null,
          "probability": 1,
          "modifiers": [
            "private"
          ],
          "to_variable": {
            "key": "_Id7kJe5JEeqygJczXaaxEQ",
            "name": "name",
            "type": null,
            "modifiers": [
              "private"
            ],
            "position": {}
          },
          "position": {}
        },
        "_Id7kBe5JEeqygJczXaaxEQ": {
          "key": "_Id7kBe5JEeqygJczXaaxEQ",
          "name": "email",
          "type": null,
          "probability": 1,
          "modifiers": [
            "private"
          ],
          "to_variable": {
            "key": "_Id7kIe5JEeqygJczXaaxEQ",
            "name": "email",
            "type": null,
            "modifiers": [
              "private"
            ],
            "position": {}
          },
          "position": {}
        },
        "_Id7kBu5JEeqygJczXaaxEQ": {
          "key": "_Id7kBu5JEeqygJczXaaxEQ",
          "name": "description",
          "type": null,
          "probability": 1,
          "modifiers": [
            "private"
          ],
          "to_variable": {
            "key": "_Id7kIu5JEeqygJczXaaxEQ",
            "name": "description",
            "type": null,
            "modifiers": [
              "private"
            ],
            "position": {}
          },
          "position": {}
        },
        "_Id7kB-5JEeqygJczXaaxEQ": {
          "key": "_Id7kB-5JEeqygJczXaaxEQ",
          "name": "picture",
          "type": null,
          "probability": 1,
          "modifiers": [
            "private"
          ],
          "to_variable": {
            "key": "_Id7kI-5JEeqygJczXaaxEQ",
            "name": "picture",
            "type": null,
            "modifiers": [
              "private"
            ],
            "position": {}
          },
          "position": {}
        }
      }
    },
    "fields_to_fields_data_clump-./Video-_Id9YUO5JEeqygJczXaaxEQ-_Id9YX-5JEeqygJczXaaxEQ-descriptionimageformatsizeduration": {
      "type": "data_clump",
      "key": "fields_to_fields_data_clump-./Video-_Id9YUO5JEeqygJczXaaxEQ-_Id9YX-5JEeqygJczXaaxEQ-descriptionimageformatsizeduration",
      "probability": 1,
      "from_file_path": "./Video",
      "from_class_or_interface_name": "Video",
      "from_class_or_interface_key": "_Id9YUO5JEeqygJczXaaxEQ",
      "from_method_name": null,
      "from_method_key": null,
      "to_file_path": "./Podcast",
      "to_class_or_interface_key": "_Id9YX-5JEeqygJczXaaxEQ",
      "to_class_or_interface_name": "Video",
      "to_method_key": null,
      "to_method_name": null,
      "data_clump_type": "fields_to_fields_data_clump",
      "data_clump_data": {
        "_Id9YUu5JEeqygJczXaaxEQ": {
          "key": "_Id9YUu5JEeqygJczXaaxEQ",
          "name": "description",
          "type": null,
          "probability": 1,
          "modifiers": [
            "private"
          ],
          "to_variable": {
            "key": "_Id9YZO5JEeqygJczXaaxEQ",
            "name": "description",
            "type": null,
            "modifiers": [
              "private"
            ],
            "position": {}
          },
          "position": {}
        },
        "_Id9YU-5JEeqygJczXaaxEQ": {
          "key": "_Id9YU-5JEeqygJczXaaxEQ",
          "name": "image",
          "type": null,
          "probability": 1,
          "modifiers": [
            "private"
          ],
          "to_variable": {
            "key": "_Id9YZu5JEeqygJczXaaxEQ",
            "name": "image",
            "type": null,
            "modifiers": [
              "private"
            ],
            "position": {}
          },
          "position": {}
        },
        "_Id9YVO5JEeqygJczXaaxEQ": {
          "key": "_Id9YVO5JEeqygJczXaaxEQ",
          "name": "format",
          "type": null,
          "probability": 1,
          "modifiers": [
            "private"
          ],
          "to_variable": {
            "key": "_Id9YYe5JEeqygJczXaaxEQ",
            "name": "format",
            "type": null,
            "modifiers": [
              "private"
            ],
            "position": {}
          },
          "position": {}
        },
        "_Id9YVe5JEeqygJczXaaxEQ": {
          "key": "_Id9YVe5JEeqygJczXaaxEQ",
          "name": "size",
          "type": null,
          "probability": 1,
          "modifiers": [
            "private"
          ],
          "to_variable": {
            "key": "_Id9YY-5JEeqygJczXaaxEQ",
            "name": "size",
            "type": null,
            "modifiers": [
              "private"
            ],
            "position": {}
          },
          "position": {}
        },
        "_Id9YVu5JEeqygJczXaaxEQ": {
          "key": "_Id9YVu5JEeqygJczXaaxEQ",
          "name": "duration",
          "type": null,
          "probability": 1,
          "modifiers": [
            "private"
          ],
          "to_variable": {
            "key": "_Id9YYu5JEeqygJczXaaxEQ",
            "name": "duration",
            "type": null,
            "modifiers": [
              "private"
            ],
            "position": {}
          },
          "position": {}
        }
      }
    }
  }
}