{
  "report_version": "unknown",
  "report_timestamp": "2025-03-26T22:49:16.110Z",
  "target_language": "java",
  "report_summary": {
    "additional": null,
    "amount_classes_or_interfaces_with_data_clumps": 2,
    "amount_files_with_data_clumps": 2,
    "amount_methods_with_data_clumps": 0,
    "fields_to_fields_data_clump": 2,
    "parameters_to_fields_data_clump": 0,
    "parameters_to_parameters_data_clump": 0,
    "amount_data_clumps": 2
  },
  "project_info": {
    "project_url": "unknown_project_url",
    "project_name": "_7gEywIMmEeWCxLSqF566Tg",
    "project_version": "unknown_project_version",
    "project_commit_hash": "unknown",
    "project_tag": null,
    "project_commit_date": null,
    "additional": {},
    "number_of_files": 24,
    "number_of_classes_or_interfaces": 24,
    "number_of_methods": 30,
    "number_of_data_fields": 63,
    "number_of_method_parameters": 18
  },
  "detector": {
    "name": "data-clumps-doctor",
    "url": "https://github.com/NilsBaumgartner1994/data-clumps-doctor",
    "version": "0.1.100",
    "options": {
      "typeVariablesConsidered": false,
      "similarityModifierOfVariablesWithUnknownType": 0,
      "fieldsOfClassesWithUnknownHierarchyProbabilityModifier": 0,
      "sharedFieldsToFieldsAmountMinimum": 3,
      "analyseFieldsInClassesOrInterfacesInheritedFromSuperClassesOrInterfaces": false,
      "sharedParametersToParametersAmountMinimum": 3,
      "sharedParametersToFieldsAmountMinimum": 3,
      "methodsOfClassesOrInterfacesWithUnknownHierarchyProbabilityModifier": 0
    }
  },
  "data_clumps": {
    "fields_to_fields_data_clump-./DatabaseHelper-_YIkjsH1BEDOmLrC8cBz3uQ-_JWa2oH1EEDOmLrC8cBz3uQ-staticfinalDB_VERSIONstaticfinalDB_NAMEstaticfinalTABLE_NAMEstaticfinalUNAME_COLUM": {
      "type": "data_clump",
      "key": "fields_to_fields_data_clump-./DatabaseHelper-_YIkjsH1BEDOmLrC8cBz3uQ-_JWa2oH1EEDOmLrC8cBz3uQ-staticfinalDB_VERSIONstaticfinalDB_NAMEstaticfinalTABLE_NAMEstaticfinalUNAME_COLUM",
      "probability": 1,
      "from_file_path": "./DatabaseHelper",
      "from_class_or_interface_name": "DatabaseHelper",
      "from_class_or_interface_key": "_YIkjsH1BEDOmLrC8cBz3uQ",
      "from_method_name": null,
      "from_method_key": null,
      "to_file_path": "./ParkingLocationDB",
      "to_class_or_interface_key": "_JWa2oH1EEDOmLrC8cBz3uQ",
      "to_class_or_interface_name": "DatabaseHelper",
      "to_method_key": null,
      "to_method_name": null,
      "data_clump_type": "fields_to_fields_data_clump",
      "data_clump_data": {
        "_f2kBUH3JEDO5ntUfHJ7vLA": {
          "key": "_f2kBUH3JEDO5ntUfHJ7vLA",
          "name": "staticfinalDB_VERSION",
          "type": null,
          "probability": 1,
          "modifiers": [],
          "to_variable": {
            "key": "_Y70SMH3IEDO5ntUfHJ7vLA",
            "name": "staticfinalDB_VERSION",
            "type": null,
            "modifiers": [],
            "position": {}
          },
          "position": {}
        },
        "_gTHacH3JEDO5ntUfHJ7vLA": {
          "key": "_gTHacH3JEDO5ntUfHJ7vLA",
          "name": "staticfinalDB_NAME",
          "type": null,
          "probability": 1,
          "modifiers": [],
          "to_variable": {
            "key": "_cjN2sH3IEDO5ntUfHJ7vLA",
            "name": "staticfinalDB_NAME",
            "type": null,
            "modifiers": [],
            "position": {}
          },
          "position": {}
        },
        "_gWyZgH3JEDO5ntUfHJ7vLA": {
          "key": "_gWyZgH3JEDO5ntUfHJ7vLA",
          "name": "staticfinalTABLE_NAME",
          "type": null,
          "probability": 1,
          "modifiers": [],
          "to_variable": {
            "key": "_kuAG0H3IEDO5ntUfHJ7vLA",
            "name": "staticfinalTABLE_NAME",
            "type": null,
            "modifiers": [],
            "position": {}
          },
          "position": {}
        },
        "_gow6UH3JEDO5ntUfHJ7vLA": {
          "key": "_gow6UH3JEDO5ntUfHJ7vLA",
          "name": "staticfinalUNAME_COLUM",
          "type": null,
          "probability": 1,
          "modifiers": [],
          "to_variable": {
            "key": "_mUEFsH3IEDO5ntUfHJ7vLA",
            "name": "staticfinalUNAME_COLUM",
            "type": null,
            "modifiers": [],
            "position": {}
          },
          "position": {}
        }
      }
    },
    "fields_to_fields_data_clump-./ParkingLocationDB-_JWa2oH1EEDOmLrC8cBz3uQ-_YIkjsH1BEDOmLrC8cBz3uQ-staticfinalDB_VERSIONstaticfinalDB_NAMEstaticfinalTABLE_NAMEstaticfinalUNAME_COLUM": {
      "type": "data_clump",
      "key": "fields_to_fields_data_clump-./ParkingLocationDB-_JWa2oH1EEDOmLrC8cBz3uQ-_YIkjsH1BEDOmLrC8cBz3uQ-staticfinalDB_VERSIONstaticfinalDB_NAMEstaticfinalTABLE_NAMEstaticfinalUNAME_COLUM",
      "probability": 1,
      "from_file_path": "./ParkingLocationDB",
      "from_class_or_interface_name": "ParkingLocationDB",
      "from_class_or_interface_key": "_JWa2oH1EEDOmLrC8cBz3uQ",
      "from_method_name": null,
      "from_method_key": null,
      "to_file_path": "./DatabaseHelper",
      "to_class_or_interface_key": "_YIkjsH1BEDOmLrC8cBz3uQ",
      "to_class_or_interface_name": "ParkingLocationDB",
      "to_method_key": null,
      "to_method_name": null,
      "data_clump_type": "fields_to_fields_data_clump",
      "data_clump_data": {
        "_Y70SMH3IEDO5ntUfHJ7vLA": {
          "key": "_Y70SMH3IEDO5ntUfHJ7vLA",
          "name": "staticfinalDB_VERSION",
          "type": null,
          "probability": 1,
          "modifiers": [],
          "to_variable": {
            "key": "_f2kBUH3JEDO5ntUfHJ7vLA",
            "name": "staticfinalDB_VERSION",
            "type": null,
            "modifiers": [],
            "position": {}
          },
          "position": {}
        },
        "_cjN2sH3IEDO5ntUfHJ7vLA": {
          "key": "_cjN2sH3IEDO5ntUfHJ7vLA",
          "name": "staticfinalDB_NAME",
          "type": null,
          "probability": 1,
          "modifiers": [],
          "to_variable": {
            "key": "_gTHacH3JEDO5ntUfHJ7vLA",
            "name": "staticfinalDB_NAME",
            "type": null,
            "modifiers": [],
            "position": {}
          },
          "position": {}
        },
        "_kuAG0H3IEDO5ntUfHJ7vLA": {
          "key": "_kuAG0H3IEDO5ntUfHJ7vLA",
          "name": "staticfinalTABLE_NAME",
          "type": null,
          "probability": 1,
          "modifiers": [],
          "to_variable": {
            "key": "_gWyZgH3JEDO5ntUfHJ7vLA",
            "name": "staticfinalTABLE_NAME",
            "type": null,
            "modifiers": [],
            "position": {}
          },
          "position": {}
        },
        "_mUEFsH3IEDO5ntUfHJ7vLA": {
          "key": "_mUEFsH3IEDO5ntUfHJ7vLA",
          "name": "staticfinalUNAME_COLUM",
          "type": null,
          "probability": 1,
          "modifiers": [],
          "to_variable": {
            "key": "_gow6UH3JEDO5ntUfHJ7vLA",
            "name": "staticfinalUNAME_COLUM",
            "type": null,
            "modifiers": [],
            "position": {}
          },
          "position": {}
        }
      }
    }
  }
}