{
  "report_version": "unknown",
  "report_timestamp": "2025-03-26T21:52:04.874Z",
  "target_language": "java",
  "report_summary": {
    "additional": null,
    "amount_classes_or_interfaces_with_data_clumps": 2,
    "amount_files_with_data_clumps": 2,
    "amount_methods_with_data_clumps": 0,
    "fields_to_fields_data_clump": 2,
    "parameters_to_fields_data_clump": 0,
    "parameters_to_parameters_data_clump": 0,
    "amount_data_clumps": 2
  },
  "project_info": {
    "project_url": "unknown_project_url",
    "project_name": "_80mXUDkvEeSWIoeppx7IKQ",
    "project_version": "unknown_project_version",
    "project_commit_hash": "unknown",
    "project_tag": null,
    "project_commit_date": null,
    "additional": {},
    "number_of_files": 6,
    "number_of_classes_or_interfaces": 6,
    "number_of_methods": 0,
    "number_of_data_fields": 26,
    "number_of_method_parameters": 0
  },
  "detector": {
    "name": "data-clumps-doctor",
    "url": "https://github.com/NilsBaumgartner1994/data-clumps-doctor",
    "version": "0.1.100",
    "options": {
      "typeVariablesConsidered": false,
      "similarityModifierOfVariablesWithUnknownType": 0,
      "fieldsOfClassesWithUnknownHierarchyProbabilityModifier": 0,
      "sharedFieldsToFieldsAmountMinimum": 3,
      "analyseFieldsInClassesOrInterfacesInheritedFromSuperClassesOrInterfaces": false,
      "sharedParametersToParametersAmountMinimum": 3,
      "sharedParametersToFieldsAmountMinimum": 3,
      "methodsOfClassesOrInterfacesWithUnknownHierarchyProbabilityModifier": 0
    }
  },
  "data_clumps": {
    "fields_to_fields_data_clump-./account_chart-_61j7YBvpEDKITILwMOMWvw-_o2AmsBzHEDK0I99lh6kKIQ-idcodename": {
      "type": "data_clump",
      "key": "fields_to_fields_data_clump-./account_chart-_61j7YBvpEDKITILwMOMWvw-_o2AmsBzHEDK0I99lh6kKIQ-idcodename",
      "probability": 1,
      "from_file_path": "./account_chart",
      "from_class_or_interface_name": "account_chart",
      "from_class_or_interface_key": "_61j7YBvpEDKITILwMOMWvw",
      "from_method_name": null,
      "from_method_key": null,
      "to_file_path": "./tax_report",
      "to_class_or_interface_key": "_o2AmsBzHEDK0I99lh6kKIQ",
      "to_class_or_interface_name": "account_chart",
      "to_method_key": null,
      "to_method_name": null,
      "data_clump_type": "fields_to_fields_data_clump",
      "data_clump_data": {
        "_EBKIQBvqEDKITILwMOMWvw": {
          "key": "_EBKIQBvqEDKITILwMOMWvw",
          "name": "id",
          "type": null,
          "probability": 1,
          "modifiers": [],
          "to_variable": {
            "key": "_2NCSMBzHEDK0I99lh6kKIQ",
            "name": "id",
            "type": null,
            "modifiers": [],
            "position": {}
          },
          "position": {}
        },
        "_FU5oEBvqEDKITILwMOMWvw": {
          "key": "_FU5oEBvqEDKITILwMOMWvw",
          "name": "code",
          "type": null,
          "probability": 1,
          "modifiers": [],
          "to_variable": {
            "key": "_4Lfi8BzHEDK0I99lh6kKIQ",
            "name": "code",
            "type": null,
            "modifiers": [],
            "position": {}
          },
          "position": {}
        },
        "_LGX3cBvqEDKITILwMOMWvw": {
          "key": "_LGX3cBvqEDKITILwMOMWvw",
          "name": "name",
          "type": null,
          "probability": 1,
          "modifiers": [],
          "to_variable": {
            "key": "_5creABzHEDK0I99lh6kKIQ",
            "name": "name",
            "type": null,
            "modifiers": [],
            "position": {}
          },
          "position": {}
        }
      }
    },
    "fields_to_fields_data_clump-./tax_report-_o2AmsBzHEDK0I99lh6kKIQ-_61j7YBvpEDKITILwMOMWvw-idcodename": {
      "type": "data_clump",
      "key": "fields_to_fields_data_clump-./tax_report-_o2AmsBzHEDK0I99lh6kKIQ-_61j7YBvpEDKITILwMOMWvw-idcodename",
      "probability": 1,
      "from_file_path": "./tax_report",
      "from_class_or_interface_name": "tax_report",
      "from_class_or_interface_key": "_o2AmsBzHEDK0I99lh6kKIQ",
      "from_method_name": null,
      "from_method_key": null,
      "to_file_path": "./account_chart",
      "to_class_or_interface_key": "_61j7YBvpEDKITILwMOMWvw",
      "to_class_or_interface_name": "tax_report",
      "to_method_key": null,
      "to_method_name": null,
      "data_clump_type": "fields_to_fields_data_clump",
      "data_clump_data": {
        "_2NCSMBzHEDK0I99lh6kKIQ": {
          "key": "_2NCSMBzHEDK0I99lh6kKIQ",
          "name": "id",
          "type": null,
          "probability": 1,
          "modifiers": [],
          "to_variable": {
            "key": "_EBKIQBvqEDKITILwMOMWvw",
            "name": "id",
            "type": null,
            "modifiers": [],
            "position": {}
          },
          "position": {}
        },
        "_4Lfi8BzHEDK0I99lh6kKIQ": {
          "key": "_4Lfi8BzHEDK0I99lh6kKIQ",
          "name": "code",
          "type": null,
          "probability": 1,
          "modifiers": [],
          "to_variable": {
            "key": "_FU5oEBvqEDKITILwMOMWvw",
            "name": "code",
            "type": null,
            "modifiers": [],
            "position": {}
          },
          "position": {}
        },
        "_5creABzHEDK0I99lh6kKIQ": {
          "key": "_5creABzHEDK0I99lh6kKIQ",
          "name": "name",
          "type": null,
          "probability": 1,
          "modifiers": [],
          "to_variable": {
            "key": "_LGX3cBvqEDKITILwMOMWvw",
            "name": "name",
            "type": null,
            "modifiers": [],
            "position": {}
          },
          "position": {}
        }
      }
    }
  }
}