{
  "report_version": "unknown",
  "report_timestamp": "2025-03-26T21:44:48.902Z",
  "target_language": "java",
  "report_summary": {
    "additional": null,
    "amount_classes_or_interfaces_with_data_clumps": 8,
    "amount_files_with_data_clumps": 8,
    "amount_methods_with_data_clumps": 0,
    "fields_to_fields_data_clump": 32,
    "parameters_to_fields_data_clump": 0,
    "parameters_to_parameters_data_clump": 0,
    "amount_data_clumps": 32
  },
  "project_info": {
    "project_url": "unknown_project_url",
    "project_name": "_wSkFoJe0EeqEM7mFKilpXw",
    "project_version": "unknown_project_version",
    "project_commit_hash": "unknown",
    "project_tag": null,
    "project_commit_date": null,
    "additional": {},
    "number_of_files": 9,
    "number_of_classes_or_interfaces": 9,
    "number_of_methods": 0,
    "number_of_data_fields": 50,
    "number_of_method_parameters": 0
  },
  "detector": {
    "name": "data-clumps-doctor",
    "url": "https://github.com/NilsBaumgartner1994/data-clumps-doctor",
    "version": "0.1.100",
    "options": {
      "typeVariablesConsidered": false,
      "similarityModifierOfVariablesWithUnknownType": 0,
      "fieldsOfClassesWithUnknownHierarchyProbabilityModifier": 0,
      "sharedFieldsToFieldsAmountMinimum": 3,
      "analyseFieldsInClassesOrInterfacesInheritedFromSuperClassesOrInterfaces": false,
      "sharedParametersToParametersAmountMinimum": 3,
      "sharedParametersToFieldsAmountMinimum": 3,
      "methodsOfClassesOrInterfacesWithUnknownHierarchyProbabilityModifier": 0
    }
  },
  "data_clumps": {
    "fields_to_fields_data_clump-./ambalaj_tipleri-_fhjWEHphEDi7Lbfe-QdWDQ-_keixUHpdEDi7Lbfe-QdWDQ-idbidontank": {
      "type": "data_clump",
      "key": "fields_to_fields_data_clump-./ambalaj_tipleri-_fhjWEHphEDi7Lbfe-QdWDQ-_keixUHpdEDi7Lbfe-QdWDQ-idbidontank",
      "probability": 1,
      "from_file_path": "./ambalaj_tipleri",
      "from_class_or_interface_name": "ambalaj_tipleri",
      "from_class_or_interface_key": "_fhjWEHphEDi7Lbfe-QdWDQ",
      "from_method_name": null,
      "from_method_key": null,
      "to_file_path": "./firmalar",
      "to_class_or_interface_key": "_keixUHpdEDi7Lbfe-QdWDQ",
      "to_class_or_interface_name": "ambalaj_tipleri",
      "to_method_key": null,
      "to_method_name": null,
      "data_clump_type": "fields_to_fields_data_clump",
      "data_clump_data": {
        "_fhj9InphEDi7Lbfe-QdWDQ": {
          "key": "_fhj9InphEDi7Lbfe-QdWDQ",
          "name": "id",
          "type": null,
          "probability": 1,
          "modifiers": [
            "public"
          ],
          "to_variable": {
            "key": "_kejYYHpdEDi7Lbfe-QdWDQ",
            "name": "id",
            "type": null,
            "modifiers": [
              "public"
            ],
            "position": {}
          },
          "position": {}
        },
        "_fhlyUHphEDi7Lbfe-QdWDQ": {
          "key": "_fhlyUHphEDi7Lbfe-QdWDQ",
          "name": "bidon",
          "type": null,
          "probability": 1,
          "modifiers": [
            "public"
          ],
          "to_variable": {
            "key": "_kej_cXpdEDi7Lbfe-QdWDQ",
            "name": "bidon",
            "type": null,
            "modifiers": [
              "public"
            ],
            "position": {}
          },
          "position": {}
        },
        "_fhlyUXphEDi7Lbfe-QdWDQ": {
          "key": "_fhlyUXphEDi7Lbfe-QdWDQ",
          "name": "tank",
          "type": null,
          "probability": 1,
          "modifiers": [
            "public"
          ],
          "to_variable": {
            "key": "_kekmgHpdEDi7Lbfe-QdWDQ",
            "name": "tank",
            "type": null,
            "modifiers": [
              "public"
            ],
            "position": {}
          },
          "position": {}
        }
      }
    },
    "fields_to_fields_data_clump-./ambalaj_tipleri-_fhjWEHphEDi7Lbfe-QdWDQ-_aalcQHphEDi7Lbfe-QdWDQ-idbidontankambalajIdmiktar": {
      "type": "data_clump",
      "key": "fields_to_fields_data_clump-./ambalaj_tipleri-_fhjWEHphEDi7Lbfe-QdWDQ-_aalcQHphEDi7Lbfe-QdWDQ-idbidontankambalajIdmiktar",
      "probability": 1,
      "from_file_path": "./ambalaj_tipleri",
      "from_class_or_interface_name": "ambalaj_tipleri",
      "from_class_or_interface_key": "_fhjWEHphEDi7Lbfe-QdWDQ",
      "from_method_name": null,
      "from_method_key": null,
      "to_file_path": "./irsaliye",
      "to_class_or_interface_key": "_aalcQHphEDi7Lbfe-QdWDQ",
      "to_class_or_interface_name": "ambalaj_tipleri",
      "to_method_key": null,
      "to_method_name": null,
      "data_clump_type": "fields_to_fields_data_clump",
      "data_clump_data": {
        "_fhj9InphEDi7Lbfe-QdWDQ": {
          "key": "_fhj9InphEDi7Lbfe-QdWDQ",
          "name": "id",
          "type": null,
          "probability": 1,
          "modifiers": [
            "public"
          ],
          "to_variable": {
            "key": "_aamDUHphEDi7Lbfe-QdWDQ",
            "name": "id",
            "type": null,
            "modifiers": [
              "public"
            ],
            "position": {}
          },
          "position": {}
        },
        "_fhlyUHphEDi7Lbfe-QdWDQ": {
          "key": "_fhlyUHphEDi7Lbfe-QdWDQ",
          "name": "bidon",
          "type": null,
          "probability": 1,
          "modifiers": [
            "public"
          ],
          "to_variable": {
            "key": "_aamDUnphEDi7Lbfe-QdWDQ",
            "name": "bidon",
            "type": null,
            "modifiers": [
              "public"
            ],
            "position": {}
          },
          "position": {}
        },
        "_fhlyUXphEDi7Lbfe-QdWDQ": {
          "key": "_fhlyUXphEDi7Lbfe-QdWDQ",
          "name": "tank",
          "type": null,
          "probability": 1,
          "modifiers": [
            "public"
          ],
          "to_variable": {
            "key": "_aamDU3phEDi7Lbfe-QdWDQ",
            "name": "tank",
            "type": null,
            "modifiers": [
              "public"
            ],
            "position": {}
          },
          "position": {}
        },
        "_fhlyUnphEDi7Lbfe-QdWDQ": {
          "key": "_fhlyUnphEDi7Lbfe-QdWDQ",
          "name": "ambalajId",
          "type": null,
          "probability": 1,
          "modifiers": [
            "public"
          ],
          "to_variable": {
            "key": "_aamDVHphEDi7Lbfe-QdWDQ",
            "name": "ambalajId",
            "type": null,
            "modifiers": [
              "public"
            ],
            "position": {}
          },
          "position": {}
        },
        "_fhmZYHphEDi7Lbfe-QdWDQ": {
          "key": "_fhmZYHphEDi7Lbfe-QdWDQ",
          "name": "miktar",
          "type": null,
          "probability": 1,
          "modifiers": [
            "public"
          ],
          "to_variable": {
            "key": "_aamDVXphEDi7Lbfe-QdWDQ",
            "name": "miktar",
            "type": null,
            "modifiers": [
              "public"
            ],
            "position": {}
          },
          "position": {}
        }
      }
    },
    "fields_to_fields_data_clump-./ambalaj_tipleri-_fhjWEHphEDi7Lbfe-QdWDQ-_k1RScHphEDi7Lbfe-QdWDQ-idbidontankambalajIdmiktar": {
      "type": "data_clump",
      "key": "fields_to_fields_data_clump-./ambalaj_tipleri-_fhjWEHphEDi7Lbfe-QdWDQ-_k1RScHphEDi7Lbfe-QdWDQ-idbidontankambalajIdmiktar",
      "probability": 1,
      "from_file_path": "./ambalaj_tipleri",
      "from_class_or_interface_name": "ambalaj_tipleri",
      "from_class_or_interface_key": "_fhjWEHphEDi7Lbfe-QdWDQ",
      "from_method_name": null,
      "from_method_key": null,
      "to_file_path": "./irsaliye_detay",
      "to_class_or_interface_key": "_k1RScHphEDi7Lbfe-QdWDQ",
      "to_class_or_interface_name": "ambalaj_tipleri",
      "to_method_key": null,
      "to_method_name": null,
      "data_clump_type": "fields_to_fields_data_clump",
      "data_clump_data": {
        "_fhj9InphEDi7Lbfe-QdWDQ": {
          "key": "_fhj9InphEDi7Lbfe-QdWDQ",
          "name": "id",
          "type": null,
          "probability": 1,
          "modifiers": [
            "public"
          ],
          "to_variable": {
            "key": "_k1R5gnphEDi7Lbfe-QdWDQ",
            "name": "id",
            "type": null,
            "modifiers": [
              "public"
            ],
            "position": {}
          },
          "position": {}
        },
        "_fhlyUHphEDi7Lbfe-QdWDQ": {
          "key": "_fhlyUHphEDi7Lbfe-QdWDQ",
          "name": "bidon",
          "type": null,
          "probability": 1,
          "modifiers": [
            "public"
          ],
          "to_variable": {
            "key": "_k1R5hHphEDi7Lbfe-QdWDQ",
            "name": "bidon",
            "type": null,
            "modifiers": [
              "public"
            ],
            "position": {}
          },
          "position": {}
        },
        "_fhlyUXphEDi7Lbfe-QdWDQ": {
          "key": "_fhlyUXphEDi7Lbfe-QdWDQ",
          "name": "tank",
          "type": null,
          "probability": 1,
          "modifiers": [
            "public"
          ],
          "to_variable": {
            "key": "_k1R5hXphEDi7Lbfe-QdWDQ",
            "name": "tank",
            "type": null,
            "modifiers": [
              "public"
            ],
            "position": {}
          },
          "position": {}
        },
        "_fhlyUnphEDi7Lbfe-QdWDQ": {
          "key": "_fhlyUnphEDi7Lbfe-QdWDQ",
          "name": "ambalajId",
          "type": null,
          "probability": 1,
          "modifiers": [
            "public"
          ],
          "to_variable": {
            "key": "_k1R5hnphEDi7Lbfe-QdWDQ",
            "name": "ambalajId",
            "type": null,
            "modifiers": [
              "public"
            ],
            "position": {}
          },
          "position": {}
        },
        "_fhmZYHphEDi7Lbfe-QdWDQ": {
          "key": "_fhmZYHphEDi7Lbfe-QdWDQ",
          "name": "miktar",
          "type": null,
          "probability": 1,
          "modifiers": [
            "public"
          ],
          "to_variable": {
            "key": "_k1SgkHphEDi7Lbfe-QdWDQ",
            "name": "miktar",
            "type": null,
            "modifiers": [
              "public"
            ],
            "position": {}
          },
          "position": {}
        }
      }
    },
    "fields_to_fields_data_clump-./ambalaj_tipleri-_fhjWEHphEDi7Lbfe-QdWDQ-_pu54IHnjEDiFR5NJLHnmxw-idbidontank": {
      "type": "data_clump",
      "key": "fields_to_fields_data_clump-./ambalaj_tipleri-_fhjWEHphEDi7Lbfe-QdWDQ-_pu54IHnjEDiFR5NJLHnmxw-idbidontank",
      "probability": 1,
      "from_file_path": "./ambalaj_tipleri",
      "from_class_or_interface_name": "ambalaj_tipleri",
      "from_class_or_interface_key": "_fhjWEHphEDi7Lbfe-QdWDQ",
      "from_method_name": null,
      "from_method_key": null,
      "to_file_path": "./islemler",
      "to_class_or_interface_key": "_pu54IHnjEDiFR5NJLHnmxw",
      "to_class_or_interface_name": "ambalaj_tipleri",
      "to_method_key": null,
      "to_method_name": null,
      "data_clump_type": "fields_to_fields_data_clump",
      "data_clump_data": {
        "_fhj9InphEDi7Lbfe-QdWDQ": {
          "key": "_fhj9InphEDi7Lbfe-QdWDQ",
          "name": "id",
          "type": null,
          "probability": 1,
          "modifiers": [
            "public"
          ],
          "to_variable": {
            "key": "_pu6fMHnjEDiFR5NJLHnmxw",
            "name": "id",
            "type": null,
            "modifiers": [
              "public"
            ],
            "position": {}
          },
          "position": {}
        },
        "_fhlyUHphEDi7Lbfe-QdWDQ": {
          "key": "_fhlyUHphEDi7Lbfe-QdWDQ",
          "name": "bidon",
          "type": null,
          "probability": 1,
          "modifiers": [
            "public"
          ],
          "to_variable": {
            "key": "_pu7GQXnjEDiFR5NJLHnmxw",
            "name": "bidon",
            "type": null,
            "modifiers": [
              "public"
            ],
            "position": {}
          },
          "position": {}
        },
        "_fhlyUXphEDi7Lbfe-QdWDQ": {
          "key": "_fhlyUXphEDi7Lbfe-QdWDQ",
          "name": "tank",
          "type": null,
          "probability": 1,
          "modifiers": [
            "public"
          ],
          "to_variable": {
            "key": "_pu7GQnnjEDiFR5NJLHnmxw",
            "name": "tank",
            "type": null,
            "modifiers": [
              "public"
            ],
            "position": {}
          },
          "position": {}
        }
      }
    },
    "fields_to_fields_data_clump-./ambalaj_tipleri-_fhjWEHphEDi7Lbfe-QdWDQ-_fV6EAHnjEDiFR5NJLHnmxw-idbidontank": {
      "type": "data_clump",
      "key": "fields_to_fields_data_clump-./ambalaj_tipleri-_fhjWEHphEDi7Lbfe-QdWDQ-_fV6EAHnjEDiFR5NJLHnmxw-idbidontank",
      "probability": 1,
      "from_file_path": "./ambalaj_tipleri",
      "from_class_or_interface_name": "ambalaj_tipleri",
      "from_class_or_interface_key": "_fhjWEHphEDi7Lbfe-QdWDQ",
      "from_method_name": null,
      "from_method_key": null,
      "to_file_path": "./teslimAlinan",
      "to_class_or_interface_key": "_fV6EAHnjEDiFR5NJLHnmxw",
      "to_class_or_interface_name": "ambalaj_tipleri",
      "to_method_key": null,
      "to_method_name": null,
      "data_clump_type": "fields_to_fields_data_clump",
      "data_clump_data": {
        "_fhj9InphEDi7Lbfe-QdWDQ": {
          "key": "_fhj9InphEDi7Lbfe-QdWDQ",
          "name": "id",
          "type": null,
          "probability": 1,
          "modifiers": [
            "public"
          ],
          "to_variable": {
            "key": "_gqpCUXnjEDiFR5NJLHnmxw",
            "name": "id",
            "type": null,
            "modifiers": [
              "public"
            ],
            "position": {}
          },
          "position": {}
        },
        "_fhlyUHphEDi7Lbfe-QdWDQ": {
          "key": "_fhlyUHphEDi7Lbfe-QdWDQ",
          "name": "bidon",
          "type": null,
          "probability": 1,
          "modifiers": [
            "public"
          ],
          "to_variable": {
            "key": "_kLU60HnjEDiFR5NJLHnmxw",
            "name": "bidon",
            "type": null,
            "modifiers": [
              "public"
            ],
            "position": {}
          },
          "position": {}
        },
        "_fhlyUXphEDi7Lbfe-QdWDQ": {
          "key": "_fhlyUXphEDi7Lbfe-QdWDQ",
          "name": "tank",
          "type": null,
          "probability": 1,
          "modifiers": [
            "public"
          ],
          "to_variable": {
            "key": "_lyAkwXnjEDiFR5NJLHnmxw",
            "name": "tank",
            "type": null,
            "modifiers": [
              "public"
            ],
            "position": {}
          },
          "position": {}
        }
      }
    },
    "fields_to_fields_data_clump-./firmalar-_keixUHpdEDi7Lbfe-QdWDQ-_fhjWEHphEDi7Lbfe-QdWDQ-idbidontank": {
      "type": "data_clump",
      "key": "fields_to_fields_data_clump-./firmalar-_keixUHpdEDi7Lbfe-QdWDQ-_fhjWEHphEDi7Lbfe-QdWDQ-idbidontank",
      "probability": 1,
      "from_file_path": "./firmalar",
      "from_class_or_interface_name": "firmalar",
      "from_class_or_interface_key": "_keixUHpdEDi7Lbfe-QdWDQ",
      "from_method_name": null,
      "from_method_key": null,
      "to_file_path": "./ambalaj_tipleri",
      "to_class_or_interface_key": "_fhjWEHphEDi7Lbfe-QdWDQ",
      "to_class_or_interface_name": "firmalar",
      "to_method_key": null,
      "to_method_name": null,
      "data_clump_type": "fields_to_fields_data_clump",
      "data_clump_data": {
        "_kejYYHpdEDi7Lbfe-QdWDQ": {
          "key": "_kejYYHpdEDi7Lbfe-QdWDQ",
          "name": "id",
          "type": null,
          "probability": 1,
          "modifiers": [
            "public"
          ],
          "to_variable": {
            "key": "_fhj9InphEDi7Lbfe-QdWDQ",
            "name": "id",
            "type": null,
            "modifiers": [
              "public"
            ],
            "position": {}
          },
          "position": {}
        },
        "_kej_cXpdEDi7Lbfe-QdWDQ": {
          "key": "_kej_cXpdEDi7Lbfe-QdWDQ",
          "name": "bidon",
          "type": null,
          "probability": 1,
          "modifiers": [
            "public"
          ],
          "to_variable": {
            "key": "_fhlyUHphEDi7Lbfe-QdWDQ",
            "name": "bidon",
            "type": null,
            "modifiers": [
              "public"
            ],
            "position": {}
          },
          "position": {}
        },
        "_kekmgHpdEDi7Lbfe-QdWDQ": {
          "key": "_kekmgHpdEDi7Lbfe-QdWDQ",
          "name": "tank",
          "type": null,
          "probability": 1,
          "modifiers": [
            "public"
          ],
          "to_variable": {
            "key": "_fhlyUXphEDi7Lbfe-QdWDQ",
            "name": "tank",
            "type": null,
            "modifiers": [
              "public"
            ],
            "position": {}
          },
          "position": {}
        }
      }
    },
    "fields_to_fields_data_clump-./firmalar-_keixUHpdEDi7Lbfe-QdWDQ-_aalcQHphEDi7Lbfe-QdWDQ-idbidontank": {
      "type": "data_clump",
      "key": "fields_to_fields_data_clump-./firmalar-_keixUHpdEDi7Lbfe-QdWDQ-_aalcQHphEDi7Lbfe-QdWDQ-idbidontank",
      "probability": 1,
      "from_file_path": "./firmalar",
      "from_class_or_interface_name": "firmalar",
      "from_class_or_interface_key": "_keixUHpdEDi7Lbfe-QdWDQ",
      "from_method_name": null,
      "from_method_key": null,
      "to_file_path": "./irsaliye",
      "to_class_or_interface_key": "_aalcQHphEDi7Lbfe-QdWDQ",
      "to_class_or_interface_name": "firmalar",
      "to_method_key": null,
      "to_method_name": null,
      "data_clump_type": "fields_to_fields_data_clump",
      "data_clump_data": {
        "_kejYYHpdEDi7Lbfe-QdWDQ": {
          "key": "_kejYYHpdEDi7Lbfe-QdWDQ",
          "name": "id",
          "type": null,
          "probability": 1,
          "modifiers": [
            "public"
          ],
          "to_variable": {
            "key": "_aamDUHphEDi7Lbfe-QdWDQ",
            "name": "id",
            "type": null,
            "modifiers": [
              "public"
            ],
            "position": {}
          },
          "position": {}
        },
        "_kej_cXpdEDi7Lbfe-QdWDQ": {
          "key": "_kej_cXpdEDi7Lbfe-QdWDQ",
          "name": "bidon",
          "type": null,
          "probability": 1,
          "modifiers": [
            "public"
          ],
          "to_variable": {
            "key": "_aamDUnphEDi7Lbfe-QdWDQ",
            "name": "bidon",
            "type": null,
            "modifiers": [
              "public"
            ],
            "position": {}
          },
          "position": {}
        },
        "_kekmgHpdEDi7Lbfe-QdWDQ": {
          "key": "_kekmgHpdEDi7Lbfe-QdWDQ",
          "name": "tank",
          "type": null,
          "probability": 1,
          "modifiers": [
            "public"
          ],
          "to_variable": {
            "key": "_aamDU3phEDi7Lbfe-QdWDQ",
            "name": "tank",
            "type": null,
            "modifiers": [
              "public"
            ],
            "position": {}
          },
          "position": {}
        }
      }
    },
    "fields_to_fields_data_clump-./firmalar-_keixUHpdEDi7Lbfe-QdWDQ-_k1RScHphEDi7Lbfe-QdWDQ-idbidontank": {
      "type": "data_clump",
      "key": "fields_to_fields_data_clump-./firmalar-_keixUHpdEDi7Lbfe-QdWDQ-_k1RScHphEDi7Lbfe-QdWDQ-idbidontank",
      "probability": 1,
      "from_file_path": "./firmalar",
      "from_class_or_interface_name": "firmalar",
      "from_class_or_interface_key": "_keixUHpdEDi7Lbfe-QdWDQ",
      "from_method_name": null,
      "from_method_key": null,
      "to_file_path": "./irsaliye_detay",
      "to_class_or_interface_key": "_k1RScHphEDi7Lbfe-QdWDQ",
      "to_class_or_interface_name": "firmalar",
      "to_method_key": null,
      "to_method_name": null,
      "data_clump_type": "fields_to_fields_data_clump",
      "data_clump_data": {
        "_kejYYHpdEDi7Lbfe-QdWDQ": {
          "key": "_kejYYHpdEDi7Lbfe-QdWDQ",
          "name": "id",
          "type": null,
          "probability": 1,
          "modifiers": [
            "public"
          ],
          "to_variable": {
            "key": "_k1R5gnphEDi7Lbfe-QdWDQ",
            "name": "id",
            "type": null,
            "modifiers": [
              "public"
            ],
            "position": {}
          },
          "position": {}
        },
        "_kej_cXpdEDi7Lbfe-QdWDQ": {
          "key": "_kej_cXpdEDi7Lbfe-QdWDQ",
          "name": "bidon",
          "type": null,
          "probability": 1,
          "modifiers": [
            "public"
          ],
          "to_variable": {
            "key": "_k1R5hHphEDi7Lbfe-QdWDQ",
            "name": "bidon",
            "type": null,
            "modifiers": [
              "public"
            ],
            "position": {}
          },
          "position": {}
        },
        "_kekmgHpdEDi7Lbfe-QdWDQ": {
          "key": "_kekmgHpdEDi7Lbfe-QdWDQ",
          "name": "tank",
          "type": null,
          "probability": 1,
          "modifiers": [
            "public"
          ],
          "to_variable": {
            "key": "_k1R5hXphEDi7Lbfe-QdWDQ",
            "name": "tank",
            "type": null,
            "modifiers": [
              "public"
            ],
            "position": {}
          },
          "position": {}
        }
      }
    },
    "fields_to_fields_data_clump-./firmalar-_keixUHpdEDi7Lbfe-QdWDQ-_pu54IHnjEDiFR5NJLHnmxw-idbidontank": {
      "type": "data_clump",
      "key": "fields_to_fields_data_clump-./firmalar-_keixUHpdEDi7Lbfe-QdWDQ-_pu54IHnjEDiFR5NJLHnmxw-idbidontank",
      "probability": 1,
      "from_file_path": "./firmalar",
      "from_class_or_interface_name": "firmalar",
      "from_class_or_interface_key": "_keixUHpdEDi7Lbfe-QdWDQ",
      "from_method_name": null,
      "from_method_key": null,
      "to_file_path": "./islemler",
      "to_class_or_interface_key": "_pu54IHnjEDiFR5NJLHnmxw",
      "to_class_or_interface_name": "firmalar",
      "to_method_key": null,
      "to_method_name": null,
      "data_clump_type": "fields_to_fields_data_clump",
      "data_clump_data": {
        "_kejYYHpdEDi7Lbfe-QdWDQ": {
          "key": "_kejYYHpdEDi7Lbfe-QdWDQ",
          "name": "id",
          "type": null,
          "probability": 1,
          "modifiers": [
            "public"
          ],
          "to_variable": {
            "key": "_pu6fMHnjEDiFR5NJLHnmxw",
            "name": "id",
            "type": null,
            "modifiers": [
              "public"
            ],
            "position": {}
          },
          "position": {}
        },
        "_kej_cXpdEDi7Lbfe-QdWDQ": {
          "key": "_kej_cXpdEDi7Lbfe-QdWDQ",
          "name": "bidon",
          "type": null,
          "probability": 1,
          "modifiers": [
            "public"
          ],
          "to_variable": {
            "key": "_pu7GQXnjEDiFR5NJLHnmxw",
            "name": "bidon",
            "type": null,
            "modifiers": [
              "public"
            ],
            "position": {}
          },
          "position": {}
        },
        "_kekmgHpdEDi7Lbfe-QdWDQ": {
          "key": "_kekmgHpdEDi7Lbfe-QdWDQ",
          "name": "tank",
          "type": null,
          "probability": 1,
          "modifiers": [
            "public"
          ],
          "to_variable": {
            "key": "_pu7GQnnjEDiFR5NJLHnmxw",
            "name": "tank",
            "type": null,
            "modifiers": [
              "public"
            ],
            "position": {}
          },
          "position": {}
        }
      }
    },
    "fields_to_fields_data_clump-./firmalar-_keixUHpdEDi7Lbfe-QdWDQ-_fV6EAHnjEDiFR5NJLHnmxw-idbidontank": {
      "type": "data_clump",
      "key": "fields_to_fields_data_clump-./firmalar-_keixUHpdEDi7Lbfe-QdWDQ-_fV6EAHnjEDiFR5NJLHnmxw-idbidontank",
      "probability": 1,
      "from_file_path": "./firmalar",
      "from_class_or_interface_name": "firmalar",
      "from_class_or_interface_key": "_keixUHpdEDi7Lbfe-QdWDQ",
      "from_method_name": null,
      "from_method_key": null,
      "to_file_path": "./teslimAlinan",
      "to_class_or_interface_key": "_fV6EAHnjEDiFR5NJLHnmxw",
      "to_class_or_interface_name": "firmalar",
      "to_method_key": null,
      "to_method_name": null,
      "data_clump_type": "fields_to_fields_data_clump",
      "data_clump_data": {
        "_kejYYHpdEDi7Lbfe-QdWDQ": {
          "key": "_kejYYHpdEDi7Lbfe-QdWDQ",
          "name": "id",
          "type": null,
          "probability": 1,
          "modifiers": [
            "public"
          ],
          "to_variable": {
            "key": "_gqpCUXnjEDiFR5NJLHnmxw",
            "name": "id",
            "type": null,
            "modifiers": [
              "public"
            ],
            "position": {}
          },
          "position": {}
        },
        "_kej_cXpdEDi7Lbfe-QdWDQ": {
          "key": "_kej_cXpdEDi7Lbfe-QdWDQ",
          "name": "bidon",
          "type": null,
          "probability": 1,
          "modifiers": [
            "public"
          ],
          "to_variable": {
            "key": "_kLU60HnjEDiFR5NJLHnmxw",
            "name": "bidon",
            "type": null,
            "modifiers": [
              "public"
            ],
            "position": {}
          },
          "position": {}
        },
        "_kekmgHpdEDi7Lbfe-QdWDQ": {
          "key": "_kekmgHpdEDi7Lbfe-QdWDQ",
          "name": "tank",
          "type": null,
          "probability": 1,
          "modifiers": [
            "public"
          ],
          "to_variable": {
            "key": "_lyAkwXnjEDiFR5NJLHnmxw",
            "name": "tank",
            "type": null,
            "modifiers": [
              "public"
            ],
            "position": {}
          },
          "position": {}
        }
      }
    },
    "fields_to_fields_data_clump-./gelenİrsaliye-_YIhP0HpdEDi7Lbfe-QdWDQ-_9GqzgHniEDiFR5NJLHnmxw-idevrakNoevrakTarihisirketIdteslimAlinanIdteslimEdilenIdattributeislemId": {
      "type": "data_clump",
      "key": "fields_to_fields_data_clump-./gelenİrsaliye-_YIhP0HpdEDi7Lbfe-QdWDQ-_9GqzgHniEDiFR5NJLHnmxw-idevrakNoevrakTarihisirketIdteslimAlinanIdteslimEdilenIdattributeislemId",
      "probability": 1,
      "from_file_path": "./gelenİrsaliye",
      "from_class_or_interface_name": "gelenİrsaliye",
      "from_class_or_interface_key": "_YIhP0HpdEDi7Lbfe-QdWDQ",
      "from_method_name": null,
      "from_method_key": null,
      "to_file_path": "./gidenİrsaliye",
      "to_class_or_interface_key": "_9GqzgHniEDiFR5NJLHnmxw",
      "to_class_or_interface_name": "gelenİrsaliye",
      "to_method_key": null,
      "to_method_name": null,
      "data_clump_type": "fields_to_fields_data_clump",
      "data_clump_data": {
        "_YIh24XpdEDi7Lbfe-QdWDQ": {
          "key": "_YIh24XpdEDi7Lbfe-QdWDQ",
          "name": "id",
          "type": null,
          "probability": 1,
          "modifiers": [
            "public"
          ],
          "to_variable": {
            "key": "_9q_BgXniEDiFR5NJLHnmxw",
            "name": "id",
            "type": null,
            "modifiers": [
              "public"
            ],
            "position": {}
          },
          "position": {}
        },
        "_YIh24npdEDi7Lbfe-QdWDQ": {
          "key": "_YIh24npdEDi7Lbfe-QdWDQ",
          "name": "evrakNo",
          "type": null,
          "probability": 1,
          "modifiers": [
            "public"
          ],
          "to_variable": {
            "key": "_DkekcXnjEDiFR5NJLHnmxw",
            "name": "evrakNo",
            "type": null,
            "modifiers": [
              "public"
            ],
            "position": {}
          },
          "position": {}
        },
        "_YIh243pdEDi7Lbfe-QdWDQ": {
          "key": "_YIh243pdEDi7Lbfe-QdWDQ",
          "name": "evrakTarihi",
          "type": null,
          "probability": 1,
          "modifiers": [
            "public"
          ],
          "to_variable": {
            "key": "_IbYB8XnjEDiFR5NJLHnmxw",
            "name": "evrakTarihi",
            "type": null,
            "modifiers": [
              "public"
            ],
            "position": {}
          },
          "position": {}
        },
        "_YIid8HpdEDi7Lbfe-QdWDQ": {
          "key": "_YIid8HpdEDi7Lbfe-QdWDQ",
          "name": "sirketId",
          "type": null,
          "probability": 1,
          "modifiers": [
            "public"
          ],
          "to_variable": {
            "key": "_UEidcHnjEDiFR5NJLHnmxw",
            "name": "sirketId",
            "type": null,
            "modifiers": [
              "public"
            ],
            "position": {}
          },
          "position": {}
        },
        "_YIid8XpdEDi7Lbfe-QdWDQ": {
          "key": "_YIid8XpdEDi7Lbfe-QdWDQ",
          "name": "teslimAlinanId",
          "type": null,
          "probability": 1,
          "modifiers": [
            "public"
          ],
          "to_variable": {
            "key": "_a2LwYHnjEDiFR5NJLHnmxw",
            "name": "teslimAlinanId",
            "type": null,
            "modifiers": [
              "public"
            ],
            "position": {}
          },
          "position": {}
        },
        "_YIid8npdEDi7Lbfe-QdWDQ": {
          "key": "_YIid8npdEDi7Lbfe-QdWDQ",
          "name": "teslimEdilenId",
          "type": null,
          "probability": 1,
          "modifiers": [
            "public"
          ],
          "to_variable": {
            "key": "_WBhukXnjEDiFR5NJLHnmxw",
            "name": "teslimEdilenId",
            "type": null,
            "modifiers": [
              "public"
            ],
            "position": {}
          },
          "position": {}
        },
        "_YIid83pdEDi7Lbfe-QdWDQ": {
          "key": "_YIid83pdEDi7Lbfe-QdWDQ",
          "name": "attribute",
          "type": null,
          "probability": 1,
          "modifiers": [
            "protected"
          ],
          "to_variable": {
            "key": "_8S_eYHnjEDiFR5NJLHnmxw",
            "name": "attribute",
            "type": null,
            "modifiers": [
              "protected"
            ],
            "position": {}
          },
          "position": {}
        },
        "_6rsI8HpdEDi7Lbfe-QdWDQ": {
          "key": "_6rsI8HpdEDi7Lbfe-QdWDQ",
          "name": "islemId",
          "type": null,
          "probability": 1,
          "modifiers": [
            "public"
          ],
          "to_variable": {
            "key": "_45Os0HpdEDi7Lbfe-QdWDQ",
            "name": "islemId",
            "type": null,
            "modifiers": [
              "public"
            ],
            "position": {}
          },
          "position": {}
        }
      }
    },
    "fields_to_fields_data_clump-./gidenİrsaliye-_9GqzgHniEDiFR5NJLHnmxw-_YIhP0HpdEDi7Lbfe-QdWDQ-idevrakNoevrakTarihisirketIdteslimAlinanIdteslimEdilenIdattributeislemId": {
      "type": "data_clump",
      "key": "fields_to_fields_data_clump-./gidenİrsaliye-_9GqzgHniEDiFR5NJLHnmxw-_YIhP0HpdEDi7Lbfe-QdWDQ-idevrakNoevrakTarihisirketIdteslimAlinanIdteslimEdilenIdattributeislemId",
      "probability": 1,
      "from_file_path": "./gidenİrsaliye",
      "from_class_or_interface_name": "gidenİrsaliye",
      "from_class_or_interface_key": "_9GqzgHniEDiFR5NJLHnmxw",
      "from_method_name": null,
      "from_method_key": null,
      "to_file_path": "./gelenİrsaliye",
      "to_class_or_interface_key": "_YIhP0HpdEDi7Lbfe-QdWDQ",
      "to_class_or_interface_name": "gidenİrsaliye",
      "to_method_key": null,
      "to_method_name": null,
      "data_clump_type": "fields_to_fields_data_clump",
      "data_clump_data": {
        "_9q_BgXniEDiFR5NJLHnmxw": {
          "key": "_9q_BgXniEDiFR5NJLHnmxw",
          "name": "id",
          "type": null,
          "probability": 1,
          "modifiers": [
            "public"
          ],
          "to_variable": {
            "key": "_YIh24XpdEDi7Lbfe-QdWDQ",
            "name": "id",
            "type": null,
            "modifiers": [
              "public"
            ],
            "position": {}
          },
          "position": {}
        },
        "_DkekcXnjEDiFR5NJLHnmxw": {
          "key": "_DkekcXnjEDiFR5NJLHnmxw",
          "name": "evrakNo",
          "type": null,
          "probability": 1,
          "modifiers": [
            "public"
          ],
          "to_variable": {
            "key": "_YIh24npdEDi7Lbfe-QdWDQ",
            "name": "evrakNo",
            "type": null,
            "modifiers": [
              "public"
            ],
            "position": {}
          },
          "position": {}
        },
        "_IbYB8XnjEDiFR5NJLHnmxw": {
          "key": "_IbYB8XnjEDiFR5NJLHnmxw",
          "name": "evrakTarihi",
          "type": null,
          "probability": 1,
          "modifiers": [
            "public"
          ],
          "to_variable": {
            "key": "_YIh243pdEDi7Lbfe-QdWDQ",
            "name": "evrakTarihi",
            "type": null,
            "modifiers": [
              "public"
            ],
            "position": {}
          },
          "position": {}
        },
        "_UEidcHnjEDiFR5NJLHnmxw": {
          "key": "_UEidcHnjEDiFR5NJLHnmxw",
          "name": "sirketId",
          "type": null,
          "probability": 1,
          "modifiers": [
            "public"
          ],
          "to_variable": {
            "key": "_YIid8HpdEDi7Lbfe-QdWDQ",
            "name": "sirketId",
            "type": null,
            "modifiers": [
              "public"
            ],
            "position": {}
          },
          "position": {}
        },
        "_a2LwYHnjEDiFR5NJLHnmxw": {
          "key": "_a2LwYHnjEDiFR5NJLHnmxw",
          "name": "teslimAlinanId",
          "type": null,
          "probability": 1,
          "modifiers": [
            "public"
          ],
          "to_variable": {
            "key": "_YIid8XpdEDi7Lbfe-QdWDQ",
            "name": "teslimAlinanId",
            "type": null,
            "modifiers": [
              "public"
            ],
            "position": {}
          },
          "position": {}
        },
        "_WBhukXnjEDiFR5NJLHnmxw": {
          "key": "_WBhukXnjEDiFR5NJLHnmxw",
          "name": "teslimEdilenId",
          "type": null,
          "probability": 1,
          "modifiers": [
            "public"
          ],
          "to_variable": {
            "key": "_YIid8npdEDi7Lbfe-QdWDQ",
            "name": "teslimEdilenId",
            "type": null,
            "modifiers": [
              "public"
            ],
            "position": {}
          },
          "position": {}
        },
        "_8S_eYHnjEDiFR5NJLHnmxw": {
          "key": "_8S_eYHnjEDiFR5NJLHnmxw",
          "name": "attribute",
          "type": null,
          "probability": 1,
          "modifiers": [
            "protected"
          ],
          "to_variable": {
            "key": "_YIid83pdEDi7Lbfe-QdWDQ",
            "name": "attribute",
            "type": null,
            "modifiers": [
              "protected"
            ],
            "position": {}
          },
          "position": {}
        },
        "_45Os0HpdEDi7Lbfe-QdWDQ": {
          "key": "_45Os0HpdEDi7Lbfe-QdWDQ",
          "name": "islemId",
          "type": null,
          "probability": 1,
          "modifiers": [
            "public"
          ],
          "to_variable": {
            "key": "_6rsI8HpdEDi7Lbfe-QdWDQ",
            "name": "islemId",
            "type": null,
            "modifiers": [
              "public"
            ],
            "position": {}
          },
          "position": {}
        }
      }
    },
    "fields_to_fields_data_clump-./irsaliye-_aalcQHphEDi7Lbfe-QdWDQ-_fhjWEHphEDi7Lbfe-QdWDQ-idbidontankambalajIdmiktar": {
      "type": "data_clump",
      "key": "fields_to_fields_data_clump-./irsaliye-_aalcQHphEDi7Lbfe-QdWDQ-_fhjWEHphEDi7Lbfe-QdWDQ-idbidontankambalajIdmiktar",
      "probability": 1,
      "from_file_path": "./irsaliye",
      "from_class_or_interface_name": "irsaliye",
      "from_class_or_interface_key": "_aalcQHphEDi7Lbfe-QdWDQ",
      "from_method_name": null,
      "from_method_key": null,
      "to_file_path": "./ambalaj_tipleri",
      "to_class_or_interface_key": "_fhjWEHphEDi7Lbfe-QdWDQ",
      "to_class_or_interface_name": "irsaliye",
      "to_method_key": null,
      "to_method_name": null,
      "data_clump_type": "fields_to_fields_data_clump",
      "data_clump_data": {
        "_aamDUHphEDi7Lbfe-QdWDQ": {
          "key": "_aamDUHphEDi7Lbfe-QdWDQ",
          "name": "id",
          "type": null,
          "probability": 1,
          "modifiers": [
            "public"
          ],
          "to_variable": {
            "key": "_fhj9InphEDi7Lbfe-QdWDQ",
            "name": "id",
            "type": null,
            "modifiers": [
              "public"
            ],
            "position": {}
          },
          "position": {}
        },
        "_aamDUnphEDi7Lbfe-QdWDQ": {
          "key": "_aamDUnphEDi7Lbfe-QdWDQ",
          "name": "bidon",
          "type": null,
          "probability": 1,
          "modifiers": [
            "public"
          ],
          "to_variable": {
            "key": "_fhlyUHphEDi7Lbfe-QdWDQ",
            "name": "bidon",
            "type": null,
            "modifiers": [
              "public"
            ],
            "position": {}
          },
          "position": {}
        },
        "_aamDU3phEDi7Lbfe-QdWDQ": {
          "key": "_aamDU3phEDi7Lbfe-QdWDQ",
          "name": "tank",
          "type": null,
          "probability": 1,
          "modifiers": [
            "public"
          ],
          "to_variable": {
            "key": "_fhlyUXphEDi7Lbfe-QdWDQ",
            "name": "tank",
            "type": null,
            "modifiers": [
              "public"
            ],
            "position": {}
          },
          "position": {}
        },
        "_aamDVHphEDi7Lbfe-QdWDQ": {
          "key": "_aamDVHphEDi7Lbfe-QdWDQ",
          "name": "ambalajId",
          "type": null,
          "probability": 1,
          "modifiers": [
            "public"
          ],
          "to_variable": {
            "key": "_fhlyUnphEDi7Lbfe-QdWDQ",
            "name": "ambalajId",
            "type": null,
            "modifiers": [
              "public"
            ],
            "position": {}
          },
          "position": {}
        },
        "_aamDVXphEDi7Lbfe-QdWDQ": {
          "key": "_aamDVXphEDi7Lbfe-QdWDQ",
          "name": "miktar",
          "type": null,
          "probability": 1,
          "modifiers": [
            "public"
          ],
          "to_variable": {
            "key": "_fhmZYHphEDi7Lbfe-QdWDQ",
            "name": "miktar",
            "type": null,
            "modifiers": [
              "public"
            ],
            "position": {}
          },
          "position": {}
        }
      }
    },
    "fields_to_fields_data_clump-./irsaliye-_aalcQHphEDi7Lbfe-QdWDQ-_keixUHpdEDi7Lbfe-QdWDQ-idbidontank": {
      "type": "data_clump",
      "key": "fields_to_fields_data_clump-./irsaliye-_aalcQHphEDi7Lbfe-QdWDQ-_keixUHpdEDi7Lbfe-QdWDQ-idbidontank",
      "probability": 1,
      "from_file_path": "./irsaliye",
      "from_class_or_interface_name": "irsaliye",
      "from_class_or_interface_key": "_aalcQHphEDi7Lbfe-QdWDQ",
      "from_method_name": null,
      "from_method_key": null,
      "to_file_path": "./firmalar",
      "to_class_or_interface_key": "_keixUHpdEDi7Lbfe-QdWDQ",
      "to_class_or_interface_name": "irsaliye",
      "to_method_key": null,
      "to_method_name": null,
      "data_clump_type": "fields_to_fields_data_clump",
      "data_clump_data": {
        "_aamDUHphEDi7Lbfe-QdWDQ": {
          "key": "_aamDUHphEDi7Lbfe-QdWDQ",
          "name": "id",
          "type": null,
          "probability": 1,
          "modifiers": [
            "public"
          ],
          "to_variable": {
            "key": "_kejYYHpdEDi7Lbfe-QdWDQ",
            "name": "id",
            "type": null,
            "modifiers": [
              "public"
            ],
            "position": {}
          },
          "position": {}
        },
        "_aamDUnphEDi7Lbfe-QdWDQ": {
          "key": "_aamDUnphEDi7Lbfe-QdWDQ",
          "name": "bidon",
          "type": null,
          "probability": 1,
          "modifiers": [
            "public"
          ],
          "to_variable": {
            "key": "_kej_cXpdEDi7Lbfe-QdWDQ",
            "name": "bidon",
            "type": null,
            "modifiers": [
              "public"
            ],
            "position": {}
          },
          "position": {}
        },
        "_aamDU3phEDi7Lbfe-QdWDQ": {
          "key": "_aamDU3phEDi7Lbfe-QdWDQ",
          "name": "tank",
          "type": null,
          "probability": 1,
          "modifiers": [
            "public"
          ],
          "to_variable": {
            "key": "_kekmgHpdEDi7Lbfe-QdWDQ",
            "name": "tank",
            "type": null,
            "modifiers": [
              "public"
            ],
            "position": {}
          },
          "position": {}
        }
      }
    },
    "fields_to_fields_data_clump-./irsaliye-_aalcQHphEDi7Lbfe-QdWDQ-_k1RScHphEDi7Lbfe-QdWDQ-idfirmaIdbidontankambalajIdmiktar": {
      "type": "data_clump",
      "key": "fields_to_fields_data_clump-./irsaliye-_aalcQHphEDi7Lbfe-QdWDQ-_k1RScHphEDi7Lbfe-QdWDQ-idfirmaIdbidontankambalajIdmiktar",
      "probability": 1,
      "from_file_path": "./irsaliye",
      "from_class_or_interface_name": "irsaliye",
      "from_class_or_interface_key": "_aalcQHphEDi7Lbfe-QdWDQ",
      "from_method_name": null,
      "from_method_key": null,
      "to_file_path": "./irsaliye_detay",
      "to_class_or_interface_key": "_k1RScHphEDi7Lbfe-QdWDQ",
      "to_class_or_interface_name": "irsaliye",
      "to_method_key": null,
      "to_method_name": null,
      "data_clump_type": "fields_to_fields_data_clump",
      "data_clump_data": {
        "_aamDUHphEDi7Lbfe-QdWDQ": {
          "key": "_aamDUHphEDi7Lbfe-QdWDQ",
          "name": "id",
          "type": null,
          "probability": 1,
          "modifiers": [
            "public"
          ],
          "to_variable": {
            "key": "_k1R5gnphEDi7Lbfe-QdWDQ",
            "name": "id",
            "type": null,
            "modifiers": [
              "public"
            ],
            "position": {}
          },
          "position": {}
        },
        "_aamDUXphEDi7Lbfe-QdWDQ": {
          "key": "_aamDUXphEDi7Lbfe-QdWDQ",
          "name": "firmaId",
          "type": null,
          "probability": 1,
          "modifiers": [
            "public"
          ],
          "to_variable": {
            "key": "_k1R5g3phEDi7Lbfe-QdWDQ",
            "name": "firmaId",
            "type": null,
            "modifiers": [
              "public"
            ],
            "position": {}
          },
          "position": {}
        },
        "_aamDUnphEDi7Lbfe-QdWDQ": {
          "key": "_aamDUnphEDi7Lbfe-QdWDQ",
          "name": "bidon",
          "type": null,
          "probability": 1,
          "modifiers": [
            "public"
          ],
          "to_variable": {
            "key": "_k1R5hHphEDi7Lbfe-QdWDQ",
            "name": "bidon",
            "type": null,
            "modifiers": [
              "public"
            ],
            "position": {}
          },
          "position": {}
        },
        "_aamDU3phEDi7Lbfe-QdWDQ": {
          "key": "_aamDU3phEDi7Lbfe-QdWDQ",
          "name": "tank",
          "type": null,
          "probability": 1,
          "modifiers": [
            "public"
          ],
          "to_variable": {
            "key": "_k1R5hXphEDi7Lbfe-QdWDQ",
            "name": "tank",
            "type": null,
            "modifiers": [
              "public"
            ],
            "position": {}
          },
          "position": {}
        },
        "_aamDVHphEDi7Lbfe-QdWDQ": {
          "key": "_aamDVHphEDi7Lbfe-QdWDQ",
          "name": "ambalajId",
          "type": null,
          "probability": 1,
          "modifiers": [
            "public"
          ],
          "to_variable": {
            "key": "_k1R5hnphEDi7Lbfe-QdWDQ",
            "name": "ambalajId",
            "type": null,
            "modifiers": [
              "public"
            ],
            "position": {}
          },
          "position": {}
        },
        "_aamDVXphEDi7Lbfe-QdWDQ": {
          "key": "_aamDVXphEDi7Lbfe-QdWDQ",
          "name": "miktar",
          "type": null,
          "probability": 1,
          "modifiers": [
            "public"
          ],
          "to_variable": {
            "key": "_k1SgkHphEDi7Lbfe-QdWDQ",
            "name": "miktar",
            "type": null,
            "modifiers": [
              "public"
            ],
            "position": {}
          },
          "position": {}
        }
      }
    },
    "fields_to_fields_data_clump-./irsaliye-_aalcQHphEDi7Lbfe-QdWDQ-_pu54IHnjEDiFR5NJLHnmxw-idbidontank": {
      "type": "data_clump",
      "key": "fields_to_fields_data_clump-./irsaliye-_aalcQHphEDi7Lbfe-QdWDQ-_pu54IHnjEDiFR5NJLHnmxw-idbidontank",
      "probability": 1,
      "from_file_path": "./irsaliye",
      "from_class_or_interface_name": "irsaliye",
      "from_class_or_interface_key": "_aalcQHphEDi7Lbfe-QdWDQ",
      "from_method_name": null,
      "from_method_key": null,
      "to_file_path": "./islemler",
      "to_class_or_interface_key": "_pu54IHnjEDiFR5NJLHnmxw",
      "to_class_or_interface_name": "irsaliye",
      "to_method_key": null,
      "to_method_name": null,
      "data_clump_type": "fields_to_fields_data_clump",
      "data_clump_data": {
        "_aamDUHphEDi7Lbfe-QdWDQ": {
          "key": "_aamDUHphEDi7Lbfe-QdWDQ",
          "name": "id",
          "type": null,
          "probability": 1,
          "modifiers": [
            "public"
          ],
          "to_variable": {
            "key": "_pu6fMHnjEDiFR5NJLHnmxw",
            "name": "id",
            "type": null,
            "modifiers": [
              "public"
            ],
            "position": {}
          },
          "position": {}
        },
        "_aamDUnphEDi7Lbfe-QdWDQ": {
          "key": "_aamDUnphEDi7Lbfe-QdWDQ",
          "name": "bidon",
          "type": null,
          "probability": 1,
          "modifiers": [
            "public"
          ],
          "to_variable": {
            "key": "_pu7GQXnjEDiFR5NJLHnmxw",
            "name": "bidon",
            "type": null,
            "modifiers": [
              "public"
            ],
            "position": {}
          },
          "position": {}
        },
        "_aamDU3phEDi7Lbfe-QdWDQ": {
          "key": "_aamDU3phEDi7Lbfe-QdWDQ",
          "name": "tank",
          "type": null,
          "probability": 1,
          "modifiers": [
            "public"
          ],
          "to_variable": {
            "key": "_pu7GQnnjEDiFR5NJLHnmxw",
            "name": "tank",
            "type": null,
            "modifiers": [
              "public"
            ],
            "position": {}
          },
          "position": {}
        }
      }
    },
    "fields_to_fields_data_clump-./irsaliye-_aalcQHphEDi7Lbfe-QdWDQ-_fV6EAHnjEDiFR5NJLHnmxw-idbidontank": {
      "type": "data_clump",
      "key": "fields_to_fields_data_clump-./irsaliye-_aalcQHphEDi7Lbfe-QdWDQ-_fV6EAHnjEDiFR5NJLHnmxw-idbidontank",
      "probability": 1,
      "from_file_path": "./irsaliye",
      "from_class_or_interface_name": "irsaliye",
      "from_class_or_interface_key": "_aalcQHphEDi7Lbfe-QdWDQ",
      "from_method_name": null,
      "from_method_key": null,
      "to_file_path": "./teslimAlinan",
      "to_class_or_interface_key": "_fV6EAHnjEDiFR5NJLHnmxw",
      "to_class_or_interface_name": "irsaliye",
      "to_method_key": null,
      "to_method_name": null,
      "data_clump_type": "fields_to_fields_data_clump",
      "data_clump_data": {
        "_aamDUHphEDi7Lbfe-QdWDQ": {
          "key": "_aamDUHphEDi7Lbfe-QdWDQ",
          "name": "id",
          "type": null,
          "probability": 1,
          "modifiers": [
            "public"
          ],
          "to_variable": {
            "key": "_gqpCUXnjEDiFR5NJLHnmxw",
            "name": "id",
            "type": null,
            "modifiers": [
              "public"
            ],
            "position": {}
          },
          "position": {}
        },
        "_aamDUnphEDi7Lbfe-QdWDQ": {
          "key": "_aamDUnphEDi7Lbfe-QdWDQ",
          "name": "bidon",
          "type": null,
          "probability": 1,
          "modifiers": [
            "public"
          ],
          "to_variable": {
            "key": "_kLU60HnjEDiFR5NJLHnmxw",
            "name": "bidon",
            "type": null,
            "modifiers": [
              "public"
            ],
            "position": {}
          },
          "position": {}
        },
        "_aamDU3phEDi7Lbfe-QdWDQ": {
          "key": "_aamDU3phEDi7Lbfe-QdWDQ",
          "name": "tank",
          "type": null,
          "probability": 1,
          "modifiers": [
            "public"
          ],
          "to_variable": {
            "key": "_lyAkwXnjEDiFR5NJLHnmxw",
            "name": "tank",
            "type": null,
            "modifiers": [
              "public"
            ],
            "position": {}
          },
          "position": {}
        }
      }
    },
    "fields_to_fields_data_clump-./irsaliye_detay-_k1RScHphEDi7Lbfe-QdWDQ-_fhjWEHphEDi7Lbfe-QdWDQ-idbidontankambalajIdmiktar": {
      "type": "data_clump",
      "key": "fields_to_fields_data_clump-./irsaliye_detay-_k1RScHphEDi7Lbfe-QdWDQ-_fhjWEHphEDi7Lbfe-QdWDQ-idbidontankambalajIdmiktar",
      "probability": 1,
      "from_file_path": "./irsaliye_detay",
      "from_class_or_interface_name": "irsaliye_detay",
      "from_class_or_interface_key": "_k1RScHphEDi7Lbfe-QdWDQ",
      "from_method_name": null,
      "from_method_key": null,
      "to_file_path": "./ambalaj_tipleri",
      "to_class_or_interface_key": "_fhjWEHphEDi7Lbfe-QdWDQ",
      "to_class_or_interface_name": "irsaliye_detay",
      "to_method_key": null,
      "to_method_name": null,
      "data_clump_type": "fields_to_fields_data_clump",
      "data_clump_data": {
        "_k1R5gnphEDi7Lbfe-QdWDQ": {
          "key": "_k1R5gnphEDi7Lbfe-QdWDQ",
          "name": "id",
          "type": null,
          "probability": 1,
          "modifiers": [
            "public"
          ],
          "to_variable": {
            "key": "_fhj9InphEDi7Lbfe-QdWDQ",
            "name": "id",
            "type": null,
            "modifiers": [
              "public"
            ],
            "position": {}
          },
          "position": {}
        },
        "_k1R5hHphEDi7Lbfe-QdWDQ": {
          "key": "_k1R5hHphEDi7Lbfe-QdWDQ",
          "name": "bidon",
          "type": null,
          "probability": 1,
          "modifiers": [
            "public"
          ],
          "to_variable": {
            "key": "_fhlyUHphEDi7Lbfe-QdWDQ",
            "name": "bidon",
            "type": null,
            "modifiers": [
              "public"
            ],
            "position": {}
          },
          "position": {}
        },
        "_k1R5hXphEDi7Lbfe-QdWDQ": {
          "key": "_k1R5hXphEDi7Lbfe-QdWDQ",
          "name": "tank",
          "type": null,
          "probability": 1,
          "modifiers": [
            "public"
          ],
          "to_variable": {
            "key": "_fhlyUXphEDi7Lbfe-QdWDQ",
            "name": "tank",
            "type": null,
            "modifiers": [
              "public"
            ],
            "position": {}
          },
          "position": {}
        },
        "_k1R5hnphEDi7Lbfe-QdWDQ": {
          "key": "_k1R5hnphEDi7Lbfe-QdWDQ",
          "name": "ambalajId",
          "type": null,
          "probability": 1,
          "modifiers": [
            "public"
          ],
          "to_variable": {
            "key": "_fhlyUnphEDi7Lbfe-QdWDQ",
            "name": "ambalajId",
            "type": null,
            "modifiers": [
              "public"
            ],
            "position": {}
          },
          "position": {}
        },
        "_k1SgkHphEDi7Lbfe-QdWDQ": {
          "key": "_k1SgkHphEDi7Lbfe-QdWDQ",
          "name": "miktar",
          "type": null,
          "probability": 1,
          "modifiers": [
            "public"
          ],
          "to_variable": {
            "key": "_fhmZYHphEDi7Lbfe-QdWDQ",
            "name": "miktar",
            "type": null,
            "modifiers": [
              "public"
            ],
            "position": {}
          },
          "position": {}
        }
      }
    },
    "fields_to_fields_data_clump-./irsaliye_detay-_k1RScHphEDi7Lbfe-QdWDQ-_keixUHpdEDi7Lbfe-QdWDQ-idbidontank": {
      "type": "data_clump",
      "key": "fields_to_fields_data_clump-./irsaliye_detay-_k1RScHphEDi7Lbfe-QdWDQ-_keixUHpdEDi7Lbfe-QdWDQ-idbidontank",
      "probability": 1,
      "from_file_path": "./irsaliye_detay",
      "from_class_or_interface_name": "irsaliye_detay",
      "from_class_or_interface_key": "_k1RScHphEDi7Lbfe-QdWDQ",
      "from_method_name": null,
      "from_method_key": null,
      "to_file_path": "./firmalar",
      "to_class_or_interface_key": "_keixUHpdEDi7Lbfe-QdWDQ",
      "to_class_or_interface_name": "irsaliye_detay",
      "to_method_key": null,
      "to_method_name": null,
      "data_clump_type": "fields_to_fields_data_clump",
      "data_clump_data": {
        "_k1R5gnphEDi7Lbfe-QdWDQ": {
          "key": "_k1R5gnphEDi7Lbfe-QdWDQ",
          "name": "id",
          "type": null,
          "probability": 1,
          "modifiers": [
            "public"
          ],
          "to_variable": {
            "key": "_kejYYHpdEDi7Lbfe-QdWDQ",
            "name": "id",
            "type": null,
            "modifiers": [
              "public"
            ],
            "position": {}
          },
          "position": {}
        },
        "_k1R5hHphEDi7Lbfe-QdWDQ": {
          "key": "_k1R5hHphEDi7Lbfe-QdWDQ",
          "name": "bidon",
          "type": null,
          "probability": 1,
          "modifiers": [
            "public"
          ],
          "to_variable": {
            "key": "_kej_cXpdEDi7Lbfe-QdWDQ",
            "name": "bidon",
            "type": null,
            "modifiers": [
              "public"
            ],
            "position": {}
          },
          "position": {}
        },
        "_k1R5hXphEDi7Lbfe-QdWDQ": {
          "key": "_k1R5hXphEDi7Lbfe-QdWDQ",
          "name": "tank",
          "type": null,
          "probability": 1,
          "modifiers": [
            "public"
          ],
          "to_variable": {
            "key": "_kekmgHpdEDi7Lbfe-QdWDQ",
            "name": "tank",
            "type": null,
            "modifiers": [
              "public"
            ],
            "position": {}
          },
          "position": {}
        }
      }
    },
    "fields_to_fields_data_clump-./irsaliye_detay-_k1RScHphEDi7Lbfe-QdWDQ-_aalcQHphEDi7Lbfe-QdWDQ-idfirmaIdbidontankambalajIdmiktar": {
      "type": "data_clump",
      "key": "fields_to_fields_data_clump-./irsaliye_detay-_k1RScHphEDi7Lbfe-QdWDQ-_aalcQHphEDi7Lbfe-QdWDQ-idfirmaIdbidontankambalajIdmiktar",
      "probability": 1,
      "from_file_path": "./irsaliye_detay",
      "from_class_or_interface_name": "irsaliye_detay",
      "from_class_or_interface_key": "_k1RScHphEDi7Lbfe-QdWDQ",
      "from_method_name": null,
      "from_method_key": null,
      "to_file_path": "./irsaliye",
      "to_class_or_interface_key": "_aalcQHphEDi7Lbfe-QdWDQ",
      "to_class_or_interface_name": "irsaliye_detay",
      "to_method_key": null,
      "to_method_name": null,
      "data_clump_type": "fields_to_fields_data_clump",
      "data_clump_data": {
        "_k1R5gnphEDi7Lbfe-QdWDQ": {
          "key": "_k1R5gnphEDi7Lbfe-QdWDQ",
          "name": "id",
          "type": null,
          "probability": 1,
          "modifiers": [
            "public"
          ],
          "to_variable": {
            "key": "_aamDUHphEDi7Lbfe-QdWDQ",
            "name": "id",
            "type": null,
            "modifiers": [
              "public"
            ],
            "position": {}
          },
          "position": {}
        },
        "_k1R5g3phEDi7Lbfe-QdWDQ": {
          "key": "_k1R5g3phEDi7Lbfe-QdWDQ",
          "name": "firmaId",
          "type": null,
          "probability": 1,
          "modifiers": [
            "public"
          ],
          "to_variable": {
            "key": "_aamDUXphEDi7Lbfe-QdWDQ",
            "name": "firmaId",
            "type": null,
            "modifiers": [
              "public"
            ],
            "position": {}
          },
          "position": {}
        },
        "_k1R5hHphEDi7Lbfe-QdWDQ": {
          "key": "_k1R5hHphEDi7Lbfe-QdWDQ",
          "name": "bidon",
          "type": null,
          "probability": 1,
          "modifiers": [
            "public"
          ],
          "to_variable": {
            "key": "_aamDUnphEDi7Lbfe-QdWDQ",
            "name": "bidon",
            "type": null,
            "modifiers": [
              "public"
            ],
            "position": {}
          },
          "position": {}
        },
        "_k1R5hXphEDi7Lbfe-QdWDQ": {
          "key": "_k1R5hXphEDi7Lbfe-QdWDQ",
          "name": "tank",
          "type": null,
          "probability": 1,
          "modifiers": [
            "public"
          ],
          "to_variable": {
            "key": "_aamDU3phEDi7Lbfe-QdWDQ",
            "name": "tank",
            "type": null,
            "modifiers": [
              "public"
            ],
            "position": {}
          },
          "position": {}
        },
        "_k1R5hnphEDi7Lbfe-QdWDQ": {
          "key": "_k1R5hnphEDi7Lbfe-QdWDQ",
          "name": "ambalajId",
          "type": null,
          "probability": 1,
          "modifiers": [
            "public"
          ],
          "to_variable": {
            "key": "_aamDVHphEDi7Lbfe-QdWDQ",
            "name": "ambalajId",
            "type": null,
            "modifiers": [
              "public"
            ],
            "position": {}
          },
          "position": {}
        },
        "_k1SgkHphEDi7Lbfe-QdWDQ": {
          "key": "_k1SgkHphEDi7Lbfe-QdWDQ",
          "name": "miktar",
          "type": null,
          "probability": 1,
          "modifiers": [
            "public"
          ],
          "to_variable": {
            "key": "_aamDVXphEDi7Lbfe-QdWDQ",
            "name": "miktar",
            "type": null,
            "modifiers": [
              "public"
            ],
            "position": {}
          },
          "position": {}
        }
      }
    },
    "fields_to_fields_data_clump-./irsaliye_detay-_k1RScHphEDi7Lbfe-QdWDQ-_pu54IHnjEDiFR5NJLHnmxw-idbidontank": {
      "type": "data_clump",
      "key": "fields_to_fields_data_clump-./irsaliye_detay-_k1RScHphEDi7Lbfe-QdWDQ-_pu54IHnjEDiFR5NJLHnmxw-idbidontank",
      "probability": 1,
      "from_file_path": "./irsaliye_detay",
      "from_class_or_interface_name": "irsaliye_detay",
      "from_class_or_interface_key": "_k1RScHphEDi7Lbfe-QdWDQ",
      "from_method_name": null,
      "from_method_key": null,
      "to_file_path": "./islemler",
      "to_class_or_interface_key": "_pu54IHnjEDiFR5NJLHnmxw",
      "to_class_or_interface_name": "irsaliye_detay",
      "to_method_key": null,
      "to_method_name": null,
      "data_clump_type": "fields_to_fields_data_clump",
      "data_clump_data": {
        "_k1R5gnphEDi7Lbfe-QdWDQ": {
          "key": "_k1R5gnphEDi7Lbfe-QdWDQ",
          "name": "id",
          "type": null,
          "probability": 1,
          "modifiers": [
            "public"
          ],
          "to_variable": {
            "key": "_pu6fMHnjEDiFR5NJLHnmxw",
            "name": "id",
            "type": null,
            "modifiers": [
              "public"
            ],
            "position": {}
          },
          "position": {}
        },
        "_k1R5hHphEDi7Lbfe-QdWDQ": {
          "key": "_k1R5hHphEDi7Lbfe-QdWDQ",
          "name": "bidon",
          "type": null,
          "probability": 1,
          "modifiers": [
            "public"
          ],
          "to_variable": {
            "key": "_pu7GQXnjEDiFR5NJLHnmxw",
            "name": "bidon",
            "type": null,
            "modifiers": [
              "public"
            ],
            "position": {}
          },
          "position": {}
        },
        "_k1R5hXphEDi7Lbfe-QdWDQ": {
          "key": "_k1R5hXphEDi7Lbfe-QdWDQ",
          "name": "tank",
          "type": null,
          "probability": 1,
          "modifiers": [
            "public"
          ],
          "to_variable": {
            "key": "_pu7GQnnjEDiFR5NJLHnmxw",
            "name": "tank",
            "type": null,
            "modifiers": [
              "public"
            ],
            "position": {}
          },
          "position": {}
        }
      }
    },
    "fields_to_fields_data_clump-./irsaliye_detay-_k1RScHphEDi7Lbfe-QdWDQ-_fV6EAHnjEDiFR5NJLHnmxw-idbidontank": {
      "type": "data_clump",
      "key": "fields_to_fields_data_clump-./irsaliye_detay-_k1RScHphEDi7Lbfe-QdWDQ-_fV6EAHnjEDiFR5NJLHnmxw-idbidontank",
      "probability": 1,
      "from_file_path": "./irsaliye_detay",
      "from_class_or_interface_name": "irsaliye_detay",
      "from_class_or_interface_key": "_k1RScHphEDi7Lbfe-QdWDQ",
      "from_method_name": null,
      "from_method_key": null,
      "to_file_path": "./teslimAlinan",
      "to_class_or_interface_key": "_fV6EAHnjEDiFR5NJLHnmxw",
      "to_class_or_interface_name": "irsaliye_detay",
      "to_method_key": null,
      "to_method_name": null,
      "data_clump_type": "fields_to_fields_data_clump",
      "data_clump_data": {
        "_k1R5gnphEDi7Lbfe-QdWDQ": {
          "key": "_k1R5gnphEDi7Lbfe-QdWDQ",
          "name": "id",
          "type": null,
          "probability": 1,
          "modifiers": [
            "public"
          ],
          "to_variable": {
            "key": "_gqpCUXnjEDiFR5NJLHnmxw",
            "name": "id",
            "type": null,
            "modifiers": [
              "public"
            ],
            "position": {}
          },
          "position": {}
        },
        "_k1R5hHphEDi7Lbfe-QdWDQ": {
          "key": "_k1R5hHphEDi7Lbfe-QdWDQ",
          "name": "bidon",
          "type": null,
          "probability": 1,
          "modifiers": [
            "public"
          ],
          "to_variable": {
            "key": "_kLU60HnjEDiFR5NJLHnmxw",
            "name": "bidon",
            "type": null,
            "modifiers": [
              "public"
            ],
            "position": {}
          },
          "position": {}
        },
        "_k1R5hXphEDi7Lbfe-QdWDQ": {
          "key": "_k1R5hXphEDi7Lbfe-QdWDQ",
          "name": "tank",
          "type": null,
          "probability": 1,
          "modifiers": [
            "public"
          ],
          "to_variable": {
            "key": "_lyAkwXnjEDiFR5NJLHnmxw",
            "name": "tank",
            "type": null,
            "modifiers": [
              "public"
            ],
            "position": {}
          },
          "position": {}
        }
      }
    },
    "fields_to_fields_data_clump-./islemler-_pu54IHnjEDiFR5NJLHnmxw-_fhjWEHphEDi7Lbfe-QdWDQ-idbidontank": {
      "type": "data_clump",
      "key": "fields_to_fields_data_clump-./islemler-_pu54IHnjEDiFR5NJLHnmxw-_fhjWEHphEDi7Lbfe-QdWDQ-idbidontank",
      "probability": 1,
      "from_file_path": "./islemler",
      "from_class_or_interface_name": "islemler",
      "from_class_or_interface_key": "_pu54IHnjEDiFR5NJLHnmxw",
      "from_method_name": null,
      "from_method_key": null,
      "to_file_path": "./ambalaj_tipleri",
      "to_class_or_interface_key": "_fhjWEHphEDi7Lbfe-QdWDQ",
      "to_class_or_interface_name": "islemler",
      "to_method_key": null,
      "to_method_name": null,
      "data_clump_type": "fields_to_fields_data_clump",
      "data_clump_data": {
        "_pu6fMHnjEDiFR5NJLHnmxw": {
          "key": "_pu6fMHnjEDiFR5NJLHnmxw",
          "name": "id",
          "type": null,
          "probability": 1,
          "modifiers": [
            "public"
          ],
          "to_variable": {
            "key": "_fhj9InphEDi7Lbfe-QdWDQ",
            "name": "id",
            "type": null,
            "modifiers": [
              "public"
            ],
            "position": {}
          },
          "position": {}
        },
        "_pu7GQXnjEDiFR5NJLHnmxw": {
          "key": "_pu7GQXnjEDiFR5NJLHnmxw",
          "name": "bidon",
          "type": null,
          "probability": 1,
          "modifiers": [
            "public"
          ],
          "to_variable": {
            "key": "_fhlyUHphEDi7Lbfe-QdWDQ",
            "name": "bidon",
            "type": null,
            "modifiers": [
              "public"
            ],
            "position": {}
          },
          "position": {}
        },
        "_pu7GQnnjEDiFR5NJLHnmxw": {
          "key": "_pu7GQnnjEDiFR5NJLHnmxw",
          "name": "tank",
          "type": null,
          "probability": 1,
          "modifiers": [
            "public"
          ],
          "to_variable": {
            "key": "_fhlyUXphEDi7Lbfe-QdWDQ",
            "name": "tank",
            "type": null,
            "modifiers": [
              "public"
            ],
            "position": {}
          },
          "position": {}
        }
      }
    },
    "fields_to_fields_data_clump-./islemler-_pu54IHnjEDiFR5NJLHnmxw-_keixUHpdEDi7Lbfe-QdWDQ-idbidontank": {
      "type": "data_clump",
      "key": "fields_to_fields_data_clump-./islemler-_pu54IHnjEDiFR5NJLHnmxw-_keixUHpdEDi7Lbfe-QdWDQ-idbidontank",
      "probability": 1,
      "from_file_path": "./islemler",
      "from_class_or_interface_name": "islemler",
      "from_class_or_interface_key": "_pu54IHnjEDiFR5NJLHnmxw",
      "from_method_name": null,
      "from_method_key": null,
      "to_file_path": "./firmalar",
      "to_class_or_interface_key": "_keixUHpdEDi7Lbfe-QdWDQ",
      "to_class_or_interface_name": "islemler",
      "to_method_key": null,
      "to_method_name": null,
      "data_clump_type": "fields_to_fields_data_clump",
      "data_clump_data": {
        "_pu6fMHnjEDiFR5NJLHnmxw": {
          "key": "_pu6fMHnjEDiFR5NJLHnmxw",
          "name": "id",
          "type": null,
          "probability": 1,
          "modifiers": [
            "public"
          ],
          "to_variable": {
            "key": "_kejYYHpdEDi7Lbfe-QdWDQ",
            "name": "id",
            "type": null,
            "modifiers": [
              "public"
            ],
            "position": {}
          },
          "position": {}
        },
        "_pu7GQXnjEDiFR5NJLHnmxw": {
          "key": "_pu7GQXnjEDiFR5NJLHnmxw",
          "name": "bidon",
          "type": null,
          "probability": 1,
          "modifiers": [
            "public"
          ],
          "to_variable": {
            "key": "_kej_cXpdEDi7Lbfe-QdWDQ",
            "name": "bidon",
            "type": null,
            "modifiers": [
              "public"
            ],
            "position": {}
          },
          "position": {}
        },
        "_pu7GQnnjEDiFR5NJLHnmxw": {
          "key": "_pu7GQnnjEDiFR5NJLHnmxw",
          "name": "tank",
          "type": null,
          "probability": 1,
          "modifiers": [
            "public"
          ],
          "to_variable": {
            "key": "_kekmgHpdEDi7Lbfe-QdWDQ",
            "name": "tank",
            "type": null,
            "modifiers": [
              "public"
            ],
            "position": {}
          },
          "position": {}
        }
      }
    },
    "fields_to_fields_data_clump-./islemler-_pu54IHnjEDiFR5NJLHnmxw-_aalcQHphEDi7Lbfe-QdWDQ-idbidontank": {
      "type": "data_clump",
      "key": "fields_to_fields_data_clump-./islemler-_pu54IHnjEDiFR5NJLHnmxw-_aalcQHphEDi7Lbfe-QdWDQ-idbidontank",
      "probability": 1,
      "from_file_path": "./islemler",
      "from_class_or_interface_name": "islemler",
      "from_class_or_interface_key": "_pu54IHnjEDiFR5NJLHnmxw",
      "from_method_name": null,
      "from_method_key": null,
      "to_file_path": "./irsaliye",
      "to_class_or_interface_key": "_aalcQHphEDi7Lbfe-QdWDQ",
      "to_class_or_interface_name": "islemler",
      "to_method_key": null,
      "to_method_name": null,
      "data_clump_type": "fields_to_fields_data_clump",
      "data_clump_data": {
        "_pu6fMHnjEDiFR5NJLHnmxw": {
          "key": "_pu6fMHnjEDiFR5NJLHnmxw",
          "name": "id",
          "type": null,
          "probability": 1,
          "modifiers": [
            "public"
          ],
          "to_variable": {
            "key": "_aamDUHphEDi7Lbfe-QdWDQ",
            "name": "id",
            "type": null,
            "modifiers": [
              "public"
            ],
            "position": {}
          },
          "position": {}
        },
        "_pu7GQXnjEDiFR5NJLHnmxw": {
          "key": "_pu7GQXnjEDiFR5NJLHnmxw",
          "name": "bidon",
          "type": null,
          "probability": 1,
          "modifiers": [
            "public"
          ],
          "to_variable": {
            "key": "_aamDUnphEDi7Lbfe-QdWDQ",
            "name": "bidon",
            "type": null,
            "modifiers": [
              "public"
            ],
            "position": {}
          },
          "position": {}
        },
        "_pu7GQnnjEDiFR5NJLHnmxw": {
          "key": "_pu7GQnnjEDiFR5NJLHnmxw",
          "name": "tank",
          "type": null,
          "probability": 1,
          "modifiers": [
            "public"
          ],
          "to_variable": {
            "key": "_aamDU3phEDi7Lbfe-QdWDQ",
            "name": "tank",
            "type": null,
            "modifiers": [
              "public"
            ],
            "position": {}
          },
          "position": {}
        }
      }
    },
    "fields_to_fields_data_clump-./islemler-_pu54IHnjEDiFR5NJLHnmxw-_k1RScHphEDi7Lbfe-QdWDQ-idbidontank": {
      "type": "data_clump",
      "key": "fields_to_fields_data_clump-./islemler-_pu54IHnjEDiFR5NJLHnmxw-_k1RScHphEDi7Lbfe-QdWDQ-idbidontank",
      "probability": 1,
      "from_file_path": "./islemler",
      "from_class_or_interface_name": "islemler",
      "from_class_or_interface_key": "_pu54IHnjEDiFR5NJLHnmxw",
      "from_method_name": null,
      "from_method_key": null,
      "to_file_path": "./irsaliye_detay",
      "to_class_or_interface_key": "_k1RScHphEDi7Lbfe-QdWDQ",
      "to_class_or_interface_name": "islemler",
      "to_method_key": null,
      "to_method_name": null,
      "data_clump_type": "fields_to_fields_data_clump",
      "data_clump_data": {
        "_pu6fMHnjEDiFR5NJLHnmxw": {
          "key": "_pu6fMHnjEDiFR5NJLHnmxw",
          "name": "id",
          "type": null,
          "probability": 1,
          "modifiers": [
            "public"
          ],
          "to_variable": {
            "key": "_k1R5gnphEDi7Lbfe-QdWDQ",
            "name": "id",
            "type": null,
            "modifiers": [
              "public"
            ],
            "position": {}
          },
          "position": {}
        },
        "_pu7GQXnjEDiFR5NJLHnmxw": {
          "key": "_pu7GQXnjEDiFR5NJLHnmxw",
          "name": "bidon",
          "type": null,
          "probability": 1,
          "modifiers": [
            "public"
          ],
          "to_variable": {
            "key": "_k1R5hHphEDi7Lbfe-QdWDQ",
            "name": "bidon",
            "type": null,
            "modifiers": [
              "public"
            ],
            "position": {}
          },
          "position": {}
        },
        "_pu7GQnnjEDiFR5NJLHnmxw": {
          "key": "_pu7GQnnjEDiFR5NJLHnmxw",
          "name": "tank",
          "type": null,
          "probability": 1,
          "modifiers": [
            "public"
          ],
          "to_variable": {
            "key": "_k1R5hXphEDi7Lbfe-QdWDQ",
            "name": "tank",
            "type": null,
            "modifiers": [
              "public"
            ],
            "position": {}
          },
          "position": {}
        }
      }
    },
    "fields_to_fields_data_clump-./islemler-_pu54IHnjEDiFR5NJLHnmxw-_fV6EAHnjEDiFR5NJLHnmxw-idvarilbidontank": {
      "type": "data_clump",
      "key": "fields_to_fields_data_clump-./islemler-_pu54IHnjEDiFR5NJLHnmxw-_fV6EAHnjEDiFR5NJLHnmxw-idvarilbidontank",
      "probability": 1,
      "from_file_path": "./islemler",
      "from_class_or_interface_name": "islemler",
      "from_class_or_interface_key": "_pu54IHnjEDiFR5NJLHnmxw",
      "from_method_name": null,
      "from_method_key": null,
      "to_file_path": "./teslimAlinan",
      "to_class_or_interface_key": "_fV6EAHnjEDiFR5NJLHnmxw",
      "to_class_or_interface_name": "islemler",
      "to_method_key": null,
      "to_method_name": null,
      "data_clump_type": "fields_to_fields_data_clump",
      "data_clump_data": {
        "_pu6fMHnjEDiFR5NJLHnmxw": {
          "key": "_pu6fMHnjEDiFR5NJLHnmxw",
          "name": "id",
          "type": null,
          "probability": 1,
          "modifiers": [
            "public"
          ],
          "to_variable": {
            "key": "_gqpCUXnjEDiFR5NJLHnmxw",
            "name": "id",
            "type": null,
            "modifiers": [
              "public"
            ],
            "position": {}
          },
          "position": {}
        },
        "_pu7GQHnjEDiFR5NJLHnmxw": {
          "key": "_pu7GQHnjEDiFR5NJLHnmxw",
          "name": "varil",
          "type": null,
          "probability": 1,
          "modifiers": [
            "public"
          ],
          "to_variable": {
            "key": "_iktiUXnjEDiFR5NJLHnmxw",
            "name": "varil",
            "type": null,
            "modifiers": [
              "public"
            ],
            "position": {}
          },
          "position": {}
        },
        "_pu7GQXnjEDiFR5NJLHnmxw": {
          "key": "_pu7GQXnjEDiFR5NJLHnmxw",
          "name": "bidon",
          "type": null,
          "probability": 1,
          "modifiers": [
            "public"
          ],
          "to_variable": {
            "key": "_kLU60HnjEDiFR5NJLHnmxw",
            "name": "bidon",
            "type": null,
            "modifiers": [
              "public"
            ],
            "position": {}
          },
          "position": {}
        },
        "_pu7GQnnjEDiFR5NJLHnmxw": {
          "key": "_pu7GQnnjEDiFR5NJLHnmxw",
          "name": "tank",
          "type": null,
          "probability": 1,
          "modifiers": [
            "public"
          ],
          "to_variable": {
            "key": "_lyAkwXnjEDiFR5NJLHnmxw",
            "name": "tank",
            "type": null,
            "modifiers": [
              "public"
            ],
            "position": {}
          },
          "position": {}
        }
      }
    },
    "fields_to_fields_data_clump-./teslimAlinan-_fV6EAHnjEDiFR5NJLHnmxw-_fhjWEHphEDi7Lbfe-QdWDQ-idbidontank": {
      "type": "data_clump",
      "key": "fields_to_fields_data_clump-./teslimAlinan-_fV6EAHnjEDiFR5NJLHnmxw-_fhjWEHphEDi7Lbfe-QdWDQ-idbidontank",
      "probability": 1,
      "from_file_path": "./teslimAlinan",
      "from_class_or_interface_name": "teslimAlinan",
      "from_class_or_interface_key": "_fV6EAHnjEDiFR5NJLHnmxw",
      "from_method_name": null,
      "from_method_key": null,
      "to_file_path": "./ambalaj_tipleri",
      "to_class_or_interface_key": "_fhjWEHphEDi7Lbfe-QdWDQ",
      "to_class_or_interface_name": "teslimAlinan",
      "to_method_key": null,
      "to_method_name": null,
      "data_clump_type": "fields_to_fields_data_clump",
      "data_clump_data": {
        "_gqpCUXnjEDiFR5NJLHnmxw": {
          "key": "_gqpCUXnjEDiFR5NJLHnmxw",
          "name": "id",
          "type": null,
          "probability": 1,
          "modifiers": [
            "public"
          ],
          "to_variable": {
            "key": "_fhj9InphEDi7Lbfe-QdWDQ",
            "name": "id",
            "type": null,
            "modifiers": [
              "public"
            ],
            "position": {}
          },
          "position": {}
        },
        "_kLU60HnjEDiFR5NJLHnmxw": {
          "key": "_kLU60HnjEDiFR5NJLHnmxw",
          "name": "bidon",
          "type": null,
          "probability": 1,
          "modifiers": [
            "public"
          ],
          "to_variable": {
            "key": "_fhlyUHphEDi7Lbfe-QdWDQ",
            "name": "bidon",
            "type": null,
            "modifiers": [
              "public"
            ],
            "position": {}
          },
          "position": {}
        },
        "_lyAkwXnjEDiFR5NJLHnmxw": {
          "key": "_lyAkwXnjEDiFR5NJLHnmxw",
          "name": "tank",
          "type": null,
          "probability": 1,
          "modifiers": [
            "public"
          ],
          "to_variable": {
            "key": "_fhlyUXphEDi7Lbfe-QdWDQ",
            "name": "tank",
            "type": null,
            "modifiers": [
              "public"
            ],
            "position": {}
          },
          "position": {}
        }
      }
    },
    "fields_to_fields_data_clump-./teslimAlinan-_fV6EAHnjEDiFR5NJLHnmxw-_keixUHpdEDi7Lbfe-QdWDQ-idbidontank": {
      "type": "data_clump",
      "key": "fields_to_fields_data_clump-./teslimAlinan-_fV6EAHnjEDiFR5NJLHnmxw-_keixUHpdEDi7Lbfe-QdWDQ-idbidontank",
      "probability": 1,
      "from_file_path": "./teslimAlinan",
      "from_class_or_interface_name": "teslimAlinan",
      "from_class_or_interface_key": "_fV6EAHnjEDiFR5NJLHnmxw",
      "from_method_name": null,
      "from_method_key": null,
      "to_file_path": "./firmalar",
      "to_class_or_interface_key": "_keixUHpdEDi7Lbfe-QdWDQ",
      "to_class_or_interface_name": "teslimAlinan",
      "to_method_key": null,
      "to_method_name": null,
      "data_clump_type": "fields_to_fields_data_clump",
      "data_clump_data": {
        "_gqpCUXnjEDiFR5NJLHnmxw": {
          "key": "_gqpCUXnjEDiFR5NJLHnmxw",
          "name": "id",
          "type": null,
          "probability": 1,
          "modifiers": [
            "public"
          ],
          "to_variable": {
            "key": "_kejYYHpdEDi7Lbfe-QdWDQ",
            "name": "id",
            "type": null,
            "modifiers": [
              "public"
            ],
            "position": {}
          },
          "position": {}
        },
        "_kLU60HnjEDiFR5NJLHnmxw": {
          "key": "_kLU60HnjEDiFR5NJLHnmxw",
          "name": "bidon",
          "type": null,
          "probability": 1,
          "modifiers": [
            "public"
          ],
          "to_variable": {
            "key": "_kej_cXpdEDi7Lbfe-QdWDQ",
            "name": "bidon",
            "type": null,
            "modifiers": [
              "public"
            ],
            "position": {}
          },
          "position": {}
        },
        "_lyAkwXnjEDiFR5NJLHnmxw": {
          "key": "_lyAkwXnjEDiFR5NJLHnmxw",
          "name": "tank",
          "type": null,
          "probability": 1,
          "modifiers": [
            "public"
          ],
          "to_variable": {
            "key": "_kekmgHpdEDi7Lbfe-QdWDQ",
            "name": "tank",
            "type": null,
            "modifiers": [
              "public"
            ],
            "position": {}
          },
          "position": {}
        }
      }
    },
    "fields_to_fields_data_clump-./teslimAlinan-_fV6EAHnjEDiFR5NJLHnmxw-_aalcQHphEDi7Lbfe-QdWDQ-idbidontank": {
      "type": "data_clump",
      "key": "fields_to_fields_data_clump-./teslimAlinan-_fV6EAHnjEDiFR5NJLHnmxw-_aalcQHphEDi7Lbfe-QdWDQ-idbidontank",
      "probability": 1,
      "from_file_path": "./teslimAlinan",
      "from_class_or_interface_name": "teslimAlinan",
      "from_class_or_interface_key": "_fV6EAHnjEDiFR5NJLHnmxw",
      "from_method_name": null,
      "from_method_key": null,
      "to_file_path": "./irsaliye",
      "to_class_or_interface_key": "_aalcQHphEDi7Lbfe-QdWDQ",
      "to_class_or_interface_name": "teslimAlinan",
      "to_method_key": null,
      "to_method_name": null,
      "data_clump_type": "fields_to_fields_data_clump",
      "data_clump_data": {
        "_gqpCUXnjEDiFR5NJLHnmxw": {
          "key": "_gqpCUXnjEDiFR5NJLHnmxw",
          "name": "id",
          "type": null,
          "probability": 1,
          "modifiers": [
            "public"
          ],
          "to_variable": {
            "key": "_aamDUHphEDi7Lbfe-QdWDQ",
            "name": "id",
            "type": null,
            "modifiers": [
              "public"
            ],
            "position": {}
          },
          "position": {}
        },
        "_kLU60HnjEDiFR5NJLHnmxw": {
          "key": "_kLU60HnjEDiFR5NJLHnmxw",
          "name": "bidon",
          "type": null,
          "probability": 1,
          "modifiers": [
            "public"
          ],
          "to_variable": {
            "key": "_aamDUnphEDi7Lbfe-QdWDQ",
            "name": "bidon",
            "type": null,
            "modifiers": [
              "public"
            ],
            "position": {}
          },
          "position": {}
        },
        "_lyAkwXnjEDiFR5NJLHnmxw": {
          "key": "_lyAkwXnjEDiFR5NJLHnmxw",
          "name": "tank",
          "type": null,
          "probability": 1,
          "modifiers": [
            "public"
          ],
          "to_variable": {
            "key": "_aamDU3phEDi7Lbfe-QdWDQ",
            "name": "tank",
            "type": null,
            "modifiers": [
              "public"
            ],
            "position": {}
          },
          "position": {}
        }
      }
    },
    "fields_to_fields_data_clump-./teslimAlinan-_fV6EAHnjEDiFR5NJLHnmxw-_k1RScHphEDi7Lbfe-QdWDQ-idbidontank": {
      "type": "data_clump",
      "key": "fields_to_fields_data_clump-./teslimAlinan-_fV6EAHnjEDiFR5NJLHnmxw-_k1RScHphEDi7Lbfe-QdWDQ-idbidontank",
      "probability": 1,
      "from_file_path": "./teslimAlinan",
      "from_class_or_interface_name": "teslimAlinan",
      "from_class_or_interface_key": "_fV6EAHnjEDiFR5NJLHnmxw",
      "from_method_name": null,
      "from_method_key": null,
      "to_file_path": "./irsaliye_detay",
      "to_class_or_interface_key": "_k1RScHphEDi7Lbfe-QdWDQ",
      "to_class_or_interface_name": "teslimAlinan",
      "to_method_key": null,
      "to_method_name": null,
      "data_clump_type": "fields_to_fields_data_clump",
      "data_clump_data": {
        "_gqpCUXnjEDiFR5NJLHnmxw": {
          "key": "_gqpCUXnjEDiFR5NJLHnmxw",
          "name": "id",
          "type": null,
          "probability": 1,
          "modifiers": [
            "public"
          ],
          "to_variable": {
            "key": "_k1R5gnphEDi7Lbfe-QdWDQ",
            "name": "id",
            "type": null,
            "modifiers": [
              "public"
            ],
            "position": {}
          },
          "position": {}
        },
        "_kLU60HnjEDiFR5NJLHnmxw": {
          "key": "_kLU60HnjEDiFR5NJLHnmxw",
          "name": "bidon",
          "type": null,
          "probability": 1,
          "modifiers": [
            "public"
          ],
          "to_variable": {
            "key": "_k1R5hHphEDi7Lbfe-QdWDQ",
            "name": "bidon",
            "type": null,
            "modifiers": [
              "public"
            ],
            "position": {}
          },
          "position": {}
        },
        "_lyAkwXnjEDiFR5NJLHnmxw": {
          "key": "_lyAkwXnjEDiFR5NJLHnmxw",
          "name": "tank",
          "type": null,
          "probability": 1,
          "modifiers": [
            "public"
          ],
          "to_variable": {
            "key": "_k1R5hXphEDi7Lbfe-QdWDQ",
            "name": "tank",
            "type": null,
            "modifiers": [
              "public"
            ],
            "position": {}
          },
          "position": {}
        }
      }
    },
    "fields_to_fields_data_clump-./teslimAlinan-_fV6EAHnjEDiFR5NJLHnmxw-_pu54IHnjEDiFR5NJLHnmxw-idvarilbidontank": {
      "type": "data_clump",
      "key": "fields_to_fields_data_clump-./teslimAlinan-_fV6EAHnjEDiFR5NJLHnmxw-_pu54IHnjEDiFR5NJLHnmxw-idvarilbidontank",
      "probability": 1,
      "from_file_path": "./teslimAlinan",
      "from_class_or_interface_name": "teslimAlinan",
      "from_class_or_interface_key": "_fV6EAHnjEDiFR5NJLHnmxw",
      "from_method_name": null,
      "from_method_key": null,
      "to_file_path": "./islemler",
      "to_class_or_interface_key": "_pu54IHnjEDiFR5NJLHnmxw",
      "to_class_or_interface_name": "teslimAlinan",
      "to_method_key": null,
      "to_method_name": null,
      "data_clump_type": "fields_to_fields_data_clump",
      "data_clump_data": {
        "_gqpCUXnjEDiFR5NJLHnmxw": {
          "key": "_gqpCUXnjEDiFR5NJLHnmxw",
          "name": "id",
          "type": null,
          "probability": 1,
          "modifiers": [
            "public"
          ],
          "to_variable": {
            "key": "_pu6fMHnjEDiFR5NJLHnmxw",
            "name": "id",
            "type": null,
            "modifiers": [
              "public"
            ],
            "position": {}
          },
          "position": {}
        },
        "_iktiUXnjEDiFR5NJLHnmxw": {
          "key": "_iktiUXnjEDiFR5NJLHnmxw",
          "name": "varil",
          "type": null,
          "probability": 1,
          "modifiers": [
            "public"
          ],
          "to_variable": {
            "key": "_pu7GQHnjEDiFR5NJLHnmxw",
            "name": "varil",
            "type": null,
            "modifiers": [
              "public"
            ],
            "position": {}
          },
          "position": {}
        },
        "_kLU60HnjEDiFR5NJLHnmxw": {
          "key": "_kLU60HnjEDiFR5NJLHnmxw",
          "name": "bidon",
          "type": null,
          "probability": 1,
          "modifiers": [
            "public"
          ],
          "to_variable": {
            "key": "_pu7GQXnjEDiFR5NJLHnmxw",
            "name": "bidon",
            "type": null,
            "modifiers": [
              "public"
            ],
            "position": {}
          },
          "position": {}
        },
        "_lyAkwXnjEDiFR5NJLHnmxw": {
          "key": "_lyAkwXnjEDiFR5NJLHnmxw",
          "name": "tank",
          "type": null,
          "probability": 1,
          "modifiers": [
            "public"
          ],
          "to_variable": {
            "key": "_pu7GQnnjEDiFR5NJLHnmxw",
            "name": "tank",
            "type": null,
            "modifiers": [
              "public"
            ],
            "position": {}
          },
          "position": {}
        }
      }
    }
  }
}