{
  "report_version": "unknown",
  "report_timestamp": "2025-03-26T21:53:39.694Z",
  "target_language": "java",
  "report_summary": {
    "additional": null,
    "amount_classes_or_interfaces_with_data_clumps": 1,
    "amount_files_with_data_clumps": 1,
    "amount_methods_with_data_clumps": 2,
    "fields_to_fields_data_clump": 0,
    "parameters_to_fields_data_clump": 0,
    "parameters_to_parameters_data_clump": 2,
    "amount_data_clumps": 2
  },
  "project_info": {
    "project_url": "unknown_project_url",
    "project_name": "_Gsu2kP_1Eeq_35Z1GKTxtw",
    "project_version": "unknown_project_version",
    "project_commit_hash": "unknown",
    "project_tag": null,
    "project_commit_date": null,
    "additional": {},
    "number_of_files": 8,
    "number_of_classes_or_interfaces": 8,
    "number_of_methods": 17,
    "number_of_data_fields": 10,
    "number_of_method_parameters": 17
  },
  "detector": {
    "name": "data-clumps-doctor",
    "url": "https://github.com/NilsBaumgartner1994/data-clumps-doctor",
    "version": "0.1.100",
    "options": {
      "typeVariablesConsidered": false,
      "similarityModifierOfVariablesWithUnknownType": 0,
      "fieldsOfClassesWithUnknownHierarchyProbabilityModifier": 0,
      "sharedFieldsToFieldsAmountMinimum": 3,
      "analyseFieldsInClassesOrInterfacesInheritedFromSuperClassesOrInterfaces": false,
      "sharedParametersToParametersAmountMinimum": 3,
      "sharedParametersToFieldsAmountMinimum": 3,
      "methodsOfClassesOrInterfacesWithUnknownHierarchyProbabilityModifier": 0
    }
  },
  "data_clumps": {
    "parameters_to_parameters_data_clump-./Controller-_GswsE__1Eeq_35Z1GKTxtw-_GswsGv_1Eeq_35Z1GKTxtw-rowcolnumItems": {
      "type": "data_clump",
      "key": "parameters_to_parameters_data_clump-./Controller-_GswsE__1Eeq_35Z1GKTxtw-_GswsGv_1Eeq_35Z1GKTxtw-rowcolnumItems",
      "probability": 1,
      "from_file_path": "./Controller",
      "from_class_or_interface_name": "Controller",
      "from_class_or_interface_key": "_GswsCf_1Eeq_35Z1GKTxtw",
      "from_method_name": "addItems",
      "from_method_key": "_GswsE__1Eeq_35Z1GKTxtw",
      "to_file_path": "./Controller",
      "to_class_or_interface_name": "Controller",
      "to_class_or_interface_key": "_GswsCf_1Eeq_35Z1GKTxtw",
      "to_method_name": "removeItems",
      "to_method_key": "_GswsGv_1Eeq_35Z1GKTxtw",
      "data_clump_type": "parameters_to_parameters_data_clump",
      "data_clump_data": {
        "_GswsF__1Eeq_35Z1GKTxtw": {
          "key": "_GswsF__1Eeq_35Z1GKTxtw",
          "name": "row",
          "type": null,
          "probability": 1,
          "modifiers": [],
          "to_variable": {
            "key": "_GswsHP_1Eeq_35Z1GKTxtw",
            "name": "row",
            "type": null,
            "modifiers": [],
            "position": {}
          },
          "position": {}
        },
        "_GswsGP_1Eeq_35Z1GKTxtw": {
          "key": "_GswsGP_1Eeq_35Z1GKTxtw",
          "name": "col",
          "type": null,
          "probability": 1,
          "modifiers": [],
          "to_variable": {
            "key": "_GswsHf_1Eeq_35Z1GKTxtw",
            "name": "col",
            "type": null,
            "modifiers": [],
            "position": {}
          },
          "position": {}
        },
        "_GswsGf_1Eeq_35Z1GKTxtw": {
          "key": "_GswsGf_1Eeq_35Z1GKTxtw",
          "name": "numItems",
          "type": null,
          "probability": 1,
          "modifiers": [],
          "to_variable": {
            "key": "_GswsHv_1Eeq_35Z1GKTxtw",
            "name": "numItems",
            "type": null,
            "modifiers": [],
            "position": {}
          },
          "position": {}
        }
      }
    },
    "parameters_to_parameters_data_clump-./Controller-_GswsGv_1Eeq_35Z1GKTxtw-_GswsE__1Eeq_35Z1GKTxtw-rowcolnumItems": {
      "type": "data_clump",
      "key": "parameters_to_parameters_data_clump-./Controller-_GswsGv_1Eeq_35Z1GKTxtw-_GswsE__1Eeq_35Z1GKTxtw-rowcolnumItems",
      "probability": 1,
      "from_file_path": "./Controller",
      "from_class_or_interface_name": "Controller",
      "from_class_or_interface_key": "_GswsCf_1Eeq_35Z1GKTxtw",
      "from_method_name": "removeItems",
      "from_method_key": "_GswsGv_1Eeq_35Z1GKTxtw",
      "to_file_path": "./Controller",
      "to_class_or_interface_name": "Controller",
      "to_class_or_interface_key": "_GswsCf_1Eeq_35Z1GKTxtw",
      "to_method_name": "addItems",
      "to_method_key": "_GswsE__1Eeq_35Z1GKTxtw",
      "data_clump_type": "parameters_to_parameters_data_clump",
      "data_clump_data": {
        "_GswsHP_1Eeq_35Z1GKTxtw": {
          "key": "_GswsHP_1Eeq_35Z1GKTxtw",
          "name": "row",
          "type": null,
          "probability": 1,
          "modifiers": [],
          "to_variable": {
            "key": "_GswsF__1Eeq_35Z1GKTxtw",
            "name": "row",
            "type": null,
            "modifiers": [],
            "position": {}
          },
          "position": {}
        },
        "_GswsHf_1Eeq_35Z1GKTxtw": {
          "key": "_GswsHf_1Eeq_35Z1GKTxtw",
          "name": "col",
          "type": null,
          "probability": 1,
          "modifiers": [],
          "to_variable": {
            "key": "_GswsGP_1Eeq_35Z1GKTxtw",
            "name": "col",
            "type": null,
            "modifiers": [],
            "position": {}
          },
          "position": {}
        },
        "_GswsHv_1Eeq_35Z1GKTxtw": {
          "key": "_GswsHv_1Eeq_35Z1GKTxtw",
          "name": "numItems",
          "type": null,
          "probability": 1,
          "modifiers": [],
          "to_variable": {
            "key": "_GswsGf_1Eeq_35Z1GKTxtw",
            "name": "numItems",
            "type": null,
            "modifiers": [],
            "position": {}
          },
          "position": {}
        }
      }
    }
  }
}