{
  "report_version": "unknown",
  "report_timestamp": "2025-03-26T23:03:51.126Z",
  "target_language": "java",
  "report_summary": {
    "additional": null,
    "amount_classes_or_interfaces_with_data_clumps": 2,
    "amount_files_with_data_clumps": 2,
    "amount_methods_with_data_clumps": 0,
    "fields_to_fields_data_clump": 2,
    "parameters_to_fields_data_clump": 0,
    "parameters_to_parameters_data_clump": 0,
    "amount_data_clumps": 2
  },
  "project_info": {
    "project_url": "unknown_project_url",
    "project_name": "_hIMBEF3CEe2ck8ytUMEi6A",
    "project_version": "unknown_project_version",
    "project_commit_hash": "unknown",
    "project_tag": null,
    "project_commit_date": null,
    "additional": {},
    "number_of_files": 10,
    "number_of_classes_or_interfaces": 10,
    "number_of_methods": 11,
    "number_of_data_fields": 45,
    "number_of_method_parameters": 0
  },
  "detector": {
    "name": "data-clumps-doctor",
    "url": "https://github.com/NilsBaumgartner1994/data-clumps-doctor",
    "version": "0.1.100",
    "options": {
      "typeVariablesConsidered": false,
      "similarityModifierOfVariablesWithUnknownType": 0,
      "fieldsOfClassesWithUnknownHierarchyProbabilityModifier": 0,
      "sharedFieldsToFieldsAmountMinimum": 3,
      "analyseFieldsInClassesOrInterfacesInheritedFromSuperClassesOrInterfaces": false,
      "sharedParametersToParametersAmountMinimum": 3,
      "sharedParametersToFieldsAmountMinimum": 3,
      "methodsOfClassesOrInterfacesWithUnknownHierarchyProbabilityModifier": 0
    }
  },
  "data_clumps": {
    "fields_to_fields_data_clump-./Footballclub-_3829gEAHEDu6h_4As3AWZw-_CbI6QEAIEDu6h_4As3AWZw-NamePresidentMoneyAmmountLogo": {
      "type": "data_clump",
      "key": "fields_to_fields_data_clump-./Footballclub-_3829gEAHEDu6h_4As3AWZw-_CbI6QEAIEDu6h_4As3AWZw-NamePresidentMoneyAmmountLogo",
      "probability": 1,
      "from_file_path": "./Footballclub",
      "from_class_or_interface_name": "Footballclub",
      "from_class_or_interface_key": "_3829gEAHEDu6h_4As3AWZw",
      "from_method_name": null,
      "from_method_key": null,
      "to_file_path": "./Team",
      "to_class_or_interface_key": "_CbI6QEAIEDu6h_4As3AWZw",
      "to_class_or_interface_name": "Footballclub",
      "to_method_key": null,
      "to_method_name": null,
      "data_clump_type": "fields_to_fields_data_clump",
      "data_clump_data": {
        "_7Fuy8EAHEDu6h_4As3AWZw": {
          "key": "_7Fuy8EAHEDu6h_4As3AWZw",
          "name": "Name",
          "type": null,
          "probability": 1,
          "modifiers": [
            "public"
          ],
          "to_variable": {
            "key": "_D4gQUEAtEDu6h_4As3AWZw",
            "name": "Name",
            "type": null,
            "modifiers": [
              "public"
            ],
            "position": {}
          },
          "position": {}
        },
        "_99lJ0EAHEDu6h_4As3AWZw": {
          "key": "_99lJ0EAHEDu6h_4As3AWZw",
          "name": "President",
          "type": null,
          "probability": 1,
          "modifiers": [
            "public"
          ],
          "to_variable": {
            "key": "_iuLToEpXEDuFrv5SVL78lA",
            "name": "President",
            "type": null,
            "modifiers": [
              "public"
            ],
            "position": {}
          },
          "position": {}
        },
        "_xciugEAwEDu6h_4As3AWZw": {
          "key": "_xciugEAwEDu6h_4As3AWZw",
          "name": "MoneyAmmount",
          "type": null,
          "probability": 1,
          "modifiers": [
            "private"
          ],
          "to_variable": {
            "key": "_k0qfAEpXEDuFrv5SVL78lA",
            "name": "MoneyAmmount",
            "type": null,
            "modifiers": [
              "private"
            ],
            "position": {}
          },
          "position": {}
        },
        "_OCdUIEAzEDu6h_4As3AWZw": {
          "key": "_OCdUIEAzEDu6h_4As3AWZw",
          "name": "Logo",
          "type": null,
          "probability": 1,
          "modifiers": [
            "public"
          ],
          "to_variable": {
            "key": "_l783MEpXEDuFrv5SVL78lA",
            "name": "Logo",
            "type": null,
            "modifiers": [
              "public"
            ],
            "position": {}
          },
          "position": {}
        }
      }
    },
    "fields_to_fields_data_clump-./Team-_CbI6QEAIEDu6h_4As3AWZw-_3829gEAHEDu6h_4As3AWZw-NameMoneyAmmountPresidentLogo": {
      "type": "data_clump",
      "key": "fields_to_fields_data_clump-./Team-_CbI6QEAIEDu6h_4As3AWZw-_3829gEAHEDu6h_4As3AWZw-NameMoneyAmmountPresidentLogo",
      "probability": 1,
      "from_file_path": "./Team",
      "from_class_or_interface_name": "Team",
      "from_class_or_interface_key": "_CbI6QEAIEDu6h_4As3AWZw",
      "from_method_name": null,
      "from_method_key": null,
      "to_file_path": "./Footballclub",
      "to_class_or_interface_key": "_3829gEAHEDu6h_4As3AWZw",
      "to_class_or_interface_name": "Team",
      "to_method_key": null,
      "to_method_name": null,
      "data_clump_type": "fields_to_fields_data_clump",
      "data_clump_data": {
        "_D4gQUEAtEDu6h_4As3AWZw": {
          "key": "_D4gQUEAtEDu6h_4As3AWZw",
          "name": "Name",
          "type": null,
          "probability": 1,
          "modifiers": [
            "public"
          ],
          "to_variable": {
            "key": "_7Fuy8EAHEDu6h_4As3AWZw",
            "name": "Name",
            "type": null,
            "modifiers": [
              "public"
            ],
            "position": {}
          },
          "position": {}
        },
        "_k0qfAEpXEDuFrv5SVL78lA": {
          "key": "_k0qfAEpXEDuFrv5SVL78lA",
          "name": "MoneyAmmount",
          "type": null,
          "probability": 1,
          "modifiers": [
            "private"
          ],
          "to_variable": {
            "key": "_xciugEAwEDu6h_4As3AWZw",
            "name": "MoneyAmmount",
            "type": null,
            "modifiers": [
              "private"
            ],
            "position": {}
          },
          "position": {}
        },
        "_iuLToEpXEDuFrv5SVL78lA": {
          "key": "_iuLToEpXEDuFrv5SVL78lA",
          "name": "President",
          "type": null,
          "probability": 1,
          "modifiers": [
            "public"
          ],
          "to_variable": {
            "key": "_99lJ0EAHEDu6h_4As3AWZw",
            "name": "President",
            "type": null,
            "modifiers": [
              "public"
            ],
            "position": {}
          },
          "position": {}
        },
        "_l783MEpXEDuFrv5SVL78lA": {
          "key": "_l783MEpXEDuFrv5SVL78lA",
          "name": "Logo",
          "type": null,
          "probability": 1,
          "modifiers": [
            "public"
          ],
          "to_variable": {
            "key": "_OCdUIEAzEDu6h_4As3AWZw",
            "name": "Logo",
            "type": null,
            "modifiers": [
              "public"
            ],
            "position": {}
          },
          "position": {}
        }
      }
    }
  }
}