{
  "report_version": "unknown",
  "report_timestamp": "2025-03-26T22:34:17.782Z",
  "target_language": "java",
  "report_summary": {
    "additional": null,
    "amount_classes_or_interfaces_with_data_clumps": 3,
    "amount_files_with_data_clumps": 3,
    "amount_methods_with_data_clumps": 0,
    "fields_to_fields_data_clump": 6,
    "parameters_to_fields_data_clump": 0,
    "parameters_to_parameters_data_clump": 0,
    "amount_data_clumps": 6
  },
  "project_info": {
    "project_url": "unknown_project_url",
    "project_name": "_P2yzUDPzEeuxZMUIY-ihGw",
    "project_version": "unknown_project_version",
    "project_commit_hash": "unknown",
    "project_tag": null,
    "project_commit_date": null,
    "additional": {},
    "number_of_files": 7,
    "number_of_classes_or_interfaces": 7,
    "number_of_methods": 33,
    "number_of_data_fields": 25,
    "number_of_method_parameters": 0
  },
  "detector": {
    "name": "data-clumps-doctor",
    "url": "https://github.com/NilsBaumgartner1994/data-clumps-doctor",
    "version": "0.1.100",
    "options": {
      "typeVariablesConsidered": false,
      "similarityModifierOfVariablesWithUnknownType": 0,
      "fieldsOfClassesWithUnknownHierarchyProbabilityModifier": 0,
      "sharedFieldsToFieldsAmountMinimum": 3,
      "analyseFieldsInClassesOrInterfacesInheritedFromSuperClassesOrInterfaces": false,
      "sharedParametersToParametersAmountMinimum": 3,
      "sharedParametersToFieldsAmountMinimum": 3,
      "methodsOfClassesOrInterfacesWithUnknownHierarchyProbabilityModifier": 0
    }
  },
  "data_clumps": {
    "fields_to_fields_data_clump-./PostgraduateStudent-_I6RZ5hYiEDmLY7xx5ucTWg-_I6O9ohYiEDmLY7xx5ucTWg-StudentidStudentNameStudentemailSpecialization": {
      "type": "data_clump",
      "key": "fields_to_fields_data_clump-./PostgraduateStudent-_I6RZ5hYiEDmLY7xx5ucTWg-_I6O9ohYiEDmLY7xx5ucTWg-StudentidStudentNameStudentemailSpecialization",
      "probability": 1,
      "from_file_path": "./PostgraduateStudent",
      "from_class_or_interface_name": "PostgraduateStudent",
      "from_class_or_interface_key": "_I6RZ5hYiEDmLY7xx5ucTWg",
      "from_method_name": null,
      "from_method_key": null,
      "to_file_path": "./Student",
      "to_class_or_interface_key": "_I6O9ohYiEDmLY7xx5ucTWg",
      "to_class_or_interface_name": "PostgraduateStudent",
      "to_method_key": null,
      "to_method_name": null,
      "data_clump_type": "fields_to_fields_data_clump",
      "data_clump_data": {
        "_I6SA8RYiEDmLY7xx5ucTWg": {
          "key": "_I6SA8RYiEDmLY7xx5ucTWg",
          "name": "Studentid",
          "type": null,
          "probability": 1,
          "modifiers": [],
          "to_variable": {
            "key": "_I6PksBYiEDmLY7xx5ucTWg",
            "name": "Studentid",
            "type": null,
            "modifiers": [],
            "position": {}
          },
          "position": {}
        },
        "_I6T2IBYiEDmLY7xx5ucTWg": {
          "key": "_I6T2IBYiEDmLY7xx5ucTWg",
          "name": "StudentName",
          "type": null,
          "probability": 1,
          "modifiers": [],
          "to_variable": {
            "key": "_I6PksRYiEDmLY7xx5ucTWg",
            "name": "StudentName",
            "type": null,
            "modifiers": [],
            "position": {}
          },
          "position": {}
        },
        "_I6T2IRYiEDmLY7xx5ucTWg": {
          "key": "_I6T2IRYiEDmLY7xx5ucTWg",
          "name": "Studentemail",
          "type": null,
          "probability": 1,
          "modifiers": [],
          "to_variable": {
            "key": "_I6PkshYiEDmLY7xx5ucTWg",
            "name": "Studentemail",
            "type": null,
            "modifiers": [],
            "position": {}
          },
          "position": {}
        },
        "_I6T2IhYiEDmLY7xx5ucTWg": {
          "key": "_I6T2IhYiEDmLY7xx5ucTWg",
          "name": "Specialization",
          "type": null,
          "probability": 1,
          "modifiers": [],
          "to_variable": {
            "key": "_I6QLwRYiEDmLY7xx5ucTWg",
            "name": "Specialization",
            "type": null,
            "modifiers": [],
            "position": {}
          },
          "position": {}
        }
      }
    },
    "fields_to_fields_data_clump-./PostgraduateStudent-_I6RZ5hYiEDmLY7xx5ucTWg-_I6VrUBYiEDmLY7xx5ucTWg-StudentidStudentNameStudentemailSpecializationCompletedStudyHours": {
      "type": "data_clump",
      "key": "fields_to_fields_data_clump-./PostgraduateStudent-_I6RZ5hYiEDmLY7xx5ucTWg-_I6VrUBYiEDmLY7xx5ucTWg-StudentidStudentNameStudentemailSpecializationCompletedStudyHours",
      "probability": 1,
      "from_file_path": "./PostgraduateStudent",
      "from_class_or_interface_name": "PostgraduateStudent",
      "from_class_or_interface_key": "_I6RZ5hYiEDmLY7xx5ucTWg",
      "from_method_name": null,
      "from_method_key": null,
      "to_file_path": "./UndergraduateStudent",
      "to_class_or_interface_key": "_I6VrUBYiEDmLY7xx5ucTWg",
      "to_class_or_interface_name": "PostgraduateStudent",
      "to_method_key": null,
      "to_method_name": null,
      "data_clump_type": "fields_to_fields_data_clump",
      "data_clump_data": {
        "_I6SA8RYiEDmLY7xx5ucTWg": {
          "key": "_I6SA8RYiEDmLY7xx5ucTWg",
          "name": "Studentid",
          "type": null,
          "probability": 1,
          "modifiers": [],
          "to_variable": {
            "key": "_I6VrUhYiEDmLY7xx5ucTWg",
            "name": "Studentid",
            "type": null,
            "modifiers": [],
            "position": {}
          },
          "position": {}
        },
        "_I6T2IBYiEDmLY7xx5ucTWg": {
          "key": "_I6T2IBYiEDmLY7xx5ucTWg",
          "name": "StudentName",
          "type": null,
          "probability": 1,
          "modifiers": [],
          "to_variable": {
            "key": "_I6WSYBYiEDmLY7xx5ucTWg",
            "name": "StudentName",
            "type": null,
            "modifiers": [],
            "position": {}
          },
          "position": {}
        },
        "_I6T2IRYiEDmLY7xx5ucTWg": {
          "key": "_I6T2IRYiEDmLY7xx5ucTWg",
          "name": "Studentemail",
          "type": null,
          "probability": 1,
          "modifiers": [],
          "to_variable": {
            "key": "_I6WSYRYiEDmLY7xx5ucTWg",
            "name": "Studentemail",
            "type": null,
            "modifiers": [],
            "position": {}
          },
          "position": {}
        },
        "_I6T2IhYiEDmLY7xx5ucTWg": {
          "key": "_I6T2IhYiEDmLY7xx5ucTWg",
          "name": "Specialization",
          "type": null,
          "probability": 1,
          "modifiers": [],
          "to_variable": {
            "key": "_I6WSYhYiEDmLY7xx5ucTWg",
            "name": "Specialization",
            "type": null,
            "modifiers": [],
            "position": {}
          },
          "position": {}
        },
        "_I6UdMBYiEDmLY7xx5ucTWg": {
          "key": "_I6UdMBYiEDmLY7xx5ucTWg",
          "name": "CompletedStudyHours",
          "type": null,
          "probability": 1,
          "modifiers": [],
          "to_variable": {
            "key": "_I6W5cBYiEDmLY7xx5ucTWg",
            "name": "CompletedStudyHours",
            "type": null,
            "modifiers": [],
            "position": {}
          },
          "position": {}
        }
      }
    },
    "fields_to_fields_data_clump-./Student-_I6O9ohYiEDmLY7xx5ucTWg-_I6RZ5hYiEDmLY7xx5ucTWg-StudentidStudentNameStudentemailSpecialization": {
      "type": "data_clump",
      "key": "fields_to_fields_data_clump-./Student-_I6O9ohYiEDmLY7xx5ucTWg-_I6RZ5hYiEDmLY7xx5ucTWg-StudentidStudentNameStudentemailSpecialization",
      "probability": 1,
      "from_file_path": "./Student",
      "from_class_or_interface_name": "Student",
      "from_class_or_interface_key": "_I6O9ohYiEDmLY7xx5ucTWg",
      "from_method_name": null,
      "from_method_key": null,
      "to_file_path": "./PostgraduateStudent",
      "to_class_or_interface_key": "_I6RZ5hYiEDmLY7xx5ucTWg",
      "to_class_or_interface_name": "Student",
      "to_method_key": null,
      "to_method_name": null,
      "data_clump_type": "fields_to_fields_data_clump",
      "data_clump_data": {
        "_I6PksBYiEDmLY7xx5ucTWg": {
          "key": "_I6PksBYiEDmLY7xx5ucTWg",
          "name": "Studentid",
          "type": null,
          "probability": 1,
          "modifiers": [],
          "to_variable": {
            "key": "_I6SA8RYiEDmLY7xx5ucTWg",
            "name": "Studentid",
            "type": null,
            "modifiers": [],
            "position": {}
          },
          "position": {}
        },
        "_I6PksRYiEDmLY7xx5ucTWg": {
          "key": "_I6PksRYiEDmLY7xx5ucTWg",
          "name": "StudentName",
          "type": null,
          "probability": 1,
          "modifiers": [],
          "to_variable": {
            "key": "_I6T2IBYiEDmLY7xx5ucTWg",
            "name": "StudentName",
            "type": null,
            "modifiers": [],
            "position": {}
          },
          "position": {}
        },
        "_I6PkshYiEDmLY7xx5ucTWg": {
          "key": "_I6PkshYiEDmLY7xx5ucTWg",
          "name": "Studentemail",
          "type": null,
          "probability": 1,
          "modifiers": [],
          "to_variable": {
            "key": "_I6T2IRYiEDmLY7xx5ucTWg",
            "name": "Studentemail",
            "type": null,
            "modifiers": [],
            "position": {}
          },
          "position": {}
        },
        "_I6QLwRYiEDmLY7xx5ucTWg": {
          "key": "_I6QLwRYiEDmLY7xx5ucTWg",
          "name": "Specialization",
          "type": null,
          "probability": 1,
          "modifiers": [],
          "to_variable": {
            "key": "_I6T2IhYiEDmLY7xx5ucTWg",
            "name": "Specialization",
            "type": null,
            "modifiers": [],
            "position": {}
          },
          "position": {}
        }
      }
    },
    "fields_to_fields_data_clump-./Student-_I6O9ohYiEDmLY7xx5ucTWg-_I6VrUBYiEDmLY7xx5ucTWg-StudentidStudentNameStudentemailSpecialization": {
      "type": "data_clump",
      "key": "fields_to_fields_data_clump-./Student-_I6O9ohYiEDmLY7xx5ucTWg-_I6VrUBYiEDmLY7xx5ucTWg-StudentidStudentNameStudentemailSpecialization",
      "probability": 1,
      "from_file_path": "./Student",
      "from_class_or_interface_name": "Student",
      "from_class_or_interface_key": "_I6O9ohYiEDmLY7xx5ucTWg",
      "from_method_name": null,
      "from_method_key": null,
      "to_file_path": "./UndergraduateStudent",
      "to_class_or_interface_key": "_I6VrUBYiEDmLY7xx5ucTWg",
      "to_class_or_interface_name": "Student",
      "to_method_key": null,
      "to_method_name": null,
      "data_clump_type": "fields_to_fields_data_clump",
      "data_clump_data": {
        "_I6PksBYiEDmLY7xx5ucTWg": {
          "key": "_I6PksBYiEDmLY7xx5ucTWg",
          "name": "Studentid",
          "type": null,
          "probability": 1,
          "modifiers": [],
          "to_variable": {
            "key": "_I6VrUhYiEDmLY7xx5ucTWg",
            "name": "Studentid",
            "type": null,
            "modifiers": [],
            "position": {}
          },
          "position": {}
        },
        "_I6PksRYiEDmLY7xx5ucTWg": {
          "key": "_I6PksRYiEDmLY7xx5ucTWg",
          "name": "StudentName",
          "type": null,
          "probability": 1,
          "modifiers": [],
          "to_variable": {
            "key": "_I6WSYBYiEDmLY7xx5ucTWg",
            "name": "StudentName",
            "type": null,
            "modifiers": [],
            "position": {}
          },
          "position": {}
        },
        "_I6PkshYiEDmLY7xx5ucTWg": {
          "key": "_I6PkshYiEDmLY7xx5ucTWg",
          "name": "Studentemail",
          "type": null,
          "probability": 1,
          "modifiers": [],
          "to_variable": {
            "key": "_I6WSYRYiEDmLY7xx5ucTWg",
            "name": "Studentemail",
            "type": null,
            "modifiers": [],
            "position": {}
          },
          "position": {}
        },
        "_I6QLwRYiEDmLY7xx5ucTWg": {
          "key": "_I6QLwRYiEDmLY7xx5ucTWg",
          "name": "Specialization",
          "type": null,
          "probability": 1,
          "modifiers": [],
          "to_variable": {
            "key": "_I6WSYhYiEDmLY7xx5ucTWg",
            "name": "Specialization",
            "type": null,
            "modifiers": [],
            "position": {}
          },
          "position": {}
        }
      }
    },
    "fields_to_fields_data_clump-./UndergraduateStudent-_I6VrUBYiEDmLY7xx5ucTWg-_I6RZ5hYiEDmLY7xx5ucTWg-StudentidStudentNameStudentemailSpecializationCompletedStudyHours": {
      "type": "data_clump",
      "key": "fields_to_fields_data_clump-./UndergraduateStudent-_I6VrUBYiEDmLY7xx5ucTWg-_I6RZ5hYiEDmLY7xx5ucTWg-StudentidStudentNameStudentemailSpecializationCompletedStudyHours",
      "probability": 1,
      "from_file_path": "./UndergraduateStudent",
      "from_class_or_interface_name": "UndergraduateStudent",
      "from_class_or_interface_key": "_I6VrUBYiEDmLY7xx5ucTWg",
      "from_method_name": null,
      "from_method_key": null,
      "to_file_path": "./PostgraduateStudent",
      "to_class_or_interface_key": "_I6RZ5hYiEDmLY7xx5ucTWg",
      "to_class_or_interface_name": "UndergraduateStudent",
      "to_method_key": null,
      "to_method_name": null,
      "data_clump_type": "fields_to_fields_data_clump",
      "data_clump_data": {
        "_I6VrUhYiEDmLY7xx5ucTWg": {
          "key": "_I6VrUhYiEDmLY7xx5ucTWg",
          "name": "Studentid",
          "type": null,
          "probability": 1,
          "modifiers": [],
          "to_variable": {
            "key": "_I6SA8RYiEDmLY7xx5ucTWg",
            "name": "Studentid",
            "type": null,
            "modifiers": [],
            "position": {}
          },
          "position": {}
        },
        "_I6WSYBYiEDmLY7xx5ucTWg": {
          "key": "_I6WSYBYiEDmLY7xx5ucTWg",
          "name": "StudentName",
          "type": null,
          "probability": 1,
          "modifiers": [],
          "to_variable": {
            "key": "_I6T2IBYiEDmLY7xx5ucTWg",
            "name": "StudentName",
            "type": null,
            "modifiers": [],
            "position": {}
          },
          "position": {}
        },
        "_I6WSYRYiEDmLY7xx5ucTWg": {
          "key": "_I6WSYRYiEDmLY7xx5ucTWg",
          "name": "Studentemail",
          "type": null,
          "probability": 1,
          "modifiers": [],
          "to_variable": {
            "key": "_I6T2IRYiEDmLY7xx5ucTWg",
            "name": "Studentemail",
            "type": null,
            "modifiers": [],
            "position": {}
          },
          "position": {}
        },
        "_I6WSYhYiEDmLY7xx5ucTWg": {
          "key": "_I6WSYhYiEDmLY7xx5ucTWg",
          "name": "Specialization",
          "type": null,
          "probability": 1,
          "modifiers": [],
          "to_variable": {
            "key": "_I6T2IhYiEDmLY7xx5ucTWg",
            "name": "Specialization",
            "type": null,
            "modifiers": [],
            "position": {}
          },
          "position": {}
        },
        "_I6W5cBYiEDmLY7xx5ucTWg": {
          "key": "_I6W5cBYiEDmLY7xx5ucTWg",
          "name": "CompletedStudyHours",
          "type": null,
          "probability": 1,
          "modifiers": [],
          "to_variable": {
            "key": "_I6UdMBYiEDmLY7xx5ucTWg",
            "name": "CompletedStudyHours",
            "type": null,
            "modifiers": [],
            "position": {}
          },
          "position": {}
        }
      }
    },
    "fields_to_fields_data_clump-./UndergraduateStudent-_I6VrUBYiEDmLY7xx5ucTWg-_I6O9ohYiEDmLY7xx5ucTWg-StudentidStudentNameStudentemailSpecialization": {
      "type": "data_clump",
      "key": "fields_to_fields_data_clump-./UndergraduateStudent-_I6VrUBYiEDmLY7xx5ucTWg-_I6O9ohYiEDmLY7xx5ucTWg-StudentidStudentNameStudentemailSpecialization",
      "probability": 1,
      "from_file_path": "./UndergraduateStudent",
      "from_class_or_interface_name": "UndergraduateStudent",
      "from_class_or_interface_key": "_I6VrUBYiEDmLY7xx5ucTWg",
      "from_method_name": null,
      "from_method_key": null,
      "to_file_path": "./Student",
      "to_class_or_interface_key": "_I6O9ohYiEDmLY7xx5ucTWg",
      "to_class_or_interface_name": "UndergraduateStudent",
      "to_method_key": null,
      "to_method_name": null,
      "data_clump_type": "fields_to_fields_data_clump",
      "data_clump_data": {
        "_I6VrUhYiEDmLY7xx5ucTWg": {
          "key": "_I6VrUhYiEDmLY7xx5ucTWg",
          "name": "Studentid",
          "type": null,
          "probability": 1,
          "modifiers": [],
          "to_variable": {
            "key": "_I6PksBYiEDmLY7xx5ucTWg",
            "name": "Studentid",
            "type": null,
            "modifiers": [],
            "position": {}
          },
          "position": {}
        },
        "_I6WSYBYiEDmLY7xx5ucTWg": {
          "key": "_I6WSYBYiEDmLY7xx5ucTWg",
          "name": "StudentName",
          "type": null,
          "probability": 1,
          "modifiers": [],
          "to_variable": {
            "key": "_I6PksRYiEDmLY7xx5ucTWg",
            "name": "StudentName",
            "type": null,
            "modifiers": [],
            "position": {}
          },
          "position": {}
        },
        "_I6WSYRYiEDmLY7xx5ucTWg": {
          "key": "_I6WSYRYiEDmLY7xx5ucTWg",
          "name": "Studentemail",
          "type": null,
          "probability": 1,
          "modifiers": [],
          "to_variable": {
            "key": "_I6PkshYiEDmLY7xx5ucTWg",
            "name": "Studentemail",
            "type": null,
            "modifiers": [],
            "position": {}
          },
          "position": {}
        },
        "_I6WSYhYiEDmLY7xx5ucTWg": {
          "key": "_I6WSYhYiEDmLY7xx5ucTWg",
          "name": "Specialization",
          "type": null,
          "probability": 1,
          "modifiers": [],
          "to_variable": {
            "key": "_I6QLwRYiEDmLY7xx5ucTWg",
            "name": "Specialization",
            "type": null,
            "modifiers": [],
            "position": {}
          },
          "position": {}
        }
      }
    }
  }
}