{
  "report_version": "unknown",
  "report_timestamp": "2025-03-26T22:33:16.858Z",
  "target_language": "java",
  "report_summary": {
    "additional": null,
    "amount_classes_or_interfaces_with_data_clumps": 2,
    "amount_files_with_data_clumps": 2,
    "amount_methods_with_data_clumps": 2,
    "fields_to_fields_data_clump": 0,
    "parameters_to_fields_data_clump": 0,
    "parameters_to_parameters_data_clump": 2,
    "amount_data_clumps": 2
  },
  "project_info": {
    "project_url": "unknown_project_url",
    "project_name": "_XMgikP1bEea8LN_WiiNrug",
    "project_version": "unknown_project_version",
    "project_commit_hash": "unknown",
    "project_tag": null,
    "project_commit_date": null,
    "additional": {},
    "number_of_files": 28,
    "number_of_classes_or_interfaces": 28,
    "number_of_methods": 43,
    "number_of_data_fields": 34,
    "number_of_method_parameters": 37
  },
  "detector": {
    "name": "data-clumps-doctor",
    "url": "https://github.com/NilsBaumgartner1994/data-clumps-doctor",
    "version": "0.1.100",
    "options": {
      "typeVariablesConsidered": false,
      "similarityModifierOfVariablesWithUnknownType": 0,
      "fieldsOfClassesWithUnknownHierarchyProbabilityModifier": 0,
      "sharedFieldsToFieldsAmountMinimum": 3,
      "analyseFieldsInClassesOrInterfacesInheritedFromSuperClassesOrInterfaces": false,
      "sharedParametersToParametersAmountMinimum": 3,
      "sharedParametersToFieldsAmountMinimum": 3,
      "methodsOfClassesOrInterfacesWithUnknownHierarchyProbabilityModifier": 0
    }
  },
  "data_clumps": {
    "parameters_to_parameters_data_clump-./Line-_Xa4WXv1bEea26tRukLsE3Q-_Xa5kJv1bEea26tRukLsE3Q-x1y1x2y2color": {
      "type": "data_clump",
      "key": "parameters_to_parameters_data_clump-./Line-_Xa4WXv1bEea26tRukLsE3Q-_Xa5kJv1bEea26tRukLsE3Q-x1y1x2y2color",
      "probability": 1,
      "from_file_path": "./Line",
      "from_class_or_interface_name": "Line",
      "from_class_or_interface_key": "_Xa4WWP1bEea26tRukLsE3Q",
      "from_method_name": "Line",
      "from_method_key": "_Xa4WXv1bEea26tRukLsE3Q",
      "to_file_path": "./Rectangle",
      "to_class_or_interface_name": "Rectangle",
      "to_class_or_interface_key": "_Xa5kIP1bEea26tRukLsE3Q",
      "to_method_name": "Rectangle",
      "to_method_key": "_Xa5kJv1bEea26tRukLsE3Q",
      "data_clump_type": "parameters_to_parameters_data_clump",
      "data_clump_data": {
        "_Xa480P1bEea26tRukLsE3Q": {
          "key": "_Xa480P1bEea26tRukLsE3Q",
          "name": "x1",
          "type": null,
          "probability": 1,
          "modifiers": [],
          "to_variable": {
            "key": "_Xa5kVv1bEea26tRukLsE3Q",
            "name": "x1",
            "type": null,
            "modifiers": [],
            "position": {}
          },
          "position": {}
        },
        "_Xa480_1bEea26tRukLsE3Q": {
          "key": "_Xa480_1bEea26tRukLsE3Q",
          "name": "y1",
          "type": null,
          "probability": 1,
          "modifiers": [],
          "to_variable": {
            "key": "_Xa5kWf1bEea26tRukLsE3Q",
            "name": "y1",
            "type": null,
            "modifiers": [],
            "position": {}
          },
          "position": {}
        },
        "_Xa481v1bEea26tRukLsE3Q": {
          "key": "_Xa481v1bEea26tRukLsE3Q",
          "name": "x2",
          "type": null,
          "probability": 1,
          "modifiers": [],
          "to_variable": {
            "key": "_Xa5kXP1bEea26tRukLsE3Q",
            "name": "x2",
            "type": null,
            "modifiers": [],
            "position": {}
          },
          "position": {}
        },
        "_Xa482f1bEea26tRukLsE3Q": {
          "key": "_Xa482f1bEea26tRukLsE3Q",
          "name": "y2",
          "type": null,
          "probability": 1,
          "modifiers": [],
          "to_variable": {
            "key": "_Xa5kX_1bEea26tRukLsE3Q",
            "name": "y2",
            "type": null,
            "modifiers": [],
            "position": {}
          },
          "position": {}
        },
        "_Xa483P1bEea26tRukLsE3Q": {
          "key": "_Xa483P1bEea26tRukLsE3Q",
          "name": "color",
          "type": null,
          "probability": 1,
          "modifiers": [],
          "to_variable": {
            "key": "_Xa5kYv1bEea26tRukLsE3Q",
            "name": "color",
            "type": null,
            "modifiers": [],
            "position": {}
          },
          "position": {}
        }
      }
    },
    "parameters_to_parameters_data_clump-./Rectangle-_Xa5kJv1bEea26tRukLsE3Q-_Xa4WXv1bEea26tRukLsE3Q-x1y1x2y2color": {
      "type": "data_clump",
      "key": "parameters_to_parameters_data_clump-./Rectangle-_Xa5kJv1bEea26tRukLsE3Q-_Xa4WXv1bEea26tRukLsE3Q-x1y1x2y2color",
      "probability": 1,
      "from_file_path": "./Rectangle",
      "from_class_or_interface_name": "Rectangle",
      "from_class_or_interface_key": "_Xa5kIP1bEea26tRukLsE3Q",
      "from_method_name": "Rectangle",
      "from_method_key": "_Xa5kJv1bEea26tRukLsE3Q",
      "to_file_path": "./Line",
      "to_class_or_interface_name": "Line",
      "to_class_or_interface_key": "_Xa4WWP1bEea26tRukLsE3Q",
      "to_method_name": "Line",
      "to_method_key": "_Xa4WXv1bEea26tRukLsE3Q",
      "data_clump_type": "parameters_to_parameters_data_clump",
      "data_clump_data": {
        "_Xa5kVv1bEea26tRukLsE3Q": {
          "key": "_Xa5kVv1bEea26tRukLsE3Q",
          "name": "x1",
          "type": null,
          "probability": 1,
          "modifiers": [],
          "to_variable": {
            "key": "_Xa480P1bEea26tRukLsE3Q",
            "name": "x1",
            "type": null,
            "modifiers": [],
            "position": {}
          },
          "position": {}
        },
        "_Xa5kWf1bEea26tRukLsE3Q": {
          "key": "_Xa5kWf1bEea26tRukLsE3Q",
          "name": "y1",
          "type": null,
          "probability": 1,
          "modifiers": [],
          "to_variable": {
            "key": "_Xa480_1bEea26tRukLsE3Q",
            "name": "y1",
            "type": null,
            "modifiers": [],
            "position": {}
          },
          "position": {}
        },
        "_Xa5kXP1bEea26tRukLsE3Q": {
          "key": "_Xa5kXP1bEea26tRukLsE3Q",
          "name": "x2",
          "type": null,
          "probability": 1,
          "modifiers": [],
          "to_variable": {
            "key": "_Xa481v1bEea26tRukLsE3Q",
            "name": "x2",
            "type": null,
            "modifiers": [],
            "position": {}
          },
          "position": {}
        },
        "_Xa5kX_1bEea26tRukLsE3Q": {
          "key": "_Xa5kX_1bEea26tRukLsE3Q",
          "name": "y2",
          "type": null,
          "probability": 1,
          "modifiers": [],
          "to_variable": {
            "key": "_Xa482f1bEea26tRukLsE3Q",
            "name": "y2",
            "type": null,
            "modifiers": [],
            "position": {}
          },
          "position": {}
        },
        "_Xa5kYv1bEea26tRukLsE3Q": {
          "key": "_Xa5kYv1bEea26tRukLsE3Q",
          "name": "color",
          "type": null,
          "probability": 1,
          "modifiers": [],
          "to_variable": {
            "key": "_Xa483P1bEea26tRukLsE3Q",
            "name": "color",
            "type": null,
            "modifiers": [],
            "position": {}
          },
          "position": {}
        }
      }
    }
  }
}