{
  "report_version": "unknown",
  "report_timestamp": "2025-03-26T21:58:42.521Z",
  "target_language": "java",
  "report_summary": {
    "additional": null,
    "amount_classes_or_interfaces_with_data_clumps": 3,
    "amount_files_with_data_clumps": 3,
    "amount_methods_with_data_clumps": 0,
    "fields_to_fields_data_clump": 4,
    "parameters_to_fields_data_clump": 0,
    "parameters_to_parameters_data_clump": 0,
    "amount_data_clumps": 4
  },
  "project_info": {
    "project_url": "unknown_project_url",
    "project_name": "049a7f36-2513-4dbd-9f74-c7ea4aa4fbc8",
    "project_version": "unknown_project_version",
    "project_commit_hash": "unknown",
    "project_tag": null,
    "project_commit_date": null,
    "additional": {},
    "number_of_files": 15,
    "number_of_classes_or_interfaces": 15,
    "number_of_methods": 0,
    "number_of_data_fields": 58,
    "number_of_method_parameters": 0
  },
  "detector": {
    "name": "data-clumps-doctor",
    "url": "https://github.com/NilsBaumgartner1994/data-clumps-doctor",
    "version": "0.1.100",
    "options": {
      "typeVariablesConsidered": false,
      "similarityModifierOfVariablesWithUnknownType": 0,
      "fieldsOfClassesWithUnknownHierarchyProbabilityModifier": 0,
      "sharedFieldsToFieldsAmountMinimum": 3,
      "analyseFieldsInClassesOrInterfacesInheritedFromSuperClassesOrInterfaces": false,
      "sharedParametersToParametersAmountMinimum": 3,
      "sharedParametersToFieldsAmountMinimum": 3,
      "methodsOfClassesOrInterfacesWithUnknownHierarchyProbabilityModifier": 0
    }
  },
  "data_clumps": {
    "fields_to_fields_data_clump-./Bus-_F4S-IBcKEDKFcrg6pKGnVA-_ZUrTwBcJEDKFcrg6pKGnVA-capacityavailabilityprice": {
      "type": "data_clump",
      "key": "fields_to_fields_data_clump-./Bus-_F4S-IBcKEDKFcrg6pKGnVA-_ZUrTwBcJEDKFcrg6pKGnVA-capacityavailabilityprice",
      "probability": 1,
      "from_file_path": "./Bus",
      "from_class_or_interface_name": "Bus",
      "from_class_or_interface_key": "_F4S-IBcKEDKFcrg6pKGnVA",
      "from_method_name": null,
      "from_method_key": null,
      "to_file_path": "./Flight",
      "to_class_or_interface_key": "_ZUrTwBcJEDKFcrg6pKGnVA",
      "to_class_or_interface_name": "Bus",
      "to_method_key": null,
      "to_method_name": null,
      "data_clump_type": "fields_to_fields_data_clump",
      "data_clump_data": {
        "_PAkxQBcKEDKFcrg6pKGnVA": {
          "key": "_PAkxQBcKEDKFcrg6pKGnVA",
          "name": "capacity",
          "type": null,
          "probability": 1,
          "modifiers": [],
          "to_variable": {
            "key": "_1zk9UBcJEDKFcrg6pKGnVA",
            "name": "capacity",
            "type": null,
            "modifiers": [],
            "position": {}
          },
          "position": {}
        },
        "_RzF8MBcKEDKFcrg6pKGnVA": {
          "key": "_RzF8MBcKEDKFcrg6pKGnVA",
          "name": "availability",
          "type": null,
          "probability": 1,
          "modifiers": [],
          "to_variable": {
            "key": "_3azZ0BcJEDKFcrg6pKGnVA",
            "name": "availability",
            "type": null,
            "modifiers": [],
            "position": {}
          },
          "position": {}
        },
        "_Yu_XUBcKEDKFcrg6pKGnVA": {
          "key": "_Yu_XUBcKEDKFcrg6pKGnVA",
          "name": "price",
          "type": null,
          "probability": 1,
          "modifiers": [],
          "to_variable": {
            "key": "_i3ppYBcKEDKFcrg6pKGnVA",
            "name": "price",
            "type": null,
            "modifiers": [],
            "position": {}
          },
          "position": {}
        }
      }
    },
    "fields_to_fields_data_clump-./Flight-_ZUrTwBcJEDKFcrg6pKGnVA-_F4S-IBcKEDKFcrg6pKGnVA-capacityavailabilityprice": {
      "type": "data_clump",
      "key": "fields_to_fields_data_clump-./Flight-_ZUrTwBcJEDKFcrg6pKGnVA-_F4S-IBcKEDKFcrg6pKGnVA-capacityavailabilityprice",
      "probability": 1,
      "from_file_path": "./Flight",
      "from_class_or_interface_name": "Flight",
      "from_class_or_interface_key": "_ZUrTwBcJEDKFcrg6pKGnVA",
      "from_method_name": null,
      "from_method_key": null,
      "to_file_path": "./Bus",
      "to_class_or_interface_key": "_F4S-IBcKEDKFcrg6pKGnVA",
      "to_class_or_interface_name": "Flight",
      "to_method_key": null,
      "to_method_name": null,
      "data_clump_type": "fields_to_fields_data_clump",
      "data_clump_data": {
        "_1zk9UBcJEDKFcrg6pKGnVA": {
          "key": "_1zk9UBcJEDKFcrg6pKGnVA",
          "name": "capacity",
          "type": null,
          "probability": 1,
          "modifiers": [],
          "to_variable": {
            "key": "_PAkxQBcKEDKFcrg6pKGnVA",
            "name": "capacity",
            "type": null,
            "modifiers": [],
            "position": {}
          },
          "position": {}
        },
        "_3azZ0BcJEDKFcrg6pKGnVA": {
          "key": "_3azZ0BcJEDKFcrg6pKGnVA",
          "name": "availability",
          "type": null,
          "probability": 1,
          "modifiers": [],
          "to_variable": {
            "key": "_RzF8MBcKEDKFcrg6pKGnVA",
            "name": "availability",
            "type": null,
            "modifiers": [],
            "position": {}
          },
          "position": {}
        },
        "_i3ppYBcKEDKFcrg6pKGnVA": {
          "key": "_i3ppYBcKEDKFcrg6pKGnVA",
          "name": "price",
          "type": null,
          "probability": 1,
          "modifiers": [],
          "to_variable": {
            "key": "_Yu_XUBcKEDKFcrg6pKGnVA",
            "name": "price",
            "type": null,
            "modifiers": [],
            "position": {}
          },
          "position": {}
        }
      }
    },
    "fields_to_fields_data_clump-./Flight-_ZUrTwBcJEDKFcrg6pKGnVA-_3zjbkBcKEDKFcrg6pKGnVA-departarriveavailabilityprice": {
      "type": "data_clump",
      "key": "fields_to_fields_data_clump-./Flight-_ZUrTwBcJEDKFcrg6pKGnVA-_3zjbkBcKEDKFcrg6pKGnVA-departarriveavailabilityprice",
      "probability": 1,
      "from_file_path": "./Flight",
      "from_class_or_interface_name": "Flight",
      "from_class_or_interface_key": "_ZUrTwBcJEDKFcrg6pKGnVA",
      "from_method_name": null,
      "from_method_key": null,
      "to_file_path": "./train",
      "to_class_or_interface_key": "_3zjbkBcKEDKFcrg6pKGnVA",
      "to_class_or_interface_name": "Flight",
      "to_method_key": null,
      "to_method_name": null,
      "data_clump_type": "fields_to_fields_data_clump",
      "data_clump_data": {
        "_gY16EBcJEDKFcrg6pKGnVA": {
          "key": "_gY16EBcJEDKFcrg6pKGnVA",
          "name": "depart",
          "type": null,
          "probability": 1,
          "modifiers": [],
          "to_variable": {
            "key": "_F9qw4BcLEDKFcrg6pKGnVA",
            "name": "depart",
            "type": null,
            "modifiers": [],
            "position": {}
          },
          "position": {}
        },
        "_neE3YBcJEDKFcrg6pKGnVA": {
          "key": "_neE3YBcJEDKFcrg6pKGnVA",
          "name": "arrive",
          "type": null,
          "probability": 1,
          "modifiers": [],
          "to_variable": {
            "key": "_yCNVwBcPEDKP1_XX8WhAqg",
            "name": "arrive",
            "type": null,
            "modifiers": [],
            "position": {}
          },
          "position": {}
        },
        "_3azZ0BcJEDKFcrg6pKGnVA": {
          "key": "_3azZ0BcJEDKFcrg6pKGnVA",
          "name": "availability",
          "type": null,
          "probability": 1,
          "modifiers": [],
          "to_variable": {
            "key": "_Au0tcBcLEDKFcrg6pKGnVA",
            "name": "availability",
            "type": null,
            "modifiers": [],
            "position": {}
          },
          "position": {}
        },
        "_i3ppYBcKEDKFcrg6pKGnVA": {
          "key": "_i3ppYBcKEDKFcrg6pKGnVA",
          "name": "price",
          "type": null,
          "probability": 1,
          "modifiers": [],
          "to_variable": {
            "key": "_zfa6oBcPEDKP1_XX8WhAqg",
            "name": "price",
            "type": null,
            "modifiers": [],
            "position": {}
          },
          "position": {}
        }
      }
    },
    "fields_to_fields_data_clump-./train-_3zjbkBcKEDKFcrg6pKGnVA-_ZUrTwBcJEDKFcrg6pKGnVA-availabilitydepartarriveprice": {
      "type": "data_clump",
      "key": "fields_to_fields_data_clump-./train-_3zjbkBcKEDKFcrg6pKGnVA-_ZUrTwBcJEDKFcrg6pKGnVA-availabilitydepartarriveprice",
      "probability": 1,
      "from_file_path": "./train",
      "from_class_or_interface_name": "train",
      "from_class_or_interface_key": "_3zjbkBcKEDKFcrg6pKGnVA",
      "from_method_name": null,
      "from_method_key": null,
      "to_file_path": "./Flight",
      "to_class_or_interface_key": "_ZUrTwBcJEDKFcrg6pKGnVA",
      "to_class_or_interface_name": "train",
      "to_method_key": null,
      "to_method_name": null,
      "data_clump_type": "fields_to_fields_data_clump",
      "data_clump_data": {
        "_Au0tcBcLEDKFcrg6pKGnVA": {
          "key": "_Au0tcBcLEDKFcrg6pKGnVA",
          "name": "availability",
          "type": null,
          "probability": 1,
          "modifiers": [],
          "to_variable": {
            "key": "_3azZ0BcJEDKFcrg6pKGnVA",
            "name": "availability",
            "type": null,
            "modifiers": [],
            "position": {}
          },
          "position": {}
        },
        "_F9qw4BcLEDKFcrg6pKGnVA": {
          "key": "_F9qw4BcLEDKFcrg6pKGnVA",
          "name": "depart",
          "type": null,
          "probability": 1,
          "modifiers": [],
          "to_variable": {
            "key": "_gY16EBcJEDKFcrg6pKGnVA",
            "name": "depart",
            "type": null,
            "modifiers": [],
            "position": {}
          },
          "position": {}
        },
        "_yCNVwBcPEDKP1_XX8WhAqg": {
          "key": "_yCNVwBcPEDKP1_XX8WhAqg",
          "name": "arrive",
          "type": null,
          "probability": 1,
          "modifiers": [],
          "to_variable": {
            "key": "_neE3YBcJEDKFcrg6pKGnVA",
            "name": "arrive",
            "type": null,
            "modifiers": [],
            "position": {}
          },
          "position": {}
        },
        "_zfa6oBcPEDKP1_XX8WhAqg": {
          "key": "_zfa6oBcPEDKP1_XX8WhAqg",
          "name": "price",
          "type": null,
          "probability": 1,
          "modifiers": [],
          "to_variable": {
            "key": "_i3ppYBcKEDKFcrg6pKGnVA",
            "name": "price",
            "type": null,
            "modifiers": [],
            "position": {}
          },
          "position": {}
        }
      }
    }
  }
}