{
  "report_version": "unknown",
  "report_timestamp": "2025-03-26T21:44:39.540Z",
  "target_language": "java",
  "report_summary": {
    "additional": null,
    "amount_classes_or_interfaces_with_data_clumps": 4,
    "amount_files_with_data_clumps": 4,
    "amount_methods_with_data_clumps": 0,
    "fields_to_fields_data_clump": 4,
    "parameters_to_fields_data_clump": 0,
    "parameters_to_parameters_data_clump": 0,
    "amount_data_clumps": 4
  },
  "project_info": {
    "project_url": "unknown_project_url",
    "project_name": "_1G_vMO2MEeiH57IZcqf8WA",
    "project_version": "unknown_project_version",
    "project_commit_hash": "unknown",
    "project_tag": null,
    "project_commit_date": null,
    "additional": {},
    "number_of_files": 5,
    "number_of_classes_or_interfaces": 5,
    "number_of_methods": 24,
    "number_of_data_fields": 29,
    "number_of_method_parameters": 0
  },
  "detector": {
    "name": "data-clumps-doctor",
    "url": "https://github.com/NilsBaumgartner1994/data-clumps-doctor",
    "version": "0.1.100",
    "options": {
      "typeVariablesConsidered": false,
      "similarityModifierOfVariablesWithUnknownType": 0,
      "fieldsOfClassesWithUnknownHierarchyProbabilityModifier": 0,
      "sharedFieldsToFieldsAmountMinimum": 3,
      "analyseFieldsInClassesOrInterfacesInheritedFromSuperClassesOrInterfaces": false,
      "sharedParametersToParametersAmountMinimum": 3,
      "sharedParametersToFieldsAmountMinimum": 3,
      "methodsOfClassesOrInterfacesWithUnknownHierarchyProbabilityModifier": 0
    }
  },
  "data_clumps": {
    "fields_to_fields_data_clump-./clientes-_qoy3Yc--EDayAN39BlnPAQ-_PRmK0c_AEDayAN39BlnPAQ-nombrecorreoteléfonodirección": {
      "type": "data_clump",
      "key": "fields_to_fields_data_clump-./clientes-_qoy3Yc--EDayAN39BlnPAQ-_PRmK0c_AEDayAN39BlnPAQ-nombrecorreoteléfonodirección",
      "probability": 1,
      "from_file_path": "./clientes",
      "from_class_or_interface_name": "clientes",
      "from_class_or_interface_key": "_qoy3Yc--EDayAN39BlnPAQ",
      "from_method_name": null,
      "from_method_key": null,
      "to_file_path": "./proveedores",
      "to_class_or_interface_key": "_PRmK0c_AEDayAN39BlnPAQ",
      "to_class_or_interface_name": "clientes",
      "to_method_key": null,
      "to_method_name": null,
      "data_clump_type": "fields_to_fields_data_clump",
      "data_clump_data": {
        "_t5a6oM--EDayAN39BlnPAQ": {
          "key": "_t5a6oM--EDayAN39BlnPAQ",
          "name": "nombre",
          "type": null,
          "probability": 1,
          "modifiers": [
            "public"
          ],
          "to_variable": {
            "key": "_SXj2MM_AEDayAN39BlnPAQ",
            "name": "nombre",
            "type": null,
            "modifiers": [
              "public"
            ],
            "position": {}
          },
          "position": {}
        },
        "_xRYU8c--EDayAN39BlnPAQ": {
          "key": "_xRYU8c--EDayAN39BlnPAQ",
          "name": "correo",
          "type": null,
          "probability": 1,
          "modifiers": [
            "public"
          ],
          "to_variable": {
            "key": "_WVMJYM_AEDayAN39BlnPAQ",
            "name": "correo",
            "type": null,
            "modifiers": [
              "public"
            ],
            "position": {}
          },
          "position": {}
        },
        "_yMAxMM--EDayAN39BlnPAQ": {
          "key": "_yMAxMM--EDayAN39BlnPAQ",
          "name": "teléfono",
          "type": null,
          "probability": 1,
          "modifiers": [
            "public"
          ],
          "to_variable": {
            "key": "_XZAW0c_AEDayAN39BlnPAQ",
            "name": "teléfono",
            "type": null,
            "modifiers": [
              "public"
            ],
            "position": {}
          },
          "position": {}
        },
        "_zXpd4M--EDayAN39BlnPAQ": {
          "key": "_zXpd4M--EDayAN39BlnPAQ",
          "name": "dirección",
          "type": null,
          "probability": 1,
          "modifiers": [
            "public"
          ],
          "to_variable": {
            "key": "_VCgZgM_AEDayAN39BlnPAQ",
            "name": "dirección",
            "type": null,
            "modifiers": [
              "public"
            ],
            "position": {}
          },
          "position": {}
        }
      }
    },
    "fields_to_fields_data_clump-./devoluciones-_ddSC4c-_EDayAN39BlnPAQ-_7TTs4M--EDayAN39BlnPAQ-cantidadid_uniformevalor_unidadfecha": {
      "type": "data_clump",
      "key": "fields_to_fields_data_clump-./devoluciones-_ddSC4c-_EDayAN39BlnPAQ-_7TTs4M--EDayAN39BlnPAQ-cantidadid_uniformevalor_unidadfecha",
      "probability": 1,
      "from_file_path": "./devoluciones",
      "from_class_or_interface_name": "devoluciones",
      "from_class_or_interface_key": "_ddSC4c-_EDayAN39BlnPAQ",
      "from_method_name": null,
      "from_method_key": null,
      "to_file_path": "./ventas",
      "to_class_or_interface_key": "_7TTs4M--EDayAN39BlnPAQ",
      "to_class_or_interface_name": "devoluciones",
      "to_method_key": null,
      "to_method_name": null,
      "data_clump_type": "fields_to_fields_data_clump",
      "data_clump_data": {
        "_hiXB4c-_EDayAN39BlnPAQ": {
          "key": "_hiXB4c-_EDayAN39BlnPAQ",
          "name": "cantidad",
          "type": null,
          "probability": 1,
          "modifiers": [
            "public"
          ],
          "to_variable": {
            "key": "_PiGhcM-_EDayAN39BlnPAQ",
            "name": "cantidad",
            "type": null,
            "modifiers": [
              "public"
            ],
            "position": {}
          },
          "position": {}
        },
        "_jEPrYc-_EDayAN39BlnPAQ": {
          "key": "_jEPrYc-_EDayAN39BlnPAQ",
          "name": "id_uniforme",
          "type": null,
          "probability": 1,
          "modifiers": [
            "public"
          ],
          "to_variable": {
            "key": "_MUumgc-_EDayAN39BlnPAQ",
            "name": "id_uniforme",
            "type": null,
            "modifiers": [
              "public"
            ],
            "position": {}
          },
          "position": {}
        },
        "_kcEZ8M-_EDayAN39BlnPAQ": {
          "key": "_kcEZ8M-_EDayAN39BlnPAQ",
          "name": "valor_unidad",
          "type": null,
          "probability": 1,
          "modifiers": [
            "public"
          ],
          "to_variable": {
            "key": "_QiRlAc-_EDayAN39BlnPAQ",
            "name": "valor_unidad",
            "type": null,
            "modifiers": [
              "public"
            ],
            "position": {}
          },
          "position": {}
        },
        "_lw5e4M-_EDayAN39BlnPAQ": {
          "key": "_lw5e4M-_EDayAN39BlnPAQ",
          "name": "fecha",
          "type": null,
          "probability": 1,
          "modifiers": [
            "public"
          ],
          "to_variable": {
            "key": "_N1E-8c-_EDayAN39BlnPAQ",
            "name": "fecha",
            "type": null,
            "modifiers": [
              "public"
            ],
            "position": {}
          },
          "position": {}
        }
      }
    },
    "fields_to_fields_data_clump-./proveedores-_PRmK0c_AEDayAN39BlnPAQ-_qoy3Yc--EDayAN39BlnPAQ-nombredireccióncorreoteléfono": {
      "type": "data_clump",
      "key": "fields_to_fields_data_clump-./proveedores-_PRmK0c_AEDayAN39BlnPAQ-_qoy3Yc--EDayAN39BlnPAQ-nombredireccióncorreoteléfono",
      "probability": 1,
      "from_file_path": "./proveedores",
      "from_class_or_interface_name": "proveedores",
      "from_class_or_interface_key": "_PRmK0c_AEDayAN39BlnPAQ",
      "from_method_name": null,
      "from_method_key": null,
      "to_file_path": "./clientes",
      "to_class_or_interface_key": "_qoy3Yc--EDayAN39BlnPAQ",
      "to_class_or_interface_name": "proveedores",
      "to_method_key": null,
      "to_method_name": null,
      "data_clump_type": "fields_to_fields_data_clump",
      "data_clump_data": {
        "_SXj2MM_AEDayAN39BlnPAQ": {
          "key": "_SXj2MM_AEDayAN39BlnPAQ",
          "name": "nombre",
          "type": null,
          "probability": 1,
          "modifiers": [
            "public"
          ],
          "to_variable": {
            "key": "_t5a6oM--EDayAN39BlnPAQ",
            "name": "nombre",
            "type": null,
            "modifiers": [
              "public"
            ],
            "position": {}
          },
          "position": {}
        },
        "_VCgZgM_AEDayAN39BlnPAQ": {
          "key": "_VCgZgM_AEDayAN39BlnPAQ",
          "name": "dirección",
          "type": null,
          "probability": 1,
          "modifiers": [
            "public"
          ],
          "to_variable": {
            "key": "_zXpd4M--EDayAN39BlnPAQ",
            "name": "dirección",
            "type": null,
            "modifiers": [
              "public"
            ],
            "position": {}
          },
          "position": {}
        },
        "_WVMJYM_AEDayAN39BlnPAQ": {
          "key": "_WVMJYM_AEDayAN39BlnPAQ",
          "name": "correo",
          "type": null,
          "probability": 1,
          "modifiers": [
            "public"
          ],
          "to_variable": {
            "key": "_xRYU8c--EDayAN39BlnPAQ",
            "name": "correo",
            "type": null,
            "modifiers": [
              "public"
            ],
            "position": {}
          },
          "position": {}
        },
        "_XZAW0c_AEDayAN39BlnPAQ": {
          "key": "_XZAW0c_AEDayAN39BlnPAQ",
          "name": "teléfono",
          "type": null,
          "probability": 1,
          "modifiers": [
            "public"
          ],
          "to_variable": {
            "key": "_yMAxMM--EDayAN39BlnPAQ",
            "name": "teléfono",
            "type": null,
            "modifiers": [
              "public"
            ],
            "position": {}
          },
          "position": {}
        }
      }
    },
    "fields_to_fields_data_clump-./ventas-_7TTs4M--EDayAN39BlnPAQ-_ddSC4c-_EDayAN39BlnPAQ-id_uniformefechacantidadvalor_unidad": {
      "type": "data_clump",
      "key": "fields_to_fields_data_clump-./ventas-_7TTs4M--EDayAN39BlnPAQ-_ddSC4c-_EDayAN39BlnPAQ-id_uniformefechacantidadvalor_unidad",
      "probability": 1,
      "from_file_path": "./ventas",
      "from_class_or_interface_name": "ventas",
      "from_class_or_interface_key": "_7TTs4M--EDayAN39BlnPAQ",
      "from_method_name": null,
      "from_method_key": null,
      "to_file_path": "./devoluciones",
      "to_class_or_interface_key": "_ddSC4c-_EDayAN39BlnPAQ",
      "to_class_or_interface_name": "ventas",
      "to_method_key": null,
      "to_method_name": null,
      "data_clump_type": "fields_to_fields_data_clump",
      "data_clump_data": {
        "_MUumgc-_EDayAN39BlnPAQ": {
          "key": "_MUumgc-_EDayAN39BlnPAQ",
          "name": "id_uniforme",
          "type": null,
          "probability": 1,
          "modifiers": [
            "public"
          ],
          "to_variable": {
            "key": "_jEPrYc-_EDayAN39BlnPAQ",
            "name": "id_uniforme",
            "type": null,
            "modifiers": [
              "public"
            ],
            "position": {}
          },
          "position": {}
        },
        "_N1E-8c-_EDayAN39BlnPAQ": {
          "key": "_N1E-8c-_EDayAN39BlnPAQ",
          "name": "fecha",
          "type": null,
          "probability": 1,
          "modifiers": [
            "public"
          ],
          "to_variable": {
            "key": "_lw5e4M-_EDayAN39BlnPAQ",
            "name": "fecha",
            "type": null,
            "modifiers": [
              "public"
            ],
            "position": {}
          },
          "position": {}
        },
        "_PiGhcM-_EDayAN39BlnPAQ": {
          "key": "_PiGhcM-_EDayAN39BlnPAQ",
          "name": "cantidad",
          "type": null,
          "probability": 1,
          "modifiers": [
            "public"
          ],
          "to_variable": {
            "key": "_hiXB4c-_EDayAN39BlnPAQ",
            "name": "cantidad",
            "type": null,
            "modifiers": [
              "public"
            ],
            "position": {}
          },
          "position": {}
        },
        "_QiRlAc-_EDayAN39BlnPAQ": {
          "key": "_QiRlAc-_EDayAN39BlnPAQ",
          "name": "valor_unidad",
          "type": null,
          "probability": 1,
          "modifiers": [
            "public"
          ],
          "to_variable": {
            "key": "_kcEZ8M-_EDayAN39BlnPAQ",
            "name": "valor_unidad",
            "type": null,
            "modifiers": [
              "public"
            ],
            "position": {}
          },
          "position": {}
        }
      }
    }
  }
}