{
  "report_version": "unknown",
  "report_timestamp": "2025-03-26T22:52:03.546Z",
  "target_language": "java",
  "report_summary": {
    "additional": null,
    "amount_classes_or_interfaces_with_data_clumps": 2,
    "amount_files_with_data_clumps": 2,
    "amount_methods_with_data_clumps": 0,
    "fields_to_fields_data_clump": 2,
    "parameters_to_fields_data_clump": 0,
    "parameters_to_parameters_data_clump": 0,
    "amount_data_clumps": 2
  },
  "project_info": {
    "project_url": "unknown_project_url",
    "project_name": "_y-5jIL_1EeeEXb8Dudo6PQ",
    "project_version": "unknown_project_version",
    "project_commit_hash": "unknown",
    "project_tag": null,
    "project_commit_date": null,
    "additional": {},
    "number_of_files": 8,
    "number_of_classes_or_interfaces": 8,
    "number_of_methods": 0,
    "number_of_data_fields": 40,
    "number_of_method_parameters": 0
  },
  "detector": {
    "name": "data-clumps-doctor",
    "url": "https://github.com/NilsBaumgartner1994/data-clumps-doctor",
    "version": "0.1.100",
    "options": {
      "typeVariablesConsidered": false,
      "similarityModifierOfVariablesWithUnknownType": 0,
      "fieldsOfClassesWithUnknownHierarchyProbabilityModifier": 0,
      "sharedFieldsToFieldsAmountMinimum": 3,
      "analyseFieldsInClassesOrInterfacesInheritedFromSuperClassesOrInterfaces": false,
      "sharedParametersToParametersAmountMinimum": 3,
      "sharedParametersToFieldsAmountMinimum": 3,
      "methodsOfClassesOrInterfacesWithUnknownHierarchyProbabilityModifier": 0
    }
  },
  "data_clumps": {
    "fields_to_fields_data_clump-./MandatoryInformation-_vjUN8KIxEDWUt5r1JgmAmA-_soGE4KIvEDWUt5r1JgmAmA-addressemailphone": {
      "type": "data_clump",
      "key": "fields_to_fields_data_clump-./MandatoryInformation-_vjUN8KIxEDWUt5r1JgmAmA-_soGE4KIvEDWUt5r1JgmAmA-addressemailphone",
      "probability": 1,
      "from_file_path": "./MandatoryInformation",
      "from_class_or_interface_name": "MandatoryInformation",
      "from_class_or_interface_key": "_vjUN8KIxEDWUt5r1JgmAmA",
      "from_method_name": null,
      "from_method_key": null,
      "to_file_path": "./Registration",
      "to_class_or_interface_key": "_soGE4KIvEDWUt5r1JgmAmA",
      "to_class_or_interface_name": "MandatoryInformation",
      "to_method_key": null,
      "to_method_name": null,
      "data_clump_type": "fields_to_fields_data_clump",
      "data_clump_data": {
        "_5_9L8KIxEDWUt5r1JgmAmA": {
          "key": "_5_9L8KIxEDWUt5r1JgmAmA",
          "name": "address",
          "type": null,
          "probability": 1,
          "modifiers": [
            "private"
          ],
          "to_variable": {
            "key": "_1w0j8KIvEDWUt5r1JgmAmA",
            "name": "address",
            "type": null,
            "modifiers": [
              "private"
            ],
            "position": {}
          },
          "position": {}
        },
        "_6-0n8KIxEDWUt5r1JgmAmA": {
          "key": "_6-0n8KIxEDWUt5r1JgmAmA",
          "name": "email",
          "type": null,
          "probability": 1,
          "modifiers": [
            "private"
          ],
          "to_variable": {
            "key": "_2mdygKIvEDWUt5r1JgmAmA",
            "name": "email",
            "type": null,
            "modifiers": [
              "private"
            ],
            "position": {}
          },
          "position": {}
        },
        "_7yZZ8KIxEDWUt5r1JgmAmA": {
          "key": "_7yZZ8KIxEDWUt5r1JgmAmA",
          "name": "phone",
          "type": null,
          "probability": 1,
          "modifiers": [
            "private"
          ],
          "to_variable": {
            "key": "_3SfyEKIvEDWUt5r1JgmAmA",
            "name": "phone",
            "type": null,
            "modifiers": [
              "private"
            ],
            "position": {}
          },
          "position": {}
        }
      }
    },
    "fields_to_fields_data_clump-./Registration-_soGE4KIvEDWUt5r1JgmAmA-_vjUN8KIxEDWUt5r1JgmAmA-addressemailphone": {
      "type": "data_clump",
      "key": "fields_to_fields_data_clump-./Registration-_soGE4KIvEDWUt5r1JgmAmA-_vjUN8KIxEDWUt5r1JgmAmA-addressemailphone",
      "probability": 1,
      "from_file_path": "./Registration",
      "from_class_or_interface_name": "Registration",
      "from_class_or_interface_key": "_soGE4KIvEDWUt5r1JgmAmA",
      "from_method_name": null,
      "from_method_key": null,
      "to_file_path": "./MandatoryInformation",
      "to_class_or_interface_key": "_vjUN8KIxEDWUt5r1JgmAmA",
      "to_class_or_interface_name": "Registration",
      "to_method_key": null,
      "to_method_name": null,
      "data_clump_type": "fields_to_fields_data_clump",
      "data_clump_data": {
        "_1w0j8KIvEDWUt5r1JgmAmA": {
          "key": "_1w0j8KIvEDWUt5r1JgmAmA",
          "name": "address",
          "type": null,
          "probability": 1,
          "modifiers": [
            "private"
          ],
          "to_variable": {
            "key": "_5_9L8KIxEDWUt5r1JgmAmA",
            "name": "address",
            "type": null,
            "modifiers": [
              "private"
            ],
            "position": {}
          },
          "position": {}
        },
        "_2mdygKIvEDWUt5r1JgmAmA": {
          "key": "_2mdygKIvEDWUt5r1JgmAmA",
          "name": "email",
          "type": null,
          "probability": 1,
          "modifiers": [
            "private"
          ],
          "to_variable": {
            "key": "_6-0n8KIxEDWUt5r1JgmAmA",
            "name": "email",
            "type": null,
            "modifiers": [
              "private"
            ],
            "position": {}
          },
          "position": {}
        },
        "_3SfyEKIvEDWUt5r1JgmAmA": {
          "key": "_3SfyEKIvEDWUt5r1JgmAmA",
          "name": "phone",
          "type": null,
          "probability": 1,
          "modifiers": [
            "private"
          ],
          "to_variable": {
            "key": "_7yZZ8KIxEDWUt5r1JgmAmA",
            "name": "phone",
            "type": null,
            "modifiers": [
              "private"
            ],
            "position": {}
          },
          "position": {}
        }
      }
    }
  }
}