{
  "report_version": "unknown",
  "report_timestamp": "2025-03-26T22:23:43.578Z",
  "target_language": "java",
  "report_summary": {
    "additional": null,
    "amount_classes_or_interfaces_with_data_clumps": 2,
    "amount_files_with_data_clumps": 2,
    "amount_methods_with_data_clumps": 0,
    "fields_to_fields_data_clump": 2,
    "parameters_to_fields_data_clump": 0,
    "parameters_to_parameters_data_clump": 0,
    "amount_data_clumps": 2
  },
  "project_info": {
    "project_url": "unknown_project_url",
    "project_name": "5b90d7ca-1d10-4c23-8316-e6a58036b9cb",
    "project_version": "unknown_project_version",
    "project_commit_hash": "unknown",
    "project_tag": null,
    "project_commit_date": null,
    "additional": {},
    "number_of_files": 7,
    "number_of_classes_or_interfaces": 7,
    "number_of_methods": 0,
    "number_of_data_fields": 25,
    "number_of_method_parameters": 0
  },
  "detector": {
    "name": "data-clumps-doctor",
    "url": "https://github.com/NilsBaumgartner1994/data-clumps-doctor",
    "version": "0.1.100",
    "options": {
      "typeVariablesConsidered": false,
      "similarityModifierOfVariablesWithUnknownType": 0,
      "fieldsOfClassesWithUnknownHierarchyProbabilityModifier": 0,
      "sharedFieldsToFieldsAmountMinimum": 3,
      "analyseFieldsInClassesOrInterfacesInheritedFromSuperClassesOrInterfaces": false,
      "sharedParametersToParametersAmountMinimum": 3,
      "sharedParametersToFieldsAmountMinimum": 3,
      "methodsOfClassesOrInterfacesWithUnknownHierarchyProbabilityModifier": 0
    }
  },
  "data_clumps": {
    "fields_to_fields_data_clump-./Libro-_LvI4wIy5EDaJUbhjaakWfQ-_zMGn0Iy4EDaJUbhjaakWfQ-idnombreañogenerodisponibilidad": {
      "type": "data_clump",
      "key": "fields_to_fields_data_clump-./Libro-_LvI4wIy5EDaJUbhjaakWfQ-_zMGn0Iy4EDaJUbhjaakWfQ-idnombreañogenerodisponibilidad",
      "probability": 1,
      "from_file_path": "./Libro",
      "from_class_or_interface_name": "Libro",
      "from_class_or_interface_key": "_LvI4wIy5EDaJUbhjaakWfQ",
      "from_method_name": null,
      "from_method_key": null,
      "to_file_path": "./Video",
      "to_class_or_interface_key": "_zMGn0Iy4EDaJUbhjaakWfQ",
      "to_class_or_interface_name": "Libro",
      "to_method_key": null,
      "to_method_name": null,
      "data_clump_type": "fields_to_fields_data_clump",
      "data_clump_data": {
        "_NdtTYYy5EDaJUbhjaakWfQ": {
          "key": "_NdtTYYy5EDaJUbhjaakWfQ",
          "name": "id",
          "type": null,
          "probability": 1,
          "modifiers": [
            "public"
          ],
          "to_variable": {
            "key": "_0oKWIIy4EDaJUbhjaakWfQ",
            "name": "id",
            "type": null,
            "modifiers": [
              "public"
            ],
            "position": {}
          },
          "position": {}
        },
        "_OtrtgIy5EDaJUbhjaakWfQ": {
          "key": "_OtrtgIy5EDaJUbhjaakWfQ",
          "name": "nombre",
          "type": null,
          "probability": 1,
          "modifiers": [
            "public"
          ],
          "to_variable": {
            "key": "_1S58QIy4EDaJUbhjaakWfQ",
            "name": "nombre",
            "type": null,
            "modifiers": [
              "public"
            ],
            "position": {}
          },
          "position": {}
        },
        "_bE_ocYy5EDaJUbhjaakWfQ": {
          "key": "_bE_ocYy5EDaJUbhjaakWfQ",
          "name": "año",
          "type": null,
          "probability": 1,
          "modifiers": [
            "public"
          ],
          "to_variable": {
            "key": "_29ICYIy4EDaJUbhjaakWfQ",
            "name": "año",
            "type": null,
            "modifiers": [
              "public"
            ],
            "position": {}
          },
          "position": {}
        },
        "_bzRqwYy5EDaJUbhjaakWfQ": {
          "key": "_bzRqwYy5EDaJUbhjaakWfQ",
          "name": "genero",
          "type": null,
          "probability": 1,
          "modifiers": [
            "public"
          ],
          "to_variable": {
            "key": "_5GtlEYy4EDaJUbhjaakWfQ",
            "name": "genero",
            "type": null,
            "modifiers": [
              "public"
            ],
            "position": {}
          },
          "position": {}
        },
        "_cr4twYy5EDaJUbhjaakWfQ": {
          "key": "_cr4twYy5EDaJUbhjaakWfQ",
          "name": "disponibilidad",
          "type": null,
          "probability": 1,
          "modifiers": [
            "public"
          ],
          "to_variable": {
            "key": "_6wN5gIy4EDaJUbhjaakWfQ",
            "name": "disponibilidad",
            "type": null,
            "modifiers": [
              "public"
            ],
            "position": {}
          },
          "position": {}
        }
      }
    },
    "fields_to_fields_data_clump-./Video-_zMGn0Iy4EDaJUbhjaakWfQ-_LvI4wIy5EDaJUbhjaakWfQ-idnombreañogenerodisponibilidad": {
      "type": "data_clump",
      "key": "fields_to_fields_data_clump-./Video-_zMGn0Iy4EDaJUbhjaakWfQ-_LvI4wIy5EDaJUbhjaakWfQ-idnombreañogenerodisponibilidad",
      "probability": 1,
      "from_file_path": "./Video",
      "from_class_or_interface_name": "Video",
      "from_class_or_interface_key": "_zMGn0Iy4EDaJUbhjaakWfQ",
      "from_method_name": null,
      "from_method_key": null,
      "to_file_path": "./Libro",
      "to_class_or_interface_key": "_LvI4wIy5EDaJUbhjaakWfQ",
      "to_class_or_interface_name": "Video",
      "to_method_key": null,
      "to_method_name": null,
      "data_clump_type": "fields_to_fields_data_clump",
      "data_clump_data": {
        "_0oKWIIy4EDaJUbhjaakWfQ": {
          "key": "_0oKWIIy4EDaJUbhjaakWfQ",
          "name": "id",
          "type": null,
          "probability": 1,
          "modifiers": [
            "public"
          ],
          "to_variable": {
            "key": "_NdtTYYy5EDaJUbhjaakWfQ",
            "name": "id",
            "type": null,
            "modifiers": [
              "public"
            ],
            "position": {}
          },
          "position": {}
        },
        "_1S58QIy4EDaJUbhjaakWfQ": {
          "key": "_1S58QIy4EDaJUbhjaakWfQ",
          "name": "nombre",
          "type": null,
          "probability": 1,
          "modifiers": [
            "public"
          ],
          "to_variable": {
            "key": "_OtrtgIy5EDaJUbhjaakWfQ",
            "name": "nombre",
            "type": null,
            "modifiers": [
              "public"
            ],
            "position": {}
          },
          "position": {}
        },
        "_29ICYIy4EDaJUbhjaakWfQ": {
          "key": "_29ICYIy4EDaJUbhjaakWfQ",
          "name": "año",
          "type": null,
          "probability": 1,
          "modifiers": [
            "public"
          ],
          "to_variable": {
            "key": "_bE_ocYy5EDaJUbhjaakWfQ",
            "name": "año",
            "type": null,
            "modifiers": [
              "public"
            ],
            "position": {}
          },
          "position": {}
        },
        "_5GtlEYy4EDaJUbhjaakWfQ": {
          "key": "_5GtlEYy4EDaJUbhjaakWfQ",
          "name": "genero",
          "type": null,
          "probability": 1,
          "modifiers": [
            "public"
          ],
          "to_variable": {
            "key": "_bzRqwYy5EDaJUbhjaakWfQ",
            "name": "genero",
            "type": null,
            "modifiers": [
              "public"
            ],
            "position": {}
          },
          "position": {}
        },
        "_6wN5gIy4EDaJUbhjaakWfQ": {
          "key": "_6wN5gIy4EDaJUbhjaakWfQ",
          "name": "disponibilidad",
          "type": null,
          "probability": 1,
          "modifiers": [
            "public"
          ],
          "to_variable": {
            "key": "_cr4twYy5EDaJUbhjaakWfQ",
            "name": "disponibilidad",
            "type": null,
            "modifiers": [
              "public"
            ],
            "position": {}
          },
          "position": {}
        }
      }
    }
  }
}