{
  "report_version": "unknown",
  "report_timestamp": "2025-03-26T21:50:32.935Z",
  "target_language": "java",
  "report_summary": {
    "additional": null,
    "amount_classes_or_interfaces_with_data_clumps": 3,
    "amount_files_with_data_clumps": 3,
    "amount_methods_with_data_clumps": 0,
    "fields_to_fields_data_clump": 6,
    "parameters_to_fields_data_clump": 0,
    "parameters_to_parameters_data_clump": 0,
    "amount_data_clumps": 6
  },
  "project_info": {
    "project_url": "unknown_project_url",
    "project_name": "_j3OqMIUvEemg3PWSmqBV3A",
    "project_version": "unknown_project_version",
    "project_commit_hash": "unknown",
    "project_tag": null,
    "project_commit_date": null,
    "additional": {},
    "number_of_files": 8,
    "number_of_classes_or_interfaces": 8,
    "number_of_methods": 0,
    "number_of_data_fields": 28,
    "number_of_method_parameters": 0
  },
  "detector": {
    "name": "data-clumps-doctor",
    "url": "https://github.com/NilsBaumgartner1994/data-clumps-doctor",
    "version": "0.1.100",
    "options": {
      "typeVariablesConsidered": false,
      "similarityModifierOfVariablesWithUnknownType": 0,
      "fieldsOfClassesWithUnknownHierarchyProbabilityModifier": 0,
      "sharedFieldsToFieldsAmountMinimum": 3,
      "analyseFieldsInClassesOrInterfacesInheritedFromSuperClassesOrInterfaces": false,
      "sharedParametersToParametersAmountMinimum": 3,
      "sharedParametersToFieldsAmountMinimum": 3,
      "methodsOfClassesOrInterfacesWithUnknownHierarchyProbabilityModifier": 0
    }
  },
  "data_clumps": {
    "fields_to_fields_data_clump-./Diskonti-_-uAooGddEDezLfrNNhiwOw-_Xoa68WdiEDezLfrNNhiwOw-ImeAdresaKontakt": {
      "type": "data_clump",
      "key": "fields_to_fields_data_clump-./Diskonti-_-uAooGddEDezLfrNNhiwOw-_Xoa68WdiEDezLfrNNhiwOw-ImeAdresaKontakt",
      "probability": 1,
      "from_file_path": "./Diskonti",
      "from_class_or_interface_name": "Diskonti",
      "from_class_or_interface_key": "_-uAooGddEDezLfrNNhiwOw",
      "from_method_name": null,
      "from_method_key": null,
      "to_file_path": "./Konobari",
      "to_class_or_interface_key": "_Xoa68WdiEDezLfrNNhiwOw",
      "to_class_or_interface_name": "Diskonti",
      "to_method_key": null,
      "to_method_name": null,
      "data_clump_type": "fields_to_fields_data_clump",
      "data_clump_data": {
        "_CTtkAGdeEDezLfrNNhiwOw": {
          "key": "_CTtkAGdeEDezLfrNNhiwOw",
          "name": "Ime",
          "type": null,
          "probability": 1,
          "modifiers": [],
          "to_variable": {
            "key": "_cNaJEGdiEDezLfrNNhiwOw",
            "name": "Ime",
            "type": null,
            "modifiers": [],
            "position": {}
          },
          "position": {}
        },
        "_nonvgGdfEDezLfrNNhiwOw": {
          "key": "_nonvgGdfEDezLfrNNhiwOw",
          "name": "Adresa",
          "type": null,
          "probability": 1,
          "modifiers": [],
          "to_variable": {
            "key": "_TKyckGdjEDezLfrNNhiwOw",
            "name": "Adresa",
            "type": null,
            "modifiers": [],
            "position": {}
          },
          "position": {}
        },
        "_opeIgWdfEDezLfrNNhiwOw": {
          "key": "_opeIgWdfEDezLfrNNhiwOw",
          "name": "Kontakt",
          "type": null,
          "probability": 1,
          "modifiers": [],
          "to_variable": {
            "key": "_UT8dAGdjEDezLfrNNhiwOw",
            "name": "Kontakt",
            "type": null,
            "modifiers": [],
            "position": {}
          },
          "position": {}
        }
      }
    },
    "fields_to_fields_data_clump-./Diskonti-_-uAooGddEDezLfrNNhiwOw-_ayOvEGdjEDezLfrNNhiwOw-ImeAdresaKontakt": {
      "type": "data_clump",
      "key": "fields_to_fields_data_clump-./Diskonti-_-uAooGddEDezLfrNNhiwOw-_ayOvEGdjEDezLfrNNhiwOw-ImeAdresaKontakt",
      "probability": 1,
      "from_file_path": "./Diskonti",
      "from_class_or_interface_name": "Diskonti",
      "from_class_or_interface_key": "_-uAooGddEDezLfrNNhiwOw",
      "from_method_name": null,
      "from_method_key": null,
      "to_file_path": "./Vlasnik",
      "to_class_or_interface_key": "_ayOvEGdjEDezLfrNNhiwOw",
      "to_class_or_interface_name": "Diskonti",
      "to_method_key": null,
      "to_method_name": null,
      "data_clump_type": "fields_to_fields_data_clump",
      "data_clump_data": {
        "_CTtkAGdeEDezLfrNNhiwOw": {
          "key": "_CTtkAGdeEDezLfrNNhiwOw",
          "name": "Ime",
          "type": null,
          "probability": 1,
          "modifiers": [],
          "to_variable": {
            "key": "_ciiPEGdjEDezLfrNNhiwOw",
            "name": "Ime",
            "type": null,
            "modifiers": [],
            "position": {}
          },
          "position": {}
        },
        "_nonvgGdfEDezLfrNNhiwOw": {
          "key": "_nonvgGdfEDezLfrNNhiwOw",
          "name": "Adresa",
          "type": null,
          "probability": 1,
          "modifiers": [],
          "to_variable": {
            "key": "_vW53kGdkEDezLfrNNhiwOw",
            "name": "Adresa",
            "type": null,
            "modifiers": [],
            "position": {}
          },
          "position": {}
        },
        "_opeIgWdfEDezLfrNNhiwOw": {
          "key": "_opeIgWdfEDezLfrNNhiwOw",
          "name": "Kontakt",
          "type": null,
          "probability": 1,
          "modifiers": [],
          "to_variable": {
            "key": "_w1NooGdkEDezLfrNNhiwOw",
            "name": "Kontakt",
            "type": null,
            "modifiers": [],
            "position": {}
          },
          "position": {}
        }
      }
    },
    "fields_to_fields_data_clump-./Konobari-_Xoa68WdiEDezLfrNNhiwOw-_-uAooGddEDezLfrNNhiwOw-ImeAdresaKontakt": {
      "type": "data_clump",
      "key": "fields_to_fields_data_clump-./Konobari-_Xoa68WdiEDezLfrNNhiwOw-_-uAooGddEDezLfrNNhiwOw-ImeAdresaKontakt",
      "probability": 1,
      "from_file_path": "./Konobari",
      "from_class_or_interface_name": "Konobari",
      "from_class_or_interface_key": "_Xoa68WdiEDezLfrNNhiwOw",
      "from_method_name": null,
      "from_method_key": null,
      "to_file_path": "./Diskonti",
      "to_class_or_interface_key": "_-uAooGddEDezLfrNNhiwOw",
      "to_class_or_interface_name": "Konobari",
      "to_method_key": null,
      "to_method_name": null,
      "data_clump_type": "fields_to_fields_data_clump",
      "data_clump_data": {
        "_cNaJEGdiEDezLfrNNhiwOw": {
          "key": "_cNaJEGdiEDezLfrNNhiwOw",
          "name": "Ime",
          "type": null,
          "probability": 1,
          "modifiers": [],
          "to_variable": {
            "key": "_CTtkAGdeEDezLfrNNhiwOw",
            "name": "Ime",
            "type": null,
            "modifiers": [],
            "position": {}
          },
          "position": {}
        },
        "_TKyckGdjEDezLfrNNhiwOw": {
          "key": "_TKyckGdjEDezLfrNNhiwOw",
          "name": "Adresa",
          "type": null,
          "probability": 1,
          "modifiers": [],
          "to_variable": {
            "key": "_nonvgGdfEDezLfrNNhiwOw",
            "name": "Adresa",
            "type": null,
            "modifiers": [],
            "position": {}
          },
          "position": {}
        },
        "_UT8dAGdjEDezLfrNNhiwOw": {
          "key": "_UT8dAGdjEDezLfrNNhiwOw",
          "name": "Kontakt",
          "type": null,
          "probability": 1,
          "modifiers": [],
          "to_variable": {
            "key": "_opeIgWdfEDezLfrNNhiwOw",
            "name": "Kontakt",
            "type": null,
            "modifiers": [],
            "position": {}
          },
          "position": {}
        }
      }
    },
    "fields_to_fields_data_clump-./Konobari-_Xoa68WdiEDezLfrNNhiwOw-_ayOvEGdjEDezLfrNNhiwOw-ImePrezimeAdresaKontaktJMBG": {
      "type": "data_clump",
      "key": "fields_to_fields_data_clump-./Konobari-_Xoa68WdiEDezLfrNNhiwOw-_ayOvEGdjEDezLfrNNhiwOw-ImePrezimeAdresaKontaktJMBG",
      "probability": 1,
      "from_file_path": "./Konobari",
      "from_class_or_interface_name": "Konobari",
      "from_class_or_interface_key": "_Xoa68WdiEDezLfrNNhiwOw",
      "from_method_name": null,
      "from_method_key": null,
      "to_file_path": "./Vlasnik",
      "to_class_or_interface_key": "_ayOvEGdjEDezLfrNNhiwOw",
      "to_class_or_interface_name": "Konobari",
      "to_method_key": null,
      "to_method_name": null,
      "data_clump_type": "fields_to_fields_data_clump",
      "data_clump_data": {
        "_cNaJEGdiEDezLfrNNhiwOw": {
          "key": "_cNaJEGdiEDezLfrNNhiwOw",
          "name": "Ime",
          "type": null,
          "probability": 1,
          "modifiers": [],
          "to_variable": {
            "key": "_ciiPEGdjEDezLfrNNhiwOw",
            "name": "Ime",
            "type": null,
            "modifiers": [],
            "position": {}
          },
          "position": {}
        },
        "_Rm5n8WdjEDezLfrNNhiwOw": {
          "key": "_Rm5n8WdjEDezLfrNNhiwOw",
          "name": "Prezime",
          "type": null,
          "probability": 1,
          "modifiers": [],
          "to_variable": {
            "key": "_dl-pEGdjEDezLfrNNhiwOw",
            "name": "Prezime",
            "type": null,
            "modifiers": [],
            "position": {}
          },
          "position": {}
        },
        "_TKyckGdjEDezLfrNNhiwOw": {
          "key": "_TKyckGdjEDezLfrNNhiwOw",
          "name": "Adresa",
          "type": null,
          "probability": 1,
          "modifiers": [],
          "to_variable": {
            "key": "_vW53kGdkEDezLfrNNhiwOw",
            "name": "Adresa",
            "type": null,
            "modifiers": [],
            "position": {}
          },
          "position": {}
        },
        "_UT8dAGdjEDezLfrNNhiwOw": {
          "key": "_UT8dAGdjEDezLfrNNhiwOw",
          "name": "Kontakt",
          "type": null,
          "probability": 1,
          "modifiers": [],
          "to_variable": {
            "key": "_w1NooGdkEDezLfrNNhiwOw",
            "name": "Kontakt",
            "type": null,
            "modifiers": [],
            "position": {}
          },
          "position": {}
        },
        "_YQDtQGdjEDezLfrNNhiwOw": {
          "key": "_YQDtQGdjEDezLfrNNhiwOw",
          "name": "JMBG",
          "type": null,
          "probability": 1,
          "modifiers": [],
          "to_variable": {
            "key": "_x3V0AGdkEDezLfrNNhiwOw",
            "name": "JMBG",
            "type": null,
            "modifiers": [],
            "position": {}
          },
          "position": {}
        }
      }
    },
    "fields_to_fields_data_clump-./Vlasnik-_ayOvEGdjEDezLfrNNhiwOw-_-uAooGddEDezLfrNNhiwOw-ImeAdresaKontakt": {
      "type": "data_clump",
      "key": "fields_to_fields_data_clump-./Vlasnik-_ayOvEGdjEDezLfrNNhiwOw-_-uAooGddEDezLfrNNhiwOw-ImeAdresaKontakt",
      "probability": 1,
      "from_file_path": "./Vlasnik",
      "from_class_or_interface_name": "Vlasnik",
      "from_class_or_interface_key": "_ayOvEGdjEDezLfrNNhiwOw",
      "from_method_name": null,
      "from_method_key": null,
      "to_file_path": "./Diskonti",
      "to_class_or_interface_key": "_-uAooGddEDezLfrNNhiwOw",
      "to_class_or_interface_name": "Vlasnik",
      "to_method_key": null,
      "to_method_name": null,
      "data_clump_type": "fields_to_fields_data_clump",
      "data_clump_data": {
        "_ciiPEGdjEDezLfrNNhiwOw": {
          "key": "_ciiPEGdjEDezLfrNNhiwOw",
          "name": "Ime",
          "type": null,
          "probability": 1,
          "modifiers": [],
          "to_variable": {
            "key": "_CTtkAGdeEDezLfrNNhiwOw",
            "name": "Ime",
            "type": null,
            "modifiers": [],
            "position": {}
          },
          "position": {}
        },
        "_vW53kGdkEDezLfrNNhiwOw": {
          "key": "_vW53kGdkEDezLfrNNhiwOw",
          "name": "Adresa",
          "type": null,
          "probability": 1,
          "modifiers": [],
          "to_variable": {
            "key": "_nonvgGdfEDezLfrNNhiwOw",
            "name": "Adresa",
            "type": null,
            "modifiers": [],
            "position": {}
          },
          "position": {}
        },
        "_w1NooGdkEDezLfrNNhiwOw": {
          "key": "_w1NooGdkEDezLfrNNhiwOw",
          "name": "Kontakt",
          "type": null,
          "probability": 1,
          "modifiers": [],
          "to_variable": {
            "key": "_opeIgWdfEDezLfrNNhiwOw",
            "name": "Kontakt",
            "type": null,
            "modifiers": [],
            "position": {}
          },
          "position": {}
        }
      }
    },
    "fields_to_fields_data_clump-./Vlasnik-_ayOvEGdjEDezLfrNNhiwOw-_Xoa68WdiEDezLfrNNhiwOw-ImePrezimeAdresaKontaktJMBG": {
      "type": "data_clump",
      "key": "fields_to_fields_data_clump-./Vlasnik-_ayOvEGdjEDezLfrNNhiwOw-_Xoa68WdiEDezLfrNNhiwOw-ImePrezimeAdresaKontaktJMBG",
      "probability": 1,
      "from_file_path": "./Vlasnik",
      "from_class_or_interface_name": "Vlasnik",
      "from_class_or_interface_key": "_ayOvEGdjEDezLfrNNhiwOw",
      "from_method_name": null,
      "from_method_key": null,
      "to_file_path": "./Konobari",
      "to_class_or_interface_key": "_Xoa68WdiEDezLfrNNhiwOw",
      "to_class_or_interface_name": "Vlasnik",
      "to_method_key": null,
      "to_method_name": null,
      "data_clump_type": "fields_to_fields_data_clump",
      "data_clump_data": {
        "_ciiPEGdjEDezLfrNNhiwOw": {
          "key": "_ciiPEGdjEDezLfrNNhiwOw",
          "name": "Ime",
          "type": null,
          "probability": 1,
          "modifiers": [],
          "to_variable": {
            "key": "_cNaJEGdiEDezLfrNNhiwOw",
            "name": "Ime",
            "type": null,
            "modifiers": [],
            "position": {}
          },
          "position": {}
        },
        "_dl-pEGdjEDezLfrNNhiwOw": {
          "key": "_dl-pEGdjEDezLfrNNhiwOw",
          "name": "Prezime",
          "type": null,
          "probability": 1,
          "modifiers": [],
          "to_variable": {
            "key": "_Rm5n8WdjEDezLfrNNhiwOw",
            "name": "Prezime",
            "type": null,
            "modifiers": [],
            "position": {}
          },
          "position": {}
        },
        "_vW53kGdkEDezLfrNNhiwOw": {
          "key": "_vW53kGdkEDezLfrNNhiwOw",
          "name": "Adresa",
          "type": null,
          "probability": 1,
          "modifiers": [],
          "to_variable": {
            "key": "_TKyckGdjEDezLfrNNhiwOw",
            "name": "Adresa",
            "type": null,
            "modifiers": [],
            "position": {}
          },
          "position": {}
        },
        "_w1NooGdkEDezLfrNNhiwOw": {
          "key": "_w1NooGdkEDezLfrNNhiwOw",
          "name": "Kontakt",
          "type": null,
          "probability": 1,
          "modifiers": [],
          "to_variable": {
            "key": "_UT8dAGdjEDezLfrNNhiwOw",
            "name": "Kontakt",
            "type": null,
            "modifiers": [],
            "position": {}
          },
          "position": {}
        },
        "_x3V0AGdkEDezLfrNNhiwOw": {
          "key": "_x3V0AGdkEDezLfrNNhiwOw",
          "name": "JMBG",
          "type": null,
          "probability": 1,
          "modifiers": [],
          "to_variable": {
            "key": "_YQDtQGdjEDezLfrNNhiwOw",
            "name": "JMBG",
            "type": null,
            "modifiers": [],
            "position": {}
          },
          "position": {}
        }
      }
    }
  }
}