{
  "report_version": "unknown",
  "report_timestamp": "2025-03-26T23:10:20.535Z",
  "target_language": "java",
  "report_summary": {
    "additional": null,
    "amount_classes_or_interfaces_with_data_clumps": 6,
    "amount_files_with_data_clumps": 6,
    "amount_methods_with_data_clumps": 0,
    "fields_to_fields_data_clump": 12,
    "parameters_to_fields_data_clump": 0,
    "parameters_to_parameters_data_clump": 0,
    "amount_data_clumps": 12
  },
  "project_info": {
    "project_url": "unknown_project_url",
    "project_name": "_nJdlkLMtEDGZftrRNsRjKg",
    "project_version": "unknown_project_version",
    "project_commit_hash": "unknown",
    "project_tag": null,
    "project_commit_date": null,
    "additional": {},
    "number_of_files": 16,
    "number_of_classes_or_interfaces": 16,
    "number_of_methods": 0,
    "number_of_data_fields": 54,
    "number_of_method_parameters": 0
  },
  "detector": {
    "name": "data-clumps-doctor",
    "url": "https://github.com/NilsBaumgartner1994/data-clumps-doctor",
    "version": "0.1.100",
    "options": {
      "typeVariablesConsidered": false,
      "similarityModifierOfVariablesWithUnknownType": 0,
      "fieldsOfClassesWithUnknownHierarchyProbabilityModifier": 0,
      "sharedFieldsToFieldsAmountMinimum": 3,
      "analyseFieldsInClassesOrInterfacesInheritedFromSuperClassesOrInterfaces": false,
      "sharedParametersToParametersAmountMinimum": 3,
      "sharedParametersToFieldsAmountMinimum": 3,
      "methodsOfClassesOrInterfacesWithUnknownHierarchyProbabilityModifier": 0
    }
  },
  "data_clumps": {
    "fields_to_fields_data_clump-./Commentaire-_q5eI4LZhEDGKhKsi7pCusA-_O0wZoLMvEDGsX9ns2eWZug-NoIDTypeStatut": {
      "type": "data_clump",
      "key": "fields_to_fields_data_clump-./Commentaire-_q5eI4LZhEDGKhKsi7pCusA-_O0wZoLMvEDGsX9ns2eWZug-NoIDTypeStatut",
      "probability": 1,
      "from_file_path": "./Commentaire",
      "from_class_or_interface_name": "Commentaire",
      "from_class_or_interface_key": "_q5eI4LZhEDGKhKsi7pCusA",
      "from_method_name": null,
      "from_method_key": null,
      "to_file_path": "./Contrat",
      "to_class_or_interface_key": "_O0wZoLMvEDGsX9ns2eWZug",
      "to_class_or_interface_name": "Commentaire",
      "to_method_key": null,
      "to_method_name": null,
      "data_clump_type": "fields_to_fields_data_clump",
      "data_clump_data": {
        "_scjsQLZhEDGKhKsi7pCusA": {
          "key": "_scjsQLZhEDGKhKsi7pCusA",
          "name": "NoID",
          "type": null,
          "probability": 1,
          "modifiers": [],
          "to_variable": {
            "key": "_JhbM4LMxEDGsX9ns2eWZug",
            "name": "NoID",
            "type": null,
            "modifiers": [],
            "position": {}
          },
          "position": {}
        },
        "_WAMM0LmWEDGKVshS6C1FCQ": {
          "key": "_WAMM0LmWEDGKVshS6C1FCQ",
          "name": "Type",
          "type": null,
          "probability": 1,
          "modifiers": [],
          "to_variable": {
            "key": "_caHDsLZeEDGKhKsi7pCusA",
            "name": "Type",
            "type": null,
            "modifiers": [],
            "position": {}
          },
          "position": {}
        },
        "_TQdlULZjEDGKhKsi7pCusA": {
          "key": "_TQdlULZjEDGKhKsi7pCusA",
          "name": "Statut",
          "type": null,
          "probability": 1,
          "modifiers": [],
          "to_variable": {
            "key": "_Qhah4LmUEDGKVshS6C1FCQ",
            "name": "Statut",
            "type": null,
            "modifiers": [],
            "position": {}
          },
          "position": {}
        }
      }
    },
    "fields_to_fields_data_clump-./Commentaire-_q5eI4LZhEDGKhKsi7pCusA-_K6AikLmWEDGKVshS6C1FCQ-NoIDTypeStatutContenu": {
      "type": "data_clump",
      "key": "fields_to_fields_data_clump-./Commentaire-_q5eI4LZhEDGKhKsi7pCusA-_K6AikLmWEDGKVshS6C1FCQ-NoIDTypeStatutContenu",
      "probability": 1,
      "from_file_path": "./Commentaire",
      "from_class_or_interface_name": "Commentaire",
      "from_class_or_interface_key": "_q5eI4LZhEDGKhKsi7pCusA",
      "from_method_name": null,
      "from_method_key": null,
      "to_file_path": "./Evenements",
      "to_class_or_interface_key": "_K6AikLmWEDGKVshS6C1FCQ",
      "to_class_or_interface_name": "Commentaire",
      "to_method_key": null,
      "to_method_name": null,
      "data_clump_type": "fields_to_fields_data_clump",
      "data_clump_data": {
        "_scjsQLZhEDGKhKsi7pCusA": {
          "key": "_scjsQLZhEDGKhKsi7pCusA",
          "name": "NoID",
          "type": null,
          "probability": 1,
          "modifiers": [],
          "to_variable": {
            "key": "_MX75ILmWEDGKVshS6C1FCQ",
            "name": "NoID",
            "type": null,
            "modifiers": [],
            "position": {}
          },
          "position": {}
        },
        "_WAMM0LmWEDGKVshS6C1FCQ": {
          "key": "_WAMM0LmWEDGKVshS6C1FCQ",
          "name": "Type",
          "type": null,
          "probability": 1,
          "modifiers": [],
          "to_variable": {
            "key": "_MvO-0LmWEDGKVshS6C1FCQ",
            "name": "Type",
            "type": null,
            "modifiers": [],
            "position": {}
          },
          "position": {}
        },
        "_TQdlULZjEDGKhKsi7pCusA": {
          "key": "_TQdlULZjEDGKhKsi7pCusA",
          "name": "Statut",
          "type": null,
          "probability": 1,
          "modifiers": [],
          "to_variable": {
            "key": "_NIpkYLmWEDGKVshS6C1FCQ",
            "name": "Statut",
            "type": null,
            "modifiers": [],
            "position": {}
          },
          "position": {}
        },
        "_Tz-iELZjEDGKhKsi7pCusA": {
          "key": "_Tz-iELZjEDGKhKsi7pCusA",
          "name": "Contenu",
          "type": null,
          "probability": 1,
          "modifiers": [],
          "to_variable": {
            "key": "_Uc-GkLmWEDGKVshS6C1FCQ",
            "name": "Contenu",
            "type": null,
            "modifiers": [],
            "position": {}
          },
          "position": {}
        }
      }
    },
    "fields_to_fields_data_clump-./Contrat-_O0wZoLMvEDGsX9ns2eWZug-_q5eI4LZhEDGKhKsi7pCusA-NoIDTypeStatut": {
      "type": "data_clump",
      "key": "fields_to_fields_data_clump-./Contrat-_O0wZoLMvEDGsX9ns2eWZug-_q5eI4LZhEDGKhKsi7pCusA-NoIDTypeStatut",
      "probability": 1,
      "from_file_path": "./Contrat",
      "from_class_or_interface_name": "Contrat",
      "from_class_or_interface_key": "_O0wZoLMvEDGsX9ns2eWZug",
      "from_method_name": null,
      "from_method_key": null,
      "to_file_path": "./Commentaire",
      "to_class_or_interface_key": "_q5eI4LZhEDGKhKsi7pCusA",
      "to_class_or_interface_name": "Contrat",
      "to_method_key": null,
      "to_method_name": null,
      "data_clump_type": "fields_to_fields_data_clump",
      "data_clump_data": {
        "_JhbM4LMxEDGsX9ns2eWZug": {
          "key": "_JhbM4LMxEDGsX9ns2eWZug",
          "name": "NoID",
          "type": null,
          "probability": 1,
          "modifiers": [],
          "to_variable": {
            "key": "_scjsQLZhEDGKhKsi7pCusA",
            "name": "NoID",
            "type": null,
            "modifiers": [],
            "position": {}
          },
          "position": {}
        },
        "_caHDsLZeEDGKhKsi7pCusA": {
          "key": "_caHDsLZeEDGKhKsi7pCusA",
          "name": "Type",
          "type": null,
          "probability": 1,
          "modifiers": [],
          "to_variable": {
            "key": "_WAMM0LmWEDGKVshS6C1FCQ",
            "name": "Type",
            "type": null,
            "modifiers": [],
            "position": {}
          },
          "position": {}
        },
        "_Qhah4LmUEDGKVshS6C1FCQ": {
          "key": "_Qhah4LmUEDGKVshS6C1FCQ",
          "name": "Statut",
          "type": null,
          "probability": 1,
          "modifiers": [],
          "to_variable": {
            "key": "_TQdlULZjEDGKhKsi7pCusA",
            "name": "Statut",
            "type": null,
            "modifiers": [],
            "position": {}
          },
          "position": {}
        }
      }
    },
    "fields_to_fields_data_clump-./Contrat-_O0wZoLMvEDGsX9ns2eWZug-_K6AikLmWEDGKVshS6C1FCQ-NoIDTypeStatut": {
      "type": "data_clump",
      "key": "fields_to_fields_data_clump-./Contrat-_O0wZoLMvEDGsX9ns2eWZug-_K6AikLmWEDGKVshS6C1FCQ-NoIDTypeStatut",
      "probability": 1,
      "from_file_path": "./Contrat",
      "from_class_or_interface_name": "Contrat",
      "from_class_or_interface_key": "_O0wZoLMvEDGsX9ns2eWZug",
      "from_method_name": null,
      "from_method_key": null,
      "to_file_path": "./Evenements",
      "to_class_or_interface_key": "_K6AikLmWEDGKVshS6C1FCQ",
      "to_class_or_interface_name": "Contrat",
      "to_method_key": null,
      "to_method_name": null,
      "data_clump_type": "fields_to_fields_data_clump",
      "data_clump_data": {
        "_JhbM4LMxEDGsX9ns2eWZug": {
          "key": "_JhbM4LMxEDGsX9ns2eWZug",
          "name": "NoID",
          "type": null,
          "probability": 1,
          "modifiers": [],
          "to_variable": {
            "key": "_MX75ILmWEDGKVshS6C1FCQ",
            "name": "NoID",
            "type": null,
            "modifiers": [],
            "position": {}
          },
          "position": {}
        },
        "_caHDsLZeEDGKhKsi7pCusA": {
          "key": "_caHDsLZeEDGKhKsi7pCusA",
          "name": "Type",
          "type": null,
          "probability": 1,
          "modifiers": [],
          "to_variable": {
            "key": "_MvO-0LmWEDGKVshS6C1FCQ",
            "name": "Type",
            "type": null,
            "modifiers": [],
            "position": {}
          },
          "position": {}
        },
        "_Qhah4LmUEDGKVshS6C1FCQ": {
          "key": "_Qhah4LmUEDGKVshS6C1FCQ",
          "name": "Statut",
          "type": null,
          "probability": 1,
          "modifiers": [],
          "to_variable": {
            "key": "_NIpkYLmWEDGKVshS6C1FCQ",
            "name": "Statut",
            "type": null,
            "modifiers": [],
            "position": {}
          },
          "position": {}
        }
      }
    },
    "fields_to_fields_data_clump-./Evenements-_K6AikLmWEDGKVshS6C1FCQ-_q5eI4LZhEDGKhKsi7pCusA-NoIDTypeStatutContenu": {
      "type": "data_clump",
      "key": "fields_to_fields_data_clump-./Evenements-_K6AikLmWEDGKVshS6C1FCQ-_q5eI4LZhEDGKhKsi7pCusA-NoIDTypeStatutContenu",
      "probability": 1,
      "from_file_path": "./Evenements",
      "from_class_or_interface_name": "Evenements",
      "from_class_or_interface_key": "_K6AikLmWEDGKVshS6C1FCQ",
      "from_method_name": null,
      "from_method_key": null,
      "to_file_path": "./Commentaire",
      "to_class_or_interface_key": "_q5eI4LZhEDGKhKsi7pCusA",
      "to_class_or_interface_name": "Evenements",
      "to_method_key": null,
      "to_method_name": null,
      "data_clump_type": "fields_to_fields_data_clump",
      "data_clump_data": {
        "_MX75ILmWEDGKVshS6C1FCQ": {
          "key": "_MX75ILmWEDGKVshS6C1FCQ",
          "name": "NoID",
          "type": null,
          "probability": 1,
          "modifiers": [],
          "to_variable": {
            "key": "_scjsQLZhEDGKhKsi7pCusA",
            "name": "NoID",
            "type": null,
            "modifiers": [],
            "position": {}
          },
          "position": {}
        },
        "_MvO-0LmWEDGKVshS6C1FCQ": {
          "key": "_MvO-0LmWEDGKVshS6C1FCQ",
          "name": "Type",
          "type": null,
          "probability": 1,
          "modifiers": [],
          "to_variable": {
            "key": "_WAMM0LmWEDGKVshS6C1FCQ",
            "name": "Type",
            "type": null,
            "modifiers": [],
            "position": {}
          },
          "position": {}
        },
        "_NIpkYLmWEDGKVshS6C1FCQ": {
          "key": "_NIpkYLmWEDGKVshS6C1FCQ",
          "name": "Statut",
          "type": null,
          "probability": 1,
          "modifiers": [],
          "to_variable": {
            "key": "_TQdlULZjEDGKhKsi7pCusA",
            "name": "Statut",
            "type": null,
            "modifiers": [],
            "position": {}
          },
          "position": {}
        },
        "_Uc-GkLmWEDGKVshS6C1FCQ": {
          "key": "_Uc-GkLmWEDGKVshS6C1FCQ",
          "name": "Contenu",
          "type": null,
          "probability": 1,
          "modifiers": [],
          "to_variable": {
            "key": "_Tz-iELZjEDGKhKsi7pCusA",
            "name": "Contenu",
            "type": null,
            "modifiers": [],
            "position": {}
          },
          "position": {}
        }
      }
    },
    "fields_to_fields_data_clump-./Evenements-_K6AikLmWEDGKVshS6C1FCQ-_O0wZoLMvEDGsX9ns2eWZug-NoIDTypeStatut": {
      "type": "data_clump",
      "key": "fields_to_fields_data_clump-./Evenements-_K6AikLmWEDGKVshS6C1FCQ-_O0wZoLMvEDGsX9ns2eWZug-NoIDTypeStatut",
      "probability": 1,
      "from_file_path": "./Evenements",
      "from_class_or_interface_name": "Evenements",
      "from_class_or_interface_key": "_K6AikLmWEDGKVshS6C1FCQ",
      "from_method_name": null,
      "from_method_key": null,
      "to_file_path": "./Contrat",
      "to_class_or_interface_key": "_O0wZoLMvEDGsX9ns2eWZug",
      "to_class_or_interface_name": "Evenements",
      "to_method_key": null,
      "to_method_name": null,
      "data_clump_type": "fields_to_fields_data_clump",
      "data_clump_data": {
        "_MX75ILmWEDGKVshS6C1FCQ": {
          "key": "_MX75ILmWEDGKVshS6C1FCQ",
          "name": "NoID",
          "type": null,
          "probability": 1,
          "modifiers": [],
          "to_variable": {
            "key": "_JhbM4LMxEDGsX9ns2eWZug",
            "name": "NoID",
            "type": null,
            "modifiers": [],
            "position": {}
          },
          "position": {}
        },
        "_MvO-0LmWEDGKVshS6C1FCQ": {
          "key": "_MvO-0LmWEDGKVshS6C1FCQ",
          "name": "Type",
          "type": null,
          "probability": 1,
          "modifiers": [],
          "to_variable": {
            "key": "_caHDsLZeEDGKhKsi7pCusA",
            "name": "Type",
            "type": null,
            "modifiers": [],
            "position": {}
          },
          "position": {}
        },
        "_NIpkYLmWEDGKVshS6C1FCQ": {
          "key": "_NIpkYLmWEDGKVshS6C1FCQ",
          "name": "Statut",
          "type": null,
          "probability": 1,
          "modifiers": [],
          "to_variable": {
            "key": "_Qhah4LmUEDGKVshS6C1FCQ",
            "name": "Statut",
            "type": null,
            "modifiers": [],
            "position": {}
          },
          "position": {}
        }
      }
    },
    "fields_to_fields_data_clump-./MemoREP-_tlKy0LMvEDGsX9ns2eWZug-_RrIJ0LMvEDGsX9ns2eWZug-NoIDTravauxStatut": {
      "type": "data_clump",
      "key": "fields_to_fields_data_clump-./MemoREP-_tlKy0LMvEDGsX9ns2eWZug-_RrIJ0LMvEDGsX9ns2eWZug-NoIDTravauxStatut",
      "probability": 1,
      "from_file_path": "./MemoREP",
      "from_class_or_interface_name": "MemoREP",
      "from_class_or_interface_key": "_tlKy0LMvEDGsX9ns2eWZug",
      "from_method_name": null,
      "from_method_key": null,
      "to_file_path": "./OBR",
      "to_class_or_interface_key": "_RrIJ0LMvEDGsX9ns2eWZug",
      "to_class_or_interface_name": "MemoREP",
      "to_method_key": null,
      "to_method_name": null,
      "data_clump_type": "fields_to_fields_data_clump",
      "data_clump_data": {
        "_TVkAcLMxEDGsX9ns2eWZug": {
          "key": "_TVkAcLMxEDGsX9ns2eWZug",
          "name": "NoID",
          "type": null,
          "probability": 1,
          "modifiers": [],
          "to_variable": {
            "key": "_f6Tu4LM7EDGsX9ns2eWZug",
            "name": "NoID",
            "type": null,
            "modifiers": [],
            "position": {}
          },
          "position": {}
        },
        "_IT5KELZjEDGKhKsi7pCusA": {
          "key": "_IT5KELZjEDGKhKsi7pCusA",
          "name": "Travaux",
          "type": null,
          "probability": 1,
          "modifiers": [],
          "to_variable": {
            "key": "_3L61QLdOEDGaFqyBKldORg",
            "name": "Travaux",
            "type": null,
            "modifiers": [],
            "position": {}
          },
          "position": {}
        },
        "_IRuHILmVEDGKVshS6C1FCQ": {
          "key": "_IRuHILmVEDGKVshS6C1FCQ",
          "name": "Statut",
          "type": null,
          "probability": 1,
          "modifiers": [],
          "to_variable": {
            "key": "_hVIhQLmVEDGKVshS6C1FCQ",
            "name": "Statut",
            "type": null,
            "modifiers": [],
            "position": {}
          },
          "position": {}
        }
      }
    },
    "fields_to_fields_data_clump-./MemoREP-_tlKy0LMvEDGsX9ns2eWZug-_Ss4hwLMvEDGsX9ns2eWZug-NoIDTravauxStatut": {
      "type": "data_clump",
      "key": "fields_to_fields_data_clump-./MemoREP-_tlKy0LMvEDGsX9ns2eWZug-_Ss4hwLMvEDGsX9ns2eWZug-NoIDTravauxStatut",
      "probability": 1,
      "from_file_path": "./MemoREP",
      "from_class_or_interface_name": "MemoREP",
      "from_class_or_interface_key": "_tlKy0LMvEDGsX9ns2eWZug",
      "from_method_name": null,
      "from_method_key": null,
      "to_file_path": "./Offre",
      "to_class_or_interface_key": "_Ss4hwLMvEDGsX9ns2eWZug",
      "to_class_or_interface_name": "MemoREP",
      "to_method_key": null,
      "to_method_name": null,
      "data_clump_type": "fields_to_fields_data_clump",
      "data_clump_data": {
        "_TVkAcLMxEDGsX9ns2eWZug": {
          "key": "_TVkAcLMxEDGsX9ns2eWZug",
          "name": "NoID",
          "type": null,
          "probability": 1,
          "modifiers": [],
          "to_variable": {
            "key": "_gq8hoLM7EDGsX9ns2eWZug",
            "name": "NoID",
            "type": null,
            "modifiers": [],
            "position": {}
          },
          "position": {}
        },
        "_IT5KELZjEDGKhKsi7pCusA": {
          "key": "_IT5KELZjEDGKhKsi7pCusA",
          "name": "Travaux",
          "type": null,
          "probability": 1,
          "modifiers": [],
          "to_variable": {
            "key": "_hcdeILM7EDGsX9ns2eWZug",
            "name": "Travaux",
            "type": null,
            "modifiers": [],
            "position": {}
          },
          "position": {}
        },
        "_IRuHILmVEDGKVshS6C1FCQ": {
          "key": "_IRuHILmVEDGKVshS6C1FCQ",
          "name": "Statut",
          "type": null,
          "probability": 1,
          "modifiers": [],
          "to_variable": {
            "key": "_VI3YsLmVEDGKVshS6C1FCQ",
            "name": "Statut",
            "type": null,
            "modifiers": [],
            "position": {}
          },
          "position": {}
        }
      }
    },
    "fields_to_fields_data_clump-./OBR-_RrIJ0LMvEDGsX9ns2eWZug-_tlKy0LMvEDGsX9ns2eWZug-NoIDTravauxStatut": {
      "type": "data_clump",
      "key": "fields_to_fields_data_clump-./OBR-_RrIJ0LMvEDGsX9ns2eWZug-_tlKy0LMvEDGsX9ns2eWZug-NoIDTravauxStatut",
      "probability": 1,
      "from_file_path": "./OBR",
      "from_class_or_interface_name": "OBR",
      "from_class_or_interface_key": "_RrIJ0LMvEDGsX9ns2eWZug",
      "from_method_name": null,
      "from_method_key": null,
      "to_file_path": "./MemoREP",
      "to_class_or_interface_key": "_tlKy0LMvEDGsX9ns2eWZug",
      "to_class_or_interface_name": "OBR",
      "to_method_key": null,
      "to_method_name": null,
      "data_clump_type": "fields_to_fields_data_clump",
      "data_clump_data": {
        "_f6Tu4LM7EDGsX9ns2eWZug": {
          "key": "_f6Tu4LM7EDGsX9ns2eWZug",
          "name": "NoID",
          "type": null,
          "probability": 1,
          "modifiers": [],
          "to_variable": {
            "key": "_TVkAcLMxEDGsX9ns2eWZug",
            "name": "NoID",
            "type": null,
            "modifiers": [],
            "position": {}
          },
          "position": {}
        },
        "_3L61QLdOEDGaFqyBKldORg": {
          "key": "_3L61QLdOEDGaFqyBKldORg",
          "name": "Travaux",
          "type": null,
          "probability": 1,
          "modifiers": [],
          "to_variable": {
            "key": "_IT5KELZjEDGKhKsi7pCusA",
            "name": "Travaux",
            "type": null,
            "modifiers": [],
            "position": {}
          },
          "position": {}
        },
        "_hVIhQLmVEDGKVshS6C1FCQ": {
          "key": "_hVIhQLmVEDGKVshS6C1FCQ",
          "name": "Statut",
          "type": null,
          "probability": 1,
          "modifiers": [],
          "to_variable": {
            "key": "_IRuHILmVEDGKVshS6C1FCQ",
            "name": "Statut",
            "type": null,
            "modifiers": [],
            "position": {}
          },
          "position": {}
        }
      }
    },
    "fields_to_fields_data_clump-./OBR-_RrIJ0LMvEDGsX9ns2eWZug-_Ss4hwLMvEDGsX9ns2eWZug-NoIDTravauxStatut": {
      "type": "data_clump",
      "key": "fields_to_fields_data_clump-./OBR-_RrIJ0LMvEDGsX9ns2eWZug-_Ss4hwLMvEDGsX9ns2eWZug-NoIDTravauxStatut",
      "probability": 1,
      "from_file_path": "./OBR",
      "from_class_or_interface_name": "OBR",
      "from_class_or_interface_key": "_RrIJ0LMvEDGsX9ns2eWZug",
      "from_method_name": null,
      "from_method_key": null,
      "to_file_path": "./Offre",
      "to_class_or_interface_key": "_Ss4hwLMvEDGsX9ns2eWZug",
      "to_class_or_interface_name": "OBR",
      "to_method_key": null,
      "to_method_name": null,
      "data_clump_type": "fields_to_fields_data_clump",
      "data_clump_data": {
        "_f6Tu4LM7EDGsX9ns2eWZug": {
          "key": "_f6Tu4LM7EDGsX9ns2eWZug",
          "name": "NoID",
          "type": null,
          "probability": 1,
          "modifiers": [],
          "to_variable": {
            "key": "_gq8hoLM7EDGsX9ns2eWZug",
            "name": "NoID",
            "type": null,
            "modifiers": [],
            "position": {}
          },
          "position": {}
        },
        "_3L61QLdOEDGaFqyBKldORg": {
          "key": "_3L61QLdOEDGaFqyBKldORg",
          "name": "Travaux",
          "type": null,
          "probability": 1,
          "modifiers": [],
          "to_variable": {
            "key": "_hcdeILM7EDGsX9ns2eWZug",
            "name": "Travaux",
            "type": null,
            "modifiers": [],
            "position": {}
          },
          "position": {}
        },
        "_hVIhQLmVEDGKVshS6C1FCQ": {
          "key": "_hVIhQLmVEDGKVshS6C1FCQ",
          "name": "Statut",
          "type": null,
          "probability": 1,
          "modifiers": [],
          "to_variable": {
            "key": "_VI3YsLmVEDGKVshS6C1FCQ",
            "name": "Statut",
            "type": null,
            "modifiers": [],
            "position": {}
          },
          "position": {}
        }
      }
    },
    "fields_to_fields_data_clump-./Offre-_Ss4hwLMvEDGsX9ns2eWZug-_tlKy0LMvEDGsX9ns2eWZug-NoIDTravauxStatut": {
      "type": "data_clump",
      "key": "fields_to_fields_data_clump-./Offre-_Ss4hwLMvEDGsX9ns2eWZug-_tlKy0LMvEDGsX9ns2eWZug-NoIDTravauxStatut",
      "probability": 1,
      "from_file_path": "./Offre",
      "from_class_or_interface_name": "Offre",
      "from_class_or_interface_key": "_Ss4hwLMvEDGsX9ns2eWZug",
      "from_method_name": null,
      "from_method_key": null,
      "to_file_path": "./MemoREP",
      "to_class_or_interface_key": "_tlKy0LMvEDGsX9ns2eWZug",
      "to_class_or_interface_name": "Offre",
      "to_method_key": null,
      "to_method_name": null,
      "data_clump_type": "fields_to_fields_data_clump",
      "data_clump_data": {
        "_gq8hoLM7EDGsX9ns2eWZug": {
          "key": "_gq8hoLM7EDGsX9ns2eWZug",
          "name": "NoID",
          "type": null,
          "probability": 1,
          "modifiers": [],
          "to_variable": {
            "key": "_TVkAcLMxEDGsX9ns2eWZug",
            "name": "NoID",
            "type": null,
            "modifiers": [],
            "position": {}
          },
          "position": {}
        },
        "_hcdeILM7EDGsX9ns2eWZug": {
          "key": "_hcdeILM7EDGsX9ns2eWZug",
          "name": "Travaux",
          "type": null,
          "probability": 1,
          "modifiers": [],
          "to_variable": {
            "key": "_IT5KELZjEDGKhKsi7pCusA",
            "name": "Travaux",
            "type": null,
            "modifiers": [],
            "position": {}
          },
          "position": {}
        },
        "_VI3YsLmVEDGKVshS6C1FCQ": {
          "key": "_VI3YsLmVEDGKVshS6C1FCQ",
          "name": "Statut",
          "type": null,
          "probability": 1,
          "modifiers": [],
          "to_variable": {
            "key": "_IRuHILmVEDGKVshS6C1FCQ",
            "name": "Statut",
            "type": null,
            "modifiers": [],
            "position": {}
          },
          "position": {}
        }
      }
    },
    "fields_to_fields_data_clump-./Offre-_Ss4hwLMvEDGsX9ns2eWZug-_RrIJ0LMvEDGsX9ns2eWZug-NoIDTravauxStatut": {
      "type": "data_clump",
      "key": "fields_to_fields_data_clump-./Offre-_Ss4hwLMvEDGsX9ns2eWZug-_RrIJ0LMvEDGsX9ns2eWZug-NoIDTravauxStatut",
      "probability": 1,
      "from_file_path": "./Offre",
      "from_class_or_interface_name": "Offre",
      "from_class_or_interface_key": "_Ss4hwLMvEDGsX9ns2eWZug",
      "from_method_name": null,
      "from_method_key": null,
      "to_file_path": "./OBR",
      "to_class_or_interface_key": "_RrIJ0LMvEDGsX9ns2eWZug",
      "to_class_or_interface_name": "Offre",
      "to_method_key": null,
      "to_method_name": null,
      "data_clump_type": "fields_to_fields_data_clump",
      "data_clump_data": {
        "_gq8hoLM7EDGsX9ns2eWZug": {
          "key": "_gq8hoLM7EDGsX9ns2eWZug",
          "name": "NoID",
          "type": null,
          "probability": 1,
          "modifiers": [],
          "to_variable": {
            "key": "_f6Tu4LM7EDGsX9ns2eWZug",
            "name": "NoID",
            "type": null,
            "modifiers": [],
            "position": {}
          },
          "position": {}
        },
        "_hcdeILM7EDGsX9ns2eWZug": {
          "key": "_hcdeILM7EDGsX9ns2eWZug",
          "name": "Travaux",
          "type": null,
          "probability": 1,
          "modifiers": [],
          "to_variable": {
            "key": "_3L61QLdOEDGaFqyBKldORg",
            "name": "Travaux",
            "type": null,
            "modifiers": [],
            "position": {}
          },
          "position": {}
        },
        "_VI3YsLmVEDGKVshS6C1FCQ": {
          "key": "_VI3YsLmVEDGKVshS6C1FCQ",
          "name": "Statut",
          "type": null,
          "probability": 1,
          "modifiers": [],
          "to_variable": {
            "key": "_hVIhQLmVEDGKVshS6C1FCQ",
            "name": "Statut",
            "type": null,
            "modifiers": [],
            "position": {}
          },
          "position": {}
        }
      }
    }
  }
}