{
  "report_version": "unknown",
  "report_timestamp": "2025-03-26T22:02:42.068Z",
  "target_language": "java",
  "report_summary": {
    "additional": null,
    "amount_classes_or_interfaces_with_data_clumps": 8,
    "amount_files_with_data_clumps": 8,
    "amount_methods_with_data_clumps": 8,
    "fields_to_fields_data_clump": 0,
    "parameters_to_fields_data_clump": 0,
    "parameters_to_parameters_data_clump": 26,
    "amount_data_clumps": 26
  },
  "project_info": {
    "project_url": "unknown_project_url",
    "project_name": "_pEw80NjaEeiA5M_nJapEiA",
    "project_version": "unknown_project_version",
    "project_commit_hash": "unknown",
    "project_tag": null,
    "project_commit_date": null,
    "additional": {},
    "number_of_files": 16,
    "number_of_classes_or_interfaces": 16,
    "number_of_methods": 63,
    "number_of_data_fields": 25,
    "number_of_method_parameters": 56
  },
  "detector": {
    "name": "data-clumps-doctor",
    "url": "https://github.com/NilsBaumgartner1994/data-clumps-doctor",
    "version": "0.1.100",
    "options": {
      "typeVariablesConsidered": false,
      "similarityModifierOfVariablesWithUnknownType": 0,
      "fieldsOfClassesWithUnknownHierarchyProbabilityModifier": 0,
      "sharedFieldsToFieldsAmountMinimum": 3,
      "analyseFieldsInClassesOrInterfacesInheritedFromSuperClassesOrInterfaces": false,
      "sharedParametersToParametersAmountMinimum": 3,
      "sharedParametersToFieldsAmountMinimum": 3,
      "methodsOfClassesOrInterfacesWithUnknownHierarchyProbabilityModifier": 0
    }
  },
  "data_clumps": {
    "parameters_to_parameters_data_clump-./Account-_pU0yVtjaEei3Gv3T4rBBnQ-_pU2AMdjaEei3Gv3T4rBBnQ-theAccountNumberthePINtheAvailableBalancetheTotalBalance": {
      "type": "data_clump",
      "key": "parameters_to_parameters_data_clump-./Account-_pU0yVtjaEei3Gv3T4rBBnQ-_pU2AMdjaEei3Gv3T4rBBnQ-theAccountNumberthePINtheAvailableBalancetheTotalBalance",
      "probability": 1,
      "from_file_path": "./Account",
      "from_class_or_interface_name": "Account",
      "from_class_or_interface_key": "_pU0ySNjaEei3Gv3T4rBBnQ",
      "from_method_name": "Account",
      "from_method_key": "_pU0yVtjaEei3Gv3T4rBBnQ",
      "to_file_path": "./CurrentAccount",
      "to_class_or_interface_name": "CurrentAccount",
      "to_class_or_interface_key": "_pU1ZlNjaEei3Gv3T4rBBnQ",
      "to_method_name": "CurrentAccount",
      "to_method_key": "_pU2AMdjaEei3Gv3T4rBBnQ",
      "data_clump_type": "parameters_to_parameters_data_clump",
      "data_clump_data": {
        "_pU0yV9jaEei3Gv3T4rBBnQ": {
          "key": "_pU0yV9jaEei3Gv3T4rBBnQ",
          "name": "theAccountNumber",
          "type": null,
          "probability": 1,
          "modifiers": [],
          "to_variable": {
            "key": "_pU2AMtjaEei3Gv3T4rBBnQ",
            "name": "theAccountNumber",
            "type": null,
            "modifiers": [],
            "position": {}
          },
          "position": {}
        },
        "_pU0yWtjaEei3Gv3T4rBBnQ": {
          "key": "_pU0yWtjaEei3Gv3T4rBBnQ",
          "name": "thePIN",
          "type": null,
          "probability": 1,
          "modifiers": [],
          "to_variable": {
            "key": "_pU2ANdjaEei3Gv3T4rBBnQ",
            "name": "thePIN",
            "type": null,
            "modifiers": [],
            "position": {}
          },
          "position": {}
        },
        "_pU0yXdjaEei3Gv3T4rBBnQ": {
          "key": "_pU0yXdjaEei3Gv3T4rBBnQ",
          "name": "theAvailableBalance",
          "type": null,
          "probability": 1,
          "modifiers": [],
          "to_variable": {
            "key": "_pU2AONjaEei3Gv3T4rBBnQ",
            "name": "theAvailableBalance",
            "type": null,
            "modifiers": [],
            "position": {}
          },
          "position": {}
        },
        "_pU0yYNjaEei3Gv3T4rBBnQ": {
          "key": "_pU0yYNjaEei3Gv3T4rBBnQ",
          "name": "theTotalBalance",
          "type": null,
          "probability": 1,
          "modifiers": [],
          "to_variable": {
            "key": "_pU2AO9jaEei3Gv3T4rBBnQ",
            "name": "theTotalBalance",
            "type": null,
            "modifiers": [],
            "position": {}
          },
          "position": {}
        }
      }
    },
    "parameters_to_parameters_data_clump-./Account-_pU0yVtjaEei3Gv3T4rBBnQ-_pU2AfNjaEei3Gv3T4rBBnQ-theAccountNumberthePINtheAvailableBalancetheTotalBalance": {
      "type": "data_clump",
      "key": "parameters_to_parameters_data_clump-./Account-_pU0yVtjaEei3Gv3T4rBBnQ-_pU2AfNjaEei3Gv3T4rBBnQ-theAccountNumberthePINtheAvailableBalancetheTotalBalance",
      "probability": 1,
      "from_file_path": "./Account",
      "from_class_or_interface_name": "Account",
      "from_class_or_interface_key": "_pU0ySNjaEei3Gv3T4rBBnQ",
      "from_method_name": "Account",
      "from_method_key": "_pU0yVtjaEei3Gv3T4rBBnQ",
      "to_file_path": "./SavingAccount",
      "to_class_or_interface_name": "SavingAccount",
      "to_class_or_interface_key": "_pU2AdtjaEei3Gv3T4rBBnQ",
      "to_method_name": "SavingAccount",
      "to_method_key": "_pU2AfNjaEei3Gv3T4rBBnQ",
      "data_clump_type": "parameters_to_parameters_data_clump",
      "data_clump_data": {
        "_pU0yV9jaEei3Gv3T4rBBnQ": {
          "key": "_pU0yV9jaEei3Gv3T4rBBnQ",
          "name": "theAccountNumber",
          "type": null,
          "probability": 1,
          "modifiers": [],
          "to_variable": {
            "key": "_pU2AfdjaEei3Gv3T4rBBnQ",
            "name": "theAccountNumber",
            "type": null,
            "modifiers": [],
            "position": {}
          },
          "position": {}
        },
        "_pU0yWtjaEei3Gv3T4rBBnQ": {
          "key": "_pU0yWtjaEei3Gv3T4rBBnQ",
          "name": "thePIN",
          "type": null,
          "probability": 1,
          "modifiers": [],
          "to_variable": {
            "key": "_pU2AgNjaEei3Gv3T4rBBnQ",
            "name": "thePIN",
            "type": null,
            "modifiers": [],
            "position": {}
          },
          "position": {}
        },
        "_pU0yXdjaEei3Gv3T4rBBnQ": {
          "key": "_pU0yXdjaEei3Gv3T4rBBnQ",
          "name": "theAvailableBalance",
          "type": null,
          "probability": 1,
          "modifiers": [],
          "to_variable": {
            "key": "_pU2Ag9jaEei3Gv3T4rBBnQ",
            "name": "theAvailableBalance",
            "type": null,
            "modifiers": [],
            "position": {}
          },
          "position": {}
        },
        "_pU0yYNjaEei3Gv3T4rBBnQ": {
          "key": "_pU0yYNjaEei3Gv3T4rBBnQ",
          "name": "theTotalBalance",
          "type": null,
          "probability": 1,
          "modifiers": [],
          "to_variable": {
            "key": "_pU2AhtjaEei3Gv3T4rBBnQ",
            "name": "theTotalBalance",
            "type": null,
            "modifiers": [],
            "position": {}
          },
          "position": {}
        }
      }
    },
    "parameters_to_parameters_data_clump-./BalanceInquiry-_pU0yiNjaEei3Gv3T4rBBnQ-_pU2ATdjaEei3Gv3T4rBBnQ-userAccountNumberatmScreenatmBankDatabase": {
      "type": "data_clump",
      "key": "parameters_to_parameters_data_clump-./BalanceInquiry-_pU0yiNjaEei3Gv3T4rBBnQ-_pU2ATdjaEei3Gv3T4rBBnQ-userAccountNumberatmScreenatmBankDatabase",
      "probability": 1,
      "from_file_path": "./BalanceInquiry",
      "from_class_or_interface_name": "BalanceInquiry",
      "from_class_or_interface_key": "_pU0yhdjaEei3Gv3T4rBBnQ",
      "from_method_name": "BalanceInquiry",
      "from_method_key": "_pU0yiNjaEei3Gv3T4rBBnQ",
      "to_file_path": "./Deposit",
      "to_class_or_interface_name": "Deposit",
      "to_class_or_interface_key": "_pU2ARNjaEei3Gv3T4rBBnQ",
      "to_method_name": "Deposit",
      "to_method_key": "_pU2ATdjaEei3Gv3T4rBBnQ",
      "data_clump_type": "parameters_to_parameters_data_clump",
      "data_clump_data": {
        "_pU0yidjaEei3Gv3T4rBBnQ": {
          "key": "_pU0yidjaEei3Gv3T4rBBnQ",
          "name": "userAccountNumber",
          "type": null,
          "probability": 1,
          "modifiers": [],
          "to_variable": {
            "key": "_pU2ATtjaEei3Gv3T4rBBnQ",
            "name": "userAccountNumber",
            "type": null,
            "modifiers": [],
            "position": {}
          },
          "position": {}
        },
        "_pU1ZItjaEei3Gv3T4rBBnQ": {
          "key": "_pU1ZItjaEei3Gv3T4rBBnQ",
          "name": "atmScreen",
          "type": null,
          "probability": 1,
          "modifiers": [],
          "to_variable": {
            "key": "_pU2AUdjaEei3Gv3T4rBBnQ",
            "name": "atmScreen",
            "type": null,
            "modifiers": [],
            "position": {}
          },
          "position": {}
        },
        "_pU1ZJdjaEei3Gv3T4rBBnQ": {
          "key": "_pU1ZJdjaEei3Gv3T4rBBnQ",
          "name": "atmBankDatabase",
          "type": null,
          "probability": 1,
          "modifiers": [],
          "to_variable": {
            "key": "_pU2AVNjaEei3Gv3T4rBBnQ",
            "name": "atmBankDatabase",
            "type": null,
            "modifiers": [],
            "position": {}
          },
          "position": {}
        }
      }
    },
    "parameters_to_parameters_data_clump-./BalanceInquiry-_pU0yiNjaEei3Gv3T4rBBnQ-_pU2ApdjaEei3Gv3T4rBBnQ-userAccountNumberatmScreenatmBankDatabase": {
      "type": "data_clump",
      "key": "parameters_to_parameters_data_clump-./BalanceInquiry-_pU0yiNjaEei3Gv3T4rBBnQ-_pU2ApdjaEei3Gv3T4rBBnQ-userAccountNumberatmScreenatmBankDatabase",
      "probability": 1,
      "from_file_path": "./BalanceInquiry",
      "from_class_or_interface_name": "BalanceInquiry",
      "from_class_or_interface_key": "_pU0yhdjaEei3Gv3T4rBBnQ",
      "from_method_name": "BalanceInquiry",
      "from_method_key": "_pU0yiNjaEei3Gv3T4rBBnQ",
      "to_file_path": "./Transaction",
      "to_class_or_interface_name": "Transaction",
      "to_class_or_interface_key": "_pU2AoNjaEei3Gv3T4rBBnQ",
      "to_method_name": "Transaction",
      "to_method_key": "_pU2ApdjaEei3Gv3T4rBBnQ",
      "data_clump_type": "parameters_to_parameters_data_clump",
      "data_clump_data": {
        "_pU0yidjaEei3Gv3T4rBBnQ": {
          "key": "_pU0yidjaEei3Gv3T4rBBnQ",
          "name": "userAccountNumber",
          "type": null,
          "probability": 1,
          "modifiers": [],
          "to_variable": {
            "key": "_pU2AptjaEei3Gv3T4rBBnQ",
            "name": "userAccountNumber",
            "type": null,
            "modifiers": [],
            "position": {}
          },
          "position": {}
        },
        "_pU1ZItjaEei3Gv3T4rBBnQ": {
          "key": "_pU1ZItjaEei3Gv3T4rBBnQ",
          "name": "atmScreen",
          "type": null,
          "probability": 1,
          "modifiers": [],
          "to_variable": {
            "key": "_pU2nQNjaEei3Gv3T4rBBnQ",
            "name": "atmScreen",
            "type": null,
            "modifiers": [],
            "position": {}
          },
          "position": {}
        },
        "_pU1ZJdjaEei3Gv3T4rBBnQ": {
          "key": "_pU1ZJdjaEei3Gv3T4rBBnQ",
          "name": "atmBankDatabase",
          "type": null,
          "probability": 1,
          "modifiers": [],
          "to_variable": {
            "key": "_pU2nQ9jaEei3Gv3T4rBBnQ",
            "name": "atmBankDatabase",
            "type": null,
            "modifiers": [],
            "position": {}
          },
          "position": {}
        }
      }
    },
    "parameters_to_parameters_data_clump-./BalanceInquiry-_pU0yiNjaEei3Gv3T4rBBnQ-_pU2nXdjaEei3Gv3T4rBBnQ-userAccountNumberatmScreenatmBankDatabase": {
      "type": "data_clump",
      "key": "parameters_to_parameters_data_clump-./BalanceInquiry-_pU0yiNjaEei3Gv3T4rBBnQ-_pU2nXdjaEei3Gv3T4rBBnQ-userAccountNumberatmScreenatmBankDatabase",
      "probability": 1,
      "from_file_path": "./BalanceInquiry",
      "from_class_or_interface_name": "BalanceInquiry",
      "from_class_or_interface_key": "_pU0yhdjaEei3Gv3T4rBBnQ",
      "from_method_name": "BalanceInquiry",
      "from_method_key": "_pU0yiNjaEei3Gv3T4rBBnQ",
      "to_file_path": "./Transfer",
      "to_class_or_interface_name": "Transfer",
      "to_class_or_interface_key": "_pU2nVNjaEei3Gv3T4rBBnQ",
      "to_method_name": "Transfer",
      "to_method_key": "_pU2nXdjaEei3Gv3T4rBBnQ",
      "data_clump_type": "parameters_to_parameters_data_clump",
      "data_clump_data": {
        "_pU0yidjaEei3Gv3T4rBBnQ": {
          "key": "_pU0yidjaEei3Gv3T4rBBnQ",
          "name": "userAccountNumber",
          "type": null,
          "probability": 1,
          "modifiers": [],
          "to_variable": {
            "key": "_pU2nXtjaEei3Gv3T4rBBnQ",
            "name": "userAccountNumber",
            "type": null,
            "modifiers": [],
            "position": {}
          },
          "position": {}
        },
        "_pU1ZItjaEei3Gv3T4rBBnQ": {
          "key": "_pU1ZItjaEei3Gv3T4rBBnQ",
          "name": "atmScreen",
          "type": null,
          "probability": 1,
          "modifiers": [],
          "to_variable": {
            "key": "_pU2nYdjaEei3Gv3T4rBBnQ",
            "name": "atmScreen",
            "type": null,
            "modifiers": [],
            "position": {}
          },
          "position": {}
        },
        "_pU1ZJdjaEei3Gv3T4rBBnQ": {
          "key": "_pU1ZJdjaEei3Gv3T4rBBnQ",
          "name": "atmBankDatabase",
          "type": null,
          "probability": 1,
          "modifiers": [],
          "to_variable": {
            "key": "_pU2nZNjaEei3Gv3T4rBBnQ",
            "name": "atmBankDatabase",
            "type": null,
            "modifiers": [],
            "position": {}
          },
          "position": {}
        }
      }
    },
    "parameters_to_parameters_data_clump-./BalanceInquiry-_pU0yiNjaEei3Gv3T4rBBnQ-_pU2niNjaEei3Gv3T4rBBnQ-userAccountNumberatmScreenatmBankDatabase": {
      "type": "data_clump",
      "key": "parameters_to_parameters_data_clump-./BalanceInquiry-_pU0yiNjaEei3Gv3T4rBBnQ-_pU2niNjaEei3Gv3T4rBBnQ-userAccountNumberatmScreenatmBankDatabase",
      "probability": 1,
      "from_file_path": "./BalanceInquiry",
      "from_class_or_interface_name": "BalanceInquiry",
      "from_class_or_interface_key": "_pU0yhdjaEei3Gv3T4rBBnQ",
      "from_method_name": "BalanceInquiry",
      "from_method_key": "_pU0yiNjaEei3Gv3T4rBBnQ",
      "to_file_path": "./Withdrawal",
      "to_class_or_interface_name": "Withdrawal",
      "to_class_or_interface_key": "_pU2ngNjaEei3Gv3T4rBBnQ",
      "to_method_name": "Withdrawal",
      "to_method_key": "_pU2niNjaEei3Gv3T4rBBnQ",
      "data_clump_type": "parameters_to_parameters_data_clump",
      "data_clump_data": {
        "_pU0yidjaEei3Gv3T4rBBnQ": {
          "key": "_pU0yidjaEei3Gv3T4rBBnQ",
          "name": "userAccountNumber",
          "type": null,
          "probability": 1,
          "modifiers": [],
          "to_variable": {
            "key": "_pU2nidjaEei3Gv3T4rBBnQ",
            "name": "userAccountNumber",
            "type": null,
            "modifiers": [],
            "position": {}
          },
          "position": {}
        },
        "_pU1ZItjaEei3Gv3T4rBBnQ": {
          "key": "_pU1ZItjaEei3Gv3T4rBBnQ",
          "name": "atmScreen",
          "type": null,
          "probability": 1,
          "modifiers": [],
          "to_variable": {
            "key": "_pU2njNjaEei3Gv3T4rBBnQ",
            "name": "atmScreen",
            "type": null,
            "modifiers": [],
            "position": {}
          },
          "position": {}
        },
        "_pU1ZJdjaEei3Gv3T4rBBnQ": {
          "key": "_pU1ZJdjaEei3Gv3T4rBBnQ",
          "name": "atmBankDatabase",
          "type": null,
          "probability": 1,
          "modifiers": [],
          "to_variable": {
            "key": "_pU2nj9jaEei3Gv3T4rBBnQ",
            "name": "atmBankDatabase",
            "type": null,
            "modifiers": [],
            "position": {}
          },
          "position": {}
        }
      }
    },
    "parameters_to_parameters_data_clump-./CurrentAccount-_pU2AMdjaEei3Gv3T4rBBnQ-_pU0yVtjaEei3Gv3T4rBBnQ-theAccountNumberthePINtheAvailableBalancetheTotalBalance": {
      "type": "data_clump",
      "key": "parameters_to_parameters_data_clump-./CurrentAccount-_pU2AMdjaEei3Gv3T4rBBnQ-_pU0yVtjaEei3Gv3T4rBBnQ-theAccountNumberthePINtheAvailableBalancetheTotalBalance",
      "probability": 1,
      "from_file_path": "./CurrentAccount",
      "from_class_or_interface_name": "CurrentAccount",
      "from_class_or_interface_key": "_pU1ZlNjaEei3Gv3T4rBBnQ",
      "from_method_name": "CurrentAccount",
      "from_method_key": "_pU2AMdjaEei3Gv3T4rBBnQ",
      "to_file_path": "./Account",
      "to_class_or_interface_name": "Account",
      "to_class_or_interface_key": "_pU0ySNjaEei3Gv3T4rBBnQ",
      "to_method_name": "Account",
      "to_method_key": "_pU0yVtjaEei3Gv3T4rBBnQ",
      "data_clump_type": "parameters_to_parameters_data_clump",
      "data_clump_data": {
        "_pU2AMtjaEei3Gv3T4rBBnQ": {
          "key": "_pU2AMtjaEei3Gv3T4rBBnQ",
          "name": "theAccountNumber",
          "type": null,
          "probability": 1,
          "modifiers": [],
          "to_variable": {
            "key": "_pU0yV9jaEei3Gv3T4rBBnQ",
            "name": "theAccountNumber",
            "type": null,
            "modifiers": [],
            "position": {}
          },
          "position": {}
        },
        "_pU2ANdjaEei3Gv3T4rBBnQ": {
          "key": "_pU2ANdjaEei3Gv3T4rBBnQ",
          "name": "thePIN",
          "type": null,
          "probability": 1,
          "modifiers": [],
          "to_variable": {
            "key": "_pU0yWtjaEei3Gv3T4rBBnQ",
            "name": "thePIN",
            "type": null,
            "modifiers": [],
            "position": {}
          },
          "position": {}
        },
        "_pU2AONjaEei3Gv3T4rBBnQ": {
          "key": "_pU2AONjaEei3Gv3T4rBBnQ",
          "name": "theAvailableBalance",
          "type": null,
          "probability": 1,
          "modifiers": [],
          "to_variable": {
            "key": "_pU0yXdjaEei3Gv3T4rBBnQ",
            "name": "theAvailableBalance",
            "type": null,
            "modifiers": [],
            "position": {}
          },
          "position": {}
        },
        "_pU2AO9jaEei3Gv3T4rBBnQ": {
          "key": "_pU2AO9jaEei3Gv3T4rBBnQ",
          "name": "theTotalBalance",
          "type": null,
          "probability": 1,
          "modifiers": [],
          "to_variable": {
            "key": "_pU0yYNjaEei3Gv3T4rBBnQ",
            "name": "theTotalBalance",
            "type": null,
            "modifiers": [],
            "position": {}
          },
          "position": {}
        }
      }
    },
    "parameters_to_parameters_data_clump-./CurrentAccount-_pU2AMdjaEei3Gv3T4rBBnQ-_pU2AfNjaEei3Gv3T4rBBnQ-theAccountNumberthePINtheAvailableBalancetheTotalBalance": {
      "type": "data_clump",
      "key": "parameters_to_parameters_data_clump-./CurrentAccount-_pU2AMdjaEei3Gv3T4rBBnQ-_pU2AfNjaEei3Gv3T4rBBnQ-theAccountNumberthePINtheAvailableBalancetheTotalBalance",
      "probability": 1,
      "from_file_path": "./CurrentAccount",
      "from_class_or_interface_name": "CurrentAccount",
      "from_class_or_interface_key": "_pU1ZlNjaEei3Gv3T4rBBnQ",
      "from_method_name": "CurrentAccount",
      "from_method_key": "_pU2AMdjaEei3Gv3T4rBBnQ",
      "to_file_path": "./SavingAccount",
      "to_class_or_interface_name": "SavingAccount",
      "to_class_or_interface_key": "_pU2AdtjaEei3Gv3T4rBBnQ",
      "to_method_name": "SavingAccount",
      "to_method_key": "_pU2AfNjaEei3Gv3T4rBBnQ",
      "data_clump_type": "parameters_to_parameters_data_clump",
      "data_clump_data": {
        "_pU2AMtjaEei3Gv3T4rBBnQ": {
          "key": "_pU2AMtjaEei3Gv3T4rBBnQ",
          "name": "theAccountNumber",
          "type": null,
          "probability": 1,
          "modifiers": [],
          "to_variable": {
            "key": "_pU2AfdjaEei3Gv3T4rBBnQ",
            "name": "theAccountNumber",
            "type": null,
            "modifiers": [],
            "position": {}
          },
          "position": {}
        },
        "_pU2ANdjaEei3Gv3T4rBBnQ": {
          "key": "_pU2ANdjaEei3Gv3T4rBBnQ",
          "name": "thePIN",
          "type": null,
          "probability": 1,
          "modifiers": [],
          "to_variable": {
            "key": "_pU2AgNjaEei3Gv3T4rBBnQ",
            "name": "thePIN",
            "type": null,
            "modifiers": [],
            "position": {}
          },
          "position": {}
        },
        "_pU2AONjaEei3Gv3T4rBBnQ": {
          "key": "_pU2AONjaEei3Gv3T4rBBnQ",
          "name": "theAvailableBalance",
          "type": null,
          "probability": 1,
          "modifiers": [],
          "to_variable": {
            "key": "_pU2Ag9jaEei3Gv3T4rBBnQ",
            "name": "theAvailableBalance",
            "type": null,
            "modifiers": [],
            "position": {}
          },
          "position": {}
        },
        "_pU2AO9jaEei3Gv3T4rBBnQ": {
          "key": "_pU2AO9jaEei3Gv3T4rBBnQ",
          "name": "theTotalBalance",
          "type": null,
          "probability": 1,
          "modifiers": [],
          "to_variable": {
            "key": "_pU2AhtjaEei3Gv3T4rBBnQ",
            "name": "theTotalBalance",
            "type": null,
            "modifiers": [],
            "position": {}
          },
          "position": {}
        }
      }
    },
    "parameters_to_parameters_data_clump-./Deposit-_pU2ATdjaEei3Gv3T4rBBnQ-_pU0yiNjaEei3Gv3T4rBBnQ-userAccountNumberatmScreenatmBankDatabase": {
      "type": "data_clump",
      "key": "parameters_to_parameters_data_clump-./Deposit-_pU2ATdjaEei3Gv3T4rBBnQ-_pU0yiNjaEei3Gv3T4rBBnQ-userAccountNumberatmScreenatmBankDatabase",
      "probability": 1,
      "from_file_path": "./Deposit",
      "from_class_or_interface_name": "Deposit",
      "from_class_or_interface_key": "_pU2ARNjaEei3Gv3T4rBBnQ",
      "from_method_name": "Deposit",
      "from_method_key": "_pU2ATdjaEei3Gv3T4rBBnQ",
      "to_file_path": "./BalanceInquiry",
      "to_class_or_interface_name": "BalanceInquiry",
      "to_class_or_interface_key": "_pU0yhdjaEei3Gv3T4rBBnQ",
      "to_method_name": "BalanceInquiry",
      "to_method_key": "_pU0yiNjaEei3Gv3T4rBBnQ",
      "data_clump_type": "parameters_to_parameters_data_clump",
      "data_clump_data": {
        "_pU2ATtjaEei3Gv3T4rBBnQ": {
          "key": "_pU2ATtjaEei3Gv3T4rBBnQ",
          "name": "userAccountNumber",
          "type": null,
          "probability": 1,
          "modifiers": [],
          "to_variable": {
            "key": "_pU0yidjaEei3Gv3T4rBBnQ",
            "name": "userAccountNumber",
            "type": null,
            "modifiers": [],
            "position": {}
          },
          "position": {}
        },
        "_pU2AUdjaEei3Gv3T4rBBnQ": {
          "key": "_pU2AUdjaEei3Gv3T4rBBnQ",
          "name": "atmScreen",
          "type": null,
          "probability": 1,
          "modifiers": [],
          "to_variable": {
            "key": "_pU1ZItjaEei3Gv3T4rBBnQ",
            "name": "atmScreen",
            "type": null,
            "modifiers": [],
            "position": {}
          },
          "position": {}
        },
        "_pU2AVNjaEei3Gv3T4rBBnQ": {
          "key": "_pU2AVNjaEei3Gv3T4rBBnQ",
          "name": "atmBankDatabase",
          "type": null,
          "probability": 1,
          "modifiers": [],
          "to_variable": {
            "key": "_pU1ZJdjaEei3Gv3T4rBBnQ",
            "name": "atmBankDatabase",
            "type": null,
            "modifiers": [],
            "position": {}
          },
          "position": {}
        }
      }
    },
    "parameters_to_parameters_data_clump-./Deposit-_pU2ATdjaEei3Gv3T4rBBnQ-_pU2ApdjaEei3Gv3T4rBBnQ-userAccountNumberatmScreenatmBankDatabase": {
      "type": "data_clump",
      "key": "parameters_to_parameters_data_clump-./Deposit-_pU2ATdjaEei3Gv3T4rBBnQ-_pU2ApdjaEei3Gv3T4rBBnQ-userAccountNumberatmScreenatmBankDatabase",
      "probability": 1,
      "from_file_path": "./Deposit",
      "from_class_or_interface_name": "Deposit",
      "from_class_or_interface_key": "_pU2ARNjaEei3Gv3T4rBBnQ",
      "from_method_name": "Deposit",
      "from_method_key": "_pU2ATdjaEei3Gv3T4rBBnQ",
      "to_file_path": "./Transaction",
      "to_class_or_interface_name": "Transaction",
      "to_class_or_interface_key": "_pU2AoNjaEei3Gv3T4rBBnQ",
      "to_method_name": "Transaction",
      "to_method_key": "_pU2ApdjaEei3Gv3T4rBBnQ",
      "data_clump_type": "parameters_to_parameters_data_clump",
      "data_clump_data": {
        "_pU2ATtjaEei3Gv3T4rBBnQ": {
          "key": "_pU2ATtjaEei3Gv3T4rBBnQ",
          "name": "userAccountNumber",
          "type": null,
          "probability": 1,
          "modifiers": [],
          "to_variable": {
            "key": "_pU2AptjaEei3Gv3T4rBBnQ",
            "name": "userAccountNumber",
            "type": null,
            "modifiers": [],
            "position": {}
          },
          "position": {}
        },
        "_pU2AUdjaEei3Gv3T4rBBnQ": {
          "key": "_pU2AUdjaEei3Gv3T4rBBnQ",
          "name": "atmScreen",
          "type": null,
          "probability": 1,
          "modifiers": [],
          "to_variable": {
            "key": "_pU2nQNjaEei3Gv3T4rBBnQ",
            "name": "atmScreen",
            "type": null,
            "modifiers": [],
            "position": {}
          },
          "position": {}
        },
        "_pU2AVNjaEei3Gv3T4rBBnQ": {
          "key": "_pU2AVNjaEei3Gv3T4rBBnQ",
          "name": "atmBankDatabase",
          "type": null,
          "probability": 1,
          "modifiers": [],
          "to_variable": {
            "key": "_pU2nQ9jaEei3Gv3T4rBBnQ",
            "name": "atmBankDatabase",
            "type": null,
            "modifiers": [],
            "position": {}
          },
          "position": {}
        }
      }
    },
    "parameters_to_parameters_data_clump-./Deposit-_pU2ATdjaEei3Gv3T4rBBnQ-_pU2nXdjaEei3Gv3T4rBBnQ-userAccountNumberatmScreenatmBankDatabaseatmKeypad": {
      "type": "data_clump",
      "key": "parameters_to_parameters_data_clump-./Deposit-_pU2ATdjaEei3Gv3T4rBBnQ-_pU2nXdjaEei3Gv3T4rBBnQ-userAccountNumberatmScreenatmBankDatabaseatmKeypad",
      "probability": 1,
      "from_file_path": "./Deposit",
      "from_class_or_interface_name": "Deposit",
      "from_class_or_interface_key": "_pU2ARNjaEei3Gv3T4rBBnQ",
      "from_method_name": "Deposit",
      "from_method_key": "_pU2ATdjaEei3Gv3T4rBBnQ",
      "to_file_path": "./Transfer",
      "to_class_or_interface_name": "Transfer",
      "to_class_or_interface_key": "_pU2nVNjaEei3Gv3T4rBBnQ",
      "to_method_name": "Transfer",
      "to_method_key": "_pU2nXdjaEei3Gv3T4rBBnQ",
      "data_clump_type": "parameters_to_parameters_data_clump",
      "data_clump_data": {
        "_pU2ATtjaEei3Gv3T4rBBnQ": {
          "key": "_pU2ATtjaEei3Gv3T4rBBnQ",
          "name": "userAccountNumber",
          "type": null,
          "probability": 1,
          "modifiers": [],
          "to_variable": {
            "key": "_pU2nXtjaEei3Gv3T4rBBnQ",
            "name": "userAccountNumber",
            "type": null,
            "modifiers": [],
            "position": {}
          },
          "position": {}
        },
        "_pU2AUdjaEei3Gv3T4rBBnQ": {
          "key": "_pU2AUdjaEei3Gv3T4rBBnQ",
          "name": "atmScreen",
          "type": null,
          "probability": 1,
          "modifiers": [],
          "to_variable": {
            "key": "_pU2nYdjaEei3Gv3T4rBBnQ",
            "name": "atmScreen",
            "type": null,
            "modifiers": [],
            "position": {}
          },
          "position": {}
        },
        "_pU2AVNjaEei3Gv3T4rBBnQ": {
          "key": "_pU2AVNjaEei3Gv3T4rBBnQ",
          "name": "atmBankDatabase",
          "type": null,
          "probability": 1,
          "modifiers": [],
          "to_variable": {
            "key": "_pU2nZNjaEei3Gv3T4rBBnQ",
            "name": "atmBankDatabase",
            "type": null,
            "modifiers": [],
            "position": {}
          },
          "position": {}
        },
        "_pU2AV9jaEei3Gv3T4rBBnQ": {
          "key": "_pU2AV9jaEei3Gv3T4rBBnQ",
          "name": "atmKeypad",
          "type": null,
          "probability": 1,
          "modifiers": [],
          "to_variable": {
            "key": "_pU2nZ9jaEei3Gv3T4rBBnQ",
            "name": "atmKeypad",
            "type": null,
            "modifiers": [],
            "position": {}
          },
          "position": {}
        }
      }
    },
    "parameters_to_parameters_data_clump-./Deposit-_pU2ATdjaEei3Gv3T4rBBnQ-_pU2niNjaEei3Gv3T4rBBnQ-userAccountNumberatmScreenatmBankDatabaseatmKeypad": {
      "type": "data_clump",
      "key": "parameters_to_parameters_data_clump-./Deposit-_pU2ATdjaEei3Gv3T4rBBnQ-_pU2niNjaEei3Gv3T4rBBnQ-userAccountNumberatmScreenatmBankDatabaseatmKeypad",
      "probability": 1,
      "from_file_path": "./Deposit",
      "from_class_or_interface_name": "Deposit",
      "from_class_or_interface_key": "_pU2ARNjaEei3Gv3T4rBBnQ",
      "from_method_name": "Deposit",
      "from_method_key": "_pU2ATdjaEei3Gv3T4rBBnQ",
      "to_file_path": "./Withdrawal",
      "to_class_or_interface_name": "Withdrawal",
      "to_class_or_interface_key": "_pU2ngNjaEei3Gv3T4rBBnQ",
      "to_method_name": "Withdrawal",
      "to_method_key": "_pU2niNjaEei3Gv3T4rBBnQ",
      "data_clump_type": "parameters_to_parameters_data_clump",
      "data_clump_data": {
        "_pU2ATtjaEei3Gv3T4rBBnQ": {
          "key": "_pU2ATtjaEei3Gv3T4rBBnQ",
          "name": "userAccountNumber",
          "type": null,
          "probability": 1,
          "modifiers": [],
          "to_variable": {
            "key": "_pU2nidjaEei3Gv3T4rBBnQ",
            "name": "userAccountNumber",
            "type": null,
            "modifiers": [],
            "position": {}
          },
          "position": {}
        },
        "_pU2AUdjaEei3Gv3T4rBBnQ": {
          "key": "_pU2AUdjaEei3Gv3T4rBBnQ",
          "name": "atmScreen",
          "type": null,
          "probability": 1,
          "modifiers": [],
          "to_variable": {
            "key": "_pU2njNjaEei3Gv3T4rBBnQ",
            "name": "atmScreen",
            "type": null,
            "modifiers": [],
            "position": {}
          },
          "position": {}
        },
        "_pU2AVNjaEei3Gv3T4rBBnQ": {
          "key": "_pU2AVNjaEei3Gv3T4rBBnQ",
          "name": "atmBankDatabase",
          "type": null,
          "probability": 1,
          "modifiers": [],
          "to_variable": {
            "key": "_pU2nj9jaEei3Gv3T4rBBnQ",
            "name": "atmBankDatabase",
            "type": null,
            "modifiers": [],
            "position": {}
          },
          "position": {}
        },
        "_pU2AV9jaEei3Gv3T4rBBnQ": {
          "key": "_pU2AV9jaEei3Gv3T4rBBnQ",
          "name": "atmKeypad",
          "type": null,
          "probability": 1,
          "modifiers": [],
          "to_variable": {
            "key": "_pU2nktjaEei3Gv3T4rBBnQ",
            "name": "atmKeypad",
            "type": null,
            "modifiers": [],
            "position": {}
          },
          "position": {}
        }
      }
    },
    "parameters_to_parameters_data_clump-./SavingAccount-_pU2AfNjaEei3Gv3T4rBBnQ-_pU0yVtjaEei3Gv3T4rBBnQ-theAccountNumberthePINtheAvailableBalancetheTotalBalance": {
      "type": "data_clump",
      "key": "parameters_to_parameters_data_clump-./SavingAccount-_pU2AfNjaEei3Gv3T4rBBnQ-_pU0yVtjaEei3Gv3T4rBBnQ-theAccountNumberthePINtheAvailableBalancetheTotalBalance",
      "probability": 1,
      "from_file_path": "./SavingAccount",
      "from_class_or_interface_name": "SavingAccount",
      "from_class_or_interface_key": "_pU2AdtjaEei3Gv3T4rBBnQ",
      "from_method_name": "SavingAccount",
      "from_method_key": "_pU2AfNjaEei3Gv3T4rBBnQ",
      "to_file_path": "./Account",
      "to_class_or_interface_name": "Account",
      "to_class_or_interface_key": "_pU0ySNjaEei3Gv3T4rBBnQ",
      "to_method_name": "Account",
      "to_method_key": "_pU0yVtjaEei3Gv3T4rBBnQ",
      "data_clump_type": "parameters_to_parameters_data_clump",
      "data_clump_data": {
        "_pU2AfdjaEei3Gv3T4rBBnQ": {
          "key": "_pU2AfdjaEei3Gv3T4rBBnQ",
          "name": "theAccountNumber",
          "type": null,
          "probability": 1,
          "modifiers": [],
          "to_variable": {
            "key": "_pU0yV9jaEei3Gv3T4rBBnQ",
            "name": "theAccountNumber",
            "type": null,
            "modifiers": [],
            "position": {}
          },
          "position": {}
        },
        "_pU2AgNjaEei3Gv3T4rBBnQ": {
          "key": "_pU2AgNjaEei3Gv3T4rBBnQ",
          "name": "thePIN",
          "type": null,
          "probability": 1,
          "modifiers": [],
          "to_variable": {
            "key": "_pU0yWtjaEei3Gv3T4rBBnQ",
            "name": "thePIN",
            "type": null,
            "modifiers": [],
            "position": {}
          },
          "position": {}
        },
        "_pU2Ag9jaEei3Gv3T4rBBnQ": {
          "key": "_pU2Ag9jaEei3Gv3T4rBBnQ",
          "name": "theAvailableBalance",
          "type": null,
          "probability": 1,
          "modifiers": [],
          "to_variable": {
            "key": "_pU0yXdjaEei3Gv3T4rBBnQ",
            "name": "theAvailableBalance",
            "type": null,
            "modifiers": [],
            "position": {}
          },
          "position": {}
        },
        "_pU2AhtjaEei3Gv3T4rBBnQ": {
          "key": "_pU2AhtjaEei3Gv3T4rBBnQ",
          "name": "theTotalBalance",
          "type": null,
          "probability": 1,
          "modifiers": [],
          "to_variable": {
            "key": "_pU0yYNjaEei3Gv3T4rBBnQ",
            "name": "theTotalBalance",
            "type": null,
            "modifiers": [],
            "position": {}
          },
          "position": {}
        }
      }
    },
    "parameters_to_parameters_data_clump-./SavingAccount-_pU2AfNjaEei3Gv3T4rBBnQ-_pU2AMdjaEei3Gv3T4rBBnQ-theAccountNumberthePINtheAvailableBalancetheTotalBalance": {
      "type": "data_clump",
      "key": "parameters_to_parameters_data_clump-./SavingAccount-_pU2AfNjaEei3Gv3T4rBBnQ-_pU2AMdjaEei3Gv3T4rBBnQ-theAccountNumberthePINtheAvailableBalancetheTotalBalance",
      "probability": 1,
      "from_file_path": "./SavingAccount",
      "from_class_or_interface_name": "SavingAccount",
      "from_class_or_interface_key": "_pU2AdtjaEei3Gv3T4rBBnQ",
      "from_method_name": "SavingAccount",
      "from_method_key": "_pU2AfNjaEei3Gv3T4rBBnQ",
      "to_file_path": "./CurrentAccount",
      "to_class_or_interface_name": "CurrentAccount",
      "to_class_or_interface_key": "_pU1ZlNjaEei3Gv3T4rBBnQ",
      "to_method_name": "CurrentAccount",
      "to_method_key": "_pU2AMdjaEei3Gv3T4rBBnQ",
      "data_clump_type": "parameters_to_parameters_data_clump",
      "data_clump_data": {
        "_pU2AfdjaEei3Gv3T4rBBnQ": {
          "key": "_pU2AfdjaEei3Gv3T4rBBnQ",
          "name": "theAccountNumber",
          "type": null,
          "probability": 1,
          "modifiers": [],
          "to_variable": {
            "key": "_pU2AMtjaEei3Gv3T4rBBnQ",
            "name": "theAccountNumber",
            "type": null,
            "modifiers": [],
            "position": {}
          },
          "position": {}
        },
        "_pU2AgNjaEei3Gv3T4rBBnQ": {
          "key": "_pU2AgNjaEei3Gv3T4rBBnQ",
          "name": "thePIN",
          "type": null,
          "probability": 1,
          "modifiers": [],
          "to_variable": {
            "key": "_pU2ANdjaEei3Gv3T4rBBnQ",
            "name": "thePIN",
            "type": null,
            "modifiers": [],
            "position": {}
          },
          "position": {}
        },
        "_pU2Ag9jaEei3Gv3T4rBBnQ": {
          "key": "_pU2Ag9jaEei3Gv3T4rBBnQ",
          "name": "theAvailableBalance",
          "type": null,
          "probability": 1,
          "modifiers": [],
          "to_variable": {
            "key": "_pU2AONjaEei3Gv3T4rBBnQ",
            "name": "theAvailableBalance",
            "type": null,
            "modifiers": [],
            "position": {}
          },
          "position": {}
        },
        "_pU2AhtjaEei3Gv3T4rBBnQ": {
          "key": "_pU2AhtjaEei3Gv3T4rBBnQ",
          "name": "theTotalBalance",
          "type": null,
          "probability": 1,
          "modifiers": [],
          "to_variable": {
            "key": "_pU2AO9jaEei3Gv3T4rBBnQ",
            "name": "theTotalBalance",
            "type": null,
            "modifiers": [],
            "position": {}
          },
          "position": {}
        }
      }
    },
    "parameters_to_parameters_data_clump-./Transaction-_pU2ApdjaEei3Gv3T4rBBnQ-_pU0yiNjaEei3Gv3T4rBBnQ-userAccountNumberatmScreenatmBankDatabase": {
      "type": "data_clump",
      "key": "parameters_to_parameters_data_clump-./Transaction-_pU2ApdjaEei3Gv3T4rBBnQ-_pU0yiNjaEei3Gv3T4rBBnQ-userAccountNumberatmScreenatmBankDatabase",
      "probability": 1,
      "from_file_path": "./Transaction",
      "from_class_or_interface_name": "Transaction",
      "from_class_or_interface_key": "_pU2AoNjaEei3Gv3T4rBBnQ",
      "from_method_name": "Transaction",
      "from_method_key": "_pU2ApdjaEei3Gv3T4rBBnQ",
      "to_file_path": "./BalanceInquiry",
      "to_class_or_interface_name": "BalanceInquiry",
      "to_class_or_interface_key": "_pU0yhdjaEei3Gv3T4rBBnQ",
      "to_method_name": "BalanceInquiry",
      "to_method_key": "_pU0yiNjaEei3Gv3T4rBBnQ",
      "data_clump_type": "parameters_to_parameters_data_clump",
      "data_clump_data": {
        "_pU2AptjaEei3Gv3T4rBBnQ": {
          "key": "_pU2AptjaEei3Gv3T4rBBnQ",
          "name": "userAccountNumber",
          "type": null,
          "probability": 1,
          "modifiers": [],
          "to_variable": {
            "key": "_pU0yidjaEei3Gv3T4rBBnQ",
            "name": "userAccountNumber",
            "type": null,
            "modifiers": [],
            "position": {}
          },
          "position": {}
        },
        "_pU2nQNjaEei3Gv3T4rBBnQ": {
          "key": "_pU2nQNjaEei3Gv3T4rBBnQ",
          "name": "atmScreen",
          "type": null,
          "probability": 1,
          "modifiers": [],
          "to_variable": {
            "key": "_pU1ZItjaEei3Gv3T4rBBnQ",
            "name": "atmScreen",
            "type": null,
            "modifiers": [],
            "position": {}
          },
          "position": {}
        },
        "_pU2nQ9jaEei3Gv3T4rBBnQ": {
          "key": "_pU2nQ9jaEei3Gv3T4rBBnQ",
          "name": "atmBankDatabase",
          "type": null,
          "probability": 1,
          "modifiers": [],
          "to_variable": {
            "key": "_pU1ZJdjaEei3Gv3T4rBBnQ",
            "name": "atmBankDatabase",
            "type": null,
            "modifiers": [],
            "position": {}
          },
          "position": {}
        }
      }
    },
    "parameters_to_parameters_data_clump-./Transaction-_pU2ApdjaEei3Gv3T4rBBnQ-_pU2ATdjaEei3Gv3T4rBBnQ-userAccountNumberatmScreenatmBankDatabase": {
      "type": "data_clump",
      "key": "parameters_to_parameters_data_clump-./Transaction-_pU2ApdjaEei3Gv3T4rBBnQ-_pU2ATdjaEei3Gv3T4rBBnQ-userAccountNumberatmScreenatmBankDatabase",
      "probability": 1,
      "from_file_path": "./Transaction",
      "from_class_or_interface_name": "Transaction",
      "from_class_or_interface_key": "_pU2AoNjaEei3Gv3T4rBBnQ",
      "from_method_name": "Transaction",
      "from_method_key": "_pU2ApdjaEei3Gv3T4rBBnQ",
      "to_file_path": "./Deposit",
      "to_class_or_interface_name": "Deposit",
      "to_class_or_interface_key": "_pU2ARNjaEei3Gv3T4rBBnQ",
      "to_method_name": "Deposit",
      "to_method_key": "_pU2ATdjaEei3Gv3T4rBBnQ",
      "data_clump_type": "parameters_to_parameters_data_clump",
      "data_clump_data": {
        "_pU2AptjaEei3Gv3T4rBBnQ": {
          "key": "_pU2AptjaEei3Gv3T4rBBnQ",
          "name": "userAccountNumber",
          "type": null,
          "probability": 1,
          "modifiers": [],
          "to_variable": {
            "key": "_pU2ATtjaEei3Gv3T4rBBnQ",
            "name": "userAccountNumber",
            "type": null,
            "modifiers": [],
            "position": {}
          },
          "position": {}
        },
        "_pU2nQNjaEei3Gv3T4rBBnQ": {
          "key": "_pU2nQNjaEei3Gv3T4rBBnQ",
          "name": "atmScreen",
          "type": null,
          "probability": 1,
          "modifiers": [],
          "to_variable": {
            "key": "_pU2AUdjaEei3Gv3T4rBBnQ",
            "name": "atmScreen",
            "type": null,
            "modifiers": [],
            "position": {}
          },
          "position": {}
        },
        "_pU2nQ9jaEei3Gv3T4rBBnQ": {
          "key": "_pU2nQ9jaEei3Gv3T4rBBnQ",
          "name": "atmBankDatabase",
          "type": null,
          "probability": 1,
          "modifiers": [],
          "to_variable": {
            "key": "_pU2AVNjaEei3Gv3T4rBBnQ",
            "name": "atmBankDatabase",
            "type": null,
            "modifiers": [],
            "position": {}
          },
          "position": {}
        }
      }
    },
    "parameters_to_parameters_data_clump-./Transaction-_pU2ApdjaEei3Gv3T4rBBnQ-_pU2nXdjaEei3Gv3T4rBBnQ-userAccountNumberatmScreenatmBankDatabase": {
      "type": "data_clump",
      "key": "parameters_to_parameters_data_clump-./Transaction-_pU2ApdjaEei3Gv3T4rBBnQ-_pU2nXdjaEei3Gv3T4rBBnQ-userAccountNumberatmScreenatmBankDatabase",
      "probability": 1,
      "from_file_path": "./Transaction",
      "from_class_or_interface_name": "Transaction",
      "from_class_or_interface_key": "_pU2AoNjaEei3Gv3T4rBBnQ",
      "from_method_name": "Transaction",
      "from_method_key": "_pU2ApdjaEei3Gv3T4rBBnQ",
      "to_file_path": "./Transfer",
      "to_class_or_interface_name": "Transfer",
      "to_class_or_interface_key": "_pU2nVNjaEei3Gv3T4rBBnQ",
      "to_method_name": "Transfer",
      "to_method_key": "_pU2nXdjaEei3Gv3T4rBBnQ",
      "data_clump_type": "parameters_to_parameters_data_clump",
      "data_clump_data": {
        "_pU2AptjaEei3Gv3T4rBBnQ": {
          "key": "_pU2AptjaEei3Gv3T4rBBnQ",
          "name": "userAccountNumber",
          "type": null,
          "probability": 1,
          "modifiers": [],
          "to_variable": {
            "key": "_pU2nXtjaEei3Gv3T4rBBnQ",
            "name": "userAccountNumber",
            "type": null,
            "modifiers": [],
            "position": {}
          },
          "position": {}
        },
        "_pU2nQNjaEei3Gv3T4rBBnQ": {
          "key": "_pU2nQNjaEei3Gv3T4rBBnQ",
          "name": "atmScreen",
          "type": null,
          "probability": 1,
          "modifiers": [],
          "to_variable": {
            "key": "_pU2nYdjaEei3Gv3T4rBBnQ",
            "name": "atmScreen",
            "type": null,
            "modifiers": [],
            "position": {}
          },
          "position": {}
        },
        "_pU2nQ9jaEei3Gv3T4rBBnQ": {
          "key": "_pU2nQ9jaEei3Gv3T4rBBnQ",
          "name": "atmBankDatabase",
          "type": null,
          "probability": 1,
          "modifiers": [],
          "to_variable": {
            "key": "_pU2nZNjaEei3Gv3T4rBBnQ",
            "name": "atmBankDatabase",
            "type": null,
            "modifiers": [],
            "position": {}
          },
          "position": {}
        }
      }
    },
    "parameters_to_parameters_data_clump-./Transaction-_pU2ApdjaEei3Gv3T4rBBnQ-_pU2niNjaEei3Gv3T4rBBnQ-userAccountNumberatmScreenatmBankDatabase": {
      "type": "data_clump",
      "key": "parameters_to_parameters_data_clump-./Transaction-_pU2ApdjaEei3Gv3T4rBBnQ-_pU2niNjaEei3Gv3T4rBBnQ-userAccountNumberatmScreenatmBankDatabase",
      "probability": 1,
      "from_file_path": "./Transaction",
      "from_class_or_interface_name": "Transaction",
      "from_class_or_interface_key": "_pU2AoNjaEei3Gv3T4rBBnQ",
      "from_method_name": "Transaction",
      "from_method_key": "_pU2ApdjaEei3Gv3T4rBBnQ",
      "to_file_path": "./Withdrawal",
      "to_class_or_interface_name": "Withdrawal",
      "to_class_or_interface_key": "_pU2ngNjaEei3Gv3T4rBBnQ",
      "to_method_name": "Withdrawal",
      "to_method_key": "_pU2niNjaEei3Gv3T4rBBnQ",
      "data_clump_type": "parameters_to_parameters_data_clump",
      "data_clump_data": {
        "_pU2AptjaEei3Gv3T4rBBnQ": {
          "key": "_pU2AptjaEei3Gv3T4rBBnQ",
          "name": "userAccountNumber",
          "type": null,
          "probability": 1,
          "modifiers": [],
          "to_variable": {
            "key": "_pU2nidjaEei3Gv3T4rBBnQ",
            "name": "userAccountNumber",
            "type": null,
            "modifiers": [],
            "position": {}
          },
          "position": {}
        },
        "_pU2nQNjaEei3Gv3T4rBBnQ": {
          "key": "_pU2nQNjaEei3Gv3T4rBBnQ",
          "name": "atmScreen",
          "type": null,
          "probability": 1,
          "modifiers": [],
          "to_variable": {
            "key": "_pU2njNjaEei3Gv3T4rBBnQ",
            "name": "atmScreen",
            "type": null,
            "modifiers": [],
            "position": {}
          },
          "position": {}
        },
        "_pU2nQ9jaEei3Gv3T4rBBnQ": {
          "key": "_pU2nQ9jaEei3Gv3T4rBBnQ",
          "name": "atmBankDatabase",
          "type": null,
          "probability": 1,
          "modifiers": [],
          "to_variable": {
            "key": "_pU2nj9jaEei3Gv3T4rBBnQ",
            "name": "atmBankDatabase",
            "type": null,
            "modifiers": [],
            "position": {}
          },
          "position": {}
        }
      }
    },
    "parameters_to_parameters_data_clump-./Transfer-_pU2nXdjaEei3Gv3T4rBBnQ-_pU0yiNjaEei3Gv3T4rBBnQ-userAccountNumberatmScreenatmBankDatabase": {
      "type": "data_clump",
      "key": "parameters_to_parameters_data_clump-./Transfer-_pU2nXdjaEei3Gv3T4rBBnQ-_pU0yiNjaEei3Gv3T4rBBnQ-userAccountNumberatmScreenatmBankDatabase",
      "probability": 1,
      "from_file_path": "./Transfer",
      "from_class_or_interface_name": "Transfer",
      "from_class_or_interface_key": "_pU2nVNjaEei3Gv3T4rBBnQ",
      "from_method_name": "Transfer",
      "from_method_key": "_pU2nXdjaEei3Gv3T4rBBnQ",
      "to_file_path": "./BalanceInquiry",
      "to_class_or_interface_name": "BalanceInquiry",
      "to_class_or_interface_key": "_pU0yhdjaEei3Gv3T4rBBnQ",
      "to_method_name": "BalanceInquiry",
      "to_method_key": "_pU0yiNjaEei3Gv3T4rBBnQ",
      "data_clump_type": "parameters_to_parameters_data_clump",
      "data_clump_data": {
        "_pU2nXtjaEei3Gv3T4rBBnQ": {
          "key": "_pU2nXtjaEei3Gv3T4rBBnQ",
          "name": "userAccountNumber",
          "type": null,
          "probability": 1,
          "modifiers": [],
          "to_variable": {
            "key": "_pU0yidjaEei3Gv3T4rBBnQ",
            "name": "userAccountNumber",
            "type": null,
            "modifiers": [],
            "position": {}
          },
          "position": {}
        },
        "_pU2nYdjaEei3Gv3T4rBBnQ": {
          "key": "_pU2nYdjaEei3Gv3T4rBBnQ",
          "name": "atmScreen",
          "type": null,
          "probability": 1,
          "modifiers": [],
          "to_variable": {
            "key": "_pU1ZItjaEei3Gv3T4rBBnQ",
            "name": "atmScreen",
            "type": null,
            "modifiers": [],
            "position": {}
          },
          "position": {}
        },
        "_pU2nZNjaEei3Gv3T4rBBnQ": {
          "key": "_pU2nZNjaEei3Gv3T4rBBnQ",
          "name": "atmBankDatabase",
          "type": null,
          "probability": 1,
          "modifiers": [],
          "to_variable": {
            "key": "_pU1ZJdjaEei3Gv3T4rBBnQ",
            "name": "atmBankDatabase",
            "type": null,
            "modifiers": [],
            "position": {}
          },
          "position": {}
        }
      }
    },
    "parameters_to_parameters_data_clump-./Transfer-_pU2nXdjaEei3Gv3T4rBBnQ-_pU2ATdjaEei3Gv3T4rBBnQ-userAccountNumberatmScreenatmBankDatabaseatmKeypad": {
      "type": "data_clump",
      "key": "parameters_to_parameters_data_clump-./Transfer-_pU2nXdjaEei3Gv3T4rBBnQ-_pU2ATdjaEei3Gv3T4rBBnQ-userAccountNumberatmScreenatmBankDatabaseatmKeypad",
      "probability": 1,
      "from_file_path": "./Transfer",
      "from_class_or_interface_name": "Transfer",
      "from_class_or_interface_key": "_pU2nVNjaEei3Gv3T4rBBnQ",
      "from_method_name": "Transfer",
      "from_method_key": "_pU2nXdjaEei3Gv3T4rBBnQ",
      "to_file_path": "./Deposit",
      "to_class_or_interface_name": "Deposit",
      "to_class_or_interface_key": "_pU2ARNjaEei3Gv3T4rBBnQ",
      "to_method_name": "Deposit",
      "to_method_key": "_pU2ATdjaEei3Gv3T4rBBnQ",
      "data_clump_type": "parameters_to_parameters_data_clump",
      "data_clump_data": {
        "_pU2nXtjaEei3Gv3T4rBBnQ": {
          "key": "_pU2nXtjaEei3Gv3T4rBBnQ",
          "name": "userAccountNumber",
          "type": null,
          "probability": 1,
          "modifiers": [],
          "to_variable": {
            "key": "_pU2ATtjaEei3Gv3T4rBBnQ",
            "name": "userAccountNumber",
            "type": null,
            "modifiers": [],
            "position": {}
          },
          "position": {}
        },
        "_pU2nYdjaEei3Gv3T4rBBnQ": {
          "key": "_pU2nYdjaEei3Gv3T4rBBnQ",
          "name": "atmScreen",
          "type": null,
          "probability": 1,
          "modifiers": [],
          "to_variable": {
            "key": "_pU2AUdjaEei3Gv3T4rBBnQ",
            "name": "atmScreen",
            "type": null,
            "modifiers": [],
            "position": {}
          },
          "position": {}
        },
        "_pU2nZNjaEei3Gv3T4rBBnQ": {
          "key": "_pU2nZNjaEei3Gv3T4rBBnQ",
          "name": "atmBankDatabase",
          "type": null,
          "probability": 1,
          "modifiers": [],
          "to_variable": {
            "key": "_pU2AVNjaEei3Gv3T4rBBnQ",
            "name": "atmBankDatabase",
            "type": null,
            "modifiers": [],
            "position": {}
          },
          "position": {}
        },
        "_pU2nZ9jaEei3Gv3T4rBBnQ": {
          "key": "_pU2nZ9jaEei3Gv3T4rBBnQ",
          "name": "atmKeypad",
          "type": null,
          "probability": 1,
          "modifiers": [],
          "to_variable": {
            "key": "_pU2AV9jaEei3Gv3T4rBBnQ",
            "name": "atmKeypad",
            "type": null,
            "modifiers": [],
            "position": {}
          },
          "position": {}
        }
      }
    },
    "parameters_to_parameters_data_clump-./Transfer-_pU2nXdjaEei3Gv3T4rBBnQ-_pU2ApdjaEei3Gv3T4rBBnQ-userAccountNumberatmScreenatmBankDatabase": {
      "type": "data_clump",
      "key": "parameters_to_parameters_data_clump-./Transfer-_pU2nXdjaEei3Gv3T4rBBnQ-_pU2ApdjaEei3Gv3T4rBBnQ-userAccountNumberatmScreenatmBankDatabase",
      "probability": 1,
      "from_file_path": "./Transfer",
      "from_class_or_interface_name": "Transfer",
      "from_class_or_interface_key": "_pU2nVNjaEei3Gv3T4rBBnQ",
      "from_method_name": "Transfer",
      "from_method_key": "_pU2nXdjaEei3Gv3T4rBBnQ",
      "to_file_path": "./Transaction",
      "to_class_or_interface_name": "Transaction",
      "to_class_or_interface_key": "_pU2AoNjaEei3Gv3T4rBBnQ",
      "to_method_name": "Transaction",
      "to_method_key": "_pU2ApdjaEei3Gv3T4rBBnQ",
      "data_clump_type": "parameters_to_parameters_data_clump",
      "data_clump_data": {
        "_pU2nXtjaEei3Gv3T4rBBnQ": {
          "key": "_pU2nXtjaEei3Gv3T4rBBnQ",
          "name": "userAccountNumber",
          "type": null,
          "probability": 1,
          "modifiers": [],
          "to_variable": {
            "key": "_pU2AptjaEei3Gv3T4rBBnQ",
            "name": "userAccountNumber",
            "type": null,
            "modifiers": [],
            "position": {}
          },
          "position": {}
        },
        "_pU2nYdjaEei3Gv3T4rBBnQ": {
          "key": "_pU2nYdjaEei3Gv3T4rBBnQ",
          "name": "atmScreen",
          "type": null,
          "probability": 1,
          "modifiers": [],
          "to_variable": {
            "key": "_pU2nQNjaEei3Gv3T4rBBnQ",
            "name": "atmScreen",
            "type": null,
            "modifiers": [],
            "position": {}
          },
          "position": {}
        },
        "_pU2nZNjaEei3Gv3T4rBBnQ": {
          "key": "_pU2nZNjaEei3Gv3T4rBBnQ",
          "name": "atmBankDatabase",
          "type": null,
          "probability": 1,
          "modifiers": [],
          "to_variable": {
            "key": "_pU2nQ9jaEei3Gv3T4rBBnQ",
            "name": "atmBankDatabase",
            "type": null,
            "modifiers": [],
            "position": {}
          },
          "position": {}
        }
      }
    },
    "parameters_to_parameters_data_clump-./Transfer-_pU2nXdjaEei3Gv3T4rBBnQ-_pU2niNjaEei3Gv3T4rBBnQ-userAccountNumberatmScreenatmBankDatabaseatmKeypad": {
      "type": "data_clump",
      "key": "parameters_to_parameters_data_clump-./Transfer-_pU2nXdjaEei3Gv3T4rBBnQ-_pU2niNjaEei3Gv3T4rBBnQ-userAccountNumberatmScreenatmBankDatabaseatmKeypad",
      "probability": 1,
      "from_file_path": "./Transfer",
      "from_class_or_interface_name": "Transfer",
      "from_class_or_interface_key": "_pU2nVNjaEei3Gv3T4rBBnQ",
      "from_method_name": "Transfer",
      "from_method_key": "_pU2nXdjaEei3Gv3T4rBBnQ",
      "to_file_path": "./Withdrawal",
      "to_class_or_interface_name": "Withdrawal",
      "to_class_or_interface_key": "_pU2ngNjaEei3Gv3T4rBBnQ",
      "to_method_name": "Withdrawal",
      "to_method_key": "_pU2niNjaEei3Gv3T4rBBnQ",
      "data_clump_type": "parameters_to_parameters_data_clump",
      "data_clump_data": {
        "_pU2nXtjaEei3Gv3T4rBBnQ": {
          "key": "_pU2nXtjaEei3Gv3T4rBBnQ",
          "name": "userAccountNumber",
          "type": null,
          "probability": 1,
          "modifiers": [],
          "to_variable": {
            "key": "_pU2nidjaEei3Gv3T4rBBnQ",
            "name": "userAccountNumber",
            "type": null,
            "modifiers": [],
            "position": {}
          },
          "position": {}
        },
        "_pU2nYdjaEei3Gv3T4rBBnQ": {
          "key": "_pU2nYdjaEei3Gv3T4rBBnQ",
          "name": "atmScreen",
          "type": null,
          "probability": 1,
          "modifiers": [],
          "to_variable": {
            "key": "_pU2njNjaEei3Gv3T4rBBnQ",
            "name": "atmScreen",
            "type": null,
            "modifiers": [],
            "position": {}
          },
          "position": {}
        },
        "_pU2nZNjaEei3Gv3T4rBBnQ": {
          "key": "_pU2nZNjaEei3Gv3T4rBBnQ",
          "name": "atmBankDatabase",
          "type": null,
          "probability": 1,
          "modifiers": [],
          "to_variable": {
            "key": "_pU2nj9jaEei3Gv3T4rBBnQ",
            "name": "atmBankDatabase",
            "type": null,
            "modifiers": [],
            "position": {}
          },
          "position": {}
        },
        "_pU2nZ9jaEei3Gv3T4rBBnQ": {
          "key": "_pU2nZ9jaEei3Gv3T4rBBnQ",
          "name": "atmKeypad",
          "type": null,
          "probability": 1,
          "modifiers": [],
          "to_variable": {
            "key": "_pU2nktjaEei3Gv3T4rBBnQ",
            "name": "atmKeypad",
            "type": null,
            "modifiers": [],
            "position": {}
          },
          "position": {}
        }
      }
    },
    "parameters_to_parameters_data_clump-./Withdrawal-_pU2niNjaEei3Gv3T4rBBnQ-_pU0yiNjaEei3Gv3T4rBBnQ-userAccountNumberatmScreenatmBankDatabase": {
      "type": "data_clump",
      "key": "parameters_to_parameters_data_clump-./Withdrawal-_pU2niNjaEei3Gv3T4rBBnQ-_pU0yiNjaEei3Gv3T4rBBnQ-userAccountNumberatmScreenatmBankDatabase",
      "probability": 1,
      "from_file_path": "./Withdrawal",
      "from_class_or_interface_name": "Withdrawal",
      "from_class_or_interface_key": "_pU2ngNjaEei3Gv3T4rBBnQ",
      "from_method_name": "Withdrawal",
      "from_method_key": "_pU2niNjaEei3Gv3T4rBBnQ",
      "to_file_path": "./BalanceInquiry",
      "to_class_or_interface_name": "BalanceInquiry",
      "to_class_or_interface_key": "_pU0yhdjaEei3Gv3T4rBBnQ",
      "to_method_name": "BalanceInquiry",
      "to_method_key": "_pU0yiNjaEei3Gv3T4rBBnQ",
      "data_clump_type": "parameters_to_parameters_data_clump",
      "data_clump_data": {
        "_pU2nidjaEei3Gv3T4rBBnQ": {
          "key": "_pU2nidjaEei3Gv3T4rBBnQ",
          "name": "userAccountNumber",
          "type": null,
          "probability": 1,
          "modifiers": [],
          "to_variable": {
            "key": "_pU0yidjaEei3Gv3T4rBBnQ",
            "name": "userAccountNumber",
            "type": null,
            "modifiers": [],
            "position": {}
          },
          "position": {}
        },
        "_pU2njNjaEei3Gv3T4rBBnQ": {
          "key": "_pU2njNjaEei3Gv3T4rBBnQ",
          "name": "atmScreen",
          "type": null,
          "probability": 1,
          "modifiers": [],
          "to_variable": {
            "key": "_pU1ZItjaEei3Gv3T4rBBnQ",
            "name": "atmScreen",
            "type": null,
            "modifiers": [],
            "position": {}
          },
          "position": {}
        },
        "_pU2nj9jaEei3Gv3T4rBBnQ": {
          "key": "_pU2nj9jaEei3Gv3T4rBBnQ",
          "name": "atmBankDatabase",
          "type": null,
          "probability": 1,
          "modifiers": [],
          "to_variable": {
            "key": "_pU1ZJdjaEei3Gv3T4rBBnQ",
            "name": "atmBankDatabase",
            "type": null,
            "modifiers": [],
            "position": {}
          },
          "position": {}
        }
      }
    },
    "parameters_to_parameters_data_clump-./Withdrawal-_pU2niNjaEei3Gv3T4rBBnQ-_pU2ATdjaEei3Gv3T4rBBnQ-userAccountNumberatmScreenatmBankDatabaseatmKeypad": {
      "type": "data_clump",
      "key": "parameters_to_parameters_data_clump-./Withdrawal-_pU2niNjaEei3Gv3T4rBBnQ-_pU2ATdjaEei3Gv3T4rBBnQ-userAccountNumberatmScreenatmBankDatabaseatmKeypad",
      "probability": 1,
      "from_file_path": "./Withdrawal",
      "from_class_or_interface_name": "Withdrawal",
      "from_class_or_interface_key": "_pU2ngNjaEei3Gv3T4rBBnQ",
      "from_method_name": "Withdrawal",
      "from_method_key": "_pU2niNjaEei3Gv3T4rBBnQ",
      "to_file_path": "./Deposit",
      "to_class_or_interface_name": "Deposit",
      "to_class_or_interface_key": "_pU2ARNjaEei3Gv3T4rBBnQ",
      "to_method_name": "Deposit",
      "to_method_key": "_pU2ATdjaEei3Gv3T4rBBnQ",
      "data_clump_type": "parameters_to_parameters_data_clump",
      "data_clump_data": {
        "_pU2nidjaEei3Gv3T4rBBnQ": {
          "key": "_pU2nidjaEei3Gv3T4rBBnQ",
          "name": "userAccountNumber",
          "type": null,
          "probability": 1,
          "modifiers": [],
          "to_variable": {
            "key": "_pU2ATtjaEei3Gv3T4rBBnQ",
            "name": "userAccountNumber",
            "type": null,
            "modifiers": [],
            "position": {}
          },
          "position": {}
        },
        "_pU2njNjaEei3Gv3T4rBBnQ": {
          "key": "_pU2njNjaEei3Gv3T4rBBnQ",
          "name": "atmScreen",
          "type": null,
          "probability": 1,
          "modifiers": [],
          "to_variable": {
            "key": "_pU2AUdjaEei3Gv3T4rBBnQ",
            "name": "atmScreen",
            "type": null,
            "modifiers": [],
            "position": {}
          },
          "position": {}
        },
        "_pU2nj9jaEei3Gv3T4rBBnQ": {
          "key": "_pU2nj9jaEei3Gv3T4rBBnQ",
          "name": "atmBankDatabase",
          "type": null,
          "probability": 1,
          "modifiers": [],
          "to_variable": {
            "key": "_pU2AVNjaEei3Gv3T4rBBnQ",
            "name": "atmBankDatabase",
            "type": null,
            "modifiers": [],
            "position": {}
          },
          "position": {}
        },
        "_pU2nktjaEei3Gv3T4rBBnQ": {
          "key": "_pU2nktjaEei3Gv3T4rBBnQ",
          "name": "atmKeypad",
          "type": null,
          "probability": 1,
          "modifiers": [],
          "to_variable": {
            "key": "_pU2AV9jaEei3Gv3T4rBBnQ",
            "name": "atmKeypad",
            "type": null,
            "modifiers": [],
            "position": {}
          },
          "position": {}
        }
      }
    },
    "parameters_to_parameters_data_clump-./Withdrawal-_pU2niNjaEei3Gv3T4rBBnQ-_pU2ApdjaEei3Gv3T4rBBnQ-userAccountNumberatmScreenatmBankDatabase": {
      "type": "data_clump",
      "key": "parameters_to_parameters_data_clump-./Withdrawal-_pU2niNjaEei3Gv3T4rBBnQ-_pU2ApdjaEei3Gv3T4rBBnQ-userAccountNumberatmScreenatmBankDatabase",
      "probability": 1,
      "from_file_path": "./Withdrawal",
      "from_class_or_interface_name": "Withdrawal",
      "from_class_or_interface_key": "_pU2ngNjaEei3Gv3T4rBBnQ",
      "from_method_name": "Withdrawal",
      "from_method_key": "_pU2niNjaEei3Gv3T4rBBnQ",
      "to_file_path": "./Transaction",
      "to_class_or_interface_name": "Transaction",
      "to_class_or_interface_key": "_pU2AoNjaEei3Gv3T4rBBnQ",
      "to_method_name": "Transaction",
      "to_method_key": "_pU2ApdjaEei3Gv3T4rBBnQ",
      "data_clump_type": "parameters_to_parameters_data_clump",
      "data_clump_data": {
        "_pU2nidjaEei3Gv3T4rBBnQ": {
          "key": "_pU2nidjaEei3Gv3T4rBBnQ",
          "name": "userAccountNumber",
          "type": null,
          "probability": 1,
          "modifiers": [],
          "to_variable": {
            "key": "_pU2AptjaEei3Gv3T4rBBnQ",
            "name": "userAccountNumber",
            "type": null,
            "modifiers": [],
            "position": {}
          },
          "position": {}
        },
        "_pU2njNjaEei3Gv3T4rBBnQ": {
          "key": "_pU2njNjaEei3Gv3T4rBBnQ",
          "name": "atmScreen",
          "type": null,
          "probability": 1,
          "modifiers": [],
          "to_variable": {
            "key": "_pU2nQNjaEei3Gv3T4rBBnQ",
            "name": "atmScreen",
            "type": null,
            "modifiers": [],
            "position": {}
          },
          "position": {}
        },
        "_pU2nj9jaEei3Gv3T4rBBnQ": {
          "key": "_pU2nj9jaEei3Gv3T4rBBnQ",
          "name": "atmBankDatabase",
          "type": null,
          "probability": 1,
          "modifiers": [],
          "to_variable": {
            "key": "_pU2nQ9jaEei3Gv3T4rBBnQ",
            "name": "atmBankDatabase",
            "type": null,
            "modifiers": [],
            "position": {}
          },
          "position": {}
        }
      }
    },
    "parameters_to_parameters_data_clump-./Withdrawal-_pU2niNjaEei3Gv3T4rBBnQ-_pU2nXdjaEei3Gv3T4rBBnQ-userAccountNumberatmScreenatmBankDatabaseatmKeypad": {
      "type": "data_clump",
      "key": "parameters_to_parameters_data_clump-./Withdrawal-_pU2niNjaEei3Gv3T4rBBnQ-_pU2nXdjaEei3Gv3T4rBBnQ-userAccountNumberatmScreenatmBankDatabaseatmKeypad",
      "probability": 1,
      "from_file_path": "./Withdrawal",
      "from_class_or_interface_name": "Withdrawal",
      "from_class_or_interface_key": "_pU2ngNjaEei3Gv3T4rBBnQ",
      "from_method_name": "Withdrawal",
      "from_method_key": "_pU2niNjaEei3Gv3T4rBBnQ",
      "to_file_path": "./Transfer",
      "to_class_or_interface_name": "Transfer",
      "to_class_or_interface_key": "_pU2nVNjaEei3Gv3T4rBBnQ",
      "to_method_name": "Transfer",
      "to_method_key": "_pU2nXdjaEei3Gv3T4rBBnQ",
      "data_clump_type": "parameters_to_parameters_data_clump",
      "data_clump_data": {
        "_pU2nidjaEei3Gv3T4rBBnQ": {
          "key": "_pU2nidjaEei3Gv3T4rBBnQ",
          "name": "userAccountNumber",
          "type": null,
          "probability": 1,
          "modifiers": [],
          "to_variable": {
            "key": "_pU2nXtjaEei3Gv3T4rBBnQ",
            "name": "userAccountNumber",
            "type": null,
            "modifiers": [],
            "position": {}
          },
          "position": {}
        },
        "_pU2njNjaEei3Gv3T4rBBnQ": {
          "key": "_pU2njNjaEei3Gv3T4rBBnQ",
          "name": "atmScreen",
          "type": null,
          "probability": 1,
          "modifiers": [],
          "to_variable": {
            "key": "_pU2nYdjaEei3Gv3T4rBBnQ",
            "name": "atmScreen",
            "type": null,
            "modifiers": [],
            "position": {}
          },
          "position": {}
        },
        "_pU2nj9jaEei3Gv3T4rBBnQ": {
          "key": "_pU2nj9jaEei3Gv3T4rBBnQ",
          "name": "atmBankDatabase",
          "type": null,
          "probability": 1,
          "modifiers": [],
          "to_variable": {
            "key": "_pU2nZNjaEei3Gv3T4rBBnQ",
            "name": "atmBankDatabase",
            "type": null,
            "modifiers": [],
            "position": {}
          },
          "position": {}
        },
        "_pU2nktjaEei3Gv3T4rBBnQ": {
          "key": "_pU2nktjaEei3Gv3T4rBBnQ",
          "name": "atmKeypad",
          "type": null,
          "probability": 1,
          "modifiers": [],
          "to_variable": {
            "key": "_pU2nZ9jaEei3Gv3T4rBBnQ",
            "name": "atmKeypad",
            "type": null,
            "modifiers": [],
            "position": {}
          },
          "position": {}
        }
      }
    }
  }
}