{
  "report_version": "unknown",
  "report_timestamp": "2025-03-26T21:57:14.120Z",
  "target_language": "java",
  "report_summary": {
    "additional": null,
    "amount_classes_or_interfaces_with_data_clumps": 2,
    "amount_files_with_data_clumps": 2,
    "amount_methods_with_data_clumps": 0,
    "fields_to_fields_data_clump": 2,
    "parameters_to_fields_data_clump": 0,
    "parameters_to_parameters_data_clump": 0,
    "amount_data_clumps": 2
  },
  "project_info": {
    "project_url": "unknown_project_url",
    "project_name": "_r16-EGvDEe2ck8ytUMEi6A",
    "project_version": "unknown_project_version",
    "project_commit_hash": "unknown",
    "project_tag": null,
    "project_commit_date": null,
    "additional": {},
    "number_of_files": 114,
    "number_of_classes_or_interfaces": 114,
    "number_of_methods": 36,
    "number_of_data_fields": 74,
    "number_of_method_parameters": 0
  },
  "detector": {
    "name": "data-clumps-doctor",
    "url": "https://github.com/NilsBaumgartner1994/data-clumps-doctor",
    "version": "0.1.100",
    "options": {
      "typeVariablesConsidered": false,
      "similarityModifierOfVariablesWithUnknownType": 0,
      "fieldsOfClassesWithUnknownHierarchyProbabilityModifier": 0,
      "sharedFieldsToFieldsAmountMinimum": 3,
      "analyseFieldsInClassesOrInterfacesInheritedFromSuperClassesOrInterfaces": false,
      "sharedParametersToParametersAmountMinimum": 3,
      "sharedParametersToFieldsAmountMinimum": 3,
      "methodsOfClassesOrInterfacesWithUnknownHierarchyProbabilityModifier": 0
    }
  },
  "data_clumps": {
    "fields_to_fields_data_clump-./Flood-_r3gS6GvDEe2ck8ytUMEi6A-_r3fsd2vDEe2ck8ytUMEi6A-returnPerioddepthextentdischargestagedurationriskpotentialalertdamagezone": {
      "type": "data_clump",
      "key": "fields_to_fields_data_clump-./Flood-_r3gS6GvDEe2ck8ytUMEi6A-_r3fsd2vDEe2ck8ytUMEi6A-returnPerioddepthextentdischargestagedurationriskpotentialalertdamagezone",
      "probability": 1,
      "from_file_path": "./Flood",
      "from_class_or_interface_name": "Flood",
      "from_class_or_interface_key": "_r3gS6GvDEe2ck8ytUMEi6A",
      "from_method_name": null,
      "from_method_key": null,
      "to_file_path": "./Flood2",
      "to_class_or_interface_key": "_r3fsd2vDEe2ck8ytUMEi6A",
      "to_class_or_interface_name": "Flood",
      "to_method_key": null,
      "to_method_name": null,
      "data_clump_type": "fields_to_fields_data_clump",
      "data_clump_data": {
        "_r3gS7GvDEe2ck8ytUMEi6A": {
          "key": "_r3gS7GvDEe2ck8ytUMEi6A",
          "name": "returnPeriod",
          "type": null,
          "probability": 1,
          "modifiers": [],
          "to_variable": {
            "key": "_r3fseWvDEe2ck8ytUMEi6A",
            "name": "returnPeriod",
            "type": null,
            "modifiers": [],
            "position": {}
          },
          "position": {}
        },
        "_r3gS7WvDEe2ck8ytUMEi6A": {
          "key": "_r3gS7WvDEe2ck8ytUMEi6A",
          "name": "depth",
          "type": null,
          "probability": 1,
          "modifiers": [],
          "to_variable": {
            "key": "_r3fsemvDEe2ck8ytUMEi6A",
            "name": "depth",
            "type": null,
            "modifiers": [],
            "position": {}
          },
          "position": {}
        },
        "_r3gS7mvDEe2ck8ytUMEi6A": {
          "key": "_r3gS7mvDEe2ck8ytUMEi6A",
          "name": "extent",
          "type": null,
          "probability": 1,
          "modifiers": [],
          "to_variable": {
            "key": "_r3fse2vDEe2ck8ytUMEi6A",
            "name": "extent",
            "type": null,
            "modifiers": [],
            "position": {}
          },
          "position": {}
        },
        "_r3gS72vDEe2ck8ytUMEi6A": {
          "key": "_r3gS72vDEe2ck8ytUMEi6A",
          "name": "discharge",
          "type": null,
          "probability": 1,
          "modifiers": [],
          "to_variable": {
            "key": "_r3fsfGvDEe2ck8ytUMEi6A",
            "name": "discharge",
            "type": null,
            "modifiers": [],
            "position": {}
          },
          "position": {}
        },
        "_r3gS8GvDEe2ck8ytUMEi6A": {
          "key": "_r3gS8GvDEe2ck8ytUMEi6A",
          "name": "stage",
          "type": null,
          "probability": 1,
          "modifiers": [],
          "to_variable": {
            "key": "_r3fsfWvDEe2ck8ytUMEi6A",
            "name": "stage",
            "type": null,
            "modifiers": [],
            "position": {}
          },
          "position": {}
        },
        "_r3gS8WvDEe2ck8ytUMEi6A": {
          "key": "_r3gS8WvDEe2ck8ytUMEi6A",
          "name": "duration",
          "type": null,
          "probability": 1,
          "modifiers": [],
          "to_variable": {
            "key": "_r3fsfmvDEe2ck8ytUMEi6A",
            "name": "duration",
            "type": null,
            "modifiers": [],
            "position": {}
          },
          "position": {}
        },
        "_r3gS8mvDEe2ck8ytUMEi6A": {
          "key": "_r3gS8mvDEe2ck8ytUMEi6A",
          "name": "risk",
          "type": null,
          "probability": 1,
          "modifiers": [],
          "to_variable": {
            "key": "_r3fsf2vDEe2ck8ytUMEi6A",
            "name": "risk",
            "type": null,
            "modifiers": [],
            "position": {}
          },
          "position": {}
        },
        "_r3gS82vDEe2ck8ytUMEi6A": {
          "key": "_r3gS82vDEe2ck8ytUMEi6A",
          "name": "potential",
          "type": null,
          "probability": 1,
          "modifiers": [],
          "to_variable": {
            "key": "_r3fsgGvDEe2ck8ytUMEi6A",
            "name": "potential",
            "type": null,
            "modifiers": [],
            "position": {}
          },
          "position": {}
        },
        "_r3gS9GvDEe2ck8ytUMEi6A": {
          "key": "_r3gS9GvDEe2ck8ytUMEi6A",
          "name": "alert",
          "type": null,
          "probability": 1,
          "modifiers": [],
          "to_variable": {
            "key": "_r3fsgWvDEe2ck8ytUMEi6A",
            "name": "alert",
            "type": null,
            "modifiers": [],
            "position": {}
          },
          "position": {}
        },
        "_r3gS9WvDEe2ck8ytUMEi6A": {
          "key": "_r3gS9WvDEe2ck8ytUMEi6A",
          "name": "damage",
          "type": null,
          "probability": 1,
          "modifiers": [],
          "to_variable": {
            "key": "_r3fsgmvDEe2ck8ytUMEi6A",
            "name": "damage",
            "type": null,
            "modifiers": [],
            "position": {}
          },
          "position": {}
        },
        "_r3gS9mvDEe2ck8ytUMEi6A": {
          "key": "_r3gS9mvDEe2ck8ytUMEi6A",
          "name": "zone",
          "type": null,
          "probability": 1,
          "modifiers": [],
          "to_variable": {
            "key": "_r3fsg2vDEe2ck8ytUMEi6A",
            "name": "zone",
            "type": null,
            "modifiers": [],
            "position": {}
          },
          "position": {}
        }
      }
    },
    "fields_to_fields_data_clump-./Flood2-_r3fsd2vDEe2ck8ytUMEi6A-_r3gS6GvDEe2ck8ytUMEi6A-returnPerioddepthextentdischargestagedurationriskpotentialalertdamagezone": {
      "type": "data_clump",
      "key": "fields_to_fields_data_clump-./Flood2-_r3fsd2vDEe2ck8ytUMEi6A-_r3gS6GvDEe2ck8ytUMEi6A-returnPerioddepthextentdischargestagedurationriskpotentialalertdamagezone",
      "probability": 1,
      "from_file_path": "./Flood2",
      "from_class_or_interface_name": "Flood2",
      "from_class_or_interface_key": "_r3fsd2vDEe2ck8ytUMEi6A",
      "from_method_name": null,
      "from_method_key": null,
      "to_file_path": "./Flood",
      "to_class_or_interface_key": "_r3gS6GvDEe2ck8ytUMEi6A",
      "to_class_or_interface_name": "Flood2",
      "to_method_key": null,
      "to_method_name": null,
      "data_clump_type": "fields_to_fields_data_clump",
      "data_clump_data": {
        "_r3fseWvDEe2ck8ytUMEi6A": {
          "key": "_r3fseWvDEe2ck8ytUMEi6A",
          "name": "returnPeriod",
          "type": null,
          "probability": 1,
          "modifiers": [],
          "to_variable": {
            "key": "_r3gS7GvDEe2ck8ytUMEi6A",
            "name": "returnPeriod",
            "type": null,
            "modifiers": [],
            "position": {}
          },
          "position": {}
        },
        "_r3fsemvDEe2ck8ytUMEi6A": {
          "key": "_r3fsemvDEe2ck8ytUMEi6A",
          "name": "depth",
          "type": null,
          "probability": 1,
          "modifiers": [],
          "to_variable": {
            "key": "_r3gS7WvDEe2ck8ytUMEi6A",
            "name": "depth",
            "type": null,
            "modifiers": [],
            "position": {}
          },
          "position": {}
        },
        "_r3fse2vDEe2ck8ytUMEi6A": {
          "key": "_r3fse2vDEe2ck8ytUMEi6A",
          "name": "extent",
          "type": null,
          "probability": 1,
          "modifiers": [],
          "to_variable": {
            "key": "_r3gS7mvDEe2ck8ytUMEi6A",
            "name": "extent",
            "type": null,
            "modifiers": [],
            "position": {}
          },
          "position": {}
        },
        "_r3fsfGvDEe2ck8ytUMEi6A": {
          "key": "_r3fsfGvDEe2ck8ytUMEi6A",
          "name": "discharge",
          "type": null,
          "probability": 1,
          "modifiers": [],
          "to_variable": {
            "key": "_r3gS72vDEe2ck8ytUMEi6A",
            "name": "discharge",
            "type": null,
            "modifiers": [],
            "position": {}
          },
          "position": {}
        },
        "_r3fsfWvDEe2ck8ytUMEi6A": {
          "key": "_r3fsfWvDEe2ck8ytUMEi6A",
          "name": "stage",
          "type": null,
          "probability": 1,
          "modifiers": [],
          "to_variable": {
            "key": "_r3gS8GvDEe2ck8ytUMEi6A",
            "name": "stage",
            "type": null,
            "modifiers": [],
            "position": {}
          },
          "position": {}
        },
        "_r3fsfmvDEe2ck8ytUMEi6A": {
          "key": "_r3fsfmvDEe2ck8ytUMEi6A",
          "name": "duration",
          "type": null,
          "probability": 1,
          "modifiers": [],
          "to_variable": {
            "key": "_r3gS8WvDEe2ck8ytUMEi6A",
            "name": "duration",
            "type": null,
            "modifiers": [],
            "position": {}
          },
          "position": {}
        },
        "_r3fsf2vDEe2ck8ytUMEi6A": {
          "key": "_r3fsf2vDEe2ck8ytUMEi6A",
          "name": "risk",
          "type": null,
          "probability": 1,
          "modifiers": [],
          "to_variable": {
            "key": "_r3gS8mvDEe2ck8ytUMEi6A",
            "name": "risk",
            "type": null,
            "modifiers": [],
            "position": {}
          },
          "position": {}
        },
        "_r3fsgGvDEe2ck8ytUMEi6A": {
          "key": "_r3fsgGvDEe2ck8ytUMEi6A",
          "name": "potential",
          "type": null,
          "probability": 1,
          "modifiers": [],
          "to_variable": {
            "key": "_r3gS82vDEe2ck8ytUMEi6A",
            "name": "potential",
            "type": null,
            "modifiers": [],
            "position": {}
          },
          "position": {}
        },
        "_r3fsgWvDEe2ck8ytUMEi6A": {
          "key": "_r3fsgWvDEe2ck8ytUMEi6A",
          "name": "alert",
          "type": null,
          "probability": 1,
          "modifiers": [],
          "to_variable": {
            "key": "_r3gS9GvDEe2ck8ytUMEi6A",
            "name": "alert",
            "type": null,
            "modifiers": [],
            "position": {}
          },
          "position": {}
        },
        "_r3fsgmvDEe2ck8ytUMEi6A": {
          "key": "_r3fsgmvDEe2ck8ytUMEi6A",
          "name": "damage",
          "type": null,
          "probability": 1,
          "modifiers": [],
          "to_variable": {
            "key": "_r3gS9WvDEe2ck8ytUMEi6A",
            "name": "damage",
            "type": null,
            "modifiers": [],
            "position": {}
          },
          "position": {}
        },
        "_r3fsg2vDEe2ck8ytUMEi6A": {
          "key": "_r3fsg2vDEe2ck8ytUMEi6A",
          "name": "zone",
          "type": null,
          "probability": 1,
          "modifiers": [],
          "to_variable": {
            "key": "_r3gS9mvDEe2ck8ytUMEi6A",
            "name": "zone",
            "type": null,
            "modifiers": [],
            "position": {}
          },
          "position": {}
        }
      }
    }
  }
}