{
  "report_version": "unknown",
  "report_timestamp": "2025-03-26T23:10:04.998Z",
  "target_language": "java",
  "report_summary": {
    "additional": null,
    "amount_classes_or_interfaces_with_data_clumps": 2,
    "amount_files_with_data_clumps": 2,
    "amount_methods_with_data_clumps": 0,
    "fields_to_fields_data_clump": 2,
    "parameters_to_fields_data_clump": 0,
    "parameters_to_parameters_data_clump": 0,
    "amount_data_clumps": 2
  },
  "project_info": {
    "project_url": "unknown_project_url",
    "project_name": "_vXlREN9YEeeAyLDAJ12_fg",
    "project_version": "unknown_project_version",
    "project_commit_hash": "unknown",
    "project_tag": null,
    "project_commit_date": null,
    "additional": {},
    "number_of_files": 6,
    "number_of_classes_or_interfaces": 6,
    "number_of_methods": 17,
    "number_of_data_fields": 29,
    "number_of_method_parameters": 0
  },
  "detector": {
    "name": "data-clumps-doctor",
    "url": "https://github.com/NilsBaumgartner1994/data-clumps-doctor",
    "version": "0.1.100",
    "options": {
      "typeVariablesConsidered": false,
      "similarityModifierOfVariablesWithUnknownType": 0,
      "fieldsOfClassesWithUnknownHierarchyProbabilityModifier": 0,
      "sharedFieldsToFieldsAmountMinimum": 3,
      "analyseFieldsInClassesOrInterfacesInheritedFromSuperClassesOrInterfaces": false,
      "sharedParametersToParametersAmountMinimum": 3,
      "sharedParametersToFieldsAmountMinimum": 3,
      "methodsOfClassesOrInterfacesWithUnknownHierarchyProbabilityModifier": 0
    }
  },
  "data_clumps": {
    "fields_to_fields_data_clump-./CartItem-_ca3V4MMsEDWwz8xfT7zGng-_bxHScMMlEDW0AaYaHzbu0w-NameProductIDPricefileName": {
      "type": "data_clump",
      "key": "fields_to_fields_data_clump-./CartItem-_ca3V4MMsEDWwz8xfT7zGng-_bxHScMMlEDW0AaYaHzbu0w-NameProductIDPricefileName",
      "probability": 1,
      "from_file_path": "./CartItem",
      "from_class_or_interface_name": "CartItem",
      "from_class_or_interface_key": "_ca3V4MMsEDWwz8xfT7zGng",
      "from_method_name": null,
      "from_method_key": null,
      "to_file_path": "./Product",
      "to_class_or_interface_key": "_bxHScMMlEDW0AaYaHzbu0w",
      "to_class_or_interface_name": "CartItem",
      "to_method_key": null,
      "to_method_name": null,
      "data_clump_type": "fields_to_fields_data_clump",
      "data_clump_data": {
        "_ca3V4sMsEDWwz8xfT7zGng": {
          "key": "_ca3V4sMsEDWwz8xfT7zGng",
          "name": "Name",
          "type": null,
          "probability": 1,
          "modifiers": [
            "private"
          ],
          "to_variable": {
            "key": "_bxHScsMlEDW0AaYaHzbu0w",
            "name": "Name",
            "type": null,
            "modifiers": [
              "private"
            ],
            "position": {}
          },
          "position": {}
        },
        "_ca3V4cMsEDWwz8xfT7zGng": {
          "key": "_ca3V4cMsEDWwz8xfT7zGng",
          "name": "ProductID",
          "type": null,
          "probability": 1,
          "modifiers": [
            "private"
          ],
          "to_variable": {
            "key": "_bxHSccMlEDW0AaYaHzbu0w",
            "name": "ProductID",
            "type": null,
            "modifiers": [
              "private"
            ],
            "position": {}
          },
          "position": {}
        },
        "_ca388MMsEDWwz8xfT7zGng": {
          "key": "_ca388MMsEDWwz8xfT7zGng",
          "name": "Price",
          "type": null,
          "probability": 1,
          "modifiers": [
            "private"
          ],
          "to_variable": {
            "key": "_bxHSc8MlEDW0AaYaHzbu0w",
            "name": "Price",
            "type": null,
            "modifiers": [
              "private"
            ],
            "position": {}
          },
          "position": {}
        },
        "_ca388cMsEDWwz8xfT7zGng": {
          "key": "_ca388cMsEDWwz8xfT7zGng",
          "name": "fileName",
          "type": null,
          "probability": 1,
          "modifiers": [
            "private"
          ],
          "to_variable": {
            "key": "_bxHSdMMlEDW0AaYaHzbu0w",
            "name": "fileName",
            "type": null,
            "modifiers": [
              "private"
            ],
            "position": {}
          },
          "position": {}
        }
      }
    },
    "fields_to_fields_data_clump-./Product-_bxHScMMlEDW0AaYaHzbu0w-_ca3V4MMsEDWwz8xfT7zGng-ProductIDNamePricefileName": {
      "type": "data_clump",
      "key": "fields_to_fields_data_clump-./Product-_bxHScMMlEDW0AaYaHzbu0w-_ca3V4MMsEDWwz8xfT7zGng-ProductIDNamePricefileName",
      "probability": 1,
      "from_file_path": "./Product",
      "from_class_or_interface_name": "Product",
      "from_class_or_interface_key": "_bxHScMMlEDW0AaYaHzbu0w",
      "from_method_name": null,
      "from_method_key": null,
      "to_file_path": "./CartItem",
      "to_class_or_interface_key": "_ca3V4MMsEDWwz8xfT7zGng",
      "to_class_or_interface_name": "Product",
      "to_method_key": null,
      "to_method_name": null,
      "data_clump_type": "fields_to_fields_data_clump",
      "data_clump_data": {
        "_bxHSccMlEDW0AaYaHzbu0w": {
          "key": "_bxHSccMlEDW0AaYaHzbu0w",
          "name": "ProductID",
          "type": null,
          "probability": 1,
          "modifiers": [
            "private"
          ],
          "to_variable": {
            "key": "_ca3V4cMsEDWwz8xfT7zGng",
            "name": "ProductID",
            "type": null,
            "modifiers": [
              "private"
            ],
            "position": {}
          },
          "position": {}
        },
        "_bxHScsMlEDW0AaYaHzbu0w": {
          "key": "_bxHScsMlEDW0AaYaHzbu0w",
          "name": "Name",
          "type": null,
          "probability": 1,
          "modifiers": [
            "private"
          ],
          "to_variable": {
            "key": "_ca3V4sMsEDWwz8xfT7zGng",
            "name": "Name",
            "type": null,
            "modifiers": [
              "private"
            ],
            "position": {}
          },
          "position": {}
        },
        "_bxHSc8MlEDW0AaYaHzbu0w": {
          "key": "_bxHSc8MlEDW0AaYaHzbu0w",
          "name": "Price",
          "type": null,
          "probability": 1,
          "modifiers": [
            "private"
          ],
          "to_variable": {
            "key": "_ca388MMsEDWwz8xfT7zGng",
            "name": "Price",
            "type": null,
            "modifiers": [
              "private"
            ],
            "position": {}
          },
          "position": {}
        },
        "_bxHSdMMlEDW0AaYaHzbu0w": {
          "key": "_bxHSdMMlEDW0AaYaHzbu0w",
          "name": "fileName",
          "type": null,
          "probability": 1,
          "modifiers": [
            "private"
          ],
          "to_variable": {
            "key": "_ca388cMsEDWwz8xfT7zGng",
            "name": "fileName",
            "type": null,
            "modifiers": [
              "private"
            ],
            "position": {}
          },
          "position": {}
        }
      }
    }
  }
}