{
  "report_version": "unknown",
  "report_timestamp": "2025-03-26T22:35:37.120Z",
  "target_language": "java",
  "report_summary": {
    "additional": null,
    "amount_classes_or_interfaces_with_data_clumps": 4,
    "amount_files_with_data_clumps": 4,
    "amount_methods_with_data_clumps": 0,
    "fields_to_fields_data_clump": 4,
    "parameters_to_fields_data_clump": 0,
    "parameters_to_parameters_data_clump": 0,
    "amount_data_clumps": 4
  },
  "project_info": {
    "project_url": "unknown_project_url",
    "project_name": "8dfd04db-d2b8-4b7f-b305-3d687228854d",
    "project_version": "unknown_project_version",
    "project_commit_hash": "unknown",
    "project_tag": null,
    "project_commit_date": null,
    "additional": {},
    "number_of_files": 9,
    "number_of_classes_or_interfaces": 9,
    "number_of_methods": 0,
    "number_of_data_fields": 38,
    "number_of_method_parameters": 0
  },
  "detector": {
    "name": "data-clumps-doctor",
    "url": "https://github.com/NilsBaumgartner1994/data-clumps-doctor",
    "version": "0.1.100",
    "options": {
      "typeVariablesConsidered": false,
      "similarityModifierOfVariablesWithUnknownType": 0,
      "fieldsOfClassesWithUnknownHierarchyProbabilityModifier": 0,
      "sharedFieldsToFieldsAmountMinimum": 3,
      "analyseFieldsInClassesOrInterfacesInheritedFromSuperClassesOrInterfaces": false,
      "sharedParametersToParametersAmountMinimum": 3,
      "sharedParametersToFieldsAmountMinimum": 3,
      "methodsOfClassesOrInterfacesWithUnknownHierarchyProbabilityModifier": 0
    }
  },
  "data_clumps": {
    "fields_to_fields_data_clump-./FalloEjecutoriado-_Fj6J4FwVEDS_it0w5ajkcA-_w3zuQFwUEDS_it0w5ajkcA-nombreInvestigadonumeroProcesodesicionnumeroResolucion": {
      "type": "data_clump",
      "key": "fields_to_fields_data_clump-./FalloEjecutoriado-_Fj6J4FwVEDS_it0w5ajkcA-_w3zuQFwUEDS_it0w5ajkcA-nombreInvestigadonumeroProcesodesicionnumeroResolucion",
      "probability": 1,
      "from_file_path": "./FalloEjecutoriado",
      "from_class_or_interface_name": "FalloEjecutoriado",
      "from_class_or_interface_key": "_Fj6J4FwVEDS_it0w5ajkcA",
      "from_method_name": null,
      "from_method_key": null,
      "to_file_path": "./Resolución",
      "to_class_or_interface_key": "_w3zuQFwUEDS_it0w5ajkcA",
      "to_class_or_interface_name": "FalloEjecutoriado",
      "to_method_key": null,
      "to_method_name": null,
      "data_clump_type": "fields_to_fields_data_clump",
      "data_clump_data": {
        "_K_OjEFwVEDS_it0w5ajkcA": {
          "key": "_K_OjEFwVEDS_it0w5ajkcA",
          "name": "nombreInvestigado",
          "type": null,
          "probability": 1,
          "modifiers": [],
          "to_variable": {
            "key": "_ym-l0FwUEDS_it0w5ajkcA",
            "name": "nombreInvestigado",
            "type": null,
            "modifiers": [],
            "position": {}
          },
          "position": {}
        },
        "_NF-NIFwVEDS_it0w5ajkcA": {
          "key": "_NF-NIFwVEDS_it0w5ajkcA",
          "name": "numeroProceso",
          "type": null,
          "probability": 1,
          "modifiers": [],
          "to_variable": {
            "key": "_8ulH8FwUEDS_it0w5ajkcA",
            "name": "numeroProceso",
            "type": null,
            "modifiers": [],
            "position": {}
          },
          "position": {}
        },
        "_QFTFAFwVEDS_it0w5ajkcA": {
          "key": "_QFTFAFwVEDS_it0w5ajkcA",
          "name": "desicion",
          "type": null,
          "probability": 1,
          "modifiers": [],
          "to_variable": {
            "key": "_6lvzMFwUEDS_it0w5ajkcA",
            "name": "desicion",
            "type": null,
            "modifiers": [],
            "position": {}
          },
          "position": {}
        },
        "_SG_3AFwVEDS_it0w5ajkcA": {
          "key": "_SG_3AFwVEDS_it0w5ajkcA",
          "name": "numeroResolucion",
          "type": null,
          "probability": 1,
          "modifiers": [],
          "to_variable": {
            "key": "_1twJgFwUEDS_it0w5ajkcA",
            "name": "numeroResolucion",
            "type": null,
            "modifiers": [],
            "position": {}
          },
          "position": {}
        }
      }
    },
    "fields_to_fields_data_clump-./Investigado-_jzfjYFwUEDS_it0w5ajkcA-_ITXPMFwUEDS_it0w5ajkcA-documentoIdentidaddirecciontelefono": {
      "type": "data_clump",
      "key": "fields_to_fields_data_clump-./Investigado-_jzfjYFwUEDS_it0w5ajkcA-_ITXPMFwUEDS_it0w5ajkcA-documentoIdentidaddirecciontelefono",
      "probability": 1,
      "from_file_path": "./Investigado",
      "from_class_or_interface_name": "Investigado",
      "from_class_or_interface_key": "_jzfjYFwUEDS_it0w5ajkcA",
      "from_method_name": null,
      "from_method_key": null,
      "to_file_path": "./Quejoso",
      "to_class_or_interface_key": "_ITXPMFwUEDS_it0w5ajkcA",
      "to_class_or_interface_name": "Investigado",
      "to_method_key": null,
      "to_method_name": null,
      "data_clump_type": "fields_to_fields_data_clump",
      "data_clump_data": {
        "_mziM8FwUEDS_it0w5ajkcA": {
          "key": "_mziM8FwUEDS_it0w5ajkcA",
          "name": "documentoIdentidad",
          "type": null,
          "probability": 1,
          "modifiers": [],
          "to_variable": {
            "key": "_MqoxcFwUEDS_it0w5ajkcA",
            "name": "documentoIdentidad",
            "type": null,
            "modifiers": [],
            "position": {}
          },
          "position": {}
        },
        "_oxVWYFwUEDS_it0w5ajkcA": {
          "key": "_oxVWYFwUEDS_it0w5ajkcA",
          "name": "direccion",
          "type": null,
          "probability": 1,
          "modifiers": [],
          "to_variable": {
            "key": "_Ox8cMFwUEDS_it0w5ajkcA",
            "name": "direccion",
            "type": null,
            "modifiers": [],
            "position": {}
          },
          "position": {}
        },
        "_pudF8FwUEDS_it0w5ajkcA": {
          "key": "_pudF8FwUEDS_it0w5ajkcA",
          "name": "telefono",
          "type": null,
          "probability": 1,
          "modifiers": [],
          "to_variable": {
            "key": "_QO_B8FwUEDS_it0w5ajkcA",
            "name": "telefono",
            "type": null,
            "modifiers": [],
            "position": {}
          },
          "position": {}
        }
      }
    },
    "fields_to_fields_data_clump-./Quejoso-_ITXPMFwUEDS_it0w5ajkcA-_jzfjYFwUEDS_it0w5ajkcA-documentoIdentidaddirecciontelefono": {
      "type": "data_clump",
      "key": "fields_to_fields_data_clump-./Quejoso-_ITXPMFwUEDS_it0w5ajkcA-_jzfjYFwUEDS_it0w5ajkcA-documentoIdentidaddirecciontelefono",
      "probability": 1,
      "from_file_path": "./Quejoso",
      "from_class_or_interface_name": "Quejoso",
      "from_class_or_interface_key": "_ITXPMFwUEDS_it0w5ajkcA",
      "from_method_name": null,
      "from_method_key": null,
      "to_file_path": "./Investigado",
      "to_class_or_interface_key": "_jzfjYFwUEDS_it0w5ajkcA",
      "to_class_or_interface_name": "Quejoso",
      "to_method_key": null,
      "to_method_name": null,
      "data_clump_type": "fields_to_fields_data_clump",
      "data_clump_data": {
        "_MqoxcFwUEDS_it0w5ajkcA": {
          "key": "_MqoxcFwUEDS_it0w5ajkcA",
          "name": "documentoIdentidad",
          "type": null,
          "probability": 1,
          "modifiers": [],
          "to_variable": {
            "key": "_mziM8FwUEDS_it0w5ajkcA",
            "name": "documentoIdentidad",
            "type": null,
            "modifiers": [],
            "position": {}
          },
          "position": {}
        },
        "_Ox8cMFwUEDS_it0w5ajkcA": {
          "key": "_Ox8cMFwUEDS_it0w5ajkcA",
          "name": "direccion",
          "type": null,
          "probability": 1,
          "modifiers": [],
          "to_variable": {
            "key": "_oxVWYFwUEDS_it0w5ajkcA",
            "name": "direccion",
            "type": null,
            "modifiers": [],
            "position": {}
          },
          "position": {}
        },
        "_QO_B8FwUEDS_it0w5ajkcA": {
          "key": "_QO_B8FwUEDS_it0w5ajkcA",
          "name": "telefono",
          "type": null,
          "probability": 1,
          "modifiers": [],
          "to_variable": {
            "key": "_pudF8FwUEDS_it0w5ajkcA",
            "name": "telefono",
            "type": null,
            "modifiers": [],
            "position": {}
          },
          "position": {}
        }
      }
    },
    "fields_to_fields_data_clump-./Resolución-_w3zuQFwUEDS_it0w5ajkcA-_Fj6J4FwVEDS_it0w5ajkcA-nombreInvestigadonumeroResoluciondesicionnumeroProceso": {
      "type": "data_clump",
      "key": "fields_to_fields_data_clump-./Resolución-_w3zuQFwUEDS_it0w5ajkcA-_Fj6J4FwVEDS_it0w5ajkcA-nombreInvestigadonumeroResoluciondesicionnumeroProceso",
      "probability": 1,
      "from_file_path": "./Resolución",
      "from_class_or_interface_name": "Resolución",
      "from_class_or_interface_key": "_w3zuQFwUEDS_it0w5ajkcA",
      "from_method_name": null,
      "from_method_key": null,
      "to_file_path": "./FalloEjecutoriado",
      "to_class_or_interface_key": "_Fj6J4FwVEDS_it0w5ajkcA",
      "to_class_or_interface_name": "Resolución",
      "to_method_key": null,
      "to_method_name": null,
      "data_clump_type": "fields_to_fields_data_clump",
      "data_clump_data": {
        "_ym-l0FwUEDS_it0w5ajkcA": {
          "key": "_ym-l0FwUEDS_it0w5ajkcA",
          "name": "nombreInvestigado",
          "type": null,
          "probability": 1,
          "modifiers": [],
          "to_variable": {
            "key": "_K_OjEFwVEDS_it0w5ajkcA",
            "name": "nombreInvestigado",
            "type": null,
            "modifiers": [],
            "position": {}
          },
          "position": {}
        },
        "_1twJgFwUEDS_it0w5ajkcA": {
          "key": "_1twJgFwUEDS_it0w5ajkcA",
          "name": "numeroResolucion",
          "type": null,
          "probability": 1,
          "modifiers": [],
          "to_variable": {
            "key": "_SG_3AFwVEDS_it0w5ajkcA",
            "name": "numeroResolucion",
            "type": null,
            "modifiers": [],
            "position": {}
          },
          "position": {}
        },
        "_6lvzMFwUEDS_it0w5ajkcA": {
          "key": "_6lvzMFwUEDS_it0w5ajkcA",
          "name": "desicion",
          "type": null,
          "probability": 1,
          "modifiers": [],
          "to_variable": {
            "key": "_QFTFAFwVEDS_it0w5ajkcA",
            "name": "desicion",
            "type": null,
            "modifiers": [],
            "position": {}
          },
          "position": {}
        },
        "_8ulH8FwUEDS_it0w5ajkcA": {
          "key": "_8ulH8FwUEDS_it0w5ajkcA",
          "name": "numeroProceso",
          "type": null,
          "probability": 1,
          "modifiers": [],
          "to_variable": {
            "key": "_NF-NIFwVEDS_it0w5ajkcA",
            "name": "numeroProceso",
            "type": null,
            "modifiers": [],
            "position": {}
          },
          "position": {}
        }
      }
    }
  }
}