{
  "report_version": "unknown",
  "report_timestamp": "2025-03-26T22:04:09.836Z",
  "target_language": "java",
  "report_summary": {
    "additional": null,
    "amount_classes_or_interfaces_with_data_clumps": 4,
    "amount_files_with_data_clumps": 4,
    "amount_methods_with_data_clumps": 0,
    "fields_to_fields_data_clump": 12,
    "parameters_to_fields_data_clump": 0,
    "parameters_to_parameters_data_clump": 0,
    "amount_data_clumps": 12
  },
  "project_info": {
    "project_url": "unknown_project_url",
    "project_name": "9a8521e3-9283-4870-8bc4-06bd065e2255",
    "project_version": "unknown_project_version",
    "project_commit_hash": "unknown",
    "project_tag": null,
    "project_commit_date": null,
    "additional": {},
    "number_of_files": 29,
    "number_of_classes_or_interfaces": 29,
    "number_of_methods": 28,
    "number_of_data_fields": 29,
    "number_of_method_parameters": 13
  },
  "detector": {
    "name": "data-clumps-doctor",
    "url": "https://github.com/NilsBaumgartner1994/data-clumps-doctor",
    "version": "0.1.100",
    "options": {
      "typeVariablesConsidered": false,
      "similarityModifierOfVariablesWithUnknownType": 0,
      "fieldsOfClassesWithUnknownHierarchyProbabilityModifier": 0,
      "sharedFieldsToFieldsAmountMinimum": 3,
      "analyseFieldsInClassesOrInterfacesInheritedFromSuperClassesOrInterfaces": false,
      "sharedParametersToParametersAmountMinimum": 3,
      "sharedParametersToFieldsAmountMinimum": 3,
      "methodsOfClassesOrInterfacesWithUnknownHierarchyProbabilityModifier": 0
    }
  },
  "data_clumps": {
    "fields_to_fields_data_clump-./Gazebo-_DYn8QKpwEDSFFPpf2VEdsQ-_HAxkIKpvEDSVI-eiGU1zpg-levelgold_cardsname": {
      "type": "data_clump",
      "key": "fields_to_fields_data_clump-./Gazebo-_DYn8QKpwEDSFFPpf2VEdsQ-_HAxkIKpvEDSVI-eiGU1zpg-levelgold_cardsname",
      "probability": 1,
      "from_file_path": "./Gazebo",
      "from_class_or_interface_name": "Gazebo",
      "from_class_or_interface_key": "_DYn8QKpwEDSFFPpf2VEdsQ",
      "from_method_name": null,
      "from_method_key": null,
      "to_file_path": "./Goblin",
      "to_class_or_interface_key": "_HAxkIKpvEDSVI-eiGU1zpg",
      "to_class_or_interface_name": "Gazebo",
      "to_method_key": null,
      "to_method_name": null,
      "data_clump_type": "fields_to_fields_data_clump",
      "data_clump_data": {
        "_DYpKYqpwEDSFFPpf2VEdsQ": {
          "key": "_DYpKYqpwEDSFFPpf2VEdsQ",
          "name": "level",
          "type": null,
          "probability": 1,
          "modifiers": [
            "public"
          ],
          "to_variable": {
            "key": "_I6IScKpvEDSVI-eiGU1zpg",
            "name": "level",
            "type": null,
            "modifiers": [
              "public"
            ],
            "position": {}
          },
          "position": {}
        },
        "_DYpKY6pwEDSFFPpf2VEdsQ": {
          "key": "_DYpKY6pwEDSFFPpf2VEdsQ",
          "name": "gold_cards",
          "type": null,
          "probability": 1,
          "modifiers": [
            "public"
          ],
          "to_variable": {
            "key": "_Jd8KIKpvEDSVI-eiGU1zpg",
            "name": "gold_cards",
            "type": null,
            "modifiers": [
              "public"
            ],
            "position": {}
          },
          "position": {}
        },
        "_DYpxcKpwEDSFFPpf2VEdsQ": {
          "key": "_DYpxcKpwEDSFFPpf2VEdsQ",
          "name": "name",
          "type": null,
          "probability": 1,
          "modifiers": [
            "public"
          ],
          "to_variable": {
            "key": "_Lehh0KpvEDSVI-eiGU1zpg",
            "name": "name",
            "type": null,
            "modifiers": [
              "public"
            ],
            "position": {}
          },
          "position": {}
        }
      }
    },
    "fields_to_fields_data_clump-./Gazebo-_DYn8QKpwEDSFFPpf2VEdsQ-_TXh64KpuEDSVI-eiGU1zpg-levelgold_cardsname": {
      "type": "data_clump",
      "key": "fields_to_fields_data_clump-./Gazebo-_DYn8QKpwEDSFFPpf2VEdsQ-_TXh64KpuEDSVI-eiGU1zpg-levelgold_cardsname",
      "probability": 1,
      "from_file_path": "./Gazebo",
      "from_class_or_interface_name": "Gazebo",
      "from_class_or_interface_key": "_DYn8QKpwEDSFFPpf2VEdsQ",
      "from_method_name": null,
      "from_method_key": null,
      "to_file_path": "./Monster",
      "to_class_or_interface_key": "_TXh64KpuEDSVI-eiGU1zpg",
      "to_class_or_interface_name": "Gazebo",
      "to_method_key": null,
      "to_method_name": null,
      "data_clump_type": "fields_to_fields_data_clump",
      "data_clump_data": {
        "_DYpKYqpwEDSFFPpf2VEdsQ": {
          "key": "_DYpKYqpwEDSFFPpf2VEdsQ",
          "name": "level",
          "type": null,
          "probability": 1,
          "modifiers": [
            "public"
          ],
          "to_variable": {
            "key": "_idGL0KpuEDSVI-eiGU1zpg",
            "name": "level",
            "type": null,
            "modifiers": [
              "public"
            ],
            "position": {}
          },
          "position": {}
        },
        "_DYpKY6pwEDSFFPpf2VEdsQ": {
          "key": "_DYpKY6pwEDSFFPpf2VEdsQ",
          "name": "gold_cards",
          "type": null,
          "probability": 1,
          "modifiers": [
            "public"
          ],
          "to_variable": {
            "key": "_jBw_IKpuEDSVI-eiGU1zpg",
            "name": "gold_cards",
            "type": null,
            "modifiers": [
              "public"
            ],
            "position": {}
          },
          "position": {}
        },
        "_DYpxcKpwEDSFFPpf2VEdsQ": {
          "key": "_DYpxcKpwEDSFFPpf2VEdsQ",
          "name": "name",
          "type": null,
          "probability": 1,
          "modifiers": [
            "public"
          ],
          "to_variable": {
            "key": "_jgPD0KpuEDSVI-eiGU1zpg",
            "name": "name",
            "type": null,
            "modifiers": [
              "public"
            ],
            "position": {}
          },
          "position": {}
        }
      }
    },
    "fields_to_fields_data_clump-./Gazebo-_DYn8QKpwEDSFFPpf2VEdsQ-_CpBrUKpwEDSFFPpf2VEdsQ-levelgold_cardsname": {
      "type": "data_clump",
      "key": "fields_to_fields_data_clump-./Gazebo-_DYn8QKpwEDSFFPpf2VEdsQ-_CpBrUKpwEDSFFPpf2VEdsQ-levelgold_cardsname",
      "probability": 1,
      "from_file_path": "./Gazebo",
      "from_class_or_interface_name": "Gazebo",
      "from_class_or_interface_key": "_DYn8QKpwEDSFFPpf2VEdsQ",
      "from_method_name": null,
      "from_method_key": null,
      "to_file_path": "./Troll",
      "to_class_or_interface_key": "_CpBrUKpwEDSFFPpf2VEdsQ",
      "to_class_or_interface_name": "Gazebo",
      "to_method_key": null,
      "to_method_name": null,
      "data_clump_type": "fields_to_fields_data_clump",
      "data_clump_data": {
        "_DYpKYqpwEDSFFPpf2VEdsQ": {
          "key": "_DYpKYqpwEDSFFPpf2VEdsQ",
          "name": "level",
          "type": null,
          "probability": 1,
          "modifiers": [
            "public"
          ],
          "to_variable": {
            "key": "_CpCSZqpwEDSFFPpf2VEdsQ",
            "name": "level",
            "type": null,
            "modifiers": [
              "public"
            ],
            "position": {}
          },
          "position": {}
        },
        "_DYpKY6pwEDSFFPpf2VEdsQ": {
          "key": "_DYpKY6pwEDSFFPpf2VEdsQ",
          "name": "gold_cards",
          "type": null,
          "probability": 1,
          "modifiers": [
            "public"
          ],
          "to_variable": {
            "key": "_CpCSZ6pwEDSFFPpf2VEdsQ",
            "name": "gold_cards",
            "type": null,
            "modifiers": [
              "public"
            ],
            "position": {}
          },
          "position": {}
        },
        "_DYpxcKpwEDSFFPpf2VEdsQ": {
          "key": "_DYpxcKpwEDSFFPpf2VEdsQ",
          "name": "name",
          "type": null,
          "probability": 1,
          "modifiers": [
            "public"
          ],
          "to_variable": {
            "key": "_CpC5cKpwEDSFFPpf2VEdsQ",
            "name": "name",
            "type": null,
            "modifiers": [
              "public"
            ],
            "position": {}
          },
          "position": {}
        }
      }
    },
    "fields_to_fields_data_clump-./Goblin-_HAxkIKpvEDSVI-eiGU1zpg-_DYn8QKpwEDSFFPpf2VEdsQ-levelgold_cardsname": {
      "type": "data_clump",
      "key": "fields_to_fields_data_clump-./Goblin-_HAxkIKpvEDSVI-eiGU1zpg-_DYn8QKpwEDSFFPpf2VEdsQ-levelgold_cardsname",
      "probability": 1,
      "from_file_path": "./Goblin",
      "from_class_or_interface_name": "Goblin",
      "from_class_or_interface_key": "_HAxkIKpvEDSVI-eiGU1zpg",
      "from_method_name": null,
      "from_method_key": null,
      "to_file_path": "./Gazebo",
      "to_class_or_interface_key": "_DYn8QKpwEDSFFPpf2VEdsQ",
      "to_class_or_interface_name": "Goblin",
      "to_method_key": null,
      "to_method_name": null,
      "data_clump_type": "fields_to_fields_data_clump",
      "data_clump_data": {
        "_I6IScKpvEDSVI-eiGU1zpg": {
          "key": "_I6IScKpvEDSVI-eiGU1zpg",
          "name": "level",
          "type": null,
          "probability": 1,
          "modifiers": [
            "public"
          ],
          "to_variable": {
            "key": "_DYpKYqpwEDSFFPpf2VEdsQ",
            "name": "level",
            "type": null,
            "modifiers": [
              "public"
            ],
            "position": {}
          },
          "position": {}
        },
        "_Jd8KIKpvEDSVI-eiGU1zpg": {
          "key": "_Jd8KIKpvEDSVI-eiGU1zpg",
          "name": "gold_cards",
          "type": null,
          "probability": 1,
          "modifiers": [
            "public"
          ],
          "to_variable": {
            "key": "_DYpKY6pwEDSFFPpf2VEdsQ",
            "name": "gold_cards",
            "type": null,
            "modifiers": [
              "public"
            ],
            "position": {}
          },
          "position": {}
        },
        "_Lehh0KpvEDSVI-eiGU1zpg": {
          "key": "_Lehh0KpvEDSVI-eiGU1zpg",
          "name": "name",
          "type": null,
          "probability": 1,
          "modifiers": [
            "public"
          ],
          "to_variable": {
            "key": "_DYpxcKpwEDSFFPpf2VEdsQ",
            "name": "name",
            "type": null,
            "modifiers": [
              "public"
            ],
            "position": {}
          },
          "position": {}
        }
      }
    },
    "fields_to_fields_data_clump-./Goblin-_HAxkIKpvEDSVI-eiGU1zpg-_TXh64KpuEDSVI-eiGU1zpg-levelgold_cardsname": {
      "type": "data_clump",
      "key": "fields_to_fields_data_clump-./Goblin-_HAxkIKpvEDSVI-eiGU1zpg-_TXh64KpuEDSVI-eiGU1zpg-levelgold_cardsname",
      "probability": 1,
      "from_file_path": "./Goblin",
      "from_class_or_interface_name": "Goblin",
      "from_class_or_interface_key": "_HAxkIKpvEDSVI-eiGU1zpg",
      "from_method_name": null,
      "from_method_key": null,
      "to_file_path": "./Monster",
      "to_class_or_interface_key": "_TXh64KpuEDSVI-eiGU1zpg",
      "to_class_or_interface_name": "Goblin",
      "to_method_key": null,
      "to_method_name": null,
      "data_clump_type": "fields_to_fields_data_clump",
      "data_clump_data": {
        "_I6IScKpvEDSVI-eiGU1zpg": {
          "key": "_I6IScKpvEDSVI-eiGU1zpg",
          "name": "level",
          "type": null,
          "probability": 1,
          "modifiers": [
            "public"
          ],
          "to_variable": {
            "key": "_idGL0KpuEDSVI-eiGU1zpg",
            "name": "level",
            "type": null,
            "modifiers": [
              "public"
            ],
            "position": {}
          },
          "position": {}
        },
        "_Jd8KIKpvEDSVI-eiGU1zpg": {
          "key": "_Jd8KIKpvEDSVI-eiGU1zpg",
          "name": "gold_cards",
          "type": null,
          "probability": 1,
          "modifiers": [
            "public"
          ],
          "to_variable": {
            "key": "_jBw_IKpuEDSVI-eiGU1zpg",
            "name": "gold_cards",
            "type": null,
            "modifiers": [
              "public"
            ],
            "position": {}
          },
          "position": {}
        },
        "_Lehh0KpvEDSVI-eiGU1zpg": {
          "key": "_Lehh0KpvEDSVI-eiGU1zpg",
          "name": "name",
          "type": null,
          "probability": 1,
          "modifiers": [
            "public"
          ],
          "to_variable": {
            "key": "_jgPD0KpuEDSVI-eiGU1zpg",
            "name": "name",
            "type": null,
            "modifiers": [
              "public"
            ],
            "position": {}
          },
          "position": {}
        }
      }
    },
    "fields_to_fields_data_clump-./Goblin-_HAxkIKpvEDSVI-eiGU1zpg-_CpBrUKpwEDSFFPpf2VEdsQ-levelgold_cardsname": {
      "type": "data_clump",
      "key": "fields_to_fields_data_clump-./Goblin-_HAxkIKpvEDSVI-eiGU1zpg-_CpBrUKpwEDSFFPpf2VEdsQ-levelgold_cardsname",
      "probability": 1,
      "from_file_path": "./Goblin",
      "from_class_or_interface_name": "Goblin",
      "from_class_or_interface_key": "_HAxkIKpvEDSVI-eiGU1zpg",
      "from_method_name": null,
      "from_method_key": null,
      "to_file_path": "./Troll",
      "to_class_or_interface_key": "_CpBrUKpwEDSFFPpf2VEdsQ",
      "to_class_or_interface_name": "Goblin",
      "to_method_key": null,
      "to_method_name": null,
      "data_clump_type": "fields_to_fields_data_clump",
      "data_clump_data": {
        "_I6IScKpvEDSVI-eiGU1zpg": {
          "key": "_I6IScKpvEDSVI-eiGU1zpg",
          "name": "level",
          "type": null,
          "probability": 1,
          "modifiers": [
            "public"
          ],
          "to_variable": {
            "key": "_CpCSZqpwEDSFFPpf2VEdsQ",
            "name": "level",
            "type": null,
            "modifiers": [
              "public"
            ],
            "position": {}
          },
          "position": {}
        },
        "_Jd8KIKpvEDSVI-eiGU1zpg": {
          "key": "_Jd8KIKpvEDSVI-eiGU1zpg",
          "name": "gold_cards",
          "type": null,
          "probability": 1,
          "modifiers": [
            "public"
          ],
          "to_variable": {
            "key": "_CpCSZ6pwEDSFFPpf2VEdsQ",
            "name": "gold_cards",
            "type": null,
            "modifiers": [
              "public"
            ],
            "position": {}
          },
          "position": {}
        },
        "_Lehh0KpvEDSVI-eiGU1zpg": {
          "key": "_Lehh0KpvEDSVI-eiGU1zpg",
          "name": "name",
          "type": null,
          "probability": 1,
          "modifiers": [
            "public"
          ],
          "to_variable": {
            "key": "_CpC5cKpwEDSFFPpf2VEdsQ",
            "name": "name",
            "type": null,
            "modifiers": [
              "public"
            ],
            "position": {}
          },
          "position": {}
        }
      }
    },
    "fields_to_fields_data_clump-./Monster-_TXh64KpuEDSVI-eiGU1zpg-_DYn8QKpwEDSFFPpf2VEdsQ-levelgold_cardsname": {
      "type": "data_clump",
      "key": "fields_to_fields_data_clump-./Monster-_TXh64KpuEDSVI-eiGU1zpg-_DYn8QKpwEDSFFPpf2VEdsQ-levelgold_cardsname",
      "probability": 1,
      "from_file_path": "./Monster",
      "from_class_or_interface_name": "Monster",
      "from_class_or_interface_key": "_TXh64KpuEDSVI-eiGU1zpg",
      "from_method_name": null,
      "from_method_key": null,
      "to_file_path": "./Gazebo",
      "to_class_or_interface_key": "_DYn8QKpwEDSFFPpf2VEdsQ",
      "to_class_or_interface_name": "Monster",
      "to_method_key": null,
      "to_method_name": null,
      "data_clump_type": "fields_to_fields_data_clump",
      "data_clump_data": {
        "_idGL0KpuEDSVI-eiGU1zpg": {
          "key": "_idGL0KpuEDSVI-eiGU1zpg",
          "name": "level",
          "type": null,
          "probability": 1,
          "modifiers": [
            "public"
          ],
          "to_variable": {
            "key": "_DYpKYqpwEDSFFPpf2VEdsQ",
            "name": "level",
            "type": null,
            "modifiers": [
              "public"
            ],
            "position": {}
          },
          "position": {}
        },
        "_jBw_IKpuEDSVI-eiGU1zpg": {
          "key": "_jBw_IKpuEDSVI-eiGU1zpg",
          "name": "gold_cards",
          "type": null,
          "probability": 1,
          "modifiers": [
            "public"
          ],
          "to_variable": {
            "key": "_DYpKY6pwEDSFFPpf2VEdsQ",
            "name": "gold_cards",
            "type": null,
            "modifiers": [
              "public"
            ],
            "position": {}
          },
          "position": {}
        },
        "_jgPD0KpuEDSVI-eiGU1zpg": {
          "key": "_jgPD0KpuEDSVI-eiGU1zpg",
          "name": "name",
          "type": null,
          "probability": 1,
          "modifiers": [
            "public"
          ],
          "to_variable": {
            "key": "_DYpxcKpwEDSFFPpf2VEdsQ",
            "name": "name",
            "type": null,
            "modifiers": [
              "public"
            ],
            "position": {}
          },
          "position": {}
        }
      }
    },
    "fields_to_fields_data_clump-./Monster-_TXh64KpuEDSVI-eiGU1zpg-_HAxkIKpvEDSVI-eiGU1zpg-levelgold_cardsname": {
      "type": "data_clump",
      "key": "fields_to_fields_data_clump-./Monster-_TXh64KpuEDSVI-eiGU1zpg-_HAxkIKpvEDSVI-eiGU1zpg-levelgold_cardsname",
      "probability": 1,
      "from_file_path": "./Monster",
      "from_class_or_interface_name": "Monster",
      "from_class_or_interface_key": "_TXh64KpuEDSVI-eiGU1zpg",
      "from_method_name": null,
      "from_method_key": null,
      "to_file_path": "./Goblin",
      "to_class_or_interface_key": "_HAxkIKpvEDSVI-eiGU1zpg",
      "to_class_or_interface_name": "Monster",
      "to_method_key": null,
      "to_method_name": null,
      "data_clump_type": "fields_to_fields_data_clump",
      "data_clump_data": {
        "_idGL0KpuEDSVI-eiGU1zpg": {
          "key": "_idGL0KpuEDSVI-eiGU1zpg",
          "name": "level",
          "type": null,
          "probability": 1,
          "modifiers": [
            "public"
          ],
          "to_variable": {
            "key": "_I6IScKpvEDSVI-eiGU1zpg",
            "name": "level",
            "type": null,
            "modifiers": [
              "public"
            ],
            "position": {}
          },
          "position": {}
        },
        "_jBw_IKpuEDSVI-eiGU1zpg": {
          "key": "_jBw_IKpuEDSVI-eiGU1zpg",
          "name": "gold_cards",
          "type": null,
          "probability": 1,
          "modifiers": [
            "public"
          ],
          "to_variable": {
            "key": "_Jd8KIKpvEDSVI-eiGU1zpg",
            "name": "gold_cards",
            "type": null,
            "modifiers": [
              "public"
            ],
            "position": {}
          },
          "position": {}
        },
        "_jgPD0KpuEDSVI-eiGU1zpg": {
          "key": "_jgPD0KpuEDSVI-eiGU1zpg",
          "name": "name",
          "type": null,
          "probability": 1,
          "modifiers": [
            "public"
          ],
          "to_variable": {
            "key": "_Lehh0KpvEDSVI-eiGU1zpg",
            "name": "name",
            "type": null,
            "modifiers": [
              "public"
            ],
            "position": {}
          },
          "position": {}
        }
      }
    },
    "fields_to_fields_data_clump-./Monster-_TXh64KpuEDSVI-eiGU1zpg-_CpBrUKpwEDSFFPpf2VEdsQ-levelgold_cardsname": {
      "type": "data_clump",
      "key": "fields_to_fields_data_clump-./Monster-_TXh64KpuEDSVI-eiGU1zpg-_CpBrUKpwEDSFFPpf2VEdsQ-levelgold_cardsname",
      "probability": 1,
      "from_file_path": "./Monster",
      "from_class_or_interface_name": "Monster",
      "from_class_or_interface_key": "_TXh64KpuEDSVI-eiGU1zpg",
      "from_method_name": null,
      "from_method_key": null,
      "to_file_path": "./Troll",
      "to_class_or_interface_key": "_CpBrUKpwEDSFFPpf2VEdsQ",
      "to_class_or_interface_name": "Monster",
      "to_method_key": null,
      "to_method_name": null,
      "data_clump_type": "fields_to_fields_data_clump",
      "data_clump_data": {
        "_idGL0KpuEDSVI-eiGU1zpg": {
          "key": "_idGL0KpuEDSVI-eiGU1zpg",
          "name": "level",
          "type": null,
          "probability": 1,
          "modifiers": [
            "public"
          ],
          "to_variable": {
            "key": "_CpCSZqpwEDSFFPpf2VEdsQ",
            "name": "level",
            "type": null,
            "modifiers": [
              "public"
            ],
            "position": {}
          },
          "position": {}
        },
        "_jBw_IKpuEDSVI-eiGU1zpg": {
          "key": "_jBw_IKpuEDSVI-eiGU1zpg",
          "name": "gold_cards",
          "type": null,
          "probability": 1,
          "modifiers": [
            "public"
          ],
          "to_variable": {
            "key": "_CpCSZ6pwEDSFFPpf2VEdsQ",
            "name": "gold_cards",
            "type": null,
            "modifiers": [
              "public"
            ],
            "position": {}
          },
          "position": {}
        },
        "_jgPD0KpuEDSVI-eiGU1zpg": {
          "key": "_jgPD0KpuEDSVI-eiGU1zpg",
          "name": "name",
          "type": null,
          "probability": 1,
          "modifiers": [
            "public"
          ],
          "to_variable": {
            "key": "_CpC5cKpwEDSFFPpf2VEdsQ",
            "name": "name",
            "type": null,
            "modifiers": [
              "public"
            ],
            "position": {}
          },
          "position": {}
        }
      }
    },
    "fields_to_fields_data_clump-./Troll-_CpBrUKpwEDSFFPpf2VEdsQ-_DYn8QKpwEDSFFPpf2VEdsQ-levelgold_cardsname": {
      "type": "data_clump",
      "key": "fields_to_fields_data_clump-./Troll-_CpBrUKpwEDSFFPpf2VEdsQ-_DYn8QKpwEDSFFPpf2VEdsQ-levelgold_cardsname",
      "probability": 1,
      "from_file_path": "./Troll",
      "from_class_or_interface_name": "Troll",
      "from_class_or_interface_key": "_CpBrUKpwEDSFFPpf2VEdsQ",
      "from_method_name": null,
      "from_method_key": null,
      "to_file_path": "./Gazebo",
      "to_class_or_interface_key": "_DYn8QKpwEDSFFPpf2VEdsQ",
      "to_class_or_interface_name": "Troll",
      "to_method_key": null,
      "to_method_name": null,
      "data_clump_type": "fields_to_fields_data_clump",
      "data_clump_data": {
        "_CpCSZqpwEDSFFPpf2VEdsQ": {
          "key": "_CpCSZqpwEDSFFPpf2VEdsQ",
          "name": "level",
          "type": null,
          "probability": 1,
          "modifiers": [
            "public"
          ],
          "to_variable": {
            "key": "_DYpKYqpwEDSFFPpf2VEdsQ",
            "name": "level",
            "type": null,
            "modifiers": [
              "public"
            ],
            "position": {}
          },
          "position": {}
        },
        "_CpCSZ6pwEDSFFPpf2VEdsQ": {
          "key": "_CpCSZ6pwEDSFFPpf2VEdsQ",
          "name": "gold_cards",
          "type": null,
          "probability": 1,
          "modifiers": [
            "public"
          ],
          "to_variable": {
            "key": "_DYpKY6pwEDSFFPpf2VEdsQ",
            "name": "gold_cards",
            "type": null,
            "modifiers": [
              "public"
            ],
            "position": {}
          },
          "position": {}
        },
        "_CpC5cKpwEDSFFPpf2VEdsQ": {
          "key": "_CpC5cKpwEDSFFPpf2VEdsQ",
          "name": "name",
          "type": null,
          "probability": 1,
          "modifiers": [
            "public"
          ],
          "to_variable": {
            "key": "_DYpxcKpwEDSFFPpf2VEdsQ",
            "name": "name",
            "type": null,
            "modifiers": [
              "public"
            ],
            "position": {}
          },
          "position": {}
        }
      }
    },
    "fields_to_fields_data_clump-./Troll-_CpBrUKpwEDSFFPpf2VEdsQ-_HAxkIKpvEDSVI-eiGU1zpg-levelgold_cardsname": {
      "type": "data_clump",
      "key": "fields_to_fields_data_clump-./Troll-_CpBrUKpwEDSFFPpf2VEdsQ-_HAxkIKpvEDSVI-eiGU1zpg-levelgold_cardsname",
      "probability": 1,
      "from_file_path": "./Troll",
      "from_class_or_interface_name": "Troll",
      "from_class_or_interface_key": "_CpBrUKpwEDSFFPpf2VEdsQ",
      "from_method_name": null,
      "from_method_key": null,
      "to_file_path": "./Goblin",
      "to_class_or_interface_key": "_HAxkIKpvEDSVI-eiGU1zpg",
      "to_class_or_interface_name": "Troll",
      "to_method_key": null,
      "to_method_name": null,
      "data_clump_type": "fields_to_fields_data_clump",
      "data_clump_data": {
        "_CpCSZqpwEDSFFPpf2VEdsQ": {
          "key": "_CpCSZqpwEDSFFPpf2VEdsQ",
          "name": "level",
          "type": null,
          "probability": 1,
          "modifiers": [
            "public"
          ],
          "to_variable": {
            "key": "_I6IScKpvEDSVI-eiGU1zpg",
            "name": "level",
            "type": null,
            "modifiers": [
              "public"
            ],
            "position": {}
          },
          "position": {}
        },
        "_CpCSZ6pwEDSFFPpf2VEdsQ": {
          "key": "_CpCSZ6pwEDSFFPpf2VEdsQ",
          "name": "gold_cards",
          "type": null,
          "probability": 1,
          "modifiers": [
            "public"
          ],
          "to_variable": {
            "key": "_Jd8KIKpvEDSVI-eiGU1zpg",
            "name": "gold_cards",
            "type": null,
            "modifiers": [
              "public"
            ],
            "position": {}
          },
          "position": {}
        },
        "_CpC5cKpwEDSFFPpf2VEdsQ": {
          "key": "_CpC5cKpwEDSFFPpf2VEdsQ",
          "name": "name",
          "type": null,
          "probability": 1,
          "modifiers": [
            "public"
          ],
          "to_variable": {
            "key": "_Lehh0KpvEDSVI-eiGU1zpg",
            "name": "name",
            "type": null,
            "modifiers": [
              "public"
            ],
            "position": {}
          },
          "position": {}
        }
      }
    },
    "fields_to_fields_data_clump-./Troll-_CpBrUKpwEDSFFPpf2VEdsQ-_TXh64KpuEDSVI-eiGU1zpg-levelgold_cardsname": {
      "type": "data_clump",
      "key": "fields_to_fields_data_clump-./Troll-_CpBrUKpwEDSFFPpf2VEdsQ-_TXh64KpuEDSVI-eiGU1zpg-levelgold_cardsname",
      "probability": 1,
      "from_file_path": "./Troll",
      "from_class_or_interface_name": "Troll",
      "from_class_or_interface_key": "_CpBrUKpwEDSFFPpf2VEdsQ",
      "from_method_name": null,
      "from_method_key": null,
      "to_file_path": "./Monster",
      "to_class_or_interface_key": "_TXh64KpuEDSVI-eiGU1zpg",
      "to_class_or_interface_name": "Troll",
      "to_method_key": null,
      "to_method_name": null,
      "data_clump_type": "fields_to_fields_data_clump",
      "data_clump_data": {
        "_CpCSZqpwEDSFFPpf2VEdsQ": {
          "key": "_CpCSZqpwEDSFFPpf2VEdsQ",
          "name": "level",
          "type": null,
          "probability": 1,
          "modifiers": [
            "public"
          ],
          "to_variable": {
            "key": "_idGL0KpuEDSVI-eiGU1zpg",
            "name": "level",
            "type": null,
            "modifiers": [
              "public"
            ],
            "position": {}
          },
          "position": {}
        },
        "_CpCSZ6pwEDSFFPpf2VEdsQ": {
          "key": "_CpCSZ6pwEDSFFPpf2VEdsQ",
          "name": "gold_cards",
          "type": null,
          "probability": 1,
          "modifiers": [
            "public"
          ],
          "to_variable": {
            "key": "_jBw_IKpuEDSVI-eiGU1zpg",
            "name": "gold_cards",
            "type": null,
            "modifiers": [
              "public"
            ],
            "position": {}
          },
          "position": {}
        },
        "_CpC5cKpwEDSFFPpf2VEdsQ": {
          "key": "_CpC5cKpwEDSFFPpf2VEdsQ",
          "name": "name",
          "type": null,
          "probability": 1,
          "modifiers": [
            "public"
          ],
          "to_variable": {
            "key": "_jgPD0KpuEDSVI-eiGU1zpg",
            "name": "name",
            "type": null,
            "modifiers": [
              "public"
            ],
            "position": {}
          },
          "position": {}
        }
      }
    }
  }
}