{
  "report_version": "unknown",
  "report_timestamp": "2025-03-26T22:55:37.288Z",
  "target_language": "java",
  "report_summary": {
    "additional": null,
    "amount_classes_or_interfaces_with_data_clumps": 2,
    "amount_files_with_data_clumps": 2,
    "amount_methods_with_data_clumps": 0,
    "fields_to_fields_data_clump": 2,
    "parameters_to_fields_data_clump": 0,
    "parameters_to_parameters_data_clump": 0,
    "amount_data_clumps": 2
  },
  "project_info": {
    "project_url": "unknown_project_url",
    "project_name": "__aaiICIQEeyYG6XSFGc3eA",
    "project_version": "unknown_project_version",
    "project_commit_hash": "unknown",
    "project_tag": null,
    "project_commit_date": null,
    "additional": {},
    "number_of_files": 9,
    "number_of_classes_or_interfaces": 9,
    "number_of_methods": 0,
    "number_of_data_fields": 24,
    "number_of_method_parameters": 0
  },
  "detector": {
    "name": "data-clumps-doctor",
    "url": "https://github.com/NilsBaumgartner1994/data-clumps-doctor",
    "version": "0.1.100",
    "options": {
      "typeVariablesConsidered": false,
      "similarityModifierOfVariablesWithUnknownType": 0,
      "fieldsOfClassesWithUnknownHierarchyProbabilityModifier": 0,
      "sharedFieldsToFieldsAmountMinimum": 3,
      "analyseFieldsInClassesOrInterfacesInheritedFromSuperClassesOrInterfaces": false,
      "sharedParametersToParametersAmountMinimum": 3,
      "sharedParametersToFieldsAmountMinimum": 3,
      "methodsOfClassesOrInterfacesWithUnknownHierarchyProbabilityModifier": 0
    }
  },
  "data_clumps": {
    "fields_to_fields_data_clump-./Producto-_x6KZIARDEDqb56zqfivvjQ-_41Ot0ARDEDqb56zqfivvjQ-idtipoprecio": {
      "type": "data_clump",
      "key": "fields_to_fields_data_clump-./Producto-_x6KZIARDEDqb56zqfivvjQ-_41Ot0ARDEDqb56zqfivvjQ-idtipoprecio",
      "probability": 1,
      "from_file_path": "./Producto",
      "from_class_or_interface_name": "Producto",
      "from_class_or_interface_key": "_x6KZIARDEDqb56zqfivvjQ",
      "from_method_name": null,
      "from_method_key": null,
      "to_file_path": "./Servicio",
      "to_class_or_interface_key": "_41Ot0ARDEDqb56zqfivvjQ",
      "to_class_or_interface_name": "Producto",
      "to_method_key": null,
      "to_method_name": null,
      "data_clump_type": "fields_to_fields_data_clump",
      "data_clump_data": {
        "_DofcEQREEDqb56zqfivvjQ": {
          "key": "_DofcEQREEDqb56zqfivvjQ",
          "name": "id",
          "type": null,
          "probability": 1,
          "modifiers": [
            "private"
          ],
          "to_variable": {
            "key": "_pU6lIQREEDqb56zqfivvjQ",
            "name": "id",
            "type": null,
            "modifiers": [
              "private"
            ],
            "position": {}
          },
          "position": {}
        },
        "_1kNMgQREEDqb56zqfivvjQ": {
          "key": "_1kNMgQREEDqb56zqfivvjQ",
          "name": "tipo",
          "type": null,
          "probability": 1,
          "modifiers": [
            "private"
          ],
          "to_variable": {
            "key": "_B6FHkQRGEDqb56zqfivvjQ",
            "name": "tipo",
            "type": null,
            "modifiers": [
              "private"
            ],
            "position": {}
          },
          "position": {}
        },
        "_3LXXkQREEDqb56zqfivvjQ": {
          "key": "_3LXXkQREEDqb56zqfivvjQ",
          "name": "precio",
          "type": null,
          "probability": 1,
          "modifiers": [
            "private"
          ],
          "to_variable": {
            "key": "_DVeukQRGEDqb56zqfivvjQ",
            "name": "precio",
            "type": null,
            "modifiers": [
              "private"
            ],
            "position": {}
          },
          "position": {}
        }
      }
    },
    "fields_to_fields_data_clump-./Servicio-_41Ot0ARDEDqb56zqfivvjQ-_x6KZIARDEDqb56zqfivvjQ-idtipoprecio": {
      "type": "data_clump",
      "key": "fields_to_fields_data_clump-./Servicio-_41Ot0ARDEDqb56zqfivvjQ-_x6KZIARDEDqb56zqfivvjQ-idtipoprecio",
      "probability": 1,
      "from_file_path": "./Servicio",
      "from_class_or_interface_name": "Servicio",
      "from_class_or_interface_key": "_41Ot0ARDEDqb56zqfivvjQ",
      "from_method_name": null,
      "from_method_key": null,
      "to_file_path": "./Producto",
      "to_class_or_interface_key": "_x6KZIARDEDqb56zqfivvjQ",
      "to_class_or_interface_name": "Servicio",
      "to_method_key": null,
      "to_method_name": null,
      "data_clump_type": "fields_to_fields_data_clump",
      "data_clump_data": {
        "_pU6lIQREEDqb56zqfivvjQ": {
          "key": "_pU6lIQREEDqb56zqfivvjQ",
          "name": "id",
          "type": null,
          "probability": 1,
          "modifiers": [
            "private"
          ],
          "to_variable": {
            "key": "_DofcEQREEDqb56zqfivvjQ",
            "name": "id",
            "type": null,
            "modifiers": [
              "private"
            ],
            "position": {}
          },
          "position": {}
        },
        "_B6FHkQRGEDqb56zqfivvjQ": {
          "key": "_B6FHkQRGEDqb56zqfivvjQ",
          "name": "tipo",
          "type": null,
          "probability": 1,
          "modifiers": [
            "private"
          ],
          "to_variable": {
            "key": "_1kNMgQREEDqb56zqfivvjQ",
            "name": "tipo",
            "type": null,
            "modifiers": [
              "private"
            ],
            "position": {}
          },
          "position": {}
        },
        "_DVeukQRGEDqb56zqfivvjQ": {
          "key": "_DVeukQRGEDqb56zqfivvjQ",
          "name": "precio",
          "type": null,
          "probability": 1,
          "modifiers": [
            "private"
          ],
          "to_variable": {
            "key": "_3LXXkQREEDqb56zqfivvjQ",
            "name": "precio",
            "type": null,
            "modifiers": [
              "private"
            ],
            "position": {}
          },
          "position": {}
        }
      }
    }
  }
}