{
  "report_version": "unknown",
  "report_timestamp": "2025-03-26T22:28:19.626Z",
  "target_language": "java",
  "report_summary": {
    "additional": null,
    "amount_classes_or_interfaces_with_data_clumps": 3,
    "amount_files_with_data_clumps": 3,
    "amount_methods_with_data_clumps": 0,
    "fields_to_fields_data_clump": 4,
    "parameters_to_fields_data_clump": 0,
    "parameters_to_parameters_data_clump": 0,
    "amount_data_clumps": 4
  },
  "project_info": {
    "project_url": "unknown_project_url",
    "project_name": "4c352a98-2119-4ccc-99af-d2e3077b3bf4",
    "project_version": "unknown_project_version",
    "project_commit_hash": "unknown",
    "project_tag": null,
    "project_commit_date": null,
    "additional": {},
    "number_of_files": 6,
    "number_of_classes_or_interfaces": 6,
    "number_of_methods": 19,
    "number_of_data_fields": 28,
    "number_of_method_parameters": 0
  },
  "detector": {
    "name": "data-clumps-doctor",
    "url": "https://github.com/NilsBaumgartner1994/data-clumps-doctor",
    "version": "0.1.100",
    "options": {
      "typeVariablesConsidered": false,
      "similarityModifierOfVariablesWithUnknownType": 0,
      "fieldsOfClassesWithUnknownHierarchyProbabilityModifier": 0,
      "sharedFieldsToFieldsAmountMinimum": 3,
      "analyseFieldsInClassesOrInterfacesInheritedFromSuperClassesOrInterfaces": false,
      "sharedParametersToParametersAmountMinimum": 3,
      "sharedParametersToFieldsAmountMinimum": 3,
      "methodsOfClassesOrInterfacesWithUnknownHierarchyProbabilityModifier": 0
    }
  },
  "data_clumps": {
    "fields_to_fields_data_clump-./NewDonorRegisteration-_4e5hUP58EDSZAJI5VceiHA-_xyVXQPz-EDSH6JyXVovuqQ-NameEmailPasswordDOBGender": {
      "type": "data_clump",
      "key": "fields_to_fields_data_clump-./NewDonorRegisteration-_4e5hUP58EDSZAJI5VceiHA-_xyVXQPz-EDSH6JyXVovuqQ-NameEmailPasswordDOBGender",
      "probability": 1,
      "from_file_path": "./NewDonorRegisteration",
      "from_class_or_interface_name": "NewDonorRegisteration",
      "from_class_or_interface_key": "_4e5hUP58EDSZAJI5VceiHA",
      "from_method_name": null,
      "from_method_key": null,
      "to_file_path": "./RegisteredDonor",
      "to_class_or_interface_key": "_xyVXQPz-EDSH6JyXVovuqQ",
      "to_class_or_interface_name": "NewDonorRegisteration",
      "to_method_key": null,
      "to_method_name": null,
      "data_clump_type": "fields_to_fields_data_clump",
      "data_clump_data": {
        "_8FWqoP58EDSZAJI5VceiHA": {
          "key": "_8FWqoP58EDSZAJI5VceiHA",
          "name": "Name",
          "type": null,
          "probability": 1,
          "modifiers": [
            "private"
          ],
          "to_variable": {
            "key": "_Vv7n4P58EDSZAJI5VceiHA",
            "name": "Name",
            "type": null,
            "modifiers": [
              "private"
            ],
            "position": {}
          },
          "position": {}
        },
        "_NkcXsP59EDSZAJI5VceiHA": {
          "key": "_NkcXsP59EDSZAJI5VceiHA",
          "name": "Email",
          "type": null,
          "probability": 1,
          "modifiers": [
            "private"
          ],
          "to_variable": {
            "key": "_QWCLAP58EDSZAJI5VceiHA",
            "name": "Email",
            "type": null,
            "modifiers": [
              "private"
            ],
            "position": {}
          },
          "position": {}
        },
        "_TCvzcP59EDSZAJI5VceiHA": {
          "key": "_TCvzcP59EDSZAJI5VceiHA",
          "name": "Password",
          "type": null,
          "probability": 1,
          "modifiers": [
            "private"
          ],
          "to_variable": {
            "key": "_SsZlcP58EDSZAJI5VceiHA",
            "name": "Password",
            "type": null,
            "modifiers": [
              "private"
            ],
            "position": {}
          },
          "position": {}
        },
        "_XjTNgP59EDSZAJI5VceiHA": {
          "key": "_XjTNgP59EDSZAJI5VceiHA",
          "name": "DOB",
          "type": null,
          "probability": 1,
          "modifiers": [
            "private"
          ],
          "to_variable": {
            "key": "_gdXa8P58EDSZAJI5VceiHA",
            "name": "DOB",
            "type": null,
            "modifiers": [
              "private"
            ],
            "position": {}
          },
          "position": {}
        },
        "_RXNpQP5-EDSZAJI5VceiHA": {
          "key": "_RXNpQP5-EDSZAJI5VceiHA",
          "name": "Gender",
          "type": null,
          "probability": 1,
          "modifiers": [
            "private"
          ],
          "to_variable": {
            "key": "_r9eysP59EDSZAJI5VceiHA",
            "name": "Gender",
            "type": null,
            "modifiers": [
              "private"
            ],
            "position": {}
          },
          "position": {}
        }
      }
    },
    "fields_to_fields_data_clump-./Recipient-_gO_V0P5-EDSZAJI5VceiHA-_xyVXQPz-EDSH6JyXVovuqQ-NameDOBBlood_group": {
      "type": "data_clump",
      "key": "fields_to_fields_data_clump-./Recipient-_gO_V0P5-EDSZAJI5VceiHA-_xyVXQPz-EDSH6JyXVovuqQ-NameDOBBlood_group",
      "probability": 1,
      "from_file_path": "./Recipient",
      "from_class_or_interface_name": "Recipient",
      "from_class_or_interface_key": "_gO_V0P5-EDSZAJI5VceiHA",
      "from_method_name": null,
      "from_method_key": null,
      "to_file_path": "./RegisteredDonor",
      "to_class_or_interface_key": "_xyVXQPz-EDSH6JyXVovuqQ",
      "to_class_or_interface_name": "Recipient",
      "to_method_key": null,
      "to_method_name": null,
      "data_clump_type": "fields_to_fields_data_clump",
      "data_clump_data": {
        "_-l64AP5-EDSZAJI5VceiHA": {
          "key": "_-l64AP5-EDSZAJI5VceiHA",
          "name": "Name",
          "type": null,
          "probability": 1,
          "modifiers": [
            "private"
          ],
          "to_variable": {
            "key": "_Vv7n4P58EDSZAJI5VceiHA",
            "name": "Name",
            "type": null,
            "modifiers": [
              "private"
            ],
            "position": {}
          },
          "position": {}
        },
        "_ALZBAP5_EDSZAJI5VceiHA": {
          "key": "_ALZBAP5_EDSZAJI5VceiHA",
          "name": "DOB",
          "type": null,
          "probability": 1,
          "modifiers": [
            "private"
          ],
          "to_variable": {
            "key": "_gdXa8P58EDSZAJI5VceiHA",
            "name": "DOB",
            "type": null,
            "modifiers": [
              "private"
            ],
            "position": {}
          },
          "position": {}
        },
        "_Cv4-EP5_EDSZAJI5VceiHA": {
          "key": "_Cv4-EP5_EDSZAJI5VceiHA",
          "name": "Blood_group",
          "type": null,
          "probability": 1,
          "modifiers": [
            "private"
          ],
          "to_variable": {
            "key": "_pCSpYP58EDSZAJI5VceiHA",
            "name": "Blood_group",
            "type": null,
            "modifiers": [
              "private"
            ],
            "position": {}
          },
          "position": {}
        }
      }
    },
    "fields_to_fields_data_clump-./RegisteredDonor-_xyVXQPz-EDSH6JyXVovuqQ-_4e5hUP58EDSZAJI5VceiHA-EmailPasswordNameDOBGender": {
      "type": "data_clump",
      "key": "fields_to_fields_data_clump-./RegisteredDonor-_xyVXQPz-EDSH6JyXVovuqQ-_4e5hUP58EDSZAJI5VceiHA-EmailPasswordNameDOBGender",
      "probability": 1,
      "from_file_path": "./RegisteredDonor",
      "from_class_or_interface_name": "RegisteredDonor",
      "from_class_or_interface_key": "_xyVXQPz-EDSH6JyXVovuqQ",
      "from_method_name": null,
      "from_method_key": null,
      "to_file_path": "./NewDonorRegisteration",
      "to_class_or_interface_key": "_4e5hUP58EDSZAJI5VceiHA",
      "to_class_or_interface_name": "RegisteredDonor",
      "to_method_key": null,
      "to_method_name": null,
      "data_clump_type": "fields_to_fields_data_clump",
      "data_clump_data": {
        "_QWCLAP58EDSZAJI5VceiHA": {
          "key": "_QWCLAP58EDSZAJI5VceiHA",
          "name": "Email",
          "type": null,
          "probability": 1,
          "modifiers": [
            "private"
          ],
          "to_variable": {
            "key": "_NkcXsP59EDSZAJI5VceiHA",
            "name": "Email",
            "type": null,
            "modifiers": [
              "private"
            ],
            "position": {}
          },
          "position": {}
        },
        "_SsZlcP58EDSZAJI5VceiHA": {
          "key": "_SsZlcP58EDSZAJI5VceiHA",
          "name": "Password",
          "type": null,
          "probability": 1,
          "modifiers": [
            "private"
          ],
          "to_variable": {
            "key": "_TCvzcP59EDSZAJI5VceiHA",
            "name": "Password",
            "type": null,
            "modifiers": [
              "private"
            ],
            "position": {}
          },
          "position": {}
        },
        "_Vv7n4P58EDSZAJI5VceiHA": {
          "key": "_Vv7n4P58EDSZAJI5VceiHA",
          "name": "Name",
          "type": null,
          "probability": 1,
          "modifiers": [
            "private"
          ],
          "to_variable": {
            "key": "_8FWqoP58EDSZAJI5VceiHA",
            "name": "Name",
            "type": null,
            "modifiers": [
              "private"
            ],
            "position": {}
          },
          "position": {}
        },
        "_gdXa8P58EDSZAJI5VceiHA": {
          "key": "_gdXa8P58EDSZAJI5VceiHA",
          "name": "DOB",
          "type": null,
          "probability": 1,
          "modifiers": [
            "private"
          ],
          "to_variable": {
            "key": "_XjTNgP59EDSZAJI5VceiHA",
            "name": "DOB",
            "type": null,
            "modifiers": [
              "private"
            ],
            "position": {}
          },
          "position": {}
        },
        "_r9eysP59EDSZAJI5VceiHA": {
          "key": "_r9eysP59EDSZAJI5VceiHA",
          "name": "Gender",
          "type": null,
          "probability": 1,
          "modifiers": [
            "private"
          ],
          "to_variable": {
            "key": "_RXNpQP5-EDSZAJI5VceiHA",
            "name": "Gender",
            "type": null,
            "modifiers": [
              "private"
            ],
            "position": {}
          },
          "position": {}
        }
      }
    },
    "fields_to_fields_data_clump-./RegisteredDonor-_xyVXQPz-EDSH6JyXVovuqQ-_gO_V0P5-EDSZAJI5VceiHA-NameDOBBlood_group": {
      "type": "data_clump",
      "key": "fields_to_fields_data_clump-./RegisteredDonor-_xyVXQPz-EDSH6JyXVovuqQ-_gO_V0P5-EDSZAJI5VceiHA-NameDOBBlood_group",
      "probability": 1,
      "from_file_path": "./RegisteredDonor",
      "from_class_or_interface_name": "RegisteredDonor",
      "from_class_or_interface_key": "_xyVXQPz-EDSH6JyXVovuqQ",
      "from_method_name": null,
      "from_method_key": null,
      "to_file_path": "./Recipient",
      "to_class_or_interface_key": "_gO_V0P5-EDSZAJI5VceiHA",
      "to_class_or_interface_name": "RegisteredDonor",
      "to_method_key": null,
      "to_method_name": null,
      "data_clump_type": "fields_to_fields_data_clump",
      "data_clump_data": {
        "_Vv7n4P58EDSZAJI5VceiHA": {
          "key": "_Vv7n4P58EDSZAJI5VceiHA",
          "name": "Name",
          "type": null,
          "probability": 1,
          "modifiers": [
            "private"
          ],
          "to_variable": {
            "key": "_-l64AP5-EDSZAJI5VceiHA",
            "name": "Name",
            "type": null,
            "modifiers": [
              "private"
            ],
            "position": {}
          },
          "position": {}
        },
        "_gdXa8P58EDSZAJI5VceiHA": {
          "key": "_gdXa8P58EDSZAJI5VceiHA",
          "name": "DOB",
          "type": null,
          "probability": 1,
          "modifiers": [
            "private"
          ],
          "to_variable": {
            "key": "_ALZBAP5_EDSZAJI5VceiHA",
            "name": "DOB",
            "type": null,
            "modifiers": [
              "private"
            ],
            "position": {}
          },
          "position": {}
        },
        "_pCSpYP58EDSZAJI5VceiHA": {
          "key": "_pCSpYP58EDSZAJI5VceiHA",
          "name": "Blood_group",
          "type": null,
          "probability": 1,
          "modifiers": [
            "private"
          ],
          "to_variable": {
            "key": "_Cv4-EP5_EDSZAJI5VceiHA",
            "name": "Blood_group",
            "type": null,
            "modifiers": [
              "private"
            ],
            "position": {}
          },
          "position": {}
        }
      }
    }
  }
}