{
  "report_version": "unknown",
  "report_timestamp": "2025-03-26T21:53:38.412Z",
  "target_language": "java",
  "report_summary": {
    "additional": null,
    "amount_classes_or_interfaces_with_data_clumps": 2,
    "amount_files_with_data_clumps": 2,
    "amount_methods_with_data_clumps": 0,
    "fields_to_fields_data_clump": 2,
    "parameters_to_fields_data_clump": 0,
    "parameters_to_parameters_data_clump": 0,
    "amount_data_clumps": 2
  },
  "project_info": {
    "project_url": "unknown_project_url",
    "project_name": "_zjIUsOZnEeqgY5yD8SByCQ",
    "project_version": "unknown_project_version",
    "project_commit_hash": "unknown",
    "project_tag": null,
    "project_commit_date": null,
    "additional": {},
    "number_of_files": 12,
    "number_of_classes_or_interfaces": 12,
    "number_of_methods": 0,
    "number_of_data_fields": 37,
    "number_of_method_parameters": 0
  },
  "detector": {
    "name": "data-clumps-doctor",
    "url": "https://github.com/NilsBaumgartner1994/data-clumps-doctor",
    "version": "0.1.100",
    "options": {
      "typeVariablesConsidered": false,
      "similarityModifierOfVariablesWithUnknownType": 0,
      "fieldsOfClassesWithUnknownHierarchyProbabilityModifier": 0,
      "sharedFieldsToFieldsAmountMinimum": 3,
      "analyseFieldsInClassesOrInterfacesInheritedFromSuperClassesOrInterfaces": false,
      "sharedParametersToParametersAmountMinimum": 3,
      "sharedParametersToFieldsAmountMinimum": 3,
      "methodsOfClassesOrInterfacesWithUnknownHierarchyProbabilityModifier": 0
    }
  },
  "data_clumps": {
    "fields_to_fields_data_clump-./PostTag-_zjLY2eZnEeqgY5yD8SByCQ-_zjLYy-ZnEeqgY5yD8SByCQ-IDPubComentsDateIDPhoto": {
      "type": "data_clump",
      "key": "fields_to_fields_data_clump-./PostTag-_zjLY2eZnEeqgY5yD8SByCQ-_zjLYy-ZnEeqgY5yD8SByCQ-IDPubComentsDateIDPhoto",
      "probability": 1,
      "from_file_path": "./PostTag",
      "from_class_or_interface_name": "PostTag",
      "from_class_or_interface_key": "_zjLY2eZnEeqgY5yD8SByCQ",
      "from_method_name": null,
      "from_method_key": null,
      "to_file_path": "./UserPost",
      "to_class_or_interface_key": "_zjLYy-ZnEeqgY5yD8SByCQ",
      "to_class_or_interface_name": "PostTag",
      "to_method_key": null,
      "to_method_name": null,
      "data_clump_type": "fields_to_fields_data_clump",
      "data_clump_data": {
        "_zjLY2uZnEeqgY5yD8SByCQ": {
          "key": "_zjLY2uZnEeqgY5yD8SByCQ",
          "name": "IDPub",
          "type": null,
          "probability": 1,
          "modifiers": [],
          "to_variable": {
            "key": "_zjLYzeZnEeqgY5yD8SByCQ",
            "name": "IDPub",
            "type": null,
            "modifiers": [],
            "position": {}
          },
          "position": {}
        },
        "_zjLY3eZnEeqgY5yD8SByCQ": {
          "key": "_zjLY3eZnEeqgY5yD8SByCQ",
          "name": "Coments",
          "type": null,
          "probability": 1,
          "modifiers": [],
          "to_variable": {
            "key": "_zjLYz-ZnEeqgY5yD8SByCQ",
            "name": "Coments",
            "type": null,
            "modifiers": [],
            "position": {}
          },
          "position": {}
        },
        "_zjLY3uZnEeqgY5yD8SByCQ": {
          "key": "_zjLY3uZnEeqgY5yD8SByCQ",
          "name": "Date",
          "type": null,
          "probability": 1,
          "modifiers": [],
          "to_variable": {
            "key": "_zjLY0OZnEeqgY5yD8SByCQ",
            "name": "Date",
            "type": null,
            "modifiers": [],
            "position": {}
          },
          "position": {}
        },
        "_zjLY3-ZnEeqgY5yD8SByCQ": {
          "key": "_zjLY3-ZnEeqgY5yD8SByCQ",
          "name": "IDPhoto",
          "type": null,
          "probability": 1,
          "modifiers": [],
          "to_variable": {
            "key": "_zjLY0eZnEeqgY5yD8SByCQ",
            "name": "IDPhoto",
            "type": null,
            "modifiers": [],
            "position": {}
          },
          "position": {}
        }
      }
    },
    "fields_to_fields_data_clump-./UserPost-_zjLYy-ZnEeqgY5yD8SByCQ-_zjLY2eZnEeqgY5yD8SByCQ-IDPubComentsDateIDPhoto": {
      "type": "data_clump",
      "key": "fields_to_fields_data_clump-./UserPost-_zjLYy-ZnEeqgY5yD8SByCQ-_zjLY2eZnEeqgY5yD8SByCQ-IDPubComentsDateIDPhoto",
      "probability": 1,
      "from_file_path": "./UserPost",
      "from_class_or_interface_name": "UserPost",
      "from_class_or_interface_key": "_zjLYy-ZnEeqgY5yD8SByCQ",
      "from_method_name": null,
      "from_method_key": null,
      "to_file_path": "./PostTag",
      "to_class_or_interface_key": "_zjLY2eZnEeqgY5yD8SByCQ",
      "to_class_or_interface_name": "UserPost",
      "to_method_key": null,
      "to_method_name": null,
      "data_clump_type": "fields_to_fields_data_clump",
      "data_clump_data": {
        "_zjLYzeZnEeqgY5yD8SByCQ": {
          "key": "_zjLYzeZnEeqgY5yD8SByCQ",
          "name": "IDPub",
          "type": null,
          "probability": 1,
          "modifiers": [],
          "to_variable": {
            "key": "_zjLY2uZnEeqgY5yD8SByCQ",
            "name": "IDPub",
            "type": null,
            "modifiers": [],
            "position": {}
          },
          "position": {}
        },
        "_zjLYz-ZnEeqgY5yD8SByCQ": {
          "key": "_zjLYz-ZnEeqgY5yD8SByCQ",
          "name": "Coments",
          "type": null,
          "probability": 1,
          "modifiers": [],
          "to_variable": {
            "key": "_zjLY3eZnEeqgY5yD8SByCQ",
            "name": "Coments",
            "type": null,
            "modifiers": [],
            "position": {}
          },
          "position": {}
        },
        "_zjLY0OZnEeqgY5yD8SByCQ": {
          "key": "_zjLY0OZnEeqgY5yD8SByCQ",
          "name": "Date",
          "type": null,
          "probability": 1,
          "modifiers": [],
          "to_variable": {
            "key": "_zjLY3uZnEeqgY5yD8SByCQ",
            "name": "Date",
            "type": null,
            "modifiers": [],
            "position": {}
          },
          "position": {}
        },
        "_zjLY0eZnEeqgY5yD8SByCQ": {
          "key": "_zjLY0eZnEeqgY5yD8SByCQ",
          "name": "IDPhoto",
          "type": null,
          "probability": 1,
          "modifiers": [],
          "to_variable": {
            "key": "_zjLY3-ZnEeqgY5yD8SByCQ",
            "name": "IDPhoto",
            "type": null,
            "modifiers": [],
            "position": {}
          },
          "position": {}
        }
      }
    }
  }
}