{
  "report_version": "unknown",
  "report_timestamp": "2025-03-26T22:03:40.125Z",
  "target_language": "java",
  "report_summary": {
    "additional": null,
    "amount_classes_or_interfaces_with_data_clumps": 2,
    "amount_files_with_data_clumps": 2,
    "amount_methods_with_data_clumps": 0,
    "fields_to_fields_data_clump": 2,
    "parameters_to_fields_data_clump": 0,
    "parameters_to_parameters_data_clump": 0,
    "amount_data_clumps": 2
  },
  "project_info": {
    "project_url": "unknown_project_url",
    "project_name": "c45db2d0-dd4b-44a6-a588-de70fa6b21b9",
    "project_version": "unknown_project_version",
    "project_commit_hash": "unknown",
    "project_tag": null,
    "project_commit_date": null,
    "additional": {},
    "number_of_files": 65,
    "number_of_classes_or_interfaces": 65,
    "number_of_methods": 35,
    "number_of_data_fields": 101,
    "number_of_method_parameters": 6
  },
  "detector": {
    "name": "data-clumps-doctor",
    "url": "https://github.com/NilsBaumgartner1994/data-clumps-doctor",
    "version": "0.1.100",
    "options": {
      "typeVariablesConsidered": false,
      "similarityModifierOfVariablesWithUnknownType": 0,
      "fieldsOfClassesWithUnknownHierarchyProbabilityModifier": 0,
      "sharedFieldsToFieldsAmountMinimum": 3,
      "analyseFieldsInClassesOrInterfacesInheritedFromSuperClassesOrInterfaces": false,
      "sharedParametersToParametersAmountMinimum": 3,
      "sharedParametersToFieldsAmountMinimum": 3,
      "methodsOfClassesOrInterfacesWithUnknownHierarchyProbabilityModifier": 0
    }
  },
  "data_clumps": {
    "fields_to_fields_data_clump-./NavigationItem-_OIGTYH9QEDK1XrRNqzht7Q-_CGWs4H9dEDK1XrRNqzht7Q-NamePathDescription": {
      "type": "data_clump",
      "key": "fields_to_fields_data_clump-./NavigationItem-_OIGTYH9QEDK1XrRNqzht7Q-_CGWs4H9dEDK1XrRNqzht7Q-NamePathDescription",
      "probability": 1,
      "from_file_path": "./NavigationItem",
      "from_class_or_interface_name": "NavigationItem",
      "from_class_or_interface_key": "_OIGTYH9QEDK1XrRNqzht7Q",
      "from_method_name": null,
      "from_method_key": null,
      "to_file_path": "./NavigationItemEditorViewModel",
      "to_class_or_interface_key": "_CGWs4H9dEDK1XrRNqzht7Q",
      "to_class_or_interface_name": "NavigationItem",
      "to_method_key": null,
      "to_method_name": null,
      "data_clump_type": "fields_to_fields_data_clump",
      "data_clump_data": {
        "_X7lmsH9QEDK1XrRNqzht7Q": {
          "key": "_X7lmsH9QEDK1XrRNqzht7Q",
          "name": "Name",
          "type": null,
          "probability": 1,
          "modifiers": [],
          "to_variable": {
            "key": "_dzjaEH8YEDK1XrRNqzht7Q",
            "name": "Name",
            "type": null,
            "modifiers": [],
            "position": {}
          },
          "position": {}
        },
        "_Y-0lUH9QEDK1XrRNqzht7Q": {
          "key": "_Y-0lUH9QEDK1XrRNqzht7Q",
          "name": "Path",
          "type": null,
          "probability": 1,
          "modifiers": [],
          "to_variable": {
            "key": "_e_Xs8H8YEDK1XrRNqzht7Q",
            "name": "Path",
            "type": null,
            "modifiers": [],
            "position": {}
          },
          "position": {}
        },
        "_b3v6QH9QEDK1XrRNqzht7Q": {
          "key": "_b3v6QH9QEDK1XrRNqzht7Q",
          "name": "Description",
          "type": null,
          "probability": 1,
          "modifiers": [],
          "to_variable": {
            "key": "_hbvowH8YEDK1XrRNqzht7Q",
            "name": "Description",
            "type": null,
            "modifiers": [],
            "position": {}
          },
          "position": {}
        }
      }
    },
    "fields_to_fields_data_clump-./NavigationItemEditorViewModel-_CGWs4H9dEDK1XrRNqzht7Q-_OIGTYH9QEDK1XrRNqzht7Q-DescriptionPathName": {
      "type": "data_clump",
      "key": "fields_to_fields_data_clump-./NavigationItemEditorViewModel-_CGWs4H9dEDK1XrRNqzht7Q-_OIGTYH9QEDK1XrRNqzht7Q-DescriptionPathName",
      "probability": 1,
      "from_file_path": "./NavigationItemEditorViewModel",
      "from_class_or_interface_name": "NavigationItemEditorViewModel",
      "from_class_or_interface_key": "_CGWs4H9dEDK1XrRNqzht7Q",
      "from_method_name": null,
      "from_method_key": null,
      "to_file_path": "./NavigationItem",
      "to_class_or_interface_key": "_OIGTYH9QEDK1XrRNqzht7Q",
      "to_class_or_interface_name": "NavigationItemEditorViewModel",
      "to_method_key": null,
      "to_method_name": null,
      "data_clump_type": "fields_to_fields_data_clump",
      "data_clump_data": {
        "_hbvowH8YEDK1XrRNqzht7Q": {
          "key": "_hbvowH8YEDK1XrRNqzht7Q",
          "name": "Description",
          "type": null,
          "probability": 1,
          "modifiers": [],
          "to_variable": {
            "key": "_b3v6QH9QEDK1XrRNqzht7Q",
            "name": "Description",
            "type": null,
            "modifiers": [],
            "position": {}
          },
          "position": {}
        },
        "_e_Xs8H8YEDK1XrRNqzht7Q": {
          "key": "_e_Xs8H8YEDK1XrRNqzht7Q",
          "name": "Path",
          "type": null,
          "probability": 1,
          "modifiers": [],
          "to_variable": {
            "key": "_Y-0lUH9QEDK1XrRNqzht7Q",
            "name": "Path",
            "type": null,
            "modifiers": [],
            "position": {}
          },
          "position": {}
        },
        "_dzjaEH8YEDK1XrRNqzht7Q": {
          "key": "_dzjaEH8YEDK1XrRNqzht7Q",
          "name": "Name",
          "type": null,
          "probability": 1,
          "modifiers": [],
          "to_variable": {
            "key": "_X7lmsH9QEDK1XrRNqzht7Q",
            "name": "Name",
            "type": null,
            "modifiers": [],
            "position": {}
          },
          "position": {}
        }
      }
    }
  }
}