{
  "report_version": "unknown",
  "report_timestamp": "2025-03-26T22:44:32.384Z",
  "target_language": "java",
  "report_summary": {
    "additional": null,
    "amount_classes_or_interfaces_with_data_clumps": 3,
    "amount_files_with_data_clumps": 3,
    "amount_methods_with_data_clumps": 3,
    "fields_to_fields_data_clump": 0,
    "parameters_to_fields_data_clump": 1,
    "parameters_to_parameters_data_clump": 2,
    "amount_data_clumps": 3
  },
  "project_info": {
    "project_url": "unknown_project_url",
    "project_name": "_UHe1MHE0Eee5HMQDnOR-kg",
    "project_version": "unknown_project_version",
    "project_commit_hash": "unknown",
    "project_tag": null,
    "project_commit_date": null,
    "additional": {},
    "number_of_files": 13,
    "number_of_classes_or_interfaces": 13,
    "number_of_methods": 36,
    "number_of_data_fields": 16,
    "number_of_method_parameters": 33
  },
  "detector": {
    "name": "data-clumps-doctor",
    "url": "https://github.com/NilsBaumgartner1994/data-clumps-doctor",
    "version": "0.1.100",
    "options": {
      "typeVariablesConsidered": false,
      "similarityModifierOfVariablesWithUnknownType": 0,
      "fieldsOfClassesWithUnknownHierarchyProbabilityModifier": 0,
      "sharedFieldsToFieldsAmountMinimum": 3,
      "analyseFieldsInClassesOrInterfacesInheritedFromSuperClassesOrInterfaces": false,
      "sharedParametersToParametersAmountMinimum": 3,
      "sharedParametersToFieldsAmountMinimum": 3,
      "methodsOfClassesOrInterfacesWithUnknownHierarchyProbabilityModifier": 0
    }
  },
  "data_clumps": {
    "parameters_to_fields_data_clump-./Movie-_USvqNnE0Eeedq6mw0ioxNw-_USvqH3E0Eeedq6mw0ioxNw-idtitleoverviewvoteAveragevoteCountposterPathbackdropPath": {
      "type": "data_clump",
      "key": "parameters_to_fields_data_clump-./Movie-_USvqNnE0Eeedq6mw0ioxNw-_USvqH3E0Eeedq6mw0ioxNw-idtitleoverviewvoteAveragevoteCountposterPathbackdropPath",
      "probability": 1,
      "from_file_path": "./Movie",
      "from_class_or_interface_name": "Movie",
      "from_class_or_interface_key": "_USvqH3E0Eeedq6mw0ioxNw",
      "from_method_name": "Movie",
      "from_method_key": "_USvqNnE0Eeedq6mw0ioxNw",
      "to_file_path": "./Movie",
      "to_class_or_interface_name": "Movie",
      "to_class_or_interface_key": "_USvqH3E0Eeedq6mw0ioxNw",
      "to_method_name": null,
      "to_method_key": null,
      "data_clump_type": "parameters_to_fields_data_clump",
      "data_clump_data": {
        "_USvqN3E0Eeedq6mw0ioxNw": {
          "key": "_USvqN3E0Eeedq6mw0ioxNw",
          "name": "id",
          "type": null,
          "probability": 1,
          "modifiers": [],
          "to_variable": {
            "key": "_USvqIHE0Eeedq6mw0ioxNw",
            "name": "id",
            "type": null,
            "modifiers": [
              "private"
            ],
            "position": {}
          },
          "position": {}
        },
        "_USvqOnE0Eeedq6mw0ioxNw": {
          "key": "_USvqOnE0Eeedq6mw0ioxNw",
          "name": "title",
          "type": null,
          "probability": 1,
          "modifiers": [],
          "to_variable": {
            "key": "_USvqI3E0Eeedq6mw0ioxNw",
            "name": "title",
            "type": null,
            "modifiers": [
              "private"
            ],
            "position": {}
          },
          "position": {}
        },
        "_USvqPXE0Eeedq6mw0ioxNw": {
          "key": "_USvqPXE0Eeedq6mw0ioxNw",
          "name": "overview",
          "type": null,
          "probability": 1,
          "modifiers": [],
          "to_variable": {
            "key": "_USvqJnE0Eeedq6mw0ioxNw",
            "name": "overview",
            "type": null,
            "modifiers": [
              "private"
            ],
            "position": {}
          },
          "position": {}
        },
        "_USvqQHE0Eeedq6mw0ioxNw": {
          "key": "_USvqQHE0Eeedq6mw0ioxNw",
          "name": "voteAverage",
          "type": null,
          "probability": 1,
          "modifiers": [],
          "to_variable": {
            "key": "_USvqKXE0Eeedq6mw0ioxNw",
            "name": "voteAverage",
            "type": null,
            "modifiers": [
              "private"
            ],
            "position": {}
          },
          "position": {}
        },
        "_USvqQ3E0Eeedq6mw0ioxNw": {
          "key": "_USvqQ3E0Eeedq6mw0ioxNw",
          "name": "voteCount",
          "type": null,
          "probability": 1,
          "modifiers": [],
          "to_variable": {
            "key": "_USvqLHE0Eeedq6mw0ioxNw",
            "name": "voteCount",
            "type": null,
            "modifiers": [
              "private"
            ],
            "position": {}
          },
          "position": {}
        },
        "_USvqRnE0Eeedq6mw0ioxNw": {
          "key": "_USvqRnE0Eeedq6mw0ioxNw",
          "name": "posterPath",
          "type": null,
          "probability": 1,
          "modifiers": [],
          "to_variable": {
            "key": "_USvqL3E0Eeedq6mw0ioxNw",
            "name": "posterPath",
            "type": null,
            "modifiers": [
              "private"
            ],
            "position": {}
          },
          "position": {}
        },
        "_USvqSXE0Eeedq6mw0ioxNw": {
          "key": "_USvqSXE0Eeedq6mw0ioxNw",
          "name": "backdropPath",
          "type": null,
          "probability": 1,
          "modifiers": [],
          "to_variable": {
            "key": "_USvqMnE0Eeedq6mw0ioxNw",
            "name": "backdropPath",
            "type": null,
            "modifiers": [
              "private"
            ],
            "position": {}
          },
          "position": {}
        }
      }
    },
    "parameters_to_parameters_data_clump-./NewsDetailFragment-_USwRinE0Eeedq6mw0ioxNw-_USw4LnE0Eeedq6mw0ioxNw-inflatercontainersavedInstanceState": {
      "type": "data_clump",
      "key": "parameters_to_parameters_data_clump-./NewsDetailFragment-_USwRinE0Eeedq6mw0ioxNw-_USw4LnE0Eeedq6mw0ioxNw-inflatercontainersavedInstanceState",
      "probability": 1,
      "from_file_path": "./NewsDetailFragment",
      "from_class_or_interface_name": "NewsDetailFragment",
      "from_class_or_interface_key": "_USwRhXE0Eeedq6mw0ioxNw",
      "from_method_name": "onCreateView",
      "from_method_key": "_USwRinE0Eeedq6mw0ioxNw",
      "to_file_path": "./RecycleFragment",
      "to_class_or_interface_name": "RecycleFragment",
      "to_class_or_interface_key": "_USw4JXE0Eeedq6mw0ioxNw",
      "to_method_name": "onCreateView",
      "to_method_key": "_USw4LnE0Eeedq6mw0ioxNw",
      "data_clump_type": "parameters_to_parameters_data_clump",
      "data_clump_data": {
        "_USwRjnE0Eeedq6mw0ioxNw": {
          "key": "_USwRjnE0Eeedq6mw0ioxNw",
          "name": "inflater",
          "type": null,
          "probability": 1,
          "modifiers": [],
          "to_variable": {
            "key": "_USw4MnE0Eeedq6mw0ioxNw",
            "name": "inflater",
            "type": null,
            "modifiers": [],
            "position": {}
          },
          "position": {}
        },
        "_USwRkXE0Eeedq6mw0ioxNw": {
          "key": "_USwRkXE0Eeedq6mw0ioxNw",
          "name": "container",
          "type": null,
          "probability": 1,
          "modifiers": [],
          "to_variable": {
            "key": "_USw4NXE0Eeedq6mw0ioxNw",
            "name": "container",
            "type": null,
            "modifiers": [],
            "position": {}
          },
          "position": {}
        },
        "_USwRlHE0Eeedq6mw0ioxNw": {
          "key": "_USwRlHE0Eeedq6mw0ioxNw",
          "name": "savedInstanceState",
          "type": null,
          "probability": 1,
          "modifiers": [],
          "to_variable": {
            "key": "_USw4OHE0Eeedq6mw0ioxNw",
            "name": "savedInstanceState",
            "type": null,
            "modifiers": [],
            "position": {}
          },
          "position": {}
        }
      }
    },
    "parameters_to_parameters_data_clump-./RecycleFragment-_USw4LnE0Eeedq6mw0ioxNw-_USwRinE0Eeedq6mw0ioxNw-inflatercontainersavedInstanceState": {
      "type": "data_clump",
      "key": "parameters_to_parameters_data_clump-./RecycleFragment-_USw4LnE0Eeedq6mw0ioxNw-_USwRinE0Eeedq6mw0ioxNw-inflatercontainersavedInstanceState",
      "probability": 1,
      "from_file_path": "./RecycleFragment",
      "from_class_or_interface_name": "RecycleFragment",
      "from_class_or_interface_key": "_USw4JXE0Eeedq6mw0ioxNw",
      "from_method_name": "onCreateView",
      "from_method_key": "_USw4LnE0Eeedq6mw0ioxNw",
      "to_file_path": "./NewsDetailFragment",
      "to_class_or_interface_name": "NewsDetailFragment",
      "to_class_or_interface_key": "_USwRhXE0Eeedq6mw0ioxNw",
      "to_method_name": "onCreateView",
      "to_method_key": "_USwRinE0Eeedq6mw0ioxNw",
      "data_clump_type": "parameters_to_parameters_data_clump",
      "data_clump_data": {
        "_USw4MnE0Eeedq6mw0ioxNw": {
          "key": "_USw4MnE0Eeedq6mw0ioxNw",
          "name": "inflater",
          "type": null,
          "probability": 1,
          "modifiers": [],
          "to_variable": {
            "key": "_USwRjnE0Eeedq6mw0ioxNw",
            "name": "inflater",
            "type": null,
            "modifiers": [],
            "position": {}
          },
          "position": {}
        },
        "_USw4NXE0Eeedq6mw0ioxNw": {
          "key": "_USw4NXE0Eeedq6mw0ioxNw",
          "name": "container",
          "type": null,
          "probability": 1,
          "modifiers": [],
          "to_variable": {
            "key": "_USwRkXE0Eeedq6mw0ioxNw",
            "name": "container",
            "type": null,
            "modifiers": [],
            "position": {}
          },
          "position": {}
        },
        "_USw4OHE0Eeedq6mw0ioxNw": {
          "key": "_USw4OHE0Eeedq6mw0ioxNw",
          "name": "savedInstanceState",
          "type": null,
          "probability": 1,
          "modifiers": [],
          "to_variable": {
            "key": "_USwRlHE0Eeedq6mw0ioxNw",
            "name": "savedInstanceState",
            "type": null,
            "modifiers": [],
            "position": {}
          },
          "position": {}
        }
      }
    }
  }
}