{
  "report_version": "unknown",
  "report_timestamp": "2025-03-26T22:21:52.454Z",
  "target_language": "java",
  "report_summary": {
    "additional": null,
    "amount_classes_or_interfaces_with_data_clumps": 2,
    "amount_files_with_data_clumps": 2,
    "amount_methods_with_data_clumps": 0,
    "fields_to_fields_data_clump": 2,
    "parameters_to_fields_data_clump": 0,
    "parameters_to_parameters_data_clump": 0,
    "amount_data_clumps": 2
  },
  "project_info": {
    "project_url": "unknown_project_url",
    "project_name": "dae403d0-dd09-4f78-84fe-5d772f656d45",
    "project_version": "unknown_project_version",
    "project_commit_hash": "unknown",
    "project_tag": null,
    "project_commit_date": null,
    "additional": {},
    "number_of_files": 11,
    "number_of_classes_or_interfaces": 11,
    "number_of_methods": 42,
    "number_of_data_fields": 38,
    "number_of_method_parameters": 8
  },
  "detector": {
    "name": "data-clumps-doctor",
    "url": "https://github.com/NilsBaumgartner1994/data-clumps-doctor",
    "version": "0.1.100",
    "options": {
      "typeVariablesConsidered": false,
      "similarityModifierOfVariablesWithUnknownType": 0,
      "fieldsOfClassesWithUnknownHierarchyProbabilityModifier": 0,
      "sharedFieldsToFieldsAmountMinimum": 3,
      "analyseFieldsInClassesOrInterfacesInheritedFromSuperClassesOrInterfaces": false,
      "sharedParametersToParametersAmountMinimum": 3,
      "sharedParametersToFieldsAmountMinimum": 3,
      "methodsOfClassesOrInterfacesWithUnknownHierarchyProbabilityModifier": 0
    }
  },
  "data_clumps": {
    "fields_to_fields_data_clump-./MapActivity-_e0_0gFdMEDCGTb6ZuLm3Mw-_ObVlyEeoEDKENflai1EkNQ-GoogleMapgoogleMapBitmapDescriptormarkerIconBitmapDescriptorlatitudeInfolongitudeInfomapStatusrefIDmapFormarkersArray": {
      "type": "data_clump",
      "key": "fields_to_fields_data_clump-./MapActivity-_e0_0gFdMEDCGTb6ZuLm3Mw-_ObVlyEeoEDKENflai1EkNQ-GoogleMapgoogleMapBitmapDescriptormarkerIconBitmapDescriptorlatitudeInfolongitudeInfomapStatusrefIDmapFormarkersArray",
      "probability": 1,
      "from_file_path": "./MapActivity",
      "from_class_or_interface_name": "MapActivity",
      "from_class_or_interface_key": "_e0_0gFdMEDCGTb6ZuLm3Mw",
      "from_method_name": null,
      "from_method_key": null,
      "to_file_path": "./SearchMapFragment",
      "to_class_or_interface_key": "_ObVlyEeoEDKENflai1EkNQ",
      "to_class_or_interface_name": "MapActivity",
      "to_method_key": null,
      "to_method_name": null,
      "data_clump_type": "fields_to_fields_data_clump",
      "data_clump_data": {
        "_UmN7AEelEDKENflai1EkNQ": {
          "key": "_UmN7AEelEDKENflai1EkNQ",
          "name": "GoogleMapgoogleMap",
          "type": null,
          "probability": 1,
          "modifiers": [],
          "to_variable": {
            "key": "_ObVlyUeoEDKENflai1EkNQ",
            "name": "GoogleMapgoogleMap",
            "type": null,
            "modifiers": [],
            "position": {}
          },
          "position": {}
        },
        "_crDUIEelEDKENflai1EkNQ": {
          "key": "_crDUIEelEDKENflai1EkNQ",
          "name": "BitmapDescriptormarkerIconBitmapDescriptor",
          "type": null,
          "probability": 1,
          "modifiers": [],
          "to_variable": {
            "key": "_ObVly0eoEDKENflai1EkNQ",
            "name": "BitmapDescriptormarkerIconBitmapDescriptor",
            "type": null,
            "modifiers": [],
            "position": {}
          },
          "position": {}
        },
        "_hfprkEelEDKENflai1EkNQ": {
          "key": "_hfprkEelEDKENflai1EkNQ",
          "name": "latitudeInfo",
          "type": null,
          "probability": 1,
          "modifiers": [],
          "to_variable": {
            "key": "_ObVlzEeoEDKENflai1EkNQ",
            "name": "latitudeInfo",
            "type": null,
            "modifiers": [],
            "position": {}
          },
          "position": {}
        },
        "_nlFYwEelEDKENflai1EkNQ": {
          "key": "_nlFYwEelEDKENflai1EkNQ",
          "name": "longitudeInfo",
          "type": null,
          "probability": 1,
          "modifiers": [],
          "to_variable": {
            "key": "_ObVlzUeoEDKENflai1EkNQ",
            "name": "longitudeInfo",
            "type": null,
            "modifiers": [],
            "position": {}
          },
          "position": {}
        },
        "_rbr24EelEDKENflai1EkNQ": {
          "key": "_rbr24EelEDKENflai1EkNQ",
          "name": "mapStatus",
          "type": null,
          "probability": 1,
          "modifiers": [],
          "to_variable": {
            "key": "_ObVlzkeoEDKENflai1EkNQ",
            "name": "mapStatus",
            "type": null,
            "modifiers": [],
            "position": {}
          },
          "position": {}
        },
        "_u3blAEelEDKENflai1EkNQ": {
          "key": "_u3blAEelEDKENflai1EkNQ",
          "name": "refID",
          "type": null,
          "probability": 1,
          "modifiers": [],
          "to_variable": {
            "key": "_ObVlz0eoEDKENflai1EkNQ",
            "name": "refID",
            "type": null,
            "modifiers": [],
            "position": {}
          },
          "position": {}
        },
        "_ym_nAEelEDKENflai1EkNQ": {
          "key": "_ym_nAEelEDKENflai1EkNQ",
          "name": "mapFor",
          "type": null,
          "probability": 1,
          "modifiers": [],
          "to_variable": {
            "key": "_ObVl0EeoEDKENflai1EkNQ",
            "name": "mapFor",
            "type": null,
            "modifiers": [],
            "position": {}
          },
          "position": {}
        },
        "_0CR5QEelEDKENflai1EkNQ": {
          "key": "_0CR5QEelEDKENflai1EkNQ",
          "name": "markersArray",
          "type": null,
          "probability": 1,
          "modifiers": [],
          "to_variable": {
            "key": "_ObVl0UeoEDKENflai1EkNQ",
            "name": "markersArray",
            "type": null,
            "modifiers": [],
            "position": {}
          },
          "position": {}
        }
      }
    },
    "fields_to_fields_data_clump-./SearchMapFragment-_ObVlyEeoEDKENflai1EkNQ-_e0_0gFdMEDCGTb6ZuLm3Mw-GoogleMapgoogleMapBitmapDescriptormarkerIconBitmapDescriptorlatitudeInfolongitudeInfomapStatusrefIDmapFormarkersArray": {
      "type": "data_clump",
      "key": "fields_to_fields_data_clump-./SearchMapFragment-_ObVlyEeoEDKENflai1EkNQ-_e0_0gFdMEDCGTb6ZuLm3Mw-GoogleMapgoogleMapBitmapDescriptormarkerIconBitmapDescriptorlatitudeInfolongitudeInfomapStatusrefIDmapFormarkersArray",
      "probability": 1,
      "from_file_path": "./SearchMapFragment",
      "from_class_or_interface_name": "SearchMapFragment",
      "from_class_or_interface_key": "_ObVlyEeoEDKENflai1EkNQ",
      "from_method_name": null,
      "from_method_key": null,
      "to_file_path": "./MapActivity",
      "to_class_or_interface_key": "_e0_0gFdMEDCGTb6ZuLm3Mw",
      "to_class_or_interface_name": "SearchMapFragment",
      "to_method_key": null,
      "to_method_name": null,
      "data_clump_type": "fields_to_fields_data_clump",
      "data_clump_data": {
        "_ObVlyUeoEDKENflai1EkNQ": {
          "key": "_ObVlyUeoEDKENflai1EkNQ",
          "name": "GoogleMapgoogleMap",
          "type": null,
          "probability": 1,
          "modifiers": [],
          "to_variable": {
            "key": "_UmN7AEelEDKENflai1EkNQ",
            "name": "GoogleMapgoogleMap",
            "type": null,
            "modifiers": [],
            "position": {}
          },
          "position": {}
        },
        "_ObVly0eoEDKENflai1EkNQ": {
          "key": "_ObVly0eoEDKENflai1EkNQ",
          "name": "BitmapDescriptormarkerIconBitmapDescriptor",
          "type": null,
          "probability": 1,
          "modifiers": [],
          "to_variable": {
            "key": "_crDUIEelEDKENflai1EkNQ",
            "name": "BitmapDescriptormarkerIconBitmapDescriptor",
            "type": null,
            "modifiers": [],
            "position": {}
          },
          "position": {}
        },
        "_ObVlzEeoEDKENflai1EkNQ": {
          "key": "_ObVlzEeoEDKENflai1EkNQ",
          "name": "latitudeInfo",
          "type": null,
          "probability": 1,
          "modifiers": [],
          "to_variable": {
            "key": "_hfprkEelEDKENflai1EkNQ",
            "name": "latitudeInfo",
            "type": null,
            "modifiers": [],
            "position": {}
          },
          "position": {}
        },
        "_ObVlzUeoEDKENflai1EkNQ": {
          "key": "_ObVlzUeoEDKENflai1EkNQ",
          "name": "longitudeInfo",
          "type": null,
          "probability": 1,
          "modifiers": [],
          "to_variable": {
            "key": "_nlFYwEelEDKENflai1EkNQ",
            "name": "longitudeInfo",
            "type": null,
            "modifiers": [],
            "position": {}
          },
          "position": {}
        },
        "_ObVlzkeoEDKENflai1EkNQ": {
          "key": "_ObVlzkeoEDKENflai1EkNQ",
          "name": "mapStatus",
          "type": null,
          "probability": 1,
          "modifiers": [],
          "to_variable": {
            "key": "_rbr24EelEDKENflai1EkNQ",
            "name": "mapStatus",
            "type": null,
            "modifiers": [],
            "position": {}
          },
          "position": {}
        },
        "_ObVlz0eoEDKENflai1EkNQ": {
          "key": "_ObVlz0eoEDKENflai1EkNQ",
          "name": "refID",
          "type": null,
          "probability": 1,
          "modifiers": [],
          "to_variable": {
            "key": "_u3blAEelEDKENflai1EkNQ",
            "name": "refID",
            "type": null,
            "modifiers": [],
            "position": {}
          },
          "position": {}
        },
        "_ObVl0EeoEDKENflai1EkNQ": {
          "key": "_ObVl0EeoEDKENflai1EkNQ",
          "name": "mapFor",
          "type": null,
          "probability": 1,
          "modifiers": [],
          "to_variable": {
            "key": "_ym_nAEelEDKENflai1EkNQ",
            "name": "mapFor",
            "type": null,
            "modifiers": [],
            "position": {}
          },
          "position": {}
        },
        "_ObVl0UeoEDKENflai1EkNQ": {
          "key": "_ObVl0UeoEDKENflai1EkNQ",
          "name": "markersArray",
          "type": null,
          "probability": 1,
          "modifiers": [],
          "to_variable": {
            "key": "_0CR5QEelEDKENflai1EkNQ",
            "name": "markersArray",
            "type": null,
            "modifiers": [],
            "position": {}
          },
          "position": {}
        }
      }
    }
  }
}