{
  "report_version": "unknown",
  "report_timestamp": "2025-03-26T22:27:48.899Z",
  "target_language": "java",
  "report_summary": {
    "additional": null,
    "amount_classes_or_interfaces_with_data_clumps": 2,
    "amount_files_with_data_clumps": 2,
    "amount_methods_with_data_clumps": 0,
    "fields_to_fields_data_clump": 2,
    "parameters_to_fields_data_clump": 0,
    "parameters_to_parameters_data_clump": 0,
    "amount_data_clumps": 2
  },
  "project_info": {
    "project_url": "unknown_project_url",
    "project_name": "3fbe42bf-aeb5-49ed-b440-ec655e3489d8",
    "project_version": "unknown_project_version",
    "project_commit_hash": "unknown",
    "project_tag": null,
    "project_commit_date": null,
    "additional": {},
    "number_of_files": 5,
    "number_of_classes_or_interfaces": 5,
    "number_of_methods": 15,
    "number_of_data_fields": 6,
    "number_of_method_parameters": 0
  },
  "detector": {
    "name": "data-clumps-doctor",
    "url": "https://github.com/NilsBaumgartner1994/data-clumps-doctor",
    "version": "0.1.100",
    "options": {
      "typeVariablesConsidered": false,
      "similarityModifierOfVariablesWithUnknownType": 0,
      "fieldsOfClassesWithUnknownHierarchyProbabilityModifier": 0,
      "sharedFieldsToFieldsAmountMinimum": 3,
      "analyseFieldsInClassesOrInterfacesInheritedFromSuperClassesOrInterfaces": false,
      "sharedParametersToParametersAmountMinimum": 3,
      "sharedParametersToFieldsAmountMinimum": 3,
      "methodsOfClassesOrInterfacesWithUnknownHierarchyProbabilityModifier": 0
    }
  },
  "data_clumps": {
    "fields_to_fields_data_clump-./BullyFilteringService-_PBfSUHfMEDGZzepoNkz9Bw-_yW5rQHfNEDGZzepoNkz9Bw-currentStatTypeupperBoundStatTypepredictedStatType": {
      "type": "data_clump",
      "key": "fields_to_fields_data_clump-./BullyFilteringService-_PBfSUHfMEDGZzepoNkz9Bw-_yW5rQHfNEDGZzepoNkz9Bw-currentStatTypeupperBoundStatTypepredictedStatType",
      "probability": 1,
      "from_file_path": "./BullyFilteringService",
      "from_class_or_interface_name": "BullyFilteringService",
      "from_class_or_interface_key": "_PBfSUHfMEDGZzepoNkz9Bw",
      "from_method_name": null,
      "from_method_key": null,
      "to_file_path": "./VictimFilteringService",
      "to_class_or_interface_key": "_yW5rQHfNEDGZzepoNkz9Bw",
      "to_class_or_interface_name": "BullyFilteringService",
      "to_method_key": null,
      "to_method_name": null,
      "data_clump_type": "fields_to_fields_data_clump",
      "data_clump_data": {
        "_pW7VAHfMEDGZzepoNkz9Bw": {
          "key": "_pW7VAHfMEDGZzepoNkz9Bw",
          "name": "currentStatType",
          "type": null,
          "probability": 1,
          "modifiers": [],
          "to_variable": {
            "key": "_08plgHfNEDGZzepoNkz9Bw",
            "name": "currentStatType",
            "type": null,
            "modifiers": [],
            "position": {}
          },
          "position": {}
        },
        "_v4u1IHfMEDGZzepoNkz9Bw": {
          "key": "_v4u1IHfMEDGZzepoNkz9Bw",
          "name": "upperBoundStatType",
          "type": null,
          "probability": 1,
          "modifiers": [],
          "to_variable": {
            "key": "_2SO4YHfNEDGZzepoNkz9Bw",
            "name": "upperBoundStatType",
            "type": null,
            "modifiers": [],
            "position": {}
          },
          "position": {}
        },
        "_xOS54HfMEDGZzepoNkz9Bw": {
          "key": "_xOS54HfMEDGZzepoNkz9Bw",
          "name": "predictedStatType",
          "type": null,
          "probability": 1,
          "modifiers": [],
          "to_variable": {
            "key": "_3mG7EHfNEDGZzepoNkz9Bw",
            "name": "predictedStatType",
            "type": null,
            "modifiers": [],
            "position": {}
          },
          "position": {}
        }
      }
    },
    "fields_to_fields_data_clump-./VictimFilteringService-_yW5rQHfNEDGZzepoNkz9Bw-_PBfSUHfMEDGZzepoNkz9Bw-currentStatTypeupperBoundStatTypepredictedStatType": {
      "type": "data_clump",
      "key": "fields_to_fields_data_clump-./VictimFilteringService-_yW5rQHfNEDGZzepoNkz9Bw-_PBfSUHfMEDGZzepoNkz9Bw-currentStatTypeupperBoundStatTypepredictedStatType",
      "probability": 1,
      "from_file_path": "./VictimFilteringService",
      "from_class_or_interface_name": "VictimFilteringService",
      "from_class_or_interface_key": "_yW5rQHfNEDGZzepoNkz9Bw",
      "from_method_name": null,
      "from_method_key": null,
      "to_file_path": "./BullyFilteringService",
      "to_class_or_interface_key": "_PBfSUHfMEDGZzepoNkz9Bw",
      "to_class_or_interface_name": "VictimFilteringService",
      "to_method_key": null,
      "to_method_name": null,
      "data_clump_type": "fields_to_fields_data_clump",
      "data_clump_data": {
        "_08plgHfNEDGZzepoNkz9Bw": {
          "key": "_08plgHfNEDGZzepoNkz9Bw",
          "name": "currentStatType",
          "type": null,
          "probability": 1,
          "modifiers": [],
          "to_variable": {
            "key": "_pW7VAHfMEDGZzepoNkz9Bw",
            "name": "currentStatType",
            "type": null,
            "modifiers": [],
            "position": {}
          },
          "position": {}
        },
        "_2SO4YHfNEDGZzepoNkz9Bw": {
          "key": "_2SO4YHfNEDGZzepoNkz9Bw",
          "name": "upperBoundStatType",
          "type": null,
          "probability": 1,
          "modifiers": [],
          "to_variable": {
            "key": "_v4u1IHfMEDGZzepoNkz9Bw",
            "name": "upperBoundStatType",
            "type": null,
            "modifiers": [],
            "position": {}
          },
          "position": {}
        },
        "_3mG7EHfNEDGZzepoNkz9Bw": {
          "key": "_3mG7EHfNEDGZzepoNkz9Bw",
          "name": "predictedStatType",
          "type": null,
          "probability": 1,
          "modifiers": [],
          "to_variable": {
            "key": "_xOS54HfMEDGZzepoNkz9Bw",
            "name": "predictedStatType",
            "type": null,
            "modifiers": [],
            "position": {}
          },
          "position": {}
        }
      }
    }
  }
}