{
  "report_version": "unknown",
  "report_timestamp": "2025-03-26T21:57:58.486Z",
  "target_language": "java",
  "report_summary": {
    "additional": null,
    "amount_classes_or_interfaces_with_data_clumps": 2,
    "amount_files_with_data_clumps": 3,
    "amount_methods_with_data_clumps": 2,
    "fields_to_fields_data_clump": 0,
    "parameters_to_fields_data_clump": 2,
    "parameters_to_parameters_data_clump": 2,
    "amount_data_clumps": 4
  },
  "project_info": {
    "project_url": "unknown_project_url",
    "project_name": "_4aX-8B9MEDG6lfhtgrAwvg",
    "project_version": "unknown_project_version",
    "project_commit_hash": "unknown",
    "project_tag": null,
    "project_commit_date": null,
    "additional": {},
    "number_of_files": 6,
    "number_of_classes_or_interfaces": 6,
    "number_of_methods": 16,
    "number_of_data_fields": 12,
    "number_of_method_parameters": 16
  },
  "detector": {
    "name": "data-clumps-doctor",
    "url": "https://github.com/NilsBaumgartner1994/data-clumps-doctor",
    "version": "0.1.100",
    "options": {
      "typeVariablesConsidered": false,
      "similarityModifierOfVariablesWithUnknownType": 0,
      "fieldsOfClassesWithUnknownHierarchyProbabilityModifier": 0,
      "sharedFieldsToFieldsAmountMinimum": 3,
      "analyseFieldsInClassesOrInterfacesInheritedFromSuperClassesOrInterfaces": false,
      "sharedParametersToParametersAmountMinimum": 3,
      "sharedParametersToFieldsAmountMinimum": 3,
      "methodsOfClassesOrInterfacesWithUnknownHierarchyProbabilityModifier": 0
    }
  },
  "data_clumps": {
    "parameters_to_parameters_data_clump-./Directivo-_8vPmEB9PEDG6lfhtgrAwvg-_xZQlQB9PEDG6lfhtgrAwvg-legajonombresueldo": {
      "type": "data_clump",
      "key": "parameters_to_parameters_data_clump-./Directivo-_8vPmEB9PEDG6lfhtgrAwvg-_xZQlQB9PEDG6lfhtgrAwvg-legajonombresueldo",
      "probability": 1,
      "from_file_path": "./Directivo",
      "from_class_or_interface_name": "Directivo",
      "from_class_or_interface_key": "_ARYiAB9OEDG6lfhtgrAwvg",
      "from_method_name": "Directivo",
      "from_method_key": "_8vPmEB9PEDG6lfhtgrAwvg",
      "to_file_path": "./Regular",
      "to_class_or_interface_name": "Regular",
      "to_class_or_interface_key": "_BH4FIB9OEDG6lfhtgrAwvg",
      "to_method_name": "Regular",
      "to_method_key": "_xZQlQB9PEDG6lfhtgrAwvg",
      "data_clump_type": "parameters_to_parameters_data_clump",
      "data_clump_data": {
        "_-b1qwB9PEDG6lfhtgrAwvg": {
          "key": "_-b1qwB9PEDG6lfhtgrAwvg",
          "name": "legajo",
          "type": null,
          "probability": 1,
          "modifiers": [],
          "to_variable": {
            "key": "_zaonIB9PEDG6lfhtgrAwvg",
            "name": "legajo",
            "type": null,
            "modifiers": [],
            "position": {}
          },
          "position": {}
        },
        "__o0bQB9PEDG6lfhtgrAwvg": {
          "key": "__o0bQB9PEDG6lfhtgrAwvg",
          "name": "nombre",
          "type": null,
          "probability": 1,
          "modifiers": [],
          "to_variable": {
            "key": "_0EpNcB9PEDG6lfhtgrAwvg",
            "name": "nombre",
            "type": null,
            "modifiers": [],
            "position": {}
          },
          "position": {}
        },
        "_AM9DEB9QEDG6lfhtgrAwvg": {
          "key": "_AM9DEB9QEDG6lfhtgrAwvg",
          "name": "sueldo",
          "type": null,
          "probability": 1,
          "modifiers": [],
          "to_variable": {
            "key": "_1bxYcB9PEDG6lfhtgrAwvg",
            "name": "sueldo",
            "type": null,
            "modifiers": [],
            "position": {}
          },
          "position": {}
        }
      }
    },
    "parameters_to_fields_data_clump-./Directivo-_8vPmEB9PEDG6lfhtgrAwvg-_-8LpoB9NEDG6lfhtgrAwvg-legajonombresueldo": {
      "type": "data_clump",
      "key": "parameters_to_fields_data_clump-./Directivo-_8vPmEB9PEDG6lfhtgrAwvg-_-8LpoB9NEDG6lfhtgrAwvg-legajonombresueldo",
      "probability": 1,
      "from_file_path": "./Directivo",
      "from_class_or_interface_name": "Directivo",
      "from_class_or_interface_key": "_ARYiAB9OEDG6lfhtgrAwvg",
      "from_method_name": "Directivo",
      "from_method_key": "_8vPmEB9PEDG6lfhtgrAwvg",
      "to_file_path": "./Empleado",
      "to_class_or_interface_name": "Empleado",
      "to_class_or_interface_key": "_-8LpoB9NEDG6lfhtgrAwvg",
      "to_method_name": null,
      "to_method_key": null,
      "data_clump_type": "parameters_to_fields_data_clump",
      "data_clump_data": {
        "_-b1qwB9PEDG6lfhtgrAwvg": {
          "key": "_-b1qwB9PEDG6lfhtgrAwvg",
          "name": "legajo",
          "type": null,
          "probability": 1,
          "modifiers": [],
          "to_variable": {
            "key": "_t3PsgB9OEDG6lfhtgrAwvg",
            "name": "legajo",
            "type": null,
            "modifiers": [],
            "position": {}
          },
          "position": {}
        },
        "__o0bQB9PEDG6lfhtgrAwvg": {
          "key": "__o0bQB9PEDG6lfhtgrAwvg",
          "name": "nombre",
          "type": null,
          "probability": 1,
          "modifiers": [],
          "to_variable": {
            "key": "_wBKmYB9OEDG6lfhtgrAwvg",
            "name": "nombre",
            "type": null,
            "modifiers": [],
            "position": {}
          },
          "position": {}
        },
        "_AM9DEB9QEDG6lfhtgrAwvg": {
          "key": "_AM9DEB9QEDG6lfhtgrAwvg",
          "name": "sueldo",
          "type": null,
          "probability": 1,
          "modifiers": [],
          "to_variable": {
            "key": "_wzyWIB9OEDG6lfhtgrAwvg",
            "name": "sueldo",
            "type": null,
            "modifiers": [],
            "position": {}
          },
          "position": {}
        }
      }
    },
    "parameters_to_parameters_data_clump-./Regular-_xZQlQB9PEDG6lfhtgrAwvg-_8vPmEB9PEDG6lfhtgrAwvg-legajonombresueldo": {
      "type": "data_clump",
      "key": "parameters_to_parameters_data_clump-./Regular-_xZQlQB9PEDG6lfhtgrAwvg-_8vPmEB9PEDG6lfhtgrAwvg-legajonombresueldo",
      "probability": 1,
      "from_file_path": "./Regular",
      "from_class_or_interface_name": "Regular",
      "from_class_or_interface_key": "_BH4FIB9OEDG6lfhtgrAwvg",
      "from_method_name": "Regular",
      "from_method_key": "_xZQlQB9PEDG6lfhtgrAwvg",
      "to_file_path": "./Directivo",
      "to_class_or_interface_name": "Directivo",
      "to_class_or_interface_key": "_ARYiAB9OEDG6lfhtgrAwvg",
      "to_method_name": "Directivo",
      "to_method_key": "_8vPmEB9PEDG6lfhtgrAwvg",
      "data_clump_type": "parameters_to_parameters_data_clump",
      "data_clump_data": {
        "_zaonIB9PEDG6lfhtgrAwvg": {
          "key": "_zaonIB9PEDG6lfhtgrAwvg",
          "name": "legajo",
          "type": null,
          "probability": 1,
          "modifiers": [],
          "to_variable": {
            "key": "_-b1qwB9PEDG6lfhtgrAwvg",
            "name": "legajo",
            "type": null,
            "modifiers": [],
            "position": {}
          },
          "position": {}
        },
        "_0EpNcB9PEDG6lfhtgrAwvg": {
          "key": "_0EpNcB9PEDG6lfhtgrAwvg",
          "name": "nombre",
          "type": null,
          "probability": 1,
          "modifiers": [],
          "to_variable": {
            "key": "__o0bQB9PEDG6lfhtgrAwvg",
            "name": "nombre",
            "type": null,
            "modifiers": [],
            "position": {}
          },
          "position": {}
        },
        "_1bxYcB9PEDG6lfhtgrAwvg": {
          "key": "_1bxYcB9PEDG6lfhtgrAwvg",
          "name": "sueldo",
          "type": null,
          "probability": 1,
          "modifiers": [],
          "to_variable": {
            "key": "_AM9DEB9QEDG6lfhtgrAwvg",
            "name": "sueldo",
            "type": null,
            "modifiers": [],
            "position": {}
          },
          "position": {}
        }
      }
    },
    "parameters_to_fields_data_clump-./Regular-_xZQlQB9PEDG6lfhtgrAwvg-_-8LpoB9NEDG6lfhtgrAwvg-legajonombresueldo": {
      "type": "data_clump",
      "key": "parameters_to_fields_data_clump-./Regular-_xZQlQB9PEDG6lfhtgrAwvg-_-8LpoB9NEDG6lfhtgrAwvg-legajonombresueldo",
      "probability": 1,
      "from_file_path": "./Regular",
      "from_class_or_interface_name": "Regular",
      "from_class_or_interface_key": "_BH4FIB9OEDG6lfhtgrAwvg",
      "from_method_name": "Regular",
      "from_method_key": "_xZQlQB9PEDG6lfhtgrAwvg",
      "to_file_path": "./Empleado",
      "to_class_or_interface_name": "Empleado",
      "to_class_or_interface_key": "_-8LpoB9NEDG6lfhtgrAwvg",
      "to_method_name": null,
      "to_method_key": null,
      "data_clump_type": "parameters_to_fields_data_clump",
      "data_clump_data": {
        "_zaonIB9PEDG6lfhtgrAwvg": {
          "key": "_zaonIB9PEDG6lfhtgrAwvg",
          "name": "legajo",
          "type": null,
          "probability": 1,
          "modifiers": [],
          "to_variable": {
            "key": "_t3PsgB9OEDG6lfhtgrAwvg",
            "name": "legajo",
            "type": null,
            "modifiers": [],
            "position": {}
          },
          "position": {}
        },
        "_0EpNcB9PEDG6lfhtgrAwvg": {
          "key": "_0EpNcB9PEDG6lfhtgrAwvg",
          "name": "nombre",
          "type": null,
          "probability": 1,
          "modifiers": [],
          "to_variable": {
            "key": "_wBKmYB9OEDG6lfhtgrAwvg",
            "name": "nombre",
            "type": null,
            "modifiers": [],
            "position": {}
          },
          "position": {}
        },
        "_1bxYcB9PEDG6lfhtgrAwvg": {
          "key": "_1bxYcB9PEDG6lfhtgrAwvg",
          "name": "sueldo",
          "type": null,
          "probability": 1,
          "modifiers": [],
          "to_variable": {
            "key": "_wzyWIB9OEDG6lfhtgrAwvg",
            "name": "sueldo",
            "type": null,
            "modifiers": [],
            "position": {}
          },
          "position": {}
        }
      }
    }
  }
}