{
  "report_version": "unknown",
  "report_timestamp": "2025-03-26T22:02:18.437Z",
  "target_language": "java",
  "report_summary": {
    "additional": null,
    "amount_classes_or_interfaces_with_data_clumps": 4,
    "amount_files_with_data_clumps": 4,
    "amount_methods_with_data_clumps": 0,
    "fields_to_fields_data_clump": 4,
    "parameters_to_fields_data_clump": 0,
    "parameters_to_parameters_data_clump": 0,
    "amount_data_clumps": 4
  },
  "project_info": {
    "project_url": "unknown_project_url",
    "project_name": "_WkeX4HCJEeWQ-ePoxTR2kA",
    "project_version": "unknown_project_version",
    "project_commit_hash": "unknown",
    "project_tag": null,
    "project_commit_date": null,
    "additional": {},
    "number_of_files": 16,
    "number_of_classes_or_interfaces": 16,
    "number_of_methods": 0,
    "number_of_data_fields": 38,
    "number_of_method_parameters": 0
  },
  "detector": {
    "name": "data-clumps-doctor",
    "url": "https://github.com/NilsBaumgartner1994/data-clumps-doctor",
    "version": "0.1.100",
    "options": {
      "typeVariablesConsidered": false,
      "similarityModifierOfVariablesWithUnknownType": 0,
      "fieldsOfClassesWithUnknownHierarchyProbabilityModifier": 0,
      "sharedFieldsToFieldsAmountMinimum": 3,
      "analyseFieldsInClassesOrInterfacesInheritedFromSuperClassesOrInterfaces": false,
      "sharedParametersToParametersAmountMinimum": 3,
      "sharedParametersToFieldsAmountMinimum": 3,
      "methodsOfClassesOrInterfacesWithUnknownHierarchyProbabilityModifier": 0
    }
  },
  "data_clumps": {
    "fields_to_fields_data_clump-./Astar-_bT1OYFLGEDOveu40oqQH3A-_OtAfgFLAEDOveu40oqQH3A-STEP_cellssavePointdeadEnd": {
      "type": "data_clump",
      "key": "fields_to_fields_data_clump-./Astar-_bT1OYFLGEDOveu40oqQH3A-_OtAfgFLAEDOveu40oqQH3A-STEP_cellssavePointdeadEnd",
      "probability": 1,
      "from_file_path": "./Astar",
      "from_class_or_interface_name": "Astar",
      "from_class_or_interface_key": "_bT1OYFLGEDOveu40oqQH3A",
      "from_method_name": null,
      "from_method_key": null,
      "to_file_path": "./Tremaux",
      "to_class_or_interface_key": "_OtAfgFLAEDOveu40oqQH3A",
      "to_class_or_interface_name": "Astar",
      "to_method_key": null,
      "to_method_name": null,
      "data_clump_type": "fields_to_fields_data_clump",
      "data_clump_data": {
        "_bT2cgFLGEDOveu40oqQH3A": {
          "key": "_bT2cgFLGEDOveu40oqQH3A",
          "name": "STEP",
          "type": null,
          "probability": 1,
          "modifiers": [
            "protected"
          ],
          "to_variable": {
            "key": "_QzGCQFLAEDOveu40oqQH3A",
            "name": "STEP",
            "type": null,
            "modifiers": [
              "protected"
            ],
            "position": {}
          },
          "position": {}
        },
        "_bT2cgVLGEDOveu40oqQH3A": {
          "key": "_bT2cgVLGEDOveu40oqQH3A",
          "name": "_cells",
          "type": null,
          "probability": 1,
          "modifiers": [
            "protected"
          ],
          "to_variable": {
            "key": "_PBPNoFLBEDOveu40oqQH3A",
            "name": "_cells",
            "type": null,
            "modifiers": [
              "protected"
            ],
            "position": {}
          },
          "position": {}
        },
        "_bT3DkFLGEDOveu40oqQH3A": {
          "key": "_bT3DkFLGEDOveu40oqQH3A",
          "name": "savePoint",
          "type": null,
          "probability": 1,
          "modifiers": [
            "protected"
          ],
          "to_variable": {
            "key": "_fcMkMFLBEDOveu40oqQH3A",
            "name": "savePoint",
            "type": null,
            "modifiers": [
              "protected"
            ],
            "position": {}
          },
          "position": {}
        },
        "_bT3DkVLGEDOveu40oqQH3A": {
          "key": "_bT3DkVLGEDOveu40oqQH3A",
          "name": "deadEnd",
          "type": null,
          "probability": 1,
          "modifiers": [
            "protected"
          ],
          "to_variable": {
            "key": "_mj6NwFLBEDOveu40oqQH3A",
            "name": "deadEnd",
            "type": null,
            "modifiers": [
              "protected"
            ],
            "position": {}
          },
          "position": {}
        }
      }
    },
    "fields_to_fields_data_clump-./Tremaux-_OtAfgFLAEDOveu40oqQH3A-_bT1OYFLGEDOveu40oqQH3A-STEP_cellssavePointdeadEnd": {
      "type": "data_clump",
      "key": "fields_to_fields_data_clump-./Tremaux-_OtAfgFLAEDOveu40oqQH3A-_bT1OYFLGEDOveu40oqQH3A-STEP_cellssavePointdeadEnd",
      "probability": 1,
      "from_file_path": "./Tremaux",
      "from_class_or_interface_name": "Tremaux",
      "from_class_or_interface_key": "_OtAfgFLAEDOveu40oqQH3A",
      "from_method_name": null,
      "from_method_key": null,
      "to_file_path": "./Astar",
      "to_class_or_interface_key": "_bT1OYFLGEDOveu40oqQH3A",
      "to_class_or_interface_name": "Tremaux",
      "to_method_key": null,
      "to_method_name": null,
      "data_clump_type": "fields_to_fields_data_clump",
      "data_clump_data": {
        "_QzGCQFLAEDOveu40oqQH3A": {
          "key": "_QzGCQFLAEDOveu40oqQH3A",
          "name": "STEP",
          "type": null,
          "probability": 1,
          "modifiers": [
            "protected"
          ],
          "to_variable": {
            "key": "_bT2cgFLGEDOveu40oqQH3A",
            "name": "STEP",
            "type": null,
            "modifiers": [
              "protected"
            ],
            "position": {}
          },
          "position": {}
        },
        "_PBPNoFLBEDOveu40oqQH3A": {
          "key": "_PBPNoFLBEDOveu40oqQH3A",
          "name": "_cells",
          "type": null,
          "probability": 1,
          "modifiers": [
            "protected"
          ],
          "to_variable": {
            "key": "_bT2cgVLGEDOveu40oqQH3A",
            "name": "_cells",
            "type": null,
            "modifiers": [
              "protected"
            ],
            "position": {}
          },
          "position": {}
        },
        "_fcMkMFLBEDOveu40oqQH3A": {
          "key": "_fcMkMFLBEDOveu40oqQH3A",
          "name": "savePoint",
          "type": null,
          "probability": 1,
          "modifiers": [
            "protected"
          ],
          "to_variable": {
            "key": "_bT3DkFLGEDOveu40oqQH3A",
            "name": "savePoint",
            "type": null,
            "modifiers": [
              "protected"
            ],
            "position": {}
          },
          "position": {}
        },
        "_mj6NwFLBEDOveu40oqQH3A": {
          "key": "_mj6NwFLBEDOveu40oqQH3A",
          "name": "deadEnd",
          "type": null,
          "probability": 1,
          "modifiers": [
            "protected"
          ],
          "to_variable": {
            "key": "_bT3DkVLGEDOveu40oqQH3A",
            "name": "deadEnd",
            "type": null,
            "modifiers": [
              "protected"
            ],
            "position": {}
          },
          "position": {}
        }
      }
    },
    "fields_to_fields_data_clump-./prim-_0XuVMFK8EDOniIxEL-YFwA-_H_PccFK_EDOveu40oqQH3A-frontierdeletedWallmaze&mymazerndgen": {
      "type": "data_clump",
      "key": "fields_to_fields_data_clump-./prim-_0XuVMFK8EDOniIxEL-YFwA-_H_PccFK_EDOveu40oqQH3A-frontierdeletedWallmaze&mymazerndgen",
      "probability": 1,
      "from_file_path": "./prim",
      "from_class_or_interface_name": "prim",
      "from_class_or_interface_key": "_0XuVMFK8EDOniIxEL-YFwA",
      "from_method_name": null,
      "from_method_key": null,
      "to_file_path": "./prim_modified",
      "to_class_or_interface_key": "_H_PccFK_EDOveu40oqQH3A",
      "to_class_or_interface_name": "prim",
      "to_method_key": null,
      "to_method_name": null,
      "data_clump_type": "fields_to_fields_data_clump",
      "data_clump_data": {
        "_3R2kAFK8EDOniIxEL-YFwA": {
          "key": "_3R2kAFK8EDOniIxEL-YFwA",
          "name": "frontier",
          "type": null,
          "probability": 1,
          "modifiers": [
            "protected"
          ],
          "to_variable": {
            "key": "_H_PccVK_EDOveu40oqQH3A",
            "name": "frontier",
            "type": null,
            "modifiers": [
              "protected"
            ],
            "position": {}
          },
          "position": {}
        },
        "_5HVpgFK9EDOelbTmJLku0A": {
          "key": "_5HVpgFK9EDOelbTmJLku0A",
          "name": "deletedWall",
          "type": null,
          "probability": 1,
          "modifiers": [
            "protected"
          ],
          "to_variable": {
            "key": "_H_PcclK_EDOveu40oqQH3A",
            "name": "deletedWall",
            "type": null,
            "modifiers": [
              "protected"
            ],
            "position": {}
          },
          "position": {}
        },
        "_9TVv4FK9EDOelbTmJLku0A": {
          "key": "_9TVv4FK9EDOelbTmJLku0A",
          "name": "maze",
          "type": null,
          "probability": 1,
          "modifiers": [
            "protected"
          ],
          "to_variable": {
            "key": "_H_Pcc1K_EDOveu40oqQH3A",
            "name": "maze",
            "type": null,
            "modifiers": [
              "protected"
            ],
            "position": {}
          },
          "position": {}
        },
        "_ISp9IFK-EDOelbTmJLku0A": {
          "key": "_ISp9IFK-EDOelbTmJLku0A",
          "name": "&mymaze",
          "type": null,
          "probability": 1,
          "modifiers": [
            "protected"
          ],
          "to_variable": {
            "key": "_H_PcdFK_EDOveu40oqQH3A",
            "name": "&mymaze",
            "type": null,
            "modifiers": [
              "protected"
            ],
            "position": {}
          },
          "position": {}
        },
        "_81p44FK-EDOveu40oqQH3A": {
          "key": "_81p44FK-EDOveu40oqQH3A",
          "name": "rndgen",
          "type": null,
          "probability": 1,
          "modifiers": [
            "protected"
          ],
          "to_variable": {
            "key": "_H_YmYFK_EDOveu40oqQH3A",
            "name": "rndgen",
            "type": null,
            "modifiers": [
              "protected"
            ],
            "position": {}
          },
          "position": {}
        }
      }
    },
    "fields_to_fields_data_clump-./prim_modified-_H_PccFK_EDOveu40oqQH3A-_0XuVMFK8EDOniIxEL-YFwA-frontierdeletedWallmaze&mymazerndgen": {
      "type": "data_clump",
      "key": "fields_to_fields_data_clump-./prim_modified-_H_PccFK_EDOveu40oqQH3A-_0XuVMFK8EDOniIxEL-YFwA-frontierdeletedWallmaze&mymazerndgen",
      "probability": 1,
      "from_file_path": "./prim_modified",
      "from_class_or_interface_name": "prim_modified",
      "from_class_or_interface_key": "_H_PccFK_EDOveu40oqQH3A",
      "from_method_name": null,
      "from_method_key": null,
      "to_file_path": "./prim",
      "to_class_or_interface_key": "_0XuVMFK8EDOniIxEL-YFwA",
      "to_class_or_interface_name": "prim_modified",
      "to_method_key": null,
      "to_method_name": null,
      "data_clump_type": "fields_to_fields_data_clump",
      "data_clump_data": {
        "_H_PccVK_EDOveu40oqQH3A": {
          "key": "_H_PccVK_EDOveu40oqQH3A",
          "name": "frontier",
          "type": null,
          "probability": 1,
          "modifiers": [
            "protected"
          ],
          "to_variable": {
            "key": "_3R2kAFK8EDOniIxEL-YFwA",
            "name": "frontier",
            "type": null,
            "modifiers": [
              "protected"
            ],
            "position": {}
          },
          "position": {}
        },
        "_H_PcclK_EDOveu40oqQH3A": {
          "key": "_H_PcclK_EDOveu40oqQH3A",
          "name": "deletedWall",
          "type": null,
          "probability": 1,
          "modifiers": [
            "protected"
          ],
          "to_variable": {
            "key": "_5HVpgFK9EDOelbTmJLku0A",
            "name": "deletedWall",
            "type": null,
            "modifiers": [
              "protected"
            ],
            "position": {}
          },
          "position": {}
        },
        "_H_Pcc1K_EDOveu40oqQH3A": {
          "key": "_H_Pcc1K_EDOveu40oqQH3A",
          "name": "maze",
          "type": null,
          "probability": 1,
          "modifiers": [
            "protected"
          ],
          "to_variable": {
            "key": "_9TVv4FK9EDOelbTmJLku0A",
            "name": "maze",
            "type": null,
            "modifiers": [
              "protected"
            ],
            "position": {}
          },
          "position": {}
        },
        "_H_PcdFK_EDOveu40oqQH3A": {
          "key": "_H_PcdFK_EDOveu40oqQH3A",
          "name": "&mymaze",
          "type": null,
          "probability": 1,
          "modifiers": [
            "protected"
          ],
          "to_variable": {
            "key": "_ISp9IFK-EDOelbTmJLku0A",
            "name": "&mymaze",
            "type": null,
            "modifiers": [
              "protected"
            ],
            "position": {}
          },
          "position": {}
        },
        "_H_YmYFK_EDOveu40oqQH3A": {
          "key": "_H_YmYFK_EDOveu40oqQH3A",
          "name": "rndgen",
          "type": null,
          "probability": 1,
          "modifiers": [
            "protected"
          ],
          "to_variable": {
            "key": "_81p44FK-EDOveu40oqQH3A",
            "name": "rndgen",
            "type": null,
            "modifiers": [
              "protected"
            ],
            "position": {}
          },
          "position": {}
        }
      }
    }
  }
}