{
  "report_version": "unknown",
  "report_timestamp": "2025-03-26T21:55:19.759Z",
  "target_language": "java",
  "report_summary": {
    "additional": null,
    "amount_classes_or_interfaces_with_data_clumps": 3,
    "amount_files_with_data_clumps": 3,
    "amount_methods_with_data_clumps": 0,
    "fields_to_fields_data_clump": 6,
    "parameters_to_fields_data_clump": 0,
    "parameters_to_parameters_data_clump": 0,
    "amount_data_clumps": 6
  },
  "project_info": {
    "project_url": "unknown_project_url",
    "project_name": "_Z0K-kBPnEeepM-R8YBkuKA",
    "project_version": "unknown_project_version",
    "project_commit_hash": "unknown",
    "project_tag": null,
    "project_commit_date": null,
    "additional": {},
    "number_of_files": 9,
    "number_of_classes_or_interfaces": 9,
    "number_of_methods": 0,
    "number_of_data_fields": 22,
    "number_of_method_parameters": 0
  },
  "detector": {
    "name": "data-clumps-doctor",
    "url": "https://github.com/NilsBaumgartner1994/data-clumps-doctor",
    "version": "0.1.100",
    "options": {
      "typeVariablesConsidered": false,
      "similarityModifierOfVariablesWithUnknownType": 0,
      "fieldsOfClassesWithUnknownHierarchyProbabilityModifier": 0,
      "sharedFieldsToFieldsAmountMinimum": 3,
      "analyseFieldsInClassesOrInterfacesInheritedFromSuperClassesOrInterfaces": false,
      "sharedParametersToParametersAmountMinimum": 3,
      "sharedParametersToFieldsAmountMinimum": 3,
      "methodsOfClassesOrInterfacesWithUnknownHierarchyProbabilityModifier": 0
    }
  },
  "data_clumps": {
    "fields_to_fields_data_clump-./ContaCorrenteCorporativa-_WUu5kPYiEDSLaI-C6h5zJg-_JWCgcPYgEDSLaI-C6h5zJg-AgênciaNúmerodaContaSaldo": {
      "type": "data_clump",
      "key": "fields_to_fields_data_clump-./ContaCorrenteCorporativa-_WUu5kPYiEDSLaI-C6h5zJg-_JWCgcPYgEDSLaI-C6h5zJg-AgênciaNúmerodaContaSaldo",
      "probability": 1,
      "from_file_path": "./ContaCorrenteCorporativa",
      "from_class_or_interface_name": "ContaCorrenteCorporativa",
      "from_class_or_interface_key": "_WUu5kPYiEDSLaI-C6h5zJg",
      "from_method_name": null,
      "from_method_key": null,
      "to_file_path": "./ContaEspecial",
      "to_class_or_interface_key": "_JWCgcPYgEDSLaI-C6h5zJg",
      "to_class_or_interface_name": "ContaCorrenteCorporativa",
      "to_method_key": null,
      "to_method_name": null,
      "data_clump_type": "fields_to_fields_data_clump",
      "data_clump_data": {
        "_3xiAgPYiEDSLaI-C6h5zJg": {
          "key": "_3xiAgPYiEDSLaI-C6h5zJg",
          "name": "Agência",
          "type": null,
          "probability": 1,
          "modifiers": [],
          "to_variable": {
            "key": "_Tpz2UPYgEDSLaI-C6h5zJg",
            "name": "Agência",
            "type": null,
            "modifiers": [],
            "position": {}
          },
          "position": {}
        },
        "__3Ub4PYiEDSLaI-C6h5zJg": {
          "key": "__3Ub4PYiEDSLaI-C6h5zJg",
          "name": "NúmerodaConta",
          "type": null,
          "probability": 1,
          "modifiers": [],
          "to_variable": {
            "key": "_WLcFkPYgEDSLaI-C6h5zJg",
            "name": "NúmerodaConta",
            "type": null,
            "modifiers": [],
            "position": {}
          },
          "position": {}
        },
        "_A15kAPYjEDSLaI-C6h5zJg": {
          "key": "_A15kAPYjEDSLaI-C6h5zJg",
          "name": "Saldo",
          "type": null,
          "probability": 1,
          "modifiers": [],
          "to_variable": {
            "key": "_ehETwPYgEDSLaI-C6h5zJg",
            "name": "Saldo",
            "type": null,
            "modifiers": [],
            "position": {}
          },
          "position": {}
        }
      }
    },
    "fields_to_fields_data_clump-./ContaCorrenteCorporativa-_WUu5kPYiEDSLaI-C6h5zJg-_9vFrcPYfEDSLaI-C6h5zJg-AgênciaNúmerodaContaSaldo": {
      "type": "data_clump",
      "key": "fields_to_fields_data_clump-./ContaCorrenteCorporativa-_WUu5kPYiEDSLaI-C6h5zJg-_9vFrcPYfEDSLaI-C6h5zJg-AgênciaNúmerodaContaSaldo",
      "probability": 1,
      "from_file_path": "./ContaCorrenteCorporativa",
      "from_class_or_interface_name": "ContaCorrenteCorporativa",
      "from_class_or_interface_key": "_WUu5kPYiEDSLaI-C6h5zJg",
      "from_method_name": null,
      "from_method_key": null,
      "to_file_path": "./ContaUniversitária",
      "to_class_or_interface_key": "_9vFrcPYfEDSLaI-C6h5zJg",
      "to_class_or_interface_name": "ContaCorrenteCorporativa",
      "to_method_key": null,
      "to_method_name": null,
      "data_clump_type": "fields_to_fields_data_clump",
      "data_clump_data": {
        "_3xiAgPYiEDSLaI-C6h5zJg": {
          "key": "_3xiAgPYiEDSLaI-C6h5zJg",
          "name": "Agência",
          "type": null,
          "probability": 1,
          "modifiers": [],
          "to_variable": {
            "key": "_D1J1UPYhEDSLaI-C6h5zJg",
            "name": "Agência",
            "type": null,
            "modifiers": [],
            "position": {}
          },
          "position": {}
        },
        "__3Ub4PYiEDSLaI-C6h5zJg": {
          "key": "__3Ub4PYiEDSLaI-C6h5zJg",
          "name": "NúmerodaConta",
          "type": null,
          "probability": 1,
          "modifiers": [],
          "to_variable": {
            "key": "_E6u9UPYhEDSLaI-C6h5zJg",
            "name": "NúmerodaConta",
            "type": null,
            "modifiers": [],
            "position": {}
          },
          "position": {}
        },
        "_A15kAPYjEDSLaI-C6h5zJg": {
          "key": "_A15kAPYjEDSLaI-C6h5zJg",
          "name": "Saldo",
          "type": null,
          "probability": 1,
          "modifiers": [],
          "to_variable": {
            "key": "_GhopsPYhEDSLaI-C6h5zJg",
            "name": "Saldo",
            "type": null,
            "modifiers": [],
            "position": {}
          },
          "position": {}
        }
      }
    },
    "fields_to_fields_data_clump-./ContaEspecial-_JWCgcPYgEDSLaI-C6h5zJg-_WUu5kPYiEDSLaI-C6h5zJg-AgênciaNúmerodaContaSaldo": {
      "type": "data_clump",
      "key": "fields_to_fields_data_clump-./ContaEspecial-_JWCgcPYgEDSLaI-C6h5zJg-_WUu5kPYiEDSLaI-C6h5zJg-AgênciaNúmerodaContaSaldo",
      "probability": 1,
      "from_file_path": "./ContaEspecial",
      "from_class_or_interface_name": "ContaEspecial",
      "from_class_or_interface_key": "_JWCgcPYgEDSLaI-C6h5zJg",
      "from_method_name": null,
      "from_method_key": null,
      "to_file_path": "./ContaCorrenteCorporativa",
      "to_class_or_interface_key": "_WUu5kPYiEDSLaI-C6h5zJg",
      "to_class_or_interface_name": "ContaEspecial",
      "to_method_key": null,
      "to_method_name": null,
      "data_clump_type": "fields_to_fields_data_clump",
      "data_clump_data": {
        "_Tpz2UPYgEDSLaI-C6h5zJg": {
          "key": "_Tpz2UPYgEDSLaI-C6h5zJg",
          "name": "Agência",
          "type": null,
          "probability": 1,
          "modifiers": [],
          "to_variable": {
            "key": "_3xiAgPYiEDSLaI-C6h5zJg",
            "name": "Agência",
            "type": null,
            "modifiers": [],
            "position": {}
          },
          "position": {}
        },
        "_WLcFkPYgEDSLaI-C6h5zJg": {
          "key": "_WLcFkPYgEDSLaI-C6h5zJg",
          "name": "NúmerodaConta",
          "type": null,
          "probability": 1,
          "modifiers": [],
          "to_variable": {
            "key": "__3Ub4PYiEDSLaI-C6h5zJg",
            "name": "NúmerodaConta",
            "type": null,
            "modifiers": [],
            "position": {}
          },
          "position": {}
        },
        "_ehETwPYgEDSLaI-C6h5zJg": {
          "key": "_ehETwPYgEDSLaI-C6h5zJg",
          "name": "Saldo",
          "type": null,
          "probability": 1,
          "modifiers": [],
          "to_variable": {
            "key": "_A15kAPYjEDSLaI-C6h5zJg",
            "name": "Saldo",
            "type": null,
            "modifiers": [],
            "position": {}
          },
          "position": {}
        }
      }
    },
    "fields_to_fields_data_clump-./ContaEspecial-_JWCgcPYgEDSLaI-C6h5zJg-_9vFrcPYfEDSLaI-C6h5zJg-AgênciaNúmerodaContaSaldo": {
      "type": "data_clump",
      "key": "fields_to_fields_data_clump-./ContaEspecial-_JWCgcPYgEDSLaI-C6h5zJg-_9vFrcPYfEDSLaI-C6h5zJg-AgênciaNúmerodaContaSaldo",
      "probability": 1,
      "from_file_path": "./ContaEspecial",
      "from_class_or_interface_name": "ContaEspecial",
      "from_class_or_interface_key": "_JWCgcPYgEDSLaI-C6h5zJg",
      "from_method_name": null,
      "from_method_key": null,
      "to_file_path": "./ContaUniversitária",
      "to_class_or_interface_key": "_9vFrcPYfEDSLaI-C6h5zJg",
      "to_class_or_interface_name": "ContaEspecial",
      "to_method_key": null,
      "to_method_name": null,
      "data_clump_type": "fields_to_fields_data_clump",
      "data_clump_data": {
        "_Tpz2UPYgEDSLaI-C6h5zJg": {
          "key": "_Tpz2UPYgEDSLaI-C6h5zJg",
          "name": "Agência",
          "type": null,
          "probability": 1,
          "modifiers": [],
          "to_variable": {
            "key": "_D1J1UPYhEDSLaI-C6h5zJg",
            "name": "Agência",
            "type": null,
            "modifiers": [],
            "position": {}
          },
          "position": {}
        },
        "_WLcFkPYgEDSLaI-C6h5zJg": {
          "key": "_WLcFkPYgEDSLaI-C6h5zJg",
          "name": "NúmerodaConta",
          "type": null,
          "probability": 1,
          "modifiers": [],
          "to_variable": {
            "key": "_E6u9UPYhEDSLaI-C6h5zJg",
            "name": "NúmerodaConta",
            "type": null,
            "modifiers": [],
            "position": {}
          },
          "position": {}
        },
        "_ehETwPYgEDSLaI-C6h5zJg": {
          "key": "_ehETwPYgEDSLaI-C6h5zJg",
          "name": "Saldo",
          "type": null,
          "probability": 1,
          "modifiers": [],
          "to_variable": {
            "key": "_GhopsPYhEDSLaI-C6h5zJg",
            "name": "Saldo",
            "type": null,
            "modifiers": [],
            "position": {}
          },
          "position": {}
        }
      }
    },
    "fields_to_fields_data_clump-./ContaUniversitária-_9vFrcPYfEDSLaI-C6h5zJg-_WUu5kPYiEDSLaI-C6h5zJg-AgênciaNúmerodaContaSaldo": {
      "type": "data_clump",
      "key": "fields_to_fields_data_clump-./ContaUniversitária-_9vFrcPYfEDSLaI-C6h5zJg-_WUu5kPYiEDSLaI-C6h5zJg-AgênciaNúmerodaContaSaldo",
      "probability": 1,
      "from_file_path": "./ContaUniversitária",
      "from_class_or_interface_name": "ContaUniversitária",
      "from_class_or_interface_key": "_9vFrcPYfEDSLaI-C6h5zJg",
      "from_method_name": null,
      "from_method_key": null,
      "to_file_path": "./ContaCorrenteCorporativa",
      "to_class_or_interface_key": "_WUu5kPYiEDSLaI-C6h5zJg",
      "to_class_or_interface_name": "ContaUniversitária",
      "to_method_key": null,
      "to_method_name": null,
      "data_clump_type": "fields_to_fields_data_clump",
      "data_clump_data": {
        "_D1J1UPYhEDSLaI-C6h5zJg": {
          "key": "_D1J1UPYhEDSLaI-C6h5zJg",
          "name": "Agência",
          "type": null,
          "probability": 1,
          "modifiers": [],
          "to_variable": {
            "key": "_3xiAgPYiEDSLaI-C6h5zJg",
            "name": "Agência",
            "type": null,
            "modifiers": [],
            "position": {}
          },
          "position": {}
        },
        "_E6u9UPYhEDSLaI-C6h5zJg": {
          "key": "_E6u9UPYhEDSLaI-C6h5zJg",
          "name": "NúmerodaConta",
          "type": null,
          "probability": 1,
          "modifiers": [],
          "to_variable": {
            "key": "__3Ub4PYiEDSLaI-C6h5zJg",
            "name": "NúmerodaConta",
            "type": null,
            "modifiers": [],
            "position": {}
          },
          "position": {}
        },
        "_GhopsPYhEDSLaI-C6h5zJg": {
          "key": "_GhopsPYhEDSLaI-C6h5zJg",
          "name": "Saldo",
          "type": null,
          "probability": 1,
          "modifiers": [],
          "to_variable": {
            "key": "_A15kAPYjEDSLaI-C6h5zJg",
            "name": "Saldo",
            "type": null,
            "modifiers": [],
            "position": {}
          },
          "position": {}
        }
      }
    },
    "fields_to_fields_data_clump-./ContaUniversitária-_9vFrcPYfEDSLaI-C6h5zJg-_JWCgcPYgEDSLaI-C6h5zJg-AgênciaNúmerodaContaSaldo": {
      "type": "data_clump",
      "key": "fields_to_fields_data_clump-./ContaUniversitária-_9vFrcPYfEDSLaI-C6h5zJg-_JWCgcPYgEDSLaI-C6h5zJg-AgênciaNúmerodaContaSaldo",
      "probability": 1,
      "from_file_path": "./ContaUniversitária",
      "from_class_or_interface_name": "ContaUniversitária",
      "from_class_or_interface_key": "_9vFrcPYfEDSLaI-C6h5zJg",
      "from_method_name": null,
      "from_method_key": null,
      "to_file_path": "./ContaEspecial",
      "to_class_or_interface_key": "_JWCgcPYgEDSLaI-C6h5zJg",
      "to_class_or_interface_name": "ContaUniversitária",
      "to_method_key": null,
      "to_method_name": null,
      "data_clump_type": "fields_to_fields_data_clump",
      "data_clump_data": {
        "_D1J1UPYhEDSLaI-C6h5zJg": {
          "key": "_D1J1UPYhEDSLaI-C6h5zJg",
          "name": "Agência",
          "type": null,
          "probability": 1,
          "modifiers": [],
          "to_variable": {
            "key": "_Tpz2UPYgEDSLaI-C6h5zJg",
            "name": "Agência",
            "type": null,
            "modifiers": [],
            "position": {}
          },
          "position": {}
        },
        "_E6u9UPYhEDSLaI-C6h5zJg": {
          "key": "_E6u9UPYhEDSLaI-C6h5zJg",
          "name": "NúmerodaConta",
          "type": null,
          "probability": 1,
          "modifiers": [],
          "to_variable": {
            "key": "_WLcFkPYgEDSLaI-C6h5zJg",
            "name": "NúmerodaConta",
            "type": null,
            "modifiers": [],
            "position": {}
          },
          "position": {}
        },
        "_GhopsPYhEDSLaI-C6h5zJg": {
          "key": "_GhopsPYhEDSLaI-C6h5zJg",
          "name": "Saldo",
          "type": null,
          "probability": 1,
          "modifiers": [],
          "to_variable": {
            "key": "_ehETwPYgEDSLaI-C6h5zJg",
            "name": "Saldo",
            "type": null,
            "modifiers": [],
            "position": {}
          },
          "position": {}
        }
      }
    }
  }
}