{
  "report_version": "unknown",
  "report_timestamp": "2025-03-26T21:51:32.844Z",
  "target_language": "java",
  "report_summary": {
    "additional": null,
    "amount_classes_or_interfaces_with_data_clumps": 2,
    "amount_files_with_data_clumps": 2,
    "amount_methods_with_data_clumps": 0,
    "fields_to_fields_data_clump": 2,
    "parameters_to_fields_data_clump": 0,
    "parameters_to_parameters_data_clump": 0,
    "amount_data_clumps": 2
  },
  "project_info": {
    "project_url": "unknown_project_url",
    "project_name": "78102b49-66b1-431c-bcca-1a7a342e2ed9",
    "project_version": "unknown_project_version",
    "project_commit_hash": "unknown",
    "project_tag": null,
    "project_commit_date": null,
    "additional": {},
    "number_of_files": 30,
    "number_of_classes_or_interfaces": 30,
    "number_of_methods": 10,
    "number_of_data_fields": 82,
    "number_of_method_parameters": 0
  },
  "detector": {
    "name": "data-clumps-doctor",
    "url": "https://github.com/NilsBaumgartner1994/data-clumps-doctor",
    "version": "0.1.100",
    "options": {
      "typeVariablesConsidered": false,
      "similarityModifierOfVariablesWithUnknownType": 0,
      "fieldsOfClassesWithUnknownHierarchyProbabilityModifier": 0,
      "sharedFieldsToFieldsAmountMinimum": 3,
      "analyseFieldsInClassesOrInterfacesInheritedFromSuperClassesOrInterfaces": false,
      "sharedParametersToParametersAmountMinimum": 3,
      "sharedParametersToFieldsAmountMinimum": 3,
      "methodsOfClassesOrInterfacesWithUnknownHierarchyProbabilityModifier": 0
    }
  },
  "data_clumps": {
    "fields_to_fields_data_clump-./OffreChambre-_t61mIJfFEDSswZbE5wHyAw-_pBnJsJtwEDSfUKBPp4E_zQ-property_codetotal_pricecurrencytelephoneadresseMailcaracteristiquesCodeDescription": {
      "type": "data_clump",
      "key": "fields_to_fields_data_clump-./OffreChambre-_t61mIJfFEDSswZbE5wHyAw-_pBnJsJtwEDSfUKBPp4E_zQ-property_codetotal_pricecurrencytelephoneadresseMailcaracteristiquesCodeDescription",
      "probability": 1,
      "from_file_path": "./OffreChambre",
      "from_class_or_interface_name": "OffreChambre",
      "from_class_or_interface_key": "_t61mIJfFEDSswZbE5wHyAw",
      "from_method_name": null,
      "from_method_key": null,
      "to_file_path": "./OffreChambreAmadeusAPI",
      "to_class_or_interface_key": "_pBnJsJtwEDSfUKBPp4E_zQ",
      "to_class_or_interface_name": "OffreChambre",
      "to_method_key": null,
      "to_method_name": null,
      "data_clump_type": "fields_to_fields_data_clump",
      "data_clump_data": {
        "_oMMCcJffEDSOltk_LjUTyA": {
          "key": "_oMMCcJffEDSOltk_LjUTyA",
          "name": "property_code",
          "type": null,
          "probability": 1,
          "modifiers": [
            "private"
          ],
          "to_variable": {
            "key": "_pBnJsZtwEDSfUKBPp4E_zQ",
            "name": "property_code",
            "type": null,
            "modifiers": [
              "private"
            ],
            "position": {}
          },
          "position": {}
        },
        "_5bws0JffEDSOltk_LjUTyA": {
          "key": "_5bws0JffEDSOltk_LjUTyA",
          "name": "total_price",
          "type": null,
          "probability": 1,
          "modifiers": [
            "private"
          ],
          "to_variable": {
            "key": "_pBnJsptwEDSfUKBPp4E_zQ",
            "name": "total_price",
            "type": null,
            "modifiers": [
              "private"
            ],
            "position": {}
          },
          "position": {}
        },
        "_8Js5wJffEDSOltk_LjUTyA": {
          "key": "_8Js5wJffEDSOltk_LjUTyA",
          "name": "currency",
          "type": null,
          "probability": 1,
          "modifiers": [
            "private"
          ],
          "to_variable": {
            "key": "_pBnwwJtwEDSfUKBPp4E_zQ",
            "name": "currency",
            "type": null,
            "modifiers": [
              "private"
            ],
            "position": {}
          },
          "position": {}
        },
        "_C0jBIJfgEDSOltk_LjUTyA": {
          "key": "_C0jBIJfgEDSOltk_LjUTyA",
          "name": "telephone",
          "type": null,
          "probability": 1,
          "modifiers": [
            "private"
          ],
          "to_variable": {
            "key": "_pBnwwZtwEDSfUKBPp4E_zQ",
            "name": "telephone",
            "type": null,
            "modifiers": [
              "private"
            ],
            "position": {}
          },
          "position": {}
        },
        "_FXeQ4JfgEDSOltk_LjUTyA": {
          "key": "_FXeQ4JfgEDSOltk_LjUTyA",
          "name": "adresseMail",
          "type": null,
          "probability": 1,
          "modifiers": [
            "private"
          ],
          "to_variable": {
            "key": "_pBoX0JtwEDSfUKBPp4E_zQ",
            "name": "adresseMail",
            "type": null,
            "modifiers": [
              "private"
            ],
            "position": {}
          },
          "position": {}
        },
        "_Auj6IJfiEDSOltk_LjUTyA": {
          "key": "_Auj6IJfiEDSOltk_LjUTyA",
          "name": "caracteristiquesCodeDescription",
          "type": null,
          "probability": 1,
          "modifiers": [
            "private"
          ],
          "to_variable": {
            "key": "_pBo-4JtwEDSfUKBPp4E_zQ",
            "name": "caracteristiquesCodeDescription",
            "type": null,
            "modifiers": [
              "private"
            ],
            "position": {}
          },
          "position": {}
        }
      }
    },
    "fields_to_fields_data_clump-./OffreChambreAmadeusAPI-_pBnJsJtwEDSfUKBPp4E_zQ-_t61mIJfFEDSswZbE5wHyAw-property_codetotal_pricecurrencytelephoneadresseMailcaracteristiquesCodeDescription": {
      "type": "data_clump",
      "key": "fields_to_fields_data_clump-./OffreChambreAmadeusAPI-_pBnJsJtwEDSfUKBPp4E_zQ-_t61mIJfFEDSswZbE5wHyAw-property_codetotal_pricecurrencytelephoneadresseMailcaracteristiquesCodeDescription",
      "probability": 1,
      "from_file_path": "./OffreChambreAmadeusAPI",
      "from_class_or_interface_name": "OffreChambreAmadeusAPI",
      "from_class_or_interface_key": "_pBnJsJtwEDSfUKBPp4E_zQ",
      "from_method_name": null,
      "from_method_key": null,
      "to_file_path": "./OffreChambre",
      "to_class_or_interface_key": "_t61mIJfFEDSswZbE5wHyAw",
      "to_class_or_interface_name": "OffreChambreAmadeusAPI",
      "to_method_key": null,
      "to_method_name": null,
      "data_clump_type": "fields_to_fields_data_clump",
      "data_clump_data": {
        "_pBnJsZtwEDSfUKBPp4E_zQ": {
          "key": "_pBnJsZtwEDSfUKBPp4E_zQ",
          "name": "property_code",
          "type": null,
          "probability": 1,
          "modifiers": [
            "private"
          ],
          "to_variable": {
            "key": "_oMMCcJffEDSOltk_LjUTyA",
            "name": "property_code",
            "type": null,
            "modifiers": [
              "private"
            ],
            "position": {}
          },
          "position": {}
        },
        "_pBnJsptwEDSfUKBPp4E_zQ": {
          "key": "_pBnJsptwEDSfUKBPp4E_zQ",
          "name": "total_price",
          "type": null,
          "probability": 1,
          "modifiers": [
            "private"
          ],
          "to_variable": {
            "key": "_5bws0JffEDSOltk_LjUTyA",
            "name": "total_price",
            "type": null,
            "modifiers": [
              "private"
            ],
            "position": {}
          },
          "position": {}
        },
        "_pBnwwJtwEDSfUKBPp4E_zQ": {
          "key": "_pBnwwJtwEDSfUKBPp4E_zQ",
          "name": "currency",
          "type": null,
          "probability": 1,
          "modifiers": [
            "private"
          ],
          "to_variable": {
            "key": "_8Js5wJffEDSOltk_LjUTyA",
            "name": "currency",
            "type": null,
            "modifiers": [
              "private"
            ],
            "position": {}
          },
          "position": {}
        },
        "_pBnwwZtwEDSfUKBPp4E_zQ": {
          "key": "_pBnwwZtwEDSfUKBPp4E_zQ",
          "name": "telephone",
          "type": null,
          "probability": 1,
          "modifiers": [
            "private"
          ],
          "to_variable": {
            "key": "_C0jBIJfgEDSOltk_LjUTyA",
            "name": "telephone",
            "type": null,
            "modifiers": [
              "private"
            ],
            "position": {}
          },
          "position": {}
        },
        "_pBoX0JtwEDSfUKBPp4E_zQ": {
          "key": "_pBoX0JtwEDSfUKBPp4E_zQ",
          "name": "adresseMail",
          "type": null,
          "probability": 1,
          "modifiers": [
            "private"
          ],
          "to_variable": {
            "key": "_FXeQ4JfgEDSOltk_LjUTyA",
            "name": "adresseMail",
            "type": null,
            "modifiers": [
              "private"
            ],
            "position": {}
          },
          "position": {}
        },
        "_pBo-4JtwEDSfUKBPp4E_zQ": {
          "key": "_pBo-4JtwEDSfUKBPp4E_zQ",
          "name": "caracteristiquesCodeDescription",
          "type": null,
          "probability": 1,
          "modifiers": [
            "private"
          ],
          "to_variable": {
            "key": "_Auj6IJfiEDSOltk_LjUTyA",
            "name": "caracteristiquesCodeDescription",
            "type": null,
            "modifiers": [
              "private"
            ],
            "position": {}
          },
          "position": {}
        }
      }
    }
  }
}