{
  "report_version": "unknown",
  "report_timestamp": "2025-03-26T22:54:44.446Z",
  "target_language": "java",
  "report_summary": {
    "additional": null,
    "amount_classes_or_interfaces_with_data_clumps": 2,
    "amount_files_with_data_clumps": 2,
    "amount_methods_with_data_clumps": 0,
    "fields_to_fields_data_clump": 2,
    "parameters_to_fields_data_clump": 0,
    "parameters_to_parameters_data_clump": 0,
    "amount_data_clumps": 2
  },
  "project_info": {
    "project_url": "unknown_project_url",
    "project_name": "_NLK18HdsEeeZ3IbHHpTTiA",
    "project_version": "unknown_project_version",
    "project_commit_hash": "unknown",
    "project_tag": null,
    "project_commit_date": null,
    "additional": {},
    "number_of_files": 7,
    "number_of_classes_or_interfaces": 7,
    "number_of_methods": 7,
    "number_of_data_fields": 34,
    "number_of_method_parameters": 0
  },
  "detector": {
    "name": "data-clumps-doctor",
    "url": "https://github.com/NilsBaumgartner1994/data-clumps-doctor",
    "version": "0.1.100",
    "options": {
      "typeVariablesConsidered": false,
      "similarityModifierOfVariablesWithUnknownType": 0,
      "fieldsOfClassesWithUnknownHierarchyProbabilityModifier": 0,
      "sharedFieldsToFieldsAmountMinimum": 3,
      "analyseFieldsInClassesOrInterfacesInheritedFromSuperClassesOrInterfaces": false,
      "sharedParametersToParametersAmountMinimum": 3,
      "sharedParametersToFieldsAmountMinimum": 3,
      "methodsOfClassesOrInterfacesWithUnknownHierarchyProbabilityModifier": 0
    }
  },
  "data_clumps": {
    "fields_to_fields_data_clump-./Comment-_zPGFcFmeEDWqBuqmm3SLbg-_sK-NUFmcEDWqBuqmm3SLbg-PostIDDtCreateDtUpdateCitizenTaggedCitizens": {
      "type": "data_clump",
      "key": "fields_to_fields_data_clump-./Comment-_zPGFcFmeEDWqBuqmm3SLbg-_sK-NUFmcEDWqBuqmm3SLbg-PostIDDtCreateDtUpdateCitizenTaggedCitizens",
      "probability": 1,
      "from_file_path": "./Comment",
      "from_class_or_interface_name": "Comment",
      "from_class_or_interface_key": "_zPGFcFmeEDWqBuqmm3SLbg",
      "from_method_name": null,
      "from_method_key": null,
      "to_file_path": "./Post",
      "to_class_or_interface_key": "_sK-NUFmcEDWqBuqmm3SLbg",
      "to_class_or_interface_name": "Comment",
      "to_method_key": null,
      "to_method_name": null,
      "data_clump_type": "fields_to_fields_data_clump",
      "data_clump_data": {
        "_4XoFgFmeEDWqBuqmm3SLbg": {
          "key": "_4XoFgFmeEDWqBuqmm3SLbg",
          "name": "PostID",
          "type": null,
          "probability": 1,
          "modifiers": [
            "public"
          ],
          "to_variable": {
            "key": "_u71LYFmcEDWqBuqmm3SLbg",
            "name": "PostID",
            "type": null,
            "modifiers": [
              "public"
            ],
            "position": {}
          },
          "position": {}
        },
        "_-xoUgFmeEDWqBuqmm3SLbg": {
          "key": "_-xoUgFmeEDWqBuqmm3SLbg",
          "name": "DtCreate",
          "type": null,
          "probability": 1,
          "modifiers": [
            "public"
          ],
          "to_variable": {
            "key": "_z6bMUFmcEDWqBuqmm3SLbg",
            "name": "DtCreate",
            "type": null,
            "modifiers": [
              "public"
            ],
            "position": {}
          },
          "position": {}
        },
        "_Av5YAFmfEDWqBuqmm3SLbg": {
          "key": "_Av5YAFmfEDWqBuqmm3SLbg",
          "name": "DtUpdate",
          "type": null,
          "probability": 1,
          "modifiers": [
            "public"
          ],
          "to_variable": {
            "key": "_22mCgFmcEDWqBuqmm3SLbg",
            "name": "DtUpdate",
            "type": null,
            "modifiers": [
              "public"
            ],
            "position": {}
          },
          "position": {}
        },
        "_MmSXMFmfEDWqBuqmm3SLbg": {
          "key": "_MmSXMFmfEDWqBuqmm3SLbg",
          "name": "Citizen",
          "type": null,
          "probability": 1,
          "modifiers": [
            "public"
          ],
          "to_variable": {
            "key": "_IoIKcFmdEDWqBuqmm3SLbg",
            "name": "Citizen",
            "type": null,
            "modifiers": [
              "public"
            ],
            "position": {}
          },
          "position": {}
        },
        "_OfZN4FmfEDWqBuqmm3SLbg": {
          "key": "_OfZN4FmfEDWqBuqmm3SLbg",
          "name": "TaggedCitizens",
          "type": null,
          "probability": 1,
          "modifiers": [
            "public"
          ],
          "to_variable": {
            "key": "_LqTiAFmdEDWqBuqmm3SLbg",
            "name": "TaggedCitizens",
            "type": null,
            "modifiers": [
              "public"
            ],
            "position": {}
          },
          "position": {}
        }
      }
    },
    "fields_to_fields_data_clump-./Post-_sK-NUFmcEDWqBuqmm3SLbg-_zPGFcFmeEDWqBuqmm3SLbg-PostIDDtCreateDtUpdateCitizenTaggedCitizens": {
      "type": "data_clump",
      "key": "fields_to_fields_data_clump-./Post-_sK-NUFmcEDWqBuqmm3SLbg-_zPGFcFmeEDWqBuqmm3SLbg-PostIDDtCreateDtUpdateCitizenTaggedCitizens",
      "probability": 1,
      "from_file_path": "./Post",
      "from_class_or_interface_name": "Post",
      "from_class_or_interface_key": "_sK-NUFmcEDWqBuqmm3SLbg",
      "from_method_name": null,
      "from_method_key": null,
      "to_file_path": "./Comment",
      "to_class_or_interface_key": "_zPGFcFmeEDWqBuqmm3SLbg",
      "to_class_or_interface_name": "Post",
      "to_method_key": null,
      "to_method_name": null,
      "data_clump_type": "fields_to_fields_data_clump",
      "data_clump_data": {
        "_u71LYFmcEDWqBuqmm3SLbg": {
          "key": "_u71LYFmcEDWqBuqmm3SLbg",
          "name": "PostID",
          "type": null,
          "probability": 1,
          "modifiers": [
            "public"
          ],
          "to_variable": {
            "key": "_4XoFgFmeEDWqBuqmm3SLbg",
            "name": "PostID",
            "type": null,
            "modifiers": [
              "public"
            ],
            "position": {}
          },
          "position": {}
        },
        "_z6bMUFmcEDWqBuqmm3SLbg": {
          "key": "_z6bMUFmcEDWqBuqmm3SLbg",
          "name": "DtCreate",
          "type": null,
          "probability": 1,
          "modifiers": [
            "public"
          ],
          "to_variable": {
            "key": "_-xoUgFmeEDWqBuqmm3SLbg",
            "name": "DtCreate",
            "type": null,
            "modifiers": [
              "public"
            ],
            "position": {}
          },
          "position": {}
        },
        "_22mCgFmcEDWqBuqmm3SLbg": {
          "key": "_22mCgFmcEDWqBuqmm3SLbg",
          "name": "DtUpdate",
          "type": null,
          "probability": 1,
          "modifiers": [
            "public"
          ],
          "to_variable": {
            "key": "_Av5YAFmfEDWqBuqmm3SLbg",
            "name": "DtUpdate",
            "type": null,
            "modifiers": [
              "public"
            ],
            "position": {}
          },
          "position": {}
        },
        "_IoIKcFmdEDWqBuqmm3SLbg": {
          "key": "_IoIKcFmdEDWqBuqmm3SLbg",
          "name": "Citizen",
          "type": null,
          "probability": 1,
          "modifiers": [
            "public"
          ],
          "to_variable": {
            "key": "_MmSXMFmfEDWqBuqmm3SLbg",
            "name": "Citizen",
            "type": null,
            "modifiers": [
              "public"
            ],
            "position": {}
          },
          "position": {}
        },
        "_LqTiAFmdEDWqBuqmm3SLbg": {
          "key": "_LqTiAFmdEDWqBuqmm3SLbg",
          "name": "TaggedCitizens",
          "type": null,
          "probability": 1,
          "modifiers": [
            "public"
          ],
          "to_variable": {
            "key": "_OfZN4FmfEDWqBuqmm3SLbg",
            "name": "TaggedCitizens",
            "type": null,
            "modifiers": [
              "public"
            ],
            "position": {}
          },
          "position": {}
        }
      }
    }
  }
}