{
  "report_version": "unknown",
  "report_timestamp": "2025-03-26T23:07:52.990Z",
  "target_language": "java",
  "report_summary": {
    "additional": null,
    "amount_classes_or_interfaces_with_data_clumps": 4,
    "amount_files_with_data_clumps": 4,
    "amount_methods_with_data_clumps": 0,
    "fields_to_fields_data_clump": 4,
    "parameters_to_fields_data_clump": 0,
    "parameters_to_parameters_data_clump": 0,
    "amount_data_clumps": 4
  },
  "project_info": {
    "project_url": "unknown_project_url",
    "project_name": "_pbK60FzZEeS18qaWE5MM-A",
    "project_version": "unknown_project_version",
    "project_commit_hash": "unknown",
    "project_tag": null,
    "project_commit_date": null,
    "additional": {},
    "number_of_files": 24,
    "number_of_classes_or_interfaces": 24,
    "number_of_methods": 0,
    "number_of_data_fields": 71,
    "number_of_method_parameters": 0
  },
  "detector": {
    "name": "data-clumps-doctor",
    "url": "https://github.com/NilsBaumgartner1994/data-clumps-doctor",
    "version": "0.1.100",
    "options": {
      "typeVariablesConsidered": false,
      "similarityModifierOfVariablesWithUnknownType": 0,
      "fieldsOfClassesWithUnknownHierarchyProbabilityModifier": 0,
      "sharedFieldsToFieldsAmountMinimum": 3,
      "analyseFieldsInClassesOrInterfacesInheritedFromSuperClassesOrInterfaces": false,
      "sharedParametersToParametersAmountMinimum": 3,
      "sharedParametersToFieldsAmountMinimum": 3,
      "methodsOfClassesOrInterfacesWithUnknownHierarchyProbabilityModifier": 0
    }
  },
  "data_clumps": {
    "fields_to_fields_data_clump-./exam-_IGnJIFVuEDKtbfa096HmiA-_n-SnoD8NEDK9h4P36q0Fcg-questions_countallowed_retakes_counthas_negative_pointsquestions_max_timeshow_timequestions_orderallow_rechecking": {
      "type": "data_clump",
      "key": "fields_to_fields_data_clump-./exam-_IGnJIFVuEDKtbfa096HmiA-_n-SnoD8NEDK9h4P36q0Fcg-questions_countallowed_retakes_counthas_negative_pointsquestions_max_timeshow_timequestions_orderallow_rechecking",
      "probability": 1,
      "from_file_path": "./exam",
      "from_class_or_interface_name": "exam",
      "from_class_or_interface_key": "_IGnJIFVuEDKtbfa096HmiA",
      "from_method_name": null,
      "from_method_key": null,
      "to_file_path": "./quizzes",
      "to_class_or_interface_key": "_n-SnoD8NEDK9h4P36q0Fcg",
      "to_class_or_interface_name": "exam",
      "to_method_key": null,
      "to_method_name": null,
      "data_clump_type": "fields_to_fields_data_clump",
      "data_clump_data": {
        "_MXz4kFVuEDKtbfa096HmiA": {
          "key": "_MXz4kFVuEDKtbfa096HmiA",
          "name": "questions_count",
          "type": null,
          "probability": 1,
          "modifiers": [],
          "to_variable": {
            "key": "_3AsysD8UEDK9h4P36q0Fcg",
            "name": "questions_count",
            "type": null,
            "modifiers": [],
            "position": {}
          },
          "position": {}
        },
        "_MX1GsFVuEDKtbfa096HmiA": {
          "key": "_MX1GsFVuEDKtbfa096HmiA",
          "name": "allowed_retakes_count",
          "type": null,
          "probability": 1,
          "modifiers": [],
          "to_variable": {
            "key": "_LGxwID8VEDK9h4P36q0Fcg",
            "name": "allowed_retakes_count",
            "type": null,
            "modifiers": [],
            "position": {}
          },
          "position": {}
        },
        "_MX2U0VVuEDKtbfa096HmiA": {
          "key": "_MX2U0VVuEDKtbfa096HmiA",
          "name": "has_negative_points",
          "type": null,
          "probability": 1,
          "modifiers": [],
          "to_variable": {
            "key": "_U3gDUD8VEDK9h4P36q0Fcg",
            "name": "has_negative_points",
            "type": null,
            "modifiers": [],
            "position": {}
          },
          "position": {}
        },
        "_MX2U0lVuEDKtbfa096HmiA": {
          "key": "_MX2U0lVuEDKtbfa096HmiA",
          "name": "questions_max_time",
          "type": null,
          "probability": 1,
          "modifiers": [],
          "to_variable": {
            "key": "_9tlE8D8VEDK9h4P36q0Fcg",
            "name": "questions_max_time",
            "type": null,
            "modifiers": [],
            "position": {}
          },
          "position": {}
        },
        "_MX274FVuEDKtbfa096HmiA": {
          "key": "_MX274FVuEDKtbfa096HmiA",
          "name": "show_time",
          "type": null,
          "probability": 1,
          "modifiers": [],
          "to_variable": {
            "key": "_DlyOcD8WEDK9h4P36q0Fcg",
            "name": "show_time",
            "type": null,
            "modifiers": [],
            "position": {}
          },
          "position": {}
        },
        "_MX274VVuEDKtbfa096HmiA": {
          "key": "_MX274VVuEDKtbfa096HmiA",
          "name": "questions_order",
          "type": null,
          "probability": 1,
          "modifiers": [],
          "to_variable": {
            "key": "_EoJqYD8WEDK9h4P36q0Fcg",
            "name": "questions_order",
            "type": null,
            "modifiers": [],
            "position": {}
          },
          "position": {}
        },
        "_MX274lVuEDKtbfa096HmiA": {
          "key": "_MX274lVuEDKtbfa096HmiA",
          "name": "allow_rechecking",
          "type": null,
          "probability": 1,
          "modifiers": [],
          "to_variable": {
            "key": "_JE_CED8WEDK9h4P36q0Fcg",
            "name": "allow_rechecking",
            "type": null,
            "modifiers": [],
            "position": {}
          },
          "position": {}
        }
      }
    },
    "fields_to_fields_data_clump-./feedbacks-_LpnIEFVpEDKtbfa096HmiA-_9JMyoFVoEDKtbfa096HmiA-titletextprof_iduser_id": {
      "type": "data_clump",
      "key": "fields_to_fields_data_clump-./feedbacks-_LpnIEFVpEDKtbfa096HmiA-_9JMyoFVoEDKtbfa096HmiA-titletextprof_iduser_id",
      "probability": 1,
      "from_file_path": "./feedbacks",
      "from_class_or_interface_name": "feedbacks",
      "from_class_or_interface_key": "_LpnIEFVpEDKtbfa096HmiA",
      "from_method_name": null,
      "from_method_key": null,
      "to_file_path": "./reports",
      "to_class_or_interface_key": "_9JMyoFVoEDKtbfa096HmiA",
      "to_class_or_interface_name": "feedbacks",
      "to_method_key": null,
      "to_method_name": null,
      "data_clump_type": "fields_to_fields_data_clump",
      "data_clump_data": {
        "_ziIqYFVrEDKtbfa096HmiA": {
          "key": "_ziIqYFVrEDKtbfa096HmiA",
          "name": "title",
          "type": null,
          "probability": 1,
          "modifiers": [],
          "to_variable": {
            "key": "_C8iDMFVpEDKtbfa096HmiA",
            "name": "title",
            "type": null,
            "modifiers": [],
            "position": {}
          },
          "position": {}
        },
        "_-Ns1MFVrEDKtbfa096HmiA": {
          "key": "_-Ns1MFVrEDKtbfa096HmiA",
          "name": "text",
          "type": null,
          "probability": 1,
          "modifiers": [],
          "to_variable": {
            "key": "_BbH60FVpEDKtbfa096HmiA",
            "name": "text",
            "type": null,
            "modifiers": [],
            "position": {}
          },
          "position": {}
        },
        "_B9kZMFVsEDKtbfa096HmiA": {
          "key": "_B9kZMFVsEDKtbfa096HmiA",
          "name": "prof_id",
          "type": null,
          "probability": 1,
          "modifiers": [],
          "to_variable": {
            "key": "_-QACoFVoEDKtbfa096HmiA",
            "name": "prof_id",
            "type": null,
            "modifiers": [],
            "position": {}
          },
          "position": {}
        },
        "_IL48oFVsEDKtbfa096HmiA": {
          "key": "_IL48oFVsEDKtbfa096HmiA",
          "name": "user_id",
          "type": null,
          "probability": 1,
          "modifiers": [],
          "to_variable": {
            "key": "__GbUUFVoEDKtbfa096HmiA",
            "name": "user_id",
            "type": null,
            "modifiers": [],
            "position": {}
          },
          "position": {}
        }
      }
    },
    "fields_to_fields_data_clump-./quizzes-_n-SnoD8NEDK9h4P36q0Fcg-_IGnJIFVuEDKtbfa096HmiA-questions_countallowed_retakes_counthas_negative_pointsquestions_max_timeshow_timequestions_orderallow_rechecking": {
      "type": "data_clump",
      "key": "fields_to_fields_data_clump-./quizzes-_n-SnoD8NEDK9h4P36q0Fcg-_IGnJIFVuEDKtbfa096HmiA-questions_countallowed_retakes_counthas_negative_pointsquestions_max_timeshow_timequestions_orderallow_rechecking",
      "probability": 1,
      "from_file_path": "./quizzes",
      "from_class_or_interface_name": "quizzes",
      "from_class_or_interface_key": "_n-SnoD8NEDK9h4P36q0Fcg",
      "from_method_name": null,
      "from_method_key": null,
      "to_file_path": "./exam",
      "to_class_or_interface_key": "_IGnJIFVuEDKtbfa096HmiA",
      "to_class_or_interface_name": "quizzes",
      "to_method_key": null,
      "to_method_name": null,
      "data_clump_type": "fields_to_fields_data_clump",
      "data_clump_data": {
        "_3AsysD8UEDK9h4P36q0Fcg": {
          "key": "_3AsysD8UEDK9h4P36q0Fcg",
          "name": "questions_count",
          "type": null,
          "probability": 1,
          "modifiers": [],
          "to_variable": {
            "key": "_MXz4kFVuEDKtbfa096HmiA",
            "name": "questions_count",
            "type": null,
            "modifiers": [],
            "position": {}
          },
          "position": {}
        },
        "_LGxwID8VEDK9h4P36q0Fcg": {
          "key": "_LGxwID8VEDK9h4P36q0Fcg",
          "name": "allowed_retakes_count",
          "type": null,
          "probability": 1,
          "modifiers": [],
          "to_variable": {
            "key": "_MX1GsFVuEDKtbfa096HmiA",
            "name": "allowed_retakes_count",
            "type": null,
            "modifiers": [],
            "position": {}
          },
          "position": {}
        },
        "_U3gDUD8VEDK9h4P36q0Fcg": {
          "key": "_U3gDUD8VEDK9h4P36q0Fcg",
          "name": "has_negative_points",
          "type": null,
          "probability": 1,
          "modifiers": [],
          "to_variable": {
            "key": "_MX2U0VVuEDKtbfa096HmiA",
            "name": "has_negative_points",
            "type": null,
            "modifiers": [],
            "position": {}
          },
          "position": {}
        },
        "_9tlE8D8VEDK9h4P36q0Fcg": {
          "key": "_9tlE8D8VEDK9h4P36q0Fcg",
          "name": "questions_max_time",
          "type": null,
          "probability": 1,
          "modifiers": [],
          "to_variable": {
            "key": "_MX2U0lVuEDKtbfa096HmiA",
            "name": "questions_max_time",
            "type": null,
            "modifiers": [],
            "position": {}
          },
          "position": {}
        },
        "_DlyOcD8WEDK9h4P36q0Fcg": {
          "key": "_DlyOcD8WEDK9h4P36q0Fcg",
          "name": "show_time",
          "type": null,
          "probability": 1,
          "modifiers": [],
          "to_variable": {
            "key": "_MX274FVuEDKtbfa096HmiA",
            "name": "show_time",
            "type": null,
            "modifiers": [],
            "position": {}
          },
          "position": {}
        },
        "_EoJqYD8WEDK9h4P36q0Fcg": {
          "key": "_EoJqYD8WEDK9h4P36q0Fcg",
          "name": "questions_order",
          "type": null,
          "probability": 1,
          "modifiers": [],
          "to_variable": {
            "key": "_MX274VVuEDKtbfa096HmiA",
            "name": "questions_order",
            "type": null,
            "modifiers": [],
            "position": {}
          },
          "position": {}
        },
        "_JE_CED8WEDK9h4P36q0Fcg": {
          "key": "_JE_CED8WEDK9h4P36q0Fcg",
          "name": "allow_rechecking",
          "type": null,
          "probability": 1,
          "modifiers": [],
          "to_variable": {
            "key": "_MX274lVuEDKtbfa096HmiA",
            "name": "allow_rechecking",
            "type": null,
            "modifiers": [],
            "position": {}
          },
          "position": {}
        }
      }
    },
    "fields_to_fields_data_clump-./reports-_9JMyoFVoEDKtbfa096HmiA-_LpnIEFVpEDKtbfa096HmiA-prof_iduser_idtexttitle": {
      "type": "data_clump",
      "key": "fields_to_fields_data_clump-./reports-_9JMyoFVoEDKtbfa096HmiA-_LpnIEFVpEDKtbfa096HmiA-prof_iduser_idtexttitle",
      "probability": 1,
      "from_file_path": "./reports",
      "from_class_or_interface_name": "reports",
      "from_class_or_interface_key": "_9JMyoFVoEDKtbfa096HmiA",
      "from_method_name": null,
      "from_method_key": null,
      "to_file_path": "./feedbacks",
      "to_class_or_interface_key": "_LpnIEFVpEDKtbfa096HmiA",
      "to_class_or_interface_name": "reports",
      "to_method_key": null,
      "to_method_name": null,
      "data_clump_type": "fields_to_fields_data_clump",
      "data_clump_data": {
        "_-QACoFVoEDKtbfa096HmiA": {
          "key": "_-QACoFVoEDKtbfa096HmiA",
          "name": "prof_id",
          "type": null,
          "probability": 1,
          "modifiers": [],
          "to_variable": {
            "key": "_B9kZMFVsEDKtbfa096HmiA",
            "name": "prof_id",
            "type": null,
            "modifiers": [],
            "position": {}
          },
          "position": {}
        },
        "__GbUUFVoEDKtbfa096HmiA": {
          "key": "__GbUUFVoEDKtbfa096HmiA",
          "name": "user_id",
          "type": null,
          "probability": 1,
          "modifiers": [],
          "to_variable": {
            "key": "_IL48oFVsEDKtbfa096HmiA",
            "name": "user_id",
            "type": null,
            "modifiers": [],
            "position": {}
          },
          "position": {}
        },
        "_BbH60FVpEDKtbfa096HmiA": {
          "key": "_BbH60FVpEDKtbfa096HmiA",
          "name": "text",
          "type": null,
          "probability": 1,
          "modifiers": [],
          "to_variable": {
            "key": "_-Ns1MFVrEDKtbfa096HmiA",
            "name": "text",
            "type": null,
            "modifiers": [],
            "position": {}
          },
          "position": {}
        },
        "_C8iDMFVpEDKtbfa096HmiA": {
          "key": "_C8iDMFVpEDKtbfa096HmiA",
          "name": "title",
          "type": null,
          "probability": 1,
          "modifiers": [],
          "to_variable": {
            "key": "_ziIqYFVrEDKtbfa096HmiA",
            "name": "title",
            "type": null,
            "modifiers": [],
            "position": {}
          },
          "position": {}
        }
      }
    }
  }
}