{
  "report_version": "unknown",
  "report_timestamp": "2025-03-26T22:58:05.177Z",
  "target_language": "java",
  "report_summary": {
    "additional": null,
    "amount_classes_or_interfaces_with_data_clumps": 2,
    "amount_files_with_data_clumps": 2,
    "amount_methods_with_data_clumps": 0,
    "fields_to_fields_data_clump": 2,
    "parameters_to_fields_data_clump": 0,
    "parameters_to_parameters_data_clump": 0,
    "amount_data_clumps": 2
  },
  "project_info": {
    "project_url": "unknown_project_url",
    "project_name": "3bbdeaa6-fbcd-4495-b076-50240d289c24",
    "project_version": "unknown_project_version",
    "project_commit_hash": "unknown",
    "project_tag": null,
    "project_commit_date": null,
    "additional": {},
    "number_of_files": 20,
    "number_of_classes_or_interfaces": 20,
    "number_of_methods": 10,
    "number_of_data_fields": 10,
    "number_of_method_parameters": 2
  },
  "detector": {
    "name": "data-clumps-doctor",
    "url": "https://github.com/NilsBaumgartner1994/data-clumps-doctor",
    "version": "0.1.100",
    "options": {
      "typeVariablesConsidered": false,
      "similarityModifierOfVariablesWithUnknownType": 0,
      "fieldsOfClassesWithUnknownHierarchyProbabilityModifier": 0,
      "sharedFieldsToFieldsAmountMinimum": 3,
      "analyseFieldsInClassesOrInterfacesInheritedFromSuperClassesOrInterfaces": false,
      "sharedParametersToParametersAmountMinimum": 3,
      "sharedParametersToFieldsAmountMinimum": 3,
      "methodsOfClassesOrInterfacesWithUnknownHierarchyProbabilityModifier": 0
    }
  },
  "data_clumps": {
    "fields_to_fields_data_clump-./ClassA-_OSyEgL86EDKMPtQ2nVIA3w-_h7-RoL86EDKMPtQ2nVIA3w-publicAttributeprivateAttributeprotectedAttributepackageAttribute": {
      "type": "data_clump",
      "key": "fields_to_fields_data_clump-./ClassA-_OSyEgL86EDKMPtQ2nVIA3w-_h7-RoL86EDKMPtQ2nVIA3w-publicAttributeprivateAttributeprotectedAttributepackageAttribute",
      "probability": 1,
      "from_file_path": "./ClassA",
      "from_class_or_interface_name": "ClassA",
      "from_class_or_interface_key": "_OSyEgL86EDKMPtQ2nVIA3w",
      "from_method_name": null,
      "from_method_key": null,
      "to_file_path": "./ClassC",
      "to_class_or_interface_key": "_h7-RoL86EDKMPtQ2nVIA3w",
      "to_class_or_interface_name": "ClassA",
      "to_method_key": null,
      "to_method_name": null,
      "data_clump_type": "fields_to_fields_data_clump",
      "data_clump_data": {
        "_Pi0wEL86EDKMPtQ2nVIA3w": {
          "key": "_Pi0wEL86EDKMPtQ2nVIA3w",
          "name": "publicAttribute",
          "type": null,
          "probability": 1,
          "modifiers": [],
          "to_variable": {
            "key": "_ip5uoL86EDKMPtQ2nVIA3w",
            "name": "publicAttribute",
            "type": null,
            "modifiers": [],
            "position": {}
          },
          "position": {}
        },
        "_QdhdwL86EDKMPtQ2nVIA3w": {
          "key": "_QdhdwL86EDKMPtQ2nVIA3w",
          "name": "privateAttribute",
          "type": null,
          "probability": 1,
          "modifiers": [
            "private"
          ],
          "to_variable": {
            "key": "_ip5uob86EDKMPtQ2nVIA3w",
            "name": "privateAttribute",
            "type": null,
            "modifiers": [
              "private"
            ],
            "position": {}
          },
          "position": {}
        },
        "_R_52gL86EDKMPtQ2nVIA3w": {
          "key": "_R_52gL86EDKMPtQ2nVIA3w",
          "name": "protectedAttribute",
          "type": null,
          "probability": 1,
          "modifiers": [
            "protected"
          ],
          "to_variable": {
            "key": "_ip6VsL86EDKMPtQ2nVIA3w",
            "name": "protectedAttribute",
            "type": null,
            "modifiers": [
              "protected"
            ],
            "position": {}
          },
          "position": {}
        },
        "_VDUkML86EDKMPtQ2nVIA3w": {
          "key": "_VDUkML86EDKMPtQ2nVIA3w",
          "name": "packageAttribute",
          "type": null,
          "probability": 1,
          "modifiers": [
            "package"
          ],
          "to_variable": {
            "key": "_ip6Vsb86EDKMPtQ2nVIA3w",
            "name": "packageAttribute",
            "type": null,
            "modifiers": [
              "package"
            ],
            "position": {}
          },
          "position": {}
        }
      }
    },
    "fields_to_fields_data_clump-./ClassC-_h7-RoL86EDKMPtQ2nVIA3w-_OSyEgL86EDKMPtQ2nVIA3w-publicAttributeprivateAttributeprotectedAttributepackageAttribute": {
      "type": "data_clump",
      "key": "fields_to_fields_data_clump-./ClassC-_h7-RoL86EDKMPtQ2nVIA3w-_OSyEgL86EDKMPtQ2nVIA3w-publicAttributeprivateAttributeprotectedAttributepackageAttribute",
      "probability": 1,
      "from_file_path": "./ClassC",
      "from_class_or_interface_name": "ClassC",
      "from_class_or_interface_key": "_h7-RoL86EDKMPtQ2nVIA3w",
      "from_method_name": null,
      "from_method_key": null,
      "to_file_path": "./ClassA",
      "to_class_or_interface_key": "_OSyEgL86EDKMPtQ2nVIA3w",
      "to_class_or_interface_name": "ClassC",
      "to_method_key": null,
      "to_method_name": null,
      "data_clump_type": "fields_to_fields_data_clump",
      "data_clump_data": {
        "_ip5uoL86EDKMPtQ2nVIA3w": {
          "key": "_ip5uoL86EDKMPtQ2nVIA3w",
          "name": "publicAttribute",
          "type": null,
          "probability": 1,
          "modifiers": [],
          "to_variable": {
            "key": "_Pi0wEL86EDKMPtQ2nVIA3w",
            "name": "publicAttribute",
            "type": null,
            "modifiers": [],
            "position": {}
          },
          "position": {}
        },
        "_ip5uob86EDKMPtQ2nVIA3w": {
          "key": "_ip5uob86EDKMPtQ2nVIA3w",
          "name": "privateAttribute",
          "type": null,
          "probability": 1,
          "modifiers": [
            "private"
          ],
          "to_variable": {
            "key": "_QdhdwL86EDKMPtQ2nVIA3w",
            "name": "privateAttribute",
            "type": null,
            "modifiers": [
              "private"
            ],
            "position": {}
          },
          "position": {}
        },
        "_ip6VsL86EDKMPtQ2nVIA3w": {
          "key": "_ip6VsL86EDKMPtQ2nVIA3w",
          "name": "protectedAttribute",
          "type": null,
          "probability": 1,
          "modifiers": [
            "protected"
          ],
          "to_variable": {
            "key": "_R_52gL86EDKMPtQ2nVIA3w",
            "name": "protectedAttribute",
            "type": null,
            "modifiers": [
              "protected"
            ],
            "position": {}
          },
          "position": {}
        },
        "_ip6Vsb86EDKMPtQ2nVIA3w": {
          "key": "_ip6Vsb86EDKMPtQ2nVIA3w",
          "name": "packageAttribute",
          "type": null,
          "probability": 1,
          "modifiers": [
            "package"
          ],
          "to_variable": {
            "key": "_VDUkML86EDKMPtQ2nVIA3w",
            "name": "packageAttribute",
            "type": null,
            "modifiers": [
              "package"
            ],
            "position": {}
          },
          "position": {}
        }
      }
    }
  }
}