{
  "report_version": "unknown",
  "report_timestamp": "2025-03-26T22:55:30.744Z",
  "target_language": "java",
  "report_summary": {
    "additional": null,
    "amount_classes_or_interfaces_with_data_clumps": 5,
    "amount_files_with_data_clumps": 5,
    "amount_methods_with_data_clumps": 0,
    "fields_to_fields_data_clump": 6,
    "parameters_to_fields_data_clump": 0,
    "parameters_to_parameters_data_clump": 0,
    "amount_data_clumps": 6
  },
  "project_info": {
    "project_url": "unknown_project_url",
    "project_name": "_alaDEH6cEeSjmpgzNurH7A",
    "project_version": "unknown_project_version",
    "project_commit_hash": "unknown",
    "project_tag": null,
    "project_commit_date": null,
    "additional": {},
    "number_of_files": 12,
    "number_of_classes_or_interfaces": 12,
    "number_of_methods": 0,
    "number_of_data_fields": 88,
    "number_of_method_parameters": 0
  },
  "detector": {
    "name": "data-clumps-doctor",
    "url": "https://github.com/NilsBaumgartner1994/data-clumps-doctor",
    "version": "0.1.100",
    "options": {
      "typeVariablesConsidered": false,
      "similarityModifierOfVariablesWithUnknownType": 0,
      "fieldsOfClassesWithUnknownHierarchyProbabilityModifier": 0,
      "sharedFieldsToFieldsAmountMinimum": 3,
      "analyseFieldsInClassesOrInterfacesInheritedFromSuperClassesOrInterfaces": false,
      "sharedParametersToParametersAmountMinimum": 3,
      "sharedParametersToFieldsAmountMinimum": 3,
      "methodsOfClassesOrInterfacesWithUnknownHierarchyProbabilityModifier": 0
    }
  },
  "data_clumps": {
    "fields_to_fields_data_clump-./ALLRELATEDDOCUMENT-_KSCuUGfXEDKcYf-WqOAibA-_u7BWAGfaEDKcYf-WqOAibA-Case_IDVictim_IDMedicalExamination_IDSuspected_trafficker_ID": {
      "type": "data_clump",
      "key": "fields_to_fields_data_clump-./ALLRELATEDDOCUMENT-_KSCuUGfXEDKcYf-WqOAibA-_u7BWAGfaEDKcYf-WqOAibA-Case_IDVictim_IDMedicalExamination_IDSuspected_trafficker_ID",
      "probability": 1,
      "from_file_path": "./ALLRELATEDDOCUMENT",
      "from_class_or_interface_name": "ALLRELATEDDOCUMENT",
      "from_class_or_interface_key": "_KSCuUGfXEDKcYf-WqOAibA",
      "from_method_name": null,
      "from_method_key": null,
      "to_file_path": "./CONTACTINFORMATION",
      "to_class_or_interface_key": "_u7BWAGfaEDKcYf-WqOAibA",
      "to_class_or_interface_name": "ALLRELATEDDOCUMENT",
      "to_method_key": null,
      "to_method_name": null,
      "data_clump_type": "fields_to_fields_data_clump",
      "data_clump_data": {
        "_KSEjgGfXEDKcYf-WqOAibA": {
          "key": "_KSEjgGfXEDKcYf-WqOAibA",
          "name": "Case_ID",
          "type": null,
          "probability": 1,
          "modifiers": [],
          "to_variable": {
            "key": "_u7DLMGfaEDKcYf-WqOAibA",
            "name": "Case_ID",
            "type": null,
            "modifiers": [],
            "position": {}
          },
          "position": {}
        },
        "_KSFxoGfXEDKcYf-WqOAibA": {
          "key": "_KSFxoGfXEDKcYf-WqOAibA",
          "name": "Victim_ID",
          "type": null,
          "probability": 1,
          "modifiers": [],
          "to_variable": {
            "key": "_u7DyQGfaEDKcYf-WqOAibA",
            "name": "Victim_ID",
            "type": null,
            "modifiers": [],
            "position": {}
          },
          "position": {}
        },
        "_KSFxoWfXEDKcYf-WqOAibA": {
          "key": "_KSFxoWfXEDKcYf-WqOAibA",
          "name": "MedicalExamination_ID",
          "type": null,
          "probability": 1,
          "modifiers": [],
          "to_variable": {
            "key": "_u7EZUGfaEDKcYf-WqOAibA",
            "name": "MedicalExamination_ID",
            "type": null,
            "modifiers": [],
            "position": {}
          },
          "position": {}
        },
        "_m6ywEGfaEDKcYf-WqOAibA": {
          "key": "_m6ywEGfaEDKcYf-WqOAibA",
          "name": "Suspected_trafficker_ID",
          "type": null,
          "probability": 1,
          "modifiers": [],
          "to_variable": {
            "key": "_u7GOgGfaEDKcYf-WqOAibA",
            "name": "Suspected_trafficker_ID",
            "type": null,
            "modifiers": [],
            "position": {}
          },
          "position": {}
        }
      }
    },
    "fields_to_fields_data_clump-./CONTACTINFORMATION-_u7BWAGfaEDKcYf-WqOAibA-_KSCuUGfXEDKcYf-WqOAibA-Case_IDVictim_IDMedicalExamination_IDSuspected_trafficker_ID": {
      "type": "data_clump",
      "key": "fields_to_fields_data_clump-./CONTACTINFORMATION-_u7BWAGfaEDKcYf-WqOAibA-_KSCuUGfXEDKcYf-WqOAibA-Case_IDVictim_IDMedicalExamination_IDSuspected_trafficker_ID",
      "probability": 1,
      "from_file_path": "./CONTACTINFORMATION",
      "from_class_or_interface_name": "CONTACTINFORMATION",
      "from_class_or_interface_key": "_u7BWAGfaEDKcYf-WqOAibA",
      "from_method_name": null,
      "from_method_key": null,
      "to_file_path": "./ALLRELATEDDOCUMENT",
      "to_class_or_interface_key": "_KSCuUGfXEDKcYf-WqOAibA",
      "to_class_or_interface_name": "CONTACTINFORMATION",
      "to_method_key": null,
      "to_method_name": null,
      "data_clump_type": "fields_to_fields_data_clump",
      "data_clump_data": {
        "_u7DLMGfaEDKcYf-WqOAibA": {
          "key": "_u7DLMGfaEDKcYf-WqOAibA",
          "name": "Case_ID",
          "type": null,
          "probability": 1,
          "modifiers": [],
          "to_variable": {
            "key": "_KSEjgGfXEDKcYf-WqOAibA",
            "name": "Case_ID",
            "type": null,
            "modifiers": [],
            "position": {}
          },
          "position": {}
        },
        "_u7DyQGfaEDKcYf-WqOAibA": {
          "key": "_u7DyQGfaEDKcYf-WqOAibA",
          "name": "Victim_ID",
          "type": null,
          "probability": 1,
          "modifiers": [],
          "to_variable": {
            "key": "_KSFxoGfXEDKcYf-WqOAibA",
            "name": "Victim_ID",
            "type": null,
            "modifiers": [],
            "position": {}
          },
          "position": {}
        },
        "_u7EZUGfaEDKcYf-WqOAibA": {
          "key": "_u7EZUGfaEDKcYf-WqOAibA",
          "name": "MedicalExamination_ID",
          "type": null,
          "probability": 1,
          "modifiers": [],
          "to_variable": {
            "key": "_KSFxoWfXEDKcYf-WqOAibA",
            "name": "MedicalExamination_ID",
            "type": null,
            "modifiers": [],
            "position": {}
          },
          "position": {}
        },
        "_u7GOgGfaEDKcYf-WqOAibA": {
          "key": "_u7GOgGfaEDKcYf-WqOAibA",
          "name": "Suspected_trafficker_ID",
          "type": null,
          "probability": 1,
          "modifiers": [],
          "to_variable": {
            "key": "_m6ywEGfaEDKcYf-WqOAibA",
            "name": "Suspected_trafficker_ID",
            "type": null,
            "modifiers": [],
            "position": {}
          },
          "position": {}
        }
      }
    },
    "fields_to_fields_data_clump-./FIRREGISTEREDBY-_6vgwYGfdEDKcYf-WqOAibA-_8UQiAGDJEDKTlK0nlZlTiw-NameAddressPhone_no": {
      "type": "data_clump",
      "key": "fields_to_fields_data_clump-./FIRREGISTEREDBY-_6vgwYGfdEDKcYf-WqOAibA-_8UQiAGDJEDKTlK0nlZlTiw-NameAddressPhone_no",
      "probability": 1,
      "from_file_path": "./FIRREGISTEREDBY",
      "from_class_or_interface_name": "FIRREGISTEREDBY",
      "from_class_or_interface_key": "_6vgwYGfdEDKcYf-WqOAibA",
      "from_method_name": null,
      "from_method_key": null,
      "to_file_path": "./USER",
      "to_class_or_interface_key": "_8UQiAGDJEDKTlK0nlZlTiw",
      "to_class_or_interface_name": "FIRREGISTEREDBY",
      "to_method_key": null,
      "to_method_name": null,
      "data_clump_type": "fields_to_fields_data_clump",
      "data_clump_data": {
        "_CU3YMGfeEDKcYf-WqOAibA": {
          "key": "_CU3YMGfeEDKcYf-WqOAibA",
          "name": "Name",
          "type": null,
          "probability": 1,
          "modifiers": [],
          "to_variable": {
            "key": "_H5SEYGDKEDKTlK0nlZlTiw",
            "name": "Name",
            "type": null,
            "modifiers": [],
            "position": {}
          },
          "position": {}
        },
        "_H5KHMGfeEDKcYf-WqOAibA": {
          "key": "_H5KHMGfeEDKcYf-WqOAibA",
          "name": "Address",
          "type": null,
          "probability": 1,
          "modifiers": [],
          "to_variable": {
            "key": "_IPJmsGDKEDKTlK0nlZlTiw",
            "name": "Address",
            "type": null,
            "modifiers": [],
            "position": {}
          },
          "position": {}
        },
        "_O91D0GfeEDKcYf-WqOAibA": {
          "key": "_O91D0GfeEDKcYf-WqOAibA",
          "name": "Phone_no",
          "type": null,
          "probability": 1,
          "modifiers": [],
          "to_variable": {
            "key": "_IuiRYGDKEDKTlK0nlZlTiw",
            "name": "Phone_no",
            "type": null,
            "modifiers": [],
            "position": {}
          },
          "position": {}
        }
      }
    },
    "fields_to_fields_data_clump-./SUSPECTEDTRAFFICKER-_2IR2AGDLEDKTlK0nlZlTiw-_8UQiAGDJEDKTlK0nlZlTiw-NameAddressD.O.B": {
      "type": "data_clump",
      "key": "fields_to_fields_data_clump-./SUSPECTEDTRAFFICKER-_2IR2AGDLEDKTlK0nlZlTiw-_8UQiAGDJEDKTlK0nlZlTiw-NameAddressD.O.B",
      "probability": 1,
      "from_file_path": "./SUSPECTEDTRAFFICKER",
      "from_class_or_interface_name": "SUSPECTEDTRAFFICKER",
      "from_class_or_interface_key": "_2IR2AGDLEDKTlK0nlZlTiw",
      "from_method_name": null,
      "from_method_key": null,
      "to_file_path": "./USER",
      "to_class_or_interface_key": "_8UQiAGDJEDKTlK0nlZlTiw",
      "to_class_or_interface_name": "SUSPECTEDTRAFFICKER",
      "to_method_key": null,
      "to_method_name": null,
      "data_clump_type": "fields_to_fields_data_clump",
      "data_clump_data": {
        "__vOssGDMEDKTlK0nlZlTiw": {
          "key": "__vOssGDMEDKTlK0nlZlTiw",
          "name": "Name",
          "type": null,
          "probability": 1,
          "modifiers": [],
          "to_variable": {
            "key": "_H5SEYGDKEDKTlK0nlZlTiw",
            "name": "Name",
            "type": null,
            "modifiers": [],
            "position": {}
          },
          "position": {}
        },
        "_AkjyMGDNEDKTlK0nlZlTiw": {
          "key": "_AkjyMGDNEDKTlK0nlZlTiw",
          "name": "Address",
          "type": null,
          "probability": 1,
          "modifiers": [],
          "to_variable": {
            "key": "_IPJmsGDKEDKTlK0nlZlTiw",
            "name": "Address",
            "type": null,
            "modifiers": [],
            "position": {}
          },
          "position": {}
        },
        "_A-cR0GDNEDKTlK0nlZlTiw": {
          "key": "_A-cR0GDNEDKTlK0nlZlTiw",
          "name": "D.O.B",
          "type": null,
          "probability": 1,
          "modifiers": [],
          "to_variable": {
            "key": "_lO7IsGDKEDKTlK0nlZlTiw",
            "name": "D.O.B",
            "type": null,
            "modifiers": [],
            "position": {}
          },
          "position": {}
        }
      }
    },
    "fields_to_fields_data_clump-./USER-_8UQiAGDJEDKTlK0nlZlTiw-_6vgwYGfdEDKcYf-WqOAibA-NameAddressPhone_no": {
      "type": "data_clump",
      "key": "fields_to_fields_data_clump-./USER-_8UQiAGDJEDKTlK0nlZlTiw-_6vgwYGfdEDKcYf-WqOAibA-NameAddressPhone_no",
      "probability": 1,
      "from_file_path": "./USER",
      "from_class_or_interface_name": "USER",
      "from_class_or_interface_key": "_8UQiAGDJEDKTlK0nlZlTiw",
      "from_method_name": null,
      "from_method_key": null,
      "to_file_path": "./FIRREGISTEREDBY",
      "to_class_or_interface_key": "_6vgwYGfdEDKcYf-WqOAibA",
      "to_class_or_interface_name": "USER",
      "to_method_key": null,
      "to_method_name": null,
      "data_clump_type": "fields_to_fields_data_clump",
      "data_clump_data": {
        "_H5SEYGDKEDKTlK0nlZlTiw": {
          "key": "_H5SEYGDKEDKTlK0nlZlTiw",
          "name": "Name",
          "type": null,
          "probability": 1,
          "modifiers": [],
          "to_variable": {
            "key": "_CU3YMGfeEDKcYf-WqOAibA",
            "name": "Name",
            "type": null,
            "modifiers": [],
            "position": {}
          },
          "position": {}
        },
        "_IPJmsGDKEDKTlK0nlZlTiw": {
          "key": "_IPJmsGDKEDKTlK0nlZlTiw",
          "name": "Address",
          "type": null,
          "probability": 1,
          "modifiers": [],
          "to_variable": {
            "key": "_H5KHMGfeEDKcYf-WqOAibA",
            "name": "Address",
            "type": null,
            "modifiers": [],
            "position": {}
          },
          "position": {}
        },
        "_IuiRYGDKEDKTlK0nlZlTiw": {
          "key": "_IuiRYGDKEDKTlK0nlZlTiw",
          "name": "Phone_no",
          "type": null,
          "probability": 1,
          "modifiers": [],
          "to_variable": {
            "key": "_O91D0GfeEDKcYf-WqOAibA",
            "name": "Phone_no",
            "type": null,
            "modifiers": [],
            "position": {}
          },
          "position": {}
        }
      }
    },
    "fields_to_fields_data_clump-./USER-_8UQiAGDJEDKTlK0nlZlTiw-_2IR2AGDLEDKTlK0nlZlTiw-NameAddressD.O.B": {
      "type": "data_clump",
      "key": "fields_to_fields_data_clump-./USER-_8UQiAGDJEDKTlK0nlZlTiw-_2IR2AGDLEDKTlK0nlZlTiw-NameAddressD.O.B",
      "probability": 1,
      "from_file_path": "./USER",
      "from_class_or_interface_name": "USER",
      "from_class_or_interface_key": "_8UQiAGDJEDKTlK0nlZlTiw",
      "from_method_name": null,
      "from_method_key": null,
      "to_file_path": "./SUSPECTEDTRAFFICKER",
      "to_class_or_interface_key": "_2IR2AGDLEDKTlK0nlZlTiw",
      "to_class_or_interface_name": "USER",
      "to_method_key": null,
      "to_method_name": null,
      "data_clump_type": "fields_to_fields_data_clump",
      "data_clump_data": {
        "_H5SEYGDKEDKTlK0nlZlTiw": {
          "key": "_H5SEYGDKEDKTlK0nlZlTiw",
          "name": "Name",
          "type": null,
          "probability": 1,
          "modifiers": [],
          "to_variable": {
            "key": "__vOssGDMEDKTlK0nlZlTiw",
            "name": "Name",
            "type": null,
            "modifiers": [],
            "position": {}
          },
          "position": {}
        },
        "_IPJmsGDKEDKTlK0nlZlTiw": {
          "key": "_IPJmsGDKEDKTlK0nlZlTiw",
          "name": "Address",
          "type": null,
          "probability": 1,
          "modifiers": [],
          "to_variable": {
            "key": "_AkjyMGDNEDKTlK0nlZlTiw",
            "name": "Address",
            "type": null,
            "modifiers": [],
            "position": {}
          },
          "position": {}
        },
        "_lO7IsGDKEDKTlK0nlZlTiw": {
          "key": "_lO7IsGDKEDKTlK0nlZlTiw",
          "name": "D.O.B",
          "type": null,
          "probability": 1,
          "modifiers": [],
          "to_variable": {
            "key": "_A-cR0GDNEDKTlK0nlZlTiw",
            "name": "D.O.B",
            "type": null,
            "modifiers": [],
            "position": {}
          },
          "position": {}
        }
      }
    }
  }
}