{
  "report_version": "unknown",
  "report_timestamp": "2025-03-26T22:45:26.207Z",
  "target_language": "java",
  "report_summary": {
    "additional": null,
    "amount_classes_or_interfaces_with_data_clumps": 8,
    "amount_files_with_data_clumps": 8,
    "amount_methods_with_data_clumps": 0,
    "fields_to_fields_data_clump": 12,
    "parameters_to_fields_data_clump": 0,
    "parameters_to_parameters_data_clump": 0,
    "amount_data_clumps": 12
  },
  "project_info": {
    "project_url": "unknown_project_url",
    "project_name": "_bEciQISsEeS-18kfrtGUQQ",
    "project_version": "unknown_project_version",
    "project_commit_hash": "unknown",
    "project_tag": null,
    "project_commit_date": null,
    "additional": {},
    "number_of_files": 14,
    "number_of_classes_or_interfaces": 14,
    "number_of_methods": 0,
    "number_of_data_fields": 74,
    "number_of_method_parameters": 0
  },
  "detector": {
    "name": "data-clumps-doctor",
    "url": "https://github.com/NilsBaumgartner1994/data-clumps-doctor",
    "version": "0.1.100",
    "options": {
      "typeVariablesConsidered": false,
      "similarityModifierOfVariablesWithUnknownType": 0,
      "fieldsOfClassesWithUnknownHierarchyProbabilityModifier": 0,
      "sharedFieldsToFieldsAmountMinimum": 3,
      "analyseFieldsInClassesOrInterfacesInheritedFromSuperClassesOrInterfaces": false,
      "sharedParametersToParametersAmountMinimum": 3,
      "sharedParametersToFieldsAmountMinimum": 3,
      "methodsOfClassesOrInterfacesWithUnknownHierarchyProbabilityModifier": 0
    }
  },
  "data_clumps": {
    "fields_to_fields_data_clump-./cn:Annex-_PQYcAGbkEDKu-enwQg6XDg-_exh1sGbkEDKu-enwQg6XDg-cn:titlecn:numbercn:contract": {
      "type": "data_clump",
      "key": "fields_to_fields_data_clump-./cn:Annex-_PQYcAGbkEDKu-enwQg6XDg-_exh1sGbkEDKu-enwQg6XDg-cn:titlecn:numbercn:contract",
      "probability": 1,
      "from_file_path": "./cn:Annex",
      "from_class_or_interface_name": "cn:Annex",
      "from_class_or_interface_key": "_PQYcAGbkEDKu-enwQg6XDg",
      "from_method_name": null,
      "from_method_key": null,
      "to_file_path": "./cn:Supplement",
      "to_class_or_interface_key": "_exh1sGbkEDKu-enwQg6XDg",
      "to_class_or_interface_name": "cn:Annex",
      "to_method_key": null,
      "to_method_name": null,
      "data_clump_type": "fields_to_fields_data_clump",
      "data_clump_data": {
        "_RKZRoGbkEDKu-enwQg6XDg": {
          "key": "_RKZRoGbkEDKu-enwQg6XDg",
          "name": "cn:title",
          "type": null,
          "probability": 1,
          "modifiers": [],
          "to_variable": {
            "key": "_gdaIsGbkEDKu-enwQg6XDg",
            "name": "cn:title",
            "type": null,
            "modifiers": [],
            "position": {}
          },
          "position": {}
        },
        "_SpGEQGbkEDKu-enwQg6XDg": {
          "key": "_SpGEQGbkEDKu-enwQg6XDg",
          "name": "cn:number",
          "type": null,
          "probability": 1,
          "modifiers": [],
          "to_variable": {
            "key": "_iTlnMGbkEDKu-enwQg6XDg",
            "name": "cn:number",
            "type": null,
            "modifiers": [],
            "position": {}
          },
          "position": {}
        },
        "_UyMewGbkEDKu-enwQg6XDg": {
          "key": "_UyMewGbkEDKu-enwQg6XDg",
          "name": "cn:contract",
          "type": null,
          "probability": 1,
          "modifiers": [],
          "to_variable": {
            "key": "_oLaWMGbkEDKu-enwQg6XDg",
            "name": "cn:contract",
            "type": null,
            "modifiers": [],
            "position": {}
          },
          "position": {}
        }
      }
    },
    "fields_to_fields_data_clump-./cn:Contract-_AvqhYGbgEDKu-enwQg6XDg-_QGMNMGblEDKu-enwQg6XDg-cn:ammountcn:titlecn:currencycn:implementation": {
      "type": "data_clump",
      "key": "fields_to_fields_data_clump-./cn:Contract-_AvqhYGbgEDKu-enwQg6XDg-_QGMNMGblEDKu-enwQg6XDg-cn:ammountcn:titlecn:currencycn:implementation",
      "probability": 1,
      "from_file_path": "./cn:Contract",
      "from_class_or_interface_name": "cn:Contract",
      "from_class_or_interface_key": "_AvqhYGbgEDKu-enwQg6XDg",
      "from_method_name": null,
      "from_method_key": null,
      "to_file_path": "./cn:Order",
      "to_class_or_interface_key": "_QGMNMGblEDKu-enwQg6XDg",
      "to_class_or_interface_name": "cn:Contract",
      "to_method_key": null,
      "to_method_name": null,
      "data_clump_type": "fields_to_fields_data_clump",
      "data_clump_data": {
        "_BBeNoGbhEDKu-enwQg6XDg": {
          "key": "_BBeNoGbhEDKu-enwQg6XDg",
          "name": "cn:ammount",
          "type": null,
          "probability": 1,
          "modifiers": [],
          "to_variable": {
            "key": "_QGMNMmblEDKu-enwQg6XDg",
            "name": "cn:ammount",
            "type": null,
            "modifiers": [],
            "position": {}
          },
          "position": {}
        },
        "_ZBWuMGbhEDKu-enwQg6XDg": {
          "key": "_ZBWuMGbhEDKu-enwQg6XDg",
          "name": "cn:title",
          "type": null,
          "probability": 1,
          "modifiers": [],
          "to_variable": {
            "key": "_QGMNMWblEDKu-enwQg6XDg",
            "name": "cn:title",
            "type": null,
            "modifiers": [],
            "position": {}
          },
          "position": {}
        },
        "_Ng4UoGbhEDKu-enwQg6XDg": {
          "key": "_Ng4UoGbhEDKu-enwQg6XDg",
          "name": "cn:currency",
          "type": null,
          "probability": 1,
          "modifiers": [],
          "to_variable": {
            "key": "_QGMNM2blEDKu-enwQg6XDg",
            "name": "cn:currency",
            "type": null,
            "modifiers": [],
            "position": {}
          },
          "position": {}
        },
        "_0c5dUGbhEDKu-enwQg6XDg": {
          "key": "_0c5dUGbhEDKu-enwQg6XDg",
          "name": "cn:implementation",
          "type": null,
          "probability": 1,
          "modifiers": [],
          "to_variable": {
            "key": "_QGMNNGblEDKu-enwQg6XDg",
            "name": "cn:implementation",
            "type": null,
            "modifiers": [],
            "position": {}
          },
          "position": {}
        }
      }
    },
    "fields_to_fields_data_clump-./cn:Invoice-_HM4NsGbmEDKu-enwQg6XDg-_QGMNMGblEDKu-enwQg6XDg-cn:titlecn:ammountcn:parrentDocument": {
      "type": "data_clump",
      "key": "fields_to_fields_data_clump-./cn:Invoice-_HM4NsGbmEDKu-enwQg6XDg-_QGMNMGblEDKu-enwQg6XDg-cn:titlecn:ammountcn:parrentDocument",
      "probability": 1,
      "from_file_path": "./cn:Invoice",
      "from_class_or_interface_name": "cn:Invoice",
      "from_class_or_interface_key": "_HM4NsGbmEDKu-enwQg6XDg",
      "from_method_name": null,
      "from_method_key": null,
      "to_file_path": "./cn:Order",
      "to_class_or_interface_key": "_QGMNMGblEDKu-enwQg6XDg",
      "to_class_or_interface_name": "cn:Invoice",
      "to_method_key": null,
      "to_method_name": null,
      "data_clump_type": "fields_to_fields_data_clump",
      "data_clump_data": {
        "_LM1cIGbmEDKu-enwQg6XDg": {
          "key": "_LM1cIGbmEDKu-enwQg6XDg",
          "name": "cn:title",
          "type": null,
          "probability": 1,
          "modifiers": [],
          "to_variable": {
            "key": "_QGMNMWblEDKu-enwQg6XDg",
            "name": "cn:title",
            "type": null,
            "modifiers": [],
            "position": {}
          },
          "position": {}
        },
        "_OWLysGbmEDKu-enwQg6XDg": {
          "key": "_OWLysGbmEDKu-enwQg6XDg",
          "name": "cn:ammount",
          "type": null,
          "probability": 1,
          "modifiers": [],
          "to_variable": {
            "key": "_QGMNMmblEDKu-enwQg6XDg",
            "name": "cn:ammount",
            "type": null,
            "modifiers": [],
            "position": {}
          },
          "position": {}
        },
        "_QWzmoGbmEDKu-enwQg6XDg": {
          "key": "_QWzmoGbmEDKu-enwQg6XDg",
          "name": "cn:parrentDocument",
          "type": null,
          "probability": 1,
          "modifiers": [],
          "to_variable": {
            "key": "_QGMNNWblEDKu-enwQg6XDg",
            "name": "cn:parrentDocument",
            "type": null,
            "modifiers": [],
            "position": {}
          },
          "position": {}
        }
      }
    },
    "fields_to_fields_data_clump-./cn:Order-_QGMNMGblEDKu-enwQg6XDg-_AvqhYGbgEDKu-enwQg6XDg-cn:titlecn:ammountcn:currencycn:implementation": {
      "type": "data_clump",
      "key": "fields_to_fields_data_clump-./cn:Order-_QGMNMGblEDKu-enwQg6XDg-_AvqhYGbgEDKu-enwQg6XDg-cn:titlecn:ammountcn:currencycn:implementation",
      "probability": 1,
      "from_file_path": "./cn:Order",
      "from_class_or_interface_name": "cn:Order",
      "from_class_or_interface_key": "_QGMNMGblEDKu-enwQg6XDg",
      "from_method_name": null,
      "from_method_key": null,
      "to_file_path": "./cn:Contract",
      "to_class_or_interface_key": "_AvqhYGbgEDKu-enwQg6XDg",
      "to_class_or_interface_name": "cn:Order",
      "to_method_key": null,
      "to_method_name": null,
      "data_clump_type": "fields_to_fields_data_clump",
      "data_clump_data": {
        "_QGMNMWblEDKu-enwQg6XDg": {
          "key": "_QGMNMWblEDKu-enwQg6XDg",
          "name": "cn:title",
          "type": null,
          "probability": 1,
          "modifiers": [],
          "to_variable": {
            "key": "_ZBWuMGbhEDKu-enwQg6XDg",
            "name": "cn:title",
            "type": null,
            "modifiers": [],
            "position": {}
          },
          "position": {}
        },
        "_QGMNMmblEDKu-enwQg6XDg": {
          "key": "_QGMNMmblEDKu-enwQg6XDg",
          "name": "cn:ammount",
          "type": null,
          "probability": 1,
          "modifiers": [],
          "to_variable": {
            "key": "_BBeNoGbhEDKu-enwQg6XDg",
            "name": "cn:ammount",
            "type": null,
            "modifiers": [],
            "position": {}
          },
          "position": {}
        },
        "_QGMNM2blEDKu-enwQg6XDg": {
          "key": "_QGMNM2blEDKu-enwQg6XDg",
          "name": "cn:currency",
          "type": null,
          "probability": 1,
          "modifiers": [],
          "to_variable": {
            "key": "_Ng4UoGbhEDKu-enwQg6XDg",
            "name": "cn:currency",
            "type": null,
            "modifiers": [],
            "position": {}
          },
          "position": {}
        },
        "_QGMNNGblEDKu-enwQg6XDg": {
          "key": "_QGMNNGblEDKu-enwQg6XDg",
          "name": "cn:implementation",
          "type": null,
          "probability": 1,
          "modifiers": [],
          "to_variable": {
            "key": "_0c5dUGbhEDKu-enwQg6XDg",
            "name": "cn:implementation",
            "type": null,
            "modifiers": [],
            "position": {}
          },
          "position": {}
        }
      }
    },
    "fields_to_fields_data_clump-./cn:Order-_QGMNMGblEDKu-enwQg6XDg-_HM4NsGbmEDKu-enwQg6XDg-cn:titlecn:ammountcn:parrentDocument": {
      "type": "data_clump",
      "key": "fields_to_fields_data_clump-./cn:Order-_QGMNMGblEDKu-enwQg6XDg-_HM4NsGbmEDKu-enwQg6XDg-cn:titlecn:ammountcn:parrentDocument",
      "probability": 1,
      "from_file_path": "./cn:Order",
      "from_class_or_interface_name": "cn:Order",
      "from_class_or_interface_key": "_QGMNMGblEDKu-enwQg6XDg",
      "from_method_name": null,
      "from_method_key": null,
      "to_file_path": "./cn:Invoice",
      "to_class_or_interface_key": "_HM4NsGbmEDKu-enwQg6XDg",
      "to_class_or_interface_name": "cn:Order",
      "to_method_key": null,
      "to_method_name": null,
      "data_clump_type": "fields_to_fields_data_clump",
      "data_clump_data": {
        "_QGMNMWblEDKu-enwQg6XDg": {
          "key": "_QGMNMWblEDKu-enwQg6XDg",
          "name": "cn:title",
          "type": null,
          "probability": 1,
          "modifiers": [],
          "to_variable": {
            "key": "_LM1cIGbmEDKu-enwQg6XDg",
            "name": "cn:title",
            "type": null,
            "modifiers": [],
            "position": {}
          },
          "position": {}
        },
        "_QGMNMmblEDKu-enwQg6XDg": {
          "key": "_QGMNMmblEDKu-enwQg6XDg",
          "name": "cn:ammount",
          "type": null,
          "probability": 1,
          "modifiers": [],
          "to_variable": {
            "key": "_OWLysGbmEDKu-enwQg6XDg",
            "name": "cn:ammount",
            "type": null,
            "modifiers": [],
            "position": {}
          },
          "position": {}
        },
        "_QGMNNWblEDKu-enwQg6XDg": {
          "key": "_QGMNNWblEDKu-enwQg6XDg",
          "name": "cn:parrentDocument",
          "type": null,
          "probability": 1,
          "modifiers": [],
          "to_variable": {
            "key": "_QWzmoGbmEDKu-enwQg6XDg",
            "name": "cn:parrentDocument",
            "type": null,
            "modifiers": [],
            "position": {}
          },
          "position": {}
        }
      }
    },
    "fields_to_fields_data_clump-./cn:Party-_wY6nUGbdEDKu-enwQg6XDg-_XPo1wGbdEDKu-enwQg6XDg-cn:idcn:noIdcn:country": {
      "type": "data_clump",
      "key": "fields_to_fields_data_clump-./cn:Party-_wY6nUGbdEDKu-enwQg6XDg-_XPo1wGbdEDKu-enwQg6XDg-cn:idcn:noIdcn:country",
      "probability": 1,
      "from_file_path": "./cn:Party",
      "from_class_or_interface_name": "cn:Party",
      "from_class_or_interface_key": "_wY6nUGbdEDKu-enwQg6XDg",
      "from_method_name": null,
      "from_method_key": null,
      "to_file_path": "./cn:Publisher",
      "to_class_or_interface_key": "_XPo1wGbdEDKu-enwQg6XDg",
      "to_class_or_interface_name": "cn:Party",
      "to_method_key": null,
      "to_method_name": null,
      "data_clump_type": "fields_to_fields_data_clump",
      "data_clump_data": {
        "_xpJgIGbdEDKu-enwQg6XDg": {
          "key": "_xpJgIGbdEDKu-enwQg6XDg",
          "name": "cn:id",
          "type": null,
          "probability": 1,
          "modifiers": [],
          "to_variable": {
            "key": "_Ybm5oGbdEDKu-enwQg6XDg",
            "name": "cn:id",
            "type": null,
            "modifiers": [],
            "position": {}
          },
          "position": {}
        },
        "_3iLwEGbdEDKu-enwQg6XDg": {
          "key": "_3iLwEGbdEDKu-enwQg6XDg",
          "name": "cn:noId",
          "type": null,
          "probability": 1,
          "modifiers": [],
          "to_variable": {
            "key": "_fa61IGbdEDKu-enwQg6XDg",
            "name": "cn:noId",
            "type": null,
            "modifiers": [],
            "position": {}
          },
          "position": {}
        },
        "_BfJvgGbeEDKu-enwQg6XDg": {
          "key": "_BfJvgGbeEDKu-enwQg6XDg",
          "name": "cn:country",
          "type": null,
          "probability": 1,
          "modifiers": [],
          "to_variable": {
            "key": "_jfhTAGbdEDKu-enwQg6XDg",
            "name": "cn:country",
            "type": null,
            "modifiers": [],
            "position": {}
          },
          "position": {}
        }
      }
    },
    "fields_to_fields_data_clump-./cn:Party-_wY6nUGbdEDKu-enwQg6XDg-_ay1aQGbeEDKu-enwQg6XDg-cn:idcn:noIdcn:country": {
      "type": "data_clump",
      "key": "fields_to_fields_data_clump-./cn:Party-_wY6nUGbdEDKu-enwQg6XDg-_ay1aQGbeEDKu-enwQg6XDg-cn:idcn:noIdcn:country",
      "probability": 1,
      "from_file_path": "./cn:Party",
      "from_class_or_interface_name": "cn:Party",
      "from_class_or_interface_key": "_wY6nUGbdEDKu-enwQg6XDg",
      "from_method_name": null,
      "from_method_key": null,
      "to_file_path": "./cn:SuperInstitution",
      "to_class_or_interface_key": "_ay1aQGbeEDKu-enwQg6XDg",
      "to_class_or_interface_name": "cn:Party",
      "to_method_key": null,
      "to_method_name": null,
      "data_clump_type": "fields_to_fields_data_clump",
      "data_clump_data": {
        "_xpJgIGbdEDKu-enwQg6XDg": {
          "key": "_xpJgIGbdEDKu-enwQg6XDg",
          "name": "cn:id",
          "type": null,
          "probability": 1,
          "modifiers": [],
          "to_variable": {
            "key": "_dYWrAGbeEDKu-enwQg6XDg",
            "name": "cn:id",
            "type": null,
            "modifiers": [],
            "position": {}
          },
          "position": {}
        },
        "_3iLwEGbdEDKu-enwQg6XDg": {
          "key": "_3iLwEGbdEDKu-enwQg6XDg",
          "name": "cn:noId",
          "type": null,
          "probability": 1,
          "modifiers": [],
          "to_variable": {
            "key": "_eu0usGbeEDKu-enwQg6XDg",
            "name": "cn:noId",
            "type": null,
            "modifiers": [],
            "position": {}
          },
          "position": {}
        },
        "_BfJvgGbeEDKu-enwQg6XDg": {
          "key": "_BfJvgGbeEDKu-enwQg6XDg",
          "name": "cn:country",
          "type": null,
          "probability": 1,
          "modifiers": [],
          "to_variable": {
            "key": "_iM4xAGbeEDKu-enwQg6XDg",
            "name": "cn:country",
            "type": null,
            "modifiers": [],
            "position": {}
          },
          "position": {}
        }
      }
    },
    "fields_to_fields_data_clump-./cn:Publisher-_XPo1wGbdEDKu-enwQg6XDg-_wY6nUGbdEDKu-enwQg6XDg-cn:idcn:noIdcn:country": {
      "type": "data_clump",
      "key": "fields_to_fields_data_clump-./cn:Publisher-_XPo1wGbdEDKu-enwQg6XDg-_wY6nUGbdEDKu-enwQg6XDg-cn:idcn:noIdcn:country",
      "probability": 1,
      "from_file_path": "./cn:Publisher",
      "from_class_or_interface_name": "cn:Publisher",
      "from_class_or_interface_key": "_XPo1wGbdEDKu-enwQg6XDg",
      "from_method_name": null,
      "from_method_key": null,
      "to_file_path": "./cn:Party",
      "to_class_or_interface_key": "_wY6nUGbdEDKu-enwQg6XDg",
      "to_class_or_interface_name": "cn:Publisher",
      "to_method_key": null,
      "to_method_name": null,
      "data_clump_type": "fields_to_fields_data_clump",
      "data_clump_data": {
        "_Ybm5oGbdEDKu-enwQg6XDg": {
          "key": "_Ybm5oGbdEDKu-enwQg6XDg",
          "name": "cn:id",
          "type": null,
          "probability": 1,
          "modifiers": [],
          "to_variable": {
            "key": "_xpJgIGbdEDKu-enwQg6XDg",
            "name": "cn:id",
            "type": null,
            "modifiers": [],
            "position": {}
          },
          "position": {}
        },
        "_fa61IGbdEDKu-enwQg6XDg": {
          "key": "_fa61IGbdEDKu-enwQg6XDg",
          "name": "cn:noId",
          "type": null,
          "probability": 1,
          "modifiers": [],
          "to_variable": {
            "key": "_3iLwEGbdEDKu-enwQg6XDg",
            "name": "cn:noId",
            "type": null,
            "modifiers": [],
            "position": {}
          },
          "position": {}
        },
        "_jfhTAGbdEDKu-enwQg6XDg": {
          "key": "_jfhTAGbdEDKu-enwQg6XDg",
          "name": "cn:country",
          "type": null,
          "probability": 1,
          "modifiers": [],
          "to_variable": {
            "key": "_BfJvgGbeEDKu-enwQg6XDg",
            "name": "cn:country",
            "type": null,
            "modifiers": [],
            "position": {}
          },
          "position": {}
        }
      }
    },
    "fields_to_fields_data_clump-./cn:Publisher-_XPo1wGbdEDKu-enwQg6XDg-_ay1aQGbeEDKu-enwQg6XDg-cn:idcn:noIdcn:country": {
      "type": "data_clump",
      "key": "fields_to_fields_data_clump-./cn:Publisher-_XPo1wGbdEDKu-enwQg6XDg-_ay1aQGbeEDKu-enwQg6XDg-cn:idcn:noIdcn:country",
      "probability": 1,
      "from_file_path": "./cn:Publisher",
      "from_class_or_interface_name": "cn:Publisher",
      "from_class_or_interface_key": "_XPo1wGbdEDKu-enwQg6XDg",
      "from_method_name": null,
      "from_method_key": null,
      "to_file_path": "./cn:SuperInstitution",
      "to_class_or_interface_key": "_ay1aQGbeEDKu-enwQg6XDg",
      "to_class_or_interface_name": "cn:Publisher",
      "to_method_key": null,
      "to_method_name": null,
      "data_clump_type": "fields_to_fields_data_clump",
      "data_clump_data": {
        "_Ybm5oGbdEDKu-enwQg6XDg": {
          "key": "_Ybm5oGbdEDKu-enwQg6XDg",
          "name": "cn:id",
          "type": null,
          "probability": 1,
          "modifiers": [],
          "to_variable": {
            "key": "_dYWrAGbeEDKu-enwQg6XDg",
            "name": "cn:id",
            "type": null,
            "modifiers": [],
            "position": {}
          },
          "position": {}
        },
        "_fa61IGbdEDKu-enwQg6XDg": {
          "key": "_fa61IGbdEDKu-enwQg6XDg",
          "name": "cn:noId",
          "type": null,
          "probability": 1,
          "modifiers": [],
          "to_variable": {
            "key": "_eu0usGbeEDKu-enwQg6XDg",
            "name": "cn:noId",
            "type": null,
            "modifiers": [],
            "position": {}
          },
          "position": {}
        },
        "_jfhTAGbdEDKu-enwQg6XDg": {
          "key": "_jfhTAGbdEDKu-enwQg6XDg",
          "name": "cn:country",
          "type": null,
          "probability": 1,
          "modifiers": [],
          "to_variable": {
            "key": "_iM4xAGbeEDKu-enwQg6XDg",
            "name": "cn:country",
            "type": null,
            "modifiers": [],
            "position": {}
          },
          "position": {}
        }
      }
    },
    "fields_to_fields_data_clump-./cn:SuperInstitution-_ay1aQGbeEDKu-enwQg6XDg-_wY6nUGbdEDKu-enwQg6XDg-cn:idcn:noIdcn:country": {
      "type": "data_clump",
      "key": "fields_to_fields_data_clump-./cn:SuperInstitution-_ay1aQGbeEDKu-enwQg6XDg-_wY6nUGbdEDKu-enwQg6XDg-cn:idcn:noIdcn:country",
      "probability": 1,
      "from_file_path": "./cn:SuperInstitution",
      "from_class_or_interface_name": "cn:SuperInstitution",
      "from_class_or_interface_key": "_ay1aQGbeEDKu-enwQg6XDg",
      "from_method_name": null,
      "from_method_key": null,
      "to_file_path": "./cn:Party",
      "to_class_or_interface_key": "_wY6nUGbdEDKu-enwQg6XDg",
      "to_class_or_interface_name": "cn:SuperInstitution",
      "to_method_key": null,
      "to_method_name": null,
      "data_clump_type": "fields_to_fields_data_clump",
      "data_clump_data": {
        "_dYWrAGbeEDKu-enwQg6XDg": {
          "key": "_dYWrAGbeEDKu-enwQg6XDg",
          "name": "cn:id",
          "type": null,
          "probability": 1,
          "modifiers": [],
          "to_variable": {
            "key": "_xpJgIGbdEDKu-enwQg6XDg",
            "name": "cn:id",
            "type": null,
            "modifiers": [],
            "position": {}
          },
          "position": {}
        },
        "_eu0usGbeEDKu-enwQg6XDg": {
          "key": "_eu0usGbeEDKu-enwQg6XDg",
          "name": "cn:noId",
          "type": null,
          "probability": 1,
          "modifiers": [],
          "to_variable": {
            "key": "_3iLwEGbdEDKu-enwQg6XDg",
            "name": "cn:noId",
            "type": null,
            "modifiers": [],
            "position": {}
          },
          "position": {}
        },
        "_iM4xAGbeEDKu-enwQg6XDg": {
          "key": "_iM4xAGbeEDKu-enwQg6XDg",
          "name": "cn:country",
          "type": null,
          "probability": 1,
          "modifiers": [],
          "to_variable": {
            "key": "_BfJvgGbeEDKu-enwQg6XDg",
            "name": "cn:country",
            "type": null,
            "modifiers": [],
            "position": {}
          },
          "position": {}
        }
      }
    },
    "fields_to_fields_data_clump-./cn:SuperInstitution-_ay1aQGbeEDKu-enwQg6XDg-_XPo1wGbdEDKu-enwQg6XDg-cn:idcn:noIdcn:country": {
      "type": "data_clump",
      "key": "fields_to_fields_data_clump-./cn:SuperInstitution-_ay1aQGbeEDKu-enwQg6XDg-_XPo1wGbdEDKu-enwQg6XDg-cn:idcn:noIdcn:country",
      "probability": 1,
      "from_file_path": "./cn:SuperInstitution",
      "from_class_or_interface_name": "cn:SuperInstitution",
      "from_class_or_interface_key": "_ay1aQGbeEDKu-enwQg6XDg",
      "from_method_name": null,
      "from_method_key": null,
      "to_file_path": "./cn:Publisher",
      "to_class_or_interface_key": "_XPo1wGbdEDKu-enwQg6XDg",
      "to_class_or_interface_name": "cn:SuperInstitution",
      "to_method_key": null,
      "to_method_name": null,
      "data_clump_type": "fields_to_fields_data_clump",
      "data_clump_data": {
        "_dYWrAGbeEDKu-enwQg6XDg": {
          "key": "_dYWrAGbeEDKu-enwQg6XDg",
          "name": "cn:id",
          "type": null,
          "probability": 1,
          "modifiers": [],
          "to_variable": {
            "key": "_Ybm5oGbdEDKu-enwQg6XDg",
            "name": "cn:id",
            "type": null,
            "modifiers": [],
            "position": {}
          },
          "position": {}
        },
        "_eu0usGbeEDKu-enwQg6XDg": {
          "key": "_eu0usGbeEDKu-enwQg6XDg",
          "name": "cn:noId",
          "type": null,
          "probability": 1,
          "modifiers": [],
          "to_variable": {
            "key": "_fa61IGbdEDKu-enwQg6XDg",
            "name": "cn:noId",
            "type": null,
            "modifiers": [],
            "position": {}
          },
          "position": {}
        },
        "_iM4xAGbeEDKu-enwQg6XDg": {
          "key": "_iM4xAGbeEDKu-enwQg6XDg",
          "name": "cn:country",
          "type": null,
          "probability": 1,
          "modifiers": [],
          "to_variable": {
            "key": "_jfhTAGbdEDKu-enwQg6XDg",
            "name": "cn:country",
            "type": null,
            "modifiers": [],
            "position": {}
          },
          "position": {}
        }
      }
    },
    "fields_to_fields_data_clump-./cn:Supplement-_exh1sGbkEDKu-enwQg6XDg-_PQYcAGbkEDKu-enwQg6XDg-cn:titlecn:numbercn:contract": {
      "type": "data_clump",
      "key": "fields_to_fields_data_clump-./cn:Supplement-_exh1sGbkEDKu-enwQg6XDg-_PQYcAGbkEDKu-enwQg6XDg-cn:titlecn:numbercn:contract",
      "probability": 1,
      "from_file_path": "./cn:Supplement",
      "from_class_or_interface_name": "cn:Supplement",
      "from_class_or_interface_key": "_exh1sGbkEDKu-enwQg6XDg",
      "from_method_name": null,
      "from_method_key": null,
      "to_file_path": "./cn:Annex",
      "to_class_or_interface_key": "_PQYcAGbkEDKu-enwQg6XDg",
      "to_class_or_interface_name": "cn:Supplement",
      "to_method_key": null,
      "to_method_name": null,
      "data_clump_type": "fields_to_fields_data_clump",
      "data_clump_data": {
        "_gdaIsGbkEDKu-enwQg6XDg": {
          "key": "_gdaIsGbkEDKu-enwQg6XDg",
          "name": "cn:title",
          "type": null,
          "probability": 1,
          "modifiers": [],
          "to_variable": {
            "key": "_RKZRoGbkEDKu-enwQg6XDg",
            "name": "cn:title",
            "type": null,
            "modifiers": [],
            "position": {}
          },
          "position": {}
        },
        "_iTlnMGbkEDKu-enwQg6XDg": {
          "key": "_iTlnMGbkEDKu-enwQg6XDg",
          "name": "cn:number",
          "type": null,
          "probability": 1,
          "modifiers": [],
          "to_variable": {
            "key": "_SpGEQGbkEDKu-enwQg6XDg",
            "name": "cn:number",
            "type": null,
            "modifiers": [],
            "position": {}
          },
          "position": {}
        },
        "_oLaWMGbkEDKu-enwQg6XDg": {
          "key": "_oLaWMGbkEDKu-enwQg6XDg",
          "name": "cn:contract",
          "type": null,
          "probability": 1,
          "modifiers": [],
          "to_variable": {
            "key": "_UyMewGbkEDKu-enwQg6XDg",
            "name": "cn:contract",
            "type": null,
            "modifiers": [],
            "position": {}
          },
          "position": {}
        }
      }
    }
  }
}