{
  "report_version": "unknown",
  "report_timestamp": "2025-03-26T22:33:43.455Z",
  "target_language": "java",
  "report_summary": {
    "additional": null,
    "amount_classes_or_interfaces_with_data_clumps": 1,
    "amount_files_with_data_clumps": 1,
    "amount_methods_with_data_clumps": 2,
    "fields_to_fields_data_clump": 0,
    "parameters_to_fields_data_clump": 0,
    "parameters_to_parameters_data_clump": 2,
    "amount_data_clumps": 2
  },
  "project_info": {
    "project_url": "unknown_project_url",
    "project_name": "_bp4PkJXjEey7XMPwOAXJ1g",
    "project_version": "unknown_project_version",
    "project_commit_hash": "unknown",
    "project_tag": null,
    "project_commit_date": null,
    "additional": {},
    "number_of_files": 10,
    "number_of_classes_or_interfaces": 10,
    "number_of_methods": 27,
    "number_of_data_fields": 21,
    "number_of_method_parameters": 26
  },
  "detector": {
    "name": "data-clumps-doctor",
    "url": "https://github.com/NilsBaumgartner1994/data-clumps-doctor",
    "version": "0.1.100",
    "options": {
      "typeVariablesConsidered": false,
      "similarityModifierOfVariablesWithUnknownType": 0,
      "fieldsOfClassesWithUnknownHierarchyProbabilityModifier": 0,
      "sharedFieldsToFieldsAmountMinimum": 3,
      "analyseFieldsInClassesOrInterfacesInheritedFromSuperClassesOrInterfaces": false,
      "sharedParametersToParametersAmountMinimum": 3,
      "sharedParametersToFieldsAmountMinimum": 3,
      "methodsOfClassesOrInterfacesWithUnknownHierarchyProbabilityModifier": 0
    }
  },
  "data_clumps": {
    "parameters_to_parameters_data_clump-./Apuesta-_brdknZXjEey7XMPwOAXJ1g-_brdkopXjEey7XMPwOAXJ1g-nombreCarreramontoApostadonombreApostador": {
      "type": "data_clump",
      "key": "parameters_to_parameters_data_clump-./Apuesta-_brdknZXjEey7XMPwOAXJ1g-_brdkopXjEey7XMPwOAXJ1g-nombreCarreramontoApostadonombreApostador",
      "probability": 1,
      "from_file_path": "./Apuesta",
      "from_class_or_interface_name": "Apuesta",
      "from_class_or_interface_key": "_brdkmpXjEey7XMPwOAXJ1g",
      "from_method_name": "crearApuesta",
      "from_method_key": "_brdknZXjEey7XMPwOAXJ1g",
      "to_file_path": "./Apuesta",
      "to_class_or_interface_name": "Apuesta",
      "to_class_or_interface_key": "_brdkmpXjEey7XMPwOAXJ1g",
      "to_method_name": "editarApuesta",
      "to_method_key": "_brdkopXjEey7XMPwOAXJ1g",
      "data_clump_type": "parameters_to_parameters_data_clump",
      "data_clump_data": {
        "_brdknpXjEey7XMPwOAXJ1g": {
          "key": "_brdknpXjEey7XMPwOAXJ1g",
          "name": "nombreCarrera",
          "type": null,
          "probability": 1,
          "modifiers": [],
          "to_variable": {
            "key": "_brdko5XjEey7XMPwOAXJ1g",
            "name": "nombreCarrera",
            "type": null,
            "modifiers": [],
            "position": {}
          },
          "position": {}
        },
        "_brdkn5XjEey7XMPwOAXJ1g": {
          "key": "_brdkn5XjEey7XMPwOAXJ1g",
          "name": "montoApostado",
          "type": null,
          "probability": 1,
          "modifiers": [],
          "to_variable": {
            "key": "_brdkpZXjEey7XMPwOAXJ1g",
            "name": "montoApostado",
            "type": null,
            "modifiers": [],
            "position": {}
          },
          "position": {}
        },
        "_brdkoJXjEey7XMPwOAXJ1g": {
          "key": "_brdkoJXjEey7XMPwOAXJ1g",
          "name": "nombreApostador",
          "type": null,
          "probability": 1,
          "modifiers": [],
          "to_variable": {
            "key": "_brdkpJXjEey7XMPwOAXJ1g",
            "name": "nombreApostador",
            "type": null,
            "modifiers": [],
            "position": {}
          },
          "position": {}
        }
      }
    },
    "parameters_to_parameters_data_clump-./Apuesta-_brdkopXjEey7XMPwOAXJ1g-_brdknZXjEey7XMPwOAXJ1g-nombreCarreranombreApostadormontoApostado": {
      "type": "data_clump",
      "key": "parameters_to_parameters_data_clump-./Apuesta-_brdkopXjEey7XMPwOAXJ1g-_brdknZXjEey7XMPwOAXJ1g-nombreCarreranombreApostadormontoApostado",
      "probability": 1,
      "from_file_path": "./Apuesta",
      "from_class_or_interface_name": "Apuesta",
      "from_class_or_interface_key": "_brdkmpXjEey7XMPwOAXJ1g",
      "from_method_name": "editarApuesta",
      "from_method_key": "_brdkopXjEey7XMPwOAXJ1g",
      "to_file_path": "./Apuesta",
      "to_class_or_interface_name": "Apuesta",
      "to_class_or_interface_key": "_brdkmpXjEey7XMPwOAXJ1g",
      "to_method_name": "crearApuesta",
      "to_method_key": "_brdknZXjEey7XMPwOAXJ1g",
      "data_clump_type": "parameters_to_parameters_data_clump",
      "data_clump_data": {
        "_brdko5XjEey7XMPwOAXJ1g": {
          "key": "_brdko5XjEey7XMPwOAXJ1g",
          "name": "nombreCarrera",
          "type": null,
          "probability": 1,
          "modifiers": [],
          "to_variable": {
            "key": "_brdknpXjEey7XMPwOAXJ1g",
            "name": "nombreCarrera",
            "type": null,
            "modifiers": [],
            "position": {}
          },
          "position": {}
        },
        "_brdkpJXjEey7XMPwOAXJ1g": {
          "key": "_brdkpJXjEey7XMPwOAXJ1g",
          "name": "nombreApostador",
          "type": null,
          "probability": 1,
          "modifiers": [],
          "to_variable": {
            "key": "_brdkoJXjEey7XMPwOAXJ1g",
            "name": "nombreApostador",
            "type": null,
            "modifiers": [],
            "position": {}
          },
          "position": {}
        },
        "_brdkpZXjEey7XMPwOAXJ1g": {
          "key": "_brdkpZXjEey7XMPwOAXJ1g",
          "name": "montoApostado",
          "type": null,
          "probability": 1,
          "modifiers": [],
          "to_variable": {
            "key": "_brdkn5XjEey7XMPwOAXJ1g",
            "name": "montoApostado",
            "type": null,
            "modifiers": [],
            "position": {}
          },
          "position": {}
        }
      }
    }
  }
}