{
  "report_version": "unknown",
  "report_timestamp": "2025-03-26T21:57:38.580Z",
  "target_language": "java",
  "report_summary": {
    "additional": null,
    "amount_classes_or_interfaces_with_data_clumps": 7,
    "amount_files_with_data_clumps": 7,
    "amount_methods_with_data_clumps": 0,
    "fields_to_fields_data_clump": 24,
    "parameters_to_fields_data_clump": 0,
    "parameters_to_parameters_data_clump": 0,
    "amount_data_clumps": 24
  },
  "project_info": {
    "project_url": "unknown_project_url",
    "project_name": "_EL0BIGPnEeyzq6ra3GZCdA",
    "project_version": "unknown_project_version",
    "project_commit_hash": "unknown",
    "project_tag": null,
    "project_commit_date": null,
    "additional": {},
    "number_of_files": 13,
    "number_of_classes_or_interfaces": 13,
    "number_of_methods": 0,
    "number_of_data_fields": 80,
    "number_of_method_parameters": 0
  },
  "detector": {
    "name": "data-clumps-doctor",
    "url": "https://github.com/NilsBaumgartner1994/data-clumps-doctor",
    "version": "0.1.100",
    "options": {
      "typeVariablesConsidered": false,
      "similarityModifierOfVariablesWithUnknownType": 0,
      "fieldsOfClassesWithUnknownHierarchyProbabilityModifier": 0,
      "sharedFieldsToFieldsAmountMinimum": 3,
      "analyseFieldsInClassesOrInterfacesInheritedFromSuperClassesOrInterfaces": false,
      "sharedParametersToParametersAmountMinimum": 3,
      "sharedParametersToFieldsAmountMinimum": 3,
      "methodsOfClassesOrInterfacesWithUnknownHierarchyProbabilityModifier": 0
    }
  },
  "data_clumps": {
    "fields_to_fields_data_clump-./ConstructorResults-_yrR2YEYVEDqjRZ8bFQVU1g-_QWfiEEYWEDqjRZ8bFQVU1g-raceIdconstructorIdpoints": {
      "type": "data_clump",
      "key": "fields_to_fields_data_clump-./ConstructorResults-_yrR2YEYVEDqjRZ8bFQVU1g-_QWfiEEYWEDqjRZ8bFQVU1g-raceIdconstructorIdpoints",
      "probability": 1,
      "from_file_path": "./ConstructorResults",
      "from_class_or_interface_name": "ConstructorResults",
      "from_class_or_interface_key": "_yrR2YEYVEDqjRZ8bFQVU1g",
      "from_method_name": null,
      "from_method_key": null,
      "to_file_path": "./ConstructorStandings",
      "to_class_or_interface_key": "_QWfiEEYWEDqjRZ8bFQVU1g",
      "to_class_or_interface_name": "ConstructorResults",
      "to_method_key": null,
      "to_method_name": null,
      "data_clump_type": "fields_to_fields_data_clump",
      "data_clump_data": {
        "__jMkAEYVEDqjRZ8bFQVU1g": {
          "key": "__jMkAEYVEDqjRZ8bFQVU1g",
          "name": "raceId",
          "type": null,
          "probability": 1,
          "modifiers": [
            "private"
          ],
          "to_variable": {
            "key": "_VxAC8EYWEDqjRZ8bFQVU1g",
            "name": "raceId",
            "type": null,
            "modifiers": [
              "private"
            ],
            "position": {}
          },
          "position": {}
        },
        "_Bbuy8EYWEDqjRZ8bFQVU1g": {
          "key": "_Bbuy8EYWEDqjRZ8bFQVU1g",
          "name": "constructorId",
          "type": null,
          "probability": 1,
          "modifiers": [
            "private"
          ],
          "to_variable": {
            "key": "_XJanYEYWEDqjRZ8bFQVU1g",
            "name": "constructorId",
            "type": null,
            "modifiers": [
              "private"
            ],
            "position": {}
          },
          "position": {}
        },
        "_EVDwgEYWEDqjRZ8bFQVU1g": {
          "key": "_EVDwgEYWEDqjRZ8bFQVU1g",
          "name": "points",
          "type": null,
          "probability": 1,
          "modifiers": [
            "private"
          ],
          "to_variable": {
            "key": "_auFA8EYWEDqjRZ8bFQVU1g",
            "name": "points",
            "type": null,
            "modifiers": [
              "private"
            ],
            "position": {}
          },
          "position": {}
        }
      }
    },
    "fields_to_fields_data_clump-./ConstructorResults-_yrR2YEYVEDqjRZ8bFQVU1g-_AcBsoEYaEDqjRZ8bFQVU1g-raceIdconstructorIdpoints": {
      "type": "data_clump",
      "key": "fields_to_fields_data_clump-./ConstructorResults-_yrR2YEYVEDqjRZ8bFQVU1g-_AcBsoEYaEDqjRZ8bFQVU1g-raceIdconstructorIdpoints",
      "probability": 1,
      "from_file_path": "./ConstructorResults",
      "from_class_or_interface_name": "ConstructorResults",
      "from_class_or_interface_key": "_yrR2YEYVEDqjRZ8bFQVU1g",
      "from_method_name": null,
      "from_method_key": null,
      "to_file_path": "./Results",
      "to_class_or_interface_key": "_AcBsoEYaEDqjRZ8bFQVU1g",
      "to_class_or_interface_name": "ConstructorResults",
      "to_method_key": null,
      "to_method_name": null,
      "data_clump_type": "fields_to_fields_data_clump",
      "data_clump_data": {
        "__jMkAEYVEDqjRZ8bFQVU1g": {
          "key": "__jMkAEYVEDqjRZ8bFQVU1g",
          "name": "raceId",
          "type": null,
          "probability": 1,
          "modifiers": [
            "private"
          ],
          "to_variable": {
            "key": "_QTZ1AEYaEDqjRZ8bFQVU1g",
            "name": "raceId",
            "type": null,
            "modifiers": [
              "private"
            ],
            "position": {}
          },
          "position": {}
        },
        "_Bbuy8EYWEDqjRZ8bFQVU1g": {
          "key": "_Bbuy8EYWEDqjRZ8bFQVU1g",
          "name": "constructorId",
          "type": null,
          "probability": 1,
          "modifiers": [
            "private"
          ],
          "to_variable": {
            "key": "_TCf4gEYaEDqjRZ8bFQVU1g",
            "name": "constructorId",
            "type": null,
            "modifiers": [
              "private"
            ],
            "position": {}
          },
          "position": {}
        },
        "_EVDwgEYWEDqjRZ8bFQVU1g": {
          "key": "_EVDwgEYWEDqjRZ8bFQVU1g",
          "name": "points",
          "type": null,
          "probability": 1,
          "modifiers": [
            "private"
          ],
          "to_variable": {
            "key": "_dpDAcEYaEDqjRZ8bFQVU1g",
            "name": "points",
            "type": null,
            "modifiers": [
              "private"
            ],
            "position": {}
          },
          "position": {}
        }
      }
    },
    "fields_to_fields_data_clump-./ConstructorStandings-_QWfiEEYWEDqjRZ8bFQVU1g-_yrR2YEYVEDqjRZ8bFQVU1g-raceIdconstructorIdpoints": {
      "type": "data_clump",
      "key": "fields_to_fields_data_clump-./ConstructorStandings-_QWfiEEYWEDqjRZ8bFQVU1g-_yrR2YEYVEDqjRZ8bFQVU1g-raceIdconstructorIdpoints",
      "probability": 1,
      "from_file_path": "./ConstructorStandings",
      "from_class_or_interface_name": "ConstructorStandings",
      "from_class_or_interface_key": "_QWfiEEYWEDqjRZ8bFQVU1g",
      "from_method_name": null,
      "from_method_key": null,
      "to_file_path": "./ConstructorResults",
      "to_class_or_interface_key": "_yrR2YEYVEDqjRZ8bFQVU1g",
      "to_class_or_interface_name": "ConstructorStandings",
      "to_method_key": null,
      "to_method_name": null,
      "data_clump_type": "fields_to_fields_data_clump",
      "data_clump_data": {
        "_VxAC8EYWEDqjRZ8bFQVU1g": {
          "key": "_VxAC8EYWEDqjRZ8bFQVU1g",
          "name": "raceId",
          "type": null,
          "probability": 1,
          "modifiers": [
            "private"
          ],
          "to_variable": {
            "key": "__jMkAEYVEDqjRZ8bFQVU1g",
            "name": "raceId",
            "type": null,
            "modifiers": [
              "private"
            ],
            "position": {}
          },
          "position": {}
        },
        "_XJanYEYWEDqjRZ8bFQVU1g": {
          "key": "_XJanYEYWEDqjRZ8bFQVU1g",
          "name": "constructorId",
          "type": null,
          "probability": 1,
          "modifiers": [
            "private"
          ],
          "to_variable": {
            "key": "_Bbuy8EYWEDqjRZ8bFQVU1g",
            "name": "constructorId",
            "type": null,
            "modifiers": [
              "private"
            ],
            "position": {}
          },
          "position": {}
        },
        "_auFA8EYWEDqjRZ8bFQVU1g": {
          "key": "_auFA8EYWEDqjRZ8bFQVU1g",
          "name": "points",
          "type": null,
          "probability": 1,
          "modifiers": [
            "private"
          ],
          "to_variable": {
            "key": "_EVDwgEYWEDqjRZ8bFQVU1g",
            "name": "points",
            "type": null,
            "modifiers": [
              "private"
            ],
            "position": {}
          },
          "position": {}
        }
      }
    },
    "fields_to_fields_data_clump-./ConstructorStandings-_QWfiEEYWEDqjRZ8bFQVU1g-_WaaW4EYXEDqjRZ8bFQVU1g-raceIdpointspositionwins": {
      "type": "data_clump",
      "key": "fields_to_fields_data_clump-./ConstructorStandings-_QWfiEEYWEDqjRZ8bFQVU1g-_WaaW4EYXEDqjRZ8bFQVU1g-raceIdpointspositionwins",
      "probability": 1,
      "from_file_path": "./ConstructorStandings",
      "from_class_or_interface_name": "ConstructorStandings",
      "from_class_or_interface_key": "_QWfiEEYWEDqjRZ8bFQVU1g",
      "from_method_name": null,
      "from_method_key": null,
      "to_file_path": "./DriverStandings",
      "to_class_or_interface_key": "_WaaW4EYXEDqjRZ8bFQVU1g",
      "to_class_or_interface_name": "ConstructorStandings",
      "to_method_key": null,
      "to_method_name": null,
      "data_clump_type": "fields_to_fields_data_clump",
      "data_clump_data": {
        "_VxAC8EYWEDqjRZ8bFQVU1g": {
          "key": "_VxAC8EYWEDqjRZ8bFQVU1g",
          "name": "raceId",
          "type": null,
          "probability": 1,
          "modifiers": [
            "private"
          ],
          "to_variable": {
            "key": "_b-BwcEYXEDqjRZ8bFQVU1g",
            "name": "raceId",
            "type": null,
            "modifiers": [
              "private"
            ],
            "position": {}
          },
          "position": {}
        },
        "_auFA8EYWEDqjRZ8bFQVU1g": {
          "key": "_auFA8EYWEDqjRZ8bFQVU1g",
          "name": "points",
          "type": null,
          "probability": 1,
          "modifiers": [
            "private"
          ],
          "to_variable": {
            "key": "_f6GkcEYXEDqjRZ8bFQVU1g",
            "name": "points",
            "type": null,
            "modifiers": [
              "private"
            ],
            "position": {}
          },
          "position": {}
        },
        "_4nPCAEYWEDqjRZ8bFQVU1g": {
          "key": "_4nPCAEYWEDqjRZ8bFQVU1g",
          "name": "position",
          "type": null,
          "probability": 1,
          "modifiers": [
            "private"
          ],
          "to_variable": {
            "key": "_lIf78EYXEDqjRZ8bFQVU1g",
            "name": "position",
            "type": null,
            "modifiers": [
              "private"
            ],
            "position": {}
          },
          "position": {}
        },
        "_8CHNcEYWEDqjRZ8bFQVU1g": {
          "key": "_8CHNcEYWEDqjRZ8bFQVU1g",
          "name": "wins",
          "type": null,
          "probability": 1,
          "modifiers": [
            "private"
          ],
          "to_variable": {
            "key": "_oeWdcEYXEDqjRZ8bFQVU1g",
            "name": "wins",
            "type": null,
            "modifiers": [
              "private"
            ],
            "position": {}
          },
          "position": {}
        }
      }
    },
    "fields_to_fields_data_clump-./ConstructorStandings-_QWfiEEYWEDqjRZ8bFQVU1g-_czML8EYZEDqjRZ8bFQVU1g-raceIdconstructorIdposition": {
      "type": "data_clump",
      "key": "fields_to_fields_data_clump-./ConstructorStandings-_QWfiEEYWEDqjRZ8bFQVU1g-_czML8EYZEDqjRZ8bFQVU1g-raceIdconstructorIdposition",
      "probability": 1,
      "from_file_path": "./ConstructorStandings",
      "from_class_or_interface_name": "ConstructorStandings",
      "from_class_or_interface_key": "_QWfiEEYWEDqjRZ8bFQVU1g",
      "from_method_name": null,
      "from_method_key": null,
      "to_file_path": "./Qualifying",
      "to_class_or_interface_key": "_czML8EYZEDqjRZ8bFQVU1g",
      "to_class_or_interface_name": "ConstructorStandings",
      "to_method_key": null,
      "to_method_name": null,
      "data_clump_type": "fields_to_fields_data_clump",
      "data_clump_data": {
        "_VxAC8EYWEDqjRZ8bFQVU1g": {
          "key": "_VxAC8EYWEDqjRZ8bFQVU1g",
          "name": "raceId",
          "type": null,
          "probability": 1,
          "modifiers": [
            "private"
          ],
          "to_variable": {
            "key": "_kF4WcEYZEDqjRZ8bFQVU1g",
            "name": "raceId",
            "type": null,
            "modifiers": [
              "private"
            ],
            "position": {}
          },
          "position": {}
        },
        "_XJanYEYWEDqjRZ8bFQVU1g": {
          "key": "_XJanYEYWEDqjRZ8bFQVU1g",
          "name": "constructorId",
          "type": null,
          "probability": 1,
          "modifiers": [
            "private"
          ],
          "to_variable": {
            "key": "_mV_-8EYZEDqjRZ8bFQVU1g",
            "name": "constructorId",
            "type": null,
            "modifiers": [
              "private"
            ],
            "position": {}
          },
          "position": {}
        },
        "_4nPCAEYWEDqjRZ8bFQVU1g": {
          "key": "_4nPCAEYWEDqjRZ8bFQVU1g",
          "name": "position",
          "type": null,
          "probability": 1,
          "modifiers": [
            "private"
          ],
          "to_variable": {
            "key": "_qE4EcEYZEDqjRZ8bFQVU1g",
            "name": "position",
            "type": null,
            "modifiers": [
              "private"
            ],
            "position": {}
          },
          "position": {}
        }
      }
    },
    "fields_to_fields_data_clump-./ConstructorStandings-_QWfiEEYWEDqjRZ8bFQVU1g-_AcBsoEYaEDqjRZ8bFQVU1g-raceIdconstructorIdpointsposition": {
      "type": "data_clump",
      "key": "fields_to_fields_data_clump-./ConstructorStandings-_QWfiEEYWEDqjRZ8bFQVU1g-_AcBsoEYaEDqjRZ8bFQVU1g-raceIdconstructorIdpointsposition",
      "probability": 1,
      "from_file_path": "./ConstructorStandings",
      "from_class_or_interface_name": "ConstructorStandings",
      "from_class_or_interface_key": "_QWfiEEYWEDqjRZ8bFQVU1g",
      "from_method_name": null,
      "from_method_key": null,
      "to_file_path": "./Results",
      "to_class_or_interface_key": "_AcBsoEYaEDqjRZ8bFQVU1g",
      "to_class_or_interface_name": "ConstructorStandings",
      "to_method_key": null,
      "to_method_name": null,
      "data_clump_type": "fields_to_fields_data_clump",
      "data_clump_data": {
        "_VxAC8EYWEDqjRZ8bFQVU1g": {
          "key": "_VxAC8EYWEDqjRZ8bFQVU1g",
          "name": "raceId",
          "type": null,
          "probability": 1,
          "modifiers": [
            "private"
          ],
          "to_variable": {
            "key": "_QTZ1AEYaEDqjRZ8bFQVU1g",
            "name": "raceId",
            "type": null,
            "modifiers": [
              "private"
            ],
            "position": {}
          },
          "position": {}
        },
        "_XJanYEYWEDqjRZ8bFQVU1g": {
          "key": "_XJanYEYWEDqjRZ8bFQVU1g",
          "name": "constructorId",
          "type": null,
          "probability": 1,
          "modifiers": [
            "private"
          ],
          "to_variable": {
            "key": "_TCf4gEYaEDqjRZ8bFQVU1g",
            "name": "constructorId",
            "type": null,
            "modifiers": [
              "private"
            ],
            "position": {}
          },
          "position": {}
        },
        "_auFA8EYWEDqjRZ8bFQVU1g": {
          "key": "_auFA8EYWEDqjRZ8bFQVU1g",
          "name": "points",
          "type": null,
          "probability": 1,
          "modifiers": [
            "private"
          ],
          "to_variable": {
            "key": "_dpDAcEYaEDqjRZ8bFQVU1g",
            "name": "points",
            "type": null,
            "modifiers": [
              "private"
            ],
            "position": {}
          },
          "position": {}
        },
        "_4nPCAEYWEDqjRZ8bFQVU1g": {
          "key": "_4nPCAEYWEDqjRZ8bFQVU1g",
          "name": "position",
          "type": null,
          "probability": 1,
          "modifiers": [
            "private"
          ],
          "to_variable": {
            "key": "_aUMkgEYaEDqjRZ8bFQVU1g",
            "name": "position",
            "type": null,
            "modifiers": [
              "private"
            ],
            "position": {}
          },
          "position": {}
        }
      }
    },
    "fields_to_fields_data_clump-./DriverStandings-_WaaW4EYXEDqjRZ8bFQVU1g-_QWfiEEYWEDqjRZ8bFQVU1g-raceIdpointspositionwins": {
      "type": "data_clump",
      "key": "fields_to_fields_data_clump-./DriverStandings-_WaaW4EYXEDqjRZ8bFQVU1g-_QWfiEEYWEDqjRZ8bFQVU1g-raceIdpointspositionwins",
      "probability": 1,
      "from_file_path": "./DriverStandings",
      "from_class_or_interface_name": "DriverStandings",
      "from_class_or_interface_key": "_WaaW4EYXEDqjRZ8bFQVU1g",
      "from_method_name": null,
      "from_method_key": null,
      "to_file_path": "./ConstructorStandings",
      "to_class_or_interface_key": "_QWfiEEYWEDqjRZ8bFQVU1g",
      "to_class_or_interface_name": "DriverStandings",
      "to_method_key": null,
      "to_method_name": null,
      "data_clump_type": "fields_to_fields_data_clump",
      "data_clump_data": {
        "_b-BwcEYXEDqjRZ8bFQVU1g": {
          "key": "_b-BwcEYXEDqjRZ8bFQVU1g",
          "name": "raceId",
          "type": null,
          "probability": 1,
          "modifiers": [
            "private"
          ],
          "to_variable": {
            "key": "_VxAC8EYWEDqjRZ8bFQVU1g",
            "name": "raceId",
            "type": null,
            "modifiers": [
              "private"
            ],
            "position": {}
          },
          "position": {}
        },
        "_f6GkcEYXEDqjRZ8bFQVU1g": {
          "key": "_f6GkcEYXEDqjRZ8bFQVU1g",
          "name": "points",
          "type": null,
          "probability": 1,
          "modifiers": [
            "private"
          ],
          "to_variable": {
            "key": "_auFA8EYWEDqjRZ8bFQVU1g",
            "name": "points",
            "type": null,
            "modifiers": [
              "private"
            ],
            "position": {}
          },
          "position": {}
        },
        "_lIf78EYXEDqjRZ8bFQVU1g": {
          "key": "_lIf78EYXEDqjRZ8bFQVU1g",
          "name": "position",
          "type": null,
          "probability": 1,
          "modifiers": [
            "private"
          ],
          "to_variable": {
            "key": "_4nPCAEYWEDqjRZ8bFQVU1g",
            "name": "position",
            "type": null,
            "modifiers": [
              "private"
            ],
            "position": {}
          },
          "position": {}
        },
        "_oeWdcEYXEDqjRZ8bFQVU1g": {
          "key": "_oeWdcEYXEDqjRZ8bFQVU1g",
          "name": "wins",
          "type": null,
          "probability": 1,
          "modifiers": [
            "private"
          ],
          "to_variable": {
            "key": "_8CHNcEYWEDqjRZ8bFQVU1g",
            "name": "wins",
            "type": null,
            "modifiers": [
              "private"
            ],
            "position": {}
          },
          "position": {}
        }
      }
    },
    "fields_to_fields_data_clump-./DriverStandings-_WaaW4EYXEDqjRZ8bFQVU1g-_2AkP0EYYEDqjRZ8bFQVU1g-raceIddriverIdposition": {
      "type": "data_clump",
      "key": "fields_to_fields_data_clump-./DriverStandings-_WaaW4EYXEDqjRZ8bFQVU1g-_2AkP0EYYEDqjRZ8bFQVU1g-raceIddriverIdposition",
      "probability": 1,
      "from_file_path": "./DriverStandings",
      "from_class_or_interface_name": "DriverStandings",
      "from_class_or_interface_key": "_WaaW4EYXEDqjRZ8bFQVU1g",
      "from_method_name": null,
      "from_method_key": null,
      "to_file_path": "./LapTimes",
      "to_class_or_interface_key": "_2AkP0EYYEDqjRZ8bFQVU1g",
      "to_class_or_interface_name": "DriverStandings",
      "to_method_key": null,
      "to_method_name": null,
      "data_clump_type": "fields_to_fields_data_clump",
      "data_clump_data": {
        "_b-BwcEYXEDqjRZ8bFQVU1g": {
          "key": "_b-BwcEYXEDqjRZ8bFQVU1g",
          "name": "raceId",
          "type": null,
          "probability": 1,
          "modifiers": [
            "private"
          ],
          "to_variable": {
            "key": "_4DvBcEYYEDqjRZ8bFQVU1g",
            "name": "raceId",
            "type": null,
            "modifiers": [
              "private"
            ],
            "position": {}
          },
          "position": {}
        },
        "_dutq8EYXEDqjRZ8bFQVU1g": {
          "key": "_dutq8EYXEDqjRZ8bFQVU1g",
          "name": "driverId",
          "type": null,
          "probability": 1,
          "modifiers": [
            "private"
          ],
          "to_variable": {
            "key": "_6DJ7gEYYEDqjRZ8bFQVU1g",
            "name": "driverId",
            "type": null,
            "modifiers": [
              "private"
            ],
            "position": {}
          },
          "position": {}
        },
        "_lIf78EYXEDqjRZ8bFQVU1g": {
          "key": "_lIf78EYXEDqjRZ8bFQVU1g",
          "name": "position",
          "type": null,
          "probability": 1,
          "modifiers": [
            "private"
          ],
          "to_variable": {
            "key": "_8_SVcEYYEDqjRZ8bFQVU1g",
            "name": "position",
            "type": null,
            "modifiers": [
              "private"
            ],
            "position": {}
          },
          "position": {}
        }
      }
    },
    "fields_to_fields_data_clump-./DriverStandings-_WaaW4EYXEDqjRZ8bFQVU1g-_czML8EYZEDqjRZ8bFQVU1g-raceIddriverIdposition": {
      "type": "data_clump",
      "key": "fields_to_fields_data_clump-./DriverStandings-_WaaW4EYXEDqjRZ8bFQVU1g-_czML8EYZEDqjRZ8bFQVU1g-raceIddriverIdposition",
      "probability": 1,
      "from_file_path": "./DriverStandings",
      "from_class_or_interface_name": "DriverStandings",
      "from_class_or_interface_key": "_WaaW4EYXEDqjRZ8bFQVU1g",
      "from_method_name": null,
      "from_method_key": null,
      "to_file_path": "./Qualifying",
      "to_class_or_interface_key": "_czML8EYZEDqjRZ8bFQVU1g",
      "to_class_or_interface_name": "DriverStandings",
      "to_method_key": null,
      "to_method_name": null,
      "data_clump_type": "fields_to_fields_data_clump",
      "data_clump_data": {
        "_b-BwcEYXEDqjRZ8bFQVU1g": {
          "key": "_b-BwcEYXEDqjRZ8bFQVU1g",
          "name": "raceId",
          "type": null,
          "probability": 1,
          "modifiers": [
            "private"
          ],
          "to_variable": {
            "key": "_kF4WcEYZEDqjRZ8bFQVU1g",
            "name": "raceId",
            "type": null,
            "modifiers": [
              "private"
            ],
            "position": {}
          },
          "position": {}
        },
        "_dutq8EYXEDqjRZ8bFQVU1g": {
          "key": "_dutq8EYXEDqjRZ8bFQVU1g",
          "name": "driverId",
          "type": null,
          "probability": 1,
          "modifiers": [
            "private"
          ],
          "to_variable": {
            "key": "_lBFacEYZEDqjRZ8bFQVU1g",
            "name": "driverId",
            "type": null,
            "modifiers": [
              "private"
            ],
            "position": {}
          },
          "position": {}
        },
        "_lIf78EYXEDqjRZ8bFQVU1g": {
          "key": "_lIf78EYXEDqjRZ8bFQVU1g",
          "name": "position",
          "type": null,
          "probability": 1,
          "modifiers": [
            "private"
          ],
          "to_variable": {
            "key": "_qE4EcEYZEDqjRZ8bFQVU1g",
            "name": "position",
            "type": null,
            "modifiers": [
              "private"
            ],
            "position": {}
          },
          "position": {}
        }
      }
    },
    "fields_to_fields_data_clump-./DriverStandings-_WaaW4EYXEDqjRZ8bFQVU1g-_AcBsoEYaEDqjRZ8bFQVU1g-raceIddriverIdpointsposition": {
      "type": "data_clump",
      "key": "fields_to_fields_data_clump-./DriverStandings-_WaaW4EYXEDqjRZ8bFQVU1g-_AcBsoEYaEDqjRZ8bFQVU1g-raceIddriverIdpointsposition",
      "probability": 1,
      "from_file_path": "./DriverStandings",
      "from_class_or_interface_name": "DriverStandings",
      "from_class_or_interface_key": "_WaaW4EYXEDqjRZ8bFQVU1g",
      "from_method_name": null,
      "from_method_key": null,
      "to_file_path": "./Results",
      "to_class_or_interface_key": "_AcBsoEYaEDqjRZ8bFQVU1g",
      "to_class_or_interface_name": "DriverStandings",
      "to_method_key": null,
      "to_method_name": null,
      "data_clump_type": "fields_to_fields_data_clump",
      "data_clump_data": {
        "_b-BwcEYXEDqjRZ8bFQVU1g": {
          "key": "_b-BwcEYXEDqjRZ8bFQVU1g",
          "name": "raceId",
          "type": null,
          "probability": 1,
          "modifiers": [
            "private"
          ],
          "to_variable": {
            "key": "_QTZ1AEYaEDqjRZ8bFQVU1g",
            "name": "raceId",
            "type": null,
            "modifiers": [
              "private"
            ],
            "position": {}
          },
          "position": {}
        },
        "_dutq8EYXEDqjRZ8bFQVU1g": {
          "key": "_dutq8EYXEDqjRZ8bFQVU1g",
          "name": "driverId",
          "type": null,
          "probability": 1,
          "modifiers": [
            "private"
          ],
          "to_variable": {
            "key": "_S6LqAEYaEDqjRZ8bFQVU1g",
            "name": "driverId",
            "type": null,
            "modifiers": [
              "private"
            ],
            "position": {}
          },
          "position": {}
        },
        "_f6GkcEYXEDqjRZ8bFQVU1g": {
          "key": "_f6GkcEYXEDqjRZ8bFQVU1g",
          "name": "points",
          "type": null,
          "probability": 1,
          "modifiers": [
            "private"
          ],
          "to_variable": {
            "key": "_dpDAcEYaEDqjRZ8bFQVU1g",
            "name": "points",
            "type": null,
            "modifiers": [
              "private"
            ],
            "position": {}
          },
          "position": {}
        },
        "_lIf78EYXEDqjRZ8bFQVU1g": {
          "key": "_lIf78EYXEDqjRZ8bFQVU1g",
          "name": "position",
          "type": null,
          "probability": 1,
          "modifiers": [
            "private"
          ],
          "to_variable": {
            "key": "_aUMkgEYaEDqjRZ8bFQVU1g",
            "name": "position",
            "type": null,
            "modifiers": [
              "private"
            ],
            "position": {}
          },
          "position": {}
        }
      }
    },
    "fields_to_fields_data_clump-./LapTimes-_2AkP0EYYEDqjRZ8bFQVU1g-_WaaW4EYXEDqjRZ8bFQVU1g-raceIddriverIdposition": {
      "type": "data_clump",
      "key": "fields_to_fields_data_clump-./LapTimes-_2AkP0EYYEDqjRZ8bFQVU1g-_WaaW4EYXEDqjRZ8bFQVU1g-raceIddriverIdposition",
      "probability": 1,
      "from_file_path": "./LapTimes",
      "from_class_or_interface_name": "LapTimes",
      "from_class_or_interface_key": "_2AkP0EYYEDqjRZ8bFQVU1g",
      "from_method_name": null,
      "from_method_key": null,
      "to_file_path": "./DriverStandings",
      "to_class_or_interface_key": "_WaaW4EYXEDqjRZ8bFQVU1g",
      "to_class_or_interface_name": "LapTimes",
      "to_method_key": null,
      "to_method_name": null,
      "data_clump_type": "fields_to_fields_data_clump",
      "data_clump_data": {
        "_4DvBcEYYEDqjRZ8bFQVU1g": {
          "key": "_4DvBcEYYEDqjRZ8bFQVU1g",
          "name": "raceId",
          "type": null,
          "probability": 1,
          "modifiers": [
            "private"
          ],
          "to_variable": {
            "key": "_b-BwcEYXEDqjRZ8bFQVU1g",
            "name": "raceId",
            "type": null,
            "modifiers": [
              "private"
            ],
            "position": {}
          },
          "position": {}
        },
        "_6DJ7gEYYEDqjRZ8bFQVU1g": {
          "key": "_6DJ7gEYYEDqjRZ8bFQVU1g",
          "name": "driverId",
          "type": null,
          "probability": 1,
          "modifiers": [
            "private"
          ],
          "to_variable": {
            "key": "_dutq8EYXEDqjRZ8bFQVU1g",
            "name": "driverId",
            "type": null,
            "modifiers": [
              "private"
            ],
            "position": {}
          },
          "position": {}
        },
        "_8_SVcEYYEDqjRZ8bFQVU1g": {
          "key": "_8_SVcEYYEDqjRZ8bFQVU1g",
          "name": "position",
          "type": null,
          "probability": 1,
          "modifiers": [
            "private"
          ],
          "to_variable": {
            "key": "_lIf78EYXEDqjRZ8bFQVU1g",
            "name": "position",
            "type": null,
            "modifiers": [
              "private"
            ],
            "position": {}
          },
          "position": {}
        }
      }
    },
    "fields_to_fields_data_clump-./LapTimes-_2AkP0EYYEDqjRZ8bFQVU1g-_F8s8YEYZEDqjRZ8bFQVU1g-raceIddriverIdlaptimemilliseconds": {
      "type": "data_clump",
      "key": "fields_to_fields_data_clump-./LapTimes-_2AkP0EYYEDqjRZ8bFQVU1g-_F8s8YEYZEDqjRZ8bFQVU1g-raceIddriverIdlaptimemilliseconds",
      "probability": 1,
      "from_file_path": "./LapTimes",
      "from_class_or_interface_name": "LapTimes",
      "from_class_or_interface_key": "_2AkP0EYYEDqjRZ8bFQVU1g",
      "from_method_name": null,
      "from_method_key": null,
      "to_file_path": "./PitStops",
      "to_class_or_interface_key": "_F8s8YEYZEDqjRZ8bFQVU1g",
      "to_class_or_interface_name": "LapTimes",
      "to_method_key": null,
      "to_method_name": null,
      "data_clump_type": "fields_to_fields_data_clump",
      "data_clump_data": {
        "_4DvBcEYYEDqjRZ8bFQVU1g": {
          "key": "_4DvBcEYYEDqjRZ8bFQVU1g",
          "name": "raceId",
          "type": null,
          "probability": 1,
          "modifiers": [
            "private"
          ],
          "to_variable": {
            "key": "_HceGAEYZEDqjRZ8bFQVU1g",
            "name": "raceId",
            "type": null,
            "modifiers": [
              "private"
            ],
            "position": {}
          },
          "position": {}
        },
        "_6DJ7gEYYEDqjRZ8bFQVU1g": {
          "key": "_6DJ7gEYYEDqjRZ8bFQVU1g",
          "name": "driverId",
          "type": null,
          "probability": 1,
          "modifiers": [
            "private"
          ],
          "to_variable": {
            "key": "_Jow-cEYZEDqjRZ8bFQVU1g",
            "name": "driverId",
            "type": null,
            "modifiers": [
              "private"
            ],
            "position": {}
          },
          "position": {}
        },
        "_7ctvcEYYEDqjRZ8bFQVU1g": {
          "key": "_7ctvcEYYEDqjRZ8bFQVU1g",
          "name": "lap",
          "type": null,
          "probability": 1,
          "modifiers": [
            "private"
          ],
          "to_variable": {
            "key": "_OTUCAEYZEDqjRZ8bFQVU1g",
            "name": "lap",
            "type": null,
            "modifiers": [
              "private"
            ],
            "position": {}
          },
          "position": {}
        },
        "_-jFDcEYYEDqjRZ8bFQVU1g": {
          "key": "_-jFDcEYYEDqjRZ8bFQVU1g",
          "name": "time",
          "type": null,
          "probability": 1,
          "modifiers": [
            "private"
          ],
          "to_variable": {
            "key": "_RL708EYZEDqjRZ8bFQVU1g",
            "name": "time",
            "type": null,
            "modifiers": [
              "private"
            ],
            "position": {}
          },
          "position": {}
        },
        "_AmPOAEYZEDqjRZ8bFQVU1g": {
          "key": "_AmPOAEYZEDqjRZ8bFQVU1g",
          "name": "milliseconds",
          "type": null,
          "probability": 1,
          "modifiers": [
            "private"
          ],
          "to_variable": {
            "key": "_Xd7-gEYZEDqjRZ8bFQVU1g",
            "name": "milliseconds",
            "type": null,
            "modifiers": [
              "private"
            ],
            "position": {}
          },
          "position": {}
        }
      }
    },
    "fields_to_fields_data_clump-./LapTimes-_2AkP0EYYEDqjRZ8bFQVU1g-_czML8EYZEDqjRZ8bFQVU1g-raceIddriverIdposition": {
      "type": "data_clump",
      "key": "fields_to_fields_data_clump-./LapTimes-_2AkP0EYYEDqjRZ8bFQVU1g-_czML8EYZEDqjRZ8bFQVU1g-raceIddriverIdposition",
      "probability": 1,
      "from_file_path": "./LapTimes",
      "from_class_or_interface_name": "LapTimes",
      "from_class_or_interface_key": "_2AkP0EYYEDqjRZ8bFQVU1g",
      "from_method_name": null,
      "from_method_key": null,
      "to_file_path": "./Qualifying",
      "to_class_or_interface_key": "_czML8EYZEDqjRZ8bFQVU1g",
      "to_class_or_interface_name": "LapTimes",
      "to_method_key": null,
      "to_method_name": null,
      "data_clump_type": "fields_to_fields_data_clump",
      "data_clump_data": {
        "_4DvBcEYYEDqjRZ8bFQVU1g": {
          "key": "_4DvBcEYYEDqjRZ8bFQVU1g",
          "name": "raceId",
          "type": null,
          "probability": 1,
          "modifiers": [
            "private"
          ],
          "to_variable": {
            "key": "_kF4WcEYZEDqjRZ8bFQVU1g",
            "name": "raceId",
            "type": null,
            "modifiers": [
              "private"
            ],
            "position": {}
          },
          "position": {}
        },
        "_6DJ7gEYYEDqjRZ8bFQVU1g": {
          "key": "_6DJ7gEYYEDqjRZ8bFQVU1g",
          "name": "driverId",
          "type": null,
          "probability": 1,
          "modifiers": [
            "private"
          ],
          "to_variable": {
            "key": "_lBFacEYZEDqjRZ8bFQVU1g",
            "name": "driverId",
            "type": null,
            "modifiers": [
              "private"
            ],
            "position": {}
          },
          "position": {}
        },
        "_8_SVcEYYEDqjRZ8bFQVU1g": {
          "key": "_8_SVcEYYEDqjRZ8bFQVU1g",
          "name": "position",
          "type": null,
          "probability": 1,
          "modifiers": [
            "private"
          ],
          "to_variable": {
            "key": "_qE4EcEYZEDqjRZ8bFQVU1g",
            "name": "position",
            "type": null,
            "modifiers": [
              "private"
            ],
            "position": {}
          },
          "position": {}
        }
      }
    },
    "fields_to_fields_data_clump-./LapTimes-_2AkP0EYYEDqjRZ8bFQVU1g-_AcBsoEYaEDqjRZ8bFQVU1g-raceIddriverIdposition": {
      "type": "data_clump",
      "key": "fields_to_fields_data_clump-./LapTimes-_2AkP0EYYEDqjRZ8bFQVU1g-_AcBsoEYaEDqjRZ8bFQVU1g-raceIddriverIdposition",
      "probability": 1,
      "from_file_path": "./LapTimes",
      "from_class_or_interface_name": "LapTimes",
      "from_class_or_interface_key": "_2AkP0EYYEDqjRZ8bFQVU1g",
      "from_method_name": null,
      "from_method_key": null,
      "to_file_path": "./Results",
      "to_class_or_interface_key": "_AcBsoEYaEDqjRZ8bFQVU1g",
      "to_class_or_interface_name": "LapTimes",
      "to_method_key": null,
      "to_method_name": null,
      "data_clump_type": "fields_to_fields_data_clump",
      "data_clump_data": {
        "_4DvBcEYYEDqjRZ8bFQVU1g": {
          "key": "_4DvBcEYYEDqjRZ8bFQVU1g",
          "name": "raceId",
          "type": null,
          "probability": 1,
          "modifiers": [
            "private"
          ],
          "to_variable": {
            "key": "_QTZ1AEYaEDqjRZ8bFQVU1g",
            "name": "raceId",
            "type": null,
            "modifiers": [
              "private"
            ],
            "position": {}
          },
          "position": {}
        },
        "_6DJ7gEYYEDqjRZ8bFQVU1g": {
          "key": "_6DJ7gEYYEDqjRZ8bFQVU1g",
          "name": "driverId",
          "type": null,
          "probability": 1,
          "modifiers": [
            "private"
          ],
          "to_variable": {
            "key": "_S6LqAEYaEDqjRZ8bFQVU1g",
            "name": "driverId",
            "type": null,
            "modifiers": [
              "private"
            ],
            "position": {}
          },
          "position": {}
        },
        "_8_SVcEYYEDqjRZ8bFQVU1g": {
          "key": "_8_SVcEYYEDqjRZ8bFQVU1g",
          "name": "position",
          "type": null,
          "probability": 1,
          "modifiers": [
            "private"
          ],
          "to_variable": {
            "key": "_aUMkgEYaEDqjRZ8bFQVU1g",
            "name": "position",
            "type": null,
            "modifiers": [
              "private"
            ],
            "position": {}
          },
          "position": {}
        }
      }
    },
    "fields_to_fields_data_clump-./PitStops-_F8s8YEYZEDqjRZ8bFQVU1g-_2AkP0EYYEDqjRZ8bFQVU1g-raceIddriverIdlaptimemilliseconds": {
      "type": "data_clump",
      "key": "fields_to_fields_data_clump-./PitStops-_F8s8YEYZEDqjRZ8bFQVU1g-_2AkP0EYYEDqjRZ8bFQVU1g-raceIddriverIdlaptimemilliseconds",
      "probability": 1,
      "from_file_path": "./PitStops",
      "from_class_or_interface_name": "PitStops",
      "from_class_or_interface_key": "_F8s8YEYZEDqjRZ8bFQVU1g",
      "from_method_name": null,
      "from_method_key": null,
      "to_file_path": "./LapTimes",
      "to_class_or_interface_key": "_2AkP0EYYEDqjRZ8bFQVU1g",
      "to_class_or_interface_name": "PitStops",
      "to_method_key": null,
      "to_method_name": null,
      "data_clump_type": "fields_to_fields_data_clump",
      "data_clump_data": {
        "_HceGAEYZEDqjRZ8bFQVU1g": {
          "key": "_HceGAEYZEDqjRZ8bFQVU1g",
          "name": "raceId",
          "type": null,
          "probability": 1,
          "modifiers": [
            "private"
          ],
          "to_variable": {
            "key": "_4DvBcEYYEDqjRZ8bFQVU1g",
            "name": "raceId",
            "type": null,
            "modifiers": [
              "private"
            ],
            "position": {}
          },
          "position": {}
        },
        "_Jow-cEYZEDqjRZ8bFQVU1g": {
          "key": "_Jow-cEYZEDqjRZ8bFQVU1g",
          "name": "driverId",
          "type": null,
          "probability": 1,
          "modifiers": [
            "private"
          ],
          "to_variable": {
            "key": "_6DJ7gEYYEDqjRZ8bFQVU1g",
            "name": "driverId",
            "type": null,
            "modifiers": [
              "private"
            ],
            "position": {}
          },
          "position": {}
        },
        "_OTUCAEYZEDqjRZ8bFQVU1g": {
          "key": "_OTUCAEYZEDqjRZ8bFQVU1g",
          "name": "lap",
          "type": null,
          "probability": 1,
          "modifiers": [
            "private"
          ],
          "to_variable": {
            "key": "_7ctvcEYYEDqjRZ8bFQVU1g",
            "name": "lap",
            "type": null,
            "modifiers": [
              "private"
            ],
            "position": {}
          },
          "position": {}
        },
        "_RL708EYZEDqjRZ8bFQVU1g": {
          "key": "_RL708EYZEDqjRZ8bFQVU1g",
          "name": "time",
          "type": null,
          "probability": 1,
          "modifiers": [
            "private"
          ],
          "to_variable": {
            "key": "_-jFDcEYYEDqjRZ8bFQVU1g",
            "name": "time",
            "type": null,
            "modifiers": [
              "private"
            ],
            "position": {}
          },
          "position": {}
        },
        "_Xd7-gEYZEDqjRZ8bFQVU1g": {
          "key": "_Xd7-gEYZEDqjRZ8bFQVU1g",
          "name": "milliseconds",
          "type": null,
          "probability": 1,
          "modifiers": [
            "private"
          ],
          "to_variable": {
            "key": "_AmPOAEYZEDqjRZ8bFQVU1g",
            "name": "milliseconds",
            "type": null,
            "modifiers": [
              "private"
            ],
            "position": {}
          },
          "position": {}
        }
      }
    },
    "fields_to_fields_data_clump-./Qualifying-_czML8EYZEDqjRZ8bFQVU1g-_QWfiEEYWEDqjRZ8bFQVU1g-raceIdconstructorIdposition": {
      "type": "data_clump",
      "key": "fields_to_fields_data_clump-./Qualifying-_czML8EYZEDqjRZ8bFQVU1g-_QWfiEEYWEDqjRZ8bFQVU1g-raceIdconstructorIdposition",
      "probability": 1,
      "from_file_path": "./Qualifying",
      "from_class_or_interface_name": "Qualifying",
      "from_class_or_interface_key": "_czML8EYZEDqjRZ8bFQVU1g",
      "from_method_name": null,
      "from_method_key": null,
      "to_file_path": "./ConstructorStandings",
      "to_class_or_interface_key": "_QWfiEEYWEDqjRZ8bFQVU1g",
      "to_class_or_interface_name": "Qualifying",
      "to_method_key": null,
      "to_method_name": null,
      "data_clump_type": "fields_to_fields_data_clump",
      "data_clump_data": {
        "_kF4WcEYZEDqjRZ8bFQVU1g": {
          "key": "_kF4WcEYZEDqjRZ8bFQVU1g",
          "name": "raceId",
          "type": null,
          "probability": 1,
          "modifiers": [
            "private"
          ],
          "to_variable": {
            "key": "_VxAC8EYWEDqjRZ8bFQVU1g",
            "name": "raceId",
            "type": null,
            "modifiers": [
              "private"
            ],
            "position": {}
          },
          "position": {}
        },
        "_mV_-8EYZEDqjRZ8bFQVU1g": {
          "key": "_mV_-8EYZEDqjRZ8bFQVU1g",
          "name": "constructorId",
          "type": null,
          "probability": 1,
          "modifiers": [
            "private"
          ],
          "to_variable": {
            "key": "_XJanYEYWEDqjRZ8bFQVU1g",
            "name": "constructorId",
            "type": null,
            "modifiers": [
              "private"
            ],
            "position": {}
          },
          "position": {}
        },
        "_qE4EcEYZEDqjRZ8bFQVU1g": {
          "key": "_qE4EcEYZEDqjRZ8bFQVU1g",
          "name": "position",
          "type": null,
          "probability": 1,
          "modifiers": [
            "private"
          ],
          "to_variable": {
            "key": "_4nPCAEYWEDqjRZ8bFQVU1g",
            "name": "position",
            "type": null,
            "modifiers": [
              "private"
            ],
            "position": {}
          },
          "position": {}
        }
      }
    },
    "fields_to_fields_data_clump-./Qualifying-_czML8EYZEDqjRZ8bFQVU1g-_WaaW4EYXEDqjRZ8bFQVU1g-raceIddriverIdposition": {
      "type": "data_clump",
      "key": "fields_to_fields_data_clump-./Qualifying-_czML8EYZEDqjRZ8bFQVU1g-_WaaW4EYXEDqjRZ8bFQVU1g-raceIddriverIdposition",
      "probability": 1,
      "from_file_path": "./Qualifying",
      "from_class_or_interface_name": "Qualifying",
      "from_class_or_interface_key": "_czML8EYZEDqjRZ8bFQVU1g",
      "from_method_name": null,
      "from_method_key": null,
      "to_file_path": "./DriverStandings",
      "to_class_or_interface_key": "_WaaW4EYXEDqjRZ8bFQVU1g",
      "to_class_or_interface_name": "Qualifying",
      "to_method_key": null,
      "to_method_name": null,
      "data_clump_type": "fields_to_fields_data_clump",
      "data_clump_data": {
        "_kF4WcEYZEDqjRZ8bFQVU1g": {
          "key": "_kF4WcEYZEDqjRZ8bFQVU1g",
          "name": "raceId",
          "type": null,
          "probability": 1,
          "modifiers": [
            "private"
          ],
          "to_variable": {
            "key": "_b-BwcEYXEDqjRZ8bFQVU1g",
            "name": "raceId",
            "type": null,
            "modifiers": [
              "private"
            ],
            "position": {}
          },
          "position": {}
        },
        "_lBFacEYZEDqjRZ8bFQVU1g": {
          "key": "_lBFacEYZEDqjRZ8bFQVU1g",
          "name": "driverId",
          "type": null,
          "probability": 1,
          "modifiers": [
            "private"
          ],
          "to_variable": {
            "key": "_dutq8EYXEDqjRZ8bFQVU1g",
            "name": "driverId",
            "type": null,
            "modifiers": [
              "private"
            ],
            "position": {}
          },
          "position": {}
        },
        "_qE4EcEYZEDqjRZ8bFQVU1g": {
          "key": "_qE4EcEYZEDqjRZ8bFQVU1g",
          "name": "position",
          "type": null,
          "probability": 1,
          "modifiers": [
            "private"
          ],
          "to_variable": {
            "key": "_lIf78EYXEDqjRZ8bFQVU1g",
            "name": "position",
            "type": null,
            "modifiers": [
              "private"
            ],
            "position": {}
          },
          "position": {}
        }
      }
    },
    "fields_to_fields_data_clump-./Qualifying-_czML8EYZEDqjRZ8bFQVU1g-_2AkP0EYYEDqjRZ8bFQVU1g-raceIddriverIdposition": {
      "type": "data_clump",
      "key": "fields_to_fields_data_clump-./Qualifying-_czML8EYZEDqjRZ8bFQVU1g-_2AkP0EYYEDqjRZ8bFQVU1g-raceIddriverIdposition",
      "probability": 1,
      "from_file_path": "./Qualifying",
      "from_class_or_interface_name": "Qualifying",
      "from_class_or_interface_key": "_czML8EYZEDqjRZ8bFQVU1g",
      "from_method_name": null,
      "from_method_key": null,
      "to_file_path": "./LapTimes",
      "to_class_or_interface_key": "_2AkP0EYYEDqjRZ8bFQVU1g",
      "to_class_or_interface_name": "Qualifying",
      "to_method_key": null,
      "to_method_name": null,
      "data_clump_type": "fields_to_fields_data_clump",
      "data_clump_data": {
        "_kF4WcEYZEDqjRZ8bFQVU1g": {
          "key": "_kF4WcEYZEDqjRZ8bFQVU1g",
          "name": "raceId",
          "type": null,
          "probability": 1,
          "modifiers": [
            "private"
          ],
          "to_variable": {
            "key": "_4DvBcEYYEDqjRZ8bFQVU1g",
            "name": "raceId",
            "type": null,
            "modifiers": [
              "private"
            ],
            "position": {}
          },
          "position": {}
        },
        "_lBFacEYZEDqjRZ8bFQVU1g": {
          "key": "_lBFacEYZEDqjRZ8bFQVU1g",
          "name": "driverId",
          "type": null,
          "probability": 1,
          "modifiers": [
            "private"
          ],
          "to_variable": {
            "key": "_6DJ7gEYYEDqjRZ8bFQVU1g",
            "name": "driverId",
            "type": null,
            "modifiers": [
              "private"
            ],
            "position": {}
          },
          "position": {}
        },
        "_qE4EcEYZEDqjRZ8bFQVU1g": {
          "key": "_qE4EcEYZEDqjRZ8bFQVU1g",
          "name": "position",
          "type": null,
          "probability": 1,
          "modifiers": [
            "private"
          ],
          "to_variable": {
            "key": "_8_SVcEYYEDqjRZ8bFQVU1g",
            "name": "position",
            "type": null,
            "modifiers": [
              "private"
            ],
            "position": {}
          },
          "position": {}
        }
      }
    },
    "fields_to_fields_data_clump-./Qualifying-_czML8EYZEDqjRZ8bFQVU1g-_AcBsoEYaEDqjRZ8bFQVU1g-raceIddriverIdconstructorIdnumberposition": {
      "type": "data_clump",
      "key": "fields_to_fields_data_clump-./Qualifying-_czML8EYZEDqjRZ8bFQVU1g-_AcBsoEYaEDqjRZ8bFQVU1g-raceIddriverIdconstructorIdnumberposition",
      "probability": 1,
      "from_file_path": "./Qualifying",
      "from_class_or_interface_name": "Qualifying",
      "from_class_or_interface_key": "_czML8EYZEDqjRZ8bFQVU1g",
      "from_method_name": null,
      "from_method_key": null,
      "to_file_path": "./Results",
      "to_class_or_interface_key": "_AcBsoEYaEDqjRZ8bFQVU1g",
      "to_class_or_interface_name": "Qualifying",
      "to_method_key": null,
      "to_method_name": null,
      "data_clump_type": "fields_to_fields_data_clump",
      "data_clump_data": {
        "_kF4WcEYZEDqjRZ8bFQVU1g": {
          "key": "_kF4WcEYZEDqjRZ8bFQVU1g",
          "name": "raceId",
          "type": null,
          "probability": 1,
          "modifiers": [
            "private"
          ],
          "to_variable": {
            "key": "_QTZ1AEYaEDqjRZ8bFQVU1g",
            "name": "raceId",
            "type": null,
            "modifiers": [
              "private"
            ],
            "position": {}
          },
          "position": {}
        },
        "_lBFacEYZEDqjRZ8bFQVU1g": {
          "key": "_lBFacEYZEDqjRZ8bFQVU1g",
          "name": "driverId",
          "type": null,
          "probability": 1,
          "modifiers": [
            "private"
          ],
          "to_variable": {
            "key": "_S6LqAEYaEDqjRZ8bFQVU1g",
            "name": "driverId",
            "type": null,
            "modifiers": [
              "private"
            ],
            "position": {}
          },
          "position": {}
        },
        "_mV_-8EYZEDqjRZ8bFQVU1g": {
          "key": "_mV_-8EYZEDqjRZ8bFQVU1g",
          "name": "constructorId",
          "type": null,
          "probability": 1,
          "modifiers": [
            "private"
          ],
          "to_variable": {
            "key": "_TCf4gEYaEDqjRZ8bFQVU1g",
            "name": "constructorId",
            "type": null,
            "modifiers": [
              "private"
            ],
            "position": {}
          },
          "position": {}
        },
        "_ojiNgEYZEDqjRZ8bFQVU1g": {
          "key": "_ojiNgEYZEDqjRZ8bFQVU1g",
          "name": "number",
          "type": null,
          "probability": 1,
          "modifiers": [
            "private"
          ],
          "to_variable": {
            "key": "_XdA8AEYaEDqjRZ8bFQVU1g",
            "name": "number",
            "type": null,
            "modifiers": [
              "private"
            ],
            "position": {}
          },
          "position": {}
        },
        "_qE4EcEYZEDqjRZ8bFQVU1g": {
          "key": "_qE4EcEYZEDqjRZ8bFQVU1g",
          "name": "position",
          "type": null,
          "probability": 1,
          "modifiers": [
            "private"
          ],
          "to_variable": {
            "key": "_aUMkgEYaEDqjRZ8bFQVU1g",
            "name": "position",
            "type": null,
            "modifiers": [
              "private"
            ],
            "position": {}
          },
          "position": {}
        }
      }
    },
    "fields_to_fields_data_clump-./Results-_AcBsoEYaEDqjRZ8bFQVU1g-_yrR2YEYVEDqjRZ8bFQVU1g-raceIdconstructorIdpoints": {
      "type": "data_clump",
      "key": "fields_to_fields_data_clump-./Results-_AcBsoEYaEDqjRZ8bFQVU1g-_yrR2YEYVEDqjRZ8bFQVU1g-raceIdconstructorIdpoints",
      "probability": 1,
      "from_file_path": "./Results",
      "from_class_or_interface_name": "Results",
      "from_class_or_interface_key": "_AcBsoEYaEDqjRZ8bFQVU1g",
      "from_method_name": null,
      "from_method_key": null,
      "to_file_path": "./ConstructorResults",
      "to_class_or_interface_key": "_yrR2YEYVEDqjRZ8bFQVU1g",
      "to_class_or_interface_name": "Results",
      "to_method_key": null,
      "to_method_name": null,
      "data_clump_type": "fields_to_fields_data_clump",
      "data_clump_data": {
        "_QTZ1AEYaEDqjRZ8bFQVU1g": {
          "key": "_QTZ1AEYaEDqjRZ8bFQVU1g",
          "name": "raceId",
          "type": null,
          "probability": 1,
          "modifiers": [
            "private"
          ],
          "to_variable": {
            "key": "__jMkAEYVEDqjRZ8bFQVU1g",
            "name": "raceId",
            "type": null,
            "modifiers": [
              "private"
            ],
            "position": {}
          },
          "position": {}
        },
        "_TCf4gEYaEDqjRZ8bFQVU1g": {
          "key": "_TCf4gEYaEDqjRZ8bFQVU1g",
          "name": "constructorId",
          "type": null,
          "probability": 1,
          "modifiers": [
            "private"
          ],
          "to_variable": {
            "key": "_Bbuy8EYWEDqjRZ8bFQVU1g",
            "name": "constructorId",
            "type": null,
            "modifiers": [
              "private"
            ],
            "position": {}
          },
          "position": {}
        },
        "_dpDAcEYaEDqjRZ8bFQVU1g": {
          "key": "_dpDAcEYaEDqjRZ8bFQVU1g",
          "name": "points",
          "type": null,
          "probability": 1,
          "modifiers": [
            "private"
          ],
          "to_variable": {
            "key": "_EVDwgEYWEDqjRZ8bFQVU1g",
            "name": "points",
            "type": null,
            "modifiers": [
              "private"
            ],
            "position": {}
          },
          "position": {}
        }
      }
    },
    "fields_to_fields_data_clump-./Results-_AcBsoEYaEDqjRZ8bFQVU1g-_QWfiEEYWEDqjRZ8bFQVU1g-raceIdconstructorIdpositionpoints": {
      "type": "data_clump",
      "key": "fields_to_fields_data_clump-./Results-_AcBsoEYaEDqjRZ8bFQVU1g-_QWfiEEYWEDqjRZ8bFQVU1g-raceIdconstructorIdpositionpoints",
      "probability": 1,
      "from_file_path": "./Results",
      "from_class_or_interface_name": "Results",
      "from_class_or_interface_key": "_AcBsoEYaEDqjRZ8bFQVU1g",
      "from_method_name": null,
      "from_method_key": null,
      "to_file_path": "./ConstructorStandings",
      "to_class_or_interface_key": "_QWfiEEYWEDqjRZ8bFQVU1g",
      "to_class_or_interface_name": "Results",
      "to_method_key": null,
      "to_method_name": null,
      "data_clump_type": "fields_to_fields_data_clump",
      "data_clump_data": {
        "_QTZ1AEYaEDqjRZ8bFQVU1g": {
          "key": "_QTZ1AEYaEDqjRZ8bFQVU1g",
          "name": "raceId",
          "type": null,
          "probability": 1,
          "modifiers": [
            "private"
          ],
          "to_variable": {
            "key": "_VxAC8EYWEDqjRZ8bFQVU1g",
            "name": "raceId",
            "type": null,
            "modifiers": [
              "private"
            ],
            "position": {}
          },
          "position": {}
        },
        "_TCf4gEYaEDqjRZ8bFQVU1g": {
          "key": "_TCf4gEYaEDqjRZ8bFQVU1g",
          "name": "constructorId",
          "type": null,
          "probability": 1,
          "modifiers": [
            "private"
          ],
          "to_variable": {
            "key": "_XJanYEYWEDqjRZ8bFQVU1g",
            "name": "constructorId",
            "type": null,
            "modifiers": [
              "private"
            ],
            "position": {}
          },
          "position": {}
        },
        "_aUMkgEYaEDqjRZ8bFQVU1g": {
          "key": "_aUMkgEYaEDqjRZ8bFQVU1g",
          "name": "position",
          "type": null,
          "probability": 1,
          "modifiers": [
            "private"
          ],
          "to_variable": {
            "key": "_4nPCAEYWEDqjRZ8bFQVU1g",
            "name": "position",
            "type": null,
            "modifiers": [
              "private"
            ],
            "position": {}
          },
          "position": {}
        },
        "_dpDAcEYaEDqjRZ8bFQVU1g": {
          "key": "_dpDAcEYaEDqjRZ8bFQVU1g",
          "name": "points",
          "type": null,
          "probability": 1,
          "modifiers": [
            "private"
          ],
          "to_variable": {
            "key": "_auFA8EYWEDqjRZ8bFQVU1g",
            "name": "points",
            "type": null,
            "modifiers": [
              "private"
            ],
            "position": {}
          },
          "position": {}
        }
      }
    },
    "fields_to_fields_data_clump-./Results-_AcBsoEYaEDqjRZ8bFQVU1g-_WaaW4EYXEDqjRZ8bFQVU1g-raceIddriverIdpositionpoints": {
      "type": "data_clump",
      "key": "fields_to_fields_data_clump-./Results-_AcBsoEYaEDqjRZ8bFQVU1g-_WaaW4EYXEDqjRZ8bFQVU1g-raceIddriverIdpositionpoints",
      "probability": 1,
      "from_file_path": "./Results",
      "from_class_or_interface_name": "Results",
      "from_class_or_interface_key": "_AcBsoEYaEDqjRZ8bFQVU1g",
      "from_method_name": null,
      "from_method_key": null,
      "to_file_path": "./DriverStandings",
      "to_class_or_interface_key": "_WaaW4EYXEDqjRZ8bFQVU1g",
      "to_class_or_interface_name": "Results",
      "to_method_key": null,
      "to_method_name": null,
      "data_clump_type": "fields_to_fields_data_clump",
      "data_clump_data": {
        "_QTZ1AEYaEDqjRZ8bFQVU1g": {
          "key": "_QTZ1AEYaEDqjRZ8bFQVU1g",
          "name": "raceId",
          "type": null,
          "probability": 1,
          "modifiers": [
            "private"
          ],
          "to_variable": {
            "key": "_b-BwcEYXEDqjRZ8bFQVU1g",
            "name": "raceId",
            "type": null,
            "modifiers": [
              "private"
            ],
            "position": {}
          },
          "position": {}
        },
        "_S6LqAEYaEDqjRZ8bFQVU1g": {
          "key": "_S6LqAEYaEDqjRZ8bFQVU1g",
          "name": "driverId",
          "type": null,
          "probability": 1,
          "modifiers": [
            "private"
          ],
          "to_variable": {
            "key": "_dutq8EYXEDqjRZ8bFQVU1g",
            "name": "driverId",
            "type": null,
            "modifiers": [
              "private"
            ],
            "position": {}
          },
          "position": {}
        },
        "_aUMkgEYaEDqjRZ8bFQVU1g": {
          "key": "_aUMkgEYaEDqjRZ8bFQVU1g",
          "name": "position",
          "type": null,
          "probability": 1,
          "modifiers": [
            "private"
          ],
          "to_variable": {
            "key": "_lIf78EYXEDqjRZ8bFQVU1g",
            "name": "position",
            "type": null,
            "modifiers": [
              "private"
            ],
            "position": {}
          },
          "position": {}
        },
        "_dpDAcEYaEDqjRZ8bFQVU1g": {
          "key": "_dpDAcEYaEDqjRZ8bFQVU1g",
          "name": "points",
          "type": null,
          "probability": 1,
          "modifiers": [
            "private"
          ],
          "to_variable": {
            "key": "_f6GkcEYXEDqjRZ8bFQVU1g",
            "name": "points",
            "type": null,
            "modifiers": [
              "private"
            ],
            "position": {}
          },
          "position": {}
        }
      }
    },
    "fields_to_fields_data_clump-./Results-_AcBsoEYaEDqjRZ8bFQVU1g-_2AkP0EYYEDqjRZ8bFQVU1g-raceIddriverIdposition": {
      "type": "data_clump",
      "key": "fields_to_fields_data_clump-./Results-_AcBsoEYaEDqjRZ8bFQVU1g-_2AkP0EYYEDqjRZ8bFQVU1g-raceIddriverIdposition",
      "probability": 1,
      "from_file_path": "./Results",
      "from_class_or_interface_name": "Results",
      "from_class_or_interface_key": "_AcBsoEYaEDqjRZ8bFQVU1g",
      "from_method_name": null,
      "from_method_key": null,
      "to_file_path": "./LapTimes",
      "to_class_or_interface_key": "_2AkP0EYYEDqjRZ8bFQVU1g",
      "to_class_or_interface_name": "Results",
      "to_method_key": null,
      "to_method_name": null,
      "data_clump_type": "fields_to_fields_data_clump",
      "data_clump_data": {
        "_QTZ1AEYaEDqjRZ8bFQVU1g": {
          "key": "_QTZ1AEYaEDqjRZ8bFQVU1g",
          "name": "raceId",
          "type": null,
          "probability": 1,
          "modifiers": [
            "private"
          ],
          "to_variable": {
            "key": "_4DvBcEYYEDqjRZ8bFQVU1g",
            "name": "raceId",
            "type": null,
            "modifiers": [
              "private"
            ],
            "position": {}
          },
          "position": {}
        },
        "_S6LqAEYaEDqjRZ8bFQVU1g": {
          "key": "_S6LqAEYaEDqjRZ8bFQVU1g",
          "name": "driverId",
          "type": null,
          "probability": 1,
          "modifiers": [
            "private"
          ],
          "to_variable": {
            "key": "_6DJ7gEYYEDqjRZ8bFQVU1g",
            "name": "driverId",
            "type": null,
            "modifiers": [
              "private"
            ],
            "position": {}
          },
          "position": {}
        },
        "_aUMkgEYaEDqjRZ8bFQVU1g": {
          "key": "_aUMkgEYaEDqjRZ8bFQVU1g",
          "name": "position",
          "type": null,
          "probability": 1,
          "modifiers": [
            "private"
          ],
          "to_variable": {
            "key": "_8_SVcEYYEDqjRZ8bFQVU1g",
            "name": "position",
            "type": null,
            "modifiers": [
              "private"
            ],
            "position": {}
          },
          "position": {}
        }
      }
    },
    "fields_to_fields_data_clump-./Results-_AcBsoEYaEDqjRZ8bFQVU1g-_czML8EYZEDqjRZ8bFQVU1g-raceIddriverIdconstructorIdnumberposition": {
      "type": "data_clump",
      "key": "fields_to_fields_data_clump-./Results-_AcBsoEYaEDqjRZ8bFQVU1g-_czML8EYZEDqjRZ8bFQVU1g-raceIddriverIdconstructorIdnumberposition",
      "probability": 1,
      "from_file_path": "./Results",
      "from_class_or_interface_name": "Results",
      "from_class_or_interface_key": "_AcBsoEYaEDqjRZ8bFQVU1g",
      "from_method_name": null,
      "from_method_key": null,
      "to_file_path": "./Qualifying",
      "to_class_or_interface_key": "_czML8EYZEDqjRZ8bFQVU1g",
      "to_class_or_interface_name": "Results",
      "to_method_key": null,
      "to_method_name": null,
      "data_clump_type": "fields_to_fields_data_clump",
      "data_clump_data": {
        "_QTZ1AEYaEDqjRZ8bFQVU1g": {
          "key": "_QTZ1AEYaEDqjRZ8bFQVU1g",
          "name": "raceId",
          "type": null,
          "probability": 1,
          "modifiers": [
            "private"
          ],
          "to_variable": {
            "key": "_kF4WcEYZEDqjRZ8bFQVU1g",
            "name": "raceId",
            "type": null,
            "modifiers": [
              "private"
            ],
            "position": {}
          },
          "position": {}
        },
        "_S6LqAEYaEDqjRZ8bFQVU1g": {
          "key": "_S6LqAEYaEDqjRZ8bFQVU1g",
          "name": "driverId",
          "type": null,
          "probability": 1,
          "modifiers": [
            "private"
          ],
          "to_variable": {
            "key": "_lBFacEYZEDqjRZ8bFQVU1g",
            "name": "driverId",
            "type": null,
            "modifiers": [
              "private"
            ],
            "position": {}
          },
          "position": {}
        },
        "_TCf4gEYaEDqjRZ8bFQVU1g": {
          "key": "_TCf4gEYaEDqjRZ8bFQVU1g",
          "name": "constructorId",
          "type": null,
          "probability": 1,
          "modifiers": [
            "private"
          ],
          "to_variable": {
            "key": "_mV_-8EYZEDqjRZ8bFQVU1g",
            "name": "constructorId",
            "type": null,
            "modifiers": [
              "private"
            ],
            "position": {}
          },
          "position": {}
        },
        "_XdA8AEYaEDqjRZ8bFQVU1g": {
          "key": "_XdA8AEYaEDqjRZ8bFQVU1g",
          "name": "number",
          "type": null,
          "probability": 1,
          "modifiers": [
            "private"
          ],
          "to_variable": {
            "key": "_ojiNgEYZEDqjRZ8bFQVU1g",
            "name": "number",
            "type": null,
            "modifiers": [
              "private"
            ],
            "position": {}
          },
          "position": {}
        },
        "_aUMkgEYaEDqjRZ8bFQVU1g": {
          "key": "_aUMkgEYaEDqjRZ8bFQVU1g",
          "name": "position",
          "type": null,
          "probability": 1,
          "modifiers": [
            "private"
          ],
          "to_variable": {
            "key": "_qE4EcEYZEDqjRZ8bFQVU1g",
            "name": "position",
            "type": null,
            "modifiers": [
              "private"
            ],
            "position": {}
          },
          "position": {}
        }
      }
    }
  }
}