{
  "report_version": "unknown",
  "report_timestamp": "2025-03-23T18:50:20.235Z",
  "target_language": "java",
  "report_summary": {
    "additional": null,
    "amount_classes_or_interfaces_with_data_clumps": 2,
    "amount_files_with_data_clumps": 2,
    "amount_methods_with_data_clumps": 4,
    "fields_to_fields_data_clump": 0,
    "parameters_to_fields_data_clump": 0,
    "parameters_to_parameters_data_clump": 4,
    "amount_data_clumps": 4
  },
  "project_info": {
    "project_url": "https://github.com/OryxProject/oryx",
    "project_name": "oryx",
    "project_version": "81877fbe64b994c523e1a511cafa91c6922c1092",
    "project_commit_hash": "81877fbe64b994c523e1a511cafa91c6922c1092",
    "project_tag": "oryx-2.2.0",
    "project_commit_date": "1461331334",
    "additional": {},
    "number_of_files": 362,
    "number_of_classes_or_interfaces": 382,
    "number_of_methods": 1366,
    "number_of_data_fields": 557,
    "number_of_method_parameters": 1021
  },
  "detector": {
    "name": "data-clumps-doctor",
    "url": "https://github.com/NilsBaumgartner1994/data-clumps-doctor",
    "version": "0.1.100",
    "options": {
      "typeVariablesConsidered": false,
      "similarityModifierOfVariablesWithUnknownType": 0,
      "fieldsOfClassesWithUnknownHierarchyProbabilityModifier": 0,
      "sharedFieldsToFieldsAmountMinimum": 3,
      "analyseFieldsInClassesOrInterfacesInheritedFromSuperClassesOrInterfaces": false,
      "sharedParametersToParametersAmountMinimum": 3,
      "sharedParametersToFieldsAmountMinimum": 3,
      "methodsOfClassesOrInterfacesWithUnknownHierarchyProbabilityModifier": 0
    }
  },
  "data_clumps": {
    "parameters_to_parameters_data_clump-framework/oryx-common/src/main/java/com/cloudera/oryx/common/lang/ExecUtils.java-com.cloudera.oryx.common.lang.ExecUtils/method/collectInParallel(int numTasks, int parallelism, boolean privatePool, java.util.function.Function<java.lang.Integer, T> task, java.util.stream.Collector<T, ?, R> collector)-com.cloudera.oryx.common.lang.ExecUtils/method/doInParallel(int numTasks, int parallelism, boolean privatePool, java.util.function.Consumer<java.lang.Integer> task)-numTasksparallelismprivatePool": {
      "type": "data_clump",
      "key": "parameters_to_parameters_data_clump-framework/oryx-common/src/main/java/com/cloudera/oryx/common/lang/ExecUtils.java-com.cloudera.oryx.common.lang.ExecUtils/method/collectInParallel(int numTasks, int parallelism, boolean privatePool, java.util.function.Function<java.lang.Integer, T> task, java.util.stream.Collector<T, ?, R> collector)-com.cloudera.oryx.common.lang.ExecUtils/method/doInParallel(int numTasks, int parallelism, boolean privatePool, java.util.function.Consumer<java.lang.Integer> task)-numTasksparallelismprivatePool",
      "probability": 1,
      "from_file_path": "framework/oryx-common/src/main/java/com/cloudera/oryx/common/lang/ExecUtils.java",
      "from_class_or_interface_name": "ExecUtils",
      "from_class_or_interface_key": "com.cloudera.oryx.common.lang.ExecUtils",
      "from_method_name": "collectInParallel",
      "from_method_key": "com.cloudera.oryx.common.lang.ExecUtils/method/collectInParallel(int numTasks, int parallelism, boolean privatePool, java.util.function.Function<java.lang.Integer, T> task, java.util.stream.Collector<T, ?, R> collector)",
      "to_file_path": "framework/oryx-common/src/main/java/com/cloudera/oryx/common/lang/ExecUtils.java",
      "to_class_or_interface_name": "ExecUtils",
      "to_class_or_interface_key": "com.cloudera.oryx.common.lang.ExecUtils",
      "to_method_name": "doInParallel",
      "to_method_key": "com.cloudera.oryx.common.lang.ExecUtils/method/doInParallel(int numTasks, int parallelism, boolean privatePool, java.util.function.Consumer<java.lang.Integer> task)",
      "data_clump_type": "parameters_to_parameters_data_clump",
      "data_clump_data": {
        "com.cloudera.oryx.common.lang.ExecUtils/method/collectInParallel(int numTasks, int parallelism, boolean privatePool, java.util.function.Function<java.lang.Integer, T> task, java.util.stream.Collector<T, ?, R> collector)/parameter/numTasks": {
          "key": "com.cloudera.oryx.common.lang.ExecUtils/method/collectInParallel(int numTasks, int parallelism, boolean privatePool, java.util.function.Function<java.lang.Integer, T> task, java.util.stream.Collector<T, ?, R> collector)/parameter/numTasks",
          "name": "numTasks",
          "type": "int",
          "probability": 1,
          "modifiers": [],
          "to_variable": {
            "key": "com.cloudera.oryx.common.lang.ExecUtils/method/doInParallel(int numTasks, int parallelism, boolean privatePool, java.util.function.Consumer<java.lang.Integer> task)/parameter/numTasks",
            "name": "numTasks",
            "type": "int",
            "modifiers": [],
            "position": {
              "startLine": 56,
              "startColumn": 39,
              "endLine": 56,
              "endColumn": 47
            }
          },
          "position": {
            "startLine": 94,
            "startColumn": 47,
            "endLine": 94,
            "endColumn": 55
          }
        },
        "com.cloudera.oryx.common.lang.ExecUtils/method/collectInParallel(int numTasks, int parallelism, boolean privatePool, java.util.function.Function<java.lang.Integer, T> task, java.util.stream.Collector<T, ?, R> collector)/parameter/parallelism": {
          "key": "com.cloudera.oryx.common.lang.ExecUtils/method/collectInParallel(int numTasks, int parallelism, boolean privatePool, java.util.function.Function<java.lang.Integer, T> task, java.util.stream.Collector<T, ?, R> collector)/parameter/parallelism",
          "name": "parallelism",
          "type": "int",
          "probability": 1,
          "modifiers": [],
          "to_variable": {
            "key": "com.cloudera.oryx.common.lang.ExecUtils/method/doInParallel(int numTasks, int parallelism, boolean privatePool, java.util.function.Consumer<java.lang.Integer> task)/parameter/parallelism",
            "name": "parallelism",
            "type": "int",
            "modifiers": [],
            "position": {
              "startLine": 57,
              "startColumn": 39,
              "endLine": 57,
              "endColumn": 50
            }
          },
          "position": {
            "startLine": 95,
            "startColumn": 47,
            "endLine": 95,
            "endColumn": 58
          }
        },
        "com.cloudera.oryx.common.lang.ExecUtils/method/collectInParallel(int numTasks, int parallelism, boolean privatePool, java.util.function.Function<java.lang.Integer, T> task, java.util.stream.Collector<T, ?, R> collector)/parameter/privatePool": {
          "key": "com.cloudera.oryx.common.lang.ExecUtils/method/collectInParallel(int numTasks, int parallelism, boolean privatePool, java.util.function.Function<java.lang.Integer, T> task, java.util.stream.Collector<T, ?, R> collector)/parameter/privatePool",
          "name": "privatePool",
          "type": "boolean",
          "probability": 1,
          "modifiers": [],
          "to_variable": {
            "key": "com.cloudera.oryx.common.lang.ExecUtils/method/doInParallel(int numTasks, int parallelism, boolean privatePool, java.util.function.Consumer<java.lang.Integer> task)/parameter/privatePool",
            "name": "privatePool",
            "type": "boolean",
            "modifiers": [],
            "position": {
              "startLine": 58,
              "startColumn": 43,
              "endLine": 58,
              "endColumn": 54
            }
          },
          "position": {
            "startLine": 96,
            "startColumn": 51,
            "endLine": 96,
            "endColumn": 62
          }
        }
      }
    },
    "parameters_to_parameters_data_clump-framework/oryx-common/src/main/java/com/cloudera/oryx/common/lang/ExecUtils.java-com.cloudera.oryx.common.lang.ExecUtils/method/doInParallel(int numTasks, int parallelism, boolean privatePool, java.util.function.Consumer<java.lang.Integer> task)-com.cloudera.oryx.common.lang.ExecUtils/method/collectInParallel(int numTasks, int parallelism, boolean privatePool, java.util.function.Function<java.lang.Integer, T> task, java.util.stream.Collector<T, ?, R> collector)-numTasksparallelismprivatePool": {
      "type": "data_clump",
      "key": "parameters_to_parameters_data_clump-framework/oryx-common/src/main/java/com/cloudera/oryx/common/lang/ExecUtils.java-com.cloudera.oryx.common.lang.ExecUtils/method/doInParallel(int numTasks, int parallelism, boolean privatePool, java.util.function.Consumer<java.lang.Integer> task)-com.cloudera.oryx.common.lang.ExecUtils/method/collectInParallel(int numTasks, int parallelism, boolean privatePool, java.util.function.Function<java.lang.Integer, T> task, java.util.stream.Collector<T, ?, R> collector)-numTasksparallelismprivatePool",
      "probability": 1,
      "from_file_path": "framework/oryx-common/src/main/java/com/cloudera/oryx/common/lang/ExecUtils.java",
      "from_class_or_interface_name": "ExecUtils",
      "from_class_or_interface_key": "com.cloudera.oryx.common.lang.ExecUtils",
      "from_method_name": "doInParallel",
      "from_method_key": "com.cloudera.oryx.common.lang.ExecUtils/method/doInParallel(int numTasks, int parallelism, boolean privatePool, java.util.function.Consumer<java.lang.Integer> task)",
      "to_file_path": "framework/oryx-common/src/main/java/com/cloudera/oryx/common/lang/ExecUtils.java",
      "to_class_or_interface_name": "ExecUtils",
      "to_class_or_interface_key": "com.cloudera.oryx.common.lang.ExecUtils",
      "to_method_name": "collectInParallel",
      "to_method_key": "com.cloudera.oryx.common.lang.ExecUtils/method/collectInParallel(int numTasks, int parallelism, boolean privatePool, java.util.function.Function<java.lang.Integer, T> task, java.util.stream.Collector<T, ?, R> collector)",
      "data_clump_type": "parameters_to_parameters_data_clump",
      "data_clump_data": {
        "com.cloudera.oryx.common.lang.ExecUtils/method/doInParallel(int numTasks, int parallelism, boolean privatePool, java.util.function.Consumer<java.lang.Integer> task)/parameter/numTasks": {
          "key": "com.cloudera.oryx.common.lang.ExecUtils/method/doInParallel(int numTasks, int parallelism, boolean privatePool, java.util.function.Consumer<java.lang.Integer> task)/parameter/numTasks",
          "name": "numTasks",
          "type": "int",
          "probability": 1,
          "modifiers": [],
          "to_variable": {
            "key": "com.cloudera.oryx.common.lang.ExecUtils/method/collectInParallel(int numTasks, int parallelism, boolean privatePool, java.util.function.Function<java.lang.Integer, T> task, java.util.stream.Collector<T, ?, R> collector)/parameter/numTasks",
            "name": "numTasks",
            "type": "int",
            "modifiers": [],
            "position": {
              "startLine": 94,
              "startColumn": 47,
              "endLine": 94,
              "endColumn": 55
            }
          },
          "position": {
            "startLine": 56,
            "startColumn": 39,
            "endLine": 56,
            "endColumn": 47
          }
        },
        "com.cloudera.oryx.common.lang.ExecUtils/method/doInParallel(int numTasks, int parallelism, boolean privatePool, java.util.function.Consumer<java.lang.Integer> task)/parameter/parallelism": {
          "key": "com.cloudera.oryx.common.lang.ExecUtils/method/doInParallel(int numTasks, int parallelism, boolean privatePool, java.util.function.Consumer<java.lang.Integer> task)/parameter/parallelism",
          "name": "parallelism",
          "type": "int",
          "probability": 1,
          "modifiers": [],
          "to_variable": {
            "key": "com.cloudera.oryx.common.lang.ExecUtils/method/collectInParallel(int numTasks, int parallelism, boolean privatePool, java.util.function.Function<java.lang.Integer, T> task, java.util.stream.Collector<T, ?, R> collector)/parameter/parallelism",
            "name": "parallelism",
            "type": "int",
            "modifiers": [],
            "position": {
              "startLine": 95,
              "startColumn": 47,
              "endLine": 95,
              "endColumn": 58
            }
          },
          "position": {
            "startLine": 57,
            "startColumn": 39,
            "endLine": 57,
            "endColumn": 50
          }
        },
        "com.cloudera.oryx.common.lang.ExecUtils/method/doInParallel(int numTasks, int parallelism, boolean privatePool, java.util.function.Consumer<java.lang.Integer> task)/parameter/privatePool": {
          "key": "com.cloudera.oryx.common.lang.ExecUtils/method/doInParallel(int numTasks, int parallelism, boolean privatePool, java.util.function.Consumer<java.lang.Integer> task)/parameter/privatePool",
          "name": "privatePool",
          "type": "boolean",
          "probability": 1,
          "modifiers": [],
          "to_variable": {
            "key": "com.cloudera.oryx.common.lang.ExecUtils/method/collectInParallel(int numTasks, int parallelism, boolean privatePool, java.util.function.Function<java.lang.Integer, T> task, java.util.stream.Collector<T, ?, R> collector)/parameter/privatePool",
            "name": "privatePool",
            "type": "boolean",
            "modifiers": [],
            "position": {
              "startLine": 96,
              "startColumn": 51,
              "endLine": 96,
              "endColumn": 62
            }
          },
          "position": {
            "startLine": 58,
            "startColumn": 43,
            "endLine": 58,
            "endColumn": 54
          }
        }
      }
    },
    "parameters_to_parameters_data_clump-framework/kafka-util/src/main/java/com/cloudera/oryx/kafka/util/KafkaUtils.java-com.cloudera.oryx.kafka.util.KafkaUtils/method/maybeCreateTopic(java.lang.String zkServers, java.lang.String topic, int partitions, java.util.Properties topicProperties)-com.cloudera.oryx.kafka.util.KafkaUtils/method/maybeCreateTopic(java.lang.String zkServers, java.lang.String topic, int partitions)-zkServerstopicpartitions": {
      "type": "data_clump",
      "key": "parameters_to_parameters_data_clump-framework/kafka-util/src/main/java/com/cloudera/oryx/kafka/util/KafkaUtils.java-com.cloudera.oryx.kafka.util.KafkaUtils/method/maybeCreateTopic(java.lang.String zkServers, java.lang.String topic, int partitions, java.util.Properties topicProperties)-com.cloudera.oryx.kafka.util.KafkaUtils/method/maybeCreateTopic(java.lang.String zkServers, java.lang.String topic, int partitions)-zkServerstopicpartitions",
      "probability": 1,
      "from_file_path": "framework/kafka-util/src/main/java/com/cloudera/oryx/kafka/util/KafkaUtils.java",
      "from_class_or_interface_name": "KafkaUtils",
      "from_class_or_interface_key": "com.cloudera.oryx.kafka.util.KafkaUtils",
      "from_method_name": "maybeCreateTopic",
      "from_method_key": "com.cloudera.oryx.kafka.util.KafkaUtils/method/maybeCreateTopic(java.lang.String zkServers, java.lang.String topic, int partitions, java.util.Properties topicProperties)",
      "to_file_path": "framework/kafka-util/src/main/java/com/cloudera/oryx/kafka/util/KafkaUtils.java",
      "to_class_or_interface_name": "KafkaUtils",
      "to_class_or_interface_key": "com.cloudera.oryx.kafka.util.KafkaUtils",
      "to_method_name": "maybeCreateTopic",
      "to_method_key": "com.cloudera.oryx.kafka.util.KafkaUtils/method/maybeCreateTopic(java.lang.String zkServers, java.lang.String topic, int partitions)",
      "data_clump_type": "parameters_to_parameters_data_clump",
      "data_clump_data": {
        "com.cloudera.oryx.kafka.util.KafkaUtils/method/maybeCreateTopic(java.lang.String zkServers, java.lang.String topic, int partitions, java.util.Properties topicProperties)/parameter/zkServers": {
          "key": "com.cloudera.oryx.kafka.util.KafkaUtils/method/maybeCreateTopic(java.lang.String zkServers, java.lang.String topic, int partitions, java.util.Properties topicProperties)/parameter/zkServers",
          "name": "zkServers",
          "type": "java.lang.String",
          "probability": 1,
          "modifiers": [],
          "to_variable": {
            "key": "com.cloudera.oryx.kafka.util.KafkaUtils/method/maybeCreateTopic(java.lang.String zkServers, java.lang.String topic, int partitions)/parameter/zkServers",
            "name": "zkServers",
            "type": "java.lang.String",
            "modifiers": [],
            "position": {
              "startLine": 54,
              "startColumn": 46,
              "endLine": 54,
              "endColumn": 55
            }
          },
          "position": {
            "startLine": 64,
            "startColumn": 46,
            "endLine": 64,
            "endColumn": 55
          }
        },
        "com.cloudera.oryx.kafka.util.KafkaUtils/method/maybeCreateTopic(java.lang.String zkServers, java.lang.String topic, int partitions, java.util.Properties topicProperties)/parameter/topic": {
          "key": "com.cloudera.oryx.kafka.util.KafkaUtils/method/maybeCreateTopic(java.lang.String zkServers, java.lang.String topic, int partitions, java.util.Properties topicProperties)/parameter/topic",
          "name": "topic",
          "type": "java.lang.String",
          "probability": 1,
          "modifiers": [],
          "to_variable": {
            "key": "com.cloudera.oryx.kafka.util.KafkaUtils/method/maybeCreateTopic(java.lang.String zkServers, java.lang.String topic, int partitions)/parameter/topic",
            "name": "topic",
            "type": "java.lang.String",
            "modifiers": [],
            "position": {
              "startLine": 54,
              "startColumn": 64,
              "endLine": 54,
              "endColumn": 69
            }
          },
          "position": {
            "startLine": 65,
            "startColumn": 46,
            "endLine": 65,
            "endColumn": 51
          }
        },
        "com.cloudera.oryx.kafka.util.KafkaUtils/method/maybeCreateTopic(java.lang.String zkServers, java.lang.String topic, int partitions, java.util.Properties topicProperties)/parameter/partitions": {
          "key": "com.cloudera.oryx.kafka.util.KafkaUtils/method/maybeCreateTopic(java.lang.String zkServers, java.lang.String topic, int partitions, java.util.Properties topicProperties)/parameter/partitions",
          "name": "partitions",
          "type": "int",
          "probability": 1,
          "modifiers": [],
          "to_variable": {
            "key": "com.cloudera.oryx.kafka.util.KafkaUtils/method/maybeCreateTopic(java.lang.String zkServers, java.lang.String topic, int partitions)/parameter/partitions",
            "name": "partitions",
            "type": "int",
            "modifiers": [],
            "position": {
              "startLine": 54,
              "startColumn": 75,
              "endLine": 54,
              "endColumn": 85
            }
          },
          "position": {
            "startLine": 66,
            "startColumn": 43,
            "endLine": 66,
            "endColumn": 53
          }
        }
      }
    },
    "parameters_to_parameters_data_clump-framework/kafka-util/src/main/java/com/cloudera/oryx/kafka/util/KafkaUtils.java-com.cloudera.oryx.kafka.util.KafkaUtils/method/maybeCreateTopic(java.lang.String zkServers, java.lang.String topic, int partitions)-com.cloudera.oryx.kafka.util.KafkaUtils/method/maybeCreateTopic(java.lang.String zkServers, java.lang.String topic, int partitions, java.util.Properties topicProperties)-zkServerstopicpartitions": {
      "type": "data_clump",
      "key": "parameters_to_parameters_data_clump-framework/kafka-util/src/main/java/com/cloudera/oryx/kafka/util/KafkaUtils.java-com.cloudera.oryx.kafka.util.KafkaUtils/method/maybeCreateTopic(java.lang.String zkServers, java.lang.String topic, int partitions)-com.cloudera.oryx.kafka.util.KafkaUtils/method/maybeCreateTopic(java.lang.String zkServers, java.lang.String topic, int partitions, java.util.Properties topicProperties)-zkServerstopicpartitions",
      "probability": 1,
      "from_file_path": "framework/kafka-util/src/main/java/com/cloudera/oryx/kafka/util/KafkaUtils.java",
      "from_class_or_interface_name": "KafkaUtils",
      "from_class_or_interface_key": "com.cloudera.oryx.kafka.util.KafkaUtils",
      "from_method_name": "maybeCreateTopic",
      "from_method_key": "com.cloudera.oryx.kafka.util.KafkaUtils/method/maybeCreateTopic(java.lang.String zkServers, java.lang.String topic, int partitions)",
      "to_file_path": "framework/kafka-util/src/main/java/com/cloudera/oryx/kafka/util/KafkaUtils.java",
      "to_class_or_interface_name": "KafkaUtils",
      "to_class_or_interface_key": "com.cloudera.oryx.kafka.util.KafkaUtils",
      "to_method_name": "maybeCreateTopic",
      "to_method_key": "com.cloudera.oryx.kafka.util.KafkaUtils/method/maybeCreateTopic(java.lang.String zkServers, java.lang.String topic, int partitions, java.util.Properties topicProperties)",
      "data_clump_type": "parameters_to_parameters_data_clump",
      "data_clump_data": {
        "com.cloudera.oryx.kafka.util.KafkaUtils/method/maybeCreateTopic(java.lang.String zkServers, java.lang.String topic, int partitions)/parameter/zkServers": {
          "key": "com.cloudera.oryx.kafka.util.KafkaUtils/method/maybeCreateTopic(java.lang.String zkServers, java.lang.String topic, int partitions)/parameter/zkServers",
          "name": "zkServers",
          "type": "java.lang.String",
          "probability": 1,
          "modifiers": [],
          "to_variable": {
            "key": "com.cloudera.oryx.kafka.util.KafkaUtils/method/maybeCreateTopic(java.lang.String zkServers, java.lang.String topic, int partitions, java.util.Properties topicProperties)/parameter/zkServers",
            "name": "zkServers",
            "type": "java.lang.String",
            "modifiers": [],
            "position": {
              "startLine": 64,
              "startColumn": 46,
              "endLine": 64,
              "endColumn": 55
            }
          },
          "position": {
            "startLine": 54,
            "startColumn": 46,
            "endLine": 54,
            "endColumn": 55
          }
        },
        "com.cloudera.oryx.kafka.util.KafkaUtils/method/maybeCreateTopic(java.lang.String zkServers, java.lang.String topic, int partitions)/parameter/topic": {
          "key": "com.cloudera.oryx.kafka.util.KafkaUtils/method/maybeCreateTopic(java.lang.String zkServers, java.lang.String topic, int partitions)/parameter/topic",
          "name": "topic",
          "type": "java.lang.String",
          "probability": 1,
          "modifiers": [],
          "to_variable": {
            "key": "com.cloudera.oryx.kafka.util.KafkaUtils/method/maybeCreateTopic(java.lang.String zkServers, java.lang.String topic, int partitions, java.util.Properties topicProperties)/parameter/topic",
            "name": "topic",
            "type": "java.lang.String",
            "modifiers": [],
            "position": {
              "startLine": 65,
              "startColumn": 46,
              "endLine": 65,
              "endColumn": 51
            }
          },
          "position": {
            "startLine": 54,
            "startColumn": 64,
            "endLine": 54,
            "endColumn": 69
          }
        },
        "com.cloudera.oryx.kafka.util.KafkaUtils/method/maybeCreateTopic(java.lang.String zkServers, java.lang.String topic, int partitions)/parameter/partitions": {
          "key": "com.cloudera.oryx.kafka.util.KafkaUtils/method/maybeCreateTopic(java.lang.String zkServers, java.lang.String topic, int partitions)/parameter/partitions",
          "name": "partitions",
          "type": "int",
          "probability": 1,
          "modifiers": [],
          "to_variable": {
            "key": "com.cloudera.oryx.kafka.util.KafkaUtils/method/maybeCreateTopic(java.lang.String zkServers, java.lang.String topic, int partitions, java.util.Properties topicProperties)/parameter/partitions",
            "name": "partitions",
            "type": "int",
            "modifiers": [],
            "position": {
              "startLine": 66,
              "startColumn": 43,
              "endLine": 66,
              "endColumn": 53
            }
          },
          "position": {
            "startLine": 54,
            "startColumn": 75,
            "endLine": 54,
            "endColumn": 85
          }
        }
      }
    }
  }
}