{
  "report_version": "unknown",
  "report_timestamp": "2025-03-26T22:02:18.904Z",
  "target_language": "java",
  "report_summary": {
    "additional": null,
    "amount_classes_or_interfaces_with_data_clumps": 2,
    "amount_files_with_data_clumps": 2,
    "amount_methods_with_data_clumps": 0,
    "fields_to_fields_data_clump": 2,
    "parameters_to_fields_data_clump": 0,
    "parameters_to_parameters_data_clump": 0,
    "amount_data_clumps": 2
  },
  "project_info": {
    "project_url": "unknown_project_url",
    "project_name": "_wDJWAO02Eea4B_1Xj_CS2A",
    "project_version": "unknown_project_version",
    "project_commit_hash": "unknown",
    "project_tag": null,
    "project_commit_date": null,
    "additional": {},
    "number_of_files": 4,
    "number_of_classes_or_interfaces": 4,
    "number_of_methods": 20,
    "number_of_data_fields": 28,
    "number_of_method_parameters": 0
  },
  "detector": {
    "name": "data-clumps-doctor",
    "url": "https://github.com/NilsBaumgartner1994/data-clumps-doctor",
    "version": "0.1.100",
    "options": {
      "typeVariablesConsidered": false,
      "similarityModifierOfVariablesWithUnknownType": 0,
      "fieldsOfClassesWithUnknownHierarchyProbabilityModifier": 0,
      "sharedFieldsToFieldsAmountMinimum": 3,
      "analyseFieldsInClassesOrInterfacesInheritedFromSuperClassesOrInterfaces": false,
      "sharedParametersToParametersAmountMinimum": 3,
      "sharedParametersToFieldsAmountMinimum": 3,
      "methodsOfClassesOrInterfacesWithUnknownHierarchyProbabilityModifier": 0
    }
  },
  "data_clumps": {
    "fields_to_fields_data_clump-./UI-_By76wc9lEDSDMexYdm6tpg-_EQe7QM9lEDSDMexYdm6tpg-countryOfOrigindateOfOriginpriceitemNotesforSaleY/NreferenceToImageitemIDitemName": {
      "type": "data_clump",
      "key": "fields_to_fields_data_clump-./UI-_By76wc9lEDSDMexYdm6tpg-_EQe7QM9lEDSDMexYdm6tpg-countryOfOrigindateOfOriginpriceitemNotesforSaleY/NreferenceToImageitemIDitemName",
      "probability": 1,
      "from_file_path": "./UI",
      "from_class_or_interface_name": "UI",
      "from_class_or_interface_key": "_By76wc9lEDSDMexYdm6tpg",
      "from_method_name": null,
      "from_method_key": null,
      "to_file_path": "./collectman",
      "to_class_or_interface_key": "_EQe7QM9lEDSDMexYdm6tpg",
      "to_class_or_interface_name": "UI",
      "to_method_key": null,
      "to_method_name": null,
      "data_clump_type": "fields_to_fields_data_clump",
      "data_clump_data": {
        "_fV3ooM9vEDSDMexYdm6tpg": {
          "key": "_fV3ooM9vEDSDMexYdm6tpg",
          "name": "countryOfOrigin",
          "type": null,
          "probability": 1,
          "modifiers": [],
          "to_variable": {
            "key": "_8qBDsM9lEDSDMexYdm6tpg",
            "name": "countryOfOrigin",
            "type": null,
            "modifiers": [],
            "position": {}
          },
          "position": {}
        },
        "_gy6OYM9vEDSDMexYdm6tpg": {
          "key": "_gy6OYM9vEDSDMexYdm6tpg",
          "name": "dateOfOrigin",
          "type": null,
          "probability": 1,
          "modifiers": [],
          "to_variable": {
            "key": "__lbr8M9lEDSDMexYdm6tpg",
            "name": "dateOfOrigin",
            "type": null,
            "modifiers": [],
            "position": {}
          },
          "position": {}
        },
        "_gy61cM9vEDSDMexYdm6tpg": {
          "key": "_gy61cM9vEDSDMexYdm6tpg",
          "name": "price",
          "type": null,
          "probability": 1,
          "modifiers": [],
          "to_variable": {
            "key": "_EmyF8M9mEDSDMexYdm6tpg",
            "name": "price",
            "type": null,
            "modifiers": [],
            "position": {}
          },
          "position": {}
        },
        "_gy61cc9vEDSDMexYdm6tpg": {
          "key": "_gy61cc9vEDSDMexYdm6tpg",
          "name": "itemNotes",
          "type": null,
          "probability": 1,
          "modifiers": [],
          "to_variable": {
            "key": "_F2ah0M9mEDSDMexYdm6tpg",
            "name": "itemNotes",
            "type": null,
            "modifiers": [],
            "position": {}
          },
          "position": {}
        },
        "_gy61cs9vEDSDMexYdm6tpg": {
          "key": "_gy61cs9vEDSDMexYdm6tpg",
          "name": "forSaleY/N",
          "type": null,
          "probability": 1,
          "modifiers": [],
          "to_variable": {
            "key": "_RVMDgM9sEDSDMexYdm6tpg",
            "name": "forSaleY/N",
            "type": null,
            "modifiers": [],
            "position": {}
          },
          "position": {}
        },
        "_gy7cgM9vEDSDMexYdm6tpg": {
          "key": "_gy7cgM9vEDSDMexYdm6tpg",
          "name": "referenceToImage",
          "type": null,
          "probability": 1,
          "modifiers": [],
          "to_variable": {
            "key": "_TWOHIM9sEDSDMexYdm6tpg",
            "name": "referenceToImage",
            "type": null,
            "modifiers": [],
            "position": {}
          },
          "position": {}
        },
        "_gy7cgc9vEDSDMexYdm6tpg": {
          "key": "_gy7cgc9vEDSDMexYdm6tpg",
          "name": "itemID",
          "type": null,
          "probability": 1,
          "modifiers": [],
          "to_variable": {
            "key": "_4-kzEM9tEDSDMexYdm6tpg",
            "name": "itemID",
            "type": null,
            "modifiers": [],
            "position": {}
          },
          "position": {}
        },
        "_48yREM9yEDSDMexYdm6tpg": {
          "key": "_48yREM9yEDSDMexYdm6tpg",
          "name": "itemName",
          "type": null,
          "probability": 1,
          "modifiers": [],
          "to_variable": {
            "key": "_25P-8M9lEDSDMexYdm6tpg",
            "name": "itemName",
            "type": null,
            "modifiers": [],
            "position": {}
          },
          "position": {}
        }
      }
    },
    "fields_to_fields_data_clump-./collectman-_EQe7QM9lEDSDMexYdm6tpg-_By76wc9lEDSDMexYdm6tpg-itemNamecountryOfOrigindateOfOriginpriceitemNotesforSaleY/NreferenceToImageitemID": {
      "type": "data_clump",
      "key": "fields_to_fields_data_clump-./collectman-_EQe7QM9lEDSDMexYdm6tpg-_By76wc9lEDSDMexYdm6tpg-itemNamecountryOfOrigindateOfOriginpriceitemNotesforSaleY/NreferenceToImageitemID",
      "probability": 1,
      "from_file_path": "./collectman",
      "from_class_or_interface_name": "collectman",
      "from_class_or_interface_key": "_EQe7QM9lEDSDMexYdm6tpg",
      "from_method_name": null,
      "from_method_key": null,
      "to_file_path": "./UI",
      "to_class_or_interface_key": "_By76wc9lEDSDMexYdm6tpg",
      "to_class_or_interface_name": "collectman",
      "to_method_key": null,
      "to_method_name": null,
      "data_clump_type": "fields_to_fields_data_clump",
      "data_clump_data": {
        "_25P-8M9lEDSDMexYdm6tpg": {
          "key": "_25P-8M9lEDSDMexYdm6tpg",
          "name": "itemName",
          "type": null,
          "probability": 1,
          "modifiers": [],
          "to_variable": {
            "key": "_48yREM9yEDSDMexYdm6tpg",
            "name": "itemName",
            "type": null,
            "modifiers": [],
            "position": {}
          },
          "position": {}
        },
        "_8qBDsM9lEDSDMexYdm6tpg": {
          "key": "_8qBDsM9lEDSDMexYdm6tpg",
          "name": "countryOfOrigin",
          "type": null,
          "probability": 1,
          "modifiers": [],
          "to_variable": {
            "key": "_fV3ooM9vEDSDMexYdm6tpg",
            "name": "countryOfOrigin",
            "type": null,
            "modifiers": [],
            "position": {}
          },
          "position": {}
        },
        "__lbr8M9lEDSDMexYdm6tpg": {
          "key": "__lbr8M9lEDSDMexYdm6tpg",
          "name": "dateOfOrigin",
          "type": null,
          "probability": 1,
          "modifiers": [],
          "to_variable": {
            "key": "_gy6OYM9vEDSDMexYdm6tpg",
            "name": "dateOfOrigin",
            "type": null,
            "modifiers": [],
            "position": {}
          },
          "position": {}
        },
        "_EmyF8M9mEDSDMexYdm6tpg": {
          "key": "_EmyF8M9mEDSDMexYdm6tpg",
          "name": "price",
          "type": null,
          "probability": 1,
          "modifiers": [],
          "to_variable": {
            "key": "_gy61cM9vEDSDMexYdm6tpg",
            "name": "price",
            "type": null,
            "modifiers": [],
            "position": {}
          },
          "position": {}
        },
        "_F2ah0M9mEDSDMexYdm6tpg": {
          "key": "_F2ah0M9mEDSDMexYdm6tpg",
          "name": "itemNotes",
          "type": null,
          "probability": 1,
          "modifiers": [],
          "to_variable": {
            "key": "_gy61cc9vEDSDMexYdm6tpg",
            "name": "itemNotes",
            "type": null,
            "modifiers": [],
            "position": {}
          },
          "position": {}
        },
        "_RVMDgM9sEDSDMexYdm6tpg": {
          "key": "_RVMDgM9sEDSDMexYdm6tpg",
          "name": "forSaleY/N",
          "type": null,
          "probability": 1,
          "modifiers": [],
          "to_variable": {
            "key": "_gy61cs9vEDSDMexYdm6tpg",
            "name": "forSaleY/N",
            "type": null,
            "modifiers": [],
            "position": {}
          },
          "position": {}
        },
        "_TWOHIM9sEDSDMexYdm6tpg": {
          "key": "_TWOHIM9sEDSDMexYdm6tpg",
          "name": "referenceToImage",
          "type": null,
          "probability": 1,
          "modifiers": [],
          "to_variable": {
            "key": "_gy7cgM9vEDSDMexYdm6tpg",
            "name": "referenceToImage",
            "type": null,
            "modifiers": [],
            "position": {}
          },
          "position": {}
        },
        "_4-kzEM9tEDSDMexYdm6tpg": {
          "key": "_4-kzEM9tEDSDMexYdm6tpg",
          "name": "itemID",
          "type": null,
          "probability": 1,
          "modifiers": [],
          "to_variable": {
            "key": "_gy7cgc9vEDSDMexYdm6tpg",
            "name": "itemID",
            "type": null,
            "modifiers": [],
            "position": {}
          },
          "position": {}
        }
      }
    }
  }
}