{
  "report_version": "unknown",
  "report_timestamp": "2025-03-26T22:10:37.811Z",
  "target_language": "java",
  "report_summary": {
    "additional": null,
    "amount_classes_or_interfaces_with_data_clumps": 3,
    "amount_files_with_data_clumps": 3,
    "amount_methods_with_data_clumps": 0,
    "fields_to_fields_data_clump": 6,
    "parameters_to_fields_data_clump": 0,
    "parameters_to_parameters_data_clump": 0,
    "amount_data_clumps": 6
  },
  "project_info": {
    "project_url": "unknown_project_url",
    "project_name": "_7QJUYINREeS0BPrni4LL1A",
    "project_version": "unknown_project_version",
    "project_commit_hash": "unknown",
    "project_tag": null,
    "project_commit_date": null,
    "additional": {},
    "number_of_files": 4,
    "number_of_classes_or_interfaces": 4,
    "number_of_methods": 14,
    "number_of_data_fields": 31,
    "number_of_method_parameters": 0
  },
  "detector": {
    "name": "data-clumps-doctor",
    "url": "https://github.com/NilsBaumgartner1994/data-clumps-doctor",
    "version": "0.1.100",
    "options": {
      "typeVariablesConsidered": false,
      "similarityModifierOfVariablesWithUnknownType": 0,
      "fieldsOfClassesWithUnknownHierarchyProbabilityModifier": 0,
      "sharedFieldsToFieldsAmountMinimum": 3,
      "analyseFieldsInClassesOrInterfacesInheritedFromSuperClassesOrInterfaces": false,
      "sharedParametersToParametersAmountMinimum": 3,
      "sharedParametersToFieldsAmountMinimum": 3,
      "methodsOfClassesOrInterfacesWithUnknownHierarchyProbabilityModifier": 0
    }
  },
  "data_clumps": {
    "fields_to_fields_data_clump-./ProfessionalMember-_8J6hwGWAEDKzUdW4wfIAYA-_roVwYGWBEDKzUdW4wfIAYA-FnameLNameIdpasswordphonenoGenderSubjectPoints": {
      "type": "data_clump",
      "key": "fields_to_fields_data_clump-./ProfessionalMember-_8J6hwGWAEDKzUdW4wfIAYA-_roVwYGWBEDKzUdW4wfIAYA-FnameLNameIdpasswordphonenoGenderSubjectPoints",
      "probability": 1,
      "from_file_path": "./ProfessionalMember",
      "from_class_or_interface_name": "ProfessionalMember",
      "from_class_or_interface_key": "_8J6hwGWAEDKzUdW4wfIAYA",
      "from_method_name": null,
      "from_method_key": null,
      "to_file_path": "./System",
      "to_class_or_interface_key": "_roVwYGWBEDKzUdW4wfIAYA",
      "to_class_or_interface_name": "ProfessionalMember",
      "to_method_key": null,
      "to_method_name": null,
      "data_clump_type": "fields_to_fields_data_clump",
      "data_clump_data": {
        "_B9JEoGWBEDKzUdW4wfIAYA": {
          "key": "_B9JEoGWBEDKzUdW4wfIAYA",
          "name": "Fname",
          "type": null,
          "probability": 1,
          "modifiers": [],
          "to_variable": {
            "key": "_zdzQwGWBEDKzUdW4wfIAYA",
            "name": "Fname",
            "type": null,
            "modifiers": [],
            "position": {}
          },
          "position": {}
        },
        "_CM9CQGWBEDKzUdW4wfIAYA": {
          "key": "_CM9CQGWBEDKzUdW4wfIAYA",
          "name": "LName",
          "type": null,
          "probability": 1,
          "modifiers": [],
          "to_variable": {
            "key": "_zd2UEGWBEDKzUdW4wfIAYA",
            "name": "LName",
            "type": null,
            "modifiers": [],
            "position": {}
          },
          "position": {}
        },
        "_Cc_CUGWBEDKzUdW4wfIAYA": {
          "key": "_Cc_CUGWBEDKzUdW4wfIAYA",
          "name": "Id",
          "type": null,
          "probability": 1,
          "modifiers": [],
          "to_variable": {
            "key": "_zd3iMGWBEDKzUdW4wfIAYA",
            "name": "Id",
            "type": null,
            "modifiers": [],
            "position": {}
          },
          "position": {}
        },
        "_C341oGWBEDKzUdW4wfIAYA": {
          "key": "_C341oGWBEDKzUdW4wfIAYA",
          "name": "password",
          "type": null,
          "probability": 1,
          "modifiers": [],
          "to_variable": {
            "key": "_zd4wUGWBEDKzUdW4wfIAYA",
            "name": "password",
            "type": null,
            "modifiers": [],
            "position": {}
          },
          "position": {}
        },
        "_DMDHwGWBEDKzUdW4wfIAYA": {
          "key": "_DMDHwGWBEDKzUdW4wfIAYA",
          "name": "phoneno",
          "type": null,
          "probability": 1,
          "modifiers": [],
          "to_variable": {
            "key": "_zd5XYGWBEDKzUdW4wfIAYA",
            "name": "phoneno",
            "type": null,
            "modifiers": [],
            "position": {}
          },
          "position": {}
        },
        "_DdrDQGWBEDKzUdW4wfIAYA": {
          "key": "_DdrDQGWBEDKzUdW4wfIAYA",
          "name": "Gender",
          "type": null,
          "probability": 1,
          "modifiers": [],
          "to_variable": {
            "key": "_zd6lgGWBEDKzUdW4wfIAYA",
            "name": "Gender",
            "type": null,
            "modifiers": [],
            "position": {}
          },
          "position": {}
        },
        "_Dw_n4GWBEDKzUdW4wfIAYA": {
          "key": "_Dw_n4GWBEDKzUdW4wfIAYA",
          "name": "Subject",
          "type": null,
          "probability": 1,
          "modifiers": [],
          "to_variable": {
            "key": "_zd6lgWWBEDKzUdW4wfIAYA",
            "name": "Subject",
            "type": null,
            "modifiers": [],
            "position": {}
          },
          "position": {}
        },
        "_EWNNwGWBEDKzUdW4wfIAYA": {
          "key": "_EWNNwGWBEDKzUdW4wfIAYA",
          "name": "Points",
          "type": null,
          "probability": 1,
          "modifiers": [],
          "to_variable": {
            "key": "_zd7MkWWBEDKzUdW4wfIAYA",
            "name": "Points",
            "type": null,
            "modifiers": [],
            "position": {}
          },
          "position": {}
        }
      }
    },
    "fields_to_fields_data_clump-./ProfessionalMember-_8J6hwGWAEDKzUdW4wfIAYA-_EJtfUGWAEDKzUdW4wfIAYA-FnameLNameIdpasswordphonenoGenderSubjectPoints": {
      "type": "data_clump",
      "key": "fields_to_fields_data_clump-./ProfessionalMember-_8J6hwGWAEDKzUdW4wfIAYA-_EJtfUGWAEDKzUdW4wfIAYA-FnameLNameIdpasswordphonenoGenderSubjectPoints",
      "probability": 1,
      "from_file_path": "./ProfessionalMember",
      "from_class_or_interface_name": "ProfessionalMember",
      "from_class_or_interface_key": "_8J6hwGWAEDKzUdW4wfIAYA",
      "from_method_name": null,
      "from_method_key": null,
      "to_file_path": "./USer",
      "to_class_or_interface_key": "_EJtfUGWAEDKzUdW4wfIAYA",
      "to_class_or_interface_name": "ProfessionalMember",
      "to_method_key": null,
      "to_method_name": null,
      "data_clump_type": "fields_to_fields_data_clump",
      "data_clump_data": {
        "_B9JEoGWBEDKzUdW4wfIAYA": {
          "key": "_B9JEoGWBEDKzUdW4wfIAYA",
          "name": "Fname",
          "type": null,
          "probability": 1,
          "modifiers": [],
          "to_variable": {
            "key": "_IDTnEGWAEDKzUdW4wfIAYA",
            "name": "Fname",
            "type": null,
            "modifiers": [],
            "position": {}
          },
          "position": {}
        },
        "_CM9CQGWBEDKzUdW4wfIAYA": {
          "key": "_CM9CQGWBEDKzUdW4wfIAYA",
          "name": "LName",
          "type": null,
          "probability": 1,
          "modifiers": [],
          "to_variable": {
            "key": "_LHH9YGWAEDKzUdW4wfIAYA",
            "name": "LName",
            "type": null,
            "modifiers": [],
            "position": {}
          },
          "position": {}
        },
        "_Cc_CUGWBEDKzUdW4wfIAYA": {
          "key": "_Cc_CUGWBEDKzUdW4wfIAYA",
          "name": "Id",
          "type": null,
          "probability": 1,
          "modifiers": [],
          "to_variable": {
            "key": "_LY3NoGWAEDKzUdW4wfIAYA",
            "name": "Id",
            "type": null,
            "modifiers": [],
            "position": {}
          },
          "position": {}
        },
        "_C341oGWBEDKzUdW4wfIAYA": {
          "key": "_C341oGWBEDKzUdW4wfIAYA",
          "name": "password",
          "type": null,
          "probability": 1,
          "modifiers": [],
          "to_variable": {
            "key": "_LuHE4GWAEDKzUdW4wfIAYA",
            "name": "password",
            "type": null,
            "modifiers": [],
            "position": {}
          },
          "position": {}
        },
        "_DMDHwGWBEDKzUdW4wfIAYA": {
          "key": "_DMDHwGWBEDKzUdW4wfIAYA",
          "name": "phoneno",
          "type": null,
          "probability": 1,
          "modifiers": [],
          "to_variable": {
            "key": "_MAo_UGWAEDKzUdW4wfIAYA",
            "name": "phoneno",
            "type": null,
            "modifiers": [],
            "position": {}
          },
          "position": {}
        },
        "_DdrDQGWBEDKzUdW4wfIAYA": {
          "key": "_DdrDQGWBEDKzUdW4wfIAYA",
          "name": "Gender",
          "type": null,
          "probability": 1,
          "modifiers": [],
          "to_variable": {
            "key": "_MVgcEGWAEDKzUdW4wfIAYA",
            "name": "Gender",
            "type": null,
            "modifiers": [],
            "position": {}
          },
          "position": {}
        },
        "_Dw_n4GWBEDKzUdW4wfIAYA": {
          "key": "_Dw_n4GWBEDKzUdW4wfIAYA",
          "name": "Subject",
          "type": null,
          "probability": 1,
          "modifiers": [],
          "to_variable": {
            "key": "_nXusQGWAEDKzUdW4wfIAYA",
            "name": "Subject",
            "type": null,
            "modifiers": [],
            "position": {}
          },
          "position": {}
        },
        "_EWNNwGWBEDKzUdW4wfIAYA": {
          "key": "_EWNNwGWBEDKzUdW4wfIAYA",
          "name": "Points",
          "type": null,
          "probability": 1,
          "modifiers": [],
          "to_variable": {
            "key": "_nsI2AGWAEDKzUdW4wfIAYA",
            "name": "Points",
            "type": null,
            "modifiers": [],
            "position": {}
          },
          "position": {}
        }
      }
    },
    "fields_to_fields_data_clump-./System-_roVwYGWBEDKzUdW4wfIAYA-_8J6hwGWAEDKzUdW4wfIAYA-FnameLNameIdpasswordphonenoGenderSubjectPoints": {
      "type": "data_clump",
      "key": "fields_to_fields_data_clump-./System-_roVwYGWBEDKzUdW4wfIAYA-_8J6hwGWAEDKzUdW4wfIAYA-FnameLNameIdpasswordphonenoGenderSubjectPoints",
      "probability": 1,
      "from_file_path": "./System",
      "from_class_or_interface_name": "System",
      "from_class_or_interface_key": "_roVwYGWBEDKzUdW4wfIAYA",
      "from_method_name": null,
      "from_method_key": null,
      "to_file_path": "./ProfessionalMember",
      "to_class_or_interface_key": "_8J6hwGWAEDKzUdW4wfIAYA",
      "to_class_or_interface_name": "System",
      "to_method_key": null,
      "to_method_name": null,
      "data_clump_type": "fields_to_fields_data_clump",
      "data_clump_data": {
        "_zdzQwGWBEDKzUdW4wfIAYA": {
          "key": "_zdzQwGWBEDKzUdW4wfIAYA",
          "name": "Fname",
          "type": null,
          "probability": 1,
          "modifiers": [],
          "to_variable": {
            "key": "_B9JEoGWBEDKzUdW4wfIAYA",
            "name": "Fname",
            "type": null,
            "modifiers": [],
            "position": {}
          },
          "position": {}
        },
        "_zd2UEGWBEDKzUdW4wfIAYA": {
          "key": "_zd2UEGWBEDKzUdW4wfIAYA",
          "name": "LName",
          "type": null,
          "probability": 1,
          "modifiers": [],
          "to_variable": {
            "key": "_CM9CQGWBEDKzUdW4wfIAYA",
            "name": "LName",
            "type": null,
            "modifiers": [],
            "position": {}
          },
          "position": {}
        },
        "_zd3iMGWBEDKzUdW4wfIAYA": {
          "key": "_zd3iMGWBEDKzUdW4wfIAYA",
          "name": "Id",
          "type": null,
          "probability": 1,
          "modifiers": [],
          "to_variable": {
            "key": "_Cc_CUGWBEDKzUdW4wfIAYA",
            "name": "Id",
            "type": null,
            "modifiers": [],
            "position": {}
          },
          "position": {}
        },
        "_zd4wUGWBEDKzUdW4wfIAYA": {
          "key": "_zd4wUGWBEDKzUdW4wfIAYA",
          "name": "password",
          "type": null,
          "probability": 1,
          "modifiers": [],
          "to_variable": {
            "key": "_C341oGWBEDKzUdW4wfIAYA",
            "name": "password",
            "type": null,
            "modifiers": [],
            "position": {}
          },
          "position": {}
        },
        "_zd5XYGWBEDKzUdW4wfIAYA": {
          "key": "_zd5XYGWBEDKzUdW4wfIAYA",
          "name": "phoneno",
          "type": null,
          "probability": 1,
          "modifiers": [],
          "to_variable": {
            "key": "_DMDHwGWBEDKzUdW4wfIAYA",
            "name": "phoneno",
            "type": null,
            "modifiers": [],
            "position": {}
          },
          "position": {}
        },
        "_zd6lgGWBEDKzUdW4wfIAYA": {
          "key": "_zd6lgGWBEDKzUdW4wfIAYA",
          "name": "Gender",
          "type": null,
          "probability": 1,
          "modifiers": [],
          "to_variable": {
            "key": "_DdrDQGWBEDKzUdW4wfIAYA",
            "name": "Gender",
            "type": null,
            "modifiers": [],
            "position": {}
          },
          "position": {}
        },
        "_zd6lgWWBEDKzUdW4wfIAYA": {
          "key": "_zd6lgWWBEDKzUdW4wfIAYA",
          "name": "Subject",
          "type": null,
          "probability": 1,
          "modifiers": [],
          "to_variable": {
            "key": "_Dw_n4GWBEDKzUdW4wfIAYA",
            "name": "Subject",
            "type": null,
            "modifiers": [],
            "position": {}
          },
          "position": {}
        },
        "_zd7MkWWBEDKzUdW4wfIAYA": {
          "key": "_zd7MkWWBEDKzUdW4wfIAYA",
          "name": "Points",
          "type": null,
          "probability": 1,
          "modifiers": [],
          "to_variable": {
            "key": "_EWNNwGWBEDKzUdW4wfIAYA",
            "name": "Points",
            "type": null,
            "modifiers": [],
            "position": {}
          },
          "position": {}
        }
      }
    },
    "fields_to_fields_data_clump-./System-_roVwYGWBEDKzUdW4wfIAYA-_EJtfUGWAEDKzUdW4wfIAYA-FnameLNameIdpasswordphonenoGenderSubjectPoints": {
      "type": "data_clump",
      "key": "fields_to_fields_data_clump-./System-_roVwYGWBEDKzUdW4wfIAYA-_EJtfUGWAEDKzUdW4wfIAYA-FnameLNameIdpasswordphonenoGenderSubjectPoints",
      "probability": 1,
      "from_file_path": "./System",
      "from_class_or_interface_name": "System",
      "from_class_or_interface_key": "_roVwYGWBEDKzUdW4wfIAYA",
      "from_method_name": null,
      "from_method_key": null,
      "to_file_path": "./USer",
      "to_class_or_interface_key": "_EJtfUGWAEDKzUdW4wfIAYA",
      "to_class_or_interface_name": "System",
      "to_method_key": null,
      "to_method_name": null,
      "data_clump_type": "fields_to_fields_data_clump",
      "data_clump_data": {
        "_zdzQwGWBEDKzUdW4wfIAYA": {
          "key": "_zdzQwGWBEDKzUdW4wfIAYA",
          "name": "Fname",
          "type": null,
          "probability": 1,
          "modifiers": [],
          "to_variable": {
            "key": "_IDTnEGWAEDKzUdW4wfIAYA",
            "name": "Fname",
            "type": null,
            "modifiers": [],
            "position": {}
          },
          "position": {}
        },
        "_zd2UEGWBEDKzUdW4wfIAYA": {
          "key": "_zd2UEGWBEDKzUdW4wfIAYA",
          "name": "LName",
          "type": null,
          "probability": 1,
          "modifiers": [],
          "to_variable": {
            "key": "_LHH9YGWAEDKzUdW4wfIAYA",
            "name": "LName",
            "type": null,
            "modifiers": [],
            "position": {}
          },
          "position": {}
        },
        "_zd3iMGWBEDKzUdW4wfIAYA": {
          "key": "_zd3iMGWBEDKzUdW4wfIAYA",
          "name": "Id",
          "type": null,
          "probability": 1,
          "modifiers": [],
          "to_variable": {
            "key": "_LY3NoGWAEDKzUdW4wfIAYA",
            "name": "Id",
            "type": null,
            "modifiers": [],
            "position": {}
          },
          "position": {}
        },
        "_zd4wUGWBEDKzUdW4wfIAYA": {
          "key": "_zd4wUGWBEDKzUdW4wfIAYA",
          "name": "password",
          "type": null,
          "probability": 1,
          "modifiers": [],
          "to_variable": {
            "key": "_LuHE4GWAEDKzUdW4wfIAYA",
            "name": "password",
            "type": null,
            "modifiers": [],
            "position": {}
          },
          "position": {}
        },
        "_zd5XYGWBEDKzUdW4wfIAYA": {
          "key": "_zd5XYGWBEDKzUdW4wfIAYA",
          "name": "phoneno",
          "type": null,
          "probability": 1,
          "modifiers": [],
          "to_variable": {
            "key": "_MAo_UGWAEDKzUdW4wfIAYA",
            "name": "phoneno",
            "type": null,
            "modifiers": [],
            "position": {}
          },
          "position": {}
        },
        "_zd6lgGWBEDKzUdW4wfIAYA": {
          "key": "_zd6lgGWBEDKzUdW4wfIAYA",
          "name": "Gender",
          "type": null,
          "probability": 1,
          "modifiers": [],
          "to_variable": {
            "key": "_MVgcEGWAEDKzUdW4wfIAYA",
            "name": "Gender",
            "type": null,
            "modifiers": [],
            "position": {}
          },
          "position": {}
        },
        "_zd6lgWWBEDKzUdW4wfIAYA": {
          "key": "_zd6lgWWBEDKzUdW4wfIAYA",
          "name": "Subject",
          "type": null,
          "probability": 1,
          "modifiers": [],
          "to_variable": {
            "key": "_nXusQGWAEDKzUdW4wfIAYA",
            "name": "Subject",
            "type": null,
            "modifiers": [],
            "position": {}
          },
          "position": {}
        },
        "_zd7MkWWBEDKzUdW4wfIAYA": {
          "key": "_zd7MkWWBEDKzUdW4wfIAYA",
          "name": "Points",
          "type": null,
          "probability": 1,
          "modifiers": [],
          "to_variable": {
            "key": "_nsI2AGWAEDKzUdW4wfIAYA",
            "name": "Points",
            "type": null,
            "modifiers": [],
            "position": {}
          },
          "position": {}
        }
      }
    },
    "fields_to_fields_data_clump-./USer-_EJtfUGWAEDKzUdW4wfIAYA-_8J6hwGWAEDKzUdW4wfIAYA-FnameLNameIdpasswordphonenoGenderSubjectPoints": {
      "type": "data_clump",
      "key": "fields_to_fields_data_clump-./USer-_EJtfUGWAEDKzUdW4wfIAYA-_8J6hwGWAEDKzUdW4wfIAYA-FnameLNameIdpasswordphonenoGenderSubjectPoints",
      "probability": 1,
      "from_file_path": "./USer",
      "from_class_or_interface_name": "USer",
      "from_class_or_interface_key": "_EJtfUGWAEDKzUdW4wfIAYA",
      "from_method_name": null,
      "from_method_key": null,
      "to_file_path": "./ProfessionalMember",
      "to_class_or_interface_key": "_8J6hwGWAEDKzUdW4wfIAYA",
      "to_class_or_interface_name": "USer",
      "to_method_key": null,
      "to_method_name": null,
      "data_clump_type": "fields_to_fields_data_clump",
      "data_clump_data": {
        "_IDTnEGWAEDKzUdW4wfIAYA": {
          "key": "_IDTnEGWAEDKzUdW4wfIAYA",
          "name": "Fname",
          "type": null,
          "probability": 1,
          "modifiers": [],
          "to_variable": {
            "key": "_B9JEoGWBEDKzUdW4wfIAYA",
            "name": "Fname",
            "type": null,
            "modifiers": [],
            "position": {}
          },
          "position": {}
        },
        "_LHH9YGWAEDKzUdW4wfIAYA": {
          "key": "_LHH9YGWAEDKzUdW4wfIAYA",
          "name": "LName",
          "type": null,
          "probability": 1,
          "modifiers": [],
          "to_variable": {
            "key": "_CM9CQGWBEDKzUdW4wfIAYA",
            "name": "LName",
            "type": null,
            "modifiers": [],
            "position": {}
          },
          "position": {}
        },
        "_LY3NoGWAEDKzUdW4wfIAYA": {
          "key": "_LY3NoGWAEDKzUdW4wfIAYA",
          "name": "Id",
          "type": null,
          "probability": 1,
          "modifiers": [],
          "to_variable": {
            "key": "_Cc_CUGWBEDKzUdW4wfIAYA",
            "name": "Id",
            "type": null,
            "modifiers": [],
            "position": {}
          },
          "position": {}
        },
        "_LuHE4GWAEDKzUdW4wfIAYA": {
          "key": "_LuHE4GWAEDKzUdW4wfIAYA",
          "name": "password",
          "type": null,
          "probability": 1,
          "modifiers": [],
          "to_variable": {
            "key": "_C341oGWBEDKzUdW4wfIAYA",
            "name": "password",
            "type": null,
            "modifiers": [],
            "position": {}
          },
          "position": {}
        },
        "_MAo_UGWAEDKzUdW4wfIAYA": {
          "key": "_MAo_UGWAEDKzUdW4wfIAYA",
          "name": "phoneno",
          "type": null,
          "probability": 1,
          "modifiers": [],
          "to_variable": {
            "key": "_DMDHwGWBEDKzUdW4wfIAYA",
            "name": "phoneno",
            "type": null,
            "modifiers": [],
            "position": {}
          },
          "position": {}
        },
        "_MVgcEGWAEDKzUdW4wfIAYA": {
          "key": "_MVgcEGWAEDKzUdW4wfIAYA",
          "name": "Gender",
          "type": null,
          "probability": 1,
          "modifiers": [],
          "to_variable": {
            "key": "_DdrDQGWBEDKzUdW4wfIAYA",
            "name": "Gender",
            "type": null,
            "modifiers": [],
            "position": {}
          },
          "position": {}
        },
        "_nXusQGWAEDKzUdW4wfIAYA": {
          "key": "_nXusQGWAEDKzUdW4wfIAYA",
          "name": "Subject",
          "type": null,
          "probability": 1,
          "modifiers": [],
          "to_variable": {
            "key": "_Dw_n4GWBEDKzUdW4wfIAYA",
            "name": "Subject",
            "type": null,
            "modifiers": [],
            "position": {}
          },
          "position": {}
        },
        "_nsI2AGWAEDKzUdW4wfIAYA": {
          "key": "_nsI2AGWAEDKzUdW4wfIAYA",
          "name": "Points",
          "type": null,
          "probability": 1,
          "modifiers": [],
          "to_variable": {
            "key": "_EWNNwGWBEDKzUdW4wfIAYA",
            "name": "Points",
            "type": null,
            "modifiers": [],
            "position": {}
          },
          "position": {}
        }
      }
    },
    "fields_to_fields_data_clump-./USer-_EJtfUGWAEDKzUdW4wfIAYA-_roVwYGWBEDKzUdW4wfIAYA-FnameLNameIdpasswordphonenoGenderSubjectPoints": {
      "type": "data_clump",
      "key": "fields_to_fields_data_clump-./USer-_EJtfUGWAEDKzUdW4wfIAYA-_roVwYGWBEDKzUdW4wfIAYA-FnameLNameIdpasswordphonenoGenderSubjectPoints",
      "probability": 1,
      "from_file_path": "./USer",
      "from_class_or_interface_name": "USer",
      "from_class_or_interface_key": "_EJtfUGWAEDKzUdW4wfIAYA",
      "from_method_name": null,
      "from_method_key": null,
      "to_file_path": "./System",
      "to_class_or_interface_key": "_roVwYGWBEDKzUdW4wfIAYA",
      "to_class_or_interface_name": "USer",
      "to_method_key": null,
      "to_method_name": null,
      "data_clump_type": "fields_to_fields_data_clump",
      "data_clump_data": {
        "_IDTnEGWAEDKzUdW4wfIAYA": {
          "key": "_IDTnEGWAEDKzUdW4wfIAYA",
          "name": "Fname",
          "type": null,
          "probability": 1,
          "modifiers": [],
          "to_variable": {
            "key": "_zdzQwGWBEDKzUdW4wfIAYA",
            "name": "Fname",
            "type": null,
            "modifiers": [],
            "position": {}
          },
          "position": {}
        },
        "_LHH9YGWAEDKzUdW4wfIAYA": {
          "key": "_LHH9YGWAEDKzUdW4wfIAYA",
          "name": "LName",
          "type": null,
          "probability": 1,
          "modifiers": [],
          "to_variable": {
            "key": "_zd2UEGWBEDKzUdW4wfIAYA",
            "name": "LName",
            "type": null,
            "modifiers": [],
            "position": {}
          },
          "position": {}
        },
        "_LY3NoGWAEDKzUdW4wfIAYA": {
          "key": "_LY3NoGWAEDKzUdW4wfIAYA",
          "name": "Id",
          "type": null,
          "probability": 1,
          "modifiers": [],
          "to_variable": {
            "key": "_zd3iMGWBEDKzUdW4wfIAYA",
            "name": "Id",
            "type": null,
            "modifiers": [],
            "position": {}
          },
          "position": {}
        },
        "_LuHE4GWAEDKzUdW4wfIAYA": {
          "key": "_LuHE4GWAEDKzUdW4wfIAYA",
          "name": "password",
          "type": null,
          "probability": 1,
          "modifiers": [],
          "to_variable": {
            "key": "_zd4wUGWBEDKzUdW4wfIAYA",
            "name": "password",
            "type": null,
            "modifiers": [],
            "position": {}
          },
          "position": {}
        },
        "_MAo_UGWAEDKzUdW4wfIAYA": {
          "key": "_MAo_UGWAEDKzUdW4wfIAYA",
          "name": "phoneno",
          "type": null,
          "probability": 1,
          "modifiers": [],
          "to_variable": {
            "key": "_zd5XYGWBEDKzUdW4wfIAYA",
            "name": "phoneno",
            "type": null,
            "modifiers": [],
            "position": {}
          },
          "position": {}
        },
        "_MVgcEGWAEDKzUdW4wfIAYA": {
          "key": "_MVgcEGWAEDKzUdW4wfIAYA",
          "name": "Gender",
          "type": null,
          "probability": 1,
          "modifiers": [],
          "to_variable": {
            "key": "_zd6lgGWBEDKzUdW4wfIAYA",
            "name": "Gender",
            "type": null,
            "modifiers": [],
            "position": {}
          },
          "position": {}
        },
        "_nXusQGWAEDKzUdW4wfIAYA": {
          "key": "_nXusQGWAEDKzUdW4wfIAYA",
          "name": "Subject",
          "type": null,
          "probability": 1,
          "modifiers": [],
          "to_variable": {
            "key": "_zd6lgWWBEDKzUdW4wfIAYA",
            "name": "Subject",
            "type": null,
            "modifiers": [],
            "position": {}
          },
          "position": {}
        },
        "_nsI2AGWAEDKzUdW4wfIAYA": {
          "key": "_nsI2AGWAEDKzUdW4wfIAYA",
          "name": "Points",
          "type": null,
          "probability": 1,
          "modifiers": [],
          "to_variable": {
            "key": "_zd7MkWWBEDKzUdW4wfIAYA",
            "name": "Points",
            "type": null,
            "modifiers": [],
            "position": {}
          },
          "position": {}
        }
      }
    }
  }
}