{
  "report_version": "unknown",
  "report_timestamp": "2025-03-26T22:32:04.470Z",
  "target_language": "java",
  "report_summary": {
    "additional": null,
    "amount_classes_or_interfaces_with_data_clumps": 2,
    "amount_files_with_data_clumps": 2,
    "amount_methods_with_data_clumps": 0,
    "fields_to_fields_data_clump": 2,
    "parameters_to_fields_data_clump": 0,
    "parameters_to_parameters_data_clump": 0,
    "amount_data_clumps": 2
  },
  "project_info": {
    "project_url": "unknown_project_url",
    "project_name": "_uG2VIAwCEeyj5cUC8m1erQ",
    "project_version": "unknown_project_version",
    "project_commit_hash": "unknown",
    "project_tag": null,
    "project_commit_date": null,
    "additional": {},
    "number_of_files": 11,
    "number_of_classes_or_interfaces": 11,
    "number_of_methods": 0,
    "number_of_data_fields": 37,
    "number_of_method_parameters": 0
  },
  "detector": {
    "name": "data-clumps-doctor",
    "url": "https://github.com/NilsBaumgartner1994/data-clumps-doctor",
    "version": "0.1.100",
    "options": {
      "typeVariablesConsidered": false,
      "similarityModifierOfVariablesWithUnknownType": 0,
      "fieldsOfClassesWithUnknownHierarchyProbabilityModifier": 0,
      "sharedFieldsToFieldsAmountMinimum": 3,
      "analyseFieldsInClassesOrInterfacesInheritedFromSuperClassesOrInterfaces": false,
      "sharedParametersToParametersAmountMinimum": 3,
      "sharedParametersToFieldsAmountMinimum": 3,
      "methodsOfClassesOrInterfacesWithUnknownHierarchyProbabilityModifier": 0
    }
  },
  "data_clumps": {
    "fields_to_fields_data_clump-./Proveedor-_uG8ckQwCEeyj5cUC8m1erQ-_uG8chgwCEeyj5cUC8m1erQ-usuarionombrefotoPerfilcorreo": {
      "type": "data_clump",
      "key": "fields_to_fields_data_clump-./Proveedor-_uG8ckQwCEeyj5cUC8m1erQ-_uG8chgwCEeyj5cUC8m1erQ-usuarionombrefotoPerfilcorreo",
      "probability": 1,
      "from_file_path": "./Proveedor",
      "from_class_or_interface_name": "Proveedor",
      "from_class_or_interface_key": "_uG8ckQwCEeyj5cUC8m1erQ",
      "from_method_name": null,
      "from_method_key": null,
      "to_file_path": "./Usuario",
      "to_class_or_interface_key": "_uG8chgwCEeyj5cUC8m1erQ",
      "to_class_or_interface_name": "Proveedor",
      "to_method_key": null,
      "to_method_name": null,
      "data_clump_type": "fields_to_fields_data_clump",
      "data_clump_data": {
        "_uG8ckgwCEeyj5cUC8m1erQ": {
          "key": "_uG8ckgwCEeyj5cUC8m1erQ",
          "name": "usuario",
          "type": null,
          "probability": 1,
          "modifiers": [
            "private"
          ],
          "to_variable": {
            "key": "_uG8chwwCEeyj5cUC8m1erQ",
            "name": "usuario",
            "type": null,
            "modifiers": [
              "private"
            ],
            "position": {}
          },
          "position": {}
        },
        "_uG8clAwCEeyj5cUC8m1erQ": {
          "key": "_uG8clAwCEeyj5cUC8m1erQ",
          "name": "nombre",
          "type": null,
          "probability": 1,
          "modifiers": [
            "private"
          ],
          "to_variable": {
            "key": "_uG8ciQwCEeyj5cUC8m1erQ",
            "name": "nombre",
            "type": null,
            "modifiers": [
              "private"
            ],
            "position": {}
          },
          "position": {}
        },
        "_uG8clgwCEeyj5cUC8m1erQ": {
          "key": "_uG8clgwCEeyj5cUC8m1erQ",
          "name": "fotoPerfil",
          "type": null,
          "probability": 1,
          "modifiers": [
            "private"
          ],
          "to_variable": {
            "key": "_uG8cigwCEeyj5cUC8m1erQ",
            "name": "fotoPerfil",
            "type": null,
            "modifiers": [
              "private"
            ],
            "position": {}
          },
          "position": {}
        },
        "_uG8cmAwCEeyj5cUC8m1erQ": {
          "key": "_uG8cmAwCEeyj5cUC8m1erQ",
          "name": "correo",
          "type": null,
          "probability": 1,
          "modifiers": [
            "private"
          ],
          "to_variable": {
            "key": "_uG8ciwwCEeyj5cUC8m1erQ",
            "name": "correo",
            "type": null,
            "modifiers": [
              "private"
            ],
            "position": {}
          },
          "position": {}
        }
      }
    },
    "fields_to_fields_data_clump-./Usuario-_uG8chgwCEeyj5cUC8m1erQ-_uG8ckQwCEeyj5cUC8m1erQ-usuarionombrefotoPerfilcorreo": {
      "type": "data_clump",
      "key": "fields_to_fields_data_clump-./Usuario-_uG8chgwCEeyj5cUC8m1erQ-_uG8ckQwCEeyj5cUC8m1erQ-usuarionombrefotoPerfilcorreo",
      "probability": 1,
      "from_file_path": "./Usuario",
      "from_class_or_interface_name": "Usuario",
      "from_class_or_interface_key": "_uG8chgwCEeyj5cUC8m1erQ",
      "from_method_name": null,
      "from_method_key": null,
      "to_file_path": "./Proveedor",
      "to_class_or_interface_key": "_uG8ckQwCEeyj5cUC8m1erQ",
      "to_class_or_interface_name": "Usuario",
      "to_method_key": null,
      "to_method_name": null,
      "data_clump_type": "fields_to_fields_data_clump",
      "data_clump_data": {
        "_uG8chwwCEeyj5cUC8m1erQ": {
          "key": "_uG8chwwCEeyj5cUC8m1erQ",
          "name": "usuario",
          "type": null,
          "probability": 1,
          "modifiers": [
            "private"
          ],
          "to_variable": {
            "key": "_uG8ckgwCEeyj5cUC8m1erQ",
            "name": "usuario",
            "type": null,
            "modifiers": [
              "private"
            ],
            "position": {}
          },
          "position": {}
        },
        "_uG8ciQwCEeyj5cUC8m1erQ": {
          "key": "_uG8ciQwCEeyj5cUC8m1erQ",
          "name": "nombre",
          "type": null,
          "probability": 1,
          "modifiers": [
            "private"
          ],
          "to_variable": {
            "key": "_uG8clAwCEeyj5cUC8m1erQ",
            "name": "nombre",
            "type": null,
            "modifiers": [
              "private"
            ],
            "position": {}
          },
          "position": {}
        },
        "_uG8cigwCEeyj5cUC8m1erQ": {
          "key": "_uG8cigwCEeyj5cUC8m1erQ",
          "name": "fotoPerfil",
          "type": null,
          "probability": 1,
          "modifiers": [
            "private"
          ],
          "to_variable": {
            "key": "_uG8clgwCEeyj5cUC8m1erQ",
            "name": "fotoPerfil",
            "type": null,
            "modifiers": [
              "private"
            ],
            "position": {}
          },
          "position": {}
        },
        "_uG8ciwwCEeyj5cUC8m1erQ": {
          "key": "_uG8ciwwCEeyj5cUC8m1erQ",
          "name": "correo",
          "type": null,
          "probability": 1,
          "modifiers": [
            "private"
          ],
          "to_variable": {
            "key": "_uG8cmAwCEeyj5cUC8m1erQ",
            "name": "correo",
            "type": null,
            "modifiers": [
              "private"
            ],
            "position": {}
          },
          "position": {}
        }
      }
    }
  }
}