{
  "report_version": "unknown",
  "report_timestamp": "2025-03-26T22:44:08.481Z",
  "target_language": "java",
  "report_summary": {
    "additional": null,
    "amount_classes_or_interfaces_with_data_clumps": 3,
    "amount_files_with_data_clumps": 3,
    "amount_methods_with_data_clumps": 0,
    "fields_to_fields_data_clump": 6,
    "parameters_to_fields_data_clump": 0,
    "parameters_to_parameters_data_clump": 0,
    "amount_data_clumps": 6
  },
  "project_info": {
    "project_url": "unknown_project_url",
    "project_name": "d8ff6a33-2431-45c7-a096-b2e2e345c694",
    "project_version": "unknown_project_version",
    "project_commit_hash": "unknown",
    "project_tag": null,
    "project_commit_date": null,
    "additional": {},
    "number_of_files": 10,
    "number_of_classes_or_interfaces": 10,
    "number_of_methods": 21,
    "number_of_data_fields": 17,
    "number_of_method_parameters": 0
  },
  "detector": {
    "name": "data-clumps-doctor",
    "url": "https://github.com/NilsBaumgartner1994/data-clumps-doctor",
    "version": "0.1.100",
    "options": {
      "typeVariablesConsidered": false,
      "similarityModifierOfVariablesWithUnknownType": 0,
      "fieldsOfClassesWithUnknownHierarchyProbabilityModifier": 0,
      "sharedFieldsToFieldsAmountMinimum": 3,
      "analyseFieldsInClassesOrInterfacesInheritedFromSuperClassesOrInterfaces": false,
      "sharedParametersToParametersAmountMinimum": 3,
      "sharedParametersToFieldsAmountMinimum": 3,
      "methodsOfClassesOrInterfacesWithUnknownHierarchyProbabilityModifier": 0
    }
  },
  "data_clumps": {
    "fields_to_fields_data_clump-./Scoute-_YkFaoFdNEDCGTb6ZuLm3Mw-_ZC3PAIVsEDSW8Zgd6hw-tw-LastnameUsernamepassword": {
      "type": "data_clump",
      "key": "fields_to_fields_data_clump-./Scoute-_YkFaoFdNEDCGTb6ZuLm3Mw-_ZC3PAIVsEDSW8Zgd6hw-tw-LastnameUsernamepassword",
      "probability": 1,
      "from_file_path": "./Scoute",
      "from_class_or_interface_name": "Scoute",
      "from_class_or_interface_key": "_YkFaoFdNEDCGTb6ZuLm3Mw",
      "from_method_name": null,
      "from_method_key": null,
      "to_file_path": "./Staff",
      "to_class_or_interface_key": "_ZC3PAIVsEDSW8Zgd6hw-tw",
      "to_class_or_interface_name": "Scoute",
      "to_method_key": null,
      "to_method_name": null,
      "data_clump_type": "fields_to_fields_data_clump",
      "data_clump_data": {
        "_7ytusIVrEDSW8Zgd6hw-tw": {
          "key": "_7ytusIVrEDSW8Zgd6hw-tw",
          "name": "Lastname",
          "type": null,
          "probability": 1,
          "modifiers": [
            "public"
          ],
          "to_variable": {
            "key": "_ep0QcIVsEDSW8Zgd6hw-tw",
            "name": "Lastname",
            "type": null,
            "modifiers": [
              "public"
            ],
            "position": {}
          },
          "position": {}
        },
        "_9txGIIVrEDSW8Zgd6hw-tw": {
          "key": "_9txGIIVrEDSW8Zgd6hw-tw",
          "name": "Username",
          "type": null,
          "probability": 1,
          "modifiers": [
            "public"
          ],
          "to_variable": {
            "key": "_ewh8cIVsEDSW8Zgd6hw-tw",
            "name": "Username",
            "type": null,
            "modifiers": [
              "public"
            ],
            "position": {}
          },
          "position": {}
        },
        "__szlsIVrEDSW8Zgd6hw-tw": {
          "key": "__szlsIVrEDSW8Zgd6hw-tw",
          "name": "password",
          "type": null,
          "probability": 1,
          "modifiers": [
            "public"
          ],
          "to_variable": {
            "key": "_h-cp8IVsEDSW8Zgd6hw-tw",
            "name": "password",
            "type": null,
            "modifiers": [
              "public"
            ],
            "position": {}
          },
          "position": {}
        }
      }
    },
    "fields_to_fields_data_clump-./Scoute-_YkFaoFdNEDCGTb6ZuLm3Mw-_AbwL0IVrEDSW8Zgd6hw-tw-LastnameUsernamepassword": {
      "type": "data_clump",
      "key": "fields_to_fields_data_clump-./Scoute-_YkFaoFdNEDCGTb6ZuLm3Mw-_AbwL0IVrEDSW8Zgd6hw-tw-LastnameUsernamepassword",
      "probability": 1,
      "from_file_path": "./Scoute",
      "from_class_or_interface_name": "Scoute",
      "from_class_or_interface_key": "_YkFaoFdNEDCGTb6ZuLm3Mw",
      "from_method_name": null,
      "from_method_key": null,
      "to_file_path": "./User",
      "to_class_or_interface_key": "_AbwL0IVrEDSW8Zgd6hw-tw",
      "to_class_or_interface_name": "Scoute",
      "to_method_key": null,
      "to_method_name": null,
      "data_clump_type": "fields_to_fields_data_clump",
      "data_clump_data": {
        "_7ytusIVrEDSW8Zgd6hw-tw": {
          "key": "_7ytusIVrEDSW8Zgd6hw-tw",
          "name": "Lastname",
          "type": null,
          "probability": 1,
          "modifiers": [
            "public"
          ],
          "to_variable": {
            "key": "_ju034IVrEDSW8Zgd6hw-tw",
            "name": "Lastname",
            "type": null,
            "modifiers": [
              "public"
            ],
            "position": {}
          },
          "position": {}
        },
        "_9txGIIVrEDSW8Zgd6hw-tw": {
          "key": "_9txGIIVrEDSW8Zgd6hw-tw",
          "name": "Username",
          "type": null,
          "probability": 1,
          "modifiers": [
            "public"
          ],
          "to_variable": {
            "key": "_naEakIVrEDSW8Zgd6hw-tw",
            "name": "Username",
            "type": null,
            "modifiers": [
              "public"
            ],
            "position": {}
          },
          "position": {}
        },
        "__szlsIVrEDSW8Zgd6hw-tw": {
          "key": "__szlsIVrEDSW8Zgd6hw-tw",
          "name": "password",
          "type": null,
          "probability": 1,
          "modifiers": [
            "public"
          ],
          "to_variable": {
            "key": "_qs0kwIVrEDSW8Zgd6hw-tw",
            "name": "password",
            "type": null,
            "modifiers": [
              "public"
            ],
            "position": {}
          },
          "position": {}
        }
      }
    },
    "fields_to_fields_data_clump-./Staff-_ZC3PAIVsEDSW8Zgd6hw-tw-_YkFaoFdNEDCGTb6ZuLm3Mw-LastnameUsernamepassword": {
      "type": "data_clump",
      "key": "fields_to_fields_data_clump-./Staff-_ZC3PAIVsEDSW8Zgd6hw-tw-_YkFaoFdNEDCGTb6ZuLm3Mw-LastnameUsernamepassword",
      "probability": 1,
      "from_file_path": "./Staff",
      "from_class_or_interface_name": "Staff",
      "from_class_or_interface_key": "_ZC3PAIVsEDSW8Zgd6hw-tw",
      "from_method_name": null,
      "from_method_key": null,
      "to_file_path": "./Scoute",
      "to_class_or_interface_key": "_YkFaoFdNEDCGTb6ZuLm3Mw",
      "to_class_or_interface_name": "Staff",
      "to_method_key": null,
      "to_method_name": null,
      "data_clump_type": "fields_to_fields_data_clump",
      "data_clump_data": {
        "_ep0QcIVsEDSW8Zgd6hw-tw": {
          "key": "_ep0QcIVsEDSW8Zgd6hw-tw",
          "name": "Lastname",
          "type": null,
          "probability": 1,
          "modifiers": [
            "public"
          ],
          "to_variable": {
            "key": "_7ytusIVrEDSW8Zgd6hw-tw",
            "name": "Lastname",
            "type": null,
            "modifiers": [
              "public"
            ],
            "position": {}
          },
          "position": {}
        },
        "_ewh8cIVsEDSW8Zgd6hw-tw": {
          "key": "_ewh8cIVsEDSW8Zgd6hw-tw",
          "name": "Username",
          "type": null,
          "probability": 1,
          "modifiers": [
            "public"
          ],
          "to_variable": {
            "key": "_9txGIIVrEDSW8Zgd6hw-tw",
            "name": "Username",
            "type": null,
            "modifiers": [
              "public"
            ],
            "position": {}
          },
          "position": {}
        },
        "_h-cp8IVsEDSW8Zgd6hw-tw": {
          "key": "_h-cp8IVsEDSW8Zgd6hw-tw",
          "name": "password",
          "type": null,
          "probability": 1,
          "modifiers": [
            "public"
          ],
          "to_variable": {
            "key": "__szlsIVrEDSW8Zgd6hw-tw",
            "name": "password",
            "type": null,
            "modifiers": [
              "public"
            ],
            "position": {}
          },
          "position": {}
        }
      }
    },
    "fields_to_fields_data_clump-./Staff-_ZC3PAIVsEDSW8Zgd6hw-tw-_AbwL0IVrEDSW8Zgd6hw-tw-FirstnameLastnameUsernamepassword": {
      "type": "data_clump",
      "key": "fields_to_fields_data_clump-./Staff-_ZC3PAIVsEDSW8Zgd6hw-tw-_AbwL0IVrEDSW8Zgd6hw-tw-FirstnameLastnameUsernamepassword",
      "probability": 1,
      "from_file_path": "./Staff",
      "from_class_or_interface_name": "Staff",
      "from_class_or_interface_key": "_ZC3PAIVsEDSW8Zgd6hw-tw",
      "from_method_name": null,
      "from_method_key": null,
      "to_file_path": "./User",
      "to_class_or_interface_key": "_AbwL0IVrEDSW8Zgd6hw-tw",
      "to_class_or_interface_name": "Staff",
      "to_method_key": null,
      "to_method_name": null,
      "data_clump_type": "fields_to_fields_data_clump",
      "data_clump_data": {
        "_aSwwoIVsEDSW8Zgd6hw-tw": {
          "key": "_aSwwoIVsEDSW8Zgd6hw-tw",
          "name": "Firstname",
          "type": null,
          "probability": 1,
          "modifiers": [
            "public"
          ],
          "to_variable": {
            "key": "_ePPCsIVrEDSW8Zgd6hw-tw",
            "name": "Firstname",
            "type": null,
            "modifiers": [
              "public"
            ],
            "position": {}
          },
          "position": {}
        },
        "_ep0QcIVsEDSW8Zgd6hw-tw": {
          "key": "_ep0QcIVsEDSW8Zgd6hw-tw",
          "name": "Lastname",
          "type": null,
          "probability": 1,
          "modifiers": [
            "public"
          ],
          "to_variable": {
            "key": "_ju034IVrEDSW8Zgd6hw-tw",
            "name": "Lastname",
            "type": null,
            "modifiers": [
              "public"
            ],
            "position": {}
          },
          "position": {}
        },
        "_ewh8cIVsEDSW8Zgd6hw-tw": {
          "key": "_ewh8cIVsEDSW8Zgd6hw-tw",
          "name": "Username",
          "type": null,
          "probability": 1,
          "modifiers": [
            "public"
          ],
          "to_variable": {
            "key": "_naEakIVrEDSW8Zgd6hw-tw",
            "name": "Username",
            "type": null,
            "modifiers": [
              "public"
            ],
            "position": {}
          },
          "position": {}
        },
        "_h-cp8IVsEDSW8Zgd6hw-tw": {
          "key": "_h-cp8IVsEDSW8Zgd6hw-tw",
          "name": "password",
          "type": null,
          "probability": 1,
          "modifiers": [
            "public"
          ],
          "to_variable": {
            "key": "_qs0kwIVrEDSW8Zgd6hw-tw",
            "name": "password",
            "type": null,
            "modifiers": [
              "public"
            ],
            "position": {}
          },
          "position": {}
        }
      }
    },
    "fields_to_fields_data_clump-./User-_AbwL0IVrEDSW8Zgd6hw-tw-_YkFaoFdNEDCGTb6ZuLm3Mw-LastnameUsernamepassword": {
      "type": "data_clump",
      "key": "fields_to_fields_data_clump-./User-_AbwL0IVrEDSW8Zgd6hw-tw-_YkFaoFdNEDCGTb6ZuLm3Mw-LastnameUsernamepassword",
      "probability": 1,
      "from_file_path": "./User",
      "from_class_or_interface_name": "User",
      "from_class_or_interface_key": "_AbwL0IVrEDSW8Zgd6hw-tw",
      "from_method_name": null,
      "from_method_key": null,
      "to_file_path": "./Scoute",
      "to_class_or_interface_key": "_YkFaoFdNEDCGTb6ZuLm3Mw",
      "to_class_or_interface_name": "User",
      "to_method_key": null,
      "to_method_name": null,
      "data_clump_type": "fields_to_fields_data_clump",
      "data_clump_data": {
        "_ju034IVrEDSW8Zgd6hw-tw": {
          "key": "_ju034IVrEDSW8Zgd6hw-tw",
          "name": "Lastname",
          "type": null,
          "probability": 1,
          "modifiers": [
            "public"
          ],
          "to_variable": {
            "key": "_7ytusIVrEDSW8Zgd6hw-tw",
            "name": "Lastname",
            "type": null,
            "modifiers": [
              "public"
            ],
            "position": {}
          },
          "position": {}
        },
        "_naEakIVrEDSW8Zgd6hw-tw": {
          "key": "_naEakIVrEDSW8Zgd6hw-tw",
          "name": "Username",
          "type": null,
          "probability": 1,
          "modifiers": [
            "public"
          ],
          "to_variable": {
            "key": "_9txGIIVrEDSW8Zgd6hw-tw",
            "name": "Username",
            "type": null,
            "modifiers": [
              "public"
            ],
            "position": {}
          },
          "position": {}
        },
        "_qs0kwIVrEDSW8Zgd6hw-tw": {
          "key": "_qs0kwIVrEDSW8Zgd6hw-tw",
          "name": "password",
          "type": null,
          "probability": 1,
          "modifiers": [
            "public"
          ],
          "to_variable": {
            "key": "__szlsIVrEDSW8Zgd6hw-tw",
            "name": "password",
            "type": null,
            "modifiers": [
              "public"
            ],
            "position": {}
          },
          "position": {}
        }
      }
    },
    "fields_to_fields_data_clump-./User-_AbwL0IVrEDSW8Zgd6hw-tw-_ZC3PAIVsEDSW8Zgd6hw-tw-FirstnameLastnameUsernamepassword": {
      "type": "data_clump",
      "key": "fields_to_fields_data_clump-./User-_AbwL0IVrEDSW8Zgd6hw-tw-_ZC3PAIVsEDSW8Zgd6hw-tw-FirstnameLastnameUsernamepassword",
      "probability": 1,
      "from_file_path": "./User",
      "from_class_or_interface_name": "User",
      "from_class_or_interface_key": "_AbwL0IVrEDSW8Zgd6hw-tw",
      "from_method_name": null,
      "from_method_key": null,
      "to_file_path": "./Staff",
      "to_class_or_interface_key": "_ZC3PAIVsEDSW8Zgd6hw-tw",
      "to_class_or_interface_name": "User",
      "to_method_key": null,
      "to_method_name": null,
      "data_clump_type": "fields_to_fields_data_clump",
      "data_clump_data": {
        "_ePPCsIVrEDSW8Zgd6hw-tw": {
          "key": "_ePPCsIVrEDSW8Zgd6hw-tw",
          "name": "Firstname",
          "type": null,
          "probability": 1,
          "modifiers": [
            "public"
          ],
          "to_variable": {
            "key": "_aSwwoIVsEDSW8Zgd6hw-tw",
            "name": "Firstname",
            "type": null,
            "modifiers": [
              "public"
            ],
            "position": {}
          },
          "position": {}
        },
        "_ju034IVrEDSW8Zgd6hw-tw": {
          "key": "_ju034IVrEDSW8Zgd6hw-tw",
          "name": "Lastname",
          "type": null,
          "probability": 1,
          "modifiers": [
            "public"
          ],
          "to_variable": {
            "key": "_ep0QcIVsEDSW8Zgd6hw-tw",
            "name": "Lastname",
            "type": null,
            "modifiers": [
              "public"
            ],
            "position": {}
          },
          "position": {}
        },
        "_naEakIVrEDSW8Zgd6hw-tw": {
          "key": "_naEakIVrEDSW8Zgd6hw-tw",
          "name": "Username",
          "type": null,
          "probability": 1,
          "modifiers": [
            "public"
          ],
          "to_variable": {
            "key": "_ewh8cIVsEDSW8Zgd6hw-tw",
            "name": "Username",
            "type": null,
            "modifiers": [
              "public"
            ],
            "position": {}
          },
          "position": {}
        },
        "_qs0kwIVrEDSW8Zgd6hw-tw": {
          "key": "_qs0kwIVrEDSW8Zgd6hw-tw",
          "name": "password",
          "type": null,
          "probability": 1,
          "modifiers": [
            "public"
          ],
          "to_variable": {
            "key": "_h-cp8IVsEDSW8Zgd6hw-tw",
            "name": "password",
            "type": null,
            "modifiers": [
              "public"
            ],
            "position": {}
          },
          "position": {}
        }
      }
    }
  }
}