{
  "report_version": "unknown",
  "report_timestamp": "2025-03-26T21:39:44.214Z",
  "target_language": "java",
  "report_summary": {
    "additional": null,
    "amount_classes_or_interfaces_with_data_clumps": 3,
    "amount_files_with_data_clumps": 3,
    "amount_methods_with_data_clumps": 0,
    "fields_to_fields_data_clump": 4,
    "parameters_to_fields_data_clump": 0,
    "parameters_to_parameters_data_clump": 0,
    "amount_data_clumps": 4
  },
  "project_info": {
    "project_url": "unknown_project_url",
    "project_name": "_WnE74PvuEeq_35Z1GKTxtw",
    "project_version": "unknown_project_version",
    "project_commit_hash": "unknown",
    "project_tag": null,
    "project_commit_date": null,
    "additional": {},
    "number_of_files": 4,
    "number_of_classes_or_interfaces": 4,
    "number_of_methods": 0,
    "number_of_data_fields": 26,
    "number_of_method_parameters": 0
  },
  "detector": {
    "name": "data-clumps-doctor",
    "url": "https://github.com/NilsBaumgartner1994/data-clumps-doctor",
    "version": "0.1.100",
    "options": {
      "typeVariablesConsidered": false,
      "similarityModifierOfVariablesWithUnknownType": 0,
      "fieldsOfClassesWithUnknownHierarchyProbabilityModifier": 0,
      "sharedFieldsToFieldsAmountMinimum": 3,
      "analyseFieldsInClassesOrInterfacesInheritedFromSuperClassesOrInterfaces": false,
      "sharedParametersToParametersAmountMinimum": 3,
      "sharedParametersToFieldsAmountMinimum": 3,
      "methodsOfClassesOrInterfacesWithUnknownHierarchyProbabilityModifier": 0
    }
  },
  "data_clumps": {
    "fields_to_fields_data_clump-./Answer-_kTYyMN4eEDiCiMor6bvDSw-_kd-HAN4dEDiCiMor6bvDSw-IdTextTextEnOrderFullAuditedEntity": {
      "type": "data_clump",
      "key": "fields_to_fields_data_clump-./Answer-_kTYyMN4eEDiCiMor6bvDSw-_kd-HAN4dEDiCiMor6bvDSw-IdTextTextEnOrderFullAuditedEntity",
      "probability": 1,
      "from_file_path": "./Answer",
      "from_class_or_interface_name": "Answer",
      "from_class_or_interface_key": "_kTYyMN4eEDiCiMor6bvDSw",
      "from_method_name": null,
      "from_method_key": null,
      "to_file_path": "./Question",
      "to_class_or_interface_key": "_kd-HAN4dEDiCiMor6bvDSw",
      "to_class_or_interface_name": "Answer",
      "to_method_key": null,
      "to_method_name": null,
      "data_clump_type": "fields_to_fields_data_clump",
      "data_clump_data": {
        "_k3yfwN4eEDiCiMor6bvDSw": {
          "key": "_k3yfwN4eEDiCiMor6bvDSw",
          "name": "Id",
          "type": null,
          "probability": 1,
          "modifiers": [
            "public"
          ],
          "to_variable": {
            "key": "_lb69Ad4dEDiCiMor6bvDSw",
            "name": "Id",
            "type": null,
            "modifiers": [
              "public"
            ],
            "position": {}
          },
          "position": {}
        },
        "_lA3jQd4eEDiCiMor6bvDSw": {
          "key": "_lA3jQd4eEDiCiMor6bvDSw",
          "name": "Text",
          "type": null,
          "probability": 1,
          "modifiers": [
            "public"
          ],
          "to_variable": {
            "key": "_mqclod4dEDiCiMor6bvDSw",
            "name": "Text",
            "type": null,
            "modifiers": [
              "public"
            ],
            "position": {}
          },
          "position": {}
        },
        "_lJn2od4eEDiCiMor6bvDSw": {
          "key": "_lJn2od4eEDiCiMor6bvDSw",
          "name": "TextEn",
          "type": null,
          "probability": 1,
          "modifiers": [
            "public"
          ],
          "to_variable": {
            "key": "_m29Xod4dEDiCiMor6bvDSw",
            "name": "TextEn",
            "type": null,
            "modifiers": [
              "public"
            ],
            "position": {}
          },
          "position": {}
        },
        "_lSSqcd4eEDiCiMor6bvDSw": {
          "key": "_lSSqcd4eEDiCiMor6bvDSw",
          "name": "Order",
          "type": null,
          "probability": 1,
          "modifiers": [
            "public"
          ],
          "to_variable": {
            "key": "_nmrkYd4dEDiCiMor6bvDSw",
            "name": "Order",
            "type": null,
            "modifiers": [
              "public"
            ],
            "position": {}
          },
          "position": {}
        },
        "_Z7gGcN4gEDiCiMor6bvDSw": {
          "key": "_Z7gGcN4gEDiCiMor6bvDSw",
          "name": "FullAuditedEntity",
          "type": null,
          "probability": 1,
          "modifiers": [
            "public"
          ],
          "to_variable": {
            "key": "_aerE8N4gEDiCiMor6bvDSw",
            "name": "FullAuditedEntity",
            "type": null,
            "modifiers": [
              "public"
            ],
            "position": {}
          },
          "position": {}
        }
      }
    },
    "fields_to_fields_data_clump-./Question-_kd-HAN4dEDiCiMor6bvDSw-_kTYyMN4eEDiCiMor6bvDSw-IdTextTextEnOrderFullAuditedEntity": {
      "type": "data_clump",
      "key": "fields_to_fields_data_clump-./Question-_kd-HAN4dEDiCiMor6bvDSw-_kTYyMN4eEDiCiMor6bvDSw-IdTextTextEnOrderFullAuditedEntity",
      "probability": 1,
      "from_file_path": "./Question",
      "from_class_or_interface_name": "Question",
      "from_class_or_interface_key": "_kd-HAN4dEDiCiMor6bvDSw",
      "from_method_name": null,
      "from_method_key": null,
      "to_file_path": "./Answer",
      "to_class_or_interface_key": "_kTYyMN4eEDiCiMor6bvDSw",
      "to_class_or_interface_name": "Question",
      "to_method_key": null,
      "to_method_name": null,
      "data_clump_type": "fields_to_fields_data_clump",
      "data_clump_data": {
        "_lb69Ad4dEDiCiMor6bvDSw": {
          "key": "_lb69Ad4dEDiCiMor6bvDSw",
          "name": "Id",
          "type": null,
          "probability": 1,
          "modifiers": [
            "public"
          ],
          "to_variable": {
            "key": "_k3yfwN4eEDiCiMor6bvDSw",
            "name": "Id",
            "type": null,
            "modifiers": [
              "public"
            ],
            "position": {}
          },
          "position": {}
        },
        "_mqclod4dEDiCiMor6bvDSw": {
          "key": "_mqclod4dEDiCiMor6bvDSw",
          "name": "Text",
          "type": null,
          "probability": 1,
          "modifiers": [
            "public"
          ],
          "to_variable": {
            "key": "_lA3jQd4eEDiCiMor6bvDSw",
            "name": "Text",
            "type": null,
            "modifiers": [
              "public"
            ],
            "position": {}
          },
          "position": {}
        },
        "_m29Xod4dEDiCiMor6bvDSw": {
          "key": "_m29Xod4dEDiCiMor6bvDSw",
          "name": "TextEn",
          "type": null,
          "probability": 1,
          "modifiers": [
            "public"
          ],
          "to_variable": {
            "key": "_lJn2od4eEDiCiMor6bvDSw",
            "name": "TextEn",
            "type": null,
            "modifiers": [
              "public"
            ],
            "position": {}
          },
          "position": {}
        },
        "_nmrkYd4dEDiCiMor6bvDSw": {
          "key": "_nmrkYd4dEDiCiMor6bvDSw",
          "name": "Order",
          "type": null,
          "probability": 1,
          "modifiers": [
            "public"
          ],
          "to_variable": {
            "key": "_lSSqcd4eEDiCiMor6bvDSw",
            "name": "Order",
            "type": null,
            "modifiers": [
              "public"
            ],
            "position": {}
          },
          "position": {}
        },
        "_aerE8N4gEDiCiMor6bvDSw": {
          "key": "_aerE8N4gEDiCiMor6bvDSw",
          "name": "FullAuditedEntity",
          "type": null,
          "probability": 1,
          "modifiers": [
            "public"
          ],
          "to_variable": {
            "key": "_Z7gGcN4gEDiCiMor6bvDSw",
            "name": "FullAuditedEntity",
            "type": null,
            "modifiers": [
              "public"
            ],
            "position": {}
          },
          "position": {}
        }
      }
    },
    "fields_to_fields_data_clump-./Question-_kd-HAN4dEDiCiMor6bvDSw-_PibhMN4dEDiCiMor6bvDSw-IdSurveyIdFullAuditedEntity": {
      "type": "data_clump",
      "key": "fields_to_fields_data_clump-./Question-_kd-HAN4dEDiCiMor6bvDSw-_PibhMN4dEDiCiMor6bvDSw-IdSurveyIdFullAuditedEntity",
      "probability": 1,
      "from_file_path": "./Question",
      "from_class_or_interface_name": "Question",
      "from_class_or_interface_key": "_kd-HAN4dEDiCiMor6bvDSw",
      "from_method_name": null,
      "from_method_key": null,
      "to_file_path": "./SurveyResponse",
      "to_class_or_interface_key": "_PibhMN4dEDiCiMor6bvDSw",
      "to_class_or_interface_name": "Question",
      "to_method_key": null,
      "to_method_name": null,
      "data_clump_type": "fields_to_fields_data_clump",
      "data_clump_data": {
        "_lb69Ad4dEDiCiMor6bvDSw": {
          "key": "_lb69Ad4dEDiCiMor6bvDSw",
          "name": "Id",
          "type": null,
          "probability": 1,
          "modifiers": [
            "public"
          ],
          "to_variable": {
            "key": "_QHjngd4dEDiCiMor6bvDSw",
            "name": "Id",
            "type": null,
            "modifiers": [
              "public"
            ],
            "position": {}
          },
          "position": {}
        },
        "_nF6Zod4dEDiCiMor6bvDSw": {
          "key": "_nF6Zod4dEDiCiMor6bvDSw",
          "name": "SurveyId",
          "type": null,
          "probability": 1,
          "modifiers": [
            "public"
          ],
          "to_variable": {
            "key": "_QVeHsd4dEDiCiMor6bvDSw",
            "name": "SurveyId",
            "type": null,
            "modifiers": [
              "public"
            ],
            "position": {}
          },
          "position": {}
        },
        "_aerE8N4gEDiCiMor6bvDSw": {
          "key": "_aerE8N4gEDiCiMor6bvDSw",
          "name": "FullAuditedEntity",
          "type": null,
          "probability": 1,
          "modifiers": [
            "public"
          ],
          "to_variable": {
            "key": "_YEMmkN4gEDiCiMor6bvDSw",
            "name": "FullAuditedEntity",
            "type": null,
            "modifiers": [
              "public"
            ],
            "position": {}
          },
          "position": {}
        }
      }
    },
    "fields_to_fields_data_clump-./SurveyResponse-_PibhMN4dEDiCiMor6bvDSw-_kd-HAN4dEDiCiMor6bvDSw-IdSurveyIdFullAuditedEntity": {
      "type": "data_clump",
      "key": "fields_to_fields_data_clump-./SurveyResponse-_PibhMN4dEDiCiMor6bvDSw-_kd-HAN4dEDiCiMor6bvDSw-IdSurveyIdFullAuditedEntity",
      "probability": 1,
      "from_file_path": "./SurveyResponse",
      "from_class_or_interface_name": "SurveyResponse",
      "from_class_or_interface_key": "_PibhMN4dEDiCiMor6bvDSw",
      "from_method_name": null,
      "from_method_key": null,
      "to_file_path": "./Question",
      "to_class_or_interface_key": "_kd-HAN4dEDiCiMor6bvDSw",
      "to_class_or_interface_name": "SurveyResponse",
      "to_method_key": null,
      "to_method_name": null,
      "data_clump_type": "fields_to_fields_data_clump",
      "data_clump_data": {
        "_QHjngd4dEDiCiMor6bvDSw": {
          "key": "_QHjngd4dEDiCiMor6bvDSw",
          "name": "Id",
          "type": null,
          "probability": 1,
          "modifiers": [
            "public"
          ],
          "to_variable": {
            "key": "_lb69Ad4dEDiCiMor6bvDSw",
            "name": "Id",
            "type": null,
            "modifiers": [
              "public"
            ],
            "position": {}
          },
          "position": {}
        },
        "_QVeHsd4dEDiCiMor6bvDSw": {
          "key": "_QVeHsd4dEDiCiMor6bvDSw",
          "name": "SurveyId",
          "type": null,
          "probability": 1,
          "modifiers": [
            "public"
          ],
          "to_variable": {
            "key": "_nF6Zod4dEDiCiMor6bvDSw",
            "name": "SurveyId",
            "type": null,
            "modifiers": [
              "public"
            ],
            "position": {}
          },
          "position": {}
        },
        "_YEMmkN4gEDiCiMor6bvDSw": {
          "key": "_YEMmkN4gEDiCiMor6bvDSw",
          "name": "FullAuditedEntity",
          "type": null,
          "probability": 1,
          "modifiers": [
            "public"
          ],
          "to_variable": {
            "key": "_aerE8N4gEDiCiMor6bvDSw",
            "name": "FullAuditedEntity",
            "type": null,
            "modifiers": [
              "public"
            ],
            "position": {}
          },
          "position": {}
        }
      }
    }
  }
}