{
  "report_version": "unknown",
  "report_timestamp": "2025-03-26T21:44:12.817Z",
  "target_language": "java",
  "report_summary": {
    "additional": null,
    "amount_classes_or_interfaces_with_data_clumps": 5,
    "amount_files_with_data_clumps": 5,
    "amount_methods_with_data_clumps": 0,
    "fields_to_fields_data_clump": 20,
    "parameters_to_fields_data_clump": 0,
    "parameters_to_parameters_data_clump": 0,
    "amount_data_clumps": 20
  },
  "project_info": {
    "project_url": "unknown_project_url",
    "project_name": "_YNO90HNDEeSZWo9AFr5YZg",
    "project_version": "unknown_project_version",
    "project_commit_hash": "unknown",
    "project_tag": null,
    "project_commit_date": null,
    "additional": {},
    "number_of_files": 7,
    "number_of_classes_or_interfaces": 7,
    "number_of_methods": 21,
    "number_of_data_fields": 40,
    "number_of_method_parameters": 0
  },
  "detector": {
    "name": "data-clumps-doctor",
    "url": "https://github.com/NilsBaumgartner1994/data-clumps-doctor",
    "version": "0.1.100",
    "options": {
      "typeVariablesConsidered": false,
      "similarityModifierOfVariablesWithUnknownType": 0,
      "fieldsOfClassesWithUnknownHierarchyProbabilityModifier": 0,
      "sharedFieldsToFieldsAmountMinimum": 3,
      "analyseFieldsInClassesOrInterfacesInheritedFromSuperClassesOrInterfaces": false,
      "sharedParametersToParametersAmountMinimum": 3,
      "sharedParametersToFieldsAmountMinimum": 3,
      "methodsOfClassesOrInterfacesWithUnknownHierarchyProbabilityModifier": 0
    }
  },
  "data_clumps": {
    "fields_to_fields_data_clump-./Karshenas-_LOlqAFZbEDKuxNeeCnU5Yw-_WSAJkFZaEDKuxNeeCnU5Yw-namnamekhanevadegicodemeliaddresstelephone": {
      "type": "data_clump",
      "key": "fields_to_fields_data_clump-./Karshenas-_LOlqAFZbEDKuxNeeCnU5Yw-_WSAJkFZaEDKuxNeeCnU5Yw-namnamekhanevadegicodemeliaddresstelephone",
      "probability": 1,
      "from_file_path": "./Karshenas",
      "from_class_or_interface_name": "Karshenas",
      "from_class_or_interface_key": "_LOlqAFZbEDKuxNeeCnU5Yw",
      "from_method_name": null,
      "from_method_key": null,
      "to_file_path": "./Moteghazi",
      "to_class_or_interface_key": "_WSAJkFZaEDKuxNeeCnU5Yw",
      "to_class_or_interface_name": "Karshenas",
      "to_method_key": null,
      "to_method_name": null,
      "data_clump_type": "fields_to_fields_data_clump",
      "data_clump_data": {
        "_OD64YFZbEDKuxNeeCnU5Yw": {
          "key": "_OD64YFZbEDKuxNeeCnU5Yw",
          "name": "nam",
          "type": null,
          "probability": 1,
          "modifiers": [
            "protected"
          ],
          "to_variable": {
            "key": "_ho_3AFZaEDKuxNeeCnU5Yw",
            "name": "nam",
            "type": null,
            "modifiers": [
              "protected"
            ],
            "position": {}
          },
          "position": {}
        },
        "_Q3400FZbEDKuxNeeCnU5Yw": {
          "key": "_Q3400FZbEDKuxNeeCnU5Yw",
          "name": "namekhanevadegi",
          "type": null,
          "probability": 1,
          "modifiers": [
            "protected"
          ],
          "to_variable": {
            "key": "_jXYEYFZaEDKuxNeeCnU5Yw",
            "name": "namekhanevadegi",
            "type": null,
            "modifiers": [
              "protected"
            ],
            "position": {}
          },
          "position": {}
        },
        "_dh7MkFZdEDKuxNeeCnU5Yw": {
          "key": "_dh7MkFZdEDKuxNeeCnU5Yw",
          "name": "codemeli",
          "type": null,
          "probability": 1,
          "modifiers": [
            "protected"
          ],
          "to_variable": {
            "key": "_mg290FZaEDKuxNeeCnU5Yw",
            "name": "codemeli",
            "type": null,
            "modifiers": [
              "protected"
            ],
            "position": {}
          },
          "position": {}
        },
        "_R89UkFZdEDKuxNeeCnU5Yw": {
          "key": "_R89UkFZdEDKuxNeeCnU5Yw",
          "name": "address",
          "type": null,
          "probability": 1,
          "modifiers": [
            "protected"
          ],
          "to_variable": {
            "key": "_nbjrgFZaEDKuxNeeCnU5Yw",
            "name": "address",
            "type": null,
            "modifiers": [
              "protected"
            ],
            "position": {}
          },
          "position": {}
        },
        "_UOSI4FZbEDKuxNeeCnU5Yw": {
          "key": "_UOSI4FZbEDKuxNeeCnU5Yw",
          "name": "telephone",
          "type": null,
          "probability": 1,
          "modifiers": [
            "protected"
          ],
          "to_variable": {
            "key": "_q2Re4FZaEDKuxNeeCnU5Yw",
            "name": "telephone",
            "type": null,
            "modifiers": [
              "protected"
            ],
            "position": {}
          },
          "position": {}
        }
      }
    },
    "fields_to_fields_data_clump-./Karshenas-_LOlqAFZbEDKuxNeeCnU5Yw-_K1T8cFZdEDKuxNeeCnU5Yw-IDnamnamekhanevadegicodemeliaddresstelephone": {
      "type": "data_clump",
      "key": "fields_to_fields_data_clump-./Karshenas-_LOlqAFZbEDKuxNeeCnU5Yw-_K1T8cFZdEDKuxNeeCnU5Yw-IDnamnamekhanevadegicodemeliaddresstelephone",
      "probability": 1,
      "from_file_path": "./Karshenas",
      "from_class_or_interface_name": "Karshenas",
      "from_class_or_interface_key": "_LOlqAFZbEDKuxNeeCnU5Yw",
      "from_method_name": null,
      "from_method_key": null,
      "to_file_path": "./karmand",
      "to_class_or_interface_key": "_K1T8cFZdEDKuxNeeCnU5Yw",
      "to_class_or_interface_name": "Karshenas",
      "to_method_key": null,
      "to_method_name": null,
      "data_clump_type": "fields_to_fields_data_clump",
      "data_clump_data": {
        "_Sy6XEFZbEDKuxNeeCnU5Yw": {
          "key": "_Sy6XEFZbEDKuxNeeCnU5Yw",
          "name": "ID",
          "type": null,
          "probability": 1,
          "modifiers": [
            "protected"
          ],
          "to_variable": {
            "key": "_oeg18FZdEDKuxNeeCnU5Yw",
            "name": "ID",
            "type": null,
            "modifiers": [
              "protected"
            ],
            "position": {}
          },
          "position": {}
        },
        "_OD64YFZbEDKuxNeeCnU5Yw": {
          "key": "_OD64YFZbEDKuxNeeCnU5Yw",
          "name": "nam",
          "type": null,
          "probability": 1,
          "modifiers": [
            "protected"
          ],
          "to_variable": {
            "key": "_oehdAFZdEDKuxNeeCnU5Yw",
            "name": "nam",
            "type": null,
            "modifiers": [
              "protected"
            ],
            "position": {}
          },
          "position": {}
        },
        "_Q3400FZbEDKuxNeeCnU5Yw": {
          "key": "_Q3400FZbEDKuxNeeCnU5Yw",
          "name": "namekhanevadegi",
          "type": null,
          "probability": 1,
          "modifiers": [
            "protected"
          ],
          "to_variable": {
            "key": "_oeirIFZdEDKuxNeeCnU5Yw",
            "name": "namekhanevadegi",
            "type": null,
            "modifiers": [
              "protected"
            ],
            "position": {}
          },
          "position": {}
        },
        "_dh7MkFZdEDKuxNeeCnU5Yw": {
          "key": "_dh7MkFZdEDKuxNeeCnU5Yw",
          "name": "codemeli",
          "type": null,
          "probability": 1,
          "modifiers": [
            "protected"
          ],
          "to_variable": {
            "key": "_qXB2wFZdEDKuxNeeCnU5Yw",
            "name": "codemeli",
            "type": null,
            "modifiers": [
              "protected"
            ],
            "position": {}
          },
          "position": {}
        },
        "_R89UkFZdEDKuxNeeCnU5Yw": {
          "key": "_R89UkFZdEDKuxNeeCnU5Yw",
          "name": "address",
          "type": null,
          "probability": 1,
          "modifiers": [
            "protected"
          ],
          "to_variable": {
            "key": "_qXFhIFZdEDKuxNeeCnU5Yw",
            "name": "address",
            "type": null,
            "modifiers": [
              "protected"
            ],
            "position": {}
          },
          "position": {}
        },
        "_UOSI4FZbEDKuxNeeCnU5Yw": {
          "key": "_UOSI4FZbEDKuxNeeCnU5Yw",
          "name": "telephone",
          "type": null,
          "probability": 1,
          "modifiers": [
            "protected"
          ],
          "to_variable": {
            "key": "_qXDE4FZdEDKuxNeeCnU5Yw",
            "name": "telephone",
            "type": null,
            "modifiers": [
              "protected"
            ],
            "position": {}
          },
          "position": {}
        }
      }
    },
    "fields_to_fields_data_clump-./Karshenas-_LOlqAFZbEDKuxNeeCnU5Yw-_66mosFZbEDKuxNeeCnU5Yw-IDnamnamekhanevadegicodemeliaddresstelephone": {
      "type": "data_clump",
      "key": "fields_to_fields_data_clump-./Karshenas-_LOlqAFZbEDKuxNeeCnU5Yw-_66mosFZbEDKuxNeeCnU5Yw-IDnamnamekhanevadegicodemeliaddresstelephone",
      "probability": 1,
      "from_file_path": "./Karshenas",
      "from_class_or_interface_name": "Karshenas",
      "from_class_or_interface_key": "_LOlqAFZbEDKuxNeeCnU5Yw",
      "from_method_name": null,
      "from_method_key": null,
      "to_file_path": "./vahedesodoremojavez",
      "to_class_or_interface_key": "_66mosFZbEDKuxNeeCnU5Yw",
      "to_class_or_interface_name": "Karshenas",
      "to_method_key": null,
      "to_method_name": null,
      "data_clump_type": "fields_to_fields_data_clump",
      "data_clump_data": {
        "_Sy6XEFZbEDKuxNeeCnU5Yw": {
          "key": "_Sy6XEFZbEDKuxNeeCnU5Yw",
          "name": "ID",
          "type": null,
          "probability": 1,
          "modifiers": [
            "protected"
          ],
          "to_variable": {
            "key": "_ZQelgFZdEDKuxNeeCnU5Yw",
            "name": "ID",
            "type": null,
            "modifiers": [
              "protected"
            ],
            "position": {}
          },
          "position": {}
        },
        "_OD64YFZbEDKuxNeeCnU5Yw": {
          "key": "_OD64YFZbEDKuxNeeCnU5Yw",
          "name": "nam",
          "type": null,
          "probability": 1,
          "modifiers": [
            "protected"
          ],
          "to_variable": {
            "key": "_ALAyYFZcEDKuxNeeCnU5Yw",
            "name": "nam",
            "type": null,
            "modifiers": [
              "protected"
            ],
            "position": {}
          },
          "position": {}
        },
        "_Q3400FZbEDKuxNeeCnU5Yw": {
          "key": "_Q3400FZbEDKuxNeeCnU5Yw",
          "name": "namekhanevadegi",
          "type": null,
          "probability": 1,
          "modifiers": [
            "protected"
          ],
          "to_variable": {
            "key": "_C4UtMFZcEDKuxNeeCnU5Yw",
            "name": "namekhanevadegi",
            "type": null,
            "modifiers": [
              "protected"
            ],
            "position": {}
          },
          "position": {}
        },
        "_dh7MkFZdEDKuxNeeCnU5Yw": {
          "key": "_dh7MkFZdEDKuxNeeCnU5Yw",
          "name": "codemeli",
          "type": null,
          "probability": 1,
          "modifiers": [
            "protected"
          ],
          "to_variable": {
            "key": "_D9SKIFZcEDKuxNeeCnU5Yw",
            "name": "codemeli",
            "type": null,
            "modifiers": [
              "protected"
            ],
            "position": {}
          },
          "position": {}
        },
        "_R89UkFZdEDKuxNeeCnU5Yw": {
          "key": "_R89UkFZdEDKuxNeeCnU5Yw",
          "name": "address",
          "type": null,
          "probability": 1,
          "modifiers": [
            "protected"
          ],
          "to_variable": {
            "key": "_GkSooFZcEDKuxNeeCnU5Yw",
            "name": "address",
            "type": null,
            "modifiers": [
              "protected"
            ],
            "position": {}
          },
          "position": {}
        },
        "_UOSI4FZbEDKuxNeeCnU5Yw": {
          "key": "_UOSI4FZbEDKuxNeeCnU5Yw",
          "name": "telephone",
          "type": null,
          "probability": 1,
          "modifiers": [
            "protected"
          ],
          "to_variable": {
            "key": "_FCHrQFZcEDKuxNeeCnU5Yw",
            "name": "telephone",
            "type": null,
            "modifiers": [
              "protected"
            ],
            "position": {}
          },
          "position": {}
        }
      }
    },
    "fields_to_fields_data_clump-./Karshenas-_LOlqAFZbEDKuxNeeCnU5Yw-_kPYYgFZcEDKuxNeeCnU5Yw-namnamekhanevadegicodemeliaddresstelephone": {
      "type": "data_clump",
      "key": "fields_to_fields_data_clump-./Karshenas-_LOlqAFZbEDKuxNeeCnU5Yw-_kPYYgFZcEDKuxNeeCnU5Yw-namnamekhanevadegicodemeliaddresstelephone",
      "probability": 1,
      "from_file_path": "./Karshenas",
      "from_class_or_interface_name": "Karshenas",
      "from_class_or_interface_key": "_LOlqAFZbEDKuxNeeCnU5Yw",
      "from_method_name": null,
      "from_method_key": null,
      "to_file_path": "./vahedesodoreparvane",
      "to_class_or_interface_key": "_kPYYgFZcEDKuxNeeCnU5Yw",
      "to_class_or_interface_name": "Karshenas",
      "to_method_key": null,
      "to_method_name": null,
      "data_clump_type": "fields_to_fields_data_clump",
      "data_clump_data": {
        "_OD64YFZbEDKuxNeeCnU5Yw": {
          "key": "_OD64YFZbEDKuxNeeCnU5Yw",
          "name": "nam",
          "type": null,
          "probability": 1,
          "modifiers": [
            "protected"
          ],
          "to_variable": {
            "key": "_uOwLsFZcEDKuxNeeCnU5Yw",
            "name": "nam",
            "type": null,
            "modifiers": [
              "protected"
            ],
            "position": {}
          },
          "position": {}
        },
        "_Q3400FZbEDKuxNeeCnU5Yw": {
          "key": "_Q3400FZbEDKuxNeeCnU5Yw",
          "name": "namekhanevadegi",
          "type": null,
          "probability": 1,
          "modifiers": [
            "protected"
          ],
          "to_variable": {
            "key": "_xUB6kFZcEDKuxNeeCnU5Yw",
            "name": "namekhanevadegi",
            "type": null,
            "modifiers": [
              "protected"
            ],
            "position": {}
          },
          "position": {}
        },
        "_dh7MkFZdEDKuxNeeCnU5Yw": {
          "key": "_dh7MkFZdEDKuxNeeCnU5Yw",
          "name": "codemeli",
          "type": null,
          "probability": 1,
          "modifiers": [
            "protected"
          ],
          "to_variable": {
            "key": "_xUE94FZcEDKuxNeeCnU5Yw",
            "name": "codemeli",
            "type": null,
            "modifiers": [
              "protected"
            ],
            "position": {}
          },
          "position": {}
        },
        "_R89UkFZdEDKuxNeeCnU5Yw": {
          "key": "_R89UkFZdEDKuxNeeCnU5Yw",
          "name": "address",
          "type": null,
          "probability": 1,
          "modifiers": [
            "protected"
          ],
          "to_variable": {
            "key": "_xUHaIFZcEDKuxNeeCnU5Yw",
            "name": "address",
            "type": null,
            "modifiers": [
              "protected"
            ],
            "position": {}
          },
          "position": {}
        },
        "_UOSI4FZbEDKuxNeeCnU5Yw": {
          "key": "_UOSI4FZbEDKuxNeeCnU5Yw",
          "name": "telephone",
          "type": null,
          "probability": 1,
          "modifiers": [
            "protected"
          ],
          "to_variable": {
            "key": "_xUGMAFZcEDKuxNeeCnU5Yw",
            "name": "telephone",
            "type": null,
            "modifiers": [
              "protected"
            ],
            "position": {}
          },
          "position": {}
        }
      }
    },
    "fields_to_fields_data_clump-./Moteghazi-_WSAJkFZaEDKuxNeeCnU5Yw-_LOlqAFZbEDKuxNeeCnU5Yw-namnamekhanevadegicodemeliaddresstelephone": {
      "type": "data_clump",
      "key": "fields_to_fields_data_clump-./Moteghazi-_WSAJkFZaEDKuxNeeCnU5Yw-_LOlqAFZbEDKuxNeeCnU5Yw-namnamekhanevadegicodemeliaddresstelephone",
      "probability": 1,
      "from_file_path": "./Moteghazi",
      "from_class_or_interface_name": "Moteghazi",
      "from_class_or_interface_key": "_WSAJkFZaEDKuxNeeCnU5Yw",
      "from_method_name": null,
      "from_method_key": null,
      "to_file_path": "./Karshenas",
      "to_class_or_interface_key": "_LOlqAFZbEDKuxNeeCnU5Yw",
      "to_class_or_interface_name": "Moteghazi",
      "to_method_key": null,
      "to_method_name": null,
      "data_clump_type": "fields_to_fields_data_clump",
      "data_clump_data": {
        "_ho_3AFZaEDKuxNeeCnU5Yw": {
          "key": "_ho_3AFZaEDKuxNeeCnU5Yw",
          "name": "nam",
          "type": null,
          "probability": 1,
          "modifiers": [
            "protected"
          ],
          "to_variable": {
            "key": "_OD64YFZbEDKuxNeeCnU5Yw",
            "name": "nam",
            "type": null,
            "modifiers": [
              "protected"
            ],
            "position": {}
          },
          "position": {}
        },
        "_jXYEYFZaEDKuxNeeCnU5Yw": {
          "key": "_jXYEYFZaEDKuxNeeCnU5Yw",
          "name": "namekhanevadegi",
          "type": null,
          "probability": 1,
          "modifiers": [
            "protected"
          ],
          "to_variable": {
            "key": "_Q3400FZbEDKuxNeeCnU5Yw",
            "name": "namekhanevadegi",
            "type": null,
            "modifiers": [
              "protected"
            ],
            "position": {}
          },
          "position": {}
        },
        "_mg290FZaEDKuxNeeCnU5Yw": {
          "key": "_mg290FZaEDKuxNeeCnU5Yw",
          "name": "codemeli",
          "type": null,
          "probability": 1,
          "modifiers": [
            "protected"
          ],
          "to_variable": {
            "key": "_dh7MkFZdEDKuxNeeCnU5Yw",
            "name": "codemeli",
            "type": null,
            "modifiers": [
              "protected"
            ],
            "position": {}
          },
          "position": {}
        },
        "_nbjrgFZaEDKuxNeeCnU5Yw": {
          "key": "_nbjrgFZaEDKuxNeeCnU5Yw",
          "name": "address",
          "type": null,
          "probability": 1,
          "modifiers": [
            "protected"
          ],
          "to_variable": {
            "key": "_R89UkFZdEDKuxNeeCnU5Yw",
            "name": "address",
            "type": null,
            "modifiers": [
              "protected"
            ],
            "position": {}
          },
          "position": {}
        },
        "_q2Re4FZaEDKuxNeeCnU5Yw": {
          "key": "_q2Re4FZaEDKuxNeeCnU5Yw",
          "name": "telephone",
          "type": null,
          "probability": 1,
          "modifiers": [
            "protected"
          ],
          "to_variable": {
            "key": "_UOSI4FZbEDKuxNeeCnU5Yw",
            "name": "telephone",
            "type": null,
            "modifiers": [
              "protected"
            ],
            "position": {}
          },
          "position": {}
        }
      }
    },
    "fields_to_fields_data_clump-./Moteghazi-_WSAJkFZaEDKuxNeeCnU5Yw-_K1T8cFZdEDKuxNeeCnU5Yw-namnamekhanevadegicodemeliaddresstelephone": {
      "type": "data_clump",
      "key": "fields_to_fields_data_clump-./Moteghazi-_WSAJkFZaEDKuxNeeCnU5Yw-_K1T8cFZdEDKuxNeeCnU5Yw-namnamekhanevadegicodemeliaddresstelephone",
      "probability": 1,
      "from_file_path": "./Moteghazi",
      "from_class_or_interface_name": "Moteghazi",
      "from_class_or_interface_key": "_WSAJkFZaEDKuxNeeCnU5Yw",
      "from_method_name": null,
      "from_method_key": null,
      "to_file_path": "./karmand",
      "to_class_or_interface_key": "_K1T8cFZdEDKuxNeeCnU5Yw",
      "to_class_or_interface_name": "Moteghazi",
      "to_method_key": null,
      "to_method_name": null,
      "data_clump_type": "fields_to_fields_data_clump",
      "data_clump_data": {
        "_ho_3AFZaEDKuxNeeCnU5Yw": {
          "key": "_ho_3AFZaEDKuxNeeCnU5Yw",
          "name": "nam",
          "type": null,
          "probability": 1,
          "modifiers": [
            "protected"
          ],
          "to_variable": {
            "key": "_oehdAFZdEDKuxNeeCnU5Yw",
            "name": "nam",
            "type": null,
            "modifiers": [
              "protected"
            ],
            "position": {}
          },
          "position": {}
        },
        "_jXYEYFZaEDKuxNeeCnU5Yw": {
          "key": "_jXYEYFZaEDKuxNeeCnU5Yw",
          "name": "namekhanevadegi",
          "type": null,
          "probability": 1,
          "modifiers": [
            "protected"
          ],
          "to_variable": {
            "key": "_oeirIFZdEDKuxNeeCnU5Yw",
            "name": "namekhanevadegi",
            "type": null,
            "modifiers": [
              "protected"
            ],
            "position": {}
          },
          "position": {}
        },
        "_mg290FZaEDKuxNeeCnU5Yw": {
          "key": "_mg290FZaEDKuxNeeCnU5Yw",
          "name": "codemeli",
          "type": null,
          "probability": 1,
          "modifiers": [
            "protected"
          ],
          "to_variable": {
            "key": "_qXB2wFZdEDKuxNeeCnU5Yw",
            "name": "codemeli",
            "type": null,
            "modifiers": [
              "protected"
            ],
            "position": {}
          },
          "position": {}
        },
        "_nbjrgFZaEDKuxNeeCnU5Yw": {
          "key": "_nbjrgFZaEDKuxNeeCnU5Yw",
          "name": "address",
          "type": null,
          "probability": 1,
          "modifiers": [
            "protected"
          ],
          "to_variable": {
            "key": "_qXFhIFZdEDKuxNeeCnU5Yw",
            "name": "address",
            "type": null,
            "modifiers": [
              "protected"
            ],
            "position": {}
          },
          "position": {}
        },
        "_q2Re4FZaEDKuxNeeCnU5Yw": {
          "key": "_q2Re4FZaEDKuxNeeCnU5Yw",
          "name": "telephone",
          "type": null,
          "probability": 1,
          "modifiers": [
            "protected"
          ],
          "to_variable": {
            "key": "_qXDE4FZdEDKuxNeeCnU5Yw",
            "name": "telephone",
            "type": null,
            "modifiers": [
              "protected"
            ],
            "position": {}
          },
          "position": {}
        }
      }
    },
    "fields_to_fields_data_clump-./Moteghazi-_WSAJkFZaEDKuxNeeCnU5Yw-_66mosFZbEDKuxNeeCnU5Yw-namnamekhanevadegicodemeliaddresstelephone": {
      "type": "data_clump",
      "key": "fields_to_fields_data_clump-./Moteghazi-_WSAJkFZaEDKuxNeeCnU5Yw-_66mosFZbEDKuxNeeCnU5Yw-namnamekhanevadegicodemeliaddresstelephone",
      "probability": 1,
      "from_file_path": "./Moteghazi",
      "from_class_or_interface_name": "Moteghazi",
      "from_class_or_interface_key": "_WSAJkFZaEDKuxNeeCnU5Yw",
      "from_method_name": null,
      "from_method_key": null,
      "to_file_path": "./vahedesodoremojavez",
      "to_class_or_interface_key": "_66mosFZbEDKuxNeeCnU5Yw",
      "to_class_or_interface_name": "Moteghazi",
      "to_method_key": null,
      "to_method_name": null,
      "data_clump_type": "fields_to_fields_data_clump",
      "data_clump_data": {
        "_ho_3AFZaEDKuxNeeCnU5Yw": {
          "key": "_ho_3AFZaEDKuxNeeCnU5Yw",
          "name": "nam",
          "type": null,
          "probability": 1,
          "modifiers": [
            "protected"
          ],
          "to_variable": {
            "key": "_ALAyYFZcEDKuxNeeCnU5Yw",
            "name": "nam",
            "type": null,
            "modifiers": [
              "protected"
            ],
            "position": {}
          },
          "position": {}
        },
        "_jXYEYFZaEDKuxNeeCnU5Yw": {
          "key": "_jXYEYFZaEDKuxNeeCnU5Yw",
          "name": "namekhanevadegi",
          "type": null,
          "probability": 1,
          "modifiers": [
            "protected"
          ],
          "to_variable": {
            "key": "_C4UtMFZcEDKuxNeeCnU5Yw",
            "name": "namekhanevadegi",
            "type": null,
            "modifiers": [
              "protected"
            ],
            "position": {}
          },
          "position": {}
        },
        "_mg290FZaEDKuxNeeCnU5Yw": {
          "key": "_mg290FZaEDKuxNeeCnU5Yw",
          "name": "codemeli",
          "type": null,
          "probability": 1,
          "modifiers": [
            "protected"
          ],
          "to_variable": {
            "key": "_D9SKIFZcEDKuxNeeCnU5Yw",
            "name": "codemeli",
            "type": null,
            "modifiers": [
              "protected"
            ],
            "position": {}
          },
          "position": {}
        },
        "_nbjrgFZaEDKuxNeeCnU5Yw": {
          "key": "_nbjrgFZaEDKuxNeeCnU5Yw",
          "name": "address",
          "type": null,
          "probability": 1,
          "modifiers": [
            "protected"
          ],
          "to_variable": {
            "key": "_GkSooFZcEDKuxNeeCnU5Yw",
            "name": "address",
            "type": null,
            "modifiers": [
              "protected"
            ],
            "position": {}
          },
          "position": {}
        },
        "_q2Re4FZaEDKuxNeeCnU5Yw": {
          "key": "_q2Re4FZaEDKuxNeeCnU5Yw",
          "name": "telephone",
          "type": null,
          "probability": 1,
          "modifiers": [
            "protected"
          ],
          "to_variable": {
            "key": "_FCHrQFZcEDKuxNeeCnU5Yw",
            "name": "telephone",
            "type": null,
            "modifiers": [
              "protected"
            ],
            "position": {}
          },
          "position": {}
        }
      }
    },
    "fields_to_fields_data_clump-./Moteghazi-_WSAJkFZaEDKuxNeeCnU5Yw-_kPYYgFZcEDKuxNeeCnU5Yw-namnamekhanevadegicodemeliaddresstelephone": {
      "type": "data_clump",
      "key": "fields_to_fields_data_clump-./Moteghazi-_WSAJkFZaEDKuxNeeCnU5Yw-_kPYYgFZcEDKuxNeeCnU5Yw-namnamekhanevadegicodemeliaddresstelephone",
      "probability": 1,
      "from_file_path": "./Moteghazi",
      "from_class_or_interface_name": "Moteghazi",
      "from_class_or_interface_key": "_WSAJkFZaEDKuxNeeCnU5Yw",
      "from_method_name": null,
      "from_method_key": null,
      "to_file_path": "./vahedesodoreparvane",
      "to_class_or_interface_key": "_kPYYgFZcEDKuxNeeCnU5Yw",
      "to_class_or_interface_name": "Moteghazi",
      "to_method_key": null,
      "to_method_name": null,
      "data_clump_type": "fields_to_fields_data_clump",
      "data_clump_data": {
        "_ho_3AFZaEDKuxNeeCnU5Yw": {
          "key": "_ho_3AFZaEDKuxNeeCnU5Yw",
          "name": "nam",
          "type": null,
          "probability": 1,
          "modifiers": [
            "protected"
          ],
          "to_variable": {
            "key": "_uOwLsFZcEDKuxNeeCnU5Yw",
            "name": "nam",
            "type": null,
            "modifiers": [
              "protected"
            ],
            "position": {}
          },
          "position": {}
        },
        "_jXYEYFZaEDKuxNeeCnU5Yw": {
          "key": "_jXYEYFZaEDKuxNeeCnU5Yw",
          "name": "namekhanevadegi",
          "type": null,
          "probability": 1,
          "modifiers": [
            "protected"
          ],
          "to_variable": {
            "key": "_xUB6kFZcEDKuxNeeCnU5Yw",
            "name": "namekhanevadegi",
            "type": null,
            "modifiers": [
              "protected"
            ],
            "position": {}
          },
          "position": {}
        },
        "_mg290FZaEDKuxNeeCnU5Yw": {
          "key": "_mg290FZaEDKuxNeeCnU5Yw",
          "name": "codemeli",
          "type": null,
          "probability": 1,
          "modifiers": [
            "protected"
          ],
          "to_variable": {
            "key": "_xUE94FZcEDKuxNeeCnU5Yw",
            "name": "codemeli",
            "type": null,
            "modifiers": [
              "protected"
            ],
            "position": {}
          },
          "position": {}
        },
        "_nbjrgFZaEDKuxNeeCnU5Yw": {
          "key": "_nbjrgFZaEDKuxNeeCnU5Yw",
          "name": "address",
          "type": null,
          "probability": 1,
          "modifiers": [
            "protected"
          ],
          "to_variable": {
            "key": "_xUHaIFZcEDKuxNeeCnU5Yw",
            "name": "address",
            "type": null,
            "modifiers": [
              "protected"
            ],
            "position": {}
          },
          "position": {}
        },
        "_q2Re4FZaEDKuxNeeCnU5Yw": {
          "key": "_q2Re4FZaEDKuxNeeCnU5Yw",
          "name": "telephone",
          "type": null,
          "probability": 1,
          "modifiers": [
            "protected"
          ],
          "to_variable": {
            "key": "_xUGMAFZcEDKuxNeeCnU5Yw",
            "name": "telephone",
            "type": null,
            "modifiers": [
              "protected"
            ],
            "position": {}
          },
          "position": {}
        }
      }
    },
    "fields_to_fields_data_clump-./karmand-_K1T8cFZdEDKuxNeeCnU5Yw-_LOlqAFZbEDKuxNeeCnU5Yw-IDnamnamekhanevadegicodemelitelephoneaddress": {
      "type": "data_clump",
      "key": "fields_to_fields_data_clump-./karmand-_K1T8cFZdEDKuxNeeCnU5Yw-_LOlqAFZbEDKuxNeeCnU5Yw-IDnamnamekhanevadegicodemelitelephoneaddress",
      "probability": 1,
      "from_file_path": "./karmand",
      "from_class_or_interface_name": "karmand",
      "from_class_or_interface_key": "_K1T8cFZdEDKuxNeeCnU5Yw",
      "from_method_name": null,
      "from_method_key": null,
      "to_file_path": "./Karshenas",
      "to_class_or_interface_key": "_LOlqAFZbEDKuxNeeCnU5Yw",
      "to_class_or_interface_name": "karmand",
      "to_method_key": null,
      "to_method_name": null,
      "data_clump_type": "fields_to_fields_data_clump",
      "data_clump_data": {
        "_oeg18FZdEDKuxNeeCnU5Yw": {
          "key": "_oeg18FZdEDKuxNeeCnU5Yw",
          "name": "ID",
          "type": null,
          "probability": 1,
          "modifiers": [
            "protected"
          ],
          "to_variable": {
            "key": "_Sy6XEFZbEDKuxNeeCnU5Yw",
            "name": "ID",
            "type": null,
            "modifiers": [
              "protected"
            ],
            "position": {}
          },
          "position": {}
        },
        "_oehdAFZdEDKuxNeeCnU5Yw": {
          "key": "_oehdAFZdEDKuxNeeCnU5Yw",
          "name": "nam",
          "type": null,
          "probability": 1,
          "modifiers": [
            "protected"
          ],
          "to_variable": {
            "key": "_OD64YFZbEDKuxNeeCnU5Yw",
            "name": "nam",
            "type": null,
            "modifiers": [
              "protected"
            ],
            "position": {}
          },
          "position": {}
        },
        "_oeirIFZdEDKuxNeeCnU5Yw": {
          "key": "_oeirIFZdEDKuxNeeCnU5Yw",
          "name": "namekhanevadegi",
          "type": null,
          "probability": 1,
          "modifiers": [
            "protected"
          ],
          "to_variable": {
            "key": "_Q3400FZbEDKuxNeeCnU5Yw",
            "name": "namekhanevadegi",
            "type": null,
            "modifiers": [
              "protected"
            ],
            "position": {}
          },
          "position": {}
        },
        "_qXB2wFZdEDKuxNeeCnU5Yw": {
          "key": "_qXB2wFZdEDKuxNeeCnU5Yw",
          "name": "codemeli",
          "type": null,
          "probability": 1,
          "modifiers": [
            "protected"
          ],
          "to_variable": {
            "key": "_dh7MkFZdEDKuxNeeCnU5Yw",
            "name": "codemeli",
            "type": null,
            "modifiers": [
              "protected"
            ],
            "position": {}
          },
          "position": {}
        },
        "_qXDE4FZdEDKuxNeeCnU5Yw": {
          "key": "_qXDE4FZdEDKuxNeeCnU5Yw",
          "name": "telephone",
          "type": null,
          "probability": 1,
          "modifiers": [
            "protected"
          ],
          "to_variable": {
            "key": "_UOSI4FZbEDKuxNeeCnU5Yw",
            "name": "telephone",
            "type": null,
            "modifiers": [
              "protected"
            ],
            "position": {}
          },
          "position": {}
        },
        "_qXFhIFZdEDKuxNeeCnU5Yw": {
          "key": "_qXFhIFZdEDKuxNeeCnU5Yw",
          "name": "address",
          "type": null,
          "probability": 1,
          "modifiers": [
            "protected"
          ],
          "to_variable": {
            "key": "_R89UkFZdEDKuxNeeCnU5Yw",
            "name": "address",
            "type": null,
            "modifiers": [
              "protected"
            ],
            "position": {}
          },
          "position": {}
        }
      }
    },
    "fields_to_fields_data_clump-./karmand-_K1T8cFZdEDKuxNeeCnU5Yw-_WSAJkFZaEDKuxNeeCnU5Yw-namnamekhanevadegicodemelitelephoneaddress": {
      "type": "data_clump",
      "key": "fields_to_fields_data_clump-./karmand-_K1T8cFZdEDKuxNeeCnU5Yw-_WSAJkFZaEDKuxNeeCnU5Yw-namnamekhanevadegicodemelitelephoneaddress",
      "probability": 1,
      "from_file_path": "./karmand",
      "from_class_or_interface_name": "karmand",
      "from_class_or_interface_key": "_K1T8cFZdEDKuxNeeCnU5Yw",
      "from_method_name": null,
      "from_method_key": null,
      "to_file_path": "./Moteghazi",
      "to_class_or_interface_key": "_WSAJkFZaEDKuxNeeCnU5Yw",
      "to_class_or_interface_name": "karmand",
      "to_method_key": null,
      "to_method_name": null,
      "data_clump_type": "fields_to_fields_data_clump",
      "data_clump_data": {
        "_oehdAFZdEDKuxNeeCnU5Yw": {
          "key": "_oehdAFZdEDKuxNeeCnU5Yw",
          "name": "nam",
          "type": null,
          "probability": 1,
          "modifiers": [
            "protected"
          ],
          "to_variable": {
            "key": "_ho_3AFZaEDKuxNeeCnU5Yw",
            "name": "nam",
            "type": null,
            "modifiers": [
              "protected"
            ],
            "position": {}
          },
          "position": {}
        },
        "_oeirIFZdEDKuxNeeCnU5Yw": {
          "key": "_oeirIFZdEDKuxNeeCnU5Yw",
          "name": "namekhanevadegi",
          "type": null,
          "probability": 1,
          "modifiers": [
            "protected"
          ],
          "to_variable": {
            "key": "_jXYEYFZaEDKuxNeeCnU5Yw",
            "name": "namekhanevadegi",
            "type": null,
            "modifiers": [
              "protected"
            ],
            "position": {}
          },
          "position": {}
        },
        "_qXB2wFZdEDKuxNeeCnU5Yw": {
          "key": "_qXB2wFZdEDKuxNeeCnU5Yw",
          "name": "codemeli",
          "type": null,
          "probability": 1,
          "modifiers": [
            "protected"
          ],
          "to_variable": {
            "key": "_mg290FZaEDKuxNeeCnU5Yw",
            "name": "codemeli",
            "type": null,
            "modifiers": [
              "protected"
            ],
            "position": {}
          },
          "position": {}
        },
        "_qXDE4FZdEDKuxNeeCnU5Yw": {
          "key": "_qXDE4FZdEDKuxNeeCnU5Yw",
          "name": "telephone",
          "type": null,
          "probability": 1,
          "modifiers": [
            "protected"
          ],
          "to_variable": {
            "key": "_q2Re4FZaEDKuxNeeCnU5Yw",
            "name": "telephone",
            "type": null,
            "modifiers": [
              "protected"
            ],
            "position": {}
          },
          "position": {}
        },
        "_qXFhIFZdEDKuxNeeCnU5Yw": {
          "key": "_qXFhIFZdEDKuxNeeCnU5Yw",
          "name": "address",
          "type": null,
          "probability": 1,
          "modifiers": [
            "protected"
          ],
          "to_variable": {
            "key": "_nbjrgFZaEDKuxNeeCnU5Yw",
            "name": "address",
            "type": null,
            "modifiers": [
              "protected"
            ],
            "position": {}
          },
          "position": {}
        }
      }
    },
    "fields_to_fields_data_clump-./karmand-_K1T8cFZdEDKuxNeeCnU5Yw-_66mosFZbEDKuxNeeCnU5Yw-IDnamnamekhanevadegicodemelitelephoneaddress": {
      "type": "data_clump",
      "key": "fields_to_fields_data_clump-./karmand-_K1T8cFZdEDKuxNeeCnU5Yw-_66mosFZbEDKuxNeeCnU5Yw-IDnamnamekhanevadegicodemelitelephoneaddress",
      "probability": 1,
      "from_file_path": "./karmand",
      "from_class_or_interface_name": "karmand",
      "from_class_or_interface_key": "_K1T8cFZdEDKuxNeeCnU5Yw",
      "from_method_name": null,
      "from_method_key": null,
      "to_file_path": "./vahedesodoremojavez",
      "to_class_or_interface_key": "_66mosFZbEDKuxNeeCnU5Yw",
      "to_class_or_interface_name": "karmand",
      "to_method_key": null,
      "to_method_name": null,
      "data_clump_type": "fields_to_fields_data_clump",
      "data_clump_data": {
        "_oeg18FZdEDKuxNeeCnU5Yw": {
          "key": "_oeg18FZdEDKuxNeeCnU5Yw",
          "name": "ID",
          "type": null,
          "probability": 1,
          "modifiers": [
            "protected"
          ],
          "to_variable": {
            "key": "_ZQelgFZdEDKuxNeeCnU5Yw",
            "name": "ID",
            "type": null,
            "modifiers": [
              "protected"
            ],
            "position": {}
          },
          "position": {}
        },
        "_oehdAFZdEDKuxNeeCnU5Yw": {
          "key": "_oehdAFZdEDKuxNeeCnU5Yw",
          "name": "nam",
          "type": null,
          "probability": 1,
          "modifiers": [
            "protected"
          ],
          "to_variable": {
            "key": "_ALAyYFZcEDKuxNeeCnU5Yw",
            "name": "nam",
            "type": null,
            "modifiers": [
              "protected"
            ],
            "position": {}
          },
          "position": {}
        },
        "_oeirIFZdEDKuxNeeCnU5Yw": {
          "key": "_oeirIFZdEDKuxNeeCnU5Yw",
          "name": "namekhanevadegi",
          "type": null,
          "probability": 1,
          "modifiers": [
            "protected"
          ],
          "to_variable": {
            "key": "_C4UtMFZcEDKuxNeeCnU5Yw",
            "name": "namekhanevadegi",
            "type": null,
            "modifiers": [
              "protected"
            ],
            "position": {}
          },
          "position": {}
        },
        "_qXB2wFZdEDKuxNeeCnU5Yw": {
          "key": "_qXB2wFZdEDKuxNeeCnU5Yw",
          "name": "codemeli",
          "type": null,
          "probability": 1,
          "modifiers": [
            "protected"
          ],
          "to_variable": {
            "key": "_D9SKIFZcEDKuxNeeCnU5Yw",
            "name": "codemeli",
            "type": null,
            "modifiers": [
              "protected"
            ],
            "position": {}
          },
          "position": {}
        },
        "_qXDE4FZdEDKuxNeeCnU5Yw": {
          "key": "_qXDE4FZdEDKuxNeeCnU5Yw",
          "name": "telephone",
          "type": null,
          "probability": 1,
          "modifiers": [
            "protected"
          ],
          "to_variable": {
            "key": "_FCHrQFZcEDKuxNeeCnU5Yw",
            "name": "telephone",
            "type": null,
            "modifiers": [
              "protected"
            ],
            "position": {}
          },
          "position": {}
        },
        "_qXFhIFZdEDKuxNeeCnU5Yw": {
          "key": "_qXFhIFZdEDKuxNeeCnU5Yw",
          "name": "address",
          "type": null,
          "probability": 1,
          "modifiers": [
            "protected"
          ],
          "to_variable": {
            "key": "_GkSooFZcEDKuxNeeCnU5Yw",
            "name": "address",
            "type": null,
            "modifiers": [
              "protected"
            ],
            "position": {}
          },
          "position": {}
        }
      }
    },
    "fields_to_fields_data_clump-./karmand-_K1T8cFZdEDKuxNeeCnU5Yw-_kPYYgFZcEDKuxNeeCnU5Yw-namnamekhanevadegicodemelitelephoneaddress": {
      "type": "data_clump",
      "key": "fields_to_fields_data_clump-./karmand-_K1T8cFZdEDKuxNeeCnU5Yw-_kPYYgFZcEDKuxNeeCnU5Yw-namnamekhanevadegicodemelitelephoneaddress",
      "probability": 1,
      "from_file_path": "./karmand",
      "from_class_or_interface_name": "karmand",
      "from_class_or_interface_key": "_K1T8cFZdEDKuxNeeCnU5Yw",
      "from_method_name": null,
      "from_method_key": null,
      "to_file_path": "./vahedesodoreparvane",
      "to_class_or_interface_key": "_kPYYgFZcEDKuxNeeCnU5Yw",
      "to_class_or_interface_name": "karmand",
      "to_method_key": null,
      "to_method_name": null,
      "data_clump_type": "fields_to_fields_data_clump",
      "data_clump_data": {
        "_oehdAFZdEDKuxNeeCnU5Yw": {
          "key": "_oehdAFZdEDKuxNeeCnU5Yw",
          "name": "nam",
          "type": null,
          "probability": 1,
          "modifiers": [
            "protected"
          ],
          "to_variable": {
            "key": "_uOwLsFZcEDKuxNeeCnU5Yw",
            "name": "nam",
            "type": null,
            "modifiers": [
              "protected"
            ],
            "position": {}
          },
          "position": {}
        },
        "_oeirIFZdEDKuxNeeCnU5Yw": {
          "key": "_oeirIFZdEDKuxNeeCnU5Yw",
          "name": "namekhanevadegi",
          "type": null,
          "probability": 1,
          "modifiers": [
            "protected"
          ],
          "to_variable": {
            "key": "_xUB6kFZcEDKuxNeeCnU5Yw",
            "name": "namekhanevadegi",
            "type": null,
            "modifiers": [
              "protected"
            ],
            "position": {}
          },
          "position": {}
        },
        "_qXB2wFZdEDKuxNeeCnU5Yw": {
          "key": "_qXB2wFZdEDKuxNeeCnU5Yw",
          "name": "codemeli",
          "type": null,
          "probability": 1,
          "modifiers": [
            "protected"
          ],
          "to_variable": {
            "key": "_xUE94FZcEDKuxNeeCnU5Yw",
            "name": "codemeli",
            "type": null,
            "modifiers": [
              "protected"
            ],
            "position": {}
          },
          "position": {}
        },
        "_qXDE4FZdEDKuxNeeCnU5Yw": {
          "key": "_qXDE4FZdEDKuxNeeCnU5Yw",
          "name": "telephone",
          "type": null,
          "probability": 1,
          "modifiers": [
            "protected"
          ],
          "to_variable": {
            "key": "_xUGMAFZcEDKuxNeeCnU5Yw",
            "name": "telephone",
            "type": null,
            "modifiers": [
              "protected"
            ],
            "position": {}
          },
          "position": {}
        },
        "_qXFhIFZdEDKuxNeeCnU5Yw": {
          "key": "_qXFhIFZdEDKuxNeeCnU5Yw",
          "name": "address",
          "type": null,
          "probability": 1,
          "modifiers": [
            "protected"
          ],
          "to_variable": {
            "key": "_xUHaIFZcEDKuxNeeCnU5Yw",
            "name": "address",
            "type": null,
            "modifiers": [
              "protected"
            ],
            "position": {}
          },
          "position": {}
        }
      }
    },
    "fields_to_fields_data_clump-./vahedesodoremojavez-_66mosFZbEDKuxNeeCnU5Yw-_LOlqAFZbEDKuxNeeCnU5Yw-IDnamnamekhanevadegicodemelitelephoneaddress": {
      "type": "data_clump",
      "key": "fields_to_fields_data_clump-./vahedesodoremojavez-_66mosFZbEDKuxNeeCnU5Yw-_LOlqAFZbEDKuxNeeCnU5Yw-IDnamnamekhanevadegicodemelitelephoneaddress",
      "probability": 1,
      "from_file_path": "./vahedesodoremojavez",
      "from_class_or_interface_name": "vahedesodoremojavez",
      "from_class_or_interface_key": "_66mosFZbEDKuxNeeCnU5Yw",
      "from_method_name": null,
      "from_method_key": null,
      "to_file_path": "./Karshenas",
      "to_class_or_interface_key": "_LOlqAFZbEDKuxNeeCnU5Yw",
      "to_class_or_interface_name": "vahedesodoremojavez",
      "to_method_key": null,
      "to_method_name": null,
      "data_clump_type": "fields_to_fields_data_clump",
      "data_clump_data": {
        "_ZQelgFZdEDKuxNeeCnU5Yw": {
          "key": "_ZQelgFZdEDKuxNeeCnU5Yw",
          "name": "ID",
          "type": null,
          "probability": 1,
          "modifiers": [
            "protected"
          ],
          "to_variable": {
            "key": "_Sy6XEFZbEDKuxNeeCnU5Yw",
            "name": "ID",
            "type": null,
            "modifiers": [
              "protected"
            ],
            "position": {}
          },
          "position": {}
        },
        "_ALAyYFZcEDKuxNeeCnU5Yw": {
          "key": "_ALAyYFZcEDKuxNeeCnU5Yw",
          "name": "nam",
          "type": null,
          "probability": 1,
          "modifiers": [
            "protected"
          ],
          "to_variable": {
            "key": "_OD64YFZbEDKuxNeeCnU5Yw",
            "name": "nam",
            "type": null,
            "modifiers": [
              "protected"
            ],
            "position": {}
          },
          "position": {}
        },
        "_C4UtMFZcEDKuxNeeCnU5Yw": {
          "key": "_C4UtMFZcEDKuxNeeCnU5Yw",
          "name": "namekhanevadegi",
          "type": null,
          "probability": 1,
          "modifiers": [
            "protected"
          ],
          "to_variable": {
            "key": "_Q3400FZbEDKuxNeeCnU5Yw",
            "name": "namekhanevadegi",
            "type": null,
            "modifiers": [
              "protected"
            ],
            "position": {}
          },
          "position": {}
        },
        "_D9SKIFZcEDKuxNeeCnU5Yw": {
          "key": "_D9SKIFZcEDKuxNeeCnU5Yw",
          "name": "codemeli",
          "type": null,
          "probability": 1,
          "modifiers": [
            "protected"
          ],
          "to_variable": {
            "key": "_dh7MkFZdEDKuxNeeCnU5Yw",
            "name": "codemeli",
            "type": null,
            "modifiers": [
              "protected"
            ],
            "position": {}
          },
          "position": {}
        },
        "_FCHrQFZcEDKuxNeeCnU5Yw": {
          "key": "_FCHrQFZcEDKuxNeeCnU5Yw",
          "name": "telephone",
          "type": null,
          "probability": 1,
          "modifiers": [
            "protected"
          ],
          "to_variable": {
            "key": "_UOSI4FZbEDKuxNeeCnU5Yw",
            "name": "telephone",
            "type": null,
            "modifiers": [
              "protected"
            ],
            "position": {}
          },
          "position": {}
        },
        "_GkSooFZcEDKuxNeeCnU5Yw": {
          "key": "_GkSooFZcEDKuxNeeCnU5Yw",
          "name": "address",
          "type": null,
          "probability": 1,
          "modifiers": [
            "protected"
          ],
          "to_variable": {
            "key": "_R89UkFZdEDKuxNeeCnU5Yw",
            "name": "address",
            "type": null,
            "modifiers": [
              "protected"
            ],
            "position": {}
          },
          "position": {}
        }
      }
    },
    "fields_to_fields_data_clump-./vahedesodoremojavez-_66mosFZbEDKuxNeeCnU5Yw-_WSAJkFZaEDKuxNeeCnU5Yw-namnamekhanevadegicodemelitelephoneaddress": {
      "type": "data_clump",
      "key": "fields_to_fields_data_clump-./vahedesodoremojavez-_66mosFZbEDKuxNeeCnU5Yw-_WSAJkFZaEDKuxNeeCnU5Yw-namnamekhanevadegicodemelitelephoneaddress",
      "probability": 1,
      "from_file_path": "./vahedesodoremojavez",
      "from_class_or_interface_name": "vahedesodoremojavez",
      "from_class_or_interface_key": "_66mosFZbEDKuxNeeCnU5Yw",
      "from_method_name": null,
      "from_method_key": null,
      "to_file_path": "./Moteghazi",
      "to_class_or_interface_key": "_WSAJkFZaEDKuxNeeCnU5Yw",
      "to_class_or_interface_name": "vahedesodoremojavez",
      "to_method_key": null,
      "to_method_name": null,
      "data_clump_type": "fields_to_fields_data_clump",
      "data_clump_data": {
        "_ALAyYFZcEDKuxNeeCnU5Yw": {
          "key": "_ALAyYFZcEDKuxNeeCnU5Yw",
          "name": "nam",
          "type": null,
          "probability": 1,
          "modifiers": [
            "protected"
          ],
          "to_variable": {
            "key": "_ho_3AFZaEDKuxNeeCnU5Yw",
            "name": "nam",
            "type": null,
            "modifiers": [
              "protected"
            ],
            "position": {}
          },
          "position": {}
        },
        "_C4UtMFZcEDKuxNeeCnU5Yw": {
          "key": "_C4UtMFZcEDKuxNeeCnU5Yw",
          "name": "namekhanevadegi",
          "type": null,
          "probability": 1,
          "modifiers": [
            "protected"
          ],
          "to_variable": {
            "key": "_jXYEYFZaEDKuxNeeCnU5Yw",
            "name": "namekhanevadegi",
            "type": null,
            "modifiers": [
              "protected"
            ],
            "position": {}
          },
          "position": {}
        },
        "_D9SKIFZcEDKuxNeeCnU5Yw": {
          "key": "_D9SKIFZcEDKuxNeeCnU5Yw",
          "name": "codemeli",
          "type": null,
          "probability": 1,
          "modifiers": [
            "protected"
          ],
          "to_variable": {
            "key": "_mg290FZaEDKuxNeeCnU5Yw",
            "name": "codemeli",
            "type": null,
            "modifiers": [
              "protected"
            ],
            "position": {}
          },
          "position": {}
        },
        "_FCHrQFZcEDKuxNeeCnU5Yw": {
          "key": "_FCHrQFZcEDKuxNeeCnU5Yw",
          "name": "telephone",
          "type": null,
          "probability": 1,
          "modifiers": [
            "protected"
          ],
          "to_variable": {
            "key": "_q2Re4FZaEDKuxNeeCnU5Yw",
            "name": "telephone",
            "type": null,
            "modifiers": [
              "protected"
            ],
            "position": {}
          },
          "position": {}
        },
        "_GkSooFZcEDKuxNeeCnU5Yw": {
          "key": "_GkSooFZcEDKuxNeeCnU5Yw",
          "name": "address",
          "type": null,
          "probability": 1,
          "modifiers": [
            "protected"
          ],
          "to_variable": {
            "key": "_nbjrgFZaEDKuxNeeCnU5Yw",
            "name": "address",
            "type": null,
            "modifiers": [
              "protected"
            ],
            "position": {}
          },
          "position": {}
        }
      }
    },
    "fields_to_fields_data_clump-./vahedesodoremojavez-_66mosFZbEDKuxNeeCnU5Yw-_K1T8cFZdEDKuxNeeCnU5Yw-IDnamnamekhanevadegicodemelitelephoneaddress": {
      "type": "data_clump",
      "key": "fields_to_fields_data_clump-./vahedesodoremojavez-_66mosFZbEDKuxNeeCnU5Yw-_K1T8cFZdEDKuxNeeCnU5Yw-IDnamnamekhanevadegicodemelitelephoneaddress",
      "probability": 1,
      "from_file_path": "./vahedesodoremojavez",
      "from_class_or_interface_name": "vahedesodoremojavez",
      "from_class_or_interface_key": "_66mosFZbEDKuxNeeCnU5Yw",
      "from_method_name": null,
      "from_method_key": null,
      "to_file_path": "./karmand",
      "to_class_or_interface_key": "_K1T8cFZdEDKuxNeeCnU5Yw",
      "to_class_or_interface_name": "vahedesodoremojavez",
      "to_method_key": null,
      "to_method_name": null,
      "data_clump_type": "fields_to_fields_data_clump",
      "data_clump_data": {
        "_ZQelgFZdEDKuxNeeCnU5Yw": {
          "key": "_ZQelgFZdEDKuxNeeCnU5Yw",
          "name": "ID",
          "type": null,
          "probability": 1,
          "modifiers": [
            "protected"
          ],
          "to_variable": {
            "key": "_oeg18FZdEDKuxNeeCnU5Yw",
            "name": "ID",
            "type": null,
            "modifiers": [
              "protected"
            ],
            "position": {}
          },
          "position": {}
        },
        "_ALAyYFZcEDKuxNeeCnU5Yw": {
          "key": "_ALAyYFZcEDKuxNeeCnU5Yw",
          "name": "nam",
          "type": null,
          "probability": 1,
          "modifiers": [
            "protected"
          ],
          "to_variable": {
            "key": "_oehdAFZdEDKuxNeeCnU5Yw",
            "name": "nam",
            "type": null,
            "modifiers": [
              "protected"
            ],
            "position": {}
          },
          "position": {}
        },
        "_C4UtMFZcEDKuxNeeCnU5Yw": {
          "key": "_C4UtMFZcEDKuxNeeCnU5Yw",
          "name": "namekhanevadegi",
          "type": null,
          "probability": 1,
          "modifiers": [
            "protected"
          ],
          "to_variable": {
            "key": "_oeirIFZdEDKuxNeeCnU5Yw",
            "name": "namekhanevadegi",
            "type": null,
            "modifiers": [
              "protected"
            ],
            "position": {}
          },
          "position": {}
        },
        "_D9SKIFZcEDKuxNeeCnU5Yw": {
          "key": "_D9SKIFZcEDKuxNeeCnU5Yw",
          "name": "codemeli",
          "type": null,
          "probability": 1,
          "modifiers": [
            "protected"
          ],
          "to_variable": {
            "key": "_qXB2wFZdEDKuxNeeCnU5Yw",
            "name": "codemeli",
            "type": null,
            "modifiers": [
              "protected"
            ],
            "position": {}
          },
          "position": {}
        },
        "_FCHrQFZcEDKuxNeeCnU5Yw": {
          "key": "_FCHrQFZcEDKuxNeeCnU5Yw",
          "name": "telephone",
          "type": null,
          "probability": 1,
          "modifiers": [
            "protected"
          ],
          "to_variable": {
            "key": "_qXDE4FZdEDKuxNeeCnU5Yw",
            "name": "telephone",
            "type": null,
            "modifiers": [
              "protected"
            ],
            "position": {}
          },
          "position": {}
        },
        "_GkSooFZcEDKuxNeeCnU5Yw": {
          "key": "_GkSooFZcEDKuxNeeCnU5Yw",
          "name": "address",
          "type": null,
          "probability": 1,
          "modifiers": [
            "protected"
          ],
          "to_variable": {
            "key": "_qXFhIFZdEDKuxNeeCnU5Yw",
            "name": "address",
            "type": null,
            "modifiers": [
              "protected"
            ],
            "position": {}
          },
          "position": {}
        }
      }
    },
    "fields_to_fields_data_clump-./vahedesodoremojavez-_66mosFZbEDKuxNeeCnU5Yw-_kPYYgFZcEDKuxNeeCnU5Yw-namnamekhanevadegicodemelitelephoneaddress": {
      "type": "data_clump",
      "key": "fields_to_fields_data_clump-./vahedesodoremojavez-_66mosFZbEDKuxNeeCnU5Yw-_kPYYgFZcEDKuxNeeCnU5Yw-namnamekhanevadegicodemelitelephoneaddress",
      "probability": 1,
      "from_file_path": "./vahedesodoremojavez",
      "from_class_or_interface_name": "vahedesodoremojavez",
      "from_class_or_interface_key": "_66mosFZbEDKuxNeeCnU5Yw",
      "from_method_name": null,
      "from_method_key": null,
      "to_file_path": "./vahedesodoreparvane",
      "to_class_or_interface_key": "_kPYYgFZcEDKuxNeeCnU5Yw",
      "to_class_or_interface_name": "vahedesodoremojavez",
      "to_method_key": null,
      "to_method_name": null,
      "data_clump_type": "fields_to_fields_data_clump",
      "data_clump_data": {
        "_ALAyYFZcEDKuxNeeCnU5Yw": {
          "key": "_ALAyYFZcEDKuxNeeCnU5Yw",
          "name": "nam",
          "type": null,
          "probability": 1,
          "modifiers": [
            "protected"
          ],
          "to_variable": {
            "key": "_uOwLsFZcEDKuxNeeCnU5Yw",
            "name": "nam",
            "type": null,
            "modifiers": [
              "protected"
            ],
            "position": {}
          },
          "position": {}
        },
        "_C4UtMFZcEDKuxNeeCnU5Yw": {
          "key": "_C4UtMFZcEDKuxNeeCnU5Yw",
          "name": "namekhanevadegi",
          "type": null,
          "probability": 1,
          "modifiers": [
            "protected"
          ],
          "to_variable": {
            "key": "_xUB6kFZcEDKuxNeeCnU5Yw",
            "name": "namekhanevadegi",
            "type": null,
            "modifiers": [
              "protected"
            ],
            "position": {}
          },
          "position": {}
        },
        "_D9SKIFZcEDKuxNeeCnU5Yw": {
          "key": "_D9SKIFZcEDKuxNeeCnU5Yw",
          "name": "codemeli",
          "type": null,
          "probability": 1,
          "modifiers": [
            "protected"
          ],
          "to_variable": {
            "key": "_xUE94FZcEDKuxNeeCnU5Yw",
            "name": "codemeli",
            "type": null,
            "modifiers": [
              "protected"
            ],
            "position": {}
          },
          "position": {}
        },
        "_FCHrQFZcEDKuxNeeCnU5Yw": {
          "key": "_FCHrQFZcEDKuxNeeCnU5Yw",
          "name": "telephone",
          "type": null,
          "probability": 1,
          "modifiers": [
            "protected"
          ],
          "to_variable": {
            "key": "_xUGMAFZcEDKuxNeeCnU5Yw",
            "name": "telephone",
            "type": null,
            "modifiers": [
              "protected"
            ],
            "position": {}
          },
          "position": {}
        },
        "_GkSooFZcEDKuxNeeCnU5Yw": {
          "key": "_GkSooFZcEDKuxNeeCnU5Yw",
          "name": "address",
          "type": null,
          "probability": 1,
          "modifiers": [
            "protected"
          ],
          "to_variable": {
            "key": "_xUHaIFZcEDKuxNeeCnU5Yw",
            "name": "address",
            "type": null,
            "modifiers": [
              "protected"
            ],
            "position": {}
          },
          "position": {}
        }
      }
    },
    "fields_to_fields_data_clump-./vahedesodoreparvane-_kPYYgFZcEDKuxNeeCnU5Yw-_LOlqAFZbEDKuxNeeCnU5Yw-namnamekhanevadegicodemelitelephoneaddress": {
      "type": "data_clump",
      "key": "fields_to_fields_data_clump-./vahedesodoreparvane-_kPYYgFZcEDKuxNeeCnU5Yw-_LOlqAFZbEDKuxNeeCnU5Yw-namnamekhanevadegicodemelitelephoneaddress",
      "probability": 1,
      "from_file_path": "./vahedesodoreparvane",
      "from_class_or_interface_name": "vahedesodoreparvane",
      "from_class_or_interface_key": "_kPYYgFZcEDKuxNeeCnU5Yw",
      "from_method_name": null,
      "from_method_key": null,
      "to_file_path": "./Karshenas",
      "to_class_or_interface_key": "_LOlqAFZbEDKuxNeeCnU5Yw",
      "to_class_or_interface_name": "vahedesodoreparvane",
      "to_method_key": null,
      "to_method_name": null,
      "data_clump_type": "fields_to_fields_data_clump",
      "data_clump_data": {
        "_uOwLsFZcEDKuxNeeCnU5Yw": {
          "key": "_uOwLsFZcEDKuxNeeCnU5Yw",
          "name": "nam",
          "type": null,
          "probability": 1,
          "modifiers": [
            "protected"
          ],
          "to_variable": {
            "key": "_OD64YFZbEDKuxNeeCnU5Yw",
            "name": "nam",
            "type": null,
            "modifiers": [
              "protected"
            ],
            "position": {}
          },
          "position": {}
        },
        "_xUB6kFZcEDKuxNeeCnU5Yw": {
          "key": "_xUB6kFZcEDKuxNeeCnU5Yw",
          "name": "namekhanevadegi",
          "type": null,
          "probability": 1,
          "modifiers": [
            "protected"
          ],
          "to_variable": {
            "key": "_Q3400FZbEDKuxNeeCnU5Yw",
            "name": "namekhanevadegi",
            "type": null,
            "modifiers": [
              "protected"
            ],
            "position": {}
          },
          "position": {}
        },
        "_xUE94FZcEDKuxNeeCnU5Yw": {
          "key": "_xUE94FZcEDKuxNeeCnU5Yw",
          "name": "codemeli",
          "type": null,
          "probability": 1,
          "modifiers": [
            "protected"
          ],
          "to_variable": {
            "key": "_dh7MkFZdEDKuxNeeCnU5Yw",
            "name": "codemeli",
            "type": null,
            "modifiers": [
              "protected"
            ],
            "position": {}
          },
          "position": {}
        },
        "_xUGMAFZcEDKuxNeeCnU5Yw": {
          "key": "_xUGMAFZcEDKuxNeeCnU5Yw",
          "name": "telephone",
          "type": null,
          "probability": 1,
          "modifiers": [
            "protected"
          ],
          "to_variable": {
            "key": "_UOSI4FZbEDKuxNeeCnU5Yw",
            "name": "telephone",
            "type": null,
            "modifiers": [
              "protected"
            ],
            "position": {}
          },
          "position": {}
        },
        "_xUHaIFZcEDKuxNeeCnU5Yw": {
          "key": "_xUHaIFZcEDKuxNeeCnU5Yw",
          "name": "address",
          "type": null,
          "probability": 1,
          "modifiers": [
            "protected"
          ],
          "to_variable": {
            "key": "_R89UkFZdEDKuxNeeCnU5Yw",
            "name": "address",
            "type": null,
            "modifiers": [
              "protected"
            ],
            "position": {}
          },
          "position": {}
        }
      }
    },
    "fields_to_fields_data_clump-./vahedesodoreparvane-_kPYYgFZcEDKuxNeeCnU5Yw-_WSAJkFZaEDKuxNeeCnU5Yw-namnamekhanevadegicodemelitelephoneaddress": {
      "type": "data_clump",
      "key": "fields_to_fields_data_clump-./vahedesodoreparvane-_kPYYgFZcEDKuxNeeCnU5Yw-_WSAJkFZaEDKuxNeeCnU5Yw-namnamekhanevadegicodemelitelephoneaddress",
      "probability": 1,
      "from_file_path": "./vahedesodoreparvane",
      "from_class_or_interface_name": "vahedesodoreparvane",
      "from_class_or_interface_key": "_kPYYgFZcEDKuxNeeCnU5Yw",
      "from_method_name": null,
      "from_method_key": null,
      "to_file_path": "./Moteghazi",
      "to_class_or_interface_key": "_WSAJkFZaEDKuxNeeCnU5Yw",
      "to_class_or_interface_name": "vahedesodoreparvane",
      "to_method_key": null,
      "to_method_name": null,
      "data_clump_type": "fields_to_fields_data_clump",
      "data_clump_data": {
        "_uOwLsFZcEDKuxNeeCnU5Yw": {
          "key": "_uOwLsFZcEDKuxNeeCnU5Yw",
          "name": "nam",
          "type": null,
          "probability": 1,
          "modifiers": [
            "protected"
          ],
          "to_variable": {
            "key": "_ho_3AFZaEDKuxNeeCnU5Yw",
            "name": "nam",
            "type": null,
            "modifiers": [
              "protected"
            ],
            "position": {}
          },
          "position": {}
        },
        "_xUB6kFZcEDKuxNeeCnU5Yw": {
          "key": "_xUB6kFZcEDKuxNeeCnU5Yw",
          "name": "namekhanevadegi",
          "type": null,
          "probability": 1,
          "modifiers": [
            "protected"
          ],
          "to_variable": {
            "key": "_jXYEYFZaEDKuxNeeCnU5Yw",
            "name": "namekhanevadegi",
            "type": null,
            "modifiers": [
              "protected"
            ],
            "position": {}
          },
          "position": {}
        },
        "_xUE94FZcEDKuxNeeCnU5Yw": {
          "key": "_xUE94FZcEDKuxNeeCnU5Yw",
          "name": "codemeli",
          "type": null,
          "probability": 1,
          "modifiers": [
            "protected"
          ],
          "to_variable": {
            "key": "_mg290FZaEDKuxNeeCnU5Yw",
            "name": "codemeli",
            "type": null,
            "modifiers": [
              "protected"
            ],
            "position": {}
          },
          "position": {}
        },
        "_xUGMAFZcEDKuxNeeCnU5Yw": {
          "key": "_xUGMAFZcEDKuxNeeCnU5Yw",
          "name": "telephone",
          "type": null,
          "probability": 1,
          "modifiers": [
            "protected"
          ],
          "to_variable": {
            "key": "_q2Re4FZaEDKuxNeeCnU5Yw",
            "name": "telephone",
            "type": null,
            "modifiers": [
              "protected"
            ],
            "position": {}
          },
          "position": {}
        },
        "_xUHaIFZcEDKuxNeeCnU5Yw": {
          "key": "_xUHaIFZcEDKuxNeeCnU5Yw",
          "name": "address",
          "type": null,
          "probability": 1,
          "modifiers": [
            "protected"
          ],
          "to_variable": {
            "key": "_nbjrgFZaEDKuxNeeCnU5Yw",
            "name": "address",
            "type": null,
            "modifiers": [
              "protected"
            ],
            "position": {}
          },
          "position": {}
        }
      }
    },
    "fields_to_fields_data_clump-./vahedesodoreparvane-_kPYYgFZcEDKuxNeeCnU5Yw-_K1T8cFZdEDKuxNeeCnU5Yw-namnamekhanevadegicodemelitelephoneaddress": {
      "type": "data_clump",
      "key": "fields_to_fields_data_clump-./vahedesodoreparvane-_kPYYgFZcEDKuxNeeCnU5Yw-_K1T8cFZdEDKuxNeeCnU5Yw-namnamekhanevadegicodemelitelephoneaddress",
      "probability": 1,
      "from_file_path": "./vahedesodoreparvane",
      "from_class_or_interface_name": "vahedesodoreparvane",
      "from_class_or_interface_key": "_kPYYgFZcEDKuxNeeCnU5Yw",
      "from_method_name": null,
      "from_method_key": null,
      "to_file_path": "./karmand",
      "to_class_or_interface_key": "_K1T8cFZdEDKuxNeeCnU5Yw",
      "to_class_or_interface_name": "vahedesodoreparvane",
      "to_method_key": null,
      "to_method_name": null,
      "data_clump_type": "fields_to_fields_data_clump",
      "data_clump_data": {
        "_uOwLsFZcEDKuxNeeCnU5Yw": {
          "key": "_uOwLsFZcEDKuxNeeCnU5Yw",
          "name": "nam",
          "type": null,
          "probability": 1,
          "modifiers": [
            "protected"
          ],
          "to_variable": {
            "key": "_oehdAFZdEDKuxNeeCnU5Yw",
            "name": "nam",
            "type": null,
            "modifiers": [
              "protected"
            ],
            "position": {}
          },
          "position": {}
        },
        "_xUB6kFZcEDKuxNeeCnU5Yw": {
          "key": "_xUB6kFZcEDKuxNeeCnU5Yw",
          "name": "namekhanevadegi",
          "type": null,
          "probability": 1,
          "modifiers": [
            "protected"
          ],
          "to_variable": {
            "key": "_oeirIFZdEDKuxNeeCnU5Yw",
            "name": "namekhanevadegi",
            "type": null,
            "modifiers": [
              "protected"
            ],
            "position": {}
          },
          "position": {}
        },
        "_xUE94FZcEDKuxNeeCnU5Yw": {
          "key": "_xUE94FZcEDKuxNeeCnU5Yw",
          "name": "codemeli",
          "type": null,
          "probability": 1,
          "modifiers": [
            "protected"
          ],
          "to_variable": {
            "key": "_qXB2wFZdEDKuxNeeCnU5Yw",
            "name": "codemeli",
            "type": null,
            "modifiers": [
              "protected"
            ],
            "position": {}
          },
          "position": {}
        },
        "_xUGMAFZcEDKuxNeeCnU5Yw": {
          "key": "_xUGMAFZcEDKuxNeeCnU5Yw",
          "name": "telephone",
          "type": null,
          "probability": 1,
          "modifiers": [
            "protected"
          ],
          "to_variable": {
            "key": "_qXDE4FZdEDKuxNeeCnU5Yw",
            "name": "telephone",
            "type": null,
            "modifiers": [
              "protected"
            ],
            "position": {}
          },
          "position": {}
        },
        "_xUHaIFZcEDKuxNeeCnU5Yw": {
          "key": "_xUHaIFZcEDKuxNeeCnU5Yw",
          "name": "address",
          "type": null,
          "probability": 1,
          "modifiers": [
            "protected"
          ],
          "to_variable": {
            "key": "_qXFhIFZdEDKuxNeeCnU5Yw",
            "name": "address",
            "type": null,
            "modifiers": [
              "protected"
            ],
            "position": {}
          },
          "position": {}
        }
      }
    },
    "fields_to_fields_data_clump-./vahedesodoreparvane-_kPYYgFZcEDKuxNeeCnU5Yw-_66mosFZbEDKuxNeeCnU5Yw-namnamekhanevadegicodemelitelephoneaddress": {
      "type": "data_clump",
      "key": "fields_to_fields_data_clump-./vahedesodoreparvane-_kPYYgFZcEDKuxNeeCnU5Yw-_66mosFZbEDKuxNeeCnU5Yw-namnamekhanevadegicodemelitelephoneaddress",
      "probability": 1,
      "from_file_path": "./vahedesodoreparvane",
      "from_class_or_interface_name": "vahedesodoreparvane",
      "from_class_or_interface_key": "_kPYYgFZcEDKuxNeeCnU5Yw",
      "from_method_name": null,
      "from_method_key": null,
      "to_file_path": "./vahedesodoremojavez",
      "to_class_or_interface_key": "_66mosFZbEDKuxNeeCnU5Yw",
      "to_class_or_interface_name": "vahedesodoreparvane",
      "to_method_key": null,
      "to_method_name": null,
      "data_clump_type": "fields_to_fields_data_clump",
      "data_clump_data": {
        "_uOwLsFZcEDKuxNeeCnU5Yw": {
          "key": "_uOwLsFZcEDKuxNeeCnU5Yw",
          "name": "nam",
          "type": null,
          "probability": 1,
          "modifiers": [
            "protected"
          ],
          "to_variable": {
            "key": "_ALAyYFZcEDKuxNeeCnU5Yw",
            "name": "nam",
            "type": null,
            "modifiers": [
              "protected"
            ],
            "position": {}
          },
          "position": {}
        },
        "_xUB6kFZcEDKuxNeeCnU5Yw": {
          "key": "_xUB6kFZcEDKuxNeeCnU5Yw",
          "name": "namekhanevadegi",
          "type": null,
          "probability": 1,
          "modifiers": [
            "protected"
          ],
          "to_variable": {
            "key": "_C4UtMFZcEDKuxNeeCnU5Yw",
            "name": "namekhanevadegi",
            "type": null,
            "modifiers": [
              "protected"
            ],
            "position": {}
          },
          "position": {}
        },
        "_xUE94FZcEDKuxNeeCnU5Yw": {
          "key": "_xUE94FZcEDKuxNeeCnU5Yw",
          "name": "codemeli",
          "type": null,
          "probability": 1,
          "modifiers": [
            "protected"
          ],
          "to_variable": {
            "key": "_D9SKIFZcEDKuxNeeCnU5Yw",
            "name": "codemeli",
            "type": null,
            "modifiers": [
              "protected"
            ],
            "position": {}
          },
          "position": {}
        },
        "_xUGMAFZcEDKuxNeeCnU5Yw": {
          "key": "_xUGMAFZcEDKuxNeeCnU5Yw",
          "name": "telephone",
          "type": null,
          "probability": 1,
          "modifiers": [
            "protected"
          ],
          "to_variable": {
            "key": "_FCHrQFZcEDKuxNeeCnU5Yw",
            "name": "telephone",
            "type": null,
            "modifiers": [
              "protected"
            ],
            "position": {}
          },
          "position": {}
        },
        "_xUHaIFZcEDKuxNeeCnU5Yw": {
          "key": "_xUHaIFZcEDKuxNeeCnU5Yw",
          "name": "address",
          "type": null,
          "probability": 1,
          "modifiers": [
            "protected"
          ],
          "to_variable": {
            "key": "_GkSooFZcEDKuxNeeCnU5Yw",
            "name": "address",
            "type": null,
            "modifiers": [
              "protected"
            ],
            "position": {}
          },
          "position": {}
        }
      }
    }
  }
}