{
  "report_version": "unknown",
  "report_timestamp": "2025-03-26T22:49:14.942Z",
  "target_language": "java",
  "report_summary": {
    "additional": null,
    "amount_classes_or_interfaces_with_data_clumps": 3,
    "amount_files_with_data_clumps": 3,
    "amount_methods_with_data_clumps": 3,
    "fields_to_fields_data_clump": 0,
    "parameters_to_fields_data_clump": 0,
    "parameters_to_parameters_data_clump": 6,
    "amount_data_clumps": 6
  },
  "project_info": {
    "project_url": "unknown_project_url",
    "project_name": "_dQwGMLf9Eeaud6jyFEReOw",
    "project_version": "unknown_project_version",
    "project_commit_hash": "unknown",
    "project_tag": null,
    "project_commit_date": null,
    "additional": {},
    "number_of_files": 13,
    "number_of_classes_or_interfaces": 13,
    "number_of_methods": 97,
    "number_of_data_fields": 31,
    "number_of_method_parameters": 69
  },
  "detector": {
    "name": "data-clumps-doctor",
    "url": "https://github.com/NilsBaumgartner1994/data-clumps-doctor",
    "version": "0.1.100",
    "options": {
      "typeVariablesConsidered": false,
      "similarityModifierOfVariablesWithUnknownType": 0,
      "fieldsOfClassesWithUnknownHierarchyProbabilityModifier": 0,
      "sharedFieldsToFieldsAmountMinimum": 3,
      "analyseFieldsInClassesOrInterfacesInheritedFromSuperClassesOrInterfaces": false,
      "sharedParametersToParametersAmountMinimum": 3,
      "sharedParametersToFieldsAmountMinimum": 3,
      "methodsOfClassesOrInterfacesWithUnknownHierarchyProbabilityModifier": 0
    }
  },
  "data_clumps": {
    "parameters_to_parameters_data_clump-./Building4-_drQQ7bf9EeausqwEnJ1V4Q-_drTUY7f9EeausqwEnJ1V4Q-mapitemListnpcList": {
      "type": "data_clump",
      "key": "parameters_to_parameters_data_clump-./Building4-_drQQ7bf9EeausqwEnJ1V4Q-_drTUY7f9EeausqwEnJ1V4Q-mapitemListnpcList",
      "probability": 1,
      "from_file_path": "./Building4",
      "from_class_or_interface_name": "Building4",
      "from_class_or_interface_key": "_drQQ57f9EeausqwEnJ1V4Q",
      "from_method_name": "gameLoop",
      "from_method_key": "_drQQ7bf9EeausqwEnJ1V4Q",
      "to_file_path": "./Player",
      "to_class_or_interface_name": "Player",
      "to_class_or_interface_key": "_drStr7f9EeausqwEnJ1V4Q",
      "to_method_name": "move",
      "to_method_key": "_drTUY7f9EeausqwEnJ1V4Q",
      "data_clump_type": "parameters_to_parameters_data_clump",
      "data_clump_data": {
        "_drQQ77f9EeausqwEnJ1V4Q": {
          "key": "_drQQ77f9EeausqwEnJ1V4Q",
          "name": "map",
          "type": null,
          "probability": 1,
          "modifiers": [],
          "to_variable": {
            "key": "_drTUbbf9EeausqwEnJ1V4Q",
            "name": "map",
            "type": null,
            "modifiers": [],
            "position": {}
          },
          "position": {}
        },
        "_drQQ9bf9EeausqwEnJ1V4Q": {
          "key": "_drQQ9bf9EeausqwEnJ1V4Q",
          "name": "itemList",
          "type": null,
          "probability": 1,
          "modifiers": [],
          "to_variable": {
            "key": "_drTUc7f9EeausqwEnJ1V4Q",
            "name": "itemList",
            "type": null,
            "modifiers": [],
            "position": {}
          },
          "position": {}
        },
        "_drQQ-Lf9EeausqwEnJ1V4Q": {
          "key": "_drQQ-Lf9EeausqwEnJ1V4Q",
          "name": "npcList",
          "type": null,
          "probability": 1,
          "modifiers": [],
          "to_variable": {
            "key": "_drTUcLf9EeausqwEnJ1V4Q",
            "name": "npcList",
            "type": null,
            "modifiers": [],
            "position": {}
          },
          "position": {}
        }
      }
    },
    "parameters_to_parameters_data_clump-./Building4-_drQQ7bf9EeausqwEnJ1V4Q-_drTUrLf9EeausqwEnJ1V4Q-mapuseritemListnpcList": {
      "type": "data_clump",
      "key": "parameters_to_parameters_data_clump-./Building4-_drQQ7bf9EeausqwEnJ1V4Q-_drTUrLf9EeausqwEnJ1V4Q-mapuseritemListnpcList",
      "probability": 1,
      "from_file_path": "./Building4",
      "from_class_or_interface_name": "Building4",
      "from_class_or_interface_key": "_drQQ57f9EeausqwEnJ1V4Q",
      "from_method_name": "gameLoop",
      "from_method_key": "_drQQ7bf9EeausqwEnJ1V4Q",
      "to_file_path": "./TestClient",
      "to_class_or_interface_name": "TestClient",
      "to_class_or_interface_key": "_drTUprf9EeausqwEnJ1V4Q",
      "to_method_name": "gameLoop",
      "to_method_key": "_drTUrLf9EeausqwEnJ1V4Q",
      "data_clump_type": "parameters_to_parameters_data_clump",
      "data_clump_data": {
        "_drQQ77f9EeausqwEnJ1V4Q": {
          "key": "_drQQ77f9EeausqwEnJ1V4Q",
          "name": "map",
          "type": null,
          "probability": 1,
          "modifiers": [],
          "to_variable": {
            "key": "_drTUrrf9EeausqwEnJ1V4Q",
            "name": "map",
            "type": null,
            "modifiers": [],
            "position": {}
          },
          "position": {}
        },
        "_drQQ8rf9EeausqwEnJ1V4Q": {
          "key": "_drQQ8rf9EeausqwEnJ1V4Q",
          "name": "user",
          "type": null,
          "probability": 1,
          "modifiers": [],
          "to_variable": {
            "key": "_drTUsbf9EeausqwEnJ1V4Q",
            "name": "user",
            "type": null,
            "modifiers": [],
            "position": {}
          },
          "position": {}
        },
        "_drQQ9bf9EeausqwEnJ1V4Q": {
          "key": "_drQQ9bf9EeausqwEnJ1V4Q",
          "name": "itemList",
          "type": null,
          "probability": 1,
          "modifiers": [],
          "to_variable": {
            "key": "_drTUtLf9EeausqwEnJ1V4Q",
            "name": "itemList",
            "type": null,
            "modifiers": [],
            "position": {}
          },
          "position": {}
        },
        "_drQQ-Lf9EeausqwEnJ1V4Q": {
          "key": "_drQQ-Lf9EeausqwEnJ1V4Q",
          "name": "npcList",
          "type": null,
          "probability": 1,
          "modifiers": [],
          "to_variable": {
            "key": "_drTUt7f9EeausqwEnJ1V4Q",
            "name": "npcList",
            "type": null,
            "modifiers": [],
            "position": {}
          },
          "position": {}
        }
      }
    },
    "parameters_to_parameters_data_clump-./Player-_drTUY7f9EeausqwEnJ1V4Q-_drQQ7bf9EeausqwEnJ1V4Q-mapnpcListitemList": {
      "type": "data_clump",
      "key": "parameters_to_parameters_data_clump-./Player-_drTUY7f9EeausqwEnJ1V4Q-_drQQ7bf9EeausqwEnJ1V4Q-mapnpcListitemList",
      "probability": 1,
      "from_file_path": "./Player",
      "from_class_or_interface_name": "Player",
      "from_class_or_interface_key": "_drStr7f9EeausqwEnJ1V4Q",
      "from_method_name": "move",
      "from_method_key": "_drTUY7f9EeausqwEnJ1V4Q",
      "to_file_path": "./Building4",
      "to_class_or_interface_name": "Building4",
      "to_class_or_interface_key": "_drQQ57f9EeausqwEnJ1V4Q",
      "to_method_name": "gameLoop",
      "to_method_key": "_drQQ7bf9EeausqwEnJ1V4Q",
      "data_clump_type": "parameters_to_parameters_data_clump",
      "data_clump_data": {
        "_drTUbbf9EeausqwEnJ1V4Q": {
          "key": "_drTUbbf9EeausqwEnJ1V4Q",
          "name": "map",
          "type": null,
          "probability": 1,
          "modifiers": [],
          "to_variable": {
            "key": "_drQQ77f9EeausqwEnJ1V4Q",
            "name": "map",
            "type": null,
            "modifiers": [],
            "position": {}
          },
          "position": {}
        },
        "_drTUcLf9EeausqwEnJ1V4Q": {
          "key": "_drTUcLf9EeausqwEnJ1V4Q",
          "name": "npcList",
          "type": null,
          "probability": 1,
          "modifiers": [],
          "to_variable": {
            "key": "_drQQ-Lf9EeausqwEnJ1V4Q",
            "name": "npcList",
            "type": null,
            "modifiers": [],
            "position": {}
          },
          "position": {}
        },
        "_drTUc7f9EeausqwEnJ1V4Q": {
          "key": "_drTUc7f9EeausqwEnJ1V4Q",
          "name": "itemList",
          "type": null,
          "probability": 1,
          "modifiers": [],
          "to_variable": {
            "key": "_drQQ9bf9EeausqwEnJ1V4Q",
            "name": "itemList",
            "type": null,
            "modifiers": [],
            "position": {}
          },
          "position": {}
        }
      }
    },
    "parameters_to_parameters_data_clump-./Player-_drTUY7f9EeausqwEnJ1V4Q-_drTUrLf9EeausqwEnJ1V4Q-mapnpcListitemList": {
      "type": "data_clump",
      "key": "parameters_to_parameters_data_clump-./Player-_drTUY7f9EeausqwEnJ1V4Q-_drTUrLf9EeausqwEnJ1V4Q-mapnpcListitemList",
      "probability": 1,
      "from_file_path": "./Player",
      "from_class_or_interface_name": "Player",
      "from_class_or_interface_key": "_drStr7f9EeausqwEnJ1V4Q",
      "from_method_name": "move",
      "from_method_key": "_drTUY7f9EeausqwEnJ1V4Q",
      "to_file_path": "./TestClient",
      "to_class_or_interface_name": "TestClient",
      "to_class_or_interface_key": "_drTUprf9EeausqwEnJ1V4Q",
      "to_method_name": "gameLoop",
      "to_method_key": "_drTUrLf9EeausqwEnJ1V4Q",
      "data_clump_type": "parameters_to_parameters_data_clump",
      "data_clump_data": {
        "_drTUbbf9EeausqwEnJ1V4Q": {
          "key": "_drTUbbf9EeausqwEnJ1V4Q",
          "name": "map",
          "type": null,
          "probability": 1,
          "modifiers": [],
          "to_variable": {
            "key": "_drTUrrf9EeausqwEnJ1V4Q",
            "name": "map",
            "type": null,
            "modifiers": [],
            "position": {}
          },
          "position": {}
        },
        "_drTUcLf9EeausqwEnJ1V4Q": {
          "key": "_drTUcLf9EeausqwEnJ1V4Q",
          "name": "npcList",
          "type": null,
          "probability": 1,
          "modifiers": [],
          "to_variable": {
            "key": "_drTUt7f9EeausqwEnJ1V4Q",
            "name": "npcList",
            "type": null,
            "modifiers": [],
            "position": {}
          },
          "position": {}
        },
        "_drTUc7f9EeausqwEnJ1V4Q": {
          "key": "_drTUc7f9EeausqwEnJ1V4Q",
          "name": "itemList",
          "type": null,
          "probability": 1,
          "modifiers": [],
          "to_variable": {
            "key": "_drTUtLf9EeausqwEnJ1V4Q",
            "name": "itemList",
            "type": null,
            "modifiers": [],
            "position": {}
          },
          "position": {}
        }
      }
    },
    "parameters_to_parameters_data_clump-./TestClient-_drTUrLf9EeausqwEnJ1V4Q-_drQQ7bf9EeausqwEnJ1V4Q-mapuseritemListnpcList": {
      "type": "data_clump",
      "key": "parameters_to_parameters_data_clump-./TestClient-_drTUrLf9EeausqwEnJ1V4Q-_drQQ7bf9EeausqwEnJ1V4Q-mapuseritemListnpcList",
      "probability": 1,
      "from_file_path": "./TestClient",
      "from_class_or_interface_name": "TestClient",
      "from_class_or_interface_key": "_drTUprf9EeausqwEnJ1V4Q",
      "from_method_name": "gameLoop",
      "from_method_key": "_drTUrLf9EeausqwEnJ1V4Q",
      "to_file_path": "./Building4",
      "to_class_or_interface_name": "Building4",
      "to_class_or_interface_key": "_drQQ57f9EeausqwEnJ1V4Q",
      "to_method_name": "gameLoop",
      "to_method_key": "_drQQ7bf9EeausqwEnJ1V4Q",
      "data_clump_type": "parameters_to_parameters_data_clump",
      "data_clump_data": {
        "_drTUrrf9EeausqwEnJ1V4Q": {
          "key": "_drTUrrf9EeausqwEnJ1V4Q",
          "name": "map",
          "type": null,
          "probability": 1,
          "modifiers": [],
          "to_variable": {
            "key": "_drQQ77f9EeausqwEnJ1V4Q",
            "name": "map",
            "type": null,
            "modifiers": [],
            "position": {}
          },
          "position": {}
        },
        "_drTUsbf9EeausqwEnJ1V4Q": {
          "key": "_drTUsbf9EeausqwEnJ1V4Q",
          "name": "user",
          "type": null,
          "probability": 1,
          "modifiers": [],
          "to_variable": {
            "key": "_drQQ8rf9EeausqwEnJ1V4Q",
            "name": "user",
            "type": null,
            "modifiers": [],
            "position": {}
          },
          "position": {}
        },
        "_drTUtLf9EeausqwEnJ1V4Q": {
          "key": "_drTUtLf9EeausqwEnJ1V4Q",
          "name": "itemList",
          "type": null,
          "probability": 1,
          "modifiers": [],
          "to_variable": {
            "key": "_drQQ9bf9EeausqwEnJ1V4Q",
            "name": "itemList",
            "type": null,
            "modifiers": [],
            "position": {}
          },
          "position": {}
        },
        "_drTUt7f9EeausqwEnJ1V4Q": {
          "key": "_drTUt7f9EeausqwEnJ1V4Q",
          "name": "npcList",
          "type": null,
          "probability": 1,
          "modifiers": [],
          "to_variable": {
            "key": "_drQQ-Lf9EeausqwEnJ1V4Q",
            "name": "npcList",
            "type": null,
            "modifiers": [],
            "position": {}
          },
          "position": {}
        }
      }
    },
    "parameters_to_parameters_data_clump-./TestClient-_drTUrLf9EeausqwEnJ1V4Q-_drTUY7f9EeausqwEnJ1V4Q-mapitemListnpcList": {
      "type": "data_clump",
      "key": "parameters_to_parameters_data_clump-./TestClient-_drTUrLf9EeausqwEnJ1V4Q-_drTUY7f9EeausqwEnJ1V4Q-mapitemListnpcList",
      "probability": 1,
      "from_file_path": "./TestClient",
      "from_class_or_interface_name": "TestClient",
      "from_class_or_interface_key": "_drTUprf9EeausqwEnJ1V4Q",
      "from_method_name": "gameLoop",
      "from_method_key": "_drTUrLf9EeausqwEnJ1V4Q",
      "to_file_path": "./Player",
      "to_class_or_interface_name": "Player",
      "to_class_or_interface_key": "_drStr7f9EeausqwEnJ1V4Q",
      "to_method_name": "move",
      "to_method_key": "_drTUY7f9EeausqwEnJ1V4Q",
      "data_clump_type": "parameters_to_parameters_data_clump",
      "data_clump_data": {
        "_drTUrrf9EeausqwEnJ1V4Q": {
          "key": "_drTUrrf9EeausqwEnJ1V4Q",
          "name": "map",
          "type": null,
          "probability": 1,
          "modifiers": [],
          "to_variable": {
            "key": "_drTUbbf9EeausqwEnJ1V4Q",
            "name": "map",
            "type": null,
            "modifiers": [],
            "position": {}
          },
          "position": {}
        },
        "_drTUtLf9EeausqwEnJ1V4Q": {
          "key": "_drTUtLf9EeausqwEnJ1V4Q",
          "name": "itemList",
          "type": null,
          "probability": 1,
          "modifiers": [],
          "to_variable": {
            "key": "_drTUc7f9EeausqwEnJ1V4Q",
            "name": "itemList",
            "type": null,
            "modifiers": [],
            "position": {}
          },
          "position": {}
        },
        "_drTUt7f9EeausqwEnJ1V4Q": {
          "key": "_drTUt7f9EeausqwEnJ1V4Q",
          "name": "npcList",
          "type": null,
          "probability": 1,
          "modifiers": [],
          "to_variable": {
            "key": "_drTUcLf9EeausqwEnJ1V4Q",
            "name": "npcList",
            "type": null,
            "modifiers": [],
            "position": {}
          },
          "position": {}
        }
      }
    }
  }
}