{
  "report_version": "unknown",
  "report_timestamp": "2025-03-26T22:09:20.538Z",
  "target_language": "java",
  "report_summary": {
    "additional": null,
    "amount_classes_or_interfaces_with_data_clumps": 2,
    "amount_files_with_data_clumps": 2,
    "amount_methods_with_data_clumps": 0,
    "fields_to_fields_data_clump": 2,
    "parameters_to_fields_data_clump": 0,
    "parameters_to_parameters_data_clump": 0,
    "amount_data_clumps": 2
  },
  "project_info": {
    "project_url": "unknown_project_url",
    "project_name": "c84471b7-be3d-4b0d-b256-88b9fba1c820",
    "project_version": "unknown_project_version",
    "project_commit_hash": "unknown",
    "project_tag": null,
    "project_commit_date": null,
    "additional": {},
    "number_of_files": 6,
    "number_of_classes_or_interfaces": 6,
    "number_of_methods": 13,
    "number_of_data_fields": 18,
    "number_of_method_parameters": 0
  },
  "detector": {
    "name": "data-clumps-doctor",
    "url": "https://github.com/NilsBaumgartner1994/data-clumps-doctor",
    "version": "0.1.100",
    "options": {
      "typeVariablesConsidered": false,
      "similarityModifierOfVariablesWithUnknownType": 0,
      "fieldsOfClassesWithUnknownHierarchyProbabilityModifier": 0,
      "sharedFieldsToFieldsAmountMinimum": 3,
      "analyseFieldsInClassesOrInterfacesInheritedFromSuperClassesOrInterfaces": false,
      "sharedParametersToParametersAmountMinimum": 3,
      "sharedParametersToFieldsAmountMinimum": 3,
      "methodsOfClassesOrInterfacesWithUnknownHierarchyProbabilityModifier": 0
    }
  },
  "data_clumps": {
    "fields_to_fields_data_clump-./Admin-_-KjbgCPqEDWUN7GJbkCJYQ-_PO6w4SPqEDWUN7GJbkCJYQ-IdNameCNIC": {
      "type": "data_clump",
      "key": "fields_to_fields_data_clump-./Admin-_-KjbgCPqEDWUN7GJbkCJYQ-_PO6w4SPqEDWUN7GJbkCJYQ-IdNameCNIC",
      "probability": 1,
      "from_file_path": "./Admin",
      "from_class_or_interface_name": "Admin",
      "from_class_or_interface_key": "_-KjbgCPqEDWUN7GJbkCJYQ",
      "from_method_name": null,
      "from_method_key": null,
      "to_file_path": "./PurchaseManager",
      "to_class_or_interface_key": "_PO6w4SPqEDWUN7GJbkCJYQ",
      "to_class_or_interface_name": "Admin",
      "to_method_key": null,
      "to_method_name": null,
      "data_clump_type": "fields_to_fields_data_clump",
      "data_clump_data": {
        "_AF4fwCPrEDWUN7GJbkCJYQ": {
          "key": "_AF4fwCPrEDWUN7GJbkCJYQ",
          "name": "Id",
          "type": null,
          "probability": 1,
          "modifiers": [
            "public"
          ],
          "to_variable": {
            "key": "_SvyPkCPqEDWUN7GJbkCJYQ",
            "name": "Id",
            "type": null,
            "modifiers": [
              "public"
            ],
            "position": {}
          },
          "position": {}
        },
        "_AiLaMCPrEDWUN7GJbkCJYQ": {
          "key": "_AiLaMCPrEDWUN7GJbkCJYQ",
          "name": "Name",
          "type": null,
          "probability": 1,
          "modifiers": [
            "public"
          ],
          "to_variable": {
            "key": "_V4iwQCPqEDWUN7GJbkCJYQ",
            "name": "Name",
            "type": null,
            "modifiers": [
              "public"
            ],
            "position": {}
          },
          "position": {}
        },
        "_A-VKsCPrEDWUN7GJbkCJYQ": {
          "key": "_A-VKsCPrEDWUN7GJbkCJYQ",
          "name": "CNIC",
          "type": null,
          "probability": 1,
          "modifiers": [
            "public"
          ],
          "to_variable": {
            "key": "_YeTRkCPqEDWUN7GJbkCJYQ",
            "name": "CNIC",
            "type": null,
            "modifiers": [
              "public"
            ],
            "position": {}
          },
          "position": {}
        }
      }
    },
    "fields_to_fields_data_clump-./PurchaseManager-_PO6w4SPqEDWUN7GJbkCJYQ-_-KjbgCPqEDWUN7GJbkCJYQ-IdNameCNIC": {
      "type": "data_clump",
      "key": "fields_to_fields_data_clump-./PurchaseManager-_PO6w4SPqEDWUN7GJbkCJYQ-_-KjbgCPqEDWUN7GJbkCJYQ-IdNameCNIC",
      "probability": 1,
      "from_file_path": "./PurchaseManager",
      "from_class_or_interface_name": "PurchaseManager",
      "from_class_or_interface_key": "_PO6w4SPqEDWUN7GJbkCJYQ",
      "from_method_name": null,
      "from_method_key": null,
      "to_file_path": "./Admin",
      "to_class_or_interface_key": "_-KjbgCPqEDWUN7GJbkCJYQ",
      "to_class_or_interface_name": "PurchaseManager",
      "to_method_key": null,
      "to_method_name": null,
      "data_clump_type": "fields_to_fields_data_clump",
      "data_clump_data": {
        "_SvyPkCPqEDWUN7GJbkCJYQ": {
          "key": "_SvyPkCPqEDWUN7GJbkCJYQ",
          "name": "Id",
          "type": null,
          "probability": 1,
          "modifiers": [
            "public"
          ],
          "to_variable": {
            "key": "_AF4fwCPrEDWUN7GJbkCJYQ",
            "name": "Id",
            "type": null,
            "modifiers": [
              "public"
            ],
            "position": {}
          },
          "position": {}
        },
        "_V4iwQCPqEDWUN7GJbkCJYQ": {
          "key": "_V4iwQCPqEDWUN7GJbkCJYQ",
          "name": "Name",
          "type": null,
          "probability": 1,
          "modifiers": [
            "public"
          ],
          "to_variable": {
            "key": "_AiLaMCPrEDWUN7GJbkCJYQ",
            "name": "Name",
            "type": null,
            "modifiers": [
              "public"
            ],
            "position": {}
          },
          "position": {}
        },
        "_YeTRkCPqEDWUN7GJbkCJYQ": {
          "key": "_YeTRkCPqEDWUN7GJbkCJYQ",
          "name": "CNIC",
          "type": null,
          "probability": 1,
          "modifiers": [
            "public"
          ],
          "to_variable": {
            "key": "_A-VKsCPrEDWUN7GJbkCJYQ",
            "name": "CNIC",
            "type": null,
            "modifiers": [
              "public"
            ],
            "position": {}
          },
          "position": {}
        }
      }
    }
  }
}