{
  "report_version": "unknown",
  "report_timestamp": "2025-03-26T21:58:26.042Z",
  "target_language": "java",
  "report_summary": {
    "additional": null,
    "amount_classes_or_interfaces_with_data_clumps": 2,
    "amount_files_with_data_clumps": 2,
    "amount_methods_with_data_clumps": 0,
    "fields_to_fields_data_clump": 2,
    "parameters_to_fields_data_clump": 0,
    "parameters_to_parameters_data_clump": 0,
    "amount_data_clumps": 2
  },
  "project_info": {
    "project_url": "unknown_project_url",
    "project_name": "_oA5yAHHHEeWQ-ePoxTR2kA",
    "project_version": "unknown_project_version",
    "project_commit_hash": "unknown",
    "project_tag": null,
    "project_commit_date": null,
    "additional": {},
    "number_of_files": 47,
    "number_of_classes_or_interfaces": 47,
    "number_of_methods": 77,
    "number_of_data_fields": 40,
    "number_of_method_parameters": 8
  },
  "detector": {
    "name": "data-clumps-doctor",
    "url": "https://github.com/NilsBaumgartner1994/data-clumps-doctor",
    "version": "0.1.100",
    "options": {
      "typeVariablesConsidered": false,
      "similarityModifierOfVariablesWithUnknownType": 0,
      "fieldsOfClassesWithUnknownHierarchyProbabilityModifier": 0,
      "sharedFieldsToFieldsAmountMinimum": 3,
      "analyseFieldsInClassesOrInterfacesInheritedFromSuperClassesOrInterfaces": false,
      "sharedParametersToParametersAmountMinimum": 3,
      "sharedParametersToFieldsAmountMinimum": 3,
      "methodsOfClassesOrInterfacesWithUnknownHierarchyProbabilityModifier": 0
    }
  },
  "data_clumps": {
    "fields_to_fields_data_clump-./Compte-_GFV6IGk9EDOdTczCflnkyg-_6JQbgH6ZEDOWdZQrkmhvGg-nomprenomtelmailadr": {
      "type": "data_clump",
      "key": "fields_to_fields_data_clump-./Compte-_GFV6IGk9EDOdTczCflnkyg-_6JQbgH6ZEDOWdZQrkmhvGg-nomprenomtelmailadr",
      "probability": 1,
      "from_file_path": "./Compte",
      "from_class_or_interface_name": "Compte",
      "from_class_or_interface_key": "_GFV6IGk9EDOdTczCflnkyg",
      "from_method_name": null,
      "from_method_key": null,
      "to_file_path": "./Internaute",
      "to_class_or_interface_key": "_6JQbgH6ZEDOWdZQrkmhvGg",
      "to_class_or_interface_name": "Compte",
      "to_method_key": null,
      "to_method_name": null,
      "data_clump_type": "fields_to_fields_data_clump",
      "data_clump_data": {
        "_Gqs_EGk_EDOdTczCflnkyg": {
          "key": "_Gqs_EGk_EDOdTczCflnkyg",
          "name": "nom",
          "type": null,
          "probability": 1,
          "modifiers": [
            "private"
          ],
          "to_variable": {
            "key": "_6JRCkH6ZEDOWdZQrkmhvGg",
            "name": "nom",
            "type": null,
            "modifiers": [
              "private"
            ],
            "position": {}
          },
          "position": {}
        },
        "_HAx8wGk_EDOdTczCflnkyg": {
          "key": "_HAx8wGk_EDOdTczCflnkyg",
          "name": "prenom",
          "type": null,
          "probability": 1,
          "modifiers": [
            "private"
          ],
          "to_variable": {
            "key": "_6JRCkX6ZEDOWdZQrkmhvGg",
            "name": "prenom",
            "type": null,
            "modifiers": [
              "private"
            ],
            "position": {}
          },
          "position": {}
        },
        "_HLpwAGk_EDOdTczCflnkyg": {
          "key": "_HLpwAGk_EDOdTczCflnkyg",
          "name": "tel",
          "type": null,
          "probability": 1,
          "modifiers": [
            "private"
          ],
          "to_variable": {
            "key": "_6JRCkn6ZEDOWdZQrkmhvGg",
            "name": "tel",
            "type": null,
            "modifiers": [
              "private"
            ],
            "position": {}
          },
          "position": {}
        },
        "_HXelgGk_EDOdTczCflnkyg": {
          "key": "_HXelgGk_EDOdTczCflnkyg",
          "name": "mail",
          "type": null,
          "probability": 1,
          "modifiers": [
            "private"
          ],
          "to_variable": {
            "key": "_6JRCk36ZEDOWdZQrkmhvGg",
            "name": "mail",
            "type": null,
            "modifiers": [
              "private"
            ],
            "position": {}
          },
          "position": {}
        },
        "_N7iIYGk_EDOdTczCflnkyg": {
          "key": "_N7iIYGk_EDOdTczCflnkyg",
          "name": "adr",
          "type": null,
          "probability": 1,
          "modifiers": [
            "private"
          ],
          "to_variable": {
            "key": "_6JRClH6ZEDOWdZQrkmhvGg",
            "name": "adr",
            "type": null,
            "modifiers": [
              "private"
            ],
            "position": {}
          },
          "position": {}
        }
      }
    },
    "fields_to_fields_data_clump-./Internaute-_6JQbgH6ZEDOWdZQrkmhvGg-_GFV6IGk9EDOdTczCflnkyg-nomprenomtelmailadr": {
      "type": "data_clump",
      "key": "fields_to_fields_data_clump-./Internaute-_6JQbgH6ZEDOWdZQrkmhvGg-_GFV6IGk9EDOdTczCflnkyg-nomprenomtelmailadr",
      "probability": 1,
      "from_file_path": "./Internaute",
      "from_class_or_interface_name": "Internaute",
      "from_class_or_interface_key": "_6JQbgH6ZEDOWdZQrkmhvGg",
      "from_method_name": null,
      "from_method_key": null,
      "to_file_path": "./Compte",
      "to_class_or_interface_key": "_GFV6IGk9EDOdTczCflnkyg",
      "to_class_or_interface_name": "Internaute",
      "to_method_key": null,
      "to_method_name": null,
      "data_clump_type": "fields_to_fields_data_clump",
      "data_clump_data": {
        "_6JRCkH6ZEDOWdZQrkmhvGg": {
          "key": "_6JRCkH6ZEDOWdZQrkmhvGg",
          "name": "nom",
          "type": null,
          "probability": 1,
          "modifiers": [
            "private"
          ],
          "to_variable": {
            "key": "_Gqs_EGk_EDOdTczCflnkyg",
            "name": "nom",
            "type": null,
            "modifiers": [
              "private"
            ],
            "position": {}
          },
          "position": {}
        },
        "_6JRCkX6ZEDOWdZQrkmhvGg": {
          "key": "_6JRCkX6ZEDOWdZQrkmhvGg",
          "name": "prenom",
          "type": null,
          "probability": 1,
          "modifiers": [
            "private"
          ],
          "to_variable": {
            "key": "_HAx8wGk_EDOdTczCflnkyg",
            "name": "prenom",
            "type": null,
            "modifiers": [
              "private"
            ],
            "position": {}
          },
          "position": {}
        },
        "_6JRCkn6ZEDOWdZQrkmhvGg": {
          "key": "_6JRCkn6ZEDOWdZQrkmhvGg",
          "name": "tel",
          "type": null,
          "probability": 1,
          "modifiers": [
            "private"
          ],
          "to_variable": {
            "key": "_HLpwAGk_EDOdTczCflnkyg",
            "name": "tel",
            "type": null,
            "modifiers": [
              "private"
            ],
            "position": {}
          },
          "position": {}
        },
        "_6JRCk36ZEDOWdZQrkmhvGg": {
          "key": "_6JRCk36ZEDOWdZQrkmhvGg",
          "name": "mail",
          "type": null,
          "probability": 1,
          "modifiers": [
            "private"
          ],
          "to_variable": {
            "key": "_HXelgGk_EDOdTczCflnkyg",
            "name": "mail",
            "type": null,
            "modifiers": [
              "private"
            ],
            "position": {}
          },
          "position": {}
        },
        "_6JRClH6ZEDOWdZQrkmhvGg": {
          "key": "_6JRClH6ZEDOWdZQrkmhvGg",
          "name": "adr",
          "type": null,
          "probability": 1,
          "modifiers": [
            "private"
          ],
          "to_variable": {
            "key": "_N7iIYGk_EDOdTczCflnkyg",
            "name": "adr",
            "type": null,
            "modifiers": [
              "private"
            ],
            "position": {}
          },
          "position": {}
        }
      }
    }
  }
}