{
  "report_version": "unknown",
  "report_timestamp": "2025-03-26T22:29:19.551Z",
  "target_language": "java",
  "report_summary": {
    "additional": null,
    "amount_classes_or_interfaces_with_data_clumps": 3,
    "amount_files_with_data_clumps": 3,
    "amount_methods_with_data_clumps": 0,
    "fields_to_fields_data_clump": 4,
    "parameters_to_fields_data_clump": 0,
    "parameters_to_parameters_data_clump": 0,
    "amount_data_clumps": 4
  },
  "project_info": {
    "project_url": "unknown_project_url",
    "project_name": "_G91sUPpvEeiofPV7ahrDAg",
    "project_version": "unknown_project_version",
    "project_commit_hash": "unknown",
    "project_tag": null,
    "project_commit_date": null,
    "additional": {},
    "number_of_files": 6,
    "number_of_classes_or_interfaces": 6,
    "number_of_methods": 0,
    "number_of_data_fields": 19,
    "number_of_method_parameters": 0
  },
  "detector": {
    "name": "data-clumps-doctor",
    "url": "https://github.com/NilsBaumgartner1994/data-clumps-doctor",
    "version": "0.1.100",
    "options": {
      "typeVariablesConsidered": false,
      "similarityModifierOfVariablesWithUnknownType": 0,
      "fieldsOfClassesWithUnknownHierarchyProbabilityModifier": 0,
      "sharedFieldsToFieldsAmountMinimum": 3,
      "analyseFieldsInClassesOrInterfacesInheritedFromSuperClassesOrInterfaces": false,
      "sharedParametersToParametersAmountMinimum": 3,
      "sharedParametersToFieldsAmountMinimum": 3,
      "methodsOfClassesOrInterfacesWithUnknownHierarchyProbabilityModifier": 0
    }
  },
  "data_clumps": {
    "fields_to_fields_data_clump-./adminstrateur-_MOdaoNydEDa6vqS-rFokGA-_oXT7sNydEDa6vqS-rFokGA-adressemailtéléphone": {
      "type": "data_clump",
      "key": "fields_to_fields_data_clump-./adminstrateur-_MOdaoNydEDa6vqS-rFokGA-_oXT7sNydEDa6vqS-rFokGA-adressemailtéléphone",
      "probability": 1,
      "from_file_path": "./adminstrateur",
      "from_class_or_interface_name": "adminstrateur",
      "from_class_or_interface_key": "_MOdaoNydEDa6vqS-rFokGA",
      "from_method_name": null,
      "from_method_key": null,
      "to_file_path": "./manager",
      "to_class_or_interface_key": "_oXT7sNydEDa6vqS-rFokGA",
      "to_class_or_interface_name": "adminstrateur",
      "to_method_key": null,
      "to_method_name": null,
      "data_clump_type": "fields_to_fields_data_clump",
      "data_clump_data": {
        "_gJzuwNydEDa6vqS-rFokGA": {
          "key": "_gJzuwNydEDa6vqS-rFokGA",
          "name": "adresse",
          "type": null,
          "probability": 1,
          "modifiers": [],
          "to_variable": {
            "key": "_1BAnIdydEDa6vqS-rFokGA",
            "name": "adresse",
            "type": null,
            "modifiers": [],
            "position": {}
          },
          "position": {}
        },
        "_hpQIQNydEDa6vqS-rFokGA": {
          "key": "_hpQIQNydEDa6vqS-rFokGA",
          "name": "mail",
          "type": null,
          "probability": 1,
          "modifiers": [],
          "to_variable": {
            "key": "_3wLjINydEDa6vqS-rFokGA",
            "name": "mail",
            "type": null,
            "modifiers": [],
            "position": {}
          },
          "position": {}
        },
        "_iv5nQNydEDa6vqS-rFokGA": {
          "key": "_iv5nQNydEDa6vqS-rFokGA",
          "name": "téléphone",
          "type": null,
          "probability": 1,
          "modifiers": [],
          "to_variable": {
            "key": "_2LPloNydEDa6vqS-rFokGA",
            "name": "téléphone",
            "type": null,
            "modifiers": [],
            "position": {}
          },
          "position": {}
        }
      }
    },
    "fields_to_fields_data_clump-./collaboratteur-_5pLsINydEDa6vqS-rFokGA-_oXT7sNydEDa6vqS-rFokGA-nomprénomtéléphonemail": {
      "type": "data_clump",
      "key": "fields_to_fields_data_clump-./collaboratteur-_5pLsINydEDa6vqS-rFokGA-_oXT7sNydEDa6vqS-rFokGA-nomprénomtéléphonemail",
      "probability": 1,
      "from_file_path": "./collaboratteur",
      "from_class_or_interface_name": "collaboratteur",
      "from_class_or_interface_key": "_5pLsINydEDa6vqS-rFokGA",
      "from_method_name": null,
      "from_method_key": null,
      "to_file_path": "./manager",
      "to_class_or_interface_key": "_oXT7sNydEDa6vqS-rFokGA",
      "to_class_or_interface_name": "collaboratteur",
      "to_method_key": null,
      "to_method_name": null,
      "data_clump_type": "fields_to_fields_data_clump",
      "data_clump_data": {
        "_htX90dyeEDa6vqS-rFokGA": {
          "key": "_htX90dyeEDa6vqS-rFokGA",
          "name": "nomprénom",
          "type": null,
          "probability": 1,
          "modifiers": [],
          "to_variable": {
            "key": "_wpemMNydEDa6vqS-rFokGA",
            "name": "nomprénom",
            "type": null,
            "modifiers": [],
            "position": {}
          },
          "position": {}
        },
        "_mPEnYNyeEDa6vqS-rFokGA": {
          "key": "_mPEnYNyeEDa6vqS-rFokGA",
          "name": "téléphone",
          "type": null,
          "probability": 1,
          "modifiers": [],
          "to_variable": {
            "key": "_2LPloNydEDa6vqS-rFokGA",
            "name": "téléphone",
            "type": null,
            "modifiers": [],
            "position": {}
          },
          "position": {}
        },
        "_nfVVYdyeEDa6vqS-rFokGA": {
          "key": "_nfVVYdyeEDa6vqS-rFokGA",
          "name": "mail",
          "type": null,
          "probability": 1,
          "modifiers": [],
          "to_variable": {
            "key": "_3wLjINydEDa6vqS-rFokGA",
            "name": "mail",
            "type": null,
            "modifiers": [],
            "position": {}
          },
          "position": {}
        }
      }
    },
    "fields_to_fields_data_clump-./manager-_oXT7sNydEDa6vqS-rFokGA-_MOdaoNydEDa6vqS-rFokGA-adressetéléphonemail": {
      "type": "data_clump",
      "key": "fields_to_fields_data_clump-./manager-_oXT7sNydEDa6vqS-rFokGA-_MOdaoNydEDa6vqS-rFokGA-adressetéléphonemail",
      "probability": 1,
      "from_file_path": "./manager",
      "from_class_or_interface_name": "manager",
      "from_class_or_interface_key": "_oXT7sNydEDa6vqS-rFokGA",
      "from_method_name": null,
      "from_method_key": null,
      "to_file_path": "./adminstrateur",
      "to_class_or_interface_key": "_MOdaoNydEDa6vqS-rFokGA",
      "to_class_or_interface_name": "manager",
      "to_method_key": null,
      "to_method_name": null,
      "data_clump_type": "fields_to_fields_data_clump",
      "data_clump_data": {
        "_1BAnIdydEDa6vqS-rFokGA": {
          "key": "_1BAnIdydEDa6vqS-rFokGA",
          "name": "adresse",
          "type": null,
          "probability": 1,
          "modifiers": [],
          "to_variable": {
            "key": "_gJzuwNydEDa6vqS-rFokGA",
            "name": "adresse",
            "type": null,
            "modifiers": [],
            "position": {}
          },
          "position": {}
        },
        "_2LPloNydEDa6vqS-rFokGA": {
          "key": "_2LPloNydEDa6vqS-rFokGA",
          "name": "téléphone",
          "type": null,
          "probability": 1,
          "modifiers": [],
          "to_variable": {
            "key": "_iv5nQNydEDa6vqS-rFokGA",
            "name": "téléphone",
            "type": null,
            "modifiers": [],
            "position": {}
          },
          "position": {}
        },
        "_3wLjINydEDa6vqS-rFokGA": {
          "key": "_3wLjINydEDa6vqS-rFokGA",
          "name": "mail",
          "type": null,
          "probability": 1,
          "modifiers": [],
          "to_variable": {
            "key": "_hpQIQNydEDa6vqS-rFokGA",
            "name": "mail",
            "type": null,
            "modifiers": [],
            "position": {}
          },
          "position": {}
        }
      }
    },
    "fields_to_fields_data_clump-./manager-_oXT7sNydEDa6vqS-rFokGA-_5pLsINydEDa6vqS-rFokGA-nomprénomtéléphonemail": {
      "type": "data_clump",
      "key": "fields_to_fields_data_clump-./manager-_oXT7sNydEDa6vqS-rFokGA-_5pLsINydEDa6vqS-rFokGA-nomprénomtéléphonemail",
      "probability": 1,
      "from_file_path": "./manager",
      "from_class_or_interface_name": "manager",
      "from_class_or_interface_key": "_oXT7sNydEDa6vqS-rFokGA",
      "from_method_name": null,
      "from_method_key": null,
      "to_file_path": "./collaboratteur",
      "to_class_or_interface_key": "_5pLsINydEDa6vqS-rFokGA",
      "to_class_or_interface_name": "manager",
      "to_method_key": null,
      "to_method_name": null,
      "data_clump_type": "fields_to_fields_data_clump",
      "data_clump_data": {
        "_wpemMNydEDa6vqS-rFokGA": {
          "key": "_wpemMNydEDa6vqS-rFokGA",
          "name": "nomprénom",
          "type": null,
          "probability": 1,
          "modifiers": [],
          "to_variable": {
            "key": "_htX90dyeEDa6vqS-rFokGA",
            "name": "nomprénom",
            "type": null,
            "modifiers": [],
            "position": {}
          },
          "position": {}
        },
        "_2LPloNydEDa6vqS-rFokGA": {
          "key": "_2LPloNydEDa6vqS-rFokGA",
          "name": "téléphone",
          "type": null,
          "probability": 1,
          "modifiers": [],
          "to_variable": {
            "key": "_mPEnYNyeEDa6vqS-rFokGA",
            "name": "téléphone",
            "type": null,
            "modifiers": [],
            "position": {}
          },
          "position": {}
        },
        "_3wLjINydEDa6vqS-rFokGA": {
          "key": "_3wLjINydEDa6vqS-rFokGA",
          "name": "mail",
          "type": null,
          "probability": 1,
          "modifiers": [],
          "to_variable": {
            "key": "_nfVVYdyeEDa6vqS-rFokGA",
            "name": "mail",
            "type": null,
            "modifiers": [],
            "position": {}
          },
          "position": {}
        }
      }
    }
  }
}