{
  "report_version": "^0.1.102",
  "report_timestamp": "2025-09-03T11:28:18.969Z",
  "target_language": "NGSI-LD",
  "report_summary": {
    "additional": {
      "invertedIndexSoftwareProjectStatistics": {
        "invertedFieldToClasses": {
          "median": 0,
          "maximum": 0,
          "average": null,
          "amountSavedValuesForKeys": 0,
          "amountKeys": 0
        },
        "invertedParameterToMethods": {
          "median": 0,
          "maximum": 0,
          "average": null,
          "amountSavedValuesForKeys": 0,
          "amountKeys": 0
        },
        "invertedParameterToClasses": {
          "median": 0,
          "maximum": 0,
          "average": null,
          "amountSavedValuesForKeys": 0,
          "amountKeys": 0
        }
      },
      "timer_information": {
        "ast_generation_time_ms": 4,
        "detection_time_ms": 1,
        "machine_information": {
          "os": "Darwin",
          "os_release": "22.5.0",
          "os_platform": "darwin",
          "os_arch": "x64",
          "os_uptime": 1981316,
          "os_memory_free": 15076245504,
          "os_memory_total": 34359738368,
          "os_cpu_cores": 12,
          "os_cpu_model": "Intel(R) Core(TM) i7-9750H CPU @ 2.60GHz",
          "os_cpu_speed": 2600
        }
      }
    },
    "amount_classes_or_interfaces_with_data_clumps": 0,
    "amount_files_with_data_clumps": 0,
    "amount_methods_with_data_clumps": 0,
    "fields_to_fields_data_clump": 0,
    "parameters_to_fields_data_clump": 0,
    "parameters_to_parameters_data_clump": 0,
    "amount_data_clumps": 0
  },
  "project_info": {
    "project_url": "https://github.com/smart-data-models/dataModel.VerifiableCredentials",
    "project_name": "dataModel.VerifiableCredentials",
    "project_version": "069b352ee1a624d7448b2b23f08e38a22fcaec3f",
    "project_commit_hash": "069b352ee1a624d7448b2b23f08e38a22fcaec3f",
    "project_tag": null,
    "project_commit_date": "1730383673",
    "additional": {},
    "number_of_files": 0,
    "number_of_classes_or_interfaces": 0,
    "number_of_methods": 0,
    "number_of_data_fields": 0,
    "number_of_method_parameters": 0
  },
  "detector": {
    "name": "data-clumps-doctor",
    "url": "https://github.com/NilsBaumgartner1994/data-clumps-doctor",
    "version": "0.1.101",
    "options": {
      "fastDetection": true,
      "ignorePaths": [],
      "similarityModifierOfVariablesWithUnknownType": 0,
      "fieldsOfClassesWithUnknownHierarchyProbabilityModifier": 0,
      "sharedFieldsToFieldsAmountMinimum": 3,
      "analyseFieldsInClassesOrInterfacesInheritedFromSuperClassesOrInterfaces": false,
      "sharedParametersToParametersAmountMinimum": 3,
      "sharedParametersToFieldsAmountMinimum": 3,
      "methodsOfClassesOrInterfacesWithUnknownHierarchyProbabilityModifier": 0,
      "ignoredVariableNames": [
        "alternateName",
        "dataProvider",
        "dateCreated",
        "dateModified",
        "description",
        "name",
        "source"
      ]
    }
  },
  "data_clumps": {}
}