{
  "report_version": "unknown",
  "report_timestamp": "2025-03-26T22:46:26.856Z",
  "target_language": "java",
  "report_summary": {
    "additional": null,
    "amount_classes_or_interfaces_with_data_clumps": 4,
    "amount_files_with_data_clumps": 4,
    "amount_methods_with_data_clumps": 0,
    "fields_to_fields_data_clump": 12,
    "parameters_to_fields_data_clump": 0,
    "parameters_to_parameters_data_clump": 0,
    "amount_data_clumps": 12
  },
  "project_info": {
    "project_url": "unknown_project_url",
    "project_name": "_2gikYCnhEeiGfabwoJ7AXg",
    "project_version": "unknown_project_version",
    "project_commit_hash": "unknown",
    "project_tag": null,
    "project_commit_date": null,
    "additional": {},
    "number_of_files": 14,
    "number_of_classes_or_interfaces": 14,
    "number_of_methods": 13,
    "number_of_data_fields": 31,
    "number_of_method_parameters": 0
  },
  "detector": {
    "name": "data-clumps-doctor",
    "url": "https://github.com/NilsBaumgartner1994/data-clumps-doctor",
    "version": "0.1.100",
    "options": {
      "typeVariablesConsidered": false,
      "similarityModifierOfVariablesWithUnknownType": 0,
      "fieldsOfClassesWithUnknownHierarchyProbabilityModifier": 0,
      "sharedFieldsToFieldsAmountMinimum": 3,
      "analyseFieldsInClassesOrInterfacesInheritedFromSuperClassesOrInterfaces": false,
      "sharedParametersToParametersAmountMinimum": 3,
      "sharedParametersToFieldsAmountMinimum": 3,
      "methodsOfClassesOrInterfacesWithUnknownHierarchyProbabilityModifier": 0
    }
  },
  "data_clumps": {
    "fields_to_fields_data_clump-./JFrame(Marco)-_sxEyQA9-EDaD9esrcUrKaw-_UESvcA9-EDaD9esrcUrKaw-nombrefechaNacimientogeneroemail": {
      "type": "data_clump",
      "key": "fields_to_fields_data_clump-./JFrame(Marco)-_sxEyQA9-EDaD9esrcUrKaw-_UESvcA9-EDaD9esrcUrKaw-nombrefechaNacimientogeneroemail",
      "probability": 1,
      "from_file_path": "./JFrame(Marco)",
      "from_class_or_interface_name": "JFrame(Marco)",
      "from_class_or_interface_key": "_sxEyQA9-EDaD9esrcUrKaw",
      "from_method_name": null,
      "from_method_key": null,
      "to_file_path": "./Persona",
      "to_class_or_interface_key": "_UESvcA9-EDaD9esrcUrKaw",
      "to_class_or_interface_name": "JFrame(Marco)",
      "to_method_key": null,
      "to_method_name": null,
      "data_clump_type": "fields_to_fields_data_clump",
      "data_clump_data": {
        "_sxEyQQ9-EDaD9esrcUrKaw": {
          "key": "_sxEyQQ9-EDaD9esrcUrKaw",
          "name": "nombre",
          "type": null,
          "probability": 1,
          "modifiers": [
            "private"
          ],
          "to_variable": {
            "key": "_UESvcQ9-EDaD9esrcUrKaw",
            "name": "nombre",
            "type": null,
            "modifiers": [
              "private"
            ],
            "position": {}
          },
          "position": {}
        },
        "_sxEyQg9-EDaD9esrcUrKaw": {
          "key": "_sxEyQg9-EDaD9esrcUrKaw",
          "name": "fechaNacimiento",
          "type": null,
          "probability": 1,
          "modifiers": [],
          "to_variable": {
            "key": "_UESvcg9-EDaD9esrcUrKaw",
            "name": "fechaNacimiento",
            "type": null,
            "modifiers": [],
            "position": {}
          },
          "position": {}
        },
        "_sxEyQw9-EDaD9esrcUrKaw": {
          "key": "_sxEyQw9-EDaD9esrcUrKaw",
          "name": "genero",
          "type": null,
          "probability": 1,
          "modifiers": [],
          "to_variable": {
            "key": "_UETWgA9-EDaD9esrcUrKaw",
            "name": "genero",
            "type": null,
            "modifiers": [],
            "position": {}
          },
          "position": {}
        },
        "_sxEyRA9-EDaD9esrcUrKaw": {
          "key": "_sxEyRA9-EDaD9esrcUrKaw",
          "name": "email",
          "type": null,
          "probability": 1,
          "modifiers": [],
          "to_variable": {
            "key": "_UETWgQ9-EDaD9esrcUrKaw",
            "name": "email",
            "type": null,
            "modifiers": [],
            "position": {}
          },
          "position": {}
        }
      }
    },
    "fields_to_fields_data_clump-./JFrame(Marco)-_sxEyQA9-EDaD9esrcUrKaw-_BMddwAwQEDaLa8tUgTcJZw-nombrefechaNacimientogeneroemail": {
      "type": "data_clump",
      "key": "fields_to_fields_data_clump-./JFrame(Marco)-_sxEyQA9-EDaD9esrcUrKaw-_BMddwAwQEDaLa8tUgTcJZw-nombrefechaNacimientogeneroemail",
      "probability": 1,
      "from_file_path": "./JFrame(Marco)",
      "from_class_or_interface_name": "JFrame(Marco)",
      "from_class_or_interface_key": "_sxEyQA9-EDaD9esrcUrKaw",
      "from_method_name": null,
      "from_method_key": null,
      "to_file_path": "./PersonaOld",
      "to_class_or_interface_key": "_BMddwAwQEDaLa8tUgTcJZw",
      "to_class_or_interface_name": "JFrame(Marco)",
      "to_method_key": null,
      "to_method_name": null,
      "data_clump_type": "fields_to_fields_data_clump",
      "data_clump_data": {
        "_sxEyQQ9-EDaD9esrcUrKaw": {
          "key": "_sxEyQQ9-EDaD9esrcUrKaw",
          "name": "nombre",
          "type": null,
          "probability": 1,
          "modifiers": [
            "private"
          ],
          "to_variable": {
            "key": "_ilgtIQwQEDaLa8tUgTcJZw",
            "name": "nombre",
            "type": null,
            "modifiers": [
              "private"
            ],
            "position": {}
          },
          "position": {}
        },
        "_sxEyQg9-EDaD9esrcUrKaw": {
          "key": "_sxEyQg9-EDaD9esrcUrKaw",
          "name": "fechaNacimiento",
          "type": null,
          "probability": 1,
          "modifiers": [],
          "to_variable": {
            "key": "_ksK3oAwQEDaLa8tUgTcJZw",
            "name": "fechaNacimiento",
            "type": null,
            "modifiers": [],
            "position": {}
          },
          "position": {}
        },
        "_sxEyQw9-EDaD9esrcUrKaw": {
          "key": "_sxEyQw9-EDaD9esrcUrKaw",
          "name": "genero",
          "type": null,
          "probability": 1,
          "modifiers": [],
          "to_variable": {
            "key": "_owEK4AwQEDaLa8tUgTcJZw",
            "name": "genero",
            "type": null,
            "modifiers": [],
            "position": {}
          },
          "position": {}
        },
        "_sxEyRA9-EDaD9esrcUrKaw": {
          "key": "_sxEyRA9-EDaD9esrcUrKaw",
          "name": "email",
          "type": null,
          "probability": 1,
          "modifiers": [],
          "to_variable": {
            "key": "_r0iBcAwQEDaLa8tUgTcJZw",
            "name": "email",
            "type": null,
            "modifiers": [],
            "position": {}
          },
          "position": {}
        }
      }
    },
    "fields_to_fields_data_clump-./JFrame(Marco)-_sxEyQA9-EDaD9esrcUrKaw-_zR0-8Q99EDaD9esrcUrKaw-nombrefechaNacimientogeneroemail": {
      "type": "data_clump",
      "key": "fields_to_fields_data_clump-./JFrame(Marco)-_sxEyQA9-EDaD9esrcUrKaw-_zR0-8Q99EDaD9esrcUrKaw-nombrefechaNacimientogeneroemail",
      "probability": 1,
      "from_file_path": "./JFrame(Marco)",
      "from_class_or_interface_name": "JFrame(Marco)",
      "from_class_or_interface_key": "_sxEyQA9-EDaD9esrcUrKaw",
      "from_method_name": null,
      "from_method_key": null,
      "to_file_path": "./Persona_2",
      "to_class_or_interface_key": "_zR0-8Q99EDaD9esrcUrKaw",
      "to_class_or_interface_name": "JFrame(Marco)",
      "to_method_key": null,
      "to_method_name": null,
      "data_clump_type": "fields_to_fields_data_clump",
      "data_clump_data": {
        "_sxEyQQ9-EDaD9esrcUrKaw": {
          "key": "_sxEyQQ9-EDaD9esrcUrKaw",
          "name": "nombre",
          "type": null,
          "probability": 1,
          "modifiers": [
            "private"
          ],
          "to_variable": {
            "key": "_zR0-8g99EDaD9esrcUrKaw",
            "name": "nombre",
            "type": null,
            "modifiers": [
              "private"
            ],
            "position": {}
          },
          "position": {}
        },
        "_sxEyQg9-EDaD9esrcUrKaw": {
          "key": "_sxEyQg9-EDaD9esrcUrKaw",
          "name": "fechaNacimiento",
          "type": null,
          "probability": 1,
          "modifiers": [],
          "to_variable": {
            "key": "_zR0-8w99EDaD9esrcUrKaw",
            "name": "fechaNacimiento",
            "type": null,
            "modifiers": [],
            "position": {}
          },
          "position": {}
        },
        "_sxEyQw9-EDaD9esrcUrKaw": {
          "key": "_sxEyQw9-EDaD9esrcUrKaw",
          "name": "genero",
          "type": null,
          "probability": 1,
          "modifiers": [],
          "to_variable": {
            "key": "_zR0-9A99EDaD9esrcUrKaw",
            "name": "genero",
            "type": null,
            "modifiers": [],
            "position": {}
          },
          "position": {}
        },
        "_sxEyRA9-EDaD9esrcUrKaw": {
          "key": "_sxEyRA9-EDaD9esrcUrKaw",
          "name": "email",
          "type": null,
          "probability": 1,
          "modifiers": [],
          "to_variable": {
            "key": "_zR0-9Q99EDaD9esrcUrKaw",
            "name": "email",
            "type": null,
            "modifiers": [],
            "position": {}
          },
          "position": {}
        }
      }
    },
    "fields_to_fields_data_clump-./Persona-_UESvcA9-EDaD9esrcUrKaw-_sxEyQA9-EDaD9esrcUrKaw-nombrefechaNacimientogeneroemail": {
      "type": "data_clump",
      "key": "fields_to_fields_data_clump-./Persona-_UESvcA9-EDaD9esrcUrKaw-_sxEyQA9-EDaD9esrcUrKaw-nombrefechaNacimientogeneroemail",
      "probability": 1,
      "from_file_path": "./Persona",
      "from_class_or_interface_name": "Persona",
      "from_class_or_interface_key": "_UESvcA9-EDaD9esrcUrKaw",
      "from_method_name": null,
      "from_method_key": null,
      "to_file_path": "./JFrame(Marco)",
      "to_class_or_interface_key": "_sxEyQA9-EDaD9esrcUrKaw",
      "to_class_or_interface_name": "Persona",
      "to_method_key": null,
      "to_method_name": null,
      "data_clump_type": "fields_to_fields_data_clump",
      "data_clump_data": {
        "_UESvcQ9-EDaD9esrcUrKaw": {
          "key": "_UESvcQ9-EDaD9esrcUrKaw",
          "name": "nombre",
          "type": null,
          "probability": 1,
          "modifiers": [
            "private"
          ],
          "to_variable": {
            "key": "_sxEyQQ9-EDaD9esrcUrKaw",
            "name": "nombre",
            "type": null,
            "modifiers": [
              "private"
            ],
            "position": {}
          },
          "position": {}
        },
        "_UESvcg9-EDaD9esrcUrKaw": {
          "key": "_UESvcg9-EDaD9esrcUrKaw",
          "name": "fechaNacimiento",
          "type": null,
          "probability": 1,
          "modifiers": [],
          "to_variable": {
            "key": "_sxEyQg9-EDaD9esrcUrKaw",
            "name": "fechaNacimiento",
            "type": null,
            "modifiers": [],
            "position": {}
          },
          "position": {}
        },
        "_UETWgA9-EDaD9esrcUrKaw": {
          "key": "_UETWgA9-EDaD9esrcUrKaw",
          "name": "genero",
          "type": null,
          "probability": 1,
          "modifiers": [],
          "to_variable": {
            "key": "_sxEyQw9-EDaD9esrcUrKaw",
            "name": "genero",
            "type": null,
            "modifiers": [],
            "position": {}
          },
          "position": {}
        },
        "_UETWgQ9-EDaD9esrcUrKaw": {
          "key": "_UETWgQ9-EDaD9esrcUrKaw",
          "name": "email",
          "type": null,
          "probability": 1,
          "modifiers": [],
          "to_variable": {
            "key": "_sxEyRA9-EDaD9esrcUrKaw",
            "name": "email",
            "type": null,
            "modifiers": [],
            "position": {}
          },
          "position": {}
        }
      }
    },
    "fields_to_fields_data_clump-./Persona-_UESvcA9-EDaD9esrcUrKaw-_BMddwAwQEDaLa8tUgTcJZw-nombrefechaNacimientogeneroemail": {
      "type": "data_clump",
      "key": "fields_to_fields_data_clump-./Persona-_UESvcA9-EDaD9esrcUrKaw-_BMddwAwQEDaLa8tUgTcJZw-nombrefechaNacimientogeneroemail",
      "probability": 1,
      "from_file_path": "./Persona",
      "from_class_or_interface_name": "Persona",
      "from_class_or_interface_key": "_UESvcA9-EDaD9esrcUrKaw",
      "from_method_name": null,
      "from_method_key": null,
      "to_file_path": "./PersonaOld",
      "to_class_or_interface_key": "_BMddwAwQEDaLa8tUgTcJZw",
      "to_class_or_interface_name": "Persona",
      "to_method_key": null,
      "to_method_name": null,
      "data_clump_type": "fields_to_fields_data_clump",
      "data_clump_data": {
        "_UESvcQ9-EDaD9esrcUrKaw": {
          "key": "_UESvcQ9-EDaD9esrcUrKaw",
          "name": "nombre",
          "type": null,
          "probability": 1,
          "modifiers": [
            "private"
          ],
          "to_variable": {
            "key": "_ilgtIQwQEDaLa8tUgTcJZw",
            "name": "nombre",
            "type": null,
            "modifiers": [
              "private"
            ],
            "position": {}
          },
          "position": {}
        },
        "_UESvcg9-EDaD9esrcUrKaw": {
          "key": "_UESvcg9-EDaD9esrcUrKaw",
          "name": "fechaNacimiento",
          "type": null,
          "probability": 1,
          "modifiers": [],
          "to_variable": {
            "key": "_ksK3oAwQEDaLa8tUgTcJZw",
            "name": "fechaNacimiento",
            "type": null,
            "modifiers": [],
            "position": {}
          },
          "position": {}
        },
        "_UETWgA9-EDaD9esrcUrKaw": {
          "key": "_UETWgA9-EDaD9esrcUrKaw",
          "name": "genero",
          "type": null,
          "probability": 1,
          "modifiers": [],
          "to_variable": {
            "key": "_owEK4AwQEDaLa8tUgTcJZw",
            "name": "genero",
            "type": null,
            "modifiers": [],
            "position": {}
          },
          "position": {}
        },
        "_UETWgQ9-EDaD9esrcUrKaw": {
          "key": "_UETWgQ9-EDaD9esrcUrKaw",
          "name": "email",
          "type": null,
          "probability": 1,
          "modifiers": [],
          "to_variable": {
            "key": "_r0iBcAwQEDaLa8tUgTcJZw",
            "name": "email",
            "type": null,
            "modifiers": [],
            "position": {}
          },
          "position": {}
        }
      }
    },
    "fields_to_fields_data_clump-./Persona-_UESvcA9-EDaD9esrcUrKaw-_zR0-8Q99EDaD9esrcUrKaw-nombrefechaNacimientogeneroemail": {
      "type": "data_clump",
      "key": "fields_to_fields_data_clump-./Persona-_UESvcA9-EDaD9esrcUrKaw-_zR0-8Q99EDaD9esrcUrKaw-nombrefechaNacimientogeneroemail",
      "probability": 1,
      "from_file_path": "./Persona",
      "from_class_or_interface_name": "Persona",
      "from_class_or_interface_key": "_UESvcA9-EDaD9esrcUrKaw",
      "from_method_name": null,
      "from_method_key": null,
      "to_file_path": "./Persona_2",
      "to_class_or_interface_key": "_zR0-8Q99EDaD9esrcUrKaw",
      "to_class_or_interface_name": "Persona",
      "to_method_key": null,
      "to_method_name": null,
      "data_clump_type": "fields_to_fields_data_clump",
      "data_clump_data": {
        "_UESvcQ9-EDaD9esrcUrKaw": {
          "key": "_UESvcQ9-EDaD9esrcUrKaw",
          "name": "nombre",
          "type": null,
          "probability": 1,
          "modifiers": [
            "private"
          ],
          "to_variable": {
            "key": "_zR0-8g99EDaD9esrcUrKaw",
            "name": "nombre",
            "type": null,
            "modifiers": [
              "private"
            ],
            "position": {}
          },
          "position": {}
        },
        "_UESvcg9-EDaD9esrcUrKaw": {
          "key": "_UESvcg9-EDaD9esrcUrKaw",
          "name": "fechaNacimiento",
          "type": null,
          "probability": 1,
          "modifiers": [],
          "to_variable": {
            "key": "_zR0-8w99EDaD9esrcUrKaw",
            "name": "fechaNacimiento",
            "type": null,
            "modifiers": [],
            "position": {}
          },
          "position": {}
        },
        "_UETWgA9-EDaD9esrcUrKaw": {
          "key": "_UETWgA9-EDaD9esrcUrKaw",
          "name": "genero",
          "type": null,
          "probability": 1,
          "modifiers": [],
          "to_variable": {
            "key": "_zR0-9A99EDaD9esrcUrKaw",
            "name": "genero",
            "type": null,
            "modifiers": [],
            "position": {}
          },
          "position": {}
        },
        "_UETWgQ9-EDaD9esrcUrKaw": {
          "key": "_UETWgQ9-EDaD9esrcUrKaw",
          "name": "email",
          "type": null,
          "probability": 1,
          "modifiers": [],
          "to_variable": {
            "key": "_zR0-9Q99EDaD9esrcUrKaw",
            "name": "email",
            "type": null,
            "modifiers": [],
            "position": {}
          },
          "position": {}
        }
      }
    },
    "fields_to_fields_data_clump-./PersonaOld-_BMddwAwQEDaLa8tUgTcJZw-_sxEyQA9-EDaD9esrcUrKaw-nombrefechaNacimientogeneroemail": {
      "type": "data_clump",
      "key": "fields_to_fields_data_clump-./PersonaOld-_BMddwAwQEDaLa8tUgTcJZw-_sxEyQA9-EDaD9esrcUrKaw-nombrefechaNacimientogeneroemail",
      "probability": 1,
      "from_file_path": "./PersonaOld",
      "from_class_or_interface_name": "PersonaOld",
      "from_class_or_interface_key": "_BMddwAwQEDaLa8tUgTcJZw",
      "from_method_name": null,
      "from_method_key": null,
      "to_file_path": "./JFrame(Marco)",
      "to_class_or_interface_key": "_sxEyQA9-EDaD9esrcUrKaw",
      "to_class_or_interface_name": "PersonaOld",
      "to_method_key": null,
      "to_method_name": null,
      "data_clump_type": "fields_to_fields_data_clump",
      "data_clump_data": {
        "_ilgtIQwQEDaLa8tUgTcJZw": {
          "key": "_ilgtIQwQEDaLa8tUgTcJZw",
          "name": "nombre",
          "type": null,
          "probability": 1,
          "modifiers": [
            "private"
          ],
          "to_variable": {
            "key": "_sxEyQQ9-EDaD9esrcUrKaw",
            "name": "nombre",
            "type": null,
            "modifiers": [
              "private"
            ],
            "position": {}
          },
          "position": {}
        },
        "_ksK3oAwQEDaLa8tUgTcJZw": {
          "key": "_ksK3oAwQEDaLa8tUgTcJZw",
          "name": "fechaNacimiento",
          "type": null,
          "probability": 1,
          "modifiers": [],
          "to_variable": {
            "key": "_sxEyQg9-EDaD9esrcUrKaw",
            "name": "fechaNacimiento",
            "type": null,
            "modifiers": [],
            "position": {}
          },
          "position": {}
        },
        "_owEK4AwQEDaLa8tUgTcJZw": {
          "key": "_owEK4AwQEDaLa8tUgTcJZw",
          "name": "genero",
          "type": null,
          "probability": 1,
          "modifiers": [],
          "to_variable": {
            "key": "_sxEyQw9-EDaD9esrcUrKaw",
            "name": "genero",
            "type": null,
            "modifiers": [],
            "position": {}
          },
          "position": {}
        },
        "_r0iBcAwQEDaLa8tUgTcJZw": {
          "key": "_r0iBcAwQEDaLa8tUgTcJZw",
          "name": "email",
          "type": null,
          "probability": 1,
          "modifiers": [],
          "to_variable": {
            "key": "_sxEyRA9-EDaD9esrcUrKaw",
            "name": "email",
            "type": null,
            "modifiers": [],
            "position": {}
          },
          "position": {}
        }
      }
    },
    "fields_to_fields_data_clump-./PersonaOld-_BMddwAwQEDaLa8tUgTcJZw-_UESvcA9-EDaD9esrcUrKaw-nombrefechaNacimientogeneroemail": {
      "type": "data_clump",
      "key": "fields_to_fields_data_clump-./PersonaOld-_BMddwAwQEDaLa8tUgTcJZw-_UESvcA9-EDaD9esrcUrKaw-nombrefechaNacimientogeneroemail",
      "probability": 1,
      "from_file_path": "./PersonaOld",
      "from_class_or_interface_name": "PersonaOld",
      "from_class_or_interface_key": "_BMddwAwQEDaLa8tUgTcJZw",
      "from_method_name": null,
      "from_method_key": null,
      "to_file_path": "./Persona",
      "to_class_or_interface_key": "_UESvcA9-EDaD9esrcUrKaw",
      "to_class_or_interface_name": "PersonaOld",
      "to_method_key": null,
      "to_method_name": null,
      "data_clump_type": "fields_to_fields_data_clump",
      "data_clump_data": {
        "_ilgtIQwQEDaLa8tUgTcJZw": {
          "key": "_ilgtIQwQEDaLa8tUgTcJZw",
          "name": "nombre",
          "type": null,
          "probability": 1,
          "modifiers": [
            "private"
          ],
          "to_variable": {
            "key": "_UESvcQ9-EDaD9esrcUrKaw",
            "name": "nombre",
            "type": null,
            "modifiers": [
              "private"
            ],
            "position": {}
          },
          "position": {}
        },
        "_ksK3oAwQEDaLa8tUgTcJZw": {
          "key": "_ksK3oAwQEDaLa8tUgTcJZw",
          "name": "fechaNacimiento",
          "type": null,
          "probability": 1,
          "modifiers": [],
          "to_variable": {
            "key": "_UESvcg9-EDaD9esrcUrKaw",
            "name": "fechaNacimiento",
            "type": null,
            "modifiers": [],
            "position": {}
          },
          "position": {}
        },
        "_owEK4AwQEDaLa8tUgTcJZw": {
          "key": "_owEK4AwQEDaLa8tUgTcJZw",
          "name": "genero",
          "type": null,
          "probability": 1,
          "modifiers": [],
          "to_variable": {
            "key": "_UETWgA9-EDaD9esrcUrKaw",
            "name": "genero",
            "type": null,
            "modifiers": [],
            "position": {}
          },
          "position": {}
        },
        "_r0iBcAwQEDaLa8tUgTcJZw": {
          "key": "_r0iBcAwQEDaLa8tUgTcJZw",
          "name": "email",
          "type": null,
          "probability": 1,
          "modifiers": [],
          "to_variable": {
            "key": "_UETWgQ9-EDaD9esrcUrKaw",
            "name": "email",
            "type": null,
            "modifiers": [],
            "position": {}
          },
          "position": {}
        }
      }
    },
    "fields_to_fields_data_clump-./PersonaOld-_BMddwAwQEDaLa8tUgTcJZw-_zR0-8Q99EDaD9esrcUrKaw-nombrefechaNacimientogeneroemail": {
      "type": "data_clump",
      "key": "fields_to_fields_data_clump-./PersonaOld-_BMddwAwQEDaLa8tUgTcJZw-_zR0-8Q99EDaD9esrcUrKaw-nombrefechaNacimientogeneroemail",
      "probability": 1,
      "from_file_path": "./PersonaOld",
      "from_class_or_interface_name": "PersonaOld",
      "from_class_or_interface_key": "_BMddwAwQEDaLa8tUgTcJZw",
      "from_method_name": null,
      "from_method_key": null,
      "to_file_path": "./Persona_2",
      "to_class_or_interface_key": "_zR0-8Q99EDaD9esrcUrKaw",
      "to_class_or_interface_name": "PersonaOld",
      "to_method_key": null,
      "to_method_name": null,
      "data_clump_type": "fields_to_fields_data_clump",
      "data_clump_data": {
        "_ilgtIQwQEDaLa8tUgTcJZw": {
          "key": "_ilgtIQwQEDaLa8tUgTcJZw",
          "name": "nombre",
          "type": null,
          "probability": 1,
          "modifiers": [
            "private"
          ],
          "to_variable": {
            "key": "_zR0-8g99EDaD9esrcUrKaw",
            "name": "nombre",
            "type": null,
            "modifiers": [
              "private"
            ],
            "position": {}
          },
          "position": {}
        },
        "_ksK3oAwQEDaLa8tUgTcJZw": {
          "key": "_ksK3oAwQEDaLa8tUgTcJZw",
          "name": "fechaNacimiento",
          "type": null,
          "probability": 1,
          "modifiers": [],
          "to_variable": {
            "key": "_zR0-8w99EDaD9esrcUrKaw",
            "name": "fechaNacimiento",
            "type": null,
            "modifiers": [],
            "position": {}
          },
          "position": {}
        },
        "_owEK4AwQEDaLa8tUgTcJZw": {
          "key": "_owEK4AwQEDaLa8tUgTcJZw",
          "name": "genero",
          "type": null,
          "probability": 1,
          "modifiers": [],
          "to_variable": {
            "key": "_zR0-9A99EDaD9esrcUrKaw",
            "name": "genero",
            "type": null,
            "modifiers": [],
            "position": {}
          },
          "position": {}
        },
        "_r0iBcAwQEDaLa8tUgTcJZw": {
          "key": "_r0iBcAwQEDaLa8tUgTcJZw",
          "name": "email",
          "type": null,
          "probability": 1,
          "modifiers": [],
          "to_variable": {
            "key": "_zR0-9Q99EDaD9esrcUrKaw",
            "name": "email",
            "type": null,
            "modifiers": [],
            "position": {}
          },
          "position": {}
        }
      }
    },
    "fields_to_fields_data_clump-./Persona_2-_zR0-8Q99EDaD9esrcUrKaw-_sxEyQA9-EDaD9esrcUrKaw-nombrefechaNacimientogeneroemail": {
      "type": "data_clump",
      "key": "fields_to_fields_data_clump-./Persona_2-_zR0-8Q99EDaD9esrcUrKaw-_sxEyQA9-EDaD9esrcUrKaw-nombrefechaNacimientogeneroemail",
      "probability": 1,
      "from_file_path": "./Persona_2",
      "from_class_or_interface_name": "Persona_2",
      "from_class_or_interface_key": "_zR0-8Q99EDaD9esrcUrKaw",
      "from_method_name": null,
      "from_method_key": null,
      "to_file_path": "./JFrame(Marco)",
      "to_class_or_interface_key": "_sxEyQA9-EDaD9esrcUrKaw",
      "to_class_or_interface_name": "Persona_2",
      "to_method_key": null,
      "to_method_name": null,
      "data_clump_type": "fields_to_fields_data_clump",
      "data_clump_data": {
        "_zR0-8g99EDaD9esrcUrKaw": {
          "key": "_zR0-8g99EDaD9esrcUrKaw",
          "name": "nombre",
          "type": null,
          "probability": 1,
          "modifiers": [
            "private"
          ],
          "to_variable": {
            "key": "_sxEyQQ9-EDaD9esrcUrKaw",
            "name": "nombre",
            "type": null,
            "modifiers": [
              "private"
            ],
            "position": {}
          },
          "position": {}
        },
        "_zR0-8w99EDaD9esrcUrKaw": {
          "key": "_zR0-8w99EDaD9esrcUrKaw",
          "name": "fechaNacimiento",
          "type": null,
          "probability": 1,
          "modifiers": [],
          "to_variable": {
            "key": "_sxEyQg9-EDaD9esrcUrKaw",
            "name": "fechaNacimiento",
            "type": null,
            "modifiers": [],
            "position": {}
          },
          "position": {}
        },
        "_zR0-9A99EDaD9esrcUrKaw": {
          "key": "_zR0-9A99EDaD9esrcUrKaw",
          "name": "genero",
          "type": null,
          "probability": 1,
          "modifiers": [],
          "to_variable": {
            "key": "_sxEyQw9-EDaD9esrcUrKaw",
            "name": "genero",
            "type": null,
            "modifiers": [],
            "position": {}
          },
          "position": {}
        },
        "_zR0-9Q99EDaD9esrcUrKaw": {
          "key": "_zR0-9Q99EDaD9esrcUrKaw",
          "name": "email",
          "type": null,
          "probability": 1,
          "modifiers": [],
          "to_variable": {
            "key": "_sxEyRA9-EDaD9esrcUrKaw",
            "name": "email",
            "type": null,
            "modifiers": [],
            "position": {}
          },
          "position": {}
        }
      }
    },
    "fields_to_fields_data_clump-./Persona_2-_zR0-8Q99EDaD9esrcUrKaw-_UESvcA9-EDaD9esrcUrKaw-nombrefechaNacimientogeneroemail": {
      "type": "data_clump",
      "key": "fields_to_fields_data_clump-./Persona_2-_zR0-8Q99EDaD9esrcUrKaw-_UESvcA9-EDaD9esrcUrKaw-nombrefechaNacimientogeneroemail",
      "probability": 1,
      "from_file_path": "./Persona_2",
      "from_class_or_interface_name": "Persona_2",
      "from_class_or_interface_key": "_zR0-8Q99EDaD9esrcUrKaw",
      "from_method_name": null,
      "from_method_key": null,
      "to_file_path": "./Persona",
      "to_class_or_interface_key": "_UESvcA9-EDaD9esrcUrKaw",
      "to_class_or_interface_name": "Persona_2",
      "to_method_key": null,
      "to_method_name": null,
      "data_clump_type": "fields_to_fields_data_clump",
      "data_clump_data": {
        "_zR0-8g99EDaD9esrcUrKaw": {
          "key": "_zR0-8g99EDaD9esrcUrKaw",
          "name": "nombre",
          "type": null,
          "probability": 1,
          "modifiers": [
            "private"
          ],
          "to_variable": {
            "key": "_UESvcQ9-EDaD9esrcUrKaw",
            "name": "nombre",
            "type": null,
            "modifiers": [
              "private"
            ],
            "position": {}
          },
          "position": {}
        },
        "_zR0-8w99EDaD9esrcUrKaw": {
          "key": "_zR0-8w99EDaD9esrcUrKaw",
          "name": "fechaNacimiento",
          "type": null,
          "probability": 1,
          "modifiers": [],
          "to_variable": {
            "key": "_UESvcg9-EDaD9esrcUrKaw",
            "name": "fechaNacimiento",
            "type": null,
            "modifiers": [],
            "position": {}
          },
          "position": {}
        },
        "_zR0-9A99EDaD9esrcUrKaw": {
          "key": "_zR0-9A99EDaD9esrcUrKaw",
          "name": "genero",
          "type": null,
          "probability": 1,
          "modifiers": [],
          "to_variable": {
            "key": "_UETWgA9-EDaD9esrcUrKaw",
            "name": "genero",
            "type": null,
            "modifiers": [],
            "position": {}
          },
          "position": {}
        },
        "_zR0-9Q99EDaD9esrcUrKaw": {
          "key": "_zR0-9Q99EDaD9esrcUrKaw",
          "name": "email",
          "type": null,
          "probability": 1,
          "modifiers": [],
          "to_variable": {
            "key": "_UETWgQ9-EDaD9esrcUrKaw",
            "name": "email",
            "type": null,
            "modifiers": [],
            "position": {}
          },
          "position": {}
        }
      }
    },
    "fields_to_fields_data_clump-./Persona_2-_zR0-8Q99EDaD9esrcUrKaw-_BMddwAwQEDaLa8tUgTcJZw-nombrefechaNacimientogeneroemail": {
      "type": "data_clump",
      "key": "fields_to_fields_data_clump-./Persona_2-_zR0-8Q99EDaD9esrcUrKaw-_BMddwAwQEDaLa8tUgTcJZw-nombrefechaNacimientogeneroemail",
      "probability": 1,
      "from_file_path": "./Persona_2",
      "from_class_or_interface_name": "Persona_2",
      "from_class_or_interface_key": "_zR0-8Q99EDaD9esrcUrKaw",
      "from_method_name": null,
      "from_method_key": null,
      "to_file_path": "./PersonaOld",
      "to_class_or_interface_key": "_BMddwAwQEDaLa8tUgTcJZw",
      "to_class_or_interface_name": "Persona_2",
      "to_method_key": null,
      "to_method_name": null,
      "data_clump_type": "fields_to_fields_data_clump",
      "data_clump_data": {
        "_zR0-8g99EDaD9esrcUrKaw": {
          "key": "_zR0-8g99EDaD9esrcUrKaw",
          "name": "nombre",
          "type": null,
          "probability": 1,
          "modifiers": [
            "private"
          ],
          "to_variable": {
            "key": "_ilgtIQwQEDaLa8tUgTcJZw",
            "name": "nombre",
            "type": null,
            "modifiers": [
              "private"
            ],
            "position": {}
          },
          "position": {}
        },
        "_zR0-8w99EDaD9esrcUrKaw": {
          "key": "_zR0-8w99EDaD9esrcUrKaw",
          "name": "fechaNacimiento",
          "type": null,
          "probability": 1,
          "modifiers": [],
          "to_variable": {
            "key": "_ksK3oAwQEDaLa8tUgTcJZw",
            "name": "fechaNacimiento",
            "type": null,
            "modifiers": [],
            "position": {}
          },
          "position": {}
        },
        "_zR0-9A99EDaD9esrcUrKaw": {
          "key": "_zR0-9A99EDaD9esrcUrKaw",
          "name": "genero",
          "type": null,
          "probability": 1,
          "modifiers": [],
          "to_variable": {
            "key": "_owEK4AwQEDaLa8tUgTcJZw",
            "name": "genero",
            "type": null,
            "modifiers": [],
            "position": {}
          },
          "position": {}
        },
        "_zR0-9Q99EDaD9esrcUrKaw": {
          "key": "_zR0-9Q99EDaD9esrcUrKaw",
          "name": "email",
          "type": null,
          "probability": 1,
          "modifiers": [],
          "to_variable": {
            "key": "_r0iBcAwQEDaLa8tUgTcJZw",
            "name": "email",
            "type": null,
            "modifiers": [],
            "position": {}
          },
          "position": {}
        }
      }
    }
  }
}