{
  "report_version": "unknown",
  "report_timestamp": "2025-03-26T22:11:59.657Z",
  "target_language": "java",
  "report_summary": {
    "additional": null,
    "amount_classes_or_interfaces_with_data_clumps": 2,
    "amount_files_with_data_clumps": 2,
    "amount_methods_with_data_clumps": 0,
    "fields_to_fields_data_clump": 2,
    "parameters_to_fields_data_clump": 0,
    "parameters_to_parameters_data_clump": 0,
    "amount_data_clumps": 2
  },
  "project_info": {
    "project_url": "unknown_project_url",
    "project_name": "_J7ddIC3hEeiH4-FjHpTbtQ",
    "project_version": "unknown_project_version",
    "project_commit_hash": "unknown",
    "project_tag": null,
    "project_commit_date": null,
    "additional": {},
    "number_of_files": 10,
    "number_of_classes_or_interfaces": 10,
    "number_of_methods": 0,
    "number_of_data_fields": 50,
    "number_of_method_parameters": 0
  },
  "detector": {
    "name": "data-clumps-doctor",
    "url": "https://github.com/NilsBaumgartner1994/data-clumps-doctor",
    "version": "0.1.100",
    "options": {
      "typeVariablesConsidered": false,
      "similarityModifierOfVariablesWithUnknownType": 0,
      "fieldsOfClassesWithUnknownHierarchyProbabilityModifier": 0,
      "sharedFieldsToFieldsAmountMinimum": 3,
      "analyseFieldsInClassesOrInterfacesInheritedFromSuperClassesOrInterfaces": false,
      "sharedParametersToParametersAmountMinimum": 3,
      "sharedParametersToFieldsAmountMinimum": 3,
      "methodsOfClassesOrInterfacesWithUnknownHierarchyProbabilityModifier": 0
    }
  },
  "data_clumps": {
    "fields_to_fields_data_clump-./Coach-_Vm-xURAaEDaXIqyt-oB5NA-_4CinkBAPEDaXIqyt-oB5NA-FirstNameLastNameDateOfBirth": {
      "type": "data_clump",
      "key": "fields_to_fields_data_clump-./Coach-_Vm-xURAaEDaXIqyt-oB5NA-_4CinkBAPEDaXIqyt-oB5NA-FirstNameLastNameDateOfBirth",
      "probability": 1,
      "from_file_path": "./Coach",
      "from_class_or_interface_name": "Coach",
      "from_class_or_interface_key": "_Vm-xURAaEDaXIqyt-oB5NA",
      "from_method_name": null,
      "from_method_key": null,
      "to_file_path": "./Player",
      "to_class_or_interface_key": "_4CinkBAPEDaXIqyt-oB5NA",
      "to_class_or_interface_name": "Coach",
      "to_method_key": null,
      "to_method_name": null,
      "data_clump_type": "fields_to_fields_data_clump",
      "data_clump_data": {
        "_Y-yaoRAaEDaXIqyt-oB5NA": {
          "key": "_Y-yaoRAaEDaXIqyt-oB5NA",
          "name": "FirstName",
          "type": null,
          "probability": 1,
          "modifiers": [
            "private"
          ],
          "to_variable": {
            "key": "_AZmZIBAQEDaXIqyt-oB5NA",
            "name": "FirstName",
            "type": null,
            "modifiers": [
              "private"
            ],
            "position": {}
          },
          "position": {}
        },
        "_aeujYRAaEDaXIqyt-oB5NA": {
          "key": "_aeujYRAaEDaXIqyt-oB5NA",
          "name": "LastName",
          "type": null,
          "probability": 1,
          "modifiers": [
            "private"
          ],
          "to_variable": {
            "key": "_FsOwYBAQEDaXIqyt-oB5NA",
            "name": "LastName",
            "type": null,
            "modifiers": [
              "private"
            ],
            "position": {}
          },
          "position": {}
        },
        "_cBPfABAaEDaXIqyt-oB5NA": {
          "key": "_cBPfABAaEDaXIqyt-oB5NA",
          "name": "DateOfBirth",
          "type": null,
          "probability": 1,
          "modifiers": [
            "private"
          ],
          "to_variable": {
            "key": "_R7kbEBAQEDaXIqyt-oB5NA",
            "name": "DateOfBirth",
            "type": null,
            "modifiers": [
              "private"
            ],
            "position": {}
          },
          "position": {}
        }
      }
    },
    "fields_to_fields_data_clump-./Player-_4CinkBAPEDaXIqyt-oB5NA-_Vm-xURAaEDaXIqyt-oB5NA-FirstNameLastNameDateOfBirth": {
      "type": "data_clump",
      "key": "fields_to_fields_data_clump-./Player-_4CinkBAPEDaXIqyt-oB5NA-_Vm-xURAaEDaXIqyt-oB5NA-FirstNameLastNameDateOfBirth",
      "probability": 1,
      "from_file_path": "./Player",
      "from_class_or_interface_name": "Player",
      "from_class_or_interface_key": "_4CinkBAPEDaXIqyt-oB5NA",
      "from_method_name": null,
      "from_method_key": null,
      "to_file_path": "./Coach",
      "to_class_or_interface_key": "_Vm-xURAaEDaXIqyt-oB5NA",
      "to_class_or_interface_name": "Player",
      "to_method_key": null,
      "to_method_name": null,
      "data_clump_type": "fields_to_fields_data_clump",
      "data_clump_data": {
        "_AZmZIBAQEDaXIqyt-oB5NA": {
          "key": "_AZmZIBAQEDaXIqyt-oB5NA",
          "name": "FirstName",
          "type": null,
          "probability": 1,
          "modifiers": [
            "private"
          ],
          "to_variable": {
            "key": "_Y-yaoRAaEDaXIqyt-oB5NA",
            "name": "FirstName",
            "type": null,
            "modifiers": [
              "private"
            ],
            "position": {}
          },
          "position": {}
        },
        "_FsOwYBAQEDaXIqyt-oB5NA": {
          "key": "_FsOwYBAQEDaXIqyt-oB5NA",
          "name": "LastName",
          "type": null,
          "probability": 1,
          "modifiers": [
            "private"
          ],
          "to_variable": {
            "key": "_aeujYRAaEDaXIqyt-oB5NA",
            "name": "LastName",
            "type": null,
            "modifiers": [
              "private"
            ],
            "position": {}
          },
          "position": {}
        },
        "_R7kbEBAQEDaXIqyt-oB5NA": {
          "key": "_R7kbEBAQEDaXIqyt-oB5NA",
          "name": "DateOfBirth",
          "type": null,
          "probability": 1,
          "modifiers": [
            "private"
          ],
          "to_variable": {
            "key": "_cBPfABAaEDaXIqyt-oB5NA",
            "name": "DateOfBirth",
            "type": null,
            "modifiers": [
              "private"
            ],
            "position": {}
          },
          "position": {}
        }
      }
    }
  }
}