{
  "report_version": "unknown",
  "report_timestamp": "2025-03-26T21:40:58.166Z",
  "target_language": "java",
  "report_summary": {
    "additional": null,
    "amount_classes_or_interfaces_with_data_clumps": 2,
    "amount_files_with_data_clumps": 2,
    "amount_methods_with_data_clumps": 0,
    "fields_to_fields_data_clump": 2,
    "parameters_to_fields_data_clump": 0,
    "parameters_to_parameters_data_clump": 0,
    "amount_data_clumps": 2
  },
  "project_info": {
    "project_url": "unknown_project_url",
    "project_name": "_OpwPMAbrEeyj5cUC8m1erQ",
    "project_version": "unknown_project_version",
    "project_commit_hash": "unknown",
    "project_tag": null,
    "project_commit_date": null,
    "additional": {},
    "number_of_files": 5,
    "number_of_classes_or_interfaces": 5,
    "number_of_methods": 0,
    "number_of_data_fields": 19,
    "number_of_method_parameters": 0
  },
  "detector": {
    "name": "data-clumps-doctor",
    "url": "https://github.com/NilsBaumgartner1994/data-clumps-doctor",
    "version": "0.1.100",
    "options": {
      "typeVariablesConsidered": false,
      "similarityModifierOfVariablesWithUnknownType": 0,
      "fieldsOfClassesWithUnknownHierarchyProbabilityModifier": 0,
      "sharedFieldsToFieldsAmountMinimum": 3,
      "analyseFieldsInClassesOrInterfacesInheritedFromSuperClassesOrInterfaces": false,
      "sharedParametersToParametersAmountMinimum": 3,
      "sharedParametersToFieldsAmountMinimum": 3,
      "methodsOfClassesOrInterfacesWithUnknownHierarchyProbabilityModifier": 0
    }
  },
  "data_clumps": {
    "fields_to_fields_data_clump-./Comentario-_MjuOIOkbEDm5ENojGfWyyw-_LkPuIOkbEDm5ENojGfWyyw-tipoElementoidElementousuario": {
      "type": "data_clump",
      "key": "fields_to_fields_data_clump-./Comentario-_MjuOIOkbEDm5ENojGfWyyw-_LkPuIOkbEDm5ENojGfWyyw-tipoElementoidElementousuario",
      "probability": 1,
      "from_file_path": "./Comentario",
      "from_class_or_interface_name": "Comentario",
      "from_class_or_interface_key": "_MjuOIOkbEDm5ENojGfWyyw",
      "from_method_name": null,
      "from_method_key": null,
      "to_file_path": "./Notificacion",
      "to_class_or_interface_key": "_LkPuIOkbEDm5ENojGfWyyw",
      "to_class_or_interface_name": "Comentario",
      "to_method_key": null,
      "to_method_name": null,
      "data_clump_type": "fields_to_fields_data_clump",
      "data_clump_data": {
        "_tKhhMekbEDm5ENojGfWyyw": {
          "key": "_tKhhMekbEDm5ENojGfWyyw",
          "name": "tipoElemento",
          "type": null,
          "probability": 1,
          "modifiers": [
            "private"
          ],
          "to_variable": {
            "key": "_THyioOkcEDm5ENojGfWyyw",
            "name": "tipoElemento",
            "type": null,
            "modifiers": [
              "private"
            ],
            "position": {}
          },
          "position": {}
        },
        "_zR5vIekbEDm5ENojGfWyyw": {
          "key": "_zR5vIekbEDm5ENojGfWyyw",
          "name": "idElemento",
          "type": null,
          "probability": 1,
          "modifiers": [
            "private"
          ],
          "to_variable": {
            "key": "_VAyroekcEDm5ENojGfWyyw",
            "name": "idElemento",
            "type": null,
            "modifiers": [
              "private"
            ],
            "position": {}
          },
          "position": {}
        },
        "_83SVAekbEDm5ENojGfWyyw": {
          "key": "_83SVAekbEDm5ENojGfWyyw",
          "name": "usuario",
          "type": null,
          "probability": 1,
          "modifiers": [
            "private"
          ],
          "to_variable": {
            "key": "_aaukwekcEDm5ENojGfWyyw",
            "name": "usuario",
            "type": null,
            "modifiers": [
              "private"
            ],
            "position": {}
          },
          "position": {}
        }
      }
    },
    "fields_to_fields_data_clump-./Notificacion-_LkPuIOkbEDm5ENojGfWyyw-_MjuOIOkbEDm5ENojGfWyyw-tipoElementoidElementousuario": {
      "type": "data_clump",
      "key": "fields_to_fields_data_clump-./Notificacion-_LkPuIOkbEDm5ENojGfWyyw-_MjuOIOkbEDm5ENojGfWyyw-tipoElementoidElementousuario",
      "probability": 1,
      "from_file_path": "./Notificacion",
      "from_class_or_interface_name": "Notificacion",
      "from_class_or_interface_key": "_LkPuIOkbEDm5ENojGfWyyw",
      "from_method_name": null,
      "from_method_key": null,
      "to_file_path": "./Comentario",
      "to_class_or_interface_key": "_MjuOIOkbEDm5ENojGfWyyw",
      "to_class_or_interface_name": "Notificacion",
      "to_method_key": null,
      "to_method_name": null,
      "data_clump_type": "fields_to_fields_data_clump",
      "data_clump_data": {
        "_THyioOkcEDm5ENojGfWyyw": {
          "key": "_THyioOkcEDm5ENojGfWyyw",
          "name": "tipoElemento",
          "type": null,
          "probability": 1,
          "modifiers": [
            "private"
          ],
          "to_variable": {
            "key": "_tKhhMekbEDm5ENojGfWyyw",
            "name": "tipoElemento",
            "type": null,
            "modifiers": [
              "private"
            ],
            "position": {}
          },
          "position": {}
        },
        "_VAyroekcEDm5ENojGfWyyw": {
          "key": "_VAyroekcEDm5ENojGfWyyw",
          "name": "idElemento",
          "type": null,
          "probability": 1,
          "modifiers": [
            "private"
          ],
          "to_variable": {
            "key": "_zR5vIekbEDm5ENojGfWyyw",
            "name": "idElemento",
            "type": null,
            "modifiers": [
              "private"
            ],
            "position": {}
          },
          "position": {}
        },
        "_aaukwekcEDm5ENojGfWyyw": {
          "key": "_aaukwekcEDm5ENojGfWyyw",
          "name": "usuario",
          "type": null,
          "probability": 1,
          "modifiers": [
            "private"
          ],
          "to_variable": {
            "key": "_83SVAekbEDm5ENojGfWyyw",
            "name": "usuario",
            "type": null,
            "modifiers": [
              "private"
            ],
            "position": {}
          },
          "position": {}
        }
      }
    }
  }
}