{
  "report_version": "unknown",
  "report_timestamp": "2025-03-26T22:43:55.460Z",
  "target_language": "java",
  "report_summary": {
    "additional": null,
    "amount_classes_or_interfaces_with_data_clumps": 4,
    "amount_files_with_data_clumps": 4,
    "amount_methods_with_data_clumps": 0,
    "fields_to_fields_data_clump": 4,
    "parameters_to_fields_data_clump": 0,
    "parameters_to_parameters_data_clump": 0,
    "amount_data_clumps": 4
  },
  "project_info": {
    "project_url": "unknown_project_url",
    "project_name": "ce645f9b-34f6-4d6c-a4ba-9d0f69f7cb6b",
    "project_version": "unknown_project_version",
    "project_commit_hash": "unknown",
    "project_tag": null,
    "project_commit_date": null,
    "additional": {},
    "number_of_files": 7,
    "number_of_classes_or_interfaces": 7,
    "number_of_methods": 21,
    "number_of_data_fields": 24,
    "number_of_method_parameters": 0
  },
  "detector": {
    "name": "data-clumps-doctor",
    "url": "https://github.com/NilsBaumgartner1994/data-clumps-doctor",
    "version": "0.1.100",
    "options": {
      "typeVariablesConsidered": false,
      "similarityModifierOfVariablesWithUnknownType": 0,
      "fieldsOfClassesWithUnknownHierarchyProbabilityModifier": 0,
      "sharedFieldsToFieldsAmountMinimum": 3,
      "analyseFieldsInClassesOrInterfacesInheritedFromSuperClassesOrInterfaces": false,
      "sharedParametersToParametersAmountMinimum": 3,
      "sharedParametersToFieldsAmountMinimum": 3,
      "methodsOfClassesOrInterfacesWithUnknownHierarchyProbabilityModifier": 0
    }
  },
  "data_clumps": {
    "fields_to_fields_data_clump-./DataSourceFactory-_vvvrULz-EDSk2p5GHu6sJQ-_d-j68Lz5EDSk2p5GHu6sJQ-urlusernamepassword": {
      "type": "data_clump",
      "key": "fields_to_fields_data_clump-./DataSourceFactory-_vvvrULz-EDSk2p5GHu6sJQ-_d-j68Lz5EDSk2p5GHu6sJQ-urlusernamepassword",
      "probability": 1,
      "from_file_path": "./DataSourceFactory",
      "from_class_or_interface_name": "DataSourceFactory",
      "from_class_or_interface_key": "_vvvrULz-EDSk2p5GHu6sJQ",
      "from_method_name": null,
      "from_method_key": null,
      "to_file_path": "./DatabaseConnection",
      "to_class_or_interface_key": "_d-j68Lz5EDSk2p5GHu6sJQ",
      "to_class_or_interface_name": "DataSourceFactory",
      "to_method_key": null,
      "to_method_name": null,
      "data_clump_type": "fields_to_fields_data_clump",
      "data_clump_data": {
        "_AKV1gLz_EDSk2p5GHu6sJQ": {
          "key": "_AKV1gLz_EDSk2p5GHu6sJQ",
          "name": "url",
          "type": null,
          "probability": 1,
          "modifiers": [
            "private"
          ],
          "to_variable": {
            "key": "_oA90ALz5EDSk2p5GHu6sJQ",
            "name": "url",
            "type": null,
            "modifiers": [
              "private"
            ],
            "position": {}
          },
          "position": {}
        },
        "_DxwBELz_EDSk2p5GHu6sJQ": {
          "key": "_DxwBELz_EDSk2p5GHu6sJQ",
          "name": "username",
          "type": null,
          "probability": 1,
          "modifiers": [
            "private"
          ],
          "to_variable": {
            "key": "_r_kXkLz5EDSk2p5GHu6sJQ",
            "name": "username",
            "type": null,
            "modifiers": [
              "private"
            ],
            "position": {}
          },
          "position": {}
        },
        "_FXeBsLz_EDSk2p5GHu6sJQ": {
          "key": "_FXeBsLz_EDSk2p5GHu6sJQ",
          "name": "password",
          "type": null,
          "probability": 1,
          "modifiers": [
            "private"
          ],
          "to_variable": {
            "key": "_uUiq4Lz5EDSk2p5GHu6sJQ",
            "name": "password",
            "type": null,
            "modifiers": [
              "private"
            ],
            "position": {}
          },
          "position": {}
        }
      }
    },
    "fields_to_fields_data_clump-./DatabaseConnection-_d-j68Lz5EDSk2p5GHu6sJQ-_vvvrULz-EDSk2p5GHu6sJQ-urlusernamepassword": {
      "type": "data_clump",
      "key": "fields_to_fields_data_clump-./DatabaseConnection-_d-j68Lz5EDSk2p5GHu6sJQ-_vvvrULz-EDSk2p5GHu6sJQ-urlusernamepassword",
      "probability": 1,
      "from_file_path": "./DatabaseConnection",
      "from_class_or_interface_name": "DatabaseConnection",
      "from_class_or_interface_key": "_d-j68Lz5EDSk2p5GHu6sJQ",
      "from_method_name": null,
      "from_method_key": null,
      "to_file_path": "./DataSourceFactory",
      "to_class_or_interface_key": "_vvvrULz-EDSk2p5GHu6sJQ",
      "to_class_or_interface_name": "DatabaseConnection",
      "to_method_key": null,
      "to_method_name": null,
      "data_clump_type": "fields_to_fields_data_clump",
      "data_clump_data": {
        "_oA90ALz5EDSk2p5GHu6sJQ": {
          "key": "_oA90ALz5EDSk2p5GHu6sJQ",
          "name": "url",
          "type": null,
          "probability": 1,
          "modifiers": [
            "private"
          ],
          "to_variable": {
            "key": "_AKV1gLz_EDSk2p5GHu6sJQ",
            "name": "url",
            "type": null,
            "modifiers": [
              "private"
            ],
            "position": {}
          },
          "position": {}
        },
        "_r_kXkLz5EDSk2p5GHu6sJQ": {
          "key": "_r_kXkLz5EDSk2p5GHu6sJQ",
          "name": "username",
          "type": null,
          "probability": 1,
          "modifiers": [
            "private"
          ],
          "to_variable": {
            "key": "_DxwBELz_EDSk2p5GHu6sJQ",
            "name": "username",
            "type": null,
            "modifiers": [
              "private"
            ],
            "position": {}
          },
          "position": {}
        },
        "_uUiq4Lz5EDSk2p5GHu6sJQ": {
          "key": "_uUiq4Lz5EDSk2p5GHu6sJQ",
          "name": "password",
          "type": null,
          "probability": 1,
          "modifiers": [
            "private"
          ],
          "to_variable": {
            "key": "_FXeBsLz_EDSk2p5GHu6sJQ",
            "name": "password",
            "type": null,
            "modifiers": [
              "private"
            ],
            "position": {}
          },
          "position": {}
        }
      }
    },
    "fields_to_fields_data_clump-./H2DBConnection-_SgfYULz9EDSk2p5GHu6sJQ-_V6Bx4Lz7EDSk2p5GHu6sJQ-latencySimulationModeEnabledsimulationLatencyInMslogQueryModeEnabledqueryLogMaxSizequeryLog": {
      "type": "data_clump",
      "key": "fields_to_fields_data_clump-./H2DBConnection-_SgfYULz9EDSk2p5GHu6sJQ-_V6Bx4Lz7EDSk2p5GHu6sJQ-latencySimulationModeEnabledsimulationLatencyInMslogQueryModeEnabledqueryLogMaxSizequeryLog",
      "probability": 1,
      "from_file_path": "./H2DBConnection",
      "from_class_or_interface_name": "H2DBConnection",
      "from_class_or_interface_key": "_SgfYULz9EDSk2p5GHu6sJQ",
      "from_method_name": null,
      "from_method_key": null,
      "to_file_path": "./SQLServerConnection",
      "to_class_or_interface_key": "_V6Bx4Lz7EDSk2p5GHu6sJQ",
      "to_class_or_interface_name": "H2DBConnection",
      "to_method_key": null,
      "to_method_name": null,
      "data_clump_type": "fields_to_fields_data_clump",
      "data_clump_data": {
        "_ZXH48Lz9EDSk2p5GHu6sJQ": {
          "key": "_ZXH48Lz9EDSk2p5GHu6sJQ",
          "name": "latencySimulationModeEnabled",
          "type": null,
          "probability": 1,
          "modifiers": [
            "private"
          ],
          "to_variable": {
            "key": "_npD_cLz7EDSk2p5GHu6sJQ",
            "name": "latencySimulationModeEnabled",
            "type": null,
            "modifiers": [
              "private"
            ],
            "position": {}
          },
          "position": {}
        },
        "_bDYmcLz9EDSk2p5GHu6sJQ": {
          "key": "_bDYmcLz9EDSk2p5GHu6sJQ",
          "name": "simulationLatencyInMs",
          "type": null,
          "probability": 1,
          "modifiers": [
            "private"
          ],
          "to_variable": {
            "key": "_ykS98Lz7EDSk2p5GHu6sJQ",
            "name": "simulationLatencyInMs",
            "type": null,
            "modifiers": [
              "private"
            ],
            "position": {}
          },
          "position": {}
        },
        "_dP_A4Lz9EDSk2p5GHu6sJQ": {
          "key": "_dP_A4Lz9EDSk2p5GHu6sJQ",
          "name": "logQueryModeEnabled",
          "type": null,
          "probability": 1,
          "modifiers": [
            "private"
          ],
          "to_variable": {
            "key": "_7ucZULz7EDSk2p5GHu6sJQ",
            "name": "logQueryModeEnabled",
            "type": null,
            "modifiers": [
              "private"
            ],
            "position": {}
          },
          "position": {}
        },
        "_fGAHULz9EDSk2p5GHu6sJQ": {
          "key": "_fGAHULz9EDSk2p5GHu6sJQ",
          "name": "queryLogMaxSize",
          "type": null,
          "probability": 1,
          "modifiers": [
            "private"
          ],
          "to_variable": {
            "key": "_B-YtYLz8EDSk2p5GHu6sJQ",
            "name": "queryLogMaxSize",
            "type": null,
            "modifiers": [
              "private"
            ],
            "position": {}
          },
          "position": {}
        },
        "_jJo74Lz9EDSk2p5GHu6sJQ": {
          "key": "_jJo74Lz9EDSk2p5GHu6sJQ",
          "name": "queryLog",
          "type": null,
          "probability": 1,
          "modifiers": [
            "private"
          ],
          "to_variable": {
            "key": "_ILMN4Lz8EDSk2p5GHu6sJQ",
            "name": "queryLog",
            "type": null,
            "modifiers": [
              "private"
            ],
            "position": {}
          },
          "position": {}
        }
      }
    },
    "fields_to_fields_data_clump-./SQLServerConnection-_V6Bx4Lz7EDSk2p5GHu6sJQ-_SgfYULz9EDSk2p5GHu6sJQ-latencySimulationModeEnabledsimulationLatencyInMslogQueryModeEnabledqueryLogMaxSizequeryLog": {
      "type": "data_clump",
      "key": "fields_to_fields_data_clump-./SQLServerConnection-_V6Bx4Lz7EDSk2p5GHu6sJQ-_SgfYULz9EDSk2p5GHu6sJQ-latencySimulationModeEnabledsimulationLatencyInMslogQueryModeEnabledqueryLogMaxSizequeryLog",
      "probability": 1,
      "from_file_path": "./SQLServerConnection",
      "from_class_or_interface_name": "SQLServerConnection",
      "from_class_or_interface_key": "_V6Bx4Lz7EDSk2p5GHu6sJQ",
      "from_method_name": null,
      "from_method_key": null,
      "to_file_path": "./H2DBConnection",
      "to_class_or_interface_key": "_SgfYULz9EDSk2p5GHu6sJQ",
      "to_class_or_interface_name": "SQLServerConnection",
      "to_method_key": null,
      "to_method_name": null,
      "data_clump_type": "fields_to_fields_data_clump",
      "data_clump_data": {
        "_npD_cLz7EDSk2p5GHu6sJQ": {
          "key": "_npD_cLz7EDSk2p5GHu6sJQ",
          "name": "latencySimulationModeEnabled",
          "type": null,
          "probability": 1,
          "modifiers": [
            "private"
          ],
          "to_variable": {
            "key": "_ZXH48Lz9EDSk2p5GHu6sJQ",
            "name": "latencySimulationModeEnabled",
            "type": null,
            "modifiers": [
              "private"
            ],
            "position": {}
          },
          "position": {}
        },
        "_ykS98Lz7EDSk2p5GHu6sJQ": {
          "key": "_ykS98Lz7EDSk2p5GHu6sJQ",
          "name": "simulationLatencyInMs",
          "type": null,
          "probability": 1,
          "modifiers": [
            "private"
          ],
          "to_variable": {
            "key": "_bDYmcLz9EDSk2p5GHu6sJQ",
            "name": "simulationLatencyInMs",
            "type": null,
            "modifiers": [
              "private"
            ],
            "position": {}
          },
          "position": {}
        },
        "_7ucZULz7EDSk2p5GHu6sJQ": {
          "key": "_7ucZULz7EDSk2p5GHu6sJQ",
          "name": "logQueryModeEnabled",
          "type": null,
          "probability": 1,
          "modifiers": [
            "private"
          ],
          "to_variable": {
            "key": "_dP_A4Lz9EDSk2p5GHu6sJQ",
            "name": "logQueryModeEnabled",
            "type": null,
            "modifiers": [
              "private"
            ],
            "position": {}
          },
          "position": {}
        },
        "_B-YtYLz8EDSk2p5GHu6sJQ": {
          "key": "_B-YtYLz8EDSk2p5GHu6sJQ",
          "name": "queryLogMaxSize",
          "type": null,
          "probability": 1,
          "modifiers": [
            "private"
          ],
          "to_variable": {
            "key": "_fGAHULz9EDSk2p5GHu6sJQ",
            "name": "queryLogMaxSize",
            "type": null,
            "modifiers": [
              "private"
            ],
            "position": {}
          },
          "position": {}
        },
        "_ILMN4Lz8EDSk2p5GHu6sJQ": {
          "key": "_ILMN4Lz8EDSk2p5GHu6sJQ",
          "name": "queryLog",
          "type": null,
          "probability": 1,
          "modifiers": [
            "private"
          ],
          "to_variable": {
            "key": "_jJo74Lz9EDSk2p5GHu6sJQ",
            "name": "queryLog",
            "type": null,
            "modifiers": [
              "private"
            ],
            "position": {}
          },
          "position": {}
        }
      }
    }
  }
}