{
  "report_version": "unknown",
  "report_timestamp": "2025-03-26T22:14:00.305Z",
  "target_language": "java",
  "report_summary": {
    "additional": null,
    "amount_classes_or_interfaces_with_data_clumps": 6,
    "amount_files_with_data_clumps": 6,
    "amount_methods_with_data_clumps": 0,
    "fields_to_fields_data_clump": 22,
    "parameters_to_fields_data_clump": 0,
    "parameters_to_parameters_data_clump": 0,
    "amount_data_clumps": 22
  },
  "project_info": {
    "project_url": "unknown_project_url",
    "project_name": "e07d5578-7bcc-4150-a3d4-1b2b7e798ab0",
    "project_version": "unknown_project_version",
    "project_commit_hash": "unknown",
    "project_tag": null,
    "project_commit_date": null,
    "additional": {},
    "number_of_files": 14,
    "number_of_classes_or_interfaces": 14,
    "number_of_methods": 0,
    "number_of_data_fields": 104,
    "number_of_method_parameters": 0
  },
  "detector": {
    "name": "data-clumps-doctor",
    "url": "https://github.com/NilsBaumgartner1994/data-clumps-doctor",
    "version": "0.1.100",
    "options": {
      "typeVariablesConsidered": false,
      "similarityModifierOfVariablesWithUnknownType": 0,
      "fieldsOfClassesWithUnknownHierarchyProbabilityModifier": 0,
      "sharedFieldsToFieldsAmountMinimum": 3,
      "analyseFieldsInClassesOrInterfacesInheritedFromSuperClassesOrInterfaces": false,
      "sharedParametersToParametersAmountMinimum": 3,
      "sharedParametersToFieldsAmountMinimum": 3,
      "methodsOfClassesOrInterfacesWithUnknownHierarchyProbabilityModifier": 0
    }
  },
  "data_clumps": {
    "fields_to_fields_data_clump-./Contact-_iiIkcCuKEDaXYanbvIClPA-_kQm4cCuKEDaXYanbvIClPA-IDnamesurnamestate": {
      "type": "data_clump",
      "key": "fields_to_fields_data_clump-./Contact-_iiIkcCuKEDaXYanbvIClPA-_kQm4cCuKEDaXYanbvIClPA-IDnamesurnamestate",
      "probability": 1,
      "from_file_path": "./Contact",
      "from_class_or_interface_name": "Contact",
      "from_class_or_interface_key": "_iiIkcCuKEDaXYanbvIClPA",
      "from_method_name": null,
      "from_method_key": null,
      "to_file_path": "./Potentialvictim",
      "to_class_or_interface_key": "_kQm4cCuKEDaXYanbvIClPA",
      "to_class_or_interface_name": "Contact",
      "to_method_key": null,
      "to_method_name": null,
      "data_clump_type": "fields_to_fields_data_clump",
      "data_clump_data": {
        "_baN9wC6DEDa0OvZYPSGtRg": {
          "key": "_baN9wC6DEDa0OvZYPSGtRg",
          "name": "ID",
          "type": null,
          "probability": 1,
          "modifiers": [
            "private"
          ],
          "to_variable": {
            "key": "_eitYsC6DEDa0OvZYPSGtRg",
            "name": "ID",
            "type": null,
            "modifiers": [
              "private"
            ],
            "position": {}
          },
          "position": {}
        },
        "_oX-8EC6AEDa0OvZYPSGtRg": {
          "key": "_oX-8EC6AEDa0OvZYPSGtRg",
          "name": "name",
          "type": null,
          "probability": 1,
          "modifiers": [
            "private"
          ],
          "to_variable": {
            "key": "_B7uBwS6REDa0OvZYPSGtRg",
            "name": "name",
            "type": null,
            "modifiers": [
              "private"
            ],
            "position": {}
          },
          "position": {}
        },
        "_oX_jIC6AEDa0OvZYPSGtRg": {
          "key": "_oX_jIC6AEDa0OvZYPSGtRg",
          "name": "surname",
          "type": null,
          "probability": 1,
          "modifiers": [
            "private"
          ],
          "to_variable": {
            "key": "_B7uBwi6REDa0OvZYPSGtRg",
            "name": "surname",
            "type": null,
            "modifiers": [
              "private"
            ],
            "position": {}
          },
          "position": {}
        },
        "_oX_jIS6AEDa0OvZYPSGtRg": {
          "key": "_oX_jIS6AEDa0OvZYPSGtRg",
          "name": "state",
          "type": null,
          "probability": 1,
          "modifiers": [
            "private"
          ],
          "to_variable": {
            "key": "__TFhsC6HEDa0OvZYPSGtRg",
            "name": "state",
            "type": null,
            "modifiers": [
              "private"
            ],
            "position": {}
          },
          "position": {}
        }
      }
    },
    "fields_to_fields_data_clump-./Contact-_iiIkcCuKEDaXYanbvIClPA-_hv4oICuKEDaXYanbvIClPA-IDnamesurname": {
      "type": "data_clump",
      "key": "fields_to_fields_data_clump-./Contact-_iiIkcCuKEDaXYanbvIClPA-_hv4oICuKEDaXYanbvIClPA-IDnamesurname",
      "probability": 1,
      "from_file_path": "./Contact",
      "from_class_or_interface_name": "Contact",
      "from_class_or_interface_key": "_iiIkcCuKEDaXYanbvIClPA",
      "from_method_name": null,
      "from_method_key": null,
      "to_file_path": "./Trader",
      "to_class_or_interface_key": "_hv4oICuKEDaXYanbvIClPA",
      "to_class_or_interface_name": "Contact",
      "to_method_key": null,
      "to_method_name": null,
      "data_clump_type": "fields_to_fields_data_clump",
      "data_clump_data": {
        "_baN9wC6DEDa0OvZYPSGtRg": {
          "key": "_baN9wC6DEDa0OvZYPSGtRg",
          "name": "ID",
          "type": null,
          "probability": 1,
          "modifiers": [
            "private"
          ],
          "to_variable": {
            "key": "_c0SIAC6DEDa0OvZYPSGtRg",
            "name": "ID",
            "type": null,
            "modifiers": [
              "private"
            ],
            "position": {}
          },
          "position": {}
        },
        "_oX-8EC6AEDa0OvZYPSGtRg": {
          "key": "_oX-8EC6AEDa0OvZYPSGtRg",
          "name": "name",
          "type": null,
          "probability": 1,
          "modifiers": [
            "private"
          ],
          "to_variable": {
            "key": "_hUnNsC6FEDa0OvZYPSGtRg",
            "name": "name",
            "type": null,
            "modifiers": [
              "private"
            ],
            "position": {}
          },
          "position": {}
        },
        "_oX_jIC6AEDa0OvZYPSGtRg": {
          "key": "_oX_jIC6AEDa0OvZYPSGtRg",
          "name": "surname",
          "type": null,
          "probability": 1,
          "modifiers": [
            "private"
          ],
          "to_variable": {
            "key": "_hUnNsS6FEDa0OvZYPSGtRg",
            "name": "surname",
            "type": null,
            "modifiers": [
              "private"
            ],
            "position": {}
          },
          "position": {}
        }
      }
    },
    "fields_to_fields_data_clump-./Contact-_iiIkcCuKEDaXYanbvIClPA-_bt864CuKEDaXYanbvIClPA-IDnamesurname": {
      "type": "data_clump",
      "key": "fields_to_fields_data_clump-./Contact-_iiIkcCuKEDaXYanbvIClPA-_bt864CuKEDaXYanbvIClPA-IDnamesurname",
      "probability": 1,
      "from_file_path": "./Contact",
      "from_class_or_interface_name": "Contact",
      "from_class_or_interface_key": "_iiIkcCuKEDaXYanbvIClPA",
      "from_method_name": null,
      "from_method_key": null,
      "to_file_path": "./User",
      "to_class_or_interface_key": "_bt864CuKEDaXYanbvIClPA",
      "to_class_or_interface_name": "Contact",
      "to_method_key": null,
      "to_method_name": null,
      "data_clump_type": "fields_to_fields_data_clump",
      "data_clump_data": {
        "_baN9wC6DEDa0OvZYPSGtRg": {
          "key": "_baN9wC6DEDa0OvZYPSGtRg",
          "name": "ID",
          "type": null,
          "probability": 1,
          "modifiers": [
            "private"
          ],
          "to_variable": {
            "key": "_aP1OQC6DEDa0OvZYPSGtRg",
            "name": "ID",
            "type": null,
            "modifiers": [
              "private"
            ],
            "position": {}
          },
          "position": {}
        },
        "_oX-8EC6AEDa0OvZYPSGtRg": {
          "key": "_oX-8EC6AEDa0OvZYPSGtRg",
          "name": "name",
          "type": null,
          "probability": 1,
          "modifiers": [
            "private"
          ],
          "to_variable": {
            "key": "_rrdqkC52EDa0OvZYPSGtRg",
            "name": "name",
            "type": null,
            "modifiers": [
              "private"
            ],
            "position": {}
          },
          "position": {}
        },
        "_oX_jIC6AEDa0OvZYPSGtRg": {
          "key": "_oX_jIC6AEDa0OvZYPSGtRg",
          "name": "surname",
          "type": null,
          "probability": 1,
          "modifiers": [
            "private"
          ],
          "to_variable": {
            "key": "_tH2wEC52EDa0OvZYPSGtRg",
            "name": "surname",
            "type": null,
            "modifiers": [
              "private"
            ],
            "position": {}
          },
          "position": {}
        }
      }
    },
    "fields_to_fields_data_clump-./Contact-_iiIkcCuKEDaXYanbvIClPA-_l0-1QCuKEDaXYanbvIClPA-IDnamesurname": {
      "type": "data_clump",
      "key": "fields_to_fields_data_clump-./Contact-_iiIkcCuKEDaXYanbvIClPA-_l0-1QCuKEDaXYanbvIClPA-IDnamesurname",
      "probability": 1,
      "from_file_path": "./Contact",
      "from_class_or_interface_name": "Contact",
      "from_class_or_interface_key": "_iiIkcCuKEDaXYanbvIClPA",
      "from_method_name": null,
      "from_method_key": null,
      "to_file_path": "./Victim",
      "to_class_or_interface_key": "_l0-1QCuKEDaXYanbvIClPA",
      "to_class_or_interface_name": "Contact",
      "to_method_key": null,
      "to_method_name": null,
      "data_clump_type": "fields_to_fields_data_clump",
      "data_clump_data": {
        "_baN9wC6DEDa0OvZYPSGtRg": {
          "key": "_baN9wC6DEDa0OvZYPSGtRg",
          "name": "ID",
          "type": null,
          "probability": 1,
          "modifiers": [
            "private"
          ],
          "to_variable": {
            "key": "_cOYloC6DEDa0OvZYPSGtRg",
            "name": "ID",
            "type": null,
            "modifiers": [
              "private"
            ],
            "position": {}
          },
          "position": {}
        },
        "_oX-8EC6AEDa0OvZYPSGtRg": {
          "key": "_oX-8EC6AEDa0OvZYPSGtRg",
          "name": "name",
          "type": null,
          "probability": 1,
          "modifiers": [
            "private"
          ],
          "to_variable": {
            "key": "_yDbI0C6PEDa0OvZYPSGtRg",
            "name": "name",
            "type": null,
            "modifiers": [
              "private"
            ],
            "position": {}
          },
          "position": {}
        },
        "_oX_jIC6AEDa0OvZYPSGtRg": {
          "key": "_oX_jIC6AEDa0OvZYPSGtRg",
          "name": "surname",
          "type": null,
          "probability": 1,
          "modifiers": [
            "private"
          ],
          "to_variable": {
            "key": "_yDbv4C6PEDa0OvZYPSGtRg",
            "name": "surname",
            "type": null,
            "modifiers": [
              "private"
            ],
            "position": {}
          },
          "position": {}
        }
      }
    },
    "fields_to_fields_data_clump-./Location-_gIHZECuKEDaXYanbvIClPA-_hv4oICuKEDaXYanbvIClPA-IDaddressnumberOfVictims": {
      "type": "data_clump",
      "key": "fields_to_fields_data_clump-./Location-_gIHZECuKEDaXYanbvIClPA-_hv4oICuKEDaXYanbvIClPA-IDaddressnumberOfVictims",
      "probability": 1,
      "from_file_path": "./Location",
      "from_class_or_interface_name": "Location",
      "from_class_or_interface_key": "_gIHZECuKEDaXYanbvIClPA",
      "from_method_name": null,
      "from_method_key": null,
      "to_file_path": "./Trader",
      "to_class_or_interface_key": "_hv4oICuKEDaXYanbvIClPA",
      "to_class_or_interface_name": "Location",
      "to_method_key": null,
      "to_method_name": null,
      "data_clump_type": "fields_to_fields_data_clump",
      "data_clump_data": {
        "_wQoWgC6EEDa0OvZYPSGtRg": {
          "key": "_wQoWgC6EEDa0OvZYPSGtRg",
          "name": "ID",
          "type": null,
          "probability": 1,
          "modifiers": [
            "private"
          ],
          "to_variable": {
            "key": "_c0SIAC6DEDa0OvZYPSGtRg",
            "name": "ID",
            "type": null,
            "modifiers": [
              "private"
            ],
            "position": {}
          },
          "position": {}
        },
        "_xPoqgC6GEDa0OvZYPSGtRg": {
          "key": "_xPoqgC6GEDa0OvZYPSGtRg",
          "name": "address",
          "type": null,
          "probability": 1,
          "modifiers": [
            "private"
          ],
          "to_variable": {
            "key": "_jJQbIC6FEDa0OvZYPSGtRg",
            "name": "address",
            "type": null,
            "modifiers": [
              "private"
            ],
            "position": {}
          },
          "position": {}
        },
        "_IFWeAC6HEDa0OvZYPSGtRg": {
          "key": "_IFWeAC6HEDa0OvZYPSGtRg",
          "name": "numberOfVictims",
          "type": null,
          "probability": 1,
          "modifiers": [
            "private"
          ],
          "to_variable": {
            "key": "_WSP3AC6GEDa0OvZYPSGtRg",
            "name": "numberOfVictims",
            "type": null,
            "modifiers": [
              "private"
            ],
            "position": {}
          },
          "position": {}
        }
      }
    },
    "fields_to_fields_data_clump-./Potentialvictim-_kQm4cCuKEDaXYanbvIClPA-_iiIkcCuKEDaXYanbvIClPA-IDstatenamesurname": {
      "type": "data_clump",
      "key": "fields_to_fields_data_clump-./Potentialvictim-_kQm4cCuKEDaXYanbvIClPA-_iiIkcCuKEDaXYanbvIClPA-IDstatenamesurname",
      "probability": 1,
      "from_file_path": "./Potentialvictim",
      "from_class_or_interface_name": "Potentialvictim",
      "from_class_or_interface_key": "_kQm4cCuKEDaXYanbvIClPA",
      "from_method_name": null,
      "from_method_key": null,
      "to_file_path": "./Contact",
      "to_class_or_interface_key": "_iiIkcCuKEDaXYanbvIClPA",
      "to_class_or_interface_name": "Potentialvictim",
      "to_method_key": null,
      "to_method_name": null,
      "data_clump_type": "fields_to_fields_data_clump",
      "data_clump_data": {
        "_eitYsC6DEDa0OvZYPSGtRg": {
          "key": "_eitYsC6DEDa0OvZYPSGtRg",
          "name": "ID",
          "type": null,
          "probability": 1,
          "modifiers": [
            "private"
          ],
          "to_variable": {
            "key": "_baN9wC6DEDa0OvZYPSGtRg",
            "name": "ID",
            "type": null,
            "modifiers": [
              "private"
            ],
            "position": {}
          },
          "position": {}
        },
        "__TFhsC6HEDa0OvZYPSGtRg": {
          "key": "__TFhsC6HEDa0OvZYPSGtRg",
          "name": "state",
          "type": null,
          "probability": 1,
          "modifiers": [
            "private"
          ],
          "to_variable": {
            "key": "_oX_jIS6AEDa0OvZYPSGtRg",
            "name": "state",
            "type": null,
            "modifiers": [
              "private"
            ],
            "position": {}
          },
          "position": {}
        },
        "_B7uBwS6REDa0OvZYPSGtRg": {
          "key": "_B7uBwS6REDa0OvZYPSGtRg",
          "name": "name",
          "type": null,
          "probability": 1,
          "modifiers": [
            "private"
          ],
          "to_variable": {
            "key": "_oX-8EC6AEDa0OvZYPSGtRg",
            "name": "name",
            "type": null,
            "modifiers": [
              "private"
            ],
            "position": {}
          },
          "position": {}
        },
        "_B7uBwi6REDa0OvZYPSGtRg": {
          "key": "_B7uBwi6REDa0OvZYPSGtRg",
          "name": "surname",
          "type": null,
          "probability": 1,
          "modifiers": [
            "private"
          ],
          "to_variable": {
            "key": "_oX_jIC6AEDa0OvZYPSGtRg",
            "name": "surname",
            "type": null,
            "modifiers": [
              "private"
            ],
            "position": {}
          },
          "position": {}
        }
      }
    },
    "fields_to_fields_data_clump-./Potentialvictim-_kQm4cCuKEDaXYanbvIClPA-_hv4oICuKEDaXYanbvIClPA-IDnamesurnamesexage": {
      "type": "data_clump",
      "key": "fields_to_fields_data_clump-./Potentialvictim-_kQm4cCuKEDaXYanbvIClPA-_hv4oICuKEDaXYanbvIClPA-IDnamesurnamesexage",
      "probability": 1,
      "from_file_path": "./Potentialvictim",
      "from_class_or_interface_name": "Potentialvictim",
      "from_class_or_interface_key": "_kQm4cCuKEDaXYanbvIClPA",
      "from_method_name": null,
      "from_method_key": null,
      "to_file_path": "./Trader",
      "to_class_or_interface_key": "_hv4oICuKEDaXYanbvIClPA",
      "to_class_or_interface_name": "Potentialvictim",
      "to_method_key": null,
      "to_method_name": null,
      "data_clump_type": "fields_to_fields_data_clump",
      "data_clump_data": {
        "_eitYsC6DEDa0OvZYPSGtRg": {
          "key": "_eitYsC6DEDa0OvZYPSGtRg",
          "name": "ID",
          "type": null,
          "probability": 1,
          "modifiers": [
            "private"
          ],
          "to_variable": {
            "key": "_c0SIAC6DEDa0OvZYPSGtRg",
            "name": "ID",
            "type": null,
            "modifiers": [
              "private"
            ],
            "position": {}
          },
          "position": {}
        },
        "_B7uBwS6REDa0OvZYPSGtRg": {
          "key": "_B7uBwS6REDa0OvZYPSGtRg",
          "name": "name",
          "type": null,
          "probability": 1,
          "modifiers": [
            "private"
          ],
          "to_variable": {
            "key": "_hUnNsC6FEDa0OvZYPSGtRg",
            "name": "name",
            "type": null,
            "modifiers": [
              "private"
            ],
            "position": {}
          },
          "position": {}
        },
        "_B7uBwi6REDa0OvZYPSGtRg": {
          "key": "_B7uBwi6REDa0OvZYPSGtRg",
          "name": "surname",
          "type": null,
          "probability": 1,
          "modifiers": [
            "private"
          ],
          "to_variable": {
            "key": "_hUnNsS6FEDa0OvZYPSGtRg",
            "name": "surname",
            "type": null,
            "modifiers": [
              "private"
            ],
            "position": {}
          },
          "position": {}
        },
        "_B7uBwC6REDa0OvZYPSGtRg": {
          "key": "_B7uBwC6REDa0OvZYPSGtRg",
          "name": "sex",
          "type": null,
          "probability": 1,
          "modifiers": [
            "private"
          ],
          "to_variable": {
            "key": "_SEoj4C6CEDa0OvZYPSGtRg",
            "name": "sex",
            "type": null,
            "modifiers": [
              "private"
            ],
            "position": {}
          },
          "position": {}
        },
        "_B7uBxS6REDa0OvZYPSGtRg": {
          "key": "_B7uBxS6REDa0OvZYPSGtRg",
          "name": "age",
          "type": null,
          "probability": 1,
          "modifiers": [
            "private"
          ],
          "to_variable": {
            "key": "_yvZpkC6FEDa0OvZYPSGtRg",
            "name": "age",
            "type": null,
            "modifiers": [
              "private"
            ],
            "position": {}
          },
          "position": {}
        }
      }
    },
    "fields_to_fields_data_clump-./Potentialvictim-_kQm4cCuKEDaXYanbvIClPA-_bt864CuKEDaXYanbvIClPA-IDnamesurnamephone": {
      "type": "data_clump",
      "key": "fields_to_fields_data_clump-./Potentialvictim-_kQm4cCuKEDaXYanbvIClPA-_bt864CuKEDaXYanbvIClPA-IDnamesurnamephone",
      "probability": 1,
      "from_file_path": "./Potentialvictim",
      "from_class_or_interface_name": "Potentialvictim",
      "from_class_or_interface_key": "_kQm4cCuKEDaXYanbvIClPA",
      "from_method_name": null,
      "from_method_key": null,
      "to_file_path": "./User",
      "to_class_or_interface_key": "_bt864CuKEDaXYanbvIClPA",
      "to_class_or_interface_name": "Potentialvictim",
      "to_method_key": null,
      "to_method_name": null,
      "data_clump_type": "fields_to_fields_data_clump",
      "data_clump_data": {
        "_eitYsC6DEDa0OvZYPSGtRg": {
          "key": "_eitYsC6DEDa0OvZYPSGtRg",
          "name": "ID",
          "type": null,
          "probability": 1,
          "modifiers": [
            "private"
          ],
          "to_variable": {
            "key": "_aP1OQC6DEDa0OvZYPSGtRg",
            "name": "ID",
            "type": null,
            "modifiers": [
              "private"
            ],
            "position": {}
          },
          "position": {}
        },
        "_B7uBwS6REDa0OvZYPSGtRg": {
          "key": "_B7uBwS6REDa0OvZYPSGtRg",
          "name": "name",
          "type": null,
          "probability": 1,
          "modifiers": [
            "private"
          ],
          "to_variable": {
            "key": "_rrdqkC52EDa0OvZYPSGtRg",
            "name": "name",
            "type": null,
            "modifiers": [
              "private"
            ],
            "position": {}
          },
          "position": {}
        },
        "_B7uBwi6REDa0OvZYPSGtRg": {
          "key": "_B7uBwi6REDa0OvZYPSGtRg",
          "name": "surname",
          "type": null,
          "probability": 1,
          "modifiers": [
            "private"
          ],
          "to_variable": {
            "key": "_tH2wEC52EDa0OvZYPSGtRg",
            "name": "surname",
            "type": null,
            "modifiers": [
              "private"
            ],
            "position": {}
          },
          "position": {}
        },
        "_B7uBxC6REDa0OvZYPSGtRg": {
          "key": "_B7uBxC6REDa0OvZYPSGtRg",
          "name": "phone",
          "type": null,
          "probability": 1,
          "modifiers": [
            "private"
          ],
          "to_variable": {
            "key": "_i3CV0C6dEDa0OvZYPSGtRg",
            "name": "phone",
            "type": null,
            "modifiers": [
              "private"
            ],
            "position": {}
          },
          "position": {}
        }
      }
    },
    "fields_to_fields_data_clump-./Potentialvictim-_kQm4cCuKEDaXYanbvIClPA-_l0-1QCuKEDaXYanbvIClPA-IDnamesurnamesexbornphoneageexploitationTyperelationshipWithTraderwayOfRecruitingrecruterInfonumberOfReports": {
      "type": "data_clump",
      "key": "fields_to_fields_data_clump-./Potentialvictim-_kQm4cCuKEDaXYanbvIClPA-_l0-1QCuKEDaXYanbvIClPA-IDnamesurnamesexbornphoneageexploitationTyperelationshipWithTraderwayOfRecruitingrecruterInfonumberOfReports",
      "probability": 1,
      "from_file_path": "./Potentialvictim",
      "from_class_or_interface_name": "Potentialvictim",
      "from_class_or_interface_key": "_kQm4cCuKEDaXYanbvIClPA",
      "from_method_name": null,
      "from_method_key": null,
      "to_file_path": "./Victim",
      "to_class_or_interface_key": "_l0-1QCuKEDaXYanbvIClPA",
      "to_class_or_interface_name": "Potentialvictim",
      "to_method_key": null,
      "to_method_name": null,
      "data_clump_type": "fields_to_fields_data_clump",
      "data_clump_data": {
        "_eitYsC6DEDa0OvZYPSGtRg": {
          "key": "_eitYsC6DEDa0OvZYPSGtRg",
          "name": "ID",
          "type": null,
          "probability": 1,
          "modifiers": [
            "private"
          ],
          "to_variable": {
            "key": "_cOYloC6DEDa0OvZYPSGtRg",
            "name": "ID",
            "type": null,
            "modifiers": [
              "private"
            ],
            "position": {}
          },
          "position": {}
        },
        "_B7uBwS6REDa0OvZYPSGtRg": {
          "key": "_B7uBwS6REDa0OvZYPSGtRg",
          "name": "name",
          "type": null,
          "probability": 1,
          "modifiers": [
            "private"
          ],
          "to_variable": {
            "key": "_yDbI0C6PEDa0OvZYPSGtRg",
            "name": "name",
            "type": null,
            "modifiers": [
              "private"
            ],
            "position": {}
          },
          "position": {}
        },
        "_B7uBwi6REDa0OvZYPSGtRg": {
          "key": "_B7uBwi6REDa0OvZYPSGtRg",
          "name": "surname",
          "type": null,
          "probability": 1,
          "modifiers": [
            "private"
          ],
          "to_variable": {
            "key": "_yDbv4C6PEDa0OvZYPSGtRg",
            "name": "surname",
            "type": null,
            "modifiers": [
              "private"
            ],
            "position": {}
          },
          "position": {}
        },
        "_B7uBwC6REDa0OvZYPSGtRg": {
          "key": "_B7uBwC6REDa0OvZYPSGtRg",
          "name": "sex",
          "type": null,
          "probability": 1,
          "modifiers": [
            "private"
          ],
          "to_variable": {
            "key": "_4d3agS6AEDa0OvZYPSGtRg",
            "name": "sex",
            "type": null,
            "modifiers": [
              "private"
            ],
            "position": {}
          },
          "position": {}
        },
        "_B7uBwy6REDa0OvZYPSGtRg": {
          "key": "_B7uBwy6REDa0OvZYPSGtRg",
          "name": "born",
          "type": null,
          "probability": 1,
          "modifiers": [
            "private"
          ],
          "to_variable": {
            "key": "_8ruiEC6AEDa0OvZYPSGtRg",
            "name": "born",
            "type": null,
            "modifiers": [
              "private"
            ],
            "position": {}
          },
          "position": {}
        },
        "_B7uBxC6REDa0OvZYPSGtRg": {
          "key": "_B7uBxC6REDa0OvZYPSGtRg",
          "name": "phone",
          "type": null,
          "probability": 1,
          "modifiers": [
            "private"
          ],
          "to_variable": {
            "key": "_BnaY8C6BEDa0OvZYPSGtRg",
            "name": "phone",
            "type": null,
            "modifiers": [
              "private"
            ],
            "position": {}
          },
          "position": {}
        },
        "_B7uBxS6REDa0OvZYPSGtRg": {
          "key": "_B7uBxS6REDa0OvZYPSGtRg",
          "name": "age",
          "type": null,
          "probability": 1,
          "modifiers": [
            "private"
          ],
          "to_variable": {
            "key": "_uhYt0C6BEDa0OvZYPSGtRg",
            "name": "age",
            "type": null,
            "modifiers": [
              "private"
            ],
            "position": {}
          },
          "position": {}
        },
        "_tbQY8C6REDa0OvZYPSGtRg": {
          "key": "_tbQY8C6REDa0OvZYPSGtRg",
          "name": "exploitationType",
          "type": null,
          "probability": 1,
          "modifiers": [
            "private"
          ],
          "to_variable": {
            "key": "_tyoXIC6REDa0OvZYPSGtRg",
            "name": "exploitationType",
            "type": null,
            "modifiers": [
              "private"
            ],
            "position": {}
          },
          "position": {}
        },
        "_B7uBxi6REDa0OvZYPSGtRg": {
          "key": "_B7uBxi6REDa0OvZYPSGtRg",
          "name": "relationshipWithTrader",
          "type": null,
          "probability": 1,
          "modifiers": [
            "private"
          ],
          "to_variable": {
            "key": "_yOClwS6BEDa0OvZYPSGtRg",
            "name": "relationshipWithTrader",
            "type": null,
            "modifiers": [
              "private"
            ],
            "position": {}
          },
          "position": {}
        },
        "_B7uByC6REDa0OvZYPSGtRg": {
          "key": "_B7uByC6REDa0OvZYPSGtRg",
          "name": "wayOfRecruiting",
          "type": null,
          "probability": 1,
          "modifiers": [
            "private"
          ],
          "to_variable": {
            "key": "_u8hVMC6CEDa0OvZYPSGtRg",
            "name": "wayOfRecruiting",
            "type": null,
            "modifiers": [
              "private"
            ],
            "position": {}
          },
          "position": {}
        },
        "_w5nM0C6qEDa0OvZYPSGtRg": {
          "key": "_w5nM0C6qEDa0OvZYPSGtRg",
          "name": "recruterInfo",
          "type": null,
          "probability": 1,
          "modifiers": [
            "private"
          ],
          "to_variable": {
            "key": "_lm-XwS6mEDa0OvZYPSGtRg",
            "name": "recruterInfo",
            "type": null,
            "modifiers": [
              "private"
            ],
            "position": {}
          },
          "position": {}
        },
        "_o5Wo8DDfEDammpFAP-z-bA": {
          "key": "_o5Wo8DDfEDammpFAP-z-bA",
          "name": "numberOfReports",
          "type": null,
          "probability": 1,
          "modifiers": [
            "private"
          ],
          "to_variable": {
            "key": "_WdKacTDfEDammpFAP-z-bA",
            "name": "numberOfReports",
            "type": null,
            "modifiers": [
              "private"
            ],
            "position": {}
          },
          "position": {}
        }
      }
    },
    "fields_to_fields_data_clump-./Trader-_hv4oICuKEDaXYanbvIClPA-_iiIkcCuKEDaXYanbvIClPA-IDnamesurname": {
      "type": "data_clump",
      "key": "fields_to_fields_data_clump-./Trader-_hv4oICuKEDaXYanbvIClPA-_iiIkcCuKEDaXYanbvIClPA-IDnamesurname",
      "probability": 1,
      "from_file_path": "./Trader",
      "from_class_or_interface_name": "Trader",
      "from_class_or_interface_key": "_hv4oICuKEDaXYanbvIClPA",
      "from_method_name": null,
      "from_method_key": null,
      "to_file_path": "./Contact",
      "to_class_or_interface_key": "_iiIkcCuKEDaXYanbvIClPA",
      "to_class_or_interface_name": "Trader",
      "to_method_key": null,
      "to_method_name": null,
      "data_clump_type": "fields_to_fields_data_clump",
      "data_clump_data": {
        "_c0SIAC6DEDa0OvZYPSGtRg": {
          "key": "_c0SIAC6DEDa0OvZYPSGtRg",
          "name": "ID",
          "type": null,
          "probability": 1,
          "modifiers": [
            "private"
          ],
          "to_variable": {
            "key": "_baN9wC6DEDa0OvZYPSGtRg",
            "name": "ID",
            "type": null,
            "modifiers": [
              "private"
            ],
            "position": {}
          },
          "position": {}
        },
        "_hUnNsC6FEDa0OvZYPSGtRg": {
          "key": "_hUnNsC6FEDa0OvZYPSGtRg",
          "name": "name",
          "type": null,
          "probability": 1,
          "modifiers": [
            "private"
          ],
          "to_variable": {
            "key": "_oX-8EC6AEDa0OvZYPSGtRg",
            "name": "name",
            "type": null,
            "modifiers": [
              "private"
            ],
            "position": {}
          },
          "position": {}
        },
        "_hUnNsS6FEDa0OvZYPSGtRg": {
          "key": "_hUnNsS6FEDa0OvZYPSGtRg",
          "name": "surname",
          "type": null,
          "probability": 1,
          "modifiers": [
            "private"
          ],
          "to_variable": {
            "key": "_oX_jIC6AEDa0OvZYPSGtRg",
            "name": "surname",
            "type": null,
            "modifiers": [
              "private"
            ],
            "position": {}
          },
          "position": {}
        }
      }
    },
    "fields_to_fields_data_clump-./Trader-_hv4oICuKEDaXYanbvIClPA-_gIHZECuKEDaXYanbvIClPA-IDaddressnumberOfVictims": {
      "type": "data_clump",
      "key": "fields_to_fields_data_clump-./Trader-_hv4oICuKEDaXYanbvIClPA-_gIHZECuKEDaXYanbvIClPA-IDaddressnumberOfVictims",
      "probability": 1,
      "from_file_path": "./Trader",
      "from_class_or_interface_name": "Trader",
      "from_class_or_interface_key": "_hv4oICuKEDaXYanbvIClPA",
      "from_method_name": null,
      "from_method_key": null,
      "to_file_path": "./Location",
      "to_class_or_interface_key": "_gIHZECuKEDaXYanbvIClPA",
      "to_class_or_interface_name": "Trader",
      "to_method_key": null,
      "to_method_name": null,
      "data_clump_type": "fields_to_fields_data_clump",
      "data_clump_data": {
        "_c0SIAC6DEDa0OvZYPSGtRg": {
          "key": "_c0SIAC6DEDa0OvZYPSGtRg",
          "name": "ID",
          "type": null,
          "probability": 1,
          "modifiers": [
            "private"
          ],
          "to_variable": {
            "key": "_wQoWgC6EEDa0OvZYPSGtRg",
            "name": "ID",
            "type": null,
            "modifiers": [
              "private"
            ],
            "position": {}
          },
          "position": {}
        },
        "_jJQbIC6FEDa0OvZYPSGtRg": {
          "key": "_jJQbIC6FEDa0OvZYPSGtRg",
          "name": "address",
          "type": null,
          "probability": 1,
          "modifiers": [
            "private"
          ],
          "to_variable": {
            "key": "_xPoqgC6GEDa0OvZYPSGtRg",
            "name": "address",
            "type": null,
            "modifiers": [
              "private"
            ],
            "position": {}
          },
          "position": {}
        },
        "_WSP3AC6GEDa0OvZYPSGtRg": {
          "key": "_WSP3AC6GEDa0OvZYPSGtRg",
          "name": "numberOfVictims",
          "type": null,
          "probability": 1,
          "modifiers": [
            "private"
          ],
          "to_variable": {
            "key": "_IFWeAC6HEDa0OvZYPSGtRg",
            "name": "numberOfVictims",
            "type": null,
            "modifiers": [
              "private"
            ],
            "position": {}
          },
          "position": {}
        }
      }
    },
    "fields_to_fields_data_clump-./Trader-_hv4oICuKEDaXYanbvIClPA-_kQm4cCuKEDaXYanbvIClPA-IDnamesurnameagesex": {
      "type": "data_clump",
      "key": "fields_to_fields_data_clump-./Trader-_hv4oICuKEDaXYanbvIClPA-_kQm4cCuKEDaXYanbvIClPA-IDnamesurnameagesex",
      "probability": 1,
      "from_file_path": "./Trader",
      "from_class_or_interface_name": "Trader",
      "from_class_or_interface_key": "_hv4oICuKEDaXYanbvIClPA",
      "from_method_name": null,
      "from_method_key": null,
      "to_file_path": "./Potentialvictim",
      "to_class_or_interface_key": "_kQm4cCuKEDaXYanbvIClPA",
      "to_class_or_interface_name": "Trader",
      "to_method_key": null,
      "to_method_name": null,
      "data_clump_type": "fields_to_fields_data_clump",
      "data_clump_data": {
        "_c0SIAC6DEDa0OvZYPSGtRg": {
          "key": "_c0SIAC6DEDa0OvZYPSGtRg",
          "name": "ID",
          "type": null,
          "probability": 1,
          "modifiers": [
            "private"
          ],
          "to_variable": {
            "key": "_eitYsC6DEDa0OvZYPSGtRg",
            "name": "ID",
            "type": null,
            "modifiers": [
              "private"
            ],
            "position": {}
          },
          "position": {}
        },
        "_hUnNsC6FEDa0OvZYPSGtRg": {
          "key": "_hUnNsC6FEDa0OvZYPSGtRg",
          "name": "name",
          "type": null,
          "probability": 1,
          "modifiers": [
            "private"
          ],
          "to_variable": {
            "key": "_B7uBwS6REDa0OvZYPSGtRg",
            "name": "name",
            "type": null,
            "modifiers": [
              "private"
            ],
            "position": {}
          },
          "position": {}
        },
        "_hUnNsS6FEDa0OvZYPSGtRg": {
          "key": "_hUnNsS6FEDa0OvZYPSGtRg",
          "name": "surname",
          "type": null,
          "probability": 1,
          "modifiers": [
            "private"
          ],
          "to_variable": {
            "key": "_B7uBwi6REDa0OvZYPSGtRg",
            "name": "surname",
            "type": null,
            "modifiers": [
              "private"
            ],
            "position": {}
          },
          "position": {}
        },
        "_yvZpkC6FEDa0OvZYPSGtRg": {
          "key": "_yvZpkC6FEDa0OvZYPSGtRg",
          "name": "age",
          "type": null,
          "probability": 1,
          "modifiers": [
            "private"
          ],
          "to_variable": {
            "key": "_B7uBxS6REDa0OvZYPSGtRg",
            "name": "age",
            "type": null,
            "modifiers": [
              "private"
            ],
            "position": {}
          },
          "position": {}
        },
        "_SEoj4C6CEDa0OvZYPSGtRg": {
          "key": "_SEoj4C6CEDa0OvZYPSGtRg",
          "name": "sex",
          "type": null,
          "probability": 1,
          "modifiers": [
            "private"
          ],
          "to_variable": {
            "key": "_B7uBwC6REDa0OvZYPSGtRg",
            "name": "sex",
            "type": null,
            "modifiers": [
              "private"
            ],
            "position": {}
          },
          "position": {}
        }
      }
    },
    "fields_to_fields_data_clump-./Trader-_hv4oICuKEDaXYanbvIClPA-_bt864CuKEDaXYanbvIClPA-IDnamesurname": {
      "type": "data_clump",
      "key": "fields_to_fields_data_clump-./Trader-_hv4oICuKEDaXYanbvIClPA-_bt864CuKEDaXYanbvIClPA-IDnamesurname",
      "probability": 1,
      "from_file_path": "./Trader",
      "from_class_or_interface_name": "Trader",
      "from_class_or_interface_key": "_hv4oICuKEDaXYanbvIClPA",
      "from_method_name": null,
      "from_method_key": null,
      "to_file_path": "./User",
      "to_class_or_interface_key": "_bt864CuKEDaXYanbvIClPA",
      "to_class_or_interface_name": "Trader",
      "to_method_key": null,
      "to_method_name": null,
      "data_clump_type": "fields_to_fields_data_clump",
      "data_clump_data": {
        "_c0SIAC6DEDa0OvZYPSGtRg": {
          "key": "_c0SIAC6DEDa0OvZYPSGtRg",
          "name": "ID",
          "type": null,
          "probability": 1,
          "modifiers": [
            "private"
          ],
          "to_variable": {
            "key": "_aP1OQC6DEDa0OvZYPSGtRg",
            "name": "ID",
            "type": null,
            "modifiers": [
              "private"
            ],
            "position": {}
          },
          "position": {}
        },
        "_hUnNsC6FEDa0OvZYPSGtRg": {
          "key": "_hUnNsC6FEDa0OvZYPSGtRg",
          "name": "name",
          "type": null,
          "probability": 1,
          "modifiers": [
            "private"
          ],
          "to_variable": {
            "key": "_rrdqkC52EDa0OvZYPSGtRg",
            "name": "name",
            "type": null,
            "modifiers": [
              "private"
            ],
            "position": {}
          },
          "position": {}
        },
        "_hUnNsS6FEDa0OvZYPSGtRg": {
          "key": "_hUnNsS6FEDa0OvZYPSGtRg",
          "name": "surname",
          "type": null,
          "probability": 1,
          "modifiers": [
            "private"
          ],
          "to_variable": {
            "key": "_tH2wEC52EDa0OvZYPSGtRg",
            "name": "surname",
            "type": null,
            "modifiers": [
              "private"
            ],
            "position": {}
          },
          "position": {}
        }
      }
    },
    "fields_to_fields_data_clump-./Trader-_hv4oICuKEDaXYanbvIClPA-_l0-1QCuKEDaXYanbvIClPA-IDnamesurnameagesexcitizenshipmaritalStatusexperienceOfViolence": {
      "type": "data_clump",
      "key": "fields_to_fields_data_clump-./Trader-_hv4oICuKEDaXYanbvIClPA-_l0-1QCuKEDaXYanbvIClPA-IDnamesurnameagesexcitizenshipmaritalStatusexperienceOfViolence",
      "probability": 1,
      "from_file_path": "./Trader",
      "from_class_or_interface_name": "Trader",
      "from_class_or_interface_key": "_hv4oICuKEDaXYanbvIClPA",
      "from_method_name": null,
      "from_method_key": null,
      "to_file_path": "./Victim",
      "to_class_or_interface_key": "_l0-1QCuKEDaXYanbvIClPA",
      "to_class_or_interface_name": "Trader",
      "to_method_key": null,
      "to_method_name": null,
      "data_clump_type": "fields_to_fields_data_clump",
      "data_clump_data": {
        "_c0SIAC6DEDa0OvZYPSGtRg": {
          "key": "_c0SIAC6DEDa0OvZYPSGtRg",
          "name": "ID",
          "type": null,
          "probability": 1,
          "modifiers": [
            "private"
          ],
          "to_variable": {
            "key": "_cOYloC6DEDa0OvZYPSGtRg",
            "name": "ID",
            "type": null,
            "modifiers": [
              "private"
            ],
            "position": {}
          },
          "position": {}
        },
        "_hUnNsC6FEDa0OvZYPSGtRg": {
          "key": "_hUnNsC6FEDa0OvZYPSGtRg",
          "name": "name",
          "type": null,
          "probability": 1,
          "modifiers": [
            "private"
          ],
          "to_variable": {
            "key": "_yDbI0C6PEDa0OvZYPSGtRg",
            "name": "name",
            "type": null,
            "modifiers": [
              "private"
            ],
            "position": {}
          },
          "position": {}
        },
        "_hUnNsS6FEDa0OvZYPSGtRg": {
          "key": "_hUnNsS6FEDa0OvZYPSGtRg",
          "name": "surname",
          "type": null,
          "probability": 1,
          "modifiers": [
            "private"
          ],
          "to_variable": {
            "key": "_yDbv4C6PEDa0OvZYPSGtRg",
            "name": "surname",
            "type": null,
            "modifiers": [
              "private"
            ],
            "position": {}
          },
          "position": {}
        },
        "_yvZpkC6FEDa0OvZYPSGtRg": {
          "key": "_yvZpkC6FEDa0OvZYPSGtRg",
          "name": "age",
          "type": null,
          "probability": 1,
          "modifiers": [
            "private"
          ],
          "to_variable": {
            "key": "_uhYt0C6BEDa0OvZYPSGtRg",
            "name": "age",
            "type": null,
            "modifiers": [
              "private"
            ],
            "position": {}
          },
          "position": {}
        },
        "_SEoj4C6CEDa0OvZYPSGtRg": {
          "key": "_SEoj4C6CEDa0OvZYPSGtRg",
          "name": "sex",
          "type": null,
          "probability": 1,
          "modifiers": [
            "private"
          ],
          "to_variable": {
            "key": "_4d3agS6AEDa0OvZYPSGtRg",
            "name": "sex",
            "type": null,
            "modifiers": [
              "private"
            ],
            "position": {}
          },
          "position": {}
        },
        "_5KT3gC6FEDa0OvZYPSGtRg": {
          "key": "_5KT3gC6FEDa0OvZYPSGtRg",
          "name": "citizenship",
          "type": null,
          "probability": 1,
          "modifiers": [
            "private"
          ],
          "to_variable": {
            "key": "_sAnIQC6DEDa0OvZYPSGtRg",
            "name": "citizenship",
            "type": null,
            "modifiers": [
              "private"
            ],
            "position": {}
          },
          "position": {}
        },
        "_5KUekC6FEDa0OvZYPSGtRg": {
          "key": "_5KUekC6FEDa0OvZYPSGtRg",
          "name": "maritalStatus",
          "type": null,
          "probability": 1,
          "modifiers": [
            "private"
          ],
          "to_variable": {
            "key": "_y-FQsC6DEDa0OvZYPSGtRg",
            "name": "maritalStatus",
            "type": null,
            "modifiers": [
              "private"
            ],
            "position": {}
          },
          "position": {}
        },
        "_5KUekS6FEDa0OvZYPSGtRg": {
          "key": "_5KUekS6FEDa0OvZYPSGtRg",
          "name": "experienceOfViolence",
          "type": null,
          "probability": 1,
          "modifiers": [
            "private"
          ],
          "to_variable": {
            "key": "_OXKhsC6EEDa0OvZYPSGtRg",
            "name": "experienceOfViolence",
            "type": null,
            "modifiers": [
              "private"
            ],
            "position": {}
          },
          "position": {}
        }
      }
    },
    "fields_to_fields_data_clump-./User-_bt864CuKEDaXYanbvIClPA-_iiIkcCuKEDaXYanbvIClPA-IDnamesurname": {
      "type": "data_clump",
      "key": "fields_to_fields_data_clump-./User-_bt864CuKEDaXYanbvIClPA-_iiIkcCuKEDaXYanbvIClPA-IDnamesurname",
      "probability": 1,
      "from_file_path": "./User",
      "from_class_or_interface_name": "User",
      "from_class_or_interface_key": "_bt864CuKEDaXYanbvIClPA",
      "from_method_name": null,
      "from_method_key": null,
      "to_file_path": "./Contact",
      "to_class_or_interface_key": "_iiIkcCuKEDaXYanbvIClPA",
      "to_class_or_interface_name": "User",
      "to_method_key": null,
      "to_method_name": null,
      "data_clump_type": "fields_to_fields_data_clump",
      "data_clump_data": {
        "_aP1OQC6DEDa0OvZYPSGtRg": {
          "key": "_aP1OQC6DEDa0OvZYPSGtRg",
          "name": "ID",
          "type": null,
          "probability": 1,
          "modifiers": [
            "private"
          ],
          "to_variable": {
            "key": "_baN9wC6DEDa0OvZYPSGtRg",
            "name": "ID",
            "type": null,
            "modifiers": [
              "private"
            ],
            "position": {}
          },
          "position": {}
        },
        "_rrdqkC52EDa0OvZYPSGtRg": {
          "key": "_rrdqkC52EDa0OvZYPSGtRg",
          "name": "name",
          "type": null,
          "probability": 1,
          "modifiers": [
            "private"
          ],
          "to_variable": {
            "key": "_oX-8EC6AEDa0OvZYPSGtRg",
            "name": "name",
            "type": null,
            "modifiers": [
              "private"
            ],
            "position": {}
          },
          "position": {}
        },
        "_tH2wEC52EDa0OvZYPSGtRg": {
          "key": "_tH2wEC52EDa0OvZYPSGtRg",
          "name": "surname",
          "type": null,
          "probability": 1,
          "modifiers": [
            "private"
          ],
          "to_variable": {
            "key": "_oX_jIC6AEDa0OvZYPSGtRg",
            "name": "surname",
            "type": null,
            "modifiers": [
              "private"
            ],
            "position": {}
          },
          "position": {}
        }
      }
    },
    "fields_to_fields_data_clump-./User-_bt864CuKEDaXYanbvIClPA-_kQm4cCuKEDaXYanbvIClPA-IDnamesurnamephone": {
      "type": "data_clump",
      "key": "fields_to_fields_data_clump-./User-_bt864CuKEDaXYanbvIClPA-_kQm4cCuKEDaXYanbvIClPA-IDnamesurnamephone",
      "probability": 1,
      "from_file_path": "./User",
      "from_class_or_interface_name": "User",
      "from_class_or_interface_key": "_bt864CuKEDaXYanbvIClPA",
      "from_method_name": null,
      "from_method_key": null,
      "to_file_path": "./Potentialvictim",
      "to_class_or_interface_key": "_kQm4cCuKEDaXYanbvIClPA",
      "to_class_or_interface_name": "User",
      "to_method_key": null,
      "to_method_name": null,
      "data_clump_type": "fields_to_fields_data_clump",
      "data_clump_data": {
        "_aP1OQC6DEDa0OvZYPSGtRg": {
          "key": "_aP1OQC6DEDa0OvZYPSGtRg",
          "name": "ID",
          "type": null,
          "probability": 1,
          "modifiers": [
            "private"
          ],
          "to_variable": {
            "key": "_eitYsC6DEDa0OvZYPSGtRg",
            "name": "ID",
            "type": null,
            "modifiers": [
              "private"
            ],
            "position": {}
          },
          "position": {}
        },
        "_rrdqkC52EDa0OvZYPSGtRg": {
          "key": "_rrdqkC52EDa0OvZYPSGtRg",
          "name": "name",
          "type": null,
          "probability": 1,
          "modifiers": [
            "private"
          ],
          "to_variable": {
            "key": "_B7uBwS6REDa0OvZYPSGtRg",
            "name": "name",
            "type": null,
            "modifiers": [
              "private"
            ],
            "position": {}
          },
          "position": {}
        },
        "_tH2wEC52EDa0OvZYPSGtRg": {
          "key": "_tH2wEC52EDa0OvZYPSGtRg",
          "name": "surname",
          "type": null,
          "probability": 1,
          "modifiers": [
            "private"
          ],
          "to_variable": {
            "key": "_B7uBwi6REDa0OvZYPSGtRg",
            "name": "surname",
            "type": null,
            "modifiers": [
              "private"
            ],
            "position": {}
          },
          "position": {}
        },
        "_i3CV0C6dEDa0OvZYPSGtRg": {
          "key": "_i3CV0C6dEDa0OvZYPSGtRg",
          "name": "phone",
          "type": null,
          "probability": 1,
          "modifiers": [
            "private"
          ],
          "to_variable": {
            "key": "_B7uBxC6REDa0OvZYPSGtRg",
            "name": "phone",
            "type": null,
            "modifiers": [
              "private"
            ],
            "position": {}
          },
          "position": {}
        }
      }
    },
    "fields_to_fields_data_clump-./User-_bt864CuKEDaXYanbvIClPA-_hv4oICuKEDaXYanbvIClPA-IDnamesurname": {
      "type": "data_clump",
      "key": "fields_to_fields_data_clump-./User-_bt864CuKEDaXYanbvIClPA-_hv4oICuKEDaXYanbvIClPA-IDnamesurname",
      "probability": 1,
      "from_file_path": "./User",
      "from_class_or_interface_name": "User",
      "from_class_or_interface_key": "_bt864CuKEDaXYanbvIClPA",
      "from_method_name": null,
      "from_method_key": null,
      "to_file_path": "./Trader",
      "to_class_or_interface_key": "_hv4oICuKEDaXYanbvIClPA",
      "to_class_or_interface_name": "User",
      "to_method_key": null,
      "to_method_name": null,
      "data_clump_type": "fields_to_fields_data_clump",
      "data_clump_data": {
        "_aP1OQC6DEDa0OvZYPSGtRg": {
          "key": "_aP1OQC6DEDa0OvZYPSGtRg",
          "name": "ID",
          "type": null,
          "probability": 1,
          "modifiers": [
            "private"
          ],
          "to_variable": {
            "key": "_c0SIAC6DEDa0OvZYPSGtRg",
            "name": "ID",
            "type": null,
            "modifiers": [
              "private"
            ],
            "position": {}
          },
          "position": {}
        },
        "_rrdqkC52EDa0OvZYPSGtRg": {
          "key": "_rrdqkC52EDa0OvZYPSGtRg",
          "name": "name",
          "type": null,
          "probability": 1,
          "modifiers": [
            "private"
          ],
          "to_variable": {
            "key": "_hUnNsC6FEDa0OvZYPSGtRg",
            "name": "name",
            "type": null,
            "modifiers": [
              "private"
            ],
            "position": {}
          },
          "position": {}
        },
        "_tH2wEC52EDa0OvZYPSGtRg": {
          "key": "_tH2wEC52EDa0OvZYPSGtRg",
          "name": "surname",
          "type": null,
          "probability": 1,
          "modifiers": [
            "private"
          ],
          "to_variable": {
            "key": "_hUnNsS6FEDa0OvZYPSGtRg",
            "name": "surname",
            "type": null,
            "modifiers": [
              "private"
            ],
            "position": {}
          },
          "position": {}
        }
      }
    },
    "fields_to_fields_data_clump-./User-_bt864CuKEDaXYanbvIClPA-_l0-1QCuKEDaXYanbvIClPA-IDnamesurnamephone": {
      "type": "data_clump",
      "key": "fields_to_fields_data_clump-./User-_bt864CuKEDaXYanbvIClPA-_l0-1QCuKEDaXYanbvIClPA-IDnamesurnamephone",
      "probability": 1,
      "from_file_path": "./User",
      "from_class_or_interface_name": "User",
      "from_class_or_interface_key": "_bt864CuKEDaXYanbvIClPA",
      "from_method_name": null,
      "from_method_key": null,
      "to_file_path": "./Victim",
      "to_class_or_interface_key": "_l0-1QCuKEDaXYanbvIClPA",
      "to_class_or_interface_name": "User",
      "to_method_key": null,
      "to_method_name": null,
      "data_clump_type": "fields_to_fields_data_clump",
      "data_clump_data": {
        "_aP1OQC6DEDa0OvZYPSGtRg": {
          "key": "_aP1OQC6DEDa0OvZYPSGtRg",
          "name": "ID",
          "type": null,
          "probability": 1,
          "modifiers": [
            "private"
          ],
          "to_variable": {
            "key": "_cOYloC6DEDa0OvZYPSGtRg",
            "name": "ID",
            "type": null,
            "modifiers": [
              "private"
            ],
            "position": {}
          },
          "position": {}
        },
        "_rrdqkC52EDa0OvZYPSGtRg": {
          "key": "_rrdqkC52EDa0OvZYPSGtRg",
          "name": "name",
          "type": null,
          "probability": 1,
          "modifiers": [
            "private"
          ],
          "to_variable": {
            "key": "_yDbI0C6PEDa0OvZYPSGtRg",
            "name": "name",
            "type": null,
            "modifiers": [
              "private"
            ],
            "position": {}
          },
          "position": {}
        },
        "_tH2wEC52EDa0OvZYPSGtRg": {
          "key": "_tH2wEC52EDa0OvZYPSGtRg",
          "name": "surname",
          "type": null,
          "probability": 1,
          "modifiers": [
            "private"
          ],
          "to_variable": {
            "key": "_yDbv4C6PEDa0OvZYPSGtRg",
            "name": "surname",
            "type": null,
            "modifiers": [
              "private"
            ],
            "position": {}
          },
          "position": {}
        },
        "_i3CV0C6dEDa0OvZYPSGtRg": {
          "key": "_i3CV0C6dEDa0OvZYPSGtRg",
          "name": "phone",
          "type": null,
          "probability": 1,
          "modifiers": [
            "private"
          ],
          "to_variable": {
            "key": "_BnaY8C6BEDa0OvZYPSGtRg",
            "name": "phone",
            "type": null,
            "modifiers": [
              "private"
            ],
            "position": {}
          },
          "position": {}
        }
      }
    },
    "fields_to_fields_data_clump-./Victim-_l0-1QCuKEDaXYanbvIClPA-_iiIkcCuKEDaXYanbvIClPA-IDnamesurname": {
      "type": "data_clump",
      "key": "fields_to_fields_data_clump-./Victim-_l0-1QCuKEDaXYanbvIClPA-_iiIkcCuKEDaXYanbvIClPA-IDnamesurname",
      "probability": 1,
      "from_file_path": "./Victim",
      "from_class_or_interface_name": "Victim",
      "from_class_or_interface_key": "_l0-1QCuKEDaXYanbvIClPA",
      "from_method_name": null,
      "from_method_key": null,
      "to_file_path": "./Contact",
      "to_class_or_interface_key": "_iiIkcCuKEDaXYanbvIClPA",
      "to_class_or_interface_name": "Victim",
      "to_method_key": null,
      "to_method_name": null,
      "data_clump_type": "fields_to_fields_data_clump",
      "data_clump_data": {
        "_cOYloC6DEDa0OvZYPSGtRg": {
          "key": "_cOYloC6DEDa0OvZYPSGtRg",
          "name": "ID",
          "type": null,
          "probability": 1,
          "modifiers": [
            "private"
          ],
          "to_variable": {
            "key": "_baN9wC6DEDa0OvZYPSGtRg",
            "name": "ID",
            "type": null,
            "modifiers": [
              "private"
            ],
            "position": {}
          },
          "position": {}
        },
        "_yDbI0C6PEDa0OvZYPSGtRg": {
          "key": "_yDbI0C6PEDa0OvZYPSGtRg",
          "name": "name",
          "type": null,
          "probability": 1,
          "modifiers": [
            "private"
          ],
          "to_variable": {
            "key": "_oX-8EC6AEDa0OvZYPSGtRg",
            "name": "name",
            "type": null,
            "modifiers": [
              "private"
            ],
            "position": {}
          },
          "position": {}
        },
        "_yDbv4C6PEDa0OvZYPSGtRg": {
          "key": "_yDbv4C6PEDa0OvZYPSGtRg",
          "name": "surname",
          "type": null,
          "probability": 1,
          "modifiers": [
            "private"
          ],
          "to_variable": {
            "key": "_oX_jIC6AEDa0OvZYPSGtRg",
            "name": "surname",
            "type": null,
            "modifiers": [
              "private"
            ],
            "position": {}
          },
          "position": {}
        }
      }
    },
    "fields_to_fields_data_clump-./Victim-_l0-1QCuKEDaXYanbvIClPA-_kQm4cCuKEDaXYanbvIClPA-IDnamesurnamesexbornphoneageexploitationTyperelationshipWithTraderwayOfRecruitingrecruterInfonumberOfReports": {
      "type": "data_clump",
      "key": "fields_to_fields_data_clump-./Victim-_l0-1QCuKEDaXYanbvIClPA-_kQm4cCuKEDaXYanbvIClPA-IDnamesurnamesexbornphoneageexploitationTyperelationshipWithTraderwayOfRecruitingrecruterInfonumberOfReports",
      "probability": 1,
      "from_file_path": "./Victim",
      "from_class_or_interface_name": "Victim",
      "from_class_or_interface_key": "_l0-1QCuKEDaXYanbvIClPA",
      "from_method_name": null,
      "from_method_key": null,
      "to_file_path": "./Potentialvictim",
      "to_class_or_interface_key": "_kQm4cCuKEDaXYanbvIClPA",
      "to_class_or_interface_name": "Victim",
      "to_method_key": null,
      "to_method_name": null,
      "data_clump_type": "fields_to_fields_data_clump",
      "data_clump_data": {
        "_cOYloC6DEDa0OvZYPSGtRg": {
          "key": "_cOYloC6DEDa0OvZYPSGtRg",
          "name": "ID",
          "type": null,
          "probability": 1,
          "modifiers": [
            "private"
          ],
          "to_variable": {
            "key": "_eitYsC6DEDa0OvZYPSGtRg",
            "name": "ID",
            "type": null,
            "modifiers": [
              "private"
            ],
            "position": {}
          },
          "position": {}
        },
        "_yDbI0C6PEDa0OvZYPSGtRg": {
          "key": "_yDbI0C6PEDa0OvZYPSGtRg",
          "name": "name",
          "type": null,
          "probability": 1,
          "modifiers": [
            "private"
          ],
          "to_variable": {
            "key": "_B7uBwS6REDa0OvZYPSGtRg",
            "name": "name",
            "type": null,
            "modifiers": [
              "private"
            ],
            "position": {}
          },
          "position": {}
        },
        "_yDbv4C6PEDa0OvZYPSGtRg": {
          "key": "_yDbv4C6PEDa0OvZYPSGtRg",
          "name": "surname",
          "type": null,
          "probability": 1,
          "modifiers": [
            "private"
          ],
          "to_variable": {
            "key": "_B7uBwi6REDa0OvZYPSGtRg",
            "name": "surname",
            "type": null,
            "modifiers": [
              "private"
            ],
            "position": {}
          },
          "position": {}
        },
        "_4d3agS6AEDa0OvZYPSGtRg": {
          "key": "_4d3agS6AEDa0OvZYPSGtRg",
          "name": "sex",
          "type": null,
          "probability": 1,
          "modifiers": [
            "private"
          ],
          "to_variable": {
            "key": "_B7uBwC6REDa0OvZYPSGtRg",
            "name": "sex",
            "type": null,
            "modifiers": [
              "private"
            ],
            "position": {}
          },
          "position": {}
        },
        "_8ruiEC6AEDa0OvZYPSGtRg": {
          "key": "_8ruiEC6AEDa0OvZYPSGtRg",
          "name": "born",
          "type": null,
          "probability": 1,
          "modifiers": [
            "private"
          ],
          "to_variable": {
            "key": "_B7uBwy6REDa0OvZYPSGtRg",
            "name": "born",
            "type": null,
            "modifiers": [
              "private"
            ],
            "position": {}
          },
          "position": {}
        },
        "_BnaY8C6BEDa0OvZYPSGtRg": {
          "key": "_BnaY8C6BEDa0OvZYPSGtRg",
          "name": "phone",
          "type": null,
          "probability": 1,
          "modifiers": [
            "private"
          ],
          "to_variable": {
            "key": "_B7uBxC6REDa0OvZYPSGtRg",
            "name": "phone",
            "type": null,
            "modifiers": [
              "private"
            ],
            "position": {}
          },
          "position": {}
        },
        "_uhYt0C6BEDa0OvZYPSGtRg": {
          "key": "_uhYt0C6BEDa0OvZYPSGtRg",
          "name": "age",
          "type": null,
          "probability": 1,
          "modifiers": [
            "private"
          ],
          "to_variable": {
            "key": "_B7uBxS6REDa0OvZYPSGtRg",
            "name": "age",
            "type": null,
            "modifiers": [
              "private"
            ],
            "position": {}
          },
          "position": {}
        },
        "_tyoXIC6REDa0OvZYPSGtRg": {
          "key": "_tyoXIC6REDa0OvZYPSGtRg",
          "name": "exploitationType",
          "type": null,
          "probability": 1,
          "modifiers": [
            "private"
          ],
          "to_variable": {
            "key": "_tbQY8C6REDa0OvZYPSGtRg",
            "name": "exploitationType",
            "type": null,
            "modifiers": [
              "private"
            ],
            "position": {}
          },
          "position": {}
        },
        "_yOClwS6BEDa0OvZYPSGtRg": {
          "key": "_yOClwS6BEDa0OvZYPSGtRg",
          "name": "relationshipWithTrader",
          "type": null,
          "probability": 1,
          "modifiers": [
            "private"
          ],
          "to_variable": {
            "key": "_B7uBxi6REDa0OvZYPSGtRg",
            "name": "relationshipWithTrader",
            "type": null,
            "modifiers": [
              "private"
            ],
            "position": {}
          },
          "position": {}
        },
        "_u8hVMC6CEDa0OvZYPSGtRg": {
          "key": "_u8hVMC6CEDa0OvZYPSGtRg",
          "name": "wayOfRecruiting",
          "type": null,
          "probability": 1,
          "modifiers": [
            "private"
          ],
          "to_variable": {
            "key": "_B7uByC6REDa0OvZYPSGtRg",
            "name": "wayOfRecruiting",
            "type": null,
            "modifiers": [
              "private"
            ],
            "position": {}
          },
          "position": {}
        },
        "_lm-XwS6mEDa0OvZYPSGtRg": {
          "key": "_lm-XwS6mEDa0OvZYPSGtRg",
          "name": "recruterInfo",
          "type": null,
          "probability": 1,
          "modifiers": [
            "private"
          ],
          "to_variable": {
            "key": "_w5nM0C6qEDa0OvZYPSGtRg",
            "name": "recruterInfo",
            "type": null,
            "modifiers": [
              "private"
            ],
            "position": {}
          },
          "position": {}
        },
        "_WdKacTDfEDammpFAP-z-bA": {
          "key": "_WdKacTDfEDammpFAP-z-bA",
          "name": "numberOfReports",
          "type": null,
          "probability": 1,
          "modifiers": [
            "private"
          ],
          "to_variable": {
            "key": "_o5Wo8DDfEDammpFAP-z-bA",
            "name": "numberOfReports",
            "type": null,
            "modifiers": [
              "private"
            ],
            "position": {}
          },
          "position": {}
        }
      }
    },
    "fields_to_fields_data_clump-./Victim-_l0-1QCuKEDaXYanbvIClPA-_hv4oICuKEDaXYanbvIClPA-IDnamesurnamesexagecitizenshipmaritalStatusexperienceOfViolence": {
      "type": "data_clump",
      "key": "fields_to_fields_data_clump-./Victim-_l0-1QCuKEDaXYanbvIClPA-_hv4oICuKEDaXYanbvIClPA-IDnamesurnamesexagecitizenshipmaritalStatusexperienceOfViolence",
      "probability": 1,
      "from_file_path": "./Victim",
      "from_class_or_interface_name": "Victim",
      "from_class_or_interface_key": "_l0-1QCuKEDaXYanbvIClPA",
      "from_method_name": null,
      "from_method_key": null,
      "to_file_path": "./Trader",
      "to_class_or_interface_key": "_hv4oICuKEDaXYanbvIClPA",
      "to_class_or_interface_name": "Victim",
      "to_method_key": null,
      "to_method_name": null,
      "data_clump_type": "fields_to_fields_data_clump",
      "data_clump_data": {
        "_cOYloC6DEDa0OvZYPSGtRg": {
          "key": "_cOYloC6DEDa0OvZYPSGtRg",
          "name": "ID",
          "type": null,
          "probability": 1,
          "modifiers": [
            "private"
          ],
          "to_variable": {
            "key": "_c0SIAC6DEDa0OvZYPSGtRg",
            "name": "ID",
            "type": null,
            "modifiers": [
              "private"
            ],
            "position": {}
          },
          "position": {}
        },
        "_yDbI0C6PEDa0OvZYPSGtRg": {
          "key": "_yDbI0C6PEDa0OvZYPSGtRg",
          "name": "name",
          "type": null,
          "probability": 1,
          "modifiers": [
            "private"
          ],
          "to_variable": {
            "key": "_hUnNsC6FEDa0OvZYPSGtRg",
            "name": "name",
            "type": null,
            "modifiers": [
              "private"
            ],
            "position": {}
          },
          "position": {}
        },
        "_yDbv4C6PEDa0OvZYPSGtRg": {
          "key": "_yDbv4C6PEDa0OvZYPSGtRg",
          "name": "surname",
          "type": null,
          "probability": 1,
          "modifiers": [
            "private"
          ],
          "to_variable": {
            "key": "_hUnNsS6FEDa0OvZYPSGtRg",
            "name": "surname",
            "type": null,
            "modifiers": [
              "private"
            ],
            "position": {}
          },
          "position": {}
        },
        "_4d3agS6AEDa0OvZYPSGtRg": {
          "key": "_4d3agS6AEDa0OvZYPSGtRg",
          "name": "sex",
          "type": null,
          "probability": 1,
          "modifiers": [
            "private"
          ],
          "to_variable": {
            "key": "_SEoj4C6CEDa0OvZYPSGtRg",
            "name": "sex",
            "type": null,
            "modifiers": [
              "private"
            ],
            "position": {}
          },
          "position": {}
        },
        "_uhYt0C6BEDa0OvZYPSGtRg": {
          "key": "_uhYt0C6BEDa0OvZYPSGtRg",
          "name": "age",
          "type": null,
          "probability": 1,
          "modifiers": [
            "private"
          ],
          "to_variable": {
            "key": "_yvZpkC6FEDa0OvZYPSGtRg",
            "name": "age",
            "type": null,
            "modifiers": [
              "private"
            ],
            "position": {}
          },
          "position": {}
        },
        "_sAnIQC6DEDa0OvZYPSGtRg": {
          "key": "_sAnIQC6DEDa0OvZYPSGtRg",
          "name": "citizenship",
          "type": null,
          "probability": 1,
          "modifiers": [
            "private"
          ],
          "to_variable": {
            "key": "_5KT3gC6FEDa0OvZYPSGtRg",
            "name": "citizenship",
            "type": null,
            "modifiers": [
              "private"
            ],
            "position": {}
          },
          "position": {}
        },
        "_y-FQsC6DEDa0OvZYPSGtRg": {
          "key": "_y-FQsC6DEDa0OvZYPSGtRg",
          "name": "maritalStatus",
          "type": null,
          "probability": 1,
          "modifiers": [
            "private"
          ],
          "to_variable": {
            "key": "_5KUekC6FEDa0OvZYPSGtRg",
            "name": "maritalStatus",
            "type": null,
            "modifiers": [
              "private"
            ],
            "position": {}
          },
          "position": {}
        },
        "_OXKhsC6EEDa0OvZYPSGtRg": {
          "key": "_OXKhsC6EEDa0OvZYPSGtRg",
          "name": "experienceOfViolence",
          "type": null,
          "probability": 1,
          "modifiers": [
            "private"
          ],
          "to_variable": {
            "key": "_5KUekS6FEDa0OvZYPSGtRg",
            "name": "experienceOfViolence",
            "type": null,
            "modifiers": [
              "private"
            ],
            "position": {}
          },
          "position": {}
        }
      }
    },
    "fields_to_fields_data_clump-./Victim-_l0-1QCuKEDaXYanbvIClPA-_bt864CuKEDaXYanbvIClPA-IDnamesurnamephone": {
      "type": "data_clump",
      "key": "fields_to_fields_data_clump-./Victim-_l0-1QCuKEDaXYanbvIClPA-_bt864CuKEDaXYanbvIClPA-IDnamesurnamephone",
      "probability": 1,
      "from_file_path": "./Victim",
      "from_class_or_interface_name": "Victim",
      "from_class_or_interface_key": "_l0-1QCuKEDaXYanbvIClPA",
      "from_method_name": null,
      "from_method_key": null,
      "to_file_path": "./User",
      "to_class_or_interface_key": "_bt864CuKEDaXYanbvIClPA",
      "to_class_or_interface_name": "Victim",
      "to_method_key": null,
      "to_method_name": null,
      "data_clump_type": "fields_to_fields_data_clump",
      "data_clump_data": {
        "_cOYloC6DEDa0OvZYPSGtRg": {
          "key": "_cOYloC6DEDa0OvZYPSGtRg",
          "name": "ID",
          "type": null,
          "probability": 1,
          "modifiers": [
            "private"
          ],
          "to_variable": {
            "key": "_aP1OQC6DEDa0OvZYPSGtRg",
            "name": "ID",
            "type": null,
            "modifiers": [
              "private"
            ],
            "position": {}
          },
          "position": {}
        },
        "_yDbI0C6PEDa0OvZYPSGtRg": {
          "key": "_yDbI0C6PEDa0OvZYPSGtRg",
          "name": "name",
          "type": null,
          "probability": 1,
          "modifiers": [
            "private"
          ],
          "to_variable": {
            "key": "_rrdqkC52EDa0OvZYPSGtRg",
            "name": "name",
            "type": null,
            "modifiers": [
              "private"
            ],
            "position": {}
          },
          "position": {}
        },
        "_yDbv4C6PEDa0OvZYPSGtRg": {
          "key": "_yDbv4C6PEDa0OvZYPSGtRg",
          "name": "surname",
          "type": null,
          "probability": 1,
          "modifiers": [
            "private"
          ],
          "to_variable": {
            "key": "_tH2wEC52EDa0OvZYPSGtRg",
            "name": "surname",
            "type": null,
            "modifiers": [
              "private"
            ],
            "position": {}
          },
          "position": {}
        },
        "_BnaY8C6BEDa0OvZYPSGtRg": {
          "key": "_BnaY8C6BEDa0OvZYPSGtRg",
          "name": "phone",
          "type": null,
          "probability": 1,
          "modifiers": [
            "private"
          ],
          "to_variable": {
            "key": "_i3CV0C6dEDa0OvZYPSGtRg",
            "name": "phone",
            "type": null,
            "modifiers": [
              "private"
            ],
            "position": {}
          },
          "position": {}
        }
      }
    }
  }
}