{
  "report_version": "unknown",
  "report_timestamp": "2025-03-26T23:08:52.887Z",
  "target_language": "java",
  "report_summary": {
    "additional": null,
    "amount_classes_or_interfaces_with_data_clumps": 2,
    "amount_files_with_data_clumps": 2,
    "amount_methods_with_data_clumps": 1,
    "fields_to_fields_data_clump": 2,
    "parameters_to_fields_data_clump": 2,
    "parameters_to_parameters_data_clump": 0,
    "amount_data_clumps": 4
  },
  "project_info": {
    "project_url": "unknown_project_url",
    "project_name": "_mbIlcOY-EeiyGtLb2crGgA",
    "project_version": "unknown_project_version",
    "project_commit_hash": "unknown",
    "project_tag": null,
    "project_commit_date": null,
    "additional": {},
    "number_of_files": 11,
    "number_of_classes_or_interfaces": 11,
    "number_of_methods": 46,
    "number_of_data_fields": 30,
    "number_of_method_parameters": 18
  },
  "detector": {
    "name": "data-clumps-doctor",
    "url": "https://github.com/NilsBaumgartner1994/data-clumps-doctor",
    "version": "0.1.100",
    "options": {
      "typeVariablesConsidered": false,
      "similarityModifierOfVariablesWithUnknownType": 0,
      "fieldsOfClassesWithUnknownHierarchyProbabilityModifier": 0,
      "sharedFieldsToFieldsAmountMinimum": 3,
      "analyseFieldsInClassesOrInterfacesInheritedFromSuperClassesOrInterfaces": false,
      "sharedParametersToParametersAmountMinimum": 3,
      "sharedParametersToFieldsAmountMinimum": 3,
      "methodsOfClassesOrInterfacesWithUnknownHierarchyProbabilityModifier": 0
    }
  },
  "data_clumps": {
    "parameters_to_fields_data_clump-./DatabasePrereqisite-_8lCCIMkpEDa74LNA0xrDbw-_2lBngMkpEDa74LNA0xrDbw-dbConnectiondbUsernamedbPassworddbRDS": {
      "type": "data_clump",
      "key": "parameters_to_fields_data_clump-./DatabasePrereqisite-_8lCCIMkpEDa74LNA0xrDbw-_2lBngMkpEDa74LNA0xrDbw-dbConnectiondbUsernamedbPassworddbRDS",
      "probability": 1,
      "from_file_path": "./DatabasePrereqisite",
      "from_class_or_interface_name": "DatabasePrereqisite",
      "from_class_or_interface_key": "_2lBngMkpEDa74LNA0xrDbw",
      "from_method_name": "DatabasePrerequisite",
      "from_method_key": "_8lCCIMkpEDa74LNA0xrDbw",
      "to_file_path": "./DatabasePrereqisite",
      "to_class_or_interface_name": "DatabasePrereqisite",
      "to_class_or_interface_key": "_2lBngMkpEDa74LNA0xrDbw",
      "to_method_name": null,
      "to_method_key": null,
      "data_clump_type": "parameters_to_fields_data_clump",
      "data_clump_data": {
        "_LZ1TMMkqEDa74LNA0xrDbw": {
          "key": "_LZ1TMMkqEDa74LNA0xrDbw",
          "name": "dbConnection",
          "type": null,
          "probability": 1,
          "modifiers": [],
          "to_variable": {
            "key": "_6hjHcMkpEDa74LNA0xrDbw",
            "name": "dbConnection",
            "type": null,
            "modifiers": [],
            "position": {}
          },
          "position": {}
        },
        "_V9cb4MkqEDa74LNA0xrDbw": {
          "key": "_V9cb4MkqEDa74LNA0xrDbw",
          "name": "dbUsername",
          "type": null,
          "probability": 1,
          "modifiers": [],
          "to_variable": {
            "key": "_6vGbQMkpEDa74LNA0xrDbw",
            "name": "dbUsername",
            "type": null,
            "modifiers": [],
            "position": {}
          },
          "position": {}
        },
        "_X-r64MkqEDa74LNA0xrDbw": {
          "key": "_X-r64MkqEDa74LNA0xrDbw",
          "name": "dbPassword",
          "type": null,
          "probability": 1,
          "modifiers": [],
          "to_variable": {
            "key": "_68-fMMkpEDa74LNA0xrDbw",
            "name": "dbPassword",
            "type": null,
            "modifiers": [],
            "position": {}
          },
          "position": {}
        },
        "_bqMjUMkqEDa74LNA0xrDbw": {
          "key": "_bqMjUMkqEDa74LNA0xrDbw",
          "name": "dbRDS",
          "type": null,
          "probability": 1,
          "modifiers": [],
          "to_variable": {
            "key": "_7V5VgMkpEDa74LNA0xrDbw",
            "name": "dbRDS",
            "type": null,
            "modifiers": [],
            "position": {}
          },
          "position": {}
        }
      }
    },
    "parameters_to_fields_data_clump-./DatabasePrereqisite-_8lCCIMkpEDa74LNA0xrDbw-_A5CQMMh1EDafira1dQz-RQ-dbConnectiondbUsernamedbPassworddbRDS": {
      "type": "data_clump",
      "key": "parameters_to_fields_data_clump-./DatabasePrereqisite-_8lCCIMkpEDa74LNA0xrDbw-_A5CQMMh1EDafira1dQz-RQ-dbConnectiondbUsernamedbPassworddbRDS",
      "probability": 1,
      "from_file_path": "./DatabasePrereqisite",
      "from_class_or_interface_name": "DatabasePrereqisite",
      "from_class_or_interface_key": "_2lBngMkpEDa74LNA0xrDbw",
      "from_method_name": "DatabasePrerequisite",
      "from_method_key": "_8lCCIMkpEDa74LNA0xrDbw",
      "to_file_path": "./MSSQLServer",
      "to_class_or_interface_name": "MSSQLServer",
      "to_class_or_interface_key": "_A5CQMMh1EDafira1dQz-RQ",
      "to_method_name": null,
      "to_method_key": null,
      "data_clump_type": "parameters_to_fields_data_clump",
      "data_clump_data": {
        "_LZ1TMMkqEDa74LNA0xrDbw": {
          "key": "_LZ1TMMkqEDa74LNA0xrDbw",
          "name": "dbConnection",
          "type": null,
          "probability": 1,
          "modifiers": [],
          "to_variable": {
            "key": "_xL2TsMh2EDafira1dQz-RQ",
            "name": "dbConnection",
            "type": null,
            "modifiers": [],
            "position": {}
          },
          "position": {}
        },
        "_V9cb4MkqEDa74LNA0xrDbw": {
          "key": "_V9cb4MkqEDa74LNA0xrDbw",
          "name": "dbUsername",
          "type": null,
          "probability": 1,
          "modifiers": [],
          "to_variable": {
            "key": "_22Y0oMh2EDafira1dQz-RQ",
            "name": "dbUsername",
            "type": null,
            "modifiers": [],
            "position": {}
          },
          "position": {}
        },
        "_X-r64MkqEDa74LNA0xrDbw": {
          "key": "_X-r64MkqEDa74LNA0xrDbw",
          "name": "dbPassword",
          "type": null,
          "probability": 1,
          "modifiers": [],
          "to_variable": {
            "key": "_3HPUEMh2EDafira1dQz-RQ",
            "name": "dbPassword",
            "type": null,
            "modifiers": [],
            "position": {}
          },
          "position": {}
        },
        "_bqMjUMkqEDa74LNA0xrDbw": {
          "key": "_bqMjUMkqEDa74LNA0xrDbw",
          "name": "dbRDS",
          "type": null,
          "probability": 1,
          "modifiers": [],
          "to_variable": {
            "key": "_3QWMwMh2EDafira1dQz-RQ",
            "name": "dbRDS",
            "type": null,
            "modifiers": [],
            "position": {}
          },
          "position": {}
        }
      }
    },
    "fields_to_fields_data_clump-./DatabasePrereqisite-_2lBngMkpEDa74LNA0xrDbw-_A5CQMMh1EDafira1dQz-RQ-dbConnectiondbUsernamedbPassworddbRDS": {
      "type": "data_clump",
      "key": "fields_to_fields_data_clump-./DatabasePrereqisite-_2lBngMkpEDa74LNA0xrDbw-_A5CQMMh1EDafira1dQz-RQ-dbConnectiondbUsernamedbPassworddbRDS",
      "probability": 1,
      "from_file_path": "./DatabasePrereqisite",
      "from_class_or_interface_name": "DatabasePrereqisite",
      "from_class_or_interface_key": "_2lBngMkpEDa74LNA0xrDbw",
      "from_method_name": null,
      "from_method_key": null,
      "to_file_path": "./MSSQLServer",
      "to_class_or_interface_key": "_A5CQMMh1EDafira1dQz-RQ",
      "to_class_or_interface_name": "DatabasePrereqisite",
      "to_method_key": null,
      "to_method_name": null,
      "data_clump_type": "fields_to_fields_data_clump",
      "data_clump_data": {
        "_6hjHcMkpEDa74LNA0xrDbw": {
          "key": "_6hjHcMkpEDa74LNA0xrDbw",
          "name": "dbConnection",
          "type": null,
          "probability": 1,
          "modifiers": [],
          "to_variable": {
            "key": "_xL2TsMh2EDafira1dQz-RQ",
            "name": "dbConnection",
            "type": null,
            "modifiers": [],
            "position": {}
          },
          "position": {}
        },
        "_6vGbQMkpEDa74LNA0xrDbw": {
          "key": "_6vGbQMkpEDa74LNA0xrDbw",
          "name": "dbUsername",
          "type": null,
          "probability": 1,
          "modifiers": [],
          "to_variable": {
            "key": "_22Y0oMh2EDafira1dQz-RQ",
            "name": "dbUsername",
            "type": null,
            "modifiers": [],
            "position": {}
          },
          "position": {}
        },
        "_68-fMMkpEDa74LNA0xrDbw": {
          "key": "_68-fMMkpEDa74LNA0xrDbw",
          "name": "dbPassword",
          "type": null,
          "probability": 1,
          "modifiers": [],
          "to_variable": {
            "key": "_3HPUEMh2EDafira1dQz-RQ",
            "name": "dbPassword",
            "type": null,
            "modifiers": [],
            "position": {}
          },
          "position": {}
        },
        "_7V5VgMkpEDa74LNA0xrDbw": {
          "key": "_7V5VgMkpEDa74LNA0xrDbw",
          "name": "dbRDS",
          "type": null,
          "probability": 1,
          "modifiers": [],
          "to_variable": {
            "key": "_3QWMwMh2EDafira1dQz-RQ",
            "name": "dbRDS",
            "type": null,
            "modifiers": [],
            "position": {}
          },
          "position": {}
        }
      }
    },
    "fields_to_fields_data_clump-./MSSQLServer-_A5CQMMh1EDafira1dQz-RQ-_2lBngMkpEDa74LNA0xrDbw-dbConnectiondbUsernamedbPassworddbRDS": {
      "type": "data_clump",
      "key": "fields_to_fields_data_clump-./MSSQLServer-_A5CQMMh1EDafira1dQz-RQ-_2lBngMkpEDa74LNA0xrDbw-dbConnectiondbUsernamedbPassworddbRDS",
      "probability": 1,
      "from_file_path": "./MSSQLServer",
      "from_class_or_interface_name": "MSSQLServer",
      "from_class_or_interface_key": "_A5CQMMh1EDafira1dQz-RQ",
      "from_method_name": null,
      "from_method_key": null,
      "to_file_path": "./DatabasePrereqisite",
      "to_class_or_interface_key": "_2lBngMkpEDa74LNA0xrDbw",
      "to_class_or_interface_name": "MSSQLServer",
      "to_method_key": null,
      "to_method_name": null,
      "data_clump_type": "fields_to_fields_data_clump",
      "data_clump_data": {
        "_xL2TsMh2EDafira1dQz-RQ": {
          "key": "_xL2TsMh2EDafira1dQz-RQ",
          "name": "dbConnection",
          "type": null,
          "probability": 1,
          "modifiers": [],
          "to_variable": {
            "key": "_6hjHcMkpEDa74LNA0xrDbw",
            "name": "dbConnection",
            "type": null,
            "modifiers": [],
            "position": {}
          },
          "position": {}
        },
        "_22Y0oMh2EDafira1dQz-RQ": {
          "key": "_22Y0oMh2EDafira1dQz-RQ",
          "name": "dbUsername",
          "type": null,
          "probability": 1,
          "modifiers": [],
          "to_variable": {
            "key": "_6vGbQMkpEDa74LNA0xrDbw",
            "name": "dbUsername",
            "type": null,
            "modifiers": [],
            "position": {}
          },
          "position": {}
        },
        "_3HPUEMh2EDafira1dQz-RQ": {
          "key": "_3HPUEMh2EDafira1dQz-RQ",
          "name": "dbPassword",
          "type": null,
          "probability": 1,
          "modifiers": [],
          "to_variable": {
            "key": "_68-fMMkpEDa74LNA0xrDbw",
            "name": "dbPassword",
            "type": null,
            "modifiers": [],
            "position": {}
          },
          "position": {}
        },
        "_3QWMwMh2EDafira1dQz-RQ": {
          "key": "_3QWMwMh2EDafira1dQz-RQ",
          "name": "dbRDS",
          "type": null,
          "probability": 1,
          "modifiers": [],
          "to_variable": {
            "key": "_7V5VgMkpEDa74LNA0xrDbw",
            "name": "dbRDS",
            "type": null,
            "modifiers": [],
            "position": {}
          },
          "position": {}
        }
      }
    }
  }
}