{
  "report_version": "unknown",
  "report_timestamp": "2025-03-26T22:22:25.880Z",
  "target_language": "java",
  "report_summary": {
    "additional": null,
    "amount_classes_or_interfaces_with_data_clumps": 7,
    "amount_files_with_data_clumps": 7,
    "amount_methods_with_data_clumps": 0,
    "fields_to_fields_data_clump": 42,
    "parameters_to_fields_data_clump": 0,
    "parameters_to_parameters_data_clump": 0,
    "amount_data_clumps": 42
  },
  "project_info": {
    "project_url": "unknown_project_url",
    "project_name": "_PU5l8ChqEeShcfbUiDP6ug",
    "project_version": "unknown_project_version",
    "project_commit_hash": "unknown",
    "project_tag": null,
    "project_commit_date": null,
    "additional": {},
    "number_of_files": 10,
    "number_of_classes_or_interfaces": 10,
    "number_of_methods": 11,
    "number_of_data_fields": 31,
    "number_of_method_parameters": 0
  },
  "detector": {
    "name": "data-clumps-doctor",
    "url": "https://github.com/NilsBaumgartner1994/data-clumps-doctor",
    "version": "0.1.100",
    "options": {
      "typeVariablesConsidered": false,
      "similarityModifierOfVariablesWithUnknownType": 0,
      "fieldsOfClassesWithUnknownHierarchyProbabilityModifier": 0,
      "sharedFieldsToFieldsAmountMinimum": 3,
      "analyseFieldsInClassesOrInterfacesInheritedFromSuperClassesOrInterfaces": false,
      "sharedParametersToParametersAmountMinimum": 3,
      "sharedParametersToFieldsAmountMinimum": 3,
      "methodsOfClassesOrInterfacesWithUnknownHierarchyProbabilityModifier": 0
    }
  },
  "data_clumps": {
    "fields_to_fields_data_clump-./for_logic-_aWDdkAqaEDKnOagRBdfeKg-_1jbN0AqaEDKnOagRBdfeKg-ticket_nopricestatus": {
      "type": "data_clump",
      "key": "fields_to_fields_data_clump-./for_logic-_aWDdkAqaEDKnOagRBdfeKg-_1jbN0AqaEDKnOagRBdfeKg-ticket_nopricestatus",
      "probability": 1,
      "from_file_path": "./for_logic",
      "from_class_or_interface_name": "for_logic",
      "from_class_or_interface_key": "_aWDdkAqaEDKnOagRBdfeKg",
      "from_method_name": null,
      "from_method_key": null,
      "to_file_path": "./jkp_logic",
      "to_class_or_interface_key": "_1jbN0AqaEDKnOagRBdfeKg",
      "to_class_or_interface_name": "for_logic",
      "to_method_key": null,
      "to_method_name": null,
      "data_clump_type": "fields_to_fields_data_clump",
      "data_clump_data": {
        "_j6zU0AqbEDKnOagRBdfeKg": {
          "key": "_j6zU0AqbEDKnOagRBdfeKg",
          "name": "ticket_no",
          "type": null,
          "probability": 1,
          "modifiers": [],
          "to_variable": {
            "key": "_IJjmAAqcEDKnOagRBdfeKg",
            "name": "ticket_no",
            "type": null,
            "modifiers": [],
            "position": {}
          },
          "position": {}
        },
        "_l2HyAAqbEDKnOagRBdfeKg": {
          "key": "_l2HyAAqbEDKnOagRBdfeKg",
          "name": "price",
          "type": null,
          "probability": 1,
          "modifiers": [],
          "to_variable": {
            "key": "_JyM-0AqcEDKnOagRBdfeKg",
            "name": "price",
            "type": null,
            "modifiers": [],
            "position": {}
          },
          "position": {}
        },
        "_noDpsAqbEDKnOagRBdfeKg": {
          "key": "_noDpsAqbEDKnOagRBdfeKg",
          "name": "status",
          "type": null,
          "probability": 1,
          "modifiers": [],
          "to_variable": {
            "key": "_MIJigAqcEDKnOagRBdfeKg",
            "name": "status",
            "type": null,
            "modifiers": [],
            "position": {}
          },
          "position": {}
        }
      }
    },
    "fields_to_fields_data_clump-./for_logic-_aWDdkAqaEDKnOagRBdfeKg-_XRDbgAqaEDKnOagRBdfeKg-ticket_nopricestatus": {
      "type": "data_clump",
      "key": "fields_to_fields_data_clump-./for_logic-_aWDdkAqaEDKnOagRBdfeKg-_XRDbgAqaEDKnOagRBdfeKg-ticket_nopricestatus",
      "probability": 1,
      "from_file_path": "./for_logic",
      "from_class_or_interface_name": "for_logic",
      "from_class_or_interface_key": "_aWDdkAqaEDKnOagRBdfeKg",
      "from_method_name": null,
      "from_method_key": null,
      "to_file_path": "./pla_logic",
      "to_class_or_interface_key": "_XRDbgAqaEDKnOagRBdfeKg",
      "to_class_or_interface_name": "for_logic",
      "to_method_key": null,
      "to_method_name": null,
      "data_clump_type": "fields_to_fields_data_clump",
      "data_clump_data": {
        "_j6zU0AqbEDKnOagRBdfeKg": {
          "key": "_j6zU0AqbEDKnOagRBdfeKg",
          "name": "ticket_no",
          "type": null,
          "probability": 1,
          "modifiers": [],
          "to_variable": {
            "key": "_Ks1QgAqbEDKnOagRBdfeKg",
            "name": "ticket_no",
            "type": null,
            "modifiers": [],
            "position": {}
          },
          "position": {}
        },
        "_l2HyAAqbEDKnOagRBdfeKg": {
          "key": "_l2HyAAqbEDKnOagRBdfeKg",
          "name": "price",
          "type": null,
          "probability": 1,
          "modifiers": [],
          "to_variable": {
            "key": "_O-oc4AqbEDKnOagRBdfeKg",
            "name": "price",
            "type": null,
            "modifiers": [],
            "position": {}
          },
          "position": {}
        },
        "_noDpsAqbEDKnOagRBdfeKg": {
          "key": "_noDpsAqbEDKnOagRBdfeKg",
          "name": "status",
          "type": null,
          "probability": 1,
          "modifiers": [],
          "to_variable": {
            "key": "_Q8IrYAqbEDKnOagRBdfeKg",
            "name": "status",
            "type": null,
            "modifiers": [],
            "position": {}
          },
          "position": {}
        }
      }
    },
    "fields_to_fields_data_clump-./for_logic-_aWDdkAqaEDKnOagRBdfeKg-_azu4EAqaEDKnOagRBdfeKg-ticket_nopricestatus": {
      "type": "data_clump",
      "key": "fields_to_fields_data_clump-./for_logic-_aWDdkAqaEDKnOagRBdfeKg-_azu4EAqaEDKnOagRBdfeKg-ticket_nopricestatus",
      "probability": 1,
      "from_file_path": "./for_logic",
      "from_class_or_interface_name": "for_logic",
      "from_class_or_interface_key": "_aWDdkAqaEDKnOagRBdfeKg",
      "from_method_name": null,
      "from_method_key": null,
      "to_file_path": "./qin_logic",
      "to_class_or_interface_key": "_azu4EAqaEDKnOagRBdfeKg",
      "to_class_or_interface_name": "for_logic",
      "to_method_key": null,
      "to_method_name": null,
      "data_clump_type": "fields_to_fields_data_clump",
      "data_clump_data": {
        "_j6zU0AqbEDKnOagRBdfeKg": {
          "key": "_j6zU0AqbEDKnOagRBdfeKg",
          "name": "ticket_no",
          "type": null,
          "probability": 1,
          "modifiers": [],
          "to_variable": {
            "key": "_sYxmsAqbEDKnOagRBdfeKg",
            "name": "ticket_no",
            "type": null,
            "modifiers": [],
            "position": {}
          },
          "position": {}
        },
        "_l2HyAAqbEDKnOagRBdfeKg": {
          "key": "_l2HyAAqbEDKnOagRBdfeKg",
          "name": "price",
          "type": null,
          "probability": 1,
          "modifiers": [],
          "to_variable": {
            "key": "_utvS8AqbEDKnOagRBdfeKg",
            "name": "price",
            "type": null,
            "modifiers": [],
            "position": {}
          },
          "position": {}
        },
        "_noDpsAqbEDKnOagRBdfeKg": {
          "key": "_noDpsAqbEDKnOagRBdfeKg",
          "name": "status",
          "type": null,
          "probability": 1,
          "modifiers": [],
          "to_variable": {
            "key": "_wUZHsAqbEDKnOagRBdfeKg",
            "name": "status",
            "type": null,
            "modifiers": [],
            "position": {}
          },
          "position": {}
        }
      }
    },
    "fields_to_fields_data_clump-./for_logic-_aWDdkAqaEDKnOagRBdfeKg-_j6OigAqaEDKnOagRBdfeKg-ticket_nopricestatus": {
      "type": "data_clump",
      "key": "fields_to_fields_data_clump-./for_logic-_aWDdkAqaEDKnOagRBdfeKg-_j6OigAqaEDKnOagRBdfeKg-ticket_nopricestatus",
      "probability": 1,
      "from_file_path": "./for_logic",
      "from_class_or_interface_name": "for_logic",
      "from_class_or_interface_key": "_aWDdkAqaEDKnOagRBdfeKg",
      "from_method_name": null,
      "from_method_key": null,
      "to_file_path": "./tnl_logic",
      "to_class_or_interface_key": "_j6OigAqaEDKnOagRBdfeKg",
      "to_class_or_interface_name": "for_logic",
      "to_method_key": null,
      "to_method_name": null,
      "data_clump_type": "fields_to_fields_data_clump",
      "data_clump_data": {
        "_j6zU0AqbEDKnOagRBdfeKg": {
          "key": "_j6zU0AqbEDKnOagRBdfeKg",
          "name": "ticket_no",
          "type": null,
          "probability": 1,
          "modifiers": [],
          "to_variable": {
            "key": "_-u5pcAqbEDKnOagRBdfeKg",
            "name": "ticket_no",
            "type": null,
            "modifiers": [],
            "position": {}
          },
          "position": {}
        },
        "_l2HyAAqbEDKnOagRBdfeKg": {
          "key": "_l2HyAAqbEDKnOagRBdfeKg",
          "name": "price",
          "type": null,
          "probability": 1,
          "modifiers": [],
          "to_variable": {
            "key": "_AjqysAqcEDKnOagRBdfeKg",
            "name": "price",
            "type": null,
            "modifiers": [],
            "position": {}
          },
          "position": {}
        },
        "_noDpsAqbEDKnOagRBdfeKg": {
          "key": "_noDpsAqbEDKnOagRBdfeKg",
          "name": "status",
          "type": null,
          "probability": 1,
          "modifiers": [],
          "to_variable": {
            "key": "_CCF4gAqcEDKnOagRBdfeKg",
            "name": "status",
            "type": null,
            "modifiers": [],
            "position": {}
          },
          "position": {}
        }
      }
    },
    "fields_to_fields_data_clump-./for_logic-_aWDdkAqaEDKnOagRBdfeKg-_lmeB4AqaEDKnOagRBdfeKg-ticket_nopricestatus": {
      "type": "data_clump",
      "key": "fields_to_fields_data_clump-./for_logic-_aWDdkAqaEDKnOagRBdfeKg-_lmeB4AqaEDKnOagRBdfeKg-ticket_nopricestatus",
      "probability": 1,
      "from_file_path": "./for_logic",
      "from_class_or_interface_name": "for_logic",
      "from_class_or_interface_key": "_aWDdkAqaEDKnOagRBdfeKg",
      "from_method_name": null,
      "from_method_key": null,
      "to_file_path": "./tre_logic",
      "to_class_or_interface_key": "_lmeB4AqaEDKnOagRBdfeKg",
      "to_class_or_interface_name": "for_logic",
      "to_method_key": null,
      "to_method_name": null,
      "data_clump_type": "fields_to_fields_data_clump",
      "data_clump_data": {
        "_j6zU0AqbEDKnOagRBdfeKg": {
          "key": "_j6zU0AqbEDKnOagRBdfeKg",
          "name": "ticket_no",
          "type": null,
          "probability": 1,
          "modifiers": [],
          "to_variable": {
            "key": "_27NqsAqbEDKnOagRBdfeKg",
            "name": "ticket_no",
            "type": null,
            "modifiers": [],
            "position": {}
          },
          "position": {}
        },
        "_l2HyAAqbEDKnOagRBdfeKg": {
          "key": "_l2HyAAqbEDKnOagRBdfeKg",
          "name": "price",
          "type": null,
          "probability": 1,
          "modifiers": [],
          "to_variable": {
            "key": "_5fbT4AqbEDKnOagRBdfeKg",
            "name": "price",
            "type": null,
            "modifiers": [],
            "position": {}
          },
          "position": {}
        },
        "_noDpsAqbEDKnOagRBdfeKg": {
          "key": "_noDpsAqbEDKnOagRBdfeKg",
          "name": "status",
          "type": null,
          "probability": 1,
          "modifiers": [],
          "to_variable": {
            "key": "_7heEIAqbEDKnOagRBdfeKg",
            "name": "status",
            "type": null,
            "modifiers": [],
            "position": {}
          },
          "position": {}
        }
      }
    },
    "fields_to_fields_data_clump-./for_logic-_aWDdkAqaEDKnOagRBdfeKg-_-Y-usAqZEDKnOagRBdfeKg-ticket_nopricestatus": {
      "type": "data_clump",
      "key": "fields_to_fields_data_clump-./for_logic-_aWDdkAqaEDKnOagRBdfeKg-_-Y-usAqZEDKnOagRBdfeKg-ticket_nopricestatus",
      "probability": 1,
      "from_file_path": "./for_logic",
      "from_class_or_interface_name": "for_logic",
      "from_class_or_interface_key": "_aWDdkAqaEDKnOagRBdfeKg",
      "from_method_name": null,
      "from_method_key": null,
      "to_file_path": "./win_logic",
      "to_class_or_interface_key": "_-Y-usAqZEDKnOagRBdfeKg",
      "to_class_or_interface_name": "for_logic",
      "to_method_key": null,
      "to_method_name": null,
      "data_clump_type": "fields_to_fields_data_clump",
      "data_clump_data": {
        "_j6zU0AqbEDKnOagRBdfeKg": {
          "key": "_j6zU0AqbEDKnOagRBdfeKg",
          "name": "ticket_no",
          "type": null,
          "probability": 1,
          "modifiers": [],
          "to_variable": {
            "key": "_545ZQAqaEDKnOagRBdfeKg",
            "name": "ticket_no",
            "type": null,
            "modifiers": [],
            "position": {}
          },
          "position": {}
        },
        "_l2HyAAqbEDKnOagRBdfeKg": {
          "key": "_l2HyAAqbEDKnOagRBdfeKg",
          "name": "price",
          "type": null,
          "probability": 1,
          "modifiers": [],
          "to_variable": {
            "key": "_A4C8sAqbEDKnOagRBdfeKg",
            "name": "price",
            "type": null,
            "modifiers": [],
            "position": {}
          },
          "position": {}
        },
        "_noDpsAqbEDKnOagRBdfeKg": {
          "key": "_noDpsAqbEDKnOagRBdfeKg",
          "name": "status",
          "type": null,
          "probability": 1,
          "modifiers": [],
          "to_variable": {
            "key": "_DN4ysAqbEDKnOagRBdfeKg",
            "name": "status",
            "type": null,
            "modifiers": [],
            "position": {}
          },
          "position": {}
        }
      }
    },
    "fields_to_fields_data_clump-./jkp_logic-_1jbN0AqaEDKnOagRBdfeKg-_aWDdkAqaEDKnOagRBdfeKg-ticket_nopricestatus": {
      "type": "data_clump",
      "key": "fields_to_fields_data_clump-./jkp_logic-_1jbN0AqaEDKnOagRBdfeKg-_aWDdkAqaEDKnOagRBdfeKg-ticket_nopricestatus",
      "probability": 1,
      "from_file_path": "./jkp_logic",
      "from_class_or_interface_name": "jkp_logic",
      "from_class_or_interface_key": "_1jbN0AqaEDKnOagRBdfeKg",
      "from_method_name": null,
      "from_method_key": null,
      "to_file_path": "./for_logic",
      "to_class_or_interface_key": "_aWDdkAqaEDKnOagRBdfeKg",
      "to_class_or_interface_name": "jkp_logic",
      "to_method_key": null,
      "to_method_name": null,
      "data_clump_type": "fields_to_fields_data_clump",
      "data_clump_data": {
        "_IJjmAAqcEDKnOagRBdfeKg": {
          "key": "_IJjmAAqcEDKnOagRBdfeKg",
          "name": "ticket_no",
          "type": null,
          "probability": 1,
          "modifiers": [],
          "to_variable": {
            "key": "_j6zU0AqbEDKnOagRBdfeKg",
            "name": "ticket_no",
            "type": null,
            "modifiers": [],
            "position": {}
          },
          "position": {}
        },
        "_JyM-0AqcEDKnOagRBdfeKg": {
          "key": "_JyM-0AqcEDKnOagRBdfeKg",
          "name": "price",
          "type": null,
          "probability": 1,
          "modifiers": [],
          "to_variable": {
            "key": "_l2HyAAqbEDKnOagRBdfeKg",
            "name": "price",
            "type": null,
            "modifiers": [],
            "position": {}
          },
          "position": {}
        },
        "_MIJigAqcEDKnOagRBdfeKg": {
          "key": "_MIJigAqcEDKnOagRBdfeKg",
          "name": "status",
          "type": null,
          "probability": 1,
          "modifiers": [],
          "to_variable": {
            "key": "_noDpsAqbEDKnOagRBdfeKg",
            "name": "status",
            "type": null,
            "modifiers": [],
            "position": {}
          },
          "position": {}
        }
      }
    },
    "fields_to_fields_data_clump-./jkp_logic-_1jbN0AqaEDKnOagRBdfeKg-_XRDbgAqaEDKnOagRBdfeKg-ticket_nopricestatus": {
      "type": "data_clump",
      "key": "fields_to_fields_data_clump-./jkp_logic-_1jbN0AqaEDKnOagRBdfeKg-_XRDbgAqaEDKnOagRBdfeKg-ticket_nopricestatus",
      "probability": 1,
      "from_file_path": "./jkp_logic",
      "from_class_or_interface_name": "jkp_logic",
      "from_class_or_interface_key": "_1jbN0AqaEDKnOagRBdfeKg",
      "from_method_name": null,
      "from_method_key": null,
      "to_file_path": "./pla_logic",
      "to_class_or_interface_key": "_XRDbgAqaEDKnOagRBdfeKg",
      "to_class_or_interface_name": "jkp_logic",
      "to_method_key": null,
      "to_method_name": null,
      "data_clump_type": "fields_to_fields_data_clump",
      "data_clump_data": {
        "_IJjmAAqcEDKnOagRBdfeKg": {
          "key": "_IJjmAAqcEDKnOagRBdfeKg",
          "name": "ticket_no",
          "type": null,
          "probability": 1,
          "modifiers": [],
          "to_variable": {
            "key": "_Ks1QgAqbEDKnOagRBdfeKg",
            "name": "ticket_no",
            "type": null,
            "modifiers": [],
            "position": {}
          },
          "position": {}
        },
        "_JyM-0AqcEDKnOagRBdfeKg": {
          "key": "_JyM-0AqcEDKnOagRBdfeKg",
          "name": "price",
          "type": null,
          "probability": 1,
          "modifiers": [],
          "to_variable": {
            "key": "_O-oc4AqbEDKnOagRBdfeKg",
            "name": "price",
            "type": null,
            "modifiers": [],
            "position": {}
          },
          "position": {}
        },
        "_MIJigAqcEDKnOagRBdfeKg": {
          "key": "_MIJigAqcEDKnOagRBdfeKg",
          "name": "status",
          "type": null,
          "probability": 1,
          "modifiers": [],
          "to_variable": {
            "key": "_Q8IrYAqbEDKnOagRBdfeKg",
            "name": "status",
            "type": null,
            "modifiers": [],
            "position": {}
          },
          "position": {}
        }
      }
    },
    "fields_to_fields_data_clump-./jkp_logic-_1jbN0AqaEDKnOagRBdfeKg-_azu4EAqaEDKnOagRBdfeKg-ticket_nopricestatus": {
      "type": "data_clump",
      "key": "fields_to_fields_data_clump-./jkp_logic-_1jbN0AqaEDKnOagRBdfeKg-_azu4EAqaEDKnOagRBdfeKg-ticket_nopricestatus",
      "probability": 1,
      "from_file_path": "./jkp_logic",
      "from_class_or_interface_name": "jkp_logic",
      "from_class_or_interface_key": "_1jbN0AqaEDKnOagRBdfeKg",
      "from_method_name": null,
      "from_method_key": null,
      "to_file_path": "./qin_logic",
      "to_class_or_interface_key": "_azu4EAqaEDKnOagRBdfeKg",
      "to_class_or_interface_name": "jkp_logic",
      "to_method_key": null,
      "to_method_name": null,
      "data_clump_type": "fields_to_fields_data_clump",
      "data_clump_data": {
        "_IJjmAAqcEDKnOagRBdfeKg": {
          "key": "_IJjmAAqcEDKnOagRBdfeKg",
          "name": "ticket_no",
          "type": null,
          "probability": 1,
          "modifiers": [],
          "to_variable": {
            "key": "_sYxmsAqbEDKnOagRBdfeKg",
            "name": "ticket_no",
            "type": null,
            "modifiers": [],
            "position": {}
          },
          "position": {}
        },
        "_JyM-0AqcEDKnOagRBdfeKg": {
          "key": "_JyM-0AqcEDKnOagRBdfeKg",
          "name": "price",
          "type": null,
          "probability": 1,
          "modifiers": [],
          "to_variable": {
            "key": "_utvS8AqbEDKnOagRBdfeKg",
            "name": "price",
            "type": null,
            "modifiers": [],
            "position": {}
          },
          "position": {}
        },
        "_MIJigAqcEDKnOagRBdfeKg": {
          "key": "_MIJigAqcEDKnOagRBdfeKg",
          "name": "status",
          "type": null,
          "probability": 1,
          "modifiers": [],
          "to_variable": {
            "key": "_wUZHsAqbEDKnOagRBdfeKg",
            "name": "status",
            "type": null,
            "modifiers": [],
            "position": {}
          },
          "position": {}
        }
      }
    },
    "fields_to_fields_data_clump-./jkp_logic-_1jbN0AqaEDKnOagRBdfeKg-_j6OigAqaEDKnOagRBdfeKg-ticket_nopricestatus": {
      "type": "data_clump",
      "key": "fields_to_fields_data_clump-./jkp_logic-_1jbN0AqaEDKnOagRBdfeKg-_j6OigAqaEDKnOagRBdfeKg-ticket_nopricestatus",
      "probability": 1,
      "from_file_path": "./jkp_logic",
      "from_class_or_interface_name": "jkp_logic",
      "from_class_or_interface_key": "_1jbN0AqaEDKnOagRBdfeKg",
      "from_method_name": null,
      "from_method_key": null,
      "to_file_path": "./tnl_logic",
      "to_class_or_interface_key": "_j6OigAqaEDKnOagRBdfeKg",
      "to_class_or_interface_name": "jkp_logic",
      "to_method_key": null,
      "to_method_name": null,
      "data_clump_type": "fields_to_fields_data_clump",
      "data_clump_data": {
        "_IJjmAAqcEDKnOagRBdfeKg": {
          "key": "_IJjmAAqcEDKnOagRBdfeKg",
          "name": "ticket_no",
          "type": null,
          "probability": 1,
          "modifiers": [],
          "to_variable": {
            "key": "_-u5pcAqbEDKnOagRBdfeKg",
            "name": "ticket_no",
            "type": null,
            "modifiers": [],
            "position": {}
          },
          "position": {}
        },
        "_JyM-0AqcEDKnOagRBdfeKg": {
          "key": "_JyM-0AqcEDKnOagRBdfeKg",
          "name": "price",
          "type": null,
          "probability": 1,
          "modifiers": [],
          "to_variable": {
            "key": "_AjqysAqcEDKnOagRBdfeKg",
            "name": "price",
            "type": null,
            "modifiers": [],
            "position": {}
          },
          "position": {}
        },
        "_MIJigAqcEDKnOagRBdfeKg": {
          "key": "_MIJigAqcEDKnOagRBdfeKg",
          "name": "status",
          "type": null,
          "probability": 1,
          "modifiers": [],
          "to_variable": {
            "key": "_CCF4gAqcEDKnOagRBdfeKg",
            "name": "status",
            "type": null,
            "modifiers": [],
            "position": {}
          },
          "position": {}
        }
      }
    },
    "fields_to_fields_data_clump-./jkp_logic-_1jbN0AqaEDKnOagRBdfeKg-_lmeB4AqaEDKnOagRBdfeKg-ticket_nopricestatus": {
      "type": "data_clump",
      "key": "fields_to_fields_data_clump-./jkp_logic-_1jbN0AqaEDKnOagRBdfeKg-_lmeB4AqaEDKnOagRBdfeKg-ticket_nopricestatus",
      "probability": 1,
      "from_file_path": "./jkp_logic",
      "from_class_or_interface_name": "jkp_logic",
      "from_class_or_interface_key": "_1jbN0AqaEDKnOagRBdfeKg",
      "from_method_name": null,
      "from_method_key": null,
      "to_file_path": "./tre_logic",
      "to_class_or_interface_key": "_lmeB4AqaEDKnOagRBdfeKg",
      "to_class_or_interface_name": "jkp_logic",
      "to_method_key": null,
      "to_method_name": null,
      "data_clump_type": "fields_to_fields_data_clump",
      "data_clump_data": {
        "_IJjmAAqcEDKnOagRBdfeKg": {
          "key": "_IJjmAAqcEDKnOagRBdfeKg",
          "name": "ticket_no",
          "type": null,
          "probability": 1,
          "modifiers": [],
          "to_variable": {
            "key": "_27NqsAqbEDKnOagRBdfeKg",
            "name": "ticket_no",
            "type": null,
            "modifiers": [],
            "position": {}
          },
          "position": {}
        },
        "_JyM-0AqcEDKnOagRBdfeKg": {
          "key": "_JyM-0AqcEDKnOagRBdfeKg",
          "name": "price",
          "type": null,
          "probability": 1,
          "modifiers": [],
          "to_variable": {
            "key": "_5fbT4AqbEDKnOagRBdfeKg",
            "name": "price",
            "type": null,
            "modifiers": [],
            "position": {}
          },
          "position": {}
        },
        "_MIJigAqcEDKnOagRBdfeKg": {
          "key": "_MIJigAqcEDKnOagRBdfeKg",
          "name": "status",
          "type": null,
          "probability": 1,
          "modifiers": [],
          "to_variable": {
            "key": "_7heEIAqbEDKnOagRBdfeKg",
            "name": "status",
            "type": null,
            "modifiers": [],
            "position": {}
          },
          "position": {}
        }
      }
    },
    "fields_to_fields_data_clump-./jkp_logic-_1jbN0AqaEDKnOagRBdfeKg-_-Y-usAqZEDKnOagRBdfeKg-ticket_nopricestatus": {
      "type": "data_clump",
      "key": "fields_to_fields_data_clump-./jkp_logic-_1jbN0AqaEDKnOagRBdfeKg-_-Y-usAqZEDKnOagRBdfeKg-ticket_nopricestatus",
      "probability": 1,
      "from_file_path": "./jkp_logic",
      "from_class_or_interface_name": "jkp_logic",
      "from_class_or_interface_key": "_1jbN0AqaEDKnOagRBdfeKg",
      "from_method_name": null,
      "from_method_key": null,
      "to_file_path": "./win_logic",
      "to_class_or_interface_key": "_-Y-usAqZEDKnOagRBdfeKg",
      "to_class_or_interface_name": "jkp_logic",
      "to_method_key": null,
      "to_method_name": null,
      "data_clump_type": "fields_to_fields_data_clump",
      "data_clump_data": {
        "_IJjmAAqcEDKnOagRBdfeKg": {
          "key": "_IJjmAAqcEDKnOagRBdfeKg",
          "name": "ticket_no",
          "type": null,
          "probability": 1,
          "modifiers": [],
          "to_variable": {
            "key": "_545ZQAqaEDKnOagRBdfeKg",
            "name": "ticket_no",
            "type": null,
            "modifiers": [],
            "position": {}
          },
          "position": {}
        },
        "_JyM-0AqcEDKnOagRBdfeKg": {
          "key": "_JyM-0AqcEDKnOagRBdfeKg",
          "name": "price",
          "type": null,
          "probability": 1,
          "modifiers": [],
          "to_variable": {
            "key": "_A4C8sAqbEDKnOagRBdfeKg",
            "name": "price",
            "type": null,
            "modifiers": [],
            "position": {}
          },
          "position": {}
        },
        "_MIJigAqcEDKnOagRBdfeKg": {
          "key": "_MIJigAqcEDKnOagRBdfeKg",
          "name": "status",
          "type": null,
          "probability": 1,
          "modifiers": [],
          "to_variable": {
            "key": "_DN4ysAqbEDKnOagRBdfeKg",
            "name": "status",
            "type": null,
            "modifiers": [],
            "position": {}
          },
          "position": {}
        }
      }
    },
    "fields_to_fields_data_clump-./pla_logic-_XRDbgAqaEDKnOagRBdfeKg-_aWDdkAqaEDKnOagRBdfeKg-ticket_nopricestatus": {
      "type": "data_clump",
      "key": "fields_to_fields_data_clump-./pla_logic-_XRDbgAqaEDKnOagRBdfeKg-_aWDdkAqaEDKnOagRBdfeKg-ticket_nopricestatus",
      "probability": 1,
      "from_file_path": "./pla_logic",
      "from_class_or_interface_name": "pla_logic",
      "from_class_or_interface_key": "_XRDbgAqaEDKnOagRBdfeKg",
      "from_method_name": null,
      "from_method_key": null,
      "to_file_path": "./for_logic",
      "to_class_or_interface_key": "_aWDdkAqaEDKnOagRBdfeKg",
      "to_class_or_interface_name": "pla_logic",
      "to_method_key": null,
      "to_method_name": null,
      "data_clump_type": "fields_to_fields_data_clump",
      "data_clump_data": {
        "_Ks1QgAqbEDKnOagRBdfeKg": {
          "key": "_Ks1QgAqbEDKnOagRBdfeKg",
          "name": "ticket_no",
          "type": null,
          "probability": 1,
          "modifiers": [],
          "to_variable": {
            "key": "_j6zU0AqbEDKnOagRBdfeKg",
            "name": "ticket_no",
            "type": null,
            "modifiers": [],
            "position": {}
          },
          "position": {}
        },
        "_O-oc4AqbEDKnOagRBdfeKg": {
          "key": "_O-oc4AqbEDKnOagRBdfeKg",
          "name": "price",
          "type": null,
          "probability": 1,
          "modifiers": [],
          "to_variable": {
            "key": "_l2HyAAqbEDKnOagRBdfeKg",
            "name": "price",
            "type": null,
            "modifiers": [],
            "position": {}
          },
          "position": {}
        },
        "_Q8IrYAqbEDKnOagRBdfeKg": {
          "key": "_Q8IrYAqbEDKnOagRBdfeKg",
          "name": "status",
          "type": null,
          "probability": 1,
          "modifiers": [],
          "to_variable": {
            "key": "_noDpsAqbEDKnOagRBdfeKg",
            "name": "status",
            "type": null,
            "modifiers": [],
            "position": {}
          },
          "position": {}
        }
      }
    },
    "fields_to_fields_data_clump-./pla_logic-_XRDbgAqaEDKnOagRBdfeKg-_1jbN0AqaEDKnOagRBdfeKg-ticket_nopricestatus": {
      "type": "data_clump",
      "key": "fields_to_fields_data_clump-./pla_logic-_XRDbgAqaEDKnOagRBdfeKg-_1jbN0AqaEDKnOagRBdfeKg-ticket_nopricestatus",
      "probability": 1,
      "from_file_path": "./pla_logic",
      "from_class_or_interface_name": "pla_logic",
      "from_class_or_interface_key": "_XRDbgAqaEDKnOagRBdfeKg",
      "from_method_name": null,
      "from_method_key": null,
      "to_file_path": "./jkp_logic",
      "to_class_or_interface_key": "_1jbN0AqaEDKnOagRBdfeKg",
      "to_class_or_interface_name": "pla_logic",
      "to_method_key": null,
      "to_method_name": null,
      "data_clump_type": "fields_to_fields_data_clump",
      "data_clump_data": {
        "_Ks1QgAqbEDKnOagRBdfeKg": {
          "key": "_Ks1QgAqbEDKnOagRBdfeKg",
          "name": "ticket_no",
          "type": null,
          "probability": 1,
          "modifiers": [],
          "to_variable": {
            "key": "_IJjmAAqcEDKnOagRBdfeKg",
            "name": "ticket_no",
            "type": null,
            "modifiers": [],
            "position": {}
          },
          "position": {}
        },
        "_O-oc4AqbEDKnOagRBdfeKg": {
          "key": "_O-oc4AqbEDKnOagRBdfeKg",
          "name": "price",
          "type": null,
          "probability": 1,
          "modifiers": [],
          "to_variable": {
            "key": "_JyM-0AqcEDKnOagRBdfeKg",
            "name": "price",
            "type": null,
            "modifiers": [],
            "position": {}
          },
          "position": {}
        },
        "_Q8IrYAqbEDKnOagRBdfeKg": {
          "key": "_Q8IrYAqbEDKnOagRBdfeKg",
          "name": "status",
          "type": null,
          "probability": 1,
          "modifiers": [],
          "to_variable": {
            "key": "_MIJigAqcEDKnOagRBdfeKg",
            "name": "status",
            "type": null,
            "modifiers": [],
            "position": {}
          },
          "position": {}
        }
      }
    },
    "fields_to_fields_data_clump-./pla_logic-_XRDbgAqaEDKnOagRBdfeKg-_azu4EAqaEDKnOagRBdfeKg-ticket_nopricestatus": {
      "type": "data_clump",
      "key": "fields_to_fields_data_clump-./pla_logic-_XRDbgAqaEDKnOagRBdfeKg-_azu4EAqaEDKnOagRBdfeKg-ticket_nopricestatus",
      "probability": 1,
      "from_file_path": "./pla_logic",
      "from_class_or_interface_name": "pla_logic",
      "from_class_or_interface_key": "_XRDbgAqaEDKnOagRBdfeKg",
      "from_method_name": null,
      "from_method_key": null,
      "to_file_path": "./qin_logic",
      "to_class_or_interface_key": "_azu4EAqaEDKnOagRBdfeKg",
      "to_class_or_interface_name": "pla_logic",
      "to_method_key": null,
      "to_method_name": null,
      "data_clump_type": "fields_to_fields_data_clump",
      "data_clump_data": {
        "_Ks1QgAqbEDKnOagRBdfeKg": {
          "key": "_Ks1QgAqbEDKnOagRBdfeKg",
          "name": "ticket_no",
          "type": null,
          "probability": 1,
          "modifiers": [],
          "to_variable": {
            "key": "_sYxmsAqbEDKnOagRBdfeKg",
            "name": "ticket_no",
            "type": null,
            "modifiers": [],
            "position": {}
          },
          "position": {}
        },
        "_O-oc4AqbEDKnOagRBdfeKg": {
          "key": "_O-oc4AqbEDKnOagRBdfeKg",
          "name": "price",
          "type": null,
          "probability": 1,
          "modifiers": [],
          "to_variable": {
            "key": "_utvS8AqbEDKnOagRBdfeKg",
            "name": "price",
            "type": null,
            "modifiers": [],
            "position": {}
          },
          "position": {}
        },
        "_Q8IrYAqbEDKnOagRBdfeKg": {
          "key": "_Q8IrYAqbEDKnOagRBdfeKg",
          "name": "status",
          "type": null,
          "probability": 1,
          "modifiers": [],
          "to_variable": {
            "key": "_wUZHsAqbEDKnOagRBdfeKg",
            "name": "status",
            "type": null,
            "modifiers": [],
            "position": {}
          },
          "position": {}
        }
      }
    },
    "fields_to_fields_data_clump-./pla_logic-_XRDbgAqaEDKnOagRBdfeKg-_j6OigAqaEDKnOagRBdfeKg-ticket_nopricestatus": {
      "type": "data_clump",
      "key": "fields_to_fields_data_clump-./pla_logic-_XRDbgAqaEDKnOagRBdfeKg-_j6OigAqaEDKnOagRBdfeKg-ticket_nopricestatus",
      "probability": 1,
      "from_file_path": "./pla_logic",
      "from_class_or_interface_name": "pla_logic",
      "from_class_or_interface_key": "_XRDbgAqaEDKnOagRBdfeKg",
      "from_method_name": null,
      "from_method_key": null,
      "to_file_path": "./tnl_logic",
      "to_class_or_interface_key": "_j6OigAqaEDKnOagRBdfeKg",
      "to_class_or_interface_name": "pla_logic",
      "to_method_key": null,
      "to_method_name": null,
      "data_clump_type": "fields_to_fields_data_clump",
      "data_clump_data": {
        "_Ks1QgAqbEDKnOagRBdfeKg": {
          "key": "_Ks1QgAqbEDKnOagRBdfeKg",
          "name": "ticket_no",
          "type": null,
          "probability": 1,
          "modifiers": [],
          "to_variable": {
            "key": "_-u5pcAqbEDKnOagRBdfeKg",
            "name": "ticket_no",
            "type": null,
            "modifiers": [],
            "position": {}
          },
          "position": {}
        },
        "_O-oc4AqbEDKnOagRBdfeKg": {
          "key": "_O-oc4AqbEDKnOagRBdfeKg",
          "name": "price",
          "type": null,
          "probability": 1,
          "modifiers": [],
          "to_variable": {
            "key": "_AjqysAqcEDKnOagRBdfeKg",
            "name": "price",
            "type": null,
            "modifiers": [],
            "position": {}
          },
          "position": {}
        },
        "_Q8IrYAqbEDKnOagRBdfeKg": {
          "key": "_Q8IrYAqbEDKnOagRBdfeKg",
          "name": "status",
          "type": null,
          "probability": 1,
          "modifiers": [],
          "to_variable": {
            "key": "_CCF4gAqcEDKnOagRBdfeKg",
            "name": "status",
            "type": null,
            "modifiers": [],
            "position": {}
          },
          "position": {}
        }
      }
    },
    "fields_to_fields_data_clump-./pla_logic-_XRDbgAqaEDKnOagRBdfeKg-_lmeB4AqaEDKnOagRBdfeKg-ticket_nopricestatus": {
      "type": "data_clump",
      "key": "fields_to_fields_data_clump-./pla_logic-_XRDbgAqaEDKnOagRBdfeKg-_lmeB4AqaEDKnOagRBdfeKg-ticket_nopricestatus",
      "probability": 1,
      "from_file_path": "./pla_logic",
      "from_class_or_interface_name": "pla_logic",
      "from_class_or_interface_key": "_XRDbgAqaEDKnOagRBdfeKg",
      "from_method_name": null,
      "from_method_key": null,
      "to_file_path": "./tre_logic",
      "to_class_or_interface_key": "_lmeB4AqaEDKnOagRBdfeKg",
      "to_class_or_interface_name": "pla_logic",
      "to_method_key": null,
      "to_method_name": null,
      "data_clump_type": "fields_to_fields_data_clump",
      "data_clump_data": {
        "_Ks1QgAqbEDKnOagRBdfeKg": {
          "key": "_Ks1QgAqbEDKnOagRBdfeKg",
          "name": "ticket_no",
          "type": null,
          "probability": 1,
          "modifiers": [],
          "to_variable": {
            "key": "_27NqsAqbEDKnOagRBdfeKg",
            "name": "ticket_no",
            "type": null,
            "modifiers": [],
            "position": {}
          },
          "position": {}
        },
        "_O-oc4AqbEDKnOagRBdfeKg": {
          "key": "_O-oc4AqbEDKnOagRBdfeKg",
          "name": "price",
          "type": null,
          "probability": 1,
          "modifiers": [],
          "to_variable": {
            "key": "_5fbT4AqbEDKnOagRBdfeKg",
            "name": "price",
            "type": null,
            "modifiers": [],
            "position": {}
          },
          "position": {}
        },
        "_Q8IrYAqbEDKnOagRBdfeKg": {
          "key": "_Q8IrYAqbEDKnOagRBdfeKg",
          "name": "status",
          "type": null,
          "probability": 1,
          "modifiers": [],
          "to_variable": {
            "key": "_7heEIAqbEDKnOagRBdfeKg",
            "name": "status",
            "type": null,
            "modifiers": [],
            "position": {}
          },
          "position": {}
        }
      }
    },
    "fields_to_fields_data_clump-./pla_logic-_XRDbgAqaEDKnOagRBdfeKg-_-Y-usAqZEDKnOagRBdfeKg-ticket_nopricestatus": {
      "type": "data_clump",
      "key": "fields_to_fields_data_clump-./pla_logic-_XRDbgAqaEDKnOagRBdfeKg-_-Y-usAqZEDKnOagRBdfeKg-ticket_nopricestatus",
      "probability": 1,
      "from_file_path": "./pla_logic",
      "from_class_or_interface_name": "pla_logic",
      "from_class_or_interface_key": "_XRDbgAqaEDKnOagRBdfeKg",
      "from_method_name": null,
      "from_method_key": null,
      "to_file_path": "./win_logic",
      "to_class_or_interface_key": "_-Y-usAqZEDKnOagRBdfeKg",
      "to_class_or_interface_name": "pla_logic",
      "to_method_key": null,
      "to_method_name": null,
      "data_clump_type": "fields_to_fields_data_clump",
      "data_clump_data": {
        "_Ks1QgAqbEDKnOagRBdfeKg": {
          "key": "_Ks1QgAqbEDKnOagRBdfeKg",
          "name": "ticket_no",
          "type": null,
          "probability": 1,
          "modifiers": [],
          "to_variable": {
            "key": "_545ZQAqaEDKnOagRBdfeKg",
            "name": "ticket_no",
            "type": null,
            "modifiers": [],
            "position": {}
          },
          "position": {}
        },
        "_O-oc4AqbEDKnOagRBdfeKg": {
          "key": "_O-oc4AqbEDKnOagRBdfeKg",
          "name": "price",
          "type": null,
          "probability": 1,
          "modifiers": [],
          "to_variable": {
            "key": "_A4C8sAqbEDKnOagRBdfeKg",
            "name": "price",
            "type": null,
            "modifiers": [],
            "position": {}
          },
          "position": {}
        },
        "_Q8IrYAqbEDKnOagRBdfeKg": {
          "key": "_Q8IrYAqbEDKnOagRBdfeKg",
          "name": "status",
          "type": null,
          "probability": 1,
          "modifiers": [],
          "to_variable": {
            "key": "_DN4ysAqbEDKnOagRBdfeKg",
            "name": "status",
            "type": null,
            "modifiers": [],
            "position": {}
          },
          "position": {}
        }
      }
    },
    "fields_to_fields_data_clump-./qin_logic-_azu4EAqaEDKnOagRBdfeKg-_aWDdkAqaEDKnOagRBdfeKg-ticket_nopricestatus": {
      "type": "data_clump",
      "key": "fields_to_fields_data_clump-./qin_logic-_azu4EAqaEDKnOagRBdfeKg-_aWDdkAqaEDKnOagRBdfeKg-ticket_nopricestatus",
      "probability": 1,
      "from_file_path": "./qin_logic",
      "from_class_or_interface_name": "qin_logic",
      "from_class_or_interface_key": "_azu4EAqaEDKnOagRBdfeKg",
      "from_method_name": null,
      "from_method_key": null,
      "to_file_path": "./for_logic",
      "to_class_or_interface_key": "_aWDdkAqaEDKnOagRBdfeKg",
      "to_class_or_interface_name": "qin_logic",
      "to_method_key": null,
      "to_method_name": null,
      "data_clump_type": "fields_to_fields_data_clump",
      "data_clump_data": {
        "_sYxmsAqbEDKnOagRBdfeKg": {
          "key": "_sYxmsAqbEDKnOagRBdfeKg",
          "name": "ticket_no",
          "type": null,
          "probability": 1,
          "modifiers": [],
          "to_variable": {
            "key": "_j6zU0AqbEDKnOagRBdfeKg",
            "name": "ticket_no",
            "type": null,
            "modifiers": [],
            "position": {}
          },
          "position": {}
        },
        "_utvS8AqbEDKnOagRBdfeKg": {
          "key": "_utvS8AqbEDKnOagRBdfeKg",
          "name": "price",
          "type": null,
          "probability": 1,
          "modifiers": [],
          "to_variable": {
            "key": "_l2HyAAqbEDKnOagRBdfeKg",
            "name": "price",
            "type": null,
            "modifiers": [],
            "position": {}
          },
          "position": {}
        },
        "_wUZHsAqbEDKnOagRBdfeKg": {
          "key": "_wUZHsAqbEDKnOagRBdfeKg",
          "name": "status",
          "type": null,
          "probability": 1,
          "modifiers": [],
          "to_variable": {
            "key": "_noDpsAqbEDKnOagRBdfeKg",
            "name": "status",
            "type": null,
            "modifiers": [],
            "position": {}
          },
          "position": {}
        }
      }
    },
    "fields_to_fields_data_clump-./qin_logic-_azu4EAqaEDKnOagRBdfeKg-_1jbN0AqaEDKnOagRBdfeKg-ticket_nopricestatus": {
      "type": "data_clump",
      "key": "fields_to_fields_data_clump-./qin_logic-_azu4EAqaEDKnOagRBdfeKg-_1jbN0AqaEDKnOagRBdfeKg-ticket_nopricestatus",
      "probability": 1,
      "from_file_path": "./qin_logic",
      "from_class_or_interface_name": "qin_logic",
      "from_class_or_interface_key": "_azu4EAqaEDKnOagRBdfeKg",
      "from_method_name": null,
      "from_method_key": null,
      "to_file_path": "./jkp_logic",
      "to_class_or_interface_key": "_1jbN0AqaEDKnOagRBdfeKg",
      "to_class_or_interface_name": "qin_logic",
      "to_method_key": null,
      "to_method_name": null,
      "data_clump_type": "fields_to_fields_data_clump",
      "data_clump_data": {
        "_sYxmsAqbEDKnOagRBdfeKg": {
          "key": "_sYxmsAqbEDKnOagRBdfeKg",
          "name": "ticket_no",
          "type": null,
          "probability": 1,
          "modifiers": [],
          "to_variable": {
            "key": "_IJjmAAqcEDKnOagRBdfeKg",
            "name": "ticket_no",
            "type": null,
            "modifiers": [],
            "position": {}
          },
          "position": {}
        },
        "_utvS8AqbEDKnOagRBdfeKg": {
          "key": "_utvS8AqbEDKnOagRBdfeKg",
          "name": "price",
          "type": null,
          "probability": 1,
          "modifiers": [],
          "to_variable": {
            "key": "_JyM-0AqcEDKnOagRBdfeKg",
            "name": "price",
            "type": null,
            "modifiers": [],
            "position": {}
          },
          "position": {}
        },
        "_wUZHsAqbEDKnOagRBdfeKg": {
          "key": "_wUZHsAqbEDKnOagRBdfeKg",
          "name": "status",
          "type": null,
          "probability": 1,
          "modifiers": [],
          "to_variable": {
            "key": "_MIJigAqcEDKnOagRBdfeKg",
            "name": "status",
            "type": null,
            "modifiers": [],
            "position": {}
          },
          "position": {}
        }
      }
    },
    "fields_to_fields_data_clump-./qin_logic-_azu4EAqaEDKnOagRBdfeKg-_XRDbgAqaEDKnOagRBdfeKg-ticket_nopricestatus": {
      "type": "data_clump",
      "key": "fields_to_fields_data_clump-./qin_logic-_azu4EAqaEDKnOagRBdfeKg-_XRDbgAqaEDKnOagRBdfeKg-ticket_nopricestatus",
      "probability": 1,
      "from_file_path": "./qin_logic",
      "from_class_or_interface_name": "qin_logic",
      "from_class_or_interface_key": "_azu4EAqaEDKnOagRBdfeKg",
      "from_method_name": null,
      "from_method_key": null,
      "to_file_path": "./pla_logic",
      "to_class_or_interface_key": "_XRDbgAqaEDKnOagRBdfeKg",
      "to_class_or_interface_name": "qin_logic",
      "to_method_key": null,
      "to_method_name": null,
      "data_clump_type": "fields_to_fields_data_clump",
      "data_clump_data": {
        "_sYxmsAqbEDKnOagRBdfeKg": {
          "key": "_sYxmsAqbEDKnOagRBdfeKg",
          "name": "ticket_no",
          "type": null,
          "probability": 1,
          "modifiers": [],
          "to_variable": {
            "key": "_Ks1QgAqbEDKnOagRBdfeKg",
            "name": "ticket_no",
            "type": null,
            "modifiers": [],
            "position": {}
          },
          "position": {}
        },
        "_utvS8AqbEDKnOagRBdfeKg": {
          "key": "_utvS8AqbEDKnOagRBdfeKg",
          "name": "price",
          "type": null,
          "probability": 1,
          "modifiers": [],
          "to_variable": {
            "key": "_O-oc4AqbEDKnOagRBdfeKg",
            "name": "price",
            "type": null,
            "modifiers": [],
            "position": {}
          },
          "position": {}
        },
        "_wUZHsAqbEDKnOagRBdfeKg": {
          "key": "_wUZHsAqbEDKnOagRBdfeKg",
          "name": "status",
          "type": null,
          "probability": 1,
          "modifiers": [],
          "to_variable": {
            "key": "_Q8IrYAqbEDKnOagRBdfeKg",
            "name": "status",
            "type": null,
            "modifiers": [],
            "position": {}
          },
          "position": {}
        }
      }
    },
    "fields_to_fields_data_clump-./qin_logic-_azu4EAqaEDKnOagRBdfeKg-_j6OigAqaEDKnOagRBdfeKg-ticket_nopricestatus": {
      "type": "data_clump",
      "key": "fields_to_fields_data_clump-./qin_logic-_azu4EAqaEDKnOagRBdfeKg-_j6OigAqaEDKnOagRBdfeKg-ticket_nopricestatus",
      "probability": 1,
      "from_file_path": "./qin_logic",
      "from_class_or_interface_name": "qin_logic",
      "from_class_or_interface_key": "_azu4EAqaEDKnOagRBdfeKg",
      "from_method_name": null,
      "from_method_key": null,
      "to_file_path": "./tnl_logic",
      "to_class_or_interface_key": "_j6OigAqaEDKnOagRBdfeKg",
      "to_class_or_interface_name": "qin_logic",
      "to_method_key": null,
      "to_method_name": null,
      "data_clump_type": "fields_to_fields_data_clump",
      "data_clump_data": {
        "_sYxmsAqbEDKnOagRBdfeKg": {
          "key": "_sYxmsAqbEDKnOagRBdfeKg",
          "name": "ticket_no",
          "type": null,
          "probability": 1,
          "modifiers": [],
          "to_variable": {
            "key": "_-u5pcAqbEDKnOagRBdfeKg",
            "name": "ticket_no",
            "type": null,
            "modifiers": [],
            "position": {}
          },
          "position": {}
        },
        "_utvS8AqbEDKnOagRBdfeKg": {
          "key": "_utvS8AqbEDKnOagRBdfeKg",
          "name": "price",
          "type": null,
          "probability": 1,
          "modifiers": [],
          "to_variable": {
            "key": "_AjqysAqcEDKnOagRBdfeKg",
            "name": "price",
            "type": null,
            "modifiers": [],
            "position": {}
          },
          "position": {}
        },
        "_wUZHsAqbEDKnOagRBdfeKg": {
          "key": "_wUZHsAqbEDKnOagRBdfeKg",
          "name": "status",
          "type": null,
          "probability": 1,
          "modifiers": [],
          "to_variable": {
            "key": "_CCF4gAqcEDKnOagRBdfeKg",
            "name": "status",
            "type": null,
            "modifiers": [],
            "position": {}
          },
          "position": {}
        }
      }
    },
    "fields_to_fields_data_clump-./qin_logic-_azu4EAqaEDKnOagRBdfeKg-_lmeB4AqaEDKnOagRBdfeKg-ticket_nopricestatus": {
      "type": "data_clump",
      "key": "fields_to_fields_data_clump-./qin_logic-_azu4EAqaEDKnOagRBdfeKg-_lmeB4AqaEDKnOagRBdfeKg-ticket_nopricestatus",
      "probability": 1,
      "from_file_path": "./qin_logic",
      "from_class_or_interface_name": "qin_logic",
      "from_class_or_interface_key": "_azu4EAqaEDKnOagRBdfeKg",
      "from_method_name": null,
      "from_method_key": null,
      "to_file_path": "./tre_logic",
      "to_class_or_interface_key": "_lmeB4AqaEDKnOagRBdfeKg",
      "to_class_or_interface_name": "qin_logic",
      "to_method_key": null,
      "to_method_name": null,
      "data_clump_type": "fields_to_fields_data_clump",
      "data_clump_data": {
        "_sYxmsAqbEDKnOagRBdfeKg": {
          "key": "_sYxmsAqbEDKnOagRBdfeKg",
          "name": "ticket_no",
          "type": null,
          "probability": 1,
          "modifiers": [],
          "to_variable": {
            "key": "_27NqsAqbEDKnOagRBdfeKg",
            "name": "ticket_no",
            "type": null,
            "modifiers": [],
            "position": {}
          },
          "position": {}
        },
        "_utvS8AqbEDKnOagRBdfeKg": {
          "key": "_utvS8AqbEDKnOagRBdfeKg",
          "name": "price",
          "type": null,
          "probability": 1,
          "modifiers": [],
          "to_variable": {
            "key": "_5fbT4AqbEDKnOagRBdfeKg",
            "name": "price",
            "type": null,
            "modifiers": [],
            "position": {}
          },
          "position": {}
        },
        "_wUZHsAqbEDKnOagRBdfeKg": {
          "key": "_wUZHsAqbEDKnOagRBdfeKg",
          "name": "status",
          "type": null,
          "probability": 1,
          "modifiers": [],
          "to_variable": {
            "key": "_7heEIAqbEDKnOagRBdfeKg",
            "name": "status",
            "type": null,
            "modifiers": [],
            "position": {}
          },
          "position": {}
        }
      }
    },
    "fields_to_fields_data_clump-./qin_logic-_azu4EAqaEDKnOagRBdfeKg-_-Y-usAqZEDKnOagRBdfeKg-ticket_nopricestatus": {
      "type": "data_clump",
      "key": "fields_to_fields_data_clump-./qin_logic-_azu4EAqaEDKnOagRBdfeKg-_-Y-usAqZEDKnOagRBdfeKg-ticket_nopricestatus",
      "probability": 1,
      "from_file_path": "./qin_logic",
      "from_class_or_interface_name": "qin_logic",
      "from_class_or_interface_key": "_azu4EAqaEDKnOagRBdfeKg",
      "from_method_name": null,
      "from_method_key": null,
      "to_file_path": "./win_logic",
      "to_class_or_interface_key": "_-Y-usAqZEDKnOagRBdfeKg",
      "to_class_or_interface_name": "qin_logic",
      "to_method_key": null,
      "to_method_name": null,
      "data_clump_type": "fields_to_fields_data_clump",
      "data_clump_data": {
        "_sYxmsAqbEDKnOagRBdfeKg": {
          "key": "_sYxmsAqbEDKnOagRBdfeKg",
          "name": "ticket_no",
          "type": null,
          "probability": 1,
          "modifiers": [],
          "to_variable": {
            "key": "_545ZQAqaEDKnOagRBdfeKg",
            "name": "ticket_no",
            "type": null,
            "modifiers": [],
            "position": {}
          },
          "position": {}
        },
        "_utvS8AqbEDKnOagRBdfeKg": {
          "key": "_utvS8AqbEDKnOagRBdfeKg",
          "name": "price",
          "type": null,
          "probability": 1,
          "modifiers": [],
          "to_variable": {
            "key": "_A4C8sAqbEDKnOagRBdfeKg",
            "name": "price",
            "type": null,
            "modifiers": [],
            "position": {}
          },
          "position": {}
        },
        "_wUZHsAqbEDKnOagRBdfeKg": {
          "key": "_wUZHsAqbEDKnOagRBdfeKg",
          "name": "status",
          "type": null,
          "probability": 1,
          "modifiers": [],
          "to_variable": {
            "key": "_DN4ysAqbEDKnOagRBdfeKg",
            "name": "status",
            "type": null,
            "modifiers": [],
            "position": {}
          },
          "position": {}
        }
      }
    },
    "fields_to_fields_data_clump-./tnl_logic-_j6OigAqaEDKnOagRBdfeKg-_aWDdkAqaEDKnOagRBdfeKg-ticket_nopricestatus": {
      "type": "data_clump",
      "key": "fields_to_fields_data_clump-./tnl_logic-_j6OigAqaEDKnOagRBdfeKg-_aWDdkAqaEDKnOagRBdfeKg-ticket_nopricestatus",
      "probability": 1,
      "from_file_path": "./tnl_logic",
      "from_class_or_interface_name": "tnl_logic",
      "from_class_or_interface_key": "_j6OigAqaEDKnOagRBdfeKg",
      "from_method_name": null,
      "from_method_key": null,
      "to_file_path": "./for_logic",
      "to_class_or_interface_key": "_aWDdkAqaEDKnOagRBdfeKg",
      "to_class_or_interface_name": "tnl_logic",
      "to_method_key": null,
      "to_method_name": null,
      "data_clump_type": "fields_to_fields_data_clump",
      "data_clump_data": {
        "_-u5pcAqbEDKnOagRBdfeKg": {
          "key": "_-u5pcAqbEDKnOagRBdfeKg",
          "name": "ticket_no",
          "type": null,
          "probability": 1,
          "modifiers": [],
          "to_variable": {
            "key": "_j6zU0AqbEDKnOagRBdfeKg",
            "name": "ticket_no",
            "type": null,
            "modifiers": [],
            "position": {}
          },
          "position": {}
        },
        "_AjqysAqcEDKnOagRBdfeKg": {
          "key": "_AjqysAqcEDKnOagRBdfeKg",
          "name": "price",
          "type": null,
          "probability": 1,
          "modifiers": [],
          "to_variable": {
            "key": "_l2HyAAqbEDKnOagRBdfeKg",
            "name": "price",
            "type": null,
            "modifiers": [],
            "position": {}
          },
          "position": {}
        },
        "_CCF4gAqcEDKnOagRBdfeKg": {
          "key": "_CCF4gAqcEDKnOagRBdfeKg",
          "name": "status",
          "type": null,
          "probability": 1,
          "modifiers": [],
          "to_variable": {
            "key": "_noDpsAqbEDKnOagRBdfeKg",
            "name": "status",
            "type": null,
            "modifiers": [],
            "position": {}
          },
          "position": {}
        }
      }
    },
    "fields_to_fields_data_clump-./tnl_logic-_j6OigAqaEDKnOagRBdfeKg-_1jbN0AqaEDKnOagRBdfeKg-ticket_nopricestatus": {
      "type": "data_clump",
      "key": "fields_to_fields_data_clump-./tnl_logic-_j6OigAqaEDKnOagRBdfeKg-_1jbN0AqaEDKnOagRBdfeKg-ticket_nopricestatus",
      "probability": 1,
      "from_file_path": "./tnl_logic",
      "from_class_or_interface_name": "tnl_logic",
      "from_class_or_interface_key": "_j6OigAqaEDKnOagRBdfeKg",
      "from_method_name": null,
      "from_method_key": null,
      "to_file_path": "./jkp_logic",
      "to_class_or_interface_key": "_1jbN0AqaEDKnOagRBdfeKg",
      "to_class_or_interface_name": "tnl_logic",
      "to_method_key": null,
      "to_method_name": null,
      "data_clump_type": "fields_to_fields_data_clump",
      "data_clump_data": {
        "_-u5pcAqbEDKnOagRBdfeKg": {
          "key": "_-u5pcAqbEDKnOagRBdfeKg",
          "name": "ticket_no",
          "type": null,
          "probability": 1,
          "modifiers": [],
          "to_variable": {
            "key": "_IJjmAAqcEDKnOagRBdfeKg",
            "name": "ticket_no",
            "type": null,
            "modifiers": [],
            "position": {}
          },
          "position": {}
        },
        "_AjqysAqcEDKnOagRBdfeKg": {
          "key": "_AjqysAqcEDKnOagRBdfeKg",
          "name": "price",
          "type": null,
          "probability": 1,
          "modifiers": [],
          "to_variable": {
            "key": "_JyM-0AqcEDKnOagRBdfeKg",
            "name": "price",
            "type": null,
            "modifiers": [],
            "position": {}
          },
          "position": {}
        },
        "_CCF4gAqcEDKnOagRBdfeKg": {
          "key": "_CCF4gAqcEDKnOagRBdfeKg",
          "name": "status",
          "type": null,
          "probability": 1,
          "modifiers": [],
          "to_variable": {
            "key": "_MIJigAqcEDKnOagRBdfeKg",
            "name": "status",
            "type": null,
            "modifiers": [],
            "position": {}
          },
          "position": {}
        }
      }
    },
    "fields_to_fields_data_clump-./tnl_logic-_j6OigAqaEDKnOagRBdfeKg-_XRDbgAqaEDKnOagRBdfeKg-ticket_nopricestatus": {
      "type": "data_clump",
      "key": "fields_to_fields_data_clump-./tnl_logic-_j6OigAqaEDKnOagRBdfeKg-_XRDbgAqaEDKnOagRBdfeKg-ticket_nopricestatus",
      "probability": 1,
      "from_file_path": "./tnl_logic",
      "from_class_or_interface_name": "tnl_logic",
      "from_class_or_interface_key": "_j6OigAqaEDKnOagRBdfeKg",
      "from_method_name": null,
      "from_method_key": null,
      "to_file_path": "./pla_logic",
      "to_class_or_interface_key": "_XRDbgAqaEDKnOagRBdfeKg",
      "to_class_or_interface_name": "tnl_logic",
      "to_method_key": null,
      "to_method_name": null,
      "data_clump_type": "fields_to_fields_data_clump",
      "data_clump_data": {
        "_-u5pcAqbEDKnOagRBdfeKg": {
          "key": "_-u5pcAqbEDKnOagRBdfeKg",
          "name": "ticket_no",
          "type": null,
          "probability": 1,
          "modifiers": [],
          "to_variable": {
            "key": "_Ks1QgAqbEDKnOagRBdfeKg",
            "name": "ticket_no",
            "type": null,
            "modifiers": [],
            "position": {}
          },
          "position": {}
        },
        "_AjqysAqcEDKnOagRBdfeKg": {
          "key": "_AjqysAqcEDKnOagRBdfeKg",
          "name": "price",
          "type": null,
          "probability": 1,
          "modifiers": [],
          "to_variable": {
            "key": "_O-oc4AqbEDKnOagRBdfeKg",
            "name": "price",
            "type": null,
            "modifiers": [],
            "position": {}
          },
          "position": {}
        },
        "_CCF4gAqcEDKnOagRBdfeKg": {
          "key": "_CCF4gAqcEDKnOagRBdfeKg",
          "name": "status",
          "type": null,
          "probability": 1,
          "modifiers": [],
          "to_variable": {
            "key": "_Q8IrYAqbEDKnOagRBdfeKg",
            "name": "status",
            "type": null,
            "modifiers": [],
            "position": {}
          },
          "position": {}
        }
      }
    },
    "fields_to_fields_data_clump-./tnl_logic-_j6OigAqaEDKnOagRBdfeKg-_azu4EAqaEDKnOagRBdfeKg-ticket_nopricestatus": {
      "type": "data_clump",
      "key": "fields_to_fields_data_clump-./tnl_logic-_j6OigAqaEDKnOagRBdfeKg-_azu4EAqaEDKnOagRBdfeKg-ticket_nopricestatus",
      "probability": 1,
      "from_file_path": "./tnl_logic",
      "from_class_or_interface_name": "tnl_logic",
      "from_class_or_interface_key": "_j6OigAqaEDKnOagRBdfeKg",
      "from_method_name": null,
      "from_method_key": null,
      "to_file_path": "./qin_logic",
      "to_class_or_interface_key": "_azu4EAqaEDKnOagRBdfeKg",
      "to_class_or_interface_name": "tnl_logic",
      "to_method_key": null,
      "to_method_name": null,
      "data_clump_type": "fields_to_fields_data_clump",
      "data_clump_data": {
        "_-u5pcAqbEDKnOagRBdfeKg": {
          "key": "_-u5pcAqbEDKnOagRBdfeKg",
          "name": "ticket_no",
          "type": null,
          "probability": 1,
          "modifiers": [],
          "to_variable": {
            "key": "_sYxmsAqbEDKnOagRBdfeKg",
            "name": "ticket_no",
            "type": null,
            "modifiers": [],
            "position": {}
          },
          "position": {}
        },
        "_AjqysAqcEDKnOagRBdfeKg": {
          "key": "_AjqysAqcEDKnOagRBdfeKg",
          "name": "price",
          "type": null,
          "probability": 1,
          "modifiers": [],
          "to_variable": {
            "key": "_utvS8AqbEDKnOagRBdfeKg",
            "name": "price",
            "type": null,
            "modifiers": [],
            "position": {}
          },
          "position": {}
        },
        "_CCF4gAqcEDKnOagRBdfeKg": {
          "key": "_CCF4gAqcEDKnOagRBdfeKg",
          "name": "status",
          "type": null,
          "probability": 1,
          "modifiers": [],
          "to_variable": {
            "key": "_wUZHsAqbEDKnOagRBdfeKg",
            "name": "status",
            "type": null,
            "modifiers": [],
            "position": {}
          },
          "position": {}
        }
      }
    },
    "fields_to_fields_data_clump-./tnl_logic-_j6OigAqaEDKnOagRBdfeKg-_lmeB4AqaEDKnOagRBdfeKg-ticket_nopricestatus": {
      "type": "data_clump",
      "key": "fields_to_fields_data_clump-./tnl_logic-_j6OigAqaEDKnOagRBdfeKg-_lmeB4AqaEDKnOagRBdfeKg-ticket_nopricestatus",
      "probability": 1,
      "from_file_path": "./tnl_logic",
      "from_class_or_interface_name": "tnl_logic",
      "from_class_or_interface_key": "_j6OigAqaEDKnOagRBdfeKg",
      "from_method_name": null,
      "from_method_key": null,
      "to_file_path": "./tre_logic",
      "to_class_or_interface_key": "_lmeB4AqaEDKnOagRBdfeKg",
      "to_class_or_interface_name": "tnl_logic",
      "to_method_key": null,
      "to_method_name": null,
      "data_clump_type": "fields_to_fields_data_clump",
      "data_clump_data": {
        "_-u5pcAqbEDKnOagRBdfeKg": {
          "key": "_-u5pcAqbEDKnOagRBdfeKg",
          "name": "ticket_no",
          "type": null,
          "probability": 1,
          "modifiers": [],
          "to_variable": {
            "key": "_27NqsAqbEDKnOagRBdfeKg",
            "name": "ticket_no",
            "type": null,
            "modifiers": [],
            "position": {}
          },
          "position": {}
        },
        "_AjqysAqcEDKnOagRBdfeKg": {
          "key": "_AjqysAqcEDKnOagRBdfeKg",
          "name": "price",
          "type": null,
          "probability": 1,
          "modifiers": [],
          "to_variable": {
            "key": "_5fbT4AqbEDKnOagRBdfeKg",
            "name": "price",
            "type": null,
            "modifiers": [],
            "position": {}
          },
          "position": {}
        },
        "_CCF4gAqcEDKnOagRBdfeKg": {
          "key": "_CCF4gAqcEDKnOagRBdfeKg",
          "name": "status",
          "type": null,
          "probability": 1,
          "modifiers": [],
          "to_variable": {
            "key": "_7heEIAqbEDKnOagRBdfeKg",
            "name": "status",
            "type": null,
            "modifiers": [],
            "position": {}
          },
          "position": {}
        }
      }
    },
    "fields_to_fields_data_clump-./tnl_logic-_j6OigAqaEDKnOagRBdfeKg-_-Y-usAqZEDKnOagRBdfeKg-ticket_nopricestatus": {
      "type": "data_clump",
      "key": "fields_to_fields_data_clump-./tnl_logic-_j6OigAqaEDKnOagRBdfeKg-_-Y-usAqZEDKnOagRBdfeKg-ticket_nopricestatus",
      "probability": 1,
      "from_file_path": "./tnl_logic",
      "from_class_or_interface_name": "tnl_logic",
      "from_class_or_interface_key": "_j6OigAqaEDKnOagRBdfeKg",
      "from_method_name": null,
      "from_method_key": null,
      "to_file_path": "./win_logic",
      "to_class_or_interface_key": "_-Y-usAqZEDKnOagRBdfeKg",
      "to_class_or_interface_name": "tnl_logic",
      "to_method_key": null,
      "to_method_name": null,
      "data_clump_type": "fields_to_fields_data_clump",
      "data_clump_data": {
        "_-u5pcAqbEDKnOagRBdfeKg": {
          "key": "_-u5pcAqbEDKnOagRBdfeKg",
          "name": "ticket_no",
          "type": null,
          "probability": 1,
          "modifiers": [],
          "to_variable": {
            "key": "_545ZQAqaEDKnOagRBdfeKg",
            "name": "ticket_no",
            "type": null,
            "modifiers": [],
            "position": {}
          },
          "position": {}
        },
        "_AjqysAqcEDKnOagRBdfeKg": {
          "key": "_AjqysAqcEDKnOagRBdfeKg",
          "name": "price",
          "type": null,
          "probability": 1,
          "modifiers": [],
          "to_variable": {
            "key": "_A4C8sAqbEDKnOagRBdfeKg",
            "name": "price",
            "type": null,
            "modifiers": [],
            "position": {}
          },
          "position": {}
        },
        "_CCF4gAqcEDKnOagRBdfeKg": {
          "key": "_CCF4gAqcEDKnOagRBdfeKg",
          "name": "status",
          "type": null,
          "probability": 1,
          "modifiers": [],
          "to_variable": {
            "key": "_DN4ysAqbEDKnOagRBdfeKg",
            "name": "status",
            "type": null,
            "modifiers": [],
            "position": {}
          },
          "position": {}
        }
      }
    },
    "fields_to_fields_data_clump-./tre_logic-_lmeB4AqaEDKnOagRBdfeKg-_aWDdkAqaEDKnOagRBdfeKg-ticket_nopricestatus": {
      "type": "data_clump",
      "key": "fields_to_fields_data_clump-./tre_logic-_lmeB4AqaEDKnOagRBdfeKg-_aWDdkAqaEDKnOagRBdfeKg-ticket_nopricestatus",
      "probability": 1,
      "from_file_path": "./tre_logic",
      "from_class_or_interface_name": "tre_logic",
      "from_class_or_interface_key": "_lmeB4AqaEDKnOagRBdfeKg",
      "from_method_name": null,
      "from_method_key": null,
      "to_file_path": "./for_logic",
      "to_class_or_interface_key": "_aWDdkAqaEDKnOagRBdfeKg",
      "to_class_or_interface_name": "tre_logic",
      "to_method_key": null,
      "to_method_name": null,
      "data_clump_type": "fields_to_fields_data_clump",
      "data_clump_data": {
        "_27NqsAqbEDKnOagRBdfeKg": {
          "key": "_27NqsAqbEDKnOagRBdfeKg",
          "name": "ticket_no",
          "type": null,
          "probability": 1,
          "modifiers": [],
          "to_variable": {
            "key": "_j6zU0AqbEDKnOagRBdfeKg",
            "name": "ticket_no",
            "type": null,
            "modifiers": [],
            "position": {}
          },
          "position": {}
        },
        "_5fbT4AqbEDKnOagRBdfeKg": {
          "key": "_5fbT4AqbEDKnOagRBdfeKg",
          "name": "price",
          "type": null,
          "probability": 1,
          "modifiers": [],
          "to_variable": {
            "key": "_l2HyAAqbEDKnOagRBdfeKg",
            "name": "price",
            "type": null,
            "modifiers": [],
            "position": {}
          },
          "position": {}
        },
        "_7heEIAqbEDKnOagRBdfeKg": {
          "key": "_7heEIAqbEDKnOagRBdfeKg",
          "name": "status",
          "type": null,
          "probability": 1,
          "modifiers": [],
          "to_variable": {
            "key": "_noDpsAqbEDKnOagRBdfeKg",
            "name": "status",
            "type": null,
            "modifiers": [],
            "position": {}
          },
          "position": {}
        }
      }
    },
    "fields_to_fields_data_clump-./tre_logic-_lmeB4AqaEDKnOagRBdfeKg-_1jbN0AqaEDKnOagRBdfeKg-ticket_nopricestatus": {
      "type": "data_clump",
      "key": "fields_to_fields_data_clump-./tre_logic-_lmeB4AqaEDKnOagRBdfeKg-_1jbN0AqaEDKnOagRBdfeKg-ticket_nopricestatus",
      "probability": 1,
      "from_file_path": "./tre_logic",
      "from_class_or_interface_name": "tre_logic",
      "from_class_or_interface_key": "_lmeB4AqaEDKnOagRBdfeKg",
      "from_method_name": null,
      "from_method_key": null,
      "to_file_path": "./jkp_logic",
      "to_class_or_interface_key": "_1jbN0AqaEDKnOagRBdfeKg",
      "to_class_or_interface_name": "tre_logic",
      "to_method_key": null,
      "to_method_name": null,
      "data_clump_type": "fields_to_fields_data_clump",
      "data_clump_data": {
        "_27NqsAqbEDKnOagRBdfeKg": {
          "key": "_27NqsAqbEDKnOagRBdfeKg",
          "name": "ticket_no",
          "type": null,
          "probability": 1,
          "modifiers": [],
          "to_variable": {
            "key": "_IJjmAAqcEDKnOagRBdfeKg",
            "name": "ticket_no",
            "type": null,
            "modifiers": [],
            "position": {}
          },
          "position": {}
        },
        "_5fbT4AqbEDKnOagRBdfeKg": {
          "key": "_5fbT4AqbEDKnOagRBdfeKg",
          "name": "price",
          "type": null,
          "probability": 1,
          "modifiers": [],
          "to_variable": {
            "key": "_JyM-0AqcEDKnOagRBdfeKg",
            "name": "price",
            "type": null,
            "modifiers": [],
            "position": {}
          },
          "position": {}
        },
        "_7heEIAqbEDKnOagRBdfeKg": {
          "key": "_7heEIAqbEDKnOagRBdfeKg",
          "name": "status",
          "type": null,
          "probability": 1,
          "modifiers": [],
          "to_variable": {
            "key": "_MIJigAqcEDKnOagRBdfeKg",
            "name": "status",
            "type": null,
            "modifiers": [],
            "position": {}
          },
          "position": {}
        }
      }
    },
    "fields_to_fields_data_clump-./tre_logic-_lmeB4AqaEDKnOagRBdfeKg-_XRDbgAqaEDKnOagRBdfeKg-ticket_nopricestatus": {
      "type": "data_clump",
      "key": "fields_to_fields_data_clump-./tre_logic-_lmeB4AqaEDKnOagRBdfeKg-_XRDbgAqaEDKnOagRBdfeKg-ticket_nopricestatus",
      "probability": 1,
      "from_file_path": "./tre_logic",
      "from_class_or_interface_name": "tre_logic",
      "from_class_or_interface_key": "_lmeB4AqaEDKnOagRBdfeKg",
      "from_method_name": null,
      "from_method_key": null,
      "to_file_path": "./pla_logic",
      "to_class_or_interface_key": "_XRDbgAqaEDKnOagRBdfeKg",
      "to_class_or_interface_name": "tre_logic",
      "to_method_key": null,
      "to_method_name": null,
      "data_clump_type": "fields_to_fields_data_clump",
      "data_clump_data": {
        "_27NqsAqbEDKnOagRBdfeKg": {
          "key": "_27NqsAqbEDKnOagRBdfeKg",
          "name": "ticket_no",
          "type": null,
          "probability": 1,
          "modifiers": [],
          "to_variable": {
            "key": "_Ks1QgAqbEDKnOagRBdfeKg",
            "name": "ticket_no",
            "type": null,
            "modifiers": [],
            "position": {}
          },
          "position": {}
        },
        "_5fbT4AqbEDKnOagRBdfeKg": {
          "key": "_5fbT4AqbEDKnOagRBdfeKg",
          "name": "price",
          "type": null,
          "probability": 1,
          "modifiers": [],
          "to_variable": {
            "key": "_O-oc4AqbEDKnOagRBdfeKg",
            "name": "price",
            "type": null,
            "modifiers": [],
            "position": {}
          },
          "position": {}
        },
        "_7heEIAqbEDKnOagRBdfeKg": {
          "key": "_7heEIAqbEDKnOagRBdfeKg",
          "name": "status",
          "type": null,
          "probability": 1,
          "modifiers": [],
          "to_variable": {
            "key": "_Q8IrYAqbEDKnOagRBdfeKg",
            "name": "status",
            "type": null,
            "modifiers": [],
            "position": {}
          },
          "position": {}
        }
      }
    },
    "fields_to_fields_data_clump-./tre_logic-_lmeB4AqaEDKnOagRBdfeKg-_azu4EAqaEDKnOagRBdfeKg-ticket_nopricestatus": {
      "type": "data_clump",
      "key": "fields_to_fields_data_clump-./tre_logic-_lmeB4AqaEDKnOagRBdfeKg-_azu4EAqaEDKnOagRBdfeKg-ticket_nopricestatus",
      "probability": 1,
      "from_file_path": "./tre_logic",
      "from_class_or_interface_name": "tre_logic",
      "from_class_or_interface_key": "_lmeB4AqaEDKnOagRBdfeKg",
      "from_method_name": null,
      "from_method_key": null,
      "to_file_path": "./qin_logic",
      "to_class_or_interface_key": "_azu4EAqaEDKnOagRBdfeKg",
      "to_class_or_interface_name": "tre_logic",
      "to_method_key": null,
      "to_method_name": null,
      "data_clump_type": "fields_to_fields_data_clump",
      "data_clump_data": {
        "_27NqsAqbEDKnOagRBdfeKg": {
          "key": "_27NqsAqbEDKnOagRBdfeKg",
          "name": "ticket_no",
          "type": null,
          "probability": 1,
          "modifiers": [],
          "to_variable": {
            "key": "_sYxmsAqbEDKnOagRBdfeKg",
            "name": "ticket_no",
            "type": null,
            "modifiers": [],
            "position": {}
          },
          "position": {}
        },
        "_5fbT4AqbEDKnOagRBdfeKg": {
          "key": "_5fbT4AqbEDKnOagRBdfeKg",
          "name": "price",
          "type": null,
          "probability": 1,
          "modifiers": [],
          "to_variable": {
            "key": "_utvS8AqbEDKnOagRBdfeKg",
            "name": "price",
            "type": null,
            "modifiers": [],
            "position": {}
          },
          "position": {}
        },
        "_7heEIAqbEDKnOagRBdfeKg": {
          "key": "_7heEIAqbEDKnOagRBdfeKg",
          "name": "status",
          "type": null,
          "probability": 1,
          "modifiers": [],
          "to_variable": {
            "key": "_wUZHsAqbEDKnOagRBdfeKg",
            "name": "status",
            "type": null,
            "modifiers": [],
            "position": {}
          },
          "position": {}
        }
      }
    },
    "fields_to_fields_data_clump-./tre_logic-_lmeB4AqaEDKnOagRBdfeKg-_j6OigAqaEDKnOagRBdfeKg-ticket_nopricestatus": {
      "type": "data_clump",
      "key": "fields_to_fields_data_clump-./tre_logic-_lmeB4AqaEDKnOagRBdfeKg-_j6OigAqaEDKnOagRBdfeKg-ticket_nopricestatus",
      "probability": 1,
      "from_file_path": "./tre_logic",
      "from_class_or_interface_name": "tre_logic",
      "from_class_or_interface_key": "_lmeB4AqaEDKnOagRBdfeKg",
      "from_method_name": null,
      "from_method_key": null,
      "to_file_path": "./tnl_logic",
      "to_class_or_interface_key": "_j6OigAqaEDKnOagRBdfeKg",
      "to_class_or_interface_name": "tre_logic",
      "to_method_key": null,
      "to_method_name": null,
      "data_clump_type": "fields_to_fields_data_clump",
      "data_clump_data": {
        "_27NqsAqbEDKnOagRBdfeKg": {
          "key": "_27NqsAqbEDKnOagRBdfeKg",
          "name": "ticket_no",
          "type": null,
          "probability": 1,
          "modifiers": [],
          "to_variable": {
            "key": "_-u5pcAqbEDKnOagRBdfeKg",
            "name": "ticket_no",
            "type": null,
            "modifiers": [],
            "position": {}
          },
          "position": {}
        },
        "_5fbT4AqbEDKnOagRBdfeKg": {
          "key": "_5fbT4AqbEDKnOagRBdfeKg",
          "name": "price",
          "type": null,
          "probability": 1,
          "modifiers": [],
          "to_variable": {
            "key": "_AjqysAqcEDKnOagRBdfeKg",
            "name": "price",
            "type": null,
            "modifiers": [],
            "position": {}
          },
          "position": {}
        },
        "_7heEIAqbEDKnOagRBdfeKg": {
          "key": "_7heEIAqbEDKnOagRBdfeKg",
          "name": "status",
          "type": null,
          "probability": 1,
          "modifiers": [],
          "to_variable": {
            "key": "_CCF4gAqcEDKnOagRBdfeKg",
            "name": "status",
            "type": null,
            "modifiers": [],
            "position": {}
          },
          "position": {}
        }
      }
    },
    "fields_to_fields_data_clump-./tre_logic-_lmeB4AqaEDKnOagRBdfeKg-_-Y-usAqZEDKnOagRBdfeKg-ticket_nopricestatus": {
      "type": "data_clump",
      "key": "fields_to_fields_data_clump-./tre_logic-_lmeB4AqaEDKnOagRBdfeKg-_-Y-usAqZEDKnOagRBdfeKg-ticket_nopricestatus",
      "probability": 1,
      "from_file_path": "./tre_logic",
      "from_class_or_interface_name": "tre_logic",
      "from_class_or_interface_key": "_lmeB4AqaEDKnOagRBdfeKg",
      "from_method_name": null,
      "from_method_key": null,
      "to_file_path": "./win_logic",
      "to_class_or_interface_key": "_-Y-usAqZEDKnOagRBdfeKg",
      "to_class_or_interface_name": "tre_logic",
      "to_method_key": null,
      "to_method_name": null,
      "data_clump_type": "fields_to_fields_data_clump",
      "data_clump_data": {
        "_27NqsAqbEDKnOagRBdfeKg": {
          "key": "_27NqsAqbEDKnOagRBdfeKg",
          "name": "ticket_no",
          "type": null,
          "probability": 1,
          "modifiers": [],
          "to_variable": {
            "key": "_545ZQAqaEDKnOagRBdfeKg",
            "name": "ticket_no",
            "type": null,
            "modifiers": [],
            "position": {}
          },
          "position": {}
        },
        "_5fbT4AqbEDKnOagRBdfeKg": {
          "key": "_5fbT4AqbEDKnOagRBdfeKg",
          "name": "price",
          "type": null,
          "probability": 1,
          "modifiers": [],
          "to_variable": {
            "key": "_A4C8sAqbEDKnOagRBdfeKg",
            "name": "price",
            "type": null,
            "modifiers": [],
            "position": {}
          },
          "position": {}
        },
        "_7heEIAqbEDKnOagRBdfeKg": {
          "key": "_7heEIAqbEDKnOagRBdfeKg",
          "name": "status",
          "type": null,
          "probability": 1,
          "modifiers": [],
          "to_variable": {
            "key": "_DN4ysAqbEDKnOagRBdfeKg",
            "name": "status",
            "type": null,
            "modifiers": [],
            "position": {}
          },
          "position": {}
        }
      }
    },
    "fields_to_fields_data_clump-./win_logic-_-Y-usAqZEDKnOagRBdfeKg-_aWDdkAqaEDKnOagRBdfeKg-ticket_nopricestatus": {
      "type": "data_clump",
      "key": "fields_to_fields_data_clump-./win_logic-_-Y-usAqZEDKnOagRBdfeKg-_aWDdkAqaEDKnOagRBdfeKg-ticket_nopricestatus",
      "probability": 1,
      "from_file_path": "./win_logic",
      "from_class_or_interface_name": "win_logic",
      "from_class_or_interface_key": "_-Y-usAqZEDKnOagRBdfeKg",
      "from_method_name": null,
      "from_method_key": null,
      "to_file_path": "./for_logic",
      "to_class_or_interface_key": "_aWDdkAqaEDKnOagRBdfeKg",
      "to_class_or_interface_name": "win_logic",
      "to_method_key": null,
      "to_method_name": null,
      "data_clump_type": "fields_to_fields_data_clump",
      "data_clump_data": {
        "_545ZQAqaEDKnOagRBdfeKg": {
          "key": "_545ZQAqaEDKnOagRBdfeKg",
          "name": "ticket_no",
          "type": null,
          "probability": 1,
          "modifiers": [],
          "to_variable": {
            "key": "_j6zU0AqbEDKnOagRBdfeKg",
            "name": "ticket_no",
            "type": null,
            "modifiers": [],
            "position": {}
          },
          "position": {}
        },
        "_A4C8sAqbEDKnOagRBdfeKg": {
          "key": "_A4C8sAqbEDKnOagRBdfeKg",
          "name": "price",
          "type": null,
          "probability": 1,
          "modifiers": [],
          "to_variable": {
            "key": "_l2HyAAqbEDKnOagRBdfeKg",
            "name": "price",
            "type": null,
            "modifiers": [],
            "position": {}
          },
          "position": {}
        },
        "_DN4ysAqbEDKnOagRBdfeKg": {
          "key": "_DN4ysAqbEDKnOagRBdfeKg",
          "name": "status",
          "type": null,
          "probability": 1,
          "modifiers": [],
          "to_variable": {
            "key": "_noDpsAqbEDKnOagRBdfeKg",
            "name": "status",
            "type": null,
            "modifiers": [],
            "position": {}
          },
          "position": {}
        }
      }
    },
    "fields_to_fields_data_clump-./win_logic-_-Y-usAqZEDKnOagRBdfeKg-_1jbN0AqaEDKnOagRBdfeKg-ticket_nopricestatus": {
      "type": "data_clump",
      "key": "fields_to_fields_data_clump-./win_logic-_-Y-usAqZEDKnOagRBdfeKg-_1jbN0AqaEDKnOagRBdfeKg-ticket_nopricestatus",
      "probability": 1,
      "from_file_path": "./win_logic",
      "from_class_or_interface_name": "win_logic",
      "from_class_or_interface_key": "_-Y-usAqZEDKnOagRBdfeKg",
      "from_method_name": null,
      "from_method_key": null,
      "to_file_path": "./jkp_logic",
      "to_class_or_interface_key": "_1jbN0AqaEDKnOagRBdfeKg",
      "to_class_or_interface_name": "win_logic",
      "to_method_key": null,
      "to_method_name": null,
      "data_clump_type": "fields_to_fields_data_clump",
      "data_clump_data": {
        "_545ZQAqaEDKnOagRBdfeKg": {
          "key": "_545ZQAqaEDKnOagRBdfeKg",
          "name": "ticket_no",
          "type": null,
          "probability": 1,
          "modifiers": [],
          "to_variable": {
            "key": "_IJjmAAqcEDKnOagRBdfeKg",
            "name": "ticket_no",
            "type": null,
            "modifiers": [],
            "position": {}
          },
          "position": {}
        },
        "_A4C8sAqbEDKnOagRBdfeKg": {
          "key": "_A4C8sAqbEDKnOagRBdfeKg",
          "name": "price",
          "type": null,
          "probability": 1,
          "modifiers": [],
          "to_variable": {
            "key": "_JyM-0AqcEDKnOagRBdfeKg",
            "name": "price",
            "type": null,
            "modifiers": [],
            "position": {}
          },
          "position": {}
        },
        "_DN4ysAqbEDKnOagRBdfeKg": {
          "key": "_DN4ysAqbEDKnOagRBdfeKg",
          "name": "status",
          "type": null,
          "probability": 1,
          "modifiers": [],
          "to_variable": {
            "key": "_MIJigAqcEDKnOagRBdfeKg",
            "name": "status",
            "type": null,
            "modifiers": [],
            "position": {}
          },
          "position": {}
        }
      }
    },
    "fields_to_fields_data_clump-./win_logic-_-Y-usAqZEDKnOagRBdfeKg-_XRDbgAqaEDKnOagRBdfeKg-ticket_nopricestatus": {
      "type": "data_clump",
      "key": "fields_to_fields_data_clump-./win_logic-_-Y-usAqZEDKnOagRBdfeKg-_XRDbgAqaEDKnOagRBdfeKg-ticket_nopricestatus",
      "probability": 1,
      "from_file_path": "./win_logic",
      "from_class_or_interface_name": "win_logic",
      "from_class_or_interface_key": "_-Y-usAqZEDKnOagRBdfeKg",
      "from_method_name": null,
      "from_method_key": null,
      "to_file_path": "./pla_logic",
      "to_class_or_interface_key": "_XRDbgAqaEDKnOagRBdfeKg",
      "to_class_or_interface_name": "win_logic",
      "to_method_key": null,
      "to_method_name": null,
      "data_clump_type": "fields_to_fields_data_clump",
      "data_clump_data": {
        "_545ZQAqaEDKnOagRBdfeKg": {
          "key": "_545ZQAqaEDKnOagRBdfeKg",
          "name": "ticket_no",
          "type": null,
          "probability": 1,
          "modifiers": [],
          "to_variable": {
            "key": "_Ks1QgAqbEDKnOagRBdfeKg",
            "name": "ticket_no",
            "type": null,
            "modifiers": [],
            "position": {}
          },
          "position": {}
        },
        "_A4C8sAqbEDKnOagRBdfeKg": {
          "key": "_A4C8sAqbEDKnOagRBdfeKg",
          "name": "price",
          "type": null,
          "probability": 1,
          "modifiers": [],
          "to_variable": {
            "key": "_O-oc4AqbEDKnOagRBdfeKg",
            "name": "price",
            "type": null,
            "modifiers": [],
            "position": {}
          },
          "position": {}
        },
        "_DN4ysAqbEDKnOagRBdfeKg": {
          "key": "_DN4ysAqbEDKnOagRBdfeKg",
          "name": "status",
          "type": null,
          "probability": 1,
          "modifiers": [],
          "to_variable": {
            "key": "_Q8IrYAqbEDKnOagRBdfeKg",
            "name": "status",
            "type": null,
            "modifiers": [],
            "position": {}
          },
          "position": {}
        }
      }
    },
    "fields_to_fields_data_clump-./win_logic-_-Y-usAqZEDKnOagRBdfeKg-_azu4EAqaEDKnOagRBdfeKg-ticket_nopricestatus": {
      "type": "data_clump",
      "key": "fields_to_fields_data_clump-./win_logic-_-Y-usAqZEDKnOagRBdfeKg-_azu4EAqaEDKnOagRBdfeKg-ticket_nopricestatus",
      "probability": 1,
      "from_file_path": "./win_logic",
      "from_class_or_interface_name": "win_logic",
      "from_class_or_interface_key": "_-Y-usAqZEDKnOagRBdfeKg",
      "from_method_name": null,
      "from_method_key": null,
      "to_file_path": "./qin_logic",
      "to_class_or_interface_key": "_azu4EAqaEDKnOagRBdfeKg",
      "to_class_or_interface_name": "win_logic",
      "to_method_key": null,
      "to_method_name": null,
      "data_clump_type": "fields_to_fields_data_clump",
      "data_clump_data": {
        "_545ZQAqaEDKnOagRBdfeKg": {
          "key": "_545ZQAqaEDKnOagRBdfeKg",
          "name": "ticket_no",
          "type": null,
          "probability": 1,
          "modifiers": [],
          "to_variable": {
            "key": "_sYxmsAqbEDKnOagRBdfeKg",
            "name": "ticket_no",
            "type": null,
            "modifiers": [],
            "position": {}
          },
          "position": {}
        },
        "_A4C8sAqbEDKnOagRBdfeKg": {
          "key": "_A4C8sAqbEDKnOagRBdfeKg",
          "name": "price",
          "type": null,
          "probability": 1,
          "modifiers": [],
          "to_variable": {
            "key": "_utvS8AqbEDKnOagRBdfeKg",
            "name": "price",
            "type": null,
            "modifiers": [],
            "position": {}
          },
          "position": {}
        },
        "_DN4ysAqbEDKnOagRBdfeKg": {
          "key": "_DN4ysAqbEDKnOagRBdfeKg",
          "name": "status",
          "type": null,
          "probability": 1,
          "modifiers": [],
          "to_variable": {
            "key": "_wUZHsAqbEDKnOagRBdfeKg",
            "name": "status",
            "type": null,
            "modifiers": [],
            "position": {}
          },
          "position": {}
        }
      }
    },
    "fields_to_fields_data_clump-./win_logic-_-Y-usAqZEDKnOagRBdfeKg-_j6OigAqaEDKnOagRBdfeKg-ticket_nopricestatus": {
      "type": "data_clump",
      "key": "fields_to_fields_data_clump-./win_logic-_-Y-usAqZEDKnOagRBdfeKg-_j6OigAqaEDKnOagRBdfeKg-ticket_nopricestatus",
      "probability": 1,
      "from_file_path": "./win_logic",
      "from_class_or_interface_name": "win_logic",
      "from_class_or_interface_key": "_-Y-usAqZEDKnOagRBdfeKg",
      "from_method_name": null,
      "from_method_key": null,
      "to_file_path": "./tnl_logic",
      "to_class_or_interface_key": "_j6OigAqaEDKnOagRBdfeKg",
      "to_class_or_interface_name": "win_logic",
      "to_method_key": null,
      "to_method_name": null,
      "data_clump_type": "fields_to_fields_data_clump",
      "data_clump_data": {
        "_545ZQAqaEDKnOagRBdfeKg": {
          "key": "_545ZQAqaEDKnOagRBdfeKg",
          "name": "ticket_no",
          "type": null,
          "probability": 1,
          "modifiers": [],
          "to_variable": {
            "key": "_-u5pcAqbEDKnOagRBdfeKg",
            "name": "ticket_no",
            "type": null,
            "modifiers": [],
            "position": {}
          },
          "position": {}
        },
        "_A4C8sAqbEDKnOagRBdfeKg": {
          "key": "_A4C8sAqbEDKnOagRBdfeKg",
          "name": "price",
          "type": null,
          "probability": 1,
          "modifiers": [],
          "to_variable": {
            "key": "_AjqysAqcEDKnOagRBdfeKg",
            "name": "price",
            "type": null,
            "modifiers": [],
            "position": {}
          },
          "position": {}
        },
        "_DN4ysAqbEDKnOagRBdfeKg": {
          "key": "_DN4ysAqbEDKnOagRBdfeKg",
          "name": "status",
          "type": null,
          "probability": 1,
          "modifiers": [],
          "to_variable": {
            "key": "_CCF4gAqcEDKnOagRBdfeKg",
            "name": "status",
            "type": null,
            "modifiers": [],
            "position": {}
          },
          "position": {}
        }
      }
    },
    "fields_to_fields_data_clump-./win_logic-_-Y-usAqZEDKnOagRBdfeKg-_lmeB4AqaEDKnOagRBdfeKg-ticket_nopricestatus": {
      "type": "data_clump",
      "key": "fields_to_fields_data_clump-./win_logic-_-Y-usAqZEDKnOagRBdfeKg-_lmeB4AqaEDKnOagRBdfeKg-ticket_nopricestatus",
      "probability": 1,
      "from_file_path": "./win_logic",
      "from_class_or_interface_name": "win_logic",
      "from_class_or_interface_key": "_-Y-usAqZEDKnOagRBdfeKg",
      "from_method_name": null,
      "from_method_key": null,
      "to_file_path": "./tre_logic",
      "to_class_or_interface_key": "_lmeB4AqaEDKnOagRBdfeKg",
      "to_class_or_interface_name": "win_logic",
      "to_method_key": null,
      "to_method_name": null,
      "data_clump_type": "fields_to_fields_data_clump",
      "data_clump_data": {
        "_545ZQAqaEDKnOagRBdfeKg": {
          "key": "_545ZQAqaEDKnOagRBdfeKg",
          "name": "ticket_no",
          "type": null,
          "probability": 1,
          "modifiers": [],
          "to_variable": {
            "key": "_27NqsAqbEDKnOagRBdfeKg",
            "name": "ticket_no",
            "type": null,
            "modifiers": [],
            "position": {}
          },
          "position": {}
        },
        "_A4C8sAqbEDKnOagRBdfeKg": {
          "key": "_A4C8sAqbEDKnOagRBdfeKg",
          "name": "price",
          "type": null,
          "probability": 1,
          "modifiers": [],
          "to_variable": {
            "key": "_5fbT4AqbEDKnOagRBdfeKg",
            "name": "price",
            "type": null,
            "modifiers": [],
            "position": {}
          },
          "position": {}
        },
        "_DN4ysAqbEDKnOagRBdfeKg": {
          "key": "_DN4ysAqbEDKnOagRBdfeKg",
          "name": "status",
          "type": null,
          "probability": 1,
          "modifiers": [],
          "to_variable": {
            "key": "_7heEIAqbEDKnOagRBdfeKg",
            "name": "status",
            "type": null,
            "modifiers": [],
            "position": {}
          },
          "position": {}
        }
      }
    }
  }
}