{
  "report_version": "unknown",
  "report_timestamp": "2025-03-26T21:59:21.220Z",
  "target_language": "java",
  "report_summary": {
    "additional": null,
    "amount_classes_or_interfaces_with_data_clumps": 3,
    "amount_files_with_data_clumps": 3,
    "amount_methods_with_data_clumps": 0,
    "fields_to_fields_data_clump": 6,
    "parameters_to_fields_data_clump": 0,
    "parameters_to_parameters_data_clump": 0,
    "amount_data_clumps": 6
  },
  "project_info": {
    "project_url": "unknown_project_url",
    "project_name": "_X-UYAEhsEeyo8oS76GR6Gg",
    "project_version": "unknown_project_version",
    "project_commit_hash": "unknown",
    "project_tag": null,
    "project_commit_date": null,
    "additional": {},
    "number_of_files": 4,
    "number_of_classes_or_interfaces": 4,
    "number_of_methods": 10,
    "number_of_data_fields": 12,
    "number_of_method_parameters": 0
  },
  "detector": {
    "name": "data-clumps-doctor",
    "url": "https://github.com/NilsBaumgartner1994/data-clumps-doctor",
    "version": "0.1.100",
    "options": {
      "typeVariablesConsidered": false,
      "similarityModifierOfVariablesWithUnknownType": 0,
      "fieldsOfClassesWithUnknownHierarchyProbabilityModifier": 0,
      "sharedFieldsToFieldsAmountMinimum": 3,
      "analyseFieldsInClassesOrInterfacesInheritedFromSuperClassesOrInterfaces": false,
      "sharedParametersToParametersAmountMinimum": 3,
      "sharedParametersToFieldsAmountMinimum": 3,
      "methodsOfClassesOrInterfacesWithUnknownHierarchyProbabilityModifier": 0
    }
  },
  "data_clumps": {
    "fields_to_fields_data_clump-./Customer-_Yx2WUCqiEDq-F_NUvUxrzw-_ZN5ZICqiEDq-F_NUvUxrzw-QueryNameNumber": {
      "type": "data_clump",
      "key": "fields_to_fields_data_clump-./Customer-_Yx2WUCqiEDq-F_NUvUxrzw-_ZN5ZICqiEDq-F_NUvUxrzw-QueryNameNumber",
      "probability": 1,
      "from_file_path": "./Customer",
      "from_class_or_interface_name": "Customer",
      "from_class_or_interface_key": "_Yx2WUCqiEDq-F_NUvUxrzw",
      "from_method_name": null,
      "from_method_key": null,
      "to_file_path": "./CustomerCare",
      "to_class_or_interface_key": "_ZN5ZICqiEDq-F_NUvUxrzw",
      "to_class_or_interface_name": "Customer",
      "to_method_key": null,
      "to_method_name": null,
      "data_clump_type": "fields_to_fields_data_clump",
      "data_clump_data": {
        "_pBDI0CqiEDq-F_NUvUxrzw": {
          "key": "_pBDI0CqiEDq-F_NUvUxrzw",
          "name": "Query",
          "type": null,
          "probability": 1,
          "modifiers": [
            "public"
          ],
          "to_variable": {
            "key": "_qhZhQCqiEDq-F_NUvUxrzw",
            "name": "Query",
            "type": null,
            "modifiers": [
              "public"
            ],
            "position": {}
          },
          "position": {}
        },
        "_pOxbwCqiEDq-F_NUvUxrzw": {
          "key": "_pOxbwCqiEDq-F_NUvUxrzw",
          "name": "Name",
          "type": null,
          "probability": 1,
          "modifiers": [
            "public"
          ],
          "to_variable": {
            "key": "_qsXbICqiEDq-F_NUvUxrzw",
            "name": "Name",
            "type": null,
            "modifiers": [
              "public"
            ],
            "position": {}
          },
          "position": {}
        },
        "_pZLU8CqiEDq-F_NUvUxrzw": {
          "key": "_pZLU8CqiEDq-F_NUvUxrzw",
          "name": "Number",
          "type": null,
          "probability": 1,
          "modifiers": [
            "public"
          ],
          "to_variable": {
            "key": "_qwbbwCqiEDq-F_NUvUxrzw",
            "name": "Number",
            "type": null,
            "modifiers": [
              "public"
            ],
            "position": {}
          },
          "position": {}
        }
      }
    },
    "fields_to_fields_data_clump-./Customer-_Yx2WUCqiEDq-F_NUvUxrzw-_ZlWP0CqiEDq-F_NUvUxrzw-QueryNameNumber": {
      "type": "data_clump",
      "key": "fields_to_fields_data_clump-./Customer-_Yx2WUCqiEDq-F_NUvUxrzw-_ZlWP0CqiEDq-F_NUvUxrzw-QueryNameNumber",
      "probability": 1,
      "from_file_path": "./Customer",
      "from_class_or_interface_name": "Customer",
      "from_class_or_interface_key": "_Yx2WUCqiEDq-F_NUvUxrzw",
      "from_method_name": null,
      "from_method_key": null,
      "to_file_path": "./Server",
      "to_class_or_interface_key": "_ZlWP0CqiEDq-F_NUvUxrzw",
      "to_class_or_interface_name": "Customer",
      "to_method_key": null,
      "to_method_name": null,
      "data_clump_type": "fields_to_fields_data_clump",
      "data_clump_data": {
        "_pBDI0CqiEDq-F_NUvUxrzw": {
          "key": "_pBDI0CqiEDq-F_NUvUxrzw",
          "name": "Query",
          "type": null,
          "probability": 1,
          "modifiers": [
            "public"
          ],
          "to_variable": {
            "key": "_tc5CACqiEDq-F_NUvUxrzw",
            "name": "Query",
            "type": null,
            "modifiers": [
              "public"
            ],
            "position": {}
          },
          "position": {}
        },
        "_pOxbwCqiEDq-F_NUvUxrzw": {
          "key": "_pOxbwCqiEDq-F_NUvUxrzw",
          "name": "Name",
          "type": null,
          "probability": 1,
          "modifiers": [
            "public"
          ],
          "to_variable": {
            "key": "_tsTXACqiEDq-F_NUvUxrzw",
            "name": "Name",
            "type": null,
            "modifiers": [
              "public"
            ],
            "position": {}
          },
          "position": {}
        },
        "_pZLU8CqiEDq-F_NUvUxrzw": {
          "key": "_pZLU8CqiEDq-F_NUvUxrzw",
          "name": "Number",
          "type": null,
          "probability": 1,
          "modifiers": [
            "public"
          ],
          "to_variable": {
            "key": "_twO0wCqiEDq-F_NUvUxrzw",
            "name": "Number",
            "type": null,
            "modifiers": [
              "public"
            ],
            "position": {}
          },
          "position": {}
        }
      }
    },
    "fields_to_fields_data_clump-./CustomerCare-_ZN5ZICqiEDq-F_NUvUxrzw-_Yx2WUCqiEDq-F_NUvUxrzw-QueryNameNumber": {
      "type": "data_clump",
      "key": "fields_to_fields_data_clump-./CustomerCare-_ZN5ZICqiEDq-F_NUvUxrzw-_Yx2WUCqiEDq-F_NUvUxrzw-QueryNameNumber",
      "probability": 1,
      "from_file_path": "./CustomerCare",
      "from_class_or_interface_name": "CustomerCare",
      "from_class_or_interface_key": "_ZN5ZICqiEDq-F_NUvUxrzw",
      "from_method_name": null,
      "from_method_key": null,
      "to_file_path": "./Customer",
      "to_class_or_interface_key": "_Yx2WUCqiEDq-F_NUvUxrzw",
      "to_class_or_interface_name": "CustomerCare",
      "to_method_key": null,
      "to_method_name": null,
      "data_clump_type": "fields_to_fields_data_clump",
      "data_clump_data": {
        "_qhZhQCqiEDq-F_NUvUxrzw": {
          "key": "_qhZhQCqiEDq-F_NUvUxrzw",
          "name": "Query",
          "type": null,
          "probability": 1,
          "modifiers": [
            "public"
          ],
          "to_variable": {
            "key": "_pBDI0CqiEDq-F_NUvUxrzw",
            "name": "Query",
            "type": null,
            "modifiers": [
              "public"
            ],
            "position": {}
          },
          "position": {}
        },
        "_qsXbICqiEDq-F_NUvUxrzw": {
          "key": "_qsXbICqiEDq-F_NUvUxrzw",
          "name": "Name",
          "type": null,
          "probability": 1,
          "modifiers": [
            "public"
          ],
          "to_variable": {
            "key": "_pOxbwCqiEDq-F_NUvUxrzw",
            "name": "Name",
            "type": null,
            "modifiers": [
              "public"
            ],
            "position": {}
          },
          "position": {}
        },
        "_qwbbwCqiEDq-F_NUvUxrzw": {
          "key": "_qwbbwCqiEDq-F_NUvUxrzw",
          "name": "Number",
          "type": null,
          "probability": 1,
          "modifiers": [
            "public"
          ],
          "to_variable": {
            "key": "_pZLU8CqiEDq-F_NUvUxrzw",
            "name": "Number",
            "type": null,
            "modifiers": [
              "public"
            ],
            "position": {}
          },
          "position": {}
        }
      }
    },
    "fields_to_fields_data_clump-./CustomerCare-_ZN5ZICqiEDq-F_NUvUxrzw-_ZlWP0CqiEDq-F_NUvUxrzw-QueryNameNumberResponse": {
      "type": "data_clump",
      "key": "fields_to_fields_data_clump-./CustomerCare-_ZN5ZICqiEDq-F_NUvUxrzw-_ZlWP0CqiEDq-F_NUvUxrzw-QueryNameNumberResponse",
      "probability": 1,
      "from_file_path": "./CustomerCare",
      "from_class_or_interface_name": "CustomerCare",
      "from_class_or_interface_key": "_ZN5ZICqiEDq-F_NUvUxrzw",
      "from_method_name": null,
      "from_method_key": null,
      "to_file_path": "./Server",
      "to_class_or_interface_key": "_ZlWP0CqiEDq-F_NUvUxrzw",
      "to_class_or_interface_name": "CustomerCare",
      "to_method_key": null,
      "to_method_name": null,
      "data_clump_type": "fields_to_fields_data_clump",
      "data_clump_data": {
        "_qhZhQCqiEDq-F_NUvUxrzw": {
          "key": "_qhZhQCqiEDq-F_NUvUxrzw",
          "name": "Query",
          "type": null,
          "probability": 1,
          "modifiers": [
            "public"
          ],
          "to_variable": {
            "key": "_tc5CACqiEDq-F_NUvUxrzw",
            "name": "Query",
            "type": null,
            "modifiers": [
              "public"
            ],
            "position": {}
          },
          "position": {}
        },
        "_qsXbICqiEDq-F_NUvUxrzw": {
          "key": "_qsXbICqiEDq-F_NUvUxrzw",
          "name": "Name",
          "type": null,
          "probability": 1,
          "modifiers": [
            "public"
          ],
          "to_variable": {
            "key": "_tsTXACqiEDq-F_NUvUxrzw",
            "name": "Name",
            "type": null,
            "modifiers": [
              "public"
            ],
            "position": {}
          },
          "position": {}
        },
        "_qwbbwCqiEDq-F_NUvUxrzw": {
          "key": "_qwbbwCqiEDq-F_NUvUxrzw",
          "name": "Number",
          "type": null,
          "probability": 1,
          "modifiers": [
            "public"
          ],
          "to_variable": {
            "key": "_twO0wCqiEDq-F_NUvUxrzw",
            "name": "Number",
            "type": null,
            "modifiers": [
              "public"
            ],
            "position": {}
          },
          "position": {}
        },
        "_q6jBECqiEDq-F_NUvUxrzw": {
          "key": "_q6jBECqiEDq-F_NUvUxrzw",
          "name": "Response",
          "type": null,
          "probability": 1,
          "modifiers": [
            "public"
          ],
          "to_variable": {
            "key": "_MBz84CqjEDq-F_NUvUxrzw",
            "name": "Response",
            "type": null,
            "modifiers": [
              "public"
            ],
            "position": {}
          },
          "position": {}
        }
      }
    },
    "fields_to_fields_data_clump-./Server-_ZlWP0CqiEDq-F_NUvUxrzw-_Yx2WUCqiEDq-F_NUvUxrzw-QueryNameNumber": {
      "type": "data_clump",
      "key": "fields_to_fields_data_clump-./Server-_ZlWP0CqiEDq-F_NUvUxrzw-_Yx2WUCqiEDq-F_NUvUxrzw-QueryNameNumber",
      "probability": 1,
      "from_file_path": "./Server",
      "from_class_or_interface_name": "Server",
      "from_class_or_interface_key": "_ZlWP0CqiEDq-F_NUvUxrzw",
      "from_method_name": null,
      "from_method_key": null,
      "to_file_path": "./Customer",
      "to_class_or_interface_key": "_Yx2WUCqiEDq-F_NUvUxrzw",
      "to_class_or_interface_name": "Server",
      "to_method_key": null,
      "to_method_name": null,
      "data_clump_type": "fields_to_fields_data_clump",
      "data_clump_data": {
        "_tc5CACqiEDq-F_NUvUxrzw": {
          "key": "_tc5CACqiEDq-F_NUvUxrzw",
          "name": "Query",
          "type": null,
          "probability": 1,
          "modifiers": [
            "public"
          ],
          "to_variable": {
            "key": "_pBDI0CqiEDq-F_NUvUxrzw",
            "name": "Query",
            "type": null,
            "modifiers": [
              "public"
            ],
            "position": {}
          },
          "position": {}
        },
        "_tsTXACqiEDq-F_NUvUxrzw": {
          "key": "_tsTXACqiEDq-F_NUvUxrzw",
          "name": "Name",
          "type": null,
          "probability": 1,
          "modifiers": [
            "public"
          ],
          "to_variable": {
            "key": "_pOxbwCqiEDq-F_NUvUxrzw",
            "name": "Name",
            "type": null,
            "modifiers": [
              "public"
            ],
            "position": {}
          },
          "position": {}
        },
        "_twO0wCqiEDq-F_NUvUxrzw": {
          "key": "_twO0wCqiEDq-F_NUvUxrzw",
          "name": "Number",
          "type": null,
          "probability": 1,
          "modifiers": [
            "public"
          ],
          "to_variable": {
            "key": "_pZLU8CqiEDq-F_NUvUxrzw",
            "name": "Number",
            "type": null,
            "modifiers": [
              "public"
            ],
            "position": {}
          },
          "position": {}
        }
      }
    },
    "fields_to_fields_data_clump-./Server-_ZlWP0CqiEDq-F_NUvUxrzw-_ZN5ZICqiEDq-F_NUvUxrzw-QueryNameNumberResponse": {
      "type": "data_clump",
      "key": "fields_to_fields_data_clump-./Server-_ZlWP0CqiEDq-F_NUvUxrzw-_ZN5ZICqiEDq-F_NUvUxrzw-QueryNameNumberResponse",
      "probability": 1,
      "from_file_path": "./Server",
      "from_class_or_interface_name": "Server",
      "from_class_or_interface_key": "_ZlWP0CqiEDq-F_NUvUxrzw",
      "from_method_name": null,
      "from_method_key": null,
      "to_file_path": "./CustomerCare",
      "to_class_or_interface_key": "_ZN5ZICqiEDq-F_NUvUxrzw",
      "to_class_or_interface_name": "Server",
      "to_method_key": null,
      "to_method_name": null,
      "data_clump_type": "fields_to_fields_data_clump",
      "data_clump_data": {
        "_tc5CACqiEDq-F_NUvUxrzw": {
          "key": "_tc5CACqiEDq-F_NUvUxrzw",
          "name": "Query",
          "type": null,
          "probability": 1,
          "modifiers": [
            "public"
          ],
          "to_variable": {
            "key": "_qhZhQCqiEDq-F_NUvUxrzw",
            "name": "Query",
            "type": null,
            "modifiers": [
              "public"
            ],
            "position": {}
          },
          "position": {}
        },
        "_tsTXACqiEDq-F_NUvUxrzw": {
          "key": "_tsTXACqiEDq-F_NUvUxrzw",
          "name": "Name",
          "type": null,
          "probability": 1,
          "modifiers": [
            "public"
          ],
          "to_variable": {
            "key": "_qsXbICqiEDq-F_NUvUxrzw",
            "name": "Name",
            "type": null,
            "modifiers": [
              "public"
            ],
            "position": {}
          },
          "position": {}
        },
        "_twO0wCqiEDq-F_NUvUxrzw": {
          "key": "_twO0wCqiEDq-F_NUvUxrzw",
          "name": "Number",
          "type": null,
          "probability": 1,
          "modifiers": [
            "public"
          ],
          "to_variable": {
            "key": "_qwbbwCqiEDq-F_NUvUxrzw",
            "name": "Number",
            "type": null,
            "modifiers": [
              "public"
            ],
            "position": {}
          },
          "position": {}
        },
        "_MBz84CqjEDq-F_NUvUxrzw": {
          "key": "_MBz84CqjEDq-F_NUvUxrzw",
          "name": "Response",
          "type": null,
          "probability": 1,
          "modifiers": [
            "public"
          ],
          "to_variable": {
            "key": "_q6jBECqiEDq-F_NUvUxrzw",
            "name": "Response",
            "type": null,
            "modifiers": [
              "public"
            ],
            "position": {}
          },
          "position": {}
        }
      }
    }
  }
}