{
  "report_version": "unknown",
  "report_timestamp": "2025-03-26T22:53:00.194Z",
  "target_language": "java",
  "report_summary": {
    "additional": null,
    "amount_classes_or_interfaces_with_data_clumps": 2,
    "amount_files_with_data_clumps": 2,
    "amount_methods_with_data_clumps": 0,
    "fields_to_fields_data_clump": 2,
    "parameters_to_fields_data_clump": 0,
    "parameters_to_parameters_data_clump": 0,
    "amount_data_clumps": 2
  },
  "project_info": {
    "project_url": "unknown_project_url",
    "project_name": "a56365d4-406c-4be6-8e18-07147fc89a5c",
    "project_version": "unknown_project_version",
    "project_commit_hash": "unknown",
    "project_tag": null,
    "project_commit_date": null,
    "additional": {},
    "number_of_files": 6,
    "number_of_classes_or_interfaces": 6,
    "number_of_methods": 0,
    "number_of_data_fields": 27,
    "number_of_method_parameters": 0
  },
  "detector": {
    "name": "data-clumps-doctor",
    "url": "https://github.com/NilsBaumgartner1994/data-clumps-doctor",
    "version": "0.1.100",
    "options": {
      "typeVariablesConsidered": false,
      "similarityModifierOfVariablesWithUnknownType": 0,
      "fieldsOfClassesWithUnknownHierarchyProbabilityModifier": 0,
      "sharedFieldsToFieldsAmountMinimum": 3,
      "analyseFieldsInClassesOrInterfacesInheritedFromSuperClassesOrInterfaces": false,
      "sharedParametersToParametersAmountMinimum": 3,
      "sharedParametersToFieldsAmountMinimum": 3,
      "methodsOfClassesOrInterfacesWithUnknownHierarchyProbabilityModifier": 0
    }
  },
  "data_clumps": {
    "fields_to_fields_data_clump-./EventoEntity-_OfqXMKTqEDONU-e-UH-LZA-_FL0NQKTqEDONU-e-UH-LZA-nombredescripcionfechaIfechaF": {
      "type": "data_clump",
      "key": "fields_to_fields_data_clump-./EventoEntity-_OfqXMKTqEDONU-e-UH-LZA-_FL0NQKTqEDONU-e-UH-LZA-nombredescripcionfechaIfechaF",
      "probability": 1,
      "from_file_path": "./EventoEntity",
      "from_class_or_interface_name": "EventoEntity",
      "from_class_or_interface_key": "_OfqXMKTqEDONU-e-UH-LZA",
      "from_method_name": null,
      "from_method_key": null,
      "to_file_path": "./ItinerarioEntity",
      "to_class_or_interface_key": "_FL0NQKTqEDONU-e-UH-LZA",
      "to_class_or_interface_name": "EventoEntity",
      "to_method_key": null,
      "to_method_name": null,
      "data_clump_type": "fields_to_fields_data_clump",
      "data_clump_data": {
        "_tnBbUKTrEDONU-e-UH-LZA": {
          "key": "_tnBbUKTrEDONU-e-UH-LZA",
          "name": "nombre",
          "type": null,
          "probability": 1,
          "modifiers": [],
          "to_variable": {
            "key": "_bHvckKTrEDONU-e-UH-LZA",
            "name": "nombre",
            "type": null,
            "modifiers": [],
            "position": {}
          },
          "position": {}
        },
        "_vBGzsKTrEDONU-e-UH-LZA": {
          "key": "_vBGzsKTrEDONU-e-UH-LZA",
          "name": "descripcion",
          "type": null,
          "probability": 1,
          "modifiers": [],
          "to_variable": {
            "key": "_cTuHgKTrEDONU-e-UH-LZA",
            "name": "descripcion",
            "type": null,
            "modifiers": [],
            "position": {}
          },
          "position": {}
        },
        "_DmnsILMDEDOIm859gQLHrg": {
          "key": "_DmnsILMDEDOIm859gQLHrg",
          "name": "fechaI",
          "type": null,
          "probability": 1,
          "modifiers": [],
          "to_variable": {
            "key": "_-sulAbMCEDOIm859gQLHrg",
            "name": "fechaI",
            "type": null,
            "modifiers": [],
            "position": {}
          },
          "position": {}
        },
        "_FDB_wLMDEDOIm859gQLHrg": {
          "key": "_FDB_wLMDEDOIm859gQLHrg",
          "name": "fechaF",
          "type": null,
          "probability": 1,
          "modifiers": [],
          "to_variable": {
            "key": "__5FDYLMCEDOIm859gQLHrg",
            "name": "fechaF",
            "type": null,
            "modifiers": [],
            "position": {}
          },
          "position": {}
        }
      }
    },
    "fields_to_fields_data_clump-./ItinerarioEntity-_FL0NQKTqEDONU-e-UH-LZA-_OfqXMKTqEDONU-e-UH-LZA-nombredescripcionfechaIfechaF": {
      "type": "data_clump",
      "key": "fields_to_fields_data_clump-./ItinerarioEntity-_FL0NQKTqEDONU-e-UH-LZA-_OfqXMKTqEDONU-e-UH-LZA-nombredescripcionfechaIfechaF",
      "probability": 1,
      "from_file_path": "./ItinerarioEntity",
      "from_class_or_interface_name": "ItinerarioEntity",
      "from_class_or_interface_key": "_FL0NQKTqEDONU-e-UH-LZA",
      "from_method_name": null,
      "from_method_key": null,
      "to_file_path": "./EventoEntity",
      "to_class_or_interface_key": "_OfqXMKTqEDONU-e-UH-LZA",
      "to_class_or_interface_name": "ItinerarioEntity",
      "to_method_key": null,
      "to_method_name": null,
      "data_clump_type": "fields_to_fields_data_clump",
      "data_clump_data": {
        "_bHvckKTrEDONU-e-UH-LZA": {
          "key": "_bHvckKTrEDONU-e-UH-LZA",
          "name": "nombre",
          "type": null,
          "probability": 1,
          "modifiers": [],
          "to_variable": {
            "key": "_tnBbUKTrEDONU-e-UH-LZA",
            "name": "nombre",
            "type": null,
            "modifiers": [],
            "position": {}
          },
          "position": {}
        },
        "_cTuHgKTrEDONU-e-UH-LZA": {
          "key": "_cTuHgKTrEDONU-e-UH-LZA",
          "name": "descripcion",
          "type": null,
          "probability": 1,
          "modifiers": [],
          "to_variable": {
            "key": "_vBGzsKTrEDONU-e-UH-LZA",
            "name": "descripcion",
            "type": null,
            "modifiers": [],
            "position": {}
          },
          "position": {}
        },
        "_-sulAbMCEDOIm859gQLHrg": {
          "key": "_-sulAbMCEDOIm859gQLHrg",
          "name": "fechaI",
          "type": null,
          "probability": 1,
          "modifiers": [],
          "to_variable": {
            "key": "_DmnsILMDEDOIm859gQLHrg",
            "name": "fechaI",
            "type": null,
            "modifiers": [],
            "position": {}
          },
          "position": {}
        },
        "__5FDYLMCEDOIm859gQLHrg": {
          "key": "__5FDYLMCEDOIm859gQLHrg",
          "name": "fechaF",
          "type": null,
          "probability": 1,
          "modifiers": [],
          "to_variable": {
            "key": "_FDB_wLMDEDOIm859gQLHrg",
            "name": "fechaF",
            "type": null,
            "modifiers": [],
            "position": {}
          },
          "position": {}
        }
      }
    }
  }
}