{
  "report_version": "unknown",
  "report_timestamp": "2025-03-26T22:21:55.817Z",
  "target_language": "java",
  "report_summary": {
    "additional": null,
    "amount_classes_or_interfaces_with_data_clumps": 3,
    "amount_files_with_data_clumps": 3,
    "amount_methods_with_data_clumps": 3,
    "fields_to_fields_data_clump": 2,
    "parameters_to_fields_data_clump": 0,
    "parameters_to_parameters_data_clump": 6,
    "amount_data_clumps": 8
  },
  "project_info": {
    "project_url": "unknown_project_url",
    "project_name": "27796f88-9d1b-4b9c-b95f-36990276efae",
    "project_version": "unknown_project_version",
    "project_commit_hash": "unknown",
    "project_tag": null,
    "project_commit_date": null,
    "additional": {},
    "number_of_files": 12,
    "number_of_classes_or_interfaces": 12,
    "number_of_methods": 38,
    "number_of_data_fields": 46,
    "number_of_method_parameters": 43
  },
  "detector": {
    "name": "data-clumps-doctor",
    "url": "https://github.com/NilsBaumgartner1994/data-clumps-doctor",
    "version": "0.1.100",
    "options": {
      "typeVariablesConsidered": false,
      "similarityModifierOfVariablesWithUnknownType": 0,
      "fieldsOfClassesWithUnknownHierarchyProbabilityModifier": 0,
      "sharedFieldsToFieldsAmountMinimum": 3,
      "analyseFieldsInClassesOrInterfacesInheritedFromSuperClassesOrInterfaces": false,
      "sharedParametersToParametersAmountMinimum": 3,
      "sharedParametersToFieldsAmountMinimum": 3,
      "methodsOfClassesOrInterfacesWithUnknownHierarchyProbabilityModifier": 0
    }
  },
  "data_clumps": {
    "parameters_to_parameters_data_clump-./Layer-_JPlHYOPjEDGUoaYSvtXH0w-_aiFGwePfEDGyFqpjWPVOqg-parameterparameter2parameter3": {
      "type": "data_clump",
      "key": "parameters_to_parameters_data_clump-./Layer-_JPlHYOPjEDGUoaYSvtXH0w-_aiFGwePfEDGyFqpjWPVOqg-parameterparameter2parameter3",
      "probability": 1,
      "from_file_path": "./Layer",
      "from_class_or_interface_name": "Layer",
      "from_class_or_interface_key": "_GFXAYOPeEDGyFqpjWPVOqg",
      "from_method_name": "Layer",
      "from_method_key": "_JPlHYOPjEDGUoaYSvtXH0w",
      "to_file_path": "./Map",
      "to_class_or_interface_name": "Map",
      "to_class_or_interface_key": "_GwxU4OPeEDGyFqpjWPVOqg",
      "to_method_name": "Draw",
      "to_method_key": "_aiFGwePfEDGyFqpjWPVOqg",
      "data_clump_type": "parameters_to_parameters_data_clump",
      "data_clump_data": {
        "_KaGZwOPjEDGUoaYSvtXH0w": {
          "key": "_KaGZwOPjEDGUoaYSvtXH0w",
          "name": "parameter",
          "type": null,
          "probability": 1,
          "modifiers": [],
          "to_variable": {
            "key": "_bND9cOPfEDGyFqpjWPVOqg",
            "name": "parameter",
            "type": null,
            "modifiers": [],
            "position": {}
          },
          "position": {}
        },
        "_KpbPMOPjEDGUoaYSvtXH0w": {
          "key": "_KpbPMOPjEDGUoaYSvtXH0w",
          "name": "parameter2",
          "type": null,
          "probability": 1,
          "modifiers": [],
          "to_variable": {
            "key": "_bd4nsOPfEDGyFqpjWPVOqg",
            "name": "parameter2",
            "type": null,
            "modifiers": [],
            "position": {}
          },
          "position": {}
        },
        "_NE-EkOPjEDGUoaYSvtXH0w": {
          "key": "_NE-EkOPjEDGUoaYSvtXH0w",
          "name": "parameter3",
          "type": null,
          "probability": 1,
          "modifiers": [],
          "to_variable": {
            "key": "_bfVZMOPfEDGyFqpjWPVOqg",
            "name": "parameter3",
            "type": null,
            "modifiers": [],
            "position": {}
          },
          "position": {}
        }
      }
    },
    "parameters_to_parameters_data_clump-./Layer-_JPlHYOPjEDGUoaYSvtXH0w-_z39VAO4TEDGwPYA8q9dqgw-parameterparameter2parameter3parameter4": {
      "type": "data_clump",
      "key": "parameters_to_parameters_data_clump-./Layer-_JPlHYOPjEDGUoaYSvtXH0w-_z39VAO4TEDGwPYA8q9dqgw-parameterparameter2parameter3parameter4",
      "probability": 1,
      "from_file_path": "./Layer",
      "from_class_or_interface_name": "Layer",
      "from_class_or_interface_key": "_GFXAYOPeEDGyFqpjWPVOqg",
      "from_method_name": "Layer",
      "from_method_key": "_JPlHYOPjEDGUoaYSvtXH0w",
      "to_file_path": "./TileSet",
      "to_class_or_interface_name": "TileSet",
      "to_class_or_interface_key": "_JE6hwOPeEDGyFqpjWPVOqg",
      "to_method_name": "TileSet",
      "to_method_key": "_z39VAO4TEDGwPYA8q9dqgw",
      "data_clump_type": "parameters_to_parameters_data_clump",
      "data_clump_data": {
        "_KaGZwOPjEDGUoaYSvtXH0w": {
          "key": "_KaGZwOPjEDGUoaYSvtXH0w",
          "name": "parameter",
          "type": null,
          "probability": 1,
          "modifiers": [],
          "to_variable": {
            "key": "_2MI-IO4TEDGwPYA8q9dqgw",
            "name": "parameter",
            "type": null,
            "modifiers": [],
            "position": {}
          },
          "position": {}
        },
        "_KpbPMOPjEDGUoaYSvtXH0w": {
          "key": "_KpbPMOPjEDGUoaYSvtXH0w",
          "name": "parameter2",
          "type": null,
          "probability": 1,
          "modifiers": [],
          "to_variable": {
            "key": "_3qH_EO4TEDGwPYA8q9dqgw",
            "name": "parameter2",
            "type": null,
            "modifiers": [],
            "position": {}
          },
          "position": {}
        },
        "_NE-EkOPjEDGUoaYSvtXH0w": {
          "key": "_NE-EkOPjEDGUoaYSvtXH0w",
          "name": "parameter3",
          "type": null,
          "probability": 1,
          "modifiers": [],
          "to_variable": {
            "key": "_5VnQgO4TEDGwPYA8q9dqgw",
            "name": "parameter3",
            "type": null,
            "modifiers": [],
            "position": {}
          },
          "position": {}
        },
        "_NUrUgOPjEDGUoaYSvtXH0w": {
          "key": "_NUrUgOPjEDGUoaYSvtXH0w",
          "name": "parameter4",
          "type": null,
          "probability": 1,
          "modifiers": [],
          "to_variable": {
            "key": "_8eV8AO4TEDGwPYA8q9dqgw",
            "name": "parameter4",
            "type": null,
            "modifiers": [],
            "position": {}
          },
          "position": {}
        }
      }
    },
    "parameters_to_parameters_data_clump-./Map-_aiFGwePfEDGyFqpjWPVOqg-_JPlHYOPjEDGUoaYSvtXH0w-parameterparameter2parameter3": {
      "type": "data_clump",
      "key": "parameters_to_parameters_data_clump-./Map-_aiFGwePfEDGyFqpjWPVOqg-_JPlHYOPjEDGUoaYSvtXH0w-parameterparameter2parameter3",
      "probability": 1,
      "from_file_path": "./Map",
      "from_class_or_interface_name": "Map",
      "from_class_or_interface_key": "_GwxU4OPeEDGyFqpjWPVOqg",
      "from_method_name": "Draw",
      "from_method_key": "_aiFGwePfEDGyFqpjWPVOqg",
      "to_file_path": "./Layer",
      "to_class_or_interface_name": "Layer",
      "to_class_or_interface_key": "_GFXAYOPeEDGyFqpjWPVOqg",
      "to_method_name": "Layer",
      "to_method_key": "_JPlHYOPjEDGUoaYSvtXH0w",
      "data_clump_type": "parameters_to_parameters_data_clump",
      "data_clump_data": {
        "_bND9cOPfEDGyFqpjWPVOqg": {
          "key": "_bND9cOPfEDGyFqpjWPVOqg",
          "name": "parameter",
          "type": null,
          "probability": 1,
          "modifiers": [],
          "to_variable": {
            "key": "_KaGZwOPjEDGUoaYSvtXH0w",
            "name": "parameter",
            "type": null,
            "modifiers": [],
            "position": {}
          },
          "position": {}
        },
        "_bd4nsOPfEDGyFqpjWPVOqg": {
          "key": "_bd4nsOPfEDGyFqpjWPVOqg",
          "name": "parameter2",
          "type": null,
          "probability": 1,
          "modifiers": [],
          "to_variable": {
            "key": "_KpbPMOPjEDGUoaYSvtXH0w",
            "name": "parameter2",
            "type": null,
            "modifiers": [],
            "position": {}
          },
          "position": {}
        },
        "_bfVZMOPfEDGyFqpjWPVOqg": {
          "key": "_bfVZMOPfEDGyFqpjWPVOqg",
          "name": "parameter3",
          "type": null,
          "probability": 1,
          "modifiers": [],
          "to_variable": {
            "key": "_NE-EkOPjEDGUoaYSvtXH0w",
            "name": "parameter3",
            "type": null,
            "modifiers": [],
            "position": {}
          },
          "position": {}
        }
      }
    },
    "parameters_to_parameters_data_clump-./Map-_aiFGwePfEDGyFqpjWPVOqg-_z39VAO4TEDGwPYA8q9dqgw-parameterparameter2parameter3": {
      "type": "data_clump",
      "key": "parameters_to_parameters_data_clump-./Map-_aiFGwePfEDGyFqpjWPVOqg-_z39VAO4TEDGwPYA8q9dqgw-parameterparameter2parameter3",
      "probability": 1,
      "from_file_path": "./Map",
      "from_class_or_interface_name": "Map",
      "from_class_or_interface_key": "_GwxU4OPeEDGyFqpjWPVOqg",
      "from_method_name": "Draw",
      "from_method_key": "_aiFGwePfEDGyFqpjWPVOqg",
      "to_file_path": "./TileSet",
      "to_class_or_interface_name": "TileSet",
      "to_class_or_interface_key": "_JE6hwOPeEDGyFqpjWPVOqg",
      "to_method_name": "TileSet",
      "to_method_key": "_z39VAO4TEDGwPYA8q9dqgw",
      "data_clump_type": "parameters_to_parameters_data_clump",
      "data_clump_data": {
        "_bND9cOPfEDGyFqpjWPVOqg": {
          "key": "_bND9cOPfEDGyFqpjWPVOqg",
          "name": "parameter",
          "type": null,
          "probability": 1,
          "modifiers": [],
          "to_variable": {
            "key": "_2MI-IO4TEDGwPYA8q9dqgw",
            "name": "parameter",
            "type": null,
            "modifiers": [],
            "position": {}
          },
          "position": {}
        },
        "_bd4nsOPfEDGyFqpjWPVOqg": {
          "key": "_bd4nsOPfEDGyFqpjWPVOqg",
          "name": "parameter2",
          "type": null,
          "probability": 1,
          "modifiers": [],
          "to_variable": {
            "key": "_3qH_EO4TEDGwPYA8q9dqgw",
            "name": "parameter2",
            "type": null,
            "modifiers": [],
            "position": {}
          },
          "position": {}
        },
        "_bfVZMOPfEDGyFqpjWPVOqg": {
          "key": "_bfVZMOPfEDGyFqpjWPVOqg",
          "name": "parameter3",
          "type": null,
          "probability": 1,
          "modifiers": [],
          "to_variable": {
            "key": "_5VnQgO4TEDGwPYA8q9dqgw",
            "name": "parameter3",
            "type": null,
            "modifiers": [],
            "position": {}
          },
          "position": {}
        }
      }
    },
    "parameters_to_parameters_data_clump-./TileSet-_z39VAO4TEDGwPYA8q9dqgw-_JPlHYOPjEDGUoaYSvtXH0w-parameterparameter2parameter3parameter4": {
      "type": "data_clump",
      "key": "parameters_to_parameters_data_clump-./TileSet-_z39VAO4TEDGwPYA8q9dqgw-_JPlHYOPjEDGUoaYSvtXH0w-parameterparameter2parameter3parameter4",
      "probability": 1,
      "from_file_path": "./TileSet",
      "from_class_or_interface_name": "TileSet",
      "from_class_or_interface_key": "_JE6hwOPeEDGyFqpjWPVOqg",
      "from_method_name": "TileSet",
      "from_method_key": "_z39VAO4TEDGwPYA8q9dqgw",
      "to_file_path": "./Layer",
      "to_class_or_interface_name": "Layer",
      "to_class_or_interface_key": "_GFXAYOPeEDGyFqpjWPVOqg",
      "to_method_name": "Layer",
      "to_method_key": "_JPlHYOPjEDGUoaYSvtXH0w",
      "data_clump_type": "parameters_to_parameters_data_clump",
      "data_clump_data": {
        "_2MI-IO4TEDGwPYA8q9dqgw": {
          "key": "_2MI-IO4TEDGwPYA8q9dqgw",
          "name": "parameter",
          "type": null,
          "probability": 1,
          "modifiers": [],
          "to_variable": {
            "key": "_KaGZwOPjEDGUoaYSvtXH0w",
            "name": "parameter",
            "type": null,
            "modifiers": [],
            "position": {}
          },
          "position": {}
        },
        "_3qH_EO4TEDGwPYA8q9dqgw": {
          "key": "_3qH_EO4TEDGwPYA8q9dqgw",
          "name": "parameter2",
          "type": null,
          "probability": 1,
          "modifiers": [],
          "to_variable": {
            "key": "_KpbPMOPjEDGUoaYSvtXH0w",
            "name": "parameter2",
            "type": null,
            "modifiers": [],
            "position": {}
          },
          "position": {}
        },
        "_5VnQgO4TEDGwPYA8q9dqgw": {
          "key": "_5VnQgO4TEDGwPYA8q9dqgw",
          "name": "parameter3",
          "type": null,
          "probability": 1,
          "modifiers": [],
          "to_variable": {
            "key": "_NE-EkOPjEDGUoaYSvtXH0w",
            "name": "parameter3",
            "type": null,
            "modifiers": [],
            "position": {}
          },
          "position": {}
        },
        "_8eV8AO4TEDGwPYA8q9dqgw": {
          "key": "_8eV8AO4TEDGwPYA8q9dqgw",
          "name": "parameter4",
          "type": null,
          "probability": 1,
          "modifiers": [],
          "to_variable": {
            "key": "_NUrUgOPjEDGUoaYSvtXH0w",
            "name": "parameter4",
            "type": null,
            "modifiers": [],
            "position": {}
          },
          "position": {}
        }
      }
    },
    "parameters_to_parameters_data_clump-./TileSet-_z39VAO4TEDGwPYA8q9dqgw-_aiFGwePfEDGyFqpjWPVOqg-parameterparameter2parameter3": {
      "type": "data_clump",
      "key": "parameters_to_parameters_data_clump-./TileSet-_z39VAO4TEDGwPYA8q9dqgw-_aiFGwePfEDGyFqpjWPVOqg-parameterparameter2parameter3",
      "probability": 1,
      "from_file_path": "./TileSet",
      "from_class_or_interface_name": "TileSet",
      "from_class_or_interface_key": "_JE6hwOPeEDGyFqpjWPVOqg",
      "from_method_name": "TileSet",
      "from_method_key": "_z39VAO4TEDGwPYA8q9dqgw",
      "to_file_path": "./Map",
      "to_class_or_interface_name": "Map",
      "to_class_or_interface_key": "_GwxU4OPeEDGyFqpjWPVOqg",
      "to_method_name": "Draw",
      "to_method_key": "_aiFGwePfEDGyFqpjWPVOqg",
      "data_clump_type": "parameters_to_parameters_data_clump",
      "data_clump_data": {
        "_2MI-IO4TEDGwPYA8q9dqgw": {
          "key": "_2MI-IO4TEDGwPYA8q9dqgw",
          "name": "parameter",
          "type": null,
          "probability": 1,
          "modifiers": [],
          "to_variable": {
            "key": "_bND9cOPfEDGyFqpjWPVOqg",
            "name": "parameter",
            "type": null,
            "modifiers": [],
            "position": {}
          },
          "position": {}
        },
        "_3qH_EO4TEDGwPYA8q9dqgw": {
          "key": "_3qH_EO4TEDGwPYA8q9dqgw",
          "name": "parameter2",
          "type": null,
          "probability": 1,
          "modifiers": [],
          "to_variable": {
            "key": "_bd4nsOPfEDGyFqpjWPVOqg",
            "name": "parameter2",
            "type": null,
            "modifiers": [],
            "position": {}
          },
          "position": {}
        },
        "_5VnQgO4TEDGwPYA8q9dqgw": {
          "key": "_5VnQgO4TEDGwPYA8q9dqgw",
          "name": "parameter3",
          "type": null,
          "probability": 1,
          "modifiers": [],
          "to_variable": {
            "key": "_bfVZMOPfEDGyFqpjWPVOqg",
            "name": "parameter3",
            "type": null,
            "modifiers": [],
            "position": {}
          },
          "position": {}
        }
      }
    },
    "fields_to_fields_data_clump-./Layer-_GFXAYOPeEDGyFqpjWPVOqg-_JE6hwOPeEDGyFqpjWPVOqg-namewidthheight": {
      "type": "data_clump",
      "key": "fields_to_fields_data_clump-./Layer-_GFXAYOPeEDGyFqpjWPVOqg-_JE6hwOPeEDGyFqpjWPVOqg-namewidthheight",
      "probability": 1,
      "from_file_path": "./Layer",
      "from_class_or_interface_name": "Layer",
      "from_class_or_interface_key": "_GFXAYOPeEDGyFqpjWPVOqg",
      "from_method_name": null,
      "from_method_key": null,
      "to_file_path": "./TileSet",
      "to_class_or_interface_key": "_JE6hwOPeEDGyFqpjWPVOqg",
      "to_class_or_interface_name": "Layer",
      "to_method_key": null,
      "to_method_name": null,
      "data_clump_type": "fields_to_fields_data_clump",
      "data_clump_data": {
        "_1WfdEOPiEDGUoaYSvtXH0w": {
          "key": "_1WfdEOPiEDGUoaYSvtXH0w",
          "name": "name",
          "type": null,
          "probability": 1,
          "modifiers": [
            "private"
          ],
          "to_variable": {
            "key": "_ilUIgO4TEDGwPYA8q9dqgw",
            "name": "name",
            "type": null,
            "modifiers": [
              "private"
            ],
            "position": {}
          },
          "position": {}
        },
        "_4H1jUOPiEDGUoaYSvtXH0w": {
          "key": "_4H1jUOPiEDGUoaYSvtXH0w",
          "name": "width",
          "type": null,
          "probability": 1,
          "modifiers": [
            "private"
          ],
          "to_variable": {
            "key": "_l2b7AO4TEDGwPYA8q9dqgw",
            "name": "width",
            "type": null,
            "modifiers": [
              "private"
            ],
            "position": {}
          },
          "position": {}
        },
        "_6qxaIOPiEDGUoaYSvtXH0w": {
          "key": "_6qxaIOPiEDGUoaYSvtXH0w",
          "name": "height",
          "type": null,
          "probability": 1,
          "modifiers": [
            "private"
          ],
          "to_variable": {
            "key": "_meuqEO4TEDGwPYA8q9dqgw",
            "name": "height",
            "type": null,
            "modifiers": [
              "private"
            ],
            "position": {}
          },
          "position": {}
        }
      }
    },
    "fields_to_fields_data_clump-./TileSet-_JE6hwOPeEDGyFqpjWPVOqg-_GFXAYOPeEDGyFqpjWPVOqg-namewidthheight": {
      "type": "data_clump",
      "key": "fields_to_fields_data_clump-./TileSet-_JE6hwOPeEDGyFqpjWPVOqg-_GFXAYOPeEDGyFqpjWPVOqg-namewidthheight",
      "probability": 1,
      "from_file_path": "./TileSet",
      "from_class_or_interface_name": "TileSet",
      "from_class_or_interface_key": "_JE6hwOPeEDGyFqpjWPVOqg",
      "from_method_name": null,
      "from_method_key": null,
      "to_file_path": "./Layer",
      "to_class_or_interface_key": "_GFXAYOPeEDGyFqpjWPVOqg",
      "to_class_or_interface_name": "TileSet",
      "to_method_key": null,
      "to_method_name": null,
      "data_clump_type": "fields_to_fields_data_clump",
      "data_clump_data": {
        "_ilUIgO4TEDGwPYA8q9dqgw": {
          "key": "_ilUIgO4TEDGwPYA8q9dqgw",
          "name": "name",
          "type": null,
          "probability": 1,
          "modifiers": [
            "private"
          ],
          "to_variable": {
            "key": "_1WfdEOPiEDGUoaYSvtXH0w",
            "name": "name",
            "type": null,
            "modifiers": [
              "private"
            ],
            "position": {}
          },
          "position": {}
        },
        "_l2b7AO4TEDGwPYA8q9dqgw": {
          "key": "_l2b7AO4TEDGwPYA8q9dqgw",
          "name": "width",
          "type": null,
          "probability": 1,
          "modifiers": [
            "private"
          ],
          "to_variable": {
            "key": "_4H1jUOPiEDGUoaYSvtXH0w",
            "name": "width",
            "type": null,
            "modifiers": [
              "private"
            ],
            "position": {}
          },
          "position": {}
        },
        "_meuqEO4TEDGwPYA8q9dqgw": {
          "key": "_meuqEO4TEDGwPYA8q9dqgw",
          "name": "height",
          "type": null,
          "probability": 1,
          "modifiers": [
            "private"
          ],
          "to_variable": {
            "key": "_6qxaIOPiEDGUoaYSvtXH0w",
            "name": "height",
            "type": null,
            "modifiers": [
              "private"
            ],
            "position": {}
          },
          "position": {}
        }
      }
    }
  }
}