{
  "report_version": "unknown",
  "report_timestamp": "2025-03-26T21:52:02.089Z",
  "target_language": "java",
  "report_summary": {
    "additional": null,
    "amount_classes_or_interfaces_with_data_clumps": 3,
    "amount_files_with_data_clumps": 3,
    "amount_methods_with_data_clumps": 0,
    "fields_to_fields_data_clump": 4,
    "parameters_to_fields_data_clump": 0,
    "parameters_to_parameters_data_clump": 0,
    "amount_data_clumps": 4
  },
  "project_info": {
    "project_url": "unknown_project_url",
    "project_name": "_4tHIsPitEeiofPV7ahrDAg",
    "project_version": "unknown_project_version",
    "project_commit_hash": "unknown",
    "project_tag": null,
    "project_commit_date": null,
    "additional": {},
    "number_of_files": 6,
    "number_of_classes_or_interfaces": 6,
    "number_of_methods": 0,
    "number_of_data_fields": 31,
    "number_of_method_parameters": 0
  },
  "detector": {
    "name": "data-clumps-doctor",
    "url": "https://github.com/NilsBaumgartner1994/data-clumps-doctor",
    "version": "0.1.100",
    "options": {
      "typeVariablesConsidered": false,
      "similarityModifierOfVariablesWithUnknownType": 0,
      "fieldsOfClassesWithUnknownHierarchyProbabilityModifier": 0,
      "sharedFieldsToFieldsAmountMinimum": 3,
      "analyseFieldsInClassesOrInterfacesInheritedFromSuperClassesOrInterfaces": false,
      "sharedParametersToParametersAmountMinimum": 3,
      "sharedParametersToFieldsAmountMinimum": 3,
      "methodsOfClassesOrInterfacesWithUnknownHierarchyProbabilityModifier": 0
    }
  },
  "data_clumps": {
    "fields_to_fields_data_clump-./Cart-_sOvQQdrcEDa_0IDtsw6clg-_qtZZUdrcEDa_0IDtsw6clg-attributeattribute2attribute3attribute4": {
      "type": "data_clump",
      "key": "fields_to_fields_data_clump-./Cart-_sOvQQdrcEDa_0IDtsw6clg-_qtZZUdrcEDa_0IDtsw6clg-attributeattribute2attribute3attribute4",
      "probability": 1,
      "from_file_path": "./Cart",
      "from_class_or_interface_name": "Cart",
      "from_class_or_interface_key": "_sOvQQdrcEDa_0IDtsw6clg",
      "from_method_name": null,
      "from_method_key": null,
      "to_file_path": "./Customer",
      "to_class_or_interface_key": "_qtZZUdrcEDa_0IDtsw6clg",
      "to_class_or_interface_name": "Cart",
      "to_method_key": null,
      "to_method_name": null,
      "data_clump_type": "fields_to_fields_data_clump",
      "data_clump_data": {
        "_FJlc4drgEDa_0IDtsw6clg": {
          "key": "_FJlc4drgEDa_0IDtsw6clg",
          "name": "attribute",
          "type": null,
          "probability": 1,
          "modifiers": [
            "private"
          ],
          "to_variable": {
            "key": "_-SozMNrfEDa_0IDtsw6clg",
            "name": "attribute",
            "type": null,
            "modifiers": [
              "private"
            ],
            "position": {}
          },
          "position": {}
        },
        "_Fh8SgNrgEDa_0IDtsw6clg": {
          "key": "_Fh8SgNrgEDa_0IDtsw6clg",
          "name": "attribute2",
          "type": null,
          "probability": 1,
          "modifiers": [
            "protected"
          ],
          "to_variable": {
            "key": "_AJxT8NrgEDa_0IDtsw6clg",
            "name": "attribute2",
            "type": null,
            "modifiers": [
              "protected"
            ],
            "position": {}
          },
          "position": {}
        },
        "_FzVkgdrgEDa_0IDtsw6clg": {
          "key": "_FzVkgdrgEDa_0IDtsw6clg",
          "name": "attribute3",
          "type": null,
          "probability": 1,
          "modifiers": [
            "protected"
          ],
          "to_variable": {
            "key": "_AbHioNrgEDa_0IDtsw6clg",
            "name": "attribute3",
            "type": null,
            "modifiers": [
              "protected"
            ],
            "position": {}
          },
          "position": {}
        },
        "_GOgdkNrgEDa_0IDtsw6clg": {
          "key": "_GOgdkNrgEDa_0IDtsw6clg",
          "name": "attribute4",
          "type": null,
          "probability": 1,
          "modifiers": [
            "protected"
          ],
          "to_variable": {
            "key": "_AukqINrgEDa_0IDtsw6clg",
            "name": "attribute4",
            "type": null,
            "modifiers": [
              "protected"
            ],
            "position": {}
          },
          "position": {}
        }
      }
    },
    "fields_to_fields_data_clump-./Customer-_qtZZUdrcEDa_0IDtsw6clg-_sOvQQdrcEDa_0IDtsw6clg-attributeattribute2attribute3attribute4": {
      "type": "data_clump",
      "key": "fields_to_fields_data_clump-./Customer-_qtZZUdrcEDa_0IDtsw6clg-_sOvQQdrcEDa_0IDtsw6clg-attributeattribute2attribute3attribute4",
      "probability": 1,
      "from_file_path": "./Customer",
      "from_class_or_interface_name": "Customer",
      "from_class_or_interface_key": "_qtZZUdrcEDa_0IDtsw6clg",
      "from_method_name": null,
      "from_method_key": null,
      "to_file_path": "./Cart",
      "to_class_or_interface_key": "_sOvQQdrcEDa_0IDtsw6clg",
      "to_class_or_interface_name": "Customer",
      "to_method_key": null,
      "to_method_name": null,
      "data_clump_type": "fields_to_fields_data_clump",
      "data_clump_data": {
        "_-SozMNrfEDa_0IDtsw6clg": {
          "key": "_-SozMNrfEDa_0IDtsw6clg",
          "name": "attribute",
          "type": null,
          "probability": 1,
          "modifiers": [
            "private"
          ],
          "to_variable": {
            "key": "_FJlc4drgEDa_0IDtsw6clg",
            "name": "attribute",
            "type": null,
            "modifiers": [
              "private"
            ],
            "position": {}
          },
          "position": {}
        },
        "_AJxT8NrgEDa_0IDtsw6clg": {
          "key": "_AJxT8NrgEDa_0IDtsw6clg",
          "name": "attribute2",
          "type": null,
          "probability": 1,
          "modifiers": [
            "protected"
          ],
          "to_variable": {
            "key": "_Fh8SgNrgEDa_0IDtsw6clg",
            "name": "attribute2",
            "type": null,
            "modifiers": [
              "protected"
            ],
            "position": {}
          },
          "position": {}
        },
        "_AbHioNrgEDa_0IDtsw6clg": {
          "key": "_AbHioNrgEDa_0IDtsw6clg",
          "name": "attribute3",
          "type": null,
          "probability": 1,
          "modifiers": [
            "protected"
          ],
          "to_variable": {
            "key": "_FzVkgdrgEDa_0IDtsw6clg",
            "name": "attribute3",
            "type": null,
            "modifiers": [
              "protected"
            ],
            "position": {}
          },
          "position": {}
        },
        "_AukqINrgEDa_0IDtsw6clg": {
          "key": "_AukqINrgEDa_0IDtsw6clg",
          "name": "attribute4",
          "type": null,
          "probability": 1,
          "modifiers": [
            "protected"
          ],
          "to_variable": {
            "key": "_GOgdkNrgEDa_0IDtsw6clg",
            "name": "attribute4",
            "type": null,
            "modifiers": [
              "protected"
            ],
            "position": {}
          },
          "position": {}
        }
      }
    },
    "fields_to_fields_data_clump-./Customer-_qtZZUdrcEDa_0IDtsw6clg-_rhXM4drcEDa_0IDtsw6clg-attributeattribute4attribute5": {
      "type": "data_clump",
      "key": "fields_to_fields_data_clump-./Customer-_qtZZUdrcEDa_0IDtsw6clg-_rhXM4drcEDa_0IDtsw6clg-attributeattribute4attribute5",
      "probability": 1,
      "from_file_path": "./Customer",
      "from_class_or_interface_name": "Customer",
      "from_class_or_interface_key": "_qtZZUdrcEDa_0IDtsw6clg",
      "from_method_name": null,
      "from_method_key": null,
      "to_file_path": "./Payment",
      "to_class_or_interface_key": "_rhXM4drcEDa_0IDtsw6clg",
      "to_class_or_interface_name": "Customer",
      "to_method_key": null,
      "to_method_name": null,
      "data_clump_type": "fields_to_fields_data_clump",
      "data_clump_data": {
        "_-SozMNrfEDa_0IDtsw6clg": {
          "key": "_-SozMNrfEDa_0IDtsw6clg",
          "name": "attribute",
          "type": null,
          "probability": 1,
          "modifiers": [
            "private"
          ],
          "to_variable": {
            "key": "_6jzxANrfEDa_0IDtsw6clg",
            "name": "attribute",
            "type": null,
            "modifiers": [
              "private"
            ],
            "position": {}
          },
          "position": {}
        },
        "_AukqINrgEDa_0IDtsw6clg": {
          "key": "_AukqINrgEDa_0IDtsw6clg",
          "name": "attribute4",
          "type": null,
          "probability": 1,
          "modifiers": [
            "protected"
          ],
          "to_variable": {
            "key": "_uNiX4NrfEDa_0IDtsw6clg",
            "name": "attribute4",
            "type": null,
            "modifiers": [
              "protected"
            ],
            "position": {}
          },
          "position": {}
        },
        "_BPcikNrgEDa_0IDtsw6clg": {
          "key": "_BPcikNrgEDa_0IDtsw6clg",
          "name": "attribute5",
          "type": null,
          "probability": 1,
          "modifiers": [
            "public"
          ],
          "to_variable": {
            "key": "_usmScNrfEDa_0IDtsw6clg",
            "name": "attribute5",
            "type": null,
            "modifiers": [
              "public"
            ],
            "position": {}
          },
          "position": {}
        }
      }
    },
    "fields_to_fields_data_clump-./Payment-_rhXM4drcEDa_0IDtsw6clg-_qtZZUdrcEDa_0IDtsw6clg-attribute4attribute5attribute": {
      "type": "data_clump",
      "key": "fields_to_fields_data_clump-./Payment-_rhXM4drcEDa_0IDtsw6clg-_qtZZUdrcEDa_0IDtsw6clg-attribute4attribute5attribute",
      "probability": 1,
      "from_file_path": "./Payment",
      "from_class_or_interface_name": "Payment",
      "from_class_or_interface_key": "_rhXM4drcEDa_0IDtsw6clg",
      "from_method_name": null,
      "from_method_key": null,
      "to_file_path": "./Customer",
      "to_class_or_interface_key": "_qtZZUdrcEDa_0IDtsw6clg",
      "to_class_or_interface_name": "Payment",
      "to_method_key": null,
      "to_method_name": null,
      "data_clump_type": "fields_to_fields_data_clump",
      "data_clump_data": {
        "_uNiX4NrfEDa_0IDtsw6clg": {
          "key": "_uNiX4NrfEDa_0IDtsw6clg",
          "name": "attribute4",
          "type": null,
          "probability": 1,
          "modifiers": [
            "protected"
          ],
          "to_variable": {
            "key": "_AukqINrgEDa_0IDtsw6clg",
            "name": "attribute4",
            "type": null,
            "modifiers": [
              "protected"
            ],
            "position": {}
          },
          "position": {}
        },
        "_usmScNrfEDa_0IDtsw6clg": {
          "key": "_usmScNrfEDa_0IDtsw6clg",
          "name": "attribute5",
          "type": null,
          "probability": 1,
          "modifiers": [
            "public"
          ],
          "to_variable": {
            "key": "_BPcikNrgEDa_0IDtsw6clg",
            "name": "attribute5",
            "type": null,
            "modifiers": [
              "public"
            ],
            "position": {}
          },
          "position": {}
        },
        "_6jzxANrfEDa_0IDtsw6clg": {
          "key": "_6jzxANrfEDa_0IDtsw6clg",
          "name": "attribute",
          "type": null,
          "probability": 1,
          "modifiers": [
            "private"
          ],
          "to_variable": {
            "key": "_-SozMNrfEDa_0IDtsw6clg",
            "name": "attribute",
            "type": null,
            "modifiers": [
              "private"
            ],
            "position": {}
          },
          "position": {}
        }
      }
    }
  }
}