{
  "report_version": "unknown",
  "report_timestamp": "2025-03-26T23:07:40.539Z",
  "target_language": "java",
  "report_summary": {
    "additional": null,
    "amount_classes_or_interfaces_with_data_clumps": 4,
    "amount_files_with_data_clumps": 4,
    "amount_methods_with_data_clumps": 0,
    "fields_to_fields_data_clump": 4,
    "parameters_to_fields_data_clump": 0,
    "parameters_to_parameters_data_clump": 0,
    "amount_data_clumps": 4
  },
  "project_info": {
    "project_url": "unknown_project_url",
    "project_name": "_Lbn6QOLiEemrJo0JEnN_HA",
    "project_version": "unknown_project_version",
    "project_commit_hash": "unknown",
    "project_tag": null,
    "project_commit_date": null,
    "additional": {},
    "number_of_files": 12,
    "number_of_classes_or_interfaces": 12,
    "number_of_methods": 86,
    "number_of_data_fields": 43,
    "number_of_method_parameters": 0
  },
  "detector": {
    "name": "data-clumps-doctor",
    "url": "https://github.com/NilsBaumgartner1994/data-clumps-doctor",
    "version": "0.1.100",
    "options": {
      "typeVariablesConsidered": false,
      "similarityModifierOfVariablesWithUnknownType": 0,
      "fieldsOfClassesWithUnknownHierarchyProbabilityModifier": 0,
      "sharedFieldsToFieldsAmountMinimum": 3,
      "analyseFieldsInClassesOrInterfacesInheritedFromSuperClassesOrInterfaces": false,
      "sharedParametersToParametersAmountMinimum": 3,
      "sharedParametersToFieldsAmountMinimum": 3,
      "methodsOfClassesOrInterfacesWithUnknownHierarchyProbabilityModifier": 0
    }
  },
  "data_clumps": {
    "fields_to_fields_data_clump-./Checking-_bregoMnOEDepAPUFo08I3Q-_c3xUoMnOEDepAPUFo08I3Q-balancetransferrecentTransaction": {
      "type": "data_clump",
      "key": "fields_to_fields_data_clump-./Checking-_bregoMnOEDepAPUFo08I3Q-_c3xUoMnOEDepAPUFo08I3Q-balancetransferrecentTransaction",
      "probability": 1,
      "from_file_path": "./Checking",
      "from_class_or_interface_name": "Checking",
      "from_class_or_interface_key": "_bregoMnOEDepAPUFo08I3Q",
      "from_method_name": null,
      "from_method_key": null,
      "to_file_path": "./Saving",
      "to_class_or_interface_key": "_c3xUoMnOEDepAPUFo08I3Q",
      "to_class_or_interface_name": "Checking",
      "to_method_key": null,
      "to_method_name": null,
      "data_clump_type": "fields_to_fields_data_clump",
      "data_clump_data": {
        "_KBWx0MnaEDepAPUFo08I3Q": {
          "key": "_KBWx0MnaEDepAPUFo08I3Q",
          "name": "balance",
          "type": null,
          "probability": 1,
          "modifiers": [],
          "to_variable": {
            "key": "_9DlwUMnYEDepAPUFo08I3Q",
            "name": "balance",
            "type": null,
            "modifiers": [],
            "position": {}
          },
          "position": {}
        },
        "_RQfSAMnaEDepAPUFo08I3Q": {
          "key": "_RQfSAMnaEDepAPUFo08I3Q",
          "name": "transfer",
          "type": null,
          "probability": 1,
          "modifiers": [],
          "to_variable": {
            "key": "__h_scMnYEDepAPUFo08I3Q",
            "name": "transfer",
            "type": null,
            "modifiers": [],
            "position": {}
          },
          "position": {}
        },
        "_SqqJ8MnaEDepAPUFo08I3Q": {
          "key": "_SqqJ8MnaEDepAPUFo08I3Q",
          "name": "recentTransaction",
          "type": null,
          "probability": 1,
          "modifiers": [],
          "to_variable": {
            "key": "_EQ9V8MnZEDepAPUFo08I3Q",
            "name": "recentTransaction",
            "type": null,
            "modifiers": [],
            "position": {}
          },
          "position": {}
        }
      }
    },
    "fields_to_fields_data_clump-./FullTime-_UXjKkMnPEDepAPUFo08I3Q-_MQK8gMoLEDe7bMejRdk7Dg-workingHoursworkingDaysbenefits": {
      "type": "data_clump",
      "key": "fields_to_fields_data_clump-./FullTime-_UXjKkMnPEDepAPUFo08I3Q-_MQK8gMoLEDe7bMejRdk7Dg-workingHoursworkingDaysbenefits",
      "probability": 1,
      "from_file_path": "./FullTime",
      "from_class_or_interface_name": "FullTime",
      "from_class_or_interface_key": "_UXjKkMnPEDepAPUFo08I3Q",
      "from_method_name": null,
      "from_method_key": null,
      "to_file_path": "./PartTime",
      "to_class_or_interface_key": "_MQK8gMoLEDe7bMejRdk7Dg",
      "to_class_or_interface_name": "FullTime",
      "to_method_key": null,
      "to_method_name": null,
      "data_clump_type": "fields_to_fields_data_clump",
      "data_clump_data": {
        "_95mfkMoKEDe7bMejRdk7Dg": {
          "key": "_95mfkMoKEDe7bMejRdk7Dg",
          "name": "workingHours",
          "type": null,
          "probability": 1,
          "modifiers": [
            "public"
          ],
          "to_variable": {
            "key": "_MQLjkMoLEDe7bMejRdk7Dg",
            "name": "workingHours",
            "type": null,
            "modifiers": [
              "public"
            ],
            "position": {}
          },
          "position": {}
        },
        "_N_XEsNAKEDeLwsTXpQMQzA": {
          "key": "_N_XEsNAKEDeLwsTXpQMQzA",
          "name": "workingDays",
          "type": null,
          "probability": 1,
          "modifiers": [],
          "to_variable": {
            "key": "_bG00wNALEDeLwsTXpQMQzA",
            "name": "workingDays",
            "type": null,
            "modifiers": [],
            "position": {}
          },
          "position": {}
        },
        "_TieH8dAKEDeLwsTXpQMQzA": {
          "key": "_TieH8dAKEDeLwsTXpQMQzA",
          "name": "benefits",
          "type": null,
          "probability": 1,
          "modifiers": [],
          "to_variable": {
            "key": "_dHfsAdALEDeLwsTXpQMQzA",
            "name": "benefits",
            "type": null,
            "modifiers": [],
            "position": {}
          },
          "position": {}
        }
      }
    },
    "fields_to_fields_data_clump-./PartTime-_MQK8gMoLEDe7bMejRdk7Dg-_UXjKkMnPEDepAPUFo08I3Q-workingHoursworkingDaysbenefits": {
      "type": "data_clump",
      "key": "fields_to_fields_data_clump-./PartTime-_MQK8gMoLEDe7bMejRdk7Dg-_UXjKkMnPEDepAPUFo08I3Q-workingHoursworkingDaysbenefits",
      "probability": 1,
      "from_file_path": "./PartTime",
      "from_class_or_interface_name": "PartTime",
      "from_class_or_interface_key": "_MQK8gMoLEDe7bMejRdk7Dg",
      "from_method_name": null,
      "from_method_key": null,
      "to_file_path": "./FullTime",
      "to_class_or_interface_key": "_UXjKkMnPEDepAPUFo08I3Q",
      "to_class_or_interface_name": "PartTime",
      "to_method_key": null,
      "to_method_name": null,
      "data_clump_type": "fields_to_fields_data_clump",
      "data_clump_data": {
        "_MQLjkMoLEDe7bMejRdk7Dg": {
          "key": "_MQLjkMoLEDe7bMejRdk7Dg",
          "name": "workingHours",
          "type": null,
          "probability": 1,
          "modifiers": [
            "public"
          ],
          "to_variable": {
            "key": "_95mfkMoKEDe7bMejRdk7Dg",
            "name": "workingHours",
            "type": null,
            "modifiers": [
              "public"
            ],
            "position": {}
          },
          "position": {}
        },
        "_bG00wNALEDeLwsTXpQMQzA": {
          "key": "_bG00wNALEDeLwsTXpQMQzA",
          "name": "workingDays",
          "type": null,
          "probability": 1,
          "modifiers": [],
          "to_variable": {
            "key": "_N_XEsNAKEDeLwsTXpQMQzA",
            "name": "workingDays",
            "type": null,
            "modifiers": [],
            "position": {}
          },
          "position": {}
        },
        "_dHfsAdALEDeLwsTXpQMQzA": {
          "key": "_dHfsAdALEDeLwsTXpQMQzA",
          "name": "benefits",
          "type": null,
          "probability": 1,
          "modifiers": [],
          "to_variable": {
            "key": "_TieH8dAKEDeLwsTXpQMQzA",
            "name": "benefits",
            "type": null,
            "modifiers": [],
            "position": {}
          },
          "position": {}
        }
      }
    },
    "fields_to_fields_data_clump-./Saving-_c3xUoMnOEDepAPUFo08I3Q-_bregoMnOEDepAPUFo08I3Q-balancetransferrecentTransaction": {
      "type": "data_clump",
      "key": "fields_to_fields_data_clump-./Saving-_c3xUoMnOEDepAPUFo08I3Q-_bregoMnOEDepAPUFo08I3Q-balancetransferrecentTransaction",
      "probability": 1,
      "from_file_path": "./Saving",
      "from_class_or_interface_name": "Saving",
      "from_class_or_interface_key": "_c3xUoMnOEDepAPUFo08I3Q",
      "from_method_name": null,
      "from_method_key": null,
      "to_file_path": "./Checking",
      "to_class_or_interface_key": "_bregoMnOEDepAPUFo08I3Q",
      "to_class_or_interface_name": "Saving",
      "to_method_key": null,
      "to_method_name": null,
      "data_clump_type": "fields_to_fields_data_clump",
      "data_clump_data": {
        "_9DlwUMnYEDepAPUFo08I3Q": {
          "key": "_9DlwUMnYEDepAPUFo08I3Q",
          "name": "balance",
          "type": null,
          "probability": 1,
          "modifiers": [],
          "to_variable": {
            "key": "_KBWx0MnaEDepAPUFo08I3Q",
            "name": "balance",
            "type": null,
            "modifiers": [],
            "position": {}
          },
          "position": {}
        },
        "__h_scMnYEDepAPUFo08I3Q": {
          "key": "__h_scMnYEDepAPUFo08I3Q",
          "name": "transfer",
          "type": null,
          "probability": 1,
          "modifiers": [],
          "to_variable": {
            "key": "_RQfSAMnaEDepAPUFo08I3Q",
            "name": "transfer",
            "type": null,
            "modifiers": [],
            "position": {}
          },
          "position": {}
        },
        "_EQ9V8MnZEDepAPUFo08I3Q": {
          "key": "_EQ9V8MnZEDepAPUFo08I3Q",
          "name": "recentTransaction",
          "type": null,
          "probability": 1,
          "modifiers": [],
          "to_variable": {
            "key": "_SqqJ8MnaEDepAPUFo08I3Q",
            "name": "recentTransaction",
            "type": null,
            "modifiers": [],
            "position": {}
          },
          "position": {}
        }
      }
    }
  }
}