{
  "report_version": "unknown",
  "report_timestamp": "2025-03-26T21:56:01.770Z",
  "target_language": "java",
  "report_summary": {
    "additional": null,
    "amount_classes_or_interfaces_with_data_clumps": 3,
    "amount_files_with_data_clumps": 3,
    "amount_methods_with_data_clumps": 3,
    "fields_to_fields_data_clump": 6,
    "parameters_to_fields_data_clump": 0,
    "parameters_to_parameters_data_clump": 6,
    "amount_data_clumps": 12
  },
  "project_info": {
    "project_url": "unknown_project_url",
    "project_name": "_QqcukJikEeaLdJY0NVKqzQ",
    "project_version": "unknown_project_version",
    "project_commit_hash": "unknown",
    "project_tag": null,
    "project_commit_date": null,
    "additional": {},
    "number_of_files": 6,
    "number_of_classes_or_interfaces": 6,
    "number_of_methods": 15,
    "number_of_data_fields": 28,
    "number_of_method_parameters": 29
  },
  "detector": {
    "name": "data-clumps-doctor",
    "url": "https://github.com/NilsBaumgartner1994/data-clumps-doctor",
    "version": "0.1.100",
    "options": {
      "typeVariablesConsidered": false,
      "similarityModifierOfVariablesWithUnknownType": 0,
      "fieldsOfClassesWithUnknownHierarchyProbabilityModifier": 0,
      "sharedFieldsToFieldsAmountMinimum": 3,
      "analyseFieldsInClassesOrInterfacesInheritedFromSuperClassesOrInterfaces": false,
      "sharedParametersToParametersAmountMinimum": 3,
      "sharedParametersToFieldsAmountMinimum": 3,
      "methodsOfClassesOrInterfacesWithUnknownHierarchyProbabilityModifier": 0
    }
  },
  "data_clumps": {
    "parameters_to_parameters_data_clump-./Faculty-_Q1fhApikEea7n-TndF5MTA-_Q1fhKpikEea7n-TndF5MTA-fNamelNamehpmshr": {
      "type": "data_clump",
      "key": "parameters_to_parameters_data_clump-./Faculty-_Q1fhApikEea7n-TndF5MTA-_Q1fhKpikEea7n-TndF5MTA-fNamelNamehpmshr",
      "probability": 1,
      "from_file_path": "./Faculty",
      "from_class_or_interface_name": "Faculty",
      "from_class_or_interface_key": "_Q1e555ikEea7n-TndF5MTA",
      "from_method_name": "Faculty",
      "from_method_key": "_Q1fhApikEea7n-TndF5MTA",
      "to_file_path": "./OfficeStaff",
      "to_class_or_interface_name": "OfficeStaff",
      "to_class_or_interface_key": "_Q1fhGpikEea7n-TndF5MTA",
      "to_method_name": "OfficeStaff",
      "to_method_key": "_Q1fhKpikEea7n-TndF5MTA",
      "data_clump_type": "parameters_to_parameters_data_clump",
      "data_clump_data": {
        "_Q1fhA5ikEea7n-TndF5MTA": {
          "key": "_Q1fhA5ikEea7n-TndF5MTA",
          "name": "fName",
          "type": null,
          "probability": 1,
          "modifiers": [],
          "to_variable": {
            "key": "_Q1fhK5ikEea7n-TndF5MTA",
            "name": "fName",
            "type": null,
            "modifiers": [],
            "position": {}
          },
          "position": {}
        },
        "_Q1fhBpikEea7n-TndF5MTA": {
          "key": "_Q1fhBpikEea7n-TndF5MTA",
          "name": "lName",
          "type": null,
          "probability": 1,
          "modifiers": [],
          "to_variable": {
            "key": "_Q1fhLpikEea7n-TndF5MTA",
            "name": "lName",
            "type": null,
            "modifiers": [],
            "position": {}
          },
          "position": {}
        },
        "_Q1fhD5ikEea7n-TndF5MTA": {
          "key": "_Q1fhD5ikEea7n-TndF5MTA",
          "name": "hp",
          "type": null,
          "probability": 1,
          "modifiers": [],
          "to_variable": {
            "key": "_Q1fhMZikEea7n-TndF5MTA",
            "name": "hp",
            "type": null,
            "modifiers": [],
            "position": {}
          },
          "position": {}
        },
        "_Q1fhEpikEea7n-TndF5MTA": {
          "key": "_Q1fhEpikEea7n-TndF5MTA",
          "name": "ms",
          "type": null,
          "probability": 1,
          "modifiers": [],
          "to_variable": {
            "key": "_Q1fhNJikEea7n-TndF5MTA",
            "name": "ms",
            "type": null,
            "modifiers": [],
            "position": {}
          },
          "position": {}
        },
        "_Q1fhFZikEea7n-TndF5MTA": {
          "key": "_Q1fhFZikEea7n-TndF5MTA",
          "name": "hr",
          "type": null,
          "probability": 1,
          "modifiers": [],
          "to_variable": {
            "key": "_Q1gIApikEea7n-TndF5MTA",
            "name": "hr",
            "type": null,
            "modifiers": [],
            "position": {}
          },
          "position": {}
        }
      }
    },
    "parameters_to_parameters_data_clump-./Faculty-_Q1fhApikEea7n-TndF5MTA-_Q1gvJpikEea7n-TndF5MTA-fNamelNamehpmshr": {
      "type": "data_clump",
      "key": "parameters_to_parameters_data_clump-./Faculty-_Q1fhApikEea7n-TndF5MTA-_Q1gvJpikEea7n-TndF5MTA-fNamelNamehpmshr",
      "probability": 1,
      "from_file_path": "./Faculty",
      "from_class_or_interface_name": "Faculty",
      "from_class_or_interface_key": "_Q1e555ikEea7n-TndF5MTA",
      "from_method_name": "Faculty",
      "from_method_key": "_Q1fhApikEea7n-TndF5MTA",
      "to_file_path": "./TechnicalSupportStaff",
      "to_class_or_interface_name": "TechnicalSupportStaff",
      "to_class_or_interface_key": "_Q1gvE5ikEea7n-TndF5MTA",
      "to_method_name": "TechnicalSupportStaff",
      "to_method_key": "_Q1gvJpikEea7n-TndF5MTA",
      "data_clump_type": "parameters_to_parameters_data_clump",
      "data_clump_data": {
        "_Q1fhA5ikEea7n-TndF5MTA": {
          "key": "_Q1fhA5ikEea7n-TndF5MTA",
          "name": "fName",
          "type": null,
          "probability": 1,
          "modifiers": [],
          "to_variable": {
            "key": "_Q1gvJ5ikEea7n-TndF5MTA",
            "name": "fName",
            "type": null,
            "modifiers": [],
            "position": {}
          },
          "position": {}
        },
        "_Q1fhBpikEea7n-TndF5MTA": {
          "key": "_Q1fhBpikEea7n-TndF5MTA",
          "name": "lName",
          "type": null,
          "probability": 1,
          "modifiers": [],
          "to_variable": {
            "key": "_Q1gvKpikEea7n-TndF5MTA",
            "name": "lName",
            "type": null,
            "modifiers": [],
            "position": {}
          },
          "position": {}
        },
        "_Q1fhD5ikEea7n-TndF5MTA": {
          "key": "_Q1fhD5ikEea7n-TndF5MTA",
          "name": "hp",
          "type": null,
          "probability": 1,
          "modifiers": [],
          "to_variable": {
            "key": "_Q1gvMJikEea7n-TndF5MTA",
            "name": "hp",
            "type": null,
            "modifiers": [],
            "position": {}
          },
          "position": {}
        },
        "_Q1fhEpikEea7n-TndF5MTA": {
          "key": "_Q1fhEpikEea7n-TndF5MTA",
          "name": "ms",
          "type": null,
          "probability": 1,
          "modifiers": [],
          "to_variable": {
            "key": "_Q1gvM5ikEea7n-TndF5MTA",
            "name": "ms",
            "type": null,
            "modifiers": [],
            "position": {}
          },
          "position": {}
        },
        "_Q1fhFZikEea7n-TndF5MTA": {
          "key": "_Q1fhFZikEea7n-TndF5MTA",
          "name": "hr",
          "type": null,
          "probability": 1,
          "modifiers": [],
          "to_variable": {
            "key": "_Q1gvNpikEea7n-TndF5MTA",
            "name": "hr",
            "type": null,
            "modifiers": [],
            "position": {}
          },
          "position": {}
        }
      }
    },
    "parameters_to_parameters_data_clump-./OfficeStaff-_Q1fhKpikEea7n-TndF5MTA-_Q1fhApikEea7n-TndF5MTA-fNamelNamehpmshr": {
      "type": "data_clump",
      "key": "parameters_to_parameters_data_clump-./OfficeStaff-_Q1fhKpikEea7n-TndF5MTA-_Q1fhApikEea7n-TndF5MTA-fNamelNamehpmshr",
      "probability": 1,
      "from_file_path": "./OfficeStaff",
      "from_class_or_interface_name": "OfficeStaff",
      "from_class_or_interface_key": "_Q1fhGpikEea7n-TndF5MTA",
      "from_method_name": "OfficeStaff",
      "from_method_key": "_Q1fhKpikEea7n-TndF5MTA",
      "to_file_path": "./Faculty",
      "to_class_or_interface_name": "Faculty",
      "to_class_or_interface_key": "_Q1e555ikEea7n-TndF5MTA",
      "to_method_name": "Faculty",
      "to_method_key": "_Q1fhApikEea7n-TndF5MTA",
      "data_clump_type": "parameters_to_parameters_data_clump",
      "data_clump_data": {
        "_Q1fhK5ikEea7n-TndF5MTA": {
          "key": "_Q1fhK5ikEea7n-TndF5MTA",
          "name": "fName",
          "type": null,
          "probability": 1,
          "modifiers": [],
          "to_variable": {
            "key": "_Q1fhA5ikEea7n-TndF5MTA",
            "name": "fName",
            "type": null,
            "modifiers": [],
            "position": {}
          },
          "position": {}
        },
        "_Q1fhLpikEea7n-TndF5MTA": {
          "key": "_Q1fhLpikEea7n-TndF5MTA",
          "name": "lName",
          "type": null,
          "probability": 1,
          "modifiers": [],
          "to_variable": {
            "key": "_Q1fhBpikEea7n-TndF5MTA",
            "name": "lName",
            "type": null,
            "modifiers": [],
            "position": {}
          },
          "position": {}
        },
        "_Q1fhMZikEea7n-TndF5MTA": {
          "key": "_Q1fhMZikEea7n-TndF5MTA",
          "name": "hp",
          "type": null,
          "probability": 1,
          "modifiers": [],
          "to_variable": {
            "key": "_Q1fhD5ikEea7n-TndF5MTA",
            "name": "hp",
            "type": null,
            "modifiers": [],
            "position": {}
          },
          "position": {}
        },
        "_Q1fhNJikEea7n-TndF5MTA": {
          "key": "_Q1fhNJikEea7n-TndF5MTA",
          "name": "ms",
          "type": null,
          "probability": 1,
          "modifiers": [],
          "to_variable": {
            "key": "_Q1fhEpikEea7n-TndF5MTA",
            "name": "ms",
            "type": null,
            "modifiers": [],
            "position": {}
          },
          "position": {}
        },
        "_Q1gIApikEea7n-TndF5MTA": {
          "key": "_Q1gIApikEea7n-TndF5MTA",
          "name": "hr",
          "type": null,
          "probability": 1,
          "modifiers": [],
          "to_variable": {
            "key": "_Q1fhFZikEea7n-TndF5MTA",
            "name": "hr",
            "type": null,
            "modifiers": [],
            "position": {}
          },
          "position": {}
        }
      }
    },
    "parameters_to_parameters_data_clump-./OfficeStaff-_Q1fhKpikEea7n-TndF5MTA-_Q1gvJpikEea7n-TndF5MTA-fNamelNamehpmshr": {
      "type": "data_clump",
      "key": "parameters_to_parameters_data_clump-./OfficeStaff-_Q1fhKpikEea7n-TndF5MTA-_Q1gvJpikEea7n-TndF5MTA-fNamelNamehpmshr",
      "probability": 1,
      "from_file_path": "./OfficeStaff",
      "from_class_or_interface_name": "OfficeStaff",
      "from_class_or_interface_key": "_Q1fhGpikEea7n-TndF5MTA",
      "from_method_name": "OfficeStaff",
      "from_method_key": "_Q1fhKpikEea7n-TndF5MTA",
      "to_file_path": "./TechnicalSupportStaff",
      "to_class_or_interface_name": "TechnicalSupportStaff",
      "to_class_or_interface_key": "_Q1gvE5ikEea7n-TndF5MTA",
      "to_method_name": "TechnicalSupportStaff",
      "to_method_key": "_Q1gvJpikEea7n-TndF5MTA",
      "data_clump_type": "parameters_to_parameters_data_clump",
      "data_clump_data": {
        "_Q1fhK5ikEea7n-TndF5MTA": {
          "key": "_Q1fhK5ikEea7n-TndF5MTA",
          "name": "fName",
          "type": null,
          "probability": 1,
          "modifiers": [],
          "to_variable": {
            "key": "_Q1gvJ5ikEea7n-TndF5MTA",
            "name": "fName",
            "type": null,
            "modifiers": [],
            "position": {}
          },
          "position": {}
        },
        "_Q1fhLpikEea7n-TndF5MTA": {
          "key": "_Q1fhLpikEea7n-TndF5MTA",
          "name": "lName",
          "type": null,
          "probability": 1,
          "modifiers": [],
          "to_variable": {
            "key": "_Q1gvKpikEea7n-TndF5MTA",
            "name": "lName",
            "type": null,
            "modifiers": [],
            "position": {}
          },
          "position": {}
        },
        "_Q1fhMZikEea7n-TndF5MTA": {
          "key": "_Q1fhMZikEea7n-TndF5MTA",
          "name": "hp",
          "type": null,
          "probability": 1,
          "modifiers": [],
          "to_variable": {
            "key": "_Q1gvMJikEea7n-TndF5MTA",
            "name": "hp",
            "type": null,
            "modifiers": [],
            "position": {}
          },
          "position": {}
        },
        "_Q1fhNJikEea7n-TndF5MTA": {
          "key": "_Q1fhNJikEea7n-TndF5MTA",
          "name": "ms",
          "type": null,
          "probability": 1,
          "modifiers": [],
          "to_variable": {
            "key": "_Q1gvM5ikEea7n-TndF5MTA",
            "name": "ms",
            "type": null,
            "modifiers": [],
            "position": {}
          },
          "position": {}
        },
        "_Q1gIApikEea7n-TndF5MTA": {
          "key": "_Q1gIApikEea7n-TndF5MTA",
          "name": "hr",
          "type": null,
          "probability": 1,
          "modifiers": [],
          "to_variable": {
            "key": "_Q1gvNpikEea7n-TndF5MTA",
            "name": "hr",
            "type": null,
            "modifiers": [],
            "position": {}
          },
          "position": {}
        }
      }
    },
    "parameters_to_parameters_data_clump-./TechnicalSupportStaff-_Q1gvJpikEea7n-TndF5MTA-_Q1fhApikEea7n-TndF5MTA-fNamelNamehpmshr": {
      "type": "data_clump",
      "key": "parameters_to_parameters_data_clump-./TechnicalSupportStaff-_Q1gvJpikEea7n-TndF5MTA-_Q1fhApikEea7n-TndF5MTA-fNamelNamehpmshr",
      "probability": 1,
      "from_file_path": "./TechnicalSupportStaff",
      "from_class_or_interface_name": "TechnicalSupportStaff",
      "from_class_or_interface_key": "_Q1gvE5ikEea7n-TndF5MTA",
      "from_method_name": "TechnicalSupportStaff",
      "from_method_key": "_Q1gvJpikEea7n-TndF5MTA",
      "to_file_path": "./Faculty",
      "to_class_or_interface_name": "Faculty",
      "to_class_or_interface_key": "_Q1e555ikEea7n-TndF5MTA",
      "to_method_name": "Faculty",
      "to_method_key": "_Q1fhApikEea7n-TndF5MTA",
      "data_clump_type": "parameters_to_parameters_data_clump",
      "data_clump_data": {
        "_Q1gvJ5ikEea7n-TndF5MTA": {
          "key": "_Q1gvJ5ikEea7n-TndF5MTA",
          "name": "fName",
          "type": null,
          "probability": 1,
          "modifiers": [],
          "to_variable": {
            "key": "_Q1fhA5ikEea7n-TndF5MTA",
            "name": "fName",
            "type": null,
            "modifiers": [],
            "position": {}
          },
          "position": {}
        },
        "_Q1gvKpikEea7n-TndF5MTA": {
          "key": "_Q1gvKpikEea7n-TndF5MTA",
          "name": "lName",
          "type": null,
          "probability": 1,
          "modifiers": [],
          "to_variable": {
            "key": "_Q1fhBpikEea7n-TndF5MTA",
            "name": "lName",
            "type": null,
            "modifiers": [],
            "position": {}
          },
          "position": {}
        },
        "_Q1gvMJikEea7n-TndF5MTA": {
          "key": "_Q1gvMJikEea7n-TndF5MTA",
          "name": "hp",
          "type": null,
          "probability": 1,
          "modifiers": [],
          "to_variable": {
            "key": "_Q1fhD5ikEea7n-TndF5MTA",
            "name": "hp",
            "type": null,
            "modifiers": [],
            "position": {}
          },
          "position": {}
        },
        "_Q1gvM5ikEea7n-TndF5MTA": {
          "key": "_Q1gvM5ikEea7n-TndF5MTA",
          "name": "ms",
          "type": null,
          "probability": 1,
          "modifiers": [],
          "to_variable": {
            "key": "_Q1fhEpikEea7n-TndF5MTA",
            "name": "ms",
            "type": null,
            "modifiers": [],
            "position": {}
          },
          "position": {}
        },
        "_Q1gvNpikEea7n-TndF5MTA": {
          "key": "_Q1gvNpikEea7n-TndF5MTA",
          "name": "hr",
          "type": null,
          "probability": 1,
          "modifiers": [],
          "to_variable": {
            "key": "_Q1fhFZikEea7n-TndF5MTA",
            "name": "hr",
            "type": null,
            "modifiers": [],
            "position": {}
          },
          "position": {}
        }
      }
    },
    "parameters_to_parameters_data_clump-./TechnicalSupportStaff-_Q1gvJpikEea7n-TndF5MTA-_Q1fhKpikEea7n-TndF5MTA-fNamelNamehpmshr": {
      "type": "data_clump",
      "key": "parameters_to_parameters_data_clump-./TechnicalSupportStaff-_Q1gvJpikEea7n-TndF5MTA-_Q1fhKpikEea7n-TndF5MTA-fNamelNamehpmshr",
      "probability": 1,
      "from_file_path": "./TechnicalSupportStaff",
      "from_class_or_interface_name": "TechnicalSupportStaff",
      "from_class_or_interface_key": "_Q1gvE5ikEea7n-TndF5MTA",
      "from_method_name": "TechnicalSupportStaff",
      "from_method_key": "_Q1gvJpikEea7n-TndF5MTA",
      "to_file_path": "./OfficeStaff",
      "to_class_or_interface_name": "OfficeStaff",
      "to_class_or_interface_key": "_Q1fhGpikEea7n-TndF5MTA",
      "to_method_name": "OfficeStaff",
      "to_method_key": "_Q1fhKpikEea7n-TndF5MTA",
      "data_clump_type": "parameters_to_parameters_data_clump",
      "data_clump_data": {
        "_Q1gvJ5ikEea7n-TndF5MTA": {
          "key": "_Q1gvJ5ikEea7n-TndF5MTA",
          "name": "fName",
          "type": null,
          "probability": 1,
          "modifiers": [],
          "to_variable": {
            "key": "_Q1fhK5ikEea7n-TndF5MTA",
            "name": "fName",
            "type": null,
            "modifiers": [],
            "position": {}
          },
          "position": {}
        },
        "_Q1gvKpikEea7n-TndF5MTA": {
          "key": "_Q1gvKpikEea7n-TndF5MTA",
          "name": "lName",
          "type": null,
          "probability": 1,
          "modifiers": [],
          "to_variable": {
            "key": "_Q1fhLpikEea7n-TndF5MTA",
            "name": "lName",
            "type": null,
            "modifiers": [],
            "position": {}
          },
          "position": {}
        },
        "_Q1gvMJikEea7n-TndF5MTA": {
          "key": "_Q1gvMJikEea7n-TndF5MTA",
          "name": "hp",
          "type": null,
          "probability": 1,
          "modifiers": [],
          "to_variable": {
            "key": "_Q1fhMZikEea7n-TndF5MTA",
            "name": "hp",
            "type": null,
            "modifiers": [],
            "position": {}
          },
          "position": {}
        },
        "_Q1gvM5ikEea7n-TndF5MTA": {
          "key": "_Q1gvM5ikEea7n-TndF5MTA",
          "name": "ms",
          "type": null,
          "probability": 1,
          "modifiers": [],
          "to_variable": {
            "key": "_Q1fhNJikEea7n-TndF5MTA",
            "name": "ms",
            "type": null,
            "modifiers": [],
            "position": {}
          },
          "position": {}
        },
        "_Q1gvNpikEea7n-TndF5MTA": {
          "key": "_Q1gvNpikEea7n-TndF5MTA",
          "name": "hr",
          "type": null,
          "probability": 1,
          "modifiers": [],
          "to_variable": {
            "key": "_Q1gIApikEea7n-TndF5MTA",
            "name": "hr",
            "type": null,
            "modifiers": [],
            "position": {}
          },
          "position": {}
        }
      }
    },
    "fields_to_fields_data_clump-./Faculty-_Q1e555ikEea7n-TndF5MTA-_Q1fhGpikEea7n-TndF5MTA-firstNamelastNamemonthly_salaryhourlyPaidhourlyRate": {
      "type": "data_clump",
      "key": "fields_to_fields_data_clump-./Faculty-_Q1e555ikEea7n-TndF5MTA-_Q1fhGpikEea7n-TndF5MTA-firstNamelastNamemonthly_salaryhourlyPaidhourlyRate",
      "probability": 1,
      "from_file_path": "./Faculty",
      "from_class_or_interface_name": "Faculty",
      "from_class_or_interface_key": "_Q1e555ikEea7n-TndF5MTA",
      "from_method_name": null,
      "from_method_key": null,
      "to_file_path": "./OfficeStaff",
      "to_class_or_interface_key": "_Q1fhGpikEea7n-TndF5MTA",
      "to_class_or_interface_name": "Faculty",
      "to_method_key": null,
      "to_method_name": null,
      "data_clump_type": "fields_to_fields_data_clump",
      "data_clump_data": {
        "_Q1e56JikEea7n-TndF5MTA": {
          "key": "_Q1e56JikEea7n-TndF5MTA",
          "name": "firstName",
          "type": null,
          "probability": 1,
          "modifiers": [
            "private"
          ],
          "to_variable": {
            "key": "_Q1fhG5ikEea7n-TndF5MTA",
            "name": "firstName",
            "type": null,
            "modifiers": [
              "private"
            ],
            "position": {}
          },
          "position": {}
        },
        "_Q1fg8JikEea7n-TndF5MTA": {
          "key": "_Q1fg8JikEea7n-TndF5MTA",
          "name": "lastName",
          "type": null,
          "probability": 1,
          "modifiers": [
            "private"
          ],
          "to_variable": {
            "key": "_Q1fhHpikEea7n-TndF5MTA",
            "name": "lastName",
            "type": null,
            "modifiers": [
              "private"
            ],
            "position": {}
          },
          "position": {}
        },
        "_Q1fg-ZikEea7n-TndF5MTA": {
          "key": "_Q1fg-ZikEea7n-TndF5MTA",
          "name": "monthly_salary",
          "type": null,
          "probability": 1,
          "modifiers": [
            "private"
          ],
          "to_variable": {
            "key": "_Q1fhJ5ikEea7n-TndF5MTA",
            "name": "monthly_salary",
            "type": null,
            "modifiers": [
              "private"
            ],
            "position": {}
          },
          "position": {}
        },
        "_Q1fg_JikEea7n-TndF5MTA": {
          "key": "_Q1fg_JikEea7n-TndF5MTA",
          "name": "hourlyPaid",
          "type": null,
          "probability": 1,
          "modifiers": [
            "private"
          ],
          "to_variable": {
            "key": "_Q1fhIZikEea7n-TndF5MTA",
            "name": "hourlyPaid",
            "type": null,
            "modifiers": [
              "private"
            ],
            "position": {}
          },
          "position": {}
        },
        "_Q1fg_5ikEea7n-TndF5MTA": {
          "key": "_Q1fg_5ikEea7n-TndF5MTA",
          "name": "hourlyRate",
          "type": null,
          "probability": 1,
          "modifiers": [
            "private"
          ],
          "to_variable": {
            "key": "_Q1fhJJikEea7n-TndF5MTA",
            "name": "hourlyRate",
            "type": null,
            "modifiers": [
              "private"
            ],
            "position": {}
          },
          "position": {}
        }
      }
    },
    "fields_to_fields_data_clump-./Faculty-_Q1e555ikEea7n-TndF5MTA-_Q1gvE5ikEea7n-TndF5MTA-firstNamelastNamemonthly_salaryhourlyPaidhourlyRate": {
      "type": "data_clump",
      "key": "fields_to_fields_data_clump-./Faculty-_Q1e555ikEea7n-TndF5MTA-_Q1gvE5ikEea7n-TndF5MTA-firstNamelastNamemonthly_salaryhourlyPaidhourlyRate",
      "probability": 1,
      "from_file_path": "./Faculty",
      "from_class_or_interface_name": "Faculty",
      "from_class_or_interface_key": "_Q1e555ikEea7n-TndF5MTA",
      "from_method_name": null,
      "from_method_key": null,
      "to_file_path": "./TechnicalSupportStaff",
      "to_class_or_interface_key": "_Q1gvE5ikEea7n-TndF5MTA",
      "to_class_or_interface_name": "Faculty",
      "to_method_key": null,
      "to_method_name": null,
      "data_clump_type": "fields_to_fields_data_clump",
      "data_clump_data": {
        "_Q1e56JikEea7n-TndF5MTA": {
          "key": "_Q1e56JikEea7n-TndF5MTA",
          "name": "firstName",
          "type": null,
          "probability": 1,
          "modifiers": [
            "private"
          ],
          "to_variable": {
            "key": "_Q1gvFJikEea7n-TndF5MTA",
            "name": "firstName",
            "type": null,
            "modifiers": [
              "private"
            ],
            "position": {}
          },
          "position": {}
        },
        "_Q1fg8JikEea7n-TndF5MTA": {
          "key": "_Q1fg8JikEea7n-TndF5MTA",
          "name": "lastName",
          "type": null,
          "probability": 1,
          "modifiers": [
            "private"
          ],
          "to_variable": {
            "key": "_Q1gvF5ikEea7n-TndF5MTA",
            "name": "lastName",
            "type": null,
            "modifiers": [
              "private"
            ],
            "position": {}
          },
          "position": {}
        },
        "_Q1fg-ZikEea7n-TndF5MTA": {
          "key": "_Q1fg-ZikEea7n-TndF5MTA",
          "name": "monthly_salary",
          "type": null,
          "probability": 1,
          "modifiers": [
            "private"
          ],
          "to_variable": {
            "key": "_Q1gvI5ikEea7n-TndF5MTA",
            "name": "monthly_salary",
            "type": null,
            "modifiers": [
              "private"
            ],
            "position": {}
          },
          "position": {}
        },
        "_Q1fg_JikEea7n-TndF5MTA": {
          "key": "_Q1fg_JikEea7n-TndF5MTA",
          "name": "hourlyPaid",
          "type": null,
          "probability": 1,
          "modifiers": [
            "private"
          ],
          "to_variable": {
            "key": "_Q1gvHZikEea7n-TndF5MTA",
            "name": "hourlyPaid",
            "type": null,
            "modifiers": [
              "private"
            ],
            "position": {}
          },
          "position": {}
        },
        "_Q1fg_5ikEea7n-TndF5MTA": {
          "key": "_Q1fg_5ikEea7n-TndF5MTA",
          "name": "hourlyRate",
          "type": null,
          "probability": 1,
          "modifiers": [
            "private"
          ],
          "to_variable": {
            "key": "_Q1gvIJikEea7n-TndF5MTA",
            "name": "hourlyRate",
            "type": null,
            "modifiers": [
              "private"
            ],
            "position": {}
          },
          "position": {}
        }
      }
    },
    "fields_to_fields_data_clump-./OfficeStaff-_Q1fhGpikEea7n-TndF5MTA-_Q1e555ikEea7n-TndF5MTA-firstNamelastNamehourlyPaidhourlyRatemonthly_salary": {
      "type": "data_clump",
      "key": "fields_to_fields_data_clump-./OfficeStaff-_Q1fhGpikEea7n-TndF5MTA-_Q1e555ikEea7n-TndF5MTA-firstNamelastNamehourlyPaidhourlyRatemonthly_salary",
      "probability": 1,
      "from_file_path": "./OfficeStaff",
      "from_class_or_interface_name": "OfficeStaff",
      "from_class_or_interface_key": "_Q1fhGpikEea7n-TndF5MTA",
      "from_method_name": null,
      "from_method_key": null,
      "to_file_path": "./Faculty",
      "to_class_or_interface_key": "_Q1e555ikEea7n-TndF5MTA",
      "to_class_or_interface_name": "OfficeStaff",
      "to_method_key": null,
      "to_method_name": null,
      "data_clump_type": "fields_to_fields_data_clump",
      "data_clump_data": {
        "_Q1fhG5ikEea7n-TndF5MTA": {
          "key": "_Q1fhG5ikEea7n-TndF5MTA",
          "name": "firstName",
          "type": null,
          "probability": 1,
          "modifiers": [
            "private"
          ],
          "to_variable": {
            "key": "_Q1e56JikEea7n-TndF5MTA",
            "name": "firstName",
            "type": null,
            "modifiers": [
              "private"
            ],
            "position": {}
          },
          "position": {}
        },
        "_Q1fhHpikEea7n-TndF5MTA": {
          "key": "_Q1fhHpikEea7n-TndF5MTA",
          "name": "lastName",
          "type": null,
          "probability": 1,
          "modifiers": [
            "private"
          ],
          "to_variable": {
            "key": "_Q1fg8JikEea7n-TndF5MTA",
            "name": "lastName",
            "type": null,
            "modifiers": [
              "private"
            ],
            "position": {}
          },
          "position": {}
        },
        "_Q1fhIZikEea7n-TndF5MTA": {
          "key": "_Q1fhIZikEea7n-TndF5MTA",
          "name": "hourlyPaid",
          "type": null,
          "probability": 1,
          "modifiers": [
            "private"
          ],
          "to_variable": {
            "key": "_Q1fg_JikEea7n-TndF5MTA",
            "name": "hourlyPaid",
            "type": null,
            "modifiers": [
              "private"
            ],
            "position": {}
          },
          "position": {}
        },
        "_Q1fhJJikEea7n-TndF5MTA": {
          "key": "_Q1fhJJikEea7n-TndF5MTA",
          "name": "hourlyRate",
          "type": null,
          "probability": 1,
          "modifiers": [
            "private"
          ],
          "to_variable": {
            "key": "_Q1fg_5ikEea7n-TndF5MTA",
            "name": "hourlyRate",
            "type": null,
            "modifiers": [
              "private"
            ],
            "position": {}
          },
          "position": {}
        },
        "_Q1fhJ5ikEea7n-TndF5MTA": {
          "key": "_Q1fhJ5ikEea7n-TndF5MTA",
          "name": "monthly_salary",
          "type": null,
          "probability": 1,
          "modifiers": [
            "private"
          ],
          "to_variable": {
            "key": "_Q1fg-ZikEea7n-TndF5MTA",
            "name": "monthly_salary",
            "type": null,
            "modifiers": [
              "private"
            ],
            "position": {}
          },
          "position": {}
        }
      }
    },
    "fields_to_fields_data_clump-./OfficeStaff-_Q1fhGpikEea7n-TndF5MTA-_Q1gvE5ikEea7n-TndF5MTA-firstNamelastNamehourlyPaidhourlyRatemonthly_salary": {
      "type": "data_clump",
      "key": "fields_to_fields_data_clump-./OfficeStaff-_Q1fhGpikEea7n-TndF5MTA-_Q1gvE5ikEea7n-TndF5MTA-firstNamelastNamehourlyPaidhourlyRatemonthly_salary",
      "probability": 1,
      "from_file_path": "./OfficeStaff",
      "from_class_or_interface_name": "OfficeStaff",
      "from_class_or_interface_key": "_Q1fhGpikEea7n-TndF5MTA",
      "from_method_name": null,
      "from_method_key": null,
      "to_file_path": "./TechnicalSupportStaff",
      "to_class_or_interface_key": "_Q1gvE5ikEea7n-TndF5MTA",
      "to_class_or_interface_name": "OfficeStaff",
      "to_method_key": null,
      "to_method_name": null,
      "data_clump_type": "fields_to_fields_data_clump",
      "data_clump_data": {
        "_Q1fhG5ikEea7n-TndF5MTA": {
          "key": "_Q1fhG5ikEea7n-TndF5MTA",
          "name": "firstName",
          "type": null,
          "probability": 1,
          "modifiers": [
            "private"
          ],
          "to_variable": {
            "key": "_Q1gvFJikEea7n-TndF5MTA",
            "name": "firstName",
            "type": null,
            "modifiers": [
              "private"
            ],
            "position": {}
          },
          "position": {}
        },
        "_Q1fhHpikEea7n-TndF5MTA": {
          "key": "_Q1fhHpikEea7n-TndF5MTA",
          "name": "lastName",
          "type": null,
          "probability": 1,
          "modifiers": [
            "private"
          ],
          "to_variable": {
            "key": "_Q1gvF5ikEea7n-TndF5MTA",
            "name": "lastName",
            "type": null,
            "modifiers": [
              "private"
            ],
            "position": {}
          },
          "position": {}
        },
        "_Q1fhIZikEea7n-TndF5MTA": {
          "key": "_Q1fhIZikEea7n-TndF5MTA",
          "name": "hourlyPaid",
          "type": null,
          "probability": 1,
          "modifiers": [
            "private"
          ],
          "to_variable": {
            "key": "_Q1gvHZikEea7n-TndF5MTA",
            "name": "hourlyPaid",
            "type": null,
            "modifiers": [
              "private"
            ],
            "position": {}
          },
          "position": {}
        },
        "_Q1fhJJikEea7n-TndF5MTA": {
          "key": "_Q1fhJJikEea7n-TndF5MTA",
          "name": "hourlyRate",
          "type": null,
          "probability": 1,
          "modifiers": [
            "private"
          ],
          "to_variable": {
            "key": "_Q1gvIJikEea7n-TndF5MTA",
            "name": "hourlyRate",
            "type": null,
            "modifiers": [
              "private"
            ],
            "position": {}
          },
          "position": {}
        },
        "_Q1fhJ5ikEea7n-TndF5MTA": {
          "key": "_Q1fhJ5ikEea7n-TndF5MTA",
          "name": "monthly_salary",
          "type": null,
          "probability": 1,
          "modifiers": [
            "private"
          ],
          "to_variable": {
            "key": "_Q1gvI5ikEea7n-TndF5MTA",
            "name": "monthly_salary",
            "type": null,
            "modifiers": [
              "private"
            ],
            "position": {}
          },
          "position": {}
        }
      }
    },
    "fields_to_fields_data_clump-./TechnicalSupportStaff-_Q1gvE5ikEea7n-TndF5MTA-_Q1e555ikEea7n-TndF5MTA-firstNamelastNamehourlyPaidhourlyRatemonthly_salary": {
      "type": "data_clump",
      "key": "fields_to_fields_data_clump-./TechnicalSupportStaff-_Q1gvE5ikEea7n-TndF5MTA-_Q1e555ikEea7n-TndF5MTA-firstNamelastNamehourlyPaidhourlyRatemonthly_salary",
      "probability": 1,
      "from_file_path": "./TechnicalSupportStaff",
      "from_class_or_interface_name": "TechnicalSupportStaff",
      "from_class_or_interface_key": "_Q1gvE5ikEea7n-TndF5MTA",
      "from_method_name": null,
      "from_method_key": null,
      "to_file_path": "./Faculty",
      "to_class_or_interface_key": "_Q1e555ikEea7n-TndF5MTA",
      "to_class_or_interface_name": "TechnicalSupportStaff",
      "to_method_key": null,
      "to_method_name": null,
      "data_clump_type": "fields_to_fields_data_clump",
      "data_clump_data": {
        "_Q1gvFJikEea7n-TndF5MTA": {
          "key": "_Q1gvFJikEea7n-TndF5MTA",
          "name": "firstName",
          "type": null,
          "probability": 1,
          "modifiers": [
            "private"
          ],
          "to_variable": {
            "key": "_Q1e56JikEea7n-TndF5MTA",
            "name": "firstName",
            "type": null,
            "modifiers": [
              "private"
            ],
            "position": {}
          },
          "position": {}
        },
        "_Q1gvF5ikEea7n-TndF5MTA": {
          "key": "_Q1gvF5ikEea7n-TndF5MTA",
          "name": "lastName",
          "type": null,
          "probability": 1,
          "modifiers": [
            "private"
          ],
          "to_variable": {
            "key": "_Q1fg8JikEea7n-TndF5MTA",
            "name": "lastName",
            "type": null,
            "modifiers": [
              "private"
            ],
            "position": {}
          },
          "position": {}
        },
        "_Q1gvHZikEea7n-TndF5MTA": {
          "key": "_Q1gvHZikEea7n-TndF5MTA",
          "name": "hourlyPaid",
          "type": null,
          "probability": 1,
          "modifiers": [
            "private"
          ],
          "to_variable": {
            "key": "_Q1fg_JikEea7n-TndF5MTA",
            "name": "hourlyPaid",
            "type": null,
            "modifiers": [
              "private"
            ],
            "position": {}
          },
          "position": {}
        },
        "_Q1gvIJikEea7n-TndF5MTA": {
          "key": "_Q1gvIJikEea7n-TndF5MTA",
          "name": "hourlyRate",
          "type": null,
          "probability": 1,
          "modifiers": [
            "private"
          ],
          "to_variable": {
            "key": "_Q1fg_5ikEea7n-TndF5MTA",
            "name": "hourlyRate",
            "type": null,
            "modifiers": [
              "private"
            ],
            "position": {}
          },
          "position": {}
        },
        "_Q1gvI5ikEea7n-TndF5MTA": {
          "key": "_Q1gvI5ikEea7n-TndF5MTA",
          "name": "monthly_salary",
          "type": null,
          "probability": 1,
          "modifiers": [
            "private"
          ],
          "to_variable": {
            "key": "_Q1fg-ZikEea7n-TndF5MTA",
            "name": "monthly_salary",
            "type": null,
            "modifiers": [
              "private"
            ],
            "position": {}
          },
          "position": {}
        }
      }
    },
    "fields_to_fields_data_clump-./TechnicalSupportStaff-_Q1gvE5ikEea7n-TndF5MTA-_Q1fhGpikEea7n-TndF5MTA-firstNamelastNamehourlyPaidhourlyRatemonthly_salary": {
      "type": "data_clump",
      "key": "fields_to_fields_data_clump-./TechnicalSupportStaff-_Q1gvE5ikEea7n-TndF5MTA-_Q1fhGpikEea7n-TndF5MTA-firstNamelastNamehourlyPaidhourlyRatemonthly_salary",
      "probability": 1,
      "from_file_path": "./TechnicalSupportStaff",
      "from_class_or_interface_name": "TechnicalSupportStaff",
      "from_class_or_interface_key": "_Q1gvE5ikEea7n-TndF5MTA",
      "from_method_name": null,
      "from_method_key": null,
      "to_file_path": "./OfficeStaff",
      "to_class_or_interface_key": "_Q1fhGpikEea7n-TndF5MTA",
      "to_class_or_interface_name": "TechnicalSupportStaff",
      "to_method_key": null,
      "to_method_name": null,
      "data_clump_type": "fields_to_fields_data_clump",
      "data_clump_data": {
        "_Q1gvFJikEea7n-TndF5MTA": {
          "key": "_Q1gvFJikEea7n-TndF5MTA",
          "name": "firstName",
          "type": null,
          "probability": 1,
          "modifiers": [
            "private"
          ],
          "to_variable": {
            "key": "_Q1fhG5ikEea7n-TndF5MTA",
            "name": "firstName",
            "type": null,
            "modifiers": [
              "private"
            ],
            "position": {}
          },
          "position": {}
        },
        "_Q1gvF5ikEea7n-TndF5MTA": {
          "key": "_Q1gvF5ikEea7n-TndF5MTA",
          "name": "lastName",
          "type": null,
          "probability": 1,
          "modifiers": [
            "private"
          ],
          "to_variable": {
            "key": "_Q1fhHpikEea7n-TndF5MTA",
            "name": "lastName",
            "type": null,
            "modifiers": [
              "private"
            ],
            "position": {}
          },
          "position": {}
        },
        "_Q1gvHZikEea7n-TndF5MTA": {
          "key": "_Q1gvHZikEea7n-TndF5MTA",
          "name": "hourlyPaid",
          "type": null,
          "probability": 1,
          "modifiers": [
            "private"
          ],
          "to_variable": {
            "key": "_Q1fhIZikEea7n-TndF5MTA",
            "name": "hourlyPaid",
            "type": null,
            "modifiers": [
              "private"
            ],
            "position": {}
          },
          "position": {}
        },
        "_Q1gvIJikEea7n-TndF5MTA": {
          "key": "_Q1gvIJikEea7n-TndF5MTA",
          "name": "hourlyRate",
          "type": null,
          "probability": 1,
          "modifiers": [
            "private"
          ],
          "to_variable": {
            "key": "_Q1fhJJikEea7n-TndF5MTA",
            "name": "hourlyRate",
            "type": null,
            "modifiers": [
              "private"
            ],
            "position": {}
          },
          "position": {}
        },
        "_Q1gvI5ikEea7n-TndF5MTA": {
          "key": "_Q1gvI5ikEea7n-TndF5MTA",
          "name": "monthly_salary",
          "type": null,
          "probability": 1,
          "modifiers": [
            "private"
          ],
          "to_variable": {
            "key": "_Q1fhJ5ikEea7n-TndF5MTA",
            "name": "monthly_salary",
            "type": null,
            "modifiers": [
              "private"
            ],
            "position": {}
          },
          "position": {}
        }
      }
    }
  }
}