{
  "report_version": "unknown",
  "report_timestamp": "2025-03-26T22:00:35.344Z",
  "target_language": "java",
  "report_summary": {
    "additional": null,
    "amount_classes_or_interfaces_with_data_clumps": 5,
    "amount_files_with_data_clumps": 5,
    "amount_methods_with_data_clumps": 0,
    "fields_to_fields_data_clump": 8,
    "parameters_to_fields_data_clump": 0,
    "parameters_to_parameters_data_clump": 0,
    "amount_data_clumps": 8
  },
  "project_info": {
    "project_url": "unknown_project_url",
    "project_name": "_XnerQF41EeqK2M3E1LfZ7Q",
    "project_version": "unknown_project_version",
    "project_commit_hash": "unknown",
    "project_tag": null,
    "project_commit_date": null,
    "additional": {},
    "number_of_files": 22,
    "number_of_classes_or_interfaces": 22,
    "number_of_methods": 12,
    "number_of_data_fields": 31,
    "number_of_method_parameters": 12
  },
  "detector": {
    "name": "data-clumps-doctor",
    "url": "https://github.com/NilsBaumgartner1994/data-clumps-doctor",
    "version": "0.1.100",
    "options": {
      "typeVariablesConsidered": false,
      "similarityModifierOfVariablesWithUnknownType": 0,
      "fieldsOfClassesWithUnknownHierarchyProbabilityModifier": 0,
      "sharedFieldsToFieldsAmountMinimum": 3,
      "analyseFieldsInClassesOrInterfacesInheritedFromSuperClassesOrInterfaces": false,
      "sharedParametersToParametersAmountMinimum": 3,
      "sharedParametersToFieldsAmountMinimum": 3,
      "methodsOfClassesOrInterfacesWithUnknownHierarchyProbabilityModifier": 0
    }
  },
  "data_clumps": {
    "fields_to_fields_data_clump-./Arma-_mKLB4EBjEDiBwbMxxZfp9A-_VBYNk0BmEDiBwbMxxZfp9A-puntiDannonomemateriale": {
      "type": "data_clump",
      "key": "fields_to_fields_data_clump-./Arma-_mKLB4EBjEDiBwbMxxZfp9A-_VBYNk0BmEDiBwbMxxZfp9A-puntiDannonomemateriale",
      "probability": 1,
      "from_file_path": "./Arma",
      "from_class_or_interface_name": "Arma",
      "from_class_or_interface_key": "_mKLB4EBjEDiBwbMxxZfp9A",
      "from_method_name": null,
      "from_method_key": null,
      "to_file_path": "./Arma2",
      "to_class_or_interface_key": "_VBYNk0BmEDiBwbMxxZfp9A",
      "to_class_or_interface_name": "Arma",
      "to_method_key": null,
      "to_method_name": null,
      "data_clump_type": "fields_to_fields_data_clump",
      "data_clump_data": {
        "_mKLB4UBjEDiBwbMxxZfp9A": {
          "key": "_mKLB4UBjEDiBwbMxxZfp9A",
          "name": "puntiDanno",
          "type": null,
          "probability": 1,
          "modifiers": [
            "private"
          ],
          "to_variable": {
            "key": "_VBYNlEBmEDiBwbMxxZfp9A",
            "name": "puntiDanno",
            "type": null,
            "modifiers": [
              "private"
            ],
            "position": {}
          },
          "position": {}
        },
        "_mKLB4kBjEDiBwbMxxZfp9A": {
          "key": "_mKLB4kBjEDiBwbMxxZfp9A",
          "name": "nome",
          "type": null,
          "probability": 1,
          "modifiers": [
            "private"
          ],
          "to_variable": {
            "key": "_VBYNlUBmEDiBwbMxxZfp9A",
            "name": "nome",
            "type": null,
            "modifiers": [
              "private"
            ],
            "position": {}
          },
          "position": {}
        },
        "_mKLB40BjEDiBwbMxxZfp9A": {
          "key": "_mKLB40BjEDiBwbMxxZfp9A",
          "name": "materiale",
          "type": null,
          "probability": 1,
          "modifiers": [
            "private"
          ],
          "to_variable": {
            "key": "_VBYNlkBmEDiBwbMxxZfp9A",
            "name": "materiale",
            "type": null,
            "modifiers": [
              "private"
            ],
            "position": {}
          },
          "position": {}
        }
      }
    },
    "fields_to_fields_data_clump-./Arma-_mKLB4EBjEDiBwbMxxZfp9A-_V2Ox80BmEDiBwbMxxZfp9A-puntiDannonomemateriale": {
      "type": "data_clump",
      "key": "fields_to_fields_data_clump-./Arma-_mKLB4EBjEDiBwbMxxZfp9A-_V2Ox80BmEDiBwbMxxZfp9A-puntiDannonomemateriale",
      "probability": 1,
      "from_file_path": "./Arma",
      "from_class_or_interface_name": "Arma",
      "from_class_or_interface_key": "_mKLB4EBjEDiBwbMxxZfp9A",
      "from_method_name": null,
      "from_method_key": null,
      "to_file_path": "./Arma3",
      "to_class_or_interface_key": "_V2Ox80BmEDiBwbMxxZfp9A",
      "to_class_or_interface_name": "Arma",
      "to_method_key": null,
      "to_method_name": null,
      "data_clump_type": "fields_to_fields_data_clump",
      "data_clump_data": {
        "_mKLB4UBjEDiBwbMxxZfp9A": {
          "key": "_mKLB4UBjEDiBwbMxxZfp9A",
          "name": "puntiDanno",
          "type": null,
          "probability": 1,
          "modifiers": [
            "private"
          ],
          "to_variable": {
            "key": "_V2Ox9EBmEDiBwbMxxZfp9A",
            "name": "puntiDanno",
            "type": null,
            "modifiers": [
              "private"
            ],
            "position": {}
          },
          "position": {}
        },
        "_mKLB4kBjEDiBwbMxxZfp9A": {
          "key": "_mKLB4kBjEDiBwbMxxZfp9A",
          "name": "nome",
          "type": null,
          "probability": 1,
          "modifiers": [
            "private"
          ],
          "to_variable": {
            "key": "_V2Ox9UBmEDiBwbMxxZfp9A",
            "name": "nome",
            "type": null,
            "modifiers": [
              "private"
            ],
            "position": {}
          },
          "position": {}
        },
        "_mKLB40BjEDiBwbMxxZfp9A": {
          "key": "_mKLB40BjEDiBwbMxxZfp9A",
          "name": "materiale",
          "type": null,
          "probability": 1,
          "modifiers": [
            "private"
          ],
          "to_variable": {
            "key": "_V2Ox9kBmEDiBwbMxxZfp9A",
            "name": "materiale",
            "type": null,
            "modifiers": [
              "private"
            ],
            "position": {}
          },
          "position": {}
        }
      }
    },
    "fields_to_fields_data_clump-./Arma2-_VBYNk0BmEDiBwbMxxZfp9A-_mKLB4EBjEDiBwbMxxZfp9A-puntiDannonomemateriale": {
      "type": "data_clump",
      "key": "fields_to_fields_data_clump-./Arma2-_VBYNk0BmEDiBwbMxxZfp9A-_mKLB4EBjEDiBwbMxxZfp9A-puntiDannonomemateriale",
      "probability": 1,
      "from_file_path": "./Arma2",
      "from_class_or_interface_name": "Arma2",
      "from_class_or_interface_key": "_VBYNk0BmEDiBwbMxxZfp9A",
      "from_method_name": null,
      "from_method_key": null,
      "to_file_path": "./Arma",
      "to_class_or_interface_key": "_mKLB4EBjEDiBwbMxxZfp9A",
      "to_class_or_interface_name": "Arma2",
      "to_method_key": null,
      "to_method_name": null,
      "data_clump_type": "fields_to_fields_data_clump",
      "data_clump_data": {
        "_VBYNlEBmEDiBwbMxxZfp9A": {
          "key": "_VBYNlEBmEDiBwbMxxZfp9A",
          "name": "puntiDanno",
          "type": null,
          "probability": 1,
          "modifiers": [
            "private"
          ],
          "to_variable": {
            "key": "_mKLB4UBjEDiBwbMxxZfp9A",
            "name": "puntiDanno",
            "type": null,
            "modifiers": [
              "private"
            ],
            "position": {}
          },
          "position": {}
        },
        "_VBYNlUBmEDiBwbMxxZfp9A": {
          "key": "_VBYNlUBmEDiBwbMxxZfp9A",
          "name": "nome",
          "type": null,
          "probability": 1,
          "modifiers": [
            "private"
          ],
          "to_variable": {
            "key": "_mKLB4kBjEDiBwbMxxZfp9A",
            "name": "nome",
            "type": null,
            "modifiers": [
              "private"
            ],
            "position": {}
          },
          "position": {}
        },
        "_VBYNlkBmEDiBwbMxxZfp9A": {
          "key": "_VBYNlkBmEDiBwbMxxZfp9A",
          "name": "materiale",
          "type": null,
          "probability": 1,
          "modifiers": [
            "private"
          ],
          "to_variable": {
            "key": "_mKLB40BjEDiBwbMxxZfp9A",
            "name": "materiale",
            "type": null,
            "modifiers": [
              "private"
            ],
            "position": {}
          },
          "position": {}
        }
      }
    },
    "fields_to_fields_data_clump-./Arma2-_VBYNk0BmEDiBwbMxxZfp9A-_V2Ox80BmEDiBwbMxxZfp9A-puntiDannonomemateriale": {
      "type": "data_clump",
      "key": "fields_to_fields_data_clump-./Arma2-_VBYNk0BmEDiBwbMxxZfp9A-_V2Ox80BmEDiBwbMxxZfp9A-puntiDannonomemateriale",
      "probability": 1,
      "from_file_path": "./Arma2",
      "from_class_or_interface_name": "Arma2",
      "from_class_or_interface_key": "_VBYNk0BmEDiBwbMxxZfp9A",
      "from_method_name": null,
      "from_method_key": null,
      "to_file_path": "./Arma3",
      "to_class_or_interface_key": "_V2Ox80BmEDiBwbMxxZfp9A",
      "to_class_or_interface_name": "Arma2",
      "to_method_key": null,
      "to_method_name": null,
      "data_clump_type": "fields_to_fields_data_clump",
      "data_clump_data": {
        "_VBYNlEBmEDiBwbMxxZfp9A": {
          "key": "_VBYNlEBmEDiBwbMxxZfp9A",
          "name": "puntiDanno",
          "type": null,
          "probability": 1,
          "modifiers": [
            "private"
          ],
          "to_variable": {
            "key": "_V2Ox9EBmEDiBwbMxxZfp9A",
            "name": "puntiDanno",
            "type": null,
            "modifiers": [
              "private"
            ],
            "position": {}
          },
          "position": {}
        },
        "_VBYNlUBmEDiBwbMxxZfp9A": {
          "key": "_VBYNlUBmEDiBwbMxxZfp9A",
          "name": "nome",
          "type": null,
          "probability": 1,
          "modifiers": [
            "private"
          ],
          "to_variable": {
            "key": "_V2Ox9UBmEDiBwbMxxZfp9A",
            "name": "nome",
            "type": null,
            "modifiers": [
              "private"
            ],
            "position": {}
          },
          "position": {}
        },
        "_VBYNlkBmEDiBwbMxxZfp9A": {
          "key": "_VBYNlkBmEDiBwbMxxZfp9A",
          "name": "materiale",
          "type": null,
          "probability": 1,
          "modifiers": [
            "private"
          ],
          "to_variable": {
            "key": "_V2Ox9kBmEDiBwbMxxZfp9A",
            "name": "materiale",
            "type": null,
            "modifiers": [
              "private"
            ],
            "position": {}
          },
          "position": {}
        }
      }
    },
    "fields_to_fields_data_clump-./Arma3-_V2Ox80BmEDiBwbMxxZfp9A-_mKLB4EBjEDiBwbMxxZfp9A-puntiDannonomemateriale": {
      "type": "data_clump",
      "key": "fields_to_fields_data_clump-./Arma3-_V2Ox80BmEDiBwbMxxZfp9A-_mKLB4EBjEDiBwbMxxZfp9A-puntiDannonomemateriale",
      "probability": 1,
      "from_file_path": "./Arma3",
      "from_class_or_interface_name": "Arma3",
      "from_class_or_interface_key": "_V2Ox80BmEDiBwbMxxZfp9A",
      "from_method_name": null,
      "from_method_key": null,
      "to_file_path": "./Arma",
      "to_class_or_interface_key": "_mKLB4EBjEDiBwbMxxZfp9A",
      "to_class_or_interface_name": "Arma3",
      "to_method_key": null,
      "to_method_name": null,
      "data_clump_type": "fields_to_fields_data_clump",
      "data_clump_data": {
        "_V2Ox9EBmEDiBwbMxxZfp9A": {
          "key": "_V2Ox9EBmEDiBwbMxxZfp9A",
          "name": "puntiDanno",
          "type": null,
          "probability": 1,
          "modifiers": [
            "private"
          ],
          "to_variable": {
            "key": "_mKLB4UBjEDiBwbMxxZfp9A",
            "name": "puntiDanno",
            "type": null,
            "modifiers": [
              "private"
            ],
            "position": {}
          },
          "position": {}
        },
        "_V2Ox9UBmEDiBwbMxxZfp9A": {
          "key": "_V2Ox9UBmEDiBwbMxxZfp9A",
          "name": "nome",
          "type": null,
          "probability": 1,
          "modifiers": [
            "private"
          ],
          "to_variable": {
            "key": "_mKLB4kBjEDiBwbMxxZfp9A",
            "name": "nome",
            "type": null,
            "modifiers": [
              "private"
            ],
            "position": {}
          },
          "position": {}
        },
        "_V2Ox9kBmEDiBwbMxxZfp9A": {
          "key": "_V2Ox9kBmEDiBwbMxxZfp9A",
          "name": "materiale",
          "type": null,
          "probability": 1,
          "modifiers": [
            "private"
          ],
          "to_variable": {
            "key": "_mKLB40BjEDiBwbMxxZfp9A",
            "name": "materiale",
            "type": null,
            "modifiers": [
              "private"
            ],
            "position": {}
          },
          "position": {}
        }
      }
    },
    "fields_to_fields_data_clump-./Arma3-_V2Ox80BmEDiBwbMxxZfp9A-_VBYNk0BmEDiBwbMxxZfp9A-puntiDannonomemateriale": {
      "type": "data_clump",
      "key": "fields_to_fields_data_clump-./Arma3-_V2Ox80BmEDiBwbMxxZfp9A-_VBYNk0BmEDiBwbMxxZfp9A-puntiDannonomemateriale",
      "probability": 1,
      "from_file_path": "./Arma3",
      "from_class_or_interface_name": "Arma3",
      "from_class_or_interface_key": "_V2Ox80BmEDiBwbMxxZfp9A",
      "from_method_name": null,
      "from_method_key": null,
      "to_file_path": "./Arma2",
      "to_class_or_interface_key": "_VBYNk0BmEDiBwbMxxZfp9A",
      "to_class_or_interface_name": "Arma3",
      "to_method_key": null,
      "to_method_name": null,
      "data_clump_type": "fields_to_fields_data_clump",
      "data_clump_data": {
        "_V2Ox9EBmEDiBwbMxxZfp9A": {
          "key": "_V2Ox9EBmEDiBwbMxxZfp9A",
          "name": "puntiDanno",
          "type": null,
          "probability": 1,
          "modifiers": [
            "private"
          ],
          "to_variable": {
            "key": "_VBYNlEBmEDiBwbMxxZfp9A",
            "name": "puntiDanno",
            "type": null,
            "modifiers": [
              "private"
            ],
            "position": {}
          },
          "position": {}
        },
        "_V2Ox9UBmEDiBwbMxxZfp9A": {
          "key": "_V2Ox9UBmEDiBwbMxxZfp9A",
          "name": "nome",
          "type": null,
          "probability": 1,
          "modifiers": [
            "private"
          ],
          "to_variable": {
            "key": "_VBYNlUBmEDiBwbMxxZfp9A",
            "name": "nome",
            "type": null,
            "modifiers": [
              "private"
            ],
            "position": {}
          },
          "position": {}
        },
        "_V2Ox9kBmEDiBwbMxxZfp9A": {
          "key": "_V2Ox9kBmEDiBwbMxxZfp9A",
          "name": "materiale",
          "type": null,
          "probability": 1,
          "modifiers": [
            "private"
          ],
          "to_variable": {
            "key": "_VBYNlkBmEDiBwbMxxZfp9A",
            "name": "materiale",
            "type": null,
            "modifiers": [
              "private"
            ],
            "position": {}
          },
          "position": {}
        }
      }
    },
    "fields_to_fields_data_clump-./Personaggio2-_VBW_cUBmEDiBwbMxxZfp9A-_V2Nj0kBmEDiBwbMxxZfp9A-puntiEnergianomeruolo": {
      "type": "data_clump",
      "key": "fields_to_fields_data_clump-./Personaggio2-_VBW_cUBmEDiBwbMxxZfp9A-_V2Nj0kBmEDiBwbMxxZfp9A-puntiEnergianomeruolo",
      "probability": 1,
      "from_file_path": "./Personaggio2",
      "from_class_or_interface_name": "Personaggio2",
      "from_class_or_interface_key": "_VBW_cUBmEDiBwbMxxZfp9A",
      "from_method_name": null,
      "from_method_key": null,
      "to_file_path": "./Personaggio3",
      "to_class_or_interface_key": "_V2Nj0kBmEDiBwbMxxZfp9A",
      "to_class_or_interface_name": "Personaggio2",
      "to_method_key": null,
      "to_method_name": null,
      "data_clump_type": "fields_to_fields_data_clump",
      "data_clump_data": {
        "_VBW_ckBmEDiBwbMxxZfp9A": {
          "key": "_VBW_ckBmEDiBwbMxxZfp9A",
          "name": "puntiEnergia",
          "type": null,
          "probability": 1,
          "modifiers": [
            "private"
          ],
          "to_variable": {
            "key": "_V2Nj00BmEDiBwbMxxZfp9A",
            "name": "puntiEnergia",
            "type": null,
            "modifiers": [
              "private"
            ],
            "position": {}
          },
          "position": {}
        },
        "_VBW_c0BmEDiBwbMxxZfp9A": {
          "key": "_VBW_c0BmEDiBwbMxxZfp9A",
          "name": "nome",
          "type": null,
          "probability": 1,
          "modifiers": [
            "private"
          ],
          "to_variable": {
            "key": "_V2OK4EBmEDiBwbMxxZfp9A",
            "name": "nome",
            "type": null,
            "modifiers": [
              "private"
            ],
            "position": {}
          },
          "position": {}
        },
        "_VBXmgEBmEDiBwbMxxZfp9A": {
          "key": "_VBXmgEBmEDiBwbMxxZfp9A",
          "name": "ruolo",
          "type": null,
          "probability": 1,
          "modifiers": [
            "private"
          ],
          "to_variable": {
            "key": "_V2OK4UBmEDiBwbMxxZfp9A",
            "name": "ruolo",
            "type": null,
            "modifiers": [
              "private"
            ],
            "position": {}
          },
          "position": {}
        }
      }
    },
    "fields_to_fields_data_clump-./Personaggio3-_V2Nj0kBmEDiBwbMxxZfp9A-_VBW_cUBmEDiBwbMxxZfp9A-puntiEnergianomeruolo": {
      "type": "data_clump",
      "key": "fields_to_fields_data_clump-./Personaggio3-_V2Nj0kBmEDiBwbMxxZfp9A-_VBW_cUBmEDiBwbMxxZfp9A-puntiEnergianomeruolo",
      "probability": 1,
      "from_file_path": "./Personaggio3",
      "from_class_or_interface_name": "Personaggio3",
      "from_class_or_interface_key": "_V2Nj0kBmEDiBwbMxxZfp9A",
      "from_method_name": null,
      "from_method_key": null,
      "to_file_path": "./Personaggio2",
      "to_class_or_interface_key": "_VBW_cUBmEDiBwbMxxZfp9A",
      "to_class_or_interface_name": "Personaggio3",
      "to_method_key": null,
      "to_method_name": null,
      "data_clump_type": "fields_to_fields_data_clump",
      "data_clump_data": {
        "_V2Nj00BmEDiBwbMxxZfp9A": {
          "key": "_V2Nj00BmEDiBwbMxxZfp9A",
          "name": "puntiEnergia",
          "type": null,
          "probability": 1,
          "modifiers": [
            "private"
          ],
          "to_variable": {
            "key": "_VBW_ckBmEDiBwbMxxZfp9A",
            "name": "puntiEnergia",
            "type": null,
            "modifiers": [
              "private"
            ],
            "position": {}
          },
          "position": {}
        },
        "_V2OK4EBmEDiBwbMxxZfp9A": {
          "key": "_V2OK4EBmEDiBwbMxxZfp9A",
          "name": "nome",
          "type": null,
          "probability": 1,
          "modifiers": [
            "private"
          ],
          "to_variable": {
            "key": "_VBW_c0BmEDiBwbMxxZfp9A",
            "name": "nome",
            "type": null,
            "modifiers": [
              "private"
            ],
            "position": {}
          },
          "position": {}
        },
        "_V2OK4UBmEDiBwbMxxZfp9A": {
          "key": "_V2OK4UBmEDiBwbMxxZfp9A",
          "name": "ruolo",
          "type": null,
          "probability": 1,
          "modifiers": [
            "private"
          ],
          "to_variable": {
            "key": "_VBXmgEBmEDiBwbMxxZfp9A",
            "name": "ruolo",
            "type": null,
            "modifiers": [
              "private"
            ],
            "position": {}
          },
          "position": {}
        }
      }
    }
  }
}