{
  "report_version": "unknown",
  "report_timestamp": "2025-03-26T22:21:18.717Z",
  "target_language": "java",
  "report_summary": {
    "additional": null,
    "amount_classes_or_interfaces_with_data_clumps": 2,
    "amount_files_with_data_clumps": 2,
    "amount_methods_with_data_clumps": 0,
    "fields_to_fields_data_clump": 2,
    "parameters_to_fields_data_clump": 0,
    "parameters_to_parameters_data_clump": 0,
    "amount_data_clumps": 2
  },
  "project_info": {
    "project_url": "unknown_project_url",
    "project_name": "41821bef-894b-4a32-a070-d066632db7c2",
    "project_version": "unknown_project_version",
    "project_commit_hash": "unknown",
    "project_tag": null,
    "project_commit_date": null,
    "additional": {},
    "number_of_files": 8,
    "number_of_classes_or_interfaces": 8,
    "number_of_methods": 24,
    "number_of_data_fields": 25,
    "number_of_method_parameters": 0
  },
  "detector": {
    "name": "data-clumps-doctor",
    "url": "https://github.com/NilsBaumgartner1994/data-clumps-doctor",
    "version": "0.1.100",
    "options": {
      "typeVariablesConsidered": false,
      "similarityModifierOfVariablesWithUnknownType": 0,
      "fieldsOfClassesWithUnknownHierarchyProbabilityModifier": 0,
      "sharedFieldsToFieldsAmountMinimum": 3,
      "analyseFieldsInClassesOrInterfacesInheritedFromSuperClassesOrInterfaces": false,
      "sharedParametersToParametersAmountMinimum": 3,
      "sharedParametersToFieldsAmountMinimum": 3,
      "methodsOfClassesOrInterfacesWithUnknownHierarchyProbabilityModifier": 0
    }
  },
  "data_clumps": {
    "fields_to_fields_data_clump-./Faculty-_48UmcRzMEDaiK9sgX-ts8w-_ZwutIRzMEDaiK9sgX-ts8w-EmployeeIdEmployeeNameuseCompbringForeignbrowseOtherLib": {
      "type": "data_clump",
      "key": "fields_to_fields_data_clump-./Faculty-_48UmcRzMEDaiK9sgX-ts8w-_ZwutIRzMEDaiK9sgX-ts8w-EmployeeIdEmployeeNameuseCompbringForeignbrowseOtherLib",
      "probability": 1,
      "from_file_path": "./Faculty",
      "from_class_or_interface_name": "Faculty",
      "from_class_or_interface_key": "_48UmcRzMEDaiK9sgX-ts8w",
      "from_method_name": null,
      "from_method_key": null,
      "to_file_path": "./Librarian",
      "to_class_or_interface_key": "_ZwutIRzMEDaiK9sgX-ts8w",
      "to_class_or_interface_name": "Faculty",
      "to_method_key": null,
      "to_method_name": null,
      "data_clump_type": "fields_to_fields_data_clump",
      "data_clump_data": {
        "_FiGMcRzTEDaiK9sgX-ts8w": {
          "key": "_FiGMcRzTEDaiK9sgX-ts8w",
          "name": "EmployeeId",
          "type": null,
          "probability": 1,
          "modifiers": [
            "private"
          ],
          "to_variable": {
            "key": "_cvb58RzMEDaiK9sgX-ts8w",
            "name": "EmployeeId",
            "type": null,
            "modifiers": [
              "private"
            ],
            "position": {}
          },
          "position": {}
        },
        "_LKq-gRzTEDaiK9sgX-ts8w": {
          "key": "_LKq-gRzTEDaiK9sgX-ts8w",
          "name": "EmployeeName",
          "type": null,
          "probability": 1,
          "modifiers": [
            "private"
          ],
          "to_variable": {
            "key": "_lT2LABzMEDaiK9sgX-ts8w",
            "name": "EmployeeName",
            "type": null,
            "modifiers": [
              "private"
            ],
            "position": {}
          },
          "position": {}
        },
        "_eeMBIRzUEDaiK9sgX-ts8w": {
          "key": "_eeMBIRzUEDaiK9sgX-ts8w",
          "name": "useComp",
          "type": null,
          "probability": 1,
          "modifiers": [
            "private"
          ],
          "to_variable": {
            "key": "_wJ1RkRzWEDaiK9sgX-ts8w",
            "name": "useComp",
            "type": null,
            "modifiers": [
              "private"
            ],
            "position": {}
          },
          "position": {}
        },
        "_nQCb0BzVEDaiK9sgX-ts8w": {
          "key": "_nQCb0BzVEDaiK9sgX-ts8w",
          "name": "bringForeign",
          "type": null,
          "probability": 1,
          "modifiers": [
            "private"
          ],
          "to_variable": {
            "key": "_yK5KYBzWEDaiK9sgX-ts8w",
            "name": "bringForeign",
            "type": null,
            "modifiers": [
              "private"
            ],
            "position": {}
          },
          "position": {}
        },
        "_pdApsRzVEDaiK9sgX-ts8w": {
          "key": "_pdApsRzVEDaiK9sgX-ts8w",
          "name": "browseOtherLib",
          "type": null,
          "probability": 1,
          "modifiers": [
            "private"
          ],
          "to_variable": {
            "key": "_zWPjMBzWEDaiK9sgX-ts8w",
            "name": "browseOtherLib",
            "type": null,
            "modifiers": [
              "private"
            ],
            "position": {}
          },
          "position": {}
        }
      }
    },
    "fields_to_fields_data_clump-./Librarian-_ZwutIRzMEDaiK9sgX-ts8w-_48UmcRzMEDaiK9sgX-ts8w-EmployeeIdEmployeeNameuseCompbringForeignbrowseOtherLib": {
      "type": "data_clump",
      "key": "fields_to_fields_data_clump-./Librarian-_ZwutIRzMEDaiK9sgX-ts8w-_48UmcRzMEDaiK9sgX-ts8w-EmployeeIdEmployeeNameuseCompbringForeignbrowseOtherLib",
      "probability": 1,
      "from_file_path": "./Librarian",
      "from_class_or_interface_name": "Librarian",
      "from_class_or_interface_key": "_ZwutIRzMEDaiK9sgX-ts8w",
      "from_method_name": null,
      "from_method_key": null,
      "to_file_path": "./Faculty",
      "to_class_or_interface_key": "_48UmcRzMEDaiK9sgX-ts8w",
      "to_class_or_interface_name": "Librarian",
      "to_method_key": null,
      "to_method_name": null,
      "data_clump_type": "fields_to_fields_data_clump",
      "data_clump_data": {
        "_cvb58RzMEDaiK9sgX-ts8w": {
          "key": "_cvb58RzMEDaiK9sgX-ts8w",
          "name": "EmployeeId",
          "type": null,
          "probability": 1,
          "modifiers": [
            "private"
          ],
          "to_variable": {
            "key": "_FiGMcRzTEDaiK9sgX-ts8w",
            "name": "EmployeeId",
            "type": null,
            "modifiers": [
              "private"
            ],
            "position": {}
          },
          "position": {}
        },
        "_lT2LABzMEDaiK9sgX-ts8w": {
          "key": "_lT2LABzMEDaiK9sgX-ts8w",
          "name": "EmployeeName",
          "type": null,
          "probability": 1,
          "modifiers": [
            "private"
          ],
          "to_variable": {
            "key": "_LKq-gRzTEDaiK9sgX-ts8w",
            "name": "EmployeeName",
            "type": null,
            "modifiers": [
              "private"
            ],
            "position": {}
          },
          "position": {}
        },
        "_wJ1RkRzWEDaiK9sgX-ts8w": {
          "key": "_wJ1RkRzWEDaiK9sgX-ts8w",
          "name": "useComp",
          "type": null,
          "probability": 1,
          "modifiers": [
            "private"
          ],
          "to_variable": {
            "key": "_eeMBIRzUEDaiK9sgX-ts8w",
            "name": "useComp",
            "type": null,
            "modifiers": [
              "private"
            ],
            "position": {}
          },
          "position": {}
        },
        "_yK5KYBzWEDaiK9sgX-ts8w": {
          "key": "_yK5KYBzWEDaiK9sgX-ts8w",
          "name": "bringForeign",
          "type": null,
          "probability": 1,
          "modifiers": [
            "private"
          ],
          "to_variable": {
            "key": "_nQCb0BzVEDaiK9sgX-ts8w",
            "name": "bringForeign",
            "type": null,
            "modifiers": [
              "private"
            ],
            "position": {}
          },
          "position": {}
        },
        "_zWPjMBzWEDaiK9sgX-ts8w": {
          "key": "_zWPjMBzWEDaiK9sgX-ts8w",
          "name": "browseOtherLib",
          "type": null,
          "probability": 1,
          "modifiers": [
            "private"
          ],
          "to_variable": {
            "key": "_pdApsRzVEDaiK9sgX-ts8w",
            "name": "browseOtherLib",
            "type": null,
            "modifiers": [
              "private"
            ],
            "position": {}
          },
          "position": {}
        }
      }
    }
  }
}