{
  "report_version": "unknown",
  "report_timestamp": "2025-03-26T21:43:09.242Z",
  "target_language": "java",
  "report_summary": {
    "additional": null,
    "amount_classes_or_interfaces_with_data_clumps": 1,
    "amount_files_with_data_clumps": 1,
    "amount_methods_with_data_clumps": 1,
    "fields_to_fields_data_clump": 0,
    "parameters_to_fields_data_clump": 1,
    "parameters_to_parameters_data_clump": 0,
    "amount_data_clumps": 1
  },
  "project_info": {
    "project_url": "unknown_project_url",
    "project_name": "_T8f04NgVEeyrwKsD8J5mAw",
    "project_version": "unknown_project_version",
    "project_commit_hash": "unknown",
    "project_tag": null,
    "project_commit_date": null,
    "additional": {},
    "number_of_files": 2,
    "number_of_classes_or_interfaces": 2,
    "number_of_methods": 25,
    "number_of_data_fields": 6,
    "number_of_method_parameters": 17
  },
  "detector": {
    "name": "data-clumps-doctor",
    "url": "https://github.com/NilsBaumgartner1994/data-clumps-doctor",
    "version": "0.1.100",
    "options": {
      "typeVariablesConsidered": false,
      "similarityModifierOfVariablesWithUnknownType": 0,
      "fieldsOfClassesWithUnknownHierarchyProbabilityModifier": 0,
      "sharedFieldsToFieldsAmountMinimum": 3,
      "analyseFieldsInClassesOrInterfacesInheritedFromSuperClassesOrInterfaces": false,
      "sharedParametersToParametersAmountMinimum": 3,
      "sharedParametersToFieldsAmountMinimum": 3,
      "methodsOfClassesOrInterfacesWithUnknownHierarchyProbabilityModifier": 0
    }
  },
  "data_clumps": {
    "parameters_to_fields_data_clump-./Fecha-_3FDC8LpIEDqj3tk-jfKoIg-_nl3DALpGEDqj3tk-jfKoIg-diamesanyo": {
      "type": "data_clump",
      "key": "parameters_to_fields_data_clump-./Fecha-_3FDC8LpIEDqj3tk-jfKoIg-_nl3DALpGEDqj3tk-jfKoIg-diamesanyo",
      "probability": 1,
      "from_file_path": "./Fecha",
      "from_class_or_interface_name": "Fecha",
      "from_class_or_interface_key": "_nl3DALpGEDqj3tk-jfKoIg",
      "from_method_name": "esFechaCorrecta",
      "from_method_key": "_3FDC8LpIEDqj3tk-jfKoIg",
      "to_file_path": "./Fecha",
      "to_class_or_interface_name": "Fecha",
      "to_class_or_interface_key": "_nl3DALpGEDqj3tk-jfKoIg",
      "to_method_name": null,
      "to_method_key": null,
      "data_clump_type": "parameters_to_fields_data_clump",
      "data_clump_data": {
        "_55gHkLpIEDqj3tk-jfKoIg": {
          "key": "_55gHkLpIEDqj3tk-jfKoIg",
          "name": "dia",
          "type": null,
          "probability": 1,
          "modifiers": [],
          "to_variable": {
            "key": "_uIaKALpGEDqj3tk-jfKoIg",
            "name": "dia",
            "type": null,
            "modifiers": [
              "private"
            ],
            "position": {}
          },
          "position": {}
        },
        "_6_VuQLpIEDqj3tk-jfKoIg": {
          "key": "_6_VuQLpIEDqj3tk-jfKoIg",
          "name": "mes",
          "type": null,
          "probability": 1,
          "modifiers": [],
          "to_variable": {
            "key": "_ubEAQLpGEDqj3tk-jfKoIg",
            "name": "mes",
            "type": null,
            "modifiers": [
              "private"
            ],
            "position": {}
          },
          "position": {}
        },
        "_8AC9ULpIEDqj3tk-jfKoIg": {
          "key": "_8AC9ULpIEDqj3tk-jfKoIg",
          "name": "anyo",
          "type": null,
          "probability": 1,
          "modifiers": [],
          "to_variable": {
            "key": "_u-9XgLpGEDqj3tk-jfKoIg",
            "name": "anyo",
            "type": null,
            "modifiers": [
              "private"
            ],
            "position": {}
          },
          "position": {}
        }
      }
    }
  }
}