{
  "report_version": "unknown",
  "report_timestamp": "2025-03-26T22:11:55.832Z",
  "target_language": "java",
  "report_summary": {
    "additional": null,
    "amount_classes_or_interfaces_with_data_clumps": 5,
    "amount_files_with_data_clumps": 5,
    "amount_methods_with_data_clumps": 5,
    "fields_to_fields_data_clump": 0,
    "parameters_to_fields_data_clump": 0,
    "parameters_to_parameters_data_clump": 8,
    "amount_data_clumps": 8
  },
  "project_info": {
    "project_url": "unknown_project_url",
    "project_name": "c8c007e4-e0a2-488a-b5d2-5ae0bea23eff",
    "project_version": "unknown_project_version",
    "project_commit_hash": "unknown",
    "project_tag": null,
    "project_commit_date": null,
    "additional": {},
    "number_of_files": 12,
    "number_of_classes_or_interfaces": 12,
    "number_of_methods": 41,
    "number_of_data_fields": 2,
    "number_of_method_parameters": 33
  },
  "detector": {
    "name": "data-clumps-doctor",
    "url": "https://github.com/NilsBaumgartner1994/data-clumps-doctor",
    "version": "0.1.100",
    "options": {
      "typeVariablesConsidered": false,
      "similarityModifierOfVariablesWithUnknownType": 0,
      "fieldsOfClassesWithUnknownHierarchyProbabilityModifier": 0,
      "sharedFieldsToFieldsAmountMinimum": 3,
      "analyseFieldsInClassesOrInterfacesInheritedFromSuperClassesOrInterfaces": false,
      "sharedParametersToParametersAmountMinimum": 3,
      "sharedParametersToFieldsAmountMinimum": 3,
      "methodsOfClassesOrInterfacesWithUnknownHierarchyProbabilityModifier": 0
    }
  },
  "data_clumps": {
    "parameters_to_parameters_data_clump-./ArticleGateWay-_igvQELmgEDS2SJbTYvXPow-_kqkqYbmgEDS2SJbTYvXPow-parameterparameter2parameter3": {
      "type": "data_clump",
      "key": "parameters_to_parameters_data_clump-./ArticleGateWay-_igvQELmgEDS2SJbTYvXPow-_kqkqYbmgEDS2SJbTYvXPow-parameterparameter2parameter3",
      "probability": 1,
      "from_file_path": "./ArticleGateWay",
      "from_class_or_interface_name": "ArticleGateWay",
      "from_class_or_interface_key": "_igupALmgEDS2SJbTYvXPow",
      "from_method_name": "insert",
      "from_method_key": "_igvQELmgEDS2SJbTYvXPow",
      "to_file_path": "./CommentaireGateWay",
      "to_class_or_interface_name": "CommentaireGateWay",
      "to_class_or_interface_key": "_kqkqYLmgEDS2SJbTYvXPow",
      "to_method_name": "insert",
      "to_method_key": "_kqkqYbmgEDS2SJbTYvXPow",
      "data_clump_type": "parameters_to_parameters_data_clump",
      "data_clump_data": {
        "_igv3IbmgEDS2SJbTYvXPow": {
          "key": "_igv3IbmgEDS2SJbTYvXPow",
          "name": "parameter",
          "type": null,
          "probability": 1,
          "modifiers": [],
          "to_variable": {
            "key": "_kqkqY7mgEDS2SJbTYvXPow",
            "name": "parameter",
            "type": null,
            "modifiers": [],
            "position": {}
          },
          "position": {}
        },
        "_igv3IrmgEDS2SJbTYvXPow": {
          "key": "_igv3IrmgEDS2SJbTYvXPow",
          "name": "parameter2",
          "type": null,
          "probability": 1,
          "modifiers": [],
          "to_variable": {
            "key": "_kqkqZLmgEDS2SJbTYvXPow",
            "name": "parameter2",
            "type": null,
            "modifiers": [],
            "position": {}
          },
          "position": {}
        },
        "_igweMLmgEDS2SJbTYvXPow": {
          "key": "_igweMLmgEDS2SJbTYvXPow",
          "name": "parameter3",
          "type": null,
          "probability": 1,
          "modifiers": [],
          "to_variable": {
            "key": "_kqkqZbmgEDS2SJbTYvXPow",
            "name": "parameter3",
            "type": null,
            "modifiers": [],
            "position": {}
          },
          "position": {}
        }
      }
    },
    "parameters_to_parameters_data_clump-./ArticleGateWay-_igvQELmgEDS2SJbTYvXPow-_QFrqAbmgEDS2SJbTYvXPow-parameterparameter2parameter3": {
      "type": "data_clump",
      "key": "parameters_to_parameters_data_clump-./ArticleGateWay-_igvQELmgEDS2SJbTYvXPow-_QFrqAbmgEDS2SJbTYvXPow-parameterparameter2parameter3",
      "probability": 1,
      "from_file_path": "./ArticleGateWay",
      "from_class_or_interface_name": "ArticleGateWay",
      "from_class_or_interface_key": "_igupALmgEDS2SJbTYvXPow",
      "from_method_name": "insert",
      "from_method_key": "_igvQELmgEDS2SJbTYvXPow",
      "to_file_path": "./UtilisateurGateWay",
      "to_class_or_interface_name": "UtilisateurGateWay",
      "to_class_or_interface_key": "_GsUt8LmgEDS2SJbTYvXPow",
      "to_method_name": "insert",
      "to_method_key": "_QFrqAbmgEDS2SJbTYvXPow",
      "data_clump_type": "parameters_to_parameters_data_clump",
      "data_clump_data": {
        "_igv3IbmgEDS2SJbTYvXPow": {
          "key": "_igv3IbmgEDS2SJbTYvXPow",
          "name": "parameter",
          "type": null,
          "probability": 1,
          "modifiers": [],
          "to_variable": {
            "key": "_Q_g1ALmgEDS2SJbTYvXPow",
            "name": "parameter",
            "type": null,
            "modifiers": [],
            "position": {}
          },
          "position": {}
        },
        "_igv3IrmgEDS2SJbTYvXPow": {
          "key": "_igv3IrmgEDS2SJbTYvXPow",
          "name": "parameter2",
          "type": null,
          "probability": 1,
          "modifiers": [],
          "to_variable": {
            "key": "_RF80MLmgEDS2SJbTYvXPow",
            "name": "parameter2",
            "type": null,
            "modifiers": [],
            "position": {}
          },
          "position": {}
        },
        "_igweMLmgEDS2SJbTYvXPow": {
          "key": "_igweMLmgEDS2SJbTYvXPow",
          "name": "parameter3",
          "type": null,
          "probability": 1,
          "modifiers": [],
          "to_variable": {
            "key": "_RLdmULmgEDS2SJbTYvXPow",
            "name": "parameter3",
            "type": null,
            "modifiers": [],
            "position": {}
          },
          "position": {}
        }
      }
    },
    "parameters_to_parameters_data_clump-./ArticleModel-_-z6AMLmfEDS2SJbTYvXPow-_F0jDUbmeEDS2SJbTYvXPow-idPersonnetitrecontenu": {
      "type": "data_clump",
      "key": "parameters_to_parameters_data_clump-./ArticleModel-_-z6AMLmfEDS2SJbTYvXPow-_F0jDUbmeEDS2SJbTYvXPow-idPersonnetitrecontenu",
      "probability": 1,
      "from_file_path": "./ArticleModel",
      "from_class_or_interface_name": "ArticleModel",
      "from_class_or_interface_key": "_-zwPMLmfEDS2SJbTYvXPow",
      "from_method_name": "ajouterArticle",
      "from_method_key": "_-z6AMLmfEDS2SJbTYvXPow",
      "to_file_path": "./CommentaireModel",
      "to_class_or_interface_name": "CommentaireModel",
      "to_class_or_interface_key": "_NUTO4LmdEDS2SJbTYvXPow",
      "to_method_name": "ajouterComm",
      "to_method_key": "_F0jDUbmeEDS2SJbTYvXPow",
      "data_clump_type": "parameters_to_parameters_data_clump",
      "data_clump_data": {
        "_-z6AMrmfEDS2SJbTYvXPow": {
          "key": "_-z6AMrmfEDS2SJbTYvXPow",
          "name": "idPersonne",
          "type": null,
          "probability": 1,
          "modifiers": [],
          "to_variable": {
            "key": "_HW-fYLmeEDS2SJbTYvXPow",
            "name": "idPersonne",
            "type": null,
            "modifiers": [],
            "position": {}
          },
          "position": {}
        },
        "_-z6AM7mfEDS2SJbTYvXPow": {
          "key": "_-z6AM7mfEDS2SJbTYvXPow",
          "name": "titre",
          "type": null,
          "probability": 1,
          "modifiers": [],
          "to_variable": {
            "key": "_IXDcULmeEDS2SJbTYvXPow",
            "name": "titre",
            "type": null,
            "modifiers": [],
            "position": {}
          },
          "position": {}
        },
        "_-z6ANLmfEDS2SJbTYvXPow": {
          "key": "_-z6ANLmfEDS2SJbTYvXPow",
          "name": "contenu",
          "type": null,
          "probability": 1,
          "modifiers": [],
          "to_variable": {
            "key": "_JG6zALmeEDS2SJbTYvXPow",
            "name": "contenu",
            "type": null,
            "modifiers": [],
            "position": {}
          },
          "position": {}
        }
      }
    },
    "parameters_to_parameters_data_clump-./CommentaireGateWay-_kqkqYbmgEDS2SJbTYvXPow-_igvQELmgEDS2SJbTYvXPow-parameterparameter2parameter3": {
      "type": "data_clump",
      "key": "parameters_to_parameters_data_clump-./CommentaireGateWay-_kqkqYbmgEDS2SJbTYvXPow-_igvQELmgEDS2SJbTYvXPow-parameterparameter2parameter3",
      "probability": 1,
      "from_file_path": "./CommentaireGateWay",
      "from_class_or_interface_name": "CommentaireGateWay",
      "from_class_or_interface_key": "_kqkqYLmgEDS2SJbTYvXPow",
      "from_method_name": "insert",
      "from_method_key": "_kqkqYbmgEDS2SJbTYvXPow",
      "to_file_path": "./ArticleGateWay",
      "to_class_or_interface_name": "ArticleGateWay",
      "to_class_or_interface_key": "_igupALmgEDS2SJbTYvXPow",
      "to_method_name": "insert",
      "to_method_key": "_igvQELmgEDS2SJbTYvXPow",
      "data_clump_type": "parameters_to_parameters_data_clump",
      "data_clump_data": {
        "_kqkqY7mgEDS2SJbTYvXPow": {
          "key": "_kqkqY7mgEDS2SJbTYvXPow",
          "name": "parameter",
          "type": null,
          "probability": 1,
          "modifiers": [],
          "to_variable": {
            "key": "_igv3IbmgEDS2SJbTYvXPow",
            "name": "parameter",
            "type": null,
            "modifiers": [],
            "position": {}
          },
          "position": {}
        },
        "_kqkqZLmgEDS2SJbTYvXPow": {
          "key": "_kqkqZLmgEDS2SJbTYvXPow",
          "name": "parameter2",
          "type": null,
          "probability": 1,
          "modifiers": [],
          "to_variable": {
            "key": "_igv3IrmgEDS2SJbTYvXPow",
            "name": "parameter2",
            "type": null,
            "modifiers": [],
            "position": {}
          },
          "position": {}
        },
        "_kqkqZbmgEDS2SJbTYvXPow": {
          "key": "_kqkqZbmgEDS2SJbTYvXPow",
          "name": "parameter3",
          "type": null,
          "probability": 1,
          "modifiers": [],
          "to_variable": {
            "key": "_igweMLmgEDS2SJbTYvXPow",
            "name": "parameter3",
            "type": null,
            "modifiers": [],
            "position": {}
          },
          "position": {}
        }
      }
    },
    "parameters_to_parameters_data_clump-./CommentaireGateWay-_kqkqYbmgEDS2SJbTYvXPow-_QFrqAbmgEDS2SJbTYvXPow-parameterparameter2parameter3": {
      "type": "data_clump",
      "key": "parameters_to_parameters_data_clump-./CommentaireGateWay-_kqkqYbmgEDS2SJbTYvXPow-_QFrqAbmgEDS2SJbTYvXPow-parameterparameter2parameter3",
      "probability": 1,
      "from_file_path": "./CommentaireGateWay",
      "from_class_or_interface_name": "CommentaireGateWay",
      "from_class_or_interface_key": "_kqkqYLmgEDS2SJbTYvXPow",
      "from_method_name": "insert",
      "from_method_key": "_kqkqYbmgEDS2SJbTYvXPow",
      "to_file_path": "./UtilisateurGateWay",
      "to_class_or_interface_name": "UtilisateurGateWay",
      "to_class_or_interface_key": "_GsUt8LmgEDS2SJbTYvXPow",
      "to_method_name": "insert",
      "to_method_key": "_QFrqAbmgEDS2SJbTYvXPow",
      "data_clump_type": "parameters_to_parameters_data_clump",
      "data_clump_data": {
        "_kqkqY7mgEDS2SJbTYvXPow": {
          "key": "_kqkqY7mgEDS2SJbTYvXPow",
          "name": "parameter",
          "type": null,
          "probability": 1,
          "modifiers": [],
          "to_variable": {
            "key": "_Q_g1ALmgEDS2SJbTYvXPow",
            "name": "parameter",
            "type": null,
            "modifiers": [],
            "position": {}
          },
          "position": {}
        },
        "_kqkqZLmgEDS2SJbTYvXPow": {
          "key": "_kqkqZLmgEDS2SJbTYvXPow",
          "name": "parameter2",
          "type": null,
          "probability": 1,
          "modifiers": [],
          "to_variable": {
            "key": "_RF80MLmgEDS2SJbTYvXPow",
            "name": "parameter2",
            "type": null,
            "modifiers": [],
            "position": {}
          },
          "position": {}
        },
        "_kqkqZbmgEDS2SJbTYvXPow": {
          "key": "_kqkqZbmgEDS2SJbTYvXPow",
          "name": "parameter3",
          "type": null,
          "probability": 1,
          "modifiers": [],
          "to_variable": {
            "key": "_RLdmULmgEDS2SJbTYvXPow",
            "name": "parameter3",
            "type": null,
            "modifiers": [],
            "position": {}
          },
          "position": {}
        }
      }
    },
    "parameters_to_parameters_data_clump-./CommentaireModel-_F0jDUbmeEDS2SJbTYvXPow-_-z6AMLmfEDS2SJbTYvXPow-idPersonnetitrecontenu": {
      "type": "data_clump",
      "key": "parameters_to_parameters_data_clump-./CommentaireModel-_F0jDUbmeEDS2SJbTYvXPow-_-z6AMLmfEDS2SJbTYvXPow-idPersonnetitrecontenu",
      "probability": 1,
      "from_file_path": "./CommentaireModel",
      "from_class_or_interface_name": "CommentaireModel",
      "from_class_or_interface_key": "_NUTO4LmdEDS2SJbTYvXPow",
      "from_method_name": "ajouterComm",
      "from_method_key": "_F0jDUbmeEDS2SJbTYvXPow",
      "to_file_path": "./ArticleModel",
      "to_class_or_interface_name": "ArticleModel",
      "to_class_or_interface_key": "_-zwPMLmfEDS2SJbTYvXPow",
      "to_method_name": "ajouterArticle",
      "to_method_key": "_-z6AMLmfEDS2SJbTYvXPow",
      "data_clump_type": "parameters_to_parameters_data_clump",
      "data_clump_data": {
        "_HW-fYLmeEDS2SJbTYvXPow": {
          "key": "_HW-fYLmeEDS2SJbTYvXPow",
          "name": "idPersonne",
          "type": null,
          "probability": 1,
          "modifiers": [],
          "to_variable": {
            "key": "_-z6AMrmfEDS2SJbTYvXPow",
            "name": "idPersonne",
            "type": null,
            "modifiers": [],
            "position": {}
          },
          "position": {}
        },
        "_IXDcULmeEDS2SJbTYvXPow": {
          "key": "_IXDcULmeEDS2SJbTYvXPow",
          "name": "titre",
          "type": null,
          "probability": 1,
          "modifiers": [],
          "to_variable": {
            "key": "_-z6AM7mfEDS2SJbTYvXPow",
            "name": "titre",
            "type": null,
            "modifiers": [],
            "position": {}
          },
          "position": {}
        },
        "_JG6zALmeEDS2SJbTYvXPow": {
          "key": "_JG6zALmeEDS2SJbTYvXPow",
          "name": "contenu",
          "type": null,
          "probability": 1,
          "modifiers": [],
          "to_variable": {
            "key": "_-z6ANLmfEDS2SJbTYvXPow",
            "name": "contenu",
            "type": null,
            "modifiers": [],
            "position": {}
          },
          "position": {}
        }
      }
    },
    "parameters_to_parameters_data_clump-./UtilisateurGateWay-_QFrqAbmgEDS2SJbTYvXPow-_igvQELmgEDS2SJbTYvXPow-parameterparameter2parameter3": {
      "type": "data_clump",
      "key": "parameters_to_parameters_data_clump-./UtilisateurGateWay-_QFrqAbmgEDS2SJbTYvXPow-_igvQELmgEDS2SJbTYvXPow-parameterparameter2parameter3",
      "probability": 1,
      "from_file_path": "./UtilisateurGateWay",
      "from_class_or_interface_name": "UtilisateurGateWay",
      "from_class_or_interface_key": "_GsUt8LmgEDS2SJbTYvXPow",
      "from_method_name": "insert",
      "from_method_key": "_QFrqAbmgEDS2SJbTYvXPow",
      "to_file_path": "./ArticleGateWay",
      "to_class_or_interface_name": "ArticleGateWay",
      "to_class_or_interface_key": "_igupALmgEDS2SJbTYvXPow",
      "to_method_name": "insert",
      "to_method_key": "_igvQELmgEDS2SJbTYvXPow",
      "data_clump_type": "parameters_to_parameters_data_clump",
      "data_clump_data": {
        "_Q_g1ALmgEDS2SJbTYvXPow": {
          "key": "_Q_g1ALmgEDS2SJbTYvXPow",
          "name": "parameter",
          "type": null,
          "probability": 1,
          "modifiers": [],
          "to_variable": {
            "key": "_igv3IbmgEDS2SJbTYvXPow",
            "name": "parameter",
            "type": null,
            "modifiers": [],
            "position": {}
          },
          "position": {}
        },
        "_RF80MLmgEDS2SJbTYvXPow": {
          "key": "_RF80MLmgEDS2SJbTYvXPow",
          "name": "parameter2",
          "type": null,
          "probability": 1,
          "modifiers": [],
          "to_variable": {
            "key": "_igv3IrmgEDS2SJbTYvXPow",
            "name": "parameter2",
            "type": null,
            "modifiers": [],
            "position": {}
          },
          "position": {}
        },
        "_RLdmULmgEDS2SJbTYvXPow": {
          "key": "_RLdmULmgEDS2SJbTYvXPow",
          "name": "parameter3",
          "type": null,
          "probability": 1,
          "modifiers": [],
          "to_variable": {
            "key": "_igweMLmgEDS2SJbTYvXPow",
            "name": "parameter3",
            "type": null,
            "modifiers": [],
            "position": {}
          },
          "position": {}
        }
      }
    },
    "parameters_to_parameters_data_clump-./UtilisateurGateWay-_QFrqAbmgEDS2SJbTYvXPow-_kqkqYbmgEDS2SJbTYvXPow-parameterparameter2parameter3": {
      "type": "data_clump",
      "key": "parameters_to_parameters_data_clump-./UtilisateurGateWay-_QFrqAbmgEDS2SJbTYvXPow-_kqkqYbmgEDS2SJbTYvXPow-parameterparameter2parameter3",
      "probability": 1,
      "from_file_path": "./UtilisateurGateWay",
      "from_class_or_interface_name": "UtilisateurGateWay",
      "from_class_or_interface_key": "_GsUt8LmgEDS2SJbTYvXPow",
      "from_method_name": "insert",
      "from_method_key": "_QFrqAbmgEDS2SJbTYvXPow",
      "to_file_path": "./CommentaireGateWay",
      "to_class_or_interface_name": "CommentaireGateWay",
      "to_class_or_interface_key": "_kqkqYLmgEDS2SJbTYvXPow",
      "to_method_name": "insert",
      "to_method_key": "_kqkqYbmgEDS2SJbTYvXPow",
      "data_clump_type": "parameters_to_parameters_data_clump",
      "data_clump_data": {
        "_Q_g1ALmgEDS2SJbTYvXPow": {
          "key": "_Q_g1ALmgEDS2SJbTYvXPow",
          "name": "parameter",
          "type": null,
          "probability": 1,
          "modifiers": [],
          "to_variable": {
            "key": "_kqkqY7mgEDS2SJbTYvXPow",
            "name": "parameter",
            "type": null,
            "modifiers": [],
            "position": {}
          },
          "position": {}
        },
        "_RF80MLmgEDS2SJbTYvXPow": {
          "key": "_RF80MLmgEDS2SJbTYvXPow",
          "name": "parameter2",
          "type": null,
          "probability": 1,
          "modifiers": [],
          "to_variable": {
            "key": "_kqkqZLmgEDS2SJbTYvXPow",
            "name": "parameter2",
            "type": null,
            "modifiers": [],
            "position": {}
          },
          "position": {}
        },
        "_RLdmULmgEDS2SJbTYvXPow": {
          "key": "_RLdmULmgEDS2SJbTYvXPow",
          "name": "parameter3",
          "type": null,
          "probability": 1,
          "modifiers": [],
          "to_variable": {
            "key": "_kqkqZbmgEDS2SJbTYvXPow",
            "name": "parameter3",
            "type": null,
            "modifiers": [],
            "position": {}
          },
          "position": {}
        }
      }
    }
  }
}