{
  "report_version": "unknown",
  "report_timestamp": "2025-03-26T23:11:07.814Z",
  "target_language": "java",
  "report_summary": {
    "additional": null,
    "amount_classes_or_interfaces_with_data_clumps": 2,
    "amount_files_with_data_clumps": 2,
    "amount_methods_with_data_clumps": 0,
    "fields_to_fields_data_clump": 2,
    "parameters_to_fields_data_clump": 0,
    "parameters_to_parameters_data_clump": 0,
    "amount_data_clumps": 2
  },
  "project_info": {
    "project_url": "unknown_project_url",
    "project_name": "_sYfDIHvQEeqXrfTaScKTQA",
    "project_version": "unknown_project_version",
    "project_commit_hash": "unknown",
    "project_tag": null,
    "project_commit_date": null,
    "additional": {},
    "number_of_files": 19,
    "number_of_classes_or_interfaces": 19,
    "number_of_methods": 18,
    "number_of_data_fields": 42,
    "number_of_method_parameters": 4
  },
  "detector": {
    "name": "data-clumps-doctor",
    "url": "https://github.com/NilsBaumgartner1994/data-clumps-doctor",
    "version": "0.1.100",
    "options": {
      "typeVariablesConsidered": false,
      "similarityModifierOfVariablesWithUnknownType": 0,
      "fieldsOfClassesWithUnknownHierarchyProbabilityModifier": 0,
      "sharedFieldsToFieldsAmountMinimum": 3,
      "analyseFieldsInClassesOrInterfacesInheritedFromSuperClassesOrInterfaces": false,
      "sharedParametersToParametersAmountMinimum": 3,
      "sharedParametersToFieldsAmountMinimum": 3,
      "methodsOfClassesOrInterfacesWithUnknownHierarchyProbabilityModifier": 0
    }
  },
  "data_clumps": {
    "fields_to_fields_data_clump-./App-_Lbs-kVpWEDibv5xn3NPuUA-_ZYFkcFpXEDibv5xn3NPuUA-attribute2attribute3attribute4": {
      "type": "data_clump",
      "key": "fields_to_fields_data_clump-./App-_Lbs-kVpWEDibv5xn3NPuUA-_ZYFkcFpXEDibv5xn3NPuUA-attribute2attribute3attribute4",
      "probability": 1,
      "from_file_path": "./App",
      "from_class_or_interface_name": "App",
      "from_class_or_interface_key": "_Lbs-kVpWEDibv5xn3NPuUA",
      "from_method_name": null,
      "from_method_key": null,
      "to_file_path": "./Trace",
      "to_class_or_interface_key": "_ZYFkcFpXEDibv5xn3NPuUA",
      "to_class_or_interface_name": "App",
      "to_method_key": null,
      "to_method_name": null,
      "data_clump_type": "fields_to_fields_data_clump",
      "data_clump_data": {
        "_ozkQcVpWEDibv5xn3NPuUA": {
          "key": "_ozkQcVpWEDibv5xn3NPuUA",
          "name": "attribute2",
          "type": null,
          "probability": 1,
          "modifiers": [
            "private"
          ],
          "to_variable": {
            "key": "_lRlBUVpfEDibv5xn3NPuUA",
            "name": "attribute2",
            "type": null,
            "modifiers": [
              "private"
            ],
            "position": {}
          },
          "position": {}
        },
        "_o1MoIVpWEDibv5xn3NPuUA": {
          "key": "_o1MoIVpWEDibv5xn3NPuUA",
          "name": "attribute3",
          "type": null,
          "probability": 1,
          "modifiers": [
            "private"
          ],
          "to_variable": {
            "key": "_lYKKcVpfEDibv5xn3NPuUA",
            "name": "attribute3",
            "type": null,
            "modifiers": [
              "private"
            ],
            "position": {}
          },
          "position": {}
        },
        "_o2wHUFpWEDibv5xn3NPuUA": {
          "key": "_o2wHUFpWEDibv5xn3NPuUA",
          "name": "attribute4",
          "type": null,
          "probability": 1,
          "modifiers": [
            "private"
          ],
          "to_variable": {
            "key": "_lgRkoFpfEDibv5xn3NPuUA",
            "name": "attribute4",
            "type": null,
            "modifiers": [
              "private"
            ],
            "position": {}
          },
          "position": {}
        }
      }
    },
    "fields_to_fields_data_clump-./Trace-_ZYFkcFpXEDibv5xn3NPuUA-_Lbs-kVpWEDibv5xn3NPuUA-attribute2attribute3attribute4": {
      "type": "data_clump",
      "key": "fields_to_fields_data_clump-./Trace-_ZYFkcFpXEDibv5xn3NPuUA-_Lbs-kVpWEDibv5xn3NPuUA-attribute2attribute3attribute4",
      "probability": 1,
      "from_file_path": "./Trace",
      "from_class_or_interface_name": "Trace",
      "from_class_or_interface_key": "_ZYFkcFpXEDibv5xn3NPuUA",
      "from_method_name": null,
      "from_method_key": null,
      "to_file_path": "./App",
      "to_class_or_interface_key": "_Lbs-kVpWEDibv5xn3NPuUA",
      "to_class_or_interface_name": "Trace",
      "to_method_key": null,
      "to_method_name": null,
      "data_clump_type": "fields_to_fields_data_clump",
      "data_clump_data": {
        "_lRlBUVpfEDibv5xn3NPuUA": {
          "key": "_lRlBUVpfEDibv5xn3NPuUA",
          "name": "attribute2",
          "type": null,
          "probability": 1,
          "modifiers": [
            "private"
          ],
          "to_variable": {
            "key": "_ozkQcVpWEDibv5xn3NPuUA",
            "name": "attribute2",
            "type": null,
            "modifiers": [
              "private"
            ],
            "position": {}
          },
          "position": {}
        },
        "_lYKKcVpfEDibv5xn3NPuUA": {
          "key": "_lYKKcVpfEDibv5xn3NPuUA",
          "name": "attribute3",
          "type": null,
          "probability": 1,
          "modifiers": [
            "private"
          ],
          "to_variable": {
            "key": "_o1MoIVpWEDibv5xn3NPuUA",
            "name": "attribute3",
            "type": null,
            "modifiers": [
              "private"
            ],
            "position": {}
          },
          "position": {}
        },
        "_lgRkoFpfEDibv5xn3NPuUA": {
          "key": "_lgRkoFpfEDibv5xn3NPuUA",
          "name": "attribute4",
          "type": null,
          "probability": 1,
          "modifiers": [
            "private"
          ],
          "to_variable": {
            "key": "_o2wHUFpWEDibv5xn3NPuUA",
            "name": "attribute4",
            "type": null,
            "modifiers": [
              "private"
            ],
            "position": {}
          },
          "position": {}
        }
      }
    }
  }
}