{
  "report_version": "unknown",
  "report_timestamp": "2025-03-26T22:45:23.090Z",
  "target_language": "java",
  "report_summary": {
    "additional": null,
    "amount_classes_or_interfaces_with_data_clumps": 5,
    "amount_files_with_data_clumps": 5,
    "amount_methods_with_data_clumps": 6,
    "fields_to_fields_data_clump": 0,
    "parameters_to_fields_data_clump": 0,
    "parameters_to_parameters_data_clump": 30,
    "amount_data_clumps": 30
  },
  "project_info": {
    "project_url": "unknown_project_url",
    "project_name": "_IPz5AH-SEeSJh_bONjDKhQ",
    "project_version": "unknown_project_version",
    "project_commit_hash": "unknown",
    "project_tag": null,
    "project_commit_date": null,
    "additional": {},
    "number_of_files": 11,
    "number_of_classes_or_interfaces": 11,
    "number_of_methods": 27,
    "number_of_data_fields": 25,
    "number_of_method_parameters": 44
  },
  "detector": {
    "name": "data-clumps-doctor",
    "url": "https://github.com/NilsBaumgartner1994/data-clumps-doctor",
    "version": "0.1.100",
    "options": {
      "typeVariablesConsidered": false,
      "similarityModifierOfVariablesWithUnknownType": 0,
      "fieldsOfClassesWithUnknownHierarchyProbabilityModifier": 0,
      "sharedFieldsToFieldsAmountMinimum": 3,
      "analyseFieldsInClassesOrInterfacesInheritedFromSuperClassesOrInterfaces": false,
      "sharedParametersToParametersAmountMinimum": 3,
      "sharedParametersToFieldsAmountMinimum": 3,
      "methodsOfClassesOrInterfacesWithUnknownHierarchyProbabilityModifier": 0
    }
  },
  "data_clumps": {
    "parameters_to_parameters_data_clump-./Auth-_K4RfkXDlEDK4TKSN3COOLA-_Lk8YUXDlEDK4TKSN3COOLA-parameterparameter2parameter3parameter4": {
      "type": "data_clump",
      "key": "parameters_to_parameters_data_clump-./Auth-_K4RfkXDlEDK4TKSN3COOLA-_Lk8YUXDlEDK4TKSN3COOLA-parameterparameter2parameter3parameter4",
      "probability": 1,
      "from_file_path": "./Auth",
      "from_class_or_interface_name": "Auth",
      "from_class_or_interface_key": "_GLSzEHDlEDK4TKSN3COOLA",
      "from_method_name": "Register",
      "from_method_key": "_K4RfkXDlEDK4TKSN3COOLA",
      "to_file_path": "./Auth",
      "to_class_or_interface_name": "Auth",
      "to_class_or_interface_key": "_GLSzEHDlEDK4TKSN3COOLA",
      "to_method_name": "Update",
      "to_method_key": "_Lk8YUXDlEDK4TKSN3COOLA",
      "data_clump_type": "parameters_to_parameters_data_clump",
      "data_clump_data": {
        "_Rz0VYHDlEDK4TKSN3COOLA": {
          "key": "_Rz0VYHDlEDK4TKSN3COOLA",
          "name": "parameter",
          "type": null,
          "probability": 1,
          "modifiers": [],
          "to_variable": {
            "key": "_VPM3IHDlEDK4TKSN3COOLA",
            "name": "parameter",
            "type": null,
            "modifiers": [],
            "position": {}
          },
          "position": {}
        },
        "_R1Gu0HDlEDK4TKSN3COOLA": {
          "key": "_R1Gu0HDlEDK4TKSN3COOLA",
          "name": "parameter2",
          "type": null,
          "probability": 1,
          "modifiers": [],
          "to_variable": {
            "key": "_VQlXMHDlEDK4TKSN3COOLA",
            "name": "parameter2",
            "type": null,
            "modifiers": [],
            "position": {}
          },
          "position": {}
        },
        "_R2XTEHDlEDK4TKSN3COOLA": {
          "key": "_R2XTEHDlEDK4TKSN3COOLA",
          "name": "parameter3",
          "type": null,
          "probability": 1,
          "modifiers": [],
          "to_variable": {
            "key": "_VR9QMHDlEDK4TKSN3COOLA",
            "name": "parameter3",
            "type": null,
            "modifiers": [],
            "position": {}
          },
          "position": {}
        },
        "_R910EHDlEDK4TKSN3COOLA": {
          "key": "_R910EHDlEDK4TKSN3COOLA",
          "name": "parameter4",
          "type": null,
          "probability": 1,
          "modifiers": [],
          "to_variable": {
            "key": "_VaoEAHDlEDK4TKSN3COOLA",
            "name": "parameter4",
            "type": null,
            "modifiers": [],
            "position": {}
          },
          "position": {}
        }
      }
    },
    "parameters_to_parameters_data_clump-./Auth-_K4RfkXDlEDK4TKSN3COOLA-_yZu0cXDhEDK4TKSN3COOLA-parameterparameter2parameter3parameter4": {
      "type": "data_clump",
      "key": "parameters_to_parameters_data_clump-./Auth-_K4RfkXDlEDK4TKSN3COOLA-_yZu0cXDhEDK4TKSN3COOLA-parameterparameter2parameter3parameter4",
      "probability": 1,
      "from_file_path": "./Auth",
      "from_class_or_interface_name": "Auth",
      "from_class_or_interface_key": "_GLSzEHDlEDK4TKSN3COOLA",
      "from_method_name": "Register",
      "from_method_key": "_K4RfkXDlEDK4TKSN3COOLA",
      "to_file_path": "./News",
      "to_class_or_interface_name": "News",
      "to_class_or_interface_key": "_2XIwIG2qEDKVutJScfsaQw",
      "to_method_name": "News",
      "to_method_key": "_yZu0cXDhEDK4TKSN3COOLA",
      "data_clump_type": "parameters_to_parameters_data_clump",
      "data_clump_data": {
        "_Rz0VYHDlEDK4TKSN3COOLA": {
          "key": "_Rz0VYHDlEDK4TKSN3COOLA",
          "name": "parameter",
          "type": null,
          "probability": 1,
          "modifiers": [],
          "to_variable": {
            "key": "_z37QwHDhEDK4TKSN3COOLA",
            "name": "parameter",
            "type": null,
            "modifiers": [],
            "position": {}
          },
          "position": {}
        },
        "_R1Gu0HDlEDK4TKSN3COOLA": {
          "key": "_R1Gu0HDlEDK4TKSN3COOLA",
          "name": "parameter2",
          "type": null,
          "probability": 1,
          "modifiers": [],
          "to_variable": {
            "key": "_z5U-8HDhEDK4TKSN3COOLA",
            "name": "parameter2",
            "type": null,
            "modifiers": [],
            "position": {}
          },
          "position": {}
        },
        "_R2XTEHDlEDK4TKSN3COOLA": {
          "key": "_R2XTEHDlEDK4TKSN3COOLA",
          "name": "parameter3",
          "type": null,
          "probability": 1,
          "modifiers": [],
          "to_variable": {
            "key": "_z6s38HDhEDK4TKSN3COOLA",
            "name": "parameter3",
            "type": null,
            "modifiers": [],
            "position": {}
          },
          "position": {}
        },
        "_R910EHDlEDK4TKSN3COOLA": {
          "key": "_R910EHDlEDK4TKSN3COOLA",
          "name": "parameter4",
          "type": null,
          "probability": 1,
          "modifiers": [],
          "to_variable": {
            "key": "_z76_8HDhEDK4TKSN3COOLA",
            "name": "parameter4",
            "type": null,
            "modifiers": [],
            "position": {}
          },
          "position": {}
        }
      }
    },
    "parameters_to_parameters_data_clump-./Auth-_K4RfkXDlEDK4TKSN3COOLA-_HqD-gXDiEDK4TKSN3COOLA-parameterparameter2parameter3": {
      "type": "data_clump",
      "key": "parameters_to_parameters_data_clump-./Auth-_K4RfkXDlEDK4TKSN3COOLA-_HqD-gXDiEDK4TKSN3COOLA-parameterparameter2parameter3",
      "probability": 1,
      "from_file_path": "./Auth",
      "from_class_or_interface_name": "Auth",
      "from_class_or_interface_key": "_GLSzEHDlEDK4TKSN3COOLA",
      "from_method_name": "Register",
      "from_method_key": "_K4RfkXDlEDK4TKSN3COOLA",
      "to_file_path": "./Product",
      "to_class_or_interface_name": "Product",
      "to_class_or_interface_key": "_wmmU4G2qEDKVutJScfsaQw",
      "to_method_name": "Product",
      "to_method_key": "_HqD-gXDiEDK4TKSN3COOLA",
      "data_clump_type": "parameters_to_parameters_data_clump",
      "data_clump_data": {
        "_Rz0VYHDlEDK4TKSN3COOLA": {
          "key": "_Rz0VYHDlEDK4TKSN3COOLA",
          "name": "parameter",
          "type": null,
          "probability": 1,
          "modifiers": [],
          "to_variable": {
            "key": "_Kq9jsHDiEDK4TKSN3COOLA",
            "name": "parameter",
            "type": null,
            "modifiers": [],
            "position": {}
          },
          "position": {}
        },
        "_R1Gu0HDlEDK4TKSN3COOLA": {
          "key": "_R1Gu0HDlEDK4TKSN3COOLA",
          "name": "parameter2",
          "type": null,
          "probability": 1,
          "modifiers": [],
          "to_variable": {
            "key": "_KsVcsHDiEDK4TKSN3COOLA",
            "name": "parameter2",
            "type": null,
            "modifiers": [],
            "position": {}
          },
          "position": {}
        },
        "_R2XTEHDlEDK4TKSN3COOLA": {
          "key": "_R2XTEHDlEDK4TKSN3COOLA",
          "name": "parameter3",
          "type": null,
          "probability": 1,
          "modifiers": [],
          "to_variable": {
            "key": "_KyOpUHDiEDK4TKSN3COOLA",
            "name": "parameter3",
            "type": null,
            "modifiers": [],
            "position": {}
          },
          "position": {}
        }
      }
    },
    "parameters_to_parameters_data_clump-./Auth-_K4RfkXDlEDK4TKSN3COOLA-_wlAckXDjEDK4TKSN3COOLA-parameterparameter2parameter3parameter4": {
      "type": "data_clump",
      "key": "parameters_to_parameters_data_clump-./Auth-_K4RfkXDlEDK4TKSN3COOLA-_wlAckXDjEDK4TKSN3COOLA-parameterparameter2parameter3parameter4",
      "probability": 1,
      "from_file_path": "./Auth",
      "from_class_or_interface_name": "Auth",
      "from_class_or_interface_key": "_GLSzEHDlEDK4TKSN3COOLA",
      "from_method_name": "Register",
      "from_method_key": "_K4RfkXDlEDK4TKSN3COOLA",
      "to_file_path": "./Review",
      "to_class_or_interface_name": "Review",
      "to_class_or_interface_key": "_xlbUoG2qEDKVutJScfsaQw",
      "to_method_name": "Review",
      "to_method_key": "_wlAckXDjEDK4TKSN3COOLA",
      "data_clump_type": "parameters_to_parameters_data_clump",
      "data_clump_data": {
        "_Rz0VYHDlEDK4TKSN3COOLA": {
          "key": "_Rz0VYHDlEDK4TKSN3COOLA",
          "name": "parameter",
          "type": null,
          "probability": 1,
          "modifiers": [],
          "to_variable": {
            "key": "_J7-E0HDkEDK4TKSN3COOLA",
            "name": "parameter",
            "type": null,
            "modifiers": [],
            "position": {}
          },
          "position": {}
        },
        "_R1Gu0HDlEDK4TKSN3COOLA": {
          "key": "_R1Gu0HDlEDK4TKSN3COOLA",
          "name": "parameter2",
          "type": null,
          "probability": 1,
          "modifiers": [],
          "to_variable": {
            "key": "_KqW00HDkEDK4TKSN3COOLA",
            "name": "parameter2",
            "type": null,
            "modifiers": [],
            "position": {}
          },
          "position": {}
        },
        "_R2XTEHDlEDK4TKSN3COOLA": {
          "key": "_R2XTEHDlEDK4TKSN3COOLA",
          "name": "parameter3",
          "type": null,
          "probability": 1,
          "modifiers": [],
          "to_variable": {
            "key": "_KuML8HDkEDK4TKSN3COOLA",
            "name": "parameter3",
            "type": null,
            "modifiers": [],
            "position": {}
          },
          "position": {}
        },
        "_R910EHDlEDK4TKSN3COOLA": {
          "key": "_R910EHDlEDK4TKSN3COOLA",
          "name": "parameter4",
          "type": null,
          "probability": 1,
          "modifiers": [],
          "to_variable": {
            "key": "_KzosoHDkEDK4TKSN3COOLA",
            "name": "parameter4",
            "type": null,
            "modifiers": [],
            "position": {}
          },
          "position": {}
        }
      }
    },
    "parameters_to_parameters_data_clump-./Auth-_K4RfkXDlEDK4TKSN3COOLA-_HfP1sG2tEDKWMJtalo6Vjw-parameterparameter2parameter3parameter4": {
      "type": "data_clump",
      "key": "parameters_to_parameters_data_clump-./Auth-_K4RfkXDlEDK4TKSN3COOLA-_HfP1sG2tEDKWMJtalo6Vjw-parameterparameter2parameter3parameter4",
      "probability": 1,
      "from_file_path": "./Auth",
      "from_class_or_interface_name": "Auth",
      "from_class_or_interface_key": "_GLSzEHDlEDK4TKSN3COOLA",
      "from_method_name": "Register",
      "from_method_key": "_K4RfkXDlEDK4TKSN3COOLA",
      "to_file_path": "./User",
      "to_class_or_interface_name": "User",
      "to_class_or_interface_key": "_v7Hu8G2qEDKVutJScfsaQw",
      "to_method_name": "User",
      "to_method_key": "_HfP1sG2tEDKWMJtalo6Vjw",
      "data_clump_type": "parameters_to_parameters_data_clump",
      "data_clump_data": {
        "_Rz0VYHDlEDK4TKSN3COOLA": {
          "key": "_Rz0VYHDlEDK4TKSN3COOLA",
          "name": "parameter",
          "type": null,
          "probability": 1,
          "modifiers": [],
          "to_variable": {
            "key": "_HfQcwG2tEDKWMJtalo6Vjw",
            "name": "parameter",
            "type": null,
            "modifiers": [],
            "position": {}
          },
          "position": {}
        },
        "_R1Gu0HDlEDK4TKSN3COOLA": {
          "key": "_R1Gu0HDlEDK4TKSN3COOLA",
          "name": "parameter2",
          "type": null,
          "probability": 1,
          "modifiers": [],
          "to_variable": {
            "key": "_HfQcwW2tEDKWMJtalo6Vjw",
            "name": "parameter2",
            "type": null,
            "modifiers": [],
            "position": {}
          },
          "position": {}
        },
        "_R2XTEHDlEDK4TKSN3COOLA": {
          "key": "_R2XTEHDlEDK4TKSN3COOLA",
          "name": "parameter3",
          "type": null,
          "probability": 1,
          "modifiers": [],
          "to_variable": {
            "key": "_HfQcwm2tEDKWMJtalo6Vjw",
            "name": "parameter3",
            "type": null,
            "modifiers": [],
            "position": {}
          },
          "position": {}
        },
        "_R910EHDlEDK4TKSN3COOLA": {
          "key": "_R910EHDlEDK4TKSN3COOLA",
          "name": "parameter4",
          "type": null,
          "probability": 1,
          "modifiers": [],
          "to_variable": {
            "key": "_IUZ8EG2tEDKWMJtalo6Vjw",
            "name": "parameter4",
            "type": null,
            "modifiers": [],
            "position": {}
          },
          "position": {}
        }
      }
    },
    "parameters_to_parameters_data_clump-./Auth-_Lk8YUXDlEDK4TKSN3COOLA-_K4RfkXDlEDK4TKSN3COOLA-parameterparameter2parameter3parameter4": {
      "type": "data_clump",
      "key": "parameters_to_parameters_data_clump-./Auth-_Lk8YUXDlEDK4TKSN3COOLA-_K4RfkXDlEDK4TKSN3COOLA-parameterparameter2parameter3parameter4",
      "probability": 1,
      "from_file_path": "./Auth",
      "from_class_or_interface_name": "Auth",
      "from_class_or_interface_key": "_GLSzEHDlEDK4TKSN3COOLA",
      "from_method_name": "Update",
      "from_method_key": "_Lk8YUXDlEDK4TKSN3COOLA",
      "to_file_path": "./Auth",
      "to_class_or_interface_name": "Auth",
      "to_class_or_interface_key": "_GLSzEHDlEDK4TKSN3COOLA",
      "to_method_name": "Register",
      "to_method_key": "_K4RfkXDlEDK4TKSN3COOLA",
      "data_clump_type": "parameters_to_parameters_data_clump",
      "data_clump_data": {
        "_VPM3IHDlEDK4TKSN3COOLA": {
          "key": "_VPM3IHDlEDK4TKSN3COOLA",
          "name": "parameter",
          "type": null,
          "probability": 1,
          "modifiers": [],
          "to_variable": {
            "key": "_Rz0VYHDlEDK4TKSN3COOLA",
            "name": "parameter",
            "type": null,
            "modifiers": [],
            "position": {}
          },
          "position": {}
        },
        "_VQlXMHDlEDK4TKSN3COOLA": {
          "key": "_VQlXMHDlEDK4TKSN3COOLA",
          "name": "parameter2",
          "type": null,
          "probability": 1,
          "modifiers": [],
          "to_variable": {
            "key": "_R1Gu0HDlEDK4TKSN3COOLA",
            "name": "parameter2",
            "type": null,
            "modifiers": [],
            "position": {}
          },
          "position": {}
        },
        "_VR9QMHDlEDK4TKSN3COOLA": {
          "key": "_VR9QMHDlEDK4TKSN3COOLA",
          "name": "parameter3",
          "type": null,
          "probability": 1,
          "modifiers": [],
          "to_variable": {
            "key": "_R2XTEHDlEDK4TKSN3COOLA",
            "name": "parameter3",
            "type": null,
            "modifiers": [],
            "position": {}
          },
          "position": {}
        },
        "_VaoEAHDlEDK4TKSN3COOLA": {
          "key": "_VaoEAHDlEDK4TKSN3COOLA",
          "name": "parameter4",
          "type": null,
          "probability": 1,
          "modifiers": [],
          "to_variable": {
            "key": "_R910EHDlEDK4TKSN3COOLA",
            "name": "parameter4",
            "type": null,
            "modifiers": [],
            "position": {}
          },
          "position": {}
        }
      }
    },
    "parameters_to_parameters_data_clump-./Auth-_Lk8YUXDlEDK4TKSN3COOLA-_yZu0cXDhEDK4TKSN3COOLA-parameterparameter2parameter3parameter4": {
      "type": "data_clump",
      "key": "parameters_to_parameters_data_clump-./Auth-_Lk8YUXDlEDK4TKSN3COOLA-_yZu0cXDhEDK4TKSN3COOLA-parameterparameter2parameter3parameter4",
      "probability": 1,
      "from_file_path": "./Auth",
      "from_class_or_interface_name": "Auth",
      "from_class_or_interface_key": "_GLSzEHDlEDK4TKSN3COOLA",
      "from_method_name": "Update",
      "from_method_key": "_Lk8YUXDlEDK4TKSN3COOLA",
      "to_file_path": "./News",
      "to_class_or_interface_name": "News",
      "to_class_or_interface_key": "_2XIwIG2qEDKVutJScfsaQw",
      "to_method_name": "News",
      "to_method_key": "_yZu0cXDhEDK4TKSN3COOLA",
      "data_clump_type": "parameters_to_parameters_data_clump",
      "data_clump_data": {
        "_VPM3IHDlEDK4TKSN3COOLA": {
          "key": "_VPM3IHDlEDK4TKSN3COOLA",
          "name": "parameter",
          "type": null,
          "probability": 1,
          "modifiers": [],
          "to_variable": {
            "key": "_z37QwHDhEDK4TKSN3COOLA",
            "name": "parameter",
            "type": null,
            "modifiers": [],
            "position": {}
          },
          "position": {}
        },
        "_VQlXMHDlEDK4TKSN3COOLA": {
          "key": "_VQlXMHDlEDK4TKSN3COOLA",
          "name": "parameter2",
          "type": null,
          "probability": 1,
          "modifiers": [],
          "to_variable": {
            "key": "_z5U-8HDhEDK4TKSN3COOLA",
            "name": "parameter2",
            "type": null,
            "modifiers": [],
            "position": {}
          },
          "position": {}
        },
        "_VR9QMHDlEDK4TKSN3COOLA": {
          "key": "_VR9QMHDlEDK4TKSN3COOLA",
          "name": "parameter3",
          "type": null,
          "probability": 1,
          "modifiers": [],
          "to_variable": {
            "key": "_z6s38HDhEDK4TKSN3COOLA",
            "name": "parameter3",
            "type": null,
            "modifiers": [],
            "position": {}
          },
          "position": {}
        },
        "_VaoEAHDlEDK4TKSN3COOLA": {
          "key": "_VaoEAHDlEDK4TKSN3COOLA",
          "name": "parameter4",
          "type": null,
          "probability": 1,
          "modifiers": [],
          "to_variable": {
            "key": "_z76_8HDhEDK4TKSN3COOLA",
            "name": "parameter4",
            "type": null,
            "modifiers": [],
            "position": {}
          },
          "position": {}
        }
      }
    },
    "parameters_to_parameters_data_clump-./Auth-_Lk8YUXDlEDK4TKSN3COOLA-_HqD-gXDiEDK4TKSN3COOLA-parameterparameter2parameter3": {
      "type": "data_clump",
      "key": "parameters_to_parameters_data_clump-./Auth-_Lk8YUXDlEDK4TKSN3COOLA-_HqD-gXDiEDK4TKSN3COOLA-parameterparameter2parameter3",
      "probability": 1,
      "from_file_path": "./Auth",
      "from_class_or_interface_name": "Auth",
      "from_class_or_interface_key": "_GLSzEHDlEDK4TKSN3COOLA",
      "from_method_name": "Update",
      "from_method_key": "_Lk8YUXDlEDK4TKSN3COOLA",
      "to_file_path": "./Product",
      "to_class_or_interface_name": "Product",
      "to_class_or_interface_key": "_wmmU4G2qEDKVutJScfsaQw",
      "to_method_name": "Product",
      "to_method_key": "_HqD-gXDiEDK4TKSN3COOLA",
      "data_clump_type": "parameters_to_parameters_data_clump",
      "data_clump_data": {
        "_VPM3IHDlEDK4TKSN3COOLA": {
          "key": "_VPM3IHDlEDK4TKSN3COOLA",
          "name": "parameter",
          "type": null,
          "probability": 1,
          "modifiers": [],
          "to_variable": {
            "key": "_Kq9jsHDiEDK4TKSN3COOLA",
            "name": "parameter",
            "type": null,
            "modifiers": [],
            "position": {}
          },
          "position": {}
        },
        "_VQlXMHDlEDK4TKSN3COOLA": {
          "key": "_VQlXMHDlEDK4TKSN3COOLA",
          "name": "parameter2",
          "type": null,
          "probability": 1,
          "modifiers": [],
          "to_variable": {
            "key": "_KsVcsHDiEDK4TKSN3COOLA",
            "name": "parameter2",
            "type": null,
            "modifiers": [],
            "position": {}
          },
          "position": {}
        },
        "_VR9QMHDlEDK4TKSN3COOLA": {
          "key": "_VR9QMHDlEDK4TKSN3COOLA",
          "name": "parameter3",
          "type": null,
          "probability": 1,
          "modifiers": [],
          "to_variable": {
            "key": "_KyOpUHDiEDK4TKSN3COOLA",
            "name": "parameter3",
            "type": null,
            "modifiers": [],
            "position": {}
          },
          "position": {}
        }
      }
    },
    "parameters_to_parameters_data_clump-./Auth-_Lk8YUXDlEDK4TKSN3COOLA-_wlAckXDjEDK4TKSN3COOLA-parameterparameter2parameter3parameter4parameter5": {
      "type": "data_clump",
      "key": "parameters_to_parameters_data_clump-./Auth-_Lk8YUXDlEDK4TKSN3COOLA-_wlAckXDjEDK4TKSN3COOLA-parameterparameter2parameter3parameter4parameter5",
      "probability": 1,
      "from_file_path": "./Auth",
      "from_class_or_interface_name": "Auth",
      "from_class_or_interface_key": "_GLSzEHDlEDK4TKSN3COOLA",
      "from_method_name": "Update",
      "from_method_key": "_Lk8YUXDlEDK4TKSN3COOLA",
      "to_file_path": "./Review",
      "to_class_or_interface_name": "Review",
      "to_class_or_interface_key": "_xlbUoG2qEDKVutJScfsaQw",
      "to_method_name": "Review",
      "to_method_key": "_wlAckXDjEDK4TKSN3COOLA",
      "data_clump_type": "parameters_to_parameters_data_clump",
      "data_clump_data": {
        "_VPM3IHDlEDK4TKSN3COOLA": {
          "key": "_VPM3IHDlEDK4TKSN3COOLA",
          "name": "parameter",
          "type": null,
          "probability": 1,
          "modifiers": [],
          "to_variable": {
            "key": "_J7-E0HDkEDK4TKSN3COOLA",
            "name": "parameter",
            "type": null,
            "modifiers": [],
            "position": {}
          },
          "position": {}
        },
        "_VQlXMHDlEDK4TKSN3COOLA": {
          "key": "_VQlXMHDlEDK4TKSN3COOLA",
          "name": "parameter2",
          "type": null,
          "probability": 1,
          "modifiers": [],
          "to_variable": {
            "key": "_KqW00HDkEDK4TKSN3COOLA",
            "name": "parameter2",
            "type": null,
            "modifiers": [],
            "position": {}
          },
          "position": {}
        },
        "_VR9QMHDlEDK4TKSN3COOLA": {
          "key": "_VR9QMHDlEDK4TKSN3COOLA",
          "name": "parameter3",
          "type": null,
          "probability": 1,
          "modifiers": [],
          "to_variable": {
            "key": "_KuML8HDkEDK4TKSN3COOLA",
            "name": "parameter3",
            "type": null,
            "modifiers": [],
            "position": {}
          },
          "position": {}
        },
        "_VaoEAHDlEDK4TKSN3COOLA": {
          "key": "_VaoEAHDlEDK4TKSN3COOLA",
          "name": "parameter4",
          "type": null,
          "probability": 1,
          "modifiers": [],
          "to_variable": {
            "key": "_KzosoHDkEDK4TKSN3COOLA",
            "name": "parameter4",
            "type": null,
            "modifiers": [],
            "position": {}
          },
          "position": {}
        },
        "_Vc1qgHDlEDK4TKSN3COOLA": {
          "key": "_Vc1qgHDlEDK4TKSN3COOLA",
          "name": "parameter5",
          "type": null,
          "probability": 1,
          "modifiers": [],
          "to_variable": {
            "key": "_K3_BIHDkEDK4TKSN3COOLA",
            "name": "parameter5",
            "type": null,
            "modifiers": [],
            "position": {}
          },
          "position": {}
        }
      }
    },
    "parameters_to_parameters_data_clump-./Auth-_Lk8YUXDlEDK4TKSN3COOLA-_HfP1sG2tEDKWMJtalo6Vjw-parameterparameter2parameter3parameter4": {
      "type": "data_clump",
      "key": "parameters_to_parameters_data_clump-./Auth-_Lk8YUXDlEDK4TKSN3COOLA-_HfP1sG2tEDKWMJtalo6Vjw-parameterparameter2parameter3parameter4",
      "probability": 1,
      "from_file_path": "./Auth",
      "from_class_or_interface_name": "Auth",
      "from_class_or_interface_key": "_GLSzEHDlEDK4TKSN3COOLA",
      "from_method_name": "Update",
      "from_method_key": "_Lk8YUXDlEDK4TKSN3COOLA",
      "to_file_path": "./User",
      "to_class_or_interface_name": "User",
      "to_class_or_interface_key": "_v7Hu8G2qEDKVutJScfsaQw",
      "to_method_name": "User",
      "to_method_key": "_HfP1sG2tEDKWMJtalo6Vjw",
      "data_clump_type": "parameters_to_parameters_data_clump",
      "data_clump_data": {
        "_VPM3IHDlEDK4TKSN3COOLA": {
          "key": "_VPM3IHDlEDK4TKSN3COOLA",
          "name": "parameter",
          "type": null,
          "probability": 1,
          "modifiers": [],
          "to_variable": {
            "key": "_HfQcwG2tEDKWMJtalo6Vjw",
            "name": "parameter",
            "type": null,
            "modifiers": [],
            "position": {}
          },
          "position": {}
        },
        "_VQlXMHDlEDK4TKSN3COOLA": {
          "key": "_VQlXMHDlEDK4TKSN3COOLA",
          "name": "parameter2",
          "type": null,
          "probability": 1,
          "modifiers": [],
          "to_variable": {
            "key": "_HfQcwW2tEDKWMJtalo6Vjw",
            "name": "parameter2",
            "type": null,
            "modifiers": [],
            "position": {}
          },
          "position": {}
        },
        "_VR9QMHDlEDK4TKSN3COOLA": {
          "key": "_VR9QMHDlEDK4TKSN3COOLA",
          "name": "parameter3",
          "type": null,
          "probability": 1,
          "modifiers": [],
          "to_variable": {
            "key": "_HfQcwm2tEDKWMJtalo6Vjw",
            "name": "parameter3",
            "type": null,
            "modifiers": [],
            "position": {}
          },
          "position": {}
        },
        "_VaoEAHDlEDK4TKSN3COOLA": {
          "key": "_VaoEAHDlEDK4TKSN3COOLA",
          "name": "parameter4",
          "type": null,
          "probability": 1,
          "modifiers": [],
          "to_variable": {
            "key": "_IUZ8EG2tEDKWMJtalo6Vjw",
            "name": "parameter4",
            "type": null,
            "modifiers": [],
            "position": {}
          },
          "position": {}
        }
      }
    },
    "parameters_to_parameters_data_clump-./News-_yZu0cXDhEDK4TKSN3COOLA-_K4RfkXDlEDK4TKSN3COOLA-parameterparameter2parameter3parameter4": {
      "type": "data_clump",
      "key": "parameters_to_parameters_data_clump-./News-_yZu0cXDhEDK4TKSN3COOLA-_K4RfkXDlEDK4TKSN3COOLA-parameterparameter2parameter3parameter4",
      "probability": 1,
      "from_file_path": "./News",
      "from_class_or_interface_name": "News",
      "from_class_or_interface_key": "_2XIwIG2qEDKVutJScfsaQw",
      "from_method_name": "News",
      "from_method_key": "_yZu0cXDhEDK4TKSN3COOLA",
      "to_file_path": "./Auth",
      "to_class_or_interface_name": "Auth",
      "to_class_or_interface_key": "_GLSzEHDlEDK4TKSN3COOLA",
      "to_method_name": "Register",
      "to_method_key": "_K4RfkXDlEDK4TKSN3COOLA",
      "data_clump_type": "parameters_to_parameters_data_clump",
      "data_clump_data": {
        "_z37QwHDhEDK4TKSN3COOLA": {
          "key": "_z37QwHDhEDK4TKSN3COOLA",
          "name": "parameter",
          "type": null,
          "probability": 1,
          "modifiers": [],
          "to_variable": {
            "key": "_Rz0VYHDlEDK4TKSN3COOLA",
            "name": "parameter",
            "type": null,
            "modifiers": [],
            "position": {}
          },
          "position": {}
        },
        "_z5U-8HDhEDK4TKSN3COOLA": {
          "key": "_z5U-8HDhEDK4TKSN3COOLA",
          "name": "parameter2",
          "type": null,
          "probability": 1,
          "modifiers": [],
          "to_variable": {
            "key": "_R1Gu0HDlEDK4TKSN3COOLA",
            "name": "parameter2",
            "type": null,
            "modifiers": [],
            "position": {}
          },
          "position": {}
        },
        "_z6s38HDhEDK4TKSN3COOLA": {
          "key": "_z6s38HDhEDK4TKSN3COOLA",
          "name": "parameter3",
          "type": null,
          "probability": 1,
          "modifiers": [],
          "to_variable": {
            "key": "_R2XTEHDlEDK4TKSN3COOLA",
            "name": "parameter3",
            "type": null,
            "modifiers": [],
            "position": {}
          },
          "position": {}
        },
        "_z76_8HDhEDK4TKSN3COOLA": {
          "key": "_z76_8HDhEDK4TKSN3COOLA",
          "name": "parameter4",
          "type": null,
          "probability": 1,
          "modifiers": [],
          "to_variable": {
            "key": "_R910EHDlEDK4TKSN3COOLA",
            "name": "parameter4",
            "type": null,
            "modifiers": [],
            "position": {}
          },
          "position": {}
        }
      }
    },
    "parameters_to_parameters_data_clump-./News-_yZu0cXDhEDK4TKSN3COOLA-_Lk8YUXDlEDK4TKSN3COOLA-parameterparameter2parameter3parameter4": {
      "type": "data_clump",
      "key": "parameters_to_parameters_data_clump-./News-_yZu0cXDhEDK4TKSN3COOLA-_Lk8YUXDlEDK4TKSN3COOLA-parameterparameter2parameter3parameter4",
      "probability": 1,
      "from_file_path": "./News",
      "from_class_or_interface_name": "News",
      "from_class_or_interface_key": "_2XIwIG2qEDKVutJScfsaQw",
      "from_method_name": "News",
      "from_method_key": "_yZu0cXDhEDK4TKSN3COOLA",
      "to_file_path": "./Auth",
      "to_class_or_interface_name": "Auth",
      "to_class_or_interface_key": "_GLSzEHDlEDK4TKSN3COOLA",
      "to_method_name": "Update",
      "to_method_key": "_Lk8YUXDlEDK4TKSN3COOLA",
      "data_clump_type": "parameters_to_parameters_data_clump",
      "data_clump_data": {
        "_z37QwHDhEDK4TKSN3COOLA": {
          "key": "_z37QwHDhEDK4TKSN3COOLA",
          "name": "parameter",
          "type": null,
          "probability": 1,
          "modifiers": [],
          "to_variable": {
            "key": "_VPM3IHDlEDK4TKSN3COOLA",
            "name": "parameter",
            "type": null,
            "modifiers": [],
            "position": {}
          },
          "position": {}
        },
        "_z5U-8HDhEDK4TKSN3COOLA": {
          "key": "_z5U-8HDhEDK4TKSN3COOLA",
          "name": "parameter2",
          "type": null,
          "probability": 1,
          "modifiers": [],
          "to_variable": {
            "key": "_VQlXMHDlEDK4TKSN3COOLA",
            "name": "parameter2",
            "type": null,
            "modifiers": [],
            "position": {}
          },
          "position": {}
        },
        "_z6s38HDhEDK4TKSN3COOLA": {
          "key": "_z6s38HDhEDK4TKSN3COOLA",
          "name": "parameter3",
          "type": null,
          "probability": 1,
          "modifiers": [],
          "to_variable": {
            "key": "_VR9QMHDlEDK4TKSN3COOLA",
            "name": "parameter3",
            "type": null,
            "modifiers": [],
            "position": {}
          },
          "position": {}
        },
        "_z76_8HDhEDK4TKSN3COOLA": {
          "key": "_z76_8HDhEDK4TKSN3COOLA",
          "name": "parameter4",
          "type": null,
          "probability": 1,
          "modifiers": [],
          "to_variable": {
            "key": "_VaoEAHDlEDK4TKSN3COOLA",
            "name": "parameter4",
            "type": null,
            "modifiers": [],
            "position": {}
          },
          "position": {}
        }
      }
    },
    "parameters_to_parameters_data_clump-./News-_yZu0cXDhEDK4TKSN3COOLA-_HqD-gXDiEDK4TKSN3COOLA-parameterparameter2parameter3": {
      "type": "data_clump",
      "key": "parameters_to_parameters_data_clump-./News-_yZu0cXDhEDK4TKSN3COOLA-_HqD-gXDiEDK4TKSN3COOLA-parameterparameter2parameter3",
      "probability": 1,
      "from_file_path": "./News",
      "from_class_or_interface_name": "News",
      "from_class_or_interface_key": "_2XIwIG2qEDKVutJScfsaQw",
      "from_method_name": "News",
      "from_method_key": "_yZu0cXDhEDK4TKSN3COOLA",
      "to_file_path": "./Product",
      "to_class_or_interface_name": "Product",
      "to_class_or_interface_key": "_wmmU4G2qEDKVutJScfsaQw",
      "to_method_name": "Product",
      "to_method_key": "_HqD-gXDiEDK4TKSN3COOLA",
      "data_clump_type": "parameters_to_parameters_data_clump",
      "data_clump_data": {
        "_z37QwHDhEDK4TKSN3COOLA": {
          "key": "_z37QwHDhEDK4TKSN3COOLA",
          "name": "parameter",
          "type": null,
          "probability": 1,
          "modifiers": [],
          "to_variable": {
            "key": "_Kq9jsHDiEDK4TKSN3COOLA",
            "name": "parameter",
            "type": null,
            "modifiers": [],
            "position": {}
          },
          "position": {}
        },
        "_z5U-8HDhEDK4TKSN3COOLA": {
          "key": "_z5U-8HDhEDK4TKSN3COOLA",
          "name": "parameter2",
          "type": null,
          "probability": 1,
          "modifiers": [],
          "to_variable": {
            "key": "_KsVcsHDiEDK4TKSN3COOLA",
            "name": "parameter2",
            "type": null,
            "modifiers": [],
            "position": {}
          },
          "position": {}
        },
        "_z6s38HDhEDK4TKSN3COOLA": {
          "key": "_z6s38HDhEDK4TKSN3COOLA",
          "name": "parameter3",
          "type": null,
          "probability": 1,
          "modifiers": [],
          "to_variable": {
            "key": "_KyOpUHDiEDK4TKSN3COOLA",
            "name": "parameter3",
            "type": null,
            "modifiers": [],
            "position": {}
          },
          "position": {}
        }
      }
    },
    "parameters_to_parameters_data_clump-./News-_yZu0cXDhEDK4TKSN3COOLA-_wlAckXDjEDK4TKSN3COOLA-parameterparameter2parameter3parameter4": {
      "type": "data_clump",
      "key": "parameters_to_parameters_data_clump-./News-_yZu0cXDhEDK4TKSN3COOLA-_wlAckXDjEDK4TKSN3COOLA-parameterparameter2parameter3parameter4",
      "probability": 1,
      "from_file_path": "./News",
      "from_class_or_interface_name": "News",
      "from_class_or_interface_key": "_2XIwIG2qEDKVutJScfsaQw",
      "from_method_name": "News",
      "from_method_key": "_yZu0cXDhEDK4TKSN3COOLA",
      "to_file_path": "./Review",
      "to_class_or_interface_name": "Review",
      "to_class_or_interface_key": "_xlbUoG2qEDKVutJScfsaQw",
      "to_method_name": "Review",
      "to_method_key": "_wlAckXDjEDK4TKSN3COOLA",
      "data_clump_type": "parameters_to_parameters_data_clump",
      "data_clump_data": {
        "_z37QwHDhEDK4TKSN3COOLA": {
          "key": "_z37QwHDhEDK4TKSN3COOLA",
          "name": "parameter",
          "type": null,
          "probability": 1,
          "modifiers": [],
          "to_variable": {
            "key": "_J7-E0HDkEDK4TKSN3COOLA",
            "name": "parameter",
            "type": null,
            "modifiers": [],
            "position": {}
          },
          "position": {}
        },
        "_z5U-8HDhEDK4TKSN3COOLA": {
          "key": "_z5U-8HDhEDK4TKSN3COOLA",
          "name": "parameter2",
          "type": null,
          "probability": 1,
          "modifiers": [],
          "to_variable": {
            "key": "_KqW00HDkEDK4TKSN3COOLA",
            "name": "parameter2",
            "type": null,
            "modifiers": [],
            "position": {}
          },
          "position": {}
        },
        "_z6s38HDhEDK4TKSN3COOLA": {
          "key": "_z6s38HDhEDK4TKSN3COOLA",
          "name": "parameter3",
          "type": null,
          "probability": 1,
          "modifiers": [],
          "to_variable": {
            "key": "_KuML8HDkEDK4TKSN3COOLA",
            "name": "parameter3",
            "type": null,
            "modifiers": [],
            "position": {}
          },
          "position": {}
        },
        "_z76_8HDhEDK4TKSN3COOLA": {
          "key": "_z76_8HDhEDK4TKSN3COOLA",
          "name": "parameter4",
          "type": null,
          "probability": 1,
          "modifiers": [],
          "to_variable": {
            "key": "_KzosoHDkEDK4TKSN3COOLA",
            "name": "parameter4",
            "type": null,
            "modifiers": [],
            "position": {}
          },
          "position": {}
        }
      }
    },
    "parameters_to_parameters_data_clump-./News-_yZu0cXDhEDK4TKSN3COOLA-_HfP1sG2tEDKWMJtalo6Vjw-parameterparameter2parameter3parameter4": {
      "type": "data_clump",
      "key": "parameters_to_parameters_data_clump-./News-_yZu0cXDhEDK4TKSN3COOLA-_HfP1sG2tEDKWMJtalo6Vjw-parameterparameter2parameter3parameter4",
      "probability": 1,
      "from_file_path": "./News",
      "from_class_or_interface_name": "News",
      "from_class_or_interface_key": "_2XIwIG2qEDKVutJScfsaQw",
      "from_method_name": "News",
      "from_method_key": "_yZu0cXDhEDK4TKSN3COOLA",
      "to_file_path": "./User",
      "to_class_or_interface_name": "User",
      "to_class_or_interface_key": "_v7Hu8G2qEDKVutJScfsaQw",
      "to_method_name": "User",
      "to_method_key": "_HfP1sG2tEDKWMJtalo6Vjw",
      "data_clump_type": "parameters_to_parameters_data_clump",
      "data_clump_data": {
        "_z37QwHDhEDK4TKSN3COOLA": {
          "key": "_z37QwHDhEDK4TKSN3COOLA",
          "name": "parameter",
          "type": null,
          "probability": 1,
          "modifiers": [],
          "to_variable": {
            "key": "_HfQcwG2tEDKWMJtalo6Vjw",
            "name": "parameter",
            "type": null,
            "modifiers": [],
            "position": {}
          },
          "position": {}
        },
        "_z5U-8HDhEDK4TKSN3COOLA": {
          "key": "_z5U-8HDhEDK4TKSN3COOLA",
          "name": "parameter2",
          "type": null,
          "probability": 1,
          "modifiers": [],
          "to_variable": {
            "key": "_HfQcwW2tEDKWMJtalo6Vjw",
            "name": "parameter2",
            "type": null,
            "modifiers": [],
            "position": {}
          },
          "position": {}
        },
        "_z6s38HDhEDK4TKSN3COOLA": {
          "key": "_z6s38HDhEDK4TKSN3COOLA",
          "name": "parameter3",
          "type": null,
          "probability": 1,
          "modifiers": [],
          "to_variable": {
            "key": "_HfQcwm2tEDKWMJtalo6Vjw",
            "name": "parameter3",
            "type": null,
            "modifiers": [],
            "position": {}
          },
          "position": {}
        },
        "_z76_8HDhEDK4TKSN3COOLA": {
          "key": "_z76_8HDhEDK4TKSN3COOLA",
          "name": "parameter4",
          "type": null,
          "probability": 1,
          "modifiers": [],
          "to_variable": {
            "key": "_IUZ8EG2tEDKWMJtalo6Vjw",
            "name": "parameter4",
            "type": null,
            "modifiers": [],
            "position": {}
          },
          "position": {}
        }
      }
    },
    "parameters_to_parameters_data_clump-./Product-_HqD-gXDiEDK4TKSN3COOLA-_K4RfkXDlEDK4TKSN3COOLA-parameterparameter2parameter3": {
      "type": "data_clump",
      "key": "parameters_to_parameters_data_clump-./Product-_HqD-gXDiEDK4TKSN3COOLA-_K4RfkXDlEDK4TKSN3COOLA-parameterparameter2parameter3",
      "probability": 1,
      "from_file_path": "./Product",
      "from_class_or_interface_name": "Product",
      "from_class_or_interface_key": "_wmmU4G2qEDKVutJScfsaQw",
      "from_method_name": "Product",
      "from_method_key": "_HqD-gXDiEDK4TKSN3COOLA",
      "to_file_path": "./Auth",
      "to_class_or_interface_name": "Auth",
      "to_class_or_interface_key": "_GLSzEHDlEDK4TKSN3COOLA",
      "to_method_name": "Register",
      "to_method_key": "_K4RfkXDlEDK4TKSN3COOLA",
      "data_clump_type": "parameters_to_parameters_data_clump",
      "data_clump_data": {
        "_Kq9jsHDiEDK4TKSN3COOLA": {
          "key": "_Kq9jsHDiEDK4TKSN3COOLA",
          "name": "parameter",
          "type": null,
          "probability": 1,
          "modifiers": [],
          "to_variable": {
            "key": "_Rz0VYHDlEDK4TKSN3COOLA",
            "name": "parameter",
            "type": null,
            "modifiers": [],
            "position": {}
          },
          "position": {}
        },
        "_KsVcsHDiEDK4TKSN3COOLA": {
          "key": "_KsVcsHDiEDK4TKSN3COOLA",
          "name": "parameter2",
          "type": null,
          "probability": 1,
          "modifiers": [],
          "to_variable": {
            "key": "_R1Gu0HDlEDK4TKSN3COOLA",
            "name": "parameter2",
            "type": null,
            "modifiers": [],
            "position": {}
          },
          "position": {}
        },
        "_KyOpUHDiEDK4TKSN3COOLA": {
          "key": "_KyOpUHDiEDK4TKSN3COOLA",
          "name": "parameter3",
          "type": null,
          "probability": 1,
          "modifiers": [],
          "to_variable": {
            "key": "_R2XTEHDlEDK4TKSN3COOLA",
            "name": "parameter3",
            "type": null,
            "modifiers": [],
            "position": {}
          },
          "position": {}
        }
      }
    },
    "parameters_to_parameters_data_clump-./Product-_HqD-gXDiEDK4TKSN3COOLA-_Lk8YUXDlEDK4TKSN3COOLA-parameterparameter2parameter3": {
      "type": "data_clump",
      "key": "parameters_to_parameters_data_clump-./Product-_HqD-gXDiEDK4TKSN3COOLA-_Lk8YUXDlEDK4TKSN3COOLA-parameterparameter2parameter3",
      "probability": 1,
      "from_file_path": "./Product",
      "from_class_or_interface_name": "Product",
      "from_class_or_interface_key": "_wmmU4G2qEDKVutJScfsaQw",
      "from_method_name": "Product",
      "from_method_key": "_HqD-gXDiEDK4TKSN3COOLA",
      "to_file_path": "./Auth",
      "to_class_or_interface_name": "Auth",
      "to_class_or_interface_key": "_GLSzEHDlEDK4TKSN3COOLA",
      "to_method_name": "Update",
      "to_method_key": "_Lk8YUXDlEDK4TKSN3COOLA",
      "data_clump_type": "parameters_to_parameters_data_clump",
      "data_clump_data": {
        "_Kq9jsHDiEDK4TKSN3COOLA": {
          "key": "_Kq9jsHDiEDK4TKSN3COOLA",
          "name": "parameter",
          "type": null,
          "probability": 1,
          "modifiers": [],
          "to_variable": {
            "key": "_VPM3IHDlEDK4TKSN3COOLA",
            "name": "parameter",
            "type": null,
            "modifiers": [],
            "position": {}
          },
          "position": {}
        },
        "_KsVcsHDiEDK4TKSN3COOLA": {
          "key": "_KsVcsHDiEDK4TKSN3COOLA",
          "name": "parameter2",
          "type": null,
          "probability": 1,
          "modifiers": [],
          "to_variable": {
            "key": "_VQlXMHDlEDK4TKSN3COOLA",
            "name": "parameter2",
            "type": null,
            "modifiers": [],
            "position": {}
          },
          "position": {}
        },
        "_KyOpUHDiEDK4TKSN3COOLA": {
          "key": "_KyOpUHDiEDK4TKSN3COOLA",
          "name": "parameter3",
          "type": null,
          "probability": 1,
          "modifiers": [],
          "to_variable": {
            "key": "_VR9QMHDlEDK4TKSN3COOLA",
            "name": "parameter3",
            "type": null,
            "modifiers": [],
            "position": {}
          },
          "position": {}
        }
      }
    },
    "parameters_to_parameters_data_clump-./Product-_HqD-gXDiEDK4TKSN3COOLA-_yZu0cXDhEDK4TKSN3COOLA-parameterparameter2parameter3": {
      "type": "data_clump",
      "key": "parameters_to_parameters_data_clump-./Product-_HqD-gXDiEDK4TKSN3COOLA-_yZu0cXDhEDK4TKSN3COOLA-parameterparameter2parameter3",
      "probability": 1,
      "from_file_path": "./Product",
      "from_class_or_interface_name": "Product",
      "from_class_or_interface_key": "_wmmU4G2qEDKVutJScfsaQw",
      "from_method_name": "Product",
      "from_method_key": "_HqD-gXDiEDK4TKSN3COOLA",
      "to_file_path": "./News",
      "to_class_or_interface_name": "News",
      "to_class_or_interface_key": "_2XIwIG2qEDKVutJScfsaQw",
      "to_method_name": "News",
      "to_method_key": "_yZu0cXDhEDK4TKSN3COOLA",
      "data_clump_type": "parameters_to_parameters_data_clump",
      "data_clump_data": {
        "_Kq9jsHDiEDK4TKSN3COOLA": {
          "key": "_Kq9jsHDiEDK4TKSN3COOLA",
          "name": "parameter",
          "type": null,
          "probability": 1,
          "modifiers": [],
          "to_variable": {
            "key": "_z37QwHDhEDK4TKSN3COOLA",
            "name": "parameter",
            "type": null,
            "modifiers": [],
            "position": {}
          },
          "position": {}
        },
        "_KsVcsHDiEDK4TKSN3COOLA": {
          "key": "_KsVcsHDiEDK4TKSN3COOLA",
          "name": "parameter2",
          "type": null,
          "probability": 1,
          "modifiers": [],
          "to_variable": {
            "key": "_z5U-8HDhEDK4TKSN3COOLA",
            "name": "parameter2",
            "type": null,
            "modifiers": [],
            "position": {}
          },
          "position": {}
        },
        "_KyOpUHDiEDK4TKSN3COOLA": {
          "key": "_KyOpUHDiEDK4TKSN3COOLA",
          "name": "parameter3",
          "type": null,
          "probability": 1,
          "modifiers": [],
          "to_variable": {
            "key": "_z6s38HDhEDK4TKSN3COOLA",
            "name": "parameter3",
            "type": null,
            "modifiers": [],
            "position": {}
          },
          "position": {}
        }
      }
    },
    "parameters_to_parameters_data_clump-./Product-_HqD-gXDiEDK4TKSN3COOLA-_wlAckXDjEDK4TKSN3COOLA-parameterparameter2parameter3": {
      "type": "data_clump",
      "key": "parameters_to_parameters_data_clump-./Product-_HqD-gXDiEDK4TKSN3COOLA-_wlAckXDjEDK4TKSN3COOLA-parameterparameter2parameter3",
      "probability": 1,
      "from_file_path": "./Product",
      "from_class_or_interface_name": "Product",
      "from_class_or_interface_key": "_wmmU4G2qEDKVutJScfsaQw",
      "from_method_name": "Product",
      "from_method_key": "_HqD-gXDiEDK4TKSN3COOLA",
      "to_file_path": "./Review",
      "to_class_or_interface_name": "Review",
      "to_class_or_interface_key": "_xlbUoG2qEDKVutJScfsaQw",
      "to_method_name": "Review",
      "to_method_key": "_wlAckXDjEDK4TKSN3COOLA",
      "data_clump_type": "parameters_to_parameters_data_clump",
      "data_clump_data": {
        "_Kq9jsHDiEDK4TKSN3COOLA": {
          "key": "_Kq9jsHDiEDK4TKSN3COOLA",
          "name": "parameter",
          "type": null,
          "probability": 1,
          "modifiers": [],
          "to_variable": {
            "key": "_J7-E0HDkEDK4TKSN3COOLA",
            "name": "parameter",
            "type": null,
            "modifiers": [],
            "position": {}
          },
          "position": {}
        },
        "_KsVcsHDiEDK4TKSN3COOLA": {
          "key": "_KsVcsHDiEDK4TKSN3COOLA",
          "name": "parameter2",
          "type": null,
          "probability": 1,
          "modifiers": [],
          "to_variable": {
            "key": "_KqW00HDkEDK4TKSN3COOLA",
            "name": "parameter2",
            "type": null,
            "modifiers": [],
            "position": {}
          },
          "position": {}
        },
        "_KyOpUHDiEDK4TKSN3COOLA": {
          "key": "_KyOpUHDiEDK4TKSN3COOLA",
          "name": "parameter3",
          "type": null,
          "probability": 1,
          "modifiers": [],
          "to_variable": {
            "key": "_KuML8HDkEDK4TKSN3COOLA",
            "name": "parameter3",
            "type": null,
            "modifiers": [],
            "position": {}
          },
          "position": {}
        }
      }
    },
    "parameters_to_parameters_data_clump-./Product-_HqD-gXDiEDK4TKSN3COOLA-_HfP1sG2tEDKWMJtalo6Vjw-parameterparameter2parameter3": {
      "type": "data_clump",
      "key": "parameters_to_parameters_data_clump-./Product-_HqD-gXDiEDK4TKSN3COOLA-_HfP1sG2tEDKWMJtalo6Vjw-parameterparameter2parameter3",
      "probability": 1,
      "from_file_path": "./Product",
      "from_class_or_interface_name": "Product",
      "from_class_or_interface_key": "_wmmU4G2qEDKVutJScfsaQw",
      "from_method_name": "Product",
      "from_method_key": "_HqD-gXDiEDK4TKSN3COOLA",
      "to_file_path": "./User",
      "to_class_or_interface_name": "User",
      "to_class_or_interface_key": "_v7Hu8G2qEDKVutJScfsaQw",
      "to_method_name": "User",
      "to_method_key": "_HfP1sG2tEDKWMJtalo6Vjw",
      "data_clump_type": "parameters_to_parameters_data_clump",
      "data_clump_data": {
        "_Kq9jsHDiEDK4TKSN3COOLA": {
          "key": "_Kq9jsHDiEDK4TKSN3COOLA",
          "name": "parameter",
          "type": null,
          "probability": 1,
          "modifiers": [],
          "to_variable": {
            "key": "_HfQcwG2tEDKWMJtalo6Vjw",
            "name": "parameter",
            "type": null,
            "modifiers": [],
            "position": {}
          },
          "position": {}
        },
        "_KsVcsHDiEDK4TKSN3COOLA": {
          "key": "_KsVcsHDiEDK4TKSN3COOLA",
          "name": "parameter2",
          "type": null,
          "probability": 1,
          "modifiers": [],
          "to_variable": {
            "key": "_HfQcwW2tEDKWMJtalo6Vjw",
            "name": "parameter2",
            "type": null,
            "modifiers": [],
            "position": {}
          },
          "position": {}
        },
        "_KyOpUHDiEDK4TKSN3COOLA": {
          "key": "_KyOpUHDiEDK4TKSN3COOLA",
          "name": "parameter3",
          "type": null,
          "probability": 1,
          "modifiers": [],
          "to_variable": {
            "key": "_HfQcwm2tEDKWMJtalo6Vjw",
            "name": "parameter3",
            "type": null,
            "modifiers": [],
            "position": {}
          },
          "position": {}
        }
      }
    },
    "parameters_to_parameters_data_clump-./Review-_wlAckXDjEDK4TKSN3COOLA-_K4RfkXDlEDK4TKSN3COOLA-parameterparameter2parameter3parameter4": {
      "type": "data_clump",
      "key": "parameters_to_parameters_data_clump-./Review-_wlAckXDjEDK4TKSN3COOLA-_K4RfkXDlEDK4TKSN3COOLA-parameterparameter2parameter3parameter4",
      "probability": 1,
      "from_file_path": "./Review",
      "from_class_or_interface_name": "Review",
      "from_class_or_interface_key": "_xlbUoG2qEDKVutJScfsaQw",
      "from_method_name": "Review",
      "from_method_key": "_wlAckXDjEDK4TKSN3COOLA",
      "to_file_path": "./Auth",
      "to_class_or_interface_name": "Auth",
      "to_class_or_interface_key": "_GLSzEHDlEDK4TKSN3COOLA",
      "to_method_name": "Register",
      "to_method_key": "_K4RfkXDlEDK4TKSN3COOLA",
      "data_clump_type": "parameters_to_parameters_data_clump",
      "data_clump_data": {
        "_J7-E0HDkEDK4TKSN3COOLA": {
          "key": "_J7-E0HDkEDK4TKSN3COOLA",
          "name": "parameter",
          "type": null,
          "probability": 1,
          "modifiers": [],
          "to_variable": {
            "key": "_Rz0VYHDlEDK4TKSN3COOLA",
            "name": "parameter",
            "type": null,
            "modifiers": [],
            "position": {}
          },
          "position": {}
        },
        "_KqW00HDkEDK4TKSN3COOLA": {
          "key": "_KqW00HDkEDK4TKSN3COOLA",
          "name": "parameter2",
          "type": null,
          "probability": 1,
          "modifiers": [],
          "to_variable": {
            "key": "_R1Gu0HDlEDK4TKSN3COOLA",
            "name": "parameter2",
            "type": null,
            "modifiers": [],
            "position": {}
          },
          "position": {}
        },
        "_KuML8HDkEDK4TKSN3COOLA": {
          "key": "_KuML8HDkEDK4TKSN3COOLA",
          "name": "parameter3",
          "type": null,
          "probability": 1,
          "modifiers": [],
          "to_variable": {
            "key": "_R2XTEHDlEDK4TKSN3COOLA",
            "name": "parameter3",
            "type": null,
            "modifiers": [],
            "position": {}
          },
          "position": {}
        },
        "_KzosoHDkEDK4TKSN3COOLA": {
          "key": "_KzosoHDkEDK4TKSN3COOLA",
          "name": "parameter4",
          "type": null,
          "probability": 1,
          "modifiers": [],
          "to_variable": {
            "key": "_R910EHDlEDK4TKSN3COOLA",
            "name": "parameter4",
            "type": null,
            "modifiers": [],
            "position": {}
          },
          "position": {}
        }
      }
    },
    "parameters_to_parameters_data_clump-./Review-_wlAckXDjEDK4TKSN3COOLA-_Lk8YUXDlEDK4TKSN3COOLA-parameterparameter2parameter3parameter4parameter5": {
      "type": "data_clump",
      "key": "parameters_to_parameters_data_clump-./Review-_wlAckXDjEDK4TKSN3COOLA-_Lk8YUXDlEDK4TKSN3COOLA-parameterparameter2parameter3parameter4parameter5",
      "probability": 1,
      "from_file_path": "./Review",
      "from_class_or_interface_name": "Review",
      "from_class_or_interface_key": "_xlbUoG2qEDKVutJScfsaQw",
      "from_method_name": "Review",
      "from_method_key": "_wlAckXDjEDK4TKSN3COOLA",
      "to_file_path": "./Auth",
      "to_class_or_interface_name": "Auth",
      "to_class_or_interface_key": "_GLSzEHDlEDK4TKSN3COOLA",
      "to_method_name": "Update",
      "to_method_key": "_Lk8YUXDlEDK4TKSN3COOLA",
      "data_clump_type": "parameters_to_parameters_data_clump",
      "data_clump_data": {
        "_J7-E0HDkEDK4TKSN3COOLA": {
          "key": "_J7-E0HDkEDK4TKSN3COOLA",
          "name": "parameter",
          "type": null,
          "probability": 1,
          "modifiers": [],
          "to_variable": {
            "key": "_VPM3IHDlEDK4TKSN3COOLA",
            "name": "parameter",
            "type": null,
            "modifiers": [],
            "position": {}
          },
          "position": {}
        },
        "_KqW00HDkEDK4TKSN3COOLA": {
          "key": "_KqW00HDkEDK4TKSN3COOLA",
          "name": "parameter2",
          "type": null,
          "probability": 1,
          "modifiers": [],
          "to_variable": {
            "key": "_VQlXMHDlEDK4TKSN3COOLA",
            "name": "parameter2",
            "type": null,
            "modifiers": [],
            "position": {}
          },
          "position": {}
        },
        "_KuML8HDkEDK4TKSN3COOLA": {
          "key": "_KuML8HDkEDK4TKSN3COOLA",
          "name": "parameter3",
          "type": null,
          "probability": 1,
          "modifiers": [],
          "to_variable": {
            "key": "_VR9QMHDlEDK4TKSN3COOLA",
            "name": "parameter3",
            "type": null,
            "modifiers": [],
            "position": {}
          },
          "position": {}
        },
        "_KzosoHDkEDK4TKSN3COOLA": {
          "key": "_KzosoHDkEDK4TKSN3COOLA",
          "name": "parameter4",
          "type": null,
          "probability": 1,
          "modifiers": [],
          "to_variable": {
            "key": "_VaoEAHDlEDK4TKSN3COOLA",
            "name": "parameter4",
            "type": null,
            "modifiers": [],
            "position": {}
          },
          "position": {}
        },
        "_K3_BIHDkEDK4TKSN3COOLA": {
          "key": "_K3_BIHDkEDK4TKSN3COOLA",
          "name": "parameter5",
          "type": null,
          "probability": 1,
          "modifiers": [],
          "to_variable": {
            "key": "_Vc1qgHDlEDK4TKSN3COOLA",
            "name": "parameter5",
            "type": null,
            "modifiers": [],
            "position": {}
          },
          "position": {}
        }
      }
    },
    "parameters_to_parameters_data_clump-./Review-_wlAckXDjEDK4TKSN3COOLA-_yZu0cXDhEDK4TKSN3COOLA-parameterparameter2parameter3parameter4": {
      "type": "data_clump",
      "key": "parameters_to_parameters_data_clump-./Review-_wlAckXDjEDK4TKSN3COOLA-_yZu0cXDhEDK4TKSN3COOLA-parameterparameter2parameter3parameter4",
      "probability": 1,
      "from_file_path": "./Review",
      "from_class_or_interface_name": "Review",
      "from_class_or_interface_key": "_xlbUoG2qEDKVutJScfsaQw",
      "from_method_name": "Review",
      "from_method_key": "_wlAckXDjEDK4TKSN3COOLA",
      "to_file_path": "./News",
      "to_class_or_interface_name": "News",
      "to_class_or_interface_key": "_2XIwIG2qEDKVutJScfsaQw",
      "to_method_name": "News",
      "to_method_key": "_yZu0cXDhEDK4TKSN3COOLA",
      "data_clump_type": "parameters_to_parameters_data_clump",
      "data_clump_data": {
        "_J7-E0HDkEDK4TKSN3COOLA": {
          "key": "_J7-E0HDkEDK4TKSN3COOLA",
          "name": "parameter",
          "type": null,
          "probability": 1,
          "modifiers": [],
          "to_variable": {
            "key": "_z37QwHDhEDK4TKSN3COOLA",
            "name": "parameter",
            "type": null,
            "modifiers": [],
            "position": {}
          },
          "position": {}
        },
        "_KqW00HDkEDK4TKSN3COOLA": {
          "key": "_KqW00HDkEDK4TKSN3COOLA",
          "name": "parameter2",
          "type": null,
          "probability": 1,
          "modifiers": [],
          "to_variable": {
            "key": "_z5U-8HDhEDK4TKSN3COOLA",
            "name": "parameter2",
            "type": null,
            "modifiers": [],
            "position": {}
          },
          "position": {}
        },
        "_KuML8HDkEDK4TKSN3COOLA": {
          "key": "_KuML8HDkEDK4TKSN3COOLA",
          "name": "parameter3",
          "type": null,
          "probability": 1,
          "modifiers": [],
          "to_variable": {
            "key": "_z6s38HDhEDK4TKSN3COOLA",
            "name": "parameter3",
            "type": null,
            "modifiers": [],
            "position": {}
          },
          "position": {}
        },
        "_KzosoHDkEDK4TKSN3COOLA": {
          "key": "_KzosoHDkEDK4TKSN3COOLA",
          "name": "parameter4",
          "type": null,
          "probability": 1,
          "modifiers": [],
          "to_variable": {
            "key": "_z76_8HDhEDK4TKSN3COOLA",
            "name": "parameter4",
            "type": null,
            "modifiers": [],
            "position": {}
          },
          "position": {}
        }
      }
    },
    "parameters_to_parameters_data_clump-./Review-_wlAckXDjEDK4TKSN3COOLA-_HqD-gXDiEDK4TKSN3COOLA-parameterparameter2parameter3": {
      "type": "data_clump",
      "key": "parameters_to_parameters_data_clump-./Review-_wlAckXDjEDK4TKSN3COOLA-_HqD-gXDiEDK4TKSN3COOLA-parameterparameter2parameter3",
      "probability": 1,
      "from_file_path": "./Review",
      "from_class_or_interface_name": "Review",
      "from_class_or_interface_key": "_xlbUoG2qEDKVutJScfsaQw",
      "from_method_name": "Review",
      "from_method_key": "_wlAckXDjEDK4TKSN3COOLA",
      "to_file_path": "./Product",
      "to_class_or_interface_name": "Product",
      "to_class_or_interface_key": "_wmmU4G2qEDKVutJScfsaQw",
      "to_method_name": "Product",
      "to_method_key": "_HqD-gXDiEDK4TKSN3COOLA",
      "data_clump_type": "parameters_to_parameters_data_clump",
      "data_clump_data": {
        "_J7-E0HDkEDK4TKSN3COOLA": {
          "key": "_J7-E0HDkEDK4TKSN3COOLA",
          "name": "parameter",
          "type": null,
          "probability": 1,
          "modifiers": [],
          "to_variable": {
            "key": "_Kq9jsHDiEDK4TKSN3COOLA",
            "name": "parameter",
            "type": null,
            "modifiers": [],
            "position": {}
          },
          "position": {}
        },
        "_KqW00HDkEDK4TKSN3COOLA": {
          "key": "_KqW00HDkEDK4TKSN3COOLA",
          "name": "parameter2",
          "type": null,
          "probability": 1,
          "modifiers": [],
          "to_variable": {
            "key": "_KsVcsHDiEDK4TKSN3COOLA",
            "name": "parameter2",
            "type": null,
            "modifiers": [],
            "position": {}
          },
          "position": {}
        },
        "_KuML8HDkEDK4TKSN3COOLA": {
          "key": "_KuML8HDkEDK4TKSN3COOLA",
          "name": "parameter3",
          "type": null,
          "probability": 1,
          "modifiers": [],
          "to_variable": {
            "key": "_KyOpUHDiEDK4TKSN3COOLA",
            "name": "parameter3",
            "type": null,
            "modifiers": [],
            "position": {}
          },
          "position": {}
        }
      }
    },
    "parameters_to_parameters_data_clump-./Review-_wlAckXDjEDK4TKSN3COOLA-_HfP1sG2tEDKWMJtalo6Vjw-parameterparameter2parameter3parameter4": {
      "type": "data_clump",
      "key": "parameters_to_parameters_data_clump-./Review-_wlAckXDjEDK4TKSN3COOLA-_HfP1sG2tEDKWMJtalo6Vjw-parameterparameter2parameter3parameter4",
      "probability": 1,
      "from_file_path": "./Review",
      "from_class_or_interface_name": "Review",
      "from_class_or_interface_key": "_xlbUoG2qEDKVutJScfsaQw",
      "from_method_name": "Review",
      "from_method_key": "_wlAckXDjEDK4TKSN3COOLA",
      "to_file_path": "./User",
      "to_class_or_interface_name": "User",
      "to_class_or_interface_key": "_v7Hu8G2qEDKVutJScfsaQw",
      "to_method_name": "User",
      "to_method_key": "_HfP1sG2tEDKWMJtalo6Vjw",
      "data_clump_type": "parameters_to_parameters_data_clump",
      "data_clump_data": {
        "_J7-E0HDkEDK4TKSN3COOLA": {
          "key": "_J7-E0HDkEDK4TKSN3COOLA",
          "name": "parameter",
          "type": null,
          "probability": 1,
          "modifiers": [],
          "to_variable": {
            "key": "_HfQcwG2tEDKWMJtalo6Vjw",
            "name": "parameter",
            "type": null,
            "modifiers": [],
            "position": {}
          },
          "position": {}
        },
        "_KqW00HDkEDK4TKSN3COOLA": {
          "key": "_KqW00HDkEDK4TKSN3COOLA",
          "name": "parameter2",
          "type": null,
          "probability": 1,
          "modifiers": [],
          "to_variable": {
            "key": "_HfQcwW2tEDKWMJtalo6Vjw",
            "name": "parameter2",
            "type": null,
            "modifiers": [],
            "position": {}
          },
          "position": {}
        },
        "_KuML8HDkEDK4TKSN3COOLA": {
          "key": "_KuML8HDkEDK4TKSN3COOLA",
          "name": "parameter3",
          "type": null,
          "probability": 1,
          "modifiers": [],
          "to_variable": {
            "key": "_HfQcwm2tEDKWMJtalo6Vjw",
            "name": "parameter3",
            "type": null,
            "modifiers": [],
            "position": {}
          },
          "position": {}
        },
        "_KzosoHDkEDK4TKSN3COOLA": {
          "key": "_KzosoHDkEDK4TKSN3COOLA",
          "name": "parameter4",
          "type": null,
          "probability": 1,
          "modifiers": [],
          "to_variable": {
            "key": "_IUZ8EG2tEDKWMJtalo6Vjw",
            "name": "parameter4",
            "type": null,
            "modifiers": [],
            "position": {}
          },
          "position": {}
        }
      }
    },
    "parameters_to_parameters_data_clump-./User-_HfP1sG2tEDKWMJtalo6Vjw-_K4RfkXDlEDK4TKSN3COOLA-parameterparameter2parameter3parameter4": {
      "type": "data_clump",
      "key": "parameters_to_parameters_data_clump-./User-_HfP1sG2tEDKWMJtalo6Vjw-_K4RfkXDlEDK4TKSN3COOLA-parameterparameter2parameter3parameter4",
      "probability": 1,
      "from_file_path": "./User",
      "from_class_or_interface_name": "User",
      "from_class_or_interface_key": "_v7Hu8G2qEDKVutJScfsaQw",
      "from_method_name": "User",
      "from_method_key": "_HfP1sG2tEDKWMJtalo6Vjw",
      "to_file_path": "./Auth",
      "to_class_or_interface_name": "Auth",
      "to_class_or_interface_key": "_GLSzEHDlEDK4TKSN3COOLA",
      "to_method_name": "Register",
      "to_method_key": "_K4RfkXDlEDK4TKSN3COOLA",
      "data_clump_type": "parameters_to_parameters_data_clump",
      "data_clump_data": {
        "_HfQcwG2tEDKWMJtalo6Vjw": {
          "key": "_HfQcwG2tEDKWMJtalo6Vjw",
          "name": "parameter",
          "type": null,
          "probability": 1,
          "modifiers": [],
          "to_variable": {
            "key": "_Rz0VYHDlEDK4TKSN3COOLA",
            "name": "parameter",
            "type": null,
            "modifiers": [],
            "position": {}
          },
          "position": {}
        },
        "_HfQcwW2tEDKWMJtalo6Vjw": {
          "key": "_HfQcwW2tEDKWMJtalo6Vjw",
          "name": "parameter2",
          "type": null,
          "probability": 1,
          "modifiers": [],
          "to_variable": {
            "key": "_R1Gu0HDlEDK4TKSN3COOLA",
            "name": "parameter2",
            "type": null,
            "modifiers": [],
            "position": {}
          },
          "position": {}
        },
        "_HfQcwm2tEDKWMJtalo6Vjw": {
          "key": "_HfQcwm2tEDKWMJtalo6Vjw",
          "name": "parameter3",
          "type": null,
          "probability": 1,
          "modifiers": [],
          "to_variable": {
            "key": "_R2XTEHDlEDK4TKSN3COOLA",
            "name": "parameter3",
            "type": null,
            "modifiers": [],
            "position": {}
          },
          "position": {}
        },
        "_IUZ8EG2tEDKWMJtalo6Vjw": {
          "key": "_IUZ8EG2tEDKWMJtalo6Vjw",
          "name": "parameter4",
          "type": null,
          "probability": 1,
          "modifiers": [],
          "to_variable": {
            "key": "_R910EHDlEDK4TKSN3COOLA",
            "name": "parameter4",
            "type": null,
            "modifiers": [],
            "position": {}
          },
          "position": {}
        }
      }
    },
    "parameters_to_parameters_data_clump-./User-_HfP1sG2tEDKWMJtalo6Vjw-_Lk8YUXDlEDK4TKSN3COOLA-parameterparameter2parameter3parameter4": {
      "type": "data_clump",
      "key": "parameters_to_parameters_data_clump-./User-_HfP1sG2tEDKWMJtalo6Vjw-_Lk8YUXDlEDK4TKSN3COOLA-parameterparameter2parameter3parameter4",
      "probability": 1,
      "from_file_path": "./User",
      "from_class_or_interface_name": "User",
      "from_class_or_interface_key": "_v7Hu8G2qEDKVutJScfsaQw",
      "from_method_name": "User",
      "from_method_key": "_HfP1sG2tEDKWMJtalo6Vjw",
      "to_file_path": "./Auth",
      "to_class_or_interface_name": "Auth",
      "to_class_or_interface_key": "_GLSzEHDlEDK4TKSN3COOLA",
      "to_method_name": "Update",
      "to_method_key": "_Lk8YUXDlEDK4TKSN3COOLA",
      "data_clump_type": "parameters_to_parameters_data_clump",
      "data_clump_data": {
        "_HfQcwG2tEDKWMJtalo6Vjw": {
          "key": "_HfQcwG2tEDKWMJtalo6Vjw",
          "name": "parameter",
          "type": null,
          "probability": 1,
          "modifiers": [],
          "to_variable": {
            "key": "_VPM3IHDlEDK4TKSN3COOLA",
            "name": "parameter",
            "type": null,
            "modifiers": [],
            "position": {}
          },
          "position": {}
        },
        "_HfQcwW2tEDKWMJtalo6Vjw": {
          "key": "_HfQcwW2tEDKWMJtalo6Vjw",
          "name": "parameter2",
          "type": null,
          "probability": 1,
          "modifiers": [],
          "to_variable": {
            "key": "_VQlXMHDlEDK4TKSN3COOLA",
            "name": "parameter2",
            "type": null,
            "modifiers": [],
            "position": {}
          },
          "position": {}
        },
        "_HfQcwm2tEDKWMJtalo6Vjw": {
          "key": "_HfQcwm2tEDKWMJtalo6Vjw",
          "name": "parameter3",
          "type": null,
          "probability": 1,
          "modifiers": [],
          "to_variable": {
            "key": "_VR9QMHDlEDK4TKSN3COOLA",
            "name": "parameter3",
            "type": null,
            "modifiers": [],
            "position": {}
          },
          "position": {}
        },
        "_IUZ8EG2tEDKWMJtalo6Vjw": {
          "key": "_IUZ8EG2tEDKWMJtalo6Vjw",
          "name": "parameter4",
          "type": null,
          "probability": 1,
          "modifiers": [],
          "to_variable": {
            "key": "_VaoEAHDlEDK4TKSN3COOLA",
            "name": "parameter4",
            "type": null,
            "modifiers": [],
            "position": {}
          },
          "position": {}
        }
      }
    },
    "parameters_to_parameters_data_clump-./User-_HfP1sG2tEDKWMJtalo6Vjw-_yZu0cXDhEDK4TKSN3COOLA-parameterparameter2parameter3parameter4": {
      "type": "data_clump",
      "key": "parameters_to_parameters_data_clump-./User-_HfP1sG2tEDKWMJtalo6Vjw-_yZu0cXDhEDK4TKSN3COOLA-parameterparameter2parameter3parameter4",
      "probability": 1,
      "from_file_path": "./User",
      "from_class_or_interface_name": "User",
      "from_class_or_interface_key": "_v7Hu8G2qEDKVutJScfsaQw",
      "from_method_name": "User",
      "from_method_key": "_HfP1sG2tEDKWMJtalo6Vjw",
      "to_file_path": "./News",
      "to_class_or_interface_name": "News",
      "to_class_or_interface_key": "_2XIwIG2qEDKVutJScfsaQw",
      "to_method_name": "News",
      "to_method_key": "_yZu0cXDhEDK4TKSN3COOLA",
      "data_clump_type": "parameters_to_parameters_data_clump",
      "data_clump_data": {
        "_HfQcwG2tEDKWMJtalo6Vjw": {
          "key": "_HfQcwG2tEDKWMJtalo6Vjw",
          "name": "parameter",
          "type": null,
          "probability": 1,
          "modifiers": [],
          "to_variable": {
            "key": "_z37QwHDhEDK4TKSN3COOLA",
            "name": "parameter",
            "type": null,
            "modifiers": [],
            "position": {}
          },
          "position": {}
        },
        "_HfQcwW2tEDKWMJtalo6Vjw": {
          "key": "_HfQcwW2tEDKWMJtalo6Vjw",
          "name": "parameter2",
          "type": null,
          "probability": 1,
          "modifiers": [],
          "to_variable": {
            "key": "_z5U-8HDhEDK4TKSN3COOLA",
            "name": "parameter2",
            "type": null,
            "modifiers": [],
            "position": {}
          },
          "position": {}
        },
        "_HfQcwm2tEDKWMJtalo6Vjw": {
          "key": "_HfQcwm2tEDKWMJtalo6Vjw",
          "name": "parameter3",
          "type": null,
          "probability": 1,
          "modifiers": [],
          "to_variable": {
            "key": "_z6s38HDhEDK4TKSN3COOLA",
            "name": "parameter3",
            "type": null,
            "modifiers": [],
            "position": {}
          },
          "position": {}
        },
        "_IUZ8EG2tEDKWMJtalo6Vjw": {
          "key": "_IUZ8EG2tEDKWMJtalo6Vjw",
          "name": "parameter4",
          "type": null,
          "probability": 1,
          "modifiers": [],
          "to_variable": {
            "key": "_z76_8HDhEDK4TKSN3COOLA",
            "name": "parameter4",
            "type": null,
            "modifiers": [],
            "position": {}
          },
          "position": {}
        }
      }
    },
    "parameters_to_parameters_data_clump-./User-_HfP1sG2tEDKWMJtalo6Vjw-_HqD-gXDiEDK4TKSN3COOLA-parameterparameter2parameter3": {
      "type": "data_clump",
      "key": "parameters_to_parameters_data_clump-./User-_HfP1sG2tEDKWMJtalo6Vjw-_HqD-gXDiEDK4TKSN3COOLA-parameterparameter2parameter3",
      "probability": 1,
      "from_file_path": "./User",
      "from_class_or_interface_name": "User",
      "from_class_or_interface_key": "_v7Hu8G2qEDKVutJScfsaQw",
      "from_method_name": "User",
      "from_method_key": "_HfP1sG2tEDKWMJtalo6Vjw",
      "to_file_path": "./Product",
      "to_class_or_interface_name": "Product",
      "to_class_or_interface_key": "_wmmU4G2qEDKVutJScfsaQw",
      "to_method_name": "Product",
      "to_method_key": "_HqD-gXDiEDK4TKSN3COOLA",
      "data_clump_type": "parameters_to_parameters_data_clump",
      "data_clump_data": {
        "_HfQcwG2tEDKWMJtalo6Vjw": {
          "key": "_HfQcwG2tEDKWMJtalo6Vjw",
          "name": "parameter",
          "type": null,
          "probability": 1,
          "modifiers": [],
          "to_variable": {
            "key": "_Kq9jsHDiEDK4TKSN3COOLA",
            "name": "parameter",
            "type": null,
            "modifiers": [],
            "position": {}
          },
          "position": {}
        },
        "_HfQcwW2tEDKWMJtalo6Vjw": {
          "key": "_HfQcwW2tEDKWMJtalo6Vjw",
          "name": "parameter2",
          "type": null,
          "probability": 1,
          "modifiers": [],
          "to_variable": {
            "key": "_KsVcsHDiEDK4TKSN3COOLA",
            "name": "parameter2",
            "type": null,
            "modifiers": [],
            "position": {}
          },
          "position": {}
        },
        "_HfQcwm2tEDKWMJtalo6Vjw": {
          "key": "_HfQcwm2tEDKWMJtalo6Vjw",
          "name": "parameter3",
          "type": null,
          "probability": 1,
          "modifiers": [],
          "to_variable": {
            "key": "_KyOpUHDiEDK4TKSN3COOLA",
            "name": "parameter3",
            "type": null,
            "modifiers": [],
            "position": {}
          },
          "position": {}
        }
      }
    },
    "parameters_to_parameters_data_clump-./User-_HfP1sG2tEDKWMJtalo6Vjw-_wlAckXDjEDK4TKSN3COOLA-parameterparameter2parameter3parameter4": {
      "type": "data_clump",
      "key": "parameters_to_parameters_data_clump-./User-_HfP1sG2tEDKWMJtalo6Vjw-_wlAckXDjEDK4TKSN3COOLA-parameterparameter2parameter3parameter4",
      "probability": 1,
      "from_file_path": "./User",
      "from_class_or_interface_name": "User",
      "from_class_or_interface_key": "_v7Hu8G2qEDKVutJScfsaQw",
      "from_method_name": "User",
      "from_method_key": "_HfP1sG2tEDKWMJtalo6Vjw",
      "to_file_path": "./Review",
      "to_class_or_interface_name": "Review",
      "to_class_or_interface_key": "_xlbUoG2qEDKVutJScfsaQw",
      "to_method_name": "Review",
      "to_method_key": "_wlAckXDjEDK4TKSN3COOLA",
      "data_clump_type": "parameters_to_parameters_data_clump",
      "data_clump_data": {
        "_HfQcwG2tEDKWMJtalo6Vjw": {
          "key": "_HfQcwG2tEDKWMJtalo6Vjw",
          "name": "parameter",
          "type": null,
          "probability": 1,
          "modifiers": [],
          "to_variable": {
            "key": "_J7-E0HDkEDK4TKSN3COOLA",
            "name": "parameter",
            "type": null,
            "modifiers": [],
            "position": {}
          },
          "position": {}
        },
        "_HfQcwW2tEDKWMJtalo6Vjw": {
          "key": "_HfQcwW2tEDKWMJtalo6Vjw",
          "name": "parameter2",
          "type": null,
          "probability": 1,
          "modifiers": [],
          "to_variable": {
            "key": "_KqW00HDkEDK4TKSN3COOLA",
            "name": "parameter2",
            "type": null,
            "modifiers": [],
            "position": {}
          },
          "position": {}
        },
        "_HfQcwm2tEDKWMJtalo6Vjw": {
          "key": "_HfQcwm2tEDKWMJtalo6Vjw",
          "name": "parameter3",
          "type": null,
          "probability": 1,
          "modifiers": [],
          "to_variable": {
            "key": "_KuML8HDkEDK4TKSN3COOLA",
            "name": "parameter3",
            "type": null,
            "modifiers": [],
            "position": {}
          },
          "position": {}
        },
        "_IUZ8EG2tEDKWMJtalo6Vjw": {
          "key": "_IUZ8EG2tEDKWMJtalo6Vjw",
          "name": "parameter4",
          "type": null,
          "probability": 1,
          "modifiers": [],
          "to_variable": {
            "key": "_KzosoHDkEDK4TKSN3COOLA",
            "name": "parameter4",
            "type": null,
            "modifiers": [],
            "position": {}
          },
          "position": {}
        }
      }
    }
  }
}