{
  "report_version": "unknown",
  "report_timestamp": "2025-03-26T21:40:07.784Z",
  "target_language": "java",
  "report_summary": {
    "additional": null,
    "amount_classes_or_interfaces_with_data_clumps": 1,
    "amount_files_with_data_clumps": 1,
    "amount_methods_with_data_clumps": 1,
    "fields_to_fields_data_clump": 0,
    "parameters_to_fields_data_clump": 1,
    "parameters_to_parameters_data_clump": 0,
    "amount_data_clumps": 1
  },
  "project_info": {
    "project_url": "unknown_project_url",
    "project_name": "_nmpfoFbeEeioG62n2D5JZQ",
    "project_version": "unknown_project_version",
    "project_commit_hash": "unknown",
    "project_tag": null,
    "project_commit_date": null,
    "additional": {},
    "number_of_files": 14,
    "number_of_classes_or_interfaces": 14,
    "number_of_methods": 31,
    "number_of_data_fields": 15,
    "number_of_method_parameters": 41
  },
  "detector": {
    "name": "data-clumps-doctor",
    "url": "https://github.com/NilsBaumgartner1994/data-clumps-doctor",
    "version": "0.1.100",
    "options": {
      "typeVariablesConsidered": false,
      "similarityModifierOfVariablesWithUnknownType": 0,
      "fieldsOfClassesWithUnknownHierarchyProbabilityModifier": 0,
      "sharedFieldsToFieldsAmountMinimum": 3,
      "analyseFieldsInClassesOrInterfacesInheritedFromSuperClassesOrInterfaces": false,
      "sharedParametersToParametersAmountMinimum": 3,
      "sharedParametersToFieldsAmountMinimum": 3,
      "methodsOfClassesOrInterfacesWithUnknownHierarchyProbabilityModifier": 0
    }
  },
  "data_clumps": {
    "parameters_to_fields_data_clump-./Joueur-_nzBHsVbeEeiVJJs4a53j_A-_nzAg-FbeEeiVJJs4a53j_A-xynom": {
      "type": "data_clump",
      "key": "parameters_to_fields_data_clump-./Joueur-_nzBHsVbeEeiVJJs4a53j_A-_nzAg-FbeEeiVJJs4a53j_A-xynom",
      "probability": 1,
      "from_file_path": "./Joueur",
      "from_class_or_interface_name": "Joueur",
      "from_class_or_interface_key": "_nzAg-FbeEeiVJJs4a53j_A",
      "from_method_name": "Joueur",
      "from_method_key": "_nzBHsVbeEeiVJJs4a53j_A",
      "to_file_path": "./Joueur",
      "to_class_or_interface_name": "Joueur",
      "to_class_or_interface_key": "_nzAg-FbeEeiVJJs4a53j_A",
      "to_method_name": null,
      "to_method_key": null,
      "data_clump_type": "parameters_to_fields_data_clump",
      "data_clump_data": {
        "_nzBHslbeEeiVJJs4a53j_A": {
          "key": "_nzBHslbeEeiVJJs4a53j_A",
          "name": "x",
          "type": null,
          "probability": 1,
          "modifiers": [],
          "to_variable": {
            "key": "_nzAg_FbeEeiVJJs4a53j_A",
            "name": "x",
            "type": null,
            "modifiers": [
              "private"
            ],
            "position": {}
          },
          "position": {}
        },
        "_nzBHtVbeEeiVJJs4a53j_A": {
          "key": "_nzBHtVbeEeiVJJs4a53j_A",
          "name": "y",
          "type": null,
          "probability": 1,
          "modifiers": [],
          "to_variable": {
            "key": "_nzAg_1beEeiVJJs4a53j_A",
            "name": "y",
            "type": null,
            "modifiers": [
              "private"
            ],
            "position": {}
          },
          "position": {}
        },
        "_nzBHuFbeEeiVJJs4a53j_A": {
          "key": "_nzBHuFbeEeiVJJs4a53j_A",
          "name": "nom",
          "type": null,
          "probability": 1,
          "modifiers": [],
          "to_variable": {
            "key": "_nzAg-VbeEeiVJJs4a53j_A",
            "name": "nom",
            "type": null,
            "modifiers": [
              "private"
            ],
            "position": {}
          },
          "position": {}
        }
      }
    }
  }
}