{
  "report_version": "unknown",
  "report_timestamp": "2025-03-26T23:06:49.703Z",
  "target_language": "java",
  "report_summary": {
    "additional": null,
    "amount_classes_or_interfaces_with_data_clumps": 2,
    "amount_files_with_data_clumps": 2,
    "amount_methods_with_data_clumps": 0,
    "fields_to_fields_data_clump": 2,
    "parameters_to_fields_data_clump": 0,
    "parameters_to_parameters_data_clump": 0,
    "amount_data_clumps": 2
  },
  "project_info": {
    "project_url": "unknown_project_url",
    "project_name": "1edb6518-23a5-4a00-b89e-08017637fc1d",
    "project_version": "unknown_project_version",
    "project_commit_hash": "unknown",
    "project_tag": null,
    "project_commit_date": null,
    "additional": {},
    "number_of_files": 8,
    "number_of_classes_or_interfaces": 8,
    "number_of_methods": 0,
    "number_of_data_fields": 42,
    "number_of_method_parameters": 0
  },
  "detector": {
    "name": "data-clumps-doctor",
    "url": "https://github.com/NilsBaumgartner1994/data-clumps-doctor",
    "version": "0.1.100",
    "options": {
      "typeVariablesConsidered": false,
      "similarityModifierOfVariablesWithUnknownType": 0,
      "fieldsOfClassesWithUnknownHierarchyProbabilityModifier": 0,
      "sharedFieldsToFieldsAmountMinimum": 3,
      "analyseFieldsInClassesOrInterfacesInheritedFromSuperClassesOrInterfaces": false,
      "sharedParametersToParametersAmountMinimum": 3,
      "sharedParametersToFieldsAmountMinimum": 3,
      "methodsOfClassesOrInterfacesWithUnknownHierarchyProbabilityModifier": 0
    }
  },
  "data_clumps": {
    "fields_to_fields_data_clump-./customer-_OPYOAFEXEDKLcYVpzCtU1g-_PkF6AFEeEDKl_sBux8SjoA-idfirstnamelastnamefullnamegenderemail_addresspassword": {
      "type": "data_clump",
      "key": "fields_to_fields_data_clump-./customer-_OPYOAFEXEDKLcYVpzCtU1g-_PkF6AFEeEDKl_sBux8SjoA-idfirstnamelastnamefullnamegenderemail_addresspassword",
      "probability": 1,
      "from_file_path": "./customer",
      "from_class_or_interface_name": "customer",
      "from_class_or_interface_key": "_OPYOAFEXEDKLcYVpzCtU1g",
      "from_method_name": null,
      "from_method_key": null,
      "to_file_path": "./user",
      "to_class_or_interface_key": "_PkF6AFEeEDKl_sBux8SjoA",
      "to_class_or_interface_name": "customer",
      "to_method_key": null,
      "to_method_name": null,
      "data_clump_type": "fields_to_fields_data_clump",
      "data_clump_data": {
        "_OPaqQFEXEDKLcYVpzCtU1g": {
          "key": "_OPaqQFEXEDKLcYVpzCtU1g",
          "name": "id",
          "type": null,
          "probability": 1,
          "modifiers": [],
          "to_variable": {
            "key": "_PkHvMFEeEDKl_sBux8SjoA",
            "name": "id",
            "type": null,
            "modifiers": [],
            "position": {}
          },
          "position": {}
        },
        "_OPbRUFEXEDKLcYVpzCtU1g": {
          "key": "_OPbRUFEXEDKLcYVpzCtU1g",
          "name": "firstname",
          "type": null,
          "probability": 1,
          "modifiers": [],
          "to_variable": {
            "key": "_PkHvMVEeEDKl_sBux8SjoA",
            "name": "firstname",
            "type": null,
            "modifiers": [],
            "position": {}
          },
          "position": {}
        },
        "_TKh5YFEXEDKLcYVpzCtU1g": {
          "key": "_TKh5YFEXEDKLcYVpzCtU1g",
          "name": "lastname",
          "type": null,
          "probability": 1,
          "modifiers": [],
          "to_variable": {
            "key": "_PkHvMlEeEDKl_sBux8SjoA",
            "name": "lastname",
            "type": null,
            "modifiers": [],
            "position": {}
          },
          "position": {}
        },
        "_TUrT4FEXEDKLcYVpzCtU1g": {
          "key": "_TUrT4FEXEDKLcYVpzCtU1g",
          "name": "fullname",
          "type": null,
          "probability": 1,
          "modifiers": [],
          "to_variable": {
            "key": "_PkHvM1EeEDKl_sBux8SjoA",
            "name": "fullname",
            "type": null,
            "modifiers": [],
            "position": {}
          },
          "position": {}
        },
        "_Ta8T8FEXEDKLcYVpzCtU1g": {
          "key": "_Ta8T8FEXEDKLcYVpzCtU1g",
          "name": "gender",
          "type": null,
          "probability": 1,
          "modifiers": [],
          "to_variable": {
            "key": "_PkHvNFEeEDKl_sBux8SjoA",
            "name": "gender",
            "type": null,
            "modifiers": [],
            "position": {}
          },
          "position": {}
        },
        "_s-plcFEcEDKl_sBux8SjoA": {
          "key": "_s-plcFEcEDKl_sBux8SjoA",
          "name": "email_address",
          "type": null,
          "probability": 1,
          "modifiers": [],
          "to_variable": {
            "key": "_PkIWQVEeEDKl_sBux8SjoA",
            "name": "email_address",
            "type": null,
            "modifiers": [],
            "position": {}
          },
          "position": {}
        },
        "_tEqt4FEcEDKl_sBux8SjoA": {
          "key": "_tEqt4FEcEDKl_sBux8SjoA",
          "name": "password",
          "type": null,
          "probability": 1,
          "modifiers": [],
          "to_variable": {
            "key": "_PkIWQlEeEDKl_sBux8SjoA",
            "name": "password",
            "type": null,
            "modifiers": [],
            "position": {}
          },
          "position": {}
        }
      }
    },
    "fields_to_fields_data_clump-./user-_PkF6AFEeEDKl_sBux8SjoA-_OPYOAFEXEDKLcYVpzCtU1g-idfirstnamelastnamefullnamegenderemail_addresspassword": {
      "type": "data_clump",
      "key": "fields_to_fields_data_clump-./user-_PkF6AFEeEDKl_sBux8SjoA-_OPYOAFEXEDKLcYVpzCtU1g-idfirstnamelastnamefullnamegenderemail_addresspassword",
      "probability": 1,
      "from_file_path": "./user",
      "from_class_or_interface_name": "user",
      "from_class_or_interface_key": "_PkF6AFEeEDKl_sBux8SjoA",
      "from_method_name": null,
      "from_method_key": null,
      "to_file_path": "./customer",
      "to_class_or_interface_key": "_OPYOAFEXEDKLcYVpzCtU1g",
      "to_class_or_interface_name": "user",
      "to_method_key": null,
      "to_method_name": null,
      "data_clump_type": "fields_to_fields_data_clump",
      "data_clump_data": {
        "_PkHvMFEeEDKl_sBux8SjoA": {
          "key": "_PkHvMFEeEDKl_sBux8SjoA",
          "name": "id",
          "type": null,
          "probability": 1,
          "modifiers": [],
          "to_variable": {
            "key": "_OPaqQFEXEDKLcYVpzCtU1g",
            "name": "id",
            "type": null,
            "modifiers": [],
            "position": {}
          },
          "position": {}
        },
        "_PkHvMVEeEDKl_sBux8SjoA": {
          "key": "_PkHvMVEeEDKl_sBux8SjoA",
          "name": "firstname",
          "type": null,
          "probability": 1,
          "modifiers": [],
          "to_variable": {
            "key": "_OPbRUFEXEDKLcYVpzCtU1g",
            "name": "firstname",
            "type": null,
            "modifiers": [],
            "position": {}
          },
          "position": {}
        },
        "_PkHvMlEeEDKl_sBux8SjoA": {
          "key": "_PkHvMlEeEDKl_sBux8SjoA",
          "name": "lastname",
          "type": null,
          "probability": 1,
          "modifiers": [],
          "to_variable": {
            "key": "_TKh5YFEXEDKLcYVpzCtU1g",
            "name": "lastname",
            "type": null,
            "modifiers": [],
            "position": {}
          },
          "position": {}
        },
        "_PkHvM1EeEDKl_sBux8SjoA": {
          "key": "_PkHvM1EeEDKl_sBux8SjoA",
          "name": "fullname",
          "type": null,
          "probability": 1,
          "modifiers": [],
          "to_variable": {
            "key": "_TUrT4FEXEDKLcYVpzCtU1g",
            "name": "fullname",
            "type": null,
            "modifiers": [],
            "position": {}
          },
          "position": {}
        },
        "_PkHvNFEeEDKl_sBux8SjoA": {
          "key": "_PkHvNFEeEDKl_sBux8SjoA",
          "name": "gender",
          "type": null,
          "probability": 1,
          "modifiers": [],
          "to_variable": {
            "key": "_Ta8T8FEXEDKLcYVpzCtU1g",
            "name": "gender",
            "type": null,
            "modifiers": [],
            "position": {}
          },
          "position": {}
        },
        "_PkIWQVEeEDKl_sBux8SjoA": {
          "key": "_PkIWQVEeEDKl_sBux8SjoA",
          "name": "email_address",
          "type": null,
          "probability": 1,
          "modifiers": [],
          "to_variable": {
            "key": "_s-plcFEcEDKl_sBux8SjoA",
            "name": "email_address",
            "type": null,
            "modifiers": [],
            "position": {}
          },
          "position": {}
        },
        "_PkIWQlEeEDKl_sBux8SjoA": {
          "key": "_PkIWQlEeEDKl_sBux8SjoA",
          "name": "password",
          "type": null,
          "probability": 1,
          "modifiers": [],
          "to_variable": {
            "key": "_tEqt4FEcEDKl_sBux8SjoA",
            "name": "password",
            "type": null,
            "modifiers": [],
            "position": {}
          },
          "position": {}
        }
      }
    }
  }
}