{
  "report_version": "unknown",
  "report_timestamp": "2025-03-26T21:58:10.449Z",
  "target_language": "java",
  "report_summary": {
    "additional": null,
    "amount_classes_or_interfaces_with_data_clumps": 2,
    "amount_files_with_data_clumps": 2,
    "amount_methods_with_data_clumps": 0,
    "fields_to_fields_data_clump": 2,
    "parameters_to_fields_data_clump": 0,
    "parameters_to_parameters_data_clump": 0,
    "amount_data_clumps": 2
  },
  "project_info": {
    "project_url": "unknown_project_url",
    "project_name": "_FA2iEDnAEeWMccEXBUwABA",
    "project_version": "unknown_project_version",
    "project_commit_hash": "unknown",
    "project_tag": null,
    "project_commit_date": null,
    "additional": {},
    "number_of_files": 17,
    "number_of_classes_or_interfaces": 17,
    "number_of_methods": 0,
    "number_of_data_fields": 29,
    "number_of_method_parameters": 0
  },
  "detector": {
    "name": "data-clumps-doctor",
    "url": "https://github.com/NilsBaumgartner1994/data-clumps-doctor",
    "version": "0.1.100",
    "options": {
      "typeVariablesConsidered": false,
      "similarityModifierOfVariablesWithUnknownType": 0,
      "fieldsOfClassesWithUnknownHierarchyProbabilityModifier": 0,
      "sharedFieldsToFieldsAmountMinimum": 3,
      "analyseFieldsInClassesOrInterfacesInheritedFromSuperClassesOrInterfaces": false,
      "sharedParametersToParametersAmountMinimum": 3,
      "sharedParametersToFieldsAmountMinimum": 3,
      "methodsOfClassesOrInterfacesWithUnknownHierarchyProbabilityModifier": 0
    }
  },
  "data_clumps": {
    "fields_to_fields_data_clump-./Frammentiomogenei-_MjX8cES9EDOJiqprpe8WRQ-_jenOwEQxEDOJspoMbgF5tg-QuantitaTipologiaGenere": {
      "type": "data_clump",
      "key": "fields_to_fields_data_clump-./Frammentiomogenei-_MjX8cES9EDOJiqprpe8WRQ-_jenOwEQxEDOJspoMbgF5tg-QuantitaTipologiaGenere",
      "probability": 1,
      "from_file_path": "./Frammentiomogenei",
      "from_class_or_interface_name": "Frammentiomogenei",
      "from_class_or_interface_key": "_MjX8cES9EDOJiqprpe8WRQ",
      "from_method_name": null,
      "from_method_key": null,
      "to_file_path": "./RepertoGenerico",
      "to_class_or_interface_key": "_jenOwEQxEDOJspoMbgF5tg",
      "to_class_or_interface_name": "Frammentiomogenei",
      "to_method_key": null,
      "to_method_name": null,
      "data_clump_type": "fields_to_fields_data_clump",
      "data_clump_data": {
        "_boB4MGEpEDOdc4SRpwnMUg": {
          "key": "_boB4MGEpEDOdc4SRpwnMUg",
          "name": "Quantita",
          "type": null,
          "probability": 1,
          "modifiers": [
            "private"
          ],
          "to_variable": {
            "key": "_GoHTQGEqEDOdc4SRpwnMUg",
            "name": "Quantita",
            "type": null,
            "modifiers": [
              "private"
            ],
            "position": {}
          },
          "position": {}
        },
        "_OSFAMGEoEDOdc4SRpwnMUg": {
          "key": "_OSFAMGEoEDOdc4SRpwnMUg",
          "name": "Tipologia",
          "type": null,
          "probability": 1,
          "modifiers": [
            "private"
          ],
          "to_variable": {
            "key": "_7UQk0WUYEDO9quzmhhKSJw",
            "name": "Tipologia",
            "type": null,
            "modifiers": [
              "private"
            ],
            "position": {}
          },
          "position": {}
        },
        "_VXMBsGEoEDOdc4SRpwnMUg": {
          "key": "_VXMBsGEoEDOdc4SRpwnMUg",
          "name": "Genere",
          "type": null,
          "probability": 1,
          "modifiers": [
            "private"
          ],
          "to_variable": {
            "key": "_AliRMGUZEDO9quzmhhKSJw",
            "name": "Genere",
            "type": null,
            "modifiers": [
              "private"
            ],
            "position": {}
          },
          "position": {}
        }
      }
    },
    "fields_to_fields_data_clump-./RepertoGenerico-_jenOwEQxEDOJspoMbgF5tg-_MjX8cES9EDOJiqprpe8WRQ-TipologiaGenereQuantita": {
      "type": "data_clump",
      "key": "fields_to_fields_data_clump-./RepertoGenerico-_jenOwEQxEDOJspoMbgF5tg-_MjX8cES9EDOJiqprpe8WRQ-TipologiaGenereQuantita",
      "probability": 1,
      "from_file_path": "./RepertoGenerico",
      "from_class_or_interface_name": "RepertoGenerico",
      "from_class_or_interface_key": "_jenOwEQxEDOJspoMbgF5tg",
      "from_method_name": null,
      "from_method_key": null,
      "to_file_path": "./Frammentiomogenei",
      "to_class_or_interface_key": "_MjX8cES9EDOJiqprpe8WRQ",
      "to_class_or_interface_name": "RepertoGenerico",
      "to_method_key": null,
      "to_method_name": null,
      "data_clump_type": "fields_to_fields_data_clump",
      "data_clump_data": {
        "_7UQk0WUYEDO9quzmhhKSJw": {
          "key": "_7UQk0WUYEDO9quzmhhKSJw",
          "name": "Tipologia",
          "type": null,
          "probability": 1,
          "modifiers": [
            "private"
          ],
          "to_variable": {
            "key": "_OSFAMGEoEDOdc4SRpwnMUg",
            "name": "Tipologia",
            "type": null,
            "modifiers": [
              "private"
            ],
            "position": {}
          },
          "position": {}
        },
        "_AliRMGUZEDO9quzmhhKSJw": {
          "key": "_AliRMGUZEDO9quzmhhKSJw",
          "name": "Genere",
          "type": null,
          "probability": 1,
          "modifiers": [
            "private"
          ],
          "to_variable": {
            "key": "_VXMBsGEoEDOdc4SRpwnMUg",
            "name": "Genere",
            "type": null,
            "modifiers": [
              "private"
            ],
            "position": {}
          },
          "position": {}
        },
        "_GoHTQGEqEDOdc4SRpwnMUg": {
          "key": "_GoHTQGEqEDOdc4SRpwnMUg",
          "name": "Quantita",
          "type": null,
          "probability": 1,
          "modifiers": [
            "private"
          ],
          "to_variable": {
            "key": "_boB4MGEpEDOdc4SRpwnMUg",
            "name": "Quantita",
            "type": null,
            "modifiers": [
              "private"
            ],
            "position": {}
          },
          "position": {}
        }
      }
    }
  }
}