{
  "report_version": "unknown",
  "report_timestamp": "2025-03-26T23:07:14.101Z",
  "target_language": "java",
  "report_summary": {
    "additional": null,
    "amount_classes_or_interfaces_with_data_clumps": 4,
    "amount_files_with_data_clumps": 4,
    "amount_methods_with_data_clumps": 0,
    "fields_to_fields_data_clump": 12,
    "parameters_to_fields_data_clump": 0,
    "parameters_to_parameters_data_clump": 0,
    "amount_data_clumps": 12
  },
  "project_info": {
    "project_url": "unknown_project_url",
    "project_name": "_SHqmQJofEeaLdJY0NVKqzQ",
    "project_version": "unknown_project_version",
    "project_commit_hash": "unknown",
    "project_tag": null,
    "project_commit_date": null,
    "additional": {},
    "number_of_files": 6,
    "number_of_classes_or_interfaces": 6,
    "number_of_methods": 20,
    "number_of_data_fields": 33,
    "number_of_method_parameters": 18
  },
  "detector": {
    "name": "data-clumps-doctor",
    "url": "https://github.com/NilsBaumgartner1994/data-clumps-doctor",
    "version": "0.1.100",
    "options": {
      "typeVariablesConsidered": false,
      "similarityModifierOfVariablesWithUnknownType": 0,
      "fieldsOfClassesWithUnknownHierarchyProbabilityModifier": 0,
      "sharedFieldsToFieldsAmountMinimum": 3,
      "analyseFieldsInClassesOrInterfacesInheritedFromSuperClassesOrInterfaces": false,
      "sharedParametersToParametersAmountMinimum": 3,
      "sharedParametersToFieldsAmountMinimum": 3,
      "methodsOfClassesOrInterfacesWithUnknownHierarchyProbabilityModifier": 0
    }
  },
  "data_clumps": {
    "fields_to_fields_data_clump-./Resource-_RB-50HxNEDShQO3cbuz14A-_W84K8HxNEDShQO3cbuz14A-namecreated_atupdated_at": {
      "type": "data_clump",
      "key": "fields_to_fields_data_clump-./Resource-_RB-50HxNEDShQO3cbuz14A-_W84K8HxNEDShQO3cbuz14A-namecreated_atupdated_at",
      "probability": 1,
      "from_file_path": "./Resource",
      "from_class_or_interface_name": "Resource",
      "from_class_or_interface_key": "_RB-50HxNEDShQO3cbuz14A",
      "from_method_name": null,
      "from_method_key": null,
      "to_file_path": "./Task",
      "to_class_or_interface_key": "_W84K8HxNEDShQO3cbuz14A",
      "to_class_or_interface_name": "Resource",
      "to_method_key": null,
      "to_method_name": null,
      "data_clump_type": "fields_to_fields_data_clump",
      "data_clump_data": {
        "_fqO8oHxNEDShQO3cbuz14A": {
          "key": "_fqO8oHxNEDShQO3cbuz14A",
          "name": "name",
          "type": null,
          "probability": 1,
          "modifiers": [
            "private"
          ],
          "to_variable": {
            "key": "_nPH_gHxPEDShQO3cbuz14A",
            "name": "name",
            "type": null,
            "modifiers": [
              "private"
            ],
            "position": {}
          },
          "position": {}
        },
        "_lge-UHxNEDShQO3cbuz14A": {
          "key": "_lge-UHxNEDShQO3cbuz14A",
          "name": "created_at",
          "type": null,
          "probability": 1,
          "modifiers": [
            "private"
          ],
          "to_variable": {
            "key": "_-weJ8HxPEDShQO3cbuz14A",
            "name": "created_at",
            "type": null,
            "modifiers": [
              "private"
            ],
            "position": {}
          },
          "position": {}
        },
        "_nSfugHxNEDShQO3cbuz14A": {
          "key": "_nSfugHxNEDShQO3cbuz14A",
          "name": "updated_at",
          "type": null,
          "probability": 1,
          "modifiers": [
            "private"
          ],
          "to_variable": {
            "key": "__8IEwHxPEDShQO3cbuz14A",
            "name": "updated_at",
            "type": null,
            "modifiers": [
              "private"
            ],
            "position": {}
          },
          "position": {}
        }
      }
    },
    "fields_to_fields_data_clump-./Resource-_RB-50HxNEDShQO3cbuz14A-_aB7lcHxPEDShQO3cbuz14A-namecreated_atupdated_at": {
      "type": "data_clump",
      "key": "fields_to_fields_data_clump-./Resource-_RB-50HxNEDShQO3cbuz14A-_aB7lcHxPEDShQO3cbuz14A-namecreated_atupdated_at",
      "probability": 1,
      "from_file_path": "./Resource",
      "from_class_or_interface_name": "Resource",
      "from_class_or_interface_key": "_RB-50HxNEDShQO3cbuz14A",
      "from_method_name": null,
      "from_method_key": null,
      "to_file_path": "./TaskStatus",
      "to_class_or_interface_key": "_aB7lcHxPEDShQO3cbuz14A",
      "to_class_or_interface_name": "Resource",
      "to_method_key": null,
      "to_method_name": null,
      "data_clump_type": "fields_to_fields_data_clump",
      "data_clump_data": {
        "_fqO8oHxNEDShQO3cbuz14A": {
          "key": "_fqO8oHxNEDShQO3cbuz14A",
          "name": "name",
          "type": null,
          "probability": 1,
          "modifiers": [
            "private"
          ],
          "to_variable": {
            "key": "_aB7lcXxPEDShQO3cbuz14A",
            "name": "name",
            "type": null,
            "modifiers": [
              "private"
            ],
            "position": {}
          },
          "position": {}
        },
        "_lge-UHxNEDShQO3cbuz14A": {
          "key": "_lge-UHxNEDShQO3cbuz14A",
          "name": "created_at",
          "type": null,
          "probability": 1,
          "modifiers": [
            "private"
          ],
          "to_variable": {
            "key": "_aB7lcnxPEDShQO3cbuz14A",
            "name": "created_at",
            "type": null,
            "modifiers": [
              "private"
            ],
            "position": {}
          },
          "position": {}
        },
        "_nSfugHxNEDShQO3cbuz14A": {
          "key": "_nSfugHxNEDShQO3cbuz14A",
          "name": "updated_at",
          "type": null,
          "probability": 1,
          "modifiers": [
            "private"
          ],
          "to_variable": {
            "key": "_aB7lc3xPEDShQO3cbuz14A",
            "name": "updated_at",
            "type": null,
            "modifiers": [
              "private"
            ],
            "position": {}
          },
          "position": {}
        }
      }
    },
    "fields_to_fields_data_clump-./Resource-_RB-50HxNEDShQO3cbuz14A-_ygYGwHxOEDShQO3cbuz14A-namecreated_atupdated_at": {
      "type": "data_clump",
      "key": "fields_to_fields_data_clump-./Resource-_RB-50HxNEDShQO3cbuz14A-_ygYGwHxOEDShQO3cbuz14A-namecreated_atupdated_at",
      "probability": 1,
      "from_file_path": "./Resource",
      "from_class_or_interface_name": "Resource",
      "from_class_or_interface_key": "_RB-50HxNEDShQO3cbuz14A",
      "from_method_name": null,
      "from_method_key": null,
      "to_file_path": "./UserType",
      "to_class_or_interface_key": "_ygYGwHxOEDShQO3cbuz14A",
      "to_class_or_interface_name": "Resource",
      "to_method_key": null,
      "to_method_name": null,
      "data_clump_type": "fields_to_fields_data_clump",
      "data_clump_data": {
        "_fqO8oHxNEDShQO3cbuz14A": {
          "key": "_fqO8oHxNEDShQO3cbuz14A",
          "name": "name",
          "type": null,
          "probability": 1,
          "modifiers": [
            "private"
          ],
          "to_variable": {
            "key": "_zpHQcHxOEDShQO3cbuz14A",
            "name": "name",
            "type": null,
            "modifiers": [
              "private"
            ],
            "position": {}
          },
          "position": {}
        },
        "_lge-UHxNEDShQO3cbuz14A": {
          "key": "_lge-UHxNEDShQO3cbuz14A",
          "name": "created_at",
          "type": null,
          "probability": 1,
          "modifiers": [
            "private"
          ],
          "to_variable": {
            "key": "_9NlQUHxOEDShQO3cbuz14A",
            "name": "created_at",
            "type": null,
            "modifiers": [
              "private"
            ],
            "position": {}
          },
          "position": {}
        },
        "_nSfugHxNEDShQO3cbuz14A": {
          "key": "_nSfugHxNEDShQO3cbuz14A",
          "name": "updated_at",
          "type": null,
          "probability": 1,
          "modifiers": [
            "private"
          ],
          "to_variable": {
            "key": "_-dL3AHxOEDShQO3cbuz14A",
            "name": "updated_at",
            "type": null,
            "modifiers": [
              "private"
            ],
            "position": {}
          },
          "position": {}
        }
      }
    },
    "fields_to_fields_data_clump-./Task-_W84K8HxNEDShQO3cbuz14A-_RB-50HxNEDShQO3cbuz14A-namecreated_atupdated_at": {
      "type": "data_clump",
      "key": "fields_to_fields_data_clump-./Task-_W84K8HxNEDShQO3cbuz14A-_RB-50HxNEDShQO3cbuz14A-namecreated_atupdated_at",
      "probability": 1,
      "from_file_path": "./Task",
      "from_class_or_interface_name": "Task",
      "from_class_or_interface_key": "_W84K8HxNEDShQO3cbuz14A",
      "from_method_name": null,
      "from_method_key": null,
      "to_file_path": "./Resource",
      "to_class_or_interface_key": "_RB-50HxNEDShQO3cbuz14A",
      "to_class_or_interface_name": "Task",
      "to_method_key": null,
      "to_method_name": null,
      "data_clump_type": "fields_to_fields_data_clump",
      "data_clump_data": {
        "_nPH_gHxPEDShQO3cbuz14A": {
          "key": "_nPH_gHxPEDShQO3cbuz14A",
          "name": "name",
          "type": null,
          "probability": 1,
          "modifiers": [
            "private"
          ],
          "to_variable": {
            "key": "_fqO8oHxNEDShQO3cbuz14A",
            "name": "name",
            "type": null,
            "modifiers": [
              "private"
            ],
            "position": {}
          },
          "position": {}
        },
        "_-weJ8HxPEDShQO3cbuz14A": {
          "key": "_-weJ8HxPEDShQO3cbuz14A",
          "name": "created_at",
          "type": null,
          "probability": 1,
          "modifiers": [
            "private"
          ],
          "to_variable": {
            "key": "_lge-UHxNEDShQO3cbuz14A",
            "name": "created_at",
            "type": null,
            "modifiers": [
              "private"
            ],
            "position": {}
          },
          "position": {}
        },
        "__8IEwHxPEDShQO3cbuz14A": {
          "key": "__8IEwHxPEDShQO3cbuz14A",
          "name": "updated_at",
          "type": null,
          "probability": 1,
          "modifiers": [
            "private"
          ],
          "to_variable": {
            "key": "_nSfugHxNEDShQO3cbuz14A",
            "name": "updated_at",
            "type": null,
            "modifiers": [
              "private"
            ],
            "position": {}
          },
          "position": {}
        }
      }
    },
    "fields_to_fields_data_clump-./Task-_W84K8HxNEDShQO3cbuz14A-_aB7lcHxPEDShQO3cbuz14A-namecreated_atupdated_at": {
      "type": "data_clump",
      "key": "fields_to_fields_data_clump-./Task-_W84K8HxNEDShQO3cbuz14A-_aB7lcHxPEDShQO3cbuz14A-namecreated_atupdated_at",
      "probability": 1,
      "from_file_path": "./Task",
      "from_class_or_interface_name": "Task",
      "from_class_or_interface_key": "_W84K8HxNEDShQO3cbuz14A",
      "from_method_name": null,
      "from_method_key": null,
      "to_file_path": "./TaskStatus",
      "to_class_or_interface_key": "_aB7lcHxPEDShQO3cbuz14A",
      "to_class_or_interface_name": "Task",
      "to_method_key": null,
      "to_method_name": null,
      "data_clump_type": "fields_to_fields_data_clump",
      "data_clump_data": {
        "_nPH_gHxPEDShQO3cbuz14A": {
          "key": "_nPH_gHxPEDShQO3cbuz14A",
          "name": "name",
          "type": null,
          "probability": 1,
          "modifiers": [
            "private"
          ],
          "to_variable": {
            "key": "_aB7lcXxPEDShQO3cbuz14A",
            "name": "name",
            "type": null,
            "modifiers": [
              "private"
            ],
            "position": {}
          },
          "position": {}
        },
        "_-weJ8HxPEDShQO3cbuz14A": {
          "key": "_-weJ8HxPEDShQO3cbuz14A",
          "name": "created_at",
          "type": null,
          "probability": 1,
          "modifiers": [
            "private"
          ],
          "to_variable": {
            "key": "_aB7lcnxPEDShQO3cbuz14A",
            "name": "created_at",
            "type": null,
            "modifiers": [
              "private"
            ],
            "position": {}
          },
          "position": {}
        },
        "__8IEwHxPEDShQO3cbuz14A": {
          "key": "__8IEwHxPEDShQO3cbuz14A",
          "name": "updated_at",
          "type": null,
          "probability": 1,
          "modifiers": [
            "private"
          ],
          "to_variable": {
            "key": "_aB7lc3xPEDShQO3cbuz14A",
            "name": "updated_at",
            "type": null,
            "modifiers": [
              "private"
            ],
            "position": {}
          },
          "position": {}
        }
      }
    },
    "fields_to_fields_data_clump-./Task-_W84K8HxNEDShQO3cbuz14A-_ygYGwHxOEDShQO3cbuz14A-namecreated_atupdated_at": {
      "type": "data_clump",
      "key": "fields_to_fields_data_clump-./Task-_W84K8HxNEDShQO3cbuz14A-_ygYGwHxOEDShQO3cbuz14A-namecreated_atupdated_at",
      "probability": 1,
      "from_file_path": "./Task",
      "from_class_or_interface_name": "Task",
      "from_class_or_interface_key": "_W84K8HxNEDShQO3cbuz14A",
      "from_method_name": null,
      "from_method_key": null,
      "to_file_path": "./UserType",
      "to_class_or_interface_key": "_ygYGwHxOEDShQO3cbuz14A",
      "to_class_or_interface_name": "Task",
      "to_method_key": null,
      "to_method_name": null,
      "data_clump_type": "fields_to_fields_data_clump",
      "data_clump_data": {
        "_nPH_gHxPEDShQO3cbuz14A": {
          "key": "_nPH_gHxPEDShQO3cbuz14A",
          "name": "name",
          "type": null,
          "probability": 1,
          "modifiers": [
            "private"
          ],
          "to_variable": {
            "key": "_zpHQcHxOEDShQO3cbuz14A",
            "name": "name",
            "type": null,
            "modifiers": [
              "private"
            ],
            "position": {}
          },
          "position": {}
        },
        "_-weJ8HxPEDShQO3cbuz14A": {
          "key": "_-weJ8HxPEDShQO3cbuz14A",
          "name": "created_at",
          "type": null,
          "probability": 1,
          "modifiers": [
            "private"
          ],
          "to_variable": {
            "key": "_9NlQUHxOEDShQO3cbuz14A",
            "name": "created_at",
            "type": null,
            "modifiers": [
              "private"
            ],
            "position": {}
          },
          "position": {}
        },
        "__8IEwHxPEDShQO3cbuz14A": {
          "key": "__8IEwHxPEDShQO3cbuz14A",
          "name": "updated_at",
          "type": null,
          "probability": 1,
          "modifiers": [
            "private"
          ],
          "to_variable": {
            "key": "_-dL3AHxOEDShQO3cbuz14A",
            "name": "updated_at",
            "type": null,
            "modifiers": [
              "private"
            ],
            "position": {}
          },
          "position": {}
        }
      }
    },
    "fields_to_fields_data_clump-./TaskStatus-_aB7lcHxPEDShQO3cbuz14A-_RB-50HxNEDShQO3cbuz14A-namecreated_atupdated_at": {
      "type": "data_clump",
      "key": "fields_to_fields_data_clump-./TaskStatus-_aB7lcHxPEDShQO3cbuz14A-_RB-50HxNEDShQO3cbuz14A-namecreated_atupdated_at",
      "probability": 1,
      "from_file_path": "./TaskStatus",
      "from_class_or_interface_name": "TaskStatus",
      "from_class_or_interface_key": "_aB7lcHxPEDShQO3cbuz14A",
      "from_method_name": null,
      "from_method_key": null,
      "to_file_path": "./Resource",
      "to_class_or_interface_key": "_RB-50HxNEDShQO3cbuz14A",
      "to_class_or_interface_name": "TaskStatus",
      "to_method_key": null,
      "to_method_name": null,
      "data_clump_type": "fields_to_fields_data_clump",
      "data_clump_data": {
        "_aB7lcXxPEDShQO3cbuz14A": {
          "key": "_aB7lcXxPEDShQO3cbuz14A",
          "name": "name",
          "type": null,
          "probability": 1,
          "modifiers": [
            "private"
          ],
          "to_variable": {
            "key": "_fqO8oHxNEDShQO3cbuz14A",
            "name": "name",
            "type": null,
            "modifiers": [
              "private"
            ],
            "position": {}
          },
          "position": {}
        },
        "_aB7lcnxPEDShQO3cbuz14A": {
          "key": "_aB7lcnxPEDShQO3cbuz14A",
          "name": "created_at",
          "type": null,
          "probability": 1,
          "modifiers": [
            "private"
          ],
          "to_variable": {
            "key": "_lge-UHxNEDShQO3cbuz14A",
            "name": "created_at",
            "type": null,
            "modifiers": [
              "private"
            ],
            "position": {}
          },
          "position": {}
        },
        "_aB7lc3xPEDShQO3cbuz14A": {
          "key": "_aB7lc3xPEDShQO3cbuz14A",
          "name": "updated_at",
          "type": null,
          "probability": 1,
          "modifiers": [
            "private"
          ],
          "to_variable": {
            "key": "_nSfugHxNEDShQO3cbuz14A",
            "name": "updated_at",
            "type": null,
            "modifiers": [
              "private"
            ],
            "position": {}
          },
          "position": {}
        }
      }
    },
    "fields_to_fields_data_clump-./TaskStatus-_aB7lcHxPEDShQO3cbuz14A-_W84K8HxNEDShQO3cbuz14A-namecreated_atupdated_at": {
      "type": "data_clump",
      "key": "fields_to_fields_data_clump-./TaskStatus-_aB7lcHxPEDShQO3cbuz14A-_W84K8HxNEDShQO3cbuz14A-namecreated_atupdated_at",
      "probability": 1,
      "from_file_path": "./TaskStatus",
      "from_class_or_interface_name": "TaskStatus",
      "from_class_or_interface_key": "_aB7lcHxPEDShQO3cbuz14A",
      "from_method_name": null,
      "from_method_key": null,
      "to_file_path": "./Task",
      "to_class_or_interface_key": "_W84K8HxNEDShQO3cbuz14A",
      "to_class_or_interface_name": "TaskStatus",
      "to_method_key": null,
      "to_method_name": null,
      "data_clump_type": "fields_to_fields_data_clump",
      "data_clump_data": {
        "_aB7lcXxPEDShQO3cbuz14A": {
          "key": "_aB7lcXxPEDShQO3cbuz14A",
          "name": "name",
          "type": null,
          "probability": 1,
          "modifiers": [
            "private"
          ],
          "to_variable": {
            "key": "_nPH_gHxPEDShQO3cbuz14A",
            "name": "name",
            "type": null,
            "modifiers": [
              "private"
            ],
            "position": {}
          },
          "position": {}
        },
        "_aB7lcnxPEDShQO3cbuz14A": {
          "key": "_aB7lcnxPEDShQO3cbuz14A",
          "name": "created_at",
          "type": null,
          "probability": 1,
          "modifiers": [
            "private"
          ],
          "to_variable": {
            "key": "_-weJ8HxPEDShQO3cbuz14A",
            "name": "created_at",
            "type": null,
            "modifiers": [
              "private"
            ],
            "position": {}
          },
          "position": {}
        },
        "_aB7lc3xPEDShQO3cbuz14A": {
          "key": "_aB7lc3xPEDShQO3cbuz14A",
          "name": "updated_at",
          "type": null,
          "probability": 1,
          "modifiers": [
            "private"
          ],
          "to_variable": {
            "key": "__8IEwHxPEDShQO3cbuz14A",
            "name": "updated_at",
            "type": null,
            "modifiers": [
              "private"
            ],
            "position": {}
          },
          "position": {}
        }
      }
    },
    "fields_to_fields_data_clump-./TaskStatus-_aB7lcHxPEDShQO3cbuz14A-_ygYGwHxOEDShQO3cbuz14A-namecreated_atupdated_at": {
      "type": "data_clump",
      "key": "fields_to_fields_data_clump-./TaskStatus-_aB7lcHxPEDShQO3cbuz14A-_ygYGwHxOEDShQO3cbuz14A-namecreated_atupdated_at",
      "probability": 1,
      "from_file_path": "./TaskStatus",
      "from_class_or_interface_name": "TaskStatus",
      "from_class_or_interface_key": "_aB7lcHxPEDShQO3cbuz14A",
      "from_method_name": null,
      "from_method_key": null,
      "to_file_path": "./UserType",
      "to_class_or_interface_key": "_ygYGwHxOEDShQO3cbuz14A",
      "to_class_or_interface_name": "TaskStatus",
      "to_method_key": null,
      "to_method_name": null,
      "data_clump_type": "fields_to_fields_data_clump",
      "data_clump_data": {
        "_aB7lcXxPEDShQO3cbuz14A": {
          "key": "_aB7lcXxPEDShQO3cbuz14A",
          "name": "name",
          "type": null,
          "probability": 1,
          "modifiers": [
            "private"
          ],
          "to_variable": {
            "key": "_zpHQcHxOEDShQO3cbuz14A",
            "name": "name",
            "type": null,
            "modifiers": [
              "private"
            ],
            "position": {}
          },
          "position": {}
        },
        "_aB7lcnxPEDShQO3cbuz14A": {
          "key": "_aB7lcnxPEDShQO3cbuz14A",
          "name": "created_at",
          "type": null,
          "probability": 1,
          "modifiers": [
            "private"
          ],
          "to_variable": {
            "key": "_9NlQUHxOEDShQO3cbuz14A",
            "name": "created_at",
            "type": null,
            "modifiers": [
              "private"
            ],
            "position": {}
          },
          "position": {}
        },
        "_aB7lc3xPEDShQO3cbuz14A": {
          "key": "_aB7lc3xPEDShQO3cbuz14A",
          "name": "updated_at",
          "type": null,
          "probability": 1,
          "modifiers": [
            "private"
          ],
          "to_variable": {
            "key": "_-dL3AHxOEDShQO3cbuz14A",
            "name": "updated_at",
            "type": null,
            "modifiers": [
              "private"
            ],
            "position": {}
          },
          "position": {}
        }
      }
    },
    "fields_to_fields_data_clump-./UserType-_ygYGwHxOEDShQO3cbuz14A-_RB-50HxNEDShQO3cbuz14A-namecreated_atupdated_at": {
      "type": "data_clump",
      "key": "fields_to_fields_data_clump-./UserType-_ygYGwHxOEDShQO3cbuz14A-_RB-50HxNEDShQO3cbuz14A-namecreated_atupdated_at",
      "probability": 1,
      "from_file_path": "./UserType",
      "from_class_or_interface_name": "UserType",
      "from_class_or_interface_key": "_ygYGwHxOEDShQO3cbuz14A",
      "from_method_name": null,
      "from_method_key": null,
      "to_file_path": "./Resource",
      "to_class_or_interface_key": "_RB-50HxNEDShQO3cbuz14A",
      "to_class_or_interface_name": "UserType",
      "to_method_key": null,
      "to_method_name": null,
      "data_clump_type": "fields_to_fields_data_clump",
      "data_clump_data": {
        "_zpHQcHxOEDShQO3cbuz14A": {
          "key": "_zpHQcHxOEDShQO3cbuz14A",
          "name": "name",
          "type": null,
          "probability": 1,
          "modifiers": [
            "private"
          ],
          "to_variable": {
            "key": "_fqO8oHxNEDShQO3cbuz14A",
            "name": "name",
            "type": null,
            "modifiers": [
              "private"
            ],
            "position": {}
          },
          "position": {}
        },
        "_9NlQUHxOEDShQO3cbuz14A": {
          "key": "_9NlQUHxOEDShQO3cbuz14A",
          "name": "created_at",
          "type": null,
          "probability": 1,
          "modifiers": [
            "private"
          ],
          "to_variable": {
            "key": "_lge-UHxNEDShQO3cbuz14A",
            "name": "created_at",
            "type": null,
            "modifiers": [
              "private"
            ],
            "position": {}
          },
          "position": {}
        },
        "_-dL3AHxOEDShQO3cbuz14A": {
          "key": "_-dL3AHxOEDShQO3cbuz14A",
          "name": "updated_at",
          "type": null,
          "probability": 1,
          "modifiers": [
            "private"
          ],
          "to_variable": {
            "key": "_nSfugHxNEDShQO3cbuz14A",
            "name": "updated_at",
            "type": null,
            "modifiers": [
              "private"
            ],
            "position": {}
          },
          "position": {}
        }
      }
    },
    "fields_to_fields_data_clump-./UserType-_ygYGwHxOEDShQO3cbuz14A-_W84K8HxNEDShQO3cbuz14A-namecreated_atupdated_at": {
      "type": "data_clump",
      "key": "fields_to_fields_data_clump-./UserType-_ygYGwHxOEDShQO3cbuz14A-_W84K8HxNEDShQO3cbuz14A-namecreated_atupdated_at",
      "probability": 1,
      "from_file_path": "./UserType",
      "from_class_or_interface_name": "UserType",
      "from_class_or_interface_key": "_ygYGwHxOEDShQO3cbuz14A",
      "from_method_name": null,
      "from_method_key": null,
      "to_file_path": "./Task",
      "to_class_or_interface_key": "_W84K8HxNEDShQO3cbuz14A",
      "to_class_or_interface_name": "UserType",
      "to_method_key": null,
      "to_method_name": null,
      "data_clump_type": "fields_to_fields_data_clump",
      "data_clump_data": {
        "_zpHQcHxOEDShQO3cbuz14A": {
          "key": "_zpHQcHxOEDShQO3cbuz14A",
          "name": "name",
          "type": null,
          "probability": 1,
          "modifiers": [
            "private"
          ],
          "to_variable": {
            "key": "_nPH_gHxPEDShQO3cbuz14A",
            "name": "name",
            "type": null,
            "modifiers": [
              "private"
            ],
            "position": {}
          },
          "position": {}
        },
        "_9NlQUHxOEDShQO3cbuz14A": {
          "key": "_9NlQUHxOEDShQO3cbuz14A",
          "name": "created_at",
          "type": null,
          "probability": 1,
          "modifiers": [
            "private"
          ],
          "to_variable": {
            "key": "_-weJ8HxPEDShQO3cbuz14A",
            "name": "created_at",
            "type": null,
            "modifiers": [
              "private"
            ],
            "position": {}
          },
          "position": {}
        },
        "_-dL3AHxOEDShQO3cbuz14A": {
          "key": "_-dL3AHxOEDShQO3cbuz14A",
          "name": "updated_at",
          "type": null,
          "probability": 1,
          "modifiers": [
            "private"
          ],
          "to_variable": {
            "key": "__8IEwHxPEDShQO3cbuz14A",
            "name": "updated_at",
            "type": null,
            "modifiers": [
              "private"
            ],
            "position": {}
          },
          "position": {}
        }
      }
    },
    "fields_to_fields_data_clump-./UserType-_ygYGwHxOEDShQO3cbuz14A-_aB7lcHxPEDShQO3cbuz14A-namecreated_atupdated_at": {
      "type": "data_clump",
      "key": "fields_to_fields_data_clump-./UserType-_ygYGwHxOEDShQO3cbuz14A-_aB7lcHxPEDShQO3cbuz14A-namecreated_atupdated_at",
      "probability": 1,
      "from_file_path": "./UserType",
      "from_class_or_interface_name": "UserType",
      "from_class_or_interface_key": "_ygYGwHxOEDShQO3cbuz14A",
      "from_method_name": null,
      "from_method_key": null,
      "to_file_path": "./TaskStatus",
      "to_class_or_interface_key": "_aB7lcHxPEDShQO3cbuz14A",
      "to_class_or_interface_name": "UserType",
      "to_method_key": null,
      "to_method_name": null,
      "data_clump_type": "fields_to_fields_data_clump",
      "data_clump_data": {
        "_zpHQcHxOEDShQO3cbuz14A": {
          "key": "_zpHQcHxOEDShQO3cbuz14A",
          "name": "name",
          "type": null,
          "probability": 1,
          "modifiers": [
            "private"
          ],
          "to_variable": {
            "key": "_aB7lcXxPEDShQO3cbuz14A",
            "name": "name",
            "type": null,
            "modifiers": [
              "private"
            ],
            "position": {}
          },
          "position": {}
        },
        "_9NlQUHxOEDShQO3cbuz14A": {
          "key": "_9NlQUHxOEDShQO3cbuz14A",
          "name": "created_at",
          "type": null,
          "probability": 1,
          "modifiers": [
            "private"
          ],
          "to_variable": {
            "key": "_aB7lcnxPEDShQO3cbuz14A",
            "name": "created_at",
            "type": null,
            "modifiers": [
              "private"
            ],
            "position": {}
          },
          "position": {}
        },
        "_-dL3AHxOEDShQO3cbuz14A": {
          "key": "_-dL3AHxOEDShQO3cbuz14A",
          "name": "updated_at",
          "type": null,
          "probability": 1,
          "modifiers": [
            "private"
          ],
          "to_variable": {
            "key": "_aB7lc3xPEDShQO3cbuz14A",
            "name": "updated_at",
            "type": null,
            "modifiers": [
              "private"
            ],
            "position": {}
          },
          "position": {}
        }
      }
    }
  }
}