{
  "report_version": "unknown",
  "report_timestamp": "2025-03-26T21:44:26.363Z",
  "target_language": "java",
  "report_summary": {
    "additional": null,
    "amount_classes_or_interfaces_with_data_clumps": 3,
    "amount_files_with_data_clumps": 3,
    "amount_methods_with_data_clumps": 0,
    "fields_to_fields_data_clump": 6,
    "parameters_to_fields_data_clump": 0,
    "parameters_to_parameters_data_clump": 0,
    "amount_data_clumps": 6
  },
  "project_info": {
    "project_url": "unknown_project_url",
    "project_name": "_B0UHUJM9EeS5h4H2KE1sXg",
    "project_version": "unknown_project_version",
    "project_commit_hash": "unknown",
    "project_tag": null,
    "project_commit_date": null,
    "additional": {},
    "number_of_files": 9,
    "number_of_classes_or_interfaces": 9,
    "number_of_methods": 32,
    "number_of_data_fields": 33,
    "number_of_method_parameters": 0
  },
  "detector": {
    "name": "data-clumps-doctor",
    "url": "https://github.com/NilsBaumgartner1994/data-clumps-doctor",
    "version": "0.1.100",
    "options": {
      "typeVariablesConsidered": false,
      "similarityModifierOfVariablesWithUnknownType": 0,
      "fieldsOfClassesWithUnknownHierarchyProbabilityModifier": 0,
      "sharedFieldsToFieldsAmountMinimum": 3,
      "analyseFieldsInClassesOrInterfacesInheritedFromSuperClassesOrInterfaces": false,
      "sharedParametersToParametersAmountMinimum": 3,
      "sharedParametersToFieldsAmountMinimum": 3,
      "methodsOfClassesOrInterfacesWithUnknownHierarchyProbabilityModifier": 0
    }
  },
  "data_clumps": {
    "fields_to_fields_data_clump-./APICall-_TjQiEHVsEDKOXthrFlIC4A-_SPwS0HVsEDKOXthrFlIC4A-IDDocumentationNameShortDescriptionUpdateTimeDescription": {
      "type": "data_clump",
      "key": "fields_to_fields_data_clump-./APICall-_TjQiEHVsEDKOXthrFlIC4A-_SPwS0HVsEDKOXthrFlIC4A-IDDocumentationNameShortDescriptionUpdateTimeDescription",
      "probability": 1,
      "from_file_path": "./APICall",
      "from_class_or_interface_name": "APICall",
      "from_class_or_interface_key": "_TjQiEHVsEDKOXthrFlIC4A",
      "from_method_name": null,
      "from_method_key": null,
      "to_file_path": "./APIGroup",
      "to_class_or_interface_key": "_SPwS0HVsEDKOXthrFlIC4A",
      "to_class_or_interface_name": "APICall",
      "to_method_key": null,
      "to_method_name": null,
      "data_clump_type": "fields_to_fields_data_clump",
      "data_clump_data": {
        "_2mKKgXV0EDKOXthrFlIC4A": {
          "key": "_2mKKgXV0EDKOXthrFlIC4A",
          "name": "ID",
          "type": null,
          "probability": 1,
          "modifiers": [],
          "to_variable": {
            "key": "_rXIGQHV0EDKOXthrFlIC4A",
            "name": "ID",
            "type": null,
            "modifiers": [],
            "position": {}
          },
          "position": {}
        },
        "_8HQbkHV0EDKOXthrFlIC4A": {
          "key": "_8HQbkHV0EDKOXthrFlIC4A",
          "name": "Documentation",
          "type": null,
          "probability": 1,
          "modifiers": [],
          "to_variable": {
            "key": "_aXlb8HV0EDKOXthrFlIC4A",
            "name": "Documentation",
            "type": null,
            "modifiers": [],
            "position": {}
          },
          "position": {}
        },
        "_2mJjcHV0EDKOXthrFlIC4A": {
          "key": "_2mJjcHV0EDKOXthrFlIC4A",
          "name": "Name",
          "type": null,
          "probability": 1,
          "modifiers": [],
          "to_variable": {
            "key": "_ftUxkHV0EDKOXthrFlIC4A",
            "name": "Name",
            "type": null,
            "modifiers": [],
            "position": {}
          },
          "position": {}
        },
        "_2mJjcXV0EDKOXthrFlIC4A": {
          "key": "_2mJjcXV0EDKOXthrFlIC4A",
          "name": "ShortDescription",
          "type": null,
          "probability": 1,
          "modifiers": [],
          "to_variable": {
            "key": "_iIMRgHV0EDKOXthrFlIC4A",
            "name": "ShortDescription",
            "type": null,
            "modifiers": [],
            "position": {}
          },
          "position": {}
        },
        "_2mKKgHV0EDKOXthrFlIC4A": {
          "key": "_2mKKgHV0EDKOXthrFlIC4A",
          "name": "UpdateTime",
          "type": null,
          "probability": 1,
          "modifiers": [],
          "to_variable": {
            "key": "_l4JVEHV0EDKOXthrFlIC4A",
            "name": "UpdateTime",
            "type": null,
            "modifiers": [],
            "position": {}
          },
          "position": {}
        },
        "_2mKKgnV0EDKOXthrFlIC4A": {
          "key": "_2mKKgnV0EDKOXthrFlIC4A",
          "name": "Description",
          "type": null,
          "probability": 1,
          "modifiers": [],
          "to_variable": {
            "key": "_tEiDQHV0EDKOXthrFlIC4A",
            "name": "Description",
            "type": null,
            "modifiers": [],
            "position": {}
          },
          "position": {}
        }
      }
    },
    "fields_to_fields_data_clump-./APICall-_TjQiEHVsEDKOXthrFlIC4A-_VRzHgHVsEDKOXthrFlIC4A-IDAPIGroupIDDocumentationNameUpdateTimeDescriptionType": {
      "type": "data_clump",
      "key": "fields_to_fields_data_clump-./APICall-_TjQiEHVsEDKOXthrFlIC4A-_VRzHgHVsEDKOXthrFlIC4A-IDAPIGroupIDDocumentationNameUpdateTimeDescriptionType",
      "probability": 1,
      "from_file_path": "./APICall",
      "from_class_or_interface_name": "APICall",
      "from_class_or_interface_key": "_TjQiEHVsEDKOXthrFlIC4A",
      "from_method_name": null,
      "from_method_key": null,
      "to_file_path": "./Variable",
      "to_class_or_interface_key": "_VRzHgHVsEDKOXthrFlIC4A",
      "to_class_or_interface_name": "APICall",
      "to_method_key": null,
      "to_method_name": null,
      "data_clump_type": "fields_to_fields_data_clump",
      "data_clump_data": {
        "_2mKKgXV0EDKOXthrFlIC4A": {
          "key": "_2mKKgXV0EDKOXthrFlIC4A",
          "name": "ID",
          "type": null,
          "probability": 1,
          "modifiers": [],
          "to_variable": {
            "key": "_3mQVknV0EDKOXthrFlIC4A",
            "name": "ID",
            "type": null,
            "modifiers": [],
            "position": {}
          },
          "position": {}
        },
        "_LkNC4HcDEDKASacSb_AVvQ": {
          "key": "_LkNC4HcDEDKASacSb_AVvQ",
          "name": "APIGroupID",
          "type": null,
          "probability": 1,
          "modifiers": [],
          "to_variable": {
            "key": "_vsLzIHcCEDKASacSb_AVvQ",
            "name": "APIGroupID",
            "type": null,
            "modifiers": [],
            "position": {}
          },
          "position": {}
        },
        "_8HQbkHV0EDKOXthrFlIC4A": {
          "key": "_8HQbkHV0EDKOXthrFlIC4A",
          "name": "Documentation",
          "type": null,
          "probability": 1,
          "modifiers": [],
          "to_variable": {
            "key": "_3mPugHV0EDKOXthrFlIC4A",
            "name": "Documentation",
            "type": null,
            "modifiers": [],
            "position": {}
          },
          "position": {}
        },
        "_2mJjcHV0EDKOXthrFlIC4A": {
          "key": "_2mJjcHV0EDKOXthrFlIC4A",
          "name": "Name",
          "type": null,
          "probability": 1,
          "modifiers": [],
          "to_variable": {
            "key": "_3mPugXV0EDKOXthrFlIC4A",
            "name": "Name",
            "type": null,
            "modifiers": [],
            "position": {}
          },
          "position": {}
        },
        "_2mKKgHV0EDKOXthrFlIC4A": {
          "key": "_2mKKgHV0EDKOXthrFlIC4A",
          "name": "UpdateTime",
          "type": null,
          "probability": 1,
          "modifiers": [],
          "to_variable": {
            "key": "_3mQVkXV0EDKOXthrFlIC4A",
            "name": "UpdateTime",
            "type": null,
            "modifiers": [],
            "position": {}
          },
          "position": {}
        },
        "_2mKKgnV0EDKOXthrFlIC4A": {
          "key": "_2mKKgnV0EDKOXthrFlIC4A",
          "name": "Description",
          "type": null,
          "probability": 1,
          "modifiers": [],
          "to_variable": {
            "key": "_3mQVk3V0EDKOXthrFlIC4A",
            "name": "Description",
            "type": null,
            "modifiers": [],
            "position": {}
          },
          "position": {}
        },
        "_nuOooHcDEDKU_-wqvXYRcg": {
          "key": "_nuOooHcDEDKU_-wqvXYRcg",
          "name": "Type",
          "type": null,
          "probability": 1,
          "modifiers": [],
          "to_variable": {
            "key": "_203tEHcCEDKASacSb_AVvQ",
            "name": "Type",
            "type": null,
            "modifiers": [],
            "position": {}
          },
          "position": {}
        }
      }
    },
    "fields_to_fields_data_clump-./APIGroup-_SPwS0HVsEDKOXthrFlIC4A-_TjQiEHVsEDKOXthrFlIC4A-IDDocumentationNameShortDescriptionUpdateTimeDescription": {
      "type": "data_clump",
      "key": "fields_to_fields_data_clump-./APIGroup-_SPwS0HVsEDKOXthrFlIC4A-_TjQiEHVsEDKOXthrFlIC4A-IDDocumentationNameShortDescriptionUpdateTimeDescription",
      "probability": 1,
      "from_file_path": "./APIGroup",
      "from_class_or_interface_name": "APIGroup",
      "from_class_or_interface_key": "_SPwS0HVsEDKOXthrFlIC4A",
      "from_method_name": null,
      "from_method_key": null,
      "to_file_path": "./APICall",
      "to_class_or_interface_key": "_TjQiEHVsEDKOXthrFlIC4A",
      "to_class_or_interface_name": "APIGroup",
      "to_method_key": null,
      "to_method_name": null,
      "data_clump_type": "fields_to_fields_data_clump",
      "data_clump_data": {
        "_rXIGQHV0EDKOXthrFlIC4A": {
          "key": "_rXIGQHV0EDKOXthrFlIC4A",
          "name": "ID",
          "type": null,
          "probability": 1,
          "modifiers": [],
          "to_variable": {
            "key": "_2mKKgXV0EDKOXthrFlIC4A",
            "name": "ID",
            "type": null,
            "modifiers": [],
            "position": {}
          },
          "position": {}
        },
        "_aXlb8HV0EDKOXthrFlIC4A": {
          "key": "_aXlb8HV0EDKOXthrFlIC4A",
          "name": "Documentation",
          "type": null,
          "probability": 1,
          "modifiers": [],
          "to_variable": {
            "key": "_8HQbkHV0EDKOXthrFlIC4A",
            "name": "Documentation",
            "type": null,
            "modifiers": [],
            "position": {}
          },
          "position": {}
        },
        "_ftUxkHV0EDKOXthrFlIC4A": {
          "key": "_ftUxkHV0EDKOXthrFlIC4A",
          "name": "Name",
          "type": null,
          "probability": 1,
          "modifiers": [],
          "to_variable": {
            "key": "_2mJjcHV0EDKOXthrFlIC4A",
            "name": "Name",
            "type": null,
            "modifiers": [],
            "position": {}
          },
          "position": {}
        },
        "_iIMRgHV0EDKOXthrFlIC4A": {
          "key": "_iIMRgHV0EDKOXthrFlIC4A",
          "name": "ShortDescription",
          "type": null,
          "probability": 1,
          "modifiers": [],
          "to_variable": {
            "key": "_2mJjcXV0EDKOXthrFlIC4A",
            "name": "ShortDescription",
            "type": null,
            "modifiers": [],
            "position": {}
          },
          "position": {}
        },
        "_l4JVEHV0EDKOXthrFlIC4A": {
          "key": "_l4JVEHV0EDKOXthrFlIC4A",
          "name": "UpdateTime",
          "type": null,
          "probability": 1,
          "modifiers": [],
          "to_variable": {
            "key": "_2mKKgHV0EDKOXthrFlIC4A",
            "name": "UpdateTime",
            "type": null,
            "modifiers": [],
            "position": {}
          },
          "position": {}
        },
        "_tEiDQHV0EDKOXthrFlIC4A": {
          "key": "_tEiDQHV0EDKOXthrFlIC4A",
          "name": "Description",
          "type": null,
          "probability": 1,
          "modifiers": [],
          "to_variable": {
            "key": "_2mKKgnV0EDKOXthrFlIC4A",
            "name": "Description",
            "type": null,
            "modifiers": [],
            "position": {}
          },
          "position": {}
        }
      }
    },
    "fields_to_fields_data_clump-./APIGroup-_SPwS0HVsEDKOXthrFlIC4A-_VRzHgHVsEDKOXthrFlIC4A-IDDocumentationNameUpdateTimeDescription": {
      "type": "data_clump",
      "key": "fields_to_fields_data_clump-./APIGroup-_SPwS0HVsEDKOXthrFlIC4A-_VRzHgHVsEDKOXthrFlIC4A-IDDocumentationNameUpdateTimeDescription",
      "probability": 1,
      "from_file_path": "./APIGroup",
      "from_class_or_interface_name": "APIGroup",
      "from_class_or_interface_key": "_SPwS0HVsEDKOXthrFlIC4A",
      "from_method_name": null,
      "from_method_key": null,
      "to_file_path": "./Variable",
      "to_class_or_interface_key": "_VRzHgHVsEDKOXthrFlIC4A",
      "to_class_or_interface_name": "APIGroup",
      "to_method_key": null,
      "to_method_name": null,
      "data_clump_type": "fields_to_fields_data_clump",
      "data_clump_data": {
        "_rXIGQHV0EDKOXthrFlIC4A": {
          "key": "_rXIGQHV0EDKOXthrFlIC4A",
          "name": "ID",
          "type": null,
          "probability": 1,
          "modifiers": [],
          "to_variable": {
            "key": "_3mQVknV0EDKOXthrFlIC4A",
            "name": "ID",
            "type": null,
            "modifiers": [],
            "position": {}
          },
          "position": {}
        },
        "_aXlb8HV0EDKOXthrFlIC4A": {
          "key": "_aXlb8HV0EDKOXthrFlIC4A",
          "name": "Documentation",
          "type": null,
          "probability": 1,
          "modifiers": [],
          "to_variable": {
            "key": "_3mPugHV0EDKOXthrFlIC4A",
            "name": "Documentation",
            "type": null,
            "modifiers": [],
            "position": {}
          },
          "position": {}
        },
        "_ftUxkHV0EDKOXthrFlIC4A": {
          "key": "_ftUxkHV0EDKOXthrFlIC4A",
          "name": "Name",
          "type": null,
          "probability": 1,
          "modifiers": [],
          "to_variable": {
            "key": "_3mPugXV0EDKOXthrFlIC4A",
            "name": "Name",
            "type": null,
            "modifiers": [],
            "position": {}
          },
          "position": {}
        },
        "_l4JVEHV0EDKOXthrFlIC4A": {
          "key": "_l4JVEHV0EDKOXthrFlIC4A",
          "name": "UpdateTime",
          "type": null,
          "probability": 1,
          "modifiers": [],
          "to_variable": {
            "key": "_3mQVkXV0EDKOXthrFlIC4A",
            "name": "UpdateTime",
            "type": null,
            "modifiers": [],
            "position": {}
          },
          "position": {}
        },
        "_tEiDQHV0EDKOXthrFlIC4A": {
          "key": "_tEiDQHV0EDKOXthrFlIC4A",
          "name": "Description",
          "type": null,
          "probability": 1,
          "modifiers": [],
          "to_variable": {
            "key": "_3mQVk3V0EDKOXthrFlIC4A",
            "name": "Description",
            "type": null,
            "modifiers": [],
            "position": {}
          },
          "position": {}
        }
      }
    },
    "fields_to_fields_data_clump-./Variable-_VRzHgHVsEDKOXthrFlIC4A-_TjQiEHVsEDKOXthrFlIC4A-IDAPIGroupIDDocumentationNameDescriptionUpdateTimeType": {
      "type": "data_clump",
      "key": "fields_to_fields_data_clump-./Variable-_VRzHgHVsEDKOXthrFlIC4A-_TjQiEHVsEDKOXthrFlIC4A-IDAPIGroupIDDocumentationNameDescriptionUpdateTimeType",
      "probability": 1,
      "from_file_path": "./Variable",
      "from_class_or_interface_name": "Variable",
      "from_class_or_interface_key": "_VRzHgHVsEDKOXthrFlIC4A",
      "from_method_name": null,
      "from_method_key": null,
      "to_file_path": "./APICall",
      "to_class_or_interface_key": "_TjQiEHVsEDKOXthrFlIC4A",
      "to_class_or_interface_name": "Variable",
      "to_method_key": null,
      "to_method_name": null,
      "data_clump_type": "fields_to_fields_data_clump",
      "data_clump_data": {
        "_3mQVknV0EDKOXthrFlIC4A": {
          "key": "_3mQVknV0EDKOXthrFlIC4A",
          "name": "ID",
          "type": null,
          "probability": 1,
          "modifiers": [],
          "to_variable": {
            "key": "_2mKKgXV0EDKOXthrFlIC4A",
            "name": "ID",
            "type": null,
            "modifiers": [],
            "position": {}
          },
          "position": {}
        },
        "_vsLzIHcCEDKASacSb_AVvQ": {
          "key": "_vsLzIHcCEDKASacSb_AVvQ",
          "name": "APIGroupID",
          "type": null,
          "probability": 1,
          "modifiers": [],
          "to_variable": {
            "key": "_LkNC4HcDEDKASacSb_AVvQ",
            "name": "APIGroupID",
            "type": null,
            "modifiers": [],
            "position": {}
          },
          "position": {}
        },
        "_3mPugHV0EDKOXthrFlIC4A": {
          "key": "_3mPugHV0EDKOXthrFlIC4A",
          "name": "Documentation",
          "type": null,
          "probability": 1,
          "modifiers": [],
          "to_variable": {
            "key": "_8HQbkHV0EDKOXthrFlIC4A",
            "name": "Documentation",
            "type": null,
            "modifiers": [],
            "position": {}
          },
          "position": {}
        },
        "_3mPugXV0EDKOXthrFlIC4A": {
          "key": "_3mPugXV0EDKOXthrFlIC4A",
          "name": "Name",
          "type": null,
          "probability": 1,
          "modifiers": [],
          "to_variable": {
            "key": "_2mJjcHV0EDKOXthrFlIC4A",
            "name": "Name",
            "type": null,
            "modifiers": [],
            "position": {}
          },
          "position": {}
        },
        "_3mQVk3V0EDKOXthrFlIC4A": {
          "key": "_3mQVk3V0EDKOXthrFlIC4A",
          "name": "Description",
          "type": null,
          "probability": 1,
          "modifiers": [],
          "to_variable": {
            "key": "_2mKKgnV0EDKOXthrFlIC4A",
            "name": "Description",
            "type": null,
            "modifiers": [],
            "position": {}
          },
          "position": {}
        },
        "_3mQVkXV0EDKOXthrFlIC4A": {
          "key": "_3mQVkXV0EDKOXthrFlIC4A",
          "name": "UpdateTime",
          "type": null,
          "probability": 1,
          "modifiers": [],
          "to_variable": {
            "key": "_2mKKgHV0EDKOXthrFlIC4A",
            "name": "UpdateTime",
            "type": null,
            "modifiers": [],
            "position": {}
          },
          "position": {}
        },
        "_203tEHcCEDKASacSb_AVvQ": {
          "key": "_203tEHcCEDKASacSb_AVvQ",
          "name": "Type",
          "type": null,
          "probability": 1,
          "modifiers": [],
          "to_variable": {
            "key": "_nuOooHcDEDKU_-wqvXYRcg",
            "name": "Type",
            "type": null,
            "modifiers": [],
            "position": {}
          },
          "position": {}
        }
      }
    },
    "fields_to_fields_data_clump-./Variable-_VRzHgHVsEDKOXthrFlIC4A-_SPwS0HVsEDKOXthrFlIC4A-IDDocumentationNameDescriptionUpdateTime": {
      "type": "data_clump",
      "key": "fields_to_fields_data_clump-./Variable-_VRzHgHVsEDKOXthrFlIC4A-_SPwS0HVsEDKOXthrFlIC4A-IDDocumentationNameDescriptionUpdateTime",
      "probability": 1,
      "from_file_path": "./Variable",
      "from_class_or_interface_name": "Variable",
      "from_class_or_interface_key": "_VRzHgHVsEDKOXthrFlIC4A",
      "from_method_name": null,
      "from_method_key": null,
      "to_file_path": "./APIGroup",
      "to_class_or_interface_key": "_SPwS0HVsEDKOXthrFlIC4A",
      "to_class_or_interface_name": "Variable",
      "to_method_key": null,
      "to_method_name": null,
      "data_clump_type": "fields_to_fields_data_clump",
      "data_clump_data": {
        "_3mQVknV0EDKOXthrFlIC4A": {
          "key": "_3mQVknV0EDKOXthrFlIC4A",
          "name": "ID",
          "type": null,
          "probability": 1,
          "modifiers": [],
          "to_variable": {
            "key": "_rXIGQHV0EDKOXthrFlIC4A",
            "name": "ID",
            "type": null,
            "modifiers": [],
            "position": {}
          },
          "position": {}
        },
        "_3mPugHV0EDKOXthrFlIC4A": {
          "key": "_3mPugHV0EDKOXthrFlIC4A",
          "name": "Documentation",
          "type": null,
          "probability": 1,
          "modifiers": [],
          "to_variable": {
            "key": "_aXlb8HV0EDKOXthrFlIC4A",
            "name": "Documentation",
            "type": null,
            "modifiers": [],
            "position": {}
          },
          "position": {}
        },
        "_3mPugXV0EDKOXthrFlIC4A": {
          "key": "_3mPugXV0EDKOXthrFlIC4A",
          "name": "Name",
          "type": null,
          "probability": 1,
          "modifiers": [],
          "to_variable": {
            "key": "_ftUxkHV0EDKOXthrFlIC4A",
            "name": "Name",
            "type": null,
            "modifiers": [],
            "position": {}
          },
          "position": {}
        },
        "_3mQVk3V0EDKOXthrFlIC4A": {
          "key": "_3mQVk3V0EDKOXthrFlIC4A",
          "name": "Description",
          "type": null,
          "probability": 1,
          "modifiers": [],
          "to_variable": {
            "key": "_tEiDQHV0EDKOXthrFlIC4A",
            "name": "Description",
            "type": null,
            "modifiers": [],
            "position": {}
          },
          "position": {}
        },
        "_3mQVkXV0EDKOXthrFlIC4A": {
          "key": "_3mQVkXV0EDKOXthrFlIC4A",
          "name": "UpdateTime",
          "type": null,
          "probability": 1,
          "modifiers": [],
          "to_variable": {
            "key": "_l4JVEHV0EDKOXthrFlIC4A",
            "name": "UpdateTime",
            "type": null,
            "modifiers": [],
            "position": {}
          },
          "position": {}
        }
      }
    }
  }
}