{
  "report_version": "unknown",
  "report_timestamp": "2025-03-26T21:58:03.712Z",
  "target_language": "java",
  "report_summary": {
    "additional": null,
    "amount_classes_or_interfaces_with_data_clumps": 4,
    "amount_files_with_data_clumps": 4,
    "amount_methods_with_data_clumps": 5,
    "fields_to_fields_data_clump": 0,
    "parameters_to_fields_data_clump": 3,
    "parameters_to_parameters_data_clump": 2,
    "amount_data_clumps": 5
  },
  "project_info": {
    "project_url": "unknown_project_url",
    "project_name": "_JNtKUBzzEeWZ2bl4pvJa1w",
    "project_version": "unknown_project_version",
    "project_commit_hash": "unknown",
    "project_tag": null,
    "project_commit_date": null,
    "additional": {},
    "number_of_files": 20,
    "number_of_classes_or_interfaces": 20,
    "number_of_methods": 62,
    "number_of_data_fields": 28,
    "number_of_method_parameters": 58
  },
  "detector": {
    "name": "data-clumps-doctor",
    "url": "https://github.com/NilsBaumgartner1994/data-clumps-doctor",
    "version": "0.1.100",
    "options": {
      "typeVariablesConsidered": false,
      "similarityModifierOfVariablesWithUnknownType": 0,
      "fieldsOfClassesWithUnknownHierarchyProbabilityModifier": 0,
      "sharedFieldsToFieldsAmountMinimum": 3,
      "analyseFieldsInClassesOrInterfacesInheritedFromSuperClassesOrInterfaces": false,
      "sharedParametersToParametersAmountMinimum": 3,
      "sharedParametersToFieldsAmountMinimum": 3,
      "methodsOfClassesOrInterfacesWithUnknownHierarchyProbabilityModifier": 0
    }
  },
  "data_clumps": {
    "parameters_to_fields_data_clump-./Car-_JvbXjBzzEeWurvhAeeLK7A-_JvbXbhzzEeWurvhAeeLK7A-modelyearmanufacturercolor": {
      "type": "data_clump",
      "key": "parameters_to_fields_data_clump-./Car-_JvbXjBzzEeWurvhAeeLK7A-_JvbXbhzzEeWurvhAeeLK7A-modelyearmanufacturercolor",
      "probability": 1,
      "from_file_path": "./Car",
      "from_class_or_interface_name": "Car",
      "from_class_or_interface_key": "_JvbXbhzzEeWurvhAeeLK7A",
      "from_method_name": "Car",
      "from_method_key": "_JvbXjBzzEeWurvhAeeLK7A",
      "to_file_path": "./Car",
      "to_class_or_interface_name": "Car",
      "to_class_or_interface_key": "_JvbXbhzzEeWurvhAeeLK7A",
      "to_method_name": null,
      "to_method_key": null,
      "data_clump_type": "parameters_to_fields_data_clump",
      "data_clump_data": {
        "_JvbXjRzzEeWurvhAeeLK7A": {
          "key": "_JvbXjRzzEeWurvhAeeLK7A",
          "name": "model",
          "type": null,
          "probability": 1,
          "modifiers": [],
          "to_variable": {
            "key": "_JvbXeRzzEeWurvhAeeLK7A",
            "name": "model",
            "type": null,
            "modifiers": [
              "private"
            ],
            "position": {}
          },
          "position": {}
        },
        "_JvbXkBzzEeWurvhAeeLK7A": {
          "key": "_JvbXkBzzEeWurvhAeeLK7A",
          "name": "year",
          "type": null,
          "probability": 1,
          "modifiers": [],
          "to_variable": {
            "key": "_JvbXfBzzEeWurvhAeeLK7A",
            "name": "year",
            "type": null,
            "modifiers": [
              "private"
            ],
            "position": {}
          },
          "position": {}
        },
        "_JvbXkxzzEeWurvhAeeLK7A": {
          "key": "_JvbXkxzzEeWurvhAeeLK7A",
          "name": "manufacturer",
          "type": null,
          "probability": 1,
          "modifiers": [],
          "to_variable": {
            "key": "_JvbXfxzzEeWurvhAeeLK7A",
            "name": "manufacturer",
            "type": null,
            "modifiers": [
              "private"
            ],
            "position": {}
          },
          "position": {}
        },
        "_JvbXlhzzEeWurvhAeeLK7A": {
          "key": "_JvbXlhzzEeWurvhAeeLK7A",
          "name": "color",
          "type": null,
          "probability": 1,
          "modifiers": [],
          "to_variable": {
            "key": "_JvbXghzzEeWurvhAeeLK7A",
            "name": "color",
            "type": null,
            "modifiers": [
              "private"
            ],
            "position": {}
          },
          "position": {}
        }
      }
    },
    "parameters_to_fields_data_clump-./HibernateSearchLazyDataModel-_JvdzzxzzEeWurvhAeeLK7A-_JvdzthzzEeWurvhAeeLK7A-fullTextEntityManagerclazzglobalFilterProperty": {
      "type": "data_clump",
      "key": "parameters_to_fields_data_clump-./HibernateSearchLazyDataModel-_JvdzzxzzEeWurvhAeeLK7A-_JvdzthzzEeWurvhAeeLK7A-fullTextEntityManagerclazzglobalFilterProperty",
      "probability": 1,
      "from_file_path": "./HibernateSearchLazyDataModel",
      "from_class_or_interface_name": "HibernateSearchLazyDataModel",
      "from_class_or_interface_key": "_JvdzthzzEeWurvhAeeLK7A",
      "from_method_name": "HibernateSearchLazyDataModel",
      "from_method_key": "_JvdzzxzzEeWurvhAeeLK7A",
      "to_file_path": "./HibernateSearchLazyDataModel",
      "to_class_or_interface_name": "HibernateSearchLazyDataModel",
      "to_class_or_interface_key": "_JvdzthzzEeWurvhAeeLK7A",
      "to_method_name": null,
      "to_method_key": null,
      "data_clump_type": "parameters_to_fields_data_clump",
      "data_clump_data": {
        "_Jvdz0BzzEeWurvhAeeLK7A": {
          "key": "_Jvdz0BzzEeWurvhAeeLK7A",
          "name": "fullTextEntityManager",
          "type": null,
          "probability": 1,
          "modifiers": [],
          "to_variable": {
            "key": "_JvdzwxzzEeWurvhAeeLK7A",
            "name": "fullTextEntityManager",
            "type": null,
            "modifiers": [
              "private"
            ],
            "position": {}
          },
          "position": {}
        },
        "_Jvdz0xzzEeWurvhAeeLK7A": {
          "key": "_Jvdz0xzzEeWurvhAeeLK7A",
          "name": "clazz",
          "type": null,
          "probability": 1,
          "modifiers": [],
          "to_variable": {
            "key": "_JvdzxhzzEeWurvhAeeLK7A",
            "name": "clazz",
            "type": null,
            "modifiers": [
              "private"
            ],
            "position": {}
          },
          "position": {}
        },
        "_Jvdz1hzzEeWurvhAeeLK7A": {
          "key": "_Jvdz1hzzEeWurvhAeeLK7A",
          "name": "globalFilterProperty",
          "type": null,
          "probability": 1,
          "modifiers": [],
          "to_variable": {
            "key": "_JvdzyRzzEeWurvhAeeLK7A",
            "name": "globalFilterProperty",
            "type": null,
            "modifiers": [
              "private"
            ],
            "position": {}
          },
          "position": {}
        }
      }
    },
    "parameters_to_parameters_data_clump-./HibernateSearchLazyDataModel-_JvearRzzEeWurvhAeeLK7A-_JvfBvhzzEeWurvhAeeLK7A-firstpageSizesortFieldsortOrderfilters": {
      "type": "data_clump",
      "key": "parameters_to_parameters_data_clump-./HibernateSearchLazyDataModel-_JvearRzzEeWurvhAeeLK7A-_JvfBvhzzEeWurvhAeeLK7A-firstpageSizesortFieldsortOrderfilters",
      "probability": 1,
      "from_file_path": "./HibernateSearchLazyDataModel",
      "from_class_or_interface_name": "HibernateSearchLazyDataModel",
      "from_class_or_interface_key": "_JvdzthzzEeWurvhAeeLK7A",
      "from_method_name": "load",
      "from_method_key": "_JvearRzzEeWurvhAeeLK7A",
      "to_file_path": "./SpringDataJPALazyDataModel",
      "to_class_or_interface_name": "SpringDataJPALazyDataModel",
      "to_class_or_interface_key": "_Jvea1RzzEeWurvhAeeLK7A",
      "to_method_name": "load",
      "to_method_key": "_JvfBvhzzEeWurvhAeeLK7A",
      "data_clump_type": "parameters_to_parameters_data_clump",
      "data_clump_data": {
        "_JveasRzzEeWurvhAeeLK7A": {
          "key": "_JveasRzzEeWurvhAeeLK7A",
          "name": "first",
          "type": null,
          "probability": 1,
          "modifiers": [],
          "to_variable": {
            "key": "_JvfBwhzzEeWurvhAeeLK7A",
            "name": "first",
            "type": null,
            "modifiers": [],
            "position": {}
          },
          "position": {}
        },
        "_JveatBzzEeWurvhAeeLK7A": {
          "key": "_JveatBzzEeWurvhAeeLK7A",
          "name": "pageSize",
          "type": null,
          "probability": 1,
          "modifiers": [],
          "to_variable": {
            "key": "_JvfBxRzzEeWurvhAeeLK7A",
            "name": "pageSize",
            "type": null,
            "modifiers": [],
            "position": {}
          },
          "position": {}
        },
        "_JveatxzzEeWurvhAeeLK7A": {
          "key": "_JveatxzzEeWurvhAeeLK7A",
          "name": "sortField",
          "type": null,
          "probability": 1,
          "modifiers": [],
          "to_variable": {
            "key": "_JvfByBzzEeWurvhAeeLK7A",
            "name": "sortField",
            "type": null,
            "modifiers": [],
            "position": {}
          },
          "position": {}
        },
        "_JveauhzzEeWurvhAeeLK7A": {
          "key": "_JveauhzzEeWurvhAeeLK7A",
          "name": "sortOrder",
          "type": null,
          "probability": 1,
          "modifiers": [],
          "to_variable": {
            "key": "_JvfByxzzEeWurvhAeeLK7A",
            "name": "sortOrder",
            "type": null,
            "modifiers": [],
            "position": {}
          },
          "position": {}
        },
        "_JveavRzzEeWurvhAeeLK7A": {
          "key": "_JveavRzzEeWurvhAeeLK7A",
          "name": "filters",
          "type": null,
          "probability": 1,
          "modifiers": [],
          "to_variable": {
            "key": "_JvfBzhzzEeWurvhAeeLK7A",
            "name": "filters",
            "type": null,
            "modifiers": [],
            "position": {}
          },
          "position": {}
        }
      }
    },
    "parameters_to_parameters_data_clump-./SpringDataJPALazyDataModel-_JvfBvhzzEeWurvhAeeLK7A-_JvearRzzEeWurvhAeeLK7A-firstpageSizesortFieldsortOrderfilters": {
      "type": "data_clump",
      "key": "parameters_to_parameters_data_clump-./SpringDataJPALazyDataModel-_JvfBvhzzEeWurvhAeeLK7A-_JvearRzzEeWurvhAeeLK7A-firstpageSizesortFieldsortOrderfilters",
      "probability": 1,
      "from_file_path": "./SpringDataJPALazyDataModel",
      "from_class_or_interface_name": "SpringDataJPALazyDataModel",
      "from_class_or_interface_key": "_Jvea1RzzEeWurvhAeeLK7A",
      "from_method_name": "load",
      "from_method_key": "_JvfBvhzzEeWurvhAeeLK7A",
      "to_file_path": "./HibernateSearchLazyDataModel",
      "to_class_or_interface_name": "HibernateSearchLazyDataModel",
      "to_class_or_interface_key": "_JvdzthzzEeWurvhAeeLK7A",
      "to_method_name": "load",
      "to_method_key": "_JvearRzzEeWurvhAeeLK7A",
      "data_clump_type": "parameters_to_parameters_data_clump",
      "data_clump_data": {
        "_JvfBwhzzEeWurvhAeeLK7A": {
          "key": "_JvfBwhzzEeWurvhAeeLK7A",
          "name": "first",
          "type": null,
          "probability": 1,
          "modifiers": [],
          "to_variable": {
            "key": "_JveasRzzEeWurvhAeeLK7A",
            "name": "first",
            "type": null,
            "modifiers": [],
            "position": {}
          },
          "position": {}
        },
        "_JvfBxRzzEeWurvhAeeLK7A": {
          "key": "_JvfBxRzzEeWurvhAeeLK7A",
          "name": "pageSize",
          "type": null,
          "probability": 1,
          "modifiers": [],
          "to_variable": {
            "key": "_JveatBzzEeWurvhAeeLK7A",
            "name": "pageSize",
            "type": null,
            "modifiers": [],
            "position": {}
          },
          "position": {}
        },
        "_JvfByBzzEeWurvhAeeLK7A": {
          "key": "_JvfByBzzEeWurvhAeeLK7A",
          "name": "sortField",
          "type": null,
          "probability": 1,
          "modifiers": [],
          "to_variable": {
            "key": "_JveatxzzEeWurvhAeeLK7A",
            "name": "sortField",
            "type": null,
            "modifiers": [],
            "position": {}
          },
          "position": {}
        },
        "_JvfByxzzEeWurvhAeeLK7A": {
          "key": "_JvfByxzzEeWurvhAeeLK7A",
          "name": "sortOrder",
          "type": null,
          "probability": 1,
          "modifiers": [],
          "to_variable": {
            "key": "_JveauhzzEeWurvhAeeLK7A",
            "name": "sortOrder",
            "type": null,
            "modifiers": [],
            "position": {}
          },
          "position": {}
        },
        "_JvfBzhzzEeWurvhAeeLK7A": {
          "key": "_JvfBzhzzEeWurvhAeeLK7A",
          "name": "filters",
          "type": null,
          "probability": 1,
          "modifiers": [],
          "to_variable": {
            "key": "_JveavRzzEeWurvhAeeLK7A",
            "name": "filters",
            "type": null,
            "modifiers": [],
            "position": {}
          },
          "position": {}
        }
      }
    },
    "parameters_to_fields_data_clump-./TableBean-_JvdMiBzzEeWurvhAeeLK7A-_JvcljhzzEeWurvhAeeLK7A-headerexpressionorder": {
      "type": "data_clump",
      "key": "parameters_to_fields_data_clump-./TableBean-_JvdMiBzzEeWurvhAeeLK7A-_JvcljhzzEeWurvhAeeLK7A-headerexpressionorder",
      "probability": 1,
      "from_file_path": "./TableBean",
      "from_class_or_interface_name": "TableBean",
      "from_class_or_interface_key": "_JvcljhzzEeWurvhAeeLK7A",
      "from_method_name": "ColumnModel",
      "from_method_key": "_JvdMiBzzEeWurvhAeeLK7A",
      "to_file_path": "./TableBean",
      "to_class_or_interface_name": "TableBean",
      "to_class_or_interface_key": "_JvcljhzzEeWurvhAeeLK7A",
      "to_method_name": null,
      "to_method_key": null,
      "data_clump_type": "parameters_to_fields_data_clump",
      "data_clump_data": {
        "_JvdMiRzzEeWurvhAeeLK7A": {
          "key": "_JvdMiRzzEeWurvhAeeLK7A",
          "name": "header",
          "type": null,
          "probability": 1,
          "modifiers": [],
          "to_variable": {
            "key": "_JvclthzzEeWurvhAeeLK7A",
            "name": "header",
            "type": null,
            "modifiers": [
              "private"
            ],
            "position": {}
          },
          "position": {}
        },
        "_JvdMjBzzEeWurvhAeeLK7A": {
          "key": "_JvdMjBzzEeWurvhAeeLK7A",
          "name": "expression",
          "type": null,
          "probability": 1,
          "modifiers": [],
          "to_variable": {
            "key": "_JvdMghzzEeWurvhAeeLK7A",
            "name": "expression",
            "type": null,
            "modifiers": [
              "private"
            ],
            "position": {}
          },
          "position": {}
        },
        "_JvdMjxzzEeWurvhAeeLK7A": {
          "key": "_JvdMjxzzEeWurvhAeeLK7A",
          "name": "order",
          "type": null,
          "probability": 1,
          "modifiers": [],
          "to_variable": {
            "key": "_JvdMhRzzEeWurvhAeeLK7A",
            "name": "order",
            "type": null,
            "modifiers": [
              "private"
            ],
            "position": {}
          },
          "position": {}
        }
      }
    }
  }
}