{
  "report_version": "unknown",
  "report_timestamp": "2025-03-26T21:46:26.745Z",
  "target_language": "java",
  "report_summary": {
    "additional": null,
    "amount_classes_or_interfaces_with_data_clumps": 1,
    "amount_files_with_data_clumps": 1,
    "amount_methods_with_data_clumps": 1,
    "fields_to_fields_data_clump": 0,
    "parameters_to_fields_data_clump": 1,
    "parameters_to_parameters_data_clump": 0,
    "amount_data_clumps": 1
  },
  "project_info": {
    "project_url": "unknown_project_url",
    "project_name": "_-KMUkAqsEeihOuC11hdjgA",
    "project_version": "unknown_project_version",
    "project_commit_hash": "unknown",
    "project_tag": null,
    "project_commit_date": null,
    "additional": {},
    "number_of_files": 10,
    "number_of_classes_or_interfaces": 10,
    "number_of_methods": 27,
    "number_of_data_fields": 6,
    "number_of_method_parameters": 25
  },
  "detector": {
    "name": "data-clumps-doctor",
    "url": "https://github.com/NilsBaumgartner1994/data-clumps-doctor",
    "version": "0.1.100",
    "options": {
      "typeVariablesConsidered": false,
      "similarityModifierOfVariablesWithUnknownType": 0,
      "fieldsOfClassesWithUnknownHierarchyProbabilityModifier": 0,
      "sharedFieldsToFieldsAmountMinimum": 3,
      "analyseFieldsInClassesOrInterfacesInheritedFromSuperClassesOrInterfaces": false,
      "sharedParametersToParametersAmountMinimum": 3,
      "sharedParametersToFieldsAmountMinimum": 3,
      "methodsOfClassesOrInterfacesWithUnknownHierarchyProbabilityModifier": 0
    }
  },
  "data_clumps": {
    "parameters_to_fields_data_clump-./subscription-_-aKqVwqsEeijEaADlw6QoA-_-aKqSQqsEeijEaADlw6QoA-namedatepricenote": {
      "type": "data_clump",
      "key": "parameters_to_fields_data_clump-./subscription-_-aKqVwqsEeijEaADlw6QoA-_-aKqSQqsEeijEaADlw6QoA-namedatepricenote",
      "probability": 1,
      "from_file_path": "./subscription",
      "from_class_or_interface_name": "subscription",
      "from_class_or_interface_key": "_-aKqSQqsEeijEaADlw6QoA",
      "from_method_name": "subscription",
      "from_method_key": "_-aKqVwqsEeijEaADlw6QoA",
      "to_file_path": "./subscription",
      "to_class_or_interface_name": "subscription",
      "to_class_or_interface_key": "_-aKqSQqsEeijEaADlw6QoA",
      "to_method_name": null,
      "to_method_key": null,
      "data_clump_type": "parameters_to_fields_data_clump",
      "data_clump_data": {
        "_-aKqcAqsEeijEaADlw6QoA": {
          "key": "_-aKqcAqsEeijEaADlw6QoA",
          "name": "name",
          "type": null,
          "probability": 1,
          "modifiers": [],
          "to_variable": {
            "key": "_-aKqSwqsEeijEaADlw6QoA",
            "name": "name",
            "type": null,
            "modifiers": [
              "private"
            ],
            "position": {}
          },
          "position": {}
        },
        "_-aKqcwqsEeijEaADlw6QoA": {
          "key": "_-aKqcwqsEeijEaADlw6QoA",
          "name": "date",
          "type": null,
          "probability": 1,
          "modifiers": [],
          "to_variable": {
            "key": "_-aKqTgqsEeijEaADlw6QoA",
            "name": "date",
            "type": null,
            "modifiers": [
              "private"
            ],
            "position": {}
          },
          "position": {}
        },
        "_-aKqdgqsEeijEaADlw6QoA": {
          "key": "_-aKqdgqsEeijEaADlw6QoA",
          "name": "price",
          "type": null,
          "probability": 1,
          "modifiers": [],
          "to_variable": {
            "key": "_-aKqUQqsEeijEaADlw6QoA",
            "name": "price",
            "type": null,
            "modifiers": [
              "private"
            ],
            "position": {}
          },
          "position": {}
        },
        "_-aKqeQqsEeijEaADlw6QoA": {
          "key": "_-aKqeQqsEeijEaADlw6QoA",
          "name": "note",
          "type": null,
          "probability": 1,
          "modifiers": [],
          "to_variable": {
            "key": "_-aKqVAqsEeijEaADlw6QoA",
            "name": "note",
            "type": null,
            "modifiers": [
              "private"
            ],
            "position": {}
          },
          "position": {}
        }
      }
    }
  }
}