{
  "report_version": "unknown",
  "report_timestamp": "2025-03-26T22:37:15.495Z",
  "target_language": "java",
  "report_summary": {
    "additional": null,
    "amount_classes_or_interfaces_with_data_clumps": 1,
    "amount_files_with_data_clumps": 1,
    "amount_methods_with_data_clumps": 4,
    "fields_to_fields_data_clump": 0,
    "parameters_to_fields_data_clump": 0,
    "parameters_to_parameters_data_clump": 4,
    "amount_data_clumps": 4
  },
  "project_info": {
    "project_url": "unknown_project_url",
    "project_name": "18f843d3-a208-4443-b3c1-ad06980cdb5d",
    "project_version": "unknown_project_version",
    "project_commit_hash": "unknown",
    "project_tag": null,
    "project_commit_date": null,
    "additional": {},
    "number_of_files": 4,
    "number_of_classes_or_interfaces": 4,
    "number_of_methods": 41,
    "number_of_data_fields": 19,
    "number_of_method_parameters": 68
  },
  "detector": {
    "name": "data-clumps-doctor",
    "url": "https://github.com/NilsBaumgartner1994/data-clumps-doctor",
    "version": "0.1.100",
    "options": {
      "typeVariablesConsidered": false,
      "similarityModifierOfVariablesWithUnknownType": 0,
      "fieldsOfClassesWithUnknownHierarchyProbabilityModifier": 0,
      "sharedFieldsToFieldsAmountMinimum": 3,
      "analyseFieldsInClassesOrInterfacesInheritedFromSuperClassesOrInterfaces": false,
      "sharedParametersToParametersAmountMinimum": 3,
      "sharedParametersToFieldsAmountMinimum": 3,
      "methodsOfClassesOrInterfacesWithUnknownHierarchyProbabilityModifier": 0
    }
  },
  "data_clumps": {
    "parameters_to_parameters_data_clump-./PlxDevice-_ZW1JcTiNEDWfCcUq_PKOvQ-_xVErQDiNEDWfCcUq_PKOvQ-addrRegdataRegdevAddr": {
      "type": "data_clump",
      "key": "parameters_to_parameters_data_clump-./PlxDevice-_ZW1JcTiNEDWfCcUq_PKOvQ-_xVErQDiNEDWfCcUq_PKOvQ-addrRegdataRegdevAddr",
      "probability": 1,
      "from_file_path": "./PlxDevice",
      "from_class_or_interface_name": "PlxDevice",
      "from_class_or_interface_key": "_yYEXYDffEDWfCcUq_PKOvQ",
      "from_method_name": "readEeprom",
      "from_method_key": "_ZW1JcTiNEDWfCcUq_PKOvQ",
      "to_file_path": "./PlxDevice",
      "to_class_or_interface_name": "PlxDevice",
      "to_class_or_interface_key": "_yYEXYDffEDWfCcUq_PKOvQ",
      "to_method_name": "writeEeprom",
      "to_method_key": "_xVErQDiNEDWfCcUq_PKOvQ",
      "data_clump_type": "parameters_to_parameters_data_clump",
      "data_clump_data": {
        "_ed6_EDiNEDWfCcUq_PKOvQ": {
          "key": "_ed6_EDiNEDWfCcUq_PKOvQ",
          "name": "addrReg",
          "type": null,
          "probability": 1,
          "modifiers": [],
          "to_variable": {
            "key": "_xVFSUTiNEDWfCcUq_PKOvQ",
            "name": "addrReg",
            "type": null,
            "modifiers": [],
            "position": {}
          },
          "position": {}
        },
        "_hPl1cDiNEDWfCcUq_PKOvQ": {
          "key": "_hPl1cDiNEDWfCcUq_PKOvQ",
          "name": "dataReg",
          "type": null,
          "probability": 1,
          "modifiers": [],
          "to_variable": {
            "key": "_xVFSUjiNEDWfCcUq_PKOvQ",
            "name": "dataReg",
            "type": null,
            "modifiers": [],
            "position": {}
          },
          "position": {}
        },
        "_izn0ADiNEDWfCcUq_PKOvQ": {
          "key": "_izn0ADiNEDWfCcUq_PKOvQ",
          "name": "devAddr",
          "type": null,
          "probability": 1,
          "modifiers": [],
          "to_variable": {
            "key": "_xVFSUziNEDWfCcUq_PKOvQ",
            "name": "devAddr",
            "type": null,
            "modifiers": [],
            "position": {}
          },
          "position": {}
        }
      }
    },
    "parameters_to_parameters_data_clump-./PlxDevice-_xVErQDiNEDWfCcUq_PKOvQ-_ZW1JcTiNEDWfCcUq_PKOvQ-addrRegdataRegdevAddr": {
      "type": "data_clump",
      "key": "parameters_to_parameters_data_clump-./PlxDevice-_xVErQDiNEDWfCcUq_PKOvQ-_ZW1JcTiNEDWfCcUq_PKOvQ-addrRegdataRegdevAddr",
      "probability": 1,
      "from_file_path": "./PlxDevice",
      "from_class_or_interface_name": "PlxDevice",
      "from_class_or_interface_key": "_yYEXYDffEDWfCcUq_PKOvQ",
      "from_method_name": "writeEeprom",
      "from_method_key": "_xVErQDiNEDWfCcUq_PKOvQ",
      "to_file_path": "./PlxDevice",
      "to_class_or_interface_name": "PlxDevice",
      "to_class_or_interface_key": "_yYEXYDffEDWfCcUq_PKOvQ",
      "to_method_name": "readEeprom",
      "to_method_key": "_ZW1JcTiNEDWfCcUq_PKOvQ",
      "data_clump_type": "parameters_to_parameters_data_clump",
      "data_clump_data": {
        "_xVFSUTiNEDWfCcUq_PKOvQ": {
          "key": "_xVFSUTiNEDWfCcUq_PKOvQ",
          "name": "addrReg",
          "type": null,
          "probability": 1,
          "modifiers": [],
          "to_variable": {
            "key": "_ed6_EDiNEDWfCcUq_PKOvQ",
            "name": "addrReg",
            "type": null,
            "modifiers": [],
            "position": {}
          },
          "position": {}
        },
        "_xVFSUjiNEDWfCcUq_PKOvQ": {
          "key": "_xVFSUjiNEDWfCcUq_PKOvQ",
          "name": "dataReg",
          "type": null,
          "probability": 1,
          "modifiers": [],
          "to_variable": {
            "key": "_hPl1cDiNEDWfCcUq_PKOvQ",
            "name": "dataReg",
            "type": null,
            "modifiers": [],
            "position": {}
          },
          "position": {}
        },
        "_xVFSUziNEDWfCcUq_PKOvQ": {
          "key": "_xVFSUziNEDWfCcUq_PKOvQ",
          "name": "devAddr",
          "type": null,
          "probability": 1,
          "modifiers": [],
          "to_variable": {
            "key": "_izn0ADiNEDWfCcUq_PKOvQ",
            "name": "devAddr",
            "type": null,
            "modifiers": [],
            "position": {}
          },
          "position": {}
        }
      }
    },
    "parameters_to_parameters_data_clump-./PlxDevice-_7DClYDiNEDWfCcUq_PKOvQ-_HG3joDiOEDWfCcUq_PKOvQ-dataReg*datadataLength": {
      "type": "data_clump",
      "key": "parameters_to_parameters_data_clump-./PlxDevice-_7DClYDiNEDWfCcUq_PKOvQ-_HG3joDiOEDWfCcUq_PKOvQ-dataReg*datadataLength",
      "probability": 1,
      "from_file_path": "./PlxDevice",
      "from_class_or_interface_name": "PlxDevice",
      "from_class_or_interface_key": "_yYEXYDffEDWfCcUq_PKOvQ",
      "from_method_name": "READ_I2C_BUS",
      "from_method_key": "_7DClYDiNEDWfCcUq_PKOvQ",
      "to_file_path": "./PlxDevice",
      "to_class_or_interface_name": "PlxDevice",
      "to_class_or_interface_key": "_yYEXYDffEDWfCcUq_PKOvQ",
      "to_method_name": "WRITE_I2C_BUS",
      "to_method_key": "_HG3joDiOEDWfCcUq_PKOvQ",
      "data_clump_type": "parameters_to_parameters_data_clump",
      "data_clump_data": {
        "_7DClYziNEDWfCcUq_PKOvQ": {
          "key": "_7DClYziNEDWfCcUq_PKOvQ",
          "name": "dataReg",
          "type": null,
          "probability": 1,
          "modifiers": [],
          "to_variable": {
            "key": "_HG3jojiOEDWfCcUq_PKOvQ",
            "name": "dataReg",
            "type": null,
            "modifiers": [],
            "position": {}
          },
          "position": {}
        },
        "_7DClZDiNEDWfCcUq_PKOvQ": {
          "key": "_7DClZDiNEDWfCcUq_PKOvQ",
          "name": "*data",
          "type": null,
          "probability": 1,
          "modifiers": [],
          "to_variable": {
            "key": "_HG3joziOEDWfCcUq_PKOvQ",
            "name": "*data",
            "type": null,
            "modifiers": [],
            "position": {}
          },
          "position": {}
        },
        "_7DClZTiNEDWfCcUq_PKOvQ": {
          "key": "_7DClZTiNEDWfCcUq_PKOvQ",
          "name": "dataLength",
          "type": null,
          "probability": 1,
          "modifiers": [],
          "to_variable": {
            "key": "_HG4KsDiOEDWfCcUq_PKOvQ",
            "name": "dataLength",
            "type": null,
            "modifiers": [],
            "position": {}
          },
          "position": {}
        }
      }
    },
    "parameters_to_parameters_data_clump-./PlxDevice-_HG3joDiOEDWfCcUq_PKOvQ-_7DClYDiNEDWfCcUq_PKOvQ-dataReg*datadataLength": {
      "type": "data_clump",
      "key": "parameters_to_parameters_data_clump-./PlxDevice-_HG3joDiOEDWfCcUq_PKOvQ-_7DClYDiNEDWfCcUq_PKOvQ-dataReg*datadataLength",
      "probability": 1,
      "from_file_path": "./PlxDevice",
      "from_class_or_interface_name": "PlxDevice",
      "from_class_or_interface_key": "_yYEXYDffEDWfCcUq_PKOvQ",
      "from_method_name": "WRITE_I2C_BUS",
      "from_method_key": "_HG3joDiOEDWfCcUq_PKOvQ",
      "to_file_path": "./PlxDevice",
      "to_class_or_interface_name": "PlxDevice",
      "to_class_or_interface_key": "_yYEXYDffEDWfCcUq_PKOvQ",
      "to_method_name": "READ_I2C_BUS",
      "to_method_key": "_7DClYDiNEDWfCcUq_PKOvQ",
      "data_clump_type": "parameters_to_parameters_data_clump",
      "data_clump_data": {
        "_HG3jojiOEDWfCcUq_PKOvQ": {
          "key": "_HG3jojiOEDWfCcUq_PKOvQ",
          "name": "dataReg",
          "type": null,
          "probability": 1,
          "modifiers": [],
          "to_variable": {
            "key": "_7DClYziNEDWfCcUq_PKOvQ",
            "name": "dataReg",
            "type": null,
            "modifiers": [],
            "position": {}
          },
          "position": {}
        },
        "_HG3joziOEDWfCcUq_PKOvQ": {
          "key": "_HG3joziOEDWfCcUq_PKOvQ",
          "name": "*data",
          "type": null,
          "probability": 1,
          "modifiers": [],
          "to_variable": {
            "key": "_7DClZDiNEDWfCcUq_PKOvQ",
            "name": "*data",
            "type": null,
            "modifiers": [],
            "position": {}
          },
          "position": {}
        },
        "_HG4KsDiOEDWfCcUq_PKOvQ": {
          "key": "_HG4KsDiOEDWfCcUq_PKOvQ",
          "name": "dataLength",
          "type": null,
          "probability": 1,
          "modifiers": [],
          "to_variable": {
            "key": "_7DClZTiNEDWfCcUq_PKOvQ",
            "name": "dataLength",
            "type": null,
            "modifiers": [],
            "position": {}
          },
          "position": {}
        }
      }
    }
  }
}