{
  "report_version": "unknown",
  "report_timestamp": "2025-03-26T22:56:15.763Z",
  "target_language": "java",
  "report_summary": {
    "additional": null,
    "amount_classes_or_interfaces_with_data_clumps": 2,
    "amount_files_with_data_clumps": 2,
    "amount_methods_with_data_clumps": 2,
    "fields_to_fields_data_clump": 0,
    "parameters_to_fields_data_clump": 0,
    "parameters_to_parameters_data_clump": 2,
    "amount_data_clumps": 2
  },
  "project_info": {
    "project_url": "unknown_project_url",
    "project_name": "_eF4nEKFREemWLqKkNNGPFg",
    "project_version": "unknown_project_version",
    "project_commit_hash": "unknown",
    "project_tag": null,
    "project_commit_date": null,
    "additional": {},
    "number_of_files": 9,
    "number_of_classes_or_interfaces": 9,
    "number_of_methods": 15,
    "number_of_data_fields": 4,
    "number_of_method_parameters": 6
  },
  "detector": {
    "name": "data-clumps-doctor",
    "url": "https://github.com/NilsBaumgartner1994/data-clumps-doctor",
    "version": "0.1.100",
    "options": {
      "typeVariablesConsidered": false,
      "similarityModifierOfVariablesWithUnknownType": 0,
      "fieldsOfClassesWithUnknownHierarchyProbabilityModifier": 0,
      "sharedFieldsToFieldsAmountMinimum": 3,
      "analyseFieldsInClassesOrInterfacesInheritedFromSuperClassesOrInterfaces": false,
      "sharedParametersToParametersAmountMinimum": 3,
      "sharedParametersToFieldsAmountMinimum": 3,
      "methodsOfClassesOrInterfacesWithUnknownHierarchyProbabilityModifier": 0
    }
  },
  "data_clumps": {
    "parameters_to_parameters_data_clump-./GmtTime-_DRLTUIhDEDezVuKMEpq77w-_437nkIhCEDezVuKMEpq77w-parameterparameterparameterparameterparameterparameterparameterparameterparameter": {
      "type": "data_clump",
      "key": "parameters_to_parameters_data_clump-./GmtTime-_DRLTUIhDEDezVuKMEpq77w-_437nkIhCEDezVuKMEpq77w-parameterparameterparameterparameterparameterparameterparameterparameterparameter",
      "probability": 1,
      "from_file_path": "./GmtTime",
      "from_class_or_interface_name": "GmtTime",
      "from_class_or_interface_key": "_ik6RcYhCEDezVuKMEpq77w",
      "from_method_name": "GmtTime",
      "from_method_key": "_DRLTUIhDEDezVuKMEpq77w",
      "to_file_path": "./Time",
      "to_class_or_interface_name": "Time",
      "to_class_or_interface_key": "_fFBDIIhCEDezVuKMEpq77w",
      "to_method_name": "Time",
      "to_method_key": "_437nkIhCEDezVuKMEpq77w",
      "data_clump_type": "parameters_to_parameters_data_clump",
      "data_clump_data": {
        "_EwZqYIhDEDezVuKMEpq77w": {
          "key": "_EwZqYIhDEDezVuKMEpq77w",
          "name": "parameter",
          "type": null,
          "probability": 1,
          "modifiers": [],
          "to_variable": {
            "key": "_8eVGgIhCEDezVuKMEpq77w",
            "name": "parameter",
            "type": null,
            "modifiers": [],
            "position": {}
          },
          "position": {}
        },
        "_GLbd8IhDEDezVuKMEpq77w": {
          "key": "_GLbd8IhDEDezVuKMEpq77w",
          "name": "parameter",
          "type": null,
          "probability": 1,
          "modifiers": [],
          "to_variable": {
            "key": "_8eVGgIhCEDezVuKMEpq77w",
            "name": "parameter",
            "type": null,
            "modifiers": [],
            "position": {}
          },
          "position": {}
        },
        "_GQAb8IhDEDezVuKMEpq77w": {
          "key": "_GQAb8IhDEDezVuKMEpq77w",
          "name": "parameter",
          "type": null,
          "probability": 1,
          "modifiers": [],
          "to_variable": {
            "key": "_8eVGgIhCEDezVuKMEpq77w",
            "name": "parameter",
            "type": null,
            "modifiers": [],
            "position": {}
          },
          "position": {}
        }
      }
    },
    "parameters_to_parameters_data_clump-./Time-_437nkIhCEDezVuKMEpq77w-_DRLTUIhDEDezVuKMEpq77w-parameterparameterparameterparameterparameterparameterparameterparameterparameter": {
      "type": "data_clump",
      "key": "parameters_to_parameters_data_clump-./Time-_437nkIhCEDezVuKMEpq77w-_DRLTUIhDEDezVuKMEpq77w-parameterparameterparameterparameterparameterparameterparameterparameterparameter",
      "probability": 1,
      "from_file_path": "./Time",
      "from_class_or_interface_name": "Time",
      "from_class_or_interface_key": "_fFBDIIhCEDezVuKMEpq77w",
      "from_method_name": "Time",
      "from_method_key": "_437nkIhCEDezVuKMEpq77w",
      "to_file_path": "./GmtTime",
      "to_class_or_interface_name": "GmtTime",
      "to_class_or_interface_key": "_ik6RcYhCEDezVuKMEpq77w",
      "to_method_name": "GmtTime",
      "to_method_key": "_DRLTUIhDEDezVuKMEpq77w",
      "data_clump_type": "parameters_to_parameters_data_clump",
      "data_clump_data": {
        "_6hXDgIhCEDezVuKMEpq77w": {
          "key": "_6hXDgIhCEDezVuKMEpq77w",
          "name": "parameter",
          "type": null,
          "probability": 1,
          "modifiers": [],
          "to_variable": {
            "key": "_GQAb8IhDEDezVuKMEpq77w",
            "name": "parameter",
            "type": null,
            "modifiers": [],
            "position": {}
          },
          "position": {}
        },
        "_8T9pkIhCEDezVuKMEpq77w": {
          "key": "_8T9pkIhCEDezVuKMEpq77w",
          "name": "parameter",
          "type": null,
          "probability": 1,
          "modifiers": [],
          "to_variable": {
            "key": "_GQAb8IhDEDezVuKMEpq77w",
            "name": "parameter",
            "type": null,
            "modifiers": [],
            "position": {}
          },
          "position": {}
        },
        "_8eVGgIhCEDezVuKMEpq77w": {
          "key": "_8eVGgIhCEDezVuKMEpq77w",
          "name": "parameter",
          "type": null,
          "probability": 1,
          "modifiers": [],
          "to_variable": {
            "key": "_GQAb8IhDEDezVuKMEpq77w",
            "name": "parameter",
            "type": null,
            "modifiers": [],
            "position": {}
          },
          "position": {}
        }
      }
    }
  }
}