{
  "report_version": "unknown",
  "report_timestamp": "2025-03-26T22:11:19.424Z",
  "target_language": "java",
  "report_summary": {
    "additional": null,
    "amount_classes_or_interfaces_with_data_clumps": 2,
    "amount_files_with_data_clumps": 2,
    "amount_methods_with_data_clumps": 0,
    "fields_to_fields_data_clump": 2,
    "parameters_to_fields_data_clump": 0,
    "parameters_to_parameters_data_clump": 0,
    "amount_data_clumps": 2
  },
  "project_info": {
    "project_url": "unknown_project_url",
    "project_name": "_GyeH0A7BEeSTV6l4790RsQ",
    "project_version": "unknown_project_version",
    "project_commit_hash": "unknown",
    "project_tag": null,
    "project_commit_date": null,
    "additional": {},
    "number_of_files": 5,
    "number_of_classes_or_interfaces": 5,
    "number_of_methods": 0,
    "number_of_data_fields": 25,
    "number_of_method_parameters": 0
  },
  "detector": {
    "name": "data-clumps-doctor",
    "url": "https://github.com/NilsBaumgartner1994/data-clumps-doctor",
    "version": "0.1.100",
    "options": {
      "typeVariablesConsidered": false,
      "similarityModifierOfVariablesWithUnknownType": 0,
      "fieldsOfClassesWithUnknownHierarchyProbabilityModifier": 0,
      "sharedFieldsToFieldsAmountMinimum": 3,
      "analyseFieldsInClassesOrInterfacesInheritedFromSuperClassesOrInterfaces": false,
      "sharedParametersToParametersAmountMinimum": 3,
      "sharedParametersToFieldsAmountMinimum": 3,
      "methodsOfClassesOrInterfacesWithUnknownHierarchyProbabilityModifier": 0
    }
  },
  "data_clumps": {
    "fields_to_fields_data_clump-./API-_RXDqIPDvEDGrW54tQO4_Lg-_LtEGUPDwEDGrW54tQO4_Lg-namesubscriptionURLsubscriptionMethodsubscriptionTimeout": {
      "type": "data_clump",
      "key": "fields_to_fields_data_clump-./API-_RXDqIPDvEDGrW54tQO4_Lg-_LtEGUPDwEDGrW54tQO4_Lg-namesubscriptionURLsubscriptionMethodsubscriptionTimeout",
      "probability": 1,
      "from_file_path": "./API",
      "from_class_or_interface_name": "API",
      "from_class_or_interface_key": "_RXDqIPDvEDGrW54tQO4_Lg",
      "from_method_name": null,
      "from_method_key": null,
      "to_file_path": "./Triggers",
      "to_class_or_interface_key": "_LtEGUPDwEDGrW54tQO4_Lg",
      "to_class_or_interface_name": "API",
      "to_method_key": null,
      "to_method_name": null,
      "data_clump_type": "fields_to_fields_data_clump",
      "data_clump_data": {
        "_S2kVEPDvEDGrW54tQO4_Lg": {
          "key": "_S2kVEPDvEDGrW54tQO4_Lg",
          "name": "name",
          "type": null,
          "probability": 1,
          "modifiers": [],
          "to_variable": {
            "key": "_POY4APDwEDGrW54tQO4_Lg",
            "name": "name",
            "type": null,
            "modifiers": [],
            "position": {}
          },
          "position": {}
        },
        "_lDCFgPDvEDGrW54tQO4_Lg": {
          "key": "_lDCFgPDvEDGrW54tQO4_Lg",
          "name": "subscriptionURL",
          "type": null,
          "probability": 1,
          "modifiers": [],
          "to_variable": {
            "key": "_e7zzIPDwEDGrW54tQO4_Lg",
            "name": "subscriptionURL",
            "type": null,
            "modifiers": [],
            "position": {}
          },
          "position": {}
        },
        "_pQBqYPDvEDGrW54tQO4_Lg": {
          "key": "_pQBqYPDvEDGrW54tQO4_Lg",
          "name": "subscriptionMethod",
          "type": null,
          "probability": 1,
          "modifiers": [],
          "to_variable": {
            "key": "_iHoO4PDwEDGrW54tQO4_Lg",
            "name": "subscriptionMethod",
            "type": null,
            "modifiers": [],
            "position": {}
          },
          "position": {}
        },
        "_rWC7sPDvEDGrW54tQO4_Lg": {
          "key": "_rWC7sPDvEDGrW54tQO4_Lg",
          "name": "subscriptionTimeout",
          "type": null,
          "probability": 1,
          "modifiers": [],
          "to_variable": {
            "key": "_krxmoPDwEDGrW54tQO4_Lg",
            "name": "subscriptionTimeout",
            "type": null,
            "modifiers": [],
            "position": {}
          },
          "position": {}
        }
      }
    },
    "fields_to_fields_data_clump-./Triggers-_LtEGUPDwEDGrW54tQO4_Lg-_RXDqIPDvEDGrW54tQO4_Lg-namesubscriptionURLsubscriptionMethodsubscriptionTimeout": {
      "type": "data_clump",
      "key": "fields_to_fields_data_clump-./Triggers-_LtEGUPDwEDGrW54tQO4_Lg-_RXDqIPDvEDGrW54tQO4_Lg-namesubscriptionURLsubscriptionMethodsubscriptionTimeout",
      "probability": 1,
      "from_file_path": "./Triggers",
      "from_class_or_interface_name": "Triggers",
      "from_class_or_interface_key": "_LtEGUPDwEDGrW54tQO4_Lg",
      "from_method_name": null,
      "from_method_key": null,
      "to_file_path": "./API",
      "to_class_or_interface_key": "_RXDqIPDvEDGrW54tQO4_Lg",
      "to_class_or_interface_name": "Triggers",
      "to_method_key": null,
      "to_method_name": null,
      "data_clump_type": "fields_to_fields_data_clump",
      "data_clump_data": {
        "_POY4APDwEDGrW54tQO4_Lg": {
          "key": "_POY4APDwEDGrW54tQO4_Lg",
          "name": "name",
          "type": null,
          "probability": 1,
          "modifiers": [],
          "to_variable": {
            "key": "_S2kVEPDvEDGrW54tQO4_Lg",
            "name": "name",
            "type": null,
            "modifiers": [],
            "position": {}
          },
          "position": {}
        },
        "_e7zzIPDwEDGrW54tQO4_Lg": {
          "key": "_e7zzIPDwEDGrW54tQO4_Lg",
          "name": "subscriptionURL",
          "type": null,
          "probability": 1,
          "modifiers": [],
          "to_variable": {
            "key": "_lDCFgPDvEDGrW54tQO4_Lg",
            "name": "subscriptionURL",
            "type": null,
            "modifiers": [],
            "position": {}
          },
          "position": {}
        },
        "_iHoO4PDwEDGrW54tQO4_Lg": {
          "key": "_iHoO4PDwEDGrW54tQO4_Lg",
          "name": "subscriptionMethod",
          "type": null,
          "probability": 1,
          "modifiers": [],
          "to_variable": {
            "key": "_pQBqYPDvEDGrW54tQO4_Lg",
            "name": "subscriptionMethod",
            "type": null,
            "modifiers": [],
            "position": {}
          },
          "position": {}
        },
        "_krxmoPDwEDGrW54tQO4_Lg": {
          "key": "_krxmoPDwEDGrW54tQO4_Lg",
          "name": "subscriptionTimeout",
          "type": null,
          "probability": 1,
          "modifiers": [],
          "to_variable": {
            "key": "_rWC7sPDvEDGrW54tQO4_Lg",
            "name": "subscriptionTimeout",
            "type": null,
            "modifiers": [],
            "position": {}
          },
          "position": {}
        }
      }
    }
  }
}