{
  "report_version": "unknown",
  "report_timestamp": "2025-03-26T22:20:35.647Z",
  "target_language": "java",
  "report_summary": {
    "additional": null,
    "amount_classes_or_interfaces_with_data_clumps": 4,
    "amount_files_with_data_clumps": 4,
    "amount_methods_with_data_clumps": 0,
    "fields_to_fields_data_clump": 4,
    "parameters_to_fields_data_clump": 0,
    "parameters_to_parameters_data_clump": 0,
    "amount_data_clumps": 4
  },
  "project_info": {
    "project_url": "unknown_project_url",
    "project_name": "_NAKYUIlcEeWSIKoWblTvZg",
    "project_version": "unknown_project_version",
    "project_commit_hash": "unknown",
    "project_tag": null,
    "project_commit_date": null,
    "additional": {},
    "number_of_files": 7,
    "number_of_classes_or_interfaces": 7,
    "number_of_methods": 0,
    "number_of_data_fields": 27,
    "number_of_method_parameters": 0
  },
  "detector": {
    "name": "data-clumps-doctor",
    "url": "https://github.com/NilsBaumgartner1994/data-clumps-doctor",
    "version": "0.1.100",
    "options": {
      "typeVariablesConsidered": false,
      "similarityModifierOfVariablesWithUnknownType": 0,
      "fieldsOfClassesWithUnknownHierarchyProbabilityModifier": 0,
      "sharedFieldsToFieldsAmountMinimum": 3,
      "analyseFieldsInClassesOrInterfacesInheritedFromSuperClassesOrInterfaces": false,
      "sharedParametersToParametersAmountMinimum": 3,
      "sharedParametersToFieldsAmountMinimum": 3,
      "methodsOfClassesOrInterfacesWithUnknownHierarchyProbabilityModifier": 0
    }
  },
  "data_clumps": {
    "fields_to_fields_data_clump-./Contractor-_cOOG4aZ0EDODWKAWO0ETnQ-_cFErMWuKEDO4-7DomoWWkg-lastNamedocumentpicture": {
      "type": "data_clump",
      "key": "fields_to_fields_data_clump-./Contractor-_cOOG4aZ0EDODWKAWO0ETnQ-_cFErMWuKEDO4-7DomoWWkg-lastNamedocumentpicture",
      "probability": 1,
      "from_file_path": "./Contractor",
      "from_class_or_interface_name": "Contractor",
      "from_class_or_interface_key": "_cOOG4aZ0EDODWKAWO0ETnQ",
      "from_method_name": null,
      "from_method_key": null,
      "to_file_path": "./Customer",
      "to_class_or_interface_key": "_cFErMWuKEDO4-7DomoWWkg",
      "to_class_or_interface_name": "Contractor",
      "to_method_key": null,
      "to_method_name": null,
      "data_clump_type": "fields_to_fields_data_clump",
      "data_clump_data": {
        "_yntUkKZ4EDODWKAWO0ETnQ": {
          "key": "_yntUkKZ4EDODWKAWO0ETnQ",
          "name": "lastName",
          "type": null,
          "probability": 1,
          "modifiers": [
            "private"
          ],
          "to_variable": {
            "key": "_pN468KZ3EDODWKAWO0ETnQ",
            "name": "lastName",
            "type": null,
            "modifiers": [
              "private"
            ],
            "position": {}
          },
          "position": {}
        },
        "_0sWs4KZ4EDODWKAWO0ETnQ": {
          "key": "_0sWs4KZ4EDODWKAWO0ETnQ",
          "name": "document",
          "type": null,
          "probability": 1,
          "modifiers": [
            "private"
          ],
          "to_variable": {
            "key": "_C-j4IKaCEDO3MahVFB6mTA",
            "name": "document",
            "type": null,
            "modifiers": [
              "private"
            ],
            "position": {}
          },
          "position": {}
        },
        "_vg-MsLC2EDOgza_ND9Zrzw": {
          "key": "_vg-MsLC2EDOgza_ND9Zrzw",
          "name": "picture",
          "type": null,
          "probability": 1,
          "modifiers": [],
          "to_variable": {
            "key": "_uBXbILC2EDOgza_ND9Zrzw",
            "name": "picture",
            "type": null,
            "modifiers": [],
            "position": {}
          },
          "position": {}
        }
      }
    },
    "fields_to_fields_data_clump-./Customer-_cFErMWuKEDO4-7DomoWWkg-_cOOG4aZ0EDODWKAWO0ETnQ-lastNamedocumentpicture": {
      "type": "data_clump",
      "key": "fields_to_fields_data_clump-./Customer-_cFErMWuKEDO4-7DomoWWkg-_cOOG4aZ0EDODWKAWO0ETnQ-lastNamedocumentpicture",
      "probability": 1,
      "from_file_path": "./Customer",
      "from_class_or_interface_name": "Customer",
      "from_class_or_interface_key": "_cFErMWuKEDO4-7DomoWWkg",
      "from_method_name": null,
      "from_method_key": null,
      "to_file_path": "./Contractor",
      "to_class_or_interface_key": "_cOOG4aZ0EDODWKAWO0ETnQ",
      "to_class_or_interface_name": "Customer",
      "to_method_key": null,
      "to_method_name": null,
      "data_clump_type": "fields_to_fields_data_clump",
      "data_clump_data": {
        "_pN468KZ3EDODWKAWO0ETnQ": {
          "key": "_pN468KZ3EDODWKAWO0ETnQ",
          "name": "lastName",
          "type": null,
          "probability": 1,
          "modifiers": [
            "private"
          ],
          "to_variable": {
            "key": "_yntUkKZ4EDODWKAWO0ETnQ",
            "name": "lastName",
            "type": null,
            "modifiers": [
              "private"
            ],
            "position": {}
          },
          "position": {}
        },
        "_C-j4IKaCEDO3MahVFB6mTA": {
          "key": "_C-j4IKaCEDO3MahVFB6mTA",
          "name": "document",
          "type": null,
          "probability": 1,
          "modifiers": [
            "private"
          ],
          "to_variable": {
            "key": "_0sWs4KZ4EDODWKAWO0ETnQ",
            "name": "document",
            "type": null,
            "modifiers": [
              "private"
            ],
            "position": {}
          },
          "position": {}
        },
        "_uBXbILC2EDOgza_ND9Zrzw": {
          "key": "_uBXbILC2EDOgza_ND9Zrzw",
          "name": "picture",
          "type": null,
          "probability": 1,
          "modifiers": [],
          "to_variable": {
            "key": "_vg-MsLC2EDOgza_ND9Zrzw",
            "name": "picture",
            "type": null,
            "modifiers": [],
            "position": {}
          },
          "position": {}
        }
      }
    },
    "fields_to_fields_data_clump-./Skill-_Aq8tMKZ2EDODWKAWO0ETnQ-_5G_hoKZ3EDODWKAWO0ETnQ-idnamedescription": {
      "type": "data_clump",
      "key": "fields_to_fields_data_clump-./Skill-_Aq8tMKZ2EDODWKAWO0ETnQ-_5G_hoKZ3EDODWKAWO0ETnQ-idnamedescription",
      "probability": 1,
      "from_file_path": "./Skill",
      "from_class_or_interface_name": "Skill",
      "from_class_or_interface_key": "_Aq8tMKZ2EDODWKAWO0ETnQ",
      "from_method_name": null,
      "from_method_key": null,
      "to_file_path": "./WorkExperience",
      "to_class_or_interface_key": "_5G_hoKZ3EDODWKAWO0ETnQ",
      "to_class_or_interface_name": "Skill",
      "to_method_key": null,
      "to_method_name": null,
      "data_clump_type": "fields_to_fields_data_clump",
      "data_clump_data": {
        "_CHYO8KZ2EDODWKAWO0ETnQ": {
          "key": "_CHYO8KZ2EDODWKAWO0ETnQ",
          "name": "id",
          "type": null,
          "probability": 1,
          "modifiers": [
            "private"
          ],
          "to_variable": {
            "key": "_FWZdwKZ4EDODWKAWO0ETnQ",
            "name": "id",
            "type": null,
            "modifiers": [
              "private"
            ],
            "position": {}
          },
          "position": {}
        },
        "_DlkEMKZ2EDODWKAWO0ETnQ": {
          "key": "_DlkEMKZ2EDODWKAWO0ETnQ",
          "name": "name",
          "type": null,
          "probability": 1,
          "modifiers": [
            "private"
          ],
          "to_variable": {
            "key": "_HvFzcKZ4EDODWKAWO0ETnQ",
            "name": "name",
            "type": null,
            "modifiers": [
              "private"
            ],
            "position": {}
          },
          "position": {}
        },
        "_91RrIKZ2EDODWKAWO0ETnQ": {
          "key": "_91RrIKZ2EDODWKAWO0ETnQ",
          "name": "description",
          "type": null,
          "probability": 1,
          "modifiers": [
            "private"
          ],
          "to_variable": {
            "key": "_I1roEKZ4EDODWKAWO0ETnQ",
            "name": "description",
            "type": null,
            "modifiers": [
              "private"
            ],
            "position": {}
          },
          "position": {}
        }
      }
    },
    "fields_to_fields_data_clump-./WorkExperience-_5G_hoKZ3EDODWKAWO0ETnQ-_Aq8tMKZ2EDODWKAWO0ETnQ-idnamedescription": {
      "type": "data_clump",
      "key": "fields_to_fields_data_clump-./WorkExperience-_5G_hoKZ3EDODWKAWO0ETnQ-_Aq8tMKZ2EDODWKAWO0ETnQ-idnamedescription",
      "probability": 1,
      "from_file_path": "./WorkExperience",
      "from_class_or_interface_name": "WorkExperience",
      "from_class_or_interface_key": "_5G_hoKZ3EDODWKAWO0ETnQ",
      "from_method_name": null,
      "from_method_key": null,
      "to_file_path": "./Skill",
      "to_class_or_interface_key": "_Aq8tMKZ2EDODWKAWO0ETnQ",
      "to_class_or_interface_name": "WorkExperience",
      "to_method_key": null,
      "to_method_name": null,
      "data_clump_type": "fields_to_fields_data_clump",
      "data_clump_data": {
        "_FWZdwKZ4EDODWKAWO0ETnQ": {
          "key": "_FWZdwKZ4EDODWKAWO0ETnQ",
          "name": "id",
          "type": null,
          "probability": 1,
          "modifiers": [
            "private"
          ],
          "to_variable": {
            "key": "_CHYO8KZ2EDODWKAWO0ETnQ",
            "name": "id",
            "type": null,
            "modifiers": [
              "private"
            ],
            "position": {}
          },
          "position": {}
        },
        "_HvFzcKZ4EDODWKAWO0ETnQ": {
          "key": "_HvFzcKZ4EDODWKAWO0ETnQ",
          "name": "name",
          "type": null,
          "probability": 1,
          "modifiers": [
            "private"
          ],
          "to_variable": {
            "key": "_DlkEMKZ2EDODWKAWO0ETnQ",
            "name": "name",
            "type": null,
            "modifiers": [
              "private"
            ],
            "position": {}
          },
          "position": {}
        },
        "_I1roEKZ4EDODWKAWO0ETnQ": {
          "key": "_I1roEKZ4EDODWKAWO0ETnQ",
          "name": "description",
          "type": null,
          "probability": 1,
          "modifiers": [
            "private"
          ],
          "to_variable": {
            "key": "_91RrIKZ2EDODWKAWO0ETnQ",
            "name": "description",
            "type": null,
            "modifiers": [
              "private"
            ],
            "position": {}
          },
          "position": {}
        }
      }
    }
  }
}