{
  "report_version": "unknown",
  "report_timestamp": "2025-03-26T22:44:28.913Z",
  "target_language": "java",
  "report_summary": {
    "additional": null,
    "amount_classes_or_interfaces_with_data_clumps": 4,
    "amount_files_with_data_clumps": 4,
    "amount_methods_with_data_clumps": 0,
    "fields_to_fields_data_clump": 12,
    "parameters_to_fields_data_clump": 0,
    "parameters_to_parameters_data_clump": 0,
    "amount_data_clumps": 12
  },
  "project_info": {
    "project_url": "unknown_project_url",
    "project_name": "_bumq8Gf0EeqH6JNbB4-uaw",
    "project_version": "unknown_project_version",
    "project_commit_hash": "unknown",
    "project_tag": null,
    "project_commit_date": null,
    "additional": {},
    "number_of_files": 13,
    "number_of_classes_or_interfaces": 13,
    "number_of_methods": 29,
    "number_of_data_fields": 51,
    "number_of_method_parameters": 0
  },
  "detector": {
    "name": "data-clumps-doctor",
    "url": "https://github.com/NilsBaumgartner1994/data-clumps-doctor",
    "version": "0.1.100",
    "options": {
      "typeVariablesConsidered": false,
      "similarityModifierOfVariablesWithUnknownType": 0,
      "fieldsOfClassesWithUnknownHierarchyProbabilityModifier": 0,
      "sharedFieldsToFieldsAmountMinimum": 3,
      "analyseFieldsInClassesOrInterfacesInheritedFromSuperClassesOrInterfaces": false,
      "sharedParametersToParametersAmountMinimum": 3,
      "sharedParametersToFieldsAmountMinimum": 3,
      "methodsOfClassesOrInterfacesWithUnknownHierarchyProbabilityModifier": 0
    }
  },
  "data_clumps": {
    "fields_to_fields_data_clump-./Asteroid-_G9Rm8K23EDWUIKxGw3bAdg-_K6WggK23EDWUIKxGw3bAdg-pointvelocityalivegetPointsetPointgetVelocitysetVelocityisALivehit": {
      "type": "data_clump",
      "key": "fields_to_fields_data_clump-./Asteroid-_G9Rm8K23EDWUIKxGw3bAdg-_K6WggK23EDWUIKxGw3bAdg-pointvelocityalivegetPointsetPointgetVelocitysetVelocityisALivehit",
      "probability": 1,
      "from_file_path": "./Asteroid",
      "from_class_or_interface_name": "Asteroid",
      "from_class_or_interface_key": "_G9Rm8K23EDWUIKxGw3bAdg",
      "from_method_name": null,
      "from_method_key": null,
      "to_file_path": "./Bullet",
      "to_class_or_interface_key": "_K6WggK23EDWUIKxGw3bAdg",
      "to_class_or_interface_name": "Asteroid",
      "to_method_key": null,
      "to_method_name": null,
      "data_clump_type": "fields_to_fields_data_clump",
      "data_clump_data": {
        "_G9Rm8a23EDWUIKxGw3bAdg": {
          "key": "_G9Rm8a23EDWUIKxGw3bAdg",
          "name": "point",
          "type": null,
          "probability": 1,
          "modifiers": [
            "private"
          ],
          "to_variable": {
            "key": "_K6XHkK23EDWUIKxGw3bAdg",
            "name": "point",
            "type": null,
            "modifiers": [
              "private"
            ],
            "position": {}
          },
          "position": {}
        },
        "_G9SOAK23EDWUIKxGw3bAdg": {
          "key": "_G9SOAK23EDWUIKxGw3bAdg",
          "name": "velocity",
          "type": null,
          "probability": 1,
          "modifiers": [
            "private"
          ],
          "to_variable": {
            "key": "_K6XHka23EDWUIKxGw3bAdg",
            "name": "velocity",
            "type": null,
            "modifiers": [
              "private"
            ],
            "position": {}
          },
          "position": {}
        },
        "_G9SOAa23EDWUIKxGw3bAdg": {
          "key": "_G9SOAa23EDWUIKxGw3bAdg",
          "name": "alive",
          "type": null,
          "probability": 1,
          "modifiers": [
            "private"
          ],
          "to_variable": {
            "key": "_K6XHkq23EDWUIKxGw3bAdg",
            "name": "alive",
            "type": null,
            "modifiers": [
              "private"
            ],
            "position": {}
          },
          "position": {}
        },
        "_G9SOAq23EDWUIKxGw3bAdg": {
          "key": "_G9SOAq23EDWUIKxGw3bAdg",
          "name": "getPoint",
          "type": null,
          "probability": 1,
          "modifiers": [
            "public"
          ],
          "to_variable": {
            "key": "_K6XuoK23EDWUIKxGw3bAdg",
            "name": "getPoint",
            "type": null,
            "modifiers": [
              "public"
            ],
            "position": {}
          },
          "position": {}
        },
        "_G9S1EK23EDWUIKxGw3bAdg": {
          "key": "_G9S1EK23EDWUIKxGw3bAdg",
          "name": "setPoint",
          "type": null,
          "probability": 1,
          "modifiers": [
            "public"
          ],
          "to_variable": {
            "key": "_K6Xuoa23EDWUIKxGw3bAdg",
            "name": "setPoint",
            "type": null,
            "modifiers": [
              "public"
            ],
            "position": {}
          },
          "position": {}
        },
        "_G9S1Ea23EDWUIKxGw3bAdg": {
          "key": "_G9S1Ea23EDWUIKxGw3bAdg",
          "name": "getVelocity",
          "type": null,
          "probability": 1,
          "modifiers": [
            "public"
          ],
          "to_variable": {
            "key": "_K6YVsK23EDWUIKxGw3bAdg",
            "name": "getVelocity",
            "type": null,
            "modifiers": [
              "public"
            ],
            "position": {}
          },
          "position": {}
        },
        "_G9S1Eq23EDWUIKxGw3bAdg": {
          "key": "_G9S1Eq23EDWUIKxGw3bAdg",
          "name": "setVelocity",
          "type": null,
          "probability": 1,
          "modifiers": [
            "public"
          ],
          "to_variable": {
            "key": "_K6Y8wK23EDWUIKxGw3bAdg",
            "name": "setVelocity",
            "type": null,
            "modifiers": [
              "public"
            ],
            "position": {}
          },
          "position": {}
        },
        "_G9S1E623EDWUIKxGw3bAdg": {
          "key": "_G9S1E623EDWUIKxGw3bAdg",
          "name": "isALive",
          "type": null,
          "probability": 1,
          "modifiers": [
            "public"
          ],
          "to_variable": {
            "key": "_K6Y8wa23EDWUIKxGw3bAdg",
            "name": "isALive",
            "type": null,
            "modifiers": [
              "public"
            ],
            "position": {}
          },
          "position": {}
        },
        "_G9TcIK23EDWUIKxGw3bAdg": {
          "key": "_G9TcIK23EDWUIKxGw3bAdg",
          "name": "hit",
          "type": null,
          "probability": 1,
          "modifiers": [
            "public"
          ],
          "to_variable": {
            "key": "_K6Y8wq23EDWUIKxGw3bAdg",
            "name": "hit",
            "type": null,
            "modifiers": [
              "public"
            ],
            "position": {}
          },
          "position": {}
        }
      }
    },
    "fields_to_fields_data_clump-./Asteroid-_G9Rm8K23EDWUIKxGw3bAdg-_yQjs0K2hEDWUIKxGw3bAdg-pointvelocityalivegetPointsetPointgetVelocitysetVelocityisALivehit": {
      "type": "data_clump",
      "key": "fields_to_fields_data_clump-./Asteroid-_G9Rm8K23EDWUIKxGw3bAdg-_yQjs0K2hEDWUIKxGw3bAdg-pointvelocityalivegetPointsetPointgetVelocitysetVelocityisALivehit",
      "probability": 1,
      "from_file_path": "./Asteroid",
      "from_class_or_interface_name": "Asteroid",
      "from_class_or_interface_key": "_G9Rm8K23EDWUIKxGw3bAdg",
      "from_method_name": null,
      "from_method_key": null,
      "to_file_path": "./SpaceShip",
      "to_class_or_interface_key": "_yQjs0K2hEDWUIKxGw3bAdg",
      "to_class_or_interface_name": "Asteroid",
      "to_method_key": null,
      "to_method_name": null,
      "data_clump_type": "fields_to_fields_data_clump",
      "data_clump_data": {
        "_G9Rm8a23EDWUIKxGw3bAdg": {
          "key": "_G9Rm8a23EDWUIKxGw3bAdg",
          "name": "point",
          "type": null,
          "probability": 1,
          "modifiers": [
            "private"
          ],
          "to_variable": {
            "key": "_QVKOQK21EDWUIKxGw3bAdg",
            "name": "point",
            "type": null,
            "modifiers": [
              "private"
            ],
            "position": {}
          },
          "position": {}
        },
        "_G9SOAK23EDWUIKxGw3bAdg": {
          "key": "_G9SOAK23EDWUIKxGw3bAdg",
          "name": "velocity",
          "type": null,
          "probability": 1,
          "modifiers": [
            "private"
          ],
          "to_variable": {
            "key": "_RMk-cK21EDWUIKxGw3bAdg",
            "name": "velocity",
            "type": null,
            "modifiers": [
              "private"
            ],
            "position": {}
          },
          "position": {}
        },
        "_G9SOAa23EDWUIKxGw3bAdg": {
          "key": "_G9SOAa23EDWUIKxGw3bAdg",
          "name": "alive",
          "type": null,
          "probability": 1,
          "modifiers": [
            "private"
          ],
          "to_variable": {
            "key": "_bI-WIK21EDWUIKxGw3bAdg",
            "name": "alive",
            "type": null,
            "modifiers": [
              "private"
            ],
            "position": {}
          },
          "position": {}
        },
        "_G9SOAq23EDWUIKxGw3bAdg": {
          "key": "_G9SOAq23EDWUIKxGw3bAdg",
          "name": "getPoint",
          "type": null,
          "probability": 1,
          "modifiers": [
            "public"
          ],
          "to_variable": {
            "key": "_cr7WoK21EDWUIKxGw3bAdg",
            "name": "getPoint",
            "type": null,
            "modifiers": [
              "public"
            ],
            "position": {}
          },
          "position": {}
        },
        "_G9S1EK23EDWUIKxGw3bAdg": {
          "key": "_G9S1EK23EDWUIKxGw3bAdg",
          "name": "setPoint",
          "type": null,
          "probability": 1,
          "modifiers": [
            "public"
          ],
          "to_variable": {
            "key": "_eGU4EK21EDWUIKxGw3bAdg",
            "name": "setPoint",
            "type": null,
            "modifiers": [
              "public"
            ],
            "position": {}
          },
          "position": {}
        },
        "_G9S1Ea23EDWUIKxGw3bAdg": {
          "key": "_G9S1Ea23EDWUIKxGw3bAdg",
          "name": "getVelocity",
          "type": null,
          "probability": 1,
          "modifiers": [
            "public"
          ],
          "to_variable": {
            "key": "_gJ7ukK21EDWUIKxGw3bAdg",
            "name": "getVelocity",
            "type": null,
            "modifiers": [
              "public"
            ],
            "position": {}
          },
          "position": {}
        },
        "_G9S1Eq23EDWUIKxGw3bAdg": {
          "key": "_G9S1Eq23EDWUIKxGw3bAdg",
          "name": "setVelocity",
          "type": null,
          "probability": 1,
          "modifiers": [
            "public"
          ],
          "to_variable": {
            "key": "_igQswK21EDWUIKxGw3bAdg",
            "name": "setVelocity",
            "type": null,
            "modifiers": [
              "public"
            ],
            "position": {}
          },
          "position": {}
        },
        "_G9S1E623EDWUIKxGw3bAdg": {
          "key": "_G9S1E623EDWUIKxGw3bAdg",
          "name": "isALive",
          "type": null,
          "probability": 1,
          "modifiers": [
            "public"
          ],
          "to_variable": {
            "key": "_PcFbwK22EDWUIKxGw3bAdg",
            "name": "isALive",
            "type": null,
            "modifiers": [
              "public"
            ],
            "position": {}
          },
          "position": {}
        },
        "_G9TcIK23EDWUIKxGw3bAdg": {
          "key": "_G9TcIK23EDWUIKxGw3bAdg",
          "name": "hit",
          "type": null,
          "probability": 1,
          "modifiers": [
            "public"
          ],
          "to_variable": {
            "key": "_DdWjcK23EDWUIKxGw3bAdg",
            "name": "hit",
            "type": null,
            "modifiers": [
              "public"
            ],
            "position": {}
          },
          "position": {}
        }
      }
    },
    "fields_to_fields_data_clump-./Asteroid-_G9Rm8K23EDWUIKxGw3bAdg-_176lcK27EDWUIKxGw3bAdg-pointvelocityalivegetPointsetPointgetVelocitysetVelocityisALivehitBreakdraw()": {
      "type": "data_clump",
      "key": "fields_to_fields_data_clump-./Asteroid-_G9Rm8K23EDWUIKxGw3bAdg-_176lcK27EDWUIKxGw3bAdg-pointvelocityalivegetPointsetPointgetVelocitysetVelocityisALivehitBreakdraw()",
      "probability": 1,
      "from_file_path": "./Asteroid",
      "from_class_or_interface_name": "Asteroid",
      "from_class_or_interface_key": "_G9Rm8K23EDWUIKxGw3bAdg",
      "from_method_name": null,
      "from_method_key": null,
      "to_file_path": "./smallAsteroid",
      "to_class_or_interface_key": "_176lcK27EDWUIKxGw3bAdg",
      "to_class_or_interface_name": "Asteroid",
      "to_method_key": null,
      "to_method_name": null,
      "data_clump_type": "fields_to_fields_data_clump",
      "data_clump_data": {
        "_G9Rm8a23EDWUIKxGw3bAdg": {
          "key": "_G9Rm8a23EDWUIKxGw3bAdg",
          "name": "point",
          "type": null,
          "probability": 1,
          "modifiers": [
            "private"
          ],
          "to_variable": {
            "key": "_176lca27EDWUIKxGw3bAdg",
            "name": "point",
            "type": null,
            "modifiers": [
              "private"
            ],
            "position": {}
          },
          "position": {}
        },
        "_G9SOAK23EDWUIKxGw3bAdg": {
          "key": "_G9SOAK23EDWUIKxGw3bAdg",
          "name": "velocity",
          "type": null,
          "probability": 1,
          "modifiers": [
            "private"
          ],
          "to_variable": {
            "key": "_177MgK27EDWUIKxGw3bAdg",
            "name": "velocity",
            "type": null,
            "modifiers": [
              "private"
            ],
            "position": {}
          },
          "position": {}
        },
        "_G9SOAa23EDWUIKxGw3bAdg": {
          "key": "_G9SOAa23EDWUIKxGw3bAdg",
          "name": "alive",
          "type": null,
          "probability": 1,
          "modifiers": [
            "private"
          ],
          "to_variable": {
            "key": "_177Mga27EDWUIKxGw3bAdg",
            "name": "alive",
            "type": null,
            "modifiers": [
              "private"
            ],
            "position": {}
          },
          "position": {}
        },
        "_G9SOAq23EDWUIKxGw3bAdg": {
          "key": "_G9SOAq23EDWUIKxGw3bAdg",
          "name": "getPoint",
          "type": null,
          "probability": 1,
          "modifiers": [
            "public"
          ],
          "to_variable": {
            "key": "_177Mgq27EDWUIKxGw3bAdg",
            "name": "getPoint",
            "type": null,
            "modifiers": [
              "public"
            ],
            "position": {}
          },
          "position": {}
        },
        "_G9S1EK23EDWUIKxGw3bAdg": {
          "key": "_G9S1EK23EDWUIKxGw3bAdg",
          "name": "setPoint",
          "type": null,
          "probability": 1,
          "modifiers": [
            "public"
          ],
          "to_variable": {
            "key": "_177Mg627EDWUIKxGw3bAdg",
            "name": "setPoint",
            "type": null,
            "modifiers": [
              "public"
            ],
            "position": {}
          },
          "position": {}
        },
        "_G9S1Ea23EDWUIKxGw3bAdg": {
          "key": "_G9S1Ea23EDWUIKxGw3bAdg",
          "name": "getVelocity",
          "type": null,
          "probability": 1,
          "modifiers": [
            "public"
          ],
          "to_variable": {
            "key": "_177zkK27EDWUIKxGw3bAdg",
            "name": "getVelocity",
            "type": null,
            "modifiers": [
              "public"
            ],
            "position": {}
          },
          "position": {}
        },
        "_G9S1Eq23EDWUIKxGw3bAdg": {
          "key": "_G9S1Eq23EDWUIKxGw3bAdg",
          "name": "setVelocity",
          "type": null,
          "probability": 1,
          "modifiers": [
            "public"
          ],
          "to_variable": {
            "key": "_177zka27EDWUIKxGw3bAdg",
            "name": "setVelocity",
            "type": null,
            "modifiers": [
              "public"
            ],
            "position": {}
          },
          "position": {}
        },
        "_G9S1E623EDWUIKxGw3bAdg": {
          "key": "_G9S1E623EDWUIKxGw3bAdg",
          "name": "isALive",
          "type": null,
          "probability": 1,
          "modifiers": [
            "public"
          ],
          "to_variable": {
            "key": "_177zkq27EDWUIKxGw3bAdg",
            "name": "isALive",
            "type": null,
            "modifiers": [
              "public"
            ],
            "position": {}
          },
          "position": {}
        },
        "_G9TcIK23EDWUIKxGw3bAdg": {
          "key": "_G9TcIK23EDWUIKxGw3bAdg",
          "name": "hit",
          "type": null,
          "probability": 1,
          "modifiers": [
            "public"
          ],
          "to_variable": {
            "key": "_177zk627EDWUIKxGw3bAdg",
            "name": "hit",
            "type": null,
            "modifiers": [
              "public"
            ],
            "position": {}
          },
          "position": {}
        },
        "_M2uGkK23EDWUIKxGw3bAdg": {
          "key": "_M2uGkK23EDWUIKxGw3bAdg",
          "name": "Break",
          "type": null,
          "probability": 1,
          "modifiers": [
            "public"
          ],
          "to_variable": {
            "key": "_178aoK27EDWUIKxGw3bAdg",
            "name": "Break",
            "type": null,
            "modifiers": [
              "public"
            ],
            "position": {}
          },
          "position": {}
        },
        "_KR2rMK25EDWUIKxGw3bAdg": {
          "key": "_KR2rMK25EDWUIKxGw3bAdg",
          "name": "draw()",
          "type": null,
          "probability": 1,
          "modifiers": [
            "public"
          ],
          "to_variable": {
            "key": "_178aoa27EDWUIKxGw3bAdg",
            "name": "draw()",
            "type": null,
            "modifiers": [
              "public"
            ],
            "position": {}
          },
          "position": {}
        }
      }
    },
    "fields_to_fields_data_clump-./Bullet-_K6WggK23EDWUIKxGw3bAdg-_G9Rm8K23EDWUIKxGw3bAdg-pointvelocityalivegetPointsetPointgetVelocitysetVelocityisALivehit": {
      "type": "data_clump",
      "key": "fields_to_fields_data_clump-./Bullet-_K6WggK23EDWUIKxGw3bAdg-_G9Rm8K23EDWUIKxGw3bAdg-pointvelocityalivegetPointsetPointgetVelocitysetVelocityisALivehit",
      "probability": 1,
      "from_file_path": "./Bullet",
      "from_class_or_interface_name": "Bullet",
      "from_class_or_interface_key": "_K6WggK23EDWUIKxGw3bAdg",
      "from_method_name": null,
      "from_method_key": null,
      "to_file_path": "./Asteroid",
      "to_class_or_interface_key": "_G9Rm8K23EDWUIKxGw3bAdg",
      "to_class_or_interface_name": "Bullet",
      "to_method_key": null,
      "to_method_name": null,
      "data_clump_type": "fields_to_fields_data_clump",
      "data_clump_data": {
        "_K6XHkK23EDWUIKxGw3bAdg": {
          "key": "_K6XHkK23EDWUIKxGw3bAdg",
          "name": "point",
          "type": null,
          "probability": 1,
          "modifiers": [
            "private"
          ],
          "to_variable": {
            "key": "_G9Rm8a23EDWUIKxGw3bAdg",
            "name": "point",
            "type": null,
            "modifiers": [
              "private"
            ],
            "position": {}
          },
          "position": {}
        },
        "_K6XHka23EDWUIKxGw3bAdg": {
          "key": "_K6XHka23EDWUIKxGw3bAdg",
          "name": "velocity",
          "type": null,
          "probability": 1,
          "modifiers": [
            "private"
          ],
          "to_variable": {
            "key": "_G9SOAK23EDWUIKxGw3bAdg",
            "name": "velocity",
            "type": null,
            "modifiers": [
              "private"
            ],
            "position": {}
          },
          "position": {}
        },
        "_K6XHkq23EDWUIKxGw3bAdg": {
          "key": "_K6XHkq23EDWUIKxGw3bAdg",
          "name": "alive",
          "type": null,
          "probability": 1,
          "modifiers": [
            "private"
          ],
          "to_variable": {
            "key": "_G9SOAa23EDWUIKxGw3bAdg",
            "name": "alive",
            "type": null,
            "modifiers": [
              "private"
            ],
            "position": {}
          },
          "position": {}
        },
        "_K6XuoK23EDWUIKxGw3bAdg": {
          "key": "_K6XuoK23EDWUIKxGw3bAdg",
          "name": "getPoint",
          "type": null,
          "probability": 1,
          "modifiers": [
            "public"
          ],
          "to_variable": {
            "key": "_G9SOAq23EDWUIKxGw3bAdg",
            "name": "getPoint",
            "type": null,
            "modifiers": [
              "public"
            ],
            "position": {}
          },
          "position": {}
        },
        "_K6Xuoa23EDWUIKxGw3bAdg": {
          "key": "_K6Xuoa23EDWUIKxGw3bAdg",
          "name": "setPoint",
          "type": null,
          "probability": 1,
          "modifiers": [
            "public"
          ],
          "to_variable": {
            "key": "_G9S1EK23EDWUIKxGw3bAdg",
            "name": "setPoint",
            "type": null,
            "modifiers": [
              "public"
            ],
            "position": {}
          },
          "position": {}
        },
        "_K6YVsK23EDWUIKxGw3bAdg": {
          "key": "_K6YVsK23EDWUIKxGw3bAdg",
          "name": "getVelocity",
          "type": null,
          "probability": 1,
          "modifiers": [
            "public"
          ],
          "to_variable": {
            "key": "_G9S1Ea23EDWUIKxGw3bAdg",
            "name": "getVelocity",
            "type": null,
            "modifiers": [
              "public"
            ],
            "position": {}
          },
          "position": {}
        },
        "_K6Y8wK23EDWUIKxGw3bAdg": {
          "key": "_K6Y8wK23EDWUIKxGw3bAdg",
          "name": "setVelocity",
          "type": null,
          "probability": 1,
          "modifiers": [
            "public"
          ],
          "to_variable": {
            "key": "_G9S1Eq23EDWUIKxGw3bAdg",
            "name": "setVelocity",
            "type": null,
            "modifiers": [
              "public"
            ],
            "position": {}
          },
          "position": {}
        },
        "_K6Y8wa23EDWUIKxGw3bAdg": {
          "key": "_K6Y8wa23EDWUIKxGw3bAdg",
          "name": "isALive",
          "type": null,
          "probability": 1,
          "modifiers": [
            "public"
          ],
          "to_variable": {
            "key": "_G9S1E623EDWUIKxGw3bAdg",
            "name": "isALive",
            "type": null,
            "modifiers": [
              "public"
            ],
            "position": {}
          },
          "position": {}
        },
        "_K6Y8wq23EDWUIKxGw3bAdg": {
          "key": "_K6Y8wq23EDWUIKxGw3bAdg",
          "name": "hit",
          "type": null,
          "probability": 1,
          "modifiers": [
            "public"
          ],
          "to_variable": {
            "key": "_G9TcIK23EDWUIKxGw3bAdg",
            "name": "hit",
            "type": null,
            "modifiers": [
              "public"
            ],
            "position": {}
          },
          "position": {}
        }
      }
    },
    "fields_to_fields_data_clump-./Bullet-_K6WggK23EDWUIKxGw3bAdg-_yQjs0K2hEDWUIKxGw3bAdg-pointvelocityalivegetPointsetPointgetVelocitysetVelocityisALivehitdraw": {
      "type": "data_clump",
      "key": "fields_to_fields_data_clump-./Bullet-_K6WggK23EDWUIKxGw3bAdg-_yQjs0K2hEDWUIKxGw3bAdg-pointvelocityalivegetPointsetPointgetVelocitysetVelocityisALivehitdraw",
      "probability": 1,
      "from_file_path": "./Bullet",
      "from_class_or_interface_name": "Bullet",
      "from_class_or_interface_key": "_K6WggK23EDWUIKxGw3bAdg",
      "from_method_name": null,
      "from_method_key": null,
      "to_file_path": "./SpaceShip",
      "to_class_or_interface_key": "_yQjs0K2hEDWUIKxGw3bAdg",
      "to_class_or_interface_name": "Bullet",
      "to_method_key": null,
      "to_method_name": null,
      "data_clump_type": "fields_to_fields_data_clump",
      "data_clump_data": {
        "_K6XHkK23EDWUIKxGw3bAdg": {
          "key": "_K6XHkK23EDWUIKxGw3bAdg",
          "name": "point",
          "type": null,
          "probability": 1,
          "modifiers": [
            "private"
          ],
          "to_variable": {
            "key": "_QVKOQK21EDWUIKxGw3bAdg",
            "name": "point",
            "type": null,
            "modifiers": [
              "private"
            ],
            "position": {}
          },
          "position": {}
        },
        "_K6XHka23EDWUIKxGw3bAdg": {
          "key": "_K6XHka23EDWUIKxGw3bAdg",
          "name": "velocity",
          "type": null,
          "probability": 1,
          "modifiers": [
            "private"
          ],
          "to_variable": {
            "key": "_RMk-cK21EDWUIKxGw3bAdg",
            "name": "velocity",
            "type": null,
            "modifiers": [
              "private"
            ],
            "position": {}
          },
          "position": {}
        },
        "_K6XHkq23EDWUIKxGw3bAdg": {
          "key": "_K6XHkq23EDWUIKxGw3bAdg",
          "name": "alive",
          "type": null,
          "probability": 1,
          "modifiers": [
            "private"
          ],
          "to_variable": {
            "key": "_bI-WIK21EDWUIKxGw3bAdg",
            "name": "alive",
            "type": null,
            "modifiers": [
              "private"
            ],
            "position": {}
          },
          "position": {}
        },
        "_K6XuoK23EDWUIKxGw3bAdg": {
          "key": "_K6XuoK23EDWUIKxGw3bAdg",
          "name": "getPoint",
          "type": null,
          "probability": 1,
          "modifiers": [
            "public"
          ],
          "to_variable": {
            "key": "_cr7WoK21EDWUIKxGw3bAdg",
            "name": "getPoint",
            "type": null,
            "modifiers": [
              "public"
            ],
            "position": {}
          },
          "position": {}
        },
        "_K6Xuoa23EDWUIKxGw3bAdg": {
          "key": "_K6Xuoa23EDWUIKxGw3bAdg",
          "name": "setPoint",
          "type": null,
          "probability": 1,
          "modifiers": [
            "public"
          ],
          "to_variable": {
            "key": "_eGU4EK21EDWUIKxGw3bAdg",
            "name": "setPoint",
            "type": null,
            "modifiers": [
              "public"
            ],
            "position": {}
          },
          "position": {}
        },
        "_K6YVsK23EDWUIKxGw3bAdg": {
          "key": "_K6YVsK23EDWUIKxGw3bAdg",
          "name": "getVelocity",
          "type": null,
          "probability": 1,
          "modifiers": [
            "public"
          ],
          "to_variable": {
            "key": "_gJ7ukK21EDWUIKxGw3bAdg",
            "name": "getVelocity",
            "type": null,
            "modifiers": [
              "public"
            ],
            "position": {}
          },
          "position": {}
        },
        "_K6Y8wK23EDWUIKxGw3bAdg": {
          "key": "_K6Y8wK23EDWUIKxGw3bAdg",
          "name": "setVelocity",
          "type": null,
          "probability": 1,
          "modifiers": [
            "public"
          ],
          "to_variable": {
            "key": "_igQswK21EDWUIKxGw3bAdg",
            "name": "setVelocity",
            "type": null,
            "modifiers": [
              "public"
            ],
            "position": {}
          },
          "position": {}
        },
        "_K6Y8wa23EDWUIKxGw3bAdg": {
          "key": "_K6Y8wa23EDWUIKxGw3bAdg",
          "name": "isALive",
          "type": null,
          "probability": 1,
          "modifiers": [
            "public"
          ],
          "to_variable": {
            "key": "_PcFbwK22EDWUIKxGw3bAdg",
            "name": "isALive",
            "type": null,
            "modifiers": [
              "public"
            ],
            "position": {}
          },
          "position": {}
        },
        "_K6Y8wq23EDWUIKxGw3bAdg": {
          "key": "_K6Y8wq23EDWUIKxGw3bAdg",
          "name": "hit",
          "type": null,
          "probability": 1,
          "modifiers": [
            "public"
          ],
          "to_variable": {
            "key": "_DdWjcK23EDWUIKxGw3bAdg",
            "name": "hit",
            "type": null,
            "modifiers": [
              "public"
            ],
            "position": {}
          },
          "position": {}
        },
        "_QucUIK25EDWUIKxGw3bAdg": {
          "key": "_QucUIK25EDWUIKxGw3bAdg",
          "name": "draw",
          "type": null,
          "probability": 1,
          "modifiers": [
            "public"
          ],
          "to_variable": {
            "key": "_PRDJEK25EDWUIKxGw3bAdg",
            "name": "draw",
            "type": null,
            "modifiers": [
              "public"
            ],
            "position": {}
          },
          "position": {}
        }
      }
    },
    "fields_to_fields_data_clump-./Bullet-_K6WggK23EDWUIKxGw3bAdg-_176lcK27EDWUIKxGw3bAdg-pointvelocityalivegetPointsetPointgetVelocitysetVelocityisALivehit": {
      "type": "data_clump",
      "key": "fields_to_fields_data_clump-./Bullet-_K6WggK23EDWUIKxGw3bAdg-_176lcK27EDWUIKxGw3bAdg-pointvelocityalivegetPointsetPointgetVelocitysetVelocityisALivehit",
      "probability": 1,
      "from_file_path": "./Bullet",
      "from_class_or_interface_name": "Bullet",
      "from_class_or_interface_key": "_K6WggK23EDWUIKxGw3bAdg",
      "from_method_name": null,
      "from_method_key": null,
      "to_file_path": "./smallAsteroid",
      "to_class_or_interface_key": "_176lcK27EDWUIKxGw3bAdg",
      "to_class_or_interface_name": "Bullet",
      "to_method_key": null,
      "to_method_name": null,
      "data_clump_type": "fields_to_fields_data_clump",
      "data_clump_data": {
        "_K6XHkK23EDWUIKxGw3bAdg": {
          "key": "_K6XHkK23EDWUIKxGw3bAdg",
          "name": "point",
          "type": null,
          "probability": 1,
          "modifiers": [
            "private"
          ],
          "to_variable": {
            "key": "_176lca27EDWUIKxGw3bAdg",
            "name": "point",
            "type": null,
            "modifiers": [
              "private"
            ],
            "position": {}
          },
          "position": {}
        },
        "_K6XHka23EDWUIKxGw3bAdg": {
          "key": "_K6XHka23EDWUIKxGw3bAdg",
          "name": "velocity",
          "type": null,
          "probability": 1,
          "modifiers": [
            "private"
          ],
          "to_variable": {
            "key": "_177MgK27EDWUIKxGw3bAdg",
            "name": "velocity",
            "type": null,
            "modifiers": [
              "private"
            ],
            "position": {}
          },
          "position": {}
        },
        "_K6XHkq23EDWUIKxGw3bAdg": {
          "key": "_K6XHkq23EDWUIKxGw3bAdg",
          "name": "alive",
          "type": null,
          "probability": 1,
          "modifiers": [
            "private"
          ],
          "to_variable": {
            "key": "_177Mga27EDWUIKxGw3bAdg",
            "name": "alive",
            "type": null,
            "modifiers": [
              "private"
            ],
            "position": {}
          },
          "position": {}
        },
        "_K6XuoK23EDWUIKxGw3bAdg": {
          "key": "_K6XuoK23EDWUIKxGw3bAdg",
          "name": "getPoint",
          "type": null,
          "probability": 1,
          "modifiers": [
            "public"
          ],
          "to_variable": {
            "key": "_177Mgq27EDWUIKxGw3bAdg",
            "name": "getPoint",
            "type": null,
            "modifiers": [
              "public"
            ],
            "position": {}
          },
          "position": {}
        },
        "_K6Xuoa23EDWUIKxGw3bAdg": {
          "key": "_K6Xuoa23EDWUIKxGw3bAdg",
          "name": "setPoint",
          "type": null,
          "probability": 1,
          "modifiers": [
            "public"
          ],
          "to_variable": {
            "key": "_177Mg627EDWUIKxGw3bAdg",
            "name": "setPoint",
            "type": null,
            "modifiers": [
              "public"
            ],
            "position": {}
          },
          "position": {}
        },
        "_K6YVsK23EDWUIKxGw3bAdg": {
          "key": "_K6YVsK23EDWUIKxGw3bAdg",
          "name": "getVelocity",
          "type": null,
          "probability": 1,
          "modifiers": [
            "public"
          ],
          "to_variable": {
            "key": "_177zkK27EDWUIKxGw3bAdg",
            "name": "getVelocity",
            "type": null,
            "modifiers": [
              "public"
            ],
            "position": {}
          },
          "position": {}
        },
        "_K6Y8wK23EDWUIKxGw3bAdg": {
          "key": "_K6Y8wK23EDWUIKxGw3bAdg",
          "name": "setVelocity",
          "type": null,
          "probability": 1,
          "modifiers": [
            "public"
          ],
          "to_variable": {
            "key": "_177zka27EDWUIKxGw3bAdg",
            "name": "setVelocity",
            "type": null,
            "modifiers": [
              "public"
            ],
            "position": {}
          },
          "position": {}
        },
        "_K6Y8wa23EDWUIKxGw3bAdg": {
          "key": "_K6Y8wa23EDWUIKxGw3bAdg",
          "name": "isALive",
          "type": null,
          "probability": 1,
          "modifiers": [
            "public"
          ],
          "to_variable": {
            "key": "_177zkq27EDWUIKxGw3bAdg",
            "name": "isALive",
            "type": null,
            "modifiers": [
              "public"
            ],
            "position": {}
          },
          "position": {}
        },
        "_K6Y8wq23EDWUIKxGw3bAdg": {
          "key": "_K6Y8wq23EDWUIKxGw3bAdg",
          "name": "hit",
          "type": null,
          "probability": 1,
          "modifiers": [
            "public"
          ],
          "to_variable": {
            "key": "_177zk627EDWUIKxGw3bAdg",
            "name": "hit",
            "type": null,
            "modifiers": [
              "public"
            ],
            "position": {}
          },
          "position": {}
        }
      }
    },
    "fields_to_fields_data_clump-./SpaceShip-_yQjs0K2hEDWUIKxGw3bAdg-_G9Rm8K23EDWUIKxGw3bAdg-pointsetPointvelocityalivegetPointgetVelocitysetVelocityisALivehit": {
      "type": "data_clump",
      "key": "fields_to_fields_data_clump-./SpaceShip-_yQjs0K2hEDWUIKxGw3bAdg-_G9Rm8K23EDWUIKxGw3bAdg-pointsetPointvelocityalivegetPointgetVelocitysetVelocityisALivehit",
      "probability": 1,
      "from_file_path": "./SpaceShip",
      "from_class_or_interface_name": "SpaceShip",
      "from_class_or_interface_key": "_yQjs0K2hEDWUIKxGw3bAdg",
      "from_method_name": null,
      "from_method_key": null,
      "to_file_path": "./Asteroid",
      "to_class_or_interface_key": "_G9Rm8K23EDWUIKxGw3bAdg",
      "to_class_or_interface_name": "SpaceShip",
      "to_method_key": null,
      "to_method_name": null,
      "data_clump_type": "fields_to_fields_data_clump",
      "data_clump_data": {
        "_QVKOQK21EDWUIKxGw3bAdg": {
          "key": "_QVKOQK21EDWUIKxGw3bAdg",
          "name": "point",
          "type": null,
          "probability": 1,
          "modifiers": [
            "private"
          ],
          "to_variable": {
            "key": "_G9Rm8a23EDWUIKxGw3bAdg",
            "name": "point",
            "type": null,
            "modifiers": [
              "private"
            ],
            "position": {}
          },
          "position": {}
        },
        "_eGU4EK21EDWUIKxGw3bAdg": {
          "key": "_eGU4EK21EDWUIKxGw3bAdg",
          "name": "setPoint",
          "type": null,
          "probability": 1,
          "modifiers": [
            "public"
          ],
          "to_variable": {
            "key": "_G9S1EK23EDWUIKxGw3bAdg",
            "name": "setPoint",
            "type": null,
            "modifiers": [
              "public"
            ],
            "position": {}
          },
          "position": {}
        },
        "_RMk-cK21EDWUIKxGw3bAdg": {
          "key": "_RMk-cK21EDWUIKxGw3bAdg",
          "name": "velocity",
          "type": null,
          "probability": 1,
          "modifiers": [
            "private"
          ],
          "to_variable": {
            "key": "_G9SOAK23EDWUIKxGw3bAdg",
            "name": "velocity",
            "type": null,
            "modifiers": [
              "private"
            ],
            "position": {}
          },
          "position": {}
        },
        "_bI-WIK21EDWUIKxGw3bAdg": {
          "key": "_bI-WIK21EDWUIKxGw3bAdg",
          "name": "alive",
          "type": null,
          "probability": 1,
          "modifiers": [
            "private"
          ],
          "to_variable": {
            "key": "_G9SOAa23EDWUIKxGw3bAdg",
            "name": "alive",
            "type": null,
            "modifiers": [
              "private"
            ],
            "position": {}
          },
          "position": {}
        },
        "_cr7WoK21EDWUIKxGw3bAdg": {
          "key": "_cr7WoK21EDWUIKxGw3bAdg",
          "name": "getPoint",
          "type": null,
          "probability": 1,
          "modifiers": [
            "public"
          ],
          "to_variable": {
            "key": "_G9SOAq23EDWUIKxGw3bAdg",
            "name": "getPoint",
            "type": null,
            "modifiers": [
              "public"
            ],
            "position": {}
          },
          "position": {}
        },
        "_gJ7ukK21EDWUIKxGw3bAdg": {
          "key": "_gJ7ukK21EDWUIKxGw3bAdg",
          "name": "getVelocity",
          "type": null,
          "probability": 1,
          "modifiers": [
            "public"
          ],
          "to_variable": {
            "key": "_G9S1Ea23EDWUIKxGw3bAdg",
            "name": "getVelocity",
            "type": null,
            "modifiers": [
              "public"
            ],
            "position": {}
          },
          "position": {}
        },
        "_igQswK21EDWUIKxGw3bAdg": {
          "key": "_igQswK21EDWUIKxGw3bAdg",
          "name": "setVelocity",
          "type": null,
          "probability": 1,
          "modifiers": [
            "public"
          ],
          "to_variable": {
            "key": "_G9S1Eq23EDWUIKxGw3bAdg",
            "name": "setVelocity",
            "type": null,
            "modifiers": [
              "public"
            ],
            "position": {}
          },
          "position": {}
        },
        "_PcFbwK22EDWUIKxGw3bAdg": {
          "key": "_PcFbwK22EDWUIKxGw3bAdg",
          "name": "isALive",
          "type": null,
          "probability": 1,
          "modifiers": [
            "public"
          ],
          "to_variable": {
            "key": "_G9S1E623EDWUIKxGw3bAdg",
            "name": "isALive",
            "type": null,
            "modifiers": [
              "public"
            ],
            "position": {}
          },
          "position": {}
        },
        "_DdWjcK23EDWUIKxGw3bAdg": {
          "key": "_DdWjcK23EDWUIKxGw3bAdg",
          "name": "hit",
          "type": null,
          "probability": 1,
          "modifiers": [
            "public"
          ],
          "to_variable": {
            "key": "_G9TcIK23EDWUIKxGw3bAdg",
            "name": "hit",
            "type": null,
            "modifiers": [
              "public"
            ],
            "position": {}
          },
          "position": {}
        }
      }
    },
    "fields_to_fields_data_clump-./SpaceShip-_yQjs0K2hEDWUIKxGw3bAdg-_K6WggK23EDWUIKxGw3bAdg-pointsetPointvelocityalivegetPointgetVelocitysetVelocityisALivehitdraw": {
      "type": "data_clump",
      "key": "fields_to_fields_data_clump-./SpaceShip-_yQjs0K2hEDWUIKxGw3bAdg-_K6WggK23EDWUIKxGw3bAdg-pointsetPointvelocityalivegetPointgetVelocitysetVelocityisALivehitdraw",
      "probability": 1,
      "from_file_path": "./SpaceShip",
      "from_class_or_interface_name": "SpaceShip",
      "from_class_or_interface_key": "_yQjs0K2hEDWUIKxGw3bAdg",
      "from_method_name": null,
      "from_method_key": null,
      "to_file_path": "./Bullet",
      "to_class_or_interface_key": "_K6WggK23EDWUIKxGw3bAdg",
      "to_class_or_interface_name": "SpaceShip",
      "to_method_key": null,
      "to_method_name": null,
      "data_clump_type": "fields_to_fields_data_clump",
      "data_clump_data": {
        "_QVKOQK21EDWUIKxGw3bAdg": {
          "key": "_QVKOQK21EDWUIKxGw3bAdg",
          "name": "point",
          "type": null,
          "probability": 1,
          "modifiers": [
            "private"
          ],
          "to_variable": {
            "key": "_K6XHkK23EDWUIKxGw3bAdg",
            "name": "point",
            "type": null,
            "modifiers": [
              "private"
            ],
            "position": {}
          },
          "position": {}
        },
        "_eGU4EK21EDWUIKxGw3bAdg": {
          "key": "_eGU4EK21EDWUIKxGw3bAdg",
          "name": "setPoint",
          "type": null,
          "probability": 1,
          "modifiers": [
            "public"
          ],
          "to_variable": {
            "key": "_K6Xuoa23EDWUIKxGw3bAdg",
            "name": "setPoint",
            "type": null,
            "modifiers": [
              "public"
            ],
            "position": {}
          },
          "position": {}
        },
        "_RMk-cK21EDWUIKxGw3bAdg": {
          "key": "_RMk-cK21EDWUIKxGw3bAdg",
          "name": "velocity",
          "type": null,
          "probability": 1,
          "modifiers": [
            "private"
          ],
          "to_variable": {
            "key": "_K6XHka23EDWUIKxGw3bAdg",
            "name": "velocity",
            "type": null,
            "modifiers": [
              "private"
            ],
            "position": {}
          },
          "position": {}
        },
        "_bI-WIK21EDWUIKxGw3bAdg": {
          "key": "_bI-WIK21EDWUIKxGw3bAdg",
          "name": "alive",
          "type": null,
          "probability": 1,
          "modifiers": [
            "private"
          ],
          "to_variable": {
            "key": "_K6XHkq23EDWUIKxGw3bAdg",
            "name": "alive",
            "type": null,
            "modifiers": [
              "private"
            ],
            "position": {}
          },
          "position": {}
        },
        "_cr7WoK21EDWUIKxGw3bAdg": {
          "key": "_cr7WoK21EDWUIKxGw3bAdg",
          "name": "getPoint",
          "type": null,
          "probability": 1,
          "modifiers": [
            "public"
          ],
          "to_variable": {
            "key": "_K6XuoK23EDWUIKxGw3bAdg",
            "name": "getPoint",
            "type": null,
            "modifiers": [
              "public"
            ],
            "position": {}
          },
          "position": {}
        },
        "_gJ7ukK21EDWUIKxGw3bAdg": {
          "key": "_gJ7ukK21EDWUIKxGw3bAdg",
          "name": "getVelocity",
          "type": null,
          "probability": 1,
          "modifiers": [
            "public"
          ],
          "to_variable": {
            "key": "_K6YVsK23EDWUIKxGw3bAdg",
            "name": "getVelocity",
            "type": null,
            "modifiers": [
              "public"
            ],
            "position": {}
          },
          "position": {}
        },
        "_igQswK21EDWUIKxGw3bAdg": {
          "key": "_igQswK21EDWUIKxGw3bAdg",
          "name": "setVelocity",
          "type": null,
          "probability": 1,
          "modifiers": [
            "public"
          ],
          "to_variable": {
            "key": "_K6Y8wK23EDWUIKxGw3bAdg",
            "name": "setVelocity",
            "type": null,
            "modifiers": [
              "public"
            ],
            "position": {}
          },
          "position": {}
        },
        "_PcFbwK22EDWUIKxGw3bAdg": {
          "key": "_PcFbwK22EDWUIKxGw3bAdg",
          "name": "isALive",
          "type": null,
          "probability": 1,
          "modifiers": [
            "public"
          ],
          "to_variable": {
            "key": "_K6Y8wa23EDWUIKxGw3bAdg",
            "name": "isALive",
            "type": null,
            "modifiers": [
              "public"
            ],
            "position": {}
          },
          "position": {}
        },
        "_DdWjcK23EDWUIKxGw3bAdg": {
          "key": "_DdWjcK23EDWUIKxGw3bAdg",
          "name": "hit",
          "type": null,
          "probability": 1,
          "modifiers": [
            "public"
          ],
          "to_variable": {
            "key": "_K6Y8wq23EDWUIKxGw3bAdg",
            "name": "hit",
            "type": null,
            "modifiers": [
              "public"
            ],
            "position": {}
          },
          "position": {}
        },
        "_PRDJEK25EDWUIKxGw3bAdg": {
          "key": "_PRDJEK25EDWUIKxGw3bAdg",
          "name": "draw",
          "type": null,
          "probability": 1,
          "modifiers": [
            "public"
          ],
          "to_variable": {
            "key": "_QucUIK25EDWUIKxGw3bAdg",
            "name": "draw",
            "type": null,
            "modifiers": [
              "public"
            ],
            "position": {}
          },
          "position": {}
        }
      }
    },
    "fields_to_fields_data_clump-./SpaceShip-_yQjs0K2hEDWUIKxGw3bAdg-_176lcK27EDWUIKxGw3bAdg-pointsetPointvelocityalivegetPointgetVelocitysetVelocityisALivehit": {
      "type": "data_clump",
      "key": "fields_to_fields_data_clump-./SpaceShip-_yQjs0K2hEDWUIKxGw3bAdg-_176lcK27EDWUIKxGw3bAdg-pointsetPointvelocityalivegetPointgetVelocitysetVelocityisALivehit",
      "probability": 1,
      "from_file_path": "./SpaceShip",
      "from_class_or_interface_name": "SpaceShip",
      "from_class_or_interface_key": "_yQjs0K2hEDWUIKxGw3bAdg",
      "from_method_name": null,
      "from_method_key": null,
      "to_file_path": "./smallAsteroid",
      "to_class_or_interface_key": "_176lcK27EDWUIKxGw3bAdg",
      "to_class_or_interface_name": "SpaceShip",
      "to_method_key": null,
      "to_method_name": null,
      "data_clump_type": "fields_to_fields_data_clump",
      "data_clump_data": {
        "_QVKOQK21EDWUIKxGw3bAdg": {
          "key": "_QVKOQK21EDWUIKxGw3bAdg",
          "name": "point",
          "type": null,
          "probability": 1,
          "modifiers": [
            "private"
          ],
          "to_variable": {
            "key": "_176lca27EDWUIKxGw3bAdg",
            "name": "point",
            "type": null,
            "modifiers": [
              "private"
            ],
            "position": {}
          },
          "position": {}
        },
        "_eGU4EK21EDWUIKxGw3bAdg": {
          "key": "_eGU4EK21EDWUIKxGw3bAdg",
          "name": "setPoint",
          "type": null,
          "probability": 1,
          "modifiers": [
            "public"
          ],
          "to_variable": {
            "key": "_177Mg627EDWUIKxGw3bAdg",
            "name": "setPoint",
            "type": null,
            "modifiers": [
              "public"
            ],
            "position": {}
          },
          "position": {}
        },
        "_RMk-cK21EDWUIKxGw3bAdg": {
          "key": "_RMk-cK21EDWUIKxGw3bAdg",
          "name": "velocity",
          "type": null,
          "probability": 1,
          "modifiers": [
            "private"
          ],
          "to_variable": {
            "key": "_177MgK27EDWUIKxGw3bAdg",
            "name": "velocity",
            "type": null,
            "modifiers": [
              "private"
            ],
            "position": {}
          },
          "position": {}
        },
        "_bI-WIK21EDWUIKxGw3bAdg": {
          "key": "_bI-WIK21EDWUIKxGw3bAdg",
          "name": "alive",
          "type": null,
          "probability": 1,
          "modifiers": [
            "private"
          ],
          "to_variable": {
            "key": "_177Mga27EDWUIKxGw3bAdg",
            "name": "alive",
            "type": null,
            "modifiers": [
              "private"
            ],
            "position": {}
          },
          "position": {}
        },
        "_cr7WoK21EDWUIKxGw3bAdg": {
          "key": "_cr7WoK21EDWUIKxGw3bAdg",
          "name": "getPoint",
          "type": null,
          "probability": 1,
          "modifiers": [
            "public"
          ],
          "to_variable": {
            "key": "_177Mgq27EDWUIKxGw3bAdg",
            "name": "getPoint",
            "type": null,
            "modifiers": [
              "public"
            ],
            "position": {}
          },
          "position": {}
        },
        "_gJ7ukK21EDWUIKxGw3bAdg": {
          "key": "_gJ7ukK21EDWUIKxGw3bAdg",
          "name": "getVelocity",
          "type": null,
          "probability": 1,
          "modifiers": [
            "public"
          ],
          "to_variable": {
            "key": "_177zkK27EDWUIKxGw3bAdg",
            "name": "getVelocity",
            "type": null,
            "modifiers": [
              "public"
            ],
            "position": {}
          },
          "position": {}
        },
        "_igQswK21EDWUIKxGw3bAdg": {
          "key": "_igQswK21EDWUIKxGw3bAdg",
          "name": "setVelocity",
          "type": null,
          "probability": 1,
          "modifiers": [
            "public"
          ],
          "to_variable": {
            "key": "_177zka27EDWUIKxGw3bAdg",
            "name": "setVelocity",
            "type": null,
            "modifiers": [
              "public"
            ],
            "position": {}
          },
          "position": {}
        },
        "_PcFbwK22EDWUIKxGw3bAdg": {
          "key": "_PcFbwK22EDWUIKxGw3bAdg",
          "name": "isALive",
          "type": null,
          "probability": 1,
          "modifiers": [
            "public"
          ],
          "to_variable": {
            "key": "_177zkq27EDWUIKxGw3bAdg",
            "name": "isALive",
            "type": null,
            "modifiers": [
              "public"
            ],
            "position": {}
          },
          "position": {}
        },
        "_DdWjcK23EDWUIKxGw3bAdg": {
          "key": "_DdWjcK23EDWUIKxGw3bAdg",
          "name": "hit",
          "type": null,
          "probability": 1,
          "modifiers": [
            "public"
          ],
          "to_variable": {
            "key": "_177zk627EDWUIKxGw3bAdg",
            "name": "hit",
            "type": null,
            "modifiers": [
              "public"
            ],
            "position": {}
          },
          "position": {}
        }
      }
    },
    "fields_to_fields_data_clump-./smallAsteroid-_176lcK27EDWUIKxGw3bAdg-_G9Rm8K23EDWUIKxGw3bAdg-pointvelocityalivesetPointgetPointgetVelocitysetVelocityisALivehitBreakdraw()": {
      "type": "data_clump",
      "key": "fields_to_fields_data_clump-./smallAsteroid-_176lcK27EDWUIKxGw3bAdg-_G9Rm8K23EDWUIKxGw3bAdg-pointvelocityalivesetPointgetPointgetVelocitysetVelocityisALivehitBreakdraw()",
      "probability": 1,
      "from_file_path": "./smallAsteroid",
      "from_class_or_interface_name": "smallAsteroid",
      "from_class_or_interface_key": "_176lcK27EDWUIKxGw3bAdg",
      "from_method_name": null,
      "from_method_key": null,
      "to_file_path": "./Asteroid",
      "to_class_or_interface_key": "_G9Rm8K23EDWUIKxGw3bAdg",
      "to_class_or_interface_name": "smallAsteroid",
      "to_method_key": null,
      "to_method_name": null,
      "data_clump_type": "fields_to_fields_data_clump",
      "data_clump_data": {
        "_176lca27EDWUIKxGw3bAdg": {
          "key": "_176lca27EDWUIKxGw3bAdg",
          "name": "point",
          "type": null,
          "probability": 1,
          "modifiers": [
            "private"
          ],
          "to_variable": {
            "key": "_G9Rm8a23EDWUIKxGw3bAdg",
            "name": "point",
            "type": null,
            "modifiers": [
              "private"
            ],
            "position": {}
          },
          "position": {}
        },
        "_177MgK27EDWUIKxGw3bAdg": {
          "key": "_177MgK27EDWUIKxGw3bAdg",
          "name": "velocity",
          "type": null,
          "probability": 1,
          "modifiers": [
            "private"
          ],
          "to_variable": {
            "key": "_G9SOAK23EDWUIKxGw3bAdg",
            "name": "velocity",
            "type": null,
            "modifiers": [
              "private"
            ],
            "position": {}
          },
          "position": {}
        },
        "_177Mga27EDWUIKxGw3bAdg": {
          "key": "_177Mga27EDWUIKxGw3bAdg",
          "name": "alive",
          "type": null,
          "probability": 1,
          "modifiers": [
            "private"
          ],
          "to_variable": {
            "key": "_G9SOAa23EDWUIKxGw3bAdg",
            "name": "alive",
            "type": null,
            "modifiers": [
              "private"
            ],
            "position": {}
          },
          "position": {}
        },
        "_177Mg627EDWUIKxGw3bAdg": {
          "key": "_177Mg627EDWUIKxGw3bAdg",
          "name": "setPoint",
          "type": null,
          "probability": 1,
          "modifiers": [
            "public"
          ],
          "to_variable": {
            "key": "_G9S1EK23EDWUIKxGw3bAdg",
            "name": "setPoint",
            "type": null,
            "modifiers": [
              "public"
            ],
            "position": {}
          },
          "position": {}
        },
        "_177Mgq27EDWUIKxGw3bAdg": {
          "key": "_177Mgq27EDWUIKxGw3bAdg",
          "name": "getPoint",
          "type": null,
          "probability": 1,
          "modifiers": [
            "public"
          ],
          "to_variable": {
            "key": "_G9SOAq23EDWUIKxGw3bAdg",
            "name": "getPoint",
            "type": null,
            "modifiers": [
              "public"
            ],
            "position": {}
          },
          "position": {}
        },
        "_177zkK27EDWUIKxGw3bAdg": {
          "key": "_177zkK27EDWUIKxGw3bAdg",
          "name": "getVelocity",
          "type": null,
          "probability": 1,
          "modifiers": [
            "public"
          ],
          "to_variable": {
            "key": "_G9S1Ea23EDWUIKxGw3bAdg",
            "name": "getVelocity",
            "type": null,
            "modifiers": [
              "public"
            ],
            "position": {}
          },
          "position": {}
        },
        "_177zka27EDWUIKxGw3bAdg": {
          "key": "_177zka27EDWUIKxGw3bAdg",
          "name": "setVelocity",
          "type": null,
          "probability": 1,
          "modifiers": [
            "public"
          ],
          "to_variable": {
            "key": "_G9S1Eq23EDWUIKxGw3bAdg",
            "name": "setVelocity",
            "type": null,
            "modifiers": [
              "public"
            ],
            "position": {}
          },
          "position": {}
        },
        "_177zkq27EDWUIKxGw3bAdg": {
          "key": "_177zkq27EDWUIKxGw3bAdg",
          "name": "isALive",
          "type": null,
          "probability": 1,
          "modifiers": [
            "public"
          ],
          "to_variable": {
            "key": "_G9S1E623EDWUIKxGw3bAdg",
            "name": "isALive",
            "type": null,
            "modifiers": [
              "public"
            ],
            "position": {}
          },
          "position": {}
        },
        "_177zk627EDWUIKxGw3bAdg": {
          "key": "_177zk627EDWUIKxGw3bAdg",
          "name": "hit",
          "type": null,
          "probability": 1,
          "modifiers": [
            "public"
          ],
          "to_variable": {
            "key": "_G9TcIK23EDWUIKxGw3bAdg",
            "name": "hit",
            "type": null,
            "modifiers": [
              "public"
            ],
            "position": {}
          },
          "position": {}
        },
        "_178aoK27EDWUIKxGw3bAdg": {
          "key": "_178aoK27EDWUIKxGw3bAdg",
          "name": "Break",
          "type": null,
          "probability": 1,
          "modifiers": [
            "public"
          ],
          "to_variable": {
            "key": "_M2uGkK23EDWUIKxGw3bAdg",
            "name": "Break",
            "type": null,
            "modifiers": [
              "public"
            ],
            "position": {}
          },
          "position": {}
        },
        "_178aoa27EDWUIKxGw3bAdg": {
          "key": "_178aoa27EDWUIKxGw3bAdg",
          "name": "draw()",
          "type": null,
          "probability": 1,
          "modifiers": [
            "public"
          ],
          "to_variable": {
            "key": "_KR2rMK25EDWUIKxGw3bAdg",
            "name": "draw()",
            "type": null,
            "modifiers": [
              "public"
            ],
            "position": {}
          },
          "position": {}
        }
      }
    },
    "fields_to_fields_data_clump-./smallAsteroid-_176lcK27EDWUIKxGw3bAdg-_K6WggK23EDWUIKxGw3bAdg-pointvelocityalivesetPointgetPointgetVelocitysetVelocityisALivehit": {
      "type": "data_clump",
      "key": "fields_to_fields_data_clump-./smallAsteroid-_176lcK27EDWUIKxGw3bAdg-_K6WggK23EDWUIKxGw3bAdg-pointvelocityalivesetPointgetPointgetVelocitysetVelocityisALivehit",
      "probability": 1,
      "from_file_path": "./smallAsteroid",
      "from_class_or_interface_name": "smallAsteroid",
      "from_class_or_interface_key": "_176lcK27EDWUIKxGw3bAdg",
      "from_method_name": null,
      "from_method_key": null,
      "to_file_path": "./Bullet",
      "to_class_or_interface_key": "_K6WggK23EDWUIKxGw3bAdg",
      "to_class_or_interface_name": "smallAsteroid",
      "to_method_key": null,
      "to_method_name": null,
      "data_clump_type": "fields_to_fields_data_clump",
      "data_clump_data": {
        "_176lca27EDWUIKxGw3bAdg": {
          "key": "_176lca27EDWUIKxGw3bAdg",
          "name": "point",
          "type": null,
          "probability": 1,
          "modifiers": [
            "private"
          ],
          "to_variable": {
            "key": "_K6XHkK23EDWUIKxGw3bAdg",
            "name": "point",
            "type": null,
            "modifiers": [
              "private"
            ],
            "position": {}
          },
          "position": {}
        },
        "_177MgK27EDWUIKxGw3bAdg": {
          "key": "_177MgK27EDWUIKxGw3bAdg",
          "name": "velocity",
          "type": null,
          "probability": 1,
          "modifiers": [
            "private"
          ],
          "to_variable": {
            "key": "_K6XHka23EDWUIKxGw3bAdg",
            "name": "velocity",
            "type": null,
            "modifiers": [
              "private"
            ],
            "position": {}
          },
          "position": {}
        },
        "_177Mga27EDWUIKxGw3bAdg": {
          "key": "_177Mga27EDWUIKxGw3bAdg",
          "name": "alive",
          "type": null,
          "probability": 1,
          "modifiers": [
            "private"
          ],
          "to_variable": {
            "key": "_K6XHkq23EDWUIKxGw3bAdg",
            "name": "alive",
            "type": null,
            "modifiers": [
              "private"
            ],
            "position": {}
          },
          "position": {}
        },
        "_177Mg627EDWUIKxGw3bAdg": {
          "key": "_177Mg627EDWUIKxGw3bAdg",
          "name": "setPoint",
          "type": null,
          "probability": 1,
          "modifiers": [
            "public"
          ],
          "to_variable": {
            "key": "_K6Xuoa23EDWUIKxGw3bAdg",
            "name": "setPoint",
            "type": null,
            "modifiers": [
              "public"
            ],
            "position": {}
          },
          "position": {}
        },
        "_177Mgq27EDWUIKxGw3bAdg": {
          "key": "_177Mgq27EDWUIKxGw3bAdg",
          "name": "getPoint",
          "type": null,
          "probability": 1,
          "modifiers": [
            "public"
          ],
          "to_variable": {
            "key": "_K6XuoK23EDWUIKxGw3bAdg",
            "name": "getPoint",
            "type": null,
            "modifiers": [
              "public"
            ],
            "position": {}
          },
          "position": {}
        },
        "_177zkK27EDWUIKxGw3bAdg": {
          "key": "_177zkK27EDWUIKxGw3bAdg",
          "name": "getVelocity",
          "type": null,
          "probability": 1,
          "modifiers": [
            "public"
          ],
          "to_variable": {
            "key": "_K6YVsK23EDWUIKxGw3bAdg",
            "name": "getVelocity",
            "type": null,
            "modifiers": [
              "public"
            ],
            "position": {}
          },
          "position": {}
        },
        "_177zka27EDWUIKxGw3bAdg": {
          "key": "_177zka27EDWUIKxGw3bAdg",
          "name": "setVelocity",
          "type": null,
          "probability": 1,
          "modifiers": [
            "public"
          ],
          "to_variable": {
            "key": "_K6Y8wK23EDWUIKxGw3bAdg",
            "name": "setVelocity",
            "type": null,
            "modifiers": [
              "public"
            ],
            "position": {}
          },
          "position": {}
        },
        "_177zkq27EDWUIKxGw3bAdg": {
          "key": "_177zkq27EDWUIKxGw3bAdg",
          "name": "isALive",
          "type": null,
          "probability": 1,
          "modifiers": [
            "public"
          ],
          "to_variable": {
            "key": "_K6Y8wa23EDWUIKxGw3bAdg",
            "name": "isALive",
            "type": null,
            "modifiers": [
              "public"
            ],
            "position": {}
          },
          "position": {}
        },
        "_177zk627EDWUIKxGw3bAdg": {
          "key": "_177zk627EDWUIKxGw3bAdg",
          "name": "hit",
          "type": null,
          "probability": 1,
          "modifiers": [
            "public"
          ],
          "to_variable": {
            "key": "_K6Y8wq23EDWUIKxGw3bAdg",
            "name": "hit",
            "type": null,
            "modifiers": [
              "public"
            ],
            "position": {}
          },
          "position": {}
        }
      }
    },
    "fields_to_fields_data_clump-./smallAsteroid-_176lcK27EDWUIKxGw3bAdg-_yQjs0K2hEDWUIKxGw3bAdg-pointvelocityalivesetPointgetPointgetVelocitysetVelocityisALivehit": {
      "type": "data_clump",
      "key": "fields_to_fields_data_clump-./smallAsteroid-_176lcK27EDWUIKxGw3bAdg-_yQjs0K2hEDWUIKxGw3bAdg-pointvelocityalivesetPointgetPointgetVelocitysetVelocityisALivehit",
      "probability": 1,
      "from_file_path": "./smallAsteroid",
      "from_class_or_interface_name": "smallAsteroid",
      "from_class_or_interface_key": "_176lcK27EDWUIKxGw3bAdg",
      "from_method_name": null,
      "from_method_key": null,
      "to_file_path": "./SpaceShip",
      "to_class_or_interface_key": "_yQjs0K2hEDWUIKxGw3bAdg",
      "to_class_or_interface_name": "smallAsteroid",
      "to_method_key": null,
      "to_method_name": null,
      "data_clump_type": "fields_to_fields_data_clump",
      "data_clump_data": {
        "_176lca27EDWUIKxGw3bAdg": {
          "key": "_176lca27EDWUIKxGw3bAdg",
          "name": "point",
          "type": null,
          "probability": 1,
          "modifiers": [
            "private"
          ],
          "to_variable": {
            "key": "_QVKOQK21EDWUIKxGw3bAdg",
            "name": "point",
            "type": null,
            "modifiers": [
              "private"
            ],
            "position": {}
          },
          "position": {}
        },
        "_177MgK27EDWUIKxGw3bAdg": {
          "key": "_177MgK27EDWUIKxGw3bAdg",
          "name": "velocity",
          "type": null,
          "probability": 1,
          "modifiers": [
            "private"
          ],
          "to_variable": {
            "key": "_RMk-cK21EDWUIKxGw3bAdg",
            "name": "velocity",
            "type": null,
            "modifiers": [
              "private"
            ],
            "position": {}
          },
          "position": {}
        },
        "_177Mga27EDWUIKxGw3bAdg": {
          "key": "_177Mga27EDWUIKxGw3bAdg",
          "name": "alive",
          "type": null,
          "probability": 1,
          "modifiers": [
            "private"
          ],
          "to_variable": {
            "key": "_bI-WIK21EDWUIKxGw3bAdg",
            "name": "alive",
            "type": null,
            "modifiers": [
              "private"
            ],
            "position": {}
          },
          "position": {}
        },
        "_177Mg627EDWUIKxGw3bAdg": {
          "key": "_177Mg627EDWUIKxGw3bAdg",
          "name": "setPoint",
          "type": null,
          "probability": 1,
          "modifiers": [
            "public"
          ],
          "to_variable": {
            "key": "_eGU4EK21EDWUIKxGw3bAdg",
            "name": "setPoint",
            "type": null,
            "modifiers": [
              "public"
            ],
            "position": {}
          },
          "position": {}
        },
        "_177Mgq27EDWUIKxGw3bAdg": {
          "key": "_177Mgq27EDWUIKxGw3bAdg",
          "name": "getPoint",
          "type": null,
          "probability": 1,
          "modifiers": [
            "public"
          ],
          "to_variable": {
            "key": "_cr7WoK21EDWUIKxGw3bAdg",
            "name": "getPoint",
            "type": null,
            "modifiers": [
              "public"
            ],
            "position": {}
          },
          "position": {}
        },
        "_177zkK27EDWUIKxGw3bAdg": {
          "key": "_177zkK27EDWUIKxGw3bAdg",
          "name": "getVelocity",
          "type": null,
          "probability": 1,
          "modifiers": [
            "public"
          ],
          "to_variable": {
            "key": "_gJ7ukK21EDWUIKxGw3bAdg",
            "name": "getVelocity",
            "type": null,
            "modifiers": [
              "public"
            ],
            "position": {}
          },
          "position": {}
        },
        "_177zka27EDWUIKxGw3bAdg": {
          "key": "_177zka27EDWUIKxGw3bAdg",
          "name": "setVelocity",
          "type": null,
          "probability": 1,
          "modifiers": [
            "public"
          ],
          "to_variable": {
            "key": "_igQswK21EDWUIKxGw3bAdg",
            "name": "setVelocity",
            "type": null,
            "modifiers": [
              "public"
            ],
            "position": {}
          },
          "position": {}
        },
        "_177zkq27EDWUIKxGw3bAdg": {
          "key": "_177zkq27EDWUIKxGw3bAdg",
          "name": "isALive",
          "type": null,
          "probability": 1,
          "modifiers": [
            "public"
          ],
          "to_variable": {
            "key": "_PcFbwK22EDWUIKxGw3bAdg",
            "name": "isALive",
            "type": null,
            "modifiers": [
              "public"
            ],
            "position": {}
          },
          "position": {}
        },
        "_177zk627EDWUIKxGw3bAdg": {
          "key": "_177zk627EDWUIKxGw3bAdg",
          "name": "hit",
          "type": null,
          "probability": 1,
          "modifiers": [
            "public"
          ],
          "to_variable": {
            "key": "_DdWjcK23EDWUIKxGw3bAdg",
            "name": "hit",
            "type": null,
            "modifiers": [
              "public"
            ],
            "position": {}
          },
          "position": {}
        }
      }
    }
  }
}