{
  "report_version": "unknown",
  "report_timestamp": "2025-03-26T22:37:38.928Z",
  "target_language": "java",
  "report_summary": {
    "additional": null,
    "amount_classes_or_interfaces_with_data_clumps": 3,
    "amount_files_with_data_clumps": 3,
    "amount_methods_with_data_clumps": 0,
    "fields_to_fields_data_clump": 6,
    "parameters_to_fields_data_clump": 0,
    "parameters_to_parameters_data_clump": 0,
    "amount_data_clumps": 6
  },
  "project_info": {
    "project_url": "unknown_project_url",
    "project_name": "_0tmr0NnKEeWlnZT785H8fA",
    "project_version": "unknown_project_version",
    "project_commit_hash": "unknown",
    "project_tag": null,
    "project_commit_date": null,
    "additional": {},
    "number_of_files": 18,
    "number_of_classes_or_interfaces": 18,
    "number_of_methods": 5,
    "number_of_data_fields": 32,
    "number_of_method_parameters": 0
  },
  "detector": {
    "name": "data-clumps-doctor",
    "url": "https://github.com/NilsBaumgartner1994/data-clumps-doctor",
    "version": "0.1.100",
    "options": {
      "typeVariablesConsidered": false,
      "similarityModifierOfVariablesWithUnknownType": 0,
      "fieldsOfClassesWithUnknownHierarchyProbabilityModifier": 0,
      "sharedFieldsToFieldsAmountMinimum": 3,
      "analyseFieldsInClassesOrInterfacesInheritedFromSuperClassesOrInterfaces": false,
      "sharedParametersToParametersAmountMinimum": 3,
      "sharedParametersToFieldsAmountMinimum": 3,
      "methodsOfClassesOrInterfacesWithUnknownHierarchyProbabilityModifier": 0
    }
  },
  "data_clumps": {
    "fields_to_fields_data_clump-./DiscoModelBox-_03bfcLv4EDOUNekrHJ0Cjg-_livTwLwAEDOUNekrHJ0Cjg-boundingBoxtransparencyhoverStateselectStateshowHideStateaccessRight": {
      "type": "data_clump",
      "key": "fields_to_fields_data_clump-./DiscoModelBox-_03bfcLv4EDOUNekrHJ0Cjg-_livTwLwAEDOUNekrHJ0Cjg-boundingBoxtransparencyhoverStateselectStateshowHideStateaccessRight",
      "probability": 1,
      "from_file_path": "./DiscoModelBox",
      "from_class_or_interface_name": "DiscoModelBox",
      "from_class_or_interface_key": "_03bfcLv4EDOUNekrHJ0Cjg",
      "from_method_name": null,
      "from_method_key": null,
      "to_file_path": "./DiscoModelBoxSet",
      "to_class_or_interface_key": "_livTwLwAEDOUNekrHJ0Cjg",
      "to_class_or_interface_name": "DiscoModelBox",
      "to_method_key": null,
      "to_method_name": null,
      "data_clump_type": "fields_to_fields_data_clump",
      "data_clump_data": {
        "_fMadILv7EDOUNekrHJ0Cjg": {
          "key": "_fMadILv7EDOUNekrHJ0Cjg",
          "name": "boundingBox",
          "type": null,
          "probability": 1,
          "modifiers": [],
          "to_variable": {
            "key": "_nohUgLwAEDOUNekrHJ0Cjg",
            "name": "boundingBox",
            "type": null,
            "modifiers": [],
            "position": {}
          },
          "position": {}
        },
        "_kc2cALv7EDOUNekrHJ0Cjg": {
          "key": "_kc2cALv7EDOUNekrHJ0Cjg",
          "name": "transparency",
          "type": null,
          "probability": 1,
          "modifiers": [],
          "to_variable": {
            "key": "_o3vgsLwAEDOUNekrHJ0Cjg",
            "name": "transparency",
            "type": null,
            "modifiers": [],
            "position": {}
          },
          "position": {}
        },
        "_mC6a4Lv7EDOUNekrHJ0Cjg": {
          "key": "_mC6a4Lv7EDOUNekrHJ0Cjg",
          "name": "hoverState",
          "type": null,
          "probability": 1,
          "modifiers": [],
          "to_variable": {
            "key": "_qSUBQLwAEDOUNekrHJ0Cjg",
            "name": "hoverState",
            "type": null,
            "modifiers": [],
            "position": {}
          },
          "position": {}
        },
        "_nYftwLv7EDOUNekrHJ0Cjg": {
          "key": "_nYftwLv7EDOUNekrHJ0Cjg",
          "name": "selectState",
          "type": null,
          "probability": 1,
          "modifiers": [],
          "to_variable": {
            "key": "_rloqULwAEDOUNekrHJ0Cjg",
            "name": "selectState",
            "type": null,
            "modifiers": [],
            "position": {}
          },
          "position": {}
        },
        "_pE3I8Lv7EDOUNekrHJ0Cjg": {
          "key": "_pE3I8Lv7EDOUNekrHJ0Cjg",
          "name": "showHideState",
          "type": null,
          "probability": 1,
          "modifiers": [],
          "to_variable": {
            "key": "_s1vnULwAEDOUNekrHJ0Cjg",
            "name": "showHideState",
            "type": null,
            "modifiers": [],
            "position": {}
          },
          "position": {}
        },
        "_q5z4YLv7EDOUNekrHJ0Cjg": {
          "key": "_q5z4YLv7EDOUNekrHJ0Cjg",
          "name": "accessRight",
          "type": null,
          "probability": 1,
          "modifiers": [],
          "to_variable": {
            "key": "_uRBSgLwAEDOUNekrHJ0Cjg",
            "name": "accessRight",
            "type": null,
            "modifiers": [],
            "position": {}
          },
          "position": {}
        }
      }
    },
    "fields_to_fields_data_clump-./DiscoModelBox-_03bfcLv4EDOUNekrHJ0Cjg-_G2PfULwCEDOUNekrHJ0Cjg-boundingBoxtransparencyhoverStateselectStateshowHideStateaccessRight": {
      "type": "data_clump",
      "key": "fields_to_fields_data_clump-./DiscoModelBox-_03bfcLv4EDOUNekrHJ0Cjg-_G2PfULwCEDOUNekrHJ0Cjg-boundingBoxtransparencyhoverStateselectStateshowHideStateaccessRight",
      "probability": 1,
      "from_file_path": "./DiscoModelBox",
      "from_class_or_interface_name": "DiscoModelBox",
      "from_class_or_interface_key": "_03bfcLv4EDOUNekrHJ0Cjg",
      "from_method_name": null,
      "from_method_key": null,
      "to_file_path": "./DiscoViewBox",
      "to_class_or_interface_key": "_G2PfULwCEDOUNekrHJ0Cjg",
      "to_class_or_interface_name": "DiscoModelBox",
      "to_method_key": null,
      "to_method_name": null,
      "data_clump_type": "fields_to_fields_data_clump",
      "data_clump_data": {
        "_fMadILv7EDOUNekrHJ0Cjg": {
          "key": "_fMadILv7EDOUNekrHJ0Cjg",
          "name": "boundingBox",
          "type": null,
          "probability": 1,
          "modifiers": [],
          "to_variable": {
            "key": "_IQTCgLwCEDOUNekrHJ0Cjg",
            "name": "boundingBox",
            "type": null,
            "modifiers": [],
            "position": {}
          },
          "position": {}
        },
        "_kc2cALv7EDOUNekrHJ0Cjg": {
          "key": "_kc2cALv7EDOUNekrHJ0Cjg",
          "name": "transparency",
          "type": null,
          "probability": 1,
          "modifiers": [],
          "to_variable": {
            "key": "_JcIjgLwCEDOUNekrHJ0Cjg",
            "name": "transparency",
            "type": null,
            "modifiers": [],
            "position": {}
          },
          "position": {}
        },
        "_mC6a4Lv7EDOUNekrHJ0Cjg": {
          "key": "_mC6a4Lv7EDOUNekrHJ0Cjg",
          "name": "hoverState",
          "type": null,
          "probability": 1,
          "modifiers": [],
          "to_variable": {
            "key": "_K2KRgLwCEDOUNekrHJ0Cjg",
            "name": "hoverState",
            "type": null,
            "modifiers": [],
            "position": {}
          },
          "position": {}
        },
        "_nYftwLv7EDOUNekrHJ0Cjg": {
          "key": "_nYftwLv7EDOUNekrHJ0Cjg",
          "name": "selectState",
          "type": null,
          "probability": 1,
          "modifiers": [],
          "to_variable": {
            "key": "_MA3xILwCEDOUNekrHJ0Cjg",
            "name": "selectState",
            "type": null,
            "modifiers": [],
            "position": {}
          },
          "position": {}
        },
        "_pE3I8Lv7EDOUNekrHJ0Cjg": {
          "key": "_pE3I8Lv7EDOUNekrHJ0Cjg",
          "name": "showHideState",
          "type": null,
          "probability": 1,
          "modifiers": [],
          "to_variable": {
            "key": "_NEETgLwCEDOUNekrHJ0Cjg",
            "name": "showHideState",
            "type": null,
            "modifiers": [],
            "position": {}
          },
          "position": {}
        },
        "_q5z4YLv7EDOUNekrHJ0Cjg": {
          "key": "_q5z4YLv7EDOUNekrHJ0Cjg",
          "name": "accessRight",
          "type": null,
          "probability": 1,
          "modifiers": [],
          "to_variable": {
            "key": "_OYg98LwCEDOUNekrHJ0Cjg",
            "name": "accessRight",
            "type": null,
            "modifiers": [],
            "position": {}
          },
          "position": {}
        }
      }
    },
    "fields_to_fields_data_clump-./DiscoModelBoxSet-_livTwLwAEDOUNekrHJ0Cjg-_03bfcLv4EDOUNekrHJ0Cjg-boundingBoxtransparencyhoverStateselectStateshowHideStateaccessRight": {
      "type": "data_clump",
      "key": "fields_to_fields_data_clump-./DiscoModelBoxSet-_livTwLwAEDOUNekrHJ0Cjg-_03bfcLv4EDOUNekrHJ0Cjg-boundingBoxtransparencyhoverStateselectStateshowHideStateaccessRight",
      "probability": 1,
      "from_file_path": "./DiscoModelBoxSet",
      "from_class_or_interface_name": "DiscoModelBoxSet",
      "from_class_or_interface_key": "_livTwLwAEDOUNekrHJ0Cjg",
      "from_method_name": null,
      "from_method_key": null,
      "to_file_path": "./DiscoModelBox",
      "to_class_or_interface_key": "_03bfcLv4EDOUNekrHJ0Cjg",
      "to_class_or_interface_name": "DiscoModelBoxSet",
      "to_method_key": null,
      "to_method_name": null,
      "data_clump_type": "fields_to_fields_data_clump",
      "data_clump_data": {
        "_nohUgLwAEDOUNekrHJ0Cjg": {
          "key": "_nohUgLwAEDOUNekrHJ0Cjg",
          "name": "boundingBox",
          "type": null,
          "probability": 1,
          "modifiers": [],
          "to_variable": {
            "key": "_fMadILv7EDOUNekrHJ0Cjg",
            "name": "boundingBox",
            "type": null,
            "modifiers": [],
            "position": {}
          },
          "position": {}
        },
        "_o3vgsLwAEDOUNekrHJ0Cjg": {
          "key": "_o3vgsLwAEDOUNekrHJ0Cjg",
          "name": "transparency",
          "type": null,
          "probability": 1,
          "modifiers": [],
          "to_variable": {
            "key": "_kc2cALv7EDOUNekrHJ0Cjg",
            "name": "transparency",
            "type": null,
            "modifiers": [],
            "position": {}
          },
          "position": {}
        },
        "_qSUBQLwAEDOUNekrHJ0Cjg": {
          "key": "_qSUBQLwAEDOUNekrHJ0Cjg",
          "name": "hoverState",
          "type": null,
          "probability": 1,
          "modifiers": [],
          "to_variable": {
            "key": "_mC6a4Lv7EDOUNekrHJ0Cjg",
            "name": "hoverState",
            "type": null,
            "modifiers": [],
            "position": {}
          },
          "position": {}
        },
        "_rloqULwAEDOUNekrHJ0Cjg": {
          "key": "_rloqULwAEDOUNekrHJ0Cjg",
          "name": "selectState",
          "type": null,
          "probability": 1,
          "modifiers": [],
          "to_variable": {
            "key": "_nYftwLv7EDOUNekrHJ0Cjg",
            "name": "selectState",
            "type": null,
            "modifiers": [],
            "position": {}
          },
          "position": {}
        },
        "_s1vnULwAEDOUNekrHJ0Cjg": {
          "key": "_s1vnULwAEDOUNekrHJ0Cjg",
          "name": "showHideState",
          "type": null,
          "probability": 1,
          "modifiers": [],
          "to_variable": {
            "key": "_pE3I8Lv7EDOUNekrHJ0Cjg",
            "name": "showHideState",
            "type": null,
            "modifiers": [],
            "position": {}
          },
          "position": {}
        },
        "_uRBSgLwAEDOUNekrHJ0Cjg": {
          "key": "_uRBSgLwAEDOUNekrHJ0Cjg",
          "name": "accessRight",
          "type": null,
          "probability": 1,
          "modifiers": [],
          "to_variable": {
            "key": "_q5z4YLv7EDOUNekrHJ0Cjg",
            "name": "accessRight",
            "type": null,
            "modifiers": [],
            "position": {}
          },
          "position": {}
        }
      }
    },
    "fields_to_fields_data_clump-./DiscoModelBoxSet-_livTwLwAEDOUNekrHJ0Cjg-_G2PfULwCEDOUNekrHJ0Cjg-boundingBoxtransparencyhoverStateselectStateshowHideStateaccessRight": {
      "type": "data_clump",
      "key": "fields_to_fields_data_clump-./DiscoModelBoxSet-_livTwLwAEDOUNekrHJ0Cjg-_G2PfULwCEDOUNekrHJ0Cjg-boundingBoxtransparencyhoverStateselectStateshowHideStateaccessRight",
      "probability": 1,
      "from_file_path": "./DiscoModelBoxSet",
      "from_class_or_interface_name": "DiscoModelBoxSet",
      "from_class_or_interface_key": "_livTwLwAEDOUNekrHJ0Cjg",
      "from_method_name": null,
      "from_method_key": null,
      "to_file_path": "./DiscoViewBox",
      "to_class_or_interface_key": "_G2PfULwCEDOUNekrHJ0Cjg",
      "to_class_or_interface_name": "DiscoModelBoxSet",
      "to_method_key": null,
      "to_method_name": null,
      "data_clump_type": "fields_to_fields_data_clump",
      "data_clump_data": {
        "_nohUgLwAEDOUNekrHJ0Cjg": {
          "key": "_nohUgLwAEDOUNekrHJ0Cjg",
          "name": "boundingBox",
          "type": null,
          "probability": 1,
          "modifiers": [],
          "to_variable": {
            "key": "_IQTCgLwCEDOUNekrHJ0Cjg",
            "name": "boundingBox",
            "type": null,
            "modifiers": [],
            "position": {}
          },
          "position": {}
        },
        "_o3vgsLwAEDOUNekrHJ0Cjg": {
          "key": "_o3vgsLwAEDOUNekrHJ0Cjg",
          "name": "transparency",
          "type": null,
          "probability": 1,
          "modifiers": [],
          "to_variable": {
            "key": "_JcIjgLwCEDOUNekrHJ0Cjg",
            "name": "transparency",
            "type": null,
            "modifiers": [],
            "position": {}
          },
          "position": {}
        },
        "_qSUBQLwAEDOUNekrHJ0Cjg": {
          "key": "_qSUBQLwAEDOUNekrHJ0Cjg",
          "name": "hoverState",
          "type": null,
          "probability": 1,
          "modifiers": [],
          "to_variable": {
            "key": "_K2KRgLwCEDOUNekrHJ0Cjg",
            "name": "hoverState",
            "type": null,
            "modifiers": [],
            "position": {}
          },
          "position": {}
        },
        "_rloqULwAEDOUNekrHJ0Cjg": {
          "key": "_rloqULwAEDOUNekrHJ0Cjg",
          "name": "selectState",
          "type": null,
          "probability": 1,
          "modifiers": [],
          "to_variable": {
            "key": "_MA3xILwCEDOUNekrHJ0Cjg",
            "name": "selectState",
            "type": null,
            "modifiers": [],
            "position": {}
          },
          "position": {}
        },
        "_s1vnULwAEDOUNekrHJ0Cjg": {
          "key": "_s1vnULwAEDOUNekrHJ0Cjg",
          "name": "showHideState",
          "type": null,
          "probability": 1,
          "modifiers": [],
          "to_variable": {
            "key": "_NEETgLwCEDOUNekrHJ0Cjg",
            "name": "showHideState",
            "type": null,
            "modifiers": [],
            "position": {}
          },
          "position": {}
        },
        "_uRBSgLwAEDOUNekrHJ0Cjg": {
          "key": "_uRBSgLwAEDOUNekrHJ0Cjg",
          "name": "accessRight",
          "type": null,
          "probability": 1,
          "modifiers": [],
          "to_variable": {
            "key": "_OYg98LwCEDOUNekrHJ0Cjg",
            "name": "accessRight",
            "type": null,
            "modifiers": [],
            "position": {}
          },
          "position": {}
        }
      }
    },
    "fields_to_fields_data_clump-./DiscoViewBox-_G2PfULwCEDOUNekrHJ0Cjg-_03bfcLv4EDOUNekrHJ0Cjg-boundingBoxtransparencyhoverStateselectStateshowHideStateaccessRight": {
      "type": "data_clump",
      "key": "fields_to_fields_data_clump-./DiscoViewBox-_G2PfULwCEDOUNekrHJ0Cjg-_03bfcLv4EDOUNekrHJ0Cjg-boundingBoxtransparencyhoverStateselectStateshowHideStateaccessRight",
      "probability": 1,
      "from_file_path": "./DiscoViewBox",
      "from_class_or_interface_name": "DiscoViewBox",
      "from_class_or_interface_key": "_G2PfULwCEDOUNekrHJ0Cjg",
      "from_method_name": null,
      "from_method_key": null,
      "to_file_path": "./DiscoModelBox",
      "to_class_or_interface_key": "_03bfcLv4EDOUNekrHJ0Cjg",
      "to_class_or_interface_name": "DiscoViewBox",
      "to_method_key": null,
      "to_method_name": null,
      "data_clump_type": "fields_to_fields_data_clump",
      "data_clump_data": {
        "_IQTCgLwCEDOUNekrHJ0Cjg": {
          "key": "_IQTCgLwCEDOUNekrHJ0Cjg",
          "name": "boundingBox",
          "type": null,
          "probability": 1,
          "modifiers": [],
          "to_variable": {
            "key": "_fMadILv7EDOUNekrHJ0Cjg",
            "name": "boundingBox",
            "type": null,
            "modifiers": [],
            "position": {}
          },
          "position": {}
        },
        "_JcIjgLwCEDOUNekrHJ0Cjg": {
          "key": "_JcIjgLwCEDOUNekrHJ0Cjg",
          "name": "transparency",
          "type": null,
          "probability": 1,
          "modifiers": [],
          "to_variable": {
            "key": "_kc2cALv7EDOUNekrHJ0Cjg",
            "name": "transparency",
            "type": null,
            "modifiers": [],
            "position": {}
          },
          "position": {}
        },
        "_K2KRgLwCEDOUNekrHJ0Cjg": {
          "key": "_K2KRgLwCEDOUNekrHJ0Cjg",
          "name": "hoverState",
          "type": null,
          "probability": 1,
          "modifiers": [],
          "to_variable": {
            "key": "_mC6a4Lv7EDOUNekrHJ0Cjg",
            "name": "hoverState",
            "type": null,
            "modifiers": [],
            "position": {}
          },
          "position": {}
        },
        "_MA3xILwCEDOUNekrHJ0Cjg": {
          "key": "_MA3xILwCEDOUNekrHJ0Cjg",
          "name": "selectState",
          "type": null,
          "probability": 1,
          "modifiers": [],
          "to_variable": {
            "key": "_nYftwLv7EDOUNekrHJ0Cjg",
            "name": "selectState",
            "type": null,
            "modifiers": [],
            "position": {}
          },
          "position": {}
        },
        "_NEETgLwCEDOUNekrHJ0Cjg": {
          "key": "_NEETgLwCEDOUNekrHJ0Cjg",
          "name": "showHideState",
          "type": null,
          "probability": 1,
          "modifiers": [],
          "to_variable": {
            "key": "_pE3I8Lv7EDOUNekrHJ0Cjg",
            "name": "showHideState",
            "type": null,
            "modifiers": [],
            "position": {}
          },
          "position": {}
        },
        "_OYg98LwCEDOUNekrHJ0Cjg": {
          "key": "_OYg98LwCEDOUNekrHJ0Cjg",
          "name": "accessRight",
          "type": null,
          "probability": 1,
          "modifiers": [],
          "to_variable": {
            "key": "_q5z4YLv7EDOUNekrHJ0Cjg",
            "name": "accessRight",
            "type": null,
            "modifiers": [],
            "position": {}
          },
          "position": {}
        }
      }
    },
    "fields_to_fields_data_clump-./DiscoViewBox-_G2PfULwCEDOUNekrHJ0Cjg-_livTwLwAEDOUNekrHJ0Cjg-boundingBoxtransparencyhoverStateselectStateshowHideStateaccessRight": {
      "type": "data_clump",
      "key": "fields_to_fields_data_clump-./DiscoViewBox-_G2PfULwCEDOUNekrHJ0Cjg-_livTwLwAEDOUNekrHJ0Cjg-boundingBoxtransparencyhoverStateselectStateshowHideStateaccessRight",
      "probability": 1,
      "from_file_path": "./DiscoViewBox",
      "from_class_or_interface_name": "DiscoViewBox",
      "from_class_or_interface_key": "_G2PfULwCEDOUNekrHJ0Cjg",
      "from_method_name": null,
      "from_method_key": null,
      "to_file_path": "./DiscoModelBoxSet",
      "to_class_or_interface_key": "_livTwLwAEDOUNekrHJ0Cjg",
      "to_class_or_interface_name": "DiscoViewBox",
      "to_method_key": null,
      "to_method_name": null,
      "data_clump_type": "fields_to_fields_data_clump",
      "data_clump_data": {
        "_IQTCgLwCEDOUNekrHJ0Cjg": {
          "key": "_IQTCgLwCEDOUNekrHJ0Cjg",
          "name": "boundingBox",
          "type": null,
          "probability": 1,
          "modifiers": [],
          "to_variable": {
            "key": "_nohUgLwAEDOUNekrHJ0Cjg",
            "name": "boundingBox",
            "type": null,
            "modifiers": [],
            "position": {}
          },
          "position": {}
        },
        "_JcIjgLwCEDOUNekrHJ0Cjg": {
          "key": "_JcIjgLwCEDOUNekrHJ0Cjg",
          "name": "transparency",
          "type": null,
          "probability": 1,
          "modifiers": [],
          "to_variable": {
            "key": "_o3vgsLwAEDOUNekrHJ0Cjg",
            "name": "transparency",
            "type": null,
            "modifiers": [],
            "position": {}
          },
          "position": {}
        },
        "_K2KRgLwCEDOUNekrHJ0Cjg": {
          "key": "_K2KRgLwCEDOUNekrHJ0Cjg",
          "name": "hoverState",
          "type": null,
          "probability": 1,
          "modifiers": [],
          "to_variable": {
            "key": "_qSUBQLwAEDOUNekrHJ0Cjg",
            "name": "hoverState",
            "type": null,
            "modifiers": [],
            "position": {}
          },
          "position": {}
        },
        "_MA3xILwCEDOUNekrHJ0Cjg": {
          "key": "_MA3xILwCEDOUNekrHJ0Cjg",
          "name": "selectState",
          "type": null,
          "probability": 1,
          "modifiers": [],
          "to_variable": {
            "key": "_rloqULwAEDOUNekrHJ0Cjg",
            "name": "selectState",
            "type": null,
            "modifiers": [],
            "position": {}
          },
          "position": {}
        },
        "_NEETgLwCEDOUNekrHJ0Cjg": {
          "key": "_NEETgLwCEDOUNekrHJ0Cjg",
          "name": "showHideState",
          "type": null,
          "probability": 1,
          "modifiers": [],
          "to_variable": {
            "key": "_s1vnULwAEDOUNekrHJ0Cjg",
            "name": "showHideState",
            "type": null,
            "modifiers": [],
            "position": {}
          },
          "position": {}
        },
        "_OYg98LwCEDOUNekrHJ0Cjg": {
          "key": "_OYg98LwCEDOUNekrHJ0Cjg",
          "name": "accessRight",
          "type": null,
          "probability": 1,
          "modifiers": [],
          "to_variable": {
            "key": "_uRBSgLwAEDOUNekrHJ0Cjg",
            "name": "accessRight",
            "type": null,
            "modifiers": [],
            "position": {}
          },
          "position": {}
        }
      }
    }
  }
}