{
  "report_version": "unknown",
  "report_timestamp": "2025-03-26T22:43:00.029Z",
  "target_language": "java",
  "report_summary": {
    "additional": null,
    "amount_classes_or_interfaces_with_data_clumps": 2,
    "amount_files_with_data_clumps": 2,
    "amount_methods_with_data_clumps": 0,
    "fields_to_fields_data_clump": 2,
    "parameters_to_fields_data_clump": 0,
    "parameters_to_parameters_data_clump": 0,
    "amount_data_clumps": 2
  },
  "project_info": {
    "project_url": "unknown_project_url",
    "project_name": "_7jW3QAnSEeihOuC11hdjgA",
    "project_version": "unknown_project_version",
    "project_commit_hash": "unknown",
    "project_tag": null,
    "project_commit_date": null,
    "additional": {},
    "number_of_files": 10,
    "number_of_classes_or_interfaces": 10,
    "number_of_methods": 0,
    "number_of_data_fields": 24,
    "number_of_method_parameters": 0
  },
  "detector": {
    "name": "data-clumps-doctor",
    "url": "https://github.com/NilsBaumgartner1994/data-clumps-doctor",
    "version": "0.1.100",
    "options": {
      "typeVariablesConsidered": false,
      "similarityModifierOfVariablesWithUnknownType": 0,
      "fieldsOfClassesWithUnknownHierarchyProbabilityModifier": 0,
      "sharedFieldsToFieldsAmountMinimum": 3,
      "analyseFieldsInClassesOrInterfacesInheritedFromSuperClassesOrInterfaces": false,
      "sharedParametersToParametersAmountMinimum": 3,
      "sharedParametersToFieldsAmountMinimum": 3,
      "methodsOfClassesOrInterfacesWithUnknownHierarchyProbabilityModifier": 0
    }
  },
  "data_clumps": {
    "fields_to_fields_data_clump-./ApuestaMarcadorEspecifico-_XGpAQewKEDWJ5oRZdjwmpg-_H5OlcewLEDWJ5oRZdjwmpg-nombreEquipoGanadornumeroGolesEquipo1numeroGolesEquipo2": {
      "type": "data_clump",
      "key": "fields_to_fields_data_clump-./ApuestaMarcadorEspecifico-_XGpAQewKEDWJ5oRZdjwmpg-_H5OlcewLEDWJ5oRZdjwmpg-nombreEquipoGanadornumeroGolesEquipo1numeroGolesEquipo2",
      "probability": 1,
      "from_file_path": "./ApuestaMarcadorEspecifico",
      "from_class_or_interface_name": "ApuestaMarcadorEspecifico",
      "from_class_or_interface_key": "_XGpAQewKEDWJ5oRZdjwmpg",
      "from_method_name": null,
      "from_method_key": null,
      "to_file_path": "./Marcador",
      "to_class_or_interface_key": "_H5OlcewLEDWJ5oRZdjwmpg",
      "to_class_or_interface_name": "ApuestaMarcadorEspecifico",
      "to_method_key": null,
      "to_method_name": null,
      "data_clump_type": "fields_to_fields_data_clump",
      "data_clump_data": {
        "_h7axcOwKEDWJ5oRZdjwmpg": {
          "key": "_h7axcOwKEDWJ5oRZdjwmpg",
          "name": "nombreEquipoGanador",
          "type": null,
          "probability": 1,
          "modifiers": [
            "public"
          ],
          "to_variable": {
            "key": "_Ju_0QewLEDWJ5oRZdjwmpg",
            "name": "nombreEquipoGanador",
            "type": null,
            "modifiers": [
              "public"
            ],
            "position": {}
          },
          "position": {}
        },
        "_yyk70OwKEDWJ5oRZdjwmpg": {
          "key": "_yyk70OwKEDWJ5oRZdjwmpg",
          "name": "numeroGolesEquipo1",
          "type": null,
          "probability": 1,
          "modifiers": [
            "public"
          ],
          "to_variable": {
            "key": "_P8fRQOwLEDWJ5oRZdjwmpg",
            "name": "numeroGolesEquipo1",
            "type": null,
            "modifiers": [
              "public"
            ],
            "position": {}
          },
          "position": {}
        },
        "_5q-XAOwKEDWJ5oRZdjwmpg": {
          "key": "_5q-XAOwKEDWJ5oRZdjwmpg",
          "name": "numeroGolesEquipo2",
          "type": null,
          "probability": 1,
          "modifiers": [
            "public"
          ],
          "to_variable": {
            "key": "_TF_Y0OwLEDWJ5oRZdjwmpg",
            "name": "numeroGolesEquipo2",
            "type": null,
            "modifiers": [
              "public"
            ],
            "position": {}
          },
          "position": {}
        }
      }
    },
    "fields_to_fields_data_clump-./Marcador-_H5OlcewLEDWJ5oRZdjwmpg-_XGpAQewKEDWJ5oRZdjwmpg-nombreEquipoGanadornumeroGolesEquipo1numeroGolesEquipo2": {
      "type": "data_clump",
      "key": "fields_to_fields_data_clump-./Marcador-_H5OlcewLEDWJ5oRZdjwmpg-_XGpAQewKEDWJ5oRZdjwmpg-nombreEquipoGanadornumeroGolesEquipo1numeroGolesEquipo2",
      "probability": 1,
      "from_file_path": "./Marcador",
      "from_class_or_interface_name": "Marcador",
      "from_class_or_interface_key": "_H5OlcewLEDWJ5oRZdjwmpg",
      "from_method_name": null,
      "from_method_key": null,
      "to_file_path": "./ApuestaMarcadorEspecifico",
      "to_class_or_interface_key": "_XGpAQewKEDWJ5oRZdjwmpg",
      "to_class_or_interface_name": "Marcador",
      "to_method_key": null,
      "to_method_name": null,
      "data_clump_type": "fields_to_fields_data_clump",
      "data_clump_data": {
        "_Ju_0QewLEDWJ5oRZdjwmpg": {
          "key": "_Ju_0QewLEDWJ5oRZdjwmpg",
          "name": "nombreEquipoGanador",
          "type": null,
          "probability": 1,
          "modifiers": [
            "public"
          ],
          "to_variable": {
            "key": "_h7axcOwKEDWJ5oRZdjwmpg",
            "name": "nombreEquipoGanador",
            "type": null,
            "modifiers": [
              "public"
            ],
            "position": {}
          },
          "position": {}
        },
        "_P8fRQOwLEDWJ5oRZdjwmpg": {
          "key": "_P8fRQOwLEDWJ5oRZdjwmpg",
          "name": "numeroGolesEquipo1",
          "type": null,
          "probability": 1,
          "modifiers": [
            "public"
          ],
          "to_variable": {
            "key": "_yyk70OwKEDWJ5oRZdjwmpg",
            "name": "numeroGolesEquipo1",
            "type": null,
            "modifiers": [
              "public"
            ],
            "position": {}
          },
          "position": {}
        },
        "_TF_Y0OwLEDWJ5oRZdjwmpg": {
          "key": "_TF_Y0OwLEDWJ5oRZdjwmpg",
          "name": "numeroGolesEquipo2",
          "type": null,
          "probability": 1,
          "modifiers": [
            "public"
          ],
          "to_variable": {
            "key": "_5q-XAOwKEDWJ5oRZdjwmpg",
            "name": "numeroGolesEquipo2",
            "type": null,
            "modifiers": [
              "public"
            ],
            "position": {}
          },
          "position": {}
        }
      }
    }
  }
}