{
  "report_version": "unknown",
  "report_timestamp": "2025-03-26T22:02:00.127Z",
  "target_language": "java",
  "report_summary": {
    "additional": null,
    "amount_classes_or_interfaces_with_data_clumps": 3,
    "amount_files_with_data_clumps": 3,
    "amount_methods_with_data_clumps": 0,
    "fields_to_fields_data_clump": 4,
    "parameters_to_fields_data_clump": 0,
    "parameters_to_parameters_data_clump": 0,
    "amount_data_clumps": 4
  },
  "project_info": {
    "project_url": "unknown_project_url",
    "project_name": "_GB3eAEEVEemXY782iwLuuw",
    "project_version": "unknown_project_version",
    "project_commit_hash": "unknown",
    "project_tag": null,
    "project_commit_date": null,
    "additional": {},
    "number_of_files": 6,
    "number_of_classes_or_interfaces": 6,
    "number_of_methods": 0,
    "number_of_data_fields": 26,
    "number_of_method_parameters": 0
  },
  "detector": {
    "name": "data-clumps-doctor",
    "url": "https://github.com/NilsBaumgartner1994/data-clumps-doctor",
    "version": "0.1.100",
    "options": {
      "typeVariablesConsidered": false,
      "similarityModifierOfVariablesWithUnknownType": 0,
      "fieldsOfClassesWithUnknownHierarchyProbabilityModifier": 0,
      "sharedFieldsToFieldsAmountMinimum": 3,
      "analyseFieldsInClassesOrInterfacesInheritedFromSuperClassesOrInterfaces": false,
      "sharedParametersToParametersAmountMinimum": 3,
      "sharedParametersToFieldsAmountMinimum": 3,
      "methodsOfClassesOrInterfacesWithUnknownHierarchyProbabilityModifier": 0
    }
  },
  "data_clumps": {
    "fields_to_fields_data_clump-./Comment-_Dl9JASNEEDe2IYRhOni8eg-_4dswQCNFEDe2IYRhOni8eg-idtextactive": {
      "type": "data_clump",
      "key": "fields_to_fields_data_clump-./Comment-_Dl9JASNEEDe2IYRhOni8eg-_4dswQCNFEDe2IYRhOni8eg-idtextactive",
      "probability": 1,
      "from_file_path": "./Comment",
      "from_class_or_interface_name": "Comment",
      "from_class_or_interface_key": "_Dl9JASNEEDe2IYRhOni8eg",
      "from_method_name": null,
      "from_method_key": null,
      "to_file_path": "./Post",
      "to_class_or_interface_key": "_4dswQCNFEDe2IYRhOni8eg",
      "to_class_or_interface_name": "Comment",
      "to_method_key": null,
      "to_method_name": null,
      "data_clump_type": "fields_to_fields_data_clump",
      "data_clump_data": {
        "_E-XGYCNEEDe2IYRhOni8eg": {
          "key": "_E-XGYCNEEDe2IYRhOni8eg",
          "name": "id",
          "type": null,
          "probability": 1,
          "modifiers": [
            "private"
          ],
          "to_variable": {
            "key": "_5NhDoCNFEDe2IYRhOni8eg",
            "name": "id",
            "type": null,
            "modifiers": [
              "private"
            ],
            "position": {}
          },
          "position": {}
        },
        "_GvklUCNEEDe2IYRhOni8eg": {
          "key": "_GvklUCNEEDe2IYRhOni8eg",
          "name": "text",
          "type": null,
          "probability": 1,
          "modifiers": [
            "private"
          ],
          "to_variable": {
            "key": "___j_MCNFEDe2IYRhOni8eg",
            "name": "text",
            "type": null,
            "modifiers": [
              "private"
            ],
            "position": {}
          },
          "position": {}
        },
        "_JvesACNEEDe2IYRhOni8eg": {
          "key": "_JvesACNEEDe2IYRhOni8eg",
          "name": "active",
          "type": null,
          "probability": 1,
          "modifiers": [
            "private"
          ],
          "to_variable": {
            "key": "_EsKRMSNGEDe2IYRhOni8eg",
            "name": "active",
            "type": null,
            "modifiers": [
              "private"
            ],
            "position": {}
          },
          "position": {}
        }
      }
    },
    "fields_to_fields_data_clump-./Post-_4dswQCNFEDe2IYRhOni8eg-_Dl9JASNEEDe2IYRhOni8eg-idtextactive": {
      "type": "data_clump",
      "key": "fields_to_fields_data_clump-./Post-_4dswQCNFEDe2IYRhOni8eg-_Dl9JASNEEDe2IYRhOni8eg-idtextactive",
      "probability": 1,
      "from_file_path": "./Post",
      "from_class_or_interface_name": "Post",
      "from_class_or_interface_key": "_4dswQCNFEDe2IYRhOni8eg",
      "from_method_name": null,
      "from_method_key": null,
      "to_file_path": "./Comment",
      "to_class_or_interface_key": "_Dl9JASNEEDe2IYRhOni8eg",
      "to_class_or_interface_name": "Post",
      "to_method_key": null,
      "to_method_name": null,
      "data_clump_type": "fields_to_fields_data_clump",
      "data_clump_data": {
        "_5NhDoCNFEDe2IYRhOni8eg": {
          "key": "_5NhDoCNFEDe2IYRhOni8eg",
          "name": "id",
          "type": null,
          "probability": 1,
          "modifiers": [
            "private"
          ],
          "to_variable": {
            "key": "_E-XGYCNEEDe2IYRhOni8eg",
            "name": "id",
            "type": null,
            "modifiers": [
              "private"
            ],
            "position": {}
          },
          "position": {}
        },
        "___j_MCNFEDe2IYRhOni8eg": {
          "key": "___j_MCNFEDe2IYRhOni8eg",
          "name": "text",
          "type": null,
          "probability": 1,
          "modifiers": [
            "private"
          ],
          "to_variable": {
            "key": "_GvklUCNEEDe2IYRhOni8eg",
            "name": "text",
            "type": null,
            "modifiers": [
              "private"
            ],
            "position": {}
          },
          "position": {}
        },
        "_EsKRMSNGEDe2IYRhOni8eg": {
          "key": "_EsKRMSNGEDe2IYRhOni8eg",
          "name": "active",
          "type": null,
          "probability": 1,
          "modifiers": [
            "private"
          ],
          "to_variable": {
            "key": "_JvesACNEEDe2IYRhOni8eg",
            "name": "active",
            "type": null,
            "modifiers": [
              "private"
            ],
            "position": {}
          },
          "position": {}
        }
      }
    },
    "fields_to_fields_data_clump-./Post-_4dswQCNFEDe2IYRhOni8eg-_MDmqwSNEEDe2IYRhOni8eg-idratingactive": {
      "type": "data_clump",
      "key": "fields_to_fields_data_clump-./Post-_4dswQCNFEDe2IYRhOni8eg-_MDmqwSNEEDe2IYRhOni8eg-idratingactive",
      "probability": 1,
      "from_file_path": "./Post",
      "from_class_or_interface_name": "Post",
      "from_class_or_interface_key": "_4dswQCNFEDe2IYRhOni8eg",
      "from_method_name": null,
      "from_method_key": null,
      "to_file_path": "./Rating",
      "to_class_or_interface_key": "_MDmqwSNEEDe2IYRhOni8eg",
      "to_class_or_interface_name": "Post",
      "to_method_key": null,
      "to_method_name": null,
      "data_clump_type": "fields_to_fields_data_clump",
      "data_clump_data": {
        "_5NhDoCNFEDe2IYRhOni8eg": {
          "key": "_5NhDoCNFEDe2IYRhOni8eg",
          "name": "id",
          "type": null,
          "probability": 1,
          "modifiers": [
            "private"
          ],
          "to_variable": {
            "key": "_M3BrwCNEEDe2IYRhOni8eg",
            "name": "id",
            "type": null,
            "modifiers": [
              "private"
            ],
            "position": {}
          },
          "position": {}
        },
        "_BNqKACNGEDe2IYRhOni8eg": {
          "key": "_BNqKACNGEDe2IYRhOni8eg",
          "name": "rating",
          "type": null,
          "probability": 1,
          "modifiers": [
            "private"
          ],
          "to_variable": {
            "key": "_NfTzwSNEEDe2IYRhOni8eg",
            "name": "rating",
            "type": null,
            "modifiers": [
              "private"
            ],
            "position": {}
          },
          "position": {}
        },
        "_EsKRMSNGEDe2IYRhOni8eg": {
          "key": "_EsKRMSNGEDe2IYRhOni8eg",
          "name": "active",
          "type": null,
          "probability": 1,
          "modifiers": [
            "private"
          ],
          "to_variable": {
            "key": "_OxkF0SNEEDe2IYRhOni8eg",
            "name": "active",
            "type": null,
            "modifiers": [
              "private"
            ],
            "position": {}
          },
          "position": {}
        }
      }
    },
    "fields_to_fields_data_clump-./Rating-_MDmqwSNEEDe2IYRhOni8eg-_4dswQCNFEDe2IYRhOni8eg-idratingactive": {
      "type": "data_clump",
      "key": "fields_to_fields_data_clump-./Rating-_MDmqwSNEEDe2IYRhOni8eg-_4dswQCNFEDe2IYRhOni8eg-idratingactive",
      "probability": 1,
      "from_file_path": "./Rating",
      "from_class_or_interface_name": "Rating",
      "from_class_or_interface_key": "_MDmqwSNEEDe2IYRhOni8eg",
      "from_method_name": null,
      "from_method_key": null,
      "to_file_path": "./Post",
      "to_class_or_interface_key": "_4dswQCNFEDe2IYRhOni8eg",
      "to_class_or_interface_name": "Rating",
      "to_method_key": null,
      "to_method_name": null,
      "data_clump_type": "fields_to_fields_data_clump",
      "data_clump_data": {
        "_M3BrwCNEEDe2IYRhOni8eg": {
          "key": "_M3BrwCNEEDe2IYRhOni8eg",
          "name": "id",
          "type": null,
          "probability": 1,
          "modifiers": [
            "private"
          ],
          "to_variable": {
            "key": "_5NhDoCNFEDe2IYRhOni8eg",
            "name": "id",
            "type": null,
            "modifiers": [
              "private"
            ],
            "position": {}
          },
          "position": {}
        },
        "_NfTzwSNEEDe2IYRhOni8eg": {
          "key": "_NfTzwSNEEDe2IYRhOni8eg",
          "name": "rating",
          "type": null,
          "probability": 1,
          "modifiers": [
            "private"
          ],
          "to_variable": {
            "key": "_BNqKACNGEDe2IYRhOni8eg",
            "name": "rating",
            "type": null,
            "modifiers": [
              "private"
            ],
            "position": {}
          },
          "position": {}
        },
        "_OxkF0SNEEDe2IYRhOni8eg": {
          "key": "_OxkF0SNEEDe2IYRhOni8eg",
          "name": "active",
          "type": null,
          "probability": 1,
          "modifiers": [
            "private"
          ],
          "to_variable": {
            "key": "_EsKRMSNGEDe2IYRhOni8eg",
            "name": "active",
            "type": null,
            "modifiers": [
              "private"
            ],
            "position": {}
          },
          "position": {}
        }
      }
    }
  }
}