{
  "report_version": "unknown",
  "report_timestamp": "2025-03-26T23:02:58.410Z",
  "target_language": "java",
  "report_summary": {
    "additional": null,
    "amount_classes_or_interfaces_with_data_clumps": 1,
    "amount_files_with_data_clumps": 1,
    "amount_methods_with_data_clumps": 9,
    "fields_to_fields_data_clump": 0,
    "parameters_to_fields_data_clump": 0,
    "parameters_to_parameters_data_clump": 24,
    "amount_data_clumps": 24
  },
  "project_info": {
    "project_url": "unknown_project_url",
    "project_name": "_lBJaoIbMEeaY2ZFk8hIg9A",
    "project_version": "unknown_project_version",
    "project_commit_hash": "unknown",
    "project_tag": null,
    "project_commit_date": null,
    "additional": {},
    "number_of_files": 6,
    "number_of_classes_or_interfaces": 6,
    "number_of_methods": 22,
    "number_of_data_fields": 4,
    "number_of_method_parameters": 47
  },
  "detector": {
    "name": "data-clumps-doctor",
    "url": "https://github.com/NilsBaumgartner1994/data-clumps-doctor",
    "version": "0.1.100",
    "options": {
      "typeVariablesConsidered": false,
      "similarityModifierOfVariablesWithUnknownType": 0,
      "fieldsOfClassesWithUnknownHierarchyProbabilityModifier": 0,
      "sharedFieldsToFieldsAmountMinimum": 3,
      "analyseFieldsInClassesOrInterfacesInheritedFromSuperClassesOrInterfaces": false,
      "sharedParametersToParametersAmountMinimum": 3,
      "sharedParametersToFieldsAmountMinimum": 3,
      "methodsOfClassesOrInterfacesWithUnknownHierarchyProbabilityModifier": 0
    }
  },
  "data_clumps": {
    "parameters_to_parameters_data_clump-./LMH0303_Manager-_sLS4YHNsEDSRMoF37yWQpQ-_sLTfZHNsEDSRMoF37yWQpQ-regpartval": {
      "type": "data_clump",
      "key": "parameters_to_parameters_data_clump-./LMH0303_Manager-_sLS4YHNsEDSRMoF37yWQpQ-_sLTfZHNsEDSRMoF37yWQpQ-regpartval",
      "probability": 1,
      "from_file_path": "./LMH0303_Manager",
      "from_class_or_interface_name": "LMH0303_Manager",
      "from_class_or_interface_key": "_sLSRQXNsEDSRMoF37yWQpQ",
      "from_method_name": "getRegisterField",
      "from_method_key": "_sLS4YHNsEDSRMoF37yWQpQ",
      "to_file_path": "./LMH0303_Manager",
      "to_class_or_interface_name": "LMH0303_Manager",
      "to_class_or_interface_key": "_sLSRQXNsEDSRMoF37yWQpQ",
      "to_method_name": "setRegisterField",
      "to_method_key": "_sLTfZHNsEDSRMoF37yWQpQ",
      "data_clump_type": "parameters_to_parameters_data_clump",
      "data_clump_data": {
        "_sLTfYXNsEDSRMoF37yWQpQ": {
          "key": "_sLTfYXNsEDSRMoF37yWQpQ",
          "name": "reg",
          "type": null,
          "probability": 1,
          "modifiers": [],
          "to_variable": {
            "key": "_sLTfZnNsEDSRMoF37yWQpQ",
            "name": "reg",
            "type": null,
            "modifiers": [],
            "position": {}
          },
          "position": {}
        },
        "_sLTfYnNsEDSRMoF37yWQpQ": {
          "key": "_sLTfYnNsEDSRMoF37yWQpQ",
          "name": "part",
          "type": null,
          "probability": 1,
          "modifiers": [],
          "to_variable": {
            "key": "_sLTfZ3NsEDSRMoF37yWQpQ",
            "name": "part",
            "type": null,
            "modifiers": [],
            "position": {}
          },
          "position": {}
        },
        "_sLTfY3NsEDSRMoF37yWQpQ": {
          "key": "_sLTfY3NsEDSRMoF37yWQpQ",
          "name": "val",
          "type": null,
          "probability": 1,
          "modifiers": [],
          "to_variable": {
            "key": "_sLTfaHNsEDSRMoF37yWQpQ",
            "name": "val",
            "type": null,
            "modifiers": [],
            "position": {}
          },
          "position": {}
        }
      }
    },
    "parameters_to_parameters_data_clump-./LMH0303_Manager-_sLTfZHNsEDSRMoF37yWQpQ-_sLS4YHNsEDSRMoF37yWQpQ-regpartval": {
      "type": "data_clump",
      "key": "parameters_to_parameters_data_clump-./LMH0303_Manager-_sLTfZHNsEDSRMoF37yWQpQ-_sLS4YHNsEDSRMoF37yWQpQ-regpartval",
      "probability": 1,
      "from_file_path": "./LMH0303_Manager",
      "from_class_or_interface_name": "LMH0303_Manager",
      "from_class_or_interface_key": "_sLSRQXNsEDSRMoF37yWQpQ",
      "from_method_name": "setRegisterField",
      "from_method_key": "_sLTfZHNsEDSRMoF37yWQpQ",
      "to_file_path": "./LMH0303_Manager",
      "to_class_or_interface_name": "LMH0303_Manager",
      "to_class_or_interface_key": "_sLSRQXNsEDSRMoF37yWQpQ",
      "to_method_name": "getRegisterField",
      "to_method_key": "_sLS4YHNsEDSRMoF37yWQpQ",
      "data_clump_type": "parameters_to_parameters_data_clump",
      "data_clump_data": {
        "_sLTfZnNsEDSRMoF37yWQpQ": {
          "key": "_sLTfZnNsEDSRMoF37yWQpQ",
          "name": "reg",
          "type": null,
          "probability": 1,
          "modifiers": [],
          "to_variable": {
            "key": "_sLTfYXNsEDSRMoF37yWQpQ",
            "name": "reg",
            "type": null,
            "modifiers": [],
            "position": {}
          },
          "position": {}
        },
        "_sLTfZ3NsEDSRMoF37yWQpQ": {
          "key": "_sLTfZ3NsEDSRMoF37yWQpQ",
          "name": "part",
          "type": null,
          "probability": 1,
          "modifiers": [],
          "to_variable": {
            "key": "_sLTfYnNsEDSRMoF37yWQpQ",
            "name": "part",
            "type": null,
            "modifiers": [],
            "position": {}
          },
          "position": {}
        },
        "_sLTfaHNsEDSRMoF37yWQpQ": {
          "key": "_sLTfaHNsEDSRMoF37yWQpQ",
          "name": "val",
          "type": null,
          "probability": 1,
          "modifiers": [],
          "to_variable": {
            "key": "_sLTfY3NsEDSRMoF37yWQpQ",
            "name": "val",
            "type": null,
            "modifiers": [],
            "position": {}
          },
          "position": {}
        }
      }
    },
    "parameters_to_parameters_data_clump-./LMH0303_Manager-_sLUGc3NsEDSRMoF37yWQpQ-_sLUthHNsEDSRMoF37yWQpQ-regvalforANDshift": {
      "type": "data_clump",
      "key": "parameters_to_parameters_data_clump-./LMH0303_Manager-_sLUGc3NsEDSRMoF37yWQpQ-_sLUthHNsEDSRMoF37yWQpQ-regvalforANDshift",
      "probability": 1,
      "from_file_path": "./LMH0303_Manager",
      "from_class_or_interface_name": "LMH0303_Manager",
      "from_class_or_interface_key": "_sLSRQXNsEDSRMoF37yWQpQ",
      "from_method_name": "getRField",
      "from_method_key": "_sLUGc3NsEDSRMoF37yWQpQ",
      "to_file_path": "./LMH0303_Manager",
      "to_class_or_interface_name": "LMH0303_Manager",
      "to_class_or_interface_key": "_sLSRQXNsEDSRMoF37yWQpQ",
      "to_method_name": "setRField",
      "to_method_key": "_sLUthHNsEDSRMoF37yWQpQ",
      "data_clump_type": "parameters_to_parameters_data_clump",
      "data_clump_data": {
        "_sLUtgHNsEDSRMoF37yWQpQ": {
          "key": "_sLUtgHNsEDSRMoF37yWQpQ",
          "name": "reg",
          "type": null,
          "probability": 1,
          "modifiers": [],
          "to_variable": {
            "key": "_sLUthnNsEDSRMoF37yWQpQ",
            "name": "reg",
            "type": null,
            "modifiers": [],
            "position": {}
          },
          "position": {}
        },
        "_sLUtgXNsEDSRMoF37yWQpQ": {
          "key": "_sLUtgXNsEDSRMoF37yWQpQ",
          "name": "val",
          "type": null,
          "probability": 1,
          "modifiers": [],
          "to_variable": {
            "key": "_sLUth3NsEDSRMoF37yWQpQ",
            "name": "val",
            "type": null,
            "modifiers": [],
            "position": {}
          },
          "position": {}
        },
        "_sLUtgnNsEDSRMoF37yWQpQ": {
          "key": "_sLUtgnNsEDSRMoF37yWQpQ",
          "name": "forAND",
          "type": null,
          "probability": 1,
          "modifiers": [],
          "to_variable": {
            "key": "_sLUtiHNsEDSRMoF37yWQpQ",
            "name": "forAND",
            "type": null,
            "modifiers": [],
            "position": {}
          },
          "position": {}
        },
        "_sLUtg3NsEDSRMoF37yWQpQ": {
          "key": "_sLUtg3NsEDSRMoF37yWQpQ",
          "name": "shift",
          "type": null,
          "probability": 1,
          "modifiers": [],
          "to_variable": {
            "key": "_sLUtiXNsEDSRMoF37yWQpQ",
            "name": "shift",
            "type": null,
            "modifiers": [],
            "position": {}
          },
          "position": {}
        }
      }
    },
    "parameters_to_parameters_data_clump-./LMH0303_Manager-_sLUthHNsEDSRMoF37yWQpQ-_sLUGc3NsEDSRMoF37yWQpQ-regvalforANDshift": {
      "type": "data_clump",
      "key": "parameters_to_parameters_data_clump-./LMH0303_Manager-_sLUthHNsEDSRMoF37yWQpQ-_sLUGc3NsEDSRMoF37yWQpQ-regvalforANDshift",
      "probability": 1,
      "from_file_path": "./LMH0303_Manager",
      "from_class_or_interface_name": "LMH0303_Manager",
      "from_class_or_interface_key": "_sLSRQXNsEDSRMoF37yWQpQ",
      "from_method_name": "setRField",
      "from_method_key": "_sLUthHNsEDSRMoF37yWQpQ",
      "to_file_path": "./LMH0303_Manager",
      "to_class_or_interface_name": "LMH0303_Manager",
      "to_class_or_interface_key": "_sLSRQXNsEDSRMoF37yWQpQ",
      "to_method_name": "getRField",
      "to_method_key": "_sLUGc3NsEDSRMoF37yWQpQ",
      "data_clump_type": "parameters_to_parameters_data_clump",
      "data_clump_data": {
        "_sLUthnNsEDSRMoF37yWQpQ": {
          "key": "_sLUthnNsEDSRMoF37yWQpQ",
          "name": "reg",
          "type": null,
          "probability": 1,
          "modifiers": [],
          "to_variable": {
            "key": "_sLUtgHNsEDSRMoF37yWQpQ",
            "name": "reg",
            "type": null,
            "modifiers": [],
            "position": {}
          },
          "position": {}
        },
        "_sLUth3NsEDSRMoF37yWQpQ": {
          "key": "_sLUth3NsEDSRMoF37yWQpQ",
          "name": "val",
          "type": null,
          "probability": 1,
          "modifiers": [],
          "to_variable": {
            "key": "_sLUtgXNsEDSRMoF37yWQpQ",
            "name": "val",
            "type": null,
            "modifiers": [],
            "position": {}
          },
          "position": {}
        },
        "_sLUtiHNsEDSRMoF37yWQpQ": {
          "key": "_sLUtiHNsEDSRMoF37yWQpQ",
          "name": "forAND",
          "type": null,
          "probability": 1,
          "modifiers": [],
          "to_variable": {
            "key": "_sLUtgnNsEDSRMoF37yWQpQ",
            "name": "forAND",
            "type": null,
            "modifiers": [],
            "position": {}
          },
          "position": {}
        },
        "_sLUtiXNsEDSRMoF37yWQpQ": {
          "key": "_sLUtiXNsEDSRMoF37yWQpQ",
          "name": "shift",
          "type": null,
          "probability": 1,
          "modifiers": [],
          "to_variable": {
            "key": "_sLUtg3NsEDSRMoF37yWQpQ",
            "name": "shift",
            "type": null,
            "modifiers": [],
            "position": {}
          },
          "position": {}
        }
      }
    },
    "parameters_to_parameters_data_clump-./LMH0303_Manager-_sLUtinNsEDSRMoF37yWQpQ-_sLVUknNsEDSRMoF37yWQpQ-partvalget": {
      "type": "data_clump",
      "key": "parameters_to_parameters_data_clump-./LMH0303_Manager-_sLUtinNsEDSRMoF37yWQpQ-_sLVUknNsEDSRMoF37yWQpQ-partvalget",
      "probability": 1,
      "from_file_path": "./LMH0303_Manager",
      "from_class_or_interface_name": "LMH0303_Manager",
      "from_class_or_interface_key": "_sLSRQXNsEDSRMoF37yWQpQ",
      "from_method_name": "statusRegisterField",
      "from_method_key": "_sLUtinNsEDSRMoF37yWQpQ",
      "to_file_path": "./LMH0303_Manager",
      "to_class_or_interface_name": "LMH0303_Manager",
      "to_class_or_interface_key": "_sLSRQXNsEDSRMoF37yWQpQ",
      "to_method_name": "maskRegisterField",
      "to_method_key": "_sLVUknNsEDSRMoF37yWQpQ",
      "data_clump_type": "parameters_to_parameters_data_clump",
      "data_clump_data": {
        "_sLUtjHNsEDSRMoF37yWQpQ": {
          "key": "_sLUtjHNsEDSRMoF37yWQpQ",
          "name": "part",
          "type": null,
          "probability": 1,
          "modifiers": [],
          "to_variable": {
            "key": "_sLVUlHNsEDSRMoF37yWQpQ",
            "name": "part",
            "type": null,
            "modifiers": [],
            "position": {}
          },
          "position": {}
        },
        "_sLVUkHNsEDSRMoF37yWQpQ": {
          "key": "_sLVUkHNsEDSRMoF37yWQpQ",
          "name": "val",
          "type": null,
          "probability": 1,
          "modifiers": [],
          "to_variable": {
            "key": "_sLVUlXNsEDSRMoF37yWQpQ",
            "name": "val",
            "type": null,
            "modifiers": [],
            "position": {}
          },
          "position": {}
        },
        "_sLVUkXNsEDSRMoF37yWQpQ": {
          "key": "_sLVUkXNsEDSRMoF37yWQpQ",
          "name": "get",
          "type": null,
          "probability": 1,
          "modifiers": [],
          "to_variable": {
            "key": "_sLVUlnNsEDSRMoF37yWQpQ",
            "name": "get",
            "type": null,
            "modifiers": [],
            "position": {}
          },
          "position": {}
        }
      }
    },
    "parameters_to_parameters_data_clump-./LMH0303_Manager-_sLUtinNsEDSRMoF37yWQpQ-_sLVUl3NsEDSRMoF37yWQpQ-partvalget": {
      "type": "data_clump",
      "key": "parameters_to_parameters_data_clump-./LMH0303_Manager-_sLUtinNsEDSRMoF37yWQpQ-_sLVUl3NsEDSRMoF37yWQpQ-partvalget",
      "probability": 1,
      "from_file_path": "./LMH0303_Manager",
      "from_class_or_interface_name": "LMH0303_Manager",
      "from_class_or_interface_key": "_sLSRQXNsEDSRMoF37yWQpQ",
      "from_method_name": "statusRegisterField",
      "from_method_key": "_sLUtinNsEDSRMoF37yWQpQ",
      "to_file_path": "./LMH0303_Manager",
      "to_class_or_interface_name": "LMH0303_Manager",
      "to_class_or_interface_key": "_sLSRQXNsEDSRMoF37yWQpQ",
      "to_method_name": "directionRegisterField",
      "to_method_key": "_sLVUl3NsEDSRMoF37yWQpQ",
      "data_clump_type": "parameters_to_parameters_data_clump",
      "data_clump_data": {
        "_sLUtjHNsEDSRMoF37yWQpQ": {
          "key": "_sLUtjHNsEDSRMoF37yWQpQ",
          "name": "part",
          "type": null,
          "probability": 1,
          "modifiers": [],
          "to_variable": {
            "key": "_sLVUmXNsEDSRMoF37yWQpQ",
            "name": "part",
            "type": null,
            "modifiers": [],
            "position": {}
          },
          "position": {}
        },
        "_sLVUkHNsEDSRMoF37yWQpQ": {
          "key": "_sLVUkHNsEDSRMoF37yWQpQ",
          "name": "val",
          "type": null,
          "probability": 1,
          "modifiers": [],
          "to_variable": {
            "key": "_sLVUmnNsEDSRMoF37yWQpQ",
            "name": "val",
            "type": null,
            "modifiers": [],
            "position": {}
          },
          "position": {}
        },
        "_sLVUkXNsEDSRMoF37yWQpQ": {
          "key": "_sLVUkXNsEDSRMoF37yWQpQ",
          "name": "get",
          "type": null,
          "probability": 1,
          "modifiers": [],
          "to_variable": {
            "key": "_sLVUm3NsEDSRMoF37yWQpQ",
            "name": "get",
            "type": null,
            "modifiers": [],
            "position": {}
          },
          "position": {}
        }
      }
    },
    "parameters_to_parameters_data_clump-./LMH0303_Manager-_sLUtinNsEDSRMoF37yWQpQ-_sLVUnHNsEDSRMoF37yWQpQ-partvalget": {
      "type": "data_clump",
      "key": "parameters_to_parameters_data_clump-./LMH0303_Manager-_sLUtinNsEDSRMoF37yWQpQ-_sLVUnHNsEDSRMoF37yWQpQ-partvalget",
      "probability": 1,
      "from_file_path": "./LMH0303_Manager",
      "from_class_or_interface_name": "LMH0303_Manager",
      "from_class_or_interface_key": "_sLSRQXNsEDSRMoF37yWQpQ",
      "from_method_name": "statusRegisterField",
      "from_method_key": "_sLUtinNsEDSRMoF37yWQpQ",
      "to_file_path": "./LMH0303_Manager",
      "to_class_or_interface_name": "LMH0303_Manager",
      "to_class_or_interface_key": "_sLSRQXNsEDSRMoF37yWQpQ",
      "to_method_name": "outputRegisterField",
      "to_method_key": "_sLVUnHNsEDSRMoF37yWQpQ",
      "data_clump_type": "parameters_to_parameters_data_clump",
      "data_clump_data": {
        "_sLUtjHNsEDSRMoF37yWQpQ": {
          "key": "_sLUtjHNsEDSRMoF37yWQpQ",
          "name": "part",
          "type": null,
          "probability": 1,
          "modifiers": [],
          "to_variable": {
            "key": "_sLVUnnNsEDSRMoF37yWQpQ",
            "name": "part",
            "type": null,
            "modifiers": [],
            "position": {}
          },
          "position": {}
        },
        "_sLVUkHNsEDSRMoF37yWQpQ": {
          "key": "_sLVUkHNsEDSRMoF37yWQpQ",
          "name": "val",
          "type": null,
          "probability": 1,
          "modifiers": [],
          "to_variable": {
            "key": "_sLVUn3NsEDSRMoF37yWQpQ",
            "name": "val",
            "type": null,
            "modifiers": [],
            "position": {}
          },
          "position": {}
        },
        "_sLVUkXNsEDSRMoF37yWQpQ": {
          "key": "_sLVUkXNsEDSRMoF37yWQpQ",
          "name": "get",
          "type": null,
          "probability": 1,
          "modifiers": [],
          "to_variable": {
            "key": "_sLVUoHNsEDSRMoF37yWQpQ",
            "name": "get",
            "type": null,
            "modifiers": [],
            "position": {}
          },
          "position": {}
        }
      }
    },
    "parameters_to_parameters_data_clump-./LMH0303_Manager-_sLUtinNsEDSRMoF37yWQpQ-_sLVUoXNsEDSRMoF37yWQpQ-partvalget": {
      "type": "data_clump",
      "key": "parameters_to_parameters_data_clump-./LMH0303_Manager-_sLUtinNsEDSRMoF37yWQpQ-_sLVUoXNsEDSRMoF37yWQpQ-partvalget",
      "probability": 1,
      "from_file_path": "./LMH0303_Manager",
      "from_class_or_interface_name": "LMH0303_Manager",
      "from_class_or_interface_key": "_sLSRQXNsEDSRMoF37yWQpQ",
      "from_method_name": "statusRegisterField",
      "from_method_key": "_sLUtinNsEDSRMoF37yWQpQ",
      "to_file_path": "./LMH0303_Manager",
      "to_class_or_interface_name": "LMH0303_Manager",
      "to_class_or_interface_key": "_sLSRQXNsEDSRMoF37yWQpQ",
      "to_method_name": "outputCTRLRegisterField",
      "to_method_key": "_sLVUoXNsEDSRMoF37yWQpQ",
      "data_clump_type": "parameters_to_parameters_data_clump",
      "data_clump_data": {
        "_sLUtjHNsEDSRMoF37yWQpQ": {
          "key": "_sLUtjHNsEDSRMoF37yWQpQ",
          "name": "part",
          "type": null,
          "probability": 1,
          "modifiers": [],
          "to_variable": {
            "key": "_sLVUo3NsEDSRMoF37yWQpQ",
            "name": "part",
            "type": null,
            "modifiers": [],
            "position": {}
          },
          "position": {}
        },
        "_sLVUkHNsEDSRMoF37yWQpQ": {
          "key": "_sLVUkHNsEDSRMoF37yWQpQ",
          "name": "val",
          "type": null,
          "probability": 1,
          "modifiers": [],
          "to_variable": {
            "key": "_sLVUpHNsEDSRMoF37yWQpQ",
            "name": "val",
            "type": null,
            "modifiers": [],
            "position": {}
          },
          "position": {}
        },
        "_sLVUkXNsEDSRMoF37yWQpQ": {
          "key": "_sLVUkXNsEDSRMoF37yWQpQ",
          "name": "get",
          "type": null,
          "probability": 1,
          "modifiers": [],
          "to_variable": {
            "key": "_sLVUpXNsEDSRMoF37yWQpQ",
            "name": "get",
            "type": null,
            "modifiers": [],
            "position": {}
          },
          "position": {}
        }
      }
    },
    "parameters_to_parameters_data_clump-./LMH0303_Manager-_sLVUknNsEDSRMoF37yWQpQ-_sLUtinNsEDSRMoF37yWQpQ-partvalget": {
      "type": "data_clump",
      "key": "parameters_to_parameters_data_clump-./LMH0303_Manager-_sLVUknNsEDSRMoF37yWQpQ-_sLUtinNsEDSRMoF37yWQpQ-partvalget",
      "probability": 1,
      "from_file_path": "./LMH0303_Manager",
      "from_class_or_interface_name": "LMH0303_Manager",
      "from_class_or_interface_key": "_sLSRQXNsEDSRMoF37yWQpQ",
      "from_method_name": "maskRegisterField",
      "from_method_key": "_sLVUknNsEDSRMoF37yWQpQ",
      "to_file_path": "./LMH0303_Manager",
      "to_class_or_interface_name": "LMH0303_Manager",
      "to_class_or_interface_key": "_sLSRQXNsEDSRMoF37yWQpQ",
      "to_method_name": "statusRegisterField",
      "to_method_key": "_sLUtinNsEDSRMoF37yWQpQ",
      "data_clump_type": "parameters_to_parameters_data_clump",
      "data_clump_data": {
        "_sLVUlHNsEDSRMoF37yWQpQ": {
          "key": "_sLVUlHNsEDSRMoF37yWQpQ",
          "name": "part",
          "type": null,
          "probability": 1,
          "modifiers": [],
          "to_variable": {
            "key": "_sLUtjHNsEDSRMoF37yWQpQ",
            "name": "part",
            "type": null,
            "modifiers": [],
            "position": {}
          },
          "position": {}
        },
        "_sLVUlXNsEDSRMoF37yWQpQ": {
          "key": "_sLVUlXNsEDSRMoF37yWQpQ",
          "name": "val",
          "type": null,
          "probability": 1,
          "modifiers": [],
          "to_variable": {
            "key": "_sLVUkHNsEDSRMoF37yWQpQ",
            "name": "val",
            "type": null,
            "modifiers": [],
            "position": {}
          },
          "position": {}
        },
        "_sLVUlnNsEDSRMoF37yWQpQ": {
          "key": "_sLVUlnNsEDSRMoF37yWQpQ",
          "name": "get",
          "type": null,
          "probability": 1,
          "modifiers": [],
          "to_variable": {
            "key": "_sLVUkXNsEDSRMoF37yWQpQ",
            "name": "get",
            "type": null,
            "modifiers": [],
            "position": {}
          },
          "position": {}
        }
      }
    },
    "parameters_to_parameters_data_clump-./LMH0303_Manager-_sLVUknNsEDSRMoF37yWQpQ-_sLVUl3NsEDSRMoF37yWQpQ-partvalget": {
      "type": "data_clump",
      "key": "parameters_to_parameters_data_clump-./LMH0303_Manager-_sLVUknNsEDSRMoF37yWQpQ-_sLVUl3NsEDSRMoF37yWQpQ-partvalget",
      "probability": 1,
      "from_file_path": "./LMH0303_Manager",
      "from_class_or_interface_name": "LMH0303_Manager",
      "from_class_or_interface_key": "_sLSRQXNsEDSRMoF37yWQpQ",
      "from_method_name": "maskRegisterField",
      "from_method_key": "_sLVUknNsEDSRMoF37yWQpQ",
      "to_file_path": "./LMH0303_Manager",
      "to_class_or_interface_name": "LMH0303_Manager",
      "to_class_or_interface_key": "_sLSRQXNsEDSRMoF37yWQpQ",
      "to_method_name": "directionRegisterField",
      "to_method_key": "_sLVUl3NsEDSRMoF37yWQpQ",
      "data_clump_type": "parameters_to_parameters_data_clump",
      "data_clump_data": {
        "_sLVUlHNsEDSRMoF37yWQpQ": {
          "key": "_sLVUlHNsEDSRMoF37yWQpQ",
          "name": "part",
          "type": null,
          "probability": 1,
          "modifiers": [],
          "to_variable": {
            "key": "_sLVUmXNsEDSRMoF37yWQpQ",
            "name": "part",
            "type": null,
            "modifiers": [],
            "position": {}
          },
          "position": {}
        },
        "_sLVUlXNsEDSRMoF37yWQpQ": {
          "key": "_sLVUlXNsEDSRMoF37yWQpQ",
          "name": "val",
          "type": null,
          "probability": 1,
          "modifiers": [],
          "to_variable": {
            "key": "_sLVUmnNsEDSRMoF37yWQpQ",
            "name": "val",
            "type": null,
            "modifiers": [],
            "position": {}
          },
          "position": {}
        },
        "_sLVUlnNsEDSRMoF37yWQpQ": {
          "key": "_sLVUlnNsEDSRMoF37yWQpQ",
          "name": "get",
          "type": null,
          "probability": 1,
          "modifiers": [],
          "to_variable": {
            "key": "_sLVUm3NsEDSRMoF37yWQpQ",
            "name": "get",
            "type": null,
            "modifiers": [],
            "position": {}
          },
          "position": {}
        }
      }
    },
    "parameters_to_parameters_data_clump-./LMH0303_Manager-_sLVUknNsEDSRMoF37yWQpQ-_sLVUnHNsEDSRMoF37yWQpQ-partvalget": {
      "type": "data_clump",
      "key": "parameters_to_parameters_data_clump-./LMH0303_Manager-_sLVUknNsEDSRMoF37yWQpQ-_sLVUnHNsEDSRMoF37yWQpQ-partvalget",
      "probability": 1,
      "from_file_path": "./LMH0303_Manager",
      "from_class_or_interface_name": "LMH0303_Manager",
      "from_class_or_interface_key": "_sLSRQXNsEDSRMoF37yWQpQ",
      "from_method_name": "maskRegisterField",
      "from_method_key": "_sLVUknNsEDSRMoF37yWQpQ",
      "to_file_path": "./LMH0303_Manager",
      "to_class_or_interface_name": "LMH0303_Manager",
      "to_class_or_interface_key": "_sLSRQXNsEDSRMoF37yWQpQ",
      "to_method_name": "outputRegisterField",
      "to_method_key": "_sLVUnHNsEDSRMoF37yWQpQ",
      "data_clump_type": "parameters_to_parameters_data_clump",
      "data_clump_data": {
        "_sLVUlHNsEDSRMoF37yWQpQ": {
          "key": "_sLVUlHNsEDSRMoF37yWQpQ",
          "name": "part",
          "type": null,
          "probability": 1,
          "modifiers": [],
          "to_variable": {
            "key": "_sLVUnnNsEDSRMoF37yWQpQ",
            "name": "part",
            "type": null,
            "modifiers": [],
            "position": {}
          },
          "position": {}
        },
        "_sLVUlXNsEDSRMoF37yWQpQ": {
          "key": "_sLVUlXNsEDSRMoF37yWQpQ",
          "name": "val",
          "type": null,
          "probability": 1,
          "modifiers": [],
          "to_variable": {
            "key": "_sLVUn3NsEDSRMoF37yWQpQ",
            "name": "val",
            "type": null,
            "modifiers": [],
            "position": {}
          },
          "position": {}
        },
        "_sLVUlnNsEDSRMoF37yWQpQ": {
          "key": "_sLVUlnNsEDSRMoF37yWQpQ",
          "name": "get",
          "type": null,
          "probability": 1,
          "modifiers": [],
          "to_variable": {
            "key": "_sLVUoHNsEDSRMoF37yWQpQ",
            "name": "get",
            "type": null,
            "modifiers": [],
            "position": {}
          },
          "position": {}
        }
      }
    },
    "parameters_to_parameters_data_clump-./LMH0303_Manager-_sLVUknNsEDSRMoF37yWQpQ-_sLVUoXNsEDSRMoF37yWQpQ-partvalget": {
      "type": "data_clump",
      "key": "parameters_to_parameters_data_clump-./LMH0303_Manager-_sLVUknNsEDSRMoF37yWQpQ-_sLVUoXNsEDSRMoF37yWQpQ-partvalget",
      "probability": 1,
      "from_file_path": "./LMH0303_Manager",
      "from_class_or_interface_name": "LMH0303_Manager",
      "from_class_or_interface_key": "_sLSRQXNsEDSRMoF37yWQpQ",
      "from_method_name": "maskRegisterField",
      "from_method_key": "_sLVUknNsEDSRMoF37yWQpQ",
      "to_file_path": "./LMH0303_Manager",
      "to_class_or_interface_name": "LMH0303_Manager",
      "to_class_or_interface_key": "_sLSRQXNsEDSRMoF37yWQpQ",
      "to_method_name": "outputCTRLRegisterField",
      "to_method_key": "_sLVUoXNsEDSRMoF37yWQpQ",
      "data_clump_type": "parameters_to_parameters_data_clump",
      "data_clump_data": {
        "_sLVUlHNsEDSRMoF37yWQpQ": {
          "key": "_sLVUlHNsEDSRMoF37yWQpQ",
          "name": "part",
          "type": null,
          "probability": 1,
          "modifiers": [],
          "to_variable": {
            "key": "_sLVUo3NsEDSRMoF37yWQpQ",
            "name": "part",
            "type": null,
            "modifiers": [],
            "position": {}
          },
          "position": {}
        },
        "_sLVUlXNsEDSRMoF37yWQpQ": {
          "key": "_sLVUlXNsEDSRMoF37yWQpQ",
          "name": "val",
          "type": null,
          "probability": 1,
          "modifiers": [],
          "to_variable": {
            "key": "_sLVUpHNsEDSRMoF37yWQpQ",
            "name": "val",
            "type": null,
            "modifiers": [],
            "position": {}
          },
          "position": {}
        },
        "_sLVUlnNsEDSRMoF37yWQpQ": {
          "key": "_sLVUlnNsEDSRMoF37yWQpQ",
          "name": "get",
          "type": null,
          "probability": 1,
          "modifiers": [],
          "to_variable": {
            "key": "_sLVUpXNsEDSRMoF37yWQpQ",
            "name": "get",
            "type": null,
            "modifiers": [],
            "position": {}
          },
          "position": {}
        }
      }
    },
    "parameters_to_parameters_data_clump-./LMH0303_Manager-_sLVUl3NsEDSRMoF37yWQpQ-_sLUtinNsEDSRMoF37yWQpQ-partvalget": {
      "type": "data_clump",
      "key": "parameters_to_parameters_data_clump-./LMH0303_Manager-_sLVUl3NsEDSRMoF37yWQpQ-_sLUtinNsEDSRMoF37yWQpQ-partvalget",
      "probability": 1,
      "from_file_path": "./LMH0303_Manager",
      "from_class_or_interface_name": "LMH0303_Manager",
      "from_class_or_interface_key": "_sLSRQXNsEDSRMoF37yWQpQ",
      "from_method_name": "directionRegisterField",
      "from_method_key": "_sLVUl3NsEDSRMoF37yWQpQ",
      "to_file_path": "./LMH0303_Manager",
      "to_class_or_interface_name": "LMH0303_Manager",
      "to_class_or_interface_key": "_sLSRQXNsEDSRMoF37yWQpQ",
      "to_method_name": "statusRegisterField",
      "to_method_key": "_sLUtinNsEDSRMoF37yWQpQ",
      "data_clump_type": "parameters_to_parameters_data_clump",
      "data_clump_data": {
        "_sLVUmXNsEDSRMoF37yWQpQ": {
          "key": "_sLVUmXNsEDSRMoF37yWQpQ",
          "name": "part",
          "type": null,
          "probability": 1,
          "modifiers": [],
          "to_variable": {
            "key": "_sLUtjHNsEDSRMoF37yWQpQ",
            "name": "part",
            "type": null,
            "modifiers": [],
            "position": {}
          },
          "position": {}
        },
        "_sLVUmnNsEDSRMoF37yWQpQ": {
          "key": "_sLVUmnNsEDSRMoF37yWQpQ",
          "name": "val",
          "type": null,
          "probability": 1,
          "modifiers": [],
          "to_variable": {
            "key": "_sLVUkHNsEDSRMoF37yWQpQ",
            "name": "val",
            "type": null,
            "modifiers": [],
            "position": {}
          },
          "position": {}
        },
        "_sLVUm3NsEDSRMoF37yWQpQ": {
          "key": "_sLVUm3NsEDSRMoF37yWQpQ",
          "name": "get",
          "type": null,
          "probability": 1,
          "modifiers": [],
          "to_variable": {
            "key": "_sLVUkXNsEDSRMoF37yWQpQ",
            "name": "get",
            "type": null,
            "modifiers": [],
            "position": {}
          },
          "position": {}
        }
      }
    },
    "parameters_to_parameters_data_clump-./LMH0303_Manager-_sLVUl3NsEDSRMoF37yWQpQ-_sLVUknNsEDSRMoF37yWQpQ-partvalget": {
      "type": "data_clump",
      "key": "parameters_to_parameters_data_clump-./LMH0303_Manager-_sLVUl3NsEDSRMoF37yWQpQ-_sLVUknNsEDSRMoF37yWQpQ-partvalget",
      "probability": 1,
      "from_file_path": "./LMH0303_Manager",
      "from_class_or_interface_name": "LMH0303_Manager",
      "from_class_or_interface_key": "_sLSRQXNsEDSRMoF37yWQpQ",
      "from_method_name": "directionRegisterField",
      "from_method_key": "_sLVUl3NsEDSRMoF37yWQpQ",
      "to_file_path": "./LMH0303_Manager",
      "to_class_or_interface_name": "LMH0303_Manager",
      "to_class_or_interface_key": "_sLSRQXNsEDSRMoF37yWQpQ",
      "to_method_name": "maskRegisterField",
      "to_method_key": "_sLVUknNsEDSRMoF37yWQpQ",
      "data_clump_type": "parameters_to_parameters_data_clump",
      "data_clump_data": {
        "_sLVUmXNsEDSRMoF37yWQpQ": {
          "key": "_sLVUmXNsEDSRMoF37yWQpQ",
          "name": "part",
          "type": null,
          "probability": 1,
          "modifiers": [],
          "to_variable": {
            "key": "_sLVUlHNsEDSRMoF37yWQpQ",
            "name": "part",
            "type": null,
            "modifiers": [],
            "position": {}
          },
          "position": {}
        },
        "_sLVUmnNsEDSRMoF37yWQpQ": {
          "key": "_sLVUmnNsEDSRMoF37yWQpQ",
          "name": "val",
          "type": null,
          "probability": 1,
          "modifiers": [],
          "to_variable": {
            "key": "_sLVUlXNsEDSRMoF37yWQpQ",
            "name": "val",
            "type": null,
            "modifiers": [],
            "position": {}
          },
          "position": {}
        },
        "_sLVUm3NsEDSRMoF37yWQpQ": {
          "key": "_sLVUm3NsEDSRMoF37yWQpQ",
          "name": "get",
          "type": null,
          "probability": 1,
          "modifiers": [],
          "to_variable": {
            "key": "_sLVUlnNsEDSRMoF37yWQpQ",
            "name": "get",
            "type": null,
            "modifiers": [],
            "position": {}
          },
          "position": {}
        }
      }
    },
    "parameters_to_parameters_data_clump-./LMH0303_Manager-_sLVUl3NsEDSRMoF37yWQpQ-_sLVUnHNsEDSRMoF37yWQpQ-partvalget": {
      "type": "data_clump",
      "key": "parameters_to_parameters_data_clump-./LMH0303_Manager-_sLVUl3NsEDSRMoF37yWQpQ-_sLVUnHNsEDSRMoF37yWQpQ-partvalget",
      "probability": 1,
      "from_file_path": "./LMH0303_Manager",
      "from_class_or_interface_name": "LMH0303_Manager",
      "from_class_or_interface_key": "_sLSRQXNsEDSRMoF37yWQpQ",
      "from_method_name": "directionRegisterField",
      "from_method_key": "_sLVUl3NsEDSRMoF37yWQpQ",
      "to_file_path": "./LMH0303_Manager",
      "to_class_or_interface_name": "LMH0303_Manager",
      "to_class_or_interface_key": "_sLSRQXNsEDSRMoF37yWQpQ",
      "to_method_name": "outputRegisterField",
      "to_method_key": "_sLVUnHNsEDSRMoF37yWQpQ",
      "data_clump_type": "parameters_to_parameters_data_clump",
      "data_clump_data": {
        "_sLVUmXNsEDSRMoF37yWQpQ": {
          "key": "_sLVUmXNsEDSRMoF37yWQpQ",
          "name": "part",
          "type": null,
          "probability": 1,
          "modifiers": [],
          "to_variable": {
            "key": "_sLVUnnNsEDSRMoF37yWQpQ",
            "name": "part",
            "type": null,
            "modifiers": [],
            "position": {}
          },
          "position": {}
        },
        "_sLVUmnNsEDSRMoF37yWQpQ": {
          "key": "_sLVUmnNsEDSRMoF37yWQpQ",
          "name": "val",
          "type": null,
          "probability": 1,
          "modifiers": [],
          "to_variable": {
            "key": "_sLVUn3NsEDSRMoF37yWQpQ",
            "name": "val",
            "type": null,
            "modifiers": [],
            "position": {}
          },
          "position": {}
        },
        "_sLVUm3NsEDSRMoF37yWQpQ": {
          "key": "_sLVUm3NsEDSRMoF37yWQpQ",
          "name": "get",
          "type": null,
          "probability": 1,
          "modifiers": [],
          "to_variable": {
            "key": "_sLVUoHNsEDSRMoF37yWQpQ",
            "name": "get",
            "type": null,
            "modifiers": [],
            "position": {}
          },
          "position": {}
        }
      }
    },
    "parameters_to_parameters_data_clump-./LMH0303_Manager-_sLVUl3NsEDSRMoF37yWQpQ-_sLVUoXNsEDSRMoF37yWQpQ-partvalget": {
      "type": "data_clump",
      "key": "parameters_to_parameters_data_clump-./LMH0303_Manager-_sLVUl3NsEDSRMoF37yWQpQ-_sLVUoXNsEDSRMoF37yWQpQ-partvalget",
      "probability": 1,
      "from_file_path": "./LMH0303_Manager",
      "from_class_or_interface_name": "LMH0303_Manager",
      "from_class_or_interface_key": "_sLSRQXNsEDSRMoF37yWQpQ",
      "from_method_name": "directionRegisterField",
      "from_method_key": "_sLVUl3NsEDSRMoF37yWQpQ",
      "to_file_path": "./LMH0303_Manager",
      "to_class_or_interface_name": "LMH0303_Manager",
      "to_class_or_interface_key": "_sLSRQXNsEDSRMoF37yWQpQ",
      "to_method_name": "outputCTRLRegisterField",
      "to_method_key": "_sLVUoXNsEDSRMoF37yWQpQ",
      "data_clump_type": "parameters_to_parameters_data_clump",
      "data_clump_data": {
        "_sLVUmXNsEDSRMoF37yWQpQ": {
          "key": "_sLVUmXNsEDSRMoF37yWQpQ",
          "name": "part",
          "type": null,
          "probability": 1,
          "modifiers": [],
          "to_variable": {
            "key": "_sLVUo3NsEDSRMoF37yWQpQ",
            "name": "part",
            "type": null,
            "modifiers": [],
            "position": {}
          },
          "position": {}
        },
        "_sLVUmnNsEDSRMoF37yWQpQ": {
          "key": "_sLVUmnNsEDSRMoF37yWQpQ",
          "name": "val",
          "type": null,
          "probability": 1,
          "modifiers": [],
          "to_variable": {
            "key": "_sLVUpHNsEDSRMoF37yWQpQ",
            "name": "val",
            "type": null,
            "modifiers": [],
            "position": {}
          },
          "position": {}
        },
        "_sLVUm3NsEDSRMoF37yWQpQ": {
          "key": "_sLVUm3NsEDSRMoF37yWQpQ",
          "name": "get",
          "type": null,
          "probability": 1,
          "modifiers": [],
          "to_variable": {
            "key": "_sLVUpXNsEDSRMoF37yWQpQ",
            "name": "get",
            "type": null,
            "modifiers": [],
            "position": {}
          },
          "position": {}
        }
      }
    },
    "parameters_to_parameters_data_clump-./LMH0303_Manager-_sLVUnHNsEDSRMoF37yWQpQ-_sLUtinNsEDSRMoF37yWQpQ-partvalget": {
      "type": "data_clump",
      "key": "parameters_to_parameters_data_clump-./LMH0303_Manager-_sLVUnHNsEDSRMoF37yWQpQ-_sLUtinNsEDSRMoF37yWQpQ-partvalget",
      "probability": 1,
      "from_file_path": "./LMH0303_Manager",
      "from_class_or_interface_name": "LMH0303_Manager",
      "from_class_or_interface_key": "_sLSRQXNsEDSRMoF37yWQpQ",
      "from_method_name": "outputRegisterField",
      "from_method_key": "_sLVUnHNsEDSRMoF37yWQpQ",
      "to_file_path": "./LMH0303_Manager",
      "to_class_or_interface_name": "LMH0303_Manager",
      "to_class_or_interface_key": "_sLSRQXNsEDSRMoF37yWQpQ",
      "to_method_name": "statusRegisterField",
      "to_method_key": "_sLUtinNsEDSRMoF37yWQpQ",
      "data_clump_type": "parameters_to_parameters_data_clump",
      "data_clump_data": {
        "_sLVUnnNsEDSRMoF37yWQpQ": {
          "key": "_sLVUnnNsEDSRMoF37yWQpQ",
          "name": "part",
          "type": null,
          "probability": 1,
          "modifiers": [],
          "to_variable": {
            "key": "_sLUtjHNsEDSRMoF37yWQpQ",
            "name": "part",
            "type": null,
            "modifiers": [],
            "position": {}
          },
          "position": {}
        },
        "_sLVUn3NsEDSRMoF37yWQpQ": {
          "key": "_sLVUn3NsEDSRMoF37yWQpQ",
          "name": "val",
          "type": null,
          "probability": 1,
          "modifiers": [],
          "to_variable": {
            "key": "_sLVUkHNsEDSRMoF37yWQpQ",
            "name": "val",
            "type": null,
            "modifiers": [],
            "position": {}
          },
          "position": {}
        },
        "_sLVUoHNsEDSRMoF37yWQpQ": {
          "key": "_sLVUoHNsEDSRMoF37yWQpQ",
          "name": "get",
          "type": null,
          "probability": 1,
          "modifiers": [],
          "to_variable": {
            "key": "_sLVUkXNsEDSRMoF37yWQpQ",
            "name": "get",
            "type": null,
            "modifiers": [],
            "position": {}
          },
          "position": {}
        }
      }
    },
    "parameters_to_parameters_data_clump-./LMH0303_Manager-_sLVUnHNsEDSRMoF37yWQpQ-_sLVUknNsEDSRMoF37yWQpQ-partvalget": {
      "type": "data_clump",
      "key": "parameters_to_parameters_data_clump-./LMH0303_Manager-_sLVUnHNsEDSRMoF37yWQpQ-_sLVUknNsEDSRMoF37yWQpQ-partvalget",
      "probability": 1,
      "from_file_path": "./LMH0303_Manager",
      "from_class_or_interface_name": "LMH0303_Manager",
      "from_class_or_interface_key": "_sLSRQXNsEDSRMoF37yWQpQ",
      "from_method_name": "outputRegisterField",
      "from_method_key": "_sLVUnHNsEDSRMoF37yWQpQ",
      "to_file_path": "./LMH0303_Manager",
      "to_class_or_interface_name": "LMH0303_Manager",
      "to_class_or_interface_key": "_sLSRQXNsEDSRMoF37yWQpQ",
      "to_method_name": "maskRegisterField",
      "to_method_key": "_sLVUknNsEDSRMoF37yWQpQ",
      "data_clump_type": "parameters_to_parameters_data_clump",
      "data_clump_data": {
        "_sLVUnnNsEDSRMoF37yWQpQ": {
          "key": "_sLVUnnNsEDSRMoF37yWQpQ",
          "name": "part",
          "type": null,
          "probability": 1,
          "modifiers": [],
          "to_variable": {
            "key": "_sLVUlHNsEDSRMoF37yWQpQ",
            "name": "part",
            "type": null,
            "modifiers": [],
            "position": {}
          },
          "position": {}
        },
        "_sLVUn3NsEDSRMoF37yWQpQ": {
          "key": "_sLVUn3NsEDSRMoF37yWQpQ",
          "name": "val",
          "type": null,
          "probability": 1,
          "modifiers": [],
          "to_variable": {
            "key": "_sLVUlXNsEDSRMoF37yWQpQ",
            "name": "val",
            "type": null,
            "modifiers": [],
            "position": {}
          },
          "position": {}
        },
        "_sLVUoHNsEDSRMoF37yWQpQ": {
          "key": "_sLVUoHNsEDSRMoF37yWQpQ",
          "name": "get",
          "type": null,
          "probability": 1,
          "modifiers": [],
          "to_variable": {
            "key": "_sLVUlnNsEDSRMoF37yWQpQ",
            "name": "get",
            "type": null,
            "modifiers": [],
            "position": {}
          },
          "position": {}
        }
      }
    },
    "parameters_to_parameters_data_clump-./LMH0303_Manager-_sLVUnHNsEDSRMoF37yWQpQ-_sLVUl3NsEDSRMoF37yWQpQ-partvalget": {
      "type": "data_clump",
      "key": "parameters_to_parameters_data_clump-./LMH0303_Manager-_sLVUnHNsEDSRMoF37yWQpQ-_sLVUl3NsEDSRMoF37yWQpQ-partvalget",
      "probability": 1,
      "from_file_path": "./LMH0303_Manager",
      "from_class_or_interface_name": "LMH0303_Manager",
      "from_class_or_interface_key": "_sLSRQXNsEDSRMoF37yWQpQ",
      "from_method_name": "outputRegisterField",
      "from_method_key": "_sLVUnHNsEDSRMoF37yWQpQ",
      "to_file_path": "./LMH0303_Manager",
      "to_class_or_interface_name": "LMH0303_Manager",
      "to_class_or_interface_key": "_sLSRQXNsEDSRMoF37yWQpQ",
      "to_method_name": "directionRegisterField",
      "to_method_key": "_sLVUl3NsEDSRMoF37yWQpQ",
      "data_clump_type": "parameters_to_parameters_data_clump",
      "data_clump_data": {
        "_sLVUnnNsEDSRMoF37yWQpQ": {
          "key": "_sLVUnnNsEDSRMoF37yWQpQ",
          "name": "part",
          "type": null,
          "probability": 1,
          "modifiers": [],
          "to_variable": {
            "key": "_sLVUmXNsEDSRMoF37yWQpQ",
            "name": "part",
            "type": null,
            "modifiers": [],
            "position": {}
          },
          "position": {}
        },
        "_sLVUn3NsEDSRMoF37yWQpQ": {
          "key": "_sLVUn3NsEDSRMoF37yWQpQ",
          "name": "val",
          "type": null,
          "probability": 1,
          "modifiers": [],
          "to_variable": {
            "key": "_sLVUmnNsEDSRMoF37yWQpQ",
            "name": "val",
            "type": null,
            "modifiers": [],
            "position": {}
          },
          "position": {}
        },
        "_sLVUoHNsEDSRMoF37yWQpQ": {
          "key": "_sLVUoHNsEDSRMoF37yWQpQ",
          "name": "get",
          "type": null,
          "probability": 1,
          "modifiers": [],
          "to_variable": {
            "key": "_sLVUm3NsEDSRMoF37yWQpQ",
            "name": "get",
            "type": null,
            "modifiers": [],
            "position": {}
          },
          "position": {}
        }
      }
    },
    "parameters_to_parameters_data_clump-./LMH0303_Manager-_sLVUnHNsEDSRMoF37yWQpQ-_sLVUoXNsEDSRMoF37yWQpQ-partvalget": {
      "type": "data_clump",
      "key": "parameters_to_parameters_data_clump-./LMH0303_Manager-_sLVUnHNsEDSRMoF37yWQpQ-_sLVUoXNsEDSRMoF37yWQpQ-partvalget",
      "probability": 1,
      "from_file_path": "./LMH0303_Manager",
      "from_class_or_interface_name": "LMH0303_Manager",
      "from_class_or_interface_key": "_sLSRQXNsEDSRMoF37yWQpQ",
      "from_method_name": "outputRegisterField",
      "from_method_key": "_sLVUnHNsEDSRMoF37yWQpQ",
      "to_file_path": "./LMH0303_Manager",
      "to_class_or_interface_name": "LMH0303_Manager",
      "to_class_or_interface_key": "_sLSRQXNsEDSRMoF37yWQpQ",
      "to_method_name": "outputCTRLRegisterField",
      "to_method_key": "_sLVUoXNsEDSRMoF37yWQpQ",
      "data_clump_type": "parameters_to_parameters_data_clump",
      "data_clump_data": {
        "_sLVUnnNsEDSRMoF37yWQpQ": {
          "key": "_sLVUnnNsEDSRMoF37yWQpQ",
          "name": "part",
          "type": null,
          "probability": 1,
          "modifiers": [],
          "to_variable": {
            "key": "_sLVUo3NsEDSRMoF37yWQpQ",
            "name": "part",
            "type": null,
            "modifiers": [],
            "position": {}
          },
          "position": {}
        },
        "_sLVUn3NsEDSRMoF37yWQpQ": {
          "key": "_sLVUn3NsEDSRMoF37yWQpQ",
          "name": "val",
          "type": null,
          "probability": 1,
          "modifiers": [],
          "to_variable": {
            "key": "_sLVUpHNsEDSRMoF37yWQpQ",
            "name": "val",
            "type": null,
            "modifiers": [],
            "position": {}
          },
          "position": {}
        },
        "_sLVUoHNsEDSRMoF37yWQpQ": {
          "key": "_sLVUoHNsEDSRMoF37yWQpQ",
          "name": "get",
          "type": null,
          "probability": 1,
          "modifiers": [],
          "to_variable": {
            "key": "_sLVUpXNsEDSRMoF37yWQpQ",
            "name": "get",
            "type": null,
            "modifiers": [],
            "position": {}
          },
          "position": {}
        }
      }
    },
    "parameters_to_parameters_data_clump-./LMH0303_Manager-_sLVUoXNsEDSRMoF37yWQpQ-_sLUtinNsEDSRMoF37yWQpQ-partvalget": {
      "type": "data_clump",
      "key": "parameters_to_parameters_data_clump-./LMH0303_Manager-_sLVUoXNsEDSRMoF37yWQpQ-_sLUtinNsEDSRMoF37yWQpQ-partvalget",
      "probability": 1,
      "from_file_path": "./LMH0303_Manager",
      "from_class_or_interface_name": "LMH0303_Manager",
      "from_class_or_interface_key": "_sLSRQXNsEDSRMoF37yWQpQ",
      "from_method_name": "outputCTRLRegisterField",
      "from_method_key": "_sLVUoXNsEDSRMoF37yWQpQ",
      "to_file_path": "./LMH0303_Manager",
      "to_class_or_interface_name": "LMH0303_Manager",
      "to_class_or_interface_key": "_sLSRQXNsEDSRMoF37yWQpQ",
      "to_method_name": "statusRegisterField",
      "to_method_key": "_sLUtinNsEDSRMoF37yWQpQ",
      "data_clump_type": "parameters_to_parameters_data_clump",
      "data_clump_data": {
        "_sLVUo3NsEDSRMoF37yWQpQ": {
          "key": "_sLVUo3NsEDSRMoF37yWQpQ",
          "name": "part",
          "type": null,
          "probability": 1,
          "modifiers": [],
          "to_variable": {
            "key": "_sLUtjHNsEDSRMoF37yWQpQ",
            "name": "part",
            "type": null,
            "modifiers": [],
            "position": {}
          },
          "position": {}
        },
        "_sLVUpHNsEDSRMoF37yWQpQ": {
          "key": "_sLVUpHNsEDSRMoF37yWQpQ",
          "name": "val",
          "type": null,
          "probability": 1,
          "modifiers": [],
          "to_variable": {
            "key": "_sLVUkHNsEDSRMoF37yWQpQ",
            "name": "val",
            "type": null,
            "modifiers": [],
            "position": {}
          },
          "position": {}
        },
        "_sLVUpXNsEDSRMoF37yWQpQ": {
          "key": "_sLVUpXNsEDSRMoF37yWQpQ",
          "name": "get",
          "type": null,
          "probability": 1,
          "modifiers": [],
          "to_variable": {
            "key": "_sLVUkXNsEDSRMoF37yWQpQ",
            "name": "get",
            "type": null,
            "modifiers": [],
            "position": {}
          },
          "position": {}
        }
      }
    },
    "parameters_to_parameters_data_clump-./LMH0303_Manager-_sLVUoXNsEDSRMoF37yWQpQ-_sLVUknNsEDSRMoF37yWQpQ-partvalget": {
      "type": "data_clump",
      "key": "parameters_to_parameters_data_clump-./LMH0303_Manager-_sLVUoXNsEDSRMoF37yWQpQ-_sLVUknNsEDSRMoF37yWQpQ-partvalget",
      "probability": 1,
      "from_file_path": "./LMH0303_Manager",
      "from_class_or_interface_name": "LMH0303_Manager",
      "from_class_or_interface_key": "_sLSRQXNsEDSRMoF37yWQpQ",
      "from_method_name": "outputCTRLRegisterField",
      "from_method_key": "_sLVUoXNsEDSRMoF37yWQpQ",
      "to_file_path": "./LMH0303_Manager",
      "to_class_or_interface_name": "LMH0303_Manager",
      "to_class_or_interface_key": "_sLSRQXNsEDSRMoF37yWQpQ",
      "to_method_name": "maskRegisterField",
      "to_method_key": "_sLVUknNsEDSRMoF37yWQpQ",
      "data_clump_type": "parameters_to_parameters_data_clump",
      "data_clump_data": {
        "_sLVUo3NsEDSRMoF37yWQpQ": {
          "key": "_sLVUo3NsEDSRMoF37yWQpQ",
          "name": "part",
          "type": null,
          "probability": 1,
          "modifiers": [],
          "to_variable": {
            "key": "_sLVUlHNsEDSRMoF37yWQpQ",
            "name": "part",
            "type": null,
            "modifiers": [],
            "position": {}
          },
          "position": {}
        },
        "_sLVUpHNsEDSRMoF37yWQpQ": {
          "key": "_sLVUpHNsEDSRMoF37yWQpQ",
          "name": "val",
          "type": null,
          "probability": 1,
          "modifiers": [],
          "to_variable": {
            "key": "_sLVUlXNsEDSRMoF37yWQpQ",
            "name": "val",
            "type": null,
            "modifiers": [],
            "position": {}
          },
          "position": {}
        },
        "_sLVUpXNsEDSRMoF37yWQpQ": {
          "key": "_sLVUpXNsEDSRMoF37yWQpQ",
          "name": "get",
          "type": null,
          "probability": 1,
          "modifiers": [],
          "to_variable": {
            "key": "_sLVUlnNsEDSRMoF37yWQpQ",
            "name": "get",
            "type": null,
            "modifiers": [],
            "position": {}
          },
          "position": {}
        }
      }
    },
    "parameters_to_parameters_data_clump-./LMH0303_Manager-_sLVUoXNsEDSRMoF37yWQpQ-_sLVUl3NsEDSRMoF37yWQpQ-partvalget": {
      "type": "data_clump",
      "key": "parameters_to_parameters_data_clump-./LMH0303_Manager-_sLVUoXNsEDSRMoF37yWQpQ-_sLVUl3NsEDSRMoF37yWQpQ-partvalget",
      "probability": 1,
      "from_file_path": "./LMH0303_Manager",
      "from_class_or_interface_name": "LMH0303_Manager",
      "from_class_or_interface_key": "_sLSRQXNsEDSRMoF37yWQpQ",
      "from_method_name": "outputCTRLRegisterField",
      "from_method_key": "_sLVUoXNsEDSRMoF37yWQpQ",
      "to_file_path": "./LMH0303_Manager",
      "to_class_or_interface_name": "LMH0303_Manager",
      "to_class_or_interface_key": "_sLSRQXNsEDSRMoF37yWQpQ",
      "to_method_name": "directionRegisterField",
      "to_method_key": "_sLVUl3NsEDSRMoF37yWQpQ",
      "data_clump_type": "parameters_to_parameters_data_clump",
      "data_clump_data": {
        "_sLVUo3NsEDSRMoF37yWQpQ": {
          "key": "_sLVUo3NsEDSRMoF37yWQpQ",
          "name": "part",
          "type": null,
          "probability": 1,
          "modifiers": [],
          "to_variable": {
            "key": "_sLVUmXNsEDSRMoF37yWQpQ",
            "name": "part",
            "type": null,
            "modifiers": [],
            "position": {}
          },
          "position": {}
        },
        "_sLVUpHNsEDSRMoF37yWQpQ": {
          "key": "_sLVUpHNsEDSRMoF37yWQpQ",
          "name": "val",
          "type": null,
          "probability": 1,
          "modifiers": [],
          "to_variable": {
            "key": "_sLVUmnNsEDSRMoF37yWQpQ",
            "name": "val",
            "type": null,
            "modifiers": [],
            "position": {}
          },
          "position": {}
        },
        "_sLVUpXNsEDSRMoF37yWQpQ": {
          "key": "_sLVUpXNsEDSRMoF37yWQpQ",
          "name": "get",
          "type": null,
          "probability": 1,
          "modifiers": [],
          "to_variable": {
            "key": "_sLVUm3NsEDSRMoF37yWQpQ",
            "name": "get",
            "type": null,
            "modifiers": [],
            "position": {}
          },
          "position": {}
        }
      }
    },
    "parameters_to_parameters_data_clump-./LMH0303_Manager-_sLVUoXNsEDSRMoF37yWQpQ-_sLVUnHNsEDSRMoF37yWQpQ-partvalget": {
      "type": "data_clump",
      "key": "parameters_to_parameters_data_clump-./LMH0303_Manager-_sLVUoXNsEDSRMoF37yWQpQ-_sLVUnHNsEDSRMoF37yWQpQ-partvalget",
      "probability": 1,
      "from_file_path": "./LMH0303_Manager",
      "from_class_or_interface_name": "LMH0303_Manager",
      "from_class_or_interface_key": "_sLSRQXNsEDSRMoF37yWQpQ",
      "from_method_name": "outputCTRLRegisterField",
      "from_method_key": "_sLVUoXNsEDSRMoF37yWQpQ",
      "to_file_path": "./LMH0303_Manager",
      "to_class_or_interface_name": "LMH0303_Manager",
      "to_class_or_interface_key": "_sLSRQXNsEDSRMoF37yWQpQ",
      "to_method_name": "outputRegisterField",
      "to_method_key": "_sLVUnHNsEDSRMoF37yWQpQ",
      "data_clump_type": "parameters_to_parameters_data_clump",
      "data_clump_data": {
        "_sLVUo3NsEDSRMoF37yWQpQ": {
          "key": "_sLVUo3NsEDSRMoF37yWQpQ",
          "name": "part",
          "type": null,
          "probability": 1,
          "modifiers": [],
          "to_variable": {
            "key": "_sLVUnnNsEDSRMoF37yWQpQ",
            "name": "part",
            "type": null,
            "modifiers": [],
            "position": {}
          },
          "position": {}
        },
        "_sLVUpHNsEDSRMoF37yWQpQ": {
          "key": "_sLVUpHNsEDSRMoF37yWQpQ",
          "name": "val",
          "type": null,
          "probability": 1,
          "modifiers": [],
          "to_variable": {
            "key": "_sLVUn3NsEDSRMoF37yWQpQ",
            "name": "val",
            "type": null,
            "modifiers": [],
            "position": {}
          },
          "position": {}
        },
        "_sLVUpXNsEDSRMoF37yWQpQ": {
          "key": "_sLVUpXNsEDSRMoF37yWQpQ",
          "name": "get",
          "type": null,
          "probability": 1,
          "modifiers": [],
          "to_variable": {
            "key": "_sLVUoHNsEDSRMoF37yWQpQ",
            "name": "get",
            "type": null,
            "modifiers": [],
            "position": {}
          },
          "position": {}
        }
      }
    }
  }
}