{
  "report_version": "unknown",
  "report_timestamp": "2025-03-26T22:50:52.388Z",
  "target_language": "java",
  "report_summary": {
    "additional": null,
    "amount_classes_or_interfaces_with_data_clumps": 2,
    "amount_files_with_data_clumps": 2,
    "amount_methods_with_data_clumps": 2,
    "fields_to_fields_data_clump": 0,
    "parameters_to_fields_data_clump": 0,
    "parameters_to_parameters_data_clump": 2,
    "amount_data_clumps": 2
  },
  "project_info": {
    "project_url": "unknown_project_url",
    "project_name": "_TrCf8CxkEeiH4-FjHpTbtQ",
    "project_version": "unknown_project_version",
    "project_commit_hash": "unknown",
    "project_tag": null,
    "project_commit_date": null,
    "additional": {},
    "number_of_files": 6,
    "number_of_classes_or_interfaces": 6,
    "number_of_methods": 34,
    "number_of_data_fields": 7,
    "number_of_method_parameters": 30
  },
  "detector": {
    "name": "data-clumps-doctor",
    "url": "https://github.com/NilsBaumgartner1994/data-clumps-doctor",
    "version": "0.1.100",
    "options": {
      "typeVariablesConsidered": false,
      "similarityModifierOfVariablesWithUnknownType": 0,
      "fieldsOfClassesWithUnknownHierarchyProbabilityModifier": 0,
      "sharedFieldsToFieldsAmountMinimum": 3,
      "analyseFieldsInClassesOrInterfacesInheritedFromSuperClassesOrInterfaces": false,
      "sharedParametersToParametersAmountMinimum": 3,
      "sharedParametersToFieldsAmountMinimum": 3,
      "methodsOfClassesOrInterfacesWithUnknownHierarchyProbabilityModifier": 0
    }
  },
  "data_clumps": {
    "parameters_to_parameters_data_clump-./Game-_T4d3_CxkEeiF-vkcg48UAg-_T4efYSxkEeiF-vkcg48UAg-player1player2ranking": {
      "type": "data_clump",
      "key": "parameters_to_parameters_data_clump-./Game-_T4d3_CxkEeiF-vkcg48UAg-_T4efYSxkEeiF-vkcg48UAg-player1player2ranking",
      "probability": 1,
      "from_file_path": "./Game",
      "from_class_or_interface_name": "Game",
      "from_class_or_interface_key": "_T4d3-CxkEeiF-vkcg48UAg",
      "from_method_name": "Game",
      "from_method_key": "_T4d3_CxkEeiF-vkcg48UAg",
      "to_file_path": "./Session",
      "to_class_or_interface_name": "Session",
      "to_class_or_interface_key": "_T4efVSxkEeiF-vkcg48UAg",
      "to_method_name": "newGame",
      "to_method_key": "_T4efYSxkEeiF-vkcg48UAg",
      "data_clump_type": "parameters_to_parameters_data_clump",
      "data_clump_data": {
        "_T4d3_SxkEeiF-vkcg48UAg": {
          "key": "_T4d3_SxkEeiF-vkcg48UAg",
          "name": "player1",
          "type": null,
          "probability": 1,
          "modifiers": [],
          "to_variable": {
            "key": "_T4efYyxkEeiF-vkcg48UAg",
            "name": "player1",
            "type": null,
            "modifiers": [],
            "position": {}
          },
          "position": {}
        },
        "_T4d4ACxkEeiF-vkcg48UAg": {
          "key": "_T4d4ACxkEeiF-vkcg48UAg",
          "name": "player2",
          "type": null,
          "probability": 1,
          "modifiers": [],
          "to_variable": {
            "key": "_T4efZixkEeiF-vkcg48UAg",
            "name": "player2",
            "type": null,
            "modifiers": [],
            "position": {}
          },
          "position": {}
        },
        "_T4d4AyxkEeiF-vkcg48UAg": {
          "key": "_T4d4AyxkEeiF-vkcg48UAg",
          "name": "ranking",
          "type": null,
          "probability": 1,
          "modifiers": [],
          "to_variable": {
            "key": "_T4efaSxkEeiF-vkcg48UAg",
            "name": "ranking",
            "type": null,
            "modifiers": [],
            "position": {}
          },
          "position": {}
        }
      }
    },
    "parameters_to_parameters_data_clump-./Session-_T4efYSxkEeiF-vkcg48UAg-_T4d3_CxkEeiF-vkcg48UAg-player1player2ranking": {
      "type": "data_clump",
      "key": "parameters_to_parameters_data_clump-./Session-_T4efYSxkEeiF-vkcg48UAg-_T4d3_CxkEeiF-vkcg48UAg-player1player2ranking",
      "probability": 1,
      "from_file_path": "./Session",
      "from_class_or_interface_name": "Session",
      "from_class_or_interface_key": "_T4efVSxkEeiF-vkcg48UAg",
      "from_method_name": "newGame",
      "from_method_key": "_T4efYSxkEeiF-vkcg48UAg",
      "to_file_path": "./Game",
      "to_class_or_interface_name": "Game",
      "to_class_or_interface_key": "_T4d3-CxkEeiF-vkcg48UAg",
      "to_method_name": "Game",
      "to_method_key": "_T4d3_CxkEeiF-vkcg48UAg",
      "data_clump_type": "parameters_to_parameters_data_clump",
      "data_clump_data": {
        "_T4efYyxkEeiF-vkcg48UAg": {
          "key": "_T4efYyxkEeiF-vkcg48UAg",
          "name": "player1",
          "type": null,
          "probability": 1,
          "modifiers": [],
          "to_variable": {
            "key": "_T4d3_SxkEeiF-vkcg48UAg",
            "name": "player1",
            "type": null,
            "modifiers": [],
            "position": {}
          },
          "position": {}
        },
        "_T4efZixkEeiF-vkcg48UAg": {
          "key": "_T4efZixkEeiF-vkcg48UAg",
          "name": "player2",
          "type": null,
          "probability": 1,
          "modifiers": [],
          "to_variable": {
            "key": "_T4d4ACxkEeiF-vkcg48UAg",
            "name": "player2",
            "type": null,
            "modifiers": [],
            "position": {}
          },
          "position": {}
        },
        "_T4efaSxkEeiF-vkcg48UAg": {
          "key": "_T4efaSxkEeiF-vkcg48UAg",
          "name": "ranking",
          "type": null,
          "probability": 1,
          "modifiers": [],
          "to_variable": {
            "key": "_T4d4AyxkEeiF-vkcg48UAg",
            "name": "ranking",
            "type": null,
            "modifiers": [],
            "position": {}
          },
          "position": {}
        }
      }
    }
  }
}