{
  "report_version": "unknown",
  "report_timestamp": "2025-03-26T23:00:34.944Z",
  "target_language": "java",
  "report_summary": {
    "additional": null,
    "amount_classes_or_interfaces_with_data_clumps": 2,
    "amount_files_with_data_clumps": 2,
    "amount_methods_with_data_clumps": 0,
    "fields_to_fields_data_clump": 2,
    "parameters_to_fields_data_clump": 0,
    "parameters_to_parameters_data_clump": 0,
    "amount_data_clumps": 2
  },
  "project_info": {
    "project_url": "unknown_project_url",
    "project_name": "_XPy00I6EEeS5h4H2KE1sXg",
    "project_version": "unknown_project_version",
    "project_commit_hash": "unknown",
    "project_tag": null,
    "project_commit_date": null,
    "additional": {},
    "number_of_files": 4,
    "number_of_classes_or_interfaces": 4,
    "number_of_methods": 11,
    "number_of_data_fields": 10,
    "number_of_method_parameters": 0
  },
  "detector": {
    "name": "data-clumps-doctor",
    "url": "https://github.com/NilsBaumgartner1994/data-clumps-doctor",
    "version": "0.1.100",
    "options": {
      "typeVariablesConsidered": false,
      "similarityModifierOfVariablesWithUnknownType": 0,
      "fieldsOfClassesWithUnknownHierarchyProbabilityModifier": 0,
      "sharedFieldsToFieldsAmountMinimum": 3,
      "analyseFieldsInClassesOrInterfacesInheritedFromSuperClassesOrInterfaces": false,
      "sharedParametersToParametersAmountMinimum": 3,
      "sharedParametersToFieldsAmountMinimum": 3,
      "methodsOfClassesOrInterfacesWithUnknownHierarchyProbabilityModifier": 0
    }
  },
  "data_clumps": {
    "fields_to_fields_data_clump-./registration-_sVPt0HCyEDKe8u-dZY861g-_ZpYroHCyEDKe8u-dZY861g-l_nameuser_namepassword": {
      "type": "data_clump",
      "key": "fields_to_fields_data_clump-./registration-_sVPt0HCyEDKe8u-dZY861g-_ZpYroHCyEDKe8u-dZY861g-l_nameuser_namepassword",
      "probability": 1,
      "from_file_path": "./registration",
      "from_class_or_interface_name": "registration",
      "from_class_or_interface_key": "_sVPt0HCyEDKe8u-dZY861g",
      "from_method_name": null,
      "from_method_key": null,
      "to_file_path": "./user",
      "to_class_or_interface_key": "_ZpYroHCyEDKe8u-dZY861g",
      "to_class_or_interface_name": "registration",
      "to_method_key": null,
      "to_method_name": null,
      "data_clump_type": "fields_to_fields_data_clump",
      "data_clump_data": {
        "_xeK9MHC3EDKe8u-dZY861g": {
          "key": "_xeK9MHC3EDKe8u-dZY861g",
          "name": "l_name",
          "type": null,
          "probability": 1,
          "modifiers": [],
          "to_variable": {
            "key": "_thcwUHC0EDKe8u-dZY861g",
            "name": "l_name",
            "type": null,
            "modifiers": [],
            "position": {}
          },
          "position": {}
        },
        "_yJJM0HC3EDKe8u-dZY861g": {
          "key": "_yJJM0HC3EDKe8u-dZY861g",
          "name": "user_name",
          "type": null,
          "probability": 1,
          "modifiers": [
            "private"
          ],
          "to_variable": {
            "key": "_1irb0HC0EDKe8u-dZY861g",
            "name": "user_name",
            "type": null,
            "modifiers": [
              "private"
            ],
            "position": {}
          },
          "position": {}
        },
        "_y9TNoHC3EDKe8u-dZY861g": {
          "key": "_y9TNoHC3EDKe8u-dZY861g",
          "name": "password",
          "type": null,
          "probability": 1,
          "modifiers": [
            "private"
          ],
          "to_variable": {
            "key": "_2nFfIHC0EDKe8u-dZY861g",
            "name": "password",
            "type": null,
            "modifiers": [
              "private"
            ],
            "position": {}
          },
          "position": {}
        }
      }
    },
    "fields_to_fields_data_clump-./user-_ZpYroHCyEDKe8u-dZY861g-_sVPt0HCyEDKe8u-dZY861g-l_nameuser_namepassword": {
      "type": "data_clump",
      "key": "fields_to_fields_data_clump-./user-_ZpYroHCyEDKe8u-dZY861g-_sVPt0HCyEDKe8u-dZY861g-l_nameuser_namepassword",
      "probability": 1,
      "from_file_path": "./user",
      "from_class_or_interface_name": "user",
      "from_class_or_interface_key": "_ZpYroHCyEDKe8u-dZY861g",
      "from_method_name": null,
      "from_method_key": null,
      "to_file_path": "./registration",
      "to_class_or_interface_key": "_sVPt0HCyEDKe8u-dZY861g",
      "to_class_or_interface_name": "user",
      "to_method_key": null,
      "to_method_name": null,
      "data_clump_type": "fields_to_fields_data_clump",
      "data_clump_data": {
        "_thcwUHC0EDKe8u-dZY861g": {
          "key": "_thcwUHC0EDKe8u-dZY861g",
          "name": "l_name",
          "type": null,
          "probability": 1,
          "modifiers": [],
          "to_variable": {
            "key": "_xeK9MHC3EDKe8u-dZY861g",
            "name": "l_name",
            "type": null,
            "modifiers": [],
            "position": {}
          },
          "position": {}
        },
        "_1irb0HC0EDKe8u-dZY861g": {
          "key": "_1irb0HC0EDKe8u-dZY861g",
          "name": "user_name",
          "type": null,
          "probability": 1,
          "modifiers": [
            "private"
          ],
          "to_variable": {
            "key": "_yJJM0HC3EDKe8u-dZY861g",
            "name": "user_name",
            "type": null,
            "modifiers": [
              "private"
            ],
            "position": {}
          },
          "position": {}
        },
        "_2nFfIHC0EDKe8u-dZY861g": {
          "key": "_2nFfIHC0EDKe8u-dZY861g",
          "name": "password",
          "type": null,
          "probability": 1,
          "modifiers": [
            "private"
          ],
          "to_variable": {
            "key": "_y9TNoHC3EDKe8u-dZY861g",
            "name": "password",
            "type": null,
            "modifiers": [
              "private"
            ],
            "position": {}
          },
          "position": {}
        }
      }
    }
  }
}