{
  "report_version": "unknown",
  "report_timestamp": "2025-03-26T22:00:30.548Z",
  "target_language": "java",
  "report_summary": {
    "additional": null,
    "amount_classes_or_interfaces_with_data_clumps": 2,
    "amount_files_with_data_clumps": 2,
    "amount_methods_with_data_clumps": 0,
    "fields_to_fields_data_clump": 2,
    "parameters_to_fields_data_clump": 0,
    "parameters_to_parameters_data_clump": 0,
    "amount_data_clumps": 2
  },
  "project_info": {
    "project_url": "unknown_project_url",
    "project_name": "_eUS6cDS-EeuxZMUIY-ihGw",
    "project_version": "unknown_project_version",
    "project_commit_hash": "unknown",
    "project_tag": null,
    "project_commit_date": null,
    "additional": {},
    "number_of_files": 7,
    "number_of_classes_or_interfaces": 7,
    "number_of_methods": 1,
    "number_of_data_fields": 42,
    "number_of_method_parameters": 0
  },
  "detector": {
    "name": "data-clumps-doctor",
    "url": "https://github.com/NilsBaumgartner1994/data-clumps-doctor",
    "version": "0.1.100",
    "options": {
      "typeVariablesConsidered": false,
      "similarityModifierOfVariablesWithUnknownType": 0,
      "fieldsOfClassesWithUnknownHierarchyProbabilityModifier": 0,
      "sharedFieldsToFieldsAmountMinimum": 3,
      "analyseFieldsInClassesOrInterfacesInheritedFromSuperClassesOrInterfaces": false,
      "sharedParametersToParametersAmountMinimum": 3,
      "sharedParametersToFieldsAmountMinimum": 3,
      "methodsOfClassesOrInterfacesWithUnknownHierarchyProbabilityModifier": 0
    }
  },
  "data_clumps": {
    "fields_to_fields_data_clump-./Cotización-_eWn2EDS-EeuxZMUIY-ihGw-_eWn2GDS-EeuxZMUIY-ihGw-idcamaraDeComercioRUTdocumentonumeroUnicofecha": {
      "type": "data_clump",
      "key": "fields_to_fields_data_clump-./Cotización-_eWn2EDS-EeuxZMUIY-ihGw-_eWn2GDS-EeuxZMUIY-ihGw-idcamaraDeComercioRUTdocumentonumeroUnicofecha",
      "probability": 1,
      "from_file_path": "./Cotización",
      "from_class_or_interface_name": "Cotización",
      "from_class_or_interface_key": "_eWn2EDS-EeuxZMUIY-ihGw",
      "from_method_name": null,
      "from_method_key": null,
      "to_file_path": "./Empresa",
      "to_class_or_interface_key": "_eWn2GDS-EeuxZMUIY-ihGw",
      "to_class_or_interface_name": "Cotización",
      "to_method_key": null,
      "to_method_name": null,
      "data_clump_type": "fields_to_fields_data_clump",
      "data_clump_data": {
        "_eWn2EjS-EeuxZMUIY-ihGw": {
          "key": "_eWn2EjS-EeuxZMUIY-ihGw",
          "name": "id",
          "type": null,
          "probability": 1,
          "modifiers": [],
          "to_variable": {
            "key": "_eWn2GjS-EeuxZMUIY-ihGw",
            "name": "id",
            "type": null,
            "modifiers": [],
            "position": {}
          },
          "position": {}
        },
        "_eWn2EzS-EeuxZMUIY-ihGw": {
          "key": "_eWn2EzS-EeuxZMUIY-ihGw",
          "name": "camaraDeComercio",
          "type": null,
          "probability": 1,
          "modifiers": [],
          "to_variable": {
            "key": "_eWn2GzS-EeuxZMUIY-ihGw",
            "name": "camaraDeComercio",
            "type": null,
            "modifiers": [],
            "position": {}
          },
          "position": {}
        },
        "_eWn2FDS-EeuxZMUIY-ihGw": {
          "key": "_eWn2FDS-EeuxZMUIY-ihGw",
          "name": "RUT",
          "type": null,
          "probability": 1,
          "modifiers": [],
          "to_variable": {
            "key": "_eWn2HDS-EeuxZMUIY-ihGw",
            "name": "RUT",
            "type": null,
            "modifiers": [],
            "position": {}
          },
          "position": {}
        },
        "_eWn2FTS-EeuxZMUIY-ihGw": {
          "key": "_eWn2FTS-EeuxZMUIY-ihGw",
          "name": "documento",
          "type": null,
          "probability": 1,
          "modifiers": [],
          "to_variable": {
            "key": "_eWn2HTS-EeuxZMUIY-ihGw",
            "name": "documento",
            "type": null,
            "modifiers": [],
            "position": {}
          },
          "position": {}
        },
        "_eWn2FjS-EeuxZMUIY-ihGw": {
          "key": "_eWn2FjS-EeuxZMUIY-ihGw",
          "name": "numeroUnico",
          "type": null,
          "probability": 1,
          "modifiers": [],
          "to_variable": {
            "key": "_eWn2HjS-EeuxZMUIY-ihGw",
            "name": "numeroUnico",
            "type": null,
            "modifiers": [],
            "position": {}
          },
          "position": {}
        },
        "_eWn2FzS-EeuxZMUIY-ihGw": {
          "key": "_eWn2FzS-EeuxZMUIY-ihGw",
          "name": "fecha",
          "type": null,
          "probability": 1,
          "modifiers": [],
          "to_variable": {
            "key": "_eWn2HzS-EeuxZMUIY-ihGw",
            "name": "fecha",
            "type": null,
            "modifiers": [],
            "position": {}
          },
          "position": {}
        }
      }
    },
    "fields_to_fields_data_clump-./Empresa-_eWn2GDS-EeuxZMUIY-ihGw-_eWn2EDS-EeuxZMUIY-ihGw-idcamaraDeComercioRUTdocumentonumeroUnicofecha": {
      "type": "data_clump",
      "key": "fields_to_fields_data_clump-./Empresa-_eWn2GDS-EeuxZMUIY-ihGw-_eWn2EDS-EeuxZMUIY-ihGw-idcamaraDeComercioRUTdocumentonumeroUnicofecha",
      "probability": 1,
      "from_file_path": "./Empresa",
      "from_class_or_interface_name": "Empresa",
      "from_class_or_interface_key": "_eWn2GDS-EeuxZMUIY-ihGw",
      "from_method_name": null,
      "from_method_key": null,
      "to_file_path": "./Cotización",
      "to_class_or_interface_key": "_eWn2EDS-EeuxZMUIY-ihGw",
      "to_class_or_interface_name": "Empresa",
      "to_method_key": null,
      "to_method_name": null,
      "data_clump_type": "fields_to_fields_data_clump",
      "data_clump_data": {
        "_eWn2GjS-EeuxZMUIY-ihGw": {
          "key": "_eWn2GjS-EeuxZMUIY-ihGw",
          "name": "id",
          "type": null,
          "probability": 1,
          "modifiers": [],
          "to_variable": {
            "key": "_eWn2EjS-EeuxZMUIY-ihGw",
            "name": "id",
            "type": null,
            "modifiers": [],
            "position": {}
          },
          "position": {}
        },
        "_eWn2GzS-EeuxZMUIY-ihGw": {
          "key": "_eWn2GzS-EeuxZMUIY-ihGw",
          "name": "camaraDeComercio",
          "type": null,
          "probability": 1,
          "modifiers": [],
          "to_variable": {
            "key": "_eWn2EzS-EeuxZMUIY-ihGw",
            "name": "camaraDeComercio",
            "type": null,
            "modifiers": [],
            "position": {}
          },
          "position": {}
        },
        "_eWn2HDS-EeuxZMUIY-ihGw": {
          "key": "_eWn2HDS-EeuxZMUIY-ihGw",
          "name": "RUT",
          "type": null,
          "probability": 1,
          "modifiers": [],
          "to_variable": {
            "key": "_eWn2FDS-EeuxZMUIY-ihGw",
            "name": "RUT",
            "type": null,
            "modifiers": [],
            "position": {}
          },
          "position": {}
        },
        "_eWn2HTS-EeuxZMUIY-ihGw": {
          "key": "_eWn2HTS-EeuxZMUIY-ihGw",
          "name": "documento",
          "type": null,
          "probability": 1,
          "modifiers": [],
          "to_variable": {
            "key": "_eWn2FTS-EeuxZMUIY-ihGw",
            "name": "documento",
            "type": null,
            "modifiers": [],
            "position": {}
          },
          "position": {}
        },
        "_eWn2HjS-EeuxZMUIY-ihGw": {
          "key": "_eWn2HjS-EeuxZMUIY-ihGw",
          "name": "numeroUnico",
          "type": null,
          "probability": 1,
          "modifiers": [],
          "to_variable": {
            "key": "_eWn2FjS-EeuxZMUIY-ihGw",
            "name": "numeroUnico",
            "type": null,
            "modifiers": [],
            "position": {}
          },
          "position": {}
        },
        "_eWn2HzS-EeuxZMUIY-ihGw": {
          "key": "_eWn2HzS-EeuxZMUIY-ihGw",
          "name": "fecha",
          "type": null,
          "probability": 1,
          "modifiers": [],
          "to_variable": {
            "key": "_eWn2FzS-EeuxZMUIY-ihGw",
            "name": "fecha",
            "type": null,
            "modifiers": [],
            "position": {}
          },
          "position": {}
        }
      }
    }
  }
}