{
  "report_version": "unknown",
  "report_timestamp": "2025-03-26T23:09:25.227Z",
  "target_language": "java",
  "report_summary": {
    "additional": null,
    "amount_classes_or_interfaces_with_data_clumps": 5,
    "amount_files_with_data_clumps": 5,
    "amount_methods_with_data_clumps": 2,
    "fields_to_fields_data_clump": 6,
    "parameters_to_fields_data_clump": 0,
    "parameters_to_parameters_data_clump": 2,
    "amount_data_clumps": 8
  },
  "project_info": {
    "project_url": "unknown_project_url",
    "project_name": "_gPu9oIGGEeSTZuCgwhAh2A",
    "project_version": "unknown_project_version",
    "project_commit_hash": "unknown",
    "project_tag": null,
    "project_commit_date": null,
    "additional": {},
    "number_of_files": 23,
    "number_of_classes_or_interfaces": 23,
    "number_of_methods": 55,
    "number_of_data_fields": 56,
    "number_of_method_parameters": 46
  },
  "detector": {
    "name": "data-clumps-doctor",
    "url": "https://github.com/NilsBaumgartner1994/data-clumps-doctor",
    "version": "0.1.100",
    "options": {
      "typeVariablesConsidered": false,
      "similarityModifierOfVariablesWithUnknownType": 0,
      "fieldsOfClassesWithUnknownHierarchyProbabilityModifier": 0,
      "sharedFieldsToFieldsAmountMinimum": 3,
      "analyseFieldsInClassesOrInterfacesInheritedFromSuperClassesOrInterfaces": false,
      "sharedParametersToParametersAmountMinimum": 3,
      "sharedParametersToFieldsAmountMinimum": 3,
      "methodsOfClassesOrInterfacesWithUnknownHierarchyProbabilityModifier": 0
    }
  },
  "data_clumps": {
    "parameters_to_parameters_data_clump-./Screening-_hDlc64GGEeSrRf_a5ZhQ7Q-_hDmD74GGEeSrRf_a5ZhQ7Q-xyavailable": {
      "type": "data_clump",
      "key": "parameters_to_parameters_data_clump-./Screening-_hDlc64GGEeSrRf_a5ZhQ7Q-_hDmD74GGEeSrRf_a5ZhQ7Q-xyavailable",
      "probability": 1,
      "from_file_path": "./Screening",
      "from_class_or_interface_name": "Screening",
      "from_class_or_interface_key": "_hDlcqoGGEeSrRf_a5ZhQ7Q",
      "from_method_name": "setSeatAvailable",
      "from_method_key": "_hDlc64GGEeSrRf_a5ZhQ7Q",
      "to_file_path": "./Seat",
      "to_class_or_interface_name": "Seat",
      "to_class_or_interface_key": "_hDmDv4GGEeSrRf_a5ZhQ7Q",
      "to_method_name": "Seat",
      "to_method_key": "_hDmD74GGEeSrRf_a5ZhQ7Q",
      "data_clump_type": "parameters_to_parameters_data_clump",
      "data_clump_data": {
        "_hDldAoGGEeSrRf_a5ZhQ7Q": {
          "key": "_hDldAoGGEeSrRf_a5ZhQ7Q",
          "name": "x",
          "type": null,
          "probability": 1,
          "modifiers": [],
          "to_variable": {
            "key": "_hDmECYGGEeSrRf_a5ZhQ7Q",
            "name": "x",
            "type": null,
            "modifiers": [],
            "position": {}
          },
          "position": {}
        },
        "_hDldBYGGEeSrRf_a5ZhQ7Q": {
          "key": "_hDldBYGGEeSrRf_a5ZhQ7Q",
          "name": "y",
          "type": null,
          "probability": 1,
          "modifiers": [],
          "to_variable": {
            "key": "_hDmEDIGGEeSrRf_a5ZhQ7Q",
            "name": "y",
            "type": null,
            "modifiers": [],
            "position": {}
          },
          "position": {}
        },
        "_hDldCIGGEeSrRf_a5ZhQ7Q": {
          "key": "_hDldCIGGEeSrRf_a5ZhQ7Q",
          "name": "available",
          "type": null,
          "probability": 1,
          "modifiers": [],
          "to_variable": {
            "key": "_hDmED4GGEeSrRf_a5ZhQ7Q",
            "name": "available",
            "type": null,
            "modifiers": [],
            "position": {}
          },
          "position": {}
        }
      }
    },
    "parameters_to_parameters_data_clump-./Seat-_hDmD74GGEeSrRf_a5ZhQ7Q-_hDlc64GGEeSrRf_a5ZhQ7Q-xyavailable": {
      "type": "data_clump",
      "key": "parameters_to_parameters_data_clump-./Seat-_hDmD74GGEeSrRf_a5ZhQ7Q-_hDlc64GGEeSrRf_a5ZhQ7Q-xyavailable",
      "probability": 1,
      "from_file_path": "./Seat",
      "from_class_or_interface_name": "Seat",
      "from_class_or_interface_key": "_hDmDv4GGEeSrRf_a5ZhQ7Q",
      "from_method_name": "Seat",
      "from_method_key": "_hDmD74GGEeSrRf_a5ZhQ7Q",
      "to_file_path": "./Screening",
      "to_class_or_interface_name": "Screening",
      "to_class_or_interface_key": "_hDlcqoGGEeSrRf_a5ZhQ7Q",
      "to_method_name": "setSeatAvailable",
      "to_method_key": "_hDlc64GGEeSrRf_a5ZhQ7Q",
      "data_clump_type": "parameters_to_parameters_data_clump",
      "data_clump_data": {
        "_hDmECYGGEeSrRf_a5ZhQ7Q": {
          "key": "_hDmECYGGEeSrRf_a5ZhQ7Q",
          "name": "x",
          "type": null,
          "probability": 1,
          "modifiers": [],
          "to_variable": {
            "key": "_hDldAoGGEeSrRf_a5ZhQ7Q",
            "name": "x",
            "type": null,
            "modifiers": [],
            "position": {}
          },
          "position": {}
        },
        "_hDmEDIGGEeSrRf_a5ZhQ7Q": {
          "key": "_hDmEDIGGEeSrRf_a5ZhQ7Q",
          "name": "y",
          "type": null,
          "probability": 1,
          "modifiers": [],
          "to_variable": {
            "key": "_hDldBYGGEeSrRf_a5ZhQ7Q",
            "name": "y",
            "type": null,
            "modifiers": [],
            "position": {}
          },
          "position": {}
        },
        "_hDmED4GGEeSrRf_a5ZhQ7Q": {
          "key": "_hDmED4GGEeSrRf_a5ZhQ7Q",
          "name": "available",
          "type": null,
          "probability": 1,
          "modifiers": [],
          "to_variable": {
            "key": "_hDldCIGGEeSrRf_a5ZhQ7Q",
            "name": "available",
            "type": null,
            "modifiers": [],
            "position": {}
          },
          "position": {}
        }
      }
    },
    "fields_to_fields_data_clump-./EditScreeningDialog-_hDmq9YGGEeSrRf_a5ZhQ7Q-_hDnR1IGGEeSrRf_a5ZhQ7Q-jButtonCanceljLabel1jLabelTitlejSeparator1jTextFieldKey": {
      "type": "data_clump",
      "key": "fields_to_fields_data_clump-./EditScreeningDialog-_hDmq9YGGEeSrRf_a5ZhQ7Q-_hDnR1IGGEeSrRf_a5ZhQ7Q-jButtonCanceljLabel1jLabelTitlejSeparator1jTextFieldKey",
      "probability": 1,
      "from_file_path": "./EditScreeningDialog",
      "from_class_or_interface_name": "EditScreeningDialog",
      "from_class_or_interface_key": "_hDmq9YGGEeSrRf_a5ZhQ7Q",
      "from_method_name": null,
      "from_method_key": null,
      "to_file_path": "./LoadScreeningDialog",
      "to_class_or_interface_key": "_hDnR1IGGEeSrRf_a5ZhQ7Q",
      "to_class_or_interface_name": "EditScreeningDialog",
      "to_method_key": null,
      "to_method_name": null,
      "data_clump_type": "fields_to_fields_data_clump",
      "data_clump_data": {
        "_hDmq_4GGEeSrRf_a5ZhQ7Q": {
          "key": "_hDmq_4GGEeSrRf_a5ZhQ7Q",
          "name": "jButtonCancel",
          "type": null,
          "probability": 1,
          "modifiers": [
            "public"
          ],
          "to_variable": {
            "key": "_hDnR24GGEeSrRf_a5ZhQ7Q",
            "name": "jButtonCancel",
            "type": null,
            "modifiers": [
              "public"
            ],
            "position": {}
          },
          "position": {}
        },
        "_hDmrAoGGEeSrRf_a5ZhQ7Q": {
          "key": "_hDmrAoGGEeSrRf_a5ZhQ7Q",
          "name": "jLabel1",
          "type": null,
          "probability": 1,
          "modifiers": [
            "public"
          ],
          "to_variable": {
            "key": "_hDnR4YGGEeSrRf_a5ZhQ7Q",
            "name": "jLabel1",
            "type": null,
            "modifiers": [
              "public"
            ],
            "position": {}
          },
          "position": {}
        },
        "_hDmrCIGGEeSrRf_a5ZhQ7Q": {
          "key": "_hDmrCIGGEeSrRf_a5ZhQ7Q",
          "name": "jLabelTitle",
          "type": null,
          "probability": 1,
          "modifiers": [
            "public"
          ],
          "to_variable": {
            "key": "_hDnR5IGGEeSrRf_a5ZhQ7Q",
            "name": "jLabelTitle",
            "type": null,
            "modifiers": [
              "public"
            ],
            "position": {}
          },
          "position": {}
        },
        "_hDmrC4GGEeSrRf_a5ZhQ7Q": {
          "key": "_hDmrC4GGEeSrRf_a5ZhQ7Q",
          "name": "jSeparator1",
          "type": null,
          "probability": 1,
          "modifiers": [
            "public"
          ],
          "to_variable": {
            "key": "_hDnR54GGEeSrRf_a5ZhQ7Q",
            "name": "jSeparator1",
            "type": null,
            "modifiers": [
              "public"
            ],
            "position": {}
          },
          "position": {}
        },
        "_hDmrDoGGEeSrRf_a5ZhQ7Q": {
          "key": "_hDmrDoGGEeSrRf_a5ZhQ7Q",
          "name": "jTextFieldKey",
          "type": null,
          "probability": 1,
          "modifiers": [
            "public"
          ],
          "to_variable": {
            "key": "_hDnR6oGGEeSrRf_a5ZhQ7Q",
            "name": "jTextFieldKey",
            "type": null,
            "modifiers": [
              "public"
            ],
            "position": {}
          },
          "position": {}
        }
      }
    },
    "fields_to_fields_data_clump-./EditScreeningDialog-_hDmq9YGGEeSrRf_a5ZhQ7Q-_hDn43IGGEeSrRf_a5ZhQ7Q-jButtonCanceljLabel1jLabelScreeningNamejLabelTitlejSeparator1jTextFieldKeyjTextFieldName": {
      "type": "data_clump",
      "key": "fields_to_fields_data_clump-./EditScreeningDialog-_hDmq9YGGEeSrRf_a5ZhQ7Q-_hDn43IGGEeSrRf_a5ZhQ7Q-jButtonCanceljLabel1jLabelScreeningNamejLabelTitlejSeparator1jTextFieldKeyjTextFieldName",
      "probability": 1,
      "from_file_path": "./EditScreeningDialog",
      "from_class_or_interface_name": "EditScreeningDialog",
      "from_class_or_interface_key": "_hDmq9YGGEeSrRf_a5ZhQ7Q",
      "from_method_name": null,
      "from_method_key": null,
      "to_file_path": "./RegisterScreeningDialog",
      "to_class_or_interface_key": "_hDn43IGGEeSrRf_a5ZhQ7Q",
      "to_class_or_interface_name": "EditScreeningDialog",
      "to_method_key": null,
      "to_method_name": null,
      "data_clump_type": "fields_to_fields_data_clump",
      "data_clump_data": {
        "_hDmq_4GGEeSrRf_a5ZhQ7Q": {
          "key": "_hDmq_4GGEeSrRf_a5ZhQ7Q",
          "name": "jButtonCancel",
          "type": null,
          "probability": 1,
          "modifiers": [
            "public"
          ],
          "to_variable": {
            "key": "_hDn444GGEeSrRf_a5ZhQ7Q",
            "name": "jButtonCancel",
            "type": null,
            "modifiers": [
              "public"
            ],
            "position": {}
          },
          "position": {}
        },
        "_hDmrAoGGEeSrRf_a5ZhQ7Q": {
          "key": "_hDmrAoGGEeSrRf_a5ZhQ7Q",
          "name": "jLabel1",
          "type": null,
          "probability": 1,
          "modifiers": [
            "public"
          ],
          "to_variable": {
            "key": "_hDn46YGGEeSrRf_a5ZhQ7Q",
            "name": "jLabel1",
            "type": null,
            "modifiers": [
              "public"
            ],
            "position": {}
          },
          "position": {}
        },
        "_hDmrBYGGEeSrRf_a5ZhQ7Q": {
          "key": "_hDmrBYGGEeSrRf_a5ZhQ7Q",
          "name": "jLabelScreeningName",
          "type": null,
          "probability": 1,
          "modifiers": [
            "public"
          ],
          "to_variable": {
            "key": "_hDn47IGGEeSrRf_a5ZhQ7Q",
            "name": "jLabelScreeningName",
            "type": null,
            "modifiers": [
              "public"
            ],
            "position": {}
          },
          "position": {}
        },
        "_hDmrCIGGEeSrRf_a5ZhQ7Q": {
          "key": "_hDmrCIGGEeSrRf_a5ZhQ7Q",
          "name": "jLabelTitle",
          "type": null,
          "probability": 1,
          "modifiers": [
            "public"
          ],
          "to_variable": {
            "key": "_hDn474GGEeSrRf_a5ZhQ7Q",
            "name": "jLabelTitle",
            "type": null,
            "modifiers": [
              "public"
            ],
            "position": {}
          },
          "position": {}
        },
        "_hDmrC4GGEeSrRf_a5ZhQ7Q": {
          "key": "_hDmrC4GGEeSrRf_a5ZhQ7Q",
          "name": "jSeparator1",
          "type": null,
          "probability": 1,
          "modifiers": [
            "public"
          ],
          "to_variable": {
            "key": "_hDn48oGGEeSrRf_a5ZhQ7Q",
            "name": "jSeparator1",
            "type": null,
            "modifiers": [
              "public"
            ],
            "position": {}
          },
          "position": {}
        },
        "_hDmrDoGGEeSrRf_a5ZhQ7Q": {
          "key": "_hDmrDoGGEeSrRf_a5ZhQ7Q",
          "name": "jTextFieldKey",
          "type": null,
          "probability": 1,
          "modifiers": [
            "public"
          ],
          "to_variable": {
            "key": "_hDn49YGGEeSrRf_a5ZhQ7Q",
            "name": "jTextFieldKey",
            "type": null,
            "modifiers": [
              "public"
            ],
            "position": {}
          },
          "position": {}
        },
        "_hDmrEYGGEeSrRf_a5ZhQ7Q": {
          "key": "_hDmrEYGGEeSrRf_a5ZhQ7Q",
          "name": "jTextFieldName",
          "type": null,
          "probability": 1,
          "modifiers": [
            "public"
          ],
          "to_variable": {
            "key": "_hDn4-IGGEeSrRf_a5ZhQ7Q",
            "name": "jTextFieldName",
            "type": null,
            "modifiers": [
              "public"
            ],
            "position": {}
          },
          "position": {}
        }
      }
    },
    "fields_to_fields_data_clump-./LoadScreeningDialog-_hDnR1IGGEeSrRf_a5ZhQ7Q-_hDmq9YGGEeSrRf_a5ZhQ7Q-jButtonCanceljLabel1jLabelTitlejSeparator1jTextFieldKey": {
      "type": "data_clump",
      "key": "fields_to_fields_data_clump-./LoadScreeningDialog-_hDnR1IGGEeSrRf_a5ZhQ7Q-_hDmq9YGGEeSrRf_a5ZhQ7Q-jButtonCanceljLabel1jLabelTitlejSeparator1jTextFieldKey",
      "probability": 1,
      "from_file_path": "./LoadScreeningDialog",
      "from_class_or_interface_name": "LoadScreeningDialog",
      "from_class_or_interface_key": "_hDnR1IGGEeSrRf_a5ZhQ7Q",
      "from_method_name": null,
      "from_method_key": null,
      "to_file_path": "./EditScreeningDialog",
      "to_class_or_interface_key": "_hDmq9YGGEeSrRf_a5ZhQ7Q",
      "to_class_or_interface_name": "LoadScreeningDialog",
      "to_method_key": null,
      "to_method_name": null,
      "data_clump_type": "fields_to_fields_data_clump",
      "data_clump_data": {
        "_hDnR24GGEeSrRf_a5ZhQ7Q": {
          "key": "_hDnR24GGEeSrRf_a5ZhQ7Q",
          "name": "jButtonCancel",
          "type": null,
          "probability": 1,
          "modifiers": [
            "public"
          ],
          "to_variable": {
            "key": "_hDmq_4GGEeSrRf_a5ZhQ7Q",
            "name": "jButtonCancel",
            "type": null,
            "modifiers": [
              "public"
            ],
            "position": {}
          },
          "position": {}
        },
        "_hDnR4YGGEeSrRf_a5ZhQ7Q": {
          "key": "_hDnR4YGGEeSrRf_a5ZhQ7Q",
          "name": "jLabel1",
          "type": null,
          "probability": 1,
          "modifiers": [
            "public"
          ],
          "to_variable": {
            "key": "_hDmrAoGGEeSrRf_a5ZhQ7Q",
            "name": "jLabel1",
            "type": null,
            "modifiers": [
              "public"
            ],
            "position": {}
          },
          "position": {}
        },
        "_hDnR5IGGEeSrRf_a5ZhQ7Q": {
          "key": "_hDnR5IGGEeSrRf_a5ZhQ7Q",
          "name": "jLabelTitle",
          "type": null,
          "probability": 1,
          "modifiers": [
            "public"
          ],
          "to_variable": {
            "key": "_hDmrCIGGEeSrRf_a5ZhQ7Q",
            "name": "jLabelTitle",
            "type": null,
            "modifiers": [
              "public"
            ],
            "position": {}
          },
          "position": {}
        },
        "_hDnR54GGEeSrRf_a5ZhQ7Q": {
          "key": "_hDnR54GGEeSrRf_a5ZhQ7Q",
          "name": "jSeparator1",
          "type": null,
          "probability": 1,
          "modifiers": [
            "public"
          ],
          "to_variable": {
            "key": "_hDmrC4GGEeSrRf_a5ZhQ7Q",
            "name": "jSeparator1",
            "type": null,
            "modifiers": [
              "public"
            ],
            "position": {}
          },
          "position": {}
        },
        "_hDnR6oGGEeSrRf_a5ZhQ7Q": {
          "key": "_hDnR6oGGEeSrRf_a5ZhQ7Q",
          "name": "jTextFieldKey",
          "type": null,
          "probability": 1,
          "modifiers": [
            "public"
          ],
          "to_variable": {
            "key": "_hDmrDoGGEeSrRf_a5ZhQ7Q",
            "name": "jTextFieldKey",
            "type": null,
            "modifiers": [
              "public"
            ],
            "position": {}
          },
          "position": {}
        }
      }
    },
    "fields_to_fields_data_clump-./LoadScreeningDialog-_hDnR1IGGEeSrRf_a5ZhQ7Q-_hDn43IGGEeSrRf_a5ZhQ7Q-jButtonCanceljLabel1jLabelTitlejSeparator1jTextFieldKey": {
      "type": "data_clump",
      "key": "fields_to_fields_data_clump-./LoadScreeningDialog-_hDnR1IGGEeSrRf_a5ZhQ7Q-_hDn43IGGEeSrRf_a5ZhQ7Q-jButtonCanceljLabel1jLabelTitlejSeparator1jTextFieldKey",
      "probability": 1,
      "from_file_path": "./LoadScreeningDialog",
      "from_class_or_interface_name": "LoadScreeningDialog",
      "from_class_or_interface_key": "_hDnR1IGGEeSrRf_a5ZhQ7Q",
      "from_method_name": null,
      "from_method_key": null,
      "to_file_path": "./RegisterScreeningDialog",
      "to_class_or_interface_key": "_hDn43IGGEeSrRf_a5ZhQ7Q",
      "to_class_or_interface_name": "LoadScreeningDialog",
      "to_method_key": null,
      "to_method_name": null,
      "data_clump_type": "fields_to_fields_data_clump",
      "data_clump_data": {
        "_hDnR24GGEeSrRf_a5ZhQ7Q": {
          "key": "_hDnR24GGEeSrRf_a5ZhQ7Q",
          "name": "jButtonCancel",
          "type": null,
          "probability": 1,
          "modifiers": [
            "public"
          ],
          "to_variable": {
            "key": "_hDn444GGEeSrRf_a5ZhQ7Q",
            "name": "jButtonCancel",
            "type": null,
            "modifiers": [
              "public"
            ],
            "position": {}
          },
          "position": {}
        },
        "_hDnR4YGGEeSrRf_a5ZhQ7Q": {
          "key": "_hDnR4YGGEeSrRf_a5ZhQ7Q",
          "name": "jLabel1",
          "type": null,
          "probability": 1,
          "modifiers": [
            "public"
          ],
          "to_variable": {
            "key": "_hDn46YGGEeSrRf_a5ZhQ7Q",
            "name": "jLabel1",
            "type": null,
            "modifiers": [
              "public"
            ],
            "position": {}
          },
          "position": {}
        },
        "_hDnR5IGGEeSrRf_a5ZhQ7Q": {
          "key": "_hDnR5IGGEeSrRf_a5ZhQ7Q",
          "name": "jLabelTitle",
          "type": null,
          "probability": 1,
          "modifiers": [
            "public"
          ],
          "to_variable": {
            "key": "_hDn474GGEeSrRf_a5ZhQ7Q",
            "name": "jLabelTitle",
            "type": null,
            "modifiers": [
              "public"
            ],
            "position": {}
          },
          "position": {}
        },
        "_hDnR54GGEeSrRf_a5ZhQ7Q": {
          "key": "_hDnR54GGEeSrRf_a5ZhQ7Q",
          "name": "jSeparator1",
          "type": null,
          "probability": 1,
          "modifiers": [
            "public"
          ],
          "to_variable": {
            "key": "_hDn48oGGEeSrRf_a5ZhQ7Q",
            "name": "jSeparator1",
            "type": null,
            "modifiers": [
              "public"
            ],
            "position": {}
          },
          "position": {}
        },
        "_hDnR6oGGEeSrRf_a5ZhQ7Q": {
          "key": "_hDnR6oGGEeSrRf_a5ZhQ7Q",
          "name": "jTextFieldKey",
          "type": null,
          "probability": 1,
          "modifiers": [
            "public"
          ],
          "to_variable": {
            "key": "_hDn49YGGEeSrRf_a5ZhQ7Q",
            "name": "jTextFieldKey",
            "type": null,
            "modifiers": [
              "public"
            ],
            "position": {}
          },
          "position": {}
        }
      }
    },
    "fields_to_fields_data_clump-./RegisterScreeningDialog-_hDn43IGGEeSrRf_a5ZhQ7Q-_hDmq9YGGEeSrRf_a5ZhQ7Q-jButtonCanceljLabel1jLabelScreeningNamejLabelTitlejSeparator1jTextFieldKeyjTextFieldName": {
      "type": "data_clump",
      "key": "fields_to_fields_data_clump-./RegisterScreeningDialog-_hDn43IGGEeSrRf_a5ZhQ7Q-_hDmq9YGGEeSrRf_a5ZhQ7Q-jButtonCanceljLabel1jLabelScreeningNamejLabelTitlejSeparator1jTextFieldKeyjTextFieldName",
      "probability": 1,
      "from_file_path": "./RegisterScreeningDialog",
      "from_class_or_interface_name": "RegisterScreeningDialog",
      "from_class_or_interface_key": "_hDn43IGGEeSrRf_a5ZhQ7Q",
      "from_method_name": null,
      "from_method_key": null,
      "to_file_path": "./EditScreeningDialog",
      "to_class_or_interface_key": "_hDmq9YGGEeSrRf_a5ZhQ7Q",
      "to_class_or_interface_name": "RegisterScreeningDialog",
      "to_method_key": null,
      "to_method_name": null,
      "data_clump_type": "fields_to_fields_data_clump",
      "data_clump_data": {
        "_hDn444GGEeSrRf_a5ZhQ7Q": {
          "key": "_hDn444GGEeSrRf_a5ZhQ7Q",
          "name": "jButtonCancel",
          "type": null,
          "probability": 1,
          "modifiers": [
            "public"
          ],
          "to_variable": {
            "key": "_hDmq_4GGEeSrRf_a5ZhQ7Q",
            "name": "jButtonCancel",
            "type": null,
            "modifiers": [
              "public"
            ],
            "position": {}
          },
          "position": {}
        },
        "_hDn46YGGEeSrRf_a5ZhQ7Q": {
          "key": "_hDn46YGGEeSrRf_a5ZhQ7Q",
          "name": "jLabel1",
          "type": null,
          "probability": 1,
          "modifiers": [
            "public"
          ],
          "to_variable": {
            "key": "_hDmrAoGGEeSrRf_a5ZhQ7Q",
            "name": "jLabel1",
            "type": null,
            "modifiers": [
              "public"
            ],
            "position": {}
          },
          "position": {}
        },
        "_hDn47IGGEeSrRf_a5ZhQ7Q": {
          "key": "_hDn47IGGEeSrRf_a5ZhQ7Q",
          "name": "jLabelScreeningName",
          "type": null,
          "probability": 1,
          "modifiers": [
            "public"
          ],
          "to_variable": {
            "key": "_hDmrBYGGEeSrRf_a5ZhQ7Q",
            "name": "jLabelScreeningName",
            "type": null,
            "modifiers": [
              "public"
            ],
            "position": {}
          },
          "position": {}
        },
        "_hDn474GGEeSrRf_a5ZhQ7Q": {
          "key": "_hDn474GGEeSrRf_a5ZhQ7Q",
          "name": "jLabelTitle",
          "type": null,
          "probability": 1,
          "modifiers": [
            "public"
          ],
          "to_variable": {
            "key": "_hDmrCIGGEeSrRf_a5ZhQ7Q",
            "name": "jLabelTitle",
            "type": null,
            "modifiers": [
              "public"
            ],
            "position": {}
          },
          "position": {}
        },
        "_hDn48oGGEeSrRf_a5ZhQ7Q": {
          "key": "_hDn48oGGEeSrRf_a5ZhQ7Q",
          "name": "jSeparator1",
          "type": null,
          "probability": 1,
          "modifiers": [
            "public"
          ],
          "to_variable": {
            "key": "_hDmrC4GGEeSrRf_a5ZhQ7Q",
            "name": "jSeparator1",
            "type": null,
            "modifiers": [
              "public"
            ],
            "position": {}
          },
          "position": {}
        },
        "_hDn49YGGEeSrRf_a5ZhQ7Q": {
          "key": "_hDn49YGGEeSrRf_a5ZhQ7Q",
          "name": "jTextFieldKey",
          "type": null,
          "probability": 1,
          "modifiers": [
            "public"
          ],
          "to_variable": {
            "key": "_hDmrDoGGEeSrRf_a5ZhQ7Q",
            "name": "jTextFieldKey",
            "type": null,
            "modifiers": [
              "public"
            ],
            "position": {}
          },
          "position": {}
        },
        "_hDn4-IGGEeSrRf_a5ZhQ7Q": {
          "key": "_hDn4-IGGEeSrRf_a5ZhQ7Q",
          "name": "jTextFieldName",
          "type": null,
          "probability": 1,
          "modifiers": [
            "public"
          ],
          "to_variable": {
            "key": "_hDmrEYGGEeSrRf_a5ZhQ7Q",
            "name": "jTextFieldName",
            "type": null,
            "modifiers": [
              "public"
            ],
            "position": {}
          },
          "position": {}
        }
      }
    },
    "fields_to_fields_data_clump-./RegisterScreeningDialog-_hDn43IGGEeSrRf_a5ZhQ7Q-_hDnR1IGGEeSrRf_a5ZhQ7Q-jButtonCanceljLabel1jLabelTitlejSeparator1jTextFieldKey": {
      "type": "data_clump",
      "key": "fields_to_fields_data_clump-./RegisterScreeningDialog-_hDn43IGGEeSrRf_a5ZhQ7Q-_hDnR1IGGEeSrRf_a5ZhQ7Q-jButtonCanceljLabel1jLabelTitlejSeparator1jTextFieldKey",
      "probability": 1,
      "from_file_path": "./RegisterScreeningDialog",
      "from_class_or_interface_name": "RegisterScreeningDialog",
      "from_class_or_interface_key": "_hDn43IGGEeSrRf_a5ZhQ7Q",
      "from_method_name": null,
      "from_method_key": null,
      "to_file_path": "./LoadScreeningDialog",
      "to_class_or_interface_key": "_hDnR1IGGEeSrRf_a5ZhQ7Q",
      "to_class_or_interface_name": "RegisterScreeningDialog",
      "to_method_key": null,
      "to_method_name": null,
      "data_clump_type": "fields_to_fields_data_clump",
      "data_clump_data": {
        "_hDn444GGEeSrRf_a5ZhQ7Q": {
          "key": "_hDn444GGEeSrRf_a5ZhQ7Q",
          "name": "jButtonCancel",
          "type": null,
          "probability": 1,
          "modifiers": [
            "public"
          ],
          "to_variable": {
            "key": "_hDnR24GGEeSrRf_a5ZhQ7Q",
            "name": "jButtonCancel",
            "type": null,
            "modifiers": [
              "public"
            ],
            "position": {}
          },
          "position": {}
        },
        "_hDn46YGGEeSrRf_a5ZhQ7Q": {
          "key": "_hDn46YGGEeSrRf_a5ZhQ7Q",
          "name": "jLabel1",
          "type": null,
          "probability": 1,
          "modifiers": [
            "public"
          ],
          "to_variable": {
            "key": "_hDnR4YGGEeSrRf_a5ZhQ7Q",
            "name": "jLabel1",
            "type": null,
            "modifiers": [
              "public"
            ],
            "position": {}
          },
          "position": {}
        },
        "_hDn474GGEeSrRf_a5ZhQ7Q": {
          "key": "_hDn474GGEeSrRf_a5ZhQ7Q",
          "name": "jLabelTitle",
          "type": null,
          "probability": 1,
          "modifiers": [
            "public"
          ],
          "to_variable": {
            "key": "_hDnR5IGGEeSrRf_a5ZhQ7Q",
            "name": "jLabelTitle",
            "type": null,
            "modifiers": [
              "public"
            ],
            "position": {}
          },
          "position": {}
        },
        "_hDn48oGGEeSrRf_a5ZhQ7Q": {
          "key": "_hDn48oGGEeSrRf_a5ZhQ7Q",
          "name": "jSeparator1",
          "type": null,
          "probability": 1,
          "modifiers": [
            "public"
          ],
          "to_variable": {
            "key": "_hDnR54GGEeSrRf_a5ZhQ7Q",
            "name": "jSeparator1",
            "type": null,
            "modifiers": [
              "public"
            ],
            "position": {}
          },
          "position": {}
        },
        "_hDn49YGGEeSrRf_a5ZhQ7Q": {
          "key": "_hDn49YGGEeSrRf_a5ZhQ7Q",
          "name": "jTextFieldKey",
          "type": null,
          "probability": 1,
          "modifiers": [
            "public"
          ],
          "to_variable": {
            "key": "_hDnR6oGGEeSrRf_a5ZhQ7Q",
            "name": "jTextFieldKey",
            "type": null,
            "modifiers": [
              "public"
            ],
            "position": {}
          },
          "position": {}
        }
      }
    }
  }
}