{
  "report_version": "unknown",
  "report_timestamp": "2025-03-26T23:08:53.718Z",
  "target_language": "java",
  "report_summary": {
    "additional": null,
    "amount_classes_or_interfaces_with_data_clumps": 3,
    "amount_files_with_data_clumps": 3,
    "amount_methods_with_data_clumps": 0,
    "fields_to_fields_data_clump": 6,
    "parameters_to_fields_data_clump": 0,
    "parameters_to_parameters_data_clump": 0,
    "amount_data_clumps": 6
  },
  "project_info": {
    "project_url": "unknown_project_url",
    "project_name": "_YOl04AoMEDG-T-cPjuBPKA",
    "project_version": "unknown_project_version",
    "project_commit_hash": "unknown",
    "project_tag": null,
    "project_commit_date": null,
    "additional": {},
    "number_of_files": 13,
    "number_of_classes_or_interfaces": 13,
    "number_of_methods": 21,
    "number_of_data_fields": 52,
    "number_of_method_parameters": 0
  },
  "detector": {
    "name": "data-clumps-doctor",
    "url": "https://github.com/NilsBaumgartner1994/data-clumps-doctor",
    "version": "0.1.100",
    "options": {
      "typeVariablesConsidered": false,
      "similarityModifierOfVariablesWithUnknownType": 0,
      "fieldsOfClassesWithUnknownHierarchyProbabilityModifier": 0,
      "sharedFieldsToFieldsAmountMinimum": 3,
      "analyseFieldsInClassesOrInterfacesInheritedFromSuperClassesOrInterfaces": false,
      "sharedParametersToParametersAmountMinimum": 3,
      "sharedParametersToFieldsAmountMinimum": 3,
      "methodsOfClassesOrInterfacesWithUnknownHierarchyProbabilityModifier": 0
    }
  },
  "data_clumps": {
    "fields_to_fields_data_clump-./candidate_cand-_FTy80AoiEDGBlNiabBKJpA-_WN-bcAohEDGBlNiabBKJpA-namelast_nameemailemailOptionaltelephone": {
      "type": "data_clump",
      "key": "fields_to_fields_data_clump-./candidate_cand-_FTy80AoiEDGBlNiabBKJpA-_WN-bcAohEDGBlNiabBKJpA-namelast_nameemailemailOptionaltelephone",
      "probability": 1,
      "from_file_path": "./candidate_cand",
      "from_class_or_interface_name": "candidate_cand",
      "from_class_or_interface_key": "_FTy80AoiEDGBlNiabBKJpA",
      "from_method_name": null,
      "from_method_key": null,
      "to_file_path": "./reference_ref",
      "to_class_or_interface_key": "_WN-bcAohEDGBlNiabBKJpA",
      "to_class_or_interface_name": "candidate_cand",
      "to_method_key": null,
      "to_method_name": null,
      "data_clump_type": "fields_to_fields_data_clump",
      "data_clump_data": {
        "_HHhkQAoiEDGBlNiabBKJpA": {
          "key": "_HHhkQAoiEDGBlNiabBKJpA",
          "name": "name",
          "type": null,
          "probability": 1,
          "modifiers": [],
          "to_variable": {
            "key": "_YW7sAAohEDGBlNiabBKJpA",
            "name": "name",
            "type": null,
            "modifiers": [],
            "position": {}
          },
          "position": {}
        },
        "_IAmhUAoiEDGBlNiabBKJpA": {
          "key": "_IAmhUAoiEDGBlNiabBKJpA",
          "name": "last_name",
          "type": null,
          "probability": 1,
          "modifiers": [],
          "to_variable": {
            "key": "_aDbDAAohEDGBlNiabBKJpA",
            "name": "last_name",
            "type": null,
            "modifiers": [],
            "position": {}
          },
          "position": {}
        },
        "_KcbqkAoiEDGBlNiabBKJpA": {
          "key": "_KcbqkAoiEDGBlNiabBKJpA",
          "name": "email",
          "type": null,
          "probability": 1,
          "modifiers": [],
          "to_variable": {
            "key": "_ccWCMAohEDGBlNiabBKJpA",
            "name": "email",
            "type": null,
            "modifiers": [],
            "position": {}
          },
          "position": {}
        },
        "_LFUPgAoiEDGBlNiabBKJpA": {
          "key": "_LFUPgAoiEDGBlNiabBKJpA",
          "name": "emailOptional",
          "type": null,
          "probability": 1,
          "modifiers": [],
          "to_variable": {
            "key": "_dOLHwAohEDGBlNiabBKJpA",
            "name": "emailOptional",
            "type": null,
            "modifiers": [],
            "position": {}
          },
          "position": {}
        },
        "_g6EVQAoiEDGBlNiabBKJpA": {
          "key": "_g6EVQAoiEDGBlNiabBKJpA",
          "name": "telephone",
          "type": null,
          "probability": 1,
          "modifiers": [],
          "to_variable": {
            "key": "_bcLlsAohEDGBlNiabBKJpA",
            "name": "telephone",
            "type": null,
            "modifiers": [],
            "position": {}
          },
          "position": {}
        }
      }
    },
    "fields_to_fields_data_clump-./candidate_cand-_FTy80AoiEDGBlNiabBKJpA-_Yqu5IAoeEDGBlNiabBKJpA-emailemailOptionaltelephone": {
      "type": "data_clump",
      "key": "fields_to_fields_data_clump-./candidate_cand-_FTy80AoiEDGBlNiabBKJpA-_Yqu5IAoeEDGBlNiabBKJpA-emailemailOptionaltelephone",
      "probability": 1,
      "from_file_path": "./candidate_cand",
      "from_class_or_interface_name": "candidate_cand",
      "from_class_or_interface_key": "_FTy80AoiEDGBlNiabBKJpA",
      "from_method_name": null,
      "from_method_key": null,
      "to_file_path": "./user_usr",
      "to_class_or_interface_key": "_Yqu5IAoeEDGBlNiabBKJpA",
      "to_class_or_interface_name": "candidate_cand",
      "to_method_key": null,
      "to_method_name": null,
      "data_clump_type": "fields_to_fields_data_clump",
      "data_clump_data": {
        "_KcbqkAoiEDGBlNiabBKJpA": {
          "key": "_KcbqkAoiEDGBlNiabBKJpA",
          "name": "email",
          "type": null,
          "probability": 1,
          "modifiers": [],
          "to_variable": {
            "key": "_jFPJIAoeEDGBlNiabBKJpA",
            "name": "email",
            "type": null,
            "modifiers": [],
            "position": {}
          },
          "position": {}
        },
        "_LFUPgAoiEDGBlNiabBKJpA": {
          "key": "_LFUPgAoiEDGBlNiabBKJpA",
          "name": "emailOptional",
          "type": null,
          "probability": 1,
          "modifiers": [],
          "to_variable": {
            "key": "_kUfxkAoeEDGBlNiabBKJpA",
            "name": "emailOptional",
            "type": null,
            "modifiers": [],
            "position": {}
          },
          "position": {}
        },
        "_g6EVQAoiEDGBlNiabBKJpA": {
          "key": "_g6EVQAoiEDGBlNiabBKJpA",
          "name": "telephone",
          "type": null,
          "probability": 1,
          "modifiers": [],
          "to_variable": {
            "key": "_hueKgAoeEDGBlNiabBKJpA",
            "name": "telephone",
            "type": null,
            "modifiers": [],
            "position": {}
          },
          "position": {}
        }
      }
    },
    "fields_to_fields_data_clump-./reference_ref-_WN-bcAohEDGBlNiabBKJpA-_FTy80AoiEDGBlNiabBKJpA-namelast_nametelephoneemailemailOptional": {
      "type": "data_clump",
      "key": "fields_to_fields_data_clump-./reference_ref-_WN-bcAohEDGBlNiabBKJpA-_FTy80AoiEDGBlNiabBKJpA-namelast_nametelephoneemailemailOptional",
      "probability": 1,
      "from_file_path": "./reference_ref",
      "from_class_or_interface_name": "reference_ref",
      "from_class_or_interface_key": "_WN-bcAohEDGBlNiabBKJpA",
      "from_method_name": null,
      "from_method_key": null,
      "to_file_path": "./candidate_cand",
      "to_class_or_interface_key": "_FTy80AoiEDGBlNiabBKJpA",
      "to_class_or_interface_name": "reference_ref",
      "to_method_key": null,
      "to_method_name": null,
      "data_clump_type": "fields_to_fields_data_clump",
      "data_clump_data": {
        "_YW7sAAohEDGBlNiabBKJpA": {
          "key": "_YW7sAAohEDGBlNiabBKJpA",
          "name": "name",
          "type": null,
          "probability": 1,
          "modifiers": [],
          "to_variable": {
            "key": "_HHhkQAoiEDGBlNiabBKJpA",
            "name": "name",
            "type": null,
            "modifiers": [],
            "position": {}
          },
          "position": {}
        },
        "_aDbDAAohEDGBlNiabBKJpA": {
          "key": "_aDbDAAohEDGBlNiabBKJpA",
          "name": "last_name",
          "type": null,
          "probability": 1,
          "modifiers": [],
          "to_variable": {
            "key": "_IAmhUAoiEDGBlNiabBKJpA",
            "name": "last_name",
            "type": null,
            "modifiers": [],
            "position": {}
          },
          "position": {}
        },
        "_bcLlsAohEDGBlNiabBKJpA": {
          "key": "_bcLlsAohEDGBlNiabBKJpA",
          "name": "telephone",
          "type": null,
          "probability": 1,
          "modifiers": [],
          "to_variable": {
            "key": "_g6EVQAoiEDGBlNiabBKJpA",
            "name": "telephone",
            "type": null,
            "modifiers": [],
            "position": {}
          },
          "position": {}
        },
        "_ccWCMAohEDGBlNiabBKJpA": {
          "key": "_ccWCMAohEDGBlNiabBKJpA",
          "name": "email",
          "type": null,
          "probability": 1,
          "modifiers": [],
          "to_variable": {
            "key": "_KcbqkAoiEDGBlNiabBKJpA",
            "name": "email",
            "type": null,
            "modifiers": [],
            "position": {}
          },
          "position": {}
        },
        "_dOLHwAohEDGBlNiabBKJpA": {
          "key": "_dOLHwAohEDGBlNiabBKJpA",
          "name": "emailOptional",
          "type": null,
          "probability": 1,
          "modifiers": [],
          "to_variable": {
            "key": "_LFUPgAoiEDGBlNiabBKJpA",
            "name": "emailOptional",
            "type": null,
            "modifiers": [],
            "position": {}
          },
          "position": {}
        }
      }
    },
    "fields_to_fields_data_clump-./reference_ref-_WN-bcAohEDGBlNiabBKJpA-_Yqu5IAoeEDGBlNiabBKJpA-telephoneemailemailOptional": {
      "type": "data_clump",
      "key": "fields_to_fields_data_clump-./reference_ref-_WN-bcAohEDGBlNiabBKJpA-_Yqu5IAoeEDGBlNiabBKJpA-telephoneemailemailOptional",
      "probability": 1,
      "from_file_path": "./reference_ref",
      "from_class_or_interface_name": "reference_ref",
      "from_class_or_interface_key": "_WN-bcAohEDGBlNiabBKJpA",
      "from_method_name": null,
      "from_method_key": null,
      "to_file_path": "./user_usr",
      "to_class_or_interface_key": "_Yqu5IAoeEDGBlNiabBKJpA",
      "to_class_or_interface_name": "reference_ref",
      "to_method_key": null,
      "to_method_name": null,
      "data_clump_type": "fields_to_fields_data_clump",
      "data_clump_data": {
        "_bcLlsAohEDGBlNiabBKJpA": {
          "key": "_bcLlsAohEDGBlNiabBKJpA",
          "name": "telephone",
          "type": null,
          "probability": 1,
          "modifiers": [],
          "to_variable": {
            "key": "_hueKgAoeEDGBlNiabBKJpA",
            "name": "telephone",
            "type": null,
            "modifiers": [],
            "position": {}
          },
          "position": {}
        },
        "_ccWCMAohEDGBlNiabBKJpA": {
          "key": "_ccWCMAohEDGBlNiabBKJpA",
          "name": "email",
          "type": null,
          "probability": 1,
          "modifiers": [],
          "to_variable": {
            "key": "_jFPJIAoeEDGBlNiabBKJpA",
            "name": "email",
            "type": null,
            "modifiers": [],
            "position": {}
          },
          "position": {}
        },
        "_dOLHwAohEDGBlNiabBKJpA": {
          "key": "_dOLHwAohEDGBlNiabBKJpA",
          "name": "emailOptional",
          "type": null,
          "probability": 1,
          "modifiers": [],
          "to_variable": {
            "key": "_kUfxkAoeEDGBlNiabBKJpA",
            "name": "emailOptional",
            "type": null,
            "modifiers": [],
            "position": {}
          },
          "position": {}
        }
      }
    },
    "fields_to_fields_data_clump-./user_usr-_Yqu5IAoeEDGBlNiabBKJpA-_FTy80AoiEDGBlNiabBKJpA-telephoneemailemailOptional": {
      "type": "data_clump",
      "key": "fields_to_fields_data_clump-./user_usr-_Yqu5IAoeEDGBlNiabBKJpA-_FTy80AoiEDGBlNiabBKJpA-telephoneemailemailOptional",
      "probability": 1,
      "from_file_path": "./user_usr",
      "from_class_or_interface_name": "user_usr",
      "from_class_or_interface_key": "_Yqu5IAoeEDGBlNiabBKJpA",
      "from_method_name": null,
      "from_method_key": null,
      "to_file_path": "./candidate_cand",
      "to_class_or_interface_key": "_FTy80AoiEDGBlNiabBKJpA",
      "to_class_or_interface_name": "user_usr",
      "to_method_key": null,
      "to_method_name": null,
      "data_clump_type": "fields_to_fields_data_clump",
      "data_clump_data": {
        "_hueKgAoeEDGBlNiabBKJpA": {
          "key": "_hueKgAoeEDGBlNiabBKJpA",
          "name": "telephone",
          "type": null,
          "probability": 1,
          "modifiers": [],
          "to_variable": {
            "key": "_g6EVQAoiEDGBlNiabBKJpA",
            "name": "telephone",
            "type": null,
            "modifiers": [],
            "position": {}
          },
          "position": {}
        },
        "_jFPJIAoeEDGBlNiabBKJpA": {
          "key": "_jFPJIAoeEDGBlNiabBKJpA",
          "name": "email",
          "type": null,
          "probability": 1,
          "modifiers": [],
          "to_variable": {
            "key": "_KcbqkAoiEDGBlNiabBKJpA",
            "name": "email",
            "type": null,
            "modifiers": [],
            "position": {}
          },
          "position": {}
        },
        "_kUfxkAoeEDGBlNiabBKJpA": {
          "key": "_kUfxkAoeEDGBlNiabBKJpA",
          "name": "emailOptional",
          "type": null,
          "probability": 1,
          "modifiers": [],
          "to_variable": {
            "key": "_LFUPgAoiEDGBlNiabBKJpA",
            "name": "emailOptional",
            "type": null,
            "modifiers": [],
            "position": {}
          },
          "position": {}
        }
      }
    },
    "fields_to_fields_data_clump-./user_usr-_Yqu5IAoeEDGBlNiabBKJpA-_WN-bcAohEDGBlNiabBKJpA-telephoneemailemailOptional": {
      "type": "data_clump",
      "key": "fields_to_fields_data_clump-./user_usr-_Yqu5IAoeEDGBlNiabBKJpA-_WN-bcAohEDGBlNiabBKJpA-telephoneemailemailOptional",
      "probability": 1,
      "from_file_path": "./user_usr",
      "from_class_or_interface_name": "user_usr",
      "from_class_or_interface_key": "_Yqu5IAoeEDGBlNiabBKJpA",
      "from_method_name": null,
      "from_method_key": null,
      "to_file_path": "./reference_ref",
      "to_class_or_interface_key": "_WN-bcAohEDGBlNiabBKJpA",
      "to_class_or_interface_name": "user_usr",
      "to_method_key": null,
      "to_method_name": null,
      "data_clump_type": "fields_to_fields_data_clump",
      "data_clump_data": {
        "_hueKgAoeEDGBlNiabBKJpA": {
          "key": "_hueKgAoeEDGBlNiabBKJpA",
          "name": "telephone",
          "type": null,
          "probability": 1,
          "modifiers": [],
          "to_variable": {
            "key": "_bcLlsAohEDGBlNiabBKJpA",
            "name": "telephone",
            "type": null,
            "modifiers": [],
            "position": {}
          },
          "position": {}
        },
        "_jFPJIAoeEDGBlNiabBKJpA": {
          "key": "_jFPJIAoeEDGBlNiabBKJpA",
          "name": "email",
          "type": null,
          "probability": 1,
          "modifiers": [],
          "to_variable": {
            "key": "_ccWCMAohEDGBlNiabBKJpA",
            "name": "email",
            "type": null,
            "modifiers": [],
            "position": {}
          },
          "position": {}
        },
        "_kUfxkAoeEDGBlNiabBKJpA": {
          "key": "_kUfxkAoeEDGBlNiabBKJpA",
          "name": "emailOptional",
          "type": null,
          "probability": 1,
          "modifiers": [],
          "to_variable": {
            "key": "_dOLHwAohEDGBlNiabBKJpA",
            "name": "emailOptional",
            "type": null,
            "modifiers": [],
            "position": {}
          },
          "position": {}
        }
      }
    }
  }
}