{
  "report_version": "unknown",
  "report_timestamp": "2025-03-26T23:07:30.531Z",
  "target_language": "java",
  "report_summary": {
    "additional": null,
    "amount_classes_or_interfaces_with_data_clumps": 2,
    "amount_files_with_data_clumps": 2,
    "amount_methods_with_data_clumps": 0,
    "fields_to_fields_data_clump": 2,
    "parameters_to_fields_data_clump": 0,
    "parameters_to_parameters_data_clump": 0,
    "amount_data_clumps": 2
  },
  "project_info": {
    "project_url": "unknown_project_url",
    "project_name": "9718df52-f38b-40da-8ecd-eb549a2a56d2",
    "project_version": "unknown_project_version",
    "project_commit_hash": "unknown",
    "project_tag": null,
    "project_commit_date": null,
    "additional": {},
    "number_of_files": 15,
    "number_of_classes_or_interfaces": 15,
    "number_of_methods": 0,
    "number_of_data_fields": 65,
    "number_of_method_parameters": 0
  },
  "detector": {
    "name": "data-clumps-doctor",
    "url": "https://github.com/NilsBaumgartner1994/data-clumps-doctor",
    "version": "0.1.100",
    "options": {
      "typeVariablesConsidered": false,
      "similarityModifierOfVariablesWithUnknownType": 0,
      "fieldsOfClassesWithUnknownHierarchyProbabilityModifier": 0,
      "sharedFieldsToFieldsAmountMinimum": 3,
      "analyseFieldsInClassesOrInterfacesInheritedFromSuperClassesOrInterfaces": false,
      "sharedParametersToParametersAmountMinimum": 3,
      "sharedParametersToFieldsAmountMinimum": 3,
      "methodsOfClassesOrInterfacesWithUnknownHierarchyProbabilityModifier": 0
    }
  },
  "data_clumps": {
    "fields_to_fields_data_clump-./Satria_Mts_Info-_lIYHoXP8EDaQ-oQcwVEdPw-_08krEHP6EDaQ-oQcwVEdPw-info_idinfo_kategoriinfo_titleinfo_descinfo_dateinfo_linkinfo_fileinfo_ext": {
      "type": "data_clump",
      "key": "fields_to_fields_data_clump-./Satria_Mts_Info-_lIYHoXP8EDaQ-oQcwVEdPw-_08krEHP6EDaQ-oQcwVEdPw-info_idinfo_kategoriinfo_titleinfo_descinfo_dateinfo_linkinfo_fileinfo_ext",
      "probability": 1,
      "from_file_path": "./Satria_Mts_Info",
      "from_class_or_interface_name": "Satria_Mts_Info",
      "from_class_or_interface_key": "_lIYHoXP8EDaQ-oQcwVEdPw",
      "from_method_name": null,
      "from_method_key": null,
      "to_file_path": "./Satria_SMK_Info",
      "to_class_or_interface_key": "_08krEHP6EDaQ-oQcwVEdPw",
      "to_class_or_interface_name": "Satria_Mts_Info",
      "to_method_key": null,
      "to_method_name": null,
      "data_clump_type": "fields_to_fields_data_clump",
      "data_clump_data": {
        "_nV_OsHP8EDaQ-oQcwVEdPw": {
          "key": "_nV_OsHP8EDaQ-oQcwVEdPw",
          "name": "info_id",
          "type": null,
          "probability": 1,
          "modifiers": [],
          "to_variable": {
            "key": "__z2WoHP6EDaQ-oQcwVEdPw",
            "name": "info_id",
            "type": null,
            "modifiers": [],
            "position": {}
          },
          "position": {}
        },
        "_o4s-oHP8EDaQ-oQcwVEdPw": {
          "key": "_o4s-oHP8EDaQ-oQcwVEdPw",
          "name": "info_kategori",
          "type": null,
          "probability": 1,
          "modifiers": [],
          "to_variable": {
            "key": "_MaB0AHP7EDaQ-oQcwVEdPw",
            "name": "info_kategori",
            "type": null,
            "modifiers": [],
            "position": {}
          },
          "position": {}
        },
        "_qqAkMHP8EDaQ-oQcwVEdPw": {
          "key": "_qqAkMHP8EDaQ-oQcwVEdPw",
          "name": "info_title",
          "type": null,
          "probability": 1,
          "modifiers": [],
          "to_variable": {
            "key": "_Om_a0HP7EDaQ-oQcwVEdPw",
            "name": "info_title",
            "type": null,
            "modifiers": [],
            "position": {}
          },
          "position": {}
        },
        "_uh5bwHP8EDaQ-oQcwVEdPw": {
          "key": "_uh5bwHP8EDaQ-oQcwVEdPw",
          "name": "info_desc",
          "type": null,
          "probability": 1,
          "modifiers": [],
          "to_variable": {
            "key": "_Tc0hUHP7EDaQ-oQcwVEdPw",
            "name": "info_desc",
            "type": null,
            "modifiers": [],
            "position": {}
          },
          "position": {}
        },
        "_w0IkIHP8EDaQ-oQcwVEdPw": {
          "key": "_w0IkIHP8EDaQ-oQcwVEdPw",
          "name": "info_date",
          "type": null,
          "probability": 1,
          "modifiers": [],
          "to_variable": {
            "key": "_VYAboHP7EDaQ-oQcwVEdPw",
            "name": "info_date",
            "type": null,
            "modifiers": [],
            "position": {}
          },
          "position": {}
        },
        "_yV5R0HP8EDaQ-oQcwVEdPw": {
          "key": "_yV5R0HP8EDaQ-oQcwVEdPw",
          "name": "info_link",
          "type": null,
          "probability": 1,
          "modifiers": [],
          "to_variable": {
            "key": "_Xp6z4HP7EDaQ-oQcwVEdPw",
            "name": "info_link",
            "type": null,
            "modifiers": [],
            "position": {}
          },
          "position": {}
        },
        "_0SoEQHP8EDaQ-oQcwVEdPw": {
          "key": "_0SoEQHP8EDaQ-oQcwVEdPw",
          "name": "info_file",
          "type": null,
          "probability": 1,
          "modifiers": [],
          "to_variable": {
            "key": "_abBCgHP7EDaQ-oQcwVEdPw",
            "name": "info_file",
            "type": null,
            "modifiers": [],
            "position": {}
          },
          "position": {}
        },
        "_3HGXAHP8EDaQ-oQcwVEdPw": {
          "key": "_3HGXAHP8EDaQ-oQcwVEdPw",
          "name": "info_ext",
          "type": null,
          "probability": 1,
          "modifiers": [],
          "to_variable": {
            "key": "_eVq6MHP7EDaQ-oQcwVEdPw",
            "name": "info_ext",
            "type": null,
            "modifiers": [],
            "position": {}
          },
          "position": {}
        }
      }
    },
    "fields_to_fields_data_clump-./Satria_SMK_Info-_08krEHP6EDaQ-oQcwVEdPw-_lIYHoXP8EDaQ-oQcwVEdPw-info_idinfo_kategoriinfo_titleinfo_descinfo_dateinfo_linkinfo_fileinfo_ext": {
      "type": "data_clump",
      "key": "fields_to_fields_data_clump-./Satria_SMK_Info-_08krEHP6EDaQ-oQcwVEdPw-_lIYHoXP8EDaQ-oQcwVEdPw-info_idinfo_kategoriinfo_titleinfo_descinfo_dateinfo_linkinfo_fileinfo_ext",
      "probability": 1,
      "from_file_path": "./Satria_SMK_Info",
      "from_class_or_interface_name": "Satria_SMK_Info",
      "from_class_or_interface_key": "_08krEHP6EDaQ-oQcwVEdPw",
      "from_method_name": null,
      "from_method_key": null,
      "to_file_path": "./Satria_Mts_Info",
      "to_class_or_interface_key": "_lIYHoXP8EDaQ-oQcwVEdPw",
      "to_class_or_interface_name": "Satria_SMK_Info",
      "to_method_key": null,
      "to_method_name": null,
      "data_clump_type": "fields_to_fields_data_clump",
      "data_clump_data": {
        "__z2WoHP6EDaQ-oQcwVEdPw": {
          "key": "__z2WoHP6EDaQ-oQcwVEdPw",
          "name": "info_id",
          "type": null,
          "probability": 1,
          "modifiers": [],
          "to_variable": {
            "key": "_nV_OsHP8EDaQ-oQcwVEdPw",
            "name": "info_id",
            "type": null,
            "modifiers": [],
            "position": {}
          },
          "position": {}
        },
        "_MaB0AHP7EDaQ-oQcwVEdPw": {
          "key": "_MaB0AHP7EDaQ-oQcwVEdPw",
          "name": "info_kategori",
          "type": null,
          "probability": 1,
          "modifiers": [],
          "to_variable": {
            "key": "_o4s-oHP8EDaQ-oQcwVEdPw",
            "name": "info_kategori",
            "type": null,
            "modifiers": [],
            "position": {}
          },
          "position": {}
        },
        "_Om_a0HP7EDaQ-oQcwVEdPw": {
          "key": "_Om_a0HP7EDaQ-oQcwVEdPw",
          "name": "info_title",
          "type": null,
          "probability": 1,
          "modifiers": [],
          "to_variable": {
            "key": "_qqAkMHP8EDaQ-oQcwVEdPw",
            "name": "info_title",
            "type": null,
            "modifiers": [],
            "position": {}
          },
          "position": {}
        },
        "_Tc0hUHP7EDaQ-oQcwVEdPw": {
          "key": "_Tc0hUHP7EDaQ-oQcwVEdPw",
          "name": "info_desc",
          "type": null,
          "probability": 1,
          "modifiers": [],
          "to_variable": {
            "key": "_uh5bwHP8EDaQ-oQcwVEdPw",
            "name": "info_desc",
            "type": null,
            "modifiers": [],
            "position": {}
          },
          "position": {}
        },
        "_VYAboHP7EDaQ-oQcwVEdPw": {
          "key": "_VYAboHP7EDaQ-oQcwVEdPw",
          "name": "info_date",
          "type": null,
          "probability": 1,
          "modifiers": [],
          "to_variable": {
            "key": "_w0IkIHP8EDaQ-oQcwVEdPw",
            "name": "info_date",
            "type": null,
            "modifiers": [],
            "position": {}
          },
          "position": {}
        },
        "_Xp6z4HP7EDaQ-oQcwVEdPw": {
          "key": "_Xp6z4HP7EDaQ-oQcwVEdPw",
          "name": "info_link",
          "type": null,
          "probability": 1,
          "modifiers": [],
          "to_variable": {
            "key": "_yV5R0HP8EDaQ-oQcwVEdPw",
            "name": "info_link",
            "type": null,
            "modifiers": [],
            "position": {}
          },
          "position": {}
        },
        "_abBCgHP7EDaQ-oQcwVEdPw": {
          "key": "_abBCgHP7EDaQ-oQcwVEdPw",
          "name": "info_file",
          "type": null,
          "probability": 1,
          "modifiers": [],
          "to_variable": {
            "key": "_0SoEQHP8EDaQ-oQcwVEdPw",
            "name": "info_file",
            "type": null,
            "modifiers": [],
            "position": {}
          },
          "position": {}
        },
        "_eVq6MHP7EDaQ-oQcwVEdPw": {
          "key": "_eVq6MHP7EDaQ-oQcwVEdPw",
          "name": "info_ext",
          "type": null,
          "probability": 1,
          "modifiers": [],
          "to_variable": {
            "key": "_3HGXAHP8EDaQ-oQcwVEdPw",
            "name": "info_ext",
            "type": null,
            "modifiers": [],
            "position": {}
          },
          "position": {}
        }
      }
    }
  }
}