{
  "report_version": "unknown",
  "report_timestamp": "2025-03-26T21:40:51.993Z",
  "target_language": "java",
  "report_summary": {
    "additional": null,
    "amount_classes_or_interfaces_with_data_clumps": 3,
    "amount_files_with_data_clumps": 3,
    "amount_methods_with_data_clumps": 4,
    "fields_to_fields_data_clump": 2,
    "parameters_to_fields_data_clump": 0,
    "parameters_to_parameters_data_clump": 12,
    "amount_data_clumps": 14
  },
  "project_info": {
    "project_url": "unknown_project_url",
    "project_name": "_GA3d0LF2EemBD7eRPCZ3SA",
    "project_version": "unknown_project_version",
    "project_commit_hash": "unknown",
    "project_tag": null,
    "project_commit_date": null,
    "additional": {},
    "number_of_files": 23,
    "number_of_classes_or_interfaces": 23,
    "number_of_methods": 24,
    "number_of_data_fields": 7,
    "number_of_method_parameters": 39
  },
  "detector": {
    "name": "data-clumps-doctor",
    "url": "https://github.com/NilsBaumgartner1994/data-clumps-doctor",
    "version": "0.1.100",
    "options": {
      "typeVariablesConsidered": false,
      "similarityModifierOfVariablesWithUnknownType": 0,
      "fieldsOfClassesWithUnknownHierarchyProbabilityModifier": 0,
      "sharedFieldsToFieldsAmountMinimum": 3,
      "analyseFieldsInClassesOrInterfacesInheritedFromSuperClassesOrInterfaces": false,
      "sharedParametersToParametersAmountMinimum": 3,
      "sharedParametersToFieldsAmountMinimum": 3,
      "methodsOfClassesOrInterfacesWithUnknownHierarchyProbabilityModifier": 0
    }
  },
  "data_clumps": {
    "parameters_to_parameters_data_clump-./TranslationsController-_H4Fo4JTMEDeGSfkf-GiCow-_T-5CoJTMEDeGSfkf-GiCow-sourceLanguagepageNopageSize": {
      "type": "data_clump",
      "key": "parameters_to_parameters_data_clump-./TranslationsController-_H4Fo4JTMEDeGSfkf-GiCow-_T-5CoJTMEDeGSfkf-GiCow-sourceLanguagepageNopageSize",
      "probability": 1,
      "from_file_path": "./TranslationsController",
      "from_class_or_interface_name": "TranslationsController",
      "from_class_or_interface_key": "_I6yyYZQkEDe2oJNwmQTrpg",
      "from_method_name": "GetAllTranslationsFromSource",
      "from_method_key": "_H4Fo4JTMEDeGSfkf-GiCow",
      "to_file_path": "./TranslationsController",
      "to_class_or_interface_name": "TranslationsController",
      "to_class_or_interface_key": "_I6yyYZQkEDe2oJNwmQTrpg",
      "to_method_name": "GetAllTranslationsFromSoureToTarget",
      "to_method_key": "_T-5CoJTMEDeGSfkf-GiCow",
      "data_clump_type": "parameters_to_parameters_data_clump",
      "data_clump_data": {
        "_n4d1IJTMEDeGSfkf-GiCow": {
          "key": "_n4d1IJTMEDeGSfkf-GiCow",
          "name": "sourceLanguage",
          "type": null,
          "probability": 1,
          "modifiers": [],
          "to_variable": {
            "key": "_sRwwoJTMEDeGSfkf-GiCow",
            "name": "sourceLanguage",
            "type": null,
            "modifiers": [],
            "position": {}
          },
          "position": {}
        },
        "_pSCQIJTMEDeGSfkf-GiCow": {
          "key": "_pSCQIJTMEDeGSfkf-GiCow",
          "name": "pageNo",
          "type": null,
          "probability": 1,
          "modifiers": [],
          "to_variable": {
            "key": "_sdT5UJTMEDeGSfkf-GiCow",
            "name": "pageNo",
            "type": null,
            "modifiers": [],
            "position": {}
          },
          "position": {}
        },
        "_pVP8MJTMEDeGSfkf-GiCow": {
          "key": "_pVP8MJTMEDeGSfkf-GiCow",
          "name": "pageSize",
          "type": null,
          "probability": 1,
          "modifiers": [],
          "to_variable": {
            "key": "_svYgwJTMEDeGSfkf-GiCow",
            "name": "pageSize",
            "type": null,
            "modifiers": [],
            "position": {}
          },
          "position": {}
        }
      }
    },
    "parameters_to_parameters_data_clump-./TranslationsController-_H4Fo4JTMEDeGSfkf-GiCow-_z2wzIJTMEDeGSfkf-GiCow-sourceLanguagepageNopageSize": {
      "type": "data_clump",
      "key": "parameters_to_parameters_data_clump-./TranslationsController-_H4Fo4JTMEDeGSfkf-GiCow-_z2wzIJTMEDeGSfkf-GiCow-sourceLanguagepageNopageSize",
      "probability": 1,
      "from_file_path": "./TranslationsController",
      "from_class_or_interface_name": "TranslationsController",
      "from_class_or_interface_key": "_I6yyYZQkEDe2oJNwmQTrpg",
      "from_method_name": "GetAllTranslationsFromSource",
      "from_method_key": "_H4Fo4JTMEDeGSfkf-GiCow",
      "to_file_path": "./TranslationsController",
      "to_class_or_interface_name": "TranslationsController",
      "to_class_or_interface_key": "_I6yyYZQkEDe2oJNwmQTrpg",
      "to_method_name": "GetAllTranslationsFromSoureToTargetWithGlossary",
      "to_method_key": "_z2wzIJTMEDeGSfkf-GiCow",
      "data_clump_type": "parameters_to_parameters_data_clump",
      "data_clump_data": {
        "_n4d1IJTMEDeGSfkf-GiCow": {
          "key": "_n4d1IJTMEDeGSfkf-GiCow",
          "name": "sourceLanguage",
          "type": null,
          "probability": 1,
          "modifiers": [],
          "to_variable": {
            "key": "_z2wzIZTMEDeGSfkf-GiCow",
            "name": "sourceLanguage",
            "type": null,
            "modifiers": [],
            "position": {}
          },
          "position": {}
        },
        "_pSCQIJTMEDeGSfkf-GiCow": {
          "key": "_pSCQIJTMEDeGSfkf-GiCow",
          "name": "pageNo",
          "type": null,
          "probability": 1,
          "modifiers": [],
          "to_variable": {
            "key": "_z2xaMJTMEDeGSfkf-GiCow",
            "name": "pageNo",
            "type": null,
            "modifiers": [],
            "position": {}
          },
          "position": {}
        },
        "_pVP8MJTMEDeGSfkf-GiCow": {
          "key": "_pVP8MJTMEDeGSfkf-GiCow",
          "name": "pageSize",
          "type": null,
          "probability": 1,
          "modifiers": [],
          "to_variable": {
            "key": "_z2xaMZTMEDeGSfkf-GiCow",
            "name": "pageSize",
            "type": null,
            "modifiers": [],
            "position": {}
          },
          "position": {}
        }
      }
    },
    "parameters_to_parameters_data_clump-./TranslationsController-_H4Fo4JTMEDeGSfkf-GiCow-_HrUiwJTNEDeGSfkf-GiCow-sourceLanguagepageNopageSize": {
      "type": "data_clump",
      "key": "parameters_to_parameters_data_clump-./TranslationsController-_H4Fo4JTMEDeGSfkf-GiCow-_HrUiwJTNEDeGSfkf-GiCow-sourceLanguagepageNopageSize",
      "probability": 1,
      "from_file_path": "./TranslationsController",
      "from_class_or_interface_name": "TranslationsController",
      "from_class_or_interface_key": "_I6yyYZQkEDe2oJNwmQTrpg",
      "from_method_name": "GetAllTranslationsFromSource",
      "from_method_key": "_H4Fo4JTMEDeGSfkf-GiCow",
      "to_file_path": "./TranslationsController",
      "to_class_or_interface_name": "TranslationsController",
      "to_class_or_interface_key": "_I6yyYZQkEDe2oJNwmQTrpg",
      "to_method_name": "Batch",
      "to_method_key": "_HrUiwJTNEDeGSfkf-GiCow",
      "data_clump_type": "parameters_to_parameters_data_clump",
      "data_clump_data": {
        "_n4d1IJTMEDeGSfkf-GiCow": {
          "key": "_n4d1IJTMEDeGSfkf-GiCow",
          "name": "sourceLanguage",
          "type": null,
          "probability": 1,
          "modifiers": [],
          "to_variable": {
            "key": "_HrUiwZTNEDeGSfkf-GiCow",
            "name": "sourceLanguage",
            "type": null,
            "modifiers": [],
            "position": {}
          },
          "position": {}
        },
        "_pSCQIJTMEDeGSfkf-GiCow": {
          "key": "_pSCQIJTMEDeGSfkf-GiCow",
          "name": "pageNo",
          "type": null,
          "probability": 1,
          "modifiers": [],
          "to_variable": {
            "key": "_HrUixJTNEDeGSfkf-GiCow",
            "name": "pageNo",
            "type": null,
            "modifiers": [],
            "position": {}
          },
          "position": {}
        },
        "_pVP8MJTMEDeGSfkf-GiCow": {
          "key": "_pVP8MJTMEDeGSfkf-GiCow",
          "name": "pageSize",
          "type": null,
          "probability": 1,
          "modifiers": [],
          "to_variable": {
            "key": "_HrUixZTNEDeGSfkf-GiCow",
            "name": "pageSize",
            "type": null,
            "modifiers": [],
            "position": {}
          },
          "position": {}
        }
      }
    },
    "parameters_to_parameters_data_clump-./TranslationsController-_T-5CoJTMEDeGSfkf-GiCow-_H4Fo4JTMEDeGSfkf-GiCow-sourceLanguagepageNopageSize": {
      "type": "data_clump",
      "key": "parameters_to_parameters_data_clump-./TranslationsController-_T-5CoJTMEDeGSfkf-GiCow-_H4Fo4JTMEDeGSfkf-GiCow-sourceLanguagepageNopageSize",
      "probability": 1,
      "from_file_path": "./TranslationsController",
      "from_class_or_interface_name": "TranslationsController",
      "from_class_or_interface_key": "_I6yyYZQkEDe2oJNwmQTrpg",
      "from_method_name": "GetAllTranslationsFromSoureToTarget",
      "from_method_key": "_T-5CoJTMEDeGSfkf-GiCow",
      "to_file_path": "./TranslationsController",
      "to_class_or_interface_name": "TranslationsController",
      "to_class_or_interface_key": "_I6yyYZQkEDe2oJNwmQTrpg",
      "to_method_name": "GetAllTranslationsFromSource",
      "to_method_key": "_H4Fo4JTMEDeGSfkf-GiCow",
      "data_clump_type": "parameters_to_parameters_data_clump",
      "data_clump_data": {
        "_sRwwoJTMEDeGSfkf-GiCow": {
          "key": "_sRwwoJTMEDeGSfkf-GiCow",
          "name": "sourceLanguage",
          "type": null,
          "probability": 1,
          "modifiers": [],
          "to_variable": {
            "key": "_n4d1IJTMEDeGSfkf-GiCow",
            "name": "sourceLanguage",
            "type": null,
            "modifiers": [],
            "position": {}
          },
          "position": {}
        },
        "_sdT5UJTMEDeGSfkf-GiCow": {
          "key": "_sdT5UJTMEDeGSfkf-GiCow",
          "name": "pageNo",
          "type": null,
          "probability": 1,
          "modifiers": [],
          "to_variable": {
            "key": "_pSCQIJTMEDeGSfkf-GiCow",
            "name": "pageNo",
            "type": null,
            "modifiers": [],
            "position": {}
          },
          "position": {}
        },
        "_svYgwJTMEDeGSfkf-GiCow": {
          "key": "_svYgwJTMEDeGSfkf-GiCow",
          "name": "pageSize",
          "type": null,
          "probability": 1,
          "modifiers": [],
          "to_variable": {
            "key": "_pVP8MJTMEDeGSfkf-GiCow",
            "name": "pageSize",
            "type": null,
            "modifiers": [],
            "position": {}
          },
          "position": {}
        }
      }
    },
    "parameters_to_parameters_data_clump-./TranslationsController-_T-5CoJTMEDeGSfkf-GiCow-_z2wzIJTMEDeGSfkf-GiCow-sourceLanguagetargetLanguagepageNopageSize": {
      "type": "data_clump",
      "key": "parameters_to_parameters_data_clump-./TranslationsController-_T-5CoJTMEDeGSfkf-GiCow-_z2wzIJTMEDeGSfkf-GiCow-sourceLanguagetargetLanguagepageNopageSize",
      "probability": 1,
      "from_file_path": "./TranslationsController",
      "from_class_or_interface_name": "TranslationsController",
      "from_class_or_interface_key": "_I6yyYZQkEDe2oJNwmQTrpg",
      "from_method_name": "GetAllTranslationsFromSoureToTarget",
      "from_method_key": "_T-5CoJTMEDeGSfkf-GiCow",
      "to_file_path": "./TranslationsController",
      "to_class_or_interface_name": "TranslationsController",
      "to_class_or_interface_key": "_I6yyYZQkEDe2oJNwmQTrpg",
      "to_method_name": "GetAllTranslationsFromSoureToTargetWithGlossary",
      "to_method_key": "_z2wzIJTMEDeGSfkf-GiCow",
      "data_clump_type": "parameters_to_parameters_data_clump",
      "data_clump_data": {
        "_sRwwoJTMEDeGSfkf-GiCow": {
          "key": "_sRwwoJTMEDeGSfkf-GiCow",
          "name": "sourceLanguage",
          "type": null,
          "probability": 1,
          "modifiers": [],
          "to_variable": {
            "key": "_z2wzIZTMEDeGSfkf-GiCow",
            "name": "sourceLanguage",
            "type": null,
            "modifiers": [],
            "position": {}
          },
          "position": {}
        },
        "_sT5eoJTMEDeGSfkf-GiCow": {
          "key": "_sT5eoJTMEDeGSfkf-GiCow",
          "name": "targetLanguage",
          "type": null,
          "probability": 1,
          "modifiers": [],
          "to_variable": {
            "key": "_z2wzIpTMEDeGSfkf-GiCow",
            "name": "targetLanguage",
            "type": null,
            "modifiers": [],
            "position": {}
          },
          "position": {}
        },
        "_sdT5UJTMEDeGSfkf-GiCow": {
          "key": "_sdT5UJTMEDeGSfkf-GiCow",
          "name": "pageNo",
          "type": null,
          "probability": 1,
          "modifiers": [],
          "to_variable": {
            "key": "_z2xaMJTMEDeGSfkf-GiCow",
            "name": "pageNo",
            "type": null,
            "modifiers": [],
            "position": {}
          },
          "position": {}
        },
        "_svYgwJTMEDeGSfkf-GiCow": {
          "key": "_svYgwJTMEDeGSfkf-GiCow",
          "name": "pageSize",
          "type": null,
          "probability": 1,
          "modifiers": [],
          "to_variable": {
            "key": "_z2xaMZTMEDeGSfkf-GiCow",
            "name": "pageSize",
            "type": null,
            "modifiers": [],
            "position": {}
          },
          "position": {}
        }
      }
    },
    "parameters_to_parameters_data_clump-./TranslationsController-_T-5CoJTMEDeGSfkf-GiCow-_HrUiwJTNEDeGSfkf-GiCow-sourceLanguagetargetLanguagepageNopageSize": {
      "type": "data_clump",
      "key": "parameters_to_parameters_data_clump-./TranslationsController-_T-5CoJTMEDeGSfkf-GiCow-_HrUiwJTNEDeGSfkf-GiCow-sourceLanguagetargetLanguagepageNopageSize",
      "probability": 1,
      "from_file_path": "./TranslationsController",
      "from_class_or_interface_name": "TranslationsController",
      "from_class_or_interface_key": "_I6yyYZQkEDe2oJNwmQTrpg",
      "from_method_name": "GetAllTranslationsFromSoureToTarget",
      "from_method_key": "_T-5CoJTMEDeGSfkf-GiCow",
      "to_file_path": "./TranslationsController",
      "to_class_or_interface_name": "TranslationsController",
      "to_class_or_interface_key": "_I6yyYZQkEDe2oJNwmQTrpg",
      "to_method_name": "Batch",
      "to_method_key": "_HrUiwJTNEDeGSfkf-GiCow",
      "data_clump_type": "parameters_to_parameters_data_clump",
      "data_clump_data": {
        "_sRwwoJTMEDeGSfkf-GiCow": {
          "key": "_sRwwoJTMEDeGSfkf-GiCow",
          "name": "sourceLanguage",
          "type": null,
          "probability": 1,
          "modifiers": [],
          "to_variable": {
            "key": "_HrUiwZTNEDeGSfkf-GiCow",
            "name": "sourceLanguage",
            "type": null,
            "modifiers": [],
            "position": {}
          },
          "position": {}
        },
        "_sT5eoJTMEDeGSfkf-GiCow": {
          "key": "_sT5eoJTMEDeGSfkf-GiCow",
          "name": "targetLanguage",
          "type": null,
          "probability": 1,
          "modifiers": [],
          "to_variable": {
            "key": "_HrUiwpTNEDeGSfkf-GiCow",
            "name": "targetLanguage",
            "type": null,
            "modifiers": [],
            "position": {}
          },
          "position": {}
        },
        "_sdT5UJTMEDeGSfkf-GiCow": {
          "key": "_sdT5UJTMEDeGSfkf-GiCow",
          "name": "pageNo",
          "type": null,
          "probability": 1,
          "modifiers": [],
          "to_variable": {
            "key": "_HrUixJTNEDeGSfkf-GiCow",
            "name": "pageNo",
            "type": null,
            "modifiers": [],
            "position": {}
          },
          "position": {}
        },
        "_svYgwJTMEDeGSfkf-GiCow": {
          "key": "_svYgwJTMEDeGSfkf-GiCow",
          "name": "pageSize",
          "type": null,
          "probability": 1,
          "modifiers": [],
          "to_variable": {
            "key": "_HrUixZTNEDeGSfkf-GiCow",
            "name": "pageSize",
            "type": null,
            "modifiers": [],
            "position": {}
          },
          "position": {}
        }
      }
    },
    "parameters_to_parameters_data_clump-./TranslationsController-_z2wzIJTMEDeGSfkf-GiCow-_H4Fo4JTMEDeGSfkf-GiCow-sourceLanguagepageNopageSize": {
      "type": "data_clump",
      "key": "parameters_to_parameters_data_clump-./TranslationsController-_z2wzIJTMEDeGSfkf-GiCow-_H4Fo4JTMEDeGSfkf-GiCow-sourceLanguagepageNopageSize",
      "probability": 1,
      "from_file_path": "./TranslationsController",
      "from_class_or_interface_name": "TranslationsController",
      "from_class_or_interface_key": "_I6yyYZQkEDe2oJNwmQTrpg",
      "from_method_name": "GetAllTranslationsFromSoureToTargetWithGlossary",
      "from_method_key": "_z2wzIJTMEDeGSfkf-GiCow",
      "to_file_path": "./TranslationsController",
      "to_class_or_interface_name": "TranslationsController",
      "to_class_or_interface_key": "_I6yyYZQkEDe2oJNwmQTrpg",
      "to_method_name": "GetAllTranslationsFromSource",
      "to_method_key": "_H4Fo4JTMEDeGSfkf-GiCow",
      "data_clump_type": "parameters_to_parameters_data_clump",
      "data_clump_data": {
        "_z2wzIZTMEDeGSfkf-GiCow": {
          "key": "_z2wzIZTMEDeGSfkf-GiCow",
          "name": "sourceLanguage",
          "type": null,
          "probability": 1,
          "modifiers": [],
          "to_variable": {
            "key": "_n4d1IJTMEDeGSfkf-GiCow",
            "name": "sourceLanguage",
            "type": null,
            "modifiers": [],
            "position": {}
          },
          "position": {}
        },
        "_z2xaMJTMEDeGSfkf-GiCow": {
          "key": "_z2xaMJTMEDeGSfkf-GiCow",
          "name": "pageNo",
          "type": null,
          "probability": 1,
          "modifiers": [],
          "to_variable": {
            "key": "_pSCQIJTMEDeGSfkf-GiCow",
            "name": "pageNo",
            "type": null,
            "modifiers": [],
            "position": {}
          },
          "position": {}
        },
        "_z2xaMZTMEDeGSfkf-GiCow": {
          "key": "_z2xaMZTMEDeGSfkf-GiCow",
          "name": "pageSize",
          "type": null,
          "probability": 1,
          "modifiers": [],
          "to_variable": {
            "key": "_pVP8MJTMEDeGSfkf-GiCow",
            "name": "pageSize",
            "type": null,
            "modifiers": [],
            "position": {}
          },
          "position": {}
        }
      }
    },
    "parameters_to_parameters_data_clump-./TranslationsController-_z2wzIJTMEDeGSfkf-GiCow-_T-5CoJTMEDeGSfkf-GiCow-sourceLanguagetargetLanguagepageNopageSize": {
      "type": "data_clump",
      "key": "parameters_to_parameters_data_clump-./TranslationsController-_z2wzIJTMEDeGSfkf-GiCow-_T-5CoJTMEDeGSfkf-GiCow-sourceLanguagetargetLanguagepageNopageSize",
      "probability": 1,
      "from_file_path": "./TranslationsController",
      "from_class_or_interface_name": "TranslationsController",
      "from_class_or_interface_key": "_I6yyYZQkEDe2oJNwmQTrpg",
      "from_method_name": "GetAllTranslationsFromSoureToTargetWithGlossary",
      "from_method_key": "_z2wzIJTMEDeGSfkf-GiCow",
      "to_file_path": "./TranslationsController",
      "to_class_or_interface_name": "TranslationsController",
      "to_class_or_interface_key": "_I6yyYZQkEDe2oJNwmQTrpg",
      "to_method_name": "GetAllTranslationsFromSoureToTarget",
      "to_method_key": "_T-5CoJTMEDeGSfkf-GiCow",
      "data_clump_type": "parameters_to_parameters_data_clump",
      "data_clump_data": {
        "_z2wzIZTMEDeGSfkf-GiCow": {
          "key": "_z2wzIZTMEDeGSfkf-GiCow",
          "name": "sourceLanguage",
          "type": null,
          "probability": 1,
          "modifiers": [],
          "to_variable": {
            "key": "_sRwwoJTMEDeGSfkf-GiCow",
            "name": "sourceLanguage",
            "type": null,
            "modifiers": [],
            "position": {}
          },
          "position": {}
        },
        "_z2wzIpTMEDeGSfkf-GiCow": {
          "key": "_z2wzIpTMEDeGSfkf-GiCow",
          "name": "targetLanguage",
          "type": null,
          "probability": 1,
          "modifiers": [],
          "to_variable": {
            "key": "_sT5eoJTMEDeGSfkf-GiCow",
            "name": "targetLanguage",
            "type": null,
            "modifiers": [],
            "position": {}
          },
          "position": {}
        },
        "_z2xaMJTMEDeGSfkf-GiCow": {
          "key": "_z2xaMJTMEDeGSfkf-GiCow",
          "name": "pageNo",
          "type": null,
          "probability": 1,
          "modifiers": [],
          "to_variable": {
            "key": "_sdT5UJTMEDeGSfkf-GiCow",
            "name": "pageNo",
            "type": null,
            "modifiers": [],
            "position": {}
          },
          "position": {}
        },
        "_z2xaMZTMEDeGSfkf-GiCow": {
          "key": "_z2xaMZTMEDeGSfkf-GiCow",
          "name": "pageSize",
          "type": null,
          "probability": 1,
          "modifiers": [],
          "to_variable": {
            "key": "_svYgwJTMEDeGSfkf-GiCow",
            "name": "pageSize",
            "type": null,
            "modifiers": [],
            "position": {}
          },
          "position": {}
        }
      }
    },
    "parameters_to_parameters_data_clump-./TranslationsController-_z2wzIJTMEDeGSfkf-GiCow-_HrUiwJTNEDeGSfkf-GiCow-sourceLanguagetargetLanguageglossarypageNopageSize": {
      "type": "data_clump",
      "key": "parameters_to_parameters_data_clump-./TranslationsController-_z2wzIJTMEDeGSfkf-GiCow-_HrUiwJTNEDeGSfkf-GiCow-sourceLanguagetargetLanguageglossarypageNopageSize",
      "probability": 1,
      "from_file_path": "./TranslationsController",
      "from_class_or_interface_name": "TranslationsController",
      "from_class_or_interface_key": "_I6yyYZQkEDe2oJNwmQTrpg",
      "from_method_name": "GetAllTranslationsFromSoureToTargetWithGlossary",
      "from_method_key": "_z2wzIJTMEDeGSfkf-GiCow",
      "to_file_path": "./TranslationsController",
      "to_class_or_interface_name": "TranslationsController",
      "to_class_or_interface_key": "_I6yyYZQkEDe2oJNwmQTrpg",
      "to_method_name": "Batch",
      "to_method_key": "_HrUiwJTNEDeGSfkf-GiCow",
      "data_clump_type": "parameters_to_parameters_data_clump",
      "data_clump_data": {
        "_z2wzIZTMEDeGSfkf-GiCow": {
          "key": "_z2wzIZTMEDeGSfkf-GiCow",
          "name": "sourceLanguage",
          "type": null,
          "probability": 1,
          "modifiers": [],
          "to_variable": {
            "key": "_HrUiwZTNEDeGSfkf-GiCow",
            "name": "sourceLanguage",
            "type": null,
            "modifiers": [],
            "position": {}
          },
          "position": {}
        },
        "_z2wzIpTMEDeGSfkf-GiCow": {
          "key": "_z2wzIpTMEDeGSfkf-GiCow",
          "name": "targetLanguage",
          "type": null,
          "probability": 1,
          "modifiers": [],
          "to_variable": {
            "key": "_HrUiwpTNEDeGSfkf-GiCow",
            "name": "targetLanguage",
            "type": null,
            "modifiers": [],
            "position": {}
          },
          "position": {}
        },
        "_1QbUwJTMEDeGSfkf-GiCow": {
          "key": "_1QbUwJTMEDeGSfkf-GiCow",
          "name": "glossary",
          "type": null,
          "probability": 1,
          "modifiers": [],
          "to_variable": {
            "key": "_HrUiw5TNEDeGSfkf-GiCow",
            "name": "glossary",
            "type": null,
            "modifiers": [],
            "position": {}
          },
          "position": {}
        },
        "_z2xaMJTMEDeGSfkf-GiCow": {
          "key": "_z2xaMJTMEDeGSfkf-GiCow",
          "name": "pageNo",
          "type": null,
          "probability": 1,
          "modifiers": [],
          "to_variable": {
            "key": "_HrUixJTNEDeGSfkf-GiCow",
            "name": "pageNo",
            "type": null,
            "modifiers": [],
            "position": {}
          },
          "position": {}
        },
        "_z2xaMZTMEDeGSfkf-GiCow": {
          "key": "_z2xaMZTMEDeGSfkf-GiCow",
          "name": "pageSize",
          "type": null,
          "probability": 1,
          "modifiers": [],
          "to_variable": {
            "key": "_HrUixZTNEDeGSfkf-GiCow",
            "name": "pageSize",
            "type": null,
            "modifiers": [],
            "position": {}
          },
          "position": {}
        }
      }
    },
    "parameters_to_parameters_data_clump-./TranslationsController-_HrUiwJTNEDeGSfkf-GiCow-_H4Fo4JTMEDeGSfkf-GiCow-sourceLanguagepageNopageSize": {
      "type": "data_clump",
      "key": "parameters_to_parameters_data_clump-./TranslationsController-_HrUiwJTNEDeGSfkf-GiCow-_H4Fo4JTMEDeGSfkf-GiCow-sourceLanguagepageNopageSize",
      "probability": 1,
      "from_file_path": "./TranslationsController",
      "from_class_or_interface_name": "TranslationsController",
      "from_class_or_interface_key": "_I6yyYZQkEDe2oJNwmQTrpg",
      "from_method_name": "Batch",
      "from_method_key": "_HrUiwJTNEDeGSfkf-GiCow",
      "to_file_path": "./TranslationsController",
      "to_class_or_interface_name": "TranslationsController",
      "to_class_or_interface_key": "_I6yyYZQkEDe2oJNwmQTrpg",
      "to_method_name": "GetAllTranslationsFromSource",
      "to_method_key": "_H4Fo4JTMEDeGSfkf-GiCow",
      "data_clump_type": "parameters_to_parameters_data_clump",
      "data_clump_data": {
        "_HrUiwZTNEDeGSfkf-GiCow": {
          "key": "_HrUiwZTNEDeGSfkf-GiCow",
          "name": "sourceLanguage",
          "type": null,
          "probability": 1,
          "modifiers": [],
          "to_variable": {
            "key": "_n4d1IJTMEDeGSfkf-GiCow",
            "name": "sourceLanguage",
            "type": null,
            "modifiers": [],
            "position": {}
          },
          "position": {}
        },
        "_HrUixJTNEDeGSfkf-GiCow": {
          "key": "_HrUixJTNEDeGSfkf-GiCow",
          "name": "pageNo",
          "type": null,
          "probability": 1,
          "modifiers": [],
          "to_variable": {
            "key": "_pSCQIJTMEDeGSfkf-GiCow",
            "name": "pageNo",
            "type": null,
            "modifiers": [],
            "position": {}
          },
          "position": {}
        },
        "_HrUixZTNEDeGSfkf-GiCow": {
          "key": "_HrUixZTNEDeGSfkf-GiCow",
          "name": "pageSize",
          "type": null,
          "probability": 1,
          "modifiers": [],
          "to_variable": {
            "key": "_pVP8MJTMEDeGSfkf-GiCow",
            "name": "pageSize",
            "type": null,
            "modifiers": [],
            "position": {}
          },
          "position": {}
        }
      }
    },
    "parameters_to_parameters_data_clump-./TranslationsController-_HrUiwJTNEDeGSfkf-GiCow-_T-5CoJTMEDeGSfkf-GiCow-sourceLanguagetargetLanguagepageNopageSize": {
      "type": "data_clump",
      "key": "parameters_to_parameters_data_clump-./TranslationsController-_HrUiwJTNEDeGSfkf-GiCow-_T-5CoJTMEDeGSfkf-GiCow-sourceLanguagetargetLanguagepageNopageSize",
      "probability": 1,
      "from_file_path": "./TranslationsController",
      "from_class_or_interface_name": "TranslationsController",
      "from_class_or_interface_key": "_I6yyYZQkEDe2oJNwmQTrpg",
      "from_method_name": "Batch",
      "from_method_key": "_HrUiwJTNEDeGSfkf-GiCow",
      "to_file_path": "./TranslationsController",
      "to_class_or_interface_name": "TranslationsController",
      "to_class_or_interface_key": "_I6yyYZQkEDe2oJNwmQTrpg",
      "to_method_name": "GetAllTranslationsFromSoureToTarget",
      "to_method_key": "_T-5CoJTMEDeGSfkf-GiCow",
      "data_clump_type": "parameters_to_parameters_data_clump",
      "data_clump_data": {
        "_HrUiwZTNEDeGSfkf-GiCow": {
          "key": "_HrUiwZTNEDeGSfkf-GiCow",
          "name": "sourceLanguage",
          "type": null,
          "probability": 1,
          "modifiers": [],
          "to_variable": {
            "key": "_sRwwoJTMEDeGSfkf-GiCow",
            "name": "sourceLanguage",
            "type": null,
            "modifiers": [],
            "position": {}
          },
          "position": {}
        },
        "_HrUiwpTNEDeGSfkf-GiCow": {
          "key": "_HrUiwpTNEDeGSfkf-GiCow",
          "name": "targetLanguage",
          "type": null,
          "probability": 1,
          "modifiers": [],
          "to_variable": {
            "key": "_sT5eoJTMEDeGSfkf-GiCow",
            "name": "targetLanguage",
            "type": null,
            "modifiers": [],
            "position": {}
          },
          "position": {}
        },
        "_HrUixJTNEDeGSfkf-GiCow": {
          "key": "_HrUixJTNEDeGSfkf-GiCow",
          "name": "pageNo",
          "type": null,
          "probability": 1,
          "modifiers": [],
          "to_variable": {
            "key": "_sdT5UJTMEDeGSfkf-GiCow",
            "name": "pageNo",
            "type": null,
            "modifiers": [],
            "position": {}
          },
          "position": {}
        },
        "_HrUixZTNEDeGSfkf-GiCow": {
          "key": "_HrUixZTNEDeGSfkf-GiCow",
          "name": "pageSize",
          "type": null,
          "probability": 1,
          "modifiers": [],
          "to_variable": {
            "key": "_svYgwJTMEDeGSfkf-GiCow",
            "name": "pageSize",
            "type": null,
            "modifiers": [],
            "position": {}
          },
          "position": {}
        }
      }
    },
    "parameters_to_parameters_data_clump-./TranslationsController-_HrUiwJTNEDeGSfkf-GiCow-_z2wzIJTMEDeGSfkf-GiCow-sourceLanguagetargetLanguageglossarypageNopageSize": {
      "type": "data_clump",
      "key": "parameters_to_parameters_data_clump-./TranslationsController-_HrUiwJTNEDeGSfkf-GiCow-_z2wzIJTMEDeGSfkf-GiCow-sourceLanguagetargetLanguageglossarypageNopageSize",
      "probability": 1,
      "from_file_path": "./TranslationsController",
      "from_class_or_interface_name": "TranslationsController",
      "from_class_or_interface_key": "_I6yyYZQkEDe2oJNwmQTrpg",
      "from_method_name": "Batch",
      "from_method_key": "_HrUiwJTNEDeGSfkf-GiCow",
      "to_file_path": "./TranslationsController",
      "to_class_or_interface_name": "TranslationsController",
      "to_class_or_interface_key": "_I6yyYZQkEDe2oJNwmQTrpg",
      "to_method_name": "GetAllTranslationsFromSoureToTargetWithGlossary",
      "to_method_key": "_z2wzIJTMEDeGSfkf-GiCow",
      "data_clump_type": "parameters_to_parameters_data_clump",
      "data_clump_data": {
        "_HrUiwZTNEDeGSfkf-GiCow": {
          "key": "_HrUiwZTNEDeGSfkf-GiCow",
          "name": "sourceLanguage",
          "type": null,
          "probability": 1,
          "modifiers": [],
          "to_variable": {
            "key": "_z2wzIZTMEDeGSfkf-GiCow",
            "name": "sourceLanguage",
            "type": null,
            "modifiers": [],
            "position": {}
          },
          "position": {}
        },
        "_HrUiwpTNEDeGSfkf-GiCow": {
          "key": "_HrUiwpTNEDeGSfkf-GiCow",
          "name": "targetLanguage",
          "type": null,
          "probability": 1,
          "modifiers": [],
          "to_variable": {
            "key": "_z2wzIpTMEDeGSfkf-GiCow",
            "name": "targetLanguage",
            "type": null,
            "modifiers": [],
            "position": {}
          },
          "position": {}
        },
        "_HrUiw5TNEDeGSfkf-GiCow": {
          "key": "_HrUiw5TNEDeGSfkf-GiCow",
          "name": "glossary",
          "type": null,
          "probability": 1,
          "modifiers": [],
          "to_variable": {
            "key": "_1QbUwJTMEDeGSfkf-GiCow",
            "name": "glossary",
            "type": null,
            "modifiers": [],
            "position": {}
          },
          "position": {}
        },
        "_HrUixJTNEDeGSfkf-GiCow": {
          "key": "_HrUixJTNEDeGSfkf-GiCow",
          "name": "pageNo",
          "type": null,
          "probability": 1,
          "modifiers": [],
          "to_variable": {
            "key": "_z2xaMJTMEDeGSfkf-GiCow",
            "name": "pageNo",
            "type": null,
            "modifiers": [],
            "position": {}
          },
          "position": {}
        },
        "_HrUixZTNEDeGSfkf-GiCow": {
          "key": "_HrUixZTNEDeGSfkf-GiCow",
          "name": "pageSize",
          "type": null,
          "probability": 1,
          "modifiers": [],
          "to_variable": {
            "key": "_z2xaMZTMEDeGSfkf-GiCow",
            "name": "pageSize",
            "type": null,
            "modifiers": [],
            "position": {}
          },
          "position": {}
        }
      }
    },
    "fields_to_fields_data_clump-./TranslationPostProcessorBase-_657HMJP4EDe2oJNwmQTrpg-_OCTiwJP4EDe2oJNwmQTrpg-NodenameAttributeName": {
      "type": "data_clump",
      "key": "fields_to_fields_data_clump-./TranslationPostProcessorBase-_657HMJP4EDe2oJNwmQTrpg-_OCTiwJP4EDe2oJNwmQTrpg-NodenameAttributeName",
      "probability": 1,
      "from_file_path": "./TranslationPostProcessorBase",
      "from_class_or_interface_name": "TranslationPostProcessorBase",
      "from_class_or_interface_key": "_657HMJP4EDe2oJNwmQTrpg",
      "from_method_name": null,
      "from_method_key": null,
      "to_file_path": "./TranslationPreProcessorBase",
      "to_class_or_interface_key": "_OCTiwJP4EDe2oJNwmQTrpg",
      "to_class_or_interface_name": "TranslationPostProcessorBase",
      "to_method_key": null,
      "to_method_name": null,
      "data_clump_type": "fields_to_fields_data_clump",
      "data_clump_data": {
        "_657HMZP4EDe2oJNwmQTrpg": {
          "key": "_657HMZP4EDe2oJNwmQTrpg",
          "name": "Nodename",
          "type": null,
          "probability": 1,
          "modifiers": [],
          "to_variable": {
            "key": "_Pugl4JP4EDe2oJNwmQTrpg",
            "name": "Nodename",
            "type": null,
            "modifiers": [],
            "position": {}
          },
          "position": {}
        },
        "_657HMpP4EDe2oJNwmQTrpg": {
          "key": "_657HMpP4EDe2oJNwmQTrpg",
          "name": "Attribute",
          "type": null,
          "probability": 1,
          "modifiers": [],
          "to_variable": {
            "key": "_Y4zyQJP4EDe2oJNwmQTrpg",
            "name": "Attribute",
            "type": null,
            "modifiers": [],
            "position": {}
          },
          "position": {}
        },
        "_657HM5P4EDe2oJNwmQTrpg": {
          "key": "_657HM5P4EDe2oJNwmQTrpg",
          "name": "Name",
          "type": null,
          "probability": 1,
          "modifiers": [],
          "to_variable": {
            "key": "_cxjlcJP4EDe2oJNwmQTrpg",
            "name": "Name",
            "type": null,
            "modifiers": [],
            "position": {}
          },
          "position": {}
        }
      }
    },
    "fields_to_fields_data_clump-./TranslationPreProcessorBase-_OCTiwJP4EDe2oJNwmQTrpg-_657HMJP4EDe2oJNwmQTrpg-NodenameAttributeName": {
      "type": "data_clump",
      "key": "fields_to_fields_data_clump-./TranslationPreProcessorBase-_OCTiwJP4EDe2oJNwmQTrpg-_657HMJP4EDe2oJNwmQTrpg-NodenameAttributeName",
      "probability": 1,
      "from_file_path": "./TranslationPreProcessorBase",
      "from_class_or_interface_name": "TranslationPreProcessorBase",
      "from_class_or_interface_key": "_OCTiwJP4EDe2oJNwmQTrpg",
      "from_method_name": null,
      "from_method_key": null,
      "to_file_path": "./TranslationPostProcessorBase",
      "to_class_or_interface_key": "_657HMJP4EDe2oJNwmQTrpg",
      "to_class_or_interface_name": "TranslationPreProcessorBase",
      "to_method_key": null,
      "to_method_name": null,
      "data_clump_type": "fields_to_fields_data_clump",
      "data_clump_data": {
        "_Pugl4JP4EDe2oJNwmQTrpg": {
          "key": "_Pugl4JP4EDe2oJNwmQTrpg",
          "name": "Nodename",
          "type": null,
          "probability": 1,
          "modifiers": [],
          "to_variable": {
            "key": "_657HMZP4EDe2oJNwmQTrpg",
            "name": "Nodename",
            "type": null,
            "modifiers": [],
            "position": {}
          },
          "position": {}
        },
        "_Y4zyQJP4EDe2oJNwmQTrpg": {
          "key": "_Y4zyQJP4EDe2oJNwmQTrpg",
          "name": "Attribute",
          "type": null,
          "probability": 1,
          "modifiers": [],
          "to_variable": {
            "key": "_657HMpP4EDe2oJNwmQTrpg",
            "name": "Attribute",
            "type": null,
            "modifiers": [],
            "position": {}
          },
          "position": {}
        },
        "_cxjlcJP4EDe2oJNwmQTrpg": {
          "key": "_cxjlcJP4EDe2oJNwmQTrpg",
          "name": "Name",
          "type": null,
          "probability": 1,
          "modifiers": [],
          "to_variable": {
            "key": "_657HM5P4EDe2oJNwmQTrpg",
            "name": "Name",
            "type": null,
            "modifiers": [],
            "position": {}
          },
          "position": {}
        }
      }
    }
  }
}