{
  "report_version": "unknown",
  "report_timestamp": "2025-03-26T23:03:35.979Z",
  "target_language": "java",
  "report_summary": {
    "additional": null,
    "amount_classes_or_interfaces_with_data_clumps": 2,
    "amount_files_with_data_clumps": 2,
    "amount_methods_with_data_clumps": 0,
    "fields_to_fields_data_clump": 2,
    "parameters_to_fields_data_clump": 0,
    "parameters_to_parameters_data_clump": 0,
    "amount_data_clumps": 2
  },
  "project_info": {
    "project_url": "unknown_project_url",
    "project_name": "_ixwLQI_NEeqwvcm2LAkYWA",
    "project_version": "unknown_project_version",
    "project_commit_hash": "unknown",
    "project_tag": null,
    "project_commit_date": null,
    "additional": {},
    "number_of_files": 9,
    "number_of_classes_or_interfaces": 9,
    "number_of_methods": 15,
    "number_of_data_fields": 24,
    "number_of_method_parameters": 0
  },
  "detector": {
    "name": "data-clumps-doctor",
    "url": "https://github.com/NilsBaumgartner1994/data-clumps-doctor",
    "version": "0.1.100",
    "options": {
      "typeVariablesConsidered": false,
      "similarityModifierOfVariablesWithUnknownType": 0,
      "fieldsOfClassesWithUnknownHierarchyProbabilityModifier": 0,
      "sharedFieldsToFieldsAmountMinimum": 3,
      "analyseFieldsInClassesOrInterfacesInheritedFromSuperClassesOrInterfaces": false,
      "sharedParametersToParametersAmountMinimum": 3,
      "sharedParametersToFieldsAmountMinimum": 3,
      "methodsOfClassesOrInterfacesWithUnknownHierarchyProbabilityModifier": 0
    }
  },
  "data_clumps": {
    "fields_to_fields_data_clump-./Examen-_OwabMHH9EDi7lp-uZm-wkg-_GmhYYHH8EDi7lp-uZm-wkg-idalumnonombrealumnonotafinal": {
      "type": "data_clump",
      "key": "fields_to_fields_data_clump-./Examen-_OwabMHH9EDi7lp-uZm-wkg-_GmhYYHH8EDi7lp-uZm-wkg-idalumnonombrealumnonotafinal",
      "probability": 1,
      "from_file_path": "./Examen",
      "from_class_or_interface_name": "Examen",
      "from_class_or_interface_key": "_OwabMHH9EDi7lp-uZm-wkg",
      "from_method_name": null,
      "from_method_key": null,
      "to_file_path": "./Sistemasexam",
      "to_class_or_interface_key": "_GmhYYHH8EDi7lp-uZm-wkg",
      "to_class_or_interface_name": "Examen",
      "to_method_key": null,
      "to_method_name": null,
      "data_clump_type": "fields_to_fields_data_clump",
      "data_clump_data": {
        "_OwabMXH9EDi7lp-uZm-wkg": {
          "key": "_OwabMXH9EDi7lp-uZm-wkg",
          "name": "idalumno",
          "type": null,
          "probability": 1,
          "modifiers": [],
          "to_variable": {
            "key": "_Gmh_cHH8EDi7lp-uZm-wkg",
            "name": "idalumno",
            "type": null,
            "modifiers": [],
            "position": {}
          },
          "position": {}
        },
        "_OwabMnH9EDi7lp-uZm-wkg": {
          "key": "_OwabMnH9EDi7lp-uZm-wkg",
          "name": "nombrealumno",
          "type": null,
          "probability": 1,
          "modifiers": [],
          "to_variable": {
            "key": "_Gmh_cXH8EDi7lp-uZm-wkg",
            "name": "nombrealumno",
            "type": null,
            "modifiers": [],
            "position": {}
          },
          "position": {}
        },
        "_tc9oEXH9EDi7lp-uZm-wkg": {
          "key": "_tc9oEXH9EDi7lp-uZm-wkg",
          "name": "notafinal",
          "type": null,
          "probability": 1,
          "modifiers": [],
          "to_variable": {
            "key": "_GmimgHH8EDi7lp-uZm-wkg",
            "name": "notafinal",
            "type": null,
            "modifiers": [],
            "position": {}
          },
          "position": {}
        }
      }
    },
    "fields_to_fields_data_clump-./Sistemasexam-_GmhYYHH8EDi7lp-uZm-wkg-_OwabMHH9EDi7lp-uZm-wkg-idalumnonombrealumnonotafinal": {
      "type": "data_clump",
      "key": "fields_to_fields_data_clump-./Sistemasexam-_GmhYYHH8EDi7lp-uZm-wkg-_OwabMHH9EDi7lp-uZm-wkg-idalumnonombrealumnonotafinal",
      "probability": 1,
      "from_file_path": "./Sistemasexam",
      "from_class_or_interface_name": "Sistemasexam",
      "from_class_or_interface_key": "_GmhYYHH8EDi7lp-uZm-wkg",
      "from_method_name": null,
      "from_method_key": null,
      "to_file_path": "./Examen",
      "to_class_or_interface_key": "_OwabMHH9EDi7lp-uZm-wkg",
      "to_class_or_interface_name": "Sistemasexam",
      "to_method_key": null,
      "to_method_name": null,
      "data_clump_type": "fields_to_fields_data_clump",
      "data_clump_data": {
        "_Gmh_cHH8EDi7lp-uZm-wkg": {
          "key": "_Gmh_cHH8EDi7lp-uZm-wkg",
          "name": "idalumno",
          "type": null,
          "probability": 1,
          "modifiers": [],
          "to_variable": {
            "key": "_OwabMXH9EDi7lp-uZm-wkg",
            "name": "idalumno",
            "type": null,
            "modifiers": [],
            "position": {}
          },
          "position": {}
        },
        "_Gmh_cXH8EDi7lp-uZm-wkg": {
          "key": "_Gmh_cXH8EDi7lp-uZm-wkg",
          "name": "nombrealumno",
          "type": null,
          "probability": 1,
          "modifiers": [],
          "to_variable": {
            "key": "_OwabMnH9EDi7lp-uZm-wkg",
            "name": "nombrealumno",
            "type": null,
            "modifiers": [],
            "position": {}
          },
          "position": {}
        },
        "_GmimgHH8EDi7lp-uZm-wkg": {
          "key": "_GmimgHH8EDi7lp-uZm-wkg",
          "name": "notafinal",
          "type": null,
          "probability": 1,
          "modifiers": [],
          "to_variable": {
            "key": "_tc9oEXH9EDi7lp-uZm-wkg",
            "name": "notafinal",
            "type": null,
            "modifiers": [],
            "position": {}
          },
          "position": {}
        }
      }
    }
  }
}