{
  "report_version": "unknown",
  "report_timestamp": "2025-03-26T21:58:57.032Z",
  "target_language": "java",
  "report_summary": {
    "additional": null,
    "amount_classes_or_interfaces_with_data_clumps": 3,
    "amount_files_with_data_clumps": 3,
    "amount_methods_with_data_clumps": 0,
    "fields_to_fields_data_clump": 6,
    "parameters_to_fields_data_clump": 0,
    "parameters_to_parameters_data_clump": 0,
    "amount_data_clumps": 6
  },
  "project_info": {
    "project_url": "unknown_project_url",
    "project_name": "_SCu6gBAhEeeoBvzX9wJhsQ",
    "project_version": "unknown_project_version",
    "project_commit_hash": "unknown",
    "project_tag": null,
    "project_commit_date": null,
    "additional": {},
    "number_of_files": 14,
    "number_of_classes_or_interfaces": 14,
    "number_of_methods": 0,
    "number_of_data_fields": 16,
    "number_of_method_parameters": 0
  },
  "detector": {
    "name": "data-clumps-doctor",
    "url": "https://github.com/NilsBaumgartner1994/data-clumps-doctor",
    "version": "0.1.100",
    "options": {
      "typeVariablesConsidered": false,
      "similarityModifierOfVariablesWithUnknownType": 0,
      "fieldsOfClassesWithUnknownHierarchyProbabilityModifier": 0,
      "sharedFieldsToFieldsAmountMinimum": 3,
      "analyseFieldsInClassesOrInterfacesInheritedFromSuperClassesOrInterfaces": false,
      "sharedParametersToParametersAmountMinimum": 3,
      "sharedParametersToFieldsAmountMinimum": 3,
      "methodsOfClassesOrInterfacesWithUnknownHierarchyProbabilityModifier": 0
    }
  },
  "data_clumps": {
    "fields_to_fields_data_clump-./C_Corporativa-_BJtw0PJSEDSCjpdKTC4-Lw-_PR8sQPJREDSCjpdKTC4-Lw-AgenciaSaldoN.Conta": {
      "type": "data_clump",
      "key": "fields_to_fields_data_clump-./C_Corporativa-_BJtw0PJSEDSCjpdKTC4-Lw-_PR8sQPJREDSCjpdKTC4-Lw-AgenciaSaldoN.Conta",
      "probability": 1,
      "from_file_path": "./C_Corporativa",
      "from_class_or_interface_name": "C_Corporativa",
      "from_class_or_interface_key": "_BJtw0PJSEDSCjpdKTC4-Lw",
      "from_method_name": null,
      "from_method_key": null,
      "to_file_path": "./C_Especial",
      "to_class_or_interface_key": "_PR8sQPJREDSCjpdKTC4-Lw",
      "to_class_or_interface_name": "C_Corporativa",
      "to_method_key": null,
      "to_method_name": null,
      "data_clump_type": "fields_to_fields_data_clump",
      "data_clump_data": {
        "_yeljsPJSEDSCjpdKTC4-Lw": {
          "key": "_yeljsPJSEDSCjpdKTC4-Lw",
          "name": "Agencia",
          "type": null,
          "probability": 1,
          "modifiers": [],
          "to_variable": {
            "key": "_yHy0UPJSEDSCjpdKTC4-Lw",
            "name": "Agencia",
            "type": null,
            "modifiers": [],
            "position": {}
          },
          "position": {}
        },
        "_yemx0PJSEDSCjpdKTC4-Lw": {
          "key": "_yemx0PJSEDSCjpdKTC4-Lw",
          "name": "Saldo",
          "type": null,
          "probability": 1,
          "modifiers": [
            "public"
          ],
          "to_variable": {
            "key": "_yHzbYPJSEDSCjpdKTC4-Lw",
            "name": "Saldo",
            "type": null,
            "modifiers": [
              "public"
            ],
            "position": {}
          },
          "position": {}
        },
        "_yemx0fJSEDSCjpdKTC4-Lw": {
          "key": "_yemx0fJSEDSCjpdKTC4-Lw",
          "name": "N.Conta",
          "type": null,
          "probability": 1,
          "modifiers": [
            "public"
          ],
          "to_variable": {
            "key": "_yH0CcPJSEDSCjpdKTC4-Lw",
            "name": "N.Conta",
            "type": null,
            "modifiers": [
              "public"
            ],
            "position": {}
          },
          "position": {}
        }
      }
    },
    "fields_to_fields_data_clump-./C_Corporativa-_BJtw0PJSEDSCjpdKTC4-Lw-_jKp8EPJREDSCjpdKTC4-Lw-AgenciaSaldoN.Conta": {
      "type": "data_clump",
      "key": "fields_to_fields_data_clump-./C_Corporativa-_BJtw0PJSEDSCjpdKTC4-Lw-_jKp8EPJREDSCjpdKTC4-Lw-AgenciaSaldoN.Conta",
      "probability": 1,
      "from_file_path": "./C_Corporativa",
      "from_class_or_interface_name": "C_Corporativa",
      "from_class_or_interface_key": "_BJtw0PJSEDSCjpdKTC4-Lw",
      "from_method_name": null,
      "from_method_key": null,
      "to_file_path": "./C_Universitaria",
      "to_class_or_interface_key": "_jKp8EPJREDSCjpdKTC4-Lw",
      "to_class_or_interface_name": "C_Corporativa",
      "to_method_key": null,
      "to_method_name": null,
      "data_clump_type": "fields_to_fields_data_clump",
      "data_clump_data": {
        "_yeljsPJSEDSCjpdKTC4-Lw": {
          "key": "_yeljsPJSEDSCjpdKTC4-Lw",
          "name": "Agencia",
          "type": null,
          "probability": 1,
          "modifiers": [],
          "to_variable": {
            "key": "_ZsotAPJSEDSCjpdKTC4-Lw",
            "name": "Agencia",
            "type": null,
            "modifiers": [],
            "position": {}
          },
          "position": {}
        },
        "_yemx0PJSEDSCjpdKTC4-Lw": {
          "key": "_yemx0PJSEDSCjpdKTC4-Lw",
          "name": "Saldo",
          "type": null,
          "probability": 1,
          "modifiers": [
            "public"
          ],
          "to_variable": {
            "key": "_bWoJoPJSEDSCjpdKTC4-Lw",
            "name": "Saldo",
            "type": null,
            "modifiers": [
              "public"
            ],
            "position": {}
          },
          "position": {}
        },
        "_yemx0fJSEDSCjpdKTC4-Lw": {
          "key": "_yemx0fJSEDSCjpdKTC4-Lw",
          "name": "N.Conta",
          "type": null,
          "probability": 1,
          "modifiers": [
            "public"
          ],
          "to_variable": {
            "key": "_bLyyoPJSEDSCjpdKTC4-Lw",
            "name": "N.Conta",
            "type": null,
            "modifiers": [
              "public"
            ],
            "position": {}
          },
          "position": {}
        }
      }
    },
    "fields_to_fields_data_clump-./C_Especial-_PR8sQPJREDSCjpdKTC4-Lw-_BJtw0PJSEDSCjpdKTC4-Lw-AgenciaSaldoN.Conta": {
      "type": "data_clump",
      "key": "fields_to_fields_data_clump-./C_Especial-_PR8sQPJREDSCjpdKTC4-Lw-_BJtw0PJSEDSCjpdKTC4-Lw-AgenciaSaldoN.Conta",
      "probability": 1,
      "from_file_path": "./C_Especial",
      "from_class_or_interface_name": "C_Especial",
      "from_class_or_interface_key": "_PR8sQPJREDSCjpdKTC4-Lw",
      "from_method_name": null,
      "from_method_key": null,
      "to_file_path": "./C_Corporativa",
      "to_class_or_interface_key": "_BJtw0PJSEDSCjpdKTC4-Lw",
      "to_class_or_interface_name": "C_Especial",
      "to_method_key": null,
      "to_method_name": null,
      "data_clump_type": "fields_to_fields_data_clump",
      "data_clump_data": {
        "_yHy0UPJSEDSCjpdKTC4-Lw": {
          "key": "_yHy0UPJSEDSCjpdKTC4-Lw",
          "name": "Agencia",
          "type": null,
          "probability": 1,
          "modifiers": [],
          "to_variable": {
            "key": "_yeljsPJSEDSCjpdKTC4-Lw",
            "name": "Agencia",
            "type": null,
            "modifiers": [],
            "position": {}
          },
          "position": {}
        },
        "_yHzbYPJSEDSCjpdKTC4-Lw": {
          "key": "_yHzbYPJSEDSCjpdKTC4-Lw",
          "name": "Saldo",
          "type": null,
          "probability": 1,
          "modifiers": [
            "public"
          ],
          "to_variable": {
            "key": "_yemx0PJSEDSCjpdKTC4-Lw",
            "name": "Saldo",
            "type": null,
            "modifiers": [
              "public"
            ],
            "position": {}
          },
          "position": {}
        },
        "_yH0CcPJSEDSCjpdKTC4-Lw": {
          "key": "_yH0CcPJSEDSCjpdKTC4-Lw",
          "name": "N.Conta",
          "type": null,
          "probability": 1,
          "modifiers": [
            "public"
          ],
          "to_variable": {
            "key": "_yemx0fJSEDSCjpdKTC4-Lw",
            "name": "N.Conta",
            "type": null,
            "modifiers": [
              "public"
            ],
            "position": {}
          },
          "position": {}
        }
      }
    },
    "fields_to_fields_data_clump-./C_Especial-_PR8sQPJREDSCjpdKTC4-Lw-_jKp8EPJREDSCjpdKTC4-Lw-AgenciaSaldoN.Conta": {
      "type": "data_clump",
      "key": "fields_to_fields_data_clump-./C_Especial-_PR8sQPJREDSCjpdKTC4-Lw-_jKp8EPJREDSCjpdKTC4-Lw-AgenciaSaldoN.Conta",
      "probability": 1,
      "from_file_path": "./C_Especial",
      "from_class_or_interface_name": "C_Especial",
      "from_class_or_interface_key": "_PR8sQPJREDSCjpdKTC4-Lw",
      "from_method_name": null,
      "from_method_key": null,
      "to_file_path": "./C_Universitaria",
      "to_class_or_interface_key": "_jKp8EPJREDSCjpdKTC4-Lw",
      "to_class_or_interface_name": "C_Especial",
      "to_method_key": null,
      "to_method_name": null,
      "data_clump_type": "fields_to_fields_data_clump",
      "data_clump_data": {
        "_yHy0UPJSEDSCjpdKTC4-Lw": {
          "key": "_yHy0UPJSEDSCjpdKTC4-Lw",
          "name": "Agencia",
          "type": null,
          "probability": 1,
          "modifiers": [],
          "to_variable": {
            "key": "_ZsotAPJSEDSCjpdKTC4-Lw",
            "name": "Agencia",
            "type": null,
            "modifiers": [],
            "position": {}
          },
          "position": {}
        },
        "_yHzbYPJSEDSCjpdKTC4-Lw": {
          "key": "_yHzbYPJSEDSCjpdKTC4-Lw",
          "name": "Saldo",
          "type": null,
          "probability": 1,
          "modifiers": [
            "public"
          ],
          "to_variable": {
            "key": "_bWoJoPJSEDSCjpdKTC4-Lw",
            "name": "Saldo",
            "type": null,
            "modifiers": [
              "public"
            ],
            "position": {}
          },
          "position": {}
        },
        "_yH0CcPJSEDSCjpdKTC4-Lw": {
          "key": "_yH0CcPJSEDSCjpdKTC4-Lw",
          "name": "N.Conta",
          "type": null,
          "probability": 1,
          "modifiers": [
            "public"
          ],
          "to_variable": {
            "key": "_bLyyoPJSEDSCjpdKTC4-Lw",
            "name": "N.Conta",
            "type": null,
            "modifiers": [
              "public"
            ],
            "position": {}
          },
          "position": {}
        }
      }
    },
    "fields_to_fields_data_clump-./C_Universitaria-_jKp8EPJREDSCjpdKTC4-Lw-_BJtw0PJSEDSCjpdKTC4-Lw-AgenciaN.ContaSaldo": {
      "type": "data_clump",
      "key": "fields_to_fields_data_clump-./C_Universitaria-_jKp8EPJREDSCjpdKTC4-Lw-_BJtw0PJSEDSCjpdKTC4-Lw-AgenciaN.ContaSaldo",
      "probability": 1,
      "from_file_path": "./C_Universitaria",
      "from_class_or_interface_name": "C_Universitaria",
      "from_class_or_interface_key": "_jKp8EPJREDSCjpdKTC4-Lw",
      "from_method_name": null,
      "from_method_key": null,
      "to_file_path": "./C_Corporativa",
      "to_class_or_interface_key": "_BJtw0PJSEDSCjpdKTC4-Lw",
      "to_class_or_interface_name": "C_Universitaria",
      "to_method_key": null,
      "to_method_name": null,
      "data_clump_type": "fields_to_fields_data_clump",
      "data_clump_data": {
        "_ZsotAPJSEDSCjpdKTC4-Lw": {
          "key": "_ZsotAPJSEDSCjpdKTC4-Lw",
          "name": "Agencia",
          "type": null,
          "probability": 1,
          "modifiers": [],
          "to_variable": {
            "key": "_yeljsPJSEDSCjpdKTC4-Lw",
            "name": "Agencia",
            "type": null,
            "modifiers": [],
            "position": {}
          },
          "position": {}
        },
        "_bLyyoPJSEDSCjpdKTC4-Lw": {
          "key": "_bLyyoPJSEDSCjpdKTC4-Lw",
          "name": "N.Conta",
          "type": null,
          "probability": 1,
          "modifiers": [
            "public"
          ],
          "to_variable": {
            "key": "_yemx0fJSEDSCjpdKTC4-Lw",
            "name": "N.Conta",
            "type": null,
            "modifiers": [
              "public"
            ],
            "position": {}
          },
          "position": {}
        },
        "_bWoJoPJSEDSCjpdKTC4-Lw": {
          "key": "_bWoJoPJSEDSCjpdKTC4-Lw",
          "name": "Saldo",
          "type": null,
          "probability": 1,
          "modifiers": [
            "public"
          ],
          "to_variable": {
            "key": "_yemx0PJSEDSCjpdKTC4-Lw",
            "name": "Saldo",
            "type": null,
            "modifiers": [
              "public"
            ],
            "position": {}
          },
          "position": {}
        }
      }
    },
    "fields_to_fields_data_clump-./C_Universitaria-_jKp8EPJREDSCjpdKTC4-Lw-_PR8sQPJREDSCjpdKTC4-Lw-AgenciaN.ContaSaldo": {
      "type": "data_clump",
      "key": "fields_to_fields_data_clump-./C_Universitaria-_jKp8EPJREDSCjpdKTC4-Lw-_PR8sQPJREDSCjpdKTC4-Lw-AgenciaN.ContaSaldo",
      "probability": 1,
      "from_file_path": "./C_Universitaria",
      "from_class_or_interface_name": "C_Universitaria",
      "from_class_or_interface_key": "_jKp8EPJREDSCjpdKTC4-Lw",
      "from_method_name": null,
      "from_method_key": null,
      "to_file_path": "./C_Especial",
      "to_class_or_interface_key": "_PR8sQPJREDSCjpdKTC4-Lw",
      "to_class_or_interface_name": "C_Universitaria",
      "to_method_key": null,
      "to_method_name": null,
      "data_clump_type": "fields_to_fields_data_clump",
      "data_clump_data": {
        "_ZsotAPJSEDSCjpdKTC4-Lw": {
          "key": "_ZsotAPJSEDSCjpdKTC4-Lw",
          "name": "Agencia",
          "type": null,
          "probability": 1,
          "modifiers": [],
          "to_variable": {
            "key": "_yHy0UPJSEDSCjpdKTC4-Lw",
            "name": "Agencia",
            "type": null,
            "modifiers": [],
            "position": {}
          },
          "position": {}
        },
        "_bLyyoPJSEDSCjpdKTC4-Lw": {
          "key": "_bLyyoPJSEDSCjpdKTC4-Lw",
          "name": "N.Conta",
          "type": null,
          "probability": 1,
          "modifiers": [
            "public"
          ],
          "to_variable": {
            "key": "_yH0CcPJSEDSCjpdKTC4-Lw",
            "name": "N.Conta",
            "type": null,
            "modifiers": [
              "public"
            ],
            "position": {}
          },
          "position": {}
        },
        "_bWoJoPJSEDSCjpdKTC4-Lw": {
          "key": "_bWoJoPJSEDSCjpdKTC4-Lw",
          "name": "Saldo",
          "type": null,
          "probability": 1,
          "modifiers": [
            "public"
          ],
          "to_variable": {
            "key": "_yHzbYPJSEDSCjpdKTC4-Lw",
            "name": "Saldo",
            "type": null,
            "modifiers": [
              "public"
            ],
            "position": {}
          },
          "position": {}
        }
      }
    }
  }
}