{
  "report_version": "unknown",
  "report_timestamp": "2025-03-26T22:24:30.922Z",
  "target_language": "java",
  "report_summary": {
    "additional": null,
    "amount_classes_or_interfaces_with_data_clumps": 6,
    "amount_files_with_data_clumps": 6,
    "amount_methods_with_data_clumps": 6,
    "fields_to_fields_data_clump": 0,
    "parameters_to_fields_data_clump": 0,
    "parameters_to_parameters_data_clump": 30,
    "amount_data_clumps": 30
  },
  "project_info": {
    "project_url": "unknown_project_url",
    "project_name": "_usnk0OFEEemrJo0JEnN_HA",
    "project_version": "unknown_project_version",
    "project_commit_hash": "unknown",
    "project_tag": null,
    "project_commit_date": null,
    "additional": {},
    "number_of_files": 25,
    "number_of_classes_or_interfaces": 25,
    "number_of_methods": 22,
    "number_of_data_fields": 8,
    "number_of_method_parameters": 20
  },
  "detector": {
    "name": "data-clumps-doctor",
    "url": "https://github.com/NilsBaumgartner1994/data-clumps-doctor",
    "version": "0.1.100",
    "options": {
      "typeVariablesConsidered": false,
      "similarityModifierOfVariablesWithUnknownType": 0,
      "fieldsOfClassesWithUnknownHierarchyProbabilityModifier": 0,
      "sharedFieldsToFieldsAmountMinimum": 3,
      "analyseFieldsInClassesOrInterfacesInheritedFromSuperClassesOrInterfaces": false,
      "sharedParametersToParametersAmountMinimum": 3,
      "sharedParametersToFieldsAmountMinimum": 3,
      "methodsOfClassesOrInterfacesWithUnknownHierarchyProbabilityModifier": 0
    }
  },
  "data_clumps": {
    "parameters_to_parameters_data_clump-./cors-_rrNqMfcgEDGxBq37lTOLFg-_8HgcYcUTEDeUQMu7pP9KyA-parameterparameter2parameter3": {
      "type": "data_clump",
      "key": "parameters_to_parameters_data_clump-./cors-_rrNqMfcgEDGxBq37lTOLFg-_8HgcYcUTEDeUQMu7pP9KyA-parameterparameter2parameter3",
      "probability": 1,
      "from_file_path": "./cors",
      "from_class_or_interface_name": "cors",
      "from_class_or_interface_key": "_bZo5IPcgEDGxBq37lTOLFg",
      "from_method_name": "onRequest",
      "from_method_key": "_rrNqMfcgEDGxBq37lTOLFg",
      "to_file_path": "./cors2",
      "to_class_or_interface_name": "cors2",
      "to_class_or_interface_key": "_8HgcYMUTEDeUQMu7pP9KyA",
      "to_method_name": "onRequest",
      "to_method_key": "_8HgcYcUTEDeUQMu7pP9KyA",
      "data_clump_type": "parameters_to_parameters_data_clump",
      "data_clump_data": {
        "_gexVAPciEDGxBq37lTOLFg": {
          "key": "_gexVAPciEDGxBq37lTOLFg",
          "name": "parameter",
          "type": null,
          "probability": 1,
          "modifiers": [],
          "to_variable": {
            "key": "_8HgcY8UTEDeUQMu7pP9KyA",
            "name": "parameter",
            "type": null,
            "modifiers": [],
            "position": {}
          },
          "position": {}
        },
        "_qr8ToPciEDGxBq37lTOLFg": {
          "key": "_qr8ToPciEDGxBq37lTOLFg",
          "name": "parameter2",
          "type": null,
          "probability": 1,
          "modifiers": [],
          "to_variable": {
            "key": "_8HhDcMUTEDeUQMu7pP9KyA",
            "name": "parameter2",
            "type": null,
            "modifiers": [],
            "position": {}
          },
          "position": {}
        },
        "_sDhxoPciEDGxBq37lTOLFg": {
          "key": "_sDhxoPciEDGxBq37lTOLFg",
          "name": "parameter3",
          "type": null,
          "probability": 1,
          "modifiers": [],
          "to_variable": {
            "key": "_8HhDccUTEDeUQMu7pP9KyA",
            "name": "parameter3",
            "type": null,
            "modifiers": [],
            "position": {}
          },
          "position": {}
        }
      }
    },
    "parameters_to_parameters_data_clump-./cors-_rrNqMfcgEDGxBq37lTOLFg-_VHLysMN3EDeRWaEVKvivIw-parameterparameter2parameter3": {
      "type": "data_clump",
      "key": "parameters_to_parameters_data_clump-./cors-_rrNqMfcgEDGxBq37lTOLFg-_VHLysMN3EDeRWaEVKvivIw-parameterparameter2parameter3",
      "probability": 1,
      "from_file_path": "./cors",
      "from_class_or_interface_name": "cors",
      "from_class_or_interface_key": "_bZo5IPcgEDGxBq37lTOLFg",
      "from_method_name": "onRequest",
      "from_method_key": "_rrNqMfcgEDGxBq37lTOLFg",
      "to_file_path": "./expressjson",
      "to_class_or_interface_name": "expressjson",
      "to_class_or_interface_key": "_VHLLoMN3EDeRWaEVKvivIw",
      "to_method_name": "onRequest",
      "to_method_key": "_VHLysMN3EDeRWaEVKvivIw",
      "data_clump_type": "parameters_to_parameters_data_clump",
      "data_clump_data": {
        "_gexVAPciEDGxBq37lTOLFg": {
          "key": "_gexVAPciEDGxBq37lTOLFg",
          "name": "parameter",
          "type": null,
          "probability": 1,
          "modifiers": [],
          "to_variable": {
            "key": "_VHNA0MN3EDeRWaEVKvivIw",
            "name": "parameter",
            "type": null,
            "modifiers": [],
            "position": {}
          },
          "position": {}
        },
        "_qr8ToPciEDGxBq37lTOLFg": {
          "key": "_qr8ToPciEDGxBq37lTOLFg",
          "name": "parameter2",
          "type": null,
          "probability": 1,
          "modifiers": [],
          "to_variable": {
            "key": "_VHNA0cN3EDeRWaEVKvivIw",
            "name": "parameter2",
            "type": null,
            "modifiers": [],
            "position": {}
          },
          "position": {}
        },
        "_sDhxoPciEDGxBq37lTOLFg": {
          "key": "_sDhxoPciEDGxBq37lTOLFg",
          "name": "parameter3",
          "type": null,
          "probability": 1,
          "modifiers": [],
          "to_variable": {
            "key": "_VHNn4MN3EDeRWaEVKvivIw",
            "name": "parameter3",
            "type": null,
            "modifiers": [],
            "position": {}
          },
          "position": {}
        }
      }
    },
    "parameters_to_parameters_data_clump-./cors-_rrNqMfcgEDGxBq37lTOLFg-_8HiRk8UTEDeUQMu7pP9KyA-parameterparameter2parameter3": {
      "type": "data_clump",
      "key": "parameters_to_parameters_data_clump-./cors-_rrNqMfcgEDGxBq37lTOLFg-_8HiRk8UTEDeUQMu7pP9KyA-parameterparameter2parameter3",
      "probability": 1,
      "from_file_path": "./cors",
      "from_class_or_interface_name": "cors",
      "from_class_or_interface_key": "_bZo5IPcgEDGxBq37lTOLFg",
      "from_method_name": "onRequest",
      "from_method_key": "_rrNqMfcgEDGxBq37lTOLFg",
      "to_file_path": "./expressjson2",
      "to_class_or_interface_name": "expressjson2",
      "to_class_or_interface_key": "_8HiRksUTEDeUQMu7pP9KyA",
      "to_method_name": "onRequest",
      "to_method_key": "_8HiRk8UTEDeUQMu7pP9KyA",
      "data_clump_type": "parameters_to_parameters_data_clump",
      "data_clump_data": {
        "_gexVAPciEDGxBq37lTOLFg": {
          "key": "_gexVAPciEDGxBq37lTOLFg",
          "name": "parameter",
          "type": null,
          "probability": 1,
          "modifiers": [],
          "to_variable": {
            "key": "_8HiRlcUTEDeUQMu7pP9KyA",
            "name": "parameter",
            "type": null,
            "modifiers": [],
            "position": {}
          },
          "position": {}
        },
        "_qr8ToPciEDGxBq37lTOLFg": {
          "key": "_qr8ToPciEDGxBq37lTOLFg",
          "name": "parameter2",
          "type": null,
          "probability": 1,
          "modifiers": [],
          "to_variable": {
            "key": "_8HiRlsUTEDeUQMu7pP9KyA",
            "name": "parameter2",
            "type": null,
            "modifiers": [],
            "position": {}
          },
          "position": {}
        },
        "_sDhxoPciEDGxBq37lTOLFg": {
          "key": "_sDhxoPciEDGxBq37lTOLFg",
          "name": "parameter3",
          "type": null,
          "probability": 1,
          "modifiers": [],
          "to_variable": {
            "key": "_8HiRl8UTEDeUQMu7pP9KyA",
            "name": "parameter3",
            "type": null,
            "modifiers": [],
            "position": {}
          },
          "position": {}
        }
      }
    },
    "parameters_to_parameters_data_clump-./cors-_rrNqMfcgEDGxBq37lTOLFg-_HZM_wMN3EDeRWaEVKvivIw-parameterparameter2parameter3": {
      "type": "data_clump",
      "key": "parameters_to_parameters_data_clump-./cors-_rrNqMfcgEDGxBq37lTOLFg-_HZM_wMN3EDeRWaEVKvivIw-parameterparameter2parameter3",
      "probability": 1,
      "from_file_path": "./cors",
      "from_class_or_interface_name": "cors",
      "from_class_or_interface_key": "_bZo5IPcgEDGxBq37lTOLFg",
      "from_method_name": "onRequest",
      "from_method_key": "_rrNqMfcgEDGxBq37lTOLFg",
      "to_file_path": "./expressurlencoded",
      "to_class_or_interface_name": "expressurlencoded",
      "to_class_or_interface_key": "_EaFjQMN3EDeRWaEVKvivIw",
      "to_method_name": "onRequest",
      "to_method_key": "_HZM_wMN3EDeRWaEVKvivIw",
      "data_clump_type": "parameters_to_parameters_data_clump",
      "data_clump_data": {
        "_gexVAPciEDGxBq37lTOLFg": {
          "key": "_gexVAPciEDGxBq37lTOLFg",
          "name": "parameter",
          "type": null,
          "probability": 1,
          "modifiers": [],
          "to_variable": {
            "key": "_HZNm0cN3EDeRWaEVKvivIw",
            "name": "parameter",
            "type": null,
            "modifiers": [],
            "position": {}
          },
          "position": {}
        },
        "_qr8ToPciEDGxBq37lTOLFg": {
          "key": "_qr8ToPciEDGxBq37lTOLFg",
          "name": "parameter2",
          "type": null,
          "probability": 1,
          "modifiers": [],
          "to_variable": {
            "key": "_HZNm0sN3EDeRWaEVKvivIw",
            "name": "parameter2",
            "type": null,
            "modifiers": [],
            "position": {}
          },
          "position": {}
        },
        "_sDhxoPciEDGxBq37lTOLFg": {
          "key": "_sDhxoPciEDGxBq37lTOLFg",
          "name": "parameter3",
          "type": null,
          "probability": 1,
          "modifiers": [],
          "to_variable": {
            "key": "_HZO08MN3EDeRWaEVKvivIw",
            "name": "parameter3",
            "type": null,
            "modifiers": [],
            "position": {}
          },
          "position": {}
        }
      }
    },
    "parameters_to_parameters_data_clump-./cors-_rrNqMfcgEDGxBq37lTOLFg-_8HhDdsUTEDeUQMu7pP9KyA-parameterparameter2parameter3": {
      "type": "data_clump",
      "key": "parameters_to_parameters_data_clump-./cors-_rrNqMfcgEDGxBq37lTOLFg-_8HhDdsUTEDeUQMu7pP9KyA-parameterparameter2parameter3",
      "probability": 1,
      "from_file_path": "./cors",
      "from_class_or_interface_name": "cors",
      "from_class_or_interface_key": "_bZo5IPcgEDGxBq37lTOLFg",
      "from_method_name": "onRequest",
      "from_method_key": "_rrNqMfcgEDGxBq37lTOLFg",
      "to_file_path": "./expressurlencoded2",
      "to_class_or_interface_name": "expressurlencoded2",
      "to_class_or_interface_key": "_8HhDdcUTEDeUQMu7pP9KyA",
      "to_method_name": "onRequest",
      "to_method_key": "_8HhDdsUTEDeUQMu7pP9KyA",
      "data_clump_type": "parameters_to_parameters_data_clump",
      "data_clump_data": {
        "_gexVAPciEDGxBq37lTOLFg": {
          "key": "_gexVAPciEDGxBq37lTOLFg",
          "name": "parameter",
          "type": null,
          "probability": 1,
          "modifiers": [],
          "to_variable": {
            "key": "_8HhqgcUTEDeUQMu7pP9KyA",
            "name": "parameter",
            "type": null,
            "modifiers": [],
            "position": {}
          },
          "position": {}
        },
        "_qr8ToPciEDGxBq37lTOLFg": {
          "key": "_qr8ToPciEDGxBq37lTOLFg",
          "name": "parameter2",
          "type": null,
          "probability": 1,
          "modifiers": [],
          "to_variable": {
            "key": "_8HiRkMUTEDeUQMu7pP9KyA",
            "name": "parameter2",
            "type": null,
            "modifiers": [],
            "position": {}
          },
          "position": {}
        },
        "_sDhxoPciEDGxBq37lTOLFg": {
          "key": "_sDhxoPciEDGxBq37lTOLFg",
          "name": "parameter3",
          "type": null,
          "probability": 1,
          "modifiers": [],
          "to_variable": {
            "key": "_8HiRkcUTEDeUQMu7pP9KyA",
            "name": "parameter3",
            "type": null,
            "modifiers": [],
            "position": {}
          },
          "position": {}
        }
      }
    },
    "parameters_to_parameters_data_clump-./cors2-_8HgcYcUTEDeUQMu7pP9KyA-_rrNqMfcgEDGxBq37lTOLFg-parameterparameter2parameter3": {
      "type": "data_clump",
      "key": "parameters_to_parameters_data_clump-./cors2-_8HgcYcUTEDeUQMu7pP9KyA-_rrNqMfcgEDGxBq37lTOLFg-parameterparameter2parameter3",
      "probability": 1,
      "from_file_path": "./cors2",
      "from_class_or_interface_name": "cors2",
      "from_class_or_interface_key": "_8HgcYMUTEDeUQMu7pP9KyA",
      "from_method_name": "onRequest",
      "from_method_key": "_8HgcYcUTEDeUQMu7pP9KyA",
      "to_file_path": "./cors",
      "to_class_or_interface_name": "cors",
      "to_class_or_interface_key": "_bZo5IPcgEDGxBq37lTOLFg",
      "to_method_name": "onRequest",
      "to_method_key": "_rrNqMfcgEDGxBq37lTOLFg",
      "data_clump_type": "parameters_to_parameters_data_clump",
      "data_clump_data": {
        "_8HgcY8UTEDeUQMu7pP9KyA": {
          "key": "_8HgcY8UTEDeUQMu7pP9KyA",
          "name": "parameter",
          "type": null,
          "probability": 1,
          "modifiers": [],
          "to_variable": {
            "key": "_gexVAPciEDGxBq37lTOLFg",
            "name": "parameter",
            "type": null,
            "modifiers": [],
            "position": {}
          },
          "position": {}
        },
        "_8HhDcMUTEDeUQMu7pP9KyA": {
          "key": "_8HhDcMUTEDeUQMu7pP9KyA",
          "name": "parameter2",
          "type": null,
          "probability": 1,
          "modifiers": [],
          "to_variable": {
            "key": "_qr8ToPciEDGxBq37lTOLFg",
            "name": "parameter2",
            "type": null,
            "modifiers": [],
            "position": {}
          },
          "position": {}
        },
        "_8HhDccUTEDeUQMu7pP9KyA": {
          "key": "_8HhDccUTEDeUQMu7pP9KyA",
          "name": "parameter3",
          "type": null,
          "probability": 1,
          "modifiers": [],
          "to_variable": {
            "key": "_sDhxoPciEDGxBq37lTOLFg",
            "name": "parameter3",
            "type": null,
            "modifiers": [],
            "position": {}
          },
          "position": {}
        }
      }
    },
    "parameters_to_parameters_data_clump-./cors2-_8HgcYcUTEDeUQMu7pP9KyA-_VHLysMN3EDeRWaEVKvivIw-parameterparameter2parameter3": {
      "type": "data_clump",
      "key": "parameters_to_parameters_data_clump-./cors2-_8HgcYcUTEDeUQMu7pP9KyA-_VHLysMN3EDeRWaEVKvivIw-parameterparameter2parameter3",
      "probability": 1,
      "from_file_path": "./cors2",
      "from_class_or_interface_name": "cors2",
      "from_class_or_interface_key": "_8HgcYMUTEDeUQMu7pP9KyA",
      "from_method_name": "onRequest",
      "from_method_key": "_8HgcYcUTEDeUQMu7pP9KyA",
      "to_file_path": "./expressjson",
      "to_class_or_interface_name": "expressjson",
      "to_class_or_interface_key": "_VHLLoMN3EDeRWaEVKvivIw",
      "to_method_name": "onRequest",
      "to_method_key": "_VHLysMN3EDeRWaEVKvivIw",
      "data_clump_type": "parameters_to_parameters_data_clump",
      "data_clump_data": {
        "_8HgcY8UTEDeUQMu7pP9KyA": {
          "key": "_8HgcY8UTEDeUQMu7pP9KyA",
          "name": "parameter",
          "type": null,
          "probability": 1,
          "modifiers": [],
          "to_variable": {
            "key": "_VHNA0MN3EDeRWaEVKvivIw",
            "name": "parameter",
            "type": null,
            "modifiers": [],
            "position": {}
          },
          "position": {}
        },
        "_8HhDcMUTEDeUQMu7pP9KyA": {
          "key": "_8HhDcMUTEDeUQMu7pP9KyA",
          "name": "parameter2",
          "type": null,
          "probability": 1,
          "modifiers": [],
          "to_variable": {
            "key": "_VHNA0cN3EDeRWaEVKvivIw",
            "name": "parameter2",
            "type": null,
            "modifiers": [],
            "position": {}
          },
          "position": {}
        },
        "_8HhDccUTEDeUQMu7pP9KyA": {
          "key": "_8HhDccUTEDeUQMu7pP9KyA",
          "name": "parameter3",
          "type": null,
          "probability": 1,
          "modifiers": [],
          "to_variable": {
            "key": "_VHNn4MN3EDeRWaEVKvivIw",
            "name": "parameter3",
            "type": null,
            "modifiers": [],
            "position": {}
          },
          "position": {}
        }
      }
    },
    "parameters_to_parameters_data_clump-./cors2-_8HgcYcUTEDeUQMu7pP9KyA-_8HiRk8UTEDeUQMu7pP9KyA-parameterparameter2parameter3": {
      "type": "data_clump",
      "key": "parameters_to_parameters_data_clump-./cors2-_8HgcYcUTEDeUQMu7pP9KyA-_8HiRk8UTEDeUQMu7pP9KyA-parameterparameter2parameter3",
      "probability": 1,
      "from_file_path": "./cors2",
      "from_class_or_interface_name": "cors2",
      "from_class_or_interface_key": "_8HgcYMUTEDeUQMu7pP9KyA",
      "from_method_name": "onRequest",
      "from_method_key": "_8HgcYcUTEDeUQMu7pP9KyA",
      "to_file_path": "./expressjson2",
      "to_class_or_interface_name": "expressjson2",
      "to_class_or_interface_key": "_8HiRksUTEDeUQMu7pP9KyA",
      "to_method_name": "onRequest",
      "to_method_key": "_8HiRk8UTEDeUQMu7pP9KyA",
      "data_clump_type": "parameters_to_parameters_data_clump",
      "data_clump_data": {
        "_8HgcY8UTEDeUQMu7pP9KyA": {
          "key": "_8HgcY8UTEDeUQMu7pP9KyA",
          "name": "parameter",
          "type": null,
          "probability": 1,
          "modifiers": [],
          "to_variable": {
            "key": "_8HiRlcUTEDeUQMu7pP9KyA",
            "name": "parameter",
            "type": null,
            "modifiers": [],
            "position": {}
          },
          "position": {}
        },
        "_8HhDcMUTEDeUQMu7pP9KyA": {
          "key": "_8HhDcMUTEDeUQMu7pP9KyA",
          "name": "parameter2",
          "type": null,
          "probability": 1,
          "modifiers": [],
          "to_variable": {
            "key": "_8HiRlsUTEDeUQMu7pP9KyA",
            "name": "parameter2",
            "type": null,
            "modifiers": [],
            "position": {}
          },
          "position": {}
        },
        "_8HhDccUTEDeUQMu7pP9KyA": {
          "key": "_8HhDccUTEDeUQMu7pP9KyA",
          "name": "parameter3",
          "type": null,
          "probability": 1,
          "modifiers": [],
          "to_variable": {
            "key": "_8HiRl8UTEDeUQMu7pP9KyA",
            "name": "parameter3",
            "type": null,
            "modifiers": [],
            "position": {}
          },
          "position": {}
        }
      }
    },
    "parameters_to_parameters_data_clump-./cors2-_8HgcYcUTEDeUQMu7pP9KyA-_HZM_wMN3EDeRWaEVKvivIw-parameterparameter2parameter3": {
      "type": "data_clump",
      "key": "parameters_to_parameters_data_clump-./cors2-_8HgcYcUTEDeUQMu7pP9KyA-_HZM_wMN3EDeRWaEVKvivIw-parameterparameter2parameter3",
      "probability": 1,
      "from_file_path": "./cors2",
      "from_class_or_interface_name": "cors2",
      "from_class_or_interface_key": "_8HgcYMUTEDeUQMu7pP9KyA",
      "from_method_name": "onRequest",
      "from_method_key": "_8HgcYcUTEDeUQMu7pP9KyA",
      "to_file_path": "./expressurlencoded",
      "to_class_or_interface_name": "expressurlencoded",
      "to_class_or_interface_key": "_EaFjQMN3EDeRWaEVKvivIw",
      "to_method_name": "onRequest",
      "to_method_key": "_HZM_wMN3EDeRWaEVKvivIw",
      "data_clump_type": "parameters_to_parameters_data_clump",
      "data_clump_data": {
        "_8HgcY8UTEDeUQMu7pP9KyA": {
          "key": "_8HgcY8UTEDeUQMu7pP9KyA",
          "name": "parameter",
          "type": null,
          "probability": 1,
          "modifiers": [],
          "to_variable": {
            "key": "_HZNm0cN3EDeRWaEVKvivIw",
            "name": "parameter",
            "type": null,
            "modifiers": [],
            "position": {}
          },
          "position": {}
        },
        "_8HhDcMUTEDeUQMu7pP9KyA": {
          "key": "_8HhDcMUTEDeUQMu7pP9KyA",
          "name": "parameter2",
          "type": null,
          "probability": 1,
          "modifiers": [],
          "to_variable": {
            "key": "_HZNm0sN3EDeRWaEVKvivIw",
            "name": "parameter2",
            "type": null,
            "modifiers": [],
            "position": {}
          },
          "position": {}
        },
        "_8HhDccUTEDeUQMu7pP9KyA": {
          "key": "_8HhDccUTEDeUQMu7pP9KyA",
          "name": "parameter3",
          "type": null,
          "probability": 1,
          "modifiers": [],
          "to_variable": {
            "key": "_HZO08MN3EDeRWaEVKvivIw",
            "name": "parameter3",
            "type": null,
            "modifiers": [],
            "position": {}
          },
          "position": {}
        }
      }
    },
    "parameters_to_parameters_data_clump-./cors2-_8HgcYcUTEDeUQMu7pP9KyA-_8HhDdsUTEDeUQMu7pP9KyA-parameterparameter2parameter3": {
      "type": "data_clump",
      "key": "parameters_to_parameters_data_clump-./cors2-_8HgcYcUTEDeUQMu7pP9KyA-_8HhDdsUTEDeUQMu7pP9KyA-parameterparameter2parameter3",
      "probability": 1,
      "from_file_path": "./cors2",
      "from_class_or_interface_name": "cors2",
      "from_class_or_interface_key": "_8HgcYMUTEDeUQMu7pP9KyA",
      "from_method_name": "onRequest",
      "from_method_key": "_8HgcYcUTEDeUQMu7pP9KyA",
      "to_file_path": "./expressurlencoded2",
      "to_class_or_interface_name": "expressurlencoded2",
      "to_class_or_interface_key": "_8HhDdcUTEDeUQMu7pP9KyA",
      "to_method_name": "onRequest",
      "to_method_key": "_8HhDdsUTEDeUQMu7pP9KyA",
      "data_clump_type": "parameters_to_parameters_data_clump",
      "data_clump_data": {
        "_8HgcY8UTEDeUQMu7pP9KyA": {
          "key": "_8HgcY8UTEDeUQMu7pP9KyA",
          "name": "parameter",
          "type": null,
          "probability": 1,
          "modifiers": [],
          "to_variable": {
            "key": "_8HhqgcUTEDeUQMu7pP9KyA",
            "name": "parameter",
            "type": null,
            "modifiers": [],
            "position": {}
          },
          "position": {}
        },
        "_8HhDcMUTEDeUQMu7pP9KyA": {
          "key": "_8HhDcMUTEDeUQMu7pP9KyA",
          "name": "parameter2",
          "type": null,
          "probability": 1,
          "modifiers": [],
          "to_variable": {
            "key": "_8HiRkMUTEDeUQMu7pP9KyA",
            "name": "parameter2",
            "type": null,
            "modifiers": [],
            "position": {}
          },
          "position": {}
        },
        "_8HhDccUTEDeUQMu7pP9KyA": {
          "key": "_8HhDccUTEDeUQMu7pP9KyA",
          "name": "parameter3",
          "type": null,
          "probability": 1,
          "modifiers": [],
          "to_variable": {
            "key": "_8HiRkcUTEDeUQMu7pP9KyA",
            "name": "parameter3",
            "type": null,
            "modifiers": [],
            "position": {}
          },
          "position": {}
        }
      }
    },
    "parameters_to_parameters_data_clump-./expressjson-_VHLysMN3EDeRWaEVKvivIw-_rrNqMfcgEDGxBq37lTOLFg-parameterparameter2parameter3": {
      "type": "data_clump",
      "key": "parameters_to_parameters_data_clump-./expressjson-_VHLysMN3EDeRWaEVKvivIw-_rrNqMfcgEDGxBq37lTOLFg-parameterparameter2parameter3",
      "probability": 1,
      "from_file_path": "./expressjson",
      "from_class_or_interface_name": "expressjson",
      "from_class_or_interface_key": "_VHLLoMN3EDeRWaEVKvivIw",
      "from_method_name": "onRequest",
      "from_method_key": "_VHLysMN3EDeRWaEVKvivIw",
      "to_file_path": "./cors",
      "to_class_or_interface_name": "cors",
      "to_class_or_interface_key": "_bZo5IPcgEDGxBq37lTOLFg",
      "to_method_name": "onRequest",
      "to_method_key": "_rrNqMfcgEDGxBq37lTOLFg",
      "data_clump_type": "parameters_to_parameters_data_clump",
      "data_clump_data": {
        "_VHNA0MN3EDeRWaEVKvivIw": {
          "key": "_VHNA0MN3EDeRWaEVKvivIw",
          "name": "parameter",
          "type": null,
          "probability": 1,
          "modifiers": [],
          "to_variable": {
            "key": "_gexVAPciEDGxBq37lTOLFg",
            "name": "parameter",
            "type": null,
            "modifiers": [],
            "position": {}
          },
          "position": {}
        },
        "_VHNA0cN3EDeRWaEVKvivIw": {
          "key": "_VHNA0cN3EDeRWaEVKvivIw",
          "name": "parameter2",
          "type": null,
          "probability": 1,
          "modifiers": [],
          "to_variable": {
            "key": "_qr8ToPciEDGxBq37lTOLFg",
            "name": "parameter2",
            "type": null,
            "modifiers": [],
            "position": {}
          },
          "position": {}
        },
        "_VHNn4MN3EDeRWaEVKvivIw": {
          "key": "_VHNn4MN3EDeRWaEVKvivIw",
          "name": "parameter3",
          "type": null,
          "probability": 1,
          "modifiers": [],
          "to_variable": {
            "key": "_sDhxoPciEDGxBq37lTOLFg",
            "name": "parameter3",
            "type": null,
            "modifiers": [],
            "position": {}
          },
          "position": {}
        }
      }
    },
    "parameters_to_parameters_data_clump-./expressjson-_VHLysMN3EDeRWaEVKvivIw-_8HgcYcUTEDeUQMu7pP9KyA-parameterparameter2parameter3": {
      "type": "data_clump",
      "key": "parameters_to_parameters_data_clump-./expressjson-_VHLysMN3EDeRWaEVKvivIw-_8HgcYcUTEDeUQMu7pP9KyA-parameterparameter2parameter3",
      "probability": 1,
      "from_file_path": "./expressjson",
      "from_class_or_interface_name": "expressjson",
      "from_class_or_interface_key": "_VHLLoMN3EDeRWaEVKvivIw",
      "from_method_name": "onRequest",
      "from_method_key": "_VHLysMN3EDeRWaEVKvivIw",
      "to_file_path": "./cors2",
      "to_class_or_interface_name": "cors2",
      "to_class_or_interface_key": "_8HgcYMUTEDeUQMu7pP9KyA",
      "to_method_name": "onRequest",
      "to_method_key": "_8HgcYcUTEDeUQMu7pP9KyA",
      "data_clump_type": "parameters_to_parameters_data_clump",
      "data_clump_data": {
        "_VHNA0MN3EDeRWaEVKvivIw": {
          "key": "_VHNA0MN3EDeRWaEVKvivIw",
          "name": "parameter",
          "type": null,
          "probability": 1,
          "modifiers": [],
          "to_variable": {
            "key": "_8HgcY8UTEDeUQMu7pP9KyA",
            "name": "parameter",
            "type": null,
            "modifiers": [],
            "position": {}
          },
          "position": {}
        },
        "_VHNA0cN3EDeRWaEVKvivIw": {
          "key": "_VHNA0cN3EDeRWaEVKvivIw",
          "name": "parameter2",
          "type": null,
          "probability": 1,
          "modifiers": [],
          "to_variable": {
            "key": "_8HhDcMUTEDeUQMu7pP9KyA",
            "name": "parameter2",
            "type": null,
            "modifiers": [],
            "position": {}
          },
          "position": {}
        },
        "_VHNn4MN3EDeRWaEVKvivIw": {
          "key": "_VHNn4MN3EDeRWaEVKvivIw",
          "name": "parameter3",
          "type": null,
          "probability": 1,
          "modifiers": [],
          "to_variable": {
            "key": "_8HhDccUTEDeUQMu7pP9KyA",
            "name": "parameter3",
            "type": null,
            "modifiers": [],
            "position": {}
          },
          "position": {}
        }
      }
    },
    "parameters_to_parameters_data_clump-./expressjson-_VHLysMN3EDeRWaEVKvivIw-_8HiRk8UTEDeUQMu7pP9KyA-parameterparameter2parameter3": {
      "type": "data_clump",
      "key": "parameters_to_parameters_data_clump-./expressjson-_VHLysMN3EDeRWaEVKvivIw-_8HiRk8UTEDeUQMu7pP9KyA-parameterparameter2parameter3",
      "probability": 1,
      "from_file_path": "./expressjson",
      "from_class_or_interface_name": "expressjson",
      "from_class_or_interface_key": "_VHLLoMN3EDeRWaEVKvivIw",
      "from_method_name": "onRequest",
      "from_method_key": "_VHLysMN3EDeRWaEVKvivIw",
      "to_file_path": "./expressjson2",
      "to_class_or_interface_name": "expressjson2",
      "to_class_or_interface_key": "_8HiRksUTEDeUQMu7pP9KyA",
      "to_method_name": "onRequest",
      "to_method_key": "_8HiRk8UTEDeUQMu7pP9KyA",
      "data_clump_type": "parameters_to_parameters_data_clump",
      "data_clump_data": {
        "_VHNA0MN3EDeRWaEVKvivIw": {
          "key": "_VHNA0MN3EDeRWaEVKvivIw",
          "name": "parameter",
          "type": null,
          "probability": 1,
          "modifiers": [],
          "to_variable": {
            "key": "_8HiRlcUTEDeUQMu7pP9KyA",
            "name": "parameter",
            "type": null,
            "modifiers": [],
            "position": {}
          },
          "position": {}
        },
        "_VHNA0cN3EDeRWaEVKvivIw": {
          "key": "_VHNA0cN3EDeRWaEVKvivIw",
          "name": "parameter2",
          "type": null,
          "probability": 1,
          "modifiers": [],
          "to_variable": {
            "key": "_8HiRlsUTEDeUQMu7pP9KyA",
            "name": "parameter2",
            "type": null,
            "modifiers": [],
            "position": {}
          },
          "position": {}
        },
        "_VHNn4MN3EDeRWaEVKvivIw": {
          "key": "_VHNn4MN3EDeRWaEVKvivIw",
          "name": "parameter3",
          "type": null,
          "probability": 1,
          "modifiers": [],
          "to_variable": {
            "key": "_8HiRl8UTEDeUQMu7pP9KyA",
            "name": "parameter3",
            "type": null,
            "modifiers": [],
            "position": {}
          },
          "position": {}
        }
      }
    },
    "parameters_to_parameters_data_clump-./expressjson-_VHLysMN3EDeRWaEVKvivIw-_HZM_wMN3EDeRWaEVKvivIw-parameterparameter2parameter3": {
      "type": "data_clump",
      "key": "parameters_to_parameters_data_clump-./expressjson-_VHLysMN3EDeRWaEVKvivIw-_HZM_wMN3EDeRWaEVKvivIw-parameterparameter2parameter3",
      "probability": 1,
      "from_file_path": "./expressjson",
      "from_class_or_interface_name": "expressjson",
      "from_class_or_interface_key": "_VHLLoMN3EDeRWaEVKvivIw",
      "from_method_name": "onRequest",
      "from_method_key": "_VHLysMN3EDeRWaEVKvivIw",
      "to_file_path": "./expressurlencoded",
      "to_class_or_interface_name": "expressurlencoded",
      "to_class_or_interface_key": "_EaFjQMN3EDeRWaEVKvivIw",
      "to_method_name": "onRequest",
      "to_method_key": "_HZM_wMN3EDeRWaEVKvivIw",
      "data_clump_type": "parameters_to_parameters_data_clump",
      "data_clump_data": {
        "_VHNA0MN3EDeRWaEVKvivIw": {
          "key": "_VHNA0MN3EDeRWaEVKvivIw",
          "name": "parameter",
          "type": null,
          "probability": 1,
          "modifiers": [],
          "to_variable": {
            "key": "_HZNm0cN3EDeRWaEVKvivIw",
            "name": "parameter",
            "type": null,
            "modifiers": [],
            "position": {}
          },
          "position": {}
        },
        "_VHNA0cN3EDeRWaEVKvivIw": {
          "key": "_VHNA0cN3EDeRWaEVKvivIw",
          "name": "parameter2",
          "type": null,
          "probability": 1,
          "modifiers": [],
          "to_variable": {
            "key": "_HZNm0sN3EDeRWaEVKvivIw",
            "name": "parameter2",
            "type": null,
            "modifiers": [],
            "position": {}
          },
          "position": {}
        },
        "_VHNn4MN3EDeRWaEVKvivIw": {
          "key": "_VHNn4MN3EDeRWaEVKvivIw",
          "name": "parameter3",
          "type": null,
          "probability": 1,
          "modifiers": [],
          "to_variable": {
            "key": "_HZO08MN3EDeRWaEVKvivIw",
            "name": "parameter3",
            "type": null,
            "modifiers": [],
            "position": {}
          },
          "position": {}
        }
      }
    },
    "parameters_to_parameters_data_clump-./expressjson-_VHLysMN3EDeRWaEVKvivIw-_8HhDdsUTEDeUQMu7pP9KyA-parameterparameter2parameter3": {
      "type": "data_clump",
      "key": "parameters_to_parameters_data_clump-./expressjson-_VHLysMN3EDeRWaEVKvivIw-_8HhDdsUTEDeUQMu7pP9KyA-parameterparameter2parameter3",
      "probability": 1,
      "from_file_path": "./expressjson",
      "from_class_or_interface_name": "expressjson",
      "from_class_or_interface_key": "_VHLLoMN3EDeRWaEVKvivIw",
      "from_method_name": "onRequest",
      "from_method_key": "_VHLysMN3EDeRWaEVKvivIw",
      "to_file_path": "./expressurlencoded2",
      "to_class_or_interface_name": "expressurlencoded2",
      "to_class_or_interface_key": "_8HhDdcUTEDeUQMu7pP9KyA",
      "to_method_name": "onRequest",
      "to_method_key": "_8HhDdsUTEDeUQMu7pP9KyA",
      "data_clump_type": "parameters_to_parameters_data_clump",
      "data_clump_data": {
        "_VHNA0MN3EDeRWaEVKvivIw": {
          "key": "_VHNA0MN3EDeRWaEVKvivIw",
          "name": "parameter",
          "type": null,
          "probability": 1,
          "modifiers": [],
          "to_variable": {
            "key": "_8HhqgcUTEDeUQMu7pP9KyA",
            "name": "parameter",
            "type": null,
            "modifiers": [],
            "position": {}
          },
          "position": {}
        },
        "_VHNA0cN3EDeRWaEVKvivIw": {
          "key": "_VHNA0cN3EDeRWaEVKvivIw",
          "name": "parameter2",
          "type": null,
          "probability": 1,
          "modifiers": [],
          "to_variable": {
            "key": "_8HiRkMUTEDeUQMu7pP9KyA",
            "name": "parameter2",
            "type": null,
            "modifiers": [],
            "position": {}
          },
          "position": {}
        },
        "_VHNn4MN3EDeRWaEVKvivIw": {
          "key": "_VHNn4MN3EDeRWaEVKvivIw",
          "name": "parameter3",
          "type": null,
          "probability": 1,
          "modifiers": [],
          "to_variable": {
            "key": "_8HiRkcUTEDeUQMu7pP9KyA",
            "name": "parameter3",
            "type": null,
            "modifiers": [],
            "position": {}
          },
          "position": {}
        }
      }
    },
    "parameters_to_parameters_data_clump-./expressjson2-_8HiRk8UTEDeUQMu7pP9KyA-_rrNqMfcgEDGxBq37lTOLFg-parameterparameter2parameter3": {
      "type": "data_clump",
      "key": "parameters_to_parameters_data_clump-./expressjson2-_8HiRk8UTEDeUQMu7pP9KyA-_rrNqMfcgEDGxBq37lTOLFg-parameterparameter2parameter3",
      "probability": 1,
      "from_file_path": "./expressjson2",
      "from_class_or_interface_name": "expressjson2",
      "from_class_or_interface_key": "_8HiRksUTEDeUQMu7pP9KyA",
      "from_method_name": "onRequest",
      "from_method_key": "_8HiRk8UTEDeUQMu7pP9KyA",
      "to_file_path": "./cors",
      "to_class_or_interface_name": "cors",
      "to_class_or_interface_key": "_bZo5IPcgEDGxBq37lTOLFg",
      "to_method_name": "onRequest",
      "to_method_key": "_rrNqMfcgEDGxBq37lTOLFg",
      "data_clump_type": "parameters_to_parameters_data_clump",
      "data_clump_data": {
        "_8HiRlcUTEDeUQMu7pP9KyA": {
          "key": "_8HiRlcUTEDeUQMu7pP9KyA",
          "name": "parameter",
          "type": null,
          "probability": 1,
          "modifiers": [],
          "to_variable": {
            "key": "_gexVAPciEDGxBq37lTOLFg",
            "name": "parameter",
            "type": null,
            "modifiers": [],
            "position": {}
          },
          "position": {}
        },
        "_8HiRlsUTEDeUQMu7pP9KyA": {
          "key": "_8HiRlsUTEDeUQMu7pP9KyA",
          "name": "parameter2",
          "type": null,
          "probability": 1,
          "modifiers": [],
          "to_variable": {
            "key": "_qr8ToPciEDGxBq37lTOLFg",
            "name": "parameter2",
            "type": null,
            "modifiers": [],
            "position": {}
          },
          "position": {}
        },
        "_8HiRl8UTEDeUQMu7pP9KyA": {
          "key": "_8HiRl8UTEDeUQMu7pP9KyA",
          "name": "parameter3",
          "type": null,
          "probability": 1,
          "modifiers": [],
          "to_variable": {
            "key": "_sDhxoPciEDGxBq37lTOLFg",
            "name": "parameter3",
            "type": null,
            "modifiers": [],
            "position": {}
          },
          "position": {}
        }
      }
    },
    "parameters_to_parameters_data_clump-./expressjson2-_8HiRk8UTEDeUQMu7pP9KyA-_8HgcYcUTEDeUQMu7pP9KyA-parameterparameter2parameter3": {
      "type": "data_clump",
      "key": "parameters_to_parameters_data_clump-./expressjson2-_8HiRk8UTEDeUQMu7pP9KyA-_8HgcYcUTEDeUQMu7pP9KyA-parameterparameter2parameter3",
      "probability": 1,
      "from_file_path": "./expressjson2",
      "from_class_or_interface_name": "expressjson2",
      "from_class_or_interface_key": "_8HiRksUTEDeUQMu7pP9KyA",
      "from_method_name": "onRequest",
      "from_method_key": "_8HiRk8UTEDeUQMu7pP9KyA",
      "to_file_path": "./cors2",
      "to_class_or_interface_name": "cors2",
      "to_class_or_interface_key": "_8HgcYMUTEDeUQMu7pP9KyA",
      "to_method_name": "onRequest",
      "to_method_key": "_8HgcYcUTEDeUQMu7pP9KyA",
      "data_clump_type": "parameters_to_parameters_data_clump",
      "data_clump_data": {
        "_8HiRlcUTEDeUQMu7pP9KyA": {
          "key": "_8HiRlcUTEDeUQMu7pP9KyA",
          "name": "parameter",
          "type": null,
          "probability": 1,
          "modifiers": [],
          "to_variable": {
            "key": "_8HgcY8UTEDeUQMu7pP9KyA",
            "name": "parameter",
            "type": null,
            "modifiers": [],
            "position": {}
          },
          "position": {}
        },
        "_8HiRlsUTEDeUQMu7pP9KyA": {
          "key": "_8HiRlsUTEDeUQMu7pP9KyA",
          "name": "parameter2",
          "type": null,
          "probability": 1,
          "modifiers": [],
          "to_variable": {
            "key": "_8HhDcMUTEDeUQMu7pP9KyA",
            "name": "parameter2",
            "type": null,
            "modifiers": [],
            "position": {}
          },
          "position": {}
        },
        "_8HiRl8UTEDeUQMu7pP9KyA": {
          "key": "_8HiRl8UTEDeUQMu7pP9KyA",
          "name": "parameter3",
          "type": null,
          "probability": 1,
          "modifiers": [],
          "to_variable": {
            "key": "_8HhDccUTEDeUQMu7pP9KyA",
            "name": "parameter3",
            "type": null,
            "modifiers": [],
            "position": {}
          },
          "position": {}
        }
      }
    },
    "parameters_to_parameters_data_clump-./expressjson2-_8HiRk8UTEDeUQMu7pP9KyA-_VHLysMN3EDeRWaEVKvivIw-parameterparameter2parameter3": {
      "type": "data_clump",
      "key": "parameters_to_parameters_data_clump-./expressjson2-_8HiRk8UTEDeUQMu7pP9KyA-_VHLysMN3EDeRWaEVKvivIw-parameterparameter2parameter3",
      "probability": 1,
      "from_file_path": "./expressjson2",
      "from_class_or_interface_name": "expressjson2",
      "from_class_or_interface_key": "_8HiRksUTEDeUQMu7pP9KyA",
      "from_method_name": "onRequest",
      "from_method_key": "_8HiRk8UTEDeUQMu7pP9KyA",
      "to_file_path": "./expressjson",
      "to_class_or_interface_name": "expressjson",
      "to_class_or_interface_key": "_VHLLoMN3EDeRWaEVKvivIw",
      "to_method_name": "onRequest",
      "to_method_key": "_VHLysMN3EDeRWaEVKvivIw",
      "data_clump_type": "parameters_to_parameters_data_clump",
      "data_clump_data": {
        "_8HiRlcUTEDeUQMu7pP9KyA": {
          "key": "_8HiRlcUTEDeUQMu7pP9KyA",
          "name": "parameter",
          "type": null,
          "probability": 1,
          "modifiers": [],
          "to_variable": {
            "key": "_VHNA0MN3EDeRWaEVKvivIw",
            "name": "parameter",
            "type": null,
            "modifiers": [],
            "position": {}
          },
          "position": {}
        },
        "_8HiRlsUTEDeUQMu7pP9KyA": {
          "key": "_8HiRlsUTEDeUQMu7pP9KyA",
          "name": "parameter2",
          "type": null,
          "probability": 1,
          "modifiers": [],
          "to_variable": {
            "key": "_VHNA0cN3EDeRWaEVKvivIw",
            "name": "parameter2",
            "type": null,
            "modifiers": [],
            "position": {}
          },
          "position": {}
        },
        "_8HiRl8UTEDeUQMu7pP9KyA": {
          "key": "_8HiRl8UTEDeUQMu7pP9KyA",
          "name": "parameter3",
          "type": null,
          "probability": 1,
          "modifiers": [],
          "to_variable": {
            "key": "_VHNn4MN3EDeRWaEVKvivIw",
            "name": "parameter3",
            "type": null,
            "modifiers": [],
            "position": {}
          },
          "position": {}
        }
      }
    },
    "parameters_to_parameters_data_clump-./expressjson2-_8HiRk8UTEDeUQMu7pP9KyA-_HZM_wMN3EDeRWaEVKvivIw-parameterparameter2parameter3": {
      "type": "data_clump",
      "key": "parameters_to_parameters_data_clump-./expressjson2-_8HiRk8UTEDeUQMu7pP9KyA-_HZM_wMN3EDeRWaEVKvivIw-parameterparameter2parameter3",
      "probability": 1,
      "from_file_path": "./expressjson2",
      "from_class_or_interface_name": "expressjson2",
      "from_class_or_interface_key": "_8HiRksUTEDeUQMu7pP9KyA",
      "from_method_name": "onRequest",
      "from_method_key": "_8HiRk8UTEDeUQMu7pP9KyA",
      "to_file_path": "./expressurlencoded",
      "to_class_or_interface_name": "expressurlencoded",
      "to_class_or_interface_key": "_EaFjQMN3EDeRWaEVKvivIw",
      "to_method_name": "onRequest",
      "to_method_key": "_HZM_wMN3EDeRWaEVKvivIw",
      "data_clump_type": "parameters_to_parameters_data_clump",
      "data_clump_data": {
        "_8HiRlcUTEDeUQMu7pP9KyA": {
          "key": "_8HiRlcUTEDeUQMu7pP9KyA",
          "name": "parameter",
          "type": null,
          "probability": 1,
          "modifiers": [],
          "to_variable": {
            "key": "_HZNm0cN3EDeRWaEVKvivIw",
            "name": "parameter",
            "type": null,
            "modifiers": [],
            "position": {}
          },
          "position": {}
        },
        "_8HiRlsUTEDeUQMu7pP9KyA": {
          "key": "_8HiRlsUTEDeUQMu7pP9KyA",
          "name": "parameter2",
          "type": null,
          "probability": 1,
          "modifiers": [],
          "to_variable": {
            "key": "_HZNm0sN3EDeRWaEVKvivIw",
            "name": "parameter2",
            "type": null,
            "modifiers": [],
            "position": {}
          },
          "position": {}
        },
        "_8HiRl8UTEDeUQMu7pP9KyA": {
          "key": "_8HiRl8UTEDeUQMu7pP9KyA",
          "name": "parameter3",
          "type": null,
          "probability": 1,
          "modifiers": [],
          "to_variable": {
            "key": "_HZO08MN3EDeRWaEVKvivIw",
            "name": "parameter3",
            "type": null,
            "modifiers": [],
            "position": {}
          },
          "position": {}
        }
      }
    },
    "parameters_to_parameters_data_clump-./expressjson2-_8HiRk8UTEDeUQMu7pP9KyA-_8HhDdsUTEDeUQMu7pP9KyA-parameterparameter2parameter3": {
      "type": "data_clump",
      "key": "parameters_to_parameters_data_clump-./expressjson2-_8HiRk8UTEDeUQMu7pP9KyA-_8HhDdsUTEDeUQMu7pP9KyA-parameterparameter2parameter3",
      "probability": 1,
      "from_file_path": "./expressjson2",
      "from_class_or_interface_name": "expressjson2",
      "from_class_or_interface_key": "_8HiRksUTEDeUQMu7pP9KyA",
      "from_method_name": "onRequest",
      "from_method_key": "_8HiRk8UTEDeUQMu7pP9KyA",
      "to_file_path": "./expressurlencoded2",
      "to_class_or_interface_name": "expressurlencoded2",
      "to_class_or_interface_key": "_8HhDdcUTEDeUQMu7pP9KyA",
      "to_method_name": "onRequest",
      "to_method_key": "_8HhDdsUTEDeUQMu7pP9KyA",
      "data_clump_type": "parameters_to_parameters_data_clump",
      "data_clump_data": {
        "_8HiRlcUTEDeUQMu7pP9KyA": {
          "key": "_8HiRlcUTEDeUQMu7pP9KyA",
          "name": "parameter",
          "type": null,
          "probability": 1,
          "modifiers": [],
          "to_variable": {
            "key": "_8HhqgcUTEDeUQMu7pP9KyA",
            "name": "parameter",
            "type": null,
            "modifiers": [],
            "position": {}
          },
          "position": {}
        },
        "_8HiRlsUTEDeUQMu7pP9KyA": {
          "key": "_8HiRlsUTEDeUQMu7pP9KyA",
          "name": "parameter2",
          "type": null,
          "probability": 1,
          "modifiers": [],
          "to_variable": {
            "key": "_8HiRkMUTEDeUQMu7pP9KyA",
            "name": "parameter2",
            "type": null,
            "modifiers": [],
            "position": {}
          },
          "position": {}
        },
        "_8HiRl8UTEDeUQMu7pP9KyA": {
          "key": "_8HiRl8UTEDeUQMu7pP9KyA",
          "name": "parameter3",
          "type": null,
          "probability": 1,
          "modifiers": [],
          "to_variable": {
            "key": "_8HiRkcUTEDeUQMu7pP9KyA",
            "name": "parameter3",
            "type": null,
            "modifiers": [],
            "position": {}
          },
          "position": {}
        }
      }
    },
    "parameters_to_parameters_data_clump-./expressurlencoded-_HZM_wMN3EDeRWaEVKvivIw-_rrNqMfcgEDGxBq37lTOLFg-parameterparameter2parameter3": {
      "type": "data_clump",
      "key": "parameters_to_parameters_data_clump-./expressurlencoded-_HZM_wMN3EDeRWaEVKvivIw-_rrNqMfcgEDGxBq37lTOLFg-parameterparameter2parameter3",
      "probability": 1,
      "from_file_path": "./expressurlencoded",
      "from_class_or_interface_name": "expressurlencoded",
      "from_class_or_interface_key": "_EaFjQMN3EDeRWaEVKvivIw",
      "from_method_name": "onRequest",
      "from_method_key": "_HZM_wMN3EDeRWaEVKvivIw",
      "to_file_path": "./cors",
      "to_class_or_interface_name": "cors",
      "to_class_or_interface_key": "_bZo5IPcgEDGxBq37lTOLFg",
      "to_method_name": "onRequest",
      "to_method_key": "_rrNqMfcgEDGxBq37lTOLFg",
      "data_clump_type": "parameters_to_parameters_data_clump",
      "data_clump_data": {
        "_HZNm0cN3EDeRWaEVKvivIw": {
          "key": "_HZNm0cN3EDeRWaEVKvivIw",
          "name": "parameter",
          "type": null,
          "probability": 1,
          "modifiers": [],
          "to_variable": {
            "key": "_gexVAPciEDGxBq37lTOLFg",
            "name": "parameter",
            "type": null,
            "modifiers": [],
            "position": {}
          },
          "position": {}
        },
        "_HZNm0sN3EDeRWaEVKvivIw": {
          "key": "_HZNm0sN3EDeRWaEVKvivIw",
          "name": "parameter2",
          "type": null,
          "probability": 1,
          "modifiers": [],
          "to_variable": {
            "key": "_qr8ToPciEDGxBq37lTOLFg",
            "name": "parameter2",
            "type": null,
            "modifiers": [],
            "position": {}
          },
          "position": {}
        },
        "_HZO08MN3EDeRWaEVKvivIw": {
          "key": "_HZO08MN3EDeRWaEVKvivIw",
          "name": "parameter3",
          "type": null,
          "probability": 1,
          "modifiers": [],
          "to_variable": {
            "key": "_sDhxoPciEDGxBq37lTOLFg",
            "name": "parameter3",
            "type": null,
            "modifiers": [],
            "position": {}
          },
          "position": {}
        }
      }
    },
    "parameters_to_parameters_data_clump-./expressurlencoded-_HZM_wMN3EDeRWaEVKvivIw-_8HgcYcUTEDeUQMu7pP9KyA-parameterparameter2parameter3": {
      "type": "data_clump",
      "key": "parameters_to_parameters_data_clump-./expressurlencoded-_HZM_wMN3EDeRWaEVKvivIw-_8HgcYcUTEDeUQMu7pP9KyA-parameterparameter2parameter3",
      "probability": 1,
      "from_file_path": "./expressurlencoded",
      "from_class_or_interface_name": "expressurlencoded",
      "from_class_or_interface_key": "_EaFjQMN3EDeRWaEVKvivIw",
      "from_method_name": "onRequest",
      "from_method_key": "_HZM_wMN3EDeRWaEVKvivIw",
      "to_file_path": "./cors2",
      "to_class_or_interface_name": "cors2",
      "to_class_or_interface_key": "_8HgcYMUTEDeUQMu7pP9KyA",
      "to_method_name": "onRequest",
      "to_method_key": "_8HgcYcUTEDeUQMu7pP9KyA",
      "data_clump_type": "parameters_to_parameters_data_clump",
      "data_clump_data": {
        "_HZNm0cN3EDeRWaEVKvivIw": {
          "key": "_HZNm0cN3EDeRWaEVKvivIw",
          "name": "parameter",
          "type": null,
          "probability": 1,
          "modifiers": [],
          "to_variable": {
            "key": "_8HgcY8UTEDeUQMu7pP9KyA",
            "name": "parameter",
            "type": null,
            "modifiers": [],
            "position": {}
          },
          "position": {}
        },
        "_HZNm0sN3EDeRWaEVKvivIw": {
          "key": "_HZNm0sN3EDeRWaEVKvivIw",
          "name": "parameter2",
          "type": null,
          "probability": 1,
          "modifiers": [],
          "to_variable": {
            "key": "_8HhDcMUTEDeUQMu7pP9KyA",
            "name": "parameter2",
            "type": null,
            "modifiers": [],
            "position": {}
          },
          "position": {}
        },
        "_HZO08MN3EDeRWaEVKvivIw": {
          "key": "_HZO08MN3EDeRWaEVKvivIw",
          "name": "parameter3",
          "type": null,
          "probability": 1,
          "modifiers": [],
          "to_variable": {
            "key": "_8HhDccUTEDeUQMu7pP9KyA",
            "name": "parameter3",
            "type": null,
            "modifiers": [],
            "position": {}
          },
          "position": {}
        }
      }
    },
    "parameters_to_parameters_data_clump-./expressurlencoded-_HZM_wMN3EDeRWaEVKvivIw-_VHLysMN3EDeRWaEVKvivIw-parameterparameter2parameter3": {
      "type": "data_clump",
      "key": "parameters_to_parameters_data_clump-./expressurlencoded-_HZM_wMN3EDeRWaEVKvivIw-_VHLysMN3EDeRWaEVKvivIw-parameterparameter2parameter3",
      "probability": 1,
      "from_file_path": "./expressurlencoded",
      "from_class_or_interface_name": "expressurlencoded",
      "from_class_or_interface_key": "_EaFjQMN3EDeRWaEVKvivIw",
      "from_method_name": "onRequest",
      "from_method_key": "_HZM_wMN3EDeRWaEVKvivIw",
      "to_file_path": "./expressjson",
      "to_class_or_interface_name": "expressjson",
      "to_class_or_interface_key": "_VHLLoMN3EDeRWaEVKvivIw",
      "to_method_name": "onRequest",
      "to_method_key": "_VHLysMN3EDeRWaEVKvivIw",
      "data_clump_type": "parameters_to_parameters_data_clump",
      "data_clump_data": {
        "_HZNm0cN3EDeRWaEVKvivIw": {
          "key": "_HZNm0cN3EDeRWaEVKvivIw",
          "name": "parameter",
          "type": null,
          "probability": 1,
          "modifiers": [],
          "to_variable": {
            "key": "_VHNA0MN3EDeRWaEVKvivIw",
            "name": "parameter",
            "type": null,
            "modifiers": [],
            "position": {}
          },
          "position": {}
        },
        "_HZNm0sN3EDeRWaEVKvivIw": {
          "key": "_HZNm0sN3EDeRWaEVKvivIw",
          "name": "parameter2",
          "type": null,
          "probability": 1,
          "modifiers": [],
          "to_variable": {
            "key": "_VHNA0cN3EDeRWaEVKvivIw",
            "name": "parameter2",
            "type": null,
            "modifiers": [],
            "position": {}
          },
          "position": {}
        },
        "_HZO08MN3EDeRWaEVKvivIw": {
          "key": "_HZO08MN3EDeRWaEVKvivIw",
          "name": "parameter3",
          "type": null,
          "probability": 1,
          "modifiers": [],
          "to_variable": {
            "key": "_VHNn4MN3EDeRWaEVKvivIw",
            "name": "parameter3",
            "type": null,
            "modifiers": [],
            "position": {}
          },
          "position": {}
        }
      }
    },
    "parameters_to_parameters_data_clump-./expressurlencoded-_HZM_wMN3EDeRWaEVKvivIw-_8HiRk8UTEDeUQMu7pP9KyA-parameterparameter2parameter3": {
      "type": "data_clump",
      "key": "parameters_to_parameters_data_clump-./expressurlencoded-_HZM_wMN3EDeRWaEVKvivIw-_8HiRk8UTEDeUQMu7pP9KyA-parameterparameter2parameter3",
      "probability": 1,
      "from_file_path": "./expressurlencoded",
      "from_class_or_interface_name": "expressurlencoded",
      "from_class_or_interface_key": "_EaFjQMN3EDeRWaEVKvivIw",
      "from_method_name": "onRequest",
      "from_method_key": "_HZM_wMN3EDeRWaEVKvivIw",
      "to_file_path": "./expressjson2",
      "to_class_or_interface_name": "expressjson2",
      "to_class_or_interface_key": "_8HiRksUTEDeUQMu7pP9KyA",
      "to_method_name": "onRequest",
      "to_method_key": "_8HiRk8UTEDeUQMu7pP9KyA",
      "data_clump_type": "parameters_to_parameters_data_clump",
      "data_clump_data": {
        "_HZNm0cN3EDeRWaEVKvivIw": {
          "key": "_HZNm0cN3EDeRWaEVKvivIw",
          "name": "parameter",
          "type": null,
          "probability": 1,
          "modifiers": [],
          "to_variable": {
            "key": "_8HiRlcUTEDeUQMu7pP9KyA",
            "name": "parameter",
            "type": null,
            "modifiers": [],
            "position": {}
          },
          "position": {}
        },
        "_HZNm0sN3EDeRWaEVKvivIw": {
          "key": "_HZNm0sN3EDeRWaEVKvivIw",
          "name": "parameter2",
          "type": null,
          "probability": 1,
          "modifiers": [],
          "to_variable": {
            "key": "_8HiRlsUTEDeUQMu7pP9KyA",
            "name": "parameter2",
            "type": null,
            "modifiers": [],
            "position": {}
          },
          "position": {}
        },
        "_HZO08MN3EDeRWaEVKvivIw": {
          "key": "_HZO08MN3EDeRWaEVKvivIw",
          "name": "parameter3",
          "type": null,
          "probability": 1,
          "modifiers": [],
          "to_variable": {
            "key": "_8HiRl8UTEDeUQMu7pP9KyA",
            "name": "parameter3",
            "type": null,
            "modifiers": [],
            "position": {}
          },
          "position": {}
        }
      }
    },
    "parameters_to_parameters_data_clump-./expressurlencoded-_HZM_wMN3EDeRWaEVKvivIw-_8HhDdsUTEDeUQMu7pP9KyA-parameterparameter2parameter3": {
      "type": "data_clump",
      "key": "parameters_to_parameters_data_clump-./expressurlencoded-_HZM_wMN3EDeRWaEVKvivIw-_8HhDdsUTEDeUQMu7pP9KyA-parameterparameter2parameter3",
      "probability": 1,
      "from_file_path": "./expressurlencoded",
      "from_class_or_interface_name": "expressurlencoded",
      "from_class_or_interface_key": "_EaFjQMN3EDeRWaEVKvivIw",
      "from_method_name": "onRequest",
      "from_method_key": "_HZM_wMN3EDeRWaEVKvivIw",
      "to_file_path": "./expressurlencoded2",
      "to_class_or_interface_name": "expressurlencoded2",
      "to_class_or_interface_key": "_8HhDdcUTEDeUQMu7pP9KyA",
      "to_method_name": "onRequest",
      "to_method_key": "_8HhDdsUTEDeUQMu7pP9KyA",
      "data_clump_type": "parameters_to_parameters_data_clump",
      "data_clump_data": {
        "_HZNm0cN3EDeRWaEVKvivIw": {
          "key": "_HZNm0cN3EDeRWaEVKvivIw",
          "name": "parameter",
          "type": null,
          "probability": 1,
          "modifiers": [],
          "to_variable": {
            "key": "_8HhqgcUTEDeUQMu7pP9KyA",
            "name": "parameter",
            "type": null,
            "modifiers": [],
            "position": {}
          },
          "position": {}
        },
        "_HZNm0sN3EDeRWaEVKvivIw": {
          "key": "_HZNm0sN3EDeRWaEVKvivIw",
          "name": "parameter2",
          "type": null,
          "probability": 1,
          "modifiers": [],
          "to_variable": {
            "key": "_8HiRkMUTEDeUQMu7pP9KyA",
            "name": "parameter2",
            "type": null,
            "modifiers": [],
            "position": {}
          },
          "position": {}
        },
        "_HZO08MN3EDeRWaEVKvivIw": {
          "key": "_HZO08MN3EDeRWaEVKvivIw",
          "name": "parameter3",
          "type": null,
          "probability": 1,
          "modifiers": [],
          "to_variable": {
            "key": "_8HiRkcUTEDeUQMu7pP9KyA",
            "name": "parameter3",
            "type": null,
            "modifiers": [],
            "position": {}
          },
          "position": {}
        }
      }
    },
    "parameters_to_parameters_data_clump-./expressurlencoded2-_8HhDdsUTEDeUQMu7pP9KyA-_rrNqMfcgEDGxBq37lTOLFg-parameterparameter2parameter3": {
      "type": "data_clump",
      "key": "parameters_to_parameters_data_clump-./expressurlencoded2-_8HhDdsUTEDeUQMu7pP9KyA-_rrNqMfcgEDGxBq37lTOLFg-parameterparameter2parameter3",
      "probability": 1,
      "from_file_path": "./expressurlencoded2",
      "from_class_or_interface_name": "expressurlencoded2",
      "from_class_or_interface_key": "_8HhDdcUTEDeUQMu7pP9KyA",
      "from_method_name": "onRequest",
      "from_method_key": "_8HhDdsUTEDeUQMu7pP9KyA",
      "to_file_path": "./cors",
      "to_class_or_interface_name": "cors",
      "to_class_or_interface_key": "_bZo5IPcgEDGxBq37lTOLFg",
      "to_method_name": "onRequest",
      "to_method_key": "_rrNqMfcgEDGxBq37lTOLFg",
      "data_clump_type": "parameters_to_parameters_data_clump",
      "data_clump_data": {
        "_8HhqgcUTEDeUQMu7pP9KyA": {
          "key": "_8HhqgcUTEDeUQMu7pP9KyA",
          "name": "parameter",
          "type": null,
          "probability": 1,
          "modifiers": [],
          "to_variable": {
            "key": "_gexVAPciEDGxBq37lTOLFg",
            "name": "parameter",
            "type": null,
            "modifiers": [],
            "position": {}
          },
          "position": {}
        },
        "_8HiRkMUTEDeUQMu7pP9KyA": {
          "key": "_8HiRkMUTEDeUQMu7pP9KyA",
          "name": "parameter2",
          "type": null,
          "probability": 1,
          "modifiers": [],
          "to_variable": {
            "key": "_qr8ToPciEDGxBq37lTOLFg",
            "name": "parameter2",
            "type": null,
            "modifiers": [],
            "position": {}
          },
          "position": {}
        },
        "_8HiRkcUTEDeUQMu7pP9KyA": {
          "key": "_8HiRkcUTEDeUQMu7pP9KyA",
          "name": "parameter3",
          "type": null,
          "probability": 1,
          "modifiers": [],
          "to_variable": {
            "key": "_sDhxoPciEDGxBq37lTOLFg",
            "name": "parameter3",
            "type": null,
            "modifiers": [],
            "position": {}
          },
          "position": {}
        }
      }
    },
    "parameters_to_parameters_data_clump-./expressurlencoded2-_8HhDdsUTEDeUQMu7pP9KyA-_8HgcYcUTEDeUQMu7pP9KyA-parameterparameter2parameter3": {
      "type": "data_clump",
      "key": "parameters_to_parameters_data_clump-./expressurlencoded2-_8HhDdsUTEDeUQMu7pP9KyA-_8HgcYcUTEDeUQMu7pP9KyA-parameterparameter2parameter3",
      "probability": 1,
      "from_file_path": "./expressurlencoded2",
      "from_class_or_interface_name": "expressurlencoded2",
      "from_class_or_interface_key": "_8HhDdcUTEDeUQMu7pP9KyA",
      "from_method_name": "onRequest",
      "from_method_key": "_8HhDdsUTEDeUQMu7pP9KyA",
      "to_file_path": "./cors2",
      "to_class_or_interface_name": "cors2",
      "to_class_or_interface_key": "_8HgcYMUTEDeUQMu7pP9KyA",
      "to_method_name": "onRequest",
      "to_method_key": "_8HgcYcUTEDeUQMu7pP9KyA",
      "data_clump_type": "parameters_to_parameters_data_clump",
      "data_clump_data": {
        "_8HhqgcUTEDeUQMu7pP9KyA": {
          "key": "_8HhqgcUTEDeUQMu7pP9KyA",
          "name": "parameter",
          "type": null,
          "probability": 1,
          "modifiers": [],
          "to_variable": {
            "key": "_8HgcY8UTEDeUQMu7pP9KyA",
            "name": "parameter",
            "type": null,
            "modifiers": [],
            "position": {}
          },
          "position": {}
        },
        "_8HiRkMUTEDeUQMu7pP9KyA": {
          "key": "_8HiRkMUTEDeUQMu7pP9KyA",
          "name": "parameter2",
          "type": null,
          "probability": 1,
          "modifiers": [],
          "to_variable": {
            "key": "_8HhDcMUTEDeUQMu7pP9KyA",
            "name": "parameter2",
            "type": null,
            "modifiers": [],
            "position": {}
          },
          "position": {}
        },
        "_8HiRkcUTEDeUQMu7pP9KyA": {
          "key": "_8HiRkcUTEDeUQMu7pP9KyA",
          "name": "parameter3",
          "type": null,
          "probability": 1,
          "modifiers": [],
          "to_variable": {
            "key": "_8HhDccUTEDeUQMu7pP9KyA",
            "name": "parameter3",
            "type": null,
            "modifiers": [],
            "position": {}
          },
          "position": {}
        }
      }
    },
    "parameters_to_parameters_data_clump-./expressurlencoded2-_8HhDdsUTEDeUQMu7pP9KyA-_VHLysMN3EDeRWaEVKvivIw-parameterparameter2parameter3": {
      "type": "data_clump",
      "key": "parameters_to_parameters_data_clump-./expressurlencoded2-_8HhDdsUTEDeUQMu7pP9KyA-_VHLysMN3EDeRWaEVKvivIw-parameterparameter2parameter3",
      "probability": 1,
      "from_file_path": "./expressurlencoded2",
      "from_class_or_interface_name": "expressurlencoded2",
      "from_class_or_interface_key": "_8HhDdcUTEDeUQMu7pP9KyA",
      "from_method_name": "onRequest",
      "from_method_key": "_8HhDdsUTEDeUQMu7pP9KyA",
      "to_file_path": "./expressjson",
      "to_class_or_interface_name": "expressjson",
      "to_class_or_interface_key": "_VHLLoMN3EDeRWaEVKvivIw",
      "to_method_name": "onRequest",
      "to_method_key": "_VHLysMN3EDeRWaEVKvivIw",
      "data_clump_type": "parameters_to_parameters_data_clump",
      "data_clump_data": {
        "_8HhqgcUTEDeUQMu7pP9KyA": {
          "key": "_8HhqgcUTEDeUQMu7pP9KyA",
          "name": "parameter",
          "type": null,
          "probability": 1,
          "modifiers": [],
          "to_variable": {
            "key": "_VHNA0MN3EDeRWaEVKvivIw",
            "name": "parameter",
            "type": null,
            "modifiers": [],
            "position": {}
          },
          "position": {}
        },
        "_8HiRkMUTEDeUQMu7pP9KyA": {
          "key": "_8HiRkMUTEDeUQMu7pP9KyA",
          "name": "parameter2",
          "type": null,
          "probability": 1,
          "modifiers": [],
          "to_variable": {
            "key": "_VHNA0cN3EDeRWaEVKvivIw",
            "name": "parameter2",
            "type": null,
            "modifiers": [],
            "position": {}
          },
          "position": {}
        },
        "_8HiRkcUTEDeUQMu7pP9KyA": {
          "key": "_8HiRkcUTEDeUQMu7pP9KyA",
          "name": "parameter3",
          "type": null,
          "probability": 1,
          "modifiers": [],
          "to_variable": {
            "key": "_VHNn4MN3EDeRWaEVKvivIw",
            "name": "parameter3",
            "type": null,
            "modifiers": [],
            "position": {}
          },
          "position": {}
        }
      }
    },
    "parameters_to_parameters_data_clump-./expressurlencoded2-_8HhDdsUTEDeUQMu7pP9KyA-_8HiRk8UTEDeUQMu7pP9KyA-parameterparameter2parameter3": {
      "type": "data_clump",
      "key": "parameters_to_parameters_data_clump-./expressurlencoded2-_8HhDdsUTEDeUQMu7pP9KyA-_8HiRk8UTEDeUQMu7pP9KyA-parameterparameter2parameter3",
      "probability": 1,
      "from_file_path": "./expressurlencoded2",
      "from_class_or_interface_name": "expressurlencoded2",
      "from_class_or_interface_key": "_8HhDdcUTEDeUQMu7pP9KyA",
      "from_method_name": "onRequest",
      "from_method_key": "_8HhDdsUTEDeUQMu7pP9KyA",
      "to_file_path": "./expressjson2",
      "to_class_or_interface_name": "expressjson2",
      "to_class_or_interface_key": "_8HiRksUTEDeUQMu7pP9KyA",
      "to_method_name": "onRequest",
      "to_method_key": "_8HiRk8UTEDeUQMu7pP9KyA",
      "data_clump_type": "parameters_to_parameters_data_clump",
      "data_clump_data": {
        "_8HhqgcUTEDeUQMu7pP9KyA": {
          "key": "_8HhqgcUTEDeUQMu7pP9KyA",
          "name": "parameter",
          "type": null,
          "probability": 1,
          "modifiers": [],
          "to_variable": {
            "key": "_8HiRlcUTEDeUQMu7pP9KyA",
            "name": "parameter",
            "type": null,
            "modifiers": [],
            "position": {}
          },
          "position": {}
        },
        "_8HiRkMUTEDeUQMu7pP9KyA": {
          "key": "_8HiRkMUTEDeUQMu7pP9KyA",
          "name": "parameter2",
          "type": null,
          "probability": 1,
          "modifiers": [],
          "to_variable": {
            "key": "_8HiRlsUTEDeUQMu7pP9KyA",
            "name": "parameter2",
            "type": null,
            "modifiers": [],
            "position": {}
          },
          "position": {}
        },
        "_8HiRkcUTEDeUQMu7pP9KyA": {
          "key": "_8HiRkcUTEDeUQMu7pP9KyA",
          "name": "parameter3",
          "type": null,
          "probability": 1,
          "modifiers": [],
          "to_variable": {
            "key": "_8HiRl8UTEDeUQMu7pP9KyA",
            "name": "parameter3",
            "type": null,
            "modifiers": [],
            "position": {}
          },
          "position": {}
        }
      }
    },
    "parameters_to_parameters_data_clump-./expressurlencoded2-_8HhDdsUTEDeUQMu7pP9KyA-_HZM_wMN3EDeRWaEVKvivIw-parameterparameter2parameter3": {
      "type": "data_clump",
      "key": "parameters_to_parameters_data_clump-./expressurlencoded2-_8HhDdsUTEDeUQMu7pP9KyA-_HZM_wMN3EDeRWaEVKvivIw-parameterparameter2parameter3",
      "probability": 1,
      "from_file_path": "./expressurlencoded2",
      "from_class_or_interface_name": "expressurlencoded2",
      "from_class_or_interface_key": "_8HhDdcUTEDeUQMu7pP9KyA",
      "from_method_name": "onRequest",
      "from_method_key": "_8HhDdsUTEDeUQMu7pP9KyA",
      "to_file_path": "./expressurlencoded",
      "to_class_or_interface_name": "expressurlencoded",
      "to_class_or_interface_key": "_EaFjQMN3EDeRWaEVKvivIw",
      "to_method_name": "onRequest",
      "to_method_key": "_HZM_wMN3EDeRWaEVKvivIw",
      "data_clump_type": "parameters_to_parameters_data_clump",
      "data_clump_data": {
        "_8HhqgcUTEDeUQMu7pP9KyA": {
          "key": "_8HhqgcUTEDeUQMu7pP9KyA",
          "name": "parameter",
          "type": null,
          "probability": 1,
          "modifiers": [],
          "to_variable": {
            "key": "_HZNm0cN3EDeRWaEVKvivIw",
            "name": "parameter",
            "type": null,
            "modifiers": [],
            "position": {}
          },
          "position": {}
        },
        "_8HiRkMUTEDeUQMu7pP9KyA": {
          "key": "_8HiRkMUTEDeUQMu7pP9KyA",
          "name": "parameter2",
          "type": null,
          "probability": 1,
          "modifiers": [],
          "to_variable": {
            "key": "_HZNm0sN3EDeRWaEVKvivIw",
            "name": "parameter2",
            "type": null,
            "modifiers": [],
            "position": {}
          },
          "position": {}
        },
        "_8HiRkcUTEDeUQMu7pP9KyA": {
          "key": "_8HiRkcUTEDeUQMu7pP9KyA",
          "name": "parameter3",
          "type": null,
          "probability": 1,
          "modifiers": [],
          "to_variable": {
            "key": "_HZO08MN3EDeRWaEVKvivIw",
            "name": "parameter3",
            "type": null,
            "modifiers": [],
            "position": {}
          },
          "position": {}
        }
      }
    }
  }
}