{
  "report_version": "unknown",
  "report_timestamp": "2025-03-26T22:28:09.513Z",
  "target_language": "java",
  "report_summary": {
    "additional": null,
    "amount_classes_or_interfaces_with_data_clumps": 7,
    "amount_files_with_data_clumps": 7,
    "amount_methods_with_data_clumps": 0,
    "fields_to_fields_data_clump": 14,
    "parameters_to_fields_data_clump": 0,
    "parameters_to_parameters_data_clump": 0,
    "amount_data_clumps": 14
  },
  "project_info": {
    "project_url": "unknown_project_url",
    "project_name": "_3rJk0CalEeShcfbUiDP6ug",
    "project_version": "unknown_project_version",
    "project_commit_hash": "unknown",
    "project_tag": null,
    "project_commit_date": null,
    "additional": {},
    "number_of_files": 19,
    "number_of_classes_or_interfaces": 19,
    "number_of_methods": 2,
    "number_of_data_fields": 94,
    "number_of_method_parameters": 0
  },
  "detector": {
    "name": "data-clumps-doctor",
    "url": "https://github.com/NilsBaumgartner1994/data-clumps-doctor",
    "version": "0.1.100",
    "options": {
      "typeVariablesConsidered": false,
      "similarityModifierOfVariablesWithUnknownType": 0,
      "fieldsOfClassesWithUnknownHierarchyProbabilityModifier": 0,
      "sharedFieldsToFieldsAmountMinimum": 3,
      "analyseFieldsInClassesOrInterfacesInheritedFromSuperClassesOrInterfaces": false,
      "sharedParametersToParametersAmountMinimum": 3,
      "sharedParametersToFieldsAmountMinimum": 3,
      "methodsOfClassesOrInterfacesWithUnknownHierarchyProbabilityModifier": 0
    }
  },
  "data_clumps": {
    "fields_to_fields_data_clump-./Activity(活动)-_EFhHkAjVEDKomtAj0ULWlg-_rrPxEAjUEDKomtAj0ULWlg-namedescriptionquotacreated_at": {
      "type": "data_clump",
      "key": "fields_to_fields_data_clump-./Activity(活动)-_EFhHkAjVEDKomtAj0ULWlg-_rrPxEAjUEDKomtAj0ULWlg-namedescriptionquotacreated_at",
      "probability": 1,
      "from_file_path": "./Activity(活动)",
      "from_class_or_interface_name": "Activity(活动)",
      "from_class_or_interface_key": "_EFhHkAjVEDKomtAj0ULWlg",
      "from_method_name": null,
      "from_method_key": null,
      "to_file_path": "./Term(团队)",
      "to_class_or_interface_key": "_rrPxEAjUEDKomtAj0ULWlg",
      "to_class_or_interface_name": "Activity(活动)",
      "to_method_key": null,
      "to_method_name": null,
      "data_clump_type": "fields_to_fields_data_clump",
      "data_clump_data": {
        "_F217QAjVEDKomtAj0ULWlg": {
          "key": "_F217QAjVEDKomtAj0ULWlg",
          "name": "name",
          "type": null,
          "probability": 1,
          "modifiers": [],
          "to_variable": {
            "key": "_zX7I4AjUEDKomtAj0ULWlg",
            "name": "name",
            "type": null,
            "modifiers": [],
            "position": {}
          },
          "position": {}
        },
        "_IojXcAjhEDKW0vBod3kbzA": {
          "key": "_IojXcAjhEDKW0vBod3kbzA",
          "name": "description",
          "type": null,
          "probability": 1,
          "modifiers": [],
          "to_variable": {
            "key": "_NTFwwAjdEDKMfo0uRRiWSQ",
            "name": "description",
            "type": null,
            "modifiers": [],
            "position": {}
          },
          "position": {}
        },
        "__kbPEAjhEDKW0vBod3kbzA": {
          "key": "__kbPEAjhEDKW0vBod3kbzA",
          "name": "quota",
          "type": null,
          "probability": 1,
          "modifiers": [],
          "to_variable": {
            "key": "_SQcz4AjjEDKW0vBod3kbzA",
            "name": "quota",
            "type": null,
            "modifiers": [],
            "position": {}
          },
          "position": {}
        },
        "_zEmY4AkDEDKvbaCcP1yPNw": {
          "key": "_zEmY4AkDEDKvbaCcP1yPNw",
          "name": "created_at",
          "type": null,
          "probability": 1,
          "modifiers": [],
          "to_variable": {
            "key": "_P0Pe4AjdEDKMfo0uRRiWSQ",
            "name": "created_at",
            "type": null,
            "modifiers": [],
            "position": {}
          },
          "position": {}
        }
      }
    },
    "fields_to_fields_data_clump-./Activity(活动)-_EFhHkAjVEDKomtAj0ULWlg-_PxKyMAjcEDKEw-uLlqWJYA-namedescriptioncreated_at": {
      "type": "data_clump",
      "key": "fields_to_fields_data_clump-./Activity(活动)-_EFhHkAjVEDKomtAj0ULWlg-_PxKyMAjcEDKEw-uLlqWJYA-namedescriptioncreated_at",
      "probability": 1,
      "from_file_path": "./Activity(活动)",
      "from_class_or_interface_name": "Activity(活动)",
      "from_class_or_interface_key": "_EFhHkAjVEDKomtAj0ULWlg",
      "from_method_name": null,
      "from_method_key": null,
      "to_file_path": "./Venue(场馆)",
      "to_class_or_interface_key": "_PxKyMAjcEDKEw-uLlqWJYA",
      "to_class_or_interface_name": "Activity(活动)",
      "to_method_key": null,
      "to_method_name": null,
      "data_clump_type": "fields_to_fields_data_clump",
      "data_clump_data": {
        "_F217QAjVEDKomtAj0ULWlg": {
          "key": "_F217QAjVEDKomtAj0ULWlg",
          "name": "name",
          "type": null,
          "probability": 1,
          "modifiers": [],
          "to_variable": {
            "key": "_oTaY8AjcEDKMfo0uRRiWSQ",
            "name": "name",
            "type": null,
            "modifiers": [],
            "position": {}
          },
          "position": {}
        },
        "_IojXcAjhEDKW0vBod3kbzA": {
          "key": "_IojXcAjhEDKW0vBod3kbzA",
          "name": "description",
          "type": null,
          "probability": 1,
          "modifiers": [],
          "to_variable": {
            "key": "_q5jUwAjcEDKMfo0uRRiWSQ",
            "name": "description",
            "type": null,
            "modifiers": [],
            "position": {}
          },
          "position": {}
        },
        "_zEmY4AkDEDKvbaCcP1yPNw": {
          "key": "_zEmY4AkDEDKvbaCcP1yPNw",
          "name": "created_at",
          "type": null,
          "probability": 1,
          "modifiers": [],
          "to_variable": {
            "key": "_76sA4AjkEDKW0vBod3kbzA",
            "name": "created_at",
            "type": null,
            "modifiers": [],
            "position": {}
          },
          "position": {}
        }
      }
    },
    "fields_to_fields_data_clump-./FieldPrice-_r4bdYAkUEDKvbaCcP1yPNw-_ewHkUAkJEDKvbaCcP1yPNw-fieldbeginendprice": {
      "type": "data_clump",
      "key": "fields_to_fields_data_clump-./FieldPrice-_r4bdYAkUEDKvbaCcP1yPNw-_ewHkUAkJEDKvbaCcP1yPNw-fieldbeginendprice",
      "probability": 1,
      "from_file_path": "./FieldPrice",
      "from_class_or_interface_name": "FieldPrice",
      "from_class_or_interface_key": "_r4bdYAkUEDKvbaCcP1yPNw",
      "from_method_name": null,
      "from_method_key": null,
      "to_file_path": "./ReservationField",
      "to_class_or_interface_key": "_ewHkUAkJEDKvbaCcP1yPNw",
      "to_class_or_interface_name": "FieldPrice",
      "to_method_key": null,
      "to_method_name": null,
      "data_clump_type": "fields_to_fields_data_clump",
      "data_clump_data": {
        "_vK9lIAkUEDKvbaCcP1yPNw": {
          "key": "_vK9lIAkUEDKvbaCcP1yPNw",
          "name": "field",
          "type": null,
          "probability": 1,
          "modifiers": [],
          "to_variable": {
            "key": "_XvWwwCiZEDK_T_Y1jPgnww",
            "name": "field",
            "type": null,
            "modifiers": [],
            "position": {}
          },
          "position": {}
        },
        "_wh14gAkUEDKvbaCcP1yPNw": {
          "key": "_wh14gAkUEDKvbaCcP1yPNw",
          "name": "begin",
          "type": null,
          "probability": 1,
          "modifiers": [],
          "to_variable": {
            "key": "_wD2YUCj6EDKuAY-4YdE3Vg",
            "name": "begin",
            "type": null,
            "modifiers": [],
            "position": {}
          },
          "position": {}
        },
        "_zpg0EAkUEDKvbaCcP1yPNw": {
          "key": "_zpg0EAkUEDKvbaCcP1yPNw",
          "name": "end",
          "type": null,
          "probability": 1,
          "modifiers": [],
          "to_variable": {
            "key": "_0rU5wCj6EDKuAY-4YdE3Vg",
            "name": "end",
            "type": null,
            "modifiers": [],
            "position": {}
          },
          "position": {}
        },
        "_1wegkAkUEDKvbaCcP1yPNw": {
          "key": "_1wegkAkUEDKvbaCcP1yPNw",
          "name": "price",
          "type": null,
          "probability": 1,
          "modifiers": [],
          "to_variable": {
            "key": "_GAEYACj7EDKuAY-4YdE3Vg",
            "name": "price",
            "type": null,
            "modifiers": [],
            "position": {}
          },
          "position": {}
        }
      }
    },
    "fields_to_fields_data_clump-./Reservation(预定)-_v0WEsAjlEDKW0vBod3kbzA-_QGNHsAjUEDKomtAj0ULWlg-namemobilecreated_at": {
      "type": "data_clump",
      "key": "fields_to_fields_data_clump-./Reservation(预定)-_v0WEsAjlEDKW0vBod3kbzA-_QGNHsAjUEDKomtAj0ULWlg-namemobilecreated_at",
      "probability": 1,
      "from_file_path": "./Reservation(预定)",
      "from_class_or_interface_name": "Reservation(预定)",
      "from_class_or_interface_key": "_v0WEsAjlEDKW0vBod3kbzA",
      "from_method_name": null,
      "from_method_key": null,
      "to_file_path": "./User(用户)",
      "to_class_or_interface_key": "_QGNHsAjUEDKomtAj0ULWlg",
      "to_class_or_interface_name": "Reservation(预定)",
      "to_method_key": null,
      "to_method_name": null,
      "data_clump_type": "fields_to_fields_data_clump",
      "data_clump_data": {
        "_2x97IAkGEDKvbaCcP1yPNw": {
          "key": "_2x97IAkGEDKvbaCcP1yPNw",
          "name": "name",
          "type": null,
          "probability": 1,
          "modifiers": [],
          "to_variable": {
            "key": "_M2JS4AjZEDKEw-uLlqWJYA",
            "name": "name",
            "type": null,
            "modifiers": [],
            "position": {}
          },
          "position": {}
        },
        "_6qRQIAkLEDKvbaCcP1yPNw": {
          "key": "_6qRQIAkLEDKvbaCcP1yPNw",
          "name": "mobile",
          "type": null,
          "probability": 1,
          "modifiers": [],
          "to_variable": {
            "key": "_rPOicAjfEDKMfo0uRRiWSQ",
            "name": "mobile",
            "type": null,
            "modifiers": [],
            "position": {}
          },
          "position": {}
        },
        "__awjoAkLEDKvbaCcP1yPNw": {
          "key": "__awjoAkLEDKvbaCcP1yPNw",
          "name": "created_at",
          "type": null,
          "probability": 1,
          "modifiers": [],
          "to_variable": {
            "key": "_R2EJgAjZEDKEw-uLlqWJYA",
            "name": "created_at",
            "type": null,
            "modifiers": [],
            "position": {}
          },
          "position": {}
        }
      }
    },
    "fields_to_fields_data_clump-./Reservation(预定)-_v0WEsAjlEDKW0vBod3kbzA-_PxKyMAjcEDKEw-uLlqWJYA-namestatuscreated_at": {
      "type": "data_clump",
      "key": "fields_to_fields_data_clump-./Reservation(预定)-_v0WEsAjlEDKW0vBod3kbzA-_PxKyMAjcEDKEw-uLlqWJYA-namestatuscreated_at",
      "probability": 1,
      "from_file_path": "./Reservation(预定)",
      "from_class_or_interface_name": "Reservation(预定)",
      "from_class_or_interface_key": "_v0WEsAjlEDKW0vBod3kbzA",
      "from_method_name": null,
      "from_method_key": null,
      "to_file_path": "./Venue(场馆)",
      "to_class_or_interface_key": "_PxKyMAjcEDKEw-uLlqWJYA",
      "to_class_or_interface_name": "Reservation(预定)",
      "to_method_key": null,
      "to_method_name": null,
      "data_clump_type": "fields_to_fields_data_clump",
      "data_clump_data": {
        "_2x97IAkGEDKvbaCcP1yPNw": {
          "key": "_2x97IAkGEDKvbaCcP1yPNw",
          "name": "name",
          "type": null,
          "probability": 1,
          "modifiers": [],
          "to_variable": {
            "key": "_oTaY8AjcEDKMfo0uRRiWSQ",
            "name": "name",
            "type": null,
            "modifiers": [],
            "position": {}
          },
          "position": {}
        },
        "_qTB-8AjqEDKKPu3cDpL84A": {
          "key": "_qTB-8AjqEDKKPu3cDpL84A",
          "name": "status",
          "type": null,
          "probability": 1,
          "modifiers": [],
          "to_variable": {
            "key": "_rhrAgAjjEDKW0vBod3kbzA",
            "name": "status",
            "type": null,
            "modifiers": [],
            "position": {}
          },
          "position": {}
        },
        "__awjoAkLEDKvbaCcP1yPNw": {
          "key": "__awjoAkLEDKvbaCcP1yPNw",
          "name": "created_at",
          "type": null,
          "probability": 1,
          "modifiers": [],
          "to_variable": {
            "key": "_76sA4AjkEDKW0vBod3kbzA",
            "name": "created_at",
            "type": null,
            "modifiers": [],
            "position": {}
          },
          "position": {}
        }
      }
    },
    "fields_to_fields_data_clump-./ReservationField-_ewHkUAkJEDKvbaCcP1yPNw-_r4bdYAkUEDKvbaCcP1yPNw-fieldbeginendprice": {
      "type": "data_clump",
      "key": "fields_to_fields_data_clump-./ReservationField-_ewHkUAkJEDKvbaCcP1yPNw-_r4bdYAkUEDKvbaCcP1yPNw-fieldbeginendprice",
      "probability": 1,
      "from_file_path": "./ReservationField",
      "from_class_or_interface_name": "ReservationField",
      "from_class_or_interface_key": "_ewHkUAkJEDKvbaCcP1yPNw",
      "from_method_name": null,
      "from_method_key": null,
      "to_file_path": "./FieldPrice",
      "to_class_or_interface_key": "_r4bdYAkUEDKvbaCcP1yPNw",
      "to_class_or_interface_name": "ReservationField",
      "to_method_key": null,
      "to_method_name": null,
      "data_clump_type": "fields_to_fields_data_clump",
      "data_clump_data": {
        "_XvWwwCiZEDK_T_Y1jPgnww": {
          "key": "_XvWwwCiZEDK_T_Y1jPgnww",
          "name": "field",
          "type": null,
          "probability": 1,
          "modifiers": [],
          "to_variable": {
            "key": "_vK9lIAkUEDKvbaCcP1yPNw",
            "name": "field",
            "type": null,
            "modifiers": [],
            "position": {}
          },
          "position": {}
        },
        "_wD2YUCj6EDKuAY-4YdE3Vg": {
          "key": "_wD2YUCj6EDKuAY-4YdE3Vg",
          "name": "begin",
          "type": null,
          "probability": 1,
          "modifiers": [],
          "to_variable": {
            "key": "_wh14gAkUEDKvbaCcP1yPNw",
            "name": "begin",
            "type": null,
            "modifiers": [],
            "position": {}
          },
          "position": {}
        },
        "_0rU5wCj6EDKuAY-4YdE3Vg": {
          "key": "_0rU5wCj6EDKuAY-4YdE3Vg",
          "name": "end",
          "type": null,
          "probability": 1,
          "modifiers": [],
          "to_variable": {
            "key": "_zpg0EAkUEDKvbaCcP1yPNw",
            "name": "end",
            "type": null,
            "modifiers": [],
            "position": {}
          },
          "position": {}
        },
        "_GAEYACj7EDKuAY-4YdE3Vg": {
          "key": "_GAEYACj7EDKuAY-4YdE3Vg",
          "name": "price",
          "type": null,
          "probability": 1,
          "modifiers": [],
          "to_variable": {
            "key": "_1wegkAkUEDKvbaCcP1yPNw",
            "name": "price",
            "type": null,
            "modifiers": [],
            "position": {}
          },
          "position": {}
        }
      }
    },
    "fields_to_fields_data_clump-./Term(团队)-_rrPxEAjUEDKomtAj0ULWlg-_EFhHkAjVEDKomtAj0ULWlg-namequotadescriptioncreated_at": {
      "type": "data_clump",
      "key": "fields_to_fields_data_clump-./Term(团队)-_rrPxEAjUEDKomtAj0ULWlg-_EFhHkAjVEDKomtAj0ULWlg-namequotadescriptioncreated_at",
      "probability": 1,
      "from_file_path": "./Term(团队)",
      "from_class_or_interface_name": "Term(团队)",
      "from_class_or_interface_key": "_rrPxEAjUEDKomtAj0ULWlg",
      "from_method_name": null,
      "from_method_key": null,
      "to_file_path": "./Activity(活动)",
      "to_class_or_interface_key": "_EFhHkAjVEDKomtAj0ULWlg",
      "to_class_or_interface_name": "Term(团队)",
      "to_method_key": null,
      "to_method_name": null,
      "data_clump_type": "fields_to_fields_data_clump",
      "data_clump_data": {
        "_zX7I4AjUEDKomtAj0ULWlg": {
          "key": "_zX7I4AjUEDKomtAj0ULWlg",
          "name": "name",
          "type": null,
          "probability": 1,
          "modifiers": [],
          "to_variable": {
            "key": "_F217QAjVEDKomtAj0ULWlg",
            "name": "name",
            "type": null,
            "modifiers": [],
            "position": {}
          },
          "position": {}
        },
        "_SQcz4AjjEDKW0vBod3kbzA": {
          "key": "_SQcz4AjjEDKW0vBod3kbzA",
          "name": "quota",
          "type": null,
          "probability": 1,
          "modifiers": [],
          "to_variable": {
            "key": "__kbPEAjhEDKW0vBod3kbzA",
            "name": "quota",
            "type": null,
            "modifiers": [],
            "position": {}
          },
          "position": {}
        },
        "_NTFwwAjdEDKMfo0uRRiWSQ": {
          "key": "_NTFwwAjdEDKMfo0uRRiWSQ",
          "name": "description",
          "type": null,
          "probability": 1,
          "modifiers": [],
          "to_variable": {
            "key": "_IojXcAjhEDKW0vBod3kbzA",
            "name": "description",
            "type": null,
            "modifiers": [],
            "position": {}
          },
          "position": {}
        },
        "_P0Pe4AjdEDKMfo0uRRiWSQ": {
          "key": "_P0Pe4AjdEDKMfo0uRRiWSQ",
          "name": "created_at",
          "type": null,
          "probability": 1,
          "modifiers": [],
          "to_variable": {
            "key": "_zEmY4AkDEDKvbaCcP1yPNw",
            "name": "created_at",
            "type": null,
            "modifiers": [],
            "position": {}
          },
          "position": {}
        }
      }
    },
    "fields_to_fields_data_clump-./Term(团队)-_rrPxEAjUEDKomtAj0ULWlg-_PxKyMAjcEDKEw-uLlqWJYA-namedescriptioncreated_at": {
      "type": "data_clump",
      "key": "fields_to_fields_data_clump-./Term(团队)-_rrPxEAjUEDKomtAj0ULWlg-_PxKyMAjcEDKEw-uLlqWJYA-namedescriptioncreated_at",
      "probability": 1,
      "from_file_path": "./Term(团队)",
      "from_class_or_interface_name": "Term(团队)",
      "from_class_or_interface_key": "_rrPxEAjUEDKomtAj0ULWlg",
      "from_method_name": null,
      "from_method_key": null,
      "to_file_path": "./Venue(场馆)",
      "to_class_or_interface_key": "_PxKyMAjcEDKEw-uLlqWJYA",
      "to_class_or_interface_name": "Term(团队)",
      "to_method_key": null,
      "to_method_name": null,
      "data_clump_type": "fields_to_fields_data_clump",
      "data_clump_data": {
        "_zX7I4AjUEDKomtAj0ULWlg": {
          "key": "_zX7I4AjUEDKomtAj0ULWlg",
          "name": "name",
          "type": null,
          "probability": 1,
          "modifiers": [],
          "to_variable": {
            "key": "_oTaY8AjcEDKMfo0uRRiWSQ",
            "name": "name",
            "type": null,
            "modifiers": [],
            "position": {}
          },
          "position": {}
        },
        "_NTFwwAjdEDKMfo0uRRiWSQ": {
          "key": "_NTFwwAjdEDKMfo0uRRiWSQ",
          "name": "description",
          "type": null,
          "probability": 1,
          "modifiers": [],
          "to_variable": {
            "key": "_q5jUwAjcEDKMfo0uRRiWSQ",
            "name": "description",
            "type": null,
            "modifiers": [],
            "position": {}
          },
          "position": {}
        },
        "_P0Pe4AjdEDKMfo0uRRiWSQ": {
          "key": "_P0Pe4AjdEDKMfo0uRRiWSQ",
          "name": "created_at",
          "type": null,
          "probability": 1,
          "modifiers": [],
          "to_variable": {
            "key": "_76sA4AjkEDKW0vBod3kbzA",
            "name": "created_at",
            "type": null,
            "modifiers": [],
            "position": {}
          },
          "position": {}
        }
      }
    },
    "fields_to_fields_data_clump-./User(用户)-_QGNHsAjUEDKomtAj0ULWlg-_v0WEsAjlEDKW0vBod3kbzA-namemobilecreated_at": {
      "type": "data_clump",
      "key": "fields_to_fields_data_clump-./User(用户)-_QGNHsAjUEDKomtAj0ULWlg-_v0WEsAjlEDKW0vBod3kbzA-namemobilecreated_at",
      "probability": 1,
      "from_file_path": "./User(用户)",
      "from_class_or_interface_name": "User(用户)",
      "from_class_or_interface_key": "_QGNHsAjUEDKomtAj0ULWlg",
      "from_method_name": null,
      "from_method_key": null,
      "to_file_path": "./Reservation(预定)",
      "to_class_or_interface_key": "_v0WEsAjlEDKW0vBod3kbzA",
      "to_class_or_interface_name": "User(用户)",
      "to_method_key": null,
      "to_method_name": null,
      "data_clump_type": "fields_to_fields_data_clump",
      "data_clump_data": {
        "_M2JS4AjZEDKEw-uLlqWJYA": {
          "key": "_M2JS4AjZEDKEw-uLlqWJYA",
          "name": "name",
          "type": null,
          "probability": 1,
          "modifiers": [],
          "to_variable": {
            "key": "_2x97IAkGEDKvbaCcP1yPNw",
            "name": "name",
            "type": null,
            "modifiers": [],
            "position": {}
          },
          "position": {}
        },
        "_rPOicAjfEDKMfo0uRRiWSQ": {
          "key": "_rPOicAjfEDKMfo0uRRiWSQ",
          "name": "mobile",
          "type": null,
          "probability": 1,
          "modifiers": [],
          "to_variable": {
            "key": "_6qRQIAkLEDKvbaCcP1yPNw",
            "name": "mobile",
            "type": null,
            "modifiers": [],
            "position": {}
          },
          "position": {}
        },
        "_R2EJgAjZEDKEw-uLlqWJYA": {
          "key": "_R2EJgAjZEDKEw-uLlqWJYA",
          "name": "created_at",
          "type": null,
          "probability": 1,
          "modifiers": [],
          "to_variable": {
            "key": "__awjoAkLEDKvbaCcP1yPNw",
            "name": "created_at",
            "type": null,
            "modifiers": [],
            "position": {}
          },
          "position": {}
        }
      }
    },
    "fields_to_fields_data_clump-./User(用户)-_QGNHsAjUEDKomtAj0ULWlg-_PxKyMAjcEDKEw-uLlqWJYA-namecitycreated_at": {
      "type": "data_clump",
      "key": "fields_to_fields_data_clump-./User(用户)-_QGNHsAjUEDKomtAj0ULWlg-_PxKyMAjcEDKEw-uLlqWJYA-namecitycreated_at",
      "probability": 1,
      "from_file_path": "./User(用户)",
      "from_class_or_interface_name": "User(用户)",
      "from_class_or_interface_key": "_QGNHsAjUEDKomtAj0ULWlg",
      "from_method_name": null,
      "from_method_key": null,
      "to_file_path": "./Venue(场馆)",
      "to_class_or_interface_key": "_PxKyMAjcEDKEw-uLlqWJYA",
      "to_class_or_interface_name": "User(用户)",
      "to_method_key": null,
      "to_method_name": null,
      "data_clump_type": "fields_to_fields_data_clump",
      "data_clump_data": {
        "_M2JS4AjZEDKEw-uLlqWJYA": {
          "key": "_M2JS4AjZEDKEw-uLlqWJYA",
          "name": "name",
          "type": null,
          "probability": 1,
          "modifiers": [],
          "to_variable": {
            "key": "_oTaY8AjcEDKMfo0uRRiWSQ",
            "name": "name",
            "type": null,
            "modifiers": [],
            "position": {}
          },
          "position": {}
        },
        "_E3L9oAjsEDKKPu3cDpL84A": {
          "key": "_E3L9oAjsEDKKPu3cDpL84A",
          "name": "city",
          "type": null,
          "probability": 1,
          "modifiers": [],
          "to_variable": {
            "key": "_H9Ia4AjsEDKKPu3cDpL84A",
            "name": "city",
            "type": null,
            "modifiers": [],
            "position": {}
          },
          "position": {}
        },
        "_R2EJgAjZEDKEw-uLlqWJYA": {
          "key": "_R2EJgAjZEDKEw-uLlqWJYA",
          "name": "created_at",
          "type": null,
          "probability": 1,
          "modifiers": [],
          "to_variable": {
            "key": "_76sA4AjkEDKW0vBod3kbzA",
            "name": "created_at",
            "type": null,
            "modifiers": [],
            "position": {}
          },
          "position": {}
        }
      }
    },
    "fields_to_fields_data_clump-./Venue(场馆)-_PxKyMAjcEDKEw-uLlqWJYA-_EFhHkAjVEDKomtAj0ULWlg-namedescriptioncreated_at": {
      "type": "data_clump",
      "key": "fields_to_fields_data_clump-./Venue(场馆)-_PxKyMAjcEDKEw-uLlqWJYA-_EFhHkAjVEDKomtAj0ULWlg-namedescriptioncreated_at",
      "probability": 1,
      "from_file_path": "./Venue(场馆)",
      "from_class_or_interface_name": "Venue(场馆)",
      "from_class_or_interface_key": "_PxKyMAjcEDKEw-uLlqWJYA",
      "from_method_name": null,
      "from_method_key": null,
      "to_file_path": "./Activity(活动)",
      "to_class_or_interface_key": "_EFhHkAjVEDKomtAj0ULWlg",
      "to_class_or_interface_name": "Venue(场馆)",
      "to_method_key": null,
      "to_method_name": null,
      "data_clump_type": "fields_to_fields_data_clump",
      "data_clump_data": {
        "_oTaY8AjcEDKMfo0uRRiWSQ": {
          "key": "_oTaY8AjcEDKMfo0uRRiWSQ",
          "name": "name",
          "type": null,
          "probability": 1,
          "modifiers": [],
          "to_variable": {
            "key": "_F217QAjVEDKomtAj0ULWlg",
            "name": "name",
            "type": null,
            "modifiers": [],
            "position": {}
          },
          "position": {}
        },
        "_q5jUwAjcEDKMfo0uRRiWSQ": {
          "key": "_q5jUwAjcEDKMfo0uRRiWSQ",
          "name": "description",
          "type": null,
          "probability": 1,
          "modifiers": [],
          "to_variable": {
            "key": "_IojXcAjhEDKW0vBod3kbzA",
            "name": "description",
            "type": null,
            "modifiers": [],
            "position": {}
          },
          "position": {}
        },
        "_76sA4AjkEDKW0vBod3kbzA": {
          "key": "_76sA4AjkEDKW0vBod3kbzA",
          "name": "created_at",
          "type": null,
          "probability": 1,
          "modifiers": [],
          "to_variable": {
            "key": "_zEmY4AkDEDKvbaCcP1yPNw",
            "name": "created_at",
            "type": null,
            "modifiers": [],
            "position": {}
          },
          "position": {}
        }
      }
    },
    "fields_to_fields_data_clump-./Venue(场馆)-_PxKyMAjcEDKEw-uLlqWJYA-_v0WEsAjlEDKW0vBod3kbzA-namestatuscreated_at": {
      "type": "data_clump",
      "key": "fields_to_fields_data_clump-./Venue(场馆)-_PxKyMAjcEDKEw-uLlqWJYA-_v0WEsAjlEDKW0vBod3kbzA-namestatuscreated_at",
      "probability": 1,
      "from_file_path": "./Venue(场馆)",
      "from_class_or_interface_name": "Venue(场馆)",
      "from_class_or_interface_key": "_PxKyMAjcEDKEw-uLlqWJYA",
      "from_method_name": null,
      "from_method_key": null,
      "to_file_path": "./Reservation(预定)",
      "to_class_or_interface_key": "_v0WEsAjlEDKW0vBod3kbzA",
      "to_class_or_interface_name": "Venue(场馆)",
      "to_method_key": null,
      "to_method_name": null,
      "data_clump_type": "fields_to_fields_data_clump",
      "data_clump_data": {
        "_oTaY8AjcEDKMfo0uRRiWSQ": {
          "key": "_oTaY8AjcEDKMfo0uRRiWSQ",
          "name": "name",
          "type": null,
          "probability": 1,
          "modifiers": [],
          "to_variable": {
            "key": "_2x97IAkGEDKvbaCcP1yPNw",
            "name": "name",
            "type": null,
            "modifiers": [],
            "position": {}
          },
          "position": {}
        },
        "_rhrAgAjjEDKW0vBod3kbzA": {
          "key": "_rhrAgAjjEDKW0vBod3kbzA",
          "name": "status",
          "type": null,
          "probability": 1,
          "modifiers": [],
          "to_variable": {
            "key": "_qTB-8AjqEDKKPu3cDpL84A",
            "name": "status",
            "type": null,
            "modifiers": [],
            "position": {}
          },
          "position": {}
        },
        "_76sA4AjkEDKW0vBod3kbzA": {
          "key": "_76sA4AjkEDKW0vBod3kbzA",
          "name": "created_at",
          "type": null,
          "probability": 1,
          "modifiers": [],
          "to_variable": {
            "key": "__awjoAkLEDKvbaCcP1yPNw",
            "name": "created_at",
            "type": null,
            "modifiers": [],
            "position": {}
          },
          "position": {}
        }
      }
    },
    "fields_to_fields_data_clump-./Venue(场馆)-_PxKyMAjcEDKEw-uLlqWJYA-_rrPxEAjUEDKomtAj0ULWlg-namedescriptioncreated_at": {
      "type": "data_clump",
      "key": "fields_to_fields_data_clump-./Venue(场馆)-_PxKyMAjcEDKEw-uLlqWJYA-_rrPxEAjUEDKomtAj0ULWlg-namedescriptioncreated_at",
      "probability": 1,
      "from_file_path": "./Venue(场馆)",
      "from_class_or_interface_name": "Venue(场馆)",
      "from_class_or_interface_key": "_PxKyMAjcEDKEw-uLlqWJYA",
      "from_method_name": null,
      "from_method_key": null,
      "to_file_path": "./Term(团队)",
      "to_class_or_interface_key": "_rrPxEAjUEDKomtAj0ULWlg",
      "to_class_or_interface_name": "Venue(场馆)",
      "to_method_key": null,
      "to_method_name": null,
      "data_clump_type": "fields_to_fields_data_clump",
      "data_clump_data": {
        "_oTaY8AjcEDKMfo0uRRiWSQ": {
          "key": "_oTaY8AjcEDKMfo0uRRiWSQ",
          "name": "name",
          "type": null,
          "probability": 1,
          "modifiers": [],
          "to_variable": {
            "key": "_zX7I4AjUEDKomtAj0ULWlg",
            "name": "name",
            "type": null,
            "modifiers": [],
            "position": {}
          },
          "position": {}
        },
        "_q5jUwAjcEDKMfo0uRRiWSQ": {
          "key": "_q5jUwAjcEDKMfo0uRRiWSQ",
          "name": "description",
          "type": null,
          "probability": 1,
          "modifiers": [],
          "to_variable": {
            "key": "_NTFwwAjdEDKMfo0uRRiWSQ",
            "name": "description",
            "type": null,
            "modifiers": [],
            "position": {}
          },
          "position": {}
        },
        "_76sA4AjkEDKW0vBod3kbzA": {
          "key": "_76sA4AjkEDKW0vBod3kbzA",
          "name": "created_at",
          "type": null,
          "probability": 1,
          "modifiers": [],
          "to_variable": {
            "key": "_P0Pe4AjdEDKMfo0uRRiWSQ",
            "name": "created_at",
            "type": null,
            "modifiers": [],
            "position": {}
          },
          "position": {}
        }
      }
    },
    "fields_to_fields_data_clump-./Venue(场馆)-_PxKyMAjcEDKEw-uLlqWJYA-_QGNHsAjUEDKomtAj0ULWlg-namecitycreated_at": {
      "type": "data_clump",
      "key": "fields_to_fields_data_clump-./Venue(场馆)-_PxKyMAjcEDKEw-uLlqWJYA-_QGNHsAjUEDKomtAj0ULWlg-namecitycreated_at",
      "probability": 1,
      "from_file_path": "./Venue(场馆)",
      "from_class_or_interface_name": "Venue(场馆)",
      "from_class_or_interface_key": "_PxKyMAjcEDKEw-uLlqWJYA",
      "from_method_name": null,
      "from_method_key": null,
      "to_file_path": "./User(用户)",
      "to_class_or_interface_key": "_QGNHsAjUEDKomtAj0ULWlg",
      "to_class_or_interface_name": "Venue(场馆)",
      "to_method_key": null,
      "to_method_name": null,
      "data_clump_type": "fields_to_fields_data_clump",
      "data_clump_data": {
        "_oTaY8AjcEDKMfo0uRRiWSQ": {
          "key": "_oTaY8AjcEDKMfo0uRRiWSQ",
          "name": "name",
          "type": null,
          "probability": 1,
          "modifiers": [],
          "to_variable": {
            "key": "_M2JS4AjZEDKEw-uLlqWJYA",
            "name": "name",
            "type": null,
            "modifiers": [],
            "position": {}
          },
          "position": {}
        },
        "_H9Ia4AjsEDKKPu3cDpL84A": {
          "key": "_H9Ia4AjsEDKKPu3cDpL84A",
          "name": "city",
          "type": null,
          "probability": 1,
          "modifiers": [],
          "to_variable": {
            "key": "_E3L9oAjsEDKKPu3cDpL84A",
            "name": "city",
            "type": null,
            "modifiers": [],
            "position": {}
          },
          "position": {}
        },
        "_76sA4AjkEDKW0vBod3kbzA": {
          "key": "_76sA4AjkEDKW0vBod3kbzA",
          "name": "created_at",
          "type": null,
          "probability": 1,
          "modifiers": [],
          "to_variable": {
            "key": "_R2EJgAjZEDKEw-uLlqWJYA",
            "name": "created_at",
            "type": null,
            "modifiers": [],
            "position": {}
          },
          "position": {}
        }
      }
    }
  }
}