{
  "report_version": "unknown",
  "report_timestamp": "2025-03-26T23:02:34.035Z",
  "target_language": "java",
  "report_summary": {
    "additional": null,
    "amount_classes_or_interfaces_with_data_clumps": 2,
    "amount_files_with_data_clumps": 2,
    "amount_methods_with_data_clumps": 0,
    "fields_to_fields_data_clump": 2,
    "parameters_to_fields_data_clump": 0,
    "parameters_to_parameters_data_clump": 0,
    "amount_data_clumps": 2
  },
  "project_info": {
    "project_url": "unknown_project_url",
    "project_name": "__m3K4PNGEDCasPmKyViQEQ",
    "project_version": "unknown_project_version",
    "project_commit_hash": "unknown",
    "project_tag": null,
    "project_commit_date": null,
    "additional": {},
    "number_of_files": 23,
    "number_of_classes_or_interfaces": 23,
    "number_of_methods": 0,
    "number_of_data_fields": 32,
    "number_of_method_parameters": 0
  },
  "detector": {
    "name": "data-clumps-doctor",
    "url": "https://github.com/NilsBaumgartner1994/data-clumps-doctor",
    "version": "0.1.100",
    "options": {
      "typeVariablesConsidered": false,
      "similarityModifierOfVariablesWithUnknownType": 0,
      "fieldsOfClassesWithUnknownHierarchyProbabilityModifier": 0,
      "sharedFieldsToFieldsAmountMinimum": 3,
      "analyseFieldsInClassesOrInterfacesInheritedFromSuperClassesOrInterfaces": false,
      "sharedParametersToParametersAmountMinimum": 3,
      "sharedParametersToFieldsAmountMinimum": 3,
      "methodsOfClassesOrInterfacesWithUnknownHierarchyProbabilityModifier": 0
    }
  },
  "data_clumps": {
    "fields_to_fields_data_clump-./account(账户)-_YTvb4PNpEDCasPmKyViQEQ-_I3SKYPNoEDCasPmKyViQEQ-idname(名称)desc(描述)created_atupdated_atpublish_status": {
      "type": "data_clump",
      "key": "fields_to_fields_data_clump-./account(账户)-_YTvb4PNpEDCasPmKyViQEQ-_I3SKYPNoEDCasPmKyViQEQ-idname(名称)desc(描述)created_atupdated_atpublish_status",
      "probability": 1,
      "from_file_path": "./account(账户)",
      "from_class_or_interface_name": "account(账户)",
      "from_class_or_interface_key": "_YTvb4PNpEDCasPmKyViQEQ",
      "from_method_name": null,
      "from_method_key": null,
      "to_file_path": "./teams(团队)",
      "to_class_or_interface_key": "_I3SKYPNoEDCasPmKyViQEQ",
      "to_class_or_interface_name": "account(账户)",
      "to_method_key": null,
      "to_method_name": null,
      "data_clump_type": "fields_to_fields_data_clump",
      "data_clump_data": {
        "_a02GsPNpEDCasPmKyViQEQ": {
          "key": "_a02GsPNpEDCasPmKyViQEQ",
          "name": "id",
          "type": null,
          "probability": 1,
          "modifiers": [],
          "to_variable": {
            "key": "_KWq5gPNoEDCasPmKyViQEQ",
            "name": "id",
            "type": null,
            "modifiers": [],
            "position": {}
          },
          "position": {}
        },
        "_E5h0APNrEDCasPmKyViQEQ": {
          "key": "_E5h0APNrEDCasPmKyViQEQ",
          "name": "name(名称)",
          "type": null,
          "probability": 1,
          "modifiers": [],
          "to_variable": {
            "key": "_Lx46UPNoEDCasPmKyViQEQ",
            "name": "name(名称)",
            "type": null,
            "modifiers": [],
            "position": {}
          },
          "position": {}
        },
        "_KRewIPNrEDCasPmKyViQEQ": {
          "key": "_KRewIPNrEDCasPmKyViQEQ",
          "name": "desc(描述)",
          "type": null,
          "probability": 1,
          "modifiers": [],
          "to_variable": {
            "key": "_O9TGYPNoEDCasPmKyViQEQ",
            "name": "desc(描述)",
            "type": null,
            "modifiers": [],
            "position": {}
          },
          "position": {}
        },
        "_Q8zYoPNrEDCasPmKyViQEQ": {
          "key": "_Q8zYoPNrEDCasPmKyViQEQ",
          "name": "created_at",
          "type": null,
          "probability": 1,
          "modifiers": [],
          "to_variable": {
            "key": "_RR1U0PNoEDCasPmKyViQEQ",
            "name": "created_at",
            "type": null,
            "modifiers": [],
            "position": {}
          },
          "position": {}
        },
        "_T5snkPNrEDCasPmKyViQEQ": {
          "key": "_T5snkPNrEDCasPmKyViQEQ",
          "name": "updated_at",
          "type": null,
          "probability": 1,
          "modifiers": [],
          "to_variable": {
            "key": "_TosegPNoEDCasPmKyViQEQ",
            "name": "updated_at",
            "type": null,
            "modifiers": [],
            "position": {}
          },
          "position": {}
        },
        "_W-fOQPNrEDCasPmKyViQEQ": {
          "key": "_W-fOQPNrEDCasPmKyViQEQ",
          "name": "publish_status",
          "type": null,
          "probability": 1,
          "modifiers": [],
          "to_variable": {
            "key": "_U_XWgPNoEDCasPmKyViQEQ",
            "name": "publish_status",
            "type": null,
            "modifiers": [],
            "position": {}
          },
          "position": {}
        }
      }
    },
    "fields_to_fields_data_clump-./teams(团队)-_I3SKYPNoEDCasPmKyViQEQ-_YTvb4PNpEDCasPmKyViQEQ-idname(名称)desc(描述)created_atupdated_atpublish_status": {
      "type": "data_clump",
      "key": "fields_to_fields_data_clump-./teams(团队)-_I3SKYPNoEDCasPmKyViQEQ-_YTvb4PNpEDCasPmKyViQEQ-idname(名称)desc(描述)created_atupdated_atpublish_status",
      "probability": 1,
      "from_file_path": "./teams(团队)",
      "from_class_or_interface_name": "teams(团队)",
      "from_class_or_interface_key": "_I3SKYPNoEDCasPmKyViQEQ",
      "from_method_name": null,
      "from_method_key": null,
      "to_file_path": "./account(账户)",
      "to_class_or_interface_key": "_YTvb4PNpEDCasPmKyViQEQ",
      "to_class_or_interface_name": "teams(团队)",
      "to_method_key": null,
      "to_method_name": null,
      "data_clump_type": "fields_to_fields_data_clump",
      "data_clump_data": {
        "_KWq5gPNoEDCasPmKyViQEQ": {
          "key": "_KWq5gPNoEDCasPmKyViQEQ",
          "name": "id",
          "type": null,
          "probability": 1,
          "modifiers": [],
          "to_variable": {
            "key": "_a02GsPNpEDCasPmKyViQEQ",
            "name": "id",
            "type": null,
            "modifiers": [],
            "position": {}
          },
          "position": {}
        },
        "_Lx46UPNoEDCasPmKyViQEQ": {
          "key": "_Lx46UPNoEDCasPmKyViQEQ",
          "name": "name(名称)",
          "type": null,
          "probability": 1,
          "modifiers": [],
          "to_variable": {
            "key": "_E5h0APNrEDCasPmKyViQEQ",
            "name": "name(名称)",
            "type": null,
            "modifiers": [],
            "position": {}
          },
          "position": {}
        },
        "_O9TGYPNoEDCasPmKyViQEQ": {
          "key": "_O9TGYPNoEDCasPmKyViQEQ",
          "name": "desc(描述)",
          "type": null,
          "probability": 1,
          "modifiers": [],
          "to_variable": {
            "key": "_KRewIPNrEDCasPmKyViQEQ",
            "name": "desc(描述)",
            "type": null,
            "modifiers": [],
            "position": {}
          },
          "position": {}
        },
        "_RR1U0PNoEDCasPmKyViQEQ": {
          "key": "_RR1U0PNoEDCasPmKyViQEQ",
          "name": "created_at",
          "type": null,
          "probability": 1,
          "modifiers": [],
          "to_variable": {
            "key": "_Q8zYoPNrEDCasPmKyViQEQ",
            "name": "created_at",
            "type": null,
            "modifiers": [],
            "position": {}
          },
          "position": {}
        },
        "_TosegPNoEDCasPmKyViQEQ": {
          "key": "_TosegPNoEDCasPmKyViQEQ",
          "name": "updated_at",
          "type": null,
          "probability": 1,
          "modifiers": [],
          "to_variable": {
            "key": "_T5snkPNrEDCasPmKyViQEQ",
            "name": "updated_at",
            "type": null,
            "modifiers": [],
            "position": {}
          },
          "position": {}
        },
        "_U_XWgPNoEDCasPmKyViQEQ": {
          "key": "_U_XWgPNoEDCasPmKyViQEQ",
          "name": "publish_status",
          "type": null,
          "probability": 1,
          "modifiers": [],
          "to_variable": {
            "key": "_W-fOQPNrEDCasPmKyViQEQ",
            "name": "publish_status",
            "type": null,
            "modifiers": [],
            "position": {}
          },
          "position": {}
        }
      }
    }
  }
}