{
  "report_version": "unknown",
  "report_timestamp": "2025-03-26T22:41:12.194Z",
  "target_language": "java",
  "report_summary": {
    "additional": null,
    "amount_classes_or_interfaces_with_data_clumps": 2,
    "amount_files_with_data_clumps": 2,
    "amount_methods_with_data_clumps": 2,
    "fields_to_fields_data_clump": 2,
    "parameters_to_fields_data_clump": 0,
    "parameters_to_parameters_data_clump": 2,
    "amount_data_clumps": 4
  },
  "project_info": {
    "project_url": "unknown_project_url",
    "project_name": "_fz-ekNryEe2JhIahQQsnAA",
    "project_version": "unknown_project_version",
    "project_commit_hash": "unknown",
    "project_tag": null,
    "project_commit_date": null,
    "additional": {},
    "number_of_files": 9,
    "number_of_classes_or_interfaces": 9,
    "number_of_methods": 53,
    "number_of_data_fields": 27,
    "number_of_method_parameters": 30
  },
  "detector": {
    "name": "data-clumps-doctor",
    "url": "https://github.com/NilsBaumgartner1994/data-clumps-doctor",
    "version": "0.1.100",
    "options": {
      "typeVariablesConsidered": false,
      "similarityModifierOfVariablesWithUnknownType": 0,
      "fieldsOfClassesWithUnknownHierarchyProbabilityModifier": 0,
      "sharedFieldsToFieldsAmountMinimum": 3,
      "analyseFieldsInClassesOrInterfacesInheritedFromSuperClassesOrInterfaces": false,
      "sharedParametersToParametersAmountMinimum": 3,
      "sharedParametersToFieldsAmountMinimum": 3,
      "methodsOfClassesOrInterfacesWithUnknownHierarchyProbabilityModifier": 0
    }
  },
  "data_clumps": {
    "parameters_to_parameters_data_clump-./Cuidador-_RokZoL7vEDuJ7JwBptKggg-_8WQzIL39EDulnfgH2wUREQ-pNombrepDireccionpTelefono": {
      "type": "data_clump",
      "key": "parameters_to_parameters_data_clump-./Cuidador-_RokZoL7vEDuJ7JwBptKggg-_8WQzIL39EDulnfgH2wUREQ-pNombrepDireccionpTelefono",
      "probability": 1,
      "from_file_path": "./Cuidador",
      "from_class_or_interface_name": "Cuidador",
      "from_class_or_interface_key": "_MNywgL3SEDulnfgH2wUREQ",
      "from_method_name": "cuidador",
      "from_method_key": "_RokZoL7vEDuJ7JwBptKggg",
      "to_file_path": "./Guia",
      "to_class_or_interface_name": "Guia",
      "to_class_or_interface_key": "_HszRkL3SEDulnfgH2wUREQ",
      "to_method_name": "guia",
      "to_method_key": "_8WQzIL39EDulnfgH2wUREQ",
      "data_clump_type": "parameters_to_parameters_data_clump",
      "data_clump_data": {
        "_Up9HAL7vEDuJ7JwBptKggg": {
          "key": "_Up9HAL7vEDuJ7JwBptKggg",
          "name": "pNombre",
          "type": null,
          "probability": 1,
          "modifiers": [],
          "to_variable": {
            "key": "_9w0FkL39EDulnfgH2wUREQ",
            "name": "pNombre",
            "type": null,
            "modifiers": [],
            "position": {}
          },
          "position": {}
        },
        "_VkCJoL7vEDuJ7JwBptKggg": {
          "key": "_VkCJoL7vEDuJ7JwBptKggg",
          "name": "pDireccion",
          "type": null,
          "probability": 1,
          "modifiers": [],
          "to_variable": {
            "key": "__NNLEL39EDulnfgH2wUREQ",
            "name": "pDireccion",
            "type": null,
            "modifiers": [],
            "position": {}
          },
          "position": {}
        },
        "_WZ9FAL7vEDuJ7JwBptKggg": {
          "key": "_WZ9FAL7vEDuJ7JwBptKggg",
          "name": "pTelefono",
          "type": null,
          "probability": 1,
          "modifiers": [],
          "to_variable": {
            "key": "_AOMuAL3-EDulnfgH2wUREQ",
            "name": "pTelefono",
            "type": null,
            "modifiers": [],
            "position": {}
          },
          "position": {}
        }
      }
    },
    "parameters_to_parameters_data_clump-./Guia-_8WQzIL39EDulnfgH2wUREQ-_RokZoL7vEDuJ7JwBptKggg-pNombrepDireccionpTelefono": {
      "type": "data_clump",
      "key": "parameters_to_parameters_data_clump-./Guia-_8WQzIL39EDulnfgH2wUREQ-_RokZoL7vEDuJ7JwBptKggg-pNombrepDireccionpTelefono",
      "probability": 1,
      "from_file_path": "./Guia",
      "from_class_or_interface_name": "Guia",
      "from_class_or_interface_key": "_HszRkL3SEDulnfgH2wUREQ",
      "from_method_name": "guia",
      "from_method_key": "_8WQzIL39EDulnfgH2wUREQ",
      "to_file_path": "./Cuidador",
      "to_class_or_interface_name": "Cuidador",
      "to_class_or_interface_key": "_MNywgL3SEDulnfgH2wUREQ",
      "to_method_name": "cuidador",
      "to_method_key": "_RokZoL7vEDuJ7JwBptKggg",
      "data_clump_type": "parameters_to_parameters_data_clump",
      "data_clump_data": {
        "_9w0FkL39EDulnfgH2wUREQ": {
          "key": "_9w0FkL39EDulnfgH2wUREQ",
          "name": "pNombre",
          "type": null,
          "probability": 1,
          "modifiers": [],
          "to_variable": {
            "key": "_Up9HAL7vEDuJ7JwBptKggg",
            "name": "pNombre",
            "type": null,
            "modifiers": [],
            "position": {}
          },
          "position": {}
        },
        "__NNLEL39EDulnfgH2wUREQ": {
          "key": "__NNLEL39EDulnfgH2wUREQ",
          "name": "pDireccion",
          "type": null,
          "probability": 1,
          "modifiers": [],
          "to_variable": {
            "key": "_VkCJoL7vEDuJ7JwBptKggg",
            "name": "pDireccion",
            "type": null,
            "modifiers": [],
            "position": {}
          },
          "position": {}
        },
        "_AOMuAL3-EDulnfgH2wUREQ": {
          "key": "_AOMuAL3-EDulnfgH2wUREQ",
          "name": "pTelefono",
          "type": null,
          "probability": 1,
          "modifiers": [],
          "to_variable": {
            "key": "_WZ9FAL7vEDuJ7JwBptKggg",
            "name": "pTelefono",
            "type": null,
            "modifiers": [],
            "position": {}
          },
          "position": {}
        }
      }
    },
    "fields_to_fields_data_clump-./Cuidador-_MNywgL3SEDulnfgH2wUREQ-_HszRkL3SEDulnfgH2wUREQ-nombredirecciontelefono": {
      "type": "data_clump",
      "key": "fields_to_fields_data_clump-./Cuidador-_MNywgL3SEDulnfgH2wUREQ-_HszRkL3SEDulnfgH2wUREQ-nombredirecciontelefono",
      "probability": 1,
      "from_file_path": "./Cuidador",
      "from_class_or_interface_name": "Cuidador",
      "from_class_or_interface_key": "_MNywgL3SEDulnfgH2wUREQ",
      "from_method_name": null,
      "from_method_key": null,
      "to_file_path": "./Guia",
      "to_class_or_interface_key": "_HszRkL3SEDulnfgH2wUREQ",
      "to_class_or_interface_name": "Cuidador",
      "to_method_key": null,
      "to_method_name": null,
      "data_clump_type": "fields_to_fields_data_clump",
      "data_clump_data": {
        "_VtJm4L3SEDulnfgH2wUREQ": {
          "key": "_VtJm4L3SEDulnfgH2wUREQ",
          "name": "nombre",
          "type": null,
          "probability": 1,
          "modifiers": [
            "private"
          ],
          "to_variable": {
            "key": "_NMSZEL3SEDulnfgH2wUREQ",
            "name": "nombre",
            "type": null,
            "modifiers": [
              "private"
            ],
            "position": {}
          },
          "position": {}
        },
        "_XfUvIL3SEDulnfgH2wUREQ": {
          "key": "_XfUvIL3SEDulnfgH2wUREQ",
          "name": "direccion",
          "type": null,
          "probability": 1,
          "modifiers": [
            "private"
          ],
          "to_variable": {
            "key": "_OpsyQL3SEDulnfgH2wUREQ",
            "name": "direccion",
            "type": null,
            "modifiers": [
              "private"
            ],
            "position": {}
          },
          "position": {}
        },
        "_ZAtpYL3SEDulnfgH2wUREQ": {
          "key": "_ZAtpYL3SEDulnfgH2wUREQ",
          "name": "telefono",
          "type": null,
          "probability": 1,
          "modifiers": [
            "private"
          ],
          "to_variable": {
            "key": "_RXuewL3SEDulnfgH2wUREQ",
            "name": "telefono",
            "type": null,
            "modifiers": [
              "private"
            ],
            "position": {}
          },
          "position": {}
        }
      }
    },
    "fields_to_fields_data_clump-./Guia-_HszRkL3SEDulnfgH2wUREQ-_MNywgL3SEDulnfgH2wUREQ-nombredirecciontelefono": {
      "type": "data_clump",
      "key": "fields_to_fields_data_clump-./Guia-_HszRkL3SEDulnfgH2wUREQ-_MNywgL3SEDulnfgH2wUREQ-nombredirecciontelefono",
      "probability": 1,
      "from_file_path": "./Guia",
      "from_class_or_interface_name": "Guia",
      "from_class_or_interface_key": "_HszRkL3SEDulnfgH2wUREQ",
      "from_method_name": null,
      "from_method_key": null,
      "to_file_path": "./Cuidador",
      "to_class_or_interface_key": "_MNywgL3SEDulnfgH2wUREQ",
      "to_class_or_interface_name": "Guia",
      "to_method_key": null,
      "to_method_name": null,
      "data_clump_type": "fields_to_fields_data_clump",
      "data_clump_data": {
        "_NMSZEL3SEDulnfgH2wUREQ": {
          "key": "_NMSZEL3SEDulnfgH2wUREQ",
          "name": "nombre",
          "type": null,
          "probability": 1,
          "modifiers": [
            "private"
          ],
          "to_variable": {
            "key": "_VtJm4L3SEDulnfgH2wUREQ",
            "name": "nombre",
            "type": null,
            "modifiers": [
              "private"
            ],
            "position": {}
          },
          "position": {}
        },
        "_OpsyQL3SEDulnfgH2wUREQ": {
          "key": "_OpsyQL3SEDulnfgH2wUREQ",
          "name": "direccion",
          "type": null,
          "probability": 1,
          "modifiers": [
            "private"
          ],
          "to_variable": {
            "key": "_XfUvIL3SEDulnfgH2wUREQ",
            "name": "direccion",
            "type": null,
            "modifiers": [
              "private"
            ],
            "position": {}
          },
          "position": {}
        },
        "_RXuewL3SEDulnfgH2wUREQ": {
          "key": "_RXuewL3SEDulnfgH2wUREQ",
          "name": "telefono",
          "type": null,
          "probability": 1,
          "modifiers": [
            "private"
          ],
          "to_variable": {
            "key": "_ZAtpYL3SEDulnfgH2wUREQ",
            "name": "telefono",
            "type": null,
            "modifiers": [
              "private"
            ],
            "position": {}
          },
          "position": {}
        }
      }
    }
  }
}