{
  "report_version": "unknown",
  "report_timestamp": "2025-03-26T21:47:19.194Z",
  "target_language": "java",
  "report_summary": {
    "additional": null,
    "amount_classes_or_interfaces_with_data_clumps": 13,
    "amount_files_with_data_clumps": 13,
    "amount_methods_with_data_clumps": 16,
    "fields_to_fields_data_clump": 8,
    "parameters_to_fields_data_clump": 8,
    "parameters_to_parameters_data_clump": 12,
    "amount_data_clumps": 28
  },
  "project_info": {
    "project_url": "unknown_project_url",
    "project_name": "https___www.github.com_artist-project_ARTIST-MUT_tree_master_source_eu.artist.migration.mut.cmm_eu.artist.premigration.tft.scc_umlmodels_PetStoreRealTypes.uml",
    "project_version": "unknown_project_version",
    "project_commit_hash": "unknown",
    "project_tag": null,
    "project_commit_date": null,
    "additional": {},
    "number_of_files": 184,
    "number_of_classes_or_interfaces": 184,
    "number_of_methods": 575,
    "number_of_data_fields": 206,
    "number_of_method_parameters": 295
  },
  "detector": {
    "name": "data-clumps-doctor",
    "url": "https://github.com/NilsBaumgartner1994/data-clumps-doctor",
    "version": "0.1.100",
    "options": {
      "typeVariablesConsidered": false,
      "similarityModifierOfVariablesWithUnknownType": 0,
      "fieldsOfClassesWithUnknownHierarchyProbabilityModifier": 0,
      "sharedFieldsToFieldsAmountMinimum": 3,
      "analyseFieldsInClassesOrInterfacesInheritedFromSuperClassesOrInterfaces": false,
      "sharedParametersToParametersAmountMinimum": 3,
      "sharedParametersToFieldsAmountMinimum": 3,
      "methodsOfClassesOrInterfacesWithUnknownHierarchyProbabilityModifier": 0
    }
  },
  "data_clumps": {
    "parameters_to_fields_data_clump-./Address-a1254-a1224-street1street2citystateziplatitudelongitude": {
      "type": "data_clump",
      "key": "parameters_to_fields_data_clump-./Address-a1254-a1224-street1street2citystateziplatitudelongitude",
      "probability": 1,
      "from_file_path": "./Address",
      "from_class_or_interface_name": "Address",
      "from_class_or_interface_key": "a1224",
      "from_method_name": "Address",
      "from_method_key": "a1254",
      "to_file_path": "./Address",
      "to_class_or_interface_name": "Address",
      "to_class_or_interface_key": "a1224",
      "to_method_name": null,
      "to_method_key": null,
      "data_clump_type": "parameters_to_fields_data_clump",
      "data_clump_data": {
        "a1255": {
          "key": "a1255",
          "name": "street1",
          "type": null,
          "probability": 1,
          "modifiers": [
            "public"
          ],
          "to_variable": {
            "key": "a1229",
            "name": "street1",
            "type": null,
            "modifiers": [
              "public"
            ],
            "position": {}
          },
          "position": {}
        },
        "a1258": {
          "key": "a1258",
          "name": "street2",
          "type": null,
          "probability": 1,
          "modifiers": [
            "public"
          ],
          "to_variable": {
            "key": "a1232",
            "name": "street2",
            "type": null,
            "modifiers": [
              "public"
            ],
            "position": {}
          },
          "position": {}
        },
        "a1261": {
          "key": "a1261",
          "name": "city",
          "type": null,
          "probability": 1,
          "modifiers": [
            "public"
          ],
          "to_variable": {
            "key": "a1235",
            "name": "city",
            "type": null,
            "modifiers": [
              "public"
            ],
            "position": {}
          },
          "position": {}
        },
        "a1264": {
          "key": "a1264",
          "name": "state",
          "type": null,
          "probability": 1,
          "modifiers": [
            "public"
          ],
          "to_variable": {
            "key": "a1238",
            "name": "state",
            "type": null,
            "modifiers": [
              "public"
            ],
            "position": {}
          },
          "position": {}
        },
        "a1267": {
          "key": "a1267",
          "name": "zip",
          "type": null,
          "probability": 1,
          "modifiers": [
            "public"
          ],
          "to_variable": {
            "key": "a1241",
            "name": "zip",
            "type": null,
            "modifiers": [
              "public"
            ],
            "position": {}
          },
          "position": {}
        },
        "a1270": {
          "key": "a1270",
          "name": "latitude",
          "type": null,
          "probability": 1,
          "modifiers": [
            "public"
          ],
          "to_variable": {
            "key": "a1244",
            "name": "latitude",
            "type": null,
            "modifiers": [
              "public"
            ],
            "position": {}
          },
          "position": {}
        },
        "a1273": {
          "key": "a1273",
          "name": "longitude",
          "type": null,
          "probability": 1,
          "modifiers": [
            "public"
          ],
          "to_variable": {
            "key": "a1247",
            "name": "longitude",
            "type": null,
            "modifiers": [
              "public"
            ],
            "position": {}
          },
          "position": {}
        }
      }
    },
    "parameters_to_fields_data_clump-./Address-a1254-a684-citystatezip": {
      "type": "data_clump",
      "key": "parameters_to_fields_data_clump-./Address-a1254-a684-citystatezip",
      "probability": 1,
      "from_file_path": "./Address",
      "from_class_or_interface_name": "Address",
      "from_class_or_interface_key": "a1224",
      "from_method_name": "Address",
      "from_method_key": "a1254",
      "to_file_path": "./AddressBean",
      "to_class_or_interface_name": "AddressBean",
      "to_class_or_interface_key": "a684",
      "to_method_name": null,
      "to_method_key": null,
      "data_clump_type": "parameters_to_fields_data_clump",
      "data_clump_data": {
        "a1261": {
          "key": "a1261",
          "name": "city",
          "type": null,
          "probability": 1,
          "modifiers": [
            "public"
          ],
          "to_variable": {
            "key": "a688",
            "name": "city",
            "type": null,
            "modifiers": [
              "public"
            ],
            "position": {}
          },
          "position": {}
        },
        "a1264": {
          "key": "a1264",
          "name": "state",
          "type": null,
          "probability": 1,
          "modifiers": [
            "public"
          ],
          "to_variable": {
            "key": "a691",
            "name": "state",
            "type": null,
            "modifiers": [
              "public"
            ],
            "position": {}
          },
          "position": {}
        },
        "a1267": {
          "key": "a1267",
          "name": "zip",
          "type": null,
          "probability": 1,
          "modifiers": [
            "public"
          ],
          "to_variable": {
            "key": "a694",
            "name": "zip",
            "type": null,
            "modifiers": [
              "public"
            ],
            "position": {}
          },
          "position": {}
        }
      }
    },
    "parameters_to_parameters_data_clump-./AutocompleteBean-a787-a800-contextprefixresult": {
      "type": "data_clump",
      "key": "parameters_to_parameters_data_clump-./AutocompleteBean-a787-a800-contextprefixresult",
      "probability": 1,
      "from_file_path": "./AutocompleteBean",
      "from_class_or_interface_name": "AutocompleteBean",
      "from_class_or_interface_key": "a745",
      "from_method_name": "completeCity",
      "from_method_key": "a787",
      "to_file_path": "./AutocompleteBean",
      "to_class_or_interface_name": "AutocompleteBean",
      "to_class_or_interface_key": "a745",
      "to_method_name": "completeState",
      "to_method_key": "a800",
      "data_clump_type": "parameters_to_parameters_data_clump",
      "data_clump_data": {
        "a791": {
          "key": "a791",
          "name": "context",
          "type": null,
          "probability": 1,
          "modifiers": [
            "public"
          ],
          "to_variable": {
            "key": "a804",
            "name": "context",
            "type": null,
            "modifiers": [
              "public"
            ],
            "position": {}
          },
          "position": {}
        },
        "a794": {
          "key": "a794",
          "name": "prefix",
          "type": null,
          "probability": 1,
          "modifiers": [
            "public"
          ],
          "to_variable": {
            "key": "a807",
            "name": "prefix",
            "type": null,
            "modifiers": [
              "public"
            ],
            "position": {}
          },
          "position": {}
        },
        "a797": {
          "key": "a797",
          "name": "result",
          "type": null,
          "probability": 1,
          "modifiers": [
            "public"
          ],
          "to_variable": {
            "key": "a810",
            "name": "result",
            "type": null,
            "modifiers": [
              "public"
            ],
            "position": {}
          },
          "position": {}
        }
      }
    },
    "parameters_to_parameters_data_clump-./AutocompleteBean-a800-a787-contextprefixresult": {
      "type": "data_clump",
      "key": "parameters_to_parameters_data_clump-./AutocompleteBean-a800-a787-contextprefixresult",
      "probability": 1,
      "from_file_path": "./AutocompleteBean",
      "from_class_or_interface_name": "AutocompleteBean",
      "from_class_or_interface_key": "a745",
      "from_method_name": "completeState",
      "from_method_key": "a800",
      "to_file_path": "./AutocompleteBean",
      "to_class_or_interface_name": "AutocompleteBean",
      "to_class_or_interface_key": "a745",
      "to_method_name": "completeCity",
      "to_method_key": "a787",
      "data_clump_type": "parameters_to_parameters_data_clump",
      "data_clump_data": {
        "a804": {
          "key": "a804",
          "name": "context",
          "type": null,
          "probability": 1,
          "modifiers": [
            "public"
          ],
          "to_variable": {
            "key": "a791",
            "name": "context",
            "type": null,
            "modifiers": [
              "public"
            ],
            "position": {}
          },
          "position": {}
        },
        "a807": {
          "key": "a807",
          "name": "prefix",
          "type": null,
          "probability": 1,
          "modifiers": [
            "public"
          ],
          "to_variable": {
            "key": "a794",
            "name": "prefix",
            "type": null,
            "modifiers": [
              "public"
            ],
            "position": {}
          },
          "position": {}
        },
        "a810": {
          "key": "a810",
          "name": "result",
          "type": null,
          "probability": 1,
          "modifiers": [
            "public"
          ],
          "to_variable": {
            "key": "a797",
            "name": "result",
            "type": null,
            "modifiers": [
              "public"
            ],
            "position": {}
          },
          "position": {}
        }
      }
    },
    "parameters_to_parameters_data_clump-./CaptchaValidateFilter-a384-a605-requestresponsechain": {
      "type": "data_clump",
      "key": "parameters_to_parameters_data_clump-./CaptchaValidateFilter-a384-a605-requestresponsechain",
      "probability": 1,
      "from_file_path": "./CaptchaValidateFilter",
      "from_class_or_interface_name": "CaptchaValidateFilter",
      "from_class_or_interface_key": "a360",
      "from_method_name": "doFilter",
      "from_method_key": "a384",
      "to_file_path": "./EntryFilter",
      "to_class_or_interface_name": "EntryFilter",
      "to_class_or_interface_key": "a593",
      "to_method_name": "doFilter",
      "to_method_key": "a605",
      "data_clump_type": "parameters_to_parameters_data_clump",
      "data_clump_data": {
        "a388": {
          "key": "a388",
          "name": "request",
          "type": null,
          "probability": 1,
          "modifiers": [
            "public"
          ],
          "to_variable": {
            "key": "a609",
            "name": "request",
            "type": null,
            "modifiers": [
              "public"
            ],
            "position": {}
          },
          "position": {}
        },
        "a391": {
          "key": "a391",
          "name": "response",
          "type": null,
          "probability": 1,
          "modifiers": [
            "public"
          ],
          "to_variable": {
            "key": "a612",
            "name": "response",
            "type": null,
            "modifiers": [
              "public"
            ],
            "position": {}
          },
          "position": {}
        },
        "a394": {
          "key": "a394",
          "name": "chain",
          "type": null,
          "probability": 1,
          "modifiers": [
            "public"
          ],
          "to_variable": {
            "key": "a615",
            "name": "chain",
            "type": null,
            "modifiers": [
              "public"
            ],
            "position": {}
          },
          "position": {}
        }
      }
    },
    "parameters_to_parameters_data_clump-./CatalogFacade-a1976-a2008-fromLattoLatfromLongtoLong": {
      "type": "data_clump",
      "key": "parameters_to_parameters_data_clump-./CatalogFacade-a1976-a2008-fromLattoLatfromLongtoLong",
      "probability": 1,
      "from_file_path": "./CatalogFacade",
      "from_class_or_interface_name": "CatalogFacade",
      "from_class_or_interface_key": "a1902",
      "from_method_name": "getItemsByItemIDByRadius",
      "from_method_key": "a1976",
      "to_file_path": "./CatalogFacade",
      "to_class_or_interface_name": "CatalogFacade",
      "to_class_or_interface_key": "a1902",
      "to_method_name": "getItemsByCategoryByRadiusVLH",
      "to_method_key": "a2008",
      "data_clump_type": "parameters_to_parameters_data_clump",
      "data_clump_data": {
        "a1983": {
          "key": "a1983",
          "name": "fromLat",
          "type": null,
          "probability": 1,
          "modifiers": [
            "public"
          ],
          "to_variable": {
            "key": "a2021",
            "name": "fromLat",
            "type": null,
            "modifiers": [
              "public"
            ],
            "position": {}
          },
          "position": {}
        },
        "a1986": {
          "key": "a1986",
          "name": "toLat",
          "type": null,
          "probability": 1,
          "modifiers": [
            "public"
          ],
          "to_variable": {
            "key": "a2024",
            "name": "toLat",
            "type": null,
            "modifiers": [
              "public"
            ],
            "position": {}
          },
          "position": {}
        },
        "a1989": {
          "key": "a1989",
          "name": "fromLong",
          "type": null,
          "probability": 1,
          "modifiers": [
            "public"
          ],
          "to_variable": {
            "key": "a2027",
            "name": "fromLong",
            "type": null,
            "modifiers": [
              "public"
            ],
            "position": {}
          },
          "position": {}
        },
        "a1992": {
          "key": "a1992",
          "name": "toLong",
          "type": null,
          "probability": 1,
          "modifiers": [
            "public"
          ],
          "to_variable": {
            "key": "a2030",
            "name": "toLong",
            "type": null,
            "modifiers": [
              "public"
            ],
            "position": {}
          },
          "position": {}
        }
      }
    },
    "parameters_to_parameters_data_clump-./CatalogFacade-a1995-a2008-catIDstartchunkSize": {
      "type": "data_clump",
      "key": "parameters_to_parameters_data_clump-./CatalogFacade-a1995-a2008-catIDstartchunkSize",
      "probability": 1,
      "from_file_path": "./CatalogFacade",
      "from_class_or_interface_name": "CatalogFacade",
      "from_class_or_interface_key": "a1902",
      "from_method_name": "getItemsByCategoryVLH",
      "from_method_key": "a1995",
      "to_file_path": "./CatalogFacade",
      "to_class_or_interface_name": "CatalogFacade",
      "to_class_or_interface_key": "a1902",
      "to_method_name": "getItemsByCategoryByRadiusVLH",
      "to_method_key": "a2008",
      "data_clump_type": "parameters_to_parameters_data_clump",
      "data_clump_data": {
        "a1999": {
          "key": "a1999",
          "name": "catID",
          "type": null,
          "probability": 1,
          "modifiers": [
            "public"
          ],
          "to_variable": {
            "key": "a2012",
            "name": "catID",
            "type": null,
            "modifiers": [
              "public"
            ],
            "position": {}
          },
          "position": {}
        },
        "a2002": {
          "key": "a2002",
          "name": "start",
          "type": null,
          "probability": 1,
          "modifiers": [
            "public"
          ],
          "to_variable": {
            "key": "a2015",
            "name": "start",
            "type": null,
            "modifiers": [
              "public"
            ],
            "position": {}
          },
          "position": {}
        },
        "a2005": {
          "key": "a2005",
          "name": "chunkSize",
          "type": null,
          "probability": 1,
          "modifiers": [
            "public"
          ],
          "to_variable": {
            "key": "a2018",
            "name": "chunkSize",
            "type": null,
            "modifiers": [
              "public"
            ],
            "position": {}
          },
          "position": {}
        }
      }
    },
    "parameters_to_parameters_data_clump-./CatalogFacade-a2008-a1976-fromLattoLatfromLongtoLong": {
      "type": "data_clump",
      "key": "parameters_to_parameters_data_clump-./CatalogFacade-a2008-a1976-fromLattoLatfromLongtoLong",
      "probability": 1,
      "from_file_path": "./CatalogFacade",
      "from_class_or_interface_name": "CatalogFacade",
      "from_class_or_interface_key": "a1902",
      "from_method_name": "getItemsByCategoryByRadiusVLH",
      "from_method_key": "a2008",
      "to_file_path": "./CatalogFacade",
      "to_class_or_interface_name": "CatalogFacade",
      "to_class_or_interface_key": "a1902",
      "to_method_name": "getItemsByItemIDByRadius",
      "to_method_key": "a1976",
      "data_clump_type": "parameters_to_parameters_data_clump",
      "data_clump_data": {
        "a2021": {
          "key": "a2021",
          "name": "fromLat",
          "type": null,
          "probability": 1,
          "modifiers": [
            "public"
          ],
          "to_variable": {
            "key": "a1983",
            "name": "fromLat",
            "type": null,
            "modifiers": [
              "public"
            ],
            "position": {}
          },
          "position": {}
        },
        "a2024": {
          "key": "a2024",
          "name": "toLat",
          "type": null,
          "probability": 1,
          "modifiers": [
            "public"
          ],
          "to_variable": {
            "key": "a1986",
            "name": "toLat",
            "type": null,
            "modifiers": [
              "public"
            ],
            "position": {}
          },
          "position": {}
        },
        "a2027": {
          "key": "a2027",
          "name": "fromLong",
          "type": null,
          "probability": 1,
          "modifiers": [
            "public"
          ],
          "to_variable": {
            "key": "a1989",
            "name": "fromLong",
            "type": null,
            "modifiers": [
              "public"
            ],
            "position": {}
          },
          "position": {}
        },
        "a2030": {
          "key": "a2030",
          "name": "toLong",
          "type": null,
          "probability": 1,
          "modifiers": [
            "public"
          ],
          "to_variable": {
            "key": "a1992",
            "name": "toLong",
            "type": null,
            "modifiers": [
              "public"
            ],
            "position": {}
          },
          "position": {}
        }
      }
    },
    "parameters_to_parameters_data_clump-./CatalogFacade-a2008-a1995-catIDstartchunkSize": {
      "type": "data_clump",
      "key": "parameters_to_parameters_data_clump-./CatalogFacade-a2008-a1995-catIDstartchunkSize",
      "probability": 1,
      "from_file_path": "./CatalogFacade",
      "from_class_or_interface_name": "CatalogFacade",
      "from_class_or_interface_key": "a1902",
      "from_method_name": "getItemsByCategoryByRadiusVLH",
      "from_method_key": "a2008",
      "to_file_path": "./CatalogFacade",
      "to_class_or_interface_name": "CatalogFacade",
      "to_class_or_interface_key": "a1902",
      "to_method_name": "getItemsByCategoryVLH",
      "to_method_key": "a1995",
      "data_clump_type": "parameters_to_parameters_data_clump",
      "data_clump_data": {
        "a2012": {
          "key": "a2012",
          "name": "catID",
          "type": null,
          "probability": 1,
          "modifiers": [
            "public"
          ],
          "to_variable": {
            "key": "a1999",
            "name": "catID",
            "type": null,
            "modifiers": [
              "public"
            ],
            "position": {}
          },
          "position": {}
        },
        "a2015": {
          "key": "a2015",
          "name": "start",
          "type": null,
          "probability": 1,
          "modifiers": [
            "public"
          ],
          "to_variable": {
            "key": "a2002",
            "name": "start",
            "type": null,
            "modifiers": [
              "public"
            ],
            "position": {}
          },
          "position": {}
        },
        "a2018": {
          "key": "a2018",
          "name": "chunkSize",
          "type": null,
          "probability": 1,
          "modifiers": [
            "public"
          ],
          "to_variable": {
            "key": "a2005",
            "name": "chunkSize",
            "type": null,
            "modifiers": [
              "public"
            ],
            "position": {}
          },
          "position": {}
        }
      }
    },
    "parameters_to_parameters_data_clump-./CatalogXmlAction-a222-a255-responseformatcallback": {
      "type": "data_clump",
      "key": "parameters_to_parameters_data_clump-./CatalogXmlAction-a222-a255-responseformatcallback",
      "probability": 1,
      "from_file_path": "./CatalogXmlAction",
      "from_class_or_interface_name": "CatalogXmlAction",
      "from_class_or_interface_key": "a188",
      "from_method_name": "handleItems",
      "from_method_key": "a222",
      "to_file_path": "./CatalogXmlAction",
      "to_class_or_interface_name": "CatalogXmlAction",
      "to_class_or_interface_key": "a188",
      "to_method_name": "handleCategories",
      "to_method_key": "a255",
      "data_clump_type": "parameters_to_parameters_data_clump",
      "data_clump_data": {
        "a226": {
          "key": "a226",
          "name": "response",
          "type": null,
          "probability": 1,
          "modifiers": [
            "public"
          ],
          "to_variable": {
            "key": "a259",
            "name": "response",
            "type": null,
            "modifiers": [
              "public"
            ],
            "position": {}
          },
          "position": {}
        },
        "a235": {
          "key": "a235",
          "name": "format",
          "type": null,
          "probability": 1,
          "modifiers": [
            "public"
          ],
          "to_variable": {
            "key": "a262",
            "name": "format",
            "type": null,
            "modifiers": [
              "public"
            ],
            "position": {}
          },
          "position": {}
        },
        "a238": {
          "key": "a238",
          "name": "callback",
          "type": null,
          "probability": 1,
          "modifiers": [
            "public"
          ],
          "to_variable": {
            "key": "a265",
            "name": "callback",
            "type": null,
            "modifiers": [
              "public"
            ],
            "position": {}
          },
          "position": {}
        }
      }
    },
    "parameters_to_parameters_data_clump-./CatalogXmlAction-a255-a222-responseformatcallback": {
      "type": "data_clump",
      "key": "parameters_to_parameters_data_clump-./CatalogXmlAction-a255-a222-responseformatcallback",
      "probability": 1,
      "from_file_path": "./CatalogXmlAction",
      "from_class_or_interface_name": "CatalogXmlAction",
      "from_class_or_interface_key": "a188",
      "from_method_name": "handleCategories",
      "from_method_key": "a255",
      "to_file_path": "./CatalogXmlAction",
      "to_class_or_interface_name": "CatalogXmlAction",
      "to_class_or_interface_key": "a188",
      "to_method_name": "handleItems",
      "to_method_key": "a222",
      "data_clump_type": "parameters_to_parameters_data_clump",
      "data_clump_data": {
        "a259": {
          "key": "a259",
          "name": "response",
          "type": null,
          "probability": 1,
          "modifiers": [
            "public"
          ],
          "to_variable": {
            "key": "a226",
            "name": "response",
            "type": null,
            "modifiers": [
              "public"
            ],
            "position": {}
          },
          "position": {}
        },
        "a262": {
          "key": "a262",
          "name": "format",
          "type": null,
          "probability": 1,
          "modifiers": [
            "public"
          ],
          "to_variable": {
            "key": "a235",
            "name": "format",
            "type": null,
            "modifiers": [
              "public"
            ],
            "position": {}
          },
          "position": {}
        },
        "a265": {
          "key": "a265",
          "name": "callback",
          "type": null,
          "probability": 1,
          "modifiers": [
            "public"
          ],
          "to_variable": {
            "key": "a238",
            "name": "callback",
            "type": null,
            "modifiers": [
              "public"
            ],
            "position": {}
          },
          "position": {}
        }
      }
    },
    "parameters_to_parameters_data_clump-./EntryFilter-a605-a384-requestresponsechain": {
      "type": "data_clump",
      "key": "parameters_to_parameters_data_clump-./EntryFilter-a605-a384-requestresponsechain",
      "probability": 1,
      "from_file_path": "./EntryFilter",
      "from_class_or_interface_name": "EntryFilter",
      "from_class_or_interface_key": "a593",
      "from_method_name": "doFilter",
      "from_method_key": "a605",
      "to_file_path": "./CaptchaValidateFilter",
      "to_class_or_interface_name": "CaptchaValidateFilter",
      "to_class_or_interface_key": "a360",
      "to_method_name": "doFilter",
      "to_method_key": "a384",
      "data_clump_type": "parameters_to_parameters_data_clump",
      "data_clump_data": {
        "a609": {
          "key": "a609",
          "name": "request",
          "type": null,
          "probability": 1,
          "modifiers": [
            "public"
          ],
          "to_variable": {
            "key": "a388",
            "name": "request",
            "type": null,
            "modifiers": [
              "public"
            ],
            "position": {}
          },
          "position": {}
        },
        "a612": {
          "key": "a612",
          "name": "response",
          "type": null,
          "probability": 1,
          "modifiers": [
            "public"
          ],
          "to_variable": {
            "key": "a391",
            "name": "response",
            "type": null,
            "modifiers": [
              "public"
            ],
            "position": {}
          },
          "position": {}
        },
        "a615": {
          "key": "a615",
          "name": "chain",
          "type": null,
          "probability": 1,
          "modifiers": [
            "public"
          ],
          "to_variable": {
            "key": "a394",
            "name": "chain",
            "type": null,
            "modifiers": [
              "public"
            ],
            "position": {}
          },
          "position": {}
        }
      }
    },
    "parameters_to_fields_data_clump-./FileUploadResponse-a1074-a1042-itemIdproductIdmessagestatusdurationdurationStringstartDateendDateuploadSizethumbnail": {
      "type": "data_clump",
      "key": "parameters_to_fields_data_clump-./FileUploadResponse-a1074-a1042-itemIdproductIdmessagestatusdurationdurationStringstartDateendDateuploadSizethumbnail",
      "probability": 1,
      "from_file_path": "./FileUploadResponse",
      "from_class_or_interface_name": "FileUploadResponse",
      "from_class_or_interface_key": "a1042",
      "from_method_name": "FileUploadResponse",
      "from_method_key": "a1074",
      "to_file_path": "./FileUploadResponse",
      "to_class_or_interface_name": "FileUploadResponse",
      "to_class_or_interface_key": "a1042",
      "to_method_name": null,
      "to_method_key": null,
      "data_clump_type": "parameters_to_fields_data_clump",
      "data_clump_data": {
        "a1075": {
          "key": "a1075",
          "name": "itemId",
          "type": null,
          "probability": 1,
          "modifiers": [
            "public"
          ],
          "to_variable": {
            "key": "a1043",
            "name": "itemId",
            "type": null,
            "modifiers": [
              "public"
            ],
            "position": {}
          },
          "position": {}
        },
        "a1078": {
          "key": "a1078",
          "name": "productId",
          "type": null,
          "probability": 1,
          "modifiers": [
            "public"
          ],
          "to_variable": {
            "key": "a1046",
            "name": "productId",
            "type": null,
            "modifiers": [
              "public"
            ],
            "position": {}
          },
          "position": {}
        },
        "a1081": {
          "key": "a1081",
          "name": "message",
          "type": null,
          "probability": 1,
          "modifiers": [
            "public"
          ],
          "to_variable": {
            "key": "a1049",
            "name": "message",
            "type": null,
            "modifiers": [
              "public"
            ],
            "position": {}
          },
          "position": {}
        },
        "a1084": {
          "key": "a1084",
          "name": "status",
          "type": null,
          "probability": 1,
          "modifiers": [
            "public"
          ],
          "to_variable": {
            "key": "a1052",
            "name": "status",
            "type": null,
            "modifiers": [
              "public"
            ],
            "position": {}
          },
          "position": {}
        },
        "a1087": {
          "key": "a1087",
          "name": "duration",
          "type": null,
          "probability": 1,
          "modifiers": [
            "public"
          ],
          "to_variable": {
            "key": "a1055",
            "name": "duration",
            "type": null,
            "modifiers": [
              "public"
            ],
            "position": {}
          },
          "position": {}
        },
        "a1090": {
          "key": "a1090",
          "name": "durationString",
          "type": null,
          "probability": 1,
          "modifiers": [
            "public"
          ],
          "to_variable": {
            "key": "a1058",
            "name": "durationString",
            "type": null,
            "modifiers": [
              "public"
            ],
            "position": {}
          },
          "position": {}
        },
        "a1093": {
          "key": "a1093",
          "name": "startDate",
          "type": null,
          "probability": 1,
          "modifiers": [
            "public"
          ],
          "to_variable": {
            "key": "a1061",
            "name": "startDate",
            "type": null,
            "modifiers": [
              "public"
            ],
            "position": {}
          },
          "position": {}
        },
        "a1096": {
          "key": "a1096",
          "name": "endDate",
          "type": null,
          "probability": 1,
          "modifiers": [
            "public"
          ],
          "to_variable": {
            "key": "a1064",
            "name": "endDate",
            "type": null,
            "modifiers": [
              "public"
            ],
            "position": {}
          },
          "position": {}
        },
        "a1099": {
          "key": "a1099",
          "name": "uploadSize",
          "type": null,
          "probability": 1,
          "modifiers": [
            "public"
          ],
          "to_variable": {
            "key": "a1067",
            "name": "uploadSize",
            "type": null,
            "modifiers": [
              "public"
            ],
            "position": {}
          },
          "position": {}
        },
        "a1102": {
          "key": "a1102",
          "name": "thumbnail",
          "type": null,
          "probability": 1,
          "modifiers": [
            "public"
          ],
          "to_variable": {
            "key": "a1070",
            "name": "thumbnail",
            "type": null,
            "modifiers": [
              "public"
            ],
            "position": {}
          },
          "position": {}
        }
      }
    },
    "parameters_to_fields_data_clump-./HTMLParser-a2587-a2551-vtURLsbIndexPagecontextRoot": {
      "type": "data_clump",
      "key": "parameters_to_fields_data_clump-./HTMLParser-a2587-a2551-vtURLsbIndexPagecontextRoot",
      "probability": 1,
      "from_file_path": "./HTMLParser",
      "from_class_or_interface_name": "HTMLParser",
      "from_class_or_interface_key": "a2551",
      "from_method_name": "CallbackHandler",
      "from_method_key": "a2587",
      "to_file_path": "./HTMLParser",
      "to_class_or_interface_name": "HTMLParser",
      "to_class_or_interface_key": "a2551",
      "to_method_name": null,
      "to_method_key": null,
      "data_clump_type": "parameters_to_fields_data_clump",
      "data_clump_data": {
        "a2588": {
          "key": "a2588",
          "name": "vtURLs",
          "type": null,
          "probability": 1,
          "modifiers": [
            "public"
          ],
          "to_variable": {
            "key": "a2575",
            "name": "vtURLs",
            "type": null,
            "modifiers": [
              "public"
            ],
            "position": {}
          },
          "position": {}
        },
        "a2591": {
          "key": "a2591",
          "name": "bIndexPage",
          "type": null,
          "probability": 1,
          "modifiers": [
            "public"
          ],
          "to_variable": {
            "key": "a2569",
            "name": "bIndexPage",
            "type": null,
            "modifiers": [
              "public"
            ],
            "position": {}
          },
          "position": {}
        },
        "a2594": {
          "key": "a2594",
          "name": "contextRoot",
          "type": null,
          "probability": 1,
          "modifiers": [
            "public"
          ],
          "to_variable": {
            "key": "a2560",
            "name": "contextRoot",
            "type": null,
            "modifiers": [
              "public"
            ],
            "position": {}
          },
          "position": {}
        }
      }
    },
    "parameters_to_parameters_data_clump-./HTMLParser-a2597-a2610-tapos": {
      "type": "data_clump",
      "key": "parameters_to_parameters_data_clump-./HTMLParser-a2597-a2610-tapos",
      "probability": 1,
      "from_file_path": "./HTMLParser",
      "from_class_or_interface_name": "HTMLParser",
      "from_class_or_interface_key": "a2551",
      "from_method_name": "handleSimpleTag",
      "from_method_key": "a2597",
      "to_file_path": "./HTMLParser",
      "to_class_or_interface_name": "HTMLParser",
      "to_class_or_interface_key": "a2551",
      "to_method_name": "handleStartTag",
      "to_method_key": "a2610",
      "data_clump_type": "parameters_to_parameters_data_clump",
      "data_clump_data": {
        "a2601": {
          "key": "a2601",
          "name": "t",
          "type": null,
          "probability": 1,
          "modifiers": [
            "public"
          ],
          "to_variable": {
            "key": "a2614",
            "name": "t",
            "type": null,
            "modifiers": [
              "public"
            ],
            "position": {}
          },
          "position": {}
        },
        "a2604": {
          "key": "a2604",
          "name": "a",
          "type": null,
          "probability": 1,
          "modifiers": [
            "public"
          ],
          "to_variable": {
            "key": "a2617",
            "name": "a",
            "type": null,
            "modifiers": [
              "public"
            ],
            "position": {}
          },
          "position": {}
        },
        "a2607": {
          "key": "a2607",
          "name": "pos",
          "type": null,
          "probability": 1,
          "modifiers": [
            "public"
          ],
          "to_variable": {
            "key": "a2620",
            "name": "pos",
            "type": null,
            "modifiers": [
              "public"
            ],
            "position": {}
          },
          "position": {}
        }
      }
    },
    "parameters_to_parameters_data_clump-./HTMLParser-a2610-a2597-tapos": {
      "type": "data_clump",
      "key": "parameters_to_parameters_data_clump-./HTMLParser-a2610-a2597-tapos",
      "probability": 1,
      "from_file_path": "./HTMLParser",
      "from_class_or_interface_name": "HTMLParser",
      "from_class_or_interface_key": "a2551",
      "from_method_name": "handleStartTag",
      "from_method_key": "a2610",
      "to_file_path": "./HTMLParser",
      "to_class_or_interface_name": "HTMLParser",
      "to_class_or_interface_key": "a2551",
      "to_method_name": "handleSimpleTag",
      "to_method_key": "a2597",
      "data_clump_type": "parameters_to_parameters_data_clump",
      "data_clump_data": {
        "a2614": {
          "key": "a2614",
          "name": "t",
          "type": null,
          "probability": 1,
          "modifiers": [
            "public"
          ],
          "to_variable": {
            "key": "a2601",
            "name": "t",
            "type": null,
            "modifiers": [
              "public"
            ],
            "position": {}
          },
          "position": {}
        },
        "a2617": {
          "key": "a2617",
          "name": "a",
          "type": null,
          "probability": 1,
          "modifiers": [
            "public"
          ],
          "to_variable": {
            "key": "a2604",
            "name": "a",
            "type": null,
            "modifiers": [
              "public"
            ],
            "position": {}
          },
          "position": {}
        },
        "a2620": {
          "key": "a2620",
          "name": "pos",
          "type": null,
          "probability": 1,
          "modifiers": [
            "public"
          ],
          "to_variable": {
            "key": "a2607",
            "name": "pos",
            "type": null,
            "modifiers": [
              "public"
            ],
            "position": {}
          },
          "position": {}
        }
      }
    },
    "parameters_to_fields_data_clump-./Item-a1451-a1798-namedescriptionimageURL": {
      "type": "data_clump",
      "key": "parameters_to_fields_data_clump-./Item-a1451-a1798-namedescriptionimageURL",
      "probability": 1,
      "from_file_path": "./Item",
      "from_class_or_interface_name": "Item",
      "from_class_or_interface_key": "a1409",
      "from_method_name": "Item",
      "from_method_key": "a1451",
      "to_file_path": "./Category",
      "to_class_or_interface_name": "Category",
      "to_class_or_interface_key": "a1798",
      "to_method_name": null,
      "to_method_key": null,
      "data_clump_type": "parameters_to_fields_data_clump",
      "data_clump_data": {
        "a1455": {
          "key": "a1455",
          "name": "name",
          "type": null,
          "probability": 1,
          "modifiers": [
            "public"
          ],
          "to_variable": {
            "key": "a1803",
            "name": "name",
            "type": null,
            "modifiers": [
              "public"
            ],
            "position": {}
          },
          "position": {}
        },
        "a1458": {
          "key": "a1458",
          "name": "description",
          "type": null,
          "probability": 1,
          "modifiers": [
            "public"
          ],
          "to_variable": {
            "key": "a1806",
            "name": "description",
            "type": null,
            "modifiers": [
              "public"
            ],
            "position": {}
          },
          "position": {}
        },
        "a1461": {
          "key": "a1461",
          "name": "imageURL",
          "type": null,
          "probability": 1,
          "modifiers": [
            "public"
          ],
          "to_variable": {
            "key": "a1809",
            "name": "imageURL",
            "type": null,
            "modifiers": [
              "public"
            ],
            "position": {}
          },
          "position": {}
        }
      }
    },
    "parameters_to_fields_data_clump-./Item-a1451-a1409-productIDnamedescriptionimageURLimageThumbURLpriceaddresscontactInfototalScorenumberOfVotes": {
      "type": "data_clump",
      "key": "parameters_to_fields_data_clump-./Item-a1451-a1409-productIDnamedescriptionimageURLimageThumbURLpriceaddresscontactInfototalScorenumberOfVotes",
      "probability": 1,
      "from_file_path": "./Item",
      "from_class_or_interface_name": "Item",
      "from_class_or_interface_key": "a1409",
      "from_method_name": "Item",
      "from_method_key": "a1451",
      "to_file_path": "./Item",
      "to_class_or_interface_name": "Item",
      "to_class_or_interface_key": "a1409",
      "to_method_name": null,
      "to_method_key": null,
      "data_clump_type": "parameters_to_fields_data_clump",
      "data_clump_data": {
        "a1452": {
          "key": "a1452",
          "name": "productID",
          "type": null,
          "probability": 1,
          "modifiers": [
            "public"
          ],
          "to_variable": {
            "key": "a1414",
            "name": "productID",
            "type": null,
            "modifiers": [
              "public"
            ],
            "position": {}
          },
          "position": {}
        },
        "a1455": {
          "key": "a1455",
          "name": "name",
          "type": null,
          "probability": 1,
          "modifiers": [
            "public"
          ],
          "to_variable": {
            "key": "a1417",
            "name": "name",
            "type": null,
            "modifiers": [
              "public"
            ],
            "position": {}
          },
          "position": {}
        },
        "a1458": {
          "key": "a1458",
          "name": "description",
          "type": null,
          "probability": 1,
          "modifiers": [
            "public"
          ],
          "to_variable": {
            "key": "a1420",
            "name": "description",
            "type": null,
            "modifiers": [
              "public"
            ],
            "position": {}
          },
          "position": {}
        },
        "a1461": {
          "key": "a1461",
          "name": "imageURL",
          "type": null,
          "probability": 1,
          "modifiers": [
            "public"
          ],
          "to_variable": {
            "key": "a1423",
            "name": "imageURL",
            "type": null,
            "modifiers": [
              "public"
            ],
            "position": {}
          },
          "position": {}
        },
        "a1464": {
          "key": "a1464",
          "name": "imageThumbURL",
          "type": null,
          "probability": 1,
          "modifiers": [
            "public"
          ],
          "to_variable": {
            "key": "a1426",
            "name": "imageThumbURL",
            "type": null,
            "modifiers": [
              "public"
            ],
            "position": {}
          },
          "position": {}
        },
        "a1467": {
          "key": "a1467",
          "name": "price",
          "type": null,
          "probability": 1,
          "modifiers": [
            "public"
          ],
          "to_variable": {
            "key": "a1438",
            "name": "price",
            "type": null,
            "modifiers": [
              "public"
            ],
            "position": {}
          },
          "position": {}
        },
        "a1470": {
          "key": "a1470",
          "name": "address",
          "type": null,
          "probability": 1,
          "modifiers": [
            "public"
          ],
          "to_variable": {
            "key": "a1441",
            "name": "address",
            "type": null,
            "modifiers": [
              "public"
            ],
            "position": {}
          },
          "position": {}
        },
        "a1473": {
          "key": "a1473",
          "name": "contactInfo",
          "type": null,
          "probability": 1,
          "modifiers": [
            "public"
          ],
          "to_variable": {
            "key": "a1444",
            "name": "contactInfo",
            "type": null,
            "modifiers": [
              "public"
            ],
            "position": {}
          },
          "position": {}
        },
        "a1476": {
          "key": "a1476",
          "name": "totalScore",
          "type": null,
          "probability": 1,
          "modifiers": [
            "public"
          ],
          "to_variable": {
            "key": "a1429",
            "name": "totalScore",
            "type": null,
            "modifiers": [
              "public"
            ],
            "position": {}
          },
          "position": {}
        },
        "a1479": {
          "key": "a1479",
          "name": "numberOfVotes",
          "type": null,
          "probability": 1,
          "modifiers": [
            "public"
          ],
          "to_variable": {
            "key": "a1432",
            "name": "numberOfVotes",
            "type": null,
            "modifiers": [
              "public"
            ],
            "position": {}
          },
          "position": {}
        }
      }
    },
    "parameters_to_fields_data_clump-./Item-a1451-a2136-productIDnamedescriptionimageURL": {
      "type": "data_clump",
      "key": "parameters_to_fields_data_clump-./Item-a1451-a2136-productIDnamedescriptionimageURL",
      "probability": 1,
      "from_file_path": "./Item",
      "from_class_or_interface_name": "Item",
      "from_class_or_interface_key": "a1409",
      "from_method_name": "Item",
      "from_method_key": "a1451",
      "to_file_path": "./Product",
      "to_class_or_interface_name": "Product",
      "to_class_or_interface_key": "a2136",
      "to_method_name": null,
      "to_method_key": null,
      "data_clump_type": "parameters_to_fields_data_clump",
      "data_clump_data": {
        "a1452": {
          "key": "a1452",
          "name": "productID",
          "type": null,
          "probability": 1,
          "modifiers": [
            "public"
          ],
          "to_variable": {
            "key": "a2138",
            "name": "productID",
            "type": null,
            "modifiers": [
              "public"
            ],
            "position": {}
          },
          "position": {}
        },
        "a1455": {
          "key": "a1455",
          "name": "name",
          "type": null,
          "probability": 1,
          "modifiers": [
            "public"
          ],
          "to_variable": {
            "key": "a2144",
            "name": "name",
            "type": null,
            "modifiers": [
              "public"
            ],
            "position": {}
          },
          "position": {}
        },
        "a1458": {
          "key": "a1458",
          "name": "description",
          "type": null,
          "probability": 1,
          "modifiers": [
            "public"
          ],
          "to_variable": {
            "key": "a2147",
            "name": "description",
            "type": null,
            "modifiers": [
              "public"
            ],
            "position": {}
          },
          "position": {}
        },
        "a1461": {
          "key": "a1461",
          "name": "imageURL",
          "type": null,
          "probability": 1,
          "modifiers": [
            "public"
          ],
          "to_variable": {
            "key": "a2150",
            "name": "imageURL",
            "type": null,
            "modifiers": [
              "public"
            ],
            "position": {}
          },
          "position": {}
        }
      }
    },
    "parameters_to_fields_data_clump-./SellerContactInfo-a1740-a1725-firstNamelastNameemail": {
      "type": "data_clump",
      "key": "parameters_to_fields_data_clump-./SellerContactInfo-a1740-a1725-firstNamelastNameemail",
      "probability": 1,
      "from_file_path": "./SellerContactInfo",
      "from_class_or_interface_name": "SellerContactInfo",
      "from_class_or_interface_key": "a1725",
      "from_method_name": "SellerContactInfo",
      "from_method_key": "a1740",
      "to_file_path": "./SellerContactInfo",
      "to_class_or_interface_name": "SellerContactInfo",
      "to_class_or_interface_key": "a1725",
      "to_method_name": null,
      "to_method_key": null,
      "data_clump_type": "parameters_to_fields_data_clump",
      "data_clump_data": {
        "a1741": {
          "key": "a1741",
          "name": "firstName",
          "type": null,
          "probability": 1,
          "modifiers": [
            "public"
          ],
          "to_variable": {
            "key": "a1733",
            "name": "firstName",
            "type": null,
            "modifiers": [
              "public"
            ],
            "position": {}
          },
          "position": {}
        },
        "a1744": {
          "key": "a1744",
          "name": "lastName",
          "type": null,
          "probability": 1,
          "modifiers": [
            "public"
          ],
          "to_variable": {
            "key": "a1730",
            "name": "lastName",
            "type": null,
            "modifiers": [
              "public"
            ],
            "position": {}
          },
          "position": {}
        },
        "a1747": {
          "key": "a1747",
          "name": "email",
          "type": null,
          "probability": 1,
          "modifiers": [
            "public"
          ],
          "to_variable": {
            "key": "a1736",
            "name": "email",
            "type": null,
            "modifiers": [
              "public"
            ],
            "position": {}
          },
          "position": {}
        }
      }
    },
    "fields_to_fields_data_clump-./Address-a1224-a684-citystatezip": {
      "type": "data_clump",
      "key": "fields_to_fields_data_clump-./Address-a1224-a684-citystatezip",
      "probability": 1,
      "from_file_path": "./Address",
      "from_class_or_interface_name": "Address",
      "from_class_or_interface_key": "a1224",
      "from_method_name": null,
      "from_method_key": null,
      "to_file_path": "./AddressBean",
      "to_class_or_interface_key": "a684",
      "to_class_or_interface_name": "Address",
      "to_method_key": null,
      "to_method_name": null,
      "data_clump_type": "fields_to_fields_data_clump",
      "data_clump_data": {
        "a1235": {
          "key": "a1235",
          "name": "city",
          "type": null,
          "probability": 1,
          "modifiers": [
            "public"
          ],
          "to_variable": {
            "key": "a688",
            "name": "city",
            "type": null,
            "modifiers": [
              "public"
            ],
            "position": {}
          },
          "position": {}
        },
        "a1238": {
          "key": "a1238",
          "name": "state",
          "type": null,
          "probability": 1,
          "modifiers": [
            "public"
          ],
          "to_variable": {
            "key": "a691",
            "name": "state",
            "type": null,
            "modifiers": [
              "public"
            ],
            "position": {}
          },
          "position": {}
        },
        "a1241": {
          "key": "a1241",
          "name": "zip",
          "type": null,
          "probability": 1,
          "modifiers": [
            "public"
          ],
          "to_variable": {
            "key": "a694",
            "name": "zip",
            "type": null,
            "modifiers": [
              "public"
            ],
            "position": {}
          },
          "position": {}
        }
      }
    },
    "fields_to_fields_data_clump-./AddressBean-a684-a1224-citystatezip": {
      "type": "data_clump",
      "key": "fields_to_fields_data_clump-./AddressBean-a684-a1224-citystatezip",
      "probability": 1,
      "from_file_path": "./AddressBean",
      "from_class_or_interface_name": "AddressBean",
      "from_class_or_interface_key": "a684",
      "from_method_name": null,
      "from_method_key": null,
      "to_file_path": "./Address",
      "to_class_or_interface_key": "a1224",
      "to_class_or_interface_name": "AddressBean",
      "to_method_key": null,
      "to_method_name": null,
      "data_clump_type": "fields_to_fields_data_clump",
      "data_clump_data": {
        "a688": {
          "key": "a688",
          "name": "city",
          "type": null,
          "probability": 1,
          "modifiers": [
            "public"
          ],
          "to_variable": {
            "key": "a1235",
            "name": "city",
            "type": null,
            "modifiers": [
              "public"
            ],
            "position": {}
          },
          "position": {}
        },
        "a691": {
          "key": "a691",
          "name": "state",
          "type": null,
          "probability": 1,
          "modifiers": [
            "public"
          ],
          "to_variable": {
            "key": "a1238",
            "name": "state",
            "type": null,
            "modifiers": [
              "public"
            ],
            "position": {}
          },
          "position": {}
        },
        "a694": {
          "key": "a694",
          "name": "zip",
          "type": null,
          "probability": 1,
          "modifiers": [
            "public"
          ],
          "to_variable": {
            "key": "a1241",
            "name": "zip",
            "type": null,
            "modifiers": [
              "public"
            ],
            "position": {}
          },
          "position": {}
        }
      }
    },
    "fields_to_fields_data_clump-./Category-a1798-a1409-namedescriptionimageURL": {
      "type": "data_clump",
      "key": "fields_to_fields_data_clump-./Category-a1798-a1409-namedescriptionimageURL",
      "probability": 1,
      "from_file_path": "./Category",
      "from_class_or_interface_name": "Category",
      "from_class_or_interface_key": "a1798",
      "from_method_name": null,
      "from_method_key": null,
      "to_file_path": "./Item",
      "to_class_or_interface_key": "a1409",
      "to_class_or_interface_name": "Category",
      "to_method_key": null,
      "to_method_name": null,
      "data_clump_type": "fields_to_fields_data_clump",
      "data_clump_data": {
        "a1803": {
          "key": "a1803",
          "name": "name",
          "type": null,
          "probability": 1,
          "modifiers": [
            "public"
          ],
          "to_variable": {
            "key": "a1417",
            "name": "name",
            "type": null,
            "modifiers": [
              "public"
            ],
            "position": {}
          },
          "position": {}
        },
        "a1806": {
          "key": "a1806",
          "name": "description",
          "type": null,
          "probability": 1,
          "modifiers": [
            "public"
          ],
          "to_variable": {
            "key": "a1420",
            "name": "description",
            "type": null,
            "modifiers": [
              "public"
            ],
            "position": {}
          },
          "position": {}
        },
        "a1809": {
          "key": "a1809",
          "name": "imageURL",
          "type": null,
          "probability": 1,
          "modifiers": [
            "public"
          ],
          "to_variable": {
            "key": "a1423",
            "name": "imageURL",
            "type": null,
            "modifiers": [
              "public"
            ],
            "position": {}
          },
          "position": {}
        }
      }
    },
    "fields_to_fields_data_clump-./Category-a1798-a2136-categoryIDnamedescriptionimageURL": {
      "type": "data_clump",
      "key": "fields_to_fields_data_clump-./Category-a1798-a2136-categoryIDnamedescriptionimageURL",
      "probability": 1,
      "from_file_path": "./Category",
      "from_class_or_interface_name": "Category",
      "from_class_or_interface_key": "a1798",
      "from_method_name": null,
      "from_method_key": null,
      "to_file_path": "./Product",
      "to_class_or_interface_key": "a2136",
      "to_class_or_interface_name": "Category",
      "to_method_key": null,
      "to_method_name": null,
      "data_clump_type": "fields_to_fields_data_clump",
      "data_clump_data": {
        "a1800": {
          "key": "a1800",
          "name": "categoryID",
          "type": null,
          "probability": 1,
          "modifiers": [
            "public"
          ],
          "to_variable": {
            "key": "a2141",
            "name": "categoryID",
            "type": null,
            "modifiers": [
              "public"
            ],
            "position": {}
          },
          "position": {}
        },
        "a1803": {
          "key": "a1803",
          "name": "name",
          "type": null,
          "probability": 1,
          "modifiers": [
            "public"
          ],
          "to_variable": {
            "key": "a2144",
            "name": "name",
            "type": null,
            "modifiers": [
              "public"
            ],
            "position": {}
          },
          "position": {}
        },
        "a1806": {
          "key": "a1806",
          "name": "description",
          "type": null,
          "probability": 1,
          "modifiers": [
            "public"
          ],
          "to_variable": {
            "key": "a2147",
            "name": "description",
            "type": null,
            "modifiers": [
              "public"
            ],
            "position": {}
          },
          "position": {}
        },
        "a1809": {
          "key": "a1809",
          "name": "imageURL",
          "type": null,
          "probability": 1,
          "modifiers": [
            "public"
          ],
          "to_variable": {
            "key": "a2150",
            "name": "imageURL",
            "type": null,
            "modifiers": [
              "public"
            ],
            "position": {}
          },
          "position": {}
        }
      }
    },
    "fields_to_fields_data_clump-./Item-a1409-a1798-namedescriptionimageURL": {
      "type": "data_clump",
      "key": "fields_to_fields_data_clump-./Item-a1409-a1798-namedescriptionimageURL",
      "probability": 1,
      "from_file_path": "./Item",
      "from_class_or_interface_name": "Item",
      "from_class_or_interface_key": "a1409",
      "from_method_name": null,
      "from_method_key": null,
      "to_file_path": "./Category",
      "to_class_or_interface_key": "a1798",
      "to_class_or_interface_name": "Item",
      "to_method_key": null,
      "to_method_name": null,
      "data_clump_type": "fields_to_fields_data_clump",
      "data_clump_data": {
        "a1417": {
          "key": "a1417",
          "name": "name",
          "type": null,
          "probability": 1,
          "modifiers": [
            "public"
          ],
          "to_variable": {
            "key": "a1803",
            "name": "name",
            "type": null,
            "modifiers": [
              "public"
            ],
            "position": {}
          },
          "position": {}
        },
        "a1420": {
          "key": "a1420",
          "name": "description",
          "type": null,
          "probability": 1,
          "modifiers": [
            "public"
          ],
          "to_variable": {
            "key": "a1806",
            "name": "description",
            "type": null,
            "modifiers": [
              "public"
            ],
            "position": {}
          },
          "position": {}
        },
        "a1423": {
          "key": "a1423",
          "name": "imageURL",
          "type": null,
          "probability": 1,
          "modifiers": [
            "public"
          ],
          "to_variable": {
            "key": "a1809",
            "name": "imageURL",
            "type": null,
            "modifiers": [
              "public"
            ],
            "position": {}
          },
          "position": {}
        }
      }
    },
    "fields_to_fields_data_clump-./Item-a1409-a2136-productIDnamedescriptionimageURL": {
      "type": "data_clump",
      "key": "fields_to_fields_data_clump-./Item-a1409-a2136-productIDnamedescriptionimageURL",
      "probability": 1,
      "from_file_path": "./Item",
      "from_class_or_interface_name": "Item",
      "from_class_or_interface_key": "a1409",
      "from_method_name": null,
      "from_method_key": null,
      "to_file_path": "./Product",
      "to_class_or_interface_key": "a2136",
      "to_class_or_interface_name": "Item",
      "to_method_key": null,
      "to_method_name": null,
      "data_clump_type": "fields_to_fields_data_clump",
      "data_clump_data": {
        "a1414": {
          "key": "a1414",
          "name": "productID",
          "type": null,
          "probability": 1,
          "modifiers": [
            "public"
          ],
          "to_variable": {
            "key": "a2138",
            "name": "productID",
            "type": null,
            "modifiers": [
              "public"
            ],
            "position": {}
          },
          "position": {}
        },
        "a1417": {
          "key": "a1417",
          "name": "name",
          "type": null,
          "probability": 1,
          "modifiers": [
            "public"
          ],
          "to_variable": {
            "key": "a2144",
            "name": "name",
            "type": null,
            "modifiers": [
              "public"
            ],
            "position": {}
          },
          "position": {}
        },
        "a1420": {
          "key": "a1420",
          "name": "description",
          "type": null,
          "probability": 1,
          "modifiers": [
            "public"
          ],
          "to_variable": {
            "key": "a2147",
            "name": "description",
            "type": null,
            "modifiers": [
              "public"
            ],
            "position": {}
          },
          "position": {}
        },
        "a1423": {
          "key": "a1423",
          "name": "imageURL",
          "type": null,
          "probability": 1,
          "modifiers": [
            "public"
          ],
          "to_variable": {
            "key": "a2150",
            "name": "imageURL",
            "type": null,
            "modifiers": [
              "public"
            ],
            "position": {}
          },
          "position": {}
        }
      }
    },
    "fields_to_fields_data_clump-./Product-a2136-a1798-categoryIDnamedescriptionimageURL": {
      "type": "data_clump",
      "key": "fields_to_fields_data_clump-./Product-a2136-a1798-categoryIDnamedescriptionimageURL",
      "probability": 1,
      "from_file_path": "./Product",
      "from_class_or_interface_name": "Product",
      "from_class_or_interface_key": "a2136",
      "from_method_name": null,
      "from_method_key": null,
      "to_file_path": "./Category",
      "to_class_or_interface_key": "a1798",
      "to_class_or_interface_name": "Product",
      "to_method_key": null,
      "to_method_name": null,
      "data_clump_type": "fields_to_fields_data_clump",
      "data_clump_data": {
        "a2141": {
          "key": "a2141",
          "name": "categoryID",
          "type": null,
          "probability": 1,
          "modifiers": [
            "public"
          ],
          "to_variable": {
            "key": "a1800",
            "name": "categoryID",
            "type": null,
            "modifiers": [
              "public"
            ],
            "position": {}
          },
          "position": {}
        },
        "a2144": {
          "key": "a2144",
          "name": "name",
          "type": null,
          "probability": 1,
          "modifiers": [
            "public"
          ],
          "to_variable": {
            "key": "a1803",
            "name": "name",
            "type": null,
            "modifiers": [
              "public"
            ],
            "position": {}
          },
          "position": {}
        },
        "a2147": {
          "key": "a2147",
          "name": "description",
          "type": null,
          "probability": 1,
          "modifiers": [
            "public"
          ],
          "to_variable": {
            "key": "a1806",
            "name": "description",
            "type": null,
            "modifiers": [
              "public"
            ],
            "position": {}
          },
          "position": {}
        },
        "a2150": {
          "key": "a2150",
          "name": "imageURL",
          "type": null,
          "probability": 1,
          "modifiers": [
            "public"
          ],
          "to_variable": {
            "key": "a1809",
            "name": "imageURL",
            "type": null,
            "modifiers": [
              "public"
            ],
            "position": {}
          },
          "position": {}
        }
      }
    },
    "fields_to_fields_data_clump-./Product-a2136-a1409-productIDnamedescriptionimageURL": {
      "type": "data_clump",
      "key": "fields_to_fields_data_clump-./Product-a2136-a1409-productIDnamedescriptionimageURL",
      "probability": 1,
      "from_file_path": "./Product",
      "from_class_or_interface_name": "Product",
      "from_class_or_interface_key": "a2136",
      "from_method_name": null,
      "from_method_key": null,
      "to_file_path": "./Item",
      "to_class_or_interface_key": "a1409",
      "to_class_or_interface_name": "Product",
      "to_method_key": null,
      "to_method_name": null,
      "data_clump_type": "fields_to_fields_data_clump",
      "data_clump_data": {
        "a2138": {
          "key": "a2138",
          "name": "productID",
          "type": null,
          "probability": 1,
          "modifiers": [
            "public"
          ],
          "to_variable": {
            "key": "a1414",
            "name": "productID",
            "type": null,
            "modifiers": [
              "public"
            ],
            "position": {}
          },
          "position": {}
        },
        "a2144": {
          "key": "a2144",
          "name": "name",
          "type": null,
          "probability": 1,
          "modifiers": [
            "public"
          ],
          "to_variable": {
            "key": "a1417",
            "name": "name",
            "type": null,
            "modifiers": [
              "public"
            ],
            "position": {}
          },
          "position": {}
        },
        "a2147": {
          "key": "a2147",
          "name": "description",
          "type": null,
          "probability": 1,
          "modifiers": [
            "public"
          ],
          "to_variable": {
            "key": "a1420",
            "name": "description",
            "type": null,
            "modifiers": [
              "public"
            ],
            "position": {}
          },
          "position": {}
        },
        "a2150": {
          "key": "a2150",
          "name": "imageURL",
          "type": null,
          "probability": 1,
          "modifiers": [
            "public"
          ],
          "to_variable": {
            "key": "a1423",
            "name": "imageURL",
            "type": null,
            "modifiers": [
              "public"
            ],
            "position": {}
          },
          "position": {}
        }
      }
    }
  }
}