{
  "report_version": "unknown",
  "report_timestamp": "2025-03-26T22:04:12.512Z",
  "target_language": "java",
  "report_summary": {
    "additional": null,
    "amount_classes_or_interfaces_with_data_clumps": 1,
    "amount_files_with_data_clumps": 2,
    "amount_methods_with_data_clumps": 1,
    "fields_to_fields_data_clump": 0,
    "parameters_to_fields_data_clump": 2,
    "parameters_to_parameters_data_clump": 0,
    "amount_data_clumps": 2
  },
  "project_info": {
    "project_url": "unknown_project_url",
    "project_name": "_-Z6QEP_XEeiXeeYJM_S16g",
    "project_version": "unknown_project_version",
    "project_commit_hash": "unknown",
    "project_tag": null,
    "project_commit_date": null,
    "additional": {},
    "number_of_files": 13,
    "number_of_classes_or_interfaces": 13,
    "number_of_methods": 47,
    "number_of_data_fields": 49,
    "number_of_method_parameters": 31
  },
  "detector": {
    "name": "data-clumps-doctor",
    "url": "https://github.com/NilsBaumgartner1994/data-clumps-doctor",
    "version": "0.1.100",
    "options": {
      "typeVariablesConsidered": false,
      "similarityModifierOfVariablesWithUnknownType": 0,
      "fieldsOfClassesWithUnknownHierarchyProbabilityModifier": 0,
      "sharedFieldsToFieldsAmountMinimum": 3,
      "analyseFieldsInClassesOrInterfacesInheritedFromSuperClassesOrInterfaces": false,
      "sharedParametersToParametersAmountMinimum": 3,
      "sharedParametersToFieldsAmountMinimum": 3,
      "methodsOfClassesOrInterfacesWithUnknownHierarchyProbabilityModifier": 0
    }
  },
  "data_clumps": {
    "parameters_to_fields_data_clump-./Menu-_-lUO1v_XEeiVJ-LgVHoDQQ-_-lTA-P_XEeiVJ-LgVHoDQQ-menuquantprice": {
      "type": "data_clump",
      "key": "parameters_to_fields_data_clump-./Menu-_-lUO1v_XEeiVJ-LgVHoDQQ-_-lTA-P_XEeiVJ-LgVHoDQQ-menuquantprice",
      "probability": 1,
      "from_file_path": "./Menu",
      "from_class_or_interface_name": "Menu",
      "from_class_or_interface_key": "_-lToKP_XEeiVJ-LgVHoDQQ",
      "from_method_name": "Menu",
      "from_method_key": "_-lUO1v_XEeiVJ-LgVHoDQQ",
      "to_file_path": "./MainPageController",
      "to_class_or_interface_name": "MainPageController",
      "to_class_or_interface_key": "_-lTA-P_XEeiVJ-LgVHoDQQ",
      "to_method_name": null,
      "to_method_key": null,
      "data_clump_type": "parameters_to_fields_data_clump",
      "data_clump_data": {
        "_-lUO1__XEeiVJ-LgVHoDQQ": {
          "key": "_-lUO1__XEeiVJ-LgVHoDQQ",
          "name": "menu",
          "type": null,
          "probability": 1,
          "modifiers": [],
          "to_variable": {
            "key": "_-lTA-f_XEeiVJ-LgVHoDQQ",
            "name": "menu",
            "type": null,
            "modifiers": [
              "package"
            ],
            "position": {}
          },
          "position": {}
        },
        "_-lUO2v_XEeiVJ-LgVHoDQQ": {
          "key": "_-lUO2v_XEeiVJ-LgVHoDQQ",
          "name": "quant",
          "type": null,
          "probability": 1,
          "modifiers": [],
          "to_variable": {
            "key": "_-lTA_P_XEeiVJ-LgVHoDQQ",
            "name": "quant",
            "type": null,
            "modifiers": [
              "package"
            ],
            "position": {}
          },
          "position": {}
        },
        "_-lUO3f_XEeiVJ-LgVHoDQQ": {
          "key": "_-lUO3f_XEeiVJ-LgVHoDQQ",
          "name": "price",
          "type": null,
          "probability": 1,
          "modifiers": [],
          "to_variable": {
            "key": "_-lTA___XEeiVJ-LgVHoDQQ",
            "name": "price",
            "type": null,
            "modifiers": [
              "package"
            ],
            "position": {}
          },
          "position": {}
        }
      }
    },
    "parameters_to_fields_data_clump-./Menu-_-lUO1v_XEeiVJ-LgVHoDQQ-_-lToKP_XEeiVJ-LgVHoDQQ-menuquantprice": {
      "type": "data_clump",
      "key": "parameters_to_fields_data_clump-./Menu-_-lUO1v_XEeiVJ-LgVHoDQQ-_-lToKP_XEeiVJ-LgVHoDQQ-menuquantprice",
      "probability": 1,
      "from_file_path": "./Menu",
      "from_class_or_interface_name": "Menu",
      "from_class_or_interface_key": "_-lToKP_XEeiVJ-LgVHoDQQ",
      "from_method_name": "Menu",
      "from_method_key": "_-lUO1v_XEeiVJ-LgVHoDQQ",
      "to_file_path": "./Menu",
      "to_class_or_interface_name": "Menu",
      "to_class_or_interface_key": "_-lToKP_XEeiVJ-LgVHoDQQ",
      "to_method_name": null,
      "to_method_key": null,
      "data_clump_type": "parameters_to_fields_data_clump",
      "data_clump_data": {
        "_-lUO1__XEeiVJ-LgVHoDQQ": {
          "key": "_-lUO1__XEeiVJ-LgVHoDQQ",
          "name": "menu",
          "type": null,
          "probability": 1,
          "modifiers": [],
          "to_variable": {
            "key": "_-lToKf_XEeiVJ-LgVHoDQQ",
            "name": "menu",
            "type": null,
            "modifiers": [
              "private"
            ],
            "position": {}
          },
          "position": {}
        },
        "_-lUO2v_XEeiVJ-LgVHoDQQ": {
          "key": "_-lUO2v_XEeiVJ-LgVHoDQQ",
          "name": "quant",
          "type": null,
          "probability": 1,
          "modifiers": [],
          "to_variable": {
            "key": "_-lToLP_XEeiVJ-LgVHoDQQ",
            "name": "quant",
            "type": null,
            "modifiers": [
              "private"
            ],
            "position": {}
          },
          "position": {}
        },
        "_-lUO3f_XEeiVJ-LgVHoDQQ": {
          "key": "_-lUO3f_XEeiVJ-LgVHoDQQ",
          "name": "price",
          "type": null,
          "probability": 1,
          "modifiers": [],
          "to_variable": {
            "key": "_-lUO0P_XEeiVJ-LgVHoDQQ",
            "name": "price",
            "type": null,
            "modifiers": [
              "private"
            ],
            "position": {}
          },
          "position": {}
        }
      }
    }
  }
}