{
  "report_version": "^0.1.102",
  "report_timestamp": "2025-04-02T19:37:06.489Z",
  "target_language": "java",
  "report_summary": {
    "additional": {
      "timer_information": {
        "ast_generation_time_ms": 1828,
        "detection_time_ms": 2,
        "machine_information": {
          "os": "Linux",
          "os_release": "5.10.0-34-cloud-amd64",
          "os_platform": "linux",
          "os_arch": "x64",
          "os_uptime": 1931541.03,
          "os_memory_free": 56065277952,
          "os_memory_total": 63183245312,
          "os_cpu_cores": 16,
          "os_cpu_model": "AMD EPYC-Milan Processor",
          "os_cpu_speed": 1996
        }
      }
    },
    "amount_classes_or_interfaces_with_data_clumps": 2,
    "amount_files_with_data_clumps": 2,
    "amount_methods_with_data_clumps": 4,
    "fields_to_fields_data_clump": 0,
    "parameters_to_fields_data_clump": 0,
    "parameters_to_parameters_data_clump": 4,
    "amount_data_clumps": 4
  },
  "project_info": {
    "project_url": "https://github.com/neo4j/neo4j",
    "project_name": "neo4j",
    "project_version": "7d3e1f543b0531f9ba987a0e50bfee77236da61a",
    "project_commit_hash": "7d3e1f543b0531f9ba987a0e50bfee77236da61a",
    "project_tag": "1.6.1.RC2",
    "project_commit_date": "1328120161",
    "additional": {},
    "number_of_files": 44,
    "number_of_classes_or_interfaces": 56,
    "number_of_methods": 237,
    "number_of_data_fields": 72,
    "number_of_method_parameters": 135
  },
  "detector": {
    "name": "data-clumps-doctor",
    "url": "https://github.com/NilsBaumgartner1994/data-clumps-doctor",
    "version": "0.1.100",
    "options": {
      "fastDetection": true,
      "typeVariablesConsidered": false,
      "similarityModifierOfVariablesWithUnknownType": 0,
      "fieldsOfClassesWithUnknownHierarchyProbabilityModifier": 0,
      "sharedFieldsToFieldsAmountMinimum": 3,
      "analyseFieldsInClassesOrInterfacesInheritedFromSuperClassesOrInterfaces": false,
      "sharedParametersToParametersAmountMinimum": 3,
      "sharedParametersToFieldsAmountMinimum": 3,
      "methodsOfClassesOrInterfacesWithUnknownHierarchyProbabilityModifier": 0
    }
  },
  "data_clumps": {
    "parameters_to_parameters_data_clump-advanced/management/src/main/java/org/neo4j/management/impl/BeanProxy.java-org.neo4j.management.impl.BeanProxy/method/makeProxy(javax.management.MBeanServerConnection mbs, java.lang.Class<T> beanInterface, javax.management.ObjectName name)-org.neo4j.management.impl.BeanProxy/method/load(javax.management.MBeanServerConnection mbs, java.lang.Class<T> beanInterface, javax.management.ObjectName name)-mbsbeanInterfacename": {
      "type": "data_clump",
      "key": "parameters_to_parameters_data_clump-advanced/management/src/main/java/org/neo4j/management/impl/BeanProxy.java-org.neo4j.management.impl.BeanProxy/method/makeProxy(javax.management.MBeanServerConnection mbs, java.lang.Class<T> beanInterface, javax.management.ObjectName name)-org.neo4j.management.impl.BeanProxy/method/load(javax.management.MBeanServerConnection mbs, java.lang.Class<T> beanInterface, javax.management.ObjectName name)-mbsbeanInterfacename",
      "probability": 1,
      "from_file_path": "advanced/management/src/main/java/org/neo4j/management/impl/BeanProxy.java",
      "from_class_or_interface_name": "BeanProxy",
      "from_class_or_interface_key": "org.neo4j.management.impl.BeanProxy",
      "from_method_name": "makeProxy",
      "from_method_key": "org.neo4j.management.impl.BeanProxy/method/makeProxy(javax.management.MBeanServerConnection mbs, java.lang.Class<T> beanInterface, javax.management.ObjectName name)",
      "to_file_path": "advanced/management/src/main/java/org/neo4j/management/impl/BeanProxy.java",
      "to_class_or_interface_name": "BeanProxy",
      "to_class_or_interface_key": "org.neo4j.management.impl.BeanProxy",
      "to_method_name": "load",
      "to_method_key": "org.neo4j.management.impl.BeanProxy/method/load(javax.management.MBeanServerConnection mbs, java.lang.Class<T> beanInterface, javax.management.ObjectName name)",
      "data_clump_type": "parameters_to_parameters_data_clump",
      "data_clump_data": {
        "org.neo4j.management.impl.BeanProxy/method/makeProxy(javax.management.MBeanServerConnection mbs, java.lang.Class<T> beanInterface, javax.management.ObjectName name)/parameter/mbs": {
          "key": "org.neo4j.management.impl.BeanProxy/method/makeProxy(javax.management.MBeanServerConnection mbs, java.lang.Class<T> beanInterface, javax.management.ObjectName name)/parameter/mbs",
          "name": "mbs",
          "type": "javax.management.MBeanServerConnection",
          "probability": 1,
          "modifiers": [],
          "to_variable": {
            "key": "org.neo4j.management.impl.BeanProxy/method/load(javax.management.MBeanServerConnection mbs, java.lang.Class<T> beanInterface, javax.management.ObjectName name)/parameter/mbs",
            "name": "mbs",
            "type": "javax.management.MBeanServerConnection",
            "modifiers": [],
            "position": {
              "startLine": 41,
              "startColumn": 53,
              "endLine": 41,
              "endColumn": 56
            }
          },
          "position": {
            "startLine": 68,
            "startColumn": 53,
            "endLine": 68,
            "endColumn": 56
          }
        },
        "org.neo4j.management.impl.BeanProxy/method/makeProxy(javax.management.MBeanServerConnection mbs, java.lang.Class<T> beanInterface, javax.management.ObjectName name)/parameter/beanInterface": {
          "key": "org.neo4j.management.impl.BeanProxy/method/makeProxy(javax.management.MBeanServerConnection mbs, java.lang.Class<T> beanInterface, javax.management.ObjectName name)/parameter/beanInterface",
          "name": "beanInterface",
          "type": "java.lang.Class<T>",
          "probability": 1,
          "modifiers": [],
          "to_variable": {
            "key": "org.neo4j.management.impl.BeanProxy/method/load(javax.management.MBeanServerConnection mbs, java.lang.Class<T> beanInterface, javax.management.ObjectName name)/parameter/beanInterface",
            "name": "beanInterface",
            "type": "java.lang.Class<T>",
            "modifiers": [],
            "position": {
              "startLine": 41,
              "startColumn": 67,
              "endLine": 41,
              "endColumn": 80
            }
          },
          "position": {
            "startLine": 68,
            "startColumn": 67,
            "endLine": 68,
            "endColumn": 80
          }
        },
        "org.neo4j.management.impl.BeanProxy/method/makeProxy(javax.management.MBeanServerConnection mbs, java.lang.Class<T> beanInterface, javax.management.ObjectName name)/parameter/name": {
          "key": "org.neo4j.management.impl.BeanProxy/method/makeProxy(javax.management.MBeanServerConnection mbs, java.lang.Class<T> beanInterface, javax.management.ObjectName name)/parameter/name",
          "name": "name",
          "type": "javax.management.ObjectName",
          "probability": 1,
          "modifiers": [],
          "to_variable": {
            "key": "org.neo4j.management.impl.BeanProxy/method/load(javax.management.MBeanServerConnection mbs, java.lang.Class<T> beanInterface, javax.management.ObjectName name)/parameter/name",
            "name": "name",
            "type": "javax.management.ObjectName",
            "modifiers": [],
            "position": {
              "startLine": 41,
              "startColumn": 93,
              "endLine": 41,
              "endColumn": 97
            }
          },
          "position": {
            "startLine": 68,
            "startColumn": 93,
            "endLine": 68,
            "endColumn": 97
          }
        }
      }
    },
    "parameters_to_parameters_data_clump-advanced/management/src/main/java/org/neo4j/management/impl/BeanProxy.java-org.neo4j.management.impl.BeanProxy/method/load(javax.management.MBeanServerConnection mbs, java.lang.Class<T> beanInterface, javax.management.ObjectName name)-org.neo4j.management.impl.BeanProxy/method/makeProxy(javax.management.MBeanServerConnection mbs, java.lang.Class<T> beanInterface, javax.management.ObjectName name)-mbsbeanInterfacename": {
      "type": "data_clump",
      "key": "parameters_to_parameters_data_clump-advanced/management/src/main/java/org/neo4j/management/impl/BeanProxy.java-org.neo4j.management.impl.BeanProxy/method/load(javax.management.MBeanServerConnection mbs, java.lang.Class<T> beanInterface, javax.management.ObjectName name)-org.neo4j.management.impl.BeanProxy/method/makeProxy(javax.management.MBeanServerConnection mbs, java.lang.Class<T> beanInterface, javax.management.ObjectName name)-mbsbeanInterfacename",
      "probability": 1,
      "from_file_path": "advanced/management/src/main/java/org/neo4j/management/impl/BeanProxy.java",
      "from_class_or_interface_name": "BeanProxy",
      "from_class_or_interface_key": "org.neo4j.management.impl.BeanProxy",
      "from_method_name": "load",
      "from_method_key": "org.neo4j.management.impl.BeanProxy/method/load(javax.management.MBeanServerConnection mbs, java.lang.Class<T> beanInterface, javax.management.ObjectName name)",
      "to_file_path": "advanced/management/src/main/java/org/neo4j/management/impl/BeanProxy.java",
      "to_class_or_interface_name": "BeanProxy",
      "to_class_or_interface_key": "org.neo4j.management.impl.BeanProxy",
      "to_method_name": "makeProxy",
      "to_method_key": "org.neo4j.management.impl.BeanProxy/method/makeProxy(javax.management.MBeanServerConnection mbs, java.lang.Class<T> beanInterface, javax.management.ObjectName name)",
      "data_clump_type": "parameters_to_parameters_data_clump",
      "data_clump_data": {
        "org.neo4j.management.impl.BeanProxy/method/load(javax.management.MBeanServerConnection mbs, java.lang.Class<T> beanInterface, javax.management.ObjectName name)/parameter/mbs": {
          "key": "org.neo4j.management.impl.BeanProxy/method/load(javax.management.MBeanServerConnection mbs, java.lang.Class<T> beanInterface, javax.management.ObjectName name)/parameter/mbs",
          "name": "mbs",
          "type": "javax.management.MBeanServerConnection",
          "probability": 1,
          "modifiers": [],
          "to_variable": {
            "key": "org.neo4j.management.impl.BeanProxy/method/makeProxy(javax.management.MBeanServerConnection mbs, java.lang.Class<T> beanInterface, javax.management.ObjectName name)/parameter/mbs",
            "name": "mbs",
            "type": "javax.management.MBeanServerConnection",
            "modifiers": [],
            "position": {
              "startLine": 68,
              "startColumn": 53,
              "endLine": 68,
              "endColumn": 56
            }
          },
          "position": {
            "startLine": 41,
            "startColumn": 53,
            "endLine": 41,
            "endColumn": 56
          }
        },
        "org.neo4j.management.impl.BeanProxy/method/load(javax.management.MBeanServerConnection mbs, java.lang.Class<T> beanInterface, javax.management.ObjectName name)/parameter/beanInterface": {
          "key": "org.neo4j.management.impl.BeanProxy/method/load(javax.management.MBeanServerConnection mbs, java.lang.Class<T> beanInterface, javax.management.ObjectName name)/parameter/beanInterface",
          "name": "beanInterface",
          "type": "java.lang.Class<T>",
          "probability": 1,
          "modifiers": [],
          "to_variable": {
            "key": "org.neo4j.management.impl.BeanProxy/method/makeProxy(javax.management.MBeanServerConnection mbs, java.lang.Class<T> beanInterface, javax.management.ObjectName name)/parameter/beanInterface",
            "name": "beanInterface",
            "type": "java.lang.Class<T>",
            "modifiers": [],
            "position": {
              "startLine": 68,
              "startColumn": 67,
              "endLine": 68,
              "endColumn": 80
            }
          },
          "position": {
            "startLine": 41,
            "startColumn": 67,
            "endLine": 41,
            "endColumn": 80
          }
        },
        "org.neo4j.management.impl.BeanProxy/method/load(javax.management.MBeanServerConnection mbs, java.lang.Class<T> beanInterface, javax.management.ObjectName name)/parameter/name": {
          "key": "org.neo4j.management.impl.BeanProxy/method/load(javax.management.MBeanServerConnection mbs, java.lang.Class<T> beanInterface, javax.management.ObjectName name)/parameter/name",
          "name": "name",
          "type": "javax.management.ObjectName",
          "probability": 1,
          "modifiers": [],
          "to_variable": {
            "key": "org.neo4j.management.impl.BeanProxy/method/makeProxy(javax.management.MBeanServerConnection mbs, java.lang.Class<T> beanInterface, javax.management.ObjectName name)/parameter/name",
            "name": "name",
            "type": "javax.management.ObjectName",
            "modifiers": [],
            "position": {
              "startLine": 68,
              "startColumn": 93,
              "endLine": 68,
              "endColumn": 97
            }
          },
          "position": {
            "startLine": 41,
            "startColumn": 93,
            "endLine": 41,
            "endColumn": 97
          }
        }
      }
    },
    "parameters_to_parameters_data_clump-advanced/management/src/main/java/org/neo4j/management/impl/KernelProxy.java-org.neo4j.management.impl.KernelProxy/method/createObjectName(java.lang.String kernelIdentifier, java.lang.String beanName, java.lang.String[] extraNaming)-org.neo4j.management.impl.KernelProxy/method/createObjectNameQuery(java.lang.String kernelIdentifier, java.lang.String beanName, java.lang.String[] extraNaming)-kernelIdentifierbeanNameextraNaming": {
      "type": "data_clump",
      "key": "parameters_to_parameters_data_clump-advanced/management/src/main/java/org/neo4j/management/impl/KernelProxy.java-org.neo4j.management.impl.KernelProxy/method/createObjectName(java.lang.String kernelIdentifier, java.lang.String beanName, java.lang.String[] extraNaming)-org.neo4j.management.impl.KernelProxy/method/createObjectNameQuery(java.lang.String kernelIdentifier, java.lang.String beanName, java.lang.String[] extraNaming)-kernelIdentifierbeanNameextraNaming",
      "probability": 1,
      "from_file_path": "advanced/management/src/main/java/org/neo4j/management/impl/KernelProxy.java",
      "from_class_or_interface_name": "KernelProxy",
      "from_class_or_interface_key": "org.neo4j.management.impl.KernelProxy",
      "from_method_name": "createObjectName",
      "from_method_key": "org.neo4j.management.impl.KernelProxy/method/createObjectName(java.lang.String kernelIdentifier, java.lang.String beanName, java.lang.String[] extraNaming)",
      "to_file_path": "advanced/management/src/main/java/org/neo4j/management/impl/KernelProxy.java",
      "to_class_or_interface_name": "KernelProxy",
      "to_class_or_interface_key": "org.neo4j.management.impl.KernelProxy",
      "to_method_name": "createObjectNameQuery",
      "to_method_key": "org.neo4j.management.impl.KernelProxy/method/createObjectNameQuery(java.lang.String kernelIdentifier, java.lang.String beanName, java.lang.String[] extraNaming)",
      "data_clump_type": "parameters_to_parameters_data_clump",
      "data_clump_data": {
        "org.neo4j.management.impl.KernelProxy/method/createObjectName(java.lang.String kernelIdentifier, java.lang.String beanName, java.lang.String[] extraNaming)/parameter/kernelIdentifier": {
          "key": "org.neo4j.management.impl.KernelProxy/method/createObjectName(java.lang.String kernelIdentifier, java.lang.String beanName, java.lang.String[] extraNaming)/parameter/kernelIdentifier",
          "name": "kernelIdentifier",
          "type": "java.lang.String",
          "probability": 1,
          "modifiers": [],
          "to_variable": {
            "key": "org.neo4j.management.impl.KernelProxy/method/createObjectNameQuery(java.lang.String kernelIdentifier, java.lang.String beanName, java.lang.String[] extraNaming)/parameter/kernelIdentifier",
            "name": "kernelIdentifier",
            "type": "java.lang.String",
            "modifiers": [],
            "position": {
              "startLine": 184,
              "startColumn": 53,
              "endLine": 184,
              "endColumn": 69
            }
          },
          "position": {
            "startLine": 177,
            "startColumn": 58,
            "endLine": 177,
            "endColumn": 74
          }
        },
        "org.neo4j.management.impl.KernelProxy/method/createObjectName(java.lang.String kernelIdentifier, java.lang.String beanName, java.lang.String[] extraNaming)/parameter/beanName": {
          "key": "org.neo4j.management.impl.KernelProxy/method/createObjectName(java.lang.String kernelIdentifier, java.lang.String beanName, java.lang.String[] extraNaming)/parameter/beanName",
          "name": "beanName",
          "type": "java.lang.String",
          "probability": 1,
          "modifiers": [],
          "to_variable": {
            "key": "org.neo4j.management.impl.KernelProxy/method/createObjectNameQuery(java.lang.String kernelIdentifier, java.lang.String beanName, java.lang.String[] extraNaming)/parameter/beanName",
            "name": "beanName",
            "type": "java.lang.String",
            "modifiers": [],
            "position": {
              "startLine": 184,
              "startColumn": 78,
              "endLine": 184,
              "endColumn": 86
            }
          },
          "position": {
            "startLine": 177,
            "startColumn": 83,
            "endLine": 177,
            "endColumn": 91
          }
        },
        "org.neo4j.management.impl.KernelProxy/method/createObjectName(java.lang.String kernelIdentifier, java.lang.String beanName, java.lang.String[] extraNaming)/parameter/extraNaming": {
          "key": "org.neo4j.management.impl.KernelProxy/method/createObjectName(java.lang.String kernelIdentifier, java.lang.String beanName, java.lang.String[] extraNaming)/parameter/extraNaming",
          "name": "extraNaming",
          "type": "java.lang.String[]",
          "probability": 1,
          "modifiers": [],
          "to_variable": {
            "key": "org.neo4j.management.impl.KernelProxy/method/createObjectNameQuery(java.lang.String kernelIdentifier, java.lang.String beanName, java.lang.String[] extraNaming)/parameter/extraNaming",
            "name": "extraNaming",
            "type": "java.lang.String[]",
            "modifiers": [],
            "position": {
              "startLine": 184,
              "startColumn": 98,
              "endLine": 184,
              "endColumn": 109
            }
          },
          "position": {
            "startLine": 177,
            "startColumn": 103,
            "endLine": 177,
            "endColumn": 114
          }
        }
      }
    },
    "parameters_to_parameters_data_clump-advanced/management/src/main/java/org/neo4j/management/impl/KernelProxy.java-org.neo4j.management.impl.KernelProxy/method/createObjectNameQuery(java.lang.String kernelIdentifier, java.lang.String beanName, java.lang.String[] extraNaming)-org.neo4j.management.impl.KernelProxy/method/createObjectName(java.lang.String kernelIdentifier, java.lang.String beanName, java.lang.String[] extraNaming)-kernelIdentifierbeanNameextraNaming": {
      "type": "data_clump",
      "key": "parameters_to_parameters_data_clump-advanced/management/src/main/java/org/neo4j/management/impl/KernelProxy.java-org.neo4j.management.impl.KernelProxy/method/createObjectNameQuery(java.lang.String kernelIdentifier, java.lang.String beanName, java.lang.String[] extraNaming)-org.neo4j.management.impl.KernelProxy/method/createObjectName(java.lang.String kernelIdentifier, java.lang.String beanName, java.lang.String[] extraNaming)-kernelIdentifierbeanNameextraNaming",
      "probability": 1,
      "from_file_path": "advanced/management/src/main/java/org/neo4j/management/impl/KernelProxy.java",
      "from_class_or_interface_name": "KernelProxy",
      "from_class_or_interface_key": "org.neo4j.management.impl.KernelProxy",
      "from_method_name": "createObjectNameQuery",
      "from_method_key": "org.neo4j.management.impl.KernelProxy/method/createObjectNameQuery(java.lang.String kernelIdentifier, java.lang.String beanName, java.lang.String[] extraNaming)",
      "to_file_path": "advanced/management/src/main/java/org/neo4j/management/impl/KernelProxy.java",
      "to_class_or_interface_name": "KernelProxy",
      "to_class_or_interface_key": "org.neo4j.management.impl.KernelProxy",
      "to_method_name": "createObjectName",
      "to_method_key": "org.neo4j.management.impl.KernelProxy/method/createObjectName(java.lang.String kernelIdentifier, java.lang.String beanName, java.lang.String[] extraNaming)",
      "data_clump_type": "parameters_to_parameters_data_clump",
      "data_clump_data": {
        "org.neo4j.management.impl.KernelProxy/method/createObjectNameQuery(java.lang.String kernelIdentifier, java.lang.String beanName, java.lang.String[] extraNaming)/parameter/kernelIdentifier": {
          "key": "org.neo4j.management.impl.KernelProxy/method/createObjectNameQuery(java.lang.String kernelIdentifier, java.lang.String beanName, java.lang.String[] extraNaming)/parameter/kernelIdentifier",
          "name": "kernelIdentifier",
          "type": "java.lang.String",
          "probability": 1,
          "modifiers": [],
          "to_variable": {
            "key": "org.neo4j.management.impl.KernelProxy/method/createObjectName(java.lang.String kernelIdentifier, java.lang.String beanName, java.lang.String[] extraNaming)/parameter/kernelIdentifier",
            "name": "kernelIdentifier",
            "type": "java.lang.String",
            "modifiers": [],
            "position": {
              "startLine": 177,
              "startColumn": 58,
              "endLine": 177,
              "endColumn": 74
            }
          },
          "position": {
            "startLine": 184,
            "startColumn": 53,
            "endLine": 184,
            "endColumn": 69
          }
        },
        "org.neo4j.management.impl.KernelProxy/method/createObjectNameQuery(java.lang.String kernelIdentifier, java.lang.String beanName, java.lang.String[] extraNaming)/parameter/beanName": {
          "key": "org.neo4j.management.impl.KernelProxy/method/createObjectNameQuery(java.lang.String kernelIdentifier, java.lang.String beanName, java.lang.String[] extraNaming)/parameter/beanName",
          "name": "beanName",
          "type": "java.lang.String",
          "probability": 1,
          "modifiers": [],
          "to_variable": {
            "key": "org.neo4j.management.impl.KernelProxy/method/createObjectName(java.lang.String kernelIdentifier, java.lang.String beanName, java.lang.String[] extraNaming)/parameter/beanName",
            "name": "beanName",
            "type": "java.lang.String",
            "modifiers": [],
            "position": {
              "startLine": 177,
              "startColumn": 83,
              "endLine": 177,
              "endColumn": 91
            }
          },
          "position": {
            "startLine": 184,
            "startColumn": 78,
            "endLine": 184,
            "endColumn": 86
          }
        },
        "org.neo4j.management.impl.KernelProxy/method/createObjectNameQuery(java.lang.String kernelIdentifier, java.lang.String beanName, java.lang.String[] extraNaming)/parameter/extraNaming": {
          "key": "org.neo4j.management.impl.KernelProxy/method/createObjectNameQuery(java.lang.String kernelIdentifier, java.lang.String beanName, java.lang.String[] extraNaming)/parameter/extraNaming",
          "name": "extraNaming",
          "type": "java.lang.String[]",
          "probability": 1,
          "modifiers": [],
          "to_variable": {
            "key": "org.neo4j.management.impl.KernelProxy/method/createObjectName(java.lang.String kernelIdentifier, java.lang.String beanName, java.lang.String[] extraNaming)/parameter/extraNaming",
            "name": "extraNaming",
            "type": "java.lang.String[]",
            "modifiers": [],
            "position": {
              "startLine": 177,
              "startColumn": 103,
              "endLine": 177,
              "endColumn": 114
            }
          },
          "position": {
            "startLine": 184,
            "startColumn": 98,
            "endLine": 184,
            "endColumn": 109
          }
        }
      }
    }
  }
}